intersection_key,road_key,survey_month,time_key,ก่อนโควิด,โควิด,หลังโควิด
BRTสถานีสาทร,นราธิวาสราชนครินทร์,4,07:00-09:00,0,0,1
BRTสถานีสาทร,นราธิวาสราชนครินทร์,4,09:00-17:00,0,0,1
BRTสถานีสาทร,นราธิวาสราชนครินทร์,4,17:00-19:00,0,0,1
YMCA,ศาลาแดง,3,07:00-09:00,1,0,0
YMCA,ศาลาแดง,3,09:00-16:00,1,0,0
YMCA,ศาลาแดง,3,16:00-19:00,1,0,0
YMCA,สาทร,3,07:00-09:00,1,0,0
YMCA,สาทร,3,09:00-16:00,1,0,0
YMCA,สาทร,3,16:00-19:00,1,0,0
ก.ม.8,ซอยรามอินทรา73,4,07:00-09:00,1,0,0
ก.ม.8,ซอยรามอินทรา73,4,09:00-16:00,1,0,0
ก.ม.8,ซอยรามอินทรา73,4,16:00-19:00,1,0,0
ก.ม.8,ซอยรามอินทรา73,12,07:00-09:00,1,0,0
ก.ม.8,ซอยรามอินทรา73,12,09:00-16:00,1,0,0
ก.ม.8,ซอยรามอินทรา73,12,16:00-19:00,1,0,0
ก.ม.8,นวมินทร์,4,07:00-09:00,1,0,0
ก.ม.8,นวมินทร์,4,09:00-16:00,1,0,0
ก.ม.8,นวมินทร์,4,16:00-19:00,1,0,0
ก.ม.8,นวมินทร์,12,07:00-09:00,1,0,0
ก.ม.8,นวมินทร์,12,09:00-16:00,1,0,0
ก.ม.8,นวมินทร์,12,16:00-19:00,1,0,0
ก.ม.8,รามอินทรา,4,07:00-09:00,1,0,0
ก.ม.8,รามอินทรา,4,09:00-16:00,1,0,0
ก.ม.8,รามอินทรา,4,16:00-19:00,1,0,0
ก.ม.8,รามอินทรา,12,07:00-09:00,1,0,0
ก.ม.8,รามอินทรา,12,09:00-16:00,1,0,0
ก.ม.8,รามอินทรา,12,16:00-19:00,1,0,0
กทม.1,ดินสอ,12,07:00-09:00,0,0,1
กทม.1,ดินสอ,12,09:00-16:00,0,0,1
กทม.1,ดินสอ,12,16:00-19:00,0,0,1
กทม.1,มหรรณพ,12,07:00-09:00,0,0,1
กทม.1,มหรรณพ,12,09:00-16:00,0,0,1
กทม.1,มหรรณพ,12,16:00-19:00,0,0,1
กม.8,นวมินทร์,3,07:00-09:00,0,0,1
กม.8,นวมินทร์,3,09:00-17:00,0,0,1
กม.8,นวมินทร์,3,17:00-19:00,0,0,1
กม.8,นวมินทร์,4,07:00-09:00,0,0,1
กม.8,นวมินทร์,4,09:00-16:00,0,0,1
กม.8,นวมินทร์,4,16:00-19:00,0,0,1
กม.8,รามอินทรา,3,07:00-09:00,0,0,1
กม.8,รามอินทรา,3,09:00-17:00,0,0,1
กม.8,รามอินทรา,3,17:00-19:00,0,0,1
กม.8,รามอินทรา,4,07:00-09:00,0,0,1
กม.8,รามอินทรา,4,09:00-16:00,0,0,1
กม.8,รามอินทรา,4,16:00-19:00,0,0,1
กม.8,รามอินทรา73,3,07:00-09:00,0,0,1
กม.8,รามอินทรา73,3,09:00-17:00,0,0,1
กม.8,รามอินทรา73,3,17:00-19:00,0,0,1
กม.8,รามอินทรา73,4,07:00-09:00,0,0,1
กม.8,รามอินทรา73,4,09:00-16:00,0,0,1
กม.8,รามอินทรา73,4,16:00-19:00,0,0,1
กรมพลาธกิารทหารอากาศ,ซอยพลโยธนิ54/1,8,07:00-09:00,0,1,0
กรมพลาธกิารทหารอากาศ,ซอยพลโยธนิ54/1,8,09:00-16:00,0,1,0
กรมพลาธกิารทหารอากาศ,ซอยพลโยธนิ54/1,8,16:00-19:00,0,1,0
กรมพลาธกิารทหารอากาศ,ทางเข้าพลาธิการทอ.,8,07:00-09:00,0,1,0
กรมพลาธกิารทหารอากาศ,ทางเข้าพลาธิการทอ.,8,09:00-16:00,0,1,0
กรมพลาธกิารทหารอากาศ,ทางเข้าพลาธิการทอ.,8,16:00-19:00,0,1,0
กรมพลาธกิารทหารอากาศ,พหลโยธิน,8,07:00-09:00,0,1,0
กรมพลาธกิารทหารอากาศ,พหลโยธิน,8,09:00-16:00,0,1,0
กรมพลาธกิารทหารอากาศ,พหลโยธิน,8,16:00-19:00,0,1,0
กรมพลาธิการทหารอากาศ,ซอยพลโยธิน54/1,9,07:00-09:00,0,1,0
กรมพลาธิการทหารอากาศ,ซอยพลโยธิน54/2,9,09:00-16:00,0,1,0
กรมพลาธิการทหารอากาศ,ซอยพลโยธิน54/3,9,16:00-19:00,0,1,0
กรมพลาธิการทหารอากาศ,ทางเข้ากรมพลาธิการฯ,12,07:00-09:00,0,0,1
กรมพลาธิการทหารอากาศ,ทางเข้ากรมพลาธิการฯ,12,09:00-17:00,0,0,1
กรมพลาธิการทหารอากาศ,ทางเข้ากรมพลาธิการฯ,12,17:00-19:00,0,0,1
กรมพลาธิการทหารอากาศ,ทางเข้าพลาธิการทอ.,9,07:00-09:00,0,1,0
กรมพลาธิการทหารอากาศ,ทางเข้าพลาธิการทอ.,9,09:00-16:00,0,1,0
กรมพลาธิการทหารอากาศ,ทางเข้าพลาธิการทอ.,9,16:00-19:00,0,1,0
กรมพลาธิการทหารอากาศ,พหลโยธิน,9,07:00-09:00,0,1,0
กรมพลาธิการทหารอากาศ,พหลโยธิน,9,09:00-16:00,0,1,0
กรมพลาธิการทหารอากาศ,พหลโยธิน,9,16:00-19:00,0,1,0
กรมพลาธิการทหารอากาศ,พหลโยธิน,12,09:00-17:00,0,0,1
กรมพลาธิการทหารอากาศ,พหลโยธิน,12,17:00-19:00,0,0,1
กรมพลาธิการทหารอากาศ,พหลโยธิน54/1,12,07:00-09:00,0,0,1
กรมพลาธิการทหารอากาศ,พหลโยธิน54/1,12,09:00-17:00,0,0,1
กรมพลาธิการทหารอากาศ,พหลโยธิน54/1,12,17:00-19:00,0,0,1
กรมศุลกากร,สุนทรโกษา,4,07:00-09:00,1,0,0
กรมศุลกากร,สุนทรโกษา,4,09:00-16:00,1,0,0
กรมศุลกากร,สุนทรโกษา,4,16:00-19:00,1,0,0
กรมศุลกากร,สุนทรโกษา,8,06:30-09:00,1,0,0
กรมศุลกากร,สุนทรโกษา,8,09:00-16:00,1,0,0
กรมศุลกากร,สุนทรโกษา,8,16:00-19:30,1,0,0
กรมศุลกากร,สุนทรโกษา,12,07:00-09:00,0,1,0
กรมศุลกากร,สุนทรโกษา,12,09:00-16:00,0,1,0
กรมศุลกากร,สุนทรโกษา,12,16:00-19:00,0,1,0
กรมศุลกากร,อาจณรงค์,4,07:00-09:00,1,0,0
กรมศุลกากร,อาจณรงค์,4,09:00-16:00,1,0,0
กรมศุลกากร,อาจณรงค์,4,16:00-19:00,1,0,0
กรมศุลกากร,อาจณรงค์,8,07:00-09:00,1,0,0
กรมศุลกากร,อาจณรงค์,8,09:00-16:00,1,0,0
กรมศุลกากร,อาจณรงค์,8,16:00-19:00,1,0,0
กรมศุลกากร,อาจณรงค์,12,07:00-09:00,0,1,0
กรมศุลกากร,อาจณรงค์,12,09:00-16:00,0,1,0
กรมศุลกากร,อาจณรงค์,12,16:00-19:00,0,1,0
กรมศุลกากร,เกษมราษฎร์,4,07:00-09:00,1,0,0
กรมศุลกากร,เกษมราษฎร์,4,09:00-16:00,1,0,0
กรมศุลกากร,เกษมราษฎร์,4,16:00-19:00,1,0,0
กรมศุลกากร,เกษมราษฎร์,8,06:30-09:00,1,0,0
กรมศุลกากร,เกษมราษฎร์,8,09:00-16:00,1,0,0
กรมศุลกากร,เกษมราษฎร์,8,16:00-19:30,1,0,0
กรมศุลกากร,เกษมราษฎร์,12,07:00-09:00,0,1,0
กรมศุลกากร,เกษมราษฎร์,12,09:00-16:00,0,1,0
กรมศุลกากร,เกษมราษฎร์,12,16:00-19:00,0,1,0
กระทรวงแรงงาน,มิตรไมตรี,7,07:00-09:00,1,0,0
กระทรวงแรงงาน,มิตรไมตรี,7,09:00-16:00,1,0,0
กระทรวงแรงงาน,มิตรไมตรี,7,16:00-19:00,1,0,0
กระทรวงแรงงาน,มิตรไมตรี1,7,07:00-09:00,1,0,0
กระทรวงแรงงาน,มิตรไมตรี1,7,09:00-16:00,1,0,0
กระทรวงแรงงาน,มิตรไมตรี1,7,16:00-19:00,1,0,0
กรุงธนบุรี,กรุงธนบุรี,2,07:00-09:00,0,0,1
กรุงธนบุรี,กรุงธนบุรี,2,09:00-16:00,0,0,1
กรุงธนบุรี,กรุงธนบุรี,2,16:00-19:00,0,0,1
กรุงธนบุรี6,กรุงธนบุรี,6,07:00-09:00,0,0,1
กรุงธนบุรี6,กรุงธนบุรี,6,09:00-17:00,0,0,1
กรุงธนบุรี6,กรุงธนบุรี,6,17:00-19:00,0,0,1
กรุงธนบุรี6,กรุงธนบุรี6,6,07:00-09:00,0,0,1
กรุงธนบุรี6,กรุงธนบุรี6,6,09:00-17:00,0,0,1
กรุงธนบุรี6,กรุงธนบุรี6,6,17:00-19:00,0,0,1
กรุงธนบุรีเหนือ,กรุงธนบุรี,1,07:00-09:00,0,0,1
กรุงธนบุรีเหนือ,กรุงธนบุรี,1,09:00-17:00,0,0,1
กรุงธนบุรีเหนือ,กรุงธนบุรี,1,17:00-19:00,0,0,1
กรุงธนบุรีเหนือ,กรุงธนบุรี,2,07:00-09:00,0,0,1
กรุงธนบุรีเหนือ,กรุงธนบุรี,2,09:00-17:00,0,0,1
กรุงธนบุรีเหนือ,กรุงธนบุรี,2,17:00-19:00,0,0,1
กรุงธนบุรีเหนือ,เจริญนคร,1,07:00-09:00,0,0,1
กรุงธนบุรีเหนือ,เจริญนคร,1,09:00-17:00,0,0,1
กรุงธนบุรีเหนือ,เจริญนคร,1,17:00-19:00,0,0,1
กรุงธนบุรีเหนือ,เจริญนคร,2,07:00-09:00,0,0,1
กรุงธนบุรีเหนือ,เจริญนคร,2,09:00-17:00,0,0,1
กรุงธนบุรีเหนือ,เจริญนคร,2,17:00-19:00,0,0,1
กรุงธนบุรีใต้,กรุงธนบุรี,2,07:00-09:00,0,0,1
กรุงธนบุรีใต้,กรุงธนบุรี,2,09:00-17:00,0,0,1
กรุงธนบุรีใต้,กรุงธนบุรี,2,17:00-19:00,0,0,1
กรุงธนบุรีใต้,กรุงธนบุรี,12,07:00-09:00,0,0,1
กรุงธนบุรีใต้,กรุงธนบุรี,12,09:00-17:00,0,0,1
กรุงธนบุรีใต้,กรุงธนบุรี,12,17:00-19:00,0,0,1
กรุงธนบุรีใต้,เจริญนคร,2,07:00-09:00,0,0,1
กรุงธนบุรีใต้,เจริญนคร,2,09:00-17:00,0,0,1
กรุงธนบุรีใต้,เจริญนคร,2,17:00-19:00,0,0,1
กรุงธนบุรีใต้,เจริญนคร,12,07:00-09:00,0,0,1
กรุงธนบุรีใต้,เจริญนคร,12,09:00-17:00,0,0,1
กรุงธนบุรีใต้,เจริญนคร,12,17:00-19:00,0,0,1
กรุงเทพกรีฑา,กรุงเทพกรีฑา,3,07:00-09:00,0,1,0
กรุงเทพกรีฑา,กรุงเทพกรีฑา,3,09:00-16:00,0,1,0
กรุงเทพกรีฑา,กรุงเทพกรีฑา,3,16:00-19:00,0,1,0
กรุงเทพกรีฑา,กรุงเทพกรีฑา,7,07:00-09:00,1,0,0
กรุงเทพกรีฑา,กรุงเทพกรีฑา,7,09:00-16:00,1,0,0
กรุงเทพกรีฑา,กรุงเทพกรีฑา,7,16:00-19:00,1,0,0
กรุงเทพกรีฑา,ศรีนครินทร์,3,07:00-09:00,0,1,0
กรุงเทพกรีฑา,ศรีนครินทร์,3,09:00-16:00,0,1,0
กรุงเทพกรีฑา,ศรีนครินทร์,3,16:00-19:00,0,1,0
กรุงเทพกรีฑา,ศรีนครินทร์,7,06:30-09:00,1,0,0
กรุงเทพกรีฑา,ศรีนครินทร์,7,09:00-16:00,1,0,0
กรุงเทพกรีฑา,ศรีนครินทร์,7,16:00-19:30,1,0,0
กรุงเทพกรีฑา,หัวหมาก,3,07:00-09:00,0,1,0
กรุงเทพกรีฑา,หัวหมาก,3,09:00-16:00,0,1,0
กรุงเทพกรีฑา,หัวหมาก,3,16:00-19:00,0,1,0
กรุงเทพกรีฑา,หัวหมาก,7,06:30-09:00,1,0,0
กรุงเทพกรีฑา,หัวหมาก,7,09:00-16:00,1,0,0
กรุงเทพกรีฑา,หัวหมาก,7,16:00-19:30,1,0,0
กรุงเทพกรีฑา-ศรีนครินทร์ร่มเกล้า,ซอยกรุงเทพกรีฑา7,11,07:00-09:00,0,0,1
กรุงเทพกรีฑา-ศรีนครินทร์ร่มเกล้า,ซอยกรุงเทพกรีฑา7,11,09:00-17:00,0,0,1
กรุงเทพกรีฑา-ศรีนครินทร์ร่มเกล้า,ซอยกรุงเทพกรีฑา7,11,17:00-19:00,0,0,1
กรุงเทพกรีฑา-ศรีนครินทร์ร่มเกล้า,ถนนกรุงเทพกรีฑา(EB),11,07:00-09:00,0,0,1
กรุงเทพกรีฑา-ศรีนครินทร์ร่มเกล้า,ถนนกรุงเทพกรีฑา(EB),11,09:00-17:00,0,0,1
กรุงเทพกรีฑา-ศรีนครินทร์ร่มเกล้า,ถนนกรุงเทพกรีฑา(EB),11,17:00-19:00,0,0,1
กรุงเทพกรีฑา-ศรีนครินทร์ร่มเกล้า,ถนนกรุงเทพกรีฑา(NB),11,07:00-09:00,0,0,1
กรุงเทพกรีฑา-ศรีนครินทร์ร่มเกล้า,ถนนกรุงเทพกรีฑา(NB),11,09:00-17:00,0,0,1
กรุงเทพกรีฑา-ศรีนครินทร์ร่มเกล้า,ถนนกรุงเทพกรีฑา(NB),11,17:00-19:00,0,0,1
กรุงเทพกรีฑา-ศรีนครินทร์ร่มเกล้า,ถนนศรีนครินทร์-ร่มเกล้า,11,07:00-09:00,0,0,1
กรุงเทพกรีฑา-ศรีนครินทร์ร่มเกล้า,ถนนศรีนครินทร์-ร่มเกล้า,11,09:00-17:00,0,0,1
กรุงเทพกรีฑา-ศรีนครินทร์ร่มเกล้า,ถนนศรีนครินทร์-ร่มเกล้า,11,17:00-19:00,0,0,1
กรุงเทพกรีฑา-หมู่บ้านนักกีฬาแหลมทอง,กรุงเทพกรีฑา,1,07:00-09:00,0,0,1
กรุงเทพกรีฑา-หมู่บ้านนักกีฬาแหลมทอง,กรุงเทพกรีฑา,1,09:00-17:00,0,0,1
กรุงเทพกรีฑา-หมู่บ้านนักกีฬาแหลมทอง,กรุงเทพกรีฑา,1,17:00-19:00,0,0,1
กรุงเทพกรีฑา-หมู่บ้านนักกีฬาแหลมทอง,หมู่บ้านนักกีฬาแหลมทอง,1,07:00-09:00,0,0,1
กรุงเทพกรีฑา-หมู่บ้านนักกีฬาแหลมทอง,หมู่บ้านนักกีฬาแหลมทอง,1,09:00-17:00,0,0,1
กรุงเทพกรีฑา-หมู่บ้านนักกีฬาแหลมทอง,หมู่บ้านนักกีฬาแหลมทอง,1,17:00-19:00,0,0,1
กรุงเทพกรีฑา20,กรุงเทพกรีฑา,2,07:00-09:00,0,0,1
กรุงเทพกรีฑา20,กรุงเทพกรีฑา,2,09:00-17:00,0,0,1
กรุงเทพกรีฑา20,กรุงเทพกรีฑา,2,17:00-19:00,0,0,1
กรุงเทพกรีฑา20,กรุงเทพกรีฑา,11,07:00-09:00,0,0,1
กรุงเทพกรีฑา20,กรุงเทพกรีฑา,11,09:00-17:00,0,0,1
กรุงเทพกรีฑา20,กรุงเทพกรีฑา,11,17:00-19:00,0,0,1
กรุงเทพกรีฑา20,กรุงเทพกรีฑา20,2,07:00-09:00,0,0,1
กรุงเทพกรีฑา20,กรุงเทพกรีฑา20,2,09:00-17:00,0,0,1
กรุงเทพกรีฑา20,กรุงเทพกรีฑา20,2,17:00-19:00,0,0,1
กรุงเทพกรีฑา20,กรุงเทพกรีฑา20,11,07:00-09:00,0,0,1
กรุงเทพกรีฑา20,กรุงเทพกรีฑา20,11,09:00-17:00,0,0,1
กรุงเทพกรีฑา20,กรุงเทพกรีฑา20,11,17:00-19:00,0,0,1
กรุงเทพกรีฑา20,กรุงเทพกรีฑา37,2,07:00-09:00,0,0,1
กรุงเทพกรีฑา20,กรุงเทพกรีฑา37,2,09:00-17:00,0,0,1
กรุงเทพกรีฑา20,กรุงเทพกรีฑา37,2,17:00-19:00,0,0,1
กรุงเทพกรีฑา20,กรุงเทพกรีฑา37,11,07:00-09:00,0,0,1
กรุงเทพกรีฑา20,กรุงเทพกรีฑา37,11,09:00-17:00,0,0,1
กรุงเทพกรีฑา20,กรุงเทพกรีฑา37,11,17:00-19:00,0,0,1
กลางซอยแบริ่ง,แบริ่ง,1,07:00-09:00,0,0,1
กลางซอยแบริ่ง,แบริ่ง,1,09:00-17:00,0,0,1
กลางซอยแบริ่ง,แบริ่ง,1,17:00-19:00,0,0,1
กลางซอยแบริ่ง,แบริ่งลาซาล,1,07:00-09:00,0,0,1
กลางซอยแบริ่ง,แบริ่งลาซาล,1,09:00-17:00,0,0,1
กลางซอยแบริ่ง,แบริ่งลาซาล,1,17:00-19:00,0,0,1
กล้วยน้ำไท,กล้วยน้ำไท,2,07:00-09:00,0,0,1
กล้วยน้ำไท,กล้วยน้ำไท,2,09:00-17:00,0,0,1
กล้วยน้ำไท,กล้วยน้ำไท,2,17:00-19:00,0,0,1
กล้วยน้ำไท,กล้วยน้ำไทตัดใหม่,5,07:00-09:00,0,1,0
กล้วยน้ำไท,กล้วยน้ำไทตัดใหม่,5,09:00-16:00,0,1,0
กล้วยน้ำไท,กล้วยน้ำไทตัดใหม่,5,16:00-19:00,0,1,0
กล้วยน้ำไท,กล้วยน้ำไทตัดใหม่,8,07:00-09:00,1,0,0
กล้วยน้ำไท,กล้วยน้ำไทตัดใหม่,8,09:00-16:00,1,0,0
กล้วยน้ำไท,กล้วยน้ำไทตัดใหม่,8,16:00-19:00,1,0,0
กล้วยน้ำไท,พระรามที่4,2,07:00-09:00,0,0,2
กล้วยน้ำไท,พระรามที่4,2,09:00-16:00,0,0,1
กล้วยน้ำไท,พระรามที่4,2,09:00-17:00,0,0,1
กล้วยน้ำไท,พระรามที่4,2,16:00-19:00,0,0,1
กล้วยน้ำไท,พระรามที่4,2,17:00-19:00,0,0,1
กล้วยน้ำไท,พระรามที่4,5,07:00-09:00,0,1,0
กล้วยน้ำไท,พระรามที่4,5,09:00-16:00,0,1,0
กล้วยน้ำไท,พระรามที่4,5,16:00-19:00,0,1,0
กล้วยน้ำไท,พระรามที่4,8,07:00-09:00,1,0,0
กล้วยน้ำไท,พระรามที่4,8,09:00-16:00,1,0,0
กล้วยน้ำไท,พระรามที่4,8,16:00-19:00,1,0,0
กล้วยน้ำไท,รัชดาภิเษก,2,07:00-09:00,0,0,1
กล้วยน้ำไท,รัชดาภิเษก,2,09:00-16:00,0,0,1
กล้วยน้ำไท,รัชดาภิเษก,2,16:00-19:00,0,0,1
กล้วยน้ำไท,เทียมร่วมมิตร,2,07:00-09:00,0,0,1
กล้วยน้ำไท,เทียมร่วมมิตร,2,09:00-16:00,0,0,1
กล้วยน้ำไท,เทียมร่วมมิตร,2,16:00-19:00,0,0,1
กษัตริย์ศึก,กรุงเกษม,1,07:00-09:00,0,0,1
กษัตริย์ศึก,กรุงเกษม,1,09:00-16:00,0,0,1
กษัตริย์ศึก,กรุงเกษม,1,16:00-19:00,0,0,1
กษัตริย์ศึก,กรุงเกษม,3,07:00-09:00,1,0,0
กษัตริย์ศึก,กรุงเกษม,3,09:00-16:00,1,0,0
กษัตริย์ศึก,กรุงเกษม,3,16:00-19:00,1,0,0
กษัตริย์ศึก,กรุงเกษม,7,07:00-09:00,1,0,0
กษัตริย์ศึก,กรุงเกษม,7,09:00-16:00,1,0,0
กษัตริย์ศึก,กรุงเกษม,7,16:00-19:00,1,0,0
กษัตริย์ศึก,กรุงเกษม,10,07:00-09:00,0,0,1
กษัตริย์ศึก,กรุงเกษม,10,09:00-17:00,0,0,1
กษัตริย์ศึก,กรุงเกษม,10,17:00-19:00,0,0,1
กษัตริย์ศึก,กรุงเกษม,12,07:00-09:00,0,0,1
กษัตริย์ศึก,กรุงเกษม,12,09:00-17:00,0,0,1
กษัตริย์ศึก,กรุงเกษม,12,17:00-19:00,0,0,1
กษัตริย์ศึก,บำรุงเมือง,1,07:00-09:00,0,0,1
กษัตริย์ศึก,บำรุงเมือง,1,09:00-16:00,0,0,1
กษัตริย์ศึก,บำรุงเมือง,1,16:00-19:00,0,0,1
กษัตริย์ศึก,บำรุงเมือง,3,07:00-09:00,1,0,0
กษัตริย์ศึก,บำรุงเมือง,3,09:00-16:00,1,0,0
กษัตริย์ศึก,บำรุงเมือง,3,16:00-19:00,1,0,0
กษัตริย์ศึก,บำรุงเมือง,7,07:00-09:00,1,0,0
กษัตริย์ศึก,บำรุงเมือง,7,09:00-16:00,1,0,0
กษัตริย์ศึก,บำรุงเมือง,7,16:00-19:00,1,0,0
กษัตริย์ศึก,บำรุงเมือง,10,07:00-09:00,0,0,1
กษัตริย์ศึก,บำรุงเมือง,10,09:00-17:00,0,0,1
กษัตริย์ศึก,บำรุงเมือง,10,17:00-19:00,0,0,1
กษัตริย์ศึก,บำรุงเมือง,12,07:00-09:00,0,0,1
กษัตริย์ศึก,บำรุงเมือง,12,09:00-17:00,0,0,1
กษัตริย์ศึก,บำรุงเมือง,12,17:00-19:00,0,0,1
กษัตริย์ศึก,พระรามที่1,1,07:00-09:00,0,0,1
กษัตริย์ศึก,พระรามที่1,1,09:00-16:00,0,0,1
กษัตริย์ศึก,พระรามที่1,1,16:00-19:00,0,0,1
กองบัญชาการกองทัพบก,ประชาธิปไตย,5,07:00-09:00,0,0,1
กองบัญชาการกองทัพบก,ประชาธิปไตย,5,09:00-17:00,0,0,1
กองบัญชาการกองทัพบก,ประชาธิปไตย,5,17:00-19:00,0,0,1
กาญจนาภิเษก-กัลปพฤกษ์,กัลปพฤกษ์,11,07:00-09:00,0,0,1
กาญจนาภิเษก-กัลปพฤกษ์,กัลปพฤกษ์,11,09:00-16:00,0,0,1
กาญจนาภิเษก-กัลปพฤกษ์,กัลปพฤกษ์,11,16:00-19:00,0,0,1
กาญจนาภิเษก-กัลปพฤกษ์,กาญจนาภิเษก,11,07:00-09:00,0,0,1
กาญจนาภิเษก-กัลปพฤกษ์,กาญจนาภิเษก,11,09:00-16:00,0,0,1
กาญจนาภิเษก-กัลปพฤกษ์,กาญจนาภิเษก,11,16:00-19:00,0,0,1
กาญจนาภิเษก5/1,กาญจนาภิเษก5/1,2,07:00-09:00,0,0,1
กาญจนาภิเษก5/1,กาญจนาภิเษก5/1,2,09:00-17:00,0,0,1
กาญจนาภิเษก5/1,กาญจนาภิเษก5/1,2,17:00-19:00,0,0,1
กาญจนาภิเษก5/1,คู่ขนานกาญจนาภิเษก(มอเตอร์เวย์9),2,07:00-09:00,0,0,1
กาญจนาภิเษก5/1,คู่ขนานกาญจนาภิเษก(มอเตอร์เวย์9),2,09:00-17:00,0,0,1
กาญจนาภิเษก5/1,คู่ขนานกาญจนาภิเษก(มอเตอร์เวย์9),2,17:00-19:00,0,0,1
กาญจนาภิเษก6,กาญจนาภิเษก6,2,07:00-09:00,0,0,1
กาญจนาภิเษก6,กาญจนาภิเษก6,2,09:00-17:00,0,0,1
กาญจนาภิเษก6,กาญจนาภิเษก6,2,17:00-19:00,0,0,1
กาญจนาภิเษก6,คู่ขนานกาญจนาภิเษก(มอเตอร์เวย์9),2,07:00-09:00,0,0,1
กาญจนาภิเษก6,คู่ขนานกาญจนาภิเษก(มอเตอร์เวย์9),2,09:00-17:00,0,0,1
กาญจนาภิเษก6,คู่ขนานกาญจนาภิเษก(มอเตอร์เวย์9),2,17:00-19:00,0,0,1
การสื่อสาร,แจ้งวัฒนะ,3,07:00-09:00,0,0,1
การสื่อสาร,แจ้งวัฒนะ,3,09:00-17:00,0,0,1
การสื่อสาร,แจ้งวัฒนะ,3,17:00-19:00,0,0,1
การสื่อสาร,แจ้งวัฒนะ7,3,07:00-09:00,0,0,1
การสื่อสาร,แจ้งวัฒนะ7,3,09:00-17:00,0,0,1
การสื่อสาร,แจ้งวัฒนะ7,3,17:00-19:00,0,0,1
การเคหะ,ซอยนวมินทร์51,10,07:00-09:00,1,0,0
การเคหะ,ซอยนวมินทร์51,10,09:00-16:00,1,0,0
การเคหะ,ซอยนวมินทร์51,10,16:00-19:00,1,0,0
การเคหะ,นวมินทร์,5,07:00-09:00,0,0,1
การเคหะ,นวมินทร์,5,09:00-17:00,0,0,1
การเคหะ,นวมินทร์,5,17:00-19:00,0,0,1
การเคหะ,นวมินทร์,10,07:00-09:00,1,0,0
การเคหะ,นวมินทร์,10,09:00-16:00,1,0,0
การเคหะ,นวมินทร์,10,16:00-19:00,1,0,0
การเคหะ,นวมินทร์51,5,07:00-09:00,0,0,1
การเคหะ,นวมินทร์51,5,09:00-17:00,0,0,1
การเคหะ,นวมินทร์51,5,17:00-19:00,0,0,1
การเคหะ,ศรีบูรพา,5,07:00-09:00,0,0,1
การเคหะ,ศรีบูรพา,5,09:00-17:00,0,0,1
การเคหะ,ศรีบูรพา,5,17:00-19:00,0,0,1
การเคหะ,ศรีบูรพา,10,07:00-09:00,1,0,0
การเคหะ,ศรีบูรพา,10,09:00-16:00,1,0,0
การเคหะ,ศรีบูรพา,10,16:00-19:00,1,0,0
การเรือน,นครราชสีมา,3,07:00-09:00,0,0,1
การเรือน,นครราชสีมา,3,09:00-17:00,0,0,1
การเรือน,นครราชสีมา,3,17:00-19:00,0,0,1
การเรือน,นครราชสีมา,12,07:00-09:00,0,0,1
การเรือน,นครราชสีมา,12,09:00-17:00,0,0,1
การเรือน,นครราชสีมา,12,17:00-19:00,0,0,1
การเรือน,ราชวิถี,3,07:00-09:00,1,0,1
การเรือน,ราชวิถี,3,09:00-16:00,1,0,0
การเรือน,ราชวิถี,3,09:00-17:00,0,0,1
การเรือน,ราชวิถี,3,16:00-19:00,1,0,0
การเรือน,ราชวิถี,3,17:00-19:00,0,0,1
การเรือน,ราชวิถี,5,07:00-09:00,0,0,1
การเรือน,ราชวิถี,5,09:00-16:00,0,0,1
การเรือน,ราชวิถี,5,16:00-19:00,0,0,1
การเรือน,ราชวิถี,10,07:00-09:00,0,1,0
การเรือน,ราชวิถี,10,09:00-16:00,0,1,0
การเรือน,ราชวิถี,10,16:00-19:00,0,1,0
การเรือน,ราชวิถี,12,07:00-09:00,0,0,1
การเรือน,ราชวิถี,12,09:00-17:00,0,0,1
การเรือน,ราชวิถี,12,17:00-19:00,0,0,1
การเรือน,ราชสีมา,3,07:00-09:00,1,0,0
การเรือน,ราชสีมา,3,09:00-16:00,1,0,0
การเรือน,ราชสีมา,3,16:00-19:00,1,0,0
การเรือน,ราชสีมา,5,07:00-09:00,0,0,1
การเรือน,ราชสีมา,5,09:00-16:00,0,0,1
การเรือน,ราชสีมา,5,16:00-19:00,0,0,1
การเรือน,ราชสีมา,10,07:00-09:00,0,1,0
การเรือน,ราชสีมา,10,09:00-16:00,0,1,0
การเรือน,ราชสีมา,10,16:00-19:00,0,1,0
การไฟฟ้าชิดลม,ชิดลม,2,07:00-09:00,1,0,0
การไฟฟ้าชิดลม,ชิดลม,2,09:00-16:00,1,0,0
การไฟฟ้าชิดลม,ชิดลม,2,16:00-19:00,1,0,0
กำนันธารทิพย์,พุทธบูชา,3,07:00-09:00,0,0,2
กำนันธารทิพย์,พุทธบูชา,3,09:00-16:00,0,0,1
กำนันธารทิพย์,พุทธบูชา,3,09:00-17:00,0,0,1
กำนันธารทิพย์,พุทธบูชา,3,16:00-19:00,0,0,1
กำนันธารทิพย์,พุทธบูชา,3,17:00-19:00,0,0,1
กำนันธารทิพย์,พุทธบูชา36,3,07:00-09:00,0,0,2
กำนันธารทิพย์,พุทธบูชา36,3,09:00-16:00,0,0,1
กำนันธารทิพย์,พุทธบูชา36,3,09:00-17:00,0,0,1
กำนันธารทิพย์,พุทธบูชา36,3,16:00-19:00,0,0,1
กำนันธารทิพย์,พุทธบูชา36,3,17:00-19:00,0,0,1
กำนันธารทิพย์,พุทธบูชา39,3,07:00-09:00,0,0,2
กำนันธารทิพย์,พุทธบูชา39,3,09:00-16:00,0,0,1
กำนันธารทิพย์,พุทธบูชา39,3,09:00-17:00,0,0,1
กำนันธารทิพย์,พุทธบูชา39,3,16:00-19:00,0,0,1
กำนันธารทิพย์,พุทธบูชา39,3,17:00-19:00,0,0,1
กำนันแม้น,ซอยเทอดไท86,2,07:00-09:00,1,0,0
กำนันแม้น,ซอยเทอดไท86,2,09:00-16:00,1,0,0
กำนันแม้น,ซอยเทอดไท86,2,16:00-19:00,1,0,0
กำนันแม้น,ศาลธนบุรี,2,07:00-09:00,1,0,0
กำนันแม้น,ศาลธนบุรี,2,09:00-16:00,1,0,0
กำนันแม้น,ศาลธนบุรี,2,16:00-19:00,1,0,0
กำนันแม้น,เทอดไท,2,07:00-09:00,1,0,0
กำนันแม้น,เทอดไท,2,09:00-16:00,1,0,0
กำนันแม้น,เทอดไท,2,16:00-19:00,1,0,0
กำแพงเพชร,กำแพงเพชร,3,07:00-09:00,0,1,1
กำแพงเพชร,กำแพงเพชร,3,09:00-16:00,0,1,0
กำแพงเพชร,กำแพงเพชร,3,09:00-17:00,0,0,1
กำแพงเพชร,กำแพงเพชร,3,16:00-19:00,0,1,0
กำแพงเพชร,กำแพงเพชร,3,17:00-19:00,0,0,1
กำแพงเพชร,กำแพงเพชร,6,07:00-09:00,0,0,2
กำแพงเพชร,กำแพงเพชร,6,09:00-16:00,0,0,1
กำแพงเพชร,กำแพงเพชร,6,09:00-17:00,0,0,1
กำแพงเพชร,กำแพงเพชร,6,16:00-19:00,0,0,1
กำแพงเพชร,กำแพงเพชร,6,17:00-19:00,0,0,1
กำแพงเพชร,กำแพงเพชร,7,07:00-09:00,0,0,1
กำแพงเพชร,กำแพงเพชร,7,09:00-16:00,0,0,1
กำแพงเพชร,กำแพงเพชร,7,16:00-19:00,0,0,1
กำแพงเพชร,กําแพงเพชร,8,07:00-09:00,1,0,0
กำแพงเพชร,กําแพงเพชร,8,09:00-16:00,1,0,0
กำแพงเพชร,กําแพงเพชร,8,16:00-19:00,1,0,0
กำแพงเพชร,กําแพงเพชร,10,06:30-09:00,1,0,0
กำแพงเพชร,กําแพงเพชร,10,09:00-16:00,1,0,0
กำแพงเพชร,กําแพงเพชร,10,16:00-19:30,1,0,0
กำแพงเพชร,ซอนพหลโยธิน18,8,07:00-09:00,1,0,0
กำแพงเพชร,ซอนพหลโยธิน18,8,09:00-16:00,1,0,0
กำแพงเพชร,ซอนพหลโยธิน18,8,16:00-19:00,1,0,0
กำแพงเพชร,ซอยพหลโยธิน18,3,07:00-09:00,0,1,0
กำแพงเพชร,ซอยพหลโยธิน18,3,09:00-16:00,0,1,0
กำแพงเพชร,ซอยพหลโยธิน18,3,16:00-19:00,0,1,0
กำแพงเพชร,ซอยพหลโยธิน18,10,07:00-09:00,1,0,0
กำแพงเพชร,ซอยพหลโยธิน18,10,09:00-16:00,1,0,0
กำแพงเพชร,ซอยพหลโยธิน18,10,16:00-19:00,1,0,0
กำแพงเพชร,พหลโยธิน,3,07:00-09:00,0,1,1
กำแพงเพชร,พหลโยธิน,3,09:00-16:00,0,1,0
กำแพงเพชร,พหลโยธิน,3,09:00-17:00,0,0,1
กำแพงเพชร,พหลโยธิน,3,16:00-19:00,0,1,0
กำแพงเพชร,พหลโยธิน,3,17:00-19:00,0,0,1
กำแพงเพชร,พหลโยธิน,6,07:00-09:00,0,0,2
กำแพงเพชร,พหลโยธิน,6,09:00-16:00,0,0,1
กำแพงเพชร,พหลโยธิน,6,09:00-17:00,0,0,1
กำแพงเพชร,พหลโยธิน,6,16:00-19:00,0,0,1
กำแพงเพชร,พหลโยธิน,6,17:00-19:00,0,0,1
กำแพงเพชร,พหลโยธิน,7,07:00-09:00,0,0,1
กำแพงเพชร,พหลโยธิน,7,09:00-16:00,0,0,1
กำแพงเพชร,พหลโยธิน,7,16:00-19:00,0,0,1
กำแพงเพชร,พหลโยธิน,8,07:00-09:00,1,0,0
กำแพงเพชร,พหลโยธิน,8,09:00-16:00,1,0,0
กำแพงเพชร,พหลโยธิน,8,16:00-19:00,1,0,0
กำแพงเพชร,พหลโยธิน,10,07:00-09:00,1,0,0
กำแพงเพชร,พหลโยธิน,10,09:00-16:00,1,0,0
กำแพงเพชร,พหลโยธิน,10,16:00-19:00,1,0,0
กำแพงเพชร,พหลโยธิน18,3,07:00-09:00,0,0,1
กำแพงเพชร,พหลโยธิน18,3,09:00-17:00,0,0,1
กำแพงเพชร,พหลโยธิน18,3,17:00-19:00,0,0,1
กำแพงเพชร,พหลโยธิน18,6,07:00-09:00,0,0,2
กำแพงเพชร,พหลโยธิน18,6,09:00-16:00,0,0,1
กำแพงเพชร,พหลโยธิน18,6,09:00-17:00,0,0,1
กำแพงเพชร,พหลโยธิน18,6,16:00-19:00,0,0,1
กำแพงเพชร,พหลโยธิน18,6,17:00-19:00,0,0,1
กำแพงเพชร,พหลโยธิน18,7,07:00-09:00,0,0,1
กำแพงเพชร,พหลโยธิน18,7,09:00-16:00,0,0,1
กำแพงเพชร,พหลโยธิน18,7,16:00-19:00,0,0,1
กำแพงเพชร2,กำแพงเพชร,7,07:00-09:00,0,0,1
กำแพงเพชร2,กำแพงเพชร,7,09:00-17:00,0,0,1
กำแพงเพชร2,กำแพงเพชร,7,17:00-19:00,0,0,1
กำแพงเพชร2,กำแพงเพชร2,5,07:00-09:00,0,1,0
กำแพงเพชร2,กำแพงเพชร2,5,09:00-16:00,0,1,0
กำแพงเพชร2,กำแพงเพชร2,5,16:00-19:00,0,1,0
กำแพงเพชร2,กำแพงเพชร2,7,07:00-09:00,0,0,1
กำแพงเพชร2,กำแพงเพชร2,7,09:00-17:00,0,0,1
กำแพงเพชร2,กำแพงเพชร2,7,17:00-19:00,0,0,1
กำแพงเพชร5-ระนอง1-พระรามที่6ซอย37,กำแพงเพชร5,11,07:00-09:00,0,1,0
กำแพงเพชร5-ระนอง1-พระรามที่6ซอย37,กำแพงเพชร5,11,09:00-16:00,0,1,0
กำแพงเพชร5-ระนอง1-พระรามที่6ซอย37,กำแพงเพชร5,11,16:00-19:00,0,1,0
กำแพงเพชร5-ระนอง1-พระรามที่6ซอย37,พระรามที่6ซอย37,11,07:00-09:00,0,1,0
กำแพงเพชร5-ระนอง1-พระรามที่6ซอย37,พระรามที่6ซอย37,11,09:00-16:00,0,1,0
กำแพงเพชร5-ระนอง1-พระรามที่6ซอย37,พระรามที่6ซอย37,11,16:00-19:00,0,1,0
กำแพงเพชร5-ระนอง1-พระรามที่6ซอย37,ระนอง1,11,07:00-09:00,0,1,0
กำแพงเพชร5-ระนอง1-พระรามที่6ซอย37,ระนอง1,11,09:00-16:00,0,1,0
กำแพงเพชร5-ระนอง1-พระรามที่6ซอย37,ระนอง1,11,16:00-19:00,0,1,0
กำแพงเพชร6ซอย5แยก2,กำแพงเพชร6ซอย5,4,07:00-09:00,0,0,1
กำแพงเพชร6ซอย5แยก2,กำแพงเพชร6ซอย5,4,09:00-17:00,0,0,1
กำแพงเพชร6ซอย5แยก2,กำแพงเพชร6ซอย5,4,17:00-19:00,0,0,1
กำแพงเพชร6ซอย5แยก2,กำแพงเพชร6ซอย5แยก2,4,07:00-09:00,0,0,1
กำแพงเพชร6ซอย5แยก2,กำแพงเพชร6ซอย5แยก2,4,09:00-17:00,0,0,1
กำแพงเพชร6ซอย5แยก2,กำแพงเพชร6ซอย5แยก2,4,17:00-19:00,0,0,1
กำแพงเพชร6ซอย5แยก2,ส่วนบุคคล,4,07:00-09:00,0,0,1
กำแพงเพชร6ซอย5แยก2,ส่วนบุคคล,4,09:00-17:00,0,0,1
กำแพงเพชร6ซอย5แยก2,ส่วนบุคคล,4,17:00-19:00,0,0,1
ก่อนเข้าทางด่วน,สุขุมวิท62,7,07:00-09:00,0,0,1
ก่อนเข้าทางด่วน,สุขุมวิท62,7,09:00-17:00,0,0,1
ก่อนเข้าทางด่วน,สุขุมวิท62,7,17:00-19:00,0,0,1
ขัตติยานี,พิชัย,3,07:00-09:00,0,0,1
ขัตติยานี,พิชัย,3,09:00-16:00,0,0,1
ขัตติยานี,พิชัย,3,16:00-19:00,0,0,1
ขัตติยานี,พิชัย,5,07:00-09:00,0,0,1
ขัตติยานี,พิชัย,5,09:00-17:00,0,0,1
ขัตติยานี,พิชัย,5,17:00-19:00,0,0,1
ขัตติยานี,พิชัย,6,07:00-09:00,1,0,0
ขัตติยานี,พิชัย,6,09:00-16:00,1,0,0
ขัตติยานี,พิชัย,6,16:00-19:00,1,0,0
ขัตติยานี,พิชัย,10,07:00-09:00,0,0,1
ขัตติยานี,พิชัย,10,09:00-17:00,0,0,1
ขัตติยานี,พิชัย,10,17:00-19:00,0,0,1
ขัตติยานี,พิชัย,12,07:00-09:00,0,1,0
ขัตติยานี,พิชัย,12,09:00-16:00,0,1,0
ขัตติยานี,พิชัย,12,16:00-19:00,0,1,0
ขัตติยานี,สุโขทัย,3,07:00-09:00,0,0,1
ขัตติยานี,สุโขทัย,3,09:00-16:00,0,0,1
ขัตติยานี,สุโขทัย,3,16:00-19:00,0,0,1
ขัตติยานี,สุโขทัย,5,07:00-09:00,0,0,1
ขัตติยานี,สุโขทัย,5,09:00-17:00,0,0,1
ขัตติยานี,สุโขทัย,5,17:00-19:00,0,0,1
ขัตติยานี,สุโขทัย,6,07:00-09:00,1,0,0
ขัตติยานี,สุโขทัย,6,09:00-16:00,1,0,0
ขัตติยานี,สุโขทัย,6,16:00-19:00,1,0,0
ขัตติยานี,สุโขทัย,10,07:00-09:00,0,0,1
ขัตติยานี,สุโขทัย,10,09:00-17:00,0,0,1
ขัตติยานี,สุโขทัย,10,17:00-19:00,0,0,1
ขัตติยานี,สุโขทัย,12,07:00-09:00,0,1,0
ขัตติยานี,สุโขทัย,12,09:00-16:00,0,1,0
ขัตติยานี,สุโขทัย,12,16:00-19:00,0,1,0
ข้างวังสวนจิตรลดา,สวรรคโลก,11,07:00-09:00,1,0,0
ข้างวังสวนจิตรลดา,สวรรคโลก,11,09:00-16:00,1,0,0
ข้างวังสวนจิตรลดา,สวรรคโลก,11,16:00-19:00,1,0,0
ข้างวัดบวรนิเวศน์,บวรนิเวศน์,12,07:00-09:00,1,0,0
ข้างวัดบวรนิเวศน์,บวรนิเวศน์,12,09:00-16:00,1,0,0
ข้างวัดบวรนิเวศน์,บวรนิเวศน์,12,16:00-19:00,1,0,0
ข้างศาลาว่าการกรุงเทพมหานคร,ดินสอ,2,07:00-09:00,1,0,0
ข้างศาลาว่าการกรุงเทพมหานคร,ดินสอ,2,09:00-16:00,1,0,0
ข้างศาลาว่าการกรุงเทพมหานคร,ดินสอ,2,16:00-19:00,1,0,0
ข้างศาลาว่าการกรุงเทพมหานคร,ดินสอ,11,07:00-09:00,1,0,0
ข้างศาลาว่าการกรุงเทพมหานคร,ดินสอ,11,09:00-16:00,1,0,0
ข้างศาลาว่าการกรุงเทพมหานคร,ดินสอ,11,16:00-19:00,1,0,0
ข้างสวนดุสิต,พระรามที่5,2,07:00-09:00,1,0,0
ข้างสวนดุสิต,พระรามที่5,2,09:00-16:00,1,0,0
ข้างสวนดุสิต,พระรามที่5,2,16:00-19:00,1,0,0
ข้ามหน้าโรงเรียนมัธยมวัดบึงทองห,ลาดพร้าว101,5,07:00-09:00,1,0,0
ข้ามหน้าโรงเรียนมัธยมวัดบึงทองห,ลาดพร้าว101,5,09:00-16:00,1,0,0
ข้ามหน้าโรงเรียนมัธยมวัดบึงทองห,ลาดพร้าว101,5,16:00-19:00,1,0,0
ข้าวหลาม-เจริญกรุง,เจริญกรุง,7,07:00-09:00,0,0,1
ข้าวหลาม-เจริญกรุง,เจริญกรุง,7,09:00-17:00,0,0,1
ข้าวหลาม-เจริญกรุง,เจริญกรุง,7,17:00-19:00,0,0,1
ค.ป.อ.,จันทรุเบกษา,8,07:00-09:00,0,1,0
ค.ป.อ.,จันทรุเบกษา,8,09:00-16:00,0,1,0
ค.ป.อ.,จันทรุเบกษา,8,16:00-19:00,0,1,0
ค.ป.อ.,จันทรุเบกษา,9,07:00-09:00,0,1,1
ค.ป.อ.,จันทรุเบกษา,9,09:00-16:00,0,1,0
ค.ป.อ.,จันทรุเบกษา,9,09:00-17:00,0,0,1
ค.ป.อ.,จันทรุเบกษา,9,16:00-19:00,0,1,0
ค.ป.อ.,จันทรุเบกษา,9,17:00-19:00,0,0,1
ค.ป.อ.,จันทรุเบกษา,10,07:00-09:00,0,0,1
ค.ป.อ.,จันทรุเบกษา,10,09:00-17:00,0,0,1
ค.ป.อ.,จันทรุเบกษา,10,17:00-19:00,0,0,1
ค.ป.อ.,ธูปเตมีย์,8,07:00-09:00,0,1,0
ค.ป.อ.,ธูปเตมีย์,8,09:00-16:00,0,1,0
ค.ป.อ.,ธูปเตมีย์,8,16:00-19:00,0,1,0
ค.ป.อ.,ธูปเตมีย์,9,07:00-09:00,0,1,1
ค.ป.อ.,ธูปเตมีย์,9,09:00-16:00,0,1,0
ค.ป.อ.,ธูปเตมีย์,9,09:00-17:00,0,0,1
ค.ป.อ.,ธูปเตมีย์,9,16:00-19:00,0,1,0
ค.ป.อ.,ธูปเตมีย์,9,17:00-19:00,0,0,1
ค.ป.อ.,ธูปเตมีย์,10,07:00-09:00,0,0,1
ค.ป.อ.,ธูปเตมีย์,10,09:00-17:00,0,0,1
ค.ป.อ.,ธูปเตมีย์,10,17:00-19:00,0,0,1
ค.ป.อ.,พหลโยธิน,8,07:00-09:00,0,1,0
ค.ป.อ.,พหลโยธิน,8,09:00-16:00,0,1,0
ค.ป.อ.,พหลโยธิน,8,16:00-19:00,0,1,0
ค.ป.อ.,พหลโยธิน,9,07:00-09:00,0,1,1
ค.ป.อ.,พหลโยธิน,9,09:00-16:00,0,1,0
ค.ป.อ.,พหลโยธิน,9,09:00-17:00,0,0,1
ค.ป.อ.,พหลโยธิน,9,16:00-19:00,0,1,0
ค.ป.อ.,พหลโยธิน,9,17:00-19:00,0,0,1
ค.ป.อ.,พหลโยธิน,10,07:00-09:00,0,0,1
ค.ป.อ.,พหลโยธิน,10,09:00-17:00,0,0,1
ค.ป.อ.,พหลโยธิน,10,17:00-19:00,0,0,1
คนข้ามบริเวณหมู่บ้านมณฑล3,พุทธมณฑลสาย3,8,07:00-09:00,1,0,0
คนข้ามบริเวณหมู่บ้านมณฑล3,พุทธมณฑลสาย3,8,09:00-16:00,1,0,0
คนข้ามบริเวณหมู่บ้านมณฑล3,พุทธมณฑลสาย3,8,16:00-19:00,1,0,0
ครุใน,ครุใน,3,07:00-09:00,0,0,1
ครุใน,ครุใน,3,09:00-16:00,0,0,1
ครุใน,ครุใน,3,16:00-19:00,0,0,1
ครุใน,ประชาอุทิศ,3,07:00-09:00,0,0,1
ครุใน,ประชาอุทิศ,3,09:00-16:00,0,0,1
ครุใน,ประชาอุทิศ,3,16:00-19:00,0,0,1
คลองตัน,พัฒนาการ,3,07:00-09:00,0,0,1
คลองตัน,พัฒนาการ,3,09:00-17:00,0,0,1
คลองตัน,พัฒนาการ,3,17:00-19:00,0,0,1
คลองตัน,พัฒนาการ,4,07:00-09:00,2,0,1
คลองตัน,พัฒนาการ,4,09:00-16:00,2,0,1
คลองตัน,พัฒนาการ,4,16:00-19:00,2,0,1
คลองตัน,พัฒนาการ,7,07:00-09:00,0,1,0
คลองตัน,พัฒนาการ,7,09:00-16:00,0,1,0
คลองตัน,พัฒนาการ,7,16:00-19:00,0,1,0
คลองตัน,รามคำแหง,3,07:00-09:00,0,0,1
คลองตัน,รามคำแหง,3,09:00-17:00,0,0,1
คลองตัน,รามคำแหง,3,17:00-19:00,0,0,1
คลองตัน,รามคำแหง,4,07:00-09:00,2,0,1
คลองตัน,รามคำแหง,4,09:00-16:00,2,0,1
คลองตัน,รามคำแหง,4,16:00-19:00,2,0,0
คลองตัน,รามคำแหง,7,07:00-09:00,0,1,0
คลองตัน,รามคำแหง,7,09:00-16:00,0,1,0
คลองตัน,รามคำแหง,7,16:00-19:00,0,1,0
คลองตัน,สุขุมวิท,4,07:00-09:00,0,0,1
คลองตัน,สุขุมวิท,4,09:00-16:00,0,0,1
คลองตัน,สุขุมวิท,4,16:00-19:00,0,0,1
คลองตัน,สุขุมวิท71,3,07:00-09:00,0,0,1
คลองตัน,สุขุมวิท71,3,09:00-17:00,0,0,1
คลองตัน,สุขุมวิท71,3,17:00-19:00,0,0,1
คลองตัน,สุขุมวิท71,4,07:00-09:00,2,0,0
คลองตัน,สุขุมวิท71,4,09:00-16:00,2,0,0
คลองตัน,สุขุมวิท71,4,16:00-19:00,2,0,0
คลองตัน,สุขุมวิท71,7,07:00-09:00,0,1,0
คลองตัน,สุขุมวิท71,7,09:00-16:00,0,1,0
คลองตัน,สุขุมวิท71,7,16:00-19:00,0,1,0
คลองตัน,เพชรบุรี,3,07:00-09:00,0,0,1
คลองตัน,เพชรบุรี,3,09:00-17:00,0,0,1
คลองตัน,เพชรบุรี,3,17:00-19:00,0,0,1
คลองตัน,เพชรบุรี,4,07:00-09:00,2,0,1
คลองตัน,เพชรบุรี,4,09:00-16:00,2,0,1
คลองตัน,เพชรบุรี,4,16:00-19:00,2,0,0
คลองตัน,เพชรบุรี,7,07:00-09:00,0,1,0
คลองตัน,เพชรบุรี,7,09:00-16:00,0,1,0
คลองตัน,เพชรบุรี,7,16:00-19:00,0,1,0
คลองประปา,ประชาชื่น,4,07:00-09:00,0,0,1
คลองประปา,ประชาชื่น,4,09:00-17:00,0,0,1
คลองประปา,ประชาชื่น,4,17:00-19:00,0,0,1
คลองประปา,ประชาชื่น,7,07:00-09:00,1,0,0
คลองประปา,ประชาชื่น,7,09:00-16:00,1,0,0
คลองประปา,ประชาชื่น,7,16:00-19:00,1,0,0
คลองประปา,ประชาชื่น,11,07:00-09:00,0,1,0
คลองประปา,ประชาชื่น,11,09:00-16:00,0,1,0
คลองประปา,ประชาชื่น,11,16:00-19:00,0,1,0
คลองประปา,เลียบคลองประปา,4,07:00-09:00,0,0,1
คลองประปา,เลียบคลองประปา,4,09:00-17:00,0,0,1
คลองประปา,เลียบคลองประปา,4,17:00-19:00,0,0,1
คลองประปา,เลียบคลองประปา,7,07:00-09:00,1,0,0
คลองประปา,เลียบคลองประปา,7,09:00-16:00,1,0,0
คลองประปา,เลียบคลองประปา,7,16:00-19:00,1,0,0
คลองประปา,เลียบคลองประปา,11,07:00-09:00,0,1,0
คลองประปา,เลียบคลองประปา,11,09:00-16:00,0,1,0
คลองประปา,เลียบคลองประปา,11,16:00-19:00,0,1,0
คลองประปา,แจ้งวัฒนะ,4,07:00-09:00,0,0,1
คลองประปา,แจ้งวัฒนะ,4,09:00-17:00,0,0,1
คลองประปา,แจ้งวัฒนะ,4,17:00-19:00,0,0,1
คลองประปา,แจ้งวัฒนะ,7,07:00-09:00,1,0,0
คลองประปา,แจ้งวัฒนะ,7,09:00-16:00,1,0,0
คลองประปา,แจ้งวัฒนะ,7,16:00-19:00,1,0,0
คลองประปา,แจ้งวัฒนะ,11,07:00-09:00,0,1,0
คลองประปา,แจ้งวัฒนะ,11,09:00-16:00,0,1,0
คลองประปา,แจ้งวัฒนะ,11,16:00-19:00,0,1,0
คลองประปา–ซอยข้างรร.เซนต์ฟรังซีสเซเวียร์,ข้างร.ร.เซนฟรังซีสเซเวียร์,4,07:00-09:00,0,0,1
คลองประปา–ซอยข้างรร.เซนต์ฟรังซีสเซเวียร์,ข้างร.ร.เซนฟรังซีสเซเวียร์,4,09:00-17:00,0,0,1
คลองประปา–ซอยข้างรร.เซนต์ฟรังซีสเซเวียร์,ข้างร.ร.เซนฟรังซีสเซเวียร์,4,17:00-19:00,0,0,1
คลองประปา–ซอยข้างรร.เซนต์ฟรังซีสเซเวียร์,เลียบคลองประปา,4,07:00-09:00,0,0,1
คลองประปา–ซอยข้างรร.เซนต์ฟรังซีสเซเวียร์,เลียบคลองประปา,4,09:00-17:00,0,0,1
คลองประปา–ซอยข้างรร.เซนต์ฟรังซีสเซเวียร์,เลียบคลองประปา,4,17:00-19:00,0,0,1
คลองประปา–ซอยหมู่บ้านเพชรวัฒนะ,หมู่บ้านเพชรวัฒนะ,4,07:00-09:00,0,0,1
คลองประปา–ซอยหมู่บ้านเพชรวัฒนะ,หมู่บ้านเพชรวัฒนะ,4,09:00-17:00,0,0,1
คลองประปา–ซอยหมู่บ้านเพชรวัฒนะ,หมู่บ้านเพชรวัฒนะ,4,17:00-19:00,0,0,1
คลองประปา–ซอยหมู่บ้านเพชรวัฒนะ,เลียบคลองประปา,4,07:00-09:00,0,0,1
คลองประปา–ซอยหมู่บ้านเพชรวัฒนะ,เลียบคลองประปา,4,09:00-17:00,0,0,1
คลองประปา–ซอยหมู่บ้านเพชรวัฒนะ,เลียบคลองประปา,4,17:00-19:00,0,0,1
คลองสาน,ลาดหญ้า,1,07:00-09:00,0,1,2
คลองสาน,ลาดหญ้า,1,09:00-16:00,0,1,0
คลองสาน,ลาดหญ้า,1,09:00-17:00,0,0,2
คลองสาน,ลาดหญ้า,1,16:00-19:00,0,1,0
คลองสาน,ลาดหญ้า,1,17:00-19:00,0,0,2
คลองสาน,ลาดหญ้า,3,07:00-09:00,0,0,1
คลองสาน,ลาดหญ้า,3,09:00-17:00,0,0,1
คลองสาน,ลาดหญ้า,3,17:00-19:00,0,0,1
คลองสาน,ลาดหญ้า,5,07:00-09:00,1,0,0
คลองสาน,ลาดหญ้า,5,09:00-16:00,1,0,0
คลองสาน,ลาดหญ้า,5,16:00-19:00,1,0,0
คลองสาน,ลาดหญ้า,7,07:00-09:00,0,0,1
คลองสาน,ลาดหญ้า,7,09:00-16:00,0,0,1
คลองสาน,ลาดหญ้า,7,16:00-19:00,0,0,1
คลองสาน,ลาดหญ้า,9,07:00-09:00,1,0,0
คลองสาน,ลาดหญ้า,9,09:00-16:00,1,0,0
คลองสาน,ลาดหญ้า,9,16:00-19:00,1,0,0
คลองสาน,ลาดหญ้า,12,07:00-09:00,1,0,0
คลองสาน,ลาดหญ้า,12,09:00-16:00,1,0,0
คลองสาน,ลาดหญ้า,12,16:00-19:00,1,0,0
คลองสาน,สมเด็จเจ้าพระยา,1,07:00-09:00,0,1,2
คลองสาน,สมเด็จเจ้าพระยา,1,09:00-16:00,0,1,0
คลองสาน,สมเด็จเจ้าพระยา,1,09:00-17:00,0,0,2
คลองสาน,สมเด็จเจ้าพระยา,1,16:00-19:00,0,1,0
คลองสาน,สมเด็จเจ้าพระยา,1,17:00-19:00,0,0,2
คลองสาน,สมเด็จเจ้าพระยา,3,07:00-09:00,0,0,1
คลองสาน,สมเด็จเจ้าพระยา,3,09:00-17:00,0,0,1
คลองสาน,สมเด็จเจ้าพระยา,3,17:00-19:00,0,0,1
คลองสาน,สมเด็จเจ้าพระยา,5,07:00-09:00,1,0,0
คลองสาน,สมเด็จเจ้าพระยา,5,09:00-16:00,1,0,0
คลองสาน,สมเด็จเจ้าพระยา,5,16:00-19:00,1,0,0
คลองสาน,สมเด็จเจ้าพระยา,7,07:00-09:00,0,0,1
คลองสาน,สมเด็จเจ้าพระยา,7,09:00-16:00,0,0,1
คลองสาน,สมเด็จเจ้าพระยา,7,16:00-19:00,0,0,1
คลองสาน,สมเด็จเจ้าพระยา,9,07:00-09:00,1,0,0
คลองสาน,สมเด็จเจ้าพระยา,9,09:00-16:00,1,0,0
คลองสาน,สมเด็จเจ้าพระยา,9,16:00-19:00,1,0,0
คลองสาน,สมเด็จเจ้าพระยา,12,07:00-09:00,1,0,0
คลองสาน,สมเด็จเจ้าพระยา,12,09:00-16:00,1,0,0
คลองสาน,สมเด็จเจ้าพระยา,12,16:00-19:00,1,0,0
คลองสาน,เจริญนคร,1,07:00-09:00,0,1,2
คลองสาน,เจริญนคร,1,09:00-16:00,0,1,0
คลองสาน,เจริญนคร,1,09:00-17:00,0,0,2
คลองสาน,เจริญนคร,1,16:00-19:00,0,1,0
คลองสาน,เจริญนคร,1,17:00-19:00,0,0,2
คลองสาน,เจริญนคร,3,07:00-09:00,0,0,1
คลองสาน,เจริญนคร,3,09:00-17:00,0,0,1
คลองสาน,เจริญนคร,3,17:00-19:00,0,0,1
คลองสาน,เจริญนคร,5,07:00-09:00,1,0,0
คลองสาน,เจริญนคร,5,09:00-16:00,1,0,0
คลองสาน,เจริญนคร,5,16:00-19:00,1,0,0
คลองสาน,เจริญนคร,7,07:00-09:00,0,0,1
คลองสาน,เจริญนคร,7,09:00-16:00,0,0,1
คลองสาน,เจริญนคร,7,16:00-19:00,0,0,1
คลองสาน,เจริญนคร,9,07:00-09:00,1,0,0
คลองสาน,เจริญนคร,9,09:00-16:00,1,0,0
คลองสาน,เจริญนคร,9,16:00-19:00,1,0,0
คลองสาน,เจริญนคร,12,07:00-09:00,1,0,0
คลองสาน,เจริญนคร,12,09:00-16:00,1,0,0
คลองสาน,เจริญนคร,12,16:00-19:00,1,0,0
คลองเตย,พระรามที่4,3,07:00-09:00,0,0,1
คลองเตย,พระรามที่4,3,09:00-16:00,0,0,1
คลองเตย,พระรามที่4,4,07:00-09:00,0,0,1
คลองเตย,พระรามที่4,4,09:00-17:00,0,0,1
คลองเตย,พระรามที่4,4,17:00-19:00,0,0,1
คลองเตย,พระรามที่4,5,07:00-09:00,0,0,1
คลองเตย,พระรามที่4,5,09:00-17:00,0,0,1
คลองเตย,พระรามที่4,5,17:00-19:00,0,0,1
คลองเตย,พระรามที่4,6,07:00-09:00,1,0,0
คลองเตย,พระรามที่4,6,09:00-16:00,1,0,0
คลองเตย,พระรามที่4,6,16:00-19:00,1,0,0
คลองเตย,พระรามที่4,10,07:00-09:00,1,1,0
คลองเตย,พระรามที่4,10,09:00-16:00,1,1,0
คลองเตย,พระรามที่4,10,16:00-19:00,1,1,0
คลองเตย,พระรามที่4,11,07:00-09:00,0,0,1
คลองเตย,พระรามที่4,11,09:00-17:00,0,0,1
คลองเตย,พระรามที่4,11,17:00-19:00,0,0,1
คลองเตย,สุนทรโกษา,3,07:00-09:00,0,0,1
คลองเตย,สุนทรโกษา,3,09:00-16:00,0,0,1
คลองเตย,สุนทรโกษา,4,07:00-09:00,0,0,1
คลองเตย,สุนทรโกษา,4,09:00-17:00,0,0,1
คลองเตย,สุนทรโกษา,4,17:00-19:00,0,0,1
คลองเตย,สุนทรโกษา,5,07:00-09:00,0,0,1
คลองเตย,สุนทรโกษา,5,09:00-17:00,0,0,1
คลองเตย,สุนทรโกษา,5,17:00-19:00,0,0,1
คลองเตย,สุนทรโกษา,6,07:00-09:00,1,0,0
คลองเตย,สุนทรโกษา,6,09:00-16:00,1,0,0
คลองเตย,สุนทรโกษา,6,16:00-19:00,1,0,0
คลองเตย,สุนทรโกษา,10,07:00-09:00,1,1,0
คลองเตย,สุนทรโกษา,10,09:00-16:00,1,1,0
คลองเตย,สุนทรโกษา,10,16:00-19:00,1,1,0
คลองเตย,สุนทรโกษา,11,07:00-09:00,0,0,1
คลองเตย,สุนทรโกษา,11,09:00-17:00,0,0,1
คลองเตย,สุนทรโกษา,11,17:00-19:00,0,0,1
คลังน้ำมัน,กำแพงเพชร6,9,07:00-09:00,0,1,0
คลังน้ำมัน,กำแพงเพชร6,9,09:00-16:00,0,1,0
คลังน้ำมัน,กำแพงเพชร6,9,16:00-19:00,0,1,0
คลังน้ำมัน,เชิดวุฒากาศ,9,07:00-09:00,0,1,0
คลังน้ำมัน,เชิดวุฒากาศ,9,09:00-16:00,0,1,0
คลังน้ำมัน,เชิดวุฒากาศ,9,16:00-19:00,0,1,0
คอกวัว,ตะนาว,7,07:00-09:00,0,0,1
คอกวัว,ตะนาว,7,09:00-16:00,0,0,1
คอกวัว,ตะนาว,7,16:00-19:00,0,0,1
คอกวัว,ตะนาว,8,07:00-09:00,1,1,0
คอกวัว,ตะนาว,8,09:00-16:00,1,1,0
คอกวัว,ตะนาว,8,16:00-19:00,1,1,0
คอกวัว,ตะนาว,9,07:00-09:00,1,1,1
คอกวัว,ตะนาว,9,09:00-16:00,1,1,0
คอกวัว,ตะนาว,9,09:00-17:00,0,0,1
คอกวัว,ตะนาว,9,16:00-19:00,1,1,0
คอกวัว,ตะนาว,9,17:00-19:00,0,0,1
คอกวัว,ราชดำเนินกลาง,7,07:00-09:00,0,0,1
คอกวัว,ราชดำเนินกลาง,7,09:00-16:00,0,0,1
คอกวัว,ราชดำเนินกลาง,7,16:00-19:00,0,0,1
คอกวัว,ราชดำเนินกลาง,8,07:00-09:00,1,1,0
คอกวัว,ราชดำเนินกลาง,8,09:00-16:00,1,1,0
คอกวัว,ราชดำเนินกลาง,8,16:00-19:00,1,1,0
คอกวัว,ราชดำเนินกลาง,9,07:00-09:00,1,1,1
คอกวัว,ราชดำเนินกลาง,9,09:00-16:00,1,1,0
คอกวัว,ราชดำเนินกลาง,9,09:00-17:00,0,0,1
คอกวัว,ราชดำเนินกลาง,9,16:00-19:00,1,1,0
คอกวัว,ราชดำเนินกลาง,9,17:00-19:00,0,0,1
คุ้มเกล้า16,คุ้มเกล้า,5,06:30-09:00,0,1,0
คุ้มเกล้า16,คุ้มเกล้า,5,09:00-16:00,0,1,0
คุ้มเกล้า16,คุ้มเกล้า,5,16:00-19:30,0,1,0
คู่ขนานวงแหวนตะวันออก-จตุโชติ,คู่ขนานวงแหวนตะวันออก,10,07:00-09:00,0,0,1
คู่ขนานวงแหวนตะวันออก-จตุโชติ,คู่ขนานวงแหวนตะวันออก,10,09:00-17:00,0,0,1
คู่ขนานวงแหวนตะวันออก-จตุโชติ,คู่ขนานวงแหวนตะวันออก,10,17:00-19:00,0,0,1
คู่ขนานวงแหวนตะวันออก-จตุโชติ,จตุโชติ,10,07:00-09:00,0,0,1
คู่ขนานวงแหวนตะวันออก-จตุโชติ,จตุโชติ,10,09:00-17:00,0,0,1
คู่ขนานวงแหวนตะวันออก-จตุโชติ,จตุโชติ,10,17:00-19:00,0,0,1
คู้คลองสิบซอย7,คู้คลองสิบ,5,07:00-09:00,0,1,0
คู้คลองสิบซอย7,คู้คลองสิบ,5,09:00-16:00,0,1,0
คู้คลองสิบซอย7,คู้คลองสิบ,5,16:00-19:00,0,1,0
คู้บอน,ซอยคู้บอน,8,07:00-09:00,0,1,0
คู้บอน,ซอยคู้บอน,8,09:00-16:00,0,1,0
คู้บอน,ซอยคู้บอน,8,16:00-19:00,0,1,0
คู้บอน,รามอินทรา,8,07:00-09:00,0,1,0
คู้บอน,รามอินทรา,8,09:00-16:00,0,1,0
คู้บอน,รามอินทรา,8,16:00-19:00,0,1,0
คู้บอน-พระยาสุเรนทร์-เลียบคลองสอง,คู้บอน,10,07:00-09:00,0,0,2
คู้บอน-พระยาสุเรนทร์-เลียบคลองสอง,คู้บอน,10,09:00-16:00,0,0,1
คู้บอน-พระยาสุเรนทร์-เลียบคลองสอง,คู้บอน,10,09:00-17:00,0,0,1
คู้บอน-พระยาสุเรนทร์-เลียบคลองสอง,คู้บอน,10,16:00-19:00,0,0,1
คู้บอน-พระยาสุเรนทร์-เลียบคลองสอง,คู้บอน,10,17:00-19:00,0,0,1
คู้บอน-พระยาสุเรนทร์-เลียบคลองสอง,พระยาสุเรนทร์,10,07:00-09:00,0,0,2
คู้บอน-พระยาสุเรนทร์-เลียบคลองสอง,พระยาสุเรนทร์,10,09:00-16:00,0,0,1
คู้บอน-พระยาสุเรนทร์-เลียบคลองสอง,พระยาสุเรนทร์,10,09:00-17:00,0,0,1
คู้บอน-พระยาสุเรนทร์-เลียบคลองสอง,พระยาสุเรนทร์,10,16:00-19:00,0,0,1
คู้บอน-พระยาสุเรนทร์-เลียบคลองสอง,พระยาสุเรนทร์,10,17:00-19:00,0,0,1
คู้บอน-พระยาสุเรนทร์-เลียบคลองสอง,เลียบคลองสอง,10,07:00-09:00,0,0,2
คู้บอน-พระยาสุเรนทร์-เลียบคลองสอง,เลียบคลองสอง,10,09:00-16:00,0,0,1
คู้บอน-พระยาสุเรนทร์-เลียบคลองสอง,เลียบคลองสอง,10,09:00-17:00,0,0,1
คู้บอน-พระยาสุเรนทร์-เลียบคลองสอง,เลียบคลองสอง,10,16:00-19:00,0,0,1
คู้บอน-พระยาสุเรนทร์-เลียบคลองสอง,เลียบคลองสอง,10,17:00-19:00,0,0,1
คู้บอน-พระยาสุเรนท์,คู้บอน,1,07:00-09:00,0,1,0
คู้บอน-พระยาสุเรนท์,คู้บอน,1,09:00-16:00,0,1,0
คู้บอน-พระยาสุเรนท์,คู้บอน,1,16:00-19:00,0,1,0
คู้บอน-พระยาสุเรนท์,พระยาสุเรนทร์,1,07:00-09:00,0,1,0
คู้บอน-พระยาสุเรนท์,พระยาสุเรนทร์,1,09:00-16:00,0,1,0
คู้บอน-พระยาสุเรนท์,พระยาสุเรนทร์,1,16:00-19:00,0,1,0
คู้บอน-พระยาสุเรนท์,เลียบคลองสอง,1,07:00-09:00,0,1,0
คู้บอน-พระยาสุเรนท์,เลียบคลองสอง,1,09:00-16:00,0,1,0
คู้บอน-พระยาสุเรนท์,เลียบคลองสอง,1,16:00-19:00,0,1,0
คู้บอน6,คู้บอน,5,07:00-09:00,0,0,1
คู้บอน6,คู้บอน,5,09:00-17:00,0,0,1
คู้บอน6,คู้บอน,5,17:00-19:00,0,0,1
คู้บอน6,คู้บอน6,5,07:00-09:00,0,0,1
คู้บอน6,คู้บอน6,5,09:00-17:00,0,0,1
คู้บอน6,คู้บอน6,5,17:00-19:00,0,0,1
จ.ป.ร,จักรพรรดิพงษ์,11,07:00-09:00,1,0,0
จ.ป.ร,จักรพรรดิพงษ์,11,09:00-16:00,1,0,0
จ.ป.ร,จักรพรรดิพงษ์,11,16:00-19:00,1,0,0
จ.ป.ร,ราชดำเนฉินนอก,11,07:00-09:00,1,0,0
จ.ป.ร,ราชดำเนฉินนอก,11,09:00-16:00,1,0,0
จ.ป.ร,ราชดำเนฉินนอก,11,16:00-19:00,1,0,0
จ.ป.ร.,จักรพรรดิพงษ์,3,07:00-09:00,0,0,1
จ.ป.ร.,จักรพรรดิพงษ์,3,09:00-17:00,0,0,1
จ.ป.ร.,จักรพรรดิพงษ์,3,17:00-19:00,0,0,1
จ.ป.ร.,จักรพรรดิพงษ์,11,07:00-09:00,0,0,1
จ.ป.ร.,จักรพรรดิพงษ์,11,09:00-16:00,0,0,1
จ.ป.ร.,จักรพรรดิพงษ์,11,16:00-19:00,0,0,1
จ.ป.ร.,จักรพรรดิพงษ์,12,07:00-09:00,0,1,0
จ.ป.ร.,จักรพรรดิพงษ์,12,09:00-16:00,0,1,0
จ.ป.ร.,จักรพรรดิพงษ์,12,16:00-19:00,0,1,0
จ.ป.ร.,ราขดำเนินนอก,11,07:00-09:00,0,0,1
จ.ป.ร.,ราขดำเนินนอก,11,09:00-16:00,0,0,1
จ.ป.ร.,ราขดำเนินนอก,11,16:00-19:00,0,0,1
จ.ป.ร.,ราชดำเนินนอก,3,07:00-09:00,0,0,1
จ.ป.ร.,ราชดำเนินนอก,3,09:00-17:00,0,0,1
จ.ป.ร.,ราชดำเนินนอก,3,17:00-19:00,0,0,1
จ.ป.ร.,ราชดําเนินนอก,12,07:00-09:00,0,1,0
จ.ป.ร.,ราชดําเนินนอก,12,09:00-16:00,0,1,0
จ.ป.ร.,ราชดําเนินนอก,12,16:00-19:00,0,1,0
จ.ป.ร.,วิสุทธิ์กษัตริย์,3,07:00-09:00,0,0,1
จ.ป.ร.,วิสุทธิ์กษัตริย์,3,09:00-17:00,0,0,1
จ.ป.ร.,วิสุทธิ์กษัตริย์,3,17:00-19:00,0,0,1
จตุโชติ,จตุโชติ,3,07:00-09:00,0,0,1
จตุโชติ,จตุโชติ,3,09:00-17:00,0,0,1
จตุโชติ,จตุโชติ,3,17:00-19:00,0,0,1
จตุโชติ,สุขาภิบาล5,3,07:00-09:00,0,0,1
จตุโชติ,สุขาภิบาล5,3,09:00-17:00,0,0,1
จตุโชติ,สุขาภิบาล5,3,17:00-19:00,0,0,1
จปร.,ถนนจักรพรรดิพงษ์,11,07:00-09:00,0,0,1
จปร.,ถนนจักรพรรดิพงษ์,11,09:00-17:00,0,0,1
จปร.,ถนนจักรพรรดิพงษ์,11,17:00-19:00,0,0,1
จปร.,ถนนราชดำเนินนอก,11,09:00-17:00,0,0,1
จปร.,ถนนราชดำเนินนอก,11,17:00-19:00,0,0,1
จปร.,ถนนวิสุทธิกษัตริย์,11,07:00-09:00,0,0,1
จปร.,ถนนวิสุทธิกษัตริย์,11,09:00-17:00,0,0,1
จปร.,ถนนวิสุทธิกษัตริย์,11,17:00-19:00,0,0,1
จรัญสนิทวงศ์-สุทธาวาส,จรัญสนิทวงศ์,2,07:00-09:00,0,0,1
จรัญสนิทวงศ์-สุทธาวาส,จรัญสนิทวงศ์,2,09:00-16:00,0,0,1
จรัญสนิทวงศ์-สุทธาวาส,จรัญสนิทวงศ์,2,16:00-19:00,0,0,1
จรัญสนิทวงศ์-สุทธาวาส,สุทธาวาส,2,07:00-09:00,0,0,1
จรัญสนิทวงศ์-สุทธาวาส,สุทธาวาส,2,09:00-16:00,0,0,1
จรัญสนิทวงศ์-สุทธาวาส,สุทธาวาส,2,16:00-19:00,0,0,1
จรัญสนิทวงศ์-สุทธาวาส,เลียบทางรถไฟตลิ่งชัน,2,07:00-09:00,0,0,1
จรัญสนิทวงศ์-สุทธาวาส,เลียบทางรถไฟตลิ่งชัน,2,09:00-16:00,0,0,1
จรัญสนิทวงศ์-สุทธาวาส,เลียบทางรถไฟตลิ่งชัน,2,16:00-19:00,0,0,1
จรัญสนิทวงศ์31/1,จรัญสนิทวงศ์,3,06:30-09:00,1,0,0
จรัญสนิทวงศ์31/1,จรัญสนิทวงศ์,3,09:00-16:00,1,0,0
จรัญสนิทวงศ์31/1,จรัญสนิทวงศ์,3,16:00-19:30,1,0,0
จรัญสนิทวงศ์31/1,ซอยจรัญสนิทวงศ์31/1,3,06:30-09:00,1,0,0
จรัญสนิทวงศ์31/1,ซอยจรัญสนิทวงศ์31/1,3,09:00-16:00,1,0,0
จรัญสนิทวงศ์31/1,ซอยจรัญสนิทวงศ์31/1,3,16:00-19:30,1,0,0
จรัญสนิทวงศ์35,จรัญสนิทวงศ์,2,07:00-09:00,0,0,1
จรัญสนิทวงศ์35,จรัญสนิทวงศ์,2,09:00-16:00,0,0,1
จรัญสนิทวงศ์35,จรัญสนิทวงศ์,2,16:00-19:00,0,0,1
จรัญสนิทวงศ์35,จรัญสนิทวงศ์,8,07:00-09:00,0,0,1
จรัญสนิทวงศ์35,จรัญสนิทวงศ์,8,09:00-17:00,0,0,1
จรัญสนิทวงศ์35,จรัญสนิทวงศ์,8,17:00-19:00,0,0,1
จรัญสนิทวงศ์35,จรัญสนิทวงศ์35,2,07:00-09:00,0,0,1
จรัญสนิทวงศ์35,จรัญสนิทวงศ์35,2,09:00-16:00,0,0,1
จรัญสนิทวงศ์35,จรัญสนิทวงศ์35,2,16:00-19:00,0,0,1
จรัญสนิทวงศ์35,จรัญสนิทวงศ์35,8,07:00-09:00,0,0,1
จรัญสนิทวงศ์35,จรัญสนิทวงศ์35,8,09:00-17:00,0,0,1
จรัญสนิทวงศ์35,จรัญสนิทวงศ์35,8,17:00-19:00,0,0,1
จอมทอง,จอมทอง,1,07:00-09:00,0,0,2
จอมทอง,จอมทอง,1,09:00-16:00,0,0,1
จอมทอง,จอมทอง,1,09:00-17:00,0,0,1
จอมทอง,จอมทอง,1,16:00-19:00,0,0,1
จอมทอง,จอมทอง,1,17:00-19:00,0,0,1
จอมทอง,จอมทอง,2,07:00-09:00,0,1,1
จอมทอง,จอมทอง,2,09:00-16:00,0,1,0
จอมทอง,จอมทอง,2,09:00-17:00,0,0,1
จอมทอง,จอมทอง,2,16:00-19:00,0,1,0
จอมทอง,จอมทอง,2,17:00-19:00,0,0,1
จอมทอง,จอมทอง,11,07:00-09:00,1,0,0
จอมทอง,จอมทอง,11,09:00-16:00,1,0,0
จอมทอง,จอมทอง,11,16:00-19:00,1,0,0
จอมทอง,วุฒากาศ,1,07:00-09:00,0,0,2
จอมทอง,วุฒากาศ,1,09:00-16:00,0,0,1
จอมทอง,วุฒากาศ,1,09:00-17:00,0,0,1
จอมทอง,วุฒากาศ,1,16:00-19:00,0,0,1
จอมทอง,วุฒากาศ,1,17:00-19:00,0,0,1
จอมทอง,วุฒากาศ,2,07:00-09:00,0,1,1
จอมทอง,วุฒากาศ,2,09:00-16:00,0,1,0
จอมทอง,วุฒากาศ,2,09:00-17:00,0,0,1
จอมทอง,วุฒากาศ,2,16:00-19:00,0,1,0
จอมทอง,วุฒากาศ,2,17:00-19:00,0,0,1
จอมทอง,วุฒากาศ,11,07:00-09:00,1,0,0
จอมทอง,วุฒากาศ,11,09:00-16:00,1,0,0
จอมทอง,วุฒากาศ,11,16:00-19:00,1,0,0
จอมทอง,เอกชัย,1,07:00-09:00,0,0,1
จอมทอง,เอกชัย,1,09:00-17:00,0,0,1
จอมทอง,เอกชัย,1,17:00-19:00,0,0,1
จอมทอง,เอกชัย,2,07:00-09:00,0,0,1
จอมทอง,เอกชัย,2,09:00-17:00,0,0,1
จอมทอง,เอกชัย,2,17:00-19:00,0,0,1
จักรพรรดิพงษ์,จักรพรรดิพงษ์,4,07:00-09:00,0,0,1
จักรพรรดิพงษ์,จักรพรรดิพงษ์,4,09:00-16:00,0,0,1
จักรพรรดิพงษ์,จักรพรรดิพงษ์,4,16:00-19:00,0,0,1
จักรพรรดิพงษ์,จักรพรรดิพงษ์,5,07:00-09:00,0,0,1
จักรพรรดิพงษ์,จักรพรรดิพงษ์,5,09:00-17:00,0,0,1
จักรพรรดิพงษ์,จักรพรรดิพงษ์,5,17:00-19:00,0,0,1
จักรพรรดิพงษ์,จักรพรรดิพงษ์,8,07:00-09:00,0,1,0
จักรพรรดิพงษ์,จักรพรรดิพงษ์,8,09:00-16:00,0,1,0
จักรพรรดิพงษ์,จักรพรรดิพงษ์,8,16:00-19:00,0,1,0
จักรพรรดิพงษ์,จักรพรรดิพงษ์,9,07:00-09:00,0,1,1
จักรพรรดิพงษ์,จักรพรรดิพงษ์,9,09:00-16:00,0,1,0
จักรพรรดิพงษ์,จักรพรรดิพงษ์,9,09:00-17:00,0,0,1
จักรพรรดิพงษ์,จักรพรรดิพงษ์,9,16:00-19:00,0,1,0
จักรพรรดิพงษ์,จักรพรรดิพงษ์,9,17:00-19:00,0,0,1
จักรพรรดิพงษ์,จักรพรรดิพงษ์,10,07:00-09:00,1,0,0
จักรพรรดิพงษ์,จักรพรรดิพงษ์,10,09:00-16:00,1,0,0
จักรพรรดิพงษ์,จักรพรรดิพงษ์,10,16:00-19:00,1,0,0
จักรพรรดิพงษ์,จักรพรรดิพงษ์,11,07:00-09:00,1,0,0
จักรพรรดิพงษ์,จักรพรรดิพงษ์,11,09:00-16:00,1,0,0
จักรพรรดิพงษ์,จักรพรรดิพงษ์,11,16:00-19:00,1,0,0
จักรพรรดิพงษ์,นครสวรรค์,4,07:00-09:00,0,0,1
จักรพรรดิพงษ์,นครสวรรค์,4,09:00-16:00,0,0,1
จักรพรรดิพงษ์,นครสวรรค์,4,16:00-19:00,0,0,1
จักรพรรดิพงษ์,นครสวรรค์,5,07:00-09:00,0,0,1
จักรพรรดิพงษ์,นครสวรรค์,5,09:00-17:00,0,0,1
จักรพรรดิพงษ์,นครสวรรค์,5,17:00-19:00,0,0,1
จักรพรรดิพงษ์,นครสวรรค์,8,07:00-09:00,0,1,0
จักรพรรดิพงษ์,นครสวรรค์,8,09:00-16:00,0,1,0
จักรพรรดิพงษ์,นครสวรรค์,8,16:00-19:00,0,1,0
จักรพรรดิพงษ์,นครสวรรค์,9,07:00-09:00,0,1,1
จักรพรรดิพงษ์,นครสวรรค์,9,09:00-16:00,0,1,0
จักรพรรดิพงษ์,นครสวรรค์,9,09:00-17:00,0,0,1
จักรพรรดิพงษ์,นครสวรรค์,9,16:00-19:00,0,1,0
จักรพรรดิพงษ์,นครสวรรค์,9,17:00-19:00,0,0,1
จักรพรรดิพงษ์,นครสวรรค์,10,07:00-09:00,1,0,0
จักรพรรดิพงษ์,นครสวรรค์,10,09:00-16:00,1,0,0
จักรพรรดิพงษ์,นครสวรรค์,10,16:00-19:00,1,0,0
จักรพรรดิพงษ์,นครสวรรค์,11,07:00-09:00,1,0,0
จักรพรรดิพงษ์,นครสวรรค์,11,09:00-16:00,1,0,0
จักรพรรดิพงษ์,นครสวรรค์,11,16:00-19:00,1,0,0
จันทน์-นราธิวาส,จันทน์,2,07:00-09:00,0,1,0
จันทน์-นราธิวาส,จันทน์,2,09:00-16:00,0,1,0
จันทน์-นราธิวาส,จันทน์,2,16:00-19:00,0,1,0
จันทน์-นราธิวาส,จันทน์,7,07:00-09:00,0,0,1
จันทน์-นราธิวาส,จันทน์,7,09:00-17:00,0,0,1
จันทน์-นราธิวาส,จันทน์,7,17:00-19:00,0,0,1
จันทน์-นราธิวาส,จันทน์,8,07:00-09:00,1,0,1
จันทน์-นราธิวาส,จันทน์,8,09:00-16:00,1,0,1
จันทน์-นราธิวาส,จันทน์,8,16:00-19:00,1,0,1
จันทน์-นราธิวาส,จันทน์,9,09:00-16:00,0,1,0
จันทน์-นราธิวาส,จันทน์,9,16:00-19:00,0,1,0
จันทน์-นราธิวาส,จันทน์,11,07:00-09:00,1,0,0
จันทน์-นราธิวาส,จันทน์,11,09:00-16:00,1,0,0
จันทน์-นราธิวาส,จันทน์,11,16:00-19:00,1,0,0
จันทน์-นราธิวาส,จันทน์,12,07:00-09:00,0,0,1
จันทน์-นราธิวาส,จันทน์,12,09:00-17:00,0,0,1
จันทน์-นราธิวาส,จันทน์,12,17:00-19:00,0,0,1
จันทน์-นราธิวาส,นราธิวาสราชนครินทร์,2,07:00-09:00,0,1,0
จันทน์-นราธิวาส,นราธิวาสราชนครินทร์,2,09:00-16:00,0,1,0
จันทน์-นราธิวาส,นราธิวาสราชนครินทร์,2,16:00-19:00,0,1,0
จันทน์-นราธิวาส,นราธิวาสราชนครินทร์,8,07:00-09:00,0,0,1
จันทน์-นราธิวาส,นราธิวาสราชนครินทร์,8,09:00-16:00,0,0,1
จันทน์-นราธิวาส,นราธิวาสราชนครินทร์,8,16:00-19:00,0,0,1
จันทน์-นราธิวาส,นราธิวาสราชนครินทร์,9,09:00-16:00,0,1,0
จันทน์-นราธิวาส,นราธิวาสราชนครินทร์,9,16:00-19:00,0,1,0
จันทน์-นราธิวาส,นราธิวาสราชนครินทร์,11,07:00-09:00,1,0,0
จันทน์-นราธิวาส,นราธิวาสราชนครินทร์,11,09:00-16:00,1,0,0
จันทน์-นราธิวาส,นราธิวาสราชนครินทร์,11,16:00-19:00,1,0,0
จันทน์-นราธิวาส,นราธิวาสราชนครินทร์,12,07:00-09:00,0,0,1
จันทน์-นราธิวาส,นราธิวาสราชนครินทร์,12,09:00-17:00,0,0,1
จันทน์-นราธิวาส,นราธิวาสราชนครินทร์,12,17:00-19:00,0,0,1
จันทน์-นราธิวาส,นราธิวาสฯ,7,07:00-09:00,0,0,1
จันทน์-นราธิวาส,นราธิวาสฯ,7,09:00-17:00,0,0,1
จันทน์-นราธิวาส,นราธิวาสฯ,7,17:00-19:00,0,0,1
จันทน์-นราธิวาส,นราธิวาสฯ,8,07:00-09:00,1,0,0
จันทน์-นราธิวาส,นราธิวาสฯ,8,09:00-16:00,1,0,0
จันทน์-นราธิวาส,นราธิวาสฯ,8,16:00-19:00,1,0,0
จันทน์-เจริญราษฎร์,จันทน์,2,07:00-09:00,0,0,1
จันทน์-เจริญราษฎร์,จันทน์,2,09:00-17:00,0,0,1
จันทน์-เจริญราษฎร์,จันทน์,2,17:00-19:00,0,0,1
จันทน์-เจริญราษฎร์,จันทน์,4,07:00-09:00,0,0,1
จันทน์-เจริญราษฎร์,จันทน์,4,09:00-17:00,0,0,1
จันทน์-เจริญราษฎร์,จันทน์,4,17:00-19:00,0,0,1
จันทน์-เจริญราษฎร์,จันทน์,6,07:00-09:00,0,0,1
จันทน์-เจริญราษฎร์,จันทน์,6,09:00-17:00,0,0,1
จันทน์-เจริญราษฎร์,จันทน์,6,17:00-19:00,0,0,1
จันทน์-เจริญราษฎร์,จันทน์,8,07:00-09:00,0,1,0
จันทน์-เจริญราษฎร์,จันทน์,8,09:00-16:00,0,1,0
จันทน์-เจริญราษฎร์,จันทน์,8,16:00-19:00,0,1,0
จันทน์-เจริญราษฎร์,จันทน์,9,07:00-09:00,1,0,0
จันทน์-เจริญราษฎร์,จันทน์,9,09:00-16:00,1,0,0
จันทน์-เจริญราษฎร์,จันทน์,9,16:00-19:00,1,0,0
จันทน์-เจริญราษฎร์,จันทน์,10,07:00-09:00,1,0,0
จันทน์-เจริญราษฎร์,จันทน์,10,09:00-16:00,1,0,0
จันทน์-เจริญราษฎร์,จันทน์,10,16:00-19:00,1,0,0
จันทน์-เจริญราษฎร์,เจริญราษฎร์,2,07:00-09:00,0,0,1
จันทน์-เจริญราษฎร์,เจริญราษฎร์,2,09:00-17:00,0,0,1
จันทน์-เจริญราษฎร์,เจริญราษฎร์,2,17:00-19:00,0,0,1
จันทน์-เจริญราษฎร์,เจริญราษฎร์,4,07:00-09:00,0,0,1
จันทน์-เจริญราษฎร์,เจริญราษฎร์,4,09:00-17:00,0,0,1
จันทน์-เจริญราษฎร์,เจริญราษฎร์,4,17:00-19:00,0,0,1
จันทน์-เจริญราษฎร์,เจริญราษฎร์,6,07:00-09:00,0,0,1
จันทน์-เจริญราษฎร์,เจริญราษฎร์,6,09:00-17:00,0,0,1
จันทน์-เจริญราษฎร์,เจริญราษฎร์,6,17:00-19:00,0,0,1
จันทน์-เจริญราษฎร์,เจริญราษฎร์,8,07:00-09:00,0,1,0
จันทน์-เจริญราษฎร์,เจริญราษฎร์,8,09:00-16:00,0,1,0
จันทน์-เจริญราษฎร์,เจริญราษฎร์,8,16:00-19:00,0,1,0
จันทน์-เจริญราษฎร์,เจริญราษฎร์,9,07:00-09:00,1,0,0
จันทน์-เจริญราษฎร์,เจริญราษฎร์,9,09:00-16:00,1,0,0
จันทน์-เจริญราษฎร์,เจริญราษฎร์,9,16:00-19:00,1,0,0
จันทน์-เจริญราษฎร์,เจริญราษฎร์,10,07:00-09:00,1,0,0
จันทน์-เจริญราษฎร์,เจริญราษฎร์,10,09:00-16:00,1,0,0
จันทน์-เจริญราษฎร์,เจริญราษฎร์,10,16:00-19:00,1,0,0
จันทน์-เซ็นหลุยส์,จันทน์,7,07:00-09:00,0,0,1
จันทน์-เซ็นหลุยส์,จันทน์,7,09:00-17:00,0,0,1
จันทน์-เซ็นหลุยส์,จันทน์,7,17:00-19:00,0,0,1
จันทน์-เซ็นหลุยส์,พระแม่มารี,7,07:00-09:00,0,0,1
จันทน์-เซ็นหลุยส์,พระแม่มารี,7,09:00-17:00,0,0,1
จันทน์-เซ็นหลุยส์,พระแม่มารี,7,17:00-19:00,0,0,1
จันทน์-เซ็นหลุยส์,เซ็นหลุยส์,7,07:00-09:00,0,0,1
จันทน์-เซ็นหลุยส์,เซ็นหลุยส์,7,09:00-17:00,0,0,1
จันทน์-เซ็นหลุยส์,เซ็นหลุยส์,7,17:00-19:00,0,0,1
จันทิมา,ลาดพร้าว,7,07:00-09:00,0,0,1
จันทิมา,ลาดพร้าว,7,09:00-17:00,0,0,1
จันทิมา,ลาดพร้าว,7,17:00-19:00,0,0,1
จันทิมา,ลาดพร้าว,11,07:00-09:00,0,0,1
จันทิมา,ลาดพร้าว,11,09:00-17:00,0,0,1
จันทิมา,ลาดพร้าว,11,17:00-19:00,0,0,1
จันทิมา,ลาดพร้าว80,7,07:00-09:00,0,0,1
จันทิมา,ลาดพร้าว80,7,09:00-17:00,0,0,1
จันทิมา,ลาดพร้าว80,7,17:00-19:00,0,0,1
จันทิมา,ลาดพร้าว80,11,07:00-09:00,0,0,1
จันทิมา,ลาดพร้าว80,11,09:00-17:00,0,0,1
จันทิมา,ลาดพร้าว80,11,17:00-19:00,0,0,1
จารุเมือง-จรัสเมือง,จรัสเมือง,9,07:00-09:00,0,0,1
จารุเมือง-จรัสเมือง,จรัสเมือง,9,09:00-16:00,0,0,1
จารุเมือง-จรัสเมือง,จรัสเมือง,9,16:00-19:00,0,0,1
จารุเมือง-จรัสเมือง,จารุเมือง,9,07:00-09:00,0,0,1
จารุเมือง-จรัสเมือง,จารุเมือง,9,09:00-16:00,0,0,1
จารุเมือง-จรัสเมือง,จารุเมือง,9,16:00-19:00,0,0,1
จารุเมือง-จรัสเมือง,พระรามที่6,9,07:00-09:00,0,0,1
จารุเมือง-จรัสเมือง,พระรามที่6,9,09:00-16:00,0,0,1
จารุเมือง-จรัสเมือง,พระรามที่6,9,16:00-19:00,0,0,1
จุดกลับรถการประปาสาขาสุวรรณภูมิ,หลวงแพ่ง,6,07:00-09:00,0,0,1
จุดกลับรถการประปาสาขาสุวรรณภูมิ,หลวงแพ่ง,6,09:00-17:00,0,0,1
จุดกลับรถการประปาสาขาสุวรรณภูมิ,หลวงแพ่ง,6,17:00-19:00,0,0,1
จุดกลับรถก่อนถึงทางเข้าหน้าวัดหนองผักชี(ใกล้ชุมชนระเบียงทอง3),รัตนโกสินทร์สมโภชน์,8,07:00-09:00,1,0,0
จุดกลับรถก่อนถึงทางเข้าหน้าวัดหนองผักชี(ใกล้ชุมชนระเบียงทอง3),รัตนโกสินทร์สมโภชน์,8,09:00-16:00,1,0,0
จุดกลับรถก่อนถึงทางเข้าหน้าวัดหนองผักชี(ใกล้ชุมชนระเบียงทอง3),รัตนโกสินทร์สมโภชน์,8,16:00-19:00,1,0,0
จุดกลับรถซอยเทียนทะเล1,เทียนทะเล,4,07:00-09:00,1,0,0
จุดกลับรถซอยเทียนทะเล1,เทียนทะเล,4,09:00-16:00,1,0,0
จุดกลับรถซอยเทียนทะเล1,เทียนทะเล,4,16:00-19:00,1,0,0
จุดกลับรถซอยเทียนทะเล11,เทียนทะเล,4,07:00-09:00,1,0,0
จุดกลับรถซอยเทียนทะเล11,เทียนทะเล,4,09:00-16:00,1,0,0
จุดกลับรถซอยเทียนทะเล11,เทียนทะเล,4,16:00-19:00,1,0,0
จุดกลับรถถนนลาดพร้าว(ใต้ทางด่วนฉลองรัช),ลาดพร้าว,7,07:00-09:00,0,0,1
จุดกลับรถถนนลาดพร้าว(ใต้ทางด่วนฉลองรัช),ลาดพร้าว,7,09:00-17:00,0,0,1
จุดกลับรถถนนลาดพร้าว(ใต้ทางด่วนฉลองรัช),ลาดพร้าว,7,17:00-19:00,0,0,1
จุดกลับรถบางขุนเทียน14,บางขุนเทียนชายทะเล,9,06:30-09:00,1,0,0
จุดกลับรถบางขุนเทียน14,บางขุนเทียนชายทะเล,9,07:00-09:00,1,0,0
จุดกลับรถบางขุนเทียน14,บางขุนเทียนชายทะเล,9,09:00-16:00,2,0,0
จุดกลับรถบางขุนเทียน14,บางขุนเทียนชายทะเล,9,16:00-19:00,1,0,0
จุดกลับรถบางขุนเทียน14,บางขุนเทียนชายทะเล,9,16:00-19:30,1,0,0
จุดกลับรถปากซอยอ่อนนุช59,อ่อนนุช,4,07:00-09:00,0,0,1
จุดกลับรถปากซอยอ่อนนุช59,อ่อนนุช,4,09:00-17:00,0,0,1
จุดกลับรถปากซอยอ่อนนุช59,อ่อนนุช,4,17:00-19:00,0,0,1
จุดกลับรถปากซอยอ่อนนุช59,อ่อนนุช59,4,07:00-09:00,0,0,1
จุดกลับรถปากซอยอ่อนนุช59,อ่อนนุช59,4,09:00-17:00,0,0,1
จุดกลับรถปากซอยอ่อนนุช59,อ่อนนุช59,4,17:00-19:00,0,0,1
จุดกลับรถศรีนครินทร์หน้าเต็นท์รถเอพี,ศรีนครินทร์,1,07:00-09:00,0,0,1
จุดกลับรถศรีนครินทร์หน้าเต็นท์รถเอพี,ศรีนครินทร์,1,09:00-17:00,0,0,1
จุดกลับรถศรีนครินทร์หน้าเต็นท์รถเอพี,ศรีนครินทร์,1,17:00-19:00,0,0,1
จุดกลับรถหน้าวัดหนองผักชี,รัตนโกสินทร์สมโภชน์,8,07:00-09:00,1,0,0
จุดกลับรถหน้าวัดหนองผักชี,รัตนโกสินทร์สมโภชน์,8,09:00-16:00,1,0,0
จุดกลับรถหน้าวัดหนองผักชี,รัตนโกสินทร์สมโภชน์,8,16:00-19:00,1,0,0
จุดกลับรถหน้าโชว์รูมฟอรด์ใกล้ชอยลาดกระบัง1/5,ลาดกระบัง,7,07:00-09:00,1,0,0
จุดกลับรถหน้าโชว์รูมฟอรด์ใกล้ชอยลาดกระบัง1/5,ลาดกระบัง,7,09:00-16:00,1,0,0
จุดกลับรถหน้าโชว์รูมฟอรด์ใกล้ชอยลาดกระบัง1/5,ลาดกระบัง,7,16:00-19:00,1,0,0
จุดกลับรถหน้าไปรษณีย์บางบอน,ประชาอุทิศ,8,07:00-09:00,0,0,1
จุดกลับรถหน้าไปรษณีย์บางบอน,เอกชัย,8,07:00-09:00,0,0,1
จุดกลับรถหน้าไปรษณีย์บางบอน,เอกชัย,8,09:00-16:00,0,0,1
จุดกลับรถหน้าไปรษณีย์บางบอน,เอกชัย,8,16:00-19:00,0,0,1
จุดกลับรถเพชรเกษม98,เพชรเกษม,2,07:00-09:00,0,0,1
จุดกลับรถเพชรเกษม98,เพชรเกษม,2,09:00-17:00,0,0,1
จุดกลับรถเพชรเกษม98,เพชรเกษม,2,17:00-19:00,0,0,1
จุดกลับรถแอมคาร์ออดิโอ,หลวงแพ่ง,6,07:00-09:00,0,0,1
จุดกลับรถแอมคาร์ออดิโอ,หลวงแพ่ง,6,09:00-17:00,0,0,1
จุดกลับรถแอมคาร์ออดิโอ,หลวงแพ่ง,6,17:00-19:00,0,0,1
จุดกลับรถใกล้ซอยพัฒนาการ89,พัฒนาการ,12,07:00-09:00,0,0,1
จุดกลับรถใกล้ซอยพัฒนาการ89,พัฒนาการ,12,09:00-17:00,0,0,1
จุดกลับรถใกล้ซอยพัฒนาการ89,พัฒนาการ,12,17:00-19:00,0,0,1
จุดกลับรถใกล้โฮมโปรพระราม9,พระราม9,9,07:00-09:00,0,0,1
จุดกลับรถใกล้โฮมโปรพระราม9,พระราม9,9,09:00-17:00,0,0,1
จุดกลับรถใกล้โฮมโปรพระราม9,พระราม9,9,17:00-19:00,0,0,1
จุดตัดถนนบางระมาด-กาญจนาภิเษก,วัดอินทราวาส,3,07:00-09:00,1,0,0
จุดตัดถนนบางระมาด-กาญจนาภิเษก,วัดอินทราวาส,3,09:00-16:00,1,0,0
จุดตัดถนนบางระมาด-กาญจนาภิเษก,วัดอินทราวาส,3,16:00-19:00,1,0,0
จุดตัดถนนราชพฤกษ์,วัดอินทราวาส,3,07:00-09:00,1,0,0
จุดตัดถนนราชพฤกษ์,วัดอินทราวาส,3,09:00-16:00,1,0,0
จุดตัดถนนราชพฤกษ์,วัดอินทราวาส,3,16:00-19:00,1,0,0
จุดตัดถนนราชพฤกษ์,วัดอินทราวาส,5,07:00-09:00,1,0,0
จุดตัดถนนราชพฤกษ์,วัดอินทราวาส,5,09:00-16:00,1,0,0
จุดตัดถนนราชพฤกษ์,วัดอินทราวาส,5,16:00-19:00,1,0,0
จุดตัดถนนลาดพร้าวกับถนนประดิษฐ์มนูธรรม,ลาดพร้าว,7,07:00-09:00,0,0,1
จุดตัดถนนลาดพร้าวกับถนนประดิษฐ์มนูธรรม,ลาดพร้าว,7,09:00-17:00,0,0,1
จุดตัดถนนลาดพร้าวกับถนนประดิษฐ์มนูธรรม,ลาดพร้าว,7,17:00-19:00,0,0,1
จุดตัดบางระมาด-กาญจนาภิเษก,บางระมาด,5,07:00-09:00,1,0,0
จุดตัดบางระมาด-กาญจนาภิเษก,บางระมาด,5,09:00-16:00,1,0,0
จุดตัดบางระมาด-กาญจนาภิเษก,บางระมาด,5,16:00-19:00,1,0,0
จุดตัดพุทธมณฑลสาย1,วัดอินทราวาส,3,07:00-09:00,1,0,0
จุดตัดพุทธมณฑลสาย1,วัดอินทราวาส,3,09:00-16:00,1,0,0
จุดตัดพุทธมณฑลสาย1,วัดอินทราวาส,3,16:00-19:00,1,0,0
จุดตัดพุทธมณฑลสาย1,วัดอินทราวาส,5,07:00-09:00,1,0,0
จุดตัดพุทธมณฑลสาย1,วัดอินทราวาส,5,09:00-16:00,1,0,0
จุดตัดพุทธมณฑลสาย1,วัดอินทราวาส,5,16:00-19:00,1,0,0
จุฬา12,จุฬา12,2,07:00-09:00,0,0,1
จุฬา12,จุฬา12,2,09:00-17:00,0,0,1
จุฬา12,จุฬา12,2,17:00-19:00,0,0,1
จุฬา12,จุฬา12,11,07:00-09:00,0,0,1
จุฬา12,จุฬา12,11,09:00-16:00,0,0,1
จุฬา12,จุฬา12,11,16:00-19:00,0,0,1
จุฬา12,จุฬา62,2,07:00-09:00,0,0,1
จุฬา12,จุฬา62,2,09:00-17:00,0,0,1
จุฬา12,จุฬา62,2,17:00-19:00,0,0,1
จุฬา12,ซอยจุฬา12,3,07:00-09:00,0,1,0
จุฬา12,ซอยจุฬา12,3,09:00-16:00,0,1,0
จุฬา12,ซอยจุฬา12,3,16:00-19:00,0,1,0
จุฬา12,ซอยจุฬา12,7,07:00-09:00,1,0,0
จุฬา12,ซอยจุฬา12,7,09:00-16:00,1,0,0
จุฬา12,ซอยจุฬา12,7,16:00-19:00,1,0,0
จุฬา12,ทางเข้าจุฬาฯ,11,07:00-09:00,0,0,1
จุฬา12,ทางเข้าจุฬาฯ,11,09:00-16:00,0,0,1
จุฬา12,ทางเข้าจุฬาฯ,11,16:00-19:00,0,0,1
จุฬา12,ทางเข้าออกม.จุฬา,3,07:00-09:00,0,1,0
จุฬา12,ทางเข้าออกม.จุฬา,3,09:00-16:00,0,1,0
จุฬา12,ทางเข้าออกม.จุฬา,3,16:00-19:00,0,1,0
จุฬา12,ทางเข้าออกม.จุฬา,7,07:00-09:00,1,0,0
จุฬา12,ทางเข้าออกม.จุฬา,7,09:00-16:00,1,0,0
จุฬา12,ทางเข้าออกม.จุฬา,7,16:00-19:00,1,0,0
จุฬา12,พญาไท,2,07:00-09:00,0,0,1
จุฬา12,พญาไท,2,09:00-17:00,0,0,1
จุฬา12,พญาไท,2,17:00-19:00,0,0,1
จุฬา12,พญาไท,3,07:00-09:00,0,1,0
จุฬา12,พญาไท,3,09:00-16:00,0,1,0
จุฬา12,พญาไท,3,16:00-19:00,0,1,0
จุฬา12,พญาไท,7,07:00-09:00,1,0,0
จุฬา12,พญาไท,7,09:00-16:00,1,0,0
จุฬา12,พญาไท,7,16:00-19:00,1,0,0
จุฬา12,พญาไท,11,07:00-09:00,0,0,1
จุฬา12,พญาไท,11,09:00-16:00,0,0,1
จุฬา12,พญาไท,11,16:00-19:00,0,0,1
ฉลองกรุง42,ฉลองกรุง,4,07:00-09:00,0,0,1
ฉลองกรุง42,ฉลองกรุง,4,09:00-17:00,0,0,1
ฉลองกรุง42,ฉลองกรุง,4,17:00-19:00,0,0,1
ฉลองกรุง42,ฉลองกรุง42,4,07:00-09:00,0,0,1
ฉลองกรุง42,ฉลองกรุง42,4,09:00-17:00,0,0,1
ฉลองกรุง42,ฉลองกรุง42,4,17:00-19:00,0,0,1
ชักพระ,ชักพระ,9,07:00-09:00,0,0,1
ชักพระ,ชักพระ,9,09:00-17:00,0,0,1
ชักพระ,ชักพระ,9,17:00-19:00,0,0,1
ชักพระ,ชัยพฤกษ์,9,07:00-09:00,0,0,1
ชักพระ,ชัยพฤกษ์,9,09:00-17:00,0,0,1
ชักพระ,ชัยพฤกษ์,9,17:00-19:00,0,0,1
ชิดลม,ชิดลม,5,06:30-09:00,1,0,0
ชิดลม,ชิดลม,5,09:00-16:00,1,0,0
ชิดลม,ชิดลม,5,16:00-19:30,1,0,0
ชิดลม,ชิดลม,7,07:00-09:00,0,0,1
ชิดลม,ชิดลม,7,09:00-17:00,0,0,1
ชิดลม,ชิดลม,7,17:00-19:00,0,0,1
ชิดลม,ซอยชิดลม,7,07:00-09:00,1,0,0
ชิดลม,ซอยชิดลม,7,09:00-16:00,1,0,0
ชิดลม,ซอยชิดลม,7,16:00-19:00,1,0,0
ชิดลม,เพลินจิต,5,07:00-09:00,1,0,0
ชิดลม,เพลินจิต,5,09:00-16:00,1,0,0
ชิดลม,เพลินจิต,5,16:00-19:00,1,0,0
ชิดลม,เพลินจิต,7,07:00-09:00,1,0,1
ชิดลม,เพลินจิต,7,09:00-16:00,1,0,0
ชิดลม,เพลินจิต,7,09:00-17:00,0,0,1
ชิดลม,เพลินจิต,7,16:00-19:00,1,0,0
ชิดลม,เพลินจิต,7,17:00-19:00,0,0,1
ชุมชนพัฒนาล็อค4-5-6,ทางขึ้นทางด่วน,2,07:00-09:00,1,0,0
ชุมชนพัฒนาล็อค4-5-6,ทางขึ้นทางด่วน,2,09:00-16:00,1,0,0
ชุมชนพัฒนาล็อค4-5-6,ทางขึ้นทางด่วน,2,16:00-19:00,1,0,0
ชุมชนพัฒนาล็อค4-5-6,ทางชุมชนพัฒนาล็อค4-5-6,2,07:00-09:00,1,0,0
ชุมชนพัฒนาล็อค4-5-6,ทางชุมชนพัฒนาล็อค4-5-6,2,09:00-16:00,1,0,0
ชุมชนพัฒนาล็อค4-5-6,ทางชุมชนพัฒนาล็อค4-5-6,2,16:00-19:00,1,0,0
ชุมชนพัฒนาล็อค4-5-6,อาจณรงค์,2,07:00-09:00,1,0,0
ชุมชนพัฒนาล็อค4-5-6,อาจณรงค์,2,09:00-16:00,1,0,0
ชุมชนพัฒนาล็อค4-5-6,อาจณรงค์,2,16:00-19:00,1,0,0
ชุมชนสวัสดิการหนองแขม,สวัสดิการ1,2,07:00-09:00,0,0,1
ชุมชนสวัสดิการหนองแขม,สวัสดิการ1,2,09:00-17:00,0,0,1
ชุมชนสวัสดิการหนองแขม,สวัสดิการ1,2,17:00-19:00,0,0,1
ช่างอากาศอุทิศ-เชิดวุฒากาศ,ช่างอากาศอุทิศ,9,07:00-09:00,0,0,1
ช่างอากาศอุทิศ-เชิดวุฒากาศ,ช่างอากาศอุทิศ,9,09:00-17:00,0,0,1
ช่างอากาศอุทิศ-เชิดวุฒากาศ,ช่างอากาศอุทิศ,9,17:00-19:00,0,0,1
ช่างอากาศอุทิศ-เชิดวุฒากาศ,เชิดวุฒากาศ/กำแพงเพชร,9,07:00-09:00,0,0,1
ช่างอากาศอุทิศ-เชิดวุฒากาศ,เชิดวุฒากาศ/กำแพงเพชร,9,09:00-17:00,0,0,1
ช่างอากาศอุทิศ-เชิดวุฒากาศ,เชิดวุฒากาศ/กำแพงเพชร,9,17:00-19:00,0,0,1
ซอยกรุงเทพกรีฑา20,กรุงเทพกรีฑา,3,07:00-09:00,1,0,0
ซอยกรุงเทพกรีฑา20,กรุงเทพกรีฑา,3,09:00-16:00,1,0,0
ซอยกรุงเทพกรีฑา20,กรุงเทพกรีฑา,3,16:00-19:00,1,0,0
ซอยกรุงเทพกรีฑา20,ซอยกรุงเทพกรีฑา20,3,07:00-09:00,1,0,0
ซอยกรุงเทพกรีฑา20,ซอยกรุงเทพกรีฑา20,3,09:00-16:00,1,0,0
ซอยกรุงเทพกรีฑา20,ซอยกรุงเทพกรีฑา20,3,16:00-19:00,1,0,0
ซอยกรุงเทพกรีฑา20,ซอยกรุงเทพกรีฑา37,3,07:00-09:00,1,0,0
ซอยกรุงเทพกรีฑา20,ซอยกรุงเทพกรีฑา37,3,09:00-16:00,1,0,0
ซอยกรุงเทพกรีฑา20,ซอยกรุงเทพกรีฑา37,3,16:00-19:00,1,0,0
ซอยคู้บอน34,คู้บอน,5,07:00-09:00,0,0,1
ซอยคู้บอน34,คู้บอน,5,09:00-17:00,0,0,1
ซอยคู้บอน34,คู้บอน,5,17:00-19:00,0,0,1
ซอยจรัญสนิทวงศ์3,จรัญสนิทวงศ์,9,07:00-09:00,1,0,0
ซอยจรัญสนิทวงศ์3,จรัญสนิทวงศ์,9,09:00-16:00,1,0,0
ซอยจรัญสนิทวงศ์3,จรัญสนิทวงศ์,9,16:00-19:00,1,0,0
ซอยจรัญสนิทวงศ์3,ซอยจรัญสนิทวงศ์,9,07:00-09:00,1,0,0
ซอยจรัญสนิทวงศ์3,ซอยจรัญสนิทวงศ์,9,09:00-16:00,1,0,0
ซอยจรัญสนิทวงศ์3,ซอยจรัญสนิทวงศ์,9,16:00-19:00,1,0,0
ซอยจรัญฯ94,จรัญสนิทวงศ์,7,07:00-09:00,0,1,0
ซอยจรัญฯ94,จรัญสนิทวงศ์,7,09:00-16:00,0,1,0
ซอยจรัญฯ94,จรัญสนิทวงศ์,7,16:00-19:00,0,1,0
ซอยจันทน์15/1,จันทน์,8,07:00-09:00,0,1,0
ซอยจันทน์15/1,จันทน์,8,09:00-16:00,0,1,0
ซอยจันทน์15/1,จันทน์,8,16:00-19:00,0,1,0
ซอยทวีวัฒนา9,ซอยทวีวัฒนา9,8,07:00-09:00,0,1,0
ซอยทวีวัฒนา9,ซอยทวีวัฒนา9,8,09:00-16:00,0,1,0
ซอยทวีวัฒนา9,ซอยทวีวัฒนา9,8,16:00-19:00,0,1,0
ซอยทวีวัฒนา9,ทวีวัฒนา,8,07:00-09:00,0,1,0
ซอยทวีวัฒนา9,ทวีวัฒนา,8,09:00-16:00,0,1,0
ซอยทวีวัฒนา9,ทวีวัฒนา,8,16:00-19:00,0,1,0
ซอยทองหล่อ13,ทองหล่อ,10,07:00-09:00,1,0,0
ซอยทองหล่อ13,ทองหล่อ,10,09:00-16:00,1,0,0
ซอยทองหล่อ13,ทองหล่อ,10,16:00-19:00,1,0,0
ซอยทองหล่อ23,ทองหล่อ,10,07:00-09:00,1,0,0
ซอยทองหล่อ23,ทองหล่อ,10,09:00-16:00,1,0,0
ซอยทองหล่อ23,ทองหล่อ,10,16:00-19:00,1,0,0
ซอยทองหล่อ25,ทองหล่อ,10,07:00-09:00,1,0,0
ซอยทองหล่อ25,ทองหล่อ,10,09:00-16:00,1,0,0
ซอยทองหล่อ25,ทองหล่อ,10,16:00-19:00,1,0,0
ซอยทองหล่อ3,ทองหล่อ,10,07:00-09:00,1,0,0
ซอยทองหล่อ3,ทองหล่อ,10,09:00-16:00,1,0,0
ซอยทองหล่อ3,ทองหล่อ,10,16:00-19:00,1,0,0
ซอยนราธิวาส10แยก18,นราธิวาสฯซอย8,9,07:00-09:00,0,0,1
ซอยนราธิวาส10แยก18,นราธิวาสฯซอย8,9,09:00-16:00,0,0,1
ซอยนราธิวาส10แยก18,นราธิวาสฯซอย8,9,16:00-19:00,0,0,1
ซอยนราธิวาสฯ20,นราธิวาสราชนครินทร์,7,07:00-09:00,0,1,0
ซอยนราธิวาสฯ20,นราธิวาสราชนครินทร์,7,09:00-16:00,0,1,0
ซอยนราธิวาสฯ20,นราธิวาสราชนครินทร์,7,16:00-19:00,0,1,0
ซอยนราธิวาสฯ24,นราธิวาสราชนครินทร์,7,07:00-09:00,0,1,0
ซอยนราธิวาสฯ24,นราธิวาสราชนครินทร์,7,09:00-16:00,0,1,0
ซอยนราธิวาสฯ24,นราธิวาสราชนครินทร์,7,16:00-19:00,0,1,0
ซอยนราธิวาสฯ9,นราธิวาสราชนครินทร์,7,07:00-09:00,0,1,0
ซอยนราธิวาสฯ9,นราธิวาสราชนครินทร์,7,09:00-16:00,0,1,0
ซอยนราธิวาสฯ9,นราธิวาสราชนครินทร์,7,16:00-19:00,0,1,0
ซอยพระราม3ซอย68,พระรามที่3,7,07:00-09:00,0,1,0
ซอยพระราม3ซอย68,พระรามที่3,7,09:00-16:00,0,1,0
ซอยพระราม3ซอย68,พระรามที่3,7,16:00-19:00,0,1,0
ซอยพร้อมจิตร,ซอยพร้อมจิตร,3,07:00-09:00,0,0,1
ซอยพร้อมจิตร,ซอยพร้อมจิตร,3,09:00-17:00,0,0,1
ซอยพร้อมจิตร,ซอยพร้อมจิตร,3,17:00-19:00,0,0,1
ซอยพร้อมพงษ์,ซอยพร้อมพงษ์,3,07:00-09:00,0,0,1
ซอยพร้อมพงษ์,ซอยพร้อมพงษ์,3,09:00-17:00,0,0,1
ซอยพร้อมพงษ์,ซอยพร้อมพงษ์,3,17:00-19:00,0,0,1
ซอยพหลโยธิน15,พหลโยธิน,8,07:00-09:00,0,1,0
ซอยพหลโยธิน15,พหลโยธิน,8,09:00-16:00,0,1,0
ซอยพหลโยธิน15,พหลโยธิน,8,16:00-19:00,0,1,0
ซอยพหลโยธิน18/2,พหลโยธิน,8,07:00-09:00,0,1,0
ซอยพหลโยธิน18/2,พหลโยธิน,8,09:00-16:00,0,1,0
ซอยพหลโยธิน18/2,พหลโยธิน,8,16:00-19:00,0,1,0
ซอยพหลโยธิน52แยก48,เทพรักษ์,3,07:00-09:00,1,0,0
ซอยพหลโยธิน52แยก48,เทพรักษ์,3,09:00-16:00,1,0,0
ซอยพหลโยธิน52แยก48,เทพรักษ์,3,16:00-19:00,1,0,0
ซอยพหลโยธิน52แยก48,เทพารักษ์,5,07:00-09:00,1,0,0
ซอยพหลโยธิน52แยก48,เทพารักษ์,5,09:00-16:00,1,0,0
ซอยพหลโยธิน52แยก48,เทพารักษ์,5,16:00-19:00,1,0,0
ซอยพัฒนาการ30,พัฒนาการ,1,07:00-09:00,0,0,1
ซอยพัฒนาการ30,พัฒนาการ,1,09:00-17:00,0,0,1
ซอยพัฒนาการ30,พัฒนาการ,1,17:00-19:00,0,0,1
ซอยพัฒนาการ30,พัฒนาการ30,1,07:00-09:00,0,0,1
ซอยพัฒนาการ30,พัฒนาการ30,1,09:00-17:00,0,0,1
ซอยพัฒนาการ30,พัฒนาการ30,1,17:00-19:00,0,0,1
ซอยพุทธบูชา38,พุทธบูชา,5,07:00-09:00,0,0,1
ซอยพุทธบูชา38,พุทธบูชา,5,09:00-17:00,0,0,1
ซอยพุทธบูชา38,พุทธบูชา,5,17:00-19:00,0,0,1
ซอยพุทธบูชา40และ42,พุทธบูชา,5,07:00-09:00,0,0,1
ซอยพุทธบูชา40และ42,พุทธบูชา,5,09:00-17:00,0,0,1
ซอยพุทธบูชา40และ42,พุทธบูชา,5,17:00-19:00,0,0,1
ซอยพุทธบูชา43,พุทธบูชา,5,07:00-09:00,0,0,1
ซอยพุทธบูชา43,พุทธบูชา,5,09:00-17:00,0,0,1
ซอยพุทธบูชา43,พุทธบูชา,5,17:00-19:00,0,0,1
ซอยพุทธบูชา44และ44/1,พุทธบูชา,5,07:00-09:00,0,0,1
ซอยพุทธบูชา44และ44/1,พุทธบูชา,5,09:00-17:00,0,0,1
ซอยพุทธบูชา44และ44/1,พุทธบูชา,5,17:00-19:00,0,0,1
ซอยมาเจริญ3,มาเจริญ,3,07:00-09:00,0,0,1
ซอยมาเจริญ3,มาเจริญ,3,09:00-17:00,0,0,1
ซอยมาเจริญ3,มาเจริญ,3,17:00-19:00,0,0,1
ซอยรัชดา30,รัชดาภิเษก,7,07:00-09:00,0,1,0
ซอยรัชดา30,รัชดาภิเษก,7,09:00-16:00,0,1,0
ซอยรัชดา30,รัชดาภิเษก,7,16:00-19:00,0,1,0
ซอยรัชดาภิเษก14,รัชดาภิเษก,8,07:00-09:00,0,1,0
ซอยรัชดาภิเษก14,รัชดาภิเษก,8,09:00-16:00,0,1,0
ซอยรัชดาภิเษก14,รัชดาภิเษก,8,16:00-19:00,0,1,0
ซอยรัชดาภิเษก3,รัชดาภิเษก,7,07:00-09:00,0,1,0
ซอยรัชดาภิเษก3,รัชดาภิเษก,7,09:00-16:00,0,1,0
ซอยรัชดาภิเษก3,รัชดาภิเษก,7,16:00-19:00,0,1,0
ซอยรัชดาภิเษก9,รัชดาภิเษก,7,07:00-09:00,0,1,0
ซอยรัชดาภิเษก9,รัชดาภิเษก,7,09:00-16:00,0,1,0
ซอยรัชดาภิเษก9,รัชดาภิเษก,7,16:00-19:00,0,1,0
ซอยรางน้ำ,พญาไท,8,07:00-09:00,0,1,0
ซอยรางน้ำ,พญาไท,8,09:00-16:00,0,1,0
ซอยรางน้ำ,พญาไท,8,16:00-19:00,0,1,0
ซอยราชปรารภ3,ราชปรารภ,7,07:00-09:00,0,1,0
ซอยราชปรารภ3,ราชปรารภ,7,09:00-16:00,0,1,0
ซอยราชปรารภ3,ราชปรารภ,7,16:00-19:00,0,1,0
ซอยราชวิถี6,ราชวิถี,8,07:00-09:00,0,1,0
ซอยราชวิถี6,ราชวิถี,8,09:00-16:00,0,1,0
ซอยราชวิถี6,ราชวิถี,8,16:00-19:00,0,1,0
ซอยรามบุตรี,จักรพงษ์,1,07:00-09:00,0,0,1
ซอยรามบุตรี,จักรพงษ์,1,09:00-17:00,0,0,1
ซอยรามบุตรี,จักรพงษ์,1,17:00-19:00,0,0,1
ซอยวชิรธรรมสาธิต6,สุขุมวิท101/1,10,07:00-09:00,0,0,1
ซอยวชิรธรรมสาธิต6,สุขุมวิท101/1,10,09:00-17:00,0,0,1
ซอยวชิรธรรมสาธิต6,สุขุมวิท101/1,10,17:00-19:00,0,0,1
ซอยวัดสุคันธาราม,ซอยวัดสุคันธาราม,10,07:00-09:00,0,1,0
ซอยวัดสุคันธาราม,ซอยวัดสุคันธาราม,10,09:00-16:00,0,1,0
ซอยวัดสุคันธาราม,ซอยวัดสุคันธาราม,10,16:00-19:00,0,1,0
ซอยวัดสุคันธาราม,สวรรคโลก,10,07:00-09:00,0,1,0
ซอยวัดสุคันธาราม,สวรรคโลก,10,09:00-16:00,0,1,0
ซอยวัดสุคันธาราม,สวรรคโลก,10,16:00-19:00,0,1,0
ซอยสมเด็จพระเจ้าตากสิน19,สมเด็จพระเจ้าตากสิน,8,07:00-09:00,0,1,0
ซอยสมเด็จพระเจ้าตากสิน19,สมเด็จพระเจ้าตากสิน,8,09:00-16:00,0,1,0
ซอยสมเด็จพระเจ้าตากสิน19,สมเด็จพระเจ้าตากสิน,8,16:00-19:00,0,1,0
ซอยสวัสดี,ซอยสวัสดี,3,07:00-09:00,0,0,1
ซอยสวัสดี,ซอยสวัสดี,3,09:00-17:00,0,0,1
ซอยสวัสดี,ซอยสวัสดี,3,17:00-19:00,0,0,1
ซอยสุขุมวิท2,สุขุมวิท,4,07:00-09:00,0,0,1
ซอยสุขุมวิท2,สุขุมวิท,4,09:00-17:00,0,0,1
ซอยสุขุมวิท2,สุขุมวิท,4,17:00-19:00,0,0,1
ซอยสุขุมวิท2,สุขุมวิท2,4,07:00-09:00,0,0,1
ซอยสุขุมวิท2,สุขุมวิท2,4,09:00-17:00,0,0,1
ซอยสุขุมวิท2,สุขุมวิท2,4,17:00-19:00,0,0,1
ซอยหัวหมาก21และ23,หัวหมาก,10,07:00-09:00,1,0,0
ซอยหัวหมาก21และ23,หัวหมาก,10,09:00-16:00,1,0,0
ซอยหัวหมาก21และ23,หัวหมาก,10,16:00-19:00,1,0,0
ซอยหัวหมาก25,หัวหมาก,10,07:00-09:00,1,0,0
ซอยหัวหมาก25,หัวหมาก,10,09:00-16:00,1,0,0
ซอยหัวหมาก25,หัวหมาก,10,16:00-19:00,1,0,0
ซอยอรุณมักกินนอน,วิทยุ,6,07:00-09:00,0,0,1
ซอยอรุณมักกินนอน,วิทยุ,6,09:00-17:00,0,0,1
ซอยอรุณมักกินนอน,วิทยุ,6,17:00-19:00,0,0,1
ซอยอรุณมักกินนอน,อรุณมักกินนอน,6,07:00-09:00,0,0,1
ซอยอรุณมักกินนอน,อรุณมักกินนอน,6,09:00-17:00,0,0,1
ซอยอรุณมักกินนอน,อรุณมักกินนอน,6,17:00-19:00,0,0,1
ซอยอ่อนนุช65,อ่อนนุช,3,07:00-09:00,0,0,1
ซอยอ่อนนุช65,อ่อนนุช,3,09:00-16:00,0,0,1
ซอยอ่อนนุช65,อ่อนนุช,3,16:00-19:00,0,0,1
ซอยอ่อนนุช65,อ่อนนุช65,3,07:00-09:00,0,0,1
ซอยอ่อนนุช65,อ่อนนุช65,3,09:00-16:00,0,0,1
ซอยอ่อนนุช65,อ่อนนุช65,3,16:00-19:00,0,0,1
ซอยเจริญกรุง61,เจริญกรุง,8,07:00-09:00,0,1,0
ซอยเจริญกรุง61,เจริญกรุง,8,09:00-16:00,0,1,0
ซอยเจริญกรุง61,เจริญกรุง,8,16:00-19:00,0,1,0
ซอยเจริญกุง33,เจริญกรุง,12,07:00-09:00,0,0,1
ซอยเจริญกุง33,เจริญกรุง,12,09:00-17:00,0,0,1
ซอยเจริญกุง33,เจริญกรุง,12,17:00-19:00,0,0,1
ซอยเฉลิมพระเกียรติร.967,เฉลิมพระเกียรติร.9,6,07:00-09:00,0,0,1
ซอยเฉลิมพระเกียรติร.967,เฉลิมพระเกียรติร.9,6,09:00-17:00,0,0,1
ซอยเฉลิมพระเกียรติร.967,เฉลิมพระเกียรติร.9,6,17:00-19:00,0,0,1
ซอยเชื่อมสัมพันธ์19/1,เชื่อมสัมพันธ์,1,07:00-09:00,0,0,1
ซอยเชื่อมสัมพันธ์19/1,เชื่อมสัมพันธ์,1,09:00-17:00,0,0,1
ซอยเชื่อมสัมพันธ์19/1,เชื่อมสัมพันธ์,1,17:00-19:00,0,0,1
ซอยเทอดไท21,ราชพฤกษ์,7,07:00-09:00,0,1,0
ซอยเทอดไท21,ราชพฤกษ์,7,09:00-16:00,0,1,0
ซอยเทอดไท21,ราชพฤกษ์,7,16:00-19:00,0,1,0
ซอยเทียนทะเล2,บางขุนเทียน-ชายทะเล,3,07:00-09:00,0,0,1
ซอยเทียนทะเล2,บางขุนเทียน-ชายทะเล,3,09:00-17:00,0,0,1
ซอยเทียนทะเล2,บางขุนเทียน-ชายทะเล,3,17:00-19:00,0,0,1
ซอยเทียนทะเล22,บางขุนเทียน-ชายทะเล,10,09:00-17:00,0,0,1
ซอยเทียนทะเล22,บางขุนเทียน-ชายทะเล,10,17:00-19:00,0,0,1
ซอยเทียนทะเล22,เทียนทะเล22,10,07:00-09:00,0,0,1
ซอยเทียนทะเล22,เทียนทะเล22,10,09:00-17:00,0,0,1
ซอยเทียนทะเล22,เทียนทะเล22,10,17:00-19:00,0,0,1
ซอยเทียนทะเล23,บางขุนเทียน-ชายทะเล,3,07:00-09:00,0,0,1
ซอยเทียนทะเล23,บางขุนเทียน-ชายทะเล,3,09:00-17:00,0,0,1
ซอยเทียนทะเล23,บางขุนเทียน-ชายทะเล,3,17:00-19:00,0,0,1
ซอยเพชรบุรี27,เพชรบุรี,7,07:00-09:00,0,1,0
ซอยเพชรบุรี27,เพชรบุรี,7,09:00-16:00,0,1,0
ซอยเพชรบุรี27,เพชรบุรี,7,16:00-19:00,0,1,0
ซอยเอกชัย15,เอกชัย,10,07:00-09:00,0,0,1
ซอยเอกชัย15,เอกชัย,10,09:00-17:00,0,0,1
ซอยเอกชัย15,เอกชัย,10,17:00-19:00,0,0,1
ซังฮี้,ราชวิถี,1,06:30-09:00,1,0,0
ซังฮี้,ราชวิถี,1,07:00-09:00,0,0,1
ซังฮี้,ราชวิถี,1,09:00-16:00,1,0,1
ซังฮี้,ราชวิถี,1,16:00-19:00,0,0,1
ซังฮี้,ราชวิถี,1,16:00-19:30,1,0,0
ซังฮี้,ราชวิถี,2,07:00-09:00,0,0,1
ซังฮี้,ราชวิถี,2,09:00-17:00,0,0,1
ซังฮี้,ราชวิถี,2,17:00-19:00,0,0,1
ซังฮี้,ราชวิถี,6,07:00-09:00,0,1,0
ซังฮี้,ราชวิถี,6,09:00-16:00,0,1,0
ซังฮี้,ราชวิถี,6,16:00-19:00,0,1,0
ซังฮี้,ราชวิถี,12,07:00-09:00,1,0,0
ซังฮี้,ราชวิถี,12,09:00-16:00,1,0,0
ซังฮี้,ราชวิถี,12,16:00-19:00,1,0,0
ซังฮี้,สามเสน,1,06:30-09:00,1,0,0
ซังฮี้,สามเสน,1,07:00-09:00,0,0,1
ซังฮี้,สามเสน,1,09:00-16:00,1,0,1
ซังฮี้,สามเสน,1,16:00-19:00,0,0,1
ซังฮี้,สามเสน,1,16:00-19:30,1,0,0
ซังฮี้,สามเสน,2,07:00-09:00,0,0,1
ซังฮี้,สามเสน,2,09:00-17:00,0,0,1
ซังฮี้,สามเสน,2,17:00-19:00,0,0,1
ซังฮี้,สามเสน,6,07:00-09:00,0,1,0
ซังฮี้,สามเสน,6,09:00-16:00,0,1,0
ซังฮี้,สามเสน,6,16:00-19:00,0,1,0
ซังฮี้,สามเสน,12,07:00-09:00,1,0,0
ซังฮี้,สามเสน,12,09:00-16:00,1,0,0
ซังฮี้,สามเสน,12,16:00-19:00,1,0,0
ณระนอง,ณระนอง,4,07:00-09:00,0,0,1
ณระนอง,ณระนอง,4,09:00-17:00,0,0,1
ณระนอง,ณระนอง,4,17:00-19:00,0,0,1
ณระนอง,ณระนอง,6,07:00-09:00,1,0,0
ณระนอง,ณระนอง,6,09:00-16:00,1,0,0
ณระนอง,ณระนอง,6,16:00-19:00,1,0,0
ณระนอง,ณระนอง,8,07:00-09:00,1,0,0
ณระนอง,ณระนอง,8,09:00-16:00,1,0,0
ณระนอง,ณระนอง,8,16:00-19:00,1,0,0
ณระนอง,พระรามที่3,4,07:00-09:00,0,0,1
ณระนอง,พระรามที่3,4,09:00-17:00,0,0,1
ณระนอง,พระรามที่3,4,17:00-19:00,0,0,1
ณระนอง,พระรามที่3,6,07:00-09:00,1,0,0
ณระนอง,พระรามที่3,6,09:00-16:00,1,0,0
ณระนอง,พระรามที่3,6,16:00-19:00,1,0,0
ณระนอง,พระรามที่3,8,07:00-09:00,1,0,0
ณระนอง,พระรามที่3,8,09:00-16:00,1,0,0
ณระนอง,พระรามที่3,8,16:00-19:00,1,0,0
ณระนอง,รัชดาภิเษก,4,07:00-09:00,0,0,1
ณระนอง,รัชดาภิเษก,4,09:00-17:00,0,0,1
ณระนอง,รัชดาภิเษก,4,17:00-19:00,0,0,1
ณระนอง,รัชดาภิเษก,6,07:00-09:00,1,0,0
ณระนอง,รัชดาภิเษก,6,09:00-16:00,1,0,0
ณระนอง,รัชดาภิเษก,6,16:00-19:00,1,0,0
ณระนอง,รัชดาภิเษก,8,07:00-09:00,1,0,0
ณระนอง,รัชดาภิเษก,8,09:00-16:00,1,0,0
ณระนอง,รัชดาภิเษก,8,16:00-19:00,1,0,0
ณระนอง,สุนทรโกษา,4,07:00-09:00,0,0,1
ณระนอง,สุนทรโกษา,4,09:00-17:00,0,0,1
ณระนอง,สุนทรโกษา,4,17:00-19:00,0,0,1
ณระนอง,สุนทรโกษา,6,07:00-09:00,1,0,0
ณระนอง,สุนทรโกษา,6,09:00-16:00,1,0,0
ณระนอง,สุนทรโกษา,6,16:00-19:00,1,0,0
ณระนอง,สุนทรโกษา,8,07:00-09:00,1,0,0
ณระนอง,สุนทรโกษา,8,09:00-16:00,1,0,0
ณระนอง,สุนทรโกษา,8,16:00-19:00,1,0,0
ดาวคะนอง,จอมทอง,1,07:00-09:00,0,0,1
ดาวคะนอง,จอมทอง,1,09:00-17:00,0,0,1
ดาวคะนอง,จอมทอง,1,17:00-19:00,0,0,1
ดาวคะนอง,จอมทอง,2,07:00-09:00,1,0,0
ดาวคะนอง,จอมทอง,2,09:00-16:00,1,0,0
ดาวคะนอง,จอมทอง,2,16:00-19:00,1,0,0
ดาวคะนอง,จอมทอง,3,07:00-09:00,0,1,0
ดาวคะนอง,จอมทอง,3,09:00-16:00,0,1,0
ดาวคะนอง,จอมทอง,3,16:00-19:00,0,1,0
ดาวคะนอง,จอมทอง,5,07:00-09:00,1,0,0
ดาวคะนอง,จอมทอง,5,09:00-16:00,1,0,0
ดาวคะนอง,จอมทอง,5,16:00-19:00,1,0,0
ดาวคะนอง,จอมทอง,10,07:00-09:00,0,0,1
ดาวคะนอง,จอมทอง,10,09:00-17:00,0,0,1
ดาวคะนอง,จอมทอง,10,17:00-19:00,0,0,1
ดาวคะนอง,จอมทอง,11,07:00-09:00,0,0,1
ดาวคะนอง,จอมทอง,11,09:00-16:00,0,0,1
ดาวคะนอง,จอมทอง,11,16:00-19:00,0,0,1
ดาวคะนอง,จอมทอง,12,07:00-09:00,1,0,0
ดาวคะนอง,จอมทอง,12,09:00-16:00,1,0,0
ดาวคะนอง,จอมทอง,12,16:00-19:00,1,0,0
ดาวคะนอง,สมเด็จพระเจ้าตากสิน,1,07:00-09:00,0,0,1
ดาวคะนอง,สมเด็จพระเจ้าตากสิน,1,09:00-17:00,0,0,1
ดาวคะนอง,สมเด็จพระเจ้าตากสิน,1,17:00-19:00,0,0,1
ดาวคะนอง,สมเด็จพระเจ้าตากสิน,2,07:00-09:00,1,0,0
ดาวคะนอง,สมเด็จพระเจ้าตากสิน,2,09:00-16:00,1,0,0
ดาวคะนอง,สมเด็จพระเจ้าตากสิน,2,16:00-19:00,1,0,0
ดาวคะนอง,สมเด็จพระเจ้าตากสิน,3,07:00-09:00,0,1,0
ดาวคะนอง,สมเด็จพระเจ้าตากสิน,3,09:00-16:00,0,1,0
ดาวคะนอง,สมเด็จพระเจ้าตากสิน,3,16:00-19:00,0,1,0
ดาวคะนอง,สมเด็จพระเจ้าตากสิน,5,07:00-09:00,1,0,0
ดาวคะนอง,สมเด็จพระเจ้าตากสิน,5,09:00-16:00,1,0,0
ดาวคะนอง,สมเด็จพระเจ้าตากสิน,5,16:00-19:00,1,0,0
ดาวคะนอง,สมเด็จพระเจ้าตากสิน,10,07:00-09:00,0,0,1
ดาวคะนอง,สมเด็จพระเจ้าตากสิน,10,09:00-17:00,0,0,1
ดาวคะนอง,สมเด็จพระเจ้าตากสิน,10,17:00-19:00,0,0,1
ดาวคะนอง,สมเด็จพระเจ้าตากสิน,11,07:00-09:00,0,0,1
ดาวคะนอง,สมเด็จพระเจ้าตากสิน,11,09:00-16:00,0,0,1
ดาวคะนอง,สมเด็จพระเจ้าตากสิน,11,16:00-19:00,0,0,1
ดาวคะนอง,สมเด็จพระเจ้าตากสิน,12,07:00-09:00,1,0,0
ดาวคะนอง,สมเด็จพระเจ้าตากสิน,12,09:00-16:00,1,0,0
ดาวคะนอง,สมเด็จพระเจ้าตากสิน,12,16:00-19:00,1,0,0
ดินแดง,ดินแดง,2,07:00-09:00,0,0,1
ดินแดง,ดินแดง,2,09:00-16:00,0,0,1
ดินแดง,ดินแดง,2,16:00-19:00,0,0,1
ดินแดง,วิภาวดีรังสิต,2,07:00-09:00,0,0,1
ดินแดง,วิภาวดีรังสิต,2,09:00-16:00,0,0,1
ดินแดง,วิภาวดีรังสิต,2,16:00-19:00,0,0,1
ดินแดง,อโศกดินแดง,2,07:00-09:00,0,0,1
ดินแดง,อโศกดินแดง,2,09:00-16:00,0,0,1
ดินแดง,อโศกดินแดง,2,16:00-19:00,0,0,1
ด่วนกำแพงเพชร,กำแพงเพชร,9,07:00-09:00,0,0,1
ด่วนกำแพงเพชร,กำแพงเพชร,9,09:00-17:00,0,0,1
ด่วนกำแพงเพชร,กำแพงเพชร,9,17:00-19:00,0,0,1
ด่วนกำแพงเพชร,เจษฎา,9,07:00-09:00,0,0,1
ด่วนกำแพงเพชร,เจษฎา,9,09:00-17:00,0,0,1
ด่วนกำแพงเพชร,เจษฎา,9,17:00-19:00,0,0,1
ด่วนนางลิ้นจี่,นางลิ้นจี่,2,07:00-09:00,0,1,0
ด่วนนางลิ้นจี่,นางลิ้นจี่,2,09:00-16:00,0,1,0
ด่วนนางลิ้นจี่,นางลิ้นจี่,2,16:00-19:00,0,1,0
ด่วนนางลิ้นจี่,นางลิ้นจี่,4,07:00-09:00,0,0,1
ด่วนนางลิ้นจี่,นางลิ้นจี่,4,09:00-17:00,0,0,1
ด่วนนางลิ้นจี่,นางลิ้นจี่,4,17:00-19:00,0,0,1
ด่วนนางลิ้นจี่,นางลิ้นจี่,6,07:00-09:00,0,0,1
ด่วนนางลิ้นจี่,นางลิ้นจี่,6,09:00-17:00,0,0,1
ด่วนนางลิ้นจี่,นางลิ้นจี่,6,17:00-19:00,0,0,1
ด่วนนางลิ้นจี่,นางลิ้นจี่,11,07:00-09:00,1,0,0
ด่วนนางลิ้นจี่,นางลิ้นจี่,11,09:00-16:00,1,0,0
ด่วนนางลิ้นจี่,นางลิ้นจี่,11,16:00-19:00,1,0,0
ด่วนนางลิ้นจี่,รัชดาภิเษก,2,07:00-09:00,0,1,0
ด่วนนางลิ้นจี่,รัชดาภิเษก,2,09:00-16:00,0,1,0
ด่วนนางลิ้นจี่,รัชดาภิเษก,2,16:00-19:00,0,1,0
ด่วนนางลิ้นจี่,รัชดาภิเษก,4,07:00-09:00,0,0,1
ด่วนนางลิ้นจี่,รัชดาภิเษก,4,09:00-17:00,0,0,1
ด่วนนางลิ้นจี่,รัชดาภิเษก,4,17:00-19:00,0,0,1
ด่วนนางลิ้นจี่,รัชดาภิเษก,6,07:00-09:00,0,0,1
ด่วนนางลิ้นจี่,รัชดาภิเษก,6,09:00-17:00,0,0,1
ด่วนนางลิ้นจี่,รัชดาภิเษก,6,17:00-19:00,0,0,1
ด่วนนางลิ้นจี่,รัชดาภิเษก,11,07:00-09:00,1,0,0
ด่วนนางลิ้นจี่,รัชดาภิเษก,11,09:00-16:00,1,0,0
ด่วนนางลิ้นจี่,รัชดาภิเษก,11,16:00-19:00,1,0,0
ด่วนประชาชื่น,ประชาชื่น,10,07:00-09:00,0,1,0
ด่วนประชาชื่น,ประชาชื่น,10,09:00-16:00,0,1,0
ด่วนประชาชื่น,ประชาชื่น,10,16:00-19:00,0,1,0
ด่วนประชาชื่น,ประชาชื่น,11,07:00-09:00,0,0,1
ด่วนประชาชื่น,ประชาชื่น,11,09:00-17:00,0,0,1
ด่วนประชาชื่น,ประชาชื่น,11,17:00-19:00,0,0,1
ด่วนประชาชื่น,สายสิน,10,07:00-09:00,0,1,0
ด่วนประชาชื่น,สายสิน,10,09:00-16:00,0,1,0
ด่วนประชาชื่น,สายสิน,10,16:00-19:00,0,1,0
ด่วนประชาชื่น,สายสิน,11,07:00-09:00,0,0,1
ด่วนประชาชื่น,สายสิน,11,09:00-17:00,0,0,1
ด่วนประชาชื่น,สายสิน,11,17:00-19:00,0,0,1
ด่วนสาธุ,รัชดาภิเษก,3,07:00-09:00,1,0,0
ด่วนสาธุ,รัชดาภิเษก,3,09:00-16:00,1,0,0
ด่วนสาธุ,รัชดาภิเษก,3,16:00-19:00,1,0,0
ด่วนสาธุ,รัชดาภิเษก,11,07:00-09:00,0,1,1
ด่วนสาธุ,รัชดาภิเษก,11,09:00-16:00,0,1,0
ด่วนสาธุ,รัชดาภิเษก,11,09:00-17:00,0,0,1
ด่วนสาธุ,รัชดาภิเษก,11,16:00-19:00,0,1,0
ด่วนสาธุ,รัชดาภิเษก,11,17:00-19:00,0,0,1
ด่วนสาธุ,สาธุประดิษฐ์,3,07:00-09:00,1,0,0
ด่วนสาธุ,สาธุประดิษฐ์,3,09:00-16:00,1,0,0
ด่วนสาธุ,สาธุประดิษฐ์,3,16:00-19:00,1,0,0
ด่วนสาธุ,สาธุประดิษฐ์,11,07:00-09:00,0,1,1
ด่วนสาธุ,สาธุประดิษฐ์,11,09:00-16:00,0,1,0
ด่วนสาธุ,สาธุประดิษฐ์,11,09:00-17:00,0,0,1
ด่วนสาธุ,สาธุประดิษฐ์,11,16:00-19:00,0,1,0
ด่วนสาธุ,สาธุประดิษฐ์,11,17:00-19:00,0,0,1
ด่วนสีลม,ขึ้น-ลงทางด่วนศรีรัช,9,07:00-09:00,1,0,0
ด่วนสีลม,ขึ้น-ลงทางด่วนศรีรัช,9,09:00-16:00,1,0,0
ด่วนสีลม,ขึ้น-ลงทางด่วนศรีรัช,9,16:00-19:00,1,0,0
ด่วนสีลม,ทางลงทางด่วน,6,06:30-09:00,0,1,0
ด่วนสีลม,ทางลงทางด่วน,6,09:00-16:00,0,1,0
ด่วนสีลม,ทางลงทางด่วน,6,16:00-19:30,0,1,0
ด่วนสีลม,สีลม,3,07:00-09:00,0,0,1
ด่วนสีลม,สีลม,3,09:00-17:00,0,0,1
ด่วนสีลม,สีลม,3,17:00-19:00,0,0,1
ด่วนสีลม,สีลม,6,06:30-09:00,0,1,0
ด่วนสีลม,สีลม,6,09:00-16:00,0,1,0
ด่วนสีลม,สีลม,6,16:00-19:30,0,1,0
ด่วนสีลม,สีลม,9,07:00-09:00,1,0,0
ด่วนสีลม,สีลม,9,09:00-16:00,1,0,0
ด่วนสีลม,สีลม,9,16:00-19:00,1,0,0
ด่วนสีลม,เลียบใต้ทางด่วน,3,07:00-09:00,0,0,1
ด่วนสีลม,เลียบใต้ทางด่วน,3,09:00-17:00,0,0,1
ด่วนสีลม,เลียบใต้ทางด่วน,3,17:00-19:00,0,0,1
ด่วนสีลม,เลียบใต้ทางด่วน,6,06:30-09:00,0,1,0
ด่วนสีลม,เลียบใต้ทางด่วน,6,09:00-16:00,0,1,0
ด่วนสีลม,เลียบใต้ทางด่วน,6,16:00-19:30,0,1,0
ด่วนสีลม,เลียบใต้ทางด่วน,9,07:00-09:00,1,0,0
ด่วนสีลม,เลียบใต้ทางด่วน,9,09:00-16:00,1,0,0
ด่วนสีลม,เลียบใต้ทางด่วน,9,16:00-19:00,1,0,0
ด่วนสุขุมวิท62,ซอยสุขุมวิท62,1,07:00-09:00,0,1,0
ด่วนสุขุมวิท62,ซอยสุขุมวิท62,1,09:00-16:00,0,1,0
ด่วนสุขุมวิท62,ซอยสุขุมวิท62,1,16:00-19:00,0,1,0
ด่วนสุขุมวิท62,ซอยสุขุมวิท62,7,07:00-09:00,1,0,0
ด่วนสุขุมวิท62,ซอยสุขุมวิท62,7,09:00-16:00,1,0,0
ด่วนสุขุมวิท62,ซอยสุขุมวิท62,7,16:00-19:00,1,0,0
ด่วนสุขุมวิท62,สุขุมวิท,1,07:00-09:00,0,1,0
ด่วนสุขุมวิท62,สุขุมวิท,1,09:00-16:00,0,1,0
ด่วนสุขุมวิท62,สุขุมวิท,1,16:00-19:00,0,1,0
ด่วนสุขุมวิท62,สุขุมวิท,5,07:00-09:00,0,0,1
ด่วนสุขุมวิท62,สุขุมวิท,5,09:00-17:00,0,0,2
ด่วนสุขุมวิท62,สุขุมวิท,5,17:00-19:00,0,0,2
ด่วนสุขุมวิท62,สุขุมวิท,7,07:00-09:00,1,0,0
ด่วนสุขุมวิท62,สุขุมวิท,7,09:00-16:00,1,0,0
ด่วนสุขุมวิท62,สุขุมวิท,7,16:00-19:00,1,0,0
ด่วนสุขุมวิท62,สุขุมวิท62,5,07:00-09:00,0,0,2
ด่วนสุขุมวิท62,สุขุมวิท62,5,09:00-17:00,0,0,2
ด่วนสุขุมวิท62,สุขุมวิท62,5,17:00-19:00,0,0,2
ด่วนเกษมราษฎร์,ทางขึ้นลงทางด่วน,1,07:00-09:00,0,0,1
ด่วนเกษมราษฎร์,ทางขึ้นลงทางด่วน,1,09:00-17:00,0,0,1
ด่วนเกษมราษฎร์,ทางขึ้นลงทางด่วน,1,17:00-19:00,0,0,1
ด่วนเกษมราษฎร์,ทางขึ้นลงทางด่วน,3,07:00-09:00,0,0,1
ด่วนเกษมราษฎร์,ทางขึ้นลงทางด่วน,3,09:00-17:00,0,0,1
ด่วนเกษมราษฎร์,ทางขึ้นลงทางด่วน,3,17:00-19:00,0,0,1
ด่วนเกษมราษฎร์,ทางขึ้นลงทางด่วน,6,07:00-09:00,0,1,0
ด่วนเกษมราษฎร์,ทางขึ้นลงทางด่วน,6,09:00-16:00,0,1,0
ด่วนเกษมราษฎร์,ทางขึ้นลงทางด่วน,6,16:00-19:00,0,1,0
ด่วนเกษมราษฎร์,ทางขึ้นลงทางด่วน,10,07:00-09:00,1,0,0
ด่วนเกษมราษฎร์,ทางขึ้นลงทางด่วน,10,09:00-16:00,1,0,0
ด่วนเกษมราษฎร์,ทางขึ้นลงทางด่วน,10,16:00-19:00,1,0,0
ด่วนเกษมราษฎร์,เกษมราษฎร์,1,07:00-09:00,0,0,1
ด่วนเกษมราษฎร์,เกษมราษฎร์,1,09:00-17:00,0,0,1
ด่วนเกษมราษฎร์,เกษมราษฎร์,1,17:00-19:00,0,0,1
ด่วนเกษมราษฎร์,เกษมราษฎร์,3,07:00-09:00,0,0,1
ด่วนเกษมราษฎร์,เกษมราษฎร์,3,09:00-17:00,0,0,1
ด่วนเกษมราษฎร์,เกษมราษฎร์,3,17:00-19:00,0,0,1
ด่วนเกษมราษฎร์,เกษมราษฎร์,6,07:00-09:00,0,1,0
ด่วนเกษมราษฎร์,เกษมราษฎร์,6,09:00-16:00,0,1,0
ด่วนเกษมราษฎร์,เกษมราษฎร์,6,16:00-19:00,0,1,0
ด่วนเกษมราษฎร์,เกษมราษฎร์,10,07:00-09:00,1,0,0
ด่วนเกษมราษฎร์,เกษมราษฎร์,10,09:00-16:00,1,0,0
ด่วนเกษมราษฎร์,เกษมราษฎร์,10,16:00-19:00,1,0,0
ด่วนเพลินจิต,ดวงพิทักษ์,4,07:00-09:00,0,1,0
ด่วนเพลินจิต,ดวงพิทักษ์,4,09:00-16:00,0,1,0
ด่วนเพลินจิต,ดวงพิทักษ์,4,16:00-19:00,0,1,0
ด่วนเพลินจิต,ดวงพิทักษ์,5,07:00-09:00,1,0,0
ด่วนเพลินจิต,ดวงพิทักษ์,5,09:00-16:00,1,0,0
ด่วนเพลินจิต,ดวงพิทักษ์,5,16:00-19:00,1,0,0
ด่วนเพลินจิต,ดวงพิทักษ์,8,07:00-09:00,0,0,1
ด่วนเพลินจิต,ดวงพิทักษ์,8,09:00-17:00,0,0,1
ด่วนเพลินจิต,ดวงพิทักษ์,8,17:00-19:00,0,0,1
ด่วนเพลินจิต,ถนนดวงพิทักษ์,4,07:00-09:00,0,0,1
ด่วนเพลินจิต,ถนนดวงพิทักษ์,4,09:00-17:00,0,0,1
ด่วนเพลินจิต,ถนนดวงพิทักษ์,4,17:00-19:00,0,0,1
ด่วนเพลินจิต,ถนนเพลินจิต,4,07:00-09:00,0,0,1
ด่วนเพลินจิต,ถนนเพลินจิต,4,09:00-17:00,0,0,1
ด่วนเพลินจิต,ถนนเพลินจิต,4,17:00-19:00,0,0,1
ด่วนเพลินจิต,ทางขึ้นลงทางด่วน,1,07:00-09:00,0,0,1
ด่วนเพลินจิต,ทางขึ้นลงทางด่วน,1,09:00-17:00,0,0,1
ด่วนเพลินจิต,ทางขึ้นลงทางด่วน,1,17:00-19:00,0,0,1
ด่วนเพลินจิต,ทางขึ้นลงทางด่วน,4,07:00-09:00,0,1,1
ด่วนเพลินจิต,ทางขึ้นลงทางด่วน,4,09:00-16:00,0,1,0
ด่วนเพลินจิต,ทางขึ้นลงทางด่วน,4,09:00-17:00,0,0,1
ด่วนเพลินจิต,ทางขึ้นลงทางด่วน,4,16:00-19:00,0,1,0
ด่วนเพลินจิต,ทางขึ้นลงทางด่วน,4,17:00-19:00,0,0,1
ด่วนเพลินจิต,ทางขึ้นลงทางด่วน,5,07:00-09:00,1,0,0
ด่วนเพลินจิต,ทางขึ้นลงทางด่วน,5,09:00-16:00,1,0,0
ด่วนเพลินจิต,ทางขึ้นลงทางด่วน,5,16:00-19:00,1,0,0
ด่วนเพลินจิต,ทางขึ้นลงทางด่วน,8,07:00-09:00,0,0,1
ด่วนเพลินจิต,ทางขึ้นลงทางด่วน,8,09:00-17:00,0,0,1
ด่วนเพลินจิต,ทางขึ้นลงทางด่วน,8,17:00-19:00,0,0,1
ด่วนเพลินจิต,สุขุมวิท,4,07:00-09:00,0,1,0
ด่วนเพลินจิต,สุขุมวิท,4,09:00-16:00,0,1,0
ด่วนเพลินจิต,สุขุมวิท,4,16:00-19:00,0,1,0
ด่วนเพลินจิต,สุขุมวิท,5,07:00-09:00,1,0,0
ด่วนเพลินจิต,สุขุมวิท,5,09:00-16:00,1,0,0
ด่วนเพลินจิต,สุขุมวิท,5,16:00-19:00,1,0,0
ด่วนเพลินจิต,สุขุมวิท,8,07:00-09:00,0,0,1
ด่วนเพลินจิต,สุขุมวิท,8,09:00-17:00,0,0,1
ด่วนเพลินจิต,สุขุมวิท,8,17:00-19:00,0,0,1
ด่วนเพลินจิต,เพลินจิต,1,07:00-09:00,0,0,1
ด่วนเพลินจิต,เพลินจิต,1,09:00-17:00,0,0,1
ด่วนเพลินจิต,เพลินจิต,1,17:00-19:00,0,0,1
ด่วนเพลินจิต,เพลินจิต,4,07:00-09:00,0,1,0
ด่วนเพลินจิต,เพลินจิต,4,09:00-16:00,0,1,0
ด่วนเพลินจิต,เพลินจิต,4,16:00-19:00,0,1,0
ด่วนเพลินจิต,เพลินจิต,5,07:00-09:00,1,0,0
ด่วนเพลินจิต,เพลินจิต,5,09:00-16:00,1,0,0
ด่วนเพลินจิต,เพลินจิต,5,16:00-19:00,1,0,0
ด่วนเพลินจิต,เพลินจิต,8,07:00-09:00,0,0,1
ด่วนเพลินจิต,เพลินจิต,8,09:00-17:00,0,0,1
ด่วนเพลินจิต,เพลินจิต,8,17:00-19:00,0,0,1
ตรงข้ามพระตำหนักจิตรลดารโหฐาน,พระรามที่5,8,07:00-09:00,0,1,0
ตรงข้ามพระตำหนักจิตรลดารโหฐาน,พระรามที่5,8,09:00-16:00,0,1,0
ตรงข้ามพระตำหนักจิตรลดารโหฐาน,พระรามที่5,8,16:00-19:00,0,1,0
ตรงข้ามลานจอดรถ2ตลาดสะพานใหม่,พหลโยธิน,12,07:00-09:00,0,1,0
ตรงข้ามลานจอดรถ2ตลาดสะพานใหม่,พหลโยธิน,12,09:00-16:00,0,1,0
ตรงข้ามลานจอดรถ2ตลาดสะพานใหม่,พหลโยธิน,12,16:00-19:00,0,1,0
ตรงข้ามวัดชำนิหัตถการ,ซอยที่1,10,07:00-09:00,0,0,1
ตรงข้ามวัดชำนิหัตถการ,ซอยที่1,10,09:00-17:00,0,0,1
ตรงข้ามวัดชำนิหัตถการ,ซอยที่1,10,17:00-19:00,0,0,1
ตรงข้ามวัดชำนิหัตถการ,ซอยที่2,10,07:00-09:00,0,0,1
ตรงข้ามวัดชำนิหัตถการ,ซอยที่2,10,09:00-17:00,0,0,1
ตรงข้ามวัดชำนิหัตถการ,ซอยที่2,10,17:00-19:00,0,0,1
ตรงข้ามวัดชำนิหัตถการ,พระรามที่1,10,07:00-09:00,0,0,1
ตรงข้ามวัดชำนิหัตถการ,พระรามที่1,10,09:00-17:00,0,0,1
ตรงข้ามวัดชำนิหัตถการ,พระรามที่1,10,17:00-19:00,0,0,1
ตรอกจันทน์,จันทน์,1,07:00-09:00,0,0,1
ตรอกจันทน์,จันทน์,1,09:00-17:00,0,0,1
ตรอกจันทน์,จันทน์,1,17:00-19:00,0,0,1
ตรอกจันทน์,จันทน์,3,07:00-09:00,1,0,0
ตรอกจันทน์,จันทน์,3,09:00-16:00,1,0,0
ตรอกจันทน์,จันทน์,3,16:00-19:00,1,0,0
ตรอกจันทน์,จันทน์,8,07:00-09:00,0,1,0
ตรอกจันทน์,จันทน์,8,09:00-16:00,0,1,0
ตรอกจันทน์,จันทน์,8,16:00-19:00,0,1,0
ตรอกจันทน์,ทางเข้าคอนโด,1,07:00-09:00,0,0,1
ตรอกจันทน์,ทางเข้าคอนโด,1,09:00-17:00,0,0,1
ตรอกจันทน์,ทางเข้าคอนโด,1,17:00-19:00,0,0,1
ตรอกจันทน์,ทางเข้าคอนโดฯ,3,07:00-09:00,1,0,0
ตรอกจันทน์,ทางเข้าคอนโดฯ,3,09:00-16:00,1,0,0
ตรอกจันทน์,ทางเข้าคอนโดฯ,3,16:00-19:00,1,0,0
ตรอกจันทน์,เจริญกรุง,1,07:00-09:00,0,0,1
ตรอกจันทน์,เจริญกรุง,1,09:00-17:00,0,0,1
ตรอกจันทน์,เจริญกรุง,1,17:00-19:00,0,0,1
ตรอกจันทน์,เจริญกรุง,3,07:00-09:00,1,0,0
ตรอกจันทน์,เจริญกรุง,3,09:00-16:00,1,0,0
ตรอกจันทน์,เจริญกรุง,3,16:00-19:00,1,0,0
ตรอกจันทน์,เจริญกรุง,8,07:00-09:00,0,1,0
ตรอกจันทน์,เจริญกรุง,8,09:00-16:00,0,1,0
ตรอกจันทน์,เจริญกรุง,8,16:00-19:00,0,1,0
ตรอกจันทร์,จันทน์,6,07:00-09:00,0,1,1
ตรอกจันทร์,จันทน์,6,09:00-16:00,0,1,0
ตรอกจันทร์,จันทน์,6,09:00-17:00,0,0,1
ตรอกจันทร์,จันทน์,6,16:00-19:00,0,1,0
ตรอกจันทร์,จันทน์,6,17:00-19:00,0,0,1
ตรอกจันทร์,จันทน์,8,07:00-09:00,0,1,0
ตรอกจันทร์,จันทน์,8,09:00-16:00,0,1,0
ตรอกจันทร์,จันทน์,8,16:00-19:00,0,1,0
ตรอกจันทร์,จันทน์,9,07:00-09:00,0,1,0
ตรอกจันทร์,จันทน์,9,09:00-16:00,0,1,0
ตรอกจันทร์,จันทน์,9,16:00-19:00,0,1,0
ตรอกจันทร์,ทางเข้าคอนโดฯ,6,06:30-09:00,0,1,0
ตรอกจันทร์,ทางเข้าคอนโดฯ,6,07:00-09:00,0,0,1
ตรอกจันทร์,ทางเข้าคอนโดฯ,6,09:00-16:00,0,1,0
ตรอกจันทร์,ทางเข้าคอนโดฯ,6,09:00-17:00,0,0,1
ตรอกจันทร์,ทางเข้าคอนโดฯ,6,16:00-19:30,0,1,0
ตรอกจันทร์,ทางเข้าคอนโดฯ,6,17:00-19:00,0,0,1
ตรอกจันทร์,ทางเข้าคอนโดฯ,8,07:00-09:00,0,1,0
ตรอกจันทร์,ทางเข้าคอนโดฯ,8,09:00-16:00,0,1,0
ตรอกจันทร์,ทางเข้าคอนโดฯ,8,16:00-19:00,0,1,0
ตรอกจันทร์,ทางเข้าคอนโดฯ,9,07:00-09:00,0,1,0
ตรอกจันทร์,ทางเข้าคอนโดฯ,9,09:00-16:00,0,1,0
ตรอกจันทร์,ทางเข้าคอนโดฯ,9,16:00-19:00,0,1,0
ตรอกจันทร์,เจริญกรุง,6,06:30-09:00,0,1,0
ตรอกจันทร์,เจริญกรุง,6,07:00-09:00,0,0,1
ตรอกจันทร์,เจริญกรุง,6,09:00-16:00,0,1,0
ตรอกจันทร์,เจริญกรุง,6,09:00-17:00,0,0,1
ตรอกจันทร์,เจริญกรุง,6,16:00-19:30,0,1,0
ตรอกจันทร์,เจริญกรุง,6,17:00-19:00,0,0,1
ตรอกจันทร์,เจริญกรุง,8,07:00-09:00,0,1,0
ตรอกจันทร์,เจริญกรุง,8,09:00-16:00,0,1,0
ตรอกจันทร์,เจริญกรุง,8,16:00-19:00,0,1,0
ตรอกจันทร์,เจริญกรุง,9,07:00-09:00,0,1,0
ตรอกจันทร์,เจริญกรุง,9,09:00-16:00,0,1,0
ตรอกจันทร์,เจริญกรุง,9,16:00-19:00,0,1,0
ตลาดคู้,คู้คลองสิบ,3,07:00-09:00,0,1,0
ตลาดคู้,คู้คลองสิบ,3,09:00-16:00,0,1,0
ตลาดคู้,คู้คลองสิบ,3,16:00-19:00,0,1,0
ตลาดคู้,มิตรไมตรี,3,07:00-09:00,0,1,0
ตลาดคู้,มิตรไมตรี,3,09:00-16:00,0,1,0
ตลาดคู้,มิตรไมตรี,3,16:00-19:00,0,1,0
ตลาดคู้,เลียบวารี,3,07:00-09:00,0,1,0
ตลาดคู้,เลียบวารี,3,09:00-16:00,0,1,0
ตลาดคู้,เลียบวารี,3,16:00-19:00,0,1,0
ตลาดพลู,รัชดาภิเษก,10,07:00-09:00,1,0,0
ตลาดพลู,รัชดาภิเษก,10,09:00-16:00,1,0,0
ตลาดพลู,รัชดาภิเษก,10,16:00-19:00,1,0,0
ตลาดพลู,รัชดาภิเษก,11,07:00-09:00,1,1,0
ตลาดพลู,รัชดาภิเษก,11,09:00-16:00,1,1,0
ตลาดพลู,รัชดาภิเษก,11,16:00-19:00,1,1,0
ตลาดพลู,เทอดไท,10,07:00-09:00,1,0,0
ตลาดพลู,เทอดไท,10,09:00-16:00,1,0,0
ตลาดพลู,เทอดไท,10,16:00-19:00,1,0,0
ตลาดพลู,เทอดไท,11,07:00-09:00,1,1,0
ตลาดพลู,เทอดไท,11,09:00-16:00,1,1,0
ตลาดพลู,เทอดไท,11,16:00-19:00,1,1,0
ตลาดวงศกร,ทางเข้าออกตลาดวงศกร,9,07:00-09:00,0,0,1
ตลาดวงศกร,ทางเข้าออกตลาดวงศกร,9,09:00-17:00,0,0,1
ตลาดวงศกร,ทางเข้าออกตลาดวงศกร,9,17:00-19:00,0,0,1
ตลาดวงศกร,ทางเข้าออกตลาดวงศกร,10,07:00-09:00,0,0,1
ตลาดวงศกร,ทางเข้าออกตลาดวงศกร,10,09:00-17:00,0,0,1
ตลาดวงศกร,ทางเข้าออกตลาดวงศกร,10,17:00-19:00,0,0,1
ตลาดวงศกร,สายไหม,9,07:00-09:00,0,0,1
ตลาดวงศกร,สายไหม,9,09:00-17:00,0,0,1
ตลาดวงศกร,สายไหม,9,17:00-19:00,0,0,1
ตลาดวงศกร,สายไหม,10,07:00-09:00,0,0,1
ตลาดวงศกร,สายไหม,10,09:00-17:00,0,0,1
ตลาดวงศกร,สายไหม,10,17:00-19:00,0,0,1
ตลาดวงศกร,เฉลิมพงษ์,9,07:00-09:00,0,0,1
ตลาดวงศกร,เฉลิมพงษ์,9,09:00-17:00,0,0,1
ตลาดวงศกร,เฉลิมพงษ์,9,17:00-19:00,0,0,1
ตลาดวงศกร,เฉลิมพงษ์,10,07:00-09:00,0,0,1
ตลาดวงศกร,เฉลิมพงษ์,10,09:00-17:00,0,0,1
ตลาดวงศกร,เฉลิมพงษ์,10,17:00-19:00,0,0,1
ตลาดอตก.,กำแพงเพชร2,2,07:00-09:00,1,0,0
ตลาดอตก.,กำแพงเพชร2,2,09:00-16:00,1,0,0
ตลาดอตก.,กำแพงเพชร2,2,16:00-19:00,1,0,0
ตลาดอตก.,กําแพงเพชร,2,07:00-09:00,1,0,0
ตลาดอตก.,กําแพงเพชร,2,09:00-16:00,1,0,0
ตลาดอตก.,กําแพงเพชร,2,16:00-19:00,1,0,0
ตลาดเกรียงไกร,เคหะร่มเกล้า(EB),1,07:00-09:00,0,0,1
ตลาดเกรียงไกร,เคหะร่มเกล้า(EB),1,09:00-17:00,0,0,1
ตลาดเกรียงไกร,เคหะร่มเกล้า(EB),1,17:00-19:00,0,0,1
ตลาดเกรียงไกร,เคหะร่มเกล้า(SB),1,07:00-09:00,0,0,1
ตลาดเกรียงไกร,เคหะร่มเกล้า(SB),1,09:00-17:00,0,0,1
ตลาดเกรียงไกร,เคหะร่มเกล้า(SB),1,17:00-19:00,0,0,1
ตลาดเกรียงไกร,เคหะร่มเกล้า31,1,07:00-09:00,0,0,1
ตลาดเกรียงไกร,เคหะร่มเกล้า31,1,09:00-17:00,0,0,1
ตลาดเกรียงไกร,เคหะร่มเกล้า31,1,17:00-19:00,0,0,1
ตลาดเกรียงไกร,เคหะร่มเกล้า33,1,07:00-09:00,0,0,1
ตลาดเกรียงไกร,เคหะร่มเกล้า33,1,09:00-17:00,0,0,1
ตลาดเกรียงไกร,เคหะร่มเกล้า33,1,17:00-19:00,0,0,1
ตากสิน,กรุงธนบุรี,4,07:00-09:00,1,0,0
ตากสิน,กรุงธนบุรี,4,09:00-16:00,1,0,0
ตากสิน,กรุงธนบุรี,4,16:00-19:00,1,0,0
ตากสิน,กรุงธนบุรี,5,07:00-09:00,0,0,1
ตากสิน,กรุงธนบุรี,5,09:00-17:00,0,0,1
ตากสิน,กรุงธนบุรี,5,17:00-19:00,0,0,1
ตากสิน,กรุงธนบุรี,7,07:00-09:00,1,0,0
ตากสิน,กรุงธนบุรี,7,09:00-16:00,1,0,0
ตากสิน,กรุงธนบุรี,7,16:00-19:00,1,0,0
ตากสิน,กรุงธนบุรี,10,07:00-09:00,0,1,0
ตากสิน,กรุงธนบุรี,10,09:00-16:00,0,1,0
ตากสิน,กรุงธนบุรี,10,16:00-19:00,0,1,0
ตากสิน,ราชพฤกษ์,4,07:00-09:00,1,0,0
ตากสิน,ราชพฤกษ์,4,09:00-16:00,1,0,0
ตากสิน,ราชพฤกษ์,4,16:00-19:00,1,0,0
ตากสิน,ราชพฤกษ์,5,07:00-09:00,0,0,1
ตากสิน,ราชพฤกษ์,5,09:00-17:00,0,0,1
ตากสิน,ราชพฤกษ์,5,17:00-19:00,0,0,1
ตากสิน,ราชพฤกษ์,7,07:00-09:00,1,0,0
ตากสิน,ราชพฤกษ์,7,09:00-16:00,1,0,0
ตากสิน,ราชพฤกษ์,7,16:00-19:00,1,0,0
ตากสิน,ราชพฤกษ์,10,07:00-09:00,0,1,0
ตากสิน,ราชพฤกษ์,10,09:00-16:00,0,1,0
ตากสิน,ราชพฤกษ์,10,16:00-19:00,0,1,0
ตากสิน,สมเด็จพระเจ้าตากสิน,4,07:00-09:00,1,0,0
ตากสิน,สมเด็จพระเจ้าตากสิน,4,09:00-16:00,1,0,0
ตากสิน,สมเด็จพระเจ้าตากสิน,4,16:00-19:00,1,0,0
ตากสิน,สมเด็จพระเจ้าตากสิน,5,07:00-09:00,0,0,1
ตากสิน,สมเด็จพระเจ้าตากสิน,5,09:00-17:00,0,0,1
ตากสิน,สมเด็จพระเจ้าตากสิน,5,17:00-19:00,0,0,1
ตากสิน,สมเด็จพระเจ้าตากสิน,7,07:00-09:00,1,0,0
ตากสิน,สมเด็จพระเจ้าตากสิน,7,09:00-16:00,1,0,0
ตากสิน,สมเด็จพระเจ้าตากสิน,7,16:00-19:00,1,0,0
ตากสิน,สมเด็จพระเจ้าตากสิน,10,07:00-09:00,0,1,0
ตากสิน,สมเด็จพระเจ้าตากสิน,10,09:00-16:00,0,1,0
ตากสิน,สมเด็จพระเจ้าตากสิน,10,16:00-19:00,0,1,0
ตากสิน37,สมเดจ็พระเจ้าตากสิน,11,07:00-09:00,0,1,0
ตากสิน37,สมเดจ็พระเจ้าตากสิน,11,09:00-16:00,0,1,0
ตากสิน37,สมเดจ็พระเจ้าตากสิน,11,16:00-19:00,0,1,0
ตากสิน37,สมเด็จพระเจ้าตากสิน,3,07:00-09:00,0,0,1
ตากสิน37,สมเด็จพระเจ้าตากสิน,3,09:00-16:00,0,0,1
ตากสิน37,สมเด็จพระเจ้าตากสิน,3,16:00-19:00,0,0,1
ตากสิน42,สมเด็จพระเจ้าตากสิน,3,07:00-09:00,0,0,1
ตากสิน42,สมเด็จพระเจ้าตากสิน,3,09:00-16:00,0,0,1
ตากสิน42,สมเด็จพระเจ้าตากสิน,3,16:00-19:00,0,0,1
ตีทอง-ราชบพิธ,ตีทอง,7,07:00-09:00,0,1,0
ตีทอง-ราชบพิธ,ตีทอง,7,09:00-16:00,0,1,0
ตีทอง-ราชบพิธ,ตีทอง,7,16:00-19:00,0,1,0
ตีทอง-ราชบพิธ,ราชบพิธ,7,07:00-09:00,0,1,0
ตีทอง-ราชบพิธ,ราชบพิธ,7,09:00-16:00,0,1,0
ตีทอง-ราชบพิธ,ราชบพิธ,7,16:00-19:00,0,1,0
ตีทอง-ลงท่า-หน้าวัง,ตีทอง,7,07:00-09:00,0,1,0
ตีทอง-ลงท่า-หน้าวัง,ตีทอง,7,09:00-16:00,0,1,0
ตีทอง-ลงท่า-หน้าวัง,ตีทอง,7,16:00-19:00,0,1,0
ตีทอง-ลงท่า-หน้าวัง,หน้าวัง,7,07:00-09:00,0,1,0
ตีทอง-ลงท่า-หน้าวัง,หน้าวัง,7,09:00-16:00,0,1,0
ตีทอง-ลงท่า-หน้าวัง,หน้าวัง,7,16:00-19:00,0,1,0
ตีทอง-สระสรง,ซอยสระสรง,7,07:00-09:00,0,1,0
ตีทอง-สระสรง,ซอยสระสรง,7,09:00-16:00,0,1,0
ตีทอง-สระสรง,ซอยสระสรง,7,16:00-19:00,0,1,0
ตีทอง-สระสรง,ตีทอง,7,07:00-09:00,0,1,0
ตีทอง-สระสรง,ตีทอง,7,09:00-16:00,0,1,0
ตีทอง-สระสรง,ตีทอง,7,16:00-19:00,0,1,0
ตึกชัย,ประดิพัทธ์,7,07:00-09:00,1,0,0
ตึกชัย,ประดิพัทธ์,7,09:00-16:00,1,0,0
ตึกชัย,ประดิพัทธ์,7,16:00-19:00,1,0,0
ตึกชัย,พระรามที่6,5,06:30-09:00,0,1,0
ตึกชัย,พระรามที่6,5,07:00-09:00,0,0,1
ตึกชัย,พระรามที่6,5,09:00-16:00,0,1,0
ตึกชัย,พระรามที่6,5,09:00-17:00,0,0,1
ตึกชัย,พระรามที่6,5,16:00-19:30,0,1,0
ตึกชัย,พระรามที่6,5,17:00-19:00,0,0,1
ตึกชัย,พระรามที่6,7,07:00-09:00,0,1,0
ตึกชัย,พระรามที่6,7,09:00-16:00,0,1,0
ตึกชัย,พระรามที่6,7,16:00-19:00,0,1,0
ตึกชัย,พระรามที่6,11,07:00-09:00,0,0,1
ตึกชัย,พระรามที่6,11,09:00-17:00,0,0,1
ตึกชัย,พระรามที่6,11,17:00-19:00,0,0,1
ตึกชัย,พระรามที่6,12,07:00-09:00,0,1,0
ตึกชัย,พระรามที่6,12,09:00-16:00,0,1,0
ตึกชัย,พระรามที่6,12,16:00-19:00,0,1,0
ตึกชัย,พหลโยธิน,7,07:00-09:00,1,0,0
ตึกชัย,พหลโยธิน,7,09:00-16:00,1,0,0
ตึกชัย,พหลโยธิน,7,16:00-19:00,1,0,0
ตึกชัย,ราชวิถี,5,07:00-09:00,0,1,1
ตึกชัย,ราชวิถี,5,09:00-16:00,0,1,0
ตึกชัย,ราชวิถี,5,09:00-17:00,0,0,1
ตึกชัย,ราชวิถี,5,16:00-19:00,0,1,0
ตึกชัย,ราชวิถี,5,17:00-19:00,0,0,1
ตึกชัย,ราชวิถี,7,07:00-09:00,0,1,0
ตึกชัย,ราชวิถี,7,09:00-16:00,0,1,0
ตึกชัย,ราชวิถี,7,16:00-19:00,0,1,0
ตึกชัย,ราชวิถี,11,07:00-09:00,0,0,1
ตึกชัย,ราชวิถี,11,09:00-17:00,0,0,1
ตึกชัย,ราชวิถี,11,17:00-19:00,0,0,1
ตึกชัย,ราชวิถี,12,07:00-09:00,0,1,0
ตึกชัย,ราชวิถี,12,09:00-16:00,0,1,0
ตึกชัย,ราชวิถี,12,16:00-19:00,0,1,0
ตึกชัย,สุทธิสาร,7,07:00-09:00,1,0,0
ตึกชัย,สุทธิสาร,7,09:00-16:00,1,0,0
ตึกชัย,สุทธิสาร,7,16:00-19:00,1,0,0
ต่างระดับหลวงแพ่งตะวันตก,ทางขึ้นมอเตอร์เวย์,6,07:00-09:00,0,0,1
ต่างระดับหลวงแพ่งตะวันตก,ทางขึ้นมอเตอร์เวย์,6,09:00-17:00,0,0,1
ต่างระดับหลวงแพ่งตะวันตก,ทางขึ้นมอเตอร์เวย์,6,17:00-19:00,0,0,1
ต่างระดับหลวงแพ่งตะวันตก,หลวงแพ่ง,6,07:00-09:00,0,0,1
ต่างระดับหลวงแพ่งตะวันตก,หลวงแพ่ง,6,09:00-17:00,0,0,1
ต่างระดับหลวงแพ่งตะวันตก,หลวงแพ่ง,6,17:00-19:00,0,0,1
ถนนดินสอระหว่างถนนมหรรณพ-เสาชิงช้า,ดินสอ,2,07:00-09:00,0,0,1
ถนนดินสอระหว่างถนนมหรรณพ-เสาชิงช้า,ดินสอ,2,09:00-17:00,0,0,1
ถนนดินสอระหว่างถนนมหรรณพ-เสาชิงช้า,ดินสอ,2,17:00-19:00,0,0,1
ถนนดินสอระหว่างอ.ประชาธิปไตย-ถนนมหรรณ,ดินสอ,2,07:00-09:00,0,0,1
ถนนดินสอระหว่างอ.ประชาธิปไตย-ถนนมหรรณ,ดินสอ,2,09:00-17:00,0,0,1
ถนนดินสอระหว่างอ.ประชาธิปไตย-ถนนมหรรณ,ดินสอ,2,17:00-19:00,0,0,1
ถนนตก,ถนนตก,8,07:00-09:00,0,1,0
ถนนตก,ถนนตก,8,09:00-16:00,0,1,0
ถนนตก,ถนนตก,8,16:00-19:00,0,1,0
ถนนตก,พระรามที่3,3,07:00-09:00,0,0,1
ถนนตก,พระรามที่3,3,09:00-17:00,0,0,1
ถนนตก,พระรามที่3,3,17:00-19:00,0,0,1
ถนนตก,พระรามที่3,4,07:00-09:00,1,0,0
ถนนตก,พระรามที่3,4,09:00-16:00,1,0,0
ถนนตก,พระรามที่3,4,16:00-19:00,1,0,0
ถนนตก,พระรามที่3,6,07:00-09:00,0,1,0
ถนนตก,พระรามที่3,6,09:00-16:00,0,1,0
ถนนตก,พระรามที่3,6,16:00-19:00,0,1,0
ถนนตก,พระรามที่3,7,07:00-09:00,1,0,0
ถนนตก,พระรามที่3,7,09:00-16:00,1,0,0
ถนนตก,พระรามที่3,7,16:00-19:00,1,0,0
ถนนตก,พระรามที่3,8,07:00-09:00,0,1,0
ถนนตก,พระรามที่3,8,09:00-16:00,0,1,0
ถนนตก,พระรามที่3,8,16:00-19:00,0,1,0
ถนนตก,พระรามที่3,10,07:00-09:00,0,0,1
ถนนตก,พระรามที่3,10,09:00-17:00,0,0,1
ถนนตก,พระรามที่3,10,17:00-19:00,0,0,1
ถนนตก,เจริญกรุง,3,07:00-09:00,0,0,1
ถนนตก,เจริญกรุง,3,09:00-17:00,0,0,1
ถนนตก,เจริญกรุง,3,17:00-19:00,0,0,1
ถนนตก,เจริญกรุง,4,07:00-09:00,1,0,0
ถนนตก,เจริญกรุง,4,09:00-16:00,1,0,0
ถนนตก,เจริญกรุง,4,16:00-19:00,1,0,0
ถนนตก,เจริญกรุง,6,07:00-09:00,0,1,0
ถนนตก,เจริญกรุง,6,09:00-16:00,0,1,0
ถนนตก,เจริญกรุง,6,16:00-19:00,0,1,0
ถนนตก,เจริญกรุง,7,07:00-09:00,1,0,0
ถนนตก,เจริญกรุง,7,09:00-16:00,1,0,0
ถนนตก,เจริญกรุง,7,16:00-19:00,1,0,0
ถนนตก,เจริญกรุง,8,07:00-09:00,0,1,0
ถนนตก,เจริญกรุง,8,09:00-16:00,0,1,0
ถนนตก,เจริญกรุง,8,16:00-19:00,0,1,0
ถนนตก,เจริญกรุง,10,07:00-09:00,0,0,1
ถนนตก,เจริญกรุง,10,09:00-17:00,0,0,1
ถนนตก,เจริญกรุง,10,17:00-19:00,0,0,1
ถนนตะนาวระหว่างมหรรณพ-สี่กั๊กเสาชิงช้า,ตะนาว,2,07:00-09:00,0,0,1
ถนนตะนาวระหว่างมหรรณพ-สี่กั๊กเสาชิงช้า,ตะนาว,2,09:00-17:00,0,0,1
ถนนตะนาวระหว่างมหรรณพ-สี่กั๊กเสาชิงช้า,ตะนาว,2,17:00-19:00,0,0,1
ถนนทวีวัฒนา-ซอยศาลาธรรมสพน์,ซอยศาลาธรรมสพน์,8,07:00-09:00,1,0,0
ถนนทวีวัฒนา-ซอยศาลาธรรมสพน์,ซอยศาลาธรรมสพน์,8,09:00-16:00,1,0,0
ถนนทวีวัฒนา-ซอยศาลาธรรมสพน์,ซอยศาลาธรรมสพน์,8,16:00-19:00,1,0,0
ถนนทวีวัฒนา-ซอยศาลาธรรมสพน์,ทวีวัฒนา,8,07:00-09:00,1,0,0
ถนนทวีวัฒนา-ซอยศาลาธรรมสพน์,ทวีวัฒนา,8,09:00-16:00,1,0,0
ถนนทวีวัฒนา-ซอยศาลาธรรมสพน์,ทวีวัฒนา,8,16:00-19:00,1,0,0
ถนนนเรศตัดถนนสุรวงศ์,นเรศ,4,07:00-09:00,1,0,0
ถนนนเรศตัดถนนสุรวงศ์,นเรศ,4,09:00-16:00,1,0,0
ถนนนเรศตัดถนนสุรวงศ์,นเรศ,4,16:00-19:00,1,0,0
ถนนนเรศตัดถนนสุรวงศ์,สุรวงศ์,4,07:00-09:00,1,0,0
ถนนนเรศตัดถนนสุรวงศ์,สุรวงศ์,4,09:00-16:00,1,0,0
ถนนนเรศตัดถนนสุรวงศ์,สุรวงศ์,4,16:00-19:00,1,0,0
ถนนพุทธสาย2-ซอยศาลาธรรมสพน์,ซอยศาลาธรรมสพน์,8,07:00-09:00,1,0,0
ถนนพุทธสาย2-ซอยศาลาธรรมสพน์,ซอยศาลาธรรมสพน์,8,09:00-16:00,1,0,0
ถนนพุทธสาย2-ซอยศาลาธรรมสพน์,ซอยศาลาธรรมสพน์,8,16:00-19:00,1,0,0
ถนนพุทธสาย2-ซอยศาลาธรรมสพน์,พุทธมณฑลสาย2,8,07:00-09:00,1,0,0
ถนนพุทธสาย2-ซอยศาลาธรรมสพน์,พุทธมณฑลสาย2,8,09:00-16:00,1,0,0
ถนนพุทธสาย2-ซอยศาลาธรรมสพน์,พุทธมณฑลสาย2,8,16:00-19:00,1,0,0
ถนนพุทธสาย3-ซอยศาลาธรรมสพน์,ซอยศาลาธรรมสพน์,8,07:00-09:00,1,0,0
ถนนพุทธสาย3-ซอยศาลาธรรมสพน์,ซอยศาลาธรรมสพน์,8,09:00-16:00,1,0,0
ถนนพุทธสาย3-ซอยศาลาธรรมสพน์,ซอยศาลาธรรมสพน์,8,16:00-19:00,1,0,0
ถนนพุทธสาย3-ซอยศาลาธรรมสพน์,พุทธมณฑลสาย3,8,07:00-09:00,1,0,0
ถนนพุทธสาย3-ซอยศาลาธรรมสพน์,พุทธมณฑลสาย3,8,09:00-16:00,1,0,0
ถนนพุทธสาย3-ซอยศาลาธรรมสพน์,พุทธมณฑลสาย3,8,16:00-19:00,1,0,0
ถนนมหรรณพระหว่างมหรรณพ-สี่กั๊กเสาชิงช้า,มหรรณพ,2,07:00-09:00,0,0,1
ถนนมหรรณพระหว่างมหรรณพ-สี่กั๊กเสาชิงช้า,มหรรณพ,2,09:00-17:00,0,0,1
ถนนมหรรณพระหว่างมหรรณพ-สี่กั๊กเสาชิงช้า,มหรรณพ,2,17:00-19:00,0,0,1
ถนนราชบพิธระหว่างถนนตีทอง-ถนนเฟื่องนคร,ราชบพิธ,2,07:00-09:00,0,0,1
ถนนราชบพิธระหว่างถนนตีทอง-ถนนเฟื่องนคร,ราชบพิธ,2,09:00-17:00,0,0,1
ถนนราชบพิธระหว่างถนนตีทอง-ถนนเฟื่องนคร,ราชบพิธ,2,17:00-19:00,0,0,1
ถนนสำราญราษฎร์ระหว่างถนนมหาไชย-ถนนศิริพงษ์,สำราญราษฎร์,2,07:00-09:00,0,0,1
ถนนสำราญราษฎร์ระหว่างถนนมหาไชย-ถนนศิริพงษ์,สำราญราษฎร์,2,09:00-17:00,0,0,1
ถนนสำราญราษฎร์ระหว่างถนนมหาไชย-ถนนศิริพงษ์,สำราญราษฎร์,2,17:00-19:00,0,0,1
ถนนเทพรักษ์-สุขาภิบาล5,เทพรักษ์,3,07:00-09:00,1,0,0
ถนนเทพรักษ์-สุขาภิบาล5,เทพรักษ์,3,09:00-16:00,1,0,0
ถนนเทพรักษ์-สุขาภิบาล5,เทพรักษ์,3,16:00-19:00,1,0,0
ถาวรธวัช,ถาวรธวัช,6,07:00-09:00,0,1,0
ถาวรธวัช,ถาวรธวัช,6,09:00-16:00,0,1,0
ถาวรธวัช,ถาวรธวัช,6,16:00-19:00,0,1,0
ถาวรธวัช,พัฒนาการ,6,07:00-09:00,0,1,0
ถาวรธวัช,พัฒนาการ,6,09:00-16:00,0,1,0
ถาวรธวัช,พัฒนาการ,6,16:00-19:00,0,1,0
ททัยมิตร-นิมิตใหม่,ซอยวัดสุขใจ,2,07:00-09:00,1,0,0
ททัยมิตร-นิมิตใหม่,ซอยวัดสุขใจ,2,09:00-16:00,1,0,0
ททัยมิตร-นิมิตใหม่,ซอยวัดสุขใจ,2,16:00-19:00,1,0,0
ททัยมิตร-นิมิตใหม่,นิมิตใหม่,2,07:00-09:00,1,0,0
ททัยมิตร-นิมิตใหม่,นิมิตใหม่,2,09:00-16:00,1,0,0
ททัยมิตร-นิมิตใหม่,นิมิตใหม่,2,16:00-19:00,1,0,0
ททัยมิตร-นิมิตใหม่,หทัยมิตร,2,07:00-09:00,1,0,0
ททัยมิตร-นิมิตใหม่,หทัยมิตร,2,09:00-16:00,1,0,0
ททัยมิตร-นิมิตใหม่,หทัยมิตร,2,16:00-19:00,1,0,0
ทวีวัฒนา-ทวีวัฒนา9,ทวีวัฒนา,5,07:00-09:00,0,0,1
ทวีวัฒนา-ทวีวัฒนา9,ทวีวัฒนา,5,09:00-16:00,0,0,1
ทวีวัฒนา-ทวีวัฒนา9,ทวีวัฒนา,5,16:00-19:00,0,0,1
ทวีวัฒนา-ทวีวัฒนา9,ทวีวัฒนา9,5,07:00-09:00,0,0,1
ทวีวัฒนา-ทวีวัฒนา9,ทวีวัฒนา9,5,09:00-16:00,0,0,1
ทวีวัฒนา-ทวีวัฒนา9,ทวีวัฒนา9,5,16:00-19:00,0,0,1
ทวีวัฒนา-อักษะ,ทวีวัฒนา,8,07:00-09:00,0,1,0
ทวีวัฒนา-อักษะ,ทวีวัฒนา,8,09:00-16:00,0,1,0
ทวีวัฒนา-อักษะ,ทวีวัฒนา,8,16:00-19:00,0,1,0
ทวีวัฒนา-อักษะ,อักษะ,8,07:00-09:00,0,1,0
ทวีวัฒนา-อักษะ,อักษะ,8,09:00-16:00,0,1,0
ทวีวัฒนา-อักษะ,อักษะ,8,16:00-19:00,0,1,0
ทหาร-ซอยอาคารสงเคราะห์กองทัพบก,ซอยอาคารสงเคราะห์กองทัพบก,11,07:00-09:00,0,1,0
ทหาร-ซอยอาคารสงเคราะห์กองทัพบก,ซอยอาคารสงเคราะห์กองทัพบก,11,09:00-16:00,0,1,0
ทหาร-ซอยอาคารสงเคราะห์กองทัพบก,ซอยอาคารสงเคราะห์กองทัพบก,11,16:00-19:00,0,1,0
ทหาร-ซอยอาคารสงเคราะห์กองทัพบก,ทหาร,11,07:00-09:00,0,1,0
ทหาร-ซอยอาคารสงเคราะห์กองทัพบก,ทหาร,11,09:00-16:00,0,1,0
ทหาร-ซอยอาคารสงเคราะห์กองทัพบก,ทหาร,11,16:00-19:00,0,1,0
ทองหล่อ,ซอยสุขุมวิท55,11,07:00-09:00,1,0,0
ทองหล่อ,ซอยสุขุมวิท55,11,09:00-16:00,1,0,0
ทองหล่อ,ซอยสุขุมวิท55,11,16:00-19:00,1,0,0
ทองหล่อ,ซอยสุขุมวิท55(ทองหล่อ),10,07:00-09:00,1,0,0
ทองหล่อ,ซอยสุขุมวิท55(ทองหล่อ),10,09:00-16:00,1,0,0
ทองหล่อ,ซอยสุขุมวิท55(ทองหล่อ),10,16:00-19:00,1,0,0
ทองหล่อ,สุขุมวิท,6,07:00-09:00,0,0,1
ทองหล่อ,สุขุมวิท,6,09:00-17:00,0,0,1
ทองหล่อ,สุขุมวิท,6,17:00-19:00,0,0,1
ทองหล่อ,สุขุมวิท,7,07:00-09:00,0,0,2
ทองหล่อ,สุขุมวิท,7,09:00-16:00,0,0,1
ทองหล่อ,สุขุมวิท,7,09:00-17:00,0,0,1
ทองหล่อ,สุขุมวิท,7,16:00-19:00,0,0,1
ทองหล่อ,สุขุมวิท,7,17:00-19:00,0,0,1
ทองหล่อ,สุขุมวิท,10,07:00-09:00,1,0,0
ทองหล่อ,สุขุมวิท,10,09:00-16:00,1,0,0
ทองหล่อ,สุขุมวิท,10,16:00-19:00,1,0,0
ทองหล่อ,สุขุมวิท,11,07:00-09:00,1,0,1
ทองหล่อ,สุขุมวิท,11,09:00-16:00,1,0,0
ทองหล่อ,สุขุมวิท,11,09:00-17:00,0,0,1
ทองหล่อ,สุขุมวิท,11,16:00-19:00,1,0,0
ทองหล่อ,สุขุมวิท,11,17:00-19:00,0,0,1
ทองหล่อ,สุขุมวิท,12,07:00-09:00,0,1,0
ทองหล่อ,สุขุมวิท,12,09:00-16:00,0,1,0
ทองหล่อ,สุขุมวิท,12,16:00-19:00,0,1,0
ทองหล่อ,สุขุมวิท55,6,07:00-09:00,0,0,1
ทองหล่อ,สุขุมวิท55,6,09:00-17:00,0,0,1
ทองหล่อ,สุขุมวิท55,6,17:00-19:00,0,0,1
ทองหล่อ,สุขุมวิท55,7,07:00-09:00,0,0,2
ทองหล่อ,สุขุมวิท55,7,09:00-16:00,0,0,1
ทองหล่อ,สุขุมวิท55,7,09:00-17:00,0,0,1
ทองหล่อ,สุขุมวิท55,7,16:00-19:00,0,0,1
ทองหล่อ,สุขุมวิท55,7,17:00-19:00,0,0,1
ทองหล่อ,สุขุมวิท55,11,07:00-09:00,0,0,1
ทองหล่อ,สุขุมวิท55,11,09:00-17:00,0,0,1
ทองหล่อ,สุขุมวิท55,11,17:00-19:00,0,0,1
ทองหล่อ,สุขุมวิท55(ทองหล่อ),12,07:00-09:00,0,1,0
ทองหล่อ,สุขุมวิท55(ทองหล่อ),12,09:00-16:00,0,1,0
ทองหล่อ,สุขุมวิท55(ทองหล่อ),12,16:00-19:00,0,1,0
ทองหล่อ10,ซอยทองหล่อ10,3,07:00-09:00,1,0,0
ทองหล่อ10,ซอยทองหล่อ10,3,09:00-16:00,1,0,0
ทองหล่อ10,ซอยทองหล่อ10,3,16:00-19:00,1,0,0
ทองหล่อ10,ซอยทองหล่อ11,3,07:00-09:00,1,0,0
ทองหล่อ10,ซอยทองหล่อ11,3,09:00-16:00,1,0,0
ทองหล่อ10,ซอยทองหล่อ11,3,16:00-19:00,1,0,0
ทองหล่อ10,ทองหล่อ,3,07:00-09:00,1,0,0
ทองหล่อ10,ทองหล่อ,3,09:00-16:00,1,0,0
ทองหล่อ10,ทองหล่อ,3,16:00-19:00,1,0,0
ทองหล่อ10,ทองหล่อ,12,07:00-09:00,0,0,1
ทองหล่อ10,ทองหล่อ,12,09:00-17:00,0,0,1
ทองหล่อ10,ทองหล่อ,12,17:00-19:00,0,0,1
ทองหล่อ10,ทองหล่อ10,12,07:00-09:00,0,0,1
ทองหล่อ10,ทองหล่อ10,12,09:00-17:00,0,0,1
ทองหล่อ10,ทองหล่อ10,12,17:00-19:00,0,0,1
ทองหล่อ10,ทองหล่อ11,12,07:00-09:00,0,0,1
ทองหล่อ10,ทองหล่อ11,12,09:00-17:00,0,0,1
ทองหล่อ10,ทองหล่อ11,12,17:00-19:00,0,0,1
ทางขึ้นทางด่วนจตุรโชติ,เลียบด่วนอาจณรงค์รามอินทรา,5,07:00-09:00,1,0,0
ทางขึ้นทางด่วนจตุรโชติ,เลียบด่วนอาจณรงค์รามอินทรา,5,09:00-16:00,1,0,0
ทางขึ้นทางด่วนจตุรโชติ,เลียบด่วนอาจณรงค์รามอินทรา,5,16:00-19:00,1,0,0
ทางขึ้นทางด่วนจตุรโชติ,เลียบทางด่วน,5,07:00-09:00,1,0,0
ทางขึ้นทางด่วนจตุรโชติ,เลียบทางด่วน,5,09:00-16:00,1,0,0
ทางขึ้นทางด่วนจตุรโชติ,เลียบทางด่วน,5,16:00-19:00,1,0,0
ทางข้ามข้างวัดสุทัศน์,ตีทอง,2,07:00-09:00,0,0,1
ทางข้ามข้างวัดสุทัศน์,ตีทอง,2,09:00-17:00,0,0,1
ทางข้ามข้างวัดสุทัศน์,ตีทอง,2,17:00-19:00,0,0,1
ทางข้ามดวงพิทักษ์,ดวงพิทักษ์,1,07:00-09:00,0,0,1
ทางข้ามดวงพิทักษ์,ดวงพิทักษ์,1,09:00-17:00,0,0,1
ทางข้ามดวงพิทักษ์,ดวงพิทักษ์,1,17:00-19:00,0,0,1
ทางข้ามดวงพิทักษ์,สุขุมวิท,1,07:00-09:00,0,0,1
ทางข้ามดวงพิทักษ์,สุขุมวิท,1,09:00-17:00,0,0,1
ทางข้ามดวงพิทักษ์,สุขุมวิท,1,17:00-19:00,0,0,1
ทางข้ามถ.พุทธมณฑลสาย1,พุทธมณฑลสาย1,1,07:00-09:00,1,0,0
ทางข้ามถ.พุทธมณฑลสาย1,พุทธมณฑลสาย1,1,09:00-16:00,1,0,0
ทางข้ามถ.พุทธมณฑลสาย1,พุทธมณฑลสาย1,1,16:00-19:00,1,0,0
ทางข้ามถนนหลานหลวง(ใกล้ถนนเพนียง),หลานหลวง,8,07:00-09:00,1,0,0
ทางข้ามถนนหลานหลวง(ใกล้ถนนเพนียง),หลานหลวง,8,09:00-16:00,1,0,0
ทางข้ามถนนหลานหลวง(ใกล้ถนนเพนียง),หลานหลวง,8,16:00-19:00,1,0,0
ทางข้ามถนนเลียบคลองผดุงกรุงเกษม,เลียบคลองผดุงกรุงเกษม,6,07:00-09:00,1,0,0
ทางข้ามถนนเลียบคลองผดุงกรุงเกษม,เลียบคลองผดุงกรุงเกษม,6,09:00-16:00,1,0,0
ทางข้ามถนนเลียบคลองผดุงกรุงเกษม,เลียบคลองผดุงกรุงเกษม,6,16:00-19:00,1,0,0
ทางข้ามถนนเลียบคลองผดุงกรุงเกษม,เลียบคลองผดุงกรุงเกษม,7,07:00-09:00,1,0,0
ทางข้ามถนนเลียบคลองผดุงกรุงเกษม,เลียบคลองผดุงกรุงเกษม,7,09:00-16:00,1,0,0
ทางข้ามถนนเลียบคลองผดุงกรุงเกษม,เลียบคลองผดุงกรุงเกษม,7,16:00-19:00,1,0,0
ทางข้ามทางข้ามหน้าโรงเรียนวัดราชบพิตร,สนามไชย,9,07:00-09:00,1,0,0
ทางข้ามทางข้ามหน้าโรงเรียนวัดราชบพิตร,สนามไชย,9,09:00-16:00,1,0,0
ทางข้ามทางข้ามหน้าโรงเรียนวัดราชบพิตร,สนามไชย,9,16:00-19:00,1,0,0
ทางข้ามทางเข้าวัดมะกอก,พุทธมณฑลสาย1,5,07:00-09:00,0,1,0
ทางข้ามทางเข้าวัดมะกอก,พุทธมณฑลสาย1,5,09:00-16:00,0,1,0
ทางข้ามทางเข้าวัดมะกอก,พุทธมณฑลสาย1,5,16:00-19:00,0,1,0
ทางข้ามทางเข้าโรงเรียนบ้านนายเหรียญ,ทางเข้าโรงเรียนบ้านนายเหรียญ,8,07:00-09:00,1,0,0
ทางข้ามทางเข้าโรงเรียนบ้านนายเหรียญ,ทางเข้าโรงเรียนบ้านนายเหรียญ,8,09:00-16:00,1,0,0
ทางข้ามทางเข้าโรงเรียนบ้านนายเหรียญ,ทางเข้าโรงเรียนบ้านนายเหรียญ,8,16:00-19:00,1,0,0
ทางข้ามทางเข้าโรงเรียนบ้านนายเหรียญ,บางบอน4ซอย14,8,07:00-09:00,1,0,0
ทางข้ามทางเข้าโรงเรียนบ้านนายเหรียญ,บางบอน4ซอย14,8,09:00-16:00,1,0,0
ทางข้ามทางเข้าโรงเรียนบ้านนายเหรียญ,บางบอน4ซอย14,8,16:00-19:00,1,0,0
ทางข้ามธ.กสิกรไทย,พหลโยธิน,8,07:00-09:00,0,0,1
ทางข้ามธ.กสิกรไทย,พหลโยธิน,8,09:00-16:00,0,0,1
ทางข้ามธ.กสิกรไทย,พหลโยธิน,8,16:00-19:00,0,0,1
ทางข้ามบริเวณซอยอุดมสุข37,อุดมสุข,5,07:00-09:00,1,0,0
ทางข้ามบริเวณซอยอุดมสุข37,อุดมสุข,5,09:00-16:00,1,0,0
ทางข้ามบริเวณซอยอุดมสุข37,อุดมสุข,5,16:00-19:00,1,0,0
ทางข้ามบริเวณสวนสาธารณะทางลงจากมอเตอร์เวย์,ศรีนครินทร์,11,07:00-09:00,0,0,1
ทางข้ามบริเวณสวนสาธารณะทางลงจากมอเตอร์เวย์,ศรีนครินทร์,11,09:00-17:00,0,0,1
ทางข้ามบริเวณสวนสาธารณะทางลงจากมอเตอร์เวย์,ศรีนครินทร์,11,17:00-19:00,0,0,1
ทางข้ามบริเวณหน้าตึกอรกานต์,ชิดลม,5,07:00-09:00,1,0,0
ทางข้ามบริเวณหน้าตึกอรกานต์,ชิดลม,5,09:00-16:00,1,0,0
ทางข้ามบริเวณหน้าตึกอรกานต์,ชิดลม,5,16:00-19:00,1,0,0
ทางข้ามบ้านสวนริมคลอง,ศรีนครินทร์-ร่มเกล้า,6,07:00-09:00,0,0,1
ทางข้ามบ้านสวนริมคลอง,ศรีนครินทร์-ร่มเกล้า,6,09:00-16:00,0,0,1
ทางข้ามบ้านสวนริมคลอง,ศรีนครินทร์-ร่มเกล้า,6,16:00-19:00,0,0,1
ทางข้ามประชาสงเคราะห์ตัดมิตรไมตรี,ประชาสงเคราะห์,9,07:00-09:00,0,0,1
ทางข้ามประชาสงเคราะห์ตัดมิตรไมตรี,ประชาสงเคราะห์,9,09:00-16:00,0,0,1
ทางข้ามประชาสงเคราะห์ตัดมิตรไมตรี,ประชาสงเคราะห์,9,16:00-19:00,0,0,1
ทางข้ามปากซอยประชาสงเคราะห์1,ประชาสงเคราะห์,9,07:00-09:00,0,0,1
ทางข้ามปากซอยประชาสงเคราะห์1,ประชาสงเคราะห์,9,09:00-16:00,0,0,1
ทางข้ามปากซอยประชาสงเคราะห์1,ประชาสงเคราะห์,9,16:00-19:00,0,0,1
ทางข้ามปากซอยประชาสงเคราะห์12,ประชาสงเคราะห์,9,07:00-09:00,0,0,1
ทางข้ามปากซอยประชาสงเคราะห์12,ประชาสงเคราะห์,9,09:00-16:00,0,0,1
ทางข้ามปากซอยประชาสงเคราะห์12,ประชาสงเคราะห์,9,16:00-19:00,0,0,1
ทางข้ามปากซอยประชาสงเคราะห์13,ประชาสงเคราะห์,9,07:00-09:00,0,0,1
ทางข้ามปากซอยประชาสงเคราะห์13,ประชาสงเคราะห์,9,09:00-16:00,0,0,1
ทางข้ามปากซอยประชาสงเคราะห์13,ประชาสงเคราะห์,9,16:00-19:00,0,0,1
ทางข้ามปากซอยประชาสงเคราะห์16,ประชาสงเคราะห์,9,07:00-09:00,0,0,1
ทางข้ามปากซอยประชาสงเคราะห์16,ประชาสงเคราะห์,9,09:00-16:00,0,0,1
ทางข้ามปากซอยประชาสงเคราะห์16,ประชาสงเคราะห์,9,16:00-19:00,0,0,1
ทางข้ามปากซอยประชาสงเคราะห์2,ประชาสงเคราะห์,9,07:00-09:00,0,0,1
ทางข้ามปากซอยประชาสงเคราะห์2,ประชาสงเคราะห์,9,09:00-16:00,0,0,1
ทางข้ามปากซอยประชาสงเคราะห์2,ประชาสงเคราะห์,9,16:00-19:00,0,0,1
ทางข้ามปากซอยประชาสงเคราะห์23,ประชาสงเคราะห์,9,07:00-09:00,0,0,1
ทางข้ามปากซอยประชาสงเคราะห์23,ประชาสงเคราะห์,9,09:00-16:00,0,0,1
ทางข้ามปากซอยประชาสงเคราะห์23,ประชาสงเคราะห์,9,16:00-19:00,0,0,1
ทางข้ามปากซอยประชาสงเคราะห์24,ประชาสงเคราะห์,9,07:00-09:00,0,0,1
ทางข้ามปากซอยประชาสงเคราะห์24,ประชาสงเคราะห์,9,09:00-16:00,0,0,1
ทางข้ามปากซอยประชาสงเคราะห์24,ประชาสงเคราะห์,9,16:00-19:00,0,0,1
ทางข้ามปากซอยประชาสงเคราะห์27,ประชาสงเคราะห์,9,07:00-09:00,0,0,1
ทางข้ามปากซอยประชาสงเคราะห์27,ประชาสงเคราะห์,9,09:00-16:00,0,0,1
ทางข้ามปากซอยประชาสงเคราะห์27,ประชาสงเคราะห์,9,16:00-19:00,0,0,1
ทางข้ามปากซอยประชาสงเคราะห์28,ประชาสงเคราะห์,9,07:00-09:00,0,0,1
ทางข้ามปากซอยประชาสงเคราะห์28,ประชาสงเคราะห์,9,09:00-16:00,0,0,1
ทางข้ามปากซอยประชาสงเคราะห์28,ประชาสงเคราะห์,9,16:00-19:00,0,0,1
ทางข้ามปากซอยประชาสงเคราะห์30,ประชาสงเคราะห์,9,07:00-09:00,0,0,1
ทางข้ามปากซอยประชาสงเคราะห์30,ประชาสงเคราะห์,9,09:00-16:00,0,0,1
ทางข้ามปากซอยประชาสงเคราะห์30,ประชาสงเคราะห์,9,16:00-19:00,0,0,1
ทางข้ามปากซอยประชาสงเคราะห์32,ประชาสงเคราะห์,9,07:00-09:00,0,0,1
ทางข้ามปากซอยประชาสงเคราะห์32,ประชาสงเคราะห์,9,09:00-16:00,0,0,1
ทางข้ามปากซอยประชาสงเคราะห์32,ประชาสงเคราะห์,9,16:00-19:00,0,0,1
ทางข้ามปากซอยประชาสงเคราะห์36,ประชาสงเคราะห์,10,07:00-09:00,0,0,1
ทางข้ามปากซอยประชาสงเคราะห์36,ประชาสงเคราะห์,10,09:00-16:00,0,0,1
ทางข้ามปากซอยประชาสงเคราะห์36,ประชาสงเคราะห์,10,16:00-19:00,0,0,1
ทางข้ามปากซอยประชาสงเคราะห์37,ประชาสงเคราะห์,9,07:00-09:00,0,0,1
ทางข้ามปากซอยประชาสงเคราะห์37,ประชาสงเคราะห์,9,09:00-16:00,0,0,1
ทางข้ามปากซอยประชาสงเคราะห์37,ประชาสงเคราะห์,9,16:00-19:00,0,0,1
ทางข้ามปากซอยประชาสงเคราะห์39,ประชาสงเคราะห์,10,07:00-09:00,0,0,1
ทางข้ามปากซอยประชาสงเคราะห์39,ประชาสงเคราะห์,10,09:00-16:00,0,0,1
ทางข้ามปากซอยประชาสงเคราะห์39,ประชาสงเคราะห์,10,16:00-19:00,0,0,1
ทางข้ามปากซอยประชาสงเคราะห์4,ประชาสงเคราะห์,9,07:00-09:00,0,0,1
ทางข้ามปากซอยประชาสงเคราะห์4,ประชาสงเคราะห์,9,09:00-16:00,0,0,1
ทางข้ามปากซอยประชาสงเคราะห์4,ประชาสงเคราะห์,9,16:00-19:00,0,0,1
ทางข้ามปากซอยประชาสงเคราะห์43,ประชาสงเคราะห์,10,07:00-09:00,0,0,1
ทางข้ามปากซอยประชาสงเคราะห์43,ประชาสงเคราะห์,10,09:00-16:00,0,0,1
ทางข้ามปากซอยประชาสงเคราะห์43,ประชาสงเคราะห์,10,16:00-19:00,0,0,1
ทางข้ามปากซอยประชาสงเคราะห์5,ประชาสงเคราะห์,9,07:00-09:00,0,0,1
ทางข้ามปากซอยประชาสงเคราะห์5,ประชาสงเคราะห์,9,09:00-16:00,0,0,1
ทางข้ามปากซอยประชาสงเคราะห์5,ประชาสงเคราะห์,9,16:00-19:00,0,0,1
ทางข้ามปากซอยพหลโยธิน54/1,พหลโยธิน,9,07:00-09:00,0,0,1
ทางข้ามปากซอยพหลโยธิน54/1,พหลโยธิน,9,09:00-16:00,0,0,1
ทางข้ามปากซอยพหลโยธิน54/1,พหลโยธิน,9,16:00-19:00,0,0,1
ทางข้ามปากซอยพุทธมณฑลสาย3ซอย3และซอย5,พุทธมณฑลสาย3,7,07:00-09:00,1,0,0
ทางข้ามปากซอยพุทธมณฑลสาย3ซอย3และซอย5,พุทธมณฑลสาย3,7,09:00-16:00,1,0,0
ทางข้ามปากซอยพุทธมณฑลสาย3ซอย3และซอย5,พุทธมณฑลสาย3,7,16:00-19:00,1,0,0
ทางข้ามปากซอยมิตรไมตรี3,ประชาสงเคราะห์,9,07:00-09:00,0,0,1
ทางข้ามปากซอยมิตรไมตรี3,ประชาสงเคราะห์,9,09:00-16:00,0,0,1
ทางข้ามปากซอยมิตรไมตรี3,ประชาสงเคราะห์,9,16:00-19:00,0,0,1
ทางข้ามปากซอยวัดเทพพล,พรานนก-พุทธมณฑลสาย4,5,07:00-09:00,1,0,0
ทางข้ามปากซอยวัดเทพพล,พรานนก-พุทธมณฑลสาย4,5,09:00-16:00,1,0,0
ทางข้ามปากซอยวัดเทพพล,พรานนก-พุทธมณฑลสาย4,5,16:00-19:00,1,0,0
ทางข้ามปากซอยสามเสน1,สามเสน,9,07:00-09:00,0,0,1
ทางข้ามปากซอยสามเสน1,สามเสน,9,09:00-16:00,0,0,1
ทางข้ามปากซอยสามเสน1,สามเสน,9,16:00-19:00,0,0,1
ทางข้ามปากซอยสามเสน1,สามเสน,10,07:00-09:00,1,0,0
ทางข้ามปากซอยสามเสน1,สามเสน,10,09:00-16:00,1,0,0
ทางข้ามปากซอยสามเสน1,สามเสน,10,16:00-19:00,1,0,0
ทางข้ามปากซอยสามเสน19,สามเสน,9,07:00-09:00,0,0,1
ทางข้ามปากซอยสามเสน19,สามเสน,9,09:00-16:00,0,0,1
ทางข้ามปากซอยสามเสน19,สามเสน,9,16:00-19:00,0,0,1
ทางข้ามปากซอยอุดมสุข47,สุขุมวิท103(อุดมสุข),9,07:00-09:00,1,0,0
ทางข้ามปากซอยอุดมสุข47,สุขุมวิท103(อุดมสุข),9,09:00-16:00,1,0,0
ทางข้ามปากซอยอุดมสุข47,สุขุมวิท103(อุดมสุข),9,16:00-19:00,1,0,0
ทางข้ามปากซอยอ่อนนุช11,อ่อนนุช,5,07:00-09:00,0,0,1
ทางข้ามปากซอยอ่อนนุช11,อ่อนนุช,5,09:00-17:00,0,0,1
ทางข้ามปากซอยอ่อนนุช11,อ่อนนุช,5,17:00-19:00,0,0,1
ทางข้ามปากซอยอ่อนนุช37/1,อ่อนนุช,5,07:00-09:00,0,0,1
ทางข้ามปากซอยอ่อนนุช37/1,อ่อนนุช,5,09:00-17:00,0,0,1
ทางข้ามปากซอยอ่อนนุช37/1,อ่อนนุช,5,17:00-19:00,0,0,1
ทางข้ามปากซอยอ่อนนุช49,อ่อนนุช,1,07:00-09:00,1,0,0
ทางข้ามปากซอยอ่อนนุช49,อ่อนนุช,1,09:00-16:00,1,0,0
ทางข้ามปากซอยอ่อนนุช49,อ่อนนุช,1,16:00-19:00,1,0,0
ทางข้ามปากซอยอ่อนนุช65,อ่อนนุช,4,07:00-09:00,1,0,0
ทางข้ามปากซอยอ่อนนุช65,อ่อนนุช,4,09:00-16:00,1,0,0
ทางข้ามปากซอยอ่อนนุช65,อ่อนนุช,4,16:00-19:00,1,0,0
ทางข้ามปากซอยอ่อนนุช74/3,อ่อนนุช,7,07:00-09:00,1,0,0
ทางข้ามปากซอยอ่อนนุช74/3,อ่อนนุช,7,09:00-16:00,1,0,0
ทางข้ามปากซอยอ่อนนุช74/3,อ่อนนุช,7,16:00-19:00,1,0,0
ทางข้ามปากซอยเอกชัย32,เอกชัย,10,07:00-09:00,1,0,0
ทางข้ามปากซอยเอกชัย32,เอกชัย,10,09:00-16:00,1,0,0
ทางข้ามปากซอยเอกชัย32,เอกชัย,10,16:00-19:00,1,0,0
ทางข้ามพหลโยธิน36,พหลโยธิน,8,07:00-09:00,0,0,1
ทางข้ามพหลโยธิน36,พหลโยธิน,8,09:00-16:00,0,0,1
ทางข้ามพหลโยธิน36,พหลโยธิน,8,16:00-19:00,0,0,1
ทางข้ามรร.ผ่องพลอยอนุสรณ์,ลาซาล55,9,07:00-09:00,0,0,1
ทางข้ามรร.ผ่องพลอยอนุสรณ์,ลาซาล55,9,09:00-17:00,0,0,1
ทางข้ามรร.ผ่องพลอยอนุสรณ์,ลาซาล55,9,17:00-19:00,0,0,1
ทางข้ามระหว่างซอยจรัญสนิทวงศ์44-46,จรัญสนิทวงศ์,8,07:00-09:00,0,0,1
ทางข้ามระหว่างซอยจรัญสนิทวงศ์44-46,จรัญสนิทวงศ์,8,09:00-17:00,0,0,1
ทางข้ามระหว่างซอยจรัญสนิทวงศ์44-46,จรัญสนิทวงศ์,8,17:00-19:00,0,0,1
ทางข้ามระหว่างซอยพุทธบูชา22-22/1,พุทธบูชา,8,07:00-09:00,0,0,1
ทางข้ามระหว่างซอยพุทธบูชา22-22/1,พุทธบูชา,8,09:00-17:00,0,0,1
ทางข้ามระหว่างซอยพุทธบูชา22-22/1,พุทธบูชา,8,17:00-19:00,0,0,1
ทางข้ามระหว่างซอยศาลาธรรมสพน์23และ21,ศาลาธรรมสพน์,2,07:00-09:00,1,0,0
ทางข้ามระหว่างซอยศาลาธรรมสพน์23และ21,ศาลาธรรมสพน์,2,09:00-16:00,1,0,0
ทางข้ามระหว่างซอยศาลาธรรมสพน์23และ21,ศาลาธรรมสพน์,2,16:00-19:00,1,0,0
ทางข้ามระหว่างวัดปทุมวนารามกับเซ็นทรัลเวิลด์,พระรามที่1,2,07:00-09:00,0,1,0
ทางข้ามระหว่างวัดปทุมวนารามกับเซ็นทรัลเวิลด์,พระรามที่1,2,09:00-16:00,0,1,0
ทางข้ามระหว่างวัดปทุมวนารามกับเซ็นทรัลเวิลด์,พระรามที่1,2,16:00-19:00,0,1,0
ทางข้ามสุขุมวิท21ซอย1,อโศก,9,07:00-09:00,1,0,0
ทางข้ามสุขุมวิท21ซอย1,อโศก,9,09:00-16:00,1,0,0
ทางข้ามสุขุมวิท21ซอย1,อโศก,9,16:00-19:00,1,0,0
ทางข้ามสุขุมวิท21ซอย3,อโศก,9,07:00-09:00,1,0,0
ทางข้ามสุขุมวิท21ซอย3,อโศก,9,09:00-16:00,1,0,0
ทางข้ามสุขุมวิท21ซอย3,อโศก,9,16:00-19:00,1,0,0
ทางข้ามหน้าSMทาวเวอร์,พหลโยธิน,8,07:00-09:00,0,0,1
ทางข้ามหน้าSMทาวเวอร์,พหลโยธิน,8,09:00-16:00,0,0,1
ทางข้ามหน้าSMทาวเวอร์,พหลโยธิน,8,16:00-19:00,0,0,1
ทางข้ามหน้ากรมส่งเสริมวัฒนธรรม,วัฒนธรรม,9,07:00-09:00,1,0,0
ทางข้ามหน้ากรมส่งเสริมวัฒนธรรม,วัฒนธรรม,9,09:00-16:00,1,0,0
ทางข้ามหน้ากรมส่งเสริมวัฒนธรรม,วัฒนธรรม,9,16:00-19:00,1,0,0
ทางข้ามหน้ากองปราบปราม,พหลโยธิน,8,07:00-09:00,0,0,1
ทางข้ามหน้ากองปราบปราม,พหลโยธิน,8,09:00-16:00,0,0,1
ทางข้ามหน้ากองปราบปราม,พหลโยธิน,8,16:00-19:00,0,0,1
ทางข้ามหน้าชุมชนน้องใหม่,อาจณรงค์,4,07:00-09:00,1,0,0
ทางข้ามหน้าชุมชนน้องใหม่,อาจณรงค์,4,09:00-16:00,1,0,0
ทางข้ามหน้าชุมชนน้องใหม่,อาจณรงค์,4,16:00-19:00,1,0,0
ทางข้ามหน้าตลาดบางเขน,พหลโยธิน,8,07:00-09:00,0,0,1
ทางข้ามหน้าตลาดบางเขน,พหลโยธิน,8,09:00-16:00,0,0,1
ทางข้ามหน้าตลาดบางเขน,พหลโยธิน,8,16:00-19:00,0,0,1
ทางข้ามหน้าตลาดพิบูลย์วิทย์6,เอกชัย,1,07:00-09:00,1,0,0
ทางข้ามหน้าตลาดพิบูลย์วิทย์6,เอกชัย,1,09:00-16:00,1,0,0
ทางข้ามหน้าตลาดพิบูลย์วิทย์6,เอกชัย,1,16:00-19:00,1,0,0
ทางข้ามหน้าตลาดสะพานใหม่,พหลโยธิน,9,07:00-09:00,0,0,1
ทางข้ามหน้าตลาดสะพานใหม่,พหลโยธิน,9,09:00-16:00,0,0,1
ทางข้ามหน้าตลาดสะพานใหม่,พหลโยธิน,9,16:00-19:00,0,0,1
ทางข้ามหน้าตลาดเทเวศร์,สามเสน,9,07:00-09:00,0,0,1
ทางข้ามหน้าตลาดเทเวศร์,สามเสน,9,09:00-16:00,0,0,1
ทางข้ามหน้าตลาดเทเวศร์,สามเสน,9,16:00-19:00,0,0,1
ทางข้ามหน้าตึกจีเอ็มเอ็มแกรมมี,อโศก,9,07:00-09:00,1,0,0
ทางข้ามหน้าตึกจีเอ็มเอ็มแกรมมี,อโศก,9,09:00-16:00,1,0,0
ทางข้ามหน้าตึกจีเอ็มเอ็มแกรมมี,อโศก,9,16:00-19:00,1,0,0
ทางข้ามหน้าทำเนียบรัฐบาล,พิษณุโลก,9,07:00-09:00,0,0,1
ทางข้ามหน้าทำเนียบรัฐบาล,พิษณุโลก,9,09:00-17:00,0,0,1
ทางข้ามหน้าทำเนียบรัฐบาล,พิษณุโลก,9,17:00-19:00,0,0,1
ทางข้ามหน้าท่าวาสุกรี,สามเสน,9,07:00-09:00,0,0,1
ทางข้ามหน้าท่าวาสุกรี,สามเสน,9,09:00-16:00,0,0,1
ทางข้ามหน้าท่าวาสุกรี,สามเสน,9,16:00-19:00,0,0,1
ทางข้ามหน้าธ.ออมสิน,พหลโยธิน,8,07:00-09:00,0,0,1
ทางข้ามหน้าธ.ออมสิน,พหลโยธิน,8,09:00-16:00,0,0,1
ทางข้ามหน้าธ.ออมสิน,พหลโยธิน,8,16:00-19:00,0,0,1
ทางข้ามหน้าธนาคารกรุงศรีฯสาขาจอมทอง,เอกชัย,5,07:00-09:00,1,0,0
ทางข้ามหน้าธนาคารกรุงศรีฯสาขาจอมทอง,เอกชัย,5,09:00-16:00,1,0,0
ทางข้ามหน้าธนาคารกรุงศรีฯสาขาจอมทอง,เอกชัย,5,16:00-19:00,1,0,0
ทางข้ามหน้าธนาคารกรุงเทพ,พหลโยธิน,9,07:00-09:00,0,0,1
ทางข้ามหน้าธนาคารกรุงเทพ,พหลโยธิน,9,09:00-16:00,0,0,1
ทางข้ามหน้าธนาคารกรุงเทพ,พหลโยธิน,9,16:00-19:00,0,0,1
ทางข้ามหน้าธนาคารเกียรตินาคิน,อโศก,12,07:00-09:00,1,0,0
ทางข้ามหน้าธนาคารเกียรตินาคิน,อโศก,12,09:00-16:00,1,0,0
ทางข้ามหน้าธนาคารเกียรตินาคิน,อโศก,12,16:00-19:00,1,0,0
ทางข้ามหน้าธนาคารแห่งประเทศไทย,สามเสน,9,07:00-09:00,0,0,1
ทางข้ามหน้าธนาคารแห่งประเทศไทย,สามเสน,9,09:00-16:00,0,0,1
ทางข้ามหน้าธนาคารแห่งประเทศไทย,สามเสน,9,16:00-19:00,0,0,1
ทางข้ามหน้าบิ๊กซี,พหลโยธิน,8,07:00-09:00,0,0,1
ทางข้ามหน้าบิ๊กซี,พหลโยธิน,8,09:00-16:00,0,0,1
ทางข้ามหน้าบิ๊กซี,พหลโยธิน,8,16:00-19:00,0,0,1
ทางข้ามหน้าปากซอยนามบัญญัติ,ประชาธิปไตย,6,07:00-09:00,1,0,0
ทางข้ามหน้าปากซอยนามบัญญัติ,ประชาธิปไตย,6,09:00-16:00,1,0,0
ทางข้ามหน้าปากซอยนามบัญญัติ,ประชาธิปไตย,6,16:00-19:00,1,0,0
ทางข้ามหน้าปากซอยเฉลิมพระเกียรติ43,เฉลิมพระเกียรติร.9,8,07:00-09:00,1,0,0
ทางข้ามหน้าปากซอยเฉลิมพระเกียรติ43,เฉลิมพระเกียรติร.9,8,09:00-16:00,1,0,0
ทางข้ามหน้าปากซอยเฉลิมพระเกียรติ43,เฉลิมพระเกียรติร.9,8,16:00-19:00,1,0,0
ทางข้ามหน้าม.เกษตร,พหลโยธิน,9,07:00-09:00,0,0,1
ทางข้ามหน้าม.เกษตร,พหลโยธิน,9,09:00-16:00,0,0,1
ทางข้ามหน้าม.เกษตร,พหลโยธิน,9,16:00-19:00,0,0,1
ทางข้ามหน้ารพ.วิภาราม,พัฒนาการ,9,07:00-09:00,0,0,1
ทางข้ามหน้ารพ.วิภาราม,พัฒนาการ,9,09:00-16:00,0,0,1
ทางข้ามหน้ารพ.วิภาราม,พัฒนาการ,9,16:00-19:00,0,0,1
ทางข้ามหน้าร้านจ.ทรัพย์ทวีคูณและบ.อุมศักดิ์ก๊กเอ๊งทรานสปอร์ต,พุทธมณฑลสาย3,7,07:00-09:00,0,0,1
ทางข้ามหน้าร้านจ.ทรัพย์ทวีคูณและบ.อุมศักดิ์ก๊กเอ๊งทรานสปอร์ต,พุทธมณฑลสาย3,7,09:00-17:00,0,0,1
ทางข้ามหน้าร้านจ.ทรัพย์ทวีคูณและบ.อุมศักดิ์ก๊กเอ๊งทรานสปอร์ต,พุทธมณฑลสาย3,7,17:00-19:00,0,0,1
ทางข้ามหน้าวัดตรีทศเทพ,ประชาธิปไตย,5,07:00-09:00,0,0,1
ทางข้ามหน้าวัดตรีทศเทพ,ประชาธิปไตย,5,09:00-16:00,0,0,1
ทางข้ามหน้าวัดตรีทศเทพ,ประชาธิปไตย,5,16:00-19:00,0,0,1
ทางข้ามหน้าวัดราษฎร์บำรุง,เพชรเกษม69,1,07:00-09:00,1,0,0
ทางข้ามหน้าวัดราษฎร์บำรุง,เพชรเกษม69,1,09:00-16:00,1,0,0
ทางข้ามหน้าวัดราษฎร์บำรุง,เพชรเกษม69,1,16:00-19:00,1,0,0
ทางข้ามหน้าวัดเศวตฉัตร,เจริญนคร,5,07:00-09:00,0,1,0
ทางข้ามหน้าวัดเศวตฉัตร,เจริญนคร,5,09:00-16:00,0,1,0
ทางข้ามหน้าวัดเศวตฉัตร,เจริญนคร,5,16:00-19:00,0,1,0
ทางข้ามหน้าศูนย์บริการสาธารณสุข4,ประชาสงเคราะห์,9,07:00-09:00,0,0,1
ทางข้ามหน้าศูนย์บริการสาธารณสุข4,ประชาสงเคราะห์,9,09:00-16:00,0,0,1
ทางข้ามหน้าศูนย์บริการสาธารณสุข4,ประชาสงเคราะห์,9,16:00-19:00,0,0,1
ทางข้ามหน้าสถานีโทรทัศน์กองทัพบกช่อง5,พหลโยธิน,6,07:00-09:00,1,0,0
ทางข้ามหน้าสถานีโทรทัศน์กองทัพบกช่อง5,พหลโยธิน,6,09:00-16:00,1,0,0
ทางข้ามหน้าสถานีโทรทัศน์กองทัพบกช่อง5,พหลโยธิน,6,16:00-19:00,1,0,0
ทางข้ามหน้าสถาบันโรคไตฯ,พญาไท,9,07:00-09:00,0,0,1
ทางข้ามหน้าสถาบันโรคไตฯ,พญาไท,9,09:00-16:00,0,0,1
ทางข้ามหน้าสถาบันโรคไตฯ,พญาไท,9,16:00-19:00,0,0,1
ทางข้ามหน้าสน.ทองหล่อ,ซอยสุขุมวิท55,3,07:00-09:00,1,0,0
ทางข้ามหน้าสน.ทองหล่อ,ซอยสุขุมวิท55,3,09:00-16:00,1,0,0
ทางข้ามหน้าสน.ทองหล่อ,ซอยสุขุมวิท55,3,16:00-19:00,1,0,0
ทางข้ามหน้าสมาคมแม่บ้านทหารอากาศ,พหลโยธิน,9,07:00-09:00,0,0,1
ทางข้ามหน้าสมาคมแม่บ้านทหารอากาศ,พหลโยธิน,9,09:00-16:00,0,0,1
ทางข้ามหน้าสมาคมแม่บ้านทหารอากาศ,พหลโยธิน,9,16:00-19:00,0,0,1
ทางข้ามหน้าสำนักงานตำรวจแห่งชาติ,พระรามที่1,10,07:00-09:00,1,0,0
ทางข้ามหน้าสำนักงานตำรวจแห่งชาติ,พระรามที่1,10,09:00-16:00,1,0,0
ทางข้ามหน้าสำนักงานตำรวจแห่งชาติ,พระรามที่1,10,16:00-19:00,1,0,0
ทางข้ามหน้าหมู่บ้านกรีนวิลล์,พุทธมณฑลสาย2,4,07:00-09:00,1,0,0
ทางข้ามหน้าหมู่บ้านกรีนวิลล์,พุทธมณฑลสาย2,4,09:00-16:00,1,0,0
ทางข้ามหน้าหมู่บ้านกรีนวิลล์,พุทธมณฑลสาย2,4,16:00-19:00,1,0,0
ทางข้ามหน้าหมู่บ้านธันยกานต์(ซอยวัชรพล25),วัชรพล,10,07:00-09:00,1,0,0
ทางข้ามหน้าหมู่บ้านธันยกานต์(ซอยวัชรพล25),วัชรพล,10,09:00-16:00,1,0,0
ทางข้ามหน้าหมู่บ้านธันยกานต์(ซอยวัชรพล25),วัชรพล,10,16:00-19:00,1,0,0
ทางข้ามหน้าหมู่บ้านมหาดไทย,พุทธมณฑลสาย1,1,07:00-09:00,1,0,0
ทางข้ามหน้าหมู่บ้านมหาดไทย,พุทธมณฑลสาย1,1,09:00-16:00,1,0,0
ทางข้ามหน้าหมู่บ้านมหาดไทย,พุทธมณฑลสาย1,1,16:00-19:00,1,0,0
ทางข้ามหน้าหมู่บ้านสินทรัพย์นคร,พุทธมณฑลสาย2,5,07:00-09:00,0,1,0
ทางข้ามหน้าหมู่บ้านสินทรัพย์นคร,พุทธมณฑลสาย2,5,09:00-16:00,0,1,0
ทางข้ามหน้าหมู่บ้านสินทรัพย์นคร,พุทธมณฑลสาย2,5,16:00-19:00,0,1,0
ทางข้ามหน้าอาคารสำนักงบประมาณ,พหลโยธิน,8,07:00-09:00,0,0,1
ทางข้ามหน้าอาคารสำนักงบประมาณ,พหลโยธิน,8,09:00-16:00,0,0,1
ทางข้ามหน้าอาคารสำนักงบประมาณ,พหลโยธิน,8,16:00-19:00,0,0,1
ทางข้ามหน้าเซนทรัลเฟสติวัลอีวิลล์,ประดิษฐ์มนูธรรม,4,07:00-09:00,1,0,0
ทางข้ามหน้าเซนทรัลเฟสติวัลอีวิลล์,ประดิษฐ์มนูธรรม,4,09:00-16:00,1,0,0
ทางข้ามหน้าเซนทรัลเฟสติวัลอีวิลล์,ประดิษฐ์มนูธรรม,4,16:00-19:00,1,0,0
ทางข้ามหน้าเมเจอร์อเวนิวและธนาคารไทยพาณิชย์,สุโขทัย,4,07:00-09:00,1,0,0
ทางข้ามหน้าเมเจอร์อเวนิวและธนาคารไทยพาณิชย์,สุโขทัย,4,09:00-16:00,1,0,0
ทางข้ามหน้าเมเจอร์อเวนิวและธนาคารไทยพาณิชย์,สุโขทัย,4,16:00-19:00,1,0,0
ทางข้ามหน้าโครงการวานิชเพลส,พหลโยธิน,8,07:00-09:00,0,0,1
ทางข้ามหน้าโครงการวานิชเพลส,พหลโยธิน,8,09:00-16:00,0,0,1
ทางข้ามหน้าโครงการวานิชเพลส,พหลโยธิน,8,16:00-19:00,0,0,1
ทางข้ามหน้าโรงพยาบาลจักษุ-รัตนิน,อโศก,12,07:00-09:00,1,0,0
ทางข้ามหน้าโรงพยาบาลจักษุ-รัตนิน,อโศก,12,09:00-16:00,1,0,0
ทางข้ามหน้าโรงพยาบาลจักษุ-รัตนิน,อโศก,12,16:00-19:00,1,0,0
ทางข้ามหน้าโรงพยาบาลเวชการุณเวชรัศม์,เลียบวารี,6,07:00-09:00,1,0,0
ทางข้ามหน้าโรงพยาบาลเวชการุณเวชรัศม์,เลียบวารี,6,09:00-16:00,1,0,0
ทางข้ามหน้าโรงพยาบาลเวชการุณเวชรัศม์,เลียบวารี,6,16:00-19:00,1,0,0
ทางข้ามหน้าโรงเรียนประชาบำรุง,เลียบคลองภาษีเจริญฝั่งเหนือ,5,07:00-09:00,1,0,0
ทางข้ามหน้าโรงเรียนประชาบำรุง,เลียบคลองภาษีเจริญฝั่งเหนือ,5,09:00-16:00,1,0,0
ทางข้ามหน้าโรงเรียนประชาบำรุง,เลียบคลองภาษีเจริญฝั่งเหนือ,5,16:00-19:00,1,0,0
ทางข้ามหน้าโรงเรียนพร้อมพรรณ,ประชาสงเคราะห์,9,07:00-09:00,0,0,1
ทางข้ามหน้าโรงเรียนพร้อมพรรณ,ประชาสงเคราะห์,9,09:00-16:00,0,0,1
ทางข้ามหน้าโรงเรียนพร้อมพรรณ,ประชาสงเคราะห์,9,16:00-19:00,0,0,1
ทางข้ามหน้าโรงเรียนพิชญ์นก,เลียบคลองภาษีเจริญฝั่งเหนือ,1,07:00-09:00,1,0,0
ทางข้ามหน้าโรงเรียนพิชญ์นก,เลียบคลองภาษีเจริญฝั่งเหนือ,1,09:00-16:00,1,0,0
ทางข้ามหน้าโรงเรียนพิชญ์นก,เลียบคลองภาษีเจริญฝั่งเหนือ,1,16:00-19:00,1,0,0
ทางข้ามหน้าโรงเรียนวังเด็ก,สุขุมวิท77,5,07:00-09:00,1,0,0
ทางข้ามหน้าโรงเรียนวังเด็ก,สุขุมวิท77,5,09:00-16:00,1,0,0
ทางข้ามหน้าโรงเรียนวังเด็ก,สุขุมวิท77,5,16:00-19:00,1,0,0
ทางข้ามหน้าโรงเรียนวัดมหรรณพาราม,ตะนาว,7,07:00-09:00,1,0,0
ทางข้ามหน้าโรงเรียนวัดมหรรณพาราม,ตะนาว,7,09:00-16:00,1,0,0
ทางข้ามหน้าโรงเรียนวัดมหรรณพาราม,ตะนาว,7,16:00-19:00,1,0,0
ทางข้ามหน้าโรงเรียนวิชูทิศ,ทางเข้าโรงเรียนวิชูทิศ,5,07:00-09:00,1,0,0
ทางข้ามหน้าโรงเรียนวิชูทิศ,ทางเข้าโรงเรียนวิชูทิศ,5,09:00-16:00,1,0,0
ทางข้ามหน้าโรงเรียนวิชูทิศ,ทางเข้าโรงเรียนวิชูทิศ,5,16:00-19:00,1,0,0
ทางข้ามหน้าโรงเรียนวิชูทิศ,ประชาสงเคราะห์,5,07:00-09:00,1,0,0
ทางข้ามหน้าโรงเรียนวิชูทิศ,ประชาสงเคราะห์,5,09:00-16:00,1,0,0
ทางข้ามหน้าโรงเรียนวิชูทิศ,ประชาสงเคราะห์,5,16:00-19:00,1,0,0
ทางข้ามหน้าโรงเรียนวิทยานนท์,ราษฎร์พัฒนา,1,07:00-09:00,1,0,0
ทางข้ามหน้าโรงเรียนวิทยานนท์,ราษฎร์พัฒนา,1,09:00-16:00,1,0,0
ทางข้ามหน้าโรงเรียนวิทยานนท์,ราษฎร์พัฒนา,1,16:00-19:00,1,0,0
ทางข้ามหน้าโรงเรียนสายปัญญา,กรุงเกษม,6,07:00-09:00,1,0,0
ทางข้ามหน้าโรงเรียนสายปัญญา,กรุงเกษม,6,09:00-16:00,1,0,0
ทางข้ามหน้าโรงเรียนสายปัญญา,กรุงเกษม,6,16:00-19:00,1,0,0
ทางข้ามหน้าโรงเรียนสายปัญญา,กรุงเกษม,7,07:00-09:00,1,0,0
ทางข้ามหน้าโรงเรียนสายปัญญา,กรุงเกษม,7,09:00-16:00,1,0,0
ทางข้ามหน้าโรงเรียนสายปัญญา,กรุงเกษม,7,16:00-19:00,1,0,0
ทางข้ามหน้าโรงเรียนโยธินบูรณะ,ประชาราษฎร์สาย1,8,07:00-09:00,1,0,0
ทางข้ามหน้าโรงเรียนโยธินบูรณะ,ประชาราษฎร์สาย2,8,09:00-16:00,1,0,0
ทางข้ามหน้าโรงเรียนโยธินบูรณะ,ประชาราษฎร์สาย3,8,16:00-19:00,1,0,0
ทางข้ามหน้าโรงแรมมิราเคิล,กำแพงเพชร6,8,06:30-09:00,1,0,0
ทางข้ามหน้าโรงแรมมิราเคิล,กำแพงเพชร6,8,09:00-16:00,1,0,0
ทางข้ามหน้าโรงแรมมิราเคิล,กำแพงเพชร6,8,16:00-19:30,1,0,0
ทางข้ามหน้าโรบินสันบางรัก,เจริญกรุง,9,07:00-09:00,1,0,0
ทางข้ามหน้าโรบินสันบางรัก,เจริญกรุง,9,09:00-16:00,1,0,0
ทางข้ามหน้าโรบินสันบางรัก,เจริญกรุง,9,16:00-19:00,1,0,0
ทางข้ามหน้าไปรษณีย์อ่อนนุช,อ่อนนุช,5,07:00-09:00,0,1,0
ทางข้ามหน้าไปรษณีย์อ่อนนุช,อ่อนนุช,5,09:00-16:00,0,1,0
ทางข้ามหน้าไปรษณีย์อ่อนนุช,อ่อนนุช,5,16:00-19:00,0,1,0
ทางข้ามเลียบวารี27-29,เลียบวารี,8,07:00-09:00,0,0,1
ทางข้ามเลียบวารี27-29,เลียบวารี,8,09:00-16:00,0,0,1
ทางข้ามเลียบวารี27-29,เลียบวารี,8,16:00-19:00,0,0,1
ทางข้ามแยกกำแพงเพชร,พหลโยธิน,8,07:00-09:00,0,0,1
ทางข้ามแยกกำแพงเพชร,พหลโยธิน,8,09:00-16:00,0,0,1
ทางข้ามแยกกำแพงเพชร,พหลโยธิน,8,16:00-19:00,0,0,1
ทางข้ามแยกจุฬา12,พญาไท,9,07:00-09:00,0,0,1
ทางข้ามแยกจุฬา12,พญาไท,9,09:00-16:00,0,0,1
ทางข้ามแยกจุฬา12,พญาไท,9,16:00-19:00,0,0,1
ทางข้ามแยกบางขุนพรหม(ก่อนแยก),สามเสน,9,07:00-09:00,0,0,1
ทางข้ามแยกบางขุนพรหม(ก่อนแยก),สามเสน,9,09:00-16:00,0,0,1
ทางข้ามแยกบางขุนพรหม(ก่อนแยก),สามเสน,9,16:00-19:00,0,0,1
ทางข้ามแยกบางขุนพรหม(หลังแยก),สามเสน,9,07:00-09:00,0,0,1
ทางข้ามแยกบางขุนพรหม(หลังแยก),สามเสน,9,09:00-16:00,0,0,1
ทางข้ามแยกบางขุนพรหม(หลังแยก),สามเสน,9,16:00-19:00,0,0,1
ทางข้ามแยกพญาไท,พญาไท,9,07:00-09:00,0,0,1
ทางข้ามแยกพญาไท,พญาไท,9,09:00-16:00,0,0,1
ทางข้ามแยกพญาไท,พญาไท,9,16:00-19:00,0,0,1
ทางข้ามแยกรัชโยธิน(ก่อนแยก),พหลโยธิน,8,07:00-09:00,0,0,1
ทางข้ามแยกรัชโยธิน(ก่อนแยก),พหลโยธิน,8,09:00-16:00,0,0,1
ทางข้ามแยกรัชโยธิน(ก่อนแยก),พหลโยธิน,8,16:00-19:00,0,0,1
ทางข้ามแยกรัชโยธิน(หลังแยก),พหลโยธิน,8,07:00-09:00,0,0,1
ทางข้ามแยกรัชโยธิน(หลังแยก),พหลโยธิน,8,09:00-16:00,0,0,1
ทางข้ามแยกรัชโยธิน(หลังแยก),พหลโยธิน,8,16:00-19:00,0,0,1
ทางข้ามแยกราชเทวี(ก่อนแยก),พญาไท,9,07:00-09:00,0,0,1
ทางข้ามแยกราชเทวี(ก่อนแยก),พญาไท,9,09:00-16:00,0,0,1
ทางข้ามแยกราชเทวี(ก่อนแยก),พญาไท,9,16:00-19:00,0,0,1
ทางข้ามแยกราชเทวี(หลังแยก),พญาไท,9,07:00-09:00,0,0,1
ทางข้ามแยกราชเทวี(หลังแยก),พญาไท,9,09:00-16:00,0,0,1
ทางข้ามแยกราชเทวี(หลังแยก),พญาไท,9,16:00-19:00,0,0,1
ทางข้ามแยกเกษตร(ก่อนแยก),พหลโยธิน,8,07:00-09:00,0,0,1
ทางข้ามแยกเกษตร(ก่อนแยก),พหลโยธิน,8,09:00-16:00,0,0,1
ทางข้ามแยกเกษตร(ก่อนแยก),พหลโยธิน,8,16:00-19:00,0,0,1
ทางข้ามแยกเทเวศร์,สามเสน,9,07:00-09:00,0,0,1
ทางข้ามแยกเทเวศร์,สามเสน,9,09:00-16:00,0,0,1
ทางข้ามแยกเทเวศร์,สามเสน,9,16:00-19:00,0,0,1
ทางข้ามแยกเสนานิคม,พหลโยธิน,8,07:00-09:00,0,0,1
ทางข้ามแยกเสนานิคม,พหลโยธิน,8,09:00-16:00,0,0,1
ทางข้ามแยกเสนานิคม,พหลโยธิน,8,16:00-19:00,0,0,1
ทางข้ามโรงเรียนบางบัว,พหลโยธิน,9,07:00-09:00,0,0,1
ทางข้ามโรงเรียนบางบัว,พหลโยธิน,9,09:00-17:00,0,0,1
ทางข้ามโรงเรียนบางบัว,พหลโยธิน,9,17:00-19:00,0,0,1
ทางข้ามโรงเรียนบางบัว,เลียบคลองบางเขน,9,07:00-09:00,0,0,1
ทางข้ามโรงเรียนบางบัว,เลียบคลองบางเขน,9,09:00-17:00,0,0,1
ทางข้ามโรงเรียนบางบัว,เลียบคลองบางเขน,9,17:00-19:00,0,0,1
ทางข้ามโรงเรียนวัดอ่างแก้ว,เทอดไท,2,07:00-09:00,1,0,0
ทางข้ามโรงเรียนวัดอ่างแก้ว,เทอดไท,2,09:00-16:00,1,0,0
ทางข้ามโรงเรียนวัดอ่างแก้ว,เทอดไท,2,16:00-19:00,1,0,0
ทางข้ามใกล้คลองวัดยาง,จรัญสนิทวงศ์,3,07:00-09:00,0,0,1
ทางข้ามใกล้คลองวัดยาง,จรัญสนิทวงศ์,3,09:00-17:00,0,0,1
ทางข้ามใกล้คลองวัดยาง,จรัญสนิทวงศ์,3,17:00-19:00,0,0,1
ทางข้ามใกล้แยกหลังสวน,สารสิน,12,07:00-09:00,0,0,1
ทางข้ามใกล้แยกหลังสวน,สารสิน,12,09:00-17:00,0,0,1
ทางข้ามใกล้แยกหลังสวน,สารสิน,12,17:00-19:00,0,0,1
ทางช้ามปากซอยตากสิน17-18,สมเด็จพระเจ้าตากสิน,3,07:00-09:00,1,0,0
ทางช้ามปากซอยตากสิน17-18,สมเด็จพระเจ้าตากสิน,3,09:00-16:00,1,0,0
ทางช้ามปากซอยตากสิน17-18,สมเด็จพระเจ้าตากสิน,3,16:00-19:00,1,0,0
ทางช้ามหน้ากรมชลประทาน,สามเสน,9,07:00-09:00,0,0,1
ทางช้ามหน้ากรมชลประทาน,สามเสน,9,09:00-16:00,0,0,1
ทางช้ามหน้ากรมชลประทาน,สามเสน,9,16:00-19:00,0,0,1
ทางยกระดับข้ามถนนร่มเกล้า,ร่มเกล้า,1,07:00-09:00,0,0,1
ทางยกระดับข้ามถนนร่มเกล้า,ร่มเกล้า,1,09:00-16:00,0,0,1
ทางยกระดับข้ามถนนร่มเกล้า,ร่มเกล้า,1,16:00-19:00,0,0,1
ทางยกระดับข้ามถนนร่มเกล้า,ศรีนครินทร์-ร่มเกล้า,1,07:00-09:00,0,0,1
ทางยกระดับข้ามถนนร่มเกล้า,ศรีนครินทร์-ร่มเกล้า,1,09:00-16:00,0,0,1
ทางยกระดับข้ามถนนร่มเกล้า,ศรีนครินทร์-ร่มเกล้า,1,16:00-19:00,0,0,1
ทางลงทางด่วนจตุรโชติ,ทางลงทางด่วน,5,07:00-09:00,1,0,0
ทางลงทางด่วนจตุรโชติ,ทางลงทางด่วน,5,09:00-16:00,1,0,0
ทางลงทางด่วนจตุรโชติ,ทางลงทางด่วน,5,16:00-19:00,1,0,0
ทางลงทางด่วนจตุรโชติ,เลียบด่วน,5,07:00-09:00,1,0,0
ทางลงทางด่วนจตุรโชติ,เลียบด่วน,5,09:00-16:00,1,0,0
ทางลงทางด่วนจตุรโชติ,เลียบด่วน,5,16:00-19:00,1,0,0
ทางลอดกลับรถถนนพัฒนาการ,พัฒนาการ,2,07:00-09:00,0,0,1
ทางลอดกลับรถถนนพัฒนาการ,พัฒนาการ,2,09:00-17:00,0,0,1
ทางลอดกลับรถถนนพัฒนาการ,พัฒนาการ,2,17:00-19:00,0,0,1
ทางออกบิ๊กซี,ทางออกบิ๊กซี,5,07:00-09:00,0,0,1
ทางออกบิ๊กซี,ทางออกบิ๊กซี,5,09:00-17:00,0,0,1
ทางออกบิ๊กซี,ทางออกบิ๊กซี,5,17:00-19:00,0,0,1
ทางเข้า-ออกรฐัสภา,ทางเข้าออกรัฐสภา,3,07:00-09:00,0,1,0
ทางเข้า-ออกรฐัสภา,ทางเข้าออกรัฐสภา,3,09:00-16:00,0,1,0
ทางเข้า-ออกรฐัสภา,ทางเข้าออกรัฐสภา,3,16:00-19:00,0,1,0
ทางเข้า-ออกรฐัสภา,สามเสน,3,07:00-09:00,0,1,0
ทางเข้า-ออกรฐัสภา,สามเสน,3,09:00-16:00,0,1,0
ทางเข้า-ออกรฐัสภา,สามเสน,3,16:00-19:00,0,1,0
ทางเข้า-ออกหมู่บ้านแกรนคาแนล,ทางเข้าออกหมู่บ้านแกรนคาแนล,3,07:00-09:00,0,0,1
ทางเข้า-ออกหมู่บ้านแกรนคาแนล,ทางเข้าออกหมู่บ้านแกรนคาแนล,3,09:00-17:00,0,0,1
ทางเข้า-ออกหมู่บ้านแกรนคาแนล,ทางเข้าออกหมู่บ้านแกรนคาแนล,3,17:00-19:00,0,0,1
ทางเข้า-ออกหมู่บ้านแกรนคาแนล,เชิดวุฒากาศ,3,07:00-09:00,0,0,1
ทางเข้า-ออกหมู่บ้านแกรนคาแนล,เชิดวุฒากาศ,3,09:00-17:00,0,0,1
ทางเข้า-ออกหมู่บ้านแกรนคาแนล,เชิดวุฒากาศ,3,17:00-19:00,0,0,1
ทางเข้า-ออกแจ้งวัฒนะ5,ซอยแจ้งวัฒนะ5,3,07:00-09:00,1,0,0
ทางเข้า-ออกแจ้งวัฒนะ5,ซอยแจ้งวัฒนะ5,3,09:00-16:00,1,0,0
ทางเข้า-ออกแจ้งวัฒนะ5,ซอยแจ้งวัฒนะ5,3,16:00-19:00,1,0,0
ทางเข้า-ออกแจ้งวัฒนะ5,แจ้งวัฒนะ,3,07:00-09:00,1,0,0
ทางเข้า-ออกแจ้งวัฒนะ5,แจ้งวัฒนะ,3,09:00-16:00,1,0,0
ทางเข้า-ออกแจ้งวัฒนะ5,แจ้งวัฒนะ,3,16:00-19:00,1,0,0
ทางเข้าถนนสุคนธสวัสดิ์,ประดิษฐ์มนูธรรม,10,07:00-09:00,0,0,1
ทางเข้าถนนสุคนธสวัสดิ์,ประดิษฐ์มนูธรรม,10,09:00-17:00,0,0,1
ทางเข้าถนนสุคนธสวัสดิ์,ประดิษฐ์มนูธรรม,10,17:00-19:00,0,0,1
ทางเข้าบิ๊กซีและรร.อโนมา,ทางเข้าบิ๊กซีและรร.อโนมา,5,07:00-09:00,0,0,1
ทางเข้าบิ๊กซีและรร.อโนมา,ทางเข้าบิ๊กซีและรร.อโนมา,5,09:00-17:00,0,0,1
ทางเข้าบิ๊กซีและรร.อโนมา,ทางเข้าบิ๊กซีและรร.อโนมา,5,17:00-19:00,0,0,1
ทางเข้าบิ๊กซีและรร.อโนมา,ราชดำริ,5,07:00-09:00,0,0,1
ทางเข้าบิ๊กซีและรร.อโนมา,ราชดำริ,5,09:00-17:00,0,0,1
ทางเข้าบิ๊กซีและรร.อโนมา,ราชดำริ,5,17:00-19:00,0,0,1
ทางเข้ารร.ปาณยาพัฒนาการ(พัฒนาการ40),พัฒนาการ,3,07:00-09:00,0,0,1
ทางเข้ารร.ปาณยาพัฒนาการ(พัฒนาการ40),พัฒนาการ,3,09:00-17:00,0,0,1
ทางเข้ารร.ปาณยาพัฒนาการ(พัฒนาการ40),พัฒนาการ,3,17:00-19:00,0,0,1
ทางเข้ารร.ปาณยาพัฒนาการ(พัฒนาการ40),พัฒนาการ40,3,07:00-09:00,0,0,1
ทางเข้ารร.ปาณยาพัฒนาการ(พัฒนาการ40),พัฒนาการ40,3,09:00-17:00,0,0,1
ทางเข้ารร.ปาณยาพัฒนาการ(พัฒนาการ40),พัฒนาการ40,3,17:00-19:00,0,0,1
ทางเข้าหมู่บ้านเอื้ออาทร,ทางเข้าหมู่บ้านเอื้ออาทร,2,07:00-09:00,0,1,0
ทางเข้าหมู่บ้านเอื้ออาทร,ทางเข้าหมู่บ้านเอื้ออาทร,2,09:00-16:00,0,1,0
ทางเข้าหมู่บ้านเอื้ออาทร,ทางเข้าหมู่บ้านเอื้ออาทร,2,16:00-19:00,0,1,0
ทางเข้าหมู่บ้านเอื้ออาทร,เคหะร่มเกล้า,2,07:00-09:00,0,1,0
ทางเข้าหมู่บ้านเอื้ออาทร,เคหะร่มเกล้า,2,09:00-16:00,0,1,0
ทางเข้าหมู่บ้านเอื้ออาทร,เคหะร่มเกล้า,2,16:00-19:00,0,1,0
ทางเข้าออกการกีฬาแห่งประเทศไทย,ทางออกการกีฬาฯ,8,07:00-09:00,0,0,1
ทางเข้าออกการกีฬาแห่งประเทศไทย,ทางออกการกีฬาฯ,8,09:00-16:00,0,0,1
ทางเข้าออกการกีฬาแห่งประเทศไทย,ทางออกการกีฬาฯ,8,16:00-19:00,0,0,1
ทางเข้าออกการกีฬาแห่งประเทศไทย,ทางเข้าการกีฬาฯ,8,07:00-09:00,0,0,1
ทางเข้าออกการกีฬาแห่งประเทศไทย,ทางเข้าการกีฬาฯ,8,09:00-16:00,0,0,1
ทางเข้าออกการกีฬาแห่งประเทศไทย,ทางเข้าการกีฬาฯ,8,16:00-19:00,0,0,1
ทางเข้าออกซอยแจ้งวัฒนะ9,ซอยแจ้งวัฒนะ9,3,07:00-09:00,1,0,0
ทางเข้าออกซอยแจ้งวัฒนะ9,ซอยแจ้งวัฒนะ9,3,09:00-16:00,1,0,0
ทางเข้าออกซอยแจ้งวัฒนะ9,ซอยแจ้งวัฒนะ9,3,16:00-19:00,1,0,0
ทางเข้าออกซอยแจ้งวัฒนะ9,แจ้งวัฒนะ,3,07:00-09:00,1,0,0
ทางเข้าออกซอยแจ้งวัฒนะ9,แจ้งวัฒนะ,3,09:00-16:00,1,0,0
ทางเข้าออกซอยแจ้งวัฒนะ9,แจ้งวัฒนะ,3,16:00-19:00,1,0,0
ทางเข้าออกมหาวิทยาลัยรามคำแหง,ทางเข้าออกม.รามฯ,8,07:00-09:00,0,0,1
ทางเข้าออกมหาวิทยาลัยรามคำแหง,ทางเข้าออกม.รามฯ,8,09:00-16:00,0,0,1
ทางเข้าออกมหาวิทยาลัยรามคำแหง,ทางเข้าออกม.รามฯ,8,16:00-19:00,0,0,1
ทางเข้าออกวัดอินทราวาส,ราชพฤกษ์,3,07:00-09:00,0,1,0
ทางเข้าออกวัดอินทราวาส,ราชพฤกษ์,3,09:00-16:00,0,1,0
ทางเข้าออกวัดอินทราวาส,ราชพฤกษ์,3,16:00-19:00,0,1,0
ทางเข้าออกวัดอินทราวาส,อนิทราวาส,3,07:00-09:00,0,1,0
ทางเข้าออกวัดอินทราวาส,อนิทราวาส,3,09:00-16:00,0,1,0
ทางเข้าออกวัดอินทราวาส,อนิทราวาส,3,16:00-19:00,0,1,0
ทางเข้าออกสำนักงานขนส่งฯพื้นที่1บางขุนเทียน,ทางเข้าออกสำนักงานขนส่งฯ,10,07:00-09:00,0,0,1
ทางเข้าออกสำนักงานขนส่งฯพื้นที่1บางขุนเทียน,ทางเข้าออกสำนักงานขนส่งฯ,10,09:00-17:00,0,0,1
ทางเข้าออกสำนักงานขนส่งฯพื้นที่1บางขุนเทียน,ทางเข้าออกสำนักงานขนส่งฯ,10,17:00-19:00,0,0,1
ทางเข้าออกสำนักงานขนส่งฯพื้นที่1บางขุนเทียน,บางขุนเทียน-ชายทะเล,10,09:00-17:00,0,0,1
ทางเข้าออกสำนักงานขนส่งฯพื้นที่1บางขุนเทียน,บางขุนเทียน-ชายทะเล,10,17:00-19:00,0,0,1
ทางเข้าออกเกษรทาวเวอร์,ทางเข้าออกเกษรทาวเวอร์,5,07:00-09:00,0,0,1
ทางเข้าออกเกษรทาวเวอร์,ทางเข้าออกเกษรทาวเวอร์,5,09:00-17:00,0,0,1
ทางเข้าออกเกษรทาวเวอร์,ทางเข้าออกเกษรทาวเวอร์,5,17:00-19:00,0,0,1
ทางเข้าออกเกษรทาวเวอร์,ราชดำริ,5,07:00-09:00,0,0,1
ทางเข้าออกเกษรทาวเวอร์,ราชดำริ,5,09:00-17:00,0,0,1
ทางเข้าออกเกษรทาวเวอร์,ราชดำริ,5,17:00-19:00,0,0,1
ทางเข้าออกเซ็นทรัลเวิลดิ์,ทางเข้าออกเซ็นทรัลเวิลดิ์,5,07:00-09:00,0,0,1
ทางเข้าออกเซ็นทรัลเวิลดิ์,ทางเข้าออกเซ็นทรัลเวิลดิ์,5,09:00-17:00,0,0,1
ทางเข้าออกเซ็นทรัลเวิลดิ์,ทางเข้าออกเซ็นทรัลเวิลดิ์,5,17:00-19:00,0,0,1
ทางเข้าออกเซ็นทรัลเวิลดิ์,ราชดำริ,5,07:00-09:00,0,0,1
ทางเข้าออกเซ็นทรัลเวิลดิ์,ราชดำริ,5,09:00-17:00,0,0,1
ทางเข้าออกเซ็นทรัลเวิลดิ์,ราชดำริ,5,17:00-19:00,0,0,1
ทางเข้าโรงเรียนไทยรัฐวิทยา75,วัชรพล,6,07:00-09:00,1,0,0
ทางเข้าโรงเรียนไทยรัฐวิทยา75,วัชรพล,6,09:00-16:00,1,0,0
ทางเข้าโรงเรียนไทยรัฐวิทยา75,วัชรพล,6,16:00-19:00,1,0,0
ทางเข้าโรงแรมโอเรียลเต็ล(ซอยเจริญกรุง40),เจริญกรุง,5,07:00-09:00,1,0,0
ทางเข้าโรงแรมโอเรียลเต็ล(ซอยเจริญกรุง40),เจริญกรุง,5,09:00-16:00,1,0,0
ทางเข้าโรงแรมโอเรียลเต็ล(ซอยเจริญกรุง40),เจริญกรุง,5,16:00-19:00,1,0,0
ทางเชื่อมมอเตอร์เวย์-พระราม9,พระราม9,4,07:00-09:00,0,0,1
ทางเชื่อมมอเตอร์เวย์-พระราม9,พระราม9,4,09:00-17:00,0,0,1
ทางเชื่อมมอเตอร์เวย์-พระราม9,พระราม9,4,17:00-19:00,0,0,1
ทางเชื่อมมอเตอร์เวย์-พระราม9,มอเตอร์เวย์,4,07:00-09:00,0,0,1
ทางเชื่อมมอเตอร์เวย์-พระราม9,มอเตอร์เวย์,4,09:00-17:00,0,0,1
ทางเชื่อมมอเตอร์เวย์-พระราม9,มอเตอร์เวย์,4,17:00-19:00,0,0,1
ทางเชื่อมมอเตอร์เวย์-พระราม9,ศรีนครินทร์,4,07:00-09:00,0,0,1
ทางเชื่อมมอเตอร์เวย์-พระราม9,ศรีนครินทร์,4,09:00-17:00,0,0,1
ทางเชื่อมมอเตอร์เวย์-พระราม9,ศรีนครินทร์,4,17:00-19:00,0,0,1
ทางโค้งลงสะพานข้ามคลองลาดกระบัง,ลาดกระบัง,12,07:00-09:00,0,1,0
ทางโค้งลงสะพานข้ามคลองลาดกระบัง,ลาดกระบัง,12,09:00-16:00,0,1,0
ทางโค้งลงสะพานข้ามคลองลาดกระบัง,ลาดกระบัง,12,16:00-19:00,0,1,0
ทุ่งครุ,ครุใน,1,07:00-09:00,1,0,0
ทุ่งครุ,ครุใน,1,09:00-16:00,1,0,0
ทุ่งครุ,ครุใน,1,16:00-19:00,1,0,0
ทุ่งครุ,ครุใน,5,07:00-09:00,0,0,1
ทุ่งครุ,ครุใน,5,09:00-17:00,0,0,1
ทุ่งครุ,ครุใน,5,17:00-19:00,0,0,1
ทุ่งครุ,ครุใน,8,07:00-09:00,1,0,0
ทุ่งครุ,ครุใน,8,09:00-16:00,1,0,0
ทุ่งครุ,ครุใน,8,16:00-19:00,1,0,0
ทุ่งครุ,ครุใน,12,07:00-09:00,0,1,0
ทุ่งครุ,ครุใน,12,09:00-16:00,0,1,0
ทุ่งครุ,ครุใน,12,16:00-19:00,0,1,0
ทุ่งครุ,ประชาอุทิศ,1,07:00-09:00,1,0,0
ทุ่งครุ,ประชาอุทิศ,1,09:00-16:00,1,0,0
ทุ่งครุ,ประชาอุทิศ,1,16:00-19:00,1,0,0
ทุ่งครุ,ประชาอุทิศ,5,07:00-09:00,0,0,1
ทุ่งครุ,ประชาอุทิศ,5,09:00-17:00,0,0,1
ทุ่งครุ,ประชาอุทิศ,5,17:00-19:00,0,0,1
ทุ่งครุ,ประชาอุทิศ,8,07:00-09:00,1,0,0
ทุ่งครุ,ประชาอุทิศ,8,09:00-16:00,1,0,0
ทุ่งครุ,ประชาอุทิศ,8,16:00-19:00,1,0,0
ทุ่งครุ,ประชาอุทิศ,12,07:00-09:00,0,1,0
ทุ่งครุ,ประชาอุทิศ,12,09:00-16:00,0,1,0
ทุ่งครุ,ประชาอุทิศ,12,16:00-19:00,0,1,0
ทุ่งสาธิต,ซอยสุขุมวิท101/1,8,07:00-09:00,1,0,0
ทุ่งสาธิต,ซอยสุขุมวิท101/1,8,09:00-16:00,1,0,0
ทุ่งสาธิต,ซอยสุขุมวิท101/1,8,16:00-19:00,1,0,0
ทุ่งสาธิต,สุขุมวิท,3,07:00-09:00,0,0,1
ทุ่งสาธิต,สุขุมวิท,3,09:00-17:00,0,0,1
ทุ่งสาธิต,สุขุมวิท,3,17:00-19:00,0,0,1
ทุ่งสาธิต,สุขุมวิท,7,07:00-09:00,0,0,1
ทุ่งสาธิต,สุขุมวิท,7,09:00-17:00,0,0,1
ทุ่งสาธิต,สุขุมวิท,7,17:00-19:00,0,0,1
ทุ่งสาธิต,สุขุมวิท,8,07:00-09:00,1,0,0
ทุ่งสาธิต,สุขุมวิท,8,09:00-16:00,1,0,0
ทุ่งสาธิต,สุขุมวิท,8,16:00-19:00,1,0,0
ทุ่งสาธิต,สุขุมวิท,10,07:00-09:00,0,1,0
ทุ่งสาธิต,สุขุมวิท,10,09:00-16:00,0,1,0
ทุ่งสาธิต,สุขุมวิท,10,16:00-19:00,0,1,0
ทุ่งสาธิต,สุขุมวิท101/1,3,07:00-09:00,0,0,1
ทุ่งสาธิต,สุขุมวิท101/1,3,09:00-17:00,0,0,1
ทุ่งสาธิต,สุขุมวิท101/1,3,17:00-19:00,0,0,1
ทุ่งสาธิต,สุขุมวิท101/1,7,07:00-09:00,0,0,1
ทุ่งสาธิต,สุขุมวิท101/1,7,09:00-17:00,0,0,1
ทุ่งสาธิต,สุขุมวิท101/1,7,17:00-19:00,0,0,1
ทุ่งสาธิต,สุขุมวิท101/1,10,07:00-09:00,0,1,0
ทุ่งสาธิต,สุขุมวิท101/1,10,09:00-16:00,0,1,0
ทุ่งสาธิต,สุขุมวิท101/1,10,16:00-19:00,0,1,0
ท่าดินแดง,ท่าดินแดง,1,07:00-09:00,0,0,1
ท่าดินแดง,ท่าดินแดง,1,09:00-17:00,0,0,1
ท่าดินแดง,ท่าดินแดง,1,17:00-19:00,0,0,1
ท่าดินแดง,ท่าดินแดง,3,07:00-09:00,0,0,1
ท่าดินแดง,ท่าดินแดง,3,09:00-16:00,0,0,1
ท่าดินแดง,ท่าดินแดง,3,16:00-19:00,0,0,1
ท่าดินแดง,ท่าดินแดง,6,07:00-09:00,1,0,0
ท่าดินแดง,ท่าดินแดง,6,09:00-16:00,1,0,0
ท่าดินแดง,ท่าดินแดง,6,16:00-19:00,1,0,0
ท่าดินแดง,ท่าดินแดง,8,07:00-09:00,1,0,0
ท่าดินแดง,ท่าดินแดง,8,09:00-16:00,1,0,0
ท่าดินแดง,ท่าดินแดง,8,16:00-19:00,1,0,0
ท่าดินแดง,ท่าดินแดง,11,07:00-09:00,0,1,0
ท่าดินแดง,ท่าดินแดง,11,09:00-16:00,0,1,0
ท่าดินแดง,ท่าดินแดง,11,16:00-19:00,0,1,0
ท่าดินแดง,สมเด็จเจ้าพระยา,1,07:00-09:00,0,0,1
ท่าดินแดง,สมเด็จเจ้าพระยา,1,09:00-17:00,0,0,1
ท่าดินแดง,สมเด็จเจ้าพระยา,1,17:00-19:00,0,0,1
ท่าดินแดง,สมเด็จเจ้าพระยา,6,07:00-09:00,1,0,0
ท่าดินแดง,สมเด็จเจ้าพระยา,6,09:00-16:00,1,0,0
ท่าดินแดง,สมเด็จเจ้าพระยา,6,16:00-19:00,1,0,0
ท่าดินแดง,สมเด็จเจ้าพระยา,8,07:00-09:00,1,0,0
ท่าดินแดง,สมเด็จเจ้าพระยา,8,09:00-16:00,1,0,0
ท่าดินแดง,สมเด็จเจ้าพระยา,8,16:00-19:00,1,0,0
ท่าดินแดง,สมเด็จเจ้าพระยา,11,07:00-09:00,0,1,0
ท่าดินแดง,สมเด็จเจ้าพระยา,11,09:00-16:00,0,1,0
ท่าดินแดง,สมเด็จเจ้าพระยา,11,16:00-19:00,0,1,0
ท่าพระ,จรัญสนิทวงศ์,6,07:00-09:00,1,1,0
ท่าพระ,จรัญสนิทวงศ์,6,09:00-16:00,1,1,0
ท่าพระ,จรัญสนิทวงศ์,6,16:00-19:00,1,1,0
ท่าพระ,จรัญสนิทวงศ์,7,07:00-09:00,0,0,1
ท่าพระ,จรัญสนิทวงศ์,7,09:00-17:00,0,0,1
ท่าพระ,จรัญสนิทวงศ์,7,17:00-19:00,0,0,1
ท่าพระ,จรัญสนิทวงศ์,9,07:00-09:00,0,1,0
ท่าพระ,จรัญสนิทวงศ์,9,09:00-16:00,0,1,0
ท่าพระ,จรัญสนิทวงศ์,9,16:00-19:00,0,1,0
ท่าพระ,จรัญสนิทวงศ์,11,07:00-09:00,0,0,1
ท่าพระ,จรัญสนิทวงศ์,11,09:00-17:00,0,0,1
ท่าพระ,จรัญสนิทวงศ์,11,17:00-19:00,0,0,1
ท่าพระ,รัชดาภิเษก,6,06:30-09:00,0,1,0
ท่าพระ,รัชดาภิเษก,6,07:00-09:00,1,0,0
ท่าพระ,รัชดาภิเษก,6,09:00-16:00,1,1,0
ท่าพระ,รัชดาภิเษก,6,16:00-19:00,1,0,0
ท่าพระ,รัชดาภิเษก,6,16:00-19:30,0,1,0
ท่าพระ,รัชดาภิเษก,7,07:00-09:00,0,0,1
ท่าพระ,รัชดาภิเษก,7,09:00-17:00,0,0,1
ท่าพระ,รัชดาภิเษก,7,17:00-19:00,0,0,1
ท่าพระ,รัชดาภิเษก,9,07:00-09:00,0,1,0
ท่าพระ,รัชดาภิเษก,9,09:00-16:00,0,1,0
ท่าพระ,รัชดาภิเษก,9,16:00-19:00,0,1,0
ท่าพระ,รัชดาภิเษก,11,07:00-09:00,0,0,1
ท่าพระ,รัชดาภิเษก,11,09:00-17:00,0,0,1
ท่าพระ,รัชดาภิเษก,11,17:00-19:00,0,0,1
ท่าพระ,เพชรเกษม,6,06:30-09:00,0,1,0
ท่าพระ,เพชรเกษม,6,07:00-09:00,1,0,0
ท่าพระ,เพชรเกษม,6,09:00-16:00,1,1,0
ท่าพระ,เพชรเกษม,6,16:00-19:00,1,0,0
ท่าพระ,เพชรเกษม,6,16:00-19:30,0,1,0
ท่าพระ,เพชรเกษม,7,07:00-09:00,0,0,1
ท่าพระ,เพชรเกษม,7,09:00-17:00,0,0,1
ท่าพระ,เพชรเกษม,7,17:00-19:00,0,0,1
ท่าพระ,เพชรเกษม,9,07:00-09:00,0,1,0
ท่าพระ,เพชรเกษม,9,09:00-16:00,0,1,0
ท่าพระ,เพชรเกษม,9,16:00-19:00,0,1,0
ท่าพระ,เพชรเกษม,11,07:00-09:00,0,0,1
ท่าพระ,เพชรเกษม,11,09:00-17:00,0,0,1
ท่าพระ,เพชรเกษม,11,17:00-19:00,0,0,1
ท้ายซอยพุทธบูชา36,ซอยพุทธบูชา36,3,07:00-09:00,0,1,0
ท้ายซอยพุทธบูชา36,ซอยพุทธบูชา36,3,09:00-16:00,0,1,0
ท้ายซอยพุทธบูชา36,ซอยพุทธบูชา36,3,16:00-19:00,0,1,0
นครสวรรค์-พะเนียง,นครสวรรค์,9,07:00-09:00,0,0,1
นครสวรรค์-พะเนียง,นครสวรรค์,9,09:00-17:00,0,0,1
นครสวรรค์-พะเนียง,นครสวรรค์,9,17:00-19:00,0,0,1
นครสวรรค์-พะเนียง,พะเนียง,9,07:00-09:00,0,0,1
นครสวรรค์-พะเนียง,พะเนียง,9,09:00-17:00,0,0,1
นครสวรรค์-พะเนียง,พะเนียง,9,17:00-19:00,0,0,1
นพวงศ์,กรุงเกษม,8,07:00-09:00,1,0,0
นพวงศ์,กรุงเกษม,8,09:00-16:00,1,0,0
นพวงศ์,กรุงเกษม,8,16:00-19:00,1,0,0
นพวงศ์,กรุงเกษม,10,07:00-09:00,0,0,1
นพวงศ์,กรุงเกษม,10,09:00-17:00,0,0,1
นพวงศ์,กรุงเกษม,10,17:00-19:00,0,0,1
นพวงศ์,กรุงเกษม,12,07:00-09:00,1,0,0
นพวงศ์,กรุงเกษม,12,09:00-16:00,1,0,0
นพวงศ์,กรุงเกษม,12,16:00-19:00,1,0,0
นพวงศ์,มิตรพันธ์,8,07:00-09:00,1,0,0
นพวงศ์,มิตรพันธ์,8,09:00-16:00,1,0,0
นพวงศ์,มิตรพันธ์,8,16:00-19:00,1,0,0
นพวงศ์,มิตรพันธ์,10,07:00-09:00,0,0,1
นพวงศ์,มิตรพันธ์,10,09:00-17:00,0,0,1
นพวงศ์,มิตรพันธ์,10,17:00-19:00,0,0,1
นพวงศ์,มิตรพันธ์,12,07:00-09:00,1,0,0
นพวงศ์,มิตรพันธ์,12,09:00-16:00,1,0,0
นพวงศ์,มิตรพันธ์,12,16:00-19:00,1,0,0
นพวงศ์,หลวง,8,07:00-09:00,1,0,0
นพวงศ์,หลวง,8,09:00-16:00,1,0,0
นพวงศ์,หลวง,8,16:00-19:00,1,0,0
นพวงศ์,หลวง,10,07:00-09:00,0,0,1
นพวงศ์,หลวง,10,09:00-17:00,0,0,1
นพวงศ์,หลวง,10,17:00-19:00,0,0,1
นพวงศ์,หลวง,12,07:00-09:00,1,0,0
นพวงศ์,หลวง,12,09:00-16:00,1,0,0
นพวงศ์,หลวง,12,16:00-19:00,1,0,0
นพวงษ์,กรุงเกษม,3,07:00-09:00,0,1,0
นพวงษ์,กรุงเกษม,3,09:00-16:00,0,1,0
นพวงษ์,กรุงเกษม,3,16:00-19:00,0,1,0
นพวงษ์,มิตรพันธ์,3,07:00-09:00,0,1,0
นพวงษ์,มิตรพันธ์,3,09:00-16:00,0,1,0
นพวงษ์,มิตรพันธ์,3,16:00-19:00,0,1,0
นพวงษ์,หลวง,3,07:00-09:00,0,1,0
นพวงษ์,หลวง,3,09:00-16:00,0,1,0
นพวงษ์,หลวง,3,16:00-19:00,0,1,0
นราธิวาส-นราธิวาส22,นราธิวาสราชนครินทร์,3,07:00-09:00,0,0,1
นราธิวาส-นราธิวาส22,นราธิวาสราชนครินทร์,3,09:00-17:00,0,0,1
นราธิวาส-นราธิวาส22,นราธิวาสราชนครินทร์,3,17:00-19:00,0,0,1
นราธิวาส-นราธิวาส22,นราธิวาสราชนครินทร์22,3,07:00-09:00,0,0,1
นราธิวาส-นราธิวาส22,นราธิวาสราชนครินทร์22,3,09:00-17:00,0,0,1
นราธิวาส-นราธิวาส22,นราธิวาสราชนครินทร์22,3,17:00-19:00,0,0,1
นราธิวาส-พระราม3,นราธิวาสราชนครินทร์,9,07:00-09:00,0,0,1
นราธิวาส-พระราม3,นราธิวาสราชนครินทร์,9,09:00-16:00,0,0,1
นราธิวาส-พระราม3,นราธิวาสราชนครินทร์,9,16:00-19:00,0,0,1
นราธิวาส-พระราม3,พระรามที่3,9,07:00-09:00,0,0,1
นราธิวาส-พระราม3,พระรามที่3,9,09:00-16:00,0,0,1
นราธิวาส-พระราม3,พระรามที่3,9,16:00-19:00,0,0,1
นราธิวาส-สุรวงศ์,นราธิวาส,2,07:00-09:00,0,1,0
นราธิวาส-สุรวงศ์,นราธิวาส,2,09:00-16:00,0,1,0
นราธิวาส-สุรวงศ์,นราธิวาส,2,16:00-19:00,0,1,0
นราธิวาส-สุรวงศ์,นราธิวาส,5,07:00-09:00,1,0,0
นราธิวาส-สุรวงศ์,นราธิวาส,5,09:00-16:00,1,0,0
นราธิวาส-สุรวงศ์,นราธิวาส,5,16:00-19:00,1,0,0
นราธิวาส-สุรวงศ์,นราธิวาส,8,07:00-09:00,1,0,0
นราธิวาส-สุรวงศ์,นราธิวาส,8,09:00-16:00,1,0,0
นราธิวาส-สุรวงศ์,นราธิวาส,8,16:00-19:00,1,0,0
นราธิวาส-สุรวงศ์,นราธิวาสราชนครินทร์,11,07:00-09:00,1,0,0
นราธิวาส-สุรวงศ์,นราธิวาสราชนครินทร์,11,09:00-16:00,1,0,0
นราธิวาส-สุรวงศ์,นราธิวาสราชนครินทร์,11,16:00-19:00,1,0,0
นราธิวาส-สุรวงศ์,นราธิวาสราชนครินทร์,12,07:00-09:00,0,0,1
นราธิวาส-สุรวงศ์,นราธิวาสราชนครินทร์,12,09:00-16:00,0,0,1
นราธิวาส-สุรวงศ์,นราธิวาสราชนครินทร์,12,16:00-19:00,0,0,1
นราธิวาส-สุรวงศ์,สุรวงศ์,2,07:00-09:00,0,1,0
นราธิวาส-สุรวงศ์,สุรวงศ์,2,09:00-16:00,0,1,0
นราธิวาส-สุรวงศ์,สุรวงศ์,2,16:00-19:00,0,1,0
นราธิวาส-สุรวงศ์,สุรวงศ์,5,07:00-09:00,1,0,0
นราธิวาส-สุรวงศ์,สุรวงศ์,5,09:00-16:00,1,0,0
นราธิวาส-สุรวงศ์,สุรวงศ์,5,16:00-19:00,1,0,0
นราธิวาส-สุรวงศ์,สุรวงศ์,8,07:00-09:00,1,0,0
นราธิวาส-สุรวงศ์,สุรวงศ์,8,09:00-16:00,1,0,0
นราธิวาส-สุรวงศ์,สุรวงศ์,8,16:00-19:00,1,0,0
นราธิวาส-สุรวงศ์,สุรวงศ์,12,07:00-09:00,0,0,1
นราธิวาส-สุรวงศ์,สุรวงศ์,12,09:00-16:00,0,0,1
นราธิวาส-สุรวงศ์,สุรวงศ์,12,16:00-19:00,0,0,1
นราธิวาสราชนครินทร์20,นราธิวาสราชนครินทร์,2,07:00-09:00,0,0,1
นราธิวาสราชนครินทร์20,นราธิวาสราชนครินทร์,2,09:00-17:00,0,0,1
นราธิวาสราชนครินทร์20,นราธิวาสราชนครินทร์,2,17:00-19:00,0,0,1
นราธิวาสฯ-พระราม3,นราธวาสราชนครินทร์,5,07:00-09:00,1,0,0
นราธิวาสฯ-พระราม3,นราธวาสราชนครินทร์,5,09:00-16:00,1,0,0
นราธิวาสฯ-พระราม3,นราธวาสราชนครินทร์,5,16:00-19:00,1,0,0
นราธิวาสฯ-พระราม3,นราธิวาสราชนครินทร์,5,07:00-09:00,0,1,0
นราธิวาสฯ-พระราม3,นราธิวาสราชนครินทร์,5,09:00-16:00,0,1,0
นราธิวาสฯ-พระราม3,นราธิวาสราชนครินทร์,5,16:00-19:00,0,1,0
นราธิวาสฯ-พระราม3,นราธิวาสฯ,3,07:00-09:00,1,0,0
นราธิวาสฯ-พระราม3,นราธิวาสฯ,3,09:00-16:00,1,0,0
นราธิวาสฯ-พระราม3,นราธิวาสฯ,3,16:00-19:00,1,0,0
นราธิวาสฯ-พระราม3,พระราม3,5,07:00-09:00,1,0,0
นราธิวาสฯ-พระราม3,พระราม3,5,09:00-16:00,1,0,0
นราธิวาสฯ-พระราม3,พระราม3,5,16:00-19:00,1,0,0
นราธิวาสฯ-พระราม3,พระรามที่3,3,07:00-09:00,1,0,0
นราธิวาสฯ-พระราม3,พระรามที่3,3,09:00-16:00,1,0,0
นราธิวาสฯ-พระราม3,พระรามที่3,3,16:00-19:00,1,0,0
นราธิวาสฯ-พระราม3,พระรามที่3,5,07:00-09:00,0,1,0
นราธิวาสฯ-พระราม3,พระรามที่3,5,09:00-16:00,0,1,0
นราธิวาสฯ-พระราม3,พระรามที่3,5,16:00-19:00,0,1,0
นวมินทร์-ประเสริฐมนูกิจ,นวมนิทร์,12,07:00-09:00,0,1,0
นวมินทร์-ประเสริฐมนูกิจ,นวมนิทร์,12,09:00-16:00,0,1,0
นวมินทร์-ประเสริฐมนูกิจ,นวมนิทร์,12,16:00-19:00,0,1,0
นวมินทร์-ประเสริฐมนูกิจ,นวมินทร์,8,06:30-09:00,1,0,0
นวมินทร์-ประเสริฐมนูกิจ,นวมินทร์,8,09:00-16:00,1,0,0
นวมินทร์-ประเสริฐมนูกิจ,นวมินทร์,8,16:00-19:30,1,0,0
นวมินทร์-ประเสริฐมนูกิจ,นวมินทร์,9,07:00-09:00,0,0,1
นวมินทร์-ประเสริฐมนูกิจ,นวมินทร์,9,09:00-17:00,0,0,1
นวมินทร์-ประเสริฐมนูกิจ,นวมินทร์,9,17:00-19:00,0,0,1
นวมินทร์-ประเสริฐมนูกิจ,นวมินทร์,11,07:00-09:00,1,0,0
นวมินทร์-ประเสริฐมนูกิจ,นวมินทร์,11,09:00-16:00,1,0,0
นวมินทร์-ประเสริฐมนูกิจ,นวมินทร์,11,16:00-19:00,1,0,0
นวมินทร์-ประเสริฐมนูกิจ,ประเสริฐมนูกิจ,8,06:30-09:00,1,0,0
นวมินทร์-ประเสริฐมนูกิจ,ประเสริฐมนูกิจ,8,09:00-16:00,1,0,0
นวมินทร์-ประเสริฐมนูกิจ,ประเสริฐมนูกิจ,8,16:00-19:30,1,0,0
นวมินทร์-ประเสริฐมนูกิจ,ประเสริฐมนูกิจ,9,07:00-09:00,0,0,1
นวมินทร์-ประเสริฐมนูกิจ,ประเสริฐมนูกิจ,9,09:00-17:00,0,0,1
นวมินทร์-ประเสริฐมนูกิจ,ประเสริฐมนูกิจ,9,17:00-19:00,0,0,1
นวมินทร์-ประเสริฐมนูกิจ,ประเสริฐมนูกิจ,11,07:00-09:00,1,0,0
นวมินทร์-ประเสริฐมนูกิจ,ประเสริฐมนูกิจ,11,09:00-16:00,1,0,0
นวมินทร์-ประเสริฐมนูกิจ,ประเสริฐมนูกิจ,11,16:00-19:00,1,0,0
นวมินทร์-ประเสริฐมนูกิจ,ประเสริฐมนูกิจ,12,07:00-09:00,0,1,0
นวมินทร์-ประเสริฐมนูกิจ,ประเสริฐมนูกิจ,12,09:00-16:00,0,1,0
นวมินทร์-ประเสริฐมนูกิจ,ประเสริฐมนูกิจ,12,16:00-19:00,0,1,0
นวมินทร์-ศรีบูรพา,นวมินทร์,5,07:00-09:00,0,0,1
นวมินทร์-ศรีบูรพา,นวมินทร์,5,09:00-17:00,0,0,1
นวมินทร์-ศรีบูรพา,นวมินทร์,5,17:00-19:00,0,0,1
นวมินทร์-ศรีบูรพา,นวมินทร์51,5,07:00-09:00,0,0,1
นวมินทร์-ศรีบูรพา,นวมินทร์51,5,09:00-17:00,0,0,1
นวมินทร์-ศรีบูรพา,นวมินทร์51,5,17:00-19:00,0,0,1
นวมินทร์-ศรีบูรพา,ศรีบูรพา,5,07:00-09:00,0,0,1
นวมินทร์-ศรีบูรพา,ศรีบูรพา,5,09:00-17:00,0,0,1
นวมินทร์-ศรีบูรพา,ศรีบูรพา,5,17:00-19:00,0,0,1
นวมินทร์-แฮปปีแลนด์,นวมินทร์,3,07:00-09:00,1,0,0
นวมินทร์-แฮปปีแลนด์,นวมินทร์,3,09:00-16:00,1,0,0
นวมินทร์-แฮปปีแลนด์,นวมินทร์,3,16:00-19:00,1,0,0
นวมินทร์-แฮปปีแลนด์,แฮปปี้แลนด์,3,07:00-09:00,1,0,0
นวมินทร์-แฮปปีแลนด์,แฮปปี้แลนด์,3,09:00-16:00,1,0,0
นวมินทร์-แฮปปีแลนด์,แฮปปี้แลนด์,3,16:00-19:00,1,0,0
นวมินทร์-แฮปปี้แลนด์,นวมินทร์,3,07:00-09:00,0,0,1
นวมินทร์-แฮปปี้แลนด์,นวมินทร์,3,09:00-17:00,0,0,1
นวมินทร์-แฮปปี้แลนด์,นวมินทร์,3,17:00-19:00,0,0,1
นวมินทร์-แฮปปี้แลนด์,นวมินทร์,6,07:00-09:00,0,1,0
นวมินทร์-แฮปปี้แลนด์,นวมินทร์,6,09:00-16:00,0,1,0
นวมินทร์-แฮปปี้แลนด์,นวมินทร์,6,16:00-19:00,0,1,0
นวมินทร์-แฮปปี้แลนด์,นวมินทร์,9,07:00-09:00,0,0,1
นวมินทร์-แฮปปี้แลนด์,นวมินทร์,9,09:00-17:00,0,0,1
นวมินทร์-แฮปปี้แลนด์,นวมินทร์,9,17:00-19:00,0,0,1
นวมินทร์-แฮปปี้แลนด์,แฮปปี้แลนด์,3,07:00-09:00,0,0,1
นวมินทร์-แฮปปี้แลนด์,แฮปปี้แลนด์,3,09:00-17:00,0,0,1
นวมินทร์-แฮปปี้แลนด์,แฮปปี้แลนด์,3,17:00-19:00,0,0,1
นวมินทร์-แฮปปี้แลนด์,แฮปปี้แลนด์,6,07:00-09:00,0,1,0
นวมินทร์-แฮปปี้แลนด์,แฮปปี้แลนด์,6,09:00-16:00,0,1,0
นวมินทร์-แฮปปี้แลนด์,แฮปปี้แลนด์,6,16:00-19:00,0,1,0
นวมินทร์-แฮปปี้แลนด์,แฮปปี้แลนด์,9,07:00-09:00,0,0,1
นวมินทร์-แฮปปี้แลนด์,แฮปปี้แลนด์,9,09:00-17:00,0,0,1
นวมินทร์-แฮปปี้แลนด์,แฮปปี้แลนด์,9,17:00-19:00,0,0,1
นวมินทร์10,นวมินทร์,5,07:00-09:00,0,0,1
นวมินทร์10,นวมินทร์,5,09:00-17:00,0,0,1
นวมินทร์10,นวมินทร์,5,17:00-19:00,0,0,1
นวมินทร์10,นวมินทร์10,5,07:00-09:00,0,0,1
นวมินทร์10,นวมินทร์10,5,09:00-17:00,0,0,1
นวมินทร์10,นวมินทร์10,5,17:00-19:00,0,0,1
นวลจันทร์,ซอยรามอินทรา40,5,07:00-09:00,1,0,0
นวลจันทร์,ซอยรามอินทรา40,5,09:00-16:00,1,0,0
นวลจันทร์,ซอยรามอินทรา40,5,16:00-19:00,1,0,0
นวลจันทร์,ซอยรามอินทรา40,8,07:00-09:00,0,1,0
นวลจันทร์,ซอยรามอินทรา40,8,09:00-16:00,0,1,0
นวลจันทร์,ซอยรามอินทรา40,8,16:00-19:00,0,1,0
นวลจันทร์,รามอินทรา,5,07:00-09:00,1,0,0
นวลจันทร์,รามอินทรา,5,09:00-16:00,1,0,0
นวลจันทร์,รามอินทรา,5,16:00-19:00,1,0,0
นวลจันทร์,รามอินทรา,8,07:00-09:00,0,1,0
นวลจันทร์,รามอินทรา,8,09:00-16:00,0,1,0
นวลจันทร์,รามอินทรา,8,16:00-19:00,0,1,0
นวลจันทร์-คลองลำเจียก,คลองลำเจียก,1,07:00-09:00,0,0,1
นวลจันทร์-คลองลำเจียก,คลองลำเจียก,1,09:00-17:00,0,0,1
นวลจันทร์-คลองลำเจียก,คลองลำเจียก,1,17:00-19:00,0,0,1
นวลจันทร์-คลองลำเจียก,นวลจันทร์,1,07:00-09:00,0,0,1
นวลจันทร์-คลองลำเจียก,นวลจันทร์,1,09:00-17:00,0,0,1
นวลจันทร์-คลองลำเจียก,นวลจันทร์,1,17:00-19:00,0,0,1
นอร์ธปาร์ค,กำแพงเพชร6,5,07:00-09:00,0,1,0
นอร์ธปาร์ค,กำแพงเพชร6,5,09:00-16:00,0,1,0
นอร์ธปาร์ค,กำแพงเพชร6,5,16:00-19:00,0,1,0
นอร์ธปาร์ค,กำแพงเพชร6,10,07:00-09:00,1,0,0
นอร์ธปาร์ค,กำแพงเพชร6,10,09:00-16:00,1,0,0
นอร์ธปาร์ค,กำแพงเพชร6,10,16:00-19:00,1,0,0
นอร์ธปาร์ค,กำแพงเพชร6,12,07:00-09:00,0,0,1
นอร์ธปาร์ค,กำแพงเพชร6,12,09:00-17:00,0,0,1
นอร์ธปาร์ค,กำแพงเพชร6,12,17:00-19:00,0,0,1
นอร์ธปาร์ค,ชิดชน,5,07:00-09:00,0,1,0
นอร์ธปาร์ค,ชิดชน,5,09:00-16:00,0,1,0
นอร์ธปาร์ค,ชิดชน,5,16:00-19:00,0,1,0
นอร์ธปาร์ค,ชิดชน,10,07:00-09:00,1,0,0
นอร์ธปาร์ค,ชิดชน,10,09:00-16:00,1,0,0
นอร์ธปาร์ค,ชิดชน,10,16:00-19:00,1,0,0
นอร์ธปาร์ค,ชิดชน,12,07:00-09:00,0,0,1
นอร์ธปาร์ค,ชิดชน,12,09:00-17:00,0,0,1
นอร์ธปาร์ค,ชิดชน,12,17:00-19:00,0,0,1
นางลิ้นจี่,นางลิ้นจี่,1,06:30-09:00,0,1,0
นางลิ้นจี่,นางลิ้นจี่,1,09:00-16:00,0,1,0
นางลิ้นจี่,นางลิ้นจี่,1,16:00-19:30,0,1,0
นางลิ้นจี่,นางลิ้นจี่,5,07:00-09:00,0,0,1
นางลิ้นจี่,นางลิ้นจี่,5,09:00-16:00,0,0,1
นางลิ้นจี่,นางลิ้นจี่,5,16:00-19:00,0,0,1
นางลิ้นจี่,นางลิ้นจี่,8,07:00-09:00,1,0,0
นางลิ้นจี่,นางลิ้นจี่,8,09:00-16:00,1,0,0
นางลิ้นจี่,นางลิ้นจี่,8,16:00-19:00,1,0,0
นางลิ้นจี่,พระรามที่3,1,06:30-09:00,0,1,0
นางลิ้นจี่,พระรามที่3,1,09:00-16:00,0,1,0
นางลิ้นจี่,พระรามที่3,1,16:00-19:30,0,1,0
นางลิ้นจี่,พระรามที่3,5,07:00-09:00,0,0,1
นางลิ้นจี่,พระรามที่3,5,09:00-16:00,0,0,1
นางลิ้นจี่,พระรามที่3,5,16:00-19:00,0,0,1
นางลิ้นจี่,พระรามที่3,8,07:00-09:00,1,0,0
นางลิ้นจี่,พระรามที่3,8,09:00-16:00,1,0,0
นางลิ้นจี่,พระรามที่3,8,16:00-19:00,1,0,0
นางลื้นจี่,นางลิ้นจี่,5,07:00-09:00,0,0,1
นางลื้นจี่,นางลิ้นจี่,5,09:00-17:00,0,0,1
นางลื้นจี่,นางลิ้นจี่,5,17:00-19:00,0,0,1
นางลื้นจี่,พระรามที่3,5,07:00-09:00,0,0,1
นางลื้นจี่,พระรามที่3,5,09:00-17:00,0,0,1
นางลื้นจี่,พระรามที่3,5,17:00-19:00,0,0,1
นางเลิ้ง,ทางข้ามสนามม้า,8,07:00-09:00,1,0,0
นางเลิ้ง,ทางข้ามสนามม้า,8,09:00-16:00,1,0,0
นางเลิ้ง,ทางข้ามสนามม้า,8,16:00-19:00,1,0,0
นางเลิ้ง,ทางเข้าสนามม้า,7,06:30-09:00,0,1,0
นางเลิ้ง,ทางเข้าสนามม้า,7,09:00-16:00,0,1,0
นางเลิ้ง,ทางเข้าสนามม้า,7,16:00-19:30,0,1,0
นางเลิ้ง,นครสวรรค์,7,06:30-09:00,0,1,0
นางเลิ้ง,นครสวรรค์,7,07:00-09:00,0,0,1
นางเลิ้ง,นครสวรรค์,7,09:00-16:00,0,1,1
นางเลิ้ง,นครสวรรค์,7,16:00-19:00,0,0,1
นางเลิ้ง,นครสวรรค์,7,16:00-19:30,0,1,0
นางเลิ้ง,นครสวรรค์,8,07:00-09:00,1,0,0
นางเลิ้ง,นครสวรรค์,8,09:00-16:00,1,0,0
นางเลิ้ง,นครสวรรค์,8,16:00-19:00,1,0,0
นางเลิ้ง,นครสวรรค์,12,07:00-09:00,0,0,1
นางเลิ้ง,นครสวรรค์,12,09:00-17:00,0,0,1
นางเลิ้ง,นครสวรรค์,12,17:00-19:00,0,0,1
นางเลิ้ง,พิษณุโลก,7,07:00-09:00,0,1,1
นางเลิ้ง,พิษณุโลก,7,09:00-16:00,0,1,1
นางเลิ้ง,พิษณุโลก,7,16:00-19:00,0,1,1
นางเลิ้ง,พิษณุโลก,8,07:00-09:00,1,0,0
นางเลิ้ง,พิษณุโลก,8,09:00-16:00,1,0,0
นางเลิ้ง,พิษณุโลก,8,16:00-19:00,1,0,0
นางเลิ้ง,พิษณุโลก,12,07:00-09:00,0,0,1
นางเลิ้ง,พิษณุโลก,12,09:00-17:00,0,0,1
นางเลิ้ง,พิษณุโลก,12,17:00-19:00,0,0,1
นานา,ซอยสุขุมวิท3(นานา),8,06:30-09:00,0,1,0
นานา,ซอยสุขุมวิท3(นานา),8,09:00-16:00,0,1,0
นานา,ซอยสุขุมวิท3(นานา),8,16:00-19:30,0,1,0
นานา,ซอยสุขุมวิท3(นานา),12,07:00-09:00,1,0,0
นานา,ซอยสุขุมวิท3(นานา),12,09:00-16:00,1,0,0
นานา,ซอยสุขุมวิท3(นานา),12,16:00-19:00,1,0,0
นานา,ซอยสุขุมวิท4,8,07:00-09:00,0,1,0
นานา,ซอยสุขุมวิท4,8,09:00-16:00,0,1,0
นานา,ซอยสุขุมวิท4,8,16:00-19:00,0,1,0
นานา,ซอยสุขุมวิท4,12,07:00-09:00,1,0,0
นานา,ซอยสุขุมวิท4,12,09:00-16:00,1,0,0
นานา,ซอยสุขุมวิท4,12,16:00-19:00,1,0,0
นานา,นานา(สุขุมวิท3),7,07:00-09:00,0,0,1
นานา,นานา(สุขุมวิท3),7,09:00-17:00,0,0,1
นานา,นานา(สุขุมวิท3),7,17:00-19:00,0,0,1
นานา,สุขุมวิท,1,07:00-09:00,0,0,1
นานา,สุขุมวิท,1,09:00-16:00,0,0,1
นานา,สุขุมวิท,1,16:00-19:00,0,0,1
นานา,สุขุมวิท,7,07:00-09:00,0,0,1
นานา,สุขุมวิท,7,09:00-17:00,0,0,1
นานา,สุขุมวิท,7,17:00-19:00,0,0,1
นานา,สุขุมวิท,8,06:30-09:00,0,1,0
นานา,สุขุมวิท,8,09:00-16:00,0,1,0
นานา,สุขุมวิท,8,16:00-19:30,0,1,0
นานา,สุขุมวิท,10,07:00-09:00,0,0,1
นานา,สุขุมวิท,10,09:00-17:00,0,0,1
นานา,สุขุมวิท,10,17:00-19:00,0,0,1
นานา,สุขุมวิท,12,07:00-09:00,1,0,0
นานา,สุขุมวิท,12,09:00-16:00,1,0,0
นานา,สุขุมวิท,12,16:00-19:00,1,0,0
นานา,สุขุมวิท3,1,07:00-09:00,0,0,1
นานา,สุขุมวิท3,1,09:00-16:00,0,0,1
นานา,สุขุมวิท3,1,16:00-19:00,0,0,1
นานา,สุขุมวิท3,10,07:00-09:00,0,0,1
นานา,สุขุมวิท3,10,09:00-17:00,0,0,1
นานา,สุขุมวิท3,10,17:00-19:00,0,0,1
นานา,สุขุมวิท4,1,07:00-09:00,0,0,1
นานา,สุขุมวิท4,1,09:00-16:00,0,0,1
นานา,สุขุมวิท4,1,16:00-19:00,0,0,1
นานา,สุขุมวิท4,7,07:00-09:00,0,0,1
นานา,สุขุมวิท4,7,09:00-17:00,0,0,1
นานา,สุขุมวิท4,7,17:00-19:00,0,0,1
นานา,สุขุมวิท4,10,07:00-09:00,0,0,1
นานา,สุขุมวิท4,10,09:00-17:00,0,0,1
นานา,สุขุมวิท4,10,17:00-19:00,0,0,1
นาวงประชาพัฒนา-เทิดราชัน,นาวงประชาพัฒนา,5,07:00-09:00,0,0,1
นาวงประชาพัฒนา-เทิดราชัน,นาวงประชาพัฒนา,5,09:00-17:00,0,0,1
นาวงประชาพัฒนา-เทิดราชัน,นาวงประชาพัฒนา,5,17:00-19:00,0,0,1
นาวงประชาพัฒนา-เทิดราชัน,เทิดราชัน,5,07:00-09:00,0,0,1
นาวงประชาพัฒนา-เทิดราชัน,เทิดราชัน,5,09:00-17:00,0,0,1
นาวงประชาพัฒนา-เทิดราชัน,เทิดราชัน,5,17:00-19:00,0,0,1
นาวงประชาพัฒนา13,นาวงประชาพัฒนา,2,07:00-09:00,1,0,0
นาวงประชาพัฒนา13,นาวงประชาพัฒนา,2,09:00-16:00,1,0,0
นาวงประชาพัฒนา13,นาวงประชาพัฒนา,2,16:00-19:00,1,0,0
นาหลวง,ประชาอุทิศ,7,07:00-09:00,1,0,0
นาหลวง,ประชาอุทิศ,7,09:00-16:00,1,0,0
นาหลวง,ประชาอุทิศ,7,16:00-19:00,1,0,0
นาหลวง,ประชาอุทิศ,10,07:00-09:00,1,0,0
นาหลวง,ประชาอุทิศ,10,09:00-16:00,1,0,0
นาหลวง,ประชาอุทิศ,10,16:00-19:00,1,0,0
นาหลวง,ประชาอุทิศ(SB),4,07:00-09:00,0,1,0
นาหลวง,ประชาอุทิศ(SB),4,09:00-16:00,0,1,0
นาหลวง,ประชาอุทิศ(SB),4,16:00-19:00,0,1,0
นาหลวง,ประชาอุทิศ(SB),11,07:00-09:00,0,0,1
นาหลวง,ประชาอุทิศ(SB),11,09:00-17:00,0,0,1
นาหลวง,ประชาอุทิศ(SB),11,17:00-19:00,0,0,1
นาหลวง,ประชาอุทิศ(SB),12,07:00-09:00,0,0,1
นาหลวง,ประชาอุทิศ(SB),12,09:00-17:00,0,0,1
นาหลวง,ประชาอุทิศ(SB),12,17:00-19:00,0,0,1
นาหลวง,ประชาอุทิศ(WB),4,07:00-09:00,0,1,0
นาหลวง,ประชาอุทิศ(WB),4,09:00-16:00,0,1,0
นาหลวง,ประชาอุทิศ(WB),4,16:00-19:00,0,1,0
นาหลวง,ประชาอุทิศ(WB),11,07:00-09:00,0,0,1
นาหลวง,ประชาอุทิศ(WB),11,09:00-17:00,0,0,1
นาหลวง,ประชาอุทิศ(WB),11,17:00-19:00,0,0,1
นาหลวง,ประชาอุทิศ(WB),12,07:00-09:00,0,0,1
นาหลวง,ประชาอุทิศ(WB),12,09:00-17:00,0,0,1
นาหลวง,ประชาอุทิศ(WB),12,17:00-19:00,0,0,1
นาหลวง,พุทธบูชา,4,07:00-09:00,0,1,0
นาหลวง,พุทธบูชา,4,09:00-16:00,0,1,0
นาหลวง,พุทธบูชา,4,16:00-19:00,0,1,0
นาหลวง,พุทธบูชา,7,07:00-09:00,1,0,0
นาหลวง,พุทธบูชา,7,09:00-16:00,1,0,0
นาหลวง,พุทธบูชา,7,16:00-19:00,1,0,0
นาหลวง,พุทธบูชา,10,07:00-09:00,1,0,0
นาหลวง,พุทธบูชา,10,09:00-16:00,1,0,0
นาหลวง,พุทธบูชา,10,16:00-19:00,1,0,0
นาหลวง,พุทธบูชา,11,07:00-09:00,0,0,1
นาหลวง,พุทธบูชา,11,09:00-17:00,0,0,1
นาหลวง,พุทธบูชา,11,17:00-19:00,0,0,1
นาหลวง,พุทธบูชา,12,07:00-09:00,0,0,1
นาหลวง,พุทธบูชา,12,09:00-17:00,0,0,1
นาหลวง,พุทธบูชา,12,17:00-19:00,0,0,1
นาหลวง,ม.สินทวี,7,07:00-09:00,1,0,0
นาหลวง,ม.สินทวี,7,09:00-16:00,1,0,0
นาหลวง,ม.สินทวี,7,16:00-19:00,1,0,0
นาหลวง,ม.สินทวี,10,07:00-09:00,1,0,0
นาหลวง,ม.สินทวี,10,09:00-16:00,1,0,0
นาหลวง,ม.สินทวี,10,16:00-19:00,1,0,0
นาหลวง,หมู่บ้านสินทวี,4,07:00-09:00,0,1,0
นาหลวง,หมู่บ้านสินทวี,4,09:00-16:00,0,1,0
นาหลวง,หมู่บ้านสินทวี,4,16:00-19:00,0,1,0
นาหลวง,หมู่บ้านสินทวี,11,07:00-09:00,0,0,1
นาหลวง,หมู่บ้านสินทวี,11,09:00-17:00,0,0,1
นาหลวง,หมู่บ้านสินทวี,11,17:00-19:00,0,0,1
นาหลวง,หมู่บ้านสินทวี,12,07:00-09:00,0,0,1
นาหลวง,หมู่บ้านสินทวี,12,09:00-17:00,0,0,1
นาหลวง,หมู่บ้านสินทวี,12,17:00-19:00,0,0,1
นิคมมักกะสัน,กำแพงเพชร7,9,07:00-09:00,0,0,1
นิคมมักกะสัน,กำแพงเพชร7,9,09:00-17:00,0,0,1
นิคมมักกะสัน,กำแพงเพชร7,9,17:00-19:00,0,0,1
นิคมมักกะสัน,นิคมมักกะสัน(EB),9,07:00-09:00,0,0,1
นิคมมักกะสัน,นิคมมักกะสัน(EB),9,09:00-17:00,0,0,1
นิคมมักกะสัน,นิคมมักกะสัน(EB),9,17:00-19:00,0,0,1
นิคมมักกะสัน,นิคมมักกะสัน(NB),9,07:00-09:00,0,0,1
นิคมมักกะสัน,นิคมมักกะสัน(NB),9,09:00-17:00,0,0,1
นิคมมักกะสัน,นิคมมักกะสัน(NB),9,17:00-19:00,0,0,1
นิคมอุตสาหกรรมลาดกระบัง,ฉลองกรุง,4,07:00-09:00,0,0,1
นิคมอุตสาหกรรมลาดกระบัง,ฉลองกรุง,4,09:00-17:00,0,0,1
นิคมอุตสาหกรรมลาดกระบัง,ฉลองกรุง,4,17:00-19:00,0,0,1
นิคมอุตสาหกรรมลาดกระบัง,ฉลองกรุง,8,07:00-09:00,1,0,0
นิคมอุตสาหกรรมลาดกระบัง,ฉลองกรุง,8,09:00-16:00,1,0,0
นิคมอุตสาหกรรมลาดกระบัง,ฉลองกรุง,8,16:00-19:00,1,0,0
นิคมอุตสาหกรรมลาดกระบัง,ฉลองกรุง,11,07:00-09:00,0,0,1
นิคมอุตสาหกรรมลาดกระบัง,ฉลองกรุง,11,09:00-17:00,0,0,1
นิคมอุตสาหกรรมลาดกระบัง,ฉลองกรุง,11,17:00-19:00,0,0,1
นิคมอุตสาหกรรมลาดกระบัง,ฉลองกรุง,12,07:00-09:00,0,0,1
นิคมอุตสาหกรรมลาดกระบัง,ฉลองกรุง,12,09:00-17:00,0,0,1
นิคมอุตสาหกรรมลาดกระบัง,ฉลองกรุง,12,17:00-19:00,0,0,1
นิคมอุตสาหกรรมลาดกระบัง,ฉลองกรุง31,4,07:00-09:00,0,0,1
นิคมอุตสาหกรรมลาดกระบัง,ฉลองกรุง31,4,09:00-17:00,0,0,1
นิคมอุตสาหกรรมลาดกระบัง,ฉลองกรุง31,4,17:00-19:00,0,0,1
นิคมอุตสาหกรรมลาดกระบัง,ฉลองกรุง31,11,07:00-09:00,0,0,1
นิคมอุตสาหกรรมลาดกระบัง,ฉลองกรุง31,11,09:00-17:00,0,0,1
นิคมอุตสาหกรรมลาดกระบัง,ฉลองกรุง31,11,17:00-19:00,0,0,1
นิคมอุตสาหกรรมลาดกระบัง,ฉลองกรุง31,12,07:00-09:00,0,0,1
นิคมอุตสาหกรรมลาดกระบัง,ฉลองกรุง31,12,09:00-17:00,0,0,1
นิคมอุตสาหกรรมลาดกระบัง,ฉลองกรุง31,12,17:00-19:00,0,0,1
นิคมอุตสาหกรรมลาดกระบัง,ซอยฉลองกรุง31,8,06:30-09:00,1,0,0
นิคมอุตสาหกรรมลาดกระบัง,ซอยฉลองกรุง31,8,09:00-16:00,1,0,0
นิคมอุตสาหกรรมลาดกระบัง,ซอยฉลองกรุง31,8,16:00-19:30,1,0,0
นิคมอุตสาหกรรมลาดกระบัง,ซอยส่วนบุคคล,4,07:00-09:00,0,0,1
นิคมอุตสาหกรรมลาดกระบัง,ซอยส่วนบุคคล,4,09:00-17:00,0,0,1
นิคมอุตสาหกรรมลาดกระบัง,ซอยส่วนบุคคล,4,17:00-19:00,0,0,1
นิคมอุตสาหกรรมลาดกระบัง,ส่วนบุคคล,8,06:30-09:00,1,0,0
นิคมอุตสาหกรรมลาดกระบัง,ส่วนบุคคล,8,09:00-16:00,1,0,0
นิคมอุตสาหกรรมลาดกระบัง,ส่วนบุคคล,8,16:00-19:30,1,0,0
นิคมอุตสาหกรรมลาดกระบัง,ส่วนบุคคล,11,07:00-09:00,0,0,1
นิคมอุตสาหกรรมลาดกระบัง,ส่วนบุคคล,11,09:00-17:00,0,0,1
นิคมอุตสาหกรรมลาดกระบัง,ส่วนบุคคล,11,17:00-19:00,0,0,1
นิคมอุตสาหกรรมลาดกระบัง,ส่วนบุคคล,12,07:00-09:00,0,0,1
นิคมอุตสาหกรรมลาดกระบัง,ส่วนบุคคล,12,09:00-17:00,0,0,1
นิคมอุตสาหกรรมลาดกระบัง,ส่วนบุคคล,12,17:00-19:00,0,0,1
นิด้า,ศรีบูรพา,1,07:00-09:00,1,0,0
นิด้า,ศรีบูรพา,1,09:00-16:00,1,0,0
นิด้า,ศรีบูรพา,1,16:00-19:00,1,0,0
นิด้า,ศรีบูรพา,3,07:00-09:00,0,0,1
นิด้า,ศรีบูรพา,3,09:00-17:00,0,0,1
นิด้า,ศรีบูรพา,3,17:00-19:00,0,0,1
นิด้า,ศรีบูรพา,5,06:30-09:00,0,1,0
นิด้า,ศรีบูรพา,5,09:00-16:00,0,1,0
นิด้า,ศรีบูรพา,5,16:00-19:30,0,1,0
นิด้า,ศรีบูรพา,8,07:00-09:00,0,0,2
นิด้า,ศรีบูรพา,8,09:00-17:00,0,0,2
นิด้า,ศรีบูรพา,8,17:00-19:00,0,0,2
นิด้า,ศรีบูรพา,12,07:00-09:00,0,1,0
นิด้า,ศรีบูรพา,12,09:00-16:00,0,1,0
นิด้า,ศรีบูรพา,12,16:00-19:00,0,1,0
นิด้า,เสรีไทย,1,07:00-09:00,1,0,0
นิด้า,เสรีไทย,1,09:00-16:00,1,0,0
นิด้า,เสรีไทย,1,16:00-19:00,1,0,0
นิด้า,เสรีไทย,3,07:00-09:00,0,0,1
นิด้า,เสรีไทย,3,09:00-17:00,0,0,1
นิด้า,เสรีไทย,3,17:00-19:00,0,0,1
นิด้า,เสรีไทย,5,07:00-09:00,0,1,0
นิด้า,เสรีไทย,5,09:00-16:00,0,1,0
นิด้า,เสรีไทย,5,16:00-19:00,0,1,0
นิด้า,เสรีไทย,8,07:00-09:00,0,0,2
นิด้า,เสรีไทย,8,09:00-17:00,0,0,2
นิด้า,เสรีไทย,8,17:00-19:00,0,0,2
นิด้า,เสรีไทย,12,07:00-09:00,0,1,0
นิด้า,เสรีไทย,12,09:00-16:00,0,1,0
นิด้า,เสรีไทย,12,16:00-19:00,0,1,0
นิมิตใหม่-ประชาร่วมใจ,นิมิตใหม่,11,07:00-09:00,0,0,1
นิมิตใหม่-ประชาร่วมใจ,นิมิตใหม่,11,09:00-16:00,0,0,1
นิมิตใหม่-ประชาร่วมใจ,นิมิตใหม่,11,16:00-19:00,0,0,1
นิมิตใหม่-ประชาร่วมใจ,ประชาร่วมใจ,11,07:00-09:00,0,0,1
นิมิตใหม่-ประชาร่วมใจ,ประชาร่วมใจ,11,09:00-16:00,0,0,1
นิมิตใหม่-ประชาร่วมใจ,ประชาร่วมใจ,11,16:00-19:00,0,0,1
นิมิตใหม่-สุวินทวงศ์,นิมิตใหม่,7,07:00-09:00,0,0,1
นิมิตใหม่-สุวินทวงศ์,นิมิตใหม่,7,09:00-17:00,0,0,1
นิมิตใหม่-สุวินทวงศ์,นิมิตใหม่,7,17:00-19:00,0,0,1
นิมิตใหม่-สุวินทวงศ์,สุวินทวงศ์,7,07:00-09:00,0,0,1
นิมิตใหม่-สุวินทวงศ์,สุวินทวงศ์,7,09:00-17:00,0,0,1
นิมิตใหม่-สุวินทวงศ์,สุวินทวงศ์,7,17:00-19:00,0,0,1
นิมิตใหม่14,นิมิตใหม่,2,07:00-09:00,0,0,1
นิมิตใหม่14,นิมิตใหม่,2,09:00-17:00,0,0,1
นิมิตใหม่14,นิมิตใหม่,2,17:00-19:00,0,0,1
นิมิตใหม่4-6,นิมิตใหม่,9,07:00-09:00,0,0,1
นิมิตใหม่4-6,นิมิตใหม่,9,09:00-17:00,0,0,1
นิมิตใหม่4-6,นิมิตใหม่,9,17:00-19:00,0,0,1
นิมิตใหม่40,นิมิตใหม่,2,07:00-09:00,0,0,1
นิมิตใหม่40,นิมิตใหม่,2,09:00-17:00,0,0,1
นิมิตใหม่40,นิมิตใหม่,2,17:00-19:00,0,0,1
นิมิตใหม่64,ซอยนิมิตใหม่63,1,07:00-09:00,1,0,0
นิมิตใหม่64,ซอยนิมิตใหม่63,1,09:00-16:00,1,0,0
นิมิตใหม่64,ซอยนิมิตใหม่63,1,16:00-19:00,1,0,0
นิมิตใหม่64,ซอยนิมิตใหม่64,1,07:00-09:00,1,0,0
นิมิตใหม่64,ซอยนิมิตใหม่64,1,09:00-16:00,1,0,0
นิมิตใหม่64,ซอยนิมิตใหม่64,1,16:00-19:00,1,0,0
นิมิตใหม่64,นิมิตใหม่,1,07:00-09:00,1,0,0
นิมิตใหม่64,นิมิตใหม่,1,09:00-16:00,1,0,0
นิมิตใหม่64,นิมิตใหม่,1,16:00-19:00,1,0,0
นเรศ,สี่พระยา,7,07:00-09:00,0,0,1
นเรศ,สี่พระยา,7,09:00-17:00,0,0,1
นเรศ,สี่พระยา,7,17:00-19:00,0,0,1
นเรศ,สี่พระยา,9,07:00-09:00,0,0,1
นเรศ,สี่พระยา,9,09:00-17:00,0,0,1
นเรศ,สี่พระยา,9,17:00-19:00,0,0,1
บรมราชชนนี,จรัญสนิทวงศ์,5,07:00-09:00,0,0,1
บรมราชชนนี,จรัญสนิทวงศ์,5,09:00-17:00,0,0,1
บรมราชชนนี,จรัญสนิทวงศ์,5,17:00-19:00,0,0,1
บรมราชชนนี,จรัญสนิทวงศ์,6,07:00-09:00,0,1,0
บรมราชชนนี,จรัญสนิทวงศ์,6,09:00-16:00,0,1,0
บรมราชชนนี,จรัญสนิทวงศ์,6,16:00-19:00,0,1,0
บรมราชชนนี,จรัญสนิทวงศ์,7,07:00-09:00,1,0,0
บรมราชชนนี,จรัญสนิทวงศ์,7,09:00-16:00,1,0,0
บรมราชชนนี,จรัญสนิทวงศ์,7,16:00-19:00,1,0,0
บรมราชชนนี,จรัญสนิทวงศ์,10,07:00-09:00,0,0,1
บรมราชชนนี,จรัญสนิทวงศ์,10,09:00-17:00,0,0,1
บรมราชชนนี,จรัญสนิทวงศ์,10,17:00-19:00,0,0,1
บรมราชชนนี,จรัญสนิทวงศ์,12,07:00-09:00,0,0,1
บรมราชชนนี,จรัญสนิทวงศ์,12,09:00-17:00,0,0,1
บรมราชชนนี,จรัญสนิทวงศ์,12,17:00-19:00,0,0,1
บรมราชชนนี,บรมราชชนนี,2,07:00-09:00,0,0,1
บรมราชชนนี,บรมราชชนนี,2,09:00-16:00,0,0,1
บรมราชชนนี,บรมราชชนนี,2,16:00-19:00,0,0,1
บรมราชชนนี,บรมราชชนนี,5,07:00-09:00,0,0,1
บรมราชชนนี,บรมราชชนนี,5,09:00-17:00,0,0,1
บรมราชชนนี,บรมราชชนนี,5,17:00-19:00,0,0,1
บรมราชชนนี,บรมราชชนนี,6,07:00-09:00,0,1,0
บรมราชชนนี,บรมราชชนนี,6,09:00-16:00,0,1,0
บรมราชชนนี,บรมราชชนนี,6,16:00-19:00,0,1,0
บรมราชชนนี,บรมราชชนนี,7,07:00-09:00,1,0,0
บรมราชชนนี,บรมราชชนนี,7,09:00-16:00,1,0,0
บรมราชชนนี,บรมราชชนนี,7,16:00-19:00,1,0,0
บรมราชชนนี,บรมราชชนนี,10,07:00-09:00,0,0,1
บรมราชชนนี,บรมราชชนนี,10,09:00-17:00,0,0,1
บรมราชชนนี,บรมราชชนนี,10,17:00-19:00,0,0,1
บรมราชชนนี,บรมราชชนนี,12,07:00-09:00,0,0,1
บรมราชชนนี,บรมราชชนนี,12,09:00-17:00,0,0,1
บรมราชชนนี,บรมราชชนนี,12,17:00-19:00,0,0,1
บรมราชชนนี,สมเด็จพระปิ่นเกล้า,5,07:00-09:00,0,0,1
บรมราชชนนี,สมเด็จพระปิ่นเกล้า,5,09:00-17:00,0,0,1
บรมราชชนนี,สมเด็จพระปิ่นเกล้า,5,17:00-19:00,0,0,1
บรมราชชนนี,สมเด็จพระปิ่นเกล้า,6,07:00-09:00,0,1,0
บรมราชชนนี,สมเด็จพระปิ่นเกล้า,6,09:00-16:00,0,1,0
บรมราชชนนี,สมเด็จพระปิ่นเกล้า,6,16:00-19:00,0,1,0
บรมราชชนนี,สมเด็จพระปิ่นเกล้า,12,07:00-09:00,0,0,1
บรมราชชนนี,สมเด็จพระปิ่นเกล้า,12,09:00-17:00,0,0,1
บรมราชชนนี,สมเด็จพระปิ่นเกล้า,12,17:00-19:00,0,0,1
บรมราชชนนี,สมเด็จพระปืนเกล่า,7,07:00-09:00,1,0,0
บรมราชชนนี,สมเด็จพระปืนเกล่า,7,09:00-16:00,1,0,0
บรมราชชนนี,สมเด็จพระปืนเกล่า,7,16:00-19:00,1,0,0
บรมราชชนนี-ชัยพฤกษ์,ชัยพฤกษ์,2,07:00-09:00,0,0,1
บรมราชชนนี-ชัยพฤกษ์,ชัยพฤกษ์,2,09:00-16:00,0,0,1
บรมราชชนนี-ชัยพฤกษ์,ชัยพฤกษ์,2,16:00-19:00,0,0,1
บรมราชชนนี-ชัยพฤกษ์,แจ้งวัฒนะ,2,07:00-09:00,0,0,1
บรมราชชนนี-ชัยพฤกษ์,แจ้งวัฒนะ,2,09:00-16:00,0,0,1
บรมราชชนนี-ชัยพฤกษ์,แจ้งวัฒนะ,2,16:00-19:00,0,0,1
บรมราชชนนี-ราชพฤกษ์,บรมราชชนนี,3,07:00-09:00,0,1,0
บรมราชชนนี-ราชพฤกษ์,บรมราชชนนี,3,09:00-16:00,0,1,0
บรมราชชนนี-ราชพฤกษ์,บรมราชชนนี,3,16:00-19:00,0,1,0
บรมราชชนนี-ราชพฤกษ์,ราชพฤกษ์,3,07:00-09:00,0,1,0
บรมราชชนนี-ราชพฤกษ์,ราชพฤกษ์,3,09:00-16:00,0,1,0
บรมราชชนนี-ราชพฤกษ์,ราชพฤกษ์,3,16:00-19:00,0,1,0
บรมราชชนนี-สิรินธร,บรมราชชนนี(EB),2,07:00-09:00,0,0,1
บรมราชชนนี-สิรินธร,บรมราชชนนี(EB),2,09:00-16:00,0,0,1
บรมราชชนนี-สิรินธร,บรมราชชนนี(EB),2,16:00-19:00,0,0,1
บรมราชชนนี-สิรินธร,บรมราชชนนี(NB),2,07:00-09:00,0,0,1
บรมราชชนนี-สิรินธร,บรมราชชนนี(NB),2,09:00-16:00,0,0,1
บรมราชชนนี-สิรินธร,บรมราชชนนี(NB),2,16:00-19:00,0,0,1
บรมราชชนนี-สิรินธร,สิรินธร,2,07:00-09:00,0,0,1
บรมราชชนนี-สิรินธร,สิรินธร,2,09:00-16:00,0,0,1
บรมราชชนนี-สิรินธร,สิรินธร,2,16:00-19:00,0,0,1
บรมราชชนนี-เลียบทางรถไฟตลิ่งชัน,บรมราชชนนี,2,07:00-09:00,0,0,1
บรมราชชนนี-เลียบทางรถไฟตลิ่งชัน,บรมราชชนนี,2,09:00-16:00,0,0,1
บรมราชชนนี-เลียบทางรถไฟตลิ่งชัน,บรมราชชนนี,2,16:00-19:00,0,0,1
บรมราชชนนี-เลียบทางรถไฟตลิ่งชัน,เลียบทางรถไฟตลิ่งชัน,2,07:00-09:00,0,0,1
บรมราชชนนี-เลียบทางรถไฟตลิ่งชัน,เลียบทางรถไฟตลิ่งชัน,2,09:00-16:00,0,0,1
บรมราชชนนี-เลียบทางรถไฟตลิ่งชัน,เลียบทางรถไฟตลิ่งชัน,2,16:00-19:00,0,0,1
บรรทัดทอง-จรัสเมือง,จรัสเมือง,5,07:00-09:00,0,1,0
บรรทัดทอง-จรัสเมือง,จรัสเมือง,5,09:00-16:00,0,1,0
บรรทัดทอง-จรัสเมือง,จรัสเมือง,5,16:00-19:00,0,1,0
บรรทัดทอง-จรัสเมือง,บรรทัดทอง,5,06:30-09:00,0,1,0
บรรทัดทอง-จรัสเมือง,บรรทัดทอง,5,09:00-16:00,0,1,0
บรรทัดทอง-จรัสเมือง,บรรทัดทอง,5,16:00-19:30,0,1,0
บรรทัดทอง-จุฬา12,จุฬา12,4,07:00-09:00,0,0,1
บรรทัดทอง-จุฬา12,จุฬา12,4,09:00-17:00,0,0,1
บรรทัดทอง-จุฬา12,จุฬา12,4,17:00-19:00,0,0,1
บรรทัดทอง-จุฬา12,ซอยจุฬา12,5,06:30-09:00,1,0,0
บรรทัดทอง-จุฬา12,ซอยจุฬา12,5,09:00-16:00,1,0,0
บรรทัดทอง-จุฬา12,ซอยจุฬา12,5,16:00-19:30,1,0,0
บรรทัดทอง-จุฬา12,ซอยจุฬา12,10,07:00-09:00,1,0,0
บรรทัดทอง-จุฬา12,ซอยจุฬา12,10,09:00-16:00,1,0,0
บรรทัดทอง-จุฬา12,ซอยจุฬา12,10,16:00-19:00,1,0,0
บรรทัดทอง-จุฬา12,บรรทัดทอง,4,07:00-09:00,0,0,1
บรรทัดทอง-จุฬา12,บรรทัดทอง,4,09:00-17:00,0,0,1
บรรทัดทอง-จุฬา12,บรรทัดทอง,4,17:00-19:00,0,0,1
บรรทัดทอง-จุฬา12,บรรทัดทอง,5,06:30-09:00,1,0,0
บรรทัดทอง-จุฬา12,บรรทัดทอง,5,09:00-16:00,1,0,0
บรรทัดทอง-จุฬา12,บรรทัดทอง,5,16:00-19:30,1,0,0
บรรทัดทอง-จุฬา12,บรรทัดทอง,10,07:00-09:00,1,0,0
บรรทัดทอง-จุฬา12,บรรทัดทอง,10,09:00-16:00,1,0,0
บรรทัดทอง-จุฬา12,บรรทัดทอง,10,16:00-19:00,1,0,0
บริษัทการบินไทย,วิภาวดีรังสิต,7,07:00-09:00,0,1,0
บริษัทการบินไทย,วิภาวดีรังสิต,7,09:00-16:00,0,1,0
บริษัทการบินไทย,วิภาวดีรังสิต,7,16:00-19:00,0,1,0
บริเวณจุดกลับรถหน้าโรงเรียนฝึกอาชีพกรุงเทพมหานคร,เชื่อมสัมพันธ์,1,06:30-09:00,1,0,0
บริเวณจุดกลับรถหน้าโรงเรียนฝึกอาชีพกรุงเทพมหานคร,เชื่อมสัมพันธ์,1,09:00-16:00,1,0,0
บริเวณจุดกลับรถหน้าโรงเรียนฝึกอาชีพกรุงเทพมหานคร,เชื่อมสัมพันธ์,1,16:00-19:30,1,0,0
บริเวณหน้าThelineCondo,สุขุมวิท71,2,07:00-09:00,1,0,0
บริเวณหน้าThelineCondo,สุขุมวิท71,2,09:00-16:00,1,0,0
บริเวณหน้าThelineCondo,สุขุมวิท71,2,16:00-19:00,1,0,0
บริเวณใกล้ลาดพร้าว71,ลาดพร้าว,11,07:00-09:00,1,0,0
บริเวณใกล้ลาดพร้าว71,ลาดพร้าว,11,09:00-16:00,1,0,0
บริเวณใกล้ลาดพร้าว71,ลาดพร้าว,11,16:00-19:00,1,0,0
บัญญาอินทรา-เลียบคลองสอง,ปัญญาอินทรา,5,07:00-09:00,1,0,0
บัญญาอินทรา-เลียบคลองสอง,ปัญญาอินทรา,5,09:00-16:00,1,0,0
บัญญาอินทรา-เลียบคลองสอง,ปัญญาอินทรา,5,16:00-19:00,1,0,0
บัญญาอินทรา-เลียบคลองสอง,เลียบคลองสอง,5,07:00-09:00,1,0,0
บัญญาอินทรา-เลียบคลองสอง,เลียบคลองสอง,5,09:00-16:00,1,0,0
บัญญาอินทรา-เลียบคลองสอง,เลียบคลองสอง,5,16:00-19:00,1,0,0
บางกระบือ,พระรามที่9,1,06:30-09:00,0,1,0
บางกระบือ,พระรามที่9,1,09:00-16:00,0,1,0
บางกระบือ,พระรามที่9,1,16:00-19:30,0,1,0
บางกระบือ,สามเสน,1,07:00-09:00,0,1,0
บางกระบือ,สามเสน,1,09:00-16:00,0,1,0
บางกระบือ,สามเสน,1,16:00-19:00,0,1,0
บางกระบือ,สามเสน,2,07:00-09:00,0,0,1
บางกระบือ,สามเสน,2,09:00-17:00,0,0,1
บางกระบือ,สามเสน,2,17:00-19:00,0,0,1
บางกระบือ,สามเสน,4,07:00-09:00,0,0,1
บางกระบือ,สามเสน,4,09:00-16:00,0,0,1
บางกระบือ,สามเสน,4,16:00-19:00,0,0,1
บางกระบือ,สามเสน,10,07:00-09:00,0,1,0
บางกระบือ,สามเสน,10,09:00-16:00,0,1,0
บางกระบือ,สามเสน,10,16:00-19:00,0,1,0
บางกระบือ,สามเสน,11,07:00-09:00,1,0,0
บางกระบือ,สามเสน,11,09:00-16:00,1,0,0
บางกระบือ,สามเสน,11,16:00-19:00,1,0,0
บางกระบือ,อำนวยสงคราม,1,07:00-09:00,0,1,0
บางกระบือ,อำนวยสงคราม,1,16:00-19:00,0,1,0
บางกระบือ,อำนวยสงคราม,1,16:00-19:30,0,1,0
บางกระบือ,อำนวยสงคราม,2,07:00-09:00,0,0,1
บางกระบือ,อำนวยสงคราม,2,09:00-17:00,0,0,1
บางกระบือ,อำนวยสงคราม,2,17:00-19:00,0,0,1
บางกระบือ,อำนวยสงคราม,4,07:00-09:00,0,0,1
บางกระบือ,อำนวยสงคราม,4,09:00-16:00,0,0,1
บางกระบือ,อำนวยสงคราม,4,16:00-19:00,0,0,1
บางกระบือ,อำนวยสงคราม,10,07:00-09:00,0,1,0
บางกระบือ,อำนวยสงคราม,10,09:00-16:00,0,1,0
บางกระบือ,อำนวยสงคราม,10,16:00-19:00,0,1,0
บางกระบือ,อำนวยสงคราม,11,07:00-09:00,1,0,0
บางกระบือ,อำนวยสงคราม,11,09:00-16:00,1,0,0
บางกระบือ,อำนวยสงคราม,11,16:00-19:00,1,0,0
บางกระบือ,เขียวไข่กา,1,07:00-09:00,0,1,0
บางกระบือ,เขียวไข่กา,1,09:00-16:00,0,1,0
บางกระบือ,เขียวไข่กา,1,16:00-19:00,0,1,0
บางกระบือ,เขียวไข่กา,2,07:00-09:00,0,0,1
บางกระบือ,เขียวไข่กา,2,09:00-17:00,0,0,1
บางกระบือ,เขียวไข่กา,2,17:00-19:00,0,0,1
บางกระบือ,เขียวไข่กา,4,07:00-09:00,0,0,1
บางกระบือ,เขียวไข่กา,4,09:00-16:00,0,0,1
บางกระบือ,เขียวไข่กา,4,16:00-19:00,0,0,1
บางกระบือ,เขียวไข่กา,10,07:00-09:00,0,1,0
บางกระบือ,เขียวไข่กา,10,09:00-16:00,0,1,0
บางกระบือ,เขียวไข่กา,10,16:00-19:00,0,1,0
บางกระบือ,เขียวไข่กา,11,07:00-09:00,1,0,0
บางกระบือ,เขียวไข่กา,11,09:00-16:00,1,0,0
บางกระบือ,เขียวไข่กา,11,16:00-19:00,1,0,0
บางกะปิ,นวมนิทร์,2,07:00-09:00,0,1,0
บางกะปิ,นวมนิทร์,2,09:00-16:00,0,1,0
บางกะปิ,นวมนิทร์,2,16:00-19:00,0,1,0
บางกะปิ,นวมินทร์,2,07:00-09:00,0,0,1
บางกะปิ,นวมินทร์,2,09:00-17:00,0,0,1
บางกะปิ,นวมินทร์,2,17:00-19:00,0,0,1
บางกะปิ,พ่วงศิริ,2,07:00-09:00,0,1,1
บางกะปิ,พ่วงศิริ,2,09:00-16:00,0,1,0
บางกะปิ,พ่วงศิริ,2,09:00-17:00,0,0,1
บางกะปิ,พ่วงศิริ,2,16:00-19:00,0,1,0
บางกะปิ,พ่วงศิริ,2,17:00-19:00,0,0,1
บางกะปิ,พ่วงศิริ,8,07:00-09:00,1,0,0
บางกะปิ,พ่วงศิริ,8,09:00-16:00,1,0,0
บางกะปิ,พ่วงศิริ,8,16:00-19:00,1,0,0
บางกะปิ,ลาดพร้าว,2,07:00-09:00,0,1,1
บางกะปิ,ลาดพร้าว,2,09:00-16:00,0,1,0
บางกะปิ,ลาดพร้าว,2,09:00-17:00,0,0,1
บางกะปิ,ลาดพร้าว,2,16:00-19:00,0,1,0
บางกะปิ,ลาดพร้าว,2,17:00-19:00,0,0,1
บางกะปิ,ลาดพร้าว,8,07:00-09:00,1,0,0
บางกะปิ,ลาดพร้าว,8,09:00-16:00,1,0,0
บางกะปิ,ลาดพร้าว,8,16:00-19:00,1,0,0
บางกะปิ,สุขาภิบาล1,8,07:00-09:00,1,0,0
บางกะปิ,สุขาภิบาล1,8,09:00-16:00,1,0,0
บางกะปิ,สุขาภิบาล1,8,16:00-19:00,1,0,0
บางกะปิ,เสรีไทย,2,07:00-09:00,0,1,1
บางกะปิ,เสรีไทย,2,09:00-16:00,0,1,0
บางกะปิ,เสรีไทย,2,09:00-17:00,0,0,1
บางกะปิ,เสรีไทย,2,16:00-19:00,0,1,0
บางกะปิ,เสรีไทย,2,17:00-19:00,0,0,1
บางกะปิ,เสรีไทย,8,07:00-09:00,1,0,0
บางกะปิ,เสรีไทย,8,09:00-16:00,1,0,0
บางกะปิ,เสรีไทย,8,16:00-19:00,1,0,0
บางขุนนนท์,จรัญสนิทวงศ์,1,07:00-09:00,0,0,1
บางขุนนนท์,จรัญสนิทวงศ์,1,09:00-17:00,0,0,1
บางขุนนนท์,จรัญสนิทวงศ์,1,17:00-19:00,0,0,1
บางขุนนนท์,จรัญสนิทวงศ์,2,07:00-09:00,1,0,0
บางขุนนนท์,จรัญสนิทวงศ์,2,09:00-16:00,1,0,0
บางขุนนนท์,จรัญสนิทวงศ์,2,16:00-19:00,1,0,0
บางขุนนนท์,จรัญสนิทวงศ์,3,07:00-09:00,1,0,1
บางขุนนนท์,จรัญสนิทวงศ์,3,09:00-16:00,1,0,0
บางขุนนนท์,จรัญสนิทวงศ์,3,09:00-17:00,0,0,1
บางขุนนนท์,จรัญสนิทวงศ์,3,16:00-19:00,1,0,0
บางขุนนนท์,จรัญสนิทวงศ์,3,17:00-19:00,0,0,1
บางขุนนนท์,จรัญสนิทวงศ์,8,07:00-09:00,0,1,1
บางขุนนนท์,จรัญสนิทวงศ์,8,09:00-16:00,0,1,0
บางขุนนนท์,จรัญสนิทวงศ์,8,09:00-17:00,0,0,1
บางขุนนนท์,จรัญสนิทวงศ์,8,16:00-19:00,0,1,0
บางขุนนนท์,จรัญสนิทวงศ์,8,17:00-19:00,0,0,1
บางขุนนนท์,จรัญสนิทวงศ์,9,07:00-09:00,0,1,0
บางขุนนนท์,จรัญสนิทวงศ์,9,09:00-16:00,0,1,0
บางขุนนนท์,จรัญสนิทวงศ์,9,16:00-19:00,0,1,0
บางขุนนนท์,จรัญสนิทวงศ์32,1,07:00-09:00,0,0,1
บางขุนนนท์,จรัญสนิทวงศ์32,1,09:00-17:00,0,0,1
บางขุนนนท์,จรัญสนิทวงศ์32,1,17:00-19:00,0,0,1
บางขุนนนท์,จรัญสนิทวงศ์32,3,07:00-09:00,0,0,1
บางขุนนนท์,จรัญสนิทวงศ์32,3,09:00-17:00,0,0,1
บางขุนนนท์,จรัญสนิทวงศ์32,3,17:00-19:00,0,0,1
บางขุนนนท์,จรัญสนิทวงศ์32,8,07:00-09:00,0,0,1
บางขุนนนท์,จรัญสนิทวงศ์32,8,09:00-17:00,0,0,1
บางขุนนนท์,จรัญสนิทวงศ์32,8,17:00-19:00,0,0,1
บางขุนนนท์,ซอยจรัญสนิทวงศ์32,2,07:00-09:00,1,0,0
บางขุนนนท์,ซอยจรัญสนิทวงศ์32,2,09:00-16:00,1,0,0
บางขุนนนท์,ซอยจรัญสนิทวงศ์32,2,16:00-19:00,1,0,0
บางขุนนนท์,ซอยจรัญสนิทวงศ์32,3,07:00-09:00,1,0,0
บางขุนนนท์,ซอยจรัญสนิทวงศ์32,3,09:00-16:00,1,0,0
บางขุนนนท์,ซอยจรัญสนิทวงศ์32,3,16:00-19:00,1,0,0
บางขุนนนท์,ซอยจรัญสนิทวงศ์32,8,06:30-09:00,0,1,0
บางขุนนนท์,ซอยจรัญสนิทวงศ์32,8,09:00-16:00,0,1,0
บางขุนนนท์,ซอยจรัญสนิทวงศ์32,8,16:00-19:30,0,1,0
บางขุนนนท์,ซอยจรัญสนิทวงศ์32,9,07:00-09:00,0,1,0
บางขุนนนท์,ซอยจรัญสนิทวงศ์32,9,09:00-16:00,0,1,0
บางขุนนนท์,ซอยจรัญสนิทวงศ์32,9,16:00-19:00,0,1,0
บางขุนนนท์,บางกอกน้อยตลิงชัน,2,07:00-09:00,1,0,0
บางขุนนนท์,บางกอกน้อยตลิงชัน,2,09:00-16:00,1,0,0
บางขุนนนท์,บางกอกน้อยตลิงชัน,2,16:00-19:00,1,0,0
บางขุนนนท์,บางกอกน้อยตลิ่งชัน,3,07:00-09:00,1,0,0
บางขุนนนท์,บางกอกน้อยตลิ่งชัน,3,09:00-16:00,1,0,0
บางขุนนนท์,บางกอกน้อยตลิ่งชัน,3,16:00-19:00,1,0,0
บางขุนนนท์,บางกอกน้อยตลิ่งชัน,8,06:30-09:00,0,1,0
บางขุนนนท์,บางกอกน้อยตลิ่งชัน,8,07:00-09:00,0,0,1
บางขุนนนท์,บางกอกน้อยตลิ่งชัน,8,09:00-16:00,0,1,0
บางขุนนนท์,บางกอกน้อยตลิ่งชัน,8,09:00-17:00,0,0,1
บางขุนนนท์,บางกอกน้อยตลิ่งชัน,8,16:00-19:30,0,1,0
บางขุนนนท์,บางกอกน้อยตลิ่งชัน,8,17:00-19:00,0,0,1
บางขุนนนท์,บางกอกน้อยตลิ่งชัน,9,07:00-09:00,0,1,0
บางขุนนนท์,บางกอกน้อยตลิ่งชัน,9,09:00-16:00,0,1,0
บางขุนนนท์,บางกอกน้อยตลิ่งชัน,9,16:00-19:00,0,1,0
บางขุนนนท์,บางขุนนนท์,1,07:00-09:00,0,0,1
บางขุนนนท์,บางขุนนนท์,1,09:00-17:00,0,0,1
บางขุนนนท์,บางขุนนนท์,1,17:00-19:00,0,0,1
บางขุนนนท์,บางขุนนนท์,3,07:00-09:00,0,0,1
บางขุนนนท์,บางขุนนนท์,3,09:00-17:00,0,0,1
บางขุนนนท์,บางขุนนนท์,3,17:00-19:00,0,0,1
บางขุนพรหม,วิสุทธิกษัตริย์,2,07:00-09:00,0,0,1
บางขุนพรหม,วิสุทธิกษัตริย์,2,09:00-17:00,0,0,1
บางขุนพรหม,วิสุทธิกษัตริย์,2,17:00-19:00,0,0,1
บางขุนพรหม,วิสุทธิกษัตริย์,4,07:00-09:00,1,0,0
บางขุนพรหม,วิสุทธิกษัตริย์,4,09:00-16:00,1,0,0
บางขุนพรหม,วิสุทธิกษัตริย์,4,16:00-19:00,1,0,0
บางขุนพรหม,วิสุทธิกษัตริย์,6,06:30-09:00,0,1,0
บางขุนพรหม,วิสุทธิกษัตริย์,6,09:00-16:00,0,1,0
บางขุนพรหม,วิสุทธิกษัตริย์,6,16:00-19:30,0,1,0
บางขุนพรหม,วิสุทธิ์กษัตริย์,7,07:00-09:00,0,0,1
บางขุนพรหม,วิสุทธิ์กษัตริย์,7,09:00-16:00,0,0,1
บางขุนพรหม,วิสุทธิ์กษัตริย์,7,16:00-19:00,0,0,1
บางขุนพรหม,สามเสน,2,07:00-09:00,0,0,1
บางขุนพรหม,สามเสน,2,09:00-17:00,0,0,1
บางขุนพรหม,สามเสน,2,17:00-19:00,0,0,1
บางขุนพรหม,สามเสน,4,07:00-09:00,1,0,0
บางขุนพรหม,สามเสน,4,09:00-16:00,1,0,0
บางขุนพรหม,สามเสน,4,16:00-19:00,1,0,0
บางขุนพรหม,สามเสน,6,06:30-09:00,0,1,0
บางขุนพรหม,สามเสน,6,09:00-16:00,0,1,0
บางขุนพรหม,สามเสน,6,16:00-19:30,0,1,0
บางขุนพรหม,สามเสน,7,07:00-09:00,0,0,1
บางขุนพรหม,สามเสน,7,09:00-16:00,0,0,1
บางขุนพรหม,สามเสน,7,16:00-19:00,0,0,1
บางขุนเทียน-บางขุนเทียน16,บางขุนเทียน,9,07:00-09:00,0,0,1
บางขุนเทียน-บางขุนเทียน16,บางขุนเทียน,9,09:00-17:00,0,0,1
บางขุนเทียน-บางขุนเทียน16,บางขุนเทียน,9,17:00-19:00,0,0,1
บางขุนเทียน-บางขุนเทียน16,บางขุนเทียน16,9,07:00-09:00,0,0,1
บางขุนเทียน-บางขุนเทียน16,บางขุนเทียน16,9,09:00-17:00,0,0,1
บางขุนเทียน-บางขุนเทียน16,บางขุนเทียน16,9,17:00-19:00,0,0,1
บางขุนเทียน-บางขุนเทียน9,บางขุนเทียน,9,07:00-09:00,0,0,1
บางขุนเทียน-บางขุนเทียน9,บางขุนเทียน,9,09:00-17:00,0,0,1
บางขุนเทียน-บางขุนเทียน9,บางขุนเทียน,9,17:00-19:00,0,0,1
บางขุนเทียน-บางขุนเทียน9,บางขุนเทียน9,9,07:00-09:00,0,0,1
บางขุนเทียน-บางขุนเทียน9,บางขุนเทียน9,9,09:00-17:00,0,0,1
บางขุนเทียน-บางขุนเทียน9,บางขุนเทียน9,9,17:00-19:00,0,0,1
บางขุนเทียน-พระยามนธาตุราชศรีพิจิตร์,บางขุนเทียน,2,07:00-09:00,0,0,1
บางขุนเทียน-พระยามนธาตุราชศรีพิจิตร์,บางขุนเทียน,2,09:00-17:00,0,0,1
บางขุนเทียน-พระยามนธาตุราชศรีพิจิตร์,บางขุนเทียน,2,17:00-19:00,0,0,1
บางขุนเทียน-พระยามนธาตุราชศรีพิจิตร์,บางขุนเทียน,6,07:00-09:00,1,0,0
บางขุนเทียน-พระยามนธาตุราชศรีพิจิตร์,บางขุนเทียน,6,09:00-16:00,1,0,0
บางขุนเทียน-พระยามนธาตุราชศรีพิจิตร์,บางขุนเทียน,6,16:00-19:00,1,0,0
บางขุนเทียน-พระยามนธาตุราชศรีพิจิตร์,บางขุนเทียน,12,07:00-09:00,0,1,0
บางขุนเทียน-พระยามนธาตุราชศรีพิจิตร์,บางขุนเทียน,12,09:00-16:00,0,1,0
บางขุนเทียน-พระยามนธาตุราชศรีพิจิตร์,บางขุนเทียน,12,16:00-19:00,0,1,0
บางขุนเทียน-พระยามนธาตุราชศรีพิจิตร์,พระยามนธาตุราชศรีพิจิตร์,2,07:00-09:00,0,0,1
บางขุนเทียน-พระยามนธาตุราชศรีพิจิตร์,พระยามนธาตุราชศรีพิจิตร์,2,09:00-17:00,0,0,1
บางขุนเทียน-พระยามนธาตุราชศรีพิจิตร์,พระยามนธาตุราชศรีพิจิตร์,2,17:00-19:00,0,0,1
บางขุนเทียน-พระยามนธาตุราชศรีพิจิตร์,พระยามนธาตุราชศรีพิจิตร์,6,07:00-09:00,1,0,0
บางขุนเทียน-พระยามนธาตุราชศรีพิจิตร์,พระยามนธาตุราชศรีพิจิตร์,6,09:00-16:00,1,0,0
บางขุนเทียน-พระยามนธาตุราชศรีพิจิตร์,พระยามนธาตุราชศรีพิจิตร์,6,16:00-19:00,1,0,0
บางขุนเทียน-พระยามนธาตุราชศรีพิจิตร์,พระยามนธาตุราชศรีพิจิตร์,12,07:00-09:00,0,1,0
บางขุนเทียน-พระยามนธาตุราชศรีพิจิตร์,พระยามนธาตุราชศรีพิจิตร์,12,09:00-16:00,0,1,0
บางขุนเทียน-พระยามนธาตุราชศรีพิจิตร์,พระยามนธาตุราชศรีพิจิตร์,12,16:00-19:00,0,1,0
บางขุนเทียน-สะแกงาม,บางขุนเทียน,5,07:00-09:00,1,0,0
บางขุนเทียน-สะแกงาม,บางขุนเทียน,5,09:00-16:00,1,0,0
บางขุนเทียน-สะแกงาม,บางขุนเทียน,5,16:00-19:00,1,0,0
บางขุนเทียน-สะแกงาม,สะแกงาม,5,07:00-09:00,1,0,0
บางขุนเทียน-สะแกงาม,สะแกงาม,5,09:00-16:00,1,0,0
บางขุนเทียน-สะแกงาม,สะแกงาม,5,16:00-19:00,1,0,0
บางขุนเทียนชายทะเล-เทียนทะเล19,ซอยเทียนทะเล19,5,07:00-09:00,1,0,0
บางขุนเทียนชายทะเล-เทียนทะเล19,ซอยเทียนทะเล19,5,09:00-16:00,1,0,0
บางขุนเทียนชายทะเล-เทียนทะเล19,ซอยเทียนทะเล19,5,16:00-19:00,1,0,0
บางขุนเทียนชายทะเล-เทียนทะเล19,บางขุนเทียนชายทะเล,5,07:00-09:00,1,0,0
บางขุนเทียนชายทะเล-เทียนทะเล19,บางขุนเทียนชายทะเล,5,09:00-16:00,1,0,0
บางขุนเทียนชายทะเล-เทียนทะเล19,บางขุนเทียนชายทะเล,5,16:00-19:00,1,0,0
บางขุนเทียนชายทะเล-เทียนทะเล25,ซอยเทียนทะเล25,6,07:00-09:00,1,0,0
บางขุนเทียนชายทะเล-เทียนทะเล25,ซอยเทียนทะเล25,6,09:00-16:00,1,0,0
บางขุนเทียนชายทะเล-เทียนทะเล25,ซอยเทียนทะเล25,6,16:00-19:00,1,0,0
บางขุนเทียนชายทะเล-เทียนทะเล25,บางขุนเทียนชายทะเล,6,07:00-09:00,1,0,0
บางขุนเทียนชายทะเล-เทียนทะเล25,บางขุนเทียนชายทะเล,6,09:00-16:00,1,0,0
บางขุนเทียนชายทะเล-เทียนทะเล25,บางขุนเทียนชายทะเล,6,16:00-19:00,1,0,0
บางขุนเทียนชายทะเล-เทียนทะเล30,ซอยเทียนทะเล30,6,07:00-09:00,1,0,0
บางขุนเทียนชายทะเล-เทียนทะเล30,ซอยเทียนทะเล30,6,09:00-16:00,1,0,0
บางขุนเทียนชายทะเล-เทียนทะเล30,ซอยเทียนทะเล30,6,16:00-19:00,1,0,0
บางขุนเทียนชายทะเล-เทียนทะเล30,บางขุนเทียนชายทะเล,6,07:00-09:00,1,0,0
บางขุนเทียนชายทะเล-เทียนทะเล30,บางขุนเทียนชายทะเล,6,09:00-16:00,1,0,0
บางขุนเทียนชายทะเล-เทียนทะเล30,บางขุนเทียนชายทะเล,6,16:00-19:00,1,0,0
บางขุนเทียนชายทะเล-เลียบคลองพิทยาลงกรณ์,บางขุนเทียนชายทะเล,1,07:00-09:00,0,0,1
บางขุนเทียนชายทะเล-เลียบคลองพิทยาลงกรณ์,บางขุนเทียนชายทะเล,1,09:00-17:00,0,0,1
บางขุนเทียนชายทะเล-เลียบคลองพิทยาลงกรณ์,บางขุนเทียนชายทะเล,1,17:00-19:00,0,0,1
บางขุนเทียนชายทะเล-เลียบคลองพิทยาลงกรณ์,เลียบคลองพิทยาลงกรณ์,1,07:00-09:00,0,0,1
บางขุนเทียนชายทะเล-เลียบคลองพิทยาลงกรณ์,เลียบคลองพิทยาลงกรณ์,1,09:00-17:00,0,0,1
บางขุนเทียนชายทะเล-เลียบคลองพิทยาลงกรณ์,เลียบคลองพิทยาลงกรณ์,1,17:00-19:00,0,0,1
บางชัน,มณีพัฒนา,4,07:00-09:00,0,1,0
บางชัน,มณีพัฒนา,4,09:00-16:00,0,1,0
บางชัน,มณีพัฒนา,4,16:00-19:00,0,1,0
บางชัน,มีนพัฒนา,1,07:00-09:00,0,0,1
บางชัน,มีนพัฒนา,1,09:00-17:00,0,0,1
บางชัน,มีนพัฒนา,1,17:00-19:00,0,0,1
บางชัน,มีนพัฒนา,7,06:30-09:00,1,0,0
บางชัน,มีนพัฒนา,7,07:00-09:00,1,0,0
บางชัน,มีนพัฒนา,7,09:00-16:00,2,0,0
บางชัน,มีนพัฒนา,7,16:00-19:00,1,0,0
บางชัน,มีนพัฒนา,7,16:00-19:30,1,0,0
บางชัน,เสรีไทย,1,07:00-09:00,0,0,1
บางชัน,เสรีไทย,1,09:00-17:00,0,0,1
บางชัน,เสรีไทย,1,17:00-19:00,0,0,1
บางชัน,เสรีไทย,4,07:00-09:00,0,1,0
บางชัน,เสรีไทย,4,09:00-16:00,0,1,0
บางชัน,เสรีไทย,4,16:00-19:00,0,1,0
บางชัน,เสรีไทย,7,06:30-09:00,1,0,0
บางชัน,เสรีไทย,7,07:00-09:00,1,0,0
บางชัน,เสรีไทย,7,09:00-16:00,2,0,0
บางชัน,เสรีไทย,7,16:00-19:00,1,0,0
บางชัน,เสรีไทย,7,16:00-19:30,1,0,0
บางนา,บางนาตราด,1,07:00-09:00,1,0,0
บางนา,บางนาตราด,1,09:00-16:00,1,0,0
บางนา,บางนาตราด,1,16:00-19:00,1,0,0
บางนา,บางนาตราด,2,07:00-09:00,0,0,1
บางนา,บางนาตราด,2,09:00-17:00,0,0,1
บางนา,บางนาตราด,2,17:00-19:00,0,0,1
บางนา,บางนาตราด,6,07:00-09:00,0,0,1
บางนา,บางนาตราด,6,09:00-16:00,0,0,1
บางนา,บางนาตราด,6,16:00-19:00,0,0,1
บางนา,สรรพาวุธ,1,06:30-09:00,1,0,0
บางนา,สรรพาวุธ,1,09:00-16:00,1,0,0
บางนา,สรรพาวุธ,1,16:00-19:30,1,0,0
บางนา,สรรพาวุธ,2,07:00-09:00,0,0,1
บางนา,สรรพาวุธ,2,09:00-17:00,0,0,1
บางนา,สรรพาวุธ,2,17:00-19:00,0,0,1
บางนา,สรรพาวุธ,6,07:00-09:00,0,0,1
บางนา,สรรพาวุธ,6,09:00-16:00,0,0,1
บางนา,สรรพาวุธ,6,16:00-19:00,0,0,1
บางนา,สุขุมวิท,1,06:30-09:00,1,0,0
บางนา,สุขุมวิท,1,09:00-16:00,1,0,0
บางนา,สุขุมวิท,1,16:00-19:30,1,0,0
บางนา,สุขุมวิท,2,07:00-09:00,0,0,1
บางนา,สุขุมวิท,2,09:00-17:00,0,0,1
บางนา,สุขุมวิท,2,17:00-19:00,0,0,1
บางนา,สุขุมวิท,6,07:00-09:00,0,0,1
บางนา,สุขุมวิท,6,09:00-16:00,0,0,1
บางนา,สุขุมวิท,6,16:00-19:00,0,0,1
บางบอน,บางขุนเทียน-ขายทะเล,1,07:00-09:00,0,0,1
บางบอน,บางขุนเทียน-ขายทะเล,1,09:00-17:00,0,0,1
บางบอน,บางขุนเทียน-ขายทะเล,1,17:00-19:00,0,0,1
บางบอน,บางขุนเทียนชายทะเล,5,07:00-09:00,0,0,1
บางบอน,บางขุนเทียนชายทะเล,5,09:00-16:00,0,0,1
บางบอน,บางขุนเทียนชายทะเล,5,16:00-19:00,0,0,1
บางบอน,บางขุนเทียนชายทะเล,7,07:00-09:00,0,1,0
บางบอน,บางขุนเทียนชายทะเล,7,09:00-16:00,0,1,0
บางบอน,บางขุนเทียนชายทะเล,7,16:00-19:00,0,1,0
บางบอน,บางบอน1,1,07:00-09:00,0,0,1
บางบอน,บางบอน1,1,09:00-17:00,0,0,1
บางบอน,บางบอน1,1,17:00-19:00,0,0,1
บางบอน,บางบอน1,8,07:00-09:00,0,0,1
บางบอน,บางบอน1,8,09:00-16:00,0,0,1
บางบอน,บางบอน1,8,16:00-19:00,0,0,1
บางบอน,เอกชัย,1,07:00-09:00,0,0,2
บางบอน,เอกชัย,1,09:00-17:00,0,0,2
บางบอน,เอกชัย,1,17:00-19:00,0,0,2
บางบอน,เอกชัย,5,07:00-09:00,0,0,1
บางบอน,เอกชัย,5,09:00-16:00,0,0,1
บางบอน,เอกชัย,5,16:00-19:00,0,0,1
บางบอน,เอกชัย,7,07:00-09:00,0,1,0
บางบอน,เอกชัย,7,09:00-16:00,0,1,0
บางบอน,เอกชัย,7,16:00-19:00,0,1,0
บางบอน,เอกชัย,8,07:00-09:00,0,0,1
บางบอน,เอกชัย,8,09:00-16:00,0,0,1
บางบอน,เอกชัย,8,16:00-19:00,0,0,1
บางบอน1ซอย15,บางบอน1,9,07:00-09:00,0,0,1
บางบอน1ซอย15,บางบอน1,9,09:00-17:00,0,0,1
บางบอน1ซอย15,บางบอน1,9,17:00-19:00,0,0,1
บางบอน1ซอย15,บางบอน1ซอย15,9,07:00-09:00,0,0,1
บางบอน1ซอย15,บางบอน1ซอย15,9,09:00-17:00,0,0,1
บางบอน1ซอย15,บางบอน1ซอย15,9,17:00-19:00,0,0,1
บางบอน1ซอย20,บางบอน1,9,07:00-09:00,0,0,1
บางบอน1ซอย20,บางบอน1,9,09:00-17:00,0,0,1
บางบอน1ซอย20,บางบอน1,9,17:00-19:00,0,0,1
บางบอน1ซอย20,บางบอน1ซอย20,9,07:00-09:00,0,0,1
บางบอน1ซอย20,บางบอน1ซอย20,9,09:00-17:00,0,0,1
บางบอน1ซอย20,บางบอน1ซอย20,9,17:00-19:00,0,0,1
บางบอน2,บางบอน2,8,07:00-09:00,0,0,1
บางบอน2,บางบอน2,8,09:00-16:00,0,0,1
บางบอน2,บางบอน2,8,16:00-19:00,0,0,1
บางบอน2,เอกชัย,8,07:00-09:00,0,0,1
บางบอน2,เอกชัย,8,09:00-16:00,0,0,1
บางบอน2,เอกชัย,8,16:00-19:00,0,0,1
บางบอน3,บางบอน3,4,07:00-09:00,0,0,1
บางบอน3,บางบอน3,4,09:00-16:00,0,0,1
บางบอน3,บางบอน3,4,16:00-19:00,0,0,1
บางบอน3,บางบอน3,5,07:00-09:00,0,1,0
บางบอน3,บางบอน3,5,09:00-16:00,0,1,0
บางบอน3,บางบอน3,5,16:00-19:00,0,1,0
บางบอน3,บางบอน3(ต่อ),4,16:00-19:00,0,0,1
บางบอน3,เอกชัย,4,07:00-09:00,0,0,1
บางบอน3,เอกชัย,4,09:00-16:00,0,0,1
บางบอน3,เอกชัย,4,16:00-19:00,0,0,1
บางบอน3,เอกชัย,5,07:00-09:00,0,1,0
บางบอน3,เอกชัย,5,09:00-16:00,0,1,0
บางบอน3,เอกชัย,5,16:00-19:00,0,1,0
บางบอน3ซอย1,บางบอน3,5,07:00-09:00,0,1,0
บางบอน3ซอย1,บางบอน3,5,09:00-16:00,0,1,0
บางบอน3ซอย1,บางบอน3,5,16:00-19:00,0,1,0
บางบอน3ซอย5,บางบอน3,11,07:00-09:00,0,0,1
บางบอน3ซอย5,บางบอน3,11,09:00-17:00,0,0,1
บางบอน3ซอย5,บางบอน3,11,17:00-19:00,0,0,1
บางบอน3ซอย5,บางบอน3,12,07:00-09:00,0,0,1
บางบอน3ซอย5,บางบอน3,12,09:00-17:00,0,0,1
บางบอน3ซอย5,บางบอน3,12,17:00-19:00,0,0,1
บางบอน3ซอย5,บางบอน3ซอย10,11,07:00-09:00,0,0,1
บางบอน3ซอย5,บางบอน3ซอย10,11,09:00-17:00,0,0,1
บางบอน3ซอย5,บางบอน3ซอย10,11,17:00-19:00,0,0,1
บางบอน3ซอย5,บางบอน3ซอย10,12,07:00-09:00,0,0,1
บางบอน3ซอย5,บางบอน3ซอย10,12,09:00-17:00,0,0,1
บางบอน3ซอย5,บางบอน3ซอย10,12,17:00-19:00,0,0,1
บางบอน3ซอย5,บางบอน3ซอย5,11,07:00-09:00,0,0,1
บางบอน3ซอย5,บางบอน3ซอย5,11,09:00-17:00,0,0,1
บางบอน3ซอย5,บางบอน3ซอย5,11,17:00-19:00,0,0,1
บางบอน3ซอย5,บางบอน3ซอย5,12,07:00-09:00,0,0,1
บางบอน3ซอย5,บางบอน3ซอย5,12,09:00-17:00,0,0,1
บางบอน3ซอย5,บางบอน3ซอย5,12,17:00-19:00,0,0,1
บางบอน4,บางบอน4,8,07:00-09:00,0,0,1
บางบอน4,บางบอน4,8,09:00-16:00,0,0,1
บางบอน4,บางบอน4,8,16:00-19:00,0,0,1
บางบอน4,เอกชัย,8,07:00-09:00,0,0,1
บางบอน4,เอกชัย,8,09:00-16:00,0,0,1
บางบอน4,เอกชัย,8,16:00-19:00,0,0,1
บางบอน5,ซอยเอกชัย131,7,07:00-09:00,1,0,0
บางบอน5,ซอยเอกชัย131,7,09:00-16:00,1,0,0
บางบอน5,ซอยเอกชัย131,7,16:00-19:00,1,0,0
บางบอน5,ซอยเอกชัย31,2,07:00-09:00,0,1,0
บางบอน5,ซอยเอกชัย31,2,09:00-16:00,0,1,0
บางบอน5,ซอยเอกชัย31,2,16:00-19:00,0,1,0
บางบอน5,บางบอน5,2,07:00-09:00,0,1,0
บางบอน5,บางบอน5,2,09:00-16:00,0,1,0
บางบอน5,บางบอน5,2,16:00-19:00,0,1,0
บางบอน5,บางบอน5,7,07:00-09:00,1,0,0
บางบอน5,บางบอน5,7,09:00-16:00,1,0,0
บางบอน5,บางบอน5,7,16:00-19:00,1,0,0
บางบอน5,บางบอน5,8,07:00-09:00,0,0,1
บางบอน5,บางบอน5,8,09:00-16:00,0,0,1
บางบอน5,บางบอน5,8,16:00-19:00,0,0,1
บางบอน5,เอกชัย,2,07:00-09:00,0,1,0
บางบอน5,เอกชัย,2,09:00-16:00,0,1,0
บางบอน5,เอกชัย,2,16:00-19:00,0,1,0
บางบอน5,เอกชัย,7,07:00-09:00,1,0,0
บางบอน5,เอกชัย,7,09:00-16:00,1,0,0
บางบอน5,เอกชัย,7,16:00-19:00,1,0,0
บางบอน5,เอกชัย,8,07:00-09:00,0,0,1
บางบอน5,เอกชัย,8,09:00-16:00,0,0,1
บางบอน5,เอกชัย,8,16:00-19:00,0,0,1
บางบอน5,เอกชัย131,8,07:00-09:00,0,0,1
บางบอน5,เอกชัย131,8,09:00-16:00,0,0,1
บางบอน5,เอกชัย131,8,16:00-19:00,0,0,1
บางบอน5ซอย5,บางบอน5,2,07:00-09:00,0,0,1
บางบอน5ซอย5,บางบอน5,2,09:00-17:00,0,0,1
บางบอน5ซอย5,บางบอน5,2,17:00-19:00,0,0,1
บางบอน5ซอย5,บางบอน5ซอย5,2,07:00-09:00,0,0,1
บางบอน5ซอย5,บางบอน5ซอย5,2,09:00-17:00,0,0,1
บางบอน5ซอย5,บางบอน5ซอย5,2,17:00-19:00,0,0,1
บางพลัด,จรัญสนิทวงศ์,2,07:00-09:00,0,0,2
บางพลัด,จรัญสนิทวงศ์,2,09:00-17:00,0,0,2
บางพลัด,จรัญสนิทวงศ์,2,17:00-19:00,0,0,2
บางพลัด,จรัญสนิทวงศ์,6,07:00-09:00,1,0,0
บางพลัด,จรัญสนิทวงศ์,6,09:00-16:00,1,0,0
บางพลัด,จรัญสนิทวงศ์,6,16:00-19:00,1,0,0
บางพลัด,จรัญสนิทวงศ์,9,07:00-09:00,0,1,0
บางพลัด,จรัญสนิทวงศ์,9,09:00-16:00,0,1,0
บางพลัด,จรัญสนิทวงศ์,9,16:00-19:00,0,1,0
บางพลัด,จรัญสนิทวงศ์,10,07:00-09:00,0,0,1
บางพลัด,จรัญสนิทวงศ์,10,09:00-17:00,0,0,1
บางพลัด,จรัญสนิทวงศ์,10,17:00-19:00,0,0,1
บางพลัด,จรัญสนิทวงศ์,11,07:00-09:00,1,0,0
บางพลัด,จรัญสนิทวงศ์,11,09:00-16:00,1,0,0
บางพลัด,จรัญสนิทวงศ์,11,16:00-19:00,1,0,0
บางพลัด,ราชวิถี,2,07:00-09:00,0,0,2
บางพลัด,ราชวิถี,2,09:00-17:00,0,0,2
บางพลัด,ราชวิถี,2,17:00-19:00,0,0,2
บางพลัด,ราชวิถี,6,07:00-09:00,1,0,0
บางพลัด,ราชวิถี,6,09:00-16:00,1,0,0
บางพลัด,ราชวิถี,6,16:00-19:00,1,0,0
บางพลัด,ราชวิถี,9,07:00-09:00,0,1,0
บางพลัด,ราชวิถี,9,09:00-16:00,0,1,0
บางพลัด,ราชวิถี,9,16:00-19:00,0,1,0
บางพลัด,ราชวิถี,10,07:00-09:00,0,0,1
บางพลัด,ราชวิถี,10,09:00-17:00,0,0,1
บางพลัด,ราชวิถี,10,17:00-19:00,0,0,1
บางพลัด,ราชวิถี,11,07:00-09:00,1,0,0
บางพลัด,ราชวิถี,11,09:00-16:00,1,0,0
บางพลัด,ราชวิถี,11,16:00-19:00,1,0,0
บางพลัด,สิรินธร,2,07:00-09:00,0,0,2
บางพลัด,สิรินธร,2,09:00-17:00,0,0,2
บางพลัด,สิรินธร,2,17:00-19:00,0,0,2
บางพลัด,สิรินธร,6,07:00-09:00,1,0,0
บางพลัด,สิรินธร,6,09:00-16:00,1,0,0
บางพลัด,สิรินธร,6,16:00-19:00,1,0,0
บางพลัด,สิรินธร,9,07:00-09:00,0,1,0
บางพลัด,สิรินธร,9,09:00-16:00,0,1,0
บางพลัด,สิรินธร,9,16:00-19:00,0,1,0
บางพลัด,สิรินธร,10,07:00-09:00,0,0,1
บางพลัด,สิรินธร,10,09:00-17:00,0,0,1
บางพลัด,สิรินธร,10,17:00-19:00,0,0,1
บางพลัด,สิรินธร,11,07:00-09:00,1,0,0
บางพลัด,สิรินธร,11,09:00-16:00,1,0,0
บางพลัด,สิรินธร,11,16:00-19:00,1,0,0
บางยี่เรือ,อินทรพิทักษ์,3,07:00-09:00,1,1,0
บางยี่เรือ,อินทรพิทักษ์,3,09:00-16:00,1,1,0
บางยี่เรือ,อินทรพิทักษ์,3,16:00-19:00,1,1,0
บางยี่เรือ,อินทรพิทักษ์,5,07:00-09:00,1,0,1
บางยี่เรือ,อินทรพิทักษ์,5,09:00-16:00,1,0,0
บางยี่เรือ,อินทรพิทักษ์,5,09:00-17:00,0,0,1
บางยี่เรือ,อินทรพิทักษ์,5,16:00-19:00,1,0,0
บางยี่เรือ,อินทรพิทักษ์,5,17:00-19:00,0,0,1
บางยี่เรือ,อินทรพิทักษ์,6,07:00-09:00,0,0,1
บางยี่เรือ,อินทรพิทักษ์,6,09:00-17:00,0,0,1
บางยี่เรือ,อินทรพิทักษ์,6,17:00-19:00,0,0,1
บางยี่เรือ,อินทรพิทักษ์,11,07:00-09:00,0,0,1
บางยี่เรือ,อินทรพิทักษ์,11,09:00-16:00,0,0,1
บางยี่เรือ,อินทรพิทักษ์,11,16:00-19:00,0,0,1
บางยี่เรือ,เทอดไท,3,07:00-09:00,1,1,0
บางยี่เรือ,เทอดไท,3,09:00-16:00,1,1,0
บางยี่เรือ,เทอดไท,3,16:00-19:00,1,1,0
บางยี่เรือ,เทอดไท,5,07:00-09:00,1,0,1
บางยี่เรือ,เทอดไท,5,09:00-16:00,1,0,0
บางยี่เรือ,เทอดไท,5,09:00-17:00,0,0,1
บางยี่เรือ,เทอดไท,5,16:00-19:00,1,0,0
บางยี่เรือ,เทอดไท,5,17:00-19:00,0,0,1
บางยี่เรือ,เทอดไท,6,07:00-09:00,0,0,1
บางยี่เรือ,เทอดไท,6,09:00-17:00,0,0,1
บางยี่เรือ,เทอดไท,6,17:00-19:00,0,0,1
บางยี่เรือ,เทอดไท,8,07:00-09:00,0,1,0
บางยี่เรือ,เทอดไท,8,09:00-16:00,0,1,0
บางยี่เรือ,เทอดไท,8,16:00-19:00,0,1,0
บางยี่เรือ,เทอดไท,11,07:00-09:00,0,0,1
บางยี่เรือ,เทอดไท,11,09:00-16:00,0,0,1
บางยี่เรือ,เทอดไท,11,16:00-19:00,0,0,1
บางยี่เรือ,เพชรเกษม,3,07:00-09:00,1,1,0
บางยี่เรือ,เพชรเกษม,3,09:00-16:00,1,1,0
บางยี่เรือ,เพชรเกษม,3,16:00-19:00,1,1,0
บางยี่เรือ,เพชรเกษม,5,07:00-09:00,1,0,1
บางยี่เรือ,เพชรเกษม,5,09:00-16:00,1,0,0
บางยี่เรือ,เพชรเกษม,5,09:00-17:00,0,0,1
บางยี่เรือ,เพชรเกษม,5,16:00-19:00,1,0,0
บางยี่เรือ,เพชรเกษม,5,17:00-19:00,0,0,1
บางยี่เรือ,เพชรเกษม,6,07:00-09:00,0,0,1
บางยี่เรือ,เพชรเกษม,6,09:00-17:00,0,0,1
บางยี่เรือ,เพชรเกษม,6,17:00-19:00,0,0,1
บางยี่เรือ,เพชรเกษม,11,07:00-09:00,0,0,1
บางยี่เรือ,เพชรเกษม,11,09:00-16:00,0,0,1
บางยี่เรือ,เพชรเกษม,11,16:00-19:00,0,0,1
บางรัก,ซอยเจริญกรุง42,1,07:00-09:00,0,1,0
บางรัก,ซอยเจริญกรุง42,1,09:00-16:00,0,1,0
บางรัก,ซอยเจริญกรุง42,1,16:00-19:00,0,1,0
บางรัก,วัดสวนพลู,10,07:00-09:00,0,0,1
บางรัก,วัดสวนพลู,10,09:00-16:00,0,0,1
บางรัก,วัดสวนพลู,10,16:00-19:00,0,0,1
บางรัก,สีลม,1,07:00-09:00,0,1,0
บางรัก,สีลม,1,09:00-16:00,0,1,0
บางรัก,สีลม,1,16:00-19:00,0,1,0
บางรัก,สีลม,6,07:00-09:00,1,1,1
บางรัก,สีลม,6,09:00-16:00,1,1,0
บางรัก,สีลม,6,09:00-17:00,0,0,1
บางรัก,สีลม,6,16:00-19:00,1,1,0
บางรัก,สีลม,6,17:00-19:00,0,0,1
บางรัก,สีลม,10,07:00-09:00,0,0,1
บางรัก,สีลม,10,09:00-16:00,0,0,1
บางรัก,สีลม,10,16:00-19:00,0,0,1
บางรัก,สีลม,11,07:00-09:00,0,0,1
บางรัก,สีลม,11,09:00-17:00,0,0,1
บางรัก,สีลม,11,17:00-19:00,0,0,1
บางรัก,เจริญกรุง,1,07:00-09:00,0,1,0
บางรัก,เจริญกรุง,1,09:00-16:00,0,1,0
บางรัก,เจริญกรุง,1,16:00-19:00,0,1,0
บางรัก,เจริญกรุง,6,07:00-09:00,1,1,1
บางรัก,เจริญกรุง,6,09:00-16:00,1,1,0
บางรัก,เจริญกรุง,6,09:00-17:00,0,0,1
บางรัก,เจริญกรุง,6,16:00-19:00,1,1,0
บางรัก,เจริญกรุง,6,17:00-19:00,0,0,1
บางรัก,เจริญกรุง,10,07:00-09:00,0,0,1
บางรัก,เจริญกรุง,10,09:00-16:00,0,0,1
บางรัก,เจริญกรุง,10,16:00-19:00,0,0,1
บางรัก,เจริญกรุง,11,07:00-09:00,0,0,1
บางรัก,เจริญกรุง,11,09:00-17:00,0,0,1
บางรัก,เจริญกรุง,11,17:00-19:00,0,0,1
บางรัก,เจริญกรุง42,6,07:00-09:00,0,0,1
บางรัก,เจริญกรุง42,6,09:00-17:00,0,0,1
บางรัก,เจริญกรุง42,6,17:00-19:00,0,0,1
บางรัก,เจริญกรุง42,11,07:00-09:00,0,0,1
บางรัก,เจริญกรุง42,11,09:00-17:00,0,0,1
บางรัก,เจริญกรุง42,11,17:00-19:00,0,0,1
บางลำพู,จักรพงษ์,1,07:00-09:00,0,0,1
บางลำพู,จักรพงษ์,1,09:00-17:00,0,0,1
บางลำพู,จักรพงษ์,1,17:00-19:00,0,0,1
บางลำพู,พระสุเมรุ,1,07:00-09:00,0,0,1
บางลำพู,พระสุเมรุ,1,09:00-17:00,0,0,1
บางลำพู,พระสุเมรุ,1,17:00-19:00,0,0,1
บางลำพู,พระสุเมรุ,2,07:00-09:00,0,0,1
บางลำพู,พระสุเมรุ,2,09:00-17:00,0,0,1
บางลำพู,พระสุเมรุ,2,17:00-19:00,0,0,1
บางลำพู,พระสุเมรุ,3,07:00-09:00,0,0,1
บางลำพู,พระสุเมรุ,3,09:00-16:00,0,0,1
บางลำพู,พระสุเมรุ,3,16:00-19:00,0,0,1
บางลำพู,พระเมรุ,8,07:00-09:00,0,1,0
บางลำพู,พระเมรุ,8,09:00-16:00,0,1,0
บางลำพู,พระเมรุ,8,16:00-19:00,0,1,0
บางลำพู,พระเมรุ,10,07:00-09:00,1,0,0
บางลำพู,พระเมรุ,10,09:00-16:00,1,0,0
บางลำพู,พระเมรุ,10,16:00-19:00,1,0,0
บางลำพู,สามเสน,1,07:00-09:00,0,0,1
บางลำพู,สามเสน,1,09:00-17:00,0,0,1
บางลำพู,สามเสน,1,17:00-19:00,0,0,1
บางลำพู,สามเสน,2,07:00-09:00,0,0,1
บางลำพู,สามเสน,2,09:00-17:00,0,0,1
บางลำพู,สามเสน,2,17:00-19:00,0,0,1
บางลำพู,สามเสน,3,07:00-09:00,0,0,1
บางลำพู,สามเสน,3,09:00-16:00,0,0,1
บางลำพู,สามเสน,3,16:00-19:00,0,0,1
บางลำพู,สามเสน,8,07:00-09:00,0,1,0
บางลำพู,สามเสน,8,09:00-16:00,0,1,0
บางลำพู,สามเสน,8,16:00-19:00,0,1,0
บางลำพู,สามเสน,10,07:00-09:00,1,0,0
บางลำพู,สามเสน,10,09:00-16:00,1,0,0
บางลำพู,สามเสน,10,16:00-19:00,1,0,0
บางเขน,กำแพงเพชร6,8,07:00-09:00,0,1,0
บางเขน,กำแพงเพชร6,8,09:00-16:00,0,1,0
บางเขน,กำแพงเพชร6,8,16:00-19:00,0,1,0
บางเขน,กำแพงเพชร6,9,07:00-09:00,0,1,0
บางเขน,กำแพงเพชร6,9,09:00-16:00,0,1,0
บางเขน,กำแพงเพชร6,9,16:00-19:00,0,1,0
บางเขน,กำแพงเพชร6,10,07:00-09:00,1,0,0
บางเขน,กำแพงเพชร6,10,09:00-16:00,1,0,0
บางเขน,กำแพงเพชร6,10,16:00-19:00,1,0,0
บางเขน,กำแพงเพชร6,11,07:00-09:00,0,1,0
บางเขน,กำแพงเพชร6,11,09:00-16:00,0,1,0
บางเขน,กำแพงเพชร6,11,16:00-19:00,0,1,0
บางเขน,งามวงศ์วาน,8,07:00-09:00,0,1,0
บางเขน,งามวงศ์วาน,8,09:00-16:00,0,1,0
บางเขน,งามวงศ์วาน,8,16:00-19:00,0,1,0
บางเขน,งามวงศ์วาน,9,07:00-09:00,0,1,0
บางเขน,งามวงศ์วาน,9,09:00-16:00,0,1,0
บางเขน,งามวงศ์วาน,9,16:00-19:00,0,1,0
บางเขน,งามวงศ์วาน,10,07:00-09:00,1,0,0
บางเขน,งามวงศ์วาน,10,09:00-16:00,1,0,0
บางเขน,งามวงศ์วาน,10,16:00-19:00,1,0,0
บางเขน,งามวงศ์วาน,11,07:00-09:00,0,1,0
บางเขน,งามวงศ์วาน,11,09:00-16:00,0,1,0
บางเขน,งามวงศ์วาน,11,16:00-19:00,0,1,0
บางเขน(2),กำแพงเพชร6,2,07:00-09:00,0,0,1
บางเขน(2),กำแพงเพชร6,2,09:00-17:00,0,0,1
บางเขน(2),กำแพงเพชร6,2,17:00-19:00,0,0,1
บางเขน(2),กำแพงเพชร6,12,07:00-09:00,0,0,1
บางเขน(2),กำแพงเพชร6,12,09:00-17:00,0,0,1
บางเขน(2),กำแพงเพชร6,12,17:00-19:00,0,0,1
บางเขน(2),งามวงศ์วาน,2,07:00-09:00,0,0,1
บางเขน(2),งามวงศ์วาน,2,09:00-17:00,0,0,1
บางเขน(2),งามวงศ์วาน,2,17:00-19:00,0,0,1
บางเขน(2),งามวงศ์วาน,12,07:00-09:00,0,0,1
บางเขน(2),งามวงศ์วาน,12,09:00-17:00,0,0,1
บางเขน(2),งามวงศ์วาน,12,17:00-19:00,0,0,1
บางแค,บางแค,1,07:00-09:00,0,0,1
บางแค,บางแค,1,09:00-17:00,0,0,1
บางแค,บางแค,1,17:00-19:00,0,0,1
บางแค,บางแค,2,07:00-09:00,0,0,1
บางแค,บางแค,2,09:00-16:00,0,0,1
บางแค,บางแค,2,16:00-19:00,0,0,1
บางแค,บางแค,8,07:00-09:00,0,1,1
บางแค,บางแค,8,09:00-16:00,0,1,0
บางแค,บางแค,8,09:00-17:00,0,0,1
บางแค,บางแค,8,16:00-19:00,0,1,0
บางแค,บางแค,8,17:00-19:00,0,0,1
บางแค,บางแค,11,07:00-09:00,1,0,0
บางแค,บางแค,11,09:00-16:00,1,0,0
บางแค,บางแค,11,16:00-19:00,1,0,0
บางแค,เพชรเกษม,1,07:00-09:00,0,0,1
บางแค,เพชรเกษม,1,09:00-17:00,0,0,1
บางแค,เพชรเกษม,1,17:00-19:00,0,0,1
บางแค,เพชรเกษม,2,07:00-09:00,0,0,1
บางแค,เพชรเกษม,2,09:00-16:00,0,0,1
บางแค,เพชรเกษม,2,16:00-19:00,0,0,1
บางแค,เพชรเกษม,8,07:00-09:00,0,1,1
บางแค,เพชรเกษม,8,09:00-16:00,0,1,0
บางแค,เพชรเกษม,8,09:00-17:00,0,0,1
บางแค,เพชรเกษม,8,16:00-19:00,0,1,0
บางแค,เพชรเกษม,8,17:00-19:00,0,0,1
บางแค,เพชรเกษม,11,07:00-09:00,1,0,0
บางแค,เพชรเกษม,11,09:00-16:00,1,0,0
บางแค,เพชรเกษม,11,16:00-19:00,1,0,0
บางแค-กัลปพฤกษ์,กัลปพฤกษ์,10,07:00-09:00,0,0,1
บางแค-กัลปพฤกษ์,กัลปพฤกษ์,10,09:00-16:00,0,0,1
บางแค-กัลปพฤกษ์,กัลปพฤกษ์,10,16:00-19:00,0,0,1
บางแค-กัลปพฤกษ์,บางบอน1,10,07:00-09:00,0,0,1
บางแค-กัลปพฤกษ์,บางบอน1,10,09:00-16:00,0,0,1
บางแค-กัลปพฤกษ์,บางบอน1,10,16:00-19:00,0,0,1
บางแค-กัลปพฤกษ์,บางแค,10,07:00-09:00,0,0,1
บางแค-กัลปพฤกษ์,บางแค,10,09:00-16:00,0,0,1
บางแค-กัลปพฤกษ์,บางแค,10,16:00-19:00,0,0,1
บางแวก-เพชรเกษม48(บางแวก69),ซอยเพชรเกษม48(บางแวก69),6,07:00-09:00,1,0,0
บางแวก-เพชรเกษม48(บางแวก69),ซอยเพชรเกษม48(บางแวก69),6,09:00-16:00,1,0,0
บางแวก-เพชรเกษม48(บางแวก69),ซอยเพชรเกษม48(บางแวก69),6,16:00-19:00,1,0,0
บางแวก-เพชรเกษม48(บางแวก69),บางแวก,6,07:00-09:00,1,0,0
บางแวก-เพชรเกษม48(บางแวก69),บางแวก,6,09:00-16:00,1,0,0
บางแวก-เพชรเกษม48(บางแวก69),บางแวก,6,16:00-19:00,1,0,0
บางโพ,ประชาราษฎร์สาย1,1,07:00-09:00,1,0,0
บางโพ,ประชาราษฎร์สาย1,1,09:00-16:00,1,0,0
บางโพ,ประชาราษฎร์สาย1,1,16:00-19:00,1,0,0
บางโพ,ประชาราษฎร์สาย1,4,07:00-09:00,0,0,1
บางโพ,ประชาราษฎร์สาย1,4,09:00-17:00,0,0,1
บางโพ,ประชาราษฎร์สาย1,4,17:00-19:00,0,0,1
บางโพ,ประชาราษฎร์สาย1,5,07:00-09:00,0,0,1
บางโพ,ประชาราษฎร์สาย1,5,09:00-17:00,0,0,1
บางโพ,ประชาราษฎร์สาย1,5,17:00-19:00,0,0,1
บางโพ,ประชาราษฎร์สาย1,9,07:00-09:00,0,1,0
บางโพ,ประชาราษฎร์สาย1,9,09:00-16:00,0,1,0
บางโพ,ประชาราษฎร์สาย1,9,16:00-19:00,0,1,0
บางโพ,ประชาราษฎร์สาย1,10,07:00-09:00,0,1,0
บางโพ,ประชาราษฎร์สาย1,10,09:00-16:00,0,1,0
บางโพ,ประชาราษฎร์สาย1,10,16:00-19:00,0,1,0
บางโพ,ประชาราษฎร์สาย2,1,07:00-09:00,1,0,0
บางโพ,ประชาราษฎร์สาย2,1,09:00-16:00,1,0,0
บางโพ,ประชาราษฎร์สาย2,1,16:00-19:00,1,0,0
บางโพ,ประชาราษฎร์สาย2,4,07:00-09:00,0,0,1
บางโพ,ประชาราษฎร์สาย2,4,09:00-17:00,0,0,1
บางโพ,ประชาราษฎร์สาย2,4,17:00-19:00,0,0,1
บางโพ,ประชาราษฎร์สาย2,5,07:00-09:00,0,0,1
บางโพ,ประชาราษฎร์สาย2,5,09:00-17:00,0,0,1
บางโพ,ประชาราษฎร์สาย2,5,17:00-19:00,0,0,1
บางโพ,ประชาราษฎร์สาย2,9,07:00-09:00,0,1,0
บางโพ,ประชาราษฎร์สาย2,9,09:00-16:00,0,1,0
บางโพ,ประชาราษฎร์สาย2,9,16:00-19:00,0,1,0
บางโพ,ประชาราษฎร์สาย2,10,07:00-09:00,0,1,0
บางโพ,ประชาราษฎร์สาย2,10,09:00-16:00,0,1,0
บางโพ,ประชาราษฎร์สาย2,10,16:00-19:00,0,1,0
บาแล,ประชาร่วมใจ,11,07:00-09:00,0,0,1
บาแล,ประชาร่วมใจ,11,09:00-17:00,0,0,1
บาแล,ประชาร่วมใจ,11,17:00-19:00,0,0,1
บาแล,ราษฎร์ร่วมใจ,11,07:00-09:00,0,0,1
บาแล,ราษฎร์ร่วมใจ,11,09:00-17:00,0,0,1
บาแล,ราษฎร์ร่วมใจ,11,17:00-19:00,0,0,1
บำกซอยถนนรามคำแหง24,รามคำแหง,5,07:00-09:00,1,0,0
บำกซอยถนนรามคำแหง24,รามคำแหง,5,09:00-16:00,1,0,0
บำกซอยถนนรามคำแหง24,รามคำแหง,5,16:00-19:00,1,0,0
บำรุงเมือง,บำรุงเมือง,7,07:00-09:00,0,1,0
บำรุงเมือง,บำรุงเมือง,7,09:00-16:00,0,1,0
บำรุงเมือง,บำรุงเมือง,7,16:00-19:00,0,1,0
บำรุงเมือง,ศิริพงษ์,7,07:00-09:00,0,1,0
บำรุงเมือง,ศิริพงษ์,7,09:00-16:00,0,1,0
บำรุงเมือง,ศิริพงษ์,7,16:00-19:00,0,1,0
บำรุงเมือง,อุณากรรณ,7,07:00-09:00,0,1,0
บำรุงเมือง,อุณากรรณ,7,09:00-16:00,0,1,0
บำรุงเมือง,อุณากรรณ,7,16:00-19:00,0,1,0
บำรุงเมือง-มหรรณพ2,ซอยมหรรณพ2,7,07:00-09:00,0,1,0
บำรุงเมือง-มหรรณพ2,ซอยมหรรณพ2,7,09:00-16:00,0,1,0
บำรุงเมือง-มหรรณพ2,ซอยมหรรณพ2,7,16:00-19:00,0,1,0
บำรุงเมือง-มหรรณพ2,บำรุงเมือง,7,07:00-09:00,0,1,0
บำรุงเมือง-มหรรณพ2,บำรุงเมือง,7,09:00-16:00,0,1,0
บำรุงเมือง-มหรรณพ2,บำรุงเมือง,7,16:00-19:00,0,1,0
บิ๊กซีรัชดา,รัชดาภิเษก,7,07:00-09:00,0,1,0
บิ๊กซีรัชดา,รัชดาภิเษก,7,09:00-16:00,0,1,0
บิ๊กซีรัชดา,รัชดาภิเษก,7,16:00-19:00,0,1,0
บิ๊กซีเอ็กซ์ตร้าลาดพร้าว7,ลาดพร้าว,8,07:00-09:00,0,1,0
บิ๊กซีเอ็กซ์ตร้าลาดพร้าว7,ลาดพร้าว,8,09:00-16:00,0,1,0
บิ๊กซีเอ็กซ์ตร้าลาดพร้าว7,ลาดพร้าว,8,16:00-19:00,0,1,0
บุคคโล,มไหศวรรย์,6,07:00-09:00,0,1,0
บุคคโล,มไหศวรรย์,6,09:00-16:00,0,1,0
บุคคโล,มไหศวรรย์,6,16:00-19:00,0,1,0
บุคคโล,มไหสวรรย์,2,07:00-09:00,1,0,0
บุคคโล,มไหสวรรย์,2,09:00-16:00,1,0,0
บุคคโล,มไหสวรรย์,2,16:00-19:00,1,0,0
บุคคโล,มไหสวรรย์,3,07:00-09:00,1,0,0
บุคคโล,มไหสวรรย์,3,09:00-16:00,1,0,0
บุคคโล,มไหสวรรย์,3,16:00-19:00,1,0,0
บุคคโล,มไหสวรรย์,5,07:00-09:00,0,0,1
บุคคโล,มไหสวรรย์,5,09:00-17:00,0,0,1
บุคคโล,มไหสวรรย์,5,17:00-19:00,0,0,1
บุคคโล,มไหสวรรย์,6,07:00-09:00,0,0,1
บุคคโล,มไหสวรรย์,6,09:00-17:00,0,0,1
บุคคโล,มไหสวรรย์,6,17:00-19:00,0,0,1
บุคคโล,มไหสวรรย์,8,07:00-09:00,0,1,0
บุคคโล,มไหสวรรย์,8,09:00-16:00,0,1,0
บุคคโล,มไหสวรรย์,8,16:00-19:00,0,1,0
บุคคโล,มไหสวรรย์,9,07:00-09:00,0,0,1
บุคคโล,มไหสวรรย์,9,09:00-17:00,0,0,1
บุคคโล,มไหสวรรย์,9,17:00-19:00,0,0,1
บุคคโล,เจริญนคร,2,07:00-09:00,1,0,0
บุคคโล,เจริญนคร,2,09:00-16:00,1,0,0
บุคคโล,เจริญนคร,2,16:00-19:00,1,0,0
บุคคโล,เจริญนคร,3,07:00-09:00,1,0,0
บุคคโล,เจริญนคร,3,09:00-16:00,1,0,0
บุคคโล,เจริญนคร,3,16:00-19:00,1,0,0
บุคคโล,เจริญนคร,5,07:00-09:00,0,0,1
บุคคโล,เจริญนคร,5,09:00-17:00,0,0,1
บุคคโล,เจริญนคร,5,17:00-19:00,0,0,1
บุคคโล,เจริญนคร,6,07:00-09:00,0,1,1
บุคคโล,เจริญนคร,6,09:00-16:00,0,1,0
บุคคโล,เจริญนคร,6,09:00-17:00,0,0,1
บุคคโล,เจริญนคร,6,16:00-19:00,0,1,0
บุคคโล,เจริญนคร,6,17:00-19:00,0,0,1
บุคคโล,เจริญนคร,8,07:00-09:00,0,1,0
บุคคโล,เจริญนคร,8,09:00-16:00,0,1,0
บุคคโล,เจริญนคร,8,16:00-19:00,0,1,0
บุคคโล,เจริญนคร,9,07:00-09:00,0,0,1
บุคคโล,เจริญนคร,9,09:00-17:00,0,0,1
บุคคโล,เจริญนคร,9,17:00-19:00,0,0,1
บุรีภิรมย์-เลียบวารี2,บุรีภิรมย์,8,07:00-09:00,0,0,1
บุรีภิรมย์-เลียบวารี2,บุรีภิรมย์,8,09:00-16:00,0,0,1
บุรีภิรมย์-เลียบวารี2,บุรีภิรมย์,8,16:00-19:00,0,0,1
บุรีภิรมย์-เลียบวารี2,เลียบวารี2,8,07:00-09:00,0,0,1
บุรีภิรมย์-เลียบวารี2,เลียบวารี2,8,09:00-16:00,0,0,1
บุรีภิรมย์-เลียบวารี2,เลียบวารี2,8,16:00-19:00,0,0,1
บ้านม้า,รามคำแหง,1,07:00-09:00,0,1,0
บ้านม้า,รามคำแหง,1,09:00-16:00,0,1,0
บ้านม้า,รามคำแหง,1,16:00-19:00,0,1,0
บ้านม้า,รามคำแหง,4,07:00-09:00,0,1,0
บ้านม้า,รามคำแหง,4,09:00-16:00,0,1,0
บ้านม้า,รามคำแหง,4,16:00-19:00,0,1,0
บ้านม้า,รามคำแหง,11,07:00-09:00,0,0,1
บ้านม้า,รามคำแหง,11,09:00-17:00,0,0,1
บ้านม้า,รามคำแหง,11,17:00-19:00,0,0,1
บ้านม้า,ศรีบูรพา,1,07:00-09:00,0,1,0
บ้านม้า,ศรีบูรพา,1,09:00-16:00,0,1,0
บ้านม้า,ศรีบูรพา,1,16:00-19:00,0,1,0
บ้านม้า,ศรีบูรพา,4,07:00-09:00,0,1,0
บ้านม้า,ศรีบูรพา,4,09:00-16:00,0,1,0
บ้านม้า,ศรีบูรพา,4,16:00-19:00,0,1,0
บ้านม้า,ศรีบูรพา,11,07:00-09:00,0,0,1
บ้านม้า,ศรีบูรพา,11,09:00-17:00,0,0,1
บ้านม้า,ศรีบูรพา,11,17:00-19:00,0,0,1
บ้านแขก,ประชาธิปก,1,07:00-09:00,0,0,1
บ้านแขก,ประชาธิปก,1,09:00-17:00,0,0,1
บ้านแขก,ประชาธิปก,1,17:00-19:00,0,0,1
บ้านแขก,ประชาธิปก,3,07:00-09:00,0,1,0
บ้านแขก,ประชาธิปก,3,09:00-16:00,0,1,0
บ้านแขก,ประชาธิปก,3,16:00-19:00,0,1,0
บ้านแขก,ประชาธิปก,4,07:00-09:00,0,0,1
บ้านแขก,ประชาธิปก,4,09:00-17:00,0,0,1
บ้านแขก,ประชาธิปก,4,17:00-19:00,0,0,1
บ้านแขก,ประชาธิปก,5,07:00-09:00,0,1,0
บ้านแขก,ประชาธิปก,5,09:00-16:00,0,1,0
บ้านแขก,ประชาธิปก,5,16:00-19:00,0,1,0
บ้านแขก,ประชาธิปก,6,06:30-09:00,1,0,0
บ้านแขก,ประชาธิปก,6,09:00-16:00,1,0,0
บ้านแขก,ประชาธิปก,6,16:00-19:30,1,0,0
บ้านแขก,ประชาธิปก,9,07:00-09:00,0,0,1
บ้านแขก,ประชาธิปก,9,09:00-16:00,0,0,1
บ้านแขก,ประชาธิปก,9,16:00-19:00,0,0,1
บ้านแขก,อิสรภาพ,1,07:00-09:00,0,0,1
บ้านแขก,อิสรภาพ,1,09:00-17:00,0,0,1
บ้านแขก,อิสรภาพ,1,17:00-19:00,0,0,1
บ้านแขก,อิสรภาพ,3,07:00-09:00,0,1,0
บ้านแขก,อิสรภาพ,3,09:00-16:00,0,1,0
บ้านแขก,อิสรภาพ,3,16:00-19:00,0,1,0
บ้านแขก,อิสรภาพ,4,07:00-09:00,0,0,1
บ้านแขก,อิสรภาพ,4,09:00-17:00,0,0,1
บ้านแขก,อิสรภาพ,4,17:00-19:00,0,0,1
บ้านแขก,อิสรภาพ,5,07:00-09:00,0,1,0
บ้านแขก,อิสรภาพ,5,09:00-16:00,0,1,0
บ้านแขก,อิสรภาพ,5,16:00-19:00,0,1,0
บ้านแขก,อิสรภาพ,6,06:30-09:00,1,0,0
บ้านแขก,อิสรภาพ,6,09:00-16:00,1,0,0
บ้านแขก,อิสรภาพ,6,16:00-19:30,1,0,0
บ้านแขก,อิสรภาพ,9,07:00-09:00,0,0,1
บ้านแขก,อิสรภาพ,9,09:00-16:00,0,0,1
บ้านแขก,อิสรภาพ,9,16:00-19:00,0,0,1
ปทุมวัน,พญาไท,1,07:00-09:00,0,1,0
ปทุมวัน,พญาไท,1,09:00-16:00,0,1,0
ปทุมวัน,พญาไท,1,16:00-19:00,0,1,0
ปทุมวัน,พญาไท,2,07:00-09:00,1,0,0
ปทุมวัน,พญาไท,2,09:00-16:00,1,0,0
ปทุมวัน,พญาไท,2,16:00-19:00,1,0,0
ปทุมวัน,พญาไท,5,07:00-09:00,0,0,1
ปทุมวัน,พญาไท,5,09:00-17:00,0,0,1
ปทุมวัน,พญาไท,5,17:00-19:00,0,0,1
ปทุมวัน,พญาไท,6,07:00-09:00,1,0,1
ปทุมวัน,พญาไท,6,09:00-16:00,1,0,0
ปทุมวัน,พญาไท,6,09:00-17:00,0,0,1
ปทุมวัน,พญาไท,6,16:00-19:00,1,0,0
ปทุมวัน,พญาไท,6,17:00-19:00,0,0,1
ปทุมวัน,พญาไท,7,07:00-09:00,0,0,1
ปทุมวัน,พญาไท,7,09:00-17:00,0,0,1
ปทุมวัน,พญาไท,7,17:00-19:00,0,0,1
ปทุมวัน,พระรามที่1,1,07:00-09:00,0,1,0
ปทุมวัน,พระรามที่1,1,09:00-16:00,0,1,0
ปทุมวัน,พระรามที่1,1,16:00-19:00,0,1,0
ปทุมวัน,พระรามที่1,2,07:00-09:00,1,0,0
ปทุมวัน,พระรามที่1,5,07:00-09:00,0,0,1
ปทุมวัน,พระรามที่1,5,09:00-17:00,0,0,1
ปทุมวัน,พระรามที่1,5,17:00-19:00,0,0,1
ปทุมวัน,พระรามที่1,6,07:00-09:00,1,0,1
ปทุมวัน,พระรามที่1,6,09:00-16:00,1,0,0
ปทุมวัน,พระรามที่1,6,09:00-17:00,0,0,1
ปทุมวัน,พระรามที่1,6,16:00-19:00,1,0,0
ปทุมวัน,พระรามที่1,6,17:00-19:00,0,0,1
ปทุมวัน,พระรามที่1,7,07:00-09:00,0,0,1
ปทุมวัน,พระรามที่1,7,09:00-17:00,0,0,1
ปทุมวัน,พระรามที่1,7,17:00-19:00,0,0,1
ปทุมวัน,พระรามที่2,2,09:00-16:00,1,0,0
ปทุมวัน,พระรามที่3,2,16:00-19:00,1,0,0
ปบากซอยสรงประภา24,สรงประภา,2,07:00-09:00,1,0,0
ปบากซอยสรงประภา24,สรงประภา,2,09:00-16:00,1,0,0
ปบากซอยสรงประภา24,สรงประภา,2,16:00-19:00,1,0,0
ประชาชื่น,ประชาชื่น,3,07:00-09:00,0,0,1
ประชาชื่น,ประชาชื่น,3,09:00-17:00,0,0,1
ประชาชื่น,ประชาชื่น,3,17:00-19:00,0,0,1
ประชาชื่น,ประชาชื่น,8,07:00-09:00,0,1,0
ประชาชื่น,ประชาชื่น,8,09:00-16:00,0,1,0
ประชาชื่น,ประชาชื่น,8,16:00-19:00,0,1,0
ประชาชื่น,ประชาชื่น,9,07:00-09:00,0,2,0
ประชาชื่น,ประชาชื่น,9,09:00-16:00,0,2,0
ประชาชื่น,ประชาชื่น,9,16:00-19:00,0,2,0
ประชาชื่น,ประชาชื่น,11,07:00-09:00,1,0,0
ประชาชื่น,ประชาชื่น,11,09:00-16:00,1,0,0
ประชาชื่น,ประชาชื่น,11,16:00-19:00,1,0,0
ประชาชื่น,ประชาราษฎรส์าย2,8,07:00-09:00,0,1,0
ประชาชื่น,ประชาราษฎรส์าย2,8,09:00-16:00,0,1,0
ประชาชื่น,ประชาราษฎรส์าย2,8,16:00-19:00,0,1,0
ประชาชื่น,ประชาราษฎรส์าย2,9,07:00-09:00,0,1,0
ประชาชื่น,ประชาราษฎรส์าย2,9,09:00-16:00,0,1,0
ประชาชื่น,ประชาราษฎรส์าย2,9,16:00-19:00,0,1,0
ประชาชื่น,ประชาราษฎร์สาย2,3,07:00-09:00,0,0,1
ประชาชื่น,ประชาราษฎร์สาย2,3,09:00-17:00,0,0,1
ประชาชื่น,ประชาราษฎร์สาย2,3,17:00-19:00,0,0,1
ประชาชื่น,ประชาราษฎร์สาย2,9,07:00-09:00,0,1,0
ประชาชื่น,ประชาราษฎร์สาย2,9,09:00-16:00,0,1,0
ประชาชื่น,ประชาราษฎร์สาย2,9,16:00-19:00,0,1,0
ประชาชื่น,ประชาราษฎร์สาย2,11,07:00-09:00,1,0,0
ประชาชื่น,ประชาราษฎร์สาย2,11,09:00-16:00,1,0,0
ประชาชื่น,ประชาราษฎร์สาย2,11,16:00-19:00,1,0,0
ประชาชื่น,ริมคลองประปาฝั่งซ้าย,11,07:00-09:00,1,0,0
ประชาชื่น,ริมคลองประปาฝั่งซ้าย,11,09:00-16:00,1,0,0
ประชาชื่น,ริมคลองประปาฝั่งซ้าย,11,16:00-19:00,1,0,0
ประชาชื่น31,ประชาชื่น,7,07:00-09:00,0,0,1
ประชาชื่น31,ประชาชื่น,7,09:00-17:00,0,0,1
ประชาชื่น31,ประชาชื่น,7,17:00-19:00,0,0,1
ประชาชื่น31,ประชาชื่น31,7,07:00-09:00,0,0,1
ประชาชื่น31,ประชาชื่น31,7,09:00-17:00,0,0,1
ประชาชื่น31,ประชาชื่น31,7,17:00-19:00,0,0,1
ประชาชื่น32,ประชาชื่น,7,07:00-09:00,0,0,1
ประชาชื่น32,ประชาชื่น,7,09:00-17:00,0,0,1
ประชาชื่น32,ประชาชื่น,7,17:00-19:00,0,0,1
ประชาชื่น32,ประชาชื่น32,7,07:00-09:00,0,0,1
ประชาชื่น32,ประชาชื่น32,7,09:00-17:00,0,0,1
ประชาชื่น32,ประชาชื่น32,7,17:00-19:00,0,0,1
ประชาธรรม,ประชาอุทิศ,2,07:00-09:00,0,1,0
ประชาธรรม,ประชาอุทิศ,2,09:00-16:00,0,1,0
ประชาธรรม,ประชาอุทิศ,2,16:00-19:00,0,1,0
ประชาธรรม,ประชาอุทิศ,10,07:00-09:00,1,0,0
ประชาธรรม,ประชาอุทิศ,10,09:00-16:00,1,0,0
ประชาธรรม,ประชาอุทิศ,10,16:00-19:00,1,0,0
ประชาธรรม,ประชาอุทิศ,12,07:00-09:00,1,0,1
ประชาธรรม,ประชาอุทิศ,12,09:00-16:00,1,0,0
ประชาธรรม,ประชาอุทิศ,12,09:00-17:00,0,0,1
ประชาธรรม,ประชาอุทิศ,12,16:00-19:00,1,0,0
ประชาธรรม,ประชาอุทิศ,12,17:00-19:00,0,0,1
ประชาธรรม,ประดิษฐ์มนูธรรม,2,07:00-09:00,0,1,0
ประชาธรรม,ประดิษฐ์มนูธรรม,2,09:00-16:00,0,1,0
ประชาธรรม,ประดิษฐ์มนูธรรม,2,16:00-19:00,0,1,0
ประชาธรรม,ประดิษฐ์มนูธรรม,10,07:00-09:00,1,0,0
ประชาธรรม,ประดิษฐ์มนูธรรม,10,09:00-16:00,1,0,0
ประชาธรรม,ประดิษฐ์มนูธรรม,10,16:00-19:00,1,0,0
ประชาธรรม,ประดิษฐ์มนูธรรม,12,07:00-09:00,1,0,1
ประชาธรรม,ประดิษฐ์มนูธรรม,12,09:00-16:00,1,0,0
ประชาธรรม,ประดิษฐ์มนูธรรม,12,09:00-17:00,0,0,1
ประชาธรรม,ประดิษฐ์มนูธรรม,12,16:00-19:00,1,0,0
ประชาธรรม,ประดิษฐ์มนูธรรม,12,17:00-19:00,0,0,1
ประชานิเวศน์,ประชาชื่น,2,07:00-09:00,0,0,1
ประชานิเวศน์,ประชาชื่น,2,09:00-17:00,0,0,1
ประชานิเวศน์,ประชาชื่น,2,17:00-19:00,0,0,1
ประชานิเวศน์,ประชาชื่น,3,07:00-09:00,1,0,0
ประชานิเวศน์,ประชาชื่น,3,09:00-16:00,1,0,0
ประชานิเวศน์,ประชาชื่น,3,16:00-19:00,1,0,0
ประชานิเวศน์,ประชาชื่น,4,07:00-09:00,0,1,0
ประชานิเวศน์,ประชาชื่น,4,09:00-16:00,0,1,0
ประชานิเวศน์,ประชาชื่น,4,16:00-19:00,0,1,0
ประชานิเวศน์,ประชาชื่น,5,07:00-09:00,1,0,0
ประชานิเวศน์,ประชาชื่น,5,09:00-16:00,1,0,0
ประชานิเวศน์,ประชาชื่น,5,16:00-19:00,1,0,0
ประชานิเวศน์,ประชาชื่น,6,06:30-09:00,0,1,0
ประชานิเวศน์,ประชาชื่น,6,09:00-16:00,0,1,0
ประชานิเวศน์,ประชาชื่น,6,16:00-19:30,0,1,0
ประชานิเวศน์,ประชาชื่น,9,07:00-09:00,1,0,0
ประชานิเวศน์,ประชาชื่น,9,09:00-16:00,1,0,0
ประชานิเวศน์,ประชาชื่น,9,16:00-19:00,1,0,0
ประชานิเวศน์,เทศบาลสงเคราะห์,2,07:00-09:00,0,0,1
ประชานิเวศน์,เทศบาลสงเคราะห์,2,09:00-17:00,0,0,1
ประชานิเวศน์,เทศบาลสงเคราะห์,2,17:00-19:00,0,0,1
ประชานิเวศน์,เทศบาลสงเคราะห์,3,07:00-09:00,1,0,0
ประชานิเวศน์,เทศบาลสงเคราะห์,3,09:00-16:00,1,0,0
ประชานิเวศน์,เทศบาลสงเคราะห์,3,16:00-19:00,1,0,0
ประชานิเวศน์,เทศบาลสงเคราะห์,4,07:00-09:00,0,1,0
ประชานิเวศน์,เทศบาลสงเคราะห์,4,09:00-16:00,0,1,0
ประชานิเวศน์,เทศบาลสงเคราะห์,4,16:00-19:00,0,1,0
ประชานิเวศน์,เทศบาลสงเคราะห์,5,07:00-09:00,1,0,0
ประชานิเวศน์,เทศบาลสงเคราะห์,5,09:00-16:00,1,0,0
ประชานิเวศน์,เทศบาลสงเคราะห์,5,16:00-19:00,1,0,0
ประชานิเวศน์,เทศบาลสงเคราะห์,6,06:30-09:00,0,1,0
ประชานิเวศน์,เทศบาลสงเคราะห์,6,09:00-16:00,0,1,0
ประชานิเวศน์,เทศบาลสงเคราะห์,6,16:00-19:30,0,1,0
ประชานิเวศน์,เทศบาลสงเคราะห์,9,07:00-09:00,1,0,0
ประชานิเวศน์,เทศบาลสงเคราะห์,9,09:00-16:00,1,0,0
ประชานิเวศน์,เทศบาลสงเคราะห์,9,16:00-19:00,1,0,0
ประชานุกล,ประชาชื่น,7,07:00-09:00,1,0,0
ประชานุกล,ประชาชื่น,7,09:00-16:00,1,0,0
ประชานุกล,ประชาชื่น,7,16:00-19:00,1,0,0
ประชานุกล,รัชดาภิเษก,7,07:00-09:00,1,0,0
ประชานุกล,รัชดาภิเษก,7,09:00-16:00,1,0,0
ประชานุกล,รัชดาภิเษก,7,16:00-19:00,1,0,0
ประชานุกูล,ประชาชื่น,8,07:00-09:00,0,1,0
ประชานุกูล,ประชาชื่น,8,09:00-16:00,0,1,0
ประชานุกูล,ประชาชื่น,8,16:00-19:00,0,1,0
ประชานุกูล,ประชาชื่น,9,07:00-09:00,0,1,0
ประชานุกูล,ประชาชื่น,9,09:00-16:00,0,1,0
ประชานุกูล,ประชาชื่น,9,16:00-19:00,0,1,0
ประชานุกูล,ประชาชื่น,12,07:00-09:00,0,0,1
ประชานุกูล,ประชาชื่น,12,09:00-17:00,0,0,1
ประชานุกูล,ประชาชื่น,12,17:00-19:00,0,0,1
ประชานุกูล,รัชดาภิเษก,9,07:00-09:00,0,1,0
ประชานุกูล,รัชดาภิเษก,9,09:00-16:00,0,1,0
ประชานุกูล,รัชดาภิเษก,9,16:00-19:00,0,1,0
ประชานุกูล,รัชดาภิเษก,12,07:00-09:00,0,0,1
ประชานุกูล,รัชดาภิเษก,12,09:00-17:00,0,0,1
ประชานุกูล,รัชดาภิเษก,12,17:00-19:00,0,0,1
ประชานุกูล,รัชดาภเิษก,8,07:00-09:00,0,1,0
ประชานุกูล,รัชดาภเิษก,8,09:00-16:00,0,1,0
ประชานุกูล,รัชดาภเิษก,8,16:00-19:00,0,1,0
ประชาราษฎร์,ประชาราษฎร์สาย1,3,07:00-09:00,0,0,1
ประชาราษฎร์,ประชาราษฎร์สาย1,3,09:00-17:00,0,0,1
ประชาราษฎร์,ประชาราษฎร์สาย1,3,17:00-19:00,0,0,1
ประชาราษฎร์,ประชาราษฎร์สาย1,4,07:00-09:00,0,0,1
ประชาราษฎร์,ประชาราษฎร์สาย1,4,09:00-17:00,0,0,1
ประชาราษฎร์,ประชาราษฎร์สาย1,4,17:00-19:00,0,0,1
ประชาราษฎร์,ประชาราษฎร์สาย1,12,07:00-09:00,1,0,0
ประชาราษฎร์,ประชาราษฎร์สาย1,12,09:00-16:00,1,0,0
ประชาราษฎร์,ประชาราษฎร์สาย1,12,16:00-19:00,1,0,0
ประชาราษฎร์,วงศ์สวาง,12,07:00-09:00,1,0,0
ประชาราษฎร์,วงศ์สวาง,12,09:00-16:00,1,0,0
ประชาราษฎร์,วงศ์สวาง,12,16:00-19:00,1,0,0
ประชาราษฎร์,วงศ์สว่าง,3,07:00-09:00,0,0,1
ประชาราษฎร์,วงศ์สว่าง,3,09:00-17:00,0,0,1
ประชาราษฎร์,วงศ์สว่าง,3,17:00-19:00,0,0,1
ประชาราษฎร์,วงศ์สว่าง,4,07:00-09:00,0,0,1
ประชาราษฎร์,วงศ์สว่าง,4,09:00-17:00,0,0,1
ประชาราษฎร์,วงศ์สว่าง,4,17:00-19:00,0,0,1
ประชาราษฎร์บำเพ็ญ,ประชาราษฎร์บำเพ็ญ,10,07:00-09:00,1,0,0
ประชาราษฎร์บำเพ็ญ,ประชาราษฎร์บำเพ็ญ,10,09:00-16:00,1,0,0
ประชาราษฎร์บำเพ็ญ,ประชาราษฎร์บำเพ็ญ,10,16:00-19:00,1,0,0
ประชาราษฎร์บำเพ็ญ,ประชาอุทิศ,10,07:00-09:00,1,0,0
ประชาราษฎร์บำเพ็ญ,ประชาอุทิศ,10,09:00-16:00,1,0,0
ประชาราษฎร์บำเพ็ญ,ประชาอุทิศ,10,16:00-19:00,1,0,0
ประชาราษฎร์บำเพ็ญ-ประชาอุทิศ,ประชาราษฎร์บำเพ็ญ(EB),3,07:00-09:00,0,0,1
ประชาราษฎร์บำเพ็ญ-ประชาอุทิศ,ประชาราษฎร์บำเพ็ญ(EB),3,09:00-17:00,0,0,1
ประชาราษฎร์บำเพ็ญ-ประชาอุทิศ,ประชาราษฎร์บำเพ็ญ(EB),3,17:00-19:00,0,0,1
ประชาราษฎร์บำเพ็ญ-ประชาอุทิศ,ประชาราษฎร์บำเพ็ญ(SB),3,07:00-09:00,0,0,1
ประชาราษฎร์บำเพ็ญ-ประชาอุทิศ,ประชาราษฎร์บำเพ็ญ(SB),3,09:00-17:00,0,0,1
ประชาราษฎร์บำเพ็ญ-ประชาอุทิศ,ประชาราษฎร์บำเพ็ญ(SB),3,17:00-19:00,0,0,1
ประชาราษฎร์บำเพ็ญ-ประชาอุทิศ,ประชาอุทิศ,3,07:00-09:00,0,0,1
ประชาราษฎร์บำเพ็ญ-ประชาอุทิศ,ประชาอุทิศ,3,09:00-17:00,0,0,1
ประชาราษฎร์บำเพ็ญ-ประชาอุทิศ,ประชาอุทิศ,3,17:00-19:00,0,0,1
ประชาราษฎร์สาย1,ประชาราษฎร์สาย1,1,07:00-09:00,0,1,0
ประชาราษฎร์สาย1,ประชาราษฎร์สาย1,1,09:00-16:00,0,1,0
ประชาราษฎร์สาย1,ประชาราษฎร์สาย1,1,16:00-19:00,0,1,0
ประชาราษฎร์สาย1,ประชาราษฎร์สาย1,6,07:00-09:00,1,0,0
ประชาราษฎร์สาย1,ประชาราษฎร์สาย1,6,09:00-16:00,1,0,0
ประชาราษฎร์สาย1,ประชาราษฎร์สาย1,6,16:00-19:00,1,0,0
ประชาราษฎร์สาย1,วงศ์สว่าง,1,07:00-09:00,0,1,0
ประชาราษฎร์สาย1,วงศ์สว่าง,1,09:00-16:00,0,1,0
ประชาราษฎร์สาย1,วงศ์สว่าง,1,16:00-19:00,0,1,0
ประชาราษฎร์สาย1,วงศ์สว่าง,6,07:00-09:00,1,0,0
ประชาราษฎร์สาย1,วงศ์สว่าง,6,09:00-16:00,1,0,0
ประชาราษฎร์สาย1,วงศ์สว่าง,6,16:00-19:00,1,0,0
ประชาร่วมใจ-ซอยเบนชะโด,ประชาร่วมใจ,5,07:00-09:00,0,1,0
ประชาร่วมใจ-ซอยเบนชะโด,ประชาร่วมใจ,5,09:00-16:00,0,1,0
ประชาร่วมใจ-ซอยเบนชะโด,ประชาร่วมใจ,5,16:00-19:00,0,1,0
ประชาร่วมใจ-ราษฎร์ร่วมใจ,ประชาร่วมใจ,5,07:00-09:00,0,0,1
ประชาร่วมใจ-ราษฎร์ร่วมใจ,ประชาร่วมใจ,5,09:00-17:00,0,0,1
ประชาร่วมใจ-ราษฎร์ร่วมใจ,ประชาร่วมใจ,5,17:00-19:00,0,0,1
ประชาร่วมใจ-ราษฎร์ร่วมใจ,ราษฎร์ร่วมใจ,5,07:00-09:00,0,0,1
ประชาร่วมใจ-ราษฎร์ร่วมใจ,ราษฎร์ร่วมใจ,5,09:00-17:00,0,0,1
ประชาร่วมใจ-ราษฎร์ร่วมใจ,ราษฎร์ร่วมใจ,5,17:00-19:00,0,0,1
ประชาร่วมใจ31,ประชาร่วมใจ,2,07:00-09:00,0,0,1
ประชาร่วมใจ31,ประชาร่วมใจ,2,09:00-17:00,0,0,1
ประชาร่วมใจ31,ประชาร่วมใจ,2,17:00-19:00,0,0,1
ประชาร่วมใจ31,ประชาร่วมใจ31,2,07:00-09:00,0,0,1
ประชาร่วมใจ31,ประชาร่วมใจ31,2,09:00-17:00,0,0,1
ประชาร่วมใจ31,ประชาร่วมใจ31,2,17:00-19:00,0,0,1
ประชาสงเคราะห์,ดินแดง,2,07:00-09:00,1,0,0
ประชาสงเคราะห์,ดินแดง,2,09:00-16:00,1,0,0
ประชาสงเคราะห์,ดินแดง,2,16:00-19:00,1,0,0
ประชาสงเคราะห์,ดินแดง,3,07:00-09:00,0,0,1
ประชาสงเคราะห์,ดินแดง,3,09:00-17:00,0,0,1
ประชาสงเคราะห์,ดินแดง,3,17:00-19:00,0,0,1
ประชาสงเคราะห์,ดินแดง,4,07:00-09:00,0,1,0
ประชาสงเคราะห์,ดินแดง,4,09:00-16:00,0,1,0
ประชาสงเคราะห์,ดินแดง,4,16:00-19:00,0,1,0
ประชาสงเคราะห์,ดินแดง,6,07:00-09:00,0,0,1
ประชาสงเคราะห์,ดินแดง,6,09:00-17:00,0,0,1
ประชาสงเคราะห์,ดินแดง,6,17:00-19:00,0,0,1
ประชาสงเคราะห์,ดินแดง,12,07:00-09:00,1,0,0
ประชาสงเคราะห์,ดินแดง,12,09:00-16:00,1,0,0
ประชาสงเคราะห์,ดินแดง,12,16:00-19:00,1,0,0
ประชาสงเคราะห์,ประชาสงเคราะห์,2,07:00-09:00,1,0,0
ประชาสงเคราะห์,ประชาสงเคราะห์,2,09:00-16:00,1,0,0
ประชาสงเคราะห์,ประชาสงเคราะห์,2,16:00-19:00,1,0,0
ประชาสงเคราะห์,ประชาสงเคราะห์,3,07:00-09:00,0,0,1
ประชาสงเคราะห์,ประชาสงเคราะห์,3,09:00-17:00,0,0,1
ประชาสงเคราะห์,ประชาสงเคราะห์,3,17:00-19:00,0,0,1
ประชาสงเคราะห์,ประชาสงเคราะห์,4,07:00-09:00,0,1,0
ประชาสงเคราะห์,ประชาสงเคราะห์,4,09:00-16:00,0,1,0
ประชาสงเคราะห์,ประชาสงเคราะห์,4,16:00-19:00,0,1,0
ประชาสงเคราะห์,ประชาสงเคราะห์,6,07:00-09:00,0,0,1
ประชาสงเคราะห์,ประชาสงเคราะห์,6,09:00-17:00,0,0,1
ประชาสงเคราะห์,ประชาสงเคราะห์,6,17:00-19:00,0,0,1
ประชาสงเคราะห์,ประชาสงเคราะห์,12,07:00-09:00,1,0,0
ประชาสงเคราะห์,ประชาสงเคราะห์,12,09:00-16:00,1,0,0
ประชาสงเคราะห์,ประชาสงเคราะห์,12,16:00-19:00,1,0,0
ประชาสงเคราะห์,อโศกดินแดง,2,07:00-09:00,1,0,0
ประชาสงเคราะห์,อโศกดินแดง,2,09:00-16:00,1,0,0
ประชาสงเคราะห์,อโศกดินแดง,2,16:00-19:00,1,0,0
ประชาสงเคราะห์,อโศกดินแดง,3,07:00-09:00,0,0,1
ประชาสงเคราะห์,อโศกดินแดง,3,09:00-17:00,0,0,1
ประชาสงเคราะห์,อโศกดินแดง,3,17:00-19:00,0,0,1
ประชาสงเคราะห์,อโศกดินแดง,6,07:00-09:00,0,0,1
ประชาสงเคราะห์,อโศกดินแดง,6,09:00-17:00,0,0,1
ประชาสงเคราะห์,อโศกดินแดง,6,17:00-19:00,0,0,1
ประชาสงเคราะห์,อโศกดินแดง,12,07:00-09:00,1,0,0
ประชาสงเคราะห์,อโศกดินแดง,12,09:00-16:00,1,0,0
ประชาสงเคราะห์,อโศกดินแดง,12,16:00-19:00,1,0,0
ประชาสงเคราะห์-มิตรไมตรี,ประชาสงเคราะห์,1,06:30-09:00,0,1,0
ประชาสงเคราะห์-มิตรไมตรี,ประชาสงเคราะห์,1,09:00-16:00,0,1,0
ประชาสงเคราะห์-มิตรไมตรี,ประชาสงเคราะห์,1,16:00-19:30,0,1,0
ประชาสงเคราะห์-มิตรไมตรี,ประชาสงเคราะห์,2,07:00-09:00,0,2,0
ประชาสงเคราะห์-มิตรไมตรี,ประชาสงเคราะห์,2,09:00-16:00,0,2,0
ประชาสงเคราะห์-มิตรไมตรี,ประชาสงเคราะห์,2,16:00-19:00,0,2,0
ประชาสงเคราะห์-มิตรไมตรี,ประชาสงเคราะห์,5,06:30-09:00,1,0,0
ประชาสงเคราะห์-มิตรไมตรี,ประชาสงเคราะห์,5,09:00-16:00,1,0,0
ประชาสงเคราะห์-มิตรไมตรี,ประชาสงเคราะห์,5,16:00-19:30,1,0,0
ประชาสงเคราะห์-มิตรไมตรี,ประชาสงเคราะห์,9,07:00-09:00,1,0,0
ประชาสงเคราะห์-มิตรไมตรี,ประชาสงเคราะห์,9,09:00-16:00,1,0,0
ประชาสงเคราะห์-มิตรไมตรี,ประชาสงเคราะห์,9,16:00-19:00,1,0,0
ประชาสงเคราะห์-มิตรไมตรี,มิตรไมตรี,1,06:30-09:00,0,1,0
ประชาสงเคราะห์-มิตรไมตรี,มิตรไมตรี,1,09:00-16:00,0,1,0
ประชาสงเคราะห์-มิตรไมตรี,มิตรไมตรี,1,16:00-19:30,0,1,0
ประชาสงเคราะห์-มิตรไมตรี,มิตรไมตรี,2,07:00-09:00,0,2,0
ประชาสงเคราะห์-มิตรไมตรี,มิตรไมตรี,2,09:00-16:00,0,2,0
ประชาสงเคราะห์-มิตรไมตรี,มิตรไมตรี,2,16:00-19:00,0,2,0
ประชาสงเคราะห์-มิตรไมตรี,มิตรไมตรี,5,06:30-09:00,1,0,0
ประชาสงเคราะห์-มิตรไมตรี,มิตรไมตรี,5,09:00-16:00,1,0,0
ประชาสงเคราะห์-มิตรไมตรี,มิตรไมตรี,5,16:00-19:30,1,0,0
ประชาสงเคราะห์-มิตรไมตรี,มิตรไมตรี,9,07:00-09:00,1,0,0
ประชาสงเคราะห์-มิตรไมตรี,มิตรไมตรี,9,09:00-16:00,1,0,0
ประชาสงเคราะห์-มิตรไมตรี,มิตรไมตรี,9,16:00-19:00,1,0,0
ประชาอุทิศ,ประชาอุทิศ,1,07:00-09:00,0,0,1
ประชาอุทิศ,ประชาอุทิศ,1,09:00-17:00,0,0,1
ประชาอุทิศ,ประชาอุทิศ,1,17:00-19:00,0,0,1
ประชาอุทิศ,ประชาอุทิศ,2,07:00-09:00,0,0,1
ประชาอุทิศ,ประชาอุทิศ,2,09:00-17:00,0,0,1
ประชาอุทิศ,ประชาอุทิศ,2,17:00-19:00,0,0,1
ประชาอุทิศ,ประชาอุทิศ,3,07:00-09:00,0,0,1
ประชาอุทิศ,ประชาอุทิศ,3,09:00-16:00,0,0,1
ประชาอุทิศ,ประชาอุทิศ,3,16:00-19:00,0,0,1
ประชาอุทิศ,ประชาอุทิศ,5,07:00-09:00,0,0,1
ประชาอุทิศ,ประชาอุทิศ,5,09:00-16:00,0,0,1
ประชาอุทิศ,ประชาอุทิศ,5,16:00-19:00,0,0,1
ประชาอุทิศ,ประชาอุทิศ,6,07:00-09:00,1,0,0
ประชาอุทิศ,ประชาอุทิศ,6,09:00-16:00,1,0,0
ประชาอุทิศ,ประชาอุทิศ,6,16:00-19:00,1,0,0
ประชาอุทิศ,ประชาอุทิศ,7,07:00-09:00,1,0,0
ประชาอุทิศ,ประชาอุทิศ,7,09:00-16:00,1,0,0
ประชาอุทิศ,ประชาอุทิศ,7,16:00-19:00,1,0,0
ประชาอุทิศ,ประชาอุทิศ,8,07:00-09:00,0,1,0
ประชาอุทิศ,ประชาอุทิศ,8,09:00-16:00,0,1,0
ประชาอุทิศ,ประชาอุทิศ,8,16:00-19:00,0,1,0
ประชาอุทิศ,ประชาอุทิศ,9,07:00-09:00,1,0,0
ประชาอุทิศ,ประชาอุทิศ,9,09:00-16:00,1,0,0
ประชาอุทิศ,ประชาอุทิศ,9,16:00-19:00,1,0,0
ประชาอุทิศ,ประชาอุทิศ,11,07:00-09:00,0,1,0
ประชาอุทิศ,ประชาอุทิศ,11,09:00-16:00,0,1,0
ประชาอุทิศ,ประชาอุทิศ,11,16:00-19:00,0,1,0
ประชาอุทิศ,ประชาอุทิศ19,1,07:00-09:00,0,0,1
ประชาอุทิศ,ประชาอุทิศ19,1,09:00-17:00,0,0,1
ประชาอุทิศ,ประชาอุทิศ19,1,17:00-19:00,0,0,1
ประชาอุทิศ,สุขสวัสดิ,7,07:00-09:00,1,0,0
ประชาอุทิศ,สุขสวัสดิ,7,09:00-16:00,1,0,0
ประชาอุทิศ,สุขสวัสดิ,7,16:00-19:00,1,0,0
ประชาอุทิศ,สุขสวัสดิ์,2,07:00-09:00,0,0,1
ประชาอุทิศ,สุขสวัสดิ์,2,09:00-17:00,0,0,1
ประชาอุทิศ,สุขสวัสดิ์,2,17:00-19:00,0,0,1
ประชาอุทิศ,สุขสวัสดิ์,3,07:00-09:00,0,0,1
ประชาอุทิศ,สุขสวัสดิ์,3,09:00-16:00,0,0,1
ประชาอุทิศ,สุขสวัสดิ์,3,16:00-19:00,0,0,1
ประชาอุทิศ,สุขสวัสดิ์,6,07:00-09:00,1,0,0
ประชาอุทิศ,สุขสวัสดิ์,6,09:00-16:00,1,0,0
ประชาอุทิศ,สุขสวัสดิ์,6,16:00-19:00,1,0,0
ประชาอุทิศ,สุขสวัสดิ์,11,07:00-09:00,0,1,0
ประชาอุทิศ,สุขสวัสดิ์,11,09:00-16:00,0,1,0
ประชาอุทิศ,สุขสวัสดิ์,11,16:00-19:00,0,1,0
ประชาอุทิศ,เทียมร่วมมิตร,1,07:00-09:00,0,0,1
ประชาอุทิศ,เทียมร่วมมิตร,1,09:00-17:00,0,0,1
ประชาอุทิศ,เทียมร่วมมิตร,1,17:00-19:00,0,0,1
ประชาอุทิศ,เทียมร่วมมิตร,5,07:00-09:00,0,0,1
ประชาอุทิศ,เทียมร่วมมิตร,5,09:00-16:00,0,0,1
ประชาอุทิศ,เทียมร่วมมิตร,5,16:00-19:00,0,0,1
ประชาอุทิศ,เทียมร่วมมิตร,8,07:00-09:00,0,1,0
ประชาอุทิศ,เทียมร่วมมิตร,8,09:00-16:00,0,1,0
ประชาอุทิศ,เทียมร่วมมิตร,8,16:00-19:00,0,1,0
ประชาอุทิศ,เทียมร่วมมิตร,9,07:00-09:00,1,0,0
ประชาอุทิศ,เทียมร่วมมิตร,9,09:00-16:00,1,0,0
ประชาอุทิศ,เทียมร่วมมิตร,9,16:00-19:00,1,0,0
ประชาอุทิศ-ประชาอุทิศ99,ประชาอุทิศ,8,07:00-09:00,0,0,1
ประชาอุทิศ-ประชาอุทิศ99,ประชาอุทิศ,8,09:00-16:00,0,0,1
ประชาอุทิศ-ประชาอุทิศ99,ประชาอุทิศ,8,16:00-19:00,0,0,1
ประชาอุทิศ-ประชาอุทิศ99,ประชาอุทิศ99,8,07:00-09:00,0,0,1
ประชาอุทิศ-ประชาอุทิศ99,ประชาอุทิศ99,8,09:00-16:00,0,0,1
ประชาอุทิศ-ประชาอุทิศ99,ประชาอุทิศ99,8,16:00-19:00,0,0,1
ประชาอุทิศ-เทียมร่วมมิตร,ประชาอุทิศ,1,07:00-09:00,0,0,1
ประชาอุทิศ-เทียมร่วมมิตร,ประชาอุทิศ,1,09:00-17:00,0,0,1
ประชาอุทิศ-เทียมร่วมมิตร,ประชาอุทิศ,1,17:00-19:00,0,0,1
ประชาอุทิศ-เทียมร่วมมิตร,เทียมร่วมมิตร,1,07:00-09:00,0,0,1
ประชาอุทิศ-เทียมร่วมมิตร,เทียมร่วมมิตร,1,09:00-17:00,0,0,1
ประชาอุทิศ-เทียมร่วมมิตร,เทียมร่วมมิตร,1,17:00-19:00,0,0,1
ประชาอุทิศ-เลียบด่วนกาญจนาภิเษก,ซอยประชาอุทิศ99,9,07:00-09:00,1,0,0
ประชาอุทิศ-เลียบด่วนกาญจนาภิเษก,ซอยประชาอุทิศ99,9,09:00-16:00,1,0,0
ประชาอุทิศ-เลียบด่วนกาญจนาภิเษก,ซอยประชาอุทิศ99,9,16:00-19:00,1,0,0
ประชาอุทิศ-เลียบด่วนกาญจนาภิเษก,ประชาอุทิศ,8,09:00-16:00,0,0,1
ประชาอุทิศ-เลียบด่วนกาญจนาภิเษก,ประชาอุทิศ,8,16:00-19:00,0,0,1
ประชาอุทิศ-เลียบด่วนกาญจนาภิเษก,ประชาอุทิศ,9,07:00-09:00,1,0,0
ประชาอุทิศ-เลียบด่วนกาญจนาภิเษก,ประชาอุทิศ,9,09:00-16:00,1,0,0
ประชาอุทิศ-เลียบด่วนกาญจนาภิเษก,ประชาอุทิศ,9,16:00-19:00,1,0,0
ประชาอุทิศ-เลียบด่วนกาญจนาภิเษก,ประชาอุทิศ,12,07:00-09:00,0,1,0
ประชาอุทิศ-เลียบด่วนกาญจนาภิเษก,ประชาอุทิศ,12,09:00-16:00,0,1,0
ประชาอุทิศ-เลียบด่วนกาญจนาภิเษก,ประชาอุทิศ,12,16:00-19:00,0,1,0
ประชาอุทิศ-เลียบด่วนกาญจนาภิเษก,ประชาอุทิศ99,12,07:00-09:00,0,1,0
ประชาอุทิศ-เลียบด่วนกาญจนาภิเษก,ประชาอุทิศ99,12,09:00-16:00,0,1,0
ประชาอุทิศ-เลียบด่วนกาญจนาภิเษก,ประชาอุทิศ99,12,16:00-19:00,0,1,0
ประชาอุทิศ-เลียบด่วนกาญจนาภิเษก,เลียบด่วนกาญจนาภิเษก,8,07:00-09:00,0,0,1
ประชาอุทิศ-เลียบด่วนกาญจนาภิเษก,เลียบด่วนกาญจนาภิเษก,8,09:00-16:00,0,0,1
ประชาอุทิศ-เลียบด่วนกาญจนาภิเษก,เลียบด่วนกาญจนาภิเษก,8,16:00-19:00,0,0,1
ประชาอุทิศ-เลียบด่วนกาญจนาภิเษก,เลียบด่วนกาญจนาภิเษก,9,07:00-09:00,1,0,0
ประชาอุทิศ-เลียบด่วนกาญจนาภิเษก,เลียบด่วนกาญจนาภิเษก,9,09:00-16:00,1,0,0
ประชาอุทิศ-เลียบด่วนกาญจนาภิเษก,เลียบด่วนกาญจนาภิเษก,9,16:00-19:00,1,0,0
ประชาอุทิศ-เลียบด่วนกาญจนาภิเษก,เลียบด่วนกาญจนาภิเษก,12,07:00-09:00,0,1,0
ประชาอุทิศ-เลียบด่วนกาญจนาภิเษก,เลียบด่วนกาญจนาภิเษก,12,09:00-16:00,0,1,0
ประชาอุทิศ-เลียบด่วนกาญจนาภิเษก,เลียบด่วนกาญจนาภิเษก,12,16:00-19:00,0,1,0
ประชาอุทิศ14-ประชาอุทิศ13,ประชาอุทิศ,10,07:00-09:00,0,0,1
ประชาอุทิศ14-ประชาอุทิศ13,ประชาอุทิศ,10,09:00-17:00,0,0,1
ประชาอุทิศ14-ประชาอุทิศ13,ประชาอุทิศ,10,17:00-19:00,0,0,1
ประชาอุทิศ14-ประชาอุทิศ13,ประชาอุทิศ13,10,07:00-09:00,0,0,1
ประชาอุทิศ14-ประชาอุทิศ13,ประชาอุทิศ13,10,09:00-17:00,0,0,1
ประชาอุทิศ14-ประชาอุทิศ13,ประชาอุทิศ13,10,17:00-19:00,0,0,1
ประชาอุทิศ14-ประชาอุทิศ13,ประชาอุทิศ14,10,07:00-09:00,0,0,1
ประชาอุทิศ14-ประชาอุทิศ13,ประชาอุทิศ14,10,09:00-17:00,0,0,1
ประชาอุทิศ14-ประชาอุทิศ13,ประชาอุทิศ14,10,17:00-19:00,0,0,1
ประชาอุทิศ33,ประชาอุทิศ,4,07:00-09:00,0,0,1
ประชาอุทิศ33,ประชาอุทิศ,4,09:00-17:00,0,0,1
ประชาอุทิศ33,ประชาอุทิศ,4,17:00-19:00,0,0,1
ประชาอุทิศ33,ประชาอุทิศ33,4,07:00-09:00,0,0,1
ประชาอุทิศ33,ประชาอุทิศ33,4,09:00-17:00,0,0,1
ประชาอุทิศ33,ประชาอุทิศ33,4,17:00-19:00,0,0,1
ประชาอุทิศ54,ประชาอุทิศ,12,07:00-09:00,0,0,1
ประชาอุทิศ54,ประชาอุทิศ,12,09:00-17:00,0,0,1
ประชาอุทิศ54,ประชาอุทิศ,12,17:00-19:00,0,0,1
ประชาอุทิศ54,ประชาอุทิศ54,12,07:00-09:00,0,0,1
ประชาอุทิศ54,ประชาอุทิศ54,12,09:00-17:00,0,0,1
ประชาอุทิศ54,ประชาอุทิศ54,12,17:00-19:00,0,0,1
ประชาอุทิศ68,ประชาอุทิศ,3,07:00-09:00,0,0,1
ประชาอุทิศ68,ประชาอุทิศ,3,09:00-17:00,0,0,1
ประชาอุทิศ68,ประชาอุทิศ,3,17:00-19:00,0,0,1
ประชาอุทิศ69,ประชาอุทิศ,12,07:00-09:00,0,0,1
ประชาอุทิศ69,ประชาอุทิศ,12,09:00-17:00,0,0,1
ประชาอุทิศ69,ประชาอุทิศ,12,17:00-19:00,0,0,1
ประชาอุทิศ69,ประชาอุทิศ69,12,07:00-09:00,0,0,1
ประชาอุทิศ69,ประชาอุทิศ69,12,09:00-17:00,0,0,1
ประชาอุทิศ69,ประชาอุทิศ69,12,17:00-19:00,0,0,1
ประชาอุทิศ76-ประชาอุทิศ91/3,ประชาอุทิศ,9,07:00-09:00,0,0,1
ประชาอุทิศ76-ประชาอุทิศ91/3,ประชาอุทิศ,9,09:00-17:00,0,0,1
ประชาอุทิศ76-ประชาอุทิศ91/3,ประชาอุทิศ,9,17:00-19:00,0,0,1
ประชาอุทิศ76-ประชาอุทิศ91/3,ประชาอุทิศ76,9,07:00-09:00,0,0,1
ประชาอุทิศ76-ประชาอุทิศ91/3,ประชาอุทิศ76,9,09:00-17:00,0,0,1
ประชาอุทิศ76-ประชาอุทิศ91/3,ประชาอุทิศ76,9,17:00-19:00,0,0,1
ประชาอุทิศ76-ประชาอุทิศ91/3,ประชาอุทิศ91/3,9,07:00-09:00,0,0,1
ประชาอุทิศ76-ประชาอุทิศ91/3,ประชาอุทิศ91/3,9,09:00-17:00,0,0,1
ประชาอุทิศ76-ประชาอุทิศ91/3,ประชาอุทิศ91/3,9,17:00-19:00,0,0,1
ประชาอุทิศ83,ประชาอุทิศ,3,07:00-09:00,0,0,1
ประชาอุทิศ83,ประชาอุทิศ,3,09:00-17:00,0,0,1
ประชาอุทิศ83,ประชาอุทิศ,3,17:00-19:00,0,0,1
ประชาอุทิศ90,ประชาอุทิศ,3,07:00-09:00,0,0,1
ประชาอุทิศ90,ประชาอุทิศ,3,09:00-17:00,0,0,1
ประชาอุทิศ90,ประชาอุทิศ,3,17:00-19:00,0,0,1
ประชาอุทิศ90,ประชาอุทิศ90,3,07:00-09:00,0,0,1
ประชาอุทิศ90,ประชาอุทิศ90,3,09:00-17:00,0,0,1
ประชาอุทิศ90,ประชาอุทิศ90,3,17:00-19:00,0,0,1
ประชาเกษม,กรุงเกษม,1,07:00-09:00,0,0,1
ประชาเกษม,กรุงเกษม,1,09:00-17:00,0,0,1
ประชาเกษม,กรุงเกษม,1,17:00-19:00,0,0,1
ประชาเกษม,กรุงเกษม,2,07:00-09:00,0,1,0
ประชาเกษม,กรุงเกษม,2,09:00-16:00,0,1,0
ประชาเกษม,กรุงเกษม,2,16:00-19:00,0,1,0
ประชาเกษม,กรุงเกษม,5,07:00-09:00,0,0,1
ประชาเกษม,กรุงเกษม,5,09:00-17:00,0,0,1
ประชาเกษม,กรุงเกษม,5,17:00-19:00,0,0,1
ประชาเกษม,กรุงเกษม,6,07:00-09:00,1,0,0
ประชาเกษม,กรุงเกษม,6,09:00-16:00,1,0,0
ประชาเกษม,กรุงเกษม,6,16:00-19:00,1,0,0
ประชาเกษม,นครราชสีมา,1,07:00-09:00,0,0,1
ประชาเกษม,นครราชสีมา,1,09:00-17:00,0,0,1
ประชาเกษม,นครราชสีมา,1,17:00-19:00,0,0,1
ประชาเกษม,นครราชสีมา,2,07:00-09:00,0,1,0
ประชาเกษม,นครราชสีมา,2,09:00-16:00,0,1,0
ประชาเกษม,นครราชสีมา,2,16:00-19:00,0,1,0
ประชาเกษม,นครราชสีมา,5,07:00-09:00,0,0,1
ประชาเกษม,นครราชสีมา,5,09:00-17:00,0,0,1
ประชาเกษม,นครราชสีมา,5,17:00-19:00,0,0,1
ประชาเกษม,นครราชสีมา,6,07:00-09:00,1,0,0
ประชาเกษม,นครราชสีมา,6,09:00-16:00,1,0,0
ประชาเกษม,นครราชสีมา,6,16:00-19:00,1,0,0
ประชาเกษม,ประชาธิปไตย,1,07:00-09:00,0,0,1
ประชาเกษม,ประชาธิปไตย,1,09:00-17:00,0,0,1
ประชาเกษม,ประชาธิปไตย,1,17:00-19:00,0,0,1
ประชาเกษม,ประชาธิปไตย,2,07:00-09:00,0,1,0
ประชาเกษม,ประชาธิปไตย,2,09:00-16:00,0,1,0
ประชาเกษม,ประชาธิปไตย,2,16:00-19:00,0,1,0
ประชาเกษม,ประชาธิปไตย,5,07:00-09:00,0,0,1
ประชาเกษม,ประชาธิปไตย,5,09:00-17:00,0,0,1
ประชาเกษม,ประชาธิปไตย,5,17:00-19:00,0,0,1
ประชาเกษม,ประชาธิปไตย,6,07:00-09:00,1,0,0
ประชาเกษม,ประชาธิปไตย,6,09:00-16:00,1,0,0
ประชาเกษม,ประชาธิปไตย,6,16:00-19:00,1,0,0
ประดิพัทธ์,ประดิพัทธ์,3,07:00-09:00,0,1,0
ประดิพัทธ์,ประดิพัทธ์,3,09:00-16:00,0,1,0
ประดิพัทธ์,ประดิพัทธ์,3,16:00-19:00,0,1,0
ประดิพัทธ์,ประดิพัทธ์,5,07:00-09:00,0,0,1
ประดิพัทธ์,ประดิพัทธ์,5,09:00-17:00,0,0,1
ประดิพัทธ์,ประดิพัทธ์,5,17:00-19:00,0,0,1
ประดิพัทธ์,ประดิพัทธ์,7,07:00-09:00,0,1,0
ประดิพัทธ์,ประดิพัทธ์,7,09:00-16:00,0,1,0
ประดิพัทธ์,ประดิพัทธ์,7,16:00-19:00,0,1,0
ประดิพัทธ์,ประดิพัทธ์,8,07:00-09:00,0,1,0
ประดิพัทธ์,ประดิพัทธ์,8,09:00-16:00,0,1,0
ประดิพัทธ์,ประดิพัทธ์,8,16:00-19:00,0,1,0
ประดิพัทธ์,ประดิพัทธ์,9,07:00-09:00,0,0,1
ประดิพัทธ์,ประดิพัทธ์,9,09:00-17:00,0,0,1
ประดิพัทธ์,ประดิพัทธ์,9,17:00-19:00,0,0,1
ประดิพัทธ์,ประดิพัทธ์,10,07:00-09:00,0,1,0
ประดิพัทธ์,ประดิพัทธ์,10,09:00-16:00,0,1,0
ประดิพัทธ์,ประดิพัทธ์,10,16:00-19:00,0,1,0
ประดิพัทธ์,ประดิพัทธ์,12,06:30-09:00,1,0,0
ประดิพัทธ์,ประดิพัทธ์,12,09:00-16:00,1,0,0
ประดิพัทธ์,ประดิพัทธ์,12,16:00-19:30,1,0,0
ประดิพัทธ์,พระรามที่6,3,07:00-09:00,0,1,0
ประดิพัทธ์,พระรามที่6,3,09:00-16:00,0,1,0
ประดิพัทธ์,พระรามที่6,3,16:00-19:00,0,1,0
ประดิพัทธ์,พระรามที่6,5,07:00-09:00,0,0,1
ประดิพัทธ์,พระรามที่6,5,09:00-17:00,0,0,1
ประดิพัทธ์,พระรามที่6,5,17:00-19:00,0,0,1
ประดิพัทธ์,พระรามที่6,7,07:00-09:00,0,1,0
ประดิพัทธ์,พระรามที่6,7,09:00-16:00,0,1,0
ประดิพัทธ์,พระรามที่6,7,16:00-19:00,0,1,0
ประดิพัทธ์,พระรามที่6,8,07:00-09:00,0,1,0
ประดิพัทธ์,พระรามที่6,8,09:00-16:00,0,1,0
ประดิพัทธ์,พระรามที่6,8,16:00-19:00,0,1,0
ประดิพัทธ์,พระรามที่6,9,07:00-09:00,0,0,1
ประดิพัทธ์,พระรามที่6,9,09:00-17:00,0,0,1
ประดิพัทธ์,พระรามที่6,9,17:00-19:00,0,0,1
ประดิพัทธ์,พระรามที่6,10,07:00-09:00,0,1,0
ประดิพัทธ์,พระรามที่6,10,09:00-16:00,0,1,0
ประดิพัทธ์,พระรามที่6,10,16:00-19:00,0,1,0
ประดิพัทธ์,พระรามที่6,12,07:00-09:00,1,0,0
ประดิพัทธ์,พระรามที่6,12,09:00-16:00,1,0,0
ประดิพัทธ์,พระรามที่6,12,16:00-19:00,1,0,0
ประดิษฐ์มนูธรรม,ประดิษฐ์มนูธรรม,4,07:00-09:00,1,0,0
ประดิษฐ์มนูธรรม,ประดิษฐ์มนูธรรม,4,09:00-16:00,1,0,0
ประดิษฐ์มนูธรรม,ประดิษฐ์มนูธรรม,4,16:00-19:00,1,0,0
ประดิษฐ์มนูธรรม,สังคมสงเคราะห์,4,07:00-09:00,1,0,0
ประดิษฐ์มนูธรรม,สังคมสงเคราะห์,4,09:00-16:00,1,0,0
ประดิษฐ์มนูธรรม,สังคมสงเคราะห์,4,16:00-19:00,1,0,0
ประดิษฐ์มนูธรรม-สังคมสงเคราะห์,ประดิษฐ์มนูธรรม,3,07:00-09:00,0,1,0
ประดิษฐ์มนูธรรม-สังคมสงเคราะห์,ประดิษฐ์มนูธรรม,3,09:00-16:00,0,1,0
ประดิษฐ์มนูธรรม-สังคมสงเคราะห์,ประดิษฐ์มนูธรรม,3,16:00-19:00,0,1,0
ประดิษฐ์มนูธรรม-สังคมสงเคราะห์,สังคมสงเคราะห์,3,07:00-09:00,0,1,0
ประดิษฐ์มนูธรรม-สังคมสงเคราะห์,สังคมสงเคราะห์,3,09:00-16:00,0,1,0
ประดิษฐ์มนูธรรม-สังคมสงเคราะห์,สังคมสงเคราะห์,3,16:00-19:00,0,1,0
ประตู1ตลาดนัดจตุจักร,กำแพงเพชร2,7,07:00-09:00,0,0,1
ประตู1ตลาดนัดจตุจักร,กำแพงเพชร2,7,09:00-17:00,0,0,1
ประตู1ตลาดนัดจตุจักร,กำแพงเพชร2,7,17:00-19:00,0,0,1
ประตูนา,ราชดำริ,5,06:30-09:00,1,0,0
ประตูนา,ราชดำริ,5,09:00-16:00,1,0,0
ประตูนา,ราชดำริ,5,16:00-19:30,1,0,0
ประตูนา,ราชปรารภ,5,06:30-09:00,1,0,0
ประตูนา,ราชปรารภ,5,09:00-16:00,1,0,0
ประตูนา,ราชปรารภ,5,16:00-19:30,1,0,0
ประตูนา,เพชรบุรี,5,07:00-09:00,1,0,0
ประตูนา,เพชรบุรี,5,09:00-16:00,1,0,0
ประตูนา,เพชรบุรี,5,16:00-19:00,1,0,0
ประตูน้ำ,ราชดำริ,3,07:00-09:00,0,0,2
ประตูน้ำ,ราชดำริ,3,09:00-16:00,0,0,1
ประตูน้ำ,ราชดำริ,3,09:00-17:00,0,0,1
ประตูน้ำ,ราชดำริ,3,16:00-19:00,0,0,1
ประตูน้ำ,ราชดำริ,3,17:00-19:00,0,0,1
ประตูน้ำ,ราชดำริ,5,07:00-09:00,0,0,1
ประตูน้ำ,ราชดำริ,5,09:00-17:00,0,0,1
ประตูน้ำ,ราชดำริ,5,17:00-19:00,0,0,1
ประตูน้ำ,ราชดำริ,7,07:00-09:00,1,0,1
ประตูน้ำ,ราชดำริ,7,09:00-16:00,1,0,0
ประตูน้ำ,ราชดำริ,7,09:00-17:00,0,0,1
ประตูน้ำ,ราชดำริ,7,16:00-19:00,1,0,0
ประตูน้ำ,ราชดำริ,7,17:00-19:00,0,0,1
ประตูน้ำ,ราชดำริ,8,07:00-09:00,0,1,0
ประตูน้ำ,ราชดำริ,8,09:00-16:00,0,1,0
ประตูน้ำ,ราชดำริ,8,16:00-19:00,0,1,0
ประตูน้ำ,ราชดำริ,9,07:00-09:00,0,1,0
ประตูน้ำ,ราชดำริ,9,09:00-16:00,0,1,0
ประตูน้ำ,ราชดำริ,9,16:00-19:00,0,1,0
ประตูน้ำ,ราชปรารภ,3,07:00-09:00,0,0,2
ประตูน้ำ,ราชปรารภ,3,09:00-16:00,0,0,1
ประตูน้ำ,ราชปรารภ,3,09:00-17:00,0,0,1
ประตูน้ำ,ราชปรารภ,3,16:00-19:00,0,0,1
ประตูน้ำ,ราชปรารภ,3,17:00-19:00,0,0,1
ประตูน้ำ,ราชปรารภ,5,07:00-09:00,0,0,1
ประตูน้ำ,ราชปรารภ,5,09:00-17:00,0,0,1
ประตูน้ำ,ราชปรารภ,5,17:00-19:00,0,0,1
ประตูน้ำ,ราชปรารภ,7,07:00-09:00,1,0,1
ประตูน้ำ,ราชปรารภ,7,09:00-16:00,1,0,0
ประตูน้ำ,ราชปรารภ,7,09:00-17:00,0,0,1
ประตูน้ำ,ราชปรารภ,7,16:00-19:00,1,0,0
ประตูน้ำ,ราชปรารภ,7,17:00-19:00,0,0,1
ประตูน้ำ,ราชปรารภ,8,07:00-09:00,0,1,0
ประตูน้ำ,ราชปรารภ,8,09:00-16:00,0,1,0
ประตูน้ำ,ราชปรารภ,8,16:00-19:00,0,1,0
ประตูน้ำ,ราชปรารภ,9,07:00-09:00,0,1,0
ประตูน้ำ,ราชปรารภ,9,09:00-16:00,0,1,0
ประตูน้ำ,ราชปรารภ,9,16:00-19:00,0,1,0
ประตูน้ำ,เพชรบุรี,3,07:00-09:00,0,0,2
ประตูน้ำ,เพชรบุรี,3,09:00-16:00,0,0,1
ประตูน้ำ,เพชรบุรี,3,09:00-17:00,0,0,1
ประตูน้ำ,เพชรบุรี,3,16:00-19:00,0,0,1
ประตูน้ำ,เพชรบุรี,3,17:00-19:00,0,0,1
ประตูน้ำ,เพชรบุรี,5,07:00-09:00,0,0,1
ประตูน้ำ,เพชรบุรี,5,09:00-17:00,0,0,1
ประตูน้ำ,เพชรบุรี,5,17:00-19:00,0,0,1
ประตูน้ำ,เพชรบุรี,7,07:00-09:00,1,0,1
ประตูน้ำ,เพชรบุรี,7,09:00-16:00,1,0,0
ประตูน้ำ,เพชรบุรี,7,09:00-17:00,0,0,1
ประตูน้ำ,เพชรบุรี,7,16:00-19:00,1,0,0
ประตูน้ำ,เพชรบุรี,7,17:00-19:00,0,0,1
ประตูน้ำ,เพชรบุรี,8,07:00-09:00,0,1,0
ประตูน้ำ,เพชรบุรี,8,09:00-16:00,0,1,0
ประตูน้ำ,เพชรบุรี,8,16:00-19:00,0,1,0
ประตูน้ำ,เพชรบุรี,9,07:00-09:00,0,1,0
ประตูน้ำ,เพชรบุรี,9,09:00-16:00,0,1,0
ประตูน้ำ,เพชรบุรี,9,16:00-19:00,0,1,0
ประตูผี,มหาไชย,12,07:00-09:00,0,0,1
ประตูผี,มหาไชย,12,09:00-16:00,0,0,1
ประตูผี,มหาไชย,12,16:00-19:00,0,0,1
ประเวศ,อ่อนนุช,1,07:00-09:00,0,0,1
ประเวศ,อ่อนนุช,1,09:00-17:00,0,0,1
ประเวศ,อ่อนนุช,1,17:00-19:00,0,0,1
ประเวศ,อ่อนนุช,2,07:00-09:00,0,0,1
ประเวศ,อ่อนนุช,2,09:00-17:00,0,0,1
ประเวศ,อ่อนนุช,2,17:00-19:00,0,0,1
ประเวศ,อ่อนนุช,4,07:00-09:00,1,0,0
ประเวศ,อ่อนนุช,4,09:00-16:00,1,0,0
ประเวศ,อ่อนนุช,4,16:00-19:00,1,0,0
ประเวศ,อ่อนนุช,6,06:30-09:00,0,1,0
ประเวศ,อ่อนนุช,6,07:00-09:00,0,0,1
ประเวศ,อ่อนนุช,6,09:00-16:00,0,1,1
ประเวศ,อ่อนนุช,6,16:00-19:00,0,0,1
ประเวศ,อ่อนนุช,6,16:00-19:30,0,1,0
ประเวศ,เฉลิมพระเกียรติ,4,07:00-09:00,1,0,0
ประเวศ,เฉลิมพระเกียรติ,4,09:00-16:00,1,0,0
ประเวศ,เฉลิมพระเกียรติ,4,16:00-19:00,1,0,0
ประเวศ,เฉลิมพระเกียรติ,6,06:30-09:00,0,1,0
ประเวศ,เฉลิมพระเกียรติ,6,09:00-16:00,0,1,0
ประเวศ,เฉลิมพระเกียรติ,6,16:00-19:30,0,1,0
ประเวศ,เฉลิมพระเกียรติร.9,1,07:00-09:00,0,0,1
ประเวศ,เฉลิมพระเกียรติร.9,1,09:00-17:00,0,0,1
ประเวศ,เฉลิมพระเกียรติร.9,1,17:00-19:00,0,0,1
ประเวศ,เฉลิมพระเกียรติร.9,2,07:00-09:00,0,0,1
ประเวศ,เฉลิมพระเกียรติร.9,2,09:00-17:00,0,0,1
ประเวศ,เฉลิมพระเกียรติร.9,2,17:00-19:00,0,0,1
ประเวศ,เฉลิมพระเกียรติร.9,6,07:00-09:00,0,0,1
ประเวศ,เฉลิมพระเกียรติร.9,6,09:00-16:00,0,0,1
ประเวศ,เฉลิมพระเกียรติร.9,6,16:00-19:00,0,0,1
ประเสริฐมนูกิจ-ประดิษฐ์มนูธรรม,ประดิษฐ์มนูธรรม,2,07:00-09:00,1,0,1
ประเสริฐมนูกิจ-ประดิษฐ์มนูธรรม,ประดิษฐ์มนูธรรม,2,09:00-16:00,1,0,0
ประเสริฐมนูกิจ-ประดิษฐ์มนูธรรม,ประดิษฐ์มนูธรรม,2,09:00-17:00,0,0,1
ประเสริฐมนูกิจ-ประดิษฐ์มนูธรรม,ประดิษฐ์มนูธรรม,2,16:00-19:00,1,0,0
ประเสริฐมนูกิจ-ประดิษฐ์มนูธรรม,ประดิษฐ์มนูธรรม,2,17:00-19:00,0,0,1
ประเสริฐมนูกิจ-ประดิษฐ์มนูธรรม,ประดิษฐ์มนูธรรม,3,07:00-09:00,0,1,0
ประเสริฐมนูกิจ-ประดิษฐ์มนูธรรม,ประดิษฐ์มนูธรรม,3,09:00-16:00,0,1,0
ประเสริฐมนูกิจ-ประดิษฐ์มนูธรรม,ประดิษฐ์มนูธรรม,3,16:00-19:00,0,1,0
ประเสริฐมนูกิจ-ประดิษฐ์มนูธรรม,ประดิษฐ์มนูธรรม,4,07:00-09:00,0,0,1
ประเสริฐมนูกิจ-ประดิษฐ์มนูธรรม,ประดิษฐ์มนูธรรม,4,09:00-17:00,0,0,1
ประเสริฐมนูกิจ-ประดิษฐ์มนูธรรม,ประดิษฐ์มนูธรรม,4,17:00-19:00,0,0,1
ประเสริฐมนูกิจ-ประดิษฐ์มนูธรรม,ประดิษฐ์มนูธรรม,10,07:00-09:00,1,0,0
ประเสริฐมนูกิจ-ประดิษฐ์มนูธรรม,ประดิษฐ์มนูธรรม,10,09:00-16:00,1,0,0
ประเสริฐมนูกิจ-ประดิษฐ์มนูธรรม,ประดิษฐ์มนูธรรม,10,16:00-19:00,1,0,0
ประเสริฐมนูกิจ-ประดิษฐ์มนูธรรม,ประเสริฐมนูกิจ,2,07:00-09:00,1,0,1
ประเสริฐมนูกิจ-ประดิษฐ์มนูธรรม,ประเสริฐมนูกิจ,2,09:00-16:00,1,0,0
ประเสริฐมนูกิจ-ประดิษฐ์มนูธรรม,ประเสริฐมนูกิจ,2,09:00-17:00,0,0,1
ประเสริฐมนูกิจ-ประดิษฐ์มนูธรรม,ประเสริฐมนูกิจ,2,16:00-19:00,1,0,0
ประเสริฐมนูกิจ-ประดิษฐ์มนูธรรม,ประเสริฐมนูกิจ,2,17:00-19:00,0,0,1
ประเสริฐมนูกิจ-ประดิษฐ์มนูธรรม,ประเสริฐมนูกิจ,3,07:00-09:00,0,1,0
ประเสริฐมนูกิจ-ประดิษฐ์มนูธรรม,ประเสริฐมนูกิจ,3,09:00-16:00,0,1,0
ประเสริฐมนูกิจ-ประดิษฐ์มนูธรรม,ประเสริฐมนูกิจ,3,16:00-19:00,0,1,0
ประเสริฐมนูกิจ-ประดิษฐ์มนูธรรม,ประเสริฐมนูกิจ,4,07:00-09:00,0,0,1
ประเสริฐมนูกิจ-ประดิษฐ์มนูธรรม,ประเสริฐมนูกิจ,4,09:00-17:00,0,0,1
ประเสริฐมนูกิจ-ประดิษฐ์มนูธรรม,ประเสริฐมนูกิจ,4,17:00-19:00,0,0,1
ประเสริฐมนูกิจ-ประดิษฐ์มนูธรรม,ประเสริฐมนูกิจ,10,07:00-09:00,1,0,0
ประเสริฐมนูกิจ-ประดิษฐ์มนูธรรม,ประเสริฐมนูกิจ,10,09:00-16:00,1,0,0
ประเสริฐมนูกิจ-ประดิษฐ์มนูธรรม,ประเสริฐมนูกิจ,10,16:00-19:00,1,0,0
ประเสริฐมนูกิจ-ลาดปลาเค้า,ประเสริฐมนูกิจ,2,07:00-09:00,0,0,1
ประเสริฐมนูกิจ-ลาดปลาเค้า,ประเสริฐมนูกิจ,2,09:00-17:00,0,0,1
ประเสริฐมนูกิจ-ลาดปลาเค้า,ประเสริฐมนูกิจ,2,17:00-19:00,0,0,1
ประเสริฐมนูกิจ-ลาดปลาเค้า,ประเสริฐมนูกิจ,8,07:00-09:00,1,0,0
ประเสริฐมนูกิจ-ลาดปลาเค้า,ประเสริฐมนูกิจ,8,09:00-16:00,1,0,0
ประเสริฐมนูกิจ-ลาดปลาเค้า,ประเสริฐมนูกิจ,8,16:00-19:00,1,0,0
ประเสริฐมนูกิจ-ลาดปลาเค้า,ประเสริฐมนูกิจ,12,07:00-09:00,0,1,0
ประเสริฐมนูกิจ-ลาดปลาเค้า,ประเสริฐมนูกิจ,12,09:00-16:00,0,1,0
ประเสริฐมนูกิจ-ลาดปลาเค้า,ประเสริฐมนูกิจ,12,16:00-19:00,0,1,0
ประเสริฐมนูกิจ-ลาดปลาเค้า,ลาดปลาเค้า,2,07:00-09:00,0,0,1
ประเสริฐมนูกิจ-ลาดปลาเค้า,ลาดปลาเค้า,2,09:00-17:00,0,0,1
ประเสริฐมนูกิจ-ลาดปลาเค้า,ลาดปลาเค้า,2,17:00-19:00,0,0,1
ประเสริฐมนูกิจ-ลาดปลาเค้า,ลาดปลาเค้า,8,07:00-09:00,1,0,0
ประเสริฐมนูกิจ-ลาดปลาเค้า,ลาดปลาเค้า,8,09:00-16:00,1,0,0
ประเสริฐมนูกิจ-ลาดปลาเค้า,ลาดปลาเค้า,8,16:00-19:00,1,0,0
ประเสริฐมนูกิจ-ลาดปลาเค้า,ลาดปลาเค้า,12,07:00-09:00,0,1,0
ประเสริฐมนูกิจ-ลาดปลาเค้า,ลาดปลาเค้า,12,09:00-16:00,0,1,0
ประเสริฐมนูกิจ-ลาดปลาเค้า,ลาดปลาเค้า,12,16:00-19:00,0,1,0
ประเสริฐมนูกิจ-สุคนธสวัสดิ์,ประเสริฐมนูกิจ,3,07:00-09:00,0,1,1
ประเสริฐมนูกิจ-สุคนธสวัสดิ์,ประเสริฐมนูกิจ,3,09:00-16:00,0,1,0
ประเสริฐมนูกิจ-สุคนธสวัสดิ์,ประเสริฐมนูกิจ,3,09:00-17:00,0,0,1
ประเสริฐมนูกิจ-สุคนธสวัสดิ์,ประเสริฐมนูกิจ,3,16:00-19:00,0,1,0
ประเสริฐมนูกิจ-สุคนธสวัสดิ์,ประเสริฐมนูกิจ,3,17:00-19:00,0,0,1
ประเสริฐมนูกิจ-สุคนธสวัสดิ์,ประเสริฐมนูกิจ,10,06:30-09:00,1,0,0
ประเสริฐมนูกิจ-สุคนธสวัสดิ์,ประเสริฐมนูกิจ,10,09:00-16:00,1,0,0
ประเสริฐมนูกิจ-สุคนธสวัสดิ์,ประเสริฐมนูกิจ,10,16:00-19:30,1,0,0
ประเสริฐมนูกิจ-สุคนธสวัสดิ์,สุคนธสวัสดิ์,3,07:00-09:00,0,1,1
ประเสริฐมนูกิจ-สุคนธสวัสดิ์,สุคนธสวัสดิ์,3,09:00-16:00,0,1,0
ประเสริฐมนูกิจ-สุคนธสวัสดิ์,สุคนธสวัสดิ์,3,09:00-17:00,0,0,1
ประเสริฐมนูกิจ-สุคนธสวัสดิ์,สุคนธสวัสดิ์,3,16:00-19:00,0,1,0
ประเสริฐมนูกิจ-สุคนธสวัสดิ์,สุคนธสวัสดิ์,3,17:00-19:00,0,0,1
ประเสริฐมนูกิจ-สุคนธสวัสดิ์,สุคนธสวัสดิ์,10,07:00-09:00,1,0,0
ประเสริฐมนูกิจ-สุคนธสวัสดิ์,สุคนธสวัสดิ์,10,09:00-16:00,1,0,0
ประเสริฐมนูกิจ-สุคนธสวัสดิ์,สุคนธสวัสดิ์,10,16:00-19:00,1,0,0
ประเสริฐมนูกิจ29,ประเสริฐมนูกิจ,10,07:00-09:00,0,0,1
ประเสริฐมนูกิจ29,ประเสริฐมนูกิจ,10,09:00-17:00,0,0,1
ประเสริฐมนูกิจ29,ประเสริฐมนูกิจ,10,17:00-19:00,0,0,1
ประเสริฐมนูกิจ29,ประเสริฐมนูกิจ29,10,07:00-09:00,0,0,1
ประเสริฐมนูกิจ29,ประเสริฐมนูกิจ29,10,09:00-17:00,0,0,1
ประเสริฐมนูกิจ29,ประเสริฐมนูกิจ29,10,17:00-19:00,0,0,1
ประเสริฐมนูกิจ29,มัยลาภ,10,07:00-09:00,0,0,1
ประเสริฐมนูกิจ29,มัยลาภ,10,09:00-17:00,0,0,1
ประเสริฐมนูกิจ29,มัยลาภ,10,17:00-19:00,0,0,1
ปรีดีพนมยงค์2,สุขุมวิท71,7,07:00-09:00,0,0,1
ปรีดีพนมยงค์2,สุขุมวิท71,7,09:00-17:00,0,0,1
ปรีดีพนมยงค์2,สุขุมวิท71,7,17:00-19:00,0,0,1
ปัญญาอินทรา-สุเหร่าคลองหนึ่ง,ปัญญาอินทรา(EB),9,07:00-09:00,0,0,1
ปัญญาอินทรา-สุเหร่าคลองหนึ่ง,ปัญญาอินทรา(EB),9,09:00-16:00,0,0,1
ปัญญาอินทรา-สุเหร่าคลองหนึ่ง,ปัญญาอินทรา(EB),9,16:00-19:00,0,0,1
ปัญญาอินทรา-สุเหร่าคลองหนึ่ง,ปัญญาอินทรา(SB),9,07:00-09:00,0,0,1
ปัญญาอินทรา-สุเหร่าคลองหนึ่ง,ปัญญาอินทรา(SB),9,09:00-16:00,0,0,1
ปัญญาอินทรา-สุเหร่าคลองหนึ่ง,ปัญญาอินทรา(SB),9,16:00-19:00,0,0,1
ปัญญาอินทรา-สุเหร่าคลองหนึ่ง,สุเหร่าคลองหนึ่ง,9,07:00-09:00,0,0,1
ปัญญาอินทรา-สุเหร่าคลองหนึ่ง,สุเหร่าคลองหนึ่ง,9,09:00-16:00,0,0,1
ปัญญาอินทรา-สุเหร่าคลองหนึ่ง,สุเหร่าคลองหนึ่ง,9,16:00-19:00,0,0,1
ปากชอยราษฎร์อุทิศ52-54,ราษฎร์อุทิศ,8,07:00-09:00,1,0,0
ปากชอยราษฎร์อุทิศ52-54,ราษฎร์อุทิศ,8,09:00-16:00,1,0,0
ปากชอยราษฎร์อุทิศ52-54,ราษฎร์อุทิศ,8,16:00-19:00,1,0,0
ปากซอยกรุงธนบุรี5,กรุงธนบุรี,1,07:00-09:00,1,0,0
ปากซอยกรุงธนบุรี5,กรุงธนบุรี,1,09:00-16:00,1,0,0
ปากซอยกรุงธนบุรี5,กรุงธนบุรี,1,16:00-19:00,1,0,0
ปากซอยกรุงธนบุรี5,กรุงธนบุรี,12,07:00-09:00,1,0,0
ปากซอยกรุงธนบุรี5,กรุงธนบุรี,12,09:00-16:00,1,0,0
ปากซอยกรุงธนบุรี5,กรุงธนบุรี,12,16:00-19:00,1,0,0
ปากซอยกรุงเทพ-นนทบุรี20,กรุงเทพ-นนทบุรี,10,07:00-09:00,0,0,1
ปากซอยกรุงเทพ-นนทบุรี20,กรุงเทพ-นนทบุรี,10,09:00-17:00,0,0,1
ปากซอยกรุงเทพ-นนทบุรี20,กรุงเทพ-นนทบุรี,10,17:00-19:00,0,0,1
ปากซอยกรุงเทพกรีฑา7,กรุงเทพกรีฑา,4,07:00-09:00,1,0,0
ปากซอยกรุงเทพกรีฑา7,กรุงเทพกรีฑา,4,09:00-16:00,1,0,0
ปากซอยกรุงเทพกรีฑา7,กรุงเทพกรีฑา,4,16:00-19:00,1,0,0
ปากซอยกรุงเทพกรีฑา7,กรุงเทพกรีฑา(EB),6,07:00-09:00,0,0,1
ปากซอยกรุงเทพกรีฑา7,กรุงเทพกรีฑา(EB),6,09:00-16:00,0,0,1
ปากซอยกรุงเทพกรีฑา7,กรุงเทพกรีฑา(EB),6,16:00-19:00,0,0,1
ปากซอยกรุงเทพกรีฑา7,กรุงเทพกรีฑา(NB),6,07:00-09:00,0,0,1
ปากซอยกรุงเทพกรีฑา7,กรุงเทพกรีฑา(NB),6,09:00-16:00,0,0,1
ปากซอยกรุงเทพกรีฑา7,กรุงเทพกรีฑา(NB),6,16:00-19:00,0,0,1
ปากซอยกรุงเทพกรีฑา7,กรุงเทพกรีฑา7,6,07:00-09:00,0,0,1
ปากซอยกรุงเทพกรีฑา7,กรุงเทพกรีฑา7,6,09:00-16:00,0,0,1
ปากซอยกรุงเทพกรีฑา7,กรุงเทพกรีฑา7,6,16:00-19:00,0,0,1
ปากซอยกรุงเทพกรีฑา7,ซอยกรุงเทพกรีฑา7,4,07:00-09:00,1,0,0
ปากซอยกรุงเทพกรีฑา7,ซอยกรุงเทพกรีฑา7,4,09:00-16:00,1,0,0
ปากซอยกรุงเทพกรีฑา7,ซอยกรุงเทพกรีฑา7,4,16:00-19:00,1,0,0
ปากซอยกรุงเทพกรีฑา7,ศรีนครินทร์-ร่มเกล้า,4,07:00-09:00,1,0,0
ปากซอยกรุงเทพกรีฑา7,ศรีนครินทร์-ร่มเกล้า,4,09:00-16:00,1,0,0
ปากซอยกรุงเทพกรีฑา7,ศรีนครินทร์-ร่มเกล้า,4,16:00-19:00,1,0,0
ปากซอยกรุงเทพกรีฑา7,ศรีนครินทร์-ร่มเกล้า,6,07:00-09:00,0,0,1
ปากซอยกรุงเทพกรีฑา7,ศรีนครินทร์-ร่มเกล้า,6,09:00-16:00,0,0,1
ปากซอยกรุงเทพกรีฑา7,ศรีนครินทร์-ร่มเกล้า,6,16:00-19:00,0,0,1
ปากซอยกาญจนาภิเษก10,กาญจนาภิเษก,10,07:00-09:00,0,0,1
ปากซอยกาญจนาภิเษก10,กาญจนาภิเษก,10,09:00-16:00,0,0,1
ปากซอยกาญจนาภิเษก10,กาญจนาภิเษก,10,16:00-19:00,0,0,1
ปากซอยกาญจนาภิเษก10,กาญจนาภิเษก10,10,07:00-09:00,0,0,1
ปากซอยกาญจนาภิเษก10,กาญจนาภิเษก10,10,09:00-16:00,0,0,1
ปากซอยกาญจนาภิเษก10,กาญจนาภิเษก10,10,16:00-19:00,0,0,1
ปากซอยกาญจนาภิเษก8,กาญจนาภิเษก,10,07:00-09:00,0,0,1
ปากซอยกาญจนาภิเษก8,กาญจนาภิเษก,10,09:00-16:00,0,0,1
ปากซอยกาญจนาภิเษก8,กาญจนาภิเษก,10,16:00-19:00,0,0,1
ปากซอยกาญจนาภิเษก8,กาญจนาภิเษก8,10,07:00-09:00,0,0,1
ปากซอยกาญจนาภิเษก8,กาญจนาภิเษก8,10,09:00-16:00,0,0,1
ปากซอยกาญจนาภิเษก8,กาญจนาภิเษก8,10,16:00-19:00,0,0,1
ปากซอยขุมทรัพย์นคร16/5,พุทธมณฑลสาย3,2,07:00-09:00,0,1,0
ปากซอยขุมทรัพย์นคร16/5,พุทธมณฑลสาย3,2,09:00-16:00,0,1,0
ปากซอยขุมทรัพย์นคร16/5,พุทธมณฑลสาย3,2,16:00-19:00,0,1,0
ปากซอยคริสจักร,จรัญสนิทวงศ์,8,07:00-09:00,0,0,1
ปากซอยคริสจักร,จรัญสนิทวงศ์,8,09:00-17:00,0,0,1
ปากซอยคริสจักร,จรัญสนิทวงศ์,8,17:00-19:00,0,0,1
ปากซอยคุ้มเกล้า3,คุ้มเกล้า,12,07:00-09:00,0,0,1
ปากซอยคุ้มเกล้า3,คุ้มเกล้า,12,09:00-17:00,0,0,1
ปากซอยคุ้มเกล้า3,คุ้มเกล้า,12,17:00-19:00,0,0,1
ปากซอยคู้บอน27,คู้บอน,5,07:00-09:00,0,0,1
ปากซอยคู้บอน27,คู้บอน,5,09:00-17:00,0,0,1
ปากซอยคู้บอน27,คู้บอน,5,17:00-19:00,0,0,1
ปากซอยคู้บอน27,คู้บอน27,5,07:00-09:00,0,0,1
ปากซอยคู้บอน27,คู้บอน27,5,09:00-17:00,0,0,1
ปากซอยคู้บอน27,คู้บอน27,5,17:00-19:00,0,0,1
ปากซอยคู้บอน44,คู้บอน,7,07:00-09:00,0,0,2
ปากซอยคู้บอน44,คู้บอน,7,09:00-17:00,0,0,2
ปากซอยคู้บอน44,คู้บอน,7,17:00-19:00,0,0,2
ปากซอยจรัญสนิทวงศ์1,จรัญสนิทวงศ์,6,07:00-09:00,0,0,1
ปากซอยจรัญสนิทวงศ์1,จรัญสนิทวงศ์,6,09:00-17:00,0,0,1
ปากซอยจรัญสนิทวงศ์1,จรัญสนิทวงศ์,6,17:00-19:00,0,0,1
ปากซอยจรัญสนิทวงศ์1,จรัญสนิทวงศ์1,6,07:00-09:00,0,0,1
ปากซอยจรัญสนิทวงศ์1,จรัญสนิทวงศ์1,6,09:00-17:00,0,0,1
ปากซอยจรัญสนิทวงศ์1,จรัญสนิทวงศ์1,6,17:00-19:00,0,0,1
ปากซอยจรัญสนิทวงศ์26,จรัญสนิทวงศ์,9,07:00-09:00,0,0,1
ปากซอยจรัญสนิทวงศ์26,จรัญสนิทวงศ์,9,09:00-16:00,0,0,1
ปากซอยจรัญสนิทวงศ์26,จรัญสนิทวงศ์,9,16:00-19:00,0,0,1
ปากซอยจรัญสนิทวงศ์26,จรัญสนิทวงศ์26,9,07:00-09:00,0,0,1
ปากซอยจรัญสนิทวงศ์26,จรัญสนิทวงศ์26,9,09:00-16:00,0,0,1
ปากซอยจรัญสนิทวงศ์26,จรัญสนิทวงศ์26,9,16:00-19:00,0,0,1
ปากซอยจรัญสนิทวงศ์29,จรัญสนิทวงศ์,10,07:00-09:00,0,0,1
ปากซอยจรัญสนิทวงศ์29,จรัญสนิทวงศ์,10,09:00-17:00,0,0,1
ปากซอยจรัญสนิทวงศ์29,จรัญสนิทวงศ์,10,17:00-19:00,0,0,1
ปากซอยจรัญสนิทวงศ์30,จรัญสนิทวงศ์,9,07:00-09:00,0,0,1
ปากซอยจรัญสนิทวงศ์30,จรัญสนิทวงศ์,9,09:00-16:00,0,0,1
ปากซอยจรัญสนิทวงศ์30,จรัญสนิทวงศ์,9,16:00-19:00,0,0,1
ปากซอยจรัญสนิทวงศ์30,จรัญสนิทวงศ์30,9,07:00-09:00,0,0,1
ปากซอยจรัญสนิทวงศ์30,จรัญสนิทวงศ์30,9,09:00-16:00,0,0,1
ปากซอยจรัญสนิทวงศ์30,จรัญสนิทวงศ์30,9,16:00-19:00,0,0,1
ปากซอยจรัญสนิทวงศ์43,จรัญสนิทวงศ์,8,07:00-09:00,0,1,0
ปากซอยจรัญสนิทวงศ์43,จรัญสนิทวงศ์,8,09:00-16:00,0,1,0
ปากซอยจรัญสนิทวงศ์43,จรัญสนิทวงศ์,8,16:00-19:00,0,1,0
ปากซอยจันทน์51,จันทน์,5,07:00-09:00,0,0,1
ปากซอยจันทน์51,จันทน์,5,09:00-17:00,0,0,1
ปากซอยจันทน์51,จันทน์,5,17:00-19:00,0,0,1
ปากซอยจันทน์51,จันทน์51,5,07:00-09:00,0,0,1
ปากซอยจันทน์51,จันทน์51,5,09:00-17:00,0,0,1
ปากซอยจันทน์51,จันทน์51,5,17:00-19:00,0,0,1
ปากซอยจุฬาลงกรณ์12,บรรทัดทอง,8,07:00-09:00,0,1,0
ปากซอยจุฬาลงกรณ์12,บรรทัดทอง,8,09:00-16:00,0,1,0
ปากซอยจุฬาลงกรณ์12,บรรทัดทอง,8,16:00-19:00,0,1,0
ปากซอยจุฬาลงกรณ์26,บรรทัดทอง,7,07:00-09:00,0,1,0
ปากซอยจุฬาลงกรณ์26,บรรทัดทอง,7,09:00-16:00,0,1,0
ปากซอยจุฬาลงกรณ์26,บรรทัดทอง,7,16:00-19:00,0,1,0
ปากซอยจุฬาลงกรณ์26,บรรทัดทอง,8,07:00-09:00,0,1,0
ปากซอยจุฬาลงกรณ์26,บรรทัดทอง,8,09:00-16:00,0,1,0
ปากซอยจุฬาลงกรณ์26,บรรทัดทอง,8,16:00-19:00,0,1,0
ปากซอยจุฬาฯ15,พระรามที่4,9,07:00-09:00,0,0,1
ปากซอยจุฬาฯ15,พระรามที่4,9,09:00-17:00,0,0,1
ปากซอยจุฬาฯ15,พระรามที่4,9,17:00-19:00,0,0,1
ปากซอยฉลองกรุง23-24,ฉลองกรุง,2,07:00-09:00,0,1,0
ปากซอยฉลองกรุง23-24,ฉลองกรุง,2,09:00-16:00,0,1,0
ปากซอยฉลองกรุง23-24,ฉลองกรุง,2,16:00-19:00,0,1,0
ปากซอยฉลองกรุง61,ฉลองกรุง,7,07:00-09:00,0,0,1
ปากซอยฉลองกรุง61,ฉลองกรุง,7,09:00-17:00,0,0,1
ปากซอยฉลองกรุง61,ฉลองกรุง,7,17:00-19:00,0,0,1
ปากซอยฉิมพลี34,ฉิมพลี,4,07:00-09:00,0,0,1
ปากซอยฉิมพลี34,ฉิมพลี,4,09:00-17:00,0,0,1
ปากซอยฉิมพลี34,ฉิมพลี,4,17:00-19:00,0,0,1
ปากซอยตากสิน34,ซอยตากสิน34,2,07:00-09:00,1,0,0
ปากซอยตากสิน34,ซอยตากสิน34,2,09:00-16:00,1,0,0
ปากซอยตากสิน34,ซอยตากสิน34,2,16:00-19:00,1,0,0
ปากซอยตากสิน34,สมเด็จพระเจ้าตากสิน,2,07:00-09:00,1,0,0
ปากซอยตากสิน34,สมเด็จพระเจ้าตากสิน,2,09:00-16:00,1,0,0
ปากซอยตากสิน34,สมเด็จพระเจ้าตากสิน,2,16:00-19:00,1,0,0
ปากซอยทรัพย์วัฒนะ,เลียบคลองประปา,8,06:30-09:00,1,0,0
ปากซอยทรัพย์วัฒนะ,เลียบคลองประปา,8,09:00-16:00,1,0,0
ปากซอยทรัพย์วัฒนะ,เลียบคลองประปา,8,16:00-19:30,1,0,0
ปากซอยทวีวัฒนา1,ทวีวัฒนา,2,07:00-09:00,0,0,1
ปากซอยทวีวัฒนา1,ทวีวัฒนา,2,09:00-17:00,0,0,1
ปากซอยทวีวัฒนา1,ทวีวัฒนา,2,17:00-19:00,0,0,1
ปากซอยทวีวัฒนา24,ทวีวัฒนา,11,07:00-09:00,0,0,1
ปากซอยทวีวัฒนา24,ทวีวัฒนา,11,09:00-17:00,0,0,1
ปากซอยทวีวัฒนา24,ทวีวัฒนา,11,17:00-19:00,0,0,1
ปากซอยทองหล่อ20,ทองหล่อ,1,07:00-09:00,0,0,1
ปากซอยทองหล่อ20,ทองหล่อ,1,09:00-17:00,0,0,1
ปากซอยทองหล่อ20,ทองหล่อ,1,17:00-19:00,0,0,1
ปากซอยทองหล่อ20,ทองหล่อ20,1,07:00-09:00,0,0,1
ปากซอยทองหล่อ20,ทองหล่อ20,1,09:00-17:00,0,0,1
ปากซอยทองหล่อ20,ทองหล่อ20,1,17:00-19:00,0,0,1
ปากซอยทองหล่อ3,ทองหล่อ,11,07:00-09:00,0,0,1
ปากซอยทองหล่อ3,ทองหล่อ,11,09:00-17:00,0,0,1
ปากซอยทองหล่อ3,ทองหล่อ,11,17:00-19:00,0,0,1
ปากซอยทองหล่อ5,ทองหล่อ,3,07:00-09:00,0,0,1
ปากซอยทองหล่อ5,ทองหล่อ,3,09:00-17:00,0,0,1
ปากซอยทองหล่อ5,ทองหล่อ,3,17:00-19:00,0,0,1
ปากซอยนครสวรรค์3,นครสวรรค์,9,07:00-09:00,0,0,1
ปากซอยนครสวรรค์3,นครสวรรค์,9,09:00-17:00,0,0,1
ปากซอยนครสวรรค์3,นครสวรรค์,9,17:00-19:00,0,0,1
ปากซอยนราธิวาส10,ซอยนราธิวาสราชนครินทร์10,9,07:00-09:00,0,0,1
ปากซอยนราธิวาส10,ซอยนราธิวาสราชนครินทร์10,9,09:00-16:00,0,0,1
ปากซอยนราธิวาส10,ซอยนราธิวาสราชนครินทร์10,9,16:00-19:00,0,0,1
ปากซอยนราธิวาส28,นราธิวาสราชนครินทร์,10,07:00-09:00,0,0,1
ปากซอยนราธิวาส28,นราธิวาสราชนครินทร์,10,09:00-17:00,0,0,1
ปากซอยนราธิวาส28,นราธิวาสราชนครินทร์,10,17:00-19:00,0,0,1
ปากซอยนราธิวาส8,ซอยนราธิวาสราชนครินทร์8,9,07:00-09:00,0,0,1
ปากซอยนราธิวาส8,ซอยนราธิวาสราชนครินทร์8,9,09:00-16:00,0,0,1
ปากซอยนราธิวาส8,ซอยนราธิวาสราชนครินทร์8,9,16:00-19:00,0,0,1
ปากซอยนามบัญญัติ,ประชาธิปไตย,8,07:00-09:00,0,1,0
ปากซอยนามบัญญัติ,ประชาธิปไตย,8,09:00-16:00,0,1,0
ปากซอยนามบัญญัติ,ประชาธิปไตย,8,16:00-19:00,0,1,0
ปากซอยนามบัญญัติ,ประชาธิปไตย,9,07:00-09:00,0,1,0
ปากซอยนามบัญญัติ,ประชาธิปไตย,9,09:00-16:00,0,1,0
ปากซอยนามบัญญัติ,ประชาธิปไตย,9,16:00-19:00,0,1,0
ปากซอยนิมิตใหม่29/5,นิมิตใหม่,3,07:00-09:00,0,0,1
ปากซอยนิมิตใหม่29/5,นิมิตใหม่,3,09:00-17:00,0,0,1
ปากซอยนิมิตใหม่29/5,นิมิตใหม่,3,17:00-19:00,0,0,1
ปากซอยนิมิตใหม่40,นิมิตใหม่,7,07:00-09:00,0,0,1
ปากซอยนิมิตใหม่40,นิมิตใหม่,7,09:00-17:00,0,0,1
ปากซอยนิมิตใหม่40,นิมิตใหม่,7,17:00-19:00,0,0,1
ปากซอยนิมิตใหม่9,นิมิตใหม่,1,07:00-09:00,0,0,1
ปากซอยนิมิตใหม่9,นิมิตใหม่,1,09:00-17:00,0,0,1
ปากซอยนิมิตใหม่9,นิมิตใหม่,1,17:00-19:00,0,0,1
ปากซอยบางกระดิ35/1,บางกระดี่,1,07:00-09:00,1,0,0
ปากซอยบางกระดิ35/1,บางกระดี่,1,09:00-16:00,1,0,0
ปากซอยบางกระดิ35/1,บางกระดี่,1,16:00-19:00,1,0,0
ปากซอยบางกระดี32,บางกระดี่,1,07:00-09:00,1,0,0
ปากซอยบางกระดี32,บางกระดี่,1,09:00-16:00,1,0,0
ปากซอยบางกระดี32,บางกระดี่,1,16:00-19:00,1,0,0
ปากซอยบางกระดี่1,บางกระดี่,1,07:00-09:00,1,0,0
ปากซอยบางกระดี่1,บางกระดี่,1,09:00-16:00,1,0,0
ปากซอยบางกระดี่1,บางกระดี่,1,16:00-19:00,1,0,0
ปากซอยบางกระดี่16,บางกระดี่,1,07:00-09:00,1,0,0
ปากซอยบางกระดี่16,บางกระดี่,1,09:00-16:00,1,0,0
ปากซอยบางกระดี่16,บางกระดี่,1,16:00-19:00,1,0,0
ปากซอยบางนาตราด30,บางนาตราด,5,07:00-09:00,0,0,1
ปากซอยบางนาตราด30,บางนาตราด,5,09:00-17:00,0,0,1
ปากซอยบางนาตราด30,บางนาตราด,5,17:00-19:00,0,0,1
ปากซอยบางนาตราด30,บางนาตราด30,5,07:00-09:00,0,0,1
ปากซอยบางนาตราด30,บางนาตราด30,5,09:00-17:00,0,0,1
ปากซอยบางนาตราด30,บางนาตราด30,5,17:00-19:00,0,0,1
ปากซอยบางนาตราด4,บางนาตราด,5,07:00-09:00,0,0,1
ปากซอยบางนาตราด4,บางนาตราด,5,09:00-17:00,0,0,1
ปากซอยบางนาตราด4,บางนาตราด,5,17:00-19:00,0,0,1
ปากซอยบางนาตราด4,บางนาตราด4,5,07:00-09:00,0,0,1
ปากซอยบางนาตราด4,บางนาตราด4,5,09:00-17:00,0,0,1
ปากซอยบางนาตราด4,บางนาตราด4,5,17:00-19:00,0,0,1
ปากซอยบางพรม11,พรานนก-พุทธมณฑลสาย4,4,07:00-09:00,0,1,0
ปากซอยบางพรม11,พรานนก-พุทธมณฑลสาย4,4,09:00-16:00,0,1,0
ปากซอยบางพรม11,พรานนก-พุทธมณฑลสาย4,4,16:00-19:00,0,1,0
ปากซอยบุญอยู่,ดินแดง,1,07:00-09:00,0,1,0
ปากซอยบุญอยู่,ดินแดง,1,09:00-16:00,0,1,0
ปากซอยบุญอยู่,ดินแดง,1,16:00-19:00,0,1,0
ปากซอยประชาชื่น29,ประชาชื่น,10,07:00-09:00,0,0,1
ปากซอยประชาชื่น29,ประชาชื่น,10,09:00-17:00,0,0,1
ปากซอยประชาชื่น29,ประชาชื่น,10,17:00-19:00,0,0,1
ปากซอยประชาชื่น37,ประชาชื่น,2,07:00-09:00,0,0,1
ปากซอยประชาชื่น37,ประชาชื่น,2,09:00-17:00,0,0,1
ปากซอยประชาชื่น37,ประชาชื่น,2,17:00-19:00,0,0,1
ปากซอยประชาชื่น37,ประชาชื่น,10,07:00-09:00,0,0,1
ปากซอยประชาชื่น37,ประชาชื่น,10,09:00-17:00,0,0,1
ปากซอยประชาชื่น37,ประชาชื่น,10,17:00-19:00,0,0,1
ปากซอยประชาชื่น37,ประชาชื่น37,2,07:00-09:00,0,0,1
ปากซอยประชาชื่น37,ประชาชื่น37,2,09:00-17:00,0,0,1
ปากซอยประชาชื่น37,ประชาชื่น37,2,17:00-19:00,0,0,1
ปากซอยประชาราษฎร์บำเพ็ญ6,ประชาราษฎร์บำเพ็ญ,9,07:00-09:00,0,0,1
ปากซอยประชาราษฎร์บำเพ็ญ6,ประชาราษฎร์บำเพ็ญ,9,09:00-17:00,0,0,1
ปากซอยประชาราษฎร์บำเพ็ญ6,ประชาราษฎร์บำเพ็ญ,9,17:00-19:00,0,0,1
ปากซอยประชาราษฎร์สาย1ซอย10,ประชาราษฎร์สาย1,5,07:00-09:00,0,0,1
ปากซอยประชาราษฎร์สาย1ซอย10,ประชาราษฎร์สาย1,5,09:00-17:00,0,0,1
ปากซอยประชาราษฎร์สาย1ซอย10,ประชาราษฎร์สาย1,5,17:00-19:00,0,0,1
ปากซอยประชาราษฎร์สาย1ซอย36,ประชาราษฎร์สาย1,4,07:00-09:00,0,0,1
ปากซอยประชาราษฎร์สาย1ซอย36,ประชาราษฎร์สาย1,4,09:00-17:00,0,0,1
ปากซอยประชาราษฎร์สาย1ซอย36,ประชาราษฎร์สาย1,4,17:00-19:00,0,0,1
ปากซอยประชาราษฎร์สาย1ซอย36,ประชาราษฎร์สาย1ซอย36,4,07:00-09:00,0,0,1
ปากซอยประชาราษฎร์สาย1ซอย36,ประชาราษฎร์สาย1ซอย36,4,09:00-17:00,0,0,1
ปากซอยประชาราษฎร์สาย1ซอย36,ประชาราษฎร์สาย1ซอย36,4,17:00-19:00,0,0,1
ปากซอยประชาร่วมใจ31,ประชาร่วมใจ,11,07:00-09:00,0,0,1
ปากซอยประชาร่วมใจ31,ประชาร่วมใจ,11,09:00-16:00,0,0,1
ปากซอยประชาร่วมใจ31,ประชาร่วมใจ,11,16:00-19:00,0,0,1
ปากซอยประชาร่วมใจ31,ประชาร่วมใจ31,11,07:00-09:00,0,0,1
ปากซอยประชาร่วมใจ31,ประชาร่วมใจ31,11,09:00-16:00,0,0,1
ปากซอยประชาร่วมใจ31,ประชาร่วมใจ31,11,16:00-19:00,0,0,1
ปากซอยประชาร่วมใจ35,ประชาร่วมใจ,8,06:30-09:00,1,0,0
ปากซอยประชาร่วมใจ35,ประชาร่วมใจ,8,09:00-16:00,1,0,0
ปากซอยประชาร่วมใจ35,ประชาร่วมใจ,8,16:00-19:30,1,0,0
ปากซอยประชาอุทิศ113,ประชาอุทิศ,3,07:00-09:00,0,0,1
ปากซอยประชาอุทิศ113,ประชาอุทิศ,3,09:00-17:00,0,0,1
ปากซอยประชาอุทิศ113,ประชาอุทิศ,3,17:00-19:00,0,0,1
ปากซอยประชาอุทิศ27,ประชาอุทิศ,4,07:00-09:00,0,0,1
ปากซอยประชาอุทิศ27,ประชาอุทิศ,4,09:00-17:00,0,0,1
ปากซอยประชาอุทิศ27,ประชาอุทิศ,4,17:00-19:00,0,0,1
ปากซอยประชาอุทิศ54,ประชาอุทิศ,12,07:00-09:00,0,0,1
ปากซอยประชาอุทิศ54,ประชาอุทิศ,12,09:00-17:00,0,0,1
ปากซอยประชาอุทิศ54,ประชาอุทิศ,12,17:00-19:00,0,0,1
ปากซอยประชาอุทิศ58/2,ประชาอุทิศ,4,07:00-09:00,0,0,1
ปากซอยประชาอุทิศ58/2,ประชาอุทิศ,4,09:00-17:00,0,0,1
ปากซอยประชาอุทิศ58/2,ประชาอุทิศ,4,17:00-19:00,0,0,1
ปากซอยประดิษฐ์มนูธรรม15,ประดิษฐ์มนูธรรม,10,07:00-09:00,0,0,1
ปากซอยประดิษฐ์มนูธรรม15,ประดิษฐ์มนูธรรม,10,09:00-17:00,0,0,1
ปากซอยประดิษฐ์มนูธรรม15,ประดิษฐ์มนูธรรม,10,17:00-19:00,0,0,1
ปากซอยประดิษฐ์มนูธรรม29,ประดิษฐ์มนูธรรม,5,07:00-09:00,0,0,1
ปากซอยประดิษฐ์มนูธรรม29,ประดิษฐ์มนูธรรม,5,09:00-17:00,0,0,1
ปากซอยประดิษฐ์มนูธรรม29,ประดิษฐ์มนูธรรม,5,17:00-19:00,0,0,1
ปากซอยประดิษฐ์มนูธรรม29,ประดิษฐ์มนูธรรม29,5,07:00-09:00,0,0,1
ปากซอยประดิษฐ์มนูธรรม29,ประดิษฐ์มนูธรรม29,5,09:00-17:00,0,0,1
ปากซอยประดิษฐ์มนูธรรม29,ประดิษฐ์มนูธรรม29,5,17:00-19:00,0,0,1
ปากซอยปรีดีพนมยงค์7,ปรีดีพนมยงค์,6,07:00-09:00,1,0,0
ปากซอยปรีดีพนมยงค์7,ปรีดีพนมยงค์,6,09:00-16:00,1,0,0
ปากซอยปรีดีพนมยงค์7,ปรีดีพนมยงค์,6,16:00-19:00,1,0,0
ปากซอยพระยาสุเรนทร์26-28,พระยาสุเรนทร์,1,07:00-09:00,0,1,0
ปากซอยพระยาสุเรนทร์26-28,พระยาสุเรนทร์,1,09:00-16:00,0,1,0
ปากซอยพระยาสุเรนทร์26-28,พระยาสุเรนทร์,1,16:00-19:00,0,1,0
ปากซอยพระยาสุเรนทร์28,พระยาสุเรนทร์,7,07:00-09:00,0,0,1
ปากซอยพระยาสุเรนทร์28,พระยาสุเรนทร์,7,09:00-17:00,0,0,1
ปากซอยพระยาสุเรนทร์28,พระยาสุเรนทร์,7,17:00-19:00,0,0,1
ปากซอยพระรามที่6ซอย15,พระรามที่6,1,07:00-09:00,0,0,1
ปากซอยพระรามที่6ซอย15,พระรามที่6,1,09:00-17:00,0,0,1
ปากซอยพระรามที่6ซอย15,พระรามที่6,1,17:00-19:00,0,0,1
ปากซอยพหลโยธิน69/7,พหลโยธิน,12,07:00-09:00,0,1,0
ปากซอยพหลโยธิน69/7,พหลโยธิน,12,09:00-16:00,0,1,0
ปากซอยพหลโยธิน69/7,พหลโยธิน,12,16:00-19:00,0,1,0
ปากซอยพัฒนาการ4,พัฒนาการ,3,07:00-09:00,0,0,1
ปากซอยพัฒนาการ4,พัฒนาการ,3,09:00-17:00,0,0,1
ปากซอยพัฒนาการ4,พัฒนาการ,3,17:00-19:00,0,0,1
ปากซอยพัฒนาการ51,พัฒนาการ,11,07:00-09:00,1,0,0
ปากซอยพัฒนาการ51,พัฒนาการ,11,09:00-16:00,1,0,0
ปากซอยพัฒนาการ51,พัฒนาการ,11,16:00-19:00,1,0,0
ปากซอยพัฒนาการ53,ซอยพัฒนาการ53,3,07:00-09:00,0,1,0
ปากซอยพัฒนาการ53,ซอยพัฒนาการ53,3,09:00-16:00,0,1,0
ปากซอยพัฒนาการ53,ซอยพัฒนาการ53,3,16:00-19:00,0,1,0
ปากซอยพัฒนาการ53,พัฒนาการ,3,07:00-09:00,0,1,0
ปากซอยพัฒนาการ53,พัฒนาการ,3,09:00-16:00,0,1,0
ปากซอยพัฒนาการ53,พัฒนาการ,3,16:00-19:00,0,1,0
ปากซอยพัฒนาการ58,ซอยพัฒนาการ58,3,07:00-09:00,0,1,0
ปากซอยพัฒนาการ58,ซอยพัฒนาการ58,3,09:00-16:00,0,1,0
ปากซอยพัฒนาการ58,ซอยพัฒนาการ58,3,16:00-19:00,0,1,0
ปากซอยพัฒนาการ58,พัฒนาการ,3,07:00-09:00,0,1,0
ปากซอยพัฒนาการ58,พัฒนาการ,3,09:00-16:00,0,1,0
ปากซอยพัฒนาการ58,พัฒนาการ,3,16:00-19:00,0,1,0
ปากซอยพัฒนาการ92,พัฒนาการ,3,07:00-09:00,0,0,1
ปากซอยพัฒนาการ92,พัฒนาการ,3,09:00-17:00,0,0,1
ปากซอยพัฒนาการ92,พัฒนาการ,3,17:00-19:00,0,0,1
ปากซอยพุทธบูชา36,ซอยพุทธบูชา36,3,07:00-09:00,0,1,0
ปากซอยพุทธบูชา36,ซอยพุทธบูชา36,3,09:00-16:00,0,1,0
ปากซอยพุทธบูชา36,ซอยพุทธบูชา36,3,16:00-19:00,0,1,0
ปากซอยฟักสังข์พัฒนา,เลียบคลองประปา,8,06:30-09:00,1,0,0
ปากซอยฟักสังข์พัฒนา,เลียบคลองประปา,8,09:00-16:00,1,0,0
ปากซอยฟักสังข์พัฒนา,เลียบคลองประปา,8,16:00-19:30,1,0,0
ปากซอยภูมิจิตร,พระรามที่4,3,07:00-09:00,0,1,0
ปากซอยภูมิจิตร,พระรามที่4,3,09:00-16:00,0,1,0
ปากซอยภูมิจิตร,พระรามที่4,3,16:00-19:00,0,1,0
ปากซอยรัชดา43,รัชดาภิเษก,11,07:00-09:00,0,0,1
ปากซอยรัชดา43,รัชดาภิเษก,11,09:00-17:00,0,0,1
ปากซอยรัชดา43,รัชดาภิเษก,11,17:00-19:00,0,0,1
ปากซอยรัชดา66,รัชดาภิเษก,11,07:00-09:00,0,0,1
ปากซอยรัชดา66,รัชดาภิเษก,11,09:00-17:00,0,0,1
ปากซอยรัชดา66,รัชดาภิเษก,11,17:00-19:00,0,0,1
ปากซอยรัชดา66,รัชดาภิเษก66,11,07:00-09:00,0,0,1
ปากซอยรัชดา66,รัชดาภิเษก66,11,09:00-17:00,0,0,1
ปากซอยรัชดา66,รัชดาภิเษก66,11,17:00-19:00,0,0,1
ปากซอยรางน้ำ,พญาไท,1,07:00-09:00,0,1,0
ปากซอยรางน้ำ,พญาไท,1,09:00-16:00,0,1,0
ปากซอยรางน้ำ,พญาไท,1,16:00-19:00,0,1,0
ปากซอยรางน้ำ,พญาไท,6,07:00-09:00,0,2,0
ปากซอยรางน้ำ,พญาไท,6,09:00-16:00,0,2,0
ปากซอยรางน้ำ,พญาไท,6,16:00-19:00,0,2,0
ปากซอยรามคำแหง195,รามคำแหง,1,07:00-09:00,1,0,0
ปากซอยรามคำแหง195,รามคำแหง,1,09:00-16:00,1,0,0
ปากซอยรามคำแหง195,รามคำแหง,1,16:00-19:00,1,0,0
ปากซอยรามคำแหง23,รามคำแหง,8,07:00-09:00,0,0,1
ปากซอยรามคำแหง23,รามคำแหง,8,09:00-17:00,0,0,1
ปากซอยรามคำแหง23,รามคำแหง,8,17:00-19:00,0,0,1
ปากซอยรามคำแหง3,รามคำแหง,5,07:00-09:00,0,0,1
ปากซอยรามคำแหง3,รามคำแหง,5,09:00-17:00,0,0,1
ปากซอยรามคำแหง3,รามคำแหง,5,17:00-19:00,0,0,1
ปากซอยรามค่าแหง189,รามคำแหง,8,06:30-09:00,1,0,0
ปากซอยรามค่าแหง189,รามคำแหง,8,09:00-16:00,1,0,0
ปากซอยรามค่าแหง189,รามคำแหง,8,16:00-19:30,1,0,0
ปากซอยรามอินทรา127,รามอินทรา,5,07:00-09:00,1,0,0
ปากซอยรามอินทรา127,รามอินทรา,5,09:00-16:00,1,0,0
ปากซอยรามอินทรา127,รามอินทรา,5,16:00-19:00,1,0,0
ปากซอยราษฎร์บูรณะ41,ราษฎร์บูรณะ,2,07:00-09:00,0,0,1
ปากซอยราษฎร์บูรณะ41,ราษฎร์บูรณะ,2,09:00-17:00,0,0,1
ปากซอยราษฎร์บูรณะ41,ราษฎร์บูรณะ,2,17:00-19:00,0,0,1
ปากซอยราษฎร์พัฒนา,ราษฎร์อุทิศ,1,07:00-09:00,0,0,1
ปากซอยราษฎร์พัฒนา,ราษฎร์อุทิศ,1,09:00-17:00,0,0,1
ปากซอยราษฎร์พัฒนา,ราษฎร์อุทิศ,1,17:00-19:00,0,0,1
ปากซอยราษฎร์อุทิศ27/5,ราษฎร์อุทิศ,11,07:00-09:00,0,0,1
ปากซอยราษฎร์อุทิศ27/5,ราษฎร์อุทิศ,11,09:00-17:00,0,0,1
ปากซอยราษฎร์อุทิศ27/5,ราษฎร์อุทิศ,11,17:00-19:00,0,0,1
ปากซอยราษฎร์อุทิศ27/6,ราษฎร์อุทิศ,4,07:00-09:00,0,0,1
ปากซอยราษฎร์อุทิศ27/6,ราษฎร์อุทิศ,4,09:00-17:00,0,0,1
ปากซอยราษฎร์อุทิศ27/6,ราษฎร์อุทิศ,4,17:00-19:00,0,0,1
ปากซอยลาดกระบัง1,ซอยลาดกระบัง1,7,07:00-09:00,1,0,0
ปากซอยลาดกระบัง1,ซอยลาดกระบัง1,7,09:00-16:00,1,0,0
ปากซอยลาดกระบัง1,ซอยลาดกระบัง1,7,16:00-19:00,1,0,0
ปากซอยลาดกระบัง1,ลาดกระบัง,7,07:00-09:00,1,0,0
ปากซอยลาดกระบัง1,ลาดกระบัง,7,09:00-16:00,1,0,0
ปากซอยลาดกระบัง1,ลาดกระบัง,7,16:00-19:00,1,0,0
ปากซอยลาดกระบัง11,ลาดกระบัง,3,07:00-09:00,0,1,0
ปากซอยลาดกระบัง11,ลาดกระบัง,3,09:00-16:00,0,1,0
ปากซอยลาดกระบัง11,ลาดกระบัง,3,16:00-19:00,0,1,0
ปากซอยลาดกระบัง3/2,ซอยลาดกระบัง3/2,11,07:00-09:00,1,0,0
ปากซอยลาดกระบัง3/2,ซอยลาดกระบัง3/2,11,09:00-16:00,1,0,0
ปากซอยลาดกระบัง3/2,ซอยลาดกระบัง3/2,11,16:00-19:00,1,0,0
ปากซอยลาดกระบัง3/2,ลาดกระบัง,11,06:30-09:00,1,0,0
ปากซอยลาดกระบัง3/2,ลาดกระบัง,11,09:00-16:00,1,0,0
ปากซอยลาดกระบัง3/2,ลาดกระบัง,11,16:00-19:30,1,0,0
ปากซอยลาดกระบังซอย7,ซอยลาดกระบัง7,3,07:00-09:00,1,0,0
ปากซอยลาดกระบังซอย7,ซอยลาดกระบัง7,3,09:00-16:00,1,0,0
ปากซอยลาดกระบังซอย7,ซอยลาดกระบัง7,3,16:00-19:00,1,0,0
ปากซอยลาดกระบังซอย7,ลาดกระบัง,3,07:00-09:00,1,0,0
ปากซอยลาดกระบังซอย7,ลาดกระบัง,3,09:00-16:00,1,0,0
ปากซอยลาดกระบังซอย7,ลาดกระบัง,3,16:00-19:00,1,0,0
ปากซอยลาดพร้าว101ซอย39,ลาดพราว101ซอย39,4,07:00-09:00,1,0,0
ปากซอยลาดพร้าว101ซอย39,ลาดพราว101ซอย39,4,09:00-16:00,1,0,0
ปากซอยลาดพร้าว101ซอย39,ลาดพราว101ซอย39,4,16:00-19:00,1,0,0
ปากซอยลาดพร้าว101ซอย39,ลาดพร้าว101,4,07:00-09:00,1,0,0
ปากซอยลาดพร้าว101ซอย39,ลาดพร้าว101,4,09:00-16:00,1,0,0
ปากซอยลาดพร้าว101ซอย39,ลาดพร้าว101,4,16:00-19:00,1,0,0
ปากซอยลาดพร้าว15,ซอยลาดพร้าว15,11,07:00-09:00,1,0,0
ปากซอยลาดพร้าว15,ซอยลาดพร้าว15,11,09:00-16:00,1,0,0
ปากซอยลาดพร้าว15,ซอยลาดพร้าว15,11,16:00-19:00,1,0,0
ปากซอยลาดพร้าว15,ลาดพร้าว,9,07:00-09:00,0,0,1
ปากซอยลาดพร้าว15,ลาดพร้าว,9,09:00-17:00,0,0,1
ปากซอยลาดพร้าว15,ลาดพร้าว,9,17:00-19:00,0,0,1
ปากซอยลาดพร้าว15,ลาดพร้าว,11,07:00-09:00,1,0,0
ปากซอยลาดพร้าว15,ลาดพร้าว,11,09:00-16:00,1,0,0
ปากซอยลาดพร้าว15,ลาดพร้าว,11,16:00-19:00,1,0,0
ปากซอยลาดพร้าว15,ลาดพร้าว15,9,07:00-09:00,0,0,1
ปากซอยลาดพร้าว15,ลาดพร้าว15,9,09:00-17:00,0,0,1
ปากซอยลาดพร้าว15,ลาดพร้าว15,9,17:00-19:00,0,0,1
ปากซอยลาดหญ้า10,ลาดหญ้า,8,07:00-09:00,0,0,1
ปากซอยลาดหญ้า10,ลาดหญ้า,8,09:00-17:00,0,0,1
ปากซอยลาดหญ้า10,ลาดหญ้า,8,17:00-19:00,0,0,1
ปากซอยลาดหญ้า6,ถนนลาดหญ้า,12,07:00-09:00,1,0,0
ปากซอยลาดหญ้า6,ถนนลาดหญ้า,12,09:00-16:00,1,0,0
ปากซอยลาดหญ้า6,ถนนลาดหญ้า,12,16:00-19:00,1,0,0
ปากซอยลาดหญ้า6,ลาดหญ้า,12,07:00-09:00,1,0,0
ปากซอยลาดหญ้า6,ลาดหญ้า,12,09:00-16:00,1,0,0
ปากซอยลาดหญ้า6,ลาดหญ้า,12,16:00-19:00,1,0,0
ปากซอยวงศ์สว่าง11,วงศ์สว่าง,5,07:00-09:00,0,0,1
ปากซอยวงศ์สว่าง11,วงศ์สว่าง,5,09:00-17:00,0,0,1
ปากซอยวงศ์สว่าง11,วงศ์สว่าง,5,17:00-19:00,0,0,1
ปากซอยวงศ์สว่าง11,วงศ์สว่าง11,5,07:00-09:00,0,0,1
ปากซอยวงศ์สว่าง11,วงศ์สว่าง11,5,09:00-17:00,0,0,1
ปากซอยวงศ์สว่าง11,วงศ์สว่าง11,5,17:00-19:00,0,0,1
ปากซอยวงศ์สว่าง29,วงศ์สว่าง,10,07:00-09:00,0,0,1
ปากซอยวงศ์สว่าง29,วงศ์สว่าง,10,09:00-17:00,0,0,1
ปากซอยวงศ์สว่าง29,วงศ์สว่าง,10,17:00-19:00,0,0,1
ปากซอยวงศ์สว่าง6,วงศ์สว่าง,5,07:00-09:00,0,0,1
ปากซอยวงศ์สว่าง6,วงศ์สว่าง,5,09:00-17:00,0,0,1
ปากซอยวงศ์สว่าง6,วงศ์สว่าง,5,17:00-19:00,0,0,1
ปากซอยวงศ์สว่าง6,วงศ์สว่าง6,5,07:00-09:00,0,0,1
ปากซอยวงศ์สว่าง6,วงศ์สว่าง6,5,09:00-17:00,0,0,1
ปากซอยวงศ์สว่าง6,วงศ์สว่าง6,5,17:00-19:00,0,0,1
ปากซอยวชิธรรมสาธิต12,สุขุมวิท101/1,5,07:00-09:00,0,0,1
ปากซอยวชิธรรมสาธิต12,สุขุมวิท101/1,5,09:00-17:00,0,0,1
ปากซอยวชิธรรมสาธิต12,สุขุมวิท101/1,5,17:00-19:00,0,0,1
ปากซอยวชิรธรรมสาธิต12,วชิรธรรมสาธิต,11,07:00-09:00,0,0,1
ปากซอยวชิรธรรมสาธิต12,วชิรธรรมสาธิต,11,09:00-17:00,0,0,1
ปากซอยวชิรธรรมสาธิต12,วชิรธรรมสาธิต,11,17:00-19:00,0,0,1
ปากซอยวชิรธรรมสาธิต12,สุขุมวิท101/1,11,07:00-09:00,0,0,1
ปากซอยวชิรธรรมสาธิต12,สุขุมวิท101/1,11,09:00-17:00,0,0,1
ปากซอยวชิรธรรมสาธิต12,สุขุมวิท101/1,11,17:00-19:00,0,0,1
ปากซอยวชิรธรรมสาธิต29,สุขุมวิท101/1,3,07:00-09:00,0,0,1
ปากซอยวชิรธรรมสาธิต29,สุขุมวิท101/1,3,09:00-17:00,0,0,1
ปากซอยวชิรธรรมสาธิต29,สุขุมวิท101/1,3,17:00-19:00,0,0,1
ปากซอยวัดปากน้า-วัดแก้ว,พรานนก-พุทธมณฑลสาย4,5,07:00-09:00,1,0,0
ปากซอยวัดปากน้า-วัดแก้ว,พรานนก-พุทธมณฑลสาย4,5,09:00-16:00,1,0,0
ปากซอยวัดปากน้า-วัดแก้ว,พรานนก-พุทธมณฑลสาย4,5,16:00-19:00,1,0,0
ปากซอยวัดเพลง,พรานนก-พุทธมณฑลสาย4,5,07:00-09:00,1,0,0
ปากซอยวัดเพลง,พรานนก-พุทธมณฑลสาย4,5,09:00-16:00,1,0,0
ปากซอยวัดเพลง,พรานนก-พุทธมณฑลสาย4,5,16:00-19:00,1,0,0
ปากซอยวิภาวดี25,กำแพงเพชร6,2,07:00-09:00,0,0,1
ปากซอยวิภาวดี25,กำแพงเพชร6,2,09:00-17:00,0,0,1
ปากซอยวิภาวดี25,กำแพงเพชร6,2,17:00-19:00,0,0,1
ปากซอยวิภาวดี25,วิภาวดีรังสิต25,2,07:00-09:00,0,0,1
ปากซอยวิภาวดี25,วิภาวดีรังสิต25,2,09:00-17:00,0,0,1
ปากซอยวิภาวดี25,วิภาวดีรังสิต25,2,17:00-19:00,0,0,1
ปากซอยวิภาวดีรังสิต25,กำแพงเพชร6,7,07:00-09:00,0,0,1
ปากซอยวิภาวดีรังสิต25,กำแพงเพชร6,7,09:00-16:00,0,0,1
ปากซอยวิภาวดีรังสิต25,กำแพงเพชร6,7,16:00-19:00,0,0,1
ปากซอยวิภาวดีรังสิต25,วิภาวดีรังสิต25,7,07:00-09:00,0,0,1
ปากซอยวิภาวดีรังสิต25,วิภาวดีรังสิต25,7,09:00-16:00,0,0,1
ปากซอยวิภาวดีรังสิต25,วิภาวดีรังสิต25,7,16:00-19:00,0,0,1
ปากซอยศรีนครินทร์10,ศรีนครินทร์,7,07:00-09:00,0,0,1
ปากซอยศรีนครินทร์10,ศรีนครินทร์,7,09:00-17:00,0,0,1
ปากซอยศรีนครินทร์10,ศรีนครินทร์,7,17:00-19:00,0,0,1
ปากซอยศรีอยุธยา5,ศรีอยุธยา,1,07:00-09:00,0,1,0
ปากซอยศรีอยุธยา5,ศรีอยุธยา,1,09:00-16:00,0,1,0
ปากซอยศรีอยุธยา5,ศรีอยุธยา,1,16:00-19:00,0,1,0
ปากซอยศาลาธรรมสพน์26,ศาลาธรรมสพน์,8,07:00-09:00,0,0,1
ปากซอยศาลาธรรมสพน์26,ศาลาธรรมสพน์,8,09:00-17:00,0,0,1
ปากซอยศาลาธรรมสพน์26,ศาลาธรรมสพน์,8,17:00-19:00,0,0,1
ปากซอยศาลาแดง,สีลม,3,07:00-09:00,0,0,1
ปากซอยศาลาแดง,สีลม,3,09:00-17:00,0,0,1
ปากซอยศาลาแดง,สีลม,3,17:00-19:00,0,0,1
ปากซอยศิริชัยบางบอน9,พระยามนธาตุราชศรีพิจิตร์,3,07:00-09:00,1,0,0
ปากซอยศิริชัยบางบอน9,พระยามนธาตุราชศรีพิจิตร์,3,09:00-16:00,1,0,0
ปากซอยศิริชัยบางบอน9,พระยามนธาตุราชศรีพิจิตร์,3,16:00-19:00,1,0,0
ปากซอยสมเด็จพระเจ้าตากสิน15,สมเด็จพระเจ้าตากสิน,5,07:00-09:00,1,0,0
ปากซอยสมเด็จพระเจ้าตากสิน15,สมเด็จพระเจ้าตากสิน,5,09:00-16:00,1,0,0
ปากซอยสมเด็จพระเจ้าตากสิน15,สมเด็จพระเจ้าตากสิน,5,16:00-19:00,1,0,0
ปากซอยสมเด็จพระเจ้าตากสิน46,สมเด็จพระเจ้าตากสิน,12,07:00-09:00,1,0,0
ปากซอยสมเด็จพระเจ้าตากสิน46,สมเด็จพระเจ้าตากสิน,12,09:00-16:00,1,0,0
ปากซอยสมเด็จพระเจ้าตากสิน46,สมเด็จพระเจ้าตากสิน,12,16:00-19:00,1,0,0
ปากซอยสมเด็จพระเจ้าตากสิน9,สมเด็จพระเจ้าตากสิน,12,07:00-09:00,1,0,0
ปากซอยสมเด็จพระเจ้าตากสิน9,สมเด็จพระเจ้าตากสิน,12,09:00-16:00,1,0,0
ปากซอยสมเด็จพระเจ้าตากสิน9,สมเด็จพระเจ้าตากสิน,12,16:00-19:00,1,0,0
ปากซอยสมเด็จเจ้าพระยา17,สมเด็จเจ้าพระยา,7,07:00-09:00,0,0,1
ปากซอยสมเด็จเจ้าพระยา17,สมเด็จเจ้าพระยา,7,09:00-17:00,0,0,1
ปากซอยสมเด็จเจ้าพระยา17,สมเด็จเจ้าพระยา,7,17:00-19:00,0,0,1
ปากซอยสมเด็จเจ้าพระยา17,สมเด็จเจ้าพระยา17,7,07:00-09:00,0,0,1
ปากซอยสมเด็จเจ้าพระยา17,สมเด็จเจ้าพระยา17,7,09:00-17:00,0,0,1
ปากซอยสมเด็จเจ้าพระยา17,สมเด็จเจ้าพระยา17,7,17:00-19:00,0,0,1
ปากซอยสมเด็จเจ้าพระยา5,สมเด็จเจ้าพระยา,10,07:00-09:00,0,0,1
ปากซอยสมเด็จเจ้าพระยา5,สมเด็จเจ้าพระยา,10,09:00-17:00,0,0,1
ปากซอยสมเด็จเจ้าพระยา5,สมเด็จเจ้าพระยา,10,17:00-19:00,0,0,1
ปากซอยสรงประภา1,สรงประภา,11,07:00-09:00,1,0,0
ปากซอยสรงประภา1,สรงประภา,11,09:00-16:00,1,0,0
ปากซอยสรงประภา1,สรงประภา,11,16:00-19:00,1,0,0
ปากซอยสรงประภา1,สรงประภา,12,07:00-09:00,1,0,0
ปากซอยสรงประภา1,สรงประภา,12,09:00-16:00,1,0,0
ปากซอยสรงประภา1,สรงประภา,12,16:00-19:00,1,0,0
ปากซอยสรงประภา24,สรงประภา,8,07:00-09:00,1,0,0
ปากซอยสรงประภา24,สรงประภา,8,09:00-16:00,1,0,0
ปากซอยสรงประภา24,สรงประภา,8,16:00-19:00,1,0,0
ปากซอยสองพระ,สี่พระยา,7,07:00-09:00,0,0,1
ปากซอยสองพระ,สี่พระยา,7,09:00-17:00,0,0,1
ปากซอยสองพระ,สี่พระยา,7,17:00-19:00,0,0,1
ปากซอยสองพระ,สี่พระยา,9,07:00-09:00,0,0,1
ปากซอยสองพระ,สี่พระยา,9,09:00-17:00,0,0,1
ปากซอยสองพระ,สี่พระยา,9,17:00-19:00,0,0,1
ปากซอยสังฆประชา,ฉลองกรุง,11,07:00-09:00,1,0,0
ปากซอยสังฆประชา,ฉลองกรุง,11,09:00-16:00,1,0,0
ปากซอยสังฆประชา,ฉลองกรุง,11,16:00-19:00,1,0,0
ปากซอยสังฆประชา,ซอยสังฆประชา,11,07:00-09:00,1,0,0
ปากซอยสังฆประชา,ซอยสังฆประชา,11,09:00-16:00,1,0,0
ปากซอยสังฆประชา,ซอยสังฆประชา,11,16:00-19:00,1,0,0
"ปากซอยสายไหม21,.23",สายไหม,3,07:00-09:00,1,0,0
"ปากซอยสายไหม21,.23",สายไหม,3,09:00-16:00,1,0,0
"ปากซอยสายไหม21,.23",สายไหม,3,16:00-19:00,1,0,0
ปากซอยสายไหม25,ปากซอยสายไหม25,12,07:00-09:00,1,0,0
ปากซอยสายไหม25,ปากซอยสายไหม25,12,09:00-16:00,1,0,0
ปากซอยสายไหม25,ปากซอยสายไหม25,12,16:00-19:00,1,0,0
ปากซอยสายไหม33/1,สายไหม,8,06:30-09:00,0,1,0
ปากซอยสายไหม33/1,สายไหม,8,09:00-16:00,0,1,0
ปากซอยสายไหม33/1,สายไหม,8,16:00-19:30,0,1,0
ปากซอยสายไหม64,สายไหม,12,07:00-09:00,1,0,0
ปากซอยสายไหม64,สายไหม,12,09:00-16:00,1,0,0
ปากซอยสายไหม64,สายไหม,12,16:00-19:00,1,0,0
ปากซอยสายไหม81,สายไหม,12,07:00-09:00,1,0,0
ปากซอยสายไหม81,สายไหม,12,09:00-16:00,1,0,0
ปากซอยสายไหม81,สายไหม,12,16:00-19:00,1,0,0
ปากซอยสายไหม่56,สายใหม่,5,07:00-09:00,1,0,0
ปากซอยสายไหม่56,สายใหม่,5,09:00-16:00,1,0,0
ปากซอยสายไหม่56,สายใหม่,5,16:00-19:00,1,0,0
ปากซอยสารภี2,ถนนประชาธิปก,12,07:00-09:00,1,0,0
ปากซอยสารภี2,ถนนประชาธิปก,12,09:00-16:00,1,0,0
ปากซอยสารภี2,ถนนประชาธิปก,12,16:00-19:00,1,0,0
ปากซอยสารภี2,ประชาธิปก,12,07:00-09:00,1,0,0
ปากซอยสารภี2,ประชาธิปก,12,09:00-16:00,1,0,0
ปากซอยสารภี2,ประชาธิปก,12,16:00-19:00,1,0,0
ปากซอยสุขสวัสดิ์33/1,สุขสวัสดิ์,11,07:00-09:00,1,0,0
ปากซอยสุขสวัสดิ์33/1,สุขสวัสดิ์,11,09:00-16:00,1,0,0
ปากซอยสุขสวัสดิ์33/1,สุขสวัสดิ์,11,16:00-19:00,1,0,0
ปากซอยสุขุมวิท81,สุขุมวิท,10,07:00-09:00,0,1,0
ปากซอยสุขุมวิท81,สุขุมวิท,10,09:00-16:00,0,1,0
ปากซอยสุขุมวิท81,สุขุมวิท,10,16:00-19:00,0,1,0
ปากซอยสุขุมวิท81,สุขุมวิท52,10,07:00-09:00,0,1,0
ปากซอยสุขุมวิท81,สุขุมวิท52,10,09:00-16:00,0,1,0
ปากซอยสุขุมวิท81,สุขุมวิท52,10,16:00-19:00,0,1,0
ปากซอยสุขุมวิท81,สุขุมวิท81,10,07:00-09:00,0,1,0
ปากซอยสุขุมวิท81,สุขุมวิท81,10,09:00-16:00,0,1,0
ปากซอยสุขุมวิท81,สุขุมวิท81,10,16:00-19:00,0,1,0
ปากซอยหทัยราษฎร์39,ซอยหทัยราษฎร์39,6,06:30-09:00,1,0,0
ปากซอยหทัยราษฎร์39,ซอยหทัยราษฎร์39,6,09:00-16:00,1,0,0
ปากซอยหทัยราษฎร์39,ซอยหทัยราษฎร์39,6,16:00-19:30,1,0,0
ปากซอยหทัยราษฎร์39,ททัยราษฎร์,6,06:30-09:00,1,0,0
ปากซอยหทัยราษฎร์39,ททัยราษฎร์,6,09:00-16:00,1,0,0
ปากซอยหทัยราษฎร์39,ททัยราษฎร์,6,16:00-19:30,1,0,0
ปากซอยหทัยราษฎร์39,หทัยราษฎร์,6,07:00-09:00,0,1,0
ปากซอยหทัยราษฎร์39,หทัยราษฎร์,6,09:00-16:00,0,1,0
ปากซอยหทัยราษฎร์39,หทัยราษฎร์,6,16:00-19:00,0,1,0
ปากซอยหัวหมาก20,ซอยหัวหมวาก20,5,07:00-09:00,1,0,0
ปากซอยหัวหมาก20,ซอยหัวหมวาก20,5,09:00-16:00,1,0,0
ปากซอยหัวหมาก20,ซอยหัวหมวาก20,5,16:00-19:00,1,0,0
ปากซอยหัวหมาก20,ซอยหัวหมวาก21,5,07:00-09:00,1,0,0
ปากซอยหัวหมาก20,ซอยหัวหมวาก21,5,09:00-16:00,1,0,0
ปากซอยหัวหมาก20,ซอยหัวหมวาก21,5,16:00-19:00,1,0,0
ปากซอยหัวหมาก20,หัวหมาก,5,07:00-09:00,1,0,0
ปากซอยหัวหมาก20,หัวหมาก,5,09:00-16:00,1,0,0
ปากซอยหัวหมาก20,หัวหมาก,5,16:00-19:00,1,0,0
ปากซอยอรุณอัมรินทร์6,อรุณอัมรินทร์,2,07:00-09:00,1,0,0
ปากซอยอรุณอัมรินทร์6,อรุณอัมรินทร์,2,09:00-16:00,1,0,0
ปากซอยอรุณอัมรินทร์6,อรุณอัมรินทร์,2,16:00-19:00,1,0,0
ปากซอยอุดมสุข1,อุดมสุข(สุขุมวิท103),7,07:00-09:00,0,1,0
ปากซอยอุดมสุข1,อุดมสุข(สุขุมวิท103),7,09:00-16:00,0,1,0
ปากซอยอุดมสุข1,อุดมสุข(สุขุมวิท103),7,16:00-19:00,0,1,0
ปากซอยอุดมสุข18,อุดมสุข,1,07:00-09:00,0,0,1
ปากซอยอุดมสุข18,อุดมสุข,1,09:00-17:00,0,0,1
ปากซอยอุดมสุข18,อุดมสุข,1,17:00-19:00,0,0,1
ปากซอยอุดมสุข26,อุดมสุข,1,07:00-09:00,0,0,1
ปากซอยอุดมสุข26,อุดมสุข,1,09:00-17:00,0,0,1
ปากซอยอุดมสุข26,อุดมสุข,1,17:00-19:00,0,0,1
ปากซอยอุดมสุข30,อุดมสุข,1,07:00-09:00,0,0,1
ปากซอยอุดมสุข30,อุดมสุข,1,09:00-17:00,0,0,1
ปากซอยอุดมสุข30,อุดมสุข,1,17:00-19:00,0,0,1
ปากซอยอุดมสุข34,อุดมสุข,6,07:00-09:00,0,0,1
ปากซอยอุดมสุข34,อุดมสุข,6,09:00-17:00,0,0,1
ปากซอยอุดมสุข34,อุดมสุข,6,17:00-19:00,0,0,1
ปากซอยอุดมสุข41,อุดมสุข(สุขุมวิท103),12,07:00-09:00,1,0,0
ปากซอยอุดมสุข41,อุดมสุข(สุขุมวิท103),12,09:00-16:00,1,0,0
ปากซอยอุดมสุข41,อุดมสุข(สุขุมวิท103),12,16:00-19:00,1,0,0
ปากซอยอุดมสุข51,สุขุมวิท103,3,07:00-09:00,0,0,1
ปากซอยอุดมสุข51,สุขุมวิท103,3,09:00-17:00,0,0,1
ปากซอยอุดมสุข51,สุขุมวิท103,3,17:00-19:00,0,0,1
ปากซอยอุดมสุข9,อุดมสุข(สุขุมวิท103),7,07:00-09:00,0,1,0
ปากซอยอุดมสุข9,อุดมสุข(สุขุมวิท103),7,09:00-16:00,0,1,0
ปากซอยอุดมสุข9,อุดมสุข(สุขุมวิท103),7,16:00-19:00,0,1,0
ปากซอยอุทัยฟาร์ม,พระรามที่4,7,07:00-09:00,0,0,1
ปากซอยอุทัยฟาร์ม,พระรามที่4,7,09:00-17:00,0,0,1
ปากซอยอุทัยฟาร์ม,พระรามที่4,7,17:00-19:00,0,0,1
ปากซอยอ่อนนุข41,อ่อนนุช,12,07:00-09:00,0,0,1
ปากซอยอ่อนนุข41,อ่อนนุช,12,09:00-17:00,0,0,1
ปากซอยอ่อนนุข41,อ่อนนุช,12,17:00-19:00,0,0,1
ปากซอยอ่อนนุข41,อ่อนนุช41,12,07:00-09:00,0,0,1
ปากซอยอ่อนนุข41,อ่อนนุช41,12,09:00-17:00,0,0,1
ปากซอยอ่อนนุข41,อ่อนนุช41,12,17:00-19:00,0,0,1
ปากซอยอ่อนนุช51,สุขุมวิท77,5,07:00-09:00,0,0,1
ปากซอยอ่อนนุช51,สุขุมวิท77,5,09:00-17:00,0,0,1
ปากซอยอ่อนนุช51,สุขุมวิท77,5,17:00-19:00,0,0,1
ปากซอยอ่อนนุช59/1,อ่อนนุช,10,07:00-09:00,0,0,1
ปากซอยอ่อนนุช59/1,อ่อนนุช,10,09:00-16:00,0,0,1
ปากซอยอ่อนนุช59/1,อ่อนนุช,10,16:00-19:00,0,0,1
ปากซอยอ่อนนุช69,อ่อนนุช,3,07:00-09:00,1,0,0
ปากซอยอ่อนนุช69,อ่อนนุช,3,09:00-16:00,1,0,0
ปากซอยอ่อนนุช69,อ่อนนุช,3,16:00-19:00,1,0,0
ปากซอยอ่อนนุช74/3,สุขุมวิท77,5,07:00-09:00,0,0,1
ปากซอยอ่อนนุช74/3,สุขุมวิท77,5,09:00-17:00,0,0,1
ปากซอยอ่อนนุช74/3,สุขุมวิท77,5,17:00-19:00,0,0,1
ปากซอยอ่อนนุช74/3,อ่อนนุช,4,07:00-09:00,0,0,1
ปากซอยอ่อนนุช74/3,อ่อนนุช,4,09:00-17:00,0,0,1
ปากซอยอ่อนนุช74/3,อ่อนนุช,4,17:00-19:00,0,0,1
ปากซอยอ่อนนุช74/3,อ่อนนุช,11,07:00-09:00,1,0,0
ปากซอยอ่อนนุช74/3,อ่อนนุช,11,09:00-16:00,1,0,0
ปากซอยอ่อนนุช74/3,อ่อนนุช,11,16:00-19:00,1,0,0
ปากซอยอ่อนนุช74/3,อ่อนนุช74/3,4,07:00-09:00,0,0,1
ปากซอยอ่อนนุช74/3,อ่อนนุช74/3,4,09:00-17:00,0,0,1
ปากซอยอ่อนนุช74/3,อ่อนนุช74/3,4,17:00-19:00,0,0,1
ปากซอยอ่อนุช65,อ่อนนุช,5,07:00-09:00,1,0,0
ปากซอยอ่อนุช65,อ่อนนุช,5,09:00-16:00,1,0,0
ปากซอยอ่อนุช65,อ่อนนุช,5,16:00-19:00,1,0,0
ปากซอยอ่อนุช65,อ่อนนุช65,5,07:00-09:00,1,0,0
ปากซอยอ่อนุช65,อ่อนนุช65,5,09:00-16:00,1,0,0
ปากซอยอ่อนุช65,อ่อนนุช65,5,16:00-19:00,1,0,0
ปากซอยเจริญกรุง72/1,เจริญกรุง,8,07:00-09:00,0,1,0
ปากซอยเจริญกรุง72/1,เจริญกรุง,8,09:00-16:00,0,1,0
ปากซอยเจริญกรุง72/1,เจริญกรุง,8,16:00-19:00,0,1,0
ปากซอยเจริญกรุง76,เจริญกรุง,8,07:00-09:00,0,1,0
ปากซอยเจริญกรุง76,เจริญกรุง,8,09:00-16:00,0,1,0
ปากซอยเจริญกรุง76,เจริญกรุง,8,16:00-19:00,0,1,0
ปากซอยเจริญกรุง85,เจริญกรุง,8,07:00-09:00,0,1,0
ปากซอยเจริญกรุง85,เจริญกรุง,8,09:00-16:00,0,1,0
ปากซอยเจริญกรุง85,เจริญกรุง,8,16:00-19:00,0,1,0
ปากซอยเจริญนคร12,เจริญนคร,4,07:00-09:00,0,0,1
ปากซอยเจริญนคร12,เจริญนคร,4,09:00-17:00,0,0,1
ปากซอยเจริญนคร12,เจริญนคร,4,17:00-19:00,0,0,1
ปากซอยเจริญนคร12,เจริญนคร12,4,07:00-09:00,0,0,1
ปากซอยเจริญนคร12,เจริญนคร12,4,09:00-17:00,0,0,1
ปากซอยเจริญนคร12,เจริญนคร12,4,17:00-19:00,0,0,1
ปากซอยเจริญนคร13,เจริญนคร,4,07:00-09:00,0,0,1
ปากซอยเจริญนคร13,เจริญนคร,4,09:00-17:00,0,0,1
ปากซอยเจริญนคร13,เจริญนคร,4,17:00-19:00,0,0,1
ปากซอยเจริญนคร14/2,เจริญนคร,4,07:00-09:00,0,0,1
ปากซอยเจริญนคร14/2,เจริญนคร,4,09:00-17:00,0,0,1
ปากซอยเจริญนคร14/2,เจริญนคร,4,17:00-19:00,0,0,1
ปากซอยเจริญนคร28,เจริญนคร,4,07:00-09:00,0,0,1
ปากซอยเจริญนคร28,เจริญนคร,4,09:00-17:00,0,0,1
ปากซอยเจริญนคร28,เจริญนคร,4,17:00-19:00,0,0,1
ปากซอยเจริญนคร39,เจริญนคร,2,07:00-09:00,0,0,1
ปากซอยเจริญนคร39,เจริญนคร,2,09:00-17:00,0,0,1
ปากซอยเจริญนคร39,เจริญนคร,2,17:00-19:00,0,0,1
ปากซอยเจริญรัถ19,เจริญรัก,7,07:00-09:00,0,0,1
ปากซอยเจริญรัถ19,เจริญรัก,7,09:00-17:00,0,0,1
ปากซอยเจริญรัถ19,เจริญรัก,7,17:00-19:00,0,0,1
ปากซอยเจริญรัถ19,เจริญรัก19,7,07:00-09:00,0,0,1
ปากซอยเจริญรัถ19,เจริญรัก19,7,09:00-17:00,0,0,1
ปากซอยเจริญรัถ19,เจริญรัก19,7,17:00-19:00,0,0,1
ปากซอยเจริญราษฎร์3,ศส6เจรญราษฎร,9,07:00-09:00,1,0,0
ปากซอยเจริญราษฎร์3,ศส6เจรญราษฎร,9,09:00-16:00,1,0,0
ปากซอยเจริญราษฎร์3,ศส6เจรญราษฎร,9,16:00-19:00,1,0,0
ปากซอยเจริญสุข,พระรามที่4,9,07:00-09:00,0,0,1
ปากซอยเจริญสุข,พระรามที่4,9,09:00-17:00,0,0,1
ปากซอยเจริญสุข,พระรามที่4,9,17:00-19:00,0,0,1
ปากซอยเฉลิมพระเกียรติร.923,เฉลิมพระเกียรติร.9,4,07:00-09:00,0,0,1
ปากซอยเฉลิมพระเกียรติร.923,เฉลิมพระเกียรติร.9,4,09:00-17:00,0,0,1
ปากซอยเฉลิมพระเกียรติร.923,เฉลิมพระเกียรติร.9,4,17:00-19:00,0,0,1
ปากซอยเฉลิมพระเกียรติร.939,เฉลิมพระเกียรติร.9,4,07:00-09:00,0,0,1
ปากซอยเฉลิมพระเกียรติร.939,เฉลิมพระเกียรติร.9,4,09:00-17:00,0,0,1
ปากซอยเฉลิมพระเกียรติร.939,เฉลิมพระเกียรติร.9,4,17:00-19:00,0,0,1
ปากซอยเชื่อมสัมพันธ์13,เชื่อมสัมพันธ์,1,07:00-09:00,0,0,1
ปากซอยเชื่อมสัมพันธ์13,เชื่อมสัมพันธ์,1,09:00-17:00,0,0,1
ปากซอยเชื่อมสัมพันธ์13,เชื่อมสัมพันธ์,1,17:00-19:00,0,0,1
ปากซอยเทพรักษ์25,เทพรักษ์,2,07:00-09:00,0,0,1
ปากซอยเทพรักษ์25,เทพรักษ์,2,09:00-17:00,0,0,1
ปากซอยเทพรักษ์25,เทพรักษ์,2,17:00-19:00,0,0,1
ปากซอยเทพรักษ์42,เทพรักษ์,2,07:00-09:00,0,0,1
ปากซอยเทพรักษ์42,เทพรักษ์,2,09:00-17:00,0,0,1
ปากซอยเทพรักษ์42,เทพรักษ์,2,17:00-19:00,0,0,1
ปากซอยเทียนทะเล20,เทียนทะเล,5,07:00-09:00,0,0,1
ปากซอยเทียนทะเล20,เทียนทะเล,5,09:00-17:00,0,0,1
ปากซอยเทียนทะเล20,เทียนทะเล,5,17:00-19:00,0,0,1
ปากซอยเทียนทะเล20,เทียนทะเล20,5,07:00-09:00,0,0,1
ปากซอยเทียนทะเล20,เทียนทะเล20,5,09:00-17:00,0,0,1
ปากซอยเทียนทะเล20,เทียนทะเล20,5,17:00-19:00,0,0,1
ปากซอยเทียนทะเล7,เทียนทะเล,5,07:00-09:00,0,0,1
ปากซอยเทียนทะเล7,เทียนทะเล,5,09:00-17:00,0,0,1
ปากซอยเทียนทะเล7,เทียนทะเล,5,17:00-19:00,0,0,1
ปากซอยเทียนทะเล7,เทียนทะเล7,5,07:00-09:00,0,0,1
ปากซอยเทียนทะเล7,เทียนทะเล7,5,09:00-17:00,0,0,1
ปากซอยเทียนทะเล7,เทียนทะเล7,5,17:00-19:00,0,0,1
ปากซอยเทียนทะเล9/1,บางขุนเทียนชายทะเล,2,07:00-09:00,0,0,1
ปากซอยเทียนทะเล9/1,บางขุนเทียนชายทะเล,2,09:00-16:00,0,0,1
ปากซอยเทียนทะเล9/1,บางขุนเทียนชายทะเล,2,16:00-19:00,0,0,1
ปากซอยเทียนทะเล9/1,เทียนทะเล9/1,2,07:00-09:00,0,0,1
ปากซอยเทียนทะเล9/1,เทียนทะเล9/1,2,09:00-16:00,0,0,1
ปากซอยเทียนทะเล9/1,เทียนทะเล9/1,2,16:00-19:00,0,0,1
ปากซอยเบญจพร2,พรานนก-พุทธมณฑลสาย4,2,07:00-09:00,1,0,0
ปากซอยเบญจพร2,พรานนก-พุทธมณฑลสาย4,2,09:00-16:00,1,0,0
ปากซอยเบญจพร2,พรานนก-พุทธมณฑลสาย4,2,16:00-19:00,1,0,0
ปากซอยเพชรเกษม11,เพชรเกษม,7,07:00-09:00,0,1,0
ปากซอยเพชรเกษม11,เพชรเกษม,7,09:00-16:00,0,1,0
ปากซอยเพชรเกษม11,เพชรเกษม,7,16:00-19:00,0,1,0
ปากซอยเพชรเกษม110,เพชรเกษม,6,07:00-09:00,0,0,1
ปากซอยเพชรเกษม110,เพชรเกษม,6,09:00-17:00,0,0,1
ปากซอยเพชรเกษม110,เพชรเกษม,6,17:00-19:00,0,0,1
ปากซอยเพชรเกษม110,เพชรเกษม110,6,07:00-09:00,0,0,1
ปากซอยเพชรเกษม110,เพชรเกษม110,6,09:00-17:00,0,0,1
ปากซอยเพชรเกษม110,เพชรเกษม110,6,17:00-19:00,0,0,1
ปากซอยเพชรเกษม15,เพชรเกษม,5,07:00-09:00,0,0,1
ปากซอยเพชรเกษม15,เพชรเกษม,5,09:00-17:00,0,0,1
ปากซอยเพชรเกษม15,เพชรเกษม,5,17:00-19:00,0,0,1
ปากซอยเพชรเกษม15,เพชรเกษม,7,06:30-09:00,0,1,0
ปากซอยเพชรเกษม15,เพชรเกษม,7,09:00-16:00,0,1,0
ปากซอยเพชรเกษม15,เพชรเกษม,7,16:00-19:30,0,1,0
ปากซอยเพชรเกษม16,เพชรเกษม,6,07:00-09:00,0,0,1
ปากซอยเพชรเกษม16,เพชรเกษม,6,09:00-17:00,0,0,1
ปากซอยเพชรเกษม16,เพชรเกษม,6,17:00-19:00,0,0,1
ปากซอยเพชรเกษม16,เพชรเกษม16,6,07:00-09:00,0,0,1
ปากซอยเพชรเกษม16,เพชรเกษม16,6,09:00-17:00,0,0,1
ปากซอยเพชรเกษม16,เพชรเกษม16,6,17:00-19:00,0,0,1
ปากซอยเลียบคลองภาษีเจริญฝั่งใต้2/1,เลียบคลองภาษีเจริญฝั่งใต้,2,07:00-09:00,0,0,1
ปากซอยเลียบคลองภาษีเจริญฝั่งใต้2/1,เลียบคลองภาษีเจริญฝั่งใต้,2,09:00-17:00,0,0,1
ปากซอยเลียบคลองภาษีเจริญฝั่งใต้2/1,เลียบคลองภาษีเจริญฝั่งใต้,2,17:00-19:00,0,0,1
ปากซอยเลียบคลองภาษีเจริญฝั่งใต้6,เลียบคลองภาษีเจริญฝั่งใต้,2,07:00-09:00,0,0,1
ปากซอยเลียบคลองภาษีเจริญฝั่งใต้6,เลียบคลองภาษีเจริญฝั่งใต้,2,09:00-17:00,0,0,1
ปากซอยเลียบคลองภาษีเจริญฝั่งใต้6,เลียบคลองภาษีเจริญฝั่งใต้,2,17:00-19:00,0,0,1
ปากซอยเลียบคลองสอง19,เลียบคลองสอง,6,07:00-09:00,0,0,1
ปากซอยเลียบคลองสอง19,เลียบคลองสอง,6,09:00-16:00,0,0,1
ปากซอยเลียบคลองสอง19,เลียบคลองสอง,6,16:00-19:00,0,0,1
ปากซอยเลียบคลองสอง28,เลียบคลองสอง,10,07:00-09:00,0,0,1
ปากซอยเลียบคลองสอง28,เลียบคลองสอง,10,09:00-17:00,0,0,1
ปากซอยเลียบคลองสอง28,เลียบคลองสอง,10,17:00-19:00,0,0,1
ปากซอยเลียบวารี11,เลียบวารี,3,07:00-09:00,0,1,0
ปากซอยเลียบวารี11,เลียบวารี,3,09:00-16:00,0,1,0
ปากซอยเลียบวารี11,เลียบวารี,3,16:00-19:00,0,1,0
ปากซอยเลียบวารี11,เลียบวารี,10,07:00-09:00,0,0,1
ปากซอยเลียบวารี11,เลียบวารี,10,09:00-17:00,0,0,1
ปากซอยเลียบวารี11,เลียบวารี,10,17:00-19:00,0,0,1
ปากซอยเลียบวารี25-27,เลียบวารี,3,07:00-09:00,0,1,0
ปากซอยเลียบวารี25-27,เลียบวารี,3,09:00-16:00,0,1,0
ปากซอยเลียบวารี25-27,เลียบวารี,3,16:00-19:00,0,1,0
ปากซอยเลียบวารี29,เลียบวารี,5,07:00-09:00,0,0,1
ปากซอยเลียบวารี29,เลียบวารี,5,09:00-17:00,0,0,1
ปากซอยเลียบวารี29,เลียบวารี,5,17:00-19:00,0,0,1
ปากซอยเลียบวารี55,เลียบวารี,10,07:00-09:00,0,0,1
ปากซอยเลียบวารี55,เลียบวารี,10,09:00-17:00,0,0,1
ปากซอยเลียบวารี55,เลียบวารี,10,17:00-19:00,0,0,1
ปากซอยเลียบวารี59,เลียบวารี,5,07:00-09:00,0,0,1
ปากซอยเลียบวารี59,เลียบวารี,5,09:00-17:00,0,0,1
ปากซอยเลียบวารี59,เลียบวารี,5,17:00-19:00,0,0,1
ปากซอยเลียบวารี59-61,เลียบวารี,3,07:00-09:00,1,0,0
ปากซอยเลียบวารี59-61,เลียบวารี,3,09:00-16:00,1,0,0
ปากซอยเลียบวารี59-61,เลียบวารี,3,16:00-19:00,1,0,0
ปากซอยเวชคาม,ประชาชื่น,8,06:30-09:00,1,0,0
ปากซอยเวชคาม,ประชาชื่น,8,09:00-16:00,1,0,0
ปากซอยเวชคาม,ประชาชื่น,8,16:00-19:30,1,0,0
ปากซอยเสรีไทย23,เสรีไทย,11,07:00-09:00,0,0,1
ปากซอยเสรีไทย23,เสรีไทย,11,09:00-17:00,0,0,1
ปากซอยเสรีไทย23,เสรีไทย,11,17:00-19:00,0,0,1
ปากซอยเสรีไทย68,ซอยเสรีไทย68,7,07:00-09:00,1,0,0
ปากซอยเสรีไทย68,ซอยเสรีไทย68,7,09:00-16:00,1,0,0
ปากซอยเสรีไทย68,ซอยเสรีไทย68,7,16:00-19:00,1,0,0
ปากซอยเสรีไทย68,เสรีไทย,7,07:00-09:00,1,0,0
ปากซอยเสรีไทย68,เสรีไทย,7,09:00-16:00,1,0,0
ปากซอยเสรีไทย68,เสรีไทย,7,16:00-19:00,1,0,0
ปากซอยเสร็ไทย68,เสรีไทย,7,06:30-09:00,1,0,0
ปากซอยเสร็ไทย68,เสรีไทย,7,09:00-16:00,1,0,0
ปากซอยเสร็ไทย68,เสรีไทย,7,16:00-19:30,1,0,0
ปากซอยเอกชัย64/5,เอกชัย,3,07:00-09:00,0,0,1
ปากซอยเอกชัย64/5,เอกชัย,3,09:00-17:00,0,0,1
ปากซอยเอกชัย64/5,เอกชัย,3,17:00-19:00,0,0,1
ปากซอยเอกชัย64/5,เอกชัย64/5,3,07:00-09:00,0,0,1
ปากซอยเอกชัย64/5,เอกชัย64/5,3,09:00-17:00,0,0,1
ปากซอยเอกชัย64/5,เอกชัย64/5,3,17:00-19:00,0,0,1
ปากซอยแจ้งวัฒนะ10,แจ้งวัฒนะ,4,07:00-09:00,0,0,1
ปากซอยแจ้งวัฒนะ10,แจ้งวัฒนะ,4,09:00-17:00,0,0,1
ปากซอยแจ้งวัฒนะ10,แจ้งวัฒนะ,4,17:00-19:00,0,0,1
ปากซอยแจ้งวัฒนะ10,แจ้งวัฒนะ10,4,07:00-09:00,0,0,1
ปากซอยแจ้งวัฒนะ10,แจ้งวัฒนะ10,4,09:00-17:00,0,0,1
ปากซอยแจ้งวัฒนะ10,แจ้งวัฒนะ10,4,17:00-19:00,0,0,1
ปากซอยแจ้งวัฒนะ13,แจ้งวัฒนะ,8,06:30-09:00,1,0,0
ปากซอยแจ้งวัฒนะ13,แจ้งวัฒนะ,8,09:00-16:00,1,0,0
ปากซอยแจ้งวัฒนะ13,แจ้งวัฒนะ,8,16:00-19:30,1,0,0
ปากซอยแจ้งวัฒนะ7,ซอยแจ้งวัฒนะ7,3,07:00-09:00,1,0,0
ปากซอยแจ้งวัฒนะ7,ซอยแจ้งวัฒนะ7,3,09:00-16:00,1,0,0
ปากซอยแจ้งวัฒนะ7,ซอยแจ้งวัฒนะ7,3,16:00-19:00,1,0,0
ปากซอยแจ้งวัฒนะ7,แจ้งวัฒนะ,3,07:00-09:00,1,0,0
ปากซอยแจ้งวัฒนะ7,แจ้งวัฒนะ,3,09:00-16:00,1,0,0
ปากซอยแจ้งวัฒนะ7,แจ้งวัฒนะ,3,16:00-19:00,1,0,0
ปากซอยแม้นศรี2,บำรุงเมือง,8,07:00-09:00,0,1,0
ปากซอยแม้นศรี2,บำรุงเมือง,8,09:00-16:00,0,1,0
ปากซอยแม้นศรี2,บำรุงเมือง,8,16:00-19:00,0,1,0
ปากซอยโรงงานยาสูบ,ซอยโรงงานยาสูบ,11,07:00-09:00,1,0,0
ปากซอยโรงงานยาสูบ,ซอยโรงงานยาสูบ,11,09:00-16:00,1,0,0
ปากซอยโรงงานยาสูบ,ซอยโรงงานยาสูบ,11,16:00-19:00,1,0,0
ปากซอยโรงงานยาสูบ,พระรามที่4,11,07:00-09:00,1,0,0
ปากซอยโรงงานยาสูบ,พระรามที่4,11,09:00-16:00,1,0,0
ปากซอยโรงงานยาสูบ,พระรามที่4,11,16:00-19:00,1,0,0
ปากทางลาดพร้าว,พหลโยธิน,3,07:00-09:00,0,0,1
ปากทางลาดพร้าว,พหลโยธิน,3,09:00-16:00,0,0,1
ปากทางลาดพร้าว,พหลโยธิน,3,16:00-19:00,0,0,1
ปากทางลาดพร้าว,พหลโยธิน,8,07:00-09:00,1,0,0
ปากทางลาดพร้าว,พหลโยธิน,8,09:00-16:00,1,0,0
ปากทางลาดพร้าว,พหลโยธิน,8,16:00-19:00,1,0,0
ปากทางลาดพร้าว,พหลโยธิน,10,07:00-09:00,0,1,0
ปากทางลาดพร้าว,พหลโยธิน,10,09:00-16:00,0,1,0
ปากทางลาดพร้าว,พหลโยธิน,10,16:00-19:00,0,1,0
ปากทางลาดพร้าว,ลาดพร้าว,3,07:00-09:00,0,0,1
ปากทางลาดพร้าว,ลาดพร้าว,3,09:00-16:00,0,0,1
ปากทางลาดพร้าว,ลาดพร้าว,3,16:00-19:00,0,0,1
ปากทางลาดพร้าว,ลาดพร้าว,8,07:00-09:00,1,0,0
ปากทางลาดพร้าว,ลาดพร้าว,8,09:00-16:00,1,0,0
ปากทางลาดพร้าว,ลาดพร้าว,8,16:00-19:00,1,0,0
ปากทางลาดพร้าว,ลาดพร้าว,10,07:00-09:00,0,1,0
ปากทางลาดพร้าว,ลาดพร้าว,10,09:00-16:00,0,1,0
ปากทางลาดพร้าว,ลาดพร้าว,10,16:00-19:00,0,1,0
ปากทางเข้าแฟลตทหารเรือ,สุขสวัสดิ์26,8,07:00-09:00,0,0,1
ปากทางเข้าแฟลตทหารเรือ,สุขสวัสดิ์26,8,09:00-17:00,0,0,1
ปากทางเข้าแฟลตทหารเรือ,สุขสวัสดิ์26,8,17:00-19:00,0,0,1
ปุณวิถี,ซอยสุขุมวิท101,1,07:00-09:00,1,0,0
ปุณวิถี,ซอยสุขุมวิท101,1,09:00-16:00,1,0,0
ปุณวิถี,ซอยสุขุมวิท101,1,16:00-19:00,1,0,0
ปุณวิถี,สุขุมวิท,1,07:00-09:00,1,0,0
ปุณวิถี,สุขุมวิท,1,09:00-16:00,1,0,0
ปุณวิถี,สุขุมวิท,1,16:00-19:00,1,0,0
ปุณวิถี,สุขุมวิท,4,07:00-09:00,0,0,1
ปุณวิถี,สุขุมวิท,4,09:00-16:00,0,0,1
ปุณวิถี,สุขุมวิท,4,16:00-19:00,0,0,1
ปุณวิถี,สุขุมวิท,10,07:00-09:00,0,0,1
ปุณวิถี,สุขุมวิท,10,09:00-17:00,0,0,1
ปุณวิถี,สุขุมวิท,10,17:00-19:00,0,0,1
ปุณวิถี,สุขุมวิท101,4,07:00-09:00,0,0,1
ปุณวิถี,สุขุมวิท101,4,09:00-16:00,0,0,1
ปุณวิถี,สุขุมวิท101,4,16:00-19:00,0,0,1
ปุณวิถี,สุขุมวิท101/1,10,07:00-09:00,0,0,1
ปุณวิถี,สุขุมวิท101/1,10,09:00-17:00,0,0,1
ปุณวิถี,สุขุมวิท101/1,10,17:00-19:00,0,0,1
ป้อมมหากาฬ,พระสุเมรุ,8,06:30-09:00,0,1,0
ป้อมมหากาฬ,พระสุเมรุ,8,09:00-16:00,0,1,0
ป้อมมหากาฬ,พระสุเมรุ,8,16:00-19:30,0,1,0
ป้อมมหากาฬ,พระสุเมรุ,9,07:00-09:00,0,0,1
ป้อมมหากาฬ,พระสุเมรุ,9,09:00-16:00,0,0,1
ป้อมมหากาฬ,พระสุเมรุ,9,16:00-19:00,0,0,1
ป้อมมหากาฬ,พระสุเมรุ,11,07:00-09:00,1,0,0
ป้อมมหากาฬ,พระสุเมรุ,11,09:00-16:00,1,0,0
ป้อมมหากาฬ,พระสุเมรุ,11,16:00-19:00,1,0,0
ป้อมมหากาฬ,มหาไชย,8,07:00-09:00,0,1,0
ป้อมมหากาฬ,มหาไชย,8,09:00-16:00,0,1,0
ป้อมมหากาฬ,มหาไชย,8,16:00-19:00,0,1,0
ป้อมมหากาฬ,มหาไชย,9,07:00-09:00,0,0,1
ป้อมมหากาฬ,มหาไชย,9,09:00-16:00,0,0,1
ป้อมมหากาฬ,มหาไชย,9,16:00-19:00,0,0,1
ป้อมมหากาฬ,มหาไชย,11,07:00-09:00,1,0,0
ป้อมมหากาฬ,มหาไชย,11,09:00-16:00,1,0,0
ป้อมมหากาฬ,มหาไชย,11,16:00-19:00,1,0,0
ป้อมมหากาฬ,ราชดำเนินกลาง,8,06:30-09:00,0,1,0
ป้อมมหากาฬ,ราชดำเนินกลาง,8,09:00-16:00,0,1,0
ป้อมมหากาฬ,ราชดำเนินกลาง,8,16:00-19:30,0,1,0
ป้อมมหากาฬ,ราชดำเนินกลาง,9,07:00-09:00,0,0,1
ป้อมมหากาฬ,ราชดำเนินกลาง,9,09:00-16:00,0,0,1
ป้อมมหากาฬ,ราชดำเนินกลาง,9,16:00-19:00,0,0,1
ป้อมมหากาฬ,ราชดำเนินกลาง,11,07:00-09:00,1,0,0
ป้อมมหากาฬ,ราชดำเนินกลาง,11,09:00-16:00,1,0,0
ป้อมมหากาฬ,ราชดำเนินกลาง,11,16:00-19:00,1,0,0
ป้อมเผด็จ,ถนนราชดำเนินใน,11,07:00-09:00,0,0,1
ป้อมเผด็จ,ถนนราชดำเนินใน,11,09:00-17:00,0,0,1
ป้อมเผด็จ,ถนนราชดำเนินใน,11,17:00-19:00,0,0,1
ป้อมเผด็จ,ถนนสนามไชย,11,07:00-09:00,0,0,1
ป้อมเผด็จ,ถนนสนามไชย,11,09:00-17:00,0,0,1
ป้อมเผด็จ,ถนนสนามไชย,11,17:00-19:00,0,0,1
ป้อมเผด็จ,ถนนหน้าพระลาน,11,07:00-09:00,0,0,1
ป้อมเผด็จ,ถนนหน้าพระลาน,11,09:00-17:00,0,0,1
ป้อมเผด็จ,ถนนหน้าพระลาน,11,17:00-19:00,0,0,1
ป้อมเผด็จ,ถนนหลักเมือง,11,07:00-09:00,0,0,1
ป้อมเผด็จ,ถนนหลักเมือง,11,09:00-17:00,0,0,1
ป้อมเผด็จ,ถนนหลักเมือง,11,17:00-19:00,0,0,1
ป้อมเผด็จ,ราชดำเนิน,6,07:00-09:00,0,1,0
ป้อมเผด็จ,ราชดำเนิน,6,09:00-16:00,0,1,0
ป้อมเผด็จ,ราชดำเนิน,6,16:00-19:00,0,1,0
ป้อมเผด็จ,ราชดำเนินใน,1,06:30-09:00,1,0,0
ป้อมเผด็จ,ราชดำเนินใน,1,09:00-16:00,1,0,0
ป้อมเผด็จ,ราชดำเนินใน,1,16:00-19:30,1,0,0
ป้อมเผด็จ,ราชดำเนินใน,2,07:00-09:00,0,1,0
ป้อมเผด็จ,ราชดำเนินใน,2,09:00-16:00,0,1,0
ป้อมเผด็จ,ราชดำเนินใน,2,16:00-19:00,0,1,0
ป้อมเผด็จ,สนามไชย,1,06:30-09:00,1,0,0
ป้อมเผด็จ,สนามไชย,1,09:00-16:00,1,0,0
ป้อมเผด็จ,สนามไชย,1,16:00-19:30,1,0,0
ป้อมเผด็จ,สนามไชย,2,07:00-09:00,0,1,0
ป้อมเผด็จ,สนามไชย,2,09:00-16:00,0,1,0
ป้อมเผด็จ,สนามไชย,2,16:00-19:00,0,1,0
ป้อมเผด็จ,สนามไชย,6,07:00-09:00,0,1,0
ป้อมเผด็จ,สนามไชย,6,09:00-16:00,0,1,0
ป้อมเผด็จ,สนามไชย,6,16:00-19:00,0,1,0
ป้อมเผด็จ,หน้าพระลาน,1,07:00-09:00,1,0,0
ป้อมเผด็จ,หน้าพระลาน,1,09:00-16:00,1,0,0
ป้อมเผด็จ,หน้าพระลาน,1,16:00-19:00,1,0,0
ป้อมเผด็จ,หน้าพระลาน,2,07:00-09:00,0,1,0
ป้อมเผด็จ,หน้าพระลาน,2,09:00-16:00,0,1,0
ป้อมเผด็จ,หน้าพระลาน,2,16:00-19:00,0,1,0
ป้อมเผด็จ,หลักเมือง,1,07:00-09:00,1,0,0
ป้อมเผด็จ,หลักเมือง,1,09:00-16:00,1,0,0
ป้อมเผด็จ,หลักเมือง,1,16:00-19:00,1,0,0
ป้อมเผด็จ,หลักเมือง,2,07:00-09:00,0,1,0
ป้อมเผด็จ,หลักเมือง,2,09:00-16:00,0,1,0
ป้อมเผด็จ,หลักเมือง,2,16:00-19:00,0,1,0
ป้อมเผด็จ,หลักเมือง,6,07:00-09:00,0,1,0
ป้อมเผด็จ,หลักเมือง,6,09:00-16:00,0,1,0
ป้อมเผด็จ,หลักเมือง,6,16:00-19:00,0,1,0
ผดุงพันธ์,ผดุงพันธ์,9,07:00-09:00,0,0,1
ผดุงพันธ์,ผดุงพันธ์,9,09:00-16:00,0,0,1
ผดุงพันธ์,ผดุงพันธ์,9,16:00-19:00,0,0,1
ผดุงพันธ์-บุรีภิรมย์,บุรีภิรมณ์1,11,07:00-09:00,0,0,1
ผดุงพันธ์-บุรีภิรมย์,บุรีภิรมณ์1,11,09:00-17:00,0,0,1
ผดุงพันธ์-บุรีภิรมย์,บุรีภิรมณ์1,11,17:00-19:00,0,0,1
ผดุงพันธ์-บุรีภิรมย์,ผดุงพันธ์(SB),11,07:00-09:00,0,0,1
ผดุงพันธ์-บุรีภิรมย์,ผดุงพันธ์(SB),11,09:00-17:00,0,0,1
ผดุงพันธ์-บุรีภิรมย์,ผดุงพันธ์(SB),11,17:00-19:00,0,0,1
ผดุงพันธ์-บุรีภิรมย์,ผดุงพันธ์(WB),11,07:00-09:00,0,0,1
ผดุงพันธ์-บุรีภิรมย์,ผดุงพันธ์(WB),11,09:00-17:00,0,0,1
ผดุงพันธ์-บุรีภิรมย์,ผดุงพันธ์(WB),11,17:00-19:00,0,0,1
ผดุงพันธ์-ยังพัธนา,ผดุงพันธ์,11,07:00-09:00,0,0,1
ผดุงพันธ์-ยังพัธนา,ผดุงพันธ์,11,09:00-17:00,0,0,1
ผดุงพันธ์-ยังพัธนา,ผดุงพันธ์,11,17:00-19:00,0,0,1
ผดุงพันธ์-ยังพัธนา,ยังพัธนา,11,07:00-09:00,0,0,1
ผดุงพันธ์-ยังพัธนา,ยังพัธนา,11,09:00-17:00,0,0,1
ผดุงพันธ์-ยังพัธนา,ยังพัธนา,11,17:00-19:00,0,0,1
ผลาสินธุ์-ทางเข้าออกแฟลตทบ.ส่วนกลางบางเขน,ทางเข้าออกแฟลตทบ.ส่วนกลางบางเขน,1,07:00-09:00,0,0,1
ผลาสินธุ์-ทางเข้าออกแฟลตทบ.ส่วนกลางบางเขน,ทางเข้าออกแฟลตทบ.ส่วนกลางบางเขน,1,09:00-17:00,0,0,1
ผลาสินธุ์-ทางเข้าออกแฟลตทบ.ส่วนกลางบางเขน,ทางเข้าออกแฟลตทบ.ส่วนกลางบางเขน,1,17:00-19:00,0,0,1
ผลาสินธุ์-ทางเข้าออกแฟลตทบ.ส่วนกลางบางเขน,ผลาสินธุ์,1,07:00-09:00,0,0,1
ผลาสินธุ์-ทางเข้าออกแฟลตทบ.ส่วนกลางบางเขน,ผลาสินธุ์,1,09:00-17:00,0,0,1
ผลาสินธุ์-ทางเข้าออกแฟลตทบ.ส่วนกลางบางเขน,ผลาสินธุ์,1,17:00-19:00,0,0,1
ผังเมือง,ถนนพระราม9,12,07:00-09:00,0,0,1
ผังเมือง,ถนนพระราม9,12,09:00-17:00,0,0,1
ผังเมือง,ถนนพระราม9,12,17:00-19:00,0,0,1
ผังเมือง,พระราม9,5,07:00-09:00,0,0,1
ผังเมือง,พระราม9,5,09:00-16:00,0,0,1
ผังเมือง,พระราม9,5,16:00-19:00,0,0,1
ผังเมือง,พระราม9,8,07:00-09:00,0,1,0
ผังเมือง,พระราม9,8,09:00-16:00,0,1,0
ผังเมือง,พระราม9,8,16:00-19:00,0,1,0
ผังเมือง,พระราม9,9,07:00-09:00,0,1,0
ผังเมือง,พระราม9,9,09:00-16:00,0,1,0
ผังเมือง,พระราม9,9,16:00-19:00,0,1,0
ผังเมือง,พระราม9,12,07:00-09:00,1,0,0
ผังเมือง,พระราม9,12,09:00-16:00,1,0,0
ผังเมือง,พระราม9,12,16:00-19:00,1,0,0
ผังเมือง,พระราม9ซอย6/รอยัลซิตี้อเวนิว,12,07:00-09:00,0,0,1
ผังเมือง,พระราม9ซอย6/รอยัลซิตี้อเวนิว,12,09:00-17:00,0,0,1
ผังเมือง,พระราม9ซอย6/รอยัลซิตี้อเวนิว,12,17:00-19:00,0,0,1
ผังเมือง,รอยัลซิติ้อเวนิว,12,07:00-09:00,1,0,0
ผังเมือง,รอยัลซิติ้อเวนิว,12,09:00-16:00,1,0,0
ผังเมือง,รอยัลซิติ้อเวนิว,12,16:00-19:00,1,0,0
ผังเมือง,รอยัลซิตี้อเวนิว,5,07:00-09:00,0,0,1
ผังเมือง,รอยัลซิตี้อเวนิว,5,09:00-16:00,0,0,1
ผังเมือง,รอยัลซิตี้อเวนิว,5,16:00-19:00,0,0,1
ผังเมือง,รอยัลซีตี้อเวนิว,8,07:00-09:00,0,1,0
ผังเมือง,รอยัลซีตี้อเวนิว,8,09:00-16:00,0,1,0
ผังเมือง,รอยัลซีตี้อเวนิว,8,16:00-19:00,0,1,0
ผังเมือง,รอยัลซีตี้อเวนิว,9,07:00-09:00,0,1,0
ผังเมือง,รอยัลซีตี้อเวนิว,9,09:00-16:00,0,1,0
ผังเมือง,รอยัลซีตี้อเวนิว,9,16:00-19:00,0,1,0
ผังเมือง,วัฒนธรรม,5,07:00-09:00,0,0,1
ผังเมือง,วัฒนธรรม,5,09:00-16:00,0,0,1
ผังเมือง,วัฒนธรรม,5,16:00-19:00,0,0,1
ผังเมือง,วัฒนธรรม,8,07:00-09:00,0,1,0
ผังเมือง,วัฒนธรรม,8,09:00-16:00,0,1,0
ผังเมือง,วัฒนธรรม,8,16:00-19:00,0,1,0
ผังเมือง,วัฒนธรรม,9,07:00-09:00,0,1,0
ผังเมือง,วัฒนธรรม,9,09:00-16:00,0,1,0
ผังเมือง,วัฒนธรรม,9,16:00-19:00,0,1,0
ผังเมือง,วัฒนธรรม,12,07:00-09:00,1,0,1
ผังเมือง,วัฒนธรรม,12,09:00-16:00,1,0,0
ผังเมือง,วัฒนธรรม,12,09:00-17:00,0,0,1
ผังเมือง,วัฒนธรรม,12,16:00-19:00,1,0,0
ผังเมือง,วัฒนธรรม,12,17:00-19:00,0,0,1
ผ่องพลอย,ลาซาล,7,07:00-09:00,0,0,1
ผ่องพลอย,ลาซาล,7,09:00-17:00,0,0,1
ผ่องพลอย,ลาซาล,7,17:00-19:00,0,0,1
ผ่องพลอย,ลาซาล,9,07:00-09:00,0,0,1
ผ่องพลอย,ลาซาล,9,09:00-17:00,0,0,1
ผ่องพลอย,ลาซาล,9,17:00-19:00,0,0,1
ผ่องพลอย,ลาซาล(สุขุมวิท105),5,07:00-09:00,0,1,0
ผ่องพลอย,ลาซาล(สุขุมวิท105),5,09:00-16:00,0,1,0
ผ่องพลอย,ลาซาล(สุขุมวิท105),5,16:00-19:00,0,1,0
ผ่องพลอย,ลาซาล46,5,06:30-09:00,0,1,0
ผ่องพลอย,ลาซาล46,5,09:00-16:00,0,1,0
ผ่องพลอย,ลาซาล46,5,16:00-19:30,0,1,0
ผ่องพลอย,ลาซาล46,7,07:00-09:00,0,0,1
ผ่องพลอย,ลาซาล46,7,09:00-17:00,0,0,1
ผ่องพลอย,ลาซาล46,7,17:00-19:00,0,0,1
ผ่องพลอย,ลาซาล46,9,07:00-09:00,0,0,1
ผ่องพลอย,ลาซาล46,9,09:00-17:00,0,0,1
ผ่องพลอย,ลาซาล46,9,17:00-19:00,0,0,1
ผ่องพลอย,ลาซาล55,5,07:00-09:00,0,1,0
ผ่องพลอย,ลาซาล55,5,09:00-16:00,0,1,0
ผ่องพลอย,ลาซาล55,5,16:00-19:00,0,1,0
ผ่องพลอย,ลาซาล55,7,07:00-09:00,0,0,1
ผ่องพลอย,ลาซาล55,7,09:00-17:00,0,0,1
ผ่องพลอย,ลาซาล55,7,17:00-19:00,0,0,1
ผ่องพลอย,ลาซาล55,9,07:00-09:00,0,0,1
ผ่องพลอย,ลาซาล55,9,09:00-17:00,0,0,1
ผ่องพลอย,ลาซาล55,9,17:00-19:00,0,0,1
ผ่านพิภพ,จักรพงษ์,2,07:00-09:00,1,0,0
ผ่านพิภพ,จักรพงษ์,2,09:00-16:00,1,0,0
ผ่านพิภพ,จักรพงษ์,2,16:00-19:00,1,0,0
ผ่านพิภพ,ราชดำเนินกลาง,2,07:00-09:00,1,0,0
ผ่านพิภพ,ราชดำเนินกลาง,2,09:00-16:00,1,0,0
ผ่านพิภพ,ราชดำเนินกลาง,2,16:00-19:00,1,0,0
ผ่านพิภพ,ราชดำเนินใน,2,07:00-09:00,1,0,0
ผ่านพิภพ,ราชดำเนินใน,2,09:00-16:00,1,0,0
ผ่านพิภพ,ราชดำเนินใน,2,16:00-19:00,1,0,0
ผ่านพิภพ,สมเด็จพระปิ่นเกล้า,2,07:00-09:00,1,0,0
ผ่านพิภพ,สมเด็จพระปิ่นเกล้า,2,09:00-16:00,1,0,0
ผ่านพิภพ,สมเด็จพระปิ่นเกล้า,2,16:00-19:00,1,0,0
ผ่านพิภพลีลา,จักรพงษ์,2,07:00-09:00,0,1,0
ผ่านพิภพลีลา,จักรพงษ์,2,09:00-16:00,0,1,0
ผ่านพิภพลีลา,จักรพงษ์,2,16:00-19:00,0,1,0
ผ่านพิภพลีลา,จักรพงษ์,7,07:00-09:00,0,0,1
ผ่านพิภพลีลา,จักรพงษ์,7,09:00-16:00,0,0,1
ผ่านพิภพลีลา,จักรพงษ์,7,16:00-19:00,0,0,1
ผ่านพิภพลีลา,ราชดำเนินกลาง,2,07:00-09:00,0,1,0
ผ่านพิภพลีลา,ราชดำเนินกลาง,2,09:00-16:00,0,1,0
ผ่านพิภพลีลา,ราชดำเนินกลาง,2,16:00-19:00,0,1,0
ผ่านพิภพลีลา,ราชดำเนินกลาง,7,07:00-09:00,0,0,1
ผ่านพิภพลีลา,ราชดำเนินกลาง,7,09:00-16:00,0,0,1
ผ่านพิภพลีลา,ราชดำเนินกลาง,7,16:00-19:00,0,0,1
ผ่านพิภพลีลา,ราชดำเนินใน,2,07:00-09:00,0,1,0
ผ่านพิภพลีลา,ราชดำเนินใน,2,09:00-16:00,0,1,0
ผ่านพิภพลีลา,ราชดำเนินใน,2,16:00-19:00,0,1,0
ผ่านพิภพลีลา,ราชดำเนินใน,7,07:00-09:00,0,0,1
ผ่านพิภพลีลา,ราชดำเนินใน,7,09:00-16:00,0,0,1
ผ่านพิภพลีลา,ราชดำเนินใน,7,16:00-19:00,0,0,1
ผ่านพิภพลีลา,สมเด็จพระปิ่นเกล้า,2,07:00-09:00,0,1,0
ผ่านพิภพลีลา,สมเด็จพระปิ่นเกล้า,2,09:00-16:00,0,1,0
ผ่านพิภพลีลา,สมเด็จพระปิ่นเกล้า,2,16:00-19:00,0,1,0
ผ่านพิภพลีลา,สมเด็จพระปิ่นเกล้า,7,07:00-09:00,0,0,1
ผ่านพิภพลีลา,สมเด็จพระปิ่นเกล้า,7,09:00-16:00,0,0,1
ผ่านพิภพลีลา,สมเด็จพระปิ่นเกล้า,7,16:00-19:00,0,0,1
ผ่านฟ้า,นครสวรรค์,3,07:00-09:00,0,1,0
ผ่านฟ้า,นครสวรรค์,3,09:00-16:00,0,1,0
ผ่านฟ้า,นครสวรรค์,3,16:00-19:00,0,1,0
ผ่านฟ้า,นครสวรรค์,12,07:00-09:00,1,0,0
ผ่านฟ้า,นครสวรรค์,12,09:00-16:00,1,0,0
ผ่านฟ้า,นครสวรรค์,12,16:00-19:00,1,0,0
ผ่านฟ้า,บรพิตัร,3,07:00-09:00,0,1,0
ผ่านฟ้า,บรพิตัร,3,09:00-16:00,0,1,0
ผ่านฟ้า,บรพิตัร,3,16:00-19:00,0,1,0
ผ่านฟ้า,บริพัตร,12,07:00-09:00,1,0,0
ผ่านฟ้า,บริพัตร,12,09:00-16:00,1,0,0
ผ่านฟ้า,บริพัตร,12,16:00-19:00,1,0,0
ผ่านฟ้า,ปรินายก,3,07:00-09:00,0,1,0
ผ่านฟ้า,ปรินายก,3,09:00-16:00,0,1,0
ผ่านฟ้า,ปรินายก,3,16:00-19:00,0,1,0
ผ่านฟ้า,ปรินายก,12,07:00-09:00,1,0,0
ผ่านฟ้า,ปรินายก,12,09:00-16:00,1,0,0
ผ่านฟ้า,ปรินายก,12,16:00-19:00,1,0,0
ผ่านฟ้า,ราชดำเนินกลาง,3,07:00-09:00,0,1,0
ผ่านฟ้า,ราชดำเนินกลาง,3,09:00-16:00,0,1,0
ผ่านฟ้า,ราชดำเนินกลาง,3,16:00-19:00,0,1,0
ผ่านฟ้า,ราชดำเนินกลาง,12,07:00-09:00,1,0,0
ผ่านฟ้า,ราชดำเนินกลาง,12,09:00-16:00,1,0,0
ผ่านฟ้า,ราชดำเนินกลาง,12,16:00-19:00,1,0,0
ผ่านฟ้า,ราชดำเนินนอก,3,07:00-09:00,0,1,0
ผ่านฟ้า,ราชดำเนินนอก,3,09:00-16:00,0,1,0
ผ่านฟ้า,ราชดำเนินนอก,3,16:00-19:00,0,1,0
ผ่านฟ้า,ราชดำเนินนอก,12,07:00-09:00,1,0,0
ผ่านฟ้า,ราชดำเนินนอก,12,09:00-16:00,1,0,0
ผ่านฟ้า,ราชดำเนินนอก,12,16:00-19:00,1,0,0
ผ่านฟ้า,หลานหลวง,3,07:00-09:00,0,1,0
ผ่านฟ้า,หลานหลวง,3,09:00-16:00,0,1,0
ผ่านฟ้า,หลานหลวง,3,16:00-19:00,0,1,0
ผ่านฟ้า,หลานหลวง,12,07:00-09:00,1,0,0
ผ่านฟ้า,หลานหลวง,12,09:00-16:00,1,0,0
ผ่านฟ้า,หลานหลวง,12,16:00-19:00,1,0,0
ผ่านฟ้าลีลาศ,นครสวรรค์,6,07:00-09:00,0,0,1
ผ่านฟ้าลีลาศ,นครสวรรค์,6,09:00-17:00,0,0,1
ผ่านฟ้าลีลาศ,นครสวรรค์,6,17:00-19:00,0,0,1
ผ่านฟ้าลีลาศ,นครสวรรค์,10,07:00-09:00,0,0,1
ผ่านฟ้าลีลาศ,นครสวรรค์,10,09:00-17:00,0,0,1
ผ่านฟ้าลีลาศ,นครสวรรค์,10,17:00-19:00,0,0,1
ผ่านฟ้าลีลาศ,บริพัตร,6,07:00-09:00,0,0,1
ผ่านฟ้าลีลาศ,บริพัตร,6,09:00-17:00,0,0,1
ผ่านฟ้าลีลาศ,บริพัตร,6,17:00-19:00,0,0,1
ผ่านฟ้าลีลาศ,บริพัตร,10,07:00-09:00,0,0,1
ผ่านฟ้าลีลาศ,บริพัตร,10,09:00-17:00,0,0,1
ผ่านฟ้าลีลาศ,บริพัตร,10,17:00-19:00,0,0,1
ผ่านฟ้าลีลาศ,ปรินายก,6,07:00-09:00,0,0,1
ผ่านฟ้าลีลาศ,ปรินายก,6,09:00-17:00,0,0,1
ผ่านฟ้าลีลาศ,ปรินายก,6,17:00-19:00,0,0,1
ผ่านฟ้าลีลาศ,ปรินายก,10,07:00-09:00,0,0,1
ผ่านฟ้าลีลาศ,ปรินายก,10,09:00-17:00,0,0,1
ผ่านฟ้าลีลาศ,ปรินายก,10,17:00-19:00,0,0,1
ผ่านฟ้าลีลาศ,ราชดำเนินกลาง,6,07:00-09:00,0,0,1
ผ่านฟ้าลีลาศ,ราชดำเนินกลาง,6,09:00-17:00,0,0,1
ผ่านฟ้าลีลาศ,ราชดำเนินกลาง,6,17:00-19:00,0,0,1
ผ่านฟ้าลีลาศ,ราชดำเนินกลาง,10,07:00-09:00,0,0,1
ผ่านฟ้าลีลาศ,ราชดำเนินกลาง,10,09:00-17:00,0,0,1
ผ่านฟ้าลีลาศ,ราชดำเนินกลาง,10,17:00-19:00,0,0,1
ผ่านฟ้าลีลาศ,ราชดำเนินนอก,6,07:00-09:00,0,0,1
ผ่านฟ้าลีลาศ,ราชดำเนินนอก,6,09:00-17:00,0,0,1
ผ่านฟ้าลีลาศ,ราชดำเนินนอก,6,17:00-19:00,0,0,1
ผ่านฟ้าลีลาศ,ราชดำเนินนอก,10,07:00-09:00,0,0,1
ผ่านฟ้าลีลาศ,ราชดำเนินนอก,10,09:00-17:00,0,0,1
ผ่านฟ้าลีลาศ,ราชดำเนินนอก,10,17:00-19:00,0,0,1
ผ่านฟ้าลีลาศ,หลานหลวง,6,07:00-09:00,0,0,1
ผ่านฟ้าลีลาศ,หลานหลวง,6,09:00-17:00,0,0,1
ผ่านฟ้าลีลาศ,หลานหลวง,6,17:00-19:00,0,0,1
ผ่านฟ้าลีลาศ,หลานหลวง,10,07:00-09:00,0,0,1
ผ่านฟ้าลีลาศ,หลานหลวง,10,09:00-17:00,0,0,1
ผ่านฟ้าลีลาศ,หลานหลวง,10,17:00-19:00,0,0,1
ผ่านภิภพลีลา,จักรพงษ์,9,07:00-09:00,0,0,1
ผ่านภิภพลีลา,จักรพงษ์,9,09:00-17:00,0,0,1
ผ่านภิภพลีลา,จักรพงษ์,9,17:00-19:00,0,0,1
ผ่านภิภพลีลา,ราชดำเนินกลาง,9,07:00-09:00,0,0,1
ผ่านภิภพลีลา,ราชดำเนินกลาง,9,09:00-17:00,0,0,1
ผ่านภิภพลีลา,ราชดำเนินกลาง,9,17:00-19:00,0,0,1
ผ่านภิภพลีลา,ราชดำเนินใน,9,07:00-09:00,0,0,1
ผ่านภิภพลีลา,ราชดำเนินใน,9,09:00-17:00,0,0,1
ผ่านภิภพลีลา,ราชดำเนินใน,9,17:00-19:00,0,0,1
ผ่านภิภพลีลา,สมเด็จพระปิ่นเกล้า,9,07:00-09:00,0,0,1
ผ่านภิภพลีลา,สมเด็จพระปิ่นเกล้า,9,09:00-17:00,0,0,1
ผ่านภิภพลีลา,สมเด็จพระปิ่นเกล้า,9,17:00-19:00,0,0,1
พงษ์พระราม,จารุเมือง,6,07:00-09:00,0,1,0
พงษ์พระราม,จารุเมือง,6,09:00-16:00,0,1,0
พงษ์พระราม,จารุเมือง,6,16:00-19:00,0,1,0
พงษ์พระราม,จารุเมือง,7,07:00-09:00,0,0,1
พงษ์พระราม,จารุเมือง,7,09:00-17:00,0,0,1
พงษ์พระราม,จารุเมือง,7,17:00-19:00,0,0,1
พงษ์พระราม,จารุเมือง,8,07:00-09:00,1,0,0
พงษ์พระราม,จารุเมือง,8,09:00-16:00,1,0,0
พงษ์พระราม,จารุเมือง,8,16:00-19:00,1,0,0
พงษ์พระราม,จารุเมือง,11,07:00-09:00,0,1,0
พงษ์พระราม,จารุเมือง,11,09:00-16:00,0,1,0
พงษ์พระราม,จารุเมือง,11,16:00-19:00,0,1,0
พงษ์พระราม,จารุเมือง,12,07:00-09:00,0,0,1
พงษ์พระราม,จารุเมือง,12,09:00-17:00,0,0,1
พงษ์พระราม,จารุเมือง,12,17:00-19:00,0,0,1
พงษ์พระราม,พระรามที่1,6,07:00-09:00,0,1,0
พงษ์พระราม,พระรามที่1,6,09:00-16:00,0,1,0
พงษ์พระราม,พระรามที่1,6,16:00-19:00,0,1,0
พงษ์พระราม,พระรามที่1,7,07:00-09:00,0,0,1
พงษ์พระราม,พระรามที่1,7,09:00-17:00,0,0,1
พงษ์พระราม,พระรามที่1,7,17:00-19:00,0,0,1
พงษ์พระราม,พระรามที่1,8,07:00-09:00,1,0,0
พงษ์พระราม,พระรามที่1,8,09:00-16:00,1,0,0
พงษ์พระราม,พระรามที่1,8,16:00-19:00,1,0,0
พงษ์พระราม,พระรามที่1,11,07:00-09:00,0,1,0
พงษ์พระราม,พระรามที่1,11,09:00-16:00,0,1,0
พงษ์พระราม,พระรามที่1,11,16:00-19:00,0,1,0
พงษ์พระราม,พระรามที่1,12,07:00-09:00,0,0,1
พงษ์พระราม,พระรามที่1,12,09:00-17:00,0,0,1
พงษ์พระราม,พระรามที่1,12,17:00-19:00,0,0,1
พงษ์เพชร,งามวงศ์วาน,4,07:00-09:00,0,0,1
พงษ์เพชร,งามวงศ์วาน,4,09:00-17:00,0,0,1
พงษ์เพชร,งามวงศ์วาน,4,17:00-19:00,0,0,1
พงษ์เพชร,งามวงศ์วาน,5,06:30-09:00,1,0,0
พงษ์เพชร,งามวงศ์วาน,5,09:00-16:00,1,0,0
พงษ์เพชร,งามวงศ์วาน,5,16:00-19:30,1,0,0
พงษ์เพชร,งามวงศ์วาน,7,07:00-09:00,0,0,1
พงษ์เพชร,งามวงศ์วาน,7,09:00-17:00,0,0,1
พงษ์เพชร,งามวงศ์วาน,7,17:00-19:00,0,0,1
พงษ์เพชร,งามวงศ์วาน,9,07:00-09:00,0,1,0
พงษ์เพชร,งามวงศ์วาน,9,09:00-16:00,0,1,0
พงษ์เพชร,งามวงศ์วาน,9,16:00-19:00,0,1,0
พงษ์เพชร,งามวงศ์วาน,10,07:00-09:00,1,0,0
พงษ์เพชร,งามวงศ์วาน,10,09:00-16:00,1,0,0
พงษ์เพชร,งามวงศ์วาน,10,16:00-19:00,1,0,0
พงษ์เพชร,ประชาชื่น,4,07:00-09:00,0,0,1
พงษ์เพชร,ประชาชื่น,4,09:00-17:00,0,0,1
พงษ์เพชร,ประชาชื่น,4,17:00-19:00,0,0,1
พงษ์เพชร,ประชาชื่น,5,06:30-09:00,1,0,0
พงษ์เพชร,ประชาชื่น,5,09:00-16:00,1,0,0
พงษ์เพชร,ประชาชื่น,5,16:00-19:30,1,0,0
พงษ์เพชร,ประชาชื่น,7,07:00-09:00,0,0,1
พงษ์เพชร,ประชาชื่น,7,09:00-17:00,0,0,1
พงษ์เพชร,ประชาชื่น,7,17:00-19:00,0,0,1
พงษ์เพชร,ประชาชื่น,9,07:00-09:00,0,1,0
พงษ์เพชร,ประชาชื่น,9,09:00-16:00,0,1,0
พงษ์เพชร,ประชาชื่น,9,16:00-19:00,0,1,0
พงษ์เพชร,ประชาชื่น,10,07:00-09:00,1,0,0
พงษ์เพชร,ประชาชื่น,10,09:00-16:00,1,0,0
พงษ์เพชร,ประชาชื่น,10,16:00-19:00,1,0,0
พญาไท,พญาไท,6,06:30-09:00,0,1,0
พญาไท,พญาไท,6,07:00-09:00,0,0,1
พญาไท,พญาไท,6,09:00-16:00,0,1,0
พญาไท,พญาไท,6,09:00-17:00,0,0,1
พญาไท,พญาไท,6,16:00-19:30,0,1,0
พญาไท,พญาไท,6,17:00-19:00,0,0,1
พญาไท,พญาไท,7,07:00-09:00,0,0,2
พญาไท,พญาไท,7,09:00-17:00,0,0,2
พญาไท,พญาไท,7,17:00-19:00,0,0,2
พญาไท,พญาไท,11,07:00-09:00,1,0,0
พญาไท,พญาไท,11,09:00-16:00,1,0,0
พญาไท,พญาไท,11,16:00-19:00,1,0,0
พญาไท,พญาไท,12,07:00-09:00,0,1,0
พญาไท,พญาไท,12,09:00-16:00,0,1,0
พญาไท,พญาไท,12,16:00-19:00,0,1,0
พญาไท,ศรีอยุธยา,6,06:30-09:00,0,1,0
พญาไท,ศรีอยุธยา,6,07:00-09:00,0,0,1
พญาไท,ศรีอยุธยา,6,09:00-16:00,0,1,0
พญาไท,ศรีอยุธยา,6,09:00-17:00,0,0,1
พญาไท,ศรีอยุธยา,6,16:00-19:30,0,1,0
พญาไท,ศรีอยุธยา,6,17:00-19:00,0,0,1
พญาไท,ศรีอยุธยา,7,07:00-09:00,0,0,2
พญาไท,ศรีอยุธยา,7,09:00-17:00,0,0,2
พญาไท,ศรีอยุธยา,7,17:00-19:00,0,0,2
พญาไท,ศรีอยุธยา,11,07:00-09:00,1,0,0
พญาไท,ศรีอยุธยา,11,09:00-16:00,1,0,0
พญาไท,ศรีอยุธยา,11,16:00-19:00,1,0,0
พญาไท,ศรีอยุธยา,12,07:00-09:00,0,1,0
พญาไท,ศรีอยุธยา,12,09:00-16:00,0,1,0
พญาไท,ศรีอยุธยา,12,16:00-19:00,0,1,0
พทุธมณฑลสาย1-บางแวก,บางแวก,11,07:00-09:00,0,1,0
พทุธมณฑลสาย1-บางแวก,บางแวก,11,09:00-16:00,0,1,0
พทุธมณฑลสาย1-บางแวก,บางแวก,11,16:00-19:00,0,1,0
พทุธมณฑลสาย1-บางแวก,พุทธมณฑลสาย1,11,07:00-09:00,0,1,0
พทุธมณฑลสาย1-บางแวก,พุทธมณฑลสาย1,11,09:00-16:00,0,1,0
พทุธมณฑลสาย1-บางแวก,พุทธมณฑลสาย1,11,16:00-19:00,0,1,0
พระยาสุเรนทร์-จตุโชติ,จตุโชติ,10,07:00-09:00,0,0,1
พระยาสุเรนทร์-จตุโชติ,จตุโชติ,10,09:00-17:00,0,0,1
พระยาสุเรนทร์-จตุโชติ,จตุโชติ,10,17:00-19:00,0,0,1
พระยาสุเรนทร์-จตุโชติ,พระยาสุเรนทร์,10,07:00-09:00,0,0,1
พระยาสุเรนทร์-จตุโชติ,พระยาสุเรนทร์,10,09:00-17:00,0,0,1
พระยาสุเรนทร์-จตุโชติ,พระยาสุเรนทร์,10,17:00-19:00,0,0,1
พระราม2ซอย50แยก5,พระราม2ซอย50,4,07:00-09:00,0,0,1
พระราม2ซอย50แยก5,พระราม2ซอย50,4,09:00-17:00,0,0,1
พระราม2ซอย50แยก5,พระราม2ซอย50,4,17:00-19:00,0,0,1
พระราม2ซอย69แยก1,พระราม2ซอย69,10,07:00-09:00,0,0,1
พระราม2ซอย69แยก1,พระราม2ซอย69,10,09:00-17:00,0,0,1
พระราม2ซอย69แยก1,พระราม2ซอย69,10,17:00-19:00,0,0,1
พระราม2ซอย69แยก1,พระราม2ซอย69แยก1,10,07:00-09:00,0,0,1
พระราม2ซอย69แยก1,พระราม2ซอย69แยก1,10,09:00-17:00,0,0,1
พระราม2ซอย69แยก1,พระราม2ซอย69แยก1,10,17:00-19:00,0,0,1
พระราม2ซอย69แยก2,พระราม2ซอย69,10,07:00-09:00,0,0,1
พระราม2ซอย69แยก2,พระราม2ซอย69,10,09:00-17:00,0,0,1
พระราม2ซอย69แยก2,พระราม2ซอย69,10,17:00-19:00,0,0,1
พระราม2ซอย69แยก2,พระราม2ซอย69แยก2,10,07:00-09:00,0,0,1
พระราม2ซอย69แยก2,พระราม2ซอย69แยก2,10,09:00-17:00,0,0,1
พระราม2ซอย69แยก2,พระราม2ซอย69แยก2,10,17:00-19:00,0,0,1
พระราม2ซอย69แยก3,พระราม2ซอย69,10,07:00-09:00,0,0,1
พระราม2ซอย69แยก3,พระราม2ซอย69,10,09:00-17:00,0,0,1
พระราม2ซอย69แยก3,พระราม2ซอย69,10,17:00-19:00,0,0,1
พระราม2ซอย69แยก3,พระราม2ซอย69แยก3,10,07:00-09:00,0,0,1
พระราม2ซอย69แยก3,พระราม2ซอย69แยก3,10,09:00-17:00,0,0,1
พระราม2ซอย69แยก3,พระราม2ซอย69แยก3,10,17:00-19:00,0,0,1
พระราม3-รัชดา,พระรามที่3,8,07:00-09:00,0,0,1
พระราม3-รัชดา,พระรามที่3,8,09:00-17:00,0,0,1
พระราม3-รัชดา,พระรามที่3,8,17:00-19:00,0,0,1
พระราม3-รัชดา,พระรามที่3,10,07:00-09:00,0,0,1
พระราม3-รัชดา,พระรามที่3,10,09:00-17:00,0,0,1
พระราม3-รัชดา,พระรามที่3,10,17:00-19:00,0,0,1
พระราม3-รัชดา,รัชดาภิเษก,8,07:00-09:00,0,0,1
พระราม3-รัชดา,รัชดาภิเษก,8,09:00-17:00,0,0,1
พระราม3-รัชดา,รัชดาภิเษก,8,17:00-19:00,0,0,1
พระราม3-รัชดา,รัชดาภิเษก,10,07:00-09:00,0,0,1
พระราม3-รัชดา,รัชดาภิเษก,10,09:00-17:00,0,0,1
พระราม3-รัชดา,รัชดาภิเษก,10,17:00-19:00,0,0,1
พระราม9,พระราม9,2,07:00-09:00,1,0,1
พระราม9,พระราม9,2,09:00-16:00,1,0,0
พระราม9,พระราม9,2,09:00-17:00,0,0,1
พระราม9,พระราม9,2,16:00-19:00,1,0,0
พระราม9,พระราม9,2,17:00-19:00,0,0,1
พระราม9,พระราม9,9,07:00-09:00,0,0,1
พระราม9,พระราม9,9,09:00-17:00,0,0,1
พระราม9,พระราม9,9,17:00-19:00,0,0,1
พระราม9,พระราม9,10,07:00-09:00,1,0,0
พระราม9,พระราม9,10,09:00-16:00,1,0,0
พระราม9,พระราม9,10,16:00-19:00,1,0,0
พระราม9,พระราม9,11,07:00-09:00,0,1,0
พระราม9,พระราม9,11,09:00-16:00,0,1,0
พระราม9,พระราม9,11,16:00-19:00,0,1,0
พระราม9,พระราม9,12,07:00-09:00,0,1,0
พระราม9,พระราม9,12,09:00-16:00,0,1,0
พระราม9,พระราม9,12,16:00-19:00,0,1,0
พระราม9,รัชดาภิเษก,2,07:00-09:00,1,0,1
พระราม9,รัชดาภิเษก,2,09:00-16:00,1,0,0
พระราม9,รัชดาภิเษก,2,09:00-17:00,0,0,1
พระราม9,รัชดาภิเษก,2,16:00-19:00,1,0,0
พระราม9,รัชดาภิเษก,2,17:00-19:00,0,0,1
พระราม9,รัชดาภิเษก,9,07:00-09:00,0,0,1
พระราม9,รัชดาภิเษก,9,09:00-17:00,0,0,1
พระราม9,รัชดาภิเษก,9,17:00-19:00,0,0,1
พระราม9,รัชดาภิเษก,10,07:00-09:00,1,0,0
พระราม9,รัชดาภิเษก,10,09:00-16:00,1,0,0
พระราม9,รัชดาภิเษก,10,16:00-19:00,1,0,0
พระราม9,รัชดาภิเษก,11,07:00-09:00,0,1,0
พระราม9,รัชดาภิเษก,11,09:00-16:00,0,1,0
พระราม9,รัชดาภิเษก,11,16:00-19:00,0,1,0
พระราม9,รัชดาภิเษก,12,07:00-09:00,0,1,0
พระราม9,รัชดาภิเษก,12,09:00-16:00,0,1,0
พระราม9,รัชดาภิเษก,12,16:00-19:00,0,1,0
พระราม9,อโศกดินแดง,2,07:00-09:00,1,0,1
พระราม9,อโศกดินแดง,2,09:00-16:00,1,0,0
พระราม9,อโศกดินแดง,2,09:00-17:00,0,0,1
พระราม9,อโศกดินแดง,2,16:00-19:00,1,0,0
พระราม9,อโศกดินแดง,2,17:00-19:00,0,0,1
พระราม9,อโศกดินแดง,9,07:00-09:00,0,0,1
พระราม9,อโศกดินแดง,9,09:00-17:00,0,0,1
พระราม9,อโศกดินแดง,9,17:00-19:00,0,0,1
พระราม9,อโศกดินแดง,10,07:00-09:00,1,0,0
พระราม9,อโศกดินแดง,10,09:00-16:00,1,0,0
พระราม9,อโศกดินแดง,10,16:00-19:00,1,0,0
พระราม9,อโศกดินแดง,11,07:00-09:00,0,1,0
พระราม9,อโศกดินแดง,11,09:00-16:00,0,1,0
พระราม9,อโศกดินแดง,11,16:00-19:00,0,1,0
พระราม9,อโศกดินแดง,12,07:00-09:00,0,1,0
พระราม9,อโศกดินแดง,12,09:00-16:00,0,1,0
พระราม9,อโศกดินแดง,12,16:00-19:00,0,1,0
พระราม9-ประดิษฐ์มนูธรรม,ประดิษฐ์มนูธรรม,8,07:00-09:00,1,0,0
พระราม9-ประดิษฐ์มนูธรรม,ประดิษฐ์มนูธรรม,8,09:00-16:00,1,0,0
พระราม9-ประดิษฐ์มนูธรรม,ประดิษฐ์มนูธรรม,8,16:00-19:00,1,0,0
พระราม9-ประดิษฐ์มนูธรรม,ประดิษฐ์มนูธรรม,12,07:00-09:00,0,0,1
พระราม9-ประดิษฐ์มนูธรรม,ประดิษฐ์มนูธรรม,12,09:00-17:00,0,0,1
พระราม9-ประดิษฐ์มนูธรรม,ประดิษฐ์มนูธรรม,12,17:00-19:00,0,0,1
พระราม9-ประดิษฐ์มนูธรรม,พระราม9,8,07:00-09:00,1,0,0
พระราม9-ประดิษฐ์มนูธรรม,พระราม9,8,09:00-16:00,1,0,0
พระราม9-ประดิษฐ์มนูธรรม,พระราม9,8,16:00-19:00,1,0,0
พระราม9-ประดิษฐ์มนูธรรม,พระราม9,12,07:00-09:00,0,0,1
พระราม9-ประดิษฐ์มนูธรรม,พระราม9,12,09:00-17:00,0,0,1
พระราม9-ประดิษฐ์มนูธรรม,พระราม9,12,17:00-19:00,0,0,1
พระราม9ใหม่,พระราม9,5,07:00-09:00,0,0,1
พระราม9ใหม่,พระราม9,5,09:00-17:00,0,0,1
พระราม9ใหม่,พระราม9,5,17:00-19:00,0,0,1
พระราม9ใหม่,พระราม9,11,07:00-09:00,0,1,0
พระราม9ใหม่,พระราม9,11,09:00-16:00,0,1,0
พระราม9ใหม่,พระราม9,11,16:00-19:00,0,1,0
พระราม9ใหม่,พระรามที่9,10,07:00-09:00,1,0,0
พระราม9ใหม่,พระรามที่9,10,09:00-16:00,1,0,0
พระราม9ใหม่,พระรามที่9,10,16:00-19:00,1,0,0
พระราม9ใหม่,เพชรพระราม,5,07:00-09:00,0,0,1
พระราม9ใหม่,เพชรพระราม,5,09:00-17:00,0,0,1
พระราม9ใหม่,เพชรพระราม,5,17:00-19:00,0,0,1
พระราม9ใหม่,เพชรพระราม,10,07:00-09:00,1,0,0
พระราม9ใหม่,เพชรพระราม,10,09:00-16:00,1,0,0
พระราม9ใหม่,เพชรพระราม,10,16:00-19:00,1,0,0
พระราม9ใหม่,เพชรพระราม,11,07:00-09:00,0,1,0
พระราม9ใหม่,เพชรพระราม,11,09:00-16:00,0,1,0
พระราม9ใหม่,เพชรพระราม,11,16:00-19:00,0,1,0
พระราม9–ประดิษฐ์มนูธรรม,ประดิษฐ์มนูธรรม,10,07:00-09:00,0,0,1
พระราม9–ประดิษฐ์มนูธรรม,ประดิษฐ์มนูธรรม,10,09:00-16:00,0,0,1
พระราม9–ประดิษฐ์มนูธรรม,ประดิษฐ์มนูธรรม,10,16:00-19:00,0,0,1
พระราม9–ประดิษฐ์มนูธรรม,พระราม9,10,07:00-09:00,0,0,1
พระราม9–ประดิษฐ์มนูธรรม,พระราม9,10,09:00-16:00,0,0,1
พระราม9–ประดิษฐ์มนูธรรม,พระราม9,10,16:00-19:00,0,0,1
พระรามที่2,พระรามที่2,1,07:00-09:00,0,1,0
พระรามที่2,พระรามที่2,1,09:00-16:00,0,1,0
พระรามที่2,พระรามที่2,1,16:00-19:00,0,1,0
พระรามที่2,พระรามที่2,2,07:00-09:00,0,0,1
พระรามที่2,พระรามที่2,2,09:00-17:00,0,0,1
พระรามที่2,พระรามที่2,2,17:00-19:00,0,0,1
พระรามที่2,พระรามที่2,6,07:00-09:00,1,0,0
พระรามที่2,พระรามที่2,6,09:00-16:00,1,0,0
พระรามที่2,พระรามที่2,6,16:00-19:00,1,0,0
พระรามที่2,พระรามที่2,8,07:00-09:00,0,0,2
พระรามที่2,พระรามที่2,8,09:00-17:00,0,0,2
พระรามที่2,พระรามที่2,8,17:00-19:00,0,0,2
พระรามที่2,พระรามที่2,10,07:00-09:00,0,1,0
พระรามที่2,พระรามที่2,10,09:00-16:00,0,1,0
พระรามที่2,พระรามที่2,10,16:00-19:00,0,1,0
พระรามที่2,สุขสวัสดิ์,1,07:00-09:00,0,1,0
พระรามที่2,สุขสวัสดิ์,1,09:00-16:00,0,1,0
พระรามที่2,สุขสวัสดิ์,1,16:00-19:00,0,1,0
พระรามที่2,สุขสวัสดิ์,2,07:00-09:00,0,0,1
พระรามที่2,สุขสวัสดิ์,2,09:00-17:00,0,0,1
พระรามที่2,สุขสวัสดิ์,2,17:00-19:00,0,0,1
พระรามที่2,สุขสวัสดิ์,6,07:00-09:00,1,0,0
พระรามที่2,สุขสวัสดิ์,6,09:00-16:00,1,0,0
พระรามที่2,สุขสวัสดิ์,6,16:00-19:00,1,0,0
พระรามที่2,สุขสวัสดิ์,8,07:00-09:00,0,0,2
พระรามที่2,สุขสวัสดิ์,8,09:00-17:00,0,0,2
พระรามที่2,สุขสวัสดิ์,8,17:00-19:00,0,0,2
พระรามที่2,สุขสวัสดิ์,10,07:00-09:00,0,1,0
พระรามที่2,สุขสวัสดิ์,10,09:00-16:00,0,1,0
พระรามที่2,สุขสวัสดิ์,10,16:00-19:00,0,1,0
พระรามที่2-แสมดำ,พระรามที่2,8,07:00-09:00,1,0,0
พระรามที่2-แสมดำ,พระรามที่2,8,09:00-16:00,1,0,0
พระรามที่2-แสมดำ,พระรามที่2,8,16:00-19:00,1,0,0
พระรามที่2-แสมดำ,แสมดำ,8,07:00-09:00,1,0,0
พระรามที่2-แสมดำ,แสมดำ,8,09:00-16:00,1,0,0
พระรามที่2-แสมดำ,แสมดำ,8,16:00-19:00,1,0,0
พระรามที่2ซอย20,พระรามที่2,3,07:00-09:00,0,0,1
พระรามที่2ซอย20,พระรามที่2,3,09:00-17:00,0,0,1
พระรามที่2ซอย20,พระรามที่2,3,17:00-19:00,0,0,1
พระรามที่2ซอย20,พระรามที่2ซอย20,3,07:00-09:00,0,0,1
พระรามที่2ซอย20,พระรามที่2ซอย20,3,09:00-17:00,0,0,1
พระรามที่2ซอย20,พระรามที่2ซอย20,3,17:00-19:00,0,0,1
พระรามที่2ซอย28,พระรามที่2,3,07:00-09:00,0,0,1
พระรามที่2ซอย28,พระรามที่2,3,09:00-17:00,0,0,1
พระรามที่2ซอย28,พระรามที่2,3,17:00-19:00,0,0,1
พระรามที่2ซอย28,พระรามที่2ซอย28,3,07:00-09:00,0,0,1
พระรามที่2ซอย28,พระรามที่2ซอย28,3,09:00-17:00,0,0,1
พระรามที่2ซอย28,พระรามที่2ซอย28,3,17:00-19:00,0,0,1
พระรามที่3-นราธิวาส,นราธิวาสราชนครินทร์,2,07:00-09:00,0,0,1
พระรามที่3-นราธิวาส,นราธิวาสราชนครินทร์,2,09:00-17:00,0,0,1
พระรามที่3-นราธิวาส,นราธิวาสราชนครินทร์,2,17:00-19:00,0,0,1
พระรามที่3-นราธิวาส,นราธิวาสราชนครินทร์,11,07:00-09:00,0,0,1
พระรามที่3-นราธิวาส,นราธิวาสราชนครินทร์,11,09:00-17:00,0,0,1
พระรามที่3-นราธิวาส,นราธิวาสราชนครินทร์,11,17:00-19:00,0,0,1
พระรามที่3-นราธิวาส,พระรามที่3,2,07:00-09:00,0,0,1
พระรามที่3-นราธิวาส,พระรามที่3,2,09:00-17:00,0,0,1
พระรามที่3-นราธิวาส,พระรามที่3,2,17:00-19:00,0,0,1
พระรามที่3-นราธิวาส,พระรามที่3,8,07:00-09:00,0,1,0
พระรามที่3-นราธิวาส,พระรามที่3,8,09:00-16:00,0,1,0
พระรามที่3-นราธิวาส,พระรามที่3,8,16:00-19:00,0,1,0
พระรามที่3-นราธิวาส,พระรามที่3,11,07:00-09:00,0,0,1
พระรามที่3-นราธิวาส,พระรามที่3,11,09:00-17:00,0,0,1
พระรามที่3-นราธิวาส,พระรามที่3,11,17:00-19:00,0,0,1
พระรามที่3-ยานนาวา,พระรามที่3,2,07:00-09:00,0,1,0
พระรามที่3-ยานนาวา,พระรามที่3,2,09:00-16:00,0,1,0
พระรามที่3-ยานนาวา,พระรามที่3,2,16:00-19:00,0,1,0
พระรามที่3-ยานนาวา,พระรามที่3,10,07:00-09:00,1,0,0
พระรามที่3-ยานนาวา,พระรามที่3,10,09:00-16:00,1,0,0
พระรามที่3-ยานนาวา,พระรามที่3,10,16:00-19:00,1,0,0
พระรามที่3-ยานนาวา,พระรามที่3,11,07:00-09:00,1,0,0
พระรามที่3-ยานนาวา,พระรามที่3,11,09:00-16:00,1,0,0
พระรามที่3-ยานนาวา,พระรามที่3,11,16:00-19:00,1,0,0
พระรามที่3-ยานนาวา,พระรามที่3,12,07:00-09:00,0,0,1
พระรามที่3-ยานนาวา,พระรามที่3,12,09:00-16:00,0,0,1
พระรามที่3-ยานนาวา,พระรามที่3,12,16:00-19:00,0,0,1
พระรามที่3-ยานนาวา,ยานนาวา,2,07:00-09:00,0,1,0
พระรามที่3-ยานนาวา,ยานนาวา,2,09:00-16:00,0,1,0
พระรามที่3-ยานนาวา,ยานนาวา,2,16:00-19:00,0,1,0
พระรามที่3-ยานนาวา,ยานนาวา,10,07:00-09:00,1,0,0
พระรามที่3-ยานนาวา,ยานนาวา,10,09:00-16:00,1,0,0
พระรามที่3-ยานนาวา,ยานนาวา,10,16:00-19:00,1,0,0
พระรามที่3-ยานนาวา,ยานนาวา,11,07:00-09:00,1,0,0
พระรามที่3-ยานนาวา,ยานนาวา,11,09:00-16:00,1,0,0
พระรามที่3-ยานนาวา,ยานนาวา,11,16:00-19:00,1,0,0
พระรามที่3-ยานนาวา,ยานนาวา,12,07:00-09:00,0,0,1
พระรามที่3-ยานนาวา,ยานนาวา,12,09:00-16:00,0,0,1
พระรามที่3-ยานนาวา,ยานนาวา,12,16:00-19:00,0,0,1
พระรามที่3-รัชดา,พระรามที่3,4,07:00-09:00,0,1,0
พระรามที่3-รัชดา,พระรามที่3,4,09:00-16:00,0,1,0
พระรามที่3-รัชดา,พระรามที่3,4,16:00-19:00,0,1,0
พระรามที่3-รัชดา,รัชดาภิเษก,4,07:00-09:00,0,1,0
พระรามที่3-รัชดา,รัชดาภิเษก,4,09:00-16:00,0,1,0
พระรามที่3-รัชดา,รัชดาภิเษก,4,16:00-19:00,0,1,0
พระรามที่3-รัชดาภิเษก,พระรามที่3,11,07:00-09:00,1,0,0
พระรามที่3-รัชดาภิเษก,พระรามที่3,11,09:00-16:00,1,0,0
พระรามที่3-รัชดาภิเษก,พระรามที่3,11,16:00-19:00,1,0,0
พระรามที่3-รัชดาภิเษก,รัชดาภิเษก,11,07:00-09:00,1,0,0
พระรามที่3-รัชดาภิเษก,รัชดาภิเษก,11,09:00-16:00,1,0,0
พระรามที่3-รัชดาภิเษก,รัชดาภิเษก,11,16:00-19:00,1,0,0
พระรามที่3-วงแหวนอุตสาหกรรม,พระรามที่3,4,07:00-09:00,0,0,1
พระรามที่3-วงแหวนอุตสาหกรรม,พระรามที่3,4,09:00-17:00,0,0,1
พระรามที่3-วงแหวนอุตสาหกรรม,พระรามที่3,4,17:00-19:00,0,0,1
พระรามที่3-วงแหวนอุตสาหกรรม,พระรามที่3,6,07:00-09:00,0,1,0
พระรามที่3-วงแหวนอุตสาหกรรม,พระรามที่3,6,09:00-16:00,0,1,0
พระรามที่3-วงแหวนอุตสาหกรรม,พระรามที่3,6,16:00-19:00,0,1,0
พระรามที่3-วงแหวนอุตสาหกรรม,พระรามที่3,10,06:30-09:00,1,0,0
พระรามที่3-วงแหวนอุตสาหกรรม,พระรามที่3,10,09:00-16:00,1,0,0
พระรามที่3-วงแหวนอุตสาหกรรม,พระรามที่3,10,16:00-19:30,1,0,0
พระรามที่3-วงแหวนอุตสาหกรรม,วงแหวนอุตสาหกรรม,4,07:00-09:00,0,0,1
พระรามที่3-วงแหวนอุตสาหกรรม,วงแหวนอุตสาหกรรม,4,09:00-17:00,0,0,1
พระรามที่3-วงแหวนอุตสาหกรรม,วงแหวนอุตสาหกรรม,4,17:00-19:00,0,0,1
พระรามที่3-วงแหวนอุตสาหกรรม,วงแหวนอุตสาหกรรม,6,07:00-09:00,0,1,0
พระรามที่3-วงแหวนอุตสาหกรรม,วงแหวนอุตสาหกรรม,6,09:00-16:00,0,1,0
พระรามที่3-วงแหวนอุตสาหกรรม,วงแหวนอุตสาหกรรม,6,16:00-19:00,0,1,0
พระรามที่3-วงแหวนอุตสาหกรรม,วงแหวนอุตสาหกรรม,10,06:30-09:00,1,0,0
พระรามที่3-วงแหวนอุตสาหกรรม,วงแหวนอุตสาหกรรม,10,09:00-16:00,1,0,0
พระรามที่3-วงแหวนอุตสาหกรรม,วงแหวนอุตสาหกรรม,10,16:00-19:30,1,0,0
พระรามที่3ซอย19,พระรามที่3,5,07:00-09:00,0,0,1
พระรามที่3ซอย19,พระรามที่3,5,09:00-17:00,0,0,1
พระรามที่3ซอย19,พระรามที่3,5,17:00-19:00,0,0,1
พระรามที่3ซอย19,พระรามที่3ซอย19,5,07:00-09:00,0,0,1
พระรามที่3ซอย19,พระรามที่3ซอย19,5,09:00-17:00,0,0,1
พระรามที่3ซอย19,พระรามที่3ซอย19,5,17:00-19:00,0,0,1
พระรามที่3ซอย77,พระรามที่3,7,07:00-09:00,0,0,1
พระรามที่3ซอย77,พระรามที่3,7,09:00-17:00,0,0,1
พระรามที่3ซอย77,พระรามที่3,7,17:00-19:00,0,0,1
พระรามที่3ซอย77,พระรามที่3ซอย77,7,07:00-09:00,0,0,1
พระรามที่3ซอย77,พระรามที่3ซอย77,7,09:00-17:00,0,0,1
พระรามที่3ซอย77,พระรามที่3ซอย77,7,17:00-19:00,0,0,1
พระรามที่4,พระรามที่4,2,07:00-09:00,1,0,0
พระรามที่4,พระรามที่4,2,09:00-16:00,1,0,0
พระรามที่4,พระรามที่4,2,16:00-19:00,1,0,0
พระรามที่4,พระรามที่4,6,06:30-09:00,1,0,0
พระรามที่4,พระรามที่4,6,07:00-09:00,0,0,2
พระรามที่4,พระรามที่4,6,09:00-16:00,1,0,1
พระรามที่4,พระรามที่4,6,09:00-17:00,0,0,1
พระรามที่4,พระรามที่4,6,16:00-19:00,0,0,1
พระรามที่4,พระรามที่4,6,16:00-19:30,1,0,0
พระรามที่4,พระรามที่4,6,17:00-19:00,0,0,1
พระรามที่4,พระรามที่4,12,07:00-09:00,0,1,0
พระรามที่4,พระรามที่5,12,09:00-16:00,0,1,0
พระรามที่4,พระรามที่6,12,16:00-19:00,0,1,0
พระรามที่4,รัชดาภิเษก,2,07:00-09:00,1,0,0
พระรามที่4,รัชดาภิเษก,2,09:00-16:00,1,0,0
พระรามที่4,รัชดาภิเษก,2,16:00-19:00,1,0,0
พระรามที่4,รัชดาภิเษก,6,06:30-09:00,1,0,0
พระรามที่4,รัชดาภิเษก,6,07:00-09:00,0,0,2
พระรามที่4,รัชดาภิเษก,6,09:00-16:00,1,0,1
พระรามที่4,รัชดาภิเษก,6,09:00-17:00,0,0,1
พระรามที่4,รัชดาภิเษก,6,16:00-19:00,0,0,1
พระรามที่4,รัชดาภิเษก,6,16:00-19:30,1,0,0
พระรามที่4,รัชดาภิเษก,6,17:00-19:00,0,0,1
พระรามที่4,รัชดาภิเษก,12,07:00-09:00,0,1,0
พระรามที่4,รัชดาภิเษก,12,09:00-16:00,0,1,0
พระรามที่4,รัชดาภิเษก,12,16:00-19:00,0,1,0
พระรามที่6-พระรามที่6ซอย36,พระรามที่6,11,07:00-09:00,1,0,0
พระรามที่6-พระรามที่6ซอย36,พระรามที่6,11,09:00-16:00,1,0,0
พระรามที่6-พระรามที่6ซอย36,พระรามที่6,11,16:00-19:00,1,0,0
พระรามที่6-พระรามที่6ซอย36,พระรามที่6ซอย36,11,07:00-09:00,1,0,0
พระรามที่6-พระรามที่6ซอย36,พระรามที่6ซอย36,11,09:00-16:00,1,0,0
พระรามที่6-พระรามที่6ซอย36,พระรามที่6ซอย36,11,16:00-19:00,1,0,0
พระโขนง,ซอยสุขุมวิท71,2,07:00-09:00,1,0,0
พระโขนง,ซอยสุขุมวิท71,2,09:00-16:00,1,0,0
พระโขนง,ซอยสุขุมวิท71,2,16:00-19:00,1,0,0
พระโขนง,ซอยสุขุมวิท71,9,07:00-09:00,1,0,0
พระโขนง,ซอยสุขุมวิท71,9,09:00-16:00,1,0,0
พระโขนง,ซอยสุขุมวิท71,9,16:00-19:00,1,0,0
พระโขนง,พระรามที่4,4,07:00-09:00,0,0,1
พระโขนง,พระรามที่4,4,09:00-17:00,0,0,1
พระโขนง,พระรามที่4,4,17:00-19:00,0,0,1
พระโขนง,พระรามที่4,7,07:00-09:00,0,0,1
พระโขนง,พระรามที่4,7,09:00-17:00,0,0,1
พระโขนง,พระรามที่4,7,17:00-19:00,0,0,1
พระโขนง,พระรามที่4,8,07:00-09:00,0,0,1
พระโขนง,พระรามที่4,8,09:00-17:00,0,0,1
พระโขนง,พระรามที่4,8,17:00-19:00,0,0,1
พระโขนง,สุขุมวิท,2,07:00-09:00,1,0,0
พระโขนง,สุขุมวิท,2,09:00-16:00,1,0,0
พระโขนง,สุขุมวิท,2,16:00-19:00,1,0,0
พระโขนง,สุขุมวิท,3,07:00-09:00,0,0,1
พระโขนง,สุขุมวิท,3,09:00-16:00,0,0,1
พระโขนง,สุขุมวิท,3,16:00-19:00,0,0,1
พระโขนง,สุขุมวิท,4,07:00-09:00,0,0,1
พระโขนง,สุขุมวิท,4,09:00-17:00,0,0,1
พระโขนง,สุขุมวิท,4,17:00-19:00,0,0,1
พระโขนง,สุขุมวิท,7,07:00-09:00,0,0,1
พระโขนง,สุขุมวิท,7,09:00-17:00,0,0,1
พระโขนง,สุขุมวิท,7,17:00-19:00,0,0,1
พระโขนง,สุขุมวิท,8,07:00-09:00,0,0,1
พระโขนง,สุขุมวิท,8,09:00-17:00,0,0,1
พระโขนง,สุขุมวิท,8,17:00-19:00,0,0,1
พระโขนง,สุขุมวิท,9,07:00-09:00,1,0,0
พระโขนง,สุขุมวิท,9,09:00-16:00,1,0,0
พระโขนง,สุขุมวิท,9,16:00-19:00,1,0,0
พระโขนง,สุขุมวิท,12,07:00-09:00,0,1,0
พระโขนง,สุขุมวิท,12,09:00-16:00,0,1,0
พระโขนง,สุขุมวิท,12,16:00-19:00,0,1,0
พระโขนง,สุขุมวิท71,3,07:00-09:00,0,0,1
พระโขนง,สุขุมวิท71,3,09:00-16:00,0,0,1
พระโขนง,สุขุมวิท71,3,16:00-19:00,0,0,1
พระโขนง,สุขุมวิท71,12,07:00-09:00,0,1,0
พระโขนง,สุขุมวิท71,12,09:00-16:00,0,1,0
พระโขนง,สุขุมวิท71,12,16:00-19:00,0,1,0
พรานนก,พรานนก,1,06:30-09:00,0,1,0
พรานนก,พรานนก,1,07:00-09:00,0,0,2
พรานนก,พรานนก,1,09:00-17:00,0,0,2
พรานนก,พรานนก,1,17:00-19:00,0,0,2
พรานนก,พรานนก,6,07:00-09:00,0,1,0
พรานนก,พรานนก,6,09:00-16:00,0,1,0
พรานนก,พรานนก,6,16:00-19:00,0,1,0
พรานนก,พรานนก,8,07:00-09:00,1,0,0
พรานนก,พรานนก,8,09:00-16:00,1,0,0
พรานนก,พรานนก,8,16:00-19:00,1,0,0
พรานนก,อิสรภาพ,1,06:30-09:00,0,1,0
พรานนก,อิสรภาพ,1,07:00-09:00,0,0,2
พรานนก,อิสรภาพ,1,09:00-16:00,0,1,0
พรานนก,อิสรภาพ,1,09:00-17:00,0,0,2
พรานนก,อิสรภาพ,1,16:00-19:30,0,1,0
พรานนก,อิสรภาพ,1,17:00-19:00,0,0,2
พรานนก,อิสรภาพ,6,07:00-09:00,0,1,0
พรานนก,อิสรภาพ,6,09:00-16:00,0,1,0
พรานนก,อิสรภาพ,6,16:00-19:00,0,1,0
พรานนก,อิสรภาพ,8,07:00-09:00,1,0,0
พรานนก,อิสรภาพ,8,09:00-16:00,1,0,0
พรานนก,อิสรภาพ,8,16:00-19:00,1,0,0
พรานนก,เพชรบุรี,1,06:30-09:00,0,1,0
พรานนก,เพชรบุรี,1,09:00-16:00,0,1,0
พรานนก,เพชรบุรี,1,16:00-19:30,0,1,0
พรานนก-กาญจนาภิเษก-กาญจนาภิเษก,กาญจนาภิเษก,3,07:00-09:00,0,1,0
พรานนก-กาญจนาภิเษก-กาญจนาภิเษก,กาญจนาภิเษก,3,09:00-16:00,0,1,0
พรานนก-กาญจนาภิเษก-กาญจนาภิเษก,กาญจนาภิเษก,3,16:00-19:00,0,1,0
พรานนก-กาญจนาภิเษก-กาญจนาภิเษก,พรานนก-กาญจนาภิเษก,3,07:00-09:00,0,1,0
พรานนก-กาญจนาภิเษก-กาญจนาภิเษก,พรานนก-กาญจนาภิเษก,3,09:00-16:00,0,1,0
พรานนก-กาญจนาภิเษก-กาญจนาภิเษก,พรานนก-กาญจนาภิเษก,3,16:00-19:00,0,1,0
พรานนก-กาญจนาภิเษก-ราชพฤกษ์,พรานนก-กาญจนาภิเษก,3,07:00-09:00,0,1,0
พรานนก-กาญจนาภิเษก-ราชพฤกษ์,พรานนก-กาญจนาภิเษก,3,09:00-16:00,0,1,0
พรานนก-กาญจนาภิเษก-ราชพฤกษ์,พรานนก-กาญจนาภิเษก,3,16:00-19:00,0,1,0
พรานนก-กาญจนาภิเษก-ราชพฤกษ์,ราชพฤกษ์,3,07:00-09:00,0,1,0
พรานนก-กาญจนาภิเษก-ราชพฤกษ์,ราชพฤกษ์,3,09:00-16:00,0,1,0
พรานนก-กาญจนาภิเษก-ราชพฤกษ์,ราชพฤกษ์,3,16:00-19:00,0,1,0
พร้อมพงษ์,เพชรบุรี,9,07:00-09:00,0,0,1
พร้อมพงษ์,เพชรบุรี,9,09:00-17:00,0,0,1
พร้อมพงษ์,เพชรบุรี,9,17:00-19:00,0,0,1
พร้อมพงษ์,เพชรบุรี38/1,9,07:00-09:00,0,0,1
พร้อมพงษ์,เพชรบุรี38/1,9,09:00-17:00,0,0,1
พร้อมพงษ์,เพชรบุรี38/1,9,17:00-19:00,0,0,1
พลับพลาไชย,พลับพลาไชย,2,07:00-09:00,0,0,1
พลับพลาไชย,พลับพลาไชย,2,09:00-17:00,0,0,1
พลับพลาไชย,พลับพลาไชย,2,17:00-19:00,0,0,1
พลับพลาไชย,พลับพลาไชย,3,07:00-09:00,0,0,1
พลับพลาไชย,พลับพลาไชย,3,09:00-16:00,0,0,1
พลับพลาไชย,พลับพลาไชย,3,16:00-19:00,0,0,1
พลับพลาไชย,พลับพลาไชย,5,07:00-09:00,1,0,0
พลับพลาไชย,พลับพลาไชย,5,09:00-16:00,1,0,0
พลับพลาไชย,พลับพลาไชย,5,16:00-19:00,1,0,0
พลับพลาไชย,พลับพลาไชย,7,07:00-09:00,0,0,1
พลับพลาไชย,พลับพลาไชย,7,09:00-16:00,0,0,1
พลับพลาไชย,พลับพลาไชย,7,16:00-19:00,0,0,1
พลับพลาไชย,หลวง,2,07:00-09:00,0,0,1
พลับพลาไชย,หลวง,2,09:00-17:00,0,0,1
พลับพลาไชย,หลวง,2,17:00-19:00,0,0,1
พลับพลาไชย,หลวง,5,07:00-09:00,1,0,0
พลับพลาไชย,หลวง,5,09:00-16:00,1,0,0
พลับพลาไชย,หลวง,5,16:00-19:00,1,0,0
พลับพลาไชย,หลวง,7,07:00-09:00,0,0,1
พลับพลาไชย,หลวง,7,09:00-16:00,0,0,1
พลับพลาไชย,หลวง,7,16:00-19:00,0,0,1
พลับพลาไชย,ไมตรีจิต,2,07:00-09:00,0,0,1
พลับพลาไชย,ไมตรีจิต,2,09:00-17:00,0,0,1
พลับพลาไชย,ไมตรีจิต,2,17:00-19:00,0,0,1
พลับพลาไชย,ไมตรีจิต,5,07:00-09:00,1,0,0
พลับพลาไชย,ไมตรีจิต,5,09:00-16:00,1,0,0
พลับพลาไชย,ไมตรีจิต,5,16:00-19:00,1,0,0
พลับพลาไชย,ไมตรีจิต,7,07:00-09:00,0,0,1
พลับพลาไชย,ไมตรีจิต,7,09:00-16:00,0,0,1
พลับพลาไชย,ไมตรีจิต,7,16:00-19:00,0,0,1
พลาธิการ,ซอยพหลโยธิน54/1,7,07:00-09:00,1,0,0
พลาธิการ,ซอยพหลโยธิน54/1,7,09:00-16:00,1,0,0
พลาธิการ,ซอยพหลโยธิน54/1,7,16:00-19:00,1,0,0
พลาธิการ,ทางเข้าพลาธิการทอ,7,06:30-09:00,1,0,0
พลาธิการ,ทางเข้าพลาธิการทอ,7,09:00-16:00,1,0,0
พลาธิการ,ทางเข้าพลาธิการทอ,7,16:00-19:30,1,0,0
พลาธิการ,พหลโยธิน,7,06:30-09:00,1,0,0
พลาธิการ,พหลโยธิน,7,09:00-16:00,1,0,0
พลาธิการ,พหลโยธิน,7,16:00-19:30,1,0,0
พหลโยธิน-เทพรักษ์,พหลโยธิน,5,07:00-09:00,0,0,1
พหลโยธิน-เทพรักษ์,พหลโยธิน,5,09:00-17:00,0,0,1
พหลโยธิน-เทพรักษ์,พหลโยธิน,5,17:00-19:00,0,0,1
พหลโยธิน-เทพรักษ์,พหลโยธิน,7,07:00-09:00,1,0,1
พหลโยธิน-เทพรักษ์,พหลโยธิน,7,09:00-16:00,1,0,0
พหลโยธิน-เทพรักษ์,พหลโยธิน,7,09:00-17:00,0,0,1
พหลโยธิน-เทพรักษ์,พหลโยธิน,7,16:00-19:00,1,0,0
พหลโยธิน-เทพรักษ์,พหลโยธิน,7,17:00-19:00,0,0,1
พหลโยธิน-เทพรักษ์,พหลโยธิน,11,07:00-09:00,0,1,0
พหลโยธิน-เทพรักษ์,พหลโยธิน,11,09:00-16:00,0,1,0
พหลโยธิน-เทพรักษ์,พหลโยธิน,11,16:00-19:00,0,1,0
พหลโยธิน-เทพรักษ์,เทพรักษ์,5,07:00-09:00,0,0,1
พหลโยธิน-เทพรักษ์,เทพรักษ์,5,09:00-17:00,0,0,1
พหลโยธิน-เทพรักษ์,เทพรักษ์,5,17:00-19:00,0,0,1
พหลโยธิน-เทพรักษ์,เทพรักษ์,7,07:00-09:00,1,0,1
พหลโยธิน-เทพรักษ์,เทพรักษ์,7,09:00-16:00,1,0,0
พหลโยธิน-เทพรักษ์,เทพรักษ์,7,09:00-17:00,0,0,1
พหลโยธิน-เทพรักษ์,เทพรักษ์,7,16:00-19:00,1,0,0
พหลโยธิน-เทพรักษ์,เทพรักษ์,7,17:00-19:00,0,0,1
พหลโยธิน-เทพรักษ์,เทพรักษ์,11,07:00-09:00,0,1,0
พหลโยธิน-เทพรักษ์,เทพรักษ์,11,09:00-16:00,0,1,0
พหลโยธิน-เทพรักษ์,เทพรักษ์,11,16:00-19:00,0,1,0
พหลโยธิน19,พหลโยธิน,11,07:00-09:00,0,0,1
พหลโยธิน19,พหลโยธิน,11,09:00-17:00,0,0,1
พหลโยธิน19,พหลโยธิน,11,17:00-19:00,0,0,1
พหลโยธิน19,พหลโยธิน19,11,07:00-09:00,0,0,1
พหลโยธิน19,พหลโยธิน19,11,09:00-17:00,0,0,1
พหลโยธิน19,พหลโยธิน19,11,17:00-19:00,0,0,1
พหลโยธิน23,ซอยพหลโยธิน23,5,07:00-09:00,1,0,0
พหลโยธิน23,ซอยพหลโยธิน23,5,09:00-16:00,1,0,0
พหลโยธิน23,ซอยพหลโยธิน23,5,16:00-19:00,1,0,0
พหลโยธิน23,พหลโยธิน,5,07:00-09:00,1,0,0
พหลโยธิน23,พหลโยธิน,5,09:00-16:00,1,0,0
พหลโยธิน23,พหลโยธิน,5,16:00-19:00,1,0,0
พหลโยธิน48,ซอยพหลโยธิน48,5,07:00-09:00,0,1,0
พหลโยธิน48,ซอยพหลโยธิน48,5,09:00-16:00,0,1,0
พหลโยธิน48,ซอยพหลโยธิน48,5,16:00-19:00,0,1,0
พหลโยธิน48,พหลโยธิน,2,07:00-09:00,0,0,1
พหลโยธิน48,พหลโยธิน,2,09:00-17:00,0,0,1
พหลโยธิน48,พหลโยธิน,2,17:00-19:00,0,0,1
พหลโยธิน48,พหลโยธิน,5,06:30-09:00,0,1,0
พหลโยธิน48,พหลโยธิน,5,09:00-16:00,0,1,0
พหลโยธิน48,พหลโยธิน,5,16:00-19:30,0,1,0
พหลโยธิน48,พหลโยธิน,12,07:00-09:00,0,1,0
พหลโยธิน48,พหลโยธิน,12,09:00-16:00,0,1,0
พหลโยธิน48,พหลโยธิน,12,16:00-19:00,0,1,0
พหลโยธิน48,พหลโยธิน48,2,07:00-09:00,0,0,1
พหลโยธิน48,พหลโยธิน48,2,09:00-17:00,0,0,1
พหลโยธิน48,พหลโยธิน48,2,17:00-19:00,0,0,1
พหลโยธิน48,พหลโยธิน48,12,07:00-09:00,0,1,0
พหลโยธิน48,พหลโยธิน48,12,09:00-16:00,0,1,0
พหลโยธิน48,พหลโยธิน48,12,16:00-19:00,0,1,0
พหลโยธิน54/1-สายไหม,พหลโยธิน54/1,8,07:00-09:00,0,1,0
พหลโยธิน54/1-สายไหม,พหลโยธิน54/1,8,09:00-16:00,0,1,0
พหลโยธิน54/1-สายไหม,พหลโยธิน54/1,8,16:00-19:00,0,1,0
พหลโยธิน54/1-สายไหม,สายไหม,8,07:00-09:00,0,1,0
พหลโยธิน54/1-สายไหม,สายไหม,8,09:00-16:00,0,1,0
พหลโยธิน54/1-สายไหม,สายไหม,8,16:00-19:00,0,1,0
พหลโยธินซอย2,พหลโยธิน,8,07:00-09:00,0,1,0
พหลโยธินซอย2,พหลโยธิน,8,09:00-16:00,0,1,0
พหลโยธินซอย2,พหลโยธิน,8,16:00-19:00,0,1,0
พหลโยธินซอย2,พหลโยธินซอย2,8,07:00-09:00,0,1,0
พหลโยธินซอย2,พหลโยธินซอย2,8,09:00-16:00,0,1,0
พหลโยธินซอย2,พหลโยธินซอย2,8,16:00-19:00,0,1,0
พัฒนาการ,บางแค,10,07:00-09:00,0,0,1
พัฒนาการ,บางแค,10,09:00-16:00,0,0,1
พัฒนาการ,บางแค,10,16:00-19:00,0,0,1
พัฒนาการ,พัฒนาการ,1,07:00-09:00,0,0,1
พัฒนาการ,พัฒนาการ,1,09:00-17:00,0,0,1
พัฒนาการ,พัฒนาการ,1,17:00-19:00,0,0,1
พัฒนาการ,พัฒนาการ,4,07:00-09:00,2,1,1
พัฒนาการ,พัฒนาการ,4,09:00-16:00,2,1,0
พัฒนาการ,พัฒนาการ,4,09:00-17:00,0,0,1
พัฒนาการ,พัฒนาการ,4,16:00-19:00,2,1,0
พัฒนาการ,พัฒนาการ,4,17:00-19:00,0,0,1
พัฒนาการ,ศรีนครินทร์,1,07:00-09:00,0,0,1
พัฒนาการ,ศรีนครินทร์,1,09:00-17:00,0,0,1
พัฒนาการ,ศรีนครินทร์,1,17:00-19:00,0,0,1
พัฒนาการ,ศรีนครินทร์,4,07:00-09:00,2,1,1
พัฒนาการ,ศรีนครินทร์,4,09:00-16:00,2,1,0
พัฒนาการ,ศรีนครินทร์,4,09:00-17:00,0,0,1
พัฒนาการ,ศรีนครินทร์,4,16:00-19:00,2,1,0
พัฒนาการ,ศรีนครินทร์,4,17:00-19:00,0,0,1
พัฒนาการ,เทอดไท,10,07:00-09:00,0,0,1
พัฒนาการ,เทอดไท,10,09:00-16:00,0,0,1
พัฒนาการ,เทอดไท,10,16:00-19:00,0,0,1
พัฒนาการ-ซอยพัฒนาการ53,ซอยพัฒนาการ53,5,07:00-09:00,1,0,0
พัฒนาการ-ซอยพัฒนาการ53,ซอยพัฒนาการ53,5,09:00-16:00,1,0,0
พัฒนาการ-ซอยพัฒนาการ53,ซอยพัฒนาการ53,5,16:00-19:00,1,0,0
พัฒนาการ-ซอยพัฒนาการ53,พัฒนาการ,5,07:00-09:00,1,0,0
พัฒนาการ-ซอยพัฒนาการ53,พัฒนาการ,5,09:00-16:00,1,0,0
พัฒนาการ-ซอยพัฒนาการ53,พัฒนาการ,5,16:00-19:00,1,0,0
พัฒนาการ-พัฒนาการ25,พัฒนาการ,2,07:00-09:00,0,0,1
พัฒนาการ-พัฒนาการ25,พัฒนาการ,2,09:00-17:00,0,0,1
พัฒนาการ-พัฒนาการ25,พัฒนาการ,2,17:00-19:00,0,0,1
พัฒนาการ-พัฒนาการ25,พัฒนาการ25,2,07:00-09:00,0,0,1
พัฒนาการ-พัฒนาการ25,พัฒนาการ25,2,09:00-17:00,0,0,1
พัฒนาการ-พัฒนาการ25,พัฒนาการ25,2,17:00-19:00,0,0,1
พัฒนาการ-พัฒนาการ53,พัฒนาการ,2,07:00-09:00,0,0,1
พัฒนาการ-พัฒนาการ53,พัฒนาการ,2,09:00-17:00,0,0,1
พัฒนาการ-พัฒนาการ53,พัฒนาการ,2,17:00-19:00,0,0,1
พัฒนาการ-พัฒนาการ53,พัฒนาการ,11,07:00-09:00,0,0,1
พัฒนาการ-พัฒนาการ53,พัฒนาการ,11,09:00-17:00,0,0,1
พัฒนาการ-พัฒนาการ53,พัฒนาการ,11,17:00-19:00,0,0,1
พัฒนาการ-พัฒนาการ53,พัฒนาการ53,2,07:00-09:00,0,0,1
พัฒนาการ-พัฒนาการ53,พัฒนาการ53,2,09:00-17:00,0,0,1
พัฒนาการ-พัฒนาการ53,พัฒนาการ53,2,17:00-19:00,0,0,1
พัฒนาการ-พัฒนาการ53,พัฒนาการ53,11,07:00-09:00,0,0,1
พัฒนาการ-พัฒนาการ53,พัฒนาการ53,11,09:00-17:00,0,0,1
พัฒนาการ-พัฒนาการ53,พัฒนาการ53,11,17:00-19:00,0,0,1
พัฒนาการ-เฉลิมพระเกียรติร.9,ทางเข้าหมู่บ้าน,8,07:00-09:00,1,0,0
พัฒนาการ-เฉลิมพระเกียรติร.9,ทางเข้าหมู่บ้าน,8,09:00-16:00,1,0,0
พัฒนาการ-เฉลิมพระเกียรติร.9,ทางเข้าหมู่บ้าน,8,16:00-19:00,1,0,0
พัฒนาการ-เฉลิมพระเกียรติร.9,พัฒนาการ,8,07:00-09:00,1,0,0
พัฒนาการ-เฉลิมพระเกียรติร.9,พัฒนาการ,8,09:00-16:00,1,0,0
พัฒนาการ-เฉลิมพระเกียรติร.9,พัฒนาการ,8,16:00-19:00,1,0,0
พัฒนาการ-เฉลิมพระเกียรติร.9,เฉลิมพระเกียรติร.9,8,07:00-09:00,1,0,0
พัฒนาการ-เฉลิมพระเกียรติร.9,เฉลิมพระเกียรติร.9,8,09:00-16:00,1,0,0
พัฒนาการ-เฉลิมพระเกียรติร.9,เฉลิมพระเกียรติร.9,8,16:00-19:00,1,0,0
พัฒนาการ20,พัฒนาการ,3,07:00-09:00,0,0,1
พัฒนาการ20,พัฒนาการ,3,09:00-17:00,0,0,1
พัฒนาการ20,พัฒนาการ,3,17:00-19:00,0,0,1
พัฒนาการ20,พัฒนาการ20,3,07:00-09:00,0,0,1
พัฒนาการ20,พัฒนาการ20,3,09:00-17:00,0,0,1
พัฒนาการ20,พัฒนาการ20,3,17:00-19:00,0,0,1
พัฒนาการ25,พัฒนาการ,8,07:00-09:00,0,0,2
พัฒนาการ25,พัฒนาการ,8,09:00-17:00,0,0,2
พัฒนาการ25,พัฒนาการ,8,17:00-19:00,0,0,2
พัฒนาการ25,พัฒนาการ25,8,07:00-09:00,0,0,2
พัฒนาการ25,พัฒนาการ25,8,09:00-17:00,0,0,2
พัฒนาการ25,พัฒนาการ25,8,17:00-19:00,0,0,2
พัฒนาการ29,พัฒนาการ,10,07:00-09:00,0,1,0
พัฒนาการ29,พัฒนาการ,10,09:00-16:00,0,1,0
พัฒนาการ29,พัฒนาการ,10,16:00-19:00,0,1,0
พัฒนาการ46,พัฒนาการ,8,07:00-09:00,0,0,1
พัฒนาการ46,พัฒนาการ,8,09:00-16:00,0,0,1
พัฒนาการ46,พัฒนาการ,8,16:00-19:00,0,0,1
พัฒนาการ46,พัฒนาการ46,8,07:00-09:00,0,0,1
พัฒนาการ46,พัฒนาการ46,8,09:00-16:00,0,0,1
พัฒนาการ46,พัฒนาการ46,8,16:00-19:00,0,0,1
พัฒนาการ61-พัฒนาการ74,ซอยพัฒนาการ61,6,07:00-09:00,1,0,0
พัฒนาการ61-พัฒนาการ74,ซอยพัฒนาการ61,6,09:00-16:00,1,0,0
พัฒนาการ61-พัฒนาการ74,ซอยพัฒนาการ61,6,16:00-19:00,1,0,0
พัฒนาการ61-พัฒนาการ74,ซอยพัฒนาการ74,6,07:00-09:00,1,0,0
พัฒนาการ61-พัฒนาการ74,ซอยพัฒนาการ74,6,09:00-16:00,1,0,0
พัฒนาการ61-พัฒนาการ74,ซอยพัฒนาการ74,6,16:00-19:00,1,0,0
พัฒนาการ61-พัฒนาการ74,พัฒาการ,6,07:00-09:00,1,0,0
พัฒนาการ61-พัฒนาการ74,พัฒาการ,6,09:00-16:00,1,0,0
พัฒนาการ61-พัฒนาการ74,พัฒาการ,6,16:00-19:00,1,0,0
พัฒนาการ93,พัฒนาการ,2,07:00-09:00,0,0,1
พัฒนาการ93,พัฒนาการ,2,09:00-17:00,0,0,1
พัฒนาการ93,พัฒนาการ,2,17:00-19:00,0,0,1
พาณิชยการ,พระรามที่5,1,06:30-09:00,0,1,0
พาณิชยการ,พระรามที่5,1,09:00-16:00,0,1,0
พาณิชยการ,พระรามที่5,1,16:00-19:30,0,1,0
พาณิชยการ,พระรามที่5,9,07:00-09:00,1,0,0
พาณิชยการ,พระรามที่5,9,09:00-16:00,1,0,0
พาณิชยการ,พระรามที่5,9,16:00-19:00,1,0,0
พาณิชยการ,พิษณุโลก,1,06:30-09:00,0,1,0
พาณิชยการ,พิษณุโลก,9,07:00-09:00,1,0,0
พาณิชยการ,พิษณุโลก,9,09:00-16:00,1,0,0
พาณิชยการ,พิษณุโลก,9,16:00-19:00,1,0,0
พาณิชยการ,อิสรภาพ,1,06:30-09:00,0,1,0
พาณิชยการ,อิสรภาพ,1,09:00-16:00,0,1,0
พาณิชยการ,อิสรภาพ,1,16:00-19:30,0,1,0
พาณิชยการธนบุรี,จรัญสนิทวงศ์,3,07:00-09:00,0,0,1
พาณิชยการธนบุรี,จรัญสนิทวงศ์,3,09:00-17:00,0,0,1
พาณิชยการธนบุรี,จรัญสนิทวงศ์,3,17:00-19:00,0,0,1
พาณิชยการธนบุรี,จรัญสนิทวงศ์,8,07:00-09:00,1,0,0
พาณิชยการธนบุรี,จรัญสนิทวงศ์,8,09:00-16:00,1,0,0
พาณิชยการธนบุรี,จรัญสนิทวงศ์,8,16:00-19:00,1,0,0
พาณิชยการธนบุรี,จรัญสนิทวงศ์,9,07:00-09:00,1,0,0
พาณิชยการธนบุรี,จรัญสนิทวงศ์,9,09:00-16:00,1,0,0
พาณิชยการธนบุรี,จรัญสนิทวงศ์,9,16:00-19:00,1,0,0
พาณิชยการธนบุรี,จรัญสนิทวงศ์13,3,07:00-09:00,0,0,1
พาณิชยการธนบุรี,จรัญสนิทวงศ์13,3,09:00-17:00,0,0,1
พาณิชยการธนบุรี,จรัญสนิทวงศ์13,3,17:00-19:00,0,0,1
พาณิชยการธนบุรี,ซอยจรัญสนิทวงศ์13,8,07:00-09:00,1,0,0
พาณิชยการธนบุรี,ซอยจรัญสนิทวงศ์13,8,09:00-16:00,1,0,0
พาณิชยการธนบุรี,ซอยจรัญสนิทวงศ์13,8,16:00-19:00,1,0,0
พาณิชยการธนบุรี,ซอยจรัญสนิทวงศ์13,9,07:00-09:00,1,0,0
พาณิชยการธนบุรี,ซอยจรัญสนิทวงศ์13,9,09:00-16:00,1,0,0
พาณิชยการธนบุรี,ซอยจรัญสนิทวงศ์13,9,16:00-19:00,1,0,0
พาณิชยการพระนคร,พระรามที่5,1,07:00-09:00,0,0,1
พาณิชยการพระนคร,พระรามที่5,1,09:00-17:00,0,0,1
พาณิชยการพระนคร,พระรามที่5,1,17:00-19:00,0,0,1
พาณิชยการพระนคร,พิษณุโลก,1,07:00-09:00,0,0,1
พาณิชยการพระนคร,พิษณุโลก,1,09:00-17:00,0,0,1
พาณิชยการพระนคร,พิษณุโลก,1,17:00-19:00,0,0,1
พาณิชย์ธน,จรัญสนิทวงศ์,6,07:00-09:00,0,1,0
พาณิชย์ธน,จรัญสนิทวงศ์,6,09:00-16:00,0,1,0
พาณิชย์ธน,จรัญสนิทวงศ์,6,16:00-19:00,0,1,0
พาณิชย์ธน,จรัญสนิทวงศ์13,6,07:00-09:00,0,1,0
พาณิชย์ธน,จรัญสนิทวงศ์13,6,09:00-16:00,0,1,0
พาณิชย์ธน,จรัญสนิทวงศ์13,6,16:00-19:00,0,1,0
พาราไดซ์,ศรีนครินทร์,2,07:00-09:00,0,0,1
พาราไดซ์,ศรีนครินทร์,2,09:00-17:00,0,0,1
พาราไดซ์,ศรีนครินทร์,2,17:00-19:00,0,0,1
พาราไดซ์,ศรีนครินทร์46,2,07:00-09:00,0,0,1
พาราไดซ์,ศรีนครินทร์46,2,09:00-17:00,0,0,1
พาราไดซ์,ศรีนครินทร์46,2,17:00-19:00,0,0,1
พาราไดซ์,ศรีนครินทร์57,2,07:00-09:00,0,0,1
พาราไดซ์,ศรีนครินทร์57,2,09:00-17:00,0,0,1
พาราไดซ์,ศรีนครินทร์57,2,17:00-19:00,0,0,1
พาหุรัด,ตรีเพชร,5,07:00-09:00,0,0,1
พาหุรัด,ตรีเพชร,5,09:00-16:00,0,0,1
พาหุรัด,ตรีเพชร,5,16:00-19:00,0,0,1
พาหุรัด,ตรีเพชร,8,17:00-19:00,0,0,2
พาหุรัด,พาหุรัด,5,07:00-09:00,0,0,1
พาหุรัด,พาหุรัด,5,09:00-16:00,0,0,1
พาหุรัด,พาหุรัด,5,16:00-19:00,0,0,1
พาหุรัด,พาหุรัด,8,07:00-09:00,0,0,2
พาหุรัด,พาหุรัด,8,09:00-17:00,0,0,2
พาหุรัด,พาหุรัด,8,17:00-19:00,0,0,2
พิงนคร5-ริมคลองตาอูฐ,พิงนคร5,4,07:00-09:00,0,0,1
พิงนคร5-ริมคลองตาอูฐ,พิงนคร5,4,09:00-17:00,0,0,1
พิงนคร5-ริมคลองตาอูฐ,พิงนคร5,4,17:00-19:00,0,0,1
พิงนคร5-ริมคลองตาอูฐ,ริมคลองตาอูฐ,4,07:00-09:00,0,0,1
พิงนคร5-ริมคลองตาอูฐ,ริมคลองตาอูฐ,4,09:00-17:00,0,0,1
พิงนคร5-ริมคลองตาอูฐ,ริมคลองตาอูฐ,4,17:00-19:00,0,0,1
พิชัย,นครไชยศรี,5,07:00-09:00,1,0,0
พิชัย,นครไชยศรี,5,09:00-16:00,1,0,0
พิชัย,นครไชยศรี,5,16:00-19:00,1,0,0
พิชัย,นครไชยศรี,8,07:00-09:00,0,1,0
พิชัย,นครไชยศรี,8,09:00-16:00,0,1,0
พิชัย,นครไชยศรี,8,16:00-19:00,0,1,0
พิชัย,นครไชยศรี,9,07:00-09:00,0,1,0
พิชัย,นครไชยศรี,9,09:00-16:00,0,1,0
พิชัย,นครไชยศรี,9,16:00-19:00,0,1,0
พิชัย,พิชัย,5,07:00-09:00,1,0,0
พิชัย,พิชัย,5,09:00-16:00,1,0,0
พิชัย,พิชัย,5,16:00-19:00,1,0,0
พิชัย,พิชัย,8,07:00-09:00,0,1,0
พิชัย,พิชัย,8,09:00-16:00,0,1,0
พิชัย,พิชัย,8,16:00-19:00,0,1,0
พิชัย,พิชัย,9,07:00-09:00,0,1,0
พิชัย,พิชัย,9,09:00-16:00,0,1,0
พิชัย,พิชัย,9,16:00-19:00,0,1,0
พิบูลวัฒนา,ซอยพิบูลวัฒนา,10,07:00-09:00,0,1,0
พิบูลวัฒนา,ซอยพิบูลวัฒนา,10,09:00-16:00,0,1,0
พิบูลวัฒนา,ซอยพิบูลวัฒนา,10,16:00-19:00,0,1,0
พิบูลวัฒนา,ทางขึ้นลงทางด่วน,10,07:00-09:00,0,1,0
พิบูลวัฒนา,ทางขึ้นลงทางด่วน,10,09:00-16:00,0,1,0
พิบูลวัฒนา,ทางขึ้นลงทางด่วน,10,16:00-19:00,0,1,0
พิบูลวัฒนา,ทางขึ้นลงทางด่วน/ถนนพระรามที่6ซอย37,9,07:00-09:00,0,0,1
พิบูลวัฒนา,ทางขึ้นลงทางด่วน/ถนนพระรามที่6ซอย37,9,09:00-17:00,0,0,1
พิบูลวัฒนา,ทางขึ้นลงทางด่วน/ถนนพระรามที่6ซอย37,9,17:00-19:00,0,0,1
พิบูลวัฒนา,พระรามที่6,9,07:00-09:00,0,0,1
พิบูลวัฒนา,พระรามที่6,9,09:00-17:00,0,0,1
พิบูลวัฒนา,พระรามที่6,9,17:00-19:00,0,0,1
พิบูลวัฒนา,พระรามที่6,10,07:00-09:00,0,1,0
พิบูลวัฒนา,พระรามที่6,10,09:00-16:00,0,1,0
พิบูลวัฒนา,พระรามที่6,10,16:00-19:00,0,1,0
พิบูลวัฒนา,พิบูลวัฒนา,9,07:00-09:00,0,0,1
พิบูลวัฒนา,พิบูลวัฒนา,9,09:00-17:00,0,0,1
พิบูลวัฒนา,พิบูลวัฒนา,9,17:00-19:00,0,0,1
พิบูลสงคราม,ประชาราษฎร์สาย1,1,07:00-09:00,0,1,0
พิบูลสงคราม,ประชาราษฎร์สาย1,1,09:00-16:00,0,1,0
พิบูลสงคราม,ประชาราษฎร์สาย1,1,16:00-19:00,0,1,0
พิบูลสงคราม,ประชาราษฎร์สาย1,10,07:00-09:00,1,0,1
พิบูลสงคราม,ประชาราษฎร์สาย1,10,09:00-16:00,1,0,0
พิบูลสงคราม,ประชาราษฎร์สาย1,10,09:00-17:00,0,0,1
พิบูลสงคราม,ประชาราษฎร์สาย1,10,16:00-19:00,1,0,0
พิบูลสงคราม,ประชาราษฎร์สาย1,10,17:00-19:00,0,0,1
พิบูลสงคราม,พิบูลสงคราม,1,07:00-09:00,0,1,0
พิบูลสงคราม,พิบูลสงคราม,1,09:00-16:00,0,1,0
พิบูลสงคราม,พิบูลสงคราม,1,16:00-19:00,0,1,0
พิบูลสงคราม,พิบูลสงคราม,10,07:00-09:00,1,0,1
พิบูลสงคราม,พิบูลสงคราม,10,09:00-16:00,1,0,0
พิบูลสงคราม,พิบูลสงคราม,10,09:00-17:00,0,0,1
พิบูลสงคราม,พิบูลสงคราม,10,16:00-19:00,1,0,0
พิบูลสงคราม,พิบูลสงคราม,10,17:00-19:00,0,0,1
พิบูลสงคราม,วงศ์สว่าง,1,07:00-09:00,0,1,0
พิบูลสงคราม,วงศ์สว่าง,1,09:00-16:00,0,1,0
พิบูลสงคราม,วงศ์สว่าง,1,16:00-19:00,0,1,0
พุทธบูชา-พุทธบูชา24,พุทธบูชา,11,07:00-09:00,0,0,1
พุทธบูชา-พุทธบูชา24,พุทธบูชา,11,09:00-17:00,0,0,1
พุทธบูชา-พุทธบูชา24,พุทธบูชา,11,17:00-19:00,0,0,1
พุทธบูชา-พุทธบูชา24,พุทธบูชา24,11,07:00-09:00,0,0,1
พุทธบูชา-พุทธบูชา24,พุทธบูชา24,11,09:00-17:00,0,0,1
พุทธบูชา-พุทธบูชา24,พุทธบูชา24,11,17:00-19:00,0,0,1
พุทธบูชา36-ซอยตำหนักเสด็จพ่อโกมินทร์,ซอยพุทธบูชา36,3,07:00-09:00,0,1,0
พุทธบูชา36-ซอยตำหนักเสด็จพ่อโกมินทร์,ซอยพุทธบูชา36,3,09:00-16:00,0,1,0
พุทธบูชา36-ซอยตำหนักเสด็จพ่อโกมินทร์,ซอยพุทธบูชา36,3,16:00-19:00,0,1,0
พุทธมณฑลสาย1-บางแวก,บางแวก,4,07:00-09:00,0,0,1
พุทธมณฑลสาย1-บางแวก,บางแวก,4,09:00-16:00,0,0,1
พุทธมณฑลสาย1-บางแวก,บางแวก,4,16:00-19:00,0,0,1
พุทธมณฑลสาย1-บางแวก,บางแวก,9,07:00-09:00,1,0,0
พุทธมณฑลสาย1-บางแวก,บางแวก,9,09:00-16:00,1,0,0
พุทธมณฑลสาย1-บางแวก,บางแวก,9,16:00-19:00,1,0,0
พุทธมณฑลสาย1-บางแวก,พุทธมณฑลสาย1,4,07:00-09:00,0,0,1
พุทธมณฑลสาย1-บางแวก,พุทธมณฑลสาย1,4,09:00-16:00,0,0,1
พุทธมณฑลสาย1-บางแวก,พุทธมณฑลสาย1,4,16:00-19:00,0,0,1
พุทธมณฑลสาย1-บางแวก,พุทธมณฑลสาย1,9,07:00-09:00,1,0,0
พุทธมณฑลสาย1-บางแวก,พุทธมณฑลสาย1,9,09:00-16:00,1,0,0
พุทธมณฑลสาย1-บางแวก,พุทธมณฑลสาย1,9,16:00-19:00,1,0,0
พุทธมณฑลสาย1-พรานนก-กาญจนาภิเษก,พรานนก-กาญจนาภิเษก,9,07:00-09:00,1,0,0
พุทธมณฑลสาย1-พรานนก-กาญจนาภิเษก,พรานนก-กาญจนาภิเษก,9,09:00-16:00,1,0,0
พุทธมณฑลสาย1-พรานนก-กาญจนาภิเษก,พรานนก-กาญจนาภิเษก,9,16:00-19:00,1,0,0
พุทธมณฑลสาย1-พรานนก-กาญจนาภิเษก,พุทธมณฑลสาย1,9,07:00-09:00,1,0,0
พุทธมณฑลสาย1-พรานนก-กาญจนาภิเษก,พุทธมณฑลสาย1,9,09:00-16:00,1,0,0
พุทธมณฑลสาย1-พรานนก-กาญจนาภิเษก,พุทธมณฑลสาย1,9,16:00-19:00,1,0,0
พุทธมณฑลสาย1-พรานนกกภาญจนาภิเษก,พรานนก-กาญจนาภิเษก,2,07:00-09:00,1,0,0
พุทธมณฑลสาย1-พรานนกกภาญจนาภิเษก,พรานนก-กาญจนาภิเษก,2,09:00-16:00,1,0,0
พุทธมณฑลสาย1-พรานนกกภาญจนาภิเษก,พรานนก-กาญจนาภิเษก,2,16:00-19:00,1,0,0
พุทธมณฑลสาย1-พรานนกกภาญจนาภิเษก,พุทธมณฑลสาย1,2,07:00-09:00,1,0,0
พุทธมณฑลสาย1-พรานนกกภาญจนาภิเษก,พุทธมณฑลสาย1,2,09:00-16:00,1,0,0
พุทธมณฑลสาย1-พรานนกกภาญจนาภิเษก,พุทธมณฑลสาย1,2,16:00-19:00,1,0,0
พุทธมณฑลสาย1-วัดอินทราวาส,พุทธมณฑลสาย1,5,07:00-09:00,1,0,0
พุทธมณฑลสาย1-วัดอินทราวาส,พุทธมณฑลสาย1,5,09:00-16:00,1,0,0
พุทธมณฑลสาย1-วัดอินทราวาส,พุทธมณฑลสาย1,5,16:00-19:00,1,0,0
พุทธมณฑลสาย2,ซอยเพชรเกษม55,4,07:00-09:00,0,1,0
พุทธมณฑลสาย2,ซอยเพชรเกษม55,4,09:00-16:00,0,1,0
พุทธมณฑลสาย2,ซอยเพชรเกษม55,4,16:00-19:00,0,1,0
พุทธมณฑลสาย2,ซอยเพชรเกษม55,6,07:00-09:00,1,0,0
พุทธมณฑลสาย2,ซอยเพชรเกษม55,6,09:00-16:00,1,0,0
พุทธมณฑลสาย2,ซอยเพชรเกษม55,6,16:00-19:00,1,0,0
พุทธมณฑลสาย2,ซอยเพชรเกษม55,11,07:00-09:00,1,0,0
พุทธมณฑลสาย2,ซอยเพชรเกษม55,11,09:00-16:00,1,0,0
พุทธมณฑลสาย2,ซอยเพชรเกษม55,11,16:00-19:00,1,0,0
พุทธมณฑลสาย2,พุทธมณฑลสาย2,4,07:00-09:00,0,1,0
พุทธมณฑลสาย2,พุทธมณฑลสาย2,4,09:00-16:00,0,1,0
พุทธมณฑลสาย2,พุทธมณฑลสาย2,4,16:00-19:00,0,1,0
พุทธมณฑลสาย2,พุทธมณฑลสาย2,6,07:00-09:00,1,0,1
พุทธมณฑลสาย2,พุทธมณฑลสาย2,6,09:00-16:00,1,0,1
พุทธมณฑลสาย2,พุทธมณฑลสาย2,6,16:00-19:00,1,0,1
พุทธมณฑลสาย2,พุทธมณฑลสาย2,9,07:00-09:00,0,0,1
พุทธมณฑลสาย2,พุทธมณฑลสาย2,9,09:00-17:00,0,0,1
พุทธมณฑลสาย2,พุทธมณฑลสาย2,9,17:00-19:00,0,0,1
พุทธมณฑลสาย2,พุทธมณฑลสาย2,11,07:00-09:00,1,0,0
พุทธมณฑลสาย2,พุทธมณฑลสาย2,11,09:00-16:00,1,0,0
พุทธมณฑลสาย2,พุทธมณฑลสาย2,11,16:00-19:00,1,0,0
พุทธมณฑลสาย2,เพชรเกษม,4,07:00-09:00,0,1,0
พุทธมณฑลสาย2,เพชรเกษม,4,09:00-16:00,0,1,0
พุทธมณฑลสาย2,เพชรเกษม,4,16:00-19:00,0,1,0
พุทธมณฑลสาย2,เพชรเกษม,6,07:00-09:00,1,0,1
พุทธมณฑลสาย2,เพชรเกษม,6,09:00-16:00,1,0,1
พุทธมณฑลสาย2,เพชรเกษม,6,16:00-19:00,1,0,1
พุทธมณฑลสาย2,เพชรเกษม,9,07:00-09:00,0,0,1
พุทธมณฑลสาย2,เพชรเกษม,9,09:00-17:00,0,0,1
พุทธมณฑลสาย2,เพชรเกษม,9,17:00-19:00,0,0,1
พุทธมณฑลสาย2,เพชรเกษม,11,07:00-09:00,1,0,0
พุทธมณฑลสาย2,เพชรเกษม,11,09:00-16:00,1,0,0
พุทธมณฑลสาย2,เพชรเกษม,11,16:00-19:00,1,0,0
พุทธมณฑลสาย2,เพชรเกษม55,6,07:00-09:00,0,0,1
พุทธมณฑลสาย2,เพชรเกษม55,6,09:00-16:00,0,0,1
พุทธมณฑลสาย2,เพชรเกษม55,6,16:00-19:00,0,0,1
พุทธมณฑลสาย2,เพชรเกษม55,9,07:00-09:00,0,0,1
พุทธมณฑลสาย2,เพชรเกษม55,9,09:00-17:00,0,0,1
พุทธมณฑลสาย2,เพชรเกษม55,9,17:00-19:00,0,0,1
พุทธมณฑลสาย2-ซอยวัดบุณยประดิษฐ์,ซอยวัดบุณยประดิษฐ์,5,07:00-09:00,0,1,0
พุทธมณฑลสาย2-ซอยวัดบุณยประดิษฐ์,ซอยวัดบุณยประดิษฐ์,5,09:00-16:00,0,1,0
พุทธมณฑลสาย2-ซอยวัดบุณยประดิษฐ์,ซอยวัดบุณยประดิษฐ์,5,16:00-19:00,0,1,0
พุทธมณฑลสาย2-ซอยวัดบุณยประดิษฐ์,พุทธมณฑลสาย2,5,07:00-09:00,0,1,0
พุทธมณฑลสาย2-ซอยวัดบุณยประดิษฐ์,พุทธมณฑลสาย2,5,09:00-16:00,0,1,0
พุทธมณฑลสาย2-ซอยวัดบุณยประดิษฐ์,พุทธมณฑลสาย2,5,16:00-19:00,0,1,0
พุทธมณฑลสาย2-ซอยวัดบุณยประดิษฐ์,พุทธมณฑลสาย2ซอย10,5,07:00-09:00,0,1,0
พุทธมณฑลสาย2-ซอยวัดบุณยประดิษฐ์,พุทธมณฑลสาย2ซอย10,5,09:00-16:00,0,1,0
พุทธมณฑลสาย2-ซอยวัดบุณยประดิษฐ์,พุทธมณฑลสาย2ซอย10,5,16:00-19:00,0,1,0
พุทธมณฑลสาย2-ทางเข้าวัดบุณยประดิษฐ์,พุทธมณฑลสาย2,12,07:00-09:00,0,0,1
พุทธมณฑลสาย2-ทางเข้าวัดบุณยประดิษฐ์,พุทธมณฑลสาย2,12,09:00-17:00,0,0,1
พุทธมณฑลสาย2-ทางเข้าวัดบุณยประดิษฐ์,พุทธมณฑลสาย2,12,17:00-19:00,0,0,1
พุทธมณฑลสาย2-ทางเข้าวัดบุณยประดิษฐ์,พุทธมณฑลสาย2ซอย10,12,07:00-09:00,0,0,1
พุทธมณฑลสาย2-ทางเข้าวัดบุณยประดิษฐ์,พุทธมณฑลสาย2ซอย10,12,09:00-17:00,0,0,1
พุทธมณฑลสาย2-ทางเข้าวัดบุณยประดิษฐ์,พุทธมณฑลสาย2ซอย10,12,17:00-19:00,0,0,1
พุทธมณฑลสาย2-ทางเข้าวัดบุณยประดิษฐ์,วัดบุณยประดิษฐ์,12,07:00-09:00,0,0,1
พุทธมณฑลสาย2-ทางเข้าวัดบุณยประดิษฐ์,วัดบุณยประดิษฐ์,12,09:00-17:00,0,0,1
พุทธมณฑลสาย2-ทางเข้าวัดบุณยประดิษฐ์,วัดบุณยประดิษฐ์,12,17:00-19:00,0,0,1
พุทธมณฑลสาย2-บางแวก,บางแวก,5,07:00-09:00,0,1,0
พุทธมณฑลสาย2-บางแวก,บางแวก,5,09:00-16:00,0,1,0
พุทธมณฑลสาย2-บางแวก,บางแวก,5,16:00-19:00,0,1,0
พุทธมณฑลสาย2-บางแวก,บางแวก,9,07:00-09:00,0,0,1
พุทธมณฑลสาย2-บางแวก,บางแวก,9,09:00-17:00,0,0,1
พุทธมณฑลสาย2-บางแวก,บางแวก,9,17:00-19:00,0,0,1
พุทธมณฑลสาย2-บางแวก,พุทธมณฑลสาย2,5,07:00-09:00,0,1,0
พุทธมณฑลสาย2-บางแวก,พุทธมณฑลสาย2,5,09:00-16:00,0,1,0
พุทธมณฑลสาย2-บางแวก,พุทธมณฑลสาย2,5,16:00-19:00,0,1,0
พุทธมณฑลสาย2-บางแวก,พุทธมณฑลสาย2,9,07:00-09:00,0,0,1
พุทธมณฑลสาย2-บางแวก,พุทธมณฑลสาย2,9,09:00-17:00,0,0,1
พุทธมณฑลสาย2-บางแวก,พุทธมณฑลสาย2,9,17:00-19:00,0,0,1
พุทธมณฑลสาย2-สุขาภิบาลบางระมาด,พุทธมณฑลสาย2,1,07:00-09:00,0,0,1
พุทธมณฑลสาย2-สุขาภิบาลบางระมาด,พุทธมณฑลสาย2,1,09:00-17:00,0,0,1
พุทธมณฑลสาย2-สุขาภิบาลบางระมาด,พุทธมณฑลสาย2,1,17:00-19:00,0,0,1
พุทธมณฑลสาย2-สุขาภิบาลบางระมาด,สุขาภิบาลบางระมาด,1,07:00-09:00,0,0,1
พุทธมณฑลสาย2-สุขาภิบาลบางระมาด,สุขาภิบาลบางระมาด,1,09:00-17:00,0,0,1
พุทธมณฑลสาย2-สุขาภิบาลบางระมาด,สุขาภิบาลบางระมาด,1,17:00-19:00,0,0,1
พุทธมณฑลสาย2ซอย12,พุทธมณฑลสาย2,11,07:00-09:00,0,0,1
พุทธมณฑลสาย2ซอย12,พุทธมณฑลสาย2,11,09:00-16:00,0,0,1
พุทธมณฑลสาย2ซอย12,พุทธมณฑลสาย2,11,16:00-19:00,0,0,1
พุทธมณฑลสาย2ซอย12,พุทธมณฑลสาย2ซอย12,11,07:00-09:00,0,0,1
พุทธมณฑลสาย2ซอย12,พุทธมณฑลสาย2ซอย12,11,09:00-16:00,0,0,1
พุทธมณฑลสาย2ซอย12,พุทธมณฑลสาย2ซอย12,11,16:00-19:00,0,0,1
พุทธมณฑลสาย3,พุทธมณฑลสาย3,2,07:00-09:00,0,1,0
พุทธมณฑลสาย3,พุทธมณฑลสาย3,2,09:00-16:00,0,1,0
พุทธมณฑลสาย3,พุทธมณฑลสาย3,2,16:00-19:00,0,1,0
พุทธมณฑลสาย3,พุทธมณฑลสาย3,5,07:00-09:00,0,0,1
พุทธมณฑลสาย3,พุทธมณฑลสาย3,5,09:00-17:00,0,0,1
พุทธมณฑลสาย3,พุทธมณฑลสาย3,5,17:00-19:00,0,0,1
พุทธมณฑลสาย3,พุทธมณฑลสาย3,7,07:00-09:00,1,0,0
พุทธมณฑลสาย3,พุทธมณฑลสาย3,7,09:00-16:00,1,0,0
พุทธมณฑลสาย3,พุทธมณฑลสาย3,7,16:00-19:00,1,0,0
พุทธมณฑลสาย3,พุทธมณฑลสาย3,8,07:00-09:00,1,0,0
พุทธมณฑลสาย3,พุทธมณฑลสาย3,8,09:00-16:00,1,0,0
พุทธมณฑลสาย3,พุทธมณฑลสาย3,8,16:00-19:00,1,0,0
พุทธมณฑลสาย3,เพชรเกษม,2,07:00-09:00,0,1,0
พุทธมณฑลสาย3,เพชรเกษม,2,09:00-16:00,0,1,0
พุทธมณฑลสาย3,เพชรเกษม,2,16:00-19:00,0,1,0
พุทธมณฑลสาย3,เพชรเกษม,5,07:00-09:00,0,0,1
พุทธมณฑลสาย3,เพชรเกษม,5,09:00-17:00,0,0,1
พุทธมณฑลสาย3,เพชรเกษม,5,17:00-19:00,0,0,1
พุทธมณฑลสาย3,เพชรเกษม,7,07:00-09:00,1,0,0
พุทธมณฑลสาย3,เพชรเกษม,7,09:00-16:00,1,0,0
พุทธมณฑลสาย3,เพชรเกษม,7,16:00-19:00,1,0,0
พุทธมณฑลสาย3,เพชรเกษม,8,07:00-09:00,1,0,0
พุทธมณฑลสาย3,เพชรเกษม,8,09:00-16:00,1,0,0
พุทธมณฑลสาย3,เพชรเกษม,8,16:00-19:00,1,0,0
พุทธมณฑลสาย3-ซอยศาลาธรรมสพน์,ซอยศาลาธรรมสพน์,2,07:00-09:00,1,0,0
พุทธมณฑลสาย3-ซอยศาลาธรรมสพน์,ซอยศาลาธรรมสพน์,2,09:00-16:00,1,0,0
พุทธมณฑลสาย3-ซอยศาลาธรรมสพน์,ซอยศาลาธรรมสพน์,2,16:00-19:00,1,0,0
พุทธมณฑลสาย3-ซอยศาลาธรรมสพน์,พุทธมณฑลสาย3,2,07:00-09:00,1,0,0
พุทธมณฑลสาย3-ซอยศาลาธรรมสพน์,พุทธมณฑลสาย3,2,09:00-16:00,1,0,0
พุทธมณฑลสาย3-ซอยศาลาธรรมสพน์,พุทธมณฑลสาย3,2,16:00-19:00,1,0,0
พุทธมณฑลสาย3-ถ.อุทยาน,พุทธมณฑลสาย3,2,07:00-09:00,0,1,0
พุทธมณฑลสาย3-ถ.อุทยาน,พุทธมณฑลสาย3,2,09:00-16:00,0,1,0
พุทธมณฑลสาย3-ถ.อุทยาน,พุทธมณฑลสาย3,2,16:00-19:00,0,1,0
พุทธมณฑลสาย3-ถ.อุทยาน,พุทธมณฑลสาย3,11,07:00-09:00,1,0,0
พุทธมณฑลสาย3-ถ.อุทยาน,พุทธมณฑลสาย3,11,09:00-16:00,1,0,0
พุทธมณฑลสาย3-ถ.อุทยาน,พุทธมณฑลสาย3,11,16:00-19:00,1,0,0
พุทธมณฑลสาย3-ถ.อุทยาน,อุทยาน,2,07:00-09:00,0,1,0
พุทธมณฑลสาย3-ถ.อุทยาน,อุทยาน,2,09:00-16:00,0,1,0
พุทธมณฑลสาย3-ถ.อุทยาน,อุทยาน,2,16:00-19:00,0,1,0
พุทธมณฑลสาย3-ถ.อุทยาน,อุทยาน,11,07:00-09:00,1,0,0
พุทธมณฑลสาย3-ถ.อุทยาน,อุทยาน,11,09:00-16:00,1,0,0
พุทธมณฑลสาย3-ถ.อุทยาน,อุทยาน,11,16:00-19:00,1,0,0
พุทธมณฑลสาย3-อุทยาน,พุทธมณฑลสาย3,3,07:00-09:00,0,0,1
พุทธมณฑลสาย3-อุทยาน,พุทธมณฑลสาย3,3,09:00-16:00,0,0,1
พุทธมณฑลสาย3-อุทยาน,พุทธมณฑลสาย3,3,16:00-19:00,0,0,1
พุทธมณฑลสาย3-อุทยาน,พุทธมณฑลสาย3,8,07:00-09:00,0,0,1
พุทธมณฑลสาย3-อุทยาน,พุทธมณฑลสาย3,8,09:00-17:00,0,0,1
พุทธมณฑลสาย3-อุทยาน,พุทธมณฑลสาย3,8,17:00-19:00,0,0,1
พุทธมณฑลสาย3-อุทยาน,อุทยาน,3,07:00-09:00,0,0,1
พุทธมณฑลสาย3-อุทยาน,อุทยาน,3,09:00-16:00,0,0,1
พุทธมณฑลสาย3-อุทยาน,อุทยาน,3,16:00-19:00,0,0,1
พุทธมณฑลสาย3-อุทยาน,อุทยาน,8,07:00-09:00,0,0,1
พุทธมณฑลสาย3-อุทยาน,อุทยาน,8,09:00-17:00,0,0,1
ภาวนา,ซอยลาดพราว37,2,07:00-09:00,1,0,0
ภาวนา,ซอยลาดพราว37,2,09:00-16:00,1,0,0
ภาวนา,ซอยลาดพราว37,2,16:00-19:00,1,0,0
ภาวนา,ซอยลาดพร้าว37,8,07:00-09:00,1,0,0
ภาวนา,ซอยลาดพร้าว37,8,09:00-16:00,1,0,0
ภาวนา,ซอยลาดพร้าว37,8,16:00-19:00,1,0,0
ภาวนา,ซอยลาดพร้าว41,2,07:00-09:00,1,0,0
ภาวนา,ซอยลาดพร้าว41,2,09:00-16:00,1,0,0
ภาวนา,ซอยลาดพร้าว41,2,16:00-19:00,1,0,0
ภาวนา,ซอยลาดพร้าว41,8,07:00-09:00,1,0,0
ภาวนา,ซอยลาดพร้าว41,8,09:00-16:00,1,0,0
ภาวนา,ซอยลาดพร้าว41,8,16:00-19:00,1,0,0
ภาวนา,ซอยลาดพร้าว44,2,07:00-09:00,1,0,0
ภาวนา,ซอยลาดพร้าว44,2,09:00-16:00,1,0,0
ภาวนา,ซอยลาดพร้าว44,2,16:00-19:00,1,0,0
ภาวนา,ซอยลาดพร้าว44,8,07:00-09:00,1,0,0
ภาวนา,ซอยลาดพร้าว44,8,09:00-16:00,1,0,0
ภาวนา,ซอยลาดพร้าว44,8,16:00-19:00,1,0,0
ภาวนา,ถนนลาดพร้าว,2,07:00-09:00,1,0,0
ภาวนา,ถนนลาดพร้าว,2,09:00-16:00,1,0,0
ภาวนา,ถนนลาดพร้าว,2,16:00-19:00,1,0,0
ภาวนา,ลาดพร้าว,8,07:00-09:00,1,0,0
ภาวนา,ลาดพร้าว,8,09:00-16:00,1,0,0
ภาวนา,ลาดพร้าว,8,16:00-19:00,1,0,0
ภาวนา,ลาดพร้าว,12,07:00-09:00,0,0,1
ภาวนา,ลาดพร้าว,12,09:00-16:00,0,0,1
ภาวนา,ลาดพร้าว,12,16:00-19:00,0,0,1
ภาวนา,ลาดพร้าว37,12,07:00-09:00,0,0,1
ภาวนา,ลาดพร้าว37,12,09:00-16:00,0,0,1
ภาวนา,ลาดพร้าว37,12,16:00-19:00,0,0,1
ภาวนา,ลาดพร้าว41,12,07:00-09:00,0,0,1
ภาวนา,ลาดพร้าว41,12,09:00-16:00,0,0,1
ภาวนา,ลาดพร้าว41,12,16:00-19:00,0,0,1
ภาวนา,ลาดพร้าว44,12,07:00-09:00,0,0,1
ภาวนา,ลาดพร้าว44,12,09:00-16:00,0,0,1
ภาวนา,ลาดพร้าว44,12,16:00-19:00,0,0,1
ม.หอการค้าไทย,วิภาวดีรังสิต,7,07:00-09:00,0,1,0
ม.หอการค้าไทย,วิภาวดีรังสิต,7,09:00-16:00,0,1,0
ม.หอการค้าไทย,วิภาวดีรังสิต,7,16:00-19:00,0,1,0
มหานคร,จารุเมือง,6,07:00-09:00,0,0,1
มหานคร,จารุเมือง,6,09:00-17:00,0,0,1
มหานคร,จารุเมือง,6,17:00-19:00,0,0,1
มหานคร,จารุเมือง,11,07:00-09:00,1,0,1
มหานคร,จารุเมือง,11,09:00-16:00,1,0,1
มหานคร,จารุเมือง,11,16:00-19:00,1,0,1
มหานคร,พระรามที่4,6,07:00-09:00,0,0,1
มหานคร,พระรามที่4,6,09:00-17:00,0,0,1
มหานคร,พระรามที่4,6,17:00-19:00,0,0,1
มหานคร,พระรามที่4,11,07:00-09:00,1,0,1
มหานคร,พระรามที่4,11,09:00-16:00,1,0,1
มหานคร,พระรามที่4,11,16:00-19:00,1,0,1
มหานคร,มหานคร,6,07:00-09:00,0,0,1
มหานคร,มหานคร,6,09:00-17:00,0,0,1
มหานคร,มหานคร,6,17:00-19:00,0,0,1
มหานคร,มหานคร,11,07:00-09:00,1,0,1
มหานคร,มหานคร,11,09:00-16:00,1,0,1
มหานคร,มหานคร,11,16:00-19:00,1,0,1
มหานคร-สี่พระยา,มหานคร,1,07:00-09:00,0,0,1
มหานคร-สี่พระยา,มหานคร,1,09:00-17:00,0,0,1
มหานคร-สี่พระยา,มหานคร,1,17:00-19:00,0,0,1
มหานคร-สี่พระยา,มหาเศรษฐ์,1,07:00-09:00,0,0,1
มหานคร-สี่พระยา,มหาเศรษฐ์,1,09:00-17:00,0,0,1
มหานคร-สี่พระยา,มหาเศรษฐ์,1,17:00-19:00,0,0,1
มหานคร-สี่พระยา,สี่พระยา,1,07:00-09:00,0,0,1
มหานคร-สี่พระยา,สี่พระยา,1,09:00-17:00,0,0,1
มหานคร-สี่พระยา,สี่พระยา,1,17:00-19:00,0,0,1
มหาวิทยาลัยกรุงเทพ,ซอยบ้านกล้วยใต้(สุขุมวิท42),4,07:00-09:00,1,0,0
มหาวิทยาลัยกรุงเทพ,ซอยบ้านกล้วยใต้(สุขุมวิท42),4,09:00-16:00,1,0,0
มหาวิทยาลัยกรุงเทพ,ซอยบ้านกล้วยใต้(สุขุมวิท42),4,16:00-19:00,1,0,0
มหาวิทยาลัยกรุงเทพ,ซอยมหาวิทยาลัยกรุงเทพ,4,07:00-09:00,1,0,0
มหาวิทยาลัยกรุงเทพ,ซอยมหาวิทยาลัยกรุงเทพ,4,09:00-16:00,1,0,0
มหาวิทยาลัยกรุงเทพ,ซอยมหาวิทยาลัยกรุงเทพ,4,16:00-19:00,1,0,0
มหาวิทยาลัยกรุงเทพ,พระรามที่4,4,07:00-09:00,1,0,0
มหาวิทยาลัยกรุงเทพ,พระรามที่4,4,09:00-16:00,1,0,0
มหาวิทยาลัยกรุงเทพ,พระรามที่4,4,16:00-19:00,1,0,0
มหาวิทยาลัยกรุงเทพ,พระรามที่4,6,07:00-09:00,0,0,1
มหาวิทยาลัยกรุงเทพ,พระรามที่4,6,09:00-16:00,0,0,1
มหาวิทยาลัยกรุงเทพ,พระรามที่4,6,16:00-19:00,0,0,1
มหาวิทยาลัยกรุงเทพ,ม.กรุงเทพฯ,6,07:00-09:00,0,0,1
มหาวิทยาลัยกรุงเทพ,ม.กรุงเทพฯ,6,09:00-16:00,0,0,1
มหาวิทยาลัยกรุงเทพ,ม.กรุงเทพฯ,6,16:00-19:00,0,0,1
มหาวิทยาลัยกรุงเทพ,สุขุมวิท42,6,07:00-09:00,0,0,1
มหาวิทยาลัยกรุงเทพ,สุขุมวิท42,6,09:00-16:00,0,0,1
มหาวิทยาลัยกรุงเทพ,สุขุมวิท42,6,16:00-19:00,0,0,1
มหาไชย-ศิริชัย,มหาไชย,7,07:00-09:00,0,1,0
มหาไชย-ศิริชัย,มหาไชย,7,09:00-16:00,0,1,0
มหาไชย-ศิริชัย,มหาไชย,7,16:00-19:00,0,1,0
มหาไชย-สำราญราษฎร์,มหาไชย,7,07:00-09:00,1,0,0
มหาไชย-สำราญราษฎร์,มหาไชย,7,09:00-16:00,1,0,0
มหาไชย-สำราญราษฎร์,มหาไชย,7,16:00-19:00,1,0,0
มักกะสัน,นิคมมักกะสัน,5,07:00-09:00,0,0,2
มักกะสัน,นิคมมักกะสัน,5,09:00-17:00,0,0,2
มักกะสัน,นิคมมักกะสัน,5,17:00-19:00,0,0,2
มักกะสัน,ราชปรารภ,5,07:00-09:00,0,0,2
มักกะสัน,ราชปรารภ,5,09:00-17:00,0,0,2
มักกะสัน,ราชปรารภ,5,17:00-19:00,0,0,2
มัฆวาน,กรุงเกษม,1,07:00-09:00,0,0,1
มัฆวาน,กรุงเกษม,1,09:00-16:00,0,0,1
มัฆวาน,กรุงเกษม,1,16:00-19:00,0,0,1
มัฆวาน,กรุงเกษม,5,07:00-09:00,0,1,0
มัฆวาน,กรุงเกษม,5,09:00-16:00,0,1,0
มัฆวาน,กรุงเกษม,5,16:00-19:00,0,1,0
มัฆวาน,กรุงเกษม,10,07:00-09:00,1,0,0
มัฆวาน,กรุงเกษม,10,09:00-16:00,1,0,0
มัฆวาน,กรุงเกษม,10,16:00-19:00,1,0,0
มัฆวาน,กรุงเกษม,12,07:00-09:00,0,0,1
มัฆวาน,กรุงเกษม,12,09:00-17:00,0,0,1
มัฆวาน,กรุงเกษม,12,17:00-19:00,0,0,1
มัฆวาน,ราชดำเนิน,1,07:00-09:00,0,0,1
มัฆวาน,ราชดำเนิน,1,09:00-16:00,0,0,1
มัฆวาน,ราชดำเนิน,1,16:00-19:00,0,0,1
มัฆวาน,ราชดำเนินนอก,5,06:30-09:00,0,1,0
มัฆวาน,ราชดำเนินนอก,5,09:00-16:00,0,1,0
มัฆวาน,ราชดำเนินนอก,5,16:00-19:30,0,1,0
มัฆวาน,ราชดำเนินนอก,10,07:00-09:00,1,0,0
มัฆวาน,ราชดำเนินนอก,10,09:00-16:00,1,0,0
มัฆวาน,ราชดำเนินนอก,10,16:00-19:00,1,0,0
มัฆวาน,ราชดำเนินนอก,12,07:00-09:00,0,0,1
มัฆวาน,ราชดำเนินนอก,12,09:00-17:00,0,0,1
มัฆวาน,ราชดำเนินนอก,12,17:00-19:00,0,0,1
มัยลาภ,ซอยรามอยินทรา14(ซอยมัยลาภ),7,07:00-09:00,1,0,0
มัยลาภ,ซอยรามอยินทรา14(ซอยมัยลาภ),7,09:00-16:00,1,0,0
มัยลาภ,ซอยรามอยินทรา14(ซอยมัยลาภ),7,16:00-19:00,1,0,0
มัยลาภ,รามอินทรา,7,07:00-09:00,1,0,1
มัยลาภ,รามอินทรา,7,09:00-16:00,1,0,0
มัยลาภ,รามอินทรา,7,09:00-17:00,0,0,1
มัยลาภ,รามอินทรา,7,16:00-19:00,1,0,0
มัยลาภ,รามอินทรา,7,17:00-19:00,0,0,1
มัยลาภ,รามอินทรา14,7,07:00-09:00,0,0,1
มัยลาภ,รามอินทรา14,7,09:00-17:00,0,0,1
มัยลาภ,รามอินทรา14,7,17:00-19:00,0,0,1
มิตรสัมพันธ์,นิคมมักกะสัน,5,06:30-09:00,0,1,0
มิตรสัมพันธ์,นิคมมักกะสัน,5,09:00-16:00,0,1,0
มิตรสัมพันธ์,นิคมมักกะสัน,5,16:00-19:30,0,1,0
มิตรสัมพันธ์,นิคมมักกะสัน,6,07:00-09:00,0,1,0
มิตรสัมพันธ์,นิคมมักกะสัน,6,09:00-16:00,0,1,0
มิตรสัมพันธ์,นิคมมักกะสัน,6,16:00-19:00,0,1,0
มิตรสัมพันธ์,นิคมมักกะสัน,8,07:00-09:00,1,0,0
มิตรสัมพันธ์,นิคมมักกะสัน,8,09:00-16:00,1,0,0
มิตรสัมพันธ์,นิคมมักกะสัน,8,16:00-19:00,1,0,0
มิตรสัมพันธ์,นิคมมักกะสัน,9,07:00-09:00,0,0,1
มิตรสัมพันธ์,นิคมมักกะสัน,9,09:00-17:00,0,0,1
มิตรสัมพันธ์,นิคมมักกะสัน,9,17:00-19:00,0,0,1
มิตรสัมพันธ์,มักกะสัน,4,07:00-09:00,0,0,1
มิตรสัมพันธ์,มักกะสัน,4,09:00-17:00,0,0,1
มิตรสัมพันธ์,มักกะสัน,4,17:00-19:00,0,0,1
มิตรสัมพันธ์,เพชรบุรี,4,07:00-09:00,0,0,1
มิตรสัมพันธ์,เพชรบุรี,4,09:00-17:00,0,0,1
มิตรสัมพันธ์,เพชรบุรี,4,17:00-19:00,0,0,1
มิตรสัมพันธ์,เพชรบุรี,5,06:30-09:00,0,1,0
มิตรสัมพันธ์,เพชรบุรี,5,09:00-16:00,0,1,0
มิตรสัมพันธ์,เพชรบุรี,5,16:00-19:00,0,1,0
มิตรสัมพันธ์,เพชรบุรี,6,07:00-09:00,0,1,0
มิตรสัมพันธ์,เพชรบุรี,6,09:00-16:00,0,1,0
มิตรสัมพันธ์,เพชรบุรี,6,16:00-19:00,0,1,0
มิตรสัมพันธ์,เพชรบุรี,8,07:00-09:00,1,0,0
มิตรสัมพันธ์,เพชรบุรี,8,09:00-16:00,1,0,0
มิตรสัมพันธ์,เพชรบุรี,8,16:00-19:00,1,0,0
มิตรสัมพันธ์,เพชรบุรี,9,07:00-09:00,0,0,1
มิตรสัมพันธ์,เพชรบุรี,9,09:00-17:00,0,0,1
มิตรสัมพันธ์,เพชรบุรี,9,17:00-19:00,0,0,1
มิตรไมตรี-มิตรไมตรี,มิตรไมตรี(EB-WB),2,07:00-09:00,0,2,0
มิตรไมตรี-มิตรไมตรี,มิตรไมตรี(EB-WB),2,09:00-16:00,0,2,0
มิตรไมตรี-มิตรไมตรี,มิตรไมตรี(EB-WB),2,16:00-19:00,0,2,0
มิตรไมตรี-มิตรไมตรี,มิตรไมตรี(NB),2,07:00-09:00,0,2,0
มิตรไมตรี-มิตรไมตรี,มิตรไมตรี(NB),2,09:00-16:00,0,2,0
มิตรไมตรี-มิตรไมตรี,มิตรไมตรี(NB),2,16:00-19:00,0,2,0
มิตรไมตรี-มิตรไมตรี1,มิตรไมตรี,1,06:30-09:00,5,1,0
มิตรไมตรี-มิตรไมตรี1,มิตรไมตรี,1,09:00-16:00,5,1,0
มิตรไมตรี-มิตรไมตรี1,มิตรไมตรี,1,16:00-19:30,5,1,0
มิตรไมตรี-มิตรไมตรี1,มิตรไมตรี,6,07:00-09:00,0,0,1
มิตรไมตรี-มิตรไมตรี1,มิตรไมตรี,6,09:00-16:00,0,0,1
มิตรไมตรี-มิตรไมตรี1,มิตรไมตรี,6,16:00-19:00,0,0,1
มิตรไมตรี-มิตรไมตรี1,มิตรไมตรี1,1,06:30-09:00,5,1,0
มิตรไมตรี-มิตรไมตรี1,มิตรไมตรี1,1,09:00-16:00,5,1,0
มิตรไมตรี-มิตรไมตรี1,มิตรไมตรี1,1,16:00-19:30,5,1,0
มิตรไมตรี-มิตรไมตรี1,มิตรไมตรี1,6,07:00-09:00,0,0,1
มิตรไมตรี-มิตรไมตรี1,มิตรไมตรี1,6,09:00-16:00,0,0,1
มิตรไมตรี-มิตรไมตรี1,มิตรไมตรี1,6,16:00-19:00,0,0,1
มิตรไมตรี-มิตรไมตรี12/2,มิตรไมตรี,6,07:00-09:00,0,0,1
มิตรไมตรี-มิตรไมตรี12/2,มิตรไมตรี,6,09:00-17:00,0,0,1
มิตรไมตรี-มิตรไมตรี12/2,มิตรไมตรี,6,17:00-19:00,0,0,1
มิตรไมตรี-มิตรไมตรี12/2,มิตรไมตรี12/2,6,07:00-09:00,0,0,1
มิตรไมตรี-มิตรไมตรี12/2,มิตรไมตรี12/2,6,09:00-17:00,0,0,1
มิตรไมตรี-มิตรไมตรี12/2,มิตรไมตรี12/2,6,17:00-19:00,0,0,1
มิตรไมตรี-มิตรไมตรี2,มิตรไมตรี,1,06:30-09:00,4,1,0
มิตรไมตรี-มิตรไมตรี2,มิตรไมตรี,1,09:00-16:00,4,1,0
มิตรไมตรี-มิตรไมตรี2,มิตรไมตรี,1,16:00-19:30,4,1,0
มิตรไมตรี-มิตรไมตรี2,มิตรไมตรี,2,07:00-09:00,0,2,0
มิตรไมตรี-มิตรไมตรี2,มิตรไมตรี,2,09:00-16:00,0,2,0
มิตรไมตรี-มิตรไมตรี2,มิตรไมตรี,2,16:00-19:00,0,2,0
มิตรไมตรี-มิตรไมตรี2,มิตรไมตรี,5,07:00-09:00,0,0,1
มิตรไมตรี-มิตรไมตรี2,มิตรไมตรี,5,09:00-17:00,0,0,1
มิตรไมตรี-มิตรไมตรี2,มิตรไมตรี,5,17:00-19:00,0,0,1
มิตรไมตรี-มิตรไมตรี2,มิตรไมตรี,6,07:00-09:00,0,0,1
มิตรไมตรี-มิตรไมตรี2,มิตรไมตรี,6,09:00-16:00,0,0,1
มิตรไมตรี-มิตรไมตรี2,มิตรไมตรี,6,16:00-19:00,0,0,1
มิตรไมตรี-มิตรไมตรี2,มิตรไมตรี,7,07:00-09:00,1,0,0
มิตรไมตรี-มิตรไมตรี2,มิตรไมตรี,7,09:00-16:00,1,0,0
มิตรไมตรี-มิตรไมตรี2,มิตรไมตรี,7,16:00-19:00,1,0,0
มิตรไมตรี-มิตรไมตรี2,มิตรไมตรี,8,07:00-09:00,1,0,0
มิตรไมตรี-มิตรไมตรี2,มิตรไมตรี,8,09:00-16:00,1,0,0
มิตรไมตรี-มิตรไมตรี2,มิตรไมตรี,8,16:00-19:00,1,0,0
มิตรไมตรี-มิตรไมตรี2,มิตรไมตรี,9,07:00-09:00,0,0,1
มิตรไมตรี-มิตรไมตรี2,มิตรไมตรี,9,09:00-17:00,0,0,1
มิตรไมตรี-มิตรไมตรี2,มิตรไมตรี,9,17:00-19:00,0,0,1
มิตรไมตรี-มิตรไมตรี2,มิตรไมตรี,12,07:00-09:00,0,1,0
มิตรไมตรี-มิตรไมตรี2,มิตรไมตรี,12,09:00-16:00,0,1,0
มิตรไมตรี-มิตรไมตรี2,มิตรไมตรี,12,16:00-19:00,0,1,0
มิตรไมตรี-มิตรไมตรี2,มิตรไมตรี2,1,06:30-09:00,4,1,0
มิตรไมตรี-มิตรไมตรี2,มิตรไมตรี2,1,09:00-16:00,4,1,0
มิตรไมตรี-มิตรไมตรี2,มิตรไมตรี2,1,16:00-19:30,4,1,0
มิตรไมตรี-มิตรไมตรี2,มิตรไมตรี2,2,07:00-09:00,0,2,0
มิตรไมตรี-มิตรไมตรี2,มิตรไมตรี2,2,09:00-16:00,0,2,0
มิตรไมตรี-มิตรไมตรี2,มิตรไมตรี2,2,16:00-19:00,0,2,0
มิตรไมตรี-มิตรไมตรี2,มิตรไมตรี2,5,07:00-09:00,0,0,1
มิตรไมตรี-มิตรไมตรี2,มิตรไมตรี2,5,09:00-17:00,0,0,1
มิตรไมตรี-มิตรไมตรี2,มิตรไมตรี2,5,17:00-19:00,0,0,1
มิตรไมตรี-มิตรไมตรี2,มิตรไมตรี2,6,07:00-09:00,0,0,1
มิตรไมตรี-มิตรไมตรี2,มิตรไมตรี2,6,09:00-16:00,0,0,1
มิตรไมตรี-มิตรไมตรี2,มิตรไมตรี2,6,16:00-19:00,0,0,1
มิตรไมตรี-มิตรไมตรี2,มิตรไมตรี2,7,07:00-09:00,1,0,0
มิตรไมตรี-มิตรไมตรี2,มิตรไมตรี2,7,09:00-16:00,1,0,0
มิตรไมตรี-มิตรไมตรี2,มิตรไมตรี2,7,16:00-19:00,1,0,0
มิตรไมตรี-มิตรไมตรี2,มิตรไมตรี2,8,07:00-09:00,1,0,0
มิตรไมตรี-มิตรไมตรี2,มิตรไมตรี2,8,09:00-16:00,1,0,0
มิตรไมตรี-มิตรไมตรี2,มิตรไมตรี2,8,16:00-19:00,1,0,0
มิตรไมตรี-มิตรไมตรี2,มิตรไมตรี2,9,07:00-09:00,0,0,1
มิตรไมตรี-มิตรไมตรี2,มิตรไมตรี2,9,09:00-17:00,0,0,1
มิตรไมตรี-มิตรไมตรี2,มิตรไมตรี2,9,17:00-19:00,0,0,1
มิตรไมตรี-มิตรไมตรี2,มิตรไมตรี2,12,07:00-09:00,0,1,0
มิตรไมตรี-มิตรไมตรี2,มิตรไมตรี2,12,09:00-16:00,0,1,0
มิตรไมตรี-มิตรไมตรี2,มิตรไมตรี2,12,16:00-19:00,0,1,0
มิตรไมตรี-มิตรไมตรี3,มิตรไมตรี,9,07:00-09:00,0,0,1
มิตรไมตรี-มิตรไมตรี3,มิตรไมตรี,9,09:00-16:00,0,0,1
มิตรไมตรี-มิตรไมตรี3,มิตรไมตรี,9,16:00-19:00,0,0,1
มิตรไมตรี-มิตรไมตรี3,มิตรไมตรี3,9,07:00-09:00,0,0,1
มิตรไมตรี-มิตรไมตรี3,มิตรไมตรี3,9,09:00-16:00,0,0,1
มิตรไมตรี-มิตรไมตรี3,มิตรไมตรี3,9,16:00-19:00,0,0,1
มิตรไมตรี-มิตรไมตรี3-มิตรไมตรี4,มิตรไมตรี,6,07:00-09:00,0,0,1
มิตรไมตรี-มิตรไมตรี3-มิตรไมตรี4,มิตรไมตรี,6,09:00-17:00,0,0,1
มิตรไมตรี-มิตรไมตรี3-มิตรไมตรี4,มิตรไมตรี,6,17:00-19:00,0,0,1
มิตรไมตรี-มิตรไมตรี3-มิตรไมตรี4,มิตรไมตรี3,6,07:00-09:00,0,0,1
มิตรไมตรี-มิตรไมตรี3-มิตรไมตรี4,มิตรไมตรี3,6,09:00-17:00,0,0,1
มิตรไมตรี-มิตรไมตรี3-มิตรไมตรี4,มิตรไมตรี3,6,17:00-19:00,0,0,1
มิตรไมตรี-มิตรไมตรี3-มิตรไมตรี4,มิตรไมตรี4,6,07:00-09:00,0,0,1
มิตรไมตรี-มิตรไมตรี3-มิตรไมตรี4,มิตรไมตรี4,6,09:00-17:00,0,0,1
มิตรไมตรี-มิตรไมตรี3-มิตรไมตรี4,มิตรไมตรี4,6,17:00-19:00,0,0,1
มิตรไมตรี-สกุลดี,ประชาสำราญ,9,07:00-09:00,0,0,1
มิตรไมตรี-สกุลดี,ประชาสำราญ,9,09:00-16:00,0,0,1
มิตรไมตรี-สกุลดี,ประชาสำราญ,9,16:00-19:00,0,0,1
มิตรไมตรี-สกุลดี,มิตรไมตรี,9,07:00-09:00,0,0,1
มิตรไมตรี-สกุลดี,มิตรไมตรี,9,09:00-16:00,0,0,1
มิตรไมตรี-สกุลดี,มิตรไมตรี,9,16:00-19:00,0,0,1
มิตรไมตรี-สกุลดี,สกุลดี,9,07:00-09:00,0,0,1
มิตรไมตรี-สกุลดี,สกุลดี,9,09:00-16:00,0,0,1
มิตรไมตรี-สกุลดี,สกุลดี,9,16:00-19:00,0,0,1
มิตรไมตรี3-มิตรไมตรี4,มิตรไมตรี,2,07:00-09:00,0,0,1
มิตรไมตรี3-มิตรไมตรี4,มิตรไมตรี,2,09:00-17:00,0,0,1
มิตรไมตรี3-มิตรไมตรี4,มิตรไมตรี,2,17:00-19:00,0,0,1
มิตรไมตรี3-มิตรไมตรี4,มิตรไมตรี3,2,07:00-09:00,0,0,1
มิตรไมตรี3-มิตรไมตรี4,มิตรไมตรี3,2,09:00-17:00,0,0,1
มิตรไมตรี3-มิตรไมตรี4,มิตรไมตรี3,2,17:00-19:00,0,0,1
มิตรไมตรี3-มิตรไมตรี4,มิตรไมตรี4,2,07:00-09:00,0,0,1
มิตรไมตรี3-มิตรไมตรี4,มิตรไมตรี4,2,09:00-17:00,0,0,1
มิตรไมตรี3-มิตรไมตรี4,มิตรไมตรี4,2,17:00-19:00,0,0,1
มิสทีน,รามคำแหง,4,07:00-09:00,0,0,1
มิสทีน,รามคำแหง,4,09:00-16:00,0,0,1
มิสทีน,รามคำแหง,5,07:00-09:00,0,0,1
มิสทีน,รามคำแหง,5,09:00-17:00,0,0,1
มิสทีน,รามคำแหง,5,17:00-19:00,0,0,1
มิสทีน,รามคำแหง,10,07:00-09:00,1,0,0
มิสทีน,รามคำแหง,10,09:00-16:00,1,0,0
มิสทีน,รามคำแหง,10,16:00-19:00,1,0,0
มิสทีน,ราษฎร์พัฒนา,4,07:00-09:00,0,0,1
มิสทีน,ราษฎร์พัฒนา,4,09:00-16:00,0,0,1
มิสทีน,ราษฎร์พัฒนา,4,16:00-19:00,0,0,1
มิสทีน,ราษฎร์พัฒนา,5,07:00-09:00,0,0,1
มิสทีน,ราษฎร์พัฒนา,5,09:00-17:00,0,0,1
มิสทีน,ราษฎร์พัฒนา,5,17:00-19:00,0,0,1
มิสทีน,ราษฎร์พัฒนา,10,07:00-09:00,1,0,0
มิสทีน,ราษฎร์พัฒนา,10,09:00-16:00,1,0,0
มิสทีน,ราษฎร์พัฒนา,10,16:00-19:00,1,0,0
มเหสักข์,มหาเศรษฐ์,2,09:00-17:00,0,0,1
มเหสักข์,มหาเศรษฐ์,2,17:00-19:00,0,0,1
มเหสักข์,มเหสักข์,2,09:00-17:00,0,0,1
มเหสักข์,มเหสักข์,2,17:00-19:00,0,0,1
มเหสักข์,มเหสักข์,4,07:00-09:00,1,0,0
มเหสักข์,มเหสักข์,4,09:00-16:00,1,0,0
มเหสักข์,มเหสักข์,4,16:00-19:00,1,0,0
มเหสักข์,สีลม,4,07:00-09:00,1,0,0
มเหสักข์,สีลม,4,09:00-16:00,1,0,0
มเหสักข์,สีลม,4,16:00-19:00,1,0,0
มเหสักข์,สุรวงศ์,2,07:00-09:00,0,0,1
มเหสักข์,สุรวงศ์,2,09:00-17:00,0,0,1
มเหสักข์,สุรวงศ์,2,17:00-19:00,0,0,1
มเหสักข์,สุรศักดิ์,4,07:00-09:00,1,0,0
มเหสักข์,สุรศักดิ์,4,09:00-16:00,1,0,0
มเหสักข์,สุรศักดิ์,4,16:00-19:00,1,0,0
มไหสวรรย์,มไหสวรรย์,1,07:00-09:00,0,0,1
มไหสวรรย์,มไหสวรรย์,1,09:00-16:00,0,0,1
มไหสวรรย์,มไหสวรรย์,1,16:00-19:00,0,0,1
มไหสวรรย์,มไหสวรรย์,7,07:00-09:00,1,0,0
มไหสวรรย์,มไหสวรรย์,7,09:00-16:00,1,0,0
มไหสวรรย์,มไหสวรรย์,7,16:00-19:00,1,0,0
มไหสวรรย์,มไหสวรรย์,9,07:00-09:00,1,0,0
มไหสวรรย์,มไหสวรรย์,9,09:00-16:00,1,0,0
มไหสวรรย์,มไหสวรรย์,9,16:00-19:00,1,0,0
มไหสวรรย์,มไหสวรรย์,10,07:00-09:00,0,0,1
มไหสวรรย์,มไหสวรรย์,10,09:00-17:00,0,0,1
มไหสวรรย์,มไหสวรรย์,10,17:00-19:00,0,0,1
มไหสวรรย์,มไหสวรรย์,11,07:00-09:00,0,1,0
มไหสวรรย์,มไหสวรรย์,11,09:00-16:00,0,1,0
มไหสวรรย์,มไหสวรรย์,11,16:00-19:00,0,1,0
มไหสวรรย์,มไหสวรรย์,12,07:00-09:00,0,0,1
มไหสวรรย์,มไหสวรรย์,12,09:00-17:00,0,0,1
มไหสวรรย์,มไหสวรรย์,12,17:00-19:00,0,0,1
มไหสวรรย์,รัชดาภิเษก,7,07:00-09:00,1,0,0
มไหสวรรย์,รัชดาภิเษก,7,09:00-16:00,1,0,0
มไหสวรรย์,รัชดาภิเษก,7,16:00-19:00,1,0,0
มไหสวรรย์,รัชดาภิเษก,9,07:00-09:00,1,0,0
มไหสวรรย์,รัชดาภิเษก,9,09:00-16:00,1,0,0
มไหสวรรย์,รัชดาภิเษก,9,16:00-19:00,1,0,0
มไหสวรรย์,รัชดาภิเษก,10,07:00-09:00,0,0,1
มไหสวรรย์,รัชดาภิเษก,10,09:00-17:00,0,0,1
มไหสวรรย์,รัชดาภิเษก,10,17:00-19:00,0,0,1
มไหสวรรย์,รัชดาภิเษก,11,07:00-09:00,0,1,0
มไหสวรรย์,รัชดาภิเษก,11,09:00-16:00,0,1,0
มไหสวรรย์,รัชดาภิเษก,11,16:00-19:00,0,1,0
มไหสวรรย์,รัชดาภิเษก,12,07:00-09:00,0,0,1
มไหสวรรย์,รัชดาภิเษก,12,09:00-17:00,0,0,1
มไหสวรรย์,รัชดาภิเษก,12,17:00-19:00,0,0,1
มไหสวรรย์,สมเดจ็พระเจ้าตากสิน,11,07:00-09:00,0,1,0
มไหสวรรย์,สมเดจ็พระเจ้าตากสิน,11,09:00-16:00,0,1,0
มไหสวรรย์,สมเดจ็พระเจ้าตากสิน,11,16:00-19:00,0,1,0
มไหสวรรย์,สมเด็จพระเจ้าตากสิน,1,07:00-09:00,0,0,1
มไหสวรรย์,สมเด็จพระเจ้าตากสิน,1,09:00-16:00,0,0,1
มไหสวรรย์,สมเด็จพระเจ้าตากสิน,1,16:00-19:00,0,0,1
มไหสวรรย์,สมเด็จพระเจ้าตากสิน,7,07:00-09:00,1,0,0
มไหสวรรย์,สมเด็จพระเจ้าตากสิน,7,09:00-16:00,1,0,0
มไหสวรรย์,สมเด็จพระเจ้าตากสิน,7,16:00-19:00,1,0,0
มไหสวรรย์,สมเด็จพระเจ้าตากสิน,9,07:00-09:00,1,0,0
มไหสวรรย์,สมเด็จพระเจ้าตากสิน,9,09:00-16:00,1,0,0
มไหสวรรย์,สมเด็จพระเจ้าตากสิน,9,16:00-19:00,1,0,0
มไหสวรรย์,สมเด็จพระเจ้าตากสิน,10,07:00-09:00,0,0,1
มไหสวรรย์,สมเด็จพระเจ้าตากสิน,10,09:00-17:00,0,0,1
มไหสวรรย์,สมเด็จพระเจ้าตากสิน,10,17:00-19:00,0,0,1
มไหสวรรย์,สมเด็จพระเจ้าตากสิน,12,07:00-09:00,0,0,1
มไหสวรรย์,สมเด็จพระเจ้าตากสิน,12,09:00-17:00,0,0,1
มไหสวรรย์,สมเด็จพระเจ้าตากสิน,12,17:00-19:00,0,0,1
ยมราช,พิษณุโลก,3,07:00-09:00,0,1,0
ยมราช,พิษณุโลก,3,09:00-16:00,0,1,0
ยมราช,พิษณุโลก,3,16:00-19:00,0,1,0
ยมราช,พิษณุโลก,4,07:00-09:00,0,0,1
ยมราช,พิษณุโลก,4,09:00-16:00,0,0,1
ยมราช,พิษณุโลก,4,16:00-19:00,0,0,1
ยมราช,พิษณุโลก,5,07:00-09:00,0,0,1
ยมราช,พิษณุโลก,5,09:00-17:00,0,0,1
ยมราช,พิษณุโลก,5,17:00-19:00,0,0,1
ยมราช,พิษณุโลก,8,07:00-09:00,0,0,1
ยมราช,พิษณุโลก,8,09:00-17:00,0,0,1
ยมราช,พิษณุโลก,8,17:00-19:00,0,0,1
ยมราช,พิษณุโลก,9,07:00-09:00,1,0,0
ยมราช,พิษณุโลก,9,09:00-16:00,1,0,0
ยมราช,พิษณุโลก,9,16:00-19:00,1,0,0
ยมราช,สวรรคโลก,3,07:00-09:00,0,1,0
ยมราช,สวรรคโลก,3,09:00-16:00,0,1,0
ยมราช,สวรรคโลก,3,16:00-19:00,0,1,0
ยมราช,สวรรคโลก,4,07:00-09:00,0,0,1
ยมราช,สวรรคโลก,4,09:00-16:00,0,0,1
ยมราช,สวรรคโลก,4,16:00-19:00,0,0,1
ยมราช,สวรรคโลก,5,07:00-09:00,0,0,1
ยมราช,สวรรคโลก,5,09:00-17:00,0,0,1
ยมราช,สวรรคโลก,5,17:00-19:00,0,0,1
ยมราช,สวรรคโลก,8,07:00-09:00,0,0,1
ยมราช,สวรรคโลก,8,09:00-17:00,0,0,1
ยมราช,สวรรคโลก,8,17:00-19:00,0,0,1
ยมราช,สวรรคโลก,9,06:30-09:00,1,0,0
ยมราช,สวรรคโลก,9,09:00-16:00,1,0,0
ยมราช,สวรรคโลก,9,16:00-19:30,1,0,0
ยมราช,หลานหลวง,3,07:00-09:00,0,1,0
ยมราช,หลานหลวง,3,09:00-16:00,0,1,0
ยมราช,หลานหลวง,3,16:00-19:00,0,1,0
ยมราช,หลานหลวง,4,07:00-09:00,0,0,1
ยมราช,หลานหลวง,4,09:00-16:00,0,0,1
ยมราช,หลานหลวง,4,16:00-19:00,0,0,1
ยมราช,หลานหลวง,5,07:00-09:00,0,0,1
ยมราช,หลานหลวง,5,09:00-17:00,0,0,1
ยมราช,หลานหลวง,5,17:00-19:00,0,0,1
ยมราช,หลานหลวง,8,07:00-09:00,0,0,1
ยมราช,หลานหลวง,8,09:00-17:00,0,0,1
ยมราช,หลานหลวง,8,17:00-19:00,0,0,1
ยมราช,หลานหลวง,9,06:30-09:00,1,0,0
ยมราช,หลานหลวง,9,09:00-16:00,1,0,0
ยมราช,หลานหลวง,9,16:00-19:30,1,0,0
ยมราช,เพชรบุรี,3,07:00-09:00,0,1,0
ยมราช,เพชรบุรี,3,09:00-16:00,0,1,0
ยมราช,เพชรบุรี,3,16:00-19:00,0,1,0
ยมราช,เพชรบุรี,4,07:00-09:00,0,0,1
ยมราช,เพชรบุรี,4,09:00-16:00,0,0,1
ยมราช,เพชรบุรี,4,16:00-19:00,0,0,1
ยมราช,เพชรบุรี,5,07:00-09:00,0,0,1
ยมราช,เพชรบุรี,5,09:00-17:00,0,0,1
ยมราช,เพชรบุรี,5,17:00-19:00,0,0,1
ยมราช,เพชรบุรี,8,07:00-09:00,0,0,1
ยมราช,เพชรบุรี,8,09:00-17:00,0,0,1
ยมราช,เพชรบุรี,8,17:00-19:00,0,0,1
ยมราช,เพชรบุรี,9,07:00-09:00,1,0,0
ยมราช,เพชรบุรี,9,09:00-16:00,1,0,0
ยมราช,เพชรบุรี,9,16:00-19:00,1,0,0
ยานนาวา,พระรามที่3,9,07:00-09:00,0,0,1
ยานนาวา,พระรามที่3,9,09:00-17:00,0,0,1
ยานนาวา,พระรามที่3,9,17:00-19:00,0,0,1
ยานนาวา,ยานนาวา,9,07:00-09:00,0,0,1
ยานนาวา,ยานนาวา,9,09:00-17:00,0,0,1
ยานนาวา,ยานนาวา,9,17:00-19:00,0,0,1
ยุคล2,บำรุงเมือง,10,07:00-09:00,1,0,0
ยุคล2,บำรุงเมือง,10,09:00-16:00,1,0,0
ยุคล2,บำรุงเมือง,10,16:00-19:00,1,0,0
ยุคล2,บำรุงเมือง,12,07:00-09:00,0,0,1
ยุคล2,บำรุงเมือง,12,09:00-17:00,0,0,1
ยุคล2,บำรุงเมือง,12,17:00-19:00,0,0,1
ยุคล2,บํารุงเมือง,12,07:00-09:00,0,1,0
ยุคล2,บํารุงเมือง,12,09:00-16:00,0,1,0
ยุคล2,บํารุงเมือง,12,16:00-19:00,0,1,0
ยุคล2,ยุคล2,10,07:00-09:00,1,0,0
ยุคล2,ยุคล2,10,09:00-16:00,1,0,0
ยุคล2,ยุคล2,10,16:00-19:00,1,0,0
ยุคล2,ยุคล2,12,07:00-09:00,0,1,1
ยุคล2,ยุคล2,12,09:00-16:00,0,1,0
ยุคล2,ยุคล2,12,09:00-17:00,0,0,1
ยุคล2,ยุคล2,12,16:00-19:00,0,1,0
ยุคล2,ยุคล2,12,17:00-19:00,0,0,1
ร.พ.บางรัก,ซอยศึกษาวิทยา,3,07:00-09:00,0,1,0
ร.พ.บางรัก,ซอยศึกษาวิทยา,3,09:00-16:00,0,1,0
ร.พ.บางรัก,ซอยศึกษาวิทยา,3,16:00-19:00,0,1,0
ร.พ.บางรัก,ซอยเซ็นหลุยส์9,3,07:00-09:00,0,1,0
ร.พ.บางรัก,ซอยเซ็นหลุยส์9,3,09:00-16:00,0,1,0
ร.พ.บางรัก,ซอยเซ็นหลุยส์9,3,16:00-19:00,0,1,0
ร.พ.บางรัก,สาทร,3,07:00-09:00,0,1,0
ร.พ.บางรัก,สาทร,3,09:00-16:00,0,1,0
ร.พ.บางรัก,สาทร,3,16:00-19:00,0,1,0
ร.พ.สิรินธร,สุขาภิบาล2,10,07:00-09:00,0,0,1
ร.พ.สิรินธร,สุขาภิบาล2,10,09:00-16:00,0,0,1
ร.พ.สิรินธร,สุขาภิบาล2,10,16:00-19:00,0,0,1
ร.พ.สิรินธร,อ่อนนุช,10,07:00-09:00,0,0,1
ร.พ.สิรินธร,อ่อนนุช,10,09:00-16:00,0,0,1
ร.พ.สิรินธร,อ่อนนุช,10,16:00-19:00,0,0,1
ร.ร.กสิณธรอาคาเดมี่,พุทธมณฑลสาย3,7,07:00-09:00,0,1,0
ร.ร.กสิณธรอาคาเดมี่,พุทธมณฑลสาย3,7,09:00-16:00,0,1,0
ร.ร.กสิณธรอาคาเดมี่,พุทธมณฑลสาย3,7,16:00-19:00,0,1,0
ร.ร.สารสาสน์วิเทศธนบุรี,พุทธมณฑลสาย3,7,07:00-09:00,0,1,0
ร.ร.สารสาสน์วิเทศธนบุรี,พุทธมณฑลสาย3,7,09:00-16:00,0,1,0
ร.ร.สารสาสน์วิเทศธนบุรี,พุทธมณฑลสาย3,7,16:00-19:00,0,1,0
ร.ร.เตรียมอุดมศึกษา,พญาไท,7,07:00-09:00,0,1,0
ร.ร.เตรียมอุดมศึกษา,พญาไท,7,09:00-16:00,0,1,0
ร.ร.เตรียมอุดมศึกษา,พญาไท,7,16:00-19:00,0,1,0
รพ.ทหารผ่านศึก,วิภาวดีรังสิต,7,07:00-09:00,0,1,0
รพ.ทหารผ่านศึก,วิภาวดีรังสิต,7,09:00-16:00,0,1,0
รพ.ทหารผ่านศึก,วิภาวดีรังสิต,7,16:00-19:00,0,1,0
รพ.นพรัตน์,ทางเข้าออกรพ.นพรัตน์,10,07:00-09:00,0,0,1
รพ.นพรัตน์,ทางเข้าออกรพ.นพรัตน์,10,09:00-17:00,0,0,1
รพ.นพรัตน์,ทางเข้าออกรพ.นพรัตน์,10,17:00-19:00,0,0,1
รพ.นพรัตน์,รามอินทรา,10,07:00-09:00,0,0,1
รพ.นพรัตน์,รามอินทรา,10,09:00-17:00,0,0,1
รพ.นพรัตน์,รามอินทรา,10,17:00-19:00,0,0,1
รพ.นพรัตน์,สวนสยาม,10,07:00-09:00,0,0,1
รพ.นพรัตน์,สวนสยาม,10,09:00-17:00,0,0,1
รพ.นพรัตน์,สวนสยาม,10,17:00-19:00,0,0,1
รพ.ปิยะเวท,จตุรทิศ,4,07:00-09:00,0,0,1
รพ.ปิยะเวท,จตุรทิศ,4,09:00-17:00,0,0,1
รพ.ปิยะเวท,จตุรทิศ,4,17:00-19:00,0,0,1
รพ.ปิยะเวท,ทางเข้าออกรพ.ปิยะเวท,4,07:00-09:00,0,0,1
รพ.ปิยะเวท,ทางเข้าออกรพ.ปิยะเวท,4,09:00-17:00,0,0,1
รพ.ปิยะเวท,ทางเข้าออกรพ.ปิยะเวท,4,17:00-19:00,0,0,1
รพ.ภูมิพล,ซอยพิมานทิพย์,12,07:00-09:00,0,1,0
รพ.ภูมิพล,ซอยพิมานทิพย์,12,09:00-16:00,0,1,0
รพ.ภูมิพล,ซอยพิมานทิพย์,12,16:00-19:00,0,1,0
รพ.ภูมิพล,ทางเข้าออกทอ.5,12,07:00-09:00,0,1,0
รพ.ภูมิพล,ทางเข้าออกทอ.5,12,09:00-16:00,0,1,0
รพ.ภูมิพล,ทางเข้าออกทอ.5,12,16:00-19:00,0,1,0
รพ.ภูมิพล,พหลโยธิน,12,07:00-09:00,0,1,0
รพ.ภูมิพล,พหลโยธิน,12,09:00-16:00,0,1,0
รพ.ภูมิพล,พหลโยธิน,12,16:00-19:00,0,1,0
รพ.วุฒิสมเด็จย่า,พหลโยธิน,8,07:00-09:00,0,1,0
รพ.วุฒิสมเด็จย่า,พหลโยธิน,8,09:00-16:00,0,1,0
รพ.วุฒิสมเด็จย่า,พหลโยธิน,8,16:00-19:00,0,1,0
รพ.สิรินธร,สุขาภิบาล2,5,07:00-09:00,1,0,0
รพ.สิรินธร,สุขาภิบาล2,5,09:00-16:00,1,0,0
รพ.สิรินธร,สุขาภิบาล2,5,16:00-19:00,1,0,0
รพ.สิรินธร,อ่อนนุช,5,07:00-09:00,1,0,0
รพ.สิรินธร,อ่อนนุช,5,09:00-16:00,1,0,0
รพ.สิรินธร,อ่อนนุช,5,16:00-19:00,1,0,0
รร.ฤทธิยะวรรณาลัย,ช่องทางท่าดินแดง5,12,07:00-09:00,0,0,1
รร.ฤทธิยะวรรณาลัย,ช่องทางท่าดินแดง5,12,09:00-17:00,0,0,1
รร.ฤทธิยะวรรณาลัย,ช่องทางท่าดินแดง5,12,17:00-19:00,0,0,1
รร.ฤทธิยะวรรณาลัย,ทางเข้าออกกรมอากาศโยธิน,11,07:00-09:00,0,0,1
รร.ฤทธิยะวรรณาลัย,ทางเข้าออกกรมอากาศโยธิน,11,09:00-16:00,0,0,1
รร.ฤทธิยะวรรณาลัย,ทางเข้าออกกรมอากาศโยธิน,11,16:00-19:00,0,0,1
รร.ฤทธิยะวรรณาลัย,ทางเข้าออกหน่วยบัญชาการอากาศโยธิน,12,07:00-09:00,0,0,1
รร.ฤทธิยะวรรณาลัย,ทางเข้าออกหน่วยบัญชาการอากาศโยธิน,12,09:00-17:00,0,0,1
รร.ฤทธิยะวรรณาลัย,ทางเข้าออกหน่วยบัญชาการอากาศโยธิน,12,17:00-19:00,0,0,1
รร.ฤทธิยะวรรณาลัย,พหลโยธิน,11,07:00-09:00,0,0,1
รร.ฤทธิยะวรรณาลัย,พหลโยธิน,11,09:00-16:00,0,0,1
รร.ฤทธิยะวรรณาลัย,พหลโยธิน,11,16:00-19:00,0,0,1
รร.ฤทธิยะวรรณาลัย,พหลโยธิน,12,07:00-09:00,0,0,1
รร.ฤทธิยะวรรณาลัย,พหลโยธิน,12,09:00-17:00,0,0,1
รร.ฤทธิยะวรรณาลัย,พหลโยธิน,12,17:00-19:00,0,0,1
รร.ฤทธิยะวรรณาลัย,รณนภากาศ,11,07:00-09:00,0,0,1
รร.ฤทธิยะวรรณาลัย,รณนภากาศ,11,09:00-16:00,0,0,1
รร.ฤทธิยะวรรณาลัย,รณนภากาศ,11,16:00-19:00,0,0,1
รร.ฤธิยะวรรณาลัย,พหลโยธิน,8,07:00-09:00,0,1,0
รร.ฤธิยะวรรณาลัย,พหลโยธิน,8,09:00-16:00,0,1,0
รร.ฤธิยะวรรณาลัย,พหลโยธิน,8,16:00-19:00,0,1,0
รร.ฤธิยะวรรณาลัย,พหลโยธิน,9,07:00-09:00,0,1,0
รร.ฤธิยะวรรณาลัย,พหลโยธิน,9,09:00-16:00,0,1,0
รร.ฤธิยะวรรณาลัย,พหลโยธิน,9,16:00-19:00,0,1,0
รร.ฤธิยะวรรณาลัย,รณนภากาศ,8,07:00-09:00,0,1,0
รร.ฤธิยะวรรณาลัย,รณนภากาศ,8,09:00-16:00,0,1,0
รร.ฤธิยะวรรณาลัย,รณนภากาศ,8,16:00-19:00,0,1,0
รร.ฤธิยะวรรณาลัย,รณนภากาศ,9,07:00-09:00,0,1,0
รร.ฤธิยะวรรณาลัย,รณนภากาศ,9,09:00-16:00,0,1,0
รร.ฤธิยะวรรณาลัย,รณนภากาศ,9,16:00-19:00,0,1,0
รร.เอกบูรพา,สามวา,8,07:00-09:00,0,0,1
รร.เอกบูรพา,สามวา,8,09:00-16:00,0,0,1
รร.เอกบูรพา,สามวา,8,16:00-19:00,0,0,1
ระนอง1,ระนอง1,10,07:00-09:00,0,1,0
ระนอง1,ระนอง1,10,09:00-16:00,0,1,0
ระนอง1,ระนอง1,10,16:00-19:00,0,1,0
ระนอง1,เทอดดำริ,10,07:00-09:00,0,1,0
ระนอง1,เทอดดำริ,10,09:00-16:00,0,1,0
ระนอง1,เทอดดำริ,10,16:00-19:00,0,1,0
ระหว่างซอยนิมิตใหม่33-35,นิมิตใหม่,4,07:00-09:00,0,0,1
ระหว่างซอยนิมิตใหม่33-35,นิมิตใหม่,4,09:00-17:00,0,0,1
ระหว่างซอยนิมิตใหม่33-35,นิมิตใหม่,4,17:00-19:00,0,0,1
รัชดา-นราธิวาส,นราธิวาสราชนครินทร์,6,07:00-09:00,1,0,1
รัชดา-นราธิวาส,นราธิวาสราชนครินทร์,6,09:00-16:00,1,0,1
รัชดา-นราธิวาส,นราธิวาสราชนครินทร์,6,16:00-19:00,1,0,1
รัชดา-นราธิวาส,นราธิวาสราชนครินทร์,9,07:00-09:00,0,0,1
รัชดา-นราธิวาส,นราธิวาสราชนครินทร์,9,09:00-17:00,0,0,1
รัชดา-นราธิวาส,นราธิวาสราชนครินทร์,9,17:00-19:00,0,0,1
รัชดา-นราธิวาส,นราธิวาสราชนครินทร์,11,07:00-09:00,1,0,0
รัชดา-นราธิวาส,นราธิวาสราชนครินทร์,11,09:00-16:00,1,0,0
รัชดา-นราธิวาส,นราธิวาสราชนครินทร์,11,16:00-19:00,1,0,0
รัชดา-นราธิวาส,รัชดาภิเษก,6,07:00-09:00,1,0,1
รัชดา-นราธิวาส,รัชดาภิเษก,6,09:00-16:00,1,0,1
รัชดา-นราธิวาส,รัชดาภิเษก,6,16:00-19:00,1,0,1
รัชดา-นราธิวาส,รัชดาภิเษก,9,07:00-09:00,0,0,1
รัชดา-นราธิวาส,รัชดาภิเษก,9,09:00-17:00,0,0,1
รัชดา-นราธิวาส,รัชดาภิเษก,9,17:00-19:00,0,0,1
รัชดา-นราธิวาสราชนครินทร์,นราธิวาสราชนครินทร์,8,07:00-09:00,0,1,0
รัชดา-นราธิวาสราชนครินทร์,นราธิวาสราชนครินทร์,8,09:00-16:00,0,1,0
รัชดา-นราธิวาสราชนครินทร์,นราธิวาสราชนครินทร์,8,16:00-19:00,0,1,0
รัชดา-นราธิวาสราชนครินทร์,รัชดาภเิษก,8,07:00-09:00,0,1,0
รัชดา-นราธิวาสราชนครินทร์,รัชดาภเิษก,8,09:00-16:00,0,1,0
รัชดา-นราธิวาสราชนครินทร์,รัชดาภเิษก,8,16:00-19:00,0,1,0
รัชดา-ราชพฤกษ์,รัชดาภิเษก,6,07:00-09:00,1,0,0
รัชดา-ราชพฤกษ์,รัชดาภิเษก,6,09:00-16:00,1,0,0
รัชดา-ราชพฤกษ์,รัชดาภิเษก,6,16:00-19:00,1,0,0
รัชดา-ราชพฤกษ์,รัชดาภิเษก,7,07:00-09:00,1,0,0
รัชดา-ราชพฤกษ์,รัชดาภิเษก,7,09:00-16:00,1,0,0
รัชดา-ราชพฤกษ์,รัชดาภิเษก,7,16:00-19:00,1,0,0
รัชดา-ราชพฤกษ์,รัชดาภิเษก,8,07:00-09:00,0,1,0
รัชดา-ราชพฤกษ์,รัชดาภิเษก,8,09:00-16:00,0,1,0
รัชดา-ราชพฤกษ์,รัชดาภิเษก,8,16:00-19:00,0,1,0
รัชดา-ราชพฤกษ์,รัชดาภิเษก,9,07:00-09:00,1,0,0
รัชดา-ราชพฤกษ์,รัชดาภิเษก,9,09:00-16:00,1,0,0
รัชดา-ราชพฤกษ์,รัชดาภิเษก,9,16:00-19:00,1,0,0
รัชดา-ราชพฤกษ์,ราชพฤกษ์,6,07:00-09:00,1,0,0
รัชดา-ราชพฤกษ์,ราชพฤกษ์,6,09:00-16:00,1,0,0
รัชดา-ราชพฤกษ์,ราชพฤกษ์,6,16:00-19:00,1,0,0
รัชดา-ราชพฤกษ์,ราชพฤกษ์,7,07:00-09:00,1,0,0
รัชดา-ราชพฤกษ์,ราชพฤกษ์,7,09:00-16:00,1,0,0
รัชดา-ราชพฤกษ์,ราชพฤกษ์,7,16:00-19:00,1,0,0
รัชดา-ราชพฤกษ์,ราชพฤกษ์,8,07:00-09:00,0,1,0
รัชดา-ราชพฤกษ์,ราชพฤกษ์,8,09:00-16:00,0,1,0
รัชดา-ราชพฤกษ์,ราชพฤกษ์,8,16:00-19:00,0,1,0
รัชดา-ราชพฤกษ์,ราชพฤกษ์,9,07:00-09:00,1,0,0
รัชดา-ราชพฤกษ์,ราชพฤกษ์,9,09:00-16:00,1,0,0
รัชดา-ราชพฤกษ์,ราชพฤกษ์,9,16:00-19:00,1,0,0
รัชดา-ลาดพร้าว,รัชดาภิเษก,4,07:00-09:00,0,0,2
รัชดา-ลาดพร้าว,รัชดาภิเษก,4,09:00-17:00,0,0,2
รัชดา-ลาดพร้าว,รัชดาภิเษก,4,17:00-19:00,0,0,2
รัชดา-ลาดพร้าว,รัชดาภิเษก,8,07:00-09:00,0,0,1
รัชดา-ลาดพร้าว,รัชดาภิเษก,8,09:00-16:00,0,0,1
รัชดา-ลาดพร้าว,รัชดาภิเษก,8,16:00-19:00,0,0,1
รัชดา-ลาดพร้าว,รัชดาภิเษก,9,07:00-09:00,1,0,0
รัชดา-ลาดพร้าว,รัชดาภิเษก,9,09:00-16:00,1,0,0
รัชดา-ลาดพร้าว,รัชดาภิเษก,9,16:00-19:00,1,0,0
รัชดา-ลาดพร้าว,รัชดาภิเษก,11,07:00-09:00,0,1,0
รัชดา-ลาดพร้าว,รัชดาภิเษก,11,09:00-16:00,0,1,0
รัชดา-ลาดพร้าว,รัชดาภิเษก,11,16:00-19:00,0,1,0
รัชดา-ลาดพร้าว,ลาดพราว,9,07:00-09:00,1,0,0
รัชดา-ลาดพร้าว,ลาดพราว,9,09:00-16:00,1,0,0
รัชดา-ลาดพร้าว,ลาดพราว,9,16:00-19:00,1,0,0
รัชดา-ลาดพร้าว,ลาดพร้าว,4,07:00-09:00,0,0,2
รัชดา-ลาดพร้าว,ลาดพร้าว,4,09:00-17:00,0,0,2
รัชดา-ลาดพร้าว,ลาดพร้าว,4,17:00-19:00,0,0,2
รัชดา-ลาดพร้าว,ลาดพร้าว,8,07:00-09:00,0,0,1
รัชดา-ลาดพร้าว,ลาดพร้าว,8,09:00-16:00,0,0,1
รัชดา-ลาดพร้าว,ลาดพร้าว,8,16:00-19:00,0,0,1
รัชดา-ลาดพร้าว,ลาดพร้าว,11,07:00-09:00,0,1,0
รัชดา-ลาดพร้าว,ลาดพร้าว,11,09:00-16:00,0,1,0
รัชดา-ลาดพร้าว,ลาดพร้าว,11,16:00-19:00,0,1,0
รัชดา-สุทธิสาร,รัชดาภิเษก,10,07:00-09:00,0,0,1
รัชดา-สุทธิสาร,รัชดาภิเษก,10,09:00-17:00,0,0,1
รัชดา-สุทธิสาร,รัชดาภิเษก,10,17:00-19:00,0,0,1
รัชดา-สุทธิสาร,รัชดาภิเษก,11,07:00-09:00,0,0,1
รัชดา-สุทธิสาร,รัชดาภิเษก,11,09:00-17:00,0,0,1
รัชดา-สุทธิสาร,รัชดาภิเษก,11,17:00-19:00,0,0,1
รัชดา-สุทธิสาร,สุทธิสารวินิจฉัย,10,07:00-09:00,0,0,1
รัชดา-สุทธิสาร,สุทธิสารวินิจฉัย,10,09:00-17:00,0,0,1
รัชดา-สุทธิสาร,สุทธิสารวินิจฉัย,10,17:00-19:00,0,0,1
รัชดา-สุทธิสาร,สุทธิสารวินิจฉัย,11,07:00-09:00,0,0,1
รัชดา-สุทธิสาร,สุทธิสารวินิจฉัย,11,09:00-17:00,0,0,1
รัชดา-สุทธิสาร,สุทธิสารวินิจฉัย,11,17:00-19:00,0,0,1
รัชดาภิเษก,ซอย20มิถุนา,11,07:00-09:00,1,0,0
รัชดาภิเษก,ซอย20มิถุนา,11,09:00-16:00,1,0,0
รัชดาภิเษก,ซอย20มิถุนา,11,16:00-19:00,1,0,0
รัชดาภิเษก,ซอยรัชดาภิเษก18,11,07:00-09:00,1,0,0
รัชดาภิเษก,ซอยรัชดาภิเษก18,11,09:00-16:00,1,0,0
รัชดาภิเษก,ซอยรัชดาภิเษก18,11,16:00-19:00,1,0,0
รัชดาภิเษก,ด่วนนางลิ้นจี่,4,07:00-09:00,0,0,1
รัชดาภิเษก,ด่วนนางลิ้นจี่,4,09:00-16:00,0,0,1
รัชดาภิเษก,ด่วนนางลิ้นจี่,4,16:00-19:00,0,0,1
รัชดาภิเษก,นางลิ้นจี่,4,07:00-09:00,0,0,1
รัชดาภิเษก,นางลิ้นจี่,4,09:00-16:00,0,0,1
รัชดาภิเษก,นางลิ้นจี่,4,16:00-19:00,0,0,1
รัชดาภิเษก,ประชาราษฎร์บำเพ็ญ,11,07:00-09:00,1,0,0
รัชดาภิเษก,ประชาราษฎร์บำเพ็ญ,11,09:00-16:00,1,0,0
รัชดาภิเษก,ประชาราษฎร์บำเพ็ญ,11,16:00-19:00,1,0,0
รัชดาภิเษก-ลาดพร้าว,รัชดาภิเษก,3,07:00-09:00,1,0,0
รัชดาภิเษก-ลาดพร้าว,รัชดาภิเษก,3,09:00-16:00,1,0,0
รัชดาภิเษก-ลาดพร้าว,รัชดาภิเษก,3,16:00-19:00,1,0,0
รัชดาภิเษก-ลาดพร้าว,ลาดพร้าว,3,07:00-09:00,1,0,0
รัชดาภิเษก-ลาดพร้าว,ลาดพร้าว,3,09:00-16:00,1,0,0
รัชดาภิเษก-ลาดพร้าว,ลาดพร้าว,3,16:00-19:00,1,0,0
รัชดาภิเษก30,รัชดาภิเษก,8,07:00-09:00,0,1,0
รัชดาภิเษก30,รัชดาภิเษก,8,09:00-16:00,0,1,0
รัชดาภิเษก30,รัชดาภิเษก,8,16:00-19:00,0,1,0
รัชโยธิน,พหลโยธิน,3,07:00-09:00,0,0,1
รัชโยธิน,พหลโยธิน,3,09:00-16:00,0,0,1
รัชโยธิน,พหลโยธิน,3,16:00-19:00,0,0,1
รัชโยธิน,พหลโยธิน,8,07:00-09:00,0,1,0
รัชโยธิน,พหลโยธิน,8,09:00-16:00,0,1,0
รัชโยธิน,พหลโยธิน,8,16:00-19:00,0,1,0
รัชโยธิน,พหลโยธิน,9,07:00-09:00,0,0,1
รัชโยธิน,พหลโยธิน,9,09:00-17:00,0,0,1
รัชโยธิน,พหลโยธิน,9,17:00-19:00,0,0,1
รัชโยธิน,พหลโยธิน,11,07:00-09:00,1,0,0
รัชโยธิน,พหลโยธิน,11,09:00-16:00,1,0,0
รัชโยธิน,พหลโยธิน,11,16:00-19:00,1,0,0
รัชโยธิน,รัชดาภิเษก,3,07:00-09:00,0,0,1
รัชโยธิน,รัชดาภิเษก,3,09:00-16:00,0,0,1
รัชโยธิน,รัชดาภิเษก,3,16:00-19:00,0,0,1
รัชโยธิน,รัชดาภิเษก,9,07:00-09:00,0,0,1
รัชโยธิน,รัชดาภิเษก,9,09:00-17:00,0,0,1
รัชโยธิน,รัชดาภิเษก,9,17:00-19:00,0,0,1
รัชโยธิน,รัชดาภิเษก,11,07:00-09:00,1,0,0
รัชโยธิน,รัชดาภิเษก,11,09:00-16:00,1,0,0
รัชโยธิน,รัชดาภิเษก,11,16:00-19:00,1,0,0
รัชโยธิน,รัชดาภเิษก,8,07:00-09:00,0,1,0
รัชโยธิน,รัชดาภเิษก,8,09:00-16:00,0,1,0
รัชโยธิน,รัชดาภเิษก,8,16:00-19:00,0,1,0
ราชดำริ,ราชดำริ,4,07:00-09:00,2,0,0
ราชดำริ,ราชดำริ,4,09:00-16:00,2,0,0
ราชดำริ,ราชดำริ,4,16:00-19:00,2,0,0
ราชดำริ,ราชดำริ,5,07:00-09:00,0,1,0
ราชดำริ,ราชดำริ,5,09:00-16:00,0,1,0
ราชดำริ,ราชดำริ,5,16:00-19:00,0,1,0
ราชดำริ,ราชดำริ,6,07:00-09:00,0,0,1
ราชดำริ,ราชดำริ,6,09:00-17:00,0,0,1
ราชดำริ,ราชดำริ,6,17:00-19:00,0,0,1
ราชดำริ,ราชดำริ,10,07:00-09:00,0,0,1
ราชดำริ,ราชดำริ,10,09:00-17:00,0,0,1
ราชดำริ,ราชดำริ,10,17:00-19:00,0,0,1
ราชดำริ,สารสิน,4,07:00-09:00,2,0,0
ราชดำริ,สารสิน,4,09:00-16:00,2,0,0
ราชดำริ,สารสิน,4,16:00-19:00,2,0,0
ราชดำริ,สารสิน,5,07:00-09:00,0,1,0
ราชดำริ,สารสิน,5,09:00-16:00,0,1,0
ราชดำริ,สารสิน,5,16:00-19:00,0,1,0
ราชดำริ,สารสิน,6,07:00-09:00,0,0,1
ราชดำริ,สารสิน,6,09:00-17:00,0,0,1
ราชดำริ,สารสิน,6,17:00-19:00,0,0,1
ราชดำริ,สารสิน,10,07:00-09:00,0,0,1
ราชดำริ,สารสิน,10,09:00-17:00,0,0,1
ราชดำริ,สารสิน,10,17:00-19:00,0,0,1
ราชบพิธ-ตีทอง,ตีทอง,1,07:00-09:00,0,0,1
ราชบพิธ-ตีทอง,ตีทอง,1,09:00-17:00,0,0,1
ราชบพิธ-ตีทอง,ตีทอง,1,17:00-19:00,0,0,1
ราชบพิธ-ตีทอง,ตีทอง,12,07:00-09:00,0,0,1
ราชบพิธ-ตีทอง,ตีทอง,12,09:00-16:00,0,0,1
ราชบพิธ-ตีทอง,ตีทอง,12,16:00-19:00,0,0,1
ราชบพิธ-ตีทอง,ราชบพิธ,1,07:00-09:00,0,0,1
ราชบพิธ-ตีทอง,ราชบพิธ,1,09:00-17:00,0,0,1
ราชบพิธ-ตีทอง,ราชบพิธ,1,17:00-19:00,0,0,1
ราชบพิธ-ตีทอง,ราชบพิธ,12,07:00-09:00,0,0,1
ราชบพิธ-ตีทอง,ราชบพิธ,12,09:00-16:00,0,0,1
ราชบพิธ-ตีทอง,ราชบพิธ,12,16:00-19:00,0,0,1
ราชบพิธ-เฟื่องนคร,ราชบพิธ,12,07:00-09:00,0,0,1
ราชบพิธ-เฟื่องนคร,ราชบพิธ,12,09:00-16:00,0,0,1
ราชบพิธ-เฟื่องนคร,ราชบพิธ,12,16:00-19:00,0,0,1
ราชบพิธ-เฟื่องนคร,เฟื่องนคร,12,07:00-09:00,0,0,1
ราชบพิธ-เฟื่องนคร,เฟื่องนคร,12,09:00-16:00,0,0,1
ราชบพิธ-เฟื่องนคร,เฟื่องนคร,12,16:00-19:00,0,0,1
ราชประสงค์,พระรามที่1,3,07:00-09:00,0,0,1
ราชประสงค์,พระรามที่1,3,09:00-16:00,0,0,1
ราชประสงค์,พระรามที่1,3,16:00-19:00,0,0,1
ราชประสงค์,พระรามที่1,5,06:30-09:00,1,0,0
ราชประสงค์,พระรามที่1,5,07:00-09:00,0,0,1
ราชประสงค์,พระรามที่1,5,09:00-16:00,1,0,0
ราชประสงค์,พระรามที่1,5,09:00-17:00,0,0,1
ราชประสงค์,พระรามที่1,5,16:00-19:30,1,0,0
ราชประสงค์,พระรามที่1,5,17:00-19:00,0,0,1
ราชประสงค์,พระรามที่1,6,07:00-09:00,0,0,1
ราชประสงค์,พระรามที่1,6,09:00-17:00,0,0,1
ราชประสงค์,พระรามที่1,6,17:00-19:00,0,0,1
ราชประสงค์,พระรามที่1,7,06:30-09:00,0,1,0
ราชประสงค์,พระรามที่1,7,07:00-09:00,0,0,1
ราชประสงค์,พระรามที่1,7,09:00-16:00,0,1,0
ราชประสงค์,พระรามที่1,7,09:00-17:00,0,0,1
ราชประสงค์,พระรามที่1,7,16:00-19:30,0,1,0
ราชประสงค์,พระรามที่1,7,17:00-19:00,0,0,1
ราชประสงค์,พระรามที่1,10,07:00-09:00,1,0,0
ราชประสงค์,พระรามที่1,10,09:00-16:00,1,0,0
ราชประสงค์,พระรามที่1,10,16:00-19:00,1,0,0
ราชประสงค์,ราชดำริ,3,07:00-09:00,0,0,1
ราชประสงค์,ราชดำริ,3,09:00-16:00,0,0,1
ราชประสงค์,ราชดำริ,3,16:00-19:00,0,0,1
ราชประสงค์,ราชดำริ,5,06:30-09:00,1,0,0
ราชประสงค์,ราชดำริ,5,07:00-09:00,0,0,1
ราชประสงค์,ราชดำริ,5,09:00-16:00,1,0,0
ราชประสงค์,ราชดำริ,5,09:00-17:00,0,0,1
ราชประสงค์,ราชดำริ,5,16:00-19:30,1,0,0
ราชประสงค์,ราชดำริ,5,17:00-19:00,0,0,1
ราชประสงค์,ราชดำริ,6,07:00-09:00,0,0,1
ราชประสงค์,ราชดำริ,6,09:00-17:00,0,0,1
ราชประสงค์,ราชดำริ,6,17:00-19:00,0,0,1
ราชประสงค์,ราชดำริ,7,06:30-09:00,0,1,0
ราชประสงค์,ราชดำริ,7,07:00-09:00,0,0,1
ราชประสงค์,ราชดำริ,7,09:00-16:00,0,1,0
ราชประสงค์,ราชดำริ,7,09:00-17:00,0,0,1
ราชประสงค์,ราชดำริ,7,16:00-19:30,0,1,0
ราชประสงค์,ราชดำริ,7,17:00-19:00,0,0,1
ราชประสงค์,ราชดำริ,10,07:00-09:00,1,0,0
ราชประสงค์,ราชดำริ,10,09:00-16:00,1,0,0
ราชประสงค์,ราชดำริ,10,16:00-19:00,1,0,0
ราชประสงค์,เพลินจิต,3,07:00-09:00,0,0,1
ราชประสงค์,เพลินจิต,3,09:00-16:00,0,0,1
ราชประสงค์,เพลินจิต,3,16:00-19:00,0,0,1
ราชประสงค์,เพลินจิต,5,07:00-09:00,1,0,1
ราชประสงค์,เพลินจิต,5,09:00-16:00,1,0,0
ราชประสงค์,เพลินจิต,5,09:00-17:00,0,0,1
ราชประสงค์,เพลินจิต,5,16:00-19:00,1,0,0
ราชประสงค์,เพลินจิต,5,17:00-19:00,0,0,1
ราชประสงค์,เพลินจิต,6,07:00-09:00,0,0,1
ราชประสงค์,เพลินจิต,6,09:00-17:00,0,0,1
ราชประสงค์,เพลินจิต,6,17:00-19:00,0,0,1
ราชประสงค์,เพลินจิต,7,07:00-09:00,0,1,1
ราชประสงค์,เพลินจิต,7,09:00-16:00,0,1,0
ราชประสงค์,เพลินจิต,7,09:00-17:00,0,0,1
ราชประสงค์,เพลินจิต,7,16:00-19:00,0,1,0
ราชประสงค์,เพลินจิต,7,17:00-19:00,0,0,1
ราชประสงค์,เพลินจิต,10,07:00-09:00,1,0,0
ราชประสงค์,เพลินจิต,10,09:00-16:00,1,0,0
ราชประสงค์,เพลินจิต,10,16:00-19:00,1,0,0
ราชพฤกษ์-วุฒากาศ,ราชพฤกษ์,6,07:00-09:00,1,0,1
ราชพฤกษ์-วุฒากาศ,ราชพฤกษ์,6,09:00-16:00,1,0,1
ราชพฤกษ์-วุฒากาศ,ราชพฤกษ์,6,16:00-19:00,1,0,1
ราชพฤกษ์-วุฒากาศ,วุฒากาศ,6,07:00-09:00,1,0,1
ราชพฤกษ์-วุฒากาศ,วุฒากาศ,6,09:00-16:00,1,0,1
ราชพฤกษ์-วุฒากาศ,วุฒากาศ,6,16:00-19:00,1,0,1
ราชวงศ์,ราชวงศ์,1,07:00-09:00,0,0,1
ราชวงศ์,ราชวงศ์,1,09:00-17:00,0,0,1
ราชวงศ์,ราชวงศ์,1,17:00-19:00,0,0,1
ราชวงศ์,ราชวงศ์,2,07:00-09:00,0,1,0
ราชวงศ์,ราชวงศ์,2,09:00-16:00,0,1,0
ราชวงศ์,ราชวงศ์,2,16:00-19:00,0,1,0
ราชวงศ์,ราชวงศ์,4,07:00-09:00,1,0,0
ราชวงศ์,ราชวงศ์,4,09:00-16:00,1,0,0
ราชวงศ์,ราชวงศ์,4,16:00-19:00,1,0,0
ราชวงศ์,ราชวงศ์,10,07:00-09:00,0,1,0
ราชวงศ์,ราชวงศ์,10,09:00-16:00,0,1,0
ราชวงศ์,ราชวงศ์,10,16:00-19:00,0,1,0
ราชวงศ์,เยาวราช,1,07:00-09:00,0,0,1
ราชวงศ์,เยาวราช,1,09:00-17:00,0,0,1
ราชวงศ์,เยาวราช,1,17:00-19:00,0,0,1
ราชวงศ์,เยาวราช,2,07:00-09:00,0,1,0
ราชวงศ์,เยาวราช,2,09:00-16:00,0,1,0
ราชวงศ์,เยาวราช,2,16:00-19:00,0,1,0
ราชวงศ์,เยาวราช,4,07:00-09:00,1,0,0
ราชวงศ์,เยาวราช,4,09:00-16:00,1,0,0
ราชวงศ์,เยาวราช,4,16:00-19:00,1,0,0
ราชวงศ์,เยาวราช,10,07:00-09:00,0,1,0
ราชวงศ์,เยาวราช,10,09:00-16:00,0,1,0
ราชวงศ์,เยาวราช,10,16:00-19:00,0,1,0
ราชวัตร,นครไชยศรี,2,07:00-09:00,0,1,0
ราชวัตร,นครไชยศรี,2,09:00-16:00,0,1,0
ราชวัตร,นครไชยศรี,2,16:00-19:00,0,1,0
ราชวัตร,นครไชยศรี,5,07:00-09:00,0,0,1
ราชวัตร,นครไชยศรี,5,09:00-17:00,0,0,1
ราชวัตร,นครไชยศรี,5,17:00-19:00,0,0,1
ราชวัตร,นครไชยศรี,9,07:00-09:00,1,0,0
ราชวัตร,นครไชยศรี,9,09:00-16:00,1,0,0
ราชวัตร,นครไชยศรี,9,16:00-19:00,1,0,0
ราชวัตร,นครไชยศรี,10,07:00-09:00,1,0,0
ราชวัตร,นครไชยศรี,10,09:00-16:00,1,0,0
ราชวัตร,นครไชยศรี,10,16:00-19:00,1,0,0
ราชวัตร,พระรามที่5,2,07:00-09:00,0,1,0
ราชวัตร,พระรามที่5,2,09:00-16:00,0,1,0
ราชวัตร,พระรามที่5,2,16:00-19:00,0,1,0
ราชวัตร,พระรามที่5,5,07:00-09:00,0,0,1
ราชวัตร,พระรามที่5,5,09:00-17:00,0,0,1
ราชวัตร,พระรามที่5,5,17:00-19:00,0,0,1
ราชวัตร,พระรามที่5,9,07:00-09:00,1,0,0
ราชวัตร,พระรามที่5,9,09:00-16:00,1,0,0
ราชวัตร,พระรามที่5,9,16:00-19:00,1,0,0
ราชวัตร,พระรามที่5,10,07:00-09:00,1,0,0
ราชวัตร,พระรามที่5,10,09:00-16:00,1,0,0
ราชวัตร,พระรามที่5,10,16:00-19:00,1,0,0
ราชวิถี,พระรามที่5,1,07:00-09:00,0,0,1
ราชวิถี,พระรามที่5,1,09:00-17:00,0,0,1
ราชวิถี,พระรามที่5,1,17:00-19:00,0,0,1
ราชวิถี,พระรามที่5,2,07:00-09:00,0,1,0
ราชวิถี,พระรามที่5,2,09:00-16:00,0,1,0
ราชวิถี,พระรามที่5,2,16:00-19:00,0,1,0
ราชวิถี,พระรามที่5,5,07:00-09:00,0,0,1
ราชวิถี,พระรามที่5,5,09:00-16:00,0,0,1
ราชวิถี,พระรามที่5,5,16:00-19:00,0,0,1
ราชวิถี,พระรามที่5,8,07:00-09:00,1,0,0
ราชวิถี,พระรามที่5,8,09:00-16:00,1,0,0
ราชวิถี,พระรามที่5,8,16:00-19:00,1,0,0
ราชวิถี,พระรามที่5,11,07:00-09:00,0,0,1
ราชวิถี,พระรามที่5,11,09:00-17:00,0,0,1
ราชวิถี,พระรามที่5,11,17:00-19:00,0,0,1
ราชวิถี,ราชวิถี,1,07:00-09:00,0,0,1
ราชวิถี,ราชวิถี,1,09:00-17:00,0,0,1
ราชวิถี,ราชวิถี,1,17:00-19:00,0,0,1
ราชวิถี,ราชวิถี,2,07:00-09:00,0,1,0
ราชวิถี,ราชวิถี,2,09:00-16:00,0,1,0
ราชวิถี,ราชวิถี,2,16:00-19:00,0,1,0
ราชวิถี,ราชวิถี,5,07:00-09:00,0,0,1
ราชวิถี,ราชวิถี,5,09:00-16:00,0,0,1
ราชวิถี,ราชวิถี,5,16:00-19:00,0,0,1
ราชวิถี,ราชวิถี,8,07:00-09:00,1,0,0
ราชวิถี,ราชวิถี,8,09:00-16:00,1,0,0
ราชวิถี,ราชวิถี,8,16:00-19:00,1,0,0
ราชวิถี,ราชวิถี,11,07:00-09:00,0,0,1
ราชวิถี,ราชวิถี,11,09:00-17:00,0,0,1
ราชวิถี,ราชวิถี,11,17:00-19:00,0,0,1
ราชเทวี,พญาไท,2,07:00-09:00,0,0,1
ราชเทวี,พญาไท,2,09:00-17:00,0,0,1
ราชเทวี,พญาไท,2,17:00-19:00,0,0,1
ราชเทวี,พญาไท,6,06:30-09:00,0,1,0
ราชเทวี,พญาไท,6,07:00-09:00,1,0,1
ราชเทวี,พญาไท,6,09:00-16:00,1,1,0
ราชเทวี,พญาไท,6,09:00-17:00,0,0,1
ราชเทวี,พญาไท,6,16:00-19:00,1,0,0
ราชเทวี,พญาไท,6,16:00-19:30,0,1,0
ราชเทวี,พญาไท,6,17:00-19:00,0,0,1
ราชเทวี,พญาไท,9,07:00-09:00,0,0,1
ราชเทวี,พญาไท,9,09:00-17:00,0,0,1
ราชเทวี,พญาไท,9,17:00-19:00,0,0,1
ราชเทวี,พญาไท,12,07:00-09:00,0,1,0
ราชเทวี,พญาไท,12,09:00-16:00,0,1,0
ราชเทวี,พญาไท,12,16:00-19:00,0,1,0
ราชเทวี,เพชรบุรี,2,07:00-09:00,0,0,1
ราชเทวี,เพชรบุรี,2,09:00-17:00,0,0,1
ราชเทวี,เพชรบุรี,2,17:00-19:00,0,0,1
ราชเทวี,เพชรบุรี,6,07:00-09:00,1,1,1
ราชเทวี,เพชรบุรี,6,09:00-16:00,1,1,0
ราชเทวี,เพชรบุรี,6,09:00-17:00,0,0,1
ราชเทวี,เพชรบุรี,6,16:00-19:00,1,1,0
ราชเทวี,เพชรบุรี,6,17:00-19:00,0,0,1
ราชเทวี,เพชรบุรี,9,07:00-09:00,0,0,1
ราชเทวี,เพชรบุรี,9,09:00-17:00,0,0,1
ราชเทวี,เพชรบุรี,9,17:00-19:00,0,0,1
ราชเทวี,เพชรบุรี,12,07:00-09:00,0,1,0
ราชเทวี,เพชรบุรี,12,09:00-16:00,0,1,0
ราชเทวี,เพชรบุรี,12,16:00-19:00,0,1,0
รามคำแหง,พระราม9,7,07:00-09:00,1,1,1
รามคำแหง,พระราม9,7,09:00-16:00,1,1,1
รามคำแหง,พระราม9,7,16:00-19:00,1,1,1
รามคำแหง,พระราม9,9,07:00-09:00,0,0,1
รามคำแหง,พระราม9,9,09:00-17:00,0,0,1
รามคำแหง,พระราม9,9,17:00-19:00,0,0,1
รามคำแหง,รามคำแหง,7,07:00-09:00,1,1,1
รามคำแหง,รามคำแหง,7,09:00-16:00,1,1,1
รามคำแหง,รามคำแหง,7,16:00-19:00,1,1,1
รามคำแหง,รามคำแหง,9,07:00-09:00,0,0,1
รามคำแหง,รามคำแหง,9,09:00-17:00,0,0,1
รามคำแหง,รามคำแหง,9,17:00-19:00,0,0,1
รามคำแหง-มหาดไทย,ซอยรามคำแหง65(มหาดไทย),9,07:00-09:00,1,0,0
รามคำแหง-มหาดไทย,ซอยรามคำแหง65(มหาดไทย),9,09:00-16:00,1,0,0
รามคำแหง-มหาดไทย,ซอยรามคำแหง65(มหาดไทย),9,16:00-19:00,1,0,0
รามคำแหง-มหาดไทย,รามคำแหง,7,07:00-09:00,0,0,1
รามคำแหง-มหาดไทย,รามคำแหง,7,09:00-16:00,0,0,1
รามคำแหง-มหาดไทย,รามคำแหง,7,16:00-19:00,0,0,1
รามคำแหง-มหาดไทย,รามคำแหง,9,07:00-09:00,1,0,0
รามคำแหง-มหาดไทย,รามคำแหง,9,09:00-16:00,1,0,0
รามคำแหง-มหาดไทย,รามคำแหง,9,16:00-19:00,1,0,0
รามคำแหง-มหาดไทย,รามคำแหง,11,07:00-09:00,0,0,1
รามคำแหง-มหาดไทย,รามคำแหง,11,09:00-17:00,0,0,1
รามคำแหง-มหาดไทย,รามคำแหง,11,17:00-19:00,0,0,1
รามคำแหง-มหาดไทย,รามคำแหง65,7,07:00-09:00,0,0,1
รามคำแหง-มหาดไทย,รามคำแหง65,7,09:00-16:00,0,0,1
รามคำแหง-มหาดไทย,รามคำแหง65,7,16:00-19:00,0,0,1
รามคำแหง-มหาดไทย,รามคำแหง65,11,07:00-09:00,0,0,1
รามคำแหง-มหาดไทย,รามคำแหง65,11,09:00-17:00,0,0,1
รามคำแหง-มหาดไทย,รามคำแหง65,11,17:00-19:00,0,0,1
รามคำแหง-ร่มเกล้า,รามคำแหง,5,07:00-09:00,0,0,1
รามคำแหง-ร่มเกล้า,รามคำแหง,5,09:00-17:00,0,0,1
รามคำแหง-ร่มเกล้า,รามคำแหง,5,17:00-19:00,0,0,1
รามคำแหง-ร่มเกล้า,ร่มเกล้า,5,07:00-09:00,0,0,1
รามคำแหง-ร่มเกล้า,ร่มเกล้า,5,09:00-17:00,0,0,1
รามคำแหง-ร่มเกล้า,ร่มเกล้า,5,17:00-19:00,0,0,1
รามคำแหง112,รามคำแหง,6,07:00-09:00,0,0,1
รามคำแหง112,รามคำแหง,6,09:00-17:00,0,0,1
รามคำแหง112,รามคำแหง,6,17:00-19:00,0,0,1
รามคำแหง112,รามคำแหง112,6,07:00-09:00,0,0,1
รามคำแหง112,รามคำแหง112,6,09:00-17:00,0,0,1
รามคำแหง112,รามคำแหง112,6,17:00-19:00,0,0,1
รามคำแหง118,รามคำแหง,6,07:00-09:00,0,0,1
รามคำแหง118,รามคำแหง,6,09:00-17:00,0,0,1
รามคำแหง118,รามคำแหง,6,17:00-19:00,0,0,1
รามคำแหง118,รามคำแหง118,6,07:00-09:00,0,0,1
รามคำแหง118,รามคำแหง118,6,09:00-17:00,0,0,1
รามคำแหง118,รามคำแหง118,6,17:00-19:00,0,0,1
รามคำแหง2-ซอยหมู่บ้านทุ่งเศรษฐี,ซอยหมู่บานทุ่งเศรษฐี,9,07:00-09:00,1,0,0
รามคำแหง2-ซอยหมู่บ้านทุ่งเศรษฐี,ซอยหมู่บานทุ่งเศรษฐี,9,09:00-16:00,1,0,0
รามคำแหง2-ซอยหมู่บ้านทุ่งเศรษฐี,ซอยหมู่บานทุ่งเศรษฐี,9,16:00-19:00,1,0,0
รามคำแหง2-ซอยหมู่บ้านทุ่งเศรษฐี,รามคำแหง2,9,07:00-09:00,1,0,0
รามคำแหง2-ซอยหมู่บ้านทุ่งเศรษฐี,รามคำแหง2,9,09:00-16:00,1,0,0
รามคำแหง2-ซอยหมู่บ้านทุ่งเศรษฐี,รามคำแหง2,9,16:00-19:00,1,0,0
รามคำแหง2-ซอยหมู่บ้านทุ่งเศรษฐี,รามคำแหง2ซอย23,9,07:00-09:00,1,0,0
รามคำแหง2-ซอยหมู่บ้านทุ่งเศรษฐี,รามคำแหง2ซอย23,9,09:00-16:00,1,0,0
รามคำแหง2-ซอยหมู่บ้านทุ่งเศรษฐี,รามคำแหง2ซอย23,9,16:00-19:00,1,0,0
รามคำแหง24,รามคำแหง,8,07:00-09:00,0,0,1
รามคำแหง24,รามคำแหง,8,09:00-17:00,0,0,1
รามคำแหง24,รามคำแหง,8,17:00-19:00,0,0,1
รามคำแหง24,รามคำแหง24,8,07:00-09:00,0,0,1
รามคำแหง24,รามคำแหง24,8,09:00-17:00,0,0,1
รามคำแหง24,รามคำแหง24,8,17:00-19:00,0,0,1
รามคำแหง24-ถาวรธวัช,ถาวรธวัช,1,07:00-09:00,0,0,1
รามคำแหง24-ถาวรธวัช,ถาวรธวัช,1,09:00-16:00,0,0,1
รามคำแหง24-ถาวรธวัช,ถาวรธวัช,1,16:00-19:00,0,0,1
รามคำแหง24-ถาวรธวัช,ถาวรธวัช,8,07:00-09:00,0,0,1
รามคำแหง24-ถาวรธวัช,ถาวรธวัช,8,09:00-16:00,0,0,1
รามคำแหง24-ถาวรธวัช,ถาวรธวัช,8,16:00-19:00,0,0,1
รามคำแหง24-ถาวรธวัช,ถาวรธวัช,9,07:00-09:00,0,0,1
รามคำแหง24-ถาวรธวัช,ถาวรธวัช,9,09:00-17:00,0,0,1
รามคำแหง24-ถาวรธวัช,ถาวรธวัช,9,17:00-19:00,0,0,1
รามคำแหง24-ถาวรธวัช,ถาวรธวัช,11,07:00-09:00,0,0,1
รามคำแหง24-ถาวรธวัช,ถาวรธวัช,11,09:00-17:00,0,0,1
รามคำแหง24-ถาวรธวัช,ถาวรธวัช,11,17:00-19:00,0,0,1
รามคำแหง24-ถาวรธวัช,รามคำแหง24,1,07:00-09:00,0,0,1
รามคำแหง24-ถาวรธวัช,รามคำแหง24,1,09:00-16:00,0,0,1
รามคำแหง24-ถาวรธวัช,รามคำแหง24,1,16:00-19:00,0,0,1
รามคำแหง24-ถาวรธวัช,รามคำแหง24,8,07:00-09:00,0,0,1
รามคำแหง24-ถาวรธวัช,รามคำแหง24,8,09:00-16:00,0,0,1
รามคำแหง24-ถาวรธวัช,รามคำแหง24,8,16:00-19:00,0,0,1
รามคำแหง24-ถาวรธวัช,รามคำแหง24,9,07:00-09:00,0,0,1
รามคำแหง24-ถาวรธวัช,รามคำแหง24,9,09:00-17:00,0,0,1
รามคำแหง24-ถาวรธวัช,รามคำแหง24,9,17:00-19:00,0,0,1
รามคำแหง24-ถาวรธวัช,รามคำแหง24,11,07:00-09:00,0,0,1
รามคำแหง24-ถาวรธวัช,รามคำแหง24,11,09:00-17:00,0,0,1
รามคำแหง24-ถาวรธวัช,รามคำแหง24,11,17:00-19:00,0,0,1
รามคำแหง24แยก20,รามคำแหง24,8,07:00-09:00,0,0,1
รามคำแหง24แยก20,รามคำแหง24,8,09:00-16:00,0,0,1
รามคำแหง24แยก20,รามคำแหง24,8,16:00-19:00,0,0,1
รามคำแหง24แยก20,รามคำแหง24แยก20,8,07:00-09:00,0,0,1
รามคำแหง24แยก20,รามคำแหง24แยก20,8,09:00-16:00,0,0,1
รามคำแหง24แยก20,รามคำแหง24แยก20,8,16:00-19:00,0,0,1
รามคำแหง24แยก24,รามคำแหง24,8,07:00-09:00,0,0,1
รามคำแหง24แยก24,รามคำแหง24,8,09:00-16:00,0,0,1
รามคำแหง24แยก24,รามคำแหง24,8,16:00-19:00,0,0,1
รามคำแหง24แยก24,รามคำแหง24แยก24,8,07:00-09:00,0,0,1
รามคำแหง24แยก24,รามคำแหง24แยก24,8,09:00-16:00,0,0,1
รามคำแหง24แยก24,รามคำแหง24แยก24,8,16:00-19:00,0,0,1
รามคำแหง24แยก28,รามคำแหง24,8,07:00-09:00,0,0,1
รามคำแหง24แยก28,รามคำแหง24,8,09:00-16:00,0,0,1
รามคำแหง24แยก28,รามคำแหง24,8,16:00-19:00,0,0,1
รามคำแหง24แยก28,รามคำแหง24แยก28,8,07:00-09:00,0,0,1
รามคำแหง24แยก28,รามคำแหง24แยก28,8,09:00-16:00,0,0,1
รามคำแหง24แยก28,รามคำแหง24แยก28,8,16:00-19:00,0,0,1
รามคำแหง39ระหว่างแยก15และ17,รามคำแหง39,4,07:00-09:00,0,0,1
รามคำแหง39ระหว่างแยก15และ17,รามคำแหง39,4,09:00-17:00,0,0,1
รามคำแหง39ระหว่างแยก15และ17,รามคำแหง39,4,17:00-19:00,0,0,1
รามอินทรา-พระยาสุเรนทร์,พระยาสุเรนทร์,10,07:00-09:00,0,0,1
รามอินทรา-พระยาสุเรนทร์,พระยาสุเรนทร์,10,09:00-16:00,0,0,1
รามอินทรา-พระยาสุเรนทร์,พระยาสุเรนทร์,10,16:00-19:00,0,0,1
รามอินทรา-พระยาสุเรนทร์,รามอินทรา,10,07:00-09:00,0,0,1
รามอินทรา-พระยาสุเรนทร์,รามอินทรา,10,09:00-16:00,0,0,1
รามอินทรา-พระยาสุเรนทร์,รามอินทรา,10,16:00-19:00,0,0,1
รามอินทรา117,รามอินทรา,7,07:00-09:00,0,0,1
รามอินทรา117,รามอินทรา,7,09:00-17:00,0,0,1
รามอินทรา117,รามอินทรา,7,17:00-19:00,0,0,1
รามอินทรา117,รามอินทรา117,7,07:00-09:00,0,0,1
รามอินทรา117,รามอินทรา117,7,09:00-17:00,0,0,1
รามอินทรา117,รามอินทรา117,7,17:00-19:00,0,0,1
รามอินทรา127,รามอินทรา,7,07:00-09:00,0,0,1
รามอินทรา127,รามอินทรา,7,09:00-17:00,0,0,1
รามอินทรา127,รามอินทรา,7,17:00-19:00,0,0,1
รามอินทรา127,รามอินทรา127,7,07:00-09:00,0,0,1
รามอินทรา127,รามอินทรา127,7,09:00-17:00,0,0,1
รามอินทรา127,รามอินทรา127,7,17:00-19:00,0,0,1
รามอินทรา14,รามอินทรา,5,07:00-09:00,0,0,1
รามอินทรา14,รามอินทรา,5,09:00-17:00,0,0,1
รามอินทรา14,รามอินทรา,5,17:00-19:00,0,0,1
รามอินทรา14,รามอินทรา14,5,07:00-09:00,0,0,1
รามอินทรา14,รามอินทรา14,5,09:00-17:00,0,0,1
รามอินทรา14,รามอินทรา14,5,17:00-19:00,0,0,1
รามอินทรา34,รามอินทรา,7,07:00-09:00,0,0,1
รามอินทรา34,รามอินทรา,7,09:00-17:00,0,0,1
รามอินทรา34,รามอินทรา,7,17:00-19:00,0,0,1
รามอินทรา34,รามอินทรา34,7,07:00-09:00,0,0,1
รามอินทรา34,รามอินทรา34,7,09:00-17:00,0,0,1
รามอินทรา34,รามอินทรา34,7,17:00-19:00,0,0,1
ราษฎร์บูรณะ,ราษฎร์บูรณะ,4,07:00-09:00,0,0,1
ราษฎร์บูรณะ,ราษฎร์บูรณะ,4,09:00-16:00,0,0,1
ราษฎร์บูรณะ,ราษฎร์บูรณะ,4,16:00-19:00,0,0,1
ราษฎร์บูรณะ,ราษฎร์บูรณะ,6,07:00-09:00,0,0,1
ราษฎร์บูรณะ,ราษฎร์บูรณะ,6,09:00-17:00,0,0,1
ราษฎร์บูรณะ,ราษฎร์บูรณะ,6,17:00-19:00,0,0,1
ราษฎร์บูรณะ,ราษฎร์บูรณะ,8,07:00-09:00,1,1,0
ราษฎร์บูรณะ,ราษฎร์บูรณะ,8,09:00-16:00,1,1,0
ราษฎร์บูรณะ,ราษฎร์บูรณะ,8,16:00-19:00,1,1,0
ราษฎร์บูรณะ,ราษฎร์บูรณะ(ต่อ),4,07:00-09:00,0,0,1
ราษฎร์บูรณะ,ราษฎร์บูรณะ(ต่อ),4,09:00-16:00,0,0,1
ราษฎร์บูรณะ,ราษฎร์บูรณะ(ต่อ),4,16:00-19:00,0,0,1
ราษฎร์บูรณะ,ราษฎร์พัฒนา,6,07:00-09:00,0,0,1
ราษฎร์บูรณะ,ราษฎร์พัฒนา,6,09:00-17:00,0,0,1
ราษฎร์บูรณะ,ราษฎร์พัฒนา,6,17:00-19:00,0,0,1
ราษฎร์บูรณะ,ราษฎร์พัฒนา,8,07:00-09:00,1,1,0
ราษฎร์บูรณะ,ราษฎร์พัฒนา,8,09:00-16:00,1,1,0
ราษฎร์บูรณะ,ราษฎร์พัฒนา,8,16:00-19:00,1,1,0
ราษฎร์บูรณะ18,ราษฎร์บูรณะ,6,07:00-09:00,0,0,1
ราษฎร์บูรณะ18,ราษฎร์บูรณะ,6,09:00-17:00,0,0,1
ราษฎร์บูรณะ18,ราษฎร์บูรณะ,6,17:00-19:00,0,0,1
ราษฎร์พัฒนา,ซอยสุขสวัสดิ์27,10,07:00-09:00,1,1,0
ราษฎร์พัฒนา,ซอยสุขสวัสดิ์27,10,09:00-16:00,1,1,0
ราษฎร์พัฒนา,ซอยสุขสวัสดิ์27,10,16:00-19:00,1,1,0
ราษฎร์พัฒนา,สุขสวัสดิ์,2,07:00-09:00,0,0,1
ราษฎร์พัฒนา,สุขสวัสดิ์,2,09:00-16:00,0,0,1
ราษฎร์พัฒนา,สุขสวัสดิ์,2,16:00-19:00,0,0,1
ราษฎร์พัฒนา,สุขสวัสดิ์,3,07:00-09:00,0,0,1
ราษฎร์พัฒนา,สุขสวัสดิ์,3,09:00-17:00,0,0,1
ราษฎร์พัฒนา,สุขสวัสดิ์,3,17:00-19:00,0,0,1
ราษฎร์พัฒนา,สุขสวัสดิ์,10,07:00-09:00,1,0,0
ราษฎร์พัฒนา,สุขสวัสดิ์,10,09:00-16:00,1,0,0
ราษฎร์พัฒนา,สุขสวัสดิ์,10,16:00-19:00,1,0,0
ราษฎร์พัฒนา,สุขสวัสดิ์27,2,07:00-09:00,0,0,1
ราษฎร์พัฒนา,สุขสวัสดิ์27,2,09:00-16:00,0,0,1
ราษฎร์พัฒนา,สุขสวัสดิ์27,2,16:00-19:00,0,0,1
ราษฎร์พัฒนา,สุขสวัสดิ์27,3,07:00-09:00,0,0,1
ราษฎร์พัฒนา,สุขสวัสดิ์27,3,09:00-17:00,0,0,1
ราษฎร์พัฒนา,สุขสวัสดิ์27,3,17:00-19:00,0,0,1
ราษฎร์พัฒนา,สุขสวัสดิ์สำนักการจราจรและขนส่ง,10,07:00-09:00,0,1,0
ราษฎร์พัฒนา,สุขสวัสดิ์สำนักการจราจรและขนส่ง,10,09:00-16:00,0,1,0
ราษฎร์พัฒนา,สุขสวัสดิ์สำนักการจราจรและขนส่ง,10,16:00-19:00,0,1,0
ราษฎร์พัฒนา-ราษฎร์พัฒนา15,ซอยราษฎรพัฒนา,11,07:00-09:00,1,0,0
ราษฎร์พัฒนา-ราษฎร์พัฒนา15,ซอยราษฎรพัฒนา,11,09:00-16:00,1,0,0
ราษฎร์พัฒนา-ราษฎร์พัฒนา15,ซอยราษฎรพัฒนา,11,16:00-19:00,1,0,0
ราษฎร์พัฒนา-ราษฎร์พัฒนา15,ราษฎร์พัฒนา,11,07:00-09:00,1,0,0
ราษฎร์พัฒนา-ราษฎร์พัฒนา15,ราษฎร์พัฒนา,11,09:00-16:00,1,0,0
ราษฎร์พัฒนา-ราษฎร์พัฒนา15,ราษฎร์พัฒนา,11,16:00-19:00,1,0,0
ราษฎร์พัฒนา-ราษฎร์พัฒนา5,ราษฎร์พัฒนา,1,07:00-09:00,0,0,1
ราษฎร์พัฒนา-ราษฎร์พัฒนา5,ราษฎร์พัฒนา,1,09:00-17:00,0,0,1
ราษฎร์พัฒนา-ราษฎร์พัฒนา5,ราษฎร์พัฒนา,1,17:00-19:00,0,0,1
ราษฎร์พัฒนา-ราษฎร์พัฒนา5,ราษฎร์พัฒนา4,1,07:00-09:00,0,0,1
ราษฎร์พัฒนา-ราษฎร์พัฒนา5,ราษฎร์พัฒนา4,1,09:00-17:00,0,0,1
ราษฎร์พัฒนา-ราษฎร์พัฒนา5,ราษฎร์พัฒนา4,1,17:00-19:00,0,0,1
ราษฎร์พัฒนา-ราษฎร์พัฒนา5,ราษฎร์พัฒนา5,1,07:00-09:00,0,0,1
ราษฎร์พัฒนา-ราษฎร์พัฒนา5,ราษฎร์พัฒนา5,1,09:00-17:00,0,0,1
ราษฎร์พัฒนา-ราษฎร์พัฒนา5,ราษฎร์พัฒนา5,1,17:00-19:00,0,0,1
ราษฎร์พัฒนา-เคหะร่มเกล้า,ราษฎร์พัฒนา,11,07:00-09:00,1,0,0
ราษฎร์พัฒนา-เคหะร่มเกล้า,ราษฎร์พัฒนา,11,09:00-16:00,1,0,0
ราษฎร์พัฒนา-เคหะร่มเกล้า,ราษฎร์พัฒนา,11,16:00-19:00,1,0,0
ราษฎร์พัฒนา-เคหะร่มเกล้า,เคหะร่มเกล้า,11,07:00-09:00,1,0,0
ราษฎร์พัฒนา-เคหะร่มเกล้า,เคหะร่มเกล้า,11,09:00-16:00,1,0,0
ราษฎร์พัฒนา-เคหะร่มเกล้า,เคหะร่มเกล้า,11,16:00-19:00,1,0,0
ราษฎร์พัฒนา10,ราษฎร์พัฒนา,12,07:00-09:00,0,0,1
ราษฎร์พัฒนา10,ราษฎร์พัฒนา,12,09:00-16:00,0,0,1
ราษฎร์พัฒนา10,ราษฎร์พัฒนา,12,16:00-19:00,0,0,1
ราษฎร์พัฒนา10,ราษฎร์พัฒนา10,12,07:00-09:00,0,0,1
ราษฎร์พัฒนา10,ราษฎร์พัฒนา10,12,09:00-16:00,0,0,1
ราษฎร์พัฒนา10,ราษฎร์พัฒนา10,12,16:00-19:00,0,0,1
ราษฎร์อุทิศ18,ราษฎร์อุทิศ,12,07:00-09:00,0,0,1
ราษฎร์อุทิศ18,ราษฎร์อุทิศ,12,09:00-16:00,0,0,1
ราษฎร์อุทิศ18,ราษฎร์อุทิศ,12,16:00-19:00,0,0,1
ราษฎร์อุทิศ18,ราษฎร์อุทิศ18,12,07:00-09:00,0,0,1
ราษฎร์อุทิศ18,ราษฎร์อุทิศ18,12,09:00-16:00,0,0,1
ราษฎร์อุทิศ18,ราษฎร์อุทิศ18,12,16:00-19:00,0,0,1
ราษฎร์อุทิศ38/1,ราษฎร์อุทิศ,12,07:00-09:00,0,0,1
ราษฎร์อุทิศ38/1,ราษฎร์อุทิศ,12,09:00-16:00,0,0,1
ราษฎร์อุทิศ38/1,ราษฎร์อุทิศ,12,16:00-19:00,0,0,1
ราษฎร์อุทิศ38/1,ราษฎร์อุทิศ38/1,12,07:00-09:00,0,0,1
ราษฎร์อุทิศ38/1,ราษฎร์อุทิศ38/1,12,09:00-16:00,0,0,1
ราษฎร์อุทิศ38/1,ราษฎร์อุทิศ38/1,12,16:00-19:00,0,0,1
ราษฎร์อุทิศ66,ราษฏร์อุทิศ,10,07:00-09:00,0,0,1
ราษฎร์อุทิศ66,ราษฏร์อุทิศ,10,09:00-17:00,0,0,1
ราษฎร์อุทิศ66,ราษฏร์อุทิศ,10,17:00-19:00,0,0,1
ราษฎร์อุทิศ68/2,ราษฎร์อุทิศ,4,07:00-09:00,0,0,1
ราษฎร์อุทิศ68/2,ราษฎร์อุทิศ,4,09:00-17:00,0,0,1
ราษฎร์อุทิศ68/2,ราษฎร์อุทิศ,4,17:00-19:00,0,0,1
ราษฎร์อุทิศตัดสุวินทวงศ์,ราษฎร์อุทิศ,3,07:00-09:00,1,0,0
ราษฎร์อุทิศตัดสุวินทวงศ์,ราษฎร์อุทิศ,3,09:00-16:00,1,0,0
ราษฎร์อุทิศตัดสุวินทวงศ์,ราษฎร์อุทิศ,3,16:00-19:00,1,0,0
ราษฎร์อุทิศตัดสุวินทวงศ์,ราษฎร์อุทิศ,5,07:00-09:00,1,0,0
ราษฎร์อุทิศตัดสุวินทวงศ์,ราษฎร์อุทิศ,5,09:00-16:00,1,0,0
ราษฎร์อุทิศตัดสุวินทวงศ์,ราษฎร์อุทิศ,5,16:00-19:00,1,0,0
ร่มเกลา,รามคำแหง,9,07:00-09:00,1,0,0
ร่มเกลา,รามคำแหง,9,09:00-16:00,1,0,0
ร่มเกลา,รามคำแหง,9,16:00-19:00,1,0,0
ร่มเกลา,ร่มเกล้า,9,07:00-09:00,1,0,0
ร่มเกลา,ร่มเกล้า,9,09:00-16:00,1,0,0
ร่มเกลา,ร่มเกล้า,9,16:00-19:00,1,0,0
ร่มเกล้า,รามคำแหง,8,07:00-09:00,1,0,0
ร่มเกล้า,รามคำแหง,8,09:00-16:00,1,0,0
ร่มเกล้า,รามคำแหง,8,16:00-19:00,1,0,0
ร่มเกล้า,รามคำแหง,12,07:00-09:00,0,1,0
ร่มเกล้า,รามคำแหง,12,09:00-16:00,0,1,0
ร่มเกล้า,รามคำแหง,12,16:00-19:00,0,1,0
ร่มเกล้า,ร่มเกล้า,8,07:00-09:00,1,0,0
ร่มเกล้า,ร่มเกล้า,8,09:00-16:00,1,0,0
ร่มเกล้า,ร่มเกล้า,8,16:00-19:00,1,0,0
ร่มเกล้า,ร่มเกล้า,12,07:00-09:00,0,1,0
ร่มเกล้า,ร่มเกล้า,12,09:00-16:00,0,1,0
ร่มเกล้า,ร่มเกล้า,12,16:00-19:00,0,1,0
ร่มไทร,ร่มไทร(บางบอน3ซอย12),4,07:00-09:00,0,0,1
ร่มไทร,ร่มไทร(บางบอน3ซอย12),4,09:00-17:00,0,0,1
ร่มไทร,ร่มไทร(บางบอน3ซอย12),4,17:00-19:00,0,0,1
ร่มไทร,เพชรเกษม69,4,07:00-09:00,0,0,1
ร่มไทร,เพชรเกษม69,4,09:00-17:00,0,0,1
ร่มไทร,เพชรเกษม69,4,17:00-19:00,0,0,1
ร่วมจิตต์,นครชัยศรี,5,07:00-09:00,0,1,0
ร่วมจิตต์,นครชัยศรี,5,09:00-16:00,0,1,0
ร่วมจิตต์,นครชัยศรี,5,16:00-19:00,0,1,0
ร่วมจิตต์,นครราชสีมา,10,07:00-09:00,0,0,1
ร่วมจิตต์,นครราชสีมา,10,09:00-17:00,0,0,1
ร่วมจิตต์,นครราชสีมา,10,17:00-19:00,0,0,1
ร่วมจิตต์,นครไชยศรี,10,07:00-09:00,0,0,1
ร่วมจิตต์,นครไชยศรี,10,09:00-17:00,0,0,1
ร่วมจิตต์,นครไชยศรี,10,17:00-19:00,0,0,1
ร่วมจิตต์,ราชสีมา,5,07:00-09:00,0,1,0
ร่วมจิตต์,ราชสีมา,5,09:00-16:00,0,1,0
ร่วมจิตต์,ราชสีมา,5,16:00-19:00,0,1,0
ร่วมพัฒนา-ประชาอุทิศ,ประชาอุทิศ,11,07:00-09:00,0,0,1
ร่วมพัฒนา-ประชาอุทิศ,ประชาอุทิศ,11,09:00-17:00,0,0,1
ร่วมพัฒนา-ประชาอุทิศ,ประชาอุทิศ,11,17:00-19:00,0,0,1
ร่วมพัฒนา-ประชาอุทิศ,ร่วมพัฒนา,11,07:00-09:00,0,0,1
ร่วมพัฒนา-ประชาอุทิศ,ร่วมพัฒนา,11,09:00-17:00,0,0,1
ร่วมพัฒนา-ประชาอุทิศ,ร่วมพัฒนา,11,17:00-19:00,0,0,1
ร่วมพัฒนา-อยู่วิทยา-สุวินทวงศ์,ร่วมพัฒนา,11,07:00-09:00,0,0,1
ร่วมพัฒนา-อยู่วิทยา-สุวินทวงศ์,ร่วมพัฒนา,11,09:00-17:00,0,0,1
ร่วมพัฒนา-อยู่วิทยา-สุวินทวงศ์,ร่วมพัฒนา,11,17:00-19:00,0,0,1
ร่วมพัฒนา-อยู่วิทยา-สุวินทวงศ์,สุวินทวงศ์,11,07:00-09:00,0,0,1
ร่วมพัฒนา-อยู่วิทยา-สุวินทวงศ์,สุวินทวงศ์,11,09:00-17:00,0,0,1
ร่วมพัฒนา-อยู่วิทยา-สุวินทวงศ์,สุวินทวงศ์,11,17:00-19:00,0,0,1
ร่วมพัฒนา-อยู่วิทยา-สุวินทวงศ์,อยู่วิทยา,11,07:00-09:00,0,0,1
ร่วมพัฒนา-อยู่วิทยา-สุวินทวงศ์,อยู่วิทยา,11,09:00-17:00,0,0,1
ร่วมพัฒนา-อยู่วิทยา-สุวินทวงศ์,อยู่วิทยา,11,17:00-19:00,0,0,1
ฤทธิยะวรรณาลัย,ช่องทางท่าดินแดง5,10,07:00-09:00,0,0,1
ฤทธิยะวรรณาลัย,ช่องทางท่าดินแดง5,10,09:00-17:00,0,0,1
ฤทธิยะวรรณาลัย,ช่องทางท่าดินแดง5,10,17:00-19:00,0,0,1
ฤทธิยะวรรณาลัย,ทางเข้าออกอากาศโยธิน,10,07:00-09:00,0,0,1
ฤทธิยะวรรณาลัย,ทางเข้าออกอากาศโยธิน,10,09:00-17:00,0,0,1
ฤทธิยะวรรณาลัย,ทางเข้าออกอากาศโยธิน,10,17:00-19:00,0,0,1
ฤทธิยะวรรณาลัย,พหลโยธิน,10,07:00-09:00,0,0,1
ฤทธิยะวรรณาลัย,พหลโยธิน,10,09:00-17:00,0,0,1
ฤทธิยะวรรณาลัย,พหลโยธิน,10,17:00-19:00,0,0,1
ลาซาล,ซอยลาซาล(สุขุมวิท105),2,07:00-09:00,0,1,0
ลาซาล,ซอยลาซาล(สุขุมวิท105),2,09:00-16:00,0,1,0
ลาซาล,ซอยลาซาล(สุขุมวิท105),2,16:00-19:00,0,1,0
ลาซาล,ซอยสุขุมวิท105,8,07:00-09:00,1,0,0
ลาซาล,ซอยสุขุมวิท105,8,09:00-16:00,1,0,0
ลาซาล,ซอยสุขุมวิท105,8,16:00-19:00,1,0,0
ลาซาล,ซอยสุขุมวิท105,10,07:00-09:00,1,0,0
ลาซาล,ซอยสุขุมวิท105,10,09:00-16:00,1,0,0
ลาซาล,ซอยสุขุมวิท105,10,16:00-19:00,1,0,0
ลาซาล,สุขุมวิท,2,07:00-09:00,0,1,0
ลาซาล,สุขุมวิท,2,09:00-16:00,0,1,0
ลาซาล,สุขุมวิท,2,16:00-19:00,0,1,0
ลาซาล,สุขุมวิท,3,07:00-09:00,0,0,1
ลาซาล,สุขุมวิท,3,09:00-17:00,0,0,1
ลาซาล,สุขุมวิท,3,17:00-19:00,0,0,1
ลาซาล,สุขุมวิท,5,07:00-09:00,0,0,1
ลาซาล,สุขุมวิท,5,09:00-17:00,0,0,1
ลาซาล,สุขุมวิท,5,17:00-19:00,0,0,1
ลาซาล,สุขุมวิท,8,07:00-09:00,1,0,0
ลาซาล,สุขุมวิท,8,09:00-16:00,1,0,0
ลาซาล,สุขุมวิท,8,16:00-19:00,1,0,0
ลาซาล,สุขุมวิท,10,07:00-09:00,1,0,0
ลาซาล,สุขุมวิท,10,09:00-16:00,1,0,0
ลาซาล,สุขุมวิท,10,16:00-19:00,1,0,0
ลาซาล,สุขุมวิท105,3,07:00-09:00,0,0,1
ลาซาล,สุขุมวิท105,3,09:00-17:00,0,0,1
ลาซาล,สุขุมวิท105,3,17:00-19:00,0,0,1
ลาซาล,สุขุมวิท105,5,07:00-09:00,0,0,1
ลาซาล,สุขุมวิท105,5,09:00-17:00,0,0,1
ลาซาล,สุขุมวิท105,5,17:00-19:00,0,0,1
ลาซาล-ถนนตัดไหม่ลาซาล-แบริ่ง,ตัดใหม่ลาซาล-แบริ่ง,1,06:30-09:00,1,0,0
ลาซาล-ถนนตัดไหม่ลาซาล-แบริ่ง,ตัดใหม่ลาซาล-แบริ่ง,1,09:00-16:00,1,0,0
ลาซาล-ถนนตัดไหม่ลาซาล-แบริ่ง,ตัดใหม่ลาซาล-แบริ่ง,1,16:00-19:30,1,0,0
ลาซาล-ถนนตัดไหม่ลาซาล-แบริ่ง,ลาซาล,1,06:30-09:00,1,0,0
ลาซาล-ถนนตัดไหม่ลาซาล-แบริ่ง,ลาซาล,1,09:00-16:00,1,0,0
ลาซาล-ถนนตัดไหม่ลาซาล-แบริ่ง,ลาซาล,1,16:00-19:30,1,0,0
ลาซาล-แบริ่งลาซาล,ลาซาล,10,07:00-09:00,0,0,1
ลาซาล-แบริ่งลาซาล,ลาซาล,10,09:00-17:00,0,0,1
ลาซาล-แบริ่งลาซาล,ลาซาล,10,17:00-19:00,0,0,1
ลาซาล-แบริ่งลาซาล,สุขุมวิท105(ลาซาล),3,07:00-09:00,0,0,1
ลาซาล-แบริ่งลาซาล,สุขุมวิท105(ลาซาล),3,09:00-17:00,0,0,1
ลาซาล-แบริ่งลาซาล,สุขุมวิท105(ลาซาล),3,17:00-19:00,0,0,1
ลาซาล-แบริ่งลาซาล,แบริ่งลาซาล,3,07:00-09:00,0,0,1
ลาซาล-แบริ่งลาซาล,แบริ่งลาซาล,3,09:00-17:00,0,0,1
ลาซาล-แบริ่งลาซาล,แบริ่งลาซาล,3,17:00-19:00,0,0,1
ลาซาล-แบริ่งลาซาล,แบริ่งลาซาล,10,07:00-09:00,0,0,1
ลาซาล-แบริ่งลาซาล,แบริ่งลาซาล,10,09:00-17:00,0,0,1
ลาซาล-แบริ่งลาซาล,แบริ่งลาซาล,10,17:00-19:00,0,0,1
ลาดกระบัง-ฉลองกรุง,ฉลองกรุง,1,07:00-09:00,1,0,0
ลาดกระบัง-ฉลองกรุง,ฉลองกรุง,1,09:00-16:00,1,0,0
ลาดกระบัง-ฉลองกรุง,ฉลองกรุง,1,16:00-19:00,1,0,0
ลาดกระบัง-ฉลองกรุง,ฉลองกรุง,3,07:00-09:00,0,1,0
ลาดกระบัง-ฉลองกรุง,ฉลองกรุง,3,09:00-16:00,0,1,0
ลาดกระบัง-ฉลองกรุง,ฉลองกรุง,3,16:00-19:00,0,1,0
ลาดกระบัง-ฉลองกรุง,ฉลองกรุง,4,07:00-09:00,0,0,1
ลาดกระบัง-ฉลองกรุง,ฉลองกรุง,4,09:00-17:00,0,0,1
ลาดกระบัง-ฉลองกรุง,ฉลองกรุง,4,17:00-19:00,0,0,1
ลาดกระบัง-ฉลองกรุง,ลาดกระบัง,1,07:00-09:00,1,0,0
ลาดกระบัง-ฉลองกรุง,ลาดกระบัง,1,09:00-16:00,1,0,0
ลาดกระบัง-ฉลองกรุง,ลาดกระบัง,1,16:00-19:00,1,0,0
ลาดกระบัง-ฉลองกรุง,ลาดกระบัง,3,07:00-09:00,0,1,0
ลาดกระบัง-ฉลองกรุง,ลาดกระบัง,3,09:00-16:00,0,1,0
ลาดกระบัง-ฉลองกรุง,ลาดกระบัง,3,16:00-19:00,0,1,0
ลาดกระบัง-ฉลองกรุง,ลาดกระบัง,4,07:00-09:00,0,0,1
ลาดกระบัง-ฉลองกรุง,ลาดกระบัง,4,09:00-17:00,0,0,1
ลาดกระบัง-ฉลองกรุง,ลาดกระบัง,4,17:00-19:00,0,0,1
ลาดกระบัง-ร่มเกล้า,ร่มเกล้า,11,07:00-09:00,1,0,0
ลาดกระบัง-ร่มเกล้า,ร่มเกล้า,11,09:00-16:00,1,0,0
ลาดกระบัง-ร่มเกล้า,ร่มเกล้า,11,16:00-19:00,1,0,0
ลาดกระบัง-ร่มเกล้า,ร่มเกล้า,12,07:00-09:00,0,1,0
ลาดกระบัง-ร่มเกล้า,ร่มเกล้า,12,09:00-16:00,0,1,0
ลาดกระบัง-ร่มเกล้า,ร่มเกล้า,12,16:00-19:00,0,1,0
ลาดกระบัง-ร่มเกล้า,ลาดกระบัง,11,07:00-09:00,1,0,0
ลาดกระบัง-ร่มเกล้า,ลาดกระบัง,11,09:00-16:00,1,0,0
ลาดกระบัง-ร่มเกล้า,ลาดกระบัง,11,16:00-19:00,1,0,0
ลาดกระบัง-ร่มเกล้า,ลาดกระบัง,12,07:00-09:00,0,1,0
ลาดกระบัง-ร่มเกล้า,ลาดกระบัง,12,09:00-16:00,0,1,0
ลาดกระบัง-ร่มเกล้า,ลาดกระบัง,12,16:00-19:00,0,1,0
ลาดกระบัง1ก/7,ลาดกระบัง,10,07:00-09:00,0,0,1
ลาดกระบัง1ก/7,ลาดกระบัง,10,09:00-17:00,0,0,1
ลาดกระบัง1ก/7,ลาดกระบัง,10,17:00-19:00,0,0,1
ลาดกระบัง54,ซอยลาดกระบัง54,9,07:00-09:00,1,0,0
ลาดกระบัง54,ซอยลาดกระบัง54,9,09:00-16:00,1,0,0
ลาดกระบัง54,ซอยลาดกระบัง54,9,16:00-19:00,1,0,0
ลาดกระบัง54,ลาดกระบัง,4,07:00-09:00,0,0,1
ลาดกระบัง54,ลาดกระบัง,4,09:00-17:00,0,0,1
ลาดกระบัง54,ลาดกระบัง,4,17:00-19:00,0,0,1
ลาดกระบัง54,ลาดกระบัง,5,07:00-09:00,0,0,1
ลาดกระบัง54,ลาดกระบัง,5,09:00-17:00,0,0,1
ลาดกระบัง54,ลาดกระบัง,5,17:00-19:00,0,0,1
ลาดกระบัง54,ลาดกระบัง,9,07:00-09:00,1,0,0
ลาดกระบัง54,ลาดกระบัง,9,09:00-16:00,1,0,0
ลาดกระบัง54,ลาดกระบัง,9,16:00-19:00,1,0,0
ลาดกระบัง54,ลาดกระบัง54,4,07:00-09:00,0,0,1
ลาดกระบัง54,ลาดกระบัง54,4,09:00-17:00,0,0,1
ลาดกระบัง54,ลาดกระบัง54,4,17:00-19:00,0,0,1
ลาดกระบัง54,ลาดกระบัง54,5,07:00-09:00,0,0,1
ลาดกระบัง54,ลาดกระบัง54,5,09:00-17:00,0,0,1
ลาดกระบัง54,ลาดกระบัง54,5,17:00-19:00,0,0,1
ลาดบัวขาว,มณีพัฒนา,2,07:00-09:00,0,1,0
ลาดบัวขาว,มณีพัฒนา,2,09:00-16:00,0,1,0
ลาดบัวขาว,มณีพัฒนา,2,16:00-19:00,0,1,0
ลาดบัวขาว,มีนพัฒนา,3,07:00-09:00,0,0,1
ลาดบัวขาว,มีนพัฒนา,3,09:00-17:00,0,0,1
ลาดบัวขาว,มีนพัฒนา,3,17:00-19:00,0,0,1
ลาดบัวขาว,มีนพัฒนา,5,07:00-09:00,1,0,0
ลาดบัวขาว,มีนพัฒนา,5,09:00-16:00,1,0,0
ลาดบัวขาว,มีนพัฒนา,5,16:00-19:00,1,0,0
ลาดบัวขาว,รามคำแหง,2,07:00-09:00,0,1,0
ลาดบัวขาว,รามคำแหง,2,09:00-16:00,0,1,0
ลาดบัวขาว,รามคำแหง,2,16:00-19:00,0,1,0
ลาดบัวขาว,รามคำแหง,3,07:00-09:00,0,0,1
ลาดบัวขาว,รามคำแหง,3,09:00-17:00,0,0,1
ลาดบัวขาว,รามคำแหง,3,17:00-19:00,0,0,1
ลาดบัวขาว,รามคำแหง,5,07:00-09:00,1,0,0
ลาดบัวขาว,รามคำแหง,5,09:00-16:00,1,0,0
ลาดบัวขาว,รามคำแหง,5,16:00-19:00,1,0,0
ลาดปลาเค้า,รามอินทรา,1,07:00-09:00,0,0,1
ลาดปลาเค้า,รามอินทรา,1,09:00-16:00,0,0,1
ลาดปลาเค้า,รามอินทรา,1,16:00-19:00,0,0,1
ลาดปลาเค้า,รามอินทรา,2,07:00-09:00,0,1,0
ลาดปลาเค้า,รามอินทรา,2,09:00-16:00,0,1,0
ลาดปลาเค้า,รามอินทรา,2,16:00-19:00,0,1,0
ลาดปลาเค้า,รามอินทรา,6,07:00-09:00,0,0,1
ลาดปลาเค้า,รามอินทรา,6,09:00-17:00,0,0,1
ลาดปลาเค้า,รามอินทรา,6,17:00-19:00,0,0,1
ลาดปลาเค้า,รามอินทรา,9,07:00-09:00,2,0,0
ลาดปลาเค้า,รามอินทรา,9,09:00-16:00,2,0,0
ลาดปลาเค้า,รามอินทรา,9,16:00-19:00,2,0,0
ลาดปลาเค้า,รามอินทรา,11,07:00-09:00,0,0,1
ลาดปลาเค้า,รามอินทรา,11,09:00-17:00,0,0,1
ลาดปลาเค้า,รามอินทรา,11,17:00-19:00,0,0,1
ลาดปลาเค้า,ลาดปลาเค้า,1,07:00-09:00,0,0,1
ลาดปลาเค้า,ลาดปลาเค้า,1,09:00-16:00,0,0,1
ลาดปลาเค้า,ลาดปลาเค้า,1,16:00-19:00,0,0,1
ลาดปลาเค้า,ลาดปลาเค้า,2,07:00-09:00,0,1,0
ลาดปลาเค้า,ลาดปลาเค้า,2,09:00-16:00,0,1,0
ลาดปลาเค้า,ลาดปลาเค้า,2,16:00-19:00,0,1,0
ลาดปลาเค้า,ลาดปลาเค้า,6,07:00-09:00,0,0,1
ลาดปลาเค้า,ลาดปลาเค้า,6,09:00-17:00,0,0,1
ลาดปลาเค้า,ลาดปลาเค้า,6,17:00-19:00,0,0,1
ลาดปลาเค้า,ลาดปลาเค้า,9,07:00-09:00,2,0,0
ลาดปลาเค้า,ลาดปลาเค้า,9,09:00-16:00,2,0,0
ลาดปลาเค้า,ลาดปลาเค้า,9,16:00-19:00,2,0,0
ลาดปลาเค้า,ลาดปลาเค้า,11,07:00-09:00,0,0,1
ลาดปลาเค้า,ลาดปลาเค้า,11,09:00-17:00,0,0,1
ลาดปลาเค้า,ลาดปลาเค้า,11,17:00-19:00,0,0,1
ลาดพร้าว,พหลโยธิน,6,07:00-09:00,0,0,1
ลาดพร้าว,พหลโยธิน,6,09:00-17:00,0,0,1
ลาดพร้าว,พหลโยธิน,6,17:00-19:00,0,0,1
ลาดพร้าว,ลาดพร้าว,4,07:00-09:00,0,0,1
ลาดพร้าว,ลาดพร้าว,4,09:00-17:00,0,0,1
ลาดพร้าว,ลาดพร้าว,4,17:00-19:00,0,0,1
ลาดพร้าว,วิภาวดีรังสิต,4,07:00-09:00,0,0,1
ลาดพร้าว,วิภาวดีรังสิต,4,09:00-17:00,0,0,1
ลาดพร้าว,วิภาวดีรังสิต,4,17:00-19:00,0,0,1
ลาดพร้าว,วิภาวดีรังสิต,6,07:00-09:00,0,0,1
ลาดพร้าว,วิภาวดีรังสิต,6,09:00-17:00,0,0,1
ลาดพร้าว,วิภาวดีรังสิต,6,17:00-19:00,0,0,1
ลาดพร้าว(ขาออก),พหลโยธิน,9,07:00-09:00,0,0,1
ลาดพร้าว(ขาออก),พหลโยธิน,9,09:00-16:00,0,0,1
ลาดพร้าว(ขาออก),พหลโยธิน,9,16:00-19:00,0,0,1
ลาดพร้าว-ประดิษฐ์มนูธรรม,ประดิษฐ์มนูธรรม,8,07:00-09:00,0,0,1
ลาดพร้าว-ประดิษฐ์มนูธรรม,ประดิษฐ์มนูธรรม,8,09:00-17:00,0,0,1
ลาดพร้าว-ประดิษฐ์มนูธรรม,ประดิษฐ์มนูธรรม,8,17:00-19:00,0,0,1
ลาดพร้าว-ประดิษฐ์มนูธรรม,ลาดพร้าว,8,07:00-09:00,0,0,1
ลาดพร้าว-ประดิษฐ์มนูธรรม,ลาดพร้าว,8,09:00-17:00,0,0,1
ลาดพร้าว-ประดิษฐ์มนูธรรม,ลาดพร้าว,8,17:00-19:00,0,0,1
ลาดพร้าว-มหาดไทย,มหาดไทย,11,07:00-09:00,0,0,1
ลาดพร้าว-มหาดไทย,มหาดไทย,11,09:00-17:00,0,0,1
ลาดพร้าว-มหาดไทย,มหาดไทย,11,17:00-19:00,0,0,1
ลาดพร้าว-มหาดไทย,ลาดพร้าว,1,07:00-09:00,0,0,1
ลาดพร้าว-มหาดไทย,ลาดพร้าว,1,09:00-17:00,0,0,1
ลาดพร้าว-มหาดไทย,ลาดพร้าว,1,17:00-19:00,0,0,1
ลาดพร้าว-มหาดไทย,ลาดพร้าว,11,07:00-09:00,0,0,1
ลาดพร้าว-มหาดไทย,ลาดพร้าว,11,09:00-17:00,0,0,1
ลาดพร้าว-มหาดไทย,ลาดพร้าว,11,17:00-19:00,0,0,1
ลาดพร้าว-มหาดไทย,ลาดพร้าว122,1,07:00-09:00,0,0,1
ลาดพร้าว-มหาดไทย,ลาดพร้าว122,1,09:00-17:00,0,0,1
ลาดพร้าว-มหาดไทย,ลาดพร้าว122,1,17:00-19:00,0,0,1
ลาดพร้าว-ลาดพร้าว15,ซอยลาดพร้าว15,1,07:00-09:00,0,1,0
ลาดพร้าว-ลาดพร้าว15,ซอยลาดพร้าว15,1,09:00-16:00,0,1,0
ลาดพร้าว-ลาดพร้าว15,ซอยลาดพร้าว15,1,16:00-19:00,0,1,0
ลาดพร้าว-ลาดพร้าว15,ลาดพร้าว,1,07:00-09:00,0,1,0
ลาดพร้าว-ลาดพร้าว15,ลาดพร้าว,1,09:00-16:00,0,1,0
ลาดพร้าว-ลาดพร้าว15,ลาดพร้าว,1,16:00-19:00,0,1,0
ลาดพร้าว101,ซอยลาดพร้าว101,3,07:00-09:00,0,1,0
ลาดพร้าว101,ซอยลาดพร้าว101,3,09:00-16:00,0,1,0
ลาดพร้าว101,ซอยลาดพร้าว101,3,16:00-19:00,0,1,0
ลาดพร้าว101,ซอยลาดพร้าว101,5,07:00-09:00,1,0,0
ลาดพร้าว101,ซอยลาดพร้าว101,5,09:00-16:00,1,0,0
ลาดพร้าว101,ซอยลาดพร้าว101,5,16:00-19:00,1,0,0
ลาดพร้าว101,ซอยลาดพร้าว128/1,3,07:00-09:00,0,1,0
ลาดพร้าว101,ซอยลาดพร้าว128/1,3,09:00-16:00,0,1,0
ลาดพร้าว101,ซอยลาดพร้าว128/1,3,16:00-19:00,0,1,0
ลาดพร้าว101,ซอยลาดพร้าว128/1,5,07:00-09:00,1,0,0
ลาดพร้าว101,ซอยลาดพร้าว128/1,5,09:00-16:00,1,0,0
ลาดพร้าว101,ซอยลาดพร้าว128/1,5,16:00-19:00,1,0,0
ลาดพร้าว101,ลาดพร้าว,1,07:00-09:00,0,0,1
ลาดพร้าว101,ลาดพร้าว,1,09:00-17:00,0,0,1
ลาดพร้าว101,ลาดพร้าว,1,17:00-19:00,0,0,1
ลาดพร้าว101,ลาดพร้าว,3,07:00-09:00,0,1,0
ลาดพร้าว101,ลาดพร้าว,3,09:00-16:00,0,1,0
ลาดพร้าว101,ลาดพร้าว,3,16:00-19:00,0,1,0
ลาดพร้าว101,ลาดพร้าว,5,07:00-09:00,1,0,0
ลาดพร้าว101,ลาดพร้าว,5,09:00-16:00,1,0,0
ลาดพร้าว101,ลาดพร้าว,5,16:00-19:00,1,0,0
ลาดพร้าว101,ลาดพร้าว101,1,07:00-09:00,0,0,1
ลาดพร้าว101,ลาดพร้าว101,1,09:00-17:00,0,0,1
ลาดพร้าว101,ลาดพร้าว101,1,17:00-19:00,0,0,1
ลาดพร้าว101,ลาดพร้าว128/1,1,07:00-09:00,0,0,1
ลาดพร้าว101,ลาดพร้าว128/1,1,09:00-17:00,0,0,1
ลาดพร้าว101,ลาดพร้าว128/1,1,17:00-19:00,0,0,1
ลาดพร้าว101/1,ลาดพร้าว,3,07:00-09:00,0,0,1
ลาดพร้าว101/1,ลาดพร้าว,3,09:00-17:00,0,0,1
ลาดพร้าว101/1,ลาดพร้าว,3,17:00-19:00,0,0,1
ลาดพร้าว101/1,ลาดพร้าว101/1,3,07:00-09:00,0,0,1
ลาดพร้าว101/1,ลาดพร้าว101/1,3,09:00-17:00,0,0,1
ลาดพร้าว101/1,ลาดพร้าว101/1,3,17:00-19:00,0,0,1
ลาดพร้าว112,ลาดพร้าว,1,07:00-09:00,0,0,1
ลาดพร้าว112,ลาดพร้าว,1,09:00-17:00,0,0,1
ลาดพร้าว112,ลาดพร้าว,1,17:00-19:00,0,0,1
ลาดพร้าว112,ลาดพร้าว112,1,07:00-09:00,0,0,1
ลาดพร้าว112,ลาดพร้าว112,1,09:00-17:00,0,0,1
ลาดพร้าว112,ลาดพร้าว112,1,17:00-19:00,0,0,1
ลาดพร้าว12,ลาดพร้าว,6,07:00-09:00,0,0,1
ลาดพร้าว12,ลาดพร้าว,6,09:00-17:00,0,0,1
ลาดพร้าว12,ลาดพร้าว,6,17:00-19:00,0,0,1
ลาดพร้าว12,ลาดพร้าว12,6,07:00-09:00,0,0,1
ลาดพร้าว12,ลาดพร้าว12,6,09:00-17:00,0,0,1
ลาดพร้าว12,ลาดพร้าว12,6,17:00-19:00,0,0,1
ลาดพร้าว14,ลาดพร้าว,6,07:00-09:00,0,0,1
ลาดพร้าว14,ลาดพร้าว,6,09:00-17:00,0,0,1
ลาดพร้าว14,ลาดพร้าว,6,17:00-19:00,0,0,1
ลาดพร้าว14,ลาดพร้าว14,6,07:00-09:00,0,0,1
ลาดพร้าว14,ลาดพร้าว14,6,09:00-17:00,0,0,1
ลาดพร้าว14,ลาดพร้าว14,6,17:00-19:00,0,0,1
ลาดพร้าว35,ลาดพร้าว,3,07:00-09:00,0,0,1
ลาดพร้าว35,ลาดพร้าว,3,09:00-17:00,0,0,1
ลาดพร้าว35,ลาดพร้าว,3,17:00-19:00,0,0,1
ลาดพร้าว35,ลาดพร้าว35,3,07:00-09:00,0,0,1
ลาดพร้าว35,ลาดพร้าว35,3,09:00-17:00,0,0,1
ลาดพร้าว35,ลาดพร้าว35,3,17:00-19:00,0,0,1
ลาดพร้าว40,ลาดพร้าว,11,07:00-09:00,0,0,1
ลาดพร้าว40,ลาดพร้าว,11,09:00-17:00,0,0,1
ลาดพร้าว40,ลาดพร้าว,11,17:00-19:00,0,0,1
ลาดพร้าว40,ลาดพร้าว40,11,07:00-09:00,0,0,1
ลาดพร้าว40,ลาดพร้าว40,11,09:00-17:00,0,0,1
ลาดพร้าว40,ลาดพร้าว40,11,17:00-19:00,0,0,1
ลาดพร้าว48,ลาดพร้าว,3,07:00-09:00,0,0,1
ลาดพร้าว48,ลาดพร้าว,3,09:00-17:00,0,0,1
ลาดพร้าว48,ลาดพร้าว,3,17:00-19:00,0,0,1
ลาดพร้าว48,ลาดพร้าว48,3,07:00-09:00,0,0,1
ลาดพร้าว48,ลาดพร้าว48,3,09:00-17:00,0,0,1
ลาดพร้าว48,ลาดพร้าว48,3,17:00-19:00,0,0,1
ลาดพร้าว6,ลาดพร้าว,6,07:00-09:00,0,0,1
ลาดพร้าว6,ลาดพร้าว,6,09:00-17:00,0,0,1
ลาดพร้าว6,ลาดพร้าว,6,17:00-19:00,0,0,1
ลาดพร้าว6,ลาดพร้าว6,6,07:00-09:00,0,0,1
ลาดพร้าว6,ลาดพร้าว6,6,09:00-17:00,0,0,1
ลาดพร้าว6,ลาดพร้าว6,6,17:00-19:00,0,0,1
ลาดพร้าว60,ลาดพร้าว,3,07:00-09:00,0,0,1
ลาดพร้าว60,ลาดพร้าว,3,09:00-17:00,0,0,1
ลาดพร้าว60,ลาดพร้าว,3,17:00-19:00,0,0,1
ลาดพร้าว60,ลาดพร้าว60,3,07:00-09:00,0,0,1
ลาดพร้าว60,ลาดพร้าว60,3,09:00-17:00,0,0,1
ลาดพร้าว60,ลาดพร้าว60,3,17:00-19:00,0,0,1
ลาดพร้าว62,ลาดพร้าว,3,07:00-09:00,0,0,1
ลาดพร้าว62,ลาดพร้าว,3,09:00-17:00,0,0,1
ลาดพร้าว62,ลาดพร้าว,3,17:00-19:00,0,0,1
ลาดพร้าว62,ลาดพร้าว62,3,07:00-09:00,0,0,1
ลาดพร้าว62,ลาดพร้าว62,3,09:00-17:00,0,0,1
ลาดพร้าว62,ลาดพร้าว62,3,17:00-19:00,0,0,1
ลาดพร้าว71,ลาดพร้าว,7,07:00-09:00,0,0,1
ลาดพร้าว71,ลาดพร้าว,7,09:00-17:00,0,0,1
ลาดพร้าว71,ลาดพร้าว,7,17:00-19:00,0,0,1
ลาดพร้าว71,ลาดพร้าว71,7,07:00-09:00,0,0,1
ลาดพร้าว71,ลาดพร้าว71,7,09:00-17:00,0,0,1
ลาดพร้าว71,ลาดพร้าว71,7,17:00-19:00,0,0,1
ลาดพร้าว94,ลาดพร้าว,7,07:00-09:00,0,0,1
ลาดพร้าว94,ลาดพร้าว,7,09:00-17:00,0,0,1
ลาดพร้าว94,ลาดพร้าว,7,17:00-19:00,0,0,1
ลาดพร้าว94,ลาดพร้าว94,7,07:00-09:00,0,0,1
ลาดพร้าว94,ลาดพร้าว94,7,09:00-17:00,0,0,1
ลาดพร้าว94,ลาดพร้าว94,7,17:00-19:00,0,0,1
ลาดพร้าววังหิน-โชคชัย4,ลาดพร้าววังหิน,11,07:00-09:00,0,0,1
ลาดพร้าววังหิน-โชคชัย4,ลาดพร้าววังหิน,11,09:00-17:00,0,0,1
ลาดพร้าววังหิน-โชคชัย4,ลาดพร้าววังหิน,11,17:00-19:00,0,0,1
ลาดพร้าววังหิน-โชคชัย4,ลาดพร้าววังหิน79,11,07:00-09:00,0,0,1
ลาดพร้าววังหิน-โชคชัย4,ลาดพร้าววังหิน79,11,09:00-17:00,0,0,1
ลาดพร้าววังหิน-โชคชัย4,ลาดพร้าววังหิน79,11,17:00-19:00,0,0,1
ลาดพร้าววังหิน-โชคชัย4,โชคชัย4,11,07:00-09:00,0,0,1
ลาดพร้าววังหิน-โชคชัย4,โชคชัย4,11,09:00-17:00,0,0,1
ลาดพร้าววังหิน-โชคชัย4,โชคชัย4,11,17:00-19:00,0,0,1
ลาสาลี,ศรีนครินทร์,11,07:00-09:00,0,1,0
ลาสาลี,ศรีนครินทร์,11,09:00-16:00,0,1,0
ลาสาลี,ศรีนครินทร์,11,16:00-19:00,0,1,0
ลำกะโหลก,ปัญญาอินทรา,6,07:00-09:00,0,0,1
ลำกะโหลก,ปัญญาอินทรา,6,09:00-17:00,0,0,1
ลำกะโหลก,ปัญญาอินทรา,6,17:00-19:00,0,0,1
ลำกะโหลก,ปัญญาอินทรา,8,07:00-09:00,0,0,1
ลำกะโหลก,ปัญญาอินทรา,8,09:00-16:00,0,0,1
ลำกะโหลก,ปัญญาอินทรา,8,16:00-19:00,0,0,1
ลำกะโหลก,พระยาสุเรนทร์,6,07:00-09:00,0,0,1
ลำกะโหลก,พระยาสุเรนทร์,6,09:00-17:00,0,0,1
ลำกะโหลก,พระยาสุเรนทร์,6,17:00-19:00,0,0,1
ลำกะโหลก,พระยาสุเรนทร์,8,07:00-09:00,0,0,1
ลำกะโหลก,พระยาสุเรนทร์,8,09:00-16:00,0,0,1
ลำกะโหลก,พระยาสุเรนทร์,8,16:00-19:00,0,0,1
ลำพูนไชย,ลำพูนไชย,11,07:00-09:00,0,0,1
ลำพูนไชย,ลำพูนไชย,11,09:00-16:00,0,0,1
ลำพูนไชย,ลำพูนไชย,11,16:00-19:00,0,0,1
ลำพูนไชย,เจริญกรุง,11,07:00-09:00,0,0,1
ลำพูนไชย,เจริญกรุง,11,09:00-16:00,0,0,1
ลำพูนไชย,เจริญกรุง,11,16:00-19:00,0,0,1
ลำสาลี,รามคาแหง,11,07:00-09:00,0,1,0
ลำสาลี,รามคาแหง,11,09:00-16:00,0,1,0
ลำสาลี,รามคาแหง,11,16:00-19:00,0,1,0
ลำสาลี,รามคำแหง,4,07:00-09:00,0,0,1
ลำสาลี,รามคำแหง,4,09:00-17:00,0,0,1
ลำสาลี,รามคำแหง,4,17:00-19:00,0,0,1
ลำสาลี,รามคำแหง,6,07:00-09:00,1,0,0
ลำสาลี,รามคำแหง,6,09:00-16:00,1,0,0
ลำสาลี,รามคำแหง,6,16:00-19:00,1,0,0
ลำสาลี,รามคำแหง,11,07:00-09:00,0,0,1
ลำสาลี,รามคำแหง,11,09:00-17:00,0,0,1
ลำสาลี,รามคำแหง,11,17:00-19:00,0,0,1
ลำสาลี,ศรีนครินทร์,4,07:00-09:00,0,0,1
ลำสาลี,ศรีนครินทร์,4,09:00-17:00,0,0,1
ลำสาลี,ศรีนครินทร์,4,17:00-19:00,0,0,1
ลำสาลี,ศรีนครินทร์,6,07:00-09:00,1,0,0
ลำสาลี,ศรีนครินทร์,6,09:00-16:00,1,0,0
ลำสาลี,ศรีนครินทร์,6,16:00-19:00,1,0,0
ลำสาลี,ศรีนครินทร์,11,07:00-09:00,0,0,1
ลำสาลี,ศรีนครินทร์,11,09:00-17:00,0,0,1
ลำสาลี,ศรีนครินทร์,11,17:00-19:00,0,0,1
ลำหิน,คู้คลองสิบ,6,07:00-09:00,0,0,1
ลำหิน,คู้คลองสิบ,6,09:00-17:00,0,0,1
ลำหิน,คู้คลองสิบ,6,17:00-19:00,0,0,1
ลำหิน,มิตรไมตรี,6,07:00-09:00,0,0,1
ลำหิน,มิตรไมตรี,6,09:00-17:00,0,0,1
ลำหิน,มิตรไมตรี,6,17:00-19:00,0,0,1
ลำหิน,เลียบวารี,6,07:00-09:00,0,0,1
ลำหิน,เลียบวารี,6,09:00-17:00,0,0,1
ลำหิน,เลียบวารี,6,17:00-19:00,0,0,1
วขิระ,สามเสน,2,07:00-09:00,0,0,1
วขิระ,สามเสน,2,09:00-17:00,0,0,1
วขิระ,สามเสน,2,17:00-19:00,0,0,1
วขิระ,สุโขทัย,2,07:00-09:00,0,0,1
วขิระ,สุโขทัย,2,09:00-17:00,0,0,1
วขิระ,สุโขทัย,2,17:00-19:00,0,0,1
วงศสว่าง,กรุงเทพนนท์,5,07:00-09:00,0,0,1
วงศสว่าง,กรุงเทพนนท์,5,09:00-16:00,0,0,1
วงศสว่าง,กรุงเทพนนท์,5,16:00-19:00,0,0,1
วงศสว่าง,รัชดาภิเษก,5,07:00-09:00,0,0,1
วงศสว่าง,รัชดาภิเษก,5,09:00-16:00,0,0,1
วงศสว่าง,รัชดาภิเษก,5,16:00-19:00,0,0,1
วงศสว่าง,วงศสว่าง,5,07:00-09:00,0,0,1
วงศสว่าง,วงศสว่าง,5,09:00-16:00,0,0,1
วงศสว่าง,วงศสว่าง,5,16:00-19:00,0,0,1
วงศ์สว่าง,กรุงเทพ-นนทบุรี,5,07:00-09:00,1,0,0
วงศ์สว่าง,กรุงเทพ-นนทบุรี,5,09:00-16:00,1,0,0
วงศ์สว่าง,กรุงเทพ-นนทบุรี,5,16:00-19:00,1,0,0
วงศ์สว่าง,กรุงเทพ-นนทบุรี,10,07:00-09:00,1,1,0
วงศ์สว่าง,กรุงเทพ-นนทบุรี,10,09:00-16:00,1,1,0
วงศ์สว่าง,กรุงเทพ-นนทบุรี,10,16:00-19:00,1,1,0
วงศ์สว่าง,กรุงเทพ-นนทบุรี,11,07:00-09:00,0,1,0
วงศ์สว่าง,กรุงเทพ-นนทบุรี,11,09:00-16:00,0,1,0
วงศ์สว่าง,กรุงเทพ-นนทบุรี,11,16:00-19:00,0,1,0
วงศ์สว่าง,กรุงเทพนนท์,3,07:00-09:00,0,0,1
วงศ์สว่าง,กรุงเทพนนท์,3,09:00-17:00,0,0,1
วงศ์สว่าง,กรุงเทพนนท์,3,17:00-19:00,0,0,1
วงศ์สว่าง,รัชดาภิเษก,3,07:00-09:00,0,0,1
วงศ์สว่าง,รัชดาภิเษก,3,09:00-17:00,0,0,1
วงศ์สว่าง,รัชดาภิเษก,3,17:00-19:00,0,0,1
วงศ์สว่าง,รัชดาภิเษก,5,07:00-09:00,1,0,0
วงศ์สว่าง,รัชดาภิเษก,5,09:00-16:00,1,0,0
วงศ์สว่าง,รัชดาภิเษก,5,16:00-19:00,1,0,0
วงศ์สว่าง,รัชดาภิเษก,10,07:00-09:00,1,1,0
วงศ์สว่าง,รัชดาภิเษก,10,09:00-16:00,1,1,0
วงศ์สว่าง,รัชดาภิเษก,10,16:00-19:00,1,1,0
วงศ์สว่าง,รัชดาภิเษก,11,07:00-09:00,0,1,0
วงศ์สว่าง,รัชดาภิเษก,11,09:00-16:00,0,1,0
วงศ์สว่าง,รัชดาภิเษก,11,16:00-19:00,0,1,0
วงศ์สว่าง,วงศ์สว่าง,3,07:00-09:00,0,0,1
วงศ์สว่าง,วงศ์สว่าง,3,09:00-17:00,0,0,1
วงศ์สว่าง,วงศ์สว่าง,3,17:00-19:00,0,0,1
วงศ์สว่าง,วงศ์สว่าง,5,07:00-09:00,1,0,0
วงศ์สว่าง,วงศ์สว่าง,5,09:00-16:00,1,0,0
วงศ์สว่าง,วงศ์สว่าง,5,16:00-19:00,1,0,0
วงศ์สว่าง,วงศ์สว่าง,10,07:00-09:00,1,1,0
วงศ์สว่าง,วงศ์สว่าง,10,09:00-16:00,1,1,0
วงศ์สว่าง,วงศ์สว่าง,10,16:00-19:00,1,1,0
วงศ์สว่าง,วงศ์สว่าง,11,07:00-09:00,0,1,0
วงศ์สว่าง,วงศ์สว่าง,11,09:00-16:00,0,1,0
วงศ์สว่าง,วงศ์สว่าง,11,16:00-19:00,0,1,0
วงเวียน22กรกฎา,มิตรพันธ์,10,07:00-09:00,0,1,0
วงเวียน22กรกฎา,มิตรพันธ์,10,09:00-16:00,0,1,0
วงเวียน22กรกฎา,มิตรพันธ์,10,16:00-19:00,0,1,0
วงเวียน22กรกฎา,สันติภาพ,10,07:00-09:00,0,1,0
วงเวียน22กรกฎา,สันติภาพ,10,09:00-16:00,0,1,0
วงเวียน22กรกฎา,สันติภาพ,10,16:00-19:00,0,1,0
วงเวียน22กรกฎา,ไมตรีจิต,10,07:00-09:00,0,1,0
วงเวียน22กรกฎา,ไมตรีจิต,10,09:00-16:00,0,1,0
วงเวียน22กรกฎา,ไมตรีจิต,10,16:00-19:00,0,1,0
วงเวียนตลาดน้อย,เจริญกรุง,5,07:00-09:00,0,0,1
วงเวียนตลาดน้อย,เจริญกรุง,5,09:00-17:00,0,0,1
วงเวียนตลาดน้อย,เจริญกรุง,5,17:00-19:00,0,0,1
วงเวียนรด.,จักรเพชร,10,07:00-09:00,0,1,0
วงเวียนรด.,จักรเพชร,10,09:00-16:00,0,1,0
วงเวียนรด.,จักรเพชร,10,16:00-19:00,0,1,0
วงเวียนรด.,มหาราช,10,07:00-09:00,0,1,0
วงเวียนรด.,มหาราช,10,09:00-16:00,0,1,0
วงเวียนรด.,มหาราช,10,16:00-19:00,0,1,0
วงเวียนรด.,ราชินี,10,07:00-09:00,0,1,0
วงเวียนรด.,ราชินี,10,09:00-16:00,0,1,0
วงเวียนรด.,ราชินี,10,16:00-19:00,0,1,0
วงเวียนรด.,สนามไชย,10,07:00-09:00,0,1,0
วงเวียนรด.,สนามไชย,10,09:00-16:00,0,1,0
วงเวียนรด.,สนามไชย,10,16:00-19:00,0,1,0
วงเวียนหลักสี่,พหลโยธิน,1,07:00-09:00,0,0,1
วงเวียนหลักสี่,พหลโยธิน,1,09:00-17:00,0,0,1
วงเวียนหลักสี่,พหลโยธิน,1,17:00-19:00,0,0,1
วงเวียนหลักสี่,พหลโยธิน,3,07:00-09:00,1,0,0
วงเวียนหลักสี่,พหลโยธิน,3,09:00-16:00,1,0,0
วงเวียนหลักสี่,พหลโยธิน,3,16:00-19:00,1,0,0
วงเวียนหลักสี่,พหลโยธิน,5,07:00-09:00,0,1,0
วงเวียนหลักสี่,พหลโยธิน,5,09:00-16:00,0,1,0
วงเวียนหลักสี่,พหลโยธิน,5,16:00-19:00,0,1,0
วงเวียนหลักสี่,รามอินทรา,1,07:00-09:00,0,0,1
วงเวียนหลักสี่,รามอินทรา,1,09:00-17:00,0,0,1
วงเวียนหลักสี่,รามอินทรา,1,17:00-19:00,0,0,1
วงเวียนหลักสี่,รามอินทรา,3,07:00-09:00,1,0,0
วงเวียนหลักสี่,รามอินทรา,3,09:00-16:00,1,0,0
วงเวียนหลักสี่,รามอินทรา,3,16:00-19:00,1,0,0
วงเวียนหลักสี่,รามอินทรา,5,07:00-09:00,0,1,0
วงเวียนหลักสี่,รามอินทรา,5,09:00-16:00,0,1,0
วงเวียนหลักสี่,รามอินทรา,5,16:00-19:00,0,1,0
วงเวียนหลักสี่,แจ้งวัฒนะ,1,07:00-09:00,0,0,1
วงเวียนหลักสี่,แจ้งวัฒนะ,1,09:00-17:00,0,0,1
วงเวียนหลักสี่,แจ้งวัฒนะ,1,17:00-19:00,0,0,1
วงเวียนหลักสี่,แจ้งวัฒนะ,3,07:00-09:00,1,0,0
วงเวียนหลักสี่,แจ้งวัฒนะ,3,09:00-16:00,1,0,0
วงเวียนหลักสี่,แจ้งวัฒนะ,3,16:00-19:00,1,0,0
วงเวียนหลักสี่,แจ้งวัฒนะ,5,07:00-09:00,0,1,0
วงเวียนหลักสี่,แจ้งวัฒนะ,5,09:00-16:00,0,1,0
วงเวียนหลักสี่,แจ้งวัฒนะ,5,16:00-19:00,0,1,0
วงเวียนอนุสาวรีย์หลักสี่,พหลโยธิน,6,07:00-09:00,0,0,1
วงเวียนอนุสาวรีย์หลักสี่,พหลโยธิน,6,09:00-17:00,0,0,1
วงเวียนอนุสาวรีย์หลักสี่,พหลโยธิน,6,17:00-19:00,0,0,1
วงเวียนอนุสาวรีย์หลักสี่,รามอินทรา,6,07:00-09:00,0,0,1
วงเวียนอนุสาวรีย์หลักสี่,รามอินทรา,6,09:00-17:00,0,0,1
วงเวียนอนุสาวรีย์หลักสี่,รามอินทรา,6,17:00-19:00,0,0,1
วงเวียนอนุสาวรีย์หลักสี่,แจ้งวัฒนะ,6,07:00-09:00,0,0,1
วงเวียนอนุสาวรีย์หลักสี่,แจ้งวัฒนะ,6,09:00-17:00,0,0,1
วงเวียนอนุสาวรีย์หลักสี่,แจ้งวัฒนะ,6,17:00-19:00,0,0,1
วงเวียนโอเดียน,ซอยเยาวราช1,10,07:00-09:00,0,1,0
วงเวียนโอเดียน,ซอยเยาวราช1,10,09:00-16:00,0,1,0
วงเวียนโอเดียน,ซอยเยาวราช1,10,16:00-19:00,0,1,0
วงเวียนโอเดียน,ซอยเยาวราช3,10,07:00-09:00,0,1,0
วงเวียนโอเดียน,ซอยเยาวราช3,10,09:00-16:00,0,1,0
วงเวียนโอเดียน,ซอยเยาวราช3,10,16:00-19:00,0,1,0
วงเวียนโอเดียน,ตรีมิตร,10,07:00-09:00,0,1,0
วงเวียนโอเดียน,ตรีมิตร,10,09:00-16:00,0,1,0
วงเวียนโอเดียน,ตรีมิตร,10,16:00-19:00,0,1,0
วงเวียนโอเดียน,มิตรภาพไทยจีน,10,07:00-09:00,0,1,0
วงเวียนโอเดียน,มิตรภาพไทยจีน,10,09:00-16:00,0,1,0
วงเวียนโอเดียน,มิตรภาพไทยจีน,10,16:00-19:00,0,1,0
วงเวียนโอเดียน,เจริญกรุง,10,07:00-09:00,0,1,0
วงเวียนโอเดียน,เจริญกรุง,10,09:00-16:00,0,1,0
วงเวียนโอเดียน,เจริญกรุง,10,16:00-19:00,0,1,0
วงเวียนโอเดียน,เยาวราช,10,07:00-09:00,0,1,0
วงเวียนโอเดียน,เยาวราช,10,09:00-16:00,0,1,0
วงเวียนโอเดียน,เยาวราช,10,16:00-19:00,0,1,0
วงเวียนใหญ่,ถนนลาดหญ้า,11,07:00-09:00,0,1,0
วงเวียนใหญ่,ถนนลาดหญ้า,11,09:00-16:00,0,1,0
วงเวียนใหญ่,ถนนลาดหญ้า,11,16:00-19:00,0,1,0
วงเวียนใหญ่,ประชาธิปก,3,07:00-09:00,1,0,0
วงเวียนใหญ่,ประชาธิปก,3,09:00-16:00,1,0,0
วงเวียนใหญ่,ประชาธิปก,3,16:00-19:00,1,0,0
วงเวียนใหญ่,ประชาธิปก,8,07:00-09:00,0,0,1
วงเวียนใหญ่,ประชาธิปก,8,09:00-17:00,0,0,1
วงเวียนใหญ่,ประชาธิปก,8,17:00-19:00,0,0,1
วงเวียนใหญ่,ประชาธิปก,9,07:00-09:00,0,0,1
วงเวียนใหญ่,ประชาธิปก,9,09:00-17:00,0,0,1
วงเวียนใหญ่,ประชาธิปก,9,17:00-19:00,0,0,1
วงเวียนใหญ่,ประชาธิปก,11,07:00-09:00,0,1,0
วงเวียนใหญ่,ประชาธิปก,11,09:00-16:00,0,1,0
วงเวียนใหญ่,ประชาธิปก,11,16:00-19:00,0,1,0
วงเวียนใหญ่,ลาดหญ้า,3,07:00-09:00,1,0,0
วงเวียนใหญ่,ลาดหญ้า,3,09:00-16:00,1,0,0
วงเวียนใหญ่,ลาดหญ้า,3,16:00-19:00,1,0,0
วงเวียนใหญ่,ลาดหญ้า,8,07:00-09:00,0,0,1
วงเวียนใหญ่,ลาดหญ้า,8,09:00-17:00,0,0,1
วงเวียนใหญ่,ลาดหญ้า,8,17:00-19:00,0,0,1
วงเวียนใหญ่,ลาดหญ้า,9,07:00-09:00,0,0,1
วงเวียนใหญ่,ลาดหญ้า,9,09:00-17:00,0,0,1
วงเวียนใหญ่,ลาดหญ้า,9,17:00-19:00,0,0,1
วงเวียนใหญ่,สมเดจ็พระเจ้าตากสิน,11,07:00-09:00,0,1,0
วงเวียนใหญ่,สมเดจ็พระเจ้าตากสิน,11,09:00-16:00,0,1,0
วงเวียนใหญ่,สมเดจ็พระเจ้าตากสิน,11,16:00-19:00,0,1,0
วงเวียนใหญ่,สมเด็จพระเจ้าตากสิน,3,07:00-09:00,1,0,0
วงเวียนใหญ่,สมเด็จพระเจ้าตากสิน,3,09:00-16:00,1,0,0
วงเวียนใหญ่,สมเด็จพระเจ้าตากสิน,3,16:00-19:00,1,0,0
วงเวียนใหญ่,สมเด็จพระเจ้าตากสิน,8,07:00-09:00,0,0,1
วงเวียนใหญ่,สมเด็จพระเจ้าตากสิน,8,09:00-17:00,0,0,1
วงเวียนใหญ่,สมเด็จพระเจ้าตากสิน,8,17:00-19:00,0,0,1
วงเวียนใหญ่,สมเด็จพระเจ้าตากสิน,9,07:00-09:00,0,0,1
วงเวียนใหญ่,สมเด็จพระเจ้าตากสิน,9,09:00-17:00,0,0,1
วงเวียนใหญ่,สมเด็จพระเจ้าตากสิน,9,17:00-19:00,0,0,1
วงเวียนใหญ่,อินทรพิทักษ์,3,07:00-09:00,1,0,0
วงเวียนใหญ่,อินทรพิทักษ์,3,09:00-16:00,1,0,0
วงเวียนใหญ่,อินทรพิทักษ์,3,16:00-19:00,1,0,0
วงเวียนใหญ่,อินทรพิทักษ์,8,07:00-09:00,0,0,1
วงเวียนใหญ่,อินทรพิทักษ์,8,09:00-17:00,0,0,1
วงเวียนใหญ่,อินทรพิทักษ์,8,17:00-19:00,0,0,1
วงเวียนใหญ่,อินทรพิทักษ์,9,07:00-09:00,0,0,1
วงเวียนใหญ่,อินทรพิทักษ์,9,09:00-17:00,0,0,1
วงเวียนใหญ่,อินทรพิทักษ์,9,17:00-19:00,0,0,1
วงเวียนใหญ่,อินทรพิทักษ์,11,07:00-09:00,0,1,0
วงเวียนใหญ่,อินทรพิทักษ์,11,09:00-16:00,0,1,0
วงเวียนใหญ่,อินทรพิทักษ์,11,16:00-19:00,0,1,0
วงเวียนใหญ่(ขาออก),ประชาธิปก,1,07:00-09:00,0,0,1
วงเวียนใหญ่(ขาออก),ประชาธิปก,1,09:00-16:00,0,0,1
วงเวียนใหญ่(ขาออก),ประชาธิปก,1,16:00-19:00,0,0,1
วงเวียนใหญ่(ขาออก),ประชาธิปก,7,07:00-09:00,1,0,0
วงเวียนใหญ่(ขาออก),ประชาธิปก,7,09:00-16:00,1,0,0
วงเวียนใหญ่(ขาออก),ประชาธิปก,7,16:00-19:00,1,0,0
วงเวียนใหญ่(ขาออก),ลาดหญ้า,1,07:00-09:00,0,0,1
วงเวียนใหญ่(ขาออก),ลาดหญ้า,1,09:00-16:00,0,0,1
วงเวียนใหญ่(ขาออก),ลาดหญ้า,1,16:00-19:00,0,0,1
วงเวียนใหญ่(ขาออก),ลาดหญ้า,7,07:00-09:00,1,0,0
วงเวียนใหญ่(ขาออก),ลาดหญ้า,7,09:00-16:00,1,0,0
วงเวียนใหญ่(ขาออก),ลาดหญ้า,7,16:00-19:00,1,0,0
วงเวียนใหญ่(ขาออก),สมเด็จพระเจ้าตากสิน,1,07:00-09:00,0,0,1
วงเวียนใหญ่(ขาออก),สมเด็จพระเจ้าตากสิน,1,09:00-16:00,0,0,1
วงเวียนใหญ่(ขาออก),สมเด็จพระเจ้าตากสิน,1,16:00-19:00,0,0,1
วงเวียนใหญ่(ขาออก),สมเด็จพระเจ้าตากสิน,7,07:00-09:00,1,0,0
วงเวียนใหญ่(ขาออก),สมเด็จพระเจ้าตากสิน,7,09:00-16:00,1,0,0
วงเวียนใหญ่(ขาออก),สมเด็จพระเจ้าตากสิน,7,16:00-19:00,1,0,0
วงเวียนใหญ่(ขาออก),อินทรพิทักษ์,1,07:00-09:00,0,0,1
วงเวียนใหญ่(ขาออก),อินทรพิทักษ์,1,09:00-16:00,0,0,1
วงเวียนใหญ่(ขาออก),อินทรพิทักษ์,1,16:00-19:00,0,0,1
วงเวียนใหญ่(ขาออก),อินทรพิทักษ์,7,07:00-09:00,1,0,0
วงเวียนใหญ่(ขาออก),อินทรพิทักษ์,7,09:00-16:00,1,0,0
วงเวียนใหญ่(ขาออก),อินทรพิทักษ์,7,16:00-19:00,1,0,0
วงเวียนใหญ่(ขาเข้า),ประชาธิปก,1,07:00-09:00,0,0,1
วงเวียนใหญ่(ขาเข้า),ประชาธิปก,1,09:00-16:00,0,0,1
วงเวียนใหญ่(ขาเข้า),ประชาธิปก,1,16:00-19:00,0,0,1
วงเวียนใหญ่(ขาเข้า),ประชาธิปก,7,07:00-09:00,1,0,0
วงเวียนใหญ่(ขาเข้า),ประชาธิปก,7,09:00-16:00,1,0,0
วงเวียนใหญ่(ขาเข้า),ประชาธิปก,7,16:00-19:00,1,0,0
วงเวียนใหญ่(ขาเข้า),ลาดหญ้า,1,07:00-09:00,0,0,1
วงเวียนใหญ่(ขาเข้า),ลาดหญ้า,1,09:00-16:00,0,0,1
วงเวียนใหญ่(ขาเข้า),ลาดหญ้า,1,16:00-19:00,0,0,1
วงเวียนใหญ่(ขาเข้า),ลาดหญ้า,7,07:00-09:00,1,0,0
วงเวียนใหญ่(ขาเข้า),ลาดหญ้า,7,09:00-16:00,1,0,0
วงเวียนใหญ่(ขาเข้า),ลาดหญ้า,7,16:00-19:00,1,0,0
วงเวียนใหญ่(ขาเข้า),สมเด็จพระเจ้าตากสิน,1,07:00-09:00,0,0,1
วงเวียนใหญ่(ขาเข้า),สมเด็จพระเจ้าตากสิน,1,09:00-16:00,0,0,1
วงเวียนใหญ่(ขาเข้า),สมเด็จพระเจ้าตากสิน,1,16:00-19:00,0,0,1
วงเวียนใหญ่(ขาเข้า),สมเด็จพระเจ้าตากสิน,7,07:00-09:00,1,0,0
วงเวียนใหญ่(ขาเข้า),สมเด็จพระเจ้าตากสิน,7,09:00-16:00,1,0,0
วงเวียนใหญ่(ขาเข้า),สมเด็จพระเจ้าตากสิน,7,16:00-19:00,1,0,0
วงเวียนใหญ่(ขาเข้า),อินทรพิทักษ์,1,07:00-09:00,0,0,1
วงเวียนใหญ่(ขาเข้า),อินทรพิทักษ์,1,09:00-16:00,0,0,1
วงเวียนใหญ่(ขาเข้า),อินทรพิทักษ์,1,16:00-19:00,0,0,1
วงเวียนใหญ่(ขาเข้า),อินทรพิทักษ์,7,07:00-09:00,1,0,0
วงเวียนใหญ่(ขาเข้า),อินทรพิทักษ์,7,09:00-16:00,1,0,0
วงเวียนใหญ่(ขาเข้า),อินทรพิทักษ์,7,16:00-19:00,1,0,0
วชิรธรรมสาธิต59,วชิรธรรมสาธิต,6,07:00-09:00,0,0,1
วชิรธรรมสาธิต59,วชิรธรรมสาธิต,6,09:00-17:00,0,0,1
วชิรธรรมสาธิต59,วชิรธรรมสาธิต,6,17:00-19:00,0,0,1
วชิระ,สามเสน,3,07:00-09:00,0,0,1
วชิระ,สามเสน,3,09:00-16:00,0,0,1
วชิระ,สามเสน,3,16:00-19:00,0,0,1
วชิระ,สามเสน,10,07:00-09:00,2,0,0
วชิระ,สามเสน,10,09:00-16:00,2,0,0
วชิระ,สามเสน,10,16:00-19:00,2,0,0
วชิระ,สุโขทัย,10,07:00-09:00,2,0,0
วชิระ,สุโขทัย,10,09:00-16:00,2,0,0
วชิระ,สุโขทัย,10,16:00-19:00,2,0,0
วดัเบญ,พระรามที่5,3,07:00-09:00,0,1,0
วดัเบญ,พระรามที่5,3,09:00-16:00,0,1,0
วดัเบญ,พระรามที่5,3,16:00-19:00,0,1,0
วดัเบญ,ศรีอยุธยา,3,07:00-09:00,0,1,0
วดัเบญ,ศรีอยุธยา,3,09:00-16:00,0,1,0
วดัเบญ,ศรีอยุธยา,3,16:00-19:00,0,1,0
วรจักร,วรจักร,6,07:00-09:00,0,0,1
วรจักร,วรจักร,6,09:00-16:00,0,0,1
วรจักร,วรจักร,6,16:00-19:00,0,0,1
วรจักร,วรจักร,7,07:00-09:00,0,1,0
วรจักร,วรจักร,7,09:00-16:00,0,1,0
วรจักร,วรจักร,7,16:00-19:00,0,1,0
วรจักร,หลวง,6,07:00-09:00,0,0,1
วรจักร,หลวง,6,09:00-16:00,0,0,1
วรจักร,หลวง,6,16:00-19:00,0,0,1
วรจักร,หลวง,7,07:00-09:00,0,1,0
วรจักร,หลวง,7,09:00-16:00,0,1,0
วรจักร,หลวง,7,16:00-19:00,0,1,0
วังหิน,ลาดปลาเค้า,2,07:00-09:00,0,0,1
วังหิน,ลาดปลาเค้า,2,09:00-17:00,0,0,1
วังหิน,ลาดปลาเค้า,2,17:00-19:00,0,0,1
วังหิน,ลาดปลาเค้า,4,07:00-09:00,0,1,0
วังหิน,ลาดปลาเค้า,4,09:00-16:00,0,1,0
วังหิน,ลาดปลาเค้า,4,16:00-19:00,0,1,0
วังหิน,ลาดปลาเค้า,7,07:00-09:00,0,0,1
วังหิน,ลาดปลาเค้า,7,09:00-17:00,0,0,1
วังหิน,ลาดปลาเค้า,7,17:00-19:00,0,0,1
วังหิน,ลาดพร้าววังหิน,2,07:00-09:00,0,0,1
วังหิน,ลาดพร้าววังหิน,2,09:00-17:00,0,0,1
วังหิน,ลาดพร้าววังหิน,2,17:00-19:00,0,0,1
วังหิน,วัดลาดปลาเค่า,7,07:00-09:00,1,0,0
วังหิน,วัดลาดปลาเค่า,7,09:00-16:00,1,0,0
วังหิน,วัดลาดปลาเค่า,7,16:00-19:00,1,0,0
วังหิน,สุขาภิบาล1,4,07:00-09:00,0,1,0
วังหิน,สุขาภิบาล1,4,09:00-16:00,0,1,0
วังหิน,สุขาภิบาล1,4,16:00-19:00,0,1,0
วังหิน,สุขาภิบาล1,7,07:00-09:00,1,0,1
วังหิน,สุขาภิบาล1,7,09:00-16:00,1,0,0
วังหิน,สุขาภิบาล1,7,09:00-17:00,0,0,1
วังหิน,สุขาภิบาล1,7,16:00-19:00,1,0,0
วังหิน,สุขาภิบาล1,7,17:00-19:00,0,0,1
วังหิน,เสนานิคม,4,07:00-09:00,0,1,0
วังหิน,เสนานิคม,4,09:00-16:00,0,1,0
วังหิน,เสนานิคม,4,16:00-19:00,0,1,0
วังหิน,เสนานิคม,7,07:00-09:00,1,0,1
วังหิน,เสนานิคม,7,09:00-16:00,1,0,0
วังหิน,เสนานิคม,7,09:00-17:00,0,0,1
วังหิน,เสนานิคม,7,16:00-19:00,1,0,0
วังหิน,เสนานิคม,7,17:00-19:00,0,0,1
วังหิน,เสนานิคม1,2,07:00-09:00,0,0,1
วังหิน,เสนานิคม1,2,09:00-17:00,0,0,1
วังหิน,เสนานิคม1,2,17:00-19:00,0,0,1
วังแดง,นครราชสีมา,5,07:00-09:00,0,0,1
วังแดง,นครราชสีมา,5,09:00-17:00,0,0,1
วังแดง,นครราชสีมา,5,17:00-19:00,0,0,1
วังแดง,พิษณุโลก,5,07:00-09:00,0,0,1
วังแดง,พิษณุโลก,5,09:00-17:00,0,0,1
วังแดง,พิษณุโลก,5,17:00-19:00,0,0,1
วังแดง,พิษณุโลก,7,07:00-09:00,0,0,1
วังแดง,พิษณุโลก,7,09:00-17:00,0,0,1
วังแดง,พิษณุโลก,7,17:00-19:00,0,0,1
วังแดง,พิษณุโลก,11,07:00-09:00,0,1,0
วังแดง,พิษณุโลก,11,09:00-16:00,0,1,0
วังแดง,พิษณุโลก,11,16:00-19:00,0,1,0
วังแดง,พิษณุโลก,12,07:00-09:00,1,1,0
วังแดง,พิษณุโลก,12,09:00-16:00,1,1,0
วังแดง,พิษณุโลก,12,16:00-19:00,1,1,0
วังแดง,ราชสีมา,7,07:00-09:00,0,0,1
วังแดง,ราชสีมา,7,09:00-17:00,0,0,1
วังแดง,ราชสีมา,7,17:00-19:00,0,0,1
วังแดง,ราชสีมา,11,07:00-09:00,0,1,0
วังแดง,ราชสีมา,11,09:00-16:00,0,1,0
วังแดง,ราชสีมา,11,16:00-19:00,0,1,0
วังแดง,ราชสีมา,12,07:00-09:00,1,1,0
วังแดง,ราชสีมา,12,09:00-16:00,1,1,0
วังแดง,ราชสีมา,12,16:00-19:00,1,1,0
วัชดาภิเษก32-รัชดาภิเษก36,ซอยรัชดาภิเษก32แยก3แยก19,7,07:00-09:00,1,0,0
วัชดาภิเษก32-รัชดาภิเษก36,ซอยรัชดาภิเษก32แยก3แยก19,7,09:00-16:00,1,0,0
วัชดาภิเษก32-รัชดาภิเษก36,ซอยรัชดาภิเษก32แยก3แยก19,7,16:00-19:00,1,0,0
วัชดาภิเษก32-รัชดาภิเษก36,ซอยรัชดาภิเษก36,7,07:00-09:00,1,0,0
วัชดาภิเษก32-รัชดาภิเษก36,ซอยรัชดาภิเษก36,7,09:00-16:00,1,0,0
วัชดาภิเษก32-รัชดาภิเษก36,ซอยรัชดาภิเษก36,7,16:00-19:00,1,0,0
วัชรพล-รามอินทรา65,รามอินทรา65,1,07:00-09:00,0,0,1
วัชรพล-รามอินทรา65,รามอินทรา65,1,09:00-17:00,0,0,1
วัชรพล-รามอินทรา65,รามอินทรา65,1,17:00-19:00,0,0,1
วัชรพล-รามอินทรา65,รามอินทรา65,12,07:00-09:00,1,0,0
วัชรพล-รามอินทรา65,รามอินทรา65,12,09:00-16:00,1,0,0
วัชรพล-รามอินทรา65,รามอินทรา65,12,16:00-19:00,1,0,0
วัชรพล-รามอินทรา65,วัชรพล,12,07:00-09:00,1,0,0
วัชรพล-รามอินทรา65,วัชรพล,12,09:00-16:00,1,0,0
วัชรพล-รามอินทรา65,วัชรพล,12,16:00-19:00,1,0,0
วัชรพล-รามอินทรา65,วัชรพล(EB),1,07:00-09:00,0,0,1
วัชรพล-รามอินทรา65,วัชรพล(EB),1,09:00-17:00,0,0,1
วัชรพล-รามอินทรา65,วัชรพล(EB),1,17:00-19:00,0,0,1
วัชรพล-รามอินทรา65,วัชรพล(SB),1,07:00-09:00,0,0,1
วัชรพล-รามอินทรา65,วัชรพล(SB),1,09:00-17:00,0,0,1
วัชรพล-รามอินทรา65,วัชรพล(SB),1,17:00-19:00,0,0,1
วัชรพล-วัดศิริพงษ์,วัชรพล,10,07:00-09:00,0,0,1
วัชรพล-วัดศิริพงษ์,วัชรพล,10,09:00-17:00,0,0,1
วัชรพล-วัดศิริพงษ์,วัชรพล,10,17:00-19:00,0,0,1
วัชรพล-วัดศิริพงษ์,วัดศิริพงษ์,10,07:00-09:00,0,0,1
วัชรพล-วัดศิริพงษ์,วัดศิริพงษ์,10,09:00-17:00,0,0,1
วัชรพล-วัดศิริพงษ์,วัดศิริพงษ์,10,17:00-19:00,0,0,1
วัดดวงแข,จารุเมือง,2,07:00-09:00,0,0,1
วัดดวงแข,จารุเมือง,2,09:00-16:00,0,0,1
วัดดวงแข,จารุเมือง,2,16:00-19:00,0,0,1
วัดดวงแข,จารุเมือง,8,07:00-09:00,0,1,0
วัดดวงแข,จารุเมือง,8,09:00-16:00,0,1,0
วัดดวงแข,จารุเมือง,8,16:00-19:00,0,1,0
วัดดวงแข,จารุเมือง,12,07:00-09:00,1,0,0
วัดดวงแข,จารุเมือง,12,09:00-16:00,1,0,0
วัดดวงแข,จารุเมือง,12,16:00-19:00,1,0,0
วัดดวงแข,เจริญนคร,2,07:00-09:00,0,0,1
วัดดวงแข,เจริญนคร,2,09:00-16:00,0,0,1
วัดดวงแข,เจริญนคร,2,16:00-19:00,0,0,1
วัดดวงแข,เจริญเมือง,2,07:00-09:00,0,0,1
วัดดวงแข,เจริญเมือง,2,09:00-16:00,0,0,1
วัดดวงแข,เจริญเมือง,2,16:00-19:00,0,0,1
วัดดวงแข,เจริญเมือง,8,07:00-09:00,0,1,0
วัดดวงแข,เจริญเมือง,8,09:00-16:00,0,1,0
วัดดวงแข,เจริญเมือง,8,16:00-19:00,0,1,0
วัดดวงแข,เจริญเมือง,12,07:00-09:00,1,0,0
วัดดวงแข,เจริญเมือง,12,09:00-16:00,1,0,0
วัดดวงแข,เจริญเมือง,12,16:00-19:00,1,0,0
วัดตึก,จักรวรรดิ,2,07:00-09:00,0,1,0
วัดตึก,จักรวรรดิ,2,09:00-16:00,0,1,0
วัดตึก,จักรวรรดิ,2,16:00-19:00,0,1,0
วัดตึก,จักรวรรดิ,10,07:00-09:00,0,1,0
วัดตึก,จักรวรรดิ,10,09:00-16:00,0,1,0
วัดตึก,จักรวรรดิ,10,16:00-19:00,0,1,0
วัดตึก,จักรวรรดิ์,4,07:00-09:00,1,0,0
วัดตึก,จักรวรรดิ์,4,09:00-16:00,1,0,0
วัดตึก,จักรวรรดิ์,4,16:00-19:00,1,0,0
วัดตึก,เยาวราช,2,07:00-09:00,0,1,0
วัดตึก,เยาวราช,2,09:00-16:00,0,1,0
วัดตึก,เยาวราช,2,16:00-19:00,0,1,0
วัดตึก,เยาวราช,4,07:00-09:00,1,0,0
วัดตึก,เยาวราช,4,09:00-16:00,1,0,0
วัดตึก,เยาวราช,4,16:00-19:00,1,0,0
วัดตึก,เยาวราช,10,07:00-09:00,0,1,0
วัดตึก,เยาวราช,10,09:00-16:00,0,1,0
วัดตึก,เยาวราช,10,16:00-19:00,0,1,0
วัดนาคปรก,รัชมงคลประสาธน์,9,07:00-09:00,0,0,1
วัดนาคปรก,รัชมงคลประสาธน์,9,09:00-17:00,0,0,1
วัดนาคปรก,รัชมงคลประสาธน์,9,17:00-19:00,0,0,1
วัดนาคปรก,เทอดไท,9,07:00-09:00,0,0,1
วัดนาคปรก,เทอดไท,9,09:00-17:00,0,0,1
วัดนาคปรก,เทอดไท,9,17:00-19:00,0,0,1
วัดประชา,ชิดลม,9,07:00-09:00,0,1,0
วัดประชา,ชิดลม,9,09:00-16:00,0,1,0
วัดประชา,ชิดลม,9,16:00-19:00,0,1,0
วัดประชา,ซอยระนอง1,4,07:00-09:00,1,0,0
วัดประชา,ซอยระนอง1,4,09:00-16:00,1,0,0
วัดประชา,ซอยระนอง1,4,16:00-19:00,1,0,0
วัดประชา,ซอยระนอง1,9,07:00-09:00,0,1,0
วัดประชา,ซอยระนอง1,9,09:00-16:00,0,1,0
วัดประชา,ซอยระนอง1,9,16:00-19:00,0,1,0
วัดประชา,ซอยระนอง1,12,07:00-09:00,1,0,0
วัดประชา,ซอยระนอง1,12,09:00-16:00,1,0,0
วัดประชา,ซอยระนอง1,12,16:00-19:00,1,0,0
วัดประชา,ซอยวัดประชา,9,07:00-09:00,0,1,0
วัดประชา,ซอยวัดประชา,9,09:00-16:00,0,1,0
วัดประชา,ซอยวัดประชา,9,16:00-19:00,0,1,0
วัดประชา,ซอยวัดประชาระบือธรรม,12,07:00-09:00,1,0,0
วัดประชา,ซอยวัดประชาระบือธรรม,12,09:00-16:00,1,0,0
วัดประชา,ซอยวัดประชาระบือธรรม,12,16:00-19:00,1,0,0
วัดประชา,พระรามที่5,4,07:00-09:00,1,0,0
วัดประชา,พระรามที่5,4,09:00-16:00,1,0,0
วัดประชา,พระรามที่5,4,16:00-19:00,1,0,0
วัดประชา,พระรามที่5,9,07:00-09:00,0,1,0
วัดประชา,พระรามที่5,9,09:00-16:00,0,1,0
วัดประชา,พระรามที่5,9,16:00-19:00,0,1,0
วัดประชา,พระรามที่5,11,07:00-09:00,0,0,1
วัดประชา,พระรามที่5,11,09:00-17:00,0,0,1
วัดประชา,พระรามที่5,11,17:00-19:00,0,0,1
วัดประชา,พระรามที่5,12,07:00-09:00,1,0,0
วัดประชา,พระรามที่5,12,09:00-16:00,1,0,0
วัดประชา,พระรามที่5,12,16:00-19:00,1,0,0
วัดประชา,ระนอง1,11,07:00-09:00,0,0,1
วัดประชา,ระนอง1,11,09:00-17:00,0,0,1
วัดประชา,ระนอง1,11,17:00-19:00,0,0,1
วัดประชา,วัดประชาระบือธรรม,4,07:00-09:00,1,0,0
วัดประชา,วัดประชาระบือธรรม,4,09:00-16:00,1,0,0
วัดประชา,วัดประชาระบือธรรม,4,16:00-19:00,1,0,0
วัดประชา,วัดประชาระบือธรรม,11,07:00-09:00,0,0,1
วัดประชา,วัดประชาระบือธรรม,11,09:00-17:00,0,0,1
วัดประชา,วัดประชาระบือธรรม,11,17:00-19:00,0,0,1
วัดประชา,เพลินจิต,9,07:00-09:00,0,1,0
วัดประชา,เพลินจิต,9,09:00-16:00,0,1,0
วัดประชา,เพลินจิต,9,16:00-19:00,0,1,0
วัดพระยายัง,พระรามที่6,8,07:00-09:00,0,1,0
วัดพระยายัง,พระรามที่6,8,09:00-16:00,0,1,0
วัดพระยายัง,พระรามที่6,8,16:00-19:00,0,1,0
วัดพลมานีย์,ประชาพัฒนา,4,07:00-09:00,0,0,1
วัดพลมานีย์,ประชาพัฒนา,4,09:00-17:00,0,0,1
วัดพลมานีย์,ประชาพัฒนา,4,17:00-19:00,0,0,1
วัดพลมานีย์,หลวงแพ่ง,4,07:00-09:00,0,0,1
วัดพลมานีย์,หลวงแพ่ง,4,09:00-17:00,0,0,1
วัดพลมานีย์,หลวงแพ่ง,4,17:00-19:00,0,0,1
วัดมะกอก,ฉิมพลี,4,07:00-09:00,0,0,1
วัดมะกอก,ฉิมพลี,4,09:00-17:00,0,0,1
วัดมะกอก,ฉิมพลี,4,17:00-19:00,0,0,1
วัดมะกอก,บรมราชชนนี,4,07:00-09:00,0,0,1
วัดมะกอก,บรมราชชนนี,4,09:00-17:00,0,0,1
วัดมะกอก,บรมราชชนนี,4,17:00-19:00,0,0,1
วัดราชโกษา,ขุมทองลำต้อยติ่ง,1,07:00-09:00,0,0,1
วัดราชโกษา,ขุมทองลำต้อยติ่ง,1,09:00-17:00,0,0,1
วัดราชโกษา,ขุมทองลำต้อยติ่ง,1,17:00-19:00,0,0,1
วัดราชโกษา,ทางเข้าตลาดเทิดไท,1,07:00-09:00,0,0,1
วัดราชโกษา,ทางเข้าตลาดเทิดไท,1,09:00-17:00,0,0,1
วัดราชโกษา,ทางเข้าตลาดเทิดไท,1,17:00-19:00,0,0,1
วัดราชโกษา,หลวงแพ่ง,1,07:00-09:00,0,0,1
วัดราชโกษา,หลวงแพ่ง,1,09:00-17:00,0,0,1
วัดราชโกษา,หลวงแพ่ง,1,17:00-19:00,0,0,1
วัดสน,ซอยสุขสวัสดิ35,11,07:00-09:00,1,0,0
วัดสน,ซอยสุขสวัสดิ35,11,09:00-16:00,1,0,0
วัดสน,ซอยสุขสวัสดิ35,11,16:00-19:00,1,0,0
วัดสน,ซอยสุขสวัสดิ์35,2,07:00-09:00,0,1,0
วัดสน,ซอยสุขสวัสดิ์35,2,09:00-16:00,0,1,0
วัดสน,ซอยสุขสวัสดิ์35,2,16:00-19:00,0,1,0
วัดสน,ซอยสุขสวัสดิ์35,3,07:00-09:00,1,0,0
วัดสน,ซอยสุขสวัสดิ์35,3,09:00-16:00,1,0,0
วัดสน,ซอยสุขสวัสดิ์35,3,16:00-19:00,1,0,0
วัดสน,ซอยสุขสวัสดิ์35,10,07:00-09:00,1,0,0
วัดสน,ซอยสุขสวัสดิ์35,10,09:00-16:00,1,0,0
วัดสน,ซอยสุขสวัสดิ์35,10,16:00-19:00,1,0,0
วัดสน,สุขสวัสดิ์,2,07:00-09:00,0,1,1
วัดสน,สุขสวัสดิ์,2,09:00-16:00,0,1,0
วัดสน,สุขสวัสดิ์,2,09:00-17:00,0,0,1
วัดสน,สุขสวัสดิ์,2,16:00-19:00,0,1,0
วัดสน,สุขสวัสดิ์,2,17:00-19:00,0,0,1
วัดสน,สุขสวัสดิ์,3,07:00-09:00,1,0,0
วัดสน,สุขสวัสดิ์,3,09:00-16:00,1,0,0
วัดสน,สุขสวัสดิ์,3,16:00-19:00,1,0,0
วัดสน,สุขสวัสดิ์,6,07:00-09:00,0,0,1
วัดสน,สุขสวัสดิ์,6,09:00-16:00,0,0,1
วัดสน,สุขสวัสดิ์,6,16:00-19:00,0,0,1
วัดสน,สุขสวัสดิ์,9,07:00-09:00,0,0,1
วัดสน,สุขสวัสดิ์,9,09:00-17:00,0,0,1
วัดสน,สุขสวัสดิ์,9,17:00-19:00,0,0,1
วัดสน,สุขสวัสดิ์,10,07:00-09:00,1,0,0
วัดสน,สุขสวัสดิ์,10,09:00-16:00,1,0,0
วัดสน,สุขสวัสดิ์,10,16:00-19:00,1,0,0
วัดสน,สุขสวัสดิ์,11,07:00-09:00,1,0,0
วัดสน,สุขสวัสดิ์,11,09:00-16:00,1,0,0
วัดสน,สุขสวัสดิ์,11,16:00-19:00,1,0,0
วัดสน,สุขสวัสดิ์35,2,07:00-09:00,0,0,1
วัดสน,สุขสวัสดิ์35,2,09:00-17:00,0,0,1
วัดสน,สุขสวัสดิ์35,2,17:00-19:00,0,0,1
วัดสน,สุขสวัสดิ์35,6,07:00-09:00,0,0,1
วัดสน,สุขสวัสดิ์35,6,09:00-16:00,0,0,1
วัดสน,สุขสวัสดิ์35,6,16:00-19:00,0,0,1
วัดสน,สุขสวัสดิ์35,9,07:00-09:00,0,0,1
วัดสน,สุขสวัสดิ์35,9,09:00-17:00,0,0,1
วัดสน,สุขสวัสดิ์35,9,17:00-19:00,0,0,1
วัดสมียนนารี,กำแพงเพชร6,10,07:00-09:00,1,0,0
วัดสมียนนารี,กำแพงเพชร6,10,09:00-16:00,1,0,0
วัดสมียนนารี,กำแพงเพชร6,10,16:00-19:00,1,0,0
วัดสมียนนารี,ประชานิเวศน์,10,07:00-09:00,1,0,0
วัดสมียนนารี,ประชานิเวศน์,10,09:00-16:00,1,0,0
วัดสมียนนารี,ประชานิเวศน์,10,16:00-19:00,1,0,0
วัดสะพานสูง,พระรามที่6,9,07:00-09:00,0,0,1
วัดสะพานสูง,พระรามที่6,9,09:00-17:00,0,0,1
วัดสะพานสูง,พระรามที่6,9,17:00-19:00,0,0,1
วัดสะพานสูง,พระรามที่6,10,07:00-09:00,1,0,0
วัดสะพานสูง,พระรามที่6,10,09:00-16:00,1,0,0
วัดสะพานสูง,พระรามที่6,10,16:00-19:00,1,0,0
วัดสะพานสูง,พระรามที่6,11,07:00-09:00,1,1,0
วัดสะพานสูง,พระรามที่6,11,09:00-16:00,1,1,0
วัดสะพานสูง,พระรามที่6,11,16:00-19:00,1,1,0
วัดสะพานสูง,เตชะวณิช,9,07:00-09:00,0,0,1
วัดสะพานสูง,เตชะวณิช,9,09:00-17:00,0,0,1
วัดสะพานสูง,เตชะวณิช,9,17:00-19:00,0,0,1
วัดสะพานสูง,เตชะวณิช,10,07:00-09:00,1,0,0
วัดสะพานสูง,เตชะวณิช,10,09:00-16:00,1,0,0
วัดสะพานสูง,เตชะวณิช,10,16:00-19:00,1,0,0
วัดสะพานสูง,เตชะวณิช,11,07:00-09:00,1,1,0
วัดสะพานสูง,เตชะวณิช,11,09:00-16:00,1,1,0
วัดสะพานสูง,เตชะวณิช,11,16:00-19:00,1,1,0
วัดสิงห์,ซอยเอกชัย36,10,07:00-09:00,1,0,0
วัดสิงห์,ซอยเอกชัย36,10,09:00-16:00,1,0,0
วัดสิงห์,ซอยเอกชัย36,10,16:00-19:00,1,0,0
วัดสิงห์,ซอยเอกชัย36,11,07:00-09:00,1,0,0
วัดสิงห์,ซอยเอกชัย36,11,09:00-16:00,1,0,0
วัดสิงห์,ซอยเอกชัย36,11,16:00-19:00,1,0,0
วัดสิงห์,เอกชัย,3,07:00-09:00,0,0,1
วัดสิงห์,เอกชัย,3,09:00-17:00,0,0,1
วัดสิงห์,เอกชัย,3,17:00-19:00,0,0,1
วัดสิงห์,เอกชัย,5,07:00-09:00,0,0,1
วัดสิงห์,เอกชัย,5,09:00-16:00,0,0,1
วัดสิงห์,เอกชัย,5,16:00-19:00,0,0,1
วัดสิงห์,เอกชัย,10,07:00-09:00,1,0,1
วัดสิงห์,เอกชัย,10,09:00-16:00,1,0,0
วัดสิงห์,เอกชัย,10,09:00-17:00,0,0,1
วัดสิงห์,เอกชัย,10,16:00-19:00,1,0,0
วัดสิงห์,เอกชัย,10,17:00-19:00,0,0,1
วัดสิงห์,เอกชัย,11,07:00-09:00,1,0,0
วัดสิงห์,เอกชัย,11,09:00-16:00,1,0,0
วัดสิงห์,เอกชัย,11,16:00-19:00,1,0,0
วัดสิงห์,เอกชัย36,3,07:00-09:00,0,0,1
วัดสิงห์,เอกชัย36,3,09:00-17:00,0,0,1
วัดสิงห์,เอกชัย36,3,17:00-19:00,0,0,1
วัดสิงห์,เอกชัย36,5,07:00-09:00,0,0,1
วัดสิงห์,เอกชัย36,5,09:00-16:00,0,0,1
วัดสิงห์,เอกชัย36,5,16:00-19:00,0,0,1
วัดหนองใหญ่,ซอยสายไหม85,3,07:00-09:00,1,0,0
วัดหนองใหญ่,ซอยสายไหม85,3,09:00-16:00,1,0,0
วัดหนองใหญ่,ซอยสายไหม85,3,16:00-19:00,1,0,0
วัดหนองใหญ่,สายไหม,3,07:00-09:00,1,0,0
วัดหนองใหญ่,สายไหม,3,09:00-16:00,1,0,0
วัดหนองใหญ่,สายไหม,3,16:00-19:00,1,0,0
วัดหนองใหญ่,สุชาภิบาล5,3,07:00-09:00,1,0,0
วัดหนองใหญ่,สุชาภิบาล5,3,09:00-16:00,1,0,0
วัดหนองใหญ่,สุชาภิบาล5,3,16:00-19:00,1,0,0
วัดหนองใหญ่,หทัยราษฎร์,3,07:00-09:00,1,0,0
วัดหนองใหญ่,หทัยราษฎร์,3,09:00-16:00,1,0,0
วัดหนองใหญ่,หทัยราษฎร์,3,16:00-19:00,1,0,0
วัดหลักสี่,กำแพงเพชร6,2,07:00-09:00,0,0,1
วัดหลักสี่,กำแพงเพชร6,2,09:00-17:00,0,0,1
วัดหลักสี่,กำแพงเพชร6,2,17:00-19:00,0,0,1
วัดหลักสี่,กำแพงเพชร6,9,07:00-09:00,0,1,0
วัดหลักสี่,กำแพงเพชร6,9,09:00-16:00,0,1,0
วัดหลักสี่,กำแพงเพชร6,9,16:00-19:00,0,1,0
วัดหลักสี่,ทางข้ามทางรถไฟสายเหนือ,2,07:00-09:00,0,0,1
วัดหลักสี่,ทางข้ามทางรถไฟสายเหนือ,2,09:00-17:00,0,0,1
วัดหลักสี่,ทางข้ามทางรถไฟสายเหนือ,2,17:00-19:00,0,0,1
วัดหลักสี่,วิภาวดีรังสิต,9,07:00-09:00,0,1,0
วัดหลักสี่,วิภาวดีรังสิต,9,09:00-16:00,0,1,0
วัดหลักสี่,วิภาวดีรังสิต,9,16:00-19:00,0,1,0
วัดเทพลีลา,ซอยรามคำแหง39,5,07:00-09:00,0,1,0
วัดเทพลีลา,ซอยรามคำแหง39,5,09:00-16:00,0,1,0
วัดเทพลีลา,ซอยรามคำแหง39,5,16:00-19:00,0,1,0
วัดเทพลีลา,ซอยรามคำแหง39,8,07:00-09:00,1,0,0
วัดเทพลีลา,ซอยรามคำแหง39,8,09:00-16:00,1,0,0
วัดเทพลีลา,ซอยรามคำแหง39,8,16:00-19:00,1,0,0
วัดเทพลีลา,รามคำแหง,1,07:00-09:00,0,0,1
วัดเทพลีลา,รามคำแหง,1,09:00-17:00,0,0,1
วัดเทพลีลา,รามคำแหง,1,17:00-19:00,0,0,1
วัดเทพลีลา,รามคำแหง,2,07:00-09:00,0,0,1
วัดเทพลีลา,รามคำแหง,2,09:00-16:00,0,0,1
วัดเทพลีลา,รามคำแหง,2,16:00-19:00,0,0,1
วัดเทพลีลา,รามคำแหง,5,07:00-09:00,0,1,0
วัดเทพลีลา,รามคำแหง,5,09:00-16:00,0,1,0
วัดเทพลีลา,รามคำแหง,5,16:00-19:00,0,1,0
วัดเทพลีลา,รามคำแหง,8,07:00-09:00,1,0,0
วัดเทพลีลา,รามคำแหง,8,09:00-16:00,1,0,0
วัดเทพลีลา,รามคำแหง,8,16:00-19:00,1,0,0
วัดเทพลีลา,รามคำแหง39,1,07:00-09:00,0,0,1
วัดเทพลีลา,รามคำแหง39,1,09:00-17:00,0,0,1
วัดเทพลีลา,รามคำแหง39,1,17:00-19:00,0,0,1
วัดเทพลีลา,รามคำแหง39,2,07:00-09:00,0,0,1
วัดเทพลีลา,รามคำแหง39,2,09:00-16:00,0,0,1
วัดเทพลีลา,รามคำแหง39,2,16:00-19:00,0,0,1
วัดเบญจฯ,พระรามที่5,1,07:00-09:00,0,0,1
วัดเบญจฯ,พระรามที่5,1,09:00-17:00,0,0,1
วัดเบญจฯ,พระรามที่5,1,17:00-19:00,0,0,1
วัดเบญจฯ,ศรีอยุธยา,1,07:00-09:00,0,0,1
วัดเบญจฯ,ศรีอยุธยา,1,09:00-17:00,0,0,1
วัดเบญจฯ,ศรีอยุธยา,1,17:00-19:00,0,0,1
วัดเบญฯ,พระรามที่5,10,07:00-09:00,0,0,1
วัดเบญฯ,พระรามที่5,10,09:00-16:00,0,0,1
วัดเบญฯ,พระรามที่5,10,16:00-19:00,0,0,1
วัดเบญฯ,พระรามที่5,11,07:00-09:00,1,0,0
วัดเบญฯ,พระรามที่5,11,09:00-16:00,1,0,0
วัดเบญฯ,พระรามที่5,11,16:00-19:00,1,0,0
วัดเบญฯ,ศรีอยุธยา,10,07:00-09:00,0,0,1
วัดเบญฯ,ศรีอยุธยา,10,09:00-16:00,0,0,1
วัดเบญฯ,ศรีอยุธยา,10,16:00-19:00,0,0,1
วัดเบญฯ,ศรีอยุธยา,11,07:00-09:00,1,0,0
วัดเบญฯ,ศรีอยุธยา,11,09:00-16:00,1,0,0
วัดเบญฯ,ศรีอยุธยา,11,16:00-19:00,1,0,0
วัดเสมียนนารี,กำแพงเพชร6,4,07:00-09:00,0,0,1
วัดเสมียนนารี,กำแพงเพชร6,4,09:00-16:00,0,0,1
วัดเสมียนนารี,กำแพงเพชร6,4,16:00-19:00,0,0,1
วัดเสมียนนารี,กำแพงเพชร6,10,07:00-09:00,0,1,0
วัดเสมียนนารี,กำแพงเพชร6,10,09:00-16:00,0,1,0
วัดเสมียนนารี,กำแพงเพชร6,10,16:00-19:00,0,1,0
วัดเสมียนนารี,เทศบาลสงเคราะห์,4,07:00-09:00,0,0,1
วัดเสมียนนารี,เทศบาลสงเคราะห์,4,09:00-16:00,0,0,1
วัดเสมียนนารี,เทศบาลสงเคราะห์,4,16:00-19:00,0,0,1
วัดเสมียนนารี,เทศบาลสงเคราะห์,10,07:00-09:00,0,1,0
วัดเสมียนนารี,เทศบาลสงเคราะห์,10,09:00-16:00,0,1,0
วัดเสมียนนารี,เทศบาลสงเคราะห์,10,16:00-19:00,0,1,0
วัดไชยฉิมพลี,บางแวก,11,07:00-09:00,0,0,1
วัดไชยฉิมพลี,บางแวก,11,09:00-17:00,0,0,1
วัดไชยฉิมพลี,บางแวก,11,17:00-19:00,0,0,1
วัดไชยฉิมพลี,เพชรเกษม48,11,07:00-09:00,0,0,1
วัดไชยฉิมพลี,เพชรเกษม48,11,09:00-17:00,0,0,1
วัดไชยฉิมพลี,เพชรเกษม48,11,17:00-19:00,0,0,1
วิชระ,สามเสน,8,07:00-09:00,0,1,0
วิชระ,สามเสน,8,09:00-16:00,0,1,0
วิชระ,สามเสน,8,16:00-19:00,0,1,0
วิชระ,สามเสน,9,07:00-09:00,0,1,0
วิชระ,สามเสน,9,09:00-16:00,0,1,0
วิชระ,สามเสน,9,16:00-19:00,0,1,0
วิชระ,สุโขทัย,8,07:00-09:00,0,1,0
วิชระ,สุโขทัย,8,09:00-16:00,0,1,0
วิชระ,สุโขทัย,8,16:00-19:00,0,1,0
วิชระ,สุโขทัย,9,07:00-09:00,0,1,0
วิชระ,สุโขทัย,9,09:00-16:00,0,1,0
วิชระ,สุโขทัย,9,16:00-19:00,0,1,0
วิชัยยุทธ,ซอยเศรษฐศิริ,3,07:00-09:00,0,1,0
วิชัยยุทธ,ซอยเศรษฐศิริ,3,09:00-16:00,0,1,0
วิชัยยุทธ,ซอยเศรษฐศิริ,3,16:00-19:00,0,1,0
วิชัยยุทธ,ทางขึ้นลงทางด่วน,3,07:00-09:00,0,1,0
วิชัยยุทธ,ทางขึ้นลงทางด่วน,3,09:00-16:00,0,1,0
วิชัยยุทธ,ทางขึ้นลงทางด่วน,3,16:00-19:00,0,1,0
วิชัยยุทธ,พระรามที่6,3,07:00-09:00,1,1,0
วิชัยยุทธ,พระรามที่6,3,09:00-16:00,1,1,0
วิชัยยุทธ,พระรามที่6,3,16:00-19:00,1,1,0
วิชัยยุทธ,เศรษฐศิริ,3,07:00-09:00,1,0,0
วิชัยยุทธ,เศรษฐศิริ,3,09:00-16:00,1,0,0
วิชัยยุทธ,เศรษฐศิริ,3,16:00-19:00,1,0,0
วิชัยยุทธ2,ซอยเศรษฐศิริ2,3,07:00-09:00,0,1,0
วิชัยยุทธ2,ซอยเศรษฐศิริ2,3,09:00-16:00,0,1,0
วิชัยยุทธ2,ซอยเศรษฐศิริ2,3,16:00-19:00,0,1,0
วิชัยยุทธ2,พระรามที่6,3,07:00-09:00,0,1,0
วิชัยยุทธ2,พระรามที่6,3,09:00-16:00,0,1,0
วิชัยยุทธ2,พระรามที่6,3,16:00-19:00,0,1,0
วิทยุ,พระรามที่4,2,07:00-09:00,1,0,0
วิทยุ,พระรามที่4,2,09:00-16:00,1,0,0
วิทยุ,พระรามที่4,2,16:00-19:00,1,0,0
วิทยุ,พระรามที่4,6,06:30-09:00,1,0,0
วิทยุ,พระรามที่4,6,07:00-09:00,0,0,1
วิทยุ,พระรามที่4,6,09:00-16:00,1,0,0
วิทยุ,พระรามที่4,6,09:00-17:00,0,0,1
วิทยุ,พระรามที่4,6,16:00-19:30,1,0,0
วิทยุ,พระรามที่4,6,17:00-19:00,0,0,1
วิทยุ,พระรามที่4,7,07:00-09:00,0,0,1
วิทยุ,พระรามที่4,7,09:00-16:00,0,0,1
วิทยุ,พระรามที่4,7,16:00-19:00,0,0,1
วิทยุ,พระรามที่4,11,07:00-09:00,0,1,0
วิทยุ,พระรามที่4,11,09:00-16:00,0,1,0
วิทยุ,พระรามที่4,11,16:00-19:00,0,1,0
วิทยุ,วิทยุ,2,07:00-09:00,1,0,0
วิทยุ,วิทยุ,2,09:00-16:00,1,0,0
วิทยุ,วิทยุ,2,16:00-19:00,1,0,0
วิทยุ,วิทยุ,6,06:30-09:00,1,0,0
วิทยุ,วิทยุ,6,07:00-09:00,0,0,1
วิทยุ,วิทยุ,6,09:00-16:00,1,0,0
วิทยุ,วิทยุ,6,09:00-17:00,0,0,1
วิทยุ,วิทยุ,6,16:00-19:30,1,0,0
วิทยุ,วิทยุ,6,17:00-19:00,0,0,1
วิทยุ,วิทยุ,7,07:00-09:00,0,0,1
วิทยุ,วิทยุ,7,09:00-16:00,0,0,1
วิทยุ,วิทยุ,7,16:00-19:00,0,0,1
วิทยุ,วิทยุ,11,07:00-09:00,0,1,0
วิทยุ,วิทยุ,11,09:00-16:00,0,1,0
วิทยุ,วิทยุ,11,16:00-19:00,0,1,0
วิทยุ,สาทร,2,07:00-09:00,1,0,0
วิทยุ,สาทร,2,09:00-16:00,1,0,0
วิทยุ,สาทร,2,16:00-19:00,1,0,0
วิทยุ,สาทร,6,06:30-09:00,1,0,0
วิทยุ,สาทร,6,07:00-09:00,0,0,1
วิทยุ,สาทร,6,09:00-16:00,1,0,0
วิทยุ,สาทร,6,09:00-17:00,0,0,1
วิทยุ,สาทร,6,16:00-19:30,1,0,0
วิทยุ,สาทร,6,17:00-19:00,0,0,1
วิทยุ,สาทร,7,07:00-09:00,0,0,1
วิทยุ,สาทร,7,09:00-16:00,0,0,1
วิทยุ,สาทร,7,16:00-19:00,0,0,1
วิทยุ,สาทร,11,07:00-09:00,0,1,0
วิทยุ,สาทร,11,09:00-16:00,0,1,0
วิทยุ,สาทร,11,16:00-19:00,0,1,0
วิทยุ-เพชร,ซอยเพชรบุรี37-ทางลงทางด่วน,2,07:00-09:00,0,1,0
วิทยุ-เพชร,ซอยเพชรบุรี37-ทางลงทางด่วน,2,09:00-16:00,0,1,0
วิทยุ-เพชร,ซอยเพชรบุรี37-ทางลงทางด่วน,2,16:00-19:00,0,1,0
วิทยุ-เพชร,ซอย์เพชรบุรี37,1,07:00-09:00,1,0,0
วิทยุ-เพชร,ซอย์เพชรบุรี37,1,09:00-16:00,1,0,0
วิทยุ-เพชร,ซอย์เพชรบุรี37,1,16:00-19:00,1,0,0
วิทยุ-เพชร,วิทยุ-ทางขึ้นลงทางด่วน,1,07:00-09:00,1,0,0
วิทยุ-เพชร,วิทยุ-ทางขึ้นลงทางด่วน,1,09:00-16:00,1,0,0
วิทยุ-เพชร,วิทยุ-ทางขึ้นลงทางด่วน,1,16:00-19:00,1,0,0
วิทยุ-เพชร,วิทยุ-ทางขึ้นลงทางด่วน,2,07:00-09:00,0,1,0
วิทยุ-เพชร,วิทยุ-ทางขึ้นลงทางด่วน,2,09:00-16:00,0,1,0
วิทยุ-เพชร,วิทยุ-ทางขึ้นลงทางด่วน,2,16:00-19:00,0,1,0
วิทยุ-เพชร,วิทยุ-ทางขึ้นลงทางด่วน,7,07:00-09:00,0,0,1
วิทยุ-เพชร,วิทยุ-ทางขึ้นลงทางด่วน,7,09:00-17:00,0,0,1
วิทยุ-เพชร,วิทยุ-ทางขึ้นลงทางด่วน,7,17:00-19:00,0,0,1
วิทยุ-เพชร,วิทยุ-ทางขึ้นลงทางด่วน,8,07:00-09:00,0,0,2
วิทยุ-เพชร,วิทยุ-ทางขึ้นลงทางด่วน,8,09:00-17:00,0,0,2
วิทยุ-เพชร,วิทยุ-ทางขึ้นลงทางด่วน,8,17:00-19:00,0,0,2
วิทยุ-เพชร,เพชรบุรี,1,07:00-09:00,1,0,0
วิทยุ-เพชร,เพชรบุรี,1,09:00-16:00,1,0,0
วิทยุ-เพชร,เพชรบุรี,1,16:00-19:00,1,0,0
วิทยุ-เพชร,เพชรบุรี,2,07:00-09:00,0,1,0
วิทยุ-เพชร,เพชรบุรี,2,09:00-16:00,0,1,0
วิทยุ-เพชร,เพชรบุรี,2,16:00-19:00,0,1,0
วิทยุ-เพชร,เพชรบุรี,7,07:00-09:00,0,0,1
วิทยุ-เพชร,เพชรบุรี,7,09:00-17:00,0,0,1
วิทยุ-เพชร,เพชรบุรี,7,17:00-19:00,0,0,1
วิทยุ-เพชร,เพชรบุรี,8,07:00-09:00,0,0,2
วิทยุ-เพชร,เพชรบุรี,8,09:00-17:00,0,0,2
วิทยุ-เพชร,เพชรบุรี,8,17:00-19:00,0,0,2
วิทยุ-เพชร,เพชรบุรี37-ทางลงทางด่วน,7,07:00-09:00,0,0,1
วิทยุ-เพชร,เพชรบุรี37-ทางลงทางด่วน,7,09:00-17:00,0,0,1
วิทยุ-เพชร,เพชรบุรี37-ทางลงทางด่วน,7,17:00-19:00,0,0,1
วิทยุ-เพชร,เพชรบุรี37-ทางลงทางด่วน,8,07:00-09:00,0,0,2
วิทยุ-เพชร,เพชรบุรี37-ทางลงทางด่วน,8,09:00-17:00,0,0,2
วิทยุ-เพชร,เพชรบุรี37-ทางลงทางด่วน,8,17:00-19:00,0,0,2
วิภาวดี-มิตรไมตรี1,มิตรไมตรี1,1,06:30-09:00,5,0,0
วิภาวดี-มิตรไมตรี1,มิตรไมตรี1,1,09:00-16:00,5,0,0
วิภาวดี-มิตรไมตรี1,มิตรไมตรี1,1,16:00-19:30,5,0,0
วิภาวดี-มิตรไมตรี1,วิภาวดีรังสิต,1,06:30-09:00,5,0,0
วิภาวดี-มิตรไมตรี1,วิภาวดีรังสิต,1,09:00-16:00,5,0,0
วิภาวดี-มิตรไมตรี1,วิภาวดีรังสิต,1,16:00-19:30,5,0,0
วิภาวดี-มิตรไมตรี2,มิตรไมตรี2,1,06:30-09:00,4,0,0
วิภาวดี-มิตรไมตรี2,มิตรไมตรี2,1,09:00-16:00,4,0,0
วิภาวดี-มิตรไมตรี2,มิตรไมตรี2,1,16:00-19:30,4,0,0
วิภาวดี-มิตรไมตรี2,วิภาวดีรังสิต,1,06:30-09:00,4,0,0
วิภาวดี-มิตรไมตรี2,วิภาวดีรังสิต,1,09:00-16:00,4,0,0
วิภาวดี-มิตรไมตรี2,วิภาวดีรังสิต,1,16:00-19:30,4,0,0
วิภาวดีรังสิต32,ซอยวิภาวดี32,5,07:00-09:00,1,0,0
วิภาวดีรังสิต32,ซอยวิภาวดี32,5,09:00-16:00,1,0,0
วิภาวดีรังสิต32,ซอยวิภาวดี32,5,16:00-19:00,1,0,0
วิภาวดีรังสิต32,วิภาวดีรังสิต,5,07:00-09:00,1,0,0
วิภาวดีรังสิต32,วิภาวดีรังสิต,5,09:00-16:00,1,0,0
วิภาวดีรังสิต32,วิภาวดีรังสิต,5,16:00-19:00,1,0,0
วิสุทธิกษัตริย์,ประชาธิปไตย,4,07:00-09:00,0,1,0
วิสุทธิกษัตริย์,ประชาธิปไตย,4,09:00-16:00,0,1,0
วิสุทธิกษัตริย์,ประชาธิปไตย,4,16:00-19:00,0,1,0
วิสุทธิกษัตริย์,ประชาธิปไตย,6,07:00-09:00,1,0,0
วิสุทธิกษัตริย์,ประชาธิปไตย,6,09:00-16:00,1,0,0
วิสุทธิกษัตริย์,ประชาธิปไตย,6,16:00-19:00,1,0,0
วิสุทธิกษัตริย์,ประชาธิปไตย,7,07:00-09:00,0,0,1
วิสุทธิกษัตริย์,ประชาธิปไตย,7,09:00-17:00,0,0,1
วิสุทธิกษัตริย์,ประชาธิปไตย,7,17:00-19:00,0,0,1
วิสุทธิกษัตริย์,ประชาธิปไตย,8,07:00-09:00,0,1,0
วิสุทธิกษัตริย์,ประชาธิปไตย,8,09:00-16:00,0,1,0
วิสุทธิกษัตริย์,ประชาธิปไตย,8,16:00-19:00,0,1,0
วิสุทธิกษัตริย์,ประชาธิปไตย,10,07:00-09:00,0,0,1
วิสุทธิกษัตริย์,ประชาธิปไตย,10,09:00-17:00,0,0,1
วิสุทธิกษัตริย์,ประชาธิปไตย,10,17:00-19:00,0,0,1
วิสุทธิกษัตริย์,ประชาธิปไตย,11,07:00-09:00,1,0,0
วิสุทธิกษัตริย์,ประชาธิปไตย,11,09:00-16:00,1,0,0
วิสุทธิกษัตริย์,ประชาธิปไตย,11,16:00-19:00,1,0,0
วิสุทธิกษัตริย์,วิสุทธิกษัตริย์,4,07:00-09:00,0,1,0
วิสุทธิกษัตริย์,วิสุทธิกษัตริย์,4,09:00-16:00,0,1,0
วิสุทธิกษัตริย์,วิสุทธิกษัตริย์,4,16:00-19:00,0,1,0
วิสุทธิกษัตริย์,วิสุทธิกษัตริย์,6,07:00-09:00,1,0,0
วิสุทธิกษัตริย์,วิสุทธิกษัตริย์,6,09:00-16:00,1,0,0
วิสุทธิกษัตริย์,วิสุทธิกษัตริย์,6,16:00-19:00,1,0,0
วิสุทธิกษัตริย์,วิสุทธิกษัตริย์,7,07:00-09:00,0,0,1
วิสุทธิกษัตริย์,วิสุทธิกษัตริย์,7,09:00-17:00,0,0,1
วิสุทธิกษัตริย์,วิสุทธิกษัตริย์,7,17:00-19:00,0,0,1
วิสุทธิกษัตริย์,วิสุทธิกษัตริย์,8,07:00-09:00,0,1,0
วิสุทธิกษัตริย์,วิสุทธิกษัตริย์,8,09:00-16:00,0,1,0
วิสุทธิกษัตริย์,วิสุทธิกษัตริย์,8,16:00-19:00,0,1,0
วิสุทธิกษัตริย์,วิสุทธิกษัตริย์,10,07:00-09:00,0,0,1
วิสุทธิกษัตริย์,วิสุทธิกษัตริย์,10,09:00-17:00,0,0,1
วิสุทธิกษัตริย์,วิสุทธิกษัตริย์,10,17:00-19:00,0,0,1
วิสุทธิกษัตริย์,วิสุทธิกษัตริย์,11,07:00-09:00,1,0,0
วิสุทธิกษัตริย์,วิสุทธิกษัตริย์,11,09:00-16:00,1,0,0
วิสุทธิกษัตริย์,วิสุทธิกษัตริย์,11,16:00-19:00,1,0,0
วุฒากาศ,ซอยมะลิ,3,07:00-09:00,1,1,0
วุฒากาศ,ซอยมะลิ,3,09:00-16:00,1,1,0
วุฒากาศ,ซอยมะลิ,3,16:00-19:00,1,1,0
วุฒากาศ,ซอยมะลิ,5,07:00-09:00,0,0,1
วุฒากาศ,ซอยมะลิ,5,09:00-17:00,0,0,1
วุฒากาศ,ซอยมะลิ,5,17:00-19:00,0,0,1
วุฒากาศ,วุฒากาศ,3,07:00-09:00,1,1,0
วุฒากาศ,วุฒากาศ,3,09:00-16:00,1,1,0
วุฒากาศ,วุฒากาศ,3,16:00-19:00,1,1,0
วุฒากาศ,วุฒากาศ,5,07:00-09:00,0,0,1
วุฒากาศ,วุฒากาศ,5,09:00-17:00,0,0,1
วุฒากาศ,วุฒากาศ,5,17:00-19:00,0,0,1
วุฒากาศ,วุฒากาศ,11,07:00-09:00,0,0,1
วุฒากาศ,วุฒากาศ,11,09:00-17:00,0,0,1
วุฒากาศ,วุฒากาศ,11,17:00-19:00,0,0,1
วุฒากาศ,เทอดไท,3,07:00-09:00,1,1,0
วุฒากาศ,เทอดไท,3,09:00-16:00,1,1,0
วุฒากาศ,เทอดไท,3,16:00-19:00,1,1,0
วุฒากาศ,เทอดไท,5,07:00-09:00,0,0,1
วุฒากาศ,เทอดไท,5,09:00-17:00,0,0,1
วุฒากาศ,เทอดไท,5,17:00-19:00,0,0,1
วุฒากาศ,เทอดไท,11,07:00-09:00,0,0,1
วุฒากาศ,เทอดไท,11,09:00-17:00,0,0,1
วุฒากาศ,เทอดไท,11,17:00-19:00,0,0,1
วุฒากาศ,เทอดไท26,11,07:00-09:00,0,0,1
วุฒากาศ,เทอดไท26,11,09:00-17:00,0,0,1
วุฒากาศ,เทอดไท26,11,17:00-19:00,0,0,1
ศรีนครินทร์-ลาซาล,ลาซาล,5,07:00-09:00,0,0,1
ศรีนครินทร์-ลาซาล,ลาซาล,5,09:00-17:00,0,0,1
ศรีนครินทร์-ลาซาล,ลาซาล,5,17:00-19:00,0,0,1
ศรีนครินทร์-ลาซาล,ศรีนครินทร์,5,07:00-09:00,0,0,1
ศรีนครินทร์-ลาซาล,ศรีนครินทร์,5,09:00-17:00,0,0,1
ศรีนครินทร์-ลาซาล,ศรีนครินทร์,5,17:00-19:00,0,0,1
ศรีนครินทร์-ศรีนครินทร์38,ศรีนครินทร์,3,07:00-09:00,0,0,1
ศรีนครินทร์-ศรีนครินทร์38,ศรีนครินทร์,3,09:00-17:00,0,0,1
ศรีนครินทร์-ศรีนครินทร์38,ศรีนครินทร์,3,17:00-19:00,0,0,1
ศรีนครินทร์-ศรีนครินทร์38,ศรีนครินทร์38,3,07:00-09:00,0,0,1
ศรีนครินทร์-ศรีนครินทร์38,ศรีนครินทร์38,3,09:00-17:00,0,0,1
ศรีนครินทร์-ศรีนครินทร์38,ศรีนครินทร์38,3,17:00-19:00,0,0,1
ศรีนครินทร์38-อ่อนนุช46,ศรีนครินทร์38,3,07:00-09:00,0,0,1
ศรีนครินทร์38-อ่อนนุช46,ศรีนครินทร์38,3,09:00-17:00,0,0,1
ศรีนครินทร์38-อ่อนนุช46,ศรีนครินทร์38,3,17:00-19:00,0,0,1
ศรีนครินทร์38-อ่อนนุช46,อ่อนนุช46,3,07:00-09:00,0,0,1
ศรีนครินทร์38-อ่อนนุช46,อ่อนนุช46,3,09:00-17:00,0,0,1
ศรีนครินทร์38-อ่อนนุช46,อ่อนนุช46,3,17:00-19:00,0,0,1
ศรีนครินทร์45,ศรีนครินทร์,9,07:00-09:00,1,0,0
ศรีนครินทร์45,ศรีนครินทร์,9,09:00-16:00,1,0,0
ศรีนครินทร์45,ศรีนครินทร์,9,16:00-19:00,1,0,0
ศรีนครินทร์55,ซอยศรีนครินทร์55,9,07:00-09:00,1,0,0
ศรีนครินทร์55,ซอยศรีนครินทร์55,9,09:00-16:00,1,0,0
ศรีนครินทร์55,ซอยศรีนครินทร์55,9,16:00-19:00,1,0,0
ศรีนครินทร์55,ศรีนครินทร์,9,07:00-09:00,1,0,0
ศรีนครินทร์55,ศรีนครินทร์,9,09:00-16:00,1,0,0
ศรีนครินทร์55,ศรีนครินทร์,9,16:00-19:00,1,0,0
ศรีนครินทร์55,ศรีนครินทร์,11,07:00-09:00,0,0,1
ศรีนครินทร์55,ศรีนครินทร์,11,09:00-16:00,0,0,1
ศรีนครินทร์55,ศรีนครินทร์,11,16:00-19:00,0,0,1
ศรีนครินทร์55,ศรีนครินทร์55,11,07:00-09:00,0,0,1
ศรีนครินทร์55,ศรีนครินทร์55,11,09:00-16:00,0,0,1
ศรีนครินทร์55,ศรีนครินทร์55,11,16:00-19:00,0,0,1
ศรีบูรพา-อาคารสงเคราะห์,ศรีบูรพา,12,07:00-09:00,0,0,1
ศรีบูรพา-อาคารสงเคราะห์,ศรีบูรพา,12,09:00-17:00,0,0,1
ศรีบูรพา-อาคารสงเคราะห์,ศรีบูรพา,12,17:00-19:00,0,0,1
ศรีบูรพา-อาคารสงเคราะห์,อาคารสงเคราะห์,12,07:00-09:00,0,0,1
ศรีบูรพา-อาคารสงเคราะห์,อาคารสงเคราะห์,12,09:00-17:00,0,0,1
ศรีบูรพา-อาคารสงเคราะห์,อาคารสงเคราะห์,12,17:00-19:00,0,0,1
ศรีย่าน,นครไชยศรี,2,07:00-09:00,0,0,1
ศรีย่าน,นครไชยศรี,2,09:00-17:00,0,0,1
ศรีย่าน,นครไชยศรี,2,17:00-19:00,0,0,1
ศรีย่าน,นครไชยศรี,4,07:00-09:00,0,0,1
ศรีย่าน,นครไชยศรี,4,09:00-16:00,0,0,1
ศรีย่าน,นครไชยศรี,4,16:00-19:00,0,0,1
ศรีย่าน,นครไชยศรี,7,07:00-09:00,1,0,0
ศรีย่าน,นครไชยศรี,7,09:00-16:00,1,0,0
ศรีย่าน,นครไชยศรี,7,16:00-19:00,1,0,0
ศรีย่าน,นครไชยศรี,8,07:00-09:00,1,0,0
ศรีย่าน,นครไชยศรี,8,09:00-16:00,1,0,0
ศรีย่าน,นครไชยศรี,8,16:00-19:00,1,0,0
ศรีย่าน,นครไชยศรี,12,07:00-09:00,0,1,0
ศรีย่าน,นครไชยศรี,12,09:00-16:00,0,1,0
ศรีย่าน,นครไชยศรี,12,16:00-19:00,0,1,0
ศรีย่าน,สามเสน,2,07:00-09:00,0,0,1
ศรีย่าน,สามเสน,2,09:00-17:00,0,0,1
ศรีย่าน,สามเสน,2,17:00-19:00,0,0,1
ศรีย่าน,สามเสน,4,07:00-09:00,0,0,1
ศรีย่าน,สามเสน,4,09:00-16:00,0,0,1
ศรีย่าน,สามเสน,4,16:00-19:00,0,0,1
ศรีย่าน,สามเสน,7,07:00-09:00,1,0,0
ศรีย่าน,สามเสน,7,09:00-16:00,1,0,0
ศรีย่าน,สามเสน,7,16:00-19:00,1,0,0
ศรีย่าน,สามเสน,8,07:00-09:00,1,0,0
ศรีย่าน,สามเสน,8,09:00-16:00,1,0,0
ศรีย่าน,สามเสน,8,16:00-19:00,1,0,0
ศรีย่าน,สามเสน,12,07:00-09:00,0,1,0
ศรีย่าน,สามเสน,12,09:00-16:00,0,1,0
ศรีย่าน,สามเสน,12,16:00-19:00,0,1,0
ศรีวรา,ประชาอุทิศ,3,07:00-09:00,0,1,0
ศรีวรา,ประชาอุทิศ,3,09:00-16:00,0,1,0
ศรีวรา,ประชาอุทิศ,3,16:00-19:00,0,1,0
ศรีวรา,ประชาอุทิศ,4,07:00-09:00,0,0,1
ศรีวรา,ประชาอุทิศ,4,09:00-17:00,0,0,1
ศรีวรา,ประชาอุทิศ,4,17:00-19:00,0,0,1
ศรีวรา,ศรีวรา,3,07:00-09:00,0,1,0
ศรีวรา,ศรีวรา,3,09:00-16:00,0,1,0
ศรีวรา,ศรีวรา,3,16:00-19:00,0,1,0
ศรีวรา,ศรีวรา,4,07:00-09:00,0,0,1
ศรีวรา,ศรีวรา,4,09:00-17:00,0,0,1
ศรีวรา,ศรีวรา,4,17:00-19:00,0,0,1
ศรีวรา-อินทราภรณ์,ศรีวรา,9,07:00-09:00,0,0,1
ศรีวรา-อินทราภรณ์,ศรีวรา,9,09:00-17:00,0,0,1
ศรีวรา-อินทราภรณ์,ศรีวรา,9,17:00-19:00,0,0,1
ศรีวรา-อินทราภรณ์,อินทราภรณ์,9,07:00-09:00,0,0,1
ศรีวรา-อินทราภรณ์,อินทราภรณ์,9,09:00-17:00,0,0,1
ศรีวรา-อินทราภรณ์,อินทราภรณ์,9,17:00-19:00,0,0,1
ศรีสมาน,ศรีสมาน,3,07:00-09:00,0,0,1
ศรีสมาน,ศรีสมาน,3,09:00-17:00,0,0,1
ศรีสมาน,ศรีสมาน,3,17:00-19:00,0,0,1
ศรีสมาน,ศรีสมาน,8,07:00-09:00,1,0,0
ศรีสมาน,ศรีสมาน,8,09:00-16:00,1,0,0
ศรีสมาน,ศรีสมาน,8,16:00-19:00,1,0,0
ศรีสมาน,สรงประภา,3,07:00-09:00,0,0,1
ศรีสมาน,สรงประภา,3,09:00-17:00,0,0,1
ศรีสมาน,สรงประภา,3,17:00-19:00,0,0,1
ศรีสมาน,สรงประภา,8,07:00-09:00,1,0,0
ศรีสมาน,สรงประภา,8,09:00-16:00,1,0,0
ศรีสมาน,สรงประภา,8,16:00-19:00,1,0,0
ศรีสมาน,เลียบคลองประปา,3,07:00-09:00,0,0,1
ศรีสมาน,เลียบคลองประปา,3,09:00-17:00,0,0,1
ศรีสมาน,เลียบคลองประปา,3,17:00-19:00,0,0,1
ศรีสมาน,เลียบคลองประปา,8,07:00-09:00,1,0,0
ศรีสมาน,เลียบคลองประปา,8,09:00-16:00,1,0,0
ศรีสมาน,เลียบคลองประปา,8,16:00-19:00,1,0,0
ศรีอยุธยา,พระรามที่6,6,07:00-09:00,0,0,1
ศรีอยุธยา,พระรามที่6,6,09:00-17:00,0,0,1
ศรีอยุธยา,พระรามที่6,6,17:00-19:00,0,0,1
ศรีอยุธยา,พระรามที่6,7,07:00-09:00,0,1,0
ศรีอยุธยา,พระรามที่6,7,09:00-16:00,0,1,0
ศรีอยุธยา,พระรามที่6,7,16:00-19:00,0,1,0
ศรีอยุธยา,พระรามที่6,12,07:00-09:00,1,1,1
ศรีอยุธยา,พระรามที่6,12,09:00-16:00,1,1,0
ศรีอยุธยา,พระรามที่6,12,09:00-17:00,0,0,1
ศรีอยุธยา,พระรามที่6,12,16:00-19:00,1,1,0
ศรีอยุธยา,พระรามที่6,12,17:00-19:00,0,0,1
ศรีอยุธยา,ศรีอยุธยา,6,07:00-09:00,0,0,1
ศรีอยุธยา,ศรีอยุธยา,6,09:00-17:00,0,0,1
ศรีอยุธยา,ศรีอยุธยา,6,17:00-19:00,0,0,1
ศรีอยุธยา,ศรีอยุธยา,7,07:00-09:00,0,1,0
ศรีอยุธยา,ศรีอยุธยา,7,09:00-16:00,0,1,0
ศรีอยุธยา,ศรีอยุธยา,7,16:00-19:00,0,1,0
ศรีอยุธยา,ศรีอยุธยา,12,07:00-09:00,1,1,1
ศรีอยุธยา,ศรีอยุธยา,12,09:00-16:00,1,1,0
ศรีอยุธยา,ศรีอยุธยา,12,09:00-17:00,0,0,1
ศรีอยุธยา,ศรีอยุธยา,12,16:00-19:00,1,1,0
ศรีอยุธยา,ศรีอยุธยา,12,17:00-19:00,0,0,1
ศรีอุดม,ศรีนครินทร์,1,07:00-09:00,0,0,1
ศรีอุดม,ศรีนครินทร์,1,09:00-17:00,0,0,1
ศรีอุดม,ศรีนครินทร์,1,17:00-19:00,0,0,1
ศรีอุดม,ศรีนครินทร์,5,06:30-09:00,1,0,0
ศรีอุดม,ศรีนครินทร์,5,09:00-16:00,1,0,0
ศรีอุดม,ศรีนครินทร์,5,16:00-19:30,1,0,0
ศรีอุดม,ศรีนครินทร์,11,07:00-09:00,0,0,1
ศรีอุดม,ศรีนครินทร์,11,09:00-17:00,0,0,1
ศรีอุดม,ศรีนครินทร์,11,17:00-19:00,0,0,1
ศรีอุดม,อุดมสุข,1,07:00-09:00,0,0,1
ศรีอุดม,อุดมสุข,1,09:00-17:00,0,0,1
ศรีอุดม,อุดมสุข,1,17:00-19:00,0,0,1
ศรีอุดม,อุดมสุข,5,06:30-09:00,1,0,0
ศรีอุดม,อุดมสุข,5,09:00-16:00,1,0,0
ศรีอุดม,อุดมสุข,5,16:00-19:30,1,0,0
ศรีอุดม,อุดมสุข,11,07:00-09:00,0,0,1
ศรีอุดม,อุดมสุข,11,09:00-17:00,0,0,1
ศรีอุดม,อุดมสุข,11,17:00-19:00,0,0,1
ศาลอาญา,รัชดาภิเษก,8,07:00-09:00,0,1,0
ศาลอาญา,รัชดาภิเษก,8,09:00-16:00,0,1,0
ศาลอาญา,รัชดาภิเษก,8,16:00-19:00,0,1,0
ศาลาธรรมสพน์48,ศาลาธรรมสพน์,5,07:00-09:00,0,0,1
ศาลาธรรมสพน์48,ศาลาธรรมสพน์,5,09:00-17:00,0,0,1
ศาลาธรรมสพน์48,ศาลาธรรมสพน์,5,17:00-19:00,0,0,1
ศาลาธรรมสพน์48,ศาลาธรรมสพน์33,5,07:00-09:00,0,0,1
ศาลาธรรมสพน์48,ศาลาธรรมสพน์33,5,09:00-17:00,0,0,1
ศาลาธรรมสพน์48,ศาลาธรรมสพน์33,5,17:00-19:00,0,0,1
ศาลาธรรมสพน์48,ศาลาธรรมสพน์48,5,07:00-09:00,0,0,1
ศาลาธรรมสพน์48,ศาลาธรรมสพน์48,5,09:00-17:00,0,0,1
ศาลาธรรมสพน์48,ศาลาธรรมสพน์48,5,17:00-19:00,0,0,1
ศาลาธรรมสพย์48,ศาลาธรรมสพน์,9,07:00-09:00,1,0,0
ศาลาธรรมสพย์48,ศาลาธรรมสพน์,9,09:00-16:00,1,0,0
ศาลาธรรมสพย์48,ศาลาธรรมสพน์,9,16:00-19:00,1,0,0
ศาลาธรรมสพย์48,ศาลาธรรมสพน์33,9,07:00-09:00,1,0,0
ศาลาธรรมสพย์48,ศาลาธรรมสพน์33,9,09:00-16:00,1,0,0
ศาลาธรรมสพย์48,ศาลาธรรมสพน์33,9,16:00-19:00,1,0,0
ศาลาธรรมสพย์48,ศาลาธรรมสพน์48,9,07:00-09:00,1,0,0
ศาลาธรรมสพย์48,ศาลาธรรมสพน์48,9,09:00-16:00,1,0,0
ศาลาธรรมสพย์48,ศาลาธรรมสพน์48,9,16:00-19:00,1,0,0
ศาลาแดง,พระรามที่4,1,07:00-09:00,0,0,1
ศาลาแดง,พระรามที่4,1,09:00-17:00,0,0,1
ศาลาแดง,พระรามที่4,1,17:00-19:00,0,0,1
ศาลาแดง,พระรามที่4,2,07:00-09:00,0,1,0
ศาลาแดง,พระรามที่4,2,09:00-16:00,0,1,0
ศาลาแดง,พระรามที่4,2,16:00-19:00,0,1,0
ศาลาแดง,พระรามที่4,5,07:00-09:00,0,0,1
ศาลาแดง,พระรามที่4,5,09:00-16:00,0,0,1
ศาลาแดง,พระรามที่4,5,16:00-19:00,0,0,1
ศาลาแดง,พระรามที่4,11,07:00-09:00,1,0,0
ศาลาแดง,พระรามที่4,11,09:00-16:00,1,0,0
ศาลาแดง,พระรามที่4,11,16:00-19:00,1,0,0
ศาลาแดง,ราชดำริ,1,07:00-09:00,0,0,1
ศาลาแดง,ราชดำริ,1,09:00-17:00,0,0,1
ศาลาแดง,ราชดำริ,1,17:00-19:00,0,0,1
ศาลาแดง,ราชดำริ,2,07:00-09:00,0,1,0
ศาลาแดง,ราชดำริ,2,09:00-16:00,0,1,0
ศาลาแดง,ราชดำริ,2,16:00-19:00,0,1,0
ศาลาแดง,ราชดำริ,5,07:00-09:00,0,0,1
ศาลาแดง,ราชดำริ,5,09:00-16:00,0,0,1
ศาลาแดง,ราชดำริ,5,16:00-19:00,0,0,1
ศาลาแดง,ราชดำริ,11,07:00-09:00,1,0,0
ศาลาแดง,ราชดำริ,11,09:00-16:00,1,0,0
ศาลาแดง,ราชดำริ,11,16:00-19:00,1,0,0
ศาลาแดง,สีลม,1,07:00-09:00,0,0,1
ศาลาแดง,สีลม,1,09:00-17:00,0,0,1
ศาลาแดง,สีลม,1,17:00-19:00,0,0,1
ศาลาแดง,สีลม,2,07:00-09:00,0,1,0
ศาลาแดง,สีลม,2,09:00-16:00,0,1,0
ศาลาแดง,สีลม,2,16:00-19:00,0,1,0
ศาลาแดง,สีลม,5,07:00-09:00,0,0,1
ศาลาแดง,สีลม,5,09:00-16:00,0,0,1
ศาลาแดง,สีลม,5,16:00-19:00,0,0,1
ศาลาแดง,สีลม,11,07:00-09:00,1,0,0
ศาลาแดง,สีลม,11,09:00-16:00,1,0,0
ศาลาแดง,สีลม,11,16:00-19:00,1,0,0
ศาลเจ้าพ่อเสือ,ซอยพหลโยธิน48,2,07:00-09:00,1,0,0
ศาลเจ้าพ่อเสือ,ซอยพหลโยธิน48,2,09:00-16:00,1,0,0
ศาลเจ้าพ่อเสือ,ซอยพหลโยธิน48,2,16:00-19:00,1,0,0
ศาลเจ้าพ่อเสือ,ซอยรามอินทรา5,2,07:00-09:00,1,0,0
ศาลเจ้าพ่อเสือ,ซอยรามอินทรา5,2,09:00-16:00,1,0,0
ศาลเจ้าพ่อเสือ,ซอยรามอินทรา5,2,16:00-19:00,1,0,0
ศาลเจ้าพ่อเสือ,ตะนาว,12,07:00-09:00,0,0,1
ศาลเจ้าพ่อเสือ,ตะนาว,12,09:00-16:00,0,0,1
ศาลเจ้าพ่อเสือ,ตะนาว,12,16:00-19:00,0,0,1
ศาลเจ้าพ่อเสือ,มหรรณพ,12,07:00-09:00,0,0,1
ศาลเจ้าพ่อเสือ,มหรรณพ,12,09:00-16:00,0,0,1
ศาลเจ้าพ่อเสือ,มหรรณพ,12,16:00-19:00,0,0,1
ศิครินทร์,ศิครินทร์,6,07:00-09:00,1,0,0
ศิครินทร์,ศิครินทร์,6,09:00-16:00,1,0,0
ศิครินทร์,ศิครินทร์,6,16:00-19:00,1,0,0
ศิครินทร์,สุขุมวิท105,6,07:00-09:00,1,0,0
ศิครินทร์,สุขุมวิท105,6,09:00-16:00,1,0,0
ศิครินทร์,สุขุมวิท105,6,16:00-19:00,1,0,0
ศิริพงษ์-ลงท่า-หน้าวัง-อุณากรรณ,ลงท่า,12,07:00-09:00,0,0,1
ศิริพงษ์-ลงท่า-หน้าวัง-อุณากรรณ,ลงท่า,12,09:00-16:00,0,0,1
ศิริพงษ์-ลงท่า-หน้าวัง-อุณากรรณ,ลงท่า,12,16:00-19:00,0,0,1
ศิริพงษ์-ลงท่า-หน้าวัง-อุณากรรณ,ศิริพงษ์-อุณากรรณ,12,07:00-09:00,0,0,1
ศิริพงษ์-ลงท่า-หน้าวัง-อุณากรรณ,ศิริพงษ์-อุณากรรณ,12,09:00-16:00,0,0,1
ศิริพงษ์-ลงท่า-หน้าวัง-อุณากรรณ,ศิริพงษ์-อุณากรรณ,12,16:00-19:00,0,0,1
ศิริพงษ์-ศิริชัย,ศิริชัย,7,07:00-09:00,0,1,0
ศิริพงษ์-ศิริชัย,ศิริชัย,7,09:00-16:00,0,1,0
ศิริพงษ์-ศิริชัย,ศิริชัย,7,16:00-19:00,0,1,0
ศิริพงษ์-ศิริพัฒน์,ศิริพงษ์,7,07:00-09:00,0,1,0
ศิริพงษ์-ศิริพัฒน์,ศิริพงษ์,7,09:00-16:00,0,1,0
ศิริพงษ์-ศิริพัฒน์,ศิริพงษ์,7,16:00-19:00,0,1,0
ศิริพงษ์-ศิริพัฒน์,ศิริพัฒน์,7,07:00-09:00,0,1,0
ศิริพงษ์-ศิริพัฒน์,ศิริพัฒน์,7,09:00-16:00,0,1,0
ศิริพงษ์-ศิริพัฒน์,ศิริพัฒน์,7,16:00-19:00,0,1,0
ศิริราช,พรานนก,4,07:00-09:00,0,0,1
ศิริราช,พรานนก,4,09:00-17:00,0,0,1
ศิริราช,พรานนก,4,17:00-19:00,0,0,1
ศิริราช,พรานนก,8,07:00-09:00,1,0,0
ศิริราช,พรานนก,8,09:00-16:00,1,0,0
ศิริราช,พรานนก,8,16:00-19:00,1,0,0
ศิริราช,พรานนก,12,07:00-09:00,0,1,0
ศิริราช,พรานนก,12,09:00-16:00,0,1,0
ศิริราช,พรานนก,12,16:00-19:00,0,1,0
ศิริราช,วังหลัง,7,07:00-09:00,0,0,1
ศิริราช,วังหลัง,7,09:00-17:00,0,0,1
ศิริราช,วังหลัง,7,17:00-19:00,0,0,1
ศิริราช,อรุณอมรินทร์,4,07:00-09:00,0,0,1
ศิริราช,อรุณอมรินทร์,4,09:00-17:00,0,0,1
ศิริราช,อรุณอมรินทร์,4,17:00-19:00,0,0,1
ศิริราช,อรุณอมรินทร์,7,07:00-09:00,0,0,1
ศิริราช,อรุณอมรินทร์,7,09:00-17:00,0,0,1
ศิริราช,อรุณอมรินทร์,7,17:00-19:00,0,0,1
ศิริราช,อรุณอัมรินทร์,8,07:00-09:00,1,0,0
ศิริราช,อรุณอัมรินทร์,8,09:00-16:00,1,0,0
ศิริราช,อรุณอัมรินทร์,8,16:00-19:00,1,0,0
ศิริราช,อรุณอัมรินทร์,12,07:00-09:00,0,1,0
ศิริราช,อรุณอัมรินทร์,12,09:00-16:00,0,1,0
ศิริราช,อรุณอัมรินทร์,12,16:00-19:00,0,1,0
ศิริสุช,ช่างอากาศอุทิศ,7,07:00-09:00,0,0,1
ศิริสุช,ช่างอากาศอุทิศ,7,09:00-17:00,0,0,1
ศิริสุช,ช่างอากาศอุทิศ,7,17:00-19:00,0,0,1
ศิริสุช,ประชาอุทิศ,7,07:00-09:00,0,0,1
ศิริสุช,ประชาอุทิศ,7,09:00-17:00,0,0,1
ศิริสุช,ประชาอุทิศ,7,17:00-19:00,0,0,1
ศุลกากร,สุนทรโกษา,7,07:00-09:00,0,0,1
ศุลกากร,สุนทรโกษา,7,09:00-17:00,0,0,1
ศุลกากร,สุนทรโกษา,7,17:00-19:00,0,0,1
ศุลกากร,สุนทรโกษา,11,07:00-09:00,0,0,1
ศุลกากร,สุนทรโกษา,11,09:00-17:00,0,0,1
ศุลกากร,สุนทรโกษา,11,17:00-19:00,0,0,1
ศุลกากร,อาจณรงค์,7,07:00-09:00,0,0,1
ศุลกากร,อาจณรงค์,7,09:00-17:00,0,0,1
ศุลกากร,อาจณรงค์,7,17:00-19:00,0,0,1
ศุลกากร,อาจณรงค์,11,07:00-09:00,0,0,1
ศุลกากร,อาจณรงค์,11,09:00-17:00,0,0,1
ศุลกากร,อาจณรงค์,11,17:00-19:00,0,0,1
ศุลกากร,เกษมราษฎร์,7,07:00-09:00,0,0,1
ศุลกากร,เกษมราษฎร์,7,09:00-17:00,0,0,1
ศุลกากร,เกษมราษฎร์,7,17:00-19:00,0,0,1
ศุลกากร,เกษมราษฎร์,11,07:00-09:00,0,0,1
ศุลกากร,เกษมราษฎร์,11,09:00-17:00,0,0,1
ศุลกากร,เกษมราษฎร์,11,17:00-19:00,0,0,1
ศูนย์ราชการ,ทางเข้าออกศูนย์ราชการ,3,07:00-09:00,0,0,1
ศูนย์ราชการ,ทางเข้าออกศูนย์ราชการ,3,09:00-17:00,0,0,1
ศูนย์ราชการ,ทางเข้าออกศูนย์ราชการ,3,17:00-19:00,0,0,1
ศูนย์ราชการ,แจ้งวัฒนะ,3,07:00-09:00,0,0,1
ศูนย์ราชการ,แจ้งวัฒนะ,3,09:00-17:00,0,0,1
ศูนย์ราชการ,แจ้งวัฒนะ,3,17:00-19:00,0,0,1
ศูนย์วัฒนธรรม,วัฒนธรรม,5,07:00-09:00,1,0,0
ศูนย์วัฒนธรรม,วัฒนธรรม,5,09:00-16:00,1,0,0
ศูนย์วัฒนธรรม,วัฒนธรรม,5,16:00-19:00,1,0,0
ศูนย์วัฒนธรรม,วัฒนธรรม,9,07:00-09:00,1,0,0
ศูนย์วัฒนธรรม,วัฒนธรรม,9,09:00-16:00,1,0,0
ศูนย์วัฒนธรรม,วัฒนธรรม,9,16:00-19:00,1,0,0
ศูนย์วิจัย-เพชรบุรี,ซอยศูนย์วิจัย,1,06:30-09:00,0,1,0
ศูนย์วิจัย-เพชรบุรี,ซอยศูนย์วิจัย,1,09:00-16:00,0,1,0
ศูนย์วิจัย-เพชรบุรี,ซอยศูนย์วิจัย,1,16:00-19:30,0,1,0
ศูนย์วิจัย-เพชรบุรี,ศูนย์วิจัย,11,07:00-09:00,0,0,1
ศูนย์วิจัย-เพชรบุรี,ศูนย์วิจัย,11,09:00-17:00,0,0,1
ศูนย์วิจัย-เพชรบุรี,ศูนย์วิจัย,11,17:00-19:00,0,0,1
ศูนย์วิจัย-เพชรบุรี,เพชรบุรี,1,06:30-09:00,0,1,0
ศูนย์วิจัย-เพชรบุรี,เพชรบุรี,11,07:00-09:00,0,0,1
ศูนย์วิจัย-เพชรบุรี,เพชรบุรี,11,09:00-17:00,0,0,1
ศูนย์วิจัย-เพชรบุรี,เพชรบุรี,11,17:00-19:00,0,0,1
ศูนย์วิจัยเหนือ,ถนนพระราม9,8,07:00-09:00,1,0,0
ศูนย์วิจัยเหนือ,ถนนพระราม9,8,09:00-16:00,1,0,0
ศูนย์วิจัยเหนือ,ถนนพระราม9,8,16:00-19:00,1,0,0
ศูนย์วิจัยเหนือ,พระราม9,12,07:00-09:00,0,1,0
ศูนย์วิจัยเหนือ,พระราม9,12,09:00-16:00,0,1,0
ศูนย์วิจัยเหนือ,พระราม9,12,16:00-19:00,0,1,0
ศูนย์วิจัยเหนือ,พระราม9ชอย17,8,07:00-09:00,1,0,0
ศูนย์วิจัยเหนือ,พระราม9ชอย17,8,09:00-16:00,1,0,0
ศูนย์วิจัยเหนือ,พระราม9ชอย17,8,16:00-19:00,1,0,0
ศูนย์วิจัยเหนือ,พระราม9ซอย17,12,07:00-09:00,0,1,0
ศูนย์วิจัยเหนือ,พระราม9ซอย17,12,09:00-16:00,0,1,0
ศูนย์วิจัยเหนือ,พระราม9ซอย17,12,16:00-19:00,0,1,0
ศูนย์วิจัยเหนือ,พระราม9ซอย26,8,07:00-09:00,1,0,0
ศูนย์วิจัยเหนือ,พระราม9ซอย26,8,09:00-16:00,1,0,0
ศูนย์วิจัยเหนือ,พระราม9ซอย26,8,16:00-19:00,1,0,0
ศูนย์วิจัยเหนือ,พระราม9ซอย26,12,07:00-09:00,0,1,0
ศูนย์วิจัยเหนือ,พระราม9ซอย26,12,09:00-16:00,0,1,0
ศูนย์วิจัยเหนือ,พระราม9ซอย26,12,16:00-19:00,0,1,0
สถานีBRTพระราม3,นราธิวาสราชนครินทร์,7,07:00-09:00,0,1,0
สถานีBRTพระราม3,นราธิวาสราชนครินทร์,7,09:00-16:00,0,1,0
สถานีBRTพระราม3,นราธิวาสราชนครินทร์,7,16:00-19:00,0,1,0
สถานีรถไฟฟ้ากรุงธนบุรี,กรุงธนบุรี,7,07:00-09:00,0,1,0
สถานีรถไฟฟ้ากรุงธนบุรี,กรุงธนบุรี,7,09:00-16:00,0,1,0
สถานีรถไฟฟ้ากรุงธนบุรี,กรุงธนบุรี,7,16:00-19:00,0,1,0
สถานีรถไฟฟ้าช่องนนทรี,นราธิวาสราชนครินทร์,7,07:00-09:00,0,1,0
สถานีรถไฟฟ้าช่องนนทรี,นราธิวาสราชนครินทร์,7,09:00-16:00,0,1,0
สถานีรถไฟฟ้าช่องนนทรี,นราธิวาสราชนครินทร์,7,16:00-19:00,0,1,0
สถานีรถไฟวงเวียนใหญ่,กรุงธนบุรี,7,07:00-09:00,0,1,0
สถานีรถไฟวงเวียนใหญ่,กรุงธนบุรี,7,09:00-16:00,0,1,0
สถานีรถไฟวงเวียนใหญ่,กรุงธนบุรี,7,16:00-19:00,0,1,0
สนามบินสุวรรณภูมิ,ลาดกระบัง,6,07:00-09:00,0,0,2
สนามบินสุวรรณภูมิ,ลาดกระบัง,6,09:00-17:00,0,0,2
สนามบินสุวรรณภูมิ,ลาดกระบัง,6,17:00-19:00,0,0,2
สนามบินสุวรรณภูมิ,ลาดกระบัง,12,07:00-09:00,0,0,1
สนามบินสุวรรณภูมิ,ลาดกระบัง,12,09:00-16:00,0,0,1
สนามบินสุวรรณภูมิ,ลาดกระบัง,12,16:00-19:00,0,0,1
สนามบินสุวรรณภูมิ,สุรรณภูมิ4,6,07:00-09:00,0,0,1
สนามบินสุวรรณภูมิ,สุรรณภูมิ4,6,09:00-17:00,0,0,1
สนามบินสุวรรณภูมิ,สุรรณภูมิ4,6,17:00-19:00,0,0,1
สนามบินสุวรรณภูมิ,สุวรรณภูมิ,12,07:00-09:00,0,0,1
สนามบินสุวรรณภูมิ,สุวรรณภูมิ,12,09:00-16:00,0,0,1
สนามบินสุวรรณภูมิ,สุวรรณภูมิ,12,16:00-19:00,0,0,1
สนามบินสุวรรณภูมิ,สุวรรณภูมิ4,6,07:00-09:00,0,0,1
สนามบินสุวรรณภูมิ,สุวรรณภูมิ4,6,09:00-17:00,0,0,1
สนามบินสุวรรณภูมิ,สุวรรณภูมิ4,6,17:00-19:00,0,0,1
สนามหลวง2,บางแวก,5,07:00-09:00,0,0,1
สนามหลวง2,บางแวก,5,09:00-16:00,0,0,1
สนามหลวง2,บางแวก,5,16:00-19:00,0,0,1
สนามหลวง2,เข้าออกตลาดธนบุรีสนามหลวง2,5,07:00-09:00,0,0,1
สนามหลวง2,เข้าออกตลาดธนบุรีสนามหลวง2,5,09:00-16:00,0,0,1
สนามหลวง2,เข้าออกตลาดธนบุรีสนามหลวง2,5,16:00-19:00,0,0,1
สนามหลวง2,เลียบคลองทวีวัฒนา,5,07:00-09:00,0,0,1
สนามหลวง2,เลียบคลองทวีวัฒนา,5,09:00-16:00,0,0,1
สนามหลวง2,เลียบคลองทวีวัฒนา,5,16:00-19:00,0,0,1
สภากาชาดไทย,อังรีดูนังต์,11,07:00-09:00,1,0,0
สภากาชาดไทย,อังรีดูนังต์,11,09:00-16:00,1,0,0
สภากาชาดไทย,อังรีดูนังต์,11,16:00-19:00,1,0,0
สมเด็จเจ้าพระยา,สมเด็จเจ้าพระยา,3,07:00-09:00,0,0,1
สมเด็จเจ้าพระยา,สมเด็จเจ้าพระยา,3,09:00-16:00,0,0,1
สมเด็จเจ้าพระยา,สมเด็จเจ้าพระยา,3,16:00-19:00,0,0,1
สรงประภา-ซอยวัดเวฬุวนาราม,วัดเวฬุวนาราม,5,07:00-09:00,0,0,1
สรงประภา-ซอยวัดเวฬุวนาราม,วัดเวฬุวนาราม,5,09:00-17:00,0,0,1
สรงประภา-ซอยวัดเวฬุวนาราม,วัดเวฬุวนาราม,5,17:00-19:00,0,0,1
สรงประภา-ซอยวัดเวฬุวนาราม,สรงประภา,5,07:00-09:00,0,0,1
สรงประภา-ซอยวัดเวฬุวนาราม,สรงประภา,5,09:00-17:00,0,0,1
สรงประภา-ซอยวัดเวฬุวนาราม,สรงประภา,5,17:00-19:00,0,0,1
สรงประภา-นาวงค์ประชาพัฒนา,นาวงค์ประชาพัฒนา,8,07:00-09:00,1,0,0
สรงประภา-นาวงค์ประชาพัฒนา,นาวงค์ประชาพัฒนา,8,09:00-16:00,1,0,0
สรงประภา-นาวงค์ประชาพัฒนา,นาวงค์ประชาพัฒนา,8,16:00-19:00,1,0,0
สรงประภา-นาวงค์ประชาพัฒนา,สรงประภา,8,07:00-09:00,1,0,0
สรงประภา-นาวงค์ประชาพัฒนา,สรงประภา,8,09:00-16:00,1,0,0
สรงประภา-นาวงค์ประชาพัฒนา,สรงประภา,8,16:00-19:00,1,0,0
สรงประภา-นาวงศ์ประชาพัฒนา,นาวงศ์ประชาพัฒนา,4,07:00-09:00,1,0,0
สรงประภา-นาวงศ์ประชาพัฒนา,นาวงศ์ประชาพัฒนา,4,09:00-16:00,1,0,0
สรงประภา-นาวงศ์ประชาพัฒนา,นาวงศ์ประชาพัฒนา,4,16:00-19:00,1,0,0
สรงประภา-นาวงศ์ประชาพัฒนา,นาวงศ์ประชาพัฒนา,9,07:00-09:00,0,1,0
สรงประภา-นาวงศ์ประชาพัฒนา,นาวงศ์ประชาพัฒนา,9,09:00-16:00,0,1,0
สรงประภา-นาวงศ์ประชาพัฒนา,นาวงศ์ประชาพัฒนา,9,16:00-19:00,0,1,0
สรงประภา-นาวงศ์ประชาพัฒนา,นาวงศ์ประชาพัฒนา,11,07:00-09:00,0,1,0
สรงประภา-นาวงศ์ประชาพัฒนา,นาวงศ์ประชาพัฒนา,11,09:00-16:00,0,1,0
สรงประภา-นาวงศ์ประชาพัฒนา,นาวงศ์ประชาพัฒนา,11,16:00-19:00,0,1,0
สรงประภา-นาวงศ์ประชาพัฒนา,สรงประภา,4,07:00-09:00,1,0,0
สรงประภา-นาวงศ์ประชาพัฒนา,สรงประภา,4,09:00-16:00,1,0,0
สรงประภา-นาวงศ์ประชาพัฒนา,สรงประภา,4,16:00-19:00,1,0,0
สรงประภา-นาวงศ์ประชาพัฒนา,สรงประภา,9,07:00-09:00,0,1,0
สรงประภา-นาวงศ์ประชาพัฒนา,สรงประภา,9,09:00-16:00,0,1,0
สรงประภา-นาวงศ์ประชาพัฒนา,สรงประภา,9,16:00-19:00,0,1,0
สรงประภา-นาวงศ์ประชาพัฒนา,สรงประภา,11,07:00-09:00,0,1,0
สรงประภา-นาวงศ์ประชาพัฒนา,สรงประภา,11,09:00-16:00,0,1,0
สรงประภา-นาวงศ์ประชาพัฒนา,สรงประภา,11,16:00-19:00,0,1,0
สรงประภา-สรงประภา11/1,สรงประภา,11,07:00-09:00,0,0,1
สรงประภา-สรงประภา11/1,สรงประภา,11,09:00-17:00,0,0,1
สรงประภา-สรงประภา11/1,สรงประภา,11,17:00-19:00,0,0,1
สรงประภา-สรงประภา11/1,สรงประภา11/1,11,07:00-09:00,0,0,1
สรงประภา-สรงประภา11/1,สรงประภา11/1,11,09:00-17:00,0,0,1
สรงประภา-สรงประภา11/1,สรงประภา11/1,11,17:00-19:00,0,0,1
สรงประภา-สรงประภา11/2,สรงประภา,11,07:00-09:00,0,0,1
สรงประภา-สรงประภา11/2,สรงประภา,11,09:00-17:00,0,0,1
สรงประภา-สรงประภา11/2,สรงประภา,11,17:00-19:00,0,0,1
สรงประภา-สรงประภา11/2,สรงประภา11/2,11,07:00-09:00,0,0,1
สรงประภา-สรงประภา11/2,สรงประภา11/2,11,09:00-17:00,0,0,1
สรงประภา-สรงประภา11/2,สรงประภา11/2,11,17:00-19:00,0,0,1
สรงประภา-สรณคมณ์,สรงประภา,11,07:00-09:00,0,0,1
สรงประภา-สรณคมณ์,สรงประภา,11,09:00-17:00,0,0,1
สรงประภา-สรณคมณ์,สรงประภา,11,17:00-19:00,0,0,1
สรงประภา-สรณคมณ์,สรณคมณ์,11,07:00-09:00,0,0,1
สรงประภา-สรณคมณ์,สรณคมณ์,11,09:00-17:00,0,0,1
สรงประภา-สรณคมณ์,สรณคมณ์,11,17:00-19:00,0,0,1
สรงประภา-เชิดวุฒากาศ,สรงประภา,2,07:00-09:00,1,0,0
สรงประภา-เชิดวุฒากาศ,สรงประภา,2,09:00-16:00,1,0,0
สรงประภา-เชิดวุฒากาศ,สรงประภา,2,16:00-19:00,1,0,0
สรงประภา-เชิดวุฒากาศ,สรงประภา,10,07:00-09:00,0,1,0
สรงประภา-เชิดวุฒากาศ,สรงประภา,10,09:00-16:00,0,1,0
สรงประภา-เชิดวุฒากาศ,สรงประภา,10,16:00-19:00,0,1,0
สรงประภา-เชิดวุฒากาศ,เชิดวุฒากาศ,2,07:00-09:00,1,0,0
สรงประภา-เชิดวุฒากาศ,เชิดวุฒากาศ,2,09:00-16:00,1,0,0
สรงประภา-เชิดวุฒากาศ,เชิดวุฒากาศ,2,16:00-19:00,1,0,0
สรงประภา-เชิดวุฒากาศ,เชิดวุฒากาศ,10,07:00-09:00,0,1,0
สรงประภา-เชิดวุฒากาศ,เชิดวุฒากาศ,10,09:00-16:00,0,1,0
สรงประภา-เชิดวุฒากาศ,เชิดวุฒากาศ,10,16:00-19:00,0,1,0
สรรพวุธ,ทางรถไฟสายปากน้ำ,9,07:00-09:00,1,0,0
สรรพวุธ,ทางรถไฟสายปากน้ำ,9,09:00-16:00,1,0,0
สรรพวุธ,ทางรถไฟสายปากน้ำ,9,16:00-19:00,1,0,0
สรรพวุธ,สรรพาวุธ,9,07:00-09:00,1,0,0
สรรพวุธ,สรรพาวุธ,9,09:00-16:00,1,0,0
สรรพวุธ,สรรพาวุธ,9,16:00-19:00,1,0,0
สรรพาวุธ,ทางรถไฟสายปากน้ำ,1,07:00-09:00,0,0,2
สรรพาวุธ,ทางรถไฟสายปากน้ำ,1,09:00-17:00,0,0,2
สรรพาวุธ,ทางรถไฟสายปากน้ำ,1,17:00-19:00,0,0,2
สรรพาวุธ,ทางรถไฟสายปากนํ้า,8,07:00-09:00,0,1,0
สรรพาวุธ,ทางรถไฟสายปากนํ้า,8,09:00-16:00,0,1,0
สรรพาวุธ,ทางรถไฟสายปากนํ้า,8,16:00-19:00,0,1,0
สรรพาวุธ,ทางรถไฟสายปากนํ้า,9,07:00-09:00,0,1,0
สรรพาวุธ,ทางรถไฟสายปากนํ้า,9,09:00-16:00,0,1,0
สรรพาวุธ,ทางรถไฟสายปากนํ้า,9,16:00-19:00,0,1,0
สรรพาวุธ,สรรพาวุธ,1,07:00-09:00,0,0,2
สรรพาวุธ,สรรพาวุธ,1,09:00-17:00,0,0,2
สรรพาวุธ,สรรพาวุธ,1,17:00-19:00,0,0,2
สรรพาวุธ,สรรพาวุธ,8,07:00-09:00,0,1,0
สรรพาวุธ,สรรพาวุธ,8,09:00-16:00,0,1,0
สรรพาวุธ,สรรพาวุธ,8,16:00-19:00,0,1,0
สรรพาวุธ,สรรพาวุธ,9,07:00-09:00,0,1,0
สรรพาวุธ,สรรพาวุธ,9,09:00-16:00,0,1,0
สรรพาวุธ,สรรพาวุธ,9,16:00-19:00,0,1,0
สวนผัก-ชัยพฤกษ์,ชัยพฤกษ์,9,07:00-09:00,0,0,1
สวนผัก-ชัยพฤกษ์,ชัยพฤกษ์,9,09:00-17:00,0,0,1
สวนผัก-ชัยพฤกษ์,ชัยพฤกษ์,9,17:00-19:00,0,0,1
สวนผัก-ชัยพฤกษ์,ชัยพฤกษ์18,9,07:00-09:00,0,0,1
สวนผัก-ชัยพฤกษ์,ชัยพฤกษ์18,9,09:00-17:00,0,0,1
สวนผัก-ชัยพฤกษ์,ชัยพฤกษ์18,9,17:00-19:00,0,0,1
สวนผัก-ชัยพฤกษ์,สวนผัก,9,07:00-09:00,0,0,1
สวนผัก-ชัยพฤกษ์,สวนผัก,9,09:00-17:00,0,0,1
สวนผัก-ชัยพฤกษ์,สวนผัก,9,17:00-19:00,0,0,1
สวนผัก32,ซอยสวนผัก32,12,07:00-09:00,1,0,0
สวนผัก32,ซอยสวนผัก32,12,09:00-16:00,1,0,0
สวนผัก32,ซอยสวนผัก32,12,16:00-19:00,1,0,0
สวนผัก32,ทางเข้าภิรมณ์เพลส,12,07:00-09:00,1,0,0
สวนผัก32,ทางเข้าภิรมณ์เพลส,12,09:00-16:00,1,0,0
สวนผัก32,ทางเข้าภิรมณ์เพลส,12,16:00-19:00,1,0,0
สวนผัก32,สวนผัก,12,07:00-09:00,1,0,0
สวนผัก32,สวนผัก,12,09:00-16:00,1,0,0
สวนผัก32,สวนผัก,12,16:00-19:00,1,0,0
สวนมิกสกวัน,พิษณุโลก,4,07:00-09:00,1,0,1
สวนมิกสกวัน,พิษณุโลก,4,09:00-16:00,1,0,0
สวนมิกสกวัน,พิษณุโลก,4,09:00-17:00,0,0,1
สวนมิกสกวัน,พิษณุโลก,4,16:00-19:00,1,0,0
สวนมิกสกวัน,พิษณุโลก,4,17:00-19:00,0,0,1
สวนมิกสกวัน,พิษณุโลก,12,07:00-09:00,0,0,1
สวนมิกสกวัน,พิษณุโลก,12,09:00-16:00,0,0,1
สวนมิกสกวัน,พิษณุโลก,12,16:00-19:00,0,0,1
สวนมิกสกวัน,ราชดำเนินนอก,4,07:00-09:00,1,0,0
สวนมิกสกวัน,ราชดำเนินนอก,4,09:00-16:00,1,0,0
สวนมิกสกวัน,ราชดำเนินนอก,4,16:00-19:00,1,0,0
สวนมิกสกวัน,ราชดำเนินนอก,12,07:00-09:00,0,0,1
สวนมิกสกวัน,ราชดำเนินนอก,12,09:00-16:00,0,0,1
สวนมิกสกวัน,ราชดำเนินนอก,12,16:00-19:00,0,0,1
สวนมิกสกวัน,ราชำดำเนิน,4,07:00-09:00,0,0,1
สวนมิกสกวัน,ราชำดำเนิน,4,09:00-17:00,0,0,1
สวนมิกสกวัน,ราชำดำเนิน,4,17:00-19:00,0,0,1
สวนมิสกวัน,พิษณุโลก,8,07:00-09:00,0,1,0
สวนมิสกวัน,พิษณุโลก,8,09:00-16:00,0,1,0
สวนมิสกวัน,พิษณุโลก,8,16:00-19:00,0,1,0
สวนมิสกวัน,พิษณุโลก,9,07:00-09:00,0,1,0
สวนมิสกวัน,พิษณุโลก,9,09:00-16:00,0,1,0
สวนมิสกวัน,พิษณุโลก,9,16:00-19:00,0,1,0
สวนมิสกวัน,ราชดำเนินนอก,8,07:00-09:00,0,1,0
สวนมิสกวัน,ราชดำเนินนอก,8,09:00-16:00,0,1,0
สวนมิสกวัน,ราชดำเนินนอก,8,16:00-19:00,0,1,0
สวนมิสกวัน,ราชดำเนินนอก,9,07:00-09:00,0,1,0
สวนมิสกวัน,ราชดำเนินนอก,9,09:00-16:00,0,1,0
สวนมิสกวัน,ราชดำเนินนอก,9,16:00-19:00,0,1,0
สวนรื่นฤดี,นครราชสีมา,9,07:00-09:00,0,0,1
สวนรื่นฤดี,นครราชสีมา,9,09:00-17:00,0,0,1
สวนรื่นฤดี,นครราชสีมา,9,17:00-19:00,0,0,1
สวนรื่นฤดี,ราชสีมา,4,07:00-09:00,1,0,0
สวนรื่นฤดี,ราชสีมา,4,09:00-16:00,1,0,0
สวนรื่นฤดี,ราชสีมา,4,16:00-19:00,1,0,0
สวนรื่นฤดี,ราชสีมา,10,07:00-09:00,0,1,0
สวนรื่นฤดี,ราชสีมา,10,09:00-16:00,0,1,0
สวนรื่นฤดี,ราชสีมา,10,16:00-19:00,0,1,0
สวนรื่นฤดี,สุโขทัย,4,07:00-09:00,1,0,0
สวนรื่นฤดี,สุโขทัย,4,09:00-16:00,1,0,0
สวนรื่นฤดี,สุโขทัย,4,16:00-19:00,1,0,0
สวนรื่นฤดี,สุโขทัย,9,07:00-09:00,0,0,1
สวนรื่นฤดี,สุโขทัย,9,09:00-17:00,0,0,1
สวนรื่นฤดี,สุโขทัย,9,17:00-19:00,0,0,1
สวนรื่นฤดี,สุโขทัย,10,07:00-09:00,0,1,0
สวนรื่นฤดี,สุโขทัย,10,09:00-16:00,0,1,0
สวนรื่นฤดี,สุโขทัย,10,16:00-19:00,0,1,0
สวนสน,ซอยรามคำแหง60,1,07:00-09:00,0,0,1
สวนสน,ซอยรามคำแหง60,1,09:00-17:00,0,0,1
สวนสน,ซอยรามคำแหง60,1,17:00-19:00,0,0,1
สวนสน,พ่วงศิริ,1,07:00-09:00,0,0,1
สวนสน,พ่วงศิริ,1,09:00-17:00,0,0,1
สวนสน,พ่วงศิริ,1,17:00-19:00,0,0,1
สวนสน,รามคำแหง,1,07:00-09:00,0,0,1
สวนสน,รามคำแหง,1,09:00-17:00,0,0,1
สวนสน,รามคำแหง,1,17:00-19:00,0,0,1
สวนสยาม,ซอยเสรีไทย50,8,07:00-09:00,0,1,0
สวนสยาม,ซอยเสรีไทย50,8,09:00-16:00,0,1,0
สวนสยาม,ซอยเสรีไทย50,8,16:00-19:00,0,1,0
สวนสยาม,ซอยเสรีไทย50,9,07:00-09:00,0,1,0
สวนสยาม,ซอยเสรีไทย50,9,09:00-16:00,0,1,0
สวนสยาม,ซอยเสรีไทย50,9,16:00-19:00,0,1,0
สวนสยาม,ทางเข้าสวนสยาม,2,07:00-09:00,0,0,1
สวนสยาม,ทางเข้าสวนสยาม,2,09:00-17:00,0,0,1
สวนสยาม,ทางเข้าสวนสยาม,2,17:00-19:00,0,0,1
สวนสยาม,ทางเข้าสวนสยาม,8,07:00-09:00,0,1,0
สวนสยาม,ทางเข้าสวนสยาม,8,09:00-16:00,0,1,0
สวนสยาม,ทางเข้าสวนสยาม,8,16:00-19:00,0,1,0
สวนสยาม,ทางเข้าสวนสยาม,9,07:00-09:00,0,1,0
สวนสยาม,ทางเข้าสวนสยาม,9,09:00-16:00,0,1,0
สวนสยาม,ทางเข้าสวนสยาม,9,16:00-19:00,0,1,0
สวนสยาม,ทางเข้าออกสวนสยาม,5,07:00-09:00,0,0,1
สวนสยาม,ทางเข้าออกสวนสยาม,5,09:00-16:00,0,0,1
สวนสยาม,ทางเข้าออกสวนสยาม,5,16:00-19:00,0,0,1
สวนสยาม,เสรีไทย,2,07:00-09:00,0,0,1
สวนสยาม,เสรีไทย,2,09:00-17:00,0,0,1
สวนสยาม,เสรีไทย,2,17:00-19:00,0,0,1
สวนสยาม,เสรีไทย,5,07:00-09:00,0,0,1
สวนสยาม,เสรีไทย,5,09:00-16:00,0,0,1
สวนสยาม,เสรีไทย,5,16:00-19:00,0,0,1
สวนสยาม,เสรีไทย,8,07:00-09:00,0,1,0
สวนสยาม,เสรีไทย,8,09:00-16:00,0,1,0
สวนสยาม,เสรีไทย,8,16:00-19:00,0,1,0
สวนสยาม,เสรีไทย,9,07:00-09:00,0,1,0
สวนสยาม,เสรีไทย,9,09:00-16:00,0,1,0
สวนสยาม,เสรีไทย,9,16:00-19:00,0,1,0
สวนสยาม,เสรีไทย50,2,07:00-09:00,0,0,1
สวนสยาม,เสรีไทย50,2,09:00-17:00,0,0,1
สวนสยาม,เสรีไทย50,2,17:00-19:00,0,0,1
สวนสยาม,เสรีไทย50,5,07:00-09:00,0,0,1
สวนสยาม,เสรีไทย50,5,09:00-16:00,0,0,1
สวนสยาม,เสรีไทย50,5,16:00-19:00,0,0,1
สวนหลวง,ศรีนครินทร์,2,07:00-09:00,0,0,1
สวนหลวง,ศรีนครินทร์,2,09:00-17:00,0,0,1
สวนหลวง,ศรีนครินทร์,2,17:00-19:00,0,0,1
สวนหลวง,ศรีนครินทร์,7,07:00-09:00,1,0,0
สวนหลวง,ศรีนครินทร์,7,09:00-16:00,1,0,0
สวนหลวง,ศรีนครินทร์,7,16:00-19:00,1,0,0
สวนหลวง,ศรีนครินทร์,8,07:00-09:00,0,0,1
สวนหลวง,ศรีนครินทร์,8,09:00-16:00,0,0,1
สวนหลวง,ศรีนครินทร์,8,16:00-19:00,0,0,1
สวนหลวง,ศรีนครินทร์,11,07:00-09:00,0,0,1
สวนหลวง,ศรีนครินทร์,11,09:00-17:00,0,0,1
สวนหลวง,ศรีนครินทร์,11,17:00-19:00,0,0,1
สวนหลวง,ศรีนครินทร์,12,07:00-09:00,0,0,1
สวนหลวง,ศรีนครินทร์,12,09:00-17:00,0,0,1
สวนหลวง,ศรีนครินทร์,12,17:00-19:00,0,0,1
สวนหลวง,อ่อนนุช,2,07:00-09:00,0,0,1
สวนหลวง,อ่อนนุช,2,09:00-17:00,0,0,1
สวนหลวง,อ่อนนุช,2,17:00-19:00,0,0,1
สวนหลวง,อ่อนนุช,7,07:00-09:00,1,0,0
สวนหลวง,อ่อนนุช,7,09:00-16:00,1,0,0
สวนหลวง,อ่อนนุช,7,16:00-19:00,1,0,0
สวนหลวง,อ่อนนุช,8,07:00-09:00,0,0,1
สวนหลวง,อ่อนนุช,8,09:00-16:00,0,0,1
สวนหลวง,อ่อนนุช,8,16:00-19:00,0,0,1
สวนหลวง,อ่อนนุช,11,07:00-09:00,0,0,1
สวนหลวง,อ่อนนุช,11,09:00-17:00,0,0,1
สวนหลวง,อ่อนนุช,11,17:00-19:00,0,0,1
สวนหลวง,อ่อนนุช,12,07:00-09:00,0,0,1
สวนหลวง,อ่อนนุช,12,09:00-17:00,0,0,1
สวนหลวง,อ่อนนุช,12,17:00-19:00,0,0,1
สวนแสงธรรม,บางแวก,2,07:00-09:00,0,0,1
สวนแสงธรรม,บางแวก,2,09:00-17:00,0,0,1
สวนแสงธรรม,บางแวก,2,17:00-19:00,0,0,1
สวนแสงธรรม,พุทธมณฑลสาย3,2,07:00-09:00,0,0,1
สวนแสงธรรม,พุทธมณฑลสาย3,2,09:00-17:00,0,0,1
สวนแสงธรรม,พุทธมณฑลสาย3,2,17:00-19:00,0,0,1
สวรรคโลก,สวรรคโลก,3,07:00-09:00,1,0,0
สวรรคโลก,สวรรคโลก,3,09:00-16:00,1,0,0
สวรรคโลก,สวรรคโลก,3,16:00-19:00,1,0,0
สวรรคโลก,สวรรคโลก,10,07:00-09:00,1,1,0
สวรรคโลก,สวรรคโลก,10,09:00-16:00,1,1,0
สวรรคโลก,สวรรคโลก,10,16:00-19:00,1,1,0
สวรรคโลก,สุโขทัย,3,07:00-09:00,1,0,0
สวรรคโลก,สุโขทัย,3,09:00-16:00,1,0,0
สวรรคโลก,สุโขทัย,3,16:00-19:00,1,0,0
สวรรคโลก,สุโขทัย,10,07:00-09:00,1,1,0
สวรรคโลก,สุโขทัย,10,09:00-16:00,1,1,0
สวรรคโลก,สุโขทัย,10,16:00-19:00,1,1,0
สวรรคโลก-สุคันธาราม,สวรรคโลก,10,07:00-09:00,1,0,0
สวรรคโลก-สุคันธาราม,สวรรคโลก,10,09:00-16:00,1,0,0
สวรรคโลก-สุคันธาราม,สวรรคโลก,10,16:00-19:00,1,0,0
สวรรคโลก-สุคันธาราม,สุคันธาราม,10,07:00-09:00,1,0,0
สวรรคโลก-สุคันธาราม,สุคันธาราม,10,09:00-16:00,1,0,0
สวรรคโลก-สุคันธาราม,สุคันธาราม,10,16:00-19:00,1,0,0
สวัสดิการ1-เลียบคลองภาษีเจริญฝั่งเหนือ-ซอยเลียบคลองฯ3/1,ซอยเลียบคลองภาษีเจริญฝั่งเหนือ3/1,9,07:00-09:00,0,1,0
สวัสดิการ1-เลียบคลองภาษีเจริญฝั่งเหนือ-ซอยเลียบคลองฯ3/1,ซอยเลียบคลองภาษีเจริญฝั่งเหนือ3/1,9,09:00-16:00,0,1,0
สวัสดิการ1-เลียบคลองภาษีเจริญฝั่งเหนือ-ซอยเลียบคลองฯ3/1,ซอยเลียบคลองภาษีเจริญฝั่งเหนือ3/1,9,16:00-19:00,0,1,0
สวัสดิการ1-เลียบคลองภาษีเจริญฝั่งเหนือ-ซอยเลียบคลองฯ3/1,สวัสดิการ1,9,07:00-09:00,0,1,0
สวัสดิการ1-เลียบคลองภาษีเจริญฝั่งเหนือ-ซอยเลียบคลองฯ3/1,สวัสดิการ1,9,09:00-16:00,0,1,0
สวัสดิการ1-เลียบคลองภาษีเจริญฝั่งเหนือ-ซอยเลียบคลองฯ3/1,สวัสดิการ1,9,16:00-19:00,0,1,0
สวัสดิการ1-เลียบคลองภาษีเจริญฝั่งเหนือ-ซอยเลียบคลองฯ3/1,เลียบคลองภาษีเจริญฝั่งเหนือ,9,07:00-09:00,0,1,0
สวัสดิการ1-เลียบคลองภาษีเจริญฝั่งเหนือ-ซอยเลียบคลองฯ3/1,เลียบคลองภาษีเจริญฝั่งเหนือ,9,09:00-16:00,0,1,0
สวัสดิการ1-เลียบคลองภาษีเจริญฝั่งเหนือ-ซอยเลียบคลองฯ3/1,เลียบคลองภาษีเจริญฝั่งเหนือ,9,16:00-19:00,0,1,0
สะพานกรุงธน,มุ่งหน้าแยกซังฮี้,1,07:00-09:00,0,0,1
สะพานกรุงธน,มุ่งหน้าแยกซังฮี้,1,09:00-16:00,0,0,1
สะพานกรุงธน,มุ่งหน้าแยกซังฮี้,1,16:00-19:00,0,0,1
สะพานกรุงธน,มุ่งหน้าแยกบางพลัด,1,07:00-09:00,0,0,1
สะพานกรุงธน,มุ่งหน้าแยกบางพลัด,1,09:00-16:00,0,0,1
สะพานกรุงธน,มุ่งหน้าแยกบางพลัด,1,16:00-19:00,0,0,1
สะพานกรุงธน,สะพานกรุงธน,1,07:00-09:00,0,0,1
สะพานกรุงธน,สะพานกรุงธน,1,09:00-17:00,0,0,1
สะพานกรุงธน,สะพานกรุงธน,1,17:00-19:00,0,0,1
สะพานกรุงธน,สะพานกรุงธน,2,07:00-09:00,0,0,1
สะพานกรุงธน,สะพานกรุงธน,2,09:00-17:00,0,0,1
สะพานกรุงธน,สะพานกรุงธน,2,17:00-19:00,0,0,1
สะพานกรุงธน,สะพานกรุงธน,10,07:00-09:00,1,0,0
สะพานกรุงธน,สะพานกรุงธน,10,09:00-16:00,1,0,0
สะพานกรุงธน,สะพานกรุงธน,10,16:00-19:00,1,0,0
สะพานกรุงเทพ,มุ่งหน้าถนนตก,1,07:00-09:00,0,0,1
สะพานกรุงเทพ,มุ่งหน้าถนนตก,1,09:00-16:00,0,0,1
สะพานกรุงเทพ,มุ่งหน้าถนนตก,1,16:00-19:00,0,0,1
สะพานกรุงเทพ,มุ่งหน้าแยกมไหสวรรย์,1,07:00-09:00,0,0,1
สะพานกรุงเทพ,มุ่งหน้าแยกมไหสวรรย์,1,09:00-16:00,0,0,1
สะพานกรุงเทพ,มุ่งหน้าแยกมไหสวรรย์,1,16:00-19:00,0,0,1
สะพานกรุงเทพ,สะพานกรุงเทพ,1,07:00-09:00,0,0,1
สะพานกรุงเทพ,สะพานกรุงเทพ,1,09:00-17:00,0,0,1
สะพานกรุงเทพ,สะพานกรุงเทพ,1,17:00-19:00,0,0,1
สะพานกรุงเทพ,สะพานกรุงเทพ,3,07:00-09:00,0,0,1
สะพานกรุงเทพ,สะพานกรุงเทพ,3,09:00-17:00,0,0,1
สะพานกรุงเทพ,สะพานกรุงเทพ,3,17:00-19:00,0,0,1
สะพานกรุงเทพ,สะพานกรุงเทพ,10,07:00-09:00,1,0,0
สะพานกรุงเทพ,สะพานกรุงเทพ,10,09:00-16:00,1,0,0
สะพานกรุงเทพ,สะพานกรุงเทพ,10,16:00-19:00,1,0,0
สะพานขาว,กรุงเกษม,8,07:00-09:00,1,1,0
สะพานขาว,กรุงเกษม,8,09:00-16:00,1,1,0
สะพานขาว,กรุงเกษม,8,16:00-19:00,1,1,0
สะพานขาว,กรุงเกษม,9,07:00-09:00,0,1,0
สะพานขาว,กรุงเกษม,9,09:00-16:00,0,1,0
สะพานขาว,กรุงเกษม,9,16:00-19:00,0,1,0
สะพานขาว,กรุงเกษม,10,07:00-09:00,0,0,1
สะพานขาว,กรุงเกษม,10,09:00-16:00,0,0,1
สะพานขาว,กรุงเกษม,10,16:00-19:00,0,0,1
สะพานขาว,กรุงเกษม,12,07:00-09:00,0,0,1
สะพานขาว,กรุงเกษม,12,09:00-17:00,0,0,1
สะพานขาว,กรุงเกษม,12,17:00-19:00,0,0,1
สะพานขาว,หลานหลวง,8,07:00-09:00,1,1,0
สะพานขาว,หลานหลวง,8,09:00-16:00,1,1,0
สะพานขาว,หลานหลวง,8,16:00-19:00,1,1,0
สะพานขาว,หลานหลวง,9,07:00-09:00,0,1,0
สะพานขาว,หลานหลวง,9,09:00-16:00,0,1,0
สะพานขาว,หลานหลวง,9,16:00-19:00,0,1,0
สะพานขาว,หลานหลวง,10,07:00-09:00,0,0,1
สะพานขาว,หลานหลวง,10,09:00-16:00,0,0,1
สะพานขาว,หลานหลวง,10,16:00-19:00,0,0,1
สะพานขาว,หลานหลวง,12,07:00-09:00,0,0,1
สะพานขาว,หลานหลวง,12,09:00-17:00,0,0,1
สะพานขาว,หลานหลวง,12,17:00-19:00,0,0,1
สะพานข้ามคลอง13,สะพานข้ามคลอง13,9,07:00-09:00,0,0,1
สะพานข้ามคลอง13,สะพานข้ามคลอง13,9,09:00-16:00,0,0,1
สะพานข้ามคลอง13,สะพานข้ามคลอง13,9,16:00-19:00,0,0,1
สะพานข้ามแยกประชาสงเคราะห์,สะพานข้ามแยกประชาสงเคราะห์,2,07:00-09:00,0,0,1
สะพานข้ามแยกประชาสงเคราะห์,สะพานข้ามแยกประชาสงเคราะห์,2,09:00-17:00,0,0,1
สะพานข้ามแยกประชาสงเคราะห์,สะพานข้ามแยกประชาสงเคราะห์,2,17:00-19:00,0,0,1
สะพานข้ามแยกพระราม9,สะพานข้ามแยกพระราม9,2,07:00-09:00,0,0,1
สะพานข้ามแยกพระราม9,สะพานข้ามแยกพระราม9,2,09:00-17:00,0,0,1
สะพานข้ามแยกพระราม9,สะพานข้ามแยกพระราม9,2,17:00-19:00,0,0,1
สะพานข้ามแยกราชเทวี,เพชรบุรี,8,07:00-09:00,0,1,0
สะพานข้ามแยกราชเทวี,เพชรบุรี,8,09:00-16:00,0,1,0
สะพานข้ามแยกราชเทวี,เพชรบุรี,8,16:00-19:00,0,1,0
สะพานข้ามแยกสามเหลี่ยมดินแดง,สะพานข้ามแยกสามเหลี่ยมดินแดง,2,07:00-09:00,0,0,1
สะพานข้ามแยกสามเหลี่ยมดินแดง,สะพานข้ามแยกสามเหลี่ยมดินแดง,2,09:00-17:00,0,0,1
สะพานข้ามแยกสามเหลี่ยมดินแดง,สะพานข้ามแยกสามเหลี่ยมดินแดง,2,17:00-19:00,0,0,1
สะพานควาย,ประดิพัทธ์,5,07:00-09:00,0,0,1
สะพานควาย,ประดิพัทธ์,5,09:00-17:00,0,0,1
สะพานควาย,ประดิพัทธ์,5,17:00-19:00,0,0,1
สะพานควาย,ประดิพัทธ์,7,07:00-09:00,1,1,0
สะพานควาย,ประดิพัทธ์,7,09:00-16:00,1,1,0
สะพานควาย,ประดิพัทธ์,7,16:00-19:00,1,1,0
สะพานควาย,ประดิพัทธ์,9,07:00-09:00,0,0,1
สะพานควาย,ประดิพัทธ์,9,09:00-17:00,0,0,1
สะพานควาย,ประดิพัทธ์,9,17:00-19:00,0,0,1
สะพานควาย,ประดิพัทธ์,10,07:00-09:00,0,1,0
สะพานควาย,ประดิพัทธ์,10,09:00-16:00,0,1,0
สะพานควาย,ประดิพัทธ์,10,16:00-19:00,0,1,0
สะพานควาย,พหลโยธิน,5,07:00-09:00,0,0,1
สะพานควาย,พหลโยธิน,5,09:00-17:00,0,0,1
สะพานควาย,พหลโยธิน,5,17:00-19:00,0,0,1
สะพานควาย,พหลโยธิน,7,07:00-09:00,1,1,0
สะพานควาย,พหลโยธิน,7,09:00-16:00,1,1,0
สะพานควาย,พหลโยธิน,7,16:00-19:00,1,1,0
สะพานควาย,พหลโยธิน,9,07:00-09:00,0,0,1
สะพานควาย,พหลโยธิน,9,09:00-17:00,0,0,1
สะพานควาย,พหลโยธิน,9,17:00-19:00,0,0,1
สะพานควาย,พหลโยธิน,10,07:00-09:00,0,1,0
สะพานควาย,พหลโยธิน,10,09:00-16:00,0,1,0
สะพานควาย,พหลโยธิน,10,16:00-19:00,0,1,0
สะพานควาย,สุทธิสาร,5,07:00-09:00,0,0,1
สะพานควาย,สุทธิสาร,5,09:00-17:00,0,0,1
สะพานควาย,สุทธิสาร,5,17:00-19:00,0,0,1
สะพานควาย,สุทธิสาร,7,07:00-09:00,1,1,0
สะพานควาย,สุทธิสาร,7,09:00-16:00,1,1,0
สะพานควาย,สุทธิสาร,7,16:00-19:00,1,1,0
สะพานควาย,สุทธิสาร,9,07:00-09:00,0,0,1
สะพานควาย,สุทธิสาร,9,09:00-17:00,0,0,1
สะพานควาย,สุทธิสาร,9,17:00-19:00,0,0,1
สะพานควาย,สุทธิสาร,10,07:00-09:00,0,1,0
สะพานควาย,สุทธิสาร,10,09:00-16:00,0,1,0
สะพานควาย,สุทธิสาร,10,16:00-19:00,0,1,0
สะพานช้างโรงสี,บำรุงเมือง,1,07:00-09:00,0,0,1
สะพานช้างโรงสี,บำรุงเมือง,1,09:00-17:00,0,0,1
สะพานช้างโรงสี,บำรุงเมือง,1,17:00-19:00,0,0,1
สะพานช้างโรงสี,บำรุงเมือง,7,07:00-09:00,1,0,0
สะพานช้างโรงสี,บำรุงเมือง,7,09:00-16:00,1,0,0
สะพานช้างโรงสี,บำรุงเมือง,7,16:00-19:00,1,0,0
สะพานช้างโรงสี,บำรุงเมือง,12,07:00-09:00,0,0,1
สะพานช้างโรงสี,บำรุงเมือง,12,09:00-16:00,0,0,1
สะพานช้างโรงสี,บำรุงเมือง,12,16:00-19:00,0,0,1
สะพานช้างโรงสี,อัษฎางค์,1,07:00-09:00,0,0,1
สะพานช้างโรงสี,อัษฎางค์,1,09:00-17:00,0,0,1
สะพานช้างโรงสี,อัษฎางค์,1,17:00-19:00,0,0,1
สะพานช้างโรงสี,อัษฎางค์,7,07:00-09:00,1,0,0
สะพานช้างโรงสี,อัษฎางค์,7,09:00-16:00,1,0,0
สะพานช้างโรงสี,อัษฎางค์,7,16:00-19:00,1,0,0
สะพานช้างโรงสี,อัษฎางค์,12,07:00-09:00,0,0,1
สะพานช้างโรงสี,อัษฎางค์,12,09:00-16:00,0,0,1
สะพานช้างโรงสี,อัษฎางค์,12,16:00-19:00,0,0,1
สะพานดำ,กำแพงเพชร,9,07:00-09:00,0,1,0
สะพานดำ,กำแพงเพชร,9,09:00-16:00,0,1,0
สะพานดำ,กำแพงเพชร,9,16:00-19:00,0,1,0
สะพานดำ,กำแพงเพชร,10,07:00-09:00,0,0,1
สะพานดำ,กำแพงเพชร,10,09:00-17:00,0,0,1
สะพานดำ,กำแพงเพชร,10,17:00-19:00,0,0,1
สะพานดำ,กำแพงเพชร,11,07:00-09:00,0,0,1
สะพานดำ,กำแพงเพชร,11,09:00-17:00,0,0,1
สะพานดำ,กำแพงเพชร,11,17:00-19:00,0,0,1
สะพานดำ,กำแพงเพชร5,9,07:00-09:00,0,1,0
สะพานดำ,กำแพงเพชร5,9,09:00-16:00,0,1,0
สะพานดำ,กำแพงเพชร5,9,16:00-19:00,0,1,0
สะพานดำ,กำแพงเพชร5,10,07:00-09:00,1,0,1
สะพานดำ,กำแพงเพชร5,10,09:00-16:00,1,0,0
สะพานดำ,กำแพงเพชร5,10,09:00-17:00,0,0,1
สะพานดำ,กำแพงเพชร5,10,16:00-19:00,1,0,0
สะพานดำ,กำแพงเพชร5,10,17:00-19:00,0,0,1
สะพานดำ,กําแพงเพชร,10,07:00-09:00,1,0,0
สะพานดำ,กําแพงเพชร,10,09:00-16:00,1,0,0
สะพานดำ,กําแพงเพชร,10,16:00-19:00,1,0,0
สะพานดำ,ทางลอดทางรถไฟถนนพระรามที่6,11,07:00-09:00,0,0,1
สะพานดำ,ทางลอดทางรถไฟถนนพระรามที่6,11,09:00-17:00,0,0,1
สะพานดำ,ทางลอดทางรถไฟถนนพระรามที่6,11,17:00-19:00,0,0,1
สะพานดำ,พระรามที่6,9,07:00-09:00,0,1,0
สะพานดำ,พระรามที่6,9,09:00-16:00,0,1,0
สะพานดำ,พระรามที่6,9,16:00-19:00,0,1,0
สะพานดำ,พระรามที่6,10,07:00-09:00,1,0,1
สะพานดำ,พระรามที่6,10,09:00-16:00,1,0,0
สะพานดำ,พระรามที่6,10,09:00-17:00,0,0,1
สะพานดำ,พระรามที่6,10,16:00-19:00,1,0,0
สะพานดำ,พระรามที่6,10,17:00-19:00,0,0,1
สะพานดำ,พระรามที่6,11,07:00-09:00,0,0,1
สะพานดำ,พระรามที่6,11,09:00-17:00,0,0,1
สะพานดำ,พระรามที่6,11,17:00-19:00,0,0,1
สะพานดํา,กําแพงเพชร,12,07:00-09:00,0,1,0
สะพานดํา,กําแพงเพชร,12,09:00-16:00,0,1,0
สะพานดํา,กําแพงเพชร,12,16:00-19:00,0,1,0
สะพานดํา,กําแพงเพชร5,12,07:00-09:00,0,1,0
สะพานดํา,กําแพงเพชร5,12,09:00-16:00,0,1,0
สะพานดํา,กําแพงเพชร5,12,16:00-19:00,0,1,0
สะพานดํา,พระรามที่6,12,07:00-09:00,0,1,0
สะพานดํา,พระรามที่6,12,09:00-16:00,0,1,0
สะพานดํา,พระรามที่6,12,16:00-19:00,0,1,0
สะพานนริศดำรัส,จักรพรรดิพงษ์,8,07:00-09:00,0,1,0
สะพานนริศดำรัส,จักรพรรดิพงษ์,8,09:00-16:00,0,1,0
สะพานนริศดำรัส,จักรพรรดิพงษ์,8,16:00-19:00,0,1,0
สะพานปฐมบรมราชานุสรณ์(สะพานพระพุทธยอดฟ้า),สะพานสมเด็จพระพุทธยอดฟ้า,10,07:00-09:00,1,0,0
สะพานปฐมบรมราชานุสรณ์(สะพานพระพุทธยอดฟ้า),สะพานสมเด็จพระพุทธยอดฟ้า,10,09:00-16:00,1,0,0
สะพานปฐมบรมราชานุสรณ์(สะพานพระพุทธยอดฟ้า),สะพานสมเด็จพระพุทธยอดฟ้า,10,16:00-19:00,1,0,0
สะพานพระปกเกล้า,มุ่งหน้าพาหุรัด,1,07:00-09:00,0,0,1
สะพานพระปกเกล้า,มุ่งหน้าพาหุรัด,1,09:00-16:00,0,0,1
สะพานพระปกเกล้า,มุ่งหน้าพาหุรัด,1,16:00-19:00,0,0,1
สะพานพระปกเกล้า,มุ่งหน้าแยกบ้านแขก,1,07:00-09:00,0,0,1
สะพานพระปกเกล้า,มุ่งหน้าแยกบ้านแขก,1,09:00-16:00,0,0,1
สะพานพระปกเกล้า,มุ่งหน้าแยกบ้านแขก,1,16:00-19:00,0,0,1
สะพานพระปกเกล้า,สะพานพระปกเกล้า,1,07:00-09:00,0,0,1
สะพานพระปกเกล้า,สะพานพระปกเกล้า,1,09:00-17:00,0,0,1
สะพานพระปกเกล้า,สะพานพระปกเกล้า,1,17:00-19:00,0,0,1
สะพานพระปกเกล้า,สะพานพระปกเกล้า,2,07:00-09:00,0,0,1
สะพานพระปกเกล้า,สะพานพระปกเกล้า,2,09:00-17:00,0,0,1
สะพานพระปกเกล้า,สะพานพระปกเกล้า,2,17:00-19:00,0,0,1
สะพานพระปกเกล้า,สะพานพระปกเกล้า,10,07:00-09:00,1,0,0
สะพานพระปกเกล้า,สะพานพระปกเกล้า,10,09:00-16:00,1,0,0
สะพานพระปกเกล้า,สะพานพระปกเกล้า,10,16:00-19:00,1,0,0
สะพานพระพุทธยอดฟ้า,มุ่งหน้าปากคลองตลาด,1,07:00-09:00,0,0,1
สะพานพระพุทธยอดฟ้า,มุ่งหน้าปากคลองตลาด,1,09:00-16:00,0,0,1
สะพานพระพุทธยอดฟ้า,มุ่งหน้าปากคลองตลาด,1,16:00-19:00,0,0,1
สะพานพระพุทธยอดฟ้า,มุ่งหน้าแยกบ้านแขก,1,07:00-09:00,0,0,1
สะพานพระพุทธยอดฟ้า,มุ่งหน้าแยกบ้านแขก,1,09:00-16:00,0,0,1
สะพานพระพุทธยอดฟ้า,มุ่งหน้าแยกบ้านแขก,1,16:00-19:00,0,0,1
สะพานพระพุทธยอดฟ้า,สะพานพระพุทธยอดฟ้า,1,07:00-09:00,0,0,1
สะพานพระพุทธยอดฟ้า,สะพานพระพุทธยอดฟ้า,1,09:00-17:00,0,0,1
สะพานพระพุทธยอดฟ้า,สะพานพระพุทธยอดฟ้า,1,17:00-19:00,0,0,1
สะพานพระพุทธยอดฟ้า,สะพานพระพุทธยอดฟ้า,2,07:00-09:00,0,0,1
สะพานพระพุทธยอดฟ้า,สะพานพระพุทธยอดฟ้า,2,09:00-17:00,0,0,1
สะพานพระพุทธยอดฟ้า,สะพานพระพุทธยอดฟ้า,2,17:00-19:00,0,0,1
สะพานพระราม3,มุ่งหน้ารัชดา-ราชพฤกษ์,1,07:00-09:00,0,0,1
สะพานพระราม3,มุ่งหน้ารัชดา-ราชพฤกษ์,1,09:00-16:00,0,0,1
สะพานพระราม3,มุ่งหน้ารัชดา-ราชพฤกษ์,1,16:00-19:00,0,0,1
สะพานพระราม3,มุ่งหน้าแยกเจริญราษฎร์,1,07:00-09:00,0,0,1
สะพานพระราม3,มุ่งหน้าแยกเจริญราษฎร์,1,09:00-16:00,0,0,1
สะพานพระราม3,มุ่งหน้าแยกเจริญราษฎร์,1,16:00-19:00,0,0,1
สะพานพระราม3,สะพานพระราม3,1,07:00-09:00,0,0,1
สะพานพระราม3,สะพานพระราม3,1,09:00-17:00,0,0,1
สะพานพระราม3,สะพานพระราม3,1,17:00-19:00,0,0,1
สะพานพระราม3,สะพานพระราม3,3,07:00-09:00,0,0,1
สะพานพระราม3,สะพานพระราม3,3,09:00-17:00,0,0,1
สะพานพระราม3,สะพานพระราม3,3,17:00-19:00,0,0,1
สะพานพระราม3,สะพานพระราม3,10,07:00-09:00,1,0,0
สะพานพระราม3,สะพานพระราม3,10,09:00-16:00,1,0,0
สะพานพระราม3,สะพานพระราม3,10,16:00-19:00,1,0,0
สะพานพระราม7,มุ่งหน้าถนนจรัญสนิทวงศ์,1,07:00-09:00,0,0,1
สะพานพระราม7,มุ่งหน้าถนนจรัญสนิทวงศ์,1,09:00-16:00,0,0,1
สะพานพระราม7,มุ่งหน้าถนนจรัญสนิทวงศ์,1,16:00-19:00,0,0,1
สะพานพระราม7,มุ่งหน้าวงศ์สว่าง,1,07:00-09:00,0,0,1
สะพานพระราม7,มุ่งหน้าวงศ์สว่าง,1,09:00-16:00,0,0,1
สะพานพระราม7,มุ่งหน้าวงศ์สว่าง,1,16:00-19:00,0,0,1
สะพานพระราม7,สะพานพระราม7,1,07:00-09:00,0,0,1
สะพานพระราม7,สะพานพระราม7,1,09:00-17:00,0,0,1
สะพานพระราม7,สะพานพระราม7,1,17:00-19:00,0,0,1
สะพานพระราม7,สะพานพระราม7,3,07:00-09:00,0,0,1
สะพานพระราม7,สะพานพระราม7,3,09:00-17:00,0,0,1
สะพานพระราม7,สะพานพระราม7,3,17:00-19:00,0,0,1
สะพานพระราม7,สะพานพระราม7,10,07:00-09:00,1,0,0
สะพานพระราม7,สะพานพระราม7,10,09:00-16:00,1,0,0
สะพานพระราม7,สะพานพระราม7,10,16:00-19:00,1,0,0
สะพานพระราม8,พานพระราม8,10,07:00-09:00,1,0,0
สะพานพระราม8,พานพระราม8,10,09:00-16:00,1,0,0
สะพานพระราม8,พานพระราม8,10,16:00-19:00,1,0,0
สะพานพระราม8,มุ่งหน้าแยกบรมราชชนนี,1,07:00-09:00,0,0,1
สะพานพระราม8,มุ่งหน้าแยกบรมราชชนนี,1,09:00-16:00,0,0,1
สะพานพระราม8,มุ่งหน้าแยกบรมราชชนนี,1,16:00-19:00,0,0,1
สะพานพระราม8,มุ่งหน้าแยกวิสุทธิ์กษัตริย์,1,07:00-09:00,0,0,1
สะพานพระราม8,มุ่งหน้าแยกวิสุทธิ์กษัตริย์,1,09:00-16:00,0,0,1
สะพานพระราม8,มุ่งหน้าแยกวิสุทธิ์กษัตริย์,1,16:00-19:00,0,0,1
สะพานพระราม8,สะพานพระราม8,1,07:00-09:00,0,0,1
สะพานพระราม8,สะพานพระราม8,1,09:00-17:00,0,0,1
สะพานพระราม8,สะพานพระราม8,1,17:00-19:00,0,0,1
สะพานพระราม8,สะพานพระราม8,2,07:00-09:00,0,0,1
สะพานพระราม8,สะพานพระราม8,2,09:00-17:00,0,0,1
สะพานพระราม8,สะพานพระราม8,2,17:00-19:00,0,0,1
สะพานภูมิพล1,มุ่งหน้าถนนพระราม3,1,07:00-09:00,0,0,1
สะพานภูมิพล1,มุ่งหน้าถนนพระราม3,1,09:00-16:00,0,0,1
สะพานภูมิพล1,มุ่งหน้าถนนพระราม3,1,16:00-19:00,0,0,1
สะพานภูมิพล1,มุ่งหน้าถนนสุขสวัสดิ์,1,07:00-09:00,0,0,1
สะพานภูมิพล1,มุ่งหน้าถนนสุขสวัสดิ์,1,09:00-16:00,0,0,1
สะพานภูมิพล1,มุ่งหน้าถนนสุขสวัสดิ์,1,16:00-19:00,0,0,1
สะพานภูมิพล1,สะพานภูมิพล,3,07:00-09:00,0,0,1
สะพานภูมิพล1,สะพานภูมิพล,3,09:00-17:00,0,0,1
สะพานภูมิพล1,สะพานภูมิพล,3,17:00-19:00,0,0,1
สะพานภูมิพล1,สะพานภูมิพล1,1,07:00-09:00,0,0,1
สะพานภูมิพล1,สะพานภูมิพล1,1,09:00-17:00,0,0,1
สะพานภูมิพล1,สะพานภูมิพล1,1,17:00-19:00,0,0,1
สะพานภูมิพล1,สะพานภูมิพล1,10,07:00-09:00,1,0,0
สะพานภูมิพล1,สะพานภูมิพล1,10,09:00-16:00,1,0,0
สะพานภูมิพล1,สะพานภูมิพล1,10,16:00-19:00,1,0,0
สะพานมอญ,อัษฎางค์,5,07:00-09:00,0,0,1
สะพานมอญ,อัษฎางค์,5,09:00-17:00,0,0,1
สะพานมอญ,อัษฎางค์,5,17:00-19:00,0,0,1
สะพานมอญ,อัษฎางค์,6,07:00-09:00,0,1,0
สะพานมอญ,อัษฎางค์,6,09:00-16:00,0,1,0
สะพานมอญ,อัษฎางค์,6,16:00-19:00,0,1,0
สะพานมอญ,เจริญกรุง,5,07:00-09:00,0,0,1
สะพานมอญ,เจริญกรุง,5,09:00-17:00,0,0,1
สะพานมอญ,เจริญกรุง,5,17:00-19:00,0,0,1
สะพานมอญ,เจริญกรุง,6,07:00-09:00,0,1,0
สะพานมอญ,เจริญกรุง,6,09:00-16:00,0,1,0
สะพานมอญ,เจริญกรุง,6,16:00-19:00,0,1,0
สะพานลอยหน้าวัดสุวรรณ,เจริญนคร,7,07:00-09:00,0,1,0
สะพานลอยหน้าวัดสุวรรณ,เจริญนคร,7,09:00-16:00,0,1,0
สะพานลอยหน้าวัดสุวรรณ,เจริญนคร,7,16:00-19:00,0,1,0
สะพานวันชาติ,ดินสอ,8,07:00-09:00,1,0,0
สะพานวันชาติ,ดินสอ,8,09:00-16:00,1,0,0
สะพานวันชาติ,ดินสอ,8,16:00-19:00,1,0,0
สะพานวันชาติ,ดินสอ,10,07:00-09:00,0,0,1
สะพานวันชาติ,ดินสอ,10,09:00-16:00,0,0,1
สะพานวันชาติ,ดินสอ,10,16:00-19:00,0,0,1
สะพานวันชาติ,ดินสอ,12,07:00-09:00,1,0,0
สะพานวันชาติ,ดินสอ,12,09:00-16:00,1,0,0
สะพานวันชาติ,ดินสอ,12,16:00-19:00,1,0,0
สะพานวันชาติ,ประชาธิปไตย,8,07:00-09:00,1,0,0
สะพานวันชาติ,ประชาธิปไตย,8,09:00-16:00,1,0,0
สะพานวันชาติ,ประชาธิปไตย,8,16:00-19:00,1,0,0
สะพานวันชาติ,ประชาธิปไตย,10,07:00-09:00,0,0,1
สะพานวันชาติ,ประชาธิปไตย,10,09:00-16:00,0,0,1
สะพานวันชาติ,ประชาธิปไตย,10,16:00-19:00,0,0,1
สะพานวันชาติ,ประชาธิปไตย,12,07:00-09:00,1,0,0
สะพานวันชาติ,ประชาธิปไตย,12,09:00-16:00,1,0,0
สะพานวันชาติ,ประชาธิปไตย,12,16:00-19:00,1,0,0
สะพานวันชาติ,พระสุเมรุ,8,07:00-09:00,1,0,0
สะพานวันชาติ,พระสุเมรุ,8,09:00-16:00,1,0,0
สะพานวันชาติ,พระสุเมรุ,8,16:00-19:00,1,0,0
สะพานวันชาติ,พระสุเมรุ,10,07:00-09:00,0,0,1
สะพานวันชาติ,พระสุเมรุ,10,09:00-16:00,0,0,1
สะพานวันชาติ,พระสุเมรุ,10,16:00-19:00,0,0,1
สะพานวันชาติ,พระสุเมรุ,12,07:00-09:00,1,0,0
สะพานวันชาติ,พระสุเมรุ,12,09:00-16:00,1,0,0
สะพานวันชาติ,พระสุเมรุ,12,16:00-19:00,1,0,0
สะพานสมเด็จพระปิ่นเกล้า,มุ่งหน้าราชดำเนิน,1,07:00-09:00,0,0,1
สะพานสมเด็จพระปิ่นเกล้า,มุ่งหน้าราชดำเนิน,1,09:00-16:00,0,0,1
สะพานสมเด็จพระปิ่นเกล้า,มุ่งหน้าราชดำเนิน,1,16:00-19:00,0,0,1
สะพานสมเด็จพระปิ่นเกล้า,มุ่งหน้าแยกอรุณอัมรินทร์,1,07:00-09:00,0,0,1
สะพานสมเด็จพระปิ่นเกล้า,มุ่งหน้าแยกอรุณอัมรินทร์,1,09:00-16:00,0,0,1
สะพานสมเด็จพระปิ่นเกล้า,มุ่งหน้าแยกอรุณอัมรินทร์,1,16:00-19:00,0,0,1
สะพานสมเด็จพระปิ่นเกล้า,สะพานสมเด็จพระปิ่นเกล้า,1,07:00-09:00,0,0,1
สะพานสมเด็จพระปิ่นเกล้า,สะพานสมเด็จพระปิ่นเกล้า,1,09:00-17:00,0,0,1
สะพานสมเด็จพระปิ่นเกล้า,สะพานสมเด็จพระปิ่นเกล้า,1,17:00-19:00,0,0,1
สะพานสมเด็จพระปิ่นเกล้า,สะพานสมเด็จพระปิ่นเกล้า,2,07:00-09:00,0,0,1
สะพานสมเด็จพระปิ่นเกล้า,สะพานสมเด็จพระปิ่นเกล้า,2,09:00-17:00,0,0,1
สะพานสมเด็จพระปิ่นเกล้า,สะพานสมเด็จพระปิ่นเกล้า,2,17:00-19:00,0,0,1
สะพานสมเด็จพระปืนเกล้า,สะพานสมเด็จพระปิ่นเกล้า,10,07:00-09:00,1,0,0
สะพานสมเด็จพระปืนเกล้า,สะพานสมเด็จพระปิ่นเกล้า,10,09:00-16:00,1,0,0
สะพานสมเด็จพระปืนเกล้า,สะพานสมเด็จพระปิ่นเกล้า,10,16:00-19:00,1,0,0
สะพานสมเด็จพระเจ้าตากสิน,มุ่งหน้าถนนกรุงธนบุรี,1,07:00-09:00,0,0,1
สะพานสมเด็จพระเจ้าตากสิน,มุ่งหน้าถนนกรุงธนบุรี,1,09:00-16:00,0,0,1
สะพานสมเด็จพระเจ้าตากสิน,มุ่งหน้าถนนกรุงธนบุรี,1,16:00-19:00,0,0,1
สะพานสมเด็จพระเจ้าตากสิน,มุ่งหน้าแยกสุรศักดิ์,1,07:00-09:00,0,0,1
สะพานสมเด็จพระเจ้าตากสิน,มุ่งหน้าแยกสุรศักดิ์,1,09:00-16:00,0,0,1
สะพานสมเด็จพระเจ้าตากสิน,มุ่งหน้าแยกสุรศักดิ์,1,16:00-19:00,0,0,1
สะพานสมเด็จพระเจ้าตากสิน,สะพานสมเด็จพระเจ้าตากสิน,1,07:00-09:00,0,0,1
สะพานสมเด็จพระเจ้าตากสิน,สะพานสมเด็จพระเจ้าตากสิน,1,09:00-17:00,0,0,1
สะพานสมเด็จพระเจ้าตากสิน,สะพานสมเด็จพระเจ้าตากสิน,1,17:00-19:00,0,0,1
สะพานสมเด็จพระเจ้าตากสิน,สะพานสมเด็จพระเจ้าตากสิน,2,07:00-09:00,0,0,1
สะพานสมเด็จพระเจ้าตากสิน,สะพานสมเด็จพระเจ้าตากสิน,2,09:00-17:00,0,0,1
สะพานสมเด็จพระเจ้าตากสิน,สะพานสมเด็จพระเจ้าตากสิน,2,17:00-19:00,0,0,1
สะพานสมเด็จพระเจ้าตากสินมหาราช,สะพานสาทร,10,07:00-09:00,1,0,0
สะพานสมเด็จพระเจ้าตากสินมหาราช,สะพานสาทร,10,09:00-16:00,1,0,0
สะพานสมเด็จพระเจ้าตากสินมหาราช,สะพานสาทร,10,16:00-19:00,1,0,0
สะพานอ่อน,บรรทัดทอง,4,07:00-09:00,0,1,0
สะพานอ่อน,บรรทัดทอง,4,09:00-16:00,0,1,0
สะพานอ่อน,บรรทัดทอง,4,16:00-19:00,0,1,0
สะพานอ่อน,บรรทัดทอง,6,07:00-09:00,1,0,0
สะพานอ่อน,บรรทัดทอง,6,09:00-16:00,1,0,0
สะพานอ่อน,บรรทัดทอง,6,16:00-19:00,1,0,0
สะพานอ่อน,บรรทัดทอง,10,07:00-09:00,1,0,0
สะพานอ่อน,บรรทัดทอง,10,09:00-16:00,1,0,0
สะพานอ่อน,บรรทัดทอง,10,16:00-19:00,1,0,0
สะพานอ่อน,เจริญเมือง,4,07:00-09:00,0,1,0
สะพานอ่อน,เจริญเมือง,4,09:00-16:00,0,1,0
สะพานอ่อน,เจริญเมือง,4,16:00-19:00,0,1,0
สะพานอ่อน,เจริญเมือง,6,07:00-09:00,1,0,0
สะพานอ่อน,เจริญเมือง,6,09:00-16:00,1,0,0
สะพานอ่อน,เจริญเมือง,6,16:00-19:00,1,0,0
สะพานอ่อน,เจริญเมือง,10,07:00-09:00,1,0,0
สะพานอ่อน,เจริญเมือง,10,09:00-16:00,1,0,0
สะพานอ่อน,เจริญเมือง,10,16:00-19:00,1,0,0
สะพานเหลือง,ซอยพระยาดำรงค์,3,07:00-09:00,1,0,0
สะพานเหลือง,ซอยพระยาดำรงค์,3,09:00-16:00,1,0,0
สะพานเหลือง,ซอยพระยาดำรงค์,3,16:00-19:00,1,0,0
สะพานเหลือง,ซอยพระยาดำรงค์,10,06:30-09:00,1,0,0
สะพานเหลือง,ซอยพระยาดำรงค์,10,09:00-16:00,1,0,0
สะพานเหลือง,ซอยพระยาดำรงค์,10,16:00-19:30,1,0,0
สะพานเหลือง,ซอยสว่าง1-ทางด่วน-ซอยพระยาดำรง,4,07:00-09:00,0,0,1
สะพานเหลือง,ซอยสว่าง1-ทางด่วน-ซอยพระยาดำรง,4,09:00-17:00,0,0,1
สะพานเหลือง,ซอยสว่าง1-ทางด่วน-ซอยพระยาดำรง,4,17:00-19:00,0,0,1
สะพานเหลือง,บรรทัดทอง,3,07:00-09:00,1,0,0
สะพานเหลือง,บรรทัดทอง,3,09:00-16:00,1,0,0
สะพานเหลือง,บรรทัดทอง,3,16:00-19:00,1,0,0
สะพานเหลือง,บรรทัดทอง,4,07:00-09:00,0,0,1
สะพานเหลือง,บรรทัดทอง,4,09:00-17:00,0,0,1
สะพานเหลือง,บรรทัดทอง,4,17:00-19:00,0,0,1
สะพานเหลือง,บรรทัดทอง,8,07:00-09:00,0,1,0
สะพานเหลือง,บรรทัดทอง,8,09:00-16:00,0,1,0
สะพานเหลือง,บรรทัดทอง,8,16:00-19:00,0,1,0
สะพานเหลือง,บรรทัดทอง,10,07:00-09:00,1,0,0
สะพานเหลือง,บรรทัดทอง,10,09:00-16:00,1,0,0
สะพานเหลือง,บรรทัดทอง,10,16:00-19:00,1,0,0
สะพานเหลือง,พระรามที่4,3,07:00-09:00,1,0,0
สะพานเหลือง,พระรามที่4,3,09:00-16:00,1,0,0
สะพานเหลือง,พระรามที่4,3,16:00-19:00,1,0,0
สะพานเหลือง,พระรามที่4,4,07:00-09:00,0,0,1
สะพานเหลือง,พระรามที่4,4,09:00-17:00,0,0,1
สะพานเหลือง,พระรามที่4,4,17:00-19:00,0,0,1
สะพานเหลือง,พระรามที่4,8,07:00-09:00,0,1,0
สะพานเหลือง,พระรามที่4,8,09:00-16:00,0,1,0
สะพานเหลือง,พระรามที่4,8,16:00-19:00,0,1,0
สะพานเหลือง,พระรามที่4,10,07:00-09:00,1,0,0
สะพานเหลือง,พระรามที่4,10,09:00-16:00,1,0,0
สะพานเหลือง,พระรามที่4,10,16:00-19:00,1,0,0
สะพานแดง,ทหาร,1,07:00-09:00,0,1,0
สะพานแดง,ทหาร,1,09:00-16:00,0,1,0
สะพานแดง,ทหาร,1,16:00-19:00,0,1,0
สะพานแดง,ทหาร,3,07:00-09:00,0,0,1
สะพานแดง,ทหาร,3,09:00-17:00,0,0,1
สะพานแดง,ทหาร,3,17:00-19:00,0,0,1
สะพานแดง,ทหาร,8,07:00-09:00,2,0,0
สะพานแดง,ทหาร,8,09:00-16:00,2,0,0
สะพานแดง,ทหาร,8,16:00-19:00,2,0,0
สะพานแดง,ทหาร,12,07:00-09:00,0,0,1
สะพานแดง,ทหาร,12,09:00-16:00,0,0,1
สะพานแดง,ทหาร,12,16:00-19:00,0,0,1
สะพานแดง,ประดิพัทธ์,1,07:00-09:00,0,1,0
สะพานแดง,ประดิพัทธ์,1,09:00-16:00,0,1,0
สะพานแดง,ประดิพัทธ์,1,16:00-19:00,0,1,0
สะพานแดง,ประดิพัทธ์,3,07:00-09:00,0,0,1
สะพานแดง,ประดิพัทธ์,3,09:00-17:00,0,0,1
สะพานแดง,ประดิพัทธ์,3,17:00-19:00,0,0,1
สะพานแดง,ประดิพัทธ์,8,07:00-09:00,2,0,0
สะพานแดง,ประดิพัทธ์,8,09:00-16:00,2,0,0
สะพานแดง,ประดิพัทธ์,8,16:00-19:00,2,0,0
สะพานแดง,ประดิพัทธ์,12,07:00-09:00,0,0,1
สะพานแดง,ประดิพัทธ์,12,09:00-16:00,0,0,1
สะพานแดง,ประดิพัทธ์,12,16:00-19:00,0,0,1
สะพานแดง,พระรามที่5,1,07:00-09:00,0,1,0
สะพานแดง,พระรามที่5,1,09:00-16:00,0,1,0
สะพานแดง,พระรามที่5,1,16:00-19:00,0,1,0
สะพานแดง,พระรามที่5,3,07:00-09:00,0,0,1
สะพานแดง,พระรามที่5,3,09:00-17:00,0,0,1
สะพานแดง,พระรามที่5,3,17:00-19:00,0,0,1
สะพานแดง,พระรามที่5,8,06:30-09:00,1,0,0
สะพานแดง,พระรามที่5,8,07:00-09:00,1,0,0
สะพานแดง,พระรามที่5,8,09:00-16:00,2,0,0
สะพานแดง,พระรามที่5,8,16:00-19:00,1,0,0
สะพานแดง,พระรามที่5,8,16:00-19:30,1,0,0
สะพานแดง,พระรามที่5,12,07:00-09:00,0,0,1
สะพานแดง,พระรามที่5,12,09:00-16:00,0,0,1
สะพานแดง,พระรามที่5,12,16:00-19:00,0,0,1
สะพานแดง,เตชะวณิช,1,07:00-09:00,0,1,0
สะพานแดง,เตชะวณิช,1,09:00-16:00,0,1,0
สะพานแดง,เตชะวณิช,1,16:00-19:00,0,1,0
สะพานแดง,เตชะวณิช,3,07:00-09:00,0,0,1
สะพานแดง,เตชะวณิช,3,09:00-17:00,0,0,1
สะพานแดง,เตชะวณิช,3,17:00-19:00,0,0,1
สะพานแดง,เตชะวณิช,8,06:30-09:00,1,0,0
สะพานแดง,เตชะวณิช,8,07:00-09:00,1,0,0
สะพานแดง,เตชะวณิช,8,09:00-16:00,2,0,0
สะพานแดง,เตชะวณิช,8,16:00-19:00,1,0,0
สะพานแดง,เตชะวณิช,8,16:00-19:30,1,0,0
สะพานแดง,เตชะวณิช,12,07:00-09:00,0,0,1
สะพานแดง,เตชะวณิช,12,09:00-16:00,0,0,1
สะพานแดง,เตชะวณิช,12,16:00-19:00,0,0,1
สะพานใหม่,พหลโยธิน,4,07:00-09:00,0,0,1
สะพานใหม่,พหลโยธิน,4,09:00-17:00,0,0,1
สะพานใหม่,พหลโยธิน,4,17:00-19:00,0,0,1
สะพานใหม่,เทพรักษ์,4,07:00-09:00,0,0,1
สะพานใหม่,เทพรักษ์,4,09:00-17:00,0,0,1
สะพานใหม่,เทพรักษ์,4,17:00-19:00,0,0,1
สะแกงาม,บางขุนเทียน,6,07:00-09:00,0,0,1
สะแกงาม,บางขุนเทียน,6,09:00-17:00,0,0,1
สะแกงาม,บางขุนเทียน,6,17:00-19:00,0,0,1
สะแกงาม,สะแกงาม,6,07:00-09:00,0,0,1
สะแกงาม,สะแกงาม,6,09:00-17:00,0,0,1
สะแกงาม,สะแกงาม,6,17:00-19:00,0,0,1
สะแกงาม12,สะแกงาม,7,07:00-09:00,0,0,1
สะแกงาม12,สะแกงาม,7,09:00-17:00,0,0,1
สะแกงาม12,สะแกงาม,7,17:00-19:00,0,0,1
สะแกงาม12,สะแกงาม12,7,07:00-09:00,0,0,1
สะแกงาม12,สะแกงาม12,7,09:00-17:00,0,0,1
สะแกงาม12,สะแกงาม12,7,17:00-19:00,0,0,1
สะแกงาม26,สะแกงาม,10,07:00-09:00,0,0,1
สะแกงาม26,สะแกงาม,10,09:00-17:00,0,0,1
สะแกงาม26,สะแกงาม,10,17:00-19:00,0,0,1
สะแกงาม26,สะแกงาม26,10,07:00-09:00,0,0,1
สะแกงาม26,สะแกงาม26,10,09:00-17:00,0,0,1
สะแกงาม26,สะแกงาม26,10,17:00-19:00,0,0,1
สะแกงาม30,สะแกงาม,10,07:00-09:00,0,0,1
สะแกงาม30,สะแกงาม,10,09:00-17:00,0,0,1
สะแกงาม30,สะแกงาม,10,17:00-19:00,0,0,1
สะแกงาม30,สะแกงาม30,10,07:00-09:00,0,0,1
สะแกงาม30,สะแกงาม30,10,09:00-17:00,0,0,1
สะแกงาม30,สะแกงาม30,10,17:00-19:00,0,0,1
สะแกงาม7,สะแกงาม,7,07:00-09:00,0,0,1
สะแกงาม7,สะแกงาม,7,09:00-17:00,0,0,1
สะแกงาม7,สะแกงาม,7,17:00-19:00,0,0,1
สะแกงาม7,สะแกงาม7,7,07:00-09:00,0,0,1
สะแกงาม7,สะแกงาม7,7,09:00-17:00,0,0,1
สะแกงาม7,สะแกงาม7,7,17:00-19:00,0,0,1
สังคมสงเคราะห์,ซอยสังคมสงเคราะห์เหนือ,10,07:00-09:00,1,0,0
สังคมสงเคราะห์,ซอยสังคมสงเคราะห์เหนือ,10,09:00-16:00,1,0,0
สังคมสงเคราะห์,ซอยสังคมสงเคราะห์เหนือ,10,16:00-19:00,1,0,0
สังคมสงเคราะห์,สังคมสงเคราะห์,10,07:00-09:00,1,0,0
สังคมสงเคราะห์,สังคมสงเคราะห์,10,09:00-16:00,1,0,0
สังคมสงเคราะห์,สังคมสงเคราะห์,10,16:00-19:00,1,0,0
สังฆสันติสุข,ทหารอากาศอุทิศ,5,07:00-09:00,1,0,0
สังฆสันติสุข,ทหารอากาศอุทิศ,5,09:00-16:00,1,0,0
สังฆสันติสุข,ทหารอากาศอุทิศ,5,16:00-19:00,1,0,0
สังฆสันติสุข,สังฆสันติสุข,5,07:00-09:00,1,0,0
สังฆสันติสุข,สังฆสันติสุข,5,09:00-16:00,1,0,0
สังฆสันติสุข,สังฆสันติสุข,5,16:00-19:00,1,0,0
สังฆสันติสุข-ทหารอากาศอุทิศ,ทหารอากาศอุทิศ,9,07:00-09:00,0,0,1
สังฆสันติสุข-ทหารอากาศอุทิศ,ทหารอากาศอุทิศ,9,09:00-17:00,0,0,1
สังฆสันติสุข-ทหารอากาศอุทิศ,ทหารอากาศอุทิศ,9,17:00-19:00,0,0,1
สังฆสันติสุข-ทหารอากาศอุทิศ,สังฆสันติสุข,9,07:00-09:00,0,0,1
สังฆสันติสุข-ทหารอากาศอุทิศ,สังฆสันติสุข,9,09:00-17:00,0,0,1
สังฆสันติสุข-ทหารอากาศอุทิศ,สังฆสันติสุข,9,17:00-19:00,0,0,1
สังฆสันติสุข-สังฆสันติสุข3-อยู่วิทยา,สังฆสันติสุข,9,07:00-09:00,0,0,1
สังฆสันติสุข-สังฆสันติสุข3-อยู่วิทยา,สังฆสันติสุข,9,09:00-16:00,0,0,1
สังฆสันติสุข-สังฆสันติสุข3-อยู่วิทยา,สังฆสันติสุข,9,16:00-19:00,0,0,1
สังฆสันติสุข-สังฆสันติสุข3-อยู่วิทยา,สังฆสันติสุข3,9,07:00-09:00,0,0,1
สังฆสันติสุข-สังฆสันติสุข3-อยู่วิทยา,สังฆสันติสุข3,9,09:00-16:00,0,0,1
สังฆสันติสุข-สังฆสันติสุข3-อยู่วิทยา,สังฆสันติสุข3,9,16:00-19:00,0,0,1
สังฆสันติสุข-สังฆสันติสุข3-อยู่วิทยา,อยู่วิทยา,9,07:00-09:00,0,0,1
สังฆสันติสุข-สังฆสันติสุข3-อยู่วิทยา,อยู่วิทยา,9,09:00-16:00,0,0,1
สังฆสันติสุข-สังฆสันติสุข3-อยู่วิทยา,อยู่วิทยา,9,16:00-19:00,0,0,1
สังฆสันติสุข-สังฆสันติสุข7,สังฆสันติสุข,9,07:00-09:00,0,0,1
สังฆสันติสุข-สังฆสันติสุข7,สังฆสันติสุข,9,09:00-17:00,0,0,1
สังฆสันติสุข-สังฆสันติสุข7,สังฆสันติสุข,9,17:00-19:00,0,0,1
สังฆสันติสุข-สังฆสันติสุข7,สังฆสันติสุข7,9,07:00-09:00,0,0,1
สังฆสันติสุข-สังฆสันติสุข7,สังฆสันติสุข7,9,09:00-17:00,0,0,1
สังฆสันติสุข-สังฆสันติสุข7,สังฆสันติสุข7,9,17:00-19:00,0,0,1
สาทร-คอนแวต์,คอนแวนต์,12,07:00-09:00,0,0,1
สาทร-คอนแวต์,คอนแวนต์,12,09:00-17:00,0,0,1
สาทร-คอนแวต์,คอนแวนต์,12,17:00-19:00,0,0,1
สาทร-คอนแวต์,สาทร,12,07:00-09:00,0,0,1
สาทร-คอนแวต์,สาทร,12,09:00-17:00,0,0,1
สาทร-คอนแวต์,สาทร,12,17:00-19:00,0,0,1
สาทร-คอนแวนต์,คอนแวนต์,4,07:00-09:00,0,0,1
สาทร-คอนแวนต์,คอนแวนต์,4,09:00-17:00,0,0,1
สาทร-คอนแวนต์,คอนแวนต์,4,17:00-19:00,0,0,1
สาทร-คอนแวนต์,คอนแวนต์,11,07:00-09:00,0,0,1
สาทร-คอนแวนต์,คอนแวนต์,11,09:00-17:00,0,0,1
สาทร-คอนแวนต์,คอนแวนต์,11,17:00-19:00,0,0,1
สาทร-คอนแวนต์,สาทร,4,07:00-09:00,0,0,1
สาทร-คอนแวนต์,สาทร,4,09:00-17:00,0,0,1
สาทร-คอนแวนต์,สาทร,4,17:00-19:00,0,0,1
สาทร-คอนแวนต์,สาทร,11,07:00-09:00,0,0,1
สาทร-คอนแวนต์,สาทร,11,09:00-17:00,0,0,1
สาทร-คอนแวนต์,สาทร,11,17:00-19:00,0,0,1
สาทร-นราธิวาส,นราธิวาสราชนครนิทร์,11,07:00-09:00,0,1,0
สาทร-นราธิวาส,นราธิวาสราชนครนิทร์,11,09:00-16:00,0,1,0
สาทร-นราธิวาส,นราธิวาสราชนครนิทร์,11,16:00-19:00,0,1,0
สาทร-นราธิวาส,นราธิวาสราชนครินทร์,1,07:00-09:00,0,0,1
สาทร-นราธิวาส,นราธิวาสราชนครินทร์,1,09:00-16:00,0,0,1
สาทร-นราธิวาส,นราธิวาสราชนครินทร์,1,16:00-19:00,0,0,1
สาทร-นราธิวาส,นราธิวาสราชนครินทร์,8,07:00-09:00,0,0,2
สาทร-นราธิวาส,นราธิวาสราชนครินทร์,8,09:00-17:00,0,0,2
สาทร-นราธิวาส,นราธิวาสราชนครินทร์,8,17:00-19:00,0,0,2
สาทร-นราธิวาส,นราธิวาสราชนครินทร์,11,07:00-09:00,1,0,0
สาทร-นราธิวาส,นราธิวาสราชนครินทร์,11,09:00-16:00,1,0,0
สาทร-นราธิวาส,นราธิวาสราชนครินทร์,11,16:00-19:00,1,0,0
สาทร-นราธิวาส,สาทร,1,07:00-09:00,0,0,1
สาทร-นราธิวาส,สาทร,1,09:00-16:00,0,0,1
สาทร-นราธิวาส,สาทร,1,16:00-19:00,0,0,1
สาทร-นราธิวาส,สาทร,8,07:00-09:00,0,0,2
สาทร-นราธิวาส,สาทร,8,09:00-17:00,0,0,2
สาทร-นราธิวาส,สาทร,8,17:00-19:00,0,0,2
สาทร-นราธิวาส,สาทร,11,07:00-09:00,1,1,0
สาทร-นราธิวาส,สาทร,11,09:00-16:00,1,1,0
สาทร-นราธิวาส,สาทร,11,16:00-19:00,1,1,0
สาทร-นราธิวาสฯ,นราธิวาสราชนครินทร์,8,07:00-09:00,0,0,1
สาทร-นราธิวาสฯ,นราธิวาสราชนครินทร์,8,09:00-17:00,0,0,1
สาทร-นราธิวาสฯ,นราธิวาสราชนครินทร์,8,17:00-19:00,0,0,1
สาทร-นราธิวาสฯ,สาทร,8,07:00-09:00,0,0,1
สาทร-นราธิวาสฯ,สาทร,8,09:00-17:00,0,0,1
สาทร-นราธิวาสฯ,สาทร,8,17:00-19:00,0,0,1
สาทร-ประมวญ,ประมวญ,3,07:00-09:00,0,0,1
สาทร-ประมวญ,ประมวญ,3,09:00-17:00,0,0,1
สาทร-ประมวญ,ประมวญ,3,17:00-19:00,0,0,1
สาทร-ประมวญ,สาทร,3,07:00-09:00,0,0,1
สาทร-ประมวญ,สาทร,3,09:00-17:00,0,0,1
สาทร-ประมวญ,สาทร,3,17:00-19:00,0,0,1
สาทร-ประมวล,ประมวล,12,07:00-09:00,1,0,0
สาทร-ประมวล,ประมวล,12,09:00-16:00,1,0,0
สาทร-ประมวล,ประมวล,12,16:00-19:00,1,0,0
สาทร-ประมวล,สาทร,12,07:00-09:00,1,0,0
สาทร-ประมวล,สาทร,12,09:00-16:00,1,0,0
สาทร-ประมวล,สาทร,12,16:00-19:00,1,0,0
สาทร-ปั้น,ปั้น,3,07:00-09:00,0,0,1
สาทร-ปั้น,ปั้น,3,09:00-17:00,0,0,1
สาทร-ปั้น,ปั้น,3,17:00-19:00,0,0,1
สาทร-ปั้น,สาทร,3,07:00-09:00,0,0,1
สาทร-ปั้น,สาทร,3,09:00-17:00,0,0,1
สาทร-ปั้น,สาทร,3,17:00-19:00,0,0,1
สาทร-สุรศักดิ์,สาทร,4,07:00-09:00,0,0,1
สาทร-สุรศักดิ์,สาทร,4,09:00-16:00,0,0,1
สาทร-สุรศักดิ์,สาทร,4,16:00-19:00,0,0,1
สาทร-สุรศักดิ์,สาทร,7,07:00-09:00,0,0,1
สาทร-สุรศักดิ์,สาทร,7,09:00-17:00,0,0,1
สาทร-สุรศักดิ์,สาทร,7,17:00-19:00,0,0,1
สาทร-สุรศักดิ์,สาทร,8,06:30-09:00,0,1,0
สาทร-สุรศักดิ์,สาทร,8,09:00-16:00,0,1,0
สาทร-สุรศักดิ์,สาทร,8,16:00-19:30,0,1,0
สาทร-สุรศักดิ์,สาทร,12,07:00-09:00,1,0,0
สาทร-สุรศักดิ์,สาทร,12,09:00-16:00,1,0,0
สาทร-สุรศักดิ์,สาทร,12,16:00-19:00,1,0,0
สาทร-สุรศักดิ์,สุรศักดิ์,4,07:00-09:00,0,0,1
สาทร-สุรศักดิ์,สุรศักดิ์,4,09:00-16:00,0,0,1
สาทร-สุรศักดิ์,สุรศักดิ์,4,16:00-19:00,0,0,1
สาทร-สุรศักดิ์,สุรศักดิ์,7,07:00-09:00,0,0,1
สาทร-สุรศักดิ์,สุรศักดิ์,7,09:00-17:00,0,0,1
สาทร-สุรศักดิ์,สุรศักดิ์,7,17:00-19:00,0,0,1
สาทร-สุรศักดิ์,สุรศักดิ์,8,06:30-09:00,0,1,0
สาทร-สุรศักดิ์,สุรศักดิ์,8,09:00-16:00,0,1,0
สาทร-สุรศักดิ์,สุรศักดิ์,8,16:00-19:30,0,1,0
สาทร-สุรศักดิ์,สุรศักดิ์,12,07:00-09:00,1,0,0
สาทร-สุรศักดิ์,สุรศักดิ์,12,09:00-16:00,1,0,0
สาทร-สุรศักดิ์,สุรศักดิ์,12,16:00-19:00,1,0,0
สาทร-สุรศักดิ์,เจริญราษฎร์,4,07:00-09:00,0,0,1
สาทร-สุรศักดิ์,เจริญราษฎร์,4,09:00-16:00,0,0,1
สาทร-สุรศักดิ์,เจริญราษฎร์,4,16:00-19:00,0,0,1
สาทร-สุรศักดิ์,เจริญราษฎร์,7,07:00-09:00,0,0,1
สาทร-สุรศักดิ์,เจริญราษฎร์,7,09:00-17:00,0,0,1
สาทร-สุรศักดิ์,เจริญราษฎร์,7,17:00-19:00,0,0,1
สาทร-สุรศักดิ์,เจริญราษฎร์,8,07:00-09:00,0,1,0
สาทร-สุรศักดิ์,เจริญราษฎร์,8,09:00-16:00,0,1,0
สาทร-สุรศักดิ์,เจริญราษฎร์,8,16:00-19:00,0,1,0
สาทร-สุรศักดิ์,เจริญราษฎร์,12,07:00-09:00,1,0,0
สาทร-สุรศักดิ์,เจริญราษฎร์,12,09:00-16:00,1,0,0
สาทร-สุรศักดิ์,เจริญราษฎร์,12,16:00-19:00,1,0,0
สาทร-เจริญกรุง,ทางเข้าเจ้าพระยาทาวเวอร์,6,07:00-09:00,0,1,1
สาทร-เจริญกรุง,ทางเข้าเจ้าพระยาทาวเวอร์,6,09:00-16:00,0,1,1
สาทร-เจริญกรุง,ทางเข้าเจ้าพระยาทาวเวอร์,6,16:00-19:00,0,1,1
สาทร-เจริญกรุง,สาทร,6,06:30-09:00,0,1,0
สาทร-เจริญกรุง,สาทร,6,07:00-09:00,0,1,1
สาทร-เจริญกรุง,สาทร,6,09:00-16:00,0,2,1
สาทร-เจริญกรุง,สาทร,6,16:00-19:00,0,1,1
สาทร-เจริญกรุง,สาทร,6,16:00-19:30,0,1,0
สาทร-เจริญกรุง,สาทร,8,07:00-09:00,1,0,0
สาทร-เจริญกรุง,สาทร,8,09:00-16:00,1,0,0
สาทร-เจริญกรุง,สาทร,8,16:00-19:00,1,0,0
สาทร-เจริญกรุง,สาทร,9,07:00-09:00,0,0,1
สาทร-เจริญกรุง,สาทร,9,09:00-17:00,0,0,1
สาทร-เจริญกรุง,สาทร,9,17:00-19:00,0,0,1
สาทร-เจริญกรุง,เจริญกรุง,6,06:30-09:00,0,1,0
สาทร-เจริญกรุง,เจริญกรุง,6,07:00-09:00,0,1,1
สาทร-เจริญกรุง,เจริญกรุง,6,09:00-16:00,0,2,1
สาทร-เจริญกรุง,เจริญกรุง,6,16:00-19:00,0,1,1
สาทร-เจริญกรุง,เจริญกรุง,6,16:00-19:30,0,1,0
สาทร-เจริญกรุง,เจริญกรุง,8,07:00-09:00,1,0,0
สาทร-เจริญกรุง,เจริญกรุง,8,09:00-16:00,1,0,0
สาทร-เจริญกรุง,เจริญกรุง,8,16:00-19:00,1,0,0
สาทร-เจริญกรุง,เจริญกรุง,9,07:00-09:00,0,0,1
สาทร-เจริญกรุง,เจริญกรุง,9,09:00-17:00,0,0,1
สาทร-เจริญกรุง,เจริญกรุง,9,17:00-19:00,0,0,1
สาทร-เจริญกรุง,เจริญกรุง50/1,9,07:00-09:00,0,0,1
สาทร-เจริญกรุง,เจริญกรุง50/1,9,09:00-17:00,0,0,1
สาทร-เจริญกรุง,เจริญกรุง50/1,9,17:00-19:00,0,0,1
สาทร11-นราธิวาส10แยก22-3,นราธิวาสฯ10แยก22-3,9,07:00-09:00,0,0,1
สาทร11-นราธิวาส10แยก22-3,นราธิวาสฯ10แยก22-3,9,09:00-16:00,0,0,1
สาทร11-นราธิวาส10แยก22-3,นราธิวาสฯ10แยก22-3,9,16:00-19:00,0,0,1
สาทร11-นราธิวาส10แยก22-3,สาทร11(SB),9,07:00-09:00,0,0,1
สาทร11-นราธิวาส10แยก22-3,สาทร11(SB),9,09:00-16:00,0,0,1
สาทร11-นราธิวาส10แยก22-3,สาทร11(SB),9,16:00-19:00,0,0,1
สาทรคอนแวนต์,คอนแวนต์,3,07:00-09:00,0,0,1
สาทรคอนแวนต์,คอนแวนต์,3,09:00-16:00,0,0,1
สาทรคอนแวนต์,คอนแวนต์,3,16:00-19:00,0,0,1
สาทรคอนแวนต์,ซอยคอนแวนต์,12,07:00-09:00,1,0,0
สาทรคอนแวนต์,ซอยคอนแวนต์,12,09:00-16:00,1,0,0
สาทรคอนแวนต์,ซอยคอนแวนต์,12,16:00-19:00,1,0,0
สาทรคอนแวนต์,สาทร,3,07:00-09:00,0,0,1
สาทรคอนแวนต์,สาทร,3,09:00-16:00,0,0,1
สาทรคอนแวนต์,สาทร,3,16:00-19:00,0,0,1
สาทรคอนแวนต์,สาทร,12,07:00-09:00,1,0,0
สาทรคอนแวนต์,สาทร,12,09:00-16:00,1,0,0
สาทรคอนแวนต์,สาทร,12,16:00-19:00,1,0,0
สาธุ-จันทน์,จันทน์,2,07:00-09:00,0,0,1
สาธุ-จันทน์,จันทน์,2,09:00-17:00,0,0,1
สาธุ-จันทน์,จันทน์,2,17:00-19:00,0,0,1
สาธุ-จันทน์,จันทน์,4,07:00-09:00,0,1,0
สาธุ-จันทน์,จันทน์,4,09:00-16:00,0,1,0
สาธุ-จันทน์,จันทน์,4,16:00-19:00,0,1,0
สาธุ-จันทน์,จันทน์,7,07:00-09:00,2,0,0
สาธุ-จันทน์,จันทน์,7,09:00-16:00,2,0,0
สาธุ-จันทน์,จันทน์,7,16:00-19:00,2,0,0
สาธุ-จันทน์,จันทน์,10,07:00-09:00,0,0,1
สาธุ-จันทน์,จันทน์,10,17:00-19:00,0,0,1
สาธุ-จันทน์,สาธุประดิษฐ์,2,07:00-09:00,0,0,1
สาธุ-จันทน์,สาธุประดิษฐ์,2,09:00-17:00,0,0,1
สาธุ-จันทน์,สาธุประดิษฐ์,2,17:00-19:00,0,0,1
สาธุ-จันทน์,สาธุประดิษฐ์,4,07:00-09:00,0,1,0
สาธุ-จันทน์,สาธุประดิษฐ์,4,09:00-16:00,0,1,0
สาธุ-จันทน์,สาธุประดิษฐ์,4,16:00-19:00,0,1,0
สาธุ-จันทน์,สาธุประดิษฐ์,7,07:00-09:00,2,0,0
สาธุ-จันทน์,สาธุประดิษฐ์,7,09:00-16:00,2,0,0
สาธุ-จันทน์,สาธุประดิษฐ์,7,16:00-19:00,2,0,0
สาธุ-จันทน์,สาธุประดิษฐ์,10,07:00-09:00,0,0,1
สาธุ-จันทน์,สาธุประดิษฐ์,10,09:00-17:00,0,0,1
สาธุ-จันทน์,สาธุประดิษฐ์,10,17:00-19:00,0,0,1
สาธุประดิษฐ์,พระรามที่3,2,07:00-09:00,1,0,0
สาธุประดิษฐ์,พระรามที่3,2,09:00-16:00,1,0,0
สาธุประดิษฐ์,พระรามที่3,2,16:00-19:00,1,0,0
สาธุประดิษฐ์,พระรามที่3,4,07:00-09:00,0,0,1
สาธุประดิษฐ์,พระรามที่3,4,09:00-17:00,0,0,1
สาธุประดิษฐ์,พระรามที่3,4,17:00-19:00,0,0,1
สาธุประดิษฐ์,พระรามที่3,5,07:00-09:00,0,1,1
สาธุประดิษฐ์,พระรามที่3,5,09:00-16:00,0,1,1
สาธุประดิษฐ์,พระรามที่3,5,16:00-19:00,0,1,1
สาธุประดิษฐ์,พระรามที่3,6,07:00-09:00,1,0,0
สาธุประดิษฐ์,พระรามที่3,6,09:00-16:00,1,0,0
สาธุประดิษฐ์,พระรามที่3,6,16:00-19:00,1,0,0
สาธุประดิษฐ์,สาธุประดิษฐ์,2,07:00-09:00,1,0,0
สาธุประดิษฐ์,สาธุประดิษฐ์,2,09:00-16:00,1,0,0
สาธุประดิษฐ์,สาธุประดิษฐ์,2,16:00-19:00,1,0,0
สาธุประดิษฐ์,สาธุประดิษฐ์,4,07:00-09:00,0,0,1
สาธุประดิษฐ์,สาธุประดิษฐ์,4,09:00-17:00,0,0,1
สาธุประดิษฐ์,สาธุประดิษฐ์,4,17:00-19:00,0,0,1
สาธุประดิษฐ์,สาธุประดิษฐ์,5,06:30-09:00,0,1,0
สาธุประดิษฐ์,สาธุประดิษฐ์,5,07:00-09:00,0,0,1
สาธุประดิษฐ์,สาธุประดิษฐ์,5,09:00-16:00,0,1,1
สาธุประดิษฐ์,สาธุประดิษฐ์,5,16:00-19:00,0,0,1
สาธุประดิษฐ์,สาธุประดิษฐ์,5,16:00-19:30,0,1,0
สาธุประดิษฐ์,สาธุประดิษฐ์,6,07:00-09:00,1,0,0
สาธุประดิษฐ์,สาธุประดิษฐ์,6,09:00-16:00,1,0,0
สาธุประดิษฐ์,สาธุประดิษฐ์,6,16:00-19:00,1,0,0
สาธุประดิษฐ์-ยานนาวา,ยานนาวา,7,07:00-09:00,1,0,0
สาธุประดิษฐ์-ยานนาวา,ยานนาวา,7,09:00-16:00,1,0,0
สาธุประดิษฐ์-ยานนาวา,ยานนาวา,7,16:00-19:00,1,0,0
สาธุประดิษฐ์-ยานนาวา,สาธุประดิษฐ์,7,07:00-09:00,1,0,0
สาธุประดิษฐ์-ยานนาวา,สาธุประดิษฐ์,7,09:00-16:00,1,0,0
สาธุประดิษฐ์-ยานนาวา,สาธุประดิษฐ์,7,16:00-19:00,1,0,0
สาธุประดิษฐ์19,สาธุประดิษฐ์,7,07:00-09:00,0,0,1
สาธุประดิษฐ์19,สาธุประดิษฐ์,7,09:00-17:00,0,0,1
สาธุประดิษฐ์19,สาธุประดิษฐ์,7,17:00-19:00,0,0,1
สาธุประดิษฐ์19,สาธุประดิษฐ์19,7,07:00-09:00,0,0,1
สาธุประดิษฐ์19,สาธุประดิษฐ์19,7,09:00-17:00,0,0,1
สาธุประดิษฐ์19,สาธุประดิษฐ์19,7,17:00-19:00,0,0,1
สามยอด,มหาไชย,1,07:00-09:00,1,0,1
สามยอด,มหาไชย,1,09:00-16:00,1,0,0
สามยอด,มหาไชย,1,09:00-17:00,0,0,1
สามยอด,มหาไชย,1,16:00-19:00,1,0,0
สามยอด,มหาไชย,1,17:00-19:00,0,0,1
สามยอด,มหาไชย,6,07:00-09:00,0,1,0
สามยอด,มหาไชย,6,09:00-16:00,0,1,0
สามยอด,มหาไชย,6,16:00-19:00,0,1,0
สามยอด,มหาไชย,11,07:00-09:00,0,1,1
สามยอด,มหาไชย,11,09:00-16:00,0,1,1
สามยอด,มหาไชย,11,16:00-19:00,0,1,1
สามยอด,เจริญกรุง,1,07:00-09:00,1,0,1
สามยอด,เจริญกรุง,1,09:00-16:00,1,0,0
สามยอด,เจริญกรุง,1,09:00-17:00,0,0,1
สามยอด,เจริญกรุง,1,16:00-19:00,1,0,0
สามยอด,เจริญกรุง,1,17:00-19:00,0,0,1
สามยอด,เจริญกรุง,6,07:00-09:00,0,1,0
สามยอด,เจริญกรุง,6,09:00-16:00,0,1,0
สามยอด,เจริญกรุง,6,16:00-19:00,0,1,0
สามยอด,เจริญกรุง,11,07:00-09:00,0,1,1
สามยอด,เจริญกรุง,11,09:00-16:00,0,1,1
สามยอด,เจริญกรุง,11,16:00-19:00,0,1,1
สามย่าน,พญาไท,5,07:00-09:00,0,0,1
สามย่าน,พญาไท,5,09:00-17:00,0,0,1
สามย่าน,พญาไท,5,17:00-19:00,0,0,1
สามย่าน,พญาไท,6,07:00-09:00,0,0,1
สามย่าน,พญาไท,6,09:00-16:00,0,0,1
สามย่าน,พญาไท,6,16:00-19:00,0,0,1
สามย่าน,พญาไท,11,07:00-09:00,0,1,0
สามย่าน,พญาไท,11,09:00-16:00,0,1,0
สามย่าน,พญาไท,11,16:00-19:00,0,1,0
สามย่าน,พระรามที่4,5,07:00-09:00,0,0,1
สามย่าน,พระรามที่4,5,09:00-17:00,0,0,1
สามย่าน,พระรามที่4,5,17:00-19:00,0,0,1
สามย่าน,พระรามที่4,6,07:00-09:00,0,0,1
สามย่าน,พระรามที่4,6,09:00-16:00,0,0,1
สามย่าน,พระรามที่4,6,16:00-19:00,0,0,1
สามย่าน,พระรามที่4,11,07:00-09:00,0,1,0
สามย่าน,พระรามที่4,11,09:00-16:00,0,1,0
สามย่าน,พระรามที่4,11,16:00-19:00,0,1,0
สามย่าน,สี่พระยา,5,07:00-09:00,0,0,1
สามย่าน,สี่พระยา,5,09:00-17:00,0,0,1
สามย่าน,สี่พระยา,5,17:00-19:00,0,0,1
สามย่าน,สี่พระยา,6,07:00-09:00,0,0,1
สามย่าน,สี่พระยา,6,09:00-16:00,0,0,1
สามย่าน,สี่พระยา,6,16:00-19:00,0,0,1
สามย่าน,สี่พระยา,11,07:00-09:00,0,1,0
สามย่าน,สี่พระยา,11,09:00-16:00,0,1,0
สามย่าน,สี่พระยา,11,16:00-19:00,0,1,0
สามัคคี,การไฟฟ้าภูมิภาค,3,07:00-09:00,1,0,0
สามัคคี,การไฟฟ้าภูมิภาค,3,09:00-16:00,1,0,0
สามัคคี,การไฟฟ้าภูมิภาค,3,16:00-19:00,1,0,0
สามัคคี,ประชาชื่น,3,07:00-09:00,1,0,0
สามัคคี,ประชาชื่น,3,09:00-16:00,1,0,0
สามัคคี,ประชาชื่น,3,16:00-19:00,1,0,0
สามัคคี,สามัคคี,3,07:00-09:00,1,0,0
สามัคคี,สามัคคี,3,09:00-16:00,1,0,0
สามัคคี,สามัคคี,3,16:00-19:00,1,0,0
สามเสน,นครไชยศรี,3,07:00-09:00,1,0,0
สามเสน,นครไชยศรี,3,09:00-16:00,1,0,0
สามเสน,นครไชยศรี,3,16:00-19:00,1,0,0
สามเสน,นครไชยศรี,9,07:00-09:00,0,1,0
สามเสน,นครไชยศรี,9,09:00-16:00,0,1,0
สามเสน,นครไชยศรี,9,16:00-19:00,0,1,0
สามเสน,นครไชยศรี,10,07:00-09:00,1,0,0
สามเสน,นครไชยศรี,10,09:00-16:00,1,0,0
สามเสน,นครไชยศรี,10,16:00-19:00,1,0,0
สามเสน,นครไชยศรี,11,07:00-09:00,0,0,1
สามเสน,นครไชยศรี,11,09:00-17:00,0,0,1
สามเสน,นครไชยศรี,11,17:00-19:00,0,0,1
สามเสน,นครไชยศรี,12,07:00-09:00,0,1,0
สามเสน,นครไชยศรี,12,09:00-16:00,0,1,0
สามเสน,นครไชยศรี,12,16:00-19:00,0,1,0
สามเสน,สวรรคโลก,3,07:00-09:00,1,0,0
สามเสน,สวรรคโลก,3,09:00-16:00,1,0,0
สามเสน,สวรรคโลก,3,16:00-19:00,1,0,0
สามเสน,สวรรคโลก,9,07:00-09:00,0,1,0
สามเสน,สวรรคโลก,9,09:00-16:00,0,1,0
สามเสน,สวรรคโลก,9,16:00-19:00,0,1,0
สามเสน,สวรรคโลก,10,07:00-09:00,1,0,0
สามเสน,สวรรคโลก,10,09:00-16:00,1,0,0
สามเสน,สวรรคโลก,10,16:00-19:00,1,0,0
สามเสน,สวรรคโลก,11,07:00-09:00,0,0,1
สามเสน,สวรรคโลก,11,09:00-17:00,0,0,1
สามเสน,สวรรคโลก,11,17:00-19:00,0,0,1
สามเสน,สวรรคโลก,12,07:00-09:00,0,1,0
สามเสน,สวรรคโลก,12,09:00-16:00,0,1,0
สามเสน,สวรรคโลก,12,16:00-19:00,0,1,0
สามเสน,เทอดดำริ,3,07:00-09:00,1,0,0
สามเสน,เทอดดำริ,3,09:00-16:00,1,0,0
สามเสน,เทอดดำริ,3,16:00-19:00,1,0,0
สามเสน,เทอดดำริ,9,07:00-09:00,0,1,0
สามเสน,เทอดดำริ,9,09:00-16:00,0,1,0
สามเสน,เทอดดำริ,9,16:00-19:00,0,1,0
สามเสน,เทอดดำริ,10,07:00-09:00,1,0,0
สามเสน,เทอดดำริ,10,09:00-16:00,1,0,0
สามเสน,เทอดดำริ,10,16:00-19:00,1,0,0
สามเสน,เทอดดำริ,11,07:00-09:00,0,0,1
สามเสน,เทอดดำริ,11,09:00-17:00,0,0,1
สามเสน,เทอดดำริ,11,17:00-19:00,0,0,1
สามเสน,เทอดดำริ,12,07:00-09:00,0,1,0
สามเสน,เทอดดำริ,12,09:00-16:00,0,1,0
สามเสน,เทอดดำริ,12,16:00-19:00,0,1,0
สามเหลียมดินแดง,ซอยอรรถวิมล,9,07:00-09:00,1,0,0
สามเหลียมดินแดง,ซอยอรรถวิมล,9,09:00-16:00,1,0,0
สามเหลียมดินแดง,ซอยอรรถวิมล,9,16:00-19:00,1,0,0
สามเหลียมดินแดง,ดินแดง,9,07:00-09:00,1,0,0
สามเหลียมดินแดง,ดินแดง,9,09:00-16:00,1,0,0
สามเหลียมดินแดง,ดินแดง,9,16:00-19:00,1,0,0
สามเหลียมดินแดง,ราชปรารภ,9,07:00-09:00,1,0,0
สามเหลียมดินแดง,ราชปรารภ,9,09:00-16:00,1,0,0
สามเหลียมดินแดง,ราชปรารภ,9,16:00-19:00,1,0,0
สามเหลียมดินแดง,ราชวิถี,9,07:00-09:00,1,0,0
สามเหลียมดินแดง,ราชวิถี,9,09:00-16:00,1,0,0
สามเหลียมดินแดง,ราชวิถี,9,16:00-19:00,1,0,0
สามเหลี่ยมดินแดง,ซอยราชวิถี2,4,07:00-09:00,0,0,1
สามเหลี่ยมดินแดง,ซอยราชวิถี2,4,09:00-17:00,0,0,1
สามเหลี่ยมดินแดง,ซอยราชวิถี2,4,17:00-19:00,0,0,1
สามเหลี่ยมดินแดง,ซอยอรรถวิมล,5,07:00-09:00,1,0,0
สามเหลี่ยมดินแดง,ซอยอรรถวิมล,5,09:00-16:00,1,0,0
สามเหลี่ยมดินแดง,ซอยอรรถวิมล,5,16:00-19:00,1,0,0
สามเหลี่ยมดินแดง,ดินแดง,1,07:00-09:00,0,0,1
สามเหลี่ยมดินแดง,ดินแดง,1,09:00-17:00,0,0,1
สามเหลี่ยมดินแดง,ดินแดง,1,17:00-19:00,0,0,1
สามเหลี่ยมดินแดง,ดินแดง,5,07:00-09:00,1,0,1
สามเหลี่ยมดินแดง,ดินแดง,5,09:00-16:00,1,0,1
สามเหลี่ยมดินแดง,ดินแดง,5,16:00-19:00,1,0,1
สามเหลี่ยมดินแดง,ดินแดง,12,07:00-09:00,0,1,0
สามเหลี่ยมดินแดง,ดินแดง,12,09:00-16:00,0,1,0
สามเหลี่ยมดินแดง,ดินแดง,12,16:00-19:00,0,1,0
สามเหลี่ยมดินแดง,ถนนดินแดง,4,07:00-09:00,0,0,1
สามเหลี่ยมดินแดง,ถนนดินแดง,4,09:00-17:00,0,0,1
สามเหลี่ยมดินแดง,ถนนดินแดง,4,17:00-19:00,0,0,1
สามเหลี่ยมดินแดง,ถนนราชปรารภ,4,07:00-09:00,0,0,1
สามเหลี่ยมดินแดง,ถนนราชปรารภ,4,09:00-17:00,0,0,1
สามเหลี่ยมดินแดง,ถนนราชปรารภ,4,17:00-19:00,0,0,1
สามเหลี่ยมดินแดง,ถนนราชวิถี,4,07:00-09:00,0,0,1
สามเหลี่ยมดินแดง,ถนนราชวิถี,4,09:00-17:00,0,0,1
สามเหลี่ยมดินแดง,ถนนราชวิถี,4,17:00-19:00,0,0,1
สามเหลี่ยมดินแดง,ราชปรารภ,1,07:00-09:00,0,0,1
สามเหลี่ยมดินแดง,ราชปรารภ,1,09:00-17:00,0,0,1
สามเหลี่ยมดินแดง,ราชปรารภ,1,17:00-19:00,0,0,1
สามเหลี่ยมดินแดง,ราชปรารภ,5,07:00-09:00,1,0,1
สามเหลี่ยมดินแดง,ราชปรารภ,5,09:00-16:00,1,0,1
สามเหลี่ยมดินแดง,ราชปรารภ,5,16:00-19:00,1,0,1
สามเหลี่ยมดินแดง,ราชปรารภ,12,07:00-09:00,0,1,0
สามเหลี่ยมดินแดง,ราชปรารภ,12,09:00-16:00,0,1,0
สามเหลี่ยมดินแดง,ราชปรารภ,12,16:00-19:00,0,1,0
สามเหลี่ยมดินแดง,ราชวิถี,1,07:00-09:00,0,0,1
สามเหลี่ยมดินแดง,ราชวิถี,1,09:00-17:00,0,0,1
สามเหลี่ยมดินแดง,ราชวิถี,1,17:00-19:00,0,0,1
สามเหลี่ยมดินแดง,ราชวิถี,5,07:00-09:00,1,0,1
สามเหลี่ยมดินแดง,ราชวิถี,5,09:00-16:00,1,0,1
สามเหลี่ยมดินแดง,ราชวิถี,5,16:00-19:00,1,0,1
สามเหลี่ยมดินแดง,ราชวิถี,12,07:00-09:00,0,1,0
สามเหลี่ยมดินแดง,ราชวิถี,12,09:00-16:00,0,1,0
สามเหลี่ยมดินแดง,ราชวิถี,12,16:00-19:00,0,1,0
สามเหลี่ยมดินแดง,ราชวิถี2,1,07:00-09:00,0,0,1
สามเหลี่ยมดินแดง,ราชวิถี2,1,09:00-17:00,0,0,1
สามเหลี่ยมดินแดง,ราชวิถี2,1,17:00-19:00,0,0,1
สามเหลี่ยมดินแดง,อรรถวิมล,5,07:00-09:00,0,0,1
สามเหลี่ยมดินแดง,อรรถวิมล,5,09:00-16:00,0,0,1
สามเหลี่ยมดินแดง,อรรถวิมล,5,16:00-19:00,0,0,1
สามเหลี่ยมดินแดง,อรรถวิมล,12,07:00-09:00,0,1,0
สามเหลี่ยมดินแดง,อรรถวิมล,12,09:00-16:00,0,1,0
สามเหลี่ยมดินแดง,อรรถวิมล,12,16:00-19:00,0,1,0
สามแยกบางกะปิ,ลาดพร้าว,6,07:00-09:00,0,1,0
สามแยกบางกะปิ,ลาดพร้าว,6,09:00-16:00,0,1,0
สามแยกบางกะปิ,ลาดพร้าว,6,16:00-19:00,0,1,0
สามแยกบางกะปิ,ลาดพร้าว,7,07:00-09:00,1,0,0
สามแยกบางกะปิ,ลาดพร้าว,7,09:00-16:00,1,0,0
สามแยกบางกะปิ,ลาดพร้าว,7,16:00-19:00,1,0,0
สามแยกบางกะปิ,ลาดพร้าว,8,07:00-09:00,0,0,2
สามแยกบางกะปิ,ลาดพร้าว,8,09:00-17:00,0,0,2
สามแยกบางกะปิ,ลาดพร้าว,8,17:00-19:00,0,0,2
สามแยกบางกะปิ,ลาดพร้าว,10,07:00-09:00,0,0,1
สามแยกบางกะปิ,ลาดพร้าว,10,09:00-17:00,0,0,1
สามแยกบางกะปิ,ลาดพร้าว,10,17:00-19:00,0,0,1
สามแยกบางกะปิ,ลาดพร้าว,11,07:00-09:00,0,1,0
สามแยกบางกะปิ,ลาดพร้าว,11,09:00-16:00,0,1,0
สามแยกบางกะปิ,ลาดพร้าว,11,16:00-19:00,0,1,0
สามแยกบางกะปิ,ศรีนครินทร์,6,07:00-09:00,0,1,0
สามแยกบางกะปิ,ศรีนครินทร์,6,09:00-16:00,0,1,0
สามแยกบางกะปิ,ศรีนครินทร์,6,16:00-19:00,0,1,0
สามแยกบางกะปิ,ศรีนครินทร์,7,07:00-09:00,1,0,0
สามแยกบางกะปิ,ศรีนครินทร์,7,09:00-16:00,1,0,0
สามแยกบางกะปิ,ศรีนครินทร์,7,16:00-19:00,1,0,0
สามแยกบางกะปิ,ศรีนครินทร์,8,07:00-09:00,0,0,2
สามแยกบางกะปิ,ศรีนครินทร์,8,09:00-17:00,0,0,2
สามแยกบางกะปิ,ศรีนครินทร์,8,17:00-19:00,0,0,2
สามแยกบางกะปิ,ศรีนครินทร์,10,07:00-09:00,0,0,1
สามแยกบางกะปิ,ศรีนครินทร์,10,09:00-17:00,0,0,1
สามแยกบางกะปิ,ศรีนครินทร์,10,17:00-19:00,0,0,1
สามแยกบางกะปิ,ศรีนครินทร์,11,07:00-09:00,0,1,0
สามแยกบางกะปิ,ศรีนครินทร์,11,09:00-16:00,0,1,0
สามแยกบางกะปิ,ศรีนครินทร์,11,16:00-19:00,0,1,0
สามแยกพิชัย,นครไชยศรี,1,07:00-09:00,0,0,1
สามแยกพิชัย,นครไชยศรี,1,09:00-16:00,0,0,1
สามแยกพิชัย,นครไชยศรี,1,16:00-19:00,0,0,1
สามแยกพิชัย,พิชัย,1,07:00-09:00,0,0,1
สามแยกพิชัย,พิชัย,1,09:00-16:00,0,0,1
สามแยกพิชัย,พิชัย,1,16:00-19:00,0,0,1
สามแยกพิชัย,พิชัย,7,07:00-09:00,0,1,0
สามแยกพิชัย,พิชัย,7,09:00-16:00,0,1,0
สามแยกพิชัย,พิชัย,7,16:00-19:00,0,1,0
สามแยกพิชัย,พิชัย,11,07:00-09:00,0,0,1
สามแยกพิชัย,พิชัย,11,09:00-16:00,0,0,1
สามแยกพิชัย,พิชัย,11,16:00-19:00,0,0,1
สามแยกพิชัย,อำนวยสงคราม,7,07:00-09:00,0,1,0
สามแยกพิชัย,อำนวยสงคราม,7,09:00-16:00,0,1,0
สามแยกพิชัย,อำนวยสงคราม,7,16:00-19:00,0,1,0
สามแยกพิชัย,อำนวยสงคราม,11,07:00-09:00,0,0,1
สามแยกพิชัย,อำนวยสงคราม,11,09:00-16:00,0,0,1
สามแยกพิชัย,อำนวยสงคราม,11,16:00-19:00,0,0,1
สามแยกในซอยสุขุมวิท101/1,ซอยวัดทุ่ง,2,07:00-09:00,1,0,0
สามแยกในซอยสุขุมวิท101/1,ซอยวัดทุ่ง,2,09:00-16:00,1,0,0
สามแยกในซอยสุขุมวิท101/1,ซอยวัดทุ่ง,2,16:00-19:00,1,0,0
สามแยกในซอยสุขุมวิท101/1,ซอยอุดมสุข51,2,07:00-09:00,1,0,0
สามแยกในซอยสุขุมวิท101/1,ซอยอุดมสุข51,2,09:00-16:00,1,0,0
สามแยกในซอยสุขุมวิท101/1,ซอยอุดมสุข51,2,16:00-19:00,1,0,0
สามแยกในซอยสุขุมวิท101/1,วชิรธรรมสาธิต,2,07:00-09:00,1,0,0
สามแยกในซอยสุขุมวิท101/1,วชิรธรรมสาธิต,2,09:00-16:00,1,0,0
สามแยกในซอยสุขุมวิท101/1,วชิรธรรมสาธิต,2,16:00-19:00,1,0,0
สายน้ำผึ้ง,ซอยสุขุมวิท22,6,07:00-09:00,0,0,1
สายน้ำผึ้ง,ซอยสุขุมวิท22,6,09:00-17:00,0,0,1
สายน้ำผึ้ง,ซอยสุขุมวิท22,6,17:00-19:00,0,0,1
สายน้ำผึ้ง,สุขุมวิท,2,07:00-09:00,0,0,1
สายน้ำผึ้ง,สุขุมวิท,2,09:00-17:00,0,0,1
สายน้ำผึ้ง,สุขุมวิท,2,17:00-19:00,0,0,1
สายน้ำผึ้ง,สุขุมวิท,4,07:00-09:00,0,0,1
สายน้ำผึ้ง,สุขุมวิท,4,09:00-17:00,0,0,1
สายน้ำผึ้ง,สุขุมวิท,4,17:00-19:00,0,0,1
สายน้ำผึ้ง,สุขุมวิท,6,07:00-09:00,1,0,1
สายน้ำผึ้ง,สุขุมวิท,6,09:00-16:00,1,0,0
สายน้ำผึ้ง,สุขุมวิท,6,09:00-17:00,0,0,1
สายน้ำผึ้ง,สุขุมวิท,6,16:00-19:00,1,0,0
สายน้ำผึ้ง,สุขุมวิท,6,17:00-19:00,0,0,1
สายน้ำผึ้ง,สุขุมวิท,11,07:00-09:00,0,0,1
สายน้ำผึ้ง,สุขุมวิท,11,09:00-16:00,0,0,1
สายน้ำผึ้ง,สุขุมวิท,11,16:00-19:00,0,0,1
สายน้ำผึ้ง,สุขุมวิท22,2,07:00-09:00,0,0,1
สายน้ำผึ้ง,สุขุมวิท22,2,09:00-17:00,0,0,1
สายน้ำผึ้ง,สุขุมวิท22,2,17:00-19:00,0,0,1
สายน้ำผึ้ง,สุขุมวิท22,4,07:00-09:00,0,0,1
สายน้ำผึ้ง,สุขุมวิท22,4,09:00-17:00,0,0,1
สายน้ำผึ้ง,สุขุมวิท22,4,17:00-19:00,0,0,1
สายน้ำผึ้ง,สุขุมวิท22,11,07:00-09:00,0,0,1
สายน้ำผึ้ง,สุขุมวิท22,11,09:00-16:00,0,0,1
สายน้ำผึ้ง,สุขุมวิท22,11,16:00-19:00,0,0,1
สายน้ำผึ้ง,สูขุมวิท22,6,07:00-09:00,1,0,0
สายน้ำผึ้ง,สูขุมวิท22,6,09:00-16:00,1,0,0
สายน้ำผึ้ง,สูขุมวิท22,6,16:00-19:00,1,0,0
สายไหม39,สายไหม,12,07:00-09:00,0,0,1
สายไหม39,สายไหม,12,09:00-17:00,0,0,1
สายไหม39,สายไหม,12,17:00-19:00,0,0,1
สายไหม39,สายไหม39,12,07:00-09:00,0,0,1
สายไหม39,สายไหม39,12,09:00-17:00,0,0,1
สายไหม39,สายไหม39,12,17:00-19:00,0,0,1
สารสิน,ซอยร่วมฤดี,4,07:00-09:00,0,1,0
สารสิน,ซอยร่วมฤดี,4,09:00-16:00,0,1,0
สารสิน,ซอยร่วมฤดี,4,16:00-19:00,0,1,0
สารสิน,ร่วมฤดี,8,07:00-09:00,0,0,2
สารสิน,ร่วมฤดี,8,09:00-17:00,0,0,2
สารสิน,ร่วมฤดี,8,17:00-19:00,0,0,2
สารสิน,วิทยุ,4,07:00-09:00,0,1,0
สารสิน,วิทยุ,4,09:00-16:00,0,1,0
สารสิน,วิทยุ,4,16:00-19:00,0,1,0
สารสิน,วิทยุ,8,07:00-09:00,0,0,2
สารสิน,วิทยุ,8,09:00-17:00,0,0,2
สารสิน,วิทยุ,8,17:00-19:00,0,0,2
สารสิน,สารสิน,4,07:00-09:00,0,1,0
สารสิน,สารสิน,4,09:00-16:00,0,1,0
สารสิน,สารสิน,4,16:00-19:00,0,1,0
สารสิน,สารสิน,8,07:00-09:00,0,0,2
สารสิน,สารสิน,8,09:00-17:00,0,0,2
สารสิน,สารสิน,8,17:00-19:00,0,0,2
สารสิน-วิทยุ,ซอยร่วมฤดี,5,07:00-09:00,1,0,0
สารสิน-วิทยุ,ซอยร่วมฤดี,5,09:00-16:00,1,0,0
สารสิน-วิทยุ,ซอยร่วมฤดี,5,16:00-19:00,1,0,0
สารสิน-วิทยุ,ซอยร่วมฤดี,10,07:00-09:00,1,0,0
สารสิน-วิทยุ,ซอยร่วมฤดี,10,09:00-16:00,1,0,0
สารสิน-วิทยุ,ซอยร่วมฤดี,10,16:00-19:00,1,0,0
สารสิน-วิทยุ,วิทยุ,5,06:30-09:00,1,0,0
สารสิน-วิทยุ,วิทยุ,5,09:00-16:00,1,0,0
สารสิน-วิทยุ,วิทยุ,5,16:00-19:30,1,0,0
สารสิน-วิทยุ,วิทยุ,10,07:00-09:00,1,0,0
สารสิน-วิทยุ,วิทยุ,10,09:00-16:00,1,0,0
สารสิน-วิทยุ,วิทยุ,10,16:00-19:00,1,0,0
สารสิน-วิทยุ,สารสิน,5,06:30-09:00,1,0,0
สารสิน-วิทยุ,สารสิน,5,09:00-16:00,1,0,0
สารสิน-วิทยุ,สารสิน,5,16:00-19:30,1,0,0
สารสิน-วิทยุ,สารสิน,10,07:00-09:00,1,0,0
สารสิน-วิทยุ,สารสิน,10,09:00-16:00,1,0,0
สารสิน-วิทยุ,สารสิน,10,16:00-19:00,1,0,0
สำนักงานกพ.,พิษณุโลก,8,07:00-09:00,1,0,0
สำนักงานกพ.,พิษณุโลก,8,09:00-16:00,1,0,0
สำนักงานกพ.,พิษณุโลก,8,16:00-19:00,1,0,0
สำราญราษฎร์,บำรุงเมือง,1,06:30-09:00,0,2,0
สำราญราษฎร์,บำรุงเมือง,1,09:00-16:00,0,2,0
สำราญราษฎร์,บำรุงเมือง,1,16:00-19:30,0,2,0
สำราญราษฎร์,บำรุงเมือง,2,07:00-09:00,0,1,1
สำราญราษฎร์,บำรุงเมือง,2,09:00-16:00,0,1,0
สำราญราษฎร์,บำรุงเมือง,2,09:00-17:00,0,0,1
สำราญราษฎร์,บำรุงเมือง,2,16:00-19:00,0,1,0
สำราญราษฎร์,บำรุงเมือง,2,17:00-19:00,0,0,1
สำราญราษฎร์,บำรุงเมือง,7,07:00-09:00,0,1,0
สำราญราษฎร์,บำรุงเมือง,7,09:00-16:00,0,1,0
สำราญราษฎร์,บำรุงเมือง,7,16:00-19:00,0,1,0
สำราญราษฎร์,บำรุงเมือง,12,07:00-09:00,0,0,1
สำราญราษฎร์,บำรุงเมือง,12,09:00-16:00,0,0,1
สำราญราษฎร์,บำรุงเมือง,12,16:00-19:00,0,0,1
สำราญราษฎร์,มหาไชย,1,06:30-09:00,0,2,0
สำราญราษฎร์,มหาไชย,1,09:00-16:00,0,2,0
สำราญราษฎร์,มหาไชย,1,16:00-19:30,0,2,0
สำราญราษฎร์,มหาไชย,2,07:00-09:00,0,1,1
สำราญราษฎร์,มหาไชย,2,09:00-16:00,0,1,0
สำราญราษฎร์,มหาไชย,2,09:00-17:00,0,0,1
สำราญราษฎร์,มหาไชย,2,16:00-19:00,0,1,0
สำราญราษฎร์,มหาไชย,2,17:00-19:00,0,0,1
สำราญราษฎร์,มหาไชย,7,07:00-09:00,0,1,0
สำราญราษฎร์,มหาไชย,7,09:00-16:00,0,1,0
สำราญราษฎร์,มหาไชย,7,16:00-19:00,0,1,0
สำราญราษฎร์,มหาไชย,12,07:00-09:00,0,0,1
สำราญราษฎร์,มหาไชย,12,09:00-16:00,0,0,1
สำราญราษฎร์,มหาไชย,12,16:00-19:00,0,0,1
สำราษราษฎร์,บำรุงเมือง,10,07:00-09:00,1,0,0
สำราษราษฎร์,บำรุงเมือง,10,09:00-16:00,1,0,0
สำราษราษฎร์,บำรุงเมือง,10,16:00-19:00,1,0,0
สำราษราษฎร์,มหาไชย,10,07:00-09:00,1,0,0
สำราษราษฎร์,มหาไชย,10,09:00-16:00,1,0,0
สำราษราษฎร์,มหาไชย,10,16:00-19:00,1,0,0
สีกักเสาชิงซ้า,บำรุงเมือง,1,16:00-19:00,1,0,0
สีกั๊กพระยาศรี,บ้านหมอ,9,07:00-09:00,1,0,0
สีกั๊กพระยาศรี,บ้านหมอ,9,09:00-16:00,1,0,0
สีกั๊กพระยาศรี,บ้านหมอ,9,16:00-19:00,1,0,0
สีกั๊กพระยาศรี,เจริญกรุง,9,07:00-09:00,1,0,0
สีกั๊กพระยาศรี,เจริญกรุง,9,09:00-16:00,1,0,0
สีกั๊กพระยาศรี,เจริญกรุง,9,16:00-19:00,1,0,0
สีลม,สีลม,2,07:00-09:00,0,0,1
สีลม,สีลม,2,09:00-16:00,0,0,1
สีลม,สีลม,2,16:00-19:00,0,0,1
สีลม,เลียบใต้ทางด่วน,2,07:00-09:00,0,0,1
สีลม,เลียบใต้ทางด่วน,2,09:00-16:00,0,0,1
สีลม,เลียบใต้ทางด่วน,2,16:00-19:00,0,0,1
สีลม-คอนแวนต์,คอนแวนต์,12,07:00-09:00,1,0,0
สีลม-คอนแวนต์,คอนแวนต์,12,09:00-16:00,1,0,0
สีลม-คอนแวนต์,คอนแวนต์,12,16:00-19:00,1,0,0
สีลม-คอนแวนต์,สีลม,12,07:00-09:00,1,0,0
สีลม-คอนแวนต์,สีลม,12,09:00-16:00,1,0,0
สีลม-คอนแวนต์,สีลม,12,16:00-19:00,1,0,0
สีลม-นราธิวาส,นราธิวาสราขนครินทร์,12,07:00-09:00,0,0,1
สีลม-นราธิวาส,นราธิวาสราขนครินทร์,12,09:00-17:00,0,0,1
สีลม-นราธิวาส,นราธิวาสราขนครินทร์,12,17:00-19:00,0,0,1
สีลม-นราธิวาส,นราธิวาสราชนครินทร์,4,07:00-09:00,0,0,1
สีลม-นราธิวาส,นราธิวาสราชนครินทร์,4,09:00-17:00,0,0,1
สีลม-นราธิวาส,นราธิวาสราชนครินทร์,4,17:00-19:00,0,0,1
สีลม-นราธิวาส,นราธิวาสราชนครินทร์,5,07:00-09:00,1,0,0
สีลม-นราธิวาส,นราธิวาสราชนครินทร์,5,09:00-16:00,1,0,0
สีลม-นราธิวาส,นราธิวาสราชนครินทร์,5,16:00-19:00,1,0,0
สีลม-นราธิวาส,นราธิวาสราชนครินทร์,6,07:00-09:00,1,0,0
สีลม-นราธิวาส,นราธิวาสราชนครินทร์,6,09:00-16:00,1,0,0
สีลม-นราธิวาส,นราธิวาสราชนครินทร์,6,16:00-19:00,1,0,0
สีลม-นราธิวาส,นราธิวาสราชนครินทร์,11,07:00-09:00,0,1,0
สีลม-นราธิวาส,นราธิวาสราชนครินทร์,11,09:00-16:00,0,1,0
สีลม-นราธิวาส,นราธิวาสราชนครินทร์,11,16:00-19:00,0,1,0
สีลม-นราธิวาส,สีลม,4,07:00-09:00,0,0,1
สีลม-นราธิวาส,สีลม,4,09:00-17:00,0,0,1
สีลม-นราธิวาส,สีลม,4,17:00-19:00,0,0,1
สีลม-นราธิวาส,สีลม,5,07:00-09:00,1,0,0
สีลม-นราธิวาส,สีลม,5,09:00-16:00,1,0,0
สีลม-นราธิวาส,สีลม,5,16:00-19:00,1,0,0
สีลม-นราธิวาส,สีลม,6,07:00-09:00,1,0,0
สีลม-นราธิวาส,สีลม,6,09:00-16:00,1,0,0
สีลม-นราธิวาส,สีลม,6,16:00-19:00,1,0,0
สีลม-นราธิวาส,สีลม,11,07:00-09:00,0,1,0
สีลม-นราธิวาส,สีลม,11,09:00-16:00,0,1,0
สีลม-นราธิวาส,สีลม,11,16:00-19:00,0,1,0
สีลม-นราธิวาส,สีลม,12,07:00-09:00,0,0,1
สีลม-นราธิวาส,สีลม,12,09:00-17:00,0,0,1
สีลม-นราธิวาส,สีลม,12,17:00-19:00,0,0,1
สีลม3,สีลม,6,07:00-09:00,0,0,1
สีลม3,สีลม,6,09:00-17:00,0,0,1
สีลม3,สีลม,6,17:00-19:00,0,0,1
สี่กั๊กพระยาศรี,บ้านหม้อ,1,07:00-09:00,0,1,0
สี่กั๊กพระยาศรี,บ้านหม้อ,1,09:00-16:00,0,1,0
สี่กั๊กพระยาศรี,บ้านหม้อ,1,16:00-19:00,0,1,0
สี่กั๊กพระยาศรี,บ้านหม้อ,5,07:00-09:00,0,0,1
สี่กั๊กพระยาศรี,บ้านหม้อ,5,09:00-17:00,0,0,1
สี่กั๊กพระยาศรี,บ้านหม้อ,5,17:00-19:00,0,0,1
สี่กั๊กพระยาศรี,บ้านหม้อ,6,07:00-09:00,0,1,0
สี่กั๊กพระยาศรี,บ้านหม้อ,6,09:00-16:00,0,1,0
สี่กั๊กพระยาศรี,บ้านหม้อ,6,16:00-19:00,0,1,0
สี่กั๊กพระยาศรี,เจริญกรุง,1,07:00-09:00,0,1,0
สี่กั๊กพระยาศรี,เจริญกรุง,1,09:00-16:00,0,1,0
สี่กั๊กพระยาศรี,เจริญกรุง,1,16:00-19:00,0,1,0
สี่กั๊กพระยาศรี,เจริญกรุง,5,07:00-09:00,0,0,1
สี่กั๊กพระยาศรี,เจริญกรุง,5,09:00-17:00,0,0,1
สี่กั๊กพระยาศรี,เจริญกรุง,5,17:00-19:00,0,0,1
สี่กั๊กพระยาศรี,เจริญกรุง,6,07:00-09:00,0,1,0
สี่กั๊กพระยาศรี,เจริญกรุง,6,09:00-16:00,0,1,0
สี่กั๊กพระยาศรี,เจริญกรุง,6,16:00-19:00,0,1,0
สี่กั๊กพระยาศรี,เฟื่องนคร,5,07:00-09:00,0,0,1
สี่กั๊กพระยาศรี,เฟื่องนคร,5,09:00-17:00,0,0,1
สี่กั๊กพระยาศรี,เฟื่องนคร,5,17:00-19:00,0,0,1
สี่กั๊กเสาชิงช้า,ตะนาว,1,07:00-09:00,1,0,0
สี่กั๊กเสาชิงช้า,ตะนาว,1,09:00-16:00,1,0,0
สี่กั๊กเสาชิงช้า,ตะนาว,1,16:00-19:00,1,0,0
สี่กั๊กเสาชิงช้า,ตะนาว,2,07:00-09:00,0,0,1
สี่กั๊กเสาชิงช้า,ตะนาว,2,09:00-17:00,0,0,1
สี่กั๊กเสาชิงช้า,ตะนาว,2,17:00-19:00,0,0,1
สี่กั๊กเสาชิงช้า,ตะนาว,7,07:00-09:00,0,1,0
สี่กั๊กเสาชิงช้า,ตะนาว,7,09:00-16:00,0,1,0
สี่กั๊กเสาชิงช้า,ตะนาว,7,16:00-19:00,0,1,0
สี่กั๊กเสาชิงช้า,ตะนาว,12,07:00-09:00,0,0,1
สี่กั๊กเสาชิงช้า,ตะนาว,12,09:00-16:00,0,0,1
สี่กั๊กเสาชิงช้า,ตะนาว,12,16:00-19:00,0,0,1
สี่กั๊กเสาชิงช้า,บำรุงเมือง,1,07:00-09:00,1,0,0
สี่กั๊กเสาชิงช้า,บำรุงเมือง,1,09:00-16:00,1,0,0
สี่กั๊กเสาชิงช้า,บำรุงเมือง,2,07:00-09:00,0,0,1
สี่กั๊กเสาชิงช้า,บำรุงเมือง,2,09:00-17:00,0,0,1
สี่กั๊กเสาชิงช้า,บำรุงเมือง,2,17:00-19:00,0,0,1
สี่กั๊กเสาชิงช้า,บำรุงเมือง,7,07:00-09:00,0,1,0
สี่กั๊กเสาชิงช้า,บำรุงเมือง,7,09:00-16:00,0,1,0
สี่กั๊กเสาชิงช้า,บำรุงเมือง,7,16:00-19:00,0,1,0
สี่กั๊กเสาชิงช้า,บำรุงเมือง,12,07:00-09:00,0,0,1
สี่กั๊กเสาชิงช้า,บำรุงเมือง,12,09:00-16:00,0,0,1
สี่กั๊กเสาชิงช้า,บำรุงเมือง,12,16:00-19:00,0,0,1
สี่กั๊กเสาชิงช้า,เฟื่องนคร,1,07:00-09:00,1,0,0
สี่กั๊กเสาชิงช้า,เฟื่องนคร,1,09:00-16:00,1,0,0
สี่กั๊กเสาชิงช้า,เฟื่องนคร,1,16:00-19:00,1,0,0
สี่กั๊กเสาชิงช้า,เฟื่องนคร,2,07:00-09:00,0,0,1
สี่กั๊กเสาชิงช้า,เฟื่องนคร,2,09:00-17:00,0,0,1
สี่กั๊กเสาชิงช้า,เฟื่องนคร,2,17:00-19:00,0,0,1
สี่กั๊กเสาชิงช้า,เฟื่องนคร,7,07:00-09:00,0,1,0
สี่กั๊กเสาชิงช้า,เฟื่องนคร,7,09:00-16:00,0,1,0
สี่กั๊กเสาชิงช้า,เฟื่องนคร,7,16:00-19:00,0,1,0
สี่กั๊กเสาชิงช้า,เฟื่องนคร,12,07:00-09:00,0,0,1
สี่กั๊กเสาชิงช้า,เฟื่องนคร,12,09:00-16:00,0,0,1
สี่กั๊กเสาชิงช้า,เฟื่องนคร,12,16:00-19:00,0,0,1
สี่พระยา,สี่พระยา,1,07:00-09:00,0,0,1
สี่พระยา,สี่พระยา,1,09:00-17:00,0,0,1
สี่พระยา,สี่พระยา,1,17:00-19:00,0,0,1
สี่พระยา,สี่พระยา,3,07:00-09:00,0,0,1
สี่พระยา,สี่พระยา,3,09:00-16:00,0,0,1
สี่พระยา,สี่พระยา,3,16:00-19:00,0,0,1
สี่พระยา,สี่พระยา,6,06:30-09:00,0,1,0
สี่พระยา,สี่พระยา,6,09:00-16:00,0,1,0
สี่พระยา,สี่พระยา,6,16:00-19:30,0,1,0
สี่พระยา,สี่พระยา,8,07:00-09:00,1,0,0
สี่พระยา,สี่พระยา,8,09:00-16:00,1,0,0
สี่พระยา,สี่พระยา,8,16:00-19:00,1,0,0
สี่พระยา,เจริญกรุง,1,07:00-09:00,0,0,1
สี่พระยา,เจริญกรุง,1,09:00-17:00,0,0,1
สี่พระยา,เจริญกรุง,1,17:00-19:00,0,0,1
สี่พระยา,เจริญกรุง,3,07:00-09:00,0,0,1
สี่พระยา,เจริญกรุง,3,09:00-16:00,0,0,1
สี่พระยา,เจริญกรุง,3,16:00-19:00,0,0,1
สี่พระยา,เจริญกรุง,6,06:30-09:00,0,1,0
สี่พระยา,เจริญกรุง,6,09:00-16:00,0,1,0
สี่พระยา,เจริญกรุง,6,16:00-19:30,0,1,0
สี่พระยา,เจริญกรุง,8,07:00-09:00,1,0,0
สี่พระยา,เจริญกรุง,8,09:00-16:00,1,0,0
สี่พระยา,เจริญกรุง,8,16:00-19:00,1,0,0
สี่พระยา-นเรศ,สี่พระยา,2,07:00-09:00,0,1,0
สี่พระยา-นเรศ,สี่พระยา,2,09:00-16:00,0,1,0
สี่พระยา-นเรศ,สี่พระยา,2,16:00-19:00,0,1,0
สี่เสาเทเวศร์,ศรีอยุธยา,1,07:00-09:00,0,1,0
สี่เสาเทเวศร์,ศรีอยุธยา,1,09:00-16:00,0,1,0
สี่เสาเทเวศร์,ศรีอยุธยา,1,16:00-19:00,0,1,0
สี่เสาเทเวศร์,ศรีอยุธยา,11,07:00-09:00,0,0,1
สี่เสาเทเวศร์,ศรีอยุธยา,11,09:00-16:00,0,0,1
สี่เสาเทเวศร์,ศรีอยุธยา,11,16:00-19:00,0,0,1
สี่เสาเทเวศร์,สามเสน,1,07:00-09:00,0,1,0
สี่เสาเทเวศร์,สามเสน,1,09:00-16:00,0,1,0
สี่เสาเทเวศร์,สามเสน,1,16:00-19:00,0,1,0
สี่เสาเทเวศร์,สามเสน,11,07:00-09:00,0,0,1
สี่เสาเทเวศร์,สามเสน,11,09:00-16:00,0,0,1
สี่เสาเทเวศร์,สามเสน,11,16:00-19:00,0,0,1
สี่เสาเสาเทเวศร์,ศรีอยุธยา,2,07:00-09:00,0,0,1
สี่เสาเสาเทเวศร์,ศรีอยุธยา,2,09:00-17:00,0,0,1
สี่เสาเสาเทเวศร์,ศรีอยุธยา,2,17:00-19:00,0,0,1
สี่เสาเสาเทเวศร์,สามเสน,2,07:00-09:00,0,0,1
สี่เสาเสาเทเวศร์,สามเสน,2,09:00-17:00,0,0,1
สี่เสาเสาเทเวศร์,สามเสน,2,17:00-19:00,0,0,1
สี่แยกลาดหญ้า,ท่าดินแดง,4,07:00-09:00,0,0,1
สี่แยกลาดหญ้า,ท่าดินแดง,4,09:00-17:00,0,0,1
สี่แยกลาดหญ้า,ท่าดินแดง,4,17:00-19:00,0,0,1
สี่แยกลาดหญ้า,ท่าดินแดง,5,07:00-09:00,0,1,0
สี่แยกลาดหญ้า,ท่าดินแดง,5,09:00-16:00,0,1,0
สี่แยกลาดหญ้า,ท่าดินแดง,5,16:00-19:00,0,1,0
สี่แยกลาดหญ้า,ท่าดินแดง,6,07:00-09:00,0,0,1
สี่แยกลาดหญ้า,ท่าดินแดง,6,09:00-17:00,0,0,1
สี่แยกลาดหญ้า,ท่าดินแดง,6,17:00-19:00,0,0,1
สี่แยกลาดหญ้า,ท่าดินแดง,8,06:30-09:00,1,0,0
สี่แยกลาดหญ้า,ท่าดินแดง,8,09:00-16:00,1,0,0
สี่แยกลาดหญ้า,ท่าดินแดง,8,16:00-19:30,1,0,0
สี่แยกลาดหญ้า,อิสรภาพ,4,07:00-09:00,0,0,1
สี่แยกลาดหญ้า,อิสรภาพ,4,09:00-17:00,0,0,1
สี่แยกลาดหญ้า,อิสรภาพ,4,17:00-19:00,0,0,1
สี่แยกลาดหญ้า,อิสรภาพ,5,07:00-09:00,0,1,0
สี่แยกลาดหญ้า,อิสรภาพ,5,09:00-16:00,0,1,0
สี่แยกลาดหญ้า,อิสรภาพ,5,16:00-19:00,0,1,0
สี่แยกลาดหญ้า,อิสรภาพ,6,07:00-09:00,0,0,1
สี่แยกลาดหญ้า,อิสรภาพ,6,09:00-17:00,0,0,1
สี่แยกลาดหญ้า,อิสรภาพ,6,17:00-19:00,0,0,1
สี่แยกลาดหญ้า,อิสรภาพ,8,06:30-09:00,1,0,0
สี่แยกลาดหญ้า,อิสรภาพ,8,09:00-16:00,1,0,0
สี่แยกลาดหญ้า,อิสรภาพ,8,16:00-19:30,1,0,0
สุขาภิบาล2-คู่ขนานวงแหวนกาญจนาภิเษก,วงแหวนกาญจนาภิเษก,7,07:00-09:00,1,0,0
สุขาภิบาล2-คู่ขนานวงแหวนกาญจนาภิเษก,วงแหวนกาญจนาภิเษก,7,09:00-16:00,1,0,0
สุขาภิบาล2-คู่ขนานวงแหวนกาญจนาภิเษก,วงแหวนกาญจนาภิเษก,7,16:00-19:00,1,0,0
สุขาภิบาล2-คู่ขนานวงแหวนกาญจนาภิเษก,สุขาภิบาล2,7,07:00-09:00,1,0,0
สุขาภิบาล2-คู่ขนานวงแหวนกาญจนาภิเษก,สุขาภิบาล2,7,09:00-16:00,1,0,0
สุขาภิบาล2-คู่ขนานวงแหวนกาญจนาภิเษก,สุขาภิบาล2,7,16:00-19:00,1,0,0
สุขาภิบาล5-จตุโชติ,จตุโชติ,9,07:00-09:00,0,0,1
สุขาภิบาล5-จตุโชติ,จตุโชติ,9,09:00-16:00,0,0,1
สุขาภิบาล5-จตุโชติ,จตุโชติ,9,16:00-19:00,0,0,1
สุขาภิบาล5-จตุโชติ,จตุโชติ,12,07:00-09:00,0,0,1
สุขาภิบาล5-จตุโชติ,จตุโชติ,12,09:00-17:00,0,0,1
สุขาภิบาล5-จตุโชติ,จตุโชติ,12,17:00-19:00,0,0,1
สุขาภิบาล5-จตุโชติ,ซอยจตุโชติ,6,07:00-09:00,1,0,0
สุขาภิบาล5-จตุโชติ,ซอยจตุโชติ,6,09:00-16:00,1,0,0
สุขาภิบาล5-จตุโชติ,ซอยจตุโชติ,6,16:00-19:00,1,0,0
สุขาภิบาล5-จตุโชติ,ซอยจตุโชติ,7,07:00-09:00,0,1,0
สุขาภิบาล5-จตุโชติ,ซอยจตุโชติ,7,09:00-16:00,0,1,0
สุขาภิบาล5-จตุโชติ,ซอยจตุโชติ,7,16:00-19:00,0,1,0
สุขาภิบาล5-จตุโชติ,สุขาภิบาล5,6,07:00-09:00,1,0,0
สุขาภิบาล5-จตุโชติ,สุขาภิบาล5,6,09:00-16:00,1,0,0
สุขาภิบาล5-จตุโชติ,สุขาภิบาล5,6,16:00-19:00,1,0,0
สุขาภิบาล5-จตุโชติ,สุขาภิบาล5,7,07:00-09:00,0,1,0
สุขาภิบาล5-จตุโชติ,สุขาภิบาล5,7,09:00-16:00,0,1,0
สุขาภิบาล5-จตุโชติ,สุขาภิบาล5,7,16:00-19:00,0,1,0
สุขาภิบาล5-จตุโชติ,สุขาภิบาล5,9,07:00-09:00,0,0,1
สุขาภิบาล5-จตุโชติ,สุขาภิบาล5,9,09:00-16:00,0,0,1
สุขาภิบาล5-จตุโชติ,สุขาภิบาล5,9,16:00-19:00,0,0,1
สุขาภิบาล5-จตุโชติ,สุขาภิบาล5,12,07:00-09:00,0,0,1
สุขาภิบาล5-จตุโชติ,สุขาภิบาล5,12,09:00-17:00,0,0,1
สุขาภิบาล5-จตุโชติ,สุขาภิบาล5,12,17:00-19:00,0,0,1
สุขาภิบาล5-เพิ่มสิน,สุขาภิบาล5,12,07:00-09:00,0,0,1
สุขาภิบาล5-เพิ่มสิน,สุขาภิบาล5,12,09:00-17:00,0,0,1
สุขาภิบาล5-เพิ่มสิน,สุขาภิบาล5,12,17:00-19:00,0,0,1
สุขาภิบาล5-เพิ่มสิน,เพิ่มสิน,12,07:00-09:00,0,0,1
สุขาภิบาล5-เพิ่มสิน,เพิ่มสิน,12,09:00-17:00,0,0,1
สุขาภิบาล5-เพิ่มสิน,เพิ่มสิน,12,17:00-19:00,0,0,1
สุขาภิบาลบางระมาด,พุทธมณฑลสาย2,4,07:00-09:00,0,1,0
สุขาภิบาลบางระมาด,พุทธมณฑลสาย2,4,09:00-16:00,0,1,0
สุขาภิบาลบางระมาด,พุทธมณฑลสาย2,4,16:00-19:00,0,1,0
สุขาภิบาลบางระมาด,สุขาภิบาลบางระมาด,4,07:00-09:00,0,1,0
สุขาภิบาลบางระมาด,สุขาภิบาลบางระมาด,4,09:00-16:00,0,1,0
สุขาภิบาลบางระมาด,สุขาภิบาลบางระมาด,4,16:00-19:00,0,1,0
สุขุมวิท-พระรามที่4,พระรามที่4,3,07:00-09:00,0,0,1
สุขุมวิท-พระรามที่4,พระรามที่4,3,09:00-16:00,0,0,1
สุขุมวิท-พระรามที่4,พระรามที่4,3,16:00-19:00,0,0,1
สุขุมวิท-พระรามที่4,พระรามที่4,6,07:00-09:00,1,0,0
สุขุมวิท-พระรามที่4,พระรามที่4,6,09:00-16:00,1,0,0
สุขุมวิท-พระรามที่4,พระรามที่4,6,16:00-19:00,1,0,0
สุขุมวิท-พระรามที่4,พระรามที่4,9,07:00-09:00,1,0,0
สุขุมวิท-พระรามที่4,พระรามที่4,9,09:00-16:00,1,0,0
สุขุมวิท-พระรามที่4,พระรามที่4,9,16:00-19:00,1,0,0
สุขุมวิท-พระรามที่4,พระรามที่4,12,07:00-09:00,0,1,0
สุขุมวิท-พระรามที่4,พระรามที่4,12,09:00-16:00,0,1,0
สุขุมวิท-พระรามที่4,พระรามที่4,12,16:00-19:00,0,1,0
สุขุมวิท-พระรามที่4,สุขุมวิท,3,07:00-09:00,0,0,1
สุขุมวิท-พระรามที่4,สุขุมวิท,3,09:00-16:00,0,0,1
สุขุมวิท-พระรามที่4,สุขุมวิท,3,16:00-19:00,0,0,1
สุขุมวิท-พระรามที่4,สุขุมวิท,6,07:00-09:00,1,0,0
สุขุมวิท-พระรามที่4,สุขุมวิท,6,09:00-16:00,1,0,0
สุขุมวิท-พระรามที่4,สุขุมวิท,6,16:00-19:00,1,0,0
สุขุมวิท-พระรามที่4,สุขุมวิท,9,07:00-09:00,1,0,0
สุขุมวิท-พระรามที่4,สุขุมวิท,9,09:00-16:00,1,0,0
สุขุมวิท-พระรามที่4,สุขุมวิท,9,16:00-19:00,1,0,0
สุขุมวิท-พระรามที่4,สุขุมวิท,12,07:00-09:00,0,1,0
สุขุมวิท-พระรามที่4,สุขุมวิท,12,09:00-16:00,0,1,0
สุขุมวิท-พระรามที่4,สุขุมวิท,12,16:00-19:00,0,1,0
สุขุมวิท-สุขุมวิท23,สุขุมวิท,4,07:00-09:00,0,0,1
สุขุมวิท-สุขุมวิท23,สุขุมวิท,4,09:00-17:00,0,0,1
สุขุมวิท-สุขุมวิท23,สุขุมวิท,4,17:00-19:00,0,0,1
สุขุมวิท-สุขุมวิท23,สุขุมวิท23,4,07:00-09:00,0,0,1
สุขุมวิท-สุขุมวิท23,สุขุมวิท23,4,09:00-17:00,0,0,1
สุขุมวิท-สุขุมวิท23,สุขุมวิท23,4,17:00-19:00,0,0,1
สุขุมวิท-สุขุมวิท71,สุขุมวิท,8,07:00-09:00,0,0,1
สุขุมวิท-สุขุมวิท71,สุขุมวิท,8,09:00-17:00,0,0,1
สุขุมวิท-สุขุมวิท71,สุขุมวิท,8,17:00-19:00,0,0,1
สุขุมวิท-สุขุมวิท71,สุขุมวิท71,8,07:00-09:00,0,0,1
สุขุมวิท-สุขุมวิท71,สุขุมวิท71,8,09:00-17:00,0,0,1
สุขุมวิท-สุขุมวิท71,สุขุมวิท71,8,17:00-19:00,0,0,1
สุขุมวิท11,ซอยสุขุมวิท11,3,07:00-09:00,1,0,0
สุขุมวิท11,ซอยสุขุมวิท11,3,09:00-16:00,1,0,0
สุขุมวิท11,ซอยสุขุมวิท11,3,16:00-19:00,1,0,0
สุขุมวิท11,ซอยสุขุมวิท11,5,07:00-09:00,1,0,0
สุขุมวิท11,ซอยสุขุมวิท11,5,09:00-16:00,1,0,0
สุขุมวิท11,ซอยสุขุมวิท11,5,16:00-19:00,1,0,0
สุขุมวิท11,สุขุมวิท,3,07:00-09:00,1,0,0
สุขุมวิท11,สุขุมวิท,3,09:00-16:00,1,0,0
สุขุมวิท11,สุขุมวิท,3,16:00-19:00,1,0,0
สุขุมวิท11,สุขุมวิท,5,07:00-09:00,1,0,0
สุขุมวิท11,สุขุมวิท,5,09:00-16:00,1,0,0
สุขุมวิท11,สุขุมวิท,5,16:00-19:00,1,0,0
สุขุมวิท11,สุขุมวิท,12,07:00-09:00,0,0,1
สุขุมวิท11,สุขุมวิท,12,09:00-17:00,0,0,1
สุขุมวิท11,สุขุมวิท,12,17:00-19:00,0,0,1
สุขุมวิท11,สุขุมวิท11,12,07:00-09:00,0,0,1
สุขุมวิท11,สุขุมวิท11,12,09:00-17:00,0,0,1
สุขุมวิท11,สุขุมวิท11,12,17:00-19:00,0,0,1
สุขุมวิท22,ซอยสุขุมวิท22,3,07:00-09:00,1,0,0
สุขุมวิท22,ซอยสุขุมวิท22,3,09:00-16:00,1,0,0
สุขุมวิท22,ซอยสุขุมวิท22,3,16:00-19:00,1,0,0
สุขุมวิท22,สุขุมวิท,3,07:00-09:00,1,0,0
สุขุมวิท22,สุขุมวิท,3,09:00-16:00,1,0,0
สุขุมวิท22,สุขุมวิท,3,16:00-19:00,1,0,0
สุขุมวิท24,ซอยสุขุมวิท24,3,07:00-09:00,1,0,0
สุขุมวิท24,ซอยสุขุมวิท24,3,09:00-16:00,1,0,0
สุขุมวิท24,ซอยสุขุมวิท24,3,16:00-19:00,1,0,0
สุขุมวิท24,สุขุมวิท,2,07:00-09:00,0,1,0
สุขุมวิท24,สุขุมวิท,2,09:00-16:00,0,1,0
สุขุมวิท24,สุขุมวิท,2,16:00-19:00,0,1,0
สุขุมวิท24,สุขุมวิท,3,07:00-09:00,1,0,0
สุขุมวิท24,สุขุมวิท,3,09:00-16:00,1,0,0
สุขุมวิท24,สุขุมวิท,3,16:00-19:00,1,0,0
สุขุมวิท24,สุขุมวิท,4,07:00-09:00,0,0,1
สุขุมวิท24,สุขุมวิท,4,09:00-17:00,0,0,1
สุขุมวิท24,สุขุมวิท,4,17:00-19:00,0,0,1
สุขุมวิท24,สุขุมวิท24,2,07:00-09:00,0,1,0
สุขุมวิท24,สุขุมวิท24,2,09:00-16:00,0,1,0
สุขุมวิท24,สุขุมวิท24,2,16:00-19:00,0,1,0
สุขุมวิท24,สุขุมวิท24,4,07:00-09:00,0,0,1
สุขุมวิท24,สุขุมวิท24,4,09:00-17:00,0,0,1
สุขุมวิท24,สุขุมวิท24,4,17:00-19:00,0,0,1
สุขุมวิท26,ซอยสุขุมวิท26,3,07:00-09:00,1,0,0
สุขุมวิท26,ซอยสุขุมวิท26,3,09:00-16:00,1,0,0
สุขุมวิท26,ซอยสุขุมวิท26,3,16:00-19:00,1,0,0
สุขุมวิท26,สุขุมวิท,2,07:00-09:00,0,0,1
สุขุมวิท26,สุขุมวิท,2,09:00-17:00,0,0,1
สุขุมวิท26,สุขุมวิท,2,17:00-19:00,0,0,1
สุขุมวิท26,สุขุมวิท,3,07:00-09:00,1,0,0
สุขุมวิท26,สุขุมวิท,3,09:00-16:00,1,0,0
สุขุมวิท26,สุขุมวิท,3,16:00-19:00,1,0,0
สุขุมวิท26,สุขุมวิท26,2,07:00-09:00,0,0,1
สุขุมวิท26,สุขุมวิท26,2,09:00-17:00,0,0,1
สุขุมวิท26,สุขุมวิท26,2,17:00-19:00,0,0,1
สุขุมวิท27,สุขุมวิท,2,07:00-09:00,0,0,1
สุขุมวิท27,สุขุมวิท,2,09:00-17:00,0,0,1
สุขุมวิท27,สุขุมวิท,2,17:00-19:00,0,0,1
สุขุมวิท31,สุขุมวิท,5,07:00-09:00,0,0,1
สุขุมวิท31,สุขุมวิท,5,09:00-17:00,0,0,1
สุขุมวิท31,สุขุมวิท,5,17:00-19:00,0,0,1
สุขุมวิท31,สุขุมวิท31,5,07:00-09:00,0,0,1
สุขุมวิท31,สุขุมวิท31,5,09:00-17:00,0,0,1
สุขุมวิท31,สุขุมวิท31,5,17:00-19:00,0,0,1
สุขุมวิท36,สุขุมวิท,5,07:00-09:00,0,0,1
สุขุมวิท36,สุขุมวิท,5,09:00-17:00,0,0,1
สุขุมวิท36,สุขุมวิท,5,17:00-19:00,0,0,1
สุขุมวิท36,สุขุมวิท36,5,07:00-09:00,0,0,1
สุขุมวิท36,สุขุมวิท36,5,09:00-17:00,0,0,1
สุขุมวิท36,สุขุมวิท36,5,17:00-19:00,0,0,1
สุขุมวิท39,สุขุมวิท,4,07:00-09:00,0,0,1
สุขุมวิท39,สุขุมวิท,4,09:00-17:00,0,0,1
สุขุมวิท39,สุขุมวิท,4,17:00-19:00,0,0,1
สุขุมวิท39,สุขุมวิท,6,07:00-09:00,0,0,1
สุขุมวิท39,สุขุมวิท,6,09:00-17:00,0,0,1
สุขุมวิท39,สุขุมวิท,6,17:00-19:00,0,0,1
สุขุมวิท39,สุขุมวิท39,4,07:00-09:00,0,0,1
สุขุมวิท39,สุขุมวิท39,4,09:00-17:00,0,0,1
สุขุมวิท39,สุขุมวิท39,4,17:00-19:00,0,0,1
สุขุมวิท39,สุขุมวิท39,6,07:00-09:00,0,0,1
สุขุมวิท39,สุขุมวิท39,6,09:00-17:00,0,0,1
สุขุมวิท39,สุขุมวิท39,6,17:00-19:00,0,0,1
สุขุมวิท40,สุขุมวิท,5,07:00-09:00,0,0,1
สุขุมวิท40,สุขุมวิท,5,09:00-17:00,0,0,1
สุขุมวิท40,สุขุมวิท,5,17:00-19:00,0,0,1
สุขุมวิท42,สุขุมวิท,1,07:00-09:00,0,0,1
สุขุมวิท42,สุขุมวิท,1,09:00-17:00,0,0,1
สุขุมวิท42,สุขุมวิท,1,17:00-19:00,0,0,1
สุขุมวิท42,สุขุมวิท,9,07:00-09:00,0,0,1
สุขุมวิท42,สุขุมวิท,9,09:00-17:00,0,0,1
สุขุมวิท42,สุขุมวิท,9,17:00-19:00,0,0,1
สุขุมวิท42,สุขุมวิท42,1,07:00-09:00,0,0,1
สุขุมวิท42,สุขุมวิท42,1,09:00-17:00,0,0,1
สุขุมวิท42,สุขุมวิท42,1,17:00-19:00,0,0,1
สุขุมวิท42,สุขุมวิท42,9,07:00-09:00,0,0,1
สุขุมวิท42,สุขุมวิท42,9,09:00-17:00,0,0,1
สุขุมวิท42,สุขุมวิท42,9,17:00-19:00,0,0,1
สุขุมวิท48,สุขุมวิท,10,07:00-09:00,0,0,1
สุขุมวิท48,สุขุมวิท,10,09:00-16:00,0,0,1
สุขุมวิท48,สุขุมวิท,10,16:00-19:00,0,0,1
สุขุมวิท48,สุขุมวิท48,10,07:00-09:00,0,0,1
สุขุมวิท48,สุขุมวิท48,10,09:00-16:00,0,0,1
สุขุมวิท48,สุขุมวิท48,10,16:00-19:00,0,0,1
สุขุมวิท49,สุขุมวิท,6,07:00-09:00,0,0,1
สุขุมวิท49,สุขุมวิท,6,09:00-17:00,0,0,1
สุขุมวิท49,สุขุมวิท,6,17:00-19:00,0,0,1
สุขุมวิท49,สุขุมวิท32,6,07:00-09:00,0,0,1
สุขุมวิท49,สุขุมวิท32,6,09:00-17:00,0,0,1
สุขุมวิท49,สุขุมวิท32,6,17:00-19:00,0,0,1
สุขุมวิท49,สุขุมวิท49,6,07:00-09:00,0,0,1
สุขุมวิท49,สุขุมวิท49,6,09:00-17:00,0,0,1
สุขุมวิท49,สุขุมวิท49,6,17:00-19:00,0,0,1
สุขุมวิท49-สุขุมวิท32,สุขุมวิท,3,07:00-09:00,0,0,1
สุขุมวิท49-สุขุมวิท32,สุขุมวิท,3,09:00-17:00,0,0,1
สุขุมวิท49-สุขุมวิท32,สุขุมวิท,3,17:00-19:00,0,0,1
สุขุมวิท49-สุขุมวิท32,สุขุมวิท32,3,07:00-09:00,0,0,1
สุขุมวิท49-สุขุมวิท32,สุขุมวิท32,3,09:00-17:00,0,0,1
สุขุมวิท49-สุขุมวิท32,สุขุมวิท32,3,17:00-19:00,0,0,1
สุขุมวิท49-สุขุมวิท32,สุขุมวิท49,3,07:00-09:00,0,0,1
สุขุมวิท49-สุขุมวิท32,สุขุมวิท49,3,09:00-17:00,0,0,1
สุขุมวิท49-สุขุมวิท32,สุขุมวิท49,3,17:00-19:00,0,0,1
สุขุมวิท50,สุขุมวิท,2,07:00-09:00,0,0,1
สุขุมวิท50,สุขุมวิท,2,09:00-17:00,0,0,1
สุขุมวิท50,สุขุมวิท,2,17:00-19:00,0,0,1
สุขุมวิท50,สุขุมวิท,5,07:00-09:00,0,0,1
สุขุมวิท50,สุขุมวิท,5,09:00-17:00,0,0,1
สุขุมวิท50,สุขุมวิท,5,17:00-19:00,0,0,1
สุขุมวิท50,สุขุมวิท,10,07:00-09:00,0,0,1
สุขุมวิท50,สุขุมวิท,10,09:00-16:00,0,0,1
สุขุมวิท50,สุขุมวิท,10,16:00-19:00,0,0,1
สุขุมวิท50,สุขุมวิท50,2,07:00-09:00,0,0,1
สุขุมวิท50,สุขุมวิท50,2,09:00-17:00,0,0,1
สุขุมวิท50,สุขุมวิท50,2,17:00-19:00,0,0,1
สุขุมวิท50,สุขุมวิท50,5,07:00-09:00,0,0,1
สุขุมวิท50,สุขุมวิท50,5,09:00-17:00,0,0,1
สุขุมวิท50,สุขุมวิท50,5,17:00-19:00,0,0,1
สุขุมวิท50,สุขุมวิท50,10,07:00-09:00,0,0,1
สุขุมวิท50,สุขุมวิท50,10,09:00-16:00,0,0,1
สุขุมวิท50,สุขุมวิท50,10,16:00-19:00,0,0,1
สุขุมวิท50,สุขุมวิท79,2,07:00-09:00,0,0,1
สุขุมวิท50,สุขุมวิท79,2,09:00-17:00,0,0,1
สุขุมวิท50,สุขุมวิท79,2,17:00-19:00,0,0,1
สุขุมวิท50,สุขุมวิท79,5,07:00-09:00,0,0,1
สุขุมวิท50,สุขุมวิท79,5,09:00-17:00,0,0,1
สุขุมวิท50,สุขุมวิท79,5,17:00-19:00,0,0,1
สุขุมวิท50,สุขุมวิท79,10,07:00-09:00,0,0,1
สุขุมวิท50,สุขุมวิท79,10,09:00-16:00,0,0,1
สุขุมวิท50,สุขุมวิท79,10,16:00-19:00,0,0,1
สุขุมวิท53,สุขุมวิท,7,07:00-09:00,0,0,1
สุขุมวิท53,สุขุมวิท,7,09:00-17:00,0,0,1
สุขุมวิท53,สุขุมวิท,7,17:00-19:00,0,0,1
สุขุมวิท53,สุขุมวิท53,7,07:00-09:00,0,0,1
สุขุมวิท53,สุขุมวิท53,7,09:00-17:00,0,0,1
สุขุมวิท53,สุขุมวิท53,7,17:00-19:00,0,0,1
สุขุมวิท62,ด่วนสุขุมวิท62,4,07:00-09:00,0,0,1
สุขุมวิท62,ด่วนสุขุมวิท62,4,09:00-16:00,0,0,1
สุขุมวิท62,ด่วนสุขุมวิท62,4,16:00-19:00,0,0,1
สุขุมวิท62,สุขุมวิท62,4,07:00-09:00,0,0,1
สุขุมวิท62,สุขุมวิท62,4,09:00-16:00,0,0,1
สุขุมวิท62,สุขุมวิท62,4,16:00-19:00,0,0,1
สุขุมวิท70/3,สุขุมวิท,6,07:00-09:00,0,0,1
สุขุมวิท70/3,สุขุมวิท,6,09:00-17:00,0,0,1
สุขุมวิท70/3,สุขุมวิท,6,17:00-19:00,0,0,1
สุขุมวิท70/3,สุขุมวิท70/3,6,07:00-09:00,0,0,1
สุขุมวิท70/3,สุขุมวิท70/3,6,09:00-17:00,0,0,1
สุขุมวิท70/3,สุขุมวิท70/3,6,17:00-19:00,0,0,1
สุขุมวิท71,สุขุมวิท,4,07:00-09:00,0,0,1
สุขุมวิท71,สุขุมวิท,4,09:00-17:00,0,0,1
สุขุมวิท71,สุขุมวิท,4,17:00-19:00,0,0,1
สุขุมวิท71,สุขุมวิท71,4,07:00-09:00,0,0,1
สุขุมวิท71,สุขุมวิท71,4,09:00-17:00,0,0,1
สุขุมวิท71,สุขุมวิท71,4,17:00-19:00,0,0,1
สุขุมวิท93,สุขุมวิท,6,07:00-09:00,0,0,1
สุขุมวิท93,สุขุมวิท,6,09:00-17:00,0,0,1
สุขุมวิท93,สุขุมวิท,6,17:00-19:00,0,0,1
สุขุมวิท93,สุขุมวิท32,6,07:00-09:00,0,0,1
สุขุมวิท93,สุขุมวิท32,6,09:00-17:00,0,0,1
สุขุมวิท93,สุขุมวิท32,6,17:00-19:00,0,0,1
สุขุมวิท93,สุขุมวิท49,6,07:00-09:00,0,0,1
สุขุมวิท93,สุขุมวิท49,6,09:00-17:00,0,0,1
สุขุมวิท93,สุขุมวิท49,6,17:00-19:00,0,0,1
สุคันธาราม,พระรามที่5,3,07:00-09:00,1,0,0
สุคันธาราม,พระรามที่5,3,09:00-16:00,1,0,0
สุคันธาราม,พระรามที่5,3,16:00-19:00,1,0,0
สุคันธาราม,สุคันธาราม,3,07:00-09:00,1,0,0
สุคันธาราม,สุคันธาราม,3,09:00-16:00,1,0,0
สุคันธาราม,สุคันธาราม,3,16:00-19:00,1,0,0
สุทธิสาร,รัชดาภิเษก,1,07:00-09:00,0,1,0
สุทธิสาร,รัชดาภิเษก,1,09:00-16:00,0,1,0
สุทธิสาร,รัชดาภิเษก,1,16:00-19:00,0,1,0
สุทธิสาร,รัชดาภิเษก,3,07:00-09:00,1,0,0
สุทธิสาร,รัชดาภิเษก,3,09:00-16:00,1,0,0
สุทธิสาร,รัชดาภิเษก,3,16:00-19:00,1,0,0
สุทธิสาร,รัชดาภิเษก,4,07:00-09:00,1,0,0
สุทธิสาร,รัชดาภิเษก,4,09:00-16:00,1,0,0
สุทธิสาร,รัชดาภิเษก,4,16:00-19:00,1,0,0
สุทธิสาร,รัชดาภิเษก,7,07:00-09:00,0,0,1
สุทธิสาร,รัชดาภิเษก,7,09:00-16:00,0,0,1
สุทธิสาร,รัชดาภิเษก,7,16:00-19:00,0,0,1
สุทธิสาร,รัชดาภิเษก,10,07:00-09:00,0,1,0
สุทธิสาร,รัชดาภิเษก,10,09:00-16:00,0,1,0
สุทธิสาร,รัชดาภิเษก,10,16:00-19:00,0,1,0
สุทธิสาร,สุทธิสาร,10,07:00-09:00,0,1,0
สุทธิสาร,สุทธิสาร,10,09:00-16:00,0,1,0
สุทธิสาร,สุทธิสาร,10,16:00-19:00,0,1,0
สุทธิสาร,สุทธิสารวินิจฉัย,1,07:00-09:00,0,1,0
สุทธิสาร,สุทธิสารวินิจฉัย,1,09:00-16:00,0,1,0
สุทธิสาร,สุทธิสารวินิจฉัย,1,16:00-19:00,0,1,0
สุทธิสาร,สุทธิสารวินิจฉัย,3,07:00-09:00,1,0,0
สุทธิสาร,สุทธิสารวินิจฉัย,3,09:00-16:00,1,0,0
สุทธิสาร,สุทธิสารวินิจฉัย,3,16:00-19:00,1,0,0
สุทธิสาร,สุทธิสารวินิจฉัย,4,07:00-09:00,1,0,0
สุทธิสาร,สุทธิสารวินิจฉัย,4,09:00-16:00,1,0,0
สุทธิสาร,สุทธิสารวินิจฉัย,4,16:00-19:00,1,0,0
สุทธิสาร,สุทธิสารวินิจฉัย,7,07:00-09:00,0,0,1
สุทธิสาร,สุทธิสารวินิจฉัย,7,09:00-16:00,0,0,1
สุทธิสาร,สุทธิสารวินิจฉัย,7,16:00-19:00,0,0,1
สุทธิสาร-วิภาวดี,วิภาวดีรังสิต,3,07:00-09:00,0,0,1
สุทธิสาร-วิภาวดี,วิภาวดีรังสิต,3,09:00-17:00,0,0,1
สุทธิสาร-วิภาวดี,วิภาวดีรังสิต,3,17:00-19:00,0,0,1
สุทธิสาร-วิภาวดี,สุทธิสาร,3,07:00-09:00,0,0,1
สุทธิสาร-วิภาวดี,สุทธิสาร,3,09:00-17:00,0,0,1
สุทธิสาร-วิภาวดี,สุทธิสาร,3,17:00-19:00,0,0,1
สุทธิสาร-วิภาวดีรังสิต,วิภาวดีรังสิต,1,07:00-09:00,0,1,0
สุทธิสาร-วิภาวดีรังสิต,วิภาวดีรังสิต,1,09:00-16:00,0,1,0
สุทธิสาร-วิภาวดีรังสิต,วิภาวดีรังสิต,1,16:00-19:00,0,1,0
สุทธิสาร-วิภาวดีรังสิต,วิภาวดีรังสิต,3,07:00-09:00,1,0,0
สุทธิสาร-วิภาวดีรังสิต,วิภาวดีรังสิต,3,09:00-16:00,1,0,0
สุทธิสาร-วิภาวดีรังสิต,วิภาวดีรังสิต,3,16:00-19:00,1,0,0
สุทธิสาร-วิภาวดีรังสิต,วิภาวดีรังสิต,6,07:00-09:00,1,0,0
สุทธิสาร-วิภาวดีรังสิต,วิภาวดีรังสิต,6,09:00-16:00,1,0,0
สุทธิสาร-วิภาวดีรังสิต,วิภาวดีรังสิต,6,16:00-19:00,1,0,0
สุทธิสาร-วิภาวดีรังสิต,วิภาวดีรังสิต,12,07:00-09:00,0,0,1
สุทธิสาร-วิภาวดีรังสิต,วิภาวดีรังสิต,12,09:00-17:00,0,0,1
สุทธิสาร-วิภาวดีรังสิต,วิภาวดีรังสิต,12,17:00-19:00,0,0,1
สุทธิสาร-วิภาวดีรังสิต,สุทธิสาร,1,07:00-09:00,0,1,0
สุทธิสาร-วิภาวดีรังสิต,สุทธิสาร,1,09:00-16:00,0,1,0
สุทธิสาร-วิภาวดีรังสิต,สุทธิสาร,1,16:00-19:00,0,1,0
สุทธิสาร-วิภาวดีรังสิต,สุทธิสาร,3,07:00-09:00,1,0,0
สุทธิสาร-วิภาวดีรังสิต,สุทธิสาร,3,09:00-16:00,1,0,0
สุทธิสาร-วิภาวดีรังสิต,สุทธิสาร,3,16:00-19:00,1,0,0
สุทธิสาร-วิภาวดีรังสิต,สุทธิสาร,6,07:00-09:00,1,0,0
สุทธิสาร-วิภาวดีรังสิต,สุทธิสาร,6,09:00-16:00,1,0,0
สุทธิสาร-วิภาวดีรังสิต,สุทธิสาร,6,16:00-19:00,1,0,0
สุทธิสาร-วิภาวดีรังสิต,สุทธิสาร,12,07:00-09:00,0,0,1
สุทธิสาร-วิภาวดีรังสิต,สุทธิสาร,12,09:00-17:00,0,0,1
สุทธิสาร-วิภาวดีรังสิต,สุทธิสาร,12,17:00-19:00,0,0,1
สุภาพบุรุษ,ทวีวัฒนา-กาญจนาภิเษก,5,07:00-09:00,0,0,1
สุภาพบุรุษ,ทวีวัฒนา-กาญจนาภิเษก,5,09:00-16:00,0,0,1
สุภาพบุรุษ,ทวีวัฒนา-กาญจนาภิเษก,5,16:00-19:00,0,0,1
สุภาพบุรุษ,สุภาพบุรุษ,11,07:00-09:00,0,0,1
สุภาพบุรุษ,สุภาพบุรุษ,11,09:00-17:00,0,0,1
สุภาพบุรุษ,สุภาพบุรุษ,11,17:00-19:00,0,0,1
สุภาพบุรุษ,เลียบคลองทวีวัฒนา,5,07:00-09:00,0,0,1
สุภาพบุรุษ,เลียบคลองทวีวัฒนา,5,09:00-16:00,0,0,1
สุภาพบุรุษ,เลียบคลองทวีวัฒนา,5,16:00-19:00,0,0,1
สุภาพบุรุษ,เลียบคลองทวีวัฒนา,11,07:00-09:00,0,0,1
สุภาพบุรุษ,เลียบคลองทวีวัฒนา,11,09:00-17:00,0,0,1
สุภาพบุรุษ,เลียบคลองทวีวัฒนา,11,17:00-19:00,0,0,1
สุรวงศ์,สุรวงศ์,6,07:00-09:00,0,1,0
สุรวงศ์,สุรวงศ์,6,09:00-16:00,0,1,0
สุรวงศ์,สุรวงศ์,6,16:00-19:00,0,1,0
สุรวงศ์,สุรวงศ์,11,07:00-09:00,0,0,1
สุรวงศ์,สุรวงศ์,11,09:00-17:00,0,0,1
สุรวงศ์,สุรวงศ์,11,17:00-19:00,0,0,1
สุรวงศ์,เจริญกรุง,6,07:00-09:00,0,1,0
สุรวงศ์,เจริญกรุง,6,09:00-16:00,0,1,0
สุรวงศ์,เจริญกรุง,6,16:00-19:00,0,1,0
สุรวงศ์,เจริญกรุง,11,07:00-09:00,0,0,1
สุรวงศ์,เจริญกรุง,11,09:00-17:00,0,0,1
สุรวงศ์,เจริญกรุง,11,17:00-19:00,0,0,1
สุรศักดิ์,มเหสักข์,1,07:00-09:00,0,1,0
สุรศักดิ์,มเหสักข์,1,09:00-16:00,0,1,0
สุรศักดิ์,มเหสักข์,1,16:00-19:00,0,1,0
สุรศักดิ์,มเหสักข์,5,07:00-09:00,0,0,1
สุรศักดิ์,มเหสักข์,5,09:00-17:00,0,0,1
สุรศักดิ์,มเหสักข์,5,17:00-19:00,0,0,1
สุรศักดิ์,มเหสักข์,8,07:00-09:00,0,1,0
สุรศักดิ์,มเหสักข์,8,09:00-16:00,0,1,0
สุรศักดิ์,มเหสักข์,8,16:00-19:00,0,1,0
สุรศักดิ์,มเหสักข์,12,07:00-09:00,0,0,1
สุรศักดิ์,มเหสักข์,12,09:00-17:00,0,0,1
สุรศักดิ์,มเหสักข์,12,17:00-19:00,0,0,1
สุรศักดิ์,สีลม,1,07:00-09:00,0,1,0
สุรศักดิ์,สีลม,1,09:00-16:00,0,1,0
สุรศักดิ์,สีลม,1,16:00-19:00,0,1,0
สุรศักดิ์,สีลม,5,07:00-09:00,0,0,1
สุรศักดิ์,สีลม,5,09:00-17:00,0,0,1
สุรศักดิ์,สีลม,5,17:00-19:00,0,0,1
สุรศักดิ์,สีลม,8,07:00-09:00,0,1,0
สุรศักดิ์,สีลม,8,09:00-16:00,0,1,0
สุรศักดิ์,สีลม,8,16:00-19:00,0,1,0
สุรศักดิ์,สีลม,12,07:00-09:00,0,0,1
สุรศักดิ์,สีลม,12,09:00-17:00,0,0,1
สุรศักดิ์,สีลม,12,17:00-19:00,0,0,1
สุวรรณภูมิ,ลาดกระบัง,3,07:00-09:00,1,0,0
สุวรรณภูมิ,ลาดกระบัง,3,09:00-16:00,1,0,0
สุวรรณภูมิ,ลาดกระบัง,3,16:00-19:00,1,0,0
สุวรรณภูมิ,สุวรรณภูมิ4,3,07:00-09:00,1,0,0
สุวรรณภูมิ,สุวรรณภูมิ4,3,09:00-16:00,1,0,0
สุวรรณภูมิ,สุวรรณภูมิ4,3,16:00-19:00,1,0,0
สุวินทวงศ์,รามคำแหง,10,07:00-09:00,0,1,0
สุวินทวงศ์,รามคำแหง,10,09:00-16:00,0,1,0
สุวินทวงศ์,รามคำแหง,10,16:00-19:00,0,1,0
สุวินทวงศ์,สุวินทวงศ์,10,07:00-09:00,0,1,0
สุวินทวงศ์,สุวินทวงศ์,10,09:00-16:00,0,1,0
สุวินทวงศ์,สุวินทวงศ์,10,16:00-19:00,0,1,0
สุวินทวงศ์-คุ้มเกล้า,คุ้มเกล้า,2,07:00-09:00,0,0,2
สุวินทวงศ์-คุ้มเกล้า,คุ้มเกล้า,2,09:00-17:00,0,0,2
สุวินทวงศ์-คุ้มเกล้า,คุ้มเกล้า,2,17:00-19:00,0,0,2
สุวินทวงศ์-คุ้มเกล้า,คุ้มเกล้า,7,06:30-09:00,1,0,0
สุวินทวงศ์-คุ้มเกล้า,คุ้มเกล้า,7,09:00-16:00,1,0,0
สุวินทวงศ์-คุ้มเกล้า,คุ้มเกล้า,7,16:00-19:30,1,0,0
สุวินทวงศ์-คุ้มเกล้า,สุวินทวงศ์,2,07:00-09:00,0,0,2
สุวินทวงศ์-คุ้มเกล้า,สุวินทวงศ์,2,09:00-17:00,0,0,2
สุวินทวงศ์-คุ้มเกล้า,สุวินทวงศ์,2,17:00-19:00,0,0,2
สุวินทวงศ์-คุ้มเกล้า,สุวินทวงศ์,7,06:30-09:00,1,0,0
สุวินทวงศ์-คุ้มเกล้า,สุวินทวงศ์,7,09:00-16:00,1,0,0
สุวินทวงศ์-คุ้มเกล้า,สุวินทวงศ์,7,16:00-19:30,1,0,0
สุวินทวงศ์-นิมิตใหม่,นิมิตใหม่,1,07:00-09:00,0,0,1
สุวินทวงศ์-นิมิตใหม่,นิมิตใหม่,1,09:00-17:00,0,0,1
สุวินทวงศ์-นิมิตใหม่,นิมิตใหม่,1,17:00-19:00,0,0,1
สุวินทวงศ์-นิมิตใหม่,นิมิตใหม่,9,06:30-09:00,1,0,0
สุวินทวงศ์-นิมิตใหม่,นิมิตใหม่,9,09:00-16:00,1,0,0
สุวินทวงศ์-นิมิตใหม่,นิมิตใหม่,9,16:00-19:30,1,0,0
สุวินทวงศ์-นิมิตใหม่,นิมิตใหม่,11,07:00-09:00,0,1,0
สุวินทวงศ์-นิมิตใหม่,นิมิตใหม่,11,09:00-16:00,0,1,0
สุวินทวงศ์-นิมิตใหม่,นิมิตใหม่,11,16:00-19:00,0,1,0
สุวินทวงศ์-นิมิตใหม่,สุวินทวงศ์,1,07:00-09:00,0,0,1
สุวินทวงศ์-นิมิตใหม่,สุวินทวงศ์,1,09:00-17:00,0,0,1
สุวินทวงศ์-นิมิตใหม่,สุวินทวงศ์,1,17:00-19:00,0,0,1
สุวินทวงศ์-นิมิตใหม่,สุวินทวงศ์,9,06:30-09:00,1,0,0
สุวินทวงศ์-นิมิตใหม่,สุวินทวงศ์,9,09:00-16:00,1,0,0
สุวินทวงศ์-นิมิตใหม่,สุวินทวงศ์,9,16:00-19:30,1,0,0
สุวินทวงศ์-นิมิตใหม่,สุวินทวงศ์,11,07:00-09:00,0,1,0
สุวินทวงศ์-นิมิตใหม่,สุวินทวงศ์,11,09:00-16:00,0,1,0
สุวินทวงศ์-นิมิตใหม่,สุวินทวงศ์,11,16:00-19:00,0,1,0
สุวินทวงศ์-บึงขวาง,บึงขวาง,10,07:00-09:00,0,0,1
สุวินทวงศ์-บึงขวาง,บึงขวาง,10,09:00-17:00,0,0,1
สุวินทวงศ์-บึงขวาง,บึงขวาง,10,17:00-19:00,0,0,1
สุวินทวงศ์-บึงขวาง,สุวินทวงศ์,10,07:00-09:00,0,0,1
สุวินทวงศ์-บึงขวาง,สุวินทวงศ์,10,09:00-17:00,0,0,1
สุวินทวงศ์-บึงขวาง,สุวินทวงศ์,10,17:00-19:00,0,0,1
สุวินทวงศ์-ราษฎร์อุทิศ,ราษฎร์อุทิศ,5,07:00-09:00,0,0,1
สุวินทวงศ์-ราษฎร์อุทิศ,ราษฎร์อุทิศ,5,09:00-17:00,0,0,1
สุวินทวงศ์-ราษฎร์อุทิศ,ราษฎร์อุทิศ,5,17:00-19:00,0,0,1
สุวินทวงศ์-ราษฎร์อุทิศ,ราษฎร์อุทิศ,8,07:00-09:00,1,0,0
สุวินทวงศ์-ราษฎร์อุทิศ,ราษฎร์อุทิศ,8,09:00-16:00,1,0,0
สุวินทวงศ์-ราษฎร์อุทิศ,ราษฎร์อุทิศ,8,16:00-19:00,1,0,0
สุวินทวงศ์-ราษฎร์อุทิศ,ราษฎร์อุทิศ,9,07:00-09:00,0,1,0
สุวินทวงศ์-ราษฎร์อุทิศ,ราษฎร์อุทิศ,9,09:00-16:00,0,1,0
สุวินทวงศ์-ราษฎร์อุทิศ,ราษฎร์อุทิศ,9,16:00-19:00,0,1,0
สุวินทวงศ์-ราษฎร์อุทิศ,สุวินทวงศ์,5,07:00-09:00,0,0,1
สุวินทวงศ์-ราษฎร์อุทิศ,สุวินทวงศ์,5,09:00-17:00,0,0,1
สุวินทวงศ์-ราษฎร์อุทิศ,สุวินทวงศ์,5,17:00-19:00,0,0,1
สุวินทวงศ์-ราษฎร์อุทิศ,สุวินทวงศ์,8,07:00-09:00,1,0,0
สุวินทวงศ์-ราษฎร์อุทิศ,สุวินทวงศ์,8,09:00-16:00,1,0,0
สุวินทวงศ์-ราษฎร์อุทิศ,สุวินทวงศ์,8,16:00-19:00,1,0,0
สุวินทวงศ์-ราษฎร์อุทิศ,สุวินทวงศ์,9,07:00-09:00,0,1,0
สุวินทวงศ์-ราษฎร์อุทิศ,สุวินทวงศ์,9,09:00-16:00,0,1,0
สุวินทวงศ์-ราษฎร์อุทิศ,สุวินทวงศ์,9,16:00-19:00,0,1,0
สุวินทวงศ์-อยู่วิทยา-ร่วมพัฒนา,ร่วมพัฒนา,10,07:00-09:00,0,1,0
สุวินทวงศ์-อยู่วิทยา-ร่วมพัฒนา,ร่วมพัฒนา,10,09:00-16:00,0,1,0
สุวินทวงศ์-อยู่วิทยา-ร่วมพัฒนา,ร่วมพัฒนา,10,16:00-19:00,0,1,0
สุวินทวงศ์-อยู่วิทยา-ร่วมพัฒนา,สุวินทวงศ์,10,07:00-09:00,0,1,0
สุวินทวงศ์-อยู่วิทยา-ร่วมพัฒนา,สุวินทวงศ์,10,09:00-16:00,0,1,0
สุวินทวงศ์-อยู่วิทยา-ร่วมพัฒนา,สุวินทวงศ์,10,16:00-19:00,0,1,0
สุวินทวงศ์-อยู่วิทยา-ร่วมพัฒนา,อยู่วิทยา,10,07:00-09:00,0,1,0
สุวินทวงศ์-อยู่วิทยา-ร่วมพัฒนา,อยู่วิทยา,10,09:00-16:00,0,1,0
สุวินทวงศ์-อยู่วิทยา-ร่วมพัฒนา,อยู่วิทยา,10,16:00-19:00,0,1,0
สุวินทวงศ์ซอย7,สุวินทวงศ์,5,07:00-09:00,0,1,0
สุวินทวงศ์ซอย7,สุวินทวงศ์,5,09:00-16:00,0,1,0
สุวินทวงศ์ซอย7,สุวินทวงศ์,5,16:00-19:00,0,1,0
สุเหร่าคลองหนึ่งซอย15,สุเหร่าคลองหนึ่ง,2,07:00-09:00,0,0,1
สุเหร่าคลองหนึ่งซอย15,สุเหร่าคลองหนึ่ง,2,09:00-17:00,0,0,1
สุเหร่าคลองหนึ่งซอย15,สุเหร่าคลองหนึ่ง,2,17:00-19:00,0,0,1
สุเหร่าคลองหนึ่งซอย15,สุเหร่าคลองหนึ่งซอย15,2,07:00-09:00,0,0,1
สุเหร่าคลองหนึ่งซอย15,สุเหร่าคลองหนึ่งซอย15,2,09:00-17:00,0,0,1
สุเหร่าคลองหนึ่งซอย15,สุเหร่าคลองหนึ่งซอย15,2,17:00-19:00,0,0,1
สุเหร่าคลองหนึ่งซอย15,เจริญพัฒนา,2,07:00-09:00,0,0,1
สุเหร่าคลองหนึ่งซอย15,เจริญพัฒนา,2,09:00-17:00,0,0,1
สุเหร่าคลองหนึ่งซอย15,เจริญพัฒนา,2,17:00-19:00,0,0,1
สุโขทัย,พระรามที่5,3,07:00-09:00,0,1,0
สุโขทัย,พระรามที่5,3,09:00-16:00,0,1,0
สุโขทัย,พระรามที่5,3,16:00-19:00,0,1,0
สุโขทัย,พระรามที่5,5,07:00-09:00,1,0,0
สุโขทัย,พระรามที่5,5,09:00-16:00,1,0,0
สุโขทัย,พระรามที่5,5,16:00-19:00,1,0,0
สุโขทัย,พระรามที่5,9,07:00-09:00,1,0,0
สุโขทัย,พระรามที่5,9,09:00-16:00,1,0,0
สุโขทัย,พระรามที่5,9,16:00-19:00,1,0,0
สุโขทัย,พระรามที่5,11,07:00-09:00,0,0,1
สุโขทัย,พระรามที่5,11,09:00-17:00,0,0,1
สุโขทัย,พระรามที่5,11,17:00-19:00,0,0,1
สุโขทัย,พระรามที่5,12,07:00-09:00,0,0,1
สุโขทัย,พระรามที่5,12,09:00-16:00,0,0,1
สุโขทัย,พระรามที่5,12,16:00-19:00,0,0,1
สุโขทัย,สุโขทัย,3,07:00-09:00,0,1,1
สุโขทัย,สุโขทัย,3,09:00-16:00,0,1,1
สุโขทัย,สุโขทัย,3,16:00-19:00,0,1,1
สุโขทัย,สุโขทัย,5,07:00-09:00,1,0,0
สุโขทัย,สุโขทัย,5,09:00-16:00,1,0,0
สุโขทัย,สุโขทัย,5,16:00-19:00,1,0,0
สุโขทัย,สุโขทัย,9,07:00-09:00,1,0,0
สุโขทัย,สุโขทัย,9,09:00-16:00,1,0,0
สุโขทัย,สุโขทัย,9,16:00-19:00,1,0,0
สุโขทัย,สุโขทัย,11,07:00-09:00,0,0,1
สุโขทัย,สุโขทัย,11,09:00-17:00,0,0,1
สุโขทัย,สุโขทัย,11,17:00-19:00,0,0,1
สุโขทัย,สุโขทัย,12,07:00-09:00,0,0,1
สุโขทัย,สุโขทัย,12,09:00-16:00,0,0,1
สุโขทัย,สุโขทัย,12,16:00-19:00,0,0,1
หทัยมิตร-นิมิตใหม่,นิมิตใหม่,4,07:00-09:00,0,0,1
หทัยมิตร-นิมิตใหม่,นิมิตใหม่,4,09:00-17:00,0,0,1
หทัยมิตร-นิมิตใหม่,นิมิตใหม่,4,17:00-19:00,0,0,1
หทัยมิตร-นิมิตใหม่,หทัยมิตร,4,07:00-09:00,0,0,1
หทัยมิตร-นิมิตใหม่,หทัยมิตร,4,09:00-17:00,0,0,1
หทัยมิตร-นิมิตใหม่,หทัยมิตร,4,17:00-19:00,0,0,1
หทัยราษฎร์-ซอยไทยรามัญ,หทัยราษฎร์,7,07:00-09:00,1,0,0
หทัยราษฎร์-ซอยไทยรามัญ,หทัยราษฎร์,7,09:00-16:00,1,0,0
หทัยราษฎร์-ซอยไทยรามัญ,หทัยราษฎร์,7,16:00-19:00,1,0,0
หทัยราษฎร์-สุวินทวงศ์,สุวินทวงศ์,9,07:00-09:00,0,0,1
หทัยราษฎร์-สุวินทวงศ์,สุวินทวงศ์,9,09:00-17:00,0,0,1
หทัยราษฎร์-สุวินทวงศ์,สุวินทวงศ์,9,17:00-19:00,0,0,1
หทัยราษฎร์-สุวินทวงศ์,สุวินทวงศ์,10,07:00-09:00,0,0,1
หทัยราษฎร์-สุวินทวงศ์,สุวินทวงศ์,10,09:00-17:00,0,0,1
หทัยราษฎร์-สุวินทวงศ์,สุวินทวงศ์,10,17:00-19:00,0,0,1
หทัยราษฎร์-สุวินทวงศ์,หทัยราษฎร์,9,07:00-09:00,0,0,1
หทัยราษฎร์-สุวินทวงศ์,หทัยราษฎร์,9,09:00-17:00,0,0,1
หทัยราษฎร์-สุวินทวงศ์,หทัยราษฎร์,9,17:00-19:00,0,0,1
หทัยราษฎร์-สุวินทวงศ์,หทัยราษฎร์,10,07:00-09:00,0,0,1
หทัยราษฎร์-สุวินทวงศ์,หทัยราษฎร์,10,09:00-17:00,0,0,1
หทัยราษฎร์-สุวินทวงศ์,หทัยราษฎร์,10,17:00-19:00,0,0,1
หทัยราษฎร์-สุเหร่าคลองหนึ่ง,สุเหร่าคลองหนึ่ง,7,07:00-09:00,0,0,1
หทัยราษฎร์-สุเหร่าคลองหนึ่ง,สุเหร่าคลองหนึ่ง,7,09:00-16:00,0,0,1
หทัยราษฎร์-สุเหร่าคลองหนึ่ง,สุเหร่าคลองหนึ่ง,7,16:00-19:00,0,0,1
หทัยราษฎร์-สุเหร่าคลองหนึ่ง,หทัยราษฎร์,7,07:00-09:00,0,0,1
หทัยราษฎร์-สุเหร่าคลองหนึ่ง,หทัยราษฎร์,7,09:00-16:00,0,0,1
หทัยราษฎร์-สุเหร่าคลองหนึ่ง,หทัยราษฎร์,7,16:00-19:00,0,0,1
หทัยราษฎร์-หทัยมิตร,หทัยมิตร,3,07:00-09:00,0,1,0
หทัยราษฎร์-หทัยมิตร,หทัยมิตร,3,09:00-16:00,0,1,0
หทัยราษฎร์-หทัยมิตร,หทัยมิตร,3,16:00-19:00,0,1,0
หทัยราษฎร์-หทัยมิตร,หทัยมิตร,7,07:00-09:00,0,0,3
หทัยราษฎร์-หทัยมิตร,หทัยมิตร,7,09:00-16:00,0,0,1
หทัยราษฎร์-หทัยมิตร,หทัยมิตร,7,09:00-17:00,0,0,2
หทัยราษฎร์-หทัยมิตร,หทัยมิตร,7,16:00-19:00,0,0,1
หทัยราษฎร์-หทัยมิตร,หทัยมิตร,7,17:00-19:00,0,0,2
หทัยราษฎร์-หทัยมิตร,หทัยราษฎร์,3,07:00-09:00,0,1,0
หทัยราษฎร์-หทัยมิตร,หทัยราษฎร์,3,09:00-16:00,0,1,0
หทัยราษฎร์-หทัยมิตร,หทัยราษฎร์,3,16:00-19:00,0,1,0
หทัยราษฎร์-หทัยมิตร,หทัยราษฎร์,7,07:00-09:00,0,0,3
หทัยราษฎร์-หทัยมิตร,หทัยราษฎร์,7,09:00-16:00,0,0,1
หทัยราษฎร์-หทัยมิตร,หทัยราษฎร์,7,09:00-17:00,0,0,2
หทัยราษฎร์-หทัยมิตร,หทัยราษฎร์,7,16:00-19:00,0,0,1
หทัยราษฎร์-หทัยมิตร,หทัยราษฎร์,7,17:00-19:00,0,0,2
หทัยราษฎร์-หทัยราษฎร์22,หทัยราษฎร์,1,07:00-09:00,0,0,1
หทัยราษฎร์-หทัยราษฎร์22,หทัยราษฎร์,1,09:00-17:00,0,0,1
หทัยราษฎร์-หทัยราษฎร์22,หทัยราษฎร์,1,17:00-19:00,0,0,1
หทัยราษฎร์-หทัยราษฎร์22,หทัยราษฎร์22,1,07:00-09:00,0,0,1
หทัยราษฎร์-หทัยราษฎร์22,หทัยราษฎร์22,1,09:00-17:00,0,0,1
หทัยราษฎร์-หทัยราษฎร์22,หทัยราษฎร์22,1,17:00-19:00,0,0,1
หทัยราษฎร์-เลียบคลองสอง,หทัยราษฎร์,5,06:30-09:00,0,1,0
หทัยราษฎร์-เลียบคลองสอง,หทัยราษฎร์,5,07:00-09:00,0,0,1
หทัยราษฎร์-เลียบคลองสอง,หทัยราษฎร์,5,09:00-16:00,0,1,0
หทัยราษฎร์-เลียบคลองสอง,หทัยราษฎร์,5,09:00-17:00,0,0,1
หทัยราษฎร์-เลียบคลองสอง,หทัยราษฎร์,5,16:00-19:30,0,1,0
หทัยราษฎร์-เลียบคลองสอง,หทัยราษฎร์,5,17:00-19:00,0,0,1
หทัยราษฎร์-เลียบคลองสอง,หทัยราษฎร์,6,07:00-09:00,0,1,1
หทัยราษฎร์-เลียบคลองสอง,หทัยราษฎร์,6,09:00-16:00,0,1,1
หทัยราษฎร์-เลียบคลองสอง,หทัยราษฎร์,6,16:00-19:00,0,1,1
หทัยราษฎร์-เลียบคลองสอง,หทัยราษฎร์,7,07:00-09:00,1,0,0
หทัยราษฎร์-เลียบคลองสอง,หทัยราษฎร์,7,09:00-16:00,1,0,0
หทัยราษฎร์-เลียบคลองสอง,หทัยราษฎร์,7,16:00-19:00,1,0,0
หทัยราษฎร์-เลียบคลองสอง,เลียบคลองสอง,5,07:00-09:00,0,1,1
หทัยราษฎร์-เลียบคลองสอง,เลียบคลองสอง,5,09:00-16:00,0,1,0
หทัยราษฎร์-เลียบคลองสอง,เลียบคลองสอง,5,09:00-17:00,0,0,1
หทัยราษฎร์-เลียบคลองสอง,เลียบคลองสอง,5,16:00-19:00,0,1,0
หทัยราษฎร์-เลียบคลองสอง,เลียบคลองสอง,5,17:00-19:00,0,0,1
หทัยราษฎร์-เลียบคลองสอง,เลียบคลองสอง,6,07:00-09:00,0,1,1
หทัยราษฎร์-เลียบคลองสอง,เลียบคลองสอง,6,09:00-16:00,0,1,1
หทัยราษฎร์-เลียบคลองสอง,เลียบคลองสอง,6,16:00-19:00,0,1,1
หทัยราษฎร์-เลียบคลองสอง,เลียบคลองสอง,7,07:00-09:00,1,0,0
หทัยราษฎร์-เลียบคลองสอง,เลียบคลองสอง,7,09:00-16:00,1,0,0
หทัยราษฎร์-เลียบคลองสอง,เลียบคลองสอง,7,16:00-19:00,1,0,0
หนองระแหง-คู่ขนานกาญจนาภิเษก,คู่ขนานกาญจนาภิเษก,11,07:00-09:00,0,0,1
หนองระแหง-คู่ขนานกาญจนาภิเษก,คู่ขนานกาญจนาภิเษก,11,09:00-17:00,0,0,1
หนองระแหง-คู่ขนานกาญจนาภิเษก,คู่ขนานกาญจนาภิเษก,11,17:00-19:00,0,0,1
หนองระแหง-คู่ขนานกาญจนาภิเษก,หนองระแหง,11,07:00-09:00,0,0,1
หนองระแหง-คู่ขนานกาญจนาภิเษก,หนองระแหง,11,09:00-17:00,0,0,1
หนองระแหง-คู่ขนานกาญจนาภิเษก,หนองระแหง,11,17:00-19:00,0,0,1
หนองระแหง-หทัยราษฎร์,หทัยราษฎร์,11,07:00-09:00,0,0,1
หนองระแหง-หทัยราษฎร์,หทัยราษฎร์,11,09:00-17:00,0,0,1
หนองระแหง-หทัยราษฎร์,หทัยราษฎร์,11,17:00-19:00,0,0,1
หนองระแหง-หทัยราษฎร์,หนองระแหง,11,07:00-09:00,0,0,1
หนองระแหง-หทัยราษฎร์,หนองระแหง,11,09:00-17:00,0,0,1
หนองระแหง-หทัยราษฎร์,หนองระแหง,11,17:00-19:00,0,0,1
หนองระแหง5-ไทยรามัญ,ซอยหนองระแหง,11,07:00-09:00,1,0,0
หนองระแหง5-ไทยรามัญ,ซอยหนองระแหง,11,09:00-16:00,1,0,0
หนองระแหง5-ไทยรามัญ,ซอยหนองระแหง,11,16:00-19:00,1,0,0
หนองระแหง5-ไทยรามัญ,ซอยไทยรามัญ,11,07:00-09:00,1,0,0
หนองระแหง5-ไทยรามัญ,ซอยไทยรามัญ,11,09:00-16:00,1,0,0
หนองระแหง5-ไทยรามัญ,ซอยไทยรามัญ,11,16:00-19:00,1,0,0
หนองแขม,เพชรเกษม81,3,07:00-09:00,0,0,1
หนองแขม,เพชรเกษม81,3,09:00-17:00,0,0,1
หนองแขม,เพชรเกษม81,3,17:00-19:00,0,0,1
หนองแขม,เลียบคลองภาษีเจริญฝั่งใต้,3,07:00-09:00,0,0,1
หนองแขม,เลียบคลองภาษีเจริญฝั่งใต้,3,09:00-17:00,0,0,1
หนองแขม,เลียบคลองภาษีเจริญฝั่งใต้,3,17:00-19:00,0,0,1
หนองใหญ่,บางแค,10,07:00-09:00,0,0,1
หนองใหญ่,บางแค,10,09:00-16:00,0,0,1
หนองใหญ่,บางแค,10,16:00-19:00,0,0,1
หนองใหญ่,บางแค14,10,07:00-09:00,0,0,1
หนองใหญ่,บางแค14,10,09:00-16:00,0,0,1
หนองใหญ่,บางแค14,10,16:00-19:00,0,0,1
หนองใหญ่,บางแค7,10,07:00-09:00,0,0,1
หนองใหญ่,บางแค7,10,09:00-16:00,0,0,1
หนองใหญ่,บางแค7,10,16:00-19:00,0,0,1
หน่วยบัญชาการรักษาดินแดง,สนามไชย,3,07:00-09:00,1,0,0
หน่วยบัญชาการรักษาดินแดง,สนามไชย,3,09:00-16:00,1,0,0
หน่วยบัญชาการรักษาดินแดง,สนามไชย,3,16:00-19:00,1,0,0
หน่วยบัญชาการรักษาดินแดน,สนามไชย,3,07:00-09:00,1,0,0
หน่วยบัญชาการรักษาดินแดน,สนามไชย,3,09:00-16:00,1,0,0
หน่วยบัญชาการรักษาดินแดน,สนามไชย,3,16:00-19:00,1,0,0
หน้า7-11,อาจณรงค์,3,07:00-09:00,0,0,1
หน้า7-11,อาจณรงค์,3,09:00-17:00,0,0,1
หน้า7-11,อาจณรงค์,3,17:00-19:00,0,0,1
หน้า7-11พัฒนาการ20,พัฒนาการ20,8,07:00-09:00,0,0,2
หน้า7-11พัฒนาการ20,พัฒนาการ20,8,09:00-17:00,0,0,2
หน้า7-11พัฒนาการ20,พัฒนาการ20,8,17:00-19:00,0,0,2
หน้าMayfairPlace,สุขุมวิท50,2,07:00-09:00,0,0,1
หน้าMayfairPlace,สุขุมวิท50,2,09:00-17:00,0,0,1
หน้าMayfairPlace,สุขุมวิท50,2,17:00-19:00,0,0,1
หน้าVelaaSindlomVillage,หลังสวน,4,07:00-09:00,0,0,1
หน้าVelaaSindlomVillage,หลังสวน,4,09:00-16:00,0,0,1
หน้าVelaaSindlomVillage,หลังสวน,4,16:00-19:00,0,0,1
หน้ากรมการขนส่งทางบก,พหลโยธิน,1,07:00-09:00,1,0,0
หน้ากรมการขนส่งทางบก,พหลโยธิน,1,09:00-16:00,1,0,0
หน้ากรมการขนส่งทางบก,พหลโยธิน,1,16:00-19:00,1,0,0
หน้ากรมขนส่งทางบก,พหลโยธิน,4,07:00-09:00,1,0,0
หน้ากรมขนส่งทางบก,พหลโยธิน,4,09:00-16:00,1,0,0
หน้ากรมขนส่งทางบก,พหลโยธิน,4,16:00-19:00,1,0,0
หน้ากรมชลประทาน,สามเสน,8,07:00-09:00,0,1,0
หน้ากรมชลประทาน,สามเสน,8,09:00-16:00,0,1,0
หน้ากรมชลประทาน,สามเสน,8,16:00-19:00,0,1,0
หน้ากรมอู่ทหารเรือ,อรุณอัมรินทร์,2,07:00-09:00,1,0,0
หน้ากรมอู่ทหารเรือ,อรุณอัมรินทร์,2,09:00-16:00,1,0,0
หน้ากรมอู่ทหารเรือ,อรุณอัมรินทร์,2,16:00-19:00,1,0,0
หน้ากรมแผนที่ทหาร,กัลยาณไมตรี,3,07:00-09:00,2,0,0
หน้ากรมแผนที่ทหาร,กัลยาณไมตรี,3,09:00-16:00,2,0,0
หน้ากรมแผนที่ทหาร,กัลยาณไมตรี,3,16:00-19:00,2,0,0
หน้ากรมโรงงานอุตสาหกรรม,พระสุเมรุ,3,07:00-09:00,1,0,0
หน้ากรมโรงงานอุตสาหกรรม,พระสุเมรุ,3,09:00-16:00,1,0,0
หน้ากรมโรงงานอุตสาหกรรม,พระสุเมรุ,3,16:00-19:00,1,0,0
หน้ากองบัญชาการกองทัพอากาศ,พหลโยธิน,10,07:00-09:00,1,0,0
หน้ากองบัญชาการกองทัพอากาศ,พหลโยธิน,10,09:00-16:00,1,0,0
หน้ากองบัญชาการกองทัพอากาศ,พหลโยธิน,10,16:00-19:00,1,0,0
หน้ากองปราบปราม,พหลโยธิน,5,07:00-09:00,0,0,1
หน้ากองปราบปราม,พหลโยธิน,5,09:00-16:00,0,0,1
หน้ากองปราบปราม,พหลโยธิน,5,16:00-19:00,0,0,1
หน้ากองปราบปราม,พหลโยธิน,12,07:00-09:00,0,1,0
หน้ากองปราบปราม,พหลโยธิน,12,09:00-16:00,0,1,0
หน้ากองปราบปราม,พหลโยธิน,12,16:00-19:00,0,1,0
หน้ากองพันทหารปืนใหญ่ที่1,ประดิพัทธ์,8,07:00-09:00,0,1,0
หน้ากองพันทหารปืนใหญ่ที่1,ประดิพัทธ์,8,09:00-16:00,0,1,0
หน้ากองพันทหารปืนใหญ่ที่1,ประดิพัทธ์,8,16:00-19:00,0,1,0
หน้ากองพันทหารม้าที่3,ทหาร,8,07:00-09:00,0,1,0
หน้ากองพันทหารม้าที่3,ทหาร,8,09:00-16:00,0,1,0
หน้ากองพันทหารม้าที่3,ทหาร,8,16:00-19:00,0,1,0
หน้ากองพันทหารสื่อสารที่21,ทางเข้าออกกองพันฯ,9,07:00-09:00,0,0,1
หน้ากองพันทหารสื่อสารที่21,ทางเข้าออกกองพันฯ,9,09:00-16:00,0,0,1
หน้ากองพันทหารสื่อสารที่21,ทางเข้าออกกองพันฯ,9,16:00-19:00,0,0,1
หน้ากองพันทหารสื่อสารที่21,พหลโยธิน,9,07:00-09:00,0,0,1
หน้ากองพันทหารสื่อสารที่21,พหลโยธิน,9,09:00-16:00,0,0,1
หน้ากองพันทหารสื่อสารที่21,พหลโยธิน,9,16:00-19:00,0,0,1
หน้าการไฟฟ้าธนบุรี,จรัญสนิทวงศ์,11,07:00-09:00,0,0,1
หน้าการไฟฟ้าธนบุรี,จรัญสนิทวงศ์,11,09:00-17:00,0,0,1
หน้าการไฟฟ้าธนบุรี,จรัญสนิทวงศ์,11,17:00-19:00,0,0,1
หน้าการไฟฟ้าธนบุรี,จรัญสนิทวงศ์20,11,07:00-09:00,0,0,1
หน้าการไฟฟ้าธนบุรี,จรัญสนิทวงศ์20,11,09:00-17:00,0,0,1
หน้าการไฟฟ้าธนบุรี,จรัญสนิทวงศ์20,11,17:00-19:00,0,0,1
หน้าการไฟฟ้าธนบุรี,จรัญสนิทวงศ์23,11,07:00-09:00,0,0,1
หน้าการไฟฟ้าธนบุรี,จรัญสนิทวงศ์23,11,09:00-17:00,0,0,1
หน้าการไฟฟ้าธนบุรี,จรัญสนิทวงศ์23,11,17:00-19:00,0,0,1
หน้าการไฟฟ้านครหลวงบางเขน,กำแพงเพชร2,11,07:00-09:00,1,0,0
หน้าการไฟฟ้านครหลวงบางเขน,กำแพงเพชร2,11,09:00-16:00,1,0,0
หน้าการไฟฟ้านครหลวงบางเขน,กำแพงเพชร2,11,16:00-19:00,1,0,0
หน้าคณะนิเทศศาสตร์จุฬาลงกรณ์ฯ,ทางเข้าคณะนิเทศศาสตร์,4,07:00-09:00,1,0,0
หน้าคณะนิเทศศาสตร์จุฬาลงกรณ์ฯ,ทางเข้าคณะนิเทศศาสตร์,4,09:00-16:00,1,0,0
หน้าคณะนิเทศศาสตร์จุฬาลงกรณ์ฯ,ทางเข้าคณะนิเทศศาสตร์,4,16:00-19:00,1,0,0
หน้าคณะนิเทศศาสตร์จุฬาลงกรณ์ฯ,พญาไท,4,07:00-09:00,1,0,0
หน้าคณะนิเทศศาสตร์จุฬาลงกรณ์ฯ,พญาไท,4,09:00-16:00,1,0,0
หน้าคณะนิเทศศาสตร์จุฬาลงกรณ์ฯ,พญาไท,4,16:00-19:00,1,0,0
"หน้าคณะเทคโนโลยีการเกษตร,สำนักหอสมุดกลาง",ฉลองกรุง,4,07:00-09:00,0,0,1
"หน้าคณะเทคโนโลยีการเกษตร,สำนักหอสมุดกลาง",ฉลองกรุง,4,09:00-17:00,0,0,1
"หน้าคณะเทคโนโลยีการเกษตร,สำนักหอสมุดกลาง",ฉลองกรุง,4,17:00-19:00,0,0,1
หน้าคณะเวชศาสตร์เขตร้อน,ราชวิถี,10,07:00-09:00,0,0,1
หน้าคณะเวชศาสตร์เขตร้อน,ราชวิถี,10,09:00-17:00,0,0,1
หน้าคณะเวชศาสตร์เขตร้อน,ราชวิถี,10,17:00-19:00,0,0,1
หน้าคณะเวชศาสตร์เขตร้อน,ราชวิถี15,10,07:00-09:00,0,0,1
หน้าคณะเวชศาสตร์เขตร้อน,ราชวิถี15,10,09:00-17:00,0,0,1
หน้าคณะเวชศาสตร์เขตร้อน,ราชวิถี15,10,17:00-19:00,0,0,1
หน้าคณะแพทย์ศาสตร์วชิระพยาบาล,สามเสน,10,07:00-09:00,1,0,0
หน้าคณะแพทย์ศาสตร์วชิระพยาบาล,สามเสน,10,09:00-16:00,1,0,0
หน้าคณะแพทย์ศาสตร์วชิระพยาบาล,สามเสน,10,16:00-19:00,1,0,0
หน้าคอนโด28Chidlom,ชิดลม,4,07:00-09:00,0,0,1
หน้าคอนโด28Chidlom,ชิดลม,4,09:00-16:00,0,0,1
หน้าคอนโด28Chidlom,ชิดลม,4,16:00-19:00,0,0,1
หน้าคอนโดชีวาทัยเรสซิเดนซ์,ประชาราษฎร์สาย2,10,07:00-09:00,0,0,1
หน้าคอนโดชีวาทัยเรสซิเดนซ์,ประชาราษฎร์สาย2,10,09:00-17:00,0,0,1
หน้าคอนโดชีวาทัยเรสซิเดนซ์,ประชาราษฎร์สาย2,10,17:00-19:00,0,0,1
หน้าคอนโดดิเอ็กซ์เซลกรูฟปากซอยลาซาล52,สุขุมวิท105,5,06:30-09:00,0,1,0
หน้าคอนโดดิเอ็กซ์เซลกรูฟปากซอยลาซาล52,สุขุมวิท105,5,09:00-16:00,0,1,0
หน้าคอนโดดิเอ็กซ์เซลกรูฟปากซอยลาซาล52,สุขุมวิท105,5,16:00-19:30,0,1,0
หน้าคอนโดยูดีไลท์แอทหัวหมากสเตชั่น,หัวหมาก,9,07:00-09:00,0,1,0
หน้าคอนโดยูดีไลท์แอทหัวหมากสเตชั่น,หัวหมาก,9,09:00-16:00,0,1,0
หน้าคอนโดยูดีไลท์แอทหัวหมากสเตชั่น,หัวหมาก,9,16:00-19:00,0,1,0
หน้าคอนโดลุมพินีพาร์คนวมินทร์36,นวมนิทร์,9,07:00-09:00,0,1,0
หน้าคอนโดลุมพินีพาร์คนวมินทร์37,นวมนิทร์,9,09:00-16:00,0,1,0
หน้าคอนโดลุมพินีพาร์คนวมินทร์38,นวมนิทร์,9,16:00-19:00,0,1,0
หน้าคอนโดลุมพินีวิลล์,ราษฎร์บูรณะ,3,07:00-09:00,0,0,1
หน้าคอนโดลุมพินีวิลล์,ราษฎร์บูรณะ,3,09:00-17:00,0,0,1
หน้าคอนโดลุมพินีวิลล์,ราษฎร์บูรณะ,3,17:00-19:00,0,0,1
หน้าคอนโดเดอะทรีอินเตอร์เชน,ประชาราษฎร์สาย2,10,07:00-09:00,0,0,1
หน้าคอนโดเดอะทรีอินเตอร์เชน,ประชาราษฎร์สาย2,10,09:00-17:00,0,0,1
หน้าคอนโดเดอะทรีอินเตอร์เชน,ประชาราษฎร์สาย2,10,17:00-19:00,0,0,1
หน้าคอนโดเมโทรสกาย,ประชาชื่น,10,07:00-09:00,0,0,1
หน้าคอนโดเมโทรสกาย,ประชาชื่น,10,17:00-19:00,0,0,1
หน้าชุมชนบ้านแบบ,เจริญราษฎร์,9,07:00-09:00,1,0,0
หน้าชุมชนบ้านแบบ,เจริญราษฎร์,9,09:00-16:00,1,0,0
หน้าชุมชนบ้านแบบ,เจริญราษฎร์,9,16:00-19:00,1,0,0
หน้าชุมชนโรงเรียวัดตลิ่งชัน,ชักพระ,5,07:00-09:00,1,0,0
หน้าชุมชนโรงเรียวัดตลิ่งชัน,ชักพระ,5,09:00-16:00,1,0,0
หน้าชุมชนโรงเรียวัดตลิ่งชัน,ชักพระ,5,16:00-19:00,1,0,0
หน้าซอยพหลโยธิน50แยก11-15-2,เทพรักษ์,11,07:00-09:00,1,0,0
หน้าซอยพหลโยธิน50แยก11-15-2,เทพรักษ์,11,09:00-16:00,1,0,0
หน้าซอยพหลโยธิน50แยก11-15-2,เทพรักษ์,11,16:00-19:00,1,0,0
หน้าซีคอนสแควร์,ศรีนครินทร์,12,07:00-09:00,1,0,0
หน้าซีคอนสแควร์,ศรีนครินทร์,12,09:00-16:00,1,0,0
หน้าซีคอนสแควร์,ศรีนครินทร์,12,16:00-19:00,1,0,0
หน้าตลาดคลองถม,เจริญกรุง,7,07:00-09:00,0,1,0
หน้าตลาดคลองถม,เจริญกรุง,7,09:00-16:00,0,1,0
หน้าตลาดคลองถม,เจริญกรุง,7,16:00-19:00,0,1,0
หน้าตลาดจตุจักรคุ้มเกล้า,คุ้มเกล้า,5,07:00-09:00,0,1,0
หน้าตลาดจตุจักรคุ้มเกล้า,คุ้มเกล้า,5,09:00-16:00,0,1,0
หน้าตลาดจตุจักรคุ้มเกล้า,คุ้มเกล้า,5,16:00-19:00,0,1,0
หน้าตลาดบองมาเช่,เทศบาลสงเคราะห์,10,07:00-09:00,0,0,1
หน้าตลาดบองมาเช่,เทศบาลสงเคราะห์,10,09:00-17:00,0,0,1
หน้าตลาดบองมาเช่,เทศบาลสงเคราะห์,10,17:00-19:00,0,0,1
หน้าตลาดประชานิเวศน์1,เทศบาลสงเคราะห์,9,07:00-09:00,1,0,0
หน้าตลาดประชานิเวศน์1,เทศบาลสงเคราะห์,9,09:00-16:00,1,0,0
หน้าตลาดประชานิเวศน์1,เทศบาลสงเคราะห์,9,16:00-19:00,1,0,0
หน้าตลาดพิบูลย์วิทย์,กำนันแม้น,10,07:00-09:00,0,0,1
หน้าตลาดพิบูลย์วิทย์,กำนันแม้น,10,09:00-17:00,0,0,1
หน้าตลาดพิบูลย์วิทย์,กำนันแม้น,10,17:00-19:00,0,0,1
หน้าตลาดพิบูลย์วิทย์,กำนันแม้น8,10,07:00-09:00,0,0,1
หน้าตลาดพิบูลย์วิทย์,กำนันแม้น8,10,09:00-17:00,0,0,1
หน้าตลาดพิบูลย์วิทย์,กำนันแม้น8,10,17:00-19:00,0,0,1
หน้าตลาดพุทธบูชา95,พุทธบูชา,8,07:00-09:00,0,0,1
หน้าตลาดพุทธบูชา95,พุทธบูชา,8,09:00-17:00,0,0,1
หน้าตลาดพุทธบูชา95,พุทธบูชา,8,17:00-19:00,0,0,1
หน้าตลาดมหาสิน,สุขุมวิท101/1,5,07:00-09:00,0,0,1
หน้าตลาดมหาสิน,สุขุมวิท101/1,5,09:00-17:00,0,0,1
หน้าตลาดมหาสิน,สุขุมวิท101/1,5,17:00-19:00,0,0,1
หน้าตลาดมาร์เก็ตแลนด์,ลาดกระบัง,3,07:00-09:00,0,0,1
หน้าตลาดมาร์เก็ตแลนด์,ลาดกระบัง,3,09:00-17:00,0,0,1
หน้าตลาดมาร์เก็ตแลนด์,ลาดกระบัง,3,17:00-19:00,0,0,1
หน้าตลาดมโนรมย์,เลียบคลองสอง,5,07:00-09:00,0,1,0
หน้าตลาดมโนรมย์,เลียบคลองสอง,5,09:00-16:00,0,1,0
หน้าตลาดมโนรมย์,เลียบคลองสอง,5,16:00-19:00,0,1,0
หน้าตลาดยิปซี,กรุงเทพ-นนทบุรี,10,07:00-09:00,0,0,1
หน้าตลาดยิปซี,กรุงเทพ-นนทบุรี,10,09:00-17:00,0,0,1
หน้าตลาดยิปซี,กรุงเทพ-นนทบุรี,10,17:00-19:00,0,0,1
หน้าตลาดศรีเขมา,ประชาราษฎร์สาย1,4,07:00-09:00,0,0,1
หน้าตลาดศรีเขมา,ประชาราษฎร์สาย1,4,09:00-17:00,0,0,1
หน้าตลาดศรีเขมา,ประชาราษฎร์สาย1,4,17:00-19:00,0,0,1
หน้าตลาดศรีเขมา,ประชาราษฎร์สาย1(EB),4,07:00-09:00,0,0,1
หน้าตลาดศรีเขมา,ประชาราษฎร์สาย1(EB),4,09:00-17:00,0,0,1
หน้าตลาดศรีเขมา,ประชาราษฎร์สาย1(EB),4,17:00-19:00,0,0,1
หน้าตลาดเคซี,นิมิตใหม่,5,07:00-09:00,0,1,0
หน้าตลาดเคซี,นิมิตใหม่,5,09:00-16:00,0,1,0
หน้าตลาดเคซี,นิมิตใหม่,5,16:00-19:00,0,1,0
หน้าตลาดไชยทิศ,เลียบทางรถไฟตลิ่งชัน,2,07:00-09:00,0,0,1
หน้าตลาดไชยทิศ,เลียบทางรถไฟตลิ่งชัน,2,09:00-16:00,0,0,1
หน้าตลาดไชยทิศ,เลียบทางรถไฟตลิ่งชัน,2,16:00-19:00,0,0,1
หน้าถ.รามคำแหง2ซอย11,รามคำแหง2,5,07:00-09:00,0,0,1
หน้าถ.รามคำแหง2ซอย11,รามคำแหง2,5,09:00-17:00,0,0,1
หน้าถ.รามคำแหง2ซอย11,รามคำแหง2,5,17:00-19:00,0,0,1
หน้าถนนศรีเวียง(ช่วงใต้ทางด่วนศรีรัช),จรูญเวียง,9,07:00-09:00,1,0,0
หน้าถนนศรีเวียง(ช่วงใต้ทางด่วนศรีรัช),จรูญเวียง,9,09:00-16:00,1,0,0
หน้าถนนศรีเวียง(ช่วงใต้ทางด่วนศรีรัช),จรูญเวียง,9,16:00-19:00,1,0,0
หน้าททบ.5,พหลโยธิน,8,07:00-09:00,0,0,1
หน้าททบ.5,พหลโยธิน,8,09:00-17:00,0,0,1
หน้าททบ.5,พหลโยธิน,8,17:00-19:00,0,0,1
หน้าธ.กรุงเทพสาขาเตาปูน,ประชาราษฎร์สาย2,10,07:00-09:00,0,0,1
หน้าธ.กรุงเทพสาขาเตาปูน,ประชาราษฎร์สาย2,10,09:00-17:00,0,0,1
หน้าธ.กรุงเทพสาขาเตาปูน,ประชาราษฎร์สาย2,10,17:00-19:00,0,0,1
หน้าธ.ยูโอบี,เยาวราช,11,07:00-09:00,0,0,1
หน้าธ.ยูโอบี,เยาวราช,11,09:00-17:00,0,0,1
หน้าธ.ยูโอบี,เยาวราช,11,17:00-19:00,0,0,1
หน้าธนาคารCIMB,หลังสวน,4,07:00-09:00,0,0,1
หน้าธนาคารCIMB,หลังสวน,4,09:00-16:00,0,0,1
หน้าธนาคารCIMB,หลังสวน,4,16:00-19:00,0,0,1
หน้าธนาคารแห่งประเทศไทย,สามเสน,7,07:00-09:00,0,1,1
หน้าธนาคารแห่งประเทศไทย,สามเสน,7,09:00-16:00,0,1,0
หน้าธนาคารแห่งประเทศไทย,สามเสน,7,09:00-17:00,0,0,1
หน้าธนาคารแห่งประเทศไทย,สามเสน,7,16:00-19:00,0,1,0
หน้าธนาคารแห่งประเทศไทย,สามเสน,7,17:00-19:00,0,0,1
หน้าธนาคารแห่งประเทศไทย,สามเสน,8,07:00-09:00,0,2,0
หน้าธนาคารแห่งประเทศไทย,สามเสน,8,09:00-16:00,0,2,0
หน้าธนาคารแห่งประเทศไทย,สามเสน,8,16:00-19:00,0,2,0
หน้าธัญญปาร์ค,ศรีนครินทร์,12,07:00-09:00,1,0,0
หน้าธัญญปาร์ค,ศรีนครินทร์,12,09:00-16:00,1,0,0
หน้าธัญญปาร์ค,ศรีนครินทร์,12,16:00-19:00,1,0,0
หน้านิคมฯเจโมโพลิส,สุขาภิบาล2,5,07:00-09:00,0,0,1
หน้านิคมฯเจโมโพลิส,สุขาภิบาล2,5,09:00-17:00,0,0,1
หน้านิคมฯเจโมโพลิส,สุขาภิบาล2,5,17:00-19:00,0,0,1
หน้าบ.กรีนสปอต,ศรีนครินทร์,11,07:00-09:00,0,0,1
หน้าบ.กรีนสปอต,ศรีนครินทร์,11,09:00-17:00,0,0,1
หน้าบ.กรีนสปอต,ศรีนครินทร์,11,17:00-19:00,0,0,1
หน้าบ.ยัสปาล,สุขุมวิท,5,07:00-09:00,0,0,1
หน้าบ.ยัสปาล,สุขุมวิท66/1,5,07:00-09:00,0,0,1
หน้าบ.ยัสปาล,สุขุมวิท66/1,5,09:00-17:00,0,0,1
หน้าบ.ยัสปาล,สุขุมวิท66/1,5,17:00-19:00,0,0,1
หน้าบ.เฟิร์สทรานสปอร์ต,หลวงแพ่ง,3,07:00-09:00,0,0,1
หน้าบ.เฟิร์สทรานสปอร์ต,หลวงแพ่ง,3,09:00-17:00,0,0,1
หน้าบ.เฟิร์สทรานสปอร์ต,หลวงแพ่ง,3,17:00-19:00,0,0,1
หน้าบ.เอพีโมโตพาร์ทจก.,ทวีวัฒนา-กาญจนาภิเษก,7,07:00-09:00,0,0,1
หน้าบ.เอพีโมโตพาร์ทจก.,ทวีวัฒนา-กาญจนาภิเษก,7,09:00-17:00,0,0,1
หน้าบ.เอพีโมโตพาร์ทจก.,ทวีวัฒนา-กาญจนาภิเษก,7,17:00-19:00,0,0,1
หน้าบ.แท็คเกิ้ลมาสเตอร์จก.,ทวีวัฒนา-กาญจนาภิเษก,7,07:00-09:00,0,0,1
หน้าบ.แท็คเกิ้ลมาสเตอร์จก.,ทวีวัฒนา-กาญจนาภิเษก,7,09:00-17:00,0,0,1
หน้าบ.แท็คเกิ้ลมาสเตอร์จก.,ทวีวัฒนา-กาญจนาภิเษก,7,17:00-19:00,0,0,1
หน้าบริษัทกราเวียอาร์ตเซ็นเตอร์,เลียบคลองภาษีเจริญฝั่งเหนือ,12,07:00-09:00,0,0,1
หน้าบริษัทกราเวียอาร์ตเซ็นเตอร์,เลียบคลองภาษีเจริญฝั่งเหนือ,12,09:00-17:00,0,0,1
หน้าบริษัทกราเวียอาร์ตเซ็นเตอร์,เลียบคลองภาษีเจริญฝั่งเหนือ,12,17:00-19:00,0,0,1
หน้าบริษัทคริสเตียนีและนีลเส็น,ลาซาล,10,07:00-09:00,0,0,1
หน้าบริษัทคริสเตียนีและนีลเส็น,ลาซาล,10,09:00-17:00,0,0,1
หน้าบริษัทคริสเตียนีและนีลเส็น,ลาซาล,10,17:00-19:00,0,0,1
หน้าบริษัทปตท.,วิภาวดีรังสิต,7,07:00-09:00,0,1,0
หน้าบริษัทปตท.,วิภาวดีรังสิต,7,09:00-16:00,0,1,0
หน้าบริษัทปตท.,วิภาวดีรังสิต,7,16:00-19:00,0,1,0
หน้าบิ๊กซีราชดำริ,ราชดำริ,6,07:00-09:00,0,2,0
หน้าบิ๊กซีราชดำริ,ราชดำริ,6,09:00-16:00,0,2,0
หน้าบิ๊กซีราชดำริ,ราชดำริ,6,16:00-19:00,0,2,0
หน้าบิ๊กซีราษฎร์บูรณะ,ราษฎร์บูรณะ,1,07:00-09:00,1,0,0
หน้าบิ๊กซีราษฎร์บูรณะ,ราษฎร์บูรณะ,1,09:00-16:00,1,0,0
หน้าบิ๊กซีราษฎร์บูรณะ,ราษฎร์บูรณะ,1,16:00-19:00,1,0,0
หน้าบิ๊กซีหนองจอก,เลียบวารี,10,07:00-09:00,0,0,1
หน้าบิ๊กซีหนองจอก,เลียบวารี,10,09:00-17:00,0,0,1
หน้าบิ๊กซีหนองจอก,เลียบวารี,10,17:00-19:00,0,0,1
หน้าบ้านพักคนชราบางแค,เพชรเกษม,2,07:00-09:00,0,1,0
หน้าบ้านพักคนชราบางแค,เพชรเกษม,2,09:00-16:00,0,1,0
หน้าบ้านพักคนชราบางแค,เพชรเกษม,2,16:00-19:00,0,1,0
หน้าปั้มปตท.ถนนฉลองกรุง,ฉลองกรุง,7,06:30-09:00,1,0,0
หน้าปั้มปตท.ถนนฉลองกรุง,ฉลองกรุง,7,09:00-16:00,1,0,0
หน้าปั้มปตท.ถนนฉลองกรุง,ฉลองกรุง,7,16:00-19:30,1,0,0
หน้าปั๊มปตท.,คุ้มเกล้า,4,07:00-09:00,0,0,1
หน้าปั๊มปตท.,คุ้มเกล้า,4,09:00-17:00,0,0,1
หน้าปั๊มปตท.,คุ้มเกล้า,4,17:00-19:00,0,0,1
หน้าปั๊มแก๊สNSGASLPG,ร่มเกล้า,5,07:00-09:00,0,1,0
หน้าปั๊มแก๊สNSGASLPG,ร่มเกล้า,5,09:00-16:00,0,1,0
หน้าปั๊มแก๊สNSGASLPG,ร่มเกล้า,5,16:00-19:00,0,1,0
หน้าพันธุ์ทิพย์ประตูน้ำ,เพชรบุรี,6,07:00-09:00,0,1,0
หน้าพันธุ์ทิพย์ประตูน้ำ,เพชรบุรี,6,09:00-16:00,0,1,0
หน้าพันธุ์ทิพย์ประตูน้ำ,เพชรบุรี,6,16:00-19:00,0,1,0
หน้าพันธุ์ทิพย์พลาซา,เพชรบุรีตัดใหม่,1,07:00-09:00,0,1,0
หน้าพันธุ์ทิพย์พลาซา,เพชรบุรีตัดใหม่,1,09:00-16:00,0,1,0
หน้าพันธุ์ทิพย์พลาซา,เพชรบุรีตัดใหม่,1,16:00-19:00,0,1,0
หน้าพิพิธภัณฑ์เด็ก,กำแพงเพชร4,11,07:00-09:00,1,0,0
หน้าพิพิธภัณฑ์เด็ก,กำแพงเพชร4,11,09:00-16:00,1,0,0
หน้าพิพิธภัณฑ์เด็ก,กำแพงเพชร4,11,16:00-19:00,1,0,0
หน้าพีเพิ่ลปาร์ค,อ่อนนุช,2,07:00-09:00,0,0,1
หน้าพีเพิ่ลปาร์ค,อ่อนนุช,2,09:00-17:00,0,0,1
หน้าพีเพิ่ลปาร์ค,อ่อนนุช,2,17:00-19:00,0,0,1
หน้าพุทธสมาคมแห่งประเทศไทย,พระอาทิตย์,3,07:00-09:00,1,0,0
หน้าพุทธสมาคมแห่งประเทศไทย,พระอาทิตย์,3,09:00-16:00,1,0,0
หน้าพุทธสมาคมแห่งประเทศไทย,พระอาทิตย์,3,16:00-19:00,1,0,0
หน้าม.ธรรมศาสตร์,หน้าพระธาตุ,1,07:00-09:00,1,0,0
หน้าม.ธรรมศาสตร์,หน้าพระธาตุ,1,09:00-16:00,1,0,0
หน้าม.ธรรมศาสตร์,หน้าพระธาตุ,1,16:00-19:00,1,0,0
หน้าม.พระจอมเกล้าพระนครเหนือ,ทางเข้าม.พระจอมเกล้าพระนครเหนือ,4,07:00-09:00,0,0,1
หน้าม.พระจอมเกล้าพระนครเหนือ,ทางเข้าม.พระจอมเกล้าพระนครเหนือ,4,09:00-17:00,0,0,1
หน้าม.พระจอมเกล้าพระนครเหนือ,ทางเข้าม.พระจอมเกล้าพระนครเหนือ,4,17:00-19:00,0,0,1
หน้าม.พระจอมเกล้าพระนครเหนือ,พิบูลสงคราม,4,07:00-09:00,0,0,1
หน้าม.พระจอมเกล้าพระนครเหนือ,พิบูลสงคราม,4,09:00-17:00,0,0,1
หน้าม.พระจอมเกล้าพระนครเหนือ,พิบูลสงคราม,4,17:00-19:00,0,0,1
หน้าม.มหานคร,เชื่อมสัมพันธ์,7,06:30-09:00,1,0,0
หน้าม.มหานคร,เชื่อมสัมพันธ์,7,09:00-16:00,1,0,0
หน้าม.มหานคร,เชื่อมสัมพันธ์,7,16:00-19:30,1,0,0
หน้าม.ราชภัฏวไลยอลงกรณ์,เพชรบุรี,7,07:00-09:00,0,1,0
หน้าม.ราชภัฏวไลยอลงกรณ์,เพชรบุรี,7,09:00-16:00,0,1,0
หน้าม.ราชภัฏวไลยอลงกรณ์,เพชรบุรี,7,16:00-19:00,0,1,0
หน้าม.เกษตรศาสตร์,พหลโยธิน,1,07:00-09:00,1,0,0
หน้าม.เกษตรศาสตร์,พหลโยธิน,1,09:00-16:00,1,0,0
หน้าม.เกษตรศาสตร์,พหลโยธิน,1,16:00-19:00,1,0,0
หน้าม.เกษตรศาสตร์,พหลโยธิน,4,07:00-09:00,1,0,0
หน้าม.เกษตรศาสตร์,พหลโยธิน,4,09:00-16:00,1,0,0
หน้าม.เกษตรศาสตร์,พหลโยธิน,4,16:00-19:00,1,0,0
หน้าม.เทคโนโลยีกรุงเทพ,นราธิวาสราชนครินทร์,11,07:00-09:00,1,0,0
หน้าม.เทคโนโลยีกรุงเทพ,นราธิวาสราชนครินทร์,11,09:00-16:00,1,0,0
หน้าม.เทคโนโลยีกรุงเทพ,นราธิวาสราชนครินทร์,11,16:00-19:00,1,0,0
หน้าม.เทคโนโลยีราชมงคลพระนคร,นครสวรรค์,8,07:00-09:00,0,1,0
หน้าม.เทคโนโลยีราชมงคลพระนคร,นครสวรรค์,8,09:00-16:00,0,1,0
หน้าม.เทคโนโลยีราชมงคลพระนคร,นครสวรรค์,8,16:00-19:00,0,1,0
หน้าม.เทคโนโลยีราชมงคลวิทยาเขตเทเวศร์,สามเสน,5,07:00-09:00,0,0,1
หน้าม.เทคโนโลยีราชมงคลวิทยาเขตเทเวศร์,สามเสน,5,09:00-16:00,0,0,1
หน้าม.เทคโนโลยีราชมงคลวิทยาเขตเทเวศร์,สามเสน,5,16:00-19:00,0,0,1
หน้ามหาวิทยาลัยนวมินทราธิราช,ขาว,1,06:30-09:00,1,0,0
หน้ามหาวิทยาลัยนวมินทราธิราช,ขาว,1,09:00-16:00,1,0,0
หน้ามหาวิทยาลัยนวมินทราธิราช,ขาว,1,16:00-19:30,1,0,0
หน้ามหาวิทยาลัยศิลปากร,หน้าพระลาน,1,07:00-09:00,1,0,0
หน้ามหาวิทยาลัยศิลปากร,หน้าพระลาน,1,09:00-16:00,1,0,0
หน้ามหาวิทยาลัยศิลปากร,หน้าพระลาน,1,16:00-19:00,1,0,0
หน้ามหาวิทยาลัยสยาม,เพชรเกษม,5,07:00-09:00,1,0,0
หน้ามหาวิทยาลัยสยาม,เพชรเกษม,5,09:00-16:00,1,0,0
หน้ามหาวิทยาลัยสยาม,เพชรเกษม,5,16:00-19:00,1,0,0
หน้ามัสยิดดารุ้ลมูกร้อดรอบีน,คู้-คลองสิบ,7,07:00-09:00,0,0,1
หน้ามัสยิดดารุ้ลมูกร้อดรอบีน,คู้-คลองสิบ,7,09:00-17:00,0,0,1
หน้ามัสยิดดารุ้ลมูกร้อดรอบีน,คู้-คลองสิบ,7,17:00-19:00,0,0,1
หน้ามัสยิดอัลอิสติกอมะห์,ประชาอุทิศ,4,07:00-09:00,0,0,1
หน้ามัสยิดอัลอิสติกอมะห์,ประชาอุทิศ,4,09:00-17:00,0,0,1
หน้ามัสยิดอัลอิสติกอมะห์,ประชาอุทิศ,4,17:00-19:00,0,0,1
หน้ามาร์เก็ตเพลส,เทพรักษ์,4,07:00-09:00,0,0,1
หน้ามาร์เก็ตเพลส,เทพรักษ์,4,09:00-17:00,0,0,1
หน้ามาร์เก็ตเพลส,เทพรักษ์,4,17:00-19:00,0,0,1
หน้าร.พ.รามาธิบดี,พระรามที่6,1,07:00-09:00,0,1,0
หน้าร.พ.รามาธิบดี,พระรามที่6,1,09:00-16:00,0,1,0
หน้าร.พ.รามาธิบดี,พระรามที่6,1,16:00-19:00,0,1,0
หน้ารพ.ซีจีเอสสายไหม,เฉลิมพงษ์,10,07:00-09:00,0,0,1
หน้ารพ.ซีจีเอสสายไหม,เฉลิมพงษ์,10,09:00-17:00,0,0,1
หน้ารพ.ซีจีเอสสายไหม,เฉลิมพงษ์,10,17:00-19:00,0,0,1
หน้ารพ.บุษราคัมจิตการุณย์,สุขาภิบาล5,3,07:00-09:00,0,0,1
หน้ารพ.บุษราคัมจิตการุณย์,สุขาภิบาล5,3,09:00-17:00,0,0,1
หน้ารพ.บุษราคัมจิตการุณย์,สุขาภิบาล5,3,17:00-19:00,0,0,1
หน้ารพ.ผู้สูงอายุบางขุนเทียน,บางขุนเทียนชายทะเล,7,07:00-09:00,0,0,1
หน้ารพ.ผู้สูงอายุบางขุนเทียน,บางขุนเทียนชายทะเล,7,09:00-17:00,0,0,1
หน้ารพ.ผู้สูงอายุบางขุนเทียน,บางขุนเทียนชายทะเล,7,17:00-19:00,0,0,1
หน้ารพ.พญาไท2,พหลโยธิน,8,07:00-09:00,0,1,0
หน้ารพ.พญาไท2,พหลโยธิน,8,09:00-16:00,0,1,0
หน้ารพ.พญาไท2,พหลโยธิน,8,16:00-19:00,0,1,0
หน้ารพ.พญาไท2,พหลโยธิน,10,07:00-09:00,0,1,0
หน้ารพ.พญาไท2,พหลโยธิน,10,09:00-16:00,0,1,0
หน้ารพ.พญาไท2,พหลโยธิน,10,16:00-19:00,0,1,0
หน้ารพ.ยันฮี,จรัญสนิทวงศ์,4,07:00-09:00,0,0,1
หน้ารพ.ยันฮี,จรัญสนิทวงศ์,4,09:00-17:00,0,0,1
หน้ารพ.ยันฮี,จรัญสนิทวงศ์,4,17:00-19:00,0,0,1
หน้ารพ.รวมใจรักษ์,สุขุมวิท62,1,07:00-09:00,0,0,1
หน้ารพ.รวมใจรักษ์,สุขุมวิท62,1,09:00-17:00,0,0,1
หน้ารพ.รวมใจรักษ์,สุขุมวิท62,1,17:00-19:00,0,0,1
หน้ารพ.รามาธิบดี,พระรามที่6,6,07:00-09:00,0,1,0
หน้ารพ.รามาธิบดี,พระรามที่6,6,09:00-16:00,0,1,0
หน้ารพ.รามาธิบดี,พระรามที่6,6,16:00-19:00,0,1,0
หน้ารพ.รามาธิบดี,พระรามที่6,8,07:00-09:00,0,1,0
หน้ารพ.รามาธิบดี,พระรามที่6,8,09:00-16:00,0,1,0
หน้ารพ.รามาธิบดี,พระรามที่6,8,16:00-19:00,0,1,0
หน้ารพ.วิภาราม,พัฒนาการ,3,07:00-09:00,1,0,0
หน้ารพ.วิภาราม,พัฒนาการ,3,09:00-16:00,1,0,0
หน้ารพ.วิภาราม,พัฒนาการ,3,16:00-19:00,1,0,0
หน้ารพ.สมเด็จพระปิ่นเกล้า,สมเด็จพระเจ้าตากสิน,12,07:00-09:00,1,0,0
หน้ารพ.สมเด็จพระปิ่นเกล้า,สมเด็จพระเจ้าตากสิน,12,09:00-16:00,1,0,0
หน้ารพ.สมเด็จพระปิ่นเกล้า,สมเด็จพระเจ้าตากสิน,12,16:00-19:00,1,0,0
หน้ารพ.เวชการุณรัศม์,ทางเข้าออกรพ.เวชการุณรัศ,3,07:00-09:00,0,0,1
หน้ารพ.เวชการุณรัศม์,ทางเข้าออกรพ.เวชการุณรัศ,3,09:00-16:00,0,0,1
หน้ารพ.เวชการุณรัศม์,ทางเข้าออกรพ.เวชการุณรัศ,3,16:00-19:00,0,0,1
หน้ารพ.เวชการุณรัศม์,เลียบวารี,3,07:00-09:00,0,0,1
หน้ารพ.เวชการุณรัศม์,เลียบวารี,3,09:00-16:00,0,0,1
หน้ารพ.เวชการุณรัศม์,เลียบวารี,3,16:00-19:00,0,0,1
หน้ารร.ฝึกอาชีพกทม.,เฉลิมพระเกียรติร.9,4,07:00-09:00,0,0,1
หน้ารร.ฝึกอาชีพกทม.,เฉลิมพระเกียรติร.9,4,09:00-17:00,0,0,1
หน้ารร.ฝึกอาชีพกทม.,เฉลิมพระเกียรติร.9,4,17:00-19:00,0,0,1
หน้ารร.พิทยาลงกรณ์พิทยาคม,เลียบคลองพิทยาลงกรณ์,1,07:00-09:00,0,0,1
หน้ารร.พิทยาลงกรณ์พิทยาคม,เลียบคลองพิทยาลงกรณ์,1,09:00-17:00,0,0,1
หน้ารร.พิทยาลงกรณ์พิทยาคม,เลียบคลองพิทยาลงกรณ์,1,17:00-19:00,0,0,1
หน้ารร.วัดสุทัศน์,อุณากรรณ,2,07:00-09:00,0,0,1
หน้ารร.วัดสุทัศน์,อุณากรรณ,2,09:00-17:00,0,0,1
หน้ารร.วัดสุทัศน์,อุณากรรณ,2,17:00-19:00,0,0,1
หน้ารร.สอนขับรถแอดวานซ์,พระราม2ซอย50,4,07:00-09:00,0,0,1
หน้ารร.สอนขับรถแอดวานซ์,พระราม2ซอย50,4,09:00-17:00,0,0,1
หน้ารร.สอนขับรถแอดวานซ์,พระราม2ซอย50,4,17:00-19:00,0,0,1
หน้ารร.สุเหร่าลาดบัวขาว,เคหะร่มเกล้า,1,07:00-09:00,0,0,1
หน้ารร.สุเหร่าลาดบัวขาว,เคหะร่มเกล้า,1,09:00-17:00,0,0,1
หน้ารร.สุเหร่าลาดบัวขาว,เคหะร่มเกล้า,1,17:00-19:00,0,0,1
หน้ารร.เบญจมราชาลัย,ศิริพงษ์,2,07:00-09:00,0,0,1
หน้ารร.เบญจมราชาลัย,ศิริพงษ์,2,09:00-17:00,0,0,1
หน้ารร.เบญจมราชาลัย,ศิริพงษ์,2,17:00-19:00,0,0,1
หน้ารร.โชคชัยหทัยราษฎร์,หทัยราษฎร์,2,07:00-09:00,0,0,1
หน้ารร.โชคชัยหทัยราษฎร์,หทัยราษฎร์,2,09:00-17:00,0,0,1
หน้ารร.โชคชัยหทัยราษฎร์,หทัยราษฎร์,2,17:00-19:00,0,0,1
หน้ารัฐสภา,อู่ทองใน,8,07:00-09:00,1,0,0
หน้ารัฐสภา,อู่ทองใน,8,09:00-16:00,1,0,0
หน้ารัฐสภา,อู่ทองใน,8,16:00-19:00,1,0,0
หน้ารัฐสภาใหม่,รัชดาภิเษก,8,07:00-09:00,0,1,0
หน้ารัฐสภาใหม่,รัชดาภิเษก,8,09:00-16:00,0,1,0
หน้ารัฐสภาใหม่,รัชดาภิเษก,8,16:00-19:00,0,1,0
หน้ารัฐสภาใหม่,สามเสน,8,07:00-09:00,0,1,0
หน้ารัฐสภาใหม่,สามเสน,8,09:00-16:00,0,1,0
หน้ารัฐสภาใหม่,สามเสน,8,16:00-19:00,0,1,0
หน้าราชตฤณมัยสมาคม,พิษณุโลก,8,07:00-09:00,0,1,0
หน้าราชตฤณมัยสมาคม,พิษณุโลก,8,09:00-16:00,0,1,0
หน้าราชตฤณมัยสมาคม,พิษณุโลก,8,16:00-19:00,0,1,0
หน้าราชนาวีสโมสร,มหาราช,1,07:00-09:00,1,0,0
หน้าราชนาวีสโมสร,มหาราช,1,09:00-16:00,1,0,0
หน้าราชนาวีสโมสร,มหาราช,1,16:00-19:00,1,0,0
หน้าร้านDentoLighting,เจริญราษฎร์,2,07:00-09:00,0,0,1
หน้าร้านDentoLighting,เจริญราษฎร์,2,09:00-17:00,0,0,1
หน้าร้านDentoLighting,เจริญราษฎร์,2,17:00-19:00,0,0,1
หน้าร้านMoonlightGarden,ทวีวัฒนา-กาญจนาภิเษก,7,07:00-09:00,0,0,1
หน้าร้านMoonlightGarden,ทวีวัฒนา-กาญจนาภิเษก,7,09:00-17:00,0,0,1
หน้าร้านMoonlightGarden,ทวีวัฒนา-กาญจนาภิเษก,7,17:00-19:00,0,0,1
หน้าวชิระพยาบาล,สามเสน,7,07:00-09:00,0,1,0
หน้าวชิระพยาบาล,สามเสน,7,09:00-16:00,0,1,0
หน้าวชิระพยาบาล,สามเสน,7,16:00-19:00,0,1,0
หน้าวัดชัยมงคล,พระรามที่1,8,07:00-09:00,0,1,0
หน้าวัดชัยมงคล,พระรามที่1,8,09:00-16:00,0,1,0
หน้าวัดชัยมงคล,พระรามที่1,8,16:00-19:00,0,1,0
หน้าวัดดิสานุการาม,วรจักร,8,07:00-09:00,0,1,0
หน้าวัดดิสานุการาม,วรจักร,8,09:00-16:00,0,1,0
หน้าวัดดิสานุการาม,วรจักร,8,16:00-19:00,0,1,0
หน้าวัดบรมนิวาสราชวรวิหาร,พระรามที่6,10,07:00-09:00,0,0,1
หน้าวัดบรมนิวาสราชวรวิหาร,พระรามที่6,10,09:00-16:00,0,0,1
หน้าวัดบรมนิวาสราชวรวิหาร,พระรามที่6,10,16:00-19:00,0,0,1
หน้าวัดบึงทองหลาง,ซอยลาดพร้าว101,3,07:00-09:00,0,1,0
หน้าวัดบึงทองหลาง,ซอยลาดพร้าว101,3,09:00-16:00,0,1,0
หน้าวัดบึงทองหลาง,ซอยลาดพร้าว101,3,16:00-19:00,0,1,0
หน้าวัดพระศรีมหาธาตุวรวิหาร,พหลโยธิน,1,07:00-09:00,1,0,0
หน้าวัดพระศรีมหาธาตุวรวิหาร,พหลโยธิน,1,09:00-16:00,1,0,0
หน้าวัดพระศรีมหาธาตุวรวิหาร,พหลโยธิน,1,16:00-19:00,1,0,0
หน้าวัดพระศรีมหาธาตุฯ,พหลโยธิน,4,07:00-09:00,1,0,0
หน้าวัดพระศรีมหาธาตุฯ,พหลโยธิน,4,09:00-16:00,1,0,0
หน้าวัดพระศรีมหาธาตุฯ,พหลโยธิน,4,16:00-19:00,1,0,0
หน้าวัดมหรรณพาราม,ตะนาว,2,07:00-09:00,1,1,0
หน้าวัดมหรรณพาราม,ตะนาว,2,09:00-16:00,1,1,0
หน้าวัดมหรรณพาราม,ตะนาว,2,16:00-19:00,1,1,0
หน้าวัดมหรรณพาราม,ตะนาว,11,07:00-09:00,1,0,0
หน้าวัดมหรรณพาราม,ตะนาว,11,09:00-16:00,1,0,0
หน้าวัดมหรรณพาราม,ตะนาว,11,16:00-19:00,1,0,0
หน้าวัดมังกรกมลาวาส,เจริญกรุง,9,07:00-09:00,1,0,0
หน้าวัดมังกรกมลาวาส,เจริญกรุง,9,09:00-16:00,1,0,0
หน้าวัดมังกรกมลาวาส,เจริญกรุง,9,16:00-19:00,1,0,0
หน้าวัดมังกรฯ,เจริญกรุง,10,07:00-09:00,0,0,1
หน้าวัดมังกรฯ,เจริญกรุง,10,09:00-17:00,0,0,1
หน้าวัดมังกรฯ,เจริญกรุง,10,17:00-19:00,0,0,1
หน้าวัดราชบุรณราชวรวิหาร,จักรเพชร,3,07:00-09:00,0,0,1
หน้าวัดราชบุรณราชวรวิหาร,จักรเพชร,3,09:00-17:00,0,0,1
หน้าวัดราชบุรณราชวรวิหาร,จักรเพชร,3,17:00-19:00,0,0,1
หน้าวัดลครทำ,อิสรภาพ,6,07:00-09:00,0,0,1
หน้าวัดลครทำ,อิสรภาพ,6,09:00-17:00,0,0,1
หน้าวัดลครทำ,อิสรภาพ,6,17:00-19:00,0,0,1
หน้าวัดศรีนวล,หนองแขม-วัดศรีนวล,2,07:00-09:00,0,0,1
หน้าวัดศรีนวล,หนองแขม-วัดศรีนวล,2,09:00-17:00,0,0,1
หน้าวัดศรีนวล,หนองแขม-วัดศรีนวล,2,17:00-19:00,0,0,1
หน้าวัดสามง่าม,คู้-คลองสิบ,7,07:00-09:00,0,0,1
หน้าวัดสามง่าม,คู้-คลองสิบ,7,09:00-17:00,0,0,1
หน้าวัดสามง่าม,คู้-คลองสิบ,7,17:00-19:00,0,0,1
หน้าวัดสีกัน,สรงประภา,11,07:00-09:00,1,0,0
หน้าวัดสีกัน,สรงประภา,11,09:00-16:00,1,0,0
หน้าวัดสีกัน,สรงประภา,11,16:00-19:00,1,0,0
หน้าวัดสีกัน,สรงประภา,12,07:00-09:00,1,0,0
หน้าวัดสีกัน,สรงประภา,12,09:00-16:00,1,0,0
หน้าวัดสีกัน,สรงประภา,12,16:00-19:00,1,0,0
หน้าวัดสุทัศน์,บำรุงเมือง,1,07:00-09:00,1,0,0
หน้าวัดสุทัศน์,บำรุงเมือง,1,09:00-16:00,1,0,0
หน้าวัดสุทัศน์,บำรุงเมือง,1,16:00-19:00,1,0,0
หน้าวัดอมรินทรารามวิหาร,พระนเรศวรมหาราช,11,07:00-09:00,0,0,1
หน้าวัดอมรินทรารามวิหาร,พระนเรศวรมหาราช,11,09:00-17:00,0,0,1
หน้าวัดอมรินทรารามวิหาร,พระนเรศวรมหาราช,11,17:00-19:00,0,0,1
หน้าวัดอยู่ดีบำรุงธรรม,เพิ่มสิน,5,07:00-09:00,1,0,0
หน้าวัดอยู่ดีบำรุงธรรม,เพิ่มสิน,5,09:00-16:00,1,0,0
หน้าวัดอยู่ดีบำรุงธรรม,เพิ่มสิน,5,16:00-19:00,1,0,0
หน้าวัดเจ้าอาม,บางขุนนนท์,2,07:00-09:00,0,0,1
หน้าวัดเจ้าอาม,บางขุนนนท์,2,09:00-16:00,0,0,1
หน้าวัดเจ้าอาม,บางขุนนนท์,2,16:00-19:00,0,0,1
หน้าวัดเทพธิดาราม,มหาไชย,12,07:00-09:00,1,0,0
หน้าวัดเทพธิดาราม,มหาไชย,12,09:00-16:00,1,0,0
หน้าวัดเทพธิดาราม,มหาไชย,12,16:00-19:00,1,0,0
หน้าวัดเทพศิรินทร์,หลวง,7,07:00-09:00,0,1,0
หน้าวัดเทพศิรินทร์,หลวง,7,09:00-16:00,0,1,0
หน้าวัดเทพศิรินทร์,หลวง,7,16:00-19:00,0,1,0
หน้าวัดเบญจมบพิตร,ศรีอยุธยา,11,07:00-09:00,1,0,0
หน้าวัดเบญจมบพิตร,ศรีอยุธยา,11,09:00-16:00,1,0,0
หน้าวัดเบญจมบพิตร,ศรีอยุธยา,11,16:00-19:00,1,0,0
หน้าวัดเสาหินซอยวงศ์สว่าง3,วงศ์สว่าง,7,07:00-09:00,0,1,0
หน้าวัดเสาหินซอยวงศ์สว่าง3,วงศ์สว่าง,7,09:00-16:00,0,1,0
หน้าวัดเสาหินซอยวงศ์สว่าง3,วงศ์สว่าง,7,16:00-19:00,0,1,0
หน้าวัดโพธิ์เรียง,จรัญสนิทวงศ์,12,07:00-09:00,2,0,0
หน้าวัดโพธิ์เรียง,จรัญสนิทวงศ์,12,09:00-16:00,2,0,0
หน้าวัดโพธิ์เรียง,จรัญสนิทวงศ์,12,16:00-19:00,2,0,0
หน้าวัดใหม่ยายมอญ,สุทธาวาส,1,07:00-09:00,0,0,1
หน้าวัดใหม่ยายมอญ,สุทธาวาส,1,09:00-16:00,0,0,1
หน้าวัดใหม่ยายมอญ,สุทธาวาส,1,16:00-19:00,0,0,1
หน้าวิทยาลัยพยาบาลตำรวจ,อังรีดูนังต์,11,07:00-09:00,1,0,0
หน้าวิทยาลัยพยาบาลตำรวจ,อังรีดูนังต์,11,09:00-16:00,1,0,0
หน้าวิทยาลัยพยาบาลตำรวจ,อังรีดูนังต์,11,16:00-19:00,1,0,0
หน้าวิทยาลัยเทคนิคกาญจนาภิเษกมหานคร,คุ้มเกล้า,2,07:00-09:00,0,0,2
หน้าวิทยาลัยเทคนิคกาญจนาภิเษกมหานคร,คุ้มเกล้า,2,09:00-17:00,0,0,2
หน้าวิทยาลัยเทคนิคกาญจนาภิเษกมหานคร,คุ้มเกล้า,2,17:00-19:00,0,0,2
หน้าวิทยาลัยเทคนิคดอนเมือง,สรงประภา,11,07:00-09:00,1,0,0
หน้าวิทยาลัยเทคนิคดอนเมือง,สรงประภา,11,09:00-16:00,1,0,0
หน้าวิทยาลัยเทคนิคดอนเมือง,สรงประภา,11,16:00-19:00,1,0,0
หน้าวิทยาลัยเทคนิคดอนเมือง,สรงประภา,12,07:00-09:00,1,0,0
หน้าวิทยาลัยเทคนิคดอนเมือง,สรงประภา,12,09:00-16:00,1,0,0
หน้าวิทยาลัยเทคนิคดอนเมือง,สรงประภา,12,16:00-19:00,1,0,0
หน้าวิทยาลัยเทคโนโลยีฐานเทคโนโลยี,พรมแดน,1,07:00-09:00,0,0,1
หน้าวิทยาลัยเทคโนโลยีฐานเทคโนโลยี,พรมแดน,1,09:00-17:00,0,0,1
หน้าวิทยาลัยเทคโนโลยีฐานเทคโนโลยี,พรมแดน,1,17:00-19:00,0,0,1
หน้าศรีย่านทันตแพทย์,นครไชยศรี,8,07:00-09:00,0,1,0
หน้าศรีย่านทันตแพทย์,นครไชยศรี,8,09:00-16:00,0,1,0
หน้าศรีย่านทันตแพทย์,นครไชยศรี,8,16:00-19:00,0,1,0
หน้าศาลรัฐธรรมนูญ,จักรเพชร,3,07:00-09:00,0,0,1
หน้าศาลรัฐธรรมนูญ,จักรเพชร,3,09:00-17:00,0,0,1
หน้าศาลรัฐธรรมนูญ,จักรเพชร,3,17:00-19:00,0,0,1
หน้าศาสนสถานวัดซิกข์,จักรเพชร,5,07:00-09:00,0,0,1
หน้าศาสนสถานวัดซิกข์,จักรเพชร,5,09:00-16:00,0,0,1
หน้าศาสนสถานวัดซิกข์,จักรเพชร,5,16:00-19:00,0,0,1
หน้าศูนย์การค้าไทยโก้,หลวงแพ่ง,5,07:00-09:00,0,0,1
หน้าศูนย์การค้าไทยโก้,หลวงแพ่ง,5,09:00-17:00,0,0,1
หน้าศูนย์การค้าไทยโก้,หลวงแพ่ง,5,17:00-19:00,0,0,1
หน้าศูนย์มาสด้าพระราม7,พิบูลสงคราม,10,07:00-09:00,0,0,1
หน้าศูนย์มาสด้าพระราม7,พิบูลสงคราม,10,09:00-17:00,0,0,1
หน้าศูนย์มาสด้าพระราม7,พิบูลสงคราม,10,17:00-19:00,0,0,1
หน้าศูนย์ราชการกระทรวงมหาดไทย,เจริญนคร,6,07:00-09:00,0,0,1
หน้าศูนย์ราชการกระทรวงมหาดไทย,เจริญนคร,6,09:00-17:00,0,0,1
หน้าศูนย์ราชการกระทรวงมหาดไทย,เจริญนคร,6,17:00-19:00,0,0,1
หน้าศูนย์สาธารณสุข48,เลียบคลองภาษีเจริญฝั่งเหนือ,5,07:00-09:00,1,0,0
หน้าศูนย์สาธารณสุข48,เลียบคลองภาษีเจริญฝั่งเหนือ,5,09:00-16:00,1,0,0
หน้าศูนย์สาธารณสุข48,เลียบคลองภาษีเจริญฝั่งเหนือ,5,16:00-19:00,1,0,0
หน้าศูนย์สาธารณสุข48,เลียบคลองภาษีเจริญฝั่งเหนือ,10,07:00-09:00,0,0,1
หน้าศูนย์สาธารณสุข48,เลียบคลองภาษีเจริญฝั่งเหนือ,10,09:00-17:00,0,0,1
หน้าศูนย์สาธารณสุข48,เลียบคลองภาษีเจริญฝั่งเหนือ,10,17:00-19:00,0,0,1
หน้าศูนย์ฮอนด้า,พญาไท,7,07:00-09:00,0,1,0
หน้าศูนย์ฮอนด้า,พญาไท,7,09:00-16:00,0,1,0
หน้าศูนย์ฮอนด้า,พญาไท,7,16:00-19:00,0,1,0
หน้าศูนย์โตโยต้าภูมิพัฒนา,เลียบวารี,5,07:00-09:00,0,0,1
หน้าศูนย์โตโยต้าภูมิพัฒนา,เลียบวารี,5,09:00-17:00,0,0,1
หน้าศูนย์โตโยต้าภูมิพัฒนา,เลียบวารี,5,17:00-19:00,0,0,1
หน้าสถานฑูตญี่ปุ่น,วิทยุ,5,07:00-09:00,1,0,0
หน้าสถานฑูตญี่ปุ่น,วิทยุ,5,09:00-16:00,1,0,0
หน้าสถานฑูตญี่ปุ่น,วิทยุ,5,16:00-19:00,1,0,0
หน้าสถานทูตสหรัฐอเมริกา,วิทยุ,5,07:00-09:00,1,0,0
หน้าสถานทูตสหรัฐอเมริกา,วิทยุ,5,09:00-16:00,1,0,0
หน้าสถานทูตสหรัฐอเมริกา,วิทยุ,5,16:00-19:00,1,0,0
หน้าสถานี3718วงเวียนใหญ่,กรุงธนบุรี,12,09:00-16:00,1,0,0
หน้าสถานี3718วงเวียนใหญ่,กรุงธนบุรี,12,16:00-19:00,1,0,0
หน้าสถานีBTSวงเวียนใหญ่,กรุงธนบุรี,12,07:00-09:00,1,0,0
หน้าสถานีดับเพลิงธนบุรี,ถนนอินทรพิทักษ์,12,07:00-09:00,1,0,0
หน้าสถานีดับเพลิงธนบุรี,ถนนอินทรพิทักษ์,12,09:00-16:00,1,0,0
หน้าสถานีดับเพลิงธนบุรี,ถนนอินทรพิทักษ์,12,16:00-19:00,1,0,0
หน้าสถานีดับเพลิงธนบุรี,อินทรพิทักษ์,12,07:00-09:00,1,0,0
หน้าสถานีดับเพลิงธนบุรี,อินทรพิทักษ์,12,09:00-16:00,1,0,0
หน้าสถานีดับเพลิงธนบุรี,อินทรพิทักษ์,12,16:00-19:00,1,0,0
หน้าสถานีดับเพลิงปากคลองสาน,เจริญนคร,11,07:00-09:00,1,0,0
หน้าสถานีดับเพลิงปากคลองสาน,เจริญนคร,11,09:00-16:00,1,0,0
หน้าสถานีดับเพลิงปากคลองสาน,เจริญนคร,11,16:00-19:00,1,0,0
หน้าสถานีดับเพลิงปากคลองสาน,เจริญนคร,12,07:00-09:00,1,0,0
หน้าสถานีดับเพลิงปากคลองสาน,เจริญนคร,12,09:00-16:00,1,0,0
หน้าสถานีดับเพลิงปากคลองสาน,เจริญนคร,12,16:00-19:00,1,0,0
หน้าสถานีตำรวจนครบาลบุคคโล,เจริญนคร,12,07:00-09:00,1,0,0
หน้าสถานีตำรวจนครบาลบุคคโล,เจริญนคร,12,09:00-16:00,1,0,0
หน้าสถานีตำรวจนครบาลบุคคโล,เจริญนคร,12,16:00-19:00,1,0,0
หน้าสถานีเดินรถโดยสารขนาดเล็ก,กำแพงเพชร2,2,07:00-09:00,1,0,0
หน้าสถานีเดินรถโดยสารขนาดเล็ก,กำแพงเพชร2,2,09:00-16:00,1,0,0
หน้าสถานีเดินรถโดยสารขนาดเล็ก,กำแพงเพชร2,2,16:00-19:00,1,0,0
หน้าสถานเสาวภาสภากาชาดไทย,พระรามที่4,4,07:00-09:00,0,0,1
หน้าสถานเสาวภาสภากาชาดไทย,พระรามที่4,4,09:00-17:00,0,0,1
หน้าสถานเสาวภาสภากาชาดไทย,พระรามที่4,4,17:00-19:00,0,0,1
หน้าสถานเอกอัครฑูตอิหร่าน,ซอยสุขุมวิท49/11,7,06:30-09:00,1,0,0
หน้าสถานเอกอัครฑูตอิหร่าน,ซอยสุขุมวิท49/11,7,09:00-16:00,1,0,0
หน้าสถานเอกอัครฑูตอิหร่าน,ซอยสุขุมวิท49/11,7,16:00-19:30,1,0,0
หน้าสถานเอกอัครราชทูตฟิลิปปินส์,สุขุมวิท,9,07:00-09:00,1,0,0
หน้าสถานเอกอัครราชทูตฟิลิปปินส์,สุขุมวิท,9,09:00-16:00,1,0,0
หน้าสถานเอกอัครราชทูตฟิลิปปินส์,สุขุมวิท,9,16:00-19:00,1,0,0
หน้าสถานเอกอัครราชทูตอเมริกา,วิทยุ,12,07:00-09:00,0,0,1
หน้าสถานเอกอัครราชทูตอเมริกา,วิทยุ,12,09:00-17:00,0,0,1
หน้าสถานเอกอัครราชทูตอเมริกา,วิทยุ,12,17:00-19:00,0,0,1
หน้าสถาบันสุขภาพเด็กฯ,ราชวิถี,8,07:00-09:00,0,0,1
หน้าสถาบันสุขภาพเด็กฯ,ราชวิถี,8,09:00-17:00,0,0,1
หน้าสถาบันสุขภาพเด็กฯ,ราชวิถี,8,17:00-19:00,0,0,1
หน้าสถาบันโรคไตฯ,พญาไท,10,07:00-09:00,0,0,1
หน้าสถาบันโรคไตฯ,พญาไท,10,09:00-17:00,0,0,1
หน้าสถาบันโรคไตฯ,พญาไท,10,17:00-19:00,0,0,1
หน้าสนามกีฬาศุภชลาศัย,พระรามที่1,7,07:00-09:00,0,1,0
หน้าสนามกีฬาศุภชลาศัย,พระรามที่1,7,09:00-16:00,0,1,0
หน้าสนามกีฬาศุภชลาศัย,พระรามที่1,7,16:00-19:00,0,1,0
หน้าสภากาชาดไทย,อังรีดูนังต์,5,07:00-09:00,0,1,0
หน้าสภากาชาดไทย,อังรีดูนังต์,5,09:00-16:00,0,1,0
หน้าสภากาชาดไทย,อังรีดูนังต์,5,16:00-19:00,0,1,0
หน้าสมาคมมิตรภาพบางแค,พุทธมณฑลสาย1,5,07:00-09:00,1,0,0
หน้าสมาคมมิตรภาพบางแค,พุทธมณฑลสาย1,5,09:00-16:00,1,0,0
หน้าสมาคมมิตรภาพบางแค,พุทธมณฑลสาย1,5,16:00-19:00,1,0,0
หน้าสยามเซ็นเตอร์,พระรามที่1,7,07:00-09:00,0,1,0
หน้าสยามเซ็นเตอร์,พระรามที่1,7,09:00-16:00,0,1,0
หน้าสยามเซ็นเตอร์,พระรามที่1,7,16:00-19:00,0,1,0
หน้าสวนดุสิต,พระรามที่5,12,07:00-09:00,1,0,0
หน้าสวนดุสิต,พระรามที่5,12,09:00-16:00,1,0,0
หน้าสวนดุสิต,พระรามที่5,12,16:00-19:00,1,0,0
หน้าสวนธนบุรีรมณ์,ทางเข้าออกสวนธนบุรีรมณ์,11,07:00-09:00,0,0,1
หน้าสวนธนบุรีรมณ์,ทางเข้าออกสวนธนบุรีรมณ์,11,09:00-17:00,0,0,1
หน้าสวนธนบุรีรมณ์,ทางเข้าออกสวนธนบุรีรมณ์,11,17:00-19:00,0,0,1
หน้าสวนธนบุรีรมณ์,พุทธบูชา,11,07:00-09:00,0,0,1
หน้าสวนธนบุรีรมณ์,พุทธบูชา,11,09:00-17:00,0,0,1
หน้าสวนธนบุรีรมณ์,พุทธบูชา,11,17:00-19:00,0,0,1
หน้าสวนสัตว์ดุสิต,ราชวิถี,11,07:00-09:00,1,0,0
หน้าสวนสัตว์ดุสิต,ราชวิถี,11,09:00-16:00,1,0,0
หน้าสวนสัตว์ดุสิต,ราชวิถี,11,16:00-19:00,1,0,0
หน้าสวนสัตว์ดุสิต,อู่ทองใน,2,07:00-09:00,1,0,0
หน้าสวนสัตว์ดุสิต,อู่ทองใน,2,09:00-16:00,1,0,0
หน้าสวนสัตว์ดุสิต,อู่ทองใน,2,16:00-19:00,1,0,0
หน้าสวนสัตว์ดุสิต,อู่ทองใน,12,07:00-09:00,1,0,0
หน้าสวนสัตว์ดุสิต,อู่ทองใน,12,09:00-16:00,1,0,0
หน้าสวนสัตว์ดุสิต,อู่ทองใน,12,16:00-19:00,1,0,0
หน้าสวนอาหารปีกไม้,พุทธมณฑลสาย2,9,07:00-09:00,0,0,1
หน้าสวนอาหารปีกไม้,พุทธมณฑลสาย2,9,09:00-17:00,0,0,1
หน้าสวนอาหารปีกไม้,พุทธมณฑลสาย2,9,17:00-19:00,0,0,1
หน้าสำนักงานขนส่งทางบกพื้นที่1,บางขุนเทียน-ชายทะเล,6,07:00-09:00,1,0,0
หน้าสำนักงานขนส่งทางบกพื้นที่1,บางขุนเทียน-ชายทะเล,6,09:00-16:00,1,0,0
หน้าสำนักงานขนส่งทางบกพื้นที่1,บางขุนเทียน-ชายทะเล,6,16:00-19:00,1,0,0
หน้าสำนักงานชนส่งพื้นที1,บางขุนเทียนชายทะเล,2,07:00-09:00,1,0,0
หน้าสำนักงานชนส่งพื้นที1,บางขุนเทียนชายทะเล,2,09:00-16:00,1,0,0
หน้าสำนักงานชนส่งพื้นที1,บางขุนเทียนชายทะเล,2,16:00-19:00,1,0,0
หน้าสำนักงานบำรุงรักษาสะพานพระพุทธยอดฟ้าฯ,สะพานพุทธ,2,07:00-09:00,0,0,1
หน้าสำนักงานบำรุงรักษาสะพานพระพุทธยอดฟ้าฯ,สะพานพุทธ,2,09:00-17:00,0,0,1
หน้าสำนักงานบำรุงรักษาสะพานพระพุทธยอดฟ้าฯ,สะพานพุทธ,2,17:00-19:00,0,0,1
หน้าสำนักงานเขตคลองสามวา,เลียบคลองสอง,5,07:00-09:00,1,0,0
หน้าสำนักงานเขตคลองสามวา,เลียบคลองสอง,5,09:00-16:00,1,0,0
หน้าสำนักงานเขตคลองสามวา,เลียบคลองสอง,5,16:00-19:00,1,0,0
หน้าสำนักงานเขตสวนหลวง,พัฒนาการ,8,07:00-09:00,0,1,0
หน้าสำนักงานเขตสวนหลวง,พัฒนาการ,8,09:00-16:00,0,1,0
หน้าสำนักงานเขตสวนหลวง,พัฒนาการ,8,16:00-19:00,0,1,0
หน้าสำนักงานเขตสวนหลวง,พัฒนาการ,9,07:00-09:00,0,1,0
หน้าสำนักงานเขตสวนหลวง,พัฒนาการ,9,09:00-16:00,0,1,0
หน้าสำนักงานเขตสวนหลวง,พัฒนาการ,9,16:00-19:00,0,1,0
หน้าสำนักงานเขตหนองจอก,ประชาสำราญ,8,07:00-09:00,0,0,1
หน้าสำนักงานเขตหนองจอก,ประชาสำราญ,8,09:00-16:00,0,0,1
หน้าสำนักงานเขตหนองจอก,ประชาสำราญ,8,16:00-19:00,0,0,1
หน้าสำนักงานเขตหนองจอก,สังฆสันติสุข,8,07:00-09:00,0,0,1
หน้าสำนักงานเขตหนองจอก,สังฆสันติสุข,8,09:00-16:00,0,0,1
หน้าสำนักงานเขตหนองจอก,สังฆสันติสุข,8,16:00-19:00,0,0,1
หน้าสำนักงานเขตหนองจอก,เชื่อมสัมพันธ์,8,07:00-09:00,0,0,1
หน้าสำนักงานเขตหนองจอก,เชื่อมสัมพันธ์,8,09:00-16:00,0,0,1
หน้าสำนักงานเขตหนองจอก,เชื่อมสัมพันธ์,8,16:00-19:00,0,0,1
หน้าสำนักงานเขตหนองจอก,เลียบวารี,8,07:00-09:00,0,0,1
หน้าสำนักงานเขตหนองจอก,เลียบวารี,8,09:00-16:00,0,0,1
หน้าสำนักงานเขตหนองจอก,เลียบวารี,8,16:00-19:00,0,0,1
หน้าหจก.ชาลีแสงแดง,หลวงแพ่ง,3,07:00-09:00,0,0,1
หน้าหจก.ชาลีแสงแดง,หลวงแพ่ง,3,09:00-17:00,0,0,1
หน้าหจก.ชาลีแสงแดง,หลวงแพ่ง,3,17:00-19:00,0,0,1
หน้าหมู่บ้านฉัตรหลวง(ราษฎร์อุทิศ54),เลียบวารี,1,07:00-09:00,0,0,1
หน้าหมู่บ้านฉัตรหลวง(ราษฎร์อุทิศ54),เลียบวารี,1,09:00-17:00,0,0,1
หน้าหมู่บ้านฉัตรหลวง(ราษฎร์อุทิศ54),เลียบวารี,1,17:00-19:00,0,0,1
หน้าหมู่บ้านชัยพฤกษ์,พระยาสุเรนทร์30,10,07:00-09:00,0,0,1
หน้าหมู่บ้านชัยพฤกษ์,พระยาสุเรนทร์30,10,09:00-16:00,0,0,1
หน้าหมู่บ้านชัยพฤกษ์,พระยาสุเรนทร์30,10,16:00-19:00,0,0,1
หน้าหมู่บ้านนันทวัน10(ซอยเลียบวารี37),เลียบวารี,1,07:00-09:00,0,0,1
หน้าหมู่บ้านนันทวัน10(ซอยเลียบวารี37),เลียบวารี,1,09:00-17:00,0,0,1
หน้าหมู่บ้านนันทวัน10(ซอยเลียบวารี37),เลียบวารี,1,17:00-19:00,0,0,1
หน้าหมู่บ้านนันทวัน5(ซอยเลียบวารี11),เลียบวารี,1,07:00-09:00,0,0,1
หน้าหมู่บ้านนันทวัน5(ซอยเลียบวารี11),เลียบวารี,1,09:00-17:00,0,0,1
หน้าหมู่บ้านนันทวัน5(ซอยเลียบวารี11),เลียบวารี,1,17:00-19:00,0,0,1
หน้าหมู่บ้านประภาทรัพย์,เจริญพัฒนา,10,07:00-09:00,0,0,1
หน้าหมู่บ้านประภาทรัพย์,เจริญพัฒนา,10,09:00-16:00,0,0,1
หน้าหมู่บ้านประภาทรัพย์,เจริญพัฒนา,10,16:00-19:00,0,0,1
หน้าหมู่บ้านพรทิพา4,หนองแขม-วัดศรีนวล,2,07:00-09:00,0,0,1
หน้าหมู่บ้านพรทิพา4,หนองแขม-วัดศรีนวล,2,09:00-17:00,0,0,1
หน้าหมู่บ้านพรทิพา4,หนองแขม-วัดศรีนวล,2,17:00-19:00,0,0,1
หน้าหมู่บ้านพฤกษ์ภิรมย์,แบริ่งลาซาล,3,07:00-09:00,0,0,1
หน้าหมู่บ้านพฤกษ์ภิรมย์,แบริ่งลาซาล,3,09:00-17:00,0,0,1
หน้าหมู่บ้านพฤกษ์ภิรมย์,แบริ่งลาซาล,3,17:00-19:00,0,0,1
หน้าหมู่บ้านมหาดไทย1,พุทธมณฑลสาย1,5,07:00-09:00,1,0,0
หน้าหมู่บ้านมหาดไทย1,พุทธมณฑลสาย1,5,09:00-16:00,1,0,0
หน้าหมู่บ้านมหาดไทย1,พุทธมณฑลสาย1,5,16:00-19:00,1,0,0
หน้าหมู่บ้านสุชา2,ทวีวัฒนา,2,07:00-09:00,0,0,1
หน้าหมู่บ้านสุชา2,ทวีวัฒนา,2,09:00-17:00,0,0,1
หน้าหมู่บ้านสุชา2,ทวีวัฒนา,2,17:00-19:00,0,0,1
หน้าหมู่บ้านอมรทรัพย์1(ซอยเลียบวารี25),เลียบวารี,1,07:00-09:00,0,0,1
หน้าหมู่บ้านอมรทรัพย์1(ซอยเลียบวารี25),เลียบวารี,1,09:00-17:00,0,0,1
หน้าหมู่บ้านอมรทรัพย์1(ซอยเลียบวารี25),เลียบวารี,1,17:00-19:00,0,0,1
หน้าหมู่บ้านเค.ซี.การ์เด้นใกล้นิมิตใหม่40,นิมิตใหม่,5,07:00-09:00,1,0,0
หน้าหมู่บ้านเค.ซี.การ์เด้นใกล้นิมิตใหม่40,นิมิตใหม่,5,09:00-16:00,1,0,0
หน้าหมู่บ้านเค.ซี.การ์เด้นใกล้นิมิตใหม่40,นิมิตใหม่,5,16:00-19:00,1,0,0
หน้าหมู่บ้านเพชรเกษม4,ทวีวัฒนา,2,07:00-09:00,0,0,1
หน้าหมู่บ้านเพชรเกษม4,ทวีวัฒนา,2,09:00-17:00,0,0,1
หน้าหมู่บ้านเพชรเกษม4,ทวีวัฒนา,2,17:00-19:00,0,0,1
หน้าหมู่บ้านเพชรเกษม4,พุทธมณฑลสาย3,7,07:00-09:00,0,0,1
หน้าหมู่บ้านเพชรเกษม4,พุทธมณฑลสาย3,7,09:00-17:00,0,0,1
หน้าหมู่บ้านเพชรเกษม4,พุทธมณฑลสาย3,7,17:00-19:00,0,0,1
หน้าหมู่บ้านเพิ่มทรัพย์,เทอดไท,4,07:00-09:00,0,0,1
หน้าหมู่บ้านเพิ่มทรัพย์,เทอดไท,4,09:00-17:00,0,0,1
หน้าหมู่บ้านเพิ่มทรัพย์,เทอดไท,4,17:00-19:00,0,0,1
หน้าหมู่บ้านเอื้ออาทรลาดกระบัง2,ประชาพัฒนา,4,07:00-09:00,0,0,1
หน้าหมู่บ้านเอื้ออาทรลาดกระบัง2,ประชาพัฒนา,4,09:00-17:00,0,0,1
หน้าหมู่บ้านเอื้ออาทรลาดกระบัง2,ประชาพัฒนา,4,17:00-19:00,0,0,1
หน้าหอประชุมกองทัพอากาศ,พหลโยธิน,10,07:00-09:00,1,0,0
หน้าหอประชุมกองทัพอากาศ,พหลโยธิน,10,09:00-16:00,1,0,0
หน้าหอประชุมกองทัพอากาศ,พหลโยธิน,10,16:00-19:00,1,0,0
หน้าหอสมุดพระจอมเกล้าฯลาดกระบัง,ฉลองกรุง,12,07:00-09:00,0,0,1
หน้าหอสมุดพระจอมเกล้าฯลาดกระบัง,ฉลองกรุง,12,09:00-16:00,0,0,1
หน้าหอสมุดพระจอมเกล้าฯลาดกระบัง,ฉลองกรุง,12,16:00-19:00,0,0,1
หน้าห้างธัญญาพาร์ค,ศรีนครินทร์,2,07:00-09:00,0,0,1
หน้าห้างธัญญาพาร์ค,ศรีนครินทร์,2,09:00-17:00,0,0,1
หน้าห้างธัญญาพาร์ค,ศรีนครินทร์,2,17:00-19:00,0,0,1
หน้าห้างอินเดียเอ็มโพเรียม,จักรเพชร,10,07:00-09:00,0,0,1
หน้าห้างอินเดียเอ็มโพเรียม,จักรเพชร,10,09:00-17:00,0,0,1
หน้าห้างอินเดียเอ็มโพเรียม,จักรเพชร,10,17:00-19:00,0,0,1
หน้าห้างเซ็นจูรี่,รางน้ำ,8,07:00-09:00,0,0,1
หน้าห้างเซ็นจูรี่,รางน้ำ,8,09:00-17:00,0,0,1
หน้าห้างเซ็นจูรี่,รางน้ำ,8,17:00-19:00,0,0,1
หน้าห้างเดอะไนท์,พระราม9,3,07:00-09:00,1,0,0
หน้าห้างเดอะไนท์,พระราม9,3,09:00-16:00,1,0,0
หน้าห้างเดอะไนท์,พระราม9,3,16:00-19:00,1,0,0
หน้าอาคารCDGHOUSE,รัชดาภิเษก,4,07:00-09:00,0,0,1
หน้าอาคารCDGHOUSE,รัชดาภิเษก,4,09:00-17:00,0,0,1
หน้าอาคารCDGHOUSE,รัชดาภิเษก,4,17:00-19:00,0,0,1
หน้าอาคารMINTTOWER,บรรทัดทอง,4,07:00-09:00,0,0,1
หน้าอาคารMINTTOWER,บรรทัดทอง,4,09:00-17:00,0,0,1
หน้าอาคารMINTTOWER,บรรทัดทอง,4,17:00-19:00,0,0,1
หน้าอาคารจามจุรี8,พญาไท,7,06:30-09:00,1,0,0
หน้าอาคารจามจุรี8,พญาไท,7,09:00-16:00,1,0,0
หน้าอาคารจามจุรี8,พญาไท,7,16:00-19:30,1,0,0
หน้าอาคารรัฐสภาใหม่,สามเสน,7,07:00-09:00,0,1,0
หน้าอาคารรัฐสภาใหม่,สามเสน,7,09:00-16:00,0,1,0
หน้าอาคารรัฐสภาใหม่,สามเสน,7,16:00-19:00,0,1,0
หน้าอาคารสินธรทาวเวอร์,กรุงธนบุรี,12,07:00-09:00,1,0,0
หน้าอาคารสินธรทาวเวอร์,กรุงธนบุรี,12,09:00-16:00,1,0,0
หน้าอาคารสินธรทาวเวอร์,กรุงธนบุรี,12,16:00-19:00,1,0,0
หน้าอาคารสินสาธรทาวเวอร์,กรุงธนบุรี,1,07:00-09:00,1,0,0
หน้าอาคารสินสาธรทาวเวอร์,กรุงธนบุรี,1,09:00-16:00,1,0,0
หน้าอาคารสินสาธรทาวเวอร์,กรุงธนบุรี,1,16:00-19:00,1,0,0
หน้าอาคารสุขประพฤติ,ประชาชื่น,10,07:00-09:00,0,0,1
หน้าอาคารสุขประพฤติ,ประชาชื่น,10,09:00-17:00,0,0,1
หน้าอาคารสุขประพฤติ,ประชาชื่น,10,17:00-19:00,0,0,1
หน้าอาคารอปร.โรงพยาบาลจุฬาลงกรณ์,ราชดำริ,3,07:00-09:00,0,0,1
หน้าอาคารอปร.โรงพยาบาลจุฬาลงกรณ์,ราชดำริ,3,09:00-17:00,0,0,1
หน้าอาคารอปร.โรงพยาบาลจุฬาลงกรณ์,ราชดำริ,3,17:00-19:00,0,0,1
หน้าอาคารอัมรินทร์พลาซ่า,เพลินจิต,7,07:00-09:00,0,1,0
หน้าอาคารอัมรินทร์พลาซ่า,เพลินจิต,7,09:00-16:00,0,1,0
หน้าอาคารอัมรินทร์พลาซ่า,เพลินจิต,7,16:00-19:00,0,1,0
หน้าอาคารเมืองไทยภัทรคอมเพล็กซ์,รัชดาภิเษก,7,07:00-09:00,0,1,0
หน้าอาคารเมืองไทยภัทรคอมเพล็กซ์,รัชดาภิเษก,7,09:00-16:00,0,1,0
หน้าอาคารเมืองไทยภัทรคอมเพล็กซ์,รัชดาภิเษก,7,16:00-19:00,0,1,0
หน้าอาคารแปซิฟิคเรสซิเด้น,สุขุมวิท39,5,07:00-09:00,0,0,1
หน้าอาคารแปซิฟิคเรสซิเด้น,สุขุมวิท39,5,09:00-17:00,0,0,1
หน้าอาคารแปซิฟิคเรสซิเด้น,สุขุมวิท39,5,17:00-19:00,0,0,1
หน้าเขตหนองจอก,สังฆสันติสุข,3,07:00-09:00,0,0,1
หน้าเขตหนองจอก,สังฆสันติสุข,3,09:00-17:00,0,0,1
หน้าเขตหนองจอก,สังฆสันติสุข,3,17:00-19:00,0,0,1
หน้าเขตหนองจอก,เชื่อมสัมพันธ์,3,07:00-09:00,0,0,1
หน้าเขตหนองจอก,เชื่อมสัมพันธ์,3,09:00-17:00,0,0,1
หน้าเขตหนองจอก,เชื่อมสัมพันธ์,3,17:00-19:00,0,0,1
หน้าเขตหนองจอก,เลียบวารี,3,07:00-09:00,0,0,1
หน้าเขตหนองจอก,เลียบวารี,3,09:00-17:00,0,0,1
หน้าเขตหนองจอก,เลียบวารี,3,17:00-19:00,0,0,1
หน้าเซเว่นหน้าวัดปากน้ำ,รัชมงคลประสาธน์,9,07:00-09:00,0,0,1
หน้าเซเว่นหน้าวัดปากน้ำ,รัชมงคลประสาธน์,9,09:00-17:00,0,0,1
หน้าเซเว่นหน้าวัดปากน้ำ,รัชมงคลประสาธน์,9,17:00-19:00,0,0,1
หน้าเซเว่นหน้าวัดปากน้ำ,รัชมงคลประสาธน์10,9,07:00-09:00,0,0,1
หน้าเซเว่นหน้าวัดปากน้ำ,รัชมงคลประสาธน์10,9,09:00-17:00,0,0,1
หน้าเซเว่นหน้าวัดปากน้ำ,รัชมงคลประสาธน์10,9,17:00-19:00,0,0,1
หน้าเซ็นทรัลอีสวิลล์,ประดิษฐ์มนูธรรม,8,07:00-09:00,0,0,1
หน้าเซ็นทรัลอีสวิลล์,ประดิษฐ์มนูธรรม,8,09:00-17:00,0,0,1
หน้าเซ็นทรัลอีสวิลล์,ประดิษฐ์มนูธรรม,8,17:00-19:00,0,0,1
หน้าเดอะพาซิโอ,ลาดกระบัง,6,07:00-09:00,0,0,1
หน้าเดอะพาซิโอ,ลาดกระบัง,6,09:00-17:00,0,0,1
หน้าเดอะพาซิโอ,ลาดกระบัง,6,17:00-19:00,0,0,1
หน้าเทคโนโลยีกรุงเทพ,นราธิวาสราชนครินทร์,1,07:00-09:00,1,0,0
หน้าเทคโนโลยีกรุงเทพ,นราธิวาสราชนครินทร์,1,09:00-16:00,1,0,0
หน้าเทคโนโลยีกรุงเทพ,นราธิวาสราชนครินทร์,1,16:00-19:00,1,0,0
หน้าเสถียรธรรมสถาน,วัชรพล,10,07:00-09:00,0,0,1
หน้าเสถียรธรรมสถาน,วัชรพล,10,09:00-17:00,0,0,1
หน้าเสถียรธรรมสถาน,วัชรพล,10,17:00-19:00,0,0,1
หน้าแฟลตทหารเรือ,จ่าโสด,12,07:00-09:00,0,0,1
หน้าแฟลตทหารเรือ,จ่าโสด,12,09:00-16:00,0,0,1
หน้าแฟลตทหารเรือ,จ่าโสด,12,16:00-19:00,0,0,1
หน้าแฟลตทหารเรือ,ทางรถไฟสายเก่า,12,07:00-09:00,0,0,1
หน้าแฟลตทหารเรือ,ทางรถไฟสายเก่า,12,09:00-16:00,0,0,1
หน้าแฟลตทหารเรือ,ทางรถไฟสายเก่า,12,16:00-19:00,0,0,1
หน้าแฟลตทหารเรือ,ทางเข้าออกแฟลตทหารเรือ,12,07:00-09:00,0,0,1
หน้าแฟลตทหารเรือ,ทางเข้าออกแฟลตทหารเรือ,12,09:00-16:00,0,0,1
หน้าแฟลตทหารเรือ,ทางเข้าออกแฟลตทหารเรือ,12,16:00-19:00,0,0,1
หน้าแม็กแวลูคู้บอน,คู้บอน,7,07:00-09:00,0,0,1
หน้าแม็กแวลูคู้บอน,คู้บอน,7,09:00-17:00,0,0,1
หน้าแม็กแวลูคู้บอน,คู้บอน,7,17:00-19:00,0,0,1
หน้าโครงการSUNNYMARKET,สุขุมวิท105,11,07:00-09:00,1,0,0
หน้าโครงการSUNNYMARKET,สุขุมวิท105,11,09:00-16:00,1,0,0
หน้าโครงการSUNNYMARKET,สุขุมวิท105,11,16:00-19:00,1,0,0
หน้าโครงการจตุจักรกรีน,กำแพงเพชร3,11,07:00-09:00,1,0,0
หน้าโครงการจตุจักรกรีน,กำแพงเพชร3,11,09:00-16:00,1,0,0
หน้าโครงการจตุจักรกรีน,กำแพงเพชร3,11,16:00-19:00,1,0,0
หน้าโครงการลุมพินี,สุขุมวิท77,5,07:00-09:00,1,0,0
หน้าโครงการลุมพินี,สุขุมวิท77,5,09:00-16:00,1,0,0
หน้าโครงการลุมพินี,สุขุมวิท77,5,16:00-19:00,1,0,0
หน้าโครงการเมย์แฟร์เพลส,ซอยสุขุมวิท50,7,06:30-09:00,1,0,0
หน้าโครงการเมย์แฟร์เพลส,ซอยสุขุมวิท50,7,09:00-16:00,1,0,0
หน้าโครงการเมย์แฟร์เพลส,ซอยสุขุมวิท50,7,16:00-19:30,1,0,0
หน้าโครงการแคโนพีบางบอน,เอกชัย,5,07:00-09:00,1,0,0
หน้าโครงการแคโนพีบางบอน,เอกชัย,5,09:00-16:00,1,0,0
หน้าโครงการแคโนพีบางบอน,เอกชัย,5,16:00-19:00,1,0,0
หน้าโรงงานฟุตบอลไทย,ฉลองกรุง,5,07:00-09:00,0,1,0
หน้าโรงงานฟุตบอลไทย,ฉลองกรุง,5,09:00-16:00,0,1,0
หน้าโรงงานฟุตบอลไทย,ฉลองกรุง,5,16:00-19:00,0,1,0
หน้าโรงพยาบาลจุฬาลงกรณ์,ราชดำริ,2,07:00-09:00,1,0,0
หน้าโรงพยาบาลจุฬาลงกรณ์,ราชดำริ,2,09:00-16:00,1,0,0
หน้าโรงพยาบาลจุฬาลงกรณ์,ราชดำริ,2,16:00-19:00,1,0,0
หน้าโรงพยาบาลจุฬาลงกรณ์,ราชดำริ,5,07:00-09:00,1,0,0
หน้าโรงพยาบาลจุฬาลงกรณ์,ราชดำริ,5,09:00-16:00,1,0,0
หน้าโรงพยาบาลจุฬาลงกรณ์,ราชดำริ,5,16:00-19:00,1,0,0
หน้าโรงพยาบาลจุฬาลงกรณ์,ราชดำริ,8,07:00-09:00,1,0,0
หน้าโรงพยาบาลจุฬาลงกรณ์,ราชดำริ,8,09:00-16:00,1,0,0
หน้าโรงพยาบาลจุฬาลงกรณ์,ราชดำริ,8,16:00-19:00,1,0,0
หน้าโรงพยาบาลจุฬาลงกรณ์,ราชดำริ,11,07:00-09:00,1,0,0
หน้าโรงพยาบาลจุฬาลงกรณ์,ราชดำริ,11,09:00-16:00,1,0,0
หน้าโรงพยาบาลจุฬาลงกรณ์,ราชดำริ,11,16:00-19:00,1,0,0
หน้าโรงพยาบาลตำรวจ,ราชดำริ,2,07:00-09:00,1,0,0
หน้าโรงพยาบาลตำรวจ,ราชดำริ,2,09:00-16:00,1,0,0
หน้าโรงพยาบาลตำรวจ,ราชดำริ,2,16:00-19:00,1,0,0
หน้าโรงพยาบาลตำรวจ,ราชดำริ,5,07:00-09:00,1,0,0
หน้าโรงพยาบาลตำรวจ,ราชดำริ,5,09:00-16:00,1,0,0
หน้าโรงพยาบาลตำรวจ,ราชดำริ,5,16:00-19:00,1,0,0
หน้าโรงพยาบาลตำรวจ,ราชดำริ,11,07:00-09:00,1,0,0
หน้าโรงพยาบาลตำรวจ,ราชดำริ,11,09:00-16:00,1,0,0
หน้าโรงพยาบาลตำรวจ,ราชดำริ,11,16:00-19:00,1,0,0
หน้าโรงพยาบาลพญาไท2,พหลโยธิน,7,07:00-09:00,0,1,0
หน้าโรงพยาบาลพญาไท2,พหลโยธิน,7,09:00-16:00,0,1,0
หน้าโรงพยาบาลพญาไท2,พหลโยธิน,7,16:00-19:00,0,1,0
หน้าโรงพยาบาลวิภาราม,พัฒนาการ,8,07:00-09:00,0,1,0
หน้าโรงพยาบาลวิภาราม,พัฒนาการ,8,09:00-16:00,0,1,0
หน้าโรงพยาบาลวิภาราม,พัฒนาการ,8,16:00-19:00,0,1,0
หน้าโรงพยาบาลวิภาราม,พัฒนาการ,9,07:00-09:00,0,1,0
หน้าโรงพยาบาลวิภาราม,พัฒนาการ,9,09:00-16:00,0,1,0
หน้าโรงพยาบาลวิภาราม,พัฒนาการ,9,16:00-19:00,0,1,0
หน้าโรงพยาบาลหัวเฉียว,บำรุงเมือง,7,07:00-09:00,0,0,1
หน้าโรงพยาบาลหัวเฉียว,บำรุงเมือง,7,09:00-17:00,0,0,1
หน้าโรงพยาบาลหัวเฉียว,บำรุงเมือง,7,17:00-19:00,0,0,1
หน้าโรงรับจำนำบางซื่อ,ประชาราษฎร์สาย2,10,07:00-09:00,0,0,1
หน้าโรงรับจำนำบางซื่อ,ประชาราษฎร์สาย2,10,09:00-17:00,0,0,1
หน้าโรงรับจำนำบางซื่อ,ประชาราษฎร์สาย2,10,17:00-19:00,0,0,1
หน้าโรงรับจำนำย่งฮวดเฮง,เพชรเกษม69,3,07:00-09:00,1,0,0
หน้าโรงรับจำนำย่งฮวดเฮง,เพชรเกษม69,3,09:00-16:00,1,0,0
หน้าโรงรับจำนำย่งฮวดเฮง,เพชรเกษม69,3,16:00-19:00,1,0,0
หน้าโรงละครแห่งชาติ,ราชินี,3,07:00-09:00,1,0,0
หน้าโรงละครแห่งชาติ,ราชินี,3,09:00-16:00,1,0,0
หน้าโรงละครแห่งชาติ,ราชินี,3,16:00-19:00,1,0,0
หน้าโรงเรียนกุลวรรณ,ประชาราษฎร์สาย1,10,07:00-09:00,0,0,1
หน้าโรงเรียนกุลวรรณ,ประชาราษฎร์สาย1,10,09:00-17:00,0,0,1
หน้าโรงเรียนกุลวรรณ,ประชาราษฎร์สาย1,10,17:00-19:00,0,0,1
หน้าโรงเรียนกุลวรรณศึกษา,ประชาราษฎร์สาย1,5,07:00-09:00,0,0,1
หน้าโรงเรียนกุลวรรณศึกษา,ประชาราษฎร์สาย1,5,09:00-17:00,0,0,1
หน้าโรงเรียนกุลวรรณศึกษา,ประชาราษฎร์สาย1,5,17:00-19:00,0,0,1
หน้าโรงเรียนทวีธาภิเศก,บางขุนเทียนชายทะเล,7,07:00-09:00,0,0,1
หน้าโรงเรียนทวีธาภิเศก,บางขุนเทียนชายทะเล,7,09:00-17:00,0,0,1
หน้าโรงเรียนทวีธาภิเศก,บางขุนเทียนชายทะเล,7,17:00-19:00,0,0,1
หน้าโรงเรียนนานาชาติสิงคโปร์,ราชมนตรี8,11,07:00-09:00,0,0,1
หน้าโรงเรียนนานาชาติสิงคโปร์,ราชมนตรี8,11,09:00-17:00,0,0,1
หน้าโรงเรียนนานาชาติสิงคโปร์,ราชมนตรี8,11,17:00-19:00,0,0,1
หน้าโรงเรียนนิเวศวารินทร์,เทพรักษ์,11,07:00-09:00,0,1,0
หน้าโรงเรียนนิเวศวารินทร์,เทพรักษ์,11,09:00-16:00,0,1,0
หน้าโรงเรียนนิเวศวารินทร์,เทพรักษ์,11,16:00-19:00,0,1,0
หน้าโรงเรียนบ้านเจียรดับ,เลียบวารี,3,07:00-09:00,1,0,0
หน้าโรงเรียนบ้านเจียรดับ,เลียบวารี,3,09:00-16:00,1,0,0
หน้าโรงเรียนบ้านเจียรดับ,เลียบวารี,3,16:00-19:00,1,0,0
หน้าโรงเรียนบ้านเจียรดับ,เลียบวารี,5,07:00-09:00,1,0,0
หน้าโรงเรียนบ้านเจียรดับ,เลียบวารี,5,09:00-16:00,1,0,0
หน้าโรงเรียนบ้านเจียรดับ,เลียบวารี,5,16:00-19:00,1,0,0
หน้าโรงเรียนพรหมราษฎร์รังสรรค์,พรหมราษฎร์,1,07:00-09:00,0,0,1
หน้าโรงเรียนพรหมราษฎร์รังสรรค์,พรหมราษฎร์,1,09:00-17:00,0,0,1
หน้าโรงเรียนพรหมราษฎร์รังสรรค์,พรหมราษฎร์,1,17:00-19:00,0,0,1
หน้าโรงเรียนพรหมราษฎร์รังสรรค์,รางโพธิ์,1,07:00-09:00,0,0,1
หน้าโรงเรียนพรหมราษฎร์รังสรรค์,รางโพธิ์,1,09:00-17:00,0,0,1
หน้าโรงเรียนพรหมราษฎร์รังสรรค์,รางโพธิ์,1,17:00-19:00,0,0,1
หน้าโรงเรียนราชคฤห์,เทอดไท,1,07:00-09:00,0,0,1
หน้าโรงเรียนราชคฤห์,เทอดไท,1,09:00-17:00,0,0,1
หน้าโรงเรียนราชคฤห์,เทอดไท,1,17:00-19:00,0,0,1
หน้าโรงเรียนละอออุทิศ,ราชสีมา,2,07:00-09:00,1,0,0
หน้าโรงเรียนละอออุทิศ,ราชสีมา,2,09:00-16:00,1,0,0
หน้าโรงเรียนละอออุทิศ,ราชสีมา,2,16:00-19:00,1,0,0
หน้าโรงเรียนละอออุทิศ,ราชสีมา,12,07:00-09:00,1,0,0
หน้าโรงเรียนละอออุทิศ,ราชสีมา,12,09:00-16:00,1,0,0
หน้าโรงเรียนละอออุทิศ,ราชสีมา,12,16:00-19:00,1,0,0
หน้าโรงเรียนลำสาลี,กรุงเทพกรีฑา,5,06:30-09:00,1,0,0
หน้าโรงเรียนลำสาลี,กรุงเทพกรีฑา,5,09:00-16:00,1,0,0
หน้าโรงเรียนลำสาลี,กรุงเทพกรีฑา,5,16:00-19:30,1,0,0
หน้าโรงเรียนวัดสะพาน,ทางรถไฟสายเก่า,7,07:00-09:00,0,0,1
หน้าโรงเรียนวัดสะพาน,ทางรถไฟสายเก่า,7,09:00-17:00,0,0,1
หน้าโรงเรียนวัดสะพาน,ทางรถไฟสายเก่า,7,17:00-19:00,0,0,1
หน้าโรงเรียนวัดสามง่าม,คู้-คลองสิบ,7,07:00-09:00,0,0,1
หน้าโรงเรียนวัดสามง่าม,คู้-คลองสิบ,7,09:00-17:00,0,0,1
หน้าโรงเรียนวัดสามง่าม,คู้-คลองสิบ,7,17:00-19:00,0,0,1
หน้าโรงเรียนศาลาคู้,ราษฎร์อุทิศ,5,07:00-09:00,0,1,0
หน้าโรงเรียนศาลาคู้,ราษฎร์อุทิศ,5,09:00-16:00,0,1,0
หน้าโรงเรียนศาลาคู้,ราษฎร์อุทิศ,5,16:00-19:00,0,1,0
หน้าโรงเรียนสายปัญญา,กรุงเกษม,8,07:00-09:00,0,1,0
หน้าโรงเรียนสายปัญญา,กรุงเกษม,8,09:00-16:00,0,1,0
หน้าโรงเรียนสายปัญญา,กรุงเกษม,8,16:00-19:00,0,1,0
หน้าโรงเรียนสารสาสน์วิเทศน์นิมิตใหม่,นิมิตใหม่,9,07:00-09:00,1,0,0
หน้าโรงเรียนสารสาสน์วิเทศน์นิมิตใหม่,นิมิตใหม่,9,09:00-16:00,1,0,0
หน้าโรงเรียนสารสาสน์วิเทศน์นิมิตใหม่,นิมิตใหม่,9,16:00-19:00,1,0,0
หน้าโรงเรียนสารสาสน์ฯ,เพชรเกษม81(มาเจริญ),8,07:00-09:00,0,0,1
หน้าโรงเรียนสารสาสน์ฯ,เพชรเกษม81(มาเจริญ),8,09:00-17:00,0,0,1
หน้าโรงเรียนสารสาสน์ฯ,เพชรเกษม81(มาเจริญ),8,17:00-19:00,0,0,1
หน้าโรงเรียนสุเหร่าคลองสิบ,คู้-คลองสิบ,7,07:00-09:00,0,0,1
หน้าโรงเรียนสุเหร่าคลองสิบ,คู้-คลองสิบ,7,09:00-17:00,0,0,1
หน้าโรงเรียนสุเหร่าคลองสิบ,คู้-คลองสิบ,7,17:00-19:00,0,0,1
หน้าโรงเรียนสุเหร่าคู้วิทยา,เลียบวารี,3,07:00-09:00,0,1,0
หน้าโรงเรียนสุเหร่าคู้วิทยา,เลียบวารี,3,09:00-16:00,0,1,0
หน้าโรงเรียนสุเหร่าคู้วิทยา,เลียบวารี,3,16:00-19:00,0,1,0
หน้าโรงเรียนสุเหร่าทรายกองดิน,ราษฎร์อุทิศ,3,07:00-09:00,1,0,0
หน้าโรงเรียนสุเหร่าทรายกองดิน,ราษฎร์อุทิศ,3,09:00-16:00,1,0,0
หน้าโรงเรียนสุเหร่าทรายกองดิน,ราษฎร์อุทิศ,3,16:00-19:00,1,0,0
หน้าโรงเรียนสุเหร่าทรายกองเงิน,ราษฎร์อุทิศ,5,07:00-09:00,1,0,0
หน้าโรงเรียนสุเหร่าทรายกองเงิน,ราษฎร์อุทิศ,5,09:00-16:00,1,0,0
หน้าโรงเรียนสุเหร่าทรายกองเงิน,ราษฎร์อุทิศ,5,16:00-19:00,1,0,0
หน้าโรงเรียนสุเหร่าศาลาลอย,พัฒนาการ,8,07:00-09:00,1,0,0
หน้าโรงเรียนสุเหร่าศาลาลอย,พัฒนาการ,8,09:00-16:00,1,0,0
หน้าโรงเรียนสุเหร่าศาลาลอย,พัฒนาการ,8,16:00-19:00,1,0,0
หน้าโรงเรียนสุเหร่าแสนแสบ,ประชาร่วมใจ,1,07:00-09:00,0,0,1
หน้าโรงเรียนสุเหร่าแสนแสบ,ประชาร่วมใจ,1,09:00-17:00,0,0,1
หน้าโรงเรียนสุเหร่าแสนแสบ,ประชาร่วมใจ,1,17:00-19:00,0,0,1
หน้าโรงเรียนสุเหร่าแสนแสบ,ประชาร่วมใจ,7,07:00-09:00,0,0,1
หน้าโรงเรียนสุเหร่าแสนแสบ,ประชาร่วมใจ,7,09:00-17:00,0,0,1
หน้าโรงเรียนสุเหร่าแสนแสบ,ประชาร่วมใจ,7,17:00-19:00,0,0,1
หน้าโรงเรียนสุเหร่าแสนแสบ,ประชาร่วมใจ,11,07:00-09:00,0,0,1
หน้าโรงเรียนสุเหร่าแสนแสบ,ประชาร่วมใจ,11,09:00-17:00,0,0,1
หน้าโรงเรียนสุเหร่าแสนแสบ,ประชาร่วมใจ,11,17:00-19:00,0,0,1
หน้าโรงเรียนหอวัง,พหลโยธิน,7,07:00-09:00,0,1,0
หน้าโรงเรียนหอวัง,พหลโยธิน,7,09:00-16:00,0,1,0
หน้าโรงเรียนหอวัง,พหลโยธิน,7,16:00-19:00,0,1,0
หน้าโรงเรียนหอวัง,หอวัง,11,07:00-09:00,0,0,1
หน้าโรงเรียนหอวัง,หอวัง,11,09:00-17:00,0,0,1
หน้าโรงเรียนหอวัง,หอวัง,11,17:00-19:00,0,0,1
หน้าโรงเรียนอนุบาลแสงโสม,ประชาชื่น,10,07:00-09:00,0,0,1
หน้าโรงเรียนอนุบาลแสงโสม,ประชาชื่น,10,09:00-17:00,0,0,1
หน้าโรงเรียนอนุบาลแสงโสม,ประชาชื่น,10,17:00-19:00,0,0,1
หน้าโรงเรียนอินเตอร์คิดส์,ประชาร่วมใจ,3,07:00-09:00,0,1,0
หน้าโรงเรียนอินเตอร์คิดส์,ประชาร่วมใจ,3,09:00-16:00,0,1,0
หน้าโรงเรียนอินเตอร์คิดส์,ประชาร่วมใจ,3,16:00-19:00,0,1,0
หน้าโรงเรียนอินเตอร์คิดส์,ประชาร่วมใจ,11,07:00-09:00,0,1,0
หน้าโรงเรียนอินเตอร์คิดส์,ประชาร่วมใจ,11,09:00-16:00,0,1,0
หน้าโรงเรียนอินเตอร์คิดส์,ประชาร่วมใจ,11,16:00-19:00,0,1,0
หน้าโรงเรียนเซนต์คาเบรียล,พหลโยธิน,8,07:00-09:00,0,1,0
หน้าโรงเรียนเซนต์คาเบรียล,พหลโยธิน,8,09:00-16:00,0,1,0
หน้าโรงเรียนเซนต์คาเบรียล,พหลโยธิน,8,16:00-19:00,0,1,0
หน้าโรงเรียนเซนต์คาเบรียล,สามเสน,7,07:00-09:00,0,1,0
หน้าโรงเรียนเซนต์คาเบรียล,สามเสน,7,09:00-16:00,0,1,0
หน้าโรงเรียนเซนต์คาเบรียล,สามเสน,7,16:00-19:00,0,1,0
หน้าโรงเรียนเซนต์คาเบรียล,สามเสน,8,07:00-09:00,0,1,0
หน้าโรงเรียนเซนต์คาเบรียล,สามเสน,8,09:00-16:00,0,1,0
หน้าโรงเรียนเซนต์คาเบรียล,สามเสน,8,16:00-19:00,0,1,0
หน้าโรงเรียนเซนปีเตอร์ธนบุรี,พุทธมณฑลสาย1,5,07:00-09:00,1,0,0
หน้าโรงเรียนเซนปีเตอร์ธนบุรี,พุทธมณฑลสาย1,5,09:00-16:00,1,0,0
หน้าโรงเรียนเซนปีเตอร์ธนบุรี,พุทธมณฑลสาย1,5,16:00-19:00,1,0,0
หน้าโรงแรมCalton,สุชุมวิท,12,07:00-09:00,0,0,1
หน้าโรงแรมCalton,สุชุมวิท,12,09:00-17:00,0,0,1
หน้าโรงแรมCalton,สุชุมวิท,12,17:00-19:00,0,0,1
หน้าโรงแรมโฟร์ซีซันส์,เจริญกรุง,1,07:00-09:00,0,0,1
หน้าโรงแรมโฟร์ซีซันส์,เจริญกรุง,1,09:00-17:00,0,0,1
หน้าโรงแรมโฟร์ซีซันส์,เจริญกรุง,1,17:00-19:00,0,0,1
หน้าโรงแรมโฟร์วิงส์,ศรีนครินทร์,10,07:00-09:00,0,0,1
หน้าโรงแรมโฟร์วิงส์,ศรีนครินทร์,10,09:00-17:00,0,0,1
หน้าโรงแรมโฟร์วิงส์,ศรีนครินทร์,10,17:00-19:00,0,0,1
หน้าโรงแรมไฟร์ซีซัน(ปากซอยเจริญกรุง69),เจริญกรุง,3,07:00-09:00,1,0,0
หน้าโรงแรมไฟร์ซีซัน(ปากซอยเจริญกรุง69),เจริญกรุง,3,09:00-16:00,1,0,0
หน้าโรงแรมไฟร์ซีซัน(ปากซอยเจริญกรุง69),เจริญกรุง,3,16:00-19:00,1,0,0
หน้าโรบินสันลาดกระบัง,ลาดกระบัง,3,07:00-09:00,0,0,1
หน้าโรบินสันลาดกระบัง,ลาดกระบัง,3,09:00-17:00,0,0,1
หน้าโรบินสันลาดกระบัง,ลาดกระบัง,3,17:00-19:00,0,0,1
หน้าโรแรมดิโอกุระ,วิทยุ,5,07:00-09:00,0,0,1
หน้าโรแรมดิโอกุระ,วิทยุ,5,09:00-17:00,0,0,1
หน้าโรแรมดิโอกุระ,วิทยุ,5,17:00-19:00,0,0,1
หน้าโลตัสพระราม1,บรรทัดทอง,9,07:00-09:00,0,0,1
หน้าโลตัสพระราม1,บรรทัดทอง,9,09:00-17:00,0,0,1
หน้าโลตัสพระราม1,บรรทัดทอง,9,17:00-19:00,0,0,1
หน้าโลตัสเลียบคลองสอง,เลียบคลองสอง,10,07:00-09:00,0,0,1
หน้าโลตัสเลียบคลองสอง,เลียบคลองสอง,10,09:00-17:00,0,0,1
หน้าโลตัสเลียบคลองสอง,เลียบคลองสอง,10,17:00-19:00,0,0,1
หน้าไปรษณีย์อ่อนนุช,สุขุมวิท77,5,07:00-09:00,0,0,1
หน้าไปรษณีย์อ่อนนุช,สุขุมวิท77,5,09:00-17:00,0,0,1
หน้าไปรษณีย์อ่อนนุช,สุขุมวิท77,5,17:00-19:00,0,0,1
หมอชิต2,กำแพงเพชร2,1,07:00-09:00,0,0,1
หมอชิต2,กำแพงเพชร2,1,09:00-17:00,0,0,1
หมอชิต2,กำแพงเพชร2,1,17:00-19:00,0,0,1
หมอชิต2,กำแพงเพชร6,1,07:00-09:00,0,0,1
หมอชิต2,กำแพงเพชร6,1,09:00-17:00,0,0,1
หมอชิต2,กำแพงเพชร6,1,17:00-19:00,0,0,1
หมอมี,ทรงสวัสดิ์,7,07:00-09:00,0,0,1
หมอมี,ทรงสวัสดิ์,7,09:00-17:00,0,0,1
หมอมี,ทรงสวัสดิ์,7,17:00-19:00,0,0,1
หมอมี,ทรงสวัสดิ์,12,07:00-09:00,0,0,1
หมอมี,ทรงสวัสดิ์,12,09:00-17:00,0,0,1
หมอมี,ทรงสวัสดิ์,12,17:00-19:00,0,0,1
หมอมี,พระรามที่4,7,07:00-09:00,1,0,1
หมอมี,พระรามที่4,7,09:00-16:00,1,0,0
หมอมี,พระรามที่4,7,09:00-17:00,0,0,1
หมอมี,พระรามที่4,7,16:00-19:00,1,0,0
หมอมี,พระรามที่4,7,17:00-19:00,0,0,1
หมอมี,พระรามที่4,11,07:00-09:00,0,1,0
หมอมี,พระรามที่4,11,09:00-16:00,0,1,0
หมอมี,พระรามที่4,11,16:00-19:00,0,1,0
หมอมี,พระรามที่4,12,07:00-09:00,1,0,1
หมอมี,พระรามที่4,12,09:00-16:00,1,0,0
หมอมี,พระรามที่4,12,09:00-17:00,0,0,1
หมอมี,พระรามที่4,12,16:00-19:00,1,0,0
หมอมี,พระรามที่4,12,17:00-19:00,0,0,1
หมอมี,มิตรพันธ์,7,07:00-09:00,1,0,0
หมอมี,มิตรพันธ์,7,09:00-16:00,1,0,0
หมอมี,มิตรพันธ์,7,16:00-19:00,1,0,0
หมอมี,มิตรพันธ์,11,07:00-09:00,0,1,0
หมอมี,มิตรพันธ์,11,09:00-16:00,0,1,0
หมอมี,มิตรพันธ์,11,16:00-19:00,0,1,0
หมอมี,มิตรพันธ์,12,07:00-09:00,1,0,0
หมอมี,มิตรพันธ์,12,09:00-16:00,1,0,0
หมอมี,มิตรพันธ์,12,16:00-19:00,1,0,0
หมอมี,เจริญกรุง,7,07:00-09:00,1,0,1
หมอมี,เจริญกรุง,7,09:00-16:00,1,0,0
หมอมี,เจริญกรุง,7,09:00-17:00,0,0,1
หมอมี,เจริญกรุง,7,16:00-19:00,1,0,0
หมอมี,เจริญกรุง,7,17:00-19:00,0,0,1
หมอมี,เจริญกรุง,11,07:00-09:00,0,1,0
หมอมี,เจริญกรุง,11,09:00-16:00,0,1,0
หมอมี,เจริญกรุง,11,16:00-19:00,0,1,0
หมอมี,เจริญกรุง,12,07:00-09:00,1,0,1
หมอมี,เจริญกรุง,12,09:00-16:00,1,0,0
หมอมี,เจริญกรุง,12,09:00-17:00,0,0,1
หมอมี,เจริญกรุง,12,16:00-19:00,1,0,0
หมอมี,เจริญกรุง,12,17:00-19:00,0,0,1
หมอเหล็ง,จตุรทิศ,3,07:00-09:00,0,0,1
หมอเหล็ง,จตุรทิศ,3,09:00-17:00,0,0,1
หมอเหล็ง,จตุรทิศ,3,17:00-19:00,0,0,1
หมอเหล็ง,จตุรทิศ,5,07:00-09:00,0,0,2
หมอเหล็ง,จตุรทิศ,5,09:00-17:00,0,0,2
หมอเหล็ง,จตุรทิศ,5,17:00-19:00,0,0,2
หมอเหล็ง,จตุรทิศ,6,06:30-09:00,0,1,0
หมอเหล็ง,จตุรทิศ,6,07:00-09:00,1,0,0
หมอเหล็ง,จตุรทิศ,6,09:00-16:00,1,1,0
หมอเหล็ง,จตุรทิศ,6,16:00-19:00,1,0,0
หมอเหล็ง,จตุรทิศ,6,16:00-19:30,0,1,0
หมอเหล็ง,จตุรทิศ,8,07:00-09:00,0,1,0
หมอเหล็ง,จตุรทิศ,8,09:00-16:00,0,1,0
หมอเหล็ง,จตุรทิศ,8,16:00-19:00,0,1,0
หมอเหล็ง,จตุรทิศ,9,07:00-09:00,0,0,1
หมอเหล็ง,จตุรทิศ,9,09:00-17:00,0,0,1
หมอเหล็ง,จตุรทิศ,9,17:00-19:00,0,0,1
หมอเหล็ง,ราชปรารภ,3,07:00-09:00,0,0,1
หมอเหล็ง,ราชปรารภ,3,09:00-17:00,0,0,1
หมอเหล็ง,ราชปรารภ,3,17:00-19:00,0,0,1
หมอเหล็ง,ราชปรารภ,5,07:00-09:00,0,0,2
หมอเหล็ง,ราชปรารภ,5,09:00-17:00,0,0,2
หมอเหล็ง,ราชปรารภ,5,17:00-19:00,0,0,2
หมอเหล็ง,ราชปรารภ,6,06:30-09:00,0,1,0
หมอเหล็ง,ราชปรารภ,6,07:00-09:00,1,0,0
หมอเหล็ง,ราชปรารภ,6,09:00-16:00,1,1,0
หมอเหล็ง,ราชปรารภ,6,16:00-19:00,1,0,0
หมอเหล็ง,ราชปรารภ,6,16:00-19:30,0,1,0
หมอเหล็ง,ราชปรารภ,8,07:00-09:00,0,1,0
หมอเหล็ง,ราชปรารภ,8,09:00-16:00,0,1,0
หมอเหล็ง,ราชปรารภ,8,16:00-19:00,0,1,0
หมอเหล็ง,ราชปรารภ,9,07:00-09:00,0,0,1
หมอเหล็ง,ราชปรารภ,9,09:00-17:00,0,0,1
หมอเหล็ง,ราชปรารภ,9,17:00-19:00,0,0,1
หมอเหล็ง,ศรีอยุธยา,3,07:00-09:00,0,0,1
หมอเหล็ง,ศรีอยุธยา,3,09:00-17:00,0,0,1
หมอเหล็ง,ศรีอยุธยา,3,17:00-19:00,0,0,1
หมอเหล็ง,ศรีอยุธยา,5,07:00-09:00,0,0,2
หมอเหล็ง,ศรีอยุธยา,5,09:00-17:00,0,0,2
หมอเหล็ง,ศรีอยุธยา,5,17:00-19:00,0,0,2
หมอเหล็ง,ศรีอยุธยา,6,07:00-09:00,1,1,0
หมอเหล็ง,ศรีอยุธยา,6,09:00-16:00,1,1,0
หมอเหล็ง,ศรีอยุธยา,6,16:00-19:00,1,1,0
หมอเหล็ง,ศรีอยุธยา,8,07:00-09:00,0,1,0
หมอเหล็ง,ศรีอยุธยา,8,09:00-16:00,0,1,0
หมอเหล็ง,ศรีอยุธยา,8,16:00-19:00,0,1,0
หมอเหล็ง,ศรีอยุธยา,9,07:00-09:00,0,0,1
หมอเหล็ง,ศรีอยุธยา,9,09:00-17:00,0,0,1
หมอเหล็ง,ศรีอยุธยา,9,17:00-19:00,0,0,1
หมู่บ้านพฤกษา85,ทวีวัฒนา,2,07:00-09:00,0,0,1
หมู่บ้านพฤกษา85,ทวีวัฒนา,2,09:00-17:00,0,0,1
หมู่บ้านพฤกษา85,ทวีวัฒนา,2,17:00-19:00,0,0,1
หมู่บ้านร่มไทร,คลองลำเจียก,10,07:00-09:00,0,0,1
หมู่บ้านร่มไทร,คลองลำเจียก,10,09:00-17:00,0,0,1
หมู่บ้านร่มไทร,คลองลำเจียก,10,17:00-19:00,0,0,1
หมู่บ้านร่มไทร,คลองลำเจียก10,10,07:00-09:00,0,0,1
หมู่บ้านร่มไทร,คลองลำเจียก10,10,09:00-17:00,0,0,1
หมู่บ้านร่มไทร,คลองลำเจียก10,10,17:00-19:00,0,0,1
หมู่บ้านร่มไทร,คลองลำเจียก17,10,07:00-09:00,0,0,1
หมู่บ้านร่มไทร,คลองลำเจียก17,10,09:00-17:00,0,0,1
หมู่บ้านร่มไทร,คลองลำเจียก17,10,17:00-19:00,0,0,1
หมู่บ้านสหกรณ์,ทางเข้าหมู่บ้านสหกรณ์,5,07:00-09:00,0,1,0
หมู่บ้านสหกรณ์,ทางเข้าหมู่บ้านสหกรณ์,5,09:00-16:00,0,1,0
หมู่บ้านสหกรณ์,ทางเข้าหมู่บ้านสหกรณ์,5,16:00-19:00,0,1,0
หมู่บ้านสหกรณ์,ทางเข้าหมู่บ้านสหกรณ์,7,07:00-09:00,1,0,0
หมู่บ้านสหกรณ์,ทางเข้าหมู่บ้านสหกรณ์,7,09:00-16:00,1,0,0
หมู่บ้านสหกรณ์,ทางเข้าหมู่บ้านสหกรณ์,7,16:00-19:00,1,0,0
หมู่บ้านสหกรณ์,ทางเข้าหมู่บ้านสหกรณ์,11,07:00-09:00,0,0,1
หมู่บ้านสหกรณ์,ทางเข้าหมู่บ้านสหกรณ์,11,09:00-17:00,0,0,1
หมู่บ้านสหกรณ์,ทางเข้าหมู่บ้านสหกรณ์,11,17:00-19:00,0,0,1
หมู่บ้านสหกรณ์,หมู่บ้านสหกรณ์,1,07:00-09:00,0,0,1
หมู่บ้านสหกรณ์,หมู่บ้านสหกรณ์,1,09:00-17:00,0,0,1
หมู่บ้านสหกรณ์,หมู่บ้านสหกรณ์,1,17:00-19:00,0,0,1
หมู่บ้านสหกรณ์,เสรีไทย,1,07:00-09:00,0,0,1
หมู่บ้านสหกรณ์,เสรีไทย,1,09:00-17:00,0,0,1
หมู่บ้านสหกรณ์,เสรีไทย,1,17:00-19:00,0,0,1
หมู่บ้านสหกรณ์,เสรีไทย,5,07:00-09:00,0,1,0
หมู่บ้านสหกรณ์,เสรีไทย,5,09:00-16:00,0,1,0
หมู่บ้านสหกรณ์,เสรีไทย,5,16:00-19:00,0,1,0
หมู่บ้านสหกรณ์,เสรีไทย,7,07:00-09:00,1,0,0
หมู่บ้านสหกรณ์,เสรีไทย,7,09:00-16:00,1,0,0
หมู่บ้านสหกรณ์,เสรีไทย,7,16:00-19:00,1,0,0
หมู่บ้านสหกรณ์,เสรีไทย,11,07:00-09:00,0,0,1
หมู่บ้านสหกรณ์,เสรีไทย,11,09:00-17:00,0,0,1
หมู่บ้านสหกรณ์,เสรีไทย,11,17:00-19:00,0,0,1
หมู่บ้านอลิชา2,ซอยหมู่บ้านอลิชา2,3,07:00-09:00,0,1,0
หมู่บ้านอลิชา2,ซอยหมู่บ้านอลิชา2,3,09:00-16:00,0,1,0
หมู่บ้านอลิชา2,ซอยหมู่บ้านอลิชา2,3,16:00-19:00,0,1,0
หมู่บ้านเคหะธานี4,ราษฎร์พัฒนา,11,07:00-09:00,0,0,1
หมู่บ้านเคหะธานี4,ราษฎร์พัฒนา,11,09:00-16:00,0,0,1
หมู่บ้านเคหะธานี4,ราษฎร์พัฒนา,11,16:00-19:00,0,0,1
หมู่บ้านเคหะธานี4,ราษฎร์พัฒนา4,11,07:00-09:00,0,0,1
หมู่บ้านเคหะธานี4,ราษฎร์พัฒนา4,11,09:00-16:00,0,0,1
หมู่บ้านเคหะธานี4,ราษฎร์พัฒนา4,11,16:00-19:00,0,0,1
หมู่บ้านเคหะธานี4,ราษฎร์พัฒนา5,11,07:00-09:00,0,0,1
หมู่บ้านเคหะธานี4,ราษฎร์พัฒนา5,11,09:00-16:00,0,0,1
หมู่บ้านเคหะธานี4,ราษฎร์พัฒนา5,11,16:00-19:00,0,0,1
หมู่บ้านเศรษฐกิจ,ทางเขาหมู่บ้านเศรษฐกิจ,9,07:00-09:00,1,0,0
หมู่บ้านเศรษฐกิจ,ทางเขาหมู่บ้านเศรษฐกิจ,9,09:00-16:00,1,0,0
หมู่บ้านเศรษฐกิจ,ทางเขาหมู่บ้านเศรษฐกิจ,9,16:00-19:00,1,0,0
หมู่บ้านเศรษฐกิจ,ทางเข้าหมู่บ้านเศรษฐกิจ,2,07:00-09:00,0,1,0
หมู่บ้านเศรษฐกิจ,ทางเข้าหมู่บ้านเศรษฐกิจ,2,09:00-16:00,0,1,0
หมู่บ้านเศรษฐกิจ,ทางเข้าหมู่บ้านเศรษฐกิจ,2,16:00-19:00,0,1,0
หมู่บ้านเศรษฐกิจ,ทางเข้าหมู่บ้านเศรษฐกิจ,10,07:00-09:00,1,0,0
หมู่บ้านเศรษฐกิจ,ทางเข้าหมู่บ้านเศรษฐกิจ,10,09:00-16:00,1,0,0
หมู่บ้านเศรษฐกิจ,ทางเข้าหมู่บ้านเศรษฐกิจ,10,16:00-19:00,1,0,0
หมู่บ้านเศรษฐกิจ,หมู่บ้านเศรษฐกิจ,2,07:00-09:00,0,0,1
หมู่บ้านเศรษฐกิจ,หมู่บ้านเศรษฐกิจ,2,09:00-17:00,0,0,1
หมู่บ้านเศรษฐกิจ,หมู่บ้านเศรษฐกิจ,2,17:00-19:00,0,0,1
หมู่บ้านเศรษฐกิจ,หมู่บ้านเศรษฐกิจ,8,07:00-09:00,0,0,1
หมู่บ้านเศรษฐกิจ,หมู่บ้านเศรษฐกิจ,8,09:00-16:00,0,0,1
หมู่บ้านเศรษฐกิจ,หมู่บ้านเศรษฐกิจ,8,16:00-19:00,0,0,1
หมู่บ้านเศรษฐกิจ,หมู่บ้านเศรษฐกิจ,10,07:00-09:00,0,0,1
หมู่บ้านเศรษฐกิจ,หมู่บ้านเศรษฐกิจ,10,09:00-17:00,0,0,1
หมู่บ้านเศรษฐกิจ,หมู่บ้านเศรษฐกิจ,10,17:00-19:00,0,0,1
หมู่บ้านเศรษฐกิจ,เพชรเกษม,2,07:00-09:00,0,1,1
หมู่บ้านเศรษฐกิจ,เพชรเกษม,2,09:00-16:00,0,1,0
หมู่บ้านเศรษฐกิจ,เพชรเกษม,2,09:00-17:00,0,0,1
หมู่บ้านเศรษฐกิจ,เพชรเกษม,2,16:00-19:00,0,1,0
หมู่บ้านเศรษฐกิจ,เพชรเกษม,2,17:00-19:00,0,0,1
หมู่บ้านเศรษฐกิจ,เพชรเกษม,8,07:00-09:00,0,0,1
หมู่บ้านเศรษฐกิจ,เพชรเกษม,8,09:00-16:00,0,0,1
หมู่บ้านเศรษฐกิจ,เพชรเกษม,8,16:00-19:00,0,0,1
หมู่บ้านเศรษฐกิจ,เพชรเกษม,9,07:00-09:00,1,0,0
หมู่บ้านเศรษฐกิจ,เพชรเกษม,9,09:00-16:00,1,0,0
หมู่บ้านเศรษฐกิจ,เพชรเกษม,9,16:00-19:00,1,0,0
หมู่บ้านเศรษฐกิจ,เพชรเกษม,10,07:00-09:00,1,0,1
หมู่บ้านเศรษฐกิจ,เพชรเกษม,10,09:00-16:00,1,0,0
หมู่บ้านเศรษฐกิจ,เพชรเกษม,10,09:00-17:00,0,0,1
หมู่บ้านเศรษฐกิจ,เพชรเกษม,10,16:00-19:00,1,0,0
หมู่บ้านเศรษฐกิจ,เพชรเกษม,10,17:00-19:00,0,0,1
หมู่บ้านเสรี,อ่อนนุช,5,07:00-09:00,0,1,0
หมู่บ้านเสรี,อ่อนนุช,5,09:00-16:00,0,1,0
หมู่บ้านเสรี,อ่อนนุช,5,16:00-19:00,0,1,0
หมู่บ้านเสรี,"อ่อนนุช70,อ่อนนุช72",5,07:00-09:00,0,1,0
หมู่บ้านเสรี,"อ่อนนุช70,อ่อนนุช72",5,09:00-16:00,0,1,0
หมู่บ้านเสรี,"อ่อนนุช70,อ่อนนุช72",5,16:00-19:00,0,1,0
หลักสี่,กำแพงเพชร6,1,07:00-09:00,0,0,1
หลักสี่,กำแพงเพชร6,1,09:00-17:00,0,0,1
หลักสี่,กำแพงเพชร6,1,17:00-19:00,0,0,1
หลักสี่,กำแพงเพชร6,5,07:00-09:00,0,1,1
หลักสี่,กำแพงเพชร6,5,09:00-16:00,0,1,0
หลักสี่,กำแพงเพชร6,5,09:00-17:00,0,0,1
หลักสี่,กำแพงเพชร6,5,16:00-19:00,0,1,0
หลักสี่,กำแพงเพชร6,5,17:00-19:00,0,0,1
หลักสี่,กำแพงเพชร6,6,07:00-09:00,1,1,0
หลักสี่,กำแพงเพชร6,6,09:00-16:00,1,1,0
หลักสี่,กำแพงเพชร6,6,16:00-19:00,1,1,0
หลักสี่,กำแพงเพชร6,7,07:00-09:00,0,0,1
หลักสี่,กำแพงเพชร6,7,09:00-17:00,0,0,1
หลักสี่,กำแพงเพชร6,7,17:00-19:00,0,0,1
หลักสี่,กำแพงเพชร6,8,07:00-09:00,1,0,0
หลักสี่,กำแพงเพชร6,8,09:00-16:00,1,0,0
หลักสี่,กำแพงเพชร6,8,16:00-19:00,1,0,0
หลักสี่,กำแพงเพชร6,10,07:00-09:00,0,1,0
หลักสี่,กำแพงเพชร6,10,09:00-16:00,0,1,0
หลักสี่,กำแพงเพชร6,10,16:00-19:00,0,1,0
หลักสี่,แจ้งวัฒนะ,1,07:00-09:00,0,0,1
หลักสี่,แจ้งวัฒนะ,1,09:00-17:00,0,0,1
หลักสี่,แจ้งวัฒนะ,1,17:00-19:00,0,0,1
หลักสี่,แจ้งวัฒนะ,5,07:00-09:00,0,1,1
หลักสี่,แจ้งวัฒนะ,5,09:00-16:00,0,1,0
หลักสี่,แจ้งวัฒนะ,5,09:00-17:00,0,0,1
หลักสี่,แจ้งวัฒนะ,5,16:00-19:00,0,1,0
หลักสี่,แจ้งวัฒนะ,5,17:00-19:00,0,0,1
หลักสี่,แจ้งวัฒนะ,6,07:00-09:00,1,1,0
หลักสี่,แจ้งวัฒนะ,6,09:00-16:00,1,1,0
หลักสี่,แจ้งวัฒนะ,6,16:00-19:00,1,1,0
หลักสี่,แจ้งวัฒนะ,7,07:00-09:00,0,0,1
หลักสี่,แจ้งวัฒนะ,7,09:00-17:00,0,0,1
หลักสี่,แจ้งวัฒนะ,7,17:00-19:00,0,0,1
หลักสี่,แจ้งวัฒนะ,8,07:00-09:00,1,0,0
หลักสี่,แจ้งวัฒนะ,8,09:00-16:00,1,0,0
หลักสี่,แจ้งวัฒนะ,8,16:00-19:00,1,0,0
หลักสี่,แจ้งวัฒนะ,10,07:00-09:00,0,1,0
หลักสี่,แจ้งวัฒนะ,10,09:00-16:00,0,1,0
หลักสี่,แจ้งวัฒนะ,10,16:00-19:00,0,1,0
หลังสวน,สารสิน,3,07:00-09:00,0,0,1
หลังสวน,สารสิน,3,09:00-17:00,0,0,1
หลังสวน,สารสิน,3,17:00-19:00,0,0,1
หลังสวน,สารสิน,5,07:00-09:00,1,0,0
หลังสวน,สารสิน,5,09:00-16:00,1,0,0
หลังสวน,สารสิน,5,16:00-19:00,1,0,0
หลังสวน,สารสิน,8,07:00-09:00,0,0,2
หลังสวน,สารสิน,8,09:00-17:00,0,0,2
หลังสวน,สารสิน,8,17:00-19:00,0,0,2
หลังสวน,สารสิน,10,07:00-09:00,1,0,0
หลังสวน,สารสิน,10,09:00-16:00,1,0,0
หลังสวน,สารสิน,10,16:00-19:00,1,0,0
หลังสวน,สารสิน,12,07:00-09:00,0,1,0
หลังสวน,สารสิน,12,09:00-16:00,0,1,0
หลังสวน,สารสิน,12,16:00-19:00,0,1,0
หลังสวน,หลังสวน,3,07:00-09:00,0,0,1
หลังสวน,หลังสวน,3,09:00-17:00,0,0,1
หลังสวน,หลังสวน,3,17:00-19:00,0,0,1
หลังสวน,หลังสวน,5,07:00-09:00,1,0,0
หลังสวน,หลังสวน,5,09:00-16:00,1,0,0
หลังสวน,หลังสวน,5,16:00-19:00,1,0,0
หลังสวน,หลังสวน,8,07:00-09:00,0,0,2
หลังสวน,หลังสวน,8,09:00-17:00,0,0,2
หลังสวน,หลังสวน,8,17:00-19:00,0,0,2
หลังสวน,หลังสวน,10,07:00-09:00,1,0,0
หลังสวน,หลังสวน,10,09:00-16:00,1,0,0
หลังสวน,หลังสวน,10,16:00-19:00,1,0,0
หลังสวน,หลังสวน,12,07:00-09:00,0,1,0
หลังสวน,หลังสวน,12,09:00-16:00,0,1,0
หลังสวน,หลังสวน,12,16:00-19:00,0,1,0
หลานหลวง,จักรพรรดิพงษ์,3,07:00-09:00,0,0,1
หลานหลวง,จักรพรรดิพงษ์,3,09:00-16:00,0,0,1
หลานหลวง,จักรพรรดิพงษ์,3,16:00-19:00,0,0,1
หลานหลวง,จักรพรรดิพงษ์,7,06:30-09:00,1,0,0
หลานหลวง,จักรพรรดิพงษ์,7,09:00-16:00,1,0,0
หลานหลวง,จักรพรรดิพงษ์,7,16:00-19:30,1,0,0
หลานหลวง,จักรพรรดิพงษ์,12,07:00-09:00,0,1,0
หลานหลวง,จักรพรรดิพงษ์,12,09:00-16:00,0,1,0
หลานหลวง,จักรพรรดิพงษ์,12,16:00-19:00,0,1,0
หลานหลวง,หลานหลวง,3,07:00-09:00,0,0,1
หลานหลวง,หลานหลวง,3,09:00-16:00,0,0,1
หลานหลวง,หลานหลวง,3,16:00-19:00,0,0,1
หลานหลวง,หลานหลวง,7,06:30-09:00,1,0,0
หลานหลวง,หลานหลวง,7,09:00-16:00,1,0,0
หลานหลวง,หลานหลวง,7,16:00-19:30,1,0,0
หลานหลวง,หลานหลวง,12,07:00-09:00,0,1,0
หลานหลวง,หลานหลวง,12,09:00-16:00,0,1,0
หลานหลวง,หลานหลวง,12,16:00-19:00,0,1,0
หัวลำโพง,พระรามที่4,1,07:00-09:00,0,1,1
หัวลำโพง,พระรามที่4,1,09:00-16:00,0,1,0
หัวลำโพง,พระรามที่4,1,09:00-17:00,0,0,1
หัวลำโพง,พระรามที่4,1,16:00-19:00,0,1,0
หัวลำโพง,พระรามที่4,1,17:00-19:00,0,0,1
หัวลำโพง,พระรามที่4,3,07:00-09:00,1,0,0
หัวลำโพง,พระรามที่4,3,09:00-16:00,1,0,0
หัวลำโพง,พระรามที่4,3,16:00-19:00,1,0,0
หัวลำโพง,พระรามที่4,8,07:00-09:00,1,0,0
หัวลำโพง,พระรามที่4,8,09:00-16:00,1,0,0
หัวลำโพง,พระรามที่4,8,16:00-19:00,1,0,0
หัวลำโพง,พระรามที่4,11,07:00-09:00,0,0,1
หัวลำโพง,พระรามที่4,11,09:00-17:00,0,0,1
หัวลำโพง,พระรามที่4,11,17:00-19:00,0,0,1
หัวลำโพง,มหาพฤฒาราม,1,07:00-09:00,0,1,1
หัวลำโพง,มหาพฤฒาราม,1,09:00-16:00,0,1,0
หัวลำโพง,มหาพฤฒาราม,1,09:00-17:00,0,0,1
หัวลำโพง,มหาพฤฒาราม,1,16:00-19:00,0,1,0
หัวลำโพง,มหาพฤฒาราม,1,17:00-19:00,0,0,1
หัวลำโพง,มหาพฤฒาราม,3,07:00-09:00,1,0,0
หัวลำโพง,มหาพฤฒาราม,3,09:00-16:00,1,0,0
หัวลำโพง,มหาพฤฒาราม,3,16:00-19:00,1,0,0
หัวลำโพง,มหาพฤฒาราม,11,07:00-09:00,0,0,1
หัวลำโพง,มหาพฤฒาราม,11,09:00-17:00,0,0,1
หัวลำโพง,มหาพฤฒาราม,11,17:00-19:00,0,0,1
หัวลำโพง,มหาพอฒาราม,8,07:00-09:00,1,0,0
หัวลำโพง,มหาพอฒาราม,8,09:00-16:00,1,0,0
หัวลำโพง,มหาพอฒาราม,8,16:00-19:00,1,0,0
ห้วยขวาง,ประชาราษฎร์บำเพ็ญ,1,07:00-09:00,0,0,1
ห้วยขวาง,ประชาราษฎร์บำเพ็ญ,1,09:00-17:00,0,0,1
ห้วยขวาง,ประชาราษฎร์บำเพ็ญ,1,17:00-19:00,0,0,1
ห้วยขวาง,ประชาราษฎร์บำเพ็ญ,3,07:00-09:00,1,0,1
ห้วยขวาง,ประชาราษฎร์บำเพ็ญ,3,09:00-16:00,1,0,0
ห้วยขวาง,ประชาราษฎร์บำเพ็ญ,3,09:00-17:00,0,0,1
ห้วยขวาง,ประชาราษฎร์บำเพ็ญ,3,16:00-19:00,1,0,0
ห้วยขวาง,ประชาราษฎร์บำเพ็ญ,3,17:00-19:00,0,0,1
ห้วยขวาง,ประชาราษฎร์บำเพ็ญ,7,07:00-09:00,0,0,1
ห้วยขวาง,ประชาราษฎร์บำเพ็ญ,7,09:00-16:00,0,0,1
ห้วยขวาง,ประชาราษฎร์บำเพ็ญ,7,16:00-19:00,0,0,1
ห้วยขวาง,ประชาราษฎร์บำเพ็ญ,8,07:00-09:00,0,1,0
ห้วยขวาง,ประชาราษฎร์บำเพ็ญ,8,09:00-16:00,0,1,0
ห้วยขวาง,ประชาราษฎร์บำเพ็ญ,8,16:00-19:00,0,1,0
ห้วยขวาง,ประชาราษฎร์บำเพ็ญ,9,07:00-09:00,0,0,1
ห้วยขวาง,ประชาราษฎร์บำเพ็ญ,9,09:00-17:00,0,0,1
ห้วยขวาง,ประชาราษฎร์บำเพ็ญ,9,17:00-19:00,0,0,1
ห้วยขวาง,ประชาราษฎร์บำเพ็ญ,12,07:00-09:00,1,0,1
ห้วยขวาง,ประชาราษฎร์บำเพ็ญ,12,09:00-16:00,1,0,0
ห้วยขวาง,ประชาราษฎร์บำเพ็ญ,12,09:00-17:00,0,0,1
ห้วยขวาง,ประชาราษฎร์บำเพ็ญ,12,16:00-19:00,1,0,0
ห้วยขวาง,ประชาราษฎร์บำเพ็ญ,12,17:00-19:00,0,0,1
ห้วยขวาง,ประชาสงเคราะห์,1,07:00-09:00,0,0,1
ห้วยขวาง,ประชาสงเคราะห์,1,09:00-17:00,0,0,1
ห้วยขวาง,ประชาสงเคราะห์,1,17:00-19:00,0,0,1
ห้วยขวาง,ประชาสงเคราะห์,3,07:00-09:00,1,0,1
ห้วยขวาง,ประชาสงเคราะห์,3,09:00-16:00,1,0,0
ห้วยขวาง,ประชาสงเคราะห์,3,09:00-17:00,0,0,1
ห้วยขวาง,ประชาสงเคราะห์,3,16:00-19:00,1,0,0
ห้วยขวาง,ประชาสงเคราะห์,3,17:00-19:00,0,0,1
ห้วยขวาง,ประชาสงเคราะห์,7,07:00-09:00,0,0,1
ห้วยขวาง,ประชาสงเคราะห์,7,09:00-16:00,0,0,1
ห้วยขวาง,ประชาสงเคราะห์,7,16:00-19:00,0,0,1
ห้วยขวาง,ประชาสงเคราะห์,8,07:00-09:00,0,1,0
ห้วยขวาง,ประชาสงเคราะห์,8,09:00-16:00,0,1,0
ห้วยขวาง,ประชาสงเคราะห์,8,16:00-19:00,0,1,0
ห้วยขวาง,ประชาสงเคราะห์,9,07:00-09:00,0,0,1
ห้วยขวาง,ประชาสงเคราะห์,9,09:00-17:00,0,0,1
ห้วยขวาง,ประชาสงเคราะห์,9,17:00-19:00,0,0,1
ห้วยขวาง,ประชาสงเคราะห์,12,07:00-09:00,1,1,0
ห้วยขวาง,ประชาสงเคราะห์,12,09:00-16:00,1,1,0
ห้วยขวาง,ประชาสงเคราะห์,12,16:00-19:00,1,1,0
ห้วยขวาง,รัชดาภิเษก,1,07:00-09:00,0,0,1
ห้วยขวาง,รัชดาภิเษก,1,09:00-17:00,0,0,1
ห้วยขวาง,รัชดาภิเษก,1,17:00-19:00,0,0,1
ห้วยขวาง,รัชดาภิเษก,3,07:00-09:00,1,0,1
ห้วยขวาง,รัชดาภิเษก,3,09:00-16:00,1,0,0
ห้วยขวาง,รัชดาภิเษก,3,09:00-17:00,0,0,1
ห้วยขวาง,รัชดาภิเษก,3,16:00-19:00,1,0,0
ห้วยขวาง,รัชดาภิเษก,3,17:00-19:00,0,0,1
ห้วยขวาง,รัชดาภิเษก,7,07:00-09:00,0,0,1
ห้วยขวาง,รัชดาภิเษก,7,09:00-16:00,0,0,1
ห้วยขวาง,รัชดาภิเษก,7,16:00-19:00,0,0,1
ห้วยขวาง,รัชดาภิเษก,8,07:00-09:00,0,1,0
ห้วยขวาง,รัชดาภิเษก,8,09:00-16:00,0,1,0
ห้วยขวาง,รัชดาภิเษก,8,16:00-19:00,0,1,0
ห้วยขวาง,รัชดาภิเษก,9,07:00-09:00,0,0,1
ห้วยขวาง,รัชดาภิเษก,9,09:00-17:00,0,0,1
ห้วยขวาง,รัชดาภิเษก,9,17:00-19:00,0,0,1
ห้วยขวาง,รัชดาภิเษก,12,07:00-09:00,1,1,1
ห้วยขวาง,รัชดาภิเษก,12,09:00-16:00,1,1,0
ห้วยขวาง,รัชดาภิเษก,12,09:00-17:00,0,0,1
ห้วยขวาง,รัชดาภิเษก,12,16:00-19:00,1,1,0
ห้วยขวาง,รัชดาภิเษก,12,17:00-19:00,0,0,1
ห้าแยกพลับพลาไชย,พลับพลาไชย,11,07:00-09:00,0,1,0
ห้าแยกพลับพลาไชย,พลับพลาไชย,11,09:00-16:00,0,1,0
ห้าแยกพลับพลาไชย,พลับพลาไชย,11,16:00-19:00,0,1,0
ห้าแยกพลับพลาไชย,หลวง,11,07:00-09:00,0,1,0
ห้าแยกพลับพลาไชย,หลวง,11,09:00-16:00,0,1,0
ห้าแยกพลับพลาไชย,หลวง,11,16:00-19:00,0,1,0
ห้าแยกพลับพลาไชย,ไมตรีจิต,11,07:00-09:00,0,1,0
ห้าแยกพลับพลาไชย,ไมตรีจิต,11,09:00-16:00,0,1,0
ห้าแยกพลับพลาไชย,ไมตรีจิต,11,16:00-19:00,0,1,0
ห้าแยกลาดพร้าว,พหลโยธิน,8,07:00-09:00,1,0,0
ห้าแยกลาดพร้าว,พหลโยธิน,8,09:00-16:00,1,0,0
ห้าแยกลาดพร้าว,พหลโยธิน,8,16:00-19:00,1,0,0
ห้าแยกลาดพร้าว,พหลโยธิน,10,07:00-09:00,0,1,0
ห้าแยกลาดพร้าว,พหลโยธิน,10,09:00-16:00,0,1,0
ห้าแยกลาดพร้าว,พหลโยธิน,10,16:00-19:00,0,1,0
ห้าแยกลาดพร้าว,วิภาวดีรังสิต,8,07:00-09:00,1,0,0
ห้าแยกลาดพร้าว,วิภาวดีรังสิต,8,09:00-16:00,1,0,0
ห้าแยกลาดพร้าว,วิภาวดีรังสิต,8,16:00-19:00,1,0,0
ห้าแยกลาดพร้าว,วิภาวดีรังสิต,10,07:00-09:00,0,1,0
ห้าแยกลาดพร้าว,วิภาวดีรังสิต,10,09:00-16:00,0,1,0
ห้าแยกลาดพร้าว,วิภาวดีรังสิต,10,16:00-19:00,0,1,0
ห้าแยกวชัรพล,รัตนโกสนิทร์,8,07:00-09:00,0,1,0
ห้าแยกวชัรพล,รัตนโกสนิทร์,8,09:00-16:00,0,1,0
ห้าแยกวชัรพล,รัตนโกสนิทร์,8,16:00-19:00,0,1,0
ห้าแยกวชัรพล,รัตนโกสินทร์,9,07:00-09:00,0,1,0
ห้าแยกวชัรพล,รัตนโกสินทร์,9,09:00-16:00,0,1,0
ห้าแยกวชัรพล,รัตนโกสินทร์,9,16:00-19:00,0,1,0
ห้าแยกวชัรพล,ร่วมมิตรพัฒนา,8,07:00-09:00,0,1,0
ห้าแยกวชัรพล,ร่วมมิตรพัฒนา,8,09:00-16:00,0,1,0
ห้าแยกวชัรพล,ร่วมมิตรพัฒนา,8,16:00-19:00,0,1,0
ห้าแยกวชัรพล,ร่วมมิตรพัฒนา,9,07:00-09:00,0,1,0
ห้าแยกวชัรพล,ร่วมมิตรพัฒนา,9,09:00-16:00,0,1,0
ห้าแยกวชัรพล,ร่วมมิตรพัฒนา,9,16:00-19:00,0,1,0
ห้าแยกวชัรพล,วชัรพล,8,07:00-09:00,0,1,0
ห้าแยกวชัรพล,วชัรพล,8,09:00-16:00,0,1,0
ห้าแยกวชัรพล,วชัรพล,8,16:00-19:00,0,1,0
ห้าแยกวชัรพล,วชัรพล,9,07:00-09:00,0,1,0
ห้าแยกวชัรพล,วชัรพล,9,09:00-16:00,0,1,0
ห้าแยกวชัรพล,วชัรพล,9,16:00-19:00,0,1,0
ห้าแยกวชัรพล,สุขาภิบาล5,8,07:00-09:00,0,1,0
ห้าแยกวชัรพล,สุขาภิบาล5,8,09:00-16:00,0,1,0
ห้าแยกวชัรพล,สุขาภิบาล5,8,16:00-19:00,0,1,0
ห้าแยกวชัรพล,สุขาภิบาล5,9,07:00-09:00,0,1,0
ห้าแยกวชัรพล,สุขาภิบาล5,9,09:00-16:00,0,1,0
ห้าแยกวชัรพล,สุขาภิบาล5,9,16:00-19:00,0,1,0
ห้าแยกวัชรพล,รัตนโกสินทร์,6,07:00-09:00,0,0,1
ห้าแยกวัชรพล,รัตนโกสินทร์,6,09:00-16:00,0,0,1
ห้าแยกวัชรพล,รัตนโกสินทร์,6,16:00-19:00,0,0,1
ห้าแยกวัชรพล,รัตนโกสินทร์,7,07:00-09:00,0,0,1
ห้าแยกวัชรพล,รัตนโกสินทร์,7,09:00-16:00,0,0,1
ห้าแยกวัชรพล,รัตนโกสินทร์,7,16:00-19:00,0,0,1
ห้าแยกวัชรพล,ร่วมมิตรพัฒนา,6,07:00-09:00,0,0,1
ห้าแยกวัชรพล,ร่วมมิตรพัฒนา,6,09:00-16:00,0,0,1
ห้าแยกวัชรพล,ร่วมมิตรพัฒนา,6,16:00-19:00,0,0,1
ห้าแยกวัชรพล,ร่วมมิตรพัฒนา,7,07:00-09:00,0,0,1
ห้าแยกวัชรพล,ร่วมมิตรพัฒนา,7,09:00-16:00,0,0,1
ห้าแยกวัชรพล,ร่วมมิตรพัฒนา,7,16:00-19:00,0,0,1
ห้าแยกวัชรพล,วัชรพล,6,07:00-09:00,0,0,1
ห้าแยกวัชรพล,วัชรพล,6,09:00-16:00,0,0,1
ห้าแยกวัชรพล,วัชรพล,6,16:00-19:00,0,0,1
ห้าแยกวัชรพล,วัชรพล,7,07:00-09:00,0,0,1
ห้าแยกวัชรพล,วัชรพล,7,09:00-16:00,0,0,1
ห้าแยกวัชรพล,วัชรพล,7,16:00-19:00,0,0,1
ห้าแยกวัชรพล,สุขาภิบาล5,6,07:00-09:00,0,0,1
ห้าแยกวัชรพล,สุขาภิบาล5,6,09:00-16:00,0,0,1
ห้าแยกวัชรพล,สุขาภิบาล5,6,16:00-19:00,0,0,1
ห้าแยกวัชรพล,สุขาภิบาล5,7,07:00-09:00,0,0,1
ห้าแยกวัชรพล,สุขาภิบาล5,7,09:00-16:00,0,0,1
ห้าแยกวัชรพล,สุขาภิบาล5,7,16:00-19:00,0,0,1
อ.ส.ม.ท.,ทางเข้าอ.ส.ม.ท.,4,07:00-09:00,0,0,1
อ.ส.ม.ท.,ทางเข้าอ.ส.ม.ท.,4,09:00-17:00,0,0,1
อ.ส.ม.ท.,ทางเข้าอ.ส.ม.ท.,4,17:00-19:00,0,0,1
อ.ส.ม.ท.,ทางเข้าอ.ส.ม.ท.,6,07:00-09:00,0,1,0
อ.ส.ม.ท.,ทางเข้าอ.ส.ม.ท.,6,09:00-16:00,0,1,0
อ.ส.ม.ท.,ทางเข้าอ.ส.ม.ท.,6,16:00-19:00,0,1,0
อ.ส.ม.ท.,ทางเข้าอ.ส.ม.ท.,10,07:00-09:00,0,0,1
อ.ส.ม.ท.,ทางเข้าอ.ส.ม.ท.,10,09:00-17:00,0,0,1
อ.ส.ม.ท.,ทางเข้าอ.ส.ม.ท.,10,17:00-19:00,0,0,1
อ.ส.ม.ท.,พระราม9,4,07:00-09:00,0,0,1
อ.ส.ม.ท.,พระราม9,4,09:00-17:00,0,0,1
อ.ส.ม.ท.,พระราม9,4,17:00-19:00,0,0,1
อ.ส.ม.ท.,พระราม9,6,07:00-09:00,0,1,0
อ.ส.ม.ท.,พระราม9,6,09:00-16:00,0,1,0
อ.ส.ม.ท.,พระราม9,6,16:00-19:00,0,1,0
อ.ส.ม.ท.,พระราม9,10,07:00-09:00,1,0,1
อ.ส.ม.ท.,พระราม9,10,09:00-16:00,1,0,0
อ.ส.ม.ท.,พระราม9,10,09:00-17:00,0,0,1
อ.ส.ม.ท.,พระราม9,10,16:00-19:00,1,0,0
อ.ส.ม.ท.,พระราม9,10,17:00-19:00,0,0,1
อ.ส.ม.ท.,พระราม9,12,07:00-09:00,1,0,0
อ.ส.ม.ท.,พระราม9,12,09:00-16:00,1,0,0
อ.ส.ม.ท.,พระราม9,12,16:00-19:00,1,0,0
อ.ส.ม.ท.,พระราม9ซอย7,10,07:00-09:00,1,0,0
อ.ส.ม.ท.,พระราม9ซอย7,10,09:00-16:00,1,0,0
อ.ส.ม.ท.,พระราม9ซอย7,10,16:00-19:00,1,0,0
อ.ส.ม.ท.,พระราม9ซอย7,12,07:00-09:00,1,0,0
อ.ส.ม.ท.,พระราม9ซอย7,12,09:00-16:00,1,0,0
อ.ส.ม.ท.,พระราม9ซอย7,12,16:00-19:00,1,0,0
อ.ส.ม.ท.,เพชรอุทัย,4,07:00-09:00,0,0,1
อ.ส.ม.ท.,เพชรอุทัย,4,09:00-17:00,0,0,1
อ.ส.ม.ท.,เพชรอุทัย,4,17:00-19:00,0,0,1
อ.ส.ม.ท.,เพชรอุทัย,6,07:00-09:00,0,1,0
อ.ส.ม.ท.,เพชรอุทัย,6,09:00-16:00,0,1,0
อ.ส.ม.ท.,เพชรอุทัย,6,16:00-19:00,0,1,0
อ.ส.ม.ท.,เพชรอุทัย,10,07:00-09:00,1,0,1
อ.ส.ม.ท.,เพชรอุทัย,10,09:00-16:00,1,0,0
อ.ส.ม.ท.,เพชรอุทัย,10,09:00-17:00,0,0,1
อ.ส.ม.ท.,เพชรอุทัย,10,16:00-19:00,1,0,0
อ.ส.ม.ท.,เพชรอุทัย,10,17:00-19:00,0,0,1
อ.ส.ม.ท.,เพชรอุทัย,12,07:00-09:00,1,0,0
อ.ส.ม.ท.,เพชรอุทัย,12,09:00-16:00,1,0,0
อ.ส.ม.ท.,เพชรอุทัย,12,16:00-19:00,1,0,0
อนามัย,บำรุงเมือง,10,07:00-09:00,1,0,0
อนามัย,บำรุงเมือง,10,09:00-16:00,1,0,0
อนามัย,บำรุงเมือง,10,16:00-19:00,1,0,0
อนามัย,บำรุงเมือง,12,07:00-09:00,0,0,1
อนามัย,บำรุงเมือง,12,09:00-17:00,0,0,1
อนามัย,บำรุงเมือง,12,17:00-19:00,0,0,1
อนามัย,บํารุงเมือง,12,07:00-09:00,0,1,0
อนามัย,บํารุงเมือง,12,09:00-16:00,0,1,0
อนามัย,บํารุงเมือง,12,16:00-19:00,0,1,0
อนามัย,พลับพลาไชย,10,07:00-09:00,1,0,0
อนามัย,พลับพลาไชย,10,09:00-16:00,1,0,0
อนามัย,พลับพลาไชย,10,16:00-19:00,1,0,0
อนามัย,พลับพลาไชย,12,07:00-09:00,0,1,1
อนามัย,พลับพลาไชย,12,09:00-16:00,0,1,0
อนามัย,พลับพลาไชย,12,09:00-17:00,0,0,1
อนามัย,พลับพลาไชย,12,16:00-19:00,0,1,0
อนามัย,พลับพลาไชย,12,17:00-19:00,0,0,1
อนามัยงามเจริญ,หมู่บ้านสินทวี,1,07:00-09:00,0,1,0
อนามัยงามเจริญ,หมู่บ้านสินทวี,1,09:00-16:00,0,1,0
อนามัยงามเจริญ,หมู่บ้านสินทวี,1,16:00-19:00,0,1,0
อนามัยงามเจริญ,อนามัยงามเจริญ,1,07:00-09:00,0,1,0
อนามัยงามเจริญ,อนามัยงามเจริญ,1,09:00-16:00,0,1,0
อนามัยงามเจริญ,อนามัยงามเจริญ,1,16:00-19:00,0,1,0
อนามัยงามเจริญ,เทียนทะเล7,1,07:00-09:00,0,1,0
อนามัยงามเจริญ,เทียนทะเล7,1,09:00-16:00,0,1,0
อนามัยงามเจริญ,เทียนทะเล7,1,16:00-19:00,0,1,0
อนุสาวรีย์ชัยสมรภูมิ,พญาไท,6,07:00-09:00,0,0,1
อนุสาวรีย์ชัยสมรภูมิ,พญาไท,6,09:00-17:00,0,0,1
อนุสาวรีย์ชัยสมรภูมิ,พญาไท,6,17:00-19:00,0,0,1
อนุสาวรีย์ชัยสมรภูมิ,พหลโยธิน,6,07:00-09:00,0,0,1
อนุสาวรีย์ชัยสมรภูมิ,พหลโยธิน,6,09:00-17:00,0,0,1
อนุสาวรีย์ชัยสมรภูมิ,พหลโยธิน,6,17:00-19:00,0,0,1
อนุสาวรีย์ชัยสมรภูมิ,ราชวิถี,6,07:00-09:00,0,0,1
อนุสาวรีย์ชัยสมรภูมิ,ราชวิถี,6,09:00-17:00,0,0,1
อนุสาวรีย์ชัยสมรภูมิ,ราชวิถี,6,17:00-19:00,0,0,1
อนุสาวรีย์ชัยสมรภูมิ(ขาออก),พญาไท,1,07:00-09:00,1,0,0
อนุสาวรีย์ชัยสมรภูมิ(ขาออก),พญาไท,1,09:00-16:00,1,0,0
อนุสาวรีย์ชัยสมรภูมิ(ขาออก),พญาไท,1,16:00-19:00,1,0,0
อนุสาวรีย์ชัยสมรภูมิ(ขาออก),พญาไท,7,07:00-09:00,0,1,0
อนุสาวรีย์ชัยสมรภูมิ(ขาออก),พญาไท,7,09:00-16:00,0,1,0
อนุสาวรีย์ชัยสมรภูมิ(ขาออก),พญาไท,7,16:00-19:00,0,1,0
อนุสาวรีย์ชัยสมรภูมิ(ขาออก),พญาไท,11,07:00-09:00,0,1,0
อนุสาวรีย์ชัยสมรภูมิ(ขาออก),พญาไท,11,09:00-16:00,0,1,0
อนุสาวรีย์ชัยสมรภูมิ(ขาออก),พญาไท,11,16:00-19:00,0,1,0
อนุสาวรีย์ชัยสมรภูมิ(ขาออก),พหลโยธิน,1,07:00-09:00,1,0,0
อนุสาวรีย์ชัยสมรภูมิ(ขาออก),พหลโยธิน,1,09:00-16:00,1,0,0
อนุสาวรีย์ชัยสมรภูมิ(ขาออก),พหลโยธิน,1,16:00-19:00,1,0,0
อนุสาวรีย์ชัยสมรภูมิ(ขาออก),พหลโยธิน,7,07:00-09:00,0,1,0
อนุสาวรีย์ชัยสมรภูมิ(ขาออก),พหลโยธิน,7,09:00-16:00,0,1,0
อนุสาวรีย์ชัยสมรภูมิ(ขาออก),พหลโยธิน,7,16:00-19:00,0,1,0
อนุสาวรีย์ชัยสมรภูมิ(ขาออก),พหลโยธิน,11,07:00-09:00,0,1,0
อนุสาวรีย์ชัยสมรภูมิ(ขาออก),พหลโยธิน,11,09:00-16:00,0,1,0
อนุสาวรีย์ชัยสมรภูมิ(ขาออก),พหลโยธิน,11,16:00-19:00,0,1,0
อนุสาวรีย์ชัยสมรภูมิ(ขาออก),ราชวิถี,1,07:00-09:00,1,0,0
อนุสาวรีย์ชัยสมรภูมิ(ขาออก),ราชวิถี,1,09:00-16:00,1,0,0
อนุสาวรีย์ชัยสมรภูมิ(ขาออก),ราชวิถี,1,16:00-19:00,1,0,0
อนุสาวรีย์ชัยสมรภูมิ(ขาออก),ราชวิถี,7,07:00-09:00,0,1,0
อนุสาวรีย์ชัยสมรภูมิ(ขาออก),ราชวิถี,7,09:00-16:00,0,1,0
อนุสาวรีย์ชัยสมรภูมิ(ขาออก),ราชวิถี,11,07:00-09:00,0,1,0
อนุสาวรีย์ชัยสมรภูมิ(ขาออก),ราชวิถี,11,09:00-16:00,0,1,0
อนุสาวรีย์ชัยสมรภูมิ(ขาออก),ราชวิถี,11,16:00-19:00,0,1,0
อนุสาวรีย์ชัยสมรภูมิ(ขาเข้า),พญาไท,1,07:00-09:00,1,0,0
อนุสาวรีย์ชัยสมรภูมิ(ขาเข้า),พญาไท,1,09:00-16:00,1,0,0
อนุสาวรีย์ชัยสมรภูมิ(ขาเข้า),พญาไท,1,16:00-19:00,1,0,0
อนุสาวรีย์ชัยสมรภูมิ(ขาเข้า),พญาไท,7,07:00-09:00,0,1,0
อนุสาวรีย์ชัยสมรภูมิ(ขาเข้า),พญาไท,7,09:00-16:00,0,1,0
อนุสาวรีย์ชัยสมรภูมิ(ขาเข้า),พญาไท,7,16:00-19:00,0,1,0
อนุสาวรีย์ชัยสมรภูมิ(ขาเข้า),พญาไท,11,07:00-09:00,0,1,0
อนุสาวรีย์ชัยสมรภูมิ(ขาเข้า),พญาไท,11,09:00-16:00,0,1,0
อนุสาวรีย์ชัยสมรภูมิ(ขาเข้า),พญาไท,11,16:00-19:00,0,1,0
อนุสาวรีย์ชัยสมรภูมิ(ขาเข้า),พหลโยธิน,1,07:00-09:00,1,0,0
อนุสาวรีย์ชัยสมรภูมิ(ขาเข้า),พหลโยธิน,1,09:00-16:00,1,0,0
อนุสาวรีย์ชัยสมรภูมิ(ขาเข้า),พหลโยธิน,1,16:00-19:00,1,0,0
อนุสาวรีย์ชัยสมรภูมิ(ขาเข้า),พหลโยธิน,7,07:00-09:00,0,1,0
อนุสาวรีย์ชัยสมรภูมิ(ขาเข้า),พหลโยธิน,7,09:00-16:00,0,1,0
อนุสาวรีย์ชัยสมรภูมิ(ขาเข้า),พหลโยธิน,7,16:00-19:00,0,1,0
อนุสาวรีย์ชัยสมรภูมิ(ขาเข้า),พหลโยธิน,11,07:00-09:00,0,1,0
อนุสาวรีย์ชัยสมรภูมิ(ขาเข้า),พหลโยธิน,11,09:00-16:00,0,1,0
อนุสาวรีย์ชัยสมรภูมิ(ขาเข้า),พหลโยธิน,11,16:00-19:00,0,1,0
อนุสาวรีย์ชัยสมรภูมิ(ขาเข้า),ราชวิถี,1,07:00-09:00,1,0,0
อนุสาวรีย์ชัยสมรภูมิ(ขาเข้า),ราชวิถี,1,09:00-16:00,1,0,0
อนุสาวรีย์ชัยสมรภูมิ(ขาเข้า),ราชวิถี,1,16:00-19:00,1,0,0
อนุสาวรีย์ชัยสมรภูมิ(ขาเข้า),ราชวิถี,7,07:00-09:00,0,1,0
อนุสาวรีย์ชัยสมรภูมิ(ขาเข้า),ราชวิถี,7,09:00-16:00,0,1,0
อนุสาวรีย์ชัยสมรภูมิ(ขาเข้า),ราชวิถี,11,07:00-09:00,0,1,0
อนุสาวรีย์ชัยสมรภูมิ(ขาเข้า),ราชวิถี,11,09:00-16:00,0,1,0
อนุสาวรีย์ชัยสมรภูมิ(ขาเข้า),ราชวิถี,11,16:00-19:00,0,1,0
อนุสาวรีย์ประชาธิปไตย,ดินสอ,5,07:00-09:00,0,0,1
อนุสาวรีย์ประชาธิปไตย,ดินสอ,5,09:00-17:00,0,0,1
อนุสาวรีย์ประชาธิปไตย,ดินสอ,5,17:00-19:00,0,0,1
อนุสาวรีย์ประชาธิปไตย,ดินสอ,8,07:00-09:00,1,0,0
อนุสาวรีย์ประชาธิปไตย,ดินสอ,8,09:00-16:00,1,0,0
อนุสาวรีย์ประชาธิปไตย,ดินสอ,8,16:00-19:00,1,0,0
อนุสาวรีย์ประชาธิปไตย,ดินสอ,10,06:30-09:00,1,0,0
อนุสาวรีย์ประชาธิปไตย,ดินสอ,10,09:00-16:00,1,0,0
อนุสาวรีย์ประชาธิปไตย,ดินสอ,10,16:00-19:30,1,0,0
อนุสาวรีย์ประชาธิปไตย,ราชดำนินกลาง,10,06:30-09:00,1,0,0
อนุสาวรีย์ประชาธิปไตย,ราชดำนินกลาง,10,09:00-16:00,1,0,0
อนุสาวรีย์ประชาธิปไตย,ราชดำนินกลาง,10,16:00-19:30,1,0,0
อนุสาวรีย์ประชาธิปไตย,ราชดำเนิน,2,07:00-09:00,1,0,0
อนุสาวรีย์ประชาธิปไตย,ราชดำเนิน,2,09:00-16:00,1,0,0
อนุสาวรีย์ประชาธิปไตย,ราชดำเนิน,2,16:00-19:00,1,0,0
อนุสาวรีย์ประชาธิปไตย,ราชดำเนิน,5,07:00-09:00,0,0,1
อนุสาวรีย์ประชาธิปไตย,ราชดำเนิน,5,09:00-17:00,0,0,1
อนุสาวรีย์ประชาธิปไตย,ราชดำเนิน,5,17:00-19:00,0,0,1
อนุสาวรีย์ประชาธิปไตย,ราชดำเนิน,11,07:00-09:00,1,0,0
อนุสาวรีย์ประชาธิปไตย,ราชดำเนิน,11,09:00-16:00,1,0,0
อนุสาวรีย์ประชาธิปไตย,ราชดำเนิน,11,16:00-19:00,1,0,0
อนุสาวรีย์ประชาธิปไตย,ราชดำเนินกลาง,8,07:00-09:00,1,0,0
อนุสาวรีย์ประชาธิปไตย,ราชดำเนินกลาง,8,09:00-16:00,1,0,0
อนุสาวรีย์ประชาธิปไตย,ราชดำเนินกลาง,8,16:00-19:00,1,0,0
อนุสาวรีย์ประชาธิปไตย(ขาออก),ดินสอ,2,07:00-09:00,0,1,0
อนุสาวรีย์ประชาธิปไตย(ขาออก),ดินสอ,2,09:00-16:00,0,1,0
อนุสาวรีย์ประชาธิปไตย(ขาออก),ดินสอ,2,16:00-19:00,0,1,0
อนุสาวรีย์ประชาธิปไตย(ขาออก),ดินสอ,11,07:00-09:00,0,1,0
อนุสาวรีย์ประชาธิปไตย(ขาออก),ดินสอ,11,09:00-16:00,0,1,0
อนุสาวรีย์ประชาธิปไตย(ขาออก),ดินสอ,11,16:00-19:00,0,1,0
อนุสาวรีย์ประชาธิปไตย(ขาออก),ดินสอ,12,07:00-09:00,0,0,1
อนุสาวรีย์ประชาธิปไตย(ขาออก),ดินสอ,12,09:00-17:00,0,0,1
อนุสาวรีย์ประชาธิปไตย(ขาออก),ดินสอ,12,17:00-19:00,0,0,1
อนุสาวรีย์ประชาธิปไตย(ขาออก),ราชดำเนิน,11,07:00-09:00,0,1,0
อนุสาวรีย์ประชาธิปไตย(ขาออก),ราชดำเนิน,11,09:00-16:00,0,1,0
อนุสาวรีย์ประชาธิปไตย(ขาออก),ราชดำเนิน,11,16:00-19:00,0,1,0
อนุสาวรีย์ประชาธิปไตย(ขาออก),ราชดำเนิน,12,07:00-09:00,0,0,1
อนุสาวรีย์ประชาธิปไตย(ขาออก),ราชดำเนิน,12,09:00-17:00,0,0,1
อนุสาวรีย์ประชาธิปไตย(ขาออก),ราชดำเนิน,12,17:00-19:00,0,0,1
อนุสาวรีย์ประชาธิปไตย(ขาออก),ราชดำเนินกลาง,2,07:00-09:00,0,1,0
อนุสาวรีย์ประชาธิปไตย(ขาออก),ราชดำเนินกลาง,2,09:00-16:00,0,1,0
อนุสาวรีย์ประชาธิปไตย(ขาออก),ราชดำเนินกลาง,2,16:00-19:00,0,1,0
อนุสาวรีย์ประชาธิปไตย(ขาออกแยก),ดินสอ,1,06:30-09:00,0,1,0
อนุสาวรีย์ประชาธิปไตย(ขาออกแยก),ดินสอ,1,09:00-16:00,0,1,0
อนุสาวรีย์ประชาธิปไตย(ขาออกแยก),ดินสอ,1,16:00-19:30,0,1,0
อนุสาวรีย์ประชาธิปไตย(ขาออกแยก),ราชดำเนินกลาง,1,06:30-09:00,0,1,0
อนุสาวรีย์ประชาธิปไตย(ขาออกแยก),ราชดำเนินกลาง,1,09:00-16:00,0,1,0
อนุสาวรีย์ประชาธิปไตย(ขาออกแยก),ราชดำเนินกลาง,1,16:00-19:30,0,1,0
อนุสาวรีย์ประชาธิปไตย(ขาเข้า),ดินสอ,2,07:00-09:00,0,1,0
อนุสาวรีย์ประชาธิปไตย(ขาเข้า),ดินสอ,2,09:00-16:00,0,1,0
อนุสาวรีย์ประชาธิปไตย(ขาเข้า),ดินสอ,2,16:00-19:00,0,1,0
อนุสาวรีย์ประชาธิปไตย(ขาเข้า),ดินสอ,11,07:00-09:00,0,1,0
อนุสาวรีย์ประชาธิปไตย(ขาเข้า),ดินสอ,11,09:00-16:00,0,1,0
อนุสาวรีย์ประชาธิปไตย(ขาเข้า),ดินสอ,11,16:00-19:00,0,1,0
อนุสาวรีย์ประชาธิปไตย(ขาเข้า),ดินสอ,12,07:00-09:00,0,0,1
อนุสาวรีย์ประชาธิปไตย(ขาเข้า),ดินสอ,12,09:00-17:00,0,0,1
อนุสาวรีย์ประชาธิปไตย(ขาเข้า),ดินสอ,12,17:00-19:00,0,0,1
อนุสาวรีย์ประชาธิปไตย(ขาเข้า),ราชดำเนิน,11,07:00-09:00,0,1,0
อนุสาวรีย์ประชาธิปไตย(ขาเข้า),ราชดำเนิน,11,09:00-16:00,0,1,0
อนุสาวรีย์ประชาธิปไตย(ขาเข้า),ราชดำเนิน,11,16:00-19:00,0,1,0
อนุสาวรีย์ประชาธิปไตย(ขาเข้า),ราชดำเนิน,12,07:00-09:00,0,0,1
อนุสาวรีย์ประชาธิปไตย(ขาเข้า),ราชดำเนิน,12,09:00-17:00,0,0,1
อนุสาวรีย์ประชาธิปไตย(ขาเข้า),ราชดำเนิน,12,17:00-19:00,0,0,1
อนุสาวรีย์ประชาธิปไตย(ขาเข้า),ราชดำเนินกลาง,2,07:00-09:00,0,1,0
อนุสาวรีย์ประชาธิปไตย(ขาเข้า),ราชดำเนินกลาง,2,09:00-16:00,0,1,0
อนุสาวรีย์ประชาธิปไตย(ขาเข้า),ราชดำเนินกลาง,2,16:00-19:00,0,1,0
อนุสาวรีย์ประชาธิปไตย(ขาเข้าแยก),ดินสอ,1,06:30-09:00,0,1,0
อนุสาวรีย์ประชาธิปไตย(ขาเข้าแยก),ดินสอ,1,09:00-16:00,0,1,0
อนุสาวรีย์ประชาธิปไตย(ขาเข้าแยก),ดินสอ,1,16:00-19:30,0,1,0
อนุสาวรีย์ประชาธิปไตย(ขาเข้าแยก),ราชดำเนินกลาง,1,06:30-09:00,0,1,0
อนุสาวรีย์ประชาธิปไตย(ขาเข้าแยก),ราชดำเนินกลาง,1,09:00-16:00,0,1,0
อนุสาวรีย์ประชาธิปไตย(ขาเข้าแยก),ราชดำเนินกลาง,1,16:00-19:30,0,1,0
อนุสาวสรีย์ประชาธิปไตย(ขาออก),ดินสอ,7,07:00-09:00,1,0,0
อนุสาวสรีย์ประชาธิปไตย(ขาออก),ดินสอ,7,09:00-16:00,1,0,0
อนุสาวสรีย์ประชาธิปไตย(ขาออก),ดินสอ,7,16:00-19:00,1,0,0
อนุสาวสรีย์ประชาธิปไตย(ขาออก),ราชดำเนินกลาง,7,07:00-09:00,1,0,0
อนุสาวสรีย์ประชาธิปไตย(ขาออก),ราชดำเนินกลาง,7,09:00-16:00,1,0,0
อนุสาวสรีย์ประชาธิปไตย(ขาออก),ราชดำเนินกลาง,7,16:00-19:00,1,0,0
อนุสาวสรีย์ประชาธิปไตย(ขาเข้า),ดินสอ,7,07:00-09:00,1,0,0
อนุสาวสรีย์ประชาธิปไตย(ขาเข้า),ดินสอ,7,09:00-16:00,1,0,0
อนุสาวสรีย์ประชาธิปไตย(ขาเข้า),ดินสอ,7,16:00-19:00,1,0,0
อนุสาวสรีย์ประชาธิปไตย(ขาเข้า),ราชดำเนินกลาง,7,07:00-09:00,1,0,0
อนุสาวสรีย์ประชาธิปไตย(ขาเข้า),ราชดำเนินกลาง,7,09:00-16:00,1,0,0
อนุสาวสรีย์ประชาธิปไตย(ขาเข้า),ราชดำเนินกลาง,7,16:00-19:00,1,0,0
อรุณอมรินทร์,สมเด็จพระปิ่นเกล้า,2,07:00-09:00,0,0,1
อรุณอมรินทร์,สมเด็จพระปิ่นเกล้า,2,09:00-17:00,0,0,1
อรุณอมรินทร์,สมเด็จพระปิ่นเกล้า,2,17:00-19:00,0,0,1
อรุณอมรินทร์,สมเด็จพระปิ่นเกล้า,9,07:00-09:00,0,1,0
อรุณอมรินทร์,สมเด็จพระปิ่นเกล้า,9,09:00-16:00,0,1,0
อรุณอมรินทร์,สมเด็จพระปิ่นเกล้า,9,16:00-19:00,0,1,0
อรุณอมรินทร์,อรุณอมรินทร์,2,07:00-09:00,0,0,1
อรุณอมรินทร์,อรุณอมรินทร์,2,09:00-17:00,0,0,1
อรุณอมรินทร์,อรุณอมรินทร์,2,17:00-19:00,0,0,1
อรุณอมรินทร์,อรุณอมรินทร์,9,07:00-09:00,0,1,0
อรุณอมรินทร์,อรุณอมรินทร์,9,09:00-16:00,0,1,0
อรุณอมรินทร์,อรุณอมรินทร์,9,16:00-19:00,0,1,0
อรุณอมรินทร์-วังเดิม,วังเดิม,3,07:00-09:00,0,0,1
อรุณอมรินทร์-วังเดิม,วังเดิม,3,09:00-17:00,0,0,1
อรุณอมรินทร์-วังเดิม,วังเดิม,3,17:00-19:00,0,0,1
อรุณอมรินทร์-วังเดิม,วังเดิม,9,07:00-09:00,0,0,1
อรุณอมรินทร์-วังเดิม,วังเดิม,9,09:00-17:00,0,0,1
อรุณอมรินทร์-วังเดิม,วังเดิม,9,17:00-19:00,0,0,1
อรุณอมรินทร์-วังเดิม,อรุณอมรินทร์,9,07:00-09:00,0,0,1
อรุณอมรินทร์-วังเดิม,อรุณอมรินทร์,9,09:00-17:00,0,0,1
อรุณอมรินทร์-วังเดิม,อรุณอมรินทร์,9,17:00-19:00,0,0,1
อรุณอมรินทร์-วังเดิม,อรุณอัมรินทร์ตัดใหม่,3,07:00-09:00,0,0,1
อรุณอมรินทร์-วังเดิม,อรุณอัมรินทร์ตัดใหม่,3,09:00-17:00,0,0,1
อรุณอมรินทร์-วังเดิม,อรุณอัมรินทร์ตัดใหม่,3,17:00-19:00,0,0,1
อรุณอมรินทร์ตัดใหม่,วังเดิม,7,07:00-09:00,0,1,0
อรุณอมรินทร์ตัดใหม่,วังเดิม,7,09:00-16:00,0,1,0
อรุณอมรินทร์ตัดใหม่,วังเดิม,7,16:00-19:00,0,1,0
อรุณอมรินทร์ตัดใหม่,อรุณอมรินทร์ตัดใหม่,7,07:00-09:00,0,1,0
อรุณอมรินทร์ตัดใหม่,อรุณอมรินทร์ตัดใหม่,7,09:00-16:00,0,1,0
อรุณอมรินทร์ตัดใหม่,อรุณอมรินทร์ตัดใหม่,7,16:00-19:00,0,1,0
อรุณอมรินทร์ตัดใหม่-วังเดิม,มักกะสัน,9,07:00-09:00,0,1,0
อรุณอมรินทร์ตัดใหม่-วังเดิม,มักกะสัน,9,09:00-16:00,0,1,0
อรุณอมรินทร์ตัดใหม่-วังเดิม,มักกะสัน,9,16:00-19:00,0,1,0
อรุณอมรินทร์ตัดใหม่-วังเดิม,ราชปรารภ,9,07:00-09:00,0,1,0
อรุณอมรินทร์ตัดใหม่-วังเดิม,ราชปรารภ,9,09:00-16:00,0,1,0
อรุณอมรินทร์ตัดใหม่-วังเดิม,ราชปรารภ,9,16:00-19:00,0,1,0
อรุณอมรินทร์ตัดใหม่-วังเดิม,วังเดิม,9,07:00-09:00,0,1,0
อรุณอมรินทร์ตัดใหม่-วังเดิม,วังเดิม,9,09:00-16:00,0,1,0
อรุณอมรินทร์ตัดใหม่-วังเดิม,วังเดิม,9,16:00-19:00,0,1,0
อรุณอมรินทร์ตัดใหม่-วังเดิม,อรุณอมรินทร์,9,07:00-09:00,0,1,0
อรุณอมรินทร์ตัดใหม่-วังเดิม,อรุณอมรินทร์,9,09:00-16:00,0,1,0
อรุณอมรินทร์ตัดใหม่-วังเดิม,อรุณอมรินทร์,9,16:00-19:00,0,1,0
อรุณอัมรินทร์,สมเด็จพระปิ่นเกล้า,7,07:00-09:00,1,0,1
อรุณอัมรินทร์,สมเด็จพระปิ่นเกล้า,7,09:00-16:00,1,0,0
อรุณอัมรินทร์,สมเด็จพระปิ่นเกล้า,7,09:00-17:00,0,0,1
อรุณอัมรินทร์,สมเด็จพระปิ่นเกล้า,7,16:00-19:00,1,0,0
อรุณอัมรินทร์,สมเด็จพระปิ่นเกล้า,7,17:00-19:00,0,0,1
อรุณอัมรินทร์,อรุณอัมรินทร์,7,07:00-09:00,1,0,1
อรุณอัมรินทร์,อรุณอัมรินทร์,7,09:00-16:00,1,0,0
อรุณอัมรินทร์,อรุณอัมรินทร์,7,09:00-17:00,0,0,1
อรุณอัมรินทร์,อรุณอัมรินทร์,7,16:00-19:00,1,0,0
อรุณอัมรินทร์,อรุณอัมรินทร์,7,17:00-19:00,0,0,1
อรุณอัมรินทร์ตัดใหม่-วังเดิม,วังเดิม,10,07:00-09:00,1,0,0
อรุณอัมรินทร์ตัดใหม่-วังเดิม,วังเดิม,10,09:00-16:00,1,0,0
อรุณอัมรินทร์ตัดใหม่-วังเดิม,วังเดิม,10,16:00-19:00,1,0,0
อรุณอัมรินทร์ตัดใหม่-วังเดิม,อรุณอัมรินทร์ตัดใหม่,10,07:00-09:00,1,0,0
อรุณอัมรินทร์ตัดใหม่-วังเดิม,อรุณอัมรินทร์ตัดใหม่,10,09:00-16:00,1,0,0
อรุณอัมรินทร์ตัดใหม่-วังเดิม,อรุณอัมรินทร์ตัดใหม่,10,16:00-19:00,1,0,0
อังรีดูนังต์,ทางเข้ากองบัญชาการ,2,07:00-09:00,0,0,1
อังรีดูนังต์,ทางเข้ากองบัญชาการ,2,09:00-16:00,0,0,1
อังรีดูนังต์,ทางเข้ากองบัญชาการ,2,16:00-19:00,0,0,1
อังรีดูนังต์,พระรามที่4,1,07:00-09:00,0,1,0
อังรีดูนังต์,พระรามที่4,1,09:00-16:00,0,1,0
อังรีดูนังต์,พระรามที่4,1,16:00-19:00,0,1,0
อังรีดูนังต์,พระรามที่4,2,07:00-09:00,0,0,1
อังรีดูนังต์,พระรามที่4,2,09:00-16:00,0,0,1
อังรีดูนังต์,พระรามที่4,2,16:00-19:00,0,0,1
อังรีดูนังต์,พระรามที่4,3,07:00-09:00,0,0,1
อังรีดูนังต์,พระรามที่4,3,09:00-17:00,0,0,1
อังรีดูนังต์,พระรามที่4,3,17:00-19:00,0,0,1
อังรีดูนังต์,พระรามที่4,11,07:00-09:00,1,0,1
อังรีดูนังต์,พระรามที่4,11,09:00-16:00,1,0,0
อังรีดูนังต์,พระรามที่4,11,09:00-17:00,0,0,1
อังรีดูนังต์,พระรามที่4,11,16:00-19:00,1,0,0
อังรีดูนังต์,พระรามที่4,11,17:00-19:00,0,0,1
อังรีดูนังต์,สุรวงศ์,1,07:00-09:00,0,1,0
อังรีดูนังต์,สุรวงศ์,1,09:00-16:00,0,1,0
อังรีดูนังต์,สุรวงศ์,1,16:00-19:00,0,1,0
อังรีดูนังต์,สุรวงศ์,2,07:00-09:00,0,0,1
อังรีดูนังต์,สุรวงศ์,2,09:00-16:00,0,0,1
อังรีดูนังต์,สุรวงศ์,2,16:00-19:00,0,0,1
อังรีดูนังต์,สุรวงศ์,3,07:00-09:00,0,0,1
อังรีดูนังต์,สุรวงศ์,3,09:00-17:00,0,0,1
อังรีดูนังต์,สุรวงศ์,3,17:00-19:00,0,0,1
อังรีดูนังต์,สุรวงศ์,11,07:00-09:00,1,0,1
อังรีดูนังต์,สุรวงศ์,11,09:00-16:00,1,0,0
อังรีดูนังต์,สุรวงศ์,11,09:00-17:00,0,0,1
อังรีดูนังต์,สุรวงศ์,11,16:00-19:00,1,0,0
อังรีดูนังต์,สุรวงศ์,11,17:00-19:00,0,0,1
อังรีดูนังต์,อังรีดูนังต์,1,07:00-09:00,0,1,0
อังรีดูนังต์,อังรีดูนังต์,1,09:00-16:00,0,1,0
อังรีดูนังต์,อังรีดูนังต์,1,16:00-19:00,0,1,0
อังรีดูนังต์,อังรีดูนังต์,2,07:00-09:00,0,0,1
อังรีดูนังต์,อังรีดูนังต์,2,09:00-16:00,0,0,1
อังรีดูนังต์,อังรีดูนังต์,2,16:00-19:00,0,0,1
อังรีดูนังต์,อังรีดูนังต์,3,07:00-09:00,0,0,1
อังรีดูนังต์,อังรีดูนังต์,3,09:00-17:00,0,0,1
อังรีดูนังต์,อังรีดูนังต์,3,17:00-19:00,0,0,1
อังรีดูนังต์,อังรีดูนังต์,11,07:00-09:00,1,0,1
อังรีดูนังต์,อังรีดูนังต์,11,09:00-16:00,1,0,0
อังรีดูนังต์,อังรีดูนังต์,11,09:00-17:00,0,0,1
อังรีดูนังต์,อังรีดูนังต์,11,16:00-19:00,1,0,0
อังรีดูนังต์,อังรีดูนังต์,11,17:00-19:00,0,0,1
อัษฎางค์-พระยาศรี,พระยาศรี,7,07:00-09:00,0,1,0
อัษฎางค์-พระยาศรี,พระยาศรี,7,09:00-16:00,0,1,0
อัษฎางค์-พระยาศรี,พระยาศรี,7,16:00-19:00,0,1,0
อัษฎางค์-พระยาศรี,อัษฎางค์,7,07:00-09:00,0,1,0
อัษฎางค์-พระยาศรี,อัษฎางค์,7,09:00-16:00,0,1,0
อัษฎางค์-พระยาศรี,อัษฎางค์,7,16:00-19:00,0,1,0
อัษฎางค์-ราชบพิธ,อัษฎางค์,6,07:00-09:00,0,1,0
อัษฎางค์-ราชบพิธ,อัษฎางค์,6,09:00-16:00,0,1,0
อัษฎางค์-ราชบพิธ,อัษฎางค์,6,16:00-19:00,0,1,0
อาคารAmericanStandard,รัชดาภิเษก,8,07:00-09:00,0,1,0
อาคารAmericanStandard,รัชดาภิเษก,8,09:00-16:00,0,1,0
อาคารAmericanStandard,รัชดาภิเษก,8,16:00-19:00,0,1,0
อาคารสงเคราะห์กองทัพบก(บางซื่อ),ทางเข้าออกอาคารสงเคราะห์กองทัพบก,9,07:00-09:00,0,0,1
อาคารสงเคราะห์กองทัพบก(บางซื่อ),ทางเข้าออกอาคารสงเคราะห์กองทัพบก,9,09:00-17:00,0,0,1
อาคารสงเคราะห์กองทัพบก(บางซื่อ),ทางเข้าออกอาคารสงเคราะห์กองทัพบก,9,17:00-19:00,0,0,1
อาคารสงเคราะห์กองทัพบก(บางซื่อ),เทอดดำริ,9,07:00-09:00,0,0,1
อาคารสงเคราะห์กองทัพบก(บางซื่อ),เทอดดำริ,9,09:00-17:00,0,0,1
อาคารสงเคราะห์กองทัพบก(บางซื่อ),เทอดดำริ,9,17:00-19:00,0,0,1
อาคารสงเคราะห์กองทัพบก(เทอดดำริ),ทางเข้าออกอาคารสงเคราะห์กองทัพบก,9,07:00-09:00,0,0,1
อาคารสงเคราะห์กองทัพบก(เทอดดำริ),ทางเข้าออกอาคารสงเคราะห์กองทัพบก,9,09:00-17:00,0,0,1
อาคารสงเคราะห์กองทัพบก(เทอดดำริ),ทางเข้าออกอาคารสงเคราะห์กองทัพบก,9,17:00-19:00,0,0,1
อาคารสงเคราะห์กองทัพบก(เทอดดำริ),เทอดดำริ,9,07:00-09:00,0,0,1
อาคารสงเคราะห์กองทัพบก(เทอดดำริ),เทอดดำริ,9,09:00-17:00,0,0,1
อาคารสงเคราะห์กองทัพบก(เทอดดำริ),เทอดดำริ,9,17:00-19:00,0,0,1
อารีย์สัมพันธ์,ซอยอารีย์สัมพันธ์,3,07:00-09:00,1,0,0
อารีย์สัมพันธ์,ซอยอารีย์สัมพันธ์,3,09:00-16:00,1,0,0
อารีย์สัมพันธ์,ซอยอารีย์สัมพันธ์,3,16:00-19:00,1,0,0
อารีย์สัมพันธ์,พระรามที่6,1,07:00-09:00,0,0,1
อารีย์สัมพันธ์,พระรามที่6,1,09:00-17:00,0,0,1
อารีย์สัมพันธ์,พระรามที่6,1,17:00-19:00,0,0,1
อารีย์สัมพันธ์,พระรามที่6,3,07:00-09:00,1,0,0
อารีย์สัมพันธ์,พระรามที่6,3,09:00-16:00,1,0,0
อารีย์สัมพันธ์,พระรามที่6,3,16:00-19:00,1,0,0
อารีย์สัมพันธ์,อารีย์สัมพันธ์,1,07:00-09:00,0,0,1
อารีย์สัมพันธ์,อารีย์สัมพันธ์,1,09:00-17:00,0,0,1
อารีย์สัมพันธ์,อารีย์สัมพันธ์,1,17:00-19:00,0,0,1
อาร์ซีเอ,จตุรทิศ,4,07:00-09:00,0,0,1
อาร์ซีเอ,จตุรทิศ,4,09:00-17:00,0,0,1
อาร์ซีเอ,จตุรทิศ,4,17:00-19:00,0,0,1
อาร์ซีเอ,พระราม9ซอย8,4,07:00-09:00,0,0,1
อาร์ซีเอ,พระราม9ซอย8,4,09:00-17:00,0,0,1
อาร์ซีเอ,พระราม9ซอย8,4,17:00-19:00,0,0,1
อำนวยสงคราม,พิชัย,8,07:00-09:00,1,0,0
อำนวยสงคราม,พิชัย,8,09:00-16:00,1,0,0
อำนวยสงคราม,พิชัย,8,16:00-19:00,1,0,0
อำนวยสงคราม,อำนวยสงคราม,8,07:00-09:00,1,0,0
อำนวยสงคราม,อำนวยสงคราม,8,09:00-16:00,1,0,0
อำนวยสงคราม,อำนวยสงคราม,8,16:00-19:00,1,0,0
อำนวยสงคราม-ร่วมจิตต์,ร่วมจิตต์,5,07:00-09:00,1,0,0
อำนวยสงคราม-ร่วมจิตต์,ร่วมจิตต์,5,09:00-16:00,1,0,0
อำนวยสงคราม-ร่วมจิตต์,ร่วมจิตต์,5,16:00-19:00,1,0,0
อำนวยสงคราม-ร่วมจิตต์,ร่วมจิตต์,9,07:00-09:00,0,0,1
อำนวยสงคราม-ร่วมจิตต์,ร่วมจิตต์,9,09:00-16:00,0,0,1
อำนวยสงคราม-ร่วมจิตต์,ร่วมจิตต์,9,16:00-19:00,0,0,1
อำนวยสงคราม-ร่วมจิตต์,อำนวยสงคราม,5,07:00-09:00,1,0,0
อำนวยสงคราม-ร่วมจิตต์,อำนวยสงคราม,5,09:00-16:00,1,0,0
อำนวยสงคราม-ร่วมจิตต์,อำนวยสงคราม,5,16:00-19:00,1,0,0
อำนวยสงคราม-ร่วมจิตต์,อำนวยสงคราม,9,07:00-09:00,0,0,1
อำนวยสงคราม-ร่วมจิตต์,อำนวยสงคราม,9,09:00-16:00,0,0,1
อำนวยสงคราม-ร่วมจิตต์,อำนวยสงคราม,9,16:00-19:00,0,0,1
อินทาบัจ13-เพชรเกษม63,ซอยอินทาปัจ13,5,07:00-09:00,1,0,0
อินทาบัจ13-เพชรเกษม63,ซอยอินทาปัจ13,5,09:00-16:00,1,0,0
อินทาบัจ13-เพชรเกษม63,ซอยอินทาปัจ13,5,16:00-19:00,1,0,0
อินทาบัจ13-เพชรเกษม63,ซอยเพชรเกษม63,5,07:00-09:00,1,0,0
อินทาบัจ13-เพชรเกษม63,ซอยเพชรเกษม63,5,09:00-16:00,1,0,0
อินทาบัจ13-เพชรเกษม63,ซอยเพชรเกษม63,5,16:00-19:00,1,0,0
อินทาปัจ13-เพชรเกษม69,อินทาปัจ13,10,07:00-09:00,0,0,1
อินทาปัจ13-เพชรเกษม69,อินทาปัจ13,10,09:00-17:00,0,0,1
อินทาปัจ13-เพชรเกษม69,อินทาปัจ13,10,17:00-19:00,0,0,1
อินทาปัจ13-เพชรเกษม69,เพชรเกษม69,10,07:00-09:00,0,0,1
อินทาปัจ13-เพชรเกษม69,เพชรเกษม69,10,09:00-17:00,0,0,1
อินทาปัจ13-เพชรเกษม69,เพชรเกษม69,10,17:00-19:00,0,0,1
อินทาปัจ13-เพชรเกษม69,เลียบคลองภาษีเจริญฝั่งเหนือ,10,07:00-09:00,0,0,1
อินทาปัจ13-เพชรเกษม69,เลียบคลองภาษีเจริญฝั่งเหนือ,10,09:00-17:00,0,0,1
อินทาปัจ13-เพชรเกษม69,เลียบคลองภาษีเจริญฝั่งเหนือ,10,17:00-19:00,0,0,1
อิสรภาพ-อิสรภาพ21,อิสรภาพ,5,07:00-09:00,0,0,1
อิสรภาพ-อิสรภาพ21,อิสรภาพ,5,09:00-17:00,0,0,1
อิสรภาพ-อิสรภาพ21,อิสรภาพ,5,17:00-19:00,0,0,1
อิสรภาพ-อิสรภาพ21,อิสรภาพ21,5,07:00-09:00,0,0,1
อิสรภาพ-อิสรภาพ21,อิสรภาพ21,5,09:00-17:00,0,0,1
อิสรภาพ-อิสรภาพ21,อิสรภาพ21,5,17:00-19:00,0,0,1
อิสรภาพ-อิสรภาพ44-วัดดงมูลเหล็ก,อิสรภาพ,6,07:00-09:00,0,0,1
อิสรภาพ-อิสรภาพ44-วัดดงมูลเหล็ก,อิสรภาพ,6,09:00-17:00,0,0,1
อิสรภาพ-อิสรภาพ44-วัดดงมูลเหล็ก,อิสรภาพ,6,17:00-19:00,0,0,1
อิสรภาพ-อิสรภาพ44-วัดดงมูลเหล็ก,อิสรภาพ44,6,07:00-09:00,0,0,1
อิสรภาพ-อิสรภาพ44-วัดดงมูลเหล็ก,อิสรภาพ44,6,09:00-17:00,0,0,1
อิสรภาพ-อิสรภาพ44-วัดดงมูลเหล็ก,อิสรภาพ44,6,17:00-19:00,0,0,1
อิสรภาพ42,อิสรภาพ,11,07:00-09:00,0,0,1
อิสรภาพ42,อิสรภาพ,11,09:00-17:00,0,0,1
อิสรภาพ42,อิสรภาพ,11,17:00-19:00,0,0,1
อิสรภาพ42,อิสรภาพ42,11,07:00-09:00,0,0,1
อิสรภาพ42,อิสรภาพ42,11,09:00-17:00,0,0,1
อิสรภาพ42,อิสรภาพ42,11,17:00-19:00,0,0,1
อุณากรรณ,อุณากรรณ,3,07:00-09:00,1,0,0
อุณากรรณ,อุณากรรณ,3,09:00-16:00,1,0,0
อุณากรรณ,อุณากรรณ,3,16:00-19:00,1,0,0
อุณากรรณ,อุณากรรณ,4,07:00-09:00,0,1,1
อุณากรรณ,อุณากรรณ,4,09:00-16:00,0,1,0
อุณากรรณ,อุณากรรณ,4,09:00-17:00,0,0,1
อุณากรรณ,อุณากรรณ,4,16:00-19:00,0,1,0
อุณากรรณ,อุณากรรณ,4,17:00-19:00,0,0,1
อุณากรรณ,อุณากรรณ,9,07:00-09:00,1,0,0
อุณากรรณ,อุณากรรณ,9,09:00-16:00,1,0,0
อุณากรรณ,อุณากรรณ,9,16:00-19:00,1,0,0
อุณากรรณ,เจริญกรุง,3,07:00-09:00,1,0,0
อุณากรรณ,เจริญกรุง,3,09:00-16:00,1,0,0
อุณากรรณ,เจริญกรุง,3,16:00-19:00,1,0,0
อุณากรรณ,เจริญกรุง,4,07:00-09:00,0,1,1
อุณากรรณ,เจริญกรุง,4,09:00-16:00,0,1,0
อุณากรรณ,เจริญกรุง,4,09:00-17:00,0,0,1
อุณากรรณ,เจริญกรุง,4,16:00-19:00,0,1,0
อุณากรรณ,เจริญกรุง,4,17:00-19:00,0,0,1
อุณากรรณ,เจริญกรุง,9,07:00-09:00,1,0,0
อุณากรรณ,เจริญกรุง,9,09:00-16:00,1,0,0
อุณากรรณ,เจริญกรุง,9,16:00-19:00,1,0,0
อุณากรรณ-ลงท่า,ลงท่า,7,07:00-09:00,0,1,0
อุณากรรณ-ลงท่า,ลงท่า,7,09:00-16:00,0,1,0
อุณากรรณ-ลงท่า,ลงท่า,7,16:00-19:00,0,1,0
อุณากรรณ-ลงท่า,ศิริพงษ์,7,07:00-09:00,0,1,0
อุณากรรณ-ลงท่า,ศิริพงษ์,7,09:00-16:00,0,1,0
อุณากรรณ-ลงท่า,ศิริพงษ์,7,16:00-19:00,0,1,0
อุณากรรณ-ลงท่า,อุณากรรณ,7,07:00-09:00,0,1,0
อุณากรรณ-ลงท่า,อุณากรรณ,7,09:00-16:00,0,1,0
อุณากรรณ-ลงท่า,อุณากรรณ,7,16:00-19:00,0,1,0
อุดมสุข,ซอยสุขุมวิท103(อุดมสุข),9,07:00-09:00,1,0,0
อุดมสุข,ซอยสุขุมวิท103(อุดมสุข),9,09:00-16:00,1,0,0
อุดมสุข,ซอยสุขุมวิท103(อุดมสุข),9,16:00-19:00,1,0,0
อุดมสุข,ซอยสุขุมวิท103(อุดมสุข),12,07:00-09:00,1,0,0
อุดมสุข,ซอยสุขุมวิท103(อุดมสุข),12,09:00-16:00,1,0,0
อุดมสุข,ซอยสุขุมวิท103(อุดมสุข),12,16:00-19:00,1,0,0
อุดมสุข,สุขุมวิท,4,07:00-09:00,0,0,1
อุดมสุข,สุขุมวิท,4,09:00-17:00,0,0,1
อุดมสุข,สุขุมวิท,4,17:00-19:00,0,0,1
อุดมสุข,สุขุมวิท,6,07:00-09:00,0,1,0
อุดมสุข,สุขุมวิท,6,09:00-16:00,0,1,0
อุดมสุข,สุขุมวิท,6,16:00-19:00,0,1,0
อุดมสุข,สุขุมวิท,9,07:00-09:00,1,0,0
อุดมสุข,สุขุมวิท,9,09:00-16:00,1,0,0
อุดมสุข,สุขุมวิท,9,16:00-19:00,1,0,0
อุดมสุข,สุขุมวิท,11,07:00-09:00,0,0,1
อุดมสุข,สุขุมวิท,11,09:00-17:00,0,0,1
อุดมสุข,สุขุมวิท,11,17:00-19:00,0,0,1
อุดมสุข,สุขุมวิท,12,07:00-09:00,1,0,0
อุดมสุข,สุขุมวิท,12,09:00-16:00,1,0,0
อุดมสุข,สุขุมวิท,12,16:00-19:00,1,0,0
อุดมสุข,สุขุมวิท103,4,07:00-09:00,0,0,1
อุดมสุข,สุขุมวิท103,4,09:00-17:00,0,0,1
อุดมสุข,สุขุมวิท103,4,17:00-19:00,0,0,1
อุดมสุข,สุขุมวิท103,11,07:00-09:00,0,0,1
อุดมสุข,สุขุมวิท103,11,09:00-17:00,0,0,1
อุดมสุข,สุขุมวิท103,11,17:00-19:00,0,0,1
อุดมสุข,สุขุมวิท103(อุดมสุข),6,07:00-09:00,0,1,0
อุดมสุข,สุขุมวิท103(อุดมสุข),6,09:00-16:00,0,1,0
อุดมสุข,สุขุมวิท103(อุดมสุข),6,16:00-19:00,0,1,0
อุดมสุข30-27,อุดมสุข,8,07:00-09:00,0,0,1
อุดมสุข30-27,อุดมสุข,8,09:00-16:00,0,0,1
อุดมสุข30-27,อุดมสุข,8,16:00-19:00,0,0,1
อุดมสุข30-27,อุดมสุข27,8,07:00-09:00,0,0,1
อุดมสุข30-27,อุดมสุข27,8,09:00-16:00,0,0,1
อุดมสุข30-27,อุดมสุข27,8,16:00-19:00,0,0,1
อุดมสุข30-27,อุดมสุข30,8,07:00-09:00,0,0,1
อุดมสุข30-27,อุดมสุข30,8,09:00-16:00,0,0,1
อุดมสุข30-27,อุดมสุข30,8,16:00-19:00,0,0,1
อุดมสุข51,อุดมสุข,7,07:00-09:00,0,0,1
อุดมสุข51,อุดมสุข,7,09:00-17:00,0,0,1
อุดมสุข51,อุดมสุข,7,17:00-19:00,0,0,1
อุดมสุข51,อุดมสุข51,7,07:00-09:00,0,0,1
อุดมสุข51,อุดมสุข51,7,09:00-17:00,0,0,1
อุดมสุข51,อุดมสุข51,7,17:00-19:00,0,0,1
อุภัยเจษฎุทิศ,ราชวิถี,4,07:00-09:00,1,0,0
อุภัยเจษฎุทิศ,ราชวิถี,4,09:00-16:00,1,0,0
อุภัยเจษฎุทิศ,ราชวิถี,4,16:00-19:00,1,0,0
อุภัยเจษฎุทิศ,ราชวิถี,5,07:00-09:00,0,1,0
อุภัยเจษฎุทิศ,ราชวิถี,5,09:00-16:00,0,1,0
อุภัยเจษฎุทิศ,ราชวิถี,5,16:00-19:00,0,1,0
อุภัยเจษฎุทิศ,ราชวิถี,10,07:00-09:00,0,0,1
อุภัยเจษฎุทิศ,ราชวิถี,10,09:00-16:00,0,0,1
อุภัยเจษฎุทิศ,ราชวิถี,10,16:00-19:00,0,0,1
อุภัยเจษฎุทิศ,ราชวิถี,12,07:00-09:00,0,0,1
อุภัยเจษฎุทิศ,ราชวิถี,12,09:00-17:00,0,0,1
อุภัยเจษฎุทิศ,ราชวิถี,12,17:00-19:00,0,0,1
อุภัยเจษฎุทิศ,สวรรคโลก,4,07:00-09:00,1,0,0
อุภัยเจษฎุทิศ,สวรรคโลก,4,09:00-16:00,1,0,0
อุภัยเจษฎุทิศ,สวรรคโลก,4,16:00-19:00,1,0,0
อุภัยเจษฎุทิศ,สวรรคโลก,5,07:00-09:00,0,1,0
อุภัยเจษฎุทิศ,สวรรคโลก,5,09:00-16:00,0,1,0
อุภัยเจษฎุทิศ,สวรรคโลก,5,16:00-19:00,0,1,0
อุภัยเจษฎุทิศ,สวรรคโลก,10,07:00-09:00,0,0,1
อุภัยเจษฎุทิศ,สวรรคโลก,10,09:00-16:00,0,0,1
อุภัยเจษฎุทิศ,สวรรคโลก,10,16:00-19:00,0,0,1
อุภัยเจษฎุทิศ,สวรรคโลก,12,07:00-09:00,0,0,1
อุภัยเจษฎุทิศ,สวรรคโลก,12,09:00-17:00,0,0,1
อุภัยเจษฎุทิศ,สวรรคโลก,12,17:00-19:00,0,0,1
อุรุพงษ์,พระรามที่6,3,07:00-09:00,0,0,1
อุรุพงษ์,พระรามที่6,3,09:00-17:00,0,0,1
อุรุพงษ์,พระรามที่6,3,17:00-19:00,0,0,1
อุรุพงษ์,พระรามที่6,5,07:00-09:00,1,1,1
อุรุพงษ์,พระรามที่6,5,09:00-16:00,1,1,0
อุรุพงษ์,พระรามที่6,5,09:00-17:00,0,0,1
อุรุพงษ์,พระรามที่6,5,16:00-19:00,1,1,0
อุรุพงษ์,พระรามที่6,5,17:00-19:00,0,0,1
อุรุพงษ์,พระรามที่6,9,07:00-09:00,0,0,1
อุรุพงษ์,พระรามที่6,9,09:00-17:00,0,0,1
อุรุพงษ์,พระรามที่6,9,17:00-19:00,0,0,1
อุรุพงษ์,เพชรบุรี,3,07:00-09:00,0,0,1
อุรุพงษ์,เพชรบุรี,3,09:00-17:00,0,0,1
อุรุพงษ์,เพชรบุรี,3,17:00-19:00,0,0,1
อุรุพงษ์,เพชรบุรี,5,07:00-09:00,1,1,1
อุรุพงษ์,เพชรบุรี,5,09:00-16:00,1,1,0
อุรุพงษ์,เพชรบุรี,5,09:00-17:00,0,0,1
อุรุพงษ์,เพชรบุรี,5,16:00-19:00,1,1,0
อุรุพงษ์,เพชรบุรี,5,17:00-19:00,0,0,1
อุรุพงษ์,เพชรบุรี,9,07:00-09:00,0,0,1
อุรุพงษ์,เพชรบุรี,9,09:00-17:00,0,0,1
อุรุพงษ์,เพชรบุรี,9,17:00-19:00,0,0,1
อุโมงค์กลับรถถนนพัฒนาการ,พัฒนาการ,1,07:00-09:00,0,0,1
อุโมงค์กลับรถถนนพัฒนาการ,พัฒนาการ,1,09:00-16:00,0,0,1
อุโมงค์กลับรถถนนพัฒนาการ,พัฒนาการ,1,16:00-19:00,0,0,1
อุโมงค์ดินแดง,ดินแดง,1,07:00-09:00,0,0,1
อุโมงค์ดินแดง,ดินแดง,1,09:00-17:00,0,0,1
อุโมงค์ดินแดง,ดินแดง,1,17:00-19:00,0,0,1
อุโมงค์ดินแดง,มุ่งหน้าประชาสงเคราะห์,1,07:00-09:00,0,0,1
อุโมงค์ดินแดง,มุ่งหน้าประชาสงเคราะห์,1,09:00-16:00,0,0,1
อุโมงค์ดินแดง,มุ่งหน้าประชาสงเคราะห์,1,16:00-19:00,0,0,1
อุโมงค์ดินแดง,อุโมงค์ดินแดง,2,07:00-09:00,0,0,1
อุโมงค์ดินแดง,อุโมงค์ดินแดง,2,09:00-17:00,0,0,1
อุโมงค์ดินแดง,อุโมงค์ดินแดง,2,17:00-19:00,0,0,1
อุโมงค์ถาวรธวัช,ถาวรธวัช,1,07:00-09:00,0,0,1
อุโมงค์ถาวรธวัช,ถาวรธวัช,1,09:00-16:00,0,0,1
อุโมงค์ถาวรธวัช,ถาวรธวัช,1,16:00-19:00,0,0,1
อุโมงค์ถาวรธวัช,ถาวรธวัช,2,07:00-09:00,0,0,1
อุโมงค์ถาวรธวัช,ถาวรธวัช,2,09:00-17:00,0,0,1
อุโมงค์ถาวรธวัช,ถาวรธวัช,2,17:00-19:00,0,0,1
อุโมงค์ท่าพระ,มุ่งหน้าแยกรัชดา-ราชพฤกษ์,1,07:00-09:00,0,0,1
อุโมงค์ท่าพระ,มุ่งหน้าแยกรัชดา-ราชพฤกษ์,1,09:00-16:00,0,0,1
อุโมงค์ท่าพระ,มุ่งหน้าแยกรัชดา-ราชพฤกษ์,1,16:00-19:00,0,0,1
อุโมงค์ท่าพระ,มุ่งหน้าแยกไฟฉาย,1,07:00-09:00,0,0,1
อุโมงค์ท่าพระ,มุ่งหน้าแยกไฟฉาย,1,09:00-16:00,0,0,1
อุโมงค์ท่าพระ,มุ่งหน้าแยกไฟฉาย,1,16:00-19:00,0,0,1
อุโมงค์บรมราชชนนี,มุ่งหน้าบางขุนนนท์,1,07:00-09:00,0,0,1
อุโมงค์บรมราชชนนี,มุ่งหน้าบางขุนนนท์,1,09:00-16:00,0,0,1
อุโมงค์บรมราชชนนี,มุ่งหน้าบางขุนนนท์,1,16:00-19:00,0,0,1
อุโมงค์บรมราชชนนี,มุ่งหน้าแยกบางพลัด,1,07:00-09:00,0,0,1
อุโมงค์บรมราชชนนี,มุ่งหน้าแยกบางพลัด,1,09:00-16:00,0,0,1
อุโมงค์บรมราชชนนี,มุ่งหน้าแยกบางพลัด,1,16:00-19:00,0,0,1
อุโมงค์บางพลัด,มุ่งหน้าพระราม7,1,07:00-09:00,0,0,1
อุโมงค์บางพลัด,มุ่งหน้าพระราม7,1,09:00-16:00,0,0,1
อุโมงค์บางพลัด,มุ่งหน้าพระราม7,1,16:00-19:00,0,0,1
อุโมงค์บางพลัด,มุ่งหน้าแยกปิ่นเกล้า,1,07:00-09:00,0,0,1
อุโมงค์บางพลัด,มุ่งหน้าแยกปิ่นเกล้า,1,09:00-16:00,0,0,1
อุโมงค์บางพลัด,มุ่งหน้าแยกปิ่นเกล้า,1,16:00-19:00,0,0,1
อุโมงค์บางเขน,มุ่งหน้าสะพานใหม่,1,07:00-09:00,0,0,1
อุโมงค์บางเขน,มุ่งหน้าสะพานใหม่,1,09:00-16:00,0,0,1
อุโมงค์บางเขน,มุ่งหน้าสะพานใหม่,1,16:00-19:00,0,0,1
อุโมงค์บางเขน,มุ่งหน้าแยกเกษตร,1,07:00-09:00,0,0,1
อุโมงค์บางเขน,มุ่งหน้าแยกเกษตร,1,09:00-16:00,0,0,1
อุโมงค์บางเขน,มุ่งหน้าแยกเกษตร,1,16:00-19:00,0,0,1
อุโมงค์พหลโยธิน-ลาดปลาเค้า,มุ่งหน้าถนนประดิษฐ์มนูธรรม,1,07:00-09:00,0,0,1
อุโมงค์พหลโยธิน-ลาดปลาเค้า,มุ่งหน้าถนนประดิษฐ์มนูธรรม,1,09:00-16:00,0,0,1
อุโมงค์พหลโยธิน-ลาดปลาเค้า,มุ่งหน้าถนนประดิษฐ์มนูธรรม,1,16:00-19:00,0,0,1
อุโมงค์พหลโยธิน-ลาดปลาเค้า,มุ่งหน้าถนนพหลโยธิน,1,07:00-09:00,0,0,1
อุโมงค์พหลโยธิน-ลาดปลาเค้า,มุ่งหน้าถนนพหลโยธิน,1,09:00-16:00,0,0,1
อุโมงค์พหลโยธิน-ลาดปลาเค้า,มุ่งหน้าถนนพหลโยธิน,1,16:00-19:00,0,0,1
อุโมงค์รัชโยธิน,มุ่งหน้าถนนนวมินทร์,1,07:00-09:00,0,0,1
อุโมงค์รัชโยธิน,มุ่งหน้าถนนนวมินทร์,1,09:00-16:00,0,0,1
อุโมงค์รัชโยธิน,มุ่งหน้าถนนนวมินทร์,1,16:00-19:00,0,0,1
อุโมงค์รัชโยธิน,มุ่งหน้าแยกรัชวิภา,1,07:00-09:00,0,0,1
อุโมงค์รัชโยธิน,มุ่งหน้าแยกรัชวิภา,1,09:00-16:00,0,0,1
อุโมงค์รัชโยธิน,มุ่งหน้าแยกรัชวิภา,1,16:00-19:00,0,0,1
อุโมงค์รัชโยธิน,รัชดาภิเษก,1,07:00-09:00,0,0,1
อุโมงค์รัชโยธิน,รัชดาภิเษก,1,09:00-17:00,0,0,1
อุโมงค์รัชโยธิน,รัชดาภิเษก,1,17:00-19:00,0,0,1
อุโมงค์สุทธิสาร,มุ่งหน้าแยกรัชดา-ลาดพร้าว,1,07:00-09:00,0,0,1
อุโมงค์สุทธิสาร,มุ่งหน้าแยกรัชดา-ลาดพร้าว,1,09:00-16:00,0,0,1
อุโมงค์สุทธิสาร,มุ่งหน้าแยกรัชดา-ลาดพร้าว,1,16:00-19:00,0,0,1
อุโมงค์สุทธิสาร,มุ่งหน้าแยกห้วยขวาง,1,07:00-09:00,0,0,1
อุโมงค์สุทธิสาร,มุ่งหน้าแยกห้วยขวาง,1,09:00-16:00,0,0,1
อุโมงค์สุทธิสาร,มุ่งหน้าแยกห้วยขวาง,1,16:00-19:00,0,0,1
อุโมงค์สุทธิสาร,รัชดาภิเษก,1,07:00-09:00,0,0,1
อุโมงค์สุทธิสาร,รัชดาภิเษก,1,09:00-17:00,0,0,1
อุโมงค์สุทธิสาร,รัชดาภิเษก,1,17:00-19:00,0,0,1
อุโมงค์ห้วยขวาง,มุ่งหน้าแยกพระราม9,1,07:00-09:00,0,0,1
อุโมงค์ห้วยขวาง,มุ่งหน้าแยกพระราม9,1,09:00-16:00,0,0,1
อุโมงค์ห้วยขวาง,มุ่งหน้าแยกพระราม9,1,16:00-19:00,0,0,1
อุโมงค์ห้วยขวาง,มุ่งหน้าแยกสุทธิสาร,1,07:00-09:00,0,0,1
อุโมงค์ห้วยขวาง,มุ่งหน้าแยกสุทธิสาร,1,09:00-16:00,0,0,1
อุโมงค์ห้วยขวาง,มุ่งหน้าแยกสุทธิสาร,1,16:00-19:00,0,0,1
อุโมงค์เกษตร,งามวงศ์วาน-ประเสริฐมนูกิจ,1,07:00-09:00,0,0,1
อุโมงค์เกษตร,งามวงศ์วาน-ประเสริฐมนูกิจ,1,09:00-17:00,0,0,1
อุโมงค์เกษตร,งามวงศ์วาน-ประเสริฐมนูกิจ,1,17:00-19:00,0,0,1
อุโมงค์เกษตร,มุ่งหน้าแยกพงษ์เพชร,1,07:00-09:00,0,0,1
อุโมงค์เกษตร,มุ่งหน้าแยกพงษ์เพชร,1,09:00-16:00,0,0,1
อุโมงค์เกษตร,มุ่งหน้าแยกพงษ์เพชร,1,16:00-19:00,0,0,1
อุโมงค์เกษตร,มุ่งหน้าแยกรัชโยธิน,1,07:00-09:00,0,0,1
อุโมงค์เกษตร,มุ่งหน้าแยกรัชโยธิน,1,09:00-16:00,0,0,1
อุโมงค์เกษตร,มุ่งหน้าแยกรัชโยธิน,1,16:00-19:00,0,0,1
อุโมงค์แยกศรีอุดม,มุ่งหน้าถนนบางนาตราด,1,07:00-09:00,0,0,1
อุโมงค์แยกศรีอุดม,มุ่งหน้าถนนบางนาตราด,1,09:00-16:00,0,0,1
อุโมงค์แยกศรีอุดม,มุ่งหน้าถนนบางนาตราด,1,16:00-19:00,0,0,1
อุโมงค์แยกศรีอุดม,มุ่งหน้าแยกสวนหลวง,1,07:00-09:00,0,0,1
อุโมงค์แยกศรีอุดม,มุ่งหน้าแยกสวนหลวง,1,09:00-16:00,0,0,1
อุโมงค์แยกศรีอุดม,มุ่งหน้าแยกสวนหลวง,1,16:00-19:00,0,0,1
อโศก,รัชดาภิเษก,3,07:00-09:00,0,1,0
อโศก,รัชดาภิเษก,3,09:00-16:00,0,1,0
อโศก,รัชดาภิเษก,3,16:00-19:00,0,1,0
อโศก,รัชดาภิเษก,6,06:30-09:00,1,0,0
อโศก,รัชดาภิเษก,6,09:00-16:00,1,0,0
อโศก,รัชดาภิเษก,6,16:00-19:30,1,0,0
อโศก,รัชดาภิเษก,11,07:00-09:00,0,1,0
อโศก,รัชดาภิเษก,11,09:00-16:00,0,1,0
อโศก,รัชดาภิเษก,11,16:00-19:00,0,1,0
อโศก,สุขุมวิท,3,07:00-09:00,0,1,0
อโศก,สุขุมวิท,3,09:00-16:00,0,1,0
อโศก,สุขุมวิท,3,16:00-19:00,0,1,0
อโศก,สุขุมวิท,6,07:00-09:00,1,0,0
อโศก,สุขุมวิท,6,09:00-16:00,1,0,0
อโศก,สุขุมวิท,6,16:00-19:00,1,0,0
อโศก,สุขุมวิท,11,07:00-09:00,0,1,0
อโศก,สุขุมวิท,11,09:00-16:00,0,1,0
อโศก,สุขุมวิท,11,16:00-19:00,0,1,0
อโศก,อโศก,3,07:00-09:00,0,1,0
อโศก,อโศก,3,09:00-16:00,0,1,0
อโศก,อโศก,3,16:00-19:00,0,1,0
อโศก,อโศก,6,06:30-09:00,1,0,0
อโศก,อโศก,6,09:00-16:00,1,0,0
อโศก,อโศก,6,16:00-19:30,1,0,0
อโศก,อโศก,11,07:00-09:00,0,1,0
อโศก,อโศก,11,09:00-16:00,0,1,0
อโศก,อโศก,11,16:00-19:00,0,1,0
อโศก-สุขุมวิท,รัชดาภิเษก,3,07:00-09:00,1,0,0
อโศก-สุขุมวิท,รัชดาภิเษก,3,09:00-16:00,1,0,0
อโศก-สุขุมวิท,รัชดาภิเษก,3,16:00-19:00,1,0,0
อโศก-สุขุมวิท,สุขุมวิท,3,07:00-09:00,1,0,0
อโศก-สุขุมวิท,สุขุมวิท,3,09:00-16:00,1,0,0
อโศก-สุขุมวิท,สุขุมวิท,3,16:00-19:00,1,0,0
อโศก-สุขุมวิท,อโศก,3,07:00-09:00,1,0,0
อโศก-สุขุมวิท,อโศก,3,09:00-16:00,1,0,0
อโศก-สุขุมวิท,อโศก,3,16:00-19:00,1,0,0
อโศกดินแดง-กำแพงเพชร7,กำแพงเพชร7,3,07:00-09:00,0,0,1
อโศกดินแดง-กำแพงเพชร7,กำแพงเพชร7,3,09:00-17:00,0,0,1
อโศกดินแดง-กำแพงเพชร7,กำแพงเพชร7,3,17:00-19:00,0,0,1
อโศกดินแดง-กำแพงเพชร7,อโศกดินแดง,3,07:00-09:00,0,0,1
อโศกดินแดง-กำแพงเพชร7,อโศกดินแดง,3,09:00-17:00,0,0,1
อโศกดินแดง-กำแพงเพชร7,อโศกดินแดง,3,17:00-19:00,0,0,1
อโศกมนตรี,รัชดาภิเษก,5,07:00-09:00,0,0,2
อโศกมนตรี,รัชดาภิเษก,5,09:00-16:00,0,0,1
อโศกมนตรี,รัชดาภิเษก,5,09:00-17:00,0,0,1
อโศกมนตรี,รัชดาภิเษก,5,16:00-19:00,0,0,1
อโศกมนตรี,รัชดาภิเษก,5,17:00-19:00,0,0,1
อโศกมนตรี,รัชดาภิเษก,6,07:00-09:00,0,0,1
อโศกมนตรี,รัชดาภิเษก,6,09:00-17:00,0,0,1
อโศกมนตรี,รัชดาภิเษก,6,17:00-19:00,0,0,1
อโศกมนตรี,สุขุมวิท,5,07:00-09:00,0,0,2
อโศกมนตรี,สุขุมวิท,5,09:00-16:00,0,0,1
อโศกมนตรี,สุขุมวิท,5,09:00-17:00,0,0,1
อโศกมนตรี,สุขุมวิท,5,16:00-19:00,0,0,1
อโศกมนตรี,สุขุมวิท,5,17:00-19:00,0,0,1
อโศกมนตรี,สุขุมวิท,6,07:00-09:00,0,0,1
อโศกมนตรี,สุขุมวิท,6,09:00-17:00,0,0,1
อโศกมนตรี,สุขุมวิท,6,17:00-19:00,0,0,1
อโศกมนตรี,อโศก,5,07:00-09:00,0,0,2
อโศกมนตรี,อโศก,5,09:00-16:00,0,0,1
อโศกมนตรี,อโศก,5,09:00-17:00,0,0,1
อโศกมนตรี,อโศก,5,16:00-19:00,0,0,1
อโศกมนตรี,อโศก,5,17:00-19:00,0,0,1
อโศกมนตรี,อโศกมนตรี,6,07:00-09:00,0,0,1
อโศกมนตรี,อโศกมนตรี,6,09:00-17:00,0,0,1
อโศกมนตรี,อโศกมนตรี,6,17:00-19:00,0,0,1
อโศกเพชร,อโศก,3,07:00-09:00,1,0,0
อโศกเพชร,อโศก,3,09:00-16:00,1,0,0
อโศกเพชร,อโศก,3,16:00-19:00,1,0,0
อโศกเพชร,อโศก,6,07:00-09:00,0,0,1
อโศกเพชร,อโศก,6,09:00-16:00,0,0,1
อโศกเพชร,อโศก,6,16:00-19:00,0,0,1
อโศกเพชร,อโศก,10,07:00-09:00,0,0,1
อโศกเพชร,อโศก,10,09:00-17:00,0,0,1
อโศกเพชร,อโศก,10,17:00-19:00,0,0,1
อโศกเพชร,อโศก,11,07:00-09:00,0,1,0
อโศกเพชร,อโศก,11,09:00-16:00,0,1,0
อโศกเพชร,อโศก,11,16:00-19:00,0,1,0
อโศกเพชร,เพชรบุรี,3,07:00-09:00,1,0,0
อโศกเพชร,เพชรบุรี,3,09:00-16:00,1,0,0
อโศกเพชร,เพชรบุรี,3,16:00-19:00,1,0,0
อโศกเพชร,เพชรบุรี,6,07:00-09:00,0,0,1
อโศกเพชร,เพชรบุรี,6,09:00-16:00,0,0,1
อโศกเพชร,เพชรบุรี,6,16:00-19:00,0,0,1
อโศกเพชร,เพชรบุรี,10,07:00-09:00,0,0,1
อโศกเพชร,เพชรบุรี,10,09:00-17:00,0,0,1
อโศกเพชร,เพชรบุรี,10,17:00-19:00,0,0,1
อโศกเพชร,เพชรบุรี,11,07:00-09:00,0,1,0
อโศกเพชร,เพชรบุรี,11,09:00-16:00,0,1,0
อโศกเพชร,เพชรบุรี,11,16:00-19:00,0,1,0
อ่อนนุช,ซอยสุขุมวิท77,9,07:00-09:00,1,0,0
อ่อนนุช,ซอยสุขุมวิท77,9,09:00-16:00,1,0,0
อ่อนนุช,ซอยสุขุมวิท77,9,16:00-19:00,1,0,0
อ่อนนุช,ซอยส่วนบุคคล,9,07:00-09:00,1,0,0
อ่อนนุช,ซอยส่วนบุคคล,9,09:00-16:00,1,0,0
อ่อนนุช,ซอยส่วนบุคคล,9,16:00-19:00,1,0,0
อ่อนนุช,สุขุมวิท,2,07:00-09:00,0,0,1
อ่อนนุช,สุขุมวิท,2,09:00-17:00,0,0,1
อ่อนนุช,สุขุมวิท,2,17:00-19:00,0,0,1
อ่อนนุช,สุขุมวิท,4,07:00-09:00,0,0,1
อ่อนนุช,สุขุมวิท,4,09:00-16:00,0,0,1
อ่อนนุช,สุขุมวิท,4,16:00-19:00,0,0,1
อ่อนนุช,สุขุมวิท,6,06:30-09:00,0,1,0
อ่อนนุช,สุขุมวิท,6,07:00-09:00,0,0,1
อ่อนนุช,สุขุมวิท,6,09:00-16:00,0,1,0
อ่อนนุช,สุขุมวิท,6,09:00-17:00,0,0,1
อ่อนนุช,สุขุมวิท,6,16:00-19:30,0,1,0
อ่อนนุช,สุขุมวิท,6,17:00-19:00,0,0,1
อ่อนนุช,สุขุมวิท,9,07:00-09:00,1,0,0
อ่อนนุช,สุขุมวิท,9,09:00-16:00,1,0,0
อ่อนนุช,สุขุมวิท,9,16:00-19:00,1,0,0
อ่อนนุช,สุขุมวิท48/3,6,07:00-09:00,0,0,1
อ่อนนุช,สุขุมวิท48/3,6,09:00-17:00,0,0,1
อ่อนนุช,สุขุมวิท48/3,6,17:00-19:00,0,0,1
อ่อนนุช,สุขุมวิท77,2,07:00-09:00,0,0,1
อ่อนนุช,สุขุมวิท77,2,09:00-17:00,0,0,1
อ่อนนุช,สุขุมวิท77,2,17:00-19:00,0,0,1
อ่อนนุช,สุขุมวิท77,4,07:00-09:00,0,0,1
อ่อนนุช,สุขุมวิท77,4,09:00-16:00,0,0,1
อ่อนนุช,สุขุมวิท77,4,16:00-19:00,0,0,1
อ่อนนุช,สุขุมวิท77,6,06:30-09:00,0,1,0
อ่อนนุช,สุขุมวิท77,6,07:00-09:00,0,0,1
อ่อนนุช,สุขุมวิท77,6,09:00-16:00,0,1,0
อ่อนนุช,สุขุมวิท77,6,09:00-17:00,0,0,1
อ่อนนุช,สุขุมวิท77,6,16:00-19:30,0,1,0
อ่อนนุช,สุขุมวิท77,6,17:00-19:00,0,0,1
อ่อนนุช,ส่วนบุคคล,2,07:00-09:00,0,0,1
อ่อนนุช,ส่วนบุคคล,2,09:00-17:00,0,0,1
อ่อนนุช,ส่วนบุคคล,2,17:00-19:00,0,0,1
อ่อนนุช,ส่วนบุคคล,4,07:00-09:00,0,0,1
อ่อนนุช,ส่วนบุคคล,4,09:00-16:00,0,0,1
อ่อนนุช,ส่วนบุคคล,4,16:00-19:00,0,0,1
อ่อนนุช-กิ่งแก้ว,กิ่งแก้ว,6,07:00-09:00,0,0,1
อ่อนนุช-กิ่งแก้ว,กิ่งแก้ว,6,09:00-17:00,0,0,1
อ่อนนุช-กิ่งแก้ว,กิ่งแก้ว,6,17:00-19:00,0,0,1
อ่อนนุช-กิ่งแก้ว,กิ่งแก้ว,11,07:00-09:00,0,1,0
อ่อนนุช-กิ่งแก้ว,กิ่งแก้ว,11,09:00-16:00,0,1,0
อ่อนนุช-กิ่งแก้ว,กิ่งแก้ว,11,16:00-19:00,0,1,0
อ่อนนุช-กิ่งแก้ว,อ่อนนุช,6,07:00-09:00,0,0,1
อ่อนนุช-กิ่งแก้ว,อ่อนนุช,6,09:00-17:00,0,0,1
อ่อนนุช-กิ่งแก้ว,อ่อนนุช,6,17:00-19:00,0,0,1
อ่อนนุช-กิ่งแก้ว,อ่อนนุช,11,07:00-09:00,0,1,0
อ่อนนุช-กิ่งแก้ว,อ่อนนุช,11,09:00-16:00,0,1,0
อ่อนนุช-กิ่งแก้ว,อ่อนนุช,11,16:00-19:00,0,1,0
อ่อนนุช-อ่อนนุช10-อ่อนนุช17,อ่อนนุช,10,07:00-09:00,0,1,0
อ่อนนุช-อ่อนนุช10-อ่อนนุช17,อ่อนนุช,10,09:00-16:00,0,1,0
อ่อนนุช-อ่อนนุช10-อ่อนนุช17,อ่อนนุช,10,16:00-19:00,0,1,0
อ่อนนุช-อ่อนนุช10-อ่อนนุช17,อ่อนนุช10,10,07:00-09:00,0,1,0
อ่อนนุช-อ่อนนุช10-อ่อนนุช17,อ่อนนุช10,10,09:00-16:00,0,1,0
อ่อนนุช-อ่อนนุช10-อ่อนนุช17,อ่อนนุช10,10,16:00-19:00,0,1,0
อ่อนนุช-อ่อนนุช10-อ่อนนุช17,อ่อนนุช17,10,07:00-09:00,0,1,0
อ่อนนุช-อ่อนนุช10-อ่อนนุช17,อ่อนนุช17,10,09:00-16:00,0,1,0
อ่อนนุช-อ่อนนุช10-อ่อนนุช17,อ่อนนุช17,10,16:00-19:00,0,1,0
อ่อนนุช17,ซอยอ่อนนุช10,5,06:30-09:00,1,0,0
อ่อนนุช17,ซอยอ่อนนุช10,5,09:00-16:00,1,0,0
อ่อนนุช17,ซอยอ่อนนุช10,5,16:00-19:30,1,0,0
อ่อนนุช17,ซอยอ่อนนุช17,5,06:30-09:00,1,0,0
อ่อนนุช17,ซอยอ่อนนุช17,5,09:00-16:00,1,0,0
อ่อนนุช17,ซอยอ่อนนุช17,5,16:00-19:30,1,0,0
อ่อนนุช17,อ่อนนุช,5,07:00-09:00,1,0,0
อ่อนนุช17,อ่อนนุช,5,09:00-16:00,1,0,0
อ่อนนุช17,อ่อนนุช,5,16:00-19:00,1,0,0
อ่อนนุช17แยก18,อ่อนนุช17,1,07:00-09:00,0,0,1
อ่อนนุช17แยก18,อ่อนนุช17,1,09:00-17:00,0,0,1
อ่อนนุช17แยก18,อ่อนนุช17,1,17:00-19:00,0,0,1
อ่อนนุช37/1,อ่อนนุช,10,07:00-09:00,0,0,1
อ่อนนุช37/1,อ่อนนุช,10,09:00-17:00,0,0,1
อ่อนนุช37/1,อ่อนนุช,10,17:00-19:00,0,0,1
อ่อนนุช44,อ่อนนุช,5,07:00-09:00,0,0,1
อ่อนนุช44,อ่อนนุช,5,09:00-17:00,0,0,1
อ่อนนุช44,อ่อนนุช,5,17:00-19:00,0,0,1
อ่อนนุช44,อ่อนนุช33,5,07:00-09:00,0,0,1
อ่อนนุช44,อ่อนนุช33,5,09:00-17:00,0,0,1
อ่อนนุช44,อ่อนนุช33,5,17:00-19:00,0,0,1
อ่อนนุช44,อ่อนนุช44,5,07:00-09:00,0,0,1
อ่อนนุช44,อ่อนนุช44,5,09:00-17:00,0,0,1
อ่อนนุช44,อ่อนนุช44,5,17:00-19:00,0,0,1
อ่อนนุช46,อ่อนนุช,12,07:00-09:00,0,0,1
อ่อนนุช46,อ่อนนุช,12,09:00-17:00,0,0,1
อ่อนนุช46,อ่อนนุช,12,17:00-19:00,0,0,1
อ่อนนุช46,อ่อนนุช46,12,07:00-09:00,0,0,1
อ่อนนุช46,อ่อนนุช46,12,09:00-17:00,0,0,1
อ่อนนุช46,อ่อนนุช46,12,17:00-19:00,0,0,1
อ่อนนุช59/1,อ่อนนุช,10,07:00-09:00,0,0,1
อ่อนนุช59/1,อ่อนนุช,10,09:00-17:00,0,0,1
อ่อนนุช59/1,อ่อนนุช,10,17:00-19:00,0,0,1
อ่อนนุช65,อ่อนนุช,6,07:00-09:00,0,0,1
อ่อนนุช65,อ่อนนุช,6,09:00-17:00,0,0,1
อ่อนนุช65,อ่อนนุช,6,17:00-19:00,0,0,1
อ่อนนุช65,อ่อนนุช65,6,07:00-09:00,0,0,1
อ่อนนุช65,อ่อนนุช65,6,09:00-17:00,0,0,1
อ่อนนุช65,อ่อนนุช65,6,17:00-19:00,0,0,1
อ่อนนุช70/1,ซอยอ่อนนุช70/1,1,07:00-09:00,1,0,0
อ่อนนุช70/1,ซอยอ่อนนุช70/1,1,09:00-16:00,1,0,0
อ่อนนุช70/1,ซอยอ่อนนุช70/1,1,16:00-19:00,1,0,0
อ่อนนุช70/1,อ่อนนุช,1,07:00-09:00,1,0,0
อ่อนนุช70/1,อ่อนนุช,1,09:00-16:00,1,0,0
อ่อนนุช70/1,อ่อนนุช,1,16:00-19:00,1,0,0
อ่อนนุช86,ซอยอ่อนนุช86,11,07:00-09:00,1,0,0
อ่อนนุช86,ซอยอ่อนนุช86,11,09:00-16:00,1,0,0
อ่อนนุช86,ซอยอ่อนนุช86,11,16:00-19:00,1,0,0
อ่อนนุช86,อ่อนนุช,11,07:00-09:00,1,0,0
อ่อนนุช86,อ่อนนุช,11,09:00-16:00,1,0,0
อ่อนนุช86,อ่อนนุช,11,16:00-19:00,1,0,0
อ่อนนุช86(ทางเข้าโรงขยะอ่อนช),ซอยอ่อนนุช86,3,07:00-09:00,1,0,0
อ่อนนุช86(ทางเข้าโรงขยะอ่อนช),ซอยอ่อนนุช86,3,09:00-16:00,1,0,0
อ่อนนุช86(ทางเข้าโรงขยะอ่อนช),ซอยอ่อนนุช86,3,16:00-19:00,1,0,0
อ่อนนุช86(ทางเข้าโรงขยะอ่อนช),อ่อนนุช,3,07:00-09:00,1,0,0
อ่อนนุช86(ทางเข้าโรงขยะอ่อนช),อ่อนนุช,3,09:00-16:00,1,0,0
อ่อนนุช86(ทางเข้าโรงขยะอ่อนช),อ่อนนุช,3,16:00-19:00,1,0,0
เกตุนุช,ซอยลาดพร้าว64,6,07:00-09:00,1,0,0
เกตุนุช,ซอยลาดพร้าว64,6,09:00-16:00,1,0,0
เกตุนุช,ซอยลาดพร้าว64,6,16:00-19:00,1,0,0
เกตุนุช,ซอยลาดพร้าว64,8,07:00-09:00,1,0,0
เกตุนุช,ซอยลาดพร้าว64,8,09:00-16:00,1,0,0
เกตุนุช,ซอยลาดพร้าว64,8,16:00-19:00,1,0,0
เกตุนุช,ลาดพร้าว,6,07:00-09:00,1,0,0
เกตุนุช,ลาดพร้าว,6,09:00-16:00,1,0,0
เกตุนุช,ลาดพร้าว,6,16:00-19:00,1,0,0
เกตุนุช,ลาดพร้าว,7,07:00-09:00,0,0,2
เกตุนุช,ลาดพร้าว,7,09:00-17:00,0,0,2
เกตุนุช,ลาดพร้าว,7,17:00-19:00,0,0,2
เกตุนุช,ลาดพร้าว,8,07:00-09:00,1,0,0
เกตุนุช,ลาดพร้าว,8,09:00-16:00,1,0,0
เกตุนุช,ลาดพร้าว,8,16:00-19:00,1,0,0
เกตุนุช,ลาดพร้าว64,7,07:00-09:00,0,0,2
เกตุนุช,ลาดพร้าว64,7,09:00-17:00,0,0,2
เกตุนุช,ลาดพร้าว64,7,17:00-19:00,0,0,2
เกษตร,งามวงศ์วาน,4,07:00-09:00,0,0,1
เกษตร,งามวงศ์วาน,4,09:00-17:00,0,0,1
เกษตร,งามวงศ์วาน,4,17:00-19:00,0,0,1
เกษตร,งามวงศ์วาน,7,07:00-09:00,0,1,0
เกษตร,งามวงศ์วาน,7,09:00-16:00,0,1,0
เกษตร,งามวงศ์วาน,7,16:00-19:00,0,1,0
เกษตร,งามวงศ์วาน,8,07:00-09:00,1,0,0
เกษตร,งามวงศ์วาน,8,09:00-16:00,1,0,0
เกษตร,งามวงศ์วาน,8,16:00-19:00,1,0,0
เกษตร,งามวงศ์วาน,12,07:00-09:00,0,0,1
เกษตร,งามวงศ์วาน,12,09:00-17:00,0,0,1
เกษตร,งามวงศ์วาน,12,17:00-19:00,0,0,1
เกษตร,ประเสริฐมนูกิจ,4,07:00-09:00,0,0,1
เกษตร,ประเสริฐมนูกิจ,4,09:00-17:00,0,0,1
เกษตร,ประเสริฐมนูกิจ,4,17:00-19:00,0,0,1
เกษตร,ประเสริฐมนูกิจ,7,07:00-09:00,0,1,0
เกษตร,ประเสริฐมนูกิจ,7,09:00-16:00,0,1,0
เกษตร,ประเสริฐมนูกิจ,7,16:00-19:00,0,1,0
เกษตร,ประเสริฐมนูกิจ,12,07:00-09:00,0,0,1
เกษตร,ประเสริฐมนูกิจ,12,09:00-17:00,0,0,1
เกษตร,ประเสริฐมนูกิจ,12,17:00-19:00,0,0,1
เกษตร,พหลโยธิน,4,07:00-09:00,0,0,1
เกษตร,พหลโยธิน,4,09:00-17:00,0,0,1
เกษตร,พหลโยธิน,4,17:00-19:00,0,0,1
เกษตร,พหลโยธิน,7,07:00-09:00,0,1,0
เกษตร,พหลโยธิน,7,09:00-16:00,0,1,0
เกษตร,พหลโยธิน,7,16:00-19:00,0,1,0
เกษตร,พหลโยธิน,8,07:00-09:00,1,0,0
เกษตร,พหลโยธิน,8,09:00-16:00,1,0,0
เกษตร,พหลโยธิน,8,16:00-19:00,1,0,0
เกษตร,พหลโยธิน,12,07:00-09:00,0,0,1
เกษตร,พหลโยธิน,12,09:00-17:00,0,0,1
เกษตร,พหลโยธิน,12,17:00-19:00,0,0,1
เกษตร,เกษตรนวมินทร์,8,06:30-09:00,1,0,0
เกษตร,เกษตรนวมินทร์,8,09:00-16:00,1,0,0
เกษตร,เกษตรนวมินทร์,8,16:00-19:30,1,0,0
เกษมราษฎร์,ซอยอารีย์,3,07:00-09:00,1,0,0
เกษมราษฎร์,ซอยอารีย์,3,09:00-16:00,1,0,0
เกษมราษฎร์,ซอยอารีย์,3,16:00-19:00,1,0,0
เกษมราษฎร์,ซอยอารีย์,4,07:00-09:00,0,1,0
เกษมราษฎร์,ซอยอารีย์,4,09:00-16:00,0,1,0
เกษมราษฎร์,ซอยอารีย์,4,16:00-19:00,0,1,0
เกษมราษฎร์,ซอยอารีย์,5,06:30-09:00,1,0,0
เกษมราษฎร์,ซอยอารีย์,5,09:00-16:00,1,0,0
เกษมราษฎร์,ซอยอารีย์,5,16:00-19:30,1,0,0
เกษมราษฎร์,พระรามที่4,3,07:00-09:00,1,0,0
เกษมราษฎร์,พระรามที่4,3,09:00-16:00,1,0,0
เกษมราษฎร์,พระรามที่4,3,16:00-19:00,1,0,0
เกษมราษฎร์,พระรามที่4,4,07:00-09:00,0,1,0
เกษมราษฎร์,พระรามที่4,4,09:00-16:00,0,1,0
เกษมราษฎร์,พระรามที่4,4,16:00-19:00,0,1,0
เกษมราษฎร์,พระรามที่4,5,07:00-09:00,1,0,0
เกษมราษฎร์,พระรามที่4,5,09:00-16:00,1,0,0
เกษมราษฎร์,พระรามที่4,5,16:00-19:00,1,0,0
เกษมราษฎร์,พระรามที่4,6,07:00-09:00,0,0,1
เกษมราษฎร์,พระรามที่4,6,09:00-16:00,0,0,1
เกษมราษฎร์,พระรามที่4,6,16:00-19:00,0,0,1
เกษมราษฎร์,พระรามที่4,7,07:00-09:00,0,0,1
เกษมราษฎร์,พระรามที่4,7,09:00-17:00,0,0,1
เกษมราษฎร์,พระรามที่4,7,17:00-19:00,0,0,1
เกษมราษฎร์,พระรามที่4,9,07:00-09:00,0,0,1
เกษมราษฎร์,พระรามที่4,9,09:00-17:00,0,0,1
เกษมราษฎร์,พระรามที่4,9,17:00-19:00,0,0,1
เกษมราษฎร์,พระรามที่4,12,07:00-09:00,0,0,1
เกษมราษฎร์,พระรามที่4,12,09:00-17:00,0,0,1
เกษมราษฎร์,พระรามที่4,12,17:00-19:00,0,0,1
เกษมราษฎร์,อารีย์,6,07:00-09:00,0,0,1
เกษมราษฎร์,อารีย์,6,09:00-16:00,0,0,1
เกษมราษฎร์,อารีย์,6,16:00-19:00,0,0,1
เกษมราษฎร์,เกษมราษฎร์,3,07:00-09:00,1,0,0
เกษมราษฎร์,เกษมราษฎร์,3,09:00-16:00,1,0,0
เกษมราษฎร์,เกษมราษฎร์,3,16:00-19:00,1,0,0
เกษมราษฎร์,เกษมราษฎร์,4,07:00-09:00,0,1,0
เกษมราษฎร์,เกษมราษฎร์,4,09:00-16:00,0,1,0
เกษมราษฎร์,เกษมราษฎร์,4,16:00-19:00,0,1,0
เกษมราษฎร์,เกษมราษฎร์,5,06:30-09:00,1,0,0
เกษมราษฎร์,เกษมราษฎร์,5,09:00-16:00,1,0,0
เกษมราษฎร์,เกษมราษฎร์,5,16:00-19:30,1,0,0
เกษมราษฎร์,เกษมราษฎร์,6,07:00-09:00,0,0,1
เกษมราษฎร์,เกษมราษฎร์,6,09:00-16:00,0,0,1
เกษมราษฎร์,เกษมราษฎร์,6,16:00-19:00,0,0,1
เกษมราษฎร์,เกษมราษฎร์,7,07:00-09:00,0,0,1
เกษมราษฎร์,เกษมราษฎร์,7,09:00-17:00,0,0,1
เกษมราษฎร์,เกษมราษฎร์,7,17:00-19:00,0,0,1
เกษมราษฎร์,เกษมราษฎร์,9,07:00-09:00,0,0,1
เกษมราษฎร์,เกษมราษฎร์,9,09:00-17:00,0,0,1
เกษมราษฎร์,เกษมราษฎร์,9,17:00-19:00,0,0,1
เกษมราษฎร์,เกษมราษฎร์,12,07:00-09:00,0,0,1
เกษมราษฎร์,เกษมราษฎร์,12,09:00-17:00,0,0,1
เกษมราษฎร์,เกษมราษฎร์,12,17:00-19:00,0,0,1
เกษะโกมล,พระรามที่5,1,07:00-09:00,0,1,0
เกษะโกมล,พระรามที่5,1,09:00-16:00,0,1,0
เกษะโกมล,พระรามที่5,1,16:00-19:00,0,1,0
เกษะโกมล,พระรามที่5,8,07:00-09:00,1,0,0
เกษะโกมล,พระรามที่5,8,09:00-16:00,1,0,0
เกษะโกมล,พระรามที่5,8,16:00-19:00,1,0,0
เกษะโกมล,พระรามที่5,10,07:00-09:00,0,0,1
เกษะโกมล,พระรามที่5,10,09:00-16:00,0,0,1
เกษะโกมล,พระรามที่5,10,16:00-19:00,0,0,1
เกษะโกมล,พระรามที่5,11,07:00-09:00,1,0,1
เกษะโกมล,พระรามที่5,11,09:00-16:00,1,0,0
เกษะโกมล,พระรามที่5,11,09:00-17:00,0,0,1
เกษะโกมล,พระรามที่5,11,16:00-19:00,1,0,0
เกษะโกมล,พระรามที่5,11,17:00-19:00,0,0,1
เกษะโกมล,อำนวยสงคราม,1,07:00-09:00,0,1,0
เกษะโกมล,อำนวยสงคราม,1,09:00-16:00,0,1,0
เกษะโกมล,อำนวยสงคราม,1,16:00-19:00,0,1,0
เกษะโกมล,อำนวยสงคราม,8,07:00-09:00,1,0,0
เกษะโกมล,อำนวยสงคราม,8,09:00-16:00,1,0,0
เกษะโกมล,อำนวยสงคราม,8,16:00-19:00,1,0,0
เกษะโกมล,อำนวยสงคราม,10,07:00-09:00,0,0,1
เกษะโกมล,อำนวยสงคราม,10,09:00-16:00,0,0,1
เกษะโกมล,อำนวยสงคราม,10,16:00-19:00,0,0,1
เกษะโกมล,อำนวยสงคราม,11,07:00-09:00,1,0,1
เกษะโกมล,อำนวยสงคราม,11,09:00-16:00,1,0,0
เกษะโกมล,อำนวยสงคราม,11,09:00-17:00,0,0,1
เกษะโกมล,อำนวยสงคราม,11,16:00-19:00,1,0,0
เกษะโกมล,อำนวยสงคราม,11,17:00-19:00,0,0,1
เกษะโกมล,เศรษฐศิริ,1,07:00-09:00,0,1,0
เกษะโกมล,เศรษฐศิริ,1,09:00-16:00,0,1,0
เกษะโกมล,เศรษฐศิริ,1,16:00-19:00,0,1,0
เกษะโกมล,เศรษฐศิริ,8,07:00-09:00,1,0,0
เกษะโกมล,เศรษฐศิริ,8,09:00-16:00,1,0,0
เกษะโกมล,เศรษฐศิริ,8,16:00-19:00,1,0,0
เกษะโกมล,เศรษฐศิริ,10,07:00-09:00,0,0,1
เกษะโกมล,เศรษฐศิริ,10,09:00-16:00,0,0,1
เกษะโกมล,เศรษฐศิริ,10,16:00-19:00,0,0,1
เกษะโกมล,เศรษฐศิริ,11,07:00-09:00,1,0,1
เกษะโกมล,เศรษฐศิริ,11,09:00-16:00,1,0,0
เกษะโกมล,เศรษฐศิริ,11,09:00-17:00,0,0,1
เกษะโกมล,เศรษฐศิริ,11,16:00-19:00,1,0,0
เกษะโกมล,เศรษฐศิริ,11,17:00-19:00,0,0,1
เกียกกาย,ทหาร,1,07:00-09:00,0,0,1
เกียกกาย,ทหาร,1,09:00-17:00,0,0,1
เกียกกาย,ทหาร,1,17:00-19:00,0,0,1
เกียกกาย,ทหาร,2,07:00-09:00,0,1,1
เกียกกาย,ทหาร,2,09:00-16:00,0,1,0
เกียกกาย,ทหาร,2,09:00-17:00,0,0,1
เกียกกาย,ทหาร,2,16:00-19:00,0,1,0
เกียกกาย,ทหาร,2,17:00-19:00,0,0,1
เกียกกาย,ทหาร,5,07:00-09:00,0,1,0
เกียกกาย,ทหาร,5,09:00-16:00,0,1,0
เกียกกาย,ทหาร,5,16:00-19:00,0,1,0
เกียกกาย,ทหาร,11,07:00-09:00,1,0,0
เกียกกาย,ทหาร,11,09:00-16:00,1,0,0
เกียกกาย,ทหาร,11,16:00-19:00,1,0,0
เกียกกาย,ประชาราษฎร์สาย1,1,07:00-09:00,0,0,1
เกียกกาย,ประชาราษฎร์สาย1,1,09:00-17:00,0,0,1
เกียกกาย,ประชาราษฎร์สาย1,1,17:00-19:00,0,0,1
เกียกกาย,ประชาราษฎร์สาย1,2,07:00-09:00,0,1,1
เกียกกาย,ประชาราษฎร์สาย1,2,09:00-16:00,0,1,0
เกียกกาย,ประชาราษฎร์สาย1,2,09:00-17:00,0,0,1
เกียกกาย,ประชาราษฎร์สาย1,2,16:00-19:00,0,1,0
เกียกกาย,ประชาราษฎร์สาย1,2,17:00-19:00,0,0,1
เกียกกาย,ประชาราษฎร์สาย1,5,07:00-09:00,0,1,0
เกียกกาย,ประชาราษฎร์สาย1,5,09:00-16:00,0,1,0
เกียกกาย,ประชาราษฎร์สาย1,5,16:00-19:00,0,1,0
เกียกกาย,ประชาราษฎร์สาย1,11,07:00-09:00,1,0,0
เกียกกาย,ประชาราษฎร์สาย1,11,09:00-16:00,1,0,0
เกียกกาย,ประชาราษฎร์สาย1,11,16:00-19:00,1,0,0
เกียกกาย,สามเสน,1,07:00-09:00,0,0,1
เกียกกาย,สามเสน,1,09:00-17:00,0,0,1
เกียกกาย,สามเสน,1,17:00-19:00,0,0,1
เกียกกาย,สามเสน,2,07:00-09:00,0,1,1
เกียกกาย,สามเสน,2,09:00-16:00,0,1,0
เกียกกาย,สามเสน,2,09:00-17:00,0,0,1
เกียกกาย,สามเสน,2,16:00-19:00,0,1,0
เกียกกาย,สามเสน,2,17:00-19:00,0,0,1
เกียกกาย,สามเสน,5,07:00-09:00,0,1,0
เกียกกาย,สามเสน,5,09:00-16:00,0,1,0
เกียกกาย,สามเสน,5,16:00-19:00,0,1,0
เกียกกาย,สามเสน,11,07:00-09:00,1,0,0
เกียกกาย,สามเสน,11,09:00-16:00,1,0,0
เกียกกาย,สามเสน,11,16:00-19:00,1,0,0
เข้าออกกำนันแม้น,เอกชัย36,3,07:00-09:00,0,0,1
เข้าออกกำนันแม้น,เอกชัย36,3,09:00-17:00,0,0,1
เข้าออกกำนันแม้น,เอกชัย36(กำนันแม้น),3,17:00-19:00,0,0,1
เคหะร่มเกล่า-ซอยเคดหะร่มเกล้า6,ซอยเคหะร่มเกล้า6แยก6,9,07:00-09:00,1,0,0
เคหะร่มเกล่า-ซอยเคดหะร่มเกล้า6,ซอยเคหะร่มเกล้า6แยก6,9,09:00-16:00,1,0,0
เคหะร่มเกล่า-ซอยเคดหะร่มเกล้า6,ซอยเคหะร่มเกล้า6แยก6,9,16:00-19:00,1,0,0
เคหะร่มเกล่า-ซอยเคดหะร่มเกล้า6,เคหะร่มเกล้า,9,06:30-09:00,1,0,0
เคหะร่มเกล่า-ซอยเคดหะร่มเกล้า6,เคหะร่มเกล้า,9,09:00-16:00,1,0,0
เคหะร่มเกล่า-ซอยเคดหะร่มเกล้า6,เคหะร่มเกล้า,9,16:00-19:30,1,0,0
เจริญกรุง,เจริญกรุง,3,07:00-09:00,0,0,2
เจริญกรุง,เจริญกรุง,3,09:00-16:00,0,0,2
เจริญกรุง,เจริญกรุง,3,16:00-19:00,0,0,2
เจริญกรุง-สุรวงศ์,สุรวงศ์,8,07:00-09:00,1,0,0
เจริญกรุง-สุรวงศ์,สุรวงศ์,8,09:00-16:00,1,0,0
เจริญกรุง-สุรวงศ์,สุรวงศ์,8,16:00-19:00,1,0,0
เจริญกรุง-สุรวงศ์,เจริญกรุง,8,07:00-09:00,1,0,0
เจริญกรุง-สุรวงศ์,เจริญกรุง,8,09:00-16:00,1,0,0
เจริญกรุง-สุรวงศ์,เจริญกรุง,8,16:00-19:00,1,0,0
เจริญกรุง57,ซอยเจริญกรุง57,6,07:00-09:00,0,1,0
เจริญกรุง57,ซอยเจริญกรุง57,6,09:00-16:00,0,1,0
เจริญกรุง57,ซอยเจริญกรุง57,6,16:00-19:00,0,1,0
เจริญกรุง57,เจริญกรุง,2,07:00-09:00,1,0,0
เจริญกรุง57,เจริญกรุง,2,09:00-16:00,1,0,0
เจริญกรุง57,เจริญกรุง,2,16:00-19:00,1,0,0
เจริญกรุง57,เจริญกรุง,6,07:00-09:00,0,1,0
เจริญกรุง57,เจริญกรุง,6,09:00-16:00,0,1,0
เจริญกรุง57,เจริญกรุง,6,16:00-19:00,0,1,0
เจริญกรุง57,เจริญกรุง57,2,07:00-09:00,1,0,0
เจริญกรุง57,เจริญกรุง57,2,09:00-16:00,1,0,0
เจริญกรุง57,เจริญกรุง57,2,16:00-19:00,1,0,0
เจริญกรุง95,เจริญกรุง,10,07:00-09:00,0,0,1
เจริญกรุง95,เจริญกรุง,10,09:00-17:00,0,0,1
เจริญกรุง95,เจริญกรุง,10,17:00-19:00,0,0,1
เจริญนคร28,เจริญนคร,6,07:00-09:00,0,0,1
เจริญนคร28,เจริญนคร,6,09:00-17:00,0,0,1
เจริญนคร28,เจริญนคร,6,17:00-19:00,0,0,1
เจริญนคร28,เจริญนคร28,6,07:00-09:00,0,0,1
เจริญนคร28,เจริญนคร28,6,09:00-17:00,0,0,1
เจริญนคร28,เจริญนคร28,6,17:00-19:00,0,0,1
เจริญนคร46,เจริญนคร,8,07:00-09:00,0,1,0
เจริญนคร46,เจริญนคร,8,09:00-16:00,0,1,0
เจริญนคร46,เจริญนคร,8,16:00-19:00,0,1,0
เจริญนครเหนือ,กรุงธนบุรี,3,07:00-09:00,1,0,0
เจริญนครเหนือ,กรุงธนบุรี,3,09:00-16:00,1,0,0
เจริญนครเหนือ,กรุงธนบุรี,3,16:00-19:00,1,0,0
เจริญนครเหนือ,กรุงธนบุรี,4,07:00-09:00,0,1,0
เจริญนครเหนือ,กรุงธนบุรี,4,09:00-16:00,0,1,0
เจริญนครเหนือ,กรุงธนบุรี,4,16:00-19:00,0,1,0
เจริญนครเหนือ,กรุงธนบุรี,6,07:00-09:00,1,0,0
เจริญนครเหนือ,กรุงธนบุรี,6,09:00-16:00,1,0,0
เจริญนครเหนือ,กรุงธนบุรี,6,16:00-19:00,1,0,0
เจริญนครเหนือ,เจริญนคร,3,07:00-09:00,1,0,0
เจริญนครเหนือ,เจริญนคร,3,09:00-16:00,1,0,0
เจริญนครเหนือ,เจริญนคร,3,16:00-19:00,1,0,0
เจริญนครเหนือ,เจริญนคร,4,07:00-09:00,0,1,0
เจริญนครเหนือ,เจริญนคร,4,09:00-16:00,0,1,0
เจริญนครเหนือ,เจริญนคร,4,16:00-19:00,0,1,0
เจริญนครเหนือ,เจริญนครเหนือ,6,07:00-09:00,1,0,0
เจริญนครเหนือ,เจริญนครเหนือ,6,09:00-16:00,1,0,0
เจริญนครเหนือ,เจริญนครเหนือ,6,16:00-19:00,1,0,0
เจริญนครใต้,กรุงธนบุรี,3,07:00-09:00,1,0,0
เจริญนครใต้,กรุงธนบุรี,3,09:00-16:00,1,0,0
เจริญนครใต้,กรุงธนบุรี,3,16:00-19:00,1,0,0
เจริญนครใต้,กรุงธนบุรี,4,07:00-09:00,0,1,0
เจริญนครใต้,กรุงธนบุรี,4,09:00-16:00,0,1,0
เจริญนครใต้,กรุงธนบุรี,4,16:00-19:00,0,1,0
เจริญนครใต้,กรุงธนบุรี,6,07:00-09:00,0,0,1
เจริญนครใต้,กรุงธนบุรี,6,09:00-17:00,0,0,1
เจริญนครใต้,กรุงธนบุรี,6,17:00-19:00,0,0,1
เจริญนครใต้,กรุงธนบุรี,7,07:00-09:00,1,0,0
เจริญนครใต้,กรุงธนบุรี,7,09:00-16:00,1,0,0
เจริญนครใต้,กรุงธนบุรี,7,16:00-19:00,1,0,0
เจริญนครใต้,เจริญนคร,3,07:00-09:00,1,0,0
เจริญนครใต้,เจริญนคร,3,09:00-16:00,1,0,0
เจริญนครใต้,เจริญนคร,3,16:00-19:00,1,0,0
เจริญนครใต้,เจริญนคร,4,07:00-09:00,0,1,0
เจริญนครใต้,เจริญนคร,4,09:00-16:00,0,1,0
เจริญนครใต้,เจริญนคร,4,16:00-19:00,0,1,0
เจริญนครใต้,เจริญนคร,6,07:00-09:00,0,0,1
เจริญนครใต้,เจริญนคร,6,09:00-17:00,0,0,1
เจริญนครใต้,เจริญนคร,6,17:00-19:00,0,0,1
เจริญนครใต้,เจริญนคร,7,07:00-09:00,1,0,0
เจริญนครใต้,เจริญนคร,7,09:00-16:00,1,0,0
เจริญนครใต้,เจริญนคร,7,16:00-19:00,1,0,0
เจริญผล,บรรทัดทอง,7,07:00-09:00,0,0,1
เจริญผล,บรรทัดทอง,7,09:00-17:00,0,0,1
เจริญผล,บรรทัดทอง,7,17:00-19:00,0,0,1
เจริญผล,บรรทัดทอง,8,07:00-09:00,0,1,0
เจริญผล,บรรทัดทอง,8,09:00-16:00,0,1,0
เจริญผล,บรรทัดทอง,8,16:00-19:00,0,1,0
เจริญผล,บรรทัดทอง,11,07:00-09:00,1,0,0
เจริญผล,บรรทัดทอง,11,09:00-16:00,1,0,0
เจริญผล,บรรทัดทอง,11,16:00-19:00,1,0,0
เจริญผล,บรรทัดทอง,12,07:00-09:00,0,1,0
เจริญผล,บรรทัดทอง,12,09:00-16:00,0,1,0
เจริญผล,บรรทัดทอง,12,16:00-19:00,0,1,0
เจริญผล,พระรามที่1,7,07:00-09:00,0,0,1
เจริญผล,พระรามที่1,7,09:00-17:00,0,0,1
เจริญผล,พระรามที่1,7,17:00-19:00,0,0,1
เจริญผล,พระรามที่1,8,07:00-09:00,0,1,0
เจริญผล,พระรามที่1,8,09:00-16:00,0,1,0
เจริญผล,พระรามที่1,8,16:00-19:00,0,1,0
เจริญผล,พระรามที่1,11,07:00-09:00,1,0,0
เจริญผล,พระรามที่1,11,09:00-16:00,1,0,0
เจริญผล,พระรามที่1,11,16:00-19:00,1,0,0
เจริญผล,พระรามที่1,12,07:00-09:00,0,1,0
เจริญผล,พระรามที่1,12,09:00-16:00,0,1,0
เจริญผล,พระรามที่1,12,16:00-19:00,0,1,0
เจริญพัฒนา-สุเหร่าคลองหนึ่งที่15,สุเหร่าคลองหนึ่ง,4,07:00-09:00,1,0,0
เจริญพัฒนา-สุเหร่าคลองหนึ่งที่15,สุเหร่าคลองหนึ่ง,4,09:00-16:00,1,0,0
เจริญพัฒนา-สุเหร่าคลองหนึ่งที่15,สุเหร่าคลองหนึ่ง,4,16:00-19:00,1,0,0
เจริญพัฒนา-สุเหร่าคลองหนึ่งที่15,สุเหร่าคลองหนึ่งที่15,4,07:00-09:00,1,0,0
เจริญพัฒนา-สุเหร่าคลองหนึ่งที่15,สุเหร่าคลองหนึ่งที่15,4,09:00-16:00,1,0,0
เจริญพัฒนา-สุเหร่าคลองหนึ่งที่15,สุเหร่าคลองหนึ่งที่15,4,16:00-19:00,1,0,0
เจริญพัฒนา-สุเหร่าคลองหนึ่งที่15,เจริญพัฒนา,4,07:00-09:00,1,0,0
เจริญพัฒนา-สุเหร่าคลองหนึ่งที่15,เจริญพัฒนา,4,09:00-16:00,1,0,0
เจริญพัฒนา-สุเหร่าคลองหนึ่งที่15,เจริญพัฒนา,4,16:00-19:00,1,0,0
เจริญรัก,เจริญนคร,4,07:00-09:00,0,0,1
เจริญรัก,เจริญนคร,4,09:00-17:00,0,0,1
เจริญรัก,เจริญนคร,4,17:00-19:00,0,0,1
เจริญรัก,เจริญนคร,5,07:00-09:00,0,1,0
เจริญรัก,เจริญนคร,5,09:00-16:00,0,1,0
เจริญรัก,เจริญนคร,5,16:00-19:00,0,1,0
เจริญรัก,เจริญรัก,4,07:00-09:00,0,0,1
เจริญรัก,เจริญรัก,4,09:00-17:00,0,0,1
เจริญรัก,เจริญรัก,4,17:00-19:00,0,0,1
เจริญรัก,เจริญรัก,5,07:00-09:00,0,1,0
เจริญรัก,เจริญรัก,5,09:00-16:00,0,1,0
เจริญรัก,เจริญรัก,5,16:00-19:00,0,1,0
เจริญราษฎร์,พระรามที่3,2,07:00-09:00,0,0,1
เจริญราษฎร์,พระรามที่3,2,09:00-16:00,0,0,1
เจริญราษฎร์,พระรามที่3,2,16:00-19:00,0,0,1
เจริญราษฎร์,พระรามที่3,3,07:00-09:00,1,0,1
เจริญราษฎร์,พระรามที่3,3,09:00-16:00,1,0,0
เจริญราษฎร์,พระรามที่3,3,09:00-17:00,0,0,1
เจริญราษฎร์,พระรามที่3,3,16:00-19:00,1,0,0
เจริญราษฎร์,พระรามที่3,3,17:00-19:00,0,0,1
เจริญราษฎร์,พระรามที่3,5,07:00-09:00,1,0,0
เจริญราษฎร์,พระรามที่3,5,09:00-16:00,1,0,0
เจริญราษฎร์,พระรามที่3,5,16:00-19:00,1,0,0
เจริญราษฎร์,พระรามที่3,8,07:00-09:00,0,0,2
เจริญราษฎร์,พระรามที่3,8,09:00-17:00,0,0,2
เจริญราษฎร์,พระรามที่3,8,17:00-19:00,0,0,2
เจริญราษฎร์,พระรามที่3,11,07:00-09:00,0,1,0
เจริญราษฎร์,พระรามที่3,11,09:00-16:00,0,1,0
เจริญราษฎร์,พระรามที่3,11,16:00-19:00,0,1,0
เจริญราษฎร์,เจริญราษฎร์,2,07:00-09:00,0,0,1
เจริญราษฎร์,เจริญราษฎร์,2,09:00-16:00,0,0,1
เจริญราษฎร์,เจริญราษฎร์,2,16:00-19:00,0,0,1
เจริญราษฎร์,เจริญราษฎร์,3,07:00-09:00,1,0,1
เจริญราษฎร์,เจริญราษฎร์,3,09:00-16:00,1,0,0
เจริญราษฎร์,เจริญราษฎร์,3,09:00-17:00,0,0,1
เจริญราษฎร์,เจริญราษฎร์,3,16:00-19:00,1,0,0
เจริญราษฎร์,เจริญราษฎร์,3,17:00-19:00,0,0,1
เจริญราษฎร์,เจริญราษฎร์,5,07:00-09:00,1,0,0
เจริญราษฎร์,เจริญราษฎร์,5,09:00-16:00,1,0,0
เจริญราษฎร์,เจริญราษฎร์,5,16:00-19:00,1,0,0
เจริญราษฎร์,เจริญราษฎร์,8,07:00-09:00,0,0,2
เจริญราษฎร์,เจริญราษฎร์,8,09:00-17:00,0,0,2
เจริญราษฎร์,เจริญราษฎร์,8,17:00-19:00,0,0,2
เจริญราษฎร์,เจริญราษฎร์,11,07:00-09:00,0,1,0
เจริญราษฎร์,เจริญราษฎร์,11,09:00-16:00,0,1,0
เจริญราษฎร์,เจริญราษฎร์,11,16:00-19:00,0,1,0
เจริญใจ,เอกมัย,5,07:00-09:00,0,0,1
เจริญใจ,เอกมัย,5,09:00-17:00,0,0,1
เจริญใจ,เอกมัย,5,17:00-19:00,0,0,1
เจริญใจ,เอกมัย,10,07:00-09:00,0,0,1
เจริญใจ,เอกมัย,10,09:00-17:00,0,0,1
เจริญใจ,เอกมัย,10,17:00-19:00,0,0,1
เจริญใจ,เอกมัย,11,07:00-09:00,0,0,1
เจริญใจ,เอกมัย,11,09:00-17:00,0,0,1
เจริญใจ,เอกมัย,11,17:00-19:00,0,0,1
เจริญใจ,เอกมัย12,5,07:00-09:00,0,0,1
เจริญใจ,เอกมัย12,5,09:00-17:00,0,0,1
เจริญใจ,เอกมัย12,5,17:00-19:00,0,0,1
เจริญใจ,เอกมัย12,10,07:00-09:00,0,0,1
เจริญใจ,เอกมัย12,10,09:00-17:00,0,0,1
เจริญใจ,เอกมัย12,10,17:00-19:00,0,0,1
เจริญใจ,เอกมัย12,11,07:00-09:00,0,0,1
เจริญใจ,เอกมัย12,11,09:00-17:00,0,0,1
เจริญใจ,เอกมัย12,11,17:00-19:00,0,0,1
เจริญใจ,เอกมัย5,5,07:00-09:00,0,0,1
เจริญใจ,เอกมัย5,5,09:00-17:00,0,0,1
เจริญใจ,เอกมัย5,5,17:00-19:00,0,0,1
เจริญใจ,เอกมัย5,10,07:00-09:00,0,0,1
เจริญใจ,เอกมัย5,10,09:00-17:00,0,0,1
เจริญใจ,เอกมัย5,10,17:00-19:00,0,0,1
เจริญใจ,เอกมัย5,11,07:00-09:00,0,0,1
เจริญใจ,เอกมัย5,11,09:00-17:00,0,0,1
เจริญใจ,เอกมัย5,11,17:00-19:00,0,0,1
เจ้าคุณทหาร-คุ้มเกล้า,คุ้มเกล้า,4,07:00-09:00,1,0,0
เจ้าคุณทหาร-คุ้มเกล้า,คุ้มเกล้า,4,09:00-16:00,1,0,0
เจ้าคุณทหาร-คุ้มเกล้า,คุ้มเกล้า,4,16:00-19:00,1,0,0
เจ้าคุณทหาร-คุ้มเกล้า,คุ้มเกล้า,10,07:00-09:00,0,1,0
เจ้าคุณทหาร-คุ้มเกล้า,คุ้มเกล้า,10,09:00-16:00,0,1,0
เจ้าคุณทหาร-คุ้มเกล้า,คุ้มเกล้า,10,16:00-19:00,0,1,0
เจ้าคุณทหาร-คุ้มเกล้า,มบคุมเกลา,7,07:00-09:00,1,0,0
เจ้าคุณทหาร-คุ้มเกล้า,มบคุมเกลา,7,09:00-16:00,1,0,0
เจ้าคุณทหาร-คุ้มเกล้า,มบคุมเกลา,7,16:00-19:00,1,0,0
เจ้าคุณทหาร-คุ้มเกล้า,เจ้าคุณทหาร,4,07:00-09:00,1,0,0
เจ้าคุณทหาร-คุ้มเกล้า,เจ้าคุณทหาร,4,09:00-16:00,1,0,0
เจ้าคุณทหาร-คุ้มเกล้า,เจ้าคุณทหาร,4,16:00-19:00,1,0,0
เจ้าคุณทหาร-คุ้มเกล้า,เจ้าคุณทหาร,7,07:00-09:00,1,0,0
เจ้าคุณทหาร-คุ้มเกล้า,เจ้าคุณทหาร,7,09:00-16:00,1,0,0
เจ้าคุณทหาร-คุ้มเกล้า,เจ้าคุณทหาร,7,16:00-19:00,1,0,0
เจ้าคุณทหาร-คุ้มเกล้า,เจ้าคุณทหารลาดกระบัง,10,07:00-09:00,0,1,0
เจ้าคุณทหาร-คุ้มเกล้า,เจ้าคุณทหารลาดกระบัง,10,09:00-16:00,0,1,0
เจ้าคุณทหาร-คุ้มเกล้า,เจ้าคุณทหารลาดกระบัง,10,16:00-19:00,0,1,0
เจ้าคุณทหาร-ฉลองกรุง,ฉลองกรุง,2,07:00-09:00,0,1,1
เจ้าคุณทหาร-ฉลองกรุง,ฉลองกรุง,2,09:00-16:00,0,1,1
เจ้าคุณทหาร-ฉลองกรุง,ฉลองกรุง,2,16:00-19:00,0,1,1
เจ้าคุณทหาร-ฉลองกรุง,ฉลองกรุง,7,07:00-09:00,0,0,1
เจ้าคุณทหาร-ฉลองกรุง,ฉลองกรุง,7,09:00-17:00,0,0,1
เจ้าคุณทหาร-ฉลองกรุง,ฉลองกรุง,7,17:00-19:00,0,0,1
เจ้าคุณทหาร-ฉลองกรุง,ฉลองกรุง,9,07:00-09:00,1,0,0
เจ้าคุณทหาร-ฉลองกรุง,ฉลองกรุง,9,09:00-16:00,1,0,0
เจ้าคุณทหาร-ฉลองกรุง,ฉลองกรุง,9,16:00-19:00,1,0,0
เจ้าคุณทหาร-ฉลองกรุง,เจ้าคุณทหาร,2,07:00-09:00,0,1,1
เจ้าคุณทหาร-ฉลองกรุง,เจ้าคุณทหาร,2,09:00-16:00,0,1,1
เจ้าคุณทหาร-ฉลองกรุง,เจ้าคุณทหาร,2,16:00-19:00,0,1,1
เจ้าคุณทหาร-ฉลองกรุง,เจ้าคุณทหาร,7,07:00-09:00,0,0,1
เจ้าคุณทหาร-ฉลองกรุง,เจ้าคุณทหาร,7,09:00-17:00,0,0,1
เจ้าคุณทหาร-ฉลองกรุง,เจ้าคุณทหาร,7,17:00-19:00,0,0,1
เจ้าคุณทหาร-ฉลองกรุง,เจ้าคุณทหาร,9,07:00-09:00,1,0,0
เจ้าคุณทหาร-ฉลองกรุง,เจ้าคุณทหาร,9,09:00-16:00,1,0,0
เจ้าคุณทหาร-ฉลองกรุง,เจ้าคุณทหาร,9,16:00-19:00,1,0,0
เจ้าคุณหทาร-ฉลองกรุง,ฉลองกรุง,11,07:00-09:00,0,0,1
เจ้าคุณหทาร-ฉลองกรุง,ฉลองกรุง,11,09:00-17:00,0,0,1
เจ้าคุณหทาร-ฉลองกรุง,ฉลองกรุง,11,17:00-19:00,0,0,1
เจ้าคุณหทาร-ฉลองกรุง,เจ้าคุณทหาร,11,07:00-09:00,0,0,1
เจ้าคุณหทาร-ฉลองกรุง,เจ้าคุณทหาร,11,09:00-17:00,0,0,1
เจ้าคุณหทาร-ฉลองกรุง,เจ้าคุณทหาร,11,17:00-19:00,0,0,1
เฉลิมกรุง,ตรีทอง,6,07:00-09:00,0,1,0
เฉลิมกรุง,ตรีทอง,6,09:00-16:00,0,1,0
เฉลิมกรุง,ตรีทอง,6,16:00-19:00,0,1,0
เฉลิมกรุง,ตรีเพชร,1,07:00-09:00,0,0,1
เฉลิมกรุง,ตรีเพชร,1,09:00-17:00,0,0,1
เฉลิมกรุง,ตรีเพชร,1,17:00-19:00,0,0,1
เฉลิมกรุง,ตรีเพชร,4,07:00-09:00,0,0,1
เฉลิมกรุง,ตรีเพชร,4,09:00-17:00,0,0,1
เฉลิมกรุง,ตรีเพชร,4,17:00-19:00,0,0,1
เฉลิมกรุง,ตรีเพชร,6,07:00-09:00,0,1,0
เฉลิมกรุง,ตรีเพชร,6,09:00-16:00,0,1,0
เฉลิมกรุง,ตรีเพชร,6,16:00-19:00,0,1,0
เฉลิมกรุง,ตรีเพชร,11,07:00-09:00,1,0,0
เฉลิมกรุง,ตรีเพชร,11,09:00-16:00,1,0,0
เฉลิมกรุง,ตรีเพชร,11,16:00-19:00,1,0,0
เฉลิมกรุง,ตรีเพชร,12,07:00-09:00,0,0,1
เฉลิมกรุง,ตรีเพชร,12,09:00-16:00,0,0,1
เฉลิมกรุง,ตรีเพชร,12,16:00-19:00,0,0,1
เฉลิมกรุง,ตีทอง,1,07:00-09:00,0,0,1
เฉลิมกรุง,ตีทอง,1,09:00-17:00,0,0,1
เฉลิมกรุง,ตีทอง,1,17:00-19:00,0,0,1
เฉลิมกรุง,ตีทอง,4,07:00-09:00,0,0,1
เฉลิมกรุง,ตีทอง,4,09:00-17:00,0,0,1
เฉลิมกรุง,ตีทอง,4,17:00-19:00,0,0,1
เฉลิมกรุง,ตีทอง,11,07:00-09:00,1,0,0
เฉลิมกรุง,ตีทอง,11,09:00-16:00,1,0,0
เฉลิมกรุง,ตีทอง,11,16:00-19:00,1,0,0
เฉลิมกรุง,ตีทอง,12,07:00-09:00,0,0,1
เฉลิมกรุง,ตีทอง,12,09:00-16:00,0,0,1
เฉลิมกรุง,ตีทอง,12,16:00-19:00,0,0,1
เฉลิมกรุง,เจริญกรุง,1,07:00-09:00,0,0,1
เฉลิมกรุง,เจริญกรุง,1,09:00-17:00,0,0,1
เฉลิมกรุง,เจริญกรุง,1,17:00-19:00,0,0,1
เฉลิมกรุง,เจริญกรุง,4,07:00-09:00,0,0,1
เฉลิมกรุง,เจริญกรุง,4,09:00-17:00,0,0,1
เฉลิมกรุง,เจริญกรุง,4,17:00-19:00,0,0,1
เฉลิมกรุง,เจริญกรุง,6,07:00-09:00,0,1,0
เฉลิมกรุง,เจริญกรุง,6,09:00-16:00,0,1,0
เฉลิมกรุง,เจริญกรุง,6,16:00-19:00,0,1,0
เฉลิมกรุง,เจริญกรุง,11,07:00-09:00,1,0,0
เฉลิมกรุง,เจริญกรุง,11,09:00-16:00,1,0,0
เฉลิมกรุง,เจริญกรุง,11,16:00-19:00,1,0,0
เฉลิมกรุง,เจริญกรุง,12,07:00-09:00,0,0,1
เฉลิมกรุง,เจริญกรุง,12,09:00-16:00,0,0,1
เฉลิมกรุง,เจริญกรุง,12,16:00-19:00,0,0,1
เฉลิมบุรี,ทรงสวัสดิ์,9,07:00-09:00,0,0,1
เฉลิมบุรี,ทรงสวัสดิ์,9,09:00-17:00,0,0,1
เฉลิมบุรี,ทรงสวัสดิ์,9,17:00-19:00,0,0,1
เฉลิมบุรี,ทรงสวัสดิ์,10,07:00-09:00,0,1,0
เฉลิมบุรี,ทรงสวัสดิ์,10,09:00-16:00,0,1,0
เฉลิมบุรี,ทรงสวัสดิ์,10,16:00-19:00,0,1,0
เฉลิมบุรี,เยาวราช,9,07:00-09:00,0,0,1
เฉลิมบุรี,เยาวราช,9,09:00-17:00,0,0,1
เฉลิมบุรี,เยาวราช,9,17:00-19:00,0,0,1
เฉลิมบุรี,เยาวราช,10,07:00-09:00,0,1,0
เฉลิมบุรี,เยาวราช,10,09:00-16:00,0,1,0
เฉลิมบุรี,เยาวราช,10,16:00-19:00,0,1,0
เฉลิมพระเกรียรติร.9ซอย67,เฉลิมพระเกียรติร.9,4,07:00-09:00,0,0,1
เฉลิมพระเกรียรติร.9ซอย67,เฉลิมพระเกียรติร.9,4,09:00-17:00,0,0,1
เฉลิมพระเกรียรติร.9ซอย67,เฉลิมพระเกียรติร.9,4,17:00-19:00,0,0,1
เฉลิมพระเกรียรติร.9ซอย67,เฉลิมพระเกียรติร.9ซอย67,4,07:00-09:00,0,0,1
เฉลิมพระเกรียรติร.9ซอย67,เฉลิมพระเกียรติร.9ซอย67,4,09:00-17:00,0,0,1
เฉลิมพระเกรียรติร.9ซอย67,เฉลิมพระเกียรติร.9ซอย67,4,17:00-19:00,0,0,1
เฉลิมพระเกียรติร.9ซอย43,เฉลิมพระเกียรติ,11,07:00-09:00,1,0,0
เฉลิมพระเกียรติร.9ซอย43,เฉลิมพระเกียรติ,11,09:00-16:00,1,0,0
เฉลิมพระเกียรติร.9ซอย43,เฉลิมพระเกียรติ,11,16:00-19:00,1,0,0
เฉลิมพระเกียรติร.9ซอย62แยก2,ฉลิมพระเกียรติร.9ซอย62แยก,11,07:00-09:00,1,0,0
เฉลิมพระเกียรติร.9ซอย62แยก2,ฉลิมพระเกียรติร.9ซอย62แยก,11,09:00-16:00,1,0,0
เฉลิมพระเกียรติร.9ซอย62แยก2,ฉลิมพระเกียรติร.9ซอย62แยก,11,16:00-19:00,1,0,0
เฉลิมพระเกียรติร.9ซอย62แยก2,เฉลิมพระเกียรติร.9ซอย62,11,07:00-09:00,1,0,0
เฉลิมพระเกียรติร.9ซอย62แยก2,เฉลิมพระเกียรติร.9ซอย62,11,09:00-16:00,1,0,0
เฉลิมพระเกียรติร.9ซอย62แยก2,เฉลิมพระเกียรติร.9ซอย62,11,16:00-19:00,1,0,0
เฉลิมพระเกียรติร.9ซอย65,เฉลิมพระเกียรติร.9,5,07:00-09:00,1,0,0
เฉลิมพระเกียรติร.9ซอย65,เฉลิมพระเกียรติร.9,5,09:00-16:00,1,0,0
เฉลิมพระเกียรติร.9ซอย65,เฉลิมพระเกียรติร.9,5,16:00-19:00,1,0,0
เฉลิมพระเกียรติร9ซอย23,เฉลิมพระเกียรติร.9,3,07:00-09:00,1,0,0
เฉลิมพระเกียรติร9ซอย23,เฉลิมพระเกียรติร.9,3,09:00-16:00,1,0,0
เฉลิมพระเกียรติร9ซอย23,เฉลิมพระเกียรติร.9,3,16:00-19:00,1,0,0
เฉลิมเผ่า,พระรามทิ่1,12,07:00-09:00,0,0,1
เฉลิมเผ่า,พระรามทิ่1,12,09:00-16:00,0,0,1
เฉลิมเผ่า,พระรามทิ่1,12,16:00-19:00,0,0,1
เฉลิมเผ่า,พระรามที่1,1,06:30-09:00,1,0,0
เฉลิมเผ่า,พระรามที่1,1,09:00-16:00,1,0,0
เฉลิมเผ่า,พระรามที่1,1,16:00-19:30,1,0,0
เฉลิมเผ่า,พระรามที่1,2,07:00-09:00,0,1,0
เฉลิมเผ่า,พระรามที่1,2,09:00-16:00,0,1,0
เฉลิมเผ่า,พระรามที่1,2,16:00-19:00,0,1,0
เฉลิมเผ่า,พระรามที่1,7,07:00-09:00,1,0,1
เฉลิมเผ่า,พระรามที่1,7,09:00-16:00,1,0,0
เฉลิมเผ่า,พระรามที่1,7,09:00-17:00,0,0,1
เฉลิมเผ่า,พระรามที่1,7,16:00-19:00,1,0,0
เฉลิมเผ่า,พระรามที่1,7,17:00-19:00,0,0,1
เฉลิมเผ่า,อังรีดูนังต์,1,06:30-09:00,1,0,0
เฉลิมเผ่า,อังรีดูนังต์,1,09:00-16:00,1,0,0
เฉลิมเผ่า,อังรีดูนังต์,1,16:00-19:30,1,0,0
เฉลิมเผ่า,อังรีดูนังต์,2,07:00-09:00,0,1,0
เฉลิมเผ่า,อังรีดูนังต์,2,09:00-16:00,0,1,0
เฉลิมเผ่า,อังรีดูนังต์,2,16:00-19:00,0,1,0
เฉลิมเผ่า,อังรีดูนังต์,7,07:00-09:00,1,0,1
เฉลิมเผ่า,อังรีดูนังต์,7,09:00-16:00,1,0,0
เฉลิมเผ่า,อังรีดูนังต์,7,09:00-17:00,0,0,1
เฉลิมเผ่า,อังรีดูนังต์,7,16:00-19:00,1,0,0
เฉลิมเผ่า,อังรีดูนังต์,7,17:00-19:00,0,0,1
เฉลิมเผ่า,อังรีดูนังต์,12,07:00-09:00,0,0,1
เฉลิมเผ่า,อังรีดูนังต์,12,09:00-16:00,0,0,1
เฉลิมเผ่า,อังรีดูนังต์,12,16:00-19:00,0,0,1
เฉลิมไทย,ราชดำเนิน,8,07:00-09:00,0,1,0
เฉลิมไทย,ราชดำเนิน,8,09:00-16:00,0,1,0
เฉลิมไทย,ราชดำเนิน,8,16:00-19:00,0,1,0
เชิดวุฒากาศ-กำแพงเพชร6,กำแพงเพชร6,3,07:00-09:00,0,0,1
เชิดวุฒากาศ-กำแพงเพชร6,กำแพงเพชร6,3,09:00-17:00,0,0,1
เชิดวุฒากาศ-กำแพงเพชร6,กำแพงเพชร6,3,17:00-19:00,0,0,1
เชิดวุฒากาศ-กำแพงเพชร6,เชิดวุฒากาศ,3,07:00-09:00,0,0,1
เชิดวุฒากาศ-กำแพงเพชร6,เชิดวุฒากาศ,3,09:00-17:00,0,0,1
เชิดวุฒากาศ-กำแพงเพชร6,เชิดวุฒากาศ,3,17:00-19:00,0,0,1
เชิดวุฒากาศ-กำแพงเพชร6,เชิดวุฒากาศ-กำแพงเพชร6,3,07:00-09:00,0,0,1
เชิดวุฒากาศ-กำแพงเพชร6,เชิดวุฒากาศ-กำแพงเพชร6,3,09:00-17:00,0,0,1
เชิดวุฒากาศ-กำแพงเพชร6,เชิดวุฒากาศ-กำแพงเพชร6,3,17:00-19:00,0,0,1
เชื่อมสัมพันธ์-บุรีภิรมย์,บุรีภิรมย์,1,07:00-09:00,0,0,1
เชื่อมสัมพันธ์-บุรีภิรมย์,บุรีภิรมย์,1,09:00-17:00,0,0,1
เชื่อมสัมพันธ์-บุรีภิรมย์,บุรีภิรมย์,1,17:00-19:00,0,0,1
เชื่อมสัมพันธ์-บุรีภิรมย์,บุรีภิรมย์,8,07:00-09:00,0,0,1
เชื่อมสัมพันธ์-บุรีภิรมย์,บุรีภิรมย์,8,09:00-16:00,0,0,1
เชื่อมสัมพันธ์-บุรีภิรมย์,บุรีภิรมย์,8,16:00-19:00,0,0,1
เชื่อมสัมพันธ์-บุรีภิรมย์,เชื่อมสัมพันธ์,1,07:00-09:00,0,0,1
เชื่อมสัมพันธ์-บุรีภิรมย์,เชื่อมสัมพันธ์,1,09:00-17:00,0,0,1
เชื่อมสัมพันธ์-บุรีภิรมย์,เชื่อมสัมพันธ์,1,17:00-19:00,0,0,1
เชื่อมสัมพันธ์-บุรีภิรมย์,เชื่อมสัมพันธ์,8,07:00-09:00,0,0,1
เชื่อมสัมพันธ์-บุรีภิรมย์,เชื่อมสัมพันธ์,8,09:00-16:00,0,0,1
เชื่อมสัมพันธ์-บุรีภิรมย์,เชื่อมสัมพันธ์,8,16:00-19:00,0,0,1
เชื่อมสัมพันธ์-ลำไทร,ลำไทร,1,07:00-09:00,0,0,1
เชื่อมสัมพันธ์-ลำไทร,ลำไทร,1,09:00-17:00,0,0,1
เชื่อมสัมพันธ์-ลำไทร,ลำไทร,1,17:00-19:00,0,0,1
เชื่อมสัมพันธ์-ลำไทร,เชื่อมสัมพันธ์,1,07:00-09:00,0,0,1
เชื่อมสัมพันธ์-ลำไทร,เชื่อมสัมพันธ์,1,09:00-17:00,0,0,1
เชื่อมสัมพันธ์-ลำไทร,เชื่อมสัมพันธ์,1,17:00-19:00,0,0,1
เชื่อมสัมพันธ์-สกุลดี,สกุลดี,2,07:00-09:00,0,0,1
เชื่อมสัมพันธ์-สกุลดี,สกุลดี,2,09:00-17:00,0,0,1
เชื่อมสัมพันธ์-สกุลดี,สกุลดี,2,17:00-19:00,0,0,1
เชื่อมสัมพันธ์-สกุลดี,สกุลดี,7,07:00-09:00,0,1,0
เชื่อมสัมพันธ์-สกุลดี,สกุลดี,7,09:00-16:00,0,1,0
เชื่อมสัมพันธ์-สกุลดี,สกุลดี,7,16:00-19:00,0,1,0
เชื่อมสัมพันธ์-สกุลดี,สกุลดี,9,07:00-09:00,0,0,1
เชื่อมสัมพันธ์-สกุลดี,สกุลดี,9,09:00-16:00,0,0,1
เชื่อมสัมพันธ์-สกุลดี,สกุลดี,9,16:00-19:00,0,0,1
เชื่อมสัมพันธ์-สกุลดี,เชื่อมสัมพันธ์,2,07:00-09:00,0,0,1
เชื่อมสัมพันธ์-สกุลดี,เชื่อมสัมพันธ์,2,09:00-17:00,0,0,1
เชื่อมสัมพันธ์-สกุลดี,เชื่อมสัมพันธ์,2,17:00-19:00,0,0,1
เชื่อมสัมพันธ์-สกุลดี,เชื่อมสัมพันธ์,7,07:00-09:00,0,1,0
เชื่อมสัมพันธ์-สกุลดี,เชื่อมสัมพันธ์,7,09:00-16:00,0,1,0
เชื่อมสัมพันธ์-สกุลดี,เชื่อมสัมพันธ์,7,16:00-19:00,0,1,0
เชื่อมสัมพันธ์-สกุลดี,เชื่อมสัมพันธ์,9,07:00-09:00,0,0,1
เชื่อมสัมพันธ์-สกุลดี,เชื่อมสัมพันธ์,9,09:00-16:00,0,0,1
เชื่อมสัมพันธ์-สกุลดี,เชื่อมสัมพันธ์,9,16:00-19:00,0,0,1
เชื่อมสัมพันธ์-เลียบวารี,สังฆสันติสุข,7,07:00-09:00,0,1,0
เชื่อมสัมพันธ์-เลียบวารี,สังฆสันติสุข,7,09:00-16:00,0,1,0
เชื่อมสัมพันธ์-เลียบวารี,สังฆสันติสุข,7,16:00-19:00,0,1,0
เชื่อมสัมพันธ์-เลียบวารี,เชื่อมสัมพันธ์,7,07:00-09:00,0,1,0
เชื่อมสัมพันธ์-เลียบวารี,เชื่อมสัมพันธ์,7,09:00-16:00,0,1,0
เชื่อมสัมพันธ์-เลียบวารี,เชื่อมสัมพันธ์,7,16:00-19:00,0,1,0
เชื่อมสัมพันธ์-เลียบวารี,เลียบวารี,7,07:00-09:00,0,1,0
เชื่อมสัมพันธ์-เลียบวารี,เลียบวารี,7,09:00-16:00,0,1,0
เชื่อมสัมพันธ์-เลียบวารี,เลียบวารี,7,16:00-19:00,0,1,0
เดชะตุงคะ-นาวงประชาพัฒนา,นาวงประชาพัฒนา,9,07:00-09:00,0,1,0
เดชะตุงคะ-นาวงประชาพัฒนา,นาวงประชาพัฒนา,9,09:00-16:00,0,1,0
เดชะตุงคะ-นาวงประชาพัฒนา,นาวงประชาพัฒนา,9,16:00-19:00,0,1,0
เดชะตุงคะ-นาวงประชาพัฒนา,เดชะตุงคะ,9,07:00-09:00,0,1,0
เดชะตุงคะ-นาวงประชาพัฒนา,เดชะตุงคะ,9,09:00-16:00,0,1,0
เดชะตุงคะ-นาวงประชาพัฒนา,เดชะตุงคะ,9,16:00-19:00,0,1,0
เดอะมอลล์บางแค,กาญจนาภิเษก,5,07:00-09:00,0,0,1
เดอะมอลล์บางแค,กาญจนาภิเษก,5,09:00-17:00,0,0,1
เดอะมอลล์บางแค,กาญจนาภิเษก,5,17:00-19:00,0,0,1
เดอะมอลล์บางแค,เพชรเกษม,5,07:00-09:00,0,0,1
เดอะมอลล์บางแค,เพชรเกษม,5,09:00-17:00,0,0,1
เดอะมอลล์บางแค,เพชรเกษม,5,17:00-19:00,0,0,1
เดอะมอลล์บางแค,เพชรเกษม47/2,5,07:00-09:00,0,0,1
เดอะมอลล์บางแค,เพชรเกษม47/2,5,09:00-17:00,0,0,1
เดอะมอลล์บางแค,เพชรเกษม47/2,5,17:00-19:00,0,0,1
เดโช,สีลม,7,07:00-09:00,0,0,1
เดโช,สีลม,7,09:00-16:00,0,0,1
เดโช,สีลม,7,16:00-19:00,0,0,1
เดโช,สีลม,8,07:00-09:00,0,1,0
เดโช,สีลม,8,09:00-16:00,0,1,0
เดโช,สีลม,8,16:00-19:00,0,1,0
เดโช,สีลม,11,07:00-09:00,1,0,0
เดโช,สีลม,11,09:00-16:00,1,0,0
เดโช,สีลม,11,16:00-19:00,1,0,0
เดโช,สีลม,12,07:00-09:00,0,1,0
เดโช,สีลม,12,09:00-16:00,0,1,0
เดโช,สีลม,12,16:00-19:00,0,1,0
เดโช,เดโช,7,07:00-09:00,0,0,1
เดโช,เดโช,7,09:00-16:00,0,0,1
เดโช,เดโช,7,16:00-19:00,0,0,1
เดโช,เดโช,8,07:00-09:00,0,1,0
เดโช,เดโช,8,09:00-16:00,0,1,0
เดโช,เดโช,8,16:00-19:00,0,1,0
เดโช,เดโช,11,07:00-09:00,1,0,0
เดโช,เดโช,11,09:00-16:00,1,0,0
เดโช,เดโช,11,16:00-19:00,1,0,0
เดโช,เดโช,12,07:00-09:00,0,1,0
เดโช,เดโช,12,09:00-16:00,0,1,0
เดโช,เดโช,12,16:00-19:00,0,1,0
เตาปูน,กรุงเทพ-นนทบุรี,9,07:00-09:00,0,1,0
เตาปูน,กรุงเทพ-นนทบุรี,9,09:00-16:00,0,1,0
เตาปูน,กรุงเทพ-นนทบุรี,9,16:00-19:00,0,1,0
เตาปูน,ซอยนำชัย,7,07:00-09:00,0,0,1
เตาปูน,ซอยนำชัย,7,09:00-17:00,0,0,1
เตาปูน,ซอยนำชัย,7,17:00-19:00,0,0,1
เตาปูน,ซอยน้ำชัย,6,07:00-09:00,0,1,0
เตาปูน,ซอยน้ำชัย,6,09:00-16:00,0,1,0
เตาปูน,ซอยน้ำชัย,6,16:00-19:00,0,1,0
เตาปูน,ซอยน้ำชัย,9,07:00-09:00,0,1,0
เตาปูน,ซอยน้ำชัย,9,09:00-16:00,0,1,0
เตาปูน,ซอยน้ำชัย,9,16:00-19:00,0,1,0
เตาปูน,ประชาราษฎร์,6,07:00-09:00,0,1,0
เตาปูน,ประชาราษฎร์,6,09:00-16:00,0,1,0
เตาปูน,ประชาราษฎร์,6,16:00-19:00,0,1,0
เตาปูน,ประชาราษฎร์,7,07:00-09:00,0,0,1
เตาปูน,ประชาราษฎร์,7,09:00-17:00,0,0,1
เตาปูน,ประชาราษฎร์,7,17:00-19:00,0,0,1
เตาปูน,ประชาราษฎร์,8,07:00-09:00,1,0,0
เตาปูน,ประชาราษฎร์,8,09:00-16:00,1,0,0
เตาปูน,ประชาราษฎร์,8,16:00-19:00,1,0,0
เตาปูน,ประชาราษฎร์,10,07:00-09:00,1,0,1
เตาปูน,ประชาราษฎร์,10,09:00-16:00,1,0,0
เตาปูน,ประชาราษฎร์,10,09:00-17:00,0,0,1
เตาปูน,ประชาราษฎร์,10,16:00-19:00,1,0,0
เตาปูน,ประชาราษฎร์,10,17:00-19:00,0,0,1
เตาปูน,ประชาราษฎร์สาย2,6,07:00-09:00,0,1,0
เตาปูน,ประชาราษฎร์สาย2,6,09:00-16:00,0,1,0
เตาปูน,ประชาราษฎร์สาย2,6,16:00-19:00,0,1,0
เตาปูน,ประชาราษฎร์สาย2,7,07:00-09:00,0,0,1
เตาปูน,ประชาราษฎร์สาย2,7,09:00-17:00,0,0,1
เตาปูน,ประชาราษฎร์สาย2,7,17:00-19:00,0,0,1
เตาปูน,ประชาราษฎร์สาย2,8,07:00-09:00,1,0,0
เตาปูน,ประชาราษฎร์สาย2,8,09:00-16:00,1,0,0
เตาปูน,ประชาราษฎร์สาย2,8,16:00-19:00,1,0,0
เตาปูน,ประชาราษฎร์สาย2,9,07:00-09:00,0,1,0
เตาปูน,ประชาราษฎร์สาย2,9,09:00-16:00,0,1,0
เตาปูน,ประชาราษฎร์สาย2,9,16:00-19:00,0,1,0
เตาปูน,ประชาราษฎร์สาย2,10,07:00-09:00,1,0,1
เตาปูน,ประชาราษฎร์สาย2,10,09:00-16:00,1,0,0
เตาปูน,ประชาราษฎร์สาย2,10,09:00-17:00,0,0,1
เตาปูน,ประชาราษฎร์สาย2,10,16:00-19:00,1,0,0
เตาปูน,ประชาราษฎร์สาย2,10,17:00-19:00,0,0,1
เทคนิคกรุงเทพ,นราธิวาสราชนครินทร์17,9,07:00-09:00,0,0,1
เทคนิคกรุงเทพ,นราธิวาสราชนครินทร์17,9,09:00-17:00,0,0,1
เทคนิคกรุงเทพ,นราธิวาสราชนครินทร์17,9,17:00-19:00,0,0,1
เทคนิคกรุงเทพ,นราธิวาสฯ17,5,07:00-09:00,0,0,1
เทคนิคกรุงเทพ,นราธิวาสฯ17,5,09:00-17:00,0,0,1
เทคนิคกรุงเทพ,นราธิวาสฯ17,5,17:00-19:00,0,0,1
เทคนิคกรุงเทพ,นางลิ้นจี่,5,07:00-09:00,0,0,1
เทคนิคกรุงเทพ,นางลิ้นจี่,5,09:00-17:00,0,0,1
เทคนิคกรุงเทพ,นางลิ้นจี่,5,17:00-19:00,0,0,1
เทคนิคกรุงเทพ,นางลิ้นจี่,9,07:00-09:00,0,0,1
เทคนิคกรุงเทพ,นางลิ้นจี่,9,09:00-17:00,0,0,1
เทคนิคกรุงเทพ,นางลิ้นจี่,9,17:00-19:00,0,0,1
เทคนิคกรุงเทพ,สวนพลู,5,07:00-09:00,0,0,1
เทคนิคกรุงเทพ,สวนพลู,5,09:00-17:00,0,0,1
เทคนิคกรุงเทพ,สวนพลู,5,17:00-19:00,0,0,1
เทคนิคกรุงเทพ,สวนพลู,9,07:00-09:00,0,0,1
เทคนิคกรุงเทพ,สวนพลู,9,09:00-17:00,0,0,1
เทคนิคกรุงเทพ,สวนพลู,9,17:00-19:00,0,0,1
เทคนิคกรุงเทพ,โรงถ่าน,5,07:00-09:00,0,0,1
เทคนิคกรุงเทพ,โรงถ่าน,5,09:00-17:00,0,0,1
เทคนิคกรุงเทพ,โรงถ่าน,5,17:00-19:00,0,0,1
เทคนิคกรุงเทพ,โรงถ่าน,9,07:00-09:00,0,0,1
เทคนิคกรุงเทพ,โรงถ่าน,9,09:00-17:00,0,0,1
เทคนิคกรุงเทพ,โรงถ่าน,9,17:00-19:00,0,0,1
เทพรักษ์-สุขาภิบาล5,สุขาภิบาล5,2,07:00-09:00,0,0,1
เทพรักษ์-สุขาภิบาล5,สุขาภิบาล5,2,09:00-17:00,0,0,1
เทพรักษ์-สุขาภิบาล5,สุขาภิบาล5,2,17:00-19:00,0,0,1
เทพรักษ์-สุขาภิบาล5,เทพรักษ์,2,07:00-09:00,0,0,1
เทพรักษ์-สุขาภิบาล5,เทพรักษ์,2,09:00-17:00,0,0,1
เทพรักษ์-สุขาภิบาล5,เทพรักษ์,2,17:00-19:00,0,0,1
เทวกรรม,กรุงเกษม,3,07:00-09:00,0,1,0
เทวกรรม,กรุงเกษม,3,09:00-16:00,0,1,0
เทวกรรม,กรุงเกษม,3,16:00-19:00,0,1,0
เทวกรรม,กรุงเกษม,4,07:00-09:00,0,0,1
เทวกรรม,กรุงเกษม,4,09:00-17:00,0,0,1
เทวกรรม,กรุงเกษม,4,17:00-19:00,0,0,1
เทวกรรม,กรุงเกษม,10,07:00-09:00,1,0,0
เทวกรรม,กรุงเกษม,10,09:00-16:00,1,0,0
เทวกรรม,กรุงเกษม,10,16:00-19:00,1,0,0
เทวกรรม,กรุงเกษม,11,07:00-09:00,1,0,0
เทวกรรม,กรุงเกษม,11,09:00-16:00,1,0,0
เทวกรรม,กรุงเกษม,11,16:00-19:00,1,0,0
เทวกรรม,นครสวรรค์,3,07:00-09:00,0,1,0
เทวกรรม,นครสวรรค์,3,09:00-16:00,0,1,0
เทวกรรม,นครสวรรค์,3,16:00-19:00,0,1,0
เทวกรรม,นครสวรรค์,4,07:00-09:00,0,0,1
เทวกรรม,นครสวรรค์,4,09:00-17:00,0,0,1
เทวกรรม,นครสวรรค์,4,17:00-19:00,0,0,1
เทวกรรม,นครสวรรค์,10,07:00-09:00,1,0,0
เทวกรรม,นครสวรรค์,10,09:00-16:00,1,0,0
เทวกรรม,นครสวรรค์,10,16:00-19:00,1,0,0
เทวกรรม,นครสวรรค์,11,07:00-09:00,1,0,0
เทวกรรม,นครสวรรค์,11,09:00-16:00,1,0,0
เทวกรรม,นครสวรรค์,11,16:00-19:00,1,0,0
เทศบาลสงเคราะห์-เทศบาลรังรักษใ์ต้,เทศบาลรังรักษ์เหนือ,7,07:00-09:00,0,1,0
เทศบาลสงเคราะห์-เทศบาลรังรักษใ์ต้,เทศบาลรังรักษ์เหนือ,7,09:00-16:00,0,1,0
เทศบาลสงเคราะห์-เทศบาลรังรักษใ์ต้,เทศบาลรังรักษ์เหนือ,7,16:00-19:00,0,1,0
เทศบาลสงเคราะห์-เทศบาลรังรักษใ์ต้,เทศบาลสงเคราะห์,7,07:00-09:00,0,1,0
เทศบาลสงเคราะห์-เทศบาลรังรักษใ์ต้,เทศบาลสงเคราะห์,7,09:00-16:00,0,1,0
เทศบาลสงเคราะห์-เทศบาลรังรักษใ์ต้,เทศบาลสงเคราะห์,7,16:00-19:00,0,1,0
เทศบาลสงเคราะห์-เทศบาลรังรักษ์ใต้,เทศบาลรังรักษ์ใต้,7,07:00-09:00,0,1,0
เทศบาลสงเคราะห์-เทศบาลรังรักษ์ใต้,เทศบาลรังรักษ์ใต้,7,09:00-16:00,0,1,0
เทศบาลสงเคราะห์-เทศบาลรังรักษ์ใต้,เทศบาลรังรักษ์ใต้,7,16:00-19:00,0,1,0
เทอดดำริ,ประดิพัทธ์,3,07:00-09:00,1,0,2
เทอดดำริ,ประดิพัทธ์,3,09:00-16:00,1,0,1
เทอดดำริ,ประดิพัทธ์,3,09:00-17:00,0,0,1
เทอดดำริ,ประดิพัทธ์,3,16:00-19:00,1,0,1
เทอดดำริ,ประดิพัทธ์,3,17:00-19:00,0,0,1
เทอดดำริ,ประดิพัทธ์,10,07:00-09:00,0,1,0
เทอดดำริ,ประดิพัทธ์,10,09:00-16:00,0,1,0
เทอดดำริ,ประดิพัทธ์,10,16:00-19:00,0,1,0
เทอดดำริ,เทอดดำริ,3,07:00-09:00,1,0,2
เทอดดำริ,เทอดดำริ,3,09:00-16:00,1,0,1
เทอดดำริ,เทอดดำริ,3,09:00-17:00,0,0,1
เทอดดำริ,เทอดดำริ,3,16:00-19:00,1,0,1
เทอดดำริ,เทอดดำริ,3,17:00-19:00,0,0,1
เทอดดำริ,เทอดดำริ,10,07:00-09:00,0,1,0
เทอดดำริ,เทอดดำริ,10,09:00-16:00,0,1,0
เทอดดำริ,เทอดดำริ,10,16:00-19:00,0,1,0
เทอดไท33,เทอดไท,4,17:00-19:00,0,0,1
เทอดไท33,เทอดไท,6,07:00-09:00,0,0,1
เทอดไท33,เทอดไท,6,09:00-17:00,0,0,1
เทอดไท33,เทอดไท,6,17:00-19:00,0,0,1
เทอดไท33,เทอดไท33,6,07:00-09:00,0,0,1
เทอดไท33,เทอดไท33,6,09:00-17:00,0,0,1
เทอดไท33,เทอดไท33,6,17:00-19:00,0,0,1
เทอดไท33(24เม.ย.69),เทอดไท,4,07:00-09:00,0,0,1
เทอดไท33(24เม.ย.69),เทอดไท,4,09:00-17:00,0,0,1
เทอดไท33(24เม.ย.69),เทอดไท33,4,07:00-09:00,0,0,1
เทอดไท33(24เม.ย.69),เทอดไท33,4,09:00-17:00,0,0,1
เทอดไท33(24เม.ย.69),เทอดไท33,4,17:00-19:00,0,0,1
เทิดราชัน-เชิดวุฒากาศ,เชิดวุฒากาศ-กำแพงเพชร6,3,07:00-09:00,0,0,1
เทิดราชัน-เชิดวุฒากาศ,เชิดวุฒากาศ-กำแพงเพชร6,3,09:00-17:00,0,0,1
เทิดราชัน-เชิดวุฒากาศ,เชิดวุฒากาศ-กำแพงเพชร6,3,17:00-19:00,0,0,1
เทิดราชัน-เชิดวุฒากาศ,เทิดราชัน,3,07:00-09:00,0,0,1
เทิดราชัน-เชิดวุฒากาศ,เทิดราชัน,3,09:00-17:00,0,0,1
เทิดราชัน-เชิดวุฒากาศ,เทิดราชัน,3,17:00-19:00,0,0,1
เทียนทะเล7,ซอยท่าข้าม23,1,07:00-09:00,0,1,0
เทียนทะเล7,ซอยท่าข้าม23,1,09:00-16:00,0,1,0
เทียนทะเล7,ซอยท่าข้าม23,1,16:00-19:00,0,1,0
เทียนทะเล7,เทียนทะเล7,1,07:00-09:00,0,1,0
เทียนทะเล7,เทียนทะเล7,1,09:00-16:00,0,1,0
เทียนทะเล7,เทียนทะเล7,1,16:00-19:00,0,1,0
เทียมร่วมมิตร,กาญจนาภิเษก,2,07:00-09:00,0,0,1
เทียมร่วมมิตร,กาญจนาภิเษก,2,09:00-16:00,0,0,1
เทียมร่วมมิตร,กาญจนาภิเษก,2,16:00-19:00,0,0,1
เทียมร่วมมิตร,รัชดาภิเษก,5,07:00-09:00,1,0,0
เทียมร่วมมิตร,รัชดาภิเษก,5,09:00-16:00,1,0,0
เทียมร่วมมิตร,รัชดาภิเษก,5,16:00-19:00,1,0,0
เทียมร่วมมิตร,รัชดาภิเษก,7,07:00-09:00,1,0,1
เทียมร่วมมิตร,รัชดาภิเษก,7,09:00-16:00,1,0,0
เทียมร่วมมิตร,รัชดาภิเษก,7,09:00-17:00,0,0,1
เทียมร่วมมิตร,รัชดาภิเษก,7,16:00-19:00,1,0,0
เทียมร่วมมิตร,รัชดาภิเษก,7,17:00-19:00,0,0,1
เทียมร่วมมิตร,รัชดาภิเษก,10,07:00-09:00,0,1,0
เทียมร่วมมิตร,รัชดาภิเษก,10,09:00-16:00,0,1,0
เทียมร่วมมิตร,รัชดาภิเษก,10,16:00-19:00,0,1,0
เทียมร่วมมิตร,เดอะมอลล์บางแค,2,16:00-19:00,0,0,1
เทียมร่วมมิตร,เทียมร่วมมิตร,2,07:00-09:00,0,0,1
เทียมร่วมมิตร,เทียมร่วมมิตร,2,09:00-16:00,0,0,1
เทียมร่วมมิตร,เทียมร่วมมิตร,2,16:00-19:00,0,0,1
เทียมร่วมมิตร,เทียมร่วมมิตร,5,07:00-09:00,1,0,0
เทียมร่วมมิตร,เทียมร่วมมิตร,5,09:00-16:00,1,0,0
เทียมร่วมมิตร,เทียมร่วมมิตร,5,16:00-19:00,1,0,0
เทียมร่วมมิตร,เทียมร่วมมิตร,7,07:00-09:00,1,0,1
เทียมร่วมมิตร,เทียมร่วมมิตร,7,09:00-16:00,1,0,0
เทียมร่วมมิตร,เทียมร่วมมิตร,7,09:00-17:00,0,0,1
เทียมร่วมมิตร,เทียมร่วมมิตร,7,16:00-19:00,1,0,0
เทียมร่วมมิตร,เทียมร่วมมิตร,7,17:00-19:00,0,0,1
เทียมร่วมมิตร,เทียมร่วมมิตร,10,07:00-09:00,0,1,0
เทียมร่วมมิตร,เทียมร่วมมิตร,10,09:00-16:00,0,1,0
เทียมร่วมมิตร,เทียมร่วมมิตร,10,16:00-19:00,0,1,0
เทียมร่วมมิตร,เพชรเกษม47/2,2,07:00-09:00,0,0,1
เทียมร่วมมิตร,เพชรเกษม47/2,2,09:00-16:00,0,0,1
เทเวศร์,กรุงเกษม,2,07:00-09:00,0,0,1
เทเวศร์,กรุงเกษม,2,09:00-17:00,0,0,1
เทเวศร์,กรุงเกษม,2,17:00-19:00,0,0,1
เทเวศร์,กรุงเกษม,6,07:00-09:00,0,0,1
เทเวศร์,กรุงเกษม,6,09:00-16:00,0,0,1
เทเวศร์,กรุงเกษม,6,16:00-19:00,0,0,1
เทเวศร์,กรุงเกษม,8,07:00-09:00,0,1,0
เทเวศร์,กรุงเกษม,8,09:00-16:00,0,1,0
เทเวศร์,กรุงเกษม,8,16:00-19:00,0,1,0
เทเวศร์,กรุงเกษม,9,07:00-09:00,1,1,0
เทเวศร์,กรุงเกษม,9,09:00-16:00,1,1,0
เทเวศร์,กรุงเกษม,9,16:00-19:00,1,1,0
เทเวศร์,สามเสน,2,07:00-09:00,0,0,1
เทเวศร์,สามเสน,2,09:00-17:00,0,0,1
เทเวศร์,สามเสน,2,17:00-19:00,0,0,1
เทเวศร์,สามเสน,6,07:00-09:00,0,0,1
เทเวศร์,สามเสน,6,09:00-16:00,0,0,1
เทเวศร์,สามเสน,6,16:00-19:00,0,0,1
เทเวศร์,สามเสน,8,07:00-09:00,0,1,0
เทเวศร์,สามเสน,8,09:00-16:00,0,1,0
เทเวศร์,สามเสน,8,16:00-19:00,0,1,0
เทเวศร์,สามเสน,9,07:00-09:00,1,1,0
เทเวศร์,สามเสน,9,09:00-16:00,1,1,0
เทเวศร์,สามเสน,9,16:00-19:00,1,1,0
เพชรบุรี-ชิดลม,เพชรบุรี,2,07:00-09:00,1,0,0
เพชรบุรี-ชิดลม,เพชรบุรี,2,09:00-16:00,1,0,0
เพชรบุรี-ชิดลม,เพชรบุรี,2,16:00-19:00,1,0,0
เพชรบุรี-ชิดลม,เพชรบุรี,5,07:00-09:00,1,0,0
เพชรบุรี-ชิดลม,เพชรบุรี,5,09:00-16:00,1,0,0
เพชรบุรี-ชิดลม,เพชรบุรี,5,16:00-19:00,1,0,0
เพชรบุรี-ชิดลม,เพชรบุรี,8,07:00-09:00,0,0,2
เพชรบุรี-ชิดลม,เพชรบุรี,8,09:00-17:00,0,0,2
เพชรบุรี-ชิดลม,เพชรบุรี,8,17:00-19:00,0,0,2
เพชรบุรี-ชิดลม,เพชรบุรี,12,07:00-09:00,0,1,0
เพชรบุรี-ชิดลม,เพชรบุรี,12,09:00-16:00,0,1,0
เพชรบุรี-ชิดลม,เพชรบุรี,12,16:00-19:00,0,1,0
เพชรบุรี-ทองหล่อ,ซอยทองหล่อ,12,07:00-09:00,0,1,0
เพชรบุรี-ทองหล่อ,ซอยทองหล่อ,12,09:00-16:00,0,1,0
เพชรบุรี-ทองหล่อ,ซอยทองหล่อ,12,16:00-19:00,0,1,0
เพชรบุรี-ทองหล่อ,ทองหล่อ,1,07:00-09:00,0,0,1
เพชรบุรี-ทองหล่อ,ทองหล่อ,1,09:00-17:00,0,0,1
เพชรบุรี-ทองหล่อ,ทองหล่อ,1,17:00-19:00,0,0,1
เพชรบุรี-ทองหล่อ,ทองหล่อ,6,07:00-09:00,0,0,1
เพชรบุรี-ทองหล่อ,ทองหล่อ,6,09:00-17:00,0,0,1
เพชรบุรี-ทองหล่อ,ทองหล่อ,6,17:00-19:00,0,0,1
เพชรบุรี-ทองหล่อ,ทองหล่อ,10,07:00-09:00,1,0,0
เพชรบุรี-ทองหล่อ,ทองหล่อ,10,09:00-16:00,1,0,0
เพชรบุรี-ทองหล่อ,ทองหล่อ,10,16:00-19:00,1,0,0
เพชรบุรี-ทองหล่อ,เพชรบุรี,1,07:00-09:00,0,0,1
เพชรบุรี-ทองหล่อ,เพชรบุรี,1,09:00-17:00,0,0,1
เพชรบุรี-ทองหล่อ,เพชรบุรี,1,17:00-19:00,0,0,1
เพชรบุรี-ทองหล่อ,เพชรบุรี,6,07:00-09:00,0,0,1
เพชรบุรี-ทองหล่อ,เพชรบุรี,6,09:00-17:00,0,0,1
เพชรบุรี-ทองหล่อ,เพชรบุรี,6,17:00-19:00,0,0,1
เพชรบุรี-ทองหล่อ,เพชรบุรี,10,07:00-09:00,1,0,0
เพชรบุรี-ทองหล่อ,เพชรบุรี,10,09:00-16:00,1,0,0
เพชรบุรี-ทองหล่อ,เพชรบุรี,10,16:00-19:00,1,0,0
เพชรบุรี-ทองหล่อ,เพชรบุรี,12,07:00-09:00,0,1,0
เพชรบุรี-ทองหล่อ,เพชรบุรี,12,09:00-16:00,0,1,0
เพชรบุรี-ทองหล่อ,เพชรบุรี,12,16:00-19:00,0,1,0
เพชรบุรี-พร้อมพงษ์,ซอยสุขุมวิท39,8,06:30-09:00,0,1,0
เพชรบุรี-พร้อมพงษ์,ซอยสุขุมวิท39,8,09:00-16:00,0,1,0
เพชรบุรี-พร้อมพงษ์,ซอยสุขุมวิท39,8,16:00-19:30,0,1,0
เพชรบุรี-พร้อมพงษ์,ซอยสุขุมวิท39,11,07:00-09:00,1,0,0
เพชรบุรี-พร้อมพงษ์,ซอยสุขุมวิท39,11,09:00-16:00,1,0,0
เพชรบุรี-พร้อมพงษ์,ซอยสุขุมวิท39,11,16:00-19:00,1,0,0
เพชรบุรี-พร้อมพงษ์,สุขุมวิท39,12,07:00-09:00,0,1,0
เพชรบุรี-พร้อมพงษ์,สุขุมวิท39,12,09:00-16:00,0,1,0
เพชรบุรี-พร้อมพงษ์,สุขุมวิท39,12,16:00-19:00,0,1,0
เพชรบุรี-พร้อมพงษ์,เพชรบุรี,8,06:30-09:00,0,1,0
เพชรบุรี-พร้อมพงษ์,เพชรบุรี,8,09:00-16:00,0,1,0
เพชรบุรี-พร้อมพงษ์,เพชรบุรี,8,16:00-19:30,0,1,0
เพชรบุรี-พร้อมพงษ์,เพชรบุรี,11,07:00-09:00,1,0,0
เพชรบุรี-พร้อมพงษ์,เพชรบุรี,11,09:00-16:00,1,0,0
เพชรบุรี-พร้อมพงษ์,เพชรบุรี,11,16:00-19:00,1,0,0
เพชรบุรี-พร้อมพงษ์,เพชรบุรี,12,07:00-09:00,0,1,0
เพชรบุรี-พร้อมพงษ์,เพชรบุรี,12,09:00-16:00,0,1,0
เพชรบุรี-พร้อมพงษ์,เพชรบุรี,12,16:00-19:00,0,1,0
เพชรบุรี-เพชรอุทัย,เพชรบุรี,4,07:00-09:00,1,0,0
เพชรบุรี-เพชรอุทัย,เพชรบุรี,4,09:00-16:00,1,0,0
เพชรบุรี-เพชรอุทัย,เพชรบุรี,4,16:00-19:00,1,0,0
เพชรบุรี-เพชรอุทัย,เพชรอุทัย,4,07:00-09:00,1,0,0
เพชรบุรี-เพชรอุทัย,เพชรอุทัย,4,09:00-16:00,1,0,0
เพชรบุรี-เพชรอุทัย,เพชรอุทัย,4,16:00-19:00,1,0,0
เพชรบุรี38,เพชรบุรี,8,07:00-09:00,0,1,0
เพชรบุรี38,เพชรบุรี,8,09:00-16:00,0,1,0
เพชรบุรี38,เพชรบุรี,8,16:00-19:00,0,1,0
เพชรพระราม,บรรทัดทอง,1,07:00-09:00,0,1,0
เพชรพระราม,บรรทัดทอง,1,09:00-16:00,0,1,0
เพชรพระราม,บรรทัดทอง,1,16:00-19:00,0,1,0
เพชรพระราม,บรรทัดทอง,6,06:30-09:00,1,0,0
เพชรพระราม,บรรทัดทอง,6,09:00-16:00,1,0,0
เพชรพระราม,บรรทัดทอง,6,16:00-19:30,1,0,0
เพชรพระราม,บรรทัดทอง,8,07:00-09:00,0,0,1
เพชรพระราม,บรรทัดทอง,8,09:00-17:00,0,0,1
เพชรพระราม,บรรทัดทอง,8,17:00-19:00,0,0,1
เพชรพระราม,บรรทัดทอง,11,07:00-09:00,0,0,1
เพชรพระราม,บรรทัดทอง,11,09:00-16:00,0,0,1
เพชรพระราม,บรรทัดทอง,11,16:00-19:00,0,0,1
เพชรพระราม,เพชรบุรี,1,07:00-09:00,0,1,0
เพชรพระราม,เพชรบุรี,1,09:00-16:00,0,1,0
เพชรพระราม,เพชรบุรี,1,16:00-19:00,0,1,0
เพชรพระราม,เพชรบุรี,6,06:30-09:00,1,0,0
เพชรพระราม,เพชรบุรี,6,09:00-16:00,1,0,0
เพชรพระราม,เพชรบุรี,6,16:00-19:30,1,0,0
เพชรพระราม,เพชรบุรี,8,07:00-09:00,0,0,1
เพชรพระราม,เพชรบุรี,8,09:00-17:00,0,0,1
เพชรพระราม,เพชรบุรี,8,17:00-19:00,0,0,1
เพชรพระราม,เพชรบุรี,11,07:00-09:00,0,0,1
เพชรพระราม,เพชรบุรี,11,09:00-16:00,0,0,1
เพชรพระราม,เพชรบุรี,11,16:00-19:00,0,0,1
เพชรอุทัย-ทางด่วนขั้นที่2,ขึ้นทางด่วนขั้นที่2,4,07:00-09:00,0,0,1
เพชรอุทัย-ทางด่วนขั้นที่2,ขึ้นทางด่วนขั้นที่2,4,09:00-16:00,0,0,1
เพชรอุทัย-ทางด่วนขั้นที่2,ขึ้นทางด่วนขั้นที่2,4,16:00-19:00,0,0,1
เพชรอุทัย-ทางด่วนขั้นที่2,ทางด่วนขันที2,7,07:00-09:00,1,0,0
เพชรอุทัย-ทางด่วนขั้นที่2,ทางด่วนขันที2,7,09:00-16:00,1,0,0
เพชรอุทัย-ทางด่วนขั้นที่2,ทางด่วนขันที2,7,16:00-19:00,1,0,0
เพชรอุทัย-ทางด่วนขั้นที่2,พระราชดำริ,4,07:00-09:00,0,0,1
เพชรอุทัย-ทางด่วนขั้นที่2,พระราชดำริ,4,09:00-16:00,0,0,1
เพชรอุทัย-ทางด่วนขั้นที่2,พระราชดำริ,4,16:00-19:00,0,0,1
เพชรอุทัย-ทางด่วนขั้นที่2,พระราชดำริ,7,07:00-09:00,1,0,0
เพชรอุทัย-ทางด่วนขั้นที่2,พระราชดำริ,7,09:00-16:00,1,0,0
เพชรอุทัย-ทางด่วนขั้นที่2,พระราชดำริ,7,16:00-19:00,1,0,0
เพชรอุทัย-ทางด่วนขั้นที่2,เพชรอุทัย,4,07:00-09:00,0,0,1
เพชรอุทัย-ทางด่วนขั้นที่2,เพชรอุทัย,4,09:00-16:00,0,0,1
เพชรอุทัย-ทางด่วนขั้นที่2,เพชรอุทัย,4,16:00-19:00,0,0,1
เพชรอุทัย-ทางด่วนขั้นที่2,เพชรอุทัย,7,07:00-09:00,1,0,0
เพชรอุทัย-ทางด่วนขั้นที่2,เพชรอุทัย,7,09:00-16:00,1,0,0
เพชรอุทัย-ทางด่วนขั้นที่2,เพชรอุทัย,7,16:00-19:00,1,0,0
เพชรเกษม,เพชรเกษม,2,07:00-09:00,0,0,1
เพชรเกษม,เพชรเกษม,2,09:00-16:00,0,0,1
เพชรเกษม,เพชรเกษม,2,16:00-19:00,0,0,1
เพชรเกษม,เลียบใต้ทางด่วน,2,07:00-09:00,0,0,1
เพชรเกษม,เลียบใต้ทางด่วน,2,09:00-16:00,0,0,1
เพชรเกษม,ใต้ด่วนดินแดง,2,16:00-19:00,0,0,1
เพชรเกษม-พุทธมณฑลสาย1,พุทธมณฑลสาย1,1,07:00-09:00,0,0,2
เพชรเกษม-พุทธมณฑลสาย1,พุทธมณฑลสาย1,1,09:00-17:00,0,0,2
เพชรเกษม-พุทธมณฑลสาย1,พุทธมณฑลสาย1,1,17:00-19:00,0,0,2
เพชรเกษม-พุทธมณฑลสาย1,พุทธมณฑลสาย1,11,07:00-09:00,0,1,0
เพชรเกษม-พุทธมณฑลสาย1,พุทธมณฑลสาย1,11,09:00-16:00,0,1,0
เพชรเกษม-พุทธมณฑลสาย1,พุทธมณฑลสาย1,11,16:00-19:00,0,1,0
เพชรเกษม-พุทธมณฑลสาย1,เพชรเกษม,1,07:00-09:00,0,0,2
เพชรเกษม-พุทธมณฑลสาย1,เพชรเกษม,1,09:00-17:00,0,0,2
เพชรเกษม-พุทธมณฑลสาย1,เพชรเกษม,1,17:00-19:00,0,0,2
เพชรเกษม-พุทธมณฑลสาย1,เพชรเกษม,11,07:00-09:00,0,1,0
เพชรเกษม-พุทธมณฑลสาย1,เพชรเกษม,11,09:00-16:00,0,1,0
เพชรเกษม-พุทธมณฑลสาย1,เพชรเกษม,11,16:00-19:00,0,1,0
เพชรเกษม-พุทธมเณฑลสาย1,พุทธมณฑลสาย1,7,07:00-09:00,1,0,0
เพชรเกษม-พุทธมเณฑลสาย1,พุทธมณฑลสาย1,7,09:00-16:00,1,0,0
เพชรเกษม-พุทธมเณฑลสาย1,พุทธมณฑลสาย1,7,16:00-19:00,1,0,0
เพชรเกษม-พุทธมเณฑลสาย1,เพชรเกษม,7,07:00-09:00,1,0,0
เพชรเกษม-พุทธมเณฑลสาย1,เพชรเกษม,7,09:00-16:00,1,0,0
เพชรเกษม-พุทธมเณฑลสาย1,เพชรเกษม,7,16:00-19:00,1,0,0
เพชรเกษม-ราชพฤกษ์,ราชพฤกษ์,2,07:00-09:00,0,0,1
เพชรเกษม-ราชพฤกษ์,ราชพฤกษ์,2,09:00-17:00,0,0,1
เพชรเกษม-ราชพฤกษ์,ราชพฤกษ์,2,17:00-19:00,0,0,1
เพชรเกษม-ราชพฤกษ์,ราชพฤกษ์,9,07:00-09:00,1,0,0
เพชรเกษม-ราชพฤกษ์,ราชพฤกษ์,9,09:00-16:00,1,0,0
เพชรเกษม-ราชพฤกษ์,ราชพฤกษ์,9,16:00-19:00,1,0,0
เพชรเกษม-ราชพฤกษ์,ราชพฤกษ์,10,07:00-09:00,0,1,0
เพชรเกษม-ราชพฤกษ์,ราชพฤกษ์,10,09:00-16:00,0,1,0
เพชรเกษม-ราชพฤกษ์,ราชพฤกษ์,10,16:00-19:00,0,1,0
เพชรเกษม-ราชพฤกษ์,เพชรเกษม,2,07:00-09:00,0,0,1
เพชรเกษม-ราชพฤกษ์,เพชรเกษม,2,09:00-17:00,0,0,1
เพชรเกษม-ราชพฤกษ์,เพชรเกษม,2,17:00-19:00,0,0,1
เพชรเกษม-ราชพฤกษ์,เพชรเกษม,9,07:00-09:00,1,0,0
เพชรเกษม-ราชพฤกษ์,เพชรเกษม,9,09:00-16:00,1,0,0
เพชรเกษม-ราชพฤกษ์,เพชรเกษม,9,16:00-19:00,1,0,0
เพชรเกษม-ราชพฤกษ์,เพชรเกษม,10,07:00-09:00,0,1,0
เพชรเกษม-ราชพฤกษ์,เพชรเกษม,10,09:00-16:00,0,1,0
เพชรเกษม-ราชพฤกษ์,เพชรเกษม,10,16:00-19:00,0,1,0
เพชรเกษม-เพชรเกษม4,เพชรเกษม,5,07:00-09:00,0,0,1
เพชรเกษม-เพชรเกษม4,เพชรเกษม,5,09:00-17:00,0,0,1
เพชรเกษม-เพชรเกษม4,เพชรเกษม,5,17:00-19:00,0,0,1
เพชรเกษม-เพชรเกษม4,เพชรเกษม,8,07:00-09:00,1,0,0
เพชรเกษม-เพชรเกษม4,เพชรเกษม,8,09:00-16:00,1,0,0
เพชรเกษม-เพชรเกษม4,เพชรเกษม,8,16:00-19:00,1,0,0
เพชรเกษม-เพชรเกษม4,เพชรเกษม4,5,07:00-09:00,0,0,1
เพชรเกษม-เพชรเกษม4,เพชรเกษม4,5,09:00-17:00,0,0,1
เพชรเกษม-เพชรเกษม4,เพชรเกษม4,5,17:00-19:00,0,0,1
เพชรเกษม-เพชรเกษม86,กาญจนาภิเษก,1,07:00-09:00,0,0,1
เพชรเกษม-เพชรเกษม86,กาญจนาภิเษก,1,09:00-17:00,0,0,1
เพชรเกษม-เพชรเกษม86,กาญจนาภิเษก,1,17:00-19:00,0,0,1
เพชรเกษม-เพชรเกษม86,ซอยเพชรเกษม86,11,07:00-09:00,0,0,1
เพชรเกษม-เพชรเกษม86,ซอยเพชรเกษม86,11,09:00-16:00,0,0,1
เพชรเกษม-เพชรเกษม86,ซอยเพชรเกษม86,11,16:00-19:00,0,0,1
เพชรเกษม-เพชรเกษม86,ถนนกาญจนาภิเษก,11,07:00-09:00,0,0,1
เพชรเกษม-เพชรเกษม86,ถนนกาญจนาภิเษก,11,09:00-16:00,0,0,1
เพชรเกษม-เพชรเกษม86,ถนนกาญจนาภิเษก,11,16:00-19:00,0,0,1
เพชรเกษม-เพชรเกษม86,ถนนเพชรเกษม,11,07:00-09:00,0,0,1
เพชรเกษม-เพชรเกษม86,ถนนเพชรเกษม,11,09:00-16:00,0,0,1
เพชรเกษม-เพชรเกษม86,ถนนเพชรเกษม,11,16:00-19:00,0,0,1
เพชรเกษม-เพชรเกษม86,เพชรเกษม,1,07:00-09:00,0,0,1
เพชรเกษม-เพชรเกษม86,เพชรเกษม,1,09:00-17:00,0,0,1
เพชรเกษม-เพชรเกษม86,เพชรเกษม,1,17:00-19:00,0,0,1
เพชรเกษม-เพชรเกษม86,เพชรเกษม86,1,07:00-09:00,0,0,1
เพชรเกษม-เพชรเกษม86,เพชรเกษม86,1,09:00-17:00,0,0,1
เพชรเกษม-เพชรเกษม86,เพชรเกษม86,1,17:00-19:00,0,0,1
เพชรเกษม-เลียบคลองทวีวัฒนา,เพชรเกษม,5,07:00-09:00,0,0,1
เพชรเกษม-เลียบคลองทวีวัฒนา,เพชรเกษม,5,09:00-16:00,0,0,1
เพชรเกษม-เลียบคลองทวีวัฒนา,เพชรเกษม,5,16:00-19:00,0,0,1
เพชรเกษม-เลียบคลองทวีวัฒนา,เลียบคลองทวีวัฒนา,5,07:00-09:00,0,0,1
เพชรเกษม-เลียบคลองทวีวัฒนา,เลียบคลองทวีวัฒนา,5,09:00-16:00,0,0,1
เพชรเกษม-เลียบคลองทวีวัฒนา,เลียบคลองทวีวัฒนา,5,16:00-19:00,0,0,1
เพชรเกษม116,เพชรเกษม,4,07:00-09:00,0,0,1
เพชรเกษม116,เพชรเกษม,4,09:00-17:00,0,0,1
เพชรเกษม116,เพชรเกษม,4,17:00-19:00,0,0,1
เพชรเกษม116,เพชรเกษม116,4,07:00-09:00,0,0,1
เพชรเกษม116,เพชรเกษม116,4,09:00-17:00,0,0,1
เพชรเกษม116,เพชรเกษม116,4,17:00-19:00,0,0,1
เพชรเกษม116,เพชรเกษม84/1,4,07:00-09:00,0,0,1
เพชรเกษม116,เพชรเกษม84/1,4,09:00-17:00,0,0,1
เพชรเกษม116,เพชรเกษม84/1,4,17:00-19:00,0,0,1
เพชรเกษม20,ซอยเพชรเกษม20,9,07:00-09:00,1,0,0
เพชรเกษม20,ซอยเพชรเกษม20,9,09:00-16:00,1,0,0
เพชรเกษม20,ซอยเพชรเกษม20,9,16:00-19:00,1,0,0
เพชรเกษม20,เพชรเกษม,9,07:00-09:00,1,0,0
เพชรเกษม20,เพชรเกษม,9,09:00-16:00,1,0,0
เพชรเกษม20,เพชรเกษม,9,16:00-19:00,1,0,0
เพชรเกษม45/1,เพชรเกษม,10,07:00-09:00,0,0,1
เพชรเกษม45/1,เพชรเกษม,10,09:00-16:00,0,0,1
เพชรเกษม45/1,เพชรเกษม,10,16:00-19:00,0,0,1
เพชรเกษม45/1,เพชรเกษม45/1,10,07:00-09:00,0,0,1
เพชรเกษม45/1,เพชรเกษม45/1,10,09:00-16:00,0,0,1
เพชรเกษม45/1,เพชรเกษม45/1,10,16:00-19:00,0,0,1
เพชรเกษม69,ขอยเพชรเกษม69,6,06:30-09:00,1,0,0
เพชรเกษม69,ขอยเพชรเกษม69,6,09:00-16:00,1,0,0
เพชรเกษม69,ขอยเพชรเกษม69,6,16:00-19:30,1,0,0
เพชรเกษม69,ซอยเพชรเกษม102/4,6,06:30-09:00,1,0,0
เพชรเกษม69,ซอยเพชรเกษม102/4,6,09:00-16:00,1,0,0
เพชรเกษม69,ซอยเพชรเกษม102/4,6,16:00-19:30,1,0,0
เพชรเกษม69,ซอยเพชรเกษม102/4,8,07:00-09:00,0,1,0
เพชรเกษม69,ซอยเพชรเกษม102/4,8,09:00-16:00,0,1,0
เพชรเกษม69,ซอยเพชรเกษม102/4,8,16:00-19:00,0,1,0
เพชรเกษม69,ซอยเพชรเกษม102/4,12,07:00-09:00,0,1,0
เพชรเกษม69,ซอยเพชรเกษม102/4,12,09:00-16:00,0,1,0
เพชรเกษม69,ซอยเพชรเกษม102/4,12,16:00-19:00,0,1,0
เพชรเกษม69,ซอยเพชรเกษม69,8,07:00-09:00,0,1,0
เพชรเกษม69,ซอยเพชรเกษม69,8,09:00-16:00,0,1,0
เพชรเกษม69,ซอยเพชรเกษม69,8,16:00-19:00,0,1,0
เพชรเกษม69,ซอยเพชรเกษม69,12,07:00-09:00,0,1,0
เพชรเกษม69,ซอยเพชรเกษม69,12,09:00-16:00,0,1,0
เพชรเกษม69,ซอยเพชรเกษม69,12,16:00-19:00,0,1,0
เพชรเกษม69,เพชรเกษม,2,07:00-09:00,0,0,1
เพชรเกษม69,เพชรเกษม,2,09:00-17:00,0,0,1
เพชรเกษม69,เพชรเกษม,2,17:00-19:00,0,0,1
เพชรเกษม69,เพชรเกษม,6,07:00-09:00,1,0,0
เพชรเกษม69,เพชรเกษม,6,09:00-16:00,1,0,0
เพชรเกษม69,เพชรเกษม,6,16:00-19:00,1,0,0
เพชรเกษม69,เพชรเกษม,7,07:00-09:00,0,0,1
เพชรเกษม69,เพชรเกษม,7,09:00-17:00,0,0,1
เพชรเกษม69,เพชรเกษม,7,17:00-19:00,0,0,1
เพชรเกษม69,เพชรเกษม,8,07:00-09:00,0,1,1
เพชรเกษม69,เพชรเกษม,8,09:00-16:00,0,1,1
เพชรเกษม69,เพชรเกษม,8,16:00-19:00,0,1,1
เพชรเกษม69,เพชรเกษม,9,07:00-09:00,0,0,1
เพชรเกษม69,เพชรเกษม,9,09:00-17:00,0,0,1
เพชรเกษม69,เพชรเกษม,9,17:00-19:00,0,0,1
เพชรเกษม69,เพชรเกษม,12,07:00-09:00,0,1,0
เพชรเกษม69,เพชรเกษม,12,09:00-16:00,0,1,0
เพชรเกษม69,เพชรเกษม,12,16:00-19:00,0,1,0
เพชรเกษม69,เพชรเกษม102/4,2,07:00-09:00,0,0,1
เพชรเกษม69,เพชรเกษม102/4,2,09:00-17:00,0,0,1
เพชรเกษม69,เพชรเกษม102/4,2,17:00-19:00,0,0,1
เพชรเกษม69,เพชรเกษม102/4,7,07:00-09:00,0,0,1
เพชรเกษม69,เพชรเกษม102/4,7,09:00-17:00,0,0,1
เพชรเกษม69,เพชรเกษม102/4,7,17:00-19:00,0,0,1
เพชรเกษม69,เพชรเกษม102/4,8,07:00-09:00,0,0,1
เพชรเกษม69,เพชรเกษม102/4,8,09:00-16:00,0,0,1
เพชรเกษม69,เพชรเกษม102/4,8,16:00-19:00,0,0,1
เพชรเกษม69,เพชรเกษม102/4,9,07:00-09:00,0,0,1
เพชรเกษม69,เพชรเกษม102/4,9,09:00-17:00,0,0,1
เพชรเกษม69,เพชรเกษม102/4,9,17:00-19:00,0,0,1
เพชรเกษม69,เพชรเกษม69,2,07:00-09:00,0,0,1
เพชรเกษม69,เพชรเกษม69,2,09:00-17:00,0,0,1
เพชรเกษม69,เพชรเกษม69,2,17:00-19:00,0,0,1
เพชรเกษม69,เพชรเกษม69,7,07:00-09:00,0,0,1
เพชรเกษม69,เพชรเกษม69,7,09:00-17:00,0,0,1
เพชรเกษม69,เพชรเกษม69,7,17:00-19:00,0,0,1
เพชรเกษม69,เพชรเกษม69,8,07:00-09:00,0,0,1
เพชรเกษม69,เพชรเกษม69,8,09:00-16:00,0,0,1
เพชรเกษม69,เพชรเกษม69,8,16:00-19:00,0,0,1
เพชรเกษม69,เพชรเกษม69,9,07:00-09:00,0,0,1
เพชรเกษม69,เพชรเกษม69,9,09:00-17:00,0,0,1
เพชรเกษม69,เพชรเกษม69,9,17:00-19:00,0,0,1
เพชรเกษม69-อินทราปัจ13,อินทราปัจ13,12,07:00-09:00,0,0,1
เพชรเกษม69-อินทราปัจ13,อินทราปัจ13,12,09:00-16:00,0,0,1
เพชรเกษม69-อินทราปัจ13,อินทราปัจ13,12,16:00-19:00,0,0,1
เพชรเกษม69-อินทราปัจ13,เพชรเกษม 69,12,07:00-09:00,0,0,1
เพชรเกษม69-อินทราปัจ13,เพชรเกษม 69,12,09:00-16:00,0,0,1
เพชรเกษม69-อินทราปัจ13,เพชรเกษม 69,12,16:00-19:00,0,0,1
เพชรเกษม69-อินทราปัจ13,เพชรเกษม69,12,07:00-09:00,0,0,1
เพชรเกษม69-อินทราปัจ13,เพชรเกษม69,12,09:00-16:00,0,0,1
เพชรเกษม69-อินทราปัจ13,เพชรเกษม69,12,16:00-19:00,0,0,1
เพชรเกษม81,ขอยเพชรเกษม81,7,06:30-09:00,1,0,0
เพชรเกษม81,ขอยเพชรเกษม81,7,09:00-16:00,1,0,0
เพชรเกษม81,ขอยเพชรเกษม81,7,16:00-19:30,1,0,0
เพชรเกษม81,เพชรเกษม,3,07:00-09:00,0,0,1
เพชรเกษม81,เพชรเกษม,3,09:00-17:00,0,0,1
เพชรเกษม81,เพชรเกษม,3,17:00-19:00,0,0,1
เพชรเกษม81,เพชรเกษม,6,07:00-09:00,0,1,0
เพชรเกษม81,เพชรเกษม,6,09:00-16:00,0,1,0
เพชรเกษม81,เพชรเกษม,6,16:00-19:00,0,1,0
เพชรเกษม81,เพชรเกษม,7,06:30-09:00,1,0,0
เพชรเกษม81,เพชรเกษม,7,09:00-16:00,1,0,0
เพชรเกษม81,เพชรเกษม,7,16:00-19:30,1,0,0
เพชรเกษม81,เพชรเกษม,8,07:00-09:00,0,0,2
เพชรเกษม81,เพชรเกษม,8,09:00-16:00,0,0,1
เพชรเกษม81,เพชรเกษม,8,09:00-17:00,0,0,1
เพชรเกษม81,เพชรเกษม,8,16:00-19:00,0,0,1
เพชรเกษม81,เพชรเกษม,8,17:00-19:00,0,0,1
เพชรเกษม81,เพชรเกษม81,3,07:00-09:00,0,0,1
เพชรเกษม81,เพชรเกษม81,3,09:00-17:00,0,0,1
เพชรเกษม81,เพชรเกษม81,3,17:00-19:00,0,0,1
เพชรเกษม81,เพชรเกษม81,6,07:00-09:00,0,1,0
เพชรเกษม81,เพชรเกษม81,6,09:00-16:00,0,1,0
เพชรเกษม81,เพชรเกษม81,6,16:00-19:00,0,1,0
เพชรเกษม81,เพชรเกษม81,8,07:00-09:00,0,0,2
เพชรเกษม81,เพชรเกษม81,8,09:00-16:00,0,0,1
เพชรเกษม81,เพชรเกษม81,8,09:00-17:00,0,0,1
เพชรเกษม81,เพชรเกษม81,8,16:00-19:00,0,0,1
เพชรเกษม81,เพชรเกษม81,8,17:00-19:00,0,0,1
เพลินจิต,วิทยุ,1,07:00-09:00,0,0,1
เพลินจิต,วิทยุ,1,09:00-17:00,0,0,1
เพลินจิต,วิทยุ,1,17:00-19:00,0,0,1
เพลินจิต,วิทยุ,3,07:00-09:00,0,1,0
เพลินจิต,วิทยุ,3,09:00-16:00,0,1,0
เพลินจิต,วิทยุ,3,16:00-19:00,0,1,0
เพลินจิต,วิทยุ,5,07:00-09:00,1,0,0
เพลินจิต,วิทยุ,5,09:00-16:00,1,0,0
เพลินจิต,วิทยุ,5,16:00-19:00,1,0,0
เพลินจิต,วิทยุ,7,07:00-09:00,1,0,1
เพลินจิต,วิทยุ,7,09:00-16:00,1,0,0
เพลินจิต,วิทยุ,7,09:00-17:00,0,0,1
เพลินจิต,วิทยุ,7,16:00-19:00,1,0,0
เพลินจิต,วิทยุ,7,17:00-19:00,0,0,1
เพลินจิต,วิทยุ,12,07:00-09:00,0,0,1
เพลินจิต,วิทยุ,12,09:00-17:00,0,0,1
เพลินจิต,วิทยุ,12,17:00-19:00,0,0,1
เพลินจิต,เพลินจิต,1,07:00-09:00,0,0,1
เพลินจิต,เพลินจิต,1,09:00-17:00,0,0,1
เพลินจิต,เพลินจิต,1,17:00-19:00,0,0,1
เพลินจิต,เพลินจิต,3,07:00-09:00,0,1,0
เพลินจิต,เพลินจิต,3,09:00-16:00,0,1,0
เพลินจิต,เพลินจิต,3,16:00-19:00,0,1,0
เพลินจิต,เพลินจิต,5,07:00-09:00,1,0,0
เพลินจิต,เพลินจิต,5,09:00-16:00,1,0,0
เพลินจิต,เพลินจิต,5,16:00-19:00,1,0,0
เพลินจิต,เพลินจิต,7,07:00-09:00,1,0,1
เพลินจิต,เพลินจิต,7,09:00-16:00,1,0,0
เพลินจิต,เพลินจิต,7,09:00-17:00,0,0,1
เพลินจิต,เพลินจิต,7,16:00-19:00,1,0,0
เพลินจิต,เพลินจิต,7,17:00-19:00,0,0,1
เพลินจิต,เพลินจิต,12,07:00-09:00,0,0,1
เพลินจิต,เพลินจิต,12,09:00-17:00,0,0,1
เพลินจิต,เพลินจิต,12,17:00-19:00,0,0,1
เพิ่มสิน,ซอยเพิ่มสิน47,5,06:30-09:00,0,1,0
เพิ่มสิน,ซอยเพิ่มสิน47,5,09:00-16:00,0,1,0
เพิ่มสิน,ซอยเพิ่มสิน47,5,16:00-19:30,0,1,0
เพิ่มสิน,เพิ่มสิน,5,07:00-09:00,0,1,0
เพิ่มสิน,เพิ่มสิน,5,09:00-16:00,0,1,0
เพิ่มสิน,เพิ่มสิน,5,16:00-19:00,0,1,0
เฟื่องนคร-พระยาศรี,เฟื่องนคร,7,07:00-09:00,0,1,0
เฟื่องนคร-พระยาศรี,เฟื่องนคร,7,09:00-16:00,0,1,0
เฟื่องนคร-พระยาศรี,เฟื่องนคร,7,16:00-19:00,0,1,0
เฟื่องนคร-ราชบพิธ,ราชบพิธ,7,07:00-09:00,0,1,0
เฟื่องนคร-ราชบพิธ,ราชบพิธ,7,09:00-16:00,0,1,0
เฟื่องนคร-ราชบพิธ,ราชบพิธ,7,16:00-19:00,0,1,0
เฟื่องนคร-ราชบพิธ,เฟื่องนคร,7,07:00-09:00,0,1,0
เฟื่องนคร-ราชบพิธ,เฟื่องนคร,7,09:00-16:00,0,1,0
เฟื่องนคร-ราชบพิธ,เฟื่องนคร,7,16:00-19:00,0,1,0
เมอรี่คิงส์,ถนนจักรเพชร,3,07:00-09:00,0,0,1
เมอรี่คิงส์,ถนนจักรเพชร,3,09:00-17:00,0,0,1
เมอรี่คิงส์,ถนนจักรเพชร,3,17:00-19:00,0,0,1
เมอรี่คิงส์,ถนนเยาวราช,3,07:00-09:00,0,0,1
เมอรี่คิงส์,ถนนเยาวราช,3,09:00-17:00,0,0,1
เมอรี่คิงส์,ถนนเยาวราช,3,17:00-19:00,0,0,1
เมอร์รี่คิงส์,จักรเพชร,10,07:00-09:00,0,1,0
เมอร์รี่คิงส์,จักรเพชร,10,09:00-16:00,0,1,0
เมอร์รี่คิงส์,จักรเพชร,10,16:00-19:00,0,1,0
เมอร์รี่คิงส์,เยาวราช,10,07:00-09:00,0,1,0
เมอร์รี่คิงส์,เยาวราช,10,09:00-16:00,0,1,0
เมอร์รี่คิงส์,เยาวราช,10,16:00-19:00,0,1,0
เมืองมีน,รามอินทรา,12,07:00-09:00,0,1,1
เมืองมีน,รามอินทรา,12,09:00-16:00,0,1,0
เมืองมีน,รามอินทรา,12,09:00-17:00,0,0,1
เมืองมีน,รามอินทรา,12,16:00-19:00,0,1,0
เมืองมีน,รามอินทรา,12,17:00-19:00,0,0,1
เมืองมีน,สีหบุรานุกิจ,12,07:00-09:00,0,1,1
เมืองมีน,สีหบุรานุกิจ,12,09:00-16:00,0,1,0
เมืองมีน,สีหบุรานุกิจ,12,09:00-17:00,0,0,1
เมืองมีน,สีหบุรานุกิจ,12,16:00-19:00,0,1,0
เมืองมีน,สีหบุรานุกิจ,12,17:00-19:00,0,0,1
เมืองมีน,สุวินทวงศ์,12,07:00-09:00,0,1,1
เมืองมีน,สุวินทวงศ์,12,09:00-16:00,0,1,0
เมืองมีน,สุวินทวงศ์,12,09:00-17:00,0,0,1
เมืองมีน,สุวินทวงศ์,12,16:00-19:00,0,1,0
เมืองมีน,สุวินทวงศ์,12,17:00-19:00,0,0,1
เมืองมีน,เสรีไทย,12,07:00-09:00,0,1,1
เมืองมีน,เสรีไทย,12,09:00-16:00,0,1,0
เมืองมีน,เสรีไทย,12,09:00-17:00,0,0,1
เมืองมีน,เสรีไทย,12,16:00-19:00,0,1,0
เมืองมีน,เสรีไทย,12,17:00-19:00,0,0,1
เยาวราช-ผดุงด้าว,ผดุงด้าว,10,07:00-09:00,0,1,0
เยาวราช-ผดุงด้าว,ผดุงด้าว,10,09:00-16:00,0,1,0
เยาวราช-ผดุงด้าว,ผดุงด้าว,10,16:00-19:00,0,1,0
เยาวราช-ผดุงด้าว,เยาวราช,10,07:00-09:00,0,1,0
เยาวราช-ผดุงด้าว,เยาวราช,10,09:00-16:00,0,1,0
เยาวราช-ผดุงด้าว,เยาวราช,10,16:00-19:00,0,1,0
เยาวราช-มหาจักร,มหาจักร,10,07:00-09:00,0,1,0
เยาวราช-มหาจักร,มหาจักร,10,09:00-16:00,0,1,0
เยาวราช-มหาจักร,มหาจักร,10,16:00-19:00,0,1,0
เยาวราช-มหาจักร,เยาวราช,10,07:00-09:00,0,1,0
เยาวราช-มหาจักร,เยาวราช,10,09:00-16:00,0,1,0
เยาวราช-มหาจักร,เยาวราช,10,16:00-19:00,0,1,0
เยาวราช-มังกร,มังกร,10,07:00-09:00,0,1,0
เยาวราช-มังกร,มังกร,10,09:00-16:00,0,1,0
เยาวราช-มังกร,มังกร,10,16:00-19:00,0,1,0
เยาวราช-มังกร,เยาวราช,10,07:00-09:00,0,1,0
เยาวราช-มังกร,เยาวราช,10,09:00-16:00,0,1,0
เยาวราช-มังกร,เยาวราช,10,16:00-19:00,0,1,0
เยาวราช-อิสรานุภาพ,อิสรานุภาพ,10,07:00-09:00,0,1,0
เยาวราช-อิสรานุภาพ,อิสรานุภาพ,10,09:00-16:00,0,1,0
เยาวราช-อิสรานุภาพ,อิสรานุภาพ,10,16:00-19:00,0,1,0
เยาวราช-อิสรานุภาพ,เยาวราช,10,07:00-09:00,0,1,0
เยาวราช-อิสรานุภาพ,เยาวราช,10,09:00-16:00,0,1,0
เยาวราช-อิสรานุภาพ,เยาวราช,10,16:00-19:00,0,1,0
เยาวราช-แปลงนาม,เยาวราช,10,07:00-09:00,0,1,0
เยาวราช-แปลงนาม,เยาวราช,10,09:00-16:00,0,1,0
เยาวราช-แปลงนาม,เยาวราช,10,16:00-19:00,0,1,0
เย็นอากาศ,จันทน์,5,07:00-09:00,0,0,1
เย็นอากาศ,จันทน์,5,09:00-17:00,0,0,1
เย็นอากาศ,จันทน์,5,17:00-19:00,0,0,1
เย็นอากาศ,จันทน์,7,07:00-09:00,0,0,1
เย็นอากาศ,จันทน์,7,09:00-17:00,0,0,1
เย็นอากาศ,จันทน์,7,17:00-19:00,0,0,1
เย็นอากาศ,นางลิ้นจี่,5,07:00-09:00,0,0,1
เย็นอากาศ,นางลิ้นจี่,5,09:00-17:00,0,0,1
เย็นอากาศ,นางลิ้นจี่,5,17:00-19:00,0,0,1
เย็นอากาศ,นางลิ้นจี่,7,07:00-09:00,0,0,1
เย็นอากาศ,นางลิ้นจี่,7,09:00-17:00,0,0,1
เย็นอากาศ,นางลิ้นจี่,7,17:00-19:00,0,0,1
เย็นอากาศ,เย็นอากาศ,5,07:00-09:00,0,0,1
เย็นอากาศ,เย็นอากาศ,5,09:00-17:00,0,0,1
เย็นอากาศ,เย็นอากาศ,5,17:00-19:00,0,0,1
เย็นอากาศ,เย็นอากาศ,7,07:00-09:00,0,0,1
เย็นอากาศ,เย็นอากาศ,7,09:00-17:00,0,0,1
เย็นอากาศ,เย็นอากาศ,7,17:00-19:00,0,0,1
เย็นอากาศ-ศรีบำเพ็ญ,ศรีบำเพ็ญ,9,07:00-09:00,0,0,1
เย็นอากาศ-ศรีบำเพ็ญ,ศรีบำเพ็ญ,9,09:00-17:00,0,0,1
เย็นอากาศ-ศรีบำเพ็ญ,ศรีบำเพ็ญ,9,17:00-19:00,0,0,1
เย็นอากาศ-ศรีบำเพ็ญ,เย็นอากาศ,9,07:00-09:00,0,0,1
เย็นอากาศ-ศรีบำเพ็ญ,เย็นอากาศ,9,09:00-17:00,0,0,1
เย็นอากาศ-ศรีบำเพ็ญ,เย็นอากาศ,9,17:00-19:00,0,0,1
เรือนจำ,มหาไชย,6,07:00-09:00,0,1,0
เรือนจำ,มหาไชย,6,09:00-16:00,0,1,0
เรือนจำ,มหาไชย,6,16:00-19:00,0,1,0
เรือนจำ,หลวง,6,07:00-09:00,0,1,0
เรือนจำ,หลวง,6,09:00-16:00,0,1,0
เรือนจำ,หลวง,6,16:00-19:00,0,1,0
เลียบคลองประปา-ซอยย่านิ่มพัฒนา,ย่านิ่มพัฒนา,4,07:00-09:00,0,0,1
เลียบคลองประปา-ซอยย่านิ่มพัฒนา,ย่านิ่มพัฒนา,4,09:00-17:00,0,0,1
เลียบคลองประปา-ซอยย่านิ่มพัฒนา,ย่านิ่มพัฒนา,4,17:00-19:00,0,0,1
เลียบคลองประปา-ซอยย่านิ่มพัฒนา,เลียบคลองประปา,4,07:00-09:00,0,0,1
เลียบคลองประปา-ซอยย่านิ่มพัฒนา,เลียบคลองประปา,4,09:00-17:00,0,0,1
เลียบคลองประปา-ซอยย่านิ่มพัฒนา,เลียบคลองประปา,4,17:00-19:00,0,0,1
เลียบคลองประปา-ซอยหมู่บ้านสวนพงษ์เพชร7,หมู่บ้านสวนพงษ์เพชร7,4,07:00-09:00,0,0,1
เลียบคลองประปา-ซอยหมู่บ้านสวนพงษ์เพชร7,หมู่บ้านสวนพงษ์เพชร7,4,09:00-17:00,0,0,1
เลียบคลองประปา-ซอยหมู่บ้านสวนพงษ์เพชร7,หมู่บ้านสวนพงษ์เพชร7,4,17:00-19:00,0,0,1
เลียบคลองประปา-ซอยหมู่บ้านสวนพงษ์เพชร7,เลียบคลองประปา,4,07:00-09:00,0,0,1
เลียบคลองประปา-ซอยหมู่บ้านสวนพงษ์เพชร7,เลียบคลองประปา,4,09:00-17:00,0,0,1
เลียบคลองประปา-ซอยหมู่บ้านสวนพงษ์เพชร7,เลียบคลองประปา,4,17:00-19:00,0,0,1
เลียบคลองประปาฝั่งตะวันออก,เลียบคลองประปาฝั่งตะวันออก,3,07:00-09:00,0,0,1
เลียบคลองประปาฝั่งตะวันออก,เลียบคลองประปาฝั่งตะวันออก,3,09:00-17:00,0,0,1
เลียบคลองประปาฝั่งตะวันออก,เลียบคลองประปาฝั่งตะวันออก,3,17:00-19:00,0,0,1
เลียบคลองประปาฝั่งตะวันออก,แจ้งวัฒนะ,3,07:00-09:00,0,0,1
เลียบคลองประปาฝั่งตะวันออก,แจ้งวัฒนะ,3,09:00-17:00,0,0,1
เลียบคลองประปาฝั่งตะวันออก,แจ้งวัฒนะ,3,17:00-19:00,0,0,1
เลียบคลองประปาฝั่งตะวันออก-ซอยส่วนบุคคล(หลังโลตัส),เลียบคลองประปาฝั่งตะวันออก,4,07:00-09:00,0,0,1
เลียบคลองประปาฝั่งตะวันออก-ซอยส่วนบุคคล(หลังโลตัส),เลียบคลองประปาฝั่งตะวันออก,4,09:00-17:00,0,0,1
เลียบคลองประปาฝั่งตะวันออก-ซอยส่วนบุคคล(หลังโลตัส),เลียบคลองประปาฝั่งตะวันออก,4,17:00-19:00,0,0,1
เลียบคลองภาษีเจริญฝั่งเหนือ-เพชรเกษม81,เพชรเกษม81,3,07:00-09:00,0,0,1
เลียบคลองภาษีเจริญฝั่งเหนือ-เพชรเกษม81,เพชรเกษม81,3,09:00-17:00,0,0,1
เลียบคลองภาษีเจริญฝั่งเหนือ-เพชรเกษม81,เพชรเกษม81,3,17:00-19:00,0,0,1
เลียบคลองภาษีเจริญฝั่งเหนือ-เพชรเกษม81,เพชรเกษม81,12,07:00-09:00,0,0,1
เลียบคลองภาษีเจริญฝั่งเหนือ-เพชรเกษม81,เพชรเกษม81,12,09:00-17:00,0,0,1
เลียบคลองภาษีเจริญฝั่งเหนือ-เพชรเกษม81,เพชรเกษม81,12,17:00-19:00,0,0,1
เลียบคลองภาษีเจริญฝั่งเหนือ-เพชรเกษม81,เลียบคลองภาษีเจริญฝั่งเหนือ,3,07:00-09:00,0,0,1
เลียบคลองภาษีเจริญฝั่งเหนือ-เพชรเกษม81,เลียบคลองภาษีเจริญฝั่งเหนือ,3,09:00-17:00,0,0,1
เลียบคลองภาษีเจริญฝั่งเหนือ-เพชรเกษม81,เลียบคลองภาษีเจริญฝั่งเหนือ,3,17:00-19:00,0,0,1
เลียบคลองภาษีเจริญฝั่งเหนือ-เพชรเกษม81,เลียบคลองภาษีเจริญฝั่งเหนือ,12,07:00-09:00,0,0,1
เลียบคลองภาษีเจริญฝั่งเหนือ-เพชรเกษม81,เลียบคลองภาษีเจริญฝั่งเหนือ,12,09:00-17:00,0,0,1
เลียบคลองภาษีเจริญฝั่งเหนือ-เพชรเกษม81,เลียบคลองภาษีเจริญฝั่งเหนือ,12,17:00-19:00,0,0,1
เลียบคลองภาษีเจริญฝั่งเหนือ9,เลียบคลองภาษีเจริญฝั่งเหนือ,6,07:00-09:00,0,0,1
เลียบคลองภาษีเจริญฝั่งเหนือ9,เลียบคลองภาษีเจริญฝั่งเหนือ,6,09:00-17:00,0,0,1
เลียบคลองภาษีเจริญฝั่งเหนือ9,เลียบคลองภาษีเจริญฝั่งเหนือ,6,17:00-19:00,0,0,1
เลียบคลองภาษีเจริญฝั่งใต้,ซอยสวนจำปี,6,07:00-09:00,0,1,0
เลียบคลองภาษีเจริญฝั่งใต้,ซอยสวนจำปี,6,09:00-16:00,0,1,0
เลียบคลองภาษีเจริญฝั่งใต้,ซอยสวนจำปี,6,16:00-19:00,0,1,0
เลียบคลองภาษีเจริญฝั่งใต้,เพชรเกษม69,6,06:30-09:00,0,1,0
เลียบคลองภาษีเจริญฝั่งใต้,เพชรเกษม69,6,09:00-16:00,0,1,0
เลียบคลองภาษีเจริญฝั่งใต้,เพชรเกษม69,6,16:00-19:30,0,1,0
เลียบคลองภาษีเจริญฝั่งใต้,เลียบคลองภาษีเจริญฝั่งเหนือ,6,06:30-09:00,0,1,0
เลียบคลองภาษีเจริญฝั่งใต้,เลียบคลองภาษีเจริญฝั่งเหนือ,6,09:00-16:00,0,1,0
เลียบคลองภาษีเจริญฝั่งใต้,เลียบคลองภาษีเจริญฝั่งเหนือ,6,16:00-19:30,0,1,0
เลียบคลองภาษีเจริญฝั่งใต้-เพชรเกษม69,สวนจำปี,3,07:00-09:00,0,0,1
เลียบคลองภาษีเจริญฝั่งใต้-เพชรเกษม69,สวนจำปี,3,09:00-17:00,0,0,1
เลียบคลองภาษีเจริญฝั่งใต้-เพชรเกษม69,สวนจำปี,3,17:00-19:00,0,0,1
เลียบคลองภาษีเจริญฝั่งใต้-เพชรเกษม69,สวนจำปี,8,07:00-09:00,0,0,1
เลียบคลองภาษีเจริญฝั่งใต้-เพชรเกษม69,สวนจำปี,8,09:00-17:00,0,0,1
เลียบคลองภาษีเจริญฝั่งใต้-เพชรเกษม69,สวนจำปี,8,17:00-19:00,0,0,1
เลียบคลองภาษีเจริญฝั่งใต้-เพชรเกษม69,เพชรเกษม69,3,07:00-09:00,0,0,1
เลียบคลองภาษีเจริญฝั่งใต้-เพชรเกษม69,เพชรเกษม69,3,09:00-17:00,0,0,1
เลียบคลองภาษีเจริญฝั่งใต้-เพชรเกษม69,เพชรเกษม69,3,17:00-19:00,0,0,1
เลียบคลองภาษีเจริญฝั่งใต้-เพชรเกษม69,เพชรเกษม69,8,07:00-09:00,0,0,1
เลียบคลองภาษีเจริญฝั่งใต้-เพชรเกษม69,เพชรเกษม69,8,09:00-17:00,0,0,1
เลียบคลองภาษีเจริญฝั่งใต้-เพชรเกษม69,เพชรเกษม69,8,17:00-19:00,0,0,1
เลียบคลองภาษีเจริญฝั่งใต้-เพชรเกษม69,เลียบคลองภาษีเจริญฝั่งใต้,3,07:00-09:00,0,0,1
เลียบคลองภาษีเจริญฝั่งใต้-เพชรเกษม69,เลียบคลองภาษีเจริญฝั่งใต้,3,09:00-17:00,0,0,1
เลียบคลองภาษีเจริญฝั่งใต้-เพชรเกษม69,เลียบคลองภาษีเจริญฝั่งใต้,3,17:00-19:00,0,0,1
เลียบคลองภาษีเจริญฝั่งใต้-เพชรเกษม69,เลียบคลองภาษีเจริญฝั่งใต้,8,07:00-09:00,0,0,1
เลียบคลองภาษีเจริญฝั่งใต้-เพชรเกษม69,เลียบคลองภาษีเจริญฝั่งใต้,8,09:00-17:00,0,0,1
เลียบคลองภาษีเจริญฝั่งใต้-เพชรเกษม69,เลียบคลองภาษีเจริญฝั่งใต้,8,17:00-19:00,0,0,1
เลียบคลองภาษีเจริญฝั่งใต้6,เลียบคลองภาษีเจริญฝั่งใต้,3,07:00-09:00,0,0,1
เลียบคลองภาษีเจริญฝั่งใต้6,เลียบคลองภาษีเจริญฝั่งใต้,3,09:00-17:00,0,0,1
เลียบคลองภาษีเจริญฝั่งใต้6,เลียบคลองภาษีเจริญฝั่งใต้,3,17:00-19:00,0,0,1
เลียบคลองภาษีเจริญฝั่งใต้6,เลียบคลองภาษีเจริญฝั่งใต้6,3,07:00-09:00,0,0,1
เลียบคลองภาษีเจริญฝั่งใต้6,เลียบคลองภาษีเจริญฝั่งใต้6,3,09:00-17:00,0,0,1
เลียบคลองภาษีเจริญฝั่งใต้6,เลียบคลองภาษีเจริญฝั่งใต้6,3,17:00-19:00,0,0,1
เลียบด่วนกาญจนาภิเษก-ใต้ทางด่วน(จุดที่1),เลียบด่วนกาญจนาภิเษก,8,07:00-09:00,0,0,1
เลียบด่วนกาญจนาภิเษก-ใต้ทางด่วน(จุดที่1),เลียบด่วนกาญจนาภิเษก,8,09:00-16:00,0,0,1
เลียบด่วนกาญจนาภิเษก-ใต้ทางด่วน(จุดที่1),เลียบด่วนกาญจนาภิเษก,8,16:00-19:00,0,0,1
เลียบด่วนกาญจนาภิเษก-ใต้ทางด่วน(จุดที่1),ใต้ทางด่วน,8,07:00-09:00,0,0,1
เลียบด่วนกาญจนาภิเษก-ใต้ทางด่วน(จุดที่1),ใต้ทางด่วน,8,09:00-16:00,0,0,1
เลียบด่วนกาญจนาภิเษก-ใต้ทางด่วน(จุดที่1),ใต้ทางด่วน,8,16:00-19:00,0,0,1
เลียบด่วนกาญจนาภิเษก-ใต้ทางด่วน(จุดที่2),เลียบด่วนกาญจนาภิเษก,8,07:00-09:00,0,0,1
เลียบด่วนกาญจนาภิเษก-ใต้ทางด่วน(จุดที่2),เลียบด่วนกาญจนาภิเษก,8,09:00-16:00,0,0,1
เลียบด่วนกาญจนาภิเษก-ใต้ทางด่วน(จุดที่2),เลียบด่วนกาญจนาภิเษก,8,16:00-19:00,0,0,1
เลียบด่วนกาญจนาภิเษก-ใต้ทางด่วน(จุดที่2),ใต้ทางด่วน,8,07:00-09:00,0,0,1
เลียบด่วนกาญจนาภิเษก-ใต้ทางด่วน(จุดที่2),ใต้ทางด่วน,8,09:00-16:00,0,0,1
เลียบด่วนกาญจนาภิเษก-ใต้ทางด่วน(จุดที่2),ใต้ทางด่วน,8,16:00-19:00,0,0,1
เลียบทางรถไฟสายใต้-ฉิมพลี,ฉิมพลี,9,07:00-09:00,0,0,1
เลียบทางรถไฟสายใต้-ฉิมพลี,ฉิมพลี,9,09:00-17:00,0,0,1
เลียบทางรถไฟสายใต้-ฉิมพลี,ฉิมพลี,9,17:00-19:00,0,0,1
เลียบทางรถไฟสายใต้-ฉิมพลี,เลียบทางรถไฟสายใต้,9,07:00-09:00,0,0,1
เลียบทางรถไฟสายใต้-ฉิมพลี,เลียบทางรถไฟสายใต้,9,09:00-17:00,0,0,1
เลียบทางรถไฟสายใต้-ฉิมพลี,เลียบทางรถไฟสายใต้,9,17:00-19:00,0,0,1
เลียบทางรถไฟสายใต้-เอราวัณปาร์คอเวนิว,เลียบทางรถไฟสายใต้,3,07:00-09:00,0,0,1
เลียบทางรถไฟสายใต้-เอราวัณปาร์คอเวนิว,เลียบทางรถไฟสายใต้,3,09:00-17:00,0,0,1
เลียบทางรถไฟสายใต้-เอราวัณปาร์คอเวนิว,เลียบทางรถไฟสายใต้,3,17:00-19:00,0,0,1
เลียบทางรถไฟสายใต้-เอราวัณปาร์คอเวนิว,เลียบทางรถไฟสายใต้,8,07:00-09:00,0,0,1
เลียบทางรถไฟสายใต้-เอราวัณปาร์คอเวนิว,เลียบทางรถไฟสายใต้,8,09:00-17:00,0,0,1
เลียบทางรถไฟสายใต้-เอราวัณปาร์คอเวนิว,เลียบทางรถไฟสายใต้,8,17:00-19:00,0,0,1
เลียบทางรถไฟสายใต้-เอราวัณปาร์คอเวนิว,เอราวัณปาร์คอเวนิว,3,07:00-09:00,0,0,1
เลียบทางรถไฟสายใต้-เอราวัณปาร์คอเวนิว,เอราวัณปาร์คอเวนิว,3,09:00-17:00,0,0,1
เลียบทางรถไฟสายใต้-เอราวัณปาร์คอเวนิว,เอราวัณปาร์คอเวนิว,3,17:00-19:00,0,0,1
เลียบทางรถไฟสายใต้-เอราวัณปาร์คอเวนิว,เอราวัณปาร์คอเวนิว,8,07:00-09:00,0,0,1
เลียบทางรถไฟสายใต้-เอราวัณปาร์คอเวนิว,เอราวัณปาร์คอเวนิว,8,09:00-17:00,0,0,1
เลียบทางรถไฟสายใต้-เอราวัณปาร์คอเวนิว,เอราวัณปาร์คอเวนิว,8,17:00-19:00,0,0,1
เลียบวารี-ซอยมิตรไมตรี23,มิตรไมตรี23,4,07:00-09:00,0,0,1
เลียบวารี-ซอยมิตรไมตรี23,มิตรไมตรี23,4,09:00-17:00,0,0,1
เลียบวารี-ซอยมิตรไมตรี23,มิตรไมตรี23,4,17:00-19:00,0,0,1
เลียบวารี-ซอยมิตรไมตรี23,เลียบวารี,4,07:00-09:00,0,0,1
เลียบวารี-ซอยมิตรไมตรี23,เลียบวารี,4,09:00-17:00,0,0,1
เลียบวารี-ซอยมิตรไมตรี23,เลียบวารี,4,17:00-19:00,0,0,1
เลียบวารี-เชื่อมสัมพันธ์,ประชาสำราญ,6,07:00-09:00,1,0,0
เลียบวารี-เชื่อมสัมพันธ์,ประชาสำราญ,6,09:00-16:00,1,0,0
เลียบวารี-เชื่อมสัมพันธ์,ประชาสำราญ,6,16:00-19:00,1,0,0
เลียบวารี-เชื่อมสัมพันธ์,สังฆสันติสุข,6,07:00-09:00,1,0,0
เลียบวารี-เชื่อมสัมพันธ์,สังฆสันติสุข,6,09:00-16:00,1,0,0
เลียบวารี-เชื่อมสัมพันธ์,สังฆสันติสุข,6,16:00-19:00,1,0,0
เลียบวารี-เชื่อมสัมพันธ์,เชื่อมสัมพันธ์,6,07:00-09:00,1,0,0
เลียบวารี-เชื่อมสัมพันธ์,เชื่อมสัมพันธ์,6,09:00-16:00,1,0,0
เลียบวารี-เชื่อมสัมพันธ์,เชื่อมสัมพันธ์,6,16:00-19:00,1,0,0
เลียบวารี-เชื่อมสัมพันธ์,เลียบวารี,6,07:00-09:00,1,0,0
เลียบวารี-เชื่อมสัมพันธ์,เลียบวารี,6,09:00-16:00,1,0,0
เลียบวารี-เชื่อมสัมพันธ์,เลียบวารี,6,16:00-19:00,1,0,0
เลียบวารี-เลียบวารี2,เลียบวารี,8,07:00-09:00,0,0,1
เลียบวารี-เลียบวารี2,เลียบวารี,8,09:00-16:00,0,0,1
เลียบวารี-เลียบวารี2,เลียบวารี,8,16:00-19:00,0,0,1
เลียบวารี-เลียบวารี2,เลียบวารี2,8,07:00-09:00,0,0,1
เลียบวารี-เลียบวารี2,เลียบวารี2,8,09:00-16:00,0,0,1
เลียบวารี-เลียบวารี2,เลียบวารี2,8,16:00-19:00,0,0,1
เลียบวารี-เลียบวารี8,เลียบวารี,9,07:00-09:00,0,0,1
เลียบวารี-เลียบวารี8,เลียบวารี,9,09:00-16:00,0,0,1
เลียบวารี-เลียบวารี8,เลียบวารี,9,16:00-19:00,0,0,1
เลียบวารี-เลียบวารี8,เลียบวารี8,9,07:00-09:00,0,0,1
เลียบวารี-เลียบวารี8,เลียบวารี8,9,09:00-16:00,0,0,1
เลียบวารี-เลียบวารี8,เลียบวารี8,9,16:00-19:00,0,0,1
เลียบวารี11,เลียบวารี,10,07:00-09:00,0,0,1
เลียบวารี11,เลียบวารี,10,09:00-17:00,0,0,1
เลียบวารี11,เลียบวารี,10,17:00-19:00,0,0,1
เลียบวารี59,เลียบวารี,3,07:00-09:00,0,0,1
เลียบวารี59,เลียบวารี,3,09:00-16:00,0,0,1
เลียบวารี59,เลียบวารี,3,16:00-19:00,0,0,1
เศรษฐศิริ,ทางขึ้นลงทางด่วน,10,07:00-09:00,0,1,0
เศรษฐศิริ,ทางขึ้นลงทางด่วน,10,09:00-16:00,0,1,0
เศรษฐศิริ,ทางขึ้นลงทางด่วน,10,16:00-19:00,0,1,0
เศรษฐศิริ,พระรามที่6,10,07:00-09:00,0,1,0
เศรษฐศิริ,พระรามที่6,10,09:00-16:00,0,1,0
เศรษฐศิริ,พระรามที่6,10,16:00-19:00,0,1,0
เศรษฐศิริ,เทอดดำริ,3,07:00-09:00,0,1,0
เศรษฐศิริ,เทอดดำริ,3,09:00-16:00,0,1,0
เศรษฐศิริ,เทอดดำริ,3,16:00-19:00,0,1,0
เศรษฐศิริ,เทอดดำริ,8,07:00-09:00,0,0,1
เศรษฐศิริ,เทอดดำริ,8,09:00-17:00,0,0,1
เศรษฐศิริ,เทอดดำริ,8,17:00-19:00,0,0,1
เศรษฐศิริ,เทอดดำริ,10,06:30-09:00,1,0,0
เศรษฐศิริ,เทอดดำริ,10,07:00-09:00,1,0,0
เศรษฐศิริ,เทอดดำริ,10,09:00-16:00,2,0,0
เศรษฐศิริ,เทอดดำริ,10,16:00-19:00,1,0,0
เศรษฐศิริ,เทอดดำริ,10,16:00-19:30,1,0,0
เศรษฐศิริ,เศรษฐศิริ,3,07:00-09:00,0,1,0
เศรษฐศิริ,เศรษฐศิริ,3,09:00-16:00,0,1,0
เศรษฐศิริ,เศรษฐศิริ,3,16:00-19:00,0,1,0
เศรษฐศิริ,เศรษฐศิริ,8,07:00-09:00,0,0,1
เศรษฐศิริ,เศรษฐศิริ,8,09:00-17:00,0,0,1
เศรษฐศิริ,เศรษฐศิริ,8,17:00-19:00,0,0,1
เศรษฐศิริ,เศรษฐศิริ,10,07:00-09:00,2,1,0
เศรษฐศิริ,เศรษฐศิริ,10,09:00-16:00,2,1,0
เศรษฐศิริ,เศรษฐศิริ,10,16:00-19:00,2,1,0
เสนาคม,พหลโยธิน,5,07:00-09:00,0,0,1
เสนาคม,พหลโยธิน,5,09:00-16:00,0,0,1
เสนาคม,พหลโยธิน,5,16:00-19:00,0,0,1
เสนาคม,เสนานิคม,5,07:00-09:00,0,0,1
เสนาคม,เสนานิคม,5,09:00-16:00,0,0,1
เสนาคม,เสนานิคม,5,16:00-19:00,0,0,1
เสนานิคม,ซอยเสนานิคม,11,06:30-09:00,1,0,0
เสนานิคม,ซอยเสนานิคม,11,09:00-16:00,1,0,0
เสนานิคม,ซอยเสนานิคม,11,16:00-19:30,1,0,0
เสนานิคม,ซอยเสนานิคม,12,07:00-09:00,1,0,0
เสนานิคม,ซอยเสนานิคม,12,09:00-16:00,1,0,0
เสนานิคม,ซอยเสนานิคม,12,16:00-19:00,1,0,0
เสนานิคม,พหลโยธิน,10,07:00-09:00,0,1,0
เสนานิคม,พหลโยธิน,10,09:00-16:00,0,1,0
เสนานิคม,พหลโยธิน,10,16:00-19:00,0,1,0
เสนานิคม,พหลโยธิน,11,07:00-09:00,1,0,0
เสนานิคม,พหลโยธิน,11,09:00-16:00,1,0,0
เสนานิคม,พหลโยธิน,11,16:00-19:00,1,0,0
เสนานิคม,พหลโยธิน,12,07:00-09:00,1,0,0
เสนานิคม,พหลโยธิน,12,09:00-16:00,1,0,0
เสนานิคม,พหลโยธิน,12,16:00-19:00,1,0,0
เสนานิคม,เสนานิคม,10,07:00-09:00,0,1,0
เสนานิคม,เสนานิคม,10,09:00-16:00,0,1,0
เสนานิคม,เสนานิคม,10,16:00-19:00,0,1,0
เสนานิคม(23เม.ย.69),พหลโยธิน,4,07:00-09:00,0,0,1
เสนานิคม(23เม.ย.69),พหลโยธิน,4,09:00-17:00,0,0,1
เสนานิคม(23เม.ย.69),พหลโยธิน,4,17:00-19:00,0,0,1
เสนานิคม(23เม.ย.69),เสนานิคม,4,07:00-09:00,0,0,1
เสนานิคม(23เม.ย.69),เสนานิคม,4,09:00-17:00,0,0,1
เสนานิคม(23เม.ย.69),เสนานิคม,4,17:00-19:00,0,0,1
เสนานิคม1-เสนานิคม1ซอย12,เสนานิคม1,9,07:00-09:00,1,0,0
เสนานิคม1-เสนานิคม1ซอย12,เสนานิคม1,9,09:00-16:00,1,0,0
เสนานิคม1-เสนานิคม1ซอย12,เสนานิคม1,9,16:00-19:00,1,0,0
เสนานิคม1-เสนานิคม1ซอย12,เสนานิคม1ซอย12,9,07:00-09:00,1,0,0
เสนานิคม1-เสนานิคม1ซอย12,เสนานิคม1ซอย12,9,09:00-16:00,1,0,0
เสนานิคม1-เสนานิคม1ซอย12,เสนานิคม1ซอย12,9,16:00-19:00,1,0,0
เสนานิคม1ซอย17,เสนานิคม1,11,07:00-09:00,0,0,1
เสนานิคม1ซอย17,เสนานิคม1,11,09:00-17:00,0,0,1
เสนานิคม1ซอย17,เสนานิคม1,11,17:00-19:00,0,0,1
เสนานิคม1ซอย8,เสนานิคม1,9,07:00-09:00,0,0,1
เสนานิคม1ซอย8,เสนานิคม1,9,09:00-17:00,0,0,1
เสนานิคม1ซอย8,เสนานิคม1,9,17:00-19:00,0,0,1
เสนานิคม1ซอย8,เสนานิคม1ซอย8,9,07:00-09:00,0,0,1
เสนานิคม1ซอย8,เสนานิคม1ซอย8,9,09:00-17:00,0,0,1
เสนานิคม1ซอย8,เสนานิคม1ซอย8,9,17:00-19:00,0,0,1
เสนานิมคมซอย26,เสนานิคม1,2,07:00-09:00,0,0,1
เสนานิมคมซอย26,เสนานิคม1,2,09:00-17:00,0,0,1
เสนานิมคมซอย26,เสนานิคม1,2,17:00-19:00,0,0,1
เสรีไทย-นวธานี,ซอยเสรีไทย38,1,07:00-09:00,0,1,0
เสรีไทย-นวธานี,ซอยเสรีไทย38,1,09:00-16:00,0,1,0
เสรีไทย-นวธานี,ซอยเสรีไทย38,1,16:00-19:00,0,1,0
เสรีไทย-นวธานี,ทางเข้าหมู่บ้านนวธานี,1,07:00-09:00,0,1,0
เสรีไทย-นวธานี,ทางเข้าหมู่บ้านนวธานี,1,09:00-16:00,0,1,0
เสรีไทย-นวธานี,ทางเข้าหมู่บ้านนวธานี,1,16:00-19:00,0,1,0
เสรีไทย-นวธานี,เสรีไทย,1,07:00-09:00,0,1,0
เสรีไทย-นวธานี,เสรีไทย,1,09:00-16:00,0,1,0
เสรีไทย-นวธานี,เสรีไทย,1,16:00-19:00,0,1,0
เสาชิงช้า,ดินสอ,1,07:00-09:00,0,2,0
เสาชิงช้า,ดินสอ,1,09:00-16:00,0,2,0
เสาชิงช้า,ดินสอ,1,16:00-19:00,0,2,0
เสาชิงช้า,ดินสอ,2,07:00-09:00,0,1,1
เสาชิงช้า,ดินสอ,2,09:00-16:00,0,1,0
เสาชิงช้า,ดินสอ,2,09:00-17:00,0,0,1
เสาชิงช้า,ดินสอ,2,16:00-19:00,0,1,0
เสาชิงช้า,ดินสอ,2,17:00-19:00,0,0,1
เสาชิงช้า,ดินสอ,7,07:00-09:00,0,1,1
เสาชิงช้า,ดินสอ,7,09:00-16:00,0,1,1
เสาชิงช้า,ดินสอ,7,16:00-19:00,0,1,1
เสาชิงช้า,ดินสอ,12,07:00-09:00,0,0,1
เสาชิงช้า,ดินสอ,12,09:00-16:00,0,0,1
เสาชิงช้า,ดินสอ,12,16:00-19:00,0,0,1
เสาชิงช้า,ตรีทอง,1,07:00-09:00,0,2,0
เสาชิงช้า,ตรีทอง,1,09:00-16:00,0,2,0
เสาชิงช้า,ตรีทอง,1,16:00-19:00,0,2,0
เสาชิงช้า,ตรีทอง,7,07:00-09:00,0,0,1
เสาชิงช้า,ตรีทอง,7,09:00-16:00,0,0,1
เสาชิงช้า,ตรีทอง,7,16:00-19:00,0,0,1
เสาชิงช้า,ตีทอง,2,07:00-09:00,0,1,1
เสาชิงช้า,ตีทอง,2,09:00-16:00,0,1,0
เสาชิงช้า,ตีทอง,2,09:00-17:00,0,0,1
เสาชิงช้า,ตีทอง,2,16:00-19:00,0,1,0
เสาชิงช้า,ตีทอง,2,17:00-19:00,0,0,1
เสาชิงช้า,ตีทอง,7,07:00-09:00,0,1,0
เสาชิงช้า,ตีทอง,7,09:00-16:00,0,1,0
เสาชิงช้า,ตีทอง,7,16:00-19:00,0,1,0
เสาชิงช้า,ตีทอง,12,07:00-09:00,0,0,1
เสาชิงช้า,ตีทอง,12,09:00-16:00,0,0,1
เสาชิงช้า,ตีทอง,12,16:00-19:00,0,0,1
เสาชิงช้า,บำรุงเมือง,1,07:00-09:00,0,3,0
เสาชิงช้า,บำรุงเมือง,1,09:00-16:00,0,3,0
เสาชิงช้า,บำรุงเมือง,1,16:00-19:00,0,3,0
เสาชิงช้า,บำรุงเมือง,2,07:00-09:00,0,2,1
เสาชิงช้า,บำรุงเมือง,2,09:00-16:00,0,2,0
เสาชิงช้า,บำรุงเมือง,2,09:00-17:00,0,0,1
เสาชิงช้า,บำรุงเมือง,2,16:00-19:00,0,2,0
เสาชิงช้า,บำรุงเมือง,2,17:00-19:00,0,0,1
เสาชิงช้า,บำรุงเมือง,7,07:00-09:00,0,1,1
เสาชิงช้า,บำรุงเมือง,7,09:00-16:00,0,1,1
เสาชิงช้า,บำรุงเมือง,7,16:00-19:00,0,1,1
เสาชิงช้า,บำรุงเมือง,12,07:00-09:00,0,0,1
เสาชิงช้า,บำรุงเมือง,12,09:00-16:00,0,0,1
เสาชิงช้า,บำรุงเมือง,12,16:00-19:00,0,0,1
เสาชิงช้า,ศิริพงษ์,1,07:00-09:00,0,1,0
เสาชิงช้า,ศิริพงษ์,1,09:00-16:00,0,1,0
เสาชิงช้า,ศิริพงษ์,1,16:00-19:00,0,1,0
เสาชิงช้า,ศิริพงษ์,2,07:00-09:00,0,1,0
เสาชิงช้า,ศิริพงษ์,2,09:00-16:00,0,1,0
เสาชิงช้า,ศิริพงษ์,2,16:00-19:00,0,1,0
เสาชิงช้า(2),บำรุงเมือง,1,06:30-09:00,0,1,0
เสาชิงช้า(2),บำรุงเมือง,1,09:00-16:00,0,1,0
เสาชิงช้า(2),บำรุงเมือง,1,16:00-19:30,0,1,0
เสาชิงช้า(2),บำรุงเมือง,11,07:00-09:00,0,0,1
เสาชิงช้า(2),บำรุงเมือง,11,09:00-16:00,0,0,1
เสาชิงช้า(2),บำรุงเมือง,11,16:00-19:00,0,0,1
เสาชิงช้า(2),ศิริพงษ์,1,06:30-09:00,0,1,0
เสาชิงช้า(2),ศิริพงษ์,1,09:00-16:00,0,1,0
เสาชิงช้า(2),ศิริพงษ์,1,16:00-19:30,0,1,0
เสาชิงช้า(2),ศิริพงษ์,11,07:00-09:00,0,0,1
เสาชิงช้า(2),ศิริพงษ์,11,09:00-16:00,0,0,1
เสาชิงช้า(2),ศิริพงษ์,11,16:00-19:00,0,0,1
เสาวณี,ศรีอยุธยา,1,07:00-09:00,0,0,1
เสาวณี,ศรีอยุธยา,1,09:00-17:00,0,0,1
เสาวณี,ศรีอยุธยา,1,17:00-19:00,0,0,1
เสาวณี,ศรีอยุธยา,3,07:00-09:00,0,1,0
เสาวณี,ศรีอยุธยา,3,09:00-16:00,0,1,0
เสาวณี,ศรีอยุธยา,3,16:00-19:00,0,1,0
เสาวณี,ศรีอยุธยา,8,07:00-09:00,1,0,0
เสาวณี,ศรีอยุธยา,8,09:00-16:00,1,0,0
เสาวณี,ศรีอยุธยา,8,16:00-19:00,1,0,0
เสาวณี,ศรีอยุธยา,9,07:00-09:00,0,1,0
เสาวณี,ศรีอยุธยา,9,09:00-16:00,0,1,0
เสาวณี,ศรีอยุธยา,9,16:00-19:00,0,1,0
เสาวณี,สวรรคโลก,1,07:00-09:00,0,0,1
เสาวณี,สวรรคโลก,1,09:00-17:00,0,0,1
เสาวณี,สวรรคโลก,1,17:00-19:00,0,0,1
เสาวณี,สวรรคโลก,3,07:00-09:00,0,1,0
เสาวณี,สวรรคโลก,3,09:00-16:00,0,1,0
เสาวณี,สวรรคโลก,3,16:00-19:00,0,1,0
เสาวณี,สวรรคโลก,8,07:00-09:00,1,0,0
เสาวณี,สวรรคโลก,8,09:00-16:00,1,0,0
เสาวณี,สวรรคโลก,8,16:00-19:00,1,0,0
เสาวณี,สวรรคโลก,9,07:00-09:00,0,1,0
เสาวณี,สวรรคโลก,9,09:00-16:00,0,1,0
เสาวณี,สวรรคโลก,9,16:00-19:00,0,1,0
เสือป่า,ราชวงศ์,2,07:00-09:00,0,0,1
เสือป่า,ราชวงศ์,2,09:00-17:00,0,0,1
เสือป่า,ราชวงศ์,2,17:00-19:00,0,0,1
เสือป่า,ราชวงศ์,5,07:00-09:00,0,1,0
เสือป่า,ราชวงศ์,5,09:00-16:00,0,1,0
เสือป่า,ราชวงศ์,5,16:00-19:00,0,1,0
เสือป่า,ราชวงศ์,11,07:00-09:00,1,0,0
เสือป่า,ราชวงศ์,11,09:00-16:00,1,0,0
เสือป่า,ราชวงศ์,11,16:00-19:00,1,0,0
เสือป่า,เจริญกรุง,2,07:00-09:00,0,0,1
เสือป่า,เจริญกรุง,2,09:00-17:00,0,0,1
เสือป่า,เจริญกรุง,2,17:00-19:00,0,0,1
เสือป่า,เจริญกรุง,5,07:00-09:00,0,1,0
เสือป่า,เจริญกรุง,5,09:00-16:00,0,1,0
เสือป่า,เจริญกรุง,5,16:00-19:00,0,1,0
เสือป่า,เจริญกรุง,11,07:00-09:00,1,0,0
เสือป่า,เจริญกรุง,11,09:00-16:00,1,0,0
เสือป่า,เจริญกรุง,11,16:00-19:00,1,0,0
เสือป่า,เสือป่า,2,07:00-09:00,0,0,1
เสือป่า,เสือป่า,2,09:00-17:00,0,0,1
เสือป่า,เสือป่า,2,17:00-19:00,0,0,1
เสือป่า,เสือป่า,3,07:00-09:00,0,0,1
เสือป่า,เสือป่า,3,09:00-16:00,0,0,1
เสือป่า,เสือป่า,3,16:00-19:00,0,0,1
เสือป่า,เสือป่า,5,07:00-09:00,0,1,0
เสือป่า,เสือป่า,5,09:00-16:00,0,1,0
เสือป่า,เสือป่า,5,16:00-19:00,0,1,0
เสือป่า,เสือป่า,11,07:00-09:00,1,0,0
เสือป่า,เสือป่า,11,09:00-16:00,1,0,0
เสือป่า,เสือป่า,11,16:00-19:00,1,0,0
เอกชัย-กาญจนาภิเษก,กาญจนาภิเษก,3,07:00-09:00,0,0,1
เอกชัย-กาญจนาภิเษก,กาญจนาภิเษก,3,09:00-17:00,0,0,1
เอกชัย-กาญจนาภิเษก,กาญจนาภิเษก,3,17:00-19:00,0,0,1
เอกชัย-กาญจนาภิเษก,เอกชัย,3,07:00-09:00,0,0,1
เอกชัย-กาญจนาภิเษก,เอกชัย,3,09:00-17:00,0,0,1
เอกชัย-กาญจนาภิเษก,เอกชัย,3,17:00-19:00,0,0,1
เอกชัย-บางขุนเทียนชายทะเล,บางขุนเทียนชายทะเล,9,06:30-09:00,1,0,0
เอกชัย-บางขุนเทียนชายทะเล,บางขุนเทียนชายทะเล,9,09:00-16:00,1,0,0
เอกชัย-บางขุนเทียนชายทะเล,บางขุนเทียนชายทะเล,9,16:00-19:30,1,0,0
เอกชัย-บางขุนเทียนชายทะเล,เอกชัย,9,06:30-09:00,1,0,0
เอกชัย-บางขุนเทียนชายทะเล,เอกชัย,9,09:00-16:00,1,0,0
เอกชัย-บางขุนเทียนชายทะเล,เอกชัย,9,16:00-19:30,1,0,0
เอกชัย101,เอกชัย,8,07:00-09:00,0,0,1
เอกชัย101,เอกชัย,8,09:00-16:00,0,0,1
เอกชัย101,เอกชัย,8,16:00-19:00,0,0,1
เอกชัย101,เอกชัย101,8,07:00-09:00,0,0,1
เอกชัย101,เอกชัย101,8,09:00-16:00,0,0,1
เอกชัย101,เอกชัย101,8,16:00-19:00,0,0,1
เอกชัย69/1,เอกชัย,3,07:00-09:00,0,0,1
เอกชัย69/1,เอกชัย,3,09:00-17:00,0,0,1
เอกชัย69/1,เอกชัย,3,17:00-19:00,0,0,1
เอกชัย69/1,เอกชัย69/1,3,07:00-09:00,0,0,1
เอกชัย69/1,เอกชัย69/1,3,09:00-17:00,0,0,1
เอกชัย69/1,เอกชัย69/1,3,17:00-19:00,0,0,1
เอกชัย89/9,เอกชัย,3,07:00-09:00,0,0,1
เอกชัย89/9,เอกชัย,3,09:00-17:00,0,0,1
เอกชัย89/9,เอกชัย,3,17:00-19:00,0,0,1
เอกชัย89/9,เอกชัย89/9,3,07:00-09:00,0,0,1
เอกชัย89/9,เอกชัย89/9,3,09:00-17:00,0,0,1
เอกชัย89/9,เอกชัย89/9,3,17:00-19:00,0,0,1
เอกมัย12,เอกมัย12,6,07:00-09:00,0,0,1
เอกมัย12,เอกมัย12,6,09:00-17:00,0,0,1
เอกมัย12,เอกมัย12,6,17:00-19:00,0,0,1
เอกมัย9,เอกมัย,5,07:00-09:00,0,0,1
เอกมัย9,เอกมัย,5,09:00-17:00,0,0,1
เอกมัย9,เอกมัย,5,17:00-19:00,0,0,1
เอกมัยเหนือ,เพชรบุรี,3,07:00-09:00,1,0,0
เอกมัยเหนือ,เพชรบุรี,3,09:00-16:00,1,0,0
เอกมัยเหนือ,เพชรบุรี,3,16:00-19:00,1,0,0
เอกมัยเหนือ,เอกมัย,3,07:00-09:00,1,0,0
เอกมัยเหนือ,เอกมัย,3,09:00-16:00,1,0,0
เอกมัยเหนือ,เอกมัย,3,16:00-19:00,1,0,0
เอกมัยเหนือ(A432),เพชรบุรี,12,07:00-09:00,1,0,0
เอกมัยเหนือ(A432),เพชรบุรี,12,09:00-16:00,1,0,0
เอกมัยเหนือ(A432),เพชรบุรี,12,16:00-19:00,1,0,0
เอกมัยเหนือ(A432),เอกมัย,12,07:00-09:00,1,0,0
เอกมัยเหนือ(A432),เอกมัย,12,09:00-16:00,1,0,0
เอกมัยเหนือ(A432),เอกมัย,12,16:00-19:00,1,0,0
เอกมัยเหนือ(B433),เพชรบุรี,12,07:00-09:00,1,0,0
เอกมัยเหนือ(B433),เพชรบุรี,12,09:00-16:00,1,0,0
เอกมัยเหนือ(B433),เพชรบุรี,12,16:00-19:00,1,0,0
เอกมัยเหนือ(B433),เอกมัย,12,07:00-09:00,1,0,0
เอกมัยเหนือ(B433),เอกมัย,12,09:00-16:00,1,0,0
เอกมัยเหนือ(B433),เอกมัย,12,16:00-19:00,1,0,0
เอกมัยเหนือ(ทางขึ้น),เพชรบุรี,3,07:00-09:00,0,0,1
เอกมัยเหนือ(ทางขึ้น),เพชรบุรี,3,09:00-16:00,0,0,1
เอกมัยเหนือ(ทางขึ้น),เพชรบุรี,3,16:00-19:00,0,0,1
เอกมัยเหนือ(ทางขึ้น),เอกมัย,3,07:00-09:00,0,0,1
เอกมัยเหนือ(ทางขึ้น),เอกมัย,3,09:00-16:00,0,0,1
เอกมัยเหนือ(ทางขึ้น),เอกมัย,3,16:00-19:00,0,0,1
เอกมัยเหนือ(ทางลง),เพชรบุรี,3,07:00-09:00,0,0,1
เอกมัยเหนือ(ทางลง),เพชรบุรี,3,09:00-16:00,0,0,1
เอกมัยเหนือ(ทางลง),เพชรบุรี,3,16:00-19:00,0,0,1
เอกมัยเหนือ(ทางลง),เอกมัย,3,07:00-09:00,0,0,1
เอกมัยเหนือ(ทางลง),เอกมัย,3,09:00-16:00,0,0,1
เอกมัยเหนือ(ทางลง),เอกมัย,3,16:00-19:00,0,0,1
เอกมัยใต้,ซอยสุขุมวิท63,6,07:00-09:00,0,1,0
เอกมัยใต้,ซอยสุขุมวิท63,6,09:00-16:00,0,1,0
เอกมัยใต้,ซอยสุขุมวิท63,6,16:00-19:00,0,1,0
เอกมัยใต้,ซอยสุขุมวิท63,8,07:00-09:00,1,0,0
เอกมัยใต้,ซอยสุขุมวิท63,8,09:00-16:00,1,0,0
เอกมัยใต้,ซอยสุขุมวิท63,8,16:00-19:00,1,0,0
เอกมัยใต้,ทางเข้าขนส่งเอกมัย,6,07:00-09:00,0,1,0
เอกมัยใต้,ทางเข้าขนส่งเอกมัย,6,09:00-16:00,0,1,0
เอกมัยใต้,ทางเข้าขนส่งเอกมัย,6,16:00-19:00,0,1,0
เอกมัยใต้,ทางเข้าขนส่งเอกมัย,8,07:00-09:00,0,0,1
เอกมัยใต้,ทางเข้าขนส่งเอกมัย,8,09:00-17:00,0,0,1
เอกมัยใต้,ทางเข้าขนส่งเอกมัย,8,17:00-19:00,0,0,1
เอกมัยใต้,ทางเข้าออกขนส่งเอกมัย,1,07:00-09:00,0,0,1
เอกมัยใต้,ทางเข้าออกขนส่งเอกมัย,1,09:00-17:00,0,0,1
เอกมัยใต้,ทางเข้าออกขนส่งเอกมัย,1,17:00-19:00,0,0,1
เอกมัยใต้,ทางเข้าออกขนส่งเอกมัย,8,07:00-09:00,1,0,0
เอกมัยใต้,ทางเข้าออกขนส่งเอกมัย,8,09:00-16:00,1,0,0
เอกมัยใต้,ทางเข้าออกขนส่งเอกมัย,8,16:00-19:00,1,0,0
เอกมัยใต้,สุขุมวิท,1,07:00-09:00,0,0,1
เอกมัยใต้,สุขุมวิท,1,09:00-17:00,0,0,1
เอกมัยใต้,สุขุมวิท,1,17:00-19:00,0,0,1
เอกมัยใต้,สุขุมวิท,6,07:00-09:00,0,1,0
เอกมัยใต้,สุขุมวิท,6,09:00-16:00,0,1,0
เอกมัยใต้,สุขุมวิท,6,16:00-19:00,0,1,0
เอกมัยใต้,สุขุมวิท,8,06:30-09:00,1,0,0
เอกมัยใต้,สุขุมวิท,8,07:00-09:00,0,0,1
เอกมัยใต้,สุขุมวิท,8,09:00-16:00,1,0,0
เอกมัยใต้,สุขุมวิท,8,09:00-17:00,0,0,1
เอกมัยใต้,สุขุมวิท,8,16:00-19:30,1,0,0
เอกมัยใต้,สุขุมวิท,8,17:00-19:00,0,0,1
เอกมัยใต้,สุขุมวิท63,8,07:00-09:00,0,0,1
เอกมัยใต้,สุขุมวิท63,8,09:00-17:00,0,0,1
เอกมัยใต้,สุขุมวิท63,8,17:00-19:00,0,0,1
เอกมัยใต้,เอกมัย,1,07:00-09:00,0,0,1
เอกมัยใต้,เอกมัย,1,09:00-17:00,0,0,1
เอกมัยใต้,เอกมัย,1,17:00-19:00,0,0,1
เอส.เอ.บี,วรจักร,6,07:00-09:00,0,0,1
เอส.เอ.บี,วรจักร,6,09:00-16:00,0,0,1
เอส.เอ.บี,วรจักร,6,16:00-19:00,0,0,1
เอส.เอ.บี,เจริญกรุง,6,07:00-09:00,0,0,1
เอส.เอ.บี,เจริญกรุง,6,09:00-16:00,0,0,1
เอส.เอ.บี,เจริญกรุง,6,16:00-19:00,0,0,1
เอสเอบี,วรจักร,1,07:00-09:00,0,0,1
เอสเอบี,วรจักร,1,09:00-17:00,0,0,1
เอสเอบี,วรจักร,1,17:00-19:00,0,0,1
เอสเอบี,วรจักร,4,07:00-09:00,0,0,1
เอสเอบี,วรจักร,4,09:00-17:00,0,0,1
เอสเอบี,วรจักร,4,17:00-19:00,0,0,1
เอสเอบี,วรจักร,5,06:30-09:00,0,1,0
เอสเอบี,วรจักร,5,09:00-16:00,0,1,0
เอสเอบี,วรจักร,5,16:00-19:30,0,1,0
เอสเอบี,วรจักร,12,07:00-09:00,1,0,0
เอสเอบี,วรจักร,12,09:00-16:00,1,0,0
เอสเอบี,วรจักร,12,16:00-19:00,1,0,0
เอสเอบี,เจริญกรุง,1,07:00-09:00,0,0,1
เอสเอบี,เจริญกรุง,1,09:00-17:00,0,0,1
เอสเอบี,เจริญกรุง,1,17:00-19:00,0,0,1
เอสเอบี,เจริญกรุง,4,07:00-09:00,0,0,1
เอสเอบี,เจริญกรุง,4,09:00-17:00,0,0,1
เอสเอบี,เจริญกรุง,4,17:00-19:00,0,0,1
เอสเอบี,เจริญกรุง,5,07:00-09:00,0,1,0
เอสเอบี,เจริญกรุง,5,09:00-16:00,0,1,0
เอสเอบี,เจริญกรุง,5,16:00-19:00,0,1,0
เอสเอบี,เจริญกรุง,12,07:00-09:00,1,0,0
เอสเอบี,เจริญกรุง,12,09:00-16:00,1,0,0
เอสเอบี,เจริญกรุง,12,16:00-19:00,1,0,0
แจ้งวัฒนะ,เมืองทอง,2,07:00-09:00,0,0,1
แจ้งวัฒนะ,เมืองทอง,2,09:00-16:00,0,0,1
แจ้งวัฒนะ,เมืองทอง,2,16:00-19:00,0,0,1
แจ้งวัฒนะ,แจ้งวัฒนะ,2,07:00-09:00,0,0,1
แจ้งวัฒนะ,แจ้งวัฒนะ,2,09:00-16:00,0,0,1
แจ้งวัฒนะ,แจ้งวัฒนะ,2,16:00-19:00,0,0,1
แจ้งวัฒนะ-เลียบคลองประปาฝั่งตะวันออก,เลียบคลองประปาฝั่งตะวันออก,4,07:00-09:00,0,0,1
แจ้งวัฒนะ-เลียบคลองประปาฝั่งตะวันออก,เลียบคลองประปาฝั่งตะวันออก,4,09:00-17:00,0,0,1
แจ้งวัฒนะ-เลียบคลองประปาฝั่งตะวันออก,เลียบคลองประปาฝั่งตะวันออก,4,17:00-19:00,0,0,1
แจ้งวัฒนะ-เลียบคลองประปาฝั่งตะวันออก,แจ้งวัฒนะ,4,07:00-09:00,0,0,1
แจ้งวัฒนะ-เลียบคลองประปาฝั่งตะวันออก,แจ้งวัฒนะ,4,09:00-17:00,0,0,1
แจ้งวัฒนะ-เลียบคลองประปาฝั่งตะวันออก,แจ้งวัฒนะ,4,17:00-19:00,0,0,1
แจ้งวัฒนะ–น่านเจ้า–แสนหวี,ซอยน่านเจ้า,4,07:00-09:00,0,0,1
แจ้งวัฒนะ–น่านเจ้า–แสนหวี,ซอยน่านเจ้า,4,09:00-17:00,0,0,1
แจ้งวัฒนะ–น่านเจ้า–แสนหวี,ซอยน่านเจ้า,4,17:00-19:00,0,0,1
แจ้งวัฒนะ–น่านเจ้า–แสนหวี,ซอยแจ้งวัฒนะ,4,07:00-09:00,0,0,1
แจ้งวัฒนะ–น่านเจ้า–แสนหวี,ซอยแจ้งวัฒนะ,4,09:00-17:00,0,0,1
แจ้งวัฒนะ–น่านเจ้า–แสนหวี,ซอยแจ้งวัฒนะ,4,17:00-19:00,0,0,1
แจ้งวัฒนะ–น่านเจ้า–แสนหวี,ซอยแสนหวี,4,07:00-09:00,0,0,1
แจ้งวัฒนะ–น่านเจ้า–แสนหวี,ซอยแสนหวี,4,09:00-17:00,0,0,1
แจ้งวัฒนะ–น่านเจ้า–แสนหวี,ซอยแสนหวี,4,17:00-19:00,0,0,1
แบริ่ง,ซอยสุขุมวิท107,11,07:00-09:00,1,0,0
แบริ่ง,ซอยสุขุมวิท107,11,09:00-16:00,1,0,0
แบริ่ง,ซอยสุขุมวิท107,11,16:00-19:00,1,0,0
แบริ่ง,พหลโยธิน,12,07:00-09:00,0,0,1
แบริ่ง,สุขุมวิท,11,07:00-09:00,1,1,0
แบริ่ง,สุขุมวิท,11,09:00-16:00,1,1,0
แบริ่ง,สุขุมวิท,11,16:00-19:00,1,1,0
แบริ่ง,สุขุมวิท,12,07:00-09:00,0,0,1
แบริ่ง,สุขุมวิท,12,09:00-17:00,0,0,1
แบริ่ง,สุขุมวิท,12,17:00-19:00,0,0,1
แบริ่ง,สุขุมวิท107,11,07:00-09:00,0,1,0
แบริ่ง,สุขุมวิท107,11,09:00-16:00,0,1,0
แบริ่ง,สุขุมวิท107,11,16:00-19:00,0,1,0
แบริ่ง,สุขุมวิท107(แบริ่ง),12,07:00-09:00,0,0,1
แบริ่ง,สุขุมวิท107(แบริ่ง),12,09:00-17:00,0,0,1
แบริ่ง,สุขุมวิท107(แบริ่ง),12,17:00-19:00,0,0,1
แบริ่ง-ถนนตัดใหม่ลาซาล-แบริ่ง,ตัดใหม่ลาซาล-แบริ่ง,1,06:30-09:00,1,0,0
แบริ่ง-ถนนตัดใหม่ลาซาล-แบริ่ง,ตัดใหม่ลาซาล-แบริ่ง,1,09:00-16:00,1,0,0
แบริ่ง-ถนนตัดใหม่ลาซาล-แบริ่ง,ตัดใหม่ลาซาล-แบริ่ง,1,16:00-19:30,1,0,0
แบริ่ง-ถนนตัดใหม่ลาซาล-แบริ่ง,สุขุมวิท107(แบริ่ง),1,06:30-09:00,1,0,0
แบริ่ง-ถนนตัดใหม่ลาซาล-แบริ่ง,สุขุมวิท107(แบริ่ง),1,09:00-16:00,1,0,0
แบริ่ง-ถนนตัดใหม่ลาซาล-แบริ่ง,สุขุมวิท107(แบริ่ง),1,16:00-19:30,1,0,0
แปลงนาม,พลับพลาไชย,1,07:00-09:00,1,0,0
แปลงนาม,พลับพลาไชย,1,09:00-16:00,1,0,0
แปลงนาม,พลับพลาไชย,1,16:00-19:00,1,0,0
แปลงนาม,พลับพลาไชย,9,07:00-09:00,1,0,1
แปลงนาม,พลับพลาไชย,9,09:00-16:00,1,0,0
แปลงนาม,พลับพลาไชย,9,09:00-17:00,0,0,1
แปลงนาม,พลับพลาไชย,9,16:00-19:00,1,0,0
แปลงนาม,พลับพลาไชย,9,17:00-19:00,0,0,1
แปลงนาม,พลับพลาไชย,11,07:00-09:00,0,1,1
แปลงนาม,พลับพลาไชย,11,09:00-16:00,0,1,0
แปลงนาม,พลับพลาไชย,11,09:00-17:00,0,0,1
แปลงนาม,พลับพลาไชย,11,16:00-19:00,0,1,0
แปลงนาม,พลับพลาไชย,11,17:00-19:00,0,0,1
แปลงนาม,เจริญกรุง,1,07:00-09:00,1,0,0
แปลงนาม,เจริญกรุง,1,09:00-16:00,1,0,0
แปลงนาม,เจริญกรุง,1,16:00-19:00,1,0,0
แปลงนาม,เจริญกรุง,9,07:00-09:00,1,0,1
แปลงนาม,เจริญกรุง,9,09:00-16:00,1,0,0
แปลงนาม,เจริญกรุง,9,09:00-17:00,0,0,1
แปลงนาม,เจริญกรุง,9,16:00-19:00,1,0,0
แปลงนาม,เจริญกรุง,9,17:00-19:00,0,0,1
แปลงนาม,เจริญกรุง,11,07:00-09:00,0,1,1
แปลงนาม,เจริญกรุง,11,09:00-16:00,0,1,0
แปลงนาม,เจริญกรุง,11,09:00-17:00,0,0,1
แปลงนาม,เจริญกรุง,11,16:00-19:00,0,1,0
แปลงนาม,เจริญกรุง,11,17:00-19:00,0,0,1
แปลงนาม,แปลงนาม,1,07:00-09:00,1,0,0
แปลงนาม,แปลงนาม,1,09:00-16:00,1,0,0
แปลงนาม,แปลงนาม,1,16:00-19:00,1,0,0
แปลงนาม,แปลงนาม,3,07:00-09:00,0,0,1
แปลงนาม,แปลงนาม,3,09:00-16:00,0,0,1
แปลงนาม,แปลงนาม,3,16:00-19:00,0,0,1
แปลงนาม,แปลงนาม,9,07:00-09:00,1,0,1
แปลงนาม,แปลงนาม,9,09:00-16:00,1,0,0
แปลงนาม,แปลงนาม,9,09:00-17:00,0,0,1
แปลงนาม,แปลงนาม,9,16:00-19:00,1,0,0
แปลงนาม,แปลงนาม,9,17:00-19:00,0,0,1
แปลงนาม,แปลงนาม,11,07:00-09:00,0,1,1
แปลงนาม,แปลงนาม,11,09:00-16:00,0,1,0
แปลงนาม,แปลงนาม,11,09:00-17:00,0,0,1
แปลงนาม,แปลงนาม,11,16:00-19:00,0,1,0
แปลงนาม,แปลงนาม,11,17:00-19:00,0,0,1
แฟลตการท่า,กำแพงเพชร6,2,07:00-09:00,0,0,1
แฟลตการท่า,กำแพงเพชร6,2,09:00-17:00,0,0,1
แฟลตการท่า,กำแพงเพชร6,2,17:00-19:00,0,0,1
แฟลตการท่า,เชิดวุฒากาศ,2,07:00-09:00,0,0,1
แฟลตการท่า,เชิดวุฒากาศ,2,09:00-17:00,0,0,1
แฟลตการท่า,เชิดวุฒากาศ,2,17:00-19:00,0,0,1
แม้นศรี,จักรพรรดิพงษ์,5,07:00-09:00,0,1,0
แม้นศรี,จักรพรรดิพงษ์,5,09:00-16:00,0,1,0
แม้นศรี,จักรพรรดิพงษ์,5,16:00-19:00,0,1,0
แม้นศรี,จักรพรรดิพงษ์,6,07:00-09:00,1,0,0
แม้นศรี,จักรพรรดิพงษ์,6,09:00-16:00,1,0,0
แม้นศรี,จักรพรรดิพงษ์,6,16:00-19:00,1,0,0
แม้นศรี,บำรุงเมือง,5,07:00-09:00,0,1,0
แม้นศรี,บำรุงเมือง,5,09:00-16:00,0,1,0
แม้นศรี,บำรุงเมือง,5,16:00-19:00,0,1,0
แม้นศรี,บำรุงเมือง,6,07:00-09:00,1,0,0
แม้นศรี,บำรุงเมือง,6,09:00-16:00,1,0,0
แม้นศรี,บำรุงเมือง,6,16:00-19:00,1,0,0
แม้นศรี,วรจักร,5,07:00-09:00,0,1,0
แม้นศรี,วรจักร,5,09:00-16:00,0,1,0
แม้นศรี,วรจักร,5,16:00-19:00,0,1,0
แม้นศรี,วรจักร,6,07:00-09:00,1,0,0
แม้นศรี,วรจักร,6,09:00-16:00,1,0,0
แม้นศรี,วรจักร,6,16:00-19:00,1,0,0
แสมดำ-ซอยแสมดำ24,ซอยแสมดำ24,8,07:00-09:00,1,0,0
แสมดำ-ซอยแสมดำ24,ซอยแสมดำ24,8,09:00-16:00,1,0,0
แสมดำ-ซอยแสมดำ24,ซอยแสมดำ24,8,16:00-19:00,1,0,0
แสมดำ-ซอยแสมดำ24,แสมดำ,8,07:00-09:00,1,0,0
แสมดำ-ซอยแสมดำ24,แสมดำ,8,09:00-16:00,1,0,0
แสมดำ-ซอยแสมดำ24,แสมดำ,8,16:00-19:00,1,0,0
แฮปปี้แลนด์,ทางออกเดอะมอลล์,5,07:00-09:00,0,0,1
แฮปปี้แลนด์,ทางออกเดอะมอลล์,5,09:00-17:00,0,0,1
แฮปปี้แลนด์,ทางออกเดอะมอลล์,5,17:00-19:00,0,0,1
แฮปปี้แลนด์,ทางออกเดอะมอลล์,11,07:00-09:00,0,0,1
แฮปปี้แลนด์,ทางออกเดอะมอลล์,11,09:00-16:00,0,0,1
แฮปปี้แลนด์,ทางออกเดอะมอลล์,11,16:00-19:00,0,0,1
แฮปปี้แลนด์,ลาดพร้าว,5,07:00-09:00,0,0,1
แฮปปี้แลนด์,ลาดพร้าว,5,09:00-17:00,0,0,1
แฮปปี้แลนด์,ลาดพร้าว,5,17:00-19:00,0,0,1
แฮปปี้แลนด์,ลาดพร้าว,11,07:00-09:00,0,0,1
แฮปปี้แลนด์,ลาดพร้าว,11,09:00-16:00,0,0,1
แฮปปี้แลนด์,ลาดพร้าว,11,16:00-19:00,0,0,1
แฮปปี้แลนด์,แฮปปี้แลนด์,5,07:00-09:00,0,0,1
แฮปปี้แลนด์,แฮปปี้แลนด์,5,09:00-17:00,0,0,1
แฮปปี้แลนด์,แฮปปี้แลนด์,5,17:00-19:00,0,0,1
แฮปปี้แลนด์,แฮปปี้แลนด์,11,07:00-09:00,0,0,1
แฮปปี้แลนด์,แฮปปี้แลนด์,11,09:00-16:00,0,0,1
แฮปปี้แลนด์,แฮปปี้แลนด์,11,16:00-19:00,0,0,1
แฮปปี้แลนด์สาย2-ลาดพร้าว,ลาดพร้าว,9,07:00-09:00,0,0,1
แฮปปี้แลนด์สาย2-ลาดพร้าว,ลาดพร้าว,9,09:00-17:00,0,0,1
แฮปปี้แลนด์สาย2-ลาดพร้าว,ลาดพร้าว,9,17:00-19:00,0,0,1
แฮปปี้แลนด์สาย2-ลาดพร้าว,แฮปปี้แลนด์สาย2,9,07:00-09:00,0,0,1
แฮปปี้แลนด์สาย2-ลาดพร้าว,แฮปปี้แลนด์สาย2,9,09:00-17:00,0,0,1
แฮปปี้แลนด์สาย2-ลาดพร้าว,แฮปปี้แลนด์สาย2,9,17:00-19:00,0,0,1
โชคชัย4,ชอยลาดพร้าว35(โชคชัย4),6,07:00-09:00,1,0,0
โชคชัย4,ชอยลาดพร้าว35(โชคชัย4),6,09:00-16:00,1,0,0
โชคชัย4,ชอยลาดพร้าว35(โชคชัย4),6,16:00-19:00,1,0,0
โชคชัย4,ซอยลาดพร้าว56,6,07:00-09:00,1,0,0
โชคชัย4,ซอยลาดพร้าว56,6,09:00-16:00,1,0,0
โชคชัย4,ซอยลาดพร้าว56,6,16:00-19:00,1,0,0
โชคชัย4,ลาดพร้าว,3,07:00-09:00,0,0,1
โชคชัย4,ลาดพร้าว,3,09:00-17:00,0,0,1
โชคชัย4,ลาดพร้าว,3,17:00-19:00,0,0,1
โชคชัย4,ลาดพร้าว,6,07:00-09:00,1,0,0
โชคชัย4,ลาดพร้าว,6,09:00-16:00,1,0,0
โชคชัย4,ลาดพร้าว,6,16:00-19:00,1,0,0
โชคชัย4,ลาดพร้าว53/1,3,07:00-09:00,0,0,1
โชคชัย4,ลาดพร้าว53/1,3,09:00-17:00,0,0,1
โชคชัย4,ลาดพร้าว53/1,3,17:00-19:00,0,0,1
โชคชัย4,ลาดพร้าว58,3,07:00-09:00,0,0,1
โชคชัย4,ลาดพร้าว58,3,09:00-17:00,0,0,1
โชคชัย4,ลาดพร้าว58,3,17:00-19:00,0,0,1
โชคชัย4ซอย54,โชคชัย4,3,07:00-09:00,0,1,0
โชคชัย4ซอย54,โชคชัย4,3,09:00-16:00,0,1,0
โชคชัย4ซอย54,โชคชัย4,3,16:00-19:00,0,1,0
โชคชัย4ซอย54,โชคชัย4ซอย51,3,07:00-09:00,0,1,0
โชคชัย4ซอย54,โชคชัย4ซอย52,3,09:00-16:00,0,1,0
โชคชัย4ซอย54,โชคชัย4ซอย53,3,16:00-19:00,0,1,0
โชคชัย4ซอย54,โชคชัย4ซอย54,3,07:00-09:00,0,1,0
โชคชัย4ซอย54,โชคชัย4ซอย54,3,09:00-16:00,0,1,0
โชคชัย4ซอย54,โชคชัย4ซอย54,3,16:00-19:00,0,1,0
โพธิสามต้น,วังเดิม,3,07:00-09:00,1,0,0
โพธิสามต้น,วังเดิม,3,09:00-16:00,1,0,0
โพธิสามต้น,วังเดิม,3,16:00-19:00,1,0,0
โพธิสามต้น,อิสรภาพ,3,07:00-09:00,1,0,0
โพธิสามต้น,อิสรภาพ,3,09:00-16:00,1,0,0
โพธิสามต้น,อิสรภาพ,3,16:00-19:00,1,0,0
โพธิ์สามต้น,วังเดิม,2,07:00-09:00,0,1,0
โพธิ์สามต้น,วังเดิม,2,09:00-16:00,0,1,0
โพธิ์สามต้น,วังเดิม,2,16:00-19:00,0,1,0
โพธิ์สามต้น,วังเดิม,7,07:00-09:00,1,0,0
โพธิ์สามต้น,วังเดิม,7,09:00-16:00,1,0,0
โพธิ์สามต้น,วังเดิม,7,16:00-19:00,1,0,0
โพธิ์สามต้น,วังเดิม,9,07:00-09:00,0,1,1
โพธิ์สามต้น,วังเดิม,9,09:00-16:00,0,1,0
โพธิ์สามต้น,วังเดิม,9,09:00-17:00,0,0,1
โพธิ์สามต้น,วังเดิม,9,16:00-19:00,0,1,0
โพธิ์สามต้น,วังเดิม,9,17:00-19:00,0,0,1
โพธิ์สามต้น,วังเดิม,11,07:00-09:00,0,0,1
โพธิ์สามต้น,วังเดิม,11,09:00-17:00,0,0,1
โพธิ์สามต้น,วังเดิม,11,17:00-19:00,0,0,1
โพธิ์สามต้น,อิสรภาพ,2,07:00-09:00,0,1,0
โพธิ์สามต้น,อิสรภาพ,2,09:00-16:00,0,1,0
โพธิ์สามต้น,อิสรภาพ,2,16:00-19:00,0,1,0
โพธิ์สามต้น,อิสรภาพ,7,07:00-09:00,1,0,0
โพธิ์สามต้น,อิสรภาพ,7,09:00-16:00,1,0,0
โพธิ์สามต้น,อิสรภาพ,7,16:00-19:00,1,0,0
โพธิ์สามต้น,อิสรภาพ,9,07:00-09:00,0,1,1
โพธิ์สามต้น,อิสรภาพ,9,09:00-16:00,0,1,0
โพธิ์สามต้น,อิสรภาพ,9,09:00-17:00,0,0,1
โพธิ์สามต้น,อิสรภาพ,9,16:00-19:00,0,1,0
โพธิ์สามต้น,อิสรภาพ,9,17:00-19:00,0,0,1
โพธิ์สามต้น,อิสรภาพ,11,07:00-09:00,0,0,1
โพธิ์สามต้น,อิสรภาพ,11,09:00-17:00,0,0,1
โพธิ์สามต้น,อิสรภาพ,11,17:00-19:00,0,0,1
โพธิ์แก้ว,ทางเข้าวัดบางเตย,4,07:00-09:00,1,0,0
โพธิ์แก้ว,ทางเข้าวัดบางเตย,4,09:00-16:00,1,0,0
โพธิ์แก้ว,ทางเข้าวัดบางเตย,4,16:00-19:00,1,0,0
โพธิ์แก้ว,ทางเข้าวัดบางเตย,6,07:00-09:00,0,0,2
โพธิ์แก้ว,ทางเข้าวัดบางเตย,6,09:00-16:00,0,0,1
โพธิ์แก้ว,ทางเข้าวัดบางเตย,6,09:00-17:00,0,0,1
โพธิ์แก้ว,ทางเข้าวัดบางเตย,6,16:00-19:00,0,0,1
โพธิ์แก้ว,ทางเข้าวัดบางเตย,6,17:00-19:00,0,0,1
โพธิ์แก้ว,ทางเข้าวัดบางเตย,7,07:00-09:00,1,0,0
โพธิ์แก้ว,ทางเข้าวัดบางเตย,7,09:00-16:00,1,0,0
โพธิ์แก้ว,ทางเข้าวัดบางเตย,7,16:00-19:00,1,0,0
โพธิ์แก้ว,ทางเข้าวัดบางเตย,12,07:00-09:00,0,1,0
โพธิ์แก้ว,ทางเข้าวัดบางเตย,12,09:00-16:00,0,1,0
โพธิ์แก้ว,ทางเข้าวัดบางเตย,12,16:00-19:00,0,1,0
โพธิ์แก้ว,นวมินทร์,4,07:00-09:00,1,0,0
โพธิ์แก้ว,นวมินทร์,4,09:00-16:00,1,0,0
โพธิ์แก้ว,นวมินทร์,4,16:00-19:00,1,0,0
โพธิ์แก้ว,นวมินทร์,6,07:00-09:00,0,0,2
โพธิ์แก้ว,นวมินทร์,6,09:00-16:00,0,0,1
โพธิ์แก้ว,นวมินทร์,6,09:00-17:00,0,0,1
โพธิ์แก้ว,นวมินทร์,6,16:00-19:00,0,0,1
โพธิ์แก้ว,นวมินทร์,6,17:00-19:00,0,0,1
โพธิ์แก้ว,นวมินทร์,7,07:00-09:00,1,0,0
โพธิ์แก้ว,นวมินทร์,7,09:00-16:00,1,0,0
โพธิ์แก้ว,นวมินทร์,7,16:00-19:00,1,0,0
โพธิ์แก้ว,นวมินทร์,12,07:00-09:00,0,1,0
โพธิ์แก้ว,นวมินทร์,12,09:00-16:00,0,1,0
โพธิ์แก้ว,นวมินทร์,12,16:00-19:00,0,1,0
โพธิ์แก้ว,โพธิ์แก้ว,4,07:00-09:00,1,0,0
โพธิ์แก้ว,โพธิ์แก้ว,4,09:00-16:00,1,0,0
โพธิ์แก้ว,โพธิ์แก้ว,4,16:00-19:00,1,0,0
โพธิ์แก้ว,โพธิ์แก้ว,6,07:00-09:00,0,0,2
โพธิ์แก้ว,โพธิ์แก้ว,6,09:00-16:00,0,0,1
โพธิ์แก้ว,โพธิ์แก้ว,6,09:00-17:00,0,0,1
โพธิ์แก้ว,โพธิ์แก้ว,6,16:00-19:00,0,0,1
โพธิ์แก้ว,โพธิ์แก้ว,6,17:00-19:00,0,0,1
โพธิ์แก้ว,โพธิ์แก้ว,7,07:00-09:00,1,0,0
โพธิ์แก้ว,โพธิ์แก้ว,7,09:00-16:00,1,0,0
โพธิ์แก้ว,โพธิ์แก้ว,7,16:00-19:00,1,0,0
โพธิ์แก้ว,โพธิ์แก้ว,12,07:00-09:00,0,1,0
โพธิ์แก้ว,โพธิ์แก้ว,12,09:00-16:00,0,1,0
โพธิ์แก้ว,โพธิ์แก้ว,12,16:00-19:00,0,1,0
โรงกรองน้ำ,นครไชยศรี,1,07:00-09:00,0,0,1
โรงกรองน้ำ,นครไชยศรี,1,09:00-17:00,0,0,1
โรงกรองน้ำ,นครไชยศรี,1,17:00-19:00,0,0,1
โรงกรองน้ำ,นครไชยศรี,3,07:00-09:00,0,1,0
โรงกรองน้ำ,นครไชยศรี,3,09:00-16:00,0,1,0
โรงกรองน้ำ,นครไชยศรี,3,16:00-19:00,0,1,0
โรงกรองน้ำ,นครไชยศรี,7,06:30-09:00,0,1,0
โรงกรองน้ำ,นครไชยศรี,7,09:00-16:00,0,1,0
โรงกรองน้ำ,นครไชยศรี,7,16:00-19:30,0,1,0
โรงกรองน้ำ,นครไชยศรี,9,07:00-09:00,0,1,0
โรงกรองน้ำ,นครไชยศรี,9,09:00-16:00,0,1,0
โรงกรองน้ำ,นครไชยศรี,9,16:00-19:00,0,1,0
โรงกรองน้ำ,นครไชยศรี,11,07:00-09:00,1,0,0
โรงกรองน้ำ,นครไชยศรี,11,09:00-16:00,1,0,0
โรงกรองน้ำ,นครไชยศรี,11,16:00-19:00,1,0,0
โรงกรองน้ำ,นครไชยศรี,12,07:00-09:00,1,0,0
โรงกรองน้ำ,นครไชยศรี,12,09:00-16:00,1,0,0
โรงกรองน้ำ,นครไชยศรี,12,16:00-19:00,1,0,0
โรงกรองน้ำ,พระรามที่6,1,07:00-09:00,0,0,1
โรงกรองน้ำ,พระรามที่6,1,09:00-17:00,0,0,1
โรงกรองน้ำ,พระรามที่6,1,17:00-19:00,0,0,1
โรงกรองน้ำ,พระรามที่6,3,07:00-09:00,0,1,0
โรงกรองน้ำ,พระรามที่6,3,09:00-16:00,0,1,0
โรงกรองน้ำ,พระรามที่6,3,16:00-19:00,0,1,0
โรงกรองน้ำ,พระรามที่6,7,06:30-09:00,0,1,0
โรงกรองน้ำ,พระรามที่6,7,09:00-16:00,0,1,0
โรงกรองน้ำ,พระรามที่6,7,16:00-19:30,0,1,0
โรงกรองน้ำ,พระรามที่6,9,07:00-09:00,0,1,0
โรงกรองน้ำ,พระรามที่6,9,09:00-16:00,0,1,0
โรงกรองน้ำ,พระรามที่6,9,16:00-19:00,0,1,0
โรงกรองน้ำ,พระรามที่6,11,07:00-09:00,1,0,0
โรงกรองน้ำ,พระรามที่6,11,09:00-16:00,1,0,0
โรงกรองน้ำ,พระรามที่6,11,16:00-19:00,1,0,0
โรงกรองน้ำ,พระรามที่6,12,07:00-09:00,1,0,0
โรงกรองน้ำ,พระรามที่6,12,09:00-16:00,1,0,0
โรงกรองน้ำ,พระรามที่6,12,16:00-19:00,1,0,0
โรงผลิตน้ำสามเสน,พระรามที่6,8,07:00-09:00,0,1,0
โรงผลิตน้ำสามเสน,พระรามที่6,8,09:00-16:00,0,1,0
โรงผลิตน้ำสามเสน,พระรามที่6,8,16:00-19:00,0,1,0
โรงพยาบาลกลาง,ยุคคล2,3,07:00-09:00,0,1,0
โรงพยาบาลกลาง,ยุคคล2,3,09:00-16:00,0,1,0
โรงพยาบาลกลาง,ยุคคล2,3,16:00-19:00,0,1,0
โรงพยาบาลกลาง,ยุคล2,4,07:00-09:00,1,0,0
โรงพยาบาลกลาง,ยุคล2,4,09:00-16:00,1,0,0
โรงพยาบาลกลาง,ยุคล2,4,16:00-19:00,1,0,0
โรงพยาบาลกลาง,ยุคล2,5,07:00-09:00,1,0,0
โรงพยาบาลกลาง,ยุคล2,5,09:00-16:00,1,0,0
โรงพยาบาลกลาง,ยุคล2,5,16:00-19:00,1,0,0
โรงพยาบาลกลาง,ยุคล2,12,07:00-09:00,0,0,1
โรงพยาบาลกลาง,ยุคล2,12,09:00-17:00,0,0,1
โรงพยาบาลกลาง,ยุคล2,12,17:00-19:00,0,0,1
โรงพยาบาลกลาง,หลวง,3,07:00-09:00,0,1,0
โรงพยาบาลกลาง,หลวง,3,09:00-16:00,0,1,0
โรงพยาบาลกลาง,หลวง,3,16:00-19:00,0,1,0
โรงพยาบาลกลาง,หลวง,4,07:00-09:00,1,0,0
โรงพยาบาลกลาง,หลวง,4,09:00-16:00,1,0,0
โรงพยาบาลกลาง,หลวง,4,16:00-19:00,1,0,0
โรงพยาบาลกลาง,หลวง,5,07:00-09:00,1,0,0
โรงพยาบาลกลาง,หลวง,5,09:00-16:00,1,0,0
โรงพยาบาลกลาง,หลวง,5,16:00-19:00,1,0,0
โรงพยาบาลกลาง,หลวง,12,07:00-09:00,0,0,1
โรงพยาบาลกลาง,หลวง,12,09:00-17:00,0,0,1
โรงพยาบาลกลาง,หลวง,12,17:00-19:00,0,0,1
โรงพยาบาลกลาง,เสือป่า,3,07:00-09:00,0,1,0
โรงพยาบาลกลาง,เสือป่า,3,09:00-16:00,0,1,0
โรงพยาบาลกลาง,เสือป่า,3,16:00-19:00,0,1,0
โรงพยาบาลกลาง,เสือป่า,4,07:00-09:00,1,0,0
โรงพยาบาลกลาง,เสือป่า,4,09:00-16:00,1,0,0
โรงพยาบาลกลาง,เสือป่า,4,16:00-19:00,1,0,0
โรงพยาบาลกลาง,เสือป่า,5,07:00-09:00,1,0,0
โรงพยาบาลกลาง,เสือป่า,5,09:00-16:00,1,0,0
โรงพยาบาลกลาง,เสือป่า,5,16:00-19:00,1,0,0
โรงพยาบาลกลาง,เสือป่า,12,07:00-09:00,0,0,1
โรงพยาบาลกลาง,เสือป่า,12,09:00-17:00,0,0,1
โรงพยาบาลกลาง,เสือป่า,12,17:00-19:00,0,0,1
โรงพยาบาลทหารเรือ,ซอยสมเด็จพระเจ้าตากสิน23,10,07:00-09:00,1,0,0
โรงพยาบาลทหารเรือ,ซอยสมเด็จพระเจ้าตากสิน23,10,09:00-16:00,1,0,0
โรงพยาบาลทหารเรือ,ซอยสมเด็จพระเจ้าตากสิน23,10,16:00-19:00,1,0,0
โรงพยาบาลทหารเรือ,ทางเข้ารพ.ทหารเรือ-ซอยสมเด็จพระเจ้าตากสิน22,10,07:00-09:00,1,0,0
โรงพยาบาลทหารเรือ,ทางเข้ารพ.ทหารเรือ-ซอยสมเด็จพระเจ้าตากสิน22,10,09:00-16:00,1,0,0
โรงพยาบาลทหารเรือ,ทางเข้ารพ.ทหารเรือ-ซอยสมเด็จพระเจ้าตากสิน22,10,16:00-19:00,1,0,0
โรงพยาบาลทหารเรือ,สมเด็จพระเจ้าตากสิน,10,07:00-09:00,1,0,0
โรงพยาบาลทหารเรือ,สมเด็จพระเจ้าตากสิน,10,09:00-16:00,1,0,0
โรงพยาบาลทหารเรือ,สมเด็จพระเจ้าตากสิน,10,16:00-19:00,1,0,0
โรงพยาบาลบางรัก,ซอยสาทร10,4,07:00-09:00,1,0,0
โรงพยาบาลบางรัก,ซอยสาทร10,4,09:00-16:00,1,0,0
โรงพยาบาลบางรัก,ซอยสาทร10,4,16:00-19:00,1,0,0
โรงพยาบาลบางรัก,ซอยสาทร9,4,07:00-09:00,1,0,0
โรงพยาบาลบางรัก,ซอยสาทร9,4,09:00-16:00,1,0,0
โรงพยาบาลบางรัก,ซอยสาทร9,4,16:00-19:00,1,0,0
โรงพยาบาลบางรัก,สาทร,4,07:00-09:00,1,0,0
โรงพยาบาลบางรัก,สาทร,4,09:00-16:00,1,0,0
โรงพยาบาลบางรัก,สาทร,4,16:00-19:00,1,0,0
โรงพยาบาลสิรินธร,สุขาภิบาล2,4,07:00-09:00,0,0,1
โรงพยาบาลสิรินธร,สุขาภิบาล2,4,09:00-17:00,0,0,1
โรงพยาบาลสิรินธร,สุขาภิบาล2,4,17:00-19:00,0,0,1
โรงพยาบาลสิรินธร,สุขาภิบาล2,5,07:00-09:00,1,0,0
โรงพยาบาลสิรินธร,สุขาภิบาล2,5,09:00-16:00,1,0,0
โรงพยาบาลสิรินธร,สุขาภิบาล2,5,16:00-19:00,1,0,0
โรงพยาบาลสิรินธร,อ่อนนุช,4,07:00-09:00,0,0,1
โรงพยาบาลสิรินธร,อ่อนนุช,4,09:00-17:00,0,0,1
โรงพยาบาลสิรินธร,อ่อนนุช,4,17:00-19:00,0,0,1
โรงพยาบาลสิรินธร,อ่อนนุช,5,07:00-09:00,1,0,0
โรงพยาบาลสิรินธร,อ่อนนุช,5,09:00-16:00,1,0,0
โรงพยาบาลสิรินธร,อ่อนนุช,5,16:00-19:00,1,0,0
โรงพยาบาลเวชการุณรัศม์,ทางเช้า-ออกรพ.เวชการุณศม์,6,07:00-09:00,0,0,1
โรงพยาบาลเวชการุณรัศม์,ทางเช้า-ออกรพ.เวชการุณศม์,6,09:00-17:00,0,0,1
โรงพยาบาลเวชการุณรัศม์,ทางเช้า-ออกรพ.เวชการุณศม์,6,17:00-19:00,0,0,1
โรงพยาบาลเวชการุณรัศม์,เลียบวารี,6,07:00-09:00,0,0,1
โรงพยาบาลเวชการุณรัศม์,เลียบวารี,6,09:00-17:00,0,0,1
โรงพยาบาลเวชการุณรัศม์,เลียบวารี,6,17:00-19:00,0,0,1
โรงเรียนนานาชาติแองโกลสิงคโปร์,สุขุมวิท64,5,07:00-09:00,0,0,1
โรงเรียนนานาชาติแองโกลสิงคโปร์,สุขุมวิท64,5,09:00-17:00,0,0,1
โรงเรียนนานาชาติแองโกลสิงคโปร์,สุขุมวิท64,5,17:00-19:00,0,0,1
โรงเรียนหอวัง,พหลโยธิน,8,07:00-09:00,0,1,0
โรงเรียนหอวัง,พหลโยธิน,8,09:00-16:00,0,1,0
โรงเรียนหอวัง,พหลโยธิน,8,16:00-19:00,0,1,0
ใกล้คลองทวีวัฒนา,อุทยาน,2,07:00-09:00,1,0,0
ใกล้คลองทวีวัฒนา,อุทยาน,2,09:00-16:00,1,0,0
ใกล้คลองทวีวัฒนา,อุทยาน,2,16:00-19:00,1,0,0
ใกล้คลองทวีวัฒนา,อุทยาน,12,07:00-09:00,1,0,0
ใกล้คลองทวีวัฒนา,อุทยาน,12,09:00-16:00,1,0,0
ใกล้คลองทวีวัฒนา,อุทยาน,12,16:00-19:00,1,0,0
ใกล้คลองบางจาก,พุทธมณฑลสาย2,3,07:00-09:00,1,0,0
ใกล้คลองบางจาก,พุทธมณฑลสาย2,3,09:00-16:00,2,0,0
ใกล้คลองบางจาก,พุทธมณฑลสาย2,3,16:00-19:00,2,0,0
ใกล้คลองบางชัน,รามคำแหง,1,07:00-09:00,1,0,0
ใกล้คลองบางชัน,รามคำแหง,1,09:00-16:00,1,0,0
ใกล้คลองบางชัน,รามคำแหง,1,16:00-19:00,1,0,0
ใกล้คลองบางปะแก้ว,ราษฎร์บูรณะ,1,07:00-09:00,1,0,0
ใกล้คลองบางปะแก้ว,ราษฎร์บูรณะ,1,09:00-16:00,1,0,0
ใกล้คลองบางปะแก้ว,ราษฎร์บูรณะ,1,16:00-19:00,1,0,0
ใกล้คลองบางระมาด,พุทธมณฑลสาย2,3,07:00-09:00,1,0,0
ใกล้คลองบางระมาด,พุทธมณฑลสาย2,3,09:00-16:00,2,0,0
ใกล้คลองบางระมาด,พุทธมณฑลสาย2,3,16:00-19:00,2,0,0
ใกล้คลองบ้านม้า,รามคำแหง7,5,07:00-09:00,1,0,0
ใกล้คลองบ้านม้า,รามคำแหง7,5,09:00-16:00,1,0,0
ใกล้คลองบ้านม้า,รามคำแหง7,5,16:00-19:00,1,0,0
ใกล้คลองลาดพร้าว,ประดิษฐ์มนูธรรม,11,07:00-09:00,1,0,0
ใกล้คลองลาดพร้าว,ประดิษฐ์มนูธรรม,11,09:00-16:00,1,0,0
ใกล้คลองลาดพร้าว,ประดิษฐ์มนูธรรม,11,16:00-19:00,1,0,0
ใกล้คลองลาดพร้าว,ประดิษฐ์มนูธรรม,12,07:00-09:00,1,0,0
ใกล้คลองลาดพร้าว,ประดิษฐ์มนูธรรม,12,09:00-16:00,1,0,0
ใกล้คลองลาดพร้าว,ประดิษฐ์มนูธรรม,12,16:00-19:00,1,0,0
ใกล้จุดตัดถ.บางขุนเทียนชายทะเล-สะแกงาม,สะแกงาม,3,07:00-09:00,1,0,0
ใกล้จุดตัดถ.บางขุนเทียนชายทะเล-สะแกงาม,สะแกงาม,3,09:00-16:00,1,0,0
ใกล้จุดตัดถ.บางขุนเทียนชายทะเล-สะแกงาม,สะแกงาม,3,16:00-19:00,1,0,0
ใกล้จุดเชื่อมต่อทางจักรยานคลองไผ่สิงโต,ดวงพิทักษ์,11,07:00-09:00,1,0,0
ใกล้จุดเชื่อมต่อทางจักรยานคลองไผ่สิงโต,ดวงพิทักษ์,11,09:00-16:00,1,0,0
ใกล้จุดเชื่อมต่อทางจักรยานคลองไผ่สิงโต,ดวงพิทักษ์,11,16:00-19:00,1,0,0
ใกล้ซอยจันทน์35,จันทน์,11,07:00-09:00,0,1,0
ใกล้ซอยจันทน์35,จันทน์,11,09:00-16:00,0,1,0
ใกล้ซอยจันทน์35,จันทน์,11,16:00-19:00,0,1,0
ใกล้ซอยจันทน์55,จันทน์,11,07:00-09:00,0,1,0
ใกล้ซอยจันทน์55,จันทน์,11,09:00-16:00,0,1,0
ใกล้ซอยจันทน์55,จันทน์,11,16:00-19:00,0,1,0
ใกล้ซอยบุญอยู่,ดินแดง,8,07:00-09:00,0,1,0
ใกล้ซอยบุญอยู่,ดินแดง,8,09:00-16:00,0,1,0
ใกล้ซอยบุญอยู่,ดินแดง,8,16:00-19:00,0,1,0
ใกล้ซอยประดิษฐ์มนูธรรม15,ประดิษฐ์มนูธรรม,3,07:00-09:00,0,1,0
ใกล้ซอยประดิษฐ์มนูธรรม15,ประดิษฐ์มนูธรรม,3,09:00-16:00,0,1,0
ใกล้ซอยประดิษฐ์มนูธรรม15,ประดิษฐ์มนูธรรม,3,16:00-19:00,0,1,0
ใกล้ซอยพระเทพรัตนโมลี20,หลวงแพ่ง,3,07:00-09:00,0,0,1
ใกล้ซอยพระเทพรัตนโมลี20,หลวงแพ่ง,3,09:00-17:00,0,0,1
ใกล้ซอยพระเทพรัตนโมลี20,หลวงแพ่ง,3,17:00-19:00,0,0,1
ใกล้ซอยรัชดาภิเษก22,รัชดาภิเษก,11,07:00-09:00,0,1,0
ใกล้ซอยรัชดาภิเษก22,รัชดาภิเษก,11,09:00-16:00,0,1,0
ใกล้ซอยรัชดาภิเษก22,รัชดาภิเษก,11,16:00-19:00,0,1,0
ใกล้ซอยราษฎร์อุทิศ24,ราษฎร์อุทิศ,3,07:00-09:00,0,1,0
ใกล้ซอยราษฎร์อุทิศ24,ราษฎร์อุทิศ,3,09:00-16:00,0,1,0
ใกล้ซอยราษฎร์อุทิศ24,ราษฎร์อุทิศ,3,16:00-19:00,0,1,0
ใกล้ซอยร่มเกล้า6,ร่มเกล้า,8,06:30-09:00,1,0,0
ใกล้ซอยร่มเกล้า6,ร่มเกล้า,8,09:00-16:00,1,0,0
ใกล้ซอยร่มเกล้า6,ร่มเกล้า,8,16:00-19:30,1,0,0
ใกล้ซอยศรีอยุธยา5,ศรีอยุธยา,8,07:00-09:00,0,1,0
ใกล้ซอยศรีอยุธยา5,ศรีอยุธยา,8,09:00-16:00,0,1,0
ใกล้ซอยศรีอยุธยา5,ศรีอยุธยา,8,16:00-19:00,0,1,0
ใกล้ซอยหทัยราษฎร์37,หทัยราษฎร์,3,07:00-09:00,0,1,0
ใกล้ซอยหทัยราษฎร์37,หทัยราษฎร์,3,09:00-16:00,0,1,0
ใกล้ซอยหทัยราษฎร์37,หทัยราษฎร์,3,16:00-19:00,0,1,0
ใกล้ซอยอิสรภาพ30,อิสรภาพ,10,07:00-09:00,0,0,1
ใกล้ซอยอิสรภาพ30,อิสรภาพ,10,09:00-17:00,0,0,1
ใกล้ซอยอิสรภาพ30,อิสรภาพ,10,17:00-19:00,0,0,1
ใกล้ซอยเพชรบุรี27,เพชรบุรี,8,07:00-09:00,0,1,0
ใกล้ซอยเพชรบุรี27,เพชรบุรี,8,09:00-16:00,0,1,0
ใกล้ซอยเพชรบุรี27,เพชรบุรี,8,16:00-19:00,0,1,0
ใกล้ซอยเลียบคลองสอง5,เลียบคลองสอง,7,07:00-09:00,0,0,1
ใกล้ซอยเลียบคลองสอง5,เลียบคลองสอง,7,09:00-17:00,0,0,1
ใกล้ซอยเลียบคลองสอง5,เลียบคลองสอง,7,17:00-19:00,0,0,1
ใกล้ซอยโยธินพัฒนา,ประดิษฐ์มนูธรรม,11,07:00-09:00,1,0,0
ใกล้ซอยโยธินพัฒนา,ประดิษฐ์มนูธรรม,11,09:00-16:00,1,0,0
ใกล้ซอยโยธินพัฒนา,ประดิษฐ์มนูธรรม,11,16:00-19:00,1,0,0
ใกล้ซอยโยธินพัฒนา,ประดิษฐ์มนูธรรม,12,07:00-09:00,1,0,0
ใกล้ซอยโยธินพัฒนา,ประดิษฐ์มนูธรรม,12,09:00-16:00,1,0,0
ใกล้ซอยโยธินพัฒนา,ประดิษฐ์มนูธรรม,12,16:00-19:00,1,0,0
ใกล้ตลาดนัดจตุจักร,พหลโยธิน,8,07:00-09:00,0,1,0
ใกล้ตลาดนัดจตุจักร,พหลโยธิน,8,09:00-16:00,0,1,0
ใกล้ตลาดนัดจตุจักร,พหลโยธิน,8,16:00-19:00,0,1,0
ใกล้ประดิษฐ์มนูธรรม-รามอินทรา,ประดิษฐ์มนูธรรม,11,07:00-09:00,1,0,0
ใกล้ประดิษฐ์มนูธรรม-รามอินทรา,ประดิษฐ์มนูธรรม,11,09:00-16:00,1,0,0
ใกล้ประดิษฐ์มนูธรรม-รามอินทรา,ประดิษฐ์มนูธรรม,11,16:00-19:00,1,0,0
ใกล้ปากซอยบางกระดี่25,บางกระดี่,5,07:00-09:00,1,0,0
ใกล้ปากซอยบางกระดี่25,บางกระดี่,5,09:00-16:00,1,0,0
ใกล้ปากซอยบางกระดี่25,บางกระดี่,5,16:00-19:00,1,0,0
ใกล้ปากซอยลาดพร้าว101,ลาดพร้าว,11,07:00-09:00,1,0,0
ใกล้ปากซอยลาดพร้าว101,ลาดพร้าว,11,09:00-16:00,1,0,0
ใกล้ปากซอยลาดพร้าว101,ลาดพร้าว,11,16:00-19:00,1,0,0
ใกล้ปากซอยลาดพร้าว5,ลาดพร้าว,11,07:00-09:00,1,0,0
ใกล้ปากซอยลาดพร้าว5,ลาดพร้าว,11,09:00-16:00,1,0,0
ใกล้ปากซอยลาดพร้าว5,ลาดพร้าว,11,16:00-19:00,1,0,0
ใกล้ปากซอยสรงประภา26,สรงประภา,8,06:30-09:00,1,0,0
ใกล้ปากซอยสรงประภา26,สรงประภา,8,09:00-16:00,1,0,0
ใกล้ปากซอยสรงประภา26,สรงประภา,8,16:00-19:30,1,0,0
ใกล้ปากทางถนนเทพรักษ์-พหลโยธิน,เทพารักษ์,3,07:00-09:00,1,0,0
ใกล้ปากทางถนนเทพรักษ์-พหลโยธิน,เทพารักษ์,3,09:00-16:00,1,0,0
ใกล้ปากทางถนนเทพรักษ์-พหลโยธิน,เทพารักษ์,3,16:00-19:00,1,0,0
ใกล้พุทธมณฑลสาย3-บรมราชชนนี,พุทธมณฑลสาย3,3,07:00-09:00,1,0,0
ใกล้พุทธมณฑลสาย3-บรมราชชนนี,พุทธมณฑลสาย3,3,09:00-16:00,1,0,0
ใกล้พุทธมณฑลสาย3-บรมราชชนนี,พุทธมณฑลสาย3,3,16:00-19:00,1,0,0
ใกล้วัดดิสหงษาราม,เพชรบุรี,8,07:00-09:00,0,1,0
ใกล้วัดดิสหงษาราม,เพชรบุรี,8,09:00-16:00,0,1,0
ใกล้วัดดิสหงษาราม,เพชรบุรี,8,16:00-19:00,0,1,0
ใกล้วัดดิสหงษาราม,เพชรบุรี,11,07:00-09:00,0,1,0
ใกล้วัดดิสหงษาราม,เพชรบุรี,11,09:00-16:00,0,1,0
ใกล้วัดดิสหงษาราม,เพชรบุรี,11,16:00-19:00,0,1,0
ใกล้วัดนางนอง,วุฒากาศ,10,07:00-09:00,0,0,1
ใกล้วัดนางนอง,วุฒากาศ,10,09:00-17:00,0,0,1
ใกล้วัดนางนอง,วุฒากาศ,10,17:00-19:00,0,0,1
ใกล้วัดโพธิ์,ท้ายวัง,3,07:00-09:00,2,0,0
ใกล้วัดโพธิ์,ท้ายวัง,3,09:00-16:00,2,0,0
ใกล้วัดโพธิ์,ท้ายวัง,3,16:00-19:00,2,0,0
ใกล้สถานีBTSวงเวียนใหญ่,กรุงธนบุรี,1,07:00-09:00,1,0,0
ใกล้สถานีBTSวงเวียนใหญ่,กรุงธนบุรี,1,09:00-16:00,1,0,0
ใกล้สถานีBTSวงเวียนใหญ่,กรุงธนบุรี,1,16:00-19:00,1,0,0
ใกล้สถานีรถไฟฟ้าBTSสุรศักดิ์,สาทร,2,07:00-09:00,1,0,0
ใกล้สถานีรถไฟฟ้าBTSสุรศักดิ์,สาทร,2,09:00-16:00,1,0,0
ใกล้สถานีรถไฟฟ้าBTSสุรศักดิ์,สาทร,2,16:00-19:00,1,0,0
ใกล้สถานีรถไฟฟ้าทองหล่อ,สุขุมวิท,11,07:00-09:00,1,0,0
ใกล้สถานีรถไฟฟ้าทองหล่อ,สุขุมวิท,11,09:00-16:00,1,0,0
ใกล้สถานีรถไฟฟ้าทองหล่อ,สุขุมวิท,11,16:00-19:00,1,0,0
ใกล้สถานีรถไฟฟ้าพระโขนง,สุขุมวิท,1,07:00-09:00,1,0,0
ใกล้สถานีรถไฟฟ้าพระโขนง,สุขุมวิท,1,09:00-16:00,1,0,0
ใกล้สถานีรถไฟฟ้าพระโขนง,สุขุมวิท,1,16:00-19:00,1,0,0
ใกล้สถานีรถไฟฟ้าพร้อมพงษ์,สุขุมวิท,11,07:00-09:00,1,0,0
ใกล้สถานีรถไฟฟ้าพร้อมพงษ์,สุขุมวิท,11,09:00-16:00,1,0,0
ใกล้สถานีรถไฟฟ้าพร้อมพงษ์,สุขุมวิท,11,16:00-19:00,1,0,0
ใกล้สถานีรถไฟฟ้าราชดำริ,ราชดำริ,2,07:00-09:00,1,0,0
ใกล้สถานีรถไฟฟ้าราชดำริ,ราชดำริ,2,09:00-16:00,1,0,0
ใกล้สถานีรถไฟฟ้าราชดำริ,ราชดำริ,2,16:00-19:00,1,0,0
ใกล้สถานีรถไฟฟ้าราชดำริ,ราชดำริ,5,07:00-09:00,1,0,0
ใกล้สถานีรถไฟฟ้าราชดำริ,ราชดำริ,5,09:00-16:00,1,0,0
ใกล้สถานีรถไฟฟ้าราชดำริ,ราชดำริ,5,16:00-19:00,1,0,0
ใกล้สถานีรถไฟฟ้าราชดำริ,ราชดำริ,11,07:00-09:00,1,0,0
ใกล้สถานีรถไฟฟ้าราชดำริ,ราชดำริ,11,09:00-16:00,1,0,0
ใกล้สถานีรถไฟฟ้าราชดำริ,ราชดำริ,11,16:00-19:00,1,0,0
ใกล้สถานีรถไฟฟ้าอ่อนนุช,สุขุมวิท,1,07:00-09:00,1,0,0
ใกล้สถานีรถไฟฟ้าอ่อนนุช,สุขุมวิท,1,09:00-16:00,1,0,0
ใกล้สถานีรถไฟฟ้าอ่อนนุช,สุขุมวิท,1,16:00-19:00,1,0,0
ใกล้สถานีไฟฟ้าเอกมัย,สุขุมวิท,1,07:00-09:00,1,0,0
ใกล้สถานีไฟฟ้าเอกมัย,สุขุมวิท,1,09:00-16:00,1,0,0
ใกล้สถานีไฟฟ้าเอกมัย,สุขุมวิท,1,16:00-19:00,1,0,0
ใกล้สะพานข้ามคลองบางจาก,พุทธมณฑลสาย1,5,07:00-09:00,1,0,0
ใกล้สะพานข้ามคลองบางจาก,พุทธมณฑลสาย1,5,09:00-16:00,1,0,0
ใกล้สะพานข้ามคลองบางจาก,พุทธมณฑลสาย1,5,16:00-19:00,1,0,0
ใกล้สาทร-เจริญกรุง,เจริญกรุง,8,07:00-09:00,0,1,0
ใกล้สาทร-เจริญกรุง,เจริญกรุง,8,09:00-16:00,0,1,0
ใกล้สาทร-เจริญกรุง,เจริญกรุง,8,16:00-19:00,0,1,0
ใกล้หมู่บ้านพฤกษ์ภิรมณ์,แบริ่งลาซาล,1,07:00-09:00,0,0,1
ใกล้หมู่บ้านพฤกษ์ภิรมณ์,แบริ่งลาซาล,1,09:00-17:00,0,0,1
ใกล้หมู่บ้านพฤกษ์ภิรมณ์,แบริ่งลาซาล,1,17:00-19:00,0,0,1
ใกล้เดอะมอลล์บางแค,เพชรเกษม,5,07:00-09:00,1,0,0
ใกล้เดอะมอลล์บางแค,เพชรเกษม,5,09:00-16:00,1,0,0
ใกล้เดอะมอลล์บางแค,เพชรเกษม,5,16:00-19:00,1,0,0
ใกล้เเยกอุทยานพุทธมณฑลสาย4,อุทยาน,2,07:00-09:00,1,0,0
ใกล้เเยกอุทยานพุทธมณฑลสาย4,อุทยาน,2,09:00-16:00,1,0,0
ใกล้เเยกอุทยานพุทธมณฑลสาย4,อุทยาน,2,16:00-19:00,1,0,0
ใกล้แยกกรุงเทพกรีฑา,รามคำแหง24,5,07:00-09:00,1,0,0
ใกล้แยกกรุงเทพกรีฑา,รามคำแหง24,5,09:00-16:00,1,0,0
ใกล้แยกกรุงเทพกรีฑา,รามคำแหง24,5,16:00-19:00,1,0,0
ใกล้แยกขุนเทียนบางทะเล-พระราม2,บางขุนเทียนชายทะเล,2,07:00-09:00,1,0,0
ใกล้แยกขุนเทียนบางทะเล-พระราม2,บางขุนเทียนชายทะเล,2,09:00-16:00,1,0,0
ใกล้แยกขุนเทียนบางทะเล-พระราม2,บางขุนเทียนชายทะเล,2,16:00-19:00,1,0,0
ใกล้แยกคลองกลางทุ่ง,บางขุนเทียนชายทะเล,2,07:00-09:00,1,0,0
ใกล้แยกคลองกลางทุ่ง,บางขุนเทียนชายทะเล,2,09:00-16:00,1,0,0
ใกล้แยกคลองกลางทุ่ง,บางขุนเทียนชายทะเล,2,16:00-19:00,1,0,0
ใกล้แยกด่วนเพลินจิต,ดวงพิทักษ์,11,07:00-09:00,1,0,0
ใกล้แยกด่วนเพลินจิต,ดวงพิทักษ์,11,09:00-16:00,1,0,0
ใกล้แยกด่วนเพลินจิต,ดวงพิทักษ์,11,16:00-19:00,1,0,0
ใกล้แยกทศกัณฐ์,พุทธมณฑลสาย2,3,07:00-09:00,2,0,0
ใกล้แยกทศกัณฐ์,พุทธมณฑลสาย2,3,09:00-16:00,2,0,0
ใกล้แยกทศกัณฐ์,พุทธมณฑลสาย2,3,16:00-19:00,2,0,0
ใกล้แยกท่าพระ,เพชรเกษม,2,07:00-09:00,1,0,0
ใกล้แยกท่าพระ,เพชรเกษม,2,09:00-16:00,1,0,0
ใกล้แยกท่าพระ,เพชรเกษม,2,16:00-19:00,1,0,0
ใกล้แยกท่าพระ,เพชรเกษม,4,07:00-09:00,1,0,0
ใกล้แยกท่าพระ,เพชรเกษม,4,09:00-16:00,1,0,0
ใกล้แยกท่าพระ,เพชรเกษม,4,16:00-19:00,1,0,0
ใกล้แยกนราธิวาส-สุรวงศ์,นราธิวาสราชนครินทร์,1,07:00-09:00,1,0,0
ใกล้แยกนราธิวาส-สุรวงศ์,นราธิวาสราชนครินทร์,1,09:00-16:00,1,0,0
ใกล้แยกนราธิวาส-สุรวงศ์,นราธิวาสราชนครินทร์,1,16:00-19:00,1,0,0
ใกล้แยกบรมราชชนนี,จรัญสนิทวงศ์,12,07:00-09:00,2,0,0
ใกล้แยกบรมราชชนนี,จรัญสนิทวงศ์,12,09:00-16:00,2,0,0
ใกล้แยกบรมราชชนนี,จรัญสนิทวงศ์,12,16:00-19:00,2,0,0
ใกล้แยกบางแค,เพชรเกษม,5,07:00-09:00,1,0,0
ใกล้แยกบางแค,เพชรเกษม,5,09:00-16:00,1,0,0
ใกล้แยกบางแค,เพชรเกษม,5,16:00-19:00,1,0,0
ใกล้แยกประดิษฐ์มนูธรรม-รามอินทรา,ประดิษฐ์มนูธรรม,12,07:00-09:00,1,0,0
ใกล้แยกประดิษฐ์มนูธรรม-รามอินทรา,ประดิษฐ์มนูธรรม,12,09:00-16:00,1,0,0
ใกล้แยกประดิษฐ์มนูธรรม-รามอินทรา,ประดิษฐ์มนูธรรม,12,16:00-19:00,1,0,0
ใกล้แยกพัฒนาการ,ศรีนครินทร์,12,07:00-09:00,1,0,0
ใกล้แยกพัฒนาการ,ศรีนครินทร์,12,09:00-16:00,1,0,0
ใกล้แยกพัฒนาการ,ศรีนครินทร์,12,16:00-19:00,1,0,0
ใกล้แยกรัชดา-นราธิวาส,นราธิวาสราชนครินทร์,1,07:00-09:00,1,0,0
ใกล้แยกรัชดา-นราธิวาส,นราธิวาสราชนครินทร์,1,09:00-16:00,1,0,0
ใกล้แยกรัชดา-นราธิวาส,นราธิวาสราชนครินทร์,1,16:00-19:00,1,0,0
ใกล้แยกรัชโยธิน,พหลโยธิน,1,07:00-09:00,1,0,0
ใกล้แยกรัชโยธิน,พหลโยธิน,1,09:00-16:00,1,0,0
ใกล้แยกรัชโยธิน,พหลโยธิน,1,16:00-19:00,1,0,0
ใกล้แยกรัชโยธิน,พหลโยธิน,4,07:00-09:00,1,0,0
ใกล้แยกรัชโยธิน,พหลโยธิน,4,09:00-16:00,1,0,0
ใกล้แยกรัชโยธิน,พหลโยธิน,4,16:00-19:00,1,0,0
ใกล้แยกราชดำริ,ราชดำริ,2,07:00-09:00,1,0,0
ใกล้แยกราชดำริ,ราชดำริ,2,09:00-16:00,1,0,0
ใกล้แยกราชดำริ,ราชดำริ,2,16:00-19:00,1,0,0
ใกล้แยกราชดำริ,ราชดำริ,5,07:00-09:00,1,0,0
ใกล้แยกราชดำริ,ราชดำริ,5,09:00-16:00,1,0,0
ใกล้แยกราชดำริ,ราชดำริ,5,16:00-19:00,1,0,0
ใกล้แยกราชดำริ,ราชดำริ,11,07:00-09:00,1,0,0
ใกล้แยกราชดำริ,ราชดำริ,11,09:00-16:00,1,0,0
ใกล้แยกราชดำริ,ราชดำริ,11,16:00-19:00,1,0,0
ใกล้แยกรามคำแหง-ร่มเกล้า,รามคำแหง,1,07:00-09:00,1,0,0
ใกล้แยกรามคำแหง-ร่มเกล้า,รามคำแหง,1,09:00-16:00,1,0,0
ใกล้แยกรามคำแหง-ร่มเกล้า,รามคำแหง,1,16:00-19:00,1,0,0
ใกล้แยกวิทยุ,สาทร,2,07:00-09:00,1,0,0
ใกล้แยกวิทยุ,สาทร,2,09:00-16:00,1,0,0
ใกล้แยกวิทยุ,สาทร,2,16:00-19:00,1,0,0
ใกล้แยกวิทยุ,สาทร,11,07:00-09:00,1,0,0
ใกล้แยกวิทยุ,สาทร,11,09:00-16:00,1,0,0
ใกล้แยกวิทยุ,สาทร,11,16:00-19:00,1,0,0
ใกล้แยกศิริราช,อรุณอัมรินทร์,2,07:00-09:00,1,0,0
ใกล้แยกศิริราช,อรุณอัมรินทร์,2,09:00-16:00,1,0,0
ใกล้แยกศิริราช,อรุณอัมรินทร์,2,16:00-19:00,1,0,0
ใกล้แยกศิริราช,อรุณอัมรินทร์,4,07:00-09:00,1,0,0
ใกล้แยกศิริราช,อรุณอัมรินทร์,4,09:00-16:00,1,0,0
ใกล้แยกศิริราช,อรุณอัมรินทร์,4,16:00-19:00,1,0,0
ใกล้แยกสาทร-นราธิวาส,สาทร,2,07:00-09:00,1,0,0
ใกล้แยกสาทร-นราธิวาส,สาทร,2,09:00-16:00,1,0,0
ใกล้แยกสาทร-นราธิวาส,สาทร,2,16:00-19:00,1,0,0
ใกล้แยกสาทร-นราธิวาส,สาทร,11,07:00-09:00,1,0,0
ใกล้แยกสาทร-นราธิวาส,สาทร,11,09:00-16:00,1,0,0
ใกล้แยกสาทร-นราธิวาส,สาทร,11,16:00-19:00,1,0,0
ใกล้แยกอุดมสุข,ศรีนครินทร์,12,07:00-09:00,1,0,0
ใกล้แยกอุดมสุข,ศรีนครินทร์,12,09:00-16:00,1,0,0
ใกล้แยกอุดมสุข,ศรีนครินทร์,12,16:00-19:00,1,0,0
ใกล้แยกอุทยาน-พุทธมณฑลสาย3,ยุทยาน,2,07:00-09:00,1,0,0
ใกล้แยกอุทยาน-พุทธมณฑลสาย3,ยุทยาน,2,09:00-16:00,1,0,0
ใกล้แยกอุทยาน-พุทธมณฑลสาย3,ยุทยาน,2,16:00-19:00,1,0,0
ใกล้แยกอุทยาน-พุทธมณฑลสาย3,อุทยาน,12,07:00-09:00,1,0,0
ใกล้แยกอุทยาน-พุทธมณฑลสาย3,อุทยาน,12,09:00-16:00,1,0,0
ใกล้แยกอุทยาน-พุทธมณฑลสาย3,อุทยาน,12,16:00-19:00,1,0,0
ใกล้แยกอุทยาน-พุทธมณฑลสาย4,อุทยาน,12,07:00-09:00,1,0,0
ใกล้แยกอุทยาน-พุทธมณฑลสาย4,อุทยาน,12,09:00-16:00,1,0,0
ใกล้แยกอุทยาน-พุทธมณฑลสาย4,อุทยาน,12,16:00-19:00,1,0,0
ใกล้แยกเพชรเกษม-พุทธมณฑลสาย2,เพชรเกษม,4,07:00-09:00,1,0,0
ใกล้แยกเพชรเกษม-พุทธมณฑลสาย2,เพชรเกษม,4,09:00-16:00,1,0,0
ใกล้แยกเพชรเกษม-พุทธมณฑลสาย2,เพชรเกษม,4,16:00-19:00,1,0,0
ใกล้แยกเพชรเกษม-พุทธมณฑลสาย3,เพชรเกษม,4,07:00-09:00,1,0,0
ใกล้แยกเพชรเกษม-พุทธมณฑลสาย3,เพชรเกษม,4,09:00-16:00,1,0,0
ใกล้แยกเพชรเกษม-พุทธมณฑลสาย3,เพชรเกษม,4,16:00-19:00,1,0,0
ใกล้แยกเพชรเกษม-พุทธมณสาย2,เพชรเกษม,3,07:00-09:00,1,0,0
ใกล้แยกเพชรเกษม-พุทธมณสาย2,เพชรเกษม,3,09:00-16:00,1,0,0
ใกล้แยกเพชรเกษม-พุทธมณสาย2,เพชรเกษม,3,16:00-19:00,1,0,0
ใกล้แยกเพชรเกษม-พุทธมณสาย3,เพชรเกษม,3,07:00-09:00,1,0,0
ใกล้แยกเพชรเกษม-พุทธมณสาย3,เพชรเกษม,3,09:00-16:00,1,0,0
ใกล้แยกเพชรเกษม-พุทธมณสาย3,เพชรเกษม,3,16:00-19:00,1,0,0
ใกล้แยกเพชรเกษม69,เพชรเกษม,4,07:00-09:00,1,0,0
ใกล้แยกเพชรเกษม69,เพชรเกษม,4,09:00-16:00,1,0,0
ใกล้แยกเพชรเกษม69,เพชรเกษม,4,16:00-19:00,1,0,0
ใกล้แยกไฟฉาย,จรัญสนิทวงศ์,12,07:00-09:00,2,0,0
ใกล้แยกไฟฉาย,จรัญสนิทวงศ์,12,09:00-16:00,2,0,0
ใกล้แยกไฟฉาย,จรัญสนิทวงศ์,12,16:00-19:00,2,0,0
ใกล้โรงเรียนสามเสนวิทยาลัย,พระรามที่6,8,07:00-09:00,0,1,0
ใกล้โรงเรียนสามเสนวิทยาลัย,พระรามที่6,8,09:00-16:00,0,1,0
ใกล้โรงเรียนสามเสนวิทยาลัย,พระรามที่6,8,16:00-19:00,0,1,0
ใต้ด่วนดินแดง,ดินแดง,5,07:00-09:00,0,0,1
ใต้ด่วนดินแดง,ดินแดง,5,09:00-17:00,0,0,1
ใต้ด่วนดินแดง,ดินแดง,5,17:00-19:00,0,0,1
ใต้ด่วนดินแดง,ดินแดง,10,07:00-09:00,0,0,1
ใต้ด่วนดินแดง,ดินแดง,10,09:00-17:00,0,0,1
ใต้ด่วนดินแดง,ดินแดง,10,17:00-19:00,0,0,1
ใต้ด่วนดินแดง,ดินแดงตัดใหม่,5,07:00-09:00,0,0,1
ใต้ด่วนดินแดง,ดินแดงตัดใหม่,5,09:00-17:00,0,0,1
ใต้ด่วนดินแดง,ดินแดงตัดใหม่,5,17:00-19:00,0,0,1
ใต้ด่วนดินแดง,ดินแดงตัดใหม่,10,07:00-09:00,0,0,1
ใต้ด่วนดินแดง,ดินแดงตัดใหม่,10,09:00-17:00,0,0,1
ใต้ด่วนดินแดง,ดินแดงตัดใหม่,10,17:00-19:00,0,0,1
ใต้ด่วนดินแดง,วิภาวดีรังสิต,4,07:00-09:00,1,0,0
ใต้ด่วนดินแดง,วิภาวดีรังสิต,4,09:00-16:00,1,0,0
ใต้ด่วนดินแดง,วิภาวดีรังสิต,4,16:00-19:00,1,0,0
ใต้ด่วนดินแดง,วิภาวดีรังสิต,5,07:00-09:00,0,0,1
ใต้ด่วนดินแดง,วิภาวดีรังสิต,5,09:00-17:00,0,0,1
ใต้ด่วนดินแดง,วิภาวดีรังสิต,5,17:00-19:00,0,0,1
ใต้ด่วนดินแดง,วิภาวดีรังสิต,6,06:30-09:00,0,1,0
ใต้ด่วนดินแดง,วิภาวดีรังสิต,6,09:00-16:00,0,1,0
ใต้ด่วนดินแดง,วิภาวดีรังสิต,6,16:00-19:30,0,1,0
ใต้ด่วนดินแดง,วิภาวดีรังสิต,10,07:00-09:00,0,0,1
ใต้ด่วนดินแดง,วิภาวดีรังสิต,10,09:00-17:00,0,0,1
ใต้ด่วนดินแดง,วิภาวดีรังสิต,10,17:00-19:00,0,0,1
ใต้ด่วนดินแดง,อโศกดินแดง,4,07:00-09:00,1,0,0
ใต้ด่วนดินแดง,อโศกดินแดง,4,09:00-16:00,1,0,0
ใต้ด่วนดินแดง,อโศกดินแดง,4,16:00-19:00,1,0,0
ใต้ด่วนดินแดง,อโศกดินแดง,6,06:30-09:00,0,1,0
ใต้ด่วนดินแดง,อโศกดินแดง,6,09:00-16:00,0,1,0
ใต้ด่วนดินแดง,อโศกดินแดง,6,16:00-19:30,0,1,0
ใต้ด่วนดินแดง,อโศกดินแดง,10,07:00-09:00,0,0,1
ใต้ด่วนดินแดง,อโศกดินแดง,10,09:00-17:00,0,0,1
ใต้ด่วนดินแดง,อโศกดินแดง,10,17:00-19:00,0,0,1
ใต้ด่วนดินแดง,เลียบใต้ทางด่วน,4,07:00-09:00,1,0,0
ใต้ด่วนดินแดง,เลียบใต้ทางด่วน,4,09:00-16:00,1,0,0
ใต้ด่วนดินแดง,เลียบใต้ทางด่วน,4,16:00-19:00,1,0,0
ใต้ด่วนดินแดง,เลียบใต้ทางด่วน,6,06:30-09:00,0,1,0
ใต้ด่วนดินแดง,เลียบใต้ทางด่วน,6,09:00-16:00,0,1,0
ใต้ด่วนดินแดง,เลียบใต้ทางด่วน,6,16:00-19:30,0,1,0
ใต้ด่วนพระราม4,ทางด่วน,2,07:00-09:00,0,1,0
ใต้ด่วนพระราม4,ทางด่วน,2,09:00-16:00,0,1,0
ใต้ด่วนพระราม4,ทางด่วน,2,16:00-19:00,0,1,0
ใต้ด่วนพระราม4,ทางด่วน,3,07:00-09:00,1,0,0
ใต้ด่วนพระราม4,ทางด่วน,3,09:00-16:00,1,0,0
ใต้ด่วนพระราม4,ทางด่วน,3,16:00-19:00,1,0,0
ใต้ด่วนพระราม4,ทางด่วน,6,06:30-09:00,1,0,0
ใต้ด่วนพระราม4,ทางด่วน,6,07:00-09:00,0,0,1
ใต้ด่วนพระราม4,ทางด่วน,6,09:00-16:00,1,0,1
ใต้ด่วนพระราม4,ทางด่วน,6,16:00-19:00,0,0,1
ใต้ด่วนพระราม4,ทางด่วน,6,16:00-19:30,1,0,0
ใต้ด่วนพระราม4,ทางพิเศษเฉลิมมหานคร,8,07:00-09:00,0,0,2
ใต้ด่วนพระราม4,ทางพิเศษเฉลิมมหานคร,8,09:00-17:00,0,0,2
ใต้ด่วนพระราม4,ทางพิเศษเฉลิมมหานคร,8,17:00-19:00,0,0,2
ใต้ด่วนพระราม4,พระรามที่4,2,07:00-09:00,0,1,0
ใต้ด่วนพระราม4,พระรามที่4,2,09:00-16:00,0,1,0
ใต้ด่วนพระราม4,พระรามที่4,2,16:00-19:00,0,1,0
ใต้ด่วนพระราม4,พระรามที่4,3,07:00-09:00,1,0,0
ใต้ด่วนพระราม4,พระรามที่4,3,09:00-16:00,1,0,0
ใต้ด่วนพระราม4,พระรามที่4,3,16:00-19:00,1,0,0
ใต้ด่วนพระราม4,พระรามที่4,6,07:00-09:00,1,0,1
ใต้ด่วนพระราม4,พระรามที่4,6,09:00-16:00,1,0,1
ใต้ด่วนพระราม4,พระรามที่4,6,16:00-19:00,1,0,1
ใต้ด่วนพระราม4,พระรามที่4,8,07:00-09:00,0,0,2
ใต้ด่วนพระราม4,พระรามที่4,8,17:00-19:00,0,0,2
ใต้ด่วนพระราม4,เชื้อเพลิง,2,07:00-09:00,0,1,0
ใต้ด่วนพระราม4,เชื้อเพลิง,2,09:00-16:00,0,1,0
ใต้ด่วนพระราม4,เชื้อเพลิง,2,16:00-19:00,0,1,0
ใต้ด่วนพระราม4,เชื้อเพลิง,3,07:00-09:00,1,0,0
ใต้ด่วนพระราม4,เชื้อเพลิง,3,09:00-16:00,1,0,0
ใต้ด่วนพระราม4,เชื้อเพลิง,3,16:00-19:00,1,0,0
ใต้ด่วนพระราม4,เชื้อเพลิง,6,06:30-09:00,1,0,0
ใต้ด่วนพระราม4,เชื้อเพลิง,6,07:00-09:00,0,0,1
ใต้ด่วนพระราม4,เชื้อเพลิง,6,09:00-16:00,1,0,1
ใต้ด่วนพระราม4,เชื้อเพลิง,6,16:00-19:00,0,0,1
ใต้ด่วนพระราม4,เชื้อเพลิง,6,16:00-19:30,1,0,0
ใต้ด่วนพระราม4,เชื้อเพลิง,8,07:00-09:00,0,0,2
ใต้ด่วนพระราม4,เชื้อเพลิง,8,09:00-17:00,0,0,2
ใต้ด่วนพระราม4,เชื้อเพลิง,8,17:00-19:00,0,0,2
ใต้ด่วนสุรวงศ์,ถนนสุรวงศ์,11,07:00-09:00,0,0,1
ใต้ด่วนสุรวงศ์,ถนนสุรวงศ์,11,09:00-17:00,0,0,1
ใต้ด่วนสุรวงศ์,ถนนสุรวงศ์,11,17:00-19:00,0,0,1
ใต้ด่วนสุรวงศ์,เลียบใต้ทางด่วนศรีรัช,11,07:00-09:00,0,0,1
ใต้ด่วนสุรวงศ์,เลียบใต้ทางด่วนศรีรัช,11,09:00-17:00,0,0,1
ใต้ด่วนสุรวงศ์,เลียบใต้ทางด่วนศรีรัช,11,17:00-19:00,0,0,1
ใต้ทางด่วนฉลองรัช,ด่วนฉลองรัช,7,07:00-09:00,0,1,0
ใต้ทางด่วนฉลองรัช,ด่วนฉลองรัช,7,09:00-16:00,0,1,0
ใต้ทางด่วนฉลองรัช,ด่วนฉลองรัช,7,16:00-19:00,0,1,0
ใต้ทางด่วนฉลองรัช,พัฒนาการ,7,07:00-09:00,0,1,0
ใต้ทางด่วนฉลองรัช,พัฒนาการ,7,09:00-16:00,0,1,0
ใต้ทางด่วนฉลองรัช,พัฒนาการ,7,16:00-19:00,0,1,0
ใต้ทางด่วนศรีรัช(ใกล้ซอยประชาชื่น30),ประชาชื่น,10,07:00-09:00,0,0,1
ใต้ทางด่วนศรีรัช(ใกล้ซอยประชาชื่น30),ประชาชื่น,10,09:00-17:00,0,0,1
ใต้ทางด่วนศรีรัช(ใกล้ซอยประชาชื่น30),ประชาชื่น,10,17:00-19:00,0,0,1
ใต้สะพานพระราม8,อรุณอัมรินทร์,4,07:00-09:00,1,0,0
ใต้สะพานพระราม8,อรุณอัมรินทร์,4,09:00-16:00,1,0,0
ใต้สะพานพระราม8,อรุณอัมรินทร์,4,16:00-19:00,1,0,0
ใต้สะพานพระราม8,อรุณอัมรินทร์ตัดใหม่,2,07:00-09:00,1,0,0
ใต้สะพานพระราม8,อรุณอัมรินทร์ตัดใหม่,2,09:00-16:00,1,0,0
ใต้สะพานพระราม8,อรุณอัมรินทร์ตัดใหม่,2,16:00-19:00,1,0,0
ใต้สะพานพระราม9,ราษฎร์บูรณะ,1,07:00-09:00,1,0,0
ใต้สะพานพระราม9,ราษฎร์บูรณะ,1,09:00-16:00,1,0,0
ใต้สะพานพระราม9,ราษฎร์บูรณะ,1,16:00-19:00,1,0,0
ใต้สะพานภูมิพล,พระรามที่3,4,07:00-09:00,0,0,1
ใต้สะพานภูมิพล,พระรามที่3,4,09:00-17:00,0,0,1
ใต้สะพานภูมิพล,พระรามที่3,4,17:00-19:00,0,0,1
ใต้สะพานภูมิพล,วงแหวนอุตสาหกรรม,4,07:00-09:00,0,0,1
ใต้สะพานภูมิพล,วงแหวนอุตสาหกรรม,4,09:00-17:00,0,0,1
ใต้สะพานภูมิพล,วงแหวนอุตสาหกรรม,4,17:00-19:00,0,0,1
ใต้สะพานสมเด็จพระเจ้าตากสินมหาราช,เจริญนคร,11,07:00-09:00,1,0,0
ใต้สะพานสมเด็จพระเจ้าตากสินมหาราช,เจริญนคร,11,09:00-16:00,1,0,0
ใต้สะพานสมเด็จพระเจ้าตากสินมหาราช,เจริญนคร,11,16:00-19:00,1,0,0
ใต้สะพานสมเด็จพระเจ้าตากสินมหาราช,เจริญนคร,12,07:00-09:00,1,0,0
ใต้สะพานสมเด็จพระเจ้าตากสินมหาราช,เจริญนคร,12,09:00-16:00,1,0,0
ใต้สะพานสมเด็จพระเจ้าตากสินมหาราช,เจริญนคร,12,16:00-19:00,1,0,0
ไต้ด่วนดินแดง,วิภาวดีรังสิต,4,07:00-09:00,1,0,0
ไต้ด่วนดินแดง,วิภาวดีรังสิต,4,09:00-16:00,1,0,0
ไต้ด่วนดินแดง,วิภาวดีรังสิต,4,16:00-19:00,1,0,0
ไต้ด่วนดินแดง,อโศกดินแดง,4,07:00-09:00,1,0,0
ไต้ด่วนดินแดง,อโศกดินแดง,4,09:00-16:00,1,0,0
ไต้ด่วนดินแดง,อโศกดินแดง,4,16:00-19:00,1,0,0
ไต้ด่วนดินแดง,เลียบใต้ทางด่วน,4,07:00-09:00,1,0,0
ไต้ด่วนดินแดง,เลียบใต้ทางด่วน,4,09:00-16:00,1,0,0
ไต้ด่วนดินแดง,เลียบใต้ทางด่วน,4,16:00-19:00,1,0,0
ไทยรามัญ,ไทยรามัญ(NB-SB),10,07:00-09:00,0,1,0
ไทยรามัญ,ไทยรามัญ(NB-SB),10,09:00-16:00,0,1,0
ไทยรามัญ,ไทยรามัญ(NB-SB),10,16:00-19:00,0,1,0
ไทยรามัญ,ไทยรามัญ(WB),10,07:00-09:00,0,1,0
ไทยรามัญ,ไทยรามัญ(WB),10,09:00-16:00,0,1,0
ไทยรามัญ,ไทยรามัญ(WB),10,16:00-19:00,0,1,0
ไทยรามัญ-หทัยราษฎร์,หทัยราษฎร์,1,07:00-09:00,0,0,1
ไทยรามัญ-หทัยราษฎร์,หทัยราษฎร์,1,09:00-17:00,0,0,1
ไทยรามัญ-หทัยราษฎร์,หทัยราษฎร์,1,17:00-19:00,0,0,1
ไทยรามัญ-หทัยราษฎร์,ไทยรามัญ,1,07:00-09:00,0,0,1
ไทยรามัญ-หทัยราษฎร์,ไทยรามัญ,1,09:00-17:00,0,0,1
ไทยรามัญ-หทัยราษฎร์,ไทยรามัญ,1,17:00-19:00,0,0,1
ไฟฉาย,จรัญสนิทวงศ์,1,07:00-09:00,1,1,0
ไฟฉาย,จรัญสนิทวงศ์,1,09:00-16:00,1,1,0
ไฟฉาย,จรัญสนิทวงศ์,1,16:00-19:00,1,1,0
ไฟฉาย,จรัญสนิทวงศ์,5,07:00-09:00,0,1,1
ไฟฉาย,จรัญสนิทวงศ์,5,09:00-16:00,0,1,0
ไฟฉาย,จรัญสนิทวงศ์,5,09:00-17:00,0,0,1
ไฟฉาย,จรัญสนิทวงศ์,5,16:00-19:00,0,1,0
ไฟฉาย,จรัญสนิทวงศ์,5,17:00-19:00,0,0,1
ไฟฉาย,จรัญสนิทวงศ์,9,07:00-09:00,0,0,1
ไฟฉาย,จรัญสนิทวงศ์,9,09:00-17:00,0,0,1
ไฟฉาย,จรัญสนิทวงศ์,9,17:00-19:00,0,0,1
ไฟฉาย,จรัญสนิทวงศ์,10,07:00-09:00,0,0,1
ไฟฉาย,จรัญสนิทวงศ์,10,09:00-16:00,0,0,1
ไฟฉาย,จรัญสนิทวงศ์,10,16:00-19:00,0,0,1
ไฟฉาย,พรานนก,1,07:00-09:00,1,1,0
ไฟฉาย,พรานนก,1,09:00-16:00,1,1,0
ไฟฉาย,พรานนก,1,16:00-19:00,1,1,0
ไฟฉาย,พรานนก,5,07:00-09:00,0,1,1
ไฟฉาย,พรานนก,5,09:00-16:00,0,1,0
ไฟฉาย,พรานนก,5,09:00-17:00,0,0,1
ไฟฉาย,พรานนก,5,16:00-19:00,0,1,0
ไฟฉาย,พรานนก,5,17:00-19:00,0,0,1
ไฟฉาย,พรานนก,9,07:00-09:00,0,0,1
ไฟฉาย,พรานนก,9,09:00-17:00,0,0,1
ไฟฉาย,พรานนก,9,17:00-19:00,0,0,1
ไฟฉาย,พรานนก,10,07:00-09:00,0,0,1
ไฟฉาย,พรานนก,10,09:00-16:00,0,0,1
ไฟฉาย,พรานนก,10,16:00-19:00,0,0,1
ไฟฉาย,พรานนก-กาญจนาภิเษก,1,07:00-09:00,0,1,0
ไฟฉาย,พรานนก-กาญจนาภิเษก,1,09:00-16:00,0,1,0
ไฟฉาย,พรานนก-กาญจนาภิเษก,1,16:00-19:00,0,1,0
ไฟฉาย,พรานนก-กาญจนาภิเษก,5,07:00-09:00,0,1,0
ไฟฉาย,พรานนก-กาญจนาภิเษก,5,09:00-16:00,0,1,0
ไฟฉาย,พรานนก-กาญจนาภิเษก,5,16:00-19:00,0,1,0
ไฟฉาย,พรานนก-กาญจนาภิเษก,9,07:00-09:00,0,0,1
ไฟฉาย,พรานนก-กาญจนาภิเษก,9,09:00-17:00,0,0,1
ไฟฉาย,พรานนก-กาญจนาภิเษก,9,17:00-19:00,0,0,1
ไฟฉาย,พรานนกกาญจนาภิเษก,5,07:00-09:00,0,0,1
ไฟฉาย,พรานนกกาญจนาภิเษก,5,09:00-17:00,0,0,1
ไฟฉาย,พรานนกกาญจนาภิเษก,5,17:00-19:00,0,0,1
ไฟฉาย,พรานนกกาญจนาภิเษก,10,07:00-09:00,0,0,1
ไฟฉาย,พรานนกกาญจนาภิเษก,10,09:00-16:00,0,0,1
ไฟฉาย,พรานนกกาญจนาภิเษก,10,16:00-19:00,0,0,1
ไมตรีจิต,กรุงเกษม,9,07:00-09:00,0,0,1
ไมตรีจิต,กรุงเกษม,9,09:00-16:00,0,0,1
ไมตรีจิต,กรุงเกษม,9,16:00-19:00,0,0,1
ไมตรีจิต,ตรีมิตร,9,07:00-09:00,0,0,1
ไมตรีจิต,ตรีมิตร,9,09:00-16:00,0,0,1
ไมตรีจิต,ตรีมิตร,9,16:00-19:00,0,0,1
ไมตรีจิต,พระรามที่4,9,07:00-09:00,0,0,1
ไมตรีจิต,พระรามที่4,9,09:00-16:00,0,0,1
ไมตรีจิต,พระรามที่4,9,16:00-19:00,0,0,1
ไมตรีจิต,ไมตรีจิต,9,07:00-09:00,0,0,1
ไมตรีจิต,ไมตรีจิต,9,09:00-16:00,0,0,1
ไมตรีจิต,ไมตรีจิต,9,16:00-19:00,0,0,1
