intersection_key,road_key,report_quarter,time_key,ก่อนโควิด,โควิด,หลังโควิด
BRTสถานีสาทร,นราธิวาสราชนครินทร์,2,07:00-09:00,0,0,1
BRTสถานีสาทร,นราธิวาสราชนครินทร์,2,09:00-17:00,0,0,1
BRTสถานีสาทร,นราธิวาสราชนครินทร์,2,17:00-19:00,0,0,1
YMCA,ศาลาแดง,1,07:00-09:00,1,0,0
YMCA,ศาลาแดง,1,09:00-16:00,1,0,0
YMCA,ศาลาแดง,1,16:00-19:00,1,0,0
YMCA,สาทร,1,07:00-09:00,1,0,0
YMCA,สาทร,1,09:00-16:00,1,0,0
YMCA,สาทร,1,16:00-19:00,1,0,0
ก.ม.8,ซอยรามอินทรา73,2,07:00-09:00,1,0,0
ก.ม.8,ซอยรามอินทรา73,2,09:00-16:00,1,0,0
ก.ม.8,ซอยรามอินทรา73,2,16:00-19:00,1,0,0
ก.ม.8,ซอยรามอินทรา73,4,07:00-09:00,1,0,0
ก.ม.8,ซอยรามอินทรา73,4,09:00-16:00,1,0,0
ก.ม.8,ซอยรามอินทรา73,4,16:00-19:00,1,0,0
ก.ม.8,นวมินทร์,2,07:00-09:00,1,0,0
ก.ม.8,นวมินทร์,2,09:00-16:00,1,0,0
ก.ม.8,นวมินทร์,2,16:00-19:00,1,0,0
ก.ม.8,นวมินทร์,4,07:00-09:00,1,0,0
ก.ม.8,นวมินทร์,4,09:00-16:00,1,0,0
ก.ม.8,นวมินทร์,4,16:00-19:00,1,0,0
ก.ม.8,รามอินทรา,2,07:00-09:00,1,0,0
ก.ม.8,รามอินทรา,2,09:00-16:00,1,0,0
ก.ม.8,รามอินทรา,2,16:00-19:00,1,0,0
ก.ม.8,รามอินทรา,4,07:00-09:00,1,0,0
ก.ม.8,รามอินทรา,4,09:00-16:00,1,0,0
ก.ม.8,รามอินทรา,4,16:00-19:00,1,0,0
กทม.1,ดินสอ,4,07:00-09:00,0,0,1
กทม.1,ดินสอ,4,09:00-16:00,0,0,1
กทม.1,ดินสอ,4,16:00-19:00,0,0,1
กทม.1,มหรรณพ,4,07:00-09:00,0,0,1
กทม.1,มหรรณพ,4,09:00-16:00,0,0,1
กทม.1,มหรรณพ,4,16:00-19:00,0,0,1
กม.8,นวมินทร์,1,07:00-09:00,0,0,1
กม.8,นวมินทร์,1,09:00-17:00,0,0,1
กม.8,นวมินทร์,1,17:00-19:00,0,0,1
กม.8,นวมินทร์,2,07:00-09:00,0,0,1
กม.8,นวมินทร์,2,09:00-16:00,0,0,1
กม.8,นวมินทร์,2,16:00-19:00,0,0,1
กม.8,รามอินทรา,1,07:00-09:00,0,0,1
กม.8,รามอินทรา,1,09:00-17:00,0,0,1
กม.8,รามอินทรา,1,17:00-19:00,0,0,1
กม.8,รามอินทรา,2,07:00-09:00,0,0,1
กม.8,รามอินทรา,2,09:00-16:00,0,0,1
กม.8,รามอินทรา,2,16:00-19:00,0,0,1
กม.8,รามอินทรา73,1,07:00-09:00,0,0,1
กม.8,รามอินทรา73,1,09:00-17:00,0,0,1
กม.8,รามอินทรา73,1,17:00-19:00,0,0,1
กม.8,รามอินทรา73,2,07:00-09:00,0,0,1
กม.8,รามอินทรา73,2,09:00-16:00,0,0,1
กม.8,รามอินทรา73,2,16:00-19:00,0,0,1
กรมพลาธกิารทหารอากาศ,ซอยพลโยธนิ54/1,3,07:00-09:00,0,1,0
กรมพลาธกิารทหารอากาศ,ซอยพลโยธนิ54/1,3,09:00-16:00,0,1,0
กรมพลาธกิารทหารอากาศ,ซอยพลโยธนิ54/1,3,16:00-19:00,0,1,0
กรมพลาธกิารทหารอากาศ,ทางเข้าพลาธิการทอ.,3,07:00-09:00,0,1,0
กรมพลาธกิารทหารอากาศ,ทางเข้าพลาธิการทอ.,3,09:00-16:00,0,1,0
กรมพลาธกิารทหารอากาศ,ทางเข้าพลาธิการทอ.,3,16:00-19:00,0,1,0
กรมพลาธกิารทหารอากาศ,พหลโยธิน,3,07:00-09:00,0,1,0
กรมพลาธกิารทหารอากาศ,พหลโยธิน,3,09:00-16:00,0,1,0
กรมพลาธกิารทหารอากาศ,พหลโยธิน,3,16:00-19:00,0,1,0
กรมพลาธิการทหารอากาศ,ซอยพลโยธิน54/1,3,07:00-09:00,0,1,0
กรมพลาธิการทหารอากาศ,ซอยพลโยธิน54/2,3,09:00-16:00,0,1,0
กรมพลาธิการทหารอากาศ,ซอยพลโยธิน54/3,3,16:00-19:00,0,1,0
กรมพลาธิการทหารอากาศ,ทางเข้ากรมพลาธิการฯ,4,07:00-09:00,0,0,1
กรมพลาธิการทหารอากาศ,ทางเข้ากรมพลาธิการฯ,4,09:00-17:00,0,0,1
กรมพลาธิการทหารอากาศ,ทางเข้ากรมพลาธิการฯ,4,17:00-19:00,0,0,1
กรมพลาธิการทหารอากาศ,ทางเข้าพลาธิการทอ.,3,07:00-09:00,0,1,0
กรมพลาธิการทหารอากาศ,ทางเข้าพลาธิการทอ.,3,09:00-16:00,0,1,0
กรมพลาธิการทหารอากาศ,ทางเข้าพลาธิการทอ.,3,16:00-19:00,0,1,0
กรมพลาธิการทหารอากาศ,พหลโยธิน,3,07:00-09:00,0,1,0
กรมพลาธิการทหารอากาศ,พหลโยธิน,3,09:00-16:00,0,1,0
กรมพลาธิการทหารอากาศ,พหลโยธิน,3,16:00-19:00,0,1,0
กรมพลาธิการทหารอากาศ,พหลโยธิน,4,09:00-17:00,0,0,1
กรมพลาธิการทหารอากาศ,พหลโยธิน,4,17:00-19:00,0,0,1
กรมพลาธิการทหารอากาศ,พหลโยธิน54/1,4,07:00-09:00,0,0,1
กรมพลาธิการทหารอากาศ,พหลโยธิน54/1,4,09:00-17:00,0,0,1
กรมพลาธิการทหารอากาศ,พหลโยธิน54/1,4,17:00-19:00,0,0,1
กรมศุลกากร,สุนทรโกษา,2,07:00-09:00,1,0,0
กรมศุลกากร,สุนทรโกษา,2,09:00-16:00,1,0,0
กรมศุลกากร,สุนทรโกษา,2,16:00-19:00,1,0,0
กรมศุลกากร,สุนทรโกษา,3,06:30-09:00,1,0,0
กรมศุลกากร,สุนทรโกษา,3,09:00-16:00,1,0,0
กรมศุลกากร,สุนทรโกษา,3,16:00-19:30,1,0,0
กรมศุลกากร,สุนทรโกษา,4,07:00-09:00,0,1,0
กรมศุลกากร,สุนทรโกษา,4,09:00-16:00,0,1,0
กรมศุลกากร,สุนทรโกษา,4,16:00-19:00,0,1,0
กรมศุลกากร,อาจณรงค์,2,07:00-09:00,1,0,0
กรมศุลกากร,อาจณรงค์,2,09:00-16:00,1,0,0
กรมศุลกากร,อาจณรงค์,2,16:00-19:00,1,0,0
กรมศุลกากร,อาจณรงค์,3,07:00-09:00,1,0,0
กรมศุลกากร,อาจณรงค์,3,09:00-16:00,1,0,0
กรมศุลกากร,อาจณรงค์,3,16:00-19:00,1,0,0
กรมศุลกากร,อาจณรงค์,4,07:00-09:00,0,1,0
กรมศุลกากร,อาจณรงค์,4,09:00-16:00,0,1,0
กรมศุลกากร,อาจณรงค์,4,16:00-19:00,0,1,0
กรมศุลกากร,เกษมราษฎร์,2,07:00-09:00,1,0,0
กรมศุลกากร,เกษมราษฎร์,2,09:00-16:00,1,0,0
กรมศุลกากร,เกษมราษฎร์,2,16:00-19:00,1,0,0
กรมศุลกากร,เกษมราษฎร์,3,06:30-09:00,1,0,0
กรมศุลกากร,เกษมราษฎร์,3,09:00-16:00,1,0,0
กรมศุลกากร,เกษมราษฎร์,3,16:00-19:30,1,0,0
กรมศุลกากร,เกษมราษฎร์,4,07:00-09:00,0,1,0
กรมศุลกากร,เกษมราษฎร์,4,09:00-16:00,0,1,0
กรมศุลกากร,เกษมราษฎร์,4,16:00-19:00,0,1,0
กระทรวงแรงงาน,มิตรไมตรี,3,07:00-09:00,1,0,0
กระทรวงแรงงาน,มิตรไมตรี,3,09:00-16:00,1,0,0
กระทรวงแรงงาน,มิตรไมตรี,3,16:00-19:00,1,0,0
กระทรวงแรงงาน,มิตรไมตรี1,3,07:00-09:00,1,0,0
กระทรวงแรงงาน,มิตรไมตรี1,3,09:00-16:00,1,0,0
กระทรวงแรงงาน,มิตรไมตรี1,3,16:00-19:00,1,0,0
กรุงธนบุรี,กรุงธนบุรี,1,07:00-09:00,0,0,1
กรุงธนบุรี,กรุงธนบุรี,1,09:00-16:00,0,0,1
กรุงธนบุรี,กรุงธนบุรี,1,16:00-19:00,0,0,1
กรุงธนบุรี6,กรุงธนบุรี,2,07:00-09:00,0,0,1
กรุงธนบุรี6,กรุงธนบุรี,2,09:00-17:00,0,0,1
กรุงธนบุรี6,กรุงธนบุรี,2,17:00-19:00,0,0,1
กรุงธนบุรี6,กรุงธนบุรี6,2,07:00-09:00,0,0,1
กรุงธนบุรี6,กรุงธนบุรี6,2,09:00-17:00,0,0,1
กรุงธนบุรี6,กรุงธนบุรี6,2,17:00-19:00,0,0,1
กรุงธนบุรีเหนือ,กรุงธนบุรี,1,07:00-09:00,0,0,2
กรุงธนบุรีเหนือ,กรุงธนบุรี,1,09:00-17:00,0,0,2
กรุงธนบุรีเหนือ,กรุงธนบุรี,1,17:00-19:00,0,0,2
กรุงธนบุรีเหนือ,เจริญนคร,1,07:00-09:00,0,0,2
กรุงธนบุรีเหนือ,เจริญนคร,1,09:00-17:00,0,0,2
กรุงธนบุรีเหนือ,เจริญนคร,1,17:00-19:00,0,0,2
กรุงธนบุรีใต้,กรุงธนบุรี,1,07:00-09:00,0,0,1
กรุงธนบุรีใต้,กรุงธนบุรี,1,09:00-17:00,0,0,1
กรุงธนบุรีใต้,กรุงธนบุรี,1,17:00-19:00,0,0,1
กรุงธนบุรีใต้,กรุงธนบุรี,4,07:00-09:00,0,0,1
กรุงธนบุรีใต้,กรุงธนบุรี,4,09:00-17:00,0,0,1
กรุงธนบุรีใต้,กรุงธนบุรี,4,17:00-19:00,0,0,1
กรุงธนบุรีใต้,เจริญนคร,1,07:00-09:00,0,0,1
กรุงธนบุรีใต้,เจริญนคร,1,09:00-17:00,0,0,1
กรุงธนบุรีใต้,เจริญนคร,1,17:00-19:00,0,0,1
กรุงธนบุรีใต้,เจริญนคร,4,07:00-09:00,0,0,1
กรุงธนบุรีใต้,เจริญนคร,4,09:00-17:00,0,0,1
กรุงธนบุรีใต้,เจริญนคร,4,17:00-19:00,0,0,1
กรุงเทพกรีฑา,กรุงเทพกรีฑา,1,07:00-09:00,0,1,0
กรุงเทพกรีฑา,กรุงเทพกรีฑา,1,09:00-16:00,0,1,0
กรุงเทพกรีฑา,กรุงเทพกรีฑา,1,16:00-19:00,0,1,0
กรุงเทพกรีฑา,กรุงเทพกรีฑา,3,07:00-09:00,1,0,0
กรุงเทพกรีฑา,กรุงเทพกรีฑา,3,09:00-16:00,1,0,0
กรุงเทพกรีฑา,กรุงเทพกรีฑา,3,16:00-19:00,1,0,0
กรุงเทพกรีฑา,ศรีนครินทร์,1,07:00-09:00,0,1,0
กรุงเทพกรีฑา,ศรีนครินทร์,1,09:00-16:00,0,1,0
กรุงเทพกรีฑา,ศรีนครินทร์,1,16:00-19:00,0,1,0
กรุงเทพกรีฑา,ศรีนครินทร์,3,06:30-09:00,1,0,0
กรุงเทพกรีฑา,ศรีนครินทร์,3,09:00-16:00,1,0,0
กรุงเทพกรีฑา,ศรีนครินทร์,3,16:00-19:30,1,0,0
กรุงเทพกรีฑา,หัวหมาก,1,07:00-09:00,0,1,0
กรุงเทพกรีฑา,หัวหมาก,1,09:00-16:00,0,1,0
กรุงเทพกรีฑา,หัวหมาก,1,16:00-19:00,0,1,0
กรุงเทพกรีฑา,หัวหมาก,3,06:30-09:00,1,0,0
กรุงเทพกรีฑา,หัวหมาก,3,09:00-16:00,1,0,0
กรุงเทพกรีฑา,หัวหมาก,3,16:00-19:30,1,0,0
กรุงเทพกรีฑา-ศรีนครินทร์ร่มเกล้า,ซอยกรุงเทพกรีฑา7,4,07:00-09:00,0,0,1
กรุงเทพกรีฑา-ศรีนครินทร์ร่มเกล้า,ซอยกรุงเทพกรีฑา7,4,09:00-17:00,0,0,1
กรุงเทพกรีฑา-ศรีนครินทร์ร่มเกล้า,ซอยกรุงเทพกรีฑา7,4,17:00-19:00,0,0,1
กรุงเทพกรีฑา-ศรีนครินทร์ร่มเกล้า,ถนนกรุงเทพกรีฑา(EB),4,07:00-09:00,0,0,1
กรุงเทพกรีฑา-ศรีนครินทร์ร่มเกล้า,ถนนกรุงเทพกรีฑา(EB),4,09:00-17:00,0,0,1
กรุงเทพกรีฑา-ศรีนครินทร์ร่มเกล้า,ถนนกรุงเทพกรีฑา(EB),4,17:00-19:00,0,0,1
กรุงเทพกรีฑา-ศรีนครินทร์ร่มเกล้า,ถนนกรุงเทพกรีฑา(NB),4,07:00-09:00,0,0,1
กรุงเทพกรีฑา-ศรีนครินทร์ร่มเกล้า,ถนนกรุงเทพกรีฑา(NB),4,09:00-17:00,0,0,1
กรุงเทพกรีฑา-ศรีนครินทร์ร่มเกล้า,ถนนกรุงเทพกรีฑา(NB),4,17:00-19:00,0,0,1
กรุงเทพกรีฑา-ศรีนครินทร์ร่มเกล้า,ถนนศรีนครินทร์-ร่มเกล้า,4,07:00-09:00,0,0,1
กรุงเทพกรีฑา-ศรีนครินทร์ร่มเกล้า,ถนนศรีนครินทร์-ร่มเกล้า,4,09:00-17:00,0,0,1
กรุงเทพกรีฑา-ศรีนครินทร์ร่มเกล้า,ถนนศรีนครินทร์-ร่มเกล้า,4,17:00-19:00,0,0,1
กรุงเทพกรีฑา-หมู่บ้านนักกีฬาแหลมทอง,กรุงเทพกรีฑา,1,07:00-09:00,0,0,1
กรุงเทพกรีฑา-หมู่บ้านนักกีฬาแหลมทอง,กรุงเทพกรีฑา,1,09:00-17:00,0,0,1
กรุงเทพกรีฑา-หมู่บ้านนักกีฬาแหลมทอง,กรุงเทพกรีฑา,1,17:00-19:00,0,0,1
กรุงเทพกรีฑา-หมู่บ้านนักกีฬาแหลมทอง,หมู่บ้านนักกีฬาแหลมทอง,1,07:00-09:00,0,0,1
กรุงเทพกรีฑา-หมู่บ้านนักกีฬาแหลมทอง,หมู่บ้านนักกีฬาแหลมทอง,1,09:00-17:00,0,0,1
กรุงเทพกรีฑา-หมู่บ้านนักกีฬาแหลมทอง,หมู่บ้านนักกีฬาแหลมทอง,1,17:00-19:00,0,0,1
กรุงเทพกรีฑา20,กรุงเทพกรีฑา,1,07:00-09:00,0,0,1
กรุงเทพกรีฑา20,กรุงเทพกรีฑา,1,09:00-17:00,0,0,1
กรุงเทพกรีฑา20,กรุงเทพกรีฑา,1,17:00-19:00,0,0,1
กรุงเทพกรีฑา20,กรุงเทพกรีฑา,4,07:00-09:00,0,0,1
กรุงเทพกรีฑา20,กรุงเทพกรีฑา,4,09:00-17:00,0,0,1
กรุงเทพกรีฑา20,กรุงเทพกรีฑา,4,17:00-19:00,0,0,1
กรุงเทพกรีฑา20,กรุงเทพกรีฑา20,1,07:00-09:00,0,0,1
กรุงเทพกรีฑา20,กรุงเทพกรีฑา20,1,09:00-17:00,0,0,1
กรุงเทพกรีฑา20,กรุงเทพกรีฑา20,1,17:00-19:00,0,0,1
กรุงเทพกรีฑา20,กรุงเทพกรีฑา20,4,07:00-09:00,0,0,1
กรุงเทพกรีฑา20,กรุงเทพกรีฑา20,4,09:00-17:00,0,0,1
กรุงเทพกรีฑา20,กรุงเทพกรีฑา20,4,17:00-19:00,0,0,1
กรุงเทพกรีฑา20,กรุงเทพกรีฑา37,1,07:00-09:00,0,0,1
กรุงเทพกรีฑา20,กรุงเทพกรีฑา37,1,09:00-17:00,0,0,1
กรุงเทพกรีฑา20,กรุงเทพกรีฑา37,1,17:00-19:00,0,0,1
กรุงเทพกรีฑา20,กรุงเทพกรีฑา37,4,07:00-09:00,0,0,1
กรุงเทพกรีฑา20,กรุงเทพกรีฑา37,4,09:00-17:00,0,0,1
กรุงเทพกรีฑา20,กรุงเทพกรีฑา37,4,17:00-19:00,0,0,1
กลางซอยแบริ่ง,แบริ่ง,1,07:00-09:00,0,0,1
กลางซอยแบริ่ง,แบริ่ง,1,09:00-17:00,0,0,1
กลางซอยแบริ่ง,แบริ่ง,1,17:00-19:00,0,0,1
กลางซอยแบริ่ง,แบริ่งลาซาล,1,07:00-09:00,0,0,1
กลางซอยแบริ่ง,แบริ่งลาซาล,1,09:00-17:00,0,0,1
กลางซอยแบริ่ง,แบริ่งลาซาล,1,17:00-19:00,0,0,1
กล้วยน้ำไท,กล้วยน้ำไท,1,07:00-09:00,0,0,1
กล้วยน้ำไท,กล้วยน้ำไท,1,09:00-17:00,0,0,1
กล้วยน้ำไท,กล้วยน้ำไท,1,17:00-19:00,0,0,1
กล้วยน้ำไท,กล้วยน้ำไทตัดใหม่,2,07:00-09:00,0,1,0
กล้วยน้ำไท,กล้วยน้ำไทตัดใหม่,2,09:00-16:00,0,1,0
กล้วยน้ำไท,กล้วยน้ำไทตัดใหม่,2,16:00-19:00,0,1,0
กล้วยน้ำไท,กล้วยน้ำไทตัดใหม่,3,07:00-09:00,1,0,0
กล้วยน้ำไท,กล้วยน้ำไทตัดใหม่,3,09:00-16:00,1,0,0
กล้วยน้ำไท,กล้วยน้ำไทตัดใหม่,3,16:00-19:00,1,0,0
กล้วยน้ำไท,พระรามที่4,1,07:00-09:00,0,0,2
กล้วยน้ำไท,พระรามที่4,1,09:00-16:00,0,0,1
กล้วยน้ำไท,พระรามที่4,1,09:00-17:00,0,0,1
กล้วยน้ำไท,พระรามที่4,1,16:00-19:00,0,0,1
กล้วยน้ำไท,พระรามที่4,1,17:00-19:00,0,0,1
กล้วยน้ำไท,พระรามที่4,2,07:00-09:00,0,1,0
กล้วยน้ำไท,พระรามที่4,2,09:00-16:00,0,1,0
กล้วยน้ำไท,พระรามที่4,2,16:00-19:00,0,1,0
กล้วยน้ำไท,พระรามที่4,3,07:00-09:00,1,0,0
กล้วยน้ำไท,พระรามที่4,3,09:00-16:00,1,0,0
กล้วยน้ำไท,พระรามที่4,3,16:00-19:00,1,0,0
กล้วยน้ำไท,รัชดาภิเษก,1,07:00-09:00,0,0,1
กล้วยน้ำไท,รัชดาภิเษก,1,09:00-16:00,0,0,1
กล้วยน้ำไท,รัชดาภิเษก,1,16:00-19:00,0,0,1
กล้วยน้ำไท,เทียมร่วมมิตร,1,07:00-09:00,0,0,1
กล้วยน้ำไท,เทียมร่วมมิตร,1,09:00-16:00,0,0,1
กล้วยน้ำไท,เทียมร่วมมิตร,1,16:00-19:00,0,0,1
กษัตริย์ศึก,กรุงเกษม,1,07:00-09:00,1,0,1
กษัตริย์ศึก,กรุงเกษม,1,09:00-16:00,1,0,1
กษัตริย์ศึก,กรุงเกษม,1,16:00-19:00,1,0,1
กษัตริย์ศึก,กรุงเกษม,3,07:00-09:00,1,0,0
กษัตริย์ศึก,กรุงเกษม,3,09:00-16:00,1,0,0
กษัตริย์ศึก,กรุงเกษม,3,16:00-19:00,1,0,0
กษัตริย์ศึก,กรุงเกษม,4,07:00-09:00,0,0,2
กษัตริย์ศึก,กรุงเกษม,4,09:00-17:00,0,0,2
กษัตริย์ศึก,กรุงเกษม,4,17:00-19:00,0,0,2
กษัตริย์ศึก,บำรุงเมือง,1,07:00-09:00,1,0,1
กษัตริย์ศึก,บำรุงเมือง,1,09:00-16:00,1,0,1
กษัตริย์ศึก,บำรุงเมือง,1,16:00-19:00,1,0,1
กษัตริย์ศึก,บำรุงเมือง,3,07:00-09:00,1,0,0
กษัตริย์ศึก,บำรุงเมือง,3,09:00-16:00,1,0,0
กษัตริย์ศึก,บำรุงเมือง,3,16:00-19:00,1,0,0
กษัตริย์ศึก,บำรุงเมือง,4,07:00-09:00,0,0,2
กษัตริย์ศึก,บำรุงเมือง,4,09:00-17:00,0,0,2
กษัตริย์ศึก,บำรุงเมือง,4,17:00-19:00,0,0,2
กษัตริย์ศึก,พระรามที่1,1,07:00-09:00,0,0,1
กษัตริย์ศึก,พระรามที่1,1,09:00-16:00,0,0,1
กษัตริย์ศึก,พระรามที่1,1,16:00-19:00,0,0,1
กองบัญชาการกองทัพบก,ประชาธิปไตย,2,07:00-09:00,0,0,1
กองบัญชาการกองทัพบก,ประชาธิปไตย,2,09:00-17:00,0,0,1
กองบัญชาการกองทัพบก,ประชาธิปไตย,2,17:00-19:00,0,0,1
กาญจนาภิเษก-กัลปพฤกษ์,กัลปพฤกษ์,4,07:00-09:00,0,0,1
กาญจนาภิเษก-กัลปพฤกษ์,กัลปพฤกษ์,4,09:00-16:00,0,0,1
กาญจนาภิเษก-กัลปพฤกษ์,กัลปพฤกษ์,4,16:00-19:00,0,0,1
กาญจนาภิเษก-กัลปพฤกษ์,กาญจนาภิเษก,4,07:00-09:00,0,0,1
กาญจนาภิเษก-กัลปพฤกษ์,กาญจนาภิเษก,4,09:00-16:00,0,0,1
กาญจนาภิเษก-กัลปพฤกษ์,กาญจนาภิเษก,4,16:00-19:00,0,0,1
กาญจนาภิเษก5/1,กาญจนาภิเษก5/1,1,07:00-09:00,0,0,1
กาญจนาภิเษก5/1,กาญจนาภิเษก5/1,1,09:00-17:00,0,0,1
กาญจนาภิเษก5/1,กาญจนาภิเษก5/1,1,17:00-19:00,0,0,1
กาญจนาภิเษก5/1,คู่ขนานกาญจนาภิเษก(มอเตอร์เวย์9),1,07:00-09:00,0,0,1
กาญจนาภิเษก5/1,คู่ขนานกาญจนาภิเษก(มอเตอร์เวย์9),1,09:00-17:00,0,0,1
กาญจนาภิเษก5/1,คู่ขนานกาญจนาภิเษก(มอเตอร์เวย์9),1,17:00-19:00,0,0,1
กาญจนาภิเษก6,กาญจนาภิเษก6,1,07:00-09:00,0,0,1
กาญจนาภิเษก6,กาญจนาภิเษก6,1,09:00-17:00,0,0,1
กาญจนาภิเษก6,กาญจนาภิเษก6,1,17:00-19:00,0,0,1
กาญจนาภิเษก6,คู่ขนานกาญจนาภิเษก(มอเตอร์เวย์9),1,07:00-09:00,0,0,1
กาญจนาภิเษก6,คู่ขนานกาญจนาภิเษก(มอเตอร์เวย์9),1,09:00-17:00,0,0,1
กาญจนาภิเษก6,คู่ขนานกาญจนาภิเษก(มอเตอร์เวย์9),1,17:00-19:00,0,0,1
การสื่อสาร,แจ้งวัฒนะ,1,07:00-09:00,0,0,1
การสื่อสาร,แจ้งวัฒนะ,1,09:00-17:00,0,0,1
การสื่อสาร,แจ้งวัฒนะ,1,17:00-19:00,0,0,1
การสื่อสาร,แจ้งวัฒนะ7,1,07:00-09:00,0,0,1
การสื่อสาร,แจ้งวัฒนะ7,1,09:00-17:00,0,0,1
การสื่อสาร,แจ้งวัฒนะ7,1,17:00-19:00,0,0,1
การเคหะ,ซอยนวมินทร์51,4,07:00-09:00,1,0,0
การเคหะ,ซอยนวมินทร์51,4,09:00-16:00,1,0,0
การเคหะ,ซอยนวมินทร์51,4,16:00-19:00,1,0,0
การเคหะ,นวมินทร์,2,07:00-09:00,0,0,1
การเคหะ,นวมินทร์,2,09:00-17:00,0,0,1
การเคหะ,นวมินทร์,2,17:00-19:00,0,0,1
การเคหะ,นวมินทร์,4,07:00-09:00,1,0,0
การเคหะ,นวมินทร์,4,09:00-16:00,1,0,0
การเคหะ,นวมินทร์,4,16:00-19:00,1,0,0
การเคหะ,นวมินทร์51,2,07:00-09:00,0,0,1
การเคหะ,นวมินทร์51,2,09:00-17:00,0,0,1
การเคหะ,นวมินทร์51,2,17:00-19:00,0,0,1
การเคหะ,ศรีบูรพา,2,07:00-09:00,0,0,1
การเคหะ,ศรีบูรพา,2,09:00-17:00,0,0,1
การเคหะ,ศรีบูรพา,2,17:00-19:00,0,0,1
การเคหะ,ศรีบูรพา,4,07:00-09:00,1,0,0
การเคหะ,ศรีบูรพา,4,09:00-16:00,1,0,0
การเคหะ,ศรีบูรพา,4,16:00-19:00,1,0,0
การเรือน,นครราชสีมา,1,07:00-09:00,0,0,1
การเรือน,นครราชสีมา,1,09:00-17:00,0,0,1
การเรือน,นครราชสีมา,1,17:00-19:00,0,0,1
การเรือน,นครราชสีมา,4,07:00-09:00,0,0,1
การเรือน,นครราชสีมา,4,09:00-17:00,0,0,1
การเรือน,นครราชสีมา,4,17:00-19:00,0,0,1
การเรือน,ราชวิถี,1,07:00-09:00,1,0,1
การเรือน,ราชวิถี,1,09:00-16:00,1,0,0
การเรือน,ราชวิถี,1,09:00-17:00,0,0,1
การเรือน,ราชวิถี,1,16:00-19:00,1,0,0
การเรือน,ราชวิถี,1,17:00-19:00,0,0,1
การเรือน,ราชวิถี,2,07:00-09:00,0,0,1
การเรือน,ราชวิถี,2,09:00-16:00,0,0,1
การเรือน,ราชวิถี,2,16:00-19:00,0,0,1
การเรือน,ราชวิถี,4,07:00-09:00,0,1,1
การเรือน,ราชวิถี,4,09:00-16:00,0,1,0
การเรือน,ราชวิถี,4,09:00-17:00,0,0,1
การเรือน,ราชวิถี,4,16:00-19:00,0,1,0
การเรือน,ราชวิถี,4,17:00-19:00,0,0,1
การเรือน,ราชสีมา,1,07:00-09:00,1,0,0
การเรือน,ราชสีมา,1,09:00-16:00,1,0,0
การเรือน,ราชสีมา,1,16:00-19:00,1,0,0
การเรือน,ราชสีมา,2,07:00-09:00,0,0,1
การเรือน,ราชสีมา,2,09:00-16:00,0,0,1
การเรือน,ราชสีมา,2,16:00-19:00,0,0,1
การเรือน,ราชสีมา,4,07:00-09:00,0,1,0
การเรือน,ราชสีมา,4,09:00-16:00,0,1,0
การเรือน,ราชสีมา,4,16:00-19:00,0,1,0
การไฟฟ้าชิดลม,ชิดลม,1,07:00-09:00,1,0,0
การไฟฟ้าชิดลม,ชิดลม,1,09:00-16:00,1,0,0
การไฟฟ้าชิดลม,ชิดลม,1,16:00-19:00,1,0,0
กำนันธารทิพย์,พุทธบูชา,1,07:00-09:00,0,0,2
กำนันธารทิพย์,พุทธบูชา,1,09:00-16:00,0,0,1
กำนันธารทิพย์,พุทธบูชา,1,09:00-17:00,0,0,1
กำนันธารทิพย์,พุทธบูชา,1,16:00-19:00,0,0,1
กำนันธารทิพย์,พุทธบูชา,1,17:00-19:00,0,0,1
กำนันธารทิพย์,พุทธบูชา36,1,07:00-09:00,0,0,2
กำนันธารทิพย์,พุทธบูชา36,1,09:00-16:00,0,0,1
กำนันธารทิพย์,พุทธบูชา36,1,09:00-17:00,0,0,1
กำนันธารทิพย์,พุทธบูชา36,1,16:00-19:00,0,0,1
กำนันธารทิพย์,พุทธบูชา36,1,17:00-19:00,0,0,1
กำนันธารทิพย์,พุทธบูชา39,1,07:00-09:00,0,0,2
กำนันธารทิพย์,พุทธบูชา39,1,09:00-16:00,0,0,1
กำนันธารทิพย์,พุทธบูชา39,1,09:00-17:00,0,0,1
กำนันธารทิพย์,พุทธบูชา39,1,16:00-19:00,0,0,1
กำนันธารทิพย์,พุทธบูชา39,1,17:00-19:00,0,0,1
กำนันแม้น,ซอยเทอดไท86,1,07:00-09:00,1,0,0
กำนันแม้น,ซอยเทอดไท86,1,09:00-16:00,1,0,0
กำนันแม้น,ซอยเทอดไท86,1,16:00-19:00,1,0,0
กำนันแม้น,ศาลธนบุรี,1,07:00-09:00,1,0,0
กำนันแม้น,ศาลธนบุรี,1,09:00-16:00,1,0,0
กำนันแม้น,ศาลธนบุรี,1,16:00-19:00,1,0,0
กำนันแม้น,เทอดไท,1,07:00-09:00,1,0,0
กำนันแม้น,เทอดไท,1,09:00-16:00,1,0,0
กำนันแม้น,เทอดไท,1,16:00-19:00,1,0,0
กำแพงเพชร,กำแพงเพชร,1,07:00-09:00,0,1,1
กำแพงเพชร,กำแพงเพชร,1,09:00-16:00,0,1,0
กำแพงเพชร,กำแพงเพชร,1,09:00-17:00,0,0,1
กำแพงเพชร,กำแพงเพชร,1,16:00-19:00,0,1,0
กำแพงเพชร,กำแพงเพชร,1,17:00-19:00,0,0,1
กำแพงเพชร,กำแพงเพชร,2,07:00-09:00,0,0,2
กำแพงเพชร,กำแพงเพชร,2,09:00-16:00,0,0,1
กำแพงเพชร,กำแพงเพชร,2,09:00-17:00,0,0,1
กำแพงเพชร,กำแพงเพชร,2,16:00-19:00,0,0,1
กำแพงเพชร,กำแพงเพชร,2,17:00-19:00,0,0,1
กำแพงเพชร,กำแพงเพชร,3,07:00-09:00,0,0,1
กำแพงเพชร,กำแพงเพชร,3,09:00-16:00,0,0,1
กำแพงเพชร,กำแพงเพชร,3,16:00-19:00,0,0,1
กำแพงเพชร,กําแพงเพชร,3,07:00-09:00,1,0,0
กำแพงเพชร,กําแพงเพชร,3,09:00-16:00,1,0,0
กำแพงเพชร,กําแพงเพชร,3,16:00-19:00,1,0,0
กำแพงเพชร,กําแพงเพชร,4,06:30-09:00,1,0,0
กำแพงเพชร,กําแพงเพชร,4,09:00-16:00,1,0,0
กำแพงเพชร,กําแพงเพชร,4,16:00-19:30,1,0,0
กำแพงเพชร,ซอนพหลโยธิน18,3,07:00-09:00,1,0,0
กำแพงเพชร,ซอนพหลโยธิน18,3,09:00-16:00,1,0,0
กำแพงเพชร,ซอนพหลโยธิน18,3,16:00-19:00,1,0,0
กำแพงเพชร,ซอยพหลโยธิน18,1,07:00-09:00,0,1,0
กำแพงเพชร,ซอยพหลโยธิน18,1,09:00-16:00,0,1,0
กำแพงเพชร,ซอยพหลโยธิน18,1,16:00-19:00,0,1,0
กำแพงเพชร,ซอยพหลโยธิน18,4,07:00-09:00,1,0,0
กำแพงเพชร,ซอยพหลโยธิน18,4,09:00-16:00,1,0,0
กำแพงเพชร,ซอยพหลโยธิน18,4,16:00-19:00,1,0,0
กำแพงเพชร,พหลโยธิน,1,07:00-09:00,0,1,1
กำแพงเพชร,พหลโยธิน,1,09:00-16:00,0,1,0
กำแพงเพชร,พหลโยธิน,1,09:00-17:00,0,0,1
กำแพงเพชร,พหลโยธิน,1,16:00-19:00,0,1,0
กำแพงเพชร,พหลโยธิน,1,17:00-19:00,0,0,1
กำแพงเพชร,พหลโยธิน,2,07:00-09:00,0,0,2
กำแพงเพชร,พหลโยธิน,2,09:00-16:00,0,0,1
กำแพงเพชร,พหลโยธิน,2,09:00-17:00,0,0,1
กำแพงเพชร,พหลโยธิน,2,16:00-19:00,0,0,1
กำแพงเพชร,พหลโยธิน,2,17:00-19:00,0,0,1
กำแพงเพชร,พหลโยธิน,3,07:00-09:00,1,0,1
กำแพงเพชร,พหลโยธิน,3,09:00-16:00,1,0,1
กำแพงเพชร,พหลโยธิน,3,16:00-19:00,1,0,1
กำแพงเพชร,พหลโยธิน,4,07:00-09:00,1,0,0
กำแพงเพชร,พหลโยธิน,4,09:00-16:00,1,0,0
กำแพงเพชร,พหลโยธิน,4,16:00-19:00,1,0,0
กำแพงเพชร,พหลโยธิน18,1,07:00-09:00,0,0,1
กำแพงเพชร,พหลโยธิน18,1,09:00-17:00,0,0,1
กำแพงเพชร,พหลโยธิน18,1,17:00-19:00,0,0,1
กำแพงเพชร,พหลโยธิน18,2,07:00-09:00,0,0,2
กำแพงเพชร,พหลโยธิน18,2,09:00-16:00,0,0,1
กำแพงเพชร,พหลโยธิน18,2,09:00-17:00,0,0,1
กำแพงเพชร,พหลโยธิน18,2,16:00-19:00,0,0,1
กำแพงเพชร,พหลโยธิน18,2,17:00-19:00,0,0,1
กำแพงเพชร,พหลโยธิน18,3,07:00-09:00,0,0,1
กำแพงเพชร,พหลโยธิน18,3,09:00-16:00,0,0,1
กำแพงเพชร,พหลโยธิน18,3,16:00-19:00,0,0,1
กำแพงเพชร2,กำแพงเพชร,3,07:00-09:00,0,0,1
กำแพงเพชร2,กำแพงเพชร,3,09:00-17:00,0,0,1
กำแพงเพชร2,กำแพงเพชร,3,17:00-19:00,0,0,1
กำแพงเพชร2,กำแพงเพชร2,2,07:00-09:00,0,1,0
กำแพงเพชร2,กำแพงเพชร2,2,09:00-16:00,0,1,0
กำแพงเพชร2,กำแพงเพชร2,2,16:00-19:00,0,1,0
กำแพงเพชร2,กำแพงเพชร2,3,07:00-09:00,0,0,1
กำแพงเพชร2,กำแพงเพชร2,3,09:00-17:00,0,0,1
กำแพงเพชร2,กำแพงเพชร2,3,17:00-19:00,0,0,1
กำแพงเพชร5-ระนอง1-พระรามที่6ซอย37,กำแพงเพชร5,4,07:00-09:00,0,1,0
กำแพงเพชร5-ระนอง1-พระรามที่6ซอย37,กำแพงเพชร5,4,09:00-16:00,0,1,0
กำแพงเพชร5-ระนอง1-พระรามที่6ซอย37,กำแพงเพชร5,4,16:00-19:00,0,1,0
กำแพงเพชร5-ระนอง1-พระรามที่6ซอย37,พระรามที่6ซอย37,4,07:00-09:00,0,1,0
กำแพงเพชร5-ระนอง1-พระรามที่6ซอย37,พระรามที่6ซอย37,4,09:00-16:00,0,1,0
กำแพงเพชร5-ระนอง1-พระรามที่6ซอย37,พระรามที่6ซอย37,4,16:00-19:00,0,1,0
กำแพงเพชร5-ระนอง1-พระรามที่6ซอย37,ระนอง1,4,07:00-09:00,0,1,0
กำแพงเพชร5-ระนอง1-พระรามที่6ซอย37,ระนอง1,4,09:00-16:00,0,1,0
กำแพงเพชร5-ระนอง1-พระรามที่6ซอย37,ระนอง1,4,16:00-19:00,0,1,0
กำแพงเพชร6ซอย5แยก2,กำแพงเพชร6ซอย5,2,07:00-09:00,0,0,1
กำแพงเพชร6ซอย5แยก2,กำแพงเพชร6ซอย5,2,09:00-17:00,0,0,1
กำแพงเพชร6ซอย5แยก2,กำแพงเพชร6ซอย5,2,17:00-19:00,0,0,1
กำแพงเพชร6ซอย5แยก2,กำแพงเพชร6ซอย5แยก2,2,07:00-09:00,0,0,1
กำแพงเพชร6ซอย5แยก2,กำแพงเพชร6ซอย5แยก2,2,09:00-17:00,0,0,1
กำแพงเพชร6ซอย5แยก2,กำแพงเพชร6ซอย5แยก2,2,17:00-19:00,0,0,1
กำแพงเพชร6ซอย5แยก2,ส่วนบุคคล,2,07:00-09:00,0,0,1
กำแพงเพชร6ซอย5แยก2,ส่วนบุคคล,2,09:00-17:00,0,0,1
กำแพงเพชร6ซอย5แยก2,ส่วนบุคคล,2,17:00-19:00,0,0,1
ก่อนเข้าทางด่วน,สุขุมวิท62,3,07:00-09:00,0,0,1
ก่อนเข้าทางด่วน,สุขุมวิท62,3,09:00-17:00,0,0,1
ก่อนเข้าทางด่วน,สุขุมวิท62,3,17:00-19:00,0,0,1
ขัตติยานี,พิชัย,1,07:00-09:00,0,0,1
ขัตติยานี,พิชัย,1,09:00-16:00,0,0,1
ขัตติยานี,พิชัย,1,16:00-19:00,0,0,1
ขัตติยานี,พิชัย,2,07:00-09:00,1,0,1
ขัตติยานี,พิชัย,2,09:00-16:00,1,0,0
ขัตติยานี,พิชัย,2,09:00-17:00,0,0,1
ขัตติยานี,พิชัย,2,16:00-19:00,1,0,0
ขัตติยานี,พิชัย,2,17:00-19:00,0,0,1
ขัตติยานี,พิชัย,4,07:00-09:00,0,1,1
ขัตติยานี,พิชัย,4,09:00-16:00,0,1,0
ขัตติยานี,พิชัย,4,09:00-17:00,0,0,1
ขัตติยานี,พิชัย,4,16:00-19:00,0,1,0
ขัตติยานี,พิชัย,4,17:00-19:00,0,0,1
ขัตติยานี,สุโขทัย,1,07:00-09:00,0,0,1
ขัตติยานี,สุโขทัย,1,09:00-16:00,0,0,1
ขัตติยานี,สุโขทัย,1,16:00-19:00,0,0,1
ขัตติยานี,สุโขทัย,2,07:00-09:00,1,0,1
ขัตติยานี,สุโขทัย,2,09:00-16:00,1,0,0
ขัตติยานี,สุโขทัย,2,09:00-17:00,0,0,1
ขัตติยานี,สุโขทัย,2,16:00-19:00,1,0,0
ขัตติยานี,สุโขทัย,2,17:00-19:00,0,0,1
ขัตติยานี,สุโขทัย,4,07:00-09:00,0,1,1
ขัตติยานี,สุโขทัย,4,09:00-16:00,0,1,0
ขัตติยานี,สุโขทัย,4,09:00-17:00,0,0,1
ขัตติยานี,สุโขทัย,4,16:00-19:00,0,1,0
ขัตติยานี,สุโขทัย,4,17:00-19:00,0,0,1
ข้างวังสวนจิตรลดา,สวรรคโลก,4,07:00-09:00,1,0,0
ข้างวังสวนจิตรลดา,สวรรคโลก,4,09:00-16:00,1,0,0
ข้างวังสวนจิตรลดา,สวรรคโลก,4,16:00-19:00,1,0,0
ข้างวัดบวรนิเวศน์,บวรนิเวศน์,4,07:00-09:00,1,0,0
ข้างวัดบวรนิเวศน์,บวรนิเวศน์,4,09:00-16:00,1,0,0
ข้างวัดบวรนิเวศน์,บวรนิเวศน์,4,16:00-19:00,1,0,0
ข้างศาลาว่าการกรุงเทพมหานคร,ดินสอ,1,07:00-09:00,1,0,0
ข้างศาลาว่าการกรุงเทพมหานคร,ดินสอ,1,09:00-16:00,1,0,0
ข้างศาลาว่าการกรุงเทพมหานคร,ดินสอ,1,16:00-19:00,1,0,0
ข้างศาลาว่าการกรุงเทพมหานคร,ดินสอ,4,07:00-09:00,1,0,0
ข้างศาลาว่าการกรุงเทพมหานคร,ดินสอ,4,09:00-16:00,1,0,0
ข้างศาลาว่าการกรุงเทพมหานคร,ดินสอ,4,16:00-19:00,1,0,0
ข้างสวนดุสิต,พระรามที่5,1,07:00-09:00,1,0,0
ข้างสวนดุสิต,พระรามที่5,1,09:00-16:00,1,0,0
ข้างสวนดุสิต,พระรามที่5,1,16:00-19:00,1,0,0
ข้ามหน้าโรงเรียนมัธยมวัดบึงทองห,ลาดพร้าว101,2,07:00-09:00,1,0,0
ข้ามหน้าโรงเรียนมัธยมวัดบึงทองห,ลาดพร้าว101,2,09:00-16:00,1,0,0
ข้ามหน้าโรงเรียนมัธยมวัดบึงทองห,ลาดพร้าว101,2,16:00-19:00,1,0,0
ข้าวหลาม-เจริญกรุง,เจริญกรุง,3,07:00-09:00,0,0,1
ข้าวหลาม-เจริญกรุง,เจริญกรุง,3,09:00-17:00,0,0,1
ข้าวหลาม-เจริญกรุง,เจริญกรุง,3,17:00-19:00,0,0,1
ค.ป.อ.,จันทรุเบกษา,3,07:00-09:00,0,2,1
ค.ป.อ.,จันทรุเบกษา,3,09:00-16:00,0,2,0
ค.ป.อ.,จันทรุเบกษา,3,09:00-17:00,0,0,1
ค.ป.อ.,จันทรุเบกษา,3,16:00-19:00,0,2,0
ค.ป.อ.,จันทรุเบกษา,3,17:00-19:00,0,0,1
ค.ป.อ.,จันทรุเบกษา,4,07:00-09:00,0,0,1
ค.ป.อ.,จันทรุเบกษา,4,09:00-17:00,0,0,1
ค.ป.อ.,จันทรุเบกษา,4,17:00-19:00,0,0,1
ค.ป.อ.,ธูปเตมีย์,3,07:00-09:00,0,2,1
ค.ป.อ.,ธูปเตมีย์,3,09:00-16:00,0,2,0
ค.ป.อ.,ธูปเตมีย์,3,09:00-17:00,0,0,1
ค.ป.อ.,ธูปเตมีย์,3,16:00-19:00,0,2,0
ค.ป.อ.,ธูปเตมีย์,3,17:00-19:00,0,0,1
ค.ป.อ.,ธูปเตมีย์,4,07:00-09:00,0,0,1
ค.ป.อ.,ธูปเตมีย์,4,09:00-17:00,0,0,1
ค.ป.อ.,ธูปเตมีย์,4,17:00-19:00,0,0,1
ค.ป.อ.,พหลโยธิน,3,07:00-09:00,0,2,1
ค.ป.อ.,พหลโยธิน,3,09:00-16:00,0,2,0
ค.ป.อ.,พหลโยธิน,3,09:00-17:00,0,0,1
ค.ป.อ.,พหลโยธิน,3,16:00-19:00,0,2,0
ค.ป.อ.,พหลโยธิน,3,17:00-19:00,0,0,1
ค.ป.อ.,พหลโยธิน,4,07:00-09:00,0,0,1
ค.ป.อ.,พหลโยธิน,4,09:00-17:00,0,0,1
ค.ป.อ.,พหลโยธิน,4,17:00-19:00,0,0,1
คนข้ามบริเวณหมู่บ้านมณฑล3,พุทธมณฑลสาย3,3,07:00-09:00,1,0,0
คนข้ามบริเวณหมู่บ้านมณฑล3,พุทธมณฑลสาย3,3,09:00-16:00,1,0,0
คนข้ามบริเวณหมู่บ้านมณฑล3,พุทธมณฑลสาย3,3,16:00-19:00,1,0,0
ครุใน,ครุใน,1,07:00-09:00,0,0,1
ครุใน,ครุใน,1,09:00-16:00,0,0,1
ครุใน,ครุใน,1,16:00-19:00,0,0,1
ครุใน,ประชาอุทิศ,1,07:00-09:00,0,0,1
ครุใน,ประชาอุทิศ,1,09:00-16:00,0,0,1
ครุใน,ประชาอุทิศ,1,16:00-19:00,0,0,1
คลองตัน,พัฒนาการ,1,07:00-09:00,0,0,1
คลองตัน,พัฒนาการ,1,09:00-17:00,0,0,1
คลองตัน,พัฒนาการ,1,17:00-19:00,0,0,1
คลองตัน,พัฒนาการ,2,07:00-09:00,2,0,1
คลองตัน,พัฒนาการ,2,09:00-16:00,2,0,1
คลองตัน,พัฒนาการ,2,16:00-19:00,2,0,1
คลองตัน,พัฒนาการ,3,07:00-09:00,0,1,0
คลองตัน,พัฒนาการ,3,09:00-16:00,0,1,0
คลองตัน,พัฒนาการ,3,16:00-19:00,0,1,0
คลองตัน,รามคำแหง,1,07:00-09:00,0,0,1
คลองตัน,รามคำแหง,1,09:00-17:00,0,0,1
คลองตัน,รามคำแหง,1,17:00-19:00,0,0,1
คลองตัน,รามคำแหง,2,07:00-09:00,2,0,1
คลองตัน,รามคำแหง,2,09:00-16:00,2,0,1
คลองตัน,รามคำแหง,2,16:00-19:00,2,0,0
คลองตัน,รามคำแหง,3,07:00-09:00,0,1,0
คลองตัน,รามคำแหง,3,09:00-16:00,0,1,0
คลองตัน,รามคำแหง,3,16:00-19:00,0,1,0
คลองตัน,สุขุมวิท,2,07:00-09:00,0,0,1
คลองตัน,สุขุมวิท,2,09:00-16:00,0,0,1
คลองตัน,สุขุมวิท,2,16:00-19:00,0,0,1
คลองตัน,สุขุมวิท71,1,07:00-09:00,0,0,1
คลองตัน,สุขุมวิท71,1,09:00-17:00,0,0,1
คลองตัน,สุขุมวิท71,1,17:00-19:00,0,0,1
คลองตัน,สุขุมวิท71,2,07:00-09:00,2,0,0
คลองตัน,สุขุมวิท71,2,09:00-16:00,2,0,0
คลองตัน,สุขุมวิท71,2,16:00-19:00,2,0,0
คลองตัน,สุขุมวิท71,3,07:00-09:00,0,1,0
คลองตัน,สุขุมวิท71,3,09:00-16:00,0,1,0
คลองตัน,สุขุมวิท71,3,16:00-19:00,0,1,0
คลองตัน,เพชรบุรี,1,07:00-09:00,0,0,1
คลองตัน,เพชรบุรี,1,09:00-17:00,0,0,1
คลองตัน,เพชรบุรี,1,17:00-19:00,0,0,1
คลองตัน,เพชรบุรี,2,07:00-09:00,2,0,1
คลองตัน,เพชรบุรี,2,09:00-16:00,2,0,1
คลองตัน,เพชรบุรี,2,16:00-19:00,2,0,0
คลองตัน,เพชรบุรี,3,07:00-09:00,0,1,0
คลองตัน,เพชรบุรี,3,09:00-16:00,0,1,0
คลองตัน,เพชรบุรี,3,16:00-19:00,0,1,0
คลองประปา,ประชาชื่น,2,07:00-09:00,0,0,1
คลองประปา,ประชาชื่น,2,09:00-17:00,0,0,1
คลองประปา,ประชาชื่น,2,17:00-19:00,0,0,1
คลองประปา,ประชาชื่น,3,07:00-09:00,1,0,0
คลองประปา,ประชาชื่น,3,09:00-16:00,1,0,0
คลองประปา,ประชาชื่น,3,16:00-19:00,1,0,0
คลองประปา,ประชาชื่น,4,07:00-09:00,0,1,0
คลองประปา,ประชาชื่น,4,09:00-16:00,0,1,0
คลองประปา,ประชาชื่น,4,16:00-19:00,0,1,0
คลองประปา,เลียบคลองประปา,2,07:00-09:00,0,0,1
คลองประปา,เลียบคลองประปา,2,09:00-17:00,0,0,1
คลองประปา,เลียบคลองประปา,2,17:00-19:00,0,0,1
คลองประปา,เลียบคลองประปา,3,07:00-09:00,1,0,0
คลองประปา,เลียบคลองประปา,3,09:00-16:00,1,0,0
คลองประปา,เลียบคลองประปา,3,16:00-19:00,1,0,0
คลองประปา,เลียบคลองประปา,4,07:00-09:00,0,1,0
คลองประปา,เลียบคลองประปา,4,09:00-16:00,0,1,0
คลองประปา,เลียบคลองประปา,4,16:00-19:00,0,1,0
คลองประปา,แจ้งวัฒนะ,2,07:00-09:00,0,0,1
คลองประปา,แจ้งวัฒนะ,2,09:00-17:00,0,0,1
คลองประปา,แจ้งวัฒนะ,2,17:00-19:00,0,0,1
คลองประปา,แจ้งวัฒนะ,3,07:00-09:00,1,0,0
คลองประปา,แจ้งวัฒนะ,3,09:00-16:00,1,0,0
คลองประปา,แจ้งวัฒนะ,3,16:00-19:00,1,0,0
คลองประปา,แจ้งวัฒนะ,4,07:00-09:00,0,1,0
คลองประปา,แจ้งวัฒนะ,4,09:00-16:00,0,1,0
คลองประปา,แจ้งวัฒนะ,4,16:00-19:00,0,1,0
คลองประปา–ซอยข้างรร.เซนต์ฟรังซีสเซเวียร์,ข้างร.ร.เซนฟรังซีสเซเวียร์,2,07:00-09:00,0,0,1
คลองประปา–ซอยข้างรร.เซนต์ฟรังซีสเซเวียร์,ข้างร.ร.เซนฟรังซีสเซเวียร์,2,09:00-17:00,0,0,1
คลองประปา–ซอยข้างรร.เซนต์ฟรังซีสเซเวียร์,ข้างร.ร.เซนฟรังซีสเซเวียร์,2,17:00-19:00,0,0,1
คลองประปา–ซอยข้างรร.เซนต์ฟรังซีสเซเวียร์,เลียบคลองประปา,2,07:00-09:00,0,0,1
คลองประปา–ซอยข้างรร.เซนต์ฟรังซีสเซเวียร์,เลียบคลองประปา,2,09:00-17:00,0,0,1
คลองประปา–ซอยข้างรร.เซนต์ฟรังซีสเซเวียร์,เลียบคลองประปา,2,17:00-19:00,0,0,1
คลองประปา–ซอยหมู่บ้านเพชรวัฒนะ,หมู่บ้านเพชรวัฒนะ,2,07:00-09:00,0,0,1
คลองประปา–ซอยหมู่บ้านเพชรวัฒนะ,หมู่บ้านเพชรวัฒนะ,2,09:00-17:00,0,0,1
คลองประปา–ซอยหมู่บ้านเพชรวัฒนะ,หมู่บ้านเพชรวัฒนะ,2,17:00-19:00,0,0,1
คลองประปา–ซอยหมู่บ้านเพชรวัฒนะ,เลียบคลองประปา,2,07:00-09:00,0,0,1
คลองประปา–ซอยหมู่บ้านเพชรวัฒนะ,เลียบคลองประปา,2,09:00-17:00,0,0,1
คลองประปา–ซอยหมู่บ้านเพชรวัฒนะ,เลียบคลองประปา,2,17:00-19:00,0,0,1
คลองสาน,ลาดหญ้า,1,07:00-09:00,0,1,3
คลองสาน,ลาดหญ้า,1,09:00-16:00,0,1,0
คลองสาน,ลาดหญ้า,1,09:00-17:00,0,0,3
คลองสาน,ลาดหญ้า,1,16:00-19:00,0,1,0
คลองสาน,ลาดหญ้า,1,17:00-19:00,0,0,3
คลองสาน,ลาดหญ้า,2,07:00-09:00,1,0,0
คลองสาน,ลาดหญ้า,2,09:00-16:00,1,0,0
คลองสาน,ลาดหญ้า,2,16:00-19:00,1,0,0
คลองสาน,ลาดหญ้า,3,07:00-09:00,1,0,1
คลองสาน,ลาดหญ้า,3,09:00-16:00,1,0,1
คลองสาน,ลาดหญ้า,3,16:00-19:00,1,0,1
คลองสาน,ลาดหญ้า,4,07:00-09:00,1,0,0
คลองสาน,ลาดหญ้า,4,09:00-16:00,1,0,0
คลองสาน,ลาดหญ้า,4,16:00-19:00,1,0,0
คลองสาน,สมเด็จเจ้าพระยา,1,07:00-09:00,0,1,3
คลองสาน,สมเด็จเจ้าพระยา,1,09:00-16:00,0,1,0
คลองสาน,สมเด็จเจ้าพระยา,1,09:00-17:00,0,0,3
คลองสาน,สมเด็จเจ้าพระยา,1,16:00-19:00,0,1,0
คลองสาน,สมเด็จเจ้าพระยา,1,17:00-19:00,0,0,3
คลองสาน,สมเด็จเจ้าพระยา,2,07:00-09:00,1,0,0
คลองสาน,สมเด็จเจ้าพระยา,2,09:00-16:00,1,0,0
คลองสาน,สมเด็จเจ้าพระยา,2,16:00-19:00,1,0,0
คลองสาน,สมเด็จเจ้าพระยา,3,07:00-09:00,1,0,1
คลองสาน,สมเด็จเจ้าพระยา,3,09:00-16:00,1,0,1
คลองสาน,สมเด็จเจ้าพระยา,3,16:00-19:00,1,0,1
คลองสาน,สมเด็จเจ้าพระยา,4,07:00-09:00,1,0,0
คลองสาน,สมเด็จเจ้าพระยา,4,09:00-16:00,1,0,0
คลองสาน,สมเด็จเจ้าพระยา,4,16:00-19:00,1,0,0
คลองสาน,เจริญนคร,1,07:00-09:00,0,1,3
คลองสาน,เจริญนคร,1,09:00-16:00,0,1,0
คลองสาน,เจริญนคร,1,09:00-17:00,0,0,3
คลองสาน,เจริญนคร,1,16:00-19:00,0,1,0
คลองสาน,เจริญนคร,1,17:00-19:00,0,0,3
คลองสาน,เจริญนคร,2,07:00-09:00,1,0,0
คลองสาน,เจริญนคร,2,09:00-16:00,1,0,0
คลองสาน,เจริญนคร,2,16:00-19:00,1,0,0
คลองสาน,เจริญนคร,3,07:00-09:00,1,0,1
คลองสาน,เจริญนคร,3,09:00-16:00,1,0,1
คลองสาน,เจริญนคร,3,16:00-19:00,1,0,1
คลองสาน,เจริญนคร,4,07:00-09:00,1,0,0
คลองสาน,เจริญนคร,4,09:00-16:00,1,0,0
คลองสาน,เจริญนคร,4,16:00-19:00,1,0,0
คลองเตย,พระรามที่4,1,07:00-09:00,0,0,1
คลองเตย,พระรามที่4,1,09:00-16:00,0,0,1
คลองเตย,พระรามที่4,2,07:00-09:00,1,0,2
คลองเตย,พระรามที่4,2,09:00-16:00,1,0,0
คลองเตย,พระรามที่4,2,09:00-17:00,0,0,2
คลองเตย,พระรามที่4,2,16:00-19:00,1,0,0
คลองเตย,พระรามที่4,2,17:00-19:00,0,0,2
คลองเตย,พระรามที่4,4,07:00-09:00,1,1,1
คลองเตย,พระรามที่4,4,09:00-16:00,1,1,0
คลองเตย,พระรามที่4,4,09:00-17:00,0,0,1
คลองเตย,พระรามที่4,4,16:00-19:00,1,1,0
คลองเตย,พระรามที่4,4,17:00-19:00,0,0,1
คลองเตย,สุนทรโกษา,1,07:00-09:00,0,0,1
คลองเตย,สุนทรโกษา,1,09:00-16:00,0,0,1
คลองเตย,สุนทรโกษา,2,07:00-09:00,1,0,2
คลองเตย,สุนทรโกษา,2,09:00-16:00,1,0,0
คลองเตย,สุนทรโกษา,2,09:00-17:00,0,0,2
คลองเตย,สุนทรโกษา,2,16:00-19:00,1,0,0
คลองเตย,สุนทรโกษา,2,17:00-19:00,0,0,2
คลองเตย,สุนทรโกษา,4,07:00-09:00,1,1,1
คลองเตย,สุนทรโกษา,4,09:00-16:00,1,1,0
คลองเตย,สุนทรโกษา,4,09:00-17:00,0,0,1
คลองเตย,สุนทรโกษา,4,16:00-19:00,1,1,0
คลองเตย,สุนทรโกษา,4,17:00-19:00,0,0,1
คลังน้ำมัน,กำแพงเพชร6,3,07:00-09:00,0,1,0
คลังน้ำมัน,กำแพงเพชร6,3,09:00-16:00,0,1,0
คลังน้ำมัน,กำแพงเพชร6,3,16:00-19:00,0,1,0
คลังน้ำมัน,เชิดวุฒากาศ,3,07:00-09:00,0,1,0
คลังน้ำมัน,เชิดวุฒากาศ,3,09:00-16:00,0,1,0
คลังน้ำมัน,เชิดวุฒากาศ,3,16:00-19:00,0,1,0
คอกวัว,ตะนาว,3,07:00-09:00,2,2,2
คอกวัว,ตะนาว,3,09:00-16:00,2,2,1
คอกวัว,ตะนาว,3,09:00-17:00,0,0,1
คอกวัว,ตะนาว,3,16:00-19:00,2,2,1
คอกวัว,ตะนาว,3,17:00-19:00,0,0,1
คอกวัว,ราชดำเนินกลาง,3,07:00-09:00,2,2,2
คอกวัว,ราชดำเนินกลาง,3,09:00-16:00,2,2,1
คอกวัว,ราชดำเนินกลาง,3,09:00-17:00,0,0,1
คอกวัว,ราชดำเนินกลาง,3,16:00-19:00,2,2,1
คอกวัว,ราชดำเนินกลาง,3,17:00-19:00,0,0,1
คุ้มเกล้า16,คุ้มเกล้า,2,06:30-09:00,0,1,0
คุ้มเกล้า16,คุ้มเกล้า,2,09:00-16:00,0,1,0
คุ้มเกล้า16,คุ้มเกล้า,2,16:00-19:30,0,1,0
คู่ขนานวงแหวนตะวันออก-จตุโชติ,คู่ขนานวงแหวนตะวันออก,4,07:00-09:00,0,0,1
คู่ขนานวงแหวนตะวันออก-จตุโชติ,คู่ขนานวงแหวนตะวันออก,4,09:00-17:00,0,0,1
คู่ขนานวงแหวนตะวันออก-จตุโชติ,คู่ขนานวงแหวนตะวันออก,4,17:00-19:00,0,0,1
คู่ขนานวงแหวนตะวันออก-จตุโชติ,จตุโชติ,4,07:00-09:00,0,0,1
คู่ขนานวงแหวนตะวันออก-จตุโชติ,จตุโชติ,4,09:00-17:00,0,0,1
คู่ขนานวงแหวนตะวันออก-จตุโชติ,จตุโชติ,4,17:00-19:00,0,0,1
คู้คลองสิบซอย7,คู้คลองสิบ,2,07:00-09:00,0,1,0
คู้คลองสิบซอย7,คู้คลองสิบ,2,09:00-16:00,0,1,0
คู้คลองสิบซอย7,คู้คลองสิบ,2,16:00-19:00,0,1,0
คู้บอน,ซอยคู้บอน,3,07:00-09:00,0,1,0
คู้บอน,ซอยคู้บอน,3,09:00-16:00,0,1,0
คู้บอน,ซอยคู้บอน,3,16:00-19:00,0,1,0
คู้บอน,รามอินทรา,3,07:00-09:00,0,1,0
คู้บอน,รามอินทรา,3,09:00-16:00,0,1,0
คู้บอน,รามอินทรา,3,16:00-19:00,0,1,0
คู้บอน-พระยาสุเรนทร์-เลียบคลองสอง,คู้บอน,4,07:00-09:00,0,0,2
คู้บอน-พระยาสุเรนทร์-เลียบคลองสอง,คู้บอน,4,09:00-16:00,0,0,1
คู้บอน-พระยาสุเรนทร์-เลียบคลองสอง,คู้บอน,4,09:00-17:00,0,0,1
คู้บอน-พระยาสุเรนทร์-เลียบคลองสอง,คู้บอน,4,16:00-19:00,0,0,1
คู้บอน-พระยาสุเรนทร์-เลียบคลองสอง,คู้บอน,4,17:00-19:00,0,0,1
คู้บอน-พระยาสุเรนทร์-เลียบคลองสอง,พระยาสุเรนทร์,4,07:00-09:00,0,0,2
คู้บอน-พระยาสุเรนทร์-เลียบคลองสอง,พระยาสุเรนทร์,4,09:00-16:00,0,0,1
คู้บอน-พระยาสุเรนทร์-เลียบคลองสอง,พระยาสุเรนทร์,4,09:00-17:00,0,0,1
คู้บอน-พระยาสุเรนทร์-เลียบคลองสอง,พระยาสุเรนทร์,4,16:00-19:00,0,0,1
คู้บอน-พระยาสุเรนทร์-เลียบคลองสอง,พระยาสุเรนทร์,4,17:00-19:00,0,0,1
คู้บอน-พระยาสุเรนทร์-เลียบคลองสอง,เลียบคลองสอง,4,07:00-09:00,0,0,2
คู้บอน-พระยาสุเรนทร์-เลียบคลองสอง,เลียบคลองสอง,4,09:00-16:00,0,0,1
คู้บอน-พระยาสุเรนทร์-เลียบคลองสอง,เลียบคลองสอง,4,09:00-17:00,0,0,1
คู้บอน-พระยาสุเรนทร์-เลียบคลองสอง,เลียบคลองสอง,4,16:00-19:00,0,0,1
คู้บอน-พระยาสุเรนทร์-เลียบคลองสอง,เลียบคลองสอง,4,17:00-19:00,0,0,1
คู้บอน-พระยาสุเรนท์,คู้บอน,1,07:00-09:00,0,1,0
คู้บอน-พระยาสุเรนท์,คู้บอน,1,09:00-16:00,0,1,0
คู้บอน-พระยาสุเรนท์,คู้บอน,1,16:00-19:00,0,1,0
คู้บอน-พระยาสุเรนท์,พระยาสุเรนทร์,1,07:00-09:00,0,1,0
คู้บอน-พระยาสุเรนท์,พระยาสุเรนทร์,1,09:00-16:00,0,1,0
คู้บอน-พระยาสุเรนท์,พระยาสุเรนทร์,1,16:00-19:00,0,1,0
คู้บอน-พระยาสุเรนท์,เลียบคลองสอง,1,07:00-09:00,0,1,0
คู้บอน-พระยาสุเรนท์,เลียบคลองสอง,1,09:00-16:00,0,1,0
คู้บอน-พระยาสุเรนท์,เลียบคลองสอง,1,16:00-19:00,0,1,0
คู้บอน6,คู้บอน,2,07:00-09:00,0,0,1
คู้บอน6,คู้บอน,2,09:00-17:00,0,0,1
คู้บอน6,คู้บอน,2,17:00-19:00,0,0,1
คู้บอน6,คู้บอน6,2,07:00-09:00,0,0,1
คู้บอน6,คู้บอน6,2,09:00-17:00,0,0,1
คู้บอน6,คู้บอน6,2,17:00-19:00,0,0,1
จ.ป.ร,จักรพรรดิพงษ์,4,07:00-09:00,1,0,0
จ.ป.ร,จักรพรรดิพงษ์,4,09:00-16:00,1,0,0
จ.ป.ร,จักรพรรดิพงษ์,4,16:00-19:00,1,0,0
จ.ป.ร,ราชดำเนฉินนอก,4,07:00-09:00,1,0,0
จ.ป.ร,ราชดำเนฉินนอก,4,09:00-16:00,1,0,0
จ.ป.ร,ราชดำเนฉินนอก,4,16:00-19:00,1,0,0
จ.ป.ร.,จักรพรรดิพงษ์,1,07:00-09:00,0,0,1
จ.ป.ร.,จักรพรรดิพงษ์,1,09:00-17:00,0,0,1
จ.ป.ร.,จักรพรรดิพงษ์,1,17:00-19:00,0,0,1
จ.ป.ร.,จักรพรรดิพงษ์,4,07:00-09:00,0,1,1
จ.ป.ร.,จักรพรรดิพงษ์,4,09:00-16:00,0,1,1
จ.ป.ร.,จักรพรรดิพงษ์,4,16:00-19:00,0,1,1
จ.ป.ร.,ราขดำเนินนอก,4,07:00-09:00,0,0,1
จ.ป.ร.,ราขดำเนินนอก,4,09:00-16:00,0,0,1
จ.ป.ร.,ราขดำเนินนอก,4,16:00-19:00,0,0,1
จ.ป.ร.,ราชดำเนินนอก,1,07:00-09:00,0,0,1
จ.ป.ร.,ราชดำเนินนอก,1,09:00-17:00,0,0,1
จ.ป.ร.,ราชดำเนินนอก,1,17:00-19:00,0,0,1
จ.ป.ร.,ราชดําเนินนอก,4,07:00-09:00,0,1,0
จ.ป.ร.,ราชดําเนินนอก,4,09:00-16:00,0,1,0
จ.ป.ร.,ราชดําเนินนอก,4,16:00-19:00,0,1,0
จ.ป.ร.,วิสุทธิ์กษัตริย์,1,07:00-09:00,0,0,1
จ.ป.ร.,วิสุทธิ์กษัตริย์,1,09:00-17:00,0,0,1
จ.ป.ร.,วิสุทธิ์กษัตริย์,1,17:00-19:00,0,0,1
จตุโชติ,จตุโชติ,1,07:00-09:00,0,0,1
จตุโชติ,จตุโชติ,1,09:00-17:00,0,0,1
จตุโชติ,จตุโชติ,1,17:00-19:00,0,0,1
จตุโชติ,สุขาภิบาล5,1,07:00-09:00,0,0,1
จตุโชติ,สุขาภิบาล5,1,09:00-17:00,0,0,1
จตุโชติ,สุขาภิบาล5,1,17:00-19:00,0,0,1
จปร.,ถนนจักรพรรดิพงษ์,4,07:00-09:00,0,0,1
จปร.,ถนนจักรพรรดิพงษ์,4,09:00-17:00,0,0,1
จปร.,ถนนจักรพรรดิพงษ์,4,17:00-19:00,0,0,1
จปร.,ถนนราชดำเนินนอก,4,09:00-17:00,0,0,1
จปร.,ถนนราชดำเนินนอก,4,17:00-19:00,0,0,1
จปร.,ถนนวิสุทธิกษัตริย์,4,07:00-09:00,0,0,1
จปร.,ถนนวิสุทธิกษัตริย์,4,09:00-17:00,0,0,1
จปร.,ถนนวิสุทธิกษัตริย์,4,17:00-19:00,0,0,1
จรัญสนิทวงศ์-สุทธาวาส,จรัญสนิทวงศ์,1,07:00-09:00,0,0,1
จรัญสนิทวงศ์-สุทธาวาส,จรัญสนิทวงศ์,1,09:00-16:00,0,0,1
จรัญสนิทวงศ์-สุทธาวาส,จรัญสนิทวงศ์,1,16:00-19:00,0,0,1
จรัญสนิทวงศ์-สุทธาวาส,สุทธาวาส,1,07:00-09:00,0,0,1
จรัญสนิทวงศ์-สุทธาวาส,สุทธาวาส,1,09:00-16:00,0,0,1
จรัญสนิทวงศ์-สุทธาวาส,สุทธาวาส,1,16:00-19:00,0,0,1
จรัญสนิทวงศ์-สุทธาวาส,เลียบทางรถไฟตลิ่งชัน,1,07:00-09:00,0,0,1
จรัญสนิทวงศ์-สุทธาวาส,เลียบทางรถไฟตลิ่งชัน,1,09:00-16:00,0,0,1
จรัญสนิทวงศ์-สุทธาวาส,เลียบทางรถไฟตลิ่งชัน,1,16:00-19:00,0,0,1
จรัญสนิทวงศ์31/1,จรัญสนิทวงศ์,1,06:30-09:00,1,0,0
จรัญสนิทวงศ์31/1,จรัญสนิทวงศ์,1,09:00-16:00,1,0,0
จรัญสนิทวงศ์31/1,จรัญสนิทวงศ์,1,16:00-19:30,1,0,0
จรัญสนิทวงศ์31/1,ซอยจรัญสนิทวงศ์31/1,1,06:30-09:00,1,0,0
จรัญสนิทวงศ์31/1,ซอยจรัญสนิทวงศ์31/1,1,09:00-16:00,1,0,0
จรัญสนิทวงศ์31/1,ซอยจรัญสนิทวงศ์31/1,1,16:00-19:30,1,0,0
จรัญสนิทวงศ์35,จรัญสนิทวงศ์,1,07:00-09:00,0,0,1
จรัญสนิทวงศ์35,จรัญสนิทวงศ์,1,09:00-16:00,0,0,1
จรัญสนิทวงศ์35,จรัญสนิทวงศ์,1,16:00-19:00,0,0,1
จรัญสนิทวงศ์35,จรัญสนิทวงศ์,3,07:00-09:00,0,0,1
จรัญสนิทวงศ์35,จรัญสนิทวงศ์,3,09:00-17:00,0,0,1
จรัญสนิทวงศ์35,จรัญสนิทวงศ์,3,17:00-19:00,0,0,1
จรัญสนิทวงศ์35,จรัญสนิทวงศ์35,1,07:00-09:00,0,0,1
จรัญสนิทวงศ์35,จรัญสนิทวงศ์35,1,09:00-16:00,0,0,1
จรัญสนิทวงศ์35,จรัญสนิทวงศ์35,1,16:00-19:00,0,0,1
จรัญสนิทวงศ์35,จรัญสนิทวงศ์35,3,07:00-09:00,0,0,1
จรัญสนิทวงศ์35,จรัญสนิทวงศ์35,3,09:00-17:00,0,0,1
จรัญสนิทวงศ์35,จรัญสนิทวงศ์35,3,17:00-19:00,0,0,1
จอมทอง,จอมทอง,1,07:00-09:00,0,1,3
จอมทอง,จอมทอง,1,09:00-16:00,0,1,1
จอมทอง,จอมทอง,1,09:00-17:00,0,0,2
จอมทอง,จอมทอง,1,16:00-19:00,0,1,1
จอมทอง,จอมทอง,1,17:00-19:00,0,0,2
จอมทอง,จอมทอง,4,07:00-09:00,1,0,0
จอมทอง,จอมทอง,4,09:00-16:00,1,0,0
จอมทอง,จอมทอง,4,16:00-19:00,1,0,0
จอมทอง,วุฒากาศ,1,07:00-09:00,0,1,3
จอมทอง,วุฒากาศ,1,09:00-16:00,0,1,1
จอมทอง,วุฒากาศ,1,09:00-17:00,0,0,2
จอมทอง,วุฒากาศ,1,16:00-19:00,0,1,1
จอมทอง,วุฒากาศ,1,17:00-19:00,0,0,2
จอมทอง,วุฒากาศ,4,07:00-09:00,1,0,0
จอมทอง,วุฒากาศ,4,09:00-16:00,1,0,0
จอมทอง,วุฒากาศ,4,16:00-19:00,1,0,0
จอมทอง,เอกชัย,1,07:00-09:00,0,0,2
จอมทอง,เอกชัย,1,09:00-17:00,0,0,2
จอมทอง,เอกชัย,1,17:00-19:00,0,0,2
จักรพรรดิพงษ์,จักรพรรดิพงษ์,2,07:00-09:00,0,0,2
จักรพรรดิพงษ์,จักรพรรดิพงษ์,2,09:00-16:00,0,0,1
จักรพรรดิพงษ์,จักรพรรดิพงษ์,2,09:00-17:00,0,0,1
จักรพรรดิพงษ์,จักรพรรดิพงษ์,2,16:00-19:00,0,0,1
จักรพรรดิพงษ์,จักรพรรดิพงษ์,2,17:00-19:00,0,0,1
จักรพรรดิพงษ์,จักรพรรดิพงษ์,3,07:00-09:00,0,2,1
จักรพรรดิพงษ์,จักรพรรดิพงษ์,3,09:00-16:00,0,2,0
จักรพรรดิพงษ์,จักรพรรดิพงษ์,3,09:00-17:00,0,0,1
จักรพรรดิพงษ์,จักรพรรดิพงษ์,3,16:00-19:00,0,2,0
จักรพรรดิพงษ์,จักรพรรดิพงษ์,3,17:00-19:00,0,0,1
จักรพรรดิพงษ์,จักรพรรดิพงษ์,4,07:00-09:00,2,0,0
จักรพรรดิพงษ์,จักรพรรดิพงษ์,4,09:00-16:00,2,0,0
จักรพรรดิพงษ์,จักรพรรดิพงษ์,4,16:00-19:00,2,0,0
จักรพรรดิพงษ์,นครสวรรค์,2,07:00-09:00,0,0,2
จักรพรรดิพงษ์,นครสวรรค์,2,09:00-16:00,0,0,1
จักรพรรดิพงษ์,นครสวรรค์,2,09:00-17:00,0,0,1
จักรพรรดิพงษ์,นครสวรรค์,2,16:00-19:00,0,0,1
จักรพรรดิพงษ์,นครสวรรค์,2,17:00-19:00,0,0,1
จักรพรรดิพงษ์,นครสวรรค์,3,07:00-09:00,0,2,1
จักรพรรดิพงษ์,นครสวรรค์,3,09:00-16:00,0,2,0
จักรพรรดิพงษ์,นครสวรรค์,3,09:00-17:00,0,0,1
จักรพรรดิพงษ์,นครสวรรค์,3,16:00-19:00,0,2,0
จักรพรรดิพงษ์,นครสวรรค์,3,17:00-19:00,0,0,1
จักรพรรดิพงษ์,นครสวรรค์,4,07:00-09:00,2,0,0
จักรพรรดิพงษ์,นครสวรรค์,4,09:00-16:00,2,0,0
จักรพรรดิพงษ์,นครสวรรค์,4,16:00-19:00,2,0,0
จันทน์-นราธิวาส,จันทน์,1,07:00-09:00,0,1,0
จันทน์-นราธิวาส,จันทน์,1,09:00-16:00,0,1,0
จันทน์-นราธิวาส,จันทน์,1,16:00-19:00,0,1,0
จันทน์-นราธิวาส,จันทน์,3,07:00-09:00,1,0,2
จันทน์-นราธิวาส,จันทน์,3,09:00-16:00,1,1,1
จันทน์-นราธิวาส,จันทน์,3,09:00-17:00,0,0,1
จันทน์-นราธิวาส,จันทน์,3,16:00-19:00,1,1,1
จันทน์-นราธิวาส,จันทน์,3,17:00-19:00,0,0,1
จันทน์-นราธิวาส,จันทน์,4,07:00-09:00,1,0,1
จันทน์-นราธิวาส,จันทน์,4,09:00-16:00,1,0,0
จันทน์-นราธิวาส,จันทน์,4,09:00-17:00,0,0,1
จันทน์-นราธิวาส,จันทน์,4,16:00-19:00,1,0,0
จันทน์-นราธิวาส,จันทน์,4,17:00-19:00,0,0,1
จันทน์-นราธิวาส,นราธิวาสราชนครินทร์,1,07:00-09:00,0,1,0
จันทน์-นราธิวาส,นราธิวาสราชนครินทร์,1,09:00-16:00,0,1,0
จันทน์-นราธิวาส,นราธิวาสราชนครินทร์,1,16:00-19:00,0,1,0
จันทน์-นราธิวาส,นราธิวาสราชนครินทร์,3,07:00-09:00,0,0,1
จันทน์-นราธิวาส,นราธิวาสราชนครินทร์,3,09:00-16:00,0,1,1
จันทน์-นราธิวาส,นราธิวาสราชนครินทร์,3,16:00-19:00,0,1,1
จันทน์-นราธิวาส,นราธิวาสราชนครินทร์,4,07:00-09:00,1,0,1
จันทน์-นราธิวาส,นราธิวาสราชนครินทร์,4,09:00-16:00,1,0,0
จันทน์-นราธิวาส,นราธิวาสราชนครินทร์,4,09:00-17:00,0,0,1
จันทน์-นราธิวาส,นราธิวาสราชนครินทร์,4,16:00-19:00,1,0,0
จันทน์-นราธิวาส,นราธิวาสราชนครินทร์,4,17:00-19:00,0,0,1
จันทน์-นราธิวาส,นราธิวาสฯ,3,07:00-09:00,1,0,1
จันทน์-นราธิวาส,นราธิวาสฯ,3,09:00-16:00,1,0,0
จันทน์-นราธิวาส,นราธิวาสฯ,3,09:00-17:00,0,0,1
จันทน์-นราธิวาส,นราธิวาสฯ,3,16:00-19:00,1,0,0
จันทน์-นราธิวาส,นราธิวาสฯ,3,17:00-19:00,0,0,1
จันทน์-เจริญราษฎร์,จันทน์,1,07:00-09:00,0,0,1
จันทน์-เจริญราษฎร์,จันทน์,1,09:00-17:00,0,0,1
จันทน์-เจริญราษฎร์,จันทน์,1,17:00-19:00,0,0,1
จันทน์-เจริญราษฎร์,จันทน์,2,07:00-09:00,0,0,2
จันทน์-เจริญราษฎร์,จันทน์,2,09:00-17:00,0,0,2
จันทน์-เจริญราษฎร์,จันทน์,2,17:00-19:00,0,0,2
จันทน์-เจริญราษฎร์,จันทน์,3,07:00-09:00,1,1,0
จันทน์-เจริญราษฎร์,จันทน์,3,09:00-16:00,1,1,0
จันทน์-เจริญราษฎร์,จันทน์,3,16:00-19:00,1,1,0
จันทน์-เจริญราษฎร์,จันทน์,4,07:00-09:00,1,0,0
จันทน์-เจริญราษฎร์,จันทน์,4,09:00-16:00,1,0,0
จันทน์-เจริญราษฎร์,จันทน์,4,16:00-19:00,1,0,0
จันทน์-เจริญราษฎร์,เจริญราษฎร์,1,07:00-09:00,0,0,1
จันทน์-เจริญราษฎร์,เจริญราษฎร์,1,09:00-17:00,0,0,1
จันทน์-เจริญราษฎร์,เจริญราษฎร์,1,17:00-19:00,0,0,1
จันทน์-เจริญราษฎร์,เจริญราษฎร์,2,07:00-09:00,0,0,2
จันทน์-เจริญราษฎร์,เจริญราษฎร์,2,09:00-17:00,0,0,2
จันทน์-เจริญราษฎร์,เจริญราษฎร์,2,17:00-19:00,0,0,2
จันทน์-เจริญราษฎร์,เจริญราษฎร์,3,07:00-09:00,1,1,0
จันทน์-เจริญราษฎร์,เจริญราษฎร์,3,09:00-16:00,1,1,0
จันทน์-เจริญราษฎร์,เจริญราษฎร์,3,16:00-19:00,1,1,0
จันทน์-เจริญราษฎร์,เจริญราษฎร์,4,07:00-09:00,1,0,0
จันทน์-เจริญราษฎร์,เจริญราษฎร์,4,09:00-16:00,1,0,0
จันทน์-เจริญราษฎร์,เจริญราษฎร์,4,16:00-19:00,1,0,0
จันทน์-เซ็นหลุยส์,จันทน์,3,07:00-09:00,0,0,1
จันทน์-เซ็นหลุยส์,จันทน์,3,09:00-17:00,0,0,1
จันทน์-เซ็นหลุยส์,จันทน์,3,17:00-19:00,0,0,1
จันทน์-เซ็นหลุยส์,พระแม่มารี,3,07:00-09:00,0,0,1
จันทน์-เซ็นหลุยส์,พระแม่มารี,3,09:00-17:00,0,0,1
จันทน์-เซ็นหลุยส์,พระแม่มารี,3,17:00-19:00,0,0,1
จันทน์-เซ็นหลุยส์,เซ็นหลุยส์,3,07:00-09:00,0,0,1
จันทน์-เซ็นหลุยส์,เซ็นหลุยส์,3,09:00-17:00,0,0,1
จันทน์-เซ็นหลุยส์,เซ็นหลุยส์,3,17:00-19:00,0,0,1
จันทิมา,ลาดพร้าว,3,07:00-09:00,0,0,1
จันทิมา,ลาดพร้าว,3,09:00-17:00,0,0,1
จันทิมา,ลาดพร้าว,3,17:00-19:00,0,0,1
จันทิมา,ลาดพร้าว,4,07:00-09:00,0,0,1
จันทิมา,ลาดพร้าว,4,09:00-17:00,0,0,1
จันทิมา,ลาดพร้าว,4,17:00-19:00,0,0,1
จันทิมา,ลาดพร้าว80,3,07:00-09:00,0,0,1
จันทิมา,ลาดพร้าว80,3,09:00-17:00,0,0,1
จันทิมา,ลาดพร้าว80,3,17:00-19:00,0,0,1
จันทิมา,ลาดพร้าว80,4,07:00-09:00,0,0,1
จันทิมา,ลาดพร้าว80,4,09:00-17:00,0,0,1
จันทิมา,ลาดพร้าว80,4,17:00-19:00,0,0,1
จารุเมือง-จรัสเมือง,จรัสเมือง,3,07:00-09:00,0,0,1
จารุเมือง-จรัสเมือง,จรัสเมือง,3,09:00-16:00,0,0,1
จารุเมือง-จรัสเมือง,จรัสเมือง,3,16:00-19:00,0,0,1
จารุเมือง-จรัสเมือง,จารุเมือง,3,07:00-09:00,0,0,1
จารุเมือง-จรัสเมือง,จารุเมือง,3,09:00-16:00,0,0,1
จารุเมือง-จรัสเมือง,จารุเมือง,3,16:00-19:00,0,0,1
จารุเมือง-จรัสเมือง,พระรามที่6,3,07:00-09:00,0,0,1
จารุเมือง-จรัสเมือง,พระรามที่6,3,09:00-16:00,0,0,1
จารุเมือง-จรัสเมือง,พระรามที่6,3,16:00-19:00,0,0,1
จุดกลับรถการประปาสาขาสุวรรณภูมิ,หลวงแพ่ง,2,07:00-09:00,0,0,1
จุดกลับรถการประปาสาขาสุวรรณภูมิ,หลวงแพ่ง,2,09:00-17:00,0,0,1
จุดกลับรถการประปาสาขาสุวรรณภูมิ,หลวงแพ่ง,2,17:00-19:00,0,0,1
จุดกลับรถก่อนถึงทางเข้าหน้าวัดหนองผักชี(ใกล้ชุมชนระเบียงทอง3),รัตนโกสินทร์สมโภชน์,3,07:00-09:00,1,0,0
จุดกลับรถก่อนถึงทางเข้าหน้าวัดหนองผักชี(ใกล้ชุมชนระเบียงทอง3),รัตนโกสินทร์สมโภชน์,3,09:00-16:00,1,0,0
จุดกลับรถก่อนถึงทางเข้าหน้าวัดหนองผักชี(ใกล้ชุมชนระเบียงทอง3),รัตนโกสินทร์สมโภชน์,3,16:00-19:00,1,0,0
จุดกลับรถซอยเทียนทะเล1,เทียนทะเล,2,07:00-09:00,1,0,0
จุดกลับรถซอยเทียนทะเล1,เทียนทะเล,2,09:00-16:00,1,0,0
จุดกลับรถซอยเทียนทะเล1,เทียนทะเล,2,16:00-19:00,1,0,0
จุดกลับรถซอยเทียนทะเล11,เทียนทะเล,2,07:00-09:00,1,0,0
จุดกลับรถซอยเทียนทะเล11,เทียนทะเล,2,09:00-16:00,1,0,0
จุดกลับรถซอยเทียนทะเล11,เทียนทะเล,2,16:00-19:00,1,0,0
จุดกลับรถถนนลาดพร้าว(ใต้ทางด่วนฉลองรัช),ลาดพร้าว,3,07:00-09:00,0,0,1
จุดกลับรถถนนลาดพร้าว(ใต้ทางด่วนฉลองรัช),ลาดพร้าว,3,09:00-17:00,0,0,1
จุดกลับรถถนนลาดพร้าว(ใต้ทางด่วนฉลองรัช),ลาดพร้าว,3,17:00-19:00,0,0,1
จุดกลับรถบางขุนเทียน14,บางขุนเทียนชายทะเล,3,06:30-09:00,1,0,0
จุดกลับรถบางขุนเทียน14,บางขุนเทียนชายทะเล,3,07:00-09:00,1,0,0
จุดกลับรถบางขุนเทียน14,บางขุนเทียนชายทะเล,3,09:00-16:00,2,0,0
จุดกลับรถบางขุนเทียน14,บางขุนเทียนชายทะเล,3,16:00-19:00,1,0,0
จุดกลับรถบางขุนเทียน14,บางขุนเทียนชายทะเล,3,16:00-19:30,1,0,0
จุดกลับรถปากซอยอ่อนนุช59,อ่อนนุช,2,07:00-09:00,0,0,1
จุดกลับรถปากซอยอ่อนนุช59,อ่อนนุช,2,09:00-17:00,0,0,1
จุดกลับรถปากซอยอ่อนนุช59,อ่อนนุช,2,17:00-19:00,0,0,1
จุดกลับรถปากซอยอ่อนนุช59,อ่อนนุช59,2,07:00-09:00,0,0,1
จุดกลับรถปากซอยอ่อนนุช59,อ่อนนุช59,2,09:00-17:00,0,0,1
จุดกลับรถปากซอยอ่อนนุช59,อ่อนนุช59,2,17:00-19:00,0,0,1
จุดกลับรถศรีนครินทร์หน้าเต็นท์รถเอพี,ศรีนครินทร์,1,07:00-09:00,0,0,1
จุดกลับรถศรีนครินทร์หน้าเต็นท์รถเอพี,ศรีนครินทร์,1,09:00-17:00,0,0,1
จุดกลับรถศรีนครินทร์หน้าเต็นท์รถเอพี,ศรีนครินทร์,1,17:00-19:00,0,0,1
จุดกลับรถหน้าวัดหนองผักชี,รัตนโกสินทร์สมโภชน์,3,07:00-09:00,1,0,0
จุดกลับรถหน้าวัดหนองผักชี,รัตนโกสินทร์สมโภชน์,3,09:00-16:00,1,0,0
จุดกลับรถหน้าวัดหนองผักชี,รัตนโกสินทร์สมโภชน์,3,16:00-19:00,1,0,0
จุดกลับรถหน้าโชว์รูมฟอรด์ใกล้ชอยลาดกระบัง1/5,ลาดกระบัง,3,07:00-09:00,1,0,0
จุดกลับรถหน้าโชว์รูมฟอรด์ใกล้ชอยลาดกระบัง1/5,ลาดกระบัง,3,09:00-16:00,1,0,0
จุดกลับรถหน้าโชว์รูมฟอรด์ใกล้ชอยลาดกระบัง1/5,ลาดกระบัง,3,16:00-19:00,1,0,0
จุดกลับรถหน้าไปรษณีย์บางบอน,ประชาอุทิศ,3,07:00-09:00,0,0,1
จุดกลับรถหน้าไปรษณีย์บางบอน,เอกชัย,3,07:00-09:00,0,0,1
จุดกลับรถหน้าไปรษณีย์บางบอน,เอกชัย,3,09:00-16:00,0,0,1
จุดกลับรถหน้าไปรษณีย์บางบอน,เอกชัย,3,16:00-19:00,0,0,1
จุดกลับรถเพชรเกษม98,เพชรเกษม,1,07:00-09:00,0,0,1
จุดกลับรถเพชรเกษม98,เพชรเกษม,1,09:00-17:00,0,0,1
จุดกลับรถเพชรเกษม98,เพชรเกษม,1,17:00-19:00,0,0,1
จุดกลับรถแอมคาร์ออดิโอ,หลวงแพ่ง,2,07:00-09:00,0,0,1
จุดกลับรถแอมคาร์ออดิโอ,หลวงแพ่ง,2,09:00-17:00,0,0,1
จุดกลับรถแอมคาร์ออดิโอ,หลวงแพ่ง,2,17:00-19:00,0,0,1
จุดกลับรถใกล้ซอยพัฒนาการ89,พัฒนาการ,4,07:00-09:00,0,0,1
จุดกลับรถใกล้ซอยพัฒนาการ89,พัฒนาการ,4,09:00-17:00,0,0,1
จุดกลับรถใกล้ซอยพัฒนาการ89,พัฒนาการ,4,17:00-19:00,0,0,1
จุดกลับรถใกล้โฮมโปรพระราม9,พระราม9,3,07:00-09:00,0,0,1
จุดกลับรถใกล้โฮมโปรพระราม9,พระราม9,3,09:00-17:00,0,0,1
จุดกลับรถใกล้โฮมโปรพระราม9,พระราม9,3,17:00-19:00,0,0,1
จุดตัดถนนบางระมาด-กาญจนาภิเษก,วัดอินทราวาส,1,07:00-09:00,1,0,0
จุดตัดถนนบางระมาด-กาญจนาภิเษก,วัดอินทราวาส,1,09:00-16:00,1,0,0
จุดตัดถนนบางระมาด-กาญจนาภิเษก,วัดอินทราวาส,1,16:00-19:00,1,0,0
จุดตัดถนนราชพฤกษ์,วัดอินทราวาส,1,07:00-09:00,1,0,0
จุดตัดถนนราชพฤกษ์,วัดอินทราวาส,1,09:00-16:00,1,0,0
จุดตัดถนนราชพฤกษ์,วัดอินทราวาส,1,16:00-19:00,1,0,0
จุดตัดถนนราชพฤกษ์,วัดอินทราวาส,2,07:00-09:00,1,0,0
จุดตัดถนนราชพฤกษ์,วัดอินทราวาส,2,09:00-16:00,1,0,0
จุดตัดถนนราชพฤกษ์,วัดอินทราวาส,2,16:00-19:00,1,0,0
จุดตัดถนนลาดพร้าวกับถนนประดิษฐ์มนูธรรม,ลาดพร้าว,3,07:00-09:00,0,0,1
จุดตัดถนนลาดพร้าวกับถนนประดิษฐ์มนูธรรม,ลาดพร้าว,3,09:00-17:00,0,0,1
จุดตัดถนนลาดพร้าวกับถนนประดิษฐ์มนูธรรม,ลาดพร้าว,3,17:00-19:00,0,0,1
จุดตัดบางระมาด-กาญจนาภิเษก,บางระมาด,2,07:00-09:00,1,0,0
จุดตัดบางระมาด-กาญจนาภิเษก,บางระมาด,2,09:00-16:00,1,0,0
จุดตัดบางระมาด-กาญจนาภิเษก,บางระมาด,2,16:00-19:00,1,0,0
จุดตัดพุทธมณฑลสาย1,วัดอินทราวาส,1,07:00-09:00,1,0,0
จุดตัดพุทธมณฑลสาย1,วัดอินทราวาส,1,09:00-16:00,1,0,0
จุดตัดพุทธมณฑลสาย1,วัดอินทราวาส,1,16:00-19:00,1,0,0
จุดตัดพุทธมณฑลสาย1,วัดอินทราวาส,2,07:00-09:00,1,0,0
จุดตัดพุทธมณฑลสาย1,วัดอินทราวาส,2,09:00-16:00,1,0,0
จุดตัดพุทธมณฑลสาย1,วัดอินทราวาส,2,16:00-19:00,1,0,0
จุฬา12,จุฬา12,1,07:00-09:00,0,0,1
จุฬา12,จุฬา12,1,09:00-17:00,0,0,1
จุฬา12,จุฬา12,1,17:00-19:00,0,0,1
จุฬา12,จุฬา12,4,07:00-09:00,0,0,1
จุฬา12,จุฬา12,4,09:00-16:00,0,0,1
จุฬา12,จุฬา12,4,16:00-19:00,0,0,1
จุฬา12,จุฬา62,1,07:00-09:00,0,0,1
จุฬา12,จุฬา62,1,09:00-17:00,0,0,1
จุฬา12,จุฬา62,1,17:00-19:00,0,0,1
จุฬา12,ซอยจุฬา12,1,07:00-09:00,0,1,0
จุฬา12,ซอยจุฬา12,1,09:00-16:00,0,1,0
จุฬา12,ซอยจุฬา12,1,16:00-19:00,0,1,0
จุฬา12,ซอยจุฬา12,3,07:00-09:00,1,0,0
จุฬา12,ซอยจุฬา12,3,09:00-16:00,1,0,0
จุฬา12,ซอยจุฬา12,3,16:00-19:00,1,0,0
จุฬา12,ทางเข้าจุฬาฯ,4,07:00-09:00,0,0,1
จุฬา12,ทางเข้าจุฬาฯ,4,09:00-16:00,0,0,1
จุฬา12,ทางเข้าจุฬาฯ,4,16:00-19:00,0,0,1
จุฬา12,ทางเข้าออกม.จุฬา,1,07:00-09:00,0,1,0
จุฬา12,ทางเข้าออกม.จุฬา,1,09:00-16:00,0,1,0
จุฬา12,ทางเข้าออกม.จุฬา,1,16:00-19:00,0,1,0
จุฬา12,ทางเข้าออกม.จุฬา,3,07:00-09:00,1,0,0
จุฬา12,ทางเข้าออกม.จุฬา,3,09:00-16:00,1,0,0
จุฬา12,ทางเข้าออกม.จุฬา,3,16:00-19:00,1,0,0
จุฬา12,พญาไท,1,07:00-09:00,0,1,1
จุฬา12,พญาไท,1,09:00-16:00,0,1,0
จุฬา12,พญาไท,1,09:00-17:00,0,0,1
จุฬา12,พญาไท,1,16:00-19:00,0,1,0
จุฬา12,พญาไท,1,17:00-19:00,0,0,1
จุฬา12,พญาไท,3,07:00-09:00,1,0,0
จุฬา12,พญาไท,3,09:00-16:00,1,0,0
จุฬา12,พญาไท,3,16:00-19:00,1,0,0
จุฬา12,พญาไท,4,07:00-09:00,0,0,1
จุฬา12,พญาไท,4,09:00-16:00,0,0,1
จุฬา12,พญาไท,4,16:00-19:00,0,0,1
ฉลองกรุง42,ฉลองกรุง,2,07:00-09:00,0,0,1
ฉลองกรุง42,ฉลองกรุง,2,09:00-17:00,0,0,1
ฉลองกรุง42,ฉลองกรุง,2,17:00-19:00,0,0,1
ฉลองกรุง42,ฉลองกรุง42,2,07:00-09:00,0,0,1
ฉลองกรุง42,ฉลองกรุง42,2,09:00-17:00,0,0,1
ฉลองกรุง42,ฉลองกรุง42,2,17:00-19:00,0,0,1
ชักพระ,ชักพระ,3,07:00-09:00,0,0,1
ชักพระ,ชักพระ,3,09:00-17:00,0,0,1
ชักพระ,ชักพระ,3,17:00-19:00,0,0,1
ชักพระ,ชัยพฤกษ์,3,07:00-09:00,0,0,1
ชักพระ,ชัยพฤกษ์,3,09:00-17:00,0,0,1
ชักพระ,ชัยพฤกษ์,3,17:00-19:00,0,0,1
ชิดลม,ชิดลม,2,06:30-09:00,1,0,0
ชิดลม,ชิดลม,2,09:00-16:00,1,0,0
ชิดลม,ชิดลม,2,16:00-19:30,1,0,0
ชิดลม,ชิดลม,3,07:00-09:00,0,0,1
ชิดลม,ชิดลม,3,09:00-17:00,0,0,1
ชิดลม,ชิดลม,3,17:00-19:00,0,0,1
ชิดลม,ซอยชิดลม,3,07:00-09:00,1,0,0
ชิดลม,ซอยชิดลม,3,09:00-16:00,1,0,0
ชิดลม,ซอยชิดลม,3,16:00-19:00,1,0,0
ชิดลม,เพลินจิต,2,07:00-09:00,1,0,0
ชิดลม,เพลินจิต,2,09:00-16:00,1,0,0
ชิดลม,เพลินจิต,2,16:00-19:00,1,0,0
ชิดลม,เพลินจิต,3,07:00-09:00,1,0,1
ชิดลม,เพลินจิต,3,09:00-16:00,1,0,0
ชิดลม,เพลินจิต,3,09:00-17:00,0,0,1
ชิดลม,เพลินจิต,3,16:00-19:00,1,0,0
ชิดลม,เพลินจิต,3,17:00-19:00,0,0,1
ชุมชนพัฒนาล็อค4-5-6,ทางขึ้นทางด่วน,1,07:00-09:00,1,0,0
ชุมชนพัฒนาล็อค4-5-6,ทางขึ้นทางด่วน,1,09:00-16:00,1,0,0
ชุมชนพัฒนาล็อค4-5-6,ทางขึ้นทางด่วน,1,16:00-19:00,1,0,0
ชุมชนพัฒนาล็อค4-5-6,ทางชุมชนพัฒนาล็อค4-5-6,1,07:00-09:00,1,0,0
ชุมชนพัฒนาล็อค4-5-6,ทางชุมชนพัฒนาล็อค4-5-6,1,09:00-16:00,1,0,0
ชุมชนพัฒนาล็อค4-5-6,ทางชุมชนพัฒนาล็อค4-5-6,1,16:00-19:00,1,0,0
ชุมชนพัฒนาล็อค4-5-6,อาจณรงค์,1,07:00-09:00,1,0,0
ชุมชนพัฒนาล็อค4-5-6,อาจณรงค์,1,09:00-16:00,1,0,0
ชุมชนพัฒนาล็อค4-5-6,อาจณรงค์,1,16:00-19:00,1,0,0
ชุมชนสวัสดิการหนองแขม,สวัสดิการ1,1,07:00-09:00,0,0,1
ชุมชนสวัสดิการหนองแขม,สวัสดิการ1,1,09:00-17:00,0,0,1
ชุมชนสวัสดิการหนองแขม,สวัสดิการ1,1,17:00-19:00,0,0,1
ช่างอากาศอุทิศ-เชิดวุฒากาศ,ช่างอากาศอุทิศ,3,07:00-09:00,0,0,1
ช่างอากาศอุทิศ-เชิดวุฒากาศ,ช่างอากาศอุทิศ,3,09:00-17:00,0,0,1
ช่างอากาศอุทิศ-เชิดวุฒากาศ,ช่างอากาศอุทิศ,3,17:00-19:00,0,0,1
ช่างอากาศอุทิศ-เชิดวุฒากาศ,เชิดวุฒากาศ/กำแพงเพชร,3,07:00-09:00,0,0,1
ช่างอากาศอุทิศ-เชิดวุฒากาศ,เชิดวุฒากาศ/กำแพงเพชร,3,09:00-17:00,0,0,1
ช่างอากาศอุทิศ-เชิดวุฒากาศ,เชิดวุฒากาศ/กำแพงเพชร,3,17:00-19:00,0,0,1
ซอยกรุงเทพกรีฑา20,กรุงเทพกรีฑา,1,07:00-09:00,1,0,0
ซอยกรุงเทพกรีฑา20,กรุงเทพกรีฑา,1,09:00-16:00,1,0,0
ซอยกรุงเทพกรีฑา20,กรุงเทพกรีฑา,1,16:00-19:00,1,0,0
ซอยกรุงเทพกรีฑา20,ซอยกรุงเทพกรีฑา20,1,07:00-09:00,1,0,0
ซอยกรุงเทพกรีฑา20,ซอยกรุงเทพกรีฑา20,1,09:00-16:00,1,0,0
ซอยกรุงเทพกรีฑา20,ซอยกรุงเทพกรีฑา20,1,16:00-19:00,1,0,0
ซอยกรุงเทพกรีฑา20,ซอยกรุงเทพกรีฑา37,1,07:00-09:00,1,0,0
ซอยกรุงเทพกรีฑา20,ซอยกรุงเทพกรีฑา37,1,09:00-16:00,1,0,0
ซอยกรุงเทพกรีฑา20,ซอยกรุงเทพกรีฑา37,1,16:00-19:00,1,0,0
ซอยคู้บอน34,คู้บอน,2,07:00-09:00,0,0,1
ซอยคู้บอน34,คู้บอน,2,09:00-17:00,0,0,1
ซอยคู้บอน34,คู้บอน,2,17:00-19:00,0,0,1
ซอยจรัญสนิทวงศ์3,จรัญสนิทวงศ์,3,07:00-09:00,1,0,0
ซอยจรัญสนิทวงศ์3,จรัญสนิทวงศ์,3,09:00-16:00,1,0,0
ซอยจรัญสนิทวงศ์3,จรัญสนิทวงศ์,3,16:00-19:00,1,0,0
ซอยจรัญสนิทวงศ์3,ซอยจรัญสนิทวงศ์,3,07:00-09:00,1,0,0
ซอยจรัญสนิทวงศ์3,ซอยจรัญสนิทวงศ์,3,09:00-16:00,1,0,0
ซอยจรัญสนิทวงศ์3,ซอยจรัญสนิทวงศ์,3,16:00-19:00,1,0,0
ซอยจรัญฯ94,จรัญสนิทวงศ์,3,07:00-09:00,0,1,0
ซอยจรัญฯ94,จรัญสนิทวงศ์,3,09:00-16:00,0,1,0
ซอยจรัญฯ94,จรัญสนิทวงศ์,3,16:00-19:00,0,1,0
ซอยจันทน์15/1,จันทน์,3,07:00-09:00,0,1,0
ซอยจันทน์15/1,จันทน์,3,09:00-16:00,0,1,0
ซอยจันทน์15/1,จันทน์,3,16:00-19:00,0,1,0
ซอยทวีวัฒนา9,ซอยทวีวัฒนา9,3,07:00-09:00,0,1,0
ซอยทวีวัฒนา9,ซอยทวีวัฒนา9,3,09:00-16:00,0,1,0
ซอยทวีวัฒนา9,ซอยทวีวัฒนา9,3,16:00-19:00,0,1,0
ซอยทวีวัฒนา9,ทวีวัฒนา,3,07:00-09:00,0,1,0
ซอยทวีวัฒนา9,ทวีวัฒนา,3,09:00-16:00,0,1,0
ซอยทวีวัฒนา9,ทวีวัฒนา,3,16:00-19:00,0,1,0
ซอยทองหล่อ13,ทองหล่อ,4,07:00-09:00,1,0,0
ซอยทองหล่อ13,ทองหล่อ,4,09:00-16:00,1,0,0
ซอยทองหล่อ13,ทองหล่อ,4,16:00-19:00,1,0,0
ซอยทองหล่อ23,ทองหล่อ,4,07:00-09:00,1,0,0
ซอยทองหล่อ23,ทองหล่อ,4,09:00-16:00,1,0,0
ซอยทองหล่อ23,ทองหล่อ,4,16:00-19:00,1,0,0
ซอยทองหล่อ25,ทองหล่อ,4,07:00-09:00,1,0,0
ซอยทองหล่อ25,ทองหล่อ,4,09:00-16:00,1,0,0
ซอยทองหล่อ25,ทองหล่อ,4,16:00-19:00,1,0,0
ซอยทองหล่อ3,ทองหล่อ,4,07:00-09:00,1,0,0
ซอยทองหล่อ3,ทองหล่อ,4,09:00-16:00,1,0,0
ซอยทองหล่อ3,ทองหล่อ,4,16:00-19:00,1,0,0
ซอยนราธิวาส10แยก18,นราธิวาสฯซอย8,3,07:00-09:00,0,0,1
ซอยนราธิวาส10แยก18,นราธิวาสฯซอย8,3,09:00-16:00,0,0,1
ซอยนราธิวาส10แยก18,นราธิวาสฯซอย8,3,16:00-19:00,0,0,1
ซอยนราธิวาสฯ20,นราธิวาสราชนครินทร์,3,07:00-09:00,0,1,0
ซอยนราธิวาสฯ20,นราธิวาสราชนครินทร์,3,09:00-16:00,0,1,0
ซอยนราธิวาสฯ20,นราธิวาสราชนครินทร์,3,16:00-19:00,0,1,0
ซอยนราธิวาสฯ24,นราธิวาสราชนครินทร์,3,07:00-09:00,0,1,0
ซอยนราธิวาสฯ24,นราธิวาสราชนครินทร์,3,09:00-16:00,0,1,0
ซอยนราธิวาสฯ24,นราธิวาสราชนครินทร์,3,16:00-19:00,0,1,0
ซอยนราธิวาสฯ9,นราธิวาสราชนครินทร์,3,07:00-09:00,0,1,0
ซอยนราธิวาสฯ9,นราธิวาสราชนครินทร์,3,09:00-16:00,0,1,0
ซอยนราธิวาสฯ9,นราธิวาสราชนครินทร์,3,16:00-19:00,0,1,0
ซอยพระราม3ซอย68,พระรามที่3,3,07:00-09:00,0,1,0
ซอยพระราม3ซอย68,พระรามที่3,3,09:00-16:00,0,1,0
ซอยพระราม3ซอย68,พระรามที่3,3,16:00-19:00,0,1,0
ซอยพร้อมจิตร,ซอยพร้อมจิตร,1,07:00-09:00,0,0,1
ซอยพร้อมจิตร,ซอยพร้อมจิตร,1,09:00-17:00,0,0,1
ซอยพร้อมจิตร,ซอยพร้อมจิตร,1,17:00-19:00,0,0,1
ซอยพร้อมพงษ์,ซอยพร้อมพงษ์,1,07:00-09:00,0,0,1
ซอยพร้อมพงษ์,ซอยพร้อมพงษ์,1,09:00-17:00,0,0,1
ซอยพร้อมพงษ์,ซอยพร้อมพงษ์,1,17:00-19:00,0,0,1
ซอยพหลโยธิน15,พหลโยธิน,3,07:00-09:00,0,1,0
ซอยพหลโยธิน15,พหลโยธิน,3,09:00-16:00,0,1,0
ซอยพหลโยธิน15,พหลโยธิน,3,16:00-19:00,0,1,0
ซอยพหลโยธิน18/2,พหลโยธิน,3,07:00-09:00,0,1,0
ซอยพหลโยธิน18/2,พหลโยธิน,3,09:00-16:00,0,1,0
ซอยพหลโยธิน18/2,พหลโยธิน,3,16:00-19:00,0,1,0
ซอยพหลโยธิน52แยก48,เทพรักษ์,1,07:00-09:00,1,0,0
ซอยพหลโยธิน52แยก48,เทพรักษ์,1,09:00-16:00,1,0,0
ซอยพหลโยธิน52แยก48,เทพรักษ์,1,16:00-19:00,1,0,0
ซอยพหลโยธิน52แยก48,เทพารักษ์,2,07:00-09:00,1,0,0
ซอยพหลโยธิน52แยก48,เทพารักษ์,2,09:00-16:00,1,0,0
ซอยพหลโยธิน52แยก48,เทพารักษ์,2,16:00-19:00,1,0,0
ซอยพัฒนาการ30,พัฒนาการ,1,07:00-09:00,0,0,1
ซอยพัฒนาการ30,พัฒนาการ,1,09:00-17:00,0,0,1
ซอยพัฒนาการ30,พัฒนาการ,1,17:00-19:00,0,0,1
ซอยพัฒนาการ30,พัฒนาการ30,1,07:00-09:00,0,0,1
ซอยพัฒนาการ30,พัฒนาการ30,1,09:00-17:00,0,0,1
ซอยพัฒนาการ30,พัฒนาการ30,1,17:00-19:00,0,0,1
ซอยพุทธบูชา38,พุทธบูชา,2,07:00-09:00,0,0,1
ซอยพุทธบูชา38,พุทธบูชา,2,09:00-17:00,0,0,1
ซอยพุทธบูชา38,พุทธบูชา,2,17:00-19:00,0,0,1
ซอยพุทธบูชา40และ42,พุทธบูชา,2,07:00-09:00,0,0,1
ซอยพุทธบูชา40และ42,พุทธบูชา,2,09:00-17:00,0,0,1
ซอยพุทธบูชา40และ42,พุทธบูชา,2,17:00-19:00,0,0,1
ซอยพุทธบูชา43,พุทธบูชา,2,07:00-09:00,0,0,1
ซอยพุทธบูชา43,พุทธบูชา,2,09:00-17:00,0,0,1
ซอยพุทธบูชา43,พุทธบูชา,2,17:00-19:00,0,0,1
ซอยพุทธบูชา44และ44/1,พุทธบูชา,2,07:00-09:00,0,0,1
ซอยพุทธบูชา44และ44/1,พุทธบูชา,2,09:00-17:00,0,0,1
ซอยพุทธบูชา44และ44/1,พุทธบูชา,2,17:00-19:00,0,0,1
ซอยมาเจริญ3,มาเจริญ,1,07:00-09:00,0,0,1
ซอยมาเจริญ3,มาเจริญ,1,09:00-17:00,0,0,1
ซอยมาเจริญ3,มาเจริญ,1,17:00-19:00,0,0,1
ซอยรัชดา30,รัชดาภิเษก,3,07:00-09:00,0,1,0
ซอยรัชดา30,รัชดาภิเษก,3,09:00-16:00,0,1,0
ซอยรัชดา30,รัชดาภิเษก,3,16:00-19:00,0,1,0
ซอยรัชดาภิเษก14,รัชดาภิเษก,3,07:00-09:00,0,1,0
ซอยรัชดาภิเษก14,รัชดาภิเษก,3,09:00-16:00,0,1,0
ซอยรัชดาภิเษก14,รัชดาภิเษก,3,16:00-19:00,0,1,0
ซอยรัชดาภิเษก3,รัชดาภิเษก,3,07:00-09:00,0,1,0
ซอยรัชดาภิเษก3,รัชดาภิเษก,3,09:00-16:00,0,1,0
ซอยรัชดาภิเษก3,รัชดาภิเษก,3,16:00-19:00,0,1,0
ซอยรัชดาภิเษก9,รัชดาภิเษก,3,07:00-09:00,0,1,0
ซอยรัชดาภิเษก9,รัชดาภิเษก,3,09:00-16:00,0,1,0
ซอยรัชดาภิเษก9,รัชดาภิเษก,3,16:00-19:00,0,1,0
ซอยรางน้ำ,พญาไท,3,07:00-09:00,0,1,0
ซอยรางน้ำ,พญาไท,3,09:00-16:00,0,1,0
ซอยรางน้ำ,พญาไท,3,16:00-19:00,0,1,0
ซอยราชปรารภ3,ราชปรารภ,3,07:00-09:00,0,1,0
ซอยราชปรารภ3,ราชปรารภ,3,09:00-16:00,0,1,0
ซอยราชปรารภ3,ราชปรารภ,3,16:00-19:00,0,1,0
ซอยราชวิถี6,ราชวิถี,3,07:00-09:00,0,1,0
ซอยราชวิถี6,ราชวิถี,3,09:00-16:00,0,1,0
ซอยราชวิถี6,ราชวิถี,3,16:00-19:00,0,1,0
ซอยรามบุตรี,จักรพงษ์,1,07:00-09:00,0,0,1
ซอยรามบุตรี,จักรพงษ์,1,09:00-17:00,0,0,1
ซอยรามบุตรี,จักรพงษ์,1,17:00-19:00,0,0,1
ซอยวชิรธรรมสาธิต6,สุขุมวิท101/1,4,07:00-09:00,0,0,1
ซอยวชิรธรรมสาธิต6,สุขุมวิท101/1,4,09:00-17:00,0,0,1
ซอยวชิรธรรมสาธิต6,สุขุมวิท101/1,4,17:00-19:00,0,0,1
ซอยวัดสุคันธาราม,ซอยวัดสุคันธาราม,4,07:00-09:00,0,1,0
ซอยวัดสุคันธาราม,ซอยวัดสุคันธาราม,4,09:00-16:00,0,1,0
ซอยวัดสุคันธาราม,ซอยวัดสุคันธาราม,4,16:00-19:00,0,1,0
ซอยวัดสุคันธาราม,สวรรคโลก,4,07:00-09:00,0,1,0
ซอยวัดสุคันธาราม,สวรรคโลก,4,09:00-16:00,0,1,0
ซอยวัดสุคันธาราม,สวรรคโลก,4,16:00-19:00,0,1,0
ซอยสมเด็จพระเจ้าตากสิน19,สมเด็จพระเจ้าตากสิน,3,07:00-09:00,0,1,0
ซอยสมเด็จพระเจ้าตากสิน19,สมเด็จพระเจ้าตากสิน,3,09:00-16:00,0,1,0
ซอยสมเด็จพระเจ้าตากสิน19,สมเด็จพระเจ้าตากสิน,3,16:00-19:00,0,1,0
ซอยสวัสดี,ซอยสวัสดี,1,07:00-09:00,0,0,1
ซอยสวัสดี,ซอยสวัสดี,1,09:00-17:00,0,0,1
ซอยสวัสดี,ซอยสวัสดี,1,17:00-19:00,0,0,1
ซอยสุขุมวิท2,สุขุมวิท,2,07:00-09:00,0,0,1
ซอยสุขุมวิท2,สุขุมวิท,2,09:00-17:00,0,0,1
ซอยสุขุมวิท2,สุขุมวิท,2,17:00-19:00,0,0,1
ซอยสุขุมวิท2,สุขุมวิท2,2,07:00-09:00,0,0,1
ซอยสุขุมวิท2,สุขุมวิท2,2,09:00-17:00,0,0,1
ซอยสุขุมวิท2,สุขุมวิท2,2,17:00-19:00,0,0,1
ซอยหัวหมาก21และ23,หัวหมาก,4,07:00-09:00,1,0,0
ซอยหัวหมาก21และ23,หัวหมาก,4,09:00-16:00,1,0,0
ซอยหัวหมาก21และ23,หัวหมาก,4,16:00-19:00,1,0,0
ซอยหัวหมาก25,หัวหมาก,4,07:00-09:00,1,0,0
ซอยหัวหมาก25,หัวหมาก,4,09:00-16:00,1,0,0
ซอยหัวหมาก25,หัวหมาก,4,16:00-19:00,1,0,0
ซอยอรุณมักกินนอน,วิทยุ,2,07:00-09:00,0,0,1
ซอยอรุณมักกินนอน,วิทยุ,2,09:00-17:00,0,0,1
ซอยอรุณมักกินนอน,วิทยุ,2,17:00-19:00,0,0,1
ซอยอรุณมักกินนอน,อรุณมักกินนอน,2,07:00-09:00,0,0,1
ซอยอรุณมักกินนอน,อรุณมักกินนอน,2,09:00-17:00,0,0,1
ซอยอรุณมักกินนอน,อรุณมักกินนอน,2,17:00-19:00,0,0,1
ซอยอ่อนนุช65,อ่อนนุช,1,07:00-09:00,0,0,1
ซอยอ่อนนุช65,อ่อนนุช,1,09:00-16:00,0,0,1
ซอยอ่อนนุช65,อ่อนนุช,1,16:00-19:00,0,0,1
ซอยอ่อนนุช65,อ่อนนุช65,1,07:00-09:00,0,0,1
ซอยอ่อนนุช65,อ่อนนุช65,1,09:00-16:00,0,0,1
ซอยอ่อนนุช65,อ่อนนุช65,1,16:00-19:00,0,0,1
ซอยเจริญกรุง61,เจริญกรุง,3,07:00-09:00,0,1,0
ซอยเจริญกรุง61,เจริญกรุง,3,09:00-16:00,0,1,0
ซอยเจริญกรุง61,เจริญกรุง,3,16:00-19:00,0,1,0
ซอยเจริญกุง33,เจริญกรุง,4,07:00-09:00,0,0,1
ซอยเจริญกุง33,เจริญกรุง,4,09:00-17:00,0,0,1
ซอยเจริญกุง33,เจริญกรุง,4,17:00-19:00,0,0,1
ซอยเฉลิมพระเกียรติร.967,เฉลิมพระเกียรติร.9,2,07:00-09:00,0,0,1
ซอยเฉลิมพระเกียรติร.967,เฉลิมพระเกียรติร.9,2,09:00-17:00,0,0,1
ซอยเฉลิมพระเกียรติร.967,เฉลิมพระเกียรติร.9,2,17:00-19:00,0,0,1
ซอยเชื่อมสัมพันธ์19/1,เชื่อมสัมพันธ์,1,07:00-09:00,0,0,1
ซอยเชื่อมสัมพันธ์19/1,เชื่อมสัมพันธ์,1,09:00-17:00,0,0,1
ซอยเชื่อมสัมพันธ์19/1,เชื่อมสัมพันธ์,1,17:00-19:00,0,0,1
ซอยเทอดไท21,ราชพฤกษ์,3,07:00-09:00,0,1,0
ซอยเทอดไท21,ราชพฤกษ์,3,09:00-16:00,0,1,0
ซอยเทอดไท21,ราชพฤกษ์,3,16:00-19:00,0,1,0
ซอยเทียนทะเล2,บางขุนเทียน-ชายทะเล,1,07:00-09:00,0,0,1
ซอยเทียนทะเล2,บางขุนเทียน-ชายทะเล,1,09:00-17:00,0,0,1
ซอยเทียนทะเล2,บางขุนเทียน-ชายทะเล,1,17:00-19:00,0,0,1
ซอยเทียนทะเล22,บางขุนเทียน-ชายทะเล,4,09:00-17:00,0,0,1
ซอยเทียนทะเล22,บางขุนเทียน-ชายทะเล,4,17:00-19:00,0,0,1
ซอยเทียนทะเล22,เทียนทะเล22,4,07:00-09:00,0,0,1
ซอยเทียนทะเล22,เทียนทะเล22,4,09:00-17:00,0,0,1
ซอยเทียนทะเล22,เทียนทะเล22,4,17:00-19:00,0,0,1
ซอยเทียนทะเล23,บางขุนเทียน-ชายทะเล,1,07:00-09:00,0,0,1
ซอยเทียนทะเล23,บางขุนเทียน-ชายทะเล,1,09:00-17:00,0,0,1
ซอยเทียนทะเล23,บางขุนเทียน-ชายทะเล,1,17:00-19:00,0,0,1
ซอยเพชรบุรี27,เพชรบุรี,3,07:00-09:00,0,1,0
ซอยเพชรบุรี27,เพชรบุรี,3,09:00-16:00,0,1,0
ซอยเพชรบุรี27,เพชรบุรี,3,16:00-19:00,0,1,0
ซอยเอกชัย15,เอกชัย,4,07:00-09:00,0,0,1
ซอยเอกชัย15,เอกชัย,4,09:00-17:00,0,0,1
ซอยเอกชัย15,เอกชัย,4,17:00-19:00,0,0,1
ซังฮี้,ราชวิถี,1,06:30-09:00,1,0,0
ซังฮี้,ราชวิถี,1,07:00-09:00,0,0,2
ซังฮี้,ราชวิถี,1,09:00-16:00,1,0,1
ซังฮี้,ราชวิถี,1,09:00-17:00,0,0,1
ซังฮี้,ราชวิถี,1,16:00-19:00,0,0,1
ซังฮี้,ราชวิถี,1,16:00-19:30,1,0,0
ซังฮี้,ราชวิถี,1,17:00-19:00,0,0,1
ซังฮี้,ราชวิถี,2,07:00-09:00,0,1,0
ซังฮี้,ราชวิถี,2,09:00-16:00,0,1,0
ซังฮี้,ราชวิถี,2,16:00-19:00,0,1,0
ซังฮี้,ราชวิถี,4,07:00-09:00,1,0,0
ซังฮี้,ราชวิถี,4,09:00-16:00,1,0,0
ซังฮี้,ราชวิถี,4,16:00-19:00,1,0,0
ซังฮี้,สามเสน,1,06:30-09:00,1,0,0
ซังฮี้,สามเสน,1,07:00-09:00,0,0,2
ซังฮี้,สามเสน,1,09:00-16:00,1,0,1
ซังฮี้,สามเสน,1,09:00-17:00,0,0,1
ซังฮี้,สามเสน,1,16:00-19:00,0,0,1
ซังฮี้,สามเสน,1,16:00-19:30,1,0,0
ซังฮี้,สามเสน,1,17:00-19:00,0,0,1
ซังฮี้,สามเสน,2,07:00-09:00,0,1,0
ซังฮี้,สามเสน,2,09:00-16:00,0,1,0
ซังฮี้,สามเสน,2,16:00-19:00,0,1,0
ซังฮี้,สามเสน,4,07:00-09:00,1,0,0
ซังฮี้,สามเสน,4,09:00-16:00,1,0,0
ซังฮี้,สามเสน,4,16:00-19:00,1,0,0
ณระนอง,ณระนอง,2,07:00-09:00,1,0,1
ณระนอง,ณระนอง,2,09:00-16:00,1,0,0
ณระนอง,ณระนอง,2,09:00-17:00,0,0,1
ณระนอง,ณระนอง,2,16:00-19:00,1,0,0
ณระนอง,ณระนอง,2,17:00-19:00,0,0,1
ณระนอง,ณระนอง,3,07:00-09:00,1,0,0
ณระนอง,ณระนอง,3,09:00-16:00,1,0,0
ณระนอง,ณระนอง,3,16:00-19:00,1,0,0
ณระนอง,พระรามที่3,2,07:00-09:00,1,0,1
ณระนอง,พระรามที่3,2,09:00-16:00,1,0,0
ณระนอง,พระรามที่3,2,09:00-17:00,0,0,1
ณระนอง,พระรามที่3,2,16:00-19:00,1,0,0
ณระนอง,พระรามที่3,2,17:00-19:00,0,0,1
ณระนอง,พระรามที่3,3,07:00-09:00,1,0,0
ณระนอง,พระรามที่3,3,09:00-16:00,1,0,0
ณระนอง,พระรามที่3,3,16:00-19:00,1,0,0
ณระนอง,รัชดาภิเษก,2,07:00-09:00,1,0,1
ณระนอง,รัชดาภิเษก,2,09:00-16:00,1,0,0
ณระนอง,รัชดาภิเษก,2,09:00-17:00,0,0,1
ณระนอง,รัชดาภิเษก,2,16:00-19:00,1,0,0
ณระนอง,รัชดาภิเษก,2,17:00-19:00,0,0,1
ณระนอง,รัชดาภิเษก,3,07:00-09:00,1,0,0
ณระนอง,รัชดาภิเษก,3,09:00-16:00,1,0,0
ณระนอง,รัชดาภิเษก,3,16:00-19:00,1,0,0
ณระนอง,สุนทรโกษา,2,07:00-09:00,1,0,1
ณระนอง,สุนทรโกษา,2,09:00-16:00,1,0,0
ณระนอง,สุนทรโกษา,2,09:00-17:00,0,0,1
ณระนอง,สุนทรโกษา,2,16:00-19:00,1,0,0
ณระนอง,สุนทรโกษา,2,17:00-19:00,0,0,1
ณระนอง,สุนทรโกษา,3,07:00-09:00,1,0,0
ณระนอง,สุนทรโกษา,3,09:00-16:00,1,0,0
ณระนอง,สุนทรโกษา,3,16:00-19:00,1,0,0
ดาวคะนอง,จอมทอง,1,07:00-09:00,1,1,1
ดาวคะนอง,จอมทอง,1,09:00-16:00,1,1,0
ดาวคะนอง,จอมทอง,1,09:00-17:00,0,0,1
ดาวคะนอง,จอมทอง,1,16:00-19:00,1,1,0
ดาวคะนอง,จอมทอง,1,17:00-19:00,0,0,1
ดาวคะนอง,จอมทอง,2,07:00-09:00,1,0,0
ดาวคะนอง,จอมทอง,2,09:00-16:00,1,0,0
ดาวคะนอง,จอมทอง,2,16:00-19:00,1,0,0
ดาวคะนอง,จอมทอง,4,07:00-09:00,1,0,2
ดาวคะนอง,จอมทอง,4,09:00-16:00,1,0,1
ดาวคะนอง,จอมทอง,4,09:00-17:00,0,0,1
ดาวคะนอง,จอมทอง,4,16:00-19:00,1,0,1
ดาวคะนอง,จอมทอง,4,17:00-19:00,0,0,1
ดาวคะนอง,สมเด็จพระเจ้าตากสิน,1,07:00-09:00,1,1,1
ดาวคะนอง,สมเด็จพระเจ้าตากสิน,1,09:00-16:00,1,1,0
ดาวคะนอง,สมเด็จพระเจ้าตากสิน,1,09:00-17:00,0,0,1
ดาวคะนอง,สมเด็จพระเจ้าตากสิน,1,16:00-19:00,1,1,0
ดาวคะนอง,สมเด็จพระเจ้าตากสิน,1,17:00-19:00,0,0,1
ดาวคะนอง,สมเด็จพระเจ้าตากสิน,2,07:00-09:00,1,0,0
ดาวคะนอง,สมเด็จพระเจ้าตากสิน,2,09:00-16:00,1,0,0
ดาวคะนอง,สมเด็จพระเจ้าตากสิน,2,16:00-19:00,1,0,0
ดาวคะนอง,สมเด็จพระเจ้าตากสิน,4,07:00-09:00,1,0,2
ดาวคะนอง,สมเด็จพระเจ้าตากสิน,4,09:00-16:00,1,0,1
ดาวคะนอง,สมเด็จพระเจ้าตากสิน,4,09:00-17:00,0,0,1
ดาวคะนอง,สมเด็จพระเจ้าตากสิน,4,16:00-19:00,1,0,1
ดาวคะนอง,สมเด็จพระเจ้าตากสิน,4,17:00-19:00,0,0,1
ดินแดง,ดินแดง,1,07:00-09:00,0,0,1
ดินแดง,ดินแดง,1,09:00-16:00,0,0,1
ดินแดง,ดินแดง,1,16:00-19:00,0,0,1
ดินแดง,วิภาวดีรังสิต,1,07:00-09:00,0,0,1
ดินแดง,วิภาวดีรังสิต,1,09:00-16:00,0,0,1
ดินแดง,วิภาวดีรังสิต,1,16:00-19:00,0,0,1
ดินแดง,อโศกดินแดง,1,07:00-09:00,0,0,1
ดินแดง,อโศกดินแดง,1,09:00-16:00,0,0,1
ดินแดง,อโศกดินแดง,1,16:00-19:00,0,0,1
ด่วนกำแพงเพชร,กำแพงเพชร,3,07:00-09:00,0,0,1
ด่วนกำแพงเพชร,กำแพงเพชร,3,09:00-17:00,0,0,1
ด่วนกำแพงเพชร,กำแพงเพชร,3,17:00-19:00,0,0,1
ด่วนกำแพงเพชร,เจษฎา,3,07:00-09:00,0,0,1
ด่วนกำแพงเพชร,เจษฎา,3,09:00-17:00,0,0,1
ด่วนกำแพงเพชร,เจษฎา,3,17:00-19:00,0,0,1
ด่วนนางลิ้นจี่,นางลิ้นจี่,1,07:00-09:00,0,1,0
ด่วนนางลิ้นจี่,นางลิ้นจี่,1,09:00-16:00,0,1,0
ด่วนนางลิ้นจี่,นางลิ้นจี่,1,16:00-19:00,0,1,0
ด่วนนางลิ้นจี่,นางลิ้นจี่,2,07:00-09:00,0,0,2
ด่วนนางลิ้นจี่,นางลิ้นจี่,2,09:00-17:00,0,0,2
ด่วนนางลิ้นจี่,นางลิ้นจี่,2,17:00-19:00,0,0,2
ด่วนนางลิ้นจี่,นางลิ้นจี่,4,07:00-09:00,1,0,0
ด่วนนางลิ้นจี่,นางลิ้นจี่,4,09:00-16:00,1,0,0
ด่วนนางลิ้นจี่,นางลิ้นจี่,4,16:00-19:00,1,0,0
ด่วนนางลิ้นจี่,รัชดาภิเษก,1,07:00-09:00,0,1,0
ด่วนนางลิ้นจี่,รัชดาภิเษก,1,09:00-16:00,0,1,0
ด่วนนางลิ้นจี่,รัชดาภิเษก,1,16:00-19:00,0,1,0
ด่วนนางลิ้นจี่,รัชดาภิเษก,2,07:00-09:00,0,0,2
ด่วนนางลิ้นจี่,รัชดาภิเษก,2,09:00-17:00,0,0,2
ด่วนนางลิ้นจี่,รัชดาภิเษก,2,17:00-19:00,0,0,2
ด่วนนางลิ้นจี่,รัชดาภิเษก,4,07:00-09:00,1,0,0
ด่วนนางลิ้นจี่,รัชดาภิเษก,4,09:00-16:00,1,0,0
ด่วนนางลิ้นจี่,รัชดาภิเษก,4,16:00-19:00,1,0,0
ด่วนประชาชื่น,ประชาชื่น,4,07:00-09:00,0,1,1
ด่วนประชาชื่น,ประชาชื่น,4,09:00-16:00,0,1,0
ด่วนประชาชื่น,ประชาชื่น,4,09:00-17:00,0,0,1
ด่วนประชาชื่น,ประชาชื่น,4,16:00-19:00,0,1,0
ด่วนประชาชื่น,ประชาชื่น,4,17:00-19:00,0,0,1
ด่วนประชาชื่น,สายสิน,4,07:00-09:00,0,1,1
ด่วนประชาชื่น,สายสิน,4,09:00-16:00,0,1,0
ด่วนประชาชื่น,สายสิน,4,09:00-17:00,0,0,1
ด่วนประชาชื่น,สายสิน,4,16:00-19:00,0,1,0
ด่วนประชาชื่น,สายสิน,4,17:00-19:00,0,0,1
ด่วนสาธุ,รัชดาภิเษก,1,07:00-09:00,1,0,0
ด่วนสาธุ,รัชดาภิเษก,1,09:00-16:00,1,0,0
ด่วนสาธุ,รัชดาภิเษก,1,16:00-19:00,1,0,0
ด่วนสาธุ,รัชดาภิเษก,4,07:00-09:00,0,1,1
ด่วนสาธุ,รัชดาภิเษก,4,09:00-16:00,0,1,0
ด่วนสาธุ,รัชดาภิเษก,4,09:00-17:00,0,0,1
ด่วนสาธุ,รัชดาภิเษก,4,16:00-19:00,0,1,0
ด่วนสาธุ,รัชดาภิเษก,4,17:00-19:00,0,0,1
ด่วนสาธุ,สาธุประดิษฐ์,1,07:00-09:00,1,0,0
ด่วนสาธุ,สาธุประดิษฐ์,1,09:00-16:00,1,0,0
ด่วนสาธุ,สาธุประดิษฐ์,1,16:00-19:00,1,0,0
ด่วนสาธุ,สาธุประดิษฐ์,4,07:00-09:00,0,1,1
ด่วนสาธุ,สาธุประดิษฐ์,4,09:00-16:00,0,1,0
ด่วนสาธุ,สาธุประดิษฐ์,4,09:00-17:00,0,0,1
ด่วนสาธุ,สาธุประดิษฐ์,4,16:00-19:00,0,1,0
ด่วนสาธุ,สาธุประดิษฐ์,4,17:00-19:00,0,0,1
ด่วนสีลม,ขึ้น-ลงทางด่วนศรีรัช,3,07:00-09:00,1,0,0
ด่วนสีลม,ขึ้น-ลงทางด่วนศรีรัช,3,09:00-16:00,1,0,0
ด่วนสีลม,ขึ้น-ลงทางด่วนศรีรัช,3,16:00-19:00,1,0,0
ด่วนสีลม,ทางลงทางด่วน,2,06:30-09:00,0,1,0
ด่วนสีลม,ทางลงทางด่วน,2,09:00-16:00,0,1,0
ด่วนสีลม,ทางลงทางด่วน,2,16:00-19:30,0,1,0
ด่วนสีลม,สีลม,1,07:00-09:00,0,0,1
ด่วนสีลม,สีลม,1,09:00-17:00,0,0,1
ด่วนสีลม,สีลม,1,17:00-19:00,0,0,1
ด่วนสีลม,สีลม,2,06:30-09:00,0,1,0
ด่วนสีลม,สีลม,2,09:00-16:00,0,1,0
ด่วนสีลม,สีลม,2,16:00-19:30,0,1,0
ด่วนสีลม,สีลม,3,07:00-09:00,1,0,0
ด่วนสีลม,สีลม,3,09:00-16:00,1,0,0
ด่วนสีลม,สีลม,3,16:00-19:00,1,0,0
ด่วนสีลม,เลียบใต้ทางด่วน,1,07:00-09:00,0,0,1
ด่วนสีลม,เลียบใต้ทางด่วน,1,09:00-17:00,0,0,1
ด่วนสีลม,เลียบใต้ทางด่วน,1,17:00-19:00,0,0,1
ด่วนสีลม,เลียบใต้ทางด่วน,2,06:30-09:00,0,1,0
ด่วนสีลม,เลียบใต้ทางด่วน,2,09:00-16:00,0,1,0
ด่วนสีลม,เลียบใต้ทางด่วน,2,16:00-19:30,0,1,0
ด่วนสีลม,เลียบใต้ทางด่วน,3,07:00-09:00,1,0,0
ด่วนสีลม,เลียบใต้ทางด่วน,3,09:00-16:00,1,0,0
ด่วนสีลม,เลียบใต้ทางด่วน,3,16:00-19:00,1,0,0
ด่วนสุขุมวิท62,ซอยสุขุมวิท62,1,07:00-09:00,0,1,0
ด่วนสุขุมวิท62,ซอยสุขุมวิท62,1,09:00-16:00,0,1,0
ด่วนสุขุมวิท62,ซอยสุขุมวิท62,1,16:00-19:00,0,1,0
ด่วนสุขุมวิท62,ซอยสุขุมวิท62,3,07:00-09:00,1,0,0
ด่วนสุขุมวิท62,ซอยสุขุมวิท62,3,09:00-16:00,1,0,0
ด่วนสุขุมวิท62,ซอยสุขุมวิท62,3,16:00-19:00,1,0,0
ด่วนสุขุมวิท62,สุขุมวิท,1,07:00-09:00,0,1,0
ด่วนสุขุมวิท62,สุขุมวิท,1,09:00-16:00,0,1,0
ด่วนสุขุมวิท62,สุขุมวิท,1,16:00-19:00,0,1,0
ด่วนสุขุมวิท62,สุขุมวิท,2,07:00-09:00,0,0,1
ด่วนสุขุมวิท62,สุขุมวิท,2,09:00-17:00,0,0,2
ด่วนสุขุมวิท62,สุขุมวิท,2,17:00-19:00,0,0,2
ด่วนสุขุมวิท62,สุขุมวิท,3,07:00-09:00,1,0,0
ด่วนสุขุมวิท62,สุขุมวิท,3,09:00-16:00,1,0,0
ด่วนสุขุมวิท62,สุขุมวิท,3,16:00-19:00,1,0,0
ด่วนสุขุมวิท62,สุขุมวิท62,2,07:00-09:00,0,0,2
ด่วนสุขุมวิท62,สุขุมวิท62,2,09:00-17:00,0,0,2
ด่วนสุขุมวิท62,สุขุมวิท62,2,17:00-19:00,0,0,2
ด่วนเกษมราษฎร์,ทางขึ้นลงทางด่วน,1,07:00-09:00,0,0,2
ด่วนเกษมราษฎร์,ทางขึ้นลงทางด่วน,1,09:00-17:00,0,0,2
ด่วนเกษมราษฎร์,ทางขึ้นลงทางด่วน,1,17:00-19:00,0,0,2
ด่วนเกษมราษฎร์,ทางขึ้นลงทางด่วน,2,07:00-09:00,0,1,0
ด่วนเกษมราษฎร์,ทางขึ้นลงทางด่วน,2,09:00-16:00,0,1,0
ด่วนเกษมราษฎร์,ทางขึ้นลงทางด่วน,2,16:00-19:00,0,1,0
ด่วนเกษมราษฎร์,ทางขึ้นลงทางด่วน,4,07:00-09:00,1,0,0
ด่วนเกษมราษฎร์,ทางขึ้นลงทางด่วน,4,09:00-16:00,1,0,0
ด่วนเกษมราษฎร์,ทางขึ้นลงทางด่วน,4,16:00-19:00,1,0,0
ด่วนเกษมราษฎร์,เกษมราษฎร์,1,07:00-09:00,0,0,2
ด่วนเกษมราษฎร์,เกษมราษฎร์,1,09:00-17:00,0,0,2
ด่วนเกษมราษฎร์,เกษมราษฎร์,1,17:00-19:00,0,0,2
ด่วนเกษมราษฎร์,เกษมราษฎร์,2,07:00-09:00,0,1,0
ด่วนเกษมราษฎร์,เกษมราษฎร์,2,09:00-16:00,0,1,0
ด่วนเกษมราษฎร์,เกษมราษฎร์,2,16:00-19:00,0,1,0
ด่วนเกษมราษฎร์,เกษมราษฎร์,4,07:00-09:00,1,0,0
ด่วนเกษมราษฎร์,เกษมราษฎร์,4,09:00-16:00,1,0,0
ด่วนเกษมราษฎร์,เกษมราษฎร์,4,16:00-19:00,1,0,0
ด่วนเพลินจิต,ดวงพิทักษ์,2,07:00-09:00,1,1,0
ด่วนเพลินจิต,ดวงพิทักษ์,2,09:00-16:00,1,1,0
ด่วนเพลินจิต,ดวงพิทักษ์,2,16:00-19:00,1,1,0
ด่วนเพลินจิต,ดวงพิทักษ์,3,07:00-09:00,0,0,1
ด่วนเพลินจิต,ดวงพิทักษ์,3,09:00-17:00,0,0,1
ด่วนเพลินจิต,ดวงพิทักษ์,3,17:00-19:00,0,0,1
ด่วนเพลินจิต,ถนนดวงพิทักษ์,2,07:00-09:00,0,0,1
ด่วนเพลินจิต,ถนนดวงพิทักษ์,2,09:00-17:00,0,0,1
ด่วนเพลินจิต,ถนนดวงพิทักษ์,2,17:00-19:00,0,0,1
ด่วนเพลินจิต,ถนนเพลินจิต,2,07:00-09:00,0,0,1
ด่วนเพลินจิต,ถนนเพลินจิต,2,09:00-17:00,0,0,1
ด่วนเพลินจิต,ถนนเพลินจิต,2,17:00-19:00,0,0,1
ด่วนเพลินจิต,ทางขึ้นลงทางด่วน,1,07:00-09:00,0,0,1
ด่วนเพลินจิต,ทางขึ้นลงทางด่วน,1,09:00-17:00,0,0,1
ด่วนเพลินจิต,ทางขึ้นลงทางด่วน,1,17:00-19:00,0,0,1
ด่วนเพลินจิต,ทางขึ้นลงทางด่วน,2,07:00-09:00,1,1,1
ด่วนเพลินจิต,ทางขึ้นลงทางด่วน,2,09:00-16:00,1,1,0
ด่วนเพลินจิต,ทางขึ้นลงทางด่วน,2,09:00-17:00,0,0,1
ด่วนเพลินจิต,ทางขึ้นลงทางด่วน,2,16:00-19:00,1,1,0
ด่วนเพลินจิต,ทางขึ้นลงทางด่วน,2,17:00-19:00,0,0,1
ด่วนเพลินจิต,ทางขึ้นลงทางด่วน,3,07:00-09:00,0,0,1
ด่วนเพลินจิต,ทางขึ้นลงทางด่วน,3,09:00-17:00,0,0,1
ด่วนเพลินจิต,ทางขึ้นลงทางด่วน,3,17:00-19:00,0,0,1
ด่วนเพลินจิต,สุขุมวิท,2,07:00-09:00,1,1,0
ด่วนเพลินจิต,สุขุมวิท,2,09:00-16:00,1,1,0
ด่วนเพลินจิต,สุขุมวิท,2,16:00-19:00,1,1,0
ด่วนเพลินจิต,สุขุมวิท,3,07:00-09:00,0,0,1
ด่วนเพลินจิต,สุขุมวิท,3,09:00-17:00,0,0,1
ด่วนเพลินจิต,สุขุมวิท,3,17:00-19:00,0,0,1
ด่วนเพลินจิต,เพลินจิต,1,07:00-09:00,0,0,1
ด่วนเพลินจิต,เพลินจิต,1,09:00-17:00,0,0,1
ด่วนเพลินจิต,เพลินจิต,1,17:00-19:00,0,0,1
ด่วนเพลินจิต,เพลินจิต,2,07:00-09:00,1,1,0
ด่วนเพลินจิต,เพลินจิต,2,09:00-16:00,1,1,0
ด่วนเพลินจิต,เพลินจิต,2,16:00-19:00,1,1,0
ด่วนเพลินจิต,เพลินจิต,3,07:00-09:00,0,0,1
ด่วนเพลินจิต,เพลินจิต,3,09:00-17:00,0,0,1
ด่วนเพลินจิต,เพลินจิต,3,17:00-19:00,0,0,1
ตรงข้ามพระตำหนักจิตรลดารโหฐาน,พระรามที่5,3,07:00-09:00,0,1,0
ตรงข้ามพระตำหนักจิตรลดารโหฐาน,พระรามที่5,3,09:00-16:00,0,1,0
ตรงข้ามพระตำหนักจิตรลดารโหฐาน,พระรามที่5,3,16:00-19:00,0,1,0
ตรงข้ามลานจอดรถ2ตลาดสะพานใหม่,พหลโยธิน,4,07:00-09:00,0,1,0
ตรงข้ามลานจอดรถ2ตลาดสะพานใหม่,พหลโยธิน,4,09:00-16:00,0,1,0
ตรงข้ามลานจอดรถ2ตลาดสะพานใหม่,พหลโยธิน,4,16:00-19:00,0,1,0
ตรงข้ามวัดชำนิหัตถการ,ซอยที่1,4,07:00-09:00,0,0,1
ตรงข้ามวัดชำนิหัตถการ,ซอยที่1,4,09:00-17:00,0,0,1
ตรงข้ามวัดชำนิหัตถการ,ซอยที่1,4,17:00-19:00,0,0,1
ตรงข้ามวัดชำนิหัตถการ,ซอยที่2,4,07:00-09:00,0,0,1
ตรงข้ามวัดชำนิหัตถการ,ซอยที่2,4,09:00-17:00,0,0,1
ตรงข้ามวัดชำนิหัตถการ,ซอยที่2,4,17:00-19:00,0,0,1
ตรงข้ามวัดชำนิหัตถการ,พระรามที่1,4,07:00-09:00,0,0,1
ตรงข้ามวัดชำนิหัตถการ,พระรามที่1,4,09:00-17:00,0,0,1
ตรงข้ามวัดชำนิหัตถการ,พระรามที่1,4,17:00-19:00,0,0,1
ตรอกจันทน์,จันทน์,1,07:00-09:00,1,0,1
ตรอกจันทน์,จันทน์,1,09:00-16:00,1,0,0
ตรอกจันทน์,จันทน์,1,09:00-17:00,0,0,1
ตรอกจันทน์,จันทน์,1,16:00-19:00,1,0,0
ตรอกจันทน์,จันทน์,1,17:00-19:00,0,0,1
ตรอกจันทน์,จันทน์,3,07:00-09:00,0,1,0
ตรอกจันทน์,จันทน์,3,09:00-16:00,0,1,0
ตรอกจันทน์,จันทน์,3,16:00-19:00,0,1,0
ตรอกจันทน์,ทางเข้าคอนโด,1,07:00-09:00,0,0,1
ตรอกจันทน์,ทางเข้าคอนโด,1,09:00-17:00,0,0,1
ตรอกจันทน์,ทางเข้าคอนโด,1,17:00-19:00,0,0,1
ตรอกจันทน์,ทางเข้าคอนโดฯ,1,07:00-09:00,1,0,0
ตรอกจันทน์,ทางเข้าคอนโดฯ,1,09:00-16:00,1,0,0
ตรอกจันทน์,ทางเข้าคอนโดฯ,1,16:00-19:00,1,0,0
ตรอกจันทน์,เจริญกรุง,1,07:00-09:00,1,0,1
ตรอกจันทน์,เจริญกรุง,1,09:00-16:00,1,0,0
ตรอกจันทน์,เจริญกรุง,1,09:00-17:00,0,0,1
ตรอกจันทน์,เจริญกรุง,1,16:00-19:00,1,0,0
ตรอกจันทน์,เจริญกรุง,1,17:00-19:00,0,0,1
ตรอกจันทน์,เจริญกรุง,3,07:00-09:00,0,1,0
ตรอกจันทน์,เจริญกรุง,3,09:00-16:00,0,1,0
ตรอกจันทน์,เจริญกรุง,3,16:00-19:00,0,1,0
ตรอกจันทร์,จันทน์,2,07:00-09:00,0,1,1
ตรอกจันทร์,จันทน์,2,09:00-16:00,0,1,0
ตรอกจันทร์,จันทน์,2,09:00-17:00,0,0,1
ตรอกจันทร์,จันทน์,2,16:00-19:00,0,1,0
ตรอกจันทร์,จันทน์,2,17:00-19:00,0,0,1
ตรอกจันทร์,จันทน์,3,07:00-09:00,0,2,0
ตรอกจันทร์,จันทน์,3,09:00-16:00,0,2,0
ตรอกจันทร์,จันทน์,3,16:00-19:00,0,2,0
ตรอกจันทร์,ทางเข้าคอนโดฯ,2,06:30-09:00,0,1,0
ตรอกจันทร์,ทางเข้าคอนโดฯ,2,07:00-09:00,0,0,1
ตรอกจันทร์,ทางเข้าคอนโดฯ,2,09:00-16:00,0,1,0
ตรอกจันทร์,ทางเข้าคอนโดฯ,2,09:00-17:00,0,0,1
ตรอกจันทร์,ทางเข้าคอนโดฯ,2,16:00-19:30,0,1,0
ตรอกจันทร์,ทางเข้าคอนโดฯ,2,17:00-19:00,0,0,1
ตรอกจันทร์,ทางเข้าคอนโดฯ,3,07:00-09:00,0,2,0
ตรอกจันทร์,ทางเข้าคอนโดฯ,3,09:00-16:00,0,2,0
ตรอกจันทร์,ทางเข้าคอนโดฯ,3,16:00-19:00,0,2,0
ตรอกจันทร์,เจริญกรุง,2,06:30-09:00,0,1,0
ตรอกจันทร์,เจริญกรุง,2,07:00-09:00,0,0,1
ตรอกจันทร์,เจริญกรุง,2,09:00-16:00,0,1,0
ตรอกจันทร์,เจริญกรุง,2,09:00-17:00,0,0,1
ตรอกจันทร์,เจริญกรุง,2,16:00-19:30,0,1,0
ตรอกจันทร์,เจริญกรุง,2,17:00-19:00,0,0,1
ตรอกจันทร์,เจริญกรุง,3,07:00-09:00,0,2,0
ตรอกจันทร์,เจริญกรุง,3,09:00-16:00,0,2,0
ตรอกจันทร์,เจริญกรุง,3,16:00-19:00,0,2,0
ตลาดคู้,คู้คลองสิบ,1,07:00-09:00,0,1,0
ตลาดคู้,คู้คลองสิบ,1,09:00-16:00,0,1,0
ตลาดคู้,คู้คลองสิบ,1,16:00-19:00,0,1,0
ตลาดคู้,มิตรไมตรี,1,07:00-09:00,0,1,0
ตลาดคู้,มิตรไมตรี,1,09:00-16:00,0,1,0
ตลาดคู้,มิตรไมตรี,1,16:00-19:00,0,1,0
ตลาดคู้,เลียบวารี,1,07:00-09:00,0,1,0
ตลาดคู้,เลียบวารี,1,09:00-16:00,0,1,0
ตลาดคู้,เลียบวารี,1,16:00-19:00,0,1,0
ตลาดพลู,รัชดาภิเษก,4,07:00-09:00,2,1,0
ตลาดพลู,รัชดาภิเษก,4,09:00-16:00,2,1,0
ตลาดพลู,รัชดาภิเษก,4,16:00-19:00,2,1,0
ตลาดพลู,เทอดไท,4,07:00-09:00,2,1,0
ตลาดพลู,เทอดไท,4,09:00-16:00,2,1,0
ตลาดพลู,เทอดไท,4,16:00-19:00,2,1,0
ตลาดวงศกร,ทางเข้าออกตลาดวงศกร,3,07:00-09:00,0,0,1
ตลาดวงศกร,ทางเข้าออกตลาดวงศกร,3,09:00-17:00,0,0,1
ตลาดวงศกร,ทางเข้าออกตลาดวงศกร,3,17:00-19:00,0,0,1
ตลาดวงศกร,ทางเข้าออกตลาดวงศกร,4,07:00-09:00,0,0,1
ตลาดวงศกร,ทางเข้าออกตลาดวงศกร,4,09:00-17:00,0,0,1
ตลาดวงศกร,ทางเข้าออกตลาดวงศกร,4,17:00-19:00,0,0,1
ตลาดวงศกร,สายไหม,3,07:00-09:00,0,0,1
ตลาดวงศกร,สายไหม,3,09:00-17:00,0,0,1
ตลาดวงศกร,สายไหม,3,17:00-19:00,0,0,1
ตลาดวงศกร,สายไหม,4,07:00-09:00,0,0,1
ตลาดวงศกร,สายไหม,4,09:00-17:00,0,0,1
ตลาดวงศกร,สายไหม,4,17:00-19:00,0,0,1
ตลาดวงศกร,เฉลิมพงษ์,3,07:00-09:00,0,0,1
ตลาดวงศกร,เฉลิมพงษ์,3,09:00-17:00,0,0,1
ตลาดวงศกร,เฉลิมพงษ์,3,17:00-19:00,0,0,1
ตลาดวงศกร,เฉลิมพงษ์,4,07:00-09:00,0,0,1
ตลาดวงศกร,เฉลิมพงษ์,4,09:00-17:00,0,0,1
ตลาดวงศกร,เฉลิมพงษ์,4,17:00-19:00,0,0,1
ตลาดอตก.,กำแพงเพชร2,1,07:00-09:00,1,0,0
ตลาดอตก.,กำแพงเพชร2,1,09:00-16:00,1,0,0
ตลาดอตก.,กำแพงเพชร2,1,16:00-19:00,1,0,0
ตลาดอตก.,กําแพงเพชร,1,07:00-09:00,1,0,0
ตลาดอตก.,กําแพงเพชร,1,09:00-16:00,1,0,0
ตลาดอตก.,กําแพงเพชร,1,16:00-19:00,1,0,0
ตลาดเกรียงไกร,เคหะร่มเกล้า(EB),1,07:00-09:00,0,0,1
ตลาดเกรียงไกร,เคหะร่มเกล้า(EB),1,09:00-17:00,0,0,1
ตลาดเกรียงไกร,เคหะร่มเกล้า(EB),1,17:00-19:00,0,0,1
ตลาดเกรียงไกร,เคหะร่มเกล้า(SB),1,07:00-09:00,0,0,1
ตลาดเกรียงไกร,เคหะร่มเกล้า(SB),1,09:00-17:00,0,0,1
ตลาดเกรียงไกร,เคหะร่มเกล้า(SB),1,17:00-19:00,0,0,1
ตลาดเกรียงไกร,เคหะร่มเกล้า31,1,07:00-09:00,0,0,1
ตลาดเกรียงไกร,เคหะร่มเกล้า31,1,09:00-17:00,0,0,1
ตลาดเกรียงไกร,เคหะร่มเกล้า31,1,17:00-19:00,0,0,1
ตลาดเกรียงไกร,เคหะร่มเกล้า33,1,07:00-09:00,0,0,1
ตลาดเกรียงไกร,เคหะร่มเกล้า33,1,09:00-17:00,0,0,1
ตลาดเกรียงไกร,เคหะร่มเกล้า33,1,17:00-19:00,0,0,1
ตากสิน,กรุงธนบุรี,2,07:00-09:00,1,0,1
ตากสิน,กรุงธนบุรี,2,09:00-16:00,1,0,0
ตากสิน,กรุงธนบุรี,2,09:00-17:00,0,0,1
ตากสิน,กรุงธนบุรี,2,16:00-19:00,1,0,0
ตากสิน,กรุงธนบุรี,2,17:00-19:00,0,0,1
ตากสิน,กรุงธนบุรี,3,07:00-09:00,1,0,0
ตากสิน,กรุงธนบุรี,3,09:00-16:00,1,0,0
ตากสิน,กรุงธนบุรี,3,16:00-19:00,1,0,0
ตากสิน,กรุงธนบุรี,4,07:00-09:00,0,1,0
ตากสิน,กรุงธนบุรี,4,09:00-16:00,0,1,0
ตากสิน,กรุงธนบุรี,4,16:00-19:00,0,1,0
ตากสิน,ราชพฤกษ์,2,07:00-09:00,1,0,1
ตากสิน,ราชพฤกษ์,2,09:00-16:00,1,0,0
ตากสิน,ราชพฤกษ์,2,09:00-17:00,0,0,1
ตากสิน,ราชพฤกษ์,2,16:00-19:00,1,0,0
ตากสิน,ราชพฤกษ์,2,17:00-19:00,0,0,1
ตากสิน,ราชพฤกษ์,3,07:00-09:00,1,0,0
ตากสิน,ราชพฤกษ์,3,09:00-16:00,1,0,0
ตากสิน,ราชพฤกษ์,3,16:00-19:00,1,0,0
ตากสิน,ราชพฤกษ์,4,07:00-09:00,0,1,0
ตากสิน,ราชพฤกษ์,4,09:00-16:00,0,1,0
ตากสิน,ราชพฤกษ์,4,16:00-19:00,0,1,0
ตากสิน,สมเด็จพระเจ้าตากสิน,2,07:00-09:00,1,0,1
ตากสิน,สมเด็จพระเจ้าตากสิน,2,09:00-16:00,1,0,0
ตากสิน,สมเด็จพระเจ้าตากสิน,2,09:00-17:00,0,0,1
ตากสิน,สมเด็จพระเจ้าตากสิน,2,16:00-19:00,1,0,0
ตากสิน,สมเด็จพระเจ้าตากสิน,2,17:00-19:00,0,0,1
ตากสิน,สมเด็จพระเจ้าตากสิน,3,07:00-09:00,1,0,0
ตากสิน,สมเด็จพระเจ้าตากสิน,3,09:00-16:00,1,0,0
ตากสิน,สมเด็จพระเจ้าตากสิน,3,16:00-19:00,1,0,0
ตากสิน,สมเด็จพระเจ้าตากสิน,4,07:00-09:00,0,1,0
ตากสิน,สมเด็จพระเจ้าตากสิน,4,09:00-16:00,0,1,0
ตากสิน,สมเด็จพระเจ้าตากสิน,4,16:00-19:00,0,1,0
ตากสิน37,สมเดจ็พระเจ้าตากสิน,4,07:00-09:00,0,1,0
ตากสิน37,สมเดจ็พระเจ้าตากสิน,4,09:00-16:00,0,1,0
ตากสิน37,สมเดจ็พระเจ้าตากสิน,4,16:00-19:00,0,1,0
ตากสิน37,สมเด็จพระเจ้าตากสิน,1,07:00-09:00,0,0,1
ตากสิน37,สมเด็จพระเจ้าตากสิน,1,09:00-16:00,0,0,1
ตากสิน37,สมเด็จพระเจ้าตากสิน,1,16:00-19:00,0,0,1
ตากสิน42,สมเด็จพระเจ้าตากสิน,1,07:00-09:00,0,0,1
ตากสิน42,สมเด็จพระเจ้าตากสิน,1,09:00-16:00,0,0,1
ตากสิน42,สมเด็จพระเจ้าตากสิน,1,16:00-19:00,0,0,1
ตีทอง-ราชบพิธ,ตีทอง,3,07:00-09:00,0,1,0
ตีทอง-ราชบพิธ,ตีทอง,3,09:00-16:00,0,1,0
ตีทอง-ราชบพิธ,ตีทอง,3,16:00-19:00,0,1,0
ตีทอง-ราชบพิธ,ราชบพิธ,3,07:00-09:00,0,1,0
ตีทอง-ราชบพิธ,ราชบพิธ,3,09:00-16:00,0,1,0
ตีทอง-ราชบพิธ,ราชบพิธ,3,16:00-19:00,0,1,0
ตีทอง-ลงท่า-หน้าวัง,ตีทอง,3,07:00-09:00,0,1,0
ตีทอง-ลงท่า-หน้าวัง,ตีทอง,3,09:00-16:00,0,1,0
ตีทอง-ลงท่า-หน้าวัง,ตีทอง,3,16:00-19:00,0,1,0
ตีทอง-ลงท่า-หน้าวัง,หน้าวัง,3,07:00-09:00,0,1,0
ตีทอง-ลงท่า-หน้าวัง,หน้าวัง,3,09:00-16:00,0,1,0
ตีทอง-ลงท่า-หน้าวัง,หน้าวัง,3,16:00-19:00,0,1,0
ตีทอง-สระสรง,ซอยสระสรง,3,07:00-09:00,0,1,0
ตีทอง-สระสรง,ซอยสระสรง,3,09:00-16:00,0,1,0
ตีทอง-สระสรง,ซอยสระสรง,3,16:00-19:00,0,1,0
ตีทอง-สระสรง,ตีทอง,3,07:00-09:00,0,1,0
ตีทอง-สระสรง,ตีทอง,3,09:00-16:00,0,1,0
ตีทอง-สระสรง,ตีทอง,3,16:00-19:00,0,1,0
ตึกชัย,ประดิพัทธ์,3,07:00-09:00,1,0,0
ตึกชัย,ประดิพัทธ์,3,09:00-16:00,1,0,0
ตึกชัย,ประดิพัทธ์,3,16:00-19:00,1,0,0
ตึกชัย,พระรามที่6,2,06:30-09:00,0,1,0
ตึกชัย,พระรามที่6,2,07:00-09:00,0,0,1
ตึกชัย,พระรามที่6,2,09:00-16:00,0,1,0
ตึกชัย,พระรามที่6,2,09:00-17:00,0,0,1
ตึกชัย,พระรามที่6,2,16:00-19:30,0,1,0
ตึกชัย,พระรามที่6,2,17:00-19:00,0,0,1
ตึกชัย,พระรามที่6,3,07:00-09:00,0,1,0
ตึกชัย,พระรามที่6,3,09:00-16:00,0,1,0
ตึกชัย,พระรามที่6,3,16:00-19:00,0,1,0
ตึกชัย,พระรามที่6,4,07:00-09:00,0,1,1
ตึกชัย,พระรามที่6,4,09:00-16:00,0,1,0
ตึกชัย,พระรามที่6,4,09:00-17:00,0,0,1
ตึกชัย,พระรามที่6,4,16:00-19:00,0,1,0
ตึกชัย,พระรามที่6,4,17:00-19:00,0,0,1
ตึกชัย,พหลโยธิน,3,07:00-09:00,1,0,0
ตึกชัย,พหลโยธิน,3,09:00-16:00,1,0,0
ตึกชัย,พหลโยธิน,3,16:00-19:00,1,0,0
ตึกชัย,ราชวิถี,2,07:00-09:00,0,1,1
ตึกชัย,ราชวิถี,2,09:00-16:00,0,1,0
ตึกชัย,ราชวิถี,2,09:00-17:00,0,0,1
ตึกชัย,ราชวิถี,2,16:00-19:00,0,1,0
ตึกชัย,ราชวิถี,2,17:00-19:00,0,0,1
ตึกชัย,ราชวิถี,3,07:00-09:00,0,1,0
ตึกชัย,ราชวิถี,3,09:00-16:00,0,1,0
ตึกชัย,ราชวิถี,3,16:00-19:00,0,1,0
ตึกชัย,ราชวิถี,4,07:00-09:00,0,1,1
ตึกชัย,ราชวิถี,4,09:00-16:00,0,1,0
ตึกชัย,ราชวิถี,4,09:00-17:00,0,0,1
ตึกชัย,ราชวิถี,4,16:00-19:00,0,1,0
ตึกชัย,ราชวิถี,4,17:00-19:00,0,0,1
ตึกชัย,สุทธิสาร,3,07:00-09:00,1,0,0
ตึกชัย,สุทธิสาร,3,09:00-16:00,1,0,0
ตึกชัย,สุทธิสาร,3,16:00-19:00,1,0,0
ต่างระดับหลวงแพ่งตะวันตก,ทางขึ้นมอเตอร์เวย์,2,07:00-09:00,0,0,1
ต่างระดับหลวงแพ่งตะวันตก,ทางขึ้นมอเตอร์เวย์,2,09:00-17:00,0,0,1
ต่างระดับหลวงแพ่งตะวันตก,ทางขึ้นมอเตอร์เวย์,2,17:00-19:00,0,0,1
ต่างระดับหลวงแพ่งตะวันตก,หลวงแพ่ง,2,07:00-09:00,0,0,1
ต่างระดับหลวงแพ่งตะวันตก,หลวงแพ่ง,2,09:00-17:00,0,0,1
ต่างระดับหลวงแพ่งตะวันตก,หลวงแพ่ง,2,17:00-19:00,0,0,1
ถนนดินสอระหว่างถนนมหรรณพ-เสาชิงช้า,ดินสอ,1,07:00-09:00,0,0,1
ถนนดินสอระหว่างถนนมหรรณพ-เสาชิงช้า,ดินสอ,1,09:00-17:00,0,0,1
ถนนดินสอระหว่างถนนมหรรณพ-เสาชิงช้า,ดินสอ,1,17:00-19:00,0,0,1
ถนนดินสอระหว่างอ.ประชาธิปไตย-ถนนมหรรณ,ดินสอ,1,07:00-09:00,0,0,1
ถนนดินสอระหว่างอ.ประชาธิปไตย-ถนนมหรรณ,ดินสอ,1,09:00-17:00,0,0,1
ถนนดินสอระหว่างอ.ประชาธิปไตย-ถนนมหรรณ,ดินสอ,1,17:00-19:00,0,0,1
ถนนตก,ถนนตก,3,07:00-09:00,0,1,0
ถนนตก,ถนนตก,3,09:00-16:00,0,1,0
ถนนตก,ถนนตก,3,16:00-19:00,0,1,0
ถนนตก,พระรามที่3,1,07:00-09:00,0,0,1
ถนนตก,พระรามที่3,1,09:00-17:00,0,0,1
ถนนตก,พระรามที่3,1,17:00-19:00,0,0,1
ถนนตก,พระรามที่3,2,07:00-09:00,1,1,0
ถนนตก,พระรามที่3,2,09:00-16:00,1,1,0
ถนนตก,พระรามที่3,2,16:00-19:00,1,1,0
ถนนตก,พระรามที่3,3,07:00-09:00,1,1,0
ถนนตก,พระรามที่3,3,09:00-16:00,1,1,0
ถนนตก,พระรามที่3,3,16:00-19:00,1,1,0
ถนนตก,พระรามที่3,4,07:00-09:00,0,0,1
ถนนตก,พระรามที่3,4,09:00-17:00,0,0,1
ถนนตก,พระรามที่3,4,17:00-19:00,0,0,1
ถนนตก,เจริญกรุง,1,07:00-09:00,0,0,1
ถนนตก,เจริญกรุง,1,09:00-17:00,0,0,1
ถนนตก,เจริญกรุง,1,17:00-19:00,0,0,1
ถนนตก,เจริญกรุง,2,07:00-09:00,1,1,0
ถนนตก,เจริญกรุง,2,09:00-16:00,1,1,0
ถนนตก,เจริญกรุง,2,16:00-19:00,1,1,0
ถนนตก,เจริญกรุง,3,07:00-09:00,1,1,0
ถนนตก,เจริญกรุง,3,09:00-16:00,1,1,0
ถนนตก,เจริญกรุง,3,16:00-19:00,1,1,0
ถนนตก,เจริญกรุง,4,07:00-09:00,0,0,1
ถนนตก,เจริญกรุง,4,09:00-17:00,0,0,1
ถนนตก,เจริญกรุง,4,17:00-19:00,0,0,1
ถนนตะนาวระหว่างมหรรณพ-สี่กั๊กเสาชิงช้า,ตะนาว,1,07:00-09:00,0,0,1
ถนนตะนาวระหว่างมหรรณพ-สี่กั๊กเสาชิงช้า,ตะนาว,1,09:00-17:00,0,0,1
ถนนตะนาวระหว่างมหรรณพ-สี่กั๊กเสาชิงช้า,ตะนาว,1,17:00-19:00,0,0,1
ถนนทวีวัฒนา-ซอยศาลาธรรมสพน์,ซอยศาลาธรรมสพน์,3,07:00-09:00,1,0,0
ถนนทวีวัฒนา-ซอยศาลาธรรมสพน์,ซอยศาลาธรรมสพน์,3,09:00-16:00,1,0,0
ถนนทวีวัฒนา-ซอยศาลาธรรมสพน์,ซอยศาลาธรรมสพน์,3,16:00-19:00,1,0,0
ถนนทวีวัฒนา-ซอยศาลาธรรมสพน์,ทวีวัฒนา,3,07:00-09:00,1,0,0
ถนนทวีวัฒนา-ซอยศาลาธรรมสพน์,ทวีวัฒนา,3,09:00-16:00,1,0,0
ถนนทวีวัฒนา-ซอยศาลาธรรมสพน์,ทวีวัฒนา,3,16:00-19:00,1,0,0
ถนนนเรศตัดถนนสุรวงศ์,นเรศ,2,07:00-09:00,1,0,0
ถนนนเรศตัดถนนสุรวงศ์,นเรศ,2,09:00-16:00,1,0,0
ถนนนเรศตัดถนนสุรวงศ์,นเรศ,2,16:00-19:00,1,0,0
ถนนนเรศตัดถนนสุรวงศ์,สุรวงศ์,2,07:00-09:00,1,0,0
ถนนนเรศตัดถนนสุรวงศ์,สุรวงศ์,2,09:00-16:00,1,0,0
ถนนนเรศตัดถนนสุรวงศ์,สุรวงศ์,2,16:00-19:00,1,0,0
ถนนพุทธสาย2-ซอยศาลาธรรมสพน์,ซอยศาลาธรรมสพน์,3,07:00-09:00,1,0,0
ถนนพุทธสาย2-ซอยศาลาธรรมสพน์,ซอยศาลาธรรมสพน์,3,09:00-16:00,1,0,0
ถนนพุทธสาย2-ซอยศาลาธรรมสพน์,ซอยศาลาธรรมสพน์,3,16:00-19:00,1,0,0
ถนนพุทธสาย2-ซอยศาลาธรรมสพน์,พุทธมณฑลสาย2,3,07:00-09:00,1,0,0
ถนนพุทธสาย2-ซอยศาลาธรรมสพน์,พุทธมณฑลสาย2,3,09:00-16:00,1,0,0
ถนนพุทธสาย2-ซอยศาลาธรรมสพน์,พุทธมณฑลสาย2,3,16:00-19:00,1,0,0
ถนนพุทธสาย3-ซอยศาลาธรรมสพน์,ซอยศาลาธรรมสพน์,3,07:00-09:00,1,0,0
ถนนพุทธสาย3-ซอยศาลาธรรมสพน์,ซอยศาลาธรรมสพน์,3,09:00-16:00,1,0,0
ถนนพุทธสาย3-ซอยศาลาธรรมสพน์,ซอยศาลาธรรมสพน์,3,16:00-19:00,1,0,0
ถนนพุทธสาย3-ซอยศาลาธรรมสพน์,พุทธมณฑลสาย3,3,07:00-09:00,1,0,0
ถนนพุทธสาย3-ซอยศาลาธรรมสพน์,พุทธมณฑลสาย3,3,09:00-16:00,1,0,0
ถนนพุทธสาย3-ซอยศาลาธรรมสพน์,พุทธมณฑลสาย3,3,16:00-19:00,1,0,0
ถนนมหรรณพระหว่างมหรรณพ-สี่กั๊กเสาชิงช้า,มหรรณพ,1,07:00-09:00,0,0,1
ถนนมหรรณพระหว่างมหรรณพ-สี่กั๊กเสาชิงช้า,มหรรณพ,1,09:00-17:00,0,0,1
ถนนมหรรณพระหว่างมหรรณพ-สี่กั๊กเสาชิงช้า,มหรรณพ,1,17:00-19:00,0,0,1
ถนนราชบพิธระหว่างถนนตีทอง-ถนนเฟื่องนคร,ราชบพิธ,1,07:00-09:00,0,0,1
ถนนราชบพิธระหว่างถนนตีทอง-ถนนเฟื่องนคร,ราชบพิธ,1,09:00-17:00,0,0,1
ถนนราชบพิธระหว่างถนนตีทอง-ถนนเฟื่องนคร,ราชบพิธ,1,17:00-19:00,0,0,1
ถนนสำราญราษฎร์ระหว่างถนนมหาไชย-ถนนศิริพงษ์,สำราญราษฎร์,1,07:00-09:00,0,0,1
ถนนสำราญราษฎร์ระหว่างถนนมหาไชย-ถนนศิริพงษ์,สำราญราษฎร์,1,09:00-17:00,0,0,1
ถนนสำราญราษฎร์ระหว่างถนนมหาไชย-ถนนศิริพงษ์,สำราญราษฎร์,1,17:00-19:00,0,0,1
ถนนเทพรักษ์-สุขาภิบาล5,เทพรักษ์,1,07:00-09:00,1,0,0
ถนนเทพรักษ์-สุขาภิบาล5,เทพรักษ์,1,09:00-16:00,1,0,0
ถนนเทพรักษ์-สุขาภิบาล5,เทพรักษ์,1,16:00-19:00,1,0,0
ถาวรธวัช,ถาวรธวัช,2,07:00-09:00,0,1,0
ถาวรธวัช,ถาวรธวัช,2,09:00-16:00,0,1,0
ถาวรธวัช,ถาวรธวัช,2,16:00-19:00,0,1,0
ถาวรธวัช,พัฒนาการ,2,07:00-09:00,0,1,0
ถาวรธวัช,พัฒนาการ,2,09:00-16:00,0,1,0
ถาวรธวัช,พัฒนาการ,2,16:00-19:00,0,1,0
ททัยมิตร-นิมิตใหม่,ซอยวัดสุขใจ,1,07:00-09:00,1,0,0
ททัยมิตร-นิมิตใหม่,ซอยวัดสุขใจ,1,09:00-16:00,1,0,0
ททัยมิตร-นิมิตใหม่,ซอยวัดสุขใจ,1,16:00-19:00,1,0,0
ททัยมิตร-นิมิตใหม่,นิมิตใหม่,1,07:00-09:00,1,0,0
ททัยมิตร-นิมิตใหม่,นิมิตใหม่,1,09:00-16:00,1,0,0
ททัยมิตร-นิมิตใหม่,นิมิตใหม่,1,16:00-19:00,1,0,0
ททัยมิตร-นิมิตใหม่,หทัยมิตร,1,07:00-09:00,1,0,0
ททัยมิตร-นิมิตใหม่,หทัยมิตร,1,09:00-16:00,1,0,0
ททัยมิตร-นิมิตใหม่,หทัยมิตร,1,16:00-19:00,1,0,0
ทวีวัฒนา-ทวีวัฒนา9,ทวีวัฒนา,2,07:00-09:00,0,0,1
ทวีวัฒนา-ทวีวัฒนา9,ทวีวัฒนา,2,09:00-16:00,0,0,1
ทวีวัฒนา-ทวีวัฒนา9,ทวีวัฒนา,2,16:00-19:00,0,0,1
ทวีวัฒนา-ทวีวัฒนา9,ทวีวัฒนา9,2,07:00-09:00,0,0,1
ทวีวัฒนา-ทวีวัฒนา9,ทวีวัฒนา9,2,09:00-16:00,0,0,1
ทวีวัฒนา-ทวีวัฒนา9,ทวีวัฒนา9,2,16:00-19:00,0,0,1
ทวีวัฒนา-อักษะ,ทวีวัฒนา,3,07:00-09:00,0,1,0
ทวีวัฒนา-อักษะ,ทวีวัฒนา,3,09:00-16:00,0,1,0
ทวีวัฒนา-อักษะ,ทวีวัฒนา,3,16:00-19:00,0,1,0
ทวีวัฒนา-อักษะ,อักษะ,3,07:00-09:00,0,1,0
ทวีวัฒนา-อักษะ,อักษะ,3,09:00-16:00,0,1,0
ทวีวัฒนา-อักษะ,อักษะ,3,16:00-19:00,0,1,0
ทหาร-ซอยอาคารสงเคราะห์กองทัพบก,ซอยอาคารสงเคราะห์กองทัพบก,4,07:00-09:00,0,1,0
ทหาร-ซอยอาคารสงเคราะห์กองทัพบก,ซอยอาคารสงเคราะห์กองทัพบก,4,09:00-16:00,0,1,0
ทหาร-ซอยอาคารสงเคราะห์กองทัพบก,ซอยอาคารสงเคราะห์กองทัพบก,4,16:00-19:00,0,1,0
ทหาร-ซอยอาคารสงเคราะห์กองทัพบก,ทหาร,4,07:00-09:00,0,1,0
ทหาร-ซอยอาคารสงเคราะห์กองทัพบก,ทหาร,4,09:00-16:00,0,1,0
ทหาร-ซอยอาคารสงเคราะห์กองทัพบก,ทหาร,4,16:00-19:00,0,1,0
ทองหล่อ,ซอยสุขุมวิท55,4,07:00-09:00,1,0,0
ทองหล่อ,ซอยสุขุมวิท55,4,09:00-16:00,1,0,0
ทองหล่อ,ซอยสุขุมวิท55,4,16:00-19:00,1,0,0
ทองหล่อ,ซอยสุขุมวิท55(ทองหล่อ),4,07:00-09:00,1,0,0
ทองหล่อ,ซอยสุขุมวิท55(ทองหล่อ),4,09:00-16:00,1,0,0
ทองหล่อ,ซอยสุขุมวิท55(ทองหล่อ),4,16:00-19:00,1,0,0
ทองหล่อ,สุขุมวิท,2,07:00-09:00,0,0,1
ทองหล่อ,สุขุมวิท,2,09:00-17:00,0,0,1
ทองหล่อ,สุขุมวิท,2,17:00-19:00,0,0,1
ทองหล่อ,สุขุมวิท,3,07:00-09:00,0,0,2
ทองหล่อ,สุขุมวิท,3,09:00-16:00,0,0,1
ทองหล่อ,สุขุมวิท,3,09:00-17:00,0,0,1
ทองหล่อ,สุขุมวิท,3,16:00-19:00,0,0,1
ทองหล่อ,สุขุมวิท,3,17:00-19:00,0,0,1
ทองหล่อ,สุขุมวิท,4,07:00-09:00,2,1,1
ทองหล่อ,สุขุมวิท,4,09:00-16:00,2,1,0
ทองหล่อ,สุขุมวิท,4,09:00-17:00,0,0,1
ทองหล่อ,สุขุมวิท,4,16:00-19:00,2,1,0
ทองหล่อ,สุขุมวิท,4,17:00-19:00,0,0,1
ทองหล่อ,สุขุมวิท55,2,07:00-09:00,0,0,1
ทองหล่อ,สุขุมวิท55,2,09:00-17:00,0,0,1
ทองหล่อ,สุขุมวิท55,2,17:00-19:00,0,0,1
ทองหล่อ,สุขุมวิท55,3,07:00-09:00,0,0,2
ทองหล่อ,สุขุมวิท55,3,09:00-16:00,0,0,1
ทองหล่อ,สุขุมวิท55,3,09:00-17:00,0,0,1
ทองหล่อ,สุขุมวิท55,3,16:00-19:00,0,0,1
ทองหล่อ,สุขุมวิท55,3,17:00-19:00,0,0,1
ทองหล่อ,สุขุมวิท55,4,07:00-09:00,0,0,1
ทองหล่อ,สุขุมวิท55,4,09:00-17:00,0,0,1
ทองหล่อ,สุขุมวิท55,4,17:00-19:00,0,0,1
ทองหล่อ,สุขุมวิท55(ทองหล่อ),4,07:00-09:00,0,1,0
ทองหล่อ,สุขุมวิท55(ทองหล่อ),4,09:00-16:00,0,1,0
ทองหล่อ,สุขุมวิท55(ทองหล่อ),4,16:00-19:00,0,1,0
ทองหล่อ10,ซอยทองหล่อ10,1,07:00-09:00,1,0,0
ทองหล่อ10,ซอยทองหล่อ10,1,09:00-16:00,1,0,0
ทองหล่อ10,ซอยทองหล่อ10,1,16:00-19:00,1,0,0
ทองหล่อ10,ซอยทองหล่อ11,1,07:00-09:00,1,0,0
ทองหล่อ10,ซอยทองหล่อ11,1,09:00-16:00,1,0,0
ทองหล่อ10,ซอยทองหล่อ11,1,16:00-19:00,1,0,0
ทองหล่อ10,ทองหล่อ,1,07:00-09:00,1,0,0
ทองหล่อ10,ทองหล่อ,1,09:00-16:00,1,0,0
ทองหล่อ10,ทองหล่อ,1,16:00-19:00,1,0,0
ทองหล่อ10,ทองหล่อ,4,07:00-09:00,0,0,1
ทองหล่อ10,ทองหล่อ,4,09:00-17:00,0,0,1
ทองหล่อ10,ทองหล่อ,4,17:00-19:00,0,0,1
ทองหล่อ10,ทองหล่อ10,4,07:00-09:00,0,0,1
ทองหล่อ10,ทองหล่อ10,4,09:00-17:00,0,0,1
ทองหล่อ10,ทองหล่อ10,4,17:00-19:00,0,0,1
ทองหล่อ10,ทองหล่อ11,4,07:00-09:00,0,0,1
ทองหล่อ10,ทองหล่อ11,4,09:00-17:00,0,0,1
ทองหล่อ10,ทองหล่อ11,4,17:00-19:00,0,0,1
ทางขึ้นทางด่วนจตุรโชติ,เลียบด่วนอาจณรงค์รามอินทรา,2,07:00-09:00,1,0,0
ทางขึ้นทางด่วนจตุรโชติ,เลียบด่วนอาจณรงค์รามอินทรา,2,09:00-16:00,1,0,0
ทางขึ้นทางด่วนจตุรโชติ,เลียบด่วนอาจณรงค์รามอินทรา,2,16:00-19:00,1,0,0
ทางขึ้นทางด่วนจตุรโชติ,เลียบทางด่วน,2,07:00-09:00,1,0,0
ทางขึ้นทางด่วนจตุรโชติ,เลียบทางด่วน,2,09:00-16:00,1,0,0
ทางขึ้นทางด่วนจตุรโชติ,เลียบทางด่วน,2,16:00-19:00,1,0,0
ทางข้ามข้างวัดสุทัศน์,ตีทอง,1,07:00-09:00,0,0,1
ทางข้ามข้างวัดสุทัศน์,ตีทอง,1,09:00-17:00,0,0,1
ทางข้ามข้างวัดสุทัศน์,ตีทอง,1,17:00-19:00,0,0,1
ทางข้ามดวงพิทักษ์,ดวงพิทักษ์,1,07:00-09:00,0,0,1
ทางข้ามดวงพิทักษ์,ดวงพิทักษ์,1,09:00-17:00,0,0,1
ทางข้ามดวงพิทักษ์,ดวงพิทักษ์,1,17:00-19:00,0,0,1
ทางข้ามดวงพิทักษ์,สุขุมวิท,1,07:00-09:00,0,0,1
ทางข้ามดวงพิทักษ์,สุขุมวิท,1,09:00-17:00,0,0,1
ทางข้ามดวงพิทักษ์,สุขุมวิท,1,17:00-19:00,0,0,1
ทางข้ามถ.พุทธมณฑลสาย1,พุทธมณฑลสาย1,1,07:00-09:00,1,0,0
ทางข้ามถ.พุทธมณฑลสาย1,พุทธมณฑลสาย1,1,09:00-16:00,1,0,0
ทางข้ามถ.พุทธมณฑลสาย1,พุทธมณฑลสาย1,1,16:00-19:00,1,0,0
ทางข้ามถนนหลานหลวง(ใกล้ถนนเพนียง),หลานหลวง,3,07:00-09:00,1,0,0
ทางข้ามถนนหลานหลวง(ใกล้ถนนเพนียง),หลานหลวง,3,09:00-16:00,1,0,0
ทางข้ามถนนหลานหลวง(ใกล้ถนนเพนียง),หลานหลวง,3,16:00-19:00,1,0,0
ทางข้ามถนนเลียบคลองผดุงกรุงเกษม,เลียบคลองผดุงกรุงเกษม,2,07:00-09:00,1,0,0
ทางข้ามถนนเลียบคลองผดุงกรุงเกษม,เลียบคลองผดุงกรุงเกษม,2,09:00-16:00,1,0,0
ทางข้ามถนนเลียบคลองผดุงกรุงเกษม,เลียบคลองผดุงกรุงเกษม,2,16:00-19:00,1,0,0
ทางข้ามถนนเลียบคลองผดุงกรุงเกษม,เลียบคลองผดุงกรุงเกษม,3,07:00-09:00,1,0,0
ทางข้ามถนนเลียบคลองผดุงกรุงเกษม,เลียบคลองผดุงกรุงเกษม,3,09:00-16:00,1,0,0
ทางข้ามถนนเลียบคลองผดุงกรุงเกษม,เลียบคลองผดุงกรุงเกษม,3,16:00-19:00,1,0,0
ทางข้ามทางข้ามหน้าโรงเรียนวัดราชบพิตร,สนามไชย,3,07:00-09:00,1,0,0
ทางข้ามทางข้ามหน้าโรงเรียนวัดราชบพิตร,สนามไชย,3,09:00-16:00,1,0,0
ทางข้ามทางข้ามหน้าโรงเรียนวัดราชบพิตร,สนามไชย,3,16:00-19:00,1,0,0
ทางข้ามทางเข้าวัดมะกอก,พุทธมณฑลสาย1,2,07:00-09:00,0,1,0
ทางข้ามทางเข้าวัดมะกอก,พุทธมณฑลสาย1,2,09:00-16:00,0,1,0
ทางข้ามทางเข้าวัดมะกอก,พุทธมณฑลสาย1,2,16:00-19:00,0,1,0
ทางข้ามทางเข้าโรงเรียนบ้านนายเหรียญ,ทางเข้าโรงเรียนบ้านนายเหรียญ,3,07:00-09:00,1,0,0
ทางข้ามทางเข้าโรงเรียนบ้านนายเหรียญ,ทางเข้าโรงเรียนบ้านนายเหรียญ,3,09:00-16:00,1,0,0
ทางข้ามทางเข้าโรงเรียนบ้านนายเหรียญ,ทางเข้าโรงเรียนบ้านนายเหรียญ,3,16:00-19:00,1,0,0
ทางข้ามทางเข้าโรงเรียนบ้านนายเหรียญ,บางบอน4ซอย14,3,07:00-09:00,1,0,0
ทางข้ามทางเข้าโรงเรียนบ้านนายเหรียญ,บางบอน4ซอย14,3,09:00-16:00,1,0,0
ทางข้ามทางเข้าโรงเรียนบ้านนายเหรียญ,บางบอน4ซอย14,3,16:00-19:00,1,0,0
ทางข้ามธ.กสิกรไทย,พหลโยธิน,3,07:00-09:00,0,0,1
ทางข้ามธ.กสิกรไทย,พหลโยธิน,3,09:00-16:00,0,0,1
ทางข้ามธ.กสิกรไทย,พหลโยธิน,3,16:00-19:00,0,0,1
ทางข้ามบริเวณซอยอุดมสุข37,อุดมสุข,2,07:00-09:00,1,0,0
ทางข้ามบริเวณซอยอุดมสุข37,อุดมสุข,2,09:00-16:00,1,0,0
ทางข้ามบริเวณซอยอุดมสุข37,อุดมสุข,2,16:00-19:00,1,0,0
ทางข้ามบริเวณสวนสาธารณะทางลงจากมอเตอร์เวย์,ศรีนครินทร์,4,07:00-09:00,0,0,1
ทางข้ามบริเวณสวนสาธารณะทางลงจากมอเตอร์เวย์,ศรีนครินทร์,4,09:00-17:00,0,0,1
ทางข้ามบริเวณสวนสาธารณะทางลงจากมอเตอร์เวย์,ศรีนครินทร์,4,17:00-19:00,0,0,1
ทางข้ามบริเวณหน้าตึกอรกานต์,ชิดลม,2,07:00-09:00,1,0,0
ทางข้ามบริเวณหน้าตึกอรกานต์,ชิดลม,2,09:00-16:00,1,0,0
ทางข้ามบริเวณหน้าตึกอรกานต์,ชิดลม,2,16:00-19:00,1,0,0
ทางข้ามบ้านสวนริมคลอง,ศรีนครินทร์-ร่มเกล้า,2,07:00-09:00,0,0,1
ทางข้ามบ้านสวนริมคลอง,ศรีนครินทร์-ร่มเกล้า,2,09:00-16:00,0,0,1
ทางข้ามบ้านสวนริมคลอง,ศรีนครินทร์-ร่มเกล้า,2,16:00-19:00,0,0,1
ทางข้ามประชาสงเคราะห์ตัดมิตรไมตรี,ประชาสงเคราะห์,3,07:00-09:00,0,0,1
ทางข้ามประชาสงเคราะห์ตัดมิตรไมตรี,ประชาสงเคราะห์,3,09:00-16:00,0,0,1
ทางข้ามประชาสงเคราะห์ตัดมิตรไมตรี,ประชาสงเคราะห์,3,16:00-19:00,0,0,1
ทางข้ามปากซอยประชาสงเคราะห์1,ประชาสงเคราะห์,3,07:00-09:00,0,0,1
ทางข้ามปากซอยประชาสงเคราะห์1,ประชาสงเคราะห์,3,09:00-16:00,0,0,1
ทางข้ามปากซอยประชาสงเคราะห์1,ประชาสงเคราะห์,3,16:00-19:00,0,0,1
ทางข้ามปากซอยประชาสงเคราะห์12,ประชาสงเคราะห์,3,07:00-09:00,0,0,1
ทางข้ามปากซอยประชาสงเคราะห์12,ประชาสงเคราะห์,3,09:00-16:00,0,0,1
ทางข้ามปากซอยประชาสงเคราะห์12,ประชาสงเคราะห์,3,16:00-19:00,0,0,1
ทางข้ามปากซอยประชาสงเคราะห์13,ประชาสงเคราะห์,3,07:00-09:00,0,0,1
ทางข้ามปากซอยประชาสงเคราะห์13,ประชาสงเคราะห์,3,09:00-16:00,0,0,1
ทางข้ามปากซอยประชาสงเคราะห์13,ประชาสงเคราะห์,3,16:00-19:00,0,0,1
ทางข้ามปากซอยประชาสงเคราะห์16,ประชาสงเคราะห์,3,07:00-09:00,0,0,1
ทางข้ามปากซอยประชาสงเคราะห์16,ประชาสงเคราะห์,3,09:00-16:00,0,0,1
ทางข้ามปากซอยประชาสงเคราะห์16,ประชาสงเคราะห์,3,16:00-19:00,0,0,1
ทางข้ามปากซอยประชาสงเคราะห์2,ประชาสงเคราะห์,3,07:00-09:00,0,0,1
ทางข้ามปากซอยประชาสงเคราะห์2,ประชาสงเคราะห์,3,09:00-16:00,0,0,1
ทางข้ามปากซอยประชาสงเคราะห์2,ประชาสงเคราะห์,3,16:00-19:00,0,0,1
ทางข้ามปากซอยประชาสงเคราะห์23,ประชาสงเคราะห์,3,07:00-09:00,0,0,1
ทางข้ามปากซอยประชาสงเคราะห์23,ประชาสงเคราะห์,3,09:00-16:00,0,0,1
ทางข้ามปากซอยประชาสงเคราะห์23,ประชาสงเคราะห์,3,16:00-19:00,0,0,1
ทางข้ามปากซอยประชาสงเคราะห์24,ประชาสงเคราะห์,3,07:00-09:00,0,0,1
ทางข้ามปากซอยประชาสงเคราะห์24,ประชาสงเคราะห์,3,09:00-16:00,0,0,1
ทางข้ามปากซอยประชาสงเคราะห์24,ประชาสงเคราะห์,3,16:00-19:00,0,0,1
ทางข้ามปากซอยประชาสงเคราะห์27,ประชาสงเคราะห์,3,07:00-09:00,0,0,1
ทางข้ามปากซอยประชาสงเคราะห์27,ประชาสงเคราะห์,3,09:00-16:00,0,0,1
ทางข้ามปากซอยประชาสงเคราะห์27,ประชาสงเคราะห์,3,16:00-19:00,0,0,1
ทางข้ามปากซอยประชาสงเคราะห์28,ประชาสงเคราะห์,3,07:00-09:00,0,0,1
ทางข้ามปากซอยประชาสงเคราะห์28,ประชาสงเคราะห์,3,09:00-16:00,0,0,1
ทางข้ามปากซอยประชาสงเคราะห์28,ประชาสงเคราะห์,3,16:00-19:00,0,0,1
ทางข้ามปากซอยประชาสงเคราะห์30,ประชาสงเคราะห์,3,07:00-09:00,0,0,1
ทางข้ามปากซอยประชาสงเคราะห์30,ประชาสงเคราะห์,3,09:00-16:00,0,0,1
ทางข้ามปากซอยประชาสงเคราะห์30,ประชาสงเคราะห์,3,16:00-19:00,0,0,1
ทางข้ามปากซอยประชาสงเคราะห์32,ประชาสงเคราะห์,3,07:00-09:00,0,0,1
ทางข้ามปากซอยประชาสงเคราะห์32,ประชาสงเคราะห์,3,09:00-16:00,0,0,1
ทางข้ามปากซอยประชาสงเคราะห์32,ประชาสงเคราะห์,3,16:00-19:00,0,0,1
ทางข้ามปากซอยประชาสงเคราะห์36,ประชาสงเคราะห์,4,07:00-09:00,0,0,1
ทางข้ามปากซอยประชาสงเคราะห์36,ประชาสงเคราะห์,4,09:00-16:00,0,0,1
ทางข้ามปากซอยประชาสงเคราะห์36,ประชาสงเคราะห์,4,16:00-19:00,0,0,1
ทางข้ามปากซอยประชาสงเคราะห์37,ประชาสงเคราะห์,3,07:00-09:00,0,0,1
ทางข้ามปากซอยประชาสงเคราะห์37,ประชาสงเคราะห์,3,09:00-16:00,0,0,1
ทางข้ามปากซอยประชาสงเคราะห์37,ประชาสงเคราะห์,3,16:00-19:00,0,0,1
ทางข้ามปากซอยประชาสงเคราะห์39,ประชาสงเคราะห์,4,07:00-09:00,0,0,1
ทางข้ามปากซอยประชาสงเคราะห์39,ประชาสงเคราะห์,4,09:00-16:00,0,0,1
ทางข้ามปากซอยประชาสงเคราะห์39,ประชาสงเคราะห์,4,16:00-19:00,0,0,1
ทางข้ามปากซอยประชาสงเคราะห์4,ประชาสงเคราะห์,3,07:00-09:00,0,0,1
ทางข้ามปากซอยประชาสงเคราะห์4,ประชาสงเคราะห์,3,09:00-16:00,0,0,1
ทางข้ามปากซอยประชาสงเคราะห์4,ประชาสงเคราะห์,3,16:00-19:00,0,0,1
ทางข้ามปากซอยประชาสงเคราะห์43,ประชาสงเคราะห์,4,07:00-09:00,0,0,1
ทางข้ามปากซอยประชาสงเคราะห์43,ประชาสงเคราะห์,4,09:00-16:00,0,0,1
ทางข้ามปากซอยประชาสงเคราะห์43,ประชาสงเคราะห์,4,16:00-19:00,0,0,1
ทางข้ามปากซอยประชาสงเคราะห์5,ประชาสงเคราะห์,3,07:00-09:00,0,0,1
ทางข้ามปากซอยประชาสงเคราะห์5,ประชาสงเคราะห์,3,09:00-16:00,0,0,1
ทางข้ามปากซอยประชาสงเคราะห์5,ประชาสงเคราะห์,3,16:00-19:00,0,0,1
ทางข้ามปากซอยพหลโยธิน54/1,พหลโยธิน,3,07:00-09:00,0,0,1
ทางข้ามปากซอยพหลโยธิน54/1,พหลโยธิน,3,09:00-16:00,0,0,1
ทางข้ามปากซอยพหลโยธิน54/1,พหลโยธิน,3,16:00-19:00,0,0,1
ทางข้ามปากซอยพุทธมณฑลสาย3ซอย3และซอย5,พุทธมณฑลสาย3,3,07:00-09:00,1,0,0
ทางข้ามปากซอยพุทธมณฑลสาย3ซอย3และซอย5,พุทธมณฑลสาย3,3,09:00-16:00,1,0,0
ทางข้ามปากซอยพุทธมณฑลสาย3ซอย3และซอย5,พุทธมณฑลสาย3,3,16:00-19:00,1,0,0
ทางข้ามปากซอยมิตรไมตรี3,ประชาสงเคราะห์,3,07:00-09:00,0,0,1
ทางข้ามปากซอยมิตรไมตรี3,ประชาสงเคราะห์,3,09:00-16:00,0,0,1
ทางข้ามปากซอยมิตรไมตรี3,ประชาสงเคราะห์,3,16:00-19:00,0,0,1
ทางข้ามปากซอยวัดเทพพล,พรานนก-พุทธมณฑลสาย4,2,07:00-09:00,1,0,0
ทางข้ามปากซอยวัดเทพพล,พรานนก-พุทธมณฑลสาย4,2,09:00-16:00,1,0,0
ทางข้ามปากซอยวัดเทพพล,พรานนก-พุทธมณฑลสาย4,2,16:00-19:00,1,0,0
ทางข้ามปากซอยสามเสน1,สามเสน,3,07:00-09:00,0,0,1
ทางข้ามปากซอยสามเสน1,สามเสน,3,09:00-16:00,0,0,1
ทางข้ามปากซอยสามเสน1,สามเสน,3,16:00-19:00,0,0,1
ทางข้ามปากซอยสามเสน1,สามเสน,4,07:00-09:00,1,0,0
ทางข้ามปากซอยสามเสน1,สามเสน,4,09:00-16:00,1,0,0
ทางข้ามปากซอยสามเสน1,สามเสน,4,16:00-19:00,1,0,0
ทางข้ามปากซอยสามเสน19,สามเสน,3,07:00-09:00,0,0,1
ทางข้ามปากซอยสามเสน19,สามเสน,3,09:00-16:00,0,0,1
ทางข้ามปากซอยสามเสน19,สามเสน,3,16:00-19:00,0,0,1
ทางข้ามปากซอยอุดมสุข47,สุขุมวิท103(อุดมสุข),3,07:00-09:00,1,0,0
ทางข้ามปากซอยอุดมสุข47,สุขุมวิท103(อุดมสุข),3,09:00-16:00,1,0,0
ทางข้ามปากซอยอุดมสุข47,สุขุมวิท103(อุดมสุข),3,16:00-19:00,1,0,0
ทางข้ามปากซอยอ่อนนุช11,อ่อนนุช,2,07:00-09:00,0,0,1
ทางข้ามปากซอยอ่อนนุช11,อ่อนนุช,2,09:00-17:00,0,0,1
ทางข้ามปากซอยอ่อนนุช11,อ่อนนุช,2,17:00-19:00,0,0,1
ทางข้ามปากซอยอ่อนนุช37/1,อ่อนนุช,2,07:00-09:00,0,0,1
ทางข้ามปากซอยอ่อนนุช37/1,อ่อนนุช,2,09:00-17:00,0,0,1
ทางข้ามปากซอยอ่อนนุช37/1,อ่อนนุช,2,17:00-19:00,0,0,1
ทางข้ามปากซอยอ่อนนุช49,อ่อนนุช,1,07:00-09:00,1,0,0
ทางข้ามปากซอยอ่อนนุช49,อ่อนนุช,1,09:00-16:00,1,0,0
ทางข้ามปากซอยอ่อนนุช49,อ่อนนุช,1,16:00-19:00,1,0,0
ทางข้ามปากซอยอ่อนนุช65,อ่อนนุช,2,07:00-09:00,1,0,0
ทางข้ามปากซอยอ่อนนุช65,อ่อนนุช,2,09:00-16:00,1,0,0
ทางข้ามปากซอยอ่อนนุช65,อ่อนนุช,2,16:00-19:00,1,0,0
ทางข้ามปากซอยอ่อนนุช74/3,อ่อนนุช,3,07:00-09:00,1,0,0
ทางข้ามปากซอยอ่อนนุช74/3,อ่อนนุช,3,09:00-16:00,1,0,0
ทางข้ามปากซอยอ่อนนุช74/3,อ่อนนุช,3,16:00-19:00,1,0,0
ทางข้ามปากซอยเอกชัย32,เอกชัย,4,07:00-09:00,1,0,0
ทางข้ามปากซอยเอกชัย32,เอกชัย,4,09:00-16:00,1,0,0
ทางข้ามปากซอยเอกชัย32,เอกชัย,4,16:00-19:00,1,0,0
ทางข้ามพหลโยธิน36,พหลโยธิน,3,07:00-09:00,0,0,1
ทางข้ามพหลโยธิน36,พหลโยธิน,3,09:00-16:00,0,0,1
ทางข้ามพหลโยธิน36,พหลโยธิน,3,16:00-19:00,0,0,1
ทางข้ามรร.ผ่องพลอยอนุสรณ์,ลาซาล55,3,07:00-09:00,0,0,1
ทางข้ามรร.ผ่องพลอยอนุสรณ์,ลาซาล55,3,09:00-17:00,0,0,1
ทางข้ามรร.ผ่องพลอยอนุสรณ์,ลาซาล55,3,17:00-19:00,0,0,1
ทางข้ามระหว่างซอยจรัญสนิทวงศ์44-46,จรัญสนิทวงศ์,3,07:00-09:00,0,0,1
ทางข้ามระหว่างซอยจรัญสนิทวงศ์44-46,จรัญสนิทวงศ์,3,09:00-17:00,0,0,1
ทางข้ามระหว่างซอยจรัญสนิทวงศ์44-46,จรัญสนิทวงศ์,3,17:00-19:00,0,0,1
ทางข้ามระหว่างซอยพุทธบูชา22-22/1,พุทธบูชา,3,07:00-09:00,0,0,1
ทางข้ามระหว่างซอยพุทธบูชา22-22/1,พุทธบูชา,3,09:00-17:00,0,0,1
ทางข้ามระหว่างซอยพุทธบูชา22-22/1,พุทธบูชา,3,17:00-19:00,0,0,1
ทางข้ามระหว่างซอยศาลาธรรมสพน์23และ21,ศาลาธรรมสพน์,1,07:00-09:00,1,0,0
ทางข้ามระหว่างซอยศาลาธรรมสพน์23และ21,ศาลาธรรมสพน์,1,09:00-16:00,1,0,0
ทางข้ามระหว่างซอยศาลาธรรมสพน์23และ21,ศาลาธรรมสพน์,1,16:00-19:00,1,0,0
ทางข้ามระหว่างวัดปทุมวนารามกับเซ็นทรัลเวิลด์,พระรามที่1,1,07:00-09:00,0,1,0
ทางข้ามระหว่างวัดปทุมวนารามกับเซ็นทรัลเวิลด์,พระรามที่1,1,09:00-16:00,0,1,0
ทางข้ามระหว่างวัดปทุมวนารามกับเซ็นทรัลเวิลด์,พระรามที่1,1,16:00-19:00,0,1,0
ทางข้ามสุขุมวิท21ซอย1,อโศก,3,07:00-09:00,1,0,0
ทางข้ามสุขุมวิท21ซอย1,อโศก,3,09:00-16:00,1,0,0
ทางข้ามสุขุมวิท21ซอย1,อโศก,3,16:00-19:00,1,0,0
ทางข้ามสุขุมวิท21ซอย3,อโศก,3,07:00-09:00,1,0,0
ทางข้ามสุขุมวิท21ซอย3,อโศก,3,09:00-16:00,1,0,0
ทางข้ามสุขุมวิท21ซอย3,อโศก,3,16:00-19:00,1,0,0
ทางข้ามหน้าSMทาวเวอร์,พหลโยธิน,3,07:00-09:00,0,0,1
ทางข้ามหน้าSMทาวเวอร์,พหลโยธิน,3,09:00-16:00,0,0,1
ทางข้ามหน้าSMทาวเวอร์,พหลโยธิน,3,16:00-19:00,0,0,1
ทางข้ามหน้ากรมส่งเสริมวัฒนธรรม,วัฒนธรรม,3,07:00-09:00,1,0,0
ทางข้ามหน้ากรมส่งเสริมวัฒนธรรม,วัฒนธรรม,3,09:00-16:00,1,0,0
ทางข้ามหน้ากรมส่งเสริมวัฒนธรรม,วัฒนธรรม,3,16:00-19:00,1,0,0
ทางข้ามหน้ากองปราบปราม,พหลโยธิน,3,07:00-09:00,0,0,1
ทางข้ามหน้ากองปราบปราม,พหลโยธิน,3,09:00-16:00,0,0,1
ทางข้ามหน้ากองปราบปราม,พหลโยธิน,3,16:00-19:00,0,0,1
ทางข้ามหน้าชุมชนน้องใหม่,อาจณรงค์,2,07:00-09:00,1,0,0
ทางข้ามหน้าชุมชนน้องใหม่,อาจณรงค์,2,09:00-16:00,1,0,0
ทางข้ามหน้าชุมชนน้องใหม่,อาจณรงค์,2,16:00-19:00,1,0,0
ทางข้ามหน้าตลาดบางเขน,พหลโยธิน,3,07:00-09:00,0,0,1
ทางข้ามหน้าตลาดบางเขน,พหลโยธิน,3,09:00-16:00,0,0,1
ทางข้ามหน้าตลาดบางเขน,พหลโยธิน,3,16:00-19:00,0,0,1
ทางข้ามหน้าตลาดพิบูลย์วิทย์6,เอกชัย,1,07:00-09:00,1,0,0
ทางข้ามหน้าตลาดพิบูลย์วิทย์6,เอกชัย,1,09:00-16:00,1,0,0
ทางข้ามหน้าตลาดพิบูลย์วิทย์6,เอกชัย,1,16:00-19:00,1,0,0
ทางข้ามหน้าตลาดสะพานใหม่,พหลโยธิน,3,07:00-09:00,0,0,1
ทางข้ามหน้าตลาดสะพานใหม่,พหลโยธิน,3,09:00-16:00,0,0,1
ทางข้ามหน้าตลาดสะพานใหม่,พหลโยธิน,3,16:00-19:00,0,0,1
ทางข้ามหน้าตลาดเทเวศร์,สามเสน,3,07:00-09:00,0,0,1
ทางข้ามหน้าตลาดเทเวศร์,สามเสน,3,09:00-16:00,0,0,1
ทางข้ามหน้าตลาดเทเวศร์,สามเสน,3,16:00-19:00,0,0,1
ทางข้ามหน้าตึกจีเอ็มเอ็มแกรมมี,อโศก,3,07:00-09:00,1,0,0
ทางข้ามหน้าตึกจีเอ็มเอ็มแกรมมี,อโศก,3,09:00-16:00,1,0,0
ทางข้ามหน้าตึกจีเอ็มเอ็มแกรมมี,อโศก,3,16:00-19:00,1,0,0
ทางข้ามหน้าทำเนียบรัฐบาล,พิษณุโลก,3,07:00-09:00,0,0,1
ทางข้ามหน้าทำเนียบรัฐบาล,พิษณุโลก,3,09:00-17:00,0,0,1
ทางข้ามหน้าทำเนียบรัฐบาล,พิษณุโลก,3,17:00-19:00,0,0,1
ทางข้ามหน้าท่าวาสุกรี,สามเสน,3,07:00-09:00,0,0,1
ทางข้ามหน้าท่าวาสุกรี,สามเสน,3,09:00-16:00,0,0,1
ทางข้ามหน้าท่าวาสุกรี,สามเสน,3,16:00-19:00,0,0,1
ทางข้ามหน้าธ.ออมสิน,พหลโยธิน,3,07:00-09:00,0,0,1
ทางข้ามหน้าธ.ออมสิน,พหลโยธิน,3,09:00-16:00,0,0,1
ทางข้ามหน้าธ.ออมสิน,พหลโยธิน,3,16:00-19:00,0,0,1
ทางข้ามหน้าธนาคารกรุงศรีฯสาขาจอมทอง,เอกชัย,2,07:00-09:00,1,0,0
ทางข้ามหน้าธนาคารกรุงศรีฯสาขาจอมทอง,เอกชัย,2,09:00-16:00,1,0,0
ทางข้ามหน้าธนาคารกรุงศรีฯสาขาจอมทอง,เอกชัย,2,16:00-19:00,1,0,0
ทางข้ามหน้าธนาคารกรุงเทพ,พหลโยธิน,3,07:00-09:00,0,0,1
ทางข้ามหน้าธนาคารกรุงเทพ,พหลโยธิน,3,09:00-16:00,0,0,1
ทางข้ามหน้าธนาคารกรุงเทพ,พหลโยธิน,3,16:00-19:00,0,0,1
ทางข้ามหน้าธนาคารเกียรตินาคิน,อโศก,4,07:00-09:00,1,0,0
ทางข้ามหน้าธนาคารเกียรตินาคิน,อโศก,4,09:00-16:00,1,0,0
ทางข้ามหน้าธนาคารเกียรตินาคิน,อโศก,4,16:00-19:00,1,0,0
ทางข้ามหน้าธนาคารแห่งประเทศไทย,สามเสน,3,07:00-09:00,0,0,1
ทางข้ามหน้าธนาคารแห่งประเทศไทย,สามเสน,3,09:00-16:00,0,0,1
ทางข้ามหน้าธนาคารแห่งประเทศไทย,สามเสน,3,16:00-19:00,0,0,1
ทางข้ามหน้าบิ๊กซี,พหลโยธิน,3,07:00-09:00,0,0,1
ทางข้ามหน้าบิ๊กซี,พหลโยธิน,3,09:00-16:00,0,0,1
ทางข้ามหน้าบิ๊กซี,พหลโยธิน,3,16:00-19:00,0,0,1
ทางข้ามหน้าปากซอยนามบัญญัติ,ประชาธิปไตย,2,07:00-09:00,1,0,0
ทางข้ามหน้าปากซอยนามบัญญัติ,ประชาธิปไตย,2,09:00-16:00,1,0,0
ทางข้ามหน้าปากซอยนามบัญญัติ,ประชาธิปไตย,2,16:00-19:00,1,0,0
ทางข้ามหน้าปากซอยเฉลิมพระเกียรติ43,เฉลิมพระเกียรติร.9,3,07:00-09:00,1,0,0
ทางข้ามหน้าปากซอยเฉลิมพระเกียรติ43,เฉลิมพระเกียรติร.9,3,09:00-16:00,1,0,0
ทางข้ามหน้าปากซอยเฉลิมพระเกียรติ43,เฉลิมพระเกียรติร.9,3,16:00-19:00,1,0,0
ทางข้ามหน้าม.เกษตร,พหลโยธิน,3,07:00-09:00,0,0,1
ทางข้ามหน้าม.เกษตร,พหลโยธิน,3,09:00-16:00,0,0,1
ทางข้ามหน้าม.เกษตร,พหลโยธิน,3,16:00-19:00,0,0,1
ทางข้ามหน้ารพ.วิภาราม,พัฒนาการ,3,07:00-09:00,0,0,1
ทางข้ามหน้ารพ.วิภาราม,พัฒนาการ,3,09:00-16:00,0,0,1
ทางข้ามหน้ารพ.วิภาราม,พัฒนาการ,3,16:00-19:00,0,0,1
ทางข้ามหน้าร้านจ.ทรัพย์ทวีคูณและบ.อุมศักดิ์ก๊กเอ๊งทรานสปอร์ต,พุทธมณฑลสาย3,3,07:00-09:00,0,0,1
ทางข้ามหน้าร้านจ.ทรัพย์ทวีคูณและบ.อุมศักดิ์ก๊กเอ๊งทรานสปอร์ต,พุทธมณฑลสาย3,3,09:00-17:00,0,0,1
ทางข้ามหน้าร้านจ.ทรัพย์ทวีคูณและบ.อุมศักดิ์ก๊กเอ๊งทรานสปอร์ต,พุทธมณฑลสาย3,3,17:00-19:00,0,0,1
ทางข้ามหน้าวัดตรีทศเทพ,ประชาธิปไตย,2,07:00-09:00,0,0,1
ทางข้ามหน้าวัดตรีทศเทพ,ประชาธิปไตย,2,09:00-16:00,0,0,1
ทางข้ามหน้าวัดตรีทศเทพ,ประชาธิปไตย,2,16:00-19:00,0,0,1
ทางข้ามหน้าวัดราษฎร์บำรุง,เพชรเกษม69,1,07:00-09:00,1,0,0
ทางข้ามหน้าวัดราษฎร์บำรุง,เพชรเกษม69,1,09:00-16:00,1,0,0
ทางข้ามหน้าวัดราษฎร์บำรุง,เพชรเกษม69,1,16:00-19:00,1,0,0
ทางข้ามหน้าวัดเศวตฉัตร,เจริญนคร,2,07:00-09:00,0,1,0
ทางข้ามหน้าวัดเศวตฉัตร,เจริญนคร,2,09:00-16:00,0,1,0
ทางข้ามหน้าวัดเศวตฉัตร,เจริญนคร,2,16:00-19:00,0,1,0
ทางข้ามหน้าศูนย์บริการสาธารณสุข4,ประชาสงเคราะห์,3,07:00-09:00,0,0,1
ทางข้ามหน้าศูนย์บริการสาธารณสุข4,ประชาสงเคราะห์,3,09:00-16:00,0,0,1
ทางข้ามหน้าศูนย์บริการสาธารณสุข4,ประชาสงเคราะห์,3,16:00-19:00,0,0,1
ทางข้ามหน้าสถานีโทรทัศน์กองทัพบกช่อง5,พหลโยธิน,2,07:00-09:00,1,0,0
ทางข้ามหน้าสถานีโทรทัศน์กองทัพบกช่อง5,พหลโยธิน,2,09:00-16:00,1,0,0
ทางข้ามหน้าสถานีโทรทัศน์กองทัพบกช่อง5,พหลโยธิน,2,16:00-19:00,1,0,0
ทางข้ามหน้าสถาบันโรคไตฯ,พญาไท,3,07:00-09:00,0,0,1
ทางข้ามหน้าสถาบันโรคไตฯ,พญาไท,3,09:00-16:00,0,0,1
ทางข้ามหน้าสถาบันโรคไตฯ,พญาไท,3,16:00-19:00,0,0,1
ทางข้ามหน้าสน.ทองหล่อ,ซอยสุขุมวิท55,1,07:00-09:00,1,0,0
ทางข้ามหน้าสน.ทองหล่อ,ซอยสุขุมวิท55,1,09:00-16:00,1,0,0
ทางข้ามหน้าสน.ทองหล่อ,ซอยสุขุมวิท55,1,16:00-19:00,1,0,0
ทางข้ามหน้าสมาคมแม่บ้านทหารอากาศ,พหลโยธิน,3,07:00-09:00,0,0,1
ทางข้ามหน้าสมาคมแม่บ้านทหารอากาศ,พหลโยธิน,3,09:00-16:00,0,0,1
ทางข้ามหน้าสมาคมแม่บ้านทหารอากาศ,พหลโยธิน,3,16:00-19:00,0,0,1
ทางข้ามหน้าสำนักงานตำรวจแห่งชาติ,พระรามที่1,4,07:00-09:00,1,0,0
ทางข้ามหน้าสำนักงานตำรวจแห่งชาติ,พระรามที่1,4,09:00-16:00,1,0,0
ทางข้ามหน้าสำนักงานตำรวจแห่งชาติ,พระรามที่1,4,16:00-19:00,1,0,0
ทางข้ามหน้าหมู่บ้านกรีนวิลล์,พุทธมณฑลสาย2,2,07:00-09:00,1,0,0
ทางข้ามหน้าหมู่บ้านกรีนวิลล์,พุทธมณฑลสาย2,2,09:00-16:00,1,0,0
ทางข้ามหน้าหมู่บ้านกรีนวิลล์,พุทธมณฑลสาย2,2,16:00-19:00,1,0,0
ทางข้ามหน้าหมู่บ้านธันยกานต์(ซอยวัชรพล25),วัชรพล,4,07:00-09:00,1,0,0
ทางข้ามหน้าหมู่บ้านธันยกานต์(ซอยวัชรพล25),วัชรพล,4,09:00-16:00,1,0,0
ทางข้ามหน้าหมู่บ้านธันยกานต์(ซอยวัชรพล25),วัชรพล,4,16:00-19:00,1,0,0
ทางข้ามหน้าหมู่บ้านมหาดไทย,พุทธมณฑลสาย1,1,07:00-09:00,1,0,0
ทางข้ามหน้าหมู่บ้านมหาดไทย,พุทธมณฑลสาย1,1,09:00-16:00,1,0,0
ทางข้ามหน้าหมู่บ้านมหาดไทย,พุทธมณฑลสาย1,1,16:00-19:00,1,0,0
ทางข้ามหน้าหมู่บ้านสินทรัพย์นคร,พุทธมณฑลสาย2,2,07:00-09:00,0,1,0
ทางข้ามหน้าหมู่บ้านสินทรัพย์นคร,พุทธมณฑลสาย2,2,09:00-16:00,0,1,0
ทางข้ามหน้าหมู่บ้านสินทรัพย์นคร,พุทธมณฑลสาย2,2,16:00-19:00,0,1,0
ทางข้ามหน้าอาคารสำนักงบประมาณ,พหลโยธิน,3,07:00-09:00,0,0,1
ทางข้ามหน้าอาคารสำนักงบประมาณ,พหลโยธิน,3,09:00-16:00,0,0,1
ทางข้ามหน้าอาคารสำนักงบประมาณ,พหลโยธิน,3,16:00-19:00,0,0,1
ทางข้ามหน้าเซนทรัลเฟสติวัลอีวิลล์,ประดิษฐ์มนูธรรม,2,07:00-09:00,1,0,0
ทางข้ามหน้าเซนทรัลเฟสติวัลอีวิลล์,ประดิษฐ์มนูธรรม,2,09:00-16:00,1,0,0
ทางข้ามหน้าเซนทรัลเฟสติวัลอีวิลล์,ประดิษฐ์มนูธรรม,2,16:00-19:00,1,0,0
ทางข้ามหน้าเมเจอร์อเวนิวและธนาคารไทยพาณิชย์,สุโขทัย,2,07:00-09:00,1,0,0
ทางข้ามหน้าเมเจอร์อเวนิวและธนาคารไทยพาณิชย์,สุโขทัย,2,09:00-16:00,1,0,0
ทางข้ามหน้าเมเจอร์อเวนิวและธนาคารไทยพาณิชย์,สุโขทัย,2,16:00-19:00,1,0,0
ทางข้ามหน้าโครงการวานิชเพลส,พหลโยธิน,3,07:00-09:00,0,0,1
ทางข้ามหน้าโครงการวานิชเพลส,พหลโยธิน,3,09:00-16:00,0,0,1
ทางข้ามหน้าโครงการวานิชเพลส,พหลโยธิน,3,16:00-19:00,0,0,1
ทางข้ามหน้าโรงพยาบาลจักษุ-รัตนิน,อโศก,4,07:00-09:00,1,0,0
ทางข้ามหน้าโรงพยาบาลจักษุ-รัตนิน,อโศก,4,09:00-16:00,1,0,0
ทางข้ามหน้าโรงพยาบาลจักษุ-รัตนิน,อโศก,4,16:00-19:00,1,0,0
ทางข้ามหน้าโรงพยาบาลเวชการุณเวชรัศม์,เลียบวารี,2,07:00-09:00,1,0,0
ทางข้ามหน้าโรงพยาบาลเวชการุณเวชรัศม์,เลียบวารี,2,09:00-16:00,1,0,0
ทางข้ามหน้าโรงพยาบาลเวชการุณเวชรัศม์,เลียบวารี,2,16:00-19:00,1,0,0
ทางข้ามหน้าโรงเรียนประชาบำรุง,เลียบคลองภาษีเจริญฝั่งเหนือ,2,07:00-09:00,1,0,0
ทางข้ามหน้าโรงเรียนประชาบำรุง,เลียบคลองภาษีเจริญฝั่งเหนือ,2,09:00-16:00,1,0,0
ทางข้ามหน้าโรงเรียนประชาบำรุง,เลียบคลองภาษีเจริญฝั่งเหนือ,2,16:00-19:00,1,0,0
ทางข้ามหน้าโรงเรียนพร้อมพรรณ,ประชาสงเคราะห์,3,07:00-09:00,0,0,1
ทางข้ามหน้าโรงเรียนพร้อมพรรณ,ประชาสงเคราะห์,3,09:00-16:00,0,0,1
ทางข้ามหน้าโรงเรียนพร้อมพรรณ,ประชาสงเคราะห์,3,16:00-19:00,0,0,1
ทางข้ามหน้าโรงเรียนพิชญ์นก,เลียบคลองภาษีเจริญฝั่งเหนือ,1,07:00-09:00,1,0,0
ทางข้ามหน้าโรงเรียนพิชญ์นก,เลียบคลองภาษีเจริญฝั่งเหนือ,1,09:00-16:00,1,0,0
ทางข้ามหน้าโรงเรียนพิชญ์นก,เลียบคลองภาษีเจริญฝั่งเหนือ,1,16:00-19:00,1,0,0
ทางข้ามหน้าโรงเรียนวังเด็ก,สุขุมวิท77,2,07:00-09:00,1,0,0
ทางข้ามหน้าโรงเรียนวังเด็ก,สุขุมวิท77,2,09:00-16:00,1,0,0
ทางข้ามหน้าโรงเรียนวังเด็ก,สุขุมวิท77,2,16:00-19:00,1,0,0
ทางข้ามหน้าโรงเรียนวัดมหรรณพาราม,ตะนาว,3,07:00-09:00,1,0,0
ทางข้ามหน้าโรงเรียนวัดมหรรณพาราม,ตะนาว,3,09:00-16:00,1,0,0
ทางข้ามหน้าโรงเรียนวัดมหรรณพาราม,ตะนาว,3,16:00-19:00,1,0,0
ทางข้ามหน้าโรงเรียนวิชูทิศ,ทางเข้าโรงเรียนวิชูทิศ,2,07:00-09:00,1,0,0
ทางข้ามหน้าโรงเรียนวิชูทิศ,ทางเข้าโรงเรียนวิชูทิศ,2,09:00-16:00,1,0,0
ทางข้ามหน้าโรงเรียนวิชูทิศ,ทางเข้าโรงเรียนวิชูทิศ,2,16:00-19:00,1,0,0
ทางข้ามหน้าโรงเรียนวิชูทิศ,ประชาสงเคราะห์,2,07:00-09:00,1,0,0
ทางข้ามหน้าโรงเรียนวิชูทิศ,ประชาสงเคราะห์,2,09:00-16:00,1,0,0
ทางข้ามหน้าโรงเรียนวิชูทิศ,ประชาสงเคราะห์,2,16:00-19:00,1,0,0
ทางข้ามหน้าโรงเรียนวิทยานนท์,ราษฎร์พัฒนา,1,07:00-09:00,1,0,0
ทางข้ามหน้าโรงเรียนวิทยานนท์,ราษฎร์พัฒนา,1,09:00-16:00,1,0,0
ทางข้ามหน้าโรงเรียนวิทยานนท์,ราษฎร์พัฒนา,1,16:00-19:00,1,0,0
ทางข้ามหน้าโรงเรียนสายปัญญา,กรุงเกษม,2,07:00-09:00,1,0,0
ทางข้ามหน้าโรงเรียนสายปัญญา,กรุงเกษม,2,09:00-16:00,1,0,0
ทางข้ามหน้าโรงเรียนสายปัญญา,กรุงเกษม,2,16:00-19:00,1,0,0
ทางข้ามหน้าโรงเรียนสายปัญญา,กรุงเกษม,3,07:00-09:00,1,0,0
ทางข้ามหน้าโรงเรียนสายปัญญา,กรุงเกษม,3,09:00-16:00,1,0,0
ทางข้ามหน้าโรงเรียนสายปัญญา,กรุงเกษม,3,16:00-19:00,1,0,0
ทางข้ามหน้าโรงเรียนโยธินบูรณะ,ประชาราษฎร์สาย1,3,07:00-09:00,1,0,0
ทางข้ามหน้าโรงเรียนโยธินบูรณะ,ประชาราษฎร์สาย2,3,09:00-16:00,1,0,0
ทางข้ามหน้าโรงเรียนโยธินบูรณะ,ประชาราษฎร์สาย3,3,16:00-19:00,1,0,0
ทางข้ามหน้าโรงแรมมิราเคิล,กำแพงเพชร6,3,06:30-09:00,1,0,0
ทางข้ามหน้าโรงแรมมิราเคิล,กำแพงเพชร6,3,09:00-16:00,1,0,0
ทางข้ามหน้าโรงแรมมิราเคิล,กำแพงเพชร6,3,16:00-19:30,1,0,0
ทางข้ามหน้าโรบินสันบางรัก,เจริญกรุง,3,07:00-09:00,1,0,0
ทางข้ามหน้าโรบินสันบางรัก,เจริญกรุง,3,09:00-16:00,1,0,0
ทางข้ามหน้าโรบินสันบางรัก,เจริญกรุง,3,16:00-19:00,1,0,0
ทางข้ามหน้าไปรษณีย์อ่อนนุช,อ่อนนุช,2,07:00-09:00,0,1,0
ทางข้ามหน้าไปรษณีย์อ่อนนุช,อ่อนนุช,2,09:00-16:00,0,1,0
ทางข้ามหน้าไปรษณีย์อ่อนนุช,อ่อนนุช,2,16:00-19:00,0,1,0
ทางข้ามเลียบวารี27-29,เลียบวารี,3,07:00-09:00,0,0,1
ทางข้ามเลียบวารี27-29,เลียบวารี,3,09:00-16:00,0,0,1
ทางข้ามเลียบวารี27-29,เลียบวารี,3,16:00-19:00,0,0,1
ทางข้ามแยกกำแพงเพชร,พหลโยธิน,3,07:00-09:00,0,0,1
ทางข้ามแยกกำแพงเพชร,พหลโยธิน,3,09:00-16:00,0,0,1
ทางข้ามแยกกำแพงเพชร,พหลโยธิน,3,16:00-19:00,0,0,1
ทางข้ามแยกจุฬา12,พญาไท,3,07:00-09:00,0,0,1
ทางข้ามแยกจุฬา12,พญาไท,3,09:00-16:00,0,0,1
ทางข้ามแยกจุฬา12,พญาไท,3,16:00-19:00,0,0,1
ทางข้ามแยกบางขุนพรหม(ก่อนแยก),สามเสน,3,07:00-09:00,0,0,1
ทางข้ามแยกบางขุนพรหม(ก่อนแยก),สามเสน,3,09:00-16:00,0,0,1
ทางข้ามแยกบางขุนพรหม(ก่อนแยก),สามเสน,3,16:00-19:00,0,0,1
ทางข้ามแยกบางขุนพรหม(หลังแยก),สามเสน,3,07:00-09:00,0,0,1
ทางข้ามแยกบางขุนพรหม(หลังแยก),สามเสน,3,09:00-16:00,0,0,1
ทางข้ามแยกบางขุนพรหม(หลังแยก),สามเสน,3,16:00-19:00,0,0,1
ทางข้ามแยกพญาไท,พญาไท,3,07:00-09:00,0,0,1
ทางข้ามแยกพญาไท,พญาไท,3,09:00-16:00,0,0,1
ทางข้ามแยกพญาไท,พญาไท,3,16:00-19:00,0,0,1
ทางข้ามแยกรัชโยธิน(ก่อนแยก),พหลโยธิน,3,07:00-09:00,0,0,1
ทางข้ามแยกรัชโยธิน(ก่อนแยก),พหลโยธิน,3,09:00-16:00,0,0,1
ทางข้ามแยกรัชโยธิน(ก่อนแยก),พหลโยธิน,3,16:00-19:00,0,0,1
ทางข้ามแยกรัชโยธิน(หลังแยก),พหลโยธิน,3,07:00-09:00,0,0,1
ทางข้ามแยกรัชโยธิน(หลังแยก),พหลโยธิน,3,09:00-16:00,0,0,1
ทางข้ามแยกรัชโยธิน(หลังแยก),พหลโยธิน,3,16:00-19:00,0,0,1
ทางข้ามแยกราชเทวี(ก่อนแยก),พญาไท,3,07:00-09:00,0,0,1
ทางข้ามแยกราชเทวี(ก่อนแยก),พญาไท,3,09:00-16:00,0,0,1
ทางข้ามแยกราชเทวี(ก่อนแยก),พญาไท,3,16:00-19:00,0,0,1
ทางข้ามแยกราชเทวี(หลังแยก),พญาไท,3,07:00-09:00,0,0,1
ทางข้ามแยกราชเทวี(หลังแยก),พญาไท,3,09:00-16:00,0,0,1
ทางข้ามแยกราชเทวี(หลังแยก),พญาไท,3,16:00-19:00,0,0,1
ทางข้ามแยกเกษตร(ก่อนแยก),พหลโยธิน,3,07:00-09:00,0,0,1
ทางข้ามแยกเกษตร(ก่อนแยก),พหลโยธิน,3,09:00-16:00,0,0,1
ทางข้ามแยกเกษตร(ก่อนแยก),พหลโยธิน,3,16:00-19:00,0,0,1
ทางข้ามแยกเทเวศร์,สามเสน,3,07:00-09:00,0,0,1
ทางข้ามแยกเทเวศร์,สามเสน,3,09:00-16:00,0,0,1
ทางข้ามแยกเทเวศร์,สามเสน,3,16:00-19:00,0,0,1
ทางข้ามแยกเสนานิคม,พหลโยธิน,3,07:00-09:00,0,0,1
ทางข้ามแยกเสนานิคม,พหลโยธิน,3,09:00-16:00,0,0,1
ทางข้ามแยกเสนานิคม,พหลโยธิน,3,16:00-19:00,0,0,1
ทางข้ามโรงเรียนบางบัว,พหลโยธิน,3,07:00-09:00,0,0,1
ทางข้ามโรงเรียนบางบัว,พหลโยธิน,3,09:00-17:00,0,0,1
ทางข้ามโรงเรียนบางบัว,พหลโยธิน,3,17:00-19:00,0,0,1
ทางข้ามโรงเรียนบางบัว,เลียบคลองบางเขน,3,07:00-09:00,0,0,1
ทางข้ามโรงเรียนบางบัว,เลียบคลองบางเขน,3,09:00-17:00,0,0,1
ทางข้ามโรงเรียนบางบัว,เลียบคลองบางเขน,3,17:00-19:00,0,0,1
ทางข้ามโรงเรียนวัดอ่างแก้ว,เทอดไท,1,07:00-09:00,1,0,0
ทางข้ามโรงเรียนวัดอ่างแก้ว,เทอดไท,1,09:00-16:00,1,0,0
ทางข้ามโรงเรียนวัดอ่างแก้ว,เทอดไท,1,16:00-19:00,1,0,0
ทางข้ามใกล้คลองวัดยาง,จรัญสนิทวงศ์,1,07:00-09:00,0,0,1
ทางข้ามใกล้คลองวัดยาง,จรัญสนิทวงศ์,1,09:00-17:00,0,0,1
ทางข้ามใกล้คลองวัดยาง,จรัญสนิทวงศ์,1,17:00-19:00,0,0,1
ทางข้ามใกล้แยกหลังสวน,สารสิน,4,07:00-09:00,0,0,1
ทางข้ามใกล้แยกหลังสวน,สารสิน,4,09:00-17:00,0,0,1
ทางข้ามใกล้แยกหลังสวน,สารสิน,4,17:00-19:00,0,0,1
ทางช้ามปากซอยตากสิน17-18,สมเด็จพระเจ้าตากสิน,1,07:00-09:00,1,0,0
ทางช้ามปากซอยตากสิน17-18,สมเด็จพระเจ้าตากสิน,1,09:00-16:00,1,0,0
ทางช้ามปากซอยตากสิน17-18,สมเด็จพระเจ้าตากสิน,1,16:00-19:00,1,0,0
ทางช้ามหน้ากรมชลประทาน,สามเสน,3,07:00-09:00,0,0,1
ทางช้ามหน้ากรมชลประทาน,สามเสน,3,09:00-16:00,0,0,1
ทางช้ามหน้ากรมชลประทาน,สามเสน,3,16:00-19:00,0,0,1
ทางยกระดับข้ามถนนร่มเกล้า,ร่มเกล้า,1,07:00-09:00,0,0,1
ทางยกระดับข้ามถนนร่มเกล้า,ร่มเกล้า,1,09:00-16:00,0,0,1
ทางยกระดับข้ามถนนร่มเกล้า,ร่มเกล้า,1,16:00-19:00,0,0,1
ทางยกระดับข้ามถนนร่มเกล้า,ศรีนครินทร์-ร่มเกล้า,1,07:00-09:00,0,0,1
ทางยกระดับข้ามถนนร่มเกล้า,ศรีนครินทร์-ร่มเกล้า,1,09:00-16:00,0,0,1
ทางยกระดับข้ามถนนร่มเกล้า,ศรีนครินทร์-ร่มเกล้า,1,16:00-19:00,0,0,1
ทางลงทางด่วนจตุรโชติ,ทางลงทางด่วน,2,07:00-09:00,1,0,0
ทางลงทางด่วนจตุรโชติ,ทางลงทางด่วน,2,09:00-16:00,1,0,0
ทางลงทางด่วนจตุรโชติ,ทางลงทางด่วน,2,16:00-19:00,1,0,0
ทางลงทางด่วนจตุรโชติ,เลียบด่วน,2,07:00-09:00,1,0,0
ทางลงทางด่วนจตุรโชติ,เลียบด่วน,2,09:00-16:00,1,0,0
ทางลงทางด่วนจตุรโชติ,เลียบด่วน,2,16:00-19:00,1,0,0
ทางลอดกลับรถถนนพัฒนาการ,พัฒนาการ,1,07:00-09:00,0,0,1
ทางลอดกลับรถถนนพัฒนาการ,พัฒนาการ,1,09:00-17:00,0,0,1
ทางลอดกลับรถถนนพัฒนาการ,พัฒนาการ,1,17:00-19:00,0,0,1
ทางออกบิ๊กซี,ทางออกบิ๊กซี,2,07:00-09:00,0,0,1
ทางออกบิ๊กซี,ทางออกบิ๊กซี,2,09:00-17:00,0,0,1
ทางออกบิ๊กซี,ทางออกบิ๊กซี,2,17:00-19:00,0,0,1
ทางเข้า-ออกรฐัสภา,ทางเข้าออกรัฐสภา,1,07:00-09:00,0,1,0
ทางเข้า-ออกรฐัสภา,ทางเข้าออกรัฐสภา,1,09:00-16:00,0,1,0
ทางเข้า-ออกรฐัสภา,ทางเข้าออกรัฐสภา,1,16:00-19:00,0,1,0
ทางเข้า-ออกรฐัสภา,สามเสน,1,07:00-09:00,0,1,0
ทางเข้า-ออกรฐัสภา,สามเสน,1,09:00-16:00,0,1,0
ทางเข้า-ออกรฐัสภา,สามเสน,1,16:00-19:00,0,1,0
ทางเข้า-ออกหมู่บ้านแกรนคาแนล,ทางเข้าออกหมู่บ้านแกรนคาแนล,1,07:00-09:00,0,0,1
ทางเข้า-ออกหมู่บ้านแกรนคาแนล,ทางเข้าออกหมู่บ้านแกรนคาแนล,1,09:00-17:00,0,0,1
ทางเข้า-ออกหมู่บ้านแกรนคาแนล,ทางเข้าออกหมู่บ้านแกรนคาแนล,1,17:00-19:00,0,0,1
ทางเข้า-ออกหมู่บ้านแกรนคาแนล,เชิดวุฒากาศ,1,07:00-09:00,0,0,1
ทางเข้า-ออกหมู่บ้านแกรนคาแนล,เชิดวุฒากาศ,1,09:00-17:00,0,0,1
ทางเข้า-ออกหมู่บ้านแกรนคาแนล,เชิดวุฒากาศ,1,17:00-19:00,0,0,1
ทางเข้า-ออกแจ้งวัฒนะ5,ซอยแจ้งวัฒนะ5,1,07:00-09:00,1,0,0
ทางเข้า-ออกแจ้งวัฒนะ5,ซอยแจ้งวัฒนะ5,1,09:00-16:00,1,0,0
ทางเข้า-ออกแจ้งวัฒนะ5,ซอยแจ้งวัฒนะ5,1,16:00-19:00,1,0,0
ทางเข้า-ออกแจ้งวัฒนะ5,แจ้งวัฒนะ,1,07:00-09:00,1,0,0
ทางเข้า-ออกแจ้งวัฒนะ5,แจ้งวัฒนะ,1,09:00-16:00,1,0,0
ทางเข้า-ออกแจ้งวัฒนะ5,แจ้งวัฒนะ,1,16:00-19:00,1,0,0
ทางเข้าถนนสุคนธสวัสดิ์,ประดิษฐ์มนูธรรม,4,07:00-09:00,0,0,1
ทางเข้าถนนสุคนธสวัสดิ์,ประดิษฐ์มนูธรรม,4,09:00-17:00,0,0,1
ทางเข้าถนนสุคนธสวัสดิ์,ประดิษฐ์มนูธรรม,4,17:00-19:00,0,0,1
ทางเข้าบิ๊กซีและรร.อโนมา,ทางเข้าบิ๊กซีและรร.อโนมา,2,07:00-09:00,0,0,1
ทางเข้าบิ๊กซีและรร.อโนมา,ทางเข้าบิ๊กซีและรร.อโนมา,2,09:00-17:00,0,0,1
ทางเข้าบิ๊กซีและรร.อโนมา,ทางเข้าบิ๊กซีและรร.อโนมา,2,17:00-19:00,0,0,1
ทางเข้าบิ๊กซีและรร.อโนมา,ราชดำริ,2,07:00-09:00,0,0,1
ทางเข้าบิ๊กซีและรร.อโนมา,ราชดำริ,2,09:00-17:00,0,0,1
ทางเข้าบิ๊กซีและรร.อโนมา,ราชดำริ,2,17:00-19:00,0,0,1
ทางเข้ารร.ปาณยาพัฒนาการ(พัฒนาการ40),พัฒนาการ,1,07:00-09:00,0,0,1
ทางเข้ารร.ปาณยาพัฒนาการ(พัฒนาการ40),พัฒนาการ,1,09:00-17:00,0,0,1
ทางเข้ารร.ปาณยาพัฒนาการ(พัฒนาการ40),พัฒนาการ,1,17:00-19:00,0,0,1
ทางเข้ารร.ปาณยาพัฒนาการ(พัฒนาการ40),พัฒนาการ40,1,07:00-09:00,0,0,1
ทางเข้ารร.ปาณยาพัฒนาการ(พัฒนาการ40),พัฒนาการ40,1,09:00-17:00,0,0,1
ทางเข้ารร.ปาณยาพัฒนาการ(พัฒนาการ40),พัฒนาการ40,1,17:00-19:00,0,0,1
ทางเข้าหมู่บ้านเอื้ออาทร,ทางเข้าหมู่บ้านเอื้ออาทร,1,07:00-09:00,0,1,0
ทางเข้าหมู่บ้านเอื้ออาทร,ทางเข้าหมู่บ้านเอื้ออาทร,1,09:00-16:00,0,1,0
ทางเข้าหมู่บ้านเอื้ออาทร,ทางเข้าหมู่บ้านเอื้ออาทร,1,16:00-19:00,0,1,0
ทางเข้าหมู่บ้านเอื้ออาทร,เคหะร่มเกล้า,1,07:00-09:00,0,1,0
ทางเข้าหมู่บ้านเอื้ออาทร,เคหะร่มเกล้า,1,09:00-16:00,0,1,0
ทางเข้าหมู่บ้านเอื้ออาทร,เคหะร่มเกล้า,1,16:00-19:00,0,1,0
ทางเข้าออกการกีฬาแห่งประเทศไทย,ทางออกการกีฬาฯ,3,07:00-09:00,0,0,1
ทางเข้าออกการกีฬาแห่งประเทศไทย,ทางออกการกีฬาฯ,3,09:00-16:00,0,0,1
ทางเข้าออกการกีฬาแห่งประเทศไทย,ทางออกการกีฬาฯ,3,16:00-19:00,0,0,1
ทางเข้าออกการกีฬาแห่งประเทศไทย,ทางเข้าการกีฬาฯ,3,07:00-09:00,0,0,1
ทางเข้าออกการกีฬาแห่งประเทศไทย,ทางเข้าการกีฬาฯ,3,09:00-16:00,0,0,1
ทางเข้าออกการกีฬาแห่งประเทศไทย,ทางเข้าการกีฬาฯ,3,16:00-19:00,0,0,1
ทางเข้าออกซอยแจ้งวัฒนะ9,ซอยแจ้งวัฒนะ9,1,07:00-09:00,1,0,0
ทางเข้าออกซอยแจ้งวัฒนะ9,ซอยแจ้งวัฒนะ9,1,09:00-16:00,1,0,0
ทางเข้าออกซอยแจ้งวัฒนะ9,ซอยแจ้งวัฒนะ9,1,16:00-19:00,1,0,0
ทางเข้าออกซอยแจ้งวัฒนะ9,แจ้งวัฒนะ,1,07:00-09:00,1,0,0
ทางเข้าออกซอยแจ้งวัฒนะ9,แจ้งวัฒนะ,1,09:00-16:00,1,0,0
ทางเข้าออกซอยแจ้งวัฒนะ9,แจ้งวัฒนะ,1,16:00-19:00,1,0,0
ทางเข้าออกมหาวิทยาลัยรามคำแหง,ทางเข้าออกม.รามฯ,3,07:00-09:00,0,0,1
ทางเข้าออกมหาวิทยาลัยรามคำแหง,ทางเข้าออกม.รามฯ,3,09:00-16:00,0,0,1
ทางเข้าออกมหาวิทยาลัยรามคำแหง,ทางเข้าออกม.รามฯ,3,16:00-19:00,0,0,1
ทางเข้าออกวัดอินทราวาส,ราชพฤกษ์,1,07:00-09:00,0,1,0
ทางเข้าออกวัดอินทราวาส,ราชพฤกษ์,1,09:00-16:00,0,1,0
ทางเข้าออกวัดอินทราวาส,ราชพฤกษ์,1,16:00-19:00,0,1,0
ทางเข้าออกวัดอินทราวาส,อนิทราวาส,1,07:00-09:00,0,1,0
ทางเข้าออกวัดอินทราวาส,อนิทราวาส,1,09:00-16:00,0,1,0
ทางเข้าออกวัดอินทราวาส,อนิทราวาส,1,16:00-19:00,0,1,0
ทางเข้าออกสำนักงานขนส่งฯพื้นที่1บางขุนเทียน,ทางเข้าออกสำนักงานขนส่งฯ,4,07:00-09:00,0,0,1
ทางเข้าออกสำนักงานขนส่งฯพื้นที่1บางขุนเทียน,ทางเข้าออกสำนักงานขนส่งฯ,4,09:00-17:00,0,0,1
ทางเข้าออกสำนักงานขนส่งฯพื้นที่1บางขุนเทียน,ทางเข้าออกสำนักงานขนส่งฯ,4,17:00-19:00,0,0,1
ทางเข้าออกสำนักงานขนส่งฯพื้นที่1บางขุนเทียน,บางขุนเทียน-ชายทะเล,4,09:00-17:00,0,0,1
ทางเข้าออกสำนักงานขนส่งฯพื้นที่1บางขุนเทียน,บางขุนเทียน-ชายทะเล,4,17:00-19:00,0,0,1
ทางเข้าออกเกษรทาวเวอร์,ทางเข้าออกเกษรทาวเวอร์,2,07:00-09:00,0,0,1
ทางเข้าออกเกษรทาวเวอร์,ทางเข้าออกเกษรทาวเวอร์,2,09:00-17:00,0,0,1
ทางเข้าออกเกษรทาวเวอร์,ทางเข้าออกเกษรทาวเวอร์,2,17:00-19:00,0,0,1
ทางเข้าออกเกษรทาวเวอร์,ราชดำริ,2,07:00-09:00,0,0,1
ทางเข้าออกเกษรทาวเวอร์,ราชดำริ,2,09:00-17:00,0,0,1
ทางเข้าออกเกษรทาวเวอร์,ราชดำริ,2,17:00-19:00,0,0,1
ทางเข้าออกเซ็นทรัลเวิลดิ์,ทางเข้าออกเซ็นทรัลเวิลดิ์,2,07:00-09:00,0,0,1
ทางเข้าออกเซ็นทรัลเวิลดิ์,ทางเข้าออกเซ็นทรัลเวิลดิ์,2,09:00-17:00,0,0,1
ทางเข้าออกเซ็นทรัลเวิลดิ์,ทางเข้าออกเซ็นทรัลเวิลดิ์,2,17:00-19:00,0,0,1
ทางเข้าออกเซ็นทรัลเวิลดิ์,ราชดำริ,2,07:00-09:00,0,0,1
ทางเข้าออกเซ็นทรัลเวิลดิ์,ราชดำริ,2,09:00-17:00,0,0,1
ทางเข้าออกเซ็นทรัลเวิลดิ์,ราชดำริ,2,17:00-19:00,0,0,1
ทางเข้าโรงเรียนไทยรัฐวิทยา75,วัชรพล,2,07:00-09:00,1,0,0
ทางเข้าโรงเรียนไทยรัฐวิทยา75,วัชรพล,2,09:00-16:00,1,0,0
ทางเข้าโรงเรียนไทยรัฐวิทยา75,วัชรพล,2,16:00-19:00,1,0,0
ทางเข้าโรงแรมโอเรียลเต็ล(ซอยเจริญกรุง40),เจริญกรุง,2,07:00-09:00,1,0,0
ทางเข้าโรงแรมโอเรียลเต็ล(ซอยเจริญกรุง40),เจริญกรุง,2,09:00-16:00,1,0,0
ทางเข้าโรงแรมโอเรียลเต็ล(ซอยเจริญกรุง40),เจริญกรุง,2,16:00-19:00,1,0,0
ทางเชื่อมมอเตอร์เวย์-พระราม9,พระราม9,2,07:00-09:00,0,0,1
ทางเชื่อมมอเตอร์เวย์-พระราม9,พระราม9,2,09:00-17:00,0,0,1
ทางเชื่อมมอเตอร์เวย์-พระราม9,พระราม9,2,17:00-19:00,0,0,1
ทางเชื่อมมอเตอร์เวย์-พระราม9,มอเตอร์เวย์,2,07:00-09:00,0,0,1
ทางเชื่อมมอเตอร์เวย์-พระราม9,มอเตอร์เวย์,2,09:00-17:00,0,0,1
ทางเชื่อมมอเตอร์เวย์-พระราม9,มอเตอร์เวย์,2,17:00-19:00,0,0,1
ทางเชื่อมมอเตอร์เวย์-พระราม9,ศรีนครินทร์,2,07:00-09:00,0,0,1
ทางเชื่อมมอเตอร์เวย์-พระราม9,ศรีนครินทร์,2,09:00-17:00,0,0,1
ทางเชื่อมมอเตอร์เวย์-พระราม9,ศรีนครินทร์,2,17:00-19:00,0,0,1
ทางโค้งลงสะพานข้ามคลองลาดกระบัง,ลาดกระบัง,4,07:00-09:00,0,1,0
ทางโค้งลงสะพานข้ามคลองลาดกระบัง,ลาดกระบัง,4,09:00-16:00,0,1,0
ทางโค้งลงสะพานข้ามคลองลาดกระบัง,ลาดกระบัง,4,16:00-19:00,0,1,0
ทุ่งครุ,ครุใน,1,07:00-09:00,1,0,0
ทุ่งครุ,ครุใน,1,09:00-16:00,1,0,0
ทุ่งครุ,ครุใน,1,16:00-19:00,1,0,0
ทุ่งครุ,ครุใน,2,07:00-09:00,0,0,1
ทุ่งครุ,ครุใน,2,09:00-17:00,0,0,1
ทุ่งครุ,ครุใน,2,17:00-19:00,0,0,1
ทุ่งครุ,ครุใน,3,07:00-09:00,1,0,0
ทุ่งครุ,ครุใน,3,09:00-16:00,1,0,0
ทุ่งครุ,ครุใน,3,16:00-19:00,1,0,0
ทุ่งครุ,ครุใน,4,07:00-09:00,0,1,0
ทุ่งครุ,ครุใน,4,09:00-16:00,0,1,0
ทุ่งครุ,ครุใน,4,16:00-19:00,0,1,0
ทุ่งครุ,ประชาอุทิศ,1,07:00-09:00,1,0,0
ทุ่งครุ,ประชาอุทิศ,1,09:00-16:00,1,0,0
ทุ่งครุ,ประชาอุทิศ,1,16:00-19:00,1,0,0
ทุ่งครุ,ประชาอุทิศ,2,07:00-09:00,0,0,1
ทุ่งครุ,ประชาอุทิศ,2,09:00-17:00,0,0,1
ทุ่งครุ,ประชาอุทิศ,2,17:00-19:00,0,0,1
ทุ่งครุ,ประชาอุทิศ,3,07:00-09:00,1,0,0
ทุ่งครุ,ประชาอุทิศ,3,09:00-16:00,1,0,0
ทุ่งครุ,ประชาอุทิศ,3,16:00-19:00,1,0,0
ทุ่งครุ,ประชาอุทิศ,4,07:00-09:00,0,1,0
ทุ่งครุ,ประชาอุทิศ,4,09:00-16:00,0,1,0
ทุ่งครุ,ประชาอุทิศ,4,16:00-19:00,0,1,0
ทุ่งสาธิต,ซอยสุขุมวิท101/1,3,07:00-09:00,1,0,0
ทุ่งสาธิต,ซอยสุขุมวิท101/1,3,09:00-16:00,1,0,0
ทุ่งสาธิต,ซอยสุขุมวิท101/1,3,16:00-19:00,1,0,0
ทุ่งสาธิต,สุขุมวิท,1,07:00-09:00,0,0,1
ทุ่งสาธิต,สุขุมวิท,1,09:00-17:00,0,0,1
ทุ่งสาธิต,สุขุมวิท,1,17:00-19:00,0,0,1
ทุ่งสาธิต,สุขุมวิท,3,07:00-09:00,1,0,1
ทุ่งสาธิต,สุขุมวิท,3,09:00-16:00,1,0,0
ทุ่งสาธิต,สุขุมวิท,3,09:00-17:00,0,0,1
ทุ่งสาธิต,สุขุมวิท,3,16:00-19:00,1,0,0
ทุ่งสาธิต,สุขุมวิท,3,17:00-19:00,0,0,1
ทุ่งสาธิต,สุขุมวิท,4,07:00-09:00,0,1,0
ทุ่งสาธิต,สุขุมวิท,4,09:00-16:00,0,1,0
ทุ่งสาธิต,สุขุมวิท,4,16:00-19:00,0,1,0
ทุ่งสาธิต,สุขุมวิท101/1,1,07:00-09:00,0,0,1
ทุ่งสาธิต,สุขุมวิท101/1,1,09:00-17:00,0,0,1
ทุ่งสาธิต,สุขุมวิท101/1,1,17:00-19:00,0,0,1
ทุ่งสาธิต,สุขุมวิท101/1,3,07:00-09:00,0,0,1
ทุ่งสาธิต,สุขุมวิท101/1,3,09:00-17:00,0,0,1
ทุ่งสาธิต,สุขุมวิท101/1,3,17:00-19:00,0,0,1
ทุ่งสาธิต,สุขุมวิท101/1,4,07:00-09:00,0,1,0
ทุ่งสาธิต,สุขุมวิท101/1,4,09:00-16:00,0,1,0
ทุ่งสาธิต,สุขุมวิท101/1,4,16:00-19:00,0,1,0
ท่าดินแดง,ท่าดินแดง,1,07:00-09:00,0,0,2
ท่าดินแดง,ท่าดินแดง,1,09:00-16:00,0,0,1
ท่าดินแดง,ท่าดินแดง,1,09:00-17:00,0,0,1
ท่าดินแดง,ท่าดินแดง,1,16:00-19:00,0,0,1
ท่าดินแดง,ท่าดินแดง,1,17:00-19:00,0,0,1
ท่าดินแดง,ท่าดินแดง,2,07:00-09:00,1,0,0
ท่าดินแดง,ท่าดินแดง,2,09:00-16:00,1,0,0
ท่าดินแดง,ท่าดินแดง,2,16:00-19:00,1,0,0
ท่าดินแดง,ท่าดินแดง,3,07:00-09:00,1,0,0
ท่าดินแดง,ท่าดินแดง,3,09:00-16:00,1,0,0
ท่าดินแดง,ท่าดินแดง,3,16:00-19:00,1,0,0
ท่าดินแดง,ท่าดินแดง,4,07:00-09:00,0,1,0
ท่าดินแดง,ท่าดินแดง,4,09:00-16:00,0,1,0
ท่าดินแดง,ท่าดินแดง,4,16:00-19:00,0,1,0
ท่าดินแดง,สมเด็จเจ้าพระยา,1,07:00-09:00,0,0,1
ท่าดินแดง,สมเด็จเจ้าพระยา,1,09:00-17:00,0,0,1
ท่าดินแดง,สมเด็จเจ้าพระยา,1,17:00-19:00,0,0,1
ท่าดินแดง,สมเด็จเจ้าพระยา,2,07:00-09:00,1,0,0
ท่าดินแดง,สมเด็จเจ้าพระยา,2,09:00-16:00,1,0,0
ท่าดินแดง,สมเด็จเจ้าพระยา,2,16:00-19:00,1,0,0
ท่าดินแดง,สมเด็จเจ้าพระยา,3,07:00-09:00,1,0,0
ท่าดินแดง,สมเด็จเจ้าพระยา,3,09:00-16:00,1,0,0
ท่าดินแดง,สมเด็จเจ้าพระยา,3,16:00-19:00,1,0,0
ท่าดินแดง,สมเด็จเจ้าพระยา,4,07:00-09:00,0,1,0
ท่าดินแดง,สมเด็จเจ้าพระยา,4,09:00-16:00,0,1,0
ท่าดินแดง,สมเด็จเจ้าพระยา,4,16:00-19:00,0,1,0
ท่าพระ,จรัญสนิทวงศ์,2,07:00-09:00,1,1,0
ท่าพระ,จรัญสนิทวงศ์,2,09:00-16:00,1,1,0
ท่าพระ,จรัญสนิทวงศ์,2,16:00-19:00,1,1,0
ท่าพระ,จรัญสนิทวงศ์,3,07:00-09:00,0,1,1
ท่าพระ,จรัญสนิทวงศ์,3,09:00-16:00,0,1,0
ท่าพระ,จรัญสนิทวงศ์,3,09:00-17:00,0,0,1
ท่าพระ,จรัญสนิทวงศ์,3,16:00-19:00,0,1,0
ท่าพระ,จรัญสนิทวงศ์,3,17:00-19:00,0,0,1
ท่าพระ,จรัญสนิทวงศ์,4,07:00-09:00,0,0,1
ท่าพระ,จรัญสนิทวงศ์,4,09:00-17:00,0,0,1
ท่าพระ,จรัญสนิทวงศ์,4,17:00-19:00,0,0,1
ท่าพระ,รัชดาภิเษก,2,06:30-09:00,0,1,0
ท่าพระ,รัชดาภิเษก,2,07:00-09:00,1,0,0
ท่าพระ,รัชดาภิเษก,2,09:00-16:00,1,1,0
ท่าพระ,รัชดาภิเษก,2,16:00-19:00,1,0,0
ท่าพระ,รัชดาภิเษก,2,16:00-19:30,0,1,0
ท่าพระ,รัชดาภิเษก,3,07:00-09:00,0,1,1
ท่าพระ,รัชดาภิเษก,3,09:00-16:00,0,1,0
ท่าพระ,รัชดาภิเษก,3,09:00-17:00,0,0,1
ท่าพระ,รัชดาภิเษก,3,16:00-19:00,0,1,0
ท่าพระ,รัชดาภิเษก,3,17:00-19:00,0,0,1
ท่าพระ,รัชดาภิเษก,4,07:00-09:00,0,0,1
ท่าพระ,รัชดาภิเษก,4,09:00-17:00,0,0,1
ท่าพระ,รัชดาภิเษก,4,17:00-19:00,0,0,1
ท่าพระ,เพชรเกษม,2,06:30-09:00,0,1,0
ท่าพระ,เพชรเกษม,2,07:00-09:00,1,0,0
ท่าพระ,เพชรเกษม,2,09:00-16:00,1,1,0
ท่าพระ,เพชรเกษม,2,16:00-19:00,1,0,0
ท่าพระ,เพชรเกษม,2,16:00-19:30,0,1,0
ท่าพระ,เพชรเกษม,3,07:00-09:00,0,1,1
ท่าพระ,เพชรเกษม,3,09:00-16:00,0,1,0
ท่าพระ,เพชรเกษม,3,09:00-17:00,0,0,1
ท่าพระ,เพชรเกษม,3,16:00-19:00,0,1,0
ท่าพระ,เพชรเกษม,3,17:00-19:00,0,0,1
ท่าพระ,เพชรเกษม,4,07:00-09:00,0,0,1
ท่าพระ,เพชรเกษม,4,09:00-17:00,0,0,1
ท่าพระ,เพชรเกษม,4,17:00-19:00,0,0,1
ท้ายซอยพุทธบูชา36,ซอยพุทธบูชา36,1,07:00-09:00,0,1,0
ท้ายซอยพุทธบูชา36,ซอยพุทธบูชา36,1,09:00-16:00,0,1,0
ท้ายซอยพุทธบูชา36,ซอยพุทธบูชา36,1,16:00-19:00,0,1,0
นครสวรรค์-พะเนียง,นครสวรรค์,3,07:00-09:00,0,0,1
นครสวรรค์-พะเนียง,นครสวรรค์,3,09:00-17:00,0,0,1
นครสวรรค์-พะเนียง,นครสวรรค์,3,17:00-19:00,0,0,1
นครสวรรค์-พะเนียง,พะเนียง,3,07:00-09:00,0,0,1
นครสวรรค์-พะเนียง,พะเนียง,3,09:00-17:00,0,0,1
นครสวรรค์-พะเนียง,พะเนียง,3,17:00-19:00,0,0,1
นพวงศ์,กรุงเกษม,3,07:00-09:00,1,0,0
นพวงศ์,กรุงเกษม,3,09:00-16:00,1,0,0
นพวงศ์,กรุงเกษม,3,16:00-19:00,1,0,0
นพวงศ์,กรุงเกษม,4,07:00-09:00,1,0,1
นพวงศ์,กรุงเกษม,4,09:00-16:00,1,0,0
นพวงศ์,กรุงเกษม,4,09:00-17:00,0,0,1
นพวงศ์,กรุงเกษม,4,16:00-19:00,1,0,0
นพวงศ์,กรุงเกษม,4,17:00-19:00,0,0,1
นพวงศ์,มิตรพันธ์,3,07:00-09:00,1,0,0
นพวงศ์,มิตรพันธ์,3,09:00-16:00,1,0,0
นพวงศ์,มิตรพันธ์,3,16:00-19:00,1,0,0
นพวงศ์,มิตรพันธ์,4,07:00-09:00,1,0,1
นพวงศ์,มิตรพันธ์,4,09:00-16:00,1,0,0
นพวงศ์,มิตรพันธ์,4,09:00-17:00,0,0,1
นพวงศ์,มิตรพันธ์,4,16:00-19:00,1,0,0
นพวงศ์,มิตรพันธ์,4,17:00-19:00,0,0,1
นพวงศ์,หลวง,3,07:00-09:00,1,0,0
นพวงศ์,หลวง,3,09:00-16:00,1,0,0
นพวงศ์,หลวง,3,16:00-19:00,1,0,0
นพวงศ์,หลวง,4,07:00-09:00,1,0,1
นพวงศ์,หลวง,4,09:00-16:00,1,0,0
นพวงศ์,หลวง,4,09:00-17:00,0,0,1
นพวงศ์,หลวง,4,16:00-19:00,1,0,0
นพวงศ์,หลวง,4,17:00-19:00,0,0,1
นพวงษ์,กรุงเกษม,1,07:00-09:00,0,1,0
นพวงษ์,กรุงเกษม,1,09:00-16:00,0,1,0
นพวงษ์,กรุงเกษม,1,16:00-19:00,0,1,0
นพวงษ์,มิตรพันธ์,1,07:00-09:00,0,1,0
นพวงษ์,มิตรพันธ์,1,09:00-16:00,0,1,0
นพวงษ์,มิตรพันธ์,1,16:00-19:00,0,1,0
นพวงษ์,หลวง,1,07:00-09:00,0,1,0
นพวงษ์,หลวง,1,09:00-16:00,0,1,0
นพวงษ์,หลวง,1,16:00-19:00,0,1,0
นราธิวาส-นราธิวาส22,นราธิวาสราชนครินทร์,1,07:00-09:00,0,0,1
นราธิวาส-นราธิวาส22,นราธิวาสราชนครินทร์,1,09:00-17:00,0,0,1
นราธิวาส-นราธิวาส22,นราธิวาสราชนครินทร์,1,17:00-19:00,0,0,1
นราธิวาส-นราธิวาส22,นราธิวาสราชนครินทร์22,1,07:00-09:00,0,0,1
นราธิวาส-นราธิวาส22,นราธิวาสราชนครินทร์22,1,09:00-17:00,0,0,1
นราธิวาส-นราธิวาส22,นราธิวาสราชนครินทร์22,1,17:00-19:00,0,0,1
นราธิวาส-พระราม3,นราธิวาสราชนครินทร์,3,07:00-09:00,0,0,1
นราธิวาส-พระราม3,นราธิวาสราชนครินทร์,3,09:00-16:00,0,0,1
นราธิวาส-พระราม3,นราธิวาสราชนครินทร์,3,16:00-19:00,0,0,1
นราธิวาส-พระราม3,พระรามที่3,3,07:00-09:00,0,0,1
นราธิวาส-พระราม3,พระรามที่3,3,09:00-16:00,0,0,1
นราธิวาส-พระราม3,พระรามที่3,3,16:00-19:00,0,0,1
นราธิวาส-สุรวงศ์,นราธิวาส,1,07:00-09:00,0,1,0
นราธิวาส-สุรวงศ์,นราธิวาส,1,09:00-16:00,0,1,0
นราธิวาส-สุรวงศ์,นราธิวาส,1,16:00-19:00,0,1,0
นราธิวาส-สุรวงศ์,นราธิวาส,2,07:00-09:00,1,0,0
นราธิวาส-สุรวงศ์,นราธิวาส,2,09:00-16:00,1,0,0
นราธิวาส-สุรวงศ์,นราธิวาส,2,16:00-19:00,1,0,0
นราธิวาส-สุรวงศ์,นราธิวาส,3,07:00-09:00,1,0,0
นราธิวาส-สุรวงศ์,นราธิวาส,3,09:00-16:00,1,0,0
นราธิวาส-สุรวงศ์,นราธิวาส,3,16:00-19:00,1,0,0
นราธิวาส-สุรวงศ์,นราธิวาสราชนครินทร์,4,07:00-09:00,1,0,1
นราธิวาส-สุรวงศ์,นราธิวาสราชนครินทร์,4,09:00-16:00,1,0,1
นราธิวาส-สุรวงศ์,นราธิวาสราชนครินทร์,4,16:00-19:00,1,0,1
นราธิวาส-สุรวงศ์,สุรวงศ์,1,07:00-09:00,0,1,0
นราธิวาส-สุรวงศ์,สุรวงศ์,1,09:00-16:00,0,1,0
นราธิวาส-สุรวงศ์,สุรวงศ์,1,16:00-19:00,0,1,0
นราธิวาส-สุรวงศ์,สุรวงศ์,2,07:00-09:00,1,0,0
นราธิวาส-สุรวงศ์,สุรวงศ์,2,09:00-16:00,1,0,0
นราธิวาส-สุรวงศ์,สุรวงศ์,2,16:00-19:00,1,0,0
นราธิวาส-สุรวงศ์,สุรวงศ์,3,07:00-09:00,1,0,0
นราธิวาส-สุรวงศ์,สุรวงศ์,3,09:00-16:00,1,0,0
นราธิวาส-สุรวงศ์,สุรวงศ์,3,16:00-19:00,1,0,0
นราธิวาส-สุรวงศ์,สุรวงศ์,4,07:00-09:00,0,0,1
นราธิวาส-สุรวงศ์,สุรวงศ์,4,09:00-16:00,0,0,1
นราธิวาส-สุรวงศ์,สุรวงศ์,4,16:00-19:00,0,0,1
นราธิวาสราชนครินทร์20,นราธิวาสราชนครินทร์,1,07:00-09:00,0,0,1
นราธิวาสราชนครินทร์20,นราธิวาสราชนครินทร์,1,09:00-17:00,0,0,1
นราธิวาสราชนครินทร์20,นราธิวาสราชนครินทร์,1,17:00-19:00,0,0,1
นราธิวาสฯ-พระราม3,นราธวาสราชนครินทร์,2,07:00-09:00,1,0,0
นราธิวาสฯ-พระราม3,นราธวาสราชนครินทร์,2,09:00-16:00,1,0,0
นราธิวาสฯ-พระราม3,นราธวาสราชนครินทร์,2,16:00-19:00,1,0,0
นราธิวาสฯ-พระราม3,นราธิวาสราชนครินทร์,2,07:00-09:00,0,1,0
นราธิวาสฯ-พระราม3,นราธิวาสราชนครินทร์,2,09:00-16:00,0,1,0
นราธิวาสฯ-พระราม3,นราธิวาสราชนครินทร์,2,16:00-19:00,0,1,0
นราธิวาสฯ-พระราม3,นราธิวาสฯ,1,07:00-09:00,1,0,0
นราธิวาสฯ-พระราม3,นราธิวาสฯ,1,09:00-16:00,1,0,0
นราธิวาสฯ-พระราม3,นราธิวาสฯ,1,16:00-19:00,1,0,0
นราธิวาสฯ-พระราม3,พระราม3,2,07:00-09:00,1,0,0
นราธิวาสฯ-พระราม3,พระราม3,2,09:00-16:00,1,0,0
นราธิวาสฯ-พระราม3,พระราม3,2,16:00-19:00,1,0,0
นราธิวาสฯ-พระราม3,พระรามที่3,1,07:00-09:00,1,0,0
นราธิวาสฯ-พระราม3,พระรามที่3,1,09:00-16:00,1,0,0
นราธิวาสฯ-พระราม3,พระรามที่3,1,16:00-19:00,1,0,0
นราธิวาสฯ-พระราม3,พระรามที่3,2,07:00-09:00,0,1,0
นราธิวาสฯ-พระราม3,พระรามที่3,2,09:00-16:00,0,1,0
นราธิวาสฯ-พระราม3,พระรามที่3,2,16:00-19:00,0,1,0
นวมินทร์-ประเสริฐมนูกิจ,นวมนิทร์,4,07:00-09:00,0,1,0
นวมินทร์-ประเสริฐมนูกิจ,นวมนิทร์,4,09:00-16:00,0,1,0
นวมินทร์-ประเสริฐมนูกิจ,นวมนิทร์,4,16:00-19:00,0,1,0
นวมินทร์-ประเสริฐมนูกิจ,นวมินทร์,3,06:30-09:00,1,0,0
นวมินทร์-ประเสริฐมนูกิจ,นวมินทร์,3,07:00-09:00,0,0,1
นวมินทร์-ประเสริฐมนูกิจ,นวมินทร์,3,09:00-16:00,1,0,0
นวมินทร์-ประเสริฐมนูกิจ,นวมินทร์,3,09:00-17:00,0,0,1
นวมินทร์-ประเสริฐมนูกิจ,นวมินทร์,3,16:00-19:30,1,0,0
นวมินทร์-ประเสริฐมนูกิจ,นวมินทร์,3,17:00-19:00,0,0,1
นวมินทร์-ประเสริฐมนูกิจ,นวมินทร์,4,07:00-09:00,1,0,0
นวมินทร์-ประเสริฐมนูกิจ,นวมินทร์,4,09:00-16:00,1,0,0
นวมินทร์-ประเสริฐมนูกิจ,นวมินทร์,4,16:00-19:00,1,0,0
นวมินทร์-ประเสริฐมนูกิจ,ประเสริฐมนูกิจ,3,06:30-09:00,1,0,0
นวมินทร์-ประเสริฐมนูกิจ,ประเสริฐมนูกิจ,3,07:00-09:00,0,0,1
นวมินทร์-ประเสริฐมนูกิจ,ประเสริฐมนูกิจ,3,09:00-16:00,1,0,0
นวมินทร์-ประเสริฐมนูกิจ,ประเสริฐมนูกิจ,3,09:00-17:00,0,0,1
นวมินทร์-ประเสริฐมนูกิจ,ประเสริฐมนูกิจ,3,16:00-19:30,1,0,0
นวมินทร์-ประเสริฐมนูกิจ,ประเสริฐมนูกิจ,3,17:00-19:00,0,0,1
นวมินทร์-ประเสริฐมนูกิจ,ประเสริฐมนูกิจ,4,07:00-09:00,1,1,0
นวมินทร์-ประเสริฐมนูกิจ,ประเสริฐมนูกิจ,4,09:00-16:00,1,1,0
นวมินทร์-ประเสริฐมนูกิจ,ประเสริฐมนูกิจ,4,16:00-19:00,1,1,0
นวมินทร์-ศรีบูรพา,นวมินทร์,2,07:00-09:00,0,0,1
นวมินทร์-ศรีบูรพา,นวมินทร์,2,09:00-17:00,0,0,1
นวมินทร์-ศรีบูรพา,นวมินทร์,2,17:00-19:00,0,0,1
นวมินทร์-ศรีบูรพา,นวมินทร์51,2,07:00-09:00,0,0,1
นวมินทร์-ศรีบูรพา,นวมินทร์51,2,09:00-17:00,0,0,1
นวมินทร์-ศรีบูรพา,นวมินทร์51,2,17:00-19:00,0,0,1
นวมินทร์-ศรีบูรพา,ศรีบูรพา,2,07:00-09:00,0,0,1
นวมินทร์-ศรีบูรพา,ศรีบูรพา,2,09:00-17:00,0,0,1
นวมินทร์-ศรีบูรพา,ศรีบูรพา,2,17:00-19:00,0,0,1
นวมินทร์-แฮปปีแลนด์,นวมินทร์,1,07:00-09:00,1,0,0
นวมินทร์-แฮปปีแลนด์,นวมินทร์,1,09:00-16:00,1,0,0
นวมินทร์-แฮปปีแลนด์,นวมินทร์,1,16:00-19:00,1,0,0
นวมินทร์-แฮปปีแลนด์,แฮปปี้แลนด์,1,07:00-09:00,1,0,0
นวมินทร์-แฮปปีแลนด์,แฮปปี้แลนด์,1,09:00-16:00,1,0,0
นวมินทร์-แฮปปีแลนด์,แฮปปี้แลนด์,1,16:00-19:00,1,0,0
นวมินทร์-แฮปปี้แลนด์,นวมินทร์,1,07:00-09:00,0,0,1
นวมินทร์-แฮปปี้แลนด์,นวมินทร์,1,09:00-17:00,0,0,1
นวมินทร์-แฮปปี้แลนด์,นวมินทร์,1,17:00-19:00,0,0,1
นวมินทร์-แฮปปี้แลนด์,นวมินทร์,2,07:00-09:00,0,1,0
นวมินทร์-แฮปปี้แลนด์,นวมินทร์,2,09:00-16:00,0,1,0
นวมินทร์-แฮปปี้แลนด์,นวมินทร์,2,16:00-19:00,0,1,0
นวมินทร์-แฮปปี้แลนด์,นวมินทร์,3,07:00-09:00,0,0,1
นวมินทร์-แฮปปี้แลนด์,นวมินทร์,3,09:00-17:00,0,0,1
นวมินทร์-แฮปปี้แลนด์,นวมินทร์,3,17:00-19:00,0,0,1
นวมินทร์-แฮปปี้แลนด์,แฮปปี้แลนด์,1,07:00-09:00,0,0,1
นวมินทร์-แฮปปี้แลนด์,แฮปปี้แลนด์,1,09:00-17:00,0,0,1
นวมินทร์-แฮปปี้แลนด์,แฮปปี้แลนด์,1,17:00-19:00,0,0,1
นวมินทร์-แฮปปี้แลนด์,แฮปปี้แลนด์,2,07:00-09:00,0,1,0
นวมินทร์-แฮปปี้แลนด์,แฮปปี้แลนด์,2,09:00-16:00,0,1,0
นวมินทร์-แฮปปี้แลนด์,แฮปปี้แลนด์,2,16:00-19:00,0,1,0
นวมินทร์-แฮปปี้แลนด์,แฮปปี้แลนด์,3,07:00-09:00,0,0,1
นวมินทร์-แฮปปี้แลนด์,แฮปปี้แลนด์,3,09:00-17:00,0,0,1
นวมินทร์-แฮปปี้แลนด์,แฮปปี้แลนด์,3,17:00-19:00,0,0,1
นวมินทร์10,นวมินทร์,2,07:00-09:00,0,0,1
นวมินทร์10,นวมินทร์,2,09:00-17:00,0,0,1
นวมินทร์10,นวมินทร์,2,17:00-19:00,0,0,1
นวมินทร์10,นวมินทร์10,2,07:00-09:00,0,0,1
นวมินทร์10,นวมินทร์10,2,09:00-17:00,0,0,1
นวมินทร์10,นวมินทร์10,2,17:00-19:00,0,0,1
นวลจันทร์,ซอยรามอินทรา40,2,07:00-09:00,1,0,0
นวลจันทร์,ซอยรามอินทรา40,2,09:00-16:00,1,0,0
นวลจันทร์,ซอยรามอินทรา40,2,16:00-19:00,1,0,0
นวลจันทร์,ซอยรามอินทรา40,3,07:00-09:00,0,1,0
นวลจันทร์,ซอยรามอินทรา40,3,09:00-16:00,0,1,0
นวลจันทร์,ซอยรามอินทรา40,3,16:00-19:00,0,1,0
นวลจันทร์,รามอินทรา,2,07:00-09:00,1,0,0
นวลจันทร์,รามอินทรา,2,09:00-16:00,1,0,0
นวลจันทร์,รามอินทรา,2,16:00-19:00,1,0,0
นวลจันทร์,รามอินทรา,3,07:00-09:00,0,1,0
นวลจันทร์,รามอินทรา,3,09:00-16:00,0,1,0
นวลจันทร์,รามอินทรา,3,16:00-19:00,0,1,0
นวลจันทร์-คลองลำเจียก,คลองลำเจียก,1,07:00-09:00,0,0,1
นวลจันทร์-คลองลำเจียก,คลองลำเจียก,1,09:00-17:00,0,0,1
นวลจันทร์-คลองลำเจียก,คลองลำเจียก,1,17:00-19:00,0,0,1
นวลจันทร์-คลองลำเจียก,นวลจันทร์,1,07:00-09:00,0,0,1
นวลจันทร์-คลองลำเจียก,นวลจันทร์,1,09:00-17:00,0,0,1
นวลจันทร์-คลองลำเจียก,นวลจันทร์,1,17:00-19:00,0,0,1
นอร์ธปาร์ค,กำแพงเพชร6,2,07:00-09:00,0,1,0
นอร์ธปาร์ค,กำแพงเพชร6,2,09:00-16:00,0,1,0
นอร์ธปาร์ค,กำแพงเพชร6,2,16:00-19:00,0,1,0
นอร์ธปาร์ค,กำแพงเพชร6,4,07:00-09:00,1,0,1
นอร์ธปาร์ค,กำแพงเพชร6,4,09:00-16:00,1,0,0
นอร์ธปาร์ค,กำแพงเพชร6,4,09:00-17:00,0,0,1
นอร์ธปาร์ค,กำแพงเพชร6,4,16:00-19:00,1,0,0
นอร์ธปาร์ค,กำแพงเพชร6,4,17:00-19:00,0,0,1
นอร์ธปาร์ค,ชิดชน,2,07:00-09:00,0,1,0
นอร์ธปาร์ค,ชิดชน,2,09:00-16:00,0,1,0
นอร์ธปาร์ค,ชิดชน,2,16:00-19:00,0,1,0
นอร์ธปาร์ค,ชิดชน,4,07:00-09:00,1,0,1
นอร์ธปาร์ค,ชิดชน,4,09:00-16:00,1,0,0
นอร์ธปาร์ค,ชิดชน,4,09:00-17:00,0,0,1
นอร์ธปาร์ค,ชิดชน,4,16:00-19:00,1,0,0
นอร์ธปาร์ค,ชิดชน,4,17:00-19:00,0,0,1
นางลิ้นจี่,นางลิ้นจี่,1,06:30-09:00,0,1,0
นางลิ้นจี่,นางลิ้นจี่,1,09:00-16:00,0,1,0
นางลิ้นจี่,นางลิ้นจี่,1,16:00-19:30,0,1,0
นางลิ้นจี่,นางลิ้นจี่,2,07:00-09:00,0,0,1
นางลิ้นจี่,นางลิ้นจี่,2,09:00-16:00,0,0,1
นางลิ้นจี่,นางลิ้นจี่,2,16:00-19:00,0,0,1
นางลิ้นจี่,นางลิ้นจี่,3,07:00-09:00,1,0,0
นางลิ้นจี่,นางลิ้นจี่,3,09:00-16:00,1,0,0
นางลิ้นจี่,นางลิ้นจี่,3,16:00-19:00,1,0,0
นางลิ้นจี่,พระรามที่3,1,06:30-09:00,0,1,0
นางลิ้นจี่,พระรามที่3,1,09:00-16:00,0,1,0
นางลิ้นจี่,พระรามที่3,1,16:00-19:30,0,1,0
นางลิ้นจี่,พระรามที่3,2,07:00-09:00,0,0,1
นางลิ้นจี่,พระรามที่3,2,09:00-16:00,0,0,1
นางลิ้นจี่,พระรามที่3,2,16:00-19:00,0,0,1
นางลิ้นจี่,พระรามที่3,3,07:00-09:00,1,0,0
นางลิ้นจี่,พระรามที่3,3,09:00-16:00,1,0,0
นางลิ้นจี่,พระรามที่3,3,16:00-19:00,1,0,0
นางลื้นจี่,นางลิ้นจี่,2,07:00-09:00,0,0,1
นางลื้นจี่,นางลิ้นจี่,2,09:00-17:00,0,0,1
นางลื้นจี่,นางลิ้นจี่,2,17:00-19:00,0,0,1
นางลื้นจี่,พระรามที่3,2,07:00-09:00,0,0,1
นางลื้นจี่,พระรามที่3,2,09:00-17:00,0,0,1
นางลื้นจี่,พระรามที่3,2,17:00-19:00,0,0,1
นางเลิ้ง,ทางข้ามสนามม้า,3,07:00-09:00,1,0,0
นางเลิ้ง,ทางข้ามสนามม้า,3,09:00-16:00,1,0,0
นางเลิ้ง,ทางข้ามสนามม้า,3,16:00-19:00,1,0,0
นางเลิ้ง,ทางเข้าสนามม้า,3,06:30-09:00,0,1,0
นางเลิ้ง,ทางเข้าสนามม้า,3,09:00-16:00,0,1,0
นางเลิ้ง,ทางเข้าสนามม้า,3,16:00-19:30,0,1,0
นางเลิ้ง,นครสวรรค์,3,06:30-09:00,0,1,0
นางเลิ้ง,นครสวรรค์,3,07:00-09:00,1,0,1
นางเลิ้ง,นครสวรรค์,3,09:00-16:00,1,1,1
นางเลิ้ง,นครสวรรค์,3,16:00-19:00,1,0,1
นางเลิ้ง,นครสวรรค์,3,16:00-19:30,0,1,0
นางเลิ้ง,นครสวรรค์,4,07:00-09:00,0,0,1
นางเลิ้ง,นครสวรรค์,4,09:00-17:00,0,0,1
นางเลิ้ง,นครสวรรค์,4,17:00-19:00,0,0,1
นางเลิ้ง,พิษณุโลก,3,07:00-09:00,1,1,1
นางเลิ้ง,พิษณุโลก,3,09:00-16:00,1,1,1
นางเลิ้ง,พิษณุโลก,3,16:00-19:00,1,1,1
นางเลิ้ง,พิษณุโลก,4,07:00-09:00,0,0,1
นางเลิ้ง,พิษณุโลก,4,09:00-17:00,0,0,1
นางเลิ้ง,พิษณุโลก,4,17:00-19:00,0,0,1
นานา,ซอยสุขุมวิท3(นานา),3,06:30-09:00,0,1,0
นานา,ซอยสุขุมวิท3(นานา),3,09:00-16:00,0,1,0
นานา,ซอยสุขุมวิท3(นานา),3,16:00-19:30,0,1,0
นานา,ซอยสุขุมวิท3(นานา),4,07:00-09:00,1,0,0
นานา,ซอยสุขุมวิท3(นานา),4,09:00-16:00,1,0,0
นานา,ซอยสุขุมวิท3(นานา),4,16:00-19:00,1,0,0
นานา,ซอยสุขุมวิท4,3,07:00-09:00,0,1,0
นานา,ซอยสุขุมวิท4,3,09:00-16:00,0,1,0
นานา,ซอยสุขุมวิท4,3,16:00-19:00,0,1,0
นานา,ซอยสุขุมวิท4,4,07:00-09:00,1,0,0
นานา,ซอยสุขุมวิท4,4,09:00-16:00,1,0,0
นานา,ซอยสุขุมวิท4,4,16:00-19:00,1,0,0
นานา,นานา(สุขุมวิท3),3,07:00-09:00,0,0,1
นานา,นานา(สุขุมวิท3),3,09:00-17:00,0,0,1
นานา,นานา(สุขุมวิท3),3,17:00-19:00,0,0,1
นานา,สุขุมวิท,1,07:00-09:00,0,0,1
นานา,สุขุมวิท,1,09:00-16:00,0,0,1
นานา,สุขุมวิท,1,16:00-19:00,0,0,1
นานา,สุขุมวิท,3,06:30-09:00,0,1,0
นานา,สุขุมวิท,3,07:00-09:00,0,0,1
นานา,สุขุมวิท,3,09:00-16:00,0,1,0
นานา,สุขุมวิท,3,09:00-17:00,0,0,1
นานา,สุขุมวิท,3,16:00-19:30,0,1,0
นานา,สุขุมวิท,3,17:00-19:00,0,0,1
นานา,สุขุมวิท,4,07:00-09:00,1,0,1
นานา,สุขุมวิท,4,09:00-16:00,1,0,0
นานา,สุขุมวิท,4,09:00-17:00,0,0,1
นานา,สุขุมวิท,4,16:00-19:00,1,0,0
นานา,สุขุมวิท,4,17:00-19:00,0,0,1
นานา,สุขุมวิท3,1,07:00-09:00,0,0,1
นานา,สุขุมวิท3,1,09:00-16:00,0,0,1
นานา,สุขุมวิท3,1,16:00-19:00,0,0,1
นานา,สุขุมวิท3,4,07:00-09:00,0,0,1
นานา,สุขุมวิท3,4,09:00-17:00,0,0,1
นานา,สุขุมวิท3,4,17:00-19:00,0,0,1
นานา,สุขุมวิท4,1,07:00-09:00,0,0,1
นานา,สุขุมวิท4,1,09:00-16:00,0,0,1
นานา,สุขุมวิท4,1,16:00-19:00,0,0,1
นานา,สุขุมวิท4,3,07:00-09:00,0,0,1
นานา,สุขุมวิท4,3,09:00-17:00,0,0,1
นานา,สุขุมวิท4,3,17:00-19:00,0,0,1
นานา,สุขุมวิท4,4,07:00-09:00,0,0,1
นานา,สุขุมวิท4,4,09:00-17:00,0,0,1
นานา,สุขุมวิท4,4,17:00-19:00,0,0,1
นาวงประชาพัฒนา-เทิดราชัน,นาวงประชาพัฒนา,2,07:00-09:00,0,0,1
นาวงประชาพัฒนา-เทิดราชัน,นาวงประชาพัฒนา,2,09:00-17:00,0,0,1
นาวงประชาพัฒนา-เทิดราชัน,นาวงประชาพัฒนา,2,17:00-19:00,0,0,1
นาวงประชาพัฒนา-เทิดราชัน,เทิดราชัน,2,07:00-09:00,0,0,1
นาวงประชาพัฒนา-เทิดราชัน,เทิดราชัน,2,09:00-17:00,0,0,1
นาวงประชาพัฒนา-เทิดราชัน,เทิดราชัน,2,17:00-19:00,0,0,1
นาวงประชาพัฒนา13,นาวงประชาพัฒนา,1,07:00-09:00,1,0,0
นาวงประชาพัฒนา13,นาวงประชาพัฒนา,1,09:00-16:00,1,0,0
นาวงประชาพัฒนา13,นาวงประชาพัฒนา,1,16:00-19:00,1,0,0
นาหลวง,ประชาอุทิศ,3,07:00-09:00,1,0,0
นาหลวง,ประชาอุทิศ,3,09:00-16:00,1,0,0
นาหลวง,ประชาอุทิศ,3,16:00-19:00,1,0,0
นาหลวง,ประชาอุทิศ,4,07:00-09:00,1,0,0
นาหลวง,ประชาอุทิศ,4,09:00-16:00,1,0,0
นาหลวง,ประชาอุทิศ,4,16:00-19:00,1,0,0
นาหลวง,ประชาอุทิศ(SB),2,07:00-09:00,0,1,0
นาหลวง,ประชาอุทิศ(SB),2,09:00-16:00,0,1,0
นาหลวง,ประชาอุทิศ(SB),2,16:00-19:00,0,1,0
นาหลวง,ประชาอุทิศ(SB),4,07:00-09:00,0,0,2
นาหลวง,ประชาอุทิศ(SB),4,09:00-17:00,0,0,2
นาหลวง,ประชาอุทิศ(SB),4,17:00-19:00,0,0,2
นาหลวง,ประชาอุทิศ(WB),2,07:00-09:00,0,1,0
นาหลวง,ประชาอุทิศ(WB),2,09:00-16:00,0,1,0
นาหลวง,ประชาอุทิศ(WB),2,16:00-19:00,0,1,0
นาหลวง,ประชาอุทิศ(WB),4,07:00-09:00,0,0,2
นาหลวง,ประชาอุทิศ(WB),4,09:00-17:00,0,0,2
นาหลวง,ประชาอุทิศ(WB),4,17:00-19:00,0,0,2
นาหลวง,พุทธบูชา,2,07:00-09:00,0,1,0
นาหลวง,พุทธบูชา,2,09:00-16:00,0,1,0
นาหลวง,พุทธบูชา,2,16:00-19:00,0,1,0
นาหลวง,พุทธบูชา,3,07:00-09:00,1,0,0
นาหลวง,พุทธบูชา,3,09:00-16:00,1,0,0
นาหลวง,พุทธบูชา,3,16:00-19:00,1,0,0
นาหลวง,พุทธบูชา,4,07:00-09:00,1,0,2
นาหลวง,พุทธบูชา,4,09:00-16:00,1,0,0
นาหลวง,พุทธบูชา,4,09:00-17:00,0,0,2
นาหลวง,พุทธบูชา,4,16:00-19:00,1,0,0
นาหลวง,พุทธบูชา,4,17:00-19:00,0,0,2
นาหลวง,ม.สินทวี,3,07:00-09:00,1,0,0
นาหลวง,ม.สินทวี,3,09:00-16:00,1,0,0
นาหลวง,ม.สินทวี,3,16:00-19:00,1,0,0
นาหลวง,ม.สินทวี,4,07:00-09:00,1,0,0
นาหลวง,ม.สินทวี,4,09:00-16:00,1,0,0
นาหลวง,ม.สินทวี,4,16:00-19:00,1,0,0
นาหลวง,หมู่บ้านสินทวี,2,07:00-09:00,0,1,0
นาหลวง,หมู่บ้านสินทวี,2,09:00-16:00,0,1,0
นาหลวง,หมู่บ้านสินทวี,2,16:00-19:00,0,1,0
นาหลวง,หมู่บ้านสินทวี,4,07:00-09:00,0,0,2
นาหลวง,หมู่บ้านสินทวี,4,09:00-17:00,0,0,2
นาหลวง,หมู่บ้านสินทวี,4,17:00-19:00,0,0,2
นิคมมักกะสัน,กำแพงเพชร7,3,07:00-09:00,0,0,1
นิคมมักกะสัน,กำแพงเพชร7,3,09:00-17:00,0,0,1
นิคมมักกะสัน,กำแพงเพชร7,3,17:00-19:00,0,0,1
นิคมมักกะสัน,นิคมมักกะสัน(EB),3,07:00-09:00,0,0,1
นิคมมักกะสัน,นิคมมักกะสัน(EB),3,09:00-17:00,0,0,1
นิคมมักกะสัน,นิคมมักกะสัน(EB),3,17:00-19:00,0,0,1
นิคมมักกะสัน,นิคมมักกะสัน(NB),3,07:00-09:00,0,0,1
นิคมมักกะสัน,นิคมมักกะสัน(NB),3,09:00-17:00,0,0,1
นิคมมักกะสัน,นิคมมักกะสัน(NB),3,17:00-19:00,0,0,1
นิคมอุตสาหกรรมลาดกระบัง,ฉลองกรุง,2,07:00-09:00,0,0,1
นิคมอุตสาหกรรมลาดกระบัง,ฉลองกรุง,2,09:00-17:00,0,0,1
นิคมอุตสาหกรรมลาดกระบัง,ฉลองกรุง,2,17:00-19:00,0,0,1
นิคมอุตสาหกรรมลาดกระบัง,ฉลองกรุง,3,07:00-09:00,1,0,0
นิคมอุตสาหกรรมลาดกระบัง,ฉลองกรุง,3,09:00-16:00,1,0,0
นิคมอุตสาหกรรมลาดกระบัง,ฉลองกรุง,3,16:00-19:00,1,0,0
นิคมอุตสาหกรรมลาดกระบัง,ฉลองกรุง,4,07:00-09:00,0,0,2
นิคมอุตสาหกรรมลาดกระบัง,ฉลองกรุง,4,09:00-17:00,0,0,2
นิคมอุตสาหกรรมลาดกระบัง,ฉลองกรุง,4,17:00-19:00,0,0,2
นิคมอุตสาหกรรมลาดกระบัง,ฉลองกรุง31,2,07:00-09:00,0,0,1
นิคมอุตสาหกรรมลาดกระบัง,ฉลองกรุง31,2,09:00-17:00,0,0,1
นิคมอุตสาหกรรมลาดกระบัง,ฉลองกรุง31,2,17:00-19:00,0,0,1
นิคมอุตสาหกรรมลาดกระบัง,ฉลองกรุง31,4,07:00-09:00,0,0,2
นิคมอุตสาหกรรมลาดกระบัง,ฉลองกรุง31,4,09:00-17:00,0,0,2
นิคมอุตสาหกรรมลาดกระบัง,ฉลองกรุง31,4,17:00-19:00,0,0,2
นิคมอุตสาหกรรมลาดกระบัง,ซอยฉลองกรุง31,3,06:30-09:00,1,0,0
นิคมอุตสาหกรรมลาดกระบัง,ซอยฉลองกรุง31,3,09:00-16:00,1,0,0
นิคมอุตสาหกรรมลาดกระบัง,ซอยฉลองกรุง31,3,16:00-19:30,1,0,0
นิคมอุตสาหกรรมลาดกระบัง,ซอยส่วนบุคคล,2,07:00-09:00,0,0,1
นิคมอุตสาหกรรมลาดกระบัง,ซอยส่วนบุคคล,2,09:00-17:00,0,0,1
นิคมอุตสาหกรรมลาดกระบัง,ซอยส่วนบุคคล,2,17:00-19:00,0,0,1
นิคมอุตสาหกรรมลาดกระบัง,ส่วนบุคคล,3,06:30-09:00,1,0,0
นิคมอุตสาหกรรมลาดกระบัง,ส่วนบุคคล,3,09:00-16:00,1,0,0
นิคมอุตสาหกรรมลาดกระบัง,ส่วนบุคคล,3,16:00-19:30,1,0,0
นิคมอุตสาหกรรมลาดกระบัง,ส่วนบุคคล,4,07:00-09:00,0,0,2
นิคมอุตสาหกรรมลาดกระบัง,ส่วนบุคคล,4,09:00-17:00,0,0,2
นิคมอุตสาหกรรมลาดกระบัง,ส่วนบุคคล,4,17:00-19:00,0,0,2
นิด้า,ศรีบูรพา,1,07:00-09:00,1,0,1
นิด้า,ศรีบูรพา,1,09:00-16:00,1,0,0
นิด้า,ศรีบูรพา,1,09:00-17:00,0,0,1
นิด้า,ศรีบูรพา,1,16:00-19:00,1,0,0
นิด้า,ศรีบูรพา,1,17:00-19:00,0,0,1
นิด้า,ศรีบูรพา,2,06:30-09:00,0,1,0
นิด้า,ศรีบูรพา,2,09:00-16:00,0,1,0
นิด้า,ศรีบูรพา,2,16:00-19:30,0,1,0
นิด้า,ศรีบูรพา,3,07:00-09:00,0,0,2
นิด้า,ศรีบูรพา,3,09:00-17:00,0,0,2
นิด้า,ศรีบูรพา,3,17:00-19:00,0,0,2
นิด้า,ศรีบูรพา,4,07:00-09:00,0,1,0
นิด้า,ศรีบูรพา,4,09:00-16:00,0,1,0
นิด้า,ศรีบูรพา,4,16:00-19:00,0,1,0
นิด้า,เสรีไทย,1,07:00-09:00,1,0,1
นิด้า,เสรีไทย,1,09:00-16:00,1,0,0
นิด้า,เสรีไทย,1,09:00-17:00,0,0,1
นิด้า,เสรีไทย,1,16:00-19:00,1,0,0
นิด้า,เสรีไทย,1,17:00-19:00,0,0,1
นิด้า,เสรีไทย,2,07:00-09:00,0,1,0
นิด้า,เสรีไทย,2,09:00-16:00,0,1,0
นิด้า,เสรีไทย,2,16:00-19:00,0,1,0
นิด้า,เสรีไทย,3,07:00-09:00,0,0,2
นิด้า,เสรีไทย,3,09:00-17:00,0,0,2
นิด้า,เสรีไทย,3,17:00-19:00,0,0,2
นิด้า,เสรีไทย,4,07:00-09:00,0,1,0
นิด้า,เสรีไทย,4,09:00-16:00,0,1,0
นิด้า,เสรีไทย,4,16:00-19:00,0,1,0
นิมิตใหม่-ประชาร่วมใจ,นิมิตใหม่,4,07:00-09:00,0,0,1
นิมิตใหม่-ประชาร่วมใจ,นิมิตใหม่,4,09:00-16:00,0,0,1
นิมิตใหม่-ประชาร่วมใจ,นิมิตใหม่,4,16:00-19:00,0,0,1
นิมิตใหม่-ประชาร่วมใจ,ประชาร่วมใจ,4,07:00-09:00,0,0,1
นิมิตใหม่-ประชาร่วมใจ,ประชาร่วมใจ,4,09:00-16:00,0,0,1
นิมิตใหม่-ประชาร่วมใจ,ประชาร่วมใจ,4,16:00-19:00,0,0,1
นิมิตใหม่-สุวินทวงศ์,นิมิตใหม่,3,07:00-09:00,0,0,1
นิมิตใหม่-สุวินทวงศ์,นิมิตใหม่,3,09:00-17:00,0,0,1
นิมิตใหม่-สุวินทวงศ์,นิมิตใหม่,3,17:00-19:00,0,0,1
นิมิตใหม่-สุวินทวงศ์,สุวินทวงศ์,3,07:00-09:00,0,0,1
นิมิตใหม่-สุวินทวงศ์,สุวินทวงศ์,3,09:00-17:00,0,0,1
นิมิตใหม่-สุวินทวงศ์,สุวินทวงศ์,3,17:00-19:00,0,0,1
นิมิตใหม่14,นิมิตใหม่,1,07:00-09:00,0,0,1
นิมิตใหม่14,นิมิตใหม่,1,09:00-17:00,0,0,1
นิมิตใหม่14,นิมิตใหม่,1,17:00-19:00,0,0,1
นิมิตใหม่4-6,นิมิตใหม่,3,07:00-09:00,0,0,1
นิมิตใหม่4-6,นิมิตใหม่,3,09:00-17:00,0,0,1
นิมิตใหม่4-6,นิมิตใหม่,3,17:00-19:00,0,0,1
นิมิตใหม่40,นิมิตใหม่,1,07:00-09:00,0,0,1
นิมิตใหม่40,นิมิตใหม่,1,09:00-17:00,0,0,1
นิมิตใหม่40,นิมิตใหม่,1,17:00-19:00,0,0,1
นิมิตใหม่64,ซอยนิมิตใหม่63,1,07:00-09:00,1,0,0
นิมิตใหม่64,ซอยนิมิตใหม่63,1,09:00-16:00,1,0,0
นิมิตใหม่64,ซอยนิมิตใหม่63,1,16:00-19:00,1,0,0
นิมิตใหม่64,ซอยนิมิตใหม่64,1,07:00-09:00,1,0,0
นิมิตใหม่64,ซอยนิมิตใหม่64,1,09:00-16:00,1,0,0
นิมิตใหม่64,ซอยนิมิตใหม่64,1,16:00-19:00,1,0,0
นิมิตใหม่64,นิมิตใหม่,1,07:00-09:00,1,0,0
นิมิตใหม่64,นิมิตใหม่,1,09:00-16:00,1,0,0
นิมิตใหม่64,นิมิตใหม่,1,16:00-19:00,1,0,0
นเรศ,สี่พระยา,3,07:00-09:00,0,0,2
นเรศ,สี่พระยา,3,09:00-17:00,0,0,2
นเรศ,สี่พระยา,3,17:00-19:00,0,0,2
บรมราชชนนี,จรัญสนิทวงศ์,2,07:00-09:00,0,1,1
บรมราชชนนี,จรัญสนิทวงศ์,2,09:00-16:00,0,1,0
บรมราชชนนี,จรัญสนิทวงศ์,2,09:00-17:00,0,0,1
บรมราชชนนี,จรัญสนิทวงศ์,2,16:00-19:00,0,1,0
บรมราชชนนี,จรัญสนิทวงศ์,2,17:00-19:00,0,0,1
บรมราชชนนี,จรัญสนิทวงศ์,3,07:00-09:00,1,0,0
บรมราชชนนี,จรัญสนิทวงศ์,3,09:00-16:00,1,0,0
บรมราชชนนี,จรัญสนิทวงศ์,3,16:00-19:00,1,0,0
บรมราชชนนี,จรัญสนิทวงศ์,4,07:00-09:00,0,0,2
บรมราชชนนี,จรัญสนิทวงศ์,4,09:00-17:00,0,0,2
บรมราชชนนี,จรัญสนิทวงศ์,4,17:00-19:00,0,0,2
บรมราชชนนี,บรมราชชนนี,1,07:00-09:00,0,0,1
บรมราชชนนี,บรมราชชนนี,1,09:00-16:00,0,0,1
บรมราชชนนี,บรมราชชนนี,1,16:00-19:00,0,0,1
บรมราชชนนี,บรมราชชนนี,2,07:00-09:00,0,1,1
บรมราชชนนี,บรมราชชนนี,2,09:00-16:00,0,1,0
บรมราชชนนี,บรมราชชนนี,2,09:00-17:00,0,0,1
บรมราชชนนี,บรมราชชนนี,2,16:00-19:00,0,1,0
บรมราชชนนี,บรมราชชนนี,2,17:00-19:00,0,0,1
บรมราชชนนี,บรมราชชนนี,3,07:00-09:00,1,0,0
บรมราชชนนี,บรมราชชนนี,3,09:00-16:00,1,0,0
บรมราชชนนี,บรมราชชนนี,3,16:00-19:00,1,0,0
บรมราชชนนี,บรมราชชนนี,4,07:00-09:00,0,0,2
บรมราชชนนี,บรมราชชนนี,4,09:00-17:00,0,0,2
บรมราชชนนี,บรมราชชนนี,4,17:00-19:00,0,0,2
บรมราชชนนี,สมเด็จพระปิ่นเกล้า,2,07:00-09:00,0,1,1
บรมราชชนนี,สมเด็จพระปิ่นเกล้า,2,09:00-16:00,0,1,0
บรมราชชนนี,สมเด็จพระปิ่นเกล้า,2,09:00-17:00,0,0,1
บรมราชชนนี,สมเด็จพระปิ่นเกล้า,2,16:00-19:00,0,1,0
บรมราชชนนี,สมเด็จพระปิ่นเกล้า,2,17:00-19:00,0,0,1
บรมราชชนนี,สมเด็จพระปิ่นเกล้า,4,07:00-09:00,0,0,1
บรมราชชนนี,สมเด็จพระปิ่นเกล้า,4,09:00-17:00,0,0,1
บรมราชชนนี,สมเด็จพระปิ่นเกล้า,4,17:00-19:00,0,0,1
บรมราชชนนี,สมเด็จพระปืนเกล่า,3,07:00-09:00,1,0,0
บรมราชชนนี,สมเด็จพระปืนเกล่า,3,09:00-16:00,1,0,0
บรมราชชนนี,สมเด็จพระปืนเกล่า,3,16:00-19:00,1,0,0
บรมราชชนนี-ชัยพฤกษ์,ชัยพฤกษ์,1,07:00-09:00,0,0,1
บรมราชชนนี-ชัยพฤกษ์,ชัยพฤกษ์,1,09:00-16:00,0,0,1
บรมราชชนนี-ชัยพฤกษ์,ชัยพฤกษ์,1,16:00-19:00,0,0,1
บรมราชชนนี-ชัยพฤกษ์,แจ้งวัฒนะ,1,07:00-09:00,0,0,1
บรมราชชนนี-ชัยพฤกษ์,แจ้งวัฒนะ,1,09:00-16:00,0,0,1
บรมราชชนนี-ชัยพฤกษ์,แจ้งวัฒนะ,1,16:00-19:00,0,0,1
บรมราชชนนี-ราชพฤกษ์,บรมราชชนนี,1,07:00-09:00,0,1,0
บรมราชชนนี-ราชพฤกษ์,บรมราชชนนี,1,09:00-16:00,0,1,0
บรมราชชนนี-ราชพฤกษ์,บรมราชชนนี,1,16:00-19:00,0,1,0
บรมราชชนนี-ราชพฤกษ์,ราชพฤกษ์,1,07:00-09:00,0,1,0
บรมราชชนนี-ราชพฤกษ์,ราชพฤกษ์,1,09:00-16:00,0,1,0
บรมราชชนนี-ราชพฤกษ์,ราชพฤกษ์,1,16:00-19:00,0,1,0
บรมราชชนนี-สิรินธร,บรมราชชนนี(EB),1,07:00-09:00,0,0,1
บรมราชชนนี-สิรินธร,บรมราชชนนี(EB),1,09:00-16:00,0,0,1
บรมราชชนนี-สิรินธร,บรมราชชนนี(EB),1,16:00-19:00,0,0,1
บรมราชชนนี-สิรินธร,บรมราชชนนี(NB),1,07:00-09:00,0,0,1
บรมราชชนนี-สิรินธร,บรมราชชนนี(NB),1,09:00-16:00,0,0,1
บรมราชชนนี-สิรินธร,บรมราชชนนี(NB),1,16:00-19:00,0,0,1
บรมราชชนนี-สิรินธร,สิรินธร,1,07:00-09:00,0,0,1
บรมราชชนนี-สิรินธร,สิรินธร,1,09:00-16:00,0,0,1
บรมราชชนนี-สิรินธร,สิรินธร,1,16:00-19:00,0,0,1
บรมราชชนนี-เลียบทางรถไฟตลิ่งชัน,บรมราชชนนี,1,07:00-09:00,0,0,1
บรมราชชนนี-เลียบทางรถไฟตลิ่งชัน,บรมราชชนนี,1,09:00-16:00,0,0,1
บรมราชชนนี-เลียบทางรถไฟตลิ่งชัน,บรมราชชนนี,1,16:00-19:00,0,0,1
บรมราชชนนี-เลียบทางรถไฟตลิ่งชัน,เลียบทางรถไฟตลิ่งชัน,1,07:00-09:00,0,0,1
บรมราชชนนี-เลียบทางรถไฟตลิ่งชัน,เลียบทางรถไฟตลิ่งชัน,1,09:00-16:00,0,0,1
บรมราชชนนี-เลียบทางรถไฟตลิ่งชัน,เลียบทางรถไฟตลิ่งชัน,1,16:00-19:00,0,0,1
บรรทัดทอง-จรัสเมือง,จรัสเมือง,2,07:00-09:00,0,1,0
บรรทัดทอง-จรัสเมือง,จรัสเมือง,2,09:00-16:00,0,1,0
บรรทัดทอง-จรัสเมือง,จรัสเมือง,2,16:00-19:00,0,1,0
บรรทัดทอง-จรัสเมือง,บรรทัดทอง,2,06:30-09:00,0,1,0
บรรทัดทอง-จรัสเมือง,บรรทัดทอง,2,09:00-16:00,0,1,0
บรรทัดทอง-จรัสเมือง,บรรทัดทอง,2,16:00-19:30,0,1,0
บรรทัดทอง-จุฬา12,จุฬา12,2,07:00-09:00,0,0,1
บรรทัดทอง-จุฬา12,จุฬา12,2,09:00-17:00,0,0,1
บรรทัดทอง-จุฬา12,จุฬา12,2,17:00-19:00,0,0,1
บรรทัดทอง-จุฬา12,ซอยจุฬา12,2,06:30-09:00,1,0,0
บรรทัดทอง-จุฬา12,ซอยจุฬา12,2,09:00-16:00,1,0,0
บรรทัดทอง-จุฬา12,ซอยจุฬา12,2,16:00-19:30,1,0,0
บรรทัดทอง-จุฬา12,ซอยจุฬา12,4,07:00-09:00,1,0,0
บรรทัดทอง-จุฬา12,ซอยจุฬา12,4,09:00-16:00,1,0,0
บรรทัดทอง-จุฬา12,ซอยจุฬา12,4,16:00-19:00,1,0,0
บรรทัดทอง-จุฬา12,บรรทัดทอง,2,06:30-09:00,1,0,0
บรรทัดทอง-จุฬา12,บรรทัดทอง,2,07:00-09:00,0,0,1
บรรทัดทอง-จุฬา12,บรรทัดทอง,2,09:00-16:00,1,0,0
บรรทัดทอง-จุฬา12,บรรทัดทอง,2,09:00-17:00,0,0,1
บรรทัดทอง-จุฬา12,บรรทัดทอง,2,16:00-19:30,1,0,0
บรรทัดทอง-จุฬา12,บรรทัดทอง,2,17:00-19:00,0,0,1
บรรทัดทอง-จุฬา12,บรรทัดทอง,4,07:00-09:00,1,0,0
บรรทัดทอง-จุฬา12,บรรทัดทอง,4,09:00-16:00,1,0,0
บรรทัดทอง-จุฬา12,บรรทัดทอง,4,16:00-19:00,1,0,0
บริษัทการบินไทย,วิภาวดีรังสิต,3,07:00-09:00,0,1,0
บริษัทการบินไทย,วิภาวดีรังสิต,3,09:00-16:00,0,1,0
บริษัทการบินไทย,วิภาวดีรังสิต,3,16:00-19:00,0,1,0
บริเวณจุดกลับรถหน้าโรงเรียนฝึกอาชีพกรุงเทพมหานคร,เชื่อมสัมพันธ์,1,06:30-09:00,1,0,0
บริเวณจุดกลับรถหน้าโรงเรียนฝึกอาชีพกรุงเทพมหานคร,เชื่อมสัมพันธ์,1,09:00-16:00,1,0,0
บริเวณจุดกลับรถหน้าโรงเรียนฝึกอาชีพกรุงเทพมหานคร,เชื่อมสัมพันธ์,1,16:00-19:30,1,0,0
บริเวณหน้าThelineCondo,สุขุมวิท71,1,07:00-09:00,1,0,0
บริเวณหน้าThelineCondo,สุขุมวิท71,1,09:00-16:00,1,0,0
บริเวณหน้าThelineCondo,สุขุมวิท71,1,16:00-19:00,1,0,0
บริเวณใกล้ลาดพร้าว71,ลาดพร้าว,4,07:00-09:00,1,0,0
บริเวณใกล้ลาดพร้าว71,ลาดพร้าว,4,09:00-16:00,1,0,0
บริเวณใกล้ลาดพร้าว71,ลาดพร้าว,4,16:00-19:00,1,0,0
บัญญาอินทรา-เลียบคลองสอง,ปัญญาอินทรา,2,07:00-09:00,1,0,0
บัญญาอินทรา-เลียบคลองสอง,ปัญญาอินทรา,2,09:00-16:00,1,0,0
บัญญาอินทรา-เลียบคลองสอง,ปัญญาอินทรา,2,16:00-19:00,1,0,0
บัญญาอินทรา-เลียบคลองสอง,เลียบคลองสอง,2,07:00-09:00,1,0,0
บัญญาอินทรา-เลียบคลองสอง,เลียบคลองสอง,2,09:00-16:00,1,0,0
บัญญาอินทรา-เลียบคลองสอง,เลียบคลองสอง,2,16:00-19:00,1,0,0
บางกระบือ,พระรามที่9,1,06:30-09:00,0,1,0
บางกระบือ,พระรามที่9,1,09:00-16:00,0,1,0
บางกระบือ,พระรามที่9,1,16:00-19:30,0,1,0
บางกระบือ,สามเสน,1,07:00-09:00,0,1,1
บางกระบือ,สามเสน,1,09:00-16:00,0,1,0
บางกระบือ,สามเสน,1,09:00-17:00,0,0,1
บางกระบือ,สามเสน,1,16:00-19:00,0,1,0
บางกระบือ,สามเสน,1,17:00-19:00,0,0,1
บางกระบือ,สามเสน,2,07:00-09:00,0,0,1
บางกระบือ,สามเสน,2,09:00-16:00,0,0,1
บางกระบือ,สามเสน,2,16:00-19:00,0,0,1
บางกระบือ,สามเสน,4,07:00-09:00,1,1,0
บางกระบือ,สามเสน,4,09:00-16:00,1,1,0
บางกระบือ,สามเสน,4,16:00-19:00,1,1,0
บางกระบือ,อำนวยสงคราม,1,07:00-09:00,0,1,1
บางกระบือ,อำนวยสงคราม,1,09:00-17:00,0,0,1
บางกระบือ,อำนวยสงคราม,1,16:00-19:00,0,1,0
บางกระบือ,อำนวยสงคราม,1,16:00-19:30,0,1,0
บางกระบือ,อำนวยสงคราม,1,17:00-19:00,0,0,1
บางกระบือ,อำนวยสงคราม,2,07:00-09:00,0,0,1
บางกระบือ,อำนวยสงคราม,2,09:00-16:00,0,0,1
บางกระบือ,อำนวยสงคราม,2,16:00-19:00,0,0,1
บางกระบือ,อำนวยสงคราม,4,07:00-09:00,1,1,0
บางกระบือ,อำนวยสงคราม,4,09:00-16:00,1,1,0
บางกระบือ,อำนวยสงคราม,4,16:00-19:00,1,1,0
บางกระบือ,เขียวไข่กา,1,07:00-09:00,0,1,1
บางกระบือ,เขียวไข่กา,1,09:00-16:00,0,1,0
บางกระบือ,เขียวไข่กา,1,09:00-17:00,0,0,1
บางกระบือ,เขียวไข่กา,1,16:00-19:00,0,1,0
บางกระบือ,เขียวไข่กา,1,17:00-19:00,0,0,1
บางกระบือ,เขียวไข่กา,2,07:00-09:00,0,0,1
บางกระบือ,เขียวไข่กา,2,09:00-16:00,0,0,1
บางกระบือ,เขียวไข่กา,2,16:00-19:00,0,0,1
บางกระบือ,เขียวไข่กา,4,07:00-09:00,1,1,0
บางกระบือ,เขียวไข่กา,4,09:00-16:00,1,1,0
บางกระบือ,เขียวไข่กา,4,16:00-19:00,1,1,0
บางกะปิ,นวมนิทร์,1,07:00-09:00,0,1,0
บางกะปิ,นวมนิทร์,1,09:00-16:00,0,1,0
บางกะปิ,นวมนิทร์,1,16:00-19:00,0,1,0
บางกะปิ,นวมินทร์,1,07:00-09:00,0,0,1
บางกะปิ,นวมินทร์,1,09:00-17:00,0,0,1
บางกะปิ,นวมินทร์,1,17:00-19:00,0,0,1
บางกะปิ,พ่วงศิริ,1,07:00-09:00,0,1,1
บางกะปิ,พ่วงศิริ,1,09:00-16:00,0,1,0
บางกะปิ,พ่วงศิริ,1,09:00-17:00,0,0,1
บางกะปิ,พ่วงศิริ,1,16:00-19:00,0,1,0
บางกะปิ,พ่วงศิริ,1,17:00-19:00,0,0,1
บางกะปิ,พ่วงศิริ,3,07:00-09:00,1,0,0
บางกะปิ,พ่วงศิริ,3,09:00-16:00,1,0,0
บางกะปิ,พ่วงศิริ,3,16:00-19:00,1,0,0
บางกะปิ,ลาดพร้าว,1,07:00-09:00,0,1,1
บางกะปิ,ลาดพร้าว,1,09:00-16:00,0,1,0
บางกะปิ,ลาดพร้าว,1,09:00-17:00,0,0,1
บางกะปิ,ลาดพร้าว,1,16:00-19:00,0,1,0
บางกะปิ,ลาดพร้าว,1,17:00-19:00,0,0,1
บางกะปิ,ลาดพร้าว,3,07:00-09:00,1,0,0
บางกะปิ,ลาดพร้าว,3,09:00-16:00,1,0,0
บางกะปิ,ลาดพร้าว,3,16:00-19:00,1,0,0
บางกะปิ,สุขาภิบาล1,3,07:00-09:00,1,0,0
บางกะปิ,สุขาภิบาล1,3,09:00-16:00,1,0,0
บางกะปิ,สุขาภิบาล1,3,16:00-19:00,1,0,0
บางกะปิ,เสรีไทย,1,07:00-09:00,0,1,1
บางกะปิ,เสรีไทย,1,09:00-16:00,0,1,0
บางกะปิ,เสรีไทย,1,09:00-17:00,0,0,1
บางกะปิ,เสรีไทย,1,16:00-19:00,0,1,0
บางกะปิ,เสรีไทย,1,17:00-19:00,0,0,1
บางกะปิ,เสรีไทย,3,07:00-09:00,1,0,0
บางกะปิ,เสรีไทย,3,09:00-16:00,1,0,0
บางกะปิ,เสรีไทย,3,16:00-19:00,1,0,0
บางขุนนนท์,จรัญสนิทวงศ์,1,07:00-09:00,2,0,2
บางขุนนนท์,จรัญสนิทวงศ์,1,09:00-16:00,2,0,0
บางขุนนนท์,จรัญสนิทวงศ์,1,09:00-17:00,0,0,2
บางขุนนนท์,จรัญสนิทวงศ์,1,16:00-19:00,2,0,0
บางขุนนนท์,จรัญสนิทวงศ์,1,17:00-19:00,0,0,2
บางขุนนนท์,จรัญสนิทวงศ์,3,07:00-09:00,0,2,1
บางขุนนนท์,จรัญสนิทวงศ์,3,09:00-16:00,0,2,0
บางขุนนนท์,จรัญสนิทวงศ์,3,09:00-17:00,0,0,1
บางขุนนนท์,จรัญสนิทวงศ์,3,16:00-19:00,0,2,0
บางขุนนนท์,จรัญสนิทวงศ์,3,17:00-19:00,0,0,1
บางขุนนนท์,จรัญสนิทวงศ์32,1,07:00-09:00,0,0,2
บางขุนนนท์,จรัญสนิทวงศ์32,1,09:00-17:00,0,0,2
บางขุนนนท์,จรัญสนิทวงศ์32,1,17:00-19:00,0,0,2
บางขุนนนท์,จรัญสนิทวงศ์32,3,07:00-09:00,0,0,1
บางขุนนนท์,จรัญสนิทวงศ์32,3,09:00-17:00,0,0,1
บางขุนนนท์,จรัญสนิทวงศ์32,3,17:00-19:00,0,0,1
บางขุนนนท์,ซอยจรัญสนิทวงศ์32,1,07:00-09:00,2,0,0
บางขุนนนท์,ซอยจรัญสนิทวงศ์32,1,09:00-16:00,2,0,0
บางขุนนนท์,ซอยจรัญสนิทวงศ์32,1,16:00-19:00,2,0,0
บางขุนนนท์,ซอยจรัญสนิทวงศ์32,3,06:30-09:00,0,1,0
บางขุนนนท์,ซอยจรัญสนิทวงศ์32,3,07:00-09:00,0,1,0
บางขุนนนท์,ซอยจรัญสนิทวงศ์32,3,09:00-16:00,0,2,0
บางขุนนนท์,ซอยจรัญสนิทวงศ์32,3,16:00-19:00,0,1,0
บางขุนนนท์,ซอยจรัญสนิทวงศ์32,3,16:00-19:30,0,1,0
บางขุนนนท์,บางกอกน้อยตลิงชัน,1,07:00-09:00,1,0,0
บางขุนนนท์,บางกอกน้อยตลิงชัน,1,09:00-16:00,1,0,0
บางขุนนนท์,บางกอกน้อยตลิงชัน,1,16:00-19:00,1,0,0
บางขุนนนท์,บางกอกน้อยตลิ่งชัน,1,07:00-09:00,1,0,0
บางขุนนนท์,บางกอกน้อยตลิ่งชัน,1,09:00-16:00,1,0,0
บางขุนนนท์,บางกอกน้อยตลิ่งชัน,1,16:00-19:00,1,0,0
บางขุนนนท์,บางกอกน้อยตลิ่งชัน,3,06:30-09:00,0,1,0
บางขุนนนท์,บางกอกน้อยตลิ่งชัน,3,07:00-09:00,0,1,1
บางขุนนนท์,บางกอกน้อยตลิ่งชัน,3,09:00-16:00,0,2,0
บางขุนนนท์,บางกอกน้อยตลิ่งชัน,3,09:00-17:00,0,0,1
บางขุนนนท์,บางกอกน้อยตลิ่งชัน,3,16:00-19:00,0,1,0
บางขุนนนท์,บางกอกน้อยตลิ่งชัน,3,16:00-19:30,0,1,0
บางขุนนนท์,บางกอกน้อยตลิ่งชัน,3,17:00-19:00,0,0,1
บางขุนนนท์,บางขุนนนท์,1,07:00-09:00,0,0,2
บางขุนนนท์,บางขุนนนท์,1,09:00-17:00,0,0,2
บางขุนนนท์,บางขุนนนท์,1,17:00-19:00,0,0,2
บางขุนพรหม,วิสุทธิกษัตริย์,1,07:00-09:00,0,0,1
บางขุนพรหม,วิสุทธิกษัตริย์,1,09:00-17:00,0,0,1
บางขุนพรหม,วิสุทธิกษัตริย์,1,17:00-19:00,0,0,1
บางขุนพรหม,วิสุทธิกษัตริย์,2,06:30-09:00,0,1,0
บางขุนพรหม,วิสุทธิกษัตริย์,2,07:00-09:00,1,0,0
บางขุนพรหม,วิสุทธิกษัตริย์,2,09:00-16:00,1,1,0
บางขุนพรหม,วิสุทธิกษัตริย์,2,16:00-19:00,1,0,0
บางขุนพรหม,วิสุทธิกษัตริย์,2,16:00-19:30,0,1,0
บางขุนพรหม,วิสุทธิ์กษัตริย์,3,07:00-09:00,0,0,1
บางขุนพรหม,วิสุทธิ์กษัตริย์,3,09:00-16:00,0,0,1
บางขุนพรหม,วิสุทธิ์กษัตริย์,3,16:00-19:00,0,0,1
บางขุนพรหม,สามเสน,1,07:00-09:00,0,0,1
บางขุนพรหม,สามเสน,1,09:00-17:00,0,0,1
บางขุนพรหม,สามเสน,1,17:00-19:00,0,0,1
บางขุนพรหม,สามเสน,2,06:30-09:00,0,1,0
บางขุนพรหม,สามเสน,2,07:00-09:00,1,0,0
บางขุนพรหม,สามเสน,2,09:00-16:00,1,1,0
บางขุนพรหม,สามเสน,2,16:00-19:00,1,0,0
บางขุนพรหม,สามเสน,2,16:00-19:30,0,1,0
บางขุนพรหม,สามเสน,3,07:00-09:00,0,0,1
บางขุนพรหม,สามเสน,3,09:00-16:00,0,0,1
บางขุนพรหม,สามเสน,3,16:00-19:00,0,0,1
บางขุนเทียน-บางขุนเทียน16,บางขุนเทียน,3,07:00-09:00,0,0,1
บางขุนเทียน-บางขุนเทียน16,บางขุนเทียน,3,09:00-17:00,0,0,1
บางขุนเทียน-บางขุนเทียน16,บางขุนเทียน,3,17:00-19:00,0,0,1
บางขุนเทียน-บางขุนเทียน16,บางขุนเทียน16,3,07:00-09:00,0,0,1
บางขุนเทียน-บางขุนเทียน16,บางขุนเทียน16,3,09:00-17:00,0,0,1
บางขุนเทียน-บางขุนเทียน16,บางขุนเทียน16,3,17:00-19:00,0,0,1
บางขุนเทียน-บางขุนเทียน9,บางขุนเทียน,3,07:00-09:00,0,0,1
บางขุนเทียน-บางขุนเทียน9,บางขุนเทียน,3,09:00-17:00,0,0,1
บางขุนเทียน-บางขุนเทียน9,บางขุนเทียน,3,17:00-19:00,0,0,1
บางขุนเทียน-บางขุนเทียน9,บางขุนเทียน9,3,07:00-09:00,0,0,1
บางขุนเทียน-บางขุนเทียน9,บางขุนเทียน9,3,09:00-17:00,0,0,1
บางขุนเทียน-บางขุนเทียน9,บางขุนเทียน9,3,17:00-19:00,0,0,1
บางขุนเทียน-พระยามนธาตุราชศรีพิจิตร์,บางขุนเทียน,1,07:00-09:00,0,0,1
บางขุนเทียน-พระยามนธาตุราชศรีพิจิตร์,บางขุนเทียน,1,09:00-17:00,0,0,1
บางขุนเทียน-พระยามนธาตุราชศรีพิจิตร์,บางขุนเทียน,1,17:00-19:00,0,0,1
บางขุนเทียน-พระยามนธาตุราชศรีพิจิตร์,บางขุนเทียน,2,07:00-09:00,1,0,0
บางขุนเทียน-พระยามนธาตุราชศรีพิจิตร์,บางขุนเทียน,2,09:00-16:00,1,0,0
บางขุนเทียน-พระยามนธาตุราชศรีพิจิตร์,บางขุนเทียน,2,16:00-19:00,1,0,0
บางขุนเทียน-พระยามนธาตุราชศรีพิจิตร์,บางขุนเทียน,4,07:00-09:00,0,1,0
บางขุนเทียน-พระยามนธาตุราชศรีพิจิตร์,บางขุนเทียน,4,09:00-16:00,0,1,0
บางขุนเทียน-พระยามนธาตุราชศรีพิจิตร์,บางขุนเทียน,4,16:00-19:00,0,1,0
บางขุนเทียน-พระยามนธาตุราชศรีพิจิตร์,พระยามนธาตุราชศรีพิจิตร์,1,07:00-09:00,0,0,1
บางขุนเทียน-พระยามนธาตุราชศรีพิจิตร์,พระยามนธาตุราชศรีพิจิตร์,1,09:00-17:00,0,0,1
บางขุนเทียน-พระยามนธาตุราชศรีพิจิตร์,พระยามนธาตุราชศรีพิจิตร์,1,17:00-19:00,0,0,1
บางขุนเทียน-พระยามนธาตุราชศรีพิจิตร์,พระยามนธาตุราชศรีพิจิตร์,2,07:00-09:00,1,0,0
บางขุนเทียน-พระยามนธาตุราชศรีพิจิตร์,พระยามนธาตุราชศรีพิจิตร์,2,09:00-16:00,1,0,0
บางขุนเทียน-พระยามนธาตุราชศรีพิจิตร์,พระยามนธาตุราชศรีพิจิตร์,2,16:00-19:00,1,0,0
บางขุนเทียน-พระยามนธาตุราชศรีพิจิตร์,พระยามนธาตุราชศรีพิจิตร์,4,07:00-09:00,0,1,0
บางขุนเทียน-พระยามนธาตุราชศรีพิจิตร์,พระยามนธาตุราชศรีพิจิตร์,4,09:00-16:00,0,1,0
บางขุนเทียน-พระยามนธาตุราชศรีพิจิตร์,พระยามนธาตุราชศรีพิจิตร์,4,16:00-19:00,0,1,0
บางขุนเทียน-สะแกงาม,บางขุนเทียน,2,07:00-09:00,1,0,0
บางขุนเทียน-สะแกงาม,บางขุนเทียน,2,09:00-16:00,1,0,0
บางขุนเทียน-สะแกงาม,บางขุนเทียน,2,16:00-19:00,1,0,0
บางขุนเทียน-สะแกงาม,สะแกงาม,2,07:00-09:00,1,0,0
บางขุนเทียน-สะแกงาม,สะแกงาม,2,09:00-16:00,1,0,0
บางขุนเทียน-สะแกงาม,สะแกงาม,2,16:00-19:00,1,0,0
บางขุนเทียนชายทะเล-เทียนทะเล19,ซอยเทียนทะเล19,2,07:00-09:00,1,0,0
บางขุนเทียนชายทะเล-เทียนทะเล19,ซอยเทียนทะเล19,2,09:00-16:00,1,0,0
บางขุนเทียนชายทะเล-เทียนทะเล19,ซอยเทียนทะเล19,2,16:00-19:00,1,0,0
บางขุนเทียนชายทะเล-เทียนทะเล19,บางขุนเทียนชายทะเล,2,07:00-09:00,1,0,0
บางขุนเทียนชายทะเล-เทียนทะเล19,บางขุนเทียนชายทะเล,2,09:00-16:00,1,0,0
บางขุนเทียนชายทะเล-เทียนทะเล19,บางขุนเทียนชายทะเล,2,16:00-19:00,1,0,0
บางขุนเทียนชายทะเล-เทียนทะเล25,ซอยเทียนทะเล25,2,07:00-09:00,1,0,0
บางขุนเทียนชายทะเล-เทียนทะเล25,ซอยเทียนทะเล25,2,09:00-16:00,1,0,0
บางขุนเทียนชายทะเล-เทียนทะเล25,ซอยเทียนทะเล25,2,16:00-19:00,1,0,0
บางขุนเทียนชายทะเล-เทียนทะเล25,บางขุนเทียนชายทะเล,2,07:00-09:00,1,0,0
บางขุนเทียนชายทะเล-เทียนทะเล25,บางขุนเทียนชายทะเล,2,09:00-16:00,1,0,0
บางขุนเทียนชายทะเล-เทียนทะเล25,บางขุนเทียนชายทะเล,2,16:00-19:00,1,0,0
บางขุนเทียนชายทะเล-เทียนทะเล30,ซอยเทียนทะเล30,2,07:00-09:00,1,0,0
บางขุนเทียนชายทะเล-เทียนทะเล30,ซอยเทียนทะเล30,2,09:00-16:00,1,0,0
บางขุนเทียนชายทะเล-เทียนทะเล30,ซอยเทียนทะเล30,2,16:00-19:00,1,0,0
บางขุนเทียนชายทะเล-เทียนทะเล30,บางขุนเทียนชายทะเล,2,07:00-09:00,1,0,0
บางขุนเทียนชายทะเล-เทียนทะเล30,บางขุนเทียนชายทะเล,2,09:00-16:00,1,0,0
บางขุนเทียนชายทะเล-เทียนทะเล30,บางขุนเทียนชายทะเล,2,16:00-19:00,1,0,0
บางขุนเทียนชายทะเล-เลียบคลองพิทยาลงกรณ์,บางขุนเทียนชายทะเล,1,07:00-09:00,0,0,1
บางขุนเทียนชายทะเล-เลียบคลองพิทยาลงกรณ์,บางขุนเทียนชายทะเล,1,09:00-17:00,0,0,1
บางขุนเทียนชายทะเล-เลียบคลองพิทยาลงกรณ์,บางขุนเทียนชายทะเล,1,17:00-19:00,0,0,1
บางขุนเทียนชายทะเล-เลียบคลองพิทยาลงกรณ์,เลียบคลองพิทยาลงกรณ์,1,07:00-09:00,0,0,1
บางขุนเทียนชายทะเล-เลียบคลองพิทยาลงกรณ์,เลียบคลองพิทยาลงกรณ์,1,09:00-17:00,0,0,1
บางขุนเทียนชายทะเล-เลียบคลองพิทยาลงกรณ์,เลียบคลองพิทยาลงกรณ์,1,17:00-19:00,0,0,1
บางชัน,มณีพัฒนา,2,07:00-09:00,0,1,0
บางชัน,มณีพัฒนา,2,09:00-16:00,0,1,0
บางชัน,มณีพัฒนา,2,16:00-19:00,0,1,0
บางชัน,มีนพัฒนา,1,07:00-09:00,0,0,1
บางชัน,มีนพัฒนา,1,09:00-17:00,0,0,1
บางชัน,มีนพัฒนา,1,17:00-19:00,0,0,1
บางชัน,มีนพัฒนา,3,06:30-09:00,1,0,0
บางชัน,มีนพัฒนา,3,07:00-09:00,1,0,0
บางชัน,มีนพัฒนา,3,09:00-16:00,2,0,0
บางชัน,มีนพัฒนา,3,16:00-19:00,1,0,0
บางชัน,มีนพัฒนา,3,16:00-19:30,1,0,0
บางชัน,เสรีไทย,1,07:00-09:00,0,0,1
บางชัน,เสรีไทย,1,09:00-17:00,0,0,1
บางชัน,เสรีไทย,1,17:00-19:00,0,0,1
บางชัน,เสรีไทย,2,07:00-09:00,0,1,0
บางชัน,เสรีไทย,2,09:00-16:00,0,1,0
บางชัน,เสรีไทย,2,16:00-19:00,0,1,0
บางชัน,เสรีไทย,3,06:30-09:00,1,0,0
บางชัน,เสรีไทย,3,07:00-09:00,1,0,0
บางชัน,เสรีไทย,3,09:00-16:00,2,0,0
บางชัน,เสรีไทย,3,16:00-19:00,1,0,0
บางชัน,เสรีไทย,3,16:00-19:30,1,0,0
บางนา,บางนาตราด,1,07:00-09:00,1,0,1
บางนา,บางนาตราด,1,09:00-16:00,1,0,0
บางนา,บางนาตราด,1,09:00-17:00,0,0,1
บางนา,บางนาตราด,1,16:00-19:00,1,0,0
บางนา,บางนาตราด,1,17:00-19:00,0,0,1
บางนา,บางนาตราด,2,07:00-09:00,0,0,1
บางนา,บางนาตราด,2,09:00-16:00,0,0,1
บางนา,บางนาตราด,2,16:00-19:00,0,0,1
บางนา,สรรพาวุธ,1,06:30-09:00,1,0,0
บางนา,สรรพาวุธ,1,07:00-09:00,0,0,1
บางนา,สรรพาวุธ,1,09:00-16:00,1,0,0
บางนา,สรรพาวุธ,1,09:00-17:00,0,0,1
บางนา,สรรพาวุธ,1,16:00-19:30,1,0,0
บางนา,สรรพาวุธ,1,17:00-19:00,0,0,1
บางนา,สรรพาวุธ,2,07:00-09:00,0,0,1
บางนา,สรรพาวุธ,2,09:00-16:00,0,0,1
บางนา,สรรพาวุธ,2,16:00-19:00,0,0,1
บางนา,สุขุมวิท,1,06:30-09:00,1,0,0
บางนา,สุขุมวิท,1,07:00-09:00,0,0,1
บางนา,สุขุมวิท,1,09:00-16:00,1,0,0
บางนา,สุขุมวิท,1,09:00-17:00,0,0,1
บางนา,สุขุมวิท,1,16:00-19:30,1,0,0
บางนา,สุขุมวิท,1,17:00-19:00,0,0,1
บางนา,สุขุมวิท,2,07:00-09:00,0,0,1
บางนา,สุขุมวิท,2,09:00-16:00,0,0,1
บางนา,สุขุมวิท,2,16:00-19:00,0,0,1
บางบอน,บางขุนเทียน-ขายทะเล,1,07:00-09:00,0,0,1
บางบอน,บางขุนเทียน-ขายทะเล,1,09:00-17:00,0,0,1
บางบอน,บางขุนเทียน-ขายทะเล,1,17:00-19:00,0,0,1
บางบอน,บางขุนเทียนชายทะเล,2,07:00-09:00,0,0,1
บางบอน,บางขุนเทียนชายทะเล,2,09:00-16:00,0,0,1
บางบอน,บางขุนเทียนชายทะเล,2,16:00-19:00,0,0,1
บางบอน,บางขุนเทียนชายทะเล,3,07:00-09:00,0,1,0
บางบอน,บางขุนเทียนชายทะเล,3,09:00-16:00,0,1,0
บางบอน,บางขุนเทียนชายทะเล,3,16:00-19:00,0,1,0
บางบอน,บางบอน1,1,07:00-09:00,0,0,1
บางบอน,บางบอน1,1,09:00-17:00,0,0,1
บางบอน,บางบอน1,1,17:00-19:00,0,0,1
บางบอน,บางบอน1,3,07:00-09:00,0,0,1
บางบอน,บางบอน1,3,09:00-16:00,0,0,1
บางบอน,บางบอน1,3,16:00-19:00,0,0,1
บางบอน,เอกชัย,1,07:00-09:00,0,0,2
บางบอน,เอกชัย,1,09:00-17:00,0,0,2
บางบอน,เอกชัย,1,17:00-19:00,0,0,2
บางบอน,เอกชัย,2,07:00-09:00,0,0,1
บางบอน,เอกชัย,2,09:00-16:00,0,0,1
บางบอน,เอกชัย,2,16:00-19:00,0,0,1
บางบอน,เอกชัย,3,07:00-09:00,0,1,1
บางบอน,เอกชัย,3,09:00-16:00,0,1,1
บางบอน,เอกชัย,3,16:00-19:00,0,1,1
บางบอน1ซอย15,บางบอน1,3,07:00-09:00,0,0,1
บางบอน1ซอย15,บางบอน1,3,09:00-17:00,0,0,1
บางบอน1ซอย15,บางบอน1,3,17:00-19:00,0,0,1
บางบอน1ซอย15,บางบอน1ซอย15,3,07:00-09:00,0,0,1
บางบอน1ซอย15,บางบอน1ซอย15,3,09:00-17:00,0,0,1
บางบอน1ซอย15,บางบอน1ซอย15,3,17:00-19:00,0,0,1
บางบอน1ซอย20,บางบอน1,3,07:00-09:00,0,0,1
บางบอน1ซอย20,บางบอน1,3,09:00-17:00,0,0,1
บางบอน1ซอย20,บางบอน1,3,17:00-19:00,0,0,1
บางบอน1ซอย20,บางบอน1ซอย20,3,07:00-09:00,0,0,1
บางบอน1ซอย20,บางบอน1ซอย20,3,09:00-17:00,0,0,1
บางบอน1ซอย20,บางบอน1ซอย20,3,17:00-19:00,0,0,1
บางบอน2,บางบอน2,3,07:00-09:00,0,0,1
บางบอน2,บางบอน2,3,09:00-16:00,0,0,1
บางบอน2,บางบอน2,3,16:00-19:00,0,0,1
บางบอน2,เอกชัย,3,07:00-09:00,0,0,1
บางบอน2,เอกชัย,3,09:00-16:00,0,0,1
บางบอน2,เอกชัย,3,16:00-19:00,0,0,1
บางบอน3,บางบอน3,2,07:00-09:00,0,1,1
บางบอน3,บางบอน3,2,09:00-16:00,0,1,1
บางบอน3,บางบอน3,2,16:00-19:00,0,1,1
บางบอน3,บางบอน3(ต่อ),2,16:00-19:00,0,0,1
บางบอน3,เอกชัย,2,07:00-09:00,0,1,1
บางบอน3,เอกชัย,2,09:00-16:00,0,1,1
บางบอน3,เอกชัย,2,16:00-19:00,0,1,1
บางบอน3ซอย1,บางบอน3,2,07:00-09:00,0,1,0
บางบอน3ซอย1,บางบอน3,2,09:00-16:00,0,1,0
บางบอน3ซอย1,บางบอน3,2,16:00-19:00,0,1,0
บางบอน3ซอย5,บางบอน3,4,07:00-09:00,0,0,2
บางบอน3ซอย5,บางบอน3,4,09:00-17:00,0,0,2
บางบอน3ซอย5,บางบอน3,4,17:00-19:00,0,0,2
บางบอน3ซอย5,บางบอน3ซอย10,4,07:00-09:00,0,0,2
บางบอน3ซอย5,บางบอน3ซอย10,4,09:00-17:00,0,0,2
บางบอน3ซอย5,บางบอน3ซอย10,4,17:00-19:00,0,0,2
บางบอน3ซอย5,บางบอน3ซอย5,4,07:00-09:00,0,0,2
บางบอน3ซอย5,บางบอน3ซอย5,4,09:00-17:00,0,0,2
บางบอน3ซอย5,บางบอน3ซอย5,4,17:00-19:00,0,0,2
บางบอน4,บางบอน4,3,07:00-09:00,0,0,1
บางบอน4,บางบอน4,3,09:00-16:00,0,0,1
บางบอน4,บางบอน4,3,16:00-19:00,0,0,1
บางบอน4,เอกชัย,3,07:00-09:00,0,0,1
บางบอน4,เอกชัย,3,09:00-16:00,0,0,1
บางบอน4,เอกชัย,3,16:00-19:00,0,0,1
บางบอน5,ซอยเอกชัย131,3,07:00-09:00,1,0,0
บางบอน5,ซอยเอกชัย131,3,09:00-16:00,1,0,0
บางบอน5,ซอยเอกชัย131,3,16:00-19:00,1,0,0
บางบอน5,ซอยเอกชัย31,1,07:00-09:00,0,1,0
บางบอน5,ซอยเอกชัย31,1,09:00-16:00,0,1,0
บางบอน5,ซอยเอกชัย31,1,16:00-19:00,0,1,0
บางบอน5,บางบอน5,1,07:00-09:00,0,1,0
บางบอน5,บางบอน5,1,09:00-16:00,0,1,0
บางบอน5,บางบอน5,1,16:00-19:00,0,1,0
บางบอน5,บางบอน5,3,07:00-09:00,1,0,1
บางบอน5,บางบอน5,3,09:00-16:00,1,0,1
บางบอน5,บางบอน5,3,16:00-19:00,1,0,1
บางบอน5,เอกชัย,1,07:00-09:00,0,1,0
บางบอน5,เอกชัย,1,09:00-16:00,0,1,0
บางบอน5,เอกชัย,1,16:00-19:00,0,1,0
บางบอน5,เอกชัย,3,07:00-09:00,1,0,1
บางบอน5,เอกชัย,3,09:00-16:00,1,0,1
บางบอน5,เอกชัย,3,16:00-19:00,1,0,1
บางบอน5,เอกชัย131,3,07:00-09:00,0,0,1
บางบอน5,เอกชัย131,3,09:00-16:00,0,0,1
บางบอน5,เอกชัย131,3,16:00-19:00,0,0,1
บางบอน5ซอย5,บางบอน5,1,07:00-09:00,0,0,1
บางบอน5ซอย5,บางบอน5,1,09:00-17:00,0,0,1
บางบอน5ซอย5,บางบอน5,1,17:00-19:00,0,0,1
บางบอน5ซอย5,บางบอน5ซอย5,1,07:00-09:00,0,0,1
บางบอน5ซอย5,บางบอน5ซอย5,1,09:00-17:00,0,0,1
บางบอน5ซอย5,บางบอน5ซอย5,1,17:00-19:00,0,0,1
บางพลัด,จรัญสนิทวงศ์,1,07:00-09:00,0,0,2
บางพลัด,จรัญสนิทวงศ์,1,09:00-17:00,0,0,2
บางพลัด,จรัญสนิทวงศ์,1,17:00-19:00,0,0,2
บางพลัด,จรัญสนิทวงศ์,2,07:00-09:00,1,0,0
บางพลัด,จรัญสนิทวงศ์,2,09:00-16:00,1,0,0
บางพลัด,จรัญสนิทวงศ์,2,16:00-19:00,1,0,0
บางพลัด,จรัญสนิทวงศ์,3,07:00-09:00,0,1,0
บางพลัด,จรัญสนิทวงศ์,3,09:00-16:00,0,1,0
บางพลัด,จรัญสนิทวงศ์,3,16:00-19:00,0,1,0
บางพลัด,จรัญสนิทวงศ์,4,07:00-09:00,1,0,1
บางพลัด,จรัญสนิทวงศ์,4,09:00-16:00,1,0,0
บางพลัด,จรัญสนิทวงศ์,4,09:00-17:00,0,0,1
บางพลัด,จรัญสนิทวงศ์,4,16:00-19:00,1,0,0
บางพลัด,จรัญสนิทวงศ์,4,17:00-19:00,0,0,1
บางพลัด,ราชวิถี,1,07:00-09:00,0,0,2
บางพลัด,ราชวิถี,1,09:00-17:00,0,0,2
บางพลัด,ราชวิถี,1,17:00-19:00,0,0,2
บางพลัด,ราชวิถี,2,07:00-09:00,1,0,0
บางพลัด,ราชวิถี,2,09:00-16:00,1,0,0
บางพลัด,ราชวิถี,2,16:00-19:00,1,0,0
บางพลัด,ราชวิถี,3,07:00-09:00,0,1,0
บางพลัด,ราชวิถี,3,09:00-16:00,0,1,0
บางพลัด,ราชวิถี,3,16:00-19:00,0,1,0
บางพลัด,ราชวิถี,4,07:00-09:00,1,0,1
บางพลัด,ราชวิถี,4,09:00-16:00,1,0,0
บางพลัด,ราชวิถี,4,09:00-17:00,0,0,1
บางพลัด,ราชวิถี,4,16:00-19:00,1,0,0
บางพลัด,ราชวิถี,4,17:00-19:00,0,0,1
บางพลัด,สิรินธร,1,07:00-09:00,0,0,2
บางพลัด,สิรินธร,1,09:00-17:00,0,0,2
บางพลัด,สิรินธร,1,17:00-19:00,0,0,2
บางพลัด,สิรินธร,2,07:00-09:00,1,0,0
บางพลัด,สิรินธร,2,09:00-16:00,1,0,0
บางพลัด,สิรินธร,2,16:00-19:00,1,0,0
บางพลัด,สิรินธร,3,07:00-09:00,0,1,0
บางพลัด,สิรินธร,3,09:00-16:00,0,1,0
บางพลัด,สิรินธร,3,16:00-19:00,0,1,0
บางพลัด,สิรินธร,4,07:00-09:00,1,0,1
บางพลัด,สิรินธร,4,09:00-16:00,1,0,0
บางพลัด,สิรินธร,4,09:00-17:00,0,0,1
บางพลัด,สิรินธร,4,16:00-19:00,1,0,0
บางพลัด,สิรินธร,4,17:00-19:00,0,0,1
บางยี่เรือ,อินทรพิทักษ์,1,07:00-09:00,1,1,0
บางยี่เรือ,อินทรพิทักษ์,1,09:00-16:00,1,1,0
บางยี่เรือ,อินทรพิทักษ์,1,16:00-19:00,1,1,0
บางยี่เรือ,อินทรพิทักษ์,2,07:00-09:00,1,0,2
บางยี่เรือ,อินทรพิทักษ์,2,09:00-16:00,1,0,0
บางยี่เรือ,อินทรพิทักษ์,2,09:00-17:00,0,0,2
บางยี่เรือ,อินทรพิทักษ์,2,16:00-19:00,1,0,0
บางยี่เรือ,อินทรพิทักษ์,2,17:00-19:00,0,0,2
บางยี่เรือ,อินทรพิทักษ์,4,07:00-09:00,0,0,1
บางยี่เรือ,อินทรพิทักษ์,4,09:00-16:00,0,0,1
บางยี่เรือ,อินทรพิทักษ์,4,16:00-19:00,0,0,1
บางยี่เรือ,เทอดไท,1,07:00-09:00,1,1,0
บางยี่เรือ,เทอดไท,1,09:00-16:00,1,1,0
บางยี่เรือ,เทอดไท,1,16:00-19:00,1,1,0
บางยี่เรือ,เทอดไท,2,07:00-09:00,1,0,2
บางยี่เรือ,เทอดไท,2,09:00-16:00,1,0,0
บางยี่เรือ,เทอดไท,2,09:00-17:00,0,0,2
บางยี่เรือ,เทอดไท,2,16:00-19:00,1,0,0
บางยี่เรือ,เทอดไท,2,17:00-19:00,0,0,2
บางยี่เรือ,เทอดไท,3,07:00-09:00,0,1,0
บางยี่เรือ,เทอดไท,3,09:00-16:00,0,1,0
บางยี่เรือ,เทอดไท,3,16:00-19:00,0,1,0
บางยี่เรือ,เทอดไท,4,07:00-09:00,0,0,1
บางยี่เรือ,เทอดไท,4,09:00-16:00,0,0,1
บางยี่เรือ,เทอดไท,4,16:00-19:00,0,0,1
บางยี่เรือ,เพชรเกษม,1,07:00-09:00,1,1,0
บางยี่เรือ,เพชรเกษม,1,09:00-16:00,1,1,0
บางยี่เรือ,เพชรเกษม,1,16:00-19:00,1,1,0
บางยี่เรือ,เพชรเกษม,2,07:00-09:00,1,0,2
บางยี่เรือ,เพชรเกษม,2,09:00-16:00,1,0,0
บางยี่เรือ,เพชรเกษม,2,09:00-17:00,0,0,2
บางยี่เรือ,เพชรเกษม,2,16:00-19:00,1,0,0
บางยี่เรือ,เพชรเกษม,2,17:00-19:00,0,0,2
บางยี่เรือ,เพชรเกษม,4,07:00-09:00,0,0,1
บางยี่เรือ,เพชรเกษม,4,09:00-16:00,0,0,1
บางยี่เรือ,เพชรเกษม,4,16:00-19:00,0,0,1
บางรัก,ซอยเจริญกรุง42,1,07:00-09:00,0,1,0
บางรัก,ซอยเจริญกรุง42,1,09:00-16:00,0,1,0
บางรัก,ซอยเจริญกรุง42,1,16:00-19:00,0,1,0
บางรัก,วัดสวนพลู,4,07:00-09:00,0,0,1
บางรัก,วัดสวนพลู,4,09:00-16:00,0,0,1
บางรัก,วัดสวนพลู,4,16:00-19:00,0,0,1
บางรัก,สีลม,1,07:00-09:00,0,1,0
บางรัก,สีลม,1,09:00-16:00,0,1,0
บางรัก,สีลม,1,16:00-19:00,0,1,0
บางรัก,สีลม,2,07:00-09:00,1,1,1
บางรัก,สีลม,2,09:00-16:00,1,1,0
บางรัก,สีลม,2,09:00-17:00,0,0,1
บางรัก,สีลม,2,16:00-19:00,1,1,0
บางรัก,สีลม,2,17:00-19:00,0,0,1
บางรัก,สีลม,4,07:00-09:00,0,0,2
บางรัก,สีลม,4,09:00-16:00,0,0,1
บางรัก,สีลม,4,09:00-17:00,0,0,1
บางรัก,สีลม,4,16:00-19:00,0,0,1
บางรัก,สีลม,4,17:00-19:00,0,0,1
บางรัก,เจริญกรุง,1,07:00-09:00,0,1,0
บางรัก,เจริญกรุง,1,09:00-16:00,0,1,0
บางรัก,เจริญกรุง,1,16:00-19:00,0,1,0
บางรัก,เจริญกรุง,2,07:00-09:00,1,1,1
บางรัก,เจริญกรุง,2,09:00-16:00,1,1,0
บางรัก,เจริญกรุง,2,09:00-17:00,0,0,1
บางรัก,เจริญกรุง,2,16:00-19:00,1,1,0
บางรัก,เจริญกรุง,2,17:00-19:00,0,0,1
บางรัก,เจริญกรุง,4,07:00-09:00,0,0,2
บางรัก,เจริญกรุง,4,09:00-16:00,0,0,1
บางรัก,เจริญกรุง,4,09:00-17:00,0,0,1
บางรัก,เจริญกรุง,4,16:00-19:00,0,0,1
บางรัก,เจริญกรุง,4,17:00-19:00,0,0,1
บางรัก,เจริญกรุง42,2,07:00-09:00,0,0,1
บางรัก,เจริญกรุง42,2,09:00-17:00,0,0,1
บางรัก,เจริญกรุง42,2,17:00-19:00,0,0,1
บางรัก,เจริญกรุง42,4,07:00-09:00,0,0,1
บางรัก,เจริญกรุง42,4,09:00-17:00,0,0,1
บางรัก,เจริญกรุง42,4,17:00-19:00,0,0,1
บางลำพู,จักรพงษ์,1,07:00-09:00,0,0,1
บางลำพู,จักรพงษ์,1,09:00-17:00,0,0,1
บางลำพู,จักรพงษ์,1,17:00-19:00,0,0,1
บางลำพู,พระสุเมรุ,1,07:00-09:00,0,0,3
บางลำพู,พระสุเมรุ,1,09:00-16:00,0,0,1
บางลำพู,พระสุเมรุ,1,09:00-17:00,0,0,2
บางลำพู,พระสุเมรุ,1,16:00-19:00,0,0,1
บางลำพู,พระสุเมรุ,1,17:00-19:00,0,0,2
บางลำพู,พระเมรุ,3,07:00-09:00,0,1,0
บางลำพู,พระเมรุ,3,09:00-16:00,0,1,0
บางลำพู,พระเมรุ,3,16:00-19:00,0,1,0
บางลำพู,พระเมรุ,4,07:00-09:00,1,0,0
บางลำพู,พระเมรุ,4,09:00-16:00,1,0,0
บางลำพู,พระเมรุ,4,16:00-19:00,1,0,0
บางลำพู,สามเสน,1,07:00-09:00,0,0,3
บางลำพู,สามเสน,1,09:00-16:00,0,0,1
บางลำพู,สามเสน,1,09:00-17:00,0,0,2
บางลำพู,สามเสน,1,16:00-19:00,0,0,1
บางลำพู,สามเสน,1,17:00-19:00,0,0,2
บางลำพู,สามเสน,3,07:00-09:00,0,1,0
บางลำพู,สามเสน,3,09:00-16:00,0,1,0
บางลำพู,สามเสน,3,16:00-19:00,0,1,0
บางลำพู,สามเสน,4,07:00-09:00,1,0,0
บางลำพู,สามเสน,4,09:00-16:00,1,0,0
บางลำพู,สามเสน,4,16:00-19:00,1,0,0
บางเขน,กำแพงเพชร6,3,07:00-09:00,0,2,0
บางเขน,กำแพงเพชร6,3,09:00-16:00,0,2,0
บางเขน,กำแพงเพชร6,3,16:00-19:00,0,2,0
บางเขน,กำแพงเพชร6,4,07:00-09:00,1,1,0
บางเขน,กำแพงเพชร6,4,09:00-16:00,1,1,0
บางเขน,กำแพงเพชร6,4,16:00-19:00,1,1,0
บางเขน,งามวงศ์วาน,3,07:00-09:00,0,2,0
บางเขน,งามวงศ์วาน,3,09:00-16:00,0,2,0
บางเขน,งามวงศ์วาน,3,16:00-19:00,0,2,0
บางเขน,งามวงศ์วาน,4,07:00-09:00,1,1,0
บางเขน,งามวงศ์วาน,4,09:00-16:00,1,1,0
บางเขน,งามวงศ์วาน,4,16:00-19:00,1,1,0
บางเขน(2),กำแพงเพชร6,1,07:00-09:00,0,0,1
บางเขน(2),กำแพงเพชร6,1,09:00-17:00,0,0,1
บางเขน(2),กำแพงเพชร6,1,17:00-19:00,0,0,1
บางเขน(2),กำแพงเพชร6,4,07:00-09:00,0,0,1
บางเขน(2),กำแพงเพชร6,4,09:00-17:00,0,0,1
บางเขน(2),กำแพงเพชร6,4,17:00-19:00,0,0,1
บางเขน(2),งามวงศ์วาน,1,07:00-09:00,0,0,1
บางเขน(2),งามวงศ์วาน,1,09:00-17:00,0,0,1
บางเขน(2),งามวงศ์วาน,1,17:00-19:00,0,0,1
บางเขน(2),งามวงศ์วาน,4,07:00-09:00,0,0,1
บางเขน(2),งามวงศ์วาน,4,09:00-17:00,0,0,1
บางเขน(2),งามวงศ์วาน,4,17:00-19:00,0,0,1
บางแค,บางแค,1,07:00-09:00,0,0,2
บางแค,บางแค,1,09:00-16:00,0,0,1
บางแค,บางแค,1,09:00-17:00,0,0,1
บางแค,บางแค,1,16:00-19:00,0,0,1
บางแค,บางแค,1,17:00-19:00,0,0,1
บางแค,บางแค,3,07:00-09:00,0,1,1
บางแค,บางแค,3,09:00-16:00,0,1,0
บางแค,บางแค,3,09:00-17:00,0,0,1
บางแค,บางแค,3,16:00-19:00,0,1,0
บางแค,บางแค,3,17:00-19:00,0,0,1
บางแค,บางแค,4,07:00-09:00,1,0,0
บางแค,บางแค,4,09:00-16:00,1,0,0
บางแค,บางแค,4,16:00-19:00,1,0,0
บางแค,เพชรเกษม,1,07:00-09:00,0,0,2
บางแค,เพชรเกษม,1,09:00-16:00,0,0,1
บางแค,เพชรเกษม,1,09:00-17:00,0,0,1
บางแค,เพชรเกษม,1,16:00-19:00,0,0,1
บางแค,เพชรเกษม,1,17:00-19:00,0,0,1
บางแค,เพชรเกษม,3,07:00-09:00,0,1,1
บางแค,เพชรเกษม,3,09:00-16:00,0,1,0
บางแค,เพชรเกษม,3,09:00-17:00,0,0,1
บางแค,เพชรเกษม,3,16:00-19:00,0,1,0
บางแค,เพชรเกษม,3,17:00-19:00,0,0,1
บางแค,เพชรเกษม,4,07:00-09:00,1,0,0
บางแค,เพชรเกษม,4,09:00-16:00,1,0,0
บางแค,เพชรเกษม,4,16:00-19:00,1,0,0
บางแค-กัลปพฤกษ์,กัลปพฤกษ์,4,07:00-09:00,0,0,1
บางแค-กัลปพฤกษ์,กัลปพฤกษ์,4,09:00-16:00,0,0,1
บางแค-กัลปพฤกษ์,กัลปพฤกษ์,4,16:00-19:00,0,0,1
บางแค-กัลปพฤกษ์,บางบอน1,4,07:00-09:00,0,0,1
บางแค-กัลปพฤกษ์,บางบอน1,4,09:00-16:00,0,0,1
บางแค-กัลปพฤกษ์,บางบอน1,4,16:00-19:00,0,0,1
บางแค-กัลปพฤกษ์,บางแค,4,07:00-09:00,0,0,1
บางแค-กัลปพฤกษ์,บางแค,4,09:00-16:00,0,0,1
บางแค-กัลปพฤกษ์,บางแค,4,16:00-19:00,0,0,1
บางแวก-เพชรเกษม48(บางแวก69),ซอยเพชรเกษม48(บางแวก69),2,07:00-09:00,1,0,0
บางแวก-เพชรเกษม48(บางแวก69),ซอยเพชรเกษม48(บางแวก69),2,09:00-16:00,1,0,0
บางแวก-เพชรเกษม48(บางแวก69),ซอยเพชรเกษม48(บางแวก69),2,16:00-19:00,1,0,0
บางแวก-เพชรเกษม48(บางแวก69),บางแวก,2,07:00-09:00,1,0,0
บางแวก-เพชรเกษม48(บางแวก69),บางแวก,2,09:00-16:00,1,0,0
บางแวก-เพชรเกษม48(บางแวก69),บางแวก,2,16:00-19:00,1,0,0
บางโพ,ประชาราษฎร์สาย1,1,07:00-09:00,1,0,0
บางโพ,ประชาราษฎร์สาย1,1,09:00-16:00,1,0,0
บางโพ,ประชาราษฎร์สาย1,1,16:00-19:00,1,0,0
บางโพ,ประชาราษฎร์สาย1,2,07:00-09:00,0,0,2
บางโพ,ประชาราษฎร์สาย1,2,09:00-17:00,0,0,2
บางโพ,ประชาราษฎร์สาย1,2,17:00-19:00,0,0,2
บางโพ,ประชาราษฎร์สาย1,3,07:00-09:00,0,1,0
บางโพ,ประชาราษฎร์สาย1,3,09:00-16:00,0,1,0
บางโพ,ประชาราษฎร์สาย1,3,16:00-19:00,0,1,0
บางโพ,ประชาราษฎร์สาย1,4,07:00-09:00,0,1,0
บางโพ,ประชาราษฎร์สาย1,4,09:00-16:00,0,1,0
บางโพ,ประชาราษฎร์สาย1,4,16:00-19:00,0,1,0
บางโพ,ประชาราษฎร์สาย2,1,07:00-09:00,1,0,0
บางโพ,ประชาราษฎร์สาย2,1,09:00-16:00,1,0,0
บางโพ,ประชาราษฎร์สาย2,1,16:00-19:00,1,0,0
บางโพ,ประชาราษฎร์สาย2,2,07:00-09:00,0,0,2
บางโพ,ประชาราษฎร์สาย2,2,09:00-17:00,0,0,2
บางโพ,ประชาราษฎร์สาย2,2,17:00-19:00,0,0,2
บางโพ,ประชาราษฎร์สาย2,3,07:00-09:00,0,1,0
บางโพ,ประชาราษฎร์สาย2,3,09:00-16:00,0,1,0
บางโพ,ประชาราษฎร์สาย2,3,16:00-19:00,0,1,0
บางโพ,ประชาราษฎร์สาย2,4,07:00-09:00,0,1,0
บางโพ,ประชาราษฎร์สาย2,4,09:00-16:00,0,1,0
บางโพ,ประชาราษฎร์สาย2,4,16:00-19:00,0,1,0
บาแล,ประชาร่วมใจ,4,07:00-09:00,0,0,1
บาแล,ประชาร่วมใจ,4,09:00-17:00,0,0,1
บาแล,ประชาร่วมใจ,4,17:00-19:00,0,0,1
บาแล,ราษฎร์ร่วมใจ,4,07:00-09:00,0,0,1
บาแล,ราษฎร์ร่วมใจ,4,09:00-17:00,0,0,1
บาแล,ราษฎร์ร่วมใจ,4,17:00-19:00,0,0,1
บำกซอยถนนรามคำแหง24,รามคำแหง,2,07:00-09:00,1,0,0
บำกซอยถนนรามคำแหง24,รามคำแหง,2,09:00-16:00,1,0,0
บำกซอยถนนรามคำแหง24,รามคำแหง,2,16:00-19:00,1,0,0
บำรุงเมือง,บำรุงเมือง,3,07:00-09:00,0,1,0
บำรุงเมือง,บำรุงเมือง,3,09:00-16:00,0,1,0
บำรุงเมือง,บำรุงเมือง,3,16:00-19:00,0,1,0
บำรุงเมือง,ศิริพงษ์,3,07:00-09:00,0,1,0
บำรุงเมือง,ศิริพงษ์,3,09:00-16:00,0,1,0
บำรุงเมือง,ศิริพงษ์,3,16:00-19:00,0,1,0
บำรุงเมือง,อุณากรรณ,3,07:00-09:00,0,1,0
บำรุงเมือง,อุณากรรณ,3,09:00-16:00,0,1,0
บำรุงเมือง,อุณากรรณ,3,16:00-19:00,0,1,0
บำรุงเมือง-มหรรณพ2,ซอยมหรรณพ2,3,07:00-09:00,0,1,0
บำรุงเมือง-มหรรณพ2,ซอยมหรรณพ2,3,09:00-16:00,0,1,0
บำรุงเมือง-มหรรณพ2,ซอยมหรรณพ2,3,16:00-19:00,0,1,0
บำรุงเมือง-มหรรณพ2,บำรุงเมือง,3,07:00-09:00,0,1,0
บำรุงเมือง-มหรรณพ2,บำรุงเมือง,3,09:00-16:00,0,1,0
บำรุงเมือง-มหรรณพ2,บำรุงเมือง,3,16:00-19:00,0,1,0
บิ๊กซีรัชดา,รัชดาภิเษก,3,07:00-09:00,0,1,0
บิ๊กซีรัชดา,รัชดาภิเษก,3,09:00-16:00,0,1,0
บิ๊กซีรัชดา,รัชดาภิเษก,3,16:00-19:00,0,1,0
บิ๊กซีเอ็กซ์ตร้าลาดพร้าว7,ลาดพร้าว,3,07:00-09:00,0,1,0
บิ๊กซีเอ็กซ์ตร้าลาดพร้าว7,ลาดพร้าว,3,09:00-16:00,0,1,0
บิ๊กซีเอ็กซ์ตร้าลาดพร้าว7,ลาดพร้าว,3,16:00-19:00,0,1,0
บุคคโล,มไหศวรรย์,2,07:00-09:00,0,1,0
บุคคโล,มไหศวรรย์,2,09:00-16:00,0,1,0
บุคคโล,มไหศวรรย์,2,16:00-19:00,0,1,0
บุคคโล,มไหสวรรย์,1,07:00-09:00,2,0,0
บุคคโล,มไหสวรรย์,1,09:00-16:00,2,0,0
บุคคโล,มไหสวรรย์,1,16:00-19:00,2,0,0
บุคคโล,มไหสวรรย์,2,07:00-09:00,0,0,2
บุคคโล,มไหสวรรย์,2,09:00-17:00,0,0,2
บุคคโล,มไหสวรรย์,2,17:00-19:00,0,0,2
บุคคโล,มไหสวรรย์,3,07:00-09:00,0,1,1
บุคคโล,มไหสวรรย์,3,09:00-16:00,0,1,0
บุคคโล,มไหสวรรย์,3,09:00-17:00,0,0,1
บุคคโล,มไหสวรรย์,3,16:00-19:00,0,1,0
บุคคโล,มไหสวรรย์,3,17:00-19:00,0,0,1
บุคคโล,เจริญนคร,1,07:00-09:00,2,0,0
บุคคโล,เจริญนคร,1,09:00-16:00,2,0,0
บุคคโล,เจริญนคร,1,16:00-19:00,2,0,0
บุคคโล,เจริญนคร,2,07:00-09:00,0,1,2
บุคคโล,เจริญนคร,2,09:00-16:00,0,1,0
บุคคโล,เจริญนคร,2,09:00-17:00,0,0,2
บุคคโล,เจริญนคร,2,16:00-19:00,0,1,0
บุคคโล,เจริญนคร,2,17:00-19:00,0,0,2
บุคคโล,เจริญนคร,3,07:00-09:00,0,1,1
บุคคโล,เจริญนคร,3,09:00-16:00,0,1,0
บุคคโล,เจริญนคร,3,09:00-17:00,0,0,1
บุคคโล,เจริญนคร,3,16:00-19:00,0,1,0
บุคคโล,เจริญนคร,3,17:00-19:00,0,0,1
บุรีภิรมย์-เลียบวารี2,บุรีภิรมย์,3,07:00-09:00,0,0,1
บุรีภิรมย์-เลียบวารี2,บุรีภิรมย์,3,09:00-16:00,0,0,1
บุรีภิรมย์-เลียบวารี2,บุรีภิรมย์,3,16:00-19:00,0,0,1
บุรีภิรมย์-เลียบวารี2,เลียบวารี2,3,07:00-09:00,0,0,1
บุรีภิรมย์-เลียบวารี2,เลียบวารี2,3,09:00-16:00,0,0,1
บุรีภิรมย์-เลียบวารี2,เลียบวารี2,3,16:00-19:00,0,0,1
บ้านม้า,รามคำแหง,1,07:00-09:00,0,1,0
บ้านม้า,รามคำแหง,1,09:00-16:00,0,1,0
บ้านม้า,รามคำแหง,1,16:00-19:00,0,1,0
บ้านม้า,รามคำแหง,2,07:00-09:00,0,1,0
บ้านม้า,รามคำแหง,2,09:00-16:00,0,1,0
บ้านม้า,รามคำแหง,2,16:00-19:00,0,1,0
บ้านม้า,รามคำแหง,4,07:00-09:00,0,0,1
บ้านม้า,รามคำแหง,4,09:00-17:00,0,0,1
บ้านม้า,รามคำแหง,4,17:00-19:00,0,0,1
บ้านม้า,ศรีบูรพา,1,07:00-09:00,0,1,0
บ้านม้า,ศรีบูรพา,1,09:00-16:00,0,1,0
บ้านม้า,ศรีบูรพา,1,16:00-19:00,0,1,0
บ้านม้า,ศรีบูรพา,2,07:00-09:00,0,1,0
บ้านม้า,ศรีบูรพา,2,09:00-16:00,0,1,0
บ้านม้า,ศรีบูรพา,2,16:00-19:00,0,1,0
บ้านม้า,ศรีบูรพา,4,07:00-09:00,0,0,1
บ้านม้า,ศรีบูรพา,4,09:00-17:00,0,0,1
บ้านม้า,ศรีบูรพา,4,17:00-19:00,0,0,1
บ้านแขก,ประชาธิปก,1,07:00-09:00,0,1,1
บ้านแขก,ประชาธิปก,1,09:00-16:00,0,1,0
บ้านแขก,ประชาธิปก,1,09:00-17:00,0,0,1
บ้านแขก,ประชาธิปก,1,16:00-19:00,0,1,0
บ้านแขก,ประชาธิปก,1,17:00-19:00,0,0,1
บ้านแขก,ประชาธิปก,2,06:30-09:00,1,0,0
บ้านแขก,ประชาธิปก,2,07:00-09:00,0,1,1
บ้านแขก,ประชาธิปก,2,09:00-16:00,1,1,0
บ้านแขก,ประชาธิปก,2,09:00-17:00,0,0,1
บ้านแขก,ประชาธิปก,2,16:00-19:00,0,1,0
บ้านแขก,ประชาธิปก,2,16:00-19:30,1,0,0
บ้านแขก,ประชาธิปก,2,17:00-19:00,0,0,1
บ้านแขก,ประชาธิปก,3,07:00-09:00,0,0,1
บ้านแขก,ประชาธิปก,3,09:00-16:00,0,0,1
บ้านแขก,ประชาธิปก,3,16:00-19:00,0,0,1
บ้านแขก,อิสรภาพ,1,07:00-09:00,0,1,1
บ้านแขก,อิสรภาพ,1,09:00-16:00,0,1,0
บ้านแขก,อิสรภาพ,1,09:00-17:00,0,0,1
บ้านแขก,อิสรภาพ,1,16:00-19:00,0,1,0
บ้านแขก,อิสรภาพ,1,17:00-19:00,0,0,1
บ้านแขก,อิสรภาพ,2,06:30-09:00,1,0,0
บ้านแขก,อิสรภาพ,2,07:00-09:00,0,1,1
บ้านแขก,อิสรภาพ,2,09:00-16:00,1,1,0
บ้านแขก,อิสรภาพ,2,09:00-17:00,0,0,1
บ้านแขก,อิสรภาพ,2,16:00-19:00,0,1,0
บ้านแขก,อิสรภาพ,2,16:00-19:30,1,0,0
บ้านแขก,อิสรภาพ,2,17:00-19:00,0,0,1
บ้านแขก,อิสรภาพ,3,07:00-09:00,0,0,1
บ้านแขก,อิสรภาพ,3,09:00-16:00,0,0,1
บ้านแขก,อิสรภาพ,3,16:00-19:00,0,0,1
ปทุมวัน,พญาไท,1,07:00-09:00,1,1,0
ปทุมวัน,พญาไท,1,09:00-16:00,1,1,0
ปทุมวัน,พญาไท,1,16:00-19:00,1,1,0
ปทุมวัน,พญาไท,2,07:00-09:00,1,0,2
ปทุมวัน,พญาไท,2,09:00-16:00,1,0,0
ปทุมวัน,พญาไท,2,09:00-17:00,0,0,2
ปทุมวัน,พญาไท,2,16:00-19:00,1,0,0
ปทุมวัน,พญาไท,2,17:00-19:00,0,0,2
ปทุมวัน,พญาไท,3,07:00-09:00,0,0,1
ปทุมวัน,พญาไท,3,09:00-17:00,0,0,1
ปทุมวัน,พญาไท,3,17:00-19:00,0,0,1
ปทุมวัน,พระรามที่1,1,07:00-09:00,1,1,0
ปทุมวัน,พระรามที่1,1,09:00-16:00,0,1,0
ปทุมวัน,พระรามที่1,1,16:00-19:00,0,1,0
ปทุมวัน,พระรามที่1,2,07:00-09:00,1,0,2
ปทุมวัน,พระรามที่1,2,09:00-16:00,1,0,0
ปทุมวัน,พระรามที่1,2,09:00-17:00,0,0,2
ปทุมวัน,พระรามที่1,2,16:00-19:00,1,0,0
ปทุมวัน,พระรามที่1,2,17:00-19:00,0,0,2
ปทุมวัน,พระรามที่1,3,07:00-09:00,0,0,1
ปทุมวัน,พระรามที่1,3,09:00-17:00,0,0,1
ปทุมวัน,พระรามที่1,3,17:00-19:00,0,0,1
ปทุมวัน,พระรามที่2,1,09:00-16:00,1,0,0
ปทุมวัน,พระรามที่3,1,16:00-19:00,1,0,0
ปบากซอยสรงประภา24,สรงประภา,1,07:00-09:00,1,0,0
ปบากซอยสรงประภา24,สรงประภา,1,09:00-16:00,1,0,0
ปบากซอยสรงประภา24,สรงประภา,1,16:00-19:00,1,0,0
ประชาชื่น,ประชาชื่น,1,07:00-09:00,0,0,1
ประชาชื่น,ประชาชื่น,1,09:00-17:00,0,0,1
ประชาชื่น,ประชาชื่น,1,17:00-19:00,0,0,1
ประชาชื่น,ประชาชื่น,3,07:00-09:00,0,3,0
ประชาชื่น,ประชาชื่น,3,09:00-16:00,0,3,0
ประชาชื่น,ประชาชื่น,3,16:00-19:00,0,3,0
ประชาชื่น,ประชาชื่น,4,07:00-09:00,1,0,0
ประชาชื่น,ประชาชื่น,4,09:00-16:00,1,0,0
ประชาชื่น,ประชาชื่น,4,16:00-19:00,1,0,0
ประชาชื่น,ประชาราษฎรส์าย2,3,07:00-09:00,0,2,0
ประชาชื่น,ประชาราษฎรส์าย2,3,09:00-16:00,0,2,0
ประชาชื่น,ประชาราษฎรส์าย2,3,16:00-19:00,0,2,0
ประชาชื่น,ประชาราษฎร์สาย2,1,07:00-09:00,0,0,1
ประชาชื่น,ประชาราษฎร์สาย2,1,09:00-17:00,0,0,1
ประชาชื่น,ประชาราษฎร์สาย2,1,17:00-19:00,0,0,1
ประชาชื่น,ประชาราษฎร์สาย2,3,07:00-09:00,0,1,0
ประชาชื่น,ประชาราษฎร์สาย2,3,09:00-16:00,0,1,0
ประชาชื่น,ประชาราษฎร์สาย2,3,16:00-19:00,0,1,0
ประชาชื่น,ประชาราษฎร์สาย2,4,07:00-09:00,1,0,0
ประชาชื่น,ประชาราษฎร์สาย2,4,09:00-16:00,1,0,0
ประชาชื่น,ประชาราษฎร์สาย2,4,16:00-19:00,1,0,0
ประชาชื่น,ริมคลองประปาฝั่งซ้าย,4,07:00-09:00,1,0,0
ประชาชื่น,ริมคลองประปาฝั่งซ้าย,4,09:00-16:00,1,0,0
ประชาชื่น,ริมคลองประปาฝั่งซ้าย,4,16:00-19:00,1,0,0
ประชาชื่น31,ประชาชื่น,3,07:00-09:00,0,0,1
ประชาชื่น31,ประชาชื่น,3,09:00-17:00,0,0,1
ประชาชื่น31,ประชาชื่น,3,17:00-19:00,0,0,1
ประชาชื่น31,ประชาชื่น31,3,07:00-09:00,0,0,1
ประชาชื่น31,ประชาชื่น31,3,09:00-17:00,0,0,1
ประชาชื่น31,ประชาชื่น31,3,17:00-19:00,0,0,1
ประชาชื่น32,ประชาชื่น,3,07:00-09:00,0,0,1
ประชาชื่น32,ประชาชื่น,3,09:00-17:00,0,0,1
ประชาชื่น32,ประชาชื่น,3,17:00-19:00,0,0,1
ประชาชื่น32,ประชาชื่น32,3,07:00-09:00,0,0,1
ประชาชื่น32,ประชาชื่น32,3,09:00-17:00,0,0,1
ประชาชื่น32,ประชาชื่น32,3,17:00-19:00,0,0,1
ประชาธรรม,ประชาอุทิศ,1,07:00-09:00,0,1,0
ประชาธรรม,ประชาอุทิศ,1,09:00-16:00,0,1,0
ประชาธรรม,ประชาอุทิศ,1,16:00-19:00,0,1,0
ประชาธรรม,ประชาอุทิศ,4,07:00-09:00,2,0,1
ประชาธรรม,ประชาอุทิศ,4,09:00-16:00,2,0,0
ประชาธรรม,ประชาอุทิศ,4,09:00-17:00,0,0,1
ประชาธรรม,ประชาอุทิศ,4,16:00-19:00,2,0,0
ประชาธรรม,ประชาอุทิศ,4,17:00-19:00,0,0,1
ประชาธรรม,ประดิษฐ์มนูธรรม,1,07:00-09:00,0,1,0
ประชาธรรม,ประดิษฐ์มนูธรรม,1,09:00-16:00,0,1,0
ประชาธรรม,ประดิษฐ์มนูธรรม,1,16:00-19:00,0,1,0
ประชาธรรม,ประดิษฐ์มนูธรรม,4,07:00-09:00,2,0,1
ประชาธรรม,ประดิษฐ์มนูธรรม,4,09:00-16:00,2,0,0
ประชาธรรม,ประดิษฐ์มนูธรรม,4,09:00-17:00,0,0,1
ประชาธรรม,ประดิษฐ์มนูธรรม,4,16:00-19:00,2,0,0
ประชาธรรม,ประดิษฐ์มนูธรรม,4,17:00-19:00,0,0,1
ประชานิเวศน์,ประชาชื่น,1,07:00-09:00,1,0,1
ประชานิเวศน์,ประชาชื่น,1,09:00-16:00,1,0,0
ประชานิเวศน์,ประชาชื่น,1,09:00-17:00,0,0,1
ประชานิเวศน์,ประชาชื่น,1,16:00-19:00,1,0,0
ประชานิเวศน์,ประชาชื่น,1,17:00-19:00,0,0,1
ประชานิเวศน์,ประชาชื่น,2,06:30-09:00,0,1,0
ประชานิเวศน์,ประชาชื่น,2,07:00-09:00,1,1,0
ประชานิเวศน์,ประชาชื่น,2,09:00-16:00,1,2,0
ประชานิเวศน์,ประชาชื่น,2,16:00-19:00,1,1,0
ประชานิเวศน์,ประชาชื่น,2,16:00-19:30,0,1,0
ประชานิเวศน์,ประชาชื่น,3,07:00-09:00,1,0,0
ประชานิเวศน์,ประชาชื่น,3,09:00-16:00,1,0,0
ประชานิเวศน์,ประชาชื่น,3,16:00-19:00,1,0,0
ประชานิเวศน์,เทศบาลสงเคราะห์,1,07:00-09:00,1,0,1
ประชานิเวศน์,เทศบาลสงเคราะห์,1,09:00-16:00,1,0,0
ประชานิเวศน์,เทศบาลสงเคราะห์,1,09:00-17:00,0,0,1
ประชานิเวศน์,เทศบาลสงเคราะห์,1,16:00-19:00,1,0,0
ประชานิเวศน์,เทศบาลสงเคราะห์,1,17:00-19:00,0,0,1
ประชานิเวศน์,เทศบาลสงเคราะห์,2,06:30-09:00,0,1,0
ประชานิเวศน์,เทศบาลสงเคราะห์,2,07:00-09:00,1,1,0
ประชานิเวศน์,เทศบาลสงเคราะห์,2,09:00-16:00,1,2,0
ประชานิเวศน์,เทศบาลสงเคราะห์,2,16:00-19:00,1,1,0
ประชานิเวศน์,เทศบาลสงเคราะห์,2,16:00-19:30,0,1,0
ประชานิเวศน์,เทศบาลสงเคราะห์,3,07:00-09:00,1,0,0
ประชานิเวศน์,เทศบาลสงเคราะห์,3,09:00-16:00,1,0,0
ประชานิเวศน์,เทศบาลสงเคราะห์,3,16:00-19:00,1,0,0
ประชานุกล,ประชาชื่น,3,07:00-09:00,1,0,0
ประชานุกล,ประชาชื่น,3,09:00-16:00,1,0,0
ประชานุกล,ประชาชื่น,3,16:00-19:00,1,0,0
ประชานุกล,รัชดาภิเษก,3,07:00-09:00,1,0,0
ประชานุกล,รัชดาภิเษก,3,09:00-16:00,1,0,0
ประชานุกล,รัชดาภิเษก,3,16:00-19:00,1,0,0
ประชานุกูล,ประชาชื่น,3,07:00-09:00,0,2,0
ประชานุกูล,ประชาชื่น,3,09:00-16:00,0,2,0
ประชานุกูล,ประชาชื่น,3,16:00-19:00,0,2,0
ประชานุกูล,ประชาชื่น,4,07:00-09:00,0,0,1
ประชานุกูล,ประชาชื่น,4,09:00-17:00,0,0,1
ประชานุกูล,ประชาชื่น,4,17:00-19:00,0,0,1
ประชานุกูล,รัชดาภิเษก,3,07:00-09:00,0,1,0
ประชานุกูล,รัชดาภิเษก,3,09:00-16:00,0,1,0
ประชานุกูล,รัชดาภิเษก,3,16:00-19:00,0,1,0
ประชานุกูล,รัชดาภิเษก,4,07:00-09:00,0,0,1
ประชานุกูล,รัชดาภิเษก,4,09:00-17:00,0,0,1
ประชานุกูล,รัชดาภิเษก,4,17:00-19:00,0,0,1
ประชานุกูล,รัชดาภเิษก,3,07:00-09:00,0,1,0
ประชานุกูล,รัชดาภเิษก,3,09:00-16:00,0,1,0
ประชานุกูล,รัชดาภเิษก,3,16:00-19:00,0,1,0
ประชาราษฎร์,ประชาราษฎร์สาย1,1,07:00-09:00,0,0,1
ประชาราษฎร์,ประชาราษฎร์สาย1,1,09:00-17:00,0,0,1
ประชาราษฎร์,ประชาราษฎร์สาย1,1,17:00-19:00,0,0,1
ประชาราษฎร์,ประชาราษฎร์สาย1,2,07:00-09:00,0,0,1
ประชาราษฎร์,ประชาราษฎร์สาย1,2,09:00-17:00,0,0,1
ประชาราษฎร์,ประชาราษฎร์สาย1,2,17:00-19:00,0,0,1
ประชาราษฎร์,ประชาราษฎร์สาย1,4,07:00-09:00,1,0,0
ประชาราษฎร์,ประชาราษฎร์สาย1,4,09:00-16:00,1,0,0
ประชาราษฎร์,ประชาราษฎร์สาย1,4,16:00-19:00,1,0,0
ประชาราษฎร์,วงศ์สวาง,4,07:00-09:00,1,0,0
ประชาราษฎร์,วงศ์สวาง,4,09:00-16:00,1,0,0
ประชาราษฎร์,วงศ์สวาง,4,16:00-19:00,1,0,0
ประชาราษฎร์,วงศ์สว่าง,1,07:00-09:00,0,0,1
ประชาราษฎร์,วงศ์สว่าง,1,09:00-17:00,0,0,1
ประชาราษฎร์,วงศ์สว่าง,1,17:00-19:00,0,0,1
ประชาราษฎร์,วงศ์สว่าง,2,07:00-09:00,0,0,1
ประชาราษฎร์,วงศ์สว่าง,2,09:00-17:00,0,0,1
ประชาราษฎร์,วงศ์สว่าง,2,17:00-19:00,0,0,1
ประชาราษฎร์บำเพ็ญ,ประชาราษฎร์บำเพ็ญ,4,07:00-09:00,1,0,0
ประชาราษฎร์บำเพ็ญ,ประชาราษฎร์บำเพ็ญ,4,09:00-16:00,1,0,0
ประชาราษฎร์บำเพ็ญ,ประชาราษฎร์บำเพ็ญ,4,16:00-19:00,1,0,0
ประชาราษฎร์บำเพ็ญ,ประชาอุทิศ,4,07:00-09:00,1,0,0
ประชาราษฎร์บำเพ็ญ,ประชาอุทิศ,4,09:00-16:00,1,0,0
ประชาราษฎร์บำเพ็ญ,ประชาอุทิศ,4,16:00-19:00,1,0,0
ประชาราษฎร์บำเพ็ญ-ประชาอุทิศ,ประชาราษฎร์บำเพ็ญ(EB),1,07:00-09:00,0,0,1
ประชาราษฎร์บำเพ็ญ-ประชาอุทิศ,ประชาราษฎร์บำเพ็ญ(EB),1,09:00-17:00,0,0,1
ประชาราษฎร์บำเพ็ญ-ประชาอุทิศ,ประชาราษฎร์บำเพ็ญ(EB),1,17:00-19:00,0,0,1
ประชาราษฎร์บำเพ็ญ-ประชาอุทิศ,ประชาราษฎร์บำเพ็ญ(SB),1,07:00-09:00,0,0,1
ประชาราษฎร์บำเพ็ญ-ประชาอุทิศ,ประชาราษฎร์บำเพ็ญ(SB),1,09:00-17:00,0,0,1
ประชาราษฎร์บำเพ็ญ-ประชาอุทิศ,ประชาราษฎร์บำเพ็ญ(SB),1,17:00-19:00,0,0,1
ประชาราษฎร์บำเพ็ญ-ประชาอุทิศ,ประชาอุทิศ,1,07:00-09:00,0,0,1
ประชาราษฎร์บำเพ็ญ-ประชาอุทิศ,ประชาอุทิศ,1,09:00-17:00,0,0,1
ประชาราษฎร์บำเพ็ญ-ประชาอุทิศ,ประชาอุทิศ,1,17:00-19:00,0,0,1
ประชาราษฎร์สาย1,ประชาราษฎร์สาย1,1,07:00-09:00,0,1,0
ประชาราษฎร์สาย1,ประชาราษฎร์สาย1,1,09:00-16:00,0,1,0
ประชาราษฎร์สาย1,ประชาราษฎร์สาย1,1,16:00-19:00,0,1,0
ประชาราษฎร์สาย1,ประชาราษฎร์สาย1,2,07:00-09:00,1,0,0
ประชาราษฎร์สาย1,ประชาราษฎร์สาย1,2,09:00-16:00,1,0,0
ประชาราษฎร์สาย1,ประชาราษฎร์สาย1,2,16:00-19:00,1,0,0
ประชาราษฎร์สาย1,วงศ์สว่าง,1,07:00-09:00,0,1,0
ประชาราษฎร์สาย1,วงศ์สว่าง,1,09:00-16:00,0,1,0
ประชาราษฎร์สาย1,วงศ์สว่าง,1,16:00-19:00,0,1,0
ประชาราษฎร์สาย1,วงศ์สว่าง,2,07:00-09:00,1,0,0
ประชาราษฎร์สาย1,วงศ์สว่าง,2,09:00-16:00,1,0,0
ประชาราษฎร์สาย1,วงศ์สว่าง,2,16:00-19:00,1,0,0
ประชาร่วมใจ-ซอยเบนชะโด,ประชาร่วมใจ,2,07:00-09:00,0,1,0
ประชาร่วมใจ-ซอยเบนชะโด,ประชาร่วมใจ,2,09:00-16:00,0,1,0
ประชาร่วมใจ-ซอยเบนชะโด,ประชาร่วมใจ,2,16:00-19:00,0,1,0
ประชาร่วมใจ-ราษฎร์ร่วมใจ,ประชาร่วมใจ,2,07:00-09:00,0,0,1
ประชาร่วมใจ-ราษฎร์ร่วมใจ,ประชาร่วมใจ,2,09:00-17:00,0,0,1
ประชาร่วมใจ-ราษฎร์ร่วมใจ,ประชาร่วมใจ,2,17:00-19:00,0,0,1
ประชาร่วมใจ-ราษฎร์ร่วมใจ,ราษฎร์ร่วมใจ,2,07:00-09:00,0,0,1
ประชาร่วมใจ-ราษฎร์ร่วมใจ,ราษฎร์ร่วมใจ,2,09:00-17:00,0,0,1
ประชาร่วมใจ-ราษฎร์ร่วมใจ,ราษฎร์ร่วมใจ,2,17:00-19:00,0,0,1
ประชาร่วมใจ31,ประชาร่วมใจ,1,07:00-09:00,0,0,1
ประชาร่วมใจ31,ประชาร่วมใจ,1,09:00-17:00,0,0,1
ประชาร่วมใจ31,ประชาร่วมใจ,1,17:00-19:00,0,0,1
ประชาร่วมใจ31,ประชาร่วมใจ31,1,07:00-09:00,0,0,1
ประชาร่วมใจ31,ประชาร่วมใจ31,1,09:00-17:00,0,0,1
ประชาร่วมใจ31,ประชาร่วมใจ31,1,17:00-19:00,0,0,1
ประชาสงเคราะห์,ดินแดง,1,07:00-09:00,1,0,1
ประชาสงเคราะห์,ดินแดง,1,09:00-16:00,1,0,0
ประชาสงเคราะห์,ดินแดง,1,09:00-17:00,0,0,1
ประชาสงเคราะห์,ดินแดง,1,16:00-19:00,1,0,0
ประชาสงเคราะห์,ดินแดง,1,17:00-19:00,0,0,1
ประชาสงเคราะห์,ดินแดง,2,07:00-09:00,0,1,1
ประชาสงเคราะห์,ดินแดง,2,09:00-16:00,0,1,0
ประชาสงเคราะห์,ดินแดง,2,09:00-17:00,0,0,1
ประชาสงเคราะห์,ดินแดง,2,16:00-19:00,0,1,0
ประชาสงเคราะห์,ดินแดง,2,17:00-19:00,0,0,1
ประชาสงเคราะห์,ดินแดง,4,07:00-09:00,1,0,0
ประชาสงเคราะห์,ดินแดง,4,09:00-16:00,1,0,0
ประชาสงเคราะห์,ดินแดง,4,16:00-19:00,1,0,0
ประชาสงเคราะห์,ประชาสงเคราะห์,1,07:00-09:00,1,0,1
ประชาสงเคราะห์,ประชาสงเคราะห์,1,09:00-16:00,1,0,0
ประชาสงเคราะห์,ประชาสงเคราะห์,1,09:00-17:00,0,0,1
ประชาสงเคราะห์,ประชาสงเคราะห์,1,16:00-19:00,1,0,0
ประชาสงเคราะห์,ประชาสงเคราะห์,1,17:00-19:00,0,0,1
ประชาสงเคราะห์,ประชาสงเคราะห์,2,07:00-09:00,0,1,1
ประชาสงเคราะห์,ประชาสงเคราะห์,2,09:00-16:00,0,1,0
ประชาสงเคราะห์,ประชาสงเคราะห์,2,09:00-17:00,0,0,1
ประชาสงเคราะห์,ประชาสงเคราะห์,2,16:00-19:00,0,1,0
ประชาสงเคราะห์,ประชาสงเคราะห์,2,17:00-19:00,0,0,1
ประชาสงเคราะห์,ประชาสงเคราะห์,4,07:00-09:00,1,0,0
ประชาสงเคราะห์,ประชาสงเคราะห์,4,09:00-16:00,1,0,0
ประชาสงเคราะห์,ประชาสงเคราะห์,4,16:00-19:00,1,0,0
ประชาสงเคราะห์,อโศกดินแดง,1,07:00-09:00,1,0,1
ประชาสงเคราะห์,อโศกดินแดง,1,09:00-16:00,1,0,0
ประชาสงเคราะห์,อโศกดินแดง,1,09:00-17:00,0,0,1
ประชาสงเคราะห์,อโศกดินแดง,1,16:00-19:00,1,0,0
ประชาสงเคราะห์,อโศกดินแดง,1,17:00-19:00,0,0,1
ประชาสงเคราะห์,อโศกดินแดง,2,07:00-09:00,0,0,1
ประชาสงเคราะห์,อโศกดินแดง,2,09:00-17:00,0,0,1
ประชาสงเคราะห์,อโศกดินแดง,2,17:00-19:00,0,0,1
ประชาสงเคราะห์,อโศกดินแดง,4,07:00-09:00,1,0,0
ประชาสงเคราะห์,อโศกดินแดง,4,09:00-16:00,1,0,0
ประชาสงเคราะห์,อโศกดินแดง,4,16:00-19:00,1,0,0
ประชาสงเคราะห์-มิตรไมตรี,ประชาสงเคราะห์,1,06:30-09:00,0,1,0
ประชาสงเคราะห์-มิตรไมตรี,ประชาสงเคราะห์,1,07:00-09:00,0,2,0
ประชาสงเคราะห์-มิตรไมตรี,ประชาสงเคราะห์,1,09:00-16:00,0,3,0
ประชาสงเคราะห์-มิตรไมตรี,ประชาสงเคราะห์,1,16:00-19:00,0,2,0
ประชาสงเคราะห์-มิตรไมตรี,ประชาสงเคราะห์,1,16:00-19:30,0,1,0
ประชาสงเคราะห์-มิตรไมตรี,ประชาสงเคราะห์,2,06:30-09:00,1,0,0
ประชาสงเคราะห์-มิตรไมตรี,ประชาสงเคราะห์,2,09:00-16:00,1,0,0
ประชาสงเคราะห์-มิตรไมตรี,ประชาสงเคราะห์,2,16:00-19:30,1,0,0
ประชาสงเคราะห์-มิตรไมตรี,ประชาสงเคราะห์,3,07:00-09:00,1,0,0
ประชาสงเคราะห์-มิตรไมตรี,ประชาสงเคราะห์,3,09:00-16:00,1,0,0
ประชาสงเคราะห์-มิตรไมตรี,ประชาสงเคราะห์,3,16:00-19:00,1,0,0
ประชาสงเคราะห์-มิตรไมตรี,มิตรไมตรี,1,06:30-09:00,0,1,0
ประชาสงเคราะห์-มิตรไมตรี,มิตรไมตรี,1,07:00-09:00,0,2,0
ประชาสงเคราะห์-มิตรไมตรี,มิตรไมตรี,1,09:00-16:00,0,3,0
ประชาสงเคราะห์-มิตรไมตรี,มิตรไมตรี,1,16:00-19:00,0,2,0
ประชาสงเคราะห์-มิตรไมตรี,มิตรไมตรี,1,16:00-19:30,0,1,0
ประชาสงเคราะห์-มิตรไมตรี,มิตรไมตรี,2,06:30-09:00,1,0,0
ประชาสงเคราะห์-มิตรไมตรี,มิตรไมตรี,2,09:00-16:00,1,0,0
ประชาสงเคราะห์-มิตรไมตรี,มิตรไมตรี,2,16:00-19:30,1,0,0
ประชาสงเคราะห์-มิตรไมตรี,มิตรไมตรี,3,07:00-09:00,1,0,0
ประชาสงเคราะห์-มิตรไมตรี,มิตรไมตรี,3,09:00-16:00,1,0,0
ประชาสงเคราะห์-มิตรไมตรี,มิตรไมตรี,3,16:00-19:00,1,0,0
ประชาอุทิศ,ประชาอุทิศ,1,07:00-09:00,0,0,3
ประชาอุทิศ,ประชาอุทิศ,1,09:00-16:00,0,0,1
ประชาอุทิศ,ประชาอุทิศ,1,09:00-17:00,0,0,2
ประชาอุทิศ,ประชาอุทิศ,1,16:00-19:00,0,0,1
ประชาอุทิศ,ประชาอุทิศ,1,17:00-19:00,0,0,2
ประชาอุทิศ,ประชาอุทิศ,2,07:00-09:00,1,0,1
ประชาอุทิศ,ประชาอุทิศ,2,09:00-16:00,1,0,1
ประชาอุทิศ,ประชาอุทิศ,2,16:00-19:00,1,0,1
ประชาอุทิศ,ประชาอุทิศ,3,07:00-09:00,2,1,0
ประชาอุทิศ,ประชาอุทิศ,3,09:00-16:00,2,1,0
ประชาอุทิศ,ประชาอุทิศ,3,16:00-19:00,2,1,0
ประชาอุทิศ,ประชาอุทิศ,4,07:00-09:00,0,1,0
ประชาอุทิศ,ประชาอุทิศ,4,09:00-16:00,0,1,0
ประชาอุทิศ,ประชาอุทิศ,4,16:00-19:00,0,1,0
ประชาอุทิศ,ประชาอุทิศ19,1,07:00-09:00,0,0,1
ประชาอุทิศ,ประชาอุทิศ19,1,09:00-17:00,0,0,1
ประชาอุทิศ,ประชาอุทิศ19,1,17:00-19:00,0,0,1
ประชาอุทิศ,สุขสวัสดิ,3,07:00-09:00,1,0,0
ประชาอุทิศ,สุขสวัสดิ,3,09:00-16:00,1,0,0
ประชาอุทิศ,สุขสวัสดิ,3,16:00-19:00,1,0,0
ประชาอุทิศ,สุขสวัสดิ์,1,07:00-09:00,0,0,2
ประชาอุทิศ,สุขสวัสดิ์,1,09:00-16:00,0,0,1
ประชาอุทิศ,สุขสวัสดิ์,1,09:00-17:00,0,0,1
ประชาอุทิศ,สุขสวัสดิ์,1,16:00-19:00,0,0,1
ประชาอุทิศ,สุขสวัสดิ์,1,17:00-19:00,0,0,1
ประชาอุทิศ,สุขสวัสดิ์,2,07:00-09:00,1,0,0
ประชาอุทิศ,สุขสวัสดิ์,2,09:00-16:00,1,0,0
ประชาอุทิศ,สุขสวัสดิ์,2,16:00-19:00,1,0,0
ประชาอุทิศ,สุขสวัสดิ์,4,07:00-09:00,0,1,0
ประชาอุทิศ,สุขสวัสดิ์,4,09:00-16:00,0,1,0
ประชาอุทิศ,สุขสวัสดิ์,4,16:00-19:00,0,1,0
ประชาอุทิศ,เทียมร่วมมิตร,1,07:00-09:00,0,0,1
ประชาอุทิศ,เทียมร่วมมิตร,1,09:00-17:00,0,0,1
ประชาอุทิศ,เทียมร่วมมิตร,1,17:00-19:00,0,0,1
ประชาอุทิศ,เทียมร่วมมิตร,2,07:00-09:00,0,0,1
ประชาอุทิศ,เทียมร่วมมิตร,2,09:00-16:00,0,0,1
ประชาอุทิศ,เทียมร่วมมิตร,2,16:00-19:00,0,0,1
ประชาอุทิศ,เทียมร่วมมิตร,3,07:00-09:00,1,1,0
ประชาอุทิศ,เทียมร่วมมิตร,3,09:00-16:00,1,1,0
ประชาอุทิศ,เทียมร่วมมิตร,3,16:00-19:00,1,1,0
ประชาอุทิศ-ประชาอุทิศ99,ประชาอุทิศ,3,07:00-09:00,0,0,1
ประชาอุทิศ-ประชาอุทิศ99,ประชาอุทิศ,3,09:00-16:00,0,0,1
ประชาอุทิศ-ประชาอุทิศ99,ประชาอุทิศ,3,16:00-19:00,0,0,1
ประชาอุทิศ-ประชาอุทิศ99,ประชาอุทิศ99,3,07:00-09:00,0,0,1
ประชาอุทิศ-ประชาอุทิศ99,ประชาอุทิศ99,3,09:00-16:00,0,0,1
ประชาอุทิศ-ประชาอุทิศ99,ประชาอุทิศ99,3,16:00-19:00,0,0,1
ประชาอุทิศ-เทียมร่วมมิตร,ประชาอุทิศ,1,07:00-09:00,0,0,1
ประชาอุทิศ-เทียมร่วมมิตร,ประชาอุทิศ,1,09:00-17:00,0,0,1
ประชาอุทิศ-เทียมร่วมมิตร,ประชาอุทิศ,1,17:00-19:00,0,0,1
ประชาอุทิศ-เทียมร่วมมิตร,เทียมร่วมมิตร,1,07:00-09:00,0,0,1
ประชาอุทิศ-เทียมร่วมมิตร,เทียมร่วมมิตร,1,09:00-17:00,0,0,1
ประชาอุทิศ-เทียมร่วมมิตร,เทียมร่วมมิตร,1,17:00-19:00,0,0,1
ประชาอุทิศ-เลียบด่วนกาญจนาภิเษก,ซอยประชาอุทิศ99,3,07:00-09:00,1,0,0
ประชาอุทิศ-เลียบด่วนกาญจนาภิเษก,ซอยประชาอุทิศ99,3,09:00-16:00,1,0,0
ประชาอุทิศ-เลียบด่วนกาญจนาภิเษก,ซอยประชาอุทิศ99,3,16:00-19:00,1,0,0
ประชาอุทิศ-เลียบด่วนกาญจนาภิเษก,ประชาอุทิศ,3,07:00-09:00,1,0,0
ประชาอุทิศ-เลียบด่วนกาญจนาภิเษก,ประชาอุทิศ,3,09:00-16:00,1,0,1
ประชาอุทิศ-เลียบด่วนกาญจนาภิเษก,ประชาอุทิศ,3,16:00-19:00,1,0,1
ประชาอุทิศ-เลียบด่วนกาญจนาภิเษก,ประชาอุทิศ,4,07:00-09:00,0,1,0
ประชาอุทิศ-เลียบด่วนกาญจนาภิเษก,ประชาอุทิศ,4,09:00-16:00,0,1,0
ประชาอุทิศ-เลียบด่วนกาญจนาภิเษก,ประชาอุทิศ,4,16:00-19:00,0,1,0
ประชาอุทิศ-เลียบด่วนกาญจนาภิเษก,ประชาอุทิศ99,4,07:00-09:00,0,1,0
ประชาอุทิศ-เลียบด่วนกาญจนาภิเษก,ประชาอุทิศ99,4,09:00-16:00,0,1,0
ประชาอุทิศ-เลียบด่วนกาญจนาภิเษก,ประชาอุทิศ99,4,16:00-19:00,0,1,0
ประชาอุทิศ-เลียบด่วนกาญจนาภิเษก,เลียบด่วนกาญจนาภิเษก,3,07:00-09:00,1,0,1
ประชาอุทิศ-เลียบด่วนกาญจนาภิเษก,เลียบด่วนกาญจนาภิเษก,3,09:00-16:00,1,0,1
ประชาอุทิศ-เลียบด่วนกาญจนาภิเษก,เลียบด่วนกาญจนาภิเษก,3,16:00-19:00,1,0,1
ประชาอุทิศ-เลียบด่วนกาญจนาภิเษก,เลียบด่วนกาญจนาภิเษก,4,07:00-09:00,0,1,0
ประชาอุทิศ-เลียบด่วนกาญจนาภิเษก,เลียบด่วนกาญจนาภิเษก,4,09:00-16:00,0,1,0
ประชาอุทิศ-เลียบด่วนกาญจนาภิเษก,เลียบด่วนกาญจนาภิเษก,4,16:00-19:00,0,1,0
ประชาอุทิศ14-ประชาอุทิศ13,ประชาอุทิศ,4,07:00-09:00,0,0,1
ประชาอุทิศ14-ประชาอุทิศ13,ประชาอุทิศ,4,09:00-17:00,0,0,1
ประชาอุทิศ14-ประชาอุทิศ13,ประชาอุทิศ,4,17:00-19:00,0,0,1
ประชาอุทิศ14-ประชาอุทิศ13,ประชาอุทิศ13,4,07:00-09:00,0,0,1
ประชาอุทิศ14-ประชาอุทิศ13,ประชาอุทิศ13,4,09:00-17:00,0,0,1
ประชาอุทิศ14-ประชาอุทิศ13,ประชาอุทิศ13,4,17:00-19:00,0,0,1
ประชาอุทิศ14-ประชาอุทิศ13,ประชาอุทิศ14,4,07:00-09:00,0,0,1
ประชาอุทิศ14-ประชาอุทิศ13,ประชาอุทิศ14,4,09:00-17:00,0,0,1
ประชาอุทิศ14-ประชาอุทิศ13,ประชาอุทิศ14,4,17:00-19:00,0,0,1
ประชาอุทิศ33,ประชาอุทิศ,2,07:00-09:00,0,0,1
ประชาอุทิศ33,ประชาอุทิศ,2,09:00-17:00,0,0,1
ประชาอุทิศ33,ประชาอุทิศ,2,17:00-19:00,0,0,1
ประชาอุทิศ33,ประชาอุทิศ33,2,07:00-09:00,0,0,1
ประชาอุทิศ33,ประชาอุทิศ33,2,09:00-17:00,0,0,1
ประชาอุทิศ33,ประชาอุทิศ33,2,17:00-19:00,0,0,1
ประชาอุทิศ54,ประชาอุทิศ,4,07:00-09:00,0,0,1
ประชาอุทิศ54,ประชาอุทิศ,4,09:00-17:00,0,0,1
ประชาอุทิศ54,ประชาอุทิศ,4,17:00-19:00,0,0,1
ประชาอุทิศ54,ประชาอุทิศ54,4,07:00-09:00,0,0,1
ประชาอุทิศ54,ประชาอุทิศ54,4,09:00-17:00,0,0,1
ประชาอุทิศ54,ประชาอุทิศ54,4,17:00-19:00,0,0,1
ประชาอุทิศ68,ประชาอุทิศ,1,07:00-09:00,0,0,1
ประชาอุทิศ68,ประชาอุทิศ,1,09:00-17:00,0,0,1
ประชาอุทิศ68,ประชาอุทิศ,1,17:00-19:00,0,0,1
ประชาอุทิศ69,ประชาอุทิศ,4,07:00-09:00,0,0,1
ประชาอุทิศ69,ประชาอุทิศ,4,09:00-17:00,0,0,1
ประชาอุทิศ69,ประชาอุทิศ,4,17:00-19:00,0,0,1
ประชาอุทิศ69,ประชาอุทิศ69,4,07:00-09:00,0,0,1
ประชาอุทิศ69,ประชาอุทิศ69,4,09:00-17:00,0,0,1
ประชาอุทิศ69,ประชาอุทิศ69,4,17:00-19:00,0,0,1
ประชาอุทิศ76-ประชาอุทิศ91/3,ประชาอุทิศ,3,07:00-09:00,0,0,1
ประชาอุทิศ76-ประชาอุทิศ91/3,ประชาอุทิศ,3,09:00-17:00,0,0,1
ประชาอุทิศ76-ประชาอุทิศ91/3,ประชาอุทิศ,3,17:00-19:00,0,0,1
ประชาอุทิศ76-ประชาอุทิศ91/3,ประชาอุทิศ76,3,07:00-09:00,0,0,1
ประชาอุทิศ76-ประชาอุทิศ91/3,ประชาอุทิศ76,3,09:00-17:00,0,0,1
ประชาอุทิศ76-ประชาอุทิศ91/3,ประชาอุทิศ76,3,17:00-19:00,0,0,1
ประชาอุทิศ76-ประชาอุทิศ91/3,ประชาอุทิศ91/3,3,07:00-09:00,0,0,1
ประชาอุทิศ76-ประชาอุทิศ91/3,ประชาอุทิศ91/3,3,09:00-17:00,0,0,1
ประชาอุทิศ76-ประชาอุทิศ91/3,ประชาอุทิศ91/3,3,17:00-19:00,0,0,1
ประชาอุทิศ83,ประชาอุทิศ,1,07:00-09:00,0,0,1
ประชาอุทิศ83,ประชาอุทิศ,1,09:00-17:00,0,0,1
ประชาอุทิศ83,ประชาอุทิศ,1,17:00-19:00,0,0,1
ประชาอุทิศ90,ประชาอุทิศ,1,07:00-09:00,0,0,1
ประชาอุทิศ90,ประชาอุทิศ,1,09:00-17:00,0,0,1
ประชาอุทิศ90,ประชาอุทิศ,1,17:00-19:00,0,0,1
ประชาอุทิศ90,ประชาอุทิศ90,1,07:00-09:00,0,0,1
ประชาอุทิศ90,ประชาอุทิศ90,1,09:00-17:00,0,0,1
ประชาอุทิศ90,ประชาอุทิศ90,1,17:00-19:00,0,0,1
ประชาเกษม,กรุงเกษม,1,07:00-09:00,0,1,1
ประชาเกษม,กรุงเกษม,1,09:00-16:00,0,1,0
ประชาเกษม,กรุงเกษม,1,09:00-17:00,0,0,1
ประชาเกษม,กรุงเกษม,1,16:00-19:00,0,1,0
ประชาเกษม,กรุงเกษม,1,17:00-19:00,0,0,1
ประชาเกษม,กรุงเกษม,2,07:00-09:00,1,0,1
ประชาเกษม,กรุงเกษม,2,09:00-16:00,1,0,0
ประชาเกษม,กรุงเกษม,2,09:00-17:00,0,0,1
ประชาเกษม,กรุงเกษม,2,16:00-19:00,1,0,0
ประชาเกษม,กรุงเกษม,2,17:00-19:00,0,0,1
ประชาเกษม,นครราชสีมา,1,07:00-09:00,0,1,1
ประชาเกษม,นครราชสีมา,1,09:00-16:00,0,1,0
ประชาเกษม,นครราชสีมา,1,09:00-17:00,0,0,1
ประชาเกษม,นครราชสีมา,1,16:00-19:00,0,1,0
ประชาเกษม,นครราชสีมา,1,17:00-19:00,0,0,1
ประชาเกษม,นครราชสีมา,2,07:00-09:00,1,0,1
ประชาเกษม,นครราชสีมา,2,09:00-16:00,1,0,0
ประชาเกษม,นครราชสีมา,2,09:00-17:00,0,0,1
ประชาเกษม,นครราชสีมา,2,16:00-19:00,1,0,0
ประชาเกษม,นครราชสีมา,2,17:00-19:00,0,0,1
ประชาเกษม,ประชาธิปไตย,1,07:00-09:00,0,1,1
ประชาเกษม,ประชาธิปไตย,1,09:00-16:00,0,1,0
ประชาเกษม,ประชาธิปไตย,1,09:00-17:00,0,0,1
ประชาเกษม,ประชาธิปไตย,1,16:00-19:00,0,1,0
ประชาเกษม,ประชาธิปไตย,1,17:00-19:00,0,0,1
ประชาเกษม,ประชาธิปไตย,2,07:00-09:00,1,0,1
ประชาเกษม,ประชาธิปไตย,2,09:00-16:00,1,0,0
ประชาเกษม,ประชาธิปไตย,2,09:00-17:00,0,0,1
ประชาเกษม,ประชาธิปไตย,2,16:00-19:00,1,0,0
ประชาเกษม,ประชาธิปไตย,2,17:00-19:00,0,0,1
ประดิพัทธ์,ประดิพัทธ์,1,07:00-09:00,0,1,0
ประดิพัทธ์,ประดิพัทธ์,1,09:00-16:00,0,1,0
ประดิพัทธ์,ประดิพัทธ์,1,16:00-19:00,0,1,0
ประดิพัทธ์,ประดิพัทธ์,2,07:00-09:00,0,0,1
ประดิพัทธ์,ประดิพัทธ์,2,09:00-17:00,0,0,1
ประดิพัทธ์,ประดิพัทธ์,2,17:00-19:00,0,0,1
ประดิพัทธ์,ประดิพัทธ์,3,07:00-09:00,0,2,1
ประดิพัทธ์,ประดิพัทธ์,3,09:00-16:00,0,2,0
ประดิพัทธ์,ประดิพัทธ์,3,09:00-17:00,0,0,1
ประดิพัทธ์,ประดิพัทธ์,3,16:00-19:00,0,2,0
ประดิพัทธ์,ประดิพัทธ์,3,17:00-19:00,0,0,1
ประดิพัทธ์,ประดิพัทธ์,4,06:30-09:00,1,0,0
ประดิพัทธ์,ประดิพัทธ์,4,07:00-09:00,0,1,0
ประดิพัทธ์,ประดิพัทธ์,4,09:00-16:00,1,1,0
ประดิพัทธ์,ประดิพัทธ์,4,16:00-19:00,0,1,0
ประดิพัทธ์,ประดิพัทธ์,4,16:00-19:30,1,0,0
ประดิพัทธ์,พระรามที่6,1,07:00-09:00,0,1,0
ประดิพัทธ์,พระรามที่6,1,09:00-16:00,0,1,0
ประดิพัทธ์,พระรามที่6,1,16:00-19:00,0,1,0
ประดิพัทธ์,พระรามที่6,2,07:00-09:00,0,0,1
ประดิพัทธ์,พระรามที่6,2,09:00-17:00,0,0,1
ประดิพัทธ์,พระรามที่6,2,17:00-19:00,0,0,1
ประดิพัทธ์,พระรามที่6,3,07:00-09:00,0,2,1
ประดิพัทธ์,พระรามที่6,3,09:00-16:00,0,2,0
ประดิพัทธ์,พระรามที่6,3,09:00-17:00,0,0,1
ประดิพัทธ์,พระรามที่6,3,16:00-19:00,0,2,0
ประดิพัทธ์,พระรามที่6,3,17:00-19:00,0,0,1
ประดิพัทธ์,พระรามที่6,4,07:00-09:00,1,1,0
ประดิพัทธ์,พระรามที่6,4,09:00-16:00,1,1,0
ประดิพัทธ์,พระรามที่6,4,16:00-19:00,1,1,0
ประดิษฐ์มนูธรรม,ประดิษฐ์มนูธรรม,2,07:00-09:00,1,0,0
ประดิษฐ์มนูธรรม,ประดิษฐ์มนูธรรม,2,09:00-16:00,1,0,0
ประดิษฐ์มนูธรรม,ประดิษฐ์มนูธรรม,2,16:00-19:00,1,0,0
ประดิษฐ์มนูธรรม,สังคมสงเคราะห์,2,07:00-09:00,1,0,0
ประดิษฐ์มนูธรรม,สังคมสงเคราะห์,2,09:00-16:00,1,0,0
ประดิษฐ์มนูธรรม,สังคมสงเคราะห์,2,16:00-19:00,1,0,0
ประดิษฐ์มนูธรรม-สังคมสงเคราะห์,ประดิษฐ์มนูธรรม,1,07:00-09:00,0,1,0
ประดิษฐ์มนูธรรม-สังคมสงเคราะห์,ประดิษฐ์มนูธรรม,1,09:00-16:00,0,1,0
ประดิษฐ์มนูธรรม-สังคมสงเคราะห์,ประดิษฐ์มนูธรรม,1,16:00-19:00,0,1,0
ประดิษฐ์มนูธรรม-สังคมสงเคราะห์,สังคมสงเคราะห์,1,07:00-09:00,0,1,0
ประดิษฐ์มนูธรรม-สังคมสงเคราะห์,สังคมสงเคราะห์,1,09:00-16:00,0,1,0
ประดิษฐ์มนูธรรม-สังคมสงเคราะห์,สังคมสงเคราะห์,1,16:00-19:00,0,1,0
ประตู1ตลาดนัดจตุจักร,กำแพงเพชร2,3,07:00-09:00,0,0,1
ประตู1ตลาดนัดจตุจักร,กำแพงเพชร2,3,09:00-17:00,0,0,1
ประตู1ตลาดนัดจตุจักร,กำแพงเพชร2,3,17:00-19:00,0,0,1
ประตูนา,ราชดำริ,2,06:30-09:00,1,0,0
ประตูนา,ราชดำริ,2,09:00-16:00,1,0,0
ประตูนา,ราชดำริ,2,16:00-19:30,1,0,0
ประตูนา,ราชปรารภ,2,06:30-09:00,1,0,0
ประตูนา,ราชปรารภ,2,09:00-16:00,1,0,0
ประตูนา,ราชปรารภ,2,16:00-19:30,1,0,0
ประตูนา,เพชรบุรี,2,07:00-09:00,1,0,0
ประตูนา,เพชรบุรี,2,09:00-16:00,1,0,0
ประตูนา,เพชรบุรี,2,16:00-19:00,1,0,0
ประตูน้ำ,ราชดำริ,1,07:00-09:00,0,0,2
ประตูน้ำ,ราชดำริ,1,09:00-16:00,0,0,1
ประตูน้ำ,ราชดำริ,1,09:00-17:00,0,0,1
ประตูน้ำ,ราชดำริ,1,16:00-19:00,0,0,1
ประตูน้ำ,ราชดำริ,1,17:00-19:00,0,0,1
ประตูน้ำ,ราชดำริ,2,07:00-09:00,0,0,1
ประตูน้ำ,ราชดำริ,2,09:00-17:00,0,0,1
ประตูน้ำ,ราชดำริ,2,17:00-19:00,0,0,1
ประตูน้ำ,ราชดำริ,3,07:00-09:00,1,2,1
ประตูน้ำ,ราชดำริ,3,09:00-16:00,1,2,0
ประตูน้ำ,ราชดำริ,3,09:00-17:00,0,0,1
ประตูน้ำ,ราชดำริ,3,16:00-19:00,1,2,0
ประตูน้ำ,ราชดำริ,3,17:00-19:00,0,0,1
ประตูน้ำ,ราชปรารภ,1,07:00-09:00,0,0,2
ประตูน้ำ,ราชปรารภ,1,09:00-16:00,0,0,1
ประตูน้ำ,ราชปรารภ,1,09:00-17:00,0,0,1
ประตูน้ำ,ราชปรารภ,1,16:00-19:00,0,0,1
ประตูน้ำ,ราชปรารภ,1,17:00-19:00,0,0,1
ประตูน้ำ,ราชปรารภ,2,07:00-09:00,0,0,1
ประตูน้ำ,ราชปรารภ,2,09:00-17:00,0,0,1
ประตูน้ำ,ราชปรารภ,2,17:00-19:00,0,0,1
ประตูน้ำ,ราชปรารภ,3,07:00-09:00,1,2,1
ประตูน้ำ,ราชปรารภ,3,09:00-16:00,1,2,0
ประตูน้ำ,ราชปรารภ,3,09:00-17:00,0,0,1
ประตูน้ำ,ราชปรารภ,3,16:00-19:00,1,2,0
ประตูน้ำ,ราชปรารภ,3,17:00-19:00,0,0,1
ประตูน้ำ,เพชรบุรี,1,07:00-09:00,0,0,2
ประตูน้ำ,เพชรบุรี,1,09:00-16:00,0,0,1
ประตูน้ำ,เพชรบุรี,1,09:00-17:00,0,0,1
ประตูน้ำ,เพชรบุรี,1,16:00-19:00,0,0,1
ประตูน้ำ,เพชรบุรี,1,17:00-19:00,0,0,1
ประตูน้ำ,เพชรบุรี,2,07:00-09:00,0,0,1
ประตูน้ำ,เพชรบุรี,2,09:00-17:00,0,0,1
ประตูน้ำ,เพชรบุรี,2,17:00-19:00,0,0,1
ประตูน้ำ,เพชรบุรี,3,07:00-09:00,1,2,1
ประตูน้ำ,เพชรบุรี,3,09:00-16:00,1,2,0
ประตูน้ำ,เพชรบุรี,3,09:00-17:00,0,0,1
ประตูน้ำ,เพชรบุรี,3,16:00-19:00,1,2,0
ประตูน้ำ,เพชรบุรี,3,17:00-19:00,0,0,1
ประตูผี,มหาไชย,4,07:00-09:00,0,0,1
ประตูผี,มหาไชย,4,09:00-16:00,0,0,1
ประตูผี,มหาไชย,4,16:00-19:00,0,0,1
ประเวศ,อ่อนนุช,1,07:00-09:00,0,0,2
ประเวศ,อ่อนนุช,1,09:00-17:00,0,0,2
ประเวศ,อ่อนนุช,1,17:00-19:00,0,0,2
ประเวศ,อ่อนนุช,2,06:30-09:00,0,1,0
ประเวศ,อ่อนนุช,2,07:00-09:00,1,0,1
ประเวศ,อ่อนนุช,2,09:00-16:00,1,1,1
ประเวศ,อ่อนนุช,2,16:00-19:00,1,0,1
ประเวศ,อ่อนนุช,2,16:00-19:30,0,1,0
ประเวศ,เฉลิมพระเกียรติ,2,06:30-09:00,0,1,0
ประเวศ,เฉลิมพระเกียรติ,2,07:00-09:00,1,0,0
ประเวศ,เฉลิมพระเกียรติ,2,09:00-16:00,1,1,0
ประเวศ,เฉลิมพระเกียรติ,2,16:00-19:00,1,0,0
ประเวศ,เฉลิมพระเกียรติ,2,16:00-19:30,0,1,0
ประเวศ,เฉลิมพระเกียรติร.9,1,07:00-09:00,0,0,2
ประเวศ,เฉลิมพระเกียรติร.9,1,09:00-17:00,0,0,2
ประเวศ,เฉลิมพระเกียรติร.9,1,17:00-19:00,0,0,2
ประเวศ,เฉลิมพระเกียรติร.9,2,07:00-09:00,0,0,1
ประเวศ,เฉลิมพระเกียรติร.9,2,09:00-16:00,0,0,1
ประเวศ,เฉลิมพระเกียรติร.9,2,16:00-19:00,0,0,1
ประเสริฐมนูกิจ-ประดิษฐ์มนูธรรม,ประดิษฐ์มนูธรรม,1,07:00-09:00,1,1,1
ประเสริฐมนูกิจ-ประดิษฐ์มนูธรรม,ประดิษฐ์มนูธรรม,1,09:00-16:00,1,1,0
ประเสริฐมนูกิจ-ประดิษฐ์มนูธรรม,ประดิษฐ์มนูธรรม,1,09:00-17:00,0,0,1
ประเสริฐมนูกิจ-ประดิษฐ์มนูธรรม,ประดิษฐ์มนูธรรม,1,16:00-19:00,1,1,0
ประเสริฐมนูกิจ-ประดิษฐ์มนูธรรม,ประดิษฐ์มนูธรรม,1,17:00-19:00,0,0,1
ประเสริฐมนูกิจ-ประดิษฐ์มนูธรรม,ประดิษฐ์มนูธรรม,2,07:00-09:00,0,0,1
ประเสริฐมนูกิจ-ประดิษฐ์มนูธรรม,ประดิษฐ์มนูธรรม,2,09:00-17:00,0,0,1
ประเสริฐมนูกิจ-ประดิษฐ์มนูธรรม,ประดิษฐ์มนูธรรม,2,17:00-19:00,0,0,1
ประเสริฐมนูกิจ-ประดิษฐ์มนูธรรม,ประดิษฐ์มนูธรรม,4,07:00-09:00,1,0,0
ประเสริฐมนูกิจ-ประดิษฐ์มนูธรรม,ประดิษฐ์มนูธรรม,4,09:00-16:00,1,0,0
ประเสริฐมนูกิจ-ประดิษฐ์มนูธรรม,ประดิษฐ์มนูธรรม,4,16:00-19:00,1,0,0
ประเสริฐมนูกิจ-ประดิษฐ์มนูธรรม,ประเสริฐมนูกิจ,1,07:00-09:00,1,1,1
ประเสริฐมนูกิจ-ประดิษฐ์มนูธรรม,ประเสริฐมนูกิจ,1,09:00-16:00,1,1,0
ประเสริฐมนูกิจ-ประดิษฐ์มนูธรรม,ประเสริฐมนูกิจ,1,09:00-17:00,0,0,1
ประเสริฐมนูกิจ-ประดิษฐ์มนูธรรม,ประเสริฐมนูกิจ,1,16:00-19:00,1,1,0
ประเสริฐมนูกิจ-ประดิษฐ์มนูธรรม,ประเสริฐมนูกิจ,1,17:00-19:00,0,0,1
ประเสริฐมนูกิจ-ประดิษฐ์มนูธรรม,ประเสริฐมนูกิจ,2,07:00-09:00,0,0,1
ประเสริฐมนูกิจ-ประดิษฐ์มนูธรรม,ประเสริฐมนูกิจ,2,09:00-17:00,0,0,1
ประเสริฐมนูกิจ-ประดิษฐ์มนูธรรม,ประเสริฐมนูกิจ,2,17:00-19:00,0,0,1
ประเสริฐมนูกิจ-ประดิษฐ์มนูธรรม,ประเสริฐมนูกิจ,4,07:00-09:00,1,0,0
ประเสริฐมนูกิจ-ประดิษฐ์มนูธรรม,ประเสริฐมนูกิจ,4,09:00-16:00,1,0,0
ประเสริฐมนูกิจ-ประดิษฐ์มนูธรรม,ประเสริฐมนูกิจ,4,16:00-19:00,1,0,0
ประเสริฐมนูกิจ-ลาดปลาเค้า,ประเสริฐมนูกิจ,1,07:00-09:00,0,0,1
ประเสริฐมนูกิจ-ลาดปลาเค้า,ประเสริฐมนูกิจ,1,09:00-17:00,0,0,1
ประเสริฐมนูกิจ-ลาดปลาเค้า,ประเสริฐมนูกิจ,1,17:00-19:00,0,0,1
ประเสริฐมนูกิจ-ลาดปลาเค้า,ประเสริฐมนูกิจ,3,07:00-09:00,1,0,0
ประเสริฐมนูกิจ-ลาดปลาเค้า,ประเสริฐมนูกิจ,3,09:00-16:00,1,0,0
ประเสริฐมนูกิจ-ลาดปลาเค้า,ประเสริฐมนูกิจ,3,16:00-19:00,1,0,0
ประเสริฐมนูกิจ-ลาดปลาเค้า,ประเสริฐมนูกิจ,4,07:00-09:00,0,1,0
ประเสริฐมนูกิจ-ลาดปลาเค้า,ประเสริฐมนูกิจ,4,09:00-16:00,0,1,0
ประเสริฐมนูกิจ-ลาดปลาเค้า,ประเสริฐมนูกิจ,4,16:00-19:00,0,1,0
ประเสริฐมนูกิจ-ลาดปลาเค้า,ลาดปลาเค้า,1,07:00-09:00,0,0,1
ประเสริฐมนูกิจ-ลาดปลาเค้า,ลาดปลาเค้า,1,09:00-17:00,0,0,1
ประเสริฐมนูกิจ-ลาดปลาเค้า,ลาดปลาเค้า,1,17:00-19:00,0,0,1
ประเสริฐมนูกิจ-ลาดปลาเค้า,ลาดปลาเค้า,3,07:00-09:00,1,0,0
ประเสริฐมนูกิจ-ลาดปลาเค้า,ลาดปลาเค้า,3,09:00-16:00,1,0,0
ประเสริฐมนูกิจ-ลาดปลาเค้า,ลาดปลาเค้า,3,16:00-19:00,1,0,0
ประเสริฐมนูกิจ-ลาดปลาเค้า,ลาดปลาเค้า,4,07:00-09:00,0,1,0
ประเสริฐมนูกิจ-ลาดปลาเค้า,ลาดปลาเค้า,4,09:00-16:00,0,1,0
ประเสริฐมนูกิจ-ลาดปลาเค้า,ลาดปลาเค้า,4,16:00-19:00,0,1,0
ประเสริฐมนูกิจ-สุคนธสวัสดิ์,ประเสริฐมนูกิจ,1,07:00-09:00,0,1,1
ประเสริฐมนูกิจ-สุคนธสวัสดิ์,ประเสริฐมนูกิจ,1,09:00-16:00,0,1,0
ประเสริฐมนูกิจ-สุคนธสวัสดิ์,ประเสริฐมนูกิจ,1,09:00-17:00,0,0,1
ประเสริฐมนูกิจ-สุคนธสวัสดิ์,ประเสริฐมนูกิจ,1,16:00-19:00,0,1,0
ประเสริฐมนูกิจ-สุคนธสวัสดิ์,ประเสริฐมนูกิจ,1,17:00-19:00,0,0,1
ประเสริฐมนูกิจ-สุคนธสวัสดิ์,ประเสริฐมนูกิจ,4,06:30-09:00,1,0,0
ประเสริฐมนูกิจ-สุคนธสวัสดิ์,ประเสริฐมนูกิจ,4,09:00-16:00,1,0,0
ประเสริฐมนูกิจ-สุคนธสวัสดิ์,ประเสริฐมนูกิจ,4,16:00-19:30,1,0,0
ประเสริฐมนูกิจ-สุคนธสวัสดิ์,สุคนธสวัสดิ์,1,07:00-09:00,0,1,1
ประเสริฐมนูกิจ-สุคนธสวัสดิ์,สุคนธสวัสดิ์,1,09:00-16:00,0,1,0
ประเสริฐมนูกิจ-สุคนธสวัสดิ์,สุคนธสวัสดิ์,1,09:00-17:00,0,0,1
ประเสริฐมนูกิจ-สุคนธสวัสดิ์,สุคนธสวัสดิ์,1,16:00-19:00,0,1,0
ประเสริฐมนูกิจ-สุคนธสวัสดิ์,สุคนธสวัสดิ์,1,17:00-19:00,0,0,1
ประเสริฐมนูกิจ-สุคนธสวัสดิ์,สุคนธสวัสดิ์,4,07:00-09:00,1,0,0
ประเสริฐมนูกิจ-สุคนธสวัสดิ์,สุคนธสวัสดิ์,4,09:00-16:00,1,0,0
ประเสริฐมนูกิจ-สุคนธสวัสดิ์,สุคนธสวัสดิ์,4,16:00-19:00,1,0,0
ประเสริฐมนูกิจ29,ประเสริฐมนูกิจ,4,07:00-09:00,0,0,1
ประเสริฐมนูกิจ29,ประเสริฐมนูกิจ,4,09:00-17:00,0,0,1
ประเสริฐมนูกิจ29,ประเสริฐมนูกิจ,4,17:00-19:00,0,0,1
ประเสริฐมนูกิจ29,ประเสริฐมนูกิจ29,4,07:00-09:00,0,0,1
ประเสริฐมนูกิจ29,ประเสริฐมนูกิจ29,4,09:00-17:00,0,0,1
ประเสริฐมนูกิจ29,ประเสริฐมนูกิจ29,4,17:00-19:00,0,0,1
ประเสริฐมนูกิจ29,มัยลาภ,4,07:00-09:00,0,0,1
ประเสริฐมนูกิจ29,มัยลาภ,4,09:00-17:00,0,0,1
ประเสริฐมนูกิจ29,มัยลาภ,4,17:00-19:00,0,0,1
ปรีดีพนมยงค์2,สุขุมวิท71,3,07:00-09:00,0,0,1
ปรีดีพนมยงค์2,สุขุมวิท71,3,09:00-17:00,0,0,1
ปรีดีพนมยงค์2,สุขุมวิท71,3,17:00-19:00,0,0,1
ปัญญาอินทรา-สุเหร่าคลองหนึ่ง,ปัญญาอินทรา(EB),3,07:00-09:00,0,0,1
ปัญญาอินทรา-สุเหร่าคลองหนึ่ง,ปัญญาอินทรา(EB),3,09:00-16:00,0,0,1
ปัญญาอินทรา-สุเหร่าคลองหนึ่ง,ปัญญาอินทรา(EB),3,16:00-19:00,0,0,1
ปัญญาอินทรา-สุเหร่าคลองหนึ่ง,ปัญญาอินทรา(SB),3,07:00-09:00,0,0,1
ปัญญาอินทรา-สุเหร่าคลองหนึ่ง,ปัญญาอินทรา(SB),3,09:00-16:00,0,0,1
ปัญญาอินทรา-สุเหร่าคลองหนึ่ง,ปัญญาอินทรา(SB),3,16:00-19:00,0,0,1
ปัญญาอินทรา-สุเหร่าคลองหนึ่ง,สุเหร่าคลองหนึ่ง,3,07:00-09:00,0,0,1
ปัญญาอินทรา-สุเหร่าคลองหนึ่ง,สุเหร่าคลองหนึ่ง,3,09:00-16:00,0,0,1
ปัญญาอินทรา-สุเหร่าคลองหนึ่ง,สุเหร่าคลองหนึ่ง,3,16:00-19:00,0,0,1
ปากชอยราษฎร์อุทิศ52-54,ราษฎร์อุทิศ,3,07:00-09:00,1,0,0
ปากชอยราษฎร์อุทิศ52-54,ราษฎร์อุทิศ,3,09:00-16:00,1,0,0
ปากชอยราษฎร์อุทิศ52-54,ราษฎร์อุทิศ,3,16:00-19:00,1,0,0
ปากซอยกรุงธนบุรี5,กรุงธนบุรี,1,07:00-09:00,1,0,0
ปากซอยกรุงธนบุรี5,กรุงธนบุรี,1,09:00-16:00,1,0,0
ปากซอยกรุงธนบุรี5,กรุงธนบุรี,1,16:00-19:00,1,0,0
ปากซอยกรุงธนบุรี5,กรุงธนบุรี,4,07:00-09:00,1,0,0
ปากซอยกรุงธนบุรี5,กรุงธนบุรี,4,09:00-16:00,1,0,0
ปากซอยกรุงธนบุรี5,กรุงธนบุรี,4,16:00-19:00,1,0,0
ปากซอยกรุงเทพ-นนทบุรี20,กรุงเทพ-นนทบุรี,4,07:00-09:00,0,0,1
ปากซอยกรุงเทพ-นนทบุรี20,กรุงเทพ-นนทบุรี,4,09:00-17:00,0,0,1
ปากซอยกรุงเทพ-นนทบุรี20,กรุงเทพ-นนทบุรี,4,17:00-19:00,0,0,1
ปากซอยกรุงเทพกรีฑา7,กรุงเทพกรีฑา,2,07:00-09:00,1,0,0
ปากซอยกรุงเทพกรีฑา7,กรุงเทพกรีฑา,2,09:00-16:00,1,0,0
ปากซอยกรุงเทพกรีฑา7,กรุงเทพกรีฑา,2,16:00-19:00,1,0,0
ปากซอยกรุงเทพกรีฑา7,กรุงเทพกรีฑา(EB),2,07:00-09:00,0,0,1
ปากซอยกรุงเทพกรีฑา7,กรุงเทพกรีฑา(EB),2,09:00-16:00,0,0,1
ปากซอยกรุงเทพกรีฑา7,กรุงเทพกรีฑา(EB),2,16:00-19:00,0,0,1
ปากซอยกรุงเทพกรีฑา7,กรุงเทพกรีฑา(NB),2,07:00-09:00,0,0,1
ปากซอยกรุงเทพกรีฑา7,กรุงเทพกรีฑา(NB),2,09:00-16:00,0,0,1
ปากซอยกรุงเทพกรีฑา7,กรุงเทพกรีฑา(NB),2,16:00-19:00,0,0,1
ปากซอยกรุงเทพกรีฑา7,กรุงเทพกรีฑา7,2,07:00-09:00,0,0,1
ปากซอยกรุงเทพกรีฑา7,กรุงเทพกรีฑา7,2,09:00-16:00,0,0,1
ปากซอยกรุงเทพกรีฑา7,กรุงเทพกรีฑา7,2,16:00-19:00,0,0,1
ปากซอยกรุงเทพกรีฑา7,ซอยกรุงเทพกรีฑา7,2,07:00-09:00,1,0,0
ปากซอยกรุงเทพกรีฑา7,ซอยกรุงเทพกรีฑา7,2,09:00-16:00,1,0,0
ปากซอยกรุงเทพกรีฑา7,ซอยกรุงเทพกรีฑา7,2,16:00-19:00,1,0,0
ปากซอยกรุงเทพกรีฑา7,ศรีนครินทร์-ร่มเกล้า,2,07:00-09:00,1,0,1
ปากซอยกรุงเทพกรีฑา7,ศรีนครินทร์-ร่มเกล้า,2,09:00-16:00,1,0,1
ปากซอยกรุงเทพกรีฑา7,ศรีนครินทร์-ร่มเกล้า,2,16:00-19:00,1,0,1
ปากซอยกาญจนาภิเษก10,กาญจนาภิเษก,4,07:00-09:00,0,0,1
ปากซอยกาญจนาภิเษก10,กาญจนาภิเษก,4,09:00-16:00,0,0,1
ปากซอยกาญจนาภิเษก10,กาญจนาภิเษก,4,16:00-19:00,0,0,1
ปากซอยกาญจนาภิเษก10,กาญจนาภิเษก10,4,07:00-09:00,0,0,1
ปากซอยกาญจนาภิเษก10,กาญจนาภิเษก10,4,09:00-16:00,0,0,1
ปากซอยกาญจนาภิเษก10,กาญจนาภิเษก10,4,16:00-19:00,0,0,1
ปากซอยกาญจนาภิเษก8,กาญจนาภิเษก,4,07:00-09:00,0,0,1
ปากซอยกาญจนาภิเษก8,กาญจนาภิเษก,4,09:00-16:00,0,0,1
ปากซอยกาญจนาภิเษก8,กาญจนาภิเษก,4,16:00-19:00,0,0,1
ปากซอยกาญจนาภิเษก8,กาญจนาภิเษก8,4,07:00-09:00,0,0,1
ปากซอยกาญจนาภิเษก8,กาญจนาภิเษก8,4,09:00-16:00,0,0,1
ปากซอยกาญจนาภิเษก8,กาญจนาภิเษก8,4,16:00-19:00,0,0,1
ปากซอยขุมทรัพย์นคร16/5,พุทธมณฑลสาย3,1,07:00-09:00,0,1,0
ปากซอยขุมทรัพย์นคร16/5,พุทธมณฑลสาย3,1,09:00-16:00,0,1,0
ปากซอยขุมทรัพย์นคร16/5,พุทธมณฑลสาย3,1,16:00-19:00,0,1,0
ปากซอยคริสจักร,จรัญสนิทวงศ์,3,07:00-09:00,0,0,1
ปากซอยคริสจักร,จรัญสนิทวงศ์,3,09:00-17:00,0,0,1
ปากซอยคริสจักร,จรัญสนิทวงศ์,3,17:00-19:00,0,0,1
ปากซอยคุ้มเกล้า3,คุ้มเกล้า,4,07:00-09:00,0,0,1
ปากซอยคุ้มเกล้า3,คุ้มเกล้า,4,09:00-17:00,0,0,1
ปากซอยคุ้มเกล้า3,คุ้มเกล้า,4,17:00-19:00,0,0,1
ปากซอยคู้บอน27,คู้บอน,2,07:00-09:00,0,0,1
ปากซอยคู้บอน27,คู้บอน,2,09:00-17:00,0,0,1
ปากซอยคู้บอน27,คู้บอน,2,17:00-19:00,0,0,1
ปากซอยคู้บอน27,คู้บอน27,2,07:00-09:00,0,0,1
ปากซอยคู้บอน27,คู้บอน27,2,09:00-17:00,0,0,1
ปากซอยคู้บอน27,คู้บอน27,2,17:00-19:00,0,0,1
ปากซอยคู้บอน44,คู้บอน,3,07:00-09:00,0,0,2
ปากซอยคู้บอน44,คู้บอน,3,09:00-17:00,0,0,2
ปากซอยคู้บอน44,คู้บอน,3,17:00-19:00,0,0,2
ปากซอยจรัญสนิทวงศ์1,จรัญสนิทวงศ์,2,07:00-09:00,0,0,1
ปากซอยจรัญสนิทวงศ์1,จรัญสนิทวงศ์,2,09:00-17:00,0,0,1
ปากซอยจรัญสนิทวงศ์1,จรัญสนิทวงศ์,2,17:00-19:00,0,0,1
ปากซอยจรัญสนิทวงศ์1,จรัญสนิทวงศ์1,2,07:00-09:00,0,0,1
ปากซอยจรัญสนิทวงศ์1,จรัญสนิทวงศ์1,2,09:00-17:00,0,0,1
ปากซอยจรัญสนิทวงศ์1,จรัญสนิทวงศ์1,2,17:00-19:00,0,0,1
ปากซอยจรัญสนิทวงศ์26,จรัญสนิทวงศ์,3,07:00-09:00,0,0,1
ปากซอยจรัญสนิทวงศ์26,จรัญสนิทวงศ์,3,09:00-16:00,0,0,1
ปากซอยจรัญสนิทวงศ์26,จรัญสนิทวงศ์,3,16:00-19:00,0,0,1
ปากซอยจรัญสนิทวงศ์26,จรัญสนิทวงศ์26,3,07:00-09:00,0,0,1
ปากซอยจรัญสนิทวงศ์26,จรัญสนิทวงศ์26,3,09:00-16:00,0,0,1
ปากซอยจรัญสนิทวงศ์26,จรัญสนิทวงศ์26,3,16:00-19:00,0,0,1
ปากซอยจรัญสนิทวงศ์29,จรัญสนิทวงศ์,4,07:00-09:00,0,0,1
ปากซอยจรัญสนิทวงศ์29,จรัญสนิทวงศ์,4,09:00-17:00,0,0,1
ปากซอยจรัญสนิทวงศ์29,จรัญสนิทวงศ์,4,17:00-19:00,0,0,1
ปากซอยจรัญสนิทวงศ์30,จรัญสนิทวงศ์,3,07:00-09:00,0,0,1
ปากซอยจรัญสนิทวงศ์30,จรัญสนิทวงศ์,3,09:00-16:00,0,0,1
ปากซอยจรัญสนิทวงศ์30,จรัญสนิทวงศ์,3,16:00-19:00,0,0,1
ปากซอยจรัญสนิทวงศ์30,จรัญสนิทวงศ์30,3,07:00-09:00,0,0,1
ปากซอยจรัญสนิทวงศ์30,จรัญสนิทวงศ์30,3,09:00-16:00,0,0,1
ปากซอยจรัญสนิทวงศ์30,จรัญสนิทวงศ์30,3,16:00-19:00,0,0,1
ปากซอยจรัญสนิทวงศ์43,จรัญสนิทวงศ์,3,07:00-09:00,0,1,0
ปากซอยจรัญสนิทวงศ์43,จรัญสนิทวงศ์,3,09:00-16:00,0,1,0
ปากซอยจรัญสนิทวงศ์43,จรัญสนิทวงศ์,3,16:00-19:00,0,1,0
ปากซอยจันทน์51,จันทน์,2,07:00-09:00,0,0,1
ปากซอยจันทน์51,จันทน์,2,09:00-17:00,0,0,1
ปากซอยจันทน์51,จันทน์,2,17:00-19:00,0,0,1
ปากซอยจันทน์51,จันทน์51,2,07:00-09:00,0,0,1
ปากซอยจันทน์51,จันทน์51,2,09:00-17:00,0,0,1
ปากซอยจันทน์51,จันทน์51,2,17:00-19:00,0,0,1
ปากซอยจุฬาลงกรณ์12,บรรทัดทอง,3,07:00-09:00,0,1,0
ปากซอยจุฬาลงกรณ์12,บรรทัดทอง,3,09:00-16:00,0,1,0
ปากซอยจุฬาลงกรณ์12,บรรทัดทอง,3,16:00-19:00,0,1,0
ปากซอยจุฬาลงกรณ์26,บรรทัดทอง,3,07:00-09:00,0,2,0
ปากซอยจุฬาลงกรณ์26,บรรทัดทอง,3,09:00-16:00,0,2,0
ปากซอยจุฬาลงกรณ์26,บรรทัดทอง,3,16:00-19:00,0,2,0
ปากซอยจุฬาฯ15,พระรามที่4,3,07:00-09:00,0,0,1
ปากซอยจุฬาฯ15,พระรามที่4,3,09:00-17:00,0,0,1
ปากซอยจุฬาฯ15,พระรามที่4,3,17:00-19:00,0,0,1
ปากซอยฉลองกรุง23-24,ฉลองกรุง,1,07:00-09:00,0,1,0
ปากซอยฉลองกรุง23-24,ฉลองกรุง,1,09:00-16:00,0,1,0
ปากซอยฉลองกรุง23-24,ฉลองกรุง,1,16:00-19:00,0,1,0
ปากซอยฉลองกรุง61,ฉลองกรุง,3,07:00-09:00,0,0,1
ปากซอยฉลองกรุง61,ฉลองกรุง,3,09:00-17:00,0,0,1
ปากซอยฉลองกรุง61,ฉลองกรุง,3,17:00-19:00,0,0,1
ปากซอยฉิมพลี34,ฉิมพลี,2,07:00-09:00,0,0,1
ปากซอยฉิมพลี34,ฉิมพลี,2,09:00-17:00,0,0,1
ปากซอยฉิมพลี34,ฉิมพลี,2,17:00-19:00,0,0,1
ปากซอยตากสิน34,ซอยตากสิน34,1,07:00-09:00,1,0,0
ปากซอยตากสิน34,ซอยตากสิน34,1,09:00-16:00,1,0,0
ปากซอยตากสิน34,ซอยตากสิน34,1,16:00-19:00,1,0,0
ปากซอยตากสิน34,สมเด็จพระเจ้าตากสิน,1,07:00-09:00,1,0,0
ปากซอยตากสิน34,สมเด็จพระเจ้าตากสิน,1,09:00-16:00,1,0,0
ปากซอยตากสิน34,สมเด็จพระเจ้าตากสิน,1,16:00-19:00,1,0,0
ปากซอยทรัพย์วัฒนะ,เลียบคลองประปา,3,06:30-09:00,1,0,0
ปากซอยทรัพย์วัฒนะ,เลียบคลองประปา,3,09:00-16:00,1,0,0
ปากซอยทรัพย์วัฒนะ,เลียบคลองประปา,3,16:00-19:30,1,0,0
ปากซอยทวีวัฒนา1,ทวีวัฒนา,1,07:00-09:00,0,0,1
ปากซอยทวีวัฒนา1,ทวีวัฒนา,1,09:00-17:00,0,0,1
ปากซอยทวีวัฒนา1,ทวีวัฒนา,1,17:00-19:00,0,0,1
ปากซอยทวีวัฒนา24,ทวีวัฒนา,4,07:00-09:00,0,0,1
ปากซอยทวีวัฒนา24,ทวีวัฒนา,4,09:00-17:00,0,0,1
ปากซอยทวีวัฒนา24,ทวีวัฒนา,4,17:00-19:00,0,0,1
ปากซอยทองหล่อ20,ทองหล่อ,1,07:00-09:00,0,0,1
ปากซอยทองหล่อ20,ทองหล่อ,1,09:00-17:00,0,0,1
ปากซอยทองหล่อ20,ทองหล่อ,1,17:00-19:00,0,0,1
ปากซอยทองหล่อ20,ทองหล่อ20,1,07:00-09:00,0,0,1
ปากซอยทองหล่อ20,ทองหล่อ20,1,09:00-17:00,0,0,1
ปากซอยทองหล่อ20,ทองหล่อ20,1,17:00-19:00,0,0,1
ปากซอยทองหล่อ3,ทองหล่อ,4,07:00-09:00,0,0,1
ปากซอยทองหล่อ3,ทองหล่อ,4,09:00-17:00,0,0,1
ปากซอยทองหล่อ3,ทองหล่อ,4,17:00-19:00,0,0,1
ปากซอยทองหล่อ5,ทองหล่อ,1,07:00-09:00,0,0,1
ปากซอยทองหล่อ5,ทองหล่อ,1,09:00-17:00,0,0,1
ปากซอยทองหล่อ5,ทองหล่อ,1,17:00-19:00,0,0,1
ปากซอยนครสวรรค์3,นครสวรรค์,3,07:00-09:00,0,0,1
ปากซอยนครสวรรค์3,นครสวรรค์,3,09:00-17:00,0,0,1
ปากซอยนครสวรรค์3,นครสวรรค์,3,17:00-19:00,0,0,1
ปากซอยนราธิวาส10,ซอยนราธิวาสราชนครินทร์10,3,07:00-09:00,0,0,1
ปากซอยนราธิวาส10,ซอยนราธิวาสราชนครินทร์10,3,09:00-16:00,0,0,1
ปากซอยนราธิวาส10,ซอยนราธิวาสราชนครินทร์10,3,16:00-19:00,0,0,1
ปากซอยนราธิวาส28,นราธิวาสราชนครินทร์,4,07:00-09:00,0,0,1
ปากซอยนราธิวาส28,นราธิวาสราชนครินทร์,4,09:00-17:00,0,0,1
ปากซอยนราธิวาส28,นราธิวาสราชนครินทร์,4,17:00-19:00,0,0,1
ปากซอยนราธิวาส8,ซอยนราธิวาสราชนครินทร์8,3,07:00-09:00,0,0,1
ปากซอยนราธิวาส8,ซอยนราธิวาสราชนครินทร์8,3,09:00-16:00,0,0,1
ปากซอยนราธิวาส8,ซอยนราธิวาสราชนครินทร์8,3,16:00-19:00,0,0,1
ปากซอยนามบัญญัติ,ประชาธิปไตย,3,07:00-09:00,0,2,0
ปากซอยนามบัญญัติ,ประชาธิปไตย,3,09:00-16:00,0,2,0
ปากซอยนามบัญญัติ,ประชาธิปไตย,3,16:00-19:00,0,2,0
ปากซอยนิมิตใหม่29/5,นิมิตใหม่,1,07:00-09:00,0,0,1
ปากซอยนิมิตใหม่29/5,นิมิตใหม่,1,09:00-17:00,0,0,1
ปากซอยนิมิตใหม่29/5,นิมิตใหม่,1,17:00-19:00,0,0,1
ปากซอยนิมิตใหม่40,นิมิตใหม่,3,07:00-09:00,0,0,1
ปากซอยนิมิตใหม่40,นิมิตใหม่,3,09:00-17:00,0,0,1
ปากซอยนิมิตใหม่40,นิมิตใหม่,3,17:00-19:00,0,0,1
ปากซอยนิมิตใหม่9,นิมิตใหม่,1,07:00-09:00,0,0,1
ปากซอยนิมิตใหม่9,นิมิตใหม่,1,09:00-17:00,0,0,1
ปากซอยนิมิตใหม่9,นิมิตใหม่,1,17:00-19:00,0,0,1
ปากซอยบางกระดิ35/1,บางกระดี่,1,07:00-09:00,1,0,0
ปากซอยบางกระดิ35/1,บางกระดี่,1,09:00-16:00,1,0,0
ปากซอยบางกระดิ35/1,บางกระดี่,1,16:00-19:00,1,0,0
ปากซอยบางกระดี32,บางกระดี่,1,07:00-09:00,1,0,0
ปากซอยบางกระดี32,บางกระดี่,1,09:00-16:00,1,0,0
ปากซอยบางกระดี32,บางกระดี่,1,16:00-19:00,1,0,0
ปากซอยบางกระดี่1,บางกระดี่,1,07:00-09:00,1,0,0
ปากซอยบางกระดี่1,บางกระดี่,1,09:00-16:00,1,0,0
ปากซอยบางกระดี่1,บางกระดี่,1,16:00-19:00,1,0,0
ปากซอยบางกระดี่16,บางกระดี่,1,07:00-09:00,1,0,0
ปากซอยบางกระดี่16,บางกระดี่,1,09:00-16:00,1,0,0
ปากซอยบางกระดี่16,บางกระดี่,1,16:00-19:00,1,0,0
ปากซอยบางนาตราด30,บางนาตราด,2,07:00-09:00,0,0,1
ปากซอยบางนาตราด30,บางนาตราด,2,09:00-17:00,0,0,1
ปากซอยบางนาตราด30,บางนาตราด,2,17:00-19:00,0,0,1
ปากซอยบางนาตราด30,บางนาตราด30,2,07:00-09:00,0,0,1
ปากซอยบางนาตราด30,บางนาตราด30,2,09:00-17:00,0,0,1
ปากซอยบางนาตราด30,บางนาตราด30,2,17:00-19:00,0,0,1
ปากซอยบางนาตราด4,บางนาตราด,2,07:00-09:00,0,0,1
ปากซอยบางนาตราด4,บางนาตราด,2,09:00-17:00,0,0,1
ปากซอยบางนาตราด4,บางนาตราด,2,17:00-19:00,0,0,1
ปากซอยบางนาตราด4,บางนาตราด4,2,07:00-09:00,0,0,1
ปากซอยบางนาตราด4,บางนาตราด4,2,09:00-17:00,0,0,1
ปากซอยบางนาตราด4,บางนาตราด4,2,17:00-19:00,0,0,1
ปากซอยบางพรม11,พรานนก-พุทธมณฑลสาย4,2,07:00-09:00,0,1,0
ปากซอยบางพรม11,พรานนก-พุทธมณฑลสาย4,2,09:00-16:00,0,1,0
ปากซอยบางพรม11,พรานนก-พุทธมณฑลสาย4,2,16:00-19:00,0,1,0
ปากซอยบุญอยู่,ดินแดง,1,07:00-09:00,0,1,0
ปากซอยบุญอยู่,ดินแดง,1,09:00-16:00,0,1,0
ปากซอยบุญอยู่,ดินแดง,1,16:00-19:00,0,1,0
ปากซอยประชาชื่น29,ประชาชื่น,4,07:00-09:00,0,0,1
ปากซอยประชาชื่น29,ประชาชื่น,4,09:00-17:00,0,0,1
ปากซอยประชาชื่น29,ประชาชื่น,4,17:00-19:00,0,0,1
ปากซอยประชาชื่น37,ประชาชื่น,1,07:00-09:00,0,0,1
ปากซอยประชาชื่น37,ประชาชื่น,1,09:00-17:00,0,0,1
ปากซอยประชาชื่น37,ประชาชื่น,1,17:00-19:00,0,0,1
ปากซอยประชาชื่น37,ประชาชื่น,4,07:00-09:00,0,0,1
ปากซอยประชาชื่น37,ประชาชื่น,4,09:00-17:00,0,0,1
ปากซอยประชาชื่น37,ประชาชื่น,4,17:00-19:00,0,0,1
ปากซอยประชาชื่น37,ประชาชื่น37,1,07:00-09:00,0,0,1
ปากซอยประชาชื่น37,ประชาชื่น37,1,09:00-17:00,0,0,1
ปากซอยประชาชื่น37,ประชาชื่น37,1,17:00-19:00,0,0,1
ปากซอยประชาราษฎร์บำเพ็ญ6,ประชาราษฎร์บำเพ็ญ,3,07:00-09:00,0,0,1
ปากซอยประชาราษฎร์บำเพ็ญ6,ประชาราษฎร์บำเพ็ญ,3,09:00-17:00,0,0,1
ปากซอยประชาราษฎร์บำเพ็ญ6,ประชาราษฎร์บำเพ็ญ,3,17:00-19:00,0,0,1
ปากซอยประชาราษฎร์สาย1ซอย10,ประชาราษฎร์สาย1,2,07:00-09:00,0,0,1
ปากซอยประชาราษฎร์สาย1ซอย10,ประชาราษฎร์สาย1,2,09:00-17:00,0,0,1
ปากซอยประชาราษฎร์สาย1ซอย10,ประชาราษฎร์สาย1,2,17:00-19:00,0,0,1
ปากซอยประชาราษฎร์สาย1ซอย36,ประชาราษฎร์สาย1,2,07:00-09:00,0,0,1
ปากซอยประชาราษฎร์สาย1ซอย36,ประชาราษฎร์สาย1,2,09:00-17:00,0,0,1
ปากซอยประชาราษฎร์สาย1ซอย36,ประชาราษฎร์สาย1,2,17:00-19:00,0,0,1
ปากซอยประชาราษฎร์สาย1ซอย36,ประชาราษฎร์สาย1ซอย36,2,07:00-09:00,0,0,1
ปากซอยประชาราษฎร์สาย1ซอย36,ประชาราษฎร์สาย1ซอย36,2,09:00-17:00,0,0,1
ปากซอยประชาราษฎร์สาย1ซอย36,ประชาราษฎร์สาย1ซอย36,2,17:00-19:00,0,0,1
ปากซอยประชาร่วมใจ31,ประชาร่วมใจ,4,07:00-09:00,0,0,1
ปากซอยประชาร่วมใจ31,ประชาร่วมใจ,4,09:00-16:00,0,0,1
ปากซอยประชาร่วมใจ31,ประชาร่วมใจ,4,16:00-19:00,0,0,1
ปากซอยประชาร่วมใจ31,ประชาร่วมใจ31,4,07:00-09:00,0,0,1
ปากซอยประชาร่วมใจ31,ประชาร่วมใจ31,4,09:00-16:00,0,0,1
ปากซอยประชาร่วมใจ31,ประชาร่วมใจ31,4,16:00-19:00,0,0,1
ปากซอยประชาร่วมใจ35,ประชาร่วมใจ,3,06:30-09:00,1,0,0
ปากซอยประชาร่วมใจ35,ประชาร่วมใจ,3,09:00-16:00,1,0,0
ปากซอยประชาร่วมใจ35,ประชาร่วมใจ,3,16:00-19:30,1,0,0
ปากซอยประชาอุทิศ113,ประชาอุทิศ,1,07:00-09:00,0,0,1
ปากซอยประชาอุทิศ113,ประชาอุทิศ,1,09:00-17:00,0,0,1
ปากซอยประชาอุทิศ113,ประชาอุทิศ,1,17:00-19:00,0,0,1
ปากซอยประชาอุทิศ27,ประชาอุทิศ,2,07:00-09:00,0,0,1
ปากซอยประชาอุทิศ27,ประชาอุทิศ,2,09:00-17:00,0,0,1
ปากซอยประชาอุทิศ27,ประชาอุทิศ,2,17:00-19:00,0,0,1
ปากซอยประชาอุทิศ54,ประชาอุทิศ,4,07:00-09:00,0,0,1
ปากซอยประชาอุทิศ54,ประชาอุทิศ,4,09:00-17:00,0,0,1
ปากซอยประชาอุทิศ54,ประชาอุทิศ,4,17:00-19:00,0,0,1
ปากซอยประชาอุทิศ58/2,ประชาอุทิศ,2,07:00-09:00,0,0,1
ปากซอยประชาอุทิศ58/2,ประชาอุทิศ,2,09:00-17:00,0,0,1
ปากซอยประชาอุทิศ58/2,ประชาอุทิศ,2,17:00-19:00,0,0,1
ปากซอยประดิษฐ์มนูธรรม15,ประดิษฐ์มนูธรรม,4,07:00-09:00,0,0,1
ปากซอยประดิษฐ์มนูธรรม15,ประดิษฐ์มนูธรรม,4,09:00-17:00,0,0,1
ปากซอยประดิษฐ์มนูธรรม15,ประดิษฐ์มนูธรรม,4,17:00-19:00,0,0,1
ปากซอยประดิษฐ์มนูธรรม29,ประดิษฐ์มนูธรรม,2,07:00-09:00,0,0,1
ปากซอยประดิษฐ์มนูธรรม29,ประดิษฐ์มนูธรรม,2,09:00-17:00,0,0,1
ปากซอยประดิษฐ์มนูธรรม29,ประดิษฐ์มนูธรรม,2,17:00-19:00,0,0,1
ปากซอยประดิษฐ์มนูธรรม29,ประดิษฐ์มนูธรรม29,2,07:00-09:00,0,0,1
ปากซอยประดิษฐ์มนูธรรม29,ประดิษฐ์มนูธรรม29,2,09:00-17:00,0,0,1
ปากซอยประดิษฐ์มนูธรรม29,ประดิษฐ์มนูธรรม29,2,17:00-19:00,0,0,1
ปากซอยปรีดีพนมยงค์7,ปรีดีพนมยงค์,2,07:00-09:00,1,0,0
ปากซอยปรีดีพนมยงค์7,ปรีดีพนมยงค์,2,09:00-16:00,1,0,0
ปากซอยปรีดีพนมยงค์7,ปรีดีพนมยงค์,2,16:00-19:00,1,0,0
ปากซอยพระยาสุเรนทร์26-28,พระยาสุเรนทร์,1,07:00-09:00,0,1,0
ปากซอยพระยาสุเรนทร์26-28,พระยาสุเรนทร์,1,09:00-16:00,0,1,0
ปากซอยพระยาสุเรนทร์26-28,พระยาสุเรนทร์,1,16:00-19:00,0,1,0
ปากซอยพระยาสุเรนทร์28,พระยาสุเรนทร์,3,07:00-09:00,0,0,1
ปากซอยพระยาสุเรนทร์28,พระยาสุเรนทร์,3,09:00-17:00,0,0,1
ปากซอยพระยาสุเรนทร์28,พระยาสุเรนทร์,3,17:00-19:00,0,0,1
ปากซอยพระรามที่6ซอย15,พระรามที่6,1,07:00-09:00,0,0,1
ปากซอยพระรามที่6ซอย15,พระรามที่6,1,09:00-17:00,0,0,1
ปากซอยพระรามที่6ซอย15,พระรามที่6,1,17:00-19:00,0,0,1
ปากซอยพหลโยธิน69/7,พหลโยธิน,4,07:00-09:00,0,1,0
ปากซอยพหลโยธิน69/7,พหลโยธิน,4,09:00-16:00,0,1,0
ปากซอยพหลโยธิน69/7,พหลโยธิน,4,16:00-19:00,0,1,0
ปากซอยพัฒนาการ4,พัฒนาการ,1,07:00-09:00,0,0,1
ปากซอยพัฒนาการ4,พัฒนาการ,1,09:00-17:00,0,0,1
ปากซอยพัฒนาการ4,พัฒนาการ,1,17:00-19:00,0,0,1
ปากซอยพัฒนาการ51,พัฒนาการ,4,07:00-09:00,1,0,0
ปากซอยพัฒนาการ51,พัฒนาการ,4,09:00-16:00,1,0,0
ปากซอยพัฒนาการ51,พัฒนาการ,4,16:00-19:00,1,0,0
ปากซอยพัฒนาการ53,ซอยพัฒนาการ53,1,07:00-09:00,0,1,0
ปากซอยพัฒนาการ53,ซอยพัฒนาการ53,1,09:00-16:00,0,1,0
ปากซอยพัฒนาการ53,ซอยพัฒนาการ53,1,16:00-19:00,0,1,0
ปากซอยพัฒนาการ53,พัฒนาการ,1,07:00-09:00,0,1,0
ปากซอยพัฒนาการ53,พัฒนาการ,1,09:00-16:00,0,1,0
ปากซอยพัฒนาการ53,พัฒนาการ,1,16:00-19:00,0,1,0
ปากซอยพัฒนาการ58,ซอยพัฒนาการ58,1,07:00-09:00,0,1,0
ปากซอยพัฒนาการ58,ซอยพัฒนาการ58,1,09:00-16:00,0,1,0
ปากซอยพัฒนาการ58,ซอยพัฒนาการ58,1,16:00-19:00,0,1,0
ปากซอยพัฒนาการ58,พัฒนาการ,1,07:00-09:00,0,1,0
ปากซอยพัฒนาการ58,พัฒนาการ,1,09:00-16:00,0,1,0
ปากซอยพัฒนาการ58,พัฒนาการ,1,16:00-19:00,0,1,0
ปากซอยพัฒนาการ92,พัฒนาการ,1,07:00-09:00,0,0,1
ปากซอยพัฒนาการ92,พัฒนาการ,1,09:00-17:00,0,0,1
ปากซอยพัฒนาการ92,พัฒนาการ,1,17:00-19:00,0,0,1
ปากซอยพุทธบูชา36,ซอยพุทธบูชา36,1,07:00-09:00,0,1,0
ปากซอยพุทธบูชา36,ซอยพุทธบูชา36,1,09:00-16:00,0,1,0
ปากซอยพุทธบูชา36,ซอยพุทธบูชา36,1,16:00-19:00,0,1,0
ปากซอยฟักสังข์พัฒนา,เลียบคลองประปา,3,06:30-09:00,1,0,0
ปากซอยฟักสังข์พัฒนา,เลียบคลองประปา,3,09:00-16:00,1,0,0
ปากซอยฟักสังข์พัฒนา,เลียบคลองประปา,3,16:00-19:30,1,0,0
ปากซอยภูมิจิตร,พระรามที่4,1,07:00-09:00,0,1,0
ปากซอยภูมิจิตร,พระรามที่4,1,09:00-16:00,0,1,0
ปากซอยภูมิจิตร,พระรามที่4,1,16:00-19:00,0,1,0
ปากซอยรัชดา43,รัชดาภิเษก,4,07:00-09:00,0,0,1
ปากซอยรัชดา43,รัชดาภิเษก,4,09:00-17:00,0,0,1
ปากซอยรัชดา43,รัชดาภิเษก,4,17:00-19:00,0,0,1
ปากซอยรัชดา66,รัชดาภิเษก,4,07:00-09:00,0,0,1
ปากซอยรัชดา66,รัชดาภิเษก,4,09:00-17:00,0,0,1
ปากซอยรัชดา66,รัชดาภิเษก,4,17:00-19:00,0,0,1
ปากซอยรัชดา66,รัชดาภิเษก66,4,07:00-09:00,0,0,1
ปากซอยรัชดา66,รัชดาภิเษก66,4,09:00-17:00,0,0,1
ปากซอยรัชดา66,รัชดาภิเษก66,4,17:00-19:00,0,0,1
ปากซอยรางน้ำ,พญาไท,1,07:00-09:00,0,1,0
ปากซอยรางน้ำ,พญาไท,1,09:00-16:00,0,1,0
ปากซอยรางน้ำ,พญาไท,1,16:00-19:00,0,1,0
ปากซอยรางน้ำ,พญาไท,2,07:00-09:00,0,2,0
ปากซอยรางน้ำ,พญาไท,2,09:00-16:00,0,2,0
ปากซอยรางน้ำ,พญาไท,2,16:00-19:00,0,2,0
ปากซอยรามคำแหง195,รามคำแหง,1,07:00-09:00,1,0,0
ปากซอยรามคำแหง195,รามคำแหง,1,09:00-16:00,1,0,0
ปากซอยรามคำแหง195,รามคำแหง,1,16:00-19:00,1,0,0
ปากซอยรามคำแหง23,รามคำแหง,3,07:00-09:00,0,0,1
ปากซอยรามคำแหง23,รามคำแหง,3,09:00-17:00,0,0,1
ปากซอยรามคำแหง23,รามคำแหง,3,17:00-19:00,0,0,1
ปากซอยรามคำแหง3,รามคำแหง,2,07:00-09:00,0,0,1
ปากซอยรามคำแหง3,รามคำแหง,2,09:00-17:00,0,0,1
ปากซอยรามคำแหง3,รามคำแหง,2,17:00-19:00,0,0,1
ปากซอยรามค่าแหง189,รามคำแหง,3,06:30-09:00,1,0,0
ปากซอยรามค่าแหง189,รามคำแหง,3,09:00-16:00,1,0,0
ปากซอยรามค่าแหง189,รามคำแหง,3,16:00-19:30,1,0,0
ปากซอยรามอินทรา127,รามอินทรา,2,07:00-09:00,1,0,0
ปากซอยรามอินทรา127,รามอินทรา,2,09:00-16:00,1,0,0
ปากซอยรามอินทรา127,รามอินทรา,2,16:00-19:00,1,0,0
ปากซอยราษฎร์บูรณะ41,ราษฎร์บูรณะ,1,07:00-09:00,0,0,1
ปากซอยราษฎร์บูรณะ41,ราษฎร์บูรณะ,1,09:00-17:00,0,0,1
ปากซอยราษฎร์บูรณะ41,ราษฎร์บูรณะ,1,17:00-19:00,0,0,1
ปากซอยราษฎร์พัฒนา,ราษฎร์อุทิศ,1,07:00-09:00,0,0,1
ปากซอยราษฎร์พัฒนา,ราษฎร์อุทิศ,1,09:00-17:00,0,0,1
ปากซอยราษฎร์พัฒนา,ราษฎร์อุทิศ,1,17:00-19:00,0,0,1
ปากซอยราษฎร์อุทิศ27/5,ราษฎร์อุทิศ,4,07:00-09:00,0,0,1
ปากซอยราษฎร์อุทิศ27/5,ราษฎร์อุทิศ,4,09:00-17:00,0,0,1
ปากซอยราษฎร์อุทิศ27/5,ราษฎร์อุทิศ,4,17:00-19:00,0,0,1
ปากซอยราษฎร์อุทิศ27/6,ราษฎร์อุทิศ,2,07:00-09:00,0,0,1
ปากซอยราษฎร์อุทิศ27/6,ราษฎร์อุทิศ,2,09:00-17:00,0,0,1
ปากซอยราษฎร์อุทิศ27/6,ราษฎร์อุทิศ,2,17:00-19:00,0,0,1
ปากซอยลาดกระบัง1,ซอยลาดกระบัง1,3,07:00-09:00,1,0,0
ปากซอยลาดกระบัง1,ซอยลาดกระบัง1,3,09:00-16:00,1,0,0
ปากซอยลาดกระบัง1,ซอยลาดกระบัง1,3,16:00-19:00,1,0,0
ปากซอยลาดกระบัง1,ลาดกระบัง,3,07:00-09:00,1,0,0
ปากซอยลาดกระบัง1,ลาดกระบัง,3,09:00-16:00,1,0,0
ปากซอยลาดกระบัง1,ลาดกระบัง,3,16:00-19:00,1,0,0
ปากซอยลาดกระบัง11,ลาดกระบัง,1,07:00-09:00,0,1,0
ปากซอยลาดกระบัง11,ลาดกระบัง,1,09:00-16:00,0,1,0
ปากซอยลาดกระบัง11,ลาดกระบัง,1,16:00-19:00,0,1,0
ปากซอยลาดกระบัง3/2,ซอยลาดกระบัง3/2,4,07:00-09:00,1,0,0
ปากซอยลาดกระบัง3/2,ซอยลาดกระบัง3/2,4,09:00-16:00,1,0,0
ปากซอยลาดกระบัง3/2,ซอยลาดกระบัง3/2,4,16:00-19:00,1,0,0
ปากซอยลาดกระบัง3/2,ลาดกระบัง,4,06:30-09:00,1,0,0
ปากซอยลาดกระบัง3/2,ลาดกระบัง,4,09:00-16:00,1,0,0
ปากซอยลาดกระบัง3/2,ลาดกระบัง,4,16:00-19:30,1,0,0
ปากซอยลาดกระบังซอย7,ซอยลาดกระบัง7,1,07:00-09:00,1,0,0
ปากซอยลาดกระบังซอย7,ซอยลาดกระบัง7,1,09:00-16:00,1,0,0
ปากซอยลาดกระบังซอย7,ซอยลาดกระบัง7,1,16:00-19:00,1,0,0
ปากซอยลาดกระบังซอย7,ลาดกระบัง,1,07:00-09:00,1,0,0
ปากซอยลาดกระบังซอย7,ลาดกระบัง,1,09:00-16:00,1,0,0
ปากซอยลาดกระบังซอย7,ลาดกระบัง,1,16:00-19:00,1,0,0
ปากซอยลาดพร้าว101ซอย39,ลาดพราว101ซอย39,2,07:00-09:00,1,0,0
ปากซอยลาดพร้าว101ซอย39,ลาดพราว101ซอย39,2,09:00-16:00,1,0,0
ปากซอยลาดพร้าว101ซอย39,ลาดพราว101ซอย39,2,16:00-19:00,1,0,0
ปากซอยลาดพร้าว101ซอย39,ลาดพร้าว101,2,07:00-09:00,1,0,0
ปากซอยลาดพร้าว101ซอย39,ลาดพร้าว101,2,09:00-16:00,1,0,0
ปากซอยลาดพร้าว101ซอย39,ลาดพร้าว101,2,16:00-19:00,1,0,0
ปากซอยลาดพร้าว15,ซอยลาดพร้าว15,4,07:00-09:00,1,0,0
ปากซอยลาดพร้าว15,ซอยลาดพร้าว15,4,09:00-16:00,1,0,0
ปากซอยลาดพร้าว15,ซอยลาดพร้าว15,4,16:00-19:00,1,0,0
ปากซอยลาดพร้าว15,ลาดพร้าว,3,07:00-09:00,0,0,1
ปากซอยลาดพร้าว15,ลาดพร้าว,3,09:00-17:00,0,0,1
ปากซอยลาดพร้าว15,ลาดพร้าว,3,17:00-19:00,0,0,1
ปากซอยลาดพร้าว15,ลาดพร้าว,4,07:00-09:00,1,0,0
ปากซอยลาดพร้าว15,ลาดพร้าว,4,09:00-16:00,1,0,0
ปากซอยลาดพร้าว15,ลาดพร้าว,4,16:00-19:00,1,0,0
ปากซอยลาดพร้าว15,ลาดพร้าว15,3,07:00-09:00,0,0,1
ปากซอยลาดพร้าว15,ลาดพร้าว15,3,09:00-17:00,0,0,1
ปากซอยลาดพร้าว15,ลาดพร้าว15,3,17:00-19:00,0,0,1
ปากซอยลาดหญ้า10,ลาดหญ้า,3,07:00-09:00,0,0,1
ปากซอยลาดหญ้า10,ลาดหญ้า,3,09:00-17:00,0,0,1
ปากซอยลาดหญ้า10,ลาดหญ้า,3,17:00-19:00,0,0,1
ปากซอยลาดหญ้า6,ถนนลาดหญ้า,4,07:00-09:00,1,0,0
ปากซอยลาดหญ้า6,ถนนลาดหญ้า,4,09:00-16:00,1,0,0
ปากซอยลาดหญ้า6,ถนนลาดหญ้า,4,16:00-19:00,1,0,0
ปากซอยลาดหญ้า6,ลาดหญ้า,4,07:00-09:00,1,0,0
ปากซอยลาดหญ้า6,ลาดหญ้า,4,09:00-16:00,1,0,0
ปากซอยลาดหญ้า6,ลาดหญ้า,4,16:00-19:00,1,0,0
ปากซอยวงศ์สว่าง11,วงศ์สว่าง,2,07:00-09:00,0,0,1
ปากซอยวงศ์สว่าง11,วงศ์สว่าง,2,09:00-17:00,0,0,1
ปากซอยวงศ์สว่าง11,วงศ์สว่าง,2,17:00-19:00,0,0,1
ปากซอยวงศ์สว่าง11,วงศ์สว่าง11,2,07:00-09:00,0,0,1
ปากซอยวงศ์สว่าง11,วงศ์สว่าง11,2,09:00-17:00,0,0,1
ปากซอยวงศ์สว่าง11,วงศ์สว่าง11,2,17:00-19:00,0,0,1
ปากซอยวงศ์สว่าง29,วงศ์สว่าง,4,07:00-09:00,0,0,1
ปากซอยวงศ์สว่าง29,วงศ์สว่าง,4,09:00-17:00,0,0,1
ปากซอยวงศ์สว่าง29,วงศ์สว่าง,4,17:00-19:00,0,0,1
ปากซอยวงศ์สว่าง6,วงศ์สว่าง,2,07:00-09:00,0,0,1
ปากซอยวงศ์สว่าง6,วงศ์สว่าง,2,09:00-17:00,0,0,1
ปากซอยวงศ์สว่าง6,วงศ์สว่าง,2,17:00-19:00,0,0,1
ปากซอยวงศ์สว่าง6,วงศ์สว่าง6,2,07:00-09:00,0,0,1
ปากซอยวงศ์สว่าง6,วงศ์สว่าง6,2,09:00-17:00,0,0,1
ปากซอยวงศ์สว่าง6,วงศ์สว่าง6,2,17:00-19:00,0,0,1
ปากซอยวชิธรรมสาธิต12,สุขุมวิท101/1,2,07:00-09:00,0,0,1
ปากซอยวชิธรรมสาธิต12,สุขุมวิท101/1,2,09:00-17:00,0,0,1
ปากซอยวชิธรรมสาธิต12,สุขุมวิท101/1,2,17:00-19:00,0,0,1
ปากซอยวชิรธรรมสาธิต12,วชิรธรรมสาธิต,4,07:00-09:00,0,0,1
ปากซอยวชิรธรรมสาธิต12,วชิรธรรมสาธิต,4,09:00-17:00,0,0,1
ปากซอยวชิรธรรมสาธิต12,วชิรธรรมสาธิต,4,17:00-19:00,0,0,1
ปากซอยวชิรธรรมสาธิต12,สุขุมวิท101/1,4,07:00-09:00,0,0,1
ปากซอยวชิรธรรมสาธิต12,สุขุมวิท101/1,4,09:00-17:00,0,0,1
ปากซอยวชิรธรรมสาธิต12,สุขุมวิท101/1,4,17:00-19:00,0,0,1
ปากซอยวชิรธรรมสาธิต29,สุขุมวิท101/1,1,07:00-09:00,0,0,1
ปากซอยวชิรธรรมสาธิต29,สุขุมวิท101/1,1,09:00-17:00,0,0,1
ปากซอยวชิรธรรมสาธิต29,สุขุมวิท101/1,1,17:00-19:00,0,0,1
ปากซอยวัดปากน้า-วัดแก้ว,พรานนก-พุทธมณฑลสาย4,2,07:00-09:00,1,0,0
ปากซอยวัดปากน้า-วัดแก้ว,พรานนก-พุทธมณฑลสาย4,2,09:00-16:00,1,0,0
ปากซอยวัดปากน้า-วัดแก้ว,พรานนก-พุทธมณฑลสาย4,2,16:00-19:00,1,0,0
ปากซอยวัดเพลง,พรานนก-พุทธมณฑลสาย4,2,07:00-09:00,1,0,0
ปากซอยวัดเพลง,พรานนก-พุทธมณฑลสาย4,2,09:00-16:00,1,0,0
ปากซอยวัดเพลง,พรานนก-พุทธมณฑลสาย4,2,16:00-19:00,1,0,0
ปากซอยวิภาวดี25,กำแพงเพชร6,1,07:00-09:00,0,0,1
ปากซอยวิภาวดี25,กำแพงเพชร6,1,09:00-17:00,0,0,1
ปากซอยวิภาวดี25,กำแพงเพชร6,1,17:00-19:00,0,0,1
ปากซอยวิภาวดี25,วิภาวดีรังสิต25,1,07:00-09:00,0,0,1
ปากซอยวิภาวดี25,วิภาวดีรังสิต25,1,09:00-17:00,0,0,1
ปากซอยวิภาวดี25,วิภาวดีรังสิต25,1,17:00-19:00,0,0,1
ปากซอยวิภาวดีรังสิต25,กำแพงเพชร6,3,07:00-09:00,0,0,1
ปากซอยวิภาวดีรังสิต25,กำแพงเพชร6,3,09:00-16:00,0,0,1
ปากซอยวิภาวดีรังสิต25,กำแพงเพชร6,3,16:00-19:00,0,0,1
ปากซอยวิภาวดีรังสิต25,วิภาวดีรังสิต25,3,07:00-09:00,0,0,1
ปากซอยวิภาวดีรังสิต25,วิภาวดีรังสิต25,3,09:00-16:00,0,0,1
ปากซอยวิภาวดีรังสิต25,วิภาวดีรังสิต25,3,16:00-19:00,0,0,1
ปากซอยศรีนครินทร์10,ศรีนครินทร์,3,07:00-09:00,0,0,1
ปากซอยศรีนครินทร์10,ศรีนครินทร์,3,09:00-17:00,0,0,1
ปากซอยศรีนครินทร์10,ศรีนครินทร์,3,17:00-19:00,0,0,1
ปากซอยศรีอยุธยา5,ศรีอยุธยา,1,07:00-09:00,0,1,0
ปากซอยศรีอยุธยา5,ศรีอยุธยา,1,09:00-16:00,0,1,0
ปากซอยศรีอยุธยา5,ศรีอยุธยา,1,16:00-19:00,0,1,0
ปากซอยศาลาธรรมสพน์26,ศาลาธรรมสพน์,3,07:00-09:00,0,0,1
ปากซอยศาลาธรรมสพน์26,ศาลาธรรมสพน์,3,09:00-17:00,0,0,1
ปากซอยศาลาธรรมสพน์26,ศาลาธรรมสพน์,3,17:00-19:00,0,0,1
ปากซอยศาลาแดง,สีลม,1,07:00-09:00,0,0,1
ปากซอยศาลาแดง,สีลม,1,09:00-17:00,0,0,1
ปากซอยศาลาแดง,สีลม,1,17:00-19:00,0,0,1
ปากซอยศิริชัยบางบอน9,พระยามนธาตุราชศรีพิจิตร์,1,07:00-09:00,1,0,0
ปากซอยศิริชัยบางบอน9,พระยามนธาตุราชศรีพิจิตร์,1,09:00-16:00,1,0,0
ปากซอยศิริชัยบางบอน9,พระยามนธาตุราชศรีพิจิตร์,1,16:00-19:00,1,0,0
ปากซอยสมเด็จพระเจ้าตากสิน15,สมเด็จพระเจ้าตากสิน,2,07:00-09:00,1,0,0
ปากซอยสมเด็จพระเจ้าตากสิน15,สมเด็จพระเจ้าตากสิน,2,09:00-16:00,1,0,0
ปากซอยสมเด็จพระเจ้าตากสิน15,สมเด็จพระเจ้าตากสิน,2,16:00-19:00,1,0,0
ปากซอยสมเด็จพระเจ้าตากสิน46,สมเด็จพระเจ้าตากสิน,4,07:00-09:00,1,0,0
ปากซอยสมเด็จพระเจ้าตากสิน46,สมเด็จพระเจ้าตากสิน,4,09:00-16:00,1,0,0
ปากซอยสมเด็จพระเจ้าตากสิน46,สมเด็จพระเจ้าตากสิน,4,16:00-19:00,1,0,0
ปากซอยสมเด็จพระเจ้าตากสิน9,สมเด็จพระเจ้าตากสิน,4,07:00-09:00,1,0,0
ปากซอยสมเด็จพระเจ้าตากสิน9,สมเด็จพระเจ้าตากสิน,4,09:00-16:00,1,0,0
ปากซอยสมเด็จพระเจ้าตากสิน9,สมเด็จพระเจ้าตากสิน,4,16:00-19:00,1,0,0
ปากซอยสมเด็จเจ้าพระยา17,สมเด็จเจ้าพระยา,3,07:00-09:00,0,0,1
ปากซอยสมเด็จเจ้าพระยา17,สมเด็จเจ้าพระยา,3,09:00-17:00,0,0,1
ปากซอยสมเด็จเจ้าพระยา17,สมเด็จเจ้าพระยา,3,17:00-19:00,0,0,1
ปากซอยสมเด็จเจ้าพระยา17,สมเด็จเจ้าพระยา17,3,07:00-09:00,0,0,1
ปากซอยสมเด็จเจ้าพระยา17,สมเด็จเจ้าพระยา17,3,09:00-17:00,0,0,1
ปากซอยสมเด็จเจ้าพระยา17,สมเด็จเจ้าพระยา17,3,17:00-19:00,0,0,1
ปากซอยสมเด็จเจ้าพระยา5,สมเด็จเจ้าพระยา,4,07:00-09:00,0,0,1
ปากซอยสมเด็จเจ้าพระยา5,สมเด็จเจ้าพระยา,4,09:00-17:00,0,0,1
ปากซอยสมเด็จเจ้าพระยา5,สมเด็จเจ้าพระยา,4,17:00-19:00,0,0,1
ปากซอยสรงประภา1,สรงประภา,4,07:00-09:00,2,0,0
ปากซอยสรงประภา1,สรงประภา,4,09:00-16:00,2,0,0
ปากซอยสรงประภา1,สรงประภา,4,16:00-19:00,2,0,0
ปากซอยสรงประภา24,สรงประภา,3,07:00-09:00,1,0,0
ปากซอยสรงประภา24,สรงประภา,3,09:00-16:00,1,0,0
ปากซอยสรงประภา24,สรงประภา,3,16:00-19:00,1,0,0
ปากซอยสองพระ,สี่พระยา,3,07:00-09:00,0,0,2
ปากซอยสองพระ,สี่พระยา,3,09:00-17:00,0,0,2
ปากซอยสองพระ,สี่พระยา,3,17:00-19:00,0,0,2
ปากซอยสังฆประชา,ฉลองกรุง,4,07:00-09:00,1,0,0
ปากซอยสังฆประชา,ฉลองกรุง,4,09:00-16:00,1,0,0
ปากซอยสังฆประชา,ฉลองกรุง,4,16:00-19:00,1,0,0
ปากซอยสังฆประชา,ซอยสังฆประชา,4,07:00-09:00,1,0,0
ปากซอยสังฆประชา,ซอยสังฆประชา,4,09:00-16:00,1,0,0
ปากซอยสังฆประชา,ซอยสังฆประชา,4,16:00-19:00,1,0,0
"ปากซอยสายไหม21,.23",สายไหม,1,07:00-09:00,1,0,0
"ปากซอยสายไหม21,.23",สายไหม,1,09:00-16:00,1,0,0
"ปากซอยสายไหม21,.23",สายไหม,1,16:00-19:00,1,0,0
ปากซอยสายไหม25,ปากซอยสายไหม25,4,07:00-09:00,1,0,0
ปากซอยสายไหม25,ปากซอยสายไหม25,4,09:00-16:00,1,0,0
ปากซอยสายไหม25,ปากซอยสายไหม25,4,16:00-19:00,1,0,0
ปากซอยสายไหม33/1,สายไหม,3,06:30-09:00,0,1,0
ปากซอยสายไหม33/1,สายไหม,3,09:00-16:00,0,1,0
ปากซอยสายไหม33/1,สายไหม,3,16:00-19:30,0,1,0
ปากซอยสายไหม64,สายไหม,4,07:00-09:00,1,0,0
ปากซอยสายไหม64,สายไหม,4,09:00-16:00,1,0,0
ปากซอยสายไหม64,สายไหม,4,16:00-19:00,1,0,0
ปากซอยสายไหม81,สายไหม,4,07:00-09:00,1,0,0
ปากซอยสายไหม81,สายไหม,4,09:00-16:00,1,0,0
ปากซอยสายไหม81,สายไหม,4,16:00-19:00,1,0,0
ปากซอยสายไหม่56,สายใหม่,2,07:00-09:00,1,0,0
ปากซอยสายไหม่56,สายใหม่,2,09:00-16:00,1,0,0
ปากซอยสายไหม่56,สายใหม่,2,16:00-19:00,1,0,0
ปากซอยสารภี2,ถนนประชาธิปก,4,07:00-09:00,1,0,0
ปากซอยสารภี2,ถนนประชาธิปก,4,09:00-16:00,1,0,0
ปากซอยสารภี2,ถนนประชาธิปก,4,16:00-19:00,1,0,0
ปากซอยสารภี2,ประชาธิปก,4,07:00-09:00,1,0,0
ปากซอยสารภี2,ประชาธิปก,4,09:00-16:00,1,0,0
ปากซอยสารภี2,ประชาธิปก,4,16:00-19:00,1,0,0
ปากซอยสุขสวัสดิ์33/1,สุขสวัสดิ์,4,07:00-09:00,1,0,0
ปากซอยสุขสวัสดิ์33/1,สุขสวัสดิ์,4,09:00-16:00,1,0,0
ปากซอยสุขสวัสดิ์33/1,สุขสวัสดิ์,4,16:00-19:00,1,0,0
ปากซอยสุขุมวิท81,สุขุมวิท,4,07:00-09:00,0,1,0
ปากซอยสุขุมวิท81,สุขุมวิท,4,09:00-16:00,0,1,0
ปากซอยสุขุมวิท81,สุขุมวิท,4,16:00-19:00,0,1,0
ปากซอยสุขุมวิท81,สุขุมวิท52,4,07:00-09:00,0,1,0
ปากซอยสุขุมวิท81,สุขุมวิท52,4,09:00-16:00,0,1,0
ปากซอยสุขุมวิท81,สุขุมวิท52,4,16:00-19:00,0,1,0
ปากซอยสุขุมวิท81,สุขุมวิท81,4,07:00-09:00,0,1,0
ปากซอยสุขุมวิท81,สุขุมวิท81,4,09:00-16:00,0,1,0
ปากซอยสุขุมวิท81,สุขุมวิท81,4,16:00-19:00,0,1,0
ปากซอยหทัยราษฎร์39,ซอยหทัยราษฎร์39,2,06:30-09:00,1,0,0
ปากซอยหทัยราษฎร์39,ซอยหทัยราษฎร์39,2,09:00-16:00,1,0,0
ปากซอยหทัยราษฎร์39,ซอยหทัยราษฎร์39,2,16:00-19:30,1,0,0
ปากซอยหทัยราษฎร์39,ททัยราษฎร์,2,06:30-09:00,1,0,0
ปากซอยหทัยราษฎร์39,ททัยราษฎร์,2,09:00-16:00,1,0,0
ปากซอยหทัยราษฎร์39,ททัยราษฎร์,2,16:00-19:30,1,0,0
ปากซอยหทัยราษฎร์39,หทัยราษฎร์,2,07:00-09:00,0,1,0
ปากซอยหทัยราษฎร์39,หทัยราษฎร์,2,09:00-16:00,0,1,0
ปากซอยหทัยราษฎร์39,หทัยราษฎร์,2,16:00-19:00,0,1,0
ปากซอยหัวหมาก20,ซอยหัวหมวาก20,2,07:00-09:00,1,0,0
ปากซอยหัวหมาก20,ซอยหัวหมวาก20,2,09:00-16:00,1,0,0
ปากซอยหัวหมาก20,ซอยหัวหมวาก20,2,16:00-19:00,1,0,0
ปากซอยหัวหมาก20,ซอยหัวหมวาก21,2,07:00-09:00,1,0,0
ปากซอยหัวหมาก20,ซอยหัวหมวาก21,2,09:00-16:00,1,0,0
ปากซอยหัวหมาก20,ซอยหัวหมวาก21,2,16:00-19:00,1,0,0
ปากซอยหัวหมาก20,หัวหมาก,2,07:00-09:00,1,0,0
ปากซอยหัวหมาก20,หัวหมาก,2,09:00-16:00,1,0,0
ปากซอยหัวหมาก20,หัวหมาก,2,16:00-19:00,1,0,0
ปากซอยอรุณอัมรินทร์6,อรุณอัมรินทร์,1,07:00-09:00,1,0,0
ปากซอยอรุณอัมรินทร์6,อรุณอัมรินทร์,1,09:00-16:00,1,0,0
ปากซอยอรุณอัมรินทร์6,อรุณอัมรินทร์,1,16:00-19:00,1,0,0
ปากซอยอุดมสุข1,อุดมสุข(สุขุมวิท103),3,07:00-09:00,0,1,0
ปากซอยอุดมสุข1,อุดมสุข(สุขุมวิท103),3,09:00-16:00,0,1,0
ปากซอยอุดมสุข1,อุดมสุข(สุขุมวิท103),3,16:00-19:00,0,1,0
ปากซอยอุดมสุข18,อุดมสุข,1,07:00-09:00,0,0,1
ปากซอยอุดมสุข18,อุดมสุข,1,09:00-17:00,0,0,1
ปากซอยอุดมสุข18,อุดมสุข,1,17:00-19:00,0,0,1
ปากซอยอุดมสุข26,อุดมสุข,1,07:00-09:00,0,0,1
ปากซอยอุดมสุข26,อุดมสุข,1,09:00-17:00,0,0,1
ปากซอยอุดมสุข26,อุดมสุข,1,17:00-19:00,0,0,1
ปากซอยอุดมสุข30,อุดมสุข,1,07:00-09:00,0,0,1
ปากซอยอุดมสุข30,อุดมสุข,1,09:00-17:00,0,0,1
ปากซอยอุดมสุข30,อุดมสุข,1,17:00-19:00,0,0,1
ปากซอยอุดมสุข34,อุดมสุข,2,07:00-09:00,0,0,1
ปากซอยอุดมสุข34,อุดมสุข,2,09:00-17:00,0,0,1
ปากซอยอุดมสุข34,อุดมสุข,2,17:00-19:00,0,0,1
ปากซอยอุดมสุข41,อุดมสุข(สุขุมวิท103),4,07:00-09:00,1,0,0
ปากซอยอุดมสุข41,อุดมสุข(สุขุมวิท103),4,09:00-16:00,1,0,0
ปากซอยอุดมสุข41,อุดมสุข(สุขุมวิท103),4,16:00-19:00,1,0,0
ปากซอยอุดมสุข51,สุขุมวิท103,1,07:00-09:00,0,0,1
ปากซอยอุดมสุข51,สุขุมวิท103,1,09:00-17:00,0,0,1
ปากซอยอุดมสุข51,สุขุมวิท103,1,17:00-19:00,0,0,1
ปากซอยอุดมสุข9,อุดมสุข(สุขุมวิท103),3,07:00-09:00,0,1,0
ปากซอยอุดมสุข9,อุดมสุข(สุขุมวิท103),3,09:00-16:00,0,1,0
ปากซอยอุดมสุข9,อุดมสุข(สุขุมวิท103),3,16:00-19:00,0,1,0
ปากซอยอุทัยฟาร์ม,พระรามที่4,3,07:00-09:00,0,0,1
ปากซอยอุทัยฟาร์ม,พระรามที่4,3,09:00-17:00,0,0,1
ปากซอยอุทัยฟาร์ม,พระรามที่4,3,17:00-19:00,0,0,1
ปากซอยอ่อนนุข41,อ่อนนุช,4,07:00-09:00,0,0,1
ปากซอยอ่อนนุข41,อ่อนนุช,4,09:00-17:00,0,0,1
ปากซอยอ่อนนุข41,อ่อนนุช,4,17:00-19:00,0,0,1
ปากซอยอ่อนนุข41,อ่อนนุช41,4,07:00-09:00,0,0,1
ปากซอยอ่อนนุข41,อ่อนนุช41,4,09:00-17:00,0,0,1
ปากซอยอ่อนนุข41,อ่อนนุช41,4,17:00-19:00,0,0,1
ปากซอยอ่อนนุช51,สุขุมวิท77,2,07:00-09:00,0,0,1
ปากซอยอ่อนนุช51,สุขุมวิท77,2,09:00-17:00,0,0,1
ปากซอยอ่อนนุช51,สุขุมวิท77,2,17:00-19:00,0,0,1
ปากซอยอ่อนนุช59/1,อ่อนนุช,4,07:00-09:00,0,0,1
ปากซอยอ่อนนุช59/1,อ่อนนุช,4,09:00-16:00,0,0,1
ปากซอยอ่อนนุช59/1,อ่อนนุช,4,16:00-19:00,0,0,1
ปากซอยอ่อนนุช69,อ่อนนุช,1,07:00-09:00,1,0,0
ปากซอยอ่อนนุช69,อ่อนนุช,1,09:00-16:00,1,0,0
ปากซอยอ่อนนุช69,อ่อนนุช,1,16:00-19:00,1,0,0
ปากซอยอ่อนนุช74/3,สุขุมวิท77,2,07:00-09:00,0,0,1
ปากซอยอ่อนนุช74/3,สุขุมวิท77,2,09:00-17:00,0,0,1
ปากซอยอ่อนนุช74/3,สุขุมวิท77,2,17:00-19:00,0,0,1
ปากซอยอ่อนนุช74/3,อ่อนนุช,2,07:00-09:00,0,0,1
ปากซอยอ่อนนุช74/3,อ่อนนุช,2,09:00-17:00,0,0,1
ปากซอยอ่อนนุช74/3,อ่อนนุช,2,17:00-19:00,0,0,1
ปากซอยอ่อนนุช74/3,อ่อนนุช,4,07:00-09:00,1,0,0
ปากซอยอ่อนนุช74/3,อ่อนนุช,4,09:00-16:00,1,0,0
ปากซอยอ่อนนุช74/3,อ่อนนุช,4,16:00-19:00,1,0,0
ปากซอยอ่อนนุช74/3,อ่อนนุช74/3,2,07:00-09:00,0,0,1
ปากซอยอ่อนนุช74/3,อ่อนนุช74/3,2,09:00-17:00,0,0,1
ปากซอยอ่อนนุช74/3,อ่อนนุช74/3,2,17:00-19:00,0,0,1
ปากซอยอ่อนุช65,อ่อนนุช,2,07:00-09:00,1,0,0
ปากซอยอ่อนุช65,อ่อนนุช,2,09:00-16:00,1,0,0
ปากซอยอ่อนุช65,อ่อนนุช,2,16:00-19:00,1,0,0
ปากซอยอ่อนุช65,อ่อนนุช65,2,07:00-09:00,1,0,0
ปากซอยอ่อนุช65,อ่อนนุช65,2,09:00-16:00,1,0,0
ปากซอยอ่อนุช65,อ่อนนุช65,2,16:00-19:00,1,0,0
ปากซอยเจริญกรุง72/1,เจริญกรุง,3,07:00-09:00,0,1,0
ปากซอยเจริญกรุง72/1,เจริญกรุง,3,09:00-16:00,0,1,0
ปากซอยเจริญกรุง72/1,เจริญกรุง,3,16:00-19:00,0,1,0
ปากซอยเจริญกรุง76,เจริญกรุง,3,07:00-09:00,0,1,0
ปากซอยเจริญกรุง76,เจริญกรุง,3,09:00-16:00,0,1,0
ปากซอยเจริญกรุง76,เจริญกรุง,3,16:00-19:00,0,1,0
ปากซอยเจริญกรุง85,เจริญกรุง,3,07:00-09:00,0,1,0
ปากซอยเจริญกรุง85,เจริญกรุง,3,09:00-16:00,0,1,0
ปากซอยเจริญกรุง85,เจริญกรุง,3,16:00-19:00,0,1,0
ปากซอยเจริญนคร12,เจริญนคร,2,07:00-09:00,0,0,1
ปากซอยเจริญนคร12,เจริญนคร,2,09:00-17:00,0,0,1
ปากซอยเจริญนคร12,เจริญนคร,2,17:00-19:00,0,0,1
ปากซอยเจริญนคร12,เจริญนคร12,2,07:00-09:00,0,0,1
ปากซอยเจริญนคร12,เจริญนคร12,2,09:00-17:00,0,0,1
ปากซอยเจริญนคร12,เจริญนคร12,2,17:00-19:00,0,0,1
ปากซอยเจริญนคร13,เจริญนคร,2,07:00-09:00,0,0,1
ปากซอยเจริญนคร13,เจริญนคร,2,09:00-17:00,0,0,1
ปากซอยเจริญนคร13,เจริญนคร,2,17:00-19:00,0,0,1
ปากซอยเจริญนคร14/2,เจริญนคร,2,07:00-09:00,0,0,1
ปากซอยเจริญนคร14/2,เจริญนคร,2,09:00-17:00,0,0,1
ปากซอยเจริญนคร14/2,เจริญนคร,2,17:00-19:00,0,0,1
ปากซอยเจริญนคร28,เจริญนคร,2,07:00-09:00,0,0,1
ปากซอยเจริญนคร28,เจริญนคร,2,09:00-17:00,0,0,1
ปากซอยเจริญนคร28,เจริญนคร,2,17:00-19:00,0,0,1
ปากซอยเจริญนคร39,เจริญนคร,1,07:00-09:00,0,0,1
ปากซอยเจริญนคร39,เจริญนคร,1,09:00-17:00,0,0,1
ปากซอยเจริญนคร39,เจริญนคร,1,17:00-19:00,0,0,1
ปากซอยเจริญรัถ19,เจริญรัก,3,07:00-09:00,0,0,1
ปากซอยเจริญรัถ19,เจริญรัก,3,09:00-17:00,0,0,1
ปากซอยเจริญรัถ19,เจริญรัก,3,17:00-19:00,0,0,1
ปากซอยเจริญรัถ19,เจริญรัก19,3,07:00-09:00,0,0,1
ปากซอยเจริญรัถ19,เจริญรัก19,3,09:00-17:00,0,0,1
ปากซอยเจริญรัถ19,เจริญรัก19,3,17:00-19:00,0,0,1
ปากซอยเจริญราษฎร์3,ศส6เจรญราษฎร,3,07:00-09:00,1,0,0
ปากซอยเจริญราษฎร์3,ศส6เจรญราษฎร,3,09:00-16:00,1,0,0
ปากซอยเจริญราษฎร์3,ศส6เจรญราษฎร,3,16:00-19:00,1,0,0
ปากซอยเจริญสุข,พระรามที่4,3,07:00-09:00,0,0,1
ปากซอยเจริญสุข,พระรามที่4,3,09:00-17:00,0,0,1
ปากซอยเจริญสุข,พระรามที่4,3,17:00-19:00,0,0,1
ปากซอยเฉลิมพระเกียรติร.923,เฉลิมพระเกียรติร.9,2,07:00-09:00,0,0,1
ปากซอยเฉลิมพระเกียรติร.923,เฉลิมพระเกียรติร.9,2,09:00-17:00,0,0,1
ปากซอยเฉลิมพระเกียรติร.923,เฉลิมพระเกียรติร.9,2,17:00-19:00,0,0,1
ปากซอยเฉลิมพระเกียรติร.939,เฉลิมพระเกียรติร.9,2,07:00-09:00,0,0,1
ปากซอยเฉลิมพระเกียรติร.939,เฉลิมพระเกียรติร.9,2,09:00-17:00,0,0,1
ปากซอยเฉลิมพระเกียรติร.939,เฉลิมพระเกียรติร.9,2,17:00-19:00,0,0,1
ปากซอยเชื่อมสัมพันธ์13,เชื่อมสัมพันธ์,1,07:00-09:00,0,0,1
ปากซอยเชื่อมสัมพันธ์13,เชื่อมสัมพันธ์,1,09:00-17:00,0,0,1
ปากซอยเชื่อมสัมพันธ์13,เชื่อมสัมพันธ์,1,17:00-19:00,0,0,1
ปากซอยเทพรักษ์25,เทพรักษ์,1,07:00-09:00,0,0,1
ปากซอยเทพรักษ์25,เทพรักษ์,1,09:00-17:00,0,0,1
ปากซอยเทพรักษ์25,เทพรักษ์,1,17:00-19:00,0,0,1
ปากซอยเทพรักษ์42,เทพรักษ์,1,07:00-09:00,0,0,1
ปากซอยเทพรักษ์42,เทพรักษ์,1,09:00-17:00,0,0,1
ปากซอยเทพรักษ์42,เทพรักษ์,1,17:00-19:00,0,0,1
ปากซอยเทียนทะเล20,เทียนทะเล,2,07:00-09:00,0,0,1
ปากซอยเทียนทะเล20,เทียนทะเล,2,09:00-17:00,0,0,1
ปากซอยเทียนทะเล20,เทียนทะเล,2,17:00-19:00,0,0,1
ปากซอยเทียนทะเล20,เทียนทะเล20,2,07:00-09:00,0,0,1
ปากซอยเทียนทะเล20,เทียนทะเล20,2,09:00-17:00,0,0,1
ปากซอยเทียนทะเล20,เทียนทะเล20,2,17:00-19:00,0,0,1
ปากซอยเทียนทะเล7,เทียนทะเล,2,07:00-09:00,0,0,1
ปากซอยเทียนทะเล7,เทียนทะเล,2,09:00-17:00,0,0,1
ปากซอยเทียนทะเล7,เทียนทะเล,2,17:00-19:00,0,0,1
ปากซอยเทียนทะเล7,เทียนทะเล7,2,07:00-09:00,0,0,1
ปากซอยเทียนทะเล7,เทียนทะเล7,2,09:00-17:00,0,0,1
ปากซอยเทียนทะเล7,เทียนทะเล7,2,17:00-19:00,0,0,1
ปากซอยเทียนทะเล9/1,บางขุนเทียนชายทะเล,1,07:00-09:00,0,0,1
ปากซอยเทียนทะเล9/1,บางขุนเทียนชายทะเล,1,09:00-16:00,0,0,1
ปากซอยเทียนทะเล9/1,บางขุนเทียนชายทะเล,1,16:00-19:00,0,0,1
ปากซอยเทียนทะเล9/1,เทียนทะเล9/1,1,07:00-09:00,0,0,1
ปากซอยเทียนทะเล9/1,เทียนทะเล9/1,1,09:00-16:00,0,0,1
ปากซอยเทียนทะเล9/1,เทียนทะเล9/1,1,16:00-19:00,0,0,1
ปากซอยเบญจพร2,พรานนก-พุทธมณฑลสาย4,1,07:00-09:00,1,0,0
ปากซอยเบญจพร2,พรานนก-พุทธมณฑลสาย4,1,09:00-16:00,1,0,0
ปากซอยเบญจพร2,พรานนก-พุทธมณฑลสาย4,1,16:00-19:00,1,0,0
ปากซอยเพชรเกษม11,เพชรเกษม,3,07:00-09:00,0,1,0
ปากซอยเพชรเกษม11,เพชรเกษม,3,09:00-16:00,0,1,0
ปากซอยเพชรเกษม11,เพชรเกษม,3,16:00-19:00,0,1,0
ปากซอยเพชรเกษม110,เพชรเกษม,2,07:00-09:00,0,0,1
ปากซอยเพชรเกษม110,เพชรเกษม,2,09:00-17:00,0,0,1
ปากซอยเพชรเกษม110,เพชรเกษม,2,17:00-19:00,0,0,1
ปากซอยเพชรเกษม110,เพชรเกษม110,2,07:00-09:00,0,0,1
ปากซอยเพชรเกษม110,เพชรเกษม110,2,09:00-17:00,0,0,1
ปากซอยเพชรเกษม110,เพชรเกษม110,2,17:00-19:00,0,0,1
ปากซอยเพชรเกษม15,เพชรเกษม,2,07:00-09:00,0,0,1
ปากซอยเพชรเกษม15,เพชรเกษม,2,09:00-17:00,0,0,1
ปากซอยเพชรเกษม15,เพชรเกษม,2,17:00-19:00,0,0,1
ปากซอยเพชรเกษม15,เพชรเกษม,3,06:30-09:00,0,1,0
ปากซอยเพชรเกษม15,เพชรเกษม,3,09:00-16:00,0,1,0
ปากซอยเพชรเกษม15,เพชรเกษม,3,16:00-19:30,0,1,0
ปากซอยเพชรเกษม16,เพชรเกษม,2,07:00-09:00,0,0,1
ปากซอยเพชรเกษม16,เพชรเกษม,2,09:00-17:00,0,0,1
ปากซอยเพชรเกษม16,เพชรเกษม,2,17:00-19:00,0,0,1
ปากซอยเพชรเกษม16,เพชรเกษม16,2,07:00-09:00,0,0,1
ปากซอยเพชรเกษม16,เพชรเกษม16,2,09:00-17:00,0,0,1
ปากซอยเพชรเกษม16,เพชรเกษม16,2,17:00-19:00,0,0,1
ปากซอยเลียบคลองภาษีเจริญฝั่งใต้2/1,เลียบคลองภาษีเจริญฝั่งใต้,1,07:00-09:00,0,0,1
ปากซอยเลียบคลองภาษีเจริญฝั่งใต้2/1,เลียบคลองภาษีเจริญฝั่งใต้,1,09:00-17:00,0,0,1
ปากซอยเลียบคลองภาษีเจริญฝั่งใต้2/1,เลียบคลองภาษีเจริญฝั่งใต้,1,17:00-19:00,0,0,1
ปากซอยเลียบคลองภาษีเจริญฝั่งใต้6,เลียบคลองภาษีเจริญฝั่งใต้,1,07:00-09:00,0,0,1
ปากซอยเลียบคลองภาษีเจริญฝั่งใต้6,เลียบคลองภาษีเจริญฝั่งใต้,1,09:00-17:00,0,0,1
ปากซอยเลียบคลองภาษีเจริญฝั่งใต้6,เลียบคลองภาษีเจริญฝั่งใต้,1,17:00-19:00,0,0,1
ปากซอยเลียบคลองสอง19,เลียบคลองสอง,2,07:00-09:00,0,0,1
ปากซอยเลียบคลองสอง19,เลียบคลองสอง,2,09:00-16:00,0,0,1
ปากซอยเลียบคลองสอง19,เลียบคลองสอง,2,16:00-19:00,0,0,1
ปากซอยเลียบคลองสอง28,เลียบคลองสอง,4,07:00-09:00,0,0,1
ปากซอยเลียบคลองสอง28,เลียบคลองสอง,4,09:00-17:00,0,0,1
ปากซอยเลียบคลองสอง28,เลียบคลองสอง,4,17:00-19:00,0,0,1
ปากซอยเลียบวารี11,เลียบวารี,1,07:00-09:00,0,1,0
ปากซอยเลียบวารี11,เลียบวารี,1,09:00-16:00,0,1,0
ปากซอยเลียบวารี11,เลียบวารี,1,16:00-19:00,0,1,0
ปากซอยเลียบวารี11,เลียบวารี,4,07:00-09:00,0,0,1
ปากซอยเลียบวารี11,เลียบวารี,4,09:00-17:00,0,0,1
ปากซอยเลียบวารี11,เลียบวารี,4,17:00-19:00,0,0,1
ปากซอยเลียบวารี25-27,เลียบวารี,1,07:00-09:00,0,1,0
ปากซอยเลียบวารี25-27,เลียบวารี,1,09:00-16:00,0,1,0
ปากซอยเลียบวารี25-27,เลียบวารี,1,16:00-19:00,0,1,0
ปากซอยเลียบวารี29,เลียบวารี,2,07:00-09:00,0,0,1
ปากซอยเลียบวารี29,เลียบวารี,2,09:00-17:00,0,0,1
ปากซอยเลียบวารี29,เลียบวารี,2,17:00-19:00,0,0,1
ปากซอยเลียบวารี55,เลียบวารี,4,07:00-09:00,0,0,1
ปากซอยเลียบวารี55,เลียบวารี,4,09:00-17:00,0,0,1
ปากซอยเลียบวารี55,เลียบวารี,4,17:00-19:00,0,0,1
ปากซอยเลียบวารี59,เลียบวารี,2,07:00-09:00,0,0,1
ปากซอยเลียบวารี59,เลียบวารี,2,09:00-17:00,0,0,1
ปากซอยเลียบวารี59,เลียบวารี,2,17:00-19:00,0,0,1
ปากซอยเลียบวารี59-61,เลียบวารี,1,07:00-09:00,1,0,0
ปากซอยเลียบวารี59-61,เลียบวารี,1,09:00-16:00,1,0,0
ปากซอยเลียบวารี59-61,เลียบวารี,1,16:00-19:00,1,0,0
ปากซอยเวชคาม,ประชาชื่น,3,06:30-09:00,1,0,0
ปากซอยเวชคาม,ประชาชื่น,3,09:00-16:00,1,0,0
ปากซอยเวชคาม,ประชาชื่น,3,16:00-19:30,1,0,0
ปากซอยเสรีไทย23,เสรีไทย,4,07:00-09:00,0,0,1
ปากซอยเสรีไทย23,เสรีไทย,4,09:00-17:00,0,0,1
ปากซอยเสรีไทย23,เสรีไทย,4,17:00-19:00,0,0,1
ปากซอยเสรีไทย68,ซอยเสรีไทย68,3,07:00-09:00,1,0,0
ปากซอยเสรีไทย68,ซอยเสรีไทย68,3,09:00-16:00,1,0,0
ปากซอยเสรีไทย68,ซอยเสรีไทย68,3,16:00-19:00,1,0,0
ปากซอยเสรีไทย68,เสรีไทย,3,07:00-09:00,1,0,0
ปากซอยเสรีไทย68,เสรีไทย,3,09:00-16:00,1,0,0
ปากซอยเสรีไทย68,เสรีไทย,3,16:00-19:00,1,0,0
ปากซอยเสร็ไทย68,เสรีไทย,3,06:30-09:00,1,0,0
ปากซอยเสร็ไทย68,เสรีไทย,3,09:00-16:00,1,0,0
ปากซอยเสร็ไทย68,เสรีไทย,3,16:00-19:30,1,0,0
ปากซอยเอกชัย64/5,เอกชัย,1,07:00-09:00,0,0,1
ปากซอยเอกชัย64/5,เอกชัย,1,09:00-17:00,0,0,1
ปากซอยเอกชัย64/5,เอกชัย,1,17:00-19:00,0,0,1
ปากซอยเอกชัย64/5,เอกชัย64/5,1,07:00-09:00,0,0,1
ปากซอยเอกชัย64/5,เอกชัย64/5,1,09:00-17:00,0,0,1
ปากซอยเอกชัย64/5,เอกชัย64/5,1,17:00-19:00,0,0,1
ปากซอยแจ้งวัฒนะ10,แจ้งวัฒนะ,2,07:00-09:00,0,0,1
ปากซอยแจ้งวัฒนะ10,แจ้งวัฒนะ,2,09:00-17:00,0,0,1
ปากซอยแจ้งวัฒนะ10,แจ้งวัฒนะ,2,17:00-19:00,0,0,1
ปากซอยแจ้งวัฒนะ10,แจ้งวัฒนะ10,2,07:00-09:00,0,0,1
ปากซอยแจ้งวัฒนะ10,แจ้งวัฒนะ10,2,09:00-17:00,0,0,1
ปากซอยแจ้งวัฒนะ10,แจ้งวัฒนะ10,2,17:00-19:00,0,0,1
ปากซอยแจ้งวัฒนะ13,แจ้งวัฒนะ,3,06:30-09:00,1,0,0
ปากซอยแจ้งวัฒนะ13,แจ้งวัฒนะ,3,09:00-16:00,1,0,0
ปากซอยแจ้งวัฒนะ13,แจ้งวัฒนะ,3,16:00-19:30,1,0,0
ปากซอยแจ้งวัฒนะ7,ซอยแจ้งวัฒนะ7,1,07:00-09:00,1,0,0
ปากซอยแจ้งวัฒนะ7,ซอยแจ้งวัฒนะ7,1,09:00-16:00,1,0,0
ปากซอยแจ้งวัฒนะ7,ซอยแจ้งวัฒนะ7,1,16:00-19:00,1,0,0
ปากซอยแจ้งวัฒนะ7,แจ้งวัฒนะ,1,07:00-09:00,1,0,0
ปากซอยแจ้งวัฒนะ7,แจ้งวัฒนะ,1,09:00-16:00,1,0,0
ปากซอยแจ้งวัฒนะ7,แจ้งวัฒนะ,1,16:00-19:00,1,0,0
ปากซอยแม้นศรี2,บำรุงเมือง,3,07:00-09:00,0,1,0
ปากซอยแม้นศรี2,บำรุงเมือง,3,09:00-16:00,0,1,0
ปากซอยแม้นศรี2,บำรุงเมือง,3,16:00-19:00,0,1,0
ปากซอยโรงงานยาสูบ,ซอยโรงงานยาสูบ,4,07:00-09:00,1,0,0
ปากซอยโรงงานยาสูบ,ซอยโรงงานยาสูบ,4,09:00-16:00,1,0,0
ปากซอยโรงงานยาสูบ,ซอยโรงงานยาสูบ,4,16:00-19:00,1,0,0
ปากซอยโรงงานยาสูบ,พระรามที่4,4,07:00-09:00,1,0,0
ปากซอยโรงงานยาสูบ,พระรามที่4,4,09:00-16:00,1,0,0
ปากซอยโรงงานยาสูบ,พระรามที่4,4,16:00-19:00,1,0,0
ปากทางลาดพร้าว,พหลโยธิน,1,07:00-09:00,0,0,1
ปากทางลาดพร้าว,พหลโยธิน,1,09:00-16:00,0,0,1
ปากทางลาดพร้าว,พหลโยธิน,1,16:00-19:00,0,0,1
ปากทางลาดพร้าว,พหลโยธิน,3,07:00-09:00,1,0,0
ปากทางลาดพร้าว,พหลโยธิน,3,09:00-16:00,1,0,0
ปากทางลาดพร้าว,พหลโยธิน,3,16:00-19:00,1,0,0
ปากทางลาดพร้าว,พหลโยธิน,4,07:00-09:00,0,1,0
ปากทางลาดพร้าว,พหลโยธิน,4,09:00-16:00,0,1,0
ปากทางลาดพร้าว,พหลโยธิน,4,16:00-19:00,0,1,0
ปากทางลาดพร้าว,ลาดพร้าว,1,07:00-09:00,0,0,1
ปากทางลาดพร้าว,ลาดพร้าว,1,09:00-16:00,0,0,1
ปากทางลาดพร้าว,ลาดพร้าว,1,16:00-19:00,0,0,1
ปากทางลาดพร้าว,ลาดพร้าว,3,07:00-09:00,1,0,0
ปากทางลาดพร้าว,ลาดพร้าว,3,09:00-16:00,1,0,0
ปากทางลาดพร้าว,ลาดพร้าว,3,16:00-19:00,1,0,0
ปากทางลาดพร้าว,ลาดพร้าว,4,07:00-09:00,0,1,0
ปากทางลาดพร้าว,ลาดพร้าว,4,09:00-16:00,0,1,0
ปากทางลาดพร้าว,ลาดพร้าว,4,16:00-19:00,0,1,0
ปากทางเข้าแฟลตทหารเรือ,สุขสวัสดิ์26,3,07:00-09:00,0,0,1
ปากทางเข้าแฟลตทหารเรือ,สุขสวัสดิ์26,3,09:00-17:00,0,0,1
ปากทางเข้าแฟลตทหารเรือ,สุขสวัสดิ์26,3,17:00-19:00,0,0,1
ปุณวิถี,ซอยสุขุมวิท101,1,07:00-09:00,1,0,0
ปุณวิถี,ซอยสุขุมวิท101,1,09:00-16:00,1,0,0
ปุณวิถี,ซอยสุขุมวิท101,1,16:00-19:00,1,0,0
ปุณวิถี,สุขุมวิท,1,07:00-09:00,1,0,0
ปุณวิถี,สุขุมวิท,1,09:00-16:00,1,0,0
ปุณวิถี,สุขุมวิท,1,16:00-19:00,1,0,0
ปุณวิถี,สุขุมวิท,2,07:00-09:00,0,0,1
ปุณวิถี,สุขุมวิท,2,09:00-16:00,0,0,1
ปุณวิถี,สุขุมวิท,2,16:00-19:00,0,0,1
ปุณวิถี,สุขุมวิท,4,07:00-09:00,0,0,1
ปุณวิถี,สุขุมวิท,4,09:00-17:00,0,0,1
ปุณวิถี,สุขุมวิท,4,17:00-19:00,0,0,1
ปุณวิถี,สุขุมวิท101,2,07:00-09:00,0,0,1
ปุณวิถี,สุขุมวิท101,2,09:00-16:00,0,0,1
ปุณวิถี,สุขุมวิท101,2,16:00-19:00,0,0,1
ปุณวิถี,สุขุมวิท101/1,4,07:00-09:00,0,0,1
ปุณวิถี,สุขุมวิท101/1,4,09:00-17:00,0,0,1
ปุณวิถี,สุขุมวิท101/1,4,17:00-19:00,0,0,1
ป้อมมหากาฬ,พระสุเมรุ,3,06:30-09:00,0,1,0
ป้อมมหากาฬ,พระสุเมรุ,3,07:00-09:00,0,0,1
ป้อมมหากาฬ,พระสุเมรุ,3,09:00-16:00,0,1,1
ป้อมมหากาฬ,พระสุเมรุ,3,16:00-19:00,0,0,1
ป้อมมหากาฬ,พระสุเมรุ,3,16:00-19:30,0,1,0
ป้อมมหากาฬ,พระสุเมรุ,4,07:00-09:00,1,0,0
ป้อมมหากาฬ,พระสุเมรุ,4,09:00-16:00,1,0,0
ป้อมมหากาฬ,พระสุเมรุ,4,16:00-19:00,1,0,0
ป้อมมหากาฬ,มหาไชย,3,07:00-09:00,0,1,1
ป้อมมหากาฬ,มหาไชย,3,09:00-16:00,0,1,1
ป้อมมหากาฬ,มหาไชย,3,16:00-19:00,0,1,1
ป้อมมหากาฬ,มหาไชย,4,07:00-09:00,1,0,0
ป้อมมหากาฬ,มหาไชย,4,09:00-16:00,1,0,0
ป้อมมหากาฬ,มหาไชย,4,16:00-19:00,1,0,0
ป้อมมหากาฬ,ราชดำเนินกลาง,3,06:30-09:00,0,1,0
ป้อมมหากาฬ,ราชดำเนินกลาง,3,07:00-09:00,0,0,1
ป้อมมหากาฬ,ราชดำเนินกลาง,3,09:00-16:00,0,1,1
ป้อมมหากาฬ,ราชดำเนินกลาง,3,16:00-19:00,0,0,1
ป้อมมหากาฬ,ราชดำเนินกลาง,3,16:00-19:30,0,1,0
ป้อมมหากาฬ,ราชดำเนินกลาง,4,07:00-09:00,1,0,0
ป้อมมหากาฬ,ราชดำเนินกลาง,4,09:00-16:00,1,0,0
ป้อมมหากาฬ,ราชดำเนินกลาง,4,16:00-19:00,1,0,0
ป้อมเผด็จ,ถนนราชดำเนินใน,4,07:00-09:00,0,0,1
ป้อมเผด็จ,ถนนราชดำเนินใน,4,09:00-17:00,0,0,1
ป้อมเผด็จ,ถนนราชดำเนินใน,4,17:00-19:00,0,0,1
ป้อมเผด็จ,ถนนสนามไชย,4,07:00-09:00,0,0,1
ป้อมเผด็จ,ถนนสนามไชย,4,09:00-17:00,0,0,1
ป้อมเผด็จ,ถนนสนามไชย,4,17:00-19:00,0,0,1
ป้อมเผด็จ,ถนนหน้าพระลาน,4,07:00-09:00,0,0,1
ป้อมเผด็จ,ถนนหน้าพระลาน,4,09:00-17:00,0,0,1
ป้อมเผด็จ,ถนนหน้าพระลาน,4,17:00-19:00,0,0,1
ป้อมเผด็จ,ถนนหลักเมือง,4,07:00-09:00,0,0,1
ป้อมเผด็จ,ถนนหลักเมือง,4,09:00-17:00,0,0,1
ป้อมเผด็จ,ถนนหลักเมือง,4,17:00-19:00,0,0,1
ป้อมเผด็จ,ราชดำเนิน,2,07:00-09:00,0,1,0
ป้อมเผด็จ,ราชดำเนิน,2,09:00-16:00,0,1,0
ป้อมเผด็จ,ราชดำเนิน,2,16:00-19:00,0,1,0
ป้อมเผด็จ,ราชดำเนินใน,1,06:30-09:00,1,0,0
ป้อมเผด็จ,ราชดำเนินใน,1,07:00-09:00,0,1,0
ป้อมเผด็จ,ราชดำเนินใน,1,09:00-16:00,1,1,0
ป้อมเผด็จ,ราชดำเนินใน,1,16:00-19:00,0,1,0
ป้อมเผด็จ,ราชดำเนินใน,1,16:00-19:30,1,0,0
ป้อมเผด็จ,สนามไชย,1,06:30-09:00,1,0,0
ป้อมเผด็จ,สนามไชย,1,07:00-09:00,0,1,0
ป้อมเผด็จ,สนามไชย,1,09:00-16:00,1,1,0
ป้อมเผด็จ,สนามไชย,1,16:00-19:00,0,1,0
ป้อมเผด็จ,สนามไชย,1,16:00-19:30,1,0,0
ป้อมเผด็จ,สนามไชย,2,07:00-09:00,0,1,0
ป้อมเผด็จ,สนามไชย,2,09:00-16:00,0,1,0
ป้อมเผด็จ,สนามไชย,2,16:00-19:00,0,1,0
ป้อมเผด็จ,หน้าพระลาน,1,07:00-09:00,1,1,0
ป้อมเผด็จ,หน้าพระลาน,1,09:00-16:00,1,1,0
ป้อมเผด็จ,หน้าพระลาน,1,16:00-19:00,1,1,0
ป้อมเผด็จ,หลักเมือง,1,07:00-09:00,1,1,0
ป้อมเผด็จ,หลักเมือง,1,09:00-16:00,1,1,0
ป้อมเผด็จ,หลักเมือง,1,16:00-19:00,1,1,0
ป้อมเผด็จ,หลักเมือง,2,07:00-09:00,0,1,0
ป้อมเผด็จ,หลักเมือง,2,09:00-16:00,0,1,0
ป้อมเผด็จ,หลักเมือง,2,16:00-19:00,0,1,0
ผดุงพันธ์,ผดุงพันธ์,3,07:00-09:00,0,0,1
ผดุงพันธ์,ผดุงพันธ์,3,09:00-16:00,0,0,1
ผดุงพันธ์,ผดุงพันธ์,3,16:00-19:00,0,0,1
ผดุงพันธ์-บุรีภิรมย์,บุรีภิรมณ์1,4,07:00-09:00,0,0,1
ผดุงพันธ์-บุรีภิรมย์,บุรีภิรมณ์1,4,09:00-17:00,0,0,1
ผดุงพันธ์-บุรีภิรมย์,บุรีภิรมณ์1,4,17:00-19:00,0,0,1
ผดุงพันธ์-บุรีภิรมย์,ผดุงพันธ์(SB),4,07:00-09:00,0,0,1
ผดุงพันธ์-บุรีภิรมย์,ผดุงพันธ์(SB),4,09:00-17:00,0,0,1
ผดุงพันธ์-บุรีภิรมย์,ผดุงพันธ์(SB),4,17:00-19:00,0,0,1
ผดุงพันธ์-บุรีภิรมย์,ผดุงพันธ์(WB),4,07:00-09:00,0,0,1
ผดุงพันธ์-บุรีภิรมย์,ผดุงพันธ์(WB),4,09:00-17:00,0,0,1
ผดุงพันธ์-บุรีภิรมย์,ผดุงพันธ์(WB),4,17:00-19:00,0,0,1
ผดุงพันธ์-ยังพัธนา,ผดุงพันธ์,4,07:00-09:00,0,0,1
ผดุงพันธ์-ยังพัธนา,ผดุงพันธ์,4,09:00-17:00,0,0,1
ผดุงพันธ์-ยังพัธนา,ผดุงพันธ์,4,17:00-19:00,0,0,1
ผดุงพันธ์-ยังพัธนา,ยังพัธนา,4,07:00-09:00,0,0,1
ผดุงพันธ์-ยังพัธนา,ยังพัธนา,4,09:00-17:00,0,0,1
ผดุงพันธ์-ยังพัธนา,ยังพัธนา,4,17:00-19:00,0,0,1
ผลาสินธุ์-ทางเข้าออกแฟลตทบ.ส่วนกลางบางเขน,ทางเข้าออกแฟลตทบ.ส่วนกลางบางเขน,1,07:00-09:00,0,0,1
ผลาสินธุ์-ทางเข้าออกแฟลตทบ.ส่วนกลางบางเขน,ทางเข้าออกแฟลตทบ.ส่วนกลางบางเขน,1,09:00-17:00,0,0,1
ผลาสินธุ์-ทางเข้าออกแฟลตทบ.ส่วนกลางบางเขน,ทางเข้าออกแฟลตทบ.ส่วนกลางบางเขน,1,17:00-19:00,0,0,1
ผลาสินธุ์-ทางเข้าออกแฟลตทบ.ส่วนกลางบางเขน,ผลาสินธุ์,1,07:00-09:00,0,0,1
ผลาสินธุ์-ทางเข้าออกแฟลตทบ.ส่วนกลางบางเขน,ผลาสินธุ์,1,09:00-17:00,0,0,1
ผลาสินธุ์-ทางเข้าออกแฟลตทบ.ส่วนกลางบางเขน,ผลาสินธุ์,1,17:00-19:00,0,0,1
ผังเมือง,ถนนพระราม9,4,07:00-09:00,0,0,1
ผังเมือง,ถนนพระราม9,4,09:00-17:00,0,0,1
ผังเมือง,ถนนพระราม9,4,17:00-19:00,0,0,1
ผังเมือง,พระราม9,2,07:00-09:00,0,0,1
ผังเมือง,พระราม9,2,09:00-16:00,0,0,1
ผังเมือง,พระราม9,2,16:00-19:00,0,0,1
ผังเมือง,พระราม9,3,07:00-09:00,0,2,0
ผังเมือง,พระราม9,3,09:00-16:00,0,2,0
ผังเมือง,พระราม9,3,16:00-19:00,0,2,0
ผังเมือง,พระราม9,4,07:00-09:00,1,0,0
ผังเมือง,พระราม9,4,09:00-16:00,1,0,0
ผังเมือง,พระราม9,4,16:00-19:00,1,0,0
ผังเมือง,พระราม9ซอย6/รอยัลซิตี้อเวนิว,4,07:00-09:00,0,0,1
ผังเมือง,พระราม9ซอย6/รอยัลซิตี้อเวนิว,4,09:00-17:00,0,0,1
ผังเมือง,พระราม9ซอย6/รอยัลซิตี้อเวนิว,4,17:00-19:00,0,0,1
ผังเมือง,รอยัลซิติ้อเวนิว,4,07:00-09:00,1,0,0
ผังเมือง,รอยัลซิติ้อเวนิว,4,09:00-16:00,1,0,0
ผังเมือง,รอยัลซิติ้อเวนิว,4,16:00-19:00,1,0,0
ผังเมือง,รอยัลซิตี้อเวนิว,2,07:00-09:00,0,0,1
ผังเมือง,รอยัลซิตี้อเวนิว,2,09:00-16:00,0,0,1
ผังเมือง,รอยัลซิตี้อเวนิว,2,16:00-19:00,0,0,1
ผังเมือง,รอยัลซีตี้อเวนิว,3,07:00-09:00,0,2,0
ผังเมือง,รอยัลซีตี้อเวนิว,3,09:00-16:00,0,2,0
ผังเมือง,รอยัลซีตี้อเวนิว,3,16:00-19:00,0,2,0
ผังเมือง,วัฒนธรรม,2,07:00-09:00,0,0,1
ผังเมือง,วัฒนธรรม,2,09:00-16:00,0,0,1
ผังเมือง,วัฒนธรรม,2,16:00-19:00,0,0,1
ผังเมือง,วัฒนธรรม,3,07:00-09:00,0,2,0
ผังเมือง,วัฒนธรรม,3,09:00-16:00,0,2,0
ผังเมือง,วัฒนธรรม,3,16:00-19:00,0,2,0
ผังเมือง,วัฒนธรรม,4,07:00-09:00,1,0,1
ผังเมือง,วัฒนธรรม,4,09:00-16:00,1,0,0
ผังเมือง,วัฒนธรรม,4,09:00-17:00,0,0,1
ผังเมือง,วัฒนธรรม,4,16:00-19:00,1,0,0
ผังเมือง,วัฒนธรรม,4,17:00-19:00,0,0,1
ผ่องพลอย,ลาซาล,3,07:00-09:00,0,0,2
ผ่องพลอย,ลาซาล,3,09:00-17:00,0,0,2
ผ่องพลอย,ลาซาล,3,17:00-19:00,0,0,2
ผ่องพลอย,ลาซาล(สุขุมวิท105),2,07:00-09:00,0,1,0
ผ่องพลอย,ลาซาล(สุขุมวิท105),2,09:00-16:00,0,1,0
ผ่องพลอย,ลาซาล(สุขุมวิท105),2,16:00-19:00,0,1,0
ผ่องพลอย,ลาซาล46,2,06:30-09:00,0,1,0
ผ่องพลอย,ลาซาล46,2,09:00-16:00,0,1,0
ผ่องพลอย,ลาซาล46,2,16:00-19:30,0,1,0
ผ่องพลอย,ลาซาล46,3,07:00-09:00,0,0,2
ผ่องพลอย,ลาซาล46,3,09:00-17:00,0,0,2
ผ่องพลอย,ลาซาล46,3,17:00-19:00,0,0,2
ผ่องพลอย,ลาซาล55,2,07:00-09:00,0,1,0
ผ่องพลอย,ลาซาล55,2,09:00-16:00,0,1,0
ผ่องพลอย,ลาซาล55,2,16:00-19:00,0,1,0
ผ่องพลอย,ลาซาล55,3,07:00-09:00,0,0,2
ผ่องพลอย,ลาซาล55,3,09:00-17:00,0,0,2
ผ่องพลอย,ลาซาล55,3,17:00-19:00,0,0,2
ผ่านพิภพ,จักรพงษ์,1,07:00-09:00,1,0,0
ผ่านพิภพ,จักรพงษ์,1,09:00-16:00,1,0,0
ผ่านพิภพ,จักรพงษ์,1,16:00-19:00,1,0,0
ผ่านพิภพ,ราชดำเนินกลาง,1,07:00-09:00,1,0,0
ผ่านพิภพ,ราชดำเนินกลาง,1,09:00-16:00,1,0,0
ผ่านพิภพ,ราชดำเนินกลาง,1,16:00-19:00,1,0,0
ผ่านพิภพ,ราชดำเนินใน,1,07:00-09:00,1,0,0
ผ่านพิภพ,ราชดำเนินใน,1,09:00-16:00,1,0,0
ผ่านพิภพ,ราชดำเนินใน,1,16:00-19:00,1,0,0
ผ่านพิภพ,สมเด็จพระปิ่นเกล้า,1,07:00-09:00,1,0,0
ผ่านพิภพ,สมเด็จพระปิ่นเกล้า,1,09:00-16:00,1,0,0
ผ่านพิภพ,สมเด็จพระปิ่นเกล้า,1,16:00-19:00,1,0,0
ผ่านพิภพลีลา,จักรพงษ์,1,07:00-09:00,0,1,0
ผ่านพิภพลีลา,จักรพงษ์,1,09:00-16:00,0,1,0
ผ่านพิภพลีลา,จักรพงษ์,1,16:00-19:00,0,1,0
ผ่านพิภพลีลา,จักรพงษ์,3,07:00-09:00,0,0,1
ผ่านพิภพลีลา,จักรพงษ์,3,09:00-16:00,0,0,1
ผ่านพิภพลีลา,จักรพงษ์,3,16:00-19:00,0,0,1
ผ่านพิภพลีลา,ราชดำเนินกลาง,1,07:00-09:00,0,1,0
ผ่านพิภพลีลา,ราชดำเนินกลาง,1,09:00-16:00,0,1,0
ผ่านพิภพลีลา,ราชดำเนินกลาง,1,16:00-19:00,0,1,0
ผ่านพิภพลีลา,ราชดำเนินกลาง,3,07:00-09:00,0,0,1
ผ่านพิภพลีลา,ราชดำเนินกลาง,3,09:00-16:00,0,0,1
ผ่านพิภพลีลา,ราชดำเนินกลาง,3,16:00-19:00,0,0,1
ผ่านพิภพลีลา,ราชดำเนินใน,1,07:00-09:00,0,1,0
ผ่านพิภพลีลา,ราชดำเนินใน,1,09:00-16:00,0,1,0
ผ่านพิภพลีลา,ราชดำเนินใน,1,16:00-19:00,0,1,0
ผ่านพิภพลีลา,ราชดำเนินใน,3,07:00-09:00,0,0,1
ผ่านพิภพลีลา,ราชดำเนินใน,3,09:00-16:00,0,0,1
ผ่านพิภพลีลา,ราชดำเนินใน,3,16:00-19:00,0,0,1
ผ่านพิภพลีลา,สมเด็จพระปิ่นเกล้า,1,07:00-09:00,0,1,0
ผ่านพิภพลีลา,สมเด็จพระปิ่นเกล้า,1,09:00-16:00,0,1,0
ผ่านพิภพลีลา,สมเด็จพระปิ่นเกล้า,1,16:00-19:00,0,1,0
ผ่านพิภพลีลา,สมเด็จพระปิ่นเกล้า,3,07:00-09:00,0,0,1
ผ่านพิภพลีลา,สมเด็จพระปิ่นเกล้า,3,09:00-16:00,0,0,1
ผ่านพิภพลีลา,สมเด็จพระปิ่นเกล้า,3,16:00-19:00,0,0,1
ผ่านฟ้า,นครสวรรค์,1,07:00-09:00,0,1,0
ผ่านฟ้า,นครสวรรค์,1,09:00-16:00,0,1,0
ผ่านฟ้า,นครสวรรค์,1,16:00-19:00,0,1,0
ผ่านฟ้า,นครสวรรค์,4,07:00-09:00,1,0,0
ผ่านฟ้า,นครสวรรค์,4,09:00-16:00,1,0,0
ผ่านฟ้า,นครสวรรค์,4,16:00-19:00,1,0,0
ผ่านฟ้า,บรพิตัร,1,07:00-09:00,0,1,0
ผ่านฟ้า,บรพิตัร,1,09:00-16:00,0,1,0
ผ่านฟ้า,บรพิตัร,1,16:00-19:00,0,1,0
ผ่านฟ้า,บริพัตร,4,07:00-09:00,1,0,0
ผ่านฟ้า,บริพัตร,4,09:00-16:00,1,0,0
ผ่านฟ้า,บริพัตร,4,16:00-19:00,1,0,0
ผ่านฟ้า,ปรินายก,1,07:00-09:00,0,1,0
ผ่านฟ้า,ปรินายก,1,09:00-16:00,0,1,0
ผ่านฟ้า,ปรินายก,1,16:00-19:00,0,1,0
ผ่านฟ้า,ปรินายก,4,07:00-09:00,1,0,0
ผ่านฟ้า,ปรินายก,4,09:00-16:00,1,0,0
ผ่านฟ้า,ปรินายก,4,16:00-19:00,1,0,0
ผ่านฟ้า,ราชดำเนินกลาง,1,07:00-09:00,0,1,0
ผ่านฟ้า,ราชดำเนินกลาง,1,09:00-16:00,0,1,0
ผ่านฟ้า,ราชดำเนินกลาง,1,16:00-19:00,0,1,0
ผ่านฟ้า,ราชดำเนินกลาง,4,07:00-09:00,1,0,0
ผ่านฟ้า,ราชดำเนินกลาง,4,09:00-16:00,1,0,0
ผ่านฟ้า,ราชดำเนินกลาง,4,16:00-19:00,1,0,0
ผ่านฟ้า,ราชดำเนินนอก,1,07:00-09:00,0,1,0
ผ่านฟ้า,ราชดำเนินนอก,1,09:00-16:00,0,1,0
ผ่านฟ้า,ราชดำเนินนอก,1,16:00-19:00,0,1,0
ผ่านฟ้า,ราชดำเนินนอก,4,07:00-09:00,1,0,0
ผ่านฟ้า,ราชดำเนินนอก,4,09:00-16:00,1,0,0
ผ่านฟ้า,ราชดำเนินนอก,4,16:00-19:00,1,0,0
ผ่านฟ้า,หลานหลวง,1,07:00-09:00,0,1,0
ผ่านฟ้า,หลานหลวง,1,09:00-16:00,0,1,0
ผ่านฟ้า,หลานหลวง,1,16:00-19:00,0,1,0
ผ่านฟ้า,หลานหลวง,4,07:00-09:00,1,0,0
ผ่านฟ้า,หลานหลวง,4,09:00-16:00,1,0,0
ผ่านฟ้า,หลานหลวง,4,16:00-19:00,1,0,0
ผ่านฟ้าลีลาศ,นครสวรรค์,2,07:00-09:00,0,0,1
ผ่านฟ้าลีลาศ,นครสวรรค์,2,09:00-17:00,0,0,1
ผ่านฟ้าลีลาศ,นครสวรรค์,2,17:00-19:00,0,0,1
ผ่านฟ้าลีลาศ,นครสวรรค์,4,07:00-09:00,0,0,1
ผ่านฟ้าลีลาศ,นครสวรรค์,4,09:00-17:00,0,0,1
ผ่านฟ้าลีลาศ,นครสวรรค์,4,17:00-19:00,0,0,1
ผ่านฟ้าลีลาศ,บริพัตร,2,07:00-09:00,0,0,1
ผ่านฟ้าลีลาศ,บริพัตร,2,09:00-17:00,0,0,1
ผ่านฟ้าลีลาศ,บริพัตร,2,17:00-19:00,0,0,1
ผ่านฟ้าลีลาศ,บริพัตร,4,07:00-09:00,0,0,1
ผ่านฟ้าลีลาศ,บริพัตร,4,09:00-17:00,0,0,1
ผ่านฟ้าลีลาศ,บริพัตร,4,17:00-19:00,0,0,1
ผ่านฟ้าลีลาศ,ปรินายก,2,07:00-09:00,0,0,1
ผ่านฟ้าลีลาศ,ปรินายก,2,09:00-17:00,0,0,1
ผ่านฟ้าลีลาศ,ปรินายก,2,17:00-19:00,0,0,1
ผ่านฟ้าลีลาศ,ปรินายก,4,07:00-09:00,0,0,1
ผ่านฟ้าลีลาศ,ปรินายก,4,09:00-17:00,0,0,1
ผ่านฟ้าลีลาศ,ปรินายก,4,17:00-19:00,0,0,1
ผ่านฟ้าลีลาศ,ราชดำเนินกลาง,2,07:00-09:00,0,0,1
ผ่านฟ้าลีลาศ,ราชดำเนินกลาง,2,09:00-17:00,0,0,1
ผ่านฟ้าลีลาศ,ราชดำเนินกลาง,2,17:00-19:00,0,0,1
ผ่านฟ้าลีลาศ,ราชดำเนินกลาง,4,07:00-09:00,0,0,1
ผ่านฟ้าลีลาศ,ราชดำเนินกลาง,4,09:00-17:00,0,0,1
ผ่านฟ้าลีลาศ,ราชดำเนินกลาง,4,17:00-19:00,0,0,1
ผ่านฟ้าลีลาศ,ราชดำเนินนอก,2,07:00-09:00,0,0,1
ผ่านฟ้าลีลาศ,ราชดำเนินนอก,2,09:00-17:00,0,0,1
ผ่านฟ้าลีลาศ,ราชดำเนินนอก,2,17:00-19:00,0,0,1
ผ่านฟ้าลีลาศ,ราชดำเนินนอก,4,07:00-09:00,0,0,1
ผ่านฟ้าลีลาศ,ราชดำเนินนอก,4,09:00-17:00,0,0,1
ผ่านฟ้าลีลาศ,ราชดำเนินนอก,4,17:00-19:00,0,0,1
ผ่านฟ้าลีลาศ,หลานหลวง,2,07:00-09:00,0,0,1
ผ่านฟ้าลีลาศ,หลานหลวง,2,09:00-17:00,0,0,1
ผ่านฟ้าลีลาศ,หลานหลวง,2,17:00-19:00,0,0,1
ผ่านฟ้าลีลาศ,หลานหลวง,4,07:00-09:00,0,0,1
ผ่านฟ้าลีลาศ,หลานหลวง,4,09:00-17:00,0,0,1
ผ่านฟ้าลีลาศ,หลานหลวง,4,17:00-19:00,0,0,1
ผ่านภิภพลีลา,จักรพงษ์,3,07:00-09:00,0,0,1
ผ่านภิภพลีลา,จักรพงษ์,3,09:00-17:00,0,0,1
ผ่านภิภพลีลา,จักรพงษ์,3,17:00-19:00,0,0,1
ผ่านภิภพลีลา,ราชดำเนินกลาง,3,07:00-09:00,0,0,1
ผ่านภิภพลีลา,ราชดำเนินกลาง,3,09:00-17:00,0,0,1
ผ่านภิภพลีลา,ราชดำเนินกลาง,3,17:00-19:00,0,0,1
ผ่านภิภพลีลา,ราชดำเนินใน,3,07:00-09:00,0,0,1
ผ่านภิภพลีลา,ราชดำเนินใน,3,09:00-17:00,0,0,1
ผ่านภิภพลีลา,ราชดำเนินใน,3,17:00-19:00,0,0,1
ผ่านภิภพลีลา,สมเด็จพระปิ่นเกล้า,3,07:00-09:00,0,0,1
ผ่านภิภพลีลา,สมเด็จพระปิ่นเกล้า,3,09:00-17:00,0,0,1
ผ่านภิภพลีลา,สมเด็จพระปิ่นเกล้า,3,17:00-19:00,0,0,1
พงษ์พระราม,จารุเมือง,2,07:00-09:00,0,1,0
พงษ์พระราม,จารุเมือง,2,09:00-16:00,0,1,0
พงษ์พระราม,จารุเมือง,2,16:00-19:00,0,1,0
พงษ์พระราม,จารุเมือง,3,07:00-09:00,1,0,1
พงษ์พระราม,จารุเมือง,3,09:00-16:00,1,0,0
พงษ์พระราม,จารุเมือง,3,09:00-17:00,0,0,1
พงษ์พระราม,จารุเมือง,3,16:00-19:00,1,0,0
พงษ์พระราม,จารุเมือง,3,17:00-19:00,0,0,1
พงษ์พระราม,จารุเมือง,4,07:00-09:00,0,1,1
พงษ์พระราม,จารุเมือง,4,09:00-16:00,0,1,0
พงษ์พระราม,จารุเมือง,4,09:00-17:00,0,0,1
พงษ์พระราม,จารุเมือง,4,16:00-19:00,0,1,0
พงษ์พระราม,จารุเมือง,4,17:00-19:00,0,0,1
พงษ์พระราม,พระรามที่1,2,07:00-09:00,0,1,0
พงษ์พระราม,พระรามที่1,2,09:00-16:00,0,1,0
พงษ์พระราม,พระรามที่1,2,16:00-19:00,0,1,0
พงษ์พระราม,พระรามที่1,3,07:00-09:00,1,0,1
พงษ์พระราม,พระรามที่1,3,09:00-16:00,1,0,0
พงษ์พระราม,พระรามที่1,3,09:00-17:00,0,0,1
พงษ์พระราม,พระรามที่1,3,16:00-19:00,1,0,0
พงษ์พระราม,พระรามที่1,3,17:00-19:00,0,0,1
พงษ์พระราม,พระรามที่1,4,07:00-09:00,0,1,1
พงษ์พระราม,พระรามที่1,4,09:00-16:00,0,1,0
พงษ์พระราม,พระรามที่1,4,09:00-17:00,0,0,1
พงษ์พระราม,พระรามที่1,4,16:00-19:00,0,1,0
พงษ์พระราม,พระรามที่1,4,17:00-19:00,0,0,1
พงษ์เพชร,งามวงศ์วาน,2,06:30-09:00,1,0,0
พงษ์เพชร,งามวงศ์วาน,2,07:00-09:00,0,0,1
พงษ์เพชร,งามวงศ์วาน,2,09:00-16:00,1,0,0
พงษ์เพชร,งามวงศ์วาน,2,09:00-17:00,0,0,1
พงษ์เพชร,งามวงศ์วาน,2,16:00-19:30,1,0,0
พงษ์เพชร,งามวงศ์วาน,2,17:00-19:00,0,0,1
พงษ์เพชร,งามวงศ์วาน,3,07:00-09:00,0,1,1
พงษ์เพชร,งามวงศ์วาน,3,09:00-16:00,0,1,0
พงษ์เพชร,งามวงศ์วาน,3,09:00-17:00,0,0,1
พงษ์เพชร,งามวงศ์วาน,3,16:00-19:00,0,1,0
พงษ์เพชร,งามวงศ์วาน,3,17:00-19:00,0,0,1
พงษ์เพชร,งามวงศ์วาน,4,07:00-09:00,1,0,0
พงษ์เพชร,งามวงศ์วาน,4,09:00-16:00,1,0,0
พงษ์เพชร,งามวงศ์วาน,4,16:00-19:00,1,0,0
พงษ์เพชร,ประชาชื่น,2,06:30-09:00,1,0,0
พงษ์เพชร,ประชาชื่น,2,07:00-09:00,0,0,1
พงษ์เพชร,ประชาชื่น,2,09:00-16:00,1,0,0
พงษ์เพชร,ประชาชื่น,2,09:00-17:00,0,0,1
พงษ์เพชร,ประชาชื่น,2,16:00-19:30,1,0,0
พงษ์เพชร,ประชาชื่น,2,17:00-19:00,0,0,1
พงษ์เพชร,ประชาชื่น,3,07:00-09:00,0,1,1
พงษ์เพชร,ประชาชื่น,3,09:00-16:00,0,1,0
พงษ์เพชร,ประชาชื่น,3,09:00-17:00,0,0,1
พงษ์เพชร,ประชาชื่น,3,16:00-19:00,0,1,0
พงษ์เพชร,ประชาชื่น,3,17:00-19:00,0,0,1
พงษ์เพชร,ประชาชื่น,4,07:00-09:00,1,0,0
พงษ์เพชร,ประชาชื่น,4,09:00-16:00,1,0,0
พงษ์เพชร,ประชาชื่น,4,16:00-19:00,1,0,0
พญาไท,พญาไท,2,06:30-09:00,0,1,0
พญาไท,พญาไท,2,07:00-09:00,0,0,1
พญาไท,พญาไท,2,09:00-16:00,0,1,0
พญาไท,พญาไท,2,09:00-17:00,0,0,1
พญาไท,พญาไท,2,16:00-19:30,0,1,0
พญาไท,พญาไท,2,17:00-19:00,0,0,1
พญาไท,พญาไท,3,07:00-09:00,0,0,2
พญาไท,พญาไท,3,09:00-17:00,0,0,2
พญาไท,พญาไท,3,17:00-19:00,0,0,2
พญาไท,พญาไท,4,07:00-09:00,1,1,0
พญาไท,พญาไท,4,09:00-16:00,1,1,0
พญาไท,พญาไท,4,16:00-19:00,1,1,0
พญาไท,ศรีอยุธยา,2,06:30-09:00,0,1,0
พญาไท,ศรีอยุธยา,2,07:00-09:00,0,0,1
พญาไท,ศรีอยุธยา,2,09:00-16:00,0,1,0
พญาไท,ศรีอยุธยา,2,09:00-17:00,0,0,1
พญาไท,ศรีอยุธยา,2,16:00-19:30,0,1,0
พญาไท,ศรีอยุธยา,2,17:00-19:00,0,0,1
พญาไท,ศรีอยุธยา,3,07:00-09:00,0,0,2
พญาไท,ศรีอยุธยา,3,09:00-17:00,0,0,2
พญาไท,ศรีอยุธยา,3,17:00-19:00,0,0,2
พญาไท,ศรีอยุธยา,4,07:00-09:00,1,1,0
พญาไท,ศรีอยุธยา,4,09:00-16:00,1,1,0
พญาไท,ศรีอยุธยา,4,16:00-19:00,1,1,0
พทุธมณฑลสาย1-บางแวก,บางแวก,4,07:00-09:00,0,1,0
พทุธมณฑลสาย1-บางแวก,บางแวก,4,09:00-16:00,0,1,0
พทุธมณฑลสาย1-บางแวก,บางแวก,4,16:00-19:00,0,1,0
พทุธมณฑลสาย1-บางแวก,พุทธมณฑลสาย1,4,07:00-09:00,0,1,0
พทุธมณฑลสาย1-บางแวก,พุทธมณฑลสาย1,4,09:00-16:00,0,1,0
พทุธมณฑลสาย1-บางแวก,พุทธมณฑลสาย1,4,16:00-19:00,0,1,0
พระยาสุเรนทร์-จตุโชติ,จตุโชติ,4,07:00-09:00,0,0,1
พระยาสุเรนทร์-จตุโชติ,จตุโชติ,4,09:00-17:00,0,0,1
พระยาสุเรนทร์-จตุโชติ,จตุโชติ,4,17:00-19:00,0,0,1
พระยาสุเรนทร์-จตุโชติ,พระยาสุเรนทร์,4,07:00-09:00,0,0,1
พระยาสุเรนทร์-จตุโชติ,พระยาสุเรนทร์,4,09:00-17:00,0,0,1
พระยาสุเรนทร์-จตุโชติ,พระยาสุเรนทร์,4,17:00-19:00,0,0,1
พระราม2ซอย50แยก5,พระราม2ซอย50,2,07:00-09:00,0,0,1
พระราม2ซอย50แยก5,พระราม2ซอย50,2,09:00-17:00,0,0,1
พระราม2ซอย50แยก5,พระราม2ซอย50,2,17:00-19:00,0,0,1
พระราม2ซอย69แยก1,พระราม2ซอย69,4,07:00-09:00,0,0,1
พระราม2ซอย69แยก1,พระราม2ซอย69,4,09:00-17:00,0,0,1
พระราม2ซอย69แยก1,พระราม2ซอย69,4,17:00-19:00,0,0,1
พระราม2ซอย69แยก1,พระราม2ซอย69แยก1,4,07:00-09:00,0,0,1
พระราม2ซอย69แยก1,พระราม2ซอย69แยก1,4,09:00-17:00,0,0,1
พระราม2ซอย69แยก1,พระราม2ซอย69แยก1,4,17:00-19:00,0,0,1
พระราม2ซอย69แยก2,พระราม2ซอย69,4,07:00-09:00,0,0,1
พระราม2ซอย69แยก2,พระราม2ซอย69,4,09:00-17:00,0,0,1
พระราม2ซอย69แยก2,พระราม2ซอย69,4,17:00-19:00,0,0,1
พระราม2ซอย69แยก2,พระราม2ซอย69แยก2,4,07:00-09:00,0,0,1
พระราม2ซอย69แยก2,พระราม2ซอย69แยก2,4,09:00-17:00,0,0,1
พระราม2ซอย69แยก2,พระราม2ซอย69แยก2,4,17:00-19:00,0,0,1
พระราม2ซอย69แยก3,พระราม2ซอย69,4,07:00-09:00,0,0,1
พระราม2ซอย69แยก3,พระราม2ซอย69,4,09:00-17:00,0,0,1
พระราม2ซอย69แยก3,พระราม2ซอย69,4,17:00-19:00,0,0,1
พระราม2ซอย69แยก3,พระราม2ซอย69แยก3,4,07:00-09:00,0,0,1
พระราม2ซอย69แยก3,พระราม2ซอย69แยก3,4,09:00-17:00,0,0,1
พระราม2ซอย69แยก3,พระราม2ซอย69แยก3,4,17:00-19:00,0,0,1
พระราม3-รัชดา,พระรามที่3,3,07:00-09:00,0,0,1
พระราม3-รัชดา,พระรามที่3,3,09:00-17:00,0,0,1
พระราม3-รัชดา,พระรามที่3,3,17:00-19:00,0,0,1
พระราม3-รัชดา,พระรามที่3,4,07:00-09:00,0,0,1
พระราม3-รัชดา,พระรามที่3,4,09:00-17:00,0,0,1
พระราม3-รัชดา,พระรามที่3,4,17:00-19:00,0,0,1
พระราม3-รัชดา,รัชดาภิเษก,3,07:00-09:00,0,0,1
พระราม3-รัชดา,รัชดาภิเษก,3,09:00-17:00,0,0,1
พระราม3-รัชดา,รัชดาภิเษก,3,17:00-19:00,0,0,1
พระราม3-รัชดา,รัชดาภิเษก,4,07:00-09:00,0,0,1
พระราม3-รัชดา,รัชดาภิเษก,4,09:00-17:00,0,0,1
พระราม3-รัชดา,รัชดาภิเษก,4,17:00-19:00,0,0,1
พระราม9,พระราม9,1,07:00-09:00,1,0,1
พระราม9,พระราม9,1,09:00-16:00,1,0,0
พระราม9,พระราม9,1,09:00-17:00,0,0,1
พระราม9,พระราม9,1,16:00-19:00,1,0,0
พระราม9,พระราม9,1,17:00-19:00,0,0,1
พระราม9,พระราม9,3,07:00-09:00,0,0,1
พระราม9,พระราม9,3,09:00-17:00,0,0,1
พระราม9,พระราม9,3,17:00-19:00,0,0,1
พระราม9,พระราม9,4,07:00-09:00,1,2,0
พระราม9,พระราม9,4,09:00-16:00,1,2,0
พระราม9,พระราม9,4,16:00-19:00,1,2,0
พระราม9,รัชดาภิเษก,1,07:00-09:00,1,0,1
พระราม9,รัชดาภิเษก,1,09:00-16:00,1,0,0
พระราม9,รัชดาภิเษก,1,09:00-17:00,0,0,1
พระราม9,รัชดาภิเษก,1,16:00-19:00,1,0,0
พระราม9,รัชดาภิเษก,1,17:00-19:00,0,0,1
พระราม9,รัชดาภิเษก,3,07:00-09:00,0,0,1
พระราม9,รัชดาภิเษก,3,09:00-17:00,0,0,1
พระราม9,รัชดาภิเษก,3,17:00-19:00,0,0,1
พระราม9,รัชดาภิเษก,4,07:00-09:00,1,2,0
พระราม9,รัชดาภิเษก,4,09:00-16:00,1,2,0
พระราม9,รัชดาภิเษก,4,16:00-19:00,1,2,0
พระราม9,อโศกดินแดง,1,07:00-09:00,1,0,1
พระราม9,อโศกดินแดง,1,09:00-16:00,1,0,0
พระราม9,อโศกดินแดง,1,09:00-17:00,0,0,1
พระราม9,อโศกดินแดง,1,16:00-19:00,1,0,0
พระราม9,อโศกดินแดง,1,17:00-19:00,0,0,1
พระราม9,อโศกดินแดง,3,07:00-09:00,0,0,1
พระราม9,อโศกดินแดง,3,09:00-17:00,0,0,1
พระราม9,อโศกดินแดง,3,17:00-19:00,0,0,1
พระราม9,อโศกดินแดง,4,07:00-09:00,1,2,0
พระราม9,อโศกดินแดง,4,09:00-16:00,1,2,0
พระราม9,อโศกดินแดง,4,16:00-19:00,1,2,0
พระราม9-ประดิษฐ์มนูธรรม,ประดิษฐ์มนูธรรม,3,07:00-09:00,1,0,0
พระราม9-ประดิษฐ์มนูธรรม,ประดิษฐ์มนูธรรม,3,09:00-16:00,1,0,0
พระราม9-ประดิษฐ์มนูธรรม,ประดิษฐ์มนูธรรม,3,16:00-19:00,1,0,0
พระราม9-ประดิษฐ์มนูธรรม,ประดิษฐ์มนูธรรม,4,07:00-09:00,0,0,1
พระราม9-ประดิษฐ์มนูธรรม,ประดิษฐ์มนูธรรม,4,09:00-17:00,0,0,1
พระราม9-ประดิษฐ์มนูธรรม,ประดิษฐ์มนูธรรม,4,17:00-19:00,0,0,1
พระราม9-ประดิษฐ์มนูธรรม,พระราม9,3,07:00-09:00,1,0,0
พระราม9-ประดิษฐ์มนูธรรม,พระราม9,3,09:00-16:00,1,0,0
พระราม9-ประดิษฐ์มนูธรรม,พระราม9,3,16:00-19:00,1,0,0
พระราม9-ประดิษฐ์มนูธรรม,พระราม9,4,07:00-09:00,0,0,1
พระราม9-ประดิษฐ์มนูธรรม,พระราม9,4,09:00-17:00,0,0,1
พระราม9-ประดิษฐ์มนูธรรม,พระราม9,4,17:00-19:00,0,0,1
พระราม9ใหม่,พระราม9,2,07:00-09:00,0,0,1
พระราม9ใหม่,พระราม9,2,09:00-17:00,0,0,1
พระราม9ใหม่,พระราม9,2,17:00-19:00,0,0,1
พระราม9ใหม่,พระราม9,4,07:00-09:00,0,1,0
พระราม9ใหม่,พระราม9,4,09:00-16:00,0,1,0
พระราม9ใหม่,พระราม9,4,16:00-19:00,0,1,0
พระราม9ใหม่,พระรามที่9,4,07:00-09:00,1,0,0
พระราม9ใหม่,พระรามที่9,4,09:00-16:00,1,0,0
พระราม9ใหม่,พระรามที่9,4,16:00-19:00,1,0,0
พระราม9ใหม่,เพชรพระราม,2,07:00-09:00,0,0,1
พระราม9ใหม่,เพชรพระราม,2,09:00-17:00,0,0,1
พระราม9ใหม่,เพชรพระราม,2,17:00-19:00,0,0,1
พระราม9ใหม่,เพชรพระราม,4,07:00-09:00,1,1,0
พระราม9ใหม่,เพชรพระราม,4,09:00-16:00,1,1,0
พระราม9ใหม่,เพชรพระราม,4,16:00-19:00,1,1,0
พระราม9–ประดิษฐ์มนูธรรม,ประดิษฐ์มนูธรรม,4,07:00-09:00,0,0,1
พระราม9–ประดิษฐ์มนูธรรม,ประดิษฐ์มนูธรรม,4,09:00-16:00,0,0,1
พระราม9–ประดิษฐ์มนูธรรม,ประดิษฐ์มนูธรรม,4,16:00-19:00,0,0,1
พระราม9–ประดิษฐ์มนูธรรม,พระราม9,4,07:00-09:00,0,0,1
พระราม9–ประดิษฐ์มนูธรรม,พระราม9,4,09:00-16:00,0,0,1
พระราม9–ประดิษฐ์มนูธรรม,พระราม9,4,16:00-19:00,0,0,1
พระรามที่2,พระรามที่2,1,07:00-09:00,0,1,1
พระรามที่2,พระรามที่2,1,09:00-16:00,0,1,0
พระรามที่2,พระรามที่2,1,09:00-17:00,0,0,1
พระรามที่2,พระรามที่2,1,16:00-19:00,0,1,0
พระรามที่2,พระรามที่2,1,17:00-19:00,0,0,1
พระรามที่2,พระรามที่2,2,07:00-09:00,1,0,0
พระรามที่2,พระรามที่2,2,09:00-16:00,1,0,0
พระรามที่2,พระรามที่2,2,16:00-19:00,1,0,0
พระรามที่2,พระรามที่2,3,07:00-09:00,0,0,2
พระรามที่2,พระรามที่2,3,09:00-17:00,0,0,2
พระรามที่2,พระรามที่2,3,17:00-19:00,0,0,2
พระรามที่2,พระรามที่2,4,07:00-09:00,0,1,0
พระรามที่2,พระรามที่2,4,09:00-16:00,0,1,0
พระรามที่2,พระรามที่2,4,16:00-19:00,0,1,0
พระรามที่2,สุขสวัสดิ์,1,07:00-09:00,0,1,1
พระรามที่2,สุขสวัสดิ์,1,09:00-16:00,0,1,0
พระรามที่2,สุขสวัสดิ์,1,09:00-17:00,0,0,1
พระรามที่2,สุขสวัสดิ์,1,16:00-19:00,0,1,0
พระรามที่2,สุขสวัสดิ์,1,17:00-19:00,0,0,1
พระรามที่2,สุขสวัสดิ์,2,07:00-09:00,1,0,0
พระรามที่2,สุขสวัสดิ์,2,09:00-16:00,1,0,0
พระรามที่2,สุขสวัสดิ์,2,16:00-19:00,1,0,0
พระรามที่2,สุขสวัสดิ์,3,07:00-09:00,0,0,2
พระรามที่2,สุขสวัสดิ์,3,09:00-17:00,0,0,2
พระรามที่2,สุขสวัสดิ์,3,17:00-19:00,0,0,2
พระรามที่2,สุขสวัสดิ์,4,07:00-09:00,0,1,0
พระรามที่2,สุขสวัสดิ์,4,09:00-16:00,0,1,0
พระรามที่2,สุขสวัสดิ์,4,16:00-19:00,0,1,0
พระรามที่2-แสมดำ,พระรามที่2,3,07:00-09:00,1,0,0
พระรามที่2-แสมดำ,พระรามที่2,3,09:00-16:00,1,0,0
พระรามที่2-แสมดำ,พระรามที่2,3,16:00-19:00,1,0,0
พระรามที่2-แสมดำ,แสมดำ,3,07:00-09:00,1,0,0
พระรามที่2-แสมดำ,แสมดำ,3,09:00-16:00,1,0,0
พระรามที่2-แสมดำ,แสมดำ,3,16:00-19:00,1,0,0
พระรามที่2ซอย20,พระรามที่2,1,07:00-09:00,0,0,1
พระรามที่2ซอย20,พระรามที่2,1,09:00-17:00,0,0,1
พระรามที่2ซอย20,พระรามที่2,1,17:00-19:00,0,0,1
พระรามที่2ซอย20,พระรามที่2ซอย20,1,07:00-09:00,0,0,1
พระรามที่2ซอย20,พระรามที่2ซอย20,1,09:00-17:00,0,0,1
พระรามที่2ซอย20,พระรามที่2ซอย20,1,17:00-19:00,0,0,1
พระรามที่2ซอย28,พระรามที่2,1,07:00-09:00,0,0,1
พระรามที่2ซอย28,พระรามที่2,1,09:00-17:00,0,0,1
พระรามที่2ซอย28,พระรามที่2,1,17:00-19:00,0,0,1
พระรามที่2ซอย28,พระรามที่2ซอย28,1,07:00-09:00,0,0,1
พระรามที่2ซอย28,พระรามที่2ซอย28,1,09:00-17:00,0,0,1
พระรามที่2ซอย28,พระรามที่2ซอย28,1,17:00-19:00,0,0,1
พระรามที่3-นราธิวาส,นราธิวาสราชนครินทร์,1,07:00-09:00,0,0,1
พระรามที่3-นราธิวาส,นราธิวาสราชนครินทร์,1,09:00-17:00,0,0,1
พระรามที่3-นราธิวาส,นราธิวาสราชนครินทร์,1,17:00-19:00,0,0,1
พระรามที่3-นราธิวาส,นราธิวาสราชนครินทร์,4,07:00-09:00,0,0,1
พระรามที่3-นราธิวาส,นราธิวาสราชนครินทร์,4,09:00-17:00,0,0,1
พระรามที่3-นราธิวาส,นราธิวาสราชนครินทร์,4,17:00-19:00,0,0,1
พระรามที่3-นราธิวาส,พระรามที่3,1,07:00-09:00,0,0,1
พระรามที่3-นราธิวาส,พระรามที่3,1,09:00-17:00,0,0,1
พระรามที่3-นราธิวาส,พระรามที่3,1,17:00-19:00,0,0,1
พระรามที่3-นราธิวาส,พระรามที่3,3,07:00-09:00,0,1,0
พระรามที่3-นราธิวาส,พระรามที่3,3,09:00-16:00,0,1,0
พระรามที่3-นราธิวาส,พระรามที่3,3,16:00-19:00,0,1,0
พระรามที่3-นราธิวาส,พระรามที่3,4,07:00-09:00,0,0,1
พระรามที่3-นราธิวาส,พระรามที่3,4,09:00-17:00,0,0,1
พระรามที่3-นราธิวาส,พระรามที่3,4,17:00-19:00,0,0,1
พระรามที่3-ยานนาวา,พระรามที่3,1,07:00-09:00,0,1,0
พระรามที่3-ยานนาวา,พระรามที่3,1,09:00-16:00,0,1,0
พระรามที่3-ยานนาวา,พระรามที่3,1,16:00-19:00,0,1,0
พระรามที่3-ยานนาวา,พระรามที่3,4,07:00-09:00,2,0,1
พระรามที่3-ยานนาวา,พระรามที่3,4,09:00-16:00,2,0,1
พระรามที่3-ยานนาวา,พระรามที่3,4,16:00-19:00,2,0,1
พระรามที่3-ยานนาวา,ยานนาวา,1,07:00-09:00,0,1,0
พระรามที่3-ยานนาวา,ยานนาวา,1,09:00-16:00,0,1,0
พระรามที่3-ยานนาวา,ยานนาวา,1,16:00-19:00,0,1,0
พระรามที่3-ยานนาวา,ยานนาวา,4,07:00-09:00,2,0,1
พระรามที่3-ยานนาวา,ยานนาวา,4,09:00-16:00,2,0,1
พระรามที่3-ยานนาวา,ยานนาวา,4,16:00-19:00,2,0,1
พระรามที่3-รัชดา,พระรามที่3,2,07:00-09:00,0,1,0
พระรามที่3-รัชดา,พระรามที่3,2,09:00-16:00,0,1,0
พระรามที่3-รัชดา,พระรามที่3,2,16:00-19:00,0,1,0
พระรามที่3-รัชดา,รัชดาภิเษก,2,07:00-09:00,0,1,0
พระรามที่3-รัชดา,รัชดาภิเษก,2,09:00-16:00,0,1,0
พระรามที่3-รัชดา,รัชดาภิเษก,2,16:00-19:00,0,1,0
พระรามที่3-รัชดาภิเษก,พระรามที่3,4,07:00-09:00,1,0,0
พระรามที่3-รัชดาภิเษก,พระรามที่3,4,09:00-16:00,1,0,0
พระรามที่3-รัชดาภิเษก,พระรามที่3,4,16:00-19:00,1,0,0
พระรามที่3-รัชดาภิเษก,รัชดาภิเษก,4,07:00-09:00,1,0,0
พระรามที่3-รัชดาภิเษก,รัชดาภิเษก,4,09:00-16:00,1,0,0
พระรามที่3-รัชดาภิเษก,รัชดาภิเษก,4,16:00-19:00,1,0,0
พระรามที่3-วงแหวนอุตสาหกรรม,พระรามที่3,2,07:00-09:00,0,1,1
พระรามที่3-วงแหวนอุตสาหกรรม,พระรามที่3,2,09:00-16:00,0,1,0
พระรามที่3-วงแหวนอุตสาหกรรม,พระรามที่3,2,09:00-17:00,0,0,1
พระรามที่3-วงแหวนอุตสาหกรรม,พระรามที่3,2,16:00-19:00,0,1,0
พระรามที่3-วงแหวนอุตสาหกรรม,พระรามที่3,2,17:00-19:00,0,0,1
พระรามที่3-วงแหวนอุตสาหกรรม,พระรามที่3,4,06:30-09:00,1,0,0
พระรามที่3-วงแหวนอุตสาหกรรม,พระรามที่3,4,09:00-16:00,1,0,0
พระรามที่3-วงแหวนอุตสาหกรรม,พระรามที่3,4,16:00-19:30,1,0,0
พระรามที่3-วงแหวนอุตสาหกรรม,วงแหวนอุตสาหกรรม,2,07:00-09:00,0,1,1
พระรามที่3-วงแหวนอุตสาหกรรม,วงแหวนอุตสาหกรรม,2,09:00-16:00,0,1,0
พระรามที่3-วงแหวนอุตสาหกรรม,วงแหวนอุตสาหกรรม,2,09:00-17:00,0,0,1
พระรามที่3-วงแหวนอุตสาหกรรม,วงแหวนอุตสาหกรรม,2,16:00-19:00,0,1,0
พระรามที่3-วงแหวนอุตสาหกรรม,วงแหวนอุตสาหกรรม,2,17:00-19:00,0,0,1
พระรามที่3-วงแหวนอุตสาหกรรม,วงแหวนอุตสาหกรรม,4,06:30-09:00,1,0,0
พระรามที่3-วงแหวนอุตสาหกรรม,วงแหวนอุตสาหกรรม,4,09:00-16:00,1,0,0
พระรามที่3-วงแหวนอุตสาหกรรม,วงแหวนอุตสาหกรรม,4,16:00-19:30,1,0,0
พระรามที่3ซอย19,พระรามที่3,2,07:00-09:00,0,0,1
พระรามที่3ซอย19,พระรามที่3,2,09:00-17:00,0,0,1
พระรามที่3ซอย19,พระรามที่3,2,17:00-19:00,0,0,1
พระรามที่3ซอย19,พระรามที่3ซอย19,2,07:00-09:00,0,0,1
พระรามที่3ซอย19,พระรามที่3ซอย19,2,09:00-17:00,0,0,1
พระรามที่3ซอย19,พระรามที่3ซอย19,2,17:00-19:00,0,0,1
พระรามที่3ซอย77,พระรามที่3,3,07:00-09:00,0,0,1
พระรามที่3ซอย77,พระรามที่3,3,09:00-17:00,0,0,1
พระรามที่3ซอย77,พระรามที่3,3,17:00-19:00,0,0,1
พระรามที่3ซอย77,พระรามที่3ซอย77,3,07:00-09:00,0,0,1
พระรามที่3ซอย77,พระรามที่3ซอย77,3,09:00-17:00,0,0,1
พระรามที่3ซอย77,พระรามที่3ซอย77,3,17:00-19:00,0,0,1
พระรามที่4,พระรามที่4,1,07:00-09:00,1,0,0
พระรามที่4,พระรามที่4,1,09:00-16:00,1,0,0
พระรามที่4,พระรามที่4,1,16:00-19:00,1,0,0
พระรามที่4,พระรามที่4,2,06:30-09:00,1,0,0
พระรามที่4,พระรามที่4,2,07:00-09:00,0,0,2
พระรามที่4,พระรามที่4,2,09:00-16:00,1,0,1
พระรามที่4,พระรามที่4,2,09:00-17:00,0,0,1
พระรามที่4,พระรามที่4,2,16:00-19:00,0,0,1
พระรามที่4,พระรามที่4,2,16:00-19:30,1,0,0
พระรามที่4,พระรามที่4,2,17:00-19:00,0,0,1
พระรามที่4,พระรามที่4,4,07:00-09:00,0,1,0
พระรามที่4,พระรามที่5,4,09:00-16:00,0,1,0
พระรามที่4,พระรามที่6,4,16:00-19:00,0,1,0
พระรามที่4,รัชดาภิเษก,1,07:00-09:00,1,0,0
พระรามที่4,รัชดาภิเษก,1,09:00-16:00,1,0,0
พระรามที่4,รัชดาภิเษก,1,16:00-19:00,1,0,0
พระรามที่4,รัชดาภิเษก,2,06:30-09:00,1,0,0
พระรามที่4,รัชดาภิเษก,2,07:00-09:00,0,0,2
พระรามที่4,รัชดาภิเษก,2,09:00-16:00,1,0,1
พระรามที่4,รัชดาภิเษก,2,09:00-17:00,0,0,1
พระรามที่4,รัชดาภิเษก,2,16:00-19:00,0,0,1
พระรามที่4,รัชดาภิเษก,2,16:00-19:30,1,0,0
พระรามที่4,รัชดาภิเษก,2,17:00-19:00,0,0,1
พระรามที่4,รัชดาภิเษก,4,07:00-09:00,0,1,0
พระรามที่4,รัชดาภิเษก,4,09:00-16:00,0,1,0
พระรามที่4,รัชดาภิเษก,4,16:00-19:00,0,1,0
พระรามที่6-พระรามที่6ซอย36,พระรามที่6,4,07:00-09:00,1,0,0
พระรามที่6-พระรามที่6ซอย36,พระรามที่6,4,09:00-16:00,1,0,0
พระรามที่6-พระรามที่6ซอย36,พระรามที่6,4,16:00-19:00,1,0,0
พระรามที่6-พระรามที่6ซอย36,พระรามที่6ซอย36,4,07:00-09:00,1,0,0
พระรามที่6-พระรามที่6ซอย36,พระรามที่6ซอย36,4,09:00-16:00,1,0,0
พระรามที่6-พระรามที่6ซอย36,พระรามที่6ซอย36,4,16:00-19:00,1,0,0
พระโขนง,ซอยสุขุมวิท71,1,07:00-09:00,1,0,0
พระโขนง,ซอยสุขุมวิท71,1,09:00-16:00,1,0,0
พระโขนง,ซอยสุขุมวิท71,1,16:00-19:00,1,0,0
พระโขนง,ซอยสุขุมวิท71,3,07:00-09:00,1,0,0
พระโขนง,ซอยสุขุมวิท71,3,09:00-16:00,1,0,0
พระโขนง,ซอยสุขุมวิท71,3,16:00-19:00,1,0,0
พระโขนง,พระรามที่4,2,07:00-09:00,0,0,1
พระโขนง,พระรามที่4,2,09:00-17:00,0,0,1
พระโขนง,พระรามที่4,2,17:00-19:00,0,0,1
พระโขนง,พระรามที่4,3,07:00-09:00,0,0,2
พระโขนง,พระรามที่4,3,09:00-17:00,0,0,2
พระโขนง,พระรามที่4,3,17:00-19:00,0,0,2
พระโขนง,สุขุมวิท,1,07:00-09:00,1,0,1
พระโขนง,สุขุมวิท,1,09:00-16:00,1,0,1
พระโขนง,สุขุมวิท,1,16:00-19:00,1,0,1
พระโขนง,สุขุมวิท,2,07:00-09:00,0,0,1
พระโขนง,สุขุมวิท,2,09:00-17:00,0,0,1
พระโขนง,สุขุมวิท,2,17:00-19:00,0,0,1
พระโขนง,สุขุมวิท,3,07:00-09:00,1,0,2
พระโขนง,สุขุมวิท,3,09:00-16:00,1,0,0
พระโขนง,สุขุมวิท,3,09:00-17:00,0,0,2
พระโขนง,สุขุมวิท,3,16:00-19:00,1,0,0
พระโขนง,สุขุมวิท,3,17:00-19:00,0,0,2
พระโขนง,สุขุมวิท,4,07:00-09:00,0,1,0
พระโขนง,สุขุมวิท,4,09:00-16:00,0,1,0
พระโขนง,สุขุมวิท,4,16:00-19:00,0,1,0
พระโขนง,สุขุมวิท71,1,07:00-09:00,0,0,1
พระโขนง,สุขุมวิท71,1,09:00-16:00,0,0,1
พระโขนง,สุขุมวิท71,1,16:00-19:00,0,0,1
พระโขนง,สุขุมวิท71,4,07:00-09:00,0,1,0
พระโขนง,สุขุมวิท71,4,09:00-16:00,0,1,0
พระโขนง,สุขุมวิท71,4,16:00-19:00,0,1,0
พรานนก,พรานนก,1,06:30-09:00,0,1,0
พรานนก,พรานนก,1,07:00-09:00,0,0,2
พรานนก,พรานนก,1,09:00-17:00,0,0,2
พรานนก,พรานนก,1,17:00-19:00,0,0,2
พรานนก,พรานนก,2,07:00-09:00,0,1,0
พรานนก,พรานนก,2,09:00-16:00,0,1,0
พรานนก,พรานนก,2,16:00-19:00,0,1,0
พรานนก,พรานนก,3,07:00-09:00,1,0,0
พรานนก,พรานนก,3,09:00-16:00,1,0,0
พรานนก,พรานนก,3,16:00-19:00,1,0,0
พรานนก,อิสรภาพ,1,06:30-09:00,0,1,0
พรานนก,อิสรภาพ,1,07:00-09:00,0,0,2
พรานนก,อิสรภาพ,1,09:00-16:00,0,1,0
พรานนก,อิสรภาพ,1,09:00-17:00,0,0,2
พรานนก,อิสรภาพ,1,16:00-19:30,0,1,0
พรานนก,อิสรภาพ,1,17:00-19:00,0,0,2
พรานนก,อิสรภาพ,2,07:00-09:00,0,1,0
พรานนก,อิสรภาพ,2,09:00-16:00,0,1,0
พรานนก,อิสรภาพ,2,16:00-19:00,0,1,0
พรานนก,อิสรภาพ,3,07:00-09:00,1,0,0
พรานนก,อิสรภาพ,3,09:00-16:00,1,0,0
พรานนก,อิสรภาพ,3,16:00-19:00,1,0,0
พรานนก,เพชรบุรี,1,06:30-09:00,0,1,0
พรานนก,เพชรบุรี,1,09:00-16:00,0,1,0
พรานนก,เพชรบุรี,1,16:00-19:30,0,1,0
พรานนก-กาญจนาภิเษก-กาญจนาภิเษก,กาญจนาภิเษก,1,07:00-09:00,0,1,0
พรานนก-กาญจนาภิเษก-กาญจนาภิเษก,กาญจนาภิเษก,1,09:00-16:00,0,1,0
พรานนก-กาญจนาภิเษก-กาญจนาภิเษก,กาญจนาภิเษก,1,16:00-19:00,0,1,0
พรานนก-กาญจนาภิเษก-กาญจนาภิเษก,พรานนก-กาญจนาภิเษก,1,07:00-09:00,0,1,0
พรานนก-กาญจนาภิเษก-กาญจนาภิเษก,พรานนก-กาญจนาภิเษก,1,09:00-16:00,0,1,0
พรานนก-กาญจนาภิเษก-กาญจนาภิเษก,พรานนก-กาญจนาภิเษก,1,16:00-19:00,0,1,0
พรานนก-กาญจนาภิเษก-ราชพฤกษ์,พรานนก-กาญจนาภิเษก,1,07:00-09:00,0,1,0
พรานนก-กาญจนาภิเษก-ราชพฤกษ์,พรานนก-กาญจนาภิเษก,1,09:00-16:00,0,1,0
พรานนก-กาญจนาภิเษก-ราชพฤกษ์,พรานนก-กาญจนาภิเษก,1,16:00-19:00,0,1,0
พรานนก-กาญจนาภิเษก-ราชพฤกษ์,ราชพฤกษ์,1,07:00-09:00,0,1,0
พรานนก-กาญจนาภิเษก-ราชพฤกษ์,ราชพฤกษ์,1,09:00-16:00,0,1,0
พรานนก-กาญจนาภิเษก-ราชพฤกษ์,ราชพฤกษ์,1,16:00-19:00,0,1,0
พร้อมพงษ์,เพชรบุรี,3,07:00-09:00,0,0,1
พร้อมพงษ์,เพชรบุรี,3,09:00-17:00,0,0,1
พร้อมพงษ์,เพชรบุรี,3,17:00-19:00,0,0,1
พร้อมพงษ์,เพชรบุรี38/1,3,07:00-09:00,0,0,1
พร้อมพงษ์,เพชรบุรี38/1,3,09:00-17:00,0,0,1
พร้อมพงษ์,เพชรบุรี38/1,3,17:00-19:00,0,0,1
พลับพลาไชย,พลับพลาไชย,1,07:00-09:00,0,0,2
พลับพลาไชย,พลับพลาไชย,1,09:00-16:00,0,0,1
พลับพลาไชย,พลับพลาไชย,1,09:00-17:00,0,0,1
พลับพลาไชย,พลับพลาไชย,1,16:00-19:00,0,0,1
พลับพลาไชย,พลับพลาไชย,1,17:00-19:00,0,0,1
พลับพลาไชย,พลับพลาไชย,2,07:00-09:00,1,0,0
พลับพลาไชย,พลับพลาไชย,2,09:00-16:00,1,0,0
พลับพลาไชย,พลับพลาไชย,2,16:00-19:00,1,0,0
พลับพลาไชย,พลับพลาไชย,3,07:00-09:00,0,0,1
พลับพลาไชย,พลับพลาไชย,3,09:00-16:00,0,0,1
พลับพลาไชย,พลับพลาไชย,3,16:00-19:00,0,0,1
พลับพลาไชย,หลวง,1,07:00-09:00,0,0,1
พลับพลาไชย,หลวง,1,09:00-17:00,0,0,1
พลับพลาไชย,หลวง,1,17:00-19:00,0,0,1
พลับพลาไชย,หลวง,2,07:00-09:00,1,0,0
พลับพลาไชย,หลวง,2,09:00-16:00,1,0,0
พลับพลาไชย,หลวง,2,16:00-19:00,1,0,0
พลับพลาไชย,หลวง,3,07:00-09:00,0,0,1
พลับพลาไชย,หลวง,3,09:00-16:00,0,0,1
พลับพลาไชย,หลวง,3,16:00-19:00,0,0,1
พลับพลาไชย,ไมตรีจิต,1,07:00-09:00,0,0,1
พลับพลาไชย,ไมตรีจิต,1,09:00-17:00,0,0,1
พลับพลาไชย,ไมตรีจิต,1,17:00-19:00,0,0,1
พลับพลาไชย,ไมตรีจิต,2,07:00-09:00,1,0,0
พลับพลาไชย,ไมตรีจิต,2,09:00-16:00,1,0,0
พลับพลาไชย,ไมตรีจิต,2,16:00-19:00,1,0,0
พลับพลาไชย,ไมตรีจิต,3,07:00-09:00,0,0,1
พลับพลาไชย,ไมตรีจิต,3,09:00-16:00,0,0,1
พลับพลาไชย,ไมตรีจิต,3,16:00-19:00,0,0,1
พลาธิการ,ซอยพหลโยธิน54/1,3,07:00-09:00,1,0,0
พลาธิการ,ซอยพหลโยธิน54/1,3,09:00-16:00,1,0,0
พลาธิการ,ซอยพหลโยธิน54/1,3,16:00-19:00,1,0,0
พลาธิการ,ทางเข้าพลาธิการทอ,3,06:30-09:00,1,0,0
พลาธิการ,ทางเข้าพลาธิการทอ,3,09:00-16:00,1,0,0
พลาธิการ,ทางเข้าพลาธิการทอ,3,16:00-19:30,1,0,0
พลาธิการ,พหลโยธิน,3,06:30-09:00,1,0,0
พลาธิการ,พหลโยธิน,3,09:00-16:00,1,0,0
พลาธิการ,พหลโยธิน,3,16:00-19:30,1,0,0
พหลโยธิน-เทพรักษ์,พหลโยธิน,2,07:00-09:00,0,0,1
พหลโยธิน-เทพรักษ์,พหลโยธิน,2,09:00-17:00,0,0,1
พหลโยธิน-เทพรักษ์,พหลโยธิน,2,17:00-19:00,0,0,1
พหลโยธิน-เทพรักษ์,พหลโยธิน,3,07:00-09:00,1,0,1
พหลโยธิน-เทพรักษ์,พหลโยธิน,3,09:00-16:00,1,0,0
พหลโยธิน-เทพรักษ์,พหลโยธิน,3,09:00-17:00,0,0,1
พหลโยธิน-เทพรักษ์,พหลโยธิน,3,16:00-19:00,1,0,0
พหลโยธิน-เทพรักษ์,พหลโยธิน,3,17:00-19:00,0,0,1
พหลโยธิน-เทพรักษ์,พหลโยธิน,4,07:00-09:00,0,1,0
พหลโยธิน-เทพรักษ์,พหลโยธิน,4,09:00-16:00,0,1,0
พหลโยธิน-เทพรักษ์,พหลโยธิน,4,16:00-19:00,0,1,0
พหลโยธิน-เทพรักษ์,เทพรักษ์,2,07:00-09:00,0,0,1
พหลโยธิน-เทพรักษ์,เทพรักษ์,2,09:00-17:00,0,0,1
พหลโยธิน-เทพรักษ์,เทพรักษ์,2,17:00-19:00,0,0,1
พหลโยธิน-เทพรักษ์,เทพรักษ์,3,07:00-09:00,1,0,1
พหลโยธิน-เทพรักษ์,เทพรักษ์,3,09:00-16:00,1,0,0
พหลโยธิน-เทพรักษ์,เทพรักษ์,3,09:00-17:00,0,0,1
พหลโยธิน-เทพรักษ์,เทพรักษ์,3,16:00-19:00,1,0,0
พหลโยธิน-เทพรักษ์,เทพรักษ์,3,17:00-19:00,0,0,1
พหลโยธิน-เทพรักษ์,เทพรักษ์,4,07:00-09:00,0,1,0
พหลโยธิน-เทพรักษ์,เทพรักษ์,4,09:00-16:00,0,1,0
พหลโยธิน-เทพรักษ์,เทพรักษ์,4,16:00-19:00,0,1,0
พหลโยธิน19,พหลโยธิน,4,07:00-09:00,0,0,1
พหลโยธิน19,พหลโยธิน,4,09:00-17:00,0,0,1
พหลโยธิน19,พหลโยธิน,4,17:00-19:00,0,0,1
พหลโยธิน19,พหลโยธิน19,4,07:00-09:00,0,0,1
พหลโยธิน19,พหลโยธิน19,4,09:00-17:00,0,0,1
พหลโยธิน19,พหลโยธิน19,4,17:00-19:00,0,0,1
พหลโยธิน23,ซอยพหลโยธิน23,2,07:00-09:00,1,0,0
พหลโยธิน23,ซอยพหลโยธิน23,2,09:00-16:00,1,0,0
พหลโยธิน23,ซอยพหลโยธิน23,2,16:00-19:00,1,0,0
พหลโยธิน23,พหลโยธิน,2,07:00-09:00,1,0,0
พหลโยธิน23,พหลโยธิน,2,09:00-16:00,1,0,0
พหลโยธิน23,พหลโยธิน,2,16:00-19:00,1,0,0
พหลโยธิน48,ซอยพหลโยธิน48,2,07:00-09:00,0,1,0
พหลโยธิน48,ซอยพหลโยธิน48,2,09:00-16:00,0,1,0
พหลโยธิน48,ซอยพหลโยธิน48,2,16:00-19:00,0,1,0
พหลโยธิน48,พหลโยธิน,1,07:00-09:00,0,0,1
พหลโยธิน48,พหลโยธิน,1,09:00-17:00,0,0,1
พหลโยธิน48,พหลโยธิน,1,17:00-19:00,0,0,1
พหลโยธิน48,พหลโยธิน,2,06:30-09:00,0,1,0
พหลโยธิน48,พหลโยธิน,2,09:00-16:00,0,1,0
พหลโยธิน48,พหลโยธิน,2,16:00-19:30,0,1,0
พหลโยธิน48,พหลโยธิน,4,07:00-09:00,0,1,0
พหลโยธิน48,พหลโยธิน,4,09:00-16:00,0,1,0
พหลโยธิน48,พหลโยธิน,4,16:00-19:00,0,1,0
พหลโยธิน48,พหลโยธิน48,1,07:00-09:00,0,0,1
พหลโยธิน48,พหลโยธิน48,1,09:00-17:00,0,0,1
พหลโยธิน48,พหลโยธิน48,1,17:00-19:00,0,0,1
พหลโยธิน48,พหลโยธิน48,4,07:00-09:00,0,1,0
พหลโยธิน48,พหลโยธิน48,4,09:00-16:00,0,1,0
พหลโยธิน48,พหลโยธิน48,4,16:00-19:00,0,1,0
พหลโยธิน54/1-สายไหม,พหลโยธิน54/1,3,07:00-09:00,0,1,0
พหลโยธิน54/1-สายไหม,พหลโยธิน54/1,3,09:00-16:00,0,1,0
พหลโยธิน54/1-สายไหม,พหลโยธิน54/1,3,16:00-19:00,0,1,0
พหลโยธิน54/1-สายไหม,สายไหม,3,07:00-09:00,0,1,0
พหลโยธิน54/1-สายไหม,สายไหม,3,09:00-16:00,0,1,0
พหลโยธิน54/1-สายไหม,สายไหม,3,16:00-19:00,0,1,0
พหลโยธินซอย2,พหลโยธิน,3,07:00-09:00,0,1,0
พหลโยธินซอย2,พหลโยธิน,3,09:00-16:00,0,1,0
พหลโยธินซอย2,พหลโยธิน,3,16:00-19:00,0,1,0
พหลโยธินซอย2,พหลโยธินซอย2,3,07:00-09:00,0,1,0
พหลโยธินซอย2,พหลโยธินซอย2,3,09:00-16:00,0,1,0
พหลโยธินซอย2,พหลโยธินซอย2,3,16:00-19:00,0,1,0
พัฒนาการ,บางแค,4,07:00-09:00,0,0,1
พัฒนาการ,บางแค,4,09:00-16:00,0,0,1
พัฒนาการ,บางแค,4,16:00-19:00,0,0,1
พัฒนาการ,พัฒนาการ,1,07:00-09:00,0,0,1
พัฒนาการ,พัฒนาการ,1,09:00-17:00,0,0,1
พัฒนาการ,พัฒนาการ,1,17:00-19:00,0,0,1
พัฒนาการ,พัฒนาการ,2,07:00-09:00,2,1,1
พัฒนาการ,พัฒนาการ,2,09:00-16:00,2,1,0
พัฒนาการ,พัฒนาการ,2,09:00-17:00,0,0,1
พัฒนาการ,พัฒนาการ,2,16:00-19:00,2,1,0
พัฒนาการ,พัฒนาการ,2,17:00-19:00,0,0,1
พัฒนาการ,ศรีนครินทร์,1,07:00-09:00,0,0,1
พัฒนาการ,ศรีนครินทร์,1,09:00-17:00,0,0,1
พัฒนาการ,ศรีนครินทร์,1,17:00-19:00,0,0,1
พัฒนาการ,ศรีนครินทร์,2,07:00-09:00,2,1,1
พัฒนาการ,ศรีนครินทร์,2,09:00-16:00,2,1,0
พัฒนาการ,ศรีนครินทร์,2,09:00-17:00,0,0,1
พัฒนาการ,ศรีนครินทร์,2,16:00-19:00,2,1,0
พัฒนาการ,ศรีนครินทร์,2,17:00-19:00,0,0,1
พัฒนาการ,เทอดไท,4,07:00-09:00,0,0,1
พัฒนาการ,เทอดไท,4,09:00-16:00,0,0,1
พัฒนาการ,เทอดไท,4,16:00-19:00,0,0,1
พัฒนาการ-ซอยพัฒนาการ53,ซอยพัฒนาการ53,2,07:00-09:00,1,0,0
พัฒนาการ-ซอยพัฒนาการ53,ซอยพัฒนาการ53,2,09:00-16:00,1,0,0
พัฒนาการ-ซอยพัฒนาการ53,ซอยพัฒนาการ53,2,16:00-19:00,1,0,0
พัฒนาการ-ซอยพัฒนาการ53,พัฒนาการ,2,07:00-09:00,1,0,0
พัฒนาการ-ซอยพัฒนาการ53,พัฒนาการ,2,09:00-16:00,1,0,0
พัฒนาการ-ซอยพัฒนาการ53,พัฒนาการ,2,16:00-19:00,1,0,0
พัฒนาการ-พัฒนาการ25,พัฒนาการ,1,07:00-09:00,0,0,1
พัฒนาการ-พัฒนาการ25,พัฒนาการ,1,09:00-17:00,0,0,1
พัฒนาการ-พัฒนาการ25,พัฒนาการ,1,17:00-19:00,0,0,1
พัฒนาการ-พัฒนาการ25,พัฒนาการ25,1,07:00-09:00,0,0,1
พัฒนาการ-พัฒนาการ25,พัฒนาการ25,1,09:00-17:00,0,0,1
พัฒนาการ-พัฒนาการ25,พัฒนาการ25,1,17:00-19:00,0,0,1
พัฒนาการ-พัฒนาการ53,พัฒนาการ,1,07:00-09:00,0,0,1
พัฒนาการ-พัฒนาการ53,พัฒนาการ,1,09:00-17:00,0,0,1
พัฒนาการ-พัฒนาการ53,พัฒนาการ,1,17:00-19:00,0,0,1
พัฒนาการ-พัฒนาการ53,พัฒนาการ,4,07:00-09:00,0,0,1
พัฒนาการ-พัฒนาการ53,พัฒนาการ,4,09:00-17:00,0,0,1
พัฒนาการ-พัฒนาการ53,พัฒนาการ,4,17:00-19:00,0,0,1
พัฒนาการ-พัฒนาการ53,พัฒนาการ53,1,07:00-09:00,0,0,1
พัฒนาการ-พัฒนาการ53,พัฒนาการ53,1,09:00-17:00,0,0,1
พัฒนาการ-พัฒนาการ53,พัฒนาการ53,1,17:00-19:00,0,0,1
พัฒนาการ-พัฒนาการ53,พัฒนาการ53,4,07:00-09:00,0,0,1
พัฒนาการ-พัฒนาการ53,พัฒนาการ53,4,09:00-17:00,0,0,1
พัฒนาการ-พัฒนาการ53,พัฒนาการ53,4,17:00-19:00,0,0,1
พัฒนาการ-เฉลิมพระเกียรติร.9,ทางเข้าหมู่บ้าน,3,07:00-09:00,1,0,0
พัฒนาการ-เฉลิมพระเกียรติร.9,ทางเข้าหมู่บ้าน,3,09:00-16:00,1,0,0
พัฒนาการ-เฉลิมพระเกียรติร.9,ทางเข้าหมู่บ้าน,3,16:00-19:00,1,0,0
พัฒนาการ-เฉลิมพระเกียรติร.9,พัฒนาการ,3,07:00-09:00,1,0,0
พัฒนาการ-เฉลิมพระเกียรติร.9,พัฒนาการ,3,09:00-16:00,1,0,0
พัฒนาการ-เฉลิมพระเกียรติร.9,พัฒนาการ,3,16:00-19:00,1,0,0
พัฒนาการ-เฉลิมพระเกียรติร.9,เฉลิมพระเกียรติร.9,3,07:00-09:00,1,0,0
พัฒนาการ-เฉลิมพระเกียรติร.9,เฉลิมพระเกียรติร.9,3,09:00-16:00,1,0,0
พัฒนาการ-เฉลิมพระเกียรติร.9,เฉลิมพระเกียรติร.9,3,16:00-19:00,1,0,0
พัฒนาการ20,พัฒนาการ,1,07:00-09:00,0,0,1
พัฒนาการ20,พัฒนาการ,1,09:00-17:00,0,0,1
พัฒนาการ20,พัฒนาการ,1,17:00-19:00,0,0,1
พัฒนาการ20,พัฒนาการ20,1,07:00-09:00,0,0,1
พัฒนาการ20,พัฒนาการ20,1,09:00-17:00,0,0,1
พัฒนาการ20,พัฒนาการ20,1,17:00-19:00,0,0,1
พัฒนาการ25,พัฒนาการ,3,07:00-09:00,0,0,2
พัฒนาการ25,พัฒนาการ,3,09:00-17:00,0,0,2
พัฒนาการ25,พัฒนาการ,3,17:00-19:00,0,0,2
พัฒนาการ25,พัฒนาการ25,3,07:00-09:00,0,0,2
พัฒนาการ25,พัฒนาการ25,3,09:00-17:00,0,0,2
พัฒนาการ25,พัฒนาการ25,3,17:00-19:00,0,0,2
พัฒนาการ29,พัฒนาการ,4,07:00-09:00,0,1,0
พัฒนาการ29,พัฒนาการ,4,09:00-16:00,0,1,0
พัฒนาการ29,พัฒนาการ,4,16:00-19:00,0,1,0
พัฒนาการ46,พัฒนาการ,3,07:00-09:00,0,0,1
พัฒนาการ46,พัฒนาการ,3,09:00-16:00,0,0,1
พัฒนาการ46,พัฒนาการ,3,16:00-19:00,0,0,1
พัฒนาการ46,พัฒนาการ46,3,07:00-09:00,0,0,1
พัฒนาการ46,พัฒนาการ46,3,09:00-16:00,0,0,1
พัฒนาการ46,พัฒนาการ46,3,16:00-19:00,0,0,1
พัฒนาการ61-พัฒนาการ74,ซอยพัฒนาการ61,2,07:00-09:00,1,0,0
พัฒนาการ61-พัฒนาการ74,ซอยพัฒนาการ61,2,09:00-16:00,1,0,0
พัฒนาการ61-พัฒนาการ74,ซอยพัฒนาการ61,2,16:00-19:00,1,0,0
พัฒนาการ61-พัฒนาการ74,ซอยพัฒนาการ74,2,07:00-09:00,1,0,0
พัฒนาการ61-พัฒนาการ74,ซอยพัฒนาการ74,2,09:00-16:00,1,0,0
พัฒนาการ61-พัฒนาการ74,ซอยพัฒนาการ74,2,16:00-19:00,1,0,0
พัฒนาการ61-พัฒนาการ74,พัฒาการ,2,07:00-09:00,1,0,0
พัฒนาการ61-พัฒนาการ74,พัฒาการ,2,09:00-16:00,1,0,0
พัฒนาการ61-พัฒนาการ74,พัฒาการ,2,16:00-19:00,1,0,0
พัฒนาการ93,พัฒนาการ,1,07:00-09:00,0,0,1
พัฒนาการ93,พัฒนาการ,1,09:00-17:00,0,0,1
พัฒนาการ93,พัฒนาการ,1,17:00-19:00,0,0,1
พาณิชยการ,พระรามที่5,1,06:30-09:00,0,1,0
พาณิชยการ,พระรามที่5,1,09:00-16:00,0,1,0
พาณิชยการ,พระรามที่5,1,16:00-19:30,0,1,0
พาณิชยการ,พระรามที่5,3,07:00-09:00,1,0,0
พาณิชยการ,พระรามที่5,3,09:00-16:00,1,0,0
พาณิชยการ,พระรามที่5,3,16:00-19:00,1,0,0
พาณิชยการ,พิษณุโลก,1,06:30-09:00,0,1,0
พาณิชยการ,พิษณุโลก,3,07:00-09:00,1,0,0
พาณิชยการ,พิษณุโลก,3,09:00-16:00,1,0,0
พาณิชยการ,พิษณุโลก,3,16:00-19:00,1,0,0
พาณิชยการ,อิสรภาพ,1,06:30-09:00,0,1,0
พาณิชยการ,อิสรภาพ,1,09:00-16:00,0,1,0
พาณิชยการ,อิสรภาพ,1,16:00-19:30,0,1,0
พาณิชยการธนบุรี,จรัญสนิทวงศ์,1,07:00-09:00,0,0,1
พาณิชยการธนบุรี,จรัญสนิทวงศ์,1,09:00-17:00,0,0,1
พาณิชยการธนบุรี,จรัญสนิทวงศ์,1,17:00-19:00,0,0,1
พาณิชยการธนบุรี,จรัญสนิทวงศ์,3,07:00-09:00,2,0,0
พาณิชยการธนบุรี,จรัญสนิทวงศ์,3,09:00-16:00,2,0,0
พาณิชยการธนบุรี,จรัญสนิทวงศ์,3,16:00-19:00,2,0,0
พาณิชยการธนบุรี,จรัญสนิทวงศ์13,1,07:00-09:00,0,0,1
พาณิชยการธนบุรี,จรัญสนิทวงศ์13,1,09:00-17:00,0,0,1
พาณิชยการธนบุรี,จรัญสนิทวงศ์13,1,17:00-19:00,0,0,1
พาณิชยการธนบุรี,ซอยจรัญสนิทวงศ์13,3,07:00-09:00,2,0,0
พาณิชยการธนบุรี,ซอยจรัญสนิทวงศ์13,3,09:00-16:00,2,0,0
พาณิชยการธนบุรี,ซอยจรัญสนิทวงศ์13,3,16:00-19:00,2,0,0
พาณิชยการพระนคร,พระรามที่5,1,07:00-09:00,0,0,1
พาณิชยการพระนคร,พระรามที่5,1,09:00-17:00,0,0,1
พาณิชยการพระนคร,พระรามที่5,1,17:00-19:00,0,0,1
พาณิชยการพระนคร,พิษณุโลก,1,07:00-09:00,0,0,1
พาณิชยการพระนคร,พิษณุโลก,1,09:00-17:00,0,0,1
พาณิชยการพระนคร,พิษณุโลก,1,17:00-19:00,0,0,1
พาณิชย์ธน,จรัญสนิทวงศ์,2,07:00-09:00,0,1,0
พาณิชย์ธน,จรัญสนิทวงศ์,2,09:00-16:00,0,1,0
พาณิชย์ธน,จรัญสนิทวงศ์,2,16:00-19:00,0,1,0
พาณิชย์ธน,จรัญสนิทวงศ์13,2,07:00-09:00,0,1,0
พาณิชย์ธน,จรัญสนิทวงศ์13,2,09:00-16:00,0,1,0
พาณิชย์ธน,จรัญสนิทวงศ์13,2,16:00-19:00,0,1,0
พาราไดซ์,ศรีนครินทร์,1,07:00-09:00,0,0,1
พาราไดซ์,ศรีนครินทร์,1,09:00-17:00,0,0,1
พาราไดซ์,ศรีนครินทร์,1,17:00-19:00,0,0,1
พาราไดซ์,ศรีนครินทร์46,1,07:00-09:00,0,0,1
พาราไดซ์,ศรีนครินทร์46,1,09:00-17:00,0,0,1
พาราไดซ์,ศรีนครินทร์46,1,17:00-19:00,0,0,1
พาราไดซ์,ศรีนครินทร์57,1,07:00-09:00,0,0,1
พาราไดซ์,ศรีนครินทร์57,1,09:00-17:00,0,0,1
พาราไดซ์,ศรีนครินทร์57,1,17:00-19:00,0,0,1
พาหุรัด,ตรีเพชร,2,07:00-09:00,0,0,1
พาหุรัด,ตรีเพชร,2,09:00-16:00,0,0,1
พาหุรัด,ตรีเพชร,2,16:00-19:00,0,0,1
พาหุรัด,ตรีเพชร,3,17:00-19:00,0,0,2
พาหุรัด,พาหุรัด,2,07:00-09:00,0,0,1
พาหุรัด,พาหุรัด,2,09:00-16:00,0,0,1
พาหุรัด,พาหุรัด,2,16:00-19:00,0,0,1
พาหุรัด,พาหุรัด,3,07:00-09:00,0,0,2
พาหุรัด,พาหุรัด,3,09:00-17:00,0,0,2
พาหุรัด,พาหุรัด,3,17:00-19:00,0,0,2
พิงนคร5-ริมคลองตาอูฐ,พิงนคร5,2,07:00-09:00,0,0,1
พิงนคร5-ริมคลองตาอูฐ,พิงนคร5,2,09:00-17:00,0,0,1
พิงนคร5-ริมคลองตาอูฐ,พิงนคร5,2,17:00-19:00,0,0,1
พิงนคร5-ริมคลองตาอูฐ,ริมคลองตาอูฐ,2,07:00-09:00,0,0,1
พิงนคร5-ริมคลองตาอูฐ,ริมคลองตาอูฐ,2,09:00-17:00,0,0,1
พิงนคร5-ริมคลองตาอูฐ,ริมคลองตาอูฐ,2,17:00-19:00,0,0,1
พิชัย,นครไชยศรี,2,07:00-09:00,1,0,0
พิชัย,นครไชยศรี,2,09:00-16:00,1,0,0
พิชัย,นครไชยศรี,2,16:00-19:00,1,0,0
พิชัย,นครไชยศรี,3,07:00-09:00,0,2,0
พิชัย,นครไชยศรี,3,09:00-16:00,0,2,0
พิชัย,นครไชยศรี,3,16:00-19:00,0,2,0
พิชัย,พิชัย,2,07:00-09:00,1,0,0
พิชัย,พิชัย,2,09:00-16:00,1,0,0
พิชัย,พิชัย,2,16:00-19:00,1,0,0
พิชัย,พิชัย,3,07:00-09:00,0,2,0
พิชัย,พิชัย,3,09:00-16:00,0,2,0
พิชัย,พิชัย,3,16:00-19:00,0,2,0
พิบูลวัฒนา,ซอยพิบูลวัฒนา,4,07:00-09:00,0,1,0
พิบูลวัฒนา,ซอยพิบูลวัฒนา,4,09:00-16:00,0,1,0
พิบูลวัฒนา,ซอยพิบูลวัฒนา,4,16:00-19:00,0,1,0
พิบูลวัฒนา,ทางขึ้นลงทางด่วน,4,07:00-09:00,0,1,0
พิบูลวัฒนา,ทางขึ้นลงทางด่วน,4,09:00-16:00,0,1,0
พิบูลวัฒนา,ทางขึ้นลงทางด่วน,4,16:00-19:00,0,1,0
พิบูลวัฒนา,ทางขึ้นลงทางด่วน/ถนนพระรามที่6ซอย37,3,07:00-09:00,0,0,1
พิบูลวัฒนา,ทางขึ้นลงทางด่วน/ถนนพระรามที่6ซอย37,3,09:00-17:00,0,0,1
พิบูลวัฒนา,ทางขึ้นลงทางด่วน/ถนนพระรามที่6ซอย37,3,17:00-19:00,0,0,1
พิบูลวัฒนา,พระรามที่6,3,07:00-09:00,0,0,1
พิบูลวัฒนา,พระรามที่6,3,09:00-17:00,0,0,1
พิบูลวัฒนา,พระรามที่6,3,17:00-19:00,0,0,1
พิบูลวัฒนา,พระรามที่6,4,07:00-09:00,0,1,0
พิบูลวัฒนา,พระรามที่6,4,09:00-16:00,0,1,0
พิบูลวัฒนา,พระรามที่6,4,16:00-19:00,0,1,0
พิบูลวัฒนา,พิบูลวัฒนา,3,07:00-09:00,0,0,1
พิบูลวัฒนา,พิบูลวัฒนา,3,09:00-17:00,0,0,1
พิบูลวัฒนา,พิบูลวัฒนา,3,17:00-19:00,0,0,1
พิบูลสงคราม,ประชาราษฎร์สาย1,1,07:00-09:00,0,1,0
พิบูลสงคราม,ประชาราษฎร์สาย1,1,09:00-16:00,0,1,0
พิบูลสงคราม,ประชาราษฎร์สาย1,1,16:00-19:00,0,1,0
พิบูลสงคราม,ประชาราษฎร์สาย1,4,07:00-09:00,1,0,1
พิบูลสงคราม,ประชาราษฎร์สาย1,4,09:00-16:00,1,0,0
พิบูลสงคราม,ประชาราษฎร์สาย1,4,09:00-17:00,0,0,1
พิบูลสงคราม,ประชาราษฎร์สาย1,4,16:00-19:00,1,0,0
พิบูลสงคราม,ประชาราษฎร์สาย1,4,17:00-19:00,0,0,1
พิบูลสงคราม,พิบูลสงคราม,1,07:00-09:00,0,1,0
พิบูลสงคราม,พิบูลสงคราม,1,09:00-16:00,0,1,0
พิบูลสงคราม,พิบูลสงคราม,1,16:00-19:00,0,1,0
พิบูลสงคราม,พิบูลสงคราม,4,07:00-09:00,1,0,1
พิบูลสงคราม,พิบูลสงคราม,4,09:00-16:00,1,0,0
พิบูลสงคราม,พิบูลสงคราม,4,09:00-17:00,0,0,1
พิบูลสงคราม,พิบูลสงคราม,4,16:00-19:00,1,0,0
พิบูลสงคราม,พิบูลสงคราม,4,17:00-19:00,0,0,1
พิบูลสงคราม,วงศ์สว่าง,1,07:00-09:00,0,1,0
พิบูลสงคราม,วงศ์สว่าง,1,09:00-16:00,0,1,0
พิบูลสงคราม,วงศ์สว่าง,1,16:00-19:00,0,1,0
พุทธบูชา-พุทธบูชา24,พุทธบูชา,4,07:00-09:00,0,0,1
พุทธบูชา-พุทธบูชา24,พุทธบูชา,4,09:00-17:00,0,0,1
พุทธบูชา-พุทธบูชา24,พุทธบูชา,4,17:00-19:00,0,0,1
พุทธบูชา-พุทธบูชา24,พุทธบูชา24,4,07:00-09:00,0,0,1
พุทธบูชา-พุทธบูชา24,พุทธบูชา24,4,09:00-17:00,0,0,1
พุทธบูชา-พุทธบูชา24,พุทธบูชา24,4,17:00-19:00,0,0,1
พุทธบูชา36-ซอยตำหนักเสด็จพ่อโกมินทร์,ซอยพุทธบูชา36,1,07:00-09:00,0,1,0
พุทธบูชา36-ซอยตำหนักเสด็จพ่อโกมินทร์,ซอยพุทธบูชา36,1,09:00-16:00,0,1,0
พุทธบูชา36-ซอยตำหนักเสด็จพ่อโกมินทร์,ซอยพุทธบูชา36,1,16:00-19:00,0,1,0
พุทธมณฑลสาย1-บางแวก,บางแวก,2,07:00-09:00,0,0,1
พุทธมณฑลสาย1-บางแวก,บางแวก,2,09:00-16:00,0,0,1
พุทธมณฑลสาย1-บางแวก,บางแวก,2,16:00-19:00,0,0,1
พุทธมณฑลสาย1-บางแวก,บางแวก,3,07:00-09:00,1,0,0
พุทธมณฑลสาย1-บางแวก,บางแวก,3,09:00-16:00,1,0,0
พุทธมณฑลสาย1-บางแวก,บางแวก,3,16:00-19:00,1,0,0
พุทธมณฑลสาย1-บางแวก,พุทธมณฑลสาย1,2,07:00-09:00,0,0,1
พุทธมณฑลสาย1-บางแวก,พุทธมณฑลสาย1,2,09:00-16:00,0,0,1
พุทธมณฑลสาย1-บางแวก,พุทธมณฑลสาย1,2,16:00-19:00,0,0,1
พุทธมณฑลสาย1-บางแวก,พุทธมณฑลสาย1,3,07:00-09:00,1,0,0
พุทธมณฑลสาย1-บางแวก,พุทธมณฑลสาย1,3,09:00-16:00,1,0,0
พุทธมณฑลสาย1-บางแวก,พุทธมณฑลสาย1,3,16:00-19:00,1,0,0
พุทธมณฑลสาย1-พรานนก-กาญจนาภิเษก,พรานนก-กาญจนาภิเษก,3,07:00-09:00,1,0,0
พุทธมณฑลสาย1-พรานนก-กาญจนาภิเษก,พรานนก-กาญจนาภิเษก,3,09:00-16:00,1,0,0
พุทธมณฑลสาย1-พรานนก-กาญจนาภิเษก,พรานนก-กาญจนาภิเษก,3,16:00-19:00,1,0,0
พุทธมณฑลสาย1-พรานนก-กาญจนาภิเษก,พุทธมณฑลสาย1,3,07:00-09:00,1,0,0
พุทธมณฑลสาย1-พรานนก-กาญจนาภิเษก,พุทธมณฑลสาย1,3,09:00-16:00,1,0,0
พุทธมณฑลสาย1-พรานนก-กาญจนาภิเษก,พุทธมณฑลสาย1,3,16:00-19:00,1,0,0
พุทธมณฑลสาย1-พรานนกกภาญจนาภิเษก,พรานนก-กาญจนาภิเษก,1,07:00-09:00,1,0,0
พุทธมณฑลสาย1-พรานนกกภาญจนาภิเษก,พรานนก-กาญจนาภิเษก,1,09:00-16:00,1,0,0
พุทธมณฑลสาย1-พรานนกกภาญจนาภิเษก,พรานนก-กาญจนาภิเษก,1,16:00-19:00,1,0,0
พุทธมณฑลสาย1-พรานนกกภาญจนาภิเษก,พุทธมณฑลสาย1,1,07:00-09:00,1,0,0
พุทธมณฑลสาย1-พรานนกกภาญจนาภิเษก,พุทธมณฑลสาย1,1,09:00-16:00,1,0,0
พุทธมณฑลสาย1-พรานนกกภาญจนาภิเษก,พุทธมณฑลสาย1,1,16:00-19:00,1,0,0
พุทธมณฑลสาย1-วัดอินทราวาส,พุทธมณฑลสาย1,2,07:00-09:00,1,0,0
พุทธมณฑลสาย1-วัดอินทราวาส,พุทธมณฑลสาย1,2,09:00-16:00,1,0,0
พุทธมณฑลสาย1-วัดอินทราวาส,พุทธมณฑลสาย1,2,16:00-19:00,1,0,0
พุทธมณฑลสาย2,ซอยเพชรเกษม55,2,07:00-09:00,1,1,0
พุทธมณฑลสาย2,ซอยเพชรเกษม55,2,09:00-16:00,1,1,0
พุทธมณฑลสาย2,ซอยเพชรเกษม55,2,16:00-19:00,1,1,0
พุทธมณฑลสาย2,ซอยเพชรเกษม55,4,07:00-09:00,1,0,0
พุทธมณฑลสาย2,ซอยเพชรเกษม55,4,09:00-16:00,1,0,0
พุทธมณฑลสาย2,ซอยเพชรเกษม55,4,16:00-19:00,1,0,0
พุทธมณฑลสาย2,พุทธมณฑลสาย2,2,07:00-09:00,1,1,1
พุทธมณฑลสาย2,พุทธมณฑลสาย2,2,09:00-16:00,1,1,1
พุทธมณฑลสาย2,พุทธมณฑลสาย2,2,16:00-19:00,1,1,1
พุทธมณฑลสาย2,พุทธมณฑลสาย2,3,07:00-09:00,0,0,1
พุทธมณฑลสาย2,พุทธมณฑลสาย2,3,09:00-17:00,0,0,1
พุทธมณฑลสาย2,พุทธมณฑลสาย2,3,17:00-19:00,0,0,1
พุทธมณฑลสาย2,พุทธมณฑลสาย2,4,07:00-09:00,1,0,0
พุทธมณฑลสาย2,พุทธมณฑลสาย2,4,09:00-16:00,1,0,0
พุทธมณฑลสาย2,พุทธมณฑลสาย2,4,16:00-19:00,1,0,0
พุทธมณฑลสาย2,เพชรเกษม,2,07:00-09:00,1,1,1
พุทธมณฑลสาย2,เพชรเกษม,2,09:00-16:00,1,1,1
พุทธมณฑลสาย2,เพชรเกษม,2,16:00-19:00,1,1,1
พุทธมณฑลสาย2,เพชรเกษม,3,07:00-09:00,0,0,1
พุทธมณฑลสาย2,เพชรเกษม,3,09:00-17:00,0,0,1
พุทธมณฑลสาย2,เพชรเกษม,3,17:00-19:00,0,0,1
พุทธมณฑลสาย2,เพชรเกษม,4,07:00-09:00,1,0,0
พุทธมณฑลสาย2,เพชรเกษม,4,09:00-16:00,1,0,0
พุทธมณฑลสาย2,เพชรเกษม,4,16:00-19:00,1,0,0
พุทธมณฑลสาย2,เพชรเกษม55,2,07:00-09:00,0,0,1
พุทธมณฑลสาย2,เพชรเกษม55,2,09:00-16:00,0,0,1
พุทธมณฑลสาย2,เพชรเกษม55,2,16:00-19:00,0,0,1
พุทธมณฑลสาย2,เพชรเกษม55,3,07:00-09:00,0,0,1
พุทธมณฑลสาย2,เพชรเกษม55,3,09:00-17:00,0,0,1
พุทธมณฑลสาย2,เพชรเกษม55,3,17:00-19:00,0,0,1
พุทธมณฑลสาย2-ซอยวัดบุณยประดิษฐ์,ซอยวัดบุณยประดิษฐ์,2,07:00-09:00,0,1,0
พุทธมณฑลสาย2-ซอยวัดบุณยประดิษฐ์,ซอยวัดบุณยประดิษฐ์,2,09:00-16:00,0,1,0
พุทธมณฑลสาย2-ซอยวัดบุณยประดิษฐ์,ซอยวัดบุณยประดิษฐ์,2,16:00-19:00,0,1,0
พุทธมณฑลสาย2-ซอยวัดบุณยประดิษฐ์,พุทธมณฑลสาย2,2,07:00-09:00,0,1,0
พุทธมณฑลสาย2-ซอยวัดบุณยประดิษฐ์,พุทธมณฑลสาย2,2,09:00-16:00,0,1,0
พุทธมณฑลสาย2-ซอยวัดบุณยประดิษฐ์,พุทธมณฑลสาย2,2,16:00-19:00,0,1,0
พุทธมณฑลสาย2-ซอยวัดบุณยประดิษฐ์,พุทธมณฑลสาย2ซอย10,2,07:00-09:00,0,1,0
พุทธมณฑลสาย2-ซอยวัดบุณยประดิษฐ์,พุทธมณฑลสาย2ซอย10,2,09:00-16:00,0,1,0
พุทธมณฑลสาย2-ซอยวัดบุณยประดิษฐ์,พุทธมณฑลสาย2ซอย10,2,16:00-19:00,0,1,0
พุทธมณฑลสาย2-ทางเข้าวัดบุณยประดิษฐ์,พุทธมณฑลสาย2,4,07:00-09:00,0,0,1
พุทธมณฑลสาย2-ทางเข้าวัดบุณยประดิษฐ์,พุทธมณฑลสาย2,4,09:00-17:00,0,0,1
พุทธมณฑลสาย2-ทางเข้าวัดบุณยประดิษฐ์,พุทธมณฑลสาย2,4,17:00-19:00,0,0,1
พุทธมณฑลสาย2-ทางเข้าวัดบุณยประดิษฐ์,พุทธมณฑลสาย2ซอย10,4,07:00-09:00,0,0,1
พุทธมณฑลสาย2-ทางเข้าวัดบุณยประดิษฐ์,พุทธมณฑลสาย2ซอย10,4,09:00-17:00,0,0,1
พุทธมณฑลสาย2-ทางเข้าวัดบุณยประดิษฐ์,พุทธมณฑลสาย2ซอย10,4,17:00-19:00,0,0,1
พุทธมณฑลสาย2-ทางเข้าวัดบุณยประดิษฐ์,วัดบุณยประดิษฐ์,4,07:00-09:00,0,0,1
พุทธมณฑลสาย2-ทางเข้าวัดบุณยประดิษฐ์,วัดบุณยประดิษฐ์,4,09:00-17:00,0,0,1
พุทธมณฑลสาย2-ทางเข้าวัดบุณยประดิษฐ์,วัดบุณยประดิษฐ์,4,17:00-19:00,0,0,1
พุทธมณฑลสาย2-บางแวก,บางแวก,2,07:00-09:00,0,1,0
พุทธมณฑลสาย2-บางแวก,บางแวก,2,09:00-16:00,0,1,0
พุทธมณฑลสาย2-บางแวก,บางแวก,2,16:00-19:00,0,1,0
พุทธมณฑลสาย2-บางแวก,บางแวก,3,07:00-09:00,0,0,1
พุทธมณฑลสาย2-บางแวก,บางแวก,3,09:00-17:00,0,0,1
พุทธมณฑลสาย2-บางแวก,บางแวก,3,17:00-19:00,0,0,1
พุทธมณฑลสาย2-บางแวก,พุทธมณฑลสาย2,2,07:00-09:00,0,1,0
พุทธมณฑลสาย2-บางแวก,พุทธมณฑลสาย2,2,09:00-16:00,0,1,0
พุทธมณฑลสาย2-บางแวก,พุทธมณฑลสาย2,2,16:00-19:00,0,1,0
พุทธมณฑลสาย2-บางแวก,พุทธมณฑลสาย2,3,07:00-09:00,0,0,1
พุทธมณฑลสาย2-บางแวก,พุทธมณฑลสาย2,3,09:00-17:00,0,0,1
พุทธมณฑลสาย2-บางแวก,พุทธมณฑลสาย2,3,17:00-19:00,0,0,1
พุทธมณฑลสาย2-สุขาภิบาลบางระมาด,พุทธมณฑลสาย2,1,07:00-09:00,0,0,1
พุทธมณฑลสาย2-สุขาภิบาลบางระมาด,พุทธมณฑลสาย2,1,09:00-17:00,0,0,1
พุทธมณฑลสาย2-สุขาภิบาลบางระมาด,พุทธมณฑลสาย2,1,17:00-19:00,0,0,1
พุทธมณฑลสาย2-สุขาภิบาลบางระมาด,สุขาภิบาลบางระมาด,1,07:00-09:00,0,0,1
พุทธมณฑลสาย2-สุขาภิบาลบางระมาด,สุขาภิบาลบางระมาด,1,09:00-17:00,0,0,1
พุทธมณฑลสาย2-สุขาภิบาลบางระมาด,สุขาภิบาลบางระมาด,1,17:00-19:00,0,0,1
พุทธมณฑลสาย2ซอย12,พุทธมณฑลสาย2,4,07:00-09:00,0,0,1
พุทธมณฑลสาย2ซอย12,พุทธมณฑลสาย2,4,09:00-16:00,0,0,1
พุทธมณฑลสาย2ซอย12,พุทธมณฑลสาย2,4,16:00-19:00,0,0,1
พุทธมณฑลสาย2ซอย12,พุทธมณฑลสาย2ซอย12,4,07:00-09:00,0,0,1
พุทธมณฑลสาย2ซอย12,พุทธมณฑลสาย2ซอย12,4,09:00-16:00,0,0,1
พุทธมณฑลสาย2ซอย12,พุทธมณฑลสาย2ซอย12,4,16:00-19:00,0,0,1
พุทธมณฑลสาย3,พุทธมณฑลสาย3,1,07:00-09:00,0,1,0
พุทธมณฑลสาย3,พุทธมณฑลสาย3,1,09:00-16:00,0,1,0
พุทธมณฑลสาย3,พุทธมณฑลสาย3,1,16:00-19:00,0,1,0
พุทธมณฑลสาย3,พุทธมณฑลสาย3,2,07:00-09:00,0,0,1
พุทธมณฑลสาย3,พุทธมณฑลสาย3,2,09:00-17:00,0,0,1
พุทธมณฑลสาย3,พุทธมณฑลสาย3,2,17:00-19:00,0,0,1
พุทธมณฑลสาย3,พุทธมณฑลสาย3,3,07:00-09:00,2,0,0
พุทธมณฑลสาย3,พุทธมณฑลสาย3,3,09:00-16:00,2,0,0
พุทธมณฑลสาย3,พุทธมณฑลสาย3,3,16:00-19:00,2,0,0
พุทธมณฑลสาย3,เพชรเกษม,1,07:00-09:00,0,1,0
พุทธมณฑลสาย3,เพชรเกษม,1,09:00-16:00,0,1,0
พุทธมณฑลสาย3,เพชรเกษม,1,16:00-19:00,0,1,0
พุทธมณฑลสาย3,เพชรเกษม,2,07:00-09:00,0,0,1
พุทธมณฑลสาย3,เพชรเกษม,2,09:00-17:00,0,0,1
พุทธมณฑลสาย3,เพชรเกษม,2,17:00-19:00,0,0,1
พุทธมณฑลสาย3,เพชรเกษม,3,07:00-09:00,2,0,0
พุทธมณฑลสาย3,เพชรเกษม,3,09:00-16:00,2,0,0
พุทธมณฑลสาย3,เพชรเกษม,3,16:00-19:00,2,0,0
พุทธมณฑลสาย3-ซอยศาลาธรรมสพน์,ซอยศาลาธรรมสพน์,1,07:00-09:00,1,0,0
พุทธมณฑลสาย3-ซอยศาลาธรรมสพน์,ซอยศาลาธรรมสพน์,1,09:00-16:00,1,0,0
พุทธมณฑลสาย3-ซอยศาลาธรรมสพน์,ซอยศาลาธรรมสพน์,1,16:00-19:00,1,0,0
พุทธมณฑลสาย3-ซอยศาลาธรรมสพน์,พุทธมณฑลสาย3,1,07:00-09:00,1,0,0
พุทธมณฑลสาย3-ซอยศาลาธรรมสพน์,พุทธมณฑลสาย3,1,09:00-16:00,1,0,0
พุทธมณฑลสาย3-ซอยศาลาธรรมสพน์,พุทธมณฑลสาย3,1,16:00-19:00,1,0,0
พุทธมณฑลสาย3-ถ.อุทยาน,พุทธมณฑลสาย3,1,07:00-09:00,0,1,0
พุทธมณฑลสาย3-ถ.อุทยาน,พุทธมณฑลสาย3,1,09:00-16:00,0,1,0
พุทธมณฑลสาย3-ถ.อุทยาน,พุทธมณฑลสาย3,1,16:00-19:00,0,1,0
พุทธมณฑลสาย3-ถ.อุทยาน,พุทธมณฑลสาย3,4,07:00-09:00,1,0,0
พุทธมณฑลสาย3-ถ.อุทยาน,พุทธมณฑลสาย3,4,09:00-16:00,1,0,0
พุทธมณฑลสาย3-ถ.อุทยาน,พุทธมณฑลสาย3,4,16:00-19:00,1,0,0
พุทธมณฑลสาย3-ถ.อุทยาน,อุทยาน,1,07:00-09:00,0,1,0
พุทธมณฑลสาย3-ถ.อุทยาน,อุทยาน,1,09:00-16:00,0,1,0
พุทธมณฑลสาย3-ถ.อุทยาน,อุทยาน,1,16:00-19:00,0,1,0
พุทธมณฑลสาย3-ถ.อุทยาน,อุทยาน,4,07:00-09:00,1,0,0
พุทธมณฑลสาย3-ถ.อุทยาน,อุทยาน,4,09:00-16:00,1,0,0
พุทธมณฑลสาย3-ถ.อุทยาน,อุทยาน,4,16:00-19:00,1,0,0
พุทธมณฑลสาย3-อุทยาน,พุทธมณฑลสาย3,1,07:00-09:00,0,0,1
พุทธมณฑลสาย3-อุทยาน,พุทธมณฑลสาย3,1,09:00-16:00,0,0,1
พุทธมณฑลสาย3-อุทยาน,พุทธมณฑลสาย3,1,16:00-19:00,0,0,1
พุทธมณฑลสาย3-อุทยาน,พุทธมณฑลสาย3,3,07:00-09:00,0,0,1
พุทธมณฑลสาย3-อุทยาน,พุทธมณฑลสาย3,3,09:00-17:00,0,0,1
พุทธมณฑลสาย3-อุทยาน,พุทธมณฑลสาย3,3,17:00-19:00,0,0,1
พุทธมณฑลสาย3-อุทยาน,อุทยาน,1,07:00-09:00,0,0,1
พุทธมณฑลสาย3-อุทยาน,อุทยาน,1,09:00-16:00,0,0,1
พุทธมณฑลสาย3-อุทยาน,อุทยาน,1,16:00-19:00,0,0,1
พุทธมณฑลสาย3-อุทยาน,อุทยาน,3,07:00-09:00,0,0,1
พุทธมณฑลสาย3-อุทยาน,อุทยาน,3,09:00-17:00,0,0,1
ภาวนา,ซอยลาดพราว37,1,07:00-09:00,1,0,0
ภาวนา,ซอยลาดพราว37,1,09:00-16:00,1,0,0
ภาวนา,ซอยลาดพราว37,1,16:00-19:00,1,0,0
ภาวนา,ซอยลาดพร้าว37,3,07:00-09:00,1,0,0
ภาวนา,ซอยลาดพร้าว37,3,09:00-16:00,1,0,0
ภาวนา,ซอยลาดพร้าว37,3,16:00-19:00,1,0,0
ภาวนา,ซอยลาดพร้าว41,1,07:00-09:00,1,0,0
ภาวนา,ซอยลาดพร้าว41,1,09:00-16:00,1,0,0
ภาวนา,ซอยลาดพร้าว41,1,16:00-19:00,1,0,0
ภาวนา,ซอยลาดพร้าว41,3,07:00-09:00,1,0,0
ภาวนา,ซอยลาดพร้าว41,3,09:00-16:00,1,0,0
ภาวนา,ซอยลาดพร้าว41,3,16:00-19:00,1,0,0
ภาวนา,ซอยลาดพร้าว44,1,07:00-09:00,1,0,0
ภาวนา,ซอยลาดพร้าว44,1,09:00-16:00,1,0,0
ภาวนา,ซอยลาดพร้าว44,1,16:00-19:00,1,0,0
ภาวนา,ซอยลาดพร้าว44,3,07:00-09:00,1,0,0
ภาวนา,ซอยลาดพร้าว44,3,09:00-16:00,1,0,0
ภาวนา,ซอยลาดพร้าว44,3,16:00-19:00,1,0,0
ภาวนา,ถนนลาดพร้าว,1,07:00-09:00,1,0,0
ภาวนา,ถนนลาดพร้าว,1,09:00-16:00,1,0,0
ภาวนา,ถนนลาดพร้าว,1,16:00-19:00,1,0,0
ภาวนา,ลาดพร้าว,3,07:00-09:00,1,0,0
ภาวนา,ลาดพร้าว,3,09:00-16:00,1,0,0
ภาวนา,ลาดพร้าว,3,16:00-19:00,1,0,0
ภาวนา,ลาดพร้าว,4,07:00-09:00,0,0,1
ภาวนา,ลาดพร้าว,4,09:00-16:00,0,0,1
ภาวนา,ลาดพร้าว,4,16:00-19:00,0,0,1
ภาวนา,ลาดพร้าว37,4,07:00-09:00,0,0,1
ภาวนา,ลาดพร้าว37,4,09:00-16:00,0,0,1
ภาวนา,ลาดพร้าว37,4,16:00-19:00,0,0,1
ภาวนา,ลาดพร้าว41,4,07:00-09:00,0,0,1
ภาวนา,ลาดพร้าว41,4,09:00-16:00,0,0,1
ภาวนา,ลาดพร้าว41,4,16:00-19:00,0,0,1
ภาวนา,ลาดพร้าว44,4,07:00-09:00,0,0,1
ภาวนา,ลาดพร้าว44,4,09:00-16:00,0,0,1
ภาวนา,ลาดพร้าว44,4,16:00-19:00,0,0,1
ม.หอการค้าไทย,วิภาวดีรังสิต,3,07:00-09:00,0,1,0
ม.หอการค้าไทย,วิภาวดีรังสิต,3,09:00-16:00,0,1,0
ม.หอการค้าไทย,วิภาวดีรังสิต,3,16:00-19:00,0,1,0
มหานคร,จารุเมือง,2,07:00-09:00,0,0,1
มหานคร,จารุเมือง,2,09:00-17:00,0,0,1
มหานคร,จารุเมือง,2,17:00-19:00,0,0,1
มหานคร,จารุเมือง,4,07:00-09:00,1,0,1
มหานคร,จารุเมือง,4,09:00-16:00,1,0,1
มหานคร,จารุเมือง,4,16:00-19:00,1,0,1
มหานคร,พระรามที่4,2,07:00-09:00,0,0,1
มหานคร,พระรามที่4,2,09:00-17:00,0,0,1
มหานคร,พระรามที่4,2,17:00-19:00,0,0,1
มหานคร,พระรามที่4,4,07:00-09:00,1,0,1
มหานคร,พระรามที่4,4,09:00-16:00,1,0,1
มหานคร,พระรามที่4,4,16:00-19:00,1,0,1
มหานคร,มหานคร,2,07:00-09:00,0,0,1
มหานคร,มหานคร,2,09:00-17:00,0,0,1
มหานคร,มหานคร,2,17:00-19:00,0,0,1
มหานคร,มหานคร,4,07:00-09:00,1,0,1
มหานคร,มหานคร,4,09:00-16:00,1,0,1
มหานคร,มหานคร,4,16:00-19:00,1,0,1
มหานคร-สี่พระยา,มหานคร,1,07:00-09:00,0,0,1
มหานคร-สี่พระยา,มหานคร,1,09:00-17:00,0,0,1
มหานคร-สี่พระยา,มหานคร,1,17:00-19:00,0,0,1
มหานคร-สี่พระยา,มหาเศรษฐ์,1,07:00-09:00,0,0,1
มหานคร-สี่พระยา,มหาเศรษฐ์,1,09:00-17:00,0,0,1
มหานคร-สี่พระยา,มหาเศรษฐ์,1,17:00-19:00,0,0,1
มหานคร-สี่พระยา,สี่พระยา,1,07:00-09:00,0,0,1
มหานคร-สี่พระยา,สี่พระยา,1,09:00-17:00,0,0,1
มหานคร-สี่พระยา,สี่พระยา,1,17:00-19:00,0,0,1
มหาวิทยาลัยกรุงเทพ,ซอยบ้านกล้วยใต้(สุขุมวิท42),2,07:00-09:00,1,0,0
มหาวิทยาลัยกรุงเทพ,ซอยบ้านกล้วยใต้(สุขุมวิท42),2,09:00-16:00,1,0,0
มหาวิทยาลัยกรุงเทพ,ซอยบ้านกล้วยใต้(สุขุมวิท42),2,16:00-19:00,1,0,0
มหาวิทยาลัยกรุงเทพ,ซอยมหาวิทยาลัยกรุงเทพ,2,07:00-09:00,1,0,0
มหาวิทยาลัยกรุงเทพ,ซอยมหาวิทยาลัยกรุงเทพ,2,09:00-16:00,1,0,0
มหาวิทยาลัยกรุงเทพ,ซอยมหาวิทยาลัยกรุงเทพ,2,16:00-19:00,1,0,0
มหาวิทยาลัยกรุงเทพ,พระรามที่4,2,07:00-09:00,1,0,1
มหาวิทยาลัยกรุงเทพ,พระรามที่4,2,09:00-16:00,1,0,1
มหาวิทยาลัยกรุงเทพ,พระรามที่4,2,16:00-19:00,1,0,1
มหาวิทยาลัยกรุงเทพ,ม.กรุงเทพฯ,2,07:00-09:00,0,0,1
มหาวิทยาลัยกรุงเทพ,ม.กรุงเทพฯ,2,09:00-16:00,0,0,1
มหาวิทยาลัยกรุงเทพ,ม.กรุงเทพฯ,2,16:00-19:00,0,0,1
มหาวิทยาลัยกรุงเทพ,สุขุมวิท42,2,07:00-09:00,0,0,1
มหาวิทยาลัยกรุงเทพ,สุขุมวิท42,2,09:00-16:00,0,0,1
มหาวิทยาลัยกรุงเทพ,สุขุมวิท42,2,16:00-19:00,0,0,1
มหาไชย-ศิริชัย,มหาไชย,3,07:00-09:00,0,1,0
มหาไชย-ศิริชัย,มหาไชย,3,09:00-16:00,0,1,0
มหาไชย-ศิริชัย,มหาไชย,3,16:00-19:00,0,1,0
มหาไชย-สำราญราษฎร์,มหาไชย,3,07:00-09:00,1,0,0
มหาไชย-สำราญราษฎร์,มหาไชย,3,09:00-16:00,1,0,0
มหาไชย-สำราญราษฎร์,มหาไชย,3,16:00-19:00,1,0,0
มักกะสัน,นิคมมักกะสัน,2,07:00-09:00,0,0,2
มักกะสัน,นิคมมักกะสัน,2,09:00-17:00,0,0,2
มักกะสัน,นิคมมักกะสัน,2,17:00-19:00,0,0,2
มักกะสัน,ราชปรารภ,2,07:00-09:00,0,0,2
มักกะสัน,ราชปรารภ,2,09:00-17:00,0,0,2
มักกะสัน,ราชปรารภ,2,17:00-19:00,0,0,2
มัฆวาน,กรุงเกษม,1,07:00-09:00,0,0,1
มัฆวาน,กรุงเกษม,1,09:00-16:00,0,0,1
มัฆวาน,กรุงเกษม,1,16:00-19:00,0,0,1
มัฆวาน,กรุงเกษม,2,07:00-09:00,0,1,0
มัฆวาน,กรุงเกษม,2,09:00-16:00,0,1,0
มัฆวาน,กรุงเกษม,2,16:00-19:00,0,1,0
มัฆวาน,กรุงเกษม,4,07:00-09:00,1,0,1
มัฆวาน,กรุงเกษม,4,09:00-16:00,1,0,0
มัฆวาน,กรุงเกษม,4,09:00-17:00,0,0,1
มัฆวาน,กรุงเกษม,4,16:00-19:00,1,0,0
มัฆวาน,กรุงเกษม,4,17:00-19:00,0,0,1
มัฆวาน,ราชดำเนิน,1,07:00-09:00,0,0,1
มัฆวาน,ราชดำเนิน,1,09:00-16:00,0,0,1
มัฆวาน,ราชดำเนิน,1,16:00-19:00,0,0,1
มัฆวาน,ราชดำเนินนอก,2,06:30-09:00,0,1,0
มัฆวาน,ราชดำเนินนอก,2,09:00-16:00,0,1,0
มัฆวาน,ราชดำเนินนอก,2,16:00-19:30,0,1,0
มัฆวาน,ราชดำเนินนอก,4,07:00-09:00,1,0,1
มัฆวาน,ราชดำเนินนอก,4,09:00-16:00,1,0,0
มัฆวาน,ราชดำเนินนอก,4,09:00-17:00,0,0,1
มัฆวาน,ราชดำเนินนอก,4,16:00-19:00,1,0,0
มัฆวาน,ราชดำเนินนอก,4,17:00-19:00,0,0,1
มัยลาภ,ซอยรามอยินทรา14(ซอยมัยลาภ),3,07:00-09:00,1,0,0
มัยลาภ,ซอยรามอยินทรา14(ซอยมัยลาภ),3,09:00-16:00,1,0,0
มัยลาภ,ซอยรามอยินทรา14(ซอยมัยลาภ),3,16:00-19:00,1,0,0
มัยลาภ,รามอินทรา,3,07:00-09:00,1,0,1
มัยลาภ,รามอินทรา,3,09:00-16:00,1,0,0
มัยลาภ,รามอินทรา,3,09:00-17:00,0,0,1
มัยลาภ,รามอินทรา,3,16:00-19:00,1,0,0
มัยลาภ,รามอินทรา,3,17:00-19:00,0,0,1
มัยลาภ,รามอินทรา14,3,07:00-09:00,0,0,1
มัยลาภ,รามอินทรา14,3,09:00-17:00,0,0,1
มัยลาภ,รามอินทรา14,3,17:00-19:00,0,0,1
มิตรสัมพันธ์,นิคมมักกะสัน,2,06:30-09:00,0,1,0
มิตรสัมพันธ์,นิคมมักกะสัน,2,07:00-09:00,0,1,0
มิตรสัมพันธ์,นิคมมักกะสัน,2,09:00-16:00,0,2,0
มิตรสัมพันธ์,นิคมมักกะสัน,2,16:00-19:00,0,1,0
มิตรสัมพันธ์,นิคมมักกะสัน,2,16:00-19:30,0,1,0
มิตรสัมพันธ์,นิคมมักกะสัน,3,07:00-09:00,1,0,1
มิตรสัมพันธ์,นิคมมักกะสัน,3,09:00-16:00,1,0,0
มิตรสัมพันธ์,นิคมมักกะสัน,3,09:00-17:00,0,0,1
มิตรสัมพันธ์,นิคมมักกะสัน,3,16:00-19:00,1,0,0
มิตรสัมพันธ์,นิคมมักกะสัน,3,17:00-19:00,0,0,1
มิตรสัมพันธ์,มักกะสัน,2,07:00-09:00,0,0,1
มิตรสัมพันธ์,มักกะสัน,2,09:00-17:00,0,0,1
มิตรสัมพันธ์,มักกะสัน,2,17:00-19:00,0,0,1
มิตรสัมพันธ์,เพชรบุรี,2,06:30-09:00,0,1,0
มิตรสัมพันธ์,เพชรบุรี,2,07:00-09:00,0,1,1
มิตรสัมพันธ์,เพชรบุรี,2,09:00-16:00,0,2,0
มิตรสัมพันธ์,เพชรบุรี,2,09:00-17:00,0,0,1
มิตรสัมพันธ์,เพชรบุรี,2,16:00-19:00,0,2,0
มิตรสัมพันธ์,เพชรบุรี,2,17:00-19:00,0,0,1
มิตรสัมพันธ์,เพชรบุรี,3,07:00-09:00,1,0,1
มิตรสัมพันธ์,เพชรบุรี,3,09:00-16:00,1,0,0
มิตรสัมพันธ์,เพชรบุรี,3,09:00-17:00,0,0,1
มิตรสัมพันธ์,เพชรบุรี,3,16:00-19:00,1,0,0
มิตรสัมพันธ์,เพชรบุรี,3,17:00-19:00,0,0,1
มิตรไมตรี-มิตรไมตรี,มิตรไมตรี(EB-WB),1,07:00-09:00,0,2,0
มิตรไมตรี-มิตรไมตรี,มิตรไมตรี(EB-WB),1,09:00-16:00,0,2,0
มิตรไมตรี-มิตรไมตรี,มิตรไมตรี(EB-WB),1,16:00-19:00,0,2,0
มิตรไมตรี-มิตรไมตรี,มิตรไมตรี(NB),1,07:00-09:00,0,2,0
มิตรไมตรี-มิตรไมตรี,มิตรไมตรี(NB),1,09:00-16:00,0,2,0
มิตรไมตรี-มิตรไมตรี,มิตรไมตรี(NB),1,16:00-19:00,0,2,0
มิตรไมตรี-มิตรไมตรี1,มิตรไมตรี,1,06:30-09:00,5,1,0
มิตรไมตรี-มิตรไมตรี1,มิตรไมตรี,1,09:00-16:00,5,1,0
มิตรไมตรี-มิตรไมตรี1,มิตรไมตรี,1,16:00-19:30,5,1,0
มิตรไมตรี-มิตรไมตรี1,มิตรไมตรี,2,07:00-09:00,0,0,1
มิตรไมตรี-มิตรไมตรี1,มิตรไมตรี,2,09:00-16:00,0,0,1
มิตรไมตรี-มิตรไมตรี1,มิตรไมตรี,2,16:00-19:00,0,0,1
มิตรไมตรี-มิตรไมตรี1,มิตรไมตรี1,1,06:30-09:00,5,1,0
มิตรไมตรี-มิตรไมตรี1,มิตรไมตรี1,1,09:00-16:00,5,1,0
มิตรไมตรี-มิตรไมตรี1,มิตรไมตรี1,1,16:00-19:30,5,1,0
มิตรไมตรี-มิตรไมตรี1,มิตรไมตรี1,2,07:00-09:00,0,0,1
มิตรไมตรี-มิตรไมตรี1,มิตรไมตรี1,2,09:00-16:00,0,0,1
มิตรไมตรี-มิตรไมตรี1,มิตรไมตรี1,2,16:00-19:00,0,0,1
มิตรไมตรี-มิตรไมตรี12/2,มิตรไมตรี,2,07:00-09:00,0,0,1
มิตรไมตรี-มิตรไมตรี12/2,มิตรไมตรี,2,09:00-17:00,0,0,1
มิตรไมตรี-มิตรไมตรี12/2,มิตรไมตรี,2,17:00-19:00,0,0,1
มิตรไมตรี-มิตรไมตรี12/2,มิตรไมตรี12/2,2,07:00-09:00,0,0,1
มิตรไมตรี-มิตรไมตรี12/2,มิตรไมตรี12/2,2,09:00-17:00,0,0,1
มิตรไมตรี-มิตรไมตรี12/2,มิตรไมตรี12/2,2,17:00-19:00,0,0,1
มิตรไมตรี-มิตรไมตรี2,มิตรไมตรี,1,06:30-09:00,4,1,0
มิตรไมตรี-มิตรไมตรี2,มิตรไมตรี,1,07:00-09:00,0,2,0
มิตรไมตรี-มิตรไมตรี2,มิตรไมตรี,1,09:00-16:00,4,3,0
มิตรไมตรี-มิตรไมตรี2,มิตรไมตรี,1,16:00-19:00,0,2,0
มิตรไมตรี-มิตรไมตรี2,มิตรไมตรี,1,16:00-19:30,4,1,0
มิตรไมตรี-มิตรไมตรี2,มิตรไมตรี,2,07:00-09:00,0,0,2
มิตรไมตรี-มิตรไมตรี2,มิตรไมตรี,2,09:00-16:00,0,0,1
มิตรไมตรี-มิตรไมตรี2,มิตรไมตรี,2,09:00-17:00,0,0,1
มิตรไมตรี-มิตรไมตรี2,มิตรไมตรี,2,16:00-19:00,0,0,1
มิตรไมตรี-มิตรไมตรี2,มิตรไมตรี,2,17:00-19:00,0,0,1
มิตรไมตรี-มิตรไมตรี2,มิตรไมตรี,3,07:00-09:00,2,0,1
มิตรไมตรี-มิตรไมตรี2,มิตรไมตรี,3,09:00-16:00,2,0,0
มิตรไมตรี-มิตรไมตรี2,มิตรไมตรี,3,09:00-17:00,0,0,1
มิตรไมตรี-มิตรไมตรี2,มิตรไมตรี,3,16:00-19:00,2,0,0
มิตรไมตรี-มิตรไมตรี2,มิตรไมตรี,3,17:00-19:00,0,0,1
มิตรไมตรี-มิตรไมตรี2,มิตรไมตรี,4,07:00-09:00,0,1,0
มิตรไมตรี-มิตรไมตรี2,มิตรไมตรี,4,09:00-16:00,0,1,0
มิตรไมตรี-มิตรไมตรี2,มิตรไมตรี,4,16:00-19:00,0,1,0
มิตรไมตรี-มิตรไมตรี2,มิตรไมตรี2,1,06:30-09:00,4,1,0
มิตรไมตรี-มิตรไมตรี2,มิตรไมตรี2,1,07:00-09:00,0,2,0
มิตรไมตรี-มิตรไมตรี2,มิตรไมตรี2,1,09:00-16:00,4,3,0
มิตรไมตรี-มิตรไมตรี2,มิตรไมตรี2,1,16:00-19:00,0,2,0
มิตรไมตรี-มิตรไมตรี2,มิตรไมตรี2,1,16:00-19:30,4,1,0
มิตรไมตรี-มิตรไมตรี2,มิตรไมตรี2,2,07:00-09:00,0,0,2
มิตรไมตรี-มิตรไมตรี2,มิตรไมตรี2,2,09:00-16:00,0,0,1
มิตรไมตรี-มิตรไมตรี2,มิตรไมตรี2,2,09:00-17:00,0,0,1
มิตรไมตรี-มิตรไมตรี2,มิตรไมตรี2,2,16:00-19:00,0,0,1
มิตรไมตรี-มิตรไมตรี2,มิตรไมตรี2,2,17:00-19:00,0,0,1
มิตรไมตรี-มิตรไมตรี2,มิตรไมตรี2,3,07:00-09:00,2,0,1
มิตรไมตรี-มิตรไมตรี2,มิตรไมตรี2,3,09:00-16:00,2,0,0
มิตรไมตรี-มิตรไมตรี2,มิตรไมตรี2,3,09:00-17:00,0,0,1
มิตรไมตรี-มิตรไมตรี2,มิตรไมตรี2,3,16:00-19:00,2,0,0
มิตรไมตรี-มิตรไมตรี2,มิตรไมตรี2,3,17:00-19:00,0,0,1
มิตรไมตรี-มิตรไมตรี2,มิตรไมตรี2,4,07:00-09:00,0,1,0
มิตรไมตรี-มิตรไมตรี2,มิตรไมตรี2,4,09:00-16:00,0,1,0
มิตรไมตรี-มิตรไมตรี2,มิตรไมตรี2,4,16:00-19:00,0,1,0
มิตรไมตรี-มิตรไมตรี3,มิตรไมตรี,3,07:00-09:00,0,0,1
มิตรไมตรี-มิตรไมตรี3,มิตรไมตรี,3,09:00-16:00,0,0,1
มิตรไมตรี-มิตรไมตรี3,มิตรไมตรี,3,16:00-19:00,0,0,1
มิตรไมตรี-มิตรไมตรี3,มิตรไมตรี3,3,07:00-09:00,0,0,1
มิตรไมตรี-มิตรไมตรี3,มิตรไมตรี3,3,09:00-16:00,0,0,1
มิตรไมตรี-มิตรไมตรี3,มิตรไมตรี3,3,16:00-19:00,0,0,1
มิตรไมตรี-มิตรไมตรี3-มิตรไมตรี4,มิตรไมตรี,2,07:00-09:00,0,0,1
มิตรไมตรี-มิตรไมตรี3-มิตรไมตรี4,มิตรไมตรี,2,09:00-17:00,0,0,1
มิตรไมตรี-มิตรไมตรี3-มิตรไมตรี4,มิตรไมตรี,2,17:00-19:00,0,0,1
มิตรไมตรี-มิตรไมตรี3-มิตรไมตรี4,มิตรไมตรี3,2,07:00-09:00,0,0,1
มิตรไมตรี-มิตรไมตรี3-มิตรไมตรี4,มิตรไมตรี3,2,09:00-17:00,0,0,1
มิตรไมตรี-มิตรไมตรี3-มิตรไมตรี4,มิตรไมตรี3,2,17:00-19:00,0,0,1
มิตรไมตรี-มิตรไมตรี3-มิตรไมตรี4,มิตรไมตรี4,2,07:00-09:00,0,0,1
มิตรไมตรี-มิตรไมตรี3-มิตรไมตรี4,มิตรไมตรี4,2,09:00-17:00,0,0,1
มิตรไมตรี-มิตรไมตรี3-มิตรไมตรี4,มิตรไมตรี4,2,17:00-19:00,0,0,1
มิตรไมตรี-สกุลดี,ประชาสำราญ,3,07:00-09:00,0,0,1
มิตรไมตรี-สกุลดี,ประชาสำราญ,3,09:00-16:00,0,0,1
มิตรไมตรี-สกุลดี,ประชาสำราญ,3,16:00-19:00,0,0,1
มิตรไมตรี-สกุลดี,มิตรไมตรี,3,07:00-09:00,0,0,1
มิตรไมตรี-สกุลดี,มิตรไมตรี,3,09:00-16:00,0,0,1
มิตรไมตรี-สกุลดี,มิตรไมตรี,3,16:00-19:00,0,0,1
มิตรไมตรี-สกุลดี,สกุลดี,3,07:00-09:00,0,0,1
มิตรไมตรี-สกุลดี,สกุลดี,3,09:00-16:00,0,0,1
มิตรไมตรี-สกุลดี,สกุลดี,3,16:00-19:00,0,0,1
มิตรไมตรี3-มิตรไมตรี4,มิตรไมตรี,1,07:00-09:00,0,0,1
มิตรไมตรี3-มิตรไมตรี4,มิตรไมตรี,1,09:00-17:00,0,0,1
มิตรไมตรี3-มิตรไมตรี4,มิตรไมตรี,1,17:00-19:00,0,0,1
มิตรไมตรี3-มิตรไมตรี4,มิตรไมตรี3,1,07:00-09:00,0,0,1
มิตรไมตรี3-มิตรไมตรี4,มิตรไมตรี3,1,09:00-17:00,0,0,1
มิตรไมตรี3-มิตรไมตรี4,มิตรไมตรี3,1,17:00-19:00,0,0,1
มิตรไมตรี3-มิตรไมตรี4,มิตรไมตรี4,1,07:00-09:00,0,0,1
มิตรไมตรี3-มิตรไมตรี4,มิตรไมตรี4,1,09:00-17:00,0,0,1
มิตรไมตรี3-มิตรไมตรี4,มิตรไมตรี4,1,17:00-19:00,0,0,1
มิสทีน,รามคำแหง,2,07:00-09:00,0,0,2
มิสทีน,รามคำแหง,2,09:00-16:00,0,0,1
มิสทีน,รามคำแหง,2,09:00-17:00,0,0,1
มิสทีน,รามคำแหง,2,17:00-19:00,0,0,1
มิสทีน,รามคำแหง,4,07:00-09:00,1,0,0
มิสทีน,รามคำแหง,4,09:00-16:00,1,0,0
มิสทีน,รามคำแหง,4,16:00-19:00,1,0,0
มิสทีน,ราษฎร์พัฒนา,2,07:00-09:00,0,0,2
มิสทีน,ราษฎร์พัฒนา,2,09:00-16:00,0,0,1
มิสทีน,ราษฎร์พัฒนา,2,09:00-17:00,0,0,1
มิสทีน,ราษฎร์พัฒนา,2,16:00-19:00,0,0,1
มิสทีน,ราษฎร์พัฒนา,2,17:00-19:00,0,0,1
มิสทีน,ราษฎร์พัฒนา,4,07:00-09:00,1,0,0
มิสทีน,ราษฎร์พัฒนา,4,09:00-16:00,1,0,0
มิสทีน,ราษฎร์พัฒนา,4,16:00-19:00,1,0,0
มเหสักข์,มหาเศรษฐ์,1,09:00-17:00,0,0,1
มเหสักข์,มหาเศรษฐ์,1,17:00-19:00,0,0,1
มเหสักข์,มเหสักข์,1,09:00-17:00,0,0,1
มเหสักข์,มเหสักข์,1,17:00-19:00,0,0,1
มเหสักข์,มเหสักข์,2,07:00-09:00,1,0,0
มเหสักข์,มเหสักข์,2,09:00-16:00,1,0,0
มเหสักข์,มเหสักข์,2,16:00-19:00,1,0,0
มเหสักข์,สีลม,2,07:00-09:00,1,0,0
มเหสักข์,สีลม,2,09:00-16:00,1,0,0
มเหสักข์,สีลม,2,16:00-19:00,1,0,0
มเหสักข์,สุรวงศ์,1,07:00-09:00,0,0,1
มเหสักข์,สุรวงศ์,1,09:00-17:00,0,0,1
มเหสักข์,สุรวงศ์,1,17:00-19:00,0,0,1
มเหสักข์,สุรศักดิ์,2,07:00-09:00,1,0,0
มเหสักข์,สุรศักดิ์,2,09:00-16:00,1,0,0
มเหสักข์,สุรศักดิ์,2,16:00-19:00,1,0,0
มไหสวรรย์,มไหสวรรย์,1,07:00-09:00,0,0,1
มไหสวรรย์,มไหสวรรย์,1,09:00-16:00,0,0,1
มไหสวรรย์,มไหสวรรย์,1,16:00-19:00,0,0,1
มไหสวรรย์,มไหสวรรย์,3,07:00-09:00,2,0,0
มไหสวรรย์,มไหสวรรย์,3,09:00-16:00,2,0,0
มไหสวรรย์,มไหสวรรย์,3,16:00-19:00,2,0,0
มไหสวรรย์,มไหสวรรย์,4,07:00-09:00,0,1,2
มไหสวรรย์,มไหสวรรย์,4,09:00-16:00,0,1,0
มไหสวรรย์,มไหสวรรย์,4,09:00-17:00,0,0,2
มไหสวรรย์,มไหสวรรย์,4,16:00-19:00,0,1,0
มไหสวรรย์,มไหสวรรย์,4,17:00-19:00,0,0,2
มไหสวรรย์,รัชดาภิเษก,3,07:00-09:00,2,0,0
มไหสวรรย์,รัชดาภิเษก,3,09:00-16:00,2,0,0
มไหสวรรย์,รัชดาภิเษก,3,16:00-19:00,2,0,0
มไหสวรรย์,รัชดาภิเษก,4,07:00-09:00,0,1,2
มไหสวรรย์,รัชดาภิเษก,4,09:00-16:00,0,1,0
มไหสวรรย์,รัชดาภิเษก,4,09:00-17:00,0,0,2
มไหสวรรย์,รัชดาภิเษก,4,16:00-19:00,0,1,0
มไหสวรรย์,รัชดาภิเษก,4,17:00-19:00,0,0,2
มไหสวรรย์,สมเดจ็พระเจ้าตากสิน,4,07:00-09:00,0,1,0
มไหสวรรย์,สมเดจ็พระเจ้าตากสิน,4,09:00-16:00,0,1,0
มไหสวรรย์,สมเดจ็พระเจ้าตากสิน,4,16:00-19:00,0,1,0
มไหสวรรย์,สมเด็จพระเจ้าตากสิน,1,07:00-09:00,0,0,1
มไหสวรรย์,สมเด็จพระเจ้าตากสิน,1,09:00-16:00,0,0,1
มไหสวรรย์,สมเด็จพระเจ้าตากสิน,1,16:00-19:00,0,0,1
มไหสวรรย์,สมเด็จพระเจ้าตากสิน,3,07:00-09:00,2,0,0
มไหสวรรย์,สมเด็จพระเจ้าตากสิน,3,09:00-16:00,2,0,0
มไหสวรรย์,สมเด็จพระเจ้าตากสิน,3,16:00-19:00,2,0,0
มไหสวรรย์,สมเด็จพระเจ้าตากสิน,4,07:00-09:00,0,0,2
มไหสวรรย์,สมเด็จพระเจ้าตากสิน,4,09:00-17:00,0,0,2
มไหสวรรย์,สมเด็จพระเจ้าตากสิน,4,17:00-19:00,0,0,2
ยมราช,พิษณุโลก,1,07:00-09:00,0,1,0
ยมราช,พิษณุโลก,1,09:00-16:00,0,1,0
ยมราช,พิษณุโลก,1,16:00-19:00,0,1,0
ยมราช,พิษณุโลก,2,07:00-09:00,0,0,2
ยมราช,พิษณุโลก,2,09:00-16:00,0,0,1
ยมราช,พิษณุโลก,2,09:00-17:00,0,0,1
ยมราช,พิษณุโลก,2,16:00-19:00,0,0,1
ยมราช,พิษณุโลก,2,17:00-19:00,0,0,1
ยมราช,พิษณุโลก,3,07:00-09:00,1,0,1
ยมราช,พิษณุโลก,3,09:00-16:00,1,0,0
ยมราช,พิษณุโลก,3,09:00-17:00,0,0,1
ยมราช,พิษณุโลก,3,16:00-19:00,1,0,0
ยมราช,พิษณุโลก,3,17:00-19:00,0,0,1
ยมราช,สวรรคโลก,1,07:00-09:00,0,1,0
ยมราช,สวรรคโลก,1,09:00-16:00,0,1,0
ยมราช,สวรรคโลก,1,16:00-19:00,0,1,0
ยมราช,สวรรคโลก,2,07:00-09:00,0,0,2
ยมราช,สวรรคโลก,2,09:00-16:00,0,0,1
ยมราช,สวรรคโลก,2,09:00-17:00,0,0,1
ยมราช,สวรรคโลก,2,16:00-19:00,0,0,1
ยมราช,สวรรคโลก,2,17:00-19:00,0,0,1
ยมราช,สวรรคโลก,3,06:30-09:00,1,0,0
ยมราช,สวรรคโลก,3,07:00-09:00,0,0,1
ยมราช,สวรรคโลก,3,09:00-16:00,1,0,0
ยมราช,สวรรคโลก,3,09:00-17:00,0,0,1
ยมราช,สวรรคโลก,3,16:00-19:30,1,0,0
ยมราช,สวรรคโลก,3,17:00-19:00,0,0,1
ยมราช,หลานหลวง,1,07:00-09:00,0,1,0
ยมราช,หลานหลวง,1,09:00-16:00,0,1,0
ยมราช,หลานหลวง,1,16:00-19:00,0,1,0
ยมราช,หลานหลวง,2,07:00-09:00,0,0,2
ยมราช,หลานหลวง,2,09:00-16:00,0,0,1
ยมราช,หลานหลวง,2,09:00-17:00,0,0,1
ยมราช,หลานหลวง,2,16:00-19:00,0,0,1
ยมราช,หลานหลวง,2,17:00-19:00,0,0,1
ยมราช,หลานหลวง,3,06:30-09:00,1,0,0
ยมราช,หลานหลวง,3,07:00-09:00,0,0,1
ยมราช,หลานหลวง,3,09:00-16:00,1,0,0
ยมราช,หลานหลวง,3,09:00-17:00,0,0,1
ยมราช,หลานหลวง,3,16:00-19:30,1,0,0
ยมราช,หลานหลวง,3,17:00-19:00,0,0,1
ยมราช,เพชรบุรี,1,07:00-09:00,0,1,0
ยมราช,เพชรบุรี,1,09:00-16:00,0,1,0
ยมราช,เพชรบุรี,1,16:00-19:00,0,1,0
ยมราช,เพชรบุรี,2,07:00-09:00,0,0,2
ยมราช,เพชรบุรี,2,09:00-16:00,0,0,1
ยมราช,เพชรบุรี,2,09:00-17:00,0,0,1
ยมราช,เพชรบุรี,2,16:00-19:00,0,0,1
ยมราช,เพชรบุรี,2,17:00-19:00,0,0,1
ยมราช,เพชรบุรี,3,07:00-09:00,1,0,1
ยมราช,เพชรบุรี,3,09:00-16:00,1,0,0
ยมราช,เพชรบุรี,3,09:00-17:00,0,0,1
ยมราช,เพชรบุรี,3,16:00-19:00,1,0,0
ยมราช,เพชรบุรี,3,17:00-19:00,0,0,1
ยานนาวา,พระรามที่3,3,07:00-09:00,0,0,1
ยานนาวา,พระรามที่3,3,09:00-17:00,0,0,1
ยานนาวา,พระรามที่3,3,17:00-19:00,0,0,1
ยานนาวา,ยานนาวา,3,07:00-09:00,0,0,1
ยานนาวา,ยานนาวา,3,09:00-17:00,0,0,1
ยานนาวา,ยานนาวา,3,17:00-19:00,0,0,1
ยุคล2,บำรุงเมือง,4,07:00-09:00,1,0,1
ยุคล2,บำรุงเมือง,4,09:00-16:00,1,0,0
ยุคล2,บำรุงเมือง,4,09:00-17:00,0,0,1
ยุคล2,บำรุงเมือง,4,16:00-19:00,1,0,0
ยุคล2,บำรุงเมือง,4,17:00-19:00,0,0,1
ยุคล2,บํารุงเมือง,4,07:00-09:00,0,1,0
ยุคล2,บํารุงเมือง,4,09:00-16:00,0,1,0
ยุคล2,บํารุงเมือง,4,16:00-19:00,0,1,0
ยุคล2,ยุคล2,4,07:00-09:00,1,1,1
ยุคล2,ยุคล2,4,09:00-16:00,1,1,0
ยุคล2,ยุคล2,4,09:00-17:00,0,0,1
ยุคล2,ยุคล2,4,16:00-19:00,1,1,0
ยุคล2,ยุคล2,4,17:00-19:00,0,0,1
ร.พ.บางรัก,ซอยศึกษาวิทยา,1,07:00-09:00,0,1,0
ร.พ.บางรัก,ซอยศึกษาวิทยา,1,09:00-16:00,0,1,0
ร.พ.บางรัก,ซอยศึกษาวิทยา,1,16:00-19:00,0,1,0
ร.พ.บางรัก,ซอยเซ็นหลุยส์9,1,07:00-09:00,0,1,0
ร.พ.บางรัก,ซอยเซ็นหลุยส์9,1,09:00-16:00,0,1,0
ร.พ.บางรัก,ซอยเซ็นหลุยส์9,1,16:00-19:00,0,1,0
ร.พ.บางรัก,สาทร,1,07:00-09:00,0,1,0
ร.พ.บางรัก,สาทร,1,09:00-16:00,0,1,0
ร.พ.บางรัก,สาทร,1,16:00-19:00,0,1,0
ร.พ.สิรินธร,สุขาภิบาล2,4,07:00-09:00,0,0,1
ร.พ.สิรินธร,สุขาภิบาล2,4,09:00-16:00,0,0,1
ร.พ.สิรินธร,สุขาภิบาล2,4,16:00-19:00,0,0,1
ร.พ.สิรินธร,อ่อนนุช,4,07:00-09:00,0,0,1
ร.พ.สิรินธร,อ่อนนุช,4,09:00-16:00,0,0,1
ร.พ.สิรินธร,อ่อนนุช,4,16:00-19:00,0,0,1
ร.ร.กสิณธรอาคาเดมี่,พุทธมณฑลสาย3,3,07:00-09:00,0,1,0
ร.ร.กสิณธรอาคาเดมี่,พุทธมณฑลสาย3,3,09:00-16:00,0,1,0
ร.ร.กสิณธรอาคาเดมี่,พุทธมณฑลสาย3,3,16:00-19:00,0,1,0
ร.ร.สารสาสน์วิเทศธนบุรี,พุทธมณฑลสาย3,3,07:00-09:00,0,1,0
ร.ร.สารสาสน์วิเทศธนบุรี,พุทธมณฑลสาย3,3,09:00-16:00,0,1,0
ร.ร.สารสาสน์วิเทศธนบุรี,พุทธมณฑลสาย3,3,16:00-19:00,0,1,0
ร.ร.เตรียมอุดมศึกษา,พญาไท,3,07:00-09:00,0,1,0
ร.ร.เตรียมอุดมศึกษา,พญาไท,3,09:00-16:00,0,1,0
ร.ร.เตรียมอุดมศึกษา,พญาไท,3,16:00-19:00,0,1,0
รพ.ทหารผ่านศึก,วิภาวดีรังสิต,3,07:00-09:00,0,1,0
รพ.ทหารผ่านศึก,วิภาวดีรังสิต,3,09:00-16:00,0,1,0
รพ.ทหารผ่านศึก,วิภาวดีรังสิต,3,16:00-19:00,0,1,0
รพ.นพรัตน์,ทางเข้าออกรพ.นพรัตน์,4,07:00-09:00,0,0,1
รพ.นพรัตน์,ทางเข้าออกรพ.นพรัตน์,4,09:00-17:00,0,0,1
รพ.นพรัตน์,ทางเข้าออกรพ.นพรัตน์,4,17:00-19:00,0,0,1
รพ.นพรัตน์,รามอินทรา,4,07:00-09:00,0,0,1
รพ.นพรัตน์,รามอินทรา,4,09:00-17:00,0,0,1
รพ.นพรัตน์,รามอินทรา,4,17:00-19:00,0,0,1
รพ.นพรัตน์,สวนสยาม,4,07:00-09:00,0,0,1
รพ.นพรัตน์,สวนสยาม,4,09:00-17:00,0,0,1
รพ.นพรัตน์,สวนสยาม,4,17:00-19:00,0,0,1
รพ.ปิยะเวท,จตุรทิศ,2,07:00-09:00,0,0,1
รพ.ปิยะเวท,จตุรทิศ,2,09:00-17:00,0,0,1
รพ.ปิยะเวท,จตุรทิศ,2,17:00-19:00,0,0,1
รพ.ปิยะเวท,ทางเข้าออกรพ.ปิยะเวท,2,07:00-09:00,0,0,1
รพ.ปิยะเวท,ทางเข้าออกรพ.ปิยะเวท,2,09:00-17:00,0,0,1
รพ.ปิยะเวท,ทางเข้าออกรพ.ปิยะเวท,2,17:00-19:00,0,0,1
รพ.ภูมิพล,ซอยพิมานทิพย์,4,07:00-09:00,0,1,0
รพ.ภูมิพล,ซอยพิมานทิพย์,4,09:00-16:00,0,1,0
รพ.ภูมิพล,ซอยพิมานทิพย์,4,16:00-19:00,0,1,0
รพ.ภูมิพล,ทางเข้าออกทอ.5,4,07:00-09:00,0,1,0
รพ.ภูมิพล,ทางเข้าออกทอ.5,4,09:00-16:00,0,1,0
รพ.ภูมิพล,ทางเข้าออกทอ.5,4,16:00-19:00,0,1,0
รพ.ภูมิพล,พหลโยธิน,4,07:00-09:00,0,1,0
รพ.ภูมิพล,พหลโยธิน,4,09:00-16:00,0,1,0
รพ.ภูมิพล,พหลโยธิน,4,16:00-19:00,0,1,0
รพ.วุฒิสมเด็จย่า,พหลโยธิน,3,07:00-09:00,0,1,0
รพ.วุฒิสมเด็จย่า,พหลโยธิน,3,09:00-16:00,0,1,0
รพ.วุฒิสมเด็จย่า,พหลโยธิน,3,16:00-19:00,0,1,0
รพ.สิรินธร,สุขาภิบาล2,2,07:00-09:00,1,0,0
รพ.สิรินธร,สุขาภิบาล2,2,09:00-16:00,1,0,0
รพ.สิรินธร,สุขาภิบาล2,2,16:00-19:00,1,0,0
รพ.สิรินธร,อ่อนนุช,2,07:00-09:00,1,0,0
รพ.สิรินธร,อ่อนนุช,2,09:00-16:00,1,0,0
รพ.สิรินธร,อ่อนนุช,2,16:00-19:00,1,0,0
รร.ฤทธิยะวรรณาลัย,ช่องทางท่าดินแดง5,4,07:00-09:00,0,0,1
รร.ฤทธิยะวรรณาลัย,ช่องทางท่าดินแดง5,4,09:00-17:00,0,0,1
รร.ฤทธิยะวรรณาลัย,ช่องทางท่าดินแดง5,4,17:00-19:00,0,0,1
รร.ฤทธิยะวรรณาลัย,ทางเข้าออกกรมอากาศโยธิน,4,07:00-09:00,0,0,1
รร.ฤทธิยะวรรณาลัย,ทางเข้าออกกรมอากาศโยธิน,4,09:00-16:00,0,0,1
รร.ฤทธิยะวรรณาลัย,ทางเข้าออกกรมอากาศโยธิน,4,16:00-19:00,0,0,1
รร.ฤทธิยะวรรณาลัย,ทางเข้าออกหน่วยบัญชาการอากาศโยธิน,4,07:00-09:00,0,0,1
รร.ฤทธิยะวรรณาลัย,ทางเข้าออกหน่วยบัญชาการอากาศโยธิน,4,09:00-17:00,0,0,1
รร.ฤทธิยะวรรณาลัย,ทางเข้าออกหน่วยบัญชาการอากาศโยธิน,4,17:00-19:00,0,0,1
รร.ฤทธิยะวรรณาลัย,พหลโยธิน,4,07:00-09:00,0,0,2
รร.ฤทธิยะวรรณาลัย,พหลโยธิน,4,09:00-16:00,0,0,1
รร.ฤทธิยะวรรณาลัย,พหลโยธิน,4,09:00-17:00,0,0,1
รร.ฤทธิยะวรรณาลัย,พหลโยธิน,4,16:00-19:00,0,0,1
รร.ฤทธิยะวรรณาลัย,พหลโยธิน,4,17:00-19:00,0,0,1
รร.ฤทธิยะวรรณาลัย,รณนภากาศ,4,07:00-09:00,0,0,1
รร.ฤทธิยะวรรณาลัย,รณนภากาศ,4,09:00-16:00,0,0,1
รร.ฤทธิยะวรรณาลัย,รณนภากาศ,4,16:00-19:00,0,0,1
รร.ฤธิยะวรรณาลัย,พหลโยธิน,3,07:00-09:00,0,2,0
รร.ฤธิยะวรรณาลัย,พหลโยธิน,3,09:00-16:00,0,2,0
รร.ฤธิยะวรรณาลัย,พหลโยธิน,3,16:00-19:00,0,2,0
รร.ฤธิยะวรรณาลัย,รณนภากาศ,3,07:00-09:00,0,2,0
รร.ฤธิยะวรรณาลัย,รณนภากาศ,3,09:00-16:00,0,2,0
รร.ฤธิยะวรรณาลัย,รณนภากาศ,3,16:00-19:00,0,2,0
รร.เอกบูรพา,สามวา,3,07:00-09:00,0,0,1
รร.เอกบูรพา,สามวา,3,09:00-16:00,0,0,1
รร.เอกบูรพา,สามวา,3,16:00-19:00,0,0,1
ระนอง1,ระนอง1,4,07:00-09:00,0,1,0
ระนอง1,ระนอง1,4,09:00-16:00,0,1,0
ระนอง1,ระนอง1,4,16:00-19:00,0,1,0
ระนอง1,เทอดดำริ,4,07:00-09:00,0,1,0
ระนอง1,เทอดดำริ,4,09:00-16:00,0,1,0
ระนอง1,เทอดดำริ,4,16:00-19:00,0,1,0
ระหว่างซอยนิมิตใหม่33-35,นิมิตใหม่,2,07:00-09:00,0,0,1
ระหว่างซอยนิมิตใหม่33-35,นิมิตใหม่,2,09:00-17:00,0,0,1
ระหว่างซอยนิมิตใหม่33-35,นิมิตใหม่,2,17:00-19:00,0,0,1
รัชดา-นราธิวาส,นราธิวาสราชนครินทร์,2,07:00-09:00,1,0,1
รัชดา-นราธิวาส,นราธิวาสราชนครินทร์,2,09:00-16:00,1,0,1
รัชดา-นราธิวาส,นราธิวาสราชนครินทร์,2,16:00-19:00,1,0,1
รัชดา-นราธิวาส,นราธิวาสราชนครินทร์,3,07:00-09:00,0,0,1
รัชดา-นราธิวาส,นราธิวาสราชนครินทร์,3,09:00-17:00,0,0,1
รัชดา-นราธิวาส,นราธิวาสราชนครินทร์,3,17:00-19:00,0,0,1
รัชดา-นราธิวาส,นราธิวาสราชนครินทร์,4,07:00-09:00,1,0,0
รัชดา-นราธิวาส,นราธิวาสราชนครินทร์,4,09:00-16:00,1,0,0
รัชดา-นราธิวาส,นราธิวาสราชนครินทร์,4,16:00-19:00,1,0,0
รัชดา-นราธิวาส,รัชดาภิเษก,2,07:00-09:00,1,0,1
รัชดา-นราธิวาส,รัชดาภิเษก,2,09:00-16:00,1,0,1
รัชดา-นราธิวาส,รัชดาภิเษก,2,16:00-19:00,1,0,1
รัชดา-นราธิวาส,รัชดาภิเษก,3,07:00-09:00,0,0,1
รัชดา-นราธิวาส,รัชดาภิเษก,3,09:00-17:00,0,0,1
รัชดา-นราธิวาส,รัชดาภิเษก,3,17:00-19:00,0,0,1
รัชดา-นราธิวาสราชนครินทร์,นราธิวาสราชนครินทร์,3,07:00-09:00,0,1,0
รัชดา-นราธิวาสราชนครินทร์,นราธิวาสราชนครินทร์,3,09:00-16:00,0,1,0
รัชดา-นราธิวาสราชนครินทร์,นราธิวาสราชนครินทร์,3,16:00-19:00,0,1,0
รัชดา-นราธิวาสราชนครินทร์,รัชดาภเิษก,3,07:00-09:00,0,1,0
รัชดา-นราธิวาสราชนครินทร์,รัชดาภเิษก,3,09:00-16:00,0,1,0
รัชดา-นราธิวาสราชนครินทร์,รัชดาภเิษก,3,16:00-19:00,0,1,0
รัชดา-ราชพฤกษ์,รัชดาภิเษก,2,07:00-09:00,1,0,0
รัชดา-ราชพฤกษ์,รัชดาภิเษก,2,09:00-16:00,1,0,0
รัชดา-ราชพฤกษ์,รัชดาภิเษก,2,16:00-19:00,1,0,0
รัชดา-ราชพฤกษ์,รัชดาภิเษก,3,07:00-09:00,2,1,0
รัชดา-ราชพฤกษ์,รัชดาภิเษก,3,09:00-16:00,2,1,0
รัชดา-ราชพฤกษ์,รัชดาภิเษก,3,16:00-19:00,2,1,0
รัชดา-ราชพฤกษ์,ราชพฤกษ์,2,07:00-09:00,1,0,0
รัชดา-ราชพฤกษ์,ราชพฤกษ์,2,09:00-16:00,1,0,0
รัชดา-ราชพฤกษ์,ราชพฤกษ์,2,16:00-19:00,1,0,0
รัชดา-ราชพฤกษ์,ราชพฤกษ์,3,07:00-09:00,2,1,0
รัชดา-ราชพฤกษ์,ราชพฤกษ์,3,09:00-16:00,2,1,0
รัชดา-ราชพฤกษ์,ราชพฤกษ์,3,16:00-19:00,2,1,0
รัชดา-ลาดพร้าว,รัชดาภิเษก,2,07:00-09:00,0,0,2
รัชดา-ลาดพร้าว,รัชดาภิเษก,2,09:00-17:00,0,0,2
รัชดา-ลาดพร้าว,รัชดาภิเษก,2,17:00-19:00,0,0,2
รัชดา-ลาดพร้าว,รัชดาภิเษก,3,07:00-09:00,1,0,1
รัชดา-ลาดพร้าว,รัชดาภิเษก,3,09:00-16:00,1,0,1
รัชดา-ลาดพร้าว,รัชดาภิเษก,3,16:00-19:00,1,0,1
รัชดา-ลาดพร้าว,รัชดาภิเษก,4,07:00-09:00,0,1,0
รัชดา-ลาดพร้าว,รัชดาภิเษก,4,09:00-16:00,0,1,0
รัชดา-ลาดพร้าว,รัชดาภิเษก,4,16:00-19:00,0,1,0
รัชดา-ลาดพร้าว,ลาดพราว,3,07:00-09:00,1,0,0
รัชดา-ลาดพร้าว,ลาดพราว,3,09:00-16:00,1,0,0
รัชดา-ลาดพร้าว,ลาดพราว,3,16:00-19:00,1,0,0
รัชดา-ลาดพร้าว,ลาดพร้าว,2,07:00-09:00,0,0,2
รัชดา-ลาดพร้าว,ลาดพร้าว,2,09:00-17:00,0,0,2
รัชดา-ลาดพร้าว,ลาดพร้าว,2,17:00-19:00,0,0,2
รัชดา-ลาดพร้าว,ลาดพร้าว,3,07:00-09:00,0,0,1
รัชดา-ลาดพร้าว,ลาดพร้าว,3,09:00-16:00,0,0,1
รัชดา-ลาดพร้าว,ลาดพร้าว,3,16:00-19:00,0,0,1
รัชดา-ลาดพร้าว,ลาดพร้าว,4,07:00-09:00,0,1,0
รัชดา-ลาดพร้าว,ลาดพร้าว,4,09:00-16:00,0,1,0
รัชดา-ลาดพร้าว,ลาดพร้าว,4,16:00-19:00,0,1,0
รัชดา-สุทธิสาร,รัชดาภิเษก,4,07:00-09:00,0,0,2
รัชดา-สุทธิสาร,รัชดาภิเษก,4,09:00-17:00,0,0,2
รัชดา-สุทธิสาร,รัชดาภิเษก,4,17:00-19:00,0,0,2
รัชดา-สุทธิสาร,สุทธิสารวินิจฉัย,4,07:00-09:00,0,0,2
รัชดา-สุทธิสาร,สุทธิสารวินิจฉัย,4,09:00-17:00,0,0,2
รัชดา-สุทธิสาร,สุทธิสารวินิจฉัย,4,17:00-19:00,0,0,2
รัชดาภิเษก,ซอย20มิถุนา,4,07:00-09:00,1,0,0
รัชดาภิเษก,ซอย20มิถุนา,4,09:00-16:00,1,0,0
รัชดาภิเษก,ซอย20มิถุนา,4,16:00-19:00,1,0,0
รัชดาภิเษก,ซอยรัชดาภิเษก18,4,07:00-09:00,1,0,0
รัชดาภิเษก,ซอยรัชดาภิเษก18,4,09:00-16:00,1,0,0
รัชดาภิเษก,ซอยรัชดาภิเษก18,4,16:00-19:00,1,0,0
รัชดาภิเษก,ด่วนนางลิ้นจี่,2,07:00-09:00,0,0,1
รัชดาภิเษก,ด่วนนางลิ้นจี่,2,09:00-16:00,0,0,1
รัชดาภิเษก,ด่วนนางลิ้นจี่,2,16:00-19:00,0,0,1
รัชดาภิเษก,นางลิ้นจี่,2,07:00-09:00,0,0,1
รัชดาภิเษก,นางลิ้นจี่,2,09:00-16:00,0,0,1
รัชดาภิเษก,นางลิ้นจี่,2,16:00-19:00,0,0,1
รัชดาภิเษก,ประชาราษฎร์บำเพ็ญ,4,07:00-09:00,1,0,0
รัชดาภิเษก,ประชาราษฎร์บำเพ็ญ,4,09:00-16:00,1,0,0
รัชดาภิเษก,ประชาราษฎร์บำเพ็ญ,4,16:00-19:00,1,0,0
รัชดาภิเษก-ลาดพร้าว,รัชดาภิเษก,1,07:00-09:00,1,0,0
รัชดาภิเษก-ลาดพร้าว,รัชดาภิเษก,1,09:00-16:00,1,0,0
รัชดาภิเษก-ลาดพร้าว,รัชดาภิเษก,1,16:00-19:00,1,0,0
รัชดาภิเษก-ลาดพร้าว,ลาดพร้าว,1,07:00-09:00,1,0,0
รัชดาภิเษก-ลาดพร้าว,ลาดพร้าว,1,09:00-16:00,1,0,0
รัชดาภิเษก-ลาดพร้าว,ลาดพร้าว,1,16:00-19:00,1,0,0
รัชดาภิเษก30,รัชดาภิเษก,3,07:00-09:00,0,1,0
รัชดาภิเษก30,รัชดาภิเษก,3,09:00-16:00,0,1,0
รัชดาภิเษก30,รัชดาภิเษก,3,16:00-19:00,0,1,0
รัชโยธิน,พหลโยธิน,1,07:00-09:00,0,0,1
รัชโยธิน,พหลโยธิน,1,09:00-16:00,0,0,1
รัชโยธิน,พหลโยธิน,1,16:00-19:00,0,0,1
รัชโยธิน,พหลโยธิน,3,07:00-09:00,0,1,1
รัชโยธิน,พหลโยธิน,3,09:00-16:00,0,1,0
รัชโยธิน,พหลโยธิน,3,09:00-17:00,0,0,1
รัชโยธิน,พหลโยธิน,3,16:00-19:00,0,1,0
รัชโยธิน,พหลโยธิน,3,17:00-19:00,0,0,1
รัชโยธิน,พหลโยธิน,4,07:00-09:00,1,0,0
รัชโยธิน,พหลโยธิน,4,09:00-16:00,1,0,0
รัชโยธิน,พหลโยธิน,4,16:00-19:00,1,0,0
รัชโยธิน,รัชดาภิเษก,1,07:00-09:00,0,0,1
รัชโยธิน,รัชดาภิเษก,1,09:00-16:00,0,0,1
รัชโยธิน,รัชดาภิเษก,1,16:00-19:00,0,0,1
รัชโยธิน,รัชดาภิเษก,3,07:00-09:00,0,0,1
รัชโยธิน,รัชดาภิเษก,3,09:00-17:00,0,0,1
รัชโยธิน,รัชดาภิเษก,3,17:00-19:00,0,0,1
รัชโยธิน,รัชดาภิเษก,4,07:00-09:00,1,0,0
รัชโยธิน,รัชดาภิเษก,4,09:00-16:00,1,0,0
รัชโยธิน,รัชดาภิเษก,4,16:00-19:00,1,0,0
รัชโยธิน,รัชดาภเิษก,3,07:00-09:00,0,1,0
รัชโยธิน,รัชดาภเิษก,3,09:00-16:00,0,1,0
รัชโยธิน,รัชดาภเิษก,3,16:00-19:00,0,1,0
ราชดำริ,ราชดำริ,2,07:00-09:00,2,1,1
ราชดำริ,ราชดำริ,2,09:00-16:00,2,1,0
ราชดำริ,ราชดำริ,2,09:00-17:00,0,0,1
ราชดำริ,ราชดำริ,2,16:00-19:00,2,1,0
ราชดำริ,ราชดำริ,2,17:00-19:00,0,0,1
ราชดำริ,ราชดำริ,4,07:00-09:00,0,0,1
ราชดำริ,ราชดำริ,4,09:00-17:00,0,0,1
ราชดำริ,ราชดำริ,4,17:00-19:00,0,0,1
ราชดำริ,สารสิน,2,07:00-09:00,2,1,1
ราชดำริ,สารสิน,2,09:00-16:00,2,1,0
ราชดำริ,สารสิน,2,09:00-17:00,0,0,1
ราชดำริ,สารสิน,2,16:00-19:00,2,1,0
ราชดำริ,สารสิน,2,17:00-19:00,0,0,1
ราชดำริ,สารสิน,4,07:00-09:00,0,0,1
ราชดำริ,สารสิน,4,09:00-17:00,0,0,1
ราชดำริ,สารสิน,4,17:00-19:00,0,0,1
ราชบพิธ-ตีทอง,ตีทอง,1,07:00-09:00,0,0,1
ราชบพิธ-ตีทอง,ตีทอง,1,09:00-17:00,0,0,1
ราชบพิธ-ตีทอง,ตีทอง,1,17:00-19:00,0,0,1
ราชบพิธ-ตีทอง,ตีทอง,4,07:00-09:00,0,0,1
ราชบพิธ-ตีทอง,ตีทอง,4,09:00-16:00,0,0,1
ราชบพิธ-ตีทอง,ตีทอง,4,16:00-19:00,0,0,1
ราชบพิธ-ตีทอง,ราชบพิธ,1,07:00-09:00,0,0,1
ราชบพิธ-ตีทอง,ราชบพิธ,1,09:00-17:00,0,0,1
ราชบพิธ-ตีทอง,ราชบพิธ,1,17:00-19:00,0,0,1
ราชบพิธ-ตีทอง,ราชบพิธ,4,07:00-09:00,0,0,1
ราชบพิธ-ตีทอง,ราชบพิธ,4,09:00-16:00,0,0,1
ราชบพิธ-ตีทอง,ราชบพิธ,4,16:00-19:00,0,0,1
ราชบพิธ-เฟื่องนคร,ราชบพิธ,4,07:00-09:00,0,0,1
ราชบพิธ-เฟื่องนคร,ราชบพิธ,4,09:00-16:00,0,0,1
ราชบพิธ-เฟื่องนคร,ราชบพิธ,4,16:00-19:00,0,0,1
ราชบพิธ-เฟื่องนคร,เฟื่องนคร,4,07:00-09:00,0,0,1
ราชบพิธ-เฟื่องนคร,เฟื่องนคร,4,09:00-16:00,0,0,1
ราชบพิธ-เฟื่องนคร,เฟื่องนคร,4,16:00-19:00,0,0,1
ราชประสงค์,พระรามที่1,1,07:00-09:00,0,0,1
ราชประสงค์,พระรามที่1,1,09:00-16:00,0,0,1
ราชประสงค์,พระรามที่1,1,16:00-19:00,0,0,1
ราชประสงค์,พระรามที่1,2,06:30-09:00,1,0,0
ราชประสงค์,พระรามที่1,2,07:00-09:00,0,0,2
ราชประสงค์,พระรามที่1,2,09:00-16:00,1,0,0
ราชประสงค์,พระรามที่1,2,09:00-17:00,0,0,2
ราชประสงค์,พระรามที่1,2,16:00-19:30,1,0,0
ราชประสงค์,พระรามที่1,2,17:00-19:00,0,0,2
ราชประสงค์,พระรามที่1,3,06:30-09:00,0,1,0
ราชประสงค์,พระรามที่1,3,07:00-09:00,0,0,1
ราชประสงค์,พระรามที่1,3,09:00-16:00,0,1,0
ราชประสงค์,พระรามที่1,3,09:00-17:00,0,0,1
ราชประสงค์,พระรามที่1,3,16:00-19:30,0,1,0
ราชประสงค์,พระรามที่1,3,17:00-19:00,0,0,1
ราชประสงค์,พระรามที่1,4,07:00-09:00,1,0,0
ราชประสงค์,พระรามที่1,4,09:00-16:00,1,0,0
ราชประสงค์,พระรามที่1,4,16:00-19:00,1,0,0
ราชประสงค์,ราชดำริ,1,07:00-09:00,0,0,1
ราชประสงค์,ราชดำริ,1,09:00-16:00,0,0,1
ราชประสงค์,ราชดำริ,1,16:00-19:00,0,0,1
ราชประสงค์,ราชดำริ,2,06:30-09:00,1,0,0
ราชประสงค์,ราชดำริ,2,07:00-09:00,0,0,2
ราชประสงค์,ราชดำริ,2,09:00-16:00,1,0,0
ราชประสงค์,ราชดำริ,2,09:00-17:00,0,0,2
ราชประสงค์,ราชดำริ,2,16:00-19:30,1,0,0
ราชประสงค์,ราชดำริ,2,17:00-19:00,0,0,2
ราชประสงค์,ราชดำริ,3,06:30-09:00,0,1,0
ราชประสงค์,ราชดำริ,3,07:00-09:00,0,0,1
ราชประสงค์,ราชดำริ,3,09:00-16:00,0,1,0
ราชประสงค์,ราชดำริ,3,09:00-17:00,0,0,1
ราชประสงค์,ราชดำริ,3,16:00-19:30,0,1,0
ราชประสงค์,ราชดำริ,3,17:00-19:00,0,0,1
ราชประสงค์,ราชดำริ,4,07:00-09:00,1,0,0
ราชประสงค์,ราชดำริ,4,09:00-16:00,1,0,0
ราชประสงค์,ราชดำริ,4,16:00-19:00,1,0,0
ราชประสงค์,เพลินจิต,1,07:00-09:00,0,0,1
ราชประสงค์,เพลินจิต,1,09:00-16:00,0,0,1
ราชประสงค์,เพลินจิต,1,16:00-19:00,0,0,1
ราชประสงค์,เพลินจิต,2,07:00-09:00,1,0,2
ราชประสงค์,เพลินจิต,2,09:00-16:00,1,0,0
ราชประสงค์,เพลินจิต,2,09:00-17:00,0,0,2
ราชประสงค์,เพลินจิต,2,16:00-19:00,1,0,0
ราชประสงค์,เพลินจิต,2,17:00-19:00,0,0,2
ราชประสงค์,เพลินจิต,3,07:00-09:00,0,1,1
ราชประสงค์,เพลินจิต,3,09:00-16:00,0,1,0
ราชประสงค์,เพลินจิต,3,09:00-17:00,0,0,1
ราชประสงค์,เพลินจิต,3,16:00-19:00,0,1,0
ราชประสงค์,เพลินจิต,3,17:00-19:00,0,0,1
ราชประสงค์,เพลินจิต,4,07:00-09:00,1,0,0
ราชประสงค์,เพลินจิต,4,09:00-16:00,1,0,0
ราชประสงค์,เพลินจิต,4,16:00-19:00,1,0,0
ราชพฤกษ์-วุฒากาศ,ราชพฤกษ์,2,07:00-09:00,1,0,1
ราชพฤกษ์-วุฒากาศ,ราชพฤกษ์,2,09:00-16:00,1,0,1
ราชพฤกษ์-วุฒากาศ,ราชพฤกษ์,2,16:00-19:00,1,0,1
ราชพฤกษ์-วุฒากาศ,วุฒากาศ,2,07:00-09:00,1,0,1
ราชพฤกษ์-วุฒากาศ,วุฒากาศ,2,09:00-16:00,1,0,1
ราชพฤกษ์-วุฒากาศ,วุฒากาศ,2,16:00-19:00,1,0,1
ราชวงศ์,ราชวงศ์,1,07:00-09:00,0,1,1
ราชวงศ์,ราชวงศ์,1,09:00-16:00,0,1,0
ราชวงศ์,ราชวงศ์,1,09:00-17:00,0,0,1
ราชวงศ์,ราชวงศ์,1,16:00-19:00,0,1,0
ราชวงศ์,ราชวงศ์,1,17:00-19:00,0,0,1
ราชวงศ์,ราชวงศ์,2,07:00-09:00,1,0,0
ราชวงศ์,ราชวงศ์,2,09:00-16:00,1,0,0
ราชวงศ์,ราชวงศ์,2,16:00-19:00,1,0,0
ราชวงศ์,ราชวงศ์,4,07:00-09:00,0,1,0
ราชวงศ์,ราชวงศ์,4,09:00-16:00,0,1,0
ราชวงศ์,ราชวงศ์,4,16:00-19:00,0,1,0
ราชวงศ์,เยาวราช,1,07:00-09:00,0,1,1
ราชวงศ์,เยาวราช,1,09:00-16:00,0,1,0
ราชวงศ์,เยาวราช,1,09:00-17:00,0,0,1
ราชวงศ์,เยาวราช,1,16:00-19:00,0,1,0
ราชวงศ์,เยาวราช,1,17:00-19:00,0,0,1
ราชวงศ์,เยาวราช,2,07:00-09:00,1,0,0
ราชวงศ์,เยาวราช,2,09:00-16:00,1,0,0
ราชวงศ์,เยาวราช,2,16:00-19:00,1,0,0
ราชวงศ์,เยาวราช,4,07:00-09:00,0,1,0
ราชวงศ์,เยาวราช,4,09:00-16:00,0,1,0
ราชวงศ์,เยาวราช,4,16:00-19:00,0,1,0
ราชวัตร,นครไชยศรี,1,07:00-09:00,0,1,0
ราชวัตร,นครไชยศรี,1,09:00-16:00,0,1,0
ราชวัตร,นครไชยศรี,1,16:00-19:00,0,1,0
ราชวัตร,นครไชยศรี,2,07:00-09:00,0,0,1
ราชวัตร,นครไชยศรี,2,09:00-17:00,0,0,1
ราชวัตร,นครไชยศรี,2,17:00-19:00,0,0,1
ราชวัตร,นครไชยศรี,3,07:00-09:00,1,0,0
ราชวัตร,นครไชยศรี,3,09:00-16:00,1,0,0
ราชวัตร,นครไชยศรี,3,16:00-19:00,1,0,0
ราชวัตร,นครไชยศรี,4,07:00-09:00,1,0,0
ราชวัตร,นครไชยศรี,4,09:00-16:00,1,0,0
ราชวัตร,นครไชยศรี,4,16:00-19:00,1,0,0
ราชวัตร,พระรามที่5,1,07:00-09:00,0,1,0
ราชวัตร,พระรามที่5,1,09:00-16:00,0,1,0
ราชวัตร,พระรามที่5,1,16:00-19:00,0,1,0
ราชวัตร,พระรามที่5,2,07:00-09:00,0,0,1
ราชวัตร,พระรามที่5,2,09:00-17:00,0,0,1
ราชวัตร,พระรามที่5,2,17:00-19:00,0,0,1
ราชวัตร,พระรามที่5,3,07:00-09:00,1,0,0
ราชวัตร,พระรามที่5,3,09:00-16:00,1,0,0
ราชวัตร,พระรามที่5,3,16:00-19:00,1,0,0
ราชวัตร,พระรามที่5,4,07:00-09:00,1,0,0
ราชวัตร,พระรามที่5,4,09:00-16:00,1,0,0
ราชวัตร,พระรามที่5,4,16:00-19:00,1,0,0
ราชวิถี,พระรามที่5,1,07:00-09:00,0,1,1
ราชวิถี,พระรามที่5,1,09:00-16:00,0,1,0
ราชวิถี,พระรามที่5,1,09:00-17:00,0,0,1
ราชวิถี,พระรามที่5,1,16:00-19:00,0,1,0
ราชวิถี,พระรามที่5,1,17:00-19:00,0,0,1
ราชวิถี,พระรามที่5,2,07:00-09:00,0,0,1
ราชวิถี,พระรามที่5,2,09:00-16:00,0,0,1
ราชวิถี,พระรามที่5,2,16:00-19:00,0,0,1
ราชวิถี,พระรามที่5,3,07:00-09:00,1,0,0
ราชวิถี,พระรามที่5,3,09:00-16:00,1,0,0
ราชวิถี,พระรามที่5,3,16:00-19:00,1,0,0
ราชวิถี,พระรามที่5,4,07:00-09:00,0,0,1
ราชวิถี,พระรามที่5,4,09:00-17:00,0,0,1
ราชวิถี,พระรามที่5,4,17:00-19:00,0,0,1
ราชวิถี,ราชวิถี,1,07:00-09:00,0,1,1
ราชวิถี,ราชวิถี,1,09:00-16:00,0,1,0
ราชวิถี,ราชวิถี,1,09:00-17:00,0,0,1
ราชวิถี,ราชวิถี,1,16:00-19:00,0,1,0
ราชวิถี,ราชวิถี,1,17:00-19:00,0,0,1
ราชวิถี,ราชวิถี,2,07:00-09:00,0,0,1
ราชวิถี,ราชวิถี,2,09:00-16:00,0,0,1
ราชวิถี,ราชวิถี,2,16:00-19:00,0,0,1
ราชวิถี,ราชวิถี,3,07:00-09:00,1,0,0
ราชวิถี,ราชวิถี,3,09:00-16:00,1,0,0
ราชวิถี,ราชวิถี,3,16:00-19:00,1,0,0
ราชวิถี,ราชวิถี,4,07:00-09:00,0,0,1
ราชวิถี,ราชวิถี,4,09:00-17:00,0,0,1
ราชวิถี,ราชวิถี,4,17:00-19:00,0,0,1
ราชเทวี,พญาไท,1,07:00-09:00,0,0,1
ราชเทวี,พญาไท,1,09:00-17:00,0,0,1
ราชเทวี,พญาไท,1,17:00-19:00,0,0,1
ราชเทวี,พญาไท,2,06:30-09:00,0,1,0
ราชเทวี,พญาไท,2,07:00-09:00,1,0,1
ราชเทวี,พญาไท,2,09:00-16:00,1,1,0
ราชเทวี,พญาไท,2,09:00-17:00,0,0,1
ราชเทวี,พญาไท,2,16:00-19:00,1,0,0
ราชเทวี,พญาไท,2,16:00-19:30,0,1,0
ราชเทวี,พญาไท,2,17:00-19:00,0,0,1
ราชเทวี,พญาไท,3,07:00-09:00,0,0,1
ราชเทวี,พญาไท,3,09:00-17:00,0,0,1
ราชเทวี,พญาไท,3,17:00-19:00,0,0,1
ราชเทวี,พญาไท,4,07:00-09:00,0,1,0
ราชเทวี,พญาไท,4,09:00-16:00,0,1,0
ราชเทวี,พญาไท,4,16:00-19:00,0,1,0
ราชเทวี,เพชรบุรี,1,07:00-09:00,0,0,1
ราชเทวี,เพชรบุรี,1,09:00-17:00,0,0,1
ราชเทวี,เพชรบุรี,1,17:00-19:00,0,0,1
ราชเทวี,เพชรบุรี,2,07:00-09:00,1,1,1
ราชเทวี,เพชรบุรี,2,09:00-16:00,1,1,0
ราชเทวี,เพชรบุรี,2,09:00-17:00,0,0,1
ราชเทวี,เพชรบุรี,2,16:00-19:00,1,1,0
ราชเทวี,เพชรบุรี,2,17:00-19:00,0,0,1
ราชเทวี,เพชรบุรี,3,07:00-09:00,0,0,1
ราชเทวี,เพชรบุรี,3,09:00-17:00,0,0,1
ราชเทวี,เพชรบุรี,3,17:00-19:00,0,0,1
ราชเทวี,เพชรบุรี,4,07:00-09:00,0,1,0
ราชเทวี,เพชรบุรี,4,09:00-16:00,0,1,0
ราชเทวี,เพชรบุรี,4,16:00-19:00,0,1,0
รามคำแหง,พระราม9,3,07:00-09:00,1,1,2
รามคำแหง,พระราม9,3,09:00-16:00,1,1,1
รามคำแหง,พระราม9,3,09:00-17:00,0,0,1
รามคำแหง,พระราม9,3,16:00-19:00,1,1,1
รามคำแหง,พระราม9,3,17:00-19:00,0,0,1
รามคำแหง,รามคำแหง,3,07:00-09:00,1,1,2
รามคำแหง,รามคำแหง,3,09:00-16:00,1,1,1
รามคำแหง,รามคำแหง,3,09:00-17:00,0,0,1
รามคำแหง,รามคำแหง,3,16:00-19:00,1,1,1
รามคำแหง,รามคำแหง,3,17:00-19:00,0,0,1
รามคำแหง-มหาดไทย,ซอยรามคำแหง65(มหาดไทย),3,07:00-09:00,1,0,0
รามคำแหง-มหาดไทย,ซอยรามคำแหง65(มหาดไทย),3,09:00-16:00,1,0,0
รามคำแหง-มหาดไทย,ซอยรามคำแหง65(มหาดไทย),3,16:00-19:00,1,0,0
รามคำแหง-มหาดไทย,รามคำแหง,3,07:00-09:00,1,0,1
รามคำแหง-มหาดไทย,รามคำแหง,3,09:00-16:00,1,0,1
รามคำแหง-มหาดไทย,รามคำแหง,3,16:00-19:00,1,0,1
รามคำแหง-มหาดไทย,รามคำแหง,4,07:00-09:00,0,0,1
รามคำแหง-มหาดไทย,รามคำแหง,4,09:00-17:00,0,0,1
รามคำแหง-มหาดไทย,รามคำแหง,4,17:00-19:00,0,0,1
รามคำแหง-มหาดไทย,รามคำแหง65,3,07:00-09:00,0,0,1
รามคำแหง-มหาดไทย,รามคำแหง65,3,09:00-16:00,0,0,1
รามคำแหง-มหาดไทย,รามคำแหง65,3,16:00-19:00,0,0,1
รามคำแหง-มหาดไทย,รามคำแหง65,4,07:00-09:00,0,0,1
รามคำแหง-มหาดไทย,รามคำแหง65,4,09:00-17:00,0,0,1
รามคำแหง-มหาดไทย,รามคำแหง65,4,17:00-19:00,0,0,1
รามคำแหง-ร่มเกล้า,รามคำแหง,2,07:00-09:00,0,0,1
รามคำแหง-ร่มเกล้า,รามคำแหง,2,09:00-17:00,0,0,1
รามคำแหง-ร่มเกล้า,รามคำแหง,2,17:00-19:00,0,0,1
รามคำแหง-ร่มเกล้า,ร่มเกล้า,2,07:00-09:00,0,0,1
รามคำแหง-ร่มเกล้า,ร่มเกล้า,2,09:00-17:00,0,0,1
รามคำแหง-ร่มเกล้า,ร่มเกล้า,2,17:00-19:00,0,0,1
รามคำแหง112,รามคำแหง,2,07:00-09:00,0,0,1
รามคำแหง112,รามคำแหง,2,09:00-17:00,0,0,1
รามคำแหง112,รามคำแหง,2,17:00-19:00,0,0,1
รามคำแหง112,รามคำแหง112,2,07:00-09:00,0,0,1
รามคำแหง112,รามคำแหง112,2,09:00-17:00,0,0,1
รามคำแหง112,รามคำแหง112,2,17:00-19:00,0,0,1
รามคำแหง118,รามคำแหง,2,07:00-09:00,0,0,1
รามคำแหง118,รามคำแหง,2,09:00-17:00,0,0,1
รามคำแหง118,รามคำแหง,2,17:00-19:00,0,0,1
รามคำแหง118,รามคำแหง118,2,07:00-09:00,0,0,1
รามคำแหง118,รามคำแหง118,2,09:00-17:00,0,0,1
รามคำแหง118,รามคำแหง118,2,17:00-19:00,0,0,1
รามคำแหง2-ซอยหมู่บ้านทุ่งเศรษฐี,ซอยหมู่บานทุ่งเศรษฐี,3,07:00-09:00,1,0,0
รามคำแหง2-ซอยหมู่บ้านทุ่งเศรษฐี,ซอยหมู่บานทุ่งเศรษฐี,3,09:00-16:00,1,0,0
รามคำแหง2-ซอยหมู่บ้านทุ่งเศรษฐี,ซอยหมู่บานทุ่งเศรษฐี,3,16:00-19:00,1,0,0
รามคำแหง2-ซอยหมู่บ้านทุ่งเศรษฐี,รามคำแหง2,3,07:00-09:00,1,0,0
รามคำแหง2-ซอยหมู่บ้านทุ่งเศรษฐี,รามคำแหง2,3,09:00-16:00,1,0,0
รามคำแหง2-ซอยหมู่บ้านทุ่งเศรษฐี,รามคำแหง2,3,16:00-19:00,1,0,0
รามคำแหง2-ซอยหมู่บ้านทุ่งเศรษฐี,รามคำแหง2ซอย23,3,07:00-09:00,1,0,0
รามคำแหง2-ซอยหมู่บ้านทุ่งเศรษฐี,รามคำแหง2ซอย23,3,09:00-16:00,1,0,0
รามคำแหง2-ซอยหมู่บ้านทุ่งเศรษฐี,รามคำแหง2ซอย23,3,16:00-19:00,1,0,0
รามคำแหง24,รามคำแหง,3,07:00-09:00,0,0,1
รามคำแหง24,รามคำแหง,3,09:00-17:00,0,0,1
รามคำแหง24,รามคำแหง,3,17:00-19:00,0,0,1
รามคำแหง24,รามคำแหง24,3,07:00-09:00,0,0,1
รามคำแหง24,รามคำแหง24,3,09:00-17:00,0,0,1
รามคำแหง24,รามคำแหง24,3,17:00-19:00,0,0,1
รามคำแหง24-ถาวรธวัช,ถาวรธวัช,1,07:00-09:00,0,0,1
รามคำแหง24-ถาวรธวัช,ถาวรธวัช,1,09:00-16:00,0,0,1
รามคำแหง24-ถาวรธวัช,ถาวรธวัช,1,16:00-19:00,0,0,1
รามคำแหง24-ถาวรธวัช,ถาวรธวัช,3,07:00-09:00,0,0,2
รามคำแหง24-ถาวรธวัช,ถาวรธวัช,3,09:00-16:00,0,0,1
รามคำแหง24-ถาวรธวัช,ถาวรธวัช,3,09:00-17:00,0,0,1
รามคำแหง24-ถาวรธวัช,ถาวรธวัช,3,16:00-19:00,0,0,1
รามคำแหง24-ถาวรธวัช,ถาวรธวัช,3,17:00-19:00,0,0,1
รามคำแหง24-ถาวรธวัช,ถาวรธวัช,4,07:00-09:00,0,0,1
รามคำแหง24-ถาวรธวัช,ถาวรธวัช,4,09:00-17:00,0,0,1
รามคำแหง24-ถาวรธวัช,ถาวรธวัช,4,17:00-19:00,0,0,1
รามคำแหง24-ถาวรธวัช,รามคำแหง24,1,07:00-09:00,0,0,1
รามคำแหง24-ถาวรธวัช,รามคำแหง24,1,09:00-16:00,0,0,1
รามคำแหง24-ถาวรธวัช,รามคำแหง24,1,16:00-19:00,0,0,1
รามคำแหง24-ถาวรธวัช,รามคำแหง24,3,07:00-09:00,0,0,2
รามคำแหง24-ถาวรธวัช,รามคำแหง24,3,09:00-16:00,0,0,1
รามคำแหง24-ถาวรธวัช,รามคำแหง24,3,09:00-17:00,0,0,1
รามคำแหง24-ถาวรธวัช,รามคำแหง24,3,16:00-19:00,0,0,1
รามคำแหง24-ถาวรธวัช,รามคำแหง24,3,17:00-19:00,0,0,1
รามคำแหง24-ถาวรธวัช,รามคำแหง24,4,07:00-09:00,0,0,1
รามคำแหง24-ถาวรธวัช,รามคำแหง24,4,09:00-17:00,0,0,1
รามคำแหง24-ถาวรธวัช,รามคำแหง24,4,17:00-19:00,0,0,1
รามคำแหง24แยก20,รามคำแหง24,3,07:00-09:00,0,0,1
รามคำแหง24แยก20,รามคำแหง24,3,09:00-16:00,0,0,1
รามคำแหง24แยก20,รามคำแหง24,3,16:00-19:00,0,0,1
รามคำแหง24แยก20,รามคำแหง24แยก20,3,07:00-09:00,0,0,1
รามคำแหง24แยก20,รามคำแหง24แยก20,3,09:00-16:00,0,0,1
รามคำแหง24แยก20,รามคำแหง24แยก20,3,16:00-19:00,0,0,1
รามคำแหง24แยก24,รามคำแหง24,3,07:00-09:00,0,0,1
รามคำแหง24แยก24,รามคำแหง24,3,09:00-16:00,0,0,1
รามคำแหง24แยก24,รามคำแหง24,3,16:00-19:00,0,0,1
รามคำแหง24แยก24,รามคำแหง24แยก24,3,07:00-09:00,0,0,1
รามคำแหง24แยก24,รามคำแหง24แยก24,3,09:00-16:00,0,0,1
รามคำแหง24แยก24,รามคำแหง24แยก24,3,16:00-19:00,0,0,1
รามคำแหง24แยก28,รามคำแหง24,3,07:00-09:00,0,0,1
รามคำแหง24แยก28,รามคำแหง24,3,09:00-16:00,0,0,1
รามคำแหง24แยก28,รามคำแหง24,3,16:00-19:00,0,0,1
รามคำแหง24แยก28,รามคำแหง24แยก28,3,07:00-09:00,0,0,1
รามคำแหง24แยก28,รามคำแหง24แยก28,3,09:00-16:00,0,0,1
รามคำแหง24แยก28,รามคำแหง24แยก28,3,16:00-19:00,0,0,1
รามคำแหง39ระหว่างแยก15และ17,รามคำแหง39,2,07:00-09:00,0,0,1
รามคำแหง39ระหว่างแยก15และ17,รามคำแหง39,2,09:00-17:00,0,0,1
รามคำแหง39ระหว่างแยก15และ17,รามคำแหง39,2,17:00-19:00,0,0,1
รามอินทรา-พระยาสุเรนทร์,พระยาสุเรนทร์,4,07:00-09:00,0,0,1
รามอินทรา-พระยาสุเรนทร์,พระยาสุเรนทร์,4,09:00-16:00,0,0,1
รามอินทรา-พระยาสุเรนทร์,พระยาสุเรนทร์,4,16:00-19:00,0,0,1
รามอินทรา-พระยาสุเรนทร์,รามอินทรา,4,07:00-09:00,0,0,1
รามอินทรา-พระยาสุเรนทร์,รามอินทรา,4,09:00-16:00,0,0,1
รามอินทรา-พระยาสุเรนทร์,รามอินทรา,4,16:00-19:00,0,0,1
รามอินทรา117,รามอินทรา,3,07:00-09:00,0,0,1
รามอินทรา117,รามอินทรา,3,09:00-17:00,0,0,1
รามอินทรา117,รามอินทรา,3,17:00-19:00,0,0,1
รามอินทรา117,รามอินทรา117,3,07:00-09:00,0,0,1
รามอินทรา117,รามอินทรา117,3,09:00-17:00,0,0,1
รามอินทรา117,รามอินทรา117,3,17:00-19:00,0,0,1
รามอินทรา127,รามอินทรา,3,07:00-09:00,0,0,1
รามอินทรา127,รามอินทรา,3,09:00-17:00,0,0,1
รามอินทรา127,รามอินทรา,3,17:00-19:00,0,0,1
รามอินทรา127,รามอินทรา127,3,07:00-09:00,0,0,1
รามอินทรา127,รามอินทรา127,3,09:00-17:00,0,0,1
รามอินทรา127,รามอินทรา127,3,17:00-19:00,0,0,1
รามอินทรา14,รามอินทรา,2,07:00-09:00,0,0,1
รามอินทรา14,รามอินทรา,2,09:00-17:00,0,0,1
รามอินทรา14,รามอินทรา,2,17:00-19:00,0,0,1
รามอินทรา14,รามอินทรา14,2,07:00-09:00,0,0,1
รามอินทรา14,รามอินทรา14,2,09:00-17:00,0,0,1
รามอินทรา14,รามอินทรา14,2,17:00-19:00,0,0,1
รามอินทรา34,รามอินทรา,3,07:00-09:00,0,0,1
รามอินทรา34,รามอินทรา,3,09:00-17:00,0,0,1
รามอินทรา34,รามอินทรา,3,17:00-19:00,0,0,1
รามอินทรา34,รามอินทรา34,3,07:00-09:00,0,0,1
รามอินทรา34,รามอินทรา34,3,09:00-17:00,0,0,1
รามอินทรา34,รามอินทรา34,3,17:00-19:00,0,0,1
ราษฎร์บูรณะ,ราษฎร์บูรณะ,2,07:00-09:00,0,0,2
ราษฎร์บูรณะ,ราษฎร์บูรณะ,2,09:00-16:00,0,0,1
ราษฎร์บูรณะ,ราษฎร์บูรณะ,2,09:00-17:00,0,0,1
ราษฎร์บูรณะ,ราษฎร์บูรณะ,2,16:00-19:00,0,0,1
ราษฎร์บูรณะ,ราษฎร์บูรณะ,2,17:00-19:00,0,0,1
ราษฎร์บูรณะ,ราษฎร์บูรณะ,3,07:00-09:00,1,1,0
ราษฎร์บูรณะ,ราษฎร์บูรณะ,3,09:00-16:00,1,1,0
ราษฎร์บูรณะ,ราษฎร์บูรณะ,3,16:00-19:00,1,1,0
ราษฎร์บูรณะ,ราษฎร์บูรณะ(ต่อ),2,07:00-09:00,0,0,1
ราษฎร์บูรณะ,ราษฎร์บูรณะ(ต่อ),2,09:00-16:00,0,0,1
ราษฎร์บูรณะ,ราษฎร์บูรณะ(ต่อ),2,16:00-19:00,0,0,1
ราษฎร์บูรณะ,ราษฎร์พัฒนา,2,07:00-09:00,0,0,1
ราษฎร์บูรณะ,ราษฎร์พัฒนา,2,09:00-17:00,0,0,1
ราษฎร์บูรณะ,ราษฎร์พัฒนา,2,17:00-19:00,0,0,1
ราษฎร์บูรณะ,ราษฎร์พัฒนา,3,07:00-09:00,1,1,0
ราษฎร์บูรณะ,ราษฎร์พัฒนา,3,09:00-16:00,1,1,0
ราษฎร์บูรณะ,ราษฎร์พัฒนา,3,16:00-19:00,1,1,0
ราษฎร์บูรณะ18,ราษฎร์บูรณะ,2,07:00-09:00,0,0,1
ราษฎร์บูรณะ18,ราษฎร์บูรณะ,2,09:00-17:00,0,0,1
ราษฎร์บูรณะ18,ราษฎร์บูรณะ,2,17:00-19:00,0,0,1
ราษฎร์พัฒนา,ซอยสุขสวัสดิ์27,4,07:00-09:00,1,1,0
ราษฎร์พัฒนา,ซอยสุขสวัสดิ์27,4,09:00-16:00,1,1,0
ราษฎร์พัฒนา,ซอยสุขสวัสดิ์27,4,16:00-19:00,1,1,0
ราษฎร์พัฒนา,สุขสวัสดิ์,1,07:00-09:00,0,0,2
ราษฎร์พัฒนา,สุขสวัสดิ์,1,09:00-16:00,0,0,1
ราษฎร์พัฒนา,สุขสวัสดิ์,1,09:00-17:00,0,0,1
ราษฎร์พัฒนา,สุขสวัสดิ์,1,16:00-19:00,0,0,1
ราษฎร์พัฒนา,สุขสวัสดิ์,1,17:00-19:00,0,0,1
ราษฎร์พัฒนา,สุขสวัสดิ์,4,07:00-09:00,1,0,0
ราษฎร์พัฒนา,สุขสวัสดิ์,4,09:00-16:00,1,0,0
ราษฎร์พัฒนา,สุขสวัสดิ์,4,16:00-19:00,1,0,0
ราษฎร์พัฒนา,สุขสวัสดิ์27,1,07:00-09:00,0,0,2
ราษฎร์พัฒนา,สุขสวัสดิ์27,1,09:00-16:00,0,0,1
ราษฎร์พัฒนา,สุขสวัสดิ์27,1,09:00-17:00,0,0,1
ราษฎร์พัฒนา,สุขสวัสดิ์27,1,16:00-19:00,0,0,1
ราษฎร์พัฒนา,สุขสวัสดิ์27,1,17:00-19:00,0,0,1
ราษฎร์พัฒนา,สุขสวัสดิ์สำนักการจราจรและขนส่ง,4,07:00-09:00,0,1,0
ราษฎร์พัฒนา,สุขสวัสดิ์สำนักการจราจรและขนส่ง,4,09:00-16:00,0,1,0
ราษฎร์พัฒนา,สุขสวัสดิ์สำนักการจราจรและขนส่ง,4,16:00-19:00,0,1,0
ราษฎร์พัฒนา-ราษฎร์พัฒนา15,ซอยราษฎรพัฒนา,4,07:00-09:00,1,0,0
ราษฎร์พัฒนา-ราษฎร์พัฒนา15,ซอยราษฎรพัฒนา,4,09:00-16:00,1,0,0
ราษฎร์พัฒนา-ราษฎร์พัฒนา15,ซอยราษฎรพัฒนา,4,16:00-19:00,1,0,0
ราษฎร์พัฒนา-ราษฎร์พัฒนา15,ราษฎร์พัฒนา,4,07:00-09:00,1,0,0
ราษฎร์พัฒนา-ราษฎร์พัฒนา15,ราษฎร์พัฒนา,4,09:00-16:00,1,0,0
ราษฎร์พัฒนา-ราษฎร์พัฒนา15,ราษฎร์พัฒนา,4,16:00-19:00,1,0,0
ราษฎร์พัฒนา-ราษฎร์พัฒนา5,ราษฎร์พัฒนา,1,07:00-09:00,0,0,1
ราษฎร์พัฒนา-ราษฎร์พัฒนา5,ราษฎร์พัฒนา,1,09:00-17:00,0,0,1
ราษฎร์พัฒนา-ราษฎร์พัฒนา5,ราษฎร์พัฒนา,1,17:00-19:00,0,0,1
ราษฎร์พัฒนา-ราษฎร์พัฒนา5,ราษฎร์พัฒนา4,1,07:00-09:00,0,0,1
ราษฎร์พัฒนา-ราษฎร์พัฒนา5,ราษฎร์พัฒนา4,1,09:00-17:00,0,0,1
ราษฎร์พัฒนา-ราษฎร์พัฒนา5,ราษฎร์พัฒนา4,1,17:00-19:00,0,0,1
ราษฎร์พัฒนา-ราษฎร์พัฒนา5,ราษฎร์พัฒนา5,1,07:00-09:00,0,0,1
ราษฎร์พัฒนา-ราษฎร์พัฒนา5,ราษฎร์พัฒนา5,1,09:00-17:00,0,0,1
ราษฎร์พัฒนา-ราษฎร์พัฒนา5,ราษฎร์พัฒนา5,1,17:00-19:00,0,0,1
ราษฎร์พัฒนา-เคหะร่มเกล้า,ราษฎร์พัฒนา,4,07:00-09:00,1,0,0
ราษฎร์พัฒนา-เคหะร่มเกล้า,ราษฎร์พัฒนา,4,09:00-16:00,1,0,0
ราษฎร์พัฒนา-เคหะร่มเกล้า,ราษฎร์พัฒนา,4,16:00-19:00,1,0,0
ราษฎร์พัฒนา-เคหะร่มเกล้า,เคหะร่มเกล้า,4,07:00-09:00,1,0,0
ราษฎร์พัฒนา-เคหะร่มเกล้า,เคหะร่มเกล้า,4,09:00-16:00,1,0,0
ราษฎร์พัฒนา-เคหะร่มเกล้า,เคหะร่มเกล้า,4,16:00-19:00,1,0,0
ราษฎร์พัฒนา10,ราษฎร์พัฒนา,4,07:00-09:00,0,0,1
ราษฎร์พัฒนา10,ราษฎร์พัฒนา,4,09:00-16:00,0,0,1
ราษฎร์พัฒนา10,ราษฎร์พัฒนา,4,16:00-19:00,0,0,1
ราษฎร์พัฒนา10,ราษฎร์พัฒนา10,4,07:00-09:00,0,0,1
ราษฎร์พัฒนา10,ราษฎร์พัฒนา10,4,09:00-16:00,0,0,1
ราษฎร์พัฒนา10,ราษฎร์พัฒนา10,4,16:00-19:00,0,0,1
ราษฎร์อุทิศ18,ราษฎร์อุทิศ,4,07:00-09:00,0,0,1
ราษฎร์อุทิศ18,ราษฎร์อุทิศ,4,09:00-16:00,0,0,1
ราษฎร์อุทิศ18,ราษฎร์อุทิศ,4,16:00-19:00,0,0,1
ราษฎร์อุทิศ18,ราษฎร์อุทิศ18,4,07:00-09:00,0,0,1
ราษฎร์อุทิศ18,ราษฎร์อุทิศ18,4,09:00-16:00,0,0,1
ราษฎร์อุทิศ18,ราษฎร์อุทิศ18,4,16:00-19:00,0,0,1
ราษฎร์อุทิศ38/1,ราษฎร์อุทิศ,4,07:00-09:00,0,0,1
ราษฎร์อุทิศ38/1,ราษฎร์อุทิศ,4,09:00-16:00,0,0,1
ราษฎร์อุทิศ38/1,ราษฎร์อุทิศ,4,16:00-19:00,0,0,1
ราษฎร์อุทิศ38/1,ราษฎร์อุทิศ38/1,4,07:00-09:00,0,0,1
ราษฎร์อุทิศ38/1,ราษฎร์อุทิศ38/1,4,09:00-16:00,0,0,1
ราษฎร์อุทิศ38/1,ราษฎร์อุทิศ38/1,4,16:00-19:00,0,0,1
ราษฎร์อุทิศ66,ราษฏร์อุทิศ,4,07:00-09:00,0,0,1
ราษฎร์อุทิศ66,ราษฏร์อุทิศ,4,09:00-17:00,0,0,1
ราษฎร์อุทิศ66,ราษฏร์อุทิศ,4,17:00-19:00,0,0,1
ราษฎร์อุทิศ68/2,ราษฎร์อุทิศ,2,07:00-09:00,0,0,1
ราษฎร์อุทิศ68/2,ราษฎร์อุทิศ,2,09:00-17:00,0,0,1
ราษฎร์อุทิศ68/2,ราษฎร์อุทิศ,2,17:00-19:00,0,0,1
ราษฎร์อุทิศตัดสุวินทวงศ์,ราษฎร์อุทิศ,1,07:00-09:00,1,0,0
ราษฎร์อุทิศตัดสุวินทวงศ์,ราษฎร์อุทิศ,1,09:00-16:00,1,0,0
ราษฎร์อุทิศตัดสุวินทวงศ์,ราษฎร์อุทิศ,1,16:00-19:00,1,0,0
ราษฎร์อุทิศตัดสุวินทวงศ์,ราษฎร์อุทิศ,2,07:00-09:00,1,0,0
ราษฎร์อุทิศตัดสุวินทวงศ์,ราษฎร์อุทิศ,2,09:00-16:00,1,0,0
ราษฎร์อุทิศตัดสุวินทวงศ์,ราษฎร์อุทิศ,2,16:00-19:00,1,0,0
ร่มเกลา,รามคำแหง,3,07:00-09:00,1,0,0
ร่มเกลา,รามคำแหง,3,09:00-16:00,1,0,0
ร่มเกลา,รามคำแหง,3,16:00-19:00,1,0,0
ร่มเกลา,ร่มเกล้า,3,07:00-09:00,1,0,0
ร่มเกลา,ร่มเกล้า,3,09:00-16:00,1,0,0
ร่มเกลา,ร่มเกล้า,3,16:00-19:00,1,0,0
ร่มเกล้า,รามคำแหง,3,07:00-09:00,1,0,0
ร่มเกล้า,รามคำแหง,3,09:00-16:00,1,0,0
ร่มเกล้า,รามคำแหง,3,16:00-19:00,1,0,0
ร่มเกล้า,รามคำแหง,4,07:00-09:00,0,1,0
ร่มเกล้า,รามคำแหง,4,09:00-16:00,0,1,0
ร่มเกล้า,รามคำแหง,4,16:00-19:00,0,1,0
ร่มเกล้า,ร่มเกล้า,3,07:00-09:00,1,0,0
ร่มเกล้า,ร่มเกล้า,3,09:00-16:00,1,0,0
ร่มเกล้า,ร่มเกล้า,3,16:00-19:00,1,0,0
ร่มเกล้า,ร่มเกล้า,4,07:00-09:00,0,1,0
ร่มเกล้า,ร่มเกล้า,4,09:00-16:00,0,1,0
ร่มเกล้า,ร่มเกล้า,4,16:00-19:00,0,1,0
ร่มไทร,ร่มไทร(บางบอน3ซอย12),2,07:00-09:00,0,0,1
ร่มไทร,ร่มไทร(บางบอน3ซอย12),2,09:00-17:00,0,0,1
ร่มไทร,ร่มไทร(บางบอน3ซอย12),2,17:00-19:00,0,0,1
ร่มไทร,เพชรเกษม69,2,07:00-09:00,0,0,1
ร่มไทร,เพชรเกษม69,2,09:00-17:00,0,0,1
ร่มไทร,เพชรเกษม69,2,17:00-19:00,0,0,1
ร่วมจิตต์,นครชัยศรี,2,07:00-09:00,0,1,0
ร่วมจิตต์,นครชัยศรี,2,09:00-16:00,0,1,0
ร่วมจิตต์,นครชัยศรี,2,16:00-19:00,0,1,0
ร่วมจิตต์,นครราชสีมา,4,07:00-09:00,0,0,1
ร่วมจิตต์,นครราชสีมา,4,09:00-17:00,0,0,1
ร่วมจิตต์,นครราชสีมา,4,17:00-19:00,0,0,1
ร่วมจิตต์,นครไชยศรี,4,07:00-09:00,0,0,1
ร่วมจิตต์,นครไชยศรี,4,09:00-17:00,0,0,1
ร่วมจิตต์,นครไชยศรี,4,17:00-19:00,0,0,1
ร่วมจิตต์,ราชสีมา,2,07:00-09:00,0,1,0
ร่วมจิตต์,ราชสีมา,2,09:00-16:00,0,1,0
ร่วมจิตต์,ราชสีมา,2,16:00-19:00,0,1,0
ร่วมพัฒนา-ประชาอุทิศ,ประชาอุทิศ,4,07:00-09:00,0,0,1
ร่วมพัฒนา-ประชาอุทิศ,ประชาอุทิศ,4,09:00-17:00,0,0,1
ร่วมพัฒนา-ประชาอุทิศ,ประชาอุทิศ,4,17:00-19:00,0,0,1
ร่วมพัฒนา-ประชาอุทิศ,ร่วมพัฒนา,4,07:00-09:00,0,0,1
ร่วมพัฒนา-ประชาอุทิศ,ร่วมพัฒนา,4,09:00-17:00,0,0,1
ร่วมพัฒนา-ประชาอุทิศ,ร่วมพัฒนา,4,17:00-19:00,0,0,1
ร่วมพัฒนา-อยู่วิทยา-สุวินทวงศ์,ร่วมพัฒนา,4,07:00-09:00,0,0,1
ร่วมพัฒนา-อยู่วิทยา-สุวินทวงศ์,ร่วมพัฒนา,4,09:00-17:00,0,0,1
ร่วมพัฒนา-อยู่วิทยา-สุวินทวงศ์,ร่วมพัฒนา,4,17:00-19:00,0,0,1
ร่วมพัฒนา-อยู่วิทยา-สุวินทวงศ์,สุวินทวงศ์,4,07:00-09:00,0,0,1
ร่วมพัฒนา-อยู่วิทยา-สุวินทวงศ์,สุวินทวงศ์,4,09:00-17:00,0,0,1
ร่วมพัฒนา-อยู่วิทยา-สุวินทวงศ์,สุวินทวงศ์,4,17:00-19:00,0,0,1
ร่วมพัฒนา-อยู่วิทยา-สุวินทวงศ์,อยู่วิทยา,4,07:00-09:00,0,0,1
ร่วมพัฒนา-อยู่วิทยา-สุวินทวงศ์,อยู่วิทยา,4,09:00-17:00,0,0,1
ร่วมพัฒนา-อยู่วิทยา-สุวินทวงศ์,อยู่วิทยา,4,17:00-19:00,0,0,1
ฤทธิยะวรรณาลัย,ช่องทางท่าดินแดง5,4,07:00-09:00,0,0,1
ฤทธิยะวรรณาลัย,ช่องทางท่าดินแดง5,4,09:00-17:00,0,0,1
ฤทธิยะวรรณาลัย,ช่องทางท่าดินแดง5,4,17:00-19:00,0,0,1
ฤทธิยะวรรณาลัย,ทางเข้าออกอากาศโยธิน,4,07:00-09:00,0,0,1
ฤทธิยะวรรณาลัย,ทางเข้าออกอากาศโยธิน,4,09:00-17:00,0,0,1
ฤทธิยะวรรณาลัย,ทางเข้าออกอากาศโยธิน,4,17:00-19:00,0,0,1
ฤทธิยะวรรณาลัย,พหลโยธิน,4,07:00-09:00,0,0,1
ฤทธิยะวรรณาลัย,พหลโยธิน,4,09:00-17:00,0,0,1
ฤทธิยะวรรณาลัย,พหลโยธิน,4,17:00-19:00,0,0,1
ลาซาล,ซอยลาซาล(สุขุมวิท105),1,07:00-09:00,0,1,0
ลาซาล,ซอยลาซาล(สุขุมวิท105),1,09:00-16:00,0,1,0
ลาซาล,ซอยลาซาล(สุขุมวิท105),1,16:00-19:00,0,1,0
ลาซาล,ซอยสุขุมวิท105,3,07:00-09:00,1,0,0
ลาซาล,ซอยสุขุมวิท105,3,09:00-16:00,1,0,0
ลาซาล,ซอยสุขุมวิท105,3,16:00-19:00,1,0,0
ลาซาล,ซอยสุขุมวิท105,4,07:00-09:00,1,0,0
ลาซาล,ซอยสุขุมวิท105,4,09:00-16:00,1,0,0
ลาซาล,ซอยสุขุมวิท105,4,16:00-19:00,1,0,0
ลาซาล,สุขุมวิท,1,07:00-09:00,0,1,1
ลาซาล,สุขุมวิท,1,09:00-16:00,0,1,0
ลาซาล,สุขุมวิท,1,09:00-17:00,0,0,1
ลาซาล,สุขุมวิท,1,16:00-19:00,0,1,0
ลาซาล,สุขุมวิท,1,17:00-19:00,0,0,1
ลาซาล,สุขุมวิท,2,07:00-09:00,0,0,1
ลาซาล,สุขุมวิท,2,09:00-17:00,0,0,1
ลาซาล,สุขุมวิท,2,17:00-19:00,0,0,1
ลาซาล,สุขุมวิท,3,07:00-09:00,1,0,0
ลาซาล,สุขุมวิท,3,09:00-16:00,1,0,0
ลาซาล,สุขุมวิท,3,16:00-19:00,1,0,0
ลาซาล,สุขุมวิท,4,07:00-09:00,1,0,0
ลาซาล,สุขุมวิท,4,09:00-16:00,1,0,0
ลาซาล,สุขุมวิท,4,16:00-19:00,1,0,0
ลาซาล,สุขุมวิท105,1,07:00-09:00,0,0,1
ลาซาล,สุขุมวิท105,1,09:00-17:00,0,0,1
ลาซาล,สุขุมวิท105,1,17:00-19:00,0,0,1
ลาซาล,สุขุมวิท105,2,07:00-09:00,0,0,1
ลาซาล,สุขุมวิท105,2,09:00-17:00,0,0,1
ลาซาล,สุขุมวิท105,2,17:00-19:00,0,0,1
ลาซาล-ถนนตัดไหม่ลาซาล-แบริ่ง,ตัดใหม่ลาซาล-แบริ่ง,1,06:30-09:00,1,0,0
ลาซาล-ถนนตัดไหม่ลาซาล-แบริ่ง,ตัดใหม่ลาซาล-แบริ่ง,1,09:00-16:00,1,0,0
ลาซาล-ถนนตัดไหม่ลาซาล-แบริ่ง,ตัดใหม่ลาซาล-แบริ่ง,1,16:00-19:30,1,0,0
ลาซาล-ถนนตัดไหม่ลาซาล-แบริ่ง,ลาซาล,1,06:30-09:00,1,0,0
ลาซาล-ถนนตัดไหม่ลาซาล-แบริ่ง,ลาซาล,1,09:00-16:00,1,0,0
ลาซาล-ถนนตัดไหม่ลาซาล-แบริ่ง,ลาซาล,1,16:00-19:30,1,0,0
ลาซาล-แบริ่งลาซาล,ลาซาล,4,07:00-09:00,0,0,1
ลาซาล-แบริ่งลาซาล,ลาซาล,4,09:00-17:00,0,0,1
ลาซาล-แบริ่งลาซาล,ลาซาล,4,17:00-19:00,0,0,1
ลาซาล-แบริ่งลาซาล,สุขุมวิท105(ลาซาล),1,07:00-09:00,0,0,1
ลาซาล-แบริ่งลาซาล,สุขุมวิท105(ลาซาล),1,09:00-17:00,0,0,1
ลาซาล-แบริ่งลาซาล,สุขุมวิท105(ลาซาล),1,17:00-19:00,0,0,1
ลาซาล-แบริ่งลาซาล,แบริ่งลาซาล,1,07:00-09:00,0,0,1
ลาซาล-แบริ่งลาซาล,แบริ่งลาซาล,1,09:00-17:00,0,0,1
ลาซาล-แบริ่งลาซาล,แบริ่งลาซาล,1,17:00-19:00,0,0,1
ลาซาล-แบริ่งลาซาล,แบริ่งลาซาล,4,07:00-09:00,0,0,1
ลาซาล-แบริ่งลาซาล,แบริ่งลาซาล,4,09:00-17:00,0,0,1
ลาซาล-แบริ่งลาซาล,แบริ่งลาซาล,4,17:00-19:00,0,0,1
ลาดกระบัง-ฉลองกรุง,ฉลองกรุง,1,07:00-09:00,1,1,0
ลาดกระบัง-ฉลองกรุง,ฉลองกรุง,1,09:00-16:00,1,1,0
ลาดกระบัง-ฉลองกรุง,ฉลองกรุง,1,16:00-19:00,1,1,0
ลาดกระบัง-ฉลองกรุง,ฉลองกรุง,2,07:00-09:00,0,0,1
ลาดกระบัง-ฉลองกรุง,ฉลองกรุง,2,09:00-17:00,0,0,1
ลาดกระบัง-ฉลองกรุง,ฉลองกรุง,2,17:00-19:00,0,0,1
ลาดกระบัง-ฉลองกรุง,ลาดกระบัง,1,07:00-09:00,1,1,0
ลาดกระบัง-ฉลองกรุง,ลาดกระบัง,1,09:00-16:00,1,1,0
ลาดกระบัง-ฉลองกรุง,ลาดกระบัง,1,16:00-19:00,1,1,0
ลาดกระบัง-ฉลองกรุง,ลาดกระบัง,2,07:00-09:00,0,0,1
ลาดกระบัง-ฉลองกรุง,ลาดกระบัง,2,09:00-17:00,0,0,1
ลาดกระบัง-ฉลองกรุง,ลาดกระบัง,2,17:00-19:00,0,0,1
ลาดกระบัง-ร่มเกล้า,ร่มเกล้า,4,07:00-09:00,1,1,0
ลาดกระบัง-ร่มเกล้า,ร่มเกล้า,4,09:00-16:00,1,1,0
ลาดกระบัง-ร่มเกล้า,ร่มเกล้า,4,16:00-19:00,1,1,0
ลาดกระบัง-ร่มเกล้า,ลาดกระบัง,4,07:00-09:00,1,1,0
ลาดกระบัง-ร่มเกล้า,ลาดกระบัง,4,09:00-16:00,1,1,0
ลาดกระบัง-ร่มเกล้า,ลาดกระบัง,4,16:00-19:00,1,1,0
ลาดกระบัง1ก/7,ลาดกระบัง,4,07:00-09:00,0,0,1
ลาดกระบัง1ก/7,ลาดกระบัง,4,09:00-17:00,0,0,1
ลาดกระบัง1ก/7,ลาดกระบัง,4,17:00-19:00,0,0,1
ลาดกระบัง54,ซอยลาดกระบัง54,3,07:00-09:00,1,0,0
ลาดกระบัง54,ซอยลาดกระบัง54,3,09:00-16:00,1,0,0
ลาดกระบัง54,ซอยลาดกระบัง54,3,16:00-19:00,1,0,0
ลาดกระบัง54,ลาดกระบัง,2,07:00-09:00,0,0,2
ลาดกระบัง54,ลาดกระบัง,2,09:00-17:00,0,0,2
ลาดกระบัง54,ลาดกระบัง,2,17:00-19:00,0,0,2
ลาดกระบัง54,ลาดกระบัง,3,07:00-09:00,1,0,0
ลาดกระบัง54,ลาดกระบัง,3,09:00-16:00,1,0,0
ลาดกระบัง54,ลาดกระบัง,3,16:00-19:00,1,0,0
ลาดกระบัง54,ลาดกระบัง54,2,07:00-09:00,0,0,2
ลาดกระบัง54,ลาดกระบัง54,2,09:00-17:00,0,0,2
ลาดกระบัง54,ลาดกระบัง54,2,17:00-19:00,0,0,2
ลาดบัวขาว,มณีพัฒนา,1,07:00-09:00,0,1,0
ลาดบัวขาว,มณีพัฒนา,1,09:00-16:00,0,1,0
ลาดบัวขาว,มณีพัฒนา,1,16:00-19:00,0,1,0
ลาดบัวขาว,มีนพัฒนา,1,07:00-09:00,0,0,1
ลาดบัวขาว,มีนพัฒนา,1,09:00-17:00,0,0,1
ลาดบัวขาว,มีนพัฒนา,1,17:00-19:00,0,0,1
ลาดบัวขาว,มีนพัฒนา,2,07:00-09:00,1,0,0
ลาดบัวขาว,มีนพัฒนา,2,09:00-16:00,1,0,0
ลาดบัวขาว,มีนพัฒนา,2,16:00-19:00,1,0,0
ลาดบัวขาว,รามคำแหง,1,07:00-09:00,0,1,1
ลาดบัวขาว,รามคำแหง,1,09:00-16:00,0,1,0
ลาดบัวขาว,รามคำแหง,1,09:00-17:00,0,0,1
ลาดบัวขาว,รามคำแหง,1,16:00-19:00,0,1,0
ลาดบัวขาว,รามคำแหง,1,17:00-19:00,0,0,1
ลาดบัวขาว,รามคำแหง,2,07:00-09:00,1,0,0
ลาดบัวขาว,รามคำแหง,2,09:00-16:00,1,0,0
ลาดบัวขาว,รามคำแหง,2,16:00-19:00,1,0,0
ลาดปลาเค้า,รามอินทรา,1,07:00-09:00,0,1,1
ลาดปลาเค้า,รามอินทรา,1,09:00-16:00,0,1,1
ลาดปลาเค้า,รามอินทรา,1,16:00-19:00,0,1,1
ลาดปลาเค้า,รามอินทรา,2,07:00-09:00,0,0,1
ลาดปลาเค้า,รามอินทรา,2,09:00-17:00,0,0,1
ลาดปลาเค้า,รามอินทรา,2,17:00-19:00,0,0,1
ลาดปลาเค้า,รามอินทรา,3,07:00-09:00,2,0,0
ลาดปลาเค้า,รามอินทรา,3,09:00-16:00,2,0,0
ลาดปลาเค้า,รามอินทรา,3,16:00-19:00,2,0,0
ลาดปลาเค้า,รามอินทรา,4,07:00-09:00,0,0,1
ลาดปลาเค้า,รามอินทรา,4,09:00-17:00,0,0,1
ลาดปลาเค้า,รามอินทรา,4,17:00-19:00,0,0,1
ลาดปลาเค้า,ลาดปลาเค้า,1,07:00-09:00,0,1,1
ลาดปลาเค้า,ลาดปลาเค้า,1,09:00-16:00,0,1,1
ลาดปลาเค้า,ลาดปลาเค้า,1,16:00-19:00,0,1,1
ลาดปลาเค้า,ลาดปลาเค้า,2,07:00-09:00,0,0,1
ลาดปลาเค้า,ลาดปลาเค้า,2,09:00-17:00,0,0,1
ลาดปลาเค้า,ลาดปลาเค้า,2,17:00-19:00,0,0,1
ลาดปลาเค้า,ลาดปลาเค้า,3,07:00-09:00,2,0,0
ลาดปลาเค้า,ลาดปลาเค้า,3,09:00-16:00,2,0,0
ลาดปลาเค้า,ลาดปลาเค้า,3,16:00-19:00,2,0,0
ลาดปลาเค้า,ลาดปลาเค้า,4,07:00-09:00,0,0,1
ลาดปลาเค้า,ลาดปลาเค้า,4,09:00-17:00,0,0,1
ลาดปลาเค้า,ลาดปลาเค้า,4,17:00-19:00,0,0,1
ลาดพร้าว,พหลโยธิน,2,07:00-09:00,0,0,1
ลาดพร้าว,พหลโยธิน,2,09:00-17:00,0,0,1
ลาดพร้าว,พหลโยธิน,2,17:00-19:00,0,0,1
ลาดพร้าว,ลาดพร้าว,2,07:00-09:00,0,0,1
ลาดพร้าว,ลาดพร้าว,2,09:00-17:00,0,0,1
ลาดพร้าว,ลาดพร้าว,2,17:00-19:00,0,0,1
ลาดพร้าว,วิภาวดีรังสิต,2,07:00-09:00,0,0,2
ลาดพร้าว,วิภาวดีรังสิต,2,09:00-17:00,0,0,2
ลาดพร้าว,วิภาวดีรังสิต,2,17:00-19:00,0,0,2
ลาดพร้าว(ขาออก),พหลโยธิน,3,07:00-09:00,0,0,1
ลาดพร้าว(ขาออก),พหลโยธิน,3,09:00-16:00,0,0,1
ลาดพร้าว(ขาออก),พหลโยธิน,3,16:00-19:00,0,0,1
ลาดพร้าว-ประดิษฐ์มนูธรรม,ประดิษฐ์มนูธรรม,3,07:00-09:00,0,0,1
ลาดพร้าว-ประดิษฐ์มนูธรรม,ประดิษฐ์มนูธรรม,3,09:00-17:00,0,0,1
ลาดพร้าว-ประดิษฐ์มนูธรรม,ประดิษฐ์มนูธรรม,3,17:00-19:00,0,0,1
ลาดพร้าว-ประดิษฐ์มนูธรรม,ลาดพร้าว,3,07:00-09:00,0,0,1
ลาดพร้าว-ประดิษฐ์มนูธรรม,ลาดพร้าว,3,09:00-17:00,0,0,1
ลาดพร้าว-ประดิษฐ์มนูธรรม,ลาดพร้าว,3,17:00-19:00,0,0,1
ลาดพร้าว-มหาดไทย,มหาดไทย,4,07:00-09:00,0,0,1
ลาดพร้าว-มหาดไทย,มหาดไทย,4,09:00-17:00,0,0,1
ลาดพร้าว-มหาดไทย,มหาดไทย,4,17:00-19:00,0,0,1
ลาดพร้าว-มหาดไทย,ลาดพร้าว,1,07:00-09:00,0,0,1
ลาดพร้าว-มหาดไทย,ลาดพร้าว,1,09:00-17:00,0,0,1
ลาดพร้าว-มหาดไทย,ลาดพร้าว,1,17:00-19:00,0,0,1
ลาดพร้าว-มหาดไทย,ลาดพร้าว,4,07:00-09:00,0,0,1
ลาดพร้าว-มหาดไทย,ลาดพร้าว,4,09:00-17:00,0,0,1
ลาดพร้าว-มหาดไทย,ลาดพร้าว,4,17:00-19:00,0,0,1
ลาดพร้าว-มหาดไทย,ลาดพร้าว122,1,07:00-09:00,0,0,1
ลาดพร้าว-มหาดไทย,ลาดพร้าว122,1,09:00-17:00,0,0,1
ลาดพร้าว-มหาดไทย,ลาดพร้าว122,1,17:00-19:00,0,0,1
ลาดพร้าว-ลาดพร้าว15,ซอยลาดพร้าว15,1,07:00-09:00,0,1,0
ลาดพร้าว-ลาดพร้าว15,ซอยลาดพร้าว15,1,09:00-16:00,0,1,0
ลาดพร้าว-ลาดพร้าว15,ซอยลาดพร้าว15,1,16:00-19:00,0,1,0
ลาดพร้าว-ลาดพร้าว15,ลาดพร้าว,1,07:00-09:00,0,1,0
ลาดพร้าว-ลาดพร้าว15,ลาดพร้าว,1,09:00-16:00,0,1,0
ลาดพร้าว-ลาดพร้าว15,ลาดพร้าว,1,16:00-19:00,0,1,0
ลาดพร้าว101,ซอยลาดพร้าว101,1,07:00-09:00,0,1,0
ลาดพร้าว101,ซอยลาดพร้าว101,1,09:00-16:00,0,1,0
ลาดพร้าว101,ซอยลาดพร้าว101,1,16:00-19:00,0,1,0
ลาดพร้าว101,ซอยลาดพร้าว101,2,07:00-09:00,1,0,0
ลาดพร้าว101,ซอยลาดพร้าว101,2,09:00-16:00,1,0,0
ลาดพร้าว101,ซอยลาดพร้าว101,2,16:00-19:00,1,0,0
ลาดพร้าว101,ซอยลาดพร้าว128/1,1,07:00-09:00,0,1,0
ลาดพร้าว101,ซอยลาดพร้าว128/1,1,09:00-16:00,0,1,0
ลาดพร้าว101,ซอยลาดพร้าว128/1,1,16:00-19:00,0,1,0
ลาดพร้าว101,ซอยลาดพร้าว128/1,2,07:00-09:00,1,0,0
ลาดพร้าว101,ซอยลาดพร้าว128/1,2,09:00-16:00,1,0,0
ลาดพร้าว101,ซอยลาดพร้าว128/1,2,16:00-19:00,1,0,0
ลาดพร้าว101,ลาดพร้าว,1,07:00-09:00,0,1,1
ลาดพร้าว101,ลาดพร้าว,1,09:00-16:00,0,1,0
ลาดพร้าว101,ลาดพร้าว,1,09:00-17:00,0,0,1
ลาดพร้าว101,ลาดพร้าว,1,16:00-19:00,0,1,0
ลาดพร้าว101,ลาดพร้าว,1,17:00-19:00,0,0,1
ลาดพร้าว101,ลาดพร้าว,2,07:00-09:00,1,0,0
ลาดพร้าว101,ลาดพร้าว,2,09:00-16:00,1,0,0
ลาดพร้าว101,ลาดพร้าว,2,16:00-19:00,1,0,0
ลาดพร้าว101,ลาดพร้าว101,1,07:00-09:00,0,0,1
ลาดพร้าว101,ลาดพร้าว101,1,09:00-17:00,0,0,1
ลาดพร้าว101,ลาดพร้าว101,1,17:00-19:00,0,0,1
ลาดพร้าว101,ลาดพร้าว128/1,1,07:00-09:00,0,0,1
ลาดพร้าว101,ลาดพร้าว128/1,1,09:00-17:00,0,0,1
ลาดพร้าว101,ลาดพร้าว128/1,1,17:00-19:00,0,0,1
ลาดพร้าว101/1,ลาดพร้าว,1,07:00-09:00,0,0,1
ลาดพร้าว101/1,ลาดพร้าว,1,09:00-17:00,0,0,1
ลาดพร้าว101/1,ลาดพร้าว,1,17:00-19:00,0,0,1
ลาดพร้าว101/1,ลาดพร้าว101/1,1,07:00-09:00,0,0,1
ลาดพร้าว101/1,ลาดพร้าว101/1,1,09:00-17:00,0,0,1
ลาดพร้าว101/1,ลาดพร้าว101/1,1,17:00-19:00,0,0,1
ลาดพร้าว112,ลาดพร้าว,1,07:00-09:00,0,0,1
ลาดพร้าว112,ลาดพร้าว,1,09:00-17:00,0,0,1
ลาดพร้าว112,ลาดพร้าว,1,17:00-19:00,0,0,1
ลาดพร้าว112,ลาดพร้าว112,1,07:00-09:00,0,0,1
ลาดพร้าว112,ลาดพร้าว112,1,09:00-17:00,0,0,1
ลาดพร้าว112,ลาดพร้าว112,1,17:00-19:00,0,0,1
ลาดพร้าว12,ลาดพร้าว,2,07:00-09:00,0,0,1
ลาดพร้าว12,ลาดพร้าว,2,09:00-17:00,0,0,1
ลาดพร้าว12,ลาดพร้าว,2,17:00-19:00,0,0,1
ลาดพร้าว12,ลาดพร้าว12,2,07:00-09:00,0,0,1
ลาดพร้าว12,ลาดพร้าว12,2,09:00-17:00,0,0,1
ลาดพร้าว12,ลาดพร้าว12,2,17:00-19:00,0,0,1
ลาดพร้าว14,ลาดพร้าว,2,07:00-09:00,0,0,1
ลาดพร้าว14,ลาดพร้าว,2,09:00-17:00,0,0,1
ลาดพร้าว14,ลาดพร้าว,2,17:00-19:00,0,0,1
ลาดพร้าว14,ลาดพร้าว14,2,07:00-09:00,0,0,1
ลาดพร้าว14,ลาดพร้าว14,2,09:00-17:00,0,0,1
ลาดพร้าว14,ลาดพร้าว14,2,17:00-19:00,0,0,1
ลาดพร้าว35,ลาดพร้าว,1,07:00-09:00,0,0,1
ลาดพร้าว35,ลาดพร้าว,1,09:00-17:00,0,0,1
ลาดพร้าว35,ลาดพร้าว,1,17:00-19:00,0,0,1
ลาดพร้าว35,ลาดพร้าว35,1,07:00-09:00,0,0,1
ลาดพร้าว35,ลาดพร้าว35,1,09:00-17:00,0,0,1
ลาดพร้าว35,ลาดพร้าว35,1,17:00-19:00,0,0,1
ลาดพร้าว40,ลาดพร้าว,4,07:00-09:00,0,0,1
ลาดพร้าว40,ลาดพร้าว,4,09:00-17:00,0,0,1
ลาดพร้าว40,ลาดพร้าว,4,17:00-19:00,0,0,1
ลาดพร้าว40,ลาดพร้าว40,4,07:00-09:00,0,0,1
ลาดพร้าว40,ลาดพร้าว40,4,09:00-17:00,0,0,1
ลาดพร้าว40,ลาดพร้าว40,4,17:00-19:00,0,0,1
ลาดพร้าว48,ลาดพร้าว,1,07:00-09:00,0,0,1
ลาดพร้าว48,ลาดพร้าว,1,09:00-17:00,0,0,1
ลาดพร้าว48,ลาดพร้าว,1,17:00-19:00,0,0,1
ลาดพร้าว48,ลาดพร้าว48,1,07:00-09:00,0,0,1
ลาดพร้าว48,ลาดพร้าว48,1,09:00-17:00,0,0,1
ลาดพร้าว48,ลาดพร้าว48,1,17:00-19:00,0,0,1
ลาดพร้าว6,ลาดพร้าว,2,07:00-09:00,0,0,1
ลาดพร้าว6,ลาดพร้าว,2,09:00-17:00,0,0,1
ลาดพร้าว6,ลาดพร้าว,2,17:00-19:00,0,0,1
ลาดพร้าว6,ลาดพร้าว6,2,07:00-09:00,0,0,1
ลาดพร้าว6,ลาดพร้าว6,2,09:00-17:00,0,0,1
ลาดพร้าว6,ลาดพร้าว6,2,17:00-19:00,0,0,1
ลาดพร้าว60,ลาดพร้าว,1,07:00-09:00,0,0,1
ลาดพร้าว60,ลาดพร้าว,1,09:00-17:00,0,0,1
ลาดพร้าว60,ลาดพร้าว,1,17:00-19:00,0,0,1
ลาดพร้าว60,ลาดพร้าว60,1,07:00-09:00,0,0,1
ลาดพร้าว60,ลาดพร้าว60,1,09:00-17:00,0,0,1
ลาดพร้าว60,ลาดพร้าว60,1,17:00-19:00,0,0,1
ลาดพร้าว62,ลาดพร้าว,1,07:00-09:00,0,0,1
ลาดพร้าว62,ลาดพร้าว,1,09:00-17:00,0,0,1
ลาดพร้าว62,ลาดพร้าว,1,17:00-19:00,0,0,1
ลาดพร้าว62,ลาดพร้าว62,1,07:00-09:00,0,0,1
ลาดพร้าว62,ลาดพร้าว62,1,09:00-17:00,0,0,1
ลาดพร้าว62,ลาดพร้าว62,1,17:00-19:00,0,0,1
ลาดพร้าว71,ลาดพร้าว,3,07:00-09:00,0,0,1
ลาดพร้าว71,ลาดพร้าว,3,09:00-17:00,0,0,1
ลาดพร้าว71,ลาดพร้าว,3,17:00-19:00,0,0,1
ลาดพร้าว71,ลาดพร้าว71,3,07:00-09:00,0,0,1
ลาดพร้าว71,ลาดพร้าว71,3,09:00-17:00,0,0,1
ลาดพร้าว71,ลาดพร้าว71,3,17:00-19:00,0,0,1
ลาดพร้าว94,ลาดพร้าว,3,07:00-09:00,0,0,1
ลาดพร้าว94,ลาดพร้าว,3,09:00-17:00,0,0,1
ลาดพร้าว94,ลาดพร้าว,3,17:00-19:00,0,0,1
ลาดพร้าว94,ลาดพร้าว94,3,07:00-09:00,0,0,1
ลาดพร้าว94,ลาดพร้าว94,3,09:00-17:00,0,0,1
ลาดพร้าว94,ลาดพร้าว94,3,17:00-19:00,0,0,1
ลาดพร้าววังหิน-โชคชัย4,ลาดพร้าววังหิน,4,07:00-09:00,0,0,1
ลาดพร้าววังหิน-โชคชัย4,ลาดพร้าววังหิน,4,09:00-17:00,0,0,1
ลาดพร้าววังหิน-โชคชัย4,ลาดพร้าววังหิน,4,17:00-19:00,0,0,1
ลาดพร้าววังหิน-โชคชัย4,ลาดพร้าววังหิน79,4,07:00-09:00,0,0,1
ลาดพร้าววังหิน-โชคชัย4,ลาดพร้าววังหิน79,4,09:00-17:00,0,0,1
ลาดพร้าววังหิน-โชคชัย4,ลาดพร้าววังหิน79,4,17:00-19:00,0,0,1
ลาดพร้าววังหิน-โชคชัย4,โชคชัย4,4,07:00-09:00,0,0,1
ลาดพร้าววังหิน-โชคชัย4,โชคชัย4,4,09:00-17:00,0,0,1
ลาดพร้าววังหิน-โชคชัย4,โชคชัย4,4,17:00-19:00,0,0,1
ลาสาลี,ศรีนครินทร์,4,07:00-09:00,0,1,0
ลาสาลี,ศรีนครินทร์,4,09:00-16:00,0,1,0
ลาสาลี,ศรีนครินทร์,4,16:00-19:00,0,1,0
ลำกะโหลก,ปัญญาอินทรา,2,07:00-09:00,0,0,1
ลำกะโหลก,ปัญญาอินทรา,2,09:00-17:00,0,0,1
ลำกะโหลก,ปัญญาอินทรา,2,17:00-19:00,0,0,1
ลำกะโหลก,ปัญญาอินทรา,3,07:00-09:00,0,0,1
ลำกะโหลก,ปัญญาอินทรา,3,09:00-16:00,0,0,1
ลำกะโหลก,ปัญญาอินทรา,3,16:00-19:00,0,0,1
ลำกะโหลก,พระยาสุเรนทร์,2,07:00-09:00,0,0,1
ลำกะโหลก,พระยาสุเรนทร์,2,09:00-17:00,0,0,1
ลำกะโหลก,พระยาสุเรนทร์,2,17:00-19:00,0,0,1
ลำกะโหลก,พระยาสุเรนทร์,3,07:00-09:00,0,0,1
ลำกะโหลก,พระยาสุเรนทร์,3,09:00-16:00,0,0,1
ลำกะโหลก,พระยาสุเรนทร์,3,16:00-19:00,0,0,1
ลำพูนไชย,ลำพูนไชย,4,07:00-09:00,0,0,1
ลำพูนไชย,ลำพูนไชย,4,09:00-16:00,0,0,1
ลำพูนไชย,ลำพูนไชย,4,16:00-19:00,0,0,1
ลำพูนไชย,เจริญกรุง,4,07:00-09:00,0,0,1
ลำพูนไชย,เจริญกรุง,4,09:00-16:00,0,0,1
ลำพูนไชย,เจริญกรุง,4,16:00-19:00,0,0,1
ลำสาลี,รามคาแหง,4,07:00-09:00,0,1,0
ลำสาลี,รามคาแหง,4,09:00-16:00,0,1,0
ลำสาลี,รามคาแหง,4,16:00-19:00,0,1,0
ลำสาลี,รามคำแหง,2,07:00-09:00,1,0,1
ลำสาลี,รามคำแหง,2,09:00-16:00,1,0,0
ลำสาลี,รามคำแหง,2,09:00-17:00,0,0,1
ลำสาลี,รามคำแหง,2,16:00-19:00,1,0,0
ลำสาลี,รามคำแหง,2,17:00-19:00,0,0,1
ลำสาลี,รามคำแหง,4,07:00-09:00,0,0,1
ลำสาลี,รามคำแหง,4,09:00-17:00,0,0,1
ลำสาลี,รามคำแหง,4,17:00-19:00,0,0,1
ลำสาลี,ศรีนครินทร์,2,07:00-09:00,1,0,1
ลำสาลี,ศรีนครินทร์,2,09:00-16:00,1,0,0
ลำสาลี,ศรีนครินทร์,2,09:00-17:00,0,0,1
ลำสาลี,ศรีนครินทร์,2,16:00-19:00,1,0,0
ลำสาลี,ศรีนครินทร์,2,17:00-19:00,0,0,1
ลำสาลี,ศรีนครินทร์,4,07:00-09:00,0,0,1
ลำสาลี,ศรีนครินทร์,4,09:00-17:00,0,0,1
ลำสาลี,ศรีนครินทร์,4,17:00-19:00,0,0,1
ลำหิน,คู้คลองสิบ,2,07:00-09:00,0,0,1
ลำหิน,คู้คลองสิบ,2,09:00-17:00,0,0,1
ลำหิน,คู้คลองสิบ,2,17:00-19:00,0,0,1
ลำหิน,มิตรไมตรี,2,07:00-09:00,0,0,1
ลำหิน,มิตรไมตรี,2,09:00-17:00,0,0,1
ลำหิน,มิตรไมตรี,2,17:00-19:00,0,0,1
ลำหิน,เลียบวารี,2,07:00-09:00,0,0,1
ลำหิน,เลียบวารี,2,09:00-17:00,0,0,1
ลำหิน,เลียบวารี,2,17:00-19:00,0,0,1
วขิระ,สามเสน,1,07:00-09:00,0,0,1
วขิระ,สามเสน,1,09:00-17:00,0,0,1
วขิระ,สามเสน,1,17:00-19:00,0,0,1
วขิระ,สุโขทัย,1,07:00-09:00,0,0,1
วขิระ,สุโขทัย,1,09:00-17:00,0,0,1
วขิระ,สุโขทัย,1,17:00-19:00,0,0,1
วงศสว่าง,กรุงเทพนนท์,2,07:00-09:00,0,0,1
วงศสว่าง,กรุงเทพนนท์,2,09:00-16:00,0,0,1
วงศสว่าง,กรุงเทพนนท์,2,16:00-19:00,0,0,1
วงศสว่าง,รัชดาภิเษก,2,07:00-09:00,0,0,1
วงศสว่าง,รัชดาภิเษก,2,09:00-16:00,0,0,1
วงศสว่าง,รัชดาภิเษก,2,16:00-19:00,0,0,1
วงศสว่าง,วงศสว่าง,2,07:00-09:00,0,0,1
วงศสว่าง,วงศสว่าง,2,09:00-16:00,0,0,1
วงศสว่าง,วงศสว่าง,2,16:00-19:00,0,0,1
วงศ์สว่าง,กรุงเทพ-นนทบุรี,2,07:00-09:00,1,0,0
วงศ์สว่าง,กรุงเทพ-นนทบุรี,2,09:00-16:00,1,0,0
วงศ์สว่าง,กรุงเทพ-นนทบุรี,2,16:00-19:00,1,0,0
วงศ์สว่าง,กรุงเทพ-นนทบุรี,4,07:00-09:00,1,2,0
วงศ์สว่าง,กรุงเทพ-นนทบุรี,4,09:00-16:00,1,2,0
วงศ์สว่าง,กรุงเทพ-นนทบุรี,4,16:00-19:00,1,2,0
วงศ์สว่าง,กรุงเทพนนท์,1,07:00-09:00,0,0,1
วงศ์สว่าง,กรุงเทพนนท์,1,09:00-17:00,0,0,1
วงศ์สว่าง,กรุงเทพนนท์,1,17:00-19:00,0,0,1
วงศ์สว่าง,รัชดาภิเษก,1,07:00-09:00,0,0,1
วงศ์สว่าง,รัชดาภิเษก,1,09:00-17:00,0,0,1
วงศ์สว่าง,รัชดาภิเษก,1,17:00-19:00,0,0,1
วงศ์สว่าง,รัชดาภิเษก,2,07:00-09:00,1,0,0
วงศ์สว่าง,รัชดาภิเษก,2,09:00-16:00,1,0,0
วงศ์สว่าง,รัชดาภิเษก,2,16:00-19:00,1,0,0
วงศ์สว่าง,รัชดาภิเษก,4,07:00-09:00,1,2,0
วงศ์สว่าง,รัชดาภิเษก,4,09:00-16:00,1,2,0
วงศ์สว่าง,รัชดาภิเษก,4,16:00-19:00,1,2,0
วงศ์สว่าง,วงศ์สว่าง,1,07:00-09:00,0,0,1
วงศ์สว่าง,วงศ์สว่าง,1,09:00-17:00,0,0,1
วงศ์สว่าง,วงศ์สว่าง,1,17:00-19:00,0,0,1
วงศ์สว่าง,วงศ์สว่าง,2,07:00-09:00,1,0,0
วงศ์สว่าง,วงศ์สว่าง,2,09:00-16:00,1,0,0
วงศ์สว่าง,วงศ์สว่าง,2,16:00-19:00,1,0,0
วงศ์สว่าง,วงศ์สว่าง,4,07:00-09:00,1,2,0
วงศ์สว่าง,วงศ์สว่าง,4,09:00-16:00,1,2,0
วงศ์สว่าง,วงศ์สว่าง,4,16:00-19:00,1,2,0
วงเวียน22กรกฎา,มิตรพันธ์,4,07:00-09:00,0,1,0
วงเวียน22กรกฎา,มิตรพันธ์,4,09:00-16:00,0,1,0
วงเวียน22กรกฎา,มิตรพันธ์,4,16:00-19:00,0,1,0
วงเวียน22กรกฎา,สันติภาพ,4,07:00-09:00,0,1,0
วงเวียน22กรกฎา,สันติภาพ,4,09:00-16:00,0,1,0
วงเวียน22กรกฎา,สันติภาพ,4,16:00-19:00,0,1,0
วงเวียน22กรกฎา,ไมตรีจิต,4,07:00-09:00,0,1,0
วงเวียน22กรกฎา,ไมตรีจิต,4,09:00-16:00,0,1,0
วงเวียน22กรกฎา,ไมตรีจิต,4,16:00-19:00,0,1,0
วงเวียนตลาดน้อย,เจริญกรุง,2,07:00-09:00,0,0,1
วงเวียนตลาดน้อย,เจริญกรุง,2,09:00-17:00,0,0,1
วงเวียนตลาดน้อย,เจริญกรุง,2,17:00-19:00,0,0,1
วงเวียนรด.,จักรเพชร,4,07:00-09:00,0,1,0
วงเวียนรด.,จักรเพชร,4,09:00-16:00,0,1,0
วงเวียนรด.,จักรเพชร,4,16:00-19:00,0,1,0
วงเวียนรด.,มหาราช,4,07:00-09:00,0,1,0
วงเวียนรด.,มหาราช,4,09:00-16:00,0,1,0
วงเวียนรด.,มหาราช,4,16:00-19:00,0,1,0
วงเวียนรด.,ราชินี,4,07:00-09:00,0,1,0
วงเวียนรด.,ราชินี,4,09:00-16:00,0,1,0
วงเวียนรด.,ราชินี,4,16:00-19:00,0,1,0
วงเวียนรด.,สนามไชย,4,07:00-09:00,0,1,0
วงเวียนรด.,สนามไชย,4,09:00-16:00,0,1,0
วงเวียนรด.,สนามไชย,4,16:00-19:00,0,1,0
วงเวียนหลักสี่,พหลโยธิน,1,07:00-09:00,1,0,1
วงเวียนหลักสี่,พหลโยธิน,1,09:00-16:00,1,0,0
วงเวียนหลักสี่,พหลโยธิน,1,09:00-17:00,0,0,1
วงเวียนหลักสี่,พหลโยธิน,1,16:00-19:00,1,0,0
วงเวียนหลักสี่,พหลโยธิน,1,17:00-19:00,0,0,1
วงเวียนหลักสี่,พหลโยธิน,2,07:00-09:00,0,1,0
วงเวียนหลักสี่,พหลโยธิน,2,09:00-16:00,0,1,0
วงเวียนหลักสี่,พหลโยธิน,2,16:00-19:00,0,1,0
วงเวียนหลักสี่,รามอินทรา,1,07:00-09:00,1,0,1
วงเวียนหลักสี่,รามอินทรา,1,09:00-16:00,1,0,0
วงเวียนหลักสี่,รามอินทรา,1,09:00-17:00,0,0,1
วงเวียนหลักสี่,รามอินทรา,1,16:00-19:00,1,0,0
วงเวียนหลักสี่,รามอินทรา,1,17:00-19:00,0,0,1
วงเวียนหลักสี่,รามอินทรา,2,07:00-09:00,0,1,0
วงเวียนหลักสี่,รามอินทรา,2,09:00-16:00,0,1,0
วงเวียนหลักสี่,รามอินทรา,2,16:00-19:00,0,1,0
วงเวียนหลักสี่,แจ้งวัฒนะ,1,07:00-09:00,1,0,1
วงเวียนหลักสี่,แจ้งวัฒนะ,1,09:00-16:00,1,0,0
วงเวียนหลักสี่,แจ้งวัฒนะ,1,09:00-17:00,0,0,1
วงเวียนหลักสี่,แจ้งวัฒนะ,1,16:00-19:00,1,0,0
วงเวียนหลักสี่,แจ้งวัฒนะ,1,17:00-19:00,0,0,1
วงเวียนหลักสี่,แจ้งวัฒนะ,2,07:00-09:00,0,1,0
วงเวียนหลักสี่,แจ้งวัฒนะ,2,09:00-16:00,0,1,0
วงเวียนหลักสี่,แจ้งวัฒนะ,2,16:00-19:00,0,1,0
วงเวียนอนุสาวรีย์หลักสี่,พหลโยธิน,2,07:00-09:00,0,0,1
วงเวียนอนุสาวรีย์หลักสี่,พหลโยธิน,2,09:00-17:00,0,0,1
วงเวียนอนุสาวรีย์หลักสี่,พหลโยธิน,2,17:00-19:00,0,0,1
วงเวียนอนุสาวรีย์หลักสี่,รามอินทรา,2,07:00-09:00,0,0,1
วงเวียนอนุสาวรีย์หลักสี่,รามอินทรา,2,09:00-17:00,0,0,1
วงเวียนอนุสาวรีย์หลักสี่,รามอินทรา,2,17:00-19:00,0,0,1
วงเวียนอนุสาวรีย์หลักสี่,แจ้งวัฒนะ,2,07:00-09:00,0,0,1
วงเวียนอนุสาวรีย์หลักสี่,แจ้งวัฒนะ,2,09:00-17:00,0,0,1
วงเวียนอนุสาวรีย์หลักสี่,แจ้งวัฒนะ,2,17:00-19:00,0,0,1
วงเวียนโอเดียน,ซอยเยาวราช1,4,07:00-09:00,0,1,0
วงเวียนโอเดียน,ซอยเยาวราช1,4,09:00-16:00,0,1,0
วงเวียนโอเดียน,ซอยเยาวราช1,4,16:00-19:00,0,1,0
วงเวียนโอเดียน,ซอยเยาวราช3,4,07:00-09:00,0,1,0
วงเวียนโอเดียน,ซอยเยาวราช3,4,09:00-16:00,0,1,0
วงเวียนโอเดียน,ซอยเยาวราช3,4,16:00-19:00,0,1,0
วงเวียนโอเดียน,ตรีมิตร,4,07:00-09:00,0,1,0
วงเวียนโอเดียน,ตรีมิตร,4,09:00-16:00,0,1,0
วงเวียนโอเดียน,ตรีมิตร,4,16:00-19:00,0,1,0
วงเวียนโอเดียน,มิตรภาพไทยจีน,4,07:00-09:00,0,1,0
วงเวียนโอเดียน,มิตรภาพไทยจีน,4,09:00-16:00,0,1,0
วงเวียนโอเดียน,มิตรภาพไทยจีน,4,16:00-19:00,0,1,0
วงเวียนโอเดียน,เจริญกรุง,4,07:00-09:00,0,1,0
วงเวียนโอเดียน,เจริญกรุง,4,09:00-16:00,0,1,0
วงเวียนโอเดียน,เจริญกรุง,4,16:00-19:00,0,1,0
วงเวียนโอเดียน,เยาวราช,4,07:00-09:00,0,1,0
วงเวียนโอเดียน,เยาวราช,4,09:00-16:00,0,1,0
วงเวียนโอเดียน,เยาวราช,4,16:00-19:00,0,1,0
วงเวียนใหญ่,ถนนลาดหญ้า,4,07:00-09:00,0,1,0
วงเวียนใหญ่,ถนนลาดหญ้า,4,09:00-16:00,0,1,0
วงเวียนใหญ่,ถนนลาดหญ้า,4,16:00-19:00,0,1,0
วงเวียนใหญ่,ประชาธิปก,1,07:00-09:00,1,0,0
วงเวียนใหญ่,ประชาธิปก,1,09:00-16:00,1,0,0
วงเวียนใหญ่,ประชาธิปก,1,16:00-19:00,1,0,0
วงเวียนใหญ่,ประชาธิปก,3,07:00-09:00,0,0,2
วงเวียนใหญ่,ประชาธิปก,3,09:00-17:00,0,0,2
วงเวียนใหญ่,ประชาธิปก,3,17:00-19:00,0,0,2
วงเวียนใหญ่,ประชาธิปก,4,07:00-09:00,0,1,0
วงเวียนใหญ่,ประชาธิปก,4,09:00-16:00,0,1,0
วงเวียนใหญ่,ประชาธิปก,4,16:00-19:00,0,1,0
วงเวียนใหญ่,ลาดหญ้า,1,07:00-09:00,1,0,0
วงเวียนใหญ่,ลาดหญ้า,1,09:00-16:00,1,0,0
วงเวียนใหญ่,ลาดหญ้า,1,16:00-19:00,1,0,0
วงเวียนใหญ่,ลาดหญ้า,3,07:00-09:00,0,0,2
วงเวียนใหญ่,ลาดหญ้า,3,09:00-17:00,0,0,2
วงเวียนใหญ่,ลาดหญ้า,3,17:00-19:00,0,0,2
วงเวียนใหญ่,สมเดจ็พระเจ้าตากสิน,4,07:00-09:00,0,1,0
วงเวียนใหญ่,สมเดจ็พระเจ้าตากสิน,4,09:00-16:00,0,1,0
วงเวียนใหญ่,สมเดจ็พระเจ้าตากสิน,4,16:00-19:00,0,1,0
วงเวียนใหญ่,สมเด็จพระเจ้าตากสิน,1,07:00-09:00,1,0,0
วงเวียนใหญ่,สมเด็จพระเจ้าตากสิน,1,09:00-16:00,1,0,0
วงเวียนใหญ่,สมเด็จพระเจ้าตากสิน,1,16:00-19:00,1,0,0
วงเวียนใหญ่,สมเด็จพระเจ้าตากสิน,3,07:00-09:00,0,0,2
วงเวียนใหญ่,สมเด็จพระเจ้าตากสิน,3,09:00-17:00,0,0,2
วงเวียนใหญ่,สมเด็จพระเจ้าตากสิน,3,17:00-19:00,0,0,2
วงเวียนใหญ่,อินทรพิทักษ์,1,07:00-09:00,1,0,0
วงเวียนใหญ่,อินทรพิทักษ์,1,09:00-16:00,1,0,0
วงเวียนใหญ่,อินทรพิทักษ์,1,16:00-19:00,1,0,0
วงเวียนใหญ่,อินทรพิทักษ์,3,07:00-09:00,0,0,2
วงเวียนใหญ่,อินทรพิทักษ์,3,09:00-17:00,0,0,2
วงเวียนใหญ่,อินทรพิทักษ์,3,17:00-19:00,0,0,2
วงเวียนใหญ่,อินทรพิทักษ์,4,07:00-09:00,0,1,0
วงเวียนใหญ่,อินทรพิทักษ์,4,09:00-16:00,0,1,0
วงเวียนใหญ่,อินทรพิทักษ์,4,16:00-19:00,0,1,0
วงเวียนใหญ่(ขาออก),ประชาธิปก,1,07:00-09:00,0,0,1
วงเวียนใหญ่(ขาออก),ประชาธิปก,1,09:00-16:00,0,0,1
วงเวียนใหญ่(ขาออก),ประชาธิปก,1,16:00-19:00,0,0,1
วงเวียนใหญ่(ขาออก),ประชาธิปก,3,07:00-09:00,1,0,0
วงเวียนใหญ่(ขาออก),ประชาธิปก,3,09:00-16:00,1,0,0
วงเวียนใหญ่(ขาออก),ประชาธิปก,3,16:00-19:00,1,0,0
วงเวียนใหญ่(ขาออก),ลาดหญ้า,1,07:00-09:00,0,0,1
วงเวียนใหญ่(ขาออก),ลาดหญ้า,1,09:00-16:00,0,0,1
วงเวียนใหญ่(ขาออก),ลาดหญ้า,1,16:00-19:00,0,0,1
วงเวียนใหญ่(ขาออก),ลาดหญ้า,3,07:00-09:00,1,0,0
วงเวียนใหญ่(ขาออก),ลาดหญ้า,3,09:00-16:00,1,0,0
วงเวียนใหญ่(ขาออก),ลาดหญ้า,3,16:00-19:00,1,0,0
วงเวียนใหญ่(ขาออก),สมเด็จพระเจ้าตากสิน,1,07:00-09:00,0,0,1
วงเวียนใหญ่(ขาออก),สมเด็จพระเจ้าตากสิน,1,09:00-16:00,0,0,1
วงเวียนใหญ่(ขาออก),สมเด็จพระเจ้าตากสิน,1,16:00-19:00,0,0,1
วงเวียนใหญ่(ขาออก),สมเด็จพระเจ้าตากสิน,3,07:00-09:00,1,0,0
วงเวียนใหญ่(ขาออก),สมเด็จพระเจ้าตากสิน,3,09:00-16:00,1,0,0
วงเวียนใหญ่(ขาออก),สมเด็จพระเจ้าตากสิน,3,16:00-19:00,1,0,0
วงเวียนใหญ่(ขาออก),อินทรพิทักษ์,1,07:00-09:00,0,0,1
วงเวียนใหญ่(ขาออก),อินทรพิทักษ์,1,09:00-16:00,0,0,1
วงเวียนใหญ่(ขาออก),อินทรพิทักษ์,1,16:00-19:00,0,0,1
วงเวียนใหญ่(ขาออก),อินทรพิทักษ์,3,07:00-09:00,1,0,0
วงเวียนใหญ่(ขาออก),อินทรพิทักษ์,3,09:00-16:00,1,0,0
วงเวียนใหญ่(ขาออก),อินทรพิทักษ์,3,16:00-19:00,1,0,0
วงเวียนใหญ่(ขาเข้า),ประชาธิปก,1,07:00-09:00,0,0,1
วงเวียนใหญ่(ขาเข้า),ประชาธิปก,1,09:00-16:00,0,0,1
วงเวียนใหญ่(ขาเข้า),ประชาธิปก,1,16:00-19:00,0,0,1
วงเวียนใหญ่(ขาเข้า),ประชาธิปก,3,07:00-09:00,1,0,0
วงเวียนใหญ่(ขาเข้า),ประชาธิปก,3,09:00-16:00,1,0,0
วงเวียนใหญ่(ขาเข้า),ประชาธิปก,3,16:00-19:00,1,0,0
วงเวียนใหญ่(ขาเข้า),ลาดหญ้า,1,07:00-09:00,0,0,1
วงเวียนใหญ่(ขาเข้า),ลาดหญ้า,1,09:00-16:00,0,0,1
วงเวียนใหญ่(ขาเข้า),ลาดหญ้า,1,16:00-19:00,0,0,1
วงเวียนใหญ่(ขาเข้า),ลาดหญ้า,3,07:00-09:00,1,0,0
วงเวียนใหญ่(ขาเข้า),ลาดหญ้า,3,09:00-16:00,1,0,0
วงเวียนใหญ่(ขาเข้า),ลาดหญ้า,3,16:00-19:00,1,0,0
วงเวียนใหญ่(ขาเข้า),สมเด็จพระเจ้าตากสิน,1,07:00-09:00,0,0,1
วงเวียนใหญ่(ขาเข้า),สมเด็จพระเจ้าตากสิน,1,09:00-16:00,0,0,1
วงเวียนใหญ่(ขาเข้า),สมเด็จพระเจ้าตากสิน,1,16:00-19:00,0,0,1
วงเวียนใหญ่(ขาเข้า),สมเด็จพระเจ้าตากสิน,3,07:00-09:00,1,0,0
วงเวียนใหญ่(ขาเข้า),สมเด็จพระเจ้าตากสิน,3,09:00-16:00,1,0,0
วงเวียนใหญ่(ขาเข้า),สมเด็จพระเจ้าตากสิน,3,16:00-19:00,1,0,0
วงเวียนใหญ่(ขาเข้า),อินทรพิทักษ์,1,07:00-09:00,0,0,1
วงเวียนใหญ่(ขาเข้า),อินทรพิทักษ์,1,09:00-16:00,0,0,1
วงเวียนใหญ่(ขาเข้า),อินทรพิทักษ์,1,16:00-19:00,0,0,1
วงเวียนใหญ่(ขาเข้า),อินทรพิทักษ์,3,07:00-09:00,1,0,0
วงเวียนใหญ่(ขาเข้า),อินทรพิทักษ์,3,09:00-16:00,1,0,0
วงเวียนใหญ่(ขาเข้า),อินทรพิทักษ์,3,16:00-19:00,1,0,0
วชิรธรรมสาธิต59,วชิรธรรมสาธิต,2,07:00-09:00,0,0,1
วชิรธรรมสาธิต59,วชิรธรรมสาธิต,2,09:00-17:00,0,0,1
วชิรธรรมสาธิต59,วชิรธรรมสาธิต,2,17:00-19:00,0,0,1
วชิระ,สามเสน,1,07:00-09:00,0,0,1
วชิระ,สามเสน,1,09:00-16:00,0,0,1
วชิระ,สามเสน,1,16:00-19:00,0,0,1
วชิระ,สามเสน,4,07:00-09:00,2,0,0
วชิระ,สามเสน,4,09:00-16:00,2,0,0
วชิระ,สามเสน,4,16:00-19:00,2,0,0
วชิระ,สุโขทัย,4,07:00-09:00,2,0,0
วชิระ,สุโขทัย,4,09:00-16:00,2,0,0
วชิระ,สุโขทัย,4,16:00-19:00,2,0,0
วดัเบญ,พระรามที่5,1,07:00-09:00,0,1,0
วดัเบญ,พระรามที่5,1,09:00-16:00,0,1,0
วดัเบญ,พระรามที่5,1,16:00-19:00,0,1,0
วดัเบญ,ศรีอยุธยา,1,07:00-09:00,0,1,0
วดัเบญ,ศรีอยุธยา,1,09:00-16:00,0,1,0
วดัเบญ,ศรีอยุธยา,1,16:00-19:00,0,1,0
วรจักร,วรจักร,2,07:00-09:00,0,0,1
วรจักร,วรจักร,2,09:00-16:00,0,0,1
วรจักร,วรจักร,2,16:00-19:00,0,0,1
วรจักร,วรจักร,3,07:00-09:00,0,1,0
วรจักร,วรจักร,3,09:00-16:00,0,1,0
วรจักร,วรจักร,3,16:00-19:00,0,1,0
วรจักร,หลวง,2,07:00-09:00,0,0,1
วรจักร,หลวง,2,09:00-16:00,0,0,1
วรจักร,หลวง,2,16:00-19:00,0,0,1
วรจักร,หลวง,3,07:00-09:00,0,1,0
วรจักร,หลวง,3,09:00-16:00,0,1,0
วรจักร,หลวง,3,16:00-19:00,0,1,0
วังหิน,ลาดปลาเค้า,1,07:00-09:00,0,0,1
วังหิน,ลาดปลาเค้า,1,09:00-17:00,0,0,1
วังหิน,ลาดปลาเค้า,1,17:00-19:00,0,0,1
วังหิน,ลาดปลาเค้า,2,07:00-09:00,0,1,0
วังหิน,ลาดปลาเค้า,2,09:00-16:00,0,1,0
วังหิน,ลาดปลาเค้า,2,16:00-19:00,0,1,0
วังหิน,ลาดปลาเค้า,3,07:00-09:00,0,0,1
วังหิน,ลาดปลาเค้า,3,09:00-17:00,0,0,1
วังหิน,ลาดปลาเค้า,3,17:00-19:00,0,0,1
วังหิน,ลาดพร้าววังหิน,1,07:00-09:00,0,0,1
วังหิน,ลาดพร้าววังหิน,1,09:00-17:00,0,0,1
วังหิน,ลาดพร้าววังหิน,1,17:00-19:00,0,0,1
วังหิน,วัดลาดปลาเค่า,3,07:00-09:00,1,0,0
วังหิน,วัดลาดปลาเค่า,3,09:00-16:00,1,0,0
วังหิน,วัดลาดปลาเค่า,3,16:00-19:00,1,0,0
วังหิน,สุขาภิบาล1,2,07:00-09:00,0,1,0
วังหิน,สุขาภิบาล1,2,09:00-16:00,0,1,0
วังหิน,สุขาภิบาล1,2,16:00-19:00,0,1,0
วังหิน,สุขาภิบาล1,3,07:00-09:00,1,0,1
วังหิน,สุขาภิบาล1,3,09:00-16:00,1,0,0
วังหิน,สุขาภิบาล1,3,09:00-17:00,0,0,1
วังหิน,สุขาภิบาล1,3,16:00-19:00,1,0,0
วังหิน,สุขาภิบาล1,3,17:00-19:00,0,0,1
วังหิน,เสนานิคม,2,07:00-09:00,0,1,0
วังหิน,เสนานิคม,2,09:00-16:00,0,1,0
วังหิน,เสนานิคม,2,16:00-19:00,0,1,0
วังหิน,เสนานิคม,3,07:00-09:00,1,0,1
วังหิน,เสนานิคม,3,09:00-16:00,1,0,0
วังหิน,เสนานิคม,3,09:00-17:00,0,0,1
วังหิน,เสนานิคม,3,16:00-19:00,1,0,0
วังหิน,เสนานิคม,3,17:00-19:00,0,0,1
วังหิน,เสนานิคม1,1,07:00-09:00,0,0,1
วังหิน,เสนานิคม1,1,09:00-17:00,0,0,1
วังหิน,เสนานิคม1,1,17:00-19:00,0,0,1
วังแดง,นครราชสีมา,2,07:00-09:00,0,0,1
วังแดง,นครราชสีมา,2,09:00-17:00,0,0,1
วังแดง,นครราชสีมา,2,17:00-19:00,0,0,1
วังแดง,พิษณุโลก,2,07:00-09:00,0,0,1
วังแดง,พิษณุโลก,2,09:00-17:00,0,0,1
วังแดง,พิษณุโลก,2,17:00-19:00,0,0,1
วังแดง,พิษณุโลก,3,07:00-09:00,0,0,1
วังแดง,พิษณุโลก,3,09:00-17:00,0,0,1
วังแดง,พิษณุโลก,3,17:00-19:00,0,0,1
วังแดง,พิษณุโลก,4,07:00-09:00,1,2,0
วังแดง,พิษณุโลก,4,09:00-16:00,1,2,0
วังแดง,พิษณุโลก,4,16:00-19:00,1,2,0
วังแดง,ราชสีมา,3,07:00-09:00,0,0,1
วังแดง,ราชสีมา,3,09:00-17:00,0,0,1
วังแดง,ราชสีมา,3,17:00-19:00,0,0,1
วังแดง,ราชสีมา,4,07:00-09:00,1,2,0
วังแดง,ราชสีมา,4,09:00-16:00,1,2,0
วังแดง,ราชสีมา,4,16:00-19:00,1,2,0
วัชดาภิเษก32-รัชดาภิเษก36,ซอยรัชดาภิเษก32แยก3แยก19,3,07:00-09:00,1,0,0
วัชดาภิเษก32-รัชดาภิเษก36,ซอยรัชดาภิเษก32แยก3แยก19,3,09:00-16:00,1,0,0
วัชดาภิเษก32-รัชดาภิเษก36,ซอยรัชดาภิเษก32แยก3แยก19,3,16:00-19:00,1,0,0
วัชดาภิเษก32-รัชดาภิเษก36,ซอยรัชดาภิเษก36,3,07:00-09:00,1,0,0
วัชดาภิเษก32-รัชดาภิเษก36,ซอยรัชดาภิเษก36,3,09:00-16:00,1,0,0
วัชดาภิเษก32-รัชดาภิเษก36,ซอยรัชดาภิเษก36,3,16:00-19:00,1,0,0
วัชรพล-รามอินทรา65,รามอินทรา65,1,07:00-09:00,0,0,1
วัชรพล-รามอินทรา65,รามอินทรา65,1,09:00-17:00,0,0,1
วัชรพล-รามอินทรา65,รามอินทรา65,1,17:00-19:00,0,0,1
วัชรพล-รามอินทรา65,รามอินทรา65,4,07:00-09:00,1,0,0
วัชรพล-รามอินทรา65,รามอินทรา65,4,09:00-16:00,1,0,0
วัชรพล-รามอินทรา65,รามอินทรา65,4,16:00-19:00,1,0,0
วัชรพล-รามอินทรา65,วัชรพล,4,07:00-09:00,1,0,0
วัชรพล-รามอินทรา65,วัชรพล,4,09:00-16:00,1,0,0
วัชรพล-รามอินทรา65,วัชรพล,4,16:00-19:00,1,0,0
วัชรพล-รามอินทรา65,วัชรพล(EB),1,07:00-09:00,0,0,1
วัชรพล-รามอินทรา65,วัชรพล(EB),1,09:00-17:00,0,0,1
วัชรพล-รามอินทรา65,วัชรพล(EB),1,17:00-19:00,0,0,1
วัชรพล-รามอินทรา65,วัชรพล(SB),1,07:00-09:00,0,0,1
วัชรพล-รามอินทรา65,วัชรพล(SB),1,09:00-17:00,0,0,1
วัชรพล-รามอินทรา65,วัชรพล(SB),1,17:00-19:00,0,0,1
วัชรพล-วัดศิริพงษ์,วัชรพล,4,07:00-09:00,0,0,1
วัชรพล-วัดศิริพงษ์,วัชรพล,4,09:00-17:00,0,0,1
วัชรพล-วัดศิริพงษ์,วัชรพล,4,17:00-19:00,0,0,1
วัชรพล-วัดศิริพงษ์,วัดศิริพงษ์,4,07:00-09:00,0,0,1
วัชรพล-วัดศิริพงษ์,วัดศิริพงษ์,4,09:00-17:00,0,0,1
วัชรพล-วัดศิริพงษ์,วัดศิริพงษ์,4,17:00-19:00,0,0,1
วัดดวงแข,จารุเมือง,1,07:00-09:00,0,0,1
วัดดวงแข,จารุเมือง,1,09:00-16:00,0,0,1
วัดดวงแข,จารุเมือง,1,16:00-19:00,0,0,1
วัดดวงแข,จารุเมือง,3,07:00-09:00,0,1,0
วัดดวงแข,จารุเมือง,3,09:00-16:00,0,1,0
วัดดวงแข,จารุเมือง,3,16:00-19:00,0,1,0
วัดดวงแข,จารุเมือง,4,07:00-09:00,1,0,0
วัดดวงแข,จารุเมือง,4,09:00-16:00,1,0,0
วัดดวงแข,จารุเมือง,4,16:00-19:00,1,0,0
วัดดวงแข,เจริญนคร,1,07:00-09:00,0,0,1
วัดดวงแข,เจริญนคร,1,09:00-16:00,0,0,1
วัดดวงแข,เจริญนคร,1,16:00-19:00,0,0,1
วัดดวงแข,เจริญเมือง,1,07:00-09:00,0,0,1
วัดดวงแข,เจริญเมือง,1,09:00-16:00,0,0,1
วัดดวงแข,เจริญเมือง,1,16:00-19:00,0,0,1
วัดดวงแข,เจริญเมือง,3,07:00-09:00,0,1,0
วัดดวงแข,เจริญเมือง,3,09:00-16:00,0,1,0
วัดดวงแข,เจริญเมือง,3,16:00-19:00,0,1,0
วัดดวงแข,เจริญเมือง,4,07:00-09:00,1,0,0
วัดดวงแข,เจริญเมือง,4,09:00-16:00,1,0,0
วัดดวงแข,เจริญเมือง,4,16:00-19:00,1,0,0
วัดตึก,จักรวรรดิ,1,07:00-09:00,0,1,0
วัดตึก,จักรวรรดิ,1,09:00-16:00,0,1,0
วัดตึก,จักรวรรดิ,1,16:00-19:00,0,1,0
วัดตึก,จักรวรรดิ,4,07:00-09:00,0,1,0
วัดตึก,จักรวรรดิ,4,09:00-16:00,0,1,0
วัดตึก,จักรวรรดิ,4,16:00-19:00,0,1,0
วัดตึก,จักรวรรดิ์,2,07:00-09:00,1,0,0
วัดตึก,จักรวรรดิ์,2,09:00-16:00,1,0,0
วัดตึก,จักรวรรดิ์,2,16:00-19:00,1,0,0
วัดตึก,เยาวราช,1,07:00-09:00,0,1,0
วัดตึก,เยาวราช,1,09:00-16:00,0,1,0
วัดตึก,เยาวราช,1,16:00-19:00,0,1,0
วัดตึก,เยาวราช,2,07:00-09:00,1,0,0
วัดตึก,เยาวราช,2,09:00-16:00,1,0,0
วัดตึก,เยาวราช,2,16:00-19:00,1,0,0
วัดตึก,เยาวราช,4,07:00-09:00,0,1,0
วัดตึก,เยาวราช,4,09:00-16:00,0,1,0
วัดตึก,เยาวราช,4,16:00-19:00,0,1,0
วัดนาคปรก,รัชมงคลประสาธน์,3,07:00-09:00,0,0,1
วัดนาคปรก,รัชมงคลประสาธน์,3,09:00-17:00,0,0,1
วัดนาคปรก,รัชมงคลประสาธน์,3,17:00-19:00,0,0,1
วัดนาคปรก,เทอดไท,3,07:00-09:00,0,0,1
วัดนาคปรก,เทอดไท,3,09:00-17:00,0,0,1
วัดนาคปรก,เทอดไท,3,17:00-19:00,0,0,1
วัดประชา,ชิดลม,3,07:00-09:00,0,1,0
วัดประชา,ชิดลม,3,09:00-16:00,0,1,0
วัดประชา,ชิดลม,3,16:00-19:00,0,1,0
วัดประชา,ซอยระนอง1,2,07:00-09:00,1,0,0
วัดประชา,ซอยระนอง1,2,09:00-16:00,1,0,0
วัดประชา,ซอยระนอง1,2,16:00-19:00,1,0,0
วัดประชา,ซอยระนอง1,3,07:00-09:00,0,1,0
วัดประชา,ซอยระนอง1,3,09:00-16:00,0,1,0
วัดประชา,ซอยระนอง1,3,16:00-19:00,0,1,0
วัดประชา,ซอยระนอง1,4,07:00-09:00,1,0,0
วัดประชา,ซอยระนอง1,4,09:00-16:00,1,0,0
วัดประชา,ซอยระนอง1,4,16:00-19:00,1,0,0
วัดประชา,ซอยวัดประชา,3,07:00-09:00,0,1,0
วัดประชา,ซอยวัดประชา,3,09:00-16:00,0,1,0
วัดประชา,ซอยวัดประชา,3,16:00-19:00,0,1,0
วัดประชา,ซอยวัดประชาระบือธรรม,4,07:00-09:00,1,0,0
วัดประชา,ซอยวัดประชาระบือธรรม,4,09:00-16:00,1,0,0
วัดประชา,ซอยวัดประชาระบือธรรม,4,16:00-19:00,1,0,0
วัดประชา,พระรามที่5,2,07:00-09:00,1,0,0
วัดประชา,พระรามที่5,2,09:00-16:00,1,0,0
วัดประชา,พระรามที่5,2,16:00-19:00,1,0,0
วัดประชา,พระรามที่5,3,07:00-09:00,0,1,0
วัดประชา,พระรามที่5,3,09:00-16:00,0,1,0
วัดประชา,พระรามที่5,3,16:00-19:00,0,1,0
วัดประชา,พระรามที่5,4,07:00-09:00,1,0,1
วัดประชา,พระรามที่5,4,09:00-16:00,1,0,0
วัดประชา,พระรามที่5,4,09:00-17:00,0,0,1
วัดประชา,พระรามที่5,4,16:00-19:00,1,0,0
วัดประชา,พระรามที่5,4,17:00-19:00,0,0,1
วัดประชา,ระนอง1,4,07:00-09:00,0,0,1
วัดประชา,ระนอง1,4,09:00-17:00,0,0,1
วัดประชา,ระนอง1,4,17:00-19:00,0,0,1
วัดประชา,วัดประชาระบือธรรม,2,07:00-09:00,1,0,0
วัดประชา,วัดประชาระบือธรรม,2,09:00-16:00,1,0,0
วัดประชา,วัดประชาระบือธรรม,2,16:00-19:00,1,0,0
วัดประชา,วัดประชาระบือธรรม,4,07:00-09:00,0,0,1
วัดประชา,วัดประชาระบือธรรม,4,09:00-17:00,0,0,1
วัดประชา,วัดประชาระบือธรรม,4,17:00-19:00,0,0,1
วัดประชา,เพลินจิต,3,07:00-09:00,0,1,0
วัดประชา,เพลินจิต,3,09:00-16:00,0,1,0
วัดประชา,เพลินจิต,3,16:00-19:00,0,1,0
วัดพระยายัง,พระรามที่6,3,07:00-09:00,0,1,0
วัดพระยายัง,พระรามที่6,3,09:00-16:00,0,1,0
วัดพระยายัง,พระรามที่6,3,16:00-19:00,0,1,0
วัดพลมานีย์,ประชาพัฒนา,2,07:00-09:00,0,0,1
วัดพลมานีย์,ประชาพัฒนา,2,09:00-17:00,0,0,1
วัดพลมานีย์,ประชาพัฒนา,2,17:00-19:00,0,0,1
วัดพลมานีย์,หลวงแพ่ง,2,07:00-09:00,0,0,1
วัดพลมานีย์,หลวงแพ่ง,2,09:00-17:00,0,0,1
วัดพลมานีย์,หลวงแพ่ง,2,17:00-19:00,0,0,1
วัดมะกอก,ฉิมพลี,2,07:00-09:00,0,0,1
วัดมะกอก,ฉิมพลี,2,09:00-17:00,0,0,1
วัดมะกอก,ฉิมพลี,2,17:00-19:00,0,0,1
วัดมะกอก,บรมราชชนนี,2,07:00-09:00,0,0,1
วัดมะกอก,บรมราชชนนี,2,09:00-17:00,0,0,1
วัดมะกอก,บรมราชชนนี,2,17:00-19:00,0,0,1
วัดราชโกษา,ขุมทองลำต้อยติ่ง,1,07:00-09:00,0,0,1
วัดราชโกษา,ขุมทองลำต้อยติ่ง,1,09:00-17:00,0,0,1
วัดราชโกษา,ขุมทองลำต้อยติ่ง,1,17:00-19:00,0,0,1
วัดราชโกษา,ทางเข้าตลาดเทิดไท,1,07:00-09:00,0,0,1
วัดราชโกษา,ทางเข้าตลาดเทิดไท,1,09:00-17:00,0,0,1
วัดราชโกษา,ทางเข้าตลาดเทิดไท,1,17:00-19:00,0,0,1
วัดราชโกษา,หลวงแพ่ง,1,07:00-09:00,0,0,1
วัดราชโกษา,หลวงแพ่ง,1,09:00-17:00,0,0,1
วัดราชโกษา,หลวงแพ่ง,1,17:00-19:00,0,0,1
วัดสน,ซอยสุขสวัสดิ35,4,07:00-09:00,1,0,0
วัดสน,ซอยสุขสวัสดิ35,4,09:00-16:00,1,0,0
วัดสน,ซอยสุขสวัสดิ35,4,16:00-19:00,1,0,0
วัดสน,ซอยสุขสวัสดิ์35,1,07:00-09:00,1,1,0
วัดสน,ซอยสุขสวัสดิ์35,1,09:00-16:00,1,1,0
วัดสน,ซอยสุขสวัสดิ์35,1,16:00-19:00,1,1,0
วัดสน,ซอยสุขสวัสดิ์35,4,07:00-09:00,1,0,0
วัดสน,ซอยสุขสวัสดิ์35,4,09:00-16:00,1,0,0
วัดสน,ซอยสุขสวัสดิ์35,4,16:00-19:00,1,0,0
วัดสน,สุขสวัสดิ์,1,07:00-09:00,1,1,1
วัดสน,สุขสวัสดิ์,1,09:00-16:00,1,1,0
วัดสน,สุขสวัสดิ์,1,09:00-17:00,0,0,1
วัดสน,สุขสวัสดิ์,1,16:00-19:00,1,1,0
วัดสน,สุขสวัสดิ์,1,17:00-19:00,0,0,1
วัดสน,สุขสวัสดิ์,2,07:00-09:00,0,0,1
วัดสน,สุขสวัสดิ์,2,09:00-16:00,0,0,1
วัดสน,สุขสวัสดิ์,2,16:00-19:00,0,0,1
วัดสน,สุขสวัสดิ์,3,07:00-09:00,0,0,1
วัดสน,สุขสวัสดิ์,3,09:00-17:00,0,0,1
วัดสน,สุขสวัสดิ์,3,17:00-19:00,0,0,1
วัดสน,สุขสวัสดิ์,4,07:00-09:00,2,0,0
วัดสน,สุขสวัสดิ์,4,09:00-16:00,2,0,0
วัดสน,สุขสวัสดิ์,4,16:00-19:00,2,0,0
วัดสน,สุขสวัสดิ์35,1,07:00-09:00,0,0,1
วัดสน,สุขสวัสดิ์35,1,09:00-17:00,0,0,1
วัดสน,สุขสวัสดิ์35,1,17:00-19:00,0,0,1
วัดสน,สุขสวัสดิ์35,2,07:00-09:00,0,0,1
วัดสน,สุขสวัสดิ์35,2,09:00-16:00,0,0,1
วัดสน,สุขสวัสดิ์35,2,16:00-19:00,0,0,1
วัดสน,สุขสวัสดิ์35,3,07:00-09:00,0,0,1
วัดสน,สุขสวัสดิ์35,3,09:00-17:00,0,0,1
วัดสน,สุขสวัสดิ์35,3,17:00-19:00,0,0,1
วัดสมียนนารี,กำแพงเพชร6,4,07:00-09:00,1,0,0
วัดสมียนนารี,กำแพงเพชร6,4,09:00-16:00,1,0,0
วัดสมียนนารี,กำแพงเพชร6,4,16:00-19:00,1,0,0
วัดสมียนนารี,ประชานิเวศน์,4,07:00-09:00,1,0,0
วัดสมียนนารี,ประชานิเวศน์,4,09:00-16:00,1,0,0
วัดสมียนนารี,ประชานิเวศน์,4,16:00-19:00,1,0,0
วัดสะพานสูง,พระรามที่6,3,07:00-09:00,0,0,1
วัดสะพานสูง,พระรามที่6,3,09:00-17:00,0,0,1
วัดสะพานสูง,พระรามที่6,3,17:00-19:00,0,0,1
วัดสะพานสูง,พระรามที่6,4,07:00-09:00,2,1,0
วัดสะพานสูง,พระรามที่6,4,09:00-16:00,2,1,0
วัดสะพานสูง,พระรามที่6,4,16:00-19:00,2,1,0
วัดสะพานสูง,เตชะวณิช,3,07:00-09:00,0,0,1
วัดสะพานสูง,เตชะวณิช,3,09:00-17:00,0,0,1
วัดสะพานสูง,เตชะวณิช,3,17:00-19:00,0,0,1
วัดสะพานสูง,เตชะวณิช,4,07:00-09:00,2,1,0
วัดสะพานสูง,เตชะวณิช,4,09:00-16:00,2,1,0
วัดสะพานสูง,เตชะวณิช,4,16:00-19:00,2,1,0
วัดสิงห์,ซอยเอกชัย36,4,07:00-09:00,2,0,0
วัดสิงห์,ซอยเอกชัย36,4,09:00-16:00,2,0,0
วัดสิงห์,ซอยเอกชัย36,4,16:00-19:00,2,0,0
วัดสิงห์,เอกชัย,1,07:00-09:00,0,0,1
วัดสิงห์,เอกชัย,1,09:00-17:00,0,0,1
วัดสิงห์,เอกชัย,1,17:00-19:00,0,0,1
วัดสิงห์,เอกชัย,2,07:00-09:00,0,0,1
วัดสิงห์,เอกชัย,2,09:00-16:00,0,0,1
วัดสิงห์,เอกชัย,2,16:00-19:00,0,0,1
วัดสิงห์,เอกชัย,4,07:00-09:00,2,0,1
วัดสิงห์,เอกชัย,4,09:00-16:00,2,0,0
วัดสิงห์,เอกชัย,4,09:00-17:00,0,0,1
วัดสิงห์,เอกชัย,4,16:00-19:00,2,0,0
วัดสิงห์,เอกชัย,4,17:00-19:00,0,0,1
วัดสิงห์,เอกชัย36,1,07:00-09:00,0,0,1
วัดสิงห์,เอกชัย36,1,09:00-17:00,0,0,1
วัดสิงห์,เอกชัย36,1,17:00-19:00,0,0,1
วัดสิงห์,เอกชัย36,2,07:00-09:00,0,0,1
วัดสิงห์,เอกชัย36,2,09:00-16:00,0,0,1
วัดสิงห์,เอกชัย36,2,16:00-19:00,0,0,1
วัดหนองใหญ่,ซอยสายไหม85,1,07:00-09:00,1,0,0
วัดหนองใหญ่,ซอยสายไหม85,1,09:00-16:00,1,0,0
วัดหนองใหญ่,ซอยสายไหม85,1,16:00-19:00,1,0,0
วัดหนองใหญ่,สายไหม,1,07:00-09:00,1,0,0
วัดหนองใหญ่,สายไหม,1,09:00-16:00,1,0,0
วัดหนองใหญ่,สายไหม,1,16:00-19:00,1,0,0
วัดหนองใหญ่,สุชาภิบาล5,1,07:00-09:00,1,0,0
วัดหนองใหญ่,สุชาภิบาล5,1,09:00-16:00,1,0,0
วัดหนองใหญ่,สุชาภิบาล5,1,16:00-19:00,1,0,0
วัดหนองใหญ่,หทัยราษฎร์,1,07:00-09:00,1,0,0
วัดหนองใหญ่,หทัยราษฎร์,1,09:00-16:00,1,0,0
วัดหนองใหญ่,หทัยราษฎร์,1,16:00-19:00,1,0,0
วัดหลักสี่,กำแพงเพชร6,1,07:00-09:00,0,0,1
วัดหลักสี่,กำแพงเพชร6,1,09:00-17:00,0,0,1
วัดหลักสี่,กำแพงเพชร6,1,17:00-19:00,0,0,1
วัดหลักสี่,กำแพงเพชร6,3,07:00-09:00,0,1,0
วัดหลักสี่,กำแพงเพชร6,3,09:00-16:00,0,1,0
วัดหลักสี่,กำแพงเพชร6,3,16:00-19:00,0,1,0
วัดหลักสี่,ทางข้ามทางรถไฟสายเหนือ,1,07:00-09:00,0,0,1
วัดหลักสี่,ทางข้ามทางรถไฟสายเหนือ,1,09:00-17:00,0,0,1
วัดหลักสี่,ทางข้ามทางรถไฟสายเหนือ,1,17:00-19:00,0,0,1
วัดหลักสี่,วิภาวดีรังสิต,3,07:00-09:00,0,1,0
วัดหลักสี่,วิภาวดีรังสิต,3,09:00-16:00,0,1,0
วัดหลักสี่,วิภาวดีรังสิต,3,16:00-19:00,0,1,0
วัดเทพลีลา,ซอยรามคำแหง39,2,07:00-09:00,0,1,0
วัดเทพลีลา,ซอยรามคำแหง39,2,09:00-16:00,0,1,0
วัดเทพลีลา,ซอยรามคำแหง39,2,16:00-19:00,0,1,0
วัดเทพลีลา,ซอยรามคำแหง39,3,07:00-09:00,1,0,0
วัดเทพลีลา,ซอยรามคำแหง39,3,09:00-16:00,1,0,0
วัดเทพลีลา,ซอยรามคำแหง39,3,16:00-19:00,1,0,0
วัดเทพลีลา,รามคำแหง,1,07:00-09:00,0,0,2
วัดเทพลีลา,รามคำแหง,1,09:00-16:00,0,0,1
วัดเทพลีลา,รามคำแหง,1,09:00-17:00,0,0,1
วัดเทพลีลา,รามคำแหง,1,16:00-19:00,0,0,1
วัดเทพลีลา,รามคำแหง,1,17:00-19:00,0,0,1
วัดเทพลีลา,รามคำแหง,2,07:00-09:00,0,1,0
วัดเทพลีลา,รามคำแหง,2,09:00-16:00,0,1,0
วัดเทพลีลา,รามคำแหง,2,16:00-19:00,0,1,0
วัดเทพลีลา,รามคำแหง,3,07:00-09:00,1,0,0
วัดเทพลีลา,รามคำแหง,3,09:00-16:00,1,0,0
วัดเทพลีลา,รามคำแหง,3,16:00-19:00,1,0,0
วัดเทพลีลา,รามคำแหง39,1,07:00-09:00,0,0,2
วัดเทพลีลา,รามคำแหง39,1,09:00-16:00,0,0,1
วัดเทพลีลา,รามคำแหง39,1,09:00-17:00,0,0,1
วัดเทพลีลา,รามคำแหง39,1,16:00-19:00,0,0,1
วัดเทพลีลา,รามคำแหง39,1,17:00-19:00,0,0,1
วัดเบญจฯ,พระรามที่5,1,07:00-09:00,0,0,1
วัดเบญจฯ,พระรามที่5,1,09:00-17:00,0,0,1
วัดเบญจฯ,พระรามที่5,1,17:00-19:00,0,0,1
วัดเบญจฯ,ศรีอยุธยา,1,07:00-09:00,0,0,1
วัดเบญจฯ,ศรีอยุธยา,1,09:00-17:00,0,0,1
วัดเบญจฯ,ศรีอยุธยา,1,17:00-19:00,0,0,1
วัดเบญฯ,พระรามที่5,4,07:00-09:00,1,0,1
วัดเบญฯ,พระรามที่5,4,09:00-16:00,1,0,1
วัดเบญฯ,พระรามที่5,4,16:00-19:00,1,0,1
วัดเบญฯ,ศรีอยุธยา,4,07:00-09:00,1,0,1
วัดเบญฯ,ศรีอยุธยา,4,09:00-16:00,1,0,1
วัดเบญฯ,ศรีอยุธยา,4,16:00-19:00,1,0,1
วัดเสมียนนารี,กำแพงเพชร6,2,07:00-09:00,0,0,1
วัดเสมียนนารี,กำแพงเพชร6,2,09:00-16:00,0,0,1
วัดเสมียนนารี,กำแพงเพชร6,2,16:00-19:00,0,0,1
วัดเสมียนนารี,กำแพงเพชร6,4,07:00-09:00,0,1,0
วัดเสมียนนารี,กำแพงเพชร6,4,09:00-16:00,0,1,0
วัดเสมียนนารี,กำแพงเพชร6,4,16:00-19:00,0,1,0
วัดเสมียนนารี,เทศบาลสงเคราะห์,2,07:00-09:00,0,0,1
วัดเสมียนนารี,เทศบาลสงเคราะห์,2,09:00-16:00,0,0,1
วัดเสมียนนารี,เทศบาลสงเคราะห์,2,16:00-19:00,0,0,1
วัดเสมียนนารี,เทศบาลสงเคราะห์,4,07:00-09:00,0,1,0
วัดเสมียนนารี,เทศบาลสงเคราะห์,4,09:00-16:00,0,1,0
วัดเสมียนนารี,เทศบาลสงเคราะห์,4,16:00-19:00,0,1,0
วัดไชยฉิมพลี,บางแวก,4,07:00-09:00,0,0,1
วัดไชยฉิมพลี,บางแวก,4,09:00-17:00,0,0,1
วัดไชยฉิมพลี,บางแวก,4,17:00-19:00,0,0,1
วัดไชยฉิมพลี,เพชรเกษม48,4,07:00-09:00,0,0,1
วัดไชยฉิมพลี,เพชรเกษม48,4,09:00-17:00,0,0,1
วัดไชยฉิมพลี,เพชรเกษม48,4,17:00-19:00,0,0,1
วิชระ,สามเสน,3,07:00-09:00,0,2,0
วิชระ,สามเสน,3,09:00-16:00,0,2,0
วิชระ,สามเสน,3,16:00-19:00,0,2,0
วิชระ,สุโขทัย,3,07:00-09:00,0,2,0
วิชระ,สุโขทัย,3,09:00-16:00,0,2,0
วิชระ,สุโขทัย,3,16:00-19:00,0,2,0
วิชัยยุทธ,ซอยเศรษฐศิริ,1,07:00-09:00,0,1,0
วิชัยยุทธ,ซอยเศรษฐศิริ,1,09:00-16:00,0,1,0
วิชัยยุทธ,ซอยเศรษฐศิริ,1,16:00-19:00,0,1,0
วิชัยยุทธ,ทางขึ้นลงทางด่วน,1,07:00-09:00,0,1,0
วิชัยยุทธ,ทางขึ้นลงทางด่วน,1,09:00-16:00,0,1,0
วิชัยยุทธ,ทางขึ้นลงทางด่วน,1,16:00-19:00,0,1,0
วิชัยยุทธ,พระรามที่6,1,07:00-09:00,1,1,0
วิชัยยุทธ,พระรามที่6,1,09:00-16:00,1,1,0
วิชัยยุทธ,พระรามที่6,1,16:00-19:00,1,1,0
วิชัยยุทธ,เศรษฐศิริ,1,07:00-09:00,1,0,0
วิชัยยุทธ,เศรษฐศิริ,1,09:00-16:00,1,0,0
วิชัยยุทธ,เศรษฐศิริ,1,16:00-19:00,1,0,0
วิชัยยุทธ2,ซอยเศรษฐศิริ2,1,07:00-09:00,0,1,0
วิชัยยุทธ2,ซอยเศรษฐศิริ2,1,09:00-16:00,0,1,0
วิชัยยุทธ2,ซอยเศรษฐศิริ2,1,16:00-19:00,0,1,0
วิชัยยุทธ2,พระรามที่6,1,07:00-09:00,0,1,0
วิชัยยุทธ2,พระรามที่6,1,09:00-16:00,0,1,0
วิชัยยุทธ2,พระรามที่6,1,16:00-19:00,0,1,0
วิทยุ,พระรามที่4,1,07:00-09:00,1,0,0
วิทยุ,พระรามที่4,1,09:00-16:00,1,0,0
วิทยุ,พระรามที่4,1,16:00-19:00,1,0,0
วิทยุ,พระรามที่4,2,06:30-09:00,1,0,0
วิทยุ,พระรามที่4,2,07:00-09:00,0,0,1
วิทยุ,พระรามที่4,2,09:00-16:00,1,0,0
วิทยุ,พระรามที่4,2,09:00-17:00,0,0,1
วิทยุ,พระรามที่4,2,16:00-19:30,1,0,0
วิทยุ,พระรามที่4,2,17:00-19:00,0,0,1
วิทยุ,พระรามที่4,3,07:00-09:00,0,0,1
วิทยุ,พระรามที่4,3,09:00-16:00,0,0,1
วิทยุ,พระรามที่4,3,16:00-19:00,0,0,1
วิทยุ,พระรามที่4,4,07:00-09:00,0,1,0
วิทยุ,พระรามที่4,4,09:00-16:00,0,1,0
วิทยุ,พระรามที่4,4,16:00-19:00,0,1,0
วิทยุ,วิทยุ,1,07:00-09:00,1,0,0
วิทยุ,วิทยุ,1,09:00-16:00,1,0,0
วิทยุ,วิทยุ,1,16:00-19:00,1,0,0
วิทยุ,วิทยุ,2,06:30-09:00,1,0,0
วิทยุ,วิทยุ,2,07:00-09:00,0,0,1
วิทยุ,วิทยุ,2,09:00-16:00,1,0,0
วิทยุ,วิทยุ,2,09:00-17:00,0,0,1
วิทยุ,วิทยุ,2,16:00-19:30,1,0,0
วิทยุ,วิทยุ,2,17:00-19:00,0,0,1
วิทยุ,วิทยุ,3,07:00-09:00,0,0,1
วิทยุ,วิทยุ,3,09:00-16:00,0,0,1
วิทยุ,วิทยุ,3,16:00-19:00,0,0,1
วิทยุ,วิทยุ,4,07:00-09:00,0,1,0
วิทยุ,วิทยุ,4,09:00-16:00,0,1,0
วิทยุ,วิทยุ,4,16:00-19:00,0,1,0
วิทยุ,สาทร,1,07:00-09:00,1,0,0
วิทยุ,สาทร,1,09:00-16:00,1,0,0
วิทยุ,สาทร,1,16:00-19:00,1,0,0
วิทยุ,สาทร,2,06:30-09:00,1,0,0
วิทยุ,สาทร,2,07:00-09:00,0,0,1
วิทยุ,สาทร,2,09:00-16:00,1,0,0
วิทยุ,สาทร,2,09:00-17:00,0,0,1
วิทยุ,สาทร,2,16:00-19:30,1,0,0
วิทยุ,สาทร,2,17:00-19:00,0,0,1
วิทยุ,สาทร,3,07:00-09:00,0,0,1
วิทยุ,สาทร,3,09:00-16:00,0,0,1
วิทยุ,สาทร,3,16:00-19:00,0,0,1
วิทยุ,สาทร,4,07:00-09:00,0,1,0
วิทยุ,สาทร,4,09:00-16:00,0,1,0
วิทยุ,สาทร,4,16:00-19:00,0,1,0
วิทยุ-เพชร,ซอยเพชรบุรี37-ทางลงทางด่วน,1,07:00-09:00,0,1,0
วิทยุ-เพชร,ซอยเพชรบุรี37-ทางลงทางด่วน,1,09:00-16:00,0,1,0
วิทยุ-เพชร,ซอยเพชรบุรี37-ทางลงทางด่วน,1,16:00-19:00,0,1,0
วิทยุ-เพชร,ซอย์เพชรบุรี37,1,07:00-09:00,1,0,0
วิทยุ-เพชร,ซอย์เพชรบุรี37,1,09:00-16:00,1,0,0
วิทยุ-เพชร,ซอย์เพชรบุรี37,1,16:00-19:00,1,0,0
วิทยุ-เพชร,วิทยุ-ทางขึ้นลงทางด่วน,1,07:00-09:00,1,1,0
วิทยุ-เพชร,วิทยุ-ทางขึ้นลงทางด่วน,1,09:00-16:00,1,1,0
วิทยุ-เพชร,วิทยุ-ทางขึ้นลงทางด่วน,1,16:00-19:00,1,1,0
วิทยุ-เพชร,วิทยุ-ทางขึ้นลงทางด่วน,3,07:00-09:00,0,0,3
วิทยุ-เพชร,วิทยุ-ทางขึ้นลงทางด่วน,3,09:00-17:00,0,0,3
วิทยุ-เพชร,วิทยุ-ทางขึ้นลงทางด่วน,3,17:00-19:00,0,0,3
วิทยุ-เพชร,เพชรบุรี,1,07:00-09:00,1,1,0
วิทยุ-เพชร,เพชรบุรี,1,09:00-16:00,1,1,0
วิทยุ-เพชร,เพชรบุรี,1,16:00-19:00,1,1,0
วิทยุ-เพชร,เพชรบุรี,3,07:00-09:00,0,0,3
วิทยุ-เพชร,เพชรบุรี,3,09:00-17:00,0,0,3
วิทยุ-เพชร,เพชรบุรี,3,17:00-19:00,0,0,3
วิทยุ-เพชร,เพชรบุรี37-ทางลงทางด่วน,3,07:00-09:00,0,0,3
วิทยุ-เพชร,เพชรบุรี37-ทางลงทางด่วน,3,09:00-17:00,0,0,3
วิทยุ-เพชร,เพชรบุรี37-ทางลงทางด่วน,3,17:00-19:00,0,0,3
วิภาวดี-มิตรไมตรี1,มิตรไมตรี1,1,06:30-09:00,5,0,0
วิภาวดี-มิตรไมตรี1,มิตรไมตรี1,1,09:00-16:00,5,0,0
วิภาวดี-มิตรไมตรี1,มิตรไมตรี1,1,16:00-19:30,5,0,0
วิภาวดี-มิตรไมตรี1,วิภาวดีรังสิต,1,06:30-09:00,5,0,0
วิภาวดี-มิตรไมตรี1,วิภาวดีรังสิต,1,09:00-16:00,5,0,0
วิภาวดี-มิตรไมตรี1,วิภาวดีรังสิต,1,16:00-19:30,5,0,0
วิภาวดี-มิตรไมตรี2,มิตรไมตรี2,1,06:30-09:00,4,0,0
วิภาวดี-มิตรไมตรี2,มิตรไมตรี2,1,09:00-16:00,4,0,0
วิภาวดี-มิตรไมตรี2,มิตรไมตรี2,1,16:00-19:30,4,0,0
วิภาวดี-มิตรไมตรี2,วิภาวดีรังสิต,1,06:30-09:00,4,0,0
วิภาวดี-มิตรไมตรี2,วิภาวดีรังสิต,1,09:00-16:00,4,0,0
วิภาวดี-มิตรไมตรี2,วิภาวดีรังสิต,1,16:00-19:30,4,0,0
วิภาวดีรังสิต32,ซอยวิภาวดี32,2,07:00-09:00,1,0,0
วิภาวดีรังสิต32,ซอยวิภาวดี32,2,09:00-16:00,1,0,0
วิภาวดีรังสิต32,ซอยวิภาวดี32,2,16:00-19:00,1,0,0
วิภาวดีรังสิต32,วิภาวดีรังสิต,2,07:00-09:00,1,0,0
วิภาวดีรังสิต32,วิภาวดีรังสิต,2,09:00-16:00,1,0,0
วิภาวดีรังสิต32,วิภาวดีรังสิต,2,16:00-19:00,1,0,0
วิสุทธิกษัตริย์,ประชาธิปไตย,2,07:00-09:00,1,1,0
วิสุทธิกษัตริย์,ประชาธิปไตย,2,09:00-16:00,1,1,0
วิสุทธิกษัตริย์,ประชาธิปไตย,2,16:00-19:00,1,1,0
วิสุทธิกษัตริย์,ประชาธิปไตย,3,07:00-09:00,0,1,1
วิสุทธิกษัตริย์,ประชาธิปไตย,3,09:00-16:00,0,1,0
วิสุทธิกษัตริย์,ประชาธิปไตย,3,09:00-17:00,0,0,1
วิสุทธิกษัตริย์,ประชาธิปไตย,3,16:00-19:00,0,1,0
วิสุทธิกษัตริย์,ประชาธิปไตย,3,17:00-19:00,0,0,1
วิสุทธิกษัตริย์,ประชาธิปไตย,4,07:00-09:00,1,0,1
วิสุทธิกษัตริย์,ประชาธิปไตย,4,09:00-16:00,1,0,0
วิสุทธิกษัตริย์,ประชาธิปไตย,4,09:00-17:00,0,0,1
วิสุทธิกษัตริย์,ประชาธิปไตย,4,16:00-19:00,1,0,0
วิสุทธิกษัตริย์,ประชาธิปไตย,4,17:00-19:00,0,0,1
วิสุทธิกษัตริย์,วิสุทธิกษัตริย์,2,07:00-09:00,1,1,0
วิสุทธิกษัตริย์,วิสุทธิกษัตริย์,2,09:00-16:00,1,1,0
วิสุทธิกษัตริย์,วิสุทธิกษัตริย์,2,16:00-19:00,1,1,0
วิสุทธิกษัตริย์,วิสุทธิกษัตริย์,3,07:00-09:00,0,1,1
วิสุทธิกษัตริย์,วิสุทธิกษัตริย์,3,09:00-16:00,0,1,0
วิสุทธิกษัตริย์,วิสุทธิกษัตริย์,3,09:00-17:00,0,0,1
วิสุทธิกษัตริย์,วิสุทธิกษัตริย์,3,16:00-19:00,0,1,0
วิสุทธิกษัตริย์,วิสุทธิกษัตริย์,3,17:00-19:00,0,0,1
วิสุทธิกษัตริย์,วิสุทธิกษัตริย์,4,07:00-09:00,1,0,1
วิสุทธิกษัตริย์,วิสุทธิกษัตริย์,4,09:00-16:00,1,0,0
วิสุทธิกษัตริย์,วิสุทธิกษัตริย์,4,09:00-17:00,0,0,1
วิสุทธิกษัตริย์,วิสุทธิกษัตริย์,4,16:00-19:00,1,0,0
วิสุทธิกษัตริย์,วิสุทธิกษัตริย์,4,17:00-19:00,0,0,1
วุฒากาศ,ซอยมะลิ,1,07:00-09:00,1,1,0
วุฒากาศ,ซอยมะลิ,1,09:00-16:00,1,1,0
วุฒากาศ,ซอยมะลิ,1,16:00-19:00,1,1,0
วุฒากาศ,ซอยมะลิ,2,07:00-09:00,0,0,1
วุฒากาศ,ซอยมะลิ,2,09:00-17:00,0,0,1
วุฒากาศ,ซอยมะลิ,2,17:00-19:00,0,0,1
วุฒากาศ,วุฒากาศ,1,07:00-09:00,1,1,0
วุฒากาศ,วุฒากาศ,1,09:00-16:00,1,1,0
วุฒากาศ,วุฒากาศ,1,16:00-19:00,1,1,0
วุฒากาศ,วุฒากาศ,2,07:00-09:00,0,0,1
วุฒากาศ,วุฒากาศ,2,09:00-17:00,0,0,1
วุฒากาศ,วุฒากาศ,2,17:00-19:00,0,0,1
วุฒากาศ,วุฒากาศ,4,07:00-09:00,0,0,1
วุฒากาศ,วุฒากาศ,4,09:00-17:00,0,0,1
วุฒากาศ,วุฒากาศ,4,17:00-19:00,0,0,1
วุฒากาศ,เทอดไท,1,07:00-09:00,1,1,0
วุฒากาศ,เทอดไท,1,09:00-16:00,1,1,0
วุฒากาศ,เทอดไท,1,16:00-19:00,1,1,0
วุฒากาศ,เทอดไท,2,07:00-09:00,0,0,1
วุฒากาศ,เทอดไท,2,09:00-17:00,0,0,1
วุฒากาศ,เทอดไท,2,17:00-19:00,0,0,1
วุฒากาศ,เทอดไท,4,07:00-09:00,0,0,1
วุฒากาศ,เทอดไท,4,09:00-17:00,0,0,1
วุฒากาศ,เทอดไท,4,17:00-19:00,0,0,1
วุฒากาศ,เทอดไท26,4,07:00-09:00,0,0,1
วุฒากาศ,เทอดไท26,4,09:00-17:00,0,0,1
วุฒากาศ,เทอดไท26,4,17:00-19:00,0,0,1
ศรีนครินทร์-ลาซาล,ลาซาล,2,07:00-09:00,0,0,1
ศรีนครินทร์-ลาซาล,ลาซาล,2,09:00-17:00,0,0,1
ศรีนครินทร์-ลาซาล,ลาซาล,2,17:00-19:00,0,0,1
ศรีนครินทร์-ลาซาล,ศรีนครินทร์,2,07:00-09:00,0,0,1
ศรีนครินทร์-ลาซาล,ศรีนครินทร์,2,09:00-17:00,0,0,1
ศรีนครินทร์-ลาซาล,ศรีนครินทร์,2,17:00-19:00,0,0,1
ศรีนครินทร์-ศรีนครินทร์38,ศรีนครินทร์,1,07:00-09:00,0,0,1
ศรีนครินทร์-ศรีนครินทร์38,ศรีนครินทร์,1,09:00-17:00,0,0,1
ศรีนครินทร์-ศรีนครินทร์38,ศรีนครินทร์,1,17:00-19:00,0,0,1
ศรีนครินทร์-ศรีนครินทร์38,ศรีนครินทร์38,1,07:00-09:00,0,0,1
ศรีนครินทร์-ศรีนครินทร์38,ศรีนครินทร์38,1,09:00-17:00,0,0,1
ศรีนครินทร์-ศรีนครินทร์38,ศรีนครินทร์38,1,17:00-19:00,0,0,1
ศรีนครินทร์38-อ่อนนุช46,ศรีนครินทร์38,1,07:00-09:00,0,0,1
ศรีนครินทร์38-อ่อนนุช46,ศรีนครินทร์38,1,09:00-17:00,0,0,1
ศรีนครินทร์38-อ่อนนุช46,ศรีนครินทร์38,1,17:00-19:00,0,0,1
ศรีนครินทร์38-อ่อนนุช46,อ่อนนุช46,1,07:00-09:00,0,0,1
ศรีนครินทร์38-อ่อนนุช46,อ่อนนุช46,1,09:00-17:00,0,0,1
ศรีนครินทร์38-อ่อนนุช46,อ่อนนุช46,1,17:00-19:00,0,0,1
ศรีนครินทร์45,ศรีนครินทร์,3,07:00-09:00,1,0,0
ศรีนครินทร์45,ศรีนครินทร์,3,09:00-16:00,1,0,0
ศรีนครินทร์45,ศรีนครินทร์,3,16:00-19:00,1,0,0
ศรีนครินทร์55,ซอยศรีนครินทร์55,3,07:00-09:00,1,0,0
ศรีนครินทร์55,ซอยศรีนครินทร์55,3,09:00-16:00,1,0,0
ศรีนครินทร์55,ซอยศรีนครินทร์55,3,16:00-19:00,1,0,0
ศรีนครินทร์55,ศรีนครินทร์,3,07:00-09:00,1,0,0
ศรีนครินทร์55,ศรีนครินทร์,3,09:00-16:00,1,0,0
ศรีนครินทร์55,ศรีนครินทร์,3,16:00-19:00,1,0,0
ศรีนครินทร์55,ศรีนครินทร์,4,07:00-09:00,0,0,1
ศรีนครินทร์55,ศรีนครินทร์,4,09:00-16:00,0,0,1
ศรีนครินทร์55,ศรีนครินทร์,4,16:00-19:00,0,0,1
ศรีนครินทร์55,ศรีนครินทร์55,4,07:00-09:00,0,0,1
ศรีนครินทร์55,ศรีนครินทร์55,4,09:00-16:00,0,0,1
ศรีนครินทร์55,ศรีนครินทร์55,4,16:00-19:00,0,0,1
ศรีบูรพา-อาคารสงเคราะห์,ศรีบูรพา,4,07:00-09:00,0,0,1
ศรีบูรพา-อาคารสงเคราะห์,ศรีบูรพา,4,09:00-17:00,0,0,1
ศรีบูรพา-อาคารสงเคราะห์,ศรีบูรพา,4,17:00-19:00,0,0,1
ศรีบูรพา-อาคารสงเคราะห์,อาคารสงเคราะห์,4,07:00-09:00,0,0,1
ศรีบูรพา-อาคารสงเคราะห์,อาคารสงเคราะห์,4,09:00-17:00,0,0,1
ศรีบูรพา-อาคารสงเคราะห์,อาคารสงเคราะห์,4,17:00-19:00,0,0,1
ศรีย่าน,นครไชยศรี,1,07:00-09:00,0,0,1
ศรีย่าน,นครไชยศรี,1,09:00-17:00,0,0,1
ศรีย่าน,นครไชยศรี,1,17:00-19:00,0,0,1
ศรีย่าน,นครไชยศรี,2,07:00-09:00,0,0,1
ศรีย่าน,นครไชยศรี,2,09:00-16:00,0,0,1
ศรีย่าน,นครไชยศรี,2,16:00-19:00,0,0,1
ศรีย่าน,นครไชยศรี,3,07:00-09:00,2,0,0
ศรีย่าน,นครไชยศรี,3,09:00-16:00,2,0,0
ศรีย่าน,นครไชยศรี,3,16:00-19:00,2,0,0
ศรีย่าน,นครไชยศรี,4,07:00-09:00,0,1,0
ศรีย่าน,นครไชยศรี,4,09:00-16:00,0,1,0
ศรีย่าน,นครไชยศรี,4,16:00-19:00,0,1,0
ศรีย่าน,สามเสน,1,07:00-09:00,0,0,1
ศรีย่าน,สามเสน,1,09:00-17:00,0,0,1
ศรีย่าน,สามเสน,1,17:00-19:00,0,0,1
ศรีย่าน,สามเสน,2,07:00-09:00,0,0,1
ศรีย่าน,สามเสน,2,09:00-16:00,0,0,1
ศรีย่าน,สามเสน,2,16:00-19:00,0,0,1
ศรีย่าน,สามเสน,3,07:00-09:00,2,0,0
ศรีย่าน,สามเสน,3,09:00-16:00,2,0,0
ศรีย่าน,สามเสน,3,16:00-19:00,2,0,0
ศรีย่าน,สามเสน,4,07:00-09:00,0,1,0
ศรีย่าน,สามเสน,4,09:00-16:00,0,1,0
ศรีย่าน,สามเสน,4,16:00-19:00,0,1,0
ศรีวรา,ประชาอุทิศ,1,07:00-09:00,0,1,0
ศรีวรา,ประชาอุทิศ,1,09:00-16:00,0,1,0
ศรีวรา,ประชาอุทิศ,1,16:00-19:00,0,1,0
ศรีวรา,ประชาอุทิศ,2,07:00-09:00,0,0,1
ศรีวรา,ประชาอุทิศ,2,09:00-17:00,0,0,1
ศรีวรา,ประชาอุทิศ,2,17:00-19:00,0,0,1
ศรีวรา,ศรีวรา,1,07:00-09:00,0,1,0
ศรีวรา,ศรีวรา,1,09:00-16:00,0,1,0
ศรีวรา,ศรีวรา,1,16:00-19:00,0,1,0
ศรีวรา,ศรีวรา,2,07:00-09:00,0,0,1
ศรีวรา,ศรีวรา,2,09:00-17:00,0,0,1
ศรีวรา,ศรีวรา,2,17:00-19:00,0,0,1
ศรีวรา-อินทราภรณ์,ศรีวรา,3,07:00-09:00,0,0,1
ศรีวรา-อินทราภรณ์,ศรีวรา,3,09:00-17:00,0,0,1
ศรีวรา-อินทราภรณ์,ศรีวรา,3,17:00-19:00,0,0,1
ศรีวรา-อินทราภรณ์,อินทราภรณ์,3,07:00-09:00,0,0,1
ศรีวรา-อินทราภรณ์,อินทราภรณ์,3,09:00-17:00,0,0,1
ศรีวรา-อินทราภรณ์,อินทราภรณ์,3,17:00-19:00,0,0,1
ศรีสมาน,ศรีสมาน,1,07:00-09:00,0,0,1
ศรีสมาน,ศรีสมาน,1,09:00-17:00,0,0,1
ศรีสมาน,ศรีสมาน,1,17:00-19:00,0,0,1
ศรีสมาน,ศรีสมาน,3,07:00-09:00,1,0,0
ศรีสมาน,ศรีสมาน,3,09:00-16:00,1,0,0
ศรีสมาน,ศรีสมาน,3,16:00-19:00,1,0,0
ศรีสมาน,สรงประภา,1,07:00-09:00,0,0,1
ศรีสมาน,สรงประภา,1,09:00-17:00,0,0,1
ศรีสมาน,สรงประภา,1,17:00-19:00,0,0,1
ศรีสมาน,สรงประภา,3,07:00-09:00,1,0,0
ศรีสมาน,สรงประภา,3,09:00-16:00,1,0,0
ศรีสมาน,สรงประภา,3,16:00-19:00,1,0,0
ศรีสมาน,เลียบคลองประปา,1,07:00-09:00,0,0,1
ศรีสมาน,เลียบคลองประปา,1,09:00-17:00,0,0,1
ศรีสมาน,เลียบคลองประปา,1,17:00-19:00,0,0,1
ศรีสมาน,เลียบคลองประปา,3,07:00-09:00,1,0,0
ศรีสมาน,เลียบคลองประปา,3,09:00-16:00,1,0,0
ศรีสมาน,เลียบคลองประปา,3,16:00-19:00,1,0,0
ศรีอยุธยา,พระรามที่6,2,07:00-09:00,0,0,1
ศรีอยุธยา,พระรามที่6,2,09:00-17:00,0,0,1
ศรีอยุธยา,พระรามที่6,2,17:00-19:00,0,0,1
ศรีอยุธยา,พระรามที่6,3,07:00-09:00,0,1,0
ศรีอยุธยา,พระรามที่6,3,09:00-16:00,0,1,0
ศรีอยุธยา,พระรามที่6,3,16:00-19:00,0,1,0
ศรีอยุธยา,พระรามที่6,4,07:00-09:00,1,1,1
ศรีอยุธยา,พระรามที่6,4,09:00-16:00,1,1,0
ศรีอยุธยา,พระรามที่6,4,09:00-17:00,0,0,1
ศรีอยุธยา,พระรามที่6,4,16:00-19:00,1,1,0
ศรีอยุธยา,พระรามที่6,4,17:00-19:00,0,0,1
ศรีอยุธยา,ศรีอยุธยา,2,07:00-09:00,0,0,1
ศรีอยุธยา,ศรีอยุธยา,2,09:00-17:00,0,0,1
ศรีอยุธยา,ศรีอยุธยา,2,17:00-19:00,0,0,1
ศรีอยุธยา,ศรีอยุธยา,3,07:00-09:00,0,1,0
ศรีอยุธยา,ศรีอยุธยา,3,09:00-16:00,0,1,0
ศรีอยุธยา,ศรีอยุธยา,3,16:00-19:00,0,1,0
ศรีอยุธยา,ศรีอยุธยา,4,07:00-09:00,1,1,1
ศรีอยุธยา,ศรีอยุธยา,4,09:00-16:00,1,1,0
ศรีอยุธยา,ศรีอยุธยา,4,09:00-17:00,0,0,1
ศรีอยุธยา,ศรีอยุธยา,4,16:00-19:00,1,1,0
ศรีอยุธยา,ศรีอยุธยา,4,17:00-19:00,0,0,1
ศรีอุดม,ศรีนครินทร์,1,07:00-09:00,0,0,1
ศรีอุดม,ศรีนครินทร์,1,09:00-17:00,0,0,1
ศรีอุดม,ศรีนครินทร์,1,17:00-19:00,0,0,1
ศรีอุดม,ศรีนครินทร์,2,06:30-09:00,1,0,0
ศรีอุดม,ศรีนครินทร์,2,09:00-16:00,1,0,0
ศรีอุดม,ศรีนครินทร์,2,16:00-19:30,1,0,0
ศรีอุดม,ศรีนครินทร์,4,07:00-09:00,0,0,1
ศรีอุดม,ศรีนครินทร์,4,09:00-17:00,0,0,1
ศรีอุดม,ศรีนครินทร์,4,17:00-19:00,0,0,1
ศรีอุดม,อุดมสุข,1,07:00-09:00,0,0,1
ศรีอุดม,อุดมสุข,1,09:00-17:00,0,0,1
ศรีอุดม,อุดมสุข,1,17:00-19:00,0,0,1
ศรีอุดม,อุดมสุข,2,06:30-09:00,1,0,0
ศรีอุดม,อุดมสุข,2,09:00-16:00,1,0,0
ศรีอุดม,อุดมสุข,2,16:00-19:30,1,0,0
ศรีอุดม,อุดมสุข,4,07:00-09:00,0,0,1
ศรีอุดม,อุดมสุข,4,09:00-17:00,0,0,1
ศรีอุดม,อุดมสุข,4,17:00-19:00,0,0,1
ศาลอาญา,รัชดาภิเษก,3,07:00-09:00,0,1,0
ศาลอาญา,รัชดาภิเษก,3,09:00-16:00,0,1,0
ศาลอาญา,รัชดาภิเษก,3,16:00-19:00,0,1,0
ศาลาธรรมสพน์48,ศาลาธรรมสพน์,2,07:00-09:00,0,0,1
ศาลาธรรมสพน์48,ศาลาธรรมสพน์,2,09:00-17:00,0,0,1
ศาลาธรรมสพน์48,ศาลาธรรมสพน์,2,17:00-19:00,0,0,1
ศาลาธรรมสพน์48,ศาลาธรรมสพน์33,2,07:00-09:00,0,0,1
ศาลาธรรมสพน์48,ศาลาธรรมสพน์33,2,09:00-17:00,0,0,1
ศาลาธรรมสพน์48,ศาลาธรรมสพน์33,2,17:00-19:00,0,0,1
ศาลาธรรมสพน์48,ศาลาธรรมสพน์48,2,07:00-09:00,0,0,1
ศาลาธรรมสพน์48,ศาลาธรรมสพน์48,2,09:00-17:00,0,0,1
ศาลาธรรมสพน์48,ศาลาธรรมสพน์48,2,17:00-19:00,0,0,1
ศาลาธรรมสพย์48,ศาลาธรรมสพน์,3,07:00-09:00,1,0,0
ศาลาธรรมสพย์48,ศาลาธรรมสพน์,3,09:00-16:00,1,0,0
ศาลาธรรมสพย์48,ศาลาธรรมสพน์,3,16:00-19:00,1,0,0
ศาลาธรรมสพย์48,ศาลาธรรมสพน์33,3,07:00-09:00,1,0,0
ศาลาธรรมสพย์48,ศาลาธรรมสพน์33,3,09:00-16:00,1,0,0
ศาลาธรรมสพย์48,ศาลาธรรมสพน์33,3,16:00-19:00,1,0,0
ศาลาธรรมสพย์48,ศาลาธรรมสพน์48,3,07:00-09:00,1,0,0
ศาลาธรรมสพย์48,ศาลาธรรมสพน์48,3,09:00-16:00,1,0,0
ศาลาธรรมสพย์48,ศาลาธรรมสพน์48,3,16:00-19:00,1,0,0
ศาลาแดง,พระรามที่4,1,07:00-09:00,0,1,1
ศาลาแดง,พระรามที่4,1,09:00-16:00,0,1,0
ศาลาแดง,พระรามที่4,1,09:00-17:00,0,0,1
ศาลาแดง,พระรามที่4,1,16:00-19:00,0,1,0
ศาลาแดง,พระรามที่4,1,17:00-19:00,0,0,1
ศาลาแดง,พระรามที่4,2,07:00-09:00,0,0,1
ศาลาแดง,พระรามที่4,2,09:00-16:00,0,0,1
ศาลาแดง,พระรามที่4,2,16:00-19:00,0,0,1
ศาลาแดง,พระรามที่4,4,07:00-09:00,1,0,0
ศาลาแดง,พระรามที่4,4,09:00-16:00,1,0,0
ศาลาแดง,พระรามที่4,4,16:00-19:00,1,0,0
ศาลาแดง,ราชดำริ,1,07:00-09:00,0,1,1
ศาลาแดง,ราชดำริ,1,09:00-16:00,0,1,0
ศาลาแดง,ราชดำริ,1,09:00-17:00,0,0,1
ศาลาแดง,ราชดำริ,1,16:00-19:00,0,1,0
ศาลาแดง,ราชดำริ,1,17:00-19:00,0,0,1
ศาลาแดง,ราชดำริ,2,07:00-09:00,0,0,1
ศาลาแดง,ราชดำริ,2,09:00-16:00,0,0,1
ศาลาแดง,ราชดำริ,2,16:00-19:00,0,0,1
ศาลาแดง,ราชดำริ,4,07:00-09:00,1,0,0
ศาลาแดง,ราชดำริ,4,09:00-16:00,1,0,0
ศาลาแดง,ราชดำริ,4,16:00-19:00,1,0,0
ศาลาแดง,สีลม,1,07:00-09:00,0,1,1
ศาลาแดง,สีลม,1,09:00-16:00,0,1,0
ศาลาแดง,สีลม,1,09:00-17:00,0,0,1
ศาลาแดง,สีลม,1,16:00-19:00,0,1,0
ศาลาแดง,สีลม,1,17:00-19:00,0,0,1
ศาลาแดง,สีลม,2,07:00-09:00,0,0,1
ศาลาแดง,สีลม,2,09:00-16:00,0,0,1
ศาลาแดง,สีลม,2,16:00-19:00,0,0,1
ศาลาแดง,สีลม,4,07:00-09:00,1,0,0
ศาลาแดง,สีลม,4,09:00-16:00,1,0,0
ศาลาแดง,สีลม,4,16:00-19:00,1,0,0
ศาลเจ้าพ่อเสือ,ซอยพหลโยธิน48,1,07:00-09:00,1,0,0
ศาลเจ้าพ่อเสือ,ซอยพหลโยธิน48,1,09:00-16:00,1,0,0
ศาลเจ้าพ่อเสือ,ซอยพหลโยธิน48,1,16:00-19:00,1,0,0
ศาลเจ้าพ่อเสือ,ซอยรามอินทรา5,1,07:00-09:00,1,0,0
ศาลเจ้าพ่อเสือ,ซอยรามอินทรา5,1,09:00-16:00,1,0,0
ศาลเจ้าพ่อเสือ,ซอยรามอินทรา5,1,16:00-19:00,1,0,0
ศาลเจ้าพ่อเสือ,ตะนาว,4,07:00-09:00,0,0,1
ศาลเจ้าพ่อเสือ,ตะนาว,4,09:00-16:00,0,0,1
ศาลเจ้าพ่อเสือ,ตะนาว,4,16:00-19:00,0,0,1
ศาลเจ้าพ่อเสือ,มหรรณพ,4,07:00-09:00,0,0,1
ศาลเจ้าพ่อเสือ,มหรรณพ,4,09:00-16:00,0,0,1
ศาลเจ้าพ่อเสือ,มหรรณพ,4,16:00-19:00,0,0,1
ศิครินทร์,ศิครินทร์,2,07:00-09:00,1,0,0
ศิครินทร์,ศิครินทร์,2,09:00-16:00,1,0,0
ศิครินทร์,ศิครินทร์,2,16:00-19:00,1,0,0
ศิครินทร์,สุขุมวิท105,2,07:00-09:00,1,0,0
ศิครินทร์,สุขุมวิท105,2,09:00-16:00,1,0,0
ศิครินทร์,สุขุมวิท105,2,16:00-19:00,1,0,0
ศิริพงษ์-ลงท่า-หน้าวัง-อุณากรรณ,ลงท่า,4,07:00-09:00,0,0,1
ศิริพงษ์-ลงท่า-หน้าวัง-อุณากรรณ,ลงท่า,4,09:00-16:00,0,0,1
ศิริพงษ์-ลงท่า-หน้าวัง-อุณากรรณ,ลงท่า,4,16:00-19:00,0,0,1
ศิริพงษ์-ลงท่า-หน้าวัง-อุณากรรณ,ศิริพงษ์-อุณากรรณ,4,07:00-09:00,0,0,1
ศิริพงษ์-ลงท่า-หน้าวัง-อุณากรรณ,ศิริพงษ์-อุณากรรณ,4,09:00-16:00,0,0,1
ศิริพงษ์-ลงท่า-หน้าวัง-อุณากรรณ,ศิริพงษ์-อุณากรรณ,4,16:00-19:00,0,0,1
ศิริพงษ์-ศิริชัย,ศิริชัย,3,07:00-09:00,0,1,0
ศิริพงษ์-ศิริชัย,ศิริชัย,3,09:00-16:00,0,1,0
ศิริพงษ์-ศิริชัย,ศิริชัย,3,16:00-19:00,0,1,0
ศิริพงษ์-ศิริพัฒน์,ศิริพงษ์,3,07:00-09:00,0,1,0
ศิริพงษ์-ศิริพัฒน์,ศิริพงษ์,3,09:00-16:00,0,1,0
ศิริพงษ์-ศิริพัฒน์,ศิริพงษ์,3,16:00-19:00,0,1,0
ศิริพงษ์-ศิริพัฒน์,ศิริพัฒน์,3,07:00-09:00,0,1,0
ศิริพงษ์-ศิริพัฒน์,ศิริพัฒน์,3,09:00-16:00,0,1,0
ศิริพงษ์-ศิริพัฒน์,ศิริพัฒน์,3,16:00-19:00,0,1,0
ศิริราช,พรานนก,2,07:00-09:00,0,0,1
ศิริราช,พรานนก,2,09:00-17:00,0,0,1
ศิริราช,พรานนก,2,17:00-19:00,0,0,1
ศิริราช,พรานนก,3,07:00-09:00,1,0,0
ศิริราช,พรานนก,3,09:00-16:00,1,0,0
ศิริราช,พรานนก,3,16:00-19:00,1,0,0
ศิริราช,พรานนก,4,07:00-09:00,0,1,0
ศิริราช,พรานนก,4,09:00-16:00,0,1,0
ศิริราช,พรานนก,4,16:00-19:00,0,1,0
ศิริราช,วังหลัง,3,07:00-09:00,0,0,1
ศิริราช,วังหลัง,3,09:00-17:00,0,0,1
ศิริราช,วังหลัง,3,17:00-19:00,0,0,1
ศิริราช,อรุณอมรินทร์,2,07:00-09:00,0,0,1
ศิริราช,อรุณอมรินทร์,2,09:00-17:00,0,0,1
ศิริราช,อรุณอมรินทร์,2,17:00-19:00,0,0,1
ศิริราช,อรุณอมรินทร์,3,07:00-09:00,0,0,1
ศิริราช,อรุณอมรินทร์,3,09:00-17:00,0,0,1
ศิริราช,อรุณอมรินทร์,3,17:00-19:00,0,0,1
ศิริราช,อรุณอัมรินทร์,3,07:00-09:00,1,0,0
ศิริราช,อรุณอัมรินทร์,3,09:00-16:00,1,0,0
ศิริราช,อรุณอัมรินทร์,3,16:00-19:00,1,0,0
ศิริราช,อรุณอัมรินทร์,4,07:00-09:00,0,1,0
ศิริราช,อรุณอัมรินทร์,4,09:00-16:00,0,1,0
ศิริราช,อรุณอัมรินทร์,4,16:00-19:00,0,1,0
ศิริสุช,ช่างอากาศอุทิศ,3,07:00-09:00,0,0,1
ศิริสุช,ช่างอากาศอุทิศ,3,09:00-17:00,0,0,1
ศิริสุช,ช่างอากาศอุทิศ,3,17:00-19:00,0,0,1
ศิริสุช,ประชาอุทิศ,3,07:00-09:00,0,0,1
ศิริสุช,ประชาอุทิศ,3,09:00-17:00,0,0,1
ศิริสุช,ประชาอุทิศ,3,17:00-19:00,0,0,1
ศุลกากร,สุนทรโกษา,3,07:00-09:00,0,0,1
ศุลกากร,สุนทรโกษา,3,09:00-17:00,0,0,1
ศุลกากร,สุนทรโกษา,3,17:00-19:00,0,0,1
ศุลกากร,สุนทรโกษา,4,07:00-09:00,0,0,1
ศุลกากร,สุนทรโกษา,4,09:00-17:00,0,0,1
ศุลกากร,สุนทรโกษา,4,17:00-19:00,0,0,1
ศุลกากร,อาจณรงค์,3,07:00-09:00,0,0,1
ศุลกากร,อาจณรงค์,3,09:00-17:00,0,0,1
ศุลกากร,อาจณรงค์,3,17:00-19:00,0,0,1
ศุลกากร,อาจณรงค์,4,07:00-09:00,0,0,1
ศุลกากร,อาจณรงค์,4,09:00-17:00,0,0,1
ศุลกากร,อาจณรงค์,4,17:00-19:00,0,0,1
ศุลกากร,เกษมราษฎร์,3,07:00-09:00,0,0,1
ศุลกากร,เกษมราษฎร์,3,09:00-17:00,0,0,1
ศุลกากร,เกษมราษฎร์,3,17:00-19:00,0,0,1
ศุลกากร,เกษมราษฎร์,4,07:00-09:00,0,0,1
ศุลกากร,เกษมราษฎร์,4,09:00-17:00,0,0,1
ศุลกากร,เกษมราษฎร์,4,17:00-19:00,0,0,1
ศูนย์ราชการ,ทางเข้าออกศูนย์ราชการ,1,07:00-09:00,0,0,1
ศูนย์ราชการ,ทางเข้าออกศูนย์ราชการ,1,09:00-17:00,0,0,1
ศูนย์ราชการ,ทางเข้าออกศูนย์ราชการ,1,17:00-19:00,0,0,1
ศูนย์ราชการ,แจ้งวัฒนะ,1,07:00-09:00,0,0,1
ศูนย์ราชการ,แจ้งวัฒนะ,1,09:00-17:00,0,0,1
ศูนย์ราชการ,แจ้งวัฒนะ,1,17:00-19:00,0,0,1
ศูนย์วัฒนธรรม,วัฒนธรรม,2,07:00-09:00,1,0,0
ศูนย์วัฒนธรรม,วัฒนธรรม,2,09:00-16:00,1,0,0
ศูนย์วัฒนธรรม,วัฒนธรรม,2,16:00-19:00,1,0,0
ศูนย์วัฒนธรรม,วัฒนธรรม,3,07:00-09:00,1,0,0
ศูนย์วัฒนธรรม,วัฒนธรรม,3,09:00-16:00,1,0,0
ศูนย์วัฒนธรรม,วัฒนธรรม,3,16:00-19:00,1,0,0
ศูนย์วิจัย-เพชรบุรี,ซอยศูนย์วิจัย,1,06:30-09:00,0,1,0
ศูนย์วิจัย-เพชรบุรี,ซอยศูนย์วิจัย,1,09:00-16:00,0,1,0
ศูนย์วิจัย-เพชรบุรี,ซอยศูนย์วิจัย,1,16:00-19:30,0,1,0
ศูนย์วิจัย-เพชรบุรี,ศูนย์วิจัย,4,07:00-09:00,0,0,1
ศูนย์วิจัย-เพชรบุรี,ศูนย์วิจัย,4,09:00-17:00,0,0,1
ศูนย์วิจัย-เพชรบุรี,ศูนย์วิจัย,4,17:00-19:00,0,0,1
ศูนย์วิจัย-เพชรบุรี,เพชรบุรี,1,06:30-09:00,0,1,0
ศูนย์วิจัย-เพชรบุรี,เพชรบุรี,4,07:00-09:00,0,0,1
ศูนย์วิจัย-เพชรบุรี,เพชรบุรี,4,09:00-17:00,0,0,1
ศูนย์วิจัย-เพชรบุรี,เพชรบุรี,4,17:00-19:00,0,0,1
ศูนย์วิจัยเหนือ,ถนนพระราม9,3,07:00-09:00,1,0,0
ศูนย์วิจัยเหนือ,ถนนพระราม9,3,09:00-16:00,1,0,0
ศูนย์วิจัยเหนือ,ถนนพระราม9,3,16:00-19:00,1,0,0
ศูนย์วิจัยเหนือ,พระราม9,4,07:00-09:00,0,1,0
ศูนย์วิจัยเหนือ,พระราม9,4,09:00-16:00,0,1,0
ศูนย์วิจัยเหนือ,พระราม9,4,16:00-19:00,0,1,0
ศูนย์วิจัยเหนือ,พระราม9ชอย17,3,07:00-09:00,1,0,0
ศูนย์วิจัยเหนือ,พระราม9ชอย17,3,09:00-16:00,1,0,0
ศูนย์วิจัยเหนือ,พระราม9ชอย17,3,16:00-19:00,1,0,0
ศูนย์วิจัยเหนือ,พระราม9ซอย17,4,07:00-09:00,0,1,0
ศูนย์วิจัยเหนือ,พระราม9ซอย17,4,09:00-16:00,0,1,0
ศูนย์วิจัยเหนือ,พระราม9ซอย17,4,16:00-19:00,0,1,0
ศูนย์วิจัยเหนือ,พระราม9ซอย26,3,07:00-09:00,1,0,0
ศูนย์วิจัยเหนือ,พระราม9ซอย26,3,09:00-16:00,1,0,0
ศูนย์วิจัยเหนือ,พระราม9ซอย26,3,16:00-19:00,1,0,0
ศูนย์วิจัยเหนือ,พระราม9ซอย26,4,07:00-09:00,0,1,0
ศูนย์วิจัยเหนือ,พระราม9ซอย26,4,09:00-16:00,0,1,0
ศูนย์วิจัยเหนือ,พระราม9ซอย26,4,16:00-19:00,0,1,0
สถานีBRTพระราม3,นราธิวาสราชนครินทร์,3,07:00-09:00,0,1,0
สถานีBRTพระราม3,นราธิวาสราชนครินทร์,3,09:00-16:00,0,1,0
สถานีBRTพระราม3,นราธิวาสราชนครินทร์,3,16:00-19:00,0,1,0
สถานีรถไฟฟ้ากรุงธนบุรี,กรุงธนบุรี,3,07:00-09:00,0,1,0
สถานีรถไฟฟ้ากรุงธนบุรี,กรุงธนบุรี,3,09:00-16:00,0,1,0
สถานีรถไฟฟ้ากรุงธนบุรี,กรุงธนบุรี,3,16:00-19:00,0,1,0
สถานีรถไฟฟ้าช่องนนทรี,นราธิวาสราชนครินทร์,3,07:00-09:00,0,1,0
สถานีรถไฟฟ้าช่องนนทรี,นราธิวาสราชนครินทร์,3,09:00-16:00,0,1,0
สถานีรถไฟฟ้าช่องนนทรี,นราธิวาสราชนครินทร์,3,16:00-19:00,0,1,0
สถานีรถไฟวงเวียนใหญ่,กรุงธนบุรี,3,07:00-09:00,0,1,0
สถานีรถไฟวงเวียนใหญ่,กรุงธนบุรี,3,09:00-16:00,0,1,0
สถานีรถไฟวงเวียนใหญ่,กรุงธนบุรี,3,16:00-19:00,0,1,0
สนามบินสุวรรณภูมิ,ลาดกระบัง,2,07:00-09:00,0,0,2
สนามบินสุวรรณภูมิ,ลาดกระบัง,2,09:00-17:00,0,0,2
สนามบินสุวรรณภูมิ,ลาดกระบัง,2,17:00-19:00,0,0,2
สนามบินสุวรรณภูมิ,ลาดกระบัง,4,07:00-09:00,0,0,1
สนามบินสุวรรณภูมิ,ลาดกระบัง,4,09:00-16:00,0,0,1
สนามบินสุวรรณภูมิ,ลาดกระบัง,4,16:00-19:00,0,0,1
สนามบินสุวรรณภูมิ,สุรรณภูมิ4,2,07:00-09:00,0,0,1
สนามบินสุวรรณภูมิ,สุรรณภูมิ4,2,09:00-17:00,0,0,1
สนามบินสุวรรณภูมิ,สุรรณภูมิ4,2,17:00-19:00,0,0,1
สนามบินสุวรรณภูมิ,สุวรรณภูมิ,4,07:00-09:00,0,0,1
สนามบินสุวรรณภูมิ,สุวรรณภูมิ,4,09:00-16:00,0,0,1
สนามบินสุวรรณภูมิ,สุวรรณภูมิ,4,16:00-19:00,0,0,1
สนามบินสุวรรณภูมิ,สุวรรณภูมิ4,2,07:00-09:00,0,0,1
สนามบินสุวรรณภูมิ,สุวรรณภูมิ4,2,09:00-17:00,0,0,1
สนามบินสุวรรณภูมิ,สุวรรณภูมิ4,2,17:00-19:00,0,0,1
สนามหลวง2,บางแวก,2,07:00-09:00,0,0,1
สนามหลวง2,บางแวก,2,09:00-16:00,0,0,1
สนามหลวง2,บางแวก,2,16:00-19:00,0,0,1
สนามหลวง2,เข้าออกตลาดธนบุรีสนามหลวง2,2,07:00-09:00,0,0,1
สนามหลวง2,เข้าออกตลาดธนบุรีสนามหลวง2,2,09:00-16:00,0,0,1
สนามหลวง2,เข้าออกตลาดธนบุรีสนามหลวง2,2,16:00-19:00,0,0,1
สนามหลวง2,เลียบคลองทวีวัฒนา,2,07:00-09:00,0,0,1
สนามหลวง2,เลียบคลองทวีวัฒนา,2,09:00-16:00,0,0,1
สนามหลวง2,เลียบคลองทวีวัฒนา,2,16:00-19:00,0,0,1
สภากาชาดไทย,อังรีดูนังต์,4,07:00-09:00,1,0,0
สภากาชาดไทย,อังรีดูนังต์,4,09:00-16:00,1,0,0
สภากาชาดไทย,อังรีดูนังต์,4,16:00-19:00,1,0,0
สมเด็จเจ้าพระยา,สมเด็จเจ้าพระยา,1,07:00-09:00,0,0,1
สมเด็จเจ้าพระยา,สมเด็จเจ้าพระยา,1,09:00-16:00,0,0,1
สมเด็จเจ้าพระยา,สมเด็จเจ้าพระยา,1,16:00-19:00,0,0,1
สรงประภา-ซอยวัดเวฬุวนาราม,วัดเวฬุวนาราม,2,07:00-09:00,0,0,1
สรงประภา-ซอยวัดเวฬุวนาราม,วัดเวฬุวนาราม,2,09:00-17:00,0,0,1
สรงประภา-ซอยวัดเวฬุวนาราม,วัดเวฬุวนาราม,2,17:00-19:00,0,0,1
สรงประภา-ซอยวัดเวฬุวนาราม,สรงประภา,2,07:00-09:00,0,0,1
สรงประภา-ซอยวัดเวฬุวนาราม,สรงประภา,2,09:00-17:00,0,0,1
สรงประภา-ซอยวัดเวฬุวนาราม,สรงประภา,2,17:00-19:00,0,0,1
สรงประภา-นาวงค์ประชาพัฒนา,นาวงค์ประชาพัฒนา,3,07:00-09:00,1,0,0
สรงประภา-นาวงค์ประชาพัฒนา,นาวงค์ประชาพัฒนา,3,09:00-16:00,1,0,0
สรงประภา-นาวงค์ประชาพัฒนา,นาวงค์ประชาพัฒนา,3,16:00-19:00,1,0,0
สรงประภา-นาวงค์ประชาพัฒนา,สรงประภา,3,07:00-09:00,1,0,0
สรงประภา-นาวงค์ประชาพัฒนา,สรงประภา,3,09:00-16:00,1,0,0
สรงประภา-นาวงค์ประชาพัฒนา,สรงประภา,3,16:00-19:00,1,0,0
สรงประภา-นาวงศ์ประชาพัฒนา,นาวงศ์ประชาพัฒนา,2,07:00-09:00,1,0,0
สรงประภา-นาวงศ์ประชาพัฒนา,นาวงศ์ประชาพัฒนา,2,09:00-16:00,1,0,0
สรงประภา-นาวงศ์ประชาพัฒนา,นาวงศ์ประชาพัฒนา,2,16:00-19:00,1,0,0
สรงประภา-นาวงศ์ประชาพัฒนา,นาวงศ์ประชาพัฒนา,3,07:00-09:00,0,1,0
สรงประภา-นาวงศ์ประชาพัฒนา,นาวงศ์ประชาพัฒนา,3,09:00-16:00,0,1,0
สรงประภา-นาวงศ์ประชาพัฒนา,นาวงศ์ประชาพัฒนา,3,16:00-19:00,0,1,0
สรงประภา-นาวงศ์ประชาพัฒนา,นาวงศ์ประชาพัฒนา,4,07:00-09:00,0,1,0
สรงประภา-นาวงศ์ประชาพัฒนา,นาวงศ์ประชาพัฒนา,4,09:00-16:00,0,1,0
สรงประภา-นาวงศ์ประชาพัฒนา,นาวงศ์ประชาพัฒนา,4,16:00-19:00,0,1,0
สรงประภา-นาวงศ์ประชาพัฒนา,สรงประภา,2,07:00-09:00,1,0,0
สรงประภา-นาวงศ์ประชาพัฒนา,สรงประภา,2,09:00-16:00,1,0,0
สรงประภา-นาวงศ์ประชาพัฒนา,สรงประภา,2,16:00-19:00,1,0,0
สรงประภา-นาวงศ์ประชาพัฒนา,สรงประภา,3,07:00-09:00,0,1,0
สรงประภา-นาวงศ์ประชาพัฒนา,สรงประภา,3,09:00-16:00,0,1,0
สรงประภา-นาวงศ์ประชาพัฒนา,สรงประภา,3,16:00-19:00,0,1,0
สรงประภา-นาวงศ์ประชาพัฒนา,สรงประภา,4,07:00-09:00,0,1,0
สรงประภา-นาวงศ์ประชาพัฒนา,สรงประภา,4,09:00-16:00,0,1,0
สรงประภา-นาวงศ์ประชาพัฒนา,สรงประภา,4,16:00-19:00,0,1,0
สรงประภา-สรงประภา11/1,สรงประภา,4,07:00-09:00,0,0,1
สรงประภา-สรงประภา11/1,สรงประภา,4,09:00-17:00,0,0,1
สรงประภา-สรงประภา11/1,สรงประภา,4,17:00-19:00,0,0,1
สรงประภา-สรงประภา11/1,สรงประภา11/1,4,07:00-09:00,0,0,1
สรงประภา-สรงประภา11/1,สรงประภา11/1,4,09:00-17:00,0,0,1
สรงประภา-สรงประภา11/1,สรงประภา11/1,4,17:00-19:00,0,0,1
สรงประภา-สรงประภา11/2,สรงประภา,4,07:00-09:00,0,0,1
สรงประภา-สรงประภา11/2,สรงประภา,4,09:00-17:00,0,0,1
สรงประภา-สรงประภา11/2,สรงประภา,4,17:00-19:00,0,0,1
สรงประภา-สรงประภา11/2,สรงประภา11/2,4,07:00-09:00,0,0,1
สรงประภา-สรงประภา11/2,สรงประภา11/2,4,09:00-17:00,0,0,1
สรงประภา-สรงประภา11/2,สรงประภา11/2,4,17:00-19:00,0,0,1
สรงประภา-สรณคมณ์,สรงประภา,4,07:00-09:00,0,0,1
สรงประภา-สรณคมณ์,สรงประภา,4,09:00-17:00,0,0,1
สรงประภา-สรณคมณ์,สรงประภา,4,17:00-19:00,0,0,1
สรงประภา-สรณคมณ์,สรณคมณ์,4,07:00-09:00,0,0,1
สรงประภา-สรณคมณ์,สรณคมณ์,4,09:00-17:00,0,0,1
สรงประภา-สรณคมณ์,สรณคมณ์,4,17:00-19:00,0,0,1
สรงประภา-เชิดวุฒากาศ,สรงประภา,1,07:00-09:00,1,0,0
สรงประภา-เชิดวุฒากาศ,สรงประภา,1,09:00-16:00,1,0,0
สรงประภา-เชิดวุฒากาศ,สรงประภา,1,16:00-19:00,1,0,0
สรงประภา-เชิดวุฒากาศ,สรงประภา,4,07:00-09:00,0,1,0
สรงประภา-เชิดวุฒากาศ,สรงประภา,4,09:00-16:00,0,1,0
สรงประภา-เชิดวุฒากาศ,สรงประภา,4,16:00-19:00,0,1,0
สรงประภา-เชิดวุฒากาศ,เชิดวุฒากาศ,1,07:00-09:00,1,0,0
สรงประภา-เชิดวุฒากาศ,เชิดวุฒากาศ,1,09:00-16:00,1,0,0
สรงประภา-เชิดวุฒากาศ,เชิดวุฒากาศ,1,16:00-19:00,1,0,0
สรงประภา-เชิดวุฒากาศ,เชิดวุฒากาศ,4,07:00-09:00,0,1,0
สรงประภา-เชิดวุฒากาศ,เชิดวุฒากาศ,4,09:00-16:00,0,1,0
สรงประภา-เชิดวุฒากาศ,เชิดวุฒากาศ,4,16:00-19:00,0,1,0
สรรพวุธ,ทางรถไฟสายปากน้ำ,3,07:00-09:00,1,0,0
สรรพวุธ,ทางรถไฟสายปากน้ำ,3,09:00-16:00,1,0,0
สรรพวุธ,ทางรถไฟสายปากน้ำ,3,16:00-19:00,1,0,0
สรรพวุธ,สรรพาวุธ,3,07:00-09:00,1,0,0
สรรพวุธ,สรรพาวุธ,3,09:00-16:00,1,0,0
สรรพวุธ,สรรพาวุธ,3,16:00-19:00,1,0,0
สรรพาวุธ,ทางรถไฟสายปากน้ำ,1,07:00-09:00,0,0,2
สรรพาวุธ,ทางรถไฟสายปากน้ำ,1,09:00-17:00,0,0,2
สรรพาวุธ,ทางรถไฟสายปากน้ำ,1,17:00-19:00,0,0,2
สรรพาวุธ,ทางรถไฟสายปากนํ้า,3,07:00-09:00,0,2,0
สรรพาวุธ,ทางรถไฟสายปากนํ้า,3,09:00-16:00,0,2,0
สรรพาวุธ,ทางรถไฟสายปากนํ้า,3,16:00-19:00,0,2,0
สรรพาวุธ,สรรพาวุธ,1,07:00-09:00,0,0,2
สรรพาวุธ,สรรพาวุธ,1,09:00-17:00,0,0,2
สรรพาวุธ,สรรพาวุธ,1,17:00-19:00,0,0,2
สรรพาวุธ,สรรพาวุธ,3,07:00-09:00,0,2,0
สรรพาวุธ,สรรพาวุธ,3,09:00-16:00,0,2,0
สรรพาวุธ,สรรพาวุธ,3,16:00-19:00,0,2,0
สวนผัก-ชัยพฤกษ์,ชัยพฤกษ์,3,07:00-09:00,0,0,1
สวนผัก-ชัยพฤกษ์,ชัยพฤกษ์,3,09:00-17:00,0,0,1
สวนผัก-ชัยพฤกษ์,ชัยพฤกษ์,3,17:00-19:00,0,0,1
สวนผัก-ชัยพฤกษ์,ชัยพฤกษ์18,3,07:00-09:00,0,0,1
สวนผัก-ชัยพฤกษ์,ชัยพฤกษ์18,3,09:00-17:00,0,0,1
สวนผัก-ชัยพฤกษ์,ชัยพฤกษ์18,3,17:00-19:00,0,0,1
สวนผัก-ชัยพฤกษ์,สวนผัก,3,07:00-09:00,0,0,1
สวนผัก-ชัยพฤกษ์,สวนผัก,3,09:00-17:00,0,0,1
สวนผัก-ชัยพฤกษ์,สวนผัก,3,17:00-19:00,0,0,1
สวนผัก32,ซอยสวนผัก32,4,07:00-09:00,1,0,0
สวนผัก32,ซอยสวนผัก32,4,09:00-16:00,1,0,0
สวนผัก32,ซอยสวนผัก32,4,16:00-19:00,1,0,0
สวนผัก32,ทางเข้าภิรมณ์เพลส,4,07:00-09:00,1,0,0
สวนผัก32,ทางเข้าภิรมณ์เพลส,4,09:00-16:00,1,0,0
สวนผัก32,ทางเข้าภิรมณ์เพลส,4,16:00-19:00,1,0,0
สวนผัก32,สวนผัก,4,07:00-09:00,1,0,0
สวนผัก32,สวนผัก,4,09:00-16:00,1,0,0
สวนผัก32,สวนผัก,4,16:00-19:00,1,0,0
สวนมิกสกวัน,พิษณุโลก,2,07:00-09:00,1,0,1
สวนมิกสกวัน,พิษณุโลก,2,09:00-16:00,1,0,0
สวนมิกสกวัน,พิษณุโลก,2,09:00-17:00,0,0,1
สวนมิกสกวัน,พิษณุโลก,2,16:00-19:00,1,0,0
สวนมิกสกวัน,พิษณุโลก,2,17:00-19:00,0,0,1
สวนมิกสกวัน,พิษณุโลก,4,07:00-09:00,0,0,1
สวนมิกสกวัน,พิษณุโลก,4,09:00-16:00,0,0,1
สวนมิกสกวัน,พิษณุโลก,4,16:00-19:00,0,0,1
สวนมิกสกวัน,ราชดำเนินนอก,2,07:00-09:00,1,0,0
สวนมิกสกวัน,ราชดำเนินนอก,2,09:00-16:00,1,0,0
สวนมิกสกวัน,ราชดำเนินนอก,2,16:00-19:00,1,0,0
สวนมิกสกวัน,ราชดำเนินนอก,4,07:00-09:00,0,0,1
สวนมิกสกวัน,ราชดำเนินนอก,4,09:00-16:00,0,0,1
สวนมิกสกวัน,ราชดำเนินนอก,4,16:00-19:00,0,0,1
สวนมิกสกวัน,ราชำดำเนิน,2,07:00-09:00,0,0,1
สวนมิกสกวัน,ราชำดำเนิน,2,09:00-17:00,0,0,1
สวนมิกสกวัน,ราชำดำเนิน,2,17:00-19:00,0,0,1
สวนมิสกวัน,พิษณุโลก,3,07:00-09:00,0,2,0
สวนมิสกวัน,พิษณุโลก,3,09:00-16:00,0,2,0
สวนมิสกวัน,พิษณุโลก,3,16:00-19:00,0,2,0
สวนมิสกวัน,ราชดำเนินนอก,3,07:00-09:00,0,2,0
สวนมิสกวัน,ราชดำเนินนอก,3,09:00-16:00,0,2,0
สวนมิสกวัน,ราชดำเนินนอก,3,16:00-19:00,0,2,0
สวนรื่นฤดี,นครราชสีมา,3,07:00-09:00,0,0,1
สวนรื่นฤดี,นครราชสีมา,3,09:00-17:00,0,0,1
สวนรื่นฤดี,นครราชสีมา,3,17:00-19:00,0,0,1
สวนรื่นฤดี,ราชสีมา,2,07:00-09:00,1,0,0
สวนรื่นฤดี,ราชสีมา,2,09:00-16:00,1,0,0
สวนรื่นฤดี,ราชสีมา,2,16:00-19:00,1,0,0
สวนรื่นฤดี,ราชสีมา,4,07:00-09:00,0,1,0
สวนรื่นฤดี,ราชสีมา,4,09:00-16:00,0,1,0
สวนรื่นฤดี,ราชสีมา,4,16:00-19:00,0,1,0
สวนรื่นฤดี,สุโขทัย,2,07:00-09:00,1,0,0
สวนรื่นฤดี,สุโขทัย,2,09:00-16:00,1,0,0
สวนรื่นฤดี,สุโขทัย,2,16:00-19:00,1,0,0
สวนรื่นฤดี,สุโขทัย,3,07:00-09:00,0,0,1
สวนรื่นฤดี,สุโขทัย,3,09:00-17:00,0,0,1
สวนรื่นฤดี,สุโขทัย,3,17:00-19:00,0,0,1
สวนรื่นฤดี,สุโขทัย,4,07:00-09:00,0,1,0
สวนรื่นฤดี,สุโขทัย,4,09:00-16:00,0,1,0
สวนรื่นฤดี,สุโขทัย,4,16:00-19:00,0,1,0
สวนสน,ซอยรามคำแหง60,1,07:00-09:00,0,0,1
สวนสน,ซอยรามคำแหง60,1,09:00-17:00,0,0,1
สวนสน,ซอยรามคำแหง60,1,17:00-19:00,0,0,1
สวนสน,พ่วงศิริ,1,07:00-09:00,0,0,1
สวนสน,พ่วงศิริ,1,09:00-17:00,0,0,1
สวนสน,พ่วงศิริ,1,17:00-19:00,0,0,1
สวนสน,รามคำแหง,1,07:00-09:00,0,0,1
สวนสน,รามคำแหง,1,09:00-17:00,0,0,1
สวนสน,รามคำแหง,1,17:00-19:00,0,0,1
สวนสยาม,ซอยเสรีไทย50,3,07:00-09:00,0,2,0
สวนสยาม,ซอยเสรีไทย50,3,09:00-16:00,0,2,0
สวนสยาม,ซอยเสรีไทย50,3,16:00-19:00,0,2,0
สวนสยาม,ทางเข้าสวนสยาม,1,07:00-09:00,0,0,1
สวนสยาม,ทางเข้าสวนสยาม,1,09:00-17:00,0,0,1
สวนสยาม,ทางเข้าสวนสยาม,1,17:00-19:00,0,0,1
สวนสยาม,ทางเข้าสวนสยาม,3,07:00-09:00,0,2,0
สวนสยาม,ทางเข้าสวนสยาม,3,09:00-16:00,0,2,0
สวนสยาม,ทางเข้าสวนสยาม,3,16:00-19:00,0,2,0
สวนสยาม,ทางเข้าออกสวนสยาม,2,07:00-09:00,0,0,1
สวนสยาม,ทางเข้าออกสวนสยาม,2,09:00-16:00,0,0,1
สวนสยาม,ทางเข้าออกสวนสยาม,2,16:00-19:00,0,0,1
สวนสยาม,เสรีไทย,1,07:00-09:00,0,0,1
สวนสยาม,เสรีไทย,1,09:00-17:00,0,0,1
สวนสยาม,เสรีไทย,1,17:00-19:00,0,0,1
สวนสยาม,เสรีไทย,2,07:00-09:00,0,0,1
สวนสยาม,เสรีไทย,2,09:00-16:00,0,0,1
สวนสยาม,เสรีไทย,2,16:00-19:00,0,0,1
สวนสยาม,เสรีไทย,3,07:00-09:00,0,2,0
สวนสยาม,เสรีไทย,3,09:00-16:00,0,2,0
สวนสยาม,เสรีไทย,3,16:00-19:00,0,2,0
สวนสยาม,เสรีไทย50,1,07:00-09:00,0,0,1
สวนสยาม,เสรีไทย50,1,09:00-17:00,0,0,1
สวนสยาม,เสรีไทย50,1,17:00-19:00,0,0,1
สวนสยาม,เสรีไทย50,2,07:00-09:00,0,0,1
สวนสยาม,เสรีไทย50,2,09:00-16:00,0,0,1
สวนสยาม,เสรีไทย50,2,16:00-19:00,0,0,1
สวนหลวง,ศรีนครินทร์,1,07:00-09:00,0,0,1
สวนหลวง,ศรีนครินทร์,1,09:00-17:00,0,0,1
สวนหลวง,ศรีนครินทร์,1,17:00-19:00,0,0,1
สวนหลวง,ศรีนครินทร์,3,07:00-09:00,1,0,1
สวนหลวง,ศรีนครินทร์,3,09:00-16:00,1,0,1
สวนหลวง,ศรีนครินทร์,3,16:00-19:00,1,0,1
สวนหลวง,ศรีนครินทร์,4,07:00-09:00,0,0,2
สวนหลวง,ศรีนครินทร์,4,09:00-17:00,0,0,2
สวนหลวง,ศรีนครินทร์,4,17:00-19:00,0,0,2
สวนหลวง,อ่อนนุช,1,07:00-09:00,0,0,1
สวนหลวง,อ่อนนุช,1,09:00-17:00,0,0,1
สวนหลวง,อ่อนนุช,1,17:00-19:00,0,0,1
สวนหลวง,อ่อนนุช,3,07:00-09:00,1,0,1
สวนหลวง,อ่อนนุช,3,09:00-16:00,1,0,1
สวนหลวง,อ่อนนุช,3,16:00-19:00,1,0,1
สวนหลวง,อ่อนนุช,4,07:00-09:00,0,0,2
สวนหลวง,อ่อนนุช,4,09:00-17:00,0,0,2
สวนหลวง,อ่อนนุช,4,17:00-19:00,0,0,2
สวนแสงธรรม,บางแวก,1,07:00-09:00,0,0,1
สวนแสงธรรม,บางแวก,1,09:00-17:00,0,0,1
สวนแสงธรรม,บางแวก,1,17:00-19:00,0,0,1
สวนแสงธรรม,พุทธมณฑลสาย3,1,07:00-09:00,0,0,1
สวนแสงธรรม,พุทธมณฑลสาย3,1,09:00-17:00,0,0,1
สวนแสงธรรม,พุทธมณฑลสาย3,1,17:00-19:00,0,0,1
สวรรคโลก,สวรรคโลก,1,07:00-09:00,1,0,0
สวรรคโลก,สวรรคโลก,1,09:00-16:00,1,0,0
สวรรคโลก,สวรรคโลก,1,16:00-19:00,1,0,0
สวรรคโลก,สวรรคโลก,4,07:00-09:00,1,1,0
สวรรคโลก,สวรรคโลก,4,09:00-16:00,1,1,0
สวรรคโลก,สวรรคโลก,4,16:00-19:00,1,1,0
สวรรคโลก,สุโขทัย,1,07:00-09:00,1,0,0
สวรรคโลก,สุโขทัย,1,09:00-16:00,1,0,0
สวรรคโลก,สุโขทัย,1,16:00-19:00,1,0,0
สวรรคโลก,สุโขทัย,4,07:00-09:00,1,1,0
สวรรคโลก,สุโขทัย,4,09:00-16:00,1,1,0
สวรรคโลก,สุโขทัย,4,16:00-19:00,1,1,0
สวรรคโลก-สุคันธาราม,สวรรคโลก,4,07:00-09:00,1,0,0
สวรรคโลก-สุคันธาราม,สวรรคโลก,4,09:00-16:00,1,0,0
สวรรคโลก-สุคันธาราม,สวรรคโลก,4,16:00-19:00,1,0,0
สวรรคโลก-สุคันธาราม,สุคันธาราม,4,07:00-09:00,1,0,0
สวรรคโลก-สุคันธาราม,สุคันธาราม,4,09:00-16:00,1,0,0
สวรรคโลก-สุคันธาราม,สุคันธาราม,4,16:00-19:00,1,0,0
สวัสดิการ1-เลียบคลองภาษีเจริญฝั่งเหนือ-ซอยเลียบคลองฯ3/1,ซอยเลียบคลองภาษีเจริญฝั่งเหนือ3/1,3,07:00-09:00,0,1,0
สวัสดิการ1-เลียบคลองภาษีเจริญฝั่งเหนือ-ซอยเลียบคลองฯ3/1,ซอยเลียบคลองภาษีเจริญฝั่งเหนือ3/1,3,09:00-16:00,0,1,0
สวัสดิการ1-เลียบคลองภาษีเจริญฝั่งเหนือ-ซอยเลียบคลองฯ3/1,ซอยเลียบคลองภาษีเจริญฝั่งเหนือ3/1,3,16:00-19:00,0,1,0
สวัสดิการ1-เลียบคลองภาษีเจริญฝั่งเหนือ-ซอยเลียบคลองฯ3/1,สวัสดิการ1,3,07:00-09:00,0,1,0
สวัสดิการ1-เลียบคลองภาษีเจริญฝั่งเหนือ-ซอยเลียบคลองฯ3/1,สวัสดิการ1,3,09:00-16:00,0,1,0
สวัสดิการ1-เลียบคลองภาษีเจริญฝั่งเหนือ-ซอยเลียบคลองฯ3/1,สวัสดิการ1,3,16:00-19:00,0,1,0
สวัสดิการ1-เลียบคลองภาษีเจริญฝั่งเหนือ-ซอยเลียบคลองฯ3/1,เลียบคลองภาษีเจริญฝั่งเหนือ,3,07:00-09:00,0,1,0
สวัสดิการ1-เลียบคลองภาษีเจริญฝั่งเหนือ-ซอยเลียบคลองฯ3/1,เลียบคลองภาษีเจริญฝั่งเหนือ,3,09:00-16:00,0,1,0
สวัสดิการ1-เลียบคลองภาษีเจริญฝั่งเหนือ-ซอยเลียบคลองฯ3/1,เลียบคลองภาษีเจริญฝั่งเหนือ,3,16:00-19:00,0,1,0
สะพานกรุงธน,มุ่งหน้าแยกซังฮี้,1,07:00-09:00,0,0,1
สะพานกรุงธน,มุ่งหน้าแยกซังฮี้,1,09:00-16:00,0,0,1
สะพานกรุงธน,มุ่งหน้าแยกซังฮี้,1,16:00-19:00,0,0,1
สะพานกรุงธน,มุ่งหน้าแยกบางพลัด,1,07:00-09:00,0,0,1
สะพานกรุงธน,มุ่งหน้าแยกบางพลัด,1,09:00-16:00,0,0,1
สะพานกรุงธน,มุ่งหน้าแยกบางพลัด,1,16:00-19:00,0,0,1
สะพานกรุงธน,สะพานกรุงธน,1,07:00-09:00,0,0,2
สะพานกรุงธน,สะพานกรุงธน,1,09:00-17:00,0,0,2
สะพานกรุงธน,สะพานกรุงธน,1,17:00-19:00,0,0,2
สะพานกรุงธน,สะพานกรุงธน,4,07:00-09:00,1,0,0
สะพานกรุงธน,สะพานกรุงธน,4,09:00-16:00,1,0,0
สะพานกรุงธน,สะพานกรุงธน,4,16:00-19:00,1,0,0
สะพานกรุงเทพ,มุ่งหน้าถนนตก,1,07:00-09:00,0,0,1
สะพานกรุงเทพ,มุ่งหน้าถนนตก,1,09:00-16:00,0,0,1
สะพานกรุงเทพ,มุ่งหน้าถนนตก,1,16:00-19:00,0,0,1
สะพานกรุงเทพ,มุ่งหน้าแยกมไหสวรรย์,1,07:00-09:00,0,0,1
สะพานกรุงเทพ,มุ่งหน้าแยกมไหสวรรย์,1,09:00-16:00,0,0,1
สะพานกรุงเทพ,มุ่งหน้าแยกมไหสวรรย์,1,16:00-19:00,0,0,1
สะพานกรุงเทพ,สะพานกรุงเทพ,1,07:00-09:00,0,0,2
สะพานกรุงเทพ,สะพานกรุงเทพ,1,09:00-17:00,0,0,2
สะพานกรุงเทพ,สะพานกรุงเทพ,1,17:00-19:00,0,0,2
สะพานกรุงเทพ,สะพานกรุงเทพ,4,07:00-09:00,1,0,0
สะพานกรุงเทพ,สะพานกรุงเทพ,4,09:00-16:00,1,0,0
สะพานกรุงเทพ,สะพานกรุงเทพ,4,16:00-19:00,1,0,0
สะพานขาว,กรุงเกษม,3,07:00-09:00,1,2,0
สะพานขาว,กรุงเกษม,3,09:00-16:00,1,2,0
สะพานขาว,กรุงเกษม,3,16:00-19:00,1,2,0
สะพานขาว,กรุงเกษม,4,07:00-09:00,0,0,2
สะพานขาว,กรุงเกษม,4,09:00-16:00,0,0,1
สะพานขาว,กรุงเกษม,4,09:00-17:00,0,0,1
สะพานขาว,กรุงเกษม,4,16:00-19:00,0,0,1
สะพานขาว,กรุงเกษม,4,17:00-19:00,0,0,1
สะพานขาว,หลานหลวง,3,07:00-09:00,1,2,0
สะพานขาว,หลานหลวง,3,09:00-16:00,1,2,0
สะพานขาว,หลานหลวง,3,16:00-19:00,1,2,0
สะพานขาว,หลานหลวง,4,07:00-09:00,0,0,2
สะพานขาว,หลานหลวง,4,09:00-16:00,0,0,1
สะพานขาว,หลานหลวง,4,09:00-17:00,0,0,1
สะพานขาว,หลานหลวง,4,16:00-19:00,0,0,1
สะพานขาว,หลานหลวง,4,17:00-19:00,0,0,1
สะพานข้ามคลอง13,สะพานข้ามคลอง13,3,07:00-09:00,0,0,1
สะพานข้ามคลอง13,สะพานข้ามคลอง13,3,09:00-16:00,0,0,1
สะพานข้ามคลอง13,สะพานข้ามคลอง13,3,16:00-19:00,0,0,1
สะพานข้ามแยกประชาสงเคราะห์,สะพานข้ามแยกประชาสงเคราะห์,1,07:00-09:00,0,0,1
สะพานข้ามแยกประชาสงเคราะห์,สะพานข้ามแยกประชาสงเคราะห์,1,09:00-17:00,0,0,1
สะพานข้ามแยกประชาสงเคราะห์,สะพานข้ามแยกประชาสงเคราะห์,1,17:00-19:00,0,0,1
สะพานข้ามแยกพระราม9,สะพานข้ามแยกพระราม9,1,07:00-09:00,0,0,1
สะพานข้ามแยกพระราม9,สะพานข้ามแยกพระราม9,1,09:00-17:00,0,0,1
สะพานข้ามแยกพระราม9,สะพานข้ามแยกพระราม9,1,17:00-19:00,0,0,1
สะพานข้ามแยกราชเทวี,เพชรบุรี,3,07:00-09:00,0,1,0
สะพานข้ามแยกราชเทวี,เพชรบุรี,3,09:00-16:00,0,1,0
สะพานข้ามแยกราชเทวี,เพชรบุรี,3,16:00-19:00,0,1,0
สะพานข้ามแยกสามเหลี่ยมดินแดง,สะพานข้ามแยกสามเหลี่ยมดินแดง,1,07:00-09:00,0,0,1
สะพานข้ามแยกสามเหลี่ยมดินแดง,สะพานข้ามแยกสามเหลี่ยมดินแดง,1,09:00-17:00,0,0,1
สะพานข้ามแยกสามเหลี่ยมดินแดง,สะพานข้ามแยกสามเหลี่ยมดินแดง,1,17:00-19:00,0,0,1
สะพานควาย,ประดิพัทธ์,2,07:00-09:00,0,0,1
สะพานควาย,ประดิพัทธ์,2,09:00-17:00,0,0,1
สะพานควาย,ประดิพัทธ์,2,17:00-19:00,0,0,1
สะพานควาย,ประดิพัทธ์,3,07:00-09:00,1,1,1
สะพานควาย,ประดิพัทธ์,3,09:00-16:00,1,1,0
สะพานควาย,ประดิพัทธ์,3,09:00-17:00,0,0,1
สะพานควาย,ประดิพัทธ์,3,16:00-19:00,1,1,0
สะพานควาย,ประดิพัทธ์,3,17:00-19:00,0,0,1
สะพานควาย,ประดิพัทธ์,4,07:00-09:00,0,1,0
สะพานควาย,ประดิพัทธ์,4,09:00-16:00,0,1,0
สะพานควาย,ประดิพัทธ์,4,16:00-19:00,0,1,0
สะพานควาย,พหลโยธิน,2,07:00-09:00,0,0,1
สะพานควาย,พหลโยธิน,2,09:00-17:00,0,0,1
สะพานควาย,พหลโยธิน,2,17:00-19:00,0,0,1
สะพานควาย,พหลโยธิน,3,07:00-09:00,1,1,1
สะพานควาย,พหลโยธิน,3,09:00-16:00,1,1,0
สะพานควาย,พหลโยธิน,3,09:00-17:00,0,0,1
สะพานควาย,พหลโยธิน,3,16:00-19:00,1,1,0
สะพานควาย,พหลโยธิน,3,17:00-19:00,0,0,1
สะพานควาย,พหลโยธิน,4,07:00-09:00,0,1,0
สะพานควาย,พหลโยธิน,4,09:00-16:00,0,1,0
สะพานควาย,พหลโยธิน,4,16:00-19:00,0,1,0
สะพานควาย,สุทธิสาร,2,07:00-09:00,0,0,1
สะพานควาย,สุทธิสาร,2,09:00-17:00,0,0,1
สะพานควาย,สุทธิสาร,2,17:00-19:00,0,0,1
สะพานควาย,สุทธิสาร,3,07:00-09:00,1,1,1
สะพานควาย,สุทธิสาร,3,09:00-16:00,1,1,0
สะพานควาย,สุทธิสาร,3,09:00-17:00,0,0,1
สะพานควาย,สุทธิสาร,3,16:00-19:00,1,1,0
สะพานควาย,สุทธิสาร,3,17:00-19:00,0,0,1
สะพานควาย,สุทธิสาร,4,07:00-09:00,0,1,0
สะพานควาย,สุทธิสาร,4,09:00-16:00,0,1,0
สะพานควาย,สุทธิสาร,4,16:00-19:00,0,1,0
สะพานช้างโรงสี,บำรุงเมือง,1,07:00-09:00,0,0,1
สะพานช้างโรงสี,บำรุงเมือง,1,09:00-17:00,0,0,1
สะพานช้างโรงสี,บำรุงเมือง,1,17:00-19:00,0,0,1
สะพานช้างโรงสี,บำรุงเมือง,3,07:00-09:00,1,0,0
สะพานช้างโรงสี,บำรุงเมือง,3,09:00-16:00,1,0,0
สะพานช้างโรงสี,บำรุงเมือง,3,16:00-19:00,1,0,0
สะพานช้างโรงสี,บำรุงเมือง,4,07:00-09:00,0,0,1
สะพานช้างโรงสี,บำรุงเมือง,4,09:00-16:00,0,0,1
สะพานช้างโรงสี,บำรุงเมือง,4,16:00-19:00,0,0,1
สะพานช้างโรงสี,อัษฎางค์,1,07:00-09:00,0,0,1
สะพานช้างโรงสี,อัษฎางค์,1,09:00-17:00,0,0,1
สะพานช้างโรงสี,อัษฎางค์,1,17:00-19:00,0,0,1
สะพานช้างโรงสี,อัษฎางค์,3,07:00-09:00,1,0,0
สะพานช้างโรงสี,อัษฎางค์,3,09:00-16:00,1,0,0
สะพานช้างโรงสี,อัษฎางค์,3,16:00-19:00,1,0,0
สะพานช้างโรงสี,อัษฎางค์,4,07:00-09:00,0,0,1
สะพานช้างโรงสี,อัษฎางค์,4,09:00-16:00,0,0,1
สะพานช้างโรงสี,อัษฎางค์,4,16:00-19:00,0,0,1
สะพานดำ,กำแพงเพชร,3,07:00-09:00,0,1,0
สะพานดำ,กำแพงเพชร,3,09:00-16:00,0,1,0
สะพานดำ,กำแพงเพชร,3,16:00-19:00,0,1,0
สะพานดำ,กำแพงเพชร,4,07:00-09:00,0,0,2
สะพานดำ,กำแพงเพชร,4,09:00-17:00,0,0,2
สะพานดำ,กำแพงเพชร,4,17:00-19:00,0,0,2
สะพานดำ,กำแพงเพชร5,3,07:00-09:00,0,1,0
สะพานดำ,กำแพงเพชร5,3,09:00-16:00,0,1,0
สะพานดำ,กำแพงเพชร5,3,16:00-19:00,0,1,0
สะพานดำ,กำแพงเพชร5,4,07:00-09:00,1,0,1
สะพานดำ,กำแพงเพชร5,4,09:00-16:00,1,0,0
สะพานดำ,กำแพงเพชร5,4,09:00-17:00,0,0,1
สะพานดำ,กำแพงเพชร5,4,16:00-19:00,1,0,0
สะพานดำ,กำแพงเพชร5,4,17:00-19:00,0,0,1
สะพานดำ,กําแพงเพชร,4,07:00-09:00,1,0,0
สะพานดำ,กําแพงเพชร,4,09:00-16:00,1,0,0
สะพานดำ,กําแพงเพชร,4,16:00-19:00,1,0,0
สะพานดำ,ทางลอดทางรถไฟถนนพระรามที่6,4,07:00-09:00,0,0,1
สะพานดำ,ทางลอดทางรถไฟถนนพระรามที่6,4,09:00-17:00,0,0,1
สะพานดำ,ทางลอดทางรถไฟถนนพระรามที่6,4,17:00-19:00,0,0,1
สะพานดำ,พระรามที่6,3,07:00-09:00,0,1,0
สะพานดำ,พระรามที่6,3,09:00-16:00,0,1,0
สะพานดำ,พระรามที่6,3,16:00-19:00,0,1,0
สะพานดำ,พระรามที่6,4,07:00-09:00,1,0,2
สะพานดำ,พระรามที่6,4,09:00-16:00,1,0,0
สะพานดำ,พระรามที่6,4,09:00-17:00,0,0,2
สะพานดำ,พระรามที่6,4,16:00-19:00,1,0,0
สะพานดำ,พระรามที่6,4,17:00-19:00,0,0,2
สะพานดํา,กําแพงเพชร,4,07:00-09:00,0,1,0
สะพานดํา,กําแพงเพชร,4,09:00-16:00,0,1,0
สะพานดํา,กําแพงเพชร,4,16:00-19:00,0,1,0
สะพานดํา,กําแพงเพชร5,4,07:00-09:00,0,1,0
สะพานดํา,กําแพงเพชร5,4,09:00-16:00,0,1,0
สะพานดํา,กําแพงเพชร5,4,16:00-19:00,0,1,0
สะพานดํา,พระรามที่6,4,07:00-09:00,0,1,0
สะพานดํา,พระรามที่6,4,09:00-16:00,0,1,0
สะพานดํา,พระรามที่6,4,16:00-19:00,0,1,0
สะพานนริศดำรัส,จักรพรรดิพงษ์,3,07:00-09:00,0,1,0
สะพานนริศดำรัส,จักรพรรดิพงษ์,3,09:00-16:00,0,1,0
สะพานนริศดำรัส,จักรพรรดิพงษ์,3,16:00-19:00,0,1,0
สะพานปฐมบรมราชานุสรณ์(สะพานพระพุทธยอดฟ้า),สะพานสมเด็จพระพุทธยอดฟ้า,4,07:00-09:00,1,0,0
สะพานปฐมบรมราชานุสรณ์(สะพานพระพุทธยอดฟ้า),สะพานสมเด็จพระพุทธยอดฟ้า,4,09:00-16:00,1,0,0
สะพานปฐมบรมราชานุสรณ์(สะพานพระพุทธยอดฟ้า),สะพานสมเด็จพระพุทธยอดฟ้า,4,16:00-19:00,1,0,0
สะพานพระปกเกล้า,มุ่งหน้าพาหุรัด,1,07:00-09:00,0,0,1
สะพานพระปกเกล้า,มุ่งหน้าพาหุรัด,1,09:00-16:00,0,0,1
สะพานพระปกเกล้า,มุ่งหน้าพาหุรัด,1,16:00-19:00,0,0,1
สะพานพระปกเกล้า,มุ่งหน้าแยกบ้านแขก,1,07:00-09:00,0,0,1
สะพานพระปกเกล้า,มุ่งหน้าแยกบ้านแขก,1,09:00-16:00,0,0,1
สะพานพระปกเกล้า,มุ่งหน้าแยกบ้านแขก,1,16:00-19:00,0,0,1
สะพานพระปกเกล้า,สะพานพระปกเกล้า,1,07:00-09:00,0,0,2
สะพานพระปกเกล้า,สะพานพระปกเกล้า,1,09:00-17:00,0,0,2
สะพานพระปกเกล้า,สะพานพระปกเกล้า,1,17:00-19:00,0,0,2
สะพานพระปกเกล้า,สะพานพระปกเกล้า,4,07:00-09:00,1,0,0
สะพานพระปกเกล้า,สะพานพระปกเกล้า,4,09:00-16:00,1,0,0
สะพานพระปกเกล้า,สะพานพระปกเกล้า,4,16:00-19:00,1,0,0
สะพานพระพุทธยอดฟ้า,มุ่งหน้าปากคลองตลาด,1,07:00-09:00,0,0,1
สะพานพระพุทธยอดฟ้า,มุ่งหน้าปากคลองตลาด,1,09:00-16:00,0,0,1
สะพานพระพุทธยอดฟ้า,มุ่งหน้าปากคลองตลาด,1,16:00-19:00,0,0,1
สะพานพระพุทธยอดฟ้า,มุ่งหน้าแยกบ้านแขก,1,07:00-09:00,0,0,1
สะพานพระพุทธยอดฟ้า,มุ่งหน้าแยกบ้านแขก,1,09:00-16:00,0,0,1
สะพานพระพุทธยอดฟ้า,มุ่งหน้าแยกบ้านแขก,1,16:00-19:00,0,0,1
สะพานพระพุทธยอดฟ้า,สะพานพระพุทธยอดฟ้า,1,07:00-09:00,0,0,2
สะพานพระพุทธยอดฟ้า,สะพานพระพุทธยอดฟ้า,1,09:00-17:00,0,0,2
สะพานพระพุทธยอดฟ้า,สะพานพระพุทธยอดฟ้า,1,17:00-19:00,0,0,2
สะพานพระราม3,มุ่งหน้ารัชดา-ราชพฤกษ์,1,07:00-09:00,0,0,1
สะพานพระราม3,มุ่งหน้ารัชดา-ราชพฤกษ์,1,09:00-16:00,0,0,1
สะพานพระราม3,มุ่งหน้ารัชดา-ราชพฤกษ์,1,16:00-19:00,0,0,1
สะพานพระราม3,มุ่งหน้าแยกเจริญราษฎร์,1,07:00-09:00,0,0,1
สะพานพระราม3,มุ่งหน้าแยกเจริญราษฎร์,1,09:00-16:00,0,0,1
สะพานพระราม3,มุ่งหน้าแยกเจริญราษฎร์,1,16:00-19:00,0,0,1
สะพานพระราม3,สะพานพระราม3,1,07:00-09:00,0,0,2
สะพานพระราม3,สะพานพระราม3,1,09:00-17:00,0,0,2
สะพานพระราม3,สะพานพระราม3,1,17:00-19:00,0,0,2
สะพานพระราม3,สะพานพระราม3,4,07:00-09:00,1,0,0
สะพานพระราม3,สะพานพระราม3,4,09:00-16:00,1,0,0
สะพานพระราม3,สะพานพระราม3,4,16:00-19:00,1,0,0
สะพานพระราม7,มุ่งหน้าถนนจรัญสนิทวงศ์,1,07:00-09:00,0,0,1
สะพานพระราม7,มุ่งหน้าถนนจรัญสนิทวงศ์,1,09:00-16:00,0,0,1
สะพานพระราม7,มุ่งหน้าถนนจรัญสนิทวงศ์,1,16:00-19:00,0,0,1
สะพานพระราม7,มุ่งหน้าวงศ์สว่าง,1,07:00-09:00,0,0,1
สะพานพระราม7,มุ่งหน้าวงศ์สว่าง,1,09:00-16:00,0,0,1
สะพานพระราม7,มุ่งหน้าวงศ์สว่าง,1,16:00-19:00,0,0,1
สะพานพระราม7,สะพานพระราม7,1,07:00-09:00,0,0,2
สะพานพระราม7,สะพานพระราม7,1,09:00-17:00,0,0,2
สะพานพระราม7,สะพานพระราม7,1,17:00-19:00,0,0,2
สะพานพระราม7,สะพานพระราม7,4,07:00-09:00,1,0,0
สะพานพระราม7,สะพานพระราม7,4,09:00-16:00,1,0,0
สะพานพระราม7,สะพานพระราม7,4,16:00-19:00,1,0,0
สะพานพระราม8,พานพระราม8,4,07:00-09:00,1,0,0
สะพานพระราม8,พานพระราม8,4,09:00-16:00,1,0,0
สะพานพระราม8,พานพระราม8,4,16:00-19:00,1,0,0
สะพานพระราม8,มุ่งหน้าแยกบรมราชชนนี,1,07:00-09:00,0,0,1
สะพานพระราม8,มุ่งหน้าแยกบรมราชชนนี,1,09:00-16:00,0,0,1
สะพานพระราม8,มุ่งหน้าแยกบรมราชชนนี,1,16:00-19:00,0,0,1
สะพานพระราม8,มุ่งหน้าแยกวิสุทธิ์กษัตริย์,1,07:00-09:00,0,0,1
สะพานพระราม8,มุ่งหน้าแยกวิสุทธิ์กษัตริย์,1,09:00-16:00,0,0,1
สะพานพระราม8,มุ่งหน้าแยกวิสุทธิ์กษัตริย์,1,16:00-19:00,0,0,1
สะพานพระราม8,สะพานพระราม8,1,07:00-09:00,0,0,2
สะพานพระราม8,สะพานพระราม8,1,09:00-17:00,0,0,2
สะพานพระราม8,สะพานพระราม8,1,17:00-19:00,0,0,2
สะพานภูมิพล1,มุ่งหน้าถนนพระราม3,1,07:00-09:00,0,0,1
สะพานภูมิพล1,มุ่งหน้าถนนพระราม3,1,09:00-16:00,0,0,1
สะพานภูมิพล1,มุ่งหน้าถนนพระราม3,1,16:00-19:00,0,0,1
สะพานภูมิพล1,มุ่งหน้าถนนสุขสวัสดิ์,1,07:00-09:00,0,0,1
สะพานภูมิพล1,มุ่งหน้าถนนสุขสวัสดิ์,1,09:00-16:00,0,0,1
สะพานภูมิพล1,มุ่งหน้าถนนสุขสวัสดิ์,1,16:00-19:00,0,0,1
สะพานภูมิพล1,สะพานภูมิพล,1,07:00-09:00,0,0,1
สะพานภูมิพล1,สะพานภูมิพล,1,09:00-17:00,0,0,1
สะพานภูมิพล1,สะพานภูมิพล,1,17:00-19:00,0,0,1
สะพานภูมิพล1,สะพานภูมิพล1,1,07:00-09:00,0,0,1
สะพานภูมิพล1,สะพานภูมิพล1,1,09:00-17:00,0,0,1
สะพานภูมิพล1,สะพานภูมิพล1,1,17:00-19:00,0,0,1
สะพานภูมิพล1,สะพานภูมิพล1,4,07:00-09:00,1,0,0
สะพานภูมิพล1,สะพานภูมิพล1,4,09:00-16:00,1,0,0
สะพานภูมิพล1,สะพานภูมิพล1,4,16:00-19:00,1,0,0
สะพานมอญ,อัษฎางค์,2,07:00-09:00,0,1,1
สะพานมอญ,อัษฎางค์,2,09:00-16:00,0,1,0
สะพานมอญ,อัษฎางค์,2,09:00-17:00,0,0,1
สะพานมอญ,อัษฎางค์,2,16:00-19:00,0,1,0
สะพานมอญ,อัษฎางค์,2,17:00-19:00,0,0,1
สะพานมอญ,เจริญกรุง,2,07:00-09:00,0,1,1
สะพานมอญ,เจริญกรุง,2,09:00-16:00,0,1,0
สะพานมอญ,เจริญกรุง,2,09:00-17:00,0,0,1
สะพานมอญ,เจริญกรุง,2,16:00-19:00,0,1,0
สะพานมอญ,เจริญกรุง,2,17:00-19:00,0,0,1
สะพานลอยหน้าวัดสุวรรณ,เจริญนคร,3,07:00-09:00,0,1,0
สะพานลอยหน้าวัดสุวรรณ,เจริญนคร,3,09:00-16:00,0,1,0
สะพานลอยหน้าวัดสุวรรณ,เจริญนคร,3,16:00-19:00,0,1,0
สะพานวันชาติ,ดินสอ,3,07:00-09:00,1,0,0
สะพานวันชาติ,ดินสอ,3,09:00-16:00,1,0,0
สะพานวันชาติ,ดินสอ,3,16:00-19:00,1,0,0
สะพานวันชาติ,ดินสอ,4,07:00-09:00,1,0,1
สะพานวันชาติ,ดินสอ,4,09:00-16:00,1,0,1
สะพานวันชาติ,ดินสอ,4,16:00-19:00,1,0,1
สะพานวันชาติ,ประชาธิปไตย,3,07:00-09:00,1,0,0
สะพานวันชาติ,ประชาธิปไตย,3,09:00-16:00,1,0,0
สะพานวันชาติ,ประชาธิปไตย,3,16:00-19:00,1,0,0
สะพานวันชาติ,ประชาธิปไตย,4,07:00-09:00,1,0,1
สะพานวันชาติ,ประชาธิปไตย,4,09:00-16:00,1,0,1
สะพานวันชาติ,ประชาธิปไตย,4,16:00-19:00,1,0,1
สะพานวันชาติ,พระสุเมรุ,3,07:00-09:00,1,0,0
สะพานวันชาติ,พระสุเมรุ,3,09:00-16:00,1,0,0
สะพานวันชาติ,พระสุเมรุ,3,16:00-19:00,1,0,0
สะพานวันชาติ,พระสุเมรุ,4,07:00-09:00,1,0,1
สะพานวันชาติ,พระสุเมรุ,4,09:00-16:00,1,0,1
สะพานวันชาติ,พระสุเมรุ,4,16:00-19:00,1,0,1
สะพานสมเด็จพระปิ่นเกล้า,มุ่งหน้าราชดำเนิน,1,07:00-09:00,0,0,1
สะพานสมเด็จพระปิ่นเกล้า,มุ่งหน้าราชดำเนิน,1,09:00-16:00,0,0,1
สะพานสมเด็จพระปิ่นเกล้า,มุ่งหน้าราชดำเนิน,1,16:00-19:00,0,0,1
สะพานสมเด็จพระปิ่นเกล้า,มุ่งหน้าแยกอรุณอัมรินทร์,1,07:00-09:00,0,0,1
สะพานสมเด็จพระปิ่นเกล้า,มุ่งหน้าแยกอรุณอัมรินทร์,1,09:00-16:00,0,0,1
สะพานสมเด็จพระปิ่นเกล้า,มุ่งหน้าแยกอรุณอัมรินทร์,1,16:00-19:00,0,0,1
สะพานสมเด็จพระปิ่นเกล้า,สะพานสมเด็จพระปิ่นเกล้า,1,07:00-09:00,0,0,2
สะพานสมเด็จพระปิ่นเกล้า,สะพานสมเด็จพระปิ่นเกล้า,1,09:00-17:00,0,0,2
สะพานสมเด็จพระปิ่นเกล้า,สะพานสมเด็จพระปิ่นเกล้า,1,17:00-19:00,0,0,2
สะพานสมเด็จพระปืนเกล้า,สะพานสมเด็จพระปิ่นเกล้า,4,07:00-09:00,1,0,0
สะพานสมเด็จพระปืนเกล้า,สะพานสมเด็จพระปิ่นเกล้า,4,09:00-16:00,1,0,0
สะพานสมเด็จพระปืนเกล้า,สะพานสมเด็จพระปิ่นเกล้า,4,16:00-19:00,1,0,0
สะพานสมเด็จพระเจ้าตากสิน,มุ่งหน้าถนนกรุงธนบุรี,1,07:00-09:00,0,0,1
สะพานสมเด็จพระเจ้าตากสิน,มุ่งหน้าถนนกรุงธนบุรี,1,09:00-16:00,0,0,1
สะพานสมเด็จพระเจ้าตากสิน,มุ่งหน้าถนนกรุงธนบุรี,1,16:00-19:00,0,0,1
สะพานสมเด็จพระเจ้าตากสิน,มุ่งหน้าแยกสุรศักดิ์,1,07:00-09:00,0,0,1
สะพานสมเด็จพระเจ้าตากสิน,มุ่งหน้าแยกสุรศักดิ์,1,09:00-16:00,0,0,1
สะพานสมเด็จพระเจ้าตากสิน,มุ่งหน้าแยกสุรศักดิ์,1,16:00-19:00,0,0,1
สะพานสมเด็จพระเจ้าตากสิน,สะพานสมเด็จพระเจ้าตากสิน,1,07:00-09:00,0,0,2
สะพานสมเด็จพระเจ้าตากสิน,สะพานสมเด็จพระเจ้าตากสิน,1,09:00-17:00,0,0,2
สะพานสมเด็จพระเจ้าตากสิน,สะพานสมเด็จพระเจ้าตากสิน,1,17:00-19:00,0,0,2
สะพานสมเด็จพระเจ้าตากสินมหาราช,สะพานสาทร,4,07:00-09:00,1,0,0
สะพานสมเด็จพระเจ้าตากสินมหาราช,สะพานสาทร,4,09:00-16:00,1,0,0
สะพานสมเด็จพระเจ้าตากสินมหาราช,สะพานสาทร,4,16:00-19:00,1,0,0
สะพานอ่อน,บรรทัดทอง,2,07:00-09:00,1,1,0
สะพานอ่อน,บรรทัดทอง,2,09:00-16:00,1,1,0
สะพานอ่อน,บรรทัดทอง,2,16:00-19:00,1,1,0
สะพานอ่อน,บรรทัดทอง,4,07:00-09:00,1,0,0
สะพานอ่อน,บรรทัดทอง,4,09:00-16:00,1,0,0
สะพานอ่อน,บรรทัดทอง,4,16:00-19:00,1,0,0
สะพานอ่อน,เจริญเมือง,2,07:00-09:00,1,1,0
สะพานอ่อน,เจริญเมือง,2,09:00-16:00,1,1,0
สะพานอ่อน,เจริญเมือง,2,16:00-19:00,1,1,0
สะพานอ่อน,เจริญเมือง,4,07:00-09:00,1,0,0
สะพานอ่อน,เจริญเมือง,4,09:00-16:00,1,0,0
สะพานอ่อน,เจริญเมือง,4,16:00-19:00,1,0,0
สะพานเหลือง,ซอยพระยาดำรงค์,1,07:00-09:00,1,0,0
สะพานเหลือง,ซอยพระยาดำรงค์,1,09:00-16:00,1,0,0
สะพานเหลือง,ซอยพระยาดำรงค์,1,16:00-19:00,1,0,0
สะพานเหลือง,ซอยพระยาดำรงค์,4,06:30-09:00,1,0,0
สะพานเหลือง,ซอยพระยาดำรงค์,4,09:00-16:00,1,0,0
สะพานเหลือง,ซอยพระยาดำรงค์,4,16:00-19:30,1,0,0
สะพานเหลือง,ซอยสว่าง1-ทางด่วน-ซอยพระยาดำรง,2,07:00-09:00,0,0,1
สะพานเหลือง,ซอยสว่าง1-ทางด่วน-ซอยพระยาดำรง,2,09:00-17:00,0,0,1
สะพานเหลือง,ซอยสว่าง1-ทางด่วน-ซอยพระยาดำรง,2,17:00-19:00,0,0,1
สะพานเหลือง,บรรทัดทอง,1,07:00-09:00,1,0,0
สะพานเหลือง,บรรทัดทอง,1,09:00-16:00,1,0,0
สะพานเหลือง,บรรทัดทอง,1,16:00-19:00,1,0,0
สะพานเหลือง,บรรทัดทอง,2,07:00-09:00,0,0,1
สะพานเหลือง,บรรทัดทอง,2,09:00-17:00,0,0,1
สะพานเหลือง,บรรทัดทอง,2,17:00-19:00,0,0,1
สะพานเหลือง,บรรทัดทอง,3,07:00-09:00,0,1,0
สะพานเหลือง,บรรทัดทอง,3,09:00-16:00,0,1,0
สะพานเหลือง,บรรทัดทอง,3,16:00-19:00,0,1,0
สะพานเหลือง,บรรทัดทอง,4,07:00-09:00,1,0,0
สะพานเหลือง,บรรทัดทอง,4,09:00-16:00,1,0,0
สะพานเหลือง,บรรทัดทอง,4,16:00-19:00,1,0,0
สะพานเหลือง,พระรามที่4,1,07:00-09:00,1,0,0
สะพานเหลือง,พระรามที่4,1,09:00-16:00,1,0,0
สะพานเหลือง,พระรามที่4,1,16:00-19:00,1,0,0
สะพานเหลือง,พระรามที่4,2,07:00-09:00,0,0,1
สะพานเหลือง,พระรามที่4,2,09:00-17:00,0,0,1
สะพานเหลือง,พระรามที่4,2,17:00-19:00,0,0,1
สะพานเหลือง,พระรามที่4,3,07:00-09:00,0,1,0
สะพานเหลือง,พระรามที่4,3,09:00-16:00,0,1,0
สะพานเหลือง,พระรามที่4,3,16:00-19:00,0,1,0
สะพานเหลือง,พระรามที่4,4,07:00-09:00,1,0,0
สะพานเหลือง,พระรามที่4,4,09:00-16:00,1,0,0
สะพานเหลือง,พระรามที่4,4,16:00-19:00,1,0,0
สะพานแดง,ทหาร,1,07:00-09:00,0,1,1
สะพานแดง,ทหาร,1,09:00-16:00,0,1,0
สะพานแดง,ทหาร,1,09:00-17:00,0,0,1
สะพานแดง,ทหาร,1,16:00-19:00,0,1,0
สะพานแดง,ทหาร,1,17:00-19:00,0,0,1
สะพานแดง,ทหาร,3,07:00-09:00,2,0,0
สะพานแดง,ทหาร,3,09:00-16:00,2,0,0
สะพานแดง,ทหาร,3,16:00-19:00,2,0,0
สะพานแดง,ทหาร,4,07:00-09:00,0,0,1
สะพานแดง,ทหาร,4,09:00-16:00,0,0,1
สะพานแดง,ทหาร,4,16:00-19:00,0,0,1
สะพานแดง,ประดิพัทธ์,1,07:00-09:00,0,1,1
สะพานแดง,ประดิพัทธ์,1,09:00-16:00,0,1,0
สะพานแดง,ประดิพัทธ์,1,09:00-17:00,0,0,1
สะพานแดง,ประดิพัทธ์,1,16:00-19:00,0,1,0
สะพานแดง,ประดิพัทธ์,1,17:00-19:00,0,0,1
สะพานแดง,ประดิพัทธ์,3,07:00-09:00,2,0,0
สะพานแดง,ประดิพัทธ์,3,09:00-16:00,2,0,0
สะพานแดง,ประดิพัทธ์,3,16:00-19:00,2,0,0
สะพานแดง,ประดิพัทธ์,4,07:00-09:00,0,0,1
สะพานแดง,ประดิพัทธ์,4,09:00-16:00,0,0,1
สะพานแดง,ประดิพัทธ์,4,16:00-19:00,0,0,1
สะพานแดง,พระรามที่5,1,07:00-09:00,0,1,1
สะพานแดง,พระรามที่5,1,09:00-16:00,0,1,0
สะพานแดง,พระรามที่5,1,09:00-17:00,0,0,1
สะพานแดง,พระรามที่5,1,16:00-19:00,0,1,0
สะพานแดง,พระรามที่5,1,17:00-19:00,0,0,1
สะพานแดง,พระรามที่5,3,06:30-09:00,1,0,0
สะพานแดง,พระรามที่5,3,07:00-09:00,1,0,0
สะพานแดง,พระรามที่5,3,09:00-16:00,2,0,0
สะพานแดง,พระรามที่5,3,16:00-19:00,1,0,0
สะพานแดง,พระรามที่5,3,16:00-19:30,1,0,0
สะพานแดง,พระรามที่5,4,07:00-09:00,0,0,1
สะพานแดง,พระรามที่5,4,09:00-16:00,0,0,1
สะพานแดง,พระรามที่5,4,16:00-19:00,0,0,1
สะพานแดง,เตชะวณิช,1,07:00-09:00,0,1,1
สะพานแดง,เตชะวณิช,1,09:00-16:00,0,1,0
สะพานแดง,เตชะวณิช,1,09:00-17:00,0,0,1
สะพานแดง,เตชะวณิช,1,16:00-19:00,0,1,0
สะพานแดง,เตชะวณิช,1,17:00-19:00,0,0,1
สะพานแดง,เตชะวณิช,3,06:30-09:00,1,0,0
สะพานแดง,เตชะวณิช,3,07:00-09:00,1,0,0
สะพานแดง,เตชะวณิช,3,09:00-16:00,2,0,0
สะพานแดง,เตชะวณิช,3,16:00-19:00,1,0,0
สะพานแดง,เตชะวณิช,3,16:00-19:30,1,0,0
สะพานแดง,เตชะวณิช,4,07:00-09:00,0,0,1
สะพานแดง,เตชะวณิช,4,09:00-16:00,0,0,1
สะพานแดง,เตชะวณิช,4,16:00-19:00,0,0,1
สะพานใหม่,พหลโยธิน,2,07:00-09:00,0,0,1
สะพานใหม่,พหลโยธิน,2,09:00-17:00,0,0,1
สะพานใหม่,พหลโยธิน,2,17:00-19:00,0,0,1
สะพานใหม่,เทพรักษ์,2,07:00-09:00,0,0,1
สะพานใหม่,เทพรักษ์,2,09:00-17:00,0,0,1
สะพานใหม่,เทพรักษ์,2,17:00-19:00,0,0,1
สะแกงาม,บางขุนเทียน,2,07:00-09:00,0,0,1
สะแกงาม,บางขุนเทียน,2,09:00-17:00,0,0,1
สะแกงาม,บางขุนเทียน,2,17:00-19:00,0,0,1
สะแกงาม,สะแกงาม,2,07:00-09:00,0,0,1
สะแกงาม,สะแกงาม,2,09:00-17:00,0,0,1
สะแกงาม,สะแกงาม,2,17:00-19:00,0,0,1
สะแกงาม12,สะแกงาม,3,07:00-09:00,0,0,1
สะแกงาม12,สะแกงาม,3,09:00-17:00,0,0,1
สะแกงาม12,สะแกงาม,3,17:00-19:00,0,0,1
สะแกงาม12,สะแกงาม12,3,07:00-09:00,0,0,1
สะแกงาม12,สะแกงาม12,3,09:00-17:00,0,0,1
สะแกงาม12,สะแกงาม12,3,17:00-19:00,0,0,1
สะแกงาม26,สะแกงาม,4,07:00-09:00,0,0,1
สะแกงาม26,สะแกงาม,4,09:00-17:00,0,0,1
สะแกงาม26,สะแกงาม,4,17:00-19:00,0,0,1
สะแกงาม26,สะแกงาม26,4,07:00-09:00,0,0,1
สะแกงาม26,สะแกงาม26,4,09:00-17:00,0,0,1
สะแกงาม26,สะแกงาม26,4,17:00-19:00,0,0,1
สะแกงาม30,สะแกงาม,4,07:00-09:00,0,0,1
สะแกงาม30,สะแกงาม,4,09:00-17:00,0,0,1
สะแกงาม30,สะแกงาม,4,17:00-19:00,0,0,1
สะแกงาม30,สะแกงาม30,4,07:00-09:00,0,0,1
สะแกงาม30,สะแกงาม30,4,09:00-17:00,0,0,1
สะแกงาม30,สะแกงาม30,4,17:00-19:00,0,0,1
สะแกงาม7,สะแกงาม,3,07:00-09:00,0,0,1
สะแกงาม7,สะแกงาม,3,09:00-17:00,0,0,1
สะแกงาม7,สะแกงาม,3,17:00-19:00,0,0,1
สะแกงาม7,สะแกงาม7,3,07:00-09:00,0,0,1
สะแกงาม7,สะแกงาม7,3,09:00-17:00,0,0,1
สะแกงาม7,สะแกงาม7,3,17:00-19:00,0,0,1
สังคมสงเคราะห์,ซอยสังคมสงเคราะห์เหนือ,4,07:00-09:00,1,0,0
สังคมสงเคราะห์,ซอยสังคมสงเคราะห์เหนือ,4,09:00-16:00,1,0,0
สังคมสงเคราะห์,ซอยสังคมสงเคราะห์เหนือ,4,16:00-19:00,1,0,0
สังคมสงเคราะห์,สังคมสงเคราะห์,4,07:00-09:00,1,0,0
สังคมสงเคราะห์,สังคมสงเคราะห์,4,09:00-16:00,1,0,0
สังคมสงเคราะห์,สังคมสงเคราะห์,4,16:00-19:00,1,0,0
สังฆสันติสุข,ทหารอากาศอุทิศ,2,07:00-09:00,1,0,0
สังฆสันติสุข,ทหารอากาศอุทิศ,2,09:00-16:00,1,0,0
สังฆสันติสุข,ทหารอากาศอุทิศ,2,16:00-19:00,1,0,0
สังฆสันติสุข,สังฆสันติสุข,2,07:00-09:00,1,0,0
สังฆสันติสุข,สังฆสันติสุข,2,09:00-16:00,1,0,0
สังฆสันติสุข,สังฆสันติสุข,2,16:00-19:00,1,0,0
สังฆสันติสุข-ทหารอากาศอุทิศ,ทหารอากาศอุทิศ,3,07:00-09:00,0,0,1
สังฆสันติสุข-ทหารอากาศอุทิศ,ทหารอากาศอุทิศ,3,09:00-17:00,0,0,1
สังฆสันติสุข-ทหารอากาศอุทิศ,ทหารอากาศอุทิศ,3,17:00-19:00,0,0,1
สังฆสันติสุข-ทหารอากาศอุทิศ,สังฆสันติสุข,3,07:00-09:00,0,0,1
สังฆสันติสุข-ทหารอากาศอุทิศ,สังฆสันติสุข,3,09:00-17:00,0,0,1
สังฆสันติสุข-ทหารอากาศอุทิศ,สังฆสันติสุข,3,17:00-19:00,0,0,1
สังฆสันติสุข-สังฆสันติสุข3-อยู่วิทยา,สังฆสันติสุข,3,07:00-09:00,0,0,1
สังฆสันติสุข-สังฆสันติสุข3-อยู่วิทยา,สังฆสันติสุข,3,09:00-16:00,0,0,1
สังฆสันติสุข-สังฆสันติสุข3-อยู่วิทยา,สังฆสันติสุข,3,16:00-19:00,0,0,1
สังฆสันติสุข-สังฆสันติสุข3-อยู่วิทยา,สังฆสันติสุข3,3,07:00-09:00,0,0,1
สังฆสันติสุข-สังฆสันติสุข3-อยู่วิทยา,สังฆสันติสุข3,3,09:00-16:00,0,0,1
สังฆสันติสุข-สังฆสันติสุข3-อยู่วิทยา,สังฆสันติสุข3,3,16:00-19:00,0,0,1
สังฆสันติสุข-สังฆสันติสุข3-อยู่วิทยา,อยู่วิทยา,3,07:00-09:00,0,0,1
สังฆสันติสุข-สังฆสันติสุข3-อยู่วิทยา,อยู่วิทยา,3,09:00-16:00,0,0,1
สังฆสันติสุข-สังฆสันติสุข3-อยู่วิทยา,อยู่วิทยา,3,16:00-19:00,0,0,1
สังฆสันติสุข-สังฆสันติสุข7,สังฆสันติสุข,3,07:00-09:00,0,0,1
สังฆสันติสุข-สังฆสันติสุข7,สังฆสันติสุข,3,09:00-17:00,0,0,1
สังฆสันติสุข-สังฆสันติสุข7,สังฆสันติสุข,3,17:00-19:00,0,0,1
สังฆสันติสุข-สังฆสันติสุข7,สังฆสันติสุข7,3,07:00-09:00,0,0,1
สังฆสันติสุข-สังฆสันติสุข7,สังฆสันติสุข7,3,09:00-17:00,0,0,1
สังฆสันติสุข-สังฆสันติสุข7,สังฆสันติสุข7,3,17:00-19:00,0,0,1
สาทร-คอนแวต์,คอนแวนต์,4,07:00-09:00,0,0,1
สาทร-คอนแวต์,คอนแวนต์,4,09:00-17:00,0,0,1
สาทร-คอนแวต์,คอนแวนต์,4,17:00-19:00,0,0,1
สาทร-คอนแวต์,สาทร,4,07:00-09:00,0,0,1
สาทร-คอนแวต์,สาทร,4,09:00-17:00,0,0,1
สาทร-คอนแวต์,สาทร,4,17:00-19:00,0,0,1
สาทร-คอนแวนต์,คอนแวนต์,2,07:00-09:00,0,0,1
สาทร-คอนแวนต์,คอนแวนต์,2,09:00-17:00,0,0,1
สาทร-คอนแวนต์,คอนแวนต์,2,17:00-19:00,0,0,1
สาทร-คอนแวนต์,คอนแวนต์,4,07:00-09:00,0,0,1
สาทร-คอนแวนต์,คอนแวนต์,4,09:00-17:00,0,0,1
สาทร-คอนแวนต์,คอนแวนต์,4,17:00-19:00,0,0,1
สาทร-คอนแวนต์,สาทร,2,07:00-09:00,0,0,1
สาทร-คอนแวนต์,สาทร,2,09:00-17:00,0,0,1
สาทร-คอนแวนต์,สาทร,2,17:00-19:00,0,0,1
สาทร-คอนแวนต์,สาทร,4,07:00-09:00,0,0,1
สาทร-คอนแวนต์,สาทร,4,09:00-17:00,0,0,1
สาทร-คอนแวนต์,สาทร,4,17:00-19:00,0,0,1
สาทร-นราธิวาส,นราธิวาสราชนครนิทร์,4,07:00-09:00,0,1,0
สาทร-นราธิวาส,นราธิวาสราชนครนิทร์,4,09:00-16:00,0,1,0
สาทร-นราธิวาส,นราธิวาสราชนครนิทร์,4,16:00-19:00,0,1,0
สาทร-นราธิวาส,นราธิวาสราชนครินทร์,1,07:00-09:00,0,0,1
สาทร-นราธิวาส,นราธิวาสราชนครินทร์,1,09:00-16:00,0,0,1
สาทร-นราธิวาส,นราธิวาสราชนครินทร์,1,16:00-19:00,0,0,1
สาทร-นราธิวาส,นราธิวาสราชนครินทร์,3,07:00-09:00,0,0,2
สาทร-นราธิวาส,นราธิวาสราชนครินทร์,3,09:00-17:00,0,0,2
สาทร-นราธิวาส,นราธิวาสราชนครินทร์,3,17:00-19:00,0,0,2
สาทร-นราธิวาส,นราธิวาสราชนครินทร์,4,07:00-09:00,1,0,0
สาทร-นราธิวาส,นราธิวาสราชนครินทร์,4,09:00-16:00,1,0,0
สาทร-นราธิวาส,นราธิวาสราชนครินทร์,4,16:00-19:00,1,0,0
สาทร-นราธิวาส,สาทร,1,07:00-09:00,0,0,1
สาทร-นราธิวาส,สาทร,1,09:00-16:00,0,0,1
สาทร-นราธิวาส,สาทร,1,16:00-19:00,0,0,1
สาทร-นราธิวาส,สาทร,3,07:00-09:00,0,0,2
สาทร-นราธิวาส,สาทร,3,09:00-17:00,0,0,2
สาทร-นราธิวาส,สาทร,3,17:00-19:00,0,0,2
สาทร-นราธิวาส,สาทร,4,07:00-09:00,1,1,0
สาทร-นราธิวาส,สาทร,4,09:00-16:00,1,1,0
สาทร-นราธิวาส,สาทร,4,16:00-19:00,1,1,0
สาทร-นราธิวาสฯ,นราธิวาสราชนครินทร์,3,07:00-09:00,0,0,1
สาทร-นราธิวาสฯ,นราธิวาสราชนครินทร์,3,09:00-17:00,0,0,1
สาทร-นราธิวาสฯ,นราธิวาสราชนครินทร์,3,17:00-19:00,0,0,1
สาทร-นราธิวาสฯ,สาทร,3,07:00-09:00,0,0,1
สาทร-นราธิวาสฯ,สาทร,3,09:00-17:00,0,0,1
สาทร-นราธิวาสฯ,สาทร,3,17:00-19:00,0,0,1
สาทร-ประมวญ,ประมวญ,1,07:00-09:00,0,0,1
สาทร-ประมวญ,ประมวญ,1,09:00-17:00,0,0,1
สาทร-ประมวญ,ประมวญ,1,17:00-19:00,0,0,1
สาทร-ประมวญ,สาทร,1,07:00-09:00,0,0,1
สาทร-ประมวญ,สาทร,1,09:00-17:00,0,0,1
สาทร-ประมวญ,สาทร,1,17:00-19:00,0,0,1
สาทร-ประมวล,ประมวล,4,07:00-09:00,1,0,0
สาทร-ประมวล,ประมวล,4,09:00-16:00,1,0,0
สาทร-ประมวล,ประมวล,4,16:00-19:00,1,0,0
สาทร-ประมวล,สาทร,4,07:00-09:00,1,0,0
สาทร-ประมวล,สาทร,4,09:00-16:00,1,0,0
สาทร-ประมวล,สาทร,4,16:00-19:00,1,0,0
สาทร-ปั้น,ปั้น,1,07:00-09:00,0,0,1
สาทร-ปั้น,ปั้น,1,09:00-17:00,0,0,1
สาทร-ปั้น,ปั้น,1,17:00-19:00,0,0,1
สาทร-ปั้น,สาทร,1,07:00-09:00,0,0,1
สาทร-ปั้น,สาทร,1,09:00-17:00,0,0,1
สาทร-ปั้น,สาทร,1,17:00-19:00,0,0,1
สาทร-สุรศักดิ์,สาทร,2,07:00-09:00,0,0,1
สาทร-สุรศักดิ์,สาทร,2,09:00-16:00,0,0,1
สาทร-สุรศักดิ์,สาทร,2,16:00-19:00,0,0,1
สาทร-สุรศักดิ์,สาทร,3,06:30-09:00,0,1,0
สาทร-สุรศักดิ์,สาทร,3,07:00-09:00,0,0,1
สาทร-สุรศักดิ์,สาทร,3,09:00-16:00,0,1,0
สาทร-สุรศักดิ์,สาทร,3,09:00-17:00,0,0,1
สาทร-สุรศักดิ์,สาทร,3,16:00-19:30,0,1,0
สาทร-สุรศักดิ์,สาทร,3,17:00-19:00,0,0,1
สาทร-สุรศักดิ์,สาทร,4,07:00-09:00,1,0,0
สาทร-สุรศักดิ์,สาทร,4,09:00-16:00,1,0,0
สาทร-สุรศักดิ์,สาทร,4,16:00-19:00,1,0,0
สาทร-สุรศักดิ์,สุรศักดิ์,2,07:00-09:00,0,0,1
สาทร-สุรศักดิ์,สุรศักดิ์,2,09:00-16:00,0,0,1
สาทร-สุรศักดิ์,สุรศักดิ์,2,16:00-19:00,0,0,1
สาทร-สุรศักดิ์,สุรศักดิ์,3,06:30-09:00,0,1,0
สาทร-สุรศักดิ์,สุรศักดิ์,3,07:00-09:00,0,0,1
สาทร-สุรศักดิ์,สุรศักดิ์,3,09:00-16:00,0,1,0
สาทร-สุรศักดิ์,สุรศักดิ์,3,09:00-17:00,0,0,1
สาทร-สุรศักดิ์,สุรศักดิ์,3,16:00-19:30,0,1,0
สาทร-สุรศักดิ์,สุรศักดิ์,3,17:00-19:00,0,0,1
สาทร-สุรศักดิ์,สุรศักดิ์,4,07:00-09:00,1,0,0
สาทร-สุรศักดิ์,สุรศักดิ์,4,09:00-16:00,1,0,0
สาทร-สุรศักดิ์,สุรศักดิ์,4,16:00-19:00,1,0,0
สาทร-สุรศักดิ์,เจริญราษฎร์,2,07:00-09:00,0,0,1
สาทร-สุรศักดิ์,เจริญราษฎร์,2,09:00-16:00,0,0,1
สาทร-สุรศักดิ์,เจริญราษฎร์,2,16:00-19:00,0,0,1
สาทร-สุรศักดิ์,เจริญราษฎร์,3,07:00-09:00,0,1,1
สาทร-สุรศักดิ์,เจริญราษฎร์,3,09:00-16:00,0,1,0
สาทร-สุรศักดิ์,เจริญราษฎร์,3,09:00-17:00,0,0,1
สาทร-สุรศักดิ์,เจริญราษฎร์,3,16:00-19:00,0,1,0
สาทร-สุรศักดิ์,เจริญราษฎร์,3,17:00-19:00,0,0,1
สาทร-สุรศักดิ์,เจริญราษฎร์,4,07:00-09:00,1,0,0
สาทร-สุรศักดิ์,เจริญราษฎร์,4,09:00-16:00,1,0,0
สาทร-สุรศักดิ์,เจริญราษฎร์,4,16:00-19:00,1,0,0
สาทร-เจริญกรุง,ทางเข้าเจ้าพระยาทาวเวอร์,2,07:00-09:00,0,1,1
สาทร-เจริญกรุง,ทางเข้าเจ้าพระยาทาวเวอร์,2,09:00-16:00,0,1,1
สาทร-เจริญกรุง,ทางเข้าเจ้าพระยาทาวเวอร์,2,16:00-19:00,0,1,1
สาทร-เจริญกรุง,สาทร,2,06:30-09:00,0,1,0
สาทร-เจริญกรุง,สาทร,2,07:00-09:00,0,1,1
สาทร-เจริญกรุง,สาทร,2,09:00-16:00,0,2,1
สาทร-เจริญกรุง,สาทร,2,16:00-19:00,0,1,1
สาทร-เจริญกรุง,สาทร,2,16:00-19:30,0,1,0
สาทร-เจริญกรุง,สาทร,3,07:00-09:00,1,0,1
สาทร-เจริญกรุง,สาทร,3,09:00-16:00,1,0,0
สาทร-เจริญกรุง,สาทร,3,09:00-17:00,0,0,1
สาทร-เจริญกรุง,สาทร,3,16:00-19:00,1,0,0
สาทร-เจริญกรุง,สาทร,3,17:00-19:00,0,0,1
สาทร-เจริญกรุง,เจริญกรุง,2,06:30-09:00,0,1,0
สาทร-เจริญกรุง,เจริญกรุง,2,07:00-09:00,0,1,1
สาทร-เจริญกรุง,เจริญกรุง,2,09:00-16:00,0,2,1
สาทร-เจริญกรุง,เจริญกรุง,2,16:00-19:00,0,1,1
สาทร-เจริญกรุง,เจริญกรุง,2,16:00-19:30,0,1,0
สาทร-เจริญกรุง,เจริญกรุง,3,07:00-09:00,1,0,1
สาทร-เจริญกรุง,เจริญกรุง,3,09:00-16:00,1,0,0
สาทร-เจริญกรุง,เจริญกรุง,3,09:00-17:00,0,0,1
สาทร-เจริญกรุง,เจริญกรุง,3,16:00-19:00,1,0,0
สาทร-เจริญกรุง,เจริญกรุง,3,17:00-19:00,0,0,1
สาทร-เจริญกรุง,เจริญกรุง50/1,3,07:00-09:00,0,0,1
สาทร-เจริญกรุง,เจริญกรุง50/1,3,09:00-17:00,0,0,1
สาทร-เจริญกรุง,เจริญกรุง50/1,3,17:00-19:00,0,0,1
สาทร11-นราธิวาส10แยก22-3,นราธิวาสฯ10แยก22-3,3,07:00-09:00,0,0,1
สาทร11-นราธิวาส10แยก22-3,นราธิวาสฯ10แยก22-3,3,09:00-16:00,0,0,1
สาทร11-นราธิวาส10แยก22-3,นราธิวาสฯ10แยก22-3,3,16:00-19:00,0,0,1
สาทร11-นราธิวาส10แยก22-3,สาทร11(SB),3,07:00-09:00,0,0,1
สาทร11-นราธิวาส10แยก22-3,สาทร11(SB),3,09:00-16:00,0,0,1
สาทร11-นราธิวาส10แยก22-3,สาทร11(SB),3,16:00-19:00,0,0,1
สาทรคอนแวนต์,คอนแวนต์,1,07:00-09:00,0,0,1
สาทรคอนแวนต์,คอนแวนต์,1,09:00-16:00,0,0,1
สาทรคอนแวนต์,คอนแวนต์,1,16:00-19:00,0,0,1
สาทรคอนแวนต์,ซอยคอนแวนต์,4,07:00-09:00,1,0,0
สาทรคอนแวนต์,ซอยคอนแวนต์,4,09:00-16:00,1,0,0
สาทรคอนแวนต์,ซอยคอนแวนต์,4,16:00-19:00,1,0,0
สาทรคอนแวนต์,สาทร,1,07:00-09:00,0,0,1
สาทรคอนแวนต์,สาทร,1,09:00-16:00,0,0,1
สาทรคอนแวนต์,สาทร,1,16:00-19:00,0,0,1
สาทรคอนแวนต์,สาทร,4,07:00-09:00,1,0,0
สาทรคอนแวนต์,สาทร,4,09:00-16:00,1,0,0
สาทรคอนแวนต์,สาทร,4,16:00-19:00,1,0,0
สาธุ-จันทน์,จันทน์,1,07:00-09:00,0,0,1
สาธุ-จันทน์,จันทน์,1,09:00-17:00,0,0,1
สาธุ-จันทน์,จันทน์,1,17:00-19:00,0,0,1
สาธุ-จันทน์,จันทน์,2,07:00-09:00,0,1,0
สาธุ-จันทน์,จันทน์,2,09:00-16:00,0,1,0
สาธุ-จันทน์,จันทน์,2,16:00-19:00,0,1,0
สาธุ-จันทน์,จันทน์,3,07:00-09:00,2,0,0
สาธุ-จันทน์,จันทน์,3,09:00-16:00,2,0,0
สาธุ-จันทน์,จันทน์,3,16:00-19:00,2,0,0
สาธุ-จันทน์,จันทน์,4,07:00-09:00,0,0,1
สาธุ-จันทน์,จันทน์,4,17:00-19:00,0,0,1
สาธุ-จันทน์,สาธุประดิษฐ์,1,07:00-09:00,0,0,1
สาธุ-จันทน์,สาธุประดิษฐ์,1,09:00-17:00,0,0,1
สาธุ-จันทน์,สาธุประดิษฐ์,1,17:00-19:00,0,0,1
สาธุ-จันทน์,สาธุประดิษฐ์,2,07:00-09:00,0,1,0
สาธุ-จันทน์,สาธุประดิษฐ์,2,09:00-16:00,0,1,0
สาธุ-จันทน์,สาธุประดิษฐ์,2,16:00-19:00,0,1,0
สาธุ-จันทน์,สาธุประดิษฐ์,3,07:00-09:00,2,0,0
สาธุ-จันทน์,สาธุประดิษฐ์,3,09:00-16:00,2,0,0
สาธุ-จันทน์,สาธุประดิษฐ์,3,16:00-19:00,2,0,0
สาธุ-จันทน์,สาธุประดิษฐ์,4,07:00-09:00,0,0,1
สาธุ-จันทน์,สาธุประดิษฐ์,4,09:00-17:00,0,0,1
สาธุ-จันทน์,สาธุประดิษฐ์,4,17:00-19:00,0,0,1
สาธุประดิษฐ์,พระรามที่3,1,07:00-09:00,1,0,0
สาธุประดิษฐ์,พระรามที่3,1,09:00-16:00,1,0,0
สาธุประดิษฐ์,พระรามที่3,1,16:00-19:00,1,0,0
สาธุประดิษฐ์,พระรามที่3,2,07:00-09:00,1,1,2
สาธุประดิษฐ์,พระรามที่3,2,09:00-16:00,1,1,1
สาธุประดิษฐ์,พระรามที่3,2,09:00-17:00,0,0,1
สาธุประดิษฐ์,พระรามที่3,2,16:00-19:00,1,1,1
สาธุประดิษฐ์,พระรามที่3,2,17:00-19:00,0,0,1
สาธุประดิษฐ์,สาธุประดิษฐ์,1,07:00-09:00,1,0,0
สาธุประดิษฐ์,สาธุประดิษฐ์,1,09:00-16:00,1,0,0
สาธุประดิษฐ์,สาธุประดิษฐ์,1,16:00-19:00,1,0,0
สาธุประดิษฐ์,สาธุประดิษฐ์,2,06:30-09:00,0,1,0
สาธุประดิษฐ์,สาธุประดิษฐ์,2,07:00-09:00,1,0,2
สาธุประดิษฐ์,สาธุประดิษฐ์,2,09:00-16:00,1,1,1
สาธุประดิษฐ์,สาธุประดิษฐ์,2,09:00-17:00,0,0,1
สาธุประดิษฐ์,สาธุประดิษฐ์,2,16:00-19:00,1,0,1
สาธุประดิษฐ์,สาธุประดิษฐ์,2,16:00-19:30,0,1,0
สาธุประดิษฐ์,สาธุประดิษฐ์,2,17:00-19:00,0,0,1
สาธุประดิษฐ์-ยานนาวา,ยานนาวา,3,07:00-09:00,1,0,0
สาธุประดิษฐ์-ยานนาวา,ยานนาวา,3,09:00-16:00,1,0,0
สาธุประดิษฐ์-ยานนาวา,ยานนาวา,3,16:00-19:00,1,0,0
สาธุประดิษฐ์-ยานนาวา,สาธุประดิษฐ์,3,07:00-09:00,1,0,0
สาธุประดิษฐ์-ยานนาวา,สาธุประดิษฐ์,3,09:00-16:00,1,0,0
สาธุประดิษฐ์-ยานนาวา,สาธุประดิษฐ์,3,16:00-19:00,1,0,0
สาธุประดิษฐ์19,สาธุประดิษฐ์,3,07:00-09:00,0,0,1
สาธุประดิษฐ์19,สาธุประดิษฐ์,3,09:00-17:00,0,0,1
สาธุประดิษฐ์19,สาธุประดิษฐ์,3,17:00-19:00,0,0,1
สาธุประดิษฐ์19,สาธุประดิษฐ์19,3,07:00-09:00,0,0,1
สาธุประดิษฐ์19,สาธุประดิษฐ์19,3,09:00-17:00,0,0,1
สาธุประดิษฐ์19,สาธุประดิษฐ์19,3,17:00-19:00,0,0,1
สามยอด,มหาไชย,1,07:00-09:00,1,0,1
สามยอด,มหาไชย,1,09:00-16:00,1,0,0
สามยอด,มหาไชย,1,09:00-17:00,0,0,1
สามยอด,มหาไชย,1,16:00-19:00,1,0,0
สามยอด,มหาไชย,1,17:00-19:00,0,0,1
สามยอด,มหาไชย,2,07:00-09:00,0,1,0
สามยอด,มหาไชย,2,09:00-16:00,0,1,0
สามยอด,มหาไชย,2,16:00-19:00,0,1,0
สามยอด,มหาไชย,4,07:00-09:00,0,1,1
สามยอด,มหาไชย,4,09:00-16:00,0,1,1
สามยอด,มหาไชย,4,16:00-19:00,0,1,1
สามยอด,เจริญกรุง,1,07:00-09:00,1,0,1
สามยอด,เจริญกรุง,1,09:00-16:00,1,0,0
สามยอด,เจริญกรุง,1,09:00-17:00,0,0,1
สามยอด,เจริญกรุง,1,16:00-19:00,1,0,0
สามยอด,เจริญกรุง,1,17:00-19:00,0,0,1
สามยอด,เจริญกรุง,2,07:00-09:00,0,1,0
สามยอด,เจริญกรุง,2,09:00-16:00,0,1,0
สามยอด,เจริญกรุง,2,16:00-19:00,0,1,0
สามยอด,เจริญกรุง,4,07:00-09:00,0,1,1
สามยอด,เจริญกรุง,4,09:00-16:00,0,1,1
สามยอด,เจริญกรุง,4,16:00-19:00,0,1,1
สามย่าน,พญาไท,2,07:00-09:00,0,0,2
สามย่าน,พญาไท,2,09:00-16:00,0,0,1
สามย่าน,พญาไท,2,09:00-17:00,0,0,1
สามย่าน,พญาไท,2,16:00-19:00,0,0,1
สามย่าน,พญาไท,2,17:00-19:00,0,0,1
สามย่าน,พญาไท,4,07:00-09:00,0,1,0
สามย่าน,พญาไท,4,09:00-16:00,0,1,0
สามย่าน,พญาไท,4,16:00-19:00,0,1,0
สามย่าน,พระรามที่4,2,07:00-09:00,0,0,2
สามย่าน,พระรามที่4,2,09:00-16:00,0,0,1
สามย่าน,พระรามที่4,2,09:00-17:00,0,0,1
สามย่าน,พระรามที่4,2,16:00-19:00,0,0,1
สามย่าน,พระรามที่4,2,17:00-19:00,0,0,1
สามย่าน,พระรามที่4,4,07:00-09:00,0,1,0
สามย่าน,พระรามที่4,4,09:00-16:00,0,1,0
สามย่าน,พระรามที่4,4,16:00-19:00,0,1,0
สามย่าน,สี่พระยา,2,07:00-09:00,0,0,2
สามย่าน,สี่พระยา,2,09:00-16:00,0,0,1
สามย่าน,สี่พระยา,2,09:00-17:00,0,0,1
สามย่าน,สี่พระยา,2,16:00-19:00,0,0,1
สามย่าน,สี่พระยา,2,17:00-19:00,0,0,1
สามย่าน,สี่พระยา,4,07:00-09:00,0,1,0
สามย่าน,สี่พระยา,4,09:00-16:00,0,1,0
สามย่าน,สี่พระยา,4,16:00-19:00,0,1,0
สามัคคี,การไฟฟ้าภูมิภาค,1,07:00-09:00,1,0,0
สามัคคี,การไฟฟ้าภูมิภาค,1,09:00-16:00,1,0,0
สามัคคี,การไฟฟ้าภูมิภาค,1,16:00-19:00,1,0,0
สามัคคี,ประชาชื่น,1,07:00-09:00,1,0,0
สามัคคี,ประชาชื่น,1,09:00-16:00,1,0,0
สามัคคี,ประชาชื่น,1,16:00-19:00,1,0,0
สามัคคี,สามัคคี,1,07:00-09:00,1,0,0
สามัคคี,สามัคคี,1,09:00-16:00,1,0,0
สามัคคี,สามัคคี,1,16:00-19:00,1,0,0
สามเสน,นครไชยศรี,1,07:00-09:00,1,0,0
สามเสน,นครไชยศรี,1,09:00-16:00,1,0,0
สามเสน,นครไชยศรี,1,16:00-19:00,1,0,0
สามเสน,นครไชยศรี,3,07:00-09:00,0,1,0
สามเสน,นครไชยศรี,3,09:00-16:00,0,1,0
สามเสน,นครไชยศรี,3,16:00-19:00,0,1,0
สามเสน,นครไชยศรี,4,07:00-09:00,1,1,1
สามเสน,นครไชยศรี,4,09:00-16:00,1,1,0
สามเสน,นครไชยศรี,4,09:00-17:00,0,0,1
สามเสน,นครไชยศรี,4,16:00-19:00,1,1,0
สามเสน,นครไชยศรี,4,17:00-19:00,0,0,1
สามเสน,สวรรคโลก,1,07:00-09:00,1,0,0
สามเสน,สวรรคโลก,1,09:00-16:00,1,0,0
สามเสน,สวรรคโลก,1,16:00-19:00,1,0,0
สามเสน,สวรรคโลก,3,07:00-09:00,0,1,0
สามเสน,สวรรคโลก,3,09:00-16:00,0,1,0
สามเสน,สวรรคโลก,3,16:00-19:00,0,1,0
สามเสน,สวรรคโลก,4,07:00-09:00,1,1,1
สามเสน,สวรรคโลก,4,09:00-16:00,1,1,0
สามเสน,สวรรคโลก,4,09:00-17:00,0,0,1
สามเสน,สวรรคโลก,4,16:00-19:00,1,1,0
สามเสน,สวรรคโลก,4,17:00-19:00,0,0,1
สามเสน,เทอดดำริ,1,07:00-09:00,1,0,0
สามเสน,เทอดดำริ,1,09:00-16:00,1,0,0
สามเสน,เทอดดำริ,1,16:00-19:00,1,0,0
สามเสน,เทอดดำริ,3,07:00-09:00,0,1,0
สามเสน,เทอดดำริ,3,09:00-16:00,0,1,0
สามเสน,เทอดดำริ,3,16:00-19:00,0,1,0
สามเสน,เทอดดำริ,4,07:00-09:00,1,1,1
สามเสน,เทอดดำริ,4,09:00-16:00,1,1,0
สามเสน,เทอดดำริ,4,09:00-17:00,0,0,1
สามเสน,เทอดดำริ,4,16:00-19:00,1,1,0
สามเสน,เทอดดำริ,4,17:00-19:00,0,0,1
สามเหลียมดินแดง,ซอยอรรถวิมล,3,07:00-09:00,1,0,0
สามเหลียมดินแดง,ซอยอรรถวิมล,3,09:00-16:00,1,0,0
สามเหลียมดินแดง,ซอยอรรถวิมล,3,16:00-19:00,1,0,0
สามเหลียมดินแดง,ดินแดง,3,07:00-09:00,1,0,0
สามเหลียมดินแดง,ดินแดง,3,09:00-16:00,1,0,0
สามเหลียมดินแดง,ดินแดง,3,16:00-19:00,1,0,0
สามเหลียมดินแดง,ราชปรารภ,3,07:00-09:00,1,0,0
สามเหลียมดินแดง,ราชปรารภ,3,09:00-16:00,1,0,0
สามเหลียมดินแดง,ราชปรารภ,3,16:00-19:00,1,0,0
สามเหลียมดินแดง,ราชวิถี,3,07:00-09:00,1,0,0
สามเหลียมดินแดง,ราชวิถี,3,09:00-16:00,1,0,0
สามเหลียมดินแดง,ราชวิถี,3,16:00-19:00,1,0,0
สามเหลี่ยมดินแดง,ซอยราชวิถี2,2,07:00-09:00,0,0,1
สามเหลี่ยมดินแดง,ซอยราชวิถี2,2,09:00-17:00,0,0,1
สามเหลี่ยมดินแดง,ซอยราชวิถี2,2,17:00-19:00,0,0,1
สามเหลี่ยมดินแดง,ซอยอรรถวิมล,2,07:00-09:00,1,0,0
สามเหลี่ยมดินแดง,ซอยอรรถวิมล,2,09:00-16:00,1,0,0
สามเหลี่ยมดินแดง,ซอยอรรถวิมล,2,16:00-19:00,1,0,0
สามเหลี่ยมดินแดง,ดินแดง,1,07:00-09:00,0,0,1
สามเหลี่ยมดินแดง,ดินแดง,1,09:00-17:00,0,0,1
สามเหลี่ยมดินแดง,ดินแดง,1,17:00-19:00,0,0,1
สามเหลี่ยมดินแดง,ดินแดง,2,07:00-09:00,1,0,1
สามเหลี่ยมดินแดง,ดินแดง,2,09:00-16:00,1,0,1
สามเหลี่ยมดินแดง,ดินแดง,2,16:00-19:00,1,0,1
สามเหลี่ยมดินแดง,ดินแดง,4,07:00-09:00,0,1,0
สามเหลี่ยมดินแดง,ดินแดง,4,09:00-16:00,0,1,0
สามเหลี่ยมดินแดง,ดินแดง,4,16:00-19:00,0,1,0
สามเหลี่ยมดินแดง,ถนนดินแดง,2,07:00-09:00,0,0,1
สามเหลี่ยมดินแดง,ถนนดินแดง,2,09:00-17:00,0,0,1
สามเหลี่ยมดินแดง,ถนนดินแดง,2,17:00-19:00,0,0,1
สามเหลี่ยมดินแดง,ถนนราชปรารภ,2,07:00-09:00,0,0,1
สามเหลี่ยมดินแดง,ถนนราชปรารภ,2,09:00-17:00,0,0,1
สามเหลี่ยมดินแดง,ถนนราชปรารภ,2,17:00-19:00,0,0,1
สามเหลี่ยมดินแดง,ถนนราชวิถี,2,07:00-09:00,0,0,1
สามเหลี่ยมดินแดง,ถนนราชวิถี,2,09:00-17:00,0,0,1
สามเหลี่ยมดินแดง,ถนนราชวิถี,2,17:00-19:00,0,0,1
สามเหลี่ยมดินแดง,ราชปรารภ,1,07:00-09:00,0,0,1
สามเหลี่ยมดินแดง,ราชปรารภ,1,09:00-17:00,0,0,1
สามเหลี่ยมดินแดง,ราชปรารภ,1,17:00-19:00,0,0,1
สามเหลี่ยมดินแดง,ราชปรารภ,2,07:00-09:00,1,0,1
สามเหลี่ยมดินแดง,ราชปรารภ,2,09:00-16:00,1,0,1
สามเหลี่ยมดินแดง,ราชปรารภ,2,16:00-19:00,1,0,1
สามเหลี่ยมดินแดง,ราชปรารภ,4,07:00-09:00,0,1,0
สามเหลี่ยมดินแดง,ราชปรารภ,4,09:00-16:00,0,1,0
สามเหลี่ยมดินแดง,ราชปรารภ,4,16:00-19:00,0,1,0
สามเหลี่ยมดินแดง,ราชวิถี,1,07:00-09:00,0,0,1
สามเหลี่ยมดินแดง,ราชวิถี,1,09:00-17:00,0,0,1
สามเหลี่ยมดินแดง,ราชวิถี,1,17:00-19:00,0,0,1
สามเหลี่ยมดินแดง,ราชวิถี,2,07:00-09:00,1,0,1
สามเหลี่ยมดินแดง,ราชวิถี,2,09:00-16:00,1,0,1
สามเหลี่ยมดินแดง,ราชวิถี,2,16:00-19:00,1,0,1
สามเหลี่ยมดินแดง,ราชวิถี,4,07:00-09:00,0,1,0
สามเหลี่ยมดินแดง,ราชวิถี,4,09:00-16:00,0,1,0
สามเหลี่ยมดินแดง,ราชวิถี,4,16:00-19:00,0,1,0
สามเหลี่ยมดินแดง,ราชวิถี2,1,07:00-09:00,0,0,1
สามเหลี่ยมดินแดง,ราชวิถี2,1,09:00-17:00,0,0,1
สามเหลี่ยมดินแดง,ราชวิถี2,1,17:00-19:00,0,0,1
สามเหลี่ยมดินแดง,อรรถวิมล,2,07:00-09:00,0,0,1
สามเหลี่ยมดินแดง,อรรถวิมล,2,09:00-16:00,0,0,1
สามเหลี่ยมดินแดง,อรรถวิมล,2,16:00-19:00,0,0,1
สามเหลี่ยมดินแดง,อรรถวิมล,4,07:00-09:00,0,1,0
สามเหลี่ยมดินแดง,อรรถวิมล,4,09:00-16:00,0,1,0
สามเหลี่ยมดินแดง,อรรถวิมล,4,16:00-19:00,0,1,0
สามแยกบางกะปิ,ลาดพร้าว,2,07:00-09:00,0,1,0
สามแยกบางกะปิ,ลาดพร้าว,2,09:00-16:00,0,1,0
สามแยกบางกะปิ,ลาดพร้าว,2,16:00-19:00,0,1,0
สามแยกบางกะปิ,ลาดพร้าว,3,07:00-09:00,1,0,2
สามแยกบางกะปิ,ลาดพร้าว,3,09:00-16:00,1,0,0
สามแยกบางกะปิ,ลาดพร้าว,3,09:00-17:00,0,0,2
สามแยกบางกะปิ,ลาดพร้าว,3,16:00-19:00,1,0,0
สามแยกบางกะปิ,ลาดพร้าว,3,17:00-19:00,0,0,2
สามแยกบางกะปิ,ลาดพร้าว,4,07:00-09:00,0,1,1
สามแยกบางกะปิ,ลาดพร้าว,4,09:00-16:00,0,1,0
สามแยกบางกะปิ,ลาดพร้าว,4,09:00-17:00,0,0,1
สามแยกบางกะปิ,ลาดพร้าว,4,16:00-19:00,0,1,0
สามแยกบางกะปิ,ลาดพร้าว,4,17:00-19:00,0,0,1
สามแยกบางกะปิ,ศรีนครินทร์,2,07:00-09:00,0,1,0
สามแยกบางกะปิ,ศรีนครินทร์,2,09:00-16:00,0,1,0
สามแยกบางกะปิ,ศรีนครินทร์,2,16:00-19:00,0,1,0
สามแยกบางกะปิ,ศรีนครินทร์,3,07:00-09:00,1,0,2
สามแยกบางกะปิ,ศรีนครินทร์,3,09:00-16:00,1,0,0
สามแยกบางกะปิ,ศรีนครินทร์,3,09:00-17:00,0,0,2
สามแยกบางกะปิ,ศรีนครินทร์,3,16:00-19:00,1,0,0
สามแยกบางกะปิ,ศรีนครินทร์,3,17:00-19:00,0,0,2
สามแยกบางกะปิ,ศรีนครินทร์,4,07:00-09:00,0,1,1
สามแยกบางกะปิ,ศรีนครินทร์,4,09:00-16:00,0,1,0
สามแยกบางกะปิ,ศรีนครินทร์,4,09:00-17:00,0,0,1
สามแยกบางกะปิ,ศรีนครินทร์,4,16:00-19:00,0,1,0
สามแยกบางกะปิ,ศรีนครินทร์,4,17:00-19:00,0,0,1
สามแยกพิชัย,นครไชยศรี,1,07:00-09:00,0,0,1
สามแยกพิชัย,นครไชยศรี,1,09:00-16:00,0,0,1
สามแยกพิชัย,นครไชยศรี,1,16:00-19:00,0,0,1
สามแยกพิชัย,พิชัย,1,07:00-09:00,0,0,1
สามแยกพิชัย,พิชัย,1,09:00-16:00,0,0,1
สามแยกพิชัย,พิชัย,1,16:00-19:00,0,0,1
สามแยกพิชัย,พิชัย,3,07:00-09:00,0,1,0
สามแยกพิชัย,พิชัย,3,09:00-16:00,0,1,0
สามแยกพิชัย,พิชัย,3,16:00-19:00,0,1,0
สามแยกพิชัย,พิชัย,4,07:00-09:00,0,0,1
สามแยกพิชัย,พิชัย,4,09:00-16:00,0,0,1
สามแยกพิชัย,พิชัย,4,16:00-19:00,0,0,1
สามแยกพิชัย,อำนวยสงคราม,3,07:00-09:00,0,1,0
สามแยกพิชัย,อำนวยสงคราม,3,09:00-16:00,0,1,0
สามแยกพิชัย,อำนวยสงคราม,3,16:00-19:00,0,1,0
สามแยกพิชัย,อำนวยสงคราม,4,07:00-09:00,0,0,1
สามแยกพิชัย,อำนวยสงคราม,4,09:00-16:00,0,0,1
สามแยกพิชัย,อำนวยสงคราม,4,16:00-19:00,0,0,1
สามแยกในซอยสุขุมวิท101/1,ซอยวัดทุ่ง,1,07:00-09:00,1,0,0
สามแยกในซอยสุขุมวิท101/1,ซอยวัดทุ่ง,1,09:00-16:00,1,0,0
สามแยกในซอยสุขุมวิท101/1,ซอยวัดทุ่ง,1,16:00-19:00,1,0,0
สามแยกในซอยสุขุมวิท101/1,ซอยอุดมสุข51,1,07:00-09:00,1,0,0
สามแยกในซอยสุขุมวิท101/1,ซอยอุดมสุข51,1,09:00-16:00,1,0,0
สามแยกในซอยสุขุมวิท101/1,ซอยอุดมสุข51,1,16:00-19:00,1,0,0
สามแยกในซอยสุขุมวิท101/1,วชิรธรรมสาธิต,1,07:00-09:00,1,0,0
สามแยกในซอยสุขุมวิท101/1,วชิรธรรมสาธิต,1,09:00-16:00,1,0,0
สามแยกในซอยสุขุมวิท101/1,วชิรธรรมสาธิต,1,16:00-19:00,1,0,0
สายน้ำผึ้ง,ซอยสุขุมวิท22,2,07:00-09:00,0,0,1
สายน้ำผึ้ง,ซอยสุขุมวิท22,2,09:00-17:00,0,0,1
สายน้ำผึ้ง,ซอยสุขุมวิท22,2,17:00-19:00,0,0,1
สายน้ำผึ้ง,สุขุมวิท,1,07:00-09:00,0,0,1
สายน้ำผึ้ง,สุขุมวิท,1,09:00-17:00,0,0,1
สายน้ำผึ้ง,สุขุมวิท,1,17:00-19:00,0,0,1
สายน้ำผึ้ง,สุขุมวิท,2,07:00-09:00,1,0,2
สายน้ำผึ้ง,สุขุมวิท,2,09:00-16:00,1,0,0
สายน้ำผึ้ง,สุขุมวิท,2,09:00-17:00,0,0,2
สายน้ำผึ้ง,สุขุมวิท,2,16:00-19:00,1,0,0
สายน้ำผึ้ง,สุขุมวิท,2,17:00-19:00,0,0,2
สายน้ำผึ้ง,สุขุมวิท,4,07:00-09:00,0,0,1
สายน้ำผึ้ง,สุขุมวิท,4,09:00-16:00,0,0,1
สายน้ำผึ้ง,สุขุมวิท,4,16:00-19:00,0,0,1
สายน้ำผึ้ง,สุขุมวิท22,1,07:00-09:00,0,0,1
สายน้ำผึ้ง,สุขุมวิท22,1,09:00-17:00,0,0,1
สายน้ำผึ้ง,สุขุมวิท22,1,17:00-19:00,0,0,1
สายน้ำผึ้ง,สุขุมวิท22,2,07:00-09:00,0,0,1
สายน้ำผึ้ง,สุขุมวิท22,2,09:00-17:00,0,0,1
สายน้ำผึ้ง,สุขุมวิท22,2,17:00-19:00,0,0,1
สายน้ำผึ้ง,สุขุมวิท22,4,07:00-09:00,0,0,1
สายน้ำผึ้ง,สุขุมวิท22,4,09:00-16:00,0,0,1
สายน้ำผึ้ง,สุขุมวิท22,4,16:00-19:00,0,0,1
สายน้ำผึ้ง,สูขุมวิท22,2,07:00-09:00,1,0,0
สายน้ำผึ้ง,สูขุมวิท22,2,09:00-16:00,1,0,0
สายน้ำผึ้ง,สูขุมวิท22,2,16:00-19:00,1,0,0
สายไหม39,สายไหม,4,07:00-09:00,0,0,1
สายไหม39,สายไหม,4,09:00-17:00,0,0,1
สายไหม39,สายไหม,4,17:00-19:00,0,0,1
สายไหม39,สายไหม39,4,07:00-09:00,0,0,1
สายไหม39,สายไหม39,4,09:00-17:00,0,0,1
สายไหม39,สายไหม39,4,17:00-19:00,0,0,1
สารสิน,ซอยร่วมฤดี,2,07:00-09:00,0,1,0
สารสิน,ซอยร่วมฤดี,2,09:00-16:00,0,1,0
สารสิน,ซอยร่วมฤดี,2,16:00-19:00,0,1,0
สารสิน,ร่วมฤดี,3,07:00-09:00,0,0,2
สารสิน,ร่วมฤดี,3,09:00-17:00,0,0,2
สารสิน,ร่วมฤดี,3,17:00-19:00,0,0,2
สารสิน,วิทยุ,2,07:00-09:00,0,1,0
สารสิน,วิทยุ,2,09:00-16:00,0,1,0
สารสิน,วิทยุ,2,16:00-19:00,0,1,0
สารสิน,วิทยุ,3,07:00-09:00,0,0,2
สารสิน,วิทยุ,3,09:00-17:00,0,0,2
สารสิน,วิทยุ,3,17:00-19:00,0,0,2
สารสิน,สารสิน,2,07:00-09:00,0,1,0
สารสิน,สารสิน,2,09:00-16:00,0,1,0
สารสิน,สารสิน,2,16:00-19:00,0,1,0
สารสิน,สารสิน,3,07:00-09:00,0,0,2
สารสิน,สารสิน,3,09:00-17:00,0,0,2
สารสิน,สารสิน,3,17:00-19:00,0,0,2
สารสิน-วิทยุ,ซอยร่วมฤดี,2,07:00-09:00,1,0,0
สารสิน-วิทยุ,ซอยร่วมฤดี,2,09:00-16:00,1,0,0
สารสิน-วิทยุ,ซอยร่วมฤดี,2,16:00-19:00,1,0,0
สารสิน-วิทยุ,ซอยร่วมฤดี,4,07:00-09:00,1,0,0
สารสิน-วิทยุ,ซอยร่วมฤดี,4,09:00-16:00,1,0,0
สารสิน-วิทยุ,ซอยร่วมฤดี,4,16:00-19:00,1,0,0
สารสิน-วิทยุ,วิทยุ,2,06:30-09:00,1,0,0
สารสิน-วิทยุ,วิทยุ,2,09:00-16:00,1,0,0
สารสิน-วิทยุ,วิทยุ,2,16:00-19:30,1,0,0
สารสิน-วิทยุ,วิทยุ,4,07:00-09:00,1,0,0
สารสิน-วิทยุ,วิทยุ,4,09:00-16:00,1,0,0
สารสิน-วิทยุ,วิทยุ,4,16:00-19:00,1,0,0
สารสิน-วิทยุ,สารสิน,2,06:30-09:00,1,0,0
สารสิน-วิทยุ,สารสิน,2,09:00-16:00,1,0,0
สารสิน-วิทยุ,สารสิน,2,16:00-19:30,1,0,0
สารสิน-วิทยุ,สารสิน,4,07:00-09:00,1,0,0
สารสิน-วิทยุ,สารสิน,4,09:00-16:00,1,0,0
สารสิน-วิทยุ,สารสิน,4,16:00-19:00,1,0,0
สำนักงานกพ.,พิษณุโลก,3,07:00-09:00,1,0,0
สำนักงานกพ.,พิษณุโลก,3,09:00-16:00,1,0,0
สำนักงานกพ.,พิษณุโลก,3,16:00-19:00,1,0,0
สำราญราษฎร์,บำรุงเมือง,1,06:30-09:00,0,2,0
สำราญราษฎร์,บำรุงเมือง,1,07:00-09:00,0,1,1
สำราญราษฎร์,บำรุงเมือง,1,09:00-16:00,0,3,0
สำราญราษฎร์,บำรุงเมือง,1,09:00-17:00,0,0,1
สำราญราษฎร์,บำรุงเมือง,1,16:00-19:00,0,1,0
สำราญราษฎร์,บำรุงเมือง,1,16:00-19:30,0,2,0
สำราญราษฎร์,บำรุงเมือง,1,17:00-19:00,0,0,1
สำราญราษฎร์,บำรุงเมือง,3,07:00-09:00,0,1,0
สำราญราษฎร์,บำรุงเมือง,3,09:00-16:00,0,1,0
สำราญราษฎร์,บำรุงเมือง,3,16:00-19:00,0,1,0
สำราญราษฎร์,บำรุงเมือง,4,07:00-09:00,0,0,1
สำราญราษฎร์,บำรุงเมือง,4,09:00-16:00,0,0,1
สำราญราษฎร์,บำรุงเมือง,4,16:00-19:00,0,0,1
สำราญราษฎร์,มหาไชย,1,06:30-09:00,0,2,0
สำราญราษฎร์,มหาไชย,1,07:00-09:00,0,1,1
สำราญราษฎร์,มหาไชย,1,09:00-16:00,0,3,0
สำราญราษฎร์,มหาไชย,1,09:00-17:00,0,0,1
สำราญราษฎร์,มหาไชย,1,16:00-19:00,0,1,0
สำราญราษฎร์,มหาไชย,1,16:00-19:30,0,2,0
สำราญราษฎร์,มหาไชย,1,17:00-19:00,0,0,1
สำราญราษฎร์,มหาไชย,3,07:00-09:00,0,1,0
สำราญราษฎร์,มหาไชย,3,09:00-16:00,0,1,0
สำราญราษฎร์,มหาไชย,3,16:00-19:00,0,1,0
สำราญราษฎร์,มหาไชย,4,07:00-09:00,0,0,1
สำราญราษฎร์,มหาไชย,4,09:00-16:00,0,0,1
สำราญราษฎร์,มหาไชย,4,16:00-19:00,0,0,1
สำราษราษฎร์,บำรุงเมือง,4,07:00-09:00,1,0,0
สำราษราษฎร์,บำรุงเมือง,4,09:00-16:00,1,0,0
สำราษราษฎร์,บำรุงเมือง,4,16:00-19:00,1,0,0
สำราษราษฎร์,มหาไชย,4,07:00-09:00,1,0,0
สำราษราษฎร์,มหาไชย,4,09:00-16:00,1,0,0
สำราษราษฎร์,มหาไชย,4,16:00-19:00,1,0,0
สีกักเสาชิงซ้า,บำรุงเมือง,1,16:00-19:00,1,0,0
สีกั๊กพระยาศรี,บ้านหมอ,3,07:00-09:00,1,0,0
สีกั๊กพระยาศรี,บ้านหมอ,3,09:00-16:00,1,0,0
สีกั๊กพระยาศรี,บ้านหมอ,3,16:00-19:00,1,0,0
สีกั๊กพระยาศรี,เจริญกรุง,3,07:00-09:00,1,0,0
สีกั๊กพระยาศรี,เจริญกรุง,3,09:00-16:00,1,0,0
สีกั๊กพระยาศรี,เจริญกรุง,3,16:00-19:00,1,0,0
สีลม,สีลม,1,07:00-09:00,0,0,1
สีลม,สีลม,1,09:00-16:00,0,0,1
สีลม,สีลม,1,16:00-19:00,0,0,1
สีลม,เลียบใต้ทางด่วน,1,07:00-09:00,0,0,1
สีลม,เลียบใต้ทางด่วน,1,09:00-16:00,0,0,1
สีลม,เลียบใต้ทางด่วน,1,16:00-19:00,0,0,1
สีลม-คอนแวนต์,คอนแวนต์,4,07:00-09:00,1,0,0
สีลม-คอนแวนต์,คอนแวนต์,4,09:00-16:00,1,0,0
สีลม-คอนแวนต์,คอนแวนต์,4,16:00-19:00,1,0,0
สีลม-คอนแวนต์,สีลม,4,07:00-09:00,1,0,0
สีลม-คอนแวนต์,สีลม,4,09:00-16:00,1,0,0
สีลม-คอนแวนต์,สีลม,4,16:00-19:00,1,0,0
สีลม-นราธิวาส,นราธิวาสราขนครินทร์,4,07:00-09:00,0,0,1
สีลม-นราธิวาส,นราธิวาสราขนครินทร์,4,09:00-17:00,0,0,1
สีลม-นราธิวาส,นราธิวาสราขนครินทร์,4,17:00-19:00,0,0,1
สีลม-นราธิวาส,นราธิวาสราชนครินทร์,2,07:00-09:00,2,0,1
สีลม-นราธิวาส,นราธิวาสราชนครินทร์,2,09:00-16:00,2,0,0
สีลม-นราธิวาส,นราธิวาสราชนครินทร์,2,09:00-17:00,0,0,1
สีลม-นราธิวาส,นราธิวาสราชนครินทร์,2,16:00-19:00,2,0,0
สีลม-นราธิวาส,นราธิวาสราชนครินทร์,2,17:00-19:00,0,0,1
สีลม-นราธิวาส,นราธิวาสราชนครินทร์,4,07:00-09:00,0,1,0
สีลม-นราธิวาส,นราธิวาสราชนครินทร์,4,09:00-16:00,0,1,0
สีลม-นราธิวาส,นราธิวาสราชนครินทร์,4,16:00-19:00,0,1,0
สีลม-นราธิวาส,สีลม,2,07:00-09:00,2,0,1
สีลม-นราธิวาส,สีลม,2,09:00-16:00,2,0,0
สีลม-นราธิวาส,สีลม,2,09:00-17:00,0,0,1
สีลม-นราธิวาส,สีลม,2,16:00-19:00,2,0,0
สีลม-นราธิวาส,สีลม,2,17:00-19:00,0,0,1
สีลม-นราธิวาส,สีลม,4,07:00-09:00,0,1,1
สีลม-นราธิวาส,สีลม,4,09:00-16:00,0,1,0
สีลม-นราธิวาส,สีลม,4,09:00-17:00,0,0,1
สีลม-นราธิวาส,สีลม,4,16:00-19:00,0,1,0
สีลม-นราธิวาส,สีลม,4,17:00-19:00,0,0,1
สีลม3,สีลม,2,07:00-09:00,0,0,1
สีลม3,สีลม,2,09:00-17:00,0,0,1
สีลม3,สีลม,2,17:00-19:00,0,0,1
สี่กั๊กพระยาศรี,บ้านหม้อ,1,07:00-09:00,0,1,0
สี่กั๊กพระยาศรี,บ้านหม้อ,1,09:00-16:00,0,1,0
สี่กั๊กพระยาศรี,บ้านหม้อ,1,16:00-19:00,0,1,0
สี่กั๊กพระยาศรี,บ้านหม้อ,2,07:00-09:00,0,1,1
สี่กั๊กพระยาศรี,บ้านหม้อ,2,09:00-16:00,0,1,0
สี่กั๊กพระยาศรี,บ้านหม้อ,2,09:00-17:00,0,0,1
สี่กั๊กพระยาศรี,บ้านหม้อ,2,16:00-19:00,0,1,0
สี่กั๊กพระยาศรี,บ้านหม้อ,2,17:00-19:00,0,0,1
สี่กั๊กพระยาศรี,เจริญกรุง,1,07:00-09:00,0,1,0
สี่กั๊กพระยาศรี,เจริญกรุง,1,09:00-16:00,0,1,0
สี่กั๊กพระยาศรี,เจริญกรุง,1,16:00-19:00,0,1,0
สี่กั๊กพระยาศรี,เจริญกรุง,2,07:00-09:00,0,1,1
สี่กั๊กพระยาศรี,เจริญกรุง,2,09:00-16:00,0,1,0
สี่กั๊กพระยาศรี,เจริญกรุง,2,09:00-17:00,0,0,1
สี่กั๊กพระยาศรี,เจริญกรุง,2,16:00-19:00,0,1,0
สี่กั๊กพระยาศรี,เจริญกรุง,2,17:00-19:00,0,0,1
สี่กั๊กพระยาศรี,เฟื่องนคร,2,07:00-09:00,0,0,1
สี่กั๊กพระยาศรี,เฟื่องนคร,2,09:00-17:00,0,0,1
สี่กั๊กพระยาศรี,เฟื่องนคร,2,17:00-19:00,0,0,1
สี่กั๊กเสาชิงช้า,ตะนาว,1,07:00-09:00,1,0,1
สี่กั๊กเสาชิงช้า,ตะนาว,1,09:00-16:00,1,0,0
สี่กั๊กเสาชิงช้า,ตะนาว,1,09:00-17:00,0,0,1
สี่กั๊กเสาชิงช้า,ตะนาว,1,16:00-19:00,1,0,0
สี่กั๊กเสาชิงช้า,ตะนาว,1,17:00-19:00,0,0,1
สี่กั๊กเสาชิงช้า,ตะนาว,3,07:00-09:00,0,1,0
สี่กั๊กเสาชิงช้า,ตะนาว,3,09:00-16:00,0,1,0
สี่กั๊กเสาชิงช้า,ตะนาว,3,16:00-19:00,0,1,0
สี่กั๊กเสาชิงช้า,ตะนาว,4,07:00-09:00,0,0,1
สี่กั๊กเสาชิงช้า,ตะนาว,4,09:00-16:00,0,0,1
สี่กั๊กเสาชิงช้า,ตะนาว,4,16:00-19:00,0,0,1
สี่กั๊กเสาชิงช้า,บำรุงเมือง,1,07:00-09:00,1,0,1
สี่กั๊กเสาชิงช้า,บำรุงเมือง,1,09:00-16:00,1,0,0
สี่กั๊กเสาชิงช้า,บำรุงเมือง,1,09:00-17:00,0,0,1
สี่กั๊กเสาชิงช้า,บำรุงเมือง,1,17:00-19:00,0,0,1
สี่กั๊กเสาชิงช้า,บำรุงเมือง,3,07:00-09:00,0,1,0
สี่กั๊กเสาชิงช้า,บำรุงเมือง,3,09:00-16:00,0,1,0
สี่กั๊กเสาชิงช้า,บำรุงเมือง,3,16:00-19:00,0,1,0
สี่กั๊กเสาชิงช้า,บำรุงเมือง,4,07:00-09:00,0,0,1
สี่กั๊กเสาชิงช้า,บำรุงเมือง,4,09:00-16:00,0,0,1
สี่กั๊กเสาชิงช้า,บำรุงเมือง,4,16:00-19:00,0,0,1
สี่กั๊กเสาชิงช้า,เฟื่องนคร,1,07:00-09:00,1,0,1
สี่กั๊กเสาชิงช้า,เฟื่องนคร,1,09:00-16:00,1,0,0
สี่กั๊กเสาชิงช้า,เฟื่องนคร,1,09:00-17:00,0,0,1
สี่กั๊กเสาชิงช้า,เฟื่องนคร,1,16:00-19:00,1,0,0
สี่กั๊กเสาชิงช้า,เฟื่องนคร,1,17:00-19:00,0,0,1
สี่กั๊กเสาชิงช้า,เฟื่องนคร,3,07:00-09:00,0,1,0
สี่กั๊กเสาชิงช้า,เฟื่องนคร,3,09:00-16:00,0,1,0
สี่กั๊กเสาชิงช้า,เฟื่องนคร,3,16:00-19:00,0,1,0
สี่กั๊กเสาชิงช้า,เฟื่องนคร,4,07:00-09:00,0,0,1
สี่กั๊กเสาชิงช้า,เฟื่องนคร,4,09:00-16:00,0,0,1
สี่กั๊กเสาชิงช้า,เฟื่องนคร,4,16:00-19:00,0,0,1
สี่พระยา,สี่พระยา,1,07:00-09:00,0,0,2
สี่พระยา,สี่พระยา,1,09:00-16:00,0,0,1
สี่พระยา,สี่พระยา,1,09:00-17:00,0,0,1
สี่พระยา,สี่พระยา,1,16:00-19:00,0,0,1
สี่พระยา,สี่พระยา,1,17:00-19:00,0,0,1
สี่พระยา,สี่พระยา,2,06:30-09:00,0,1,0
สี่พระยา,สี่พระยา,2,09:00-16:00,0,1,0
สี่พระยา,สี่พระยา,2,16:00-19:30,0,1,0
สี่พระยา,สี่พระยา,3,07:00-09:00,1,0,0
สี่พระยา,สี่พระยา,3,09:00-16:00,1,0,0
สี่พระยา,สี่พระยา,3,16:00-19:00,1,0,0
สี่พระยา,เจริญกรุง,1,07:00-09:00,0,0,2
สี่พระยา,เจริญกรุง,1,09:00-16:00,0,0,1
สี่พระยา,เจริญกรุง,1,09:00-17:00,0,0,1
สี่พระยา,เจริญกรุง,1,16:00-19:00,0,0,1
สี่พระยา,เจริญกรุง,1,17:00-19:00,0,0,1
สี่พระยา,เจริญกรุง,2,06:30-09:00,0,1,0
สี่พระยา,เจริญกรุง,2,09:00-16:00,0,1,0
สี่พระยา,เจริญกรุง,2,16:00-19:30,0,1,0
สี่พระยา,เจริญกรุง,3,07:00-09:00,1,0,0
สี่พระยา,เจริญกรุง,3,09:00-16:00,1,0,0
สี่พระยา,เจริญกรุง,3,16:00-19:00,1,0,0
สี่พระยา-นเรศ,สี่พระยา,1,07:00-09:00,0,1,0
สี่พระยา-นเรศ,สี่พระยา,1,09:00-16:00,0,1,0
สี่พระยา-นเรศ,สี่พระยา,1,16:00-19:00,0,1,0
สี่เสาเทเวศร์,ศรีอยุธยา,1,07:00-09:00,0,1,0
สี่เสาเทเวศร์,ศรีอยุธยา,1,09:00-16:00,0,1,0
สี่เสาเทเวศร์,ศรีอยุธยา,1,16:00-19:00,0,1,0
สี่เสาเทเวศร์,ศรีอยุธยา,4,07:00-09:00,0,0,1
สี่เสาเทเวศร์,ศรีอยุธยา,4,09:00-16:00,0,0,1
สี่เสาเทเวศร์,ศรีอยุธยา,4,16:00-19:00,0,0,1
สี่เสาเทเวศร์,สามเสน,1,07:00-09:00,0,1,0
สี่เสาเทเวศร์,สามเสน,1,09:00-16:00,0,1,0
สี่เสาเทเวศร์,สามเสน,1,16:00-19:00,0,1,0
สี่เสาเทเวศร์,สามเสน,4,07:00-09:00,0,0,1
สี่เสาเทเวศร์,สามเสน,4,09:00-16:00,0,0,1
สี่เสาเทเวศร์,สามเสน,4,16:00-19:00,0,0,1
สี่เสาเสาเทเวศร์,ศรีอยุธยา,1,07:00-09:00,0,0,1
สี่เสาเสาเทเวศร์,ศรีอยุธยา,1,09:00-17:00,0,0,1
สี่เสาเสาเทเวศร์,ศรีอยุธยา,1,17:00-19:00,0,0,1
สี่เสาเสาเทเวศร์,สามเสน,1,07:00-09:00,0,0,1
สี่เสาเสาเทเวศร์,สามเสน,1,09:00-17:00,0,0,1
สี่เสาเสาเทเวศร์,สามเสน,1,17:00-19:00,0,0,1
สี่แยกลาดหญ้า,ท่าดินแดง,2,07:00-09:00,0,1,2
สี่แยกลาดหญ้า,ท่าดินแดง,2,09:00-16:00,0,1,0
สี่แยกลาดหญ้า,ท่าดินแดง,2,09:00-17:00,0,0,2
สี่แยกลาดหญ้า,ท่าดินแดง,2,16:00-19:00,0,1,0
สี่แยกลาดหญ้า,ท่าดินแดง,2,17:00-19:00,0,0,2
สี่แยกลาดหญ้า,ท่าดินแดง,3,06:30-09:00,1,0,0
สี่แยกลาดหญ้า,ท่าดินแดง,3,09:00-16:00,1,0,0
สี่แยกลาดหญ้า,ท่าดินแดง,3,16:00-19:30,1,0,0
สี่แยกลาดหญ้า,อิสรภาพ,2,07:00-09:00,0,1,2
สี่แยกลาดหญ้า,อิสรภาพ,2,09:00-16:00,0,1,0
สี่แยกลาดหญ้า,อิสรภาพ,2,09:00-17:00,0,0,2
สี่แยกลาดหญ้า,อิสรภาพ,2,16:00-19:00,0,1,0
สี่แยกลาดหญ้า,อิสรภาพ,2,17:00-19:00,0,0,2
สี่แยกลาดหญ้า,อิสรภาพ,3,06:30-09:00,1,0,0
สี่แยกลาดหญ้า,อิสรภาพ,3,09:00-16:00,1,0,0
สี่แยกลาดหญ้า,อิสรภาพ,3,16:00-19:30,1,0,0
สุขาภิบาล2-คู่ขนานวงแหวนกาญจนาภิเษก,วงแหวนกาญจนาภิเษก,3,07:00-09:00,1,0,0
สุขาภิบาล2-คู่ขนานวงแหวนกาญจนาภิเษก,วงแหวนกาญจนาภิเษก,3,09:00-16:00,1,0,0
สุขาภิบาล2-คู่ขนานวงแหวนกาญจนาภิเษก,วงแหวนกาญจนาภิเษก,3,16:00-19:00,1,0,0
สุขาภิบาล2-คู่ขนานวงแหวนกาญจนาภิเษก,สุขาภิบาล2,3,07:00-09:00,1,0,0
สุขาภิบาล2-คู่ขนานวงแหวนกาญจนาภิเษก,สุขาภิบาล2,3,09:00-16:00,1,0,0
สุขาภิบาล2-คู่ขนานวงแหวนกาญจนาภิเษก,สุขาภิบาล2,3,16:00-19:00,1,0,0
สุขาภิบาล5-จตุโชติ,จตุโชติ,3,07:00-09:00,0,0,1
สุขาภิบาล5-จตุโชติ,จตุโชติ,3,09:00-16:00,0,0,1
สุขาภิบาล5-จตุโชติ,จตุโชติ,3,16:00-19:00,0,0,1
สุขาภิบาล5-จตุโชติ,จตุโชติ,4,07:00-09:00,0,0,1
สุขาภิบาล5-จตุโชติ,จตุโชติ,4,09:00-17:00,0,0,1
สุขาภิบาล5-จตุโชติ,จตุโชติ,4,17:00-19:00,0,0,1
สุขาภิบาล5-จตุโชติ,ซอยจตุโชติ,2,07:00-09:00,1,0,0
สุขาภิบาล5-จตุโชติ,ซอยจตุโชติ,2,09:00-16:00,1,0,0
สุขาภิบาล5-จตุโชติ,ซอยจตุโชติ,2,16:00-19:00,1,0,0
สุขาภิบาล5-จตุโชติ,ซอยจตุโชติ,3,07:00-09:00,0,1,0
สุขาภิบาล5-จตุโชติ,ซอยจตุโชติ,3,09:00-16:00,0,1,0
สุขาภิบาล5-จตุโชติ,ซอยจตุโชติ,3,16:00-19:00,0,1,0
สุขาภิบาล5-จตุโชติ,สุขาภิบาล5,2,07:00-09:00,1,0,0
สุขาภิบาล5-จตุโชติ,สุขาภิบาล5,2,09:00-16:00,1,0,0
สุขาภิบาล5-จตุโชติ,สุขาภิบาล5,2,16:00-19:00,1,0,0
สุขาภิบาล5-จตุโชติ,สุขาภิบาล5,3,07:00-09:00,0,1,1
สุขาภิบาล5-จตุโชติ,สุขาภิบาล5,3,09:00-16:00,0,1,1
สุขาภิบาล5-จตุโชติ,สุขาภิบาล5,3,16:00-19:00,0,1,1
สุขาภิบาล5-จตุโชติ,สุขาภิบาล5,4,07:00-09:00,0,0,1
สุขาภิบาล5-จตุโชติ,สุขาภิบาล5,4,09:00-17:00,0,0,1
สุขาภิบาล5-จตุโชติ,สุขาภิบาล5,4,17:00-19:00,0,0,1
สุขาภิบาล5-เพิ่มสิน,สุขาภิบาล5,4,07:00-09:00,0,0,1
สุขาภิบาล5-เพิ่มสิน,สุขาภิบาล5,4,09:00-17:00,0,0,1
สุขาภิบาล5-เพิ่มสิน,สุขาภิบาล5,4,17:00-19:00,0,0,1
สุขาภิบาล5-เพิ่มสิน,เพิ่มสิน,4,07:00-09:00,0,0,1
สุขาภิบาล5-เพิ่มสิน,เพิ่มสิน,4,09:00-17:00,0,0,1
สุขาภิบาล5-เพิ่มสิน,เพิ่มสิน,4,17:00-19:00,0,0,1
สุขาภิบาลบางระมาด,พุทธมณฑลสาย2,2,07:00-09:00,0,1,0
สุขาภิบาลบางระมาด,พุทธมณฑลสาย2,2,09:00-16:00,0,1,0
สุขาภิบาลบางระมาด,พุทธมณฑลสาย2,2,16:00-19:00,0,1,0
สุขาภิบาลบางระมาด,สุขาภิบาลบางระมาด,2,07:00-09:00,0,1,0
สุขาภิบาลบางระมาด,สุขาภิบาลบางระมาด,2,09:00-16:00,0,1,0
สุขาภิบาลบางระมาด,สุขาภิบาลบางระมาด,2,16:00-19:00,0,1,0
สุขุมวิท-พระรามที่4,พระรามที่4,1,07:00-09:00,0,0,1
สุขุมวิท-พระรามที่4,พระรามที่4,1,09:00-16:00,0,0,1
สุขุมวิท-พระรามที่4,พระรามที่4,1,16:00-19:00,0,0,1
สุขุมวิท-พระรามที่4,พระรามที่4,2,07:00-09:00,1,0,0
สุขุมวิท-พระรามที่4,พระรามที่4,2,09:00-16:00,1,0,0
สุขุมวิท-พระรามที่4,พระรามที่4,2,16:00-19:00,1,0,0
สุขุมวิท-พระรามที่4,พระรามที่4,3,07:00-09:00,1,0,0
สุขุมวิท-พระรามที่4,พระรามที่4,3,09:00-16:00,1,0,0
สุขุมวิท-พระรามที่4,พระรามที่4,3,16:00-19:00,1,0,0
สุขุมวิท-พระรามที่4,พระรามที่4,4,07:00-09:00,0,1,0
สุขุมวิท-พระรามที่4,พระรามที่4,4,09:00-16:00,0,1,0
สุขุมวิท-พระรามที่4,พระรามที่4,4,16:00-19:00,0,1,0
สุขุมวิท-พระรามที่4,สุขุมวิท,1,07:00-09:00,0,0,1
สุขุมวิท-พระรามที่4,สุขุมวิท,1,09:00-16:00,0,0,1
สุขุมวิท-พระรามที่4,สุขุมวิท,1,16:00-19:00,0,0,1
สุขุมวิท-พระรามที่4,สุขุมวิท,2,07:00-09:00,1,0,0
สุขุมวิท-พระรามที่4,สุขุมวิท,2,09:00-16:00,1,0,0
สุขุมวิท-พระรามที่4,สุขุมวิท,2,16:00-19:00,1,0,0
สุขุมวิท-พระรามที่4,สุขุมวิท,3,07:00-09:00,1,0,0
สุขุมวิท-พระรามที่4,สุขุมวิท,3,09:00-16:00,1,0,0
สุขุมวิท-พระรามที่4,สุขุมวิท,3,16:00-19:00,1,0,0
สุขุมวิท-พระรามที่4,สุขุมวิท,4,07:00-09:00,0,1,0
สุขุมวิท-พระรามที่4,สุขุมวิท,4,09:00-16:00,0,1,0
สุขุมวิท-พระรามที่4,สุขุมวิท,4,16:00-19:00,0,1,0
สุขุมวิท-สุขุมวิท23,สุขุมวิท,2,07:00-09:00,0,0,1
สุขุมวิท-สุขุมวิท23,สุขุมวิท,2,09:00-17:00,0,0,1
สุขุมวิท-สุขุมวิท23,สุขุมวิท,2,17:00-19:00,0,0,1
สุขุมวิท-สุขุมวิท23,สุขุมวิท23,2,07:00-09:00,0,0,1
สุขุมวิท-สุขุมวิท23,สุขุมวิท23,2,09:00-17:00,0,0,1
สุขุมวิท-สุขุมวิท23,สุขุมวิท23,2,17:00-19:00,0,0,1
สุขุมวิท-สุขุมวิท71,สุขุมวิท,3,07:00-09:00,0,0,1
สุขุมวิท-สุขุมวิท71,สุขุมวิท,3,09:00-17:00,0,0,1
สุขุมวิท-สุขุมวิท71,สุขุมวิท,3,17:00-19:00,0,0,1
สุขุมวิท-สุขุมวิท71,สุขุมวิท71,3,07:00-09:00,0,0,1
สุขุมวิท-สุขุมวิท71,สุขุมวิท71,3,09:00-17:00,0,0,1
สุขุมวิท-สุขุมวิท71,สุขุมวิท71,3,17:00-19:00,0,0,1
สุขุมวิท11,ซอยสุขุมวิท11,1,07:00-09:00,1,0,0
สุขุมวิท11,ซอยสุขุมวิท11,1,09:00-16:00,1,0,0
สุขุมวิท11,ซอยสุขุมวิท11,1,16:00-19:00,1,0,0
สุขุมวิท11,ซอยสุขุมวิท11,2,07:00-09:00,1,0,0
สุขุมวิท11,ซอยสุขุมวิท11,2,09:00-16:00,1,0,0
สุขุมวิท11,ซอยสุขุมวิท11,2,16:00-19:00,1,0,0
สุขุมวิท11,สุขุมวิท,1,07:00-09:00,1,0,0
สุขุมวิท11,สุขุมวิท,1,09:00-16:00,1,0,0
สุขุมวิท11,สุขุมวิท,1,16:00-19:00,1,0,0
สุขุมวิท11,สุขุมวิท,2,07:00-09:00,1,0,0
สุขุมวิท11,สุขุมวิท,2,09:00-16:00,1,0,0
สุขุมวิท11,สุขุมวิท,2,16:00-19:00,1,0,0
สุขุมวิท11,สุขุมวิท,4,07:00-09:00,0,0,1
สุขุมวิท11,สุขุมวิท,4,09:00-17:00,0,0,1
สุขุมวิท11,สุขุมวิท,4,17:00-19:00,0,0,1
สุขุมวิท11,สุขุมวิท11,4,07:00-09:00,0,0,1
สุขุมวิท11,สุขุมวิท11,4,09:00-17:00,0,0,1
สุขุมวิท11,สุขุมวิท11,4,17:00-19:00,0,0,1
สุขุมวิท22,ซอยสุขุมวิท22,1,07:00-09:00,1,0,0
สุขุมวิท22,ซอยสุขุมวิท22,1,09:00-16:00,1,0,0
สุขุมวิท22,ซอยสุขุมวิท22,1,16:00-19:00,1,0,0
สุขุมวิท22,สุขุมวิท,1,07:00-09:00,1,0,0
สุขุมวิท22,สุขุมวิท,1,09:00-16:00,1,0,0
สุขุมวิท22,สุขุมวิท,1,16:00-19:00,1,0,0
สุขุมวิท24,ซอยสุขุมวิท24,1,07:00-09:00,1,0,0
สุขุมวิท24,ซอยสุขุมวิท24,1,09:00-16:00,1,0,0
สุขุมวิท24,ซอยสุขุมวิท24,1,16:00-19:00,1,0,0
สุขุมวิท24,สุขุมวิท,1,07:00-09:00,1,1,0
สุขุมวิท24,สุขุมวิท,1,09:00-16:00,1,1,0
สุขุมวิท24,สุขุมวิท,1,16:00-19:00,1,1,0
สุขุมวิท24,สุขุมวิท,2,07:00-09:00,0,0,1
สุขุมวิท24,สุขุมวิท,2,09:00-17:00,0,0,1
สุขุมวิท24,สุขุมวิท,2,17:00-19:00,0,0,1
สุขุมวิท24,สุขุมวิท24,1,07:00-09:00,0,1,0
สุขุมวิท24,สุขุมวิท24,1,09:00-16:00,0,1,0
สุขุมวิท24,สุขุมวิท24,1,16:00-19:00,0,1,0
สุขุมวิท24,สุขุมวิท24,2,07:00-09:00,0,0,1
สุขุมวิท24,สุขุมวิท24,2,09:00-17:00,0,0,1
สุขุมวิท24,สุขุมวิท24,2,17:00-19:00,0,0,1
สุขุมวิท26,ซอยสุขุมวิท26,1,07:00-09:00,1,0,0
สุขุมวิท26,ซอยสุขุมวิท26,1,09:00-16:00,1,0,0
สุขุมวิท26,ซอยสุขุมวิท26,1,16:00-19:00,1,0,0
สุขุมวิท26,สุขุมวิท,1,07:00-09:00,1,0,1
สุขุมวิท26,สุขุมวิท,1,09:00-16:00,1,0,0
สุขุมวิท26,สุขุมวิท,1,09:00-17:00,0,0,1
สุขุมวิท26,สุขุมวิท,1,16:00-19:00,1,0,0
สุขุมวิท26,สุขุมวิท,1,17:00-19:00,0,0,1
สุขุมวิท26,สุขุมวิท26,1,07:00-09:00,0,0,1
สุขุมวิท26,สุขุมวิท26,1,09:00-17:00,0,0,1
สุขุมวิท26,สุขุมวิท26,1,17:00-19:00,0,0,1
สุขุมวิท27,สุขุมวิท,1,07:00-09:00,0,0,1
สุขุมวิท27,สุขุมวิท,1,09:00-17:00,0,0,1
สุขุมวิท27,สุขุมวิท,1,17:00-19:00,0,0,1
สุขุมวิท31,สุขุมวิท,2,07:00-09:00,0,0,1
สุขุมวิท31,สุขุมวิท,2,09:00-17:00,0,0,1
สุขุมวิท31,สุขุมวิท,2,17:00-19:00,0,0,1
สุขุมวิท31,สุขุมวิท31,2,07:00-09:00,0,0,1
สุขุมวิท31,สุขุมวิท31,2,09:00-17:00,0,0,1
สุขุมวิท31,สุขุมวิท31,2,17:00-19:00,0,0,1
สุขุมวิท36,สุขุมวิท,2,07:00-09:00,0,0,1
สุขุมวิท36,สุขุมวิท,2,09:00-17:00,0,0,1
สุขุมวิท36,สุขุมวิท,2,17:00-19:00,0,0,1
สุขุมวิท36,สุขุมวิท36,2,07:00-09:00,0,0,1
สุขุมวิท36,สุขุมวิท36,2,09:00-17:00,0,0,1
สุขุมวิท36,สุขุมวิท36,2,17:00-19:00,0,0,1
สุขุมวิท39,สุขุมวิท,2,07:00-09:00,0,0,2
สุขุมวิท39,สุขุมวิท,2,09:00-17:00,0,0,2
สุขุมวิท39,สุขุมวิท,2,17:00-19:00,0,0,2
สุขุมวิท39,สุขุมวิท39,2,07:00-09:00,0,0,2
สุขุมวิท39,สุขุมวิท39,2,09:00-17:00,0,0,2
สุขุมวิท39,สุขุมวิท39,2,17:00-19:00,0,0,2
สุขุมวิท40,สุขุมวิท,2,07:00-09:00,0,0,1
สุขุมวิท40,สุขุมวิท,2,09:00-17:00,0,0,1
สุขุมวิท40,สุขุมวิท,2,17:00-19:00,0,0,1
สุขุมวิท42,สุขุมวิท,1,07:00-09:00,0,0,1
สุขุมวิท42,สุขุมวิท,1,09:00-17:00,0,0,1
สุขุมวิท42,สุขุมวิท,1,17:00-19:00,0,0,1
สุขุมวิท42,สุขุมวิท,3,07:00-09:00,0,0,1
สุขุมวิท42,สุขุมวิท,3,09:00-17:00,0,0,1
สุขุมวิท42,สุขุมวิท,3,17:00-19:00,0,0,1
สุขุมวิท42,สุขุมวิท42,1,07:00-09:00,0,0,1
สุขุมวิท42,สุขุมวิท42,1,09:00-17:00,0,0,1
สุขุมวิท42,สุขุมวิท42,1,17:00-19:00,0,0,1
สุขุมวิท42,สุขุมวิท42,3,07:00-09:00,0,0,1
สุขุมวิท42,สุขุมวิท42,3,09:00-17:00,0,0,1
สุขุมวิท42,สุขุมวิท42,3,17:00-19:00,0,0,1
สุขุมวิท48,สุขุมวิท,4,07:00-09:00,0,0,1
สุขุมวิท48,สุขุมวิท,4,09:00-16:00,0,0,1
สุขุมวิท48,สุขุมวิท,4,16:00-19:00,0,0,1
สุขุมวิท48,สุขุมวิท48,4,07:00-09:00,0,0,1
สุขุมวิท48,สุขุมวิท48,4,09:00-16:00,0,0,1
สุขุมวิท48,สุขุมวิท48,4,16:00-19:00,0,0,1
สุขุมวิท49,สุขุมวิท,2,07:00-09:00,0,0,1
สุขุมวิท49,สุขุมวิท,2,09:00-17:00,0,0,1
สุขุมวิท49,สุขุมวิท,2,17:00-19:00,0,0,1
สุขุมวิท49,สุขุมวิท32,2,07:00-09:00,0,0,1
สุขุมวิท49,สุขุมวิท32,2,09:00-17:00,0,0,1
สุขุมวิท49,สุขุมวิท32,2,17:00-19:00,0,0,1
สุขุมวิท49,สุขุมวิท49,2,07:00-09:00,0,0,1
สุขุมวิท49,สุขุมวิท49,2,09:00-17:00,0,0,1
สุขุมวิท49,สุขุมวิท49,2,17:00-19:00,0,0,1
สุขุมวิท49-สุขุมวิท32,สุขุมวิท,1,07:00-09:00,0,0,1
สุขุมวิท49-สุขุมวิท32,สุขุมวิท,1,09:00-17:00,0,0,1
สุขุมวิท49-สุขุมวิท32,สุขุมวิท,1,17:00-19:00,0,0,1
สุขุมวิท49-สุขุมวิท32,สุขุมวิท32,1,07:00-09:00,0,0,1
สุขุมวิท49-สุขุมวิท32,สุขุมวิท32,1,09:00-17:00,0,0,1
สุขุมวิท49-สุขุมวิท32,สุขุมวิท32,1,17:00-19:00,0,0,1
สุขุมวิท49-สุขุมวิท32,สุขุมวิท49,1,07:00-09:00,0,0,1
สุขุมวิท49-สุขุมวิท32,สุขุมวิท49,1,09:00-17:00,0,0,1
สุขุมวิท49-สุขุมวิท32,สุขุมวิท49,1,17:00-19:00,0,0,1
สุขุมวิท50,สุขุมวิท,1,07:00-09:00,0,0,1
สุขุมวิท50,สุขุมวิท,1,09:00-17:00,0,0,1
สุขุมวิท50,สุขุมวิท,1,17:00-19:00,0,0,1
สุขุมวิท50,สุขุมวิท,2,07:00-09:00,0,0,1
สุขุมวิท50,สุขุมวิท,2,09:00-17:00,0,0,1
สุขุมวิท50,สุขุมวิท,2,17:00-19:00,0,0,1
สุขุมวิท50,สุขุมวิท,4,07:00-09:00,0,0,1
สุขุมวิท50,สุขุมวิท,4,09:00-16:00,0,0,1
สุขุมวิท50,สุขุมวิท,4,16:00-19:00,0,0,1
สุขุมวิท50,สุขุมวิท50,1,07:00-09:00,0,0,1
สุขุมวิท50,สุขุมวิท50,1,09:00-17:00,0,0,1
สุขุมวิท50,สุขุมวิท50,1,17:00-19:00,0,0,1
สุขุมวิท50,สุขุมวิท50,2,07:00-09:00,0,0,1
สุขุมวิท50,สุขุมวิท50,2,09:00-17:00,0,0,1
สุขุมวิท50,สุขุมวิท50,2,17:00-19:00,0,0,1
สุขุมวิท50,สุขุมวิท50,4,07:00-09:00,0,0,1
สุขุมวิท50,สุขุมวิท50,4,09:00-16:00,0,0,1
สุขุมวิท50,สุขุมวิท50,4,16:00-19:00,0,0,1
สุขุมวิท50,สุขุมวิท79,1,07:00-09:00,0,0,1
สุขุมวิท50,สุขุมวิท79,1,09:00-17:00,0,0,1
สุขุมวิท50,สุขุมวิท79,1,17:00-19:00,0,0,1
สุขุมวิท50,สุขุมวิท79,2,07:00-09:00,0,0,1
สุขุมวิท50,สุขุมวิท79,2,09:00-17:00,0,0,1
สุขุมวิท50,สุขุมวิท79,2,17:00-19:00,0,0,1
สุขุมวิท50,สุขุมวิท79,4,07:00-09:00,0,0,1
สุขุมวิท50,สุขุมวิท79,4,09:00-16:00,0,0,1
สุขุมวิท50,สุขุมวิท79,4,16:00-19:00,0,0,1
สุขุมวิท53,สุขุมวิท,3,07:00-09:00,0,0,1
สุขุมวิท53,สุขุมวิท,3,09:00-17:00,0,0,1
สุขุมวิท53,สุขุมวิท,3,17:00-19:00,0,0,1
สุขุมวิท53,สุขุมวิท53,3,07:00-09:00,0,0,1
สุขุมวิท53,สุขุมวิท53,3,09:00-17:00,0,0,1
สุขุมวิท53,สุขุมวิท53,3,17:00-19:00,0,0,1
สุขุมวิท62,ด่วนสุขุมวิท62,2,07:00-09:00,0,0,1
สุขุมวิท62,ด่วนสุขุมวิท62,2,09:00-16:00,0,0,1
สุขุมวิท62,ด่วนสุขุมวิท62,2,16:00-19:00,0,0,1
สุขุมวิท62,สุขุมวิท62,2,07:00-09:00,0,0,1
สุขุมวิท62,สุขุมวิท62,2,09:00-16:00,0,0,1
สุขุมวิท62,สุขุมวิท62,2,16:00-19:00,0,0,1
สุขุมวิท70/3,สุขุมวิท,2,07:00-09:00,0,0,1
สุขุมวิท70/3,สุขุมวิท,2,09:00-17:00,0,0,1
สุขุมวิท70/3,สุขุมวิท,2,17:00-19:00,0,0,1
สุขุมวิท70/3,สุขุมวิท70/3,2,07:00-09:00,0,0,1
สุขุมวิท70/3,สุขุมวิท70/3,2,09:00-17:00,0,0,1
สุขุมวิท70/3,สุขุมวิท70/3,2,17:00-19:00,0,0,1
สุขุมวิท71,สุขุมวิท,2,07:00-09:00,0,0,1
สุขุมวิท71,สุขุมวิท,2,09:00-17:00,0,0,1
สุขุมวิท71,สุขุมวิท,2,17:00-19:00,0,0,1
สุขุมวิท71,สุขุมวิท71,2,07:00-09:00,0,0,1
สุขุมวิท71,สุขุมวิท71,2,09:00-17:00,0,0,1
สุขุมวิท71,สุขุมวิท71,2,17:00-19:00,0,0,1
สุขุมวิท93,สุขุมวิท,2,07:00-09:00,0,0,1
สุขุมวิท93,สุขุมวิท,2,09:00-17:00,0,0,1
สุขุมวิท93,สุขุมวิท,2,17:00-19:00,0,0,1
สุขุมวิท93,สุขุมวิท32,2,07:00-09:00,0,0,1
สุขุมวิท93,สุขุมวิท32,2,09:00-17:00,0,0,1
สุขุมวิท93,สุขุมวิท32,2,17:00-19:00,0,0,1
สุขุมวิท93,สุขุมวิท49,2,07:00-09:00,0,0,1
สุขุมวิท93,สุขุมวิท49,2,09:00-17:00,0,0,1
สุขุมวิท93,สุขุมวิท49,2,17:00-19:00,0,0,1
สุคันธาราม,พระรามที่5,1,07:00-09:00,1,0,0
สุคันธาราม,พระรามที่5,1,09:00-16:00,1,0,0
สุคันธาราม,พระรามที่5,1,16:00-19:00,1,0,0
สุคันธาราม,สุคันธาราม,1,07:00-09:00,1,0,0
สุคันธาราม,สุคันธาราม,1,09:00-16:00,1,0,0
สุคันธาราม,สุคันธาราม,1,16:00-19:00,1,0,0
สุทธิสาร,รัชดาภิเษก,1,07:00-09:00,1,1,0
สุทธิสาร,รัชดาภิเษก,1,09:00-16:00,1,1,0
สุทธิสาร,รัชดาภิเษก,1,16:00-19:00,1,1,0
สุทธิสาร,รัชดาภิเษก,2,07:00-09:00,1,0,0
สุทธิสาร,รัชดาภิเษก,2,09:00-16:00,1,0,0
สุทธิสาร,รัชดาภิเษก,2,16:00-19:00,1,0,0
สุทธิสาร,รัชดาภิเษก,3,07:00-09:00,0,0,1
สุทธิสาร,รัชดาภิเษก,3,09:00-16:00,0,0,1
สุทธิสาร,รัชดาภิเษก,3,16:00-19:00,0,0,1
สุทธิสาร,รัชดาภิเษก,4,07:00-09:00,0,1,0
สุทธิสาร,รัชดาภิเษก,4,09:00-16:00,0,1,0
สุทธิสาร,รัชดาภิเษก,4,16:00-19:00,0,1,0
สุทธิสาร,สุทธิสาร,4,07:00-09:00,0,1,0
สุทธิสาร,สุทธิสาร,4,09:00-16:00,0,1,0
สุทธิสาร,สุทธิสาร,4,16:00-19:00,0,1,0
สุทธิสาร,สุทธิสารวินิจฉัย,1,07:00-09:00,1,1,0
สุทธิสาร,สุทธิสารวินิจฉัย,1,09:00-16:00,1,1,0
สุทธิสาร,สุทธิสารวินิจฉัย,1,16:00-19:00,1,1,0
สุทธิสาร,สุทธิสารวินิจฉัย,2,07:00-09:00,1,0,0
สุทธิสาร,สุทธิสารวินิจฉัย,2,09:00-16:00,1,0,0
สุทธิสาร,สุทธิสารวินิจฉัย,2,16:00-19:00,1,0,0
สุทธิสาร,สุทธิสารวินิจฉัย,3,07:00-09:00,0,0,1
สุทธิสาร,สุทธิสารวินิจฉัย,3,09:00-16:00,0,0,1
สุทธิสาร,สุทธิสารวินิจฉัย,3,16:00-19:00,0,0,1
สุทธิสาร-วิภาวดี,วิภาวดีรังสิต,1,07:00-09:00,0,0,1
สุทธิสาร-วิภาวดี,วิภาวดีรังสิต,1,09:00-17:00,0,0,1
สุทธิสาร-วิภาวดี,วิภาวดีรังสิต,1,17:00-19:00,0,0,1
สุทธิสาร-วิภาวดี,สุทธิสาร,1,07:00-09:00,0,0,1
สุทธิสาร-วิภาวดี,สุทธิสาร,1,09:00-17:00,0,0,1
สุทธิสาร-วิภาวดี,สุทธิสาร,1,17:00-19:00,0,0,1
สุทธิสาร-วิภาวดีรังสิต,วิภาวดีรังสิต,1,07:00-09:00,1,1,0
สุทธิสาร-วิภาวดีรังสิต,วิภาวดีรังสิต,1,09:00-16:00,1,1,0
สุทธิสาร-วิภาวดีรังสิต,วิภาวดีรังสิต,1,16:00-19:00,1,1,0
สุทธิสาร-วิภาวดีรังสิต,วิภาวดีรังสิต,2,07:00-09:00,1,0,0
สุทธิสาร-วิภาวดีรังสิต,วิภาวดีรังสิต,2,09:00-16:00,1,0,0
สุทธิสาร-วิภาวดีรังสิต,วิภาวดีรังสิต,2,16:00-19:00,1,0,0
สุทธิสาร-วิภาวดีรังสิต,วิภาวดีรังสิต,4,07:00-09:00,0,0,1
สุทธิสาร-วิภาวดีรังสิต,วิภาวดีรังสิต,4,09:00-17:00,0,0,1
สุทธิสาร-วิภาวดีรังสิต,วิภาวดีรังสิต,4,17:00-19:00,0,0,1
สุทธิสาร-วิภาวดีรังสิต,สุทธิสาร,1,07:00-09:00,1,1,0
สุทธิสาร-วิภาวดีรังสิต,สุทธิสาร,1,09:00-16:00,1,1,0
สุทธิสาร-วิภาวดีรังสิต,สุทธิสาร,1,16:00-19:00,1,1,0
สุทธิสาร-วิภาวดีรังสิต,สุทธิสาร,2,07:00-09:00,1,0,0
สุทธิสาร-วิภาวดีรังสิต,สุทธิสาร,2,09:00-16:00,1,0,0
สุทธิสาร-วิภาวดีรังสิต,สุทธิสาร,2,16:00-19:00,1,0,0
สุทธิสาร-วิภาวดีรังสิต,สุทธิสาร,4,07:00-09:00,0,0,1
สุทธิสาร-วิภาวดีรังสิต,สุทธิสาร,4,09:00-17:00,0,0,1
สุทธิสาร-วิภาวดีรังสิต,สุทธิสาร,4,17:00-19:00,0,0,1
สุภาพบุรุษ,ทวีวัฒนา-กาญจนาภิเษก,2,07:00-09:00,0,0,1
สุภาพบุรุษ,ทวีวัฒนา-กาญจนาภิเษก,2,09:00-16:00,0,0,1
สุภาพบุรุษ,ทวีวัฒนา-กาญจนาภิเษก,2,16:00-19:00,0,0,1
สุภาพบุรุษ,สุภาพบุรุษ,4,07:00-09:00,0,0,1
สุภาพบุรุษ,สุภาพบุรุษ,4,09:00-17:00,0,0,1
สุภาพบุรุษ,สุภาพบุรุษ,4,17:00-19:00,0,0,1
สุภาพบุรุษ,เลียบคลองทวีวัฒนา,2,07:00-09:00,0,0,1
สุภาพบุรุษ,เลียบคลองทวีวัฒนา,2,09:00-16:00,0,0,1
สุภาพบุรุษ,เลียบคลองทวีวัฒนา,2,16:00-19:00,0,0,1
สุภาพบุรุษ,เลียบคลองทวีวัฒนา,4,07:00-09:00,0,0,1
สุภาพบุรุษ,เลียบคลองทวีวัฒนา,4,09:00-17:00,0,0,1
สุภาพบุรุษ,เลียบคลองทวีวัฒนา,4,17:00-19:00,0,0,1
สุรวงศ์,สุรวงศ์,2,07:00-09:00,0,1,0
สุรวงศ์,สุรวงศ์,2,09:00-16:00,0,1,0
สุรวงศ์,สุรวงศ์,2,16:00-19:00,0,1,0
สุรวงศ์,สุรวงศ์,4,07:00-09:00,0,0,1
สุรวงศ์,สุรวงศ์,4,09:00-17:00,0,0,1
สุรวงศ์,สุรวงศ์,4,17:00-19:00,0,0,1
สุรวงศ์,เจริญกรุง,2,07:00-09:00,0,1,0
สุรวงศ์,เจริญกรุง,2,09:00-16:00,0,1,0
สุรวงศ์,เจริญกรุง,2,16:00-19:00,0,1,0
สุรวงศ์,เจริญกรุง,4,07:00-09:00,0,0,1
สุรวงศ์,เจริญกรุง,4,09:00-17:00,0,0,1
สุรวงศ์,เจริญกรุง,4,17:00-19:00,0,0,1
สุรศักดิ์,มเหสักข์,1,07:00-09:00,0,1,0
สุรศักดิ์,มเหสักข์,1,09:00-16:00,0,1,0
สุรศักดิ์,มเหสักข์,1,16:00-19:00,0,1,0
สุรศักดิ์,มเหสักข์,2,07:00-09:00,0,0,1
สุรศักดิ์,มเหสักข์,2,09:00-17:00,0,0,1
สุรศักดิ์,มเหสักข์,2,17:00-19:00,0,0,1
สุรศักดิ์,มเหสักข์,3,07:00-09:00,0,1,0
สุรศักดิ์,มเหสักข์,3,09:00-16:00,0,1,0
สุรศักดิ์,มเหสักข์,3,16:00-19:00,0,1,0
สุรศักดิ์,มเหสักข์,4,07:00-09:00,0,0,1
สุรศักดิ์,มเหสักข์,4,09:00-17:00,0,0,1
สุรศักดิ์,มเหสักข์,4,17:00-19:00,0,0,1
สุรศักดิ์,สีลม,1,07:00-09:00,0,1,0
สุรศักดิ์,สีลม,1,09:00-16:00,0,1,0
สุรศักดิ์,สีลม,1,16:00-19:00,0,1,0
สุรศักดิ์,สีลม,2,07:00-09:00,0,0,1
สุรศักดิ์,สีลม,2,09:00-17:00,0,0,1
สุรศักดิ์,สีลม,2,17:00-19:00,0,0,1
สุรศักดิ์,สีลม,3,07:00-09:00,0,1,0
สุรศักดิ์,สีลม,3,09:00-16:00,0,1,0
สุรศักดิ์,สีลม,3,16:00-19:00,0,1,0
สุรศักดิ์,สีลม,4,07:00-09:00,0,0,1
สุรศักดิ์,สีลม,4,09:00-17:00,0,0,1
สุรศักดิ์,สีลม,4,17:00-19:00,0,0,1
สุวรรณภูมิ,ลาดกระบัง,1,07:00-09:00,1,0,0
สุวรรณภูมิ,ลาดกระบัง,1,09:00-16:00,1,0,0
สุวรรณภูมิ,ลาดกระบัง,1,16:00-19:00,1,0,0
สุวรรณภูมิ,สุวรรณภูมิ4,1,07:00-09:00,1,0,0
สุวรรณภูมิ,สุวรรณภูมิ4,1,09:00-16:00,1,0,0
สุวรรณภูมิ,สุวรรณภูมิ4,1,16:00-19:00,1,0,0
สุวินทวงศ์,รามคำแหง,4,07:00-09:00,0,1,0
สุวินทวงศ์,รามคำแหง,4,09:00-16:00,0,1,0
สุวินทวงศ์,รามคำแหง,4,16:00-19:00,0,1,0
สุวินทวงศ์,สุวินทวงศ์,4,07:00-09:00,0,1,0
สุวินทวงศ์,สุวินทวงศ์,4,09:00-16:00,0,1,0
สุวินทวงศ์,สุวินทวงศ์,4,16:00-19:00,0,1,0
สุวินทวงศ์-คุ้มเกล้า,คุ้มเกล้า,1,07:00-09:00,0,0,2
สุวินทวงศ์-คุ้มเกล้า,คุ้มเกล้า,1,09:00-17:00,0,0,2
สุวินทวงศ์-คุ้มเกล้า,คุ้มเกล้า,1,17:00-19:00,0,0,2
สุวินทวงศ์-คุ้มเกล้า,คุ้มเกล้า,3,06:30-09:00,1,0,0
สุวินทวงศ์-คุ้มเกล้า,คุ้มเกล้า,3,09:00-16:00,1,0,0
สุวินทวงศ์-คุ้มเกล้า,คุ้มเกล้า,3,16:00-19:30,1,0,0
สุวินทวงศ์-คุ้มเกล้า,สุวินทวงศ์,1,07:00-09:00,0,0,2
สุวินทวงศ์-คุ้มเกล้า,สุวินทวงศ์,1,09:00-17:00,0,0,2
สุวินทวงศ์-คุ้มเกล้า,สุวินทวงศ์,1,17:00-19:00,0,0,2
สุวินทวงศ์-คุ้มเกล้า,สุวินทวงศ์,3,06:30-09:00,1,0,0
สุวินทวงศ์-คุ้มเกล้า,สุวินทวงศ์,3,09:00-16:00,1,0,0
สุวินทวงศ์-คุ้มเกล้า,สุวินทวงศ์,3,16:00-19:30,1,0,0
สุวินทวงศ์-นิมิตใหม่,นิมิตใหม่,1,07:00-09:00,0,0,1
สุวินทวงศ์-นิมิตใหม่,นิมิตใหม่,1,09:00-17:00,0,0,1
สุวินทวงศ์-นิมิตใหม่,นิมิตใหม่,1,17:00-19:00,0,0,1
สุวินทวงศ์-นิมิตใหม่,นิมิตใหม่,3,06:30-09:00,1,0,0
สุวินทวงศ์-นิมิตใหม่,นิมิตใหม่,3,09:00-16:00,1,0,0
สุวินทวงศ์-นิมิตใหม่,นิมิตใหม่,3,16:00-19:30,1,0,0
สุวินทวงศ์-นิมิตใหม่,นิมิตใหม่,4,07:00-09:00,0,1,0
สุวินทวงศ์-นิมิตใหม่,นิมิตใหม่,4,09:00-16:00,0,1,0
สุวินทวงศ์-นิมิตใหม่,นิมิตใหม่,4,16:00-19:00,0,1,0
สุวินทวงศ์-นิมิตใหม่,สุวินทวงศ์,1,07:00-09:00,0,0,1
สุวินทวงศ์-นิมิตใหม่,สุวินทวงศ์,1,09:00-17:00,0,0,1
สุวินทวงศ์-นิมิตใหม่,สุวินทวงศ์,1,17:00-19:00,0,0,1
สุวินทวงศ์-นิมิตใหม่,สุวินทวงศ์,3,06:30-09:00,1,0,0
สุวินทวงศ์-นิมิตใหม่,สุวินทวงศ์,3,09:00-16:00,1,0,0
สุวินทวงศ์-นิมิตใหม่,สุวินทวงศ์,3,16:00-19:30,1,0,0
สุวินทวงศ์-นิมิตใหม่,สุวินทวงศ์,4,07:00-09:00,0,1,0
สุวินทวงศ์-นิมิตใหม่,สุวินทวงศ์,4,09:00-16:00,0,1,0
สุวินทวงศ์-นิมิตใหม่,สุวินทวงศ์,4,16:00-19:00,0,1,0
สุวินทวงศ์-บึงขวาง,บึงขวาง,4,07:00-09:00,0,0,1
สุวินทวงศ์-บึงขวาง,บึงขวาง,4,09:00-17:00,0,0,1
สุวินทวงศ์-บึงขวาง,บึงขวาง,4,17:00-19:00,0,0,1
สุวินทวงศ์-บึงขวาง,สุวินทวงศ์,4,07:00-09:00,0,0,1
สุวินทวงศ์-บึงขวาง,สุวินทวงศ์,4,09:00-17:00,0,0,1
สุวินทวงศ์-บึงขวาง,สุวินทวงศ์,4,17:00-19:00,0,0,1
สุวินทวงศ์-ราษฎร์อุทิศ,ราษฎร์อุทิศ,2,07:00-09:00,0,0,1
สุวินทวงศ์-ราษฎร์อุทิศ,ราษฎร์อุทิศ,2,09:00-17:00,0,0,1
สุวินทวงศ์-ราษฎร์อุทิศ,ราษฎร์อุทิศ,2,17:00-19:00,0,0,1
สุวินทวงศ์-ราษฎร์อุทิศ,ราษฎร์อุทิศ,3,07:00-09:00,1,1,0
สุวินทวงศ์-ราษฎร์อุทิศ,ราษฎร์อุทิศ,3,09:00-16:00,1,1,0
สุวินทวงศ์-ราษฎร์อุทิศ,ราษฎร์อุทิศ,3,16:00-19:00,1,1,0
สุวินทวงศ์-ราษฎร์อุทิศ,สุวินทวงศ์,2,07:00-09:00,0,0,1
สุวินทวงศ์-ราษฎร์อุทิศ,สุวินทวงศ์,2,09:00-17:00,0,0,1
สุวินทวงศ์-ราษฎร์อุทิศ,สุวินทวงศ์,2,17:00-19:00,0,0,1
สุวินทวงศ์-ราษฎร์อุทิศ,สุวินทวงศ์,3,07:00-09:00,1,1,0
สุวินทวงศ์-ราษฎร์อุทิศ,สุวินทวงศ์,3,09:00-16:00,1,1,0
สุวินทวงศ์-ราษฎร์อุทิศ,สุวินทวงศ์,3,16:00-19:00,1,1,0
สุวินทวงศ์-อยู่วิทยา-ร่วมพัฒนา,ร่วมพัฒนา,4,07:00-09:00,0,1,0
สุวินทวงศ์-อยู่วิทยา-ร่วมพัฒนา,ร่วมพัฒนา,4,09:00-16:00,0,1,0
สุวินทวงศ์-อยู่วิทยา-ร่วมพัฒนา,ร่วมพัฒนา,4,16:00-19:00,0,1,0
สุวินทวงศ์-อยู่วิทยา-ร่วมพัฒนา,สุวินทวงศ์,4,07:00-09:00,0,1,0
สุวินทวงศ์-อยู่วิทยา-ร่วมพัฒนา,สุวินทวงศ์,4,09:00-16:00,0,1,0
สุวินทวงศ์-อยู่วิทยา-ร่วมพัฒนา,สุวินทวงศ์,4,16:00-19:00,0,1,0
สุวินทวงศ์-อยู่วิทยา-ร่วมพัฒนา,อยู่วิทยา,4,07:00-09:00,0,1,0
สุวินทวงศ์-อยู่วิทยา-ร่วมพัฒนา,อยู่วิทยา,4,09:00-16:00,0,1,0
สุวินทวงศ์-อยู่วิทยา-ร่วมพัฒนา,อยู่วิทยา,4,16:00-19:00,0,1,0
สุวินทวงศ์ซอย7,สุวินทวงศ์,2,07:00-09:00,0,1,0
สุวินทวงศ์ซอย7,สุวินทวงศ์,2,09:00-16:00,0,1,0
สุวินทวงศ์ซอย7,สุวินทวงศ์,2,16:00-19:00,0,1,0
สุเหร่าคลองหนึ่งซอย15,สุเหร่าคลองหนึ่ง,1,07:00-09:00,0,0,1
สุเหร่าคลองหนึ่งซอย15,สุเหร่าคลองหนึ่ง,1,09:00-17:00,0,0,1
สุเหร่าคลองหนึ่งซอย15,สุเหร่าคลองหนึ่ง,1,17:00-19:00,0,0,1
สุเหร่าคลองหนึ่งซอย15,สุเหร่าคลองหนึ่งซอย15,1,07:00-09:00,0,0,1
สุเหร่าคลองหนึ่งซอย15,สุเหร่าคลองหนึ่งซอย15,1,09:00-17:00,0,0,1
สุเหร่าคลองหนึ่งซอย15,สุเหร่าคลองหนึ่งซอย15,1,17:00-19:00,0,0,1
สุเหร่าคลองหนึ่งซอย15,เจริญพัฒนา,1,07:00-09:00,0,0,1
สุเหร่าคลองหนึ่งซอย15,เจริญพัฒนา,1,09:00-17:00,0,0,1
สุเหร่าคลองหนึ่งซอย15,เจริญพัฒนา,1,17:00-19:00,0,0,1
สุโขทัย,พระรามที่5,1,07:00-09:00,0,1,0
สุโขทัย,พระรามที่5,1,09:00-16:00,0,1,0
สุโขทัย,พระรามที่5,1,16:00-19:00,0,1,0
สุโขทัย,พระรามที่5,2,07:00-09:00,1,0,0
สุโขทัย,พระรามที่5,2,09:00-16:00,1,0,0
สุโขทัย,พระรามที่5,2,16:00-19:00,1,0,0
สุโขทัย,พระรามที่5,3,07:00-09:00,1,0,0
สุโขทัย,พระรามที่5,3,09:00-16:00,1,0,0
สุโขทัย,พระรามที่5,3,16:00-19:00,1,0,0
สุโขทัย,พระรามที่5,4,07:00-09:00,0,0,2
สุโขทัย,พระรามที่5,4,09:00-16:00,0,0,1
สุโขทัย,พระรามที่5,4,09:00-17:00,0,0,1
สุโขทัย,พระรามที่5,4,16:00-19:00,0,0,1
สุโขทัย,พระรามที่5,4,17:00-19:00,0,0,1
สุโขทัย,สุโขทัย,1,07:00-09:00,0,1,1
สุโขทัย,สุโขทัย,1,09:00-16:00,0,1,1
สุโขทัย,สุโขทัย,1,16:00-19:00,0,1,1
สุโขทัย,สุโขทัย,2,07:00-09:00,1,0,0
สุโขทัย,สุโขทัย,2,09:00-16:00,1,0,0
สุโขทัย,สุโขทัย,2,16:00-19:00,1,0,0
สุโขทัย,สุโขทัย,3,07:00-09:00,1,0,0
สุโขทัย,สุโขทัย,3,09:00-16:00,1,0,0
สุโขทัย,สุโขทัย,3,16:00-19:00,1,0,0
สุโขทัย,สุโขทัย,4,07:00-09:00,0,0,2
สุโขทัย,สุโขทัย,4,09:00-16:00,0,0,1
สุโขทัย,สุโขทัย,4,09:00-17:00,0,0,1
สุโขทัย,สุโขทัย,4,16:00-19:00,0,0,1
สุโขทัย,สุโขทัย,4,17:00-19:00,0,0,1
หทัยมิตร-นิมิตใหม่,นิมิตใหม่,2,07:00-09:00,0,0,1
หทัยมิตร-นิมิตใหม่,นิมิตใหม่,2,09:00-17:00,0,0,1
หทัยมิตร-นิมิตใหม่,นิมิตใหม่,2,17:00-19:00,0,0,1
หทัยมิตร-นิมิตใหม่,หทัยมิตร,2,07:00-09:00,0,0,1
หทัยมิตร-นิมิตใหม่,หทัยมิตร,2,09:00-17:00,0,0,1
หทัยมิตร-นิมิตใหม่,หทัยมิตร,2,17:00-19:00,0,0,1
หทัยราษฎร์-ซอยไทยรามัญ,หทัยราษฎร์,3,07:00-09:00,1,0,0
หทัยราษฎร์-ซอยไทยรามัญ,หทัยราษฎร์,3,09:00-16:00,1,0,0
หทัยราษฎร์-ซอยไทยรามัญ,หทัยราษฎร์,3,16:00-19:00,1,0,0
หทัยราษฎร์-สุวินทวงศ์,สุวินทวงศ์,3,07:00-09:00,0,0,1
หทัยราษฎร์-สุวินทวงศ์,สุวินทวงศ์,3,09:00-17:00,0,0,1
หทัยราษฎร์-สุวินทวงศ์,สุวินทวงศ์,3,17:00-19:00,0,0,1
หทัยราษฎร์-สุวินทวงศ์,สุวินทวงศ์,4,07:00-09:00,0,0,1
หทัยราษฎร์-สุวินทวงศ์,สุวินทวงศ์,4,09:00-17:00,0,0,1
หทัยราษฎร์-สุวินทวงศ์,สุวินทวงศ์,4,17:00-19:00,0,0,1
หทัยราษฎร์-สุวินทวงศ์,หทัยราษฎร์,3,07:00-09:00,0,0,1
หทัยราษฎร์-สุวินทวงศ์,หทัยราษฎร์,3,09:00-17:00,0,0,1
หทัยราษฎร์-สุวินทวงศ์,หทัยราษฎร์,3,17:00-19:00,0,0,1
หทัยราษฎร์-สุวินทวงศ์,หทัยราษฎร์,4,07:00-09:00,0,0,1
หทัยราษฎร์-สุวินทวงศ์,หทัยราษฎร์,4,09:00-17:00,0,0,1
หทัยราษฎร์-สุวินทวงศ์,หทัยราษฎร์,4,17:00-19:00,0,0,1
หทัยราษฎร์-สุเหร่าคลองหนึ่ง,สุเหร่าคลองหนึ่ง,3,07:00-09:00,0,0,1
หทัยราษฎร์-สุเหร่าคลองหนึ่ง,สุเหร่าคลองหนึ่ง,3,09:00-16:00,0,0,1
หทัยราษฎร์-สุเหร่าคลองหนึ่ง,สุเหร่าคลองหนึ่ง,3,16:00-19:00,0,0,1
หทัยราษฎร์-สุเหร่าคลองหนึ่ง,หทัยราษฎร์,3,07:00-09:00,0,0,1
หทัยราษฎร์-สุเหร่าคลองหนึ่ง,หทัยราษฎร์,3,09:00-16:00,0,0,1
หทัยราษฎร์-สุเหร่าคลองหนึ่ง,หทัยราษฎร์,3,16:00-19:00,0,0,1
หทัยราษฎร์-หทัยมิตร,หทัยมิตร,1,07:00-09:00,0,1,0
หทัยราษฎร์-หทัยมิตร,หทัยมิตร,1,09:00-16:00,0,1,0
หทัยราษฎร์-หทัยมิตร,หทัยมิตร,1,16:00-19:00,0,1,0
หทัยราษฎร์-หทัยมิตร,หทัยมิตร,3,07:00-09:00,0,0,3
หทัยราษฎร์-หทัยมิตร,หทัยมิตร,3,09:00-16:00,0,0,1
หทัยราษฎร์-หทัยมิตร,หทัยมิตร,3,09:00-17:00,0,0,2
หทัยราษฎร์-หทัยมิตร,หทัยมิตร,3,16:00-19:00,0,0,1
หทัยราษฎร์-หทัยมิตร,หทัยมิตร,3,17:00-19:00,0,0,2
หทัยราษฎร์-หทัยมิตร,หทัยราษฎร์,1,07:00-09:00,0,1,0
หทัยราษฎร์-หทัยมิตร,หทัยราษฎร์,1,09:00-16:00,0,1,0
หทัยราษฎร์-หทัยมิตร,หทัยราษฎร์,1,16:00-19:00,0,1,0
หทัยราษฎร์-หทัยมิตร,หทัยราษฎร์,3,07:00-09:00,0,0,3
หทัยราษฎร์-หทัยมิตร,หทัยราษฎร์,3,09:00-16:00,0,0,1
หทัยราษฎร์-หทัยมิตร,หทัยราษฎร์,3,09:00-17:00,0,0,2
หทัยราษฎร์-หทัยมิตร,หทัยราษฎร์,3,16:00-19:00,0,0,1
หทัยราษฎร์-หทัยมิตร,หทัยราษฎร์,3,17:00-19:00,0,0,2
หทัยราษฎร์-หทัยราษฎร์22,หทัยราษฎร์,1,07:00-09:00,0,0,1
หทัยราษฎร์-หทัยราษฎร์22,หทัยราษฎร์,1,09:00-17:00,0,0,1
หทัยราษฎร์-หทัยราษฎร์22,หทัยราษฎร์,1,17:00-19:00,0,0,1
หทัยราษฎร์-หทัยราษฎร์22,หทัยราษฎร์22,1,07:00-09:00,0,0,1
หทัยราษฎร์-หทัยราษฎร์22,หทัยราษฎร์22,1,09:00-17:00,0,0,1
หทัยราษฎร์-หทัยราษฎร์22,หทัยราษฎร์22,1,17:00-19:00,0,0,1
หทัยราษฎร์-เลียบคลองสอง,หทัยราษฎร์,2,06:30-09:00,0,1,0
หทัยราษฎร์-เลียบคลองสอง,หทัยราษฎร์,2,07:00-09:00,0,1,2
หทัยราษฎร์-เลียบคลองสอง,หทัยราษฎร์,2,09:00-16:00,0,2,1
หทัยราษฎร์-เลียบคลองสอง,หทัยราษฎร์,2,09:00-17:00,0,0,1
หทัยราษฎร์-เลียบคลองสอง,หทัยราษฎร์,2,16:00-19:00,0,1,1
หทัยราษฎร์-เลียบคลองสอง,หทัยราษฎร์,2,16:00-19:30,0,1,0
หทัยราษฎร์-เลียบคลองสอง,หทัยราษฎร์,2,17:00-19:00,0,0,1
หทัยราษฎร์-เลียบคลองสอง,หทัยราษฎร์,3,07:00-09:00,1,0,0
หทัยราษฎร์-เลียบคลองสอง,หทัยราษฎร์,3,09:00-16:00,1,0,0
หทัยราษฎร์-เลียบคลองสอง,หทัยราษฎร์,3,16:00-19:00,1,0,0
หทัยราษฎร์-เลียบคลองสอง,เลียบคลองสอง,2,07:00-09:00,0,2,2
หทัยราษฎร์-เลียบคลองสอง,เลียบคลองสอง,2,09:00-16:00,0,2,1
หทัยราษฎร์-เลียบคลองสอง,เลียบคลองสอง,2,09:00-17:00,0,0,1
หทัยราษฎร์-เลียบคลองสอง,เลียบคลองสอง,2,16:00-19:00,0,2,1
หทัยราษฎร์-เลียบคลองสอง,เลียบคลองสอง,2,17:00-19:00,0,0,1
หทัยราษฎร์-เลียบคลองสอง,เลียบคลองสอง,3,07:00-09:00,1,0,0
หทัยราษฎร์-เลียบคลองสอง,เลียบคลองสอง,3,09:00-16:00,1,0,0
หทัยราษฎร์-เลียบคลองสอง,เลียบคลองสอง,3,16:00-19:00,1,0,0
หนองระแหง-คู่ขนานกาญจนาภิเษก,คู่ขนานกาญจนาภิเษก,4,07:00-09:00,0,0,1
หนองระแหง-คู่ขนานกาญจนาภิเษก,คู่ขนานกาญจนาภิเษก,4,09:00-17:00,0,0,1
หนองระแหง-คู่ขนานกาญจนาภิเษก,คู่ขนานกาญจนาภิเษก,4,17:00-19:00,0,0,1
หนองระแหง-คู่ขนานกาญจนาภิเษก,หนองระแหง,4,07:00-09:00,0,0,1
หนองระแหง-คู่ขนานกาญจนาภิเษก,หนองระแหง,4,09:00-17:00,0,0,1
หนองระแหง-คู่ขนานกาญจนาภิเษก,หนองระแหง,4,17:00-19:00,0,0,1
หนองระแหง-หทัยราษฎร์,หทัยราษฎร์,4,07:00-09:00,0,0,1
หนองระแหง-หทัยราษฎร์,หทัยราษฎร์,4,09:00-17:00,0,0,1
หนองระแหง-หทัยราษฎร์,หทัยราษฎร์,4,17:00-19:00,0,0,1
หนองระแหง-หทัยราษฎร์,หนองระแหง,4,07:00-09:00,0,0,1
หนองระแหง-หทัยราษฎร์,หนองระแหง,4,09:00-17:00,0,0,1
หนองระแหง-หทัยราษฎร์,หนองระแหง,4,17:00-19:00,0,0,1
หนองระแหง5-ไทยรามัญ,ซอยหนองระแหง,4,07:00-09:00,1,0,0
หนองระแหง5-ไทยรามัญ,ซอยหนองระแหง,4,09:00-16:00,1,0,0
หนองระแหง5-ไทยรามัญ,ซอยหนองระแหง,4,16:00-19:00,1,0,0
หนองระแหง5-ไทยรามัญ,ซอยไทยรามัญ,4,07:00-09:00,1,0,0
หนองระแหง5-ไทยรามัญ,ซอยไทยรามัญ,4,09:00-16:00,1,0,0
หนองระแหง5-ไทยรามัญ,ซอยไทยรามัญ,4,16:00-19:00,1,0,0
หนองแขม,เพชรเกษม81,1,07:00-09:00,0,0,1
หนองแขม,เพชรเกษม81,1,09:00-17:00,0,0,1
หนองแขม,เพชรเกษม81,1,17:00-19:00,0,0,1
หนองแขม,เลียบคลองภาษีเจริญฝั่งใต้,1,07:00-09:00,0,0,1
หนองแขม,เลียบคลองภาษีเจริญฝั่งใต้,1,09:00-17:00,0,0,1
หนองแขม,เลียบคลองภาษีเจริญฝั่งใต้,1,17:00-19:00,0,0,1
หนองใหญ่,บางแค,4,07:00-09:00,0,0,1
หนองใหญ่,บางแค,4,09:00-16:00,0,0,1
หนองใหญ่,บางแค,4,16:00-19:00,0,0,1
หนองใหญ่,บางแค14,4,07:00-09:00,0,0,1
หนองใหญ่,บางแค14,4,09:00-16:00,0,0,1
หนองใหญ่,บางแค14,4,16:00-19:00,0,0,1
หนองใหญ่,บางแค7,4,07:00-09:00,0,0,1
หนองใหญ่,บางแค7,4,09:00-16:00,0,0,1
หนองใหญ่,บางแค7,4,16:00-19:00,0,0,1
หน่วยบัญชาการรักษาดินแดง,สนามไชย,1,07:00-09:00,1,0,0
หน่วยบัญชาการรักษาดินแดง,สนามไชย,1,09:00-16:00,1,0,0
หน่วยบัญชาการรักษาดินแดง,สนามไชย,1,16:00-19:00,1,0,0
หน่วยบัญชาการรักษาดินแดน,สนามไชย,1,07:00-09:00,1,0,0
หน่วยบัญชาการรักษาดินแดน,สนามไชย,1,09:00-16:00,1,0,0
หน่วยบัญชาการรักษาดินแดน,สนามไชย,1,16:00-19:00,1,0,0
หน้า7-11,อาจณรงค์,1,07:00-09:00,0,0,1
หน้า7-11,อาจณรงค์,1,09:00-17:00,0,0,1
หน้า7-11,อาจณรงค์,1,17:00-19:00,0,0,1
หน้า7-11พัฒนาการ20,พัฒนาการ20,3,07:00-09:00,0,0,2
หน้า7-11พัฒนาการ20,พัฒนาการ20,3,09:00-17:00,0,0,2
หน้า7-11พัฒนาการ20,พัฒนาการ20,3,17:00-19:00,0,0,2
หน้าMayfairPlace,สุขุมวิท50,1,07:00-09:00,0,0,1
หน้าMayfairPlace,สุขุมวิท50,1,09:00-17:00,0,0,1
หน้าMayfairPlace,สุขุมวิท50,1,17:00-19:00,0,0,1
หน้าVelaaSindlomVillage,หลังสวน,2,07:00-09:00,0,0,1
หน้าVelaaSindlomVillage,หลังสวน,2,09:00-16:00,0,0,1
หน้าVelaaSindlomVillage,หลังสวน,2,16:00-19:00,0,0,1
หน้ากรมการขนส่งทางบก,พหลโยธิน,1,07:00-09:00,1,0,0
หน้ากรมการขนส่งทางบก,พหลโยธิน,1,09:00-16:00,1,0,0
หน้ากรมการขนส่งทางบก,พหลโยธิน,1,16:00-19:00,1,0,0
หน้ากรมขนส่งทางบก,พหลโยธิน,2,07:00-09:00,1,0,0
หน้ากรมขนส่งทางบก,พหลโยธิน,2,09:00-16:00,1,0,0
หน้ากรมขนส่งทางบก,พหลโยธิน,2,16:00-19:00,1,0,0
หน้ากรมชลประทาน,สามเสน,3,07:00-09:00,0,1,0
หน้ากรมชลประทาน,สามเสน,3,09:00-16:00,0,1,0
หน้ากรมชลประทาน,สามเสน,3,16:00-19:00,0,1,0
หน้ากรมอู่ทหารเรือ,อรุณอัมรินทร์,1,07:00-09:00,1,0,0
หน้ากรมอู่ทหารเรือ,อรุณอัมรินทร์,1,09:00-16:00,1,0,0
หน้ากรมอู่ทหารเรือ,อรุณอัมรินทร์,1,16:00-19:00,1,0,0
หน้ากรมแผนที่ทหาร,กัลยาณไมตรี,1,07:00-09:00,2,0,0
หน้ากรมแผนที่ทหาร,กัลยาณไมตรี,1,09:00-16:00,2,0,0
หน้ากรมแผนที่ทหาร,กัลยาณไมตรี,1,16:00-19:00,2,0,0
หน้ากรมโรงงานอุตสาหกรรม,พระสุเมรุ,1,07:00-09:00,1,0,0
หน้ากรมโรงงานอุตสาหกรรม,พระสุเมรุ,1,09:00-16:00,1,0,0
หน้ากรมโรงงานอุตสาหกรรม,พระสุเมรุ,1,16:00-19:00,1,0,0
หน้ากองบัญชาการกองทัพอากาศ,พหลโยธิน,4,07:00-09:00,1,0,0
หน้ากองบัญชาการกองทัพอากาศ,พหลโยธิน,4,09:00-16:00,1,0,0
หน้ากองบัญชาการกองทัพอากาศ,พหลโยธิน,4,16:00-19:00,1,0,0
หน้ากองปราบปราม,พหลโยธิน,2,07:00-09:00,0,0,1
หน้ากองปราบปราม,พหลโยธิน,2,09:00-16:00,0,0,1
หน้ากองปราบปราม,พหลโยธิน,2,16:00-19:00,0,0,1
หน้ากองปราบปราม,พหลโยธิน,4,07:00-09:00,0,1,0
หน้ากองปราบปราม,พหลโยธิน,4,09:00-16:00,0,1,0
หน้ากองปราบปราม,พหลโยธิน,4,16:00-19:00,0,1,0
หน้ากองพันทหารปืนใหญ่ที่1,ประดิพัทธ์,3,07:00-09:00,0,1,0
หน้ากองพันทหารปืนใหญ่ที่1,ประดิพัทธ์,3,09:00-16:00,0,1,0
หน้ากองพันทหารปืนใหญ่ที่1,ประดิพัทธ์,3,16:00-19:00,0,1,0
หน้ากองพันทหารม้าที่3,ทหาร,3,07:00-09:00,0,1,0
หน้ากองพันทหารม้าที่3,ทหาร,3,09:00-16:00,0,1,0
หน้ากองพันทหารม้าที่3,ทหาร,3,16:00-19:00,0,1,0
หน้ากองพันทหารสื่อสารที่21,ทางเข้าออกกองพันฯ,3,07:00-09:00,0,0,1
หน้ากองพันทหารสื่อสารที่21,ทางเข้าออกกองพันฯ,3,09:00-16:00,0,0,1
หน้ากองพันทหารสื่อสารที่21,ทางเข้าออกกองพันฯ,3,16:00-19:00,0,0,1
หน้ากองพันทหารสื่อสารที่21,พหลโยธิน,3,07:00-09:00,0,0,1
หน้ากองพันทหารสื่อสารที่21,พหลโยธิน,3,09:00-16:00,0,0,1
หน้ากองพันทหารสื่อสารที่21,พหลโยธิน,3,16:00-19:00,0,0,1
หน้าการไฟฟ้าธนบุรี,จรัญสนิทวงศ์,4,07:00-09:00,0,0,1
หน้าการไฟฟ้าธนบุรี,จรัญสนิทวงศ์,4,09:00-17:00,0,0,1
หน้าการไฟฟ้าธนบุรี,จรัญสนิทวงศ์,4,17:00-19:00,0,0,1
หน้าการไฟฟ้าธนบุรี,จรัญสนิทวงศ์20,4,07:00-09:00,0,0,1
หน้าการไฟฟ้าธนบุรี,จรัญสนิทวงศ์20,4,09:00-17:00,0,0,1
หน้าการไฟฟ้าธนบุรี,จรัญสนิทวงศ์20,4,17:00-19:00,0,0,1
หน้าการไฟฟ้าธนบุรี,จรัญสนิทวงศ์23,4,07:00-09:00,0,0,1
หน้าการไฟฟ้าธนบุรี,จรัญสนิทวงศ์23,4,09:00-17:00,0,0,1
หน้าการไฟฟ้าธนบุรี,จรัญสนิทวงศ์23,4,17:00-19:00,0,0,1
หน้าการไฟฟ้านครหลวงบางเขน,กำแพงเพชร2,4,07:00-09:00,1,0,0
หน้าการไฟฟ้านครหลวงบางเขน,กำแพงเพชร2,4,09:00-16:00,1,0,0
หน้าการไฟฟ้านครหลวงบางเขน,กำแพงเพชร2,4,16:00-19:00,1,0,0
หน้าคณะนิเทศศาสตร์จุฬาลงกรณ์ฯ,ทางเข้าคณะนิเทศศาสตร์,2,07:00-09:00,1,0,0
หน้าคณะนิเทศศาสตร์จุฬาลงกรณ์ฯ,ทางเข้าคณะนิเทศศาสตร์,2,09:00-16:00,1,0,0
หน้าคณะนิเทศศาสตร์จุฬาลงกรณ์ฯ,ทางเข้าคณะนิเทศศาสตร์,2,16:00-19:00,1,0,0
หน้าคณะนิเทศศาสตร์จุฬาลงกรณ์ฯ,พญาไท,2,07:00-09:00,1,0,0
หน้าคณะนิเทศศาสตร์จุฬาลงกรณ์ฯ,พญาไท,2,09:00-16:00,1,0,0
หน้าคณะนิเทศศาสตร์จุฬาลงกรณ์ฯ,พญาไท,2,16:00-19:00,1,0,0
"หน้าคณะเทคโนโลยีการเกษตร,สำนักหอสมุดกลาง",ฉลองกรุง,2,07:00-09:00,0,0,1
"หน้าคณะเทคโนโลยีการเกษตร,สำนักหอสมุดกลาง",ฉลองกรุง,2,09:00-17:00,0,0,1
"หน้าคณะเทคโนโลยีการเกษตร,สำนักหอสมุดกลาง",ฉลองกรุง,2,17:00-19:00,0,0,1
หน้าคณะเวชศาสตร์เขตร้อน,ราชวิถี,4,07:00-09:00,0,0,1
หน้าคณะเวชศาสตร์เขตร้อน,ราชวิถี,4,09:00-17:00,0,0,1
หน้าคณะเวชศาสตร์เขตร้อน,ราชวิถี,4,17:00-19:00,0,0,1
หน้าคณะเวชศาสตร์เขตร้อน,ราชวิถี15,4,07:00-09:00,0,0,1
หน้าคณะเวชศาสตร์เขตร้อน,ราชวิถี15,4,09:00-17:00,0,0,1
หน้าคณะเวชศาสตร์เขตร้อน,ราชวิถี15,4,17:00-19:00,0,0,1
หน้าคณะแพทย์ศาสตร์วชิระพยาบาล,สามเสน,4,07:00-09:00,1,0,0
หน้าคณะแพทย์ศาสตร์วชิระพยาบาล,สามเสน,4,09:00-16:00,1,0,0
หน้าคณะแพทย์ศาสตร์วชิระพยาบาล,สามเสน,4,16:00-19:00,1,0,0
หน้าคอนโด28Chidlom,ชิดลม,2,07:00-09:00,0,0,1
หน้าคอนโด28Chidlom,ชิดลม,2,09:00-16:00,0,0,1
หน้าคอนโด28Chidlom,ชิดลม,2,16:00-19:00,0,0,1
หน้าคอนโดชีวาทัยเรสซิเดนซ์,ประชาราษฎร์สาย2,4,07:00-09:00,0,0,1
หน้าคอนโดชีวาทัยเรสซิเดนซ์,ประชาราษฎร์สาย2,4,09:00-17:00,0,0,1
หน้าคอนโดชีวาทัยเรสซิเดนซ์,ประชาราษฎร์สาย2,4,17:00-19:00,0,0,1
หน้าคอนโดดิเอ็กซ์เซลกรูฟปากซอยลาซาล52,สุขุมวิท105,2,06:30-09:00,0,1,0
หน้าคอนโดดิเอ็กซ์เซลกรูฟปากซอยลาซาล52,สุขุมวิท105,2,09:00-16:00,0,1,0
หน้าคอนโดดิเอ็กซ์เซลกรูฟปากซอยลาซาล52,สุขุมวิท105,2,16:00-19:30,0,1,0
หน้าคอนโดยูดีไลท์แอทหัวหมากสเตชั่น,หัวหมาก,3,07:00-09:00,0,1,0
หน้าคอนโดยูดีไลท์แอทหัวหมากสเตชั่น,หัวหมาก,3,09:00-16:00,0,1,0
หน้าคอนโดยูดีไลท์แอทหัวหมากสเตชั่น,หัวหมาก,3,16:00-19:00,0,1,0
หน้าคอนโดลุมพินีพาร์คนวมินทร์36,นวมนิทร์,3,07:00-09:00,0,1,0
หน้าคอนโดลุมพินีพาร์คนวมินทร์37,นวมนิทร์,3,09:00-16:00,0,1,0
หน้าคอนโดลุมพินีพาร์คนวมินทร์38,นวมนิทร์,3,16:00-19:00,0,1,0
หน้าคอนโดลุมพินีวิลล์,ราษฎร์บูรณะ,1,07:00-09:00,0,0,1
หน้าคอนโดลุมพินีวิลล์,ราษฎร์บูรณะ,1,09:00-17:00,0,0,1
หน้าคอนโดลุมพินีวิลล์,ราษฎร์บูรณะ,1,17:00-19:00,0,0,1
หน้าคอนโดเดอะทรีอินเตอร์เชน,ประชาราษฎร์สาย2,4,07:00-09:00,0,0,1
หน้าคอนโดเดอะทรีอินเตอร์เชน,ประชาราษฎร์สาย2,4,09:00-17:00,0,0,1
หน้าคอนโดเดอะทรีอินเตอร์เชน,ประชาราษฎร์สาย2,4,17:00-19:00,0,0,1
หน้าคอนโดเมโทรสกาย,ประชาชื่น,4,07:00-09:00,0,0,1
หน้าคอนโดเมโทรสกาย,ประชาชื่น,4,17:00-19:00,0,0,1
หน้าชุมชนบ้านแบบ,เจริญราษฎร์,3,07:00-09:00,1,0,0
หน้าชุมชนบ้านแบบ,เจริญราษฎร์,3,09:00-16:00,1,0,0
หน้าชุมชนบ้านแบบ,เจริญราษฎร์,3,16:00-19:00,1,0,0
หน้าชุมชนโรงเรียวัดตลิ่งชัน,ชักพระ,2,07:00-09:00,1,0,0
หน้าชุมชนโรงเรียวัดตลิ่งชัน,ชักพระ,2,09:00-16:00,1,0,0
หน้าชุมชนโรงเรียวัดตลิ่งชัน,ชักพระ,2,16:00-19:00,1,0,0
หน้าซอยพหลโยธิน50แยก11-15-2,เทพรักษ์,4,07:00-09:00,1,0,0
หน้าซอยพหลโยธิน50แยก11-15-2,เทพรักษ์,4,09:00-16:00,1,0,0
หน้าซอยพหลโยธิน50แยก11-15-2,เทพรักษ์,4,16:00-19:00,1,0,0
หน้าซีคอนสแควร์,ศรีนครินทร์,4,07:00-09:00,1,0,0
หน้าซีคอนสแควร์,ศรีนครินทร์,4,09:00-16:00,1,0,0
หน้าซีคอนสแควร์,ศรีนครินทร์,4,16:00-19:00,1,0,0
หน้าตลาดคลองถม,เจริญกรุง,3,07:00-09:00,0,1,0
หน้าตลาดคลองถม,เจริญกรุง,3,09:00-16:00,0,1,0
หน้าตลาดคลองถม,เจริญกรุง,3,16:00-19:00,0,1,0
หน้าตลาดจตุจักรคุ้มเกล้า,คุ้มเกล้า,2,07:00-09:00,0,1,0
หน้าตลาดจตุจักรคุ้มเกล้า,คุ้มเกล้า,2,09:00-16:00,0,1,0
หน้าตลาดจตุจักรคุ้มเกล้า,คุ้มเกล้า,2,16:00-19:00,0,1,0
หน้าตลาดบองมาเช่,เทศบาลสงเคราะห์,4,07:00-09:00,0,0,1
หน้าตลาดบองมาเช่,เทศบาลสงเคราะห์,4,09:00-17:00,0,0,1
หน้าตลาดบองมาเช่,เทศบาลสงเคราะห์,4,17:00-19:00,0,0,1
หน้าตลาดประชานิเวศน์1,เทศบาลสงเคราะห์,3,07:00-09:00,1,0,0
หน้าตลาดประชานิเวศน์1,เทศบาลสงเคราะห์,3,09:00-16:00,1,0,0
หน้าตลาดประชานิเวศน์1,เทศบาลสงเคราะห์,3,16:00-19:00,1,0,0
หน้าตลาดพิบูลย์วิทย์,กำนันแม้น,4,07:00-09:00,0,0,1
หน้าตลาดพิบูลย์วิทย์,กำนันแม้น,4,09:00-17:00,0,0,1
หน้าตลาดพิบูลย์วิทย์,กำนันแม้น,4,17:00-19:00,0,0,1
หน้าตลาดพิบูลย์วิทย์,กำนันแม้น8,4,07:00-09:00,0,0,1
หน้าตลาดพิบูลย์วิทย์,กำนันแม้น8,4,09:00-17:00,0,0,1
หน้าตลาดพิบูลย์วิทย์,กำนันแม้น8,4,17:00-19:00,0,0,1
หน้าตลาดพุทธบูชา95,พุทธบูชา,3,07:00-09:00,0,0,1
หน้าตลาดพุทธบูชา95,พุทธบูชา,3,09:00-17:00,0,0,1
หน้าตลาดพุทธบูชา95,พุทธบูชา,3,17:00-19:00,0,0,1
หน้าตลาดมหาสิน,สุขุมวิท101/1,2,07:00-09:00,0,0,1
หน้าตลาดมหาสิน,สุขุมวิท101/1,2,09:00-17:00,0,0,1
หน้าตลาดมหาสิน,สุขุมวิท101/1,2,17:00-19:00,0,0,1
หน้าตลาดมาร์เก็ตแลนด์,ลาดกระบัง,1,07:00-09:00,0,0,1
หน้าตลาดมาร์เก็ตแลนด์,ลาดกระบัง,1,09:00-17:00,0,0,1
หน้าตลาดมาร์เก็ตแลนด์,ลาดกระบัง,1,17:00-19:00,0,0,1
หน้าตลาดมโนรมย์,เลียบคลองสอง,2,07:00-09:00,0,1,0
หน้าตลาดมโนรมย์,เลียบคลองสอง,2,09:00-16:00,0,1,0
หน้าตลาดมโนรมย์,เลียบคลองสอง,2,16:00-19:00,0,1,0
หน้าตลาดยิปซี,กรุงเทพ-นนทบุรี,4,07:00-09:00,0,0,1
หน้าตลาดยิปซี,กรุงเทพ-นนทบุรี,4,09:00-17:00,0,0,1
หน้าตลาดยิปซี,กรุงเทพ-นนทบุรี,4,17:00-19:00,0,0,1
หน้าตลาดศรีเขมา,ประชาราษฎร์สาย1,2,07:00-09:00,0,0,1
หน้าตลาดศรีเขมา,ประชาราษฎร์สาย1,2,09:00-17:00,0,0,1
หน้าตลาดศรีเขมา,ประชาราษฎร์สาย1,2,17:00-19:00,0,0,1
หน้าตลาดศรีเขมา,ประชาราษฎร์สาย1(EB),2,07:00-09:00,0,0,1
หน้าตลาดศรีเขมา,ประชาราษฎร์สาย1(EB),2,09:00-17:00,0,0,1
หน้าตลาดศรีเขมา,ประชาราษฎร์สาย1(EB),2,17:00-19:00,0,0,1
หน้าตลาดเคซี,นิมิตใหม่,2,07:00-09:00,0,1,0
หน้าตลาดเคซี,นิมิตใหม่,2,09:00-16:00,0,1,0
หน้าตลาดเคซี,นิมิตใหม่,2,16:00-19:00,0,1,0
หน้าตลาดไชยทิศ,เลียบทางรถไฟตลิ่งชัน,1,07:00-09:00,0,0,1
หน้าตลาดไชยทิศ,เลียบทางรถไฟตลิ่งชัน,1,09:00-16:00,0,0,1
หน้าตลาดไชยทิศ,เลียบทางรถไฟตลิ่งชัน,1,16:00-19:00,0,0,1
หน้าถ.รามคำแหง2ซอย11,รามคำแหง2,2,07:00-09:00,0,0,1
หน้าถ.รามคำแหง2ซอย11,รามคำแหง2,2,09:00-17:00,0,0,1
หน้าถ.รามคำแหง2ซอย11,รามคำแหง2,2,17:00-19:00,0,0,1
หน้าถนนศรีเวียง(ช่วงใต้ทางด่วนศรีรัช),จรูญเวียง,3,07:00-09:00,1,0,0
หน้าถนนศรีเวียง(ช่วงใต้ทางด่วนศรีรัช),จรูญเวียง,3,09:00-16:00,1,0,0
หน้าถนนศรีเวียง(ช่วงใต้ทางด่วนศรีรัช),จรูญเวียง,3,16:00-19:00,1,0,0
หน้าททบ.5,พหลโยธิน,3,07:00-09:00,0,0,1
หน้าททบ.5,พหลโยธิน,3,09:00-17:00,0,0,1
หน้าททบ.5,พหลโยธิน,3,17:00-19:00,0,0,1
หน้าธ.กรุงเทพสาขาเตาปูน,ประชาราษฎร์สาย2,4,07:00-09:00,0,0,1
หน้าธ.กรุงเทพสาขาเตาปูน,ประชาราษฎร์สาย2,4,09:00-17:00,0,0,1
หน้าธ.กรุงเทพสาขาเตาปูน,ประชาราษฎร์สาย2,4,17:00-19:00,0,0,1
หน้าธ.ยูโอบี,เยาวราช,4,07:00-09:00,0,0,1
หน้าธ.ยูโอบี,เยาวราช,4,09:00-17:00,0,0,1
หน้าธ.ยูโอบี,เยาวราช,4,17:00-19:00,0,0,1
หน้าธนาคารCIMB,หลังสวน,2,07:00-09:00,0,0,1
หน้าธนาคารCIMB,หลังสวน,2,09:00-16:00,0,0,1
หน้าธนาคารCIMB,หลังสวน,2,16:00-19:00,0,0,1
หน้าธนาคารแห่งประเทศไทย,สามเสน,3,07:00-09:00,0,3,1
หน้าธนาคารแห่งประเทศไทย,สามเสน,3,09:00-16:00,0,3,0
หน้าธนาคารแห่งประเทศไทย,สามเสน,3,09:00-17:00,0,0,1
หน้าธนาคารแห่งประเทศไทย,สามเสน,3,16:00-19:00,0,3,0
หน้าธนาคารแห่งประเทศไทย,สามเสน,3,17:00-19:00,0,0,1
หน้าธัญญปาร์ค,ศรีนครินทร์,4,07:00-09:00,1,0,0
หน้าธัญญปาร์ค,ศรีนครินทร์,4,09:00-16:00,1,0,0
หน้าธัญญปาร์ค,ศรีนครินทร์,4,16:00-19:00,1,0,0
หน้านิคมฯเจโมโพลิส,สุขาภิบาล2,2,07:00-09:00,0,0,1
หน้านิคมฯเจโมโพลิส,สุขาภิบาล2,2,09:00-17:00,0,0,1
หน้านิคมฯเจโมโพลิส,สุขาภิบาล2,2,17:00-19:00,0,0,1
หน้าบ.กรีนสปอต,ศรีนครินทร์,4,07:00-09:00,0,0,1
หน้าบ.กรีนสปอต,ศรีนครินทร์,4,09:00-17:00,0,0,1
หน้าบ.กรีนสปอต,ศรีนครินทร์,4,17:00-19:00,0,0,1
หน้าบ.ยัสปาล,สุขุมวิท,2,07:00-09:00,0,0,1
หน้าบ.ยัสปาล,สุขุมวิท66/1,2,07:00-09:00,0,0,1
หน้าบ.ยัสปาล,สุขุมวิท66/1,2,09:00-17:00,0,0,1
หน้าบ.ยัสปาล,สุขุมวิท66/1,2,17:00-19:00,0,0,1
หน้าบ.เฟิร์สทรานสปอร์ต,หลวงแพ่ง,1,07:00-09:00,0,0,1
หน้าบ.เฟิร์สทรานสปอร์ต,หลวงแพ่ง,1,09:00-17:00,0,0,1
หน้าบ.เฟิร์สทรานสปอร์ต,หลวงแพ่ง,1,17:00-19:00,0,0,1
หน้าบ.เอพีโมโตพาร์ทจก.,ทวีวัฒนา-กาญจนาภิเษก,3,07:00-09:00,0,0,1
หน้าบ.เอพีโมโตพาร์ทจก.,ทวีวัฒนา-กาญจนาภิเษก,3,09:00-17:00,0,0,1
หน้าบ.เอพีโมโตพาร์ทจก.,ทวีวัฒนา-กาญจนาภิเษก,3,17:00-19:00,0,0,1
หน้าบ.แท็คเกิ้ลมาสเตอร์จก.,ทวีวัฒนา-กาญจนาภิเษก,3,07:00-09:00,0,0,1
หน้าบ.แท็คเกิ้ลมาสเตอร์จก.,ทวีวัฒนา-กาญจนาภิเษก,3,09:00-17:00,0,0,1
หน้าบ.แท็คเกิ้ลมาสเตอร์จก.,ทวีวัฒนา-กาญจนาภิเษก,3,17:00-19:00,0,0,1
หน้าบริษัทกราเวียอาร์ตเซ็นเตอร์,เลียบคลองภาษีเจริญฝั่งเหนือ,4,07:00-09:00,0,0,1
หน้าบริษัทกราเวียอาร์ตเซ็นเตอร์,เลียบคลองภาษีเจริญฝั่งเหนือ,4,09:00-17:00,0,0,1
หน้าบริษัทกราเวียอาร์ตเซ็นเตอร์,เลียบคลองภาษีเจริญฝั่งเหนือ,4,17:00-19:00,0,0,1
หน้าบริษัทคริสเตียนีและนีลเส็น,ลาซาล,4,07:00-09:00,0,0,1
หน้าบริษัทคริสเตียนีและนีลเส็น,ลาซาล,4,09:00-17:00,0,0,1
หน้าบริษัทคริสเตียนีและนีลเส็น,ลาซาล,4,17:00-19:00,0,0,1
หน้าบริษัทปตท.,วิภาวดีรังสิต,3,07:00-09:00,0,1,0
หน้าบริษัทปตท.,วิภาวดีรังสิต,3,09:00-16:00,0,1,0
หน้าบริษัทปตท.,วิภาวดีรังสิต,3,16:00-19:00,0,1,0
หน้าบิ๊กซีราชดำริ,ราชดำริ,2,07:00-09:00,0,2,0
หน้าบิ๊กซีราชดำริ,ราชดำริ,2,09:00-16:00,0,2,0
หน้าบิ๊กซีราชดำริ,ราชดำริ,2,16:00-19:00,0,2,0
หน้าบิ๊กซีราษฎร์บูรณะ,ราษฎร์บูรณะ,1,07:00-09:00,1,0,0
หน้าบิ๊กซีราษฎร์บูรณะ,ราษฎร์บูรณะ,1,09:00-16:00,1,0,0
หน้าบิ๊กซีราษฎร์บูรณะ,ราษฎร์บูรณะ,1,16:00-19:00,1,0,0
หน้าบิ๊กซีหนองจอก,เลียบวารี,4,07:00-09:00,0,0,1
หน้าบิ๊กซีหนองจอก,เลียบวารี,4,09:00-17:00,0,0,1
หน้าบิ๊กซีหนองจอก,เลียบวารี,4,17:00-19:00,0,0,1
หน้าบ้านพักคนชราบางแค,เพชรเกษม,1,07:00-09:00,0,1,0
หน้าบ้านพักคนชราบางแค,เพชรเกษม,1,09:00-16:00,0,1,0
หน้าบ้านพักคนชราบางแค,เพชรเกษม,1,16:00-19:00,0,1,0
หน้าปั้มปตท.ถนนฉลองกรุง,ฉลองกรุง,3,06:30-09:00,1,0,0
หน้าปั้มปตท.ถนนฉลองกรุง,ฉลองกรุง,3,09:00-16:00,1,0,0
หน้าปั้มปตท.ถนนฉลองกรุง,ฉลองกรุง,3,16:00-19:30,1,0,0
หน้าปั๊มปตท.,คุ้มเกล้า,2,07:00-09:00,0,0,1
หน้าปั๊มปตท.,คุ้มเกล้า,2,09:00-17:00,0,0,1
หน้าปั๊มปตท.,คุ้มเกล้า,2,17:00-19:00,0,0,1
หน้าปั๊มแก๊สNSGASLPG,ร่มเกล้า,2,07:00-09:00,0,1,0
หน้าปั๊มแก๊สNSGASLPG,ร่มเกล้า,2,09:00-16:00,0,1,0
หน้าปั๊มแก๊สNSGASLPG,ร่มเกล้า,2,16:00-19:00,0,1,0
หน้าพันธุ์ทิพย์ประตูน้ำ,เพชรบุรี,2,07:00-09:00,0,1,0
หน้าพันธุ์ทิพย์ประตูน้ำ,เพชรบุรี,2,09:00-16:00,0,1,0
หน้าพันธุ์ทิพย์ประตูน้ำ,เพชรบุรี,2,16:00-19:00,0,1,0
หน้าพันธุ์ทิพย์พลาซา,เพชรบุรีตัดใหม่,1,07:00-09:00,0,1,0
หน้าพันธุ์ทิพย์พลาซา,เพชรบุรีตัดใหม่,1,09:00-16:00,0,1,0
หน้าพันธุ์ทิพย์พลาซา,เพชรบุรีตัดใหม่,1,16:00-19:00,0,1,0
หน้าพิพิธภัณฑ์เด็ก,กำแพงเพชร4,4,07:00-09:00,1,0,0
หน้าพิพิธภัณฑ์เด็ก,กำแพงเพชร4,4,09:00-16:00,1,0,0
หน้าพิพิธภัณฑ์เด็ก,กำแพงเพชร4,4,16:00-19:00,1,0,0
หน้าพีเพิ่ลปาร์ค,อ่อนนุช,1,07:00-09:00,0,0,1
หน้าพีเพิ่ลปาร์ค,อ่อนนุช,1,09:00-17:00,0,0,1
หน้าพีเพิ่ลปาร์ค,อ่อนนุช,1,17:00-19:00,0,0,1
หน้าพุทธสมาคมแห่งประเทศไทย,พระอาทิตย์,1,07:00-09:00,1,0,0
หน้าพุทธสมาคมแห่งประเทศไทย,พระอาทิตย์,1,09:00-16:00,1,0,0
หน้าพุทธสมาคมแห่งประเทศไทย,พระอาทิตย์,1,16:00-19:00,1,0,0
หน้าม.ธรรมศาสตร์,หน้าพระธาตุ,1,07:00-09:00,1,0,0
หน้าม.ธรรมศาสตร์,หน้าพระธาตุ,1,09:00-16:00,1,0,0
หน้าม.ธรรมศาสตร์,หน้าพระธาตุ,1,16:00-19:00,1,0,0
หน้าม.พระจอมเกล้าพระนครเหนือ,ทางเข้าม.พระจอมเกล้าพระนครเหนือ,2,07:00-09:00,0,0,1
หน้าม.พระจอมเกล้าพระนครเหนือ,ทางเข้าม.พระจอมเกล้าพระนครเหนือ,2,09:00-17:00,0,0,1
หน้าม.พระจอมเกล้าพระนครเหนือ,ทางเข้าม.พระจอมเกล้าพระนครเหนือ,2,17:00-19:00,0,0,1
หน้าม.พระจอมเกล้าพระนครเหนือ,พิบูลสงคราม,2,07:00-09:00,0,0,1
หน้าม.พระจอมเกล้าพระนครเหนือ,พิบูลสงคราม,2,09:00-17:00,0,0,1
หน้าม.พระจอมเกล้าพระนครเหนือ,พิบูลสงคราม,2,17:00-19:00,0,0,1
หน้าม.มหานคร,เชื่อมสัมพันธ์,3,06:30-09:00,1,0,0
หน้าม.มหานคร,เชื่อมสัมพันธ์,3,09:00-16:00,1,0,0
หน้าม.มหานคร,เชื่อมสัมพันธ์,3,16:00-19:30,1,0,0
หน้าม.ราชภัฏวไลยอลงกรณ์,เพชรบุรี,3,07:00-09:00,0,1,0
หน้าม.ราชภัฏวไลยอลงกรณ์,เพชรบุรี,3,09:00-16:00,0,1,0
หน้าม.ราชภัฏวไลยอลงกรณ์,เพชรบุรี,3,16:00-19:00,0,1,0
หน้าม.เกษตรศาสตร์,พหลโยธิน,1,07:00-09:00,1,0,0
หน้าม.เกษตรศาสตร์,พหลโยธิน,1,09:00-16:00,1,0,0
หน้าม.เกษตรศาสตร์,พหลโยธิน,1,16:00-19:00,1,0,0
หน้าม.เกษตรศาสตร์,พหลโยธิน,2,07:00-09:00,1,0,0
หน้าม.เกษตรศาสตร์,พหลโยธิน,2,09:00-16:00,1,0,0
หน้าม.เกษตรศาสตร์,พหลโยธิน,2,16:00-19:00,1,0,0
หน้าม.เทคโนโลยีกรุงเทพ,นราธิวาสราชนครินทร์,4,07:00-09:00,1,0,0
หน้าม.เทคโนโลยีกรุงเทพ,นราธิวาสราชนครินทร์,4,09:00-16:00,1,0,0
หน้าม.เทคโนโลยีกรุงเทพ,นราธิวาสราชนครินทร์,4,16:00-19:00,1,0,0
หน้าม.เทคโนโลยีราชมงคลพระนคร,นครสวรรค์,3,07:00-09:00,0,1,0
หน้าม.เทคโนโลยีราชมงคลพระนคร,นครสวรรค์,3,09:00-16:00,0,1,0
หน้าม.เทคโนโลยีราชมงคลพระนคร,นครสวรรค์,3,16:00-19:00,0,1,0
หน้าม.เทคโนโลยีราชมงคลวิทยาเขตเทเวศร์,สามเสน,2,07:00-09:00,0,0,1
หน้าม.เทคโนโลยีราชมงคลวิทยาเขตเทเวศร์,สามเสน,2,09:00-16:00,0,0,1
หน้าม.เทคโนโลยีราชมงคลวิทยาเขตเทเวศร์,สามเสน,2,16:00-19:00,0,0,1
หน้ามหาวิทยาลัยนวมินทราธิราช,ขาว,1,06:30-09:00,1,0,0
หน้ามหาวิทยาลัยนวมินทราธิราช,ขาว,1,09:00-16:00,1,0,0
หน้ามหาวิทยาลัยนวมินทราธิราช,ขาว,1,16:00-19:30,1,0,0
หน้ามหาวิทยาลัยศิลปากร,หน้าพระลาน,1,07:00-09:00,1,0,0
หน้ามหาวิทยาลัยศิลปากร,หน้าพระลาน,1,09:00-16:00,1,0,0
หน้ามหาวิทยาลัยศิลปากร,หน้าพระลาน,1,16:00-19:00,1,0,0
หน้ามหาวิทยาลัยสยาม,เพชรเกษม,2,07:00-09:00,1,0,0
หน้ามหาวิทยาลัยสยาม,เพชรเกษม,2,09:00-16:00,1,0,0
หน้ามหาวิทยาลัยสยาม,เพชรเกษม,2,16:00-19:00,1,0,0
หน้ามัสยิดดารุ้ลมูกร้อดรอบีน,คู้-คลองสิบ,3,07:00-09:00,0,0,1
หน้ามัสยิดดารุ้ลมูกร้อดรอบีน,คู้-คลองสิบ,3,09:00-17:00,0,0,1
หน้ามัสยิดดารุ้ลมูกร้อดรอบีน,คู้-คลองสิบ,3,17:00-19:00,0,0,1
หน้ามัสยิดอัลอิสติกอมะห์,ประชาอุทิศ,2,07:00-09:00,0,0,1
หน้ามัสยิดอัลอิสติกอมะห์,ประชาอุทิศ,2,09:00-17:00,0,0,1
หน้ามัสยิดอัลอิสติกอมะห์,ประชาอุทิศ,2,17:00-19:00,0,0,1
หน้ามาร์เก็ตเพลส,เทพรักษ์,2,07:00-09:00,0,0,1
หน้ามาร์เก็ตเพลส,เทพรักษ์,2,09:00-17:00,0,0,1
หน้ามาร์เก็ตเพลส,เทพรักษ์,2,17:00-19:00,0,0,1
หน้าร.พ.รามาธิบดี,พระรามที่6,1,07:00-09:00,0,1,0
หน้าร.พ.รามาธิบดี,พระรามที่6,1,09:00-16:00,0,1,0
หน้าร.พ.รามาธิบดี,พระรามที่6,1,16:00-19:00,0,1,0
หน้ารพ.ซีจีเอสสายไหม,เฉลิมพงษ์,4,07:00-09:00,0,0,1
หน้ารพ.ซีจีเอสสายไหม,เฉลิมพงษ์,4,09:00-17:00,0,0,1
หน้ารพ.ซีจีเอสสายไหม,เฉลิมพงษ์,4,17:00-19:00,0,0,1
หน้ารพ.บุษราคัมจิตการุณย์,สุขาภิบาล5,1,07:00-09:00,0,0,1
หน้ารพ.บุษราคัมจิตการุณย์,สุขาภิบาล5,1,09:00-17:00,0,0,1
หน้ารพ.บุษราคัมจิตการุณย์,สุขาภิบาล5,1,17:00-19:00,0,0,1
หน้ารพ.ผู้สูงอายุบางขุนเทียน,บางขุนเทียนชายทะเล,3,07:00-09:00,0,0,1
หน้ารพ.ผู้สูงอายุบางขุนเทียน,บางขุนเทียนชายทะเล,3,09:00-17:00,0,0,1
หน้ารพ.ผู้สูงอายุบางขุนเทียน,บางขุนเทียนชายทะเล,3,17:00-19:00,0,0,1
หน้ารพ.พญาไท2,พหลโยธิน,3,07:00-09:00,0,1,0
หน้ารพ.พญาไท2,พหลโยธิน,3,09:00-16:00,0,1,0
หน้ารพ.พญาไท2,พหลโยธิน,3,16:00-19:00,0,1,0
หน้ารพ.พญาไท2,พหลโยธิน,4,07:00-09:00,0,1,0
หน้ารพ.พญาไท2,พหลโยธิน,4,09:00-16:00,0,1,0
หน้ารพ.พญาไท2,พหลโยธิน,4,16:00-19:00,0,1,0
หน้ารพ.ยันฮี,จรัญสนิทวงศ์,2,07:00-09:00,0,0,1
หน้ารพ.ยันฮี,จรัญสนิทวงศ์,2,09:00-17:00,0,0,1
หน้ารพ.ยันฮี,จรัญสนิทวงศ์,2,17:00-19:00,0,0,1
หน้ารพ.รวมใจรักษ์,สุขุมวิท62,1,07:00-09:00,0,0,1
หน้ารพ.รวมใจรักษ์,สุขุมวิท62,1,09:00-17:00,0,0,1
หน้ารพ.รวมใจรักษ์,สุขุมวิท62,1,17:00-19:00,0,0,1
หน้ารพ.รามาธิบดี,พระรามที่6,2,07:00-09:00,0,1,0
หน้ารพ.รามาธิบดี,พระรามที่6,2,09:00-16:00,0,1,0
หน้ารพ.รามาธิบดี,พระรามที่6,2,16:00-19:00,0,1,0
หน้ารพ.รามาธิบดี,พระรามที่6,3,07:00-09:00,0,1,0
หน้ารพ.รามาธิบดี,พระรามที่6,3,09:00-16:00,0,1,0
หน้ารพ.รามาธิบดี,พระรามที่6,3,16:00-19:00,0,1,0
หน้ารพ.วิภาราม,พัฒนาการ,1,07:00-09:00,1,0,0
หน้ารพ.วิภาราม,พัฒนาการ,1,09:00-16:00,1,0,0
หน้ารพ.วิภาราม,พัฒนาการ,1,16:00-19:00,1,0,0
หน้ารพ.สมเด็จพระปิ่นเกล้า,สมเด็จพระเจ้าตากสิน,4,07:00-09:00,1,0,0
หน้ารพ.สมเด็จพระปิ่นเกล้า,สมเด็จพระเจ้าตากสิน,4,09:00-16:00,1,0,0
หน้ารพ.สมเด็จพระปิ่นเกล้า,สมเด็จพระเจ้าตากสิน,4,16:00-19:00,1,0,0
หน้ารพ.เวชการุณรัศม์,ทางเข้าออกรพ.เวชการุณรัศ,1,07:00-09:00,0,0,1
หน้ารพ.เวชการุณรัศม์,ทางเข้าออกรพ.เวชการุณรัศ,1,09:00-16:00,0,0,1
หน้ารพ.เวชการุณรัศม์,ทางเข้าออกรพ.เวชการุณรัศ,1,16:00-19:00,0,0,1
หน้ารพ.เวชการุณรัศม์,เลียบวารี,1,07:00-09:00,0,0,1
หน้ารพ.เวชการุณรัศม์,เลียบวารี,1,09:00-16:00,0,0,1
หน้ารพ.เวชการุณรัศม์,เลียบวารี,1,16:00-19:00,0,0,1
หน้ารร.ฝึกอาชีพกทม.,เฉลิมพระเกียรติร.9,2,07:00-09:00,0,0,1
หน้ารร.ฝึกอาชีพกทม.,เฉลิมพระเกียรติร.9,2,09:00-17:00,0,0,1
หน้ารร.ฝึกอาชีพกทม.,เฉลิมพระเกียรติร.9,2,17:00-19:00,0,0,1
หน้ารร.พิทยาลงกรณ์พิทยาคม,เลียบคลองพิทยาลงกรณ์,1,07:00-09:00,0,0,1
หน้ารร.พิทยาลงกรณ์พิทยาคม,เลียบคลองพิทยาลงกรณ์,1,09:00-17:00,0,0,1
หน้ารร.พิทยาลงกรณ์พิทยาคม,เลียบคลองพิทยาลงกรณ์,1,17:00-19:00,0,0,1
หน้ารร.วัดสุทัศน์,อุณากรรณ,1,07:00-09:00,0,0,1
หน้ารร.วัดสุทัศน์,อุณากรรณ,1,09:00-17:00,0,0,1
หน้ารร.วัดสุทัศน์,อุณากรรณ,1,17:00-19:00,0,0,1
หน้ารร.สอนขับรถแอดวานซ์,พระราม2ซอย50,2,07:00-09:00,0,0,1
หน้ารร.สอนขับรถแอดวานซ์,พระราม2ซอย50,2,09:00-17:00,0,0,1
หน้ารร.สอนขับรถแอดวานซ์,พระราม2ซอย50,2,17:00-19:00,0,0,1
หน้ารร.สุเหร่าลาดบัวขาว,เคหะร่มเกล้า,1,07:00-09:00,0,0,1
หน้ารร.สุเหร่าลาดบัวขาว,เคหะร่มเกล้า,1,09:00-17:00,0,0,1
หน้ารร.สุเหร่าลาดบัวขาว,เคหะร่มเกล้า,1,17:00-19:00,0,0,1
หน้ารร.เบญจมราชาลัย,ศิริพงษ์,1,07:00-09:00,0,0,1
หน้ารร.เบญจมราชาลัย,ศิริพงษ์,1,09:00-17:00,0,0,1
หน้ารร.เบญจมราชาลัย,ศิริพงษ์,1,17:00-19:00,0,0,1
หน้ารร.โชคชัยหทัยราษฎร์,หทัยราษฎร์,1,07:00-09:00,0,0,1
หน้ารร.โชคชัยหทัยราษฎร์,หทัยราษฎร์,1,09:00-17:00,0,0,1
หน้ารร.โชคชัยหทัยราษฎร์,หทัยราษฎร์,1,17:00-19:00,0,0,1
หน้ารัฐสภา,อู่ทองใน,3,07:00-09:00,1,0,0
หน้ารัฐสภา,อู่ทองใน,3,09:00-16:00,1,0,0
หน้ารัฐสภา,อู่ทองใน,3,16:00-19:00,1,0,0
หน้ารัฐสภาใหม่,รัชดาภิเษก,3,07:00-09:00,0,1,0
หน้ารัฐสภาใหม่,รัชดาภิเษก,3,09:00-16:00,0,1,0
หน้ารัฐสภาใหม่,รัชดาภิเษก,3,16:00-19:00,0,1,0
หน้ารัฐสภาใหม่,สามเสน,3,07:00-09:00,0,1,0
หน้ารัฐสภาใหม่,สามเสน,3,09:00-16:00,0,1,0
หน้ารัฐสภาใหม่,สามเสน,3,16:00-19:00,0,1,0
หน้าราชตฤณมัยสมาคม,พิษณุโลก,3,07:00-09:00,0,1,0
หน้าราชตฤณมัยสมาคม,พิษณุโลก,3,09:00-16:00,0,1,0
หน้าราชตฤณมัยสมาคม,พิษณุโลก,3,16:00-19:00,0,1,0
หน้าราชนาวีสโมสร,มหาราช,1,07:00-09:00,1,0,0
หน้าราชนาวีสโมสร,มหาราช,1,09:00-16:00,1,0,0
หน้าราชนาวีสโมสร,มหาราช,1,16:00-19:00,1,0,0
หน้าร้านDentoLighting,เจริญราษฎร์,1,07:00-09:00,0,0,1
หน้าร้านDentoLighting,เจริญราษฎร์,1,09:00-17:00,0,0,1
หน้าร้านDentoLighting,เจริญราษฎร์,1,17:00-19:00,0,0,1
หน้าร้านMoonlightGarden,ทวีวัฒนา-กาญจนาภิเษก,3,07:00-09:00,0,0,1
หน้าร้านMoonlightGarden,ทวีวัฒนา-กาญจนาภิเษก,3,09:00-17:00,0,0,1
หน้าร้านMoonlightGarden,ทวีวัฒนา-กาญจนาภิเษก,3,17:00-19:00,0,0,1
หน้าวชิระพยาบาล,สามเสน,3,07:00-09:00,0,1,0
หน้าวชิระพยาบาล,สามเสน,3,09:00-16:00,0,1,0
หน้าวชิระพยาบาล,สามเสน,3,16:00-19:00,0,1,0
หน้าวัดชัยมงคล,พระรามที่1,3,07:00-09:00,0,1,0
หน้าวัดชัยมงคล,พระรามที่1,3,09:00-16:00,0,1,0
หน้าวัดชัยมงคล,พระรามที่1,3,16:00-19:00,0,1,0
หน้าวัดดิสานุการาม,วรจักร,3,07:00-09:00,0,1,0
หน้าวัดดิสานุการาม,วรจักร,3,09:00-16:00,0,1,0
หน้าวัดดิสานุการาม,วรจักร,3,16:00-19:00,0,1,0
หน้าวัดบรมนิวาสราชวรวิหาร,พระรามที่6,4,07:00-09:00,0,0,1
หน้าวัดบรมนิวาสราชวรวิหาร,พระรามที่6,4,09:00-16:00,0,0,1
หน้าวัดบรมนิวาสราชวรวิหาร,พระรามที่6,4,16:00-19:00,0,0,1
หน้าวัดบึงทองหลาง,ซอยลาดพร้าว101,1,07:00-09:00,0,1,0
หน้าวัดบึงทองหลาง,ซอยลาดพร้าว101,1,09:00-16:00,0,1,0
หน้าวัดบึงทองหลาง,ซอยลาดพร้าว101,1,16:00-19:00,0,1,0
หน้าวัดพระศรีมหาธาตุวรวิหาร,พหลโยธิน,1,07:00-09:00,1,0,0
หน้าวัดพระศรีมหาธาตุวรวิหาร,พหลโยธิน,1,09:00-16:00,1,0,0
หน้าวัดพระศรีมหาธาตุวรวิหาร,พหลโยธิน,1,16:00-19:00,1,0,0
หน้าวัดพระศรีมหาธาตุฯ,พหลโยธิน,2,07:00-09:00,1,0,0
หน้าวัดพระศรีมหาธาตุฯ,พหลโยธิน,2,09:00-16:00,1,0,0
หน้าวัดพระศรีมหาธาตุฯ,พหลโยธิน,2,16:00-19:00,1,0,0
หน้าวัดมหรรณพาราม,ตะนาว,1,07:00-09:00,1,1,0
หน้าวัดมหรรณพาราม,ตะนาว,1,09:00-16:00,1,1,0
หน้าวัดมหรรณพาราม,ตะนาว,1,16:00-19:00,1,1,0
หน้าวัดมหรรณพาราม,ตะนาว,4,07:00-09:00,1,0,0
หน้าวัดมหรรณพาราม,ตะนาว,4,09:00-16:00,1,0,0
หน้าวัดมหรรณพาราม,ตะนาว,4,16:00-19:00,1,0,0
หน้าวัดมังกรกมลาวาส,เจริญกรุง,3,07:00-09:00,1,0,0
หน้าวัดมังกรกมลาวาส,เจริญกรุง,3,09:00-16:00,1,0,0
หน้าวัดมังกรกมลาวาส,เจริญกรุง,3,16:00-19:00,1,0,0
หน้าวัดมังกรฯ,เจริญกรุง,4,07:00-09:00,0,0,1
หน้าวัดมังกรฯ,เจริญกรุง,4,09:00-17:00,0,0,1
หน้าวัดมังกรฯ,เจริญกรุง,4,17:00-19:00,0,0,1
หน้าวัดราชบุรณราชวรวิหาร,จักรเพชร,1,07:00-09:00,0,0,1
หน้าวัดราชบุรณราชวรวิหาร,จักรเพชร,1,09:00-17:00,0,0,1
หน้าวัดราชบุรณราชวรวิหาร,จักรเพชร,1,17:00-19:00,0,0,1
หน้าวัดลครทำ,อิสรภาพ,2,07:00-09:00,0,0,1
หน้าวัดลครทำ,อิสรภาพ,2,09:00-17:00,0,0,1
หน้าวัดลครทำ,อิสรภาพ,2,17:00-19:00,0,0,1
หน้าวัดศรีนวล,หนองแขม-วัดศรีนวล,1,07:00-09:00,0,0,1
หน้าวัดศรีนวล,หนองแขม-วัดศรีนวล,1,09:00-17:00,0,0,1
หน้าวัดศรีนวล,หนองแขม-วัดศรีนวล,1,17:00-19:00,0,0,1
หน้าวัดสามง่าม,คู้-คลองสิบ,3,07:00-09:00,0,0,1
หน้าวัดสามง่าม,คู้-คลองสิบ,3,09:00-17:00,0,0,1
หน้าวัดสามง่าม,คู้-คลองสิบ,3,17:00-19:00,0,0,1
หน้าวัดสีกัน,สรงประภา,4,07:00-09:00,2,0,0
หน้าวัดสีกัน,สรงประภา,4,09:00-16:00,2,0,0
หน้าวัดสีกัน,สรงประภา,4,16:00-19:00,2,0,0
หน้าวัดสุทัศน์,บำรุงเมือง,1,07:00-09:00,1,0,0
หน้าวัดสุทัศน์,บำรุงเมือง,1,09:00-16:00,1,0,0
หน้าวัดสุทัศน์,บำรุงเมือง,1,16:00-19:00,1,0,0
หน้าวัดอมรินทรารามวิหาร,พระนเรศวรมหาราช,4,07:00-09:00,0,0,1
หน้าวัดอมรินทรารามวิหาร,พระนเรศวรมหาราช,4,09:00-17:00,0,0,1
หน้าวัดอมรินทรารามวิหาร,พระนเรศวรมหาราช,4,17:00-19:00,0,0,1
หน้าวัดอยู่ดีบำรุงธรรม,เพิ่มสิน,2,07:00-09:00,1,0,0
หน้าวัดอยู่ดีบำรุงธรรม,เพิ่มสิน,2,09:00-16:00,1,0,0
หน้าวัดอยู่ดีบำรุงธรรม,เพิ่มสิน,2,16:00-19:00,1,0,0
หน้าวัดเจ้าอาม,บางขุนนนท์,1,07:00-09:00,0,0,1
หน้าวัดเจ้าอาม,บางขุนนนท์,1,09:00-16:00,0,0,1
หน้าวัดเจ้าอาม,บางขุนนนท์,1,16:00-19:00,0,0,1
หน้าวัดเทพธิดาราม,มหาไชย,4,07:00-09:00,1,0,0
หน้าวัดเทพธิดาราม,มหาไชย,4,09:00-16:00,1,0,0
หน้าวัดเทพธิดาราม,มหาไชย,4,16:00-19:00,1,0,0
หน้าวัดเทพศิรินทร์,หลวง,3,07:00-09:00,0,1,0
หน้าวัดเทพศิรินทร์,หลวง,3,09:00-16:00,0,1,0
หน้าวัดเทพศิรินทร์,หลวง,3,16:00-19:00,0,1,0
หน้าวัดเบญจมบพิตร,ศรีอยุธยา,4,07:00-09:00,1,0,0
หน้าวัดเบญจมบพิตร,ศรีอยุธยา,4,09:00-16:00,1,0,0
หน้าวัดเบญจมบพิตร,ศรีอยุธยา,4,16:00-19:00,1,0,0
หน้าวัดเสาหินซอยวงศ์สว่าง3,วงศ์สว่าง,3,07:00-09:00,0,1,0
หน้าวัดเสาหินซอยวงศ์สว่าง3,วงศ์สว่าง,3,09:00-16:00,0,1,0
หน้าวัดเสาหินซอยวงศ์สว่าง3,วงศ์สว่าง,3,16:00-19:00,0,1,0
หน้าวัดโพธิ์เรียง,จรัญสนิทวงศ์,4,07:00-09:00,2,0,0
หน้าวัดโพธิ์เรียง,จรัญสนิทวงศ์,4,09:00-16:00,2,0,0
หน้าวัดโพธิ์เรียง,จรัญสนิทวงศ์,4,16:00-19:00,2,0,0
หน้าวัดใหม่ยายมอญ,สุทธาวาส,1,07:00-09:00,0,0,1
หน้าวัดใหม่ยายมอญ,สุทธาวาส,1,09:00-16:00,0,0,1
หน้าวัดใหม่ยายมอญ,สุทธาวาส,1,16:00-19:00,0,0,1
หน้าวิทยาลัยพยาบาลตำรวจ,อังรีดูนังต์,4,07:00-09:00,1,0,0
หน้าวิทยาลัยพยาบาลตำรวจ,อังรีดูนังต์,4,09:00-16:00,1,0,0
หน้าวิทยาลัยพยาบาลตำรวจ,อังรีดูนังต์,4,16:00-19:00,1,0,0
หน้าวิทยาลัยเทคนิคกาญจนาภิเษกมหานคร,คุ้มเกล้า,1,07:00-09:00,0,0,2
หน้าวิทยาลัยเทคนิคกาญจนาภิเษกมหานคร,คุ้มเกล้า,1,09:00-17:00,0,0,2
หน้าวิทยาลัยเทคนิคกาญจนาภิเษกมหานคร,คุ้มเกล้า,1,17:00-19:00,0,0,2
หน้าวิทยาลัยเทคนิคดอนเมือง,สรงประภา,4,07:00-09:00,2,0,0
หน้าวิทยาลัยเทคนิคดอนเมือง,สรงประภา,4,09:00-16:00,2,0,0
หน้าวิทยาลัยเทคนิคดอนเมือง,สรงประภา,4,16:00-19:00,2,0,0
หน้าวิทยาลัยเทคโนโลยีฐานเทคโนโลยี,พรมแดน,1,07:00-09:00,0,0,1
หน้าวิทยาลัยเทคโนโลยีฐานเทคโนโลยี,พรมแดน,1,09:00-17:00,0,0,1
หน้าวิทยาลัยเทคโนโลยีฐานเทคโนโลยี,พรมแดน,1,17:00-19:00,0,0,1
หน้าศรีย่านทันตแพทย์,นครไชยศรี,3,07:00-09:00,0,1,0
หน้าศรีย่านทันตแพทย์,นครไชยศรี,3,09:00-16:00,0,1,0
หน้าศรีย่านทันตแพทย์,นครไชยศรี,3,16:00-19:00,0,1,0
หน้าศาลรัฐธรรมนูญ,จักรเพชร,1,07:00-09:00,0,0,1
หน้าศาลรัฐธรรมนูญ,จักรเพชร,1,09:00-17:00,0,0,1
หน้าศาลรัฐธรรมนูญ,จักรเพชร,1,17:00-19:00,0,0,1
หน้าศาสนสถานวัดซิกข์,จักรเพชร,2,07:00-09:00,0,0,1
หน้าศาสนสถานวัดซิกข์,จักรเพชร,2,09:00-16:00,0,0,1
หน้าศาสนสถานวัดซิกข์,จักรเพชร,2,16:00-19:00,0,0,1
หน้าศูนย์การค้าไทยโก้,หลวงแพ่ง,2,07:00-09:00,0,0,1
หน้าศูนย์การค้าไทยโก้,หลวงแพ่ง,2,09:00-17:00,0,0,1
หน้าศูนย์การค้าไทยโก้,หลวงแพ่ง,2,17:00-19:00,0,0,1
หน้าศูนย์มาสด้าพระราม7,พิบูลสงคราม,4,07:00-09:00,0,0,1
หน้าศูนย์มาสด้าพระราม7,พิบูลสงคราม,4,09:00-17:00,0,0,1
หน้าศูนย์มาสด้าพระราม7,พิบูลสงคราม,4,17:00-19:00,0,0,1
หน้าศูนย์ราชการกระทรวงมหาดไทย,เจริญนคร,2,07:00-09:00,0,0,1
หน้าศูนย์ราชการกระทรวงมหาดไทย,เจริญนคร,2,09:00-17:00,0,0,1
หน้าศูนย์ราชการกระทรวงมหาดไทย,เจริญนคร,2,17:00-19:00,0,0,1
หน้าศูนย์สาธารณสุข48,เลียบคลองภาษีเจริญฝั่งเหนือ,2,07:00-09:00,1,0,0
หน้าศูนย์สาธารณสุข48,เลียบคลองภาษีเจริญฝั่งเหนือ,2,09:00-16:00,1,0,0
หน้าศูนย์สาธารณสุข48,เลียบคลองภาษีเจริญฝั่งเหนือ,2,16:00-19:00,1,0,0
หน้าศูนย์สาธารณสุข48,เลียบคลองภาษีเจริญฝั่งเหนือ,4,07:00-09:00,0,0,1
หน้าศูนย์สาธารณสุข48,เลียบคลองภาษีเจริญฝั่งเหนือ,4,09:00-17:00,0,0,1
หน้าศูนย์สาธารณสุข48,เลียบคลองภาษีเจริญฝั่งเหนือ,4,17:00-19:00,0,0,1
หน้าศูนย์ฮอนด้า,พญาไท,3,07:00-09:00,0,1,0
หน้าศูนย์ฮอนด้า,พญาไท,3,09:00-16:00,0,1,0
หน้าศูนย์ฮอนด้า,พญาไท,3,16:00-19:00,0,1,0
หน้าศูนย์โตโยต้าภูมิพัฒนา,เลียบวารี,2,07:00-09:00,0,0,1
หน้าศูนย์โตโยต้าภูมิพัฒนา,เลียบวารี,2,09:00-17:00,0,0,1
หน้าศูนย์โตโยต้าภูมิพัฒนา,เลียบวารี,2,17:00-19:00,0,0,1
หน้าสถานฑูตญี่ปุ่น,วิทยุ,2,07:00-09:00,1,0,0
หน้าสถานฑูตญี่ปุ่น,วิทยุ,2,09:00-16:00,1,0,0
หน้าสถานฑูตญี่ปุ่น,วิทยุ,2,16:00-19:00,1,0,0
หน้าสถานทูตสหรัฐอเมริกา,วิทยุ,2,07:00-09:00,1,0,0
หน้าสถานทูตสหรัฐอเมริกา,วิทยุ,2,09:00-16:00,1,0,0
หน้าสถานทูตสหรัฐอเมริกา,วิทยุ,2,16:00-19:00,1,0,0
หน้าสถานี3718วงเวียนใหญ่,กรุงธนบุรี,4,09:00-16:00,1,0,0
หน้าสถานี3718วงเวียนใหญ่,กรุงธนบุรี,4,16:00-19:00,1,0,0
หน้าสถานีBTSวงเวียนใหญ่,กรุงธนบุรี,4,07:00-09:00,1,0,0
หน้าสถานีดับเพลิงธนบุรี,ถนนอินทรพิทักษ์,4,07:00-09:00,1,0,0
หน้าสถานีดับเพลิงธนบุรี,ถนนอินทรพิทักษ์,4,09:00-16:00,1,0,0
หน้าสถานีดับเพลิงธนบุรี,ถนนอินทรพิทักษ์,4,16:00-19:00,1,0,0
หน้าสถานีดับเพลิงธนบุรี,อินทรพิทักษ์,4,07:00-09:00,1,0,0
หน้าสถานีดับเพลิงธนบุรี,อินทรพิทักษ์,4,09:00-16:00,1,0,0
หน้าสถานีดับเพลิงธนบุรี,อินทรพิทักษ์,4,16:00-19:00,1,0,0
หน้าสถานีดับเพลิงปากคลองสาน,เจริญนคร,4,07:00-09:00,2,0,0
หน้าสถานีดับเพลิงปากคลองสาน,เจริญนคร,4,09:00-16:00,2,0,0
หน้าสถานีดับเพลิงปากคลองสาน,เจริญนคร,4,16:00-19:00,2,0,0
หน้าสถานีตำรวจนครบาลบุคคโล,เจริญนคร,4,07:00-09:00,1,0,0
หน้าสถานีตำรวจนครบาลบุคคโล,เจริญนคร,4,09:00-16:00,1,0,0
หน้าสถานีตำรวจนครบาลบุคคโล,เจริญนคร,4,16:00-19:00,1,0,0
หน้าสถานีเดินรถโดยสารขนาดเล็ก,กำแพงเพชร2,1,07:00-09:00,1,0,0
หน้าสถานีเดินรถโดยสารขนาดเล็ก,กำแพงเพชร2,1,09:00-16:00,1,0,0
หน้าสถานีเดินรถโดยสารขนาดเล็ก,กำแพงเพชร2,1,16:00-19:00,1,0,0
หน้าสถานเสาวภาสภากาชาดไทย,พระรามที่4,2,07:00-09:00,0,0,1
หน้าสถานเสาวภาสภากาชาดไทย,พระรามที่4,2,09:00-17:00,0,0,1
หน้าสถานเสาวภาสภากาชาดไทย,พระรามที่4,2,17:00-19:00,0,0,1
หน้าสถานเอกอัครฑูตอิหร่าน,ซอยสุขุมวิท49/11,3,06:30-09:00,1,0,0
หน้าสถานเอกอัครฑูตอิหร่าน,ซอยสุขุมวิท49/11,3,09:00-16:00,1,0,0
หน้าสถานเอกอัครฑูตอิหร่าน,ซอยสุขุมวิท49/11,3,16:00-19:30,1,0,0
หน้าสถานเอกอัครราชทูตฟิลิปปินส์,สุขุมวิท,3,07:00-09:00,1,0,0
หน้าสถานเอกอัครราชทูตฟิลิปปินส์,สุขุมวิท,3,09:00-16:00,1,0,0
หน้าสถานเอกอัครราชทูตฟิลิปปินส์,สุขุมวิท,3,16:00-19:00,1,0,0
หน้าสถานเอกอัครราชทูตอเมริกา,วิทยุ,4,07:00-09:00,0,0,1
หน้าสถานเอกอัครราชทูตอเมริกา,วิทยุ,4,09:00-17:00,0,0,1
หน้าสถานเอกอัครราชทูตอเมริกา,วิทยุ,4,17:00-19:00,0,0,1
หน้าสถาบันสุขภาพเด็กฯ,ราชวิถี,3,07:00-09:00,0,0,1
หน้าสถาบันสุขภาพเด็กฯ,ราชวิถี,3,09:00-17:00,0,0,1
หน้าสถาบันสุขภาพเด็กฯ,ราชวิถี,3,17:00-19:00,0,0,1
หน้าสถาบันโรคไตฯ,พญาไท,4,07:00-09:00,0,0,1
หน้าสถาบันโรคไตฯ,พญาไท,4,09:00-17:00,0,0,1
หน้าสถาบันโรคไตฯ,พญาไท,4,17:00-19:00,0,0,1
หน้าสนามกีฬาศุภชลาศัย,พระรามที่1,3,07:00-09:00,0,1,0
หน้าสนามกีฬาศุภชลาศัย,พระรามที่1,3,09:00-16:00,0,1,0
หน้าสนามกีฬาศุภชลาศัย,พระรามที่1,3,16:00-19:00,0,1,0
หน้าสภากาชาดไทย,อังรีดูนังต์,2,07:00-09:00,0,1,0
หน้าสภากาชาดไทย,อังรีดูนังต์,2,09:00-16:00,0,1,0
หน้าสภากาชาดไทย,อังรีดูนังต์,2,16:00-19:00,0,1,0
หน้าสมาคมมิตรภาพบางแค,พุทธมณฑลสาย1,2,07:00-09:00,1,0,0
หน้าสมาคมมิตรภาพบางแค,พุทธมณฑลสาย1,2,09:00-16:00,1,0,0
หน้าสมาคมมิตรภาพบางแค,พุทธมณฑลสาย1,2,16:00-19:00,1,0,0
หน้าสยามเซ็นเตอร์,พระรามที่1,3,07:00-09:00,0,1,0
หน้าสยามเซ็นเตอร์,พระรามที่1,3,09:00-16:00,0,1,0
หน้าสยามเซ็นเตอร์,พระรามที่1,3,16:00-19:00,0,1,0
หน้าสวนดุสิต,พระรามที่5,4,07:00-09:00,1,0,0
หน้าสวนดุสิต,พระรามที่5,4,09:00-16:00,1,0,0
หน้าสวนดุสิต,พระรามที่5,4,16:00-19:00,1,0,0
หน้าสวนธนบุรีรมณ์,ทางเข้าออกสวนธนบุรีรมณ์,4,07:00-09:00,0,0,1
หน้าสวนธนบุรีรมณ์,ทางเข้าออกสวนธนบุรีรมณ์,4,09:00-17:00,0,0,1
หน้าสวนธนบุรีรมณ์,ทางเข้าออกสวนธนบุรีรมณ์,4,17:00-19:00,0,0,1
หน้าสวนธนบุรีรมณ์,พุทธบูชา,4,07:00-09:00,0,0,1
หน้าสวนธนบุรีรมณ์,พุทธบูชา,4,09:00-17:00,0,0,1
หน้าสวนธนบุรีรมณ์,พุทธบูชา,4,17:00-19:00,0,0,1
หน้าสวนสัตว์ดุสิต,ราชวิถี,4,07:00-09:00,1,0,0
หน้าสวนสัตว์ดุสิต,ราชวิถี,4,09:00-16:00,1,0,0
หน้าสวนสัตว์ดุสิต,ราชวิถี,4,16:00-19:00,1,0,0
หน้าสวนสัตว์ดุสิต,อู่ทองใน,1,07:00-09:00,1,0,0
หน้าสวนสัตว์ดุสิต,อู่ทองใน,1,09:00-16:00,1,0,0
หน้าสวนสัตว์ดุสิต,อู่ทองใน,1,16:00-19:00,1,0,0
หน้าสวนสัตว์ดุสิต,อู่ทองใน,4,07:00-09:00,1,0,0
หน้าสวนสัตว์ดุสิต,อู่ทองใน,4,09:00-16:00,1,0,0
หน้าสวนสัตว์ดุสิต,อู่ทองใน,4,16:00-19:00,1,0,0
หน้าสวนอาหารปีกไม้,พุทธมณฑลสาย2,3,07:00-09:00,0,0,1
หน้าสวนอาหารปีกไม้,พุทธมณฑลสาย2,3,09:00-17:00,0,0,1
หน้าสวนอาหารปีกไม้,พุทธมณฑลสาย2,3,17:00-19:00,0,0,1
หน้าสำนักงานขนส่งทางบกพื้นที่1,บางขุนเทียน-ชายทะเล,2,07:00-09:00,1,0,0
หน้าสำนักงานขนส่งทางบกพื้นที่1,บางขุนเทียน-ชายทะเล,2,09:00-16:00,1,0,0
หน้าสำนักงานขนส่งทางบกพื้นที่1,บางขุนเทียน-ชายทะเล,2,16:00-19:00,1,0,0
หน้าสำนักงานชนส่งพื้นที1,บางขุนเทียนชายทะเล,1,07:00-09:00,1,0,0
หน้าสำนักงานชนส่งพื้นที1,บางขุนเทียนชายทะเล,1,09:00-16:00,1,0,0
หน้าสำนักงานชนส่งพื้นที1,บางขุนเทียนชายทะเล,1,16:00-19:00,1,0,0
หน้าสำนักงานบำรุงรักษาสะพานพระพุทธยอดฟ้าฯ,สะพานพุทธ,1,07:00-09:00,0,0,1
หน้าสำนักงานบำรุงรักษาสะพานพระพุทธยอดฟ้าฯ,สะพานพุทธ,1,09:00-17:00,0,0,1
หน้าสำนักงานบำรุงรักษาสะพานพระพุทธยอดฟ้าฯ,สะพานพุทธ,1,17:00-19:00,0,0,1
หน้าสำนักงานเขตคลองสามวา,เลียบคลองสอง,2,07:00-09:00,1,0,0
หน้าสำนักงานเขตคลองสามวา,เลียบคลองสอง,2,09:00-16:00,1,0,0
หน้าสำนักงานเขตคลองสามวา,เลียบคลองสอง,2,16:00-19:00,1,0,0
หน้าสำนักงานเขตสวนหลวง,พัฒนาการ,3,07:00-09:00,0,2,0
หน้าสำนักงานเขตสวนหลวง,พัฒนาการ,3,09:00-16:00,0,2,0
หน้าสำนักงานเขตสวนหลวง,พัฒนาการ,3,16:00-19:00,0,2,0
หน้าสำนักงานเขตหนองจอก,ประชาสำราญ,3,07:00-09:00,0,0,1
หน้าสำนักงานเขตหนองจอก,ประชาสำราญ,3,09:00-16:00,0,0,1
หน้าสำนักงานเขตหนองจอก,ประชาสำราญ,3,16:00-19:00,0,0,1
หน้าสำนักงานเขตหนองจอก,สังฆสันติสุข,3,07:00-09:00,0,0,1
หน้าสำนักงานเขตหนองจอก,สังฆสันติสุข,3,09:00-16:00,0,0,1
หน้าสำนักงานเขตหนองจอก,สังฆสันติสุข,3,16:00-19:00,0,0,1
หน้าสำนักงานเขตหนองจอก,เชื่อมสัมพันธ์,3,07:00-09:00,0,0,1
หน้าสำนักงานเขตหนองจอก,เชื่อมสัมพันธ์,3,09:00-16:00,0,0,1
หน้าสำนักงานเขตหนองจอก,เชื่อมสัมพันธ์,3,16:00-19:00,0,0,1
หน้าสำนักงานเขตหนองจอก,เลียบวารี,3,07:00-09:00,0,0,1
หน้าสำนักงานเขตหนองจอก,เลียบวารี,3,09:00-16:00,0,0,1
หน้าสำนักงานเขตหนองจอก,เลียบวารี,3,16:00-19:00,0,0,1
หน้าหจก.ชาลีแสงแดง,หลวงแพ่ง,1,07:00-09:00,0,0,1
หน้าหจก.ชาลีแสงแดง,หลวงแพ่ง,1,09:00-17:00,0,0,1
หน้าหจก.ชาลีแสงแดง,หลวงแพ่ง,1,17:00-19:00,0,0,1
หน้าหมู่บ้านฉัตรหลวง(ราษฎร์อุทิศ54),เลียบวารี,1,07:00-09:00,0,0,1
หน้าหมู่บ้านฉัตรหลวง(ราษฎร์อุทิศ54),เลียบวารี,1,09:00-17:00,0,0,1
หน้าหมู่บ้านฉัตรหลวง(ราษฎร์อุทิศ54),เลียบวารี,1,17:00-19:00,0,0,1
หน้าหมู่บ้านชัยพฤกษ์,พระยาสุเรนทร์30,4,07:00-09:00,0,0,1
หน้าหมู่บ้านชัยพฤกษ์,พระยาสุเรนทร์30,4,09:00-16:00,0,0,1
หน้าหมู่บ้านชัยพฤกษ์,พระยาสุเรนทร์30,4,16:00-19:00,0,0,1
หน้าหมู่บ้านนันทวัน10(ซอยเลียบวารี37),เลียบวารี,1,07:00-09:00,0,0,1
หน้าหมู่บ้านนันทวัน10(ซอยเลียบวารี37),เลียบวารี,1,09:00-17:00,0,0,1
หน้าหมู่บ้านนันทวัน10(ซอยเลียบวารี37),เลียบวารี,1,17:00-19:00,0,0,1
หน้าหมู่บ้านนันทวัน5(ซอยเลียบวารี11),เลียบวารี,1,07:00-09:00,0,0,1
หน้าหมู่บ้านนันทวัน5(ซอยเลียบวารี11),เลียบวารี,1,09:00-17:00,0,0,1
หน้าหมู่บ้านนันทวัน5(ซอยเลียบวารี11),เลียบวารี,1,17:00-19:00,0,0,1
หน้าหมู่บ้านประภาทรัพย์,เจริญพัฒนา,4,07:00-09:00,0,0,1
หน้าหมู่บ้านประภาทรัพย์,เจริญพัฒนา,4,09:00-16:00,0,0,1
หน้าหมู่บ้านประภาทรัพย์,เจริญพัฒนา,4,16:00-19:00,0,0,1
หน้าหมู่บ้านพรทิพา4,หนองแขม-วัดศรีนวล,1,07:00-09:00,0,0,1
หน้าหมู่บ้านพรทิพา4,หนองแขม-วัดศรีนวล,1,09:00-17:00,0,0,1
หน้าหมู่บ้านพรทิพา4,หนองแขม-วัดศรีนวล,1,17:00-19:00,0,0,1
หน้าหมู่บ้านพฤกษ์ภิรมย์,แบริ่งลาซาล,1,07:00-09:00,0,0,1
หน้าหมู่บ้านพฤกษ์ภิรมย์,แบริ่งลาซาล,1,09:00-17:00,0,0,1
หน้าหมู่บ้านพฤกษ์ภิรมย์,แบริ่งลาซาล,1,17:00-19:00,0,0,1
หน้าหมู่บ้านมหาดไทย1,พุทธมณฑลสาย1,2,07:00-09:00,1,0,0
หน้าหมู่บ้านมหาดไทย1,พุทธมณฑลสาย1,2,09:00-16:00,1,0,0
หน้าหมู่บ้านมหาดไทย1,พุทธมณฑลสาย1,2,16:00-19:00,1,0,0
หน้าหมู่บ้านสุชา2,ทวีวัฒนา,1,07:00-09:00,0,0,1
หน้าหมู่บ้านสุชา2,ทวีวัฒนา,1,09:00-17:00,0,0,1
หน้าหมู่บ้านสุชา2,ทวีวัฒนา,1,17:00-19:00,0,0,1
หน้าหมู่บ้านอมรทรัพย์1(ซอยเลียบวารี25),เลียบวารี,1,07:00-09:00,0,0,1
หน้าหมู่บ้านอมรทรัพย์1(ซอยเลียบวารี25),เลียบวารี,1,09:00-17:00,0,0,1
หน้าหมู่บ้านอมรทรัพย์1(ซอยเลียบวารี25),เลียบวารี,1,17:00-19:00,0,0,1
หน้าหมู่บ้านเค.ซี.การ์เด้นใกล้นิมิตใหม่40,นิมิตใหม่,2,07:00-09:00,1,0,0
หน้าหมู่บ้านเค.ซี.การ์เด้นใกล้นิมิตใหม่40,นิมิตใหม่,2,09:00-16:00,1,0,0
หน้าหมู่บ้านเค.ซี.การ์เด้นใกล้นิมิตใหม่40,นิมิตใหม่,2,16:00-19:00,1,0,0
หน้าหมู่บ้านเพชรเกษม4,ทวีวัฒนา,1,07:00-09:00,0,0,1
หน้าหมู่บ้านเพชรเกษม4,ทวีวัฒนา,1,09:00-17:00,0,0,1
หน้าหมู่บ้านเพชรเกษม4,ทวีวัฒนา,1,17:00-19:00,0,0,1
หน้าหมู่บ้านเพชรเกษม4,พุทธมณฑลสาย3,3,07:00-09:00,0,0,1
หน้าหมู่บ้านเพชรเกษม4,พุทธมณฑลสาย3,3,09:00-17:00,0,0,1
หน้าหมู่บ้านเพชรเกษม4,พุทธมณฑลสาย3,3,17:00-19:00,0,0,1
หน้าหมู่บ้านเพิ่มทรัพย์,เทอดไท,2,07:00-09:00,0,0,1
หน้าหมู่บ้านเพิ่มทรัพย์,เทอดไท,2,09:00-17:00,0,0,1
หน้าหมู่บ้านเพิ่มทรัพย์,เทอดไท,2,17:00-19:00,0,0,1
หน้าหมู่บ้านเอื้ออาทรลาดกระบัง2,ประชาพัฒนา,2,07:00-09:00,0,0,1
หน้าหมู่บ้านเอื้ออาทรลาดกระบัง2,ประชาพัฒนา,2,09:00-17:00,0,0,1
หน้าหมู่บ้านเอื้ออาทรลาดกระบัง2,ประชาพัฒนา,2,17:00-19:00,0,0,1
หน้าหอประชุมกองทัพอากาศ,พหลโยธิน,4,07:00-09:00,1,0,0
หน้าหอประชุมกองทัพอากาศ,พหลโยธิน,4,09:00-16:00,1,0,0
หน้าหอประชุมกองทัพอากาศ,พหลโยธิน,4,16:00-19:00,1,0,0
หน้าหอสมุดพระจอมเกล้าฯลาดกระบัง,ฉลองกรุง,4,07:00-09:00,0,0,1
หน้าหอสมุดพระจอมเกล้าฯลาดกระบัง,ฉลองกรุง,4,09:00-16:00,0,0,1
หน้าหอสมุดพระจอมเกล้าฯลาดกระบัง,ฉลองกรุง,4,16:00-19:00,0,0,1
หน้าห้างธัญญาพาร์ค,ศรีนครินทร์,1,07:00-09:00,0,0,1
หน้าห้างธัญญาพาร์ค,ศรีนครินทร์,1,09:00-17:00,0,0,1
หน้าห้างธัญญาพาร์ค,ศรีนครินทร์,1,17:00-19:00,0,0,1
หน้าห้างอินเดียเอ็มโพเรียม,จักรเพชร,4,07:00-09:00,0,0,1
หน้าห้างอินเดียเอ็มโพเรียม,จักรเพชร,4,09:00-17:00,0,0,1
หน้าห้างอินเดียเอ็มโพเรียม,จักรเพชร,4,17:00-19:00,0,0,1
หน้าห้างเซ็นจูรี่,รางน้ำ,3,07:00-09:00,0,0,1
หน้าห้างเซ็นจูรี่,รางน้ำ,3,09:00-17:00,0,0,1
หน้าห้างเซ็นจูรี่,รางน้ำ,3,17:00-19:00,0,0,1
หน้าห้างเดอะไนท์,พระราม9,1,07:00-09:00,1,0,0
หน้าห้างเดอะไนท์,พระราม9,1,09:00-16:00,1,0,0
หน้าห้างเดอะไนท์,พระราม9,1,16:00-19:00,1,0,0
หน้าอาคารCDGHOUSE,รัชดาภิเษก,2,07:00-09:00,0,0,1
หน้าอาคารCDGHOUSE,รัชดาภิเษก,2,09:00-17:00,0,0,1
หน้าอาคารCDGHOUSE,รัชดาภิเษก,2,17:00-19:00,0,0,1
หน้าอาคารMINTTOWER,บรรทัดทอง,2,07:00-09:00,0,0,1
หน้าอาคารMINTTOWER,บรรทัดทอง,2,09:00-17:00,0,0,1
หน้าอาคารMINTTOWER,บรรทัดทอง,2,17:00-19:00,0,0,1
หน้าอาคารจามจุรี8,พญาไท,3,06:30-09:00,1,0,0
หน้าอาคารจามจุรี8,พญาไท,3,09:00-16:00,1,0,0
หน้าอาคารจามจุรี8,พญาไท,3,16:00-19:30,1,0,0
หน้าอาคารรัฐสภาใหม่,สามเสน,3,07:00-09:00,0,1,0
หน้าอาคารรัฐสภาใหม่,สามเสน,3,09:00-16:00,0,1,0
หน้าอาคารรัฐสภาใหม่,สามเสน,3,16:00-19:00,0,1,0
หน้าอาคารสินธรทาวเวอร์,กรุงธนบุรี,4,07:00-09:00,1,0,0
หน้าอาคารสินธรทาวเวอร์,กรุงธนบุรี,4,09:00-16:00,1,0,0
หน้าอาคารสินธรทาวเวอร์,กรุงธนบุรี,4,16:00-19:00,1,0,0
หน้าอาคารสินสาธรทาวเวอร์,กรุงธนบุรี,1,07:00-09:00,1,0,0
หน้าอาคารสินสาธรทาวเวอร์,กรุงธนบุรี,1,09:00-16:00,1,0,0
หน้าอาคารสินสาธรทาวเวอร์,กรุงธนบุรี,1,16:00-19:00,1,0,0
หน้าอาคารสุขประพฤติ,ประชาชื่น,4,07:00-09:00,0,0,1
หน้าอาคารสุขประพฤติ,ประชาชื่น,4,09:00-17:00,0,0,1
หน้าอาคารสุขประพฤติ,ประชาชื่น,4,17:00-19:00,0,0,1
หน้าอาคารอปร.โรงพยาบาลจุฬาลงกรณ์,ราชดำริ,1,07:00-09:00,0,0,1
หน้าอาคารอปร.โรงพยาบาลจุฬาลงกรณ์,ราชดำริ,1,09:00-17:00,0,0,1
หน้าอาคารอปร.โรงพยาบาลจุฬาลงกรณ์,ราชดำริ,1,17:00-19:00,0,0,1
หน้าอาคารอัมรินทร์พลาซ่า,เพลินจิต,3,07:00-09:00,0,1,0
หน้าอาคารอัมรินทร์พลาซ่า,เพลินจิต,3,09:00-16:00,0,1,0
หน้าอาคารอัมรินทร์พลาซ่า,เพลินจิต,3,16:00-19:00,0,1,0
หน้าอาคารเมืองไทยภัทรคอมเพล็กซ์,รัชดาภิเษก,3,07:00-09:00,0,1,0
หน้าอาคารเมืองไทยภัทรคอมเพล็กซ์,รัชดาภิเษก,3,09:00-16:00,0,1,0
หน้าอาคารเมืองไทยภัทรคอมเพล็กซ์,รัชดาภิเษก,3,16:00-19:00,0,1,0
หน้าอาคารแปซิฟิคเรสซิเด้น,สุขุมวิท39,2,07:00-09:00,0,0,1
หน้าอาคารแปซิฟิคเรสซิเด้น,สุขุมวิท39,2,09:00-17:00,0,0,1
หน้าอาคารแปซิฟิคเรสซิเด้น,สุขุมวิท39,2,17:00-19:00,0,0,1
หน้าเขตหนองจอก,สังฆสันติสุข,1,07:00-09:00,0,0,1
หน้าเขตหนองจอก,สังฆสันติสุข,1,09:00-17:00,0,0,1
หน้าเขตหนองจอก,สังฆสันติสุข,1,17:00-19:00,0,0,1
หน้าเขตหนองจอก,เชื่อมสัมพันธ์,1,07:00-09:00,0,0,1
หน้าเขตหนองจอก,เชื่อมสัมพันธ์,1,09:00-17:00,0,0,1
หน้าเขตหนองจอก,เชื่อมสัมพันธ์,1,17:00-19:00,0,0,1
หน้าเขตหนองจอก,เลียบวารี,1,07:00-09:00,0,0,1
หน้าเขตหนองจอก,เลียบวารี,1,09:00-17:00,0,0,1
หน้าเขตหนองจอก,เลียบวารี,1,17:00-19:00,0,0,1
หน้าเซเว่นหน้าวัดปากน้ำ,รัชมงคลประสาธน์,3,07:00-09:00,0,0,1
หน้าเซเว่นหน้าวัดปากน้ำ,รัชมงคลประสาธน์,3,09:00-17:00,0,0,1
หน้าเซเว่นหน้าวัดปากน้ำ,รัชมงคลประสาธน์,3,17:00-19:00,0,0,1
หน้าเซเว่นหน้าวัดปากน้ำ,รัชมงคลประสาธน์10,3,07:00-09:00,0,0,1
หน้าเซเว่นหน้าวัดปากน้ำ,รัชมงคลประสาธน์10,3,09:00-17:00,0,0,1
หน้าเซเว่นหน้าวัดปากน้ำ,รัชมงคลประสาธน์10,3,17:00-19:00,0,0,1
หน้าเซ็นทรัลอีสวิลล์,ประดิษฐ์มนูธรรม,3,07:00-09:00,0,0,1
หน้าเซ็นทรัลอีสวิลล์,ประดิษฐ์มนูธรรม,3,09:00-17:00,0,0,1
หน้าเซ็นทรัลอีสวิลล์,ประดิษฐ์มนูธรรม,3,17:00-19:00,0,0,1
หน้าเดอะพาซิโอ,ลาดกระบัง,2,07:00-09:00,0,0,1
หน้าเดอะพาซิโอ,ลาดกระบัง,2,09:00-17:00,0,0,1
หน้าเดอะพาซิโอ,ลาดกระบัง,2,17:00-19:00,0,0,1
หน้าเทคโนโลยีกรุงเทพ,นราธิวาสราชนครินทร์,1,07:00-09:00,1,0,0
หน้าเทคโนโลยีกรุงเทพ,นราธิวาสราชนครินทร์,1,09:00-16:00,1,0,0
หน้าเทคโนโลยีกรุงเทพ,นราธิวาสราชนครินทร์,1,16:00-19:00,1,0,0
หน้าเสถียรธรรมสถาน,วัชรพล,4,07:00-09:00,0,0,1
หน้าเสถียรธรรมสถาน,วัชรพล,4,09:00-17:00,0,0,1
หน้าเสถียรธรรมสถาน,วัชรพล,4,17:00-19:00,0,0,1
หน้าแฟลตทหารเรือ,จ่าโสด,4,07:00-09:00,0,0,1
หน้าแฟลตทหารเรือ,จ่าโสด,4,09:00-16:00,0,0,1
หน้าแฟลตทหารเรือ,จ่าโสด,4,16:00-19:00,0,0,1
หน้าแฟลตทหารเรือ,ทางรถไฟสายเก่า,4,07:00-09:00,0,0,1
หน้าแฟลตทหารเรือ,ทางรถไฟสายเก่า,4,09:00-16:00,0,0,1
หน้าแฟลตทหารเรือ,ทางรถไฟสายเก่า,4,16:00-19:00,0,0,1
หน้าแฟลตทหารเรือ,ทางเข้าออกแฟลตทหารเรือ,4,07:00-09:00,0,0,1
หน้าแฟลตทหารเรือ,ทางเข้าออกแฟลตทหารเรือ,4,09:00-16:00,0,0,1
หน้าแฟลตทหารเรือ,ทางเข้าออกแฟลตทหารเรือ,4,16:00-19:00,0,0,1
หน้าแม็กแวลูคู้บอน,คู้บอน,3,07:00-09:00,0,0,1
หน้าแม็กแวลูคู้บอน,คู้บอน,3,09:00-17:00,0,0,1
หน้าแม็กแวลูคู้บอน,คู้บอน,3,17:00-19:00,0,0,1
หน้าโครงการSUNNYMARKET,สุขุมวิท105,4,07:00-09:00,1,0,0
หน้าโครงการSUNNYMARKET,สุขุมวิท105,4,09:00-16:00,1,0,0
หน้าโครงการSUNNYMARKET,สุขุมวิท105,4,16:00-19:00,1,0,0
หน้าโครงการจตุจักรกรีน,กำแพงเพชร3,4,07:00-09:00,1,0,0
หน้าโครงการจตุจักรกรีน,กำแพงเพชร3,4,09:00-16:00,1,0,0
หน้าโครงการจตุจักรกรีน,กำแพงเพชร3,4,16:00-19:00,1,0,0
หน้าโครงการลุมพินี,สุขุมวิท77,2,07:00-09:00,1,0,0
หน้าโครงการลุมพินี,สุขุมวิท77,2,09:00-16:00,1,0,0
หน้าโครงการลุมพินี,สุขุมวิท77,2,16:00-19:00,1,0,0
หน้าโครงการเมย์แฟร์เพลส,ซอยสุขุมวิท50,3,06:30-09:00,1,0,0
หน้าโครงการเมย์แฟร์เพลส,ซอยสุขุมวิท50,3,09:00-16:00,1,0,0
หน้าโครงการเมย์แฟร์เพลส,ซอยสุขุมวิท50,3,16:00-19:30,1,0,0
หน้าโครงการแคโนพีบางบอน,เอกชัย,2,07:00-09:00,1,0,0
หน้าโครงการแคโนพีบางบอน,เอกชัย,2,09:00-16:00,1,0,0
หน้าโครงการแคโนพีบางบอน,เอกชัย,2,16:00-19:00,1,0,0
หน้าโรงงานฟุตบอลไทย,ฉลองกรุง,2,07:00-09:00,0,1,0
หน้าโรงงานฟุตบอลไทย,ฉลองกรุง,2,09:00-16:00,0,1,0
หน้าโรงงานฟุตบอลไทย,ฉลองกรุง,2,16:00-19:00,0,1,0
หน้าโรงพยาบาลจุฬาลงกรณ์,ราชดำริ,1,07:00-09:00,1,0,0
หน้าโรงพยาบาลจุฬาลงกรณ์,ราชดำริ,1,09:00-16:00,1,0,0
หน้าโรงพยาบาลจุฬาลงกรณ์,ราชดำริ,1,16:00-19:00,1,0,0
หน้าโรงพยาบาลจุฬาลงกรณ์,ราชดำริ,2,07:00-09:00,1,0,0
หน้าโรงพยาบาลจุฬาลงกรณ์,ราชดำริ,2,09:00-16:00,1,0,0
หน้าโรงพยาบาลจุฬาลงกรณ์,ราชดำริ,2,16:00-19:00,1,0,0
หน้าโรงพยาบาลจุฬาลงกรณ์,ราชดำริ,3,07:00-09:00,1,0,0
หน้าโรงพยาบาลจุฬาลงกรณ์,ราชดำริ,3,09:00-16:00,1,0,0
หน้าโรงพยาบาลจุฬาลงกรณ์,ราชดำริ,3,16:00-19:00,1,0,0
หน้าโรงพยาบาลจุฬาลงกรณ์,ราชดำริ,4,07:00-09:00,1,0,0
หน้าโรงพยาบาลจุฬาลงกรณ์,ราชดำริ,4,09:00-16:00,1,0,0
หน้าโรงพยาบาลจุฬาลงกรณ์,ราชดำริ,4,16:00-19:00,1,0,0
หน้าโรงพยาบาลตำรวจ,ราชดำริ,1,07:00-09:00,1,0,0
หน้าโรงพยาบาลตำรวจ,ราชดำริ,1,09:00-16:00,1,0,0
หน้าโรงพยาบาลตำรวจ,ราชดำริ,1,16:00-19:00,1,0,0
หน้าโรงพยาบาลตำรวจ,ราชดำริ,2,07:00-09:00,1,0,0
หน้าโรงพยาบาลตำรวจ,ราชดำริ,2,09:00-16:00,1,0,0
หน้าโรงพยาบาลตำรวจ,ราชดำริ,2,16:00-19:00,1,0,0
หน้าโรงพยาบาลตำรวจ,ราชดำริ,4,07:00-09:00,1,0,0
หน้าโรงพยาบาลตำรวจ,ราชดำริ,4,09:00-16:00,1,0,0
หน้าโรงพยาบาลตำรวจ,ราชดำริ,4,16:00-19:00,1,0,0
หน้าโรงพยาบาลพญาไท2,พหลโยธิน,3,07:00-09:00,0,1,0
หน้าโรงพยาบาลพญาไท2,พหลโยธิน,3,09:00-16:00,0,1,0
หน้าโรงพยาบาลพญาไท2,พหลโยธิน,3,16:00-19:00,0,1,0
หน้าโรงพยาบาลวิภาราม,พัฒนาการ,3,07:00-09:00,0,2,0
หน้าโรงพยาบาลวิภาราม,พัฒนาการ,3,09:00-16:00,0,2,0
หน้าโรงพยาบาลวิภาราม,พัฒนาการ,3,16:00-19:00,0,2,0
หน้าโรงพยาบาลหัวเฉียว,บำรุงเมือง,3,07:00-09:00,0,0,1
หน้าโรงพยาบาลหัวเฉียว,บำรุงเมือง,3,09:00-17:00,0,0,1
หน้าโรงพยาบาลหัวเฉียว,บำรุงเมือง,3,17:00-19:00,0,0,1
หน้าโรงรับจำนำบางซื่อ,ประชาราษฎร์สาย2,4,07:00-09:00,0,0,1
หน้าโรงรับจำนำบางซื่อ,ประชาราษฎร์สาย2,4,09:00-17:00,0,0,1
หน้าโรงรับจำนำบางซื่อ,ประชาราษฎร์สาย2,4,17:00-19:00,0,0,1
หน้าโรงรับจำนำย่งฮวดเฮง,เพชรเกษม69,1,07:00-09:00,1,0,0
หน้าโรงรับจำนำย่งฮวดเฮง,เพชรเกษม69,1,09:00-16:00,1,0,0
หน้าโรงรับจำนำย่งฮวดเฮง,เพชรเกษม69,1,16:00-19:00,1,0,0
หน้าโรงละครแห่งชาติ,ราชินี,1,07:00-09:00,1,0,0
หน้าโรงละครแห่งชาติ,ราชินี,1,09:00-16:00,1,0,0
หน้าโรงละครแห่งชาติ,ราชินี,1,16:00-19:00,1,0,0
หน้าโรงเรียนกุลวรรณ,ประชาราษฎร์สาย1,4,07:00-09:00,0,0,1
หน้าโรงเรียนกุลวรรณ,ประชาราษฎร์สาย1,4,09:00-17:00,0,0,1
หน้าโรงเรียนกุลวรรณ,ประชาราษฎร์สาย1,4,17:00-19:00,0,0,1
หน้าโรงเรียนกุลวรรณศึกษา,ประชาราษฎร์สาย1,2,07:00-09:00,0,0,1
หน้าโรงเรียนกุลวรรณศึกษา,ประชาราษฎร์สาย1,2,09:00-17:00,0,0,1
หน้าโรงเรียนกุลวรรณศึกษา,ประชาราษฎร์สาย1,2,17:00-19:00,0,0,1
หน้าโรงเรียนทวีธาภิเศก,บางขุนเทียนชายทะเล,3,07:00-09:00,0,0,1
หน้าโรงเรียนทวีธาภิเศก,บางขุนเทียนชายทะเล,3,09:00-17:00,0,0,1
หน้าโรงเรียนทวีธาภิเศก,บางขุนเทียนชายทะเล,3,17:00-19:00,0,0,1
หน้าโรงเรียนนานาชาติสิงคโปร์,ราชมนตรี8,4,07:00-09:00,0,0,1
หน้าโรงเรียนนานาชาติสิงคโปร์,ราชมนตรี8,4,09:00-17:00,0,0,1
หน้าโรงเรียนนานาชาติสิงคโปร์,ราชมนตรี8,4,17:00-19:00,0,0,1
หน้าโรงเรียนนิเวศวารินทร์,เทพรักษ์,4,07:00-09:00,0,1,0
หน้าโรงเรียนนิเวศวารินทร์,เทพรักษ์,4,09:00-16:00,0,1,0
หน้าโรงเรียนนิเวศวารินทร์,เทพรักษ์,4,16:00-19:00,0,1,0
หน้าโรงเรียนบ้านเจียรดับ,เลียบวารี,1,07:00-09:00,1,0,0
หน้าโรงเรียนบ้านเจียรดับ,เลียบวารี,1,09:00-16:00,1,0,0
หน้าโรงเรียนบ้านเจียรดับ,เลียบวารี,1,16:00-19:00,1,0,0
หน้าโรงเรียนบ้านเจียรดับ,เลียบวารี,2,07:00-09:00,1,0,0
หน้าโรงเรียนบ้านเจียรดับ,เลียบวารี,2,09:00-16:00,1,0,0
หน้าโรงเรียนบ้านเจียรดับ,เลียบวารี,2,16:00-19:00,1,0,0
หน้าโรงเรียนพรหมราษฎร์รังสรรค์,พรหมราษฎร์,1,07:00-09:00,0,0,1
หน้าโรงเรียนพรหมราษฎร์รังสรรค์,พรหมราษฎร์,1,09:00-17:00,0,0,1
หน้าโรงเรียนพรหมราษฎร์รังสรรค์,พรหมราษฎร์,1,17:00-19:00,0,0,1
หน้าโรงเรียนพรหมราษฎร์รังสรรค์,รางโพธิ์,1,07:00-09:00,0,0,1
หน้าโรงเรียนพรหมราษฎร์รังสรรค์,รางโพธิ์,1,09:00-17:00,0,0,1
หน้าโรงเรียนพรหมราษฎร์รังสรรค์,รางโพธิ์,1,17:00-19:00,0,0,1
หน้าโรงเรียนราชคฤห์,เทอดไท,1,07:00-09:00,0,0,1
หน้าโรงเรียนราชคฤห์,เทอดไท,1,09:00-17:00,0,0,1
หน้าโรงเรียนราชคฤห์,เทอดไท,1,17:00-19:00,0,0,1
หน้าโรงเรียนละอออุทิศ,ราชสีมา,1,07:00-09:00,1,0,0
หน้าโรงเรียนละอออุทิศ,ราชสีมา,1,09:00-16:00,1,0,0
หน้าโรงเรียนละอออุทิศ,ราชสีมา,1,16:00-19:00,1,0,0
หน้าโรงเรียนละอออุทิศ,ราชสีมา,4,07:00-09:00,1,0,0
หน้าโรงเรียนละอออุทิศ,ราชสีมา,4,09:00-16:00,1,0,0
หน้าโรงเรียนละอออุทิศ,ราชสีมา,4,16:00-19:00,1,0,0
หน้าโรงเรียนลำสาลี,กรุงเทพกรีฑา,2,06:30-09:00,1,0,0
หน้าโรงเรียนลำสาลี,กรุงเทพกรีฑา,2,09:00-16:00,1,0,0
หน้าโรงเรียนลำสาลี,กรุงเทพกรีฑา,2,16:00-19:30,1,0,0
หน้าโรงเรียนวัดสะพาน,ทางรถไฟสายเก่า,3,07:00-09:00,0,0,1
หน้าโรงเรียนวัดสะพาน,ทางรถไฟสายเก่า,3,09:00-17:00,0,0,1
หน้าโรงเรียนวัดสะพาน,ทางรถไฟสายเก่า,3,17:00-19:00,0,0,1
หน้าโรงเรียนวัดสามง่าม,คู้-คลองสิบ,3,07:00-09:00,0,0,1
หน้าโรงเรียนวัดสามง่าม,คู้-คลองสิบ,3,09:00-17:00,0,0,1
หน้าโรงเรียนวัดสามง่าม,คู้-คลองสิบ,3,17:00-19:00,0,0,1
หน้าโรงเรียนศาลาคู้,ราษฎร์อุทิศ,2,07:00-09:00,0,1,0
หน้าโรงเรียนศาลาคู้,ราษฎร์อุทิศ,2,09:00-16:00,0,1,0
หน้าโรงเรียนศาลาคู้,ราษฎร์อุทิศ,2,16:00-19:00,0,1,0
หน้าโรงเรียนสายปัญญา,กรุงเกษม,3,07:00-09:00,0,1,0
หน้าโรงเรียนสายปัญญา,กรุงเกษม,3,09:00-16:00,0,1,0
หน้าโรงเรียนสายปัญญา,กรุงเกษม,3,16:00-19:00,0,1,0
หน้าโรงเรียนสารสาสน์วิเทศน์นิมิตใหม่,นิมิตใหม่,3,07:00-09:00,1,0,0
หน้าโรงเรียนสารสาสน์วิเทศน์นิมิตใหม่,นิมิตใหม่,3,09:00-16:00,1,0,0
หน้าโรงเรียนสารสาสน์วิเทศน์นิมิตใหม่,นิมิตใหม่,3,16:00-19:00,1,0,0
หน้าโรงเรียนสารสาสน์ฯ,เพชรเกษม81(มาเจริญ),3,07:00-09:00,0,0,1
หน้าโรงเรียนสารสาสน์ฯ,เพชรเกษม81(มาเจริญ),3,09:00-17:00,0,0,1
หน้าโรงเรียนสารสาสน์ฯ,เพชรเกษม81(มาเจริญ),3,17:00-19:00,0,0,1
หน้าโรงเรียนสุเหร่าคลองสิบ,คู้-คลองสิบ,3,07:00-09:00,0,0,1
หน้าโรงเรียนสุเหร่าคลองสิบ,คู้-คลองสิบ,3,09:00-17:00,0,0,1
หน้าโรงเรียนสุเหร่าคลองสิบ,คู้-คลองสิบ,3,17:00-19:00,0,0,1
หน้าโรงเรียนสุเหร่าคู้วิทยา,เลียบวารี,1,07:00-09:00,0,1,0
หน้าโรงเรียนสุเหร่าคู้วิทยา,เลียบวารี,1,09:00-16:00,0,1,0
หน้าโรงเรียนสุเหร่าคู้วิทยา,เลียบวารี,1,16:00-19:00,0,1,0
หน้าโรงเรียนสุเหร่าทรายกองดิน,ราษฎร์อุทิศ,1,07:00-09:00,1,0,0
หน้าโรงเรียนสุเหร่าทรายกองดิน,ราษฎร์อุทิศ,1,09:00-16:00,1,0,0
หน้าโรงเรียนสุเหร่าทรายกองดิน,ราษฎร์อุทิศ,1,16:00-19:00,1,0,0
หน้าโรงเรียนสุเหร่าทรายกองเงิน,ราษฎร์อุทิศ,2,07:00-09:00,1,0,0
หน้าโรงเรียนสุเหร่าทรายกองเงิน,ราษฎร์อุทิศ,2,09:00-16:00,1,0,0
หน้าโรงเรียนสุเหร่าทรายกองเงิน,ราษฎร์อุทิศ,2,16:00-19:00,1,0,0
หน้าโรงเรียนสุเหร่าศาลาลอย,พัฒนาการ,3,07:00-09:00,1,0,0
หน้าโรงเรียนสุเหร่าศาลาลอย,พัฒนาการ,3,09:00-16:00,1,0,0
หน้าโรงเรียนสุเหร่าศาลาลอย,พัฒนาการ,3,16:00-19:00,1,0,0
หน้าโรงเรียนสุเหร่าแสนแสบ,ประชาร่วมใจ,1,07:00-09:00,0,0,1
หน้าโรงเรียนสุเหร่าแสนแสบ,ประชาร่วมใจ,1,09:00-17:00,0,0,1
หน้าโรงเรียนสุเหร่าแสนแสบ,ประชาร่วมใจ,1,17:00-19:00,0,0,1
หน้าโรงเรียนสุเหร่าแสนแสบ,ประชาร่วมใจ,3,07:00-09:00,0,0,1
หน้าโรงเรียนสุเหร่าแสนแสบ,ประชาร่วมใจ,3,09:00-17:00,0,0,1
หน้าโรงเรียนสุเหร่าแสนแสบ,ประชาร่วมใจ,3,17:00-19:00,0,0,1
หน้าโรงเรียนสุเหร่าแสนแสบ,ประชาร่วมใจ,4,07:00-09:00,0,0,1
หน้าโรงเรียนสุเหร่าแสนแสบ,ประชาร่วมใจ,4,09:00-17:00,0,0,1
หน้าโรงเรียนสุเหร่าแสนแสบ,ประชาร่วมใจ,4,17:00-19:00,0,0,1
หน้าโรงเรียนหอวัง,พหลโยธิน,3,07:00-09:00,0,1,0
หน้าโรงเรียนหอวัง,พหลโยธิน,3,09:00-16:00,0,1,0
หน้าโรงเรียนหอวัง,พหลโยธิน,3,16:00-19:00,0,1,0
หน้าโรงเรียนหอวัง,หอวัง,4,07:00-09:00,0,0,1
หน้าโรงเรียนหอวัง,หอวัง,4,09:00-17:00,0,0,1
หน้าโรงเรียนหอวัง,หอวัง,4,17:00-19:00,0,0,1
หน้าโรงเรียนอนุบาลแสงโสม,ประชาชื่น,4,07:00-09:00,0,0,1
หน้าโรงเรียนอนุบาลแสงโสม,ประชาชื่น,4,09:00-17:00,0,0,1
หน้าโรงเรียนอนุบาลแสงโสม,ประชาชื่น,4,17:00-19:00,0,0,1
หน้าโรงเรียนอินเตอร์คิดส์,ประชาร่วมใจ,1,07:00-09:00,0,1,0
หน้าโรงเรียนอินเตอร์คิดส์,ประชาร่วมใจ,1,09:00-16:00,0,1,0
หน้าโรงเรียนอินเตอร์คิดส์,ประชาร่วมใจ,1,16:00-19:00,0,1,0
หน้าโรงเรียนอินเตอร์คิดส์,ประชาร่วมใจ,4,07:00-09:00,0,1,0
หน้าโรงเรียนอินเตอร์คิดส์,ประชาร่วมใจ,4,09:00-16:00,0,1,0
หน้าโรงเรียนอินเตอร์คิดส์,ประชาร่วมใจ,4,16:00-19:00,0,1,0
หน้าโรงเรียนเซนต์คาเบรียล,พหลโยธิน,3,07:00-09:00,0,1,0
หน้าโรงเรียนเซนต์คาเบรียล,พหลโยธิน,3,09:00-16:00,0,1,0
หน้าโรงเรียนเซนต์คาเบรียล,พหลโยธิน,3,16:00-19:00,0,1,0
หน้าโรงเรียนเซนต์คาเบรียล,สามเสน,3,07:00-09:00,0,2,0
หน้าโรงเรียนเซนต์คาเบรียล,สามเสน,3,09:00-16:00,0,2,0
หน้าโรงเรียนเซนต์คาเบรียล,สามเสน,3,16:00-19:00,0,2,0
หน้าโรงเรียนเซนปีเตอร์ธนบุรี,พุทธมณฑลสาย1,2,07:00-09:00,1,0,0
หน้าโรงเรียนเซนปีเตอร์ธนบุรี,พุทธมณฑลสาย1,2,09:00-16:00,1,0,0
หน้าโรงเรียนเซนปีเตอร์ธนบุรี,พุทธมณฑลสาย1,2,16:00-19:00,1,0,0
หน้าโรงแรมCalton,สุชุมวิท,4,07:00-09:00,0,0,1
หน้าโรงแรมCalton,สุชุมวิท,4,09:00-17:00,0,0,1
หน้าโรงแรมCalton,สุชุมวิท,4,17:00-19:00,0,0,1
หน้าโรงแรมโฟร์ซีซันส์,เจริญกรุง,1,07:00-09:00,0,0,1
หน้าโรงแรมโฟร์ซีซันส์,เจริญกรุง,1,09:00-17:00,0,0,1
หน้าโรงแรมโฟร์ซีซันส์,เจริญกรุง,1,17:00-19:00,0,0,1
หน้าโรงแรมโฟร์วิงส์,ศรีนครินทร์,4,07:00-09:00,0,0,1
หน้าโรงแรมโฟร์วิงส์,ศรีนครินทร์,4,09:00-17:00,0,0,1
หน้าโรงแรมโฟร์วิงส์,ศรีนครินทร์,4,17:00-19:00,0,0,1
หน้าโรงแรมไฟร์ซีซัน(ปากซอยเจริญกรุง69),เจริญกรุง,1,07:00-09:00,1,0,0
หน้าโรงแรมไฟร์ซีซัน(ปากซอยเจริญกรุง69),เจริญกรุง,1,09:00-16:00,1,0,0
หน้าโรงแรมไฟร์ซีซัน(ปากซอยเจริญกรุง69),เจริญกรุง,1,16:00-19:00,1,0,0
หน้าโรบินสันลาดกระบัง,ลาดกระบัง,1,07:00-09:00,0,0,1
หน้าโรบินสันลาดกระบัง,ลาดกระบัง,1,09:00-17:00,0,0,1
หน้าโรบินสันลาดกระบัง,ลาดกระบัง,1,17:00-19:00,0,0,1
หน้าโรแรมดิโอกุระ,วิทยุ,2,07:00-09:00,0,0,1
หน้าโรแรมดิโอกุระ,วิทยุ,2,09:00-17:00,0,0,1
หน้าโรแรมดิโอกุระ,วิทยุ,2,17:00-19:00,0,0,1
หน้าโลตัสพระราม1,บรรทัดทอง,3,07:00-09:00,0,0,1
หน้าโลตัสพระราม1,บรรทัดทอง,3,09:00-17:00,0,0,1
หน้าโลตัสพระราม1,บรรทัดทอง,3,17:00-19:00,0,0,1
หน้าโลตัสเลียบคลองสอง,เลียบคลองสอง,4,07:00-09:00,0,0,1
หน้าโลตัสเลียบคลองสอง,เลียบคลองสอง,4,09:00-17:00,0,0,1
หน้าโลตัสเลียบคลองสอง,เลียบคลองสอง,4,17:00-19:00,0,0,1
หน้าไปรษณีย์อ่อนนุช,สุขุมวิท77,2,07:00-09:00,0,0,1
หน้าไปรษณีย์อ่อนนุช,สุขุมวิท77,2,09:00-17:00,0,0,1
หน้าไปรษณีย์อ่อนนุช,สุขุมวิท77,2,17:00-19:00,0,0,1
หมอชิต2,กำแพงเพชร2,1,07:00-09:00,0,0,1
หมอชิต2,กำแพงเพชร2,1,09:00-17:00,0,0,1
หมอชิต2,กำแพงเพชร2,1,17:00-19:00,0,0,1
หมอชิต2,กำแพงเพชร6,1,07:00-09:00,0,0,1
หมอชิต2,กำแพงเพชร6,1,09:00-17:00,0,0,1
หมอชิต2,กำแพงเพชร6,1,17:00-19:00,0,0,1
หมอมี,ทรงสวัสดิ์,3,07:00-09:00,0,0,1
หมอมี,ทรงสวัสดิ์,3,09:00-17:00,0,0,1
หมอมี,ทรงสวัสดิ์,3,17:00-19:00,0,0,1
หมอมี,ทรงสวัสดิ์,4,07:00-09:00,0,0,1
หมอมี,ทรงสวัสดิ์,4,09:00-17:00,0,0,1
หมอมี,ทรงสวัสดิ์,4,17:00-19:00,0,0,1
หมอมี,พระรามที่4,3,07:00-09:00,1,0,1
หมอมี,พระรามที่4,3,09:00-16:00,1,0,0
หมอมี,พระรามที่4,3,09:00-17:00,0,0,1
หมอมี,พระรามที่4,3,16:00-19:00,1,0,0
หมอมี,พระรามที่4,3,17:00-19:00,0,0,1
หมอมี,พระรามที่4,4,07:00-09:00,1,1,1
หมอมี,พระรามที่4,4,09:00-16:00,1,1,0
หมอมี,พระรามที่4,4,09:00-17:00,0,0,1
หมอมี,พระรามที่4,4,16:00-19:00,1,1,0
หมอมี,พระรามที่4,4,17:00-19:00,0,0,1
หมอมี,มิตรพันธ์,3,07:00-09:00,1,0,0
หมอมี,มิตรพันธ์,3,09:00-16:00,1,0,0
หมอมี,มิตรพันธ์,3,16:00-19:00,1,0,0
หมอมี,มิตรพันธ์,4,07:00-09:00,1,1,0
หมอมี,มิตรพันธ์,4,09:00-16:00,1,1,0
หมอมี,มิตรพันธ์,4,16:00-19:00,1,1,0
หมอมี,เจริญกรุง,3,07:00-09:00,1,0,1
หมอมี,เจริญกรุง,3,09:00-16:00,1,0,0
หมอมี,เจริญกรุง,3,09:00-17:00,0,0,1
หมอมี,เจริญกรุง,3,16:00-19:00,1,0,0
หมอมี,เจริญกรุง,3,17:00-19:00,0,0,1
หมอมี,เจริญกรุง,4,07:00-09:00,1,1,1
หมอมี,เจริญกรุง,4,09:00-16:00,1,1,0
หมอมี,เจริญกรุง,4,09:00-17:00,0,0,1
หมอมี,เจริญกรุง,4,16:00-19:00,1,1,0
หมอมี,เจริญกรุง,4,17:00-19:00,0,0,1
หมอเหล็ง,จตุรทิศ,1,07:00-09:00,0,0,1
หมอเหล็ง,จตุรทิศ,1,09:00-17:00,0,0,1
หมอเหล็ง,จตุรทิศ,1,17:00-19:00,0,0,1
หมอเหล็ง,จตุรทิศ,2,06:30-09:00,0,1,0
หมอเหล็ง,จตุรทิศ,2,07:00-09:00,1,0,2
หมอเหล็ง,จตุรทิศ,2,09:00-16:00,1,1,0
หมอเหล็ง,จตุรทิศ,2,09:00-17:00,0,0,2
หมอเหล็ง,จตุรทิศ,2,16:00-19:00,1,0,0
หมอเหล็ง,จตุรทิศ,2,16:00-19:30,0,1,0
หมอเหล็ง,จตุรทิศ,2,17:00-19:00,0,0,2
หมอเหล็ง,จตุรทิศ,3,07:00-09:00,0,1,1
หมอเหล็ง,จตุรทิศ,3,09:00-16:00,0,1,0
หมอเหล็ง,จตุรทิศ,3,09:00-17:00,0,0,1
หมอเหล็ง,จตุรทิศ,3,16:00-19:00,0,1,0
หมอเหล็ง,จตุรทิศ,3,17:00-19:00,0,0,1
หมอเหล็ง,ราชปรารภ,1,07:00-09:00,0,0,1
หมอเหล็ง,ราชปรารภ,1,09:00-17:00,0,0,1
หมอเหล็ง,ราชปรารภ,1,17:00-19:00,0,0,1
หมอเหล็ง,ราชปรารภ,2,06:30-09:00,0,1,0
หมอเหล็ง,ราชปรารภ,2,07:00-09:00,1,0,2
หมอเหล็ง,ราชปรารภ,2,09:00-16:00,1,1,0
หมอเหล็ง,ราชปรารภ,2,09:00-17:00,0,0,2
หมอเหล็ง,ราชปรารภ,2,16:00-19:00,1,0,0
หมอเหล็ง,ราชปรารภ,2,16:00-19:30,0,1,0
หมอเหล็ง,ราชปรารภ,2,17:00-19:00,0,0,2
หมอเหล็ง,ราชปรารภ,3,07:00-09:00,0,1,1
หมอเหล็ง,ราชปรารภ,3,09:00-16:00,0,1,0
หมอเหล็ง,ราชปรารภ,3,09:00-17:00,0,0,1
หมอเหล็ง,ราชปรารภ,3,16:00-19:00,0,1,0
หมอเหล็ง,ราชปรารภ,3,17:00-19:00,0,0,1
หมอเหล็ง,ศรีอยุธยา,1,07:00-09:00,0,0,1
หมอเหล็ง,ศรีอยุธยา,1,09:00-17:00,0,0,1
หมอเหล็ง,ศรีอยุธยา,1,17:00-19:00,0,0,1
หมอเหล็ง,ศรีอยุธยา,2,07:00-09:00,1,1,2
หมอเหล็ง,ศรีอยุธยา,2,09:00-16:00,1,1,0
หมอเหล็ง,ศรีอยุธยา,2,09:00-17:00,0,0,2
หมอเหล็ง,ศรีอยุธยา,2,16:00-19:00,1,1,0
หมอเหล็ง,ศรีอยุธยา,2,17:00-19:00,0,0,2
หมอเหล็ง,ศรีอยุธยา,3,07:00-09:00,0,1,1
หมอเหล็ง,ศรีอยุธยา,3,09:00-16:00,0,1,0
หมอเหล็ง,ศรีอยุธยา,3,09:00-17:00,0,0,1
หมอเหล็ง,ศรีอยุธยา,3,16:00-19:00,0,1,0
หมอเหล็ง,ศรีอยุธยา,3,17:00-19:00,0,0,1
หมู่บ้านพฤกษา85,ทวีวัฒนา,1,07:00-09:00,0,0,1
หมู่บ้านพฤกษา85,ทวีวัฒนา,1,09:00-17:00,0,0,1
หมู่บ้านพฤกษา85,ทวีวัฒนา,1,17:00-19:00,0,0,1
หมู่บ้านร่มไทร,คลองลำเจียก,4,07:00-09:00,0,0,1
หมู่บ้านร่มไทร,คลองลำเจียก,4,09:00-17:00,0,0,1
หมู่บ้านร่มไทร,คลองลำเจียก,4,17:00-19:00,0,0,1
หมู่บ้านร่มไทร,คลองลำเจียก10,4,07:00-09:00,0,0,1
หมู่บ้านร่มไทร,คลองลำเจียก10,4,09:00-17:00,0,0,1
หมู่บ้านร่มไทร,คลองลำเจียก10,4,17:00-19:00,0,0,1
หมู่บ้านร่มไทร,คลองลำเจียก17,4,07:00-09:00,0,0,1
หมู่บ้านร่มไทร,คลองลำเจียก17,4,09:00-17:00,0,0,1
หมู่บ้านร่มไทร,คลองลำเจียก17,4,17:00-19:00,0,0,1
หมู่บ้านสหกรณ์,ทางเข้าหมู่บ้านสหกรณ์,2,07:00-09:00,0,1,0
หมู่บ้านสหกรณ์,ทางเข้าหมู่บ้านสหกรณ์,2,09:00-16:00,0,1,0
หมู่บ้านสหกรณ์,ทางเข้าหมู่บ้านสหกรณ์,2,16:00-19:00,0,1,0
หมู่บ้านสหกรณ์,ทางเข้าหมู่บ้านสหกรณ์,3,07:00-09:00,1,0,0
หมู่บ้านสหกรณ์,ทางเข้าหมู่บ้านสหกรณ์,3,09:00-16:00,1,0,0
หมู่บ้านสหกรณ์,ทางเข้าหมู่บ้านสหกรณ์,3,16:00-19:00,1,0,0
หมู่บ้านสหกรณ์,ทางเข้าหมู่บ้านสหกรณ์,4,07:00-09:00,0,0,1
หมู่บ้านสหกรณ์,ทางเข้าหมู่บ้านสหกรณ์,4,09:00-17:00,0,0,1
หมู่บ้านสหกรณ์,ทางเข้าหมู่บ้านสหกรณ์,4,17:00-19:00,0,0,1
หมู่บ้านสหกรณ์,หมู่บ้านสหกรณ์,1,07:00-09:00,0,0,1
หมู่บ้านสหกรณ์,หมู่บ้านสหกรณ์,1,09:00-17:00,0,0,1
หมู่บ้านสหกรณ์,หมู่บ้านสหกรณ์,1,17:00-19:00,0,0,1
หมู่บ้านสหกรณ์,เสรีไทย,1,07:00-09:00,0,0,1
หมู่บ้านสหกรณ์,เสรีไทย,1,09:00-17:00,0,0,1
หมู่บ้านสหกรณ์,เสรีไทย,1,17:00-19:00,0,0,1
หมู่บ้านสหกรณ์,เสรีไทย,2,07:00-09:00,0,1,0
หมู่บ้านสหกรณ์,เสรีไทย,2,09:00-16:00,0,1,0
หมู่บ้านสหกรณ์,เสรีไทย,2,16:00-19:00,0,1,0
หมู่บ้านสหกรณ์,เสรีไทย,3,07:00-09:00,1,0,0
หมู่บ้านสหกรณ์,เสรีไทย,3,09:00-16:00,1,0,0
หมู่บ้านสหกรณ์,เสรีไทย,3,16:00-19:00,1,0,0
หมู่บ้านสหกรณ์,เสรีไทย,4,07:00-09:00,0,0,1
หมู่บ้านสหกรณ์,เสรีไทย,4,09:00-17:00,0,0,1
หมู่บ้านสหกรณ์,เสรีไทย,4,17:00-19:00,0,0,1
หมู่บ้านอลิชา2,ซอยหมู่บ้านอลิชา2,1,07:00-09:00,0,1,0
หมู่บ้านอลิชา2,ซอยหมู่บ้านอลิชา2,1,09:00-16:00,0,1,0
หมู่บ้านอลิชา2,ซอยหมู่บ้านอลิชา2,1,16:00-19:00,0,1,0
หมู่บ้านเคหะธานี4,ราษฎร์พัฒนา,4,07:00-09:00,0,0,1
หมู่บ้านเคหะธานี4,ราษฎร์พัฒนา,4,09:00-16:00,0,0,1
หมู่บ้านเคหะธานี4,ราษฎร์พัฒนา,4,16:00-19:00,0,0,1
หมู่บ้านเคหะธานี4,ราษฎร์พัฒนา4,4,07:00-09:00,0,0,1
หมู่บ้านเคหะธานี4,ราษฎร์พัฒนา4,4,09:00-16:00,0,0,1
หมู่บ้านเคหะธานี4,ราษฎร์พัฒนา4,4,16:00-19:00,0,0,1
หมู่บ้านเคหะธานี4,ราษฎร์พัฒนา5,4,07:00-09:00,0,0,1
หมู่บ้านเคหะธานี4,ราษฎร์พัฒนา5,4,09:00-16:00,0,0,1
หมู่บ้านเคหะธานี4,ราษฎร์พัฒนา5,4,16:00-19:00,0,0,1
หมู่บ้านเศรษฐกิจ,ทางเขาหมู่บ้านเศรษฐกิจ,3,07:00-09:00,1,0,0
หมู่บ้านเศรษฐกิจ,ทางเขาหมู่บ้านเศรษฐกิจ,3,09:00-16:00,1,0,0
หมู่บ้านเศรษฐกิจ,ทางเขาหมู่บ้านเศรษฐกิจ,3,16:00-19:00,1,0,0
หมู่บ้านเศรษฐกิจ,ทางเข้าหมู่บ้านเศรษฐกิจ,1,07:00-09:00,0,1,0
หมู่บ้านเศรษฐกิจ,ทางเข้าหมู่บ้านเศรษฐกิจ,1,09:00-16:00,0,1,0
หมู่บ้านเศรษฐกิจ,ทางเข้าหมู่บ้านเศรษฐกิจ,1,16:00-19:00,0,1,0
หมู่บ้านเศรษฐกิจ,ทางเข้าหมู่บ้านเศรษฐกิจ,4,07:00-09:00,1,0,0
หมู่บ้านเศรษฐกิจ,ทางเข้าหมู่บ้านเศรษฐกิจ,4,09:00-16:00,1,0,0
หมู่บ้านเศรษฐกิจ,ทางเข้าหมู่บ้านเศรษฐกิจ,4,16:00-19:00,1,0,0
หมู่บ้านเศรษฐกิจ,หมู่บ้านเศรษฐกิจ,1,07:00-09:00,0,0,1
หมู่บ้านเศรษฐกิจ,หมู่บ้านเศรษฐกิจ,1,09:00-17:00,0,0,1
หมู่บ้านเศรษฐกิจ,หมู่บ้านเศรษฐกิจ,1,17:00-19:00,0,0,1
หมู่บ้านเศรษฐกิจ,หมู่บ้านเศรษฐกิจ,3,07:00-09:00,0,0,1
หมู่บ้านเศรษฐกิจ,หมู่บ้านเศรษฐกิจ,3,09:00-16:00,0,0,1
หมู่บ้านเศรษฐกิจ,หมู่บ้านเศรษฐกิจ,3,16:00-19:00,0,0,1
หมู่บ้านเศรษฐกิจ,หมู่บ้านเศรษฐกิจ,4,07:00-09:00,0,0,1
หมู่บ้านเศรษฐกิจ,หมู่บ้านเศรษฐกิจ,4,09:00-17:00,0,0,1
หมู่บ้านเศรษฐกิจ,หมู่บ้านเศรษฐกิจ,4,17:00-19:00,0,0,1
หมู่บ้านเศรษฐกิจ,เพชรเกษม,1,07:00-09:00,0,1,1
หมู่บ้านเศรษฐกิจ,เพชรเกษม,1,09:00-16:00,0,1,0
หมู่บ้านเศรษฐกิจ,เพชรเกษม,1,09:00-17:00,0,0,1
หมู่บ้านเศรษฐกิจ,เพชรเกษม,1,16:00-19:00,0,1,0
หมู่บ้านเศรษฐกิจ,เพชรเกษม,1,17:00-19:00,0,0,1
หมู่บ้านเศรษฐกิจ,เพชรเกษม,3,07:00-09:00,1,0,1
หมู่บ้านเศรษฐกิจ,เพชรเกษม,3,09:00-16:00,1,0,1
หมู่บ้านเศรษฐกิจ,เพชรเกษม,3,16:00-19:00,1,0,1
หมู่บ้านเศรษฐกิจ,เพชรเกษม,4,07:00-09:00,1,0,1
หมู่บ้านเศรษฐกิจ,เพชรเกษม,4,09:00-16:00,1,0,0
หมู่บ้านเศรษฐกิจ,เพชรเกษม,4,09:00-17:00,0,0,1
หมู่บ้านเศรษฐกิจ,เพชรเกษม,4,16:00-19:00,1,0,0
หมู่บ้านเศรษฐกิจ,เพชรเกษม,4,17:00-19:00,0,0,1
หมู่บ้านเสรี,อ่อนนุช,2,07:00-09:00,0,1,0
หมู่บ้านเสรี,อ่อนนุช,2,09:00-16:00,0,1,0
หมู่บ้านเสรี,อ่อนนุช,2,16:00-19:00,0,1,0
หมู่บ้านเสรี,"อ่อนนุช70,อ่อนนุช72",2,07:00-09:00,0,1,0
หมู่บ้านเสรี,"อ่อนนุช70,อ่อนนุช72",2,09:00-16:00,0,1,0
หมู่บ้านเสรี,"อ่อนนุช70,อ่อนนุช72",2,16:00-19:00,0,1,0
หลักสี่,กำแพงเพชร6,1,07:00-09:00,0,0,1
หลักสี่,กำแพงเพชร6,1,09:00-17:00,0,0,1
หลักสี่,กำแพงเพชร6,1,17:00-19:00,0,0,1
หลักสี่,กำแพงเพชร6,2,07:00-09:00,1,2,1
หลักสี่,กำแพงเพชร6,2,09:00-16:00,1,2,0
หลักสี่,กำแพงเพชร6,2,09:00-17:00,0,0,1
หลักสี่,กำแพงเพชร6,2,16:00-19:00,1,2,0
หลักสี่,กำแพงเพชร6,2,17:00-19:00,0,0,1
หลักสี่,กำแพงเพชร6,3,07:00-09:00,1,0,1
หลักสี่,กำแพงเพชร6,3,09:00-16:00,1,0,0
หลักสี่,กำแพงเพชร6,3,09:00-17:00,0,0,1
หลักสี่,กำแพงเพชร6,3,16:00-19:00,1,0,0
หลักสี่,กำแพงเพชร6,3,17:00-19:00,0,0,1
หลักสี่,กำแพงเพชร6,4,07:00-09:00,0,1,0
หลักสี่,กำแพงเพชร6,4,09:00-16:00,0,1,0
หลักสี่,กำแพงเพชร6,4,16:00-19:00,0,1,0
หลักสี่,แจ้งวัฒนะ,1,07:00-09:00,0,0,1
หลักสี่,แจ้งวัฒนะ,1,09:00-17:00,0,0,1
หลักสี่,แจ้งวัฒนะ,1,17:00-19:00,0,0,1
หลักสี่,แจ้งวัฒนะ,2,07:00-09:00,1,2,1
หลักสี่,แจ้งวัฒนะ,2,09:00-16:00,1,2,0
หลักสี่,แจ้งวัฒนะ,2,09:00-17:00,0,0,1
หลักสี่,แจ้งวัฒนะ,2,16:00-19:00,1,2,0
หลักสี่,แจ้งวัฒนะ,2,17:00-19:00,0,0,1
หลักสี่,แจ้งวัฒนะ,3,07:00-09:00,1,0,1
หลักสี่,แจ้งวัฒนะ,3,09:00-16:00,1,0,0
หลักสี่,แจ้งวัฒนะ,3,09:00-17:00,0,0,1
หลักสี่,แจ้งวัฒนะ,3,16:00-19:00,1,0,0
หลักสี่,แจ้งวัฒนะ,3,17:00-19:00,0,0,1
หลักสี่,แจ้งวัฒนะ,4,07:00-09:00,0,1,0
หลักสี่,แจ้งวัฒนะ,4,09:00-16:00,0,1,0
หลักสี่,แจ้งวัฒนะ,4,16:00-19:00,0,1,0
หลังสวน,สารสิน,1,07:00-09:00,0,0,1
หลังสวน,สารสิน,1,09:00-17:00,0,0,1
หลังสวน,สารสิน,1,17:00-19:00,0,0,1
หลังสวน,สารสิน,2,07:00-09:00,1,0,0
หลังสวน,สารสิน,2,09:00-16:00,1,0,0
หลังสวน,สารสิน,2,16:00-19:00,1,0,0
หลังสวน,สารสิน,3,07:00-09:00,0,0,2
หลังสวน,สารสิน,3,09:00-17:00,0,0,2
หลังสวน,สารสิน,3,17:00-19:00,0,0,2
หลังสวน,สารสิน,4,07:00-09:00,1,1,0
หลังสวน,สารสิน,4,09:00-16:00,1,1,0
หลังสวน,สารสิน,4,16:00-19:00,1,1,0
หลังสวน,หลังสวน,1,07:00-09:00,0,0,1
หลังสวน,หลังสวน,1,09:00-17:00,0,0,1
หลังสวน,หลังสวน,1,17:00-19:00,0,0,1
หลังสวน,หลังสวน,2,07:00-09:00,1,0,0
หลังสวน,หลังสวน,2,09:00-16:00,1,0,0
หลังสวน,หลังสวน,2,16:00-19:00,1,0,0
หลังสวน,หลังสวน,3,07:00-09:00,0,0,2
หลังสวน,หลังสวน,3,09:00-17:00,0,0,2
หลังสวน,หลังสวน,3,17:00-19:00,0,0,2
หลังสวน,หลังสวน,4,07:00-09:00,1,1,0
หลังสวน,หลังสวน,4,09:00-16:00,1,1,0
หลังสวน,หลังสวน,4,16:00-19:00,1,1,0
หลานหลวง,จักรพรรดิพงษ์,1,07:00-09:00,0,0,1
หลานหลวง,จักรพรรดิพงษ์,1,09:00-16:00,0,0,1
หลานหลวง,จักรพรรดิพงษ์,1,16:00-19:00,0,0,1
หลานหลวง,จักรพรรดิพงษ์,3,06:30-09:00,1,0,0
หลานหลวง,จักรพรรดิพงษ์,3,09:00-16:00,1,0,0
หลานหลวง,จักรพรรดิพงษ์,3,16:00-19:30,1,0,0
หลานหลวง,จักรพรรดิพงษ์,4,07:00-09:00,0,1,0
หลานหลวง,จักรพรรดิพงษ์,4,09:00-16:00,0,1,0
หลานหลวง,จักรพรรดิพงษ์,4,16:00-19:00,0,1,0
หลานหลวง,หลานหลวง,1,07:00-09:00,0,0,1
หลานหลวง,หลานหลวง,1,09:00-16:00,0,0,1
หลานหลวง,หลานหลวง,1,16:00-19:00,0,0,1
หลานหลวง,หลานหลวง,3,06:30-09:00,1,0,0
หลานหลวง,หลานหลวง,3,09:00-16:00,1,0,0
หลานหลวง,หลานหลวง,3,16:00-19:30,1,0,0
หลานหลวง,หลานหลวง,4,07:00-09:00,0,1,0
หลานหลวง,หลานหลวง,4,09:00-16:00,0,1,0
หลานหลวง,หลานหลวง,4,16:00-19:00,0,1,0
หัวลำโพง,พระรามที่4,1,07:00-09:00,1,1,1
หัวลำโพง,พระรามที่4,1,09:00-16:00,1,1,0
หัวลำโพง,พระรามที่4,1,09:00-17:00,0,0,1
หัวลำโพง,พระรามที่4,1,16:00-19:00,1,1,0
หัวลำโพง,พระรามที่4,1,17:00-19:00,0,0,1
หัวลำโพง,พระรามที่4,3,07:00-09:00,1,0,0
หัวลำโพง,พระรามที่4,3,09:00-16:00,1,0,0
หัวลำโพง,พระรามที่4,3,16:00-19:00,1,0,0
หัวลำโพง,พระรามที่4,4,07:00-09:00,0,0,1
หัวลำโพง,พระรามที่4,4,09:00-17:00,0,0,1
หัวลำโพง,พระรามที่4,4,17:00-19:00,0,0,1
หัวลำโพง,มหาพฤฒาราม,1,07:00-09:00,1,1,1
หัวลำโพง,มหาพฤฒาราม,1,09:00-16:00,1,1,0
หัวลำโพง,มหาพฤฒาราม,1,09:00-17:00,0,0,1
หัวลำโพง,มหาพฤฒาราม,1,16:00-19:00,1,1,0
หัวลำโพง,มหาพฤฒาราม,1,17:00-19:00,0,0,1
หัวลำโพง,มหาพฤฒาราม,4,07:00-09:00,0,0,1
หัวลำโพง,มหาพฤฒาราม,4,09:00-17:00,0,0,1
หัวลำโพง,มหาพฤฒาราม,4,17:00-19:00,0,0,1
หัวลำโพง,มหาพอฒาราม,3,07:00-09:00,1,0,0
หัวลำโพง,มหาพอฒาราม,3,09:00-16:00,1,0,0
หัวลำโพง,มหาพอฒาราม,3,16:00-19:00,1,0,0
ห้วยขวาง,ประชาราษฎร์บำเพ็ญ,1,07:00-09:00,1,0,2
ห้วยขวาง,ประชาราษฎร์บำเพ็ญ,1,09:00-16:00,1,0,0
ห้วยขวาง,ประชาราษฎร์บำเพ็ญ,1,09:00-17:00,0,0,2
ห้วยขวาง,ประชาราษฎร์บำเพ็ญ,1,16:00-19:00,1,0,0
ห้วยขวาง,ประชาราษฎร์บำเพ็ญ,1,17:00-19:00,0,0,2
ห้วยขวาง,ประชาราษฎร์บำเพ็ญ,3,07:00-09:00,0,1,2
ห้วยขวาง,ประชาราษฎร์บำเพ็ญ,3,09:00-16:00,0,1,1
ห้วยขวาง,ประชาราษฎร์บำเพ็ญ,3,09:00-17:00,0,0,1
ห้วยขวาง,ประชาราษฎร์บำเพ็ญ,3,16:00-19:00,0,1,1
ห้วยขวาง,ประชาราษฎร์บำเพ็ญ,3,17:00-19:00,0,0,1
ห้วยขวาง,ประชาราษฎร์บำเพ็ญ,4,07:00-09:00,1,0,1
ห้วยขวาง,ประชาราษฎร์บำเพ็ญ,4,09:00-16:00,1,0,0
ห้วยขวาง,ประชาราษฎร์บำเพ็ญ,4,09:00-17:00,0,0,1
ห้วยขวาง,ประชาราษฎร์บำเพ็ญ,4,16:00-19:00,1,0,0
ห้วยขวาง,ประชาราษฎร์บำเพ็ญ,4,17:00-19:00,0,0,1
ห้วยขวาง,ประชาสงเคราะห์,1,07:00-09:00,1,0,2
ห้วยขวาง,ประชาสงเคราะห์,1,09:00-16:00,1,0,0
ห้วยขวาง,ประชาสงเคราะห์,1,09:00-17:00,0,0,2
ห้วยขวาง,ประชาสงเคราะห์,1,16:00-19:00,1,0,0
ห้วยขวาง,ประชาสงเคราะห์,1,17:00-19:00,0,0,2
ห้วยขวาง,ประชาสงเคราะห์,3,07:00-09:00,0,1,2
ห้วยขวาง,ประชาสงเคราะห์,3,09:00-16:00,0,1,1
ห้วยขวาง,ประชาสงเคราะห์,3,09:00-17:00,0,0,1
ห้วยขวาง,ประชาสงเคราะห์,3,16:00-19:00,0,1,1
ห้วยขวาง,ประชาสงเคราะห์,3,17:00-19:00,0,0,1
ห้วยขวาง,ประชาสงเคราะห์,4,07:00-09:00,1,1,0
ห้วยขวาง,ประชาสงเคราะห์,4,09:00-16:00,1,1,0
ห้วยขวาง,ประชาสงเคราะห์,4,16:00-19:00,1,1,0
ห้วยขวาง,รัชดาภิเษก,1,07:00-09:00,1,0,2
ห้วยขวาง,รัชดาภิเษก,1,09:00-16:00,1,0,0
ห้วยขวาง,รัชดาภิเษก,1,09:00-17:00,0,0,2
ห้วยขวาง,รัชดาภิเษก,1,16:00-19:00,1,0,0
ห้วยขวาง,รัชดาภิเษก,1,17:00-19:00,0,0,2
ห้วยขวาง,รัชดาภิเษก,3,07:00-09:00,0,1,2
ห้วยขวาง,รัชดาภิเษก,3,09:00-16:00,0,1,1
ห้วยขวาง,รัชดาภิเษก,3,09:00-17:00,0,0,1
ห้วยขวาง,รัชดาภิเษก,3,16:00-19:00,0,1,1
ห้วยขวาง,รัชดาภิเษก,3,17:00-19:00,0,0,1
ห้วยขวาง,รัชดาภิเษก,4,07:00-09:00,1,1,1
ห้วยขวาง,รัชดาภิเษก,4,09:00-16:00,1,1,0
ห้วยขวาง,รัชดาภิเษก,4,09:00-17:00,0,0,1
ห้วยขวาง,รัชดาภิเษก,4,16:00-19:00,1,1,0
ห้วยขวาง,รัชดาภิเษก,4,17:00-19:00,0,0,1
ห้าแยกพลับพลาไชย,พลับพลาไชย,4,07:00-09:00,0,1,0
ห้าแยกพลับพลาไชย,พลับพลาไชย,4,09:00-16:00,0,1,0
ห้าแยกพลับพลาไชย,พลับพลาไชย,4,16:00-19:00,0,1,0
ห้าแยกพลับพลาไชย,หลวง,4,07:00-09:00,0,1,0
ห้าแยกพลับพลาไชย,หลวง,4,09:00-16:00,0,1,0
ห้าแยกพลับพลาไชย,หลวง,4,16:00-19:00,0,1,0
ห้าแยกพลับพลาไชย,ไมตรีจิต,4,07:00-09:00,0,1,0
ห้าแยกพลับพลาไชย,ไมตรีจิต,4,09:00-16:00,0,1,0
ห้าแยกพลับพลาไชย,ไมตรีจิต,4,16:00-19:00,0,1,0
ห้าแยกลาดพร้าว,พหลโยธิน,3,07:00-09:00,1,0,0
ห้าแยกลาดพร้าว,พหลโยธิน,3,09:00-16:00,1,0,0
ห้าแยกลาดพร้าว,พหลโยธิน,3,16:00-19:00,1,0,0
ห้าแยกลาดพร้าว,พหลโยธิน,4,07:00-09:00,0,1,0
ห้าแยกลาดพร้าว,พหลโยธิน,4,09:00-16:00,0,1,0
ห้าแยกลาดพร้าว,พหลโยธิน,4,16:00-19:00,0,1,0
ห้าแยกลาดพร้าว,วิภาวดีรังสิต,3,07:00-09:00,1,0,0
ห้าแยกลาดพร้าว,วิภาวดีรังสิต,3,09:00-16:00,1,0,0
ห้าแยกลาดพร้าว,วิภาวดีรังสิต,3,16:00-19:00,1,0,0
ห้าแยกลาดพร้าว,วิภาวดีรังสิต,4,07:00-09:00,0,1,0
ห้าแยกลาดพร้าว,วิภาวดีรังสิต,4,09:00-16:00,0,1,0
ห้าแยกลาดพร้าว,วิภาวดีรังสิต,4,16:00-19:00,0,1,0
ห้าแยกวชัรพล,รัตนโกสนิทร์,3,07:00-09:00,0,1,0
ห้าแยกวชัรพล,รัตนโกสนิทร์,3,09:00-16:00,0,1,0
ห้าแยกวชัรพล,รัตนโกสนิทร์,3,16:00-19:00,0,1,0
ห้าแยกวชัรพล,รัตนโกสินทร์,3,07:00-09:00,0,1,0
ห้าแยกวชัรพล,รัตนโกสินทร์,3,09:00-16:00,0,1,0
ห้าแยกวชัรพล,รัตนโกสินทร์,3,16:00-19:00,0,1,0
ห้าแยกวชัรพล,ร่วมมิตรพัฒนา,3,07:00-09:00,0,2,0
ห้าแยกวชัรพล,ร่วมมิตรพัฒนา,3,09:00-16:00,0,2,0
ห้าแยกวชัรพล,ร่วมมิตรพัฒนา,3,16:00-19:00,0,2,0
ห้าแยกวชัรพล,วชัรพล,3,07:00-09:00,0,2,0
ห้าแยกวชัรพล,วชัรพล,3,09:00-16:00,0,2,0
ห้าแยกวชัรพล,วชัรพล,3,16:00-19:00,0,2,0
ห้าแยกวชัรพล,สุขาภิบาล5,3,07:00-09:00,0,2,0
ห้าแยกวชัรพล,สุขาภิบาล5,3,09:00-16:00,0,2,0
ห้าแยกวชัรพล,สุขาภิบาล5,3,16:00-19:00,0,2,0
ห้าแยกวัชรพล,รัตนโกสินทร์,2,07:00-09:00,0,0,1
ห้าแยกวัชรพล,รัตนโกสินทร์,2,09:00-16:00,0,0,1
ห้าแยกวัชรพล,รัตนโกสินทร์,2,16:00-19:00,0,0,1
ห้าแยกวัชรพล,รัตนโกสินทร์,3,07:00-09:00,0,0,1
ห้าแยกวัชรพล,รัตนโกสินทร์,3,09:00-16:00,0,0,1
ห้าแยกวัชรพล,รัตนโกสินทร์,3,16:00-19:00,0,0,1
ห้าแยกวัชรพล,ร่วมมิตรพัฒนา,2,07:00-09:00,0,0,1
ห้าแยกวัชรพล,ร่วมมิตรพัฒนา,2,09:00-16:00,0,0,1
ห้าแยกวัชรพล,ร่วมมิตรพัฒนา,2,16:00-19:00,0,0,1
ห้าแยกวัชรพล,ร่วมมิตรพัฒนา,3,07:00-09:00,0,0,1
ห้าแยกวัชรพล,ร่วมมิตรพัฒนา,3,09:00-16:00,0,0,1
ห้าแยกวัชรพล,ร่วมมิตรพัฒนา,3,16:00-19:00,0,0,1
ห้าแยกวัชรพล,วัชรพล,2,07:00-09:00,0,0,1
ห้าแยกวัชรพล,วัชรพล,2,09:00-16:00,0,0,1
ห้าแยกวัชรพล,วัชรพล,2,16:00-19:00,0,0,1
ห้าแยกวัชรพล,วัชรพล,3,07:00-09:00,0,0,1
ห้าแยกวัชรพล,วัชรพล,3,09:00-16:00,0,0,1
ห้าแยกวัชรพล,วัชรพล,3,16:00-19:00,0,0,1
ห้าแยกวัชรพล,สุขาภิบาล5,2,07:00-09:00,0,0,1
ห้าแยกวัชรพล,สุขาภิบาล5,2,09:00-16:00,0,0,1
ห้าแยกวัชรพล,สุขาภิบาล5,2,16:00-19:00,0,0,1
ห้าแยกวัชรพล,สุขาภิบาล5,3,07:00-09:00,0,0,1
ห้าแยกวัชรพล,สุขาภิบาล5,3,09:00-16:00,0,0,1
ห้าแยกวัชรพล,สุขาภิบาล5,3,16:00-19:00,0,0,1
อ.ส.ม.ท.,ทางเข้าอ.ส.ม.ท.,2,07:00-09:00,0,1,1
อ.ส.ม.ท.,ทางเข้าอ.ส.ม.ท.,2,09:00-16:00,0,1,0
อ.ส.ม.ท.,ทางเข้าอ.ส.ม.ท.,2,09:00-17:00,0,0,1
อ.ส.ม.ท.,ทางเข้าอ.ส.ม.ท.,2,16:00-19:00,0,1,0
อ.ส.ม.ท.,ทางเข้าอ.ส.ม.ท.,2,17:00-19:00,0,0,1
อ.ส.ม.ท.,ทางเข้าอ.ส.ม.ท.,4,07:00-09:00,0,0,1
อ.ส.ม.ท.,ทางเข้าอ.ส.ม.ท.,4,09:00-17:00,0,0,1
อ.ส.ม.ท.,ทางเข้าอ.ส.ม.ท.,4,17:00-19:00,0,0,1
อ.ส.ม.ท.,พระราม9,2,07:00-09:00,0,1,1
อ.ส.ม.ท.,พระราม9,2,09:00-16:00,0,1,0
อ.ส.ม.ท.,พระราม9,2,09:00-17:00,0,0,1
อ.ส.ม.ท.,พระราม9,2,16:00-19:00,0,1,0
อ.ส.ม.ท.,พระราม9,2,17:00-19:00,0,0,1
อ.ส.ม.ท.,พระราม9,4,07:00-09:00,2,0,1
อ.ส.ม.ท.,พระราม9,4,09:00-16:00,2,0,0
อ.ส.ม.ท.,พระราม9,4,09:00-17:00,0,0,1
อ.ส.ม.ท.,พระราม9,4,16:00-19:00,2,0,0
อ.ส.ม.ท.,พระราม9,4,17:00-19:00,0,0,1
อ.ส.ม.ท.,พระราม9ซอย7,4,07:00-09:00,2,0,0
อ.ส.ม.ท.,พระราม9ซอย7,4,09:00-16:00,2,0,0
อ.ส.ม.ท.,พระราม9ซอย7,4,16:00-19:00,2,0,0
อ.ส.ม.ท.,เพชรอุทัย,2,07:00-09:00,0,1,1
อ.ส.ม.ท.,เพชรอุทัย,2,09:00-16:00,0,1,0
อ.ส.ม.ท.,เพชรอุทัย,2,09:00-17:00,0,0,1
อ.ส.ม.ท.,เพชรอุทัย,2,16:00-19:00,0,1,0
อ.ส.ม.ท.,เพชรอุทัย,2,17:00-19:00,0,0,1
อ.ส.ม.ท.,เพชรอุทัย,4,07:00-09:00,2,0,1
อ.ส.ม.ท.,เพชรอุทัย,4,09:00-16:00,2,0,0
อ.ส.ม.ท.,เพชรอุทัย,4,09:00-17:00,0,0,1
อ.ส.ม.ท.,เพชรอุทัย,4,16:00-19:00,2,0,0
อ.ส.ม.ท.,เพชรอุทัย,4,17:00-19:00,0,0,1
อนามัย,บำรุงเมือง,4,07:00-09:00,1,0,1
อนามัย,บำรุงเมือง,4,09:00-16:00,1,0,0
อนามัย,บำรุงเมือง,4,09:00-17:00,0,0,1
อนามัย,บำรุงเมือง,4,16:00-19:00,1,0,0
อนามัย,บำรุงเมือง,4,17:00-19:00,0,0,1
อนามัย,บํารุงเมือง,4,07:00-09:00,0,1,0
อนามัย,บํารุงเมือง,4,09:00-16:00,0,1,0
อนามัย,บํารุงเมือง,4,16:00-19:00,0,1,0
อนามัย,พลับพลาไชย,4,07:00-09:00,1,1,1
อนามัย,พลับพลาไชย,4,09:00-16:00,1,1,0
อนามัย,พลับพลาไชย,4,09:00-17:00,0,0,1
อนามัย,พลับพลาไชย,4,16:00-19:00,1,1,0
อนามัย,พลับพลาไชย,4,17:00-19:00,0,0,1
อนามัยงามเจริญ,หมู่บ้านสินทวี,1,07:00-09:00,0,1,0
อนามัยงามเจริญ,หมู่บ้านสินทวี,1,09:00-16:00,0,1,0
อนามัยงามเจริญ,หมู่บ้านสินทวี,1,16:00-19:00,0,1,0
อนามัยงามเจริญ,อนามัยงามเจริญ,1,07:00-09:00,0,1,0
อนามัยงามเจริญ,อนามัยงามเจริญ,1,09:00-16:00,0,1,0
อนามัยงามเจริญ,อนามัยงามเจริญ,1,16:00-19:00,0,1,0
อนามัยงามเจริญ,เทียนทะเล7,1,07:00-09:00,0,1,0
อนามัยงามเจริญ,เทียนทะเล7,1,09:00-16:00,0,1,0
อนามัยงามเจริญ,เทียนทะเล7,1,16:00-19:00,0,1,0
อนุสาวรีย์ชัยสมรภูมิ,พญาไท,2,07:00-09:00,0,0,1
อนุสาวรีย์ชัยสมรภูมิ,พญาไท,2,09:00-17:00,0,0,1
อนุสาวรีย์ชัยสมรภูมิ,พญาไท,2,17:00-19:00,0,0,1
อนุสาวรีย์ชัยสมรภูมิ,พหลโยธิน,2,07:00-09:00,0,0,1
อนุสาวรีย์ชัยสมรภูมิ,พหลโยธิน,2,09:00-17:00,0,0,1
อนุสาวรีย์ชัยสมรภูมิ,พหลโยธิน,2,17:00-19:00,0,0,1
อนุสาวรีย์ชัยสมรภูมิ,ราชวิถี,2,07:00-09:00,0,0,1
อนุสาวรีย์ชัยสมรภูมิ,ราชวิถี,2,09:00-17:00,0,0,1
อนุสาวรีย์ชัยสมรภูมิ,ราชวิถี,2,17:00-19:00,0,0,1
อนุสาวรีย์ชัยสมรภูมิ(ขาออก),พญาไท,1,07:00-09:00,1,0,0
อนุสาวรีย์ชัยสมรภูมิ(ขาออก),พญาไท,1,09:00-16:00,1,0,0
อนุสาวรีย์ชัยสมรภูมิ(ขาออก),พญาไท,1,16:00-19:00,1,0,0
อนุสาวรีย์ชัยสมรภูมิ(ขาออก),พญาไท,3,07:00-09:00,0,1,0
อนุสาวรีย์ชัยสมรภูมิ(ขาออก),พญาไท,3,09:00-16:00,0,1,0
อนุสาวรีย์ชัยสมรภูมิ(ขาออก),พญาไท,3,16:00-19:00,0,1,0
อนุสาวรีย์ชัยสมรภูมิ(ขาออก),พญาไท,4,07:00-09:00,0,1,0
อนุสาวรีย์ชัยสมรภูมิ(ขาออก),พญาไท,4,09:00-16:00,0,1,0
อนุสาวรีย์ชัยสมรภูมิ(ขาออก),พญาไท,4,16:00-19:00,0,1,0
อนุสาวรีย์ชัยสมรภูมิ(ขาออก),พหลโยธิน,1,07:00-09:00,1,0,0
อนุสาวรีย์ชัยสมรภูมิ(ขาออก),พหลโยธิน,1,09:00-16:00,1,0,0
อนุสาวรีย์ชัยสมรภูมิ(ขาออก),พหลโยธิน,1,16:00-19:00,1,0,0
อนุสาวรีย์ชัยสมรภูมิ(ขาออก),พหลโยธิน,3,07:00-09:00,0,1,0
อนุสาวรีย์ชัยสมรภูมิ(ขาออก),พหลโยธิน,3,09:00-16:00,0,1,0
อนุสาวรีย์ชัยสมรภูมิ(ขาออก),พหลโยธิน,3,16:00-19:00,0,1,0
อนุสาวรีย์ชัยสมรภูมิ(ขาออก),พหลโยธิน,4,07:00-09:00,0,1,0
อนุสาวรีย์ชัยสมรภูมิ(ขาออก),พหลโยธิน,4,09:00-16:00,0,1,0
อนุสาวรีย์ชัยสมรภูมิ(ขาออก),พหลโยธิน,4,16:00-19:00,0,1,0
อนุสาวรีย์ชัยสมรภูมิ(ขาออก),ราชวิถี,1,07:00-09:00,1,0,0
อนุสาวรีย์ชัยสมรภูมิ(ขาออก),ราชวิถี,1,09:00-16:00,1,0,0
อนุสาวรีย์ชัยสมรภูมิ(ขาออก),ราชวิถี,1,16:00-19:00,1,0,0
อนุสาวรีย์ชัยสมรภูมิ(ขาออก),ราชวิถี,3,07:00-09:00,0,1,0
อนุสาวรีย์ชัยสมรภูมิ(ขาออก),ราชวิถี,3,09:00-16:00,0,1,0
อนุสาวรีย์ชัยสมรภูมิ(ขาออก),ราชวิถี,4,07:00-09:00,0,1,0
อนุสาวรีย์ชัยสมรภูมิ(ขาออก),ราชวิถี,4,09:00-16:00,0,1,0
อนุสาวรีย์ชัยสมรภูมิ(ขาออก),ราชวิถี,4,16:00-19:00,0,1,0
อนุสาวรีย์ชัยสมรภูมิ(ขาเข้า),พญาไท,1,07:00-09:00,1,0,0
อนุสาวรีย์ชัยสมรภูมิ(ขาเข้า),พญาไท,1,09:00-16:00,1,0,0
อนุสาวรีย์ชัยสมรภูมิ(ขาเข้า),พญาไท,1,16:00-19:00,1,0,0
อนุสาวรีย์ชัยสมรภูมิ(ขาเข้า),พญาไท,3,07:00-09:00,0,1,0
อนุสาวรีย์ชัยสมรภูมิ(ขาเข้า),พญาไท,3,09:00-16:00,0,1,0
อนุสาวรีย์ชัยสมรภูมิ(ขาเข้า),พญาไท,3,16:00-19:00,0,1,0
อนุสาวรีย์ชัยสมรภูมิ(ขาเข้า),พญาไท,4,07:00-09:00,0,1,0
อนุสาวรีย์ชัยสมรภูมิ(ขาเข้า),พญาไท,4,09:00-16:00,0,1,0
อนุสาวรีย์ชัยสมรภูมิ(ขาเข้า),พญาไท,4,16:00-19:00,0,1,0
อนุสาวรีย์ชัยสมรภูมิ(ขาเข้า),พหลโยธิน,1,07:00-09:00,1,0,0
อนุสาวรีย์ชัยสมรภูมิ(ขาเข้า),พหลโยธิน,1,09:00-16:00,1,0,0
อนุสาวรีย์ชัยสมรภูมิ(ขาเข้า),พหลโยธิน,1,16:00-19:00,1,0,0
อนุสาวรีย์ชัยสมรภูมิ(ขาเข้า),พหลโยธิน,3,07:00-09:00,0,1,0
อนุสาวรีย์ชัยสมรภูมิ(ขาเข้า),พหลโยธิน,3,09:00-16:00,0,1,0
อนุสาวรีย์ชัยสมรภูมิ(ขาเข้า),พหลโยธิน,3,16:00-19:00,0,1,0
อนุสาวรีย์ชัยสมรภูมิ(ขาเข้า),พหลโยธิน,4,07:00-09:00,0,1,0
อนุสาวรีย์ชัยสมรภูมิ(ขาเข้า),พหลโยธิน,4,09:00-16:00,0,1,0
อนุสาวรีย์ชัยสมรภูมิ(ขาเข้า),พหลโยธิน,4,16:00-19:00,0,1,0
อนุสาวรีย์ชัยสมรภูมิ(ขาเข้า),ราชวิถี,1,07:00-09:00,1,0,0
อนุสาวรีย์ชัยสมรภูมิ(ขาเข้า),ราชวิถี,1,09:00-16:00,1,0,0
อนุสาวรีย์ชัยสมรภูมิ(ขาเข้า),ราชวิถี,1,16:00-19:00,1,0,0
อนุสาวรีย์ชัยสมรภูมิ(ขาเข้า),ราชวิถี,3,07:00-09:00,0,1,0
อนุสาวรีย์ชัยสมรภูมิ(ขาเข้า),ราชวิถี,3,09:00-16:00,0,1,0
อนุสาวรีย์ชัยสมรภูมิ(ขาเข้า),ราชวิถี,4,07:00-09:00,0,1,0
อนุสาวรีย์ชัยสมรภูมิ(ขาเข้า),ราชวิถี,4,09:00-16:00,0,1,0
อนุสาวรีย์ชัยสมรภูมิ(ขาเข้า),ราชวิถี,4,16:00-19:00,0,1,0
อนุสาวรีย์ประชาธิปไตย,ดินสอ,2,07:00-09:00,0,0,1
อนุสาวรีย์ประชาธิปไตย,ดินสอ,2,09:00-17:00,0,0,1
อนุสาวรีย์ประชาธิปไตย,ดินสอ,2,17:00-19:00,0,0,1
อนุสาวรีย์ประชาธิปไตย,ดินสอ,3,07:00-09:00,1,0,0
อนุสาวรีย์ประชาธิปไตย,ดินสอ,3,09:00-16:00,1,0,0
อนุสาวรีย์ประชาธิปไตย,ดินสอ,3,16:00-19:00,1,0,0
อนุสาวรีย์ประชาธิปไตย,ดินสอ,4,06:30-09:00,1,0,0
อนุสาวรีย์ประชาธิปไตย,ดินสอ,4,09:00-16:00,1,0,0
อนุสาวรีย์ประชาธิปไตย,ดินสอ,4,16:00-19:30,1,0,0
อนุสาวรีย์ประชาธิปไตย,ราชดำนินกลาง,4,06:30-09:00,1,0,0
อนุสาวรีย์ประชาธิปไตย,ราชดำนินกลาง,4,09:00-16:00,1,0,0
อนุสาวรีย์ประชาธิปไตย,ราชดำนินกลาง,4,16:00-19:30,1,0,0
อนุสาวรีย์ประชาธิปไตย,ราชดำเนิน,1,07:00-09:00,1,0,0
อนุสาวรีย์ประชาธิปไตย,ราชดำเนิน,1,09:00-16:00,1,0,0
อนุสาวรีย์ประชาธิปไตย,ราชดำเนิน,1,16:00-19:00,1,0,0
อนุสาวรีย์ประชาธิปไตย,ราชดำเนิน,2,07:00-09:00,0,0,1
อนุสาวรีย์ประชาธิปไตย,ราชดำเนิน,2,09:00-17:00,0,0,1
อนุสาวรีย์ประชาธิปไตย,ราชดำเนิน,2,17:00-19:00,0,0,1
อนุสาวรีย์ประชาธิปไตย,ราชดำเนิน,4,07:00-09:00,1,0,0
อนุสาวรีย์ประชาธิปไตย,ราชดำเนิน,4,09:00-16:00,1,0,0
อนุสาวรีย์ประชาธิปไตย,ราชดำเนิน,4,16:00-19:00,1,0,0
อนุสาวรีย์ประชาธิปไตย,ราชดำเนินกลาง,3,07:00-09:00,1,0,0
อนุสาวรีย์ประชาธิปไตย,ราชดำเนินกลาง,3,09:00-16:00,1,0,0
อนุสาวรีย์ประชาธิปไตย,ราชดำเนินกลาง,3,16:00-19:00,1,0,0
อนุสาวรีย์ประชาธิปไตย(ขาออก),ดินสอ,1,07:00-09:00,0,1,0
อนุสาวรีย์ประชาธิปไตย(ขาออก),ดินสอ,1,09:00-16:00,0,1,0
อนุสาวรีย์ประชาธิปไตย(ขาออก),ดินสอ,1,16:00-19:00,0,1,0
อนุสาวรีย์ประชาธิปไตย(ขาออก),ดินสอ,4,07:00-09:00,0,1,1
อนุสาวรีย์ประชาธิปไตย(ขาออก),ดินสอ,4,09:00-16:00,0,1,0
อนุสาวรีย์ประชาธิปไตย(ขาออก),ดินสอ,4,09:00-17:00,0,0,1
อนุสาวรีย์ประชาธิปไตย(ขาออก),ดินสอ,4,16:00-19:00,0,1,0
อนุสาวรีย์ประชาธิปไตย(ขาออก),ดินสอ,4,17:00-19:00,0,0,1
อนุสาวรีย์ประชาธิปไตย(ขาออก),ราชดำเนิน,4,07:00-09:00,0,1,1
อนุสาวรีย์ประชาธิปไตย(ขาออก),ราชดำเนิน,4,09:00-16:00,0,1,0
อนุสาวรีย์ประชาธิปไตย(ขาออก),ราชดำเนิน,4,09:00-17:00,0,0,1
อนุสาวรีย์ประชาธิปไตย(ขาออก),ราชดำเนิน,4,16:00-19:00,0,1,0
อนุสาวรีย์ประชาธิปไตย(ขาออก),ราชดำเนิน,4,17:00-19:00,0,0,1
อนุสาวรีย์ประชาธิปไตย(ขาออก),ราชดำเนินกลาง,1,07:00-09:00,0,1,0
อนุสาวรีย์ประชาธิปไตย(ขาออก),ราชดำเนินกลาง,1,09:00-16:00,0,1,0
อนุสาวรีย์ประชาธิปไตย(ขาออก),ราชดำเนินกลาง,1,16:00-19:00,0,1,0
อนุสาวรีย์ประชาธิปไตย(ขาออกแยก),ดินสอ,1,06:30-09:00,0,1,0
อนุสาวรีย์ประชาธิปไตย(ขาออกแยก),ดินสอ,1,09:00-16:00,0,1,0
อนุสาวรีย์ประชาธิปไตย(ขาออกแยก),ดินสอ,1,16:00-19:30,0,1,0
อนุสาวรีย์ประชาธิปไตย(ขาออกแยก),ราชดำเนินกลาง,1,06:30-09:00,0,1,0
อนุสาวรีย์ประชาธิปไตย(ขาออกแยก),ราชดำเนินกลาง,1,09:00-16:00,0,1,0
อนุสาวรีย์ประชาธิปไตย(ขาออกแยก),ราชดำเนินกลาง,1,16:00-19:30,0,1,0
อนุสาวรีย์ประชาธิปไตย(ขาเข้า),ดินสอ,1,07:00-09:00,0,1,0
อนุสาวรีย์ประชาธิปไตย(ขาเข้า),ดินสอ,1,09:00-16:00,0,1,0
อนุสาวรีย์ประชาธิปไตย(ขาเข้า),ดินสอ,1,16:00-19:00,0,1,0
อนุสาวรีย์ประชาธิปไตย(ขาเข้า),ดินสอ,4,07:00-09:00,0,1,1
อนุสาวรีย์ประชาธิปไตย(ขาเข้า),ดินสอ,4,09:00-16:00,0,1,0
อนุสาวรีย์ประชาธิปไตย(ขาเข้า),ดินสอ,4,09:00-17:00,0,0,1
อนุสาวรีย์ประชาธิปไตย(ขาเข้า),ดินสอ,4,16:00-19:00,0,1,0
อนุสาวรีย์ประชาธิปไตย(ขาเข้า),ดินสอ,4,17:00-19:00,0,0,1
อนุสาวรีย์ประชาธิปไตย(ขาเข้า),ราชดำเนิน,4,07:00-09:00,0,1,1
อนุสาวรีย์ประชาธิปไตย(ขาเข้า),ราชดำเนิน,4,09:00-16:00,0,1,0
อนุสาวรีย์ประชาธิปไตย(ขาเข้า),ราชดำเนิน,4,09:00-17:00,0,0,1
อนุสาวรีย์ประชาธิปไตย(ขาเข้า),ราชดำเนิน,4,16:00-19:00,0,1,0
อนุสาวรีย์ประชาธิปไตย(ขาเข้า),ราชดำเนิน,4,17:00-19:00,0,0,1
อนุสาวรีย์ประชาธิปไตย(ขาเข้า),ราชดำเนินกลาง,1,07:00-09:00,0,1,0
อนุสาวรีย์ประชาธิปไตย(ขาเข้า),ราชดำเนินกลาง,1,09:00-16:00,0,1,0
อนุสาวรีย์ประชาธิปไตย(ขาเข้า),ราชดำเนินกลาง,1,16:00-19:00,0,1,0
อนุสาวรีย์ประชาธิปไตย(ขาเข้าแยก),ดินสอ,1,06:30-09:00,0,1,0
อนุสาวรีย์ประชาธิปไตย(ขาเข้าแยก),ดินสอ,1,09:00-16:00,0,1,0
อนุสาวรีย์ประชาธิปไตย(ขาเข้าแยก),ดินสอ,1,16:00-19:30,0,1,0
อนุสาวรีย์ประชาธิปไตย(ขาเข้าแยก),ราชดำเนินกลาง,1,06:30-09:00,0,1,0
อนุสาวรีย์ประชาธิปไตย(ขาเข้าแยก),ราชดำเนินกลาง,1,09:00-16:00,0,1,0
อนุสาวรีย์ประชาธิปไตย(ขาเข้าแยก),ราชดำเนินกลาง,1,16:00-19:30,0,1,0
อนุสาวสรีย์ประชาธิปไตย(ขาออก),ดินสอ,3,07:00-09:00,1,0,0
อนุสาวสรีย์ประชาธิปไตย(ขาออก),ดินสอ,3,09:00-16:00,1,0,0
อนุสาวสรีย์ประชาธิปไตย(ขาออก),ดินสอ,3,16:00-19:00,1,0,0
อนุสาวสรีย์ประชาธิปไตย(ขาออก),ราชดำเนินกลาง,3,07:00-09:00,1,0,0
อนุสาวสรีย์ประชาธิปไตย(ขาออก),ราชดำเนินกลาง,3,09:00-16:00,1,0,0
อนุสาวสรีย์ประชาธิปไตย(ขาออก),ราชดำเนินกลาง,3,16:00-19:00,1,0,0
อนุสาวสรีย์ประชาธิปไตย(ขาเข้า),ดินสอ,3,07:00-09:00,1,0,0
อนุสาวสรีย์ประชาธิปไตย(ขาเข้า),ดินสอ,3,09:00-16:00,1,0,0
อนุสาวสรีย์ประชาธิปไตย(ขาเข้า),ดินสอ,3,16:00-19:00,1,0,0
อนุสาวสรีย์ประชาธิปไตย(ขาเข้า),ราชดำเนินกลาง,3,07:00-09:00,1,0,0
อนุสาวสรีย์ประชาธิปไตย(ขาเข้า),ราชดำเนินกลาง,3,09:00-16:00,1,0,0
อนุสาวสรีย์ประชาธิปไตย(ขาเข้า),ราชดำเนินกลาง,3,16:00-19:00,1,0,0
อรุณอมรินทร์,สมเด็จพระปิ่นเกล้า,1,07:00-09:00,0,0,1
อรุณอมรินทร์,สมเด็จพระปิ่นเกล้า,1,09:00-17:00,0,0,1
อรุณอมรินทร์,สมเด็จพระปิ่นเกล้า,1,17:00-19:00,0,0,1
อรุณอมรินทร์,สมเด็จพระปิ่นเกล้า,3,07:00-09:00,0,1,0
อรุณอมรินทร์,สมเด็จพระปิ่นเกล้า,3,09:00-16:00,0,1,0
อรุณอมรินทร์,สมเด็จพระปิ่นเกล้า,3,16:00-19:00,0,1,0
อรุณอมรินทร์,อรุณอมรินทร์,1,07:00-09:00,0,0,1
อรุณอมรินทร์,อรุณอมรินทร์,1,09:00-17:00,0,0,1
อรุณอมรินทร์,อรุณอมรินทร์,1,17:00-19:00,0,0,1
อรุณอมรินทร์,อรุณอมรินทร์,3,07:00-09:00,0,1,0
อรุณอมรินทร์,อรุณอมรินทร์,3,09:00-16:00,0,1,0
อรุณอมรินทร์,อรุณอมรินทร์,3,16:00-19:00,0,1,0
อรุณอมรินทร์-วังเดิม,วังเดิม,1,07:00-09:00,0,0,1
อรุณอมรินทร์-วังเดิม,วังเดิม,1,09:00-17:00,0,0,1
อรุณอมรินทร์-วังเดิม,วังเดิม,1,17:00-19:00,0,0,1
อรุณอมรินทร์-วังเดิม,วังเดิม,3,07:00-09:00,0,0,1
อรุณอมรินทร์-วังเดิม,วังเดิม,3,09:00-17:00,0,0,1
อรุณอมรินทร์-วังเดิม,วังเดิม,3,17:00-19:00,0,0,1
อรุณอมรินทร์-วังเดิม,อรุณอมรินทร์,3,07:00-09:00,0,0,1
อรุณอมรินทร์-วังเดิม,อรุณอมรินทร์,3,09:00-17:00,0,0,1
อรุณอมรินทร์-วังเดิม,อรุณอมรินทร์,3,17:00-19:00,0,0,1
อรุณอมรินทร์-วังเดิม,อรุณอัมรินทร์ตัดใหม่,1,07:00-09:00,0,0,1
อรุณอมรินทร์-วังเดิม,อรุณอัมรินทร์ตัดใหม่,1,09:00-17:00,0,0,1
อรุณอมรินทร์-วังเดิม,อรุณอัมรินทร์ตัดใหม่,1,17:00-19:00,0,0,1
อรุณอมรินทร์ตัดใหม่,วังเดิม,3,07:00-09:00,0,1,0
อรุณอมรินทร์ตัดใหม่,วังเดิม,3,09:00-16:00,0,1,0
อรุณอมรินทร์ตัดใหม่,วังเดิม,3,16:00-19:00,0,1,0
อรุณอมรินทร์ตัดใหม่,อรุณอมรินทร์ตัดใหม่,3,07:00-09:00,0,1,0
อรุณอมรินทร์ตัดใหม่,อรุณอมรินทร์ตัดใหม่,3,09:00-16:00,0,1,0
อรุณอมรินทร์ตัดใหม่,อรุณอมรินทร์ตัดใหม่,3,16:00-19:00,0,1,0
อรุณอมรินทร์ตัดใหม่-วังเดิม,มักกะสัน,3,07:00-09:00,0,1,0
อรุณอมรินทร์ตัดใหม่-วังเดิม,มักกะสัน,3,09:00-16:00,0,1,0
อรุณอมรินทร์ตัดใหม่-วังเดิม,มักกะสัน,3,16:00-19:00,0,1,0
อรุณอมรินทร์ตัดใหม่-วังเดิม,ราชปรารภ,3,07:00-09:00,0,1,0
อรุณอมรินทร์ตัดใหม่-วังเดิม,ราชปรารภ,3,09:00-16:00,0,1,0
อรุณอมรินทร์ตัดใหม่-วังเดิม,ราชปรารภ,3,16:00-19:00,0,1,0
อรุณอมรินทร์ตัดใหม่-วังเดิม,วังเดิม,3,07:00-09:00,0,1,0
อรุณอมรินทร์ตัดใหม่-วังเดิม,วังเดิม,3,09:00-16:00,0,1,0
อรุณอมรินทร์ตัดใหม่-วังเดิม,วังเดิม,3,16:00-19:00,0,1,0
อรุณอมรินทร์ตัดใหม่-วังเดิม,อรุณอมรินทร์,3,07:00-09:00,0,1,0
อรุณอมรินทร์ตัดใหม่-วังเดิม,อรุณอมรินทร์,3,09:00-16:00,0,1,0
อรุณอมรินทร์ตัดใหม่-วังเดิม,อรุณอมรินทร์,3,16:00-19:00,0,1,0
อรุณอัมรินทร์,สมเด็จพระปิ่นเกล้า,3,07:00-09:00,1,0,1
อรุณอัมรินทร์,สมเด็จพระปิ่นเกล้า,3,09:00-16:00,1,0,0
อรุณอัมรินทร์,สมเด็จพระปิ่นเกล้า,3,09:00-17:00,0,0,1
อรุณอัมรินทร์,สมเด็จพระปิ่นเกล้า,3,16:00-19:00,1,0,0
อรุณอัมรินทร์,สมเด็จพระปิ่นเกล้า,3,17:00-19:00,0,0,1
อรุณอัมรินทร์,อรุณอัมรินทร์,3,07:00-09:00,1,0,1
อรุณอัมรินทร์,อรุณอัมรินทร์,3,09:00-16:00,1,0,0
อรุณอัมรินทร์,อรุณอัมรินทร์,3,09:00-17:00,0,0,1
อรุณอัมรินทร์,อรุณอัมรินทร์,3,16:00-19:00,1,0,0
อรุณอัมรินทร์,อรุณอัมรินทร์,3,17:00-19:00,0,0,1
อรุณอัมรินทร์ตัดใหม่-วังเดิม,วังเดิม,4,07:00-09:00,1,0,0
อรุณอัมรินทร์ตัดใหม่-วังเดิม,วังเดิม,4,09:00-16:00,1,0,0
อรุณอัมรินทร์ตัดใหม่-วังเดิม,วังเดิม,4,16:00-19:00,1,0,0
อรุณอัมรินทร์ตัดใหม่-วังเดิม,อรุณอัมรินทร์ตัดใหม่,4,07:00-09:00,1,0,0
อรุณอัมรินทร์ตัดใหม่-วังเดิม,อรุณอัมรินทร์ตัดใหม่,4,09:00-16:00,1,0,0
อรุณอัมรินทร์ตัดใหม่-วังเดิม,อรุณอัมรินทร์ตัดใหม่,4,16:00-19:00,1,0,0
อังรีดูนังต์,ทางเข้ากองบัญชาการ,1,07:00-09:00,0,0,1
อังรีดูนังต์,ทางเข้ากองบัญชาการ,1,09:00-16:00,0,0,1
อังรีดูนังต์,ทางเข้ากองบัญชาการ,1,16:00-19:00,0,0,1
อังรีดูนังต์,พระรามที่4,1,07:00-09:00,0,1,2
อังรีดูนังต์,พระรามที่4,1,09:00-16:00,0,1,1
อังรีดูนังต์,พระรามที่4,1,09:00-17:00,0,0,1
อังรีดูนังต์,พระรามที่4,1,16:00-19:00,0,1,1
อังรีดูนังต์,พระรามที่4,1,17:00-19:00,0,0,1
อังรีดูนังต์,พระรามที่4,4,07:00-09:00,1,0,1
อังรีดูนังต์,พระรามที่4,4,09:00-16:00,1,0,0
อังรีดูนังต์,พระรามที่4,4,09:00-17:00,0,0,1
อังรีดูนังต์,พระรามที่4,4,16:00-19:00,1,0,0
อังรีดูนังต์,พระรามที่4,4,17:00-19:00,0,0,1
อังรีดูนังต์,สุรวงศ์,1,07:00-09:00,0,1,2
อังรีดูนังต์,สุรวงศ์,1,09:00-16:00,0,1,1
อังรีดูนังต์,สุรวงศ์,1,09:00-17:00,0,0,1
อังรีดูนังต์,สุรวงศ์,1,16:00-19:00,0,1,1
อังรีดูนังต์,สุรวงศ์,1,17:00-19:00,0,0,1
อังรีดูนังต์,สุรวงศ์,4,07:00-09:00,1,0,1
อังรีดูนังต์,สุรวงศ์,4,09:00-16:00,1,0,0
อังรีดูนังต์,สุรวงศ์,4,09:00-17:00,0,0,1
อังรีดูนังต์,สุรวงศ์,4,16:00-19:00,1,0,0
อังรีดูนังต์,สุรวงศ์,4,17:00-19:00,0,0,1
อังรีดูนังต์,อังรีดูนังต์,1,07:00-09:00,0,1,2
อังรีดูนังต์,อังรีดูนังต์,1,09:00-16:00,0,1,1
อังรีดูนังต์,อังรีดูนังต์,1,09:00-17:00,0,0,1
อังรีดูนังต์,อังรีดูนังต์,1,16:00-19:00,0,1,1
อังรีดูนังต์,อังรีดูนังต์,1,17:00-19:00,0,0,1
อังรีดูนังต์,อังรีดูนังต์,4,07:00-09:00,1,0,1
อังรีดูนังต์,อังรีดูนังต์,4,09:00-16:00,1,0,0
อังรีดูนังต์,อังรีดูนังต์,4,09:00-17:00,0,0,1
อังรีดูนังต์,อังรีดูนังต์,4,16:00-19:00,1,0,0
อังรีดูนังต์,อังรีดูนังต์,4,17:00-19:00,0,0,1
อัษฎางค์-พระยาศรี,พระยาศรี,3,07:00-09:00,0,1,0
อัษฎางค์-พระยาศรี,พระยาศรี,3,09:00-16:00,0,1,0
อัษฎางค์-พระยาศรี,พระยาศรี,3,16:00-19:00,0,1,0
อัษฎางค์-พระยาศรี,อัษฎางค์,3,07:00-09:00,0,1,0
อัษฎางค์-พระยาศรี,อัษฎางค์,3,09:00-16:00,0,1,0
อัษฎางค์-พระยาศรี,อัษฎางค์,3,16:00-19:00,0,1,0
อัษฎางค์-ราชบพิธ,อัษฎางค์,2,07:00-09:00,0,1,0
อัษฎางค์-ราชบพิธ,อัษฎางค์,2,09:00-16:00,0,1,0
อัษฎางค์-ราชบพิธ,อัษฎางค์,2,16:00-19:00,0,1,0
อาคารAmericanStandard,รัชดาภิเษก,3,07:00-09:00,0,1,0
อาคารAmericanStandard,รัชดาภิเษก,3,09:00-16:00,0,1,0
อาคารAmericanStandard,รัชดาภิเษก,3,16:00-19:00,0,1,0
อาคารสงเคราะห์กองทัพบก(บางซื่อ),ทางเข้าออกอาคารสงเคราะห์กองทัพบก,3,07:00-09:00,0,0,1
อาคารสงเคราะห์กองทัพบก(บางซื่อ),ทางเข้าออกอาคารสงเคราะห์กองทัพบก,3,09:00-17:00,0,0,1
อาคารสงเคราะห์กองทัพบก(บางซื่อ),ทางเข้าออกอาคารสงเคราะห์กองทัพบก,3,17:00-19:00,0,0,1
อาคารสงเคราะห์กองทัพบก(บางซื่อ),เทอดดำริ,3,07:00-09:00,0,0,1
อาคารสงเคราะห์กองทัพบก(บางซื่อ),เทอดดำริ,3,09:00-17:00,0,0,1
อาคารสงเคราะห์กองทัพบก(บางซื่อ),เทอดดำริ,3,17:00-19:00,0,0,1
อาคารสงเคราะห์กองทัพบก(เทอดดำริ),ทางเข้าออกอาคารสงเคราะห์กองทัพบก,3,07:00-09:00,0,0,1
อาคารสงเคราะห์กองทัพบก(เทอดดำริ),ทางเข้าออกอาคารสงเคราะห์กองทัพบก,3,09:00-17:00,0,0,1
อาคารสงเคราะห์กองทัพบก(เทอดดำริ),ทางเข้าออกอาคารสงเคราะห์กองทัพบก,3,17:00-19:00,0,0,1
อาคารสงเคราะห์กองทัพบก(เทอดดำริ),เทอดดำริ,3,07:00-09:00,0,0,1
อาคารสงเคราะห์กองทัพบก(เทอดดำริ),เทอดดำริ,3,09:00-17:00,0,0,1
อาคารสงเคราะห์กองทัพบก(เทอดดำริ),เทอดดำริ,3,17:00-19:00,0,0,1
อารีย์สัมพันธ์,ซอยอารีย์สัมพันธ์,1,07:00-09:00,1,0,0
อารีย์สัมพันธ์,ซอยอารีย์สัมพันธ์,1,09:00-16:00,1,0,0
อารีย์สัมพันธ์,ซอยอารีย์สัมพันธ์,1,16:00-19:00,1,0,0
อารีย์สัมพันธ์,พระรามที่6,1,07:00-09:00,1,0,1
อารีย์สัมพันธ์,พระรามที่6,1,09:00-16:00,1,0,0
อารีย์สัมพันธ์,พระรามที่6,1,09:00-17:00,0,0,1
อารีย์สัมพันธ์,พระรามที่6,1,16:00-19:00,1,0,0
อารีย์สัมพันธ์,พระรามที่6,1,17:00-19:00,0,0,1
อารีย์สัมพันธ์,อารีย์สัมพันธ์,1,07:00-09:00,0,0,1
อารีย์สัมพันธ์,อารีย์สัมพันธ์,1,09:00-17:00,0,0,1
อารีย์สัมพันธ์,อารีย์สัมพันธ์,1,17:00-19:00,0,0,1
อาร์ซีเอ,จตุรทิศ,2,07:00-09:00,0,0,1
อาร์ซีเอ,จตุรทิศ,2,09:00-17:00,0,0,1
อาร์ซีเอ,จตุรทิศ,2,17:00-19:00,0,0,1
อาร์ซีเอ,พระราม9ซอย8,2,07:00-09:00,0,0,1
อาร์ซีเอ,พระราม9ซอย8,2,09:00-17:00,0,0,1
อาร์ซีเอ,พระราม9ซอย8,2,17:00-19:00,0,0,1
อำนวยสงคราม,พิชัย,3,07:00-09:00,1,0,0
อำนวยสงคราม,พิชัย,3,09:00-16:00,1,0,0
อำนวยสงคราม,พิชัย,3,16:00-19:00,1,0,0
อำนวยสงคราม,อำนวยสงคราม,3,07:00-09:00,1,0,0
อำนวยสงคราม,อำนวยสงคราม,3,09:00-16:00,1,0,0
อำนวยสงคราม,อำนวยสงคราม,3,16:00-19:00,1,0,0
อำนวยสงคราม-ร่วมจิตต์,ร่วมจิตต์,2,07:00-09:00,1,0,0
อำนวยสงคราม-ร่วมจิตต์,ร่วมจิตต์,2,09:00-16:00,1,0,0
อำนวยสงคราม-ร่วมจิตต์,ร่วมจิตต์,2,16:00-19:00,1,0,0
อำนวยสงคราม-ร่วมจิตต์,ร่วมจิตต์,3,07:00-09:00,0,0,1
อำนวยสงคราม-ร่วมจิตต์,ร่วมจิตต์,3,09:00-16:00,0,0,1
อำนวยสงคราม-ร่วมจิตต์,ร่วมจิตต์,3,16:00-19:00,0,0,1
อำนวยสงคราม-ร่วมจิตต์,อำนวยสงคราม,2,07:00-09:00,1,0,0
อำนวยสงคราม-ร่วมจิตต์,อำนวยสงคราม,2,09:00-16:00,1,0,0
อำนวยสงคราม-ร่วมจิตต์,อำนวยสงคราม,2,16:00-19:00,1,0,0
อำนวยสงคราม-ร่วมจิตต์,อำนวยสงคราม,3,07:00-09:00,0,0,1
อำนวยสงคราม-ร่วมจิตต์,อำนวยสงคราม,3,09:00-16:00,0,0,1
อำนวยสงคราม-ร่วมจิตต์,อำนวยสงคราม,3,16:00-19:00,0,0,1
อินทาบัจ13-เพชรเกษม63,ซอยอินทาปัจ13,2,07:00-09:00,1,0,0
อินทาบัจ13-เพชรเกษม63,ซอยอินทาปัจ13,2,09:00-16:00,1,0,0
อินทาบัจ13-เพชรเกษม63,ซอยอินทาปัจ13,2,16:00-19:00,1,0,0
อินทาบัจ13-เพชรเกษม63,ซอยเพชรเกษม63,2,07:00-09:00,1,0,0
อินทาบัจ13-เพชรเกษม63,ซอยเพชรเกษม63,2,09:00-16:00,1,0,0
อินทาบัจ13-เพชรเกษม63,ซอยเพชรเกษม63,2,16:00-19:00,1,0,0
อินทาปัจ13-เพชรเกษม69,อินทาปัจ13,4,07:00-09:00,0,0,1
อินทาปัจ13-เพชรเกษม69,อินทาปัจ13,4,09:00-17:00,0,0,1
อินทาปัจ13-เพชรเกษม69,อินทาปัจ13,4,17:00-19:00,0,0,1
อินทาปัจ13-เพชรเกษม69,เพชรเกษม69,4,07:00-09:00,0,0,1
อินทาปัจ13-เพชรเกษม69,เพชรเกษม69,4,09:00-17:00,0,0,1
อินทาปัจ13-เพชรเกษม69,เพชรเกษม69,4,17:00-19:00,0,0,1
อินทาปัจ13-เพชรเกษม69,เลียบคลองภาษีเจริญฝั่งเหนือ,4,07:00-09:00,0,0,1
อินทาปัจ13-เพชรเกษม69,เลียบคลองภาษีเจริญฝั่งเหนือ,4,09:00-17:00,0,0,1
อินทาปัจ13-เพชรเกษม69,เลียบคลองภาษีเจริญฝั่งเหนือ,4,17:00-19:00,0,0,1
อิสรภาพ-อิสรภาพ21,อิสรภาพ,2,07:00-09:00,0,0,1
อิสรภาพ-อิสรภาพ21,อิสรภาพ,2,09:00-17:00,0,0,1
อิสรภาพ-อิสรภาพ21,อิสรภาพ,2,17:00-19:00,0,0,1
อิสรภาพ-อิสรภาพ21,อิสรภาพ21,2,07:00-09:00,0,0,1
อิสรภาพ-อิสรภาพ21,อิสรภาพ21,2,09:00-17:00,0,0,1
อิสรภาพ-อิสรภาพ21,อิสรภาพ21,2,17:00-19:00,0,0,1
อิสรภาพ-อิสรภาพ44-วัดดงมูลเหล็ก,อิสรภาพ,2,07:00-09:00,0,0,1
อิสรภาพ-อิสรภาพ44-วัดดงมูลเหล็ก,อิสรภาพ,2,09:00-17:00,0,0,1
อิสรภาพ-อิสรภาพ44-วัดดงมูลเหล็ก,อิสรภาพ,2,17:00-19:00,0,0,1
อิสรภาพ-อิสรภาพ44-วัดดงมูลเหล็ก,อิสรภาพ44,2,07:00-09:00,0,0,1
อิสรภาพ-อิสรภาพ44-วัดดงมูลเหล็ก,อิสรภาพ44,2,09:00-17:00,0,0,1
อิสรภาพ-อิสรภาพ44-วัดดงมูลเหล็ก,อิสรภาพ44,2,17:00-19:00,0,0,1
อิสรภาพ42,อิสรภาพ,4,07:00-09:00,0,0,1
อิสรภาพ42,อิสรภาพ,4,09:00-17:00,0,0,1
อิสรภาพ42,อิสรภาพ,4,17:00-19:00,0,0,1
อิสรภาพ42,อิสรภาพ42,4,07:00-09:00,0,0,1
อิสรภาพ42,อิสรภาพ42,4,09:00-17:00,0,0,1
อิสรภาพ42,อิสรภาพ42,4,17:00-19:00,0,0,1
อุณากรรณ,อุณากรรณ,1,07:00-09:00,1,0,0
อุณากรรณ,อุณากรรณ,1,09:00-16:00,1,0,0
อุณากรรณ,อุณากรรณ,1,16:00-19:00,1,0,0
อุณากรรณ,อุณากรรณ,2,07:00-09:00,0,1,1
อุณากรรณ,อุณากรรณ,2,09:00-16:00,0,1,0
อุณากรรณ,อุณากรรณ,2,09:00-17:00,0,0,1
อุณากรรณ,อุณากรรณ,2,16:00-19:00,0,1,0
อุณากรรณ,อุณากรรณ,2,17:00-19:00,0,0,1
อุณากรรณ,อุณากรรณ,3,07:00-09:00,1,0,0
อุณากรรณ,อุณากรรณ,3,09:00-16:00,1,0,0
อุณากรรณ,อุณากรรณ,3,16:00-19:00,1,0,0
อุณากรรณ,เจริญกรุง,1,07:00-09:00,1,0,0
อุณากรรณ,เจริญกรุง,1,09:00-16:00,1,0,0
อุณากรรณ,เจริญกรุง,1,16:00-19:00,1,0,0
อุณากรรณ,เจริญกรุง,2,07:00-09:00,0,1,1
อุณากรรณ,เจริญกรุง,2,09:00-16:00,0,1,0
อุณากรรณ,เจริญกรุง,2,09:00-17:00,0,0,1
อุณากรรณ,เจริญกรุง,2,16:00-19:00,0,1,0
อุณากรรณ,เจริญกรุง,2,17:00-19:00,0,0,1
อุณากรรณ,เจริญกรุง,3,07:00-09:00,1,0,0
อุณากรรณ,เจริญกรุง,3,09:00-16:00,1,0,0
อุณากรรณ,เจริญกรุง,3,16:00-19:00,1,0,0
อุณากรรณ-ลงท่า,ลงท่า,3,07:00-09:00,0,1,0
อุณากรรณ-ลงท่า,ลงท่า,3,09:00-16:00,0,1,0
อุณากรรณ-ลงท่า,ลงท่า,3,16:00-19:00,0,1,0
อุณากรรณ-ลงท่า,ศิริพงษ์,3,07:00-09:00,0,1,0
อุณากรรณ-ลงท่า,ศิริพงษ์,3,09:00-16:00,0,1,0
อุณากรรณ-ลงท่า,ศิริพงษ์,3,16:00-19:00,0,1,0
อุณากรรณ-ลงท่า,อุณากรรณ,3,07:00-09:00,0,1,0
อุณากรรณ-ลงท่า,อุณากรรณ,3,09:00-16:00,0,1,0
อุณากรรณ-ลงท่า,อุณากรรณ,3,16:00-19:00,0,1,0
อุดมสุข,ซอยสุขุมวิท103(อุดมสุข),3,07:00-09:00,1,0,0
อุดมสุข,ซอยสุขุมวิท103(อุดมสุข),3,09:00-16:00,1,0,0
อุดมสุข,ซอยสุขุมวิท103(อุดมสุข),3,16:00-19:00,1,0,0
อุดมสุข,ซอยสุขุมวิท103(อุดมสุข),4,07:00-09:00,1,0,0
อุดมสุข,ซอยสุขุมวิท103(อุดมสุข),4,09:00-16:00,1,0,0
อุดมสุข,ซอยสุขุมวิท103(อุดมสุข),4,16:00-19:00,1,0,0
อุดมสุข,สุขุมวิท,2,07:00-09:00,0,1,1
อุดมสุข,สุขุมวิท,2,09:00-16:00,0,1,0
อุดมสุข,สุขุมวิท,2,09:00-17:00,0,0,1
อุดมสุข,สุขุมวิท,2,16:00-19:00,0,1,0
อุดมสุข,สุขุมวิท,2,17:00-19:00,0,0,1
อุดมสุข,สุขุมวิท,3,07:00-09:00,1,0,0
อุดมสุข,สุขุมวิท,3,09:00-16:00,1,0,0
อุดมสุข,สุขุมวิท,3,16:00-19:00,1,0,0
อุดมสุข,สุขุมวิท,4,07:00-09:00,1,0,1
อุดมสุข,สุขุมวิท,4,09:00-16:00,1,0,0
อุดมสุข,สุขุมวิท,4,09:00-17:00,0,0,1
อุดมสุข,สุขุมวิท,4,16:00-19:00,1,0,0
อุดมสุข,สุขุมวิท,4,17:00-19:00,0,0,1
อุดมสุข,สุขุมวิท103,2,07:00-09:00,0,0,1
อุดมสุข,สุขุมวิท103,2,09:00-17:00,0,0,1
อุดมสุข,สุขุมวิท103,2,17:00-19:00,0,0,1
อุดมสุข,สุขุมวิท103,4,07:00-09:00,0,0,1
อุดมสุข,สุขุมวิท103,4,09:00-17:00,0,0,1
อุดมสุข,สุขุมวิท103,4,17:00-19:00,0,0,1
อุดมสุข,สุขุมวิท103(อุดมสุข),2,07:00-09:00,0,1,0
อุดมสุข,สุขุมวิท103(อุดมสุข),2,09:00-16:00,0,1,0
อุดมสุข,สุขุมวิท103(อุดมสุข),2,16:00-19:00,0,1,0
อุดมสุข30-27,อุดมสุข,3,07:00-09:00,0,0,1
อุดมสุข30-27,อุดมสุข,3,09:00-16:00,0,0,1
อุดมสุข30-27,อุดมสุข,3,16:00-19:00,0,0,1
อุดมสุข30-27,อุดมสุข27,3,07:00-09:00,0,0,1
อุดมสุข30-27,อุดมสุข27,3,09:00-16:00,0,0,1
อุดมสุข30-27,อุดมสุข27,3,16:00-19:00,0,0,1
อุดมสุข30-27,อุดมสุข30,3,07:00-09:00,0,0,1
อุดมสุข30-27,อุดมสุข30,3,09:00-16:00,0,0,1
อุดมสุข30-27,อุดมสุข30,3,16:00-19:00,0,0,1
อุดมสุข51,อุดมสุข,3,07:00-09:00,0,0,1
อุดมสุข51,อุดมสุข,3,09:00-17:00,0,0,1
อุดมสุข51,อุดมสุข,3,17:00-19:00,0,0,1
อุดมสุข51,อุดมสุข51,3,07:00-09:00,0,0,1
อุดมสุข51,อุดมสุข51,3,09:00-17:00,0,0,1
อุดมสุข51,อุดมสุข51,3,17:00-19:00,0,0,1
อุภัยเจษฎุทิศ,ราชวิถี,2,07:00-09:00,1,1,0
อุภัยเจษฎุทิศ,ราชวิถี,2,09:00-16:00,1,1,0
อุภัยเจษฎุทิศ,ราชวิถี,2,16:00-19:00,1,1,0
อุภัยเจษฎุทิศ,ราชวิถี,4,07:00-09:00,0,0,2
อุภัยเจษฎุทิศ,ราชวิถี,4,09:00-16:00,0,0,1
อุภัยเจษฎุทิศ,ราชวิถี,4,09:00-17:00,0,0,1
อุภัยเจษฎุทิศ,ราชวิถี,4,16:00-19:00,0,0,1
อุภัยเจษฎุทิศ,ราชวิถี,4,17:00-19:00,0,0,1
อุภัยเจษฎุทิศ,สวรรคโลก,2,07:00-09:00,1,1,0
อุภัยเจษฎุทิศ,สวรรคโลก,2,09:00-16:00,1,1,0
อุภัยเจษฎุทิศ,สวรรคโลก,2,16:00-19:00,1,1,0
อุภัยเจษฎุทิศ,สวรรคโลก,4,07:00-09:00,0,0,2
อุภัยเจษฎุทิศ,สวรรคโลก,4,09:00-16:00,0,0,1
อุภัยเจษฎุทิศ,สวรรคโลก,4,09:00-17:00,0,0,1
อุภัยเจษฎุทิศ,สวรรคโลก,4,16:00-19:00,0,0,1
อุภัยเจษฎุทิศ,สวรรคโลก,4,17:00-19:00,0,0,1
อุรุพงษ์,พระรามที่6,1,07:00-09:00,0,0,1
อุรุพงษ์,พระรามที่6,1,09:00-17:00,0,0,1
อุรุพงษ์,พระรามที่6,1,17:00-19:00,0,0,1
อุรุพงษ์,พระรามที่6,2,07:00-09:00,1,1,1
อุรุพงษ์,พระรามที่6,2,09:00-16:00,1,1,0
อุรุพงษ์,พระรามที่6,2,09:00-17:00,0,0,1
อุรุพงษ์,พระรามที่6,2,16:00-19:00,1,1,0
อุรุพงษ์,พระรามที่6,2,17:00-19:00,0,0,1
อุรุพงษ์,พระรามที่6,3,07:00-09:00,0,0,1
อุรุพงษ์,พระรามที่6,3,09:00-17:00,0,0,1
อุรุพงษ์,พระรามที่6,3,17:00-19:00,0,0,1
อุรุพงษ์,เพชรบุรี,1,07:00-09:00,0,0,1
อุรุพงษ์,เพชรบุรี,1,09:00-17:00,0,0,1
อุรุพงษ์,เพชรบุรี,1,17:00-19:00,0,0,1
อุรุพงษ์,เพชรบุรี,2,07:00-09:00,1,1,1
อุรุพงษ์,เพชรบุรี,2,09:00-16:00,1,1,0
อุรุพงษ์,เพชรบุรี,2,09:00-17:00,0,0,1
อุรุพงษ์,เพชรบุรี,2,16:00-19:00,1,1,0
อุรุพงษ์,เพชรบุรี,2,17:00-19:00,0,0,1
อุรุพงษ์,เพชรบุรี,3,07:00-09:00,0,0,1
อุรุพงษ์,เพชรบุรี,3,09:00-17:00,0,0,1
อุรุพงษ์,เพชรบุรี,3,17:00-19:00,0,0,1
อุโมงค์กลับรถถนนพัฒนาการ,พัฒนาการ,1,07:00-09:00,0,0,1
อุโมงค์กลับรถถนนพัฒนาการ,พัฒนาการ,1,09:00-16:00,0,0,1
อุโมงค์กลับรถถนนพัฒนาการ,พัฒนาการ,1,16:00-19:00,0,0,1
อุโมงค์ดินแดง,ดินแดง,1,07:00-09:00,0,0,1
อุโมงค์ดินแดง,ดินแดง,1,09:00-17:00,0,0,1
อุโมงค์ดินแดง,ดินแดง,1,17:00-19:00,0,0,1
อุโมงค์ดินแดง,มุ่งหน้าประชาสงเคราะห์,1,07:00-09:00,0,0,1
อุโมงค์ดินแดง,มุ่งหน้าประชาสงเคราะห์,1,09:00-16:00,0,0,1
อุโมงค์ดินแดง,มุ่งหน้าประชาสงเคราะห์,1,16:00-19:00,0,0,1
อุโมงค์ดินแดง,อุโมงค์ดินแดง,1,07:00-09:00,0,0,1
อุโมงค์ดินแดง,อุโมงค์ดินแดง,1,09:00-17:00,0,0,1
อุโมงค์ดินแดง,อุโมงค์ดินแดง,1,17:00-19:00,0,0,1
อุโมงค์ถาวรธวัช,ถาวรธวัช,1,07:00-09:00,0,0,2
อุโมงค์ถาวรธวัช,ถาวรธวัช,1,09:00-16:00,0,0,1
อุโมงค์ถาวรธวัช,ถาวรธวัช,1,09:00-17:00,0,0,1
อุโมงค์ถาวรธวัช,ถาวรธวัช,1,16:00-19:00,0,0,1
อุโมงค์ถาวรธวัช,ถาวรธวัช,1,17:00-19:00,0,0,1
อุโมงค์ท่าพระ,มุ่งหน้าแยกรัชดา-ราชพฤกษ์,1,07:00-09:00,0,0,1
อุโมงค์ท่าพระ,มุ่งหน้าแยกรัชดา-ราชพฤกษ์,1,09:00-16:00,0,0,1
อุโมงค์ท่าพระ,มุ่งหน้าแยกรัชดา-ราชพฤกษ์,1,16:00-19:00,0,0,1
อุโมงค์ท่าพระ,มุ่งหน้าแยกไฟฉาย,1,07:00-09:00,0,0,1
อุโมงค์ท่าพระ,มุ่งหน้าแยกไฟฉาย,1,09:00-16:00,0,0,1
อุโมงค์ท่าพระ,มุ่งหน้าแยกไฟฉาย,1,16:00-19:00,0,0,1
อุโมงค์บรมราชชนนี,มุ่งหน้าบางขุนนนท์,1,07:00-09:00,0,0,1
อุโมงค์บรมราชชนนี,มุ่งหน้าบางขุนนนท์,1,09:00-16:00,0,0,1
อุโมงค์บรมราชชนนี,มุ่งหน้าบางขุนนนท์,1,16:00-19:00,0,0,1
อุโมงค์บรมราชชนนี,มุ่งหน้าแยกบางพลัด,1,07:00-09:00,0,0,1
อุโมงค์บรมราชชนนี,มุ่งหน้าแยกบางพลัด,1,09:00-16:00,0,0,1
อุโมงค์บรมราชชนนี,มุ่งหน้าแยกบางพลัด,1,16:00-19:00,0,0,1
อุโมงค์บางพลัด,มุ่งหน้าพระราม7,1,07:00-09:00,0,0,1
อุโมงค์บางพลัด,มุ่งหน้าพระราม7,1,09:00-16:00,0,0,1
อุโมงค์บางพลัด,มุ่งหน้าพระราม7,1,16:00-19:00,0,0,1
อุโมงค์บางพลัด,มุ่งหน้าแยกปิ่นเกล้า,1,07:00-09:00,0,0,1
อุโมงค์บางพลัด,มุ่งหน้าแยกปิ่นเกล้า,1,09:00-16:00,0,0,1
อุโมงค์บางพลัด,มุ่งหน้าแยกปิ่นเกล้า,1,16:00-19:00,0,0,1
อุโมงค์บางเขน,มุ่งหน้าสะพานใหม่,1,07:00-09:00,0,0,1
อุโมงค์บางเขน,มุ่งหน้าสะพานใหม่,1,09:00-16:00,0,0,1
อุโมงค์บางเขน,มุ่งหน้าสะพานใหม่,1,16:00-19:00,0,0,1
อุโมงค์บางเขน,มุ่งหน้าแยกเกษตร,1,07:00-09:00,0,0,1
อุโมงค์บางเขน,มุ่งหน้าแยกเกษตร,1,09:00-16:00,0,0,1
อุโมงค์บางเขน,มุ่งหน้าแยกเกษตร,1,16:00-19:00,0,0,1
อุโมงค์พหลโยธิน-ลาดปลาเค้า,มุ่งหน้าถนนประดิษฐ์มนูธรรม,1,07:00-09:00,0,0,1
อุโมงค์พหลโยธิน-ลาดปลาเค้า,มุ่งหน้าถนนประดิษฐ์มนูธรรม,1,09:00-16:00,0,0,1
อุโมงค์พหลโยธิน-ลาดปลาเค้า,มุ่งหน้าถนนประดิษฐ์มนูธรรม,1,16:00-19:00,0,0,1
อุโมงค์พหลโยธิน-ลาดปลาเค้า,มุ่งหน้าถนนพหลโยธิน,1,07:00-09:00,0,0,1
อุโมงค์พหลโยธิน-ลาดปลาเค้า,มุ่งหน้าถนนพหลโยธิน,1,09:00-16:00,0,0,1
อุโมงค์พหลโยธิน-ลาดปลาเค้า,มุ่งหน้าถนนพหลโยธิน,1,16:00-19:00,0,0,1
อุโมงค์รัชโยธิน,มุ่งหน้าถนนนวมินทร์,1,07:00-09:00,0,0,1
อุโมงค์รัชโยธิน,มุ่งหน้าถนนนวมินทร์,1,09:00-16:00,0,0,1
อุโมงค์รัชโยธิน,มุ่งหน้าถนนนวมินทร์,1,16:00-19:00,0,0,1
อุโมงค์รัชโยธิน,มุ่งหน้าแยกรัชวิภา,1,07:00-09:00,0,0,1
อุโมงค์รัชโยธิน,มุ่งหน้าแยกรัชวิภา,1,09:00-16:00,0,0,1
อุโมงค์รัชโยธิน,มุ่งหน้าแยกรัชวิภา,1,16:00-19:00,0,0,1
อุโมงค์รัชโยธิน,รัชดาภิเษก,1,07:00-09:00,0,0,1
อุโมงค์รัชโยธิน,รัชดาภิเษก,1,09:00-17:00,0,0,1
อุโมงค์รัชโยธิน,รัชดาภิเษก,1,17:00-19:00,0,0,1
อุโมงค์สุทธิสาร,มุ่งหน้าแยกรัชดา-ลาดพร้าว,1,07:00-09:00,0,0,1
อุโมงค์สุทธิสาร,มุ่งหน้าแยกรัชดา-ลาดพร้าว,1,09:00-16:00,0,0,1
อุโมงค์สุทธิสาร,มุ่งหน้าแยกรัชดา-ลาดพร้าว,1,16:00-19:00,0,0,1
อุโมงค์สุทธิสาร,มุ่งหน้าแยกห้วยขวาง,1,07:00-09:00,0,0,1
อุโมงค์สุทธิสาร,มุ่งหน้าแยกห้วยขวาง,1,09:00-16:00,0,0,1
อุโมงค์สุทธิสาร,มุ่งหน้าแยกห้วยขวาง,1,16:00-19:00,0,0,1
อุโมงค์สุทธิสาร,รัชดาภิเษก,1,07:00-09:00,0,0,1
อุโมงค์สุทธิสาร,รัชดาภิเษก,1,09:00-17:00,0,0,1
อุโมงค์สุทธิสาร,รัชดาภิเษก,1,17:00-19:00,0,0,1
อุโมงค์ห้วยขวาง,มุ่งหน้าแยกพระราม9,1,07:00-09:00,0,0,1
อุโมงค์ห้วยขวาง,มุ่งหน้าแยกพระราม9,1,09:00-16:00,0,0,1
อุโมงค์ห้วยขวาง,มุ่งหน้าแยกพระราม9,1,16:00-19:00,0,0,1
อุโมงค์ห้วยขวาง,มุ่งหน้าแยกสุทธิสาร,1,07:00-09:00,0,0,1
อุโมงค์ห้วยขวาง,มุ่งหน้าแยกสุทธิสาร,1,09:00-16:00,0,0,1
อุโมงค์ห้วยขวาง,มุ่งหน้าแยกสุทธิสาร,1,16:00-19:00,0,0,1
อุโมงค์เกษตร,งามวงศ์วาน-ประเสริฐมนูกิจ,1,07:00-09:00,0,0,1
อุโมงค์เกษตร,งามวงศ์วาน-ประเสริฐมนูกิจ,1,09:00-17:00,0,0,1
อุโมงค์เกษตร,งามวงศ์วาน-ประเสริฐมนูกิจ,1,17:00-19:00,0,0,1
อุโมงค์เกษตร,มุ่งหน้าแยกพงษ์เพชร,1,07:00-09:00,0,0,1
อุโมงค์เกษตร,มุ่งหน้าแยกพงษ์เพชร,1,09:00-16:00,0,0,1
อุโมงค์เกษตร,มุ่งหน้าแยกพงษ์เพชร,1,16:00-19:00,0,0,1
อุโมงค์เกษตร,มุ่งหน้าแยกรัชโยธิน,1,07:00-09:00,0,0,1
อุโมงค์เกษตร,มุ่งหน้าแยกรัชโยธิน,1,09:00-16:00,0,0,1
อุโมงค์เกษตร,มุ่งหน้าแยกรัชโยธิน,1,16:00-19:00,0,0,1
อุโมงค์แยกศรีอุดม,มุ่งหน้าถนนบางนาตราด,1,07:00-09:00,0,0,1
อุโมงค์แยกศรีอุดม,มุ่งหน้าถนนบางนาตราด,1,09:00-16:00,0,0,1
อุโมงค์แยกศรีอุดม,มุ่งหน้าถนนบางนาตราด,1,16:00-19:00,0,0,1
อุโมงค์แยกศรีอุดม,มุ่งหน้าแยกสวนหลวง,1,07:00-09:00,0,0,1
อุโมงค์แยกศรีอุดม,มุ่งหน้าแยกสวนหลวง,1,09:00-16:00,0,0,1
อุโมงค์แยกศรีอุดม,มุ่งหน้าแยกสวนหลวง,1,16:00-19:00,0,0,1
อโศก,รัชดาภิเษก,1,07:00-09:00,0,1,0
อโศก,รัชดาภิเษก,1,09:00-16:00,0,1,0
อโศก,รัชดาภิเษก,1,16:00-19:00,0,1,0
อโศก,รัชดาภิเษก,2,06:30-09:00,1,0,0
อโศก,รัชดาภิเษก,2,09:00-16:00,1,0,0
อโศก,รัชดาภิเษก,2,16:00-19:30,1,0,0
อโศก,รัชดาภิเษก,4,07:00-09:00,0,1,0
อโศก,รัชดาภิเษก,4,09:00-16:00,0,1,0
อโศก,รัชดาภิเษก,4,16:00-19:00,0,1,0
อโศก,สุขุมวิท,1,07:00-09:00,0,1,0
อโศก,สุขุมวิท,1,09:00-16:00,0,1,0
อโศก,สุขุมวิท,1,16:00-19:00,0,1,0
อโศก,สุขุมวิท,2,07:00-09:00,1,0,0
อโศก,สุขุมวิท,2,09:00-16:00,1,0,0
อโศก,สุขุมวิท,2,16:00-19:00,1,0,0
อโศก,สุขุมวิท,4,07:00-09:00,0,1,0
อโศก,สุขุมวิท,4,09:00-16:00,0,1,0
อโศก,สุขุมวิท,4,16:00-19:00,0,1,0
อโศก,อโศก,1,07:00-09:00,0,1,0
อโศก,อโศก,1,09:00-16:00,0,1,0
อโศก,อโศก,1,16:00-19:00,0,1,0
อโศก,อโศก,2,06:30-09:00,1,0,0
อโศก,อโศก,2,09:00-16:00,1,0,0
อโศก,อโศก,2,16:00-19:30,1,0,0
อโศก,อโศก,4,07:00-09:00,0,1,0
อโศก,อโศก,4,09:00-16:00,0,1,0
อโศก,อโศก,4,16:00-19:00,0,1,0
อโศก-สุขุมวิท,รัชดาภิเษก,1,07:00-09:00,1,0,0
อโศก-สุขุมวิท,รัชดาภิเษก,1,09:00-16:00,1,0,0
อโศก-สุขุมวิท,รัชดาภิเษก,1,16:00-19:00,1,0,0
อโศก-สุขุมวิท,สุขุมวิท,1,07:00-09:00,1,0,0
อโศก-สุขุมวิท,สุขุมวิท,1,09:00-16:00,1,0,0
อโศก-สุขุมวิท,สุขุมวิท,1,16:00-19:00,1,0,0
อโศก-สุขุมวิท,อโศก,1,07:00-09:00,1,0,0
อโศก-สุขุมวิท,อโศก,1,09:00-16:00,1,0,0
อโศก-สุขุมวิท,อโศก,1,16:00-19:00,1,0,0
อโศกดินแดง-กำแพงเพชร7,กำแพงเพชร7,1,07:00-09:00,0,0,1
อโศกดินแดง-กำแพงเพชร7,กำแพงเพชร7,1,09:00-17:00,0,0,1
อโศกดินแดง-กำแพงเพชร7,กำแพงเพชร7,1,17:00-19:00,0,0,1
อโศกดินแดง-กำแพงเพชร7,อโศกดินแดง,1,07:00-09:00,0,0,1
อโศกดินแดง-กำแพงเพชร7,อโศกดินแดง,1,09:00-17:00,0,0,1
อโศกดินแดง-กำแพงเพชร7,อโศกดินแดง,1,17:00-19:00,0,0,1
อโศกมนตรี,รัชดาภิเษก,2,07:00-09:00,0,0,3
อโศกมนตรี,รัชดาภิเษก,2,09:00-16:00,0,0,1
อโศกมนตรี,รัชดาภิเษก,2,09:00-17:00,0,0,2
อโศกมนตรี,รัชดาภิเษก,2,16:00-19:00,0,0,1
อโศกมนตรี,รัชดาภิเษก,2,17:00-19:00,0,0,2
อโศกมนตรี,สุขุมวิท,2,07:00-09:00,0,0,3
อโศกมนตรี,สุขุมวิท,2,09:00-16:00,0,0,1
อโศกมนตรี,สุขุมวิท,2,09:00-17:00,0,0,2
อโศกมนตรี,สุขุมวิท,2,16:00-19:00,0,0,1
อโศกมนตรี,สุขุมวิท,2,17:00-19:00,0,0,2
อโศกมนตรี,อโศก,2,07:00-09:00,0,0,2
อโศกมนตรี,อโศก,2,09:00-16:00,0,0,1
อโศกมนตรี,อโศก,2,09:00-17:00,0,0,1
อโศกมนตรี,อโศก,2,16:00-19:00,0,0,1
อโศกมนตรี,อโศก,2,17:00-19:00,0,0,1
อโศกมนตรี,อโศกมนตรี,2,07:00-09:00,0,0,1
อโศกมนตรี,อโศกมนตรี,2,09:00-17:00,0,0,1
อโศกมนตรี,อโศกมนตรี,2,17:00-19:00,0,0,1
อโศกเพชร,อโศก,1,07:00-09:00,1,0,0
อโศกเพชร,อโศก,1,09:00-16:00,1,0,0
อโศกเพชร,อโศก,1,16:00-19:00,1,0,0
อโศกเพชร,อโศก,2,07:00-09:00,0,0,1
อโศกเพชร,อโศก,2,09:00-16:00,0,0,1
อโศกเพชร,อโศก,2,16:00-19:00,0,0,1
อโศกเพชร,อโศก,4,07:00-09:00,0,1,1
อโศกเพชร,อโศก,4,09:00-16:00,0,1,0
อโศกเพชร,อโศก,4,09:00-17:00,0,0,1
อโศกเพชร,อโศก,4,16:00-19:00,0,1,0
อโศกเพชร,อโศก,4,17:00-19:00,0,0,1
อโศกเพชร,เพชรบุรี,1,07:00-09:00,1,0,0
อโศกเพชร,เพชรบุรี,1,09:00-16:00,1,0,0
อโศกเพชร,เพชรบุรี,1,16:00-19:00,1,0,0
อโศกเพชร,เพชรบุรี,2,07:00-09:00,0,0,1
อโศกเพชร,เพชรบุรี,2,09:00-16:00,0,0,1
อโศกเพชร,เพชรบุรี,2,16:00-19:00,0,0,1
อโศกเพชร,เพชรบุรี,4,07:00-09:00,0,1,1
อโศกเพชร,เพชรบุรี,4,09:00-16:00,0,1,0
อโศกเพชร,เพชรบุรี,4,09:00-17:00,0,0,1
อโศกเพชร,เพชรบุรี,4,16:00-19:00,0,1,0
อโศกเพชร,เพชรบุรี,4,17:00-19:00,0,0,1
อ่อนนุช,ซอยสุขุมวิท77,3,07:00-09:00,1,0,0
อ่อนนุช,ซอยสุขุมวิท77,3,09:00-16:00,1,0,0
อ่อนนุช,ซอยสุขุมวิท77,3,16:00-19:00,1,0,0
อ่อนนุช,ซอยส่วนบุคคล,3,07:00-09:00,1,0,0
อ่อนนุช,ซอยส่วนบุคคล,3,09:00-16:00,1,0,0
อ่อนนุช,ซอยส่วนบุคคล,3,16:00-19:00,1,0,0
อ่อนนุช,สุขุมวิท,1,07:00-09:00,0,0,1
อ่อนนุช,สุขุมวิท,1,09:00-17:00,0,0,1
อ่อนนุช,สุขุมวิท,1,17:00-19:00,0,0,1
อ่อนนุช,สุขุมวิท,2,06:30-09:00,0,1,0
อ่อนนุช,สุขุมวิท,2,07:00-09:00,0,0,2
อ่อนนุช,สุขุมวิท,2,09:00-16:00,0,1,1
อ่อนนุช,สุขุมวิท,2,09:00-17:00,0,0,1
อ่อนนุช,สุขุมวิท,2,16:00-19:00,0,0,1
อ่อนนุช,สุขุมวิท,2,16:00-19:30,0,1,0
อ่อนนุช,สุขุมวิท,2,17:00-19:00,0,0,1
อ่อนนุช,สุขุมวิท,3,07:00-09:00,1,0,0
อ่อนนุช,สุขุมวิท,3,09:00-16:00,1,0,0
อ่อนนุช,สุขุมวิท,3,16:00-19:00,1,0,0
อ่อนนุช,สุขุมวิท48/3,2,07:00-09:00,0,0,1
อ่อนนุช,สุขุมวิท48/3,2,09:00-17:00,0,0,1
อ่อนนุช,สุขุมวิท48/3,2,17:00-19:00,0,0,1
อ่อนนุช,สุขุมวิท77,1,07:00-09:00,0,0,1
อ่อนนุช,สุขุมวิท77,1,09:00-17:00,0,0,1
อ่อนนุช,สุขุมวิท77,1,17:00-19:00,0,0,1
อ่อนนุช,สุขุมวิท77,2,06:30-09:00,0,1,0
อ่อนนุช,สุขุมวิท77,2,07:00-09:00,0,0,2
อ่อนนุช,สุขุมวิท77,2,09:00-16:00,0,1,1
อ่อนนุช,สุขุมวิท77,2,09:00-17:00,0,0,1
อ่อนนุช,สุขุมวิท77,2,16:00-19:00,0,0,1
อ่อนนุช,สุขุมวิท77,2,16:00-19:30,0,1,0
อ่อนนุช,สุขุมวิท77,2,17:00-19:00,0,0,1
อ่อนนุช,ส่วนบุคคล,1,07:00-09:00,0,0,1
อ่อนนุช,ส่วนบุคคล,1,09:00-17:00,0,0,1
อ่อนนุช,ส่วนบุคคล,1,17:00-19:00,0,0,1
อ่อนนุช,ส่วนบุคคล,2,07:00-09:00,0,0,1
อ่อนนุช,ส่วนบุคคล,2,09:00-16:00,0,0,1
อ่อนนุช,ส่วนบุคคล,2,16:00-19:00,0,0,1
อ่อนนุช-กิ่งแก้ว,กิ่งแก้ว,2,07:00-09:00,0,0,1
อ่อนนุช-กิ่งแก้ว,กิ่งแก้ว,2,09:00-17:00,0,0,1
อ่อนนุช-กิ่งแก้ว,กิ่งแก้ว,2,17:00-19:00,0,0,1
อ่อนนุช-กิ่งแก้ว,กิ่งแก้ว,4,07:00-09:00,0,1,0
อ่อนนุช-กิ่งแก้ว,กิ่งแก้ว,4,09:00-16:00,0,1,0
อ่อนนุช-กิ่งแก้ว,กิ่งแก้ว,4,16:00-19:00,0,1,0
อ่อนนุช-กิ่งแก้ว,อ่อนนุช,2,07:00-09:00,0,0,1
อ่อนนุช-กิ่งแก้ว,อ่อนนุช,2,09:00-17:00,0,0,1
อ่อนนุช-กิ่งแก้ว,อ่อนนุช,2,17:00-19:00,0,0,1
อ่อนนุช-กิ่งแก้ว,อ่อนนุช,4,07:00-09:00,0,1,0
อ่อนนุช-กิ่งแก้ว,อ่อนนุช,4,09:00-16:00,0,1,0
อ่อนนุช-กิ่งแก้ว,อ่อนนุช,4,16:00-19:00,0,1,0
อ่อนนุช-อ่อนนุช10-อ่อนนุช17,อ่อนนุช,4,07:00-09:00,0,1,0
อ่อนนุช-อ่อนนุช10-อ่อนนุช17,อ่อนนุช,4,09:00-16:00,0,1,0
อ่อนนุช-อ่อนนุช10-อ่อนนุช17,อ่อนนุช,4,16:00-19:00,0,1,0
อ่อนนุช-อ่อนนุช10-อ่อนนุช17,อ่อนนุช10,4,07:00-09:00,0,1,0
อ่อนนุช-อ่อนนุช10-อ่อนนุช17,อ่อนนุช10,4,09:00-16:00,0,1,0
อ่อนนุช-อ่อนนุช10-อ่อนนุช17,อ่อนนุช10,4,16:00-19:00,0,1,0
อ่อนนุช-อ่อนนุช10-อ่อนนุช17,อ่อนนุช17,4,07:00-09:00,0,1,0
อ่อนนุช-อ่อนนุช10-อ่อนนุช17,อ่อนนุช17,4,09:00-16:00,0,1,0
อ่อนนุช-อ่อนนุช10-อ่อนนุช17,อ่อนนุช17,4,16:00-19:00,0,1,0
อ่อนนุช17,ซอยอ่อนนุช10,2,06:30-09:00,1,0,0
อ่อนนุช17,ซอยอ่อนนุช10,2,09:00-16:00,1,0,0
อ่อนนุช17,ซอยอ่อนนุช10,2,16:00-19:30,1,0,0
อ่อนนุช17,ซอยอ่อนนุช17,2,06:30-09:00,1,0,0
อ่อนนุช17,ซอยอ่อนนุช17,2,09:00-16:00,1,0,0
อ่อนนุช17,ซอยอ่อนนุช17,2,16:00-19:30,1,0,0
อ่อนนุช17,อ่อนนุช,2,07:00-09:00,1,0,0
อ่อนนุช17,อ่อนนุช,2,09:00-16:00,1,0,0
อ่อนนุช17,อ่อนนุช,2,16:00-19:00,1,0,0
อ่อนนุช17แยก18,อ่อนนุช17,1,07:00-09:00,0,0,1
อ่อนนุช17แยก18,อ่อนนุช17,1,09:00-17:00,0,0,1
อ่อนนุช17แยก18,อ่อนนุช17,1,17:00-19:00,0,0,1
อ่อนนุช37/1,อ่อนนุช,4,07:00-09:00,0,0,1
อ่อนนุช37/1,อ่อนนุช,4,09:00-17:00,0,0,1
อ่อนนุช37/1,อ่อนนุช,4,17:00-19:00,0,0,1
อ่อนนุช44,อ่อนนุช,2,07:00-09:00,0,0,1
อ่อนนุช44,อ่อนนุช,2,09:00-17:00,0,0,1
อ่อนนุช44,อ่อนนุช,2,17:00-19:00,0,0,1
อ่อนนุช44,อ่อนนุช33,2,07:00-09:00,0,0,1
อ่อนนุช44,อ่อนนุช33,2,09:00-17:00,0,0,1
อ่อนนุช44,อ่อนนุช33,2,17:00-19:00,0,0,1
อ่อนนุช44,อ่อนนุช44,2,07:00-09:00,0,0,1
อ่อนนุช44,อ่อนนุช44,2,09:00-17:00,0,0,1
อ่อนนุช44,อ่อนนุช44,2,17:00-19:00,0,0,1
อ่อนนุช46,อ่อนนุช,4,07:00-09:00,0,0,1
อ่อนนุช46,อ่อนนุช,4,09:00-17:00,0,0,1
อ่อนนุช46,อ่อนนุช,4,17:00-19:00,0,0,1
อ่อนนุช46,อ่อนนุช46,4,07:00-09:00,0,0,1
อ่อนนุช46,อ่อนนุช46,4,09:00-17:00,0,0,1
อ่อนนุช46,อ่อนนุช46,4,17:00-19:00,0,0,1
อ่อนนุช59/1,อ่อนนุช,4,07:00-09:00,0,0,1
อ่อนนุช59/1,อ่อนนุช,4,09:00-17:00,0,0,1
อ่อนนุช59/1,อ่อนนุช,4,17:00-19:00,0,0,1
อ่อนนุช65,อ่อนนุช,2,07:00-09:00,0,0,1
อ่อนนุช65,อ่อนนุช,2,09:00-17:00,0,0,1
อ่อนนุช65,อ่อนนุช,2,17:00-19:00,0,0,1
อ่อนนุช65,อ่อนนุช65,2,07:00-09:00,0,0,1
อ่อนนุช65,อ่อนนุช65,2,09:00-17:00,0,0,1
อ่อนนุช65,อ่อนนุช65,2,17:00-19:00,0,0,1
อ่อนนุช70/1,ซอยอ่อนนุช70/1,1,07:00-09:00,1,0,0
อ่อนนุช70/1,ซอยอ่อนนุช70/1,1,09:00-16:00,1,0,0
อ่อนนุช70/1,ซอยอ่อนนุช70/1,1,16:00-19:00,1,0,0
อ่อนนุช70/1,อ่อนนุช,1,07:00-09:00,1,0,0
อ่อนนุช70/1,อ่อนนุช,1,09:00-16:00,1,0,0
อ่อนนุช70/1,อ่อนนุช,1,16:00-19:00,1,0,0
อ่อนนุช86,ซอยอ่อนนุช86,4,07:00-09:00,1,0,0
อ่อนนุช86,ซอยอ่อนนุช86,4,09:00-16:00,1,0,0
อ่อนนุช86,ซอยอ่อนนุช86,4,16:00-19:00,1,0,0
อ่อนนุช86,อ่อนนุช,4,07:00-09:00,1,0,0
อ่อนนุช86,อ่อนนุช,4,09:00-16:00,1,0,0
อ่อนนุช86,อ่อนนุช,4,16:00-19:00,1,0,0
อ่อนนุช86(ทางเข้าโรงขยะอ่อนช),ซอยอ่อนนุช86,1,07:00-09:00,1,0,0
อ่อนนุช86(ทางเข้าโรงขยะอ่อนช),ซอยอ่อนนุช86,1,09:00-16:00,1,0,0
อ่อนนุช86(ทางเข้าโรงขยะอ่อนช),ซอยอ่อนนุช86,1,16:00-19:00,1,0,0
อ่อนนุช86(ทางเข้าโรงขยะอ่อนช),อ่อนนุช,1,07:00-09:00,1,0,0
อ่อนนุช86(ทางเข้าโรงขยะอ่อนช),อ่อนนุช,1,09:00-16:00,1,0,0
อ่อนนุช86(ทางเข้าโรงขยะอ่อนช),อ่อนนุช,1,16:00-19:00,1,0,0
เกตุนุช,ซอยลาดพร้าว64,2,07:00-09:00,1,0,0
เกตุนุช,ซอยลาดพร้าว64,2,09:00-16:00,1,0,0
เกตุนุช,ซอยลาดพร้าว64,2,16:00-19:00,1,0,0
เกตุนุช,ซอยลาดพร้าว64,3,07:00-09:00,1,0,0
เกตุนุช,ซอยลาดพร้าว64,3,09:00-16:00,1,0,0
เกตุนุช,ซอยลาดพร้าว64,3,16:00-19:00,1,0,0
เกตุนุช,ลาดพร้าว,2,07:00-09:00,1,0,0
เกตุนุช,ลาดพร้าว,2,09:00-16:00,1,0,0
เกตุนุช,ลาดพร้าว,2,16:00-19:00,1,0,0
เกตุนุช,ลาดพร้าว,3,07:00-09:00,1,0,2
เกตุนุช,ลาดพร้าว,3,09:00-16:00,1,0,0
เกตุนุช,ลาดพร้าว,3,09:00-17:00,0,0,2
เกตุนุช,ลาดพร้าว,3,16:00-19:00,1,0,0
เกตุนุช,ลาดพร้าว,3,17:00-19:00,0,0,2
เกตุนุช,ลาดพร้าว64,3,07:00-09:00,0,0,2
เกตุนุช,ลาดพร้าว64,3,09:00-17:00,0,0,2
เกตุนุช,ลาดพร้าว64,3,17:00-19:00,0,0,2
เกษตร,งามวงศ์วาน,2,07:00-09:00,0,0,1
เกษตร,งามวงศ์วาน,2,09:00-17:00,0,0,1
เกษตร,งามวงศ์วาน,2,17:00-19:00,0,0,1
เกษตร,งามวงศ์วาน,3,07:00-09:00,1,1,0
เกษตร,งามวงศ์วาน,3,09:00-16:00,1,1,0
เกษตร,งามวงศ์วาน,3,16:00-19:00,1,1,0
เกษตร,งามวงศ์วาน,4,07:00-09:00,0,0,1
เกษตร,งามวงศ์วาน,4,09:00-17:00,0,0,1
เกษตร,งามวงศ์วาน,4,17:00-19:00,0,0,1
เกษตร,ประเสริฐมนูกิจ,2,07:00-09:00,0,0,1
เกษตร,ประเสริฐมนูกิจ,2,09:00-17:00,0,0,1
เกษตร,ประเสริฐมนูกิจ,2,17:00-19:00,0,0,1
เกษตร,ประเสริฐมนูกิจ,3,07:00-09:00,0,1,0
เกษตร,ประเสริฐมนูกิจ,3,09:00-16:00,0,1,0
เกษตร,ประเสริฐมนูกิจ,3,16:00-19:00,0,1,0
เกษตร,ประเสริฐมนูกิจ,4,07:00-09:00,0,0,1
เกษตร,ประเสริฐมนูกิจ,4,09:00-17:00,0,0,1
เกษตร,ประเสริฐมนูกิจ,4,17:00-19:00,0,0,1
เกษตร,พหลโยธิน,2,07:00-09:00,0,0,1
เกษตร,พหลโยธิน,2,09:00-17:00,0,0,1
เกษตร,พหลโยธิน,2,17:00-19:00,0,0,1
เกษตร,พหลโยธิน,3,07:00-09:00,1,1,0
เกษตร,พหลโยธิน,3,09:00-16:00,1,1,0
เกษตร,พหลโยธิน,3,16:00-19:00,1,1,0
เกษตร,พหลโยธิน,4,07:00-09:00,0,0,1
เกษตร,พหลโยธิน,4,09:00-17:00,0,0,1
เกษตร,พหลโยธิน,4,17:00-19:00,0,0,1
เกษตร,เกษตรนวมินทร์,3,06:30-09:00,1,0,0
เกษตร,เกษตรนวมินทร์,3,09:00-16:00,1,0,0
เกษตร,เกษตรนวมินทร์,3,16:00-19:30,1,0,0
เกษมราษฎร์,ซอยอารีย์,1,07:00-09:00,1,0,0
เกษมราษฎร์,ซอยอารีย์,1,09:00-16:00,1,0,0
เกษมราษฎร์,ซอยอารีย์,1,16:00-19:00,1,0,0
เกษมราษฎร์,ซอยอารีย์,2,06:30-09:00,1,0,0
เกษมราษฎร์,ซอยอารีย์,2,07:00-09:00,0,1,0
เกษมราษฎร์,ซอยอารีย์,2,09:00-16:00,1,1,0
เกษมราษฎร์,ซอยอารีย์,2,16:00-19:00,0,1,0
เกษมราษฎร์,ซอยอารีย์,2,16:00-19:30,1,0,0
เกษมราษฎร์,พระรามที่4,1,07:00-09:00,1,0,0
เกษมราษฎร์,พระรามที่4,1,09:00-16:00,1,0,0
เกษมราษฎร์,พระรามที่4,1,16:00-19:00,1,0,0
เกษมราษฎร์,พระรามที่4,2,07:00-09:00,1,1,1
เกษมราษฎร์,พระรามที่4,2,09:00-16:00,1,1,1
เกษมราษฎร์,พระรามที่4,2,16:00-19:00,1,1,1
เกษมราษฎร์,พระรามที่4,3,07:00-09:00,0,0,2
เกษมราษฎร์,พระรามที่4,3,09:00-17:00,0,0,2
เกษมราษฎร์,พระรามที่4,3,17:00-19:00,0,0,2
เกษมราษฎร์,พระรามที่4,4,07:00-09:00,0,0,1
เกษมราษฎร์,พระรามที่4,4,09:00-17:00,0,0,1
เกษมราษฎร์,พระรามที่4,4,17:00-19:00,0,0,1
เกษมราษฎร์,อารีย์,2,07:00-09:00,0,0,1
เกษมราษฎร์,อารีย์,2,09:00-16:00,0,0,1
เกษมราษฎร์,อารีย์,2,16:00-19:00,0,0,1
เกษมราษฎร์,เกษมราษฎร์,1,07:00-09:00,1,0,0
เกษมราษฎร์,เกษมราษฎร์,1,09:00-16:00,1,0,0
เกษมราษฎร์,เกษมราษฎร์,1,16:00-19:00,1,0,0
เกษมราษฎร์,เกษมราษฎร์,2,06:30-09:00,1,0,0
เกษมราษฎร์,เกษมราษฎร์,2,07:00-09:00,0,1,1
เกษมราษฎร์,เกษมราษฎร์,2,09:00-16:00,1,1,1
เกษมราษฎร์,เกษมราษฎร์,2,16:00-19:00,0,1,1
เกษมราษฎร์,เกษมราษฎร์,2,16:00-19:30,1,0,0
เกษมราษฎร์,เกษมราษฎร์,3,07:00-09:00,0,0,2
เกษมราษฎร์,เกษมราษฎร์,3,09:00-17:00,0,0,2
เกษมราษฎร์,เกษมราษฎร์,3,17:00-19:00,0,0,2
เกษมราษฎร์,เกษมราษฎร์,4,07:00-09:00,0,0,1
เกษมราษฎร์,เกษมราษฎร์,4,09:00-17:00,0,0,1
เกษมราษฎร์,เกษมราษฎร์,4,17:00-19:00,0,0,1
เกษะโกมล,พระรามที่5,1,07:00-09:00,0,1,0
เกษะโกมล,พระรามที่5,1,09:00-16:00,0,1,0
เกษะโกมล,พระรามที่5,1,16:00-19:00,0,1,0
เกษะโกมล,พระรามที่5,3,07:00-09:00,1,0,0
เกษะโกมล,พระรามที่5,3,09:00-16:00,1,0,0
เกษะโกมล,พระรามที่5,3,16:00-19:00,1,0,0
เกษะโกมล,พระรามที่5,4,07:00-09:00,1,0,2
เกษะโกมล,พระรามที่5,4,09:00-16:00,1,0,1
เกษะโกมล,พระรามที่5,4,09:00-17:00,0,0,1
เกษะโกมล,พระรามที่5,4,16:00-19:00,1,0,1
เกษะโกมล,พระรามที่5,4,17:00-19:00,0,0,1
เกษะโกมล,อำนวยสงคราม,1,07:00-09:00,0,1,0
เกษะโกมล,อำนวยสงคราม,1,09:00-16:00,0,1,0
เกษะโกมล,อำนวยสงคราม,1,16:00-19:00,0,1,0
เกษะโกมล,อำนวยสงคราม,3,07:00-09:00,1,0,0
เกษะโกมล,อำนวยสงคราม,3,09:00-16:00,1,0,0
เกษะโกมล,อำนวยสงคราม,3,16:00-19:00,1,0,0
เกษะโกมล,อำนวยสงคราม,4,07:00-09:00,1,0,2
เกษะโกมล,อำนวยสงคราม,4,09:00-16:00,1,0,1
เกษะโกมล,อำนวยสงคราม,4,09:00-17:00,0,0,1
เกษะโกมล,อำนวยสงคราม,4,16:00-19:00,1,0,1
เกษะโกมล,อำนวยสงคราม,4,17:00-19:00,0,0,1
เกษะโกมล,เศรษฐศิริ,1,07:00-09:00,0,1,0
เกษะโกมล,เศรษฐศิริ,1,09:00-16:00,0,1,0
เกษะโกมล,เศรษฐศิริ,1,16:00-19:00,0,1,0
เกษะโกมล,เศรษฐศิริ,3,07:00-09:00,1,0,0
เกษะโกมล,เศรษฐศิริ,3,09:00-16:00,1,0,0
เกษะโกมล,เศรษฐศิริ,3,16:00-19:00,1,0,0
เกษะโกมล,เศรษฐศิริ,4,07:00-09:00,1,0,2
เกษะโกมล,เศรษฐศิริ,4,09:00-16:00,1,0,1
เกษะโกมล,เศรษฐศิริ,4,09:00-17:00,0,0,1
เกษะโกมล,เศรษฐศิริ,4,16:00-19:00,1,0,1
เกษะโกมล,เศรษฐศิริ,4,17:00-19:00,0,0,1
เกียกกาย,ทหาร,1,07:00-09:00,0,1,2
เกียกกาย,ทหาร,1,09:00-16:00,0,1,0
เกียกกาย,ทหาร,1,09:00-17:00,0,0,2
เกียกกาย,ทหาร,1,16:00-19:00,0,1,0
เกียกกาย,ทหาร,1,17:00-19:00,0,0,2
เกียกกาย,ทหาร,2,07:00-09:00,0,1,0
เกียกกาย,ทหาร,2,09:00-16:00,0,1,0
เกียกกาย,ทหาร,2,16:00-19:00,0,1,0
เกียกกาย,ทหาร,4,07:00-09:00,1,0,0
เกียกกาย,ทหาร,4,09:00-16:00,1,0,0
เกียกกาย,ทหาร,4,16:00-19:00,1,0,0
เกียกกาย,ประชาราษฎร์สาย1,1,07:00-09:00,0,1,2
เกียกกาย,ประชาราษฎร์สาย1,1,09:00-16:00,0,1,0
เกียกกาย,ประชาราษฎร์สาย1,1,09:00-17:00,0,0,2
เกียกกาย,ประชาราษฎร์สาย1,1,16:00-19:00,0,1,0
เกียกกาย,ประชาราษฎร์สาย1,1,17:00-19:00,0,0,2
เกียกกาย,ประชาราษฎร์สาย1,2,07:00-09:00,0,1,0
เกียกกาย,ประชาราษฎร์สาย1,2,09:00-16:00,0,1,0
เกียกกาย,ประชาราษฎร์สาย1,2,16:00-19:00,0,1,0
เกียกกาย,ประชาราษฎร์สาย1,4,07:00-09:00,1,0,0
เกียกกาย,ประชาราษฎร์สาย1,4,09:00-16:00,1,0,0
เกียกกาย,ประชาราษฎร์สาย1,4,16:00-19:00,1,0,0
เกียกกาย,สามเสน,1,07:00-09:00,0,1,2
เกียกกาย,สามเสน,1,09:00-16:00,0,1,0
เกียกกาย,สามเสน,1,09:00-17:00,0,0,2
เกียกกาย,สามเสน,1,16:00-19:00,0,1,0
เกียกกาย,สามเสน,1,17:00-19:00,0,0,2
เกียกกาย,สามเสน,2,07:00-09:00,0,1,0
เกียกกาย,สามเสน,2,09:00-16:00,0,1,0
เกียกกาย,สามเสน,2,16:00-19:00,0,1,0
เกียกกาย,สามเสน,4,07:00-09:00,1,0,0
เกียกกาย,สามเสน,4,09:00-16:00,1,0,0
เกียกกาย,สามเสน,4,16:00-19:00,1,0,0
เข้าออกกำนันแม้น,เอกชัย36,1,07:00-09:00,0,0,1
เข้าออกกำนันแม้น,เอกชัย36,1,09:00-17:00,0,0,1
เข้าออกกำนันแม้น,เอกชัย36(กำนันแม้น),1,17:00-19:00,0,0,1
เคหะร่มเกล่า-ซอยเคดหะร่มเกล้า6,ซอยเคหะร่มเกล้า6แยก6,3,07:00-09:00,1,0,0
เคหะร่มเกล่า-ซอยเคดหะร่มเกล้า6,ซอยเคหะร่มเกล้า6แยก6,3,09:00-16:00,1,0,0
เคหะร่มเกล่า-ซอยเคดหะร่มเกล้า6,ซอยเคหะร่มเกล้า6แยก6,3,16:00-19:00,1,0,0
เคหะร่มเกล่า-ซอยเคดหะร่มเกล้า6,เคหะร่มเกล้า,3,06:30-09:00,1,0,0
เคหะร่มเกล่า-ซอยเคดหะร่มเกล้า6,เคหะร่มเกล้า,3,09:00-16:00,1,0,0
เคหะร่มเกล่า-ซอยเคดหะร่มเกล้า6,เคหะร่มเกล้า,3,16:00-19:30,1,0,0
เจริญกรุง,เจริญกรุง,1,07:00-09:00,0,0,2
เจริญกรุง,เจริญกรุง,1,09:00-16:00,0,0,2
เจริญกรุง,เจริญกรุง,1,16:00-19:00,0,0,2
เจริญกรุง-สุรวงศ์,สุรวงศ์,3,07:00-09:00,1,0,0
เจริญกรุง-สุรวงศ์,สุรวงศ์,3,09:00-16:00,1,0,0
เจริญกรุง-สุรวงศ์,สุรวงศ์,3,16:00-19:00,1,0,0
เจริญกรุง-สุรวงศ์,เจริญกรุง,3,07:00-09:00,1,0,0
เจริญกรุง-สุรวงศ์,เจริญกรุง,3,09:00-16:00,1,0,0
เจริญกรุง-สุรวงศ์,เจริญกรุง,3,16:00-19:00,1,0,0
เจริญกรุง57,ซอยเจริญกรุง57,2,07:00-09:00,0,1,0
เจริญกรุง57,ซอยเจริญกรุง57,2,09:00-16:00,0,1,0
เจริญกรุง57,ซอยเจริญกรุง57,2,16:00-19:00,0,1,0
เจริญกรุง57,เจริญกรุง,1,07:00-09:00,1,0,0
เจริญกรุง57,เจริญกรุง,1,09:00-16:00,1,0,0
เจริญกรุง57,เจริญกรุง,1,16:00-19:00,1,0,0
เจริญกรุง57,เจริญกรุง,2,07:00-09:00,0,1,0
เจริญกรุง57,เจริญกรุง,2,09:00-16:00,0,1,0
เจริญกรุง57,เจริญกรุง,2,16:00-19:00,0,1,0
เจริญกรุง57,เจริญกรุง57,1,07:00-09:00,1,0,0
เจริญกรุง57,เจริญกรุง57,1,09:00-16:00,1,0,0
เจริญกรุง57,เจริญกรุง57,1,16:00-19:00,1,0,0
เจริญกรุง95,เจริญกรุง,4,07:00-09:00,0,0,1
เจริญกรุง95,เจริญกรุง,4,09:00-17:00,0,0,1
เจริญกรุง95,เจริญกรุง,4,17:00-19:00,0,0,1
เจริญนคร28,เจริญนคร,2,07:00-09:00,0,0,1
เจริญนคร28,เจริญนคร,2,09:00-17:00,0,0,1
เจริญนคร28,เจริญนคร,2,17:00-19:00,0,0,1
เจริญนคร28,เจริญนคร28,2,07:00-09:00,0,0,1
เจริญนคร28,เจริญนคร28,2,09:00-17:00,0,0,1
เจริญนคร28,เจริญนคร28,2,17:00-19:00,0,0,1
เจริญนคร46,เจริญนคร,3,07:00-09:00,0,1,0
เจริญนคร46,เจริญนคร,3,09:00-16:00,0,1,0
เจริญนคร46,เจริญนคร,3,16:00-19:00,0,1,0
เจริญนครเหนือ,กรุงธนบุรี,1,07:00-09:00,1,0,0
เจริญนครเหนือ,กรุงธนบุรี,1,09:00-16:00,1,0,0
เจริญนครเหนือ,กรุงธนบุรี,1,16:00-19:00,1,0,0
เจริญนครเหนือ,กรุงธนบุรี,2,07:00-09:00,1,1,0
เจริญนครเหนือ,กรุงธนบุรี,2,09:00-16:00,1,1,0
เจริญนครเหนือ,กรุงธนบุรี,2,16:00-19:00,1,1,0
เจริญนครเหนือ,เจริญนคร,1,07:00-09:00,1,0,0
เจริญนครเหนือ,เจริญนคร,1,09:00-16:00,1,0,0
เจริญนครเหนือ,เจริญนคร,1,16:00-19:00,1,0,0
เจริญนครเหนือ,เจริญนคร,2,07:00-09:00,0,1,0
เจริญนครเหนือ,เจริญนคร,2,09:00-16:00,0,1,0
เจริญนครเหนือ,เจริญนคร,2,16:00-19:00,0,1,0
เจริญนครเหนือ,เจริญนครเหนือ,2,07:00-09:00,1,0,0
เจริญนครเหนือ,เจริญนครเหนือ,2,09:00-16:00,1,0,0
เจริญนครเหนือ,เจริญนครเหนือ,2,16:00-19:00,1,0,0
เจริญนครใต้,กรุงธนบุรี,1,07:00-09:00,1,0,0
เจริญนครใต้,กรุงธนบุรี,1,09:00-16:00,1,0,0
เจริญนครใต้,กรุงธนบุรี,1,16:00-19:00,1,0,0
เจริญนครใต้,กรุงธนบุรี,2,07:00-09:00,0,1,1
เจริญนครใต้,กรุงธนบุรี,2,09:00-16:00,0,1,0
เจริญนครใต้,กรุงธนบุรี,2,09:00-17:00,0,0,1
เจริญนครใต้,กรุงธนบุรี,2,16:00-19:00,0,1,0
เจริญนครใต้,กรุงธนบุรี,2,17:00-19:00,0,0,1
เจริญนครใต้,กรุงธนบุรี,3,07:00-09:00,1,0,0
เจริญนครใต้,กรุงธนบุรี,3,09:00-16:00,1,0,0
เจริญนครใต้,กรุงธนบุรี,3,16:00-19:00,1,0,0
เจริญนครใต้,เจริญนคร,1,07:00-09:00,1,0,0
เจริญนครใต้,เจริญนคร,1,09:00-16:00,1,0,0
เจริญนครใต้,เจริญนคร,1,16:00-19:00,1,0,0
เจริญนครใต้,เจริญนคร,2,07:00-09:00,0,1,1
เจริญนครใต้,เจริญนคร,2,09:00-16:00,0,1,0
เจริญนครใต้,เจริญนคร,2,09:00-17:00,0,0,1
เจริญนครใต้,เจริญนคร,2,16:00-19:00,0,1,0
เจริญนครใต้,เจริญนคร,2,17:00-19:00,0,0,1
เจริญนครใต้,เจริญนคร,3,07:00-09:00,1,0,0
เจริญนครใต้,เจริญนคร,3,09:00-16:00,1,0,0
เจริญนครใต้,เจริญนคร,3,16:00-19:00,1,0,0
เจริญผล,บรรทัดทอง,3,07:00-09:00,0,1,1
เจริญผล,บรรทัดทอง,3,09:00-16:00,0,1,0
เจริญผล,บรรทัดทอง,3,09:00-17:00,0,0,1
เจริญผล,บรรทัดทอง,3,16:00-19:00,0,1,0
เจริญผล,บรรทัดทอง,3,17:00-19:00,0,0,1
เจริญผล,บรรทัดทอง,4,07:00-09:00,1,1,0
เจริญผล,บรรทัดทอง,4,09:00-16:00,1,1,0
เจริญผล,บรรทัดทอง,4,16:00-19:00,1,1,0
เจริญผล,พระรามที่1,3,07:00-09:00,0,1,1
เจริญผล,พระรามที่1,3,09:00-16:00,0,1,0
เจริญผล,พระรามที่1,3,09:00-17:00,0,0,1
เจริญผล,พระรามที่1,3,16:00-19:00,0,1,0
เจริญผล,พระรามที่1,3,17:00-19:00,0,0,1
เจริญผล,พระรามที่1,4,07:00-09:00,1,1,0
เจริญผล,พระรามที่1,4,09:00-16:00,1,1,0
เจริญผล,พระรามที่1,4,16:00-19:00,1,1,0
เจริญพัฒนา-สุเหร่าคลองหนึ่งที่15,สุเหร่าคลองหนึ่ง,2,07:00-09:00,1,0,0
เจริญพัฒนา-สุเหร่าคลองหนึ่งที่15,สุเหร่าคลองหนึ่ง,2,09:00-16:00,1,0,0
เจริญพัฒนา-สุเหร่าคลองหนึ่งที่15,สุเหร่าคลองหนึ่ง,2,16:00-19:00,1,0,0
เจริญพัฒนา-สุเหร่าคลองหนึ่งที่15,สุเหร่าคลองหนึ่งที่15,2,07:00-09:00,1,0,0
เจริญพัฒนา-สุเหร่าคลองหนึ่งที่15,สุเหร่าคลองหนึ่งที่15,2,09:00-16:00,1,0,0
เจริญพัฒนา-สุเหร่าคลองหนึ่งที่15,สุเหร่าคลองหนึ่งที่15,2,16:00-19:00,1,0,0
เจริญพัฒนา-สุเหร่าคลองหนึ่งที่15,เจริญพัฒนา,2,07:00-09:00,1,0,0
เจริญพัฒนา-สุเหร่าคลองหนึ่งที่15,เจริญพัฒนา,2,09:00-16:00,1,0,0
เจริญพัฒนา-สุเหร่าคลองหนึ่งที่15,เจริญพัฒนา,2,16:00-19:00,1,0,0
เจริญรัก,เจริญนคร,2,07:00-09:00,0,1,1
เจริญรัก,เจริญนคร,2,09:00-16:00,0,1,0
เจริญรัก,เจริญนคร,2,09:00-17:00,0,0,1
เจริญรัก,เจริญนคร,2,16:00-19:00,0,1,0
เจริญรัก,เจริญนคร,2,17:00-19:00,0,0,1
เจริญรัก,เจริญรัก,2,07:00-09:00,0,1,1
เจริญรัก,เจริญรัก,2,09:00-16:00,0,1,0
เจริญรัก,เจริญรัก,2,09:00-17:00,0,0,1
เจริญรัก,เจริญรัก,2,16:00-19:00,0,1,0
เจริญรัก,เจริญรัก,2,17:00-19:00,0,0,1
เจริญราษฎร์,พระรามที่3,1,07:00-09:00,1,0,2
เจริญราษฎร์,พระรามที่3,1,09:00-16:00,1,0,1
เจริญราษฎร์,พระรามที่3,1,09:00-17:00,0,0,1
เจริญราษฎร์,พระรามที่3,1,16:00-19:00,1,0,1
เจริญราษฎร์,พระรามที่3,1,17:00-19:00,0,0,1
เจริญราษฎร์,พระรามที่3,2,07:00-09:00,1,0,0
เจริญราษฎร์,พระรามที่3,2,09:00-16:00,1,0,0
เจริญราษฎร์,พระรามที่3,2,16:00-19:00,1,0,0
เจริญราษฎร์,พระรามที่3,3,07:00-09:00,0,0,2
เจริญราษฎร์,พระรามที่3,3,09:00-17:00,0,0,2
เจริญราษฎร์,พระรามที่3,3,17:00-19:00,0,0,2
เจริญราษฎร์,พระรามที่3,4,07:00-09:00,0,1,0
เจริญราษฎร์,พระรามที่3,4,09:00-16:00,0,1,0
เจริญราษฎร์,พระรามที่3,4,16:00-19:00,0,1,0
เจริญราษฎร์,เจริญราษฎร์,1,07:00-09:00,1,0,2
เจริญราษฎร์,เจริญราษฎร์,1,09:00-16:00,1,0,1
เจริญราษฎร์,เจริญราษฎร์,1,09:00-17:00,0,0,1
เจริญราษฎร์,เจริญราษฎร์,1,16:00-19:00,1,0,1
เจริญราษฎร์,เจริญราษฎร์,1,17:00-19:00,0,0,1
เจริญราษฎร์,เจริญราษฎร์,2,07:00-09:00,1,0,0
เจริญราษฎร์,เจริญราษฎร์,2,09:00-16:00,1,0,0
เจริญราษฎร์,เจริญราษฎร์,2,16:00-19:00,1,0,0
เจริญราษฎร์,เจริญราษฎร์,3,07:00-09:00,0,0,2
เจริญราษฎร์,เจริญราษฎร์,3,09:00-17:00,0,0,2
เจริญราษฎร์,เจริญราษฎร์,3,17:00-19:00,0,0,2
เจริญราษฎร์,เจริญราษฎร์,4,07:00-09:00,0,1,0
เจริญราษฎร์,เจริญราษฎร์,4,09:00-16:00,0,1,0
เจริญราษฎร์,เจริญราษฎร์,4,16:00-19:00,0,1,0
เจริญใจ,เอกมัย,2,07:00-09:00,0,0,1
เจริญใจ,เอกมัย,2,09:00-17:00,0,0,1
เจริญใจ,เอกมัย,2,17:00-19:00,0,0,1
เจริญใจ,เอกมัย,4,07:00-09:00,0,0,2
เจริญใจ,เอกมัย,4,09:00-17:00,0,0,2
เจริญใจ,เอกมัย,4,17:00-19:00,0,0,2
เจริญใจ,เอกมัย12,2,07:00-09:00,0,0,1
เจริญใจ,เอกมัย12,2,09:00-17:00,0,0,1
เจริญใจ,เอกมัย12,2,17:00-19:00,0,0,1
เจริญใจ,เอกมัย12,4,07:00-09:00,0,0,2
เจริญใจ,เอกมัย12,4,09:00-17:00,0,0,2
เจริญใจ,เอกมัย12,4,17:00-19:00,0,0,2
เจริญใจ,เอกมัย5,2,07:00-09:00,0,0,1
เจริญใจ,เอกมัย5,2,09:00-17:00,0,0,1
เจริญใจ,เอกมัย5,2,17:00-19:00,0,0,1
เจริญใจ,เอกมัย5,4,07:00-09:00,0,0,2
เจริญใจ,เอกมัย5,4,09:00-17:00,0,0,2
เจริญใจ,เอกมัย5,4,17:00-19:00,0,0,2
เจ้าคุณทหาร-คุ้มเกล้า,คุ้มเกล้า,2,07:00-09:00,1,0,0
เจ้าคุณทหาร-คุ้มเกล้า,คุ้มเกล้า,2,09:00-16:00,1,0,0
เจ้าคุณทหาร-คุ้มเกล้า,คุ้มเกล้า,2,16:00-19:00,1,0,0
เจ้าคุณทหาร-คุ้มเกล้า,คุ้มเกล้า,4,07:00-09:00,0,1,0
เจ้าคุณทหาร-คุ้มเกล้า,คุ้มเกล้า,4,09:00-16:00,0,1,0
เจ้าคุณทหาร-คุ้มเกล้า,คุ้มเกล้า,4,16:00-19:00,0,1,0
เจ้าคุณทหาร-คุ้มเกล้า,มบคุมเกลา,3,07:00-09:00,1,0,0
เจ้าคุณทหาร-คุ้มเกล้า,มบคุมเกลา,3,09:00-16:00,1,0,0
เจ้าคุณทหาร-คุ้มเกล้า,มบคุมเกลา,3,16:00-19:00,1,0,0
เจ้าคุณทหาร-คุ้มเกล้า,เจ้าคุณทหาร,2,07:00-09:00,1,0,0
เจ้าคุณทหาร-คุ้มเกล้า,เจ้าคุณทหาร,2,09:00-16:00,1,0,0
เจ้าคุณทหาร-คุ้มเกล้า,เจ้าคุณทหาร,2,16:00-19:00,1,0,0
เจ้าคุณทหาร-คุ้มเกล้า,เจ้าคุณทหาร,3,07:00-09:00,1,0,0
เจ้าคุณทหาร-คุ้มเกล้า,เจ้าคุณทหาร,3,09:00-16:00,1,0,0
เจ้าคุณทหาร-คุ้มเกล้า,เจ้าคุณทหาร,3,16:00-19:00,1,0,0
เจ้าคุณทหาร-คุ้มเกล้า,เจ้าคุณทหารลาดกระบัง,4,07:00-09:00,0,1,0
เจ้าคุณทหาร-คุ้มเกล้า,เจ้าคุณทหารลาดกระบัง,4,09:00-16:00,0,1,0
เจ้าคุณทหาร-คุ้มเกล้า,เจ้าคุณทหารลาดกระบัง,4,16:00-19:00,0,1,0
เจ้าคุณทหาร-ฉลองกรุง,ฉลองกรุง,1,07:00-09:00,0,1,1
เจ้าคุณทหาร-ฉลองกรุง,ฉลองกรุง,1,09:00-16:00,0,1,1
เจ้าคุณทหาร-ฉลองกรุง,ฉลองกรุง,1,16:00-19:00,0,1,1
เจ้าคุณทหาร-ฉลองกรุง,ฉลองกรุง,3,07:00-09:00,1,0,1
เจ้าคุณทหาร-ฉลองกรุง,ฉลองกรุง,3,09:00-16:00,1,0,0
เจ้าคุณทหาร-ฉลองกรุง,ฉลองกรุง,3,09:00-17:00,0,0,1
เจ้าคุณทหาร-ฉลองกรุง,ฉลองกรุง,3,16:00-19:00,1,0,0
เจ้าคุณทหาร-ฉลองกรุง,ฉลองกรุง,3,17:00-19:00,0,0,1
เจ้าคุณทหาร-ฉลองกรุง,เจ้าคุณทหาร,1,07:00-09:00,0,1,1
เจ้าคุณทหาร-ฉลองกรุง,เจ้าคุณทหาร,1,09:00-16:00,0,1,1
เจ้าคุณทหาร-ฉลองกรุง,เจ้าคุณทหาร,1,16:00-19:00,0,1,1
เจ้าคุณทหาร-ฉลองกรุง,เจ้าคุณทหาร,3,07:00-09:00,1,0,1
เจ้าคุณทหาร-ฉลองกรุง,เจ้าคุณทหาร,3,09:00-16:00,1,0,0
เจ้าคุณทหาร-ฉลองกรุง,เจ้าคุณทหาร,3,09:00-17:00,0,0,1
เจ้าคุณทหาร-ฉลองกรุง,เจ้าคุณทหาร,3,16:00-19:00,1,0,0
เจ้าคุณทหาร-ฉลองกรุง,เจ้าคุณทหาร,3,17:00-19:00,0,0,1
เจ้าคุณหทาร-ฉลองกรุง,ฉลองกรุง,4,07:00-09:00,0,0,1
เจ้าคุณหทาร-ฉลองกรุง,ฉลองกรุง,4,09:00-17:00,0,0,1
เจ้าคุณหทาร-ฉลองกรุง,ฉลองกรุง,4,17:00-19:00,0,0,1
เจ้าคุณหทาร-ฉลองกรุง,เจ้าคุณทหาร,4,07:00-09:00,0,0,1
เจ้าคุณหทาร-ฉลองกรุง,เจ้าคุณทหาร,4,09:00-17:00,0,0,1
เจ้าคุณหทาร-ฉลองกรุง,เจ้าคุณทหาร,4,17:00-19:00,0,0,1
เฉลิมกรุง,ตรีทอง,2,07:00-09:00,0,1,0
เฉลิมกรุง,ตรีทอง,2,09:00-16:00,0,1,0
เฉลิมกรุง,ตรีทอง,2,16:00-19:00,0,1,0
เฉลิมกรุง,ตรีเพชร,1,07:00-09:00,0,0,1
เฉลิมกรุง,ตรีเพชร,1,09:00-17:00,0,0,1
เฉลิมกรุง,ตรีเพชร,1,17:00-19:00,0,0,1
เฉลิมกรุง,ตรีเพชร,2,07:00-09:00,0,1,1
เฉลิมกรุง,ตรีเพชร,2,09:00-16:00,0,1,0
เฉลิมกรุง,ตรีเพชร,2,09:00-17:00,0,0,1
เฉลิมกรุง,ตรีเพชร,2,16:00-19:00,0,1,0
เฉลิมกรุง,ตรีเพชร,2,17:00-19:00,0,0,1
เฉลิมกรุง,ตรีเพชร,4,07:00-09:00,1,0,1
เฉลิมกรุง,ตรีเพชร,4,09:00-16:00,1,0,1
เฉลิมกรุง,ตรีเพชร,4,16:00-19:00,1,0,1
เฉลิมกรุง,ตีทอง,1,07:00-09:00,0,0,1
เฉลิมกรุง,ตีทอง,1,09:00-17:00,0,0,1
เฉลิมกรุง,ตีทอง,1,17:00-19:00,0,0,1
เฉลิมกรุง,ตีทอง,2,07:00-09:00,0,0,1
เฉลิมกรุง,ตีทอง,2,09:00-17:00,0,0,1
เฉลิมกรุง,ตีทอง,2,17:00-19:00,0,0,1
เฉลิมกรุง,ตีทอง,4,07:00-09:00,1,0,1
เฉลิมกรุง,ตีทอง,4,09:00-16:00,1,0,1
เฉลิมกรุง,ตีทอง,4,16:00-19:00,1,0,1
เฉลิมกรุง,เจริญกรุง,1,07:00-09:00,0,0,1
เฉลิมกรุง,เจริญกรุง,1,09:00-17:00,0,0,1
เฉลิมกรุง,เจริญกรุง,1,17:00-19:00,0,0,1
เฉลิมกรุง,เจริญกรุง,2,07:00-09:00,0,1,1
เฉลิมกรุง,เจริญกรุง,2,09:00-16:00,0,1,0
เฉลิมกรุง,เจริญกรุง,2,09:00-17:00,0,0,1
เฉลิมกรุง,เจริญกรุง,2,16:00-19:00,0,1,0
เฉลิมกรุง,เจริญกรุง,2,17:00-19:00,0,0,1
เฉลิมกรุง,เจริญกรุง,4,07:00-09:00,1,0,1
เฉลิมกรุง,เจริญกรุง,4,09:00-16:00,1,0,1
เฉลิมกรุง,เจริญกรุง,4,16:00-19:00,1,0,1
เฉลิมบุรี,ทรงสวัสดิ์,3,07:00-09:00,0,0,1
เฉลิมบุรี,ทรงสวัสดิ์,3,09:00-17:00,0,0,1
เฉลิมบุรี,ทรงสวัสดิ์,3,17:00-19:00,0,0,1
เฉลิมบุรี,ทรงสวัสดิ์,4,07:00-09:00,0,1,0
เฉลิมบุรี,ทรงสวัสดิ์,4,09:00-16:00,0,1,0
เฉลิมบุรี,ทรงสวัสดิ์,4,16:00-19:00,0,1,0
เฉลิมบุรี,เยาวราช,3,07:00-09:00,0,0,1
เฉลิมบุรี,เยาวราช,3,09:00-17:00,0,0,1
เฉลิมบุรี,เยาวราช,3,17:00-19:00,0,0,1
เฉลิมบุรี,เยาวราช,4,07:00-09:00,0,1,0
เฉลิมบุรี,เยาวราช,4,09:00-16:00,0,1,0
เฉลิมบุรี,เยาวราช,4,16:00-19:00,0,1,0
เฉลิมพระเกรียรติร.9ซอย67,เฉลิมพระเกียรติร.9,2,07:00-09:00,0,0,1
เฉลิมพระเกรียรติร.9ซอย67,เฉลิมพระเกียรติร.9,2,09:00-17:00,0,0,1
เฉลิมพระเกรียรติร.9ซอย67,เฉลิมพระเกียรติร.9,2,17:00-19:00,0,0,1
เฉลิมพระเกรียรติร.9ซอย67,เฉลิมพระเกียรติร.9ซอย67,2,07:00-09:00,0,0,1
เฉลิมพระเกรียรติร.9ซอย67,เฉลิมพระเกียรติร.9ซอย67,2,09:00-17:00,0,0,1
เฉลิมพระเกรียรติร.9ซอย67,เฉลิมพระเกียรติร.9ซอย67,2,17:00-19:00,0,0,1
เฉลิมพระเกียรติร.9ซอย43,เฉลิมพระเกียรติ,4,07:00-09:00,1,0,0
เฉลิมพระเกียรติร.9ซอย43,เฉลิมพระเกียรติ,4,09:00-16:00,1,0,0
เฉลิมพระเกียรติร.9ซอย43,เฉลิมพระเกียรติ,4,16:00-19:00,1,0,0
เฉลิมพระเกียรติร.9ซอย62แยก2,ฉลิมพระเกียรติร.9ซอย62แยก,4,07:00-09:00,1,0,0
เฉลิมพระเกียรติร.9ซอย62แยก2,ฉลิมพระเกียรติร.9ซอย62แยก,4,09:00-16:00,1,0,0
เฉลิมพระเกียรติร.9ซอย62แยก2,ฉลิมพระเกียรติร.9ซอย62แยก,4,16:00-19:00,1,0,0
เฉลิมพระเกียรติร.9ซอย62แยก2,เฉลิมพระเกียรติร.9ซอย62,4,07:00-09:00,1,0,0
เฉลิมพระเกียรติร.9ซอย62แยก2,เฉลิมพระเกียรติร.9ซอย62,4,09:00-16:00,1,0,0
เฉลิมพระเกียรติร.9ซอย62แยก2,เฉลิมพระเกียรติร.9ซอย62,4,16:00-19:00,1,0,0
เฉลิมพระเกียรติร.9ซอย65,เฉลิมพระเกียรติร.9,2,07:00-09:00,1,0,0
เฉลิมพระเกียรติร.9ซอย65,เฉลิมพระเกียรติร.9,2,09:00-16:00,1,0,0
เฉลิมพระเกียรติร.9ซอย65,เฉลิมพระเกียรติร.9,2,16:00-19:00,1,0,0
เฉลิมพระเกียรติร9ซอย23,เฉลิมพระเกียรติร.9,1,07:00-09:00,1,0,0
เฉลิมพระเกียรติร9ซอย23,เฉลิมพระเกียรติร.9,1,09:00-16:00,1,0,0
เฉลิมพระเกียรติร9ซอย23,เฉลิมพระเกียรติร.9,1,16:00-19:00,1,0,0
เฉลิมเผ่า,พระรามทิ่1,4,07:00-09:00,0,0,1
เฉลิมเผ่า,พระรามทิ่1,4,09:00-16:00,0,0,1
เฉลิมเผ่า,พระรามทิ่1,4,16:00-19:00,0,0,1
เฉลิมเผ่า,พระรามที่1,1,06:30-09:00,1,0,0
เฉลิมเผ่า,พระรามที่1,1,07:00-09:00,0,1,0
เฉลิมเผ่า,พระรามที่1,1,09:00-16:00,1,1,0
เฉลิมเผ่า,พระรามที่1,1,16:00-19:00,0,1,0
เฉลิมเผ่า,พระรามที่1,1,16:00-19:30,1,0,0
เฉลิมเผ่า,พระรามที่1,3,07:00-09:00,1,0,1
เฉลิมเผ่า,พระรามที่1,3,09:00-16:00,1,0,0
เฉลิมเผ่า,พระรามที่1,3,09:00-17:00,0,0,1
เฉลิมเผ่า,พระรามที่1,3,16:00-19:00,1,0,0
เฉลิมเผ่า,พระรามที่1,3,17:00-19:00,0,0,1
เฉลิมเผ่า,อังรีดูนังต์,1,06:30-09:00,1,0,0
เฉลิมเผ่า,อังรีดูนังต์,1,07:00-09:00,0,1,0
เฉลิมเผ่า,อังรีดูนังต์,1,09:00-16:00,1,1,0
เฉลิมเผ่า,อังรีดูนังต์,1,16:00-19:00,0,1,0
เฉลิมเผ่า,อังรีดูนังต์,1,16:00-19:30,1,0,0
เฉลิมเผ่า,อังรีดูนังต์,3,07:00-09:00,1,0,1
เฉลิมเผ่า,อังรีดูนังต์,3,09:00-16:00,1,0,0
เฉลิมเผ่า,อังรีดูนังต์,3,09:00-17:00,0,0,1
เฉลิมเผ่า,อังรีดูนังต์,3,16:00-19:00,1,0,0
เฉลิมเผ่า,อังรีดูนังต์,3,17:00-19:00,0,0,1
เฉลิมเผ่า,อังรีดูนังต์,4,07:00-09:00,0,0,1
เฉลิมเผ่า,อังรีดูนังต์,4,09:00-16:00,0,0,1
เฉลิมเผ่า,อังรีดูนังต์,4,16:00-19:00,0,0,1
เฉลิมไทย,ราชดำเนิน,3,07:00-09:00,0,1,0
เฉลิมไทย,ราชดำเนิน,3,09:00-16:00,0,1,0
เฉลิมไทย,ราชดำเนิน,3,16:00-19:00,0,1,0
เชิดวุฒากาศ-กำแพงเพชร6,กำแพงเพชร6,1,07:00-09:00,0,0,1
เชิดวุฒากาศ-กำแพงเพชร6,กำแพงเพชร6,1,09:00-17:00,0,0,1
เชิดวุฒากาศ-กำแพงเพชร6,กำแพงเพชร6,1,17:00-19:00,0,0,1
เชิดวุฒากาศ-กำแพงเพชร6,เชิดวุฒากาศ,1,07:00-09:00,0,0,1
เชิดวุฒากาศ-กำแพงเพชร6,เชิดวุฒากาศ,1,09:00-17:00,0,0,1
เชิดวุฒากาศ-กำแพงเพชร6,เชิดวุฒากาศ,1,17:00-19:00,0,0,1
เชิดวุฒากาศ-กำแพงเพชร6,เชิดวุฒากาศ-กำแพงเพชร6,1,07:00-09:00,0,0,1
เชิดวุฒากาศ-กำแพงเพชร6,เชิดวุฒากาศ-กำแพงเพชร6,1,09:00-17:00,0,0,1
เชิดวุฒากาศ-กำแพงเพชร6,เชิดวุฒากาศ-กำแพงเพชร6,1,17:00-19:00,0,0,1
เชื่อมสัมพันธ์-บุรีภิรมย์,บุรีภิรมย์,1,07:00-09:00,0,0,1
เชื่อมสัมพันธ์-บุรีภิรมย์,บุรีภิรมย์,1,09:00-17:00,0,0,1
เชื่อมสัมพันธ์-บุรีภิรมย์,บุรีภิรมย์,1,17:00-19:00,0,0,1
เชื่อมสัมพันธ์-บุรีภิรมย์,บุรีภิรมย์,3,07:00-09:00,0,0,1
เชื่อมสัมพันธ์-บุรีภิรมย์,บุรีภิรมย์,3,09:00-16:00,0,0,1
เชื่อมสัมพันธ์-บุรีภิรมย์,บุรีภิรมย์,3,16:00-19:00,0,0,1
เชื่อมสัมพันธ์-บุรีภิรมย์,เชื่อมสัมพันธ์,1,07:00-09:00,0,0,1
เชื่อมสัมพันธ์-บุรีภิรมย์,เชื่อมสัมพันธ์,1,09:00-17:00,0,0,1
เชื่อมสัมพันธ์-บุรีภิรมย์,เชื่อมสัมพันธ์,1,17:00-19:00,0,0,1
เชื่อมสัมพันธ์-บุรีภิรมย์,เชื่อมสัมพันธ์,3,07:00-09:00,0,0,1
เชื่อมสัมพันธ์-บุรีภิรมย์,เชื่อมสัมพันธ์,3,09:00-16:00,0,0,1
เชื่อมสัมพันธ์-บุรีภิรมย์,เชื่อมสัมพันธ์,3,16:00-19:00,0,0,1
เชื่อมสัมพันธ์-ลำไทร,ลำไทร,1,07:00-09:00,0,0,1
เชื่อมสัมพันธ์-ลำไทร,ลำไทร,1,09:00-17:00,0,0,1
เชื่อมสัมพันธ์-ลำไทร,ลำไทร,1,17:00-19:00,0,0,1
เชื่อมสัมพันธ์-ลำไทร,เชื่อมสัมพันธ์,1,07:00-09:00,0,0,1
เชื่อมสัมพันธ์-ลำไทร,เชื่อมสัมพันธ์,1,09:00-17:00,0,0,1
เชื่อมสัมพันธ์-ลำไทร,เชื่อมสัมพันธ์,1,17:00-19:00,0,0,1
เชื่อมสัมพันธ์-สกุลดี,สกุลดี,1,07:00-09:00,0,0,1
เชื่อมสัมพันธ์-สกุลดี,สกุลดี,1,09:00-17:00,0,0,1
เชื่อมสัมพันธ์-สกุลดี,สกุลดี,1,17:00-19:00,0,0,1
เชื่อมสัมพันธ์-สกุลดี,สกุลดี,3,07:00-09:00,0,1,1
เชื่อมสัมพันธ์-สกุลดี,สกุลดี,3,09:00-16:00,0,1,1
เชื่อมสัมพันธ์-สกุลดี,สกุลดี,3,16:00-19:00,0,1,1
เชื่อมสัมพันธ์-สกุลดี,เชื่อมสัมพันธ์,1,07:00-09:00,0,0,1
เชื่อมสัมพันธ์-สกุลดี,เชื่อมสัมพันธ์,1,09:00-17:00,0,0,1
เชื่อมสัมพันธ์-สกุลดี,เชื่อมสัมพันธ์,1,17:00-19:00,0,0,1
เชื่อมสัมพันธ์-สกุลดี,เชื่อมสัมพันธ์,3,07:00-09:00,0,1,1
เชื่อมสัมพันธ์-สกุลดี,เชื่อมสัมพันธ์,3,09:00-16:00,0,1,1
เชื่อมสัมพันธ์-สกุลดี,เชื่อมสัมพันธ์,3,16:00-19:00,0,1,1
เชื่อมสัมพันธ์-เลียบวารี,สังฆสันติสุข,3,07:00-09:00,0,1,0
เชื่อมสัมพันธ์-เลียบวารี,สังฆสันติสุข,3,09:00-16:00,0,1,0
เชื่อมสัมพันธ์-เลียบวารี,สังฆสันติสุข,3,16:00-19:00,0,1,0
เชื่อมสัมพันธ์-เลียบวารี,เชื่อมสัมพันธ์,3,07:00-09:00,0,1,0
เชื่อมสัมพันธ์-เลียบวารี,เชื่อมสัมพันธ์,3,09:00-16:00,0,1,0
เชื่อมสัมพันธ์-เลียบวารี,เชื่อมสัมพันธ์,3,16:00-19:00,0,1,0
เชื่อมสัมพันธ์-เลียบวารี,เลียบวารี,3,07:00-09:00,0,1,0
เชื่อมสัมพันธ์-เลียบวารี,เลียบวารี,3,09:00-16:00,0,1,0
เชื่อมสัมพันธ์-เลียบวารี,เลียบวารี,3,16:00-19:00,0,1,0
เดชะตุงคะ-นาวงประชาพัฒนา,นาวงประชาพัฒนา,3,07:00-09:00,0,1,0
เดชะตุงคะ-นาวงประชาพัฒนา,นาวงประชาพัฒนา,3,09:00-16:00,0,1,0
เดชะตุงคะ-นาวงประชาพัฒนา,นาวงประชาพัฒนา,3,16:00-19:00,0,1,0
เดชะตุงคะ-นาวงประชาพัฒนา,เดชะตุงคะ,3,07:00-09:00,0,1,0
เดชะตุงคะ-นาวงประชาพัฒนา,เดชะตุงคะ,3,09:00-16:00,0,1,0
เดชะตุงคะ-นาวงประชาพัฒนา,เดชะตุงคะ,3,16:00-19:00,0,1,0
เดอะมอลล์บางแค,กาญจนาภิเษก,2,07:00-09:00,0,0,1
เดอะมอลล์บางแค,กาญจนาภิเษก,2,09:00-17:00,0,0,1
เดอะมอลล์บางแค,กาญจนาภิเษก,2,17:00-19:00,0,0,1
เดอะมอลล์บางแค,เพชรเกษม,2,07:00-09:00,0,0,1
เดอะมอลล์บางแค,เพชรเกษม,2,09:00-17:00,0,0,1
เดอะมอลล์บางแค,เพชรเกษม,2,17:00-19:00,0,0,1
เดอะมอลล์บางแค,เพชรเกษม47/2,2,07:00-09:00,0,0,1
เดอะมอลล์บางแค,เพชรเกษม47/2,2,09:00-17:00,0,0,1
เดอะมอลล์บางแค,เพชรเกษม47/2,2,17:00-19:00,0,0,1
เดโช,สีลม,3,07:00-09:00,0,1,1
เดโช,สีลม,3,09:00-16:00,0,1,1
เดโช,สีลม,3,16:00-19:00,0,1,1
เดโช,สีลม,4,07:00-09:00,1,1,0
เดโช,สีลม,4,09:00-16:00,1,1,0
เดโช,สีลม,4,16:00-19:00,1,1,0
เดโช,เดโช,3,07:00-09:00,0,1,1
เดโช,เดโช,3,09:00-16:00,0,1,1
เดโช,เดโช,3,16:00-19:00,0,1,1
เดโช,เดโช,4,07:00-09:00,1,1,0
เดโช,เดโช,4,09:00-16:00,1,1,0
เดโช,เดโช,4,16:00-19:00,1,1,0
เตาปูน,กรุงเทพ-นนทบุรี,3,07:00-09:00,0,1,0
เตาปูน,กรุงเทพ-นนทบุรี,3,09:00-16:00,0,1,0
เตาปูน,กรุงเทพ-นนทบุรี,3,16:00-19:00,0,1,0
เตาปูน,ซอยนำชัย,3,07:00-09:00,0,0,1
เตาปูน,ซอยนำชัย,3,09:00-17:00,0,0,1
เตาปูน,ซอยนำชัย,3,17:00-19:00,0,0,1
เตาปูน,ซอยน้ำชัย,2,07:00-09:00,0,1,0
เตาปูน,ซอยน้ำชัย,2,09:00-16:00,0,1,0
เตาปูน,ซอยน้ำชัย,2,16:00-19:00,0,1,0
เตาปูน,ซอยน้ำชัย,3,07:00-09:00,0,1,0
เตาปูน,ซอยน้ำชัย,3,09:00-16:00,0,1,0
เตาปูน,ซอยน้ำชัย,3,16:00-19:00,0,1,0
เตาปูน,ประชาราษฎร์,2,07:00-09:00,0,1,0
เตาปูน,ประชาราษฎร์,2,09:00-16:00,0,1,0
เตาปูน,ประชาราษฎร์,2,16:00-19:00,0,1,0
เตาปูน,ประชาราษฎร์,3,07:00-09:00,1,0,1
เตาปูน,ประชาราษฎร์,3,09:00-16:00,1,0,0
เตาปูน,ประชาราษฎร์,3,09:00-17:00,0,0,1
เตาปูน,ประชาราษฎร์,3,16:00-19:00,1,0,0
เตาปูน,ประชาราษฎร์,3,17:00-19:00,0,0,1
เตาปูน,ประชาราษฎร์,4,07:00-09:00,1,0,1
เตาปูน,ประชาราษฎร์,4,09:00-16:00,1,0,0
เตาปูน,ประชาราษฎร์,4,09:00-17:00,0,0,1
เตาปูน,ประชาราษฎร์,4,16:00-19:00,1,0,0
เตาปูน,ประชาราษฎร์,4,17:00-19:00,0,0,1
เตาปูน,ประชาราษฎร์สาย2,2,07:00-09:00,0,1,0
เตาปูน,ประชาราษฎร์สาย2,2,09:00-16:00,0,1,0
เตาปูน,ประชาราษฎร์สาย2,2,16:00-19:00,0,1,0
เตาปูน,ประชาราษฎร์สาย2,3,07:00-09:00,1,1,1
เตาปูน,ประชาราษฎร์สาย2,3,09:00-16:00,1,1,0
เตาปูน,ประชาราษฎร์สาย2,3,09:00-17:00,0,0,1
เตาปูน,ประชาราษฎร์สาย2,3,16:00-19:00,1,1,0
เตาปูน,ประชาราษฎร์สาย2,3,17:00-19:00,0,0,1
เตาปูน,ประชาราษฎร์สาย2,4,07:00-09:00,1,0,1
เตาปูน,ประชาราษฎร์สาย2,4,09:00-16:00,1,0,0
เตาปูน,ประชาราษฎร์สาย2,4,09:00-17:00,0,0,1
เตาปูน,ประชาราษฎร์สาย2,4,16:00-19:00,1,0,0
เตาปูน,ประชาราษฎร์สาย2,4,17:00-19:00,0,0,1
เทคนิคกรุงเทพ,นราธิวาสราชนครินทร์17,3,07:00-09:00,0,0,1
เทคนิคกรุงเทพ,นราธิวาสราชนครินทร์17,3,09:00-17:00,0,0,1
เทคนิคกรุงเทพ,นราธิวาสราชนครินทร์17,3,17:00-19:00,0,0,1
เทคนิคกรุงเทพ,นราธิวาสฯ17,2,07:00-09:00,0,0,1
เทคนิคกรุงเทพ,นราธิวาสฯ17,2,09:00-17:00,0,0,1
เทคนิคกรุงเทพ,นราธิวาสฯ17,2,17:00-19:00,0,0,1
เทคนิคกรุงเทพ,นางลิ้นจี่,2,07:00-09:00,0,0,1
เทคนิคกรุงเทพ,นางลิ้นจี่,2,09:00-17:00,0,0,1
เทคนิคกรุงเทพ,นางลิ้นจี่,2,17:00-19:00,0,0,1
เทคนิคกรุงเทพ,นางลิ้นจี่,3,07:00-09:00,0,0,1
เทคนิคกรุงเทพ,นางลิ้นจี่,3,09:00-17:00,0,0,1
เทคนิคกรุงเทพ,นางลิ้นจี่,3,17:00-19:00,0,0,1
เทคนิคกรุงเทพ,สวนพลู,2,07:00-09:00,0,0,1
เทคนิคกรุงเทพ,สวนพลู,2,09:00-17:00,0,0,1
เทคนิคกรุงเทพ,สวนพลู,2,17:00-19:00,0,0,1
เทคนิคกรุงเทพ,สวนพลู,3,07:00-09:00,0,0,1
เทคนิคกรุงเทพ,สวนพลู,3,09:00-17:00,0,0,1
เทคนิคกรุงเทพ,สวนพลู,3,17:00-19:00,0,0,1
เทคนิคกรุงเทพ,โรงถ่าน,2,07:00-09:00,0,0,1
เทคนิคกรุงเทพ,โรงถ่าน,2,09:00-17:00,0,0,1
เทคนิคกรุงเทพ,โรงถ่าน,2,17:00-19:00,0,0,1
เทคนิคกรุงเทพ,โรงถ่าน,3,07:00-09:00,0,0,1
เทคนิคกรุงเทพ,โรงถ่าน,3,09:00-17:00,0,0,1
เทคนิคกรุงเทพ,โรงถ่าน,3,17:00-19:00,0,0,1
เทพรักษ์-สุขาภิบาล5,สุขาภิบาล5,1,07:00-09:00,0,0,1
เทพรักษ์-สุขาภิบาล5,สุขาภิบาล5,1,09:00-17:00,0,0,1
เทพรักษ์-สุขาภิบาล5,สุขาภิบาล5,1,17:00-19:00,0,0,1
เทพรักษ์-สุขาภิบาล5,เทพรักษ์,1,07:00-09:00,0,0,1
เทพรักษ์-สุขาภิบาล5,เทพรักษ์,1,09:00-17:00,0,0,1
เทพรักษ์-สุขาภิบาล5,เทพรักษ์,1,17:00-19:00,0,0,1
เทวกรรม,กรุงเกษม,1,07:00-09:00,0,1,0
เทวกรรม,กรุงเกษม,1,09:00-16:00,0,1,0
เทวกรรม,กรุงเกษม,1,16:00-19:00,0,1,0
เทวกรรม,กรุงเกษม,2,07:00-09:00,0,0,1
เทวกรรม,กรุงเกษม,2,09:00-17:00,0,0,1
เทวกรรม,กรุงเกษม,2,17:00-19:00,0,0,1
เทวกรรม,กรุงเกษม,4,07:00-09:00,2,0,0
เทวกรรม,กรุงเกษม,4,09:00-16:00,2,0,0
เทวกรรม,กรุงเกษม,4,16:00-19:00,2,0,0
เทวกรรม,นครสวรรค์,1,07:00-09:00,0,1,0
เทวกรรม,นครสวรรค์,1,09:00-16:00,0,1,0
เทวกรรม,นครสวรรค์,1,16:00-19:00,0,1,0
เทวกรรม,นครสวรรค์,2,07:00-09:00,0,0,1
เทวกรรม,นครสวรรค์,2,09:00-17:00,0,0,1
เทวกรรม,นครสวรรค์,2,17:00-19:00,0,0,1
เทวกรรม,นครสวรรค์,4,07:00-09:00,2,0,0
เทวกรรม,นครสวรรค์,4,09:00-16:00,2,0,0
เทวกรรม,นครสวรรค์,4,16:00-19:00,2,0,0
เทศบาลสงเคราะห์-เทศบาลรังรักษใ์ต้,เทศบาลรังรักษ์เหนือ,3,07:00-09:00,0,1,0
เทศบาลสงเคราะห์-เทศบาลรังรักษใ์ต้,เทศบาลรังรักษ์เหนือ,3,09:00-16:00,0,1,0
เทศบาลสงเคราะห์-เทศบาลรังรักษใ์ต้,เทศบาลรังรักษ์เหนือ,3,16:00-19:00,0,1,0
เทศบาลสงเคราะห์-เทศบาลรังรักษใ์ต้,เทศบาลสงเคราะห์,3,07:00-09:00,0,1,0
เทศบาลสงเคราะห์-เทศบาลรังรักษใ์ต้,เทศบาลสงเคราะห์,3,09:00-16:00,0,1,0
เทศบาลสงเคราะห์-เทศบาลรังรักษใ์ต้,เทศบาลสงเคราะห์,3,16:00-19:00,0,1,0
เทศบาลสงเคราะห์-เทศบาลรังรักษ์ใต้,เทศบาลรังรักษ์ใต้,3,07:00-09:00,0,1,0
เทศบาลสงเคราะห์-เทศบาลรังรักษ์ใต้,เทศบาลรังรักษ์ใต้,3,09:00-16:00,0,1,0
เทศบาลสงเคราะห์-เทศบาลรังรักษ์ใต้,เทศบาลรังรักษ์ใต้,3,16:00-19:00,0,1,0
เทอดดำริ,ประดิพัทธ์,1,07:00-09:00,1,0,2
เทอดดำริ,ประดิพัทธ์,1,09:00-16:00,1,0,1
เทอดดำริ,ประดิพัทธ์,1,09:00-17:00,0,0,1
เทอดดำริ,ประดิพัทธ์,1,16:00-19:00,1,0,1
เทอดดำริ,ประดิพัทธ์,1,17:00-19:00,0,0,1
เทอดดำริ,ประดิพัทธ์,4,07:00-09:00,0,1,0
เทอดดำริ,ประดิพัทธ์,4,09:00-16:00,0,1,0
เทอดดำริ,ประดิพัทธ์,4,16:00-19:00,0,1,0
เทอดดำริ,เทอดดำริ,1,07:00-09:00,1,0,2
เทอดดำริ,เทอดดำริ,1,09:00-16:00,1,0,1
เทอดดำริ,เทอดดำริ,1,09:00-17:00,0,0,1
เทอดดำริ,เทอดดำริ,1,16:00-19:00,1,0,1
เทอดดำริ,เทอดดำริ,1,17:00-19:00,0,0,1
เทอดดำริ,เทอดดำริ,4,07:00-09:00,0,1,0
เทอดดำริ,เทอดดำริ,4,09:00-16:00,0,1,0
เทอดดำริ,เทอดดำริ,4,16:00-19:00,0,1,0
เทอดไท33,เทอดไท,2,07:00-09:00,0,0,1
เทอดไท33,เทอดไท,2,09:00-17:00,0,0,1
เทอดไท33,เทอดไท,2,17:00-19:00,0,0,2
เทอดไท33,เทอดไท33,2,07:00-09:00,0,0,1
เทอดไท33,เทอดไท33,2,09:00-17:00,0,0,1
เทอดไท33,เทอดไท33,2,17:00-19:00,0,0,1
เทอดไท33(24เม.ย.69),เทอดไท,2,07:00-09:00,0,0,1
เทอดไท33(24เม.ย.69),เทอดไท,2,09:00-17:00,0,0,1
เทอดไท33(24เม.ย.69),เทอดไท33,2,07:00-09:00,0,0,1
เทอดไท33(24เม.ย.69),เทอดไท33,2,09:00-17:00,0,0,1
เทอดไท33(24เม.ย.69),เทอดไท33,2,17:00-19:00,0,0,1
เทิดราชัน-เชิดวุฒากาศ,เชิดวุฒากาศ-กำแพงเพชร6,1,07:00-09:00,0,0,1
เทิดราชัน-เชิดวุฒากาศ,เชิดวุฒากาศ-กำแพงเพชร6,1,09:00-17:00,0,0,1
เทิดราชัน-เชิดวุฒากาศ,เชิดวุฒากาศ-กำแพงเพชร6,1,17:00-19:00,0,0,1
เทิดราชัน-เชิดวุฒากาศ,เทิดราชัน,1,07:00-09:00,0,0,1
เทิดราชัน-เชิดวุฒากาศ,เทิดราชัน,1,09:00-17:00,0,0,1
เทิดราชัน-เชิดวุฒากาศ,เทิดราชัน,1,17:00-19:00,0,0,1
เทียนทะเล7,ซอยท่าข้าม23,1,07:00-09:00,0,1,0
เทียนทะเล7,ซอยท่าข้าม23,1,09:00-16:00,0,1,0
เทียนทะเล7,ซอยท่าข้าม23,1,16:00-19:00,0,1,0
เทียนทะเล7,เทียนทะเล7,1,07:00-09:00,0,1,0
เทียนทะเล7,เทียนทะเล7,1,09:00-16:00,0,1,0
เทียนทะเล7,เทียนทะเล7,1,16:00-19:00,0,1,0
เทียมร่วมมิตร,กาญจนาภิเษก,1,07:00-09:00,0,0,1
เทียมร่วมมิตร,กาญจนาภิเษก,1,09:00-16:00,0,0,1
เทียมร่วมมิตร,กาญจนาภิเษก,1,16:00-19:00,0,0,1
เทียมร่วมมิตร,รัชดาภิเษก,2,07:00-09:00,1,0,0
เทียมร่วมมิตร,รัชดาภิเษก,2,09:00-16:00,1,0,0
เทียมร่วมมิตร,รัชดาภิเษก,2,16:00-19:00,1,0,0
เทียมร่วมมิตร,รัชดาภิเษก,3,07:00-09:00,1,0,1
เทียมร่วมมิตร,รัชดาภิเษก,3,09:00-16:00,1,0,0
เทียมร่วมมิตร,รัชดาภิเษก,3,09:00-17:00,0,0,1
เทียมร่วมมิตร,รัชดาภิเษก,3,16:00-19:00,1,0,0
เทียมร่วมมิตร,รัชดาภิเษก,3,17:00-19:00,0,0,1
เทียมร่วมมิตร,รัชดาภิเษก,4,07:00-09:00,0,1,0
เทียมร่วมมิตร,รัชดาภิเษก,4,09:00-16:00,0,1,0
เทียมร่วมมิตร,รัชดาภิเษก,4,16:00-19:00,0,1,0
เทียมร่วมมิตร,เดอะมอลล์บางแค,1,16:00-19:00,0,0,1
เทียมร่วมมิตร,เทียมร่วมมิตร,1,07:00-09:00,0,0,1
เทียมร่วมมิตร,เทียมร่วมมิตร,1,09:00-16:00,0,0,1
เทียมร่วมมิตร,เทียมร่วมมิตร,1,16:00-19:00,0,0,1
เทียมร่วมมิตร,เทียมร่วมมิตร,2,07:00-09:00,1,0,0
เทียมร่วมมิตร,เทียมร่วมมิตร,2,09:00-16:00,1,0,0
เทียมร่วมมิตร,เทียมร่วมมิตร,2,16:00-19:00,1,0,0
เทียมร่วมมิตร,เทียมร่วมมิตร,3,07:00-09:00,1,0,1
เทียมร่วมมิตร,เทียมร่วมมิตร,3,09:00-16:00,1,0,0
เทียมร่วมมิตร,เทียมร่วมมิตร,3,09:00-17:00,0,0,1
เทียมร่วมมิตร,เทียมร่วมมิตร,3,16:00-19:00,1,0,0
เทียมร่วมมิตร,เทียมร่วมมิตร,3,17:00-19:00,0,0,1
เทียมร่วมมิตร,เทียมร่วมมิตร,4,07:00-09:00,0,1,0
เทียมร่วมมิตร,เทียมร่วมมิตร,4,09:00-16:00,0,1,0
เทียมร่วมมิตร,เทียมร่วมมิตร,4,16:00-19:00,0,1,0
เทียมร่วมมิตร,เพชรเกษม47/2,1,07:00-09:00,0,0,1
เทียมร่วมมิตร,เพชรเกษม47/2,1,09:00-16:00,0,0,1
เทเวศร์,กรุงเกษม,1,07:00-09:00,0,0,1
เทเวศร์,กรุงเกษม,1,09:00-17:00,0,0,1
เทเวศร์,กรุงเกษม,1,17:00-19:00,0,0,1
เทเวศร์,กรุงเกษม,2,07:00-09:00,0,0,1
เทเวศร์,กรุงเกษม,2,09:00-16:00,0,0,1
เทเวศร์,กรุงเกษม,2,16:00-19:00,0,0,1
เทเวศร์,กรุงเกษม,3,07:00-09:00,1,2,0
เทเวศร์,กรุงเกษม,3,09:00-16:00,1,2,0
เทเวศร์,กรุงเกษม,3,16:00-19:00,1,2,0
เทเวศร์,สามเสน,1,07:00-09:00,0,0,1
เทเวศร์,สามเสน,1,09:00-17:00,0,0,1
เทเวศร์,สามเสน,1,17:00-19:00,0,0,1
เทเวศร์,สามเสน,2,07:00-09:00,0,0,1
เทเวศร์,สามเสน,2,09:00-16:00,0,0,1
เทเวศร์,สามเสน,2,16:00-19:00,0,0,1
เทเวศร์,สามเสน,3,07:00-09:00,1,2,0
เทเวศร์,สามเสน,3,09:00-16:00,1,2,0
เทเวศร์,สามเสน,3,16:00-19:00,1,2,0
เพชรบุรี-ชิดลม,เพชรบุรี,1,07:00-09:00,1,0,0
เพชรบุรี-ชิดลม,เพชรบุรี,1,09:00-16:00,1,0,0
เพชรบุรี-ชิดลม,เพชรบุรี,1,16:00-19:00,1,0,0
เพชรบุรี-ชิดลม,เพชรบุรี,2,07:00-09:00,1,0,0
เพชรบุรี-ชิดลม,เพชรบุรี,2,09:00-16:00,1,0,0
เพชรบุรี-ชิดลม,เพชรบุรี,2,16:00-19:00,1,0,0
เพชรบุรี-ชิดลม,เพชรบุรี,3,07:00-09:00,0,0,2
เพชรบุรี-ชิดลม,เพชรบุรี,3,09:00-17:00,0,0,2
เพชรบุรี-ชิดลม,เพชรบุรี,3,17:00-19:00,0,0,2
เพชรบุรี-ชิดลม,เพชรบุรี,4,07:00-09:00,0,1,0
เพชรบุรี-ชิดลม,เพชรบุรี,4,09:00-16:00,0,1,0
เพชรบุรี-ชิดลม,เพชรบุรี,4,16:00-19:00,0,1,0
เพชรบุรี-ทองหล่อ,ซอยทองหล่อ,4,07:00-09:00,0,1,0
เพชรบุรี-ทองหล่อ,ซอยทองหล่อ,4,09:00-16:00,0,1,0
เพชรบุรี-ทองหล่อ,ซอยทองหล่อ,4,16:00-19:00,0,1,0
เพชรบุรี-ทองหล่อ,ทองหล่อ,1,07:00-09:00,0,0,1
เพชรบุรี-ทองหล่อ,ทองหล่อ,1,09:00-17:00,0,0,1
เพชรบุรี-ทองหล่อ,ทองหล่อ,1,17:00-19:00,0,0,1
เพชรบุรี-ทองหล่อ,ทองหล่อ,2,07:00-09:00,0,0,1
เพชรบุรี-ทองหล่อ,ทองหล่อ,2,09:00-17:00,0,0,1
เพชรบุรี-ทองหล่อ,ทองหล่อ,2,17:00-19:00,0,0,1
เพชรบุรี-ทองหล่อ,ทองหล่อ,4,07:00-09:00,1,0,0
เพชรบุรี-ทองหล่อ,ทองหล่อ,4,09:00-16:00,1,0,0
เพชรบุรี-ทองหล่อ,ทองหล่อ,4,16:00-19:00,1,0,0
เพชรบุรี-ทองหล่อ,เพชรบุรี,1,07:00-09:00,0,0,1
เพชรบุรี-ทองหล่อ,เพชรบุรี,1,09:00-17:00,0,0,1
เพชรบุรี-ทองหล่อ,เพชรบุรี,1,17:00-19:00,0,0,1
เพชรบุรี-ทองหล่อ,เพชรบุรี,2,07:00-09:00,0,0,1
เพชรบุรี-ทองหล่อ,เพชรบุรี,2,09:00-17:00,0,0,1
เพชรบุรี-ทองหล่อ,เพชรบุรี,2,17:00-19:00,0,0,1
เพชรบุรี-ทองหล่อ,เพชรบุรี,4,07:00-09:00,1,1,0
เพชรบุรี-ทองหล่อ,เพชรบุรี,4,09:00-16:00,1,1,0
เพชรบุรี-ทองหล่อ,เพชรบุรี,4,16:00-19:00,1,1,0
เพชรบุรี-พร้อมพงษ์,ซอยสุขุมวิท39,3,06:30-09:00,0,1,0
เพชรบุรี-พร้อมพงษ์,ซอยสุขุมวิท39,3,09:00-16:00,0,1,0
เพชรบุรี-พร้อมพงษ์,ซอยสุขุมวิท39,3,16:00-19:30,0,1,0
เพชรบุรี-พร้อมพงษ์,ซอยสุขุมวิท39,4,07:00-09:00,1,0,0
เพชรบุรี-พร้อมพงษ์,ซอยสุขุมวิท39,4,09:00-16:00,1,0,0
เพชรบุรี-พร้อมพงษ์,ซอยสุขุมวิท39,4,16:00-19:00,1,0,0
เพชรบุรี-พร้อมพงษ์,สุขุมวิท39,4,07:00-09:00,0,1,0
เพชรบุรี-พร้อมพงษ์,สุขุมวิท39,4,09:00-16:00,0,1,0
เพชรบุรี-พร้อมพงษ์,สุขุมวิท39,4,16:00-19:00,0,1,0
เพชรบุรี-พร้อมพงษ์,เพชรบุรี,3,06:30-09:00,0,1,0
เพชรบุรี-พร้อมพงษ์,เพชรบุรี,3,09:00-16:00,0,1,0
เพชรบุรี-พร้อมพงษ์,เพชรบุรี,3,16:00-19:30,0,1,0
เพชรบุรี-พร้อมพงษ์,เพชรบุรี,4,07:00-09:00,1,1,0
เพชรบุรี-พร้อมพงษ์,เพชรบุรี,4,09:00-16:00,1,1,0
เพชรบุรี-พร้อมพงษ์,เพชรบุรี,4,16:00-19:00,1,1,0
เพชรบุรี-เพชรอุทัย,เพชรบุรี,2,07:00-09:00,1,0,0
เพชรบุรี-เพชรอุทัย,เพชรบุรี,2,09:00-16:00,1,0,0
เพชรบุรี-เพชรอุทัย,เพชรบุรี,2,16:00-19:00,1,0,0
เพชรบุรี-เพชรอุทัย,เพชรอุทัย,2,07:00-09:00,1,0,0
เพชรบุรี-เพชรอุทัย,เพชรอุทัย,2,09:00-16:00,1,0,0
เพชรบุรี-เพชรอุทัย,เพชรอุทัย,2,16:00-19:00,1,0,0
เพชรบุรี38,เพชรบุรี,3,07:00-09:00,0,1,0
เพชรบุรี38,เพชรบุรี,3,09:00-16:00,0,1,0
เพชรบุรี38,เพชรบุรี,3,16:00-19:00,0,1,0
เพชรพระราม,บรรทัดทอง,1,07:00-09:00,0,1,0
เพชรพระราม,บรรทัดทอง,1,09:00-16:00,0,1,0
เพชรพระราม,บรรทัดทอง,1,16:00-19:00,0,1,0
เพชรพระราม,บรรทัดทอง,2,06:30-09:00,1,0,0
เพชรพระราม,บรรทัดทอง,2,09:00-16:00,1,0,0
เพชรพระราม,บรรทัดทอง,2,16:00-19:30,1,0,0
เพชรพระราม,บรรทัดทอง,3,07:00-09:00,0,0,1
เพชรพระราม,บรรทัดทอง,3,09:00-17:00,0,0,1
เพชรพระราม,บรรทัดทอง,3,17:00-19:00,0,0,1
เพชรพระราม,บรรทัดทอง,4,07:00-09:00,0,0,1
เพชรพระราม,บรรทัดทอง,4,09:00-16:00,0,0,1
เพชรพระราม,บรรทัดทอง,4,16:00-19:00,0,0,1
เพชรพระราม,เพชรบุรี,1,07:00-09:00,0,1,0
เพชรพระราม,เพชรบุรี,1,09:00-16:00,0,1,0
เพชรพระราม,เพชรบุรี,1,16:00-19:00,0,1,0
เพชรพระราม,เพชรบุรี,2,06:30-09:00,1,0,0
เพชรพระราม,เพชรบุรี,2,09:00-16:00,1,0,0
เพชรพระราม,เพชรบุรี,2,16:00-19:30,1,0,0
เพชรพระราม,เพชรบุรี,3,07:00-09:00,0,0,1
เพชรพระราม,เพชรบุรี,3,09:00-17:00,0,0,1
เพชรพระราม,เพชรบุรี,3,17:00-19:00,0,0,1
เพชรพระราม,เพชรบุรี,4,07:00-09:00,0,0,1
เพชรพระราม,เพชรบุรี,4,09:00-16:00,0,0,1
เพชรพระราม,เพชรบุรี,4,16:00-19:00,0,0,1
เพชรอุทัย-ทางด่วนขั้นที่2,ขึ้นทางด่วนขั้นที่2,2,07:00-09:00,0,0,1
เพชรอุทัย-ทางด่วนขั้นที่2,ขึ้นทางด่วนขั้นที่2,2,09:00-16:00,0,0,1
เพชรอุทัย-ทางด่วนขั้นที่2,ขึ้นทางด่วนขั้นที่2,2,16:00-19:00,0,0,1
เพชรอุทัย-ทางด่วนขั้นที่2,ทางด่วนขันที2,3,07:00-09:00,1,0,0
เพชรอุทัย-ทางด่วนขั้นที่2,ทางด่วนขันที2,3,09:00-16:00,1,0,0
เพชรอุทัย-ทางด่วนขั้นที่2,ทางด่วนขันที2,3,16:00-19:00,1,0,0
เพชรอุทัย-ทางด่วนขั้นที่2,พระราชดำริ,2,07:00-09:00,0,0,1
เพชรอุทัย-ทางด่วนขั้นที่2,พระราชดำริ,2,09:00-16:00,0,0,1
เพชรอุทัย-ทางด่วนขั้นที่2,พระราชดำริ,2,16:00-19:00,0,0,1
เพชรอุทัย-ทางด่วนขั้นที่2,พระราชดำริ,3,07:00-09:00,1,0,0
เพชรอุทัย-ทางด่วนขั้นที่2,พระราชดำริ,3,09:00-16:00,1,0,0
เพชรอุทัย-ทางด่วนขั้นที่2,พระราชดำริ,3,16:00-19:00,1,0,0
เพชรอุทัย-ทางด่วนขั้นที่2,เพชรอุทัย,2,07:00-09:00,0,0,1
เพชรอุทัย-ทางด่วนขั้นที่2,เพชรอุทัย,2,09:00-16:00,0,0,1
เพชรอุทัย-ทางด่วนขั้นที่2,เพชรอุทัย,2,16:00-19:00,0,0,1
เพชรอุทัย-ทางด่วนขั้นที่2,เพชรอุทัย,3,07:00-09:00,1,0,0
เพชรอุทัย-ทางด่วนขั้นที่2,เพชรอุทัย,3,09:00-16:00,1,0,0
เพชรอุทัย-ทางด่วนขั้นที่2,เพชรอุทัย,3,16:00-19:00,1,0,0
เพชรเกษม,เพชรเกษม,1,07:00-09:00,0,0,1
เพชรเกษม,เพชรเกษม,1,09:00-16:00,0,0,1
เพชรเกษม,เพชรเกษม,1,16:00-19:00,0,0,1
เพชรเกษม,เลียบใต้ทางด่วน,1,07:00-09:00,0,0,1
เพชรเกษม,เลียบใต้ทางด่วน,1,09:00-16:00,0,0,1
เพชรเกษม,ใต้ด่วนดินแดง,1,16:00-19:00,0,0,1
เพชรเกษม-พุทธมณฑลสาย1,พุทธมณฑลสาย1,1,07:00-09:00,0,0,2
เพชรเกษม-พุทธมณฑลสาย1,พุทธมณฑลสาย1,1,09:00-17:00,0,0,2
เพชรเกษม-พุทธมณฑลสาย1,พุทธมณฑลสาย1,1,17:00-19:00,0,0,2
เพชรเกษม-พุทธมณฑลสาย1,พุทธมณฑลสาย1,4,07:00-09:00,0,1,0
เพชรเกษม-พุทธมณฑลสาย1,พุทธมณฑลสาย1,4,09:00-16:00,0,1,0
เพชรเกษม-พุทธมณฑลสาย1,พุทธมณฑลสาย1,4,16:00-19:00,0,1,0
เพชรเกษม-พุทธมณฑลสาย1,เพชรเกษม,1,07:00-09:00,0,0,2
เพชรเกษม-พุทธมณฑลสาย1,เพชรเกษม,1,09:00-17:00,0,0,2
เพชรเกษม-พุทธมณฑลสาย1,เพชรเกษม,1,17:00-19:00,0,0,2
เพชรเกษม-พุทธมณฑลสาย1,เพชรเกษม,4,07:00-09:00,0,1,0
เพชรเกษม-พุทธมณฑลสาย1,เพชรเกษม,4,09:00-16:00,0,1,0
เพชรเกษม-พุทธมณฑลสาย1,เพชรเกษม,4,16:00-19:00,0,1,0
เพชรเกษม-พุทธมเณฑลสาย1,พุทธมณฑลสาย1,3,07:00-09:00,1,0,0
เพชรเกษม-พุทธมเณฑลสาย1,พุทธมณฑลสาย1,3,09:00-16:00,1,0,0
เพชรเกษม-พุทธมเณฑลสาย1,พุทธมณฑลสาย1,3,16:00-19:00,1,0,0
เพชรเกษม-พุทธมเณฑลสาย1,เพชรเกษม,3,07:00-09:00,1,0,0
เพชรเกษม-พุทธมเณฑลสาย1,เพชรเกษม,3,09:00-16:00,1,0,0
เพชรเกษม-พุทธมเณฑลสาย1,เพชรเกษม,3,16:00-19:00,1,0,0
เพชรเกษม-ราชพฤกษ์,ราชพฤกษ์,1,07:00-09:00,0,0,1
เพชรเกษม-ราชพฤกษ์,ราชพฤกษ์,1,09:00-17:00,0,0,1
เพชรเกษม-ราชพฤกษ์,ราชพฤกษ์,1,17:00-19:00,0,0,1
เพชรเกษม-ราชพฤกษ์,ราชพฤกษ์,3,07:00-09:00,1,0,0
เพชรเกษม-ราชพฤกษ์,ราชพฤกษ์,3,09:00-16:00,1,0,0
เพชรเกษม-ราชพฤกษ์,ราชพฤกษ์,3,16:00-19:00,1,0,0
เพชรเกษม-ราชพฤกษ์,ราชพฤกษ์,4,07:00-09:00,0,1,0
เพชรเกษม-ราชพฤกษ์,ราชพฤกษ์,4,09:00-16:00,0,1,0
เพชรเกษม-ราชพฤกษ์,ราชพฤกษ์,4,16:00-19:00,0,1,0
เพชรเกษม-ราชพฤกษ์,เพชรเกษม,1,07:00-09:00,0,0,1
เพชรเกษม-ราชพฤกษ์,เพชรเกษม,1,09:00-17:00,0,0,1
เพชรเกษม-ราชพฤกษ์,เพชรเกษม,1,17:00-19:00,0,0,1
เพชรเกษม-ราชพฤกษ์,เพชรเกษม,3,07:00-09:00,1,0,0
เพชรเกษม-ราชพฤกษ์,เพชรเกษม,3,09:00-16:00,1,0,0
เพชรเกษม-ราชพฤกษ์,เพชรเกษม,3,16:00-19:00,1,0,0
เพชรเกษม-ราชพฤกษ์,เพชรเกษม,4,07:00-09:00,0,1,0
เพชรเกษม-ราชพฤกษ์,เพชรเกษม,4,09:00-16:00,0,1,0
เพชรเกษม-ราชพฤกษ์,เพชรเกษม,4,16:00-19:00,0,1,0
เพชรเกษม-เพชรเกษม4,เพชรเกษม,2,07:00-09:00,0,0,1
เพชรเกษม-เพชรเกษม4,เพชรเกษม,2,09:00-17:00,0,0,1
เพชรเกษม-เพชรเกษม4,เพชรเกษม,2,17:00-19:00,0,0,1
เพชรเกษม-เพชรเกษม4,เพชรเกษม,3,07:00-09:00,1,0,0
เพชรเกษม-เพชรเกษม4,เพชรเกษม,3,09:00-16:00,1,0,0
เพชรเกษม-เพชรเกษม4,เพชรเกษม,3,16:00-19:00,1,0,0
เพชรเกษม-เพชรเกษม4,เพชรเกษม4,2,07:00-09:00,0,0,1
เพชรเกษม-เพชรเกษม4,เพชรเกษม4,2,09:00-17:00,0,0,1
เพชรเกษม-เพชรเกษม4,เพชรเกษม4,2,17:00-19:00,0,0,1
เพชรเกษม-เพชรเกษม86,กาญจนาภิเษก,1,07:00-09:00,0,0,1
เพชรเกษม-เพชรเกษม86,กาญจนาภิเษก,1,09:00-17:00,0,0,1
เพชรเกษม-เพชรเกษม86,กาญจนาภิเษก,1,17:00-19:00,0,0,1
เพชรเกษม-เพชรเกษม86,ซอยเพชรเกษม86,4,07:00-09:00,0,0,1
เพชรเกษม-เพชรเกษม86,ซอยเพชรเกษม86,4,09:00-16:00,0,0,1
เพชรเกษม-เพชรเกษม86,ซอยเพชรเกษม86,4,16:00-19:00,0,0,1
เพชรเกษม-เพชรเกษม86,ถนนกาญจนาภิเษก,4,07:00-09:00,0,0,1
เพชรเกษม-เพชรเกษม86,ถนนกาญจนาภิเษก,4,09:00-16:00,0,0,1
เพชรเกษม-เพชรเกษม86,ถนนกาญจนาภิเษก,4,16:00-19:00,0,0,1
เพชรเกษม-เพชรเกษม86,ถนนเพชรเกษม,4,07:00-09:00,0,0,1
เพชรเกษม-เพชรเกษม86,ถนนเพชรเกษม,4,09:00-16:00,0,0,1
เพชรเกษม-เพชรเกษม86,ถนนเพชรเกษม,4,16:00-19:00,0,0,1
เพชรเกษม-เพชรเกษม86,เพชรเกษม,1,07:00-09:00,0,0,1
เพชรเกษม-เพชรเกษม86,เพชรเกษม,1,09:00-17:00,0,0,1
เพชรเกษม-เพชรเกษม86,เพชรเกษม,1,17:00-19:00,0,0,1
เพชรเกษม-เพชรเกษม86,เพชรเกษม86,1,07:00-09:00,0,0,1
เพชรเกษม-เพชรเกษม86,เพชรเกษม86,1,09:00-17:00,0,0,1
เพชรเกษม-เพชรเกษม86,เพชรเกษม86,1,17:00-19:00,0,0,1
เพชรเกษม-เลียบคลองทวีวัฒนา,เพชรเกษม,2,07:00-09:00,0,0,1
เพชรเกษม-เลียบคลองทวีวัฒนา,เพชรเกษม,2,09:00-16:00,0,0,1
เพชรเกษม-เลียบคลองทวีวัฒนา,เพชรเกษม,2,16:00-19:00,0,0,1
เพชรเกษม-เลียบคลองทวีวัฒนา,เลียบคลองทวีวัฒนา,2,07:00-09:00,0,0,1
เพชรเกษม-เลียบคลองทวีวัฒนา,เลียบคลองทวีวัฒนา,2,09:00-16:00,0,0,1
เพชรเกษม-เลียบคลองทวีวัฒนา,เลียบคลองทวีวัฒนา,2,16:00-19:00,0,0,1
เพชรเกษม116,เพชรเกษม,2,07:00-09:00,0,0,1
เพชรเกษม116,เพชรเกษม,2,09:00-17:00,0,0,1
เพชรเกษม116,เพชรเกษม,2,17:00-19:00,0,0,1
เพชรเกษม116,เพชรเกษม116,2,07:00-09:00,0,0,1
เพชรเกษม116,เพชรเกษม116,2,09:00-17:00,0,0,1
เพชรเกษม116,เพชรเกษม116,2,17:00-19:00,0,0,1
เพชรเกษม116,เพชรเกษม84/1,2,07:00-09:00,0,0,1
เพชรเกษม116,เพชรเกษม84/1,2,09:00-17:00,0,0,1
เพชรเกษม116,เพชรเกษม84/1,2,17:00-19:00,0,0,1
เพชรเกษม20,ซอยเพชรเกษม20,3,07:00-09:00,1,0,0
เพชรเกษม20,ซอยเพชรเกษม20,3,09:00-16:00,1,0,0
เพชรเกษม20,ซอยเพชรเกษม20,3,16:00-19:00,1,0,0
เพชรเกษม20,เพชรเกษม,3,07:00-09:00,1,0,0
เพชรเกษม20,เพชรเกษม,3,09:00-16:00,1,0,0
เพชรเกษม20,เพชรเกษม,3,16:00-19:00,1,0,0
เพชรเกษม45/1,เพชรเกษม,4,07:00-09:00,0,0,1
เพชรเกษม45/1,เพชรเกษม,4,09:00-16:00,0,0,1
เพชรเกษม45/1,เพชรเกษม,4,16:00-19:00,0,0,1
เพชรเกษม45/1,เพชรเกษม45/1,4,07:00-09:00,0,0,1
เพชรเกษม45/1,เพชรเกษม45/1,4,09:00-16:00,0,0,1
เพชรเกษม45/1,เพชรเกษม45/1,4,16:00-19:00,0,0,1
เพชรเกษม69,ขอยเพชรเกษม69,2,06:30-09:00,1,0,0
เพชรเกษม69,ขอยเพชรเกษม69,2,09:00-16:00,1,0,0
เพชรเกษม69,ขอยเพชรเกษม69,2,16:00-19:30,1,0,0
เพชรเกษม69,ซอยเพชรเกษม102/4,2,06:30-09:00,1,0,0
เพชรเกษม69,ซอยเพชรเกษม102/4,2,09:00-16:00,1,0,0
เพชรเกษม69,ซอยเพชรเกษม102/4,2,16:00-19:30,1,0,0
เพชรเกษม69,ซอยเพชรเกษม102/4,3,07:00-09:00,0,1,0
เพชรเกษม69,ซอยเพชรเกษม102/4,3,09:00-16:00,0,1,0
เพชรเกษม69,ซอยเพชรเกษม102/4,3,16:00-19:00,0,1,0
เพชรเกษม69,ซอยเพชรเกษม102/4,4,07:00-09:00,0,1,0
เพชรเกษม69,ซอยเพชรเกษม102/4,4,09:00-16:00,0,1,0
เพชรเกษม69,ซอยเพชรเกษม102/4,4,16:00-19:00,0,1,0
เพชรเกษม69,ซอยเพชรเกษม69,3,07:00-09:00,0,1,0
เพชรเกษม69,ซอยเพชรเกษม69,3,09:00-16:00,0,1,0
เพชรเกษม69,ซอยเพชรเกษม69,3,16:00-19:00,0,1,0
เพชรเกษม69,ซอยเพชรเกษม69,4,07:00-09:00,0,1,0
เพชรเกษม69,ซอยเพชรเกษม69,4,09:00-16:00,0,1,0
เพชรเกษม69,ซอยเพชรเกษม69,4,16:00-19:00,0,1,0
เพชรเกษม69,เพชรเกษม,1,07:00-09:00,0,0,1
เพชรเกษม69,เพชรเกษม,1,09:00-17:00,0,0,1
เพชรเกษม69,เพชรเกษม,1,17:00-19:00,0,0,1
เพชรเกษม69,เพชรเกษม,2,07:00-09:00,1,0,0
เพชรเกษม69,เพชรเกษม,2,09:00-16:00,1,0,0
เพชรเกษม69,เพชรเกษม,2,16:00-19:00,1,0,0
เพชรเกษม69,เพชรเกษม,3,07:00-09:00,0,1,3
เพชรเกษม69,เพชรเกษม,3,09:00-16:00,0,1,1
เพชรเกษม69,เพชรเกษม,3,09:00-17:00,0,0,2
เพชรเกษม69,เพชรเกษม,3,16:00-19:00,0,1,1
เพชรเกษม69,เพชรเกษม,3,17:00-19:00,0,0,2
เพชรเกษม69,เพชรเกษม,4,07:00-09:00,0,1,0
เพชรเกษม69,เพชรเกษม,4,09:00-16:00,0,1,0
เพชรเกษม69,เพชรเกษม,4,16:00-19:00,0,1,0
เพชรเกษม69,เพชรเกษม102/4,1,07:00-09:00,0,0,1
เพชรเกษม69,เพชรเกษม102/4,1,09:00-17:00,0,0,1
เพชรเกษม69,เพชรเกษม102/4,1,17:00-19:00,0,0,1
เพชรเกษม69,เพชรเกษม102/4,3,07:00-09:00,0,0,3
เพชรเกษม69,เพชรเกษม102/4,3,09:00-16:00,0,0,1
เพชรเกษม69,เพชรเกษม102/4,3,09:00-17:00,0,0,2
เพชรเกษม69,เพชรเกษม102/4,3,16:00-19:00,0,0,1
เพชรเกษม69,เพชรเกษม102/4,3,17:00-19:00,0,0,2
เพชรเกษม69,เพชรเกษม69,1,07:00-09:00,0,0,1
เพชรเกษม69,เพชรเกษม69,1,09:00-17:00,0,0,1
เพชรเกษม69,เพชรเกษม69,1,17:00-19:00,0,0,1
เพชรเกษม69,เพชรเกษม69,3,07:00-09:00,0,0,3
เพชรเกษม69,เพชรเกษม69,3,09:00-16:00,0,0,1
เพชรเกษม69,เพชรเกษม69,3,09:00-17:00,0,0,2
เพชรเกษม69,เพชรเกษม69,3,16:00-19:00,0,0,1
เพชรเกษม69,เพชรเกษม69,3,17:00-19:00,0,0,2
เพชรเกษม69-อินทราปัจ13,อินทราปัจ13,4,07:00-09:00,0,0,1
เพชรเกษม69-อินทราปัจ13,อินทราปัจ13,4,09:00-16:00,0,0,1
เพชรเกษม69-อินทราปัจ13,อินทราปัจ13,4,16:00-19:00,0,0,1
เพชรเกษม69-อินทราปัจ13,เพชรเกษม 69,4,07:00-09:00,0,0,1
เพชรเกษม69-อินทราปัจ13,เพชรเกษม 69,4,09:00-16:00,0,0,1
เพชรเกษม69-อินทราปัจ13,เพชรเกษม 69,4,16:00-19:00,0,0,1
เพชรเกษม69-อินทราปัจ13,เพชรเกษม69,4,07:00-09:00,0,0,1
เพชรเกษม69-อินทราปัจ13,เพชรเกษม69,4,09:00-16:00,0,0,1
เพชรเกษม69-อินทราปัจ13,เพชรเกษม69,4,16:00-19:00,0,0,1
เพชรเกษม81,ขอยเพชรเกษม81,3,06:30-09:00,1,0,0
เพชรเกษม81,ขอยเพชรเกษม81,3,09:00-16:00,1,0,0
เพชรเกษม81,ขอยเพชรเกษม81,3,16:00-19:30,1,0,0
เพชรเกษม81,เพชรเกษม,1,07:00-09:00,0,0,1
เพชรเกษม81,เพชรเกษม,1,09:00-17:00,0,0,1
เพชรเกษม81,เพชรเกษม,1,17:00-19:00,0,0,1
เพชรเกษม81,เพชรเกษม,2,07:00-09:00,0,1,0
เพชรเกษม81,เพชรเกษม,2,09:00-16:00,0,1,0
เพชรเกษม81,เพชรเกษม,2,16:00-19:00,0,1,0
เพชรเกษม81,เพชรเกษม,3,06:30-09:00,1,0,0
เพชรเกษม81,เพชรเกษม,3,07:00-09:00,0,0,2
เพชรเกษม81,เพชรเกษม,3,09:00-16:00,1,0,1
เพชรเกษม81,เพชรเกษม,3,09:00-17:00,0,0,1
เพชรเกษม81,เพชรเกษม,3,16:00-19:00,0,0,1
เพชรเกษม81,เพชรเกษม,3,16:00-19:30,1,0,0
เพชรเกษม81,เพชรเกษม,3,17:00-19:00,0,0,1
เพชรเกษม81,เพชรเกษม81,1,07:00-09:00,0,0,1
เพชรเกษม81,เพชรเกษม81,1,09:00-17:00,0,0,1
เพชรเกษม81,เพชรเกษม81,1,17:00-19:00,0,0,1
เพชรเกษม81,เพชรเกษม81,2,07:00-09:00,0,1,0
เพชรเกษม81,เพชรเกษม81,2,09:00-16:00,0,1,0
เพชรเกษม81,เพชรเกษม81,2,16:00-19:00,0,1,0
เพชรเกษม81,เพชรเกษม81,3,07:00-09:00,0,0,2
เพชรเกษม81,เพชรเกษม81,3,09:00-16:00,0,0,1
เพชรเกษม81,เพชรเกษม81,3,09:00-17:00,0,0,1
เพชรเกษม81,เพชรเกษม81,3,16:00-19:00,0,0,1
เพชรเกษม81,เพชรเกษม81,3,17:00-19:00,0,0,1
เพลินจิต,วิทยุ,1,07:00-09:00,0,1,1
เพลินจิต,วิทยุ,1,09:00-16:00,0,1,0
เพลินจิต,วิทยุ,1,09:00-17:00,0,0,1
เพลินจิต,วิทยุ,1,16:00-19:00,0,1,0
เพลินจิต,วิทยุ,1,17:00-19:00,0,0,1
เพลินจิต,วิทยุ,2,07:00-09:00,1,0,0
เพลินจิต,วิทยุ,2,09:00-16:00,1,0,0
เพลินจิต,วิทยุ,2,16:00-19:00,1,0,0
เพลินจิต,วิทยุ,3,07:00-09:00,1,0,1
เพลินจิต,วิทยุ,3,09:00-16:00,1,0,0
เพลินจิต,วิทยุ,3,09:00-17:00,0,0,1
เพลินจิต,วิทยุ,3,16:00-19:00,1,0,0
เพลินจิต,วิทยุ,3,17:00-19:00,0,0,1
เพลินจิต,วิทยุ,4,07:00-09:00,0,0,1
เพลินจิต,วิทยุ,4,09:00-17:00,0,0,1
เพลินจิต,วิทยุ,4,17:00-19:00,0,0,1
เพลินจิต,เพลินจิต,1,07:00-09:00,0,1,1
เพลินจิต,เพลินจิต,1,09:00-16:00,0,1,0
เพลินจิต,เพลินจิต,1,09:00-17:00,0,0,1
เพลินจิต,เพลินจิต,1,16:00-19:00,0,1,0
เพลินจิต,เพลินจิต,1,17:00-19:00,0,0,1
เพลินจิต,เพลินจิต,2,07:00-09:00,1,0,0
เพลินจิต,เพลินจิต,2,09:00-16:00,1,0,0
เพลินจิต,เพลินจิต,2,16:00-19:00,1,0,0
เพลินจิต,เพลินจิต,3,07:00-09:00,1,0,1
เพลินจิต,เพลินจิต,3,09:00-16:00,1,0,0
เพลินจิต,เพลินจิต,3,09:00-17:00,0,0,1
เพลินจิต,เพลินจิต,3,16:00-19:00,1,0,0
เพลินจิต,เพลินจิต,3,17:00-19:00,0,0,1
เพลินจิต,เพลินจิต,4,07:00-09:00,0,0,1
เพลินจิต,เพลินจิต,4,09:00-17:00,0,0,1
เพลินจิต,เพลินจิต,4,17:00-19:00,0,0,1
เพิ่มสิน,ซอยเพิ่มสิน47,2,06:30-09:00,0,1,0
เพิ่มสิน,ซอยเพิ่มสิน47,2,09:00-16:00,0,1,0
เพิ่มสิน,ซอยเพิ่มสิน47,2,16:00-19:30,0,1,0
เพิ่มสิน,เพิ่มสิน,2,07:00-09:00,0,1,0
เพิ่มสิน,เพิ่มสิน,2,09:00-16:00,0,1,0
เพิ่มสิน,เพิ่มสิน,2,16:00-19:00,0,1,0
เฟื่องนคร-พระยาศรี,เฟื่องนคร,3,07:00-09:00,0,1,0
เฟื่องนคร-พระยาศรี,เฟื่องนคร,3,09:00-16:00,0,1,0
เฟื่องนคร-พระยาศรี,เฟื่องนคร,3,16:00-19:00,0,1,0
เฟื่องนคร-ราชบพิธ,ราชบพิธ,3,07:00-09:00,0,1,0
เฟื่องนคร-ราชบพิธ,ราชบพิธ,3,09:00-16:00,0,1,0
เฟื่องนคร-ราชบพิธ,ราชบพิธ,3,16:00-19:00,0,1,0
เฟื่องนคร-ราชบพิธ,เฟื่องนคร,3,07:00-09:00,0,1,0
เฟื่องนคร-ราชบพิธ,เฟื่องนคร,3,09:00-16:00,0,1,0
เฟื่องนคร-ราชบพิธ,เฟื่องนคร,3,16:00-19:00,0,1,0
เมอรี่คิงส์,ถนนจักรเพชร,1,07:00-09:00,0,0,1
เมอรี่คิงส์,ถนนจักรเพชร,1,09:00-17:00,0,0,1
เมอรี่คิงส์,ถนนจักรเพชร,1,17:00-19:00,0,0,1
เมอรี่คิงส์,ถนนเยาวราช,1,07:00-09:00,0,0,1
เมอรี่คิงส์,ถนนเยาวราช,1,09:00-17:00,0,0,1
เมอรี่คิงส์,ถนนเยาวราช,1,17:00-19:00,0,0,1
เมอร์รี่คิงส์,จักรเพชร,4,07:00-09:00,0,1,0
เมอร์รี่คิงส์,จักรเพชร,4,09:00-16:00,0,1,0
เมอร์รี่คิงส์,จักรเพชร,4,16:00-19:00,0,1,0
เมอร์รี่คิงส์,เยาวราช,4,07:00-09:00,0,1,0
เมอร์รี่คิงส์,เยาวราช,4,09:00-16:00,0,1,0
เมอร์รี่คิงส์,เยาวราช,4,16:00-19:00,0,1,0
เมืองมีน,รามอินทรา,4,07:00-09:00,0,1,1
เมืองมีน,รามอินทรา,4,09:00-16:00,0,1,0
เมืองมีน,รามอินทรา,4,09:00-17:00,0,0,1
เมืองมีน,รามอินทรา,4,16:00-19:00,0,1,0
เมืองมีน,รามอินทรา,4,17:00-19:00,0,0,1
เมืองมีน,สีหบุรานุกิจ,4,07:00-09:00,0,1,1
เมืองมีน,สีหบุรานุกิจ,4,09:00-16:00,0,1,0
เมืองมีน,สีหบุรานุกิจ,4,09:00-17:00,0,0,1
เมืองมีน,สีหบุรานุกิจ,4,16:00-19:00,0,1,0
เมืองมีน,สีหบุรานุกิจ,4,17:00-19:00,0,0,1
เมืองมีน,สุวินทวงศ์,4,07:00-09:00,0,1,1
เมืองมีน,สุวินทวงศ์,4,09:00-16:00,0,1,0
เมืองมีน,สุวินทวงศ์,4,09:00-17:00,0,0,1
เมืองมีน,สุวินทวงศ์,4,16:00-19:00,0,1,0
เมืองมีน,สุวินทวงศ์,4,17:00-19:00,0,0,1
เมืองมีน,เสรีไทย,4,07:00-09:00,0,1,1
เมืองมีน,เสรีไทย,4,09:00-16:00,0,1,0
เมืองมีน,เสรีไทย,4,09:00-17:00,0,0,1
เมืองมีน,เสรีไทย,4,16:00-19:00,0,1,0
เมืองมีน,เสรีไทย,4,17:00-19:00,0,0,1
เยาวราช-ผดุงด้าว,ผดุงด้าว,4,07:00-09:00,0,1,0
เยาวราช-ผดุงด้าว,ผดุงด้าว,4,09:00-16:00,0,1,0
เยาวราช-ผดุงด้าว,ผดุงด้าว,4,16:00-19:00,0,1,0
เยาวราช-ผดุงด้าว,เยาวราช,4,07:00-09:00,0,1,0
เยาวราช-ผดุงด้าว,เยาวราช,4,09:00-16:00,0,1,0
เยาวราช-ผดุงด้าว,เยาวราช,4,16:00-19:00,0,1,0
เยาวราช-มหาจักร,มหาจักร,4,07:00-09:00,0,1,0
เยาวราช-มหาจักร,มหาจักร,4,09:00-16:00,0,1,0
เยาวราช-มหาจักร,มหาจักร,4,16:00-19:00,0,1,0
เยาวราช-มหาจักร,เยาวราช,4,07:00-09:00,0,1,0
เยาวราช-มหาจักร,เยาวราช,4,09:00-16:00,0,1,0
เยาวราช-มหาจักร,เยาวราช,4,16:00-19:00,0,1,0
เยาวราช-มังกร,มังกร,4,07:00-09:00,0,1,0
เยาวราช-มังกร,มังกร,4,09:00-16:00,0,1,0
เยาวราช-มังกร,มังกร,4,16:00-19:00,0,1,0
เยาวราช-มังกร,เยาวราช,4,07:00-09:00,0,1,0
เยาวราช-มังกร,เยาวราช,4,09:00-16:00,0,1,0
เยาวราช-มังกร,เยาวราช,4,16:00-19:00,0,1,0
เยาวราช-อิสรานุภาพ,อิสรานุภาพ,4,07:00-09:00,0,1,0
เยาวราช-อิสรานุภาพ,อิสรานุภาพ,4,09:00-16:00,0,1,0
เยาวราช-อิสรานุภาพ,อิสรานุภาพ,4,16:00-19:00,0,1,0
เยาวราช-อิสรานุภาพ,เยาวราช,4,07:00-09:00,0,1,0
เยาวราช-อิสรานุภาพ,เยาวราช,4,09:00-16:00,0,1,0
เยาวราช-อิสรานุภาพ,เยาวราช,4,16:00-19:00,0,1,0
เยาวราช-แปลงนาม,เยาวราช,4,07:00-09:00,0,1,0
เยาวราช-แปลงนาม,เยาวราช,4,09:00-16:00,0,1,0
เยาวราช-แปลงนาม,เยาวราช,4,16:00-19:00,0,1,0
เย็นอากาศ,จันทน์,2,07:00-09:00,0,0,1
เย็นอากาศ,จันทน์,2,09:00-17:00,0,0,1
เย็นอากาศ,จันทน์,2,17:00-19:00,0,0,1
เย็นอากาศ,จันทน์,3,07:00-09:00,0,0,1
เย็นอากาศ,จันทน์,3,09:00-17:00,0,0,1
เย็นอากาศ,จันทน์,3,17:00-19:00,0,0,1
เย็นอากาศ,นางลิ้นจี่,2,07:00-09:00,0,0,1
เย็นอากาศ,นางลิ้นจี่,2,09:00-17:00,0,0,1
เย็นอากาศ,นางลิ้นจี่,2,17:00-19:00,0,0,1
เย็นอากาศ,นางลิ้นจี่,3,07:00-09:00,0,0,1
เย็นอากาศ,นางลิ้นจี่,3,09:00-17:00,0,0,1
เย็นอากาศ,นางลิ้นจี่,3,17:00-19:00,0,0,1
เย็นอากาศ,เย็นอากาศ,2,07:00-09:00,0,0,1
เย็นอากาศ,เย็นอากาศ,2,09:00-17:00,0,0,1
เย็นอากาศ,เย็นอากาศ,2,17:00-19:00,0,0,1
เย็นอากาศ,เย็นอากาศ,3,07:00-09:00,0,0,1
เย็นอากาศ,เย็นอากาศ,3,09:00-17:00,0,0,1
เย็นอากาศ,เย็นอากาศ,3,17:00-19:00,0,0,1
เย็นอากาศ-ศรีบำเพ็ญ,ศรีบำเพ็ญ,3,07:00-09:00,0,0,1
เย็นอากาศ-ศรีบำเพ็ญ,ศรีบำเพ็ญ,3,09:00-17:00,0,0,1
เย็นอากาศ-ศรีบำเพ็ญ,ศรีบำเพ็ญ,3,17:00-19:00,0,0,1
เย็นอากาศ-ศรีบำเพ็ญ,เย็นอากาศ,3,07:00-09:00,0,0,1
เย็นอากาศ-ศรีบำเพ็ญ,เย็นอากาศ,3,09:00-17:00,0,0,1
เย็นอากาศ-ศรีบำเพ็ญ,เย็นอากาศ,3,17:00-19:00,0,0,1
เรือนจำ,มหาไชย,2,07:00-09:00,0,1,0
เรือนจำ,มหาไชย,2,09:00-16:00,0,1,0
เรือนจำ,มหาไชย,2,16:00-19:00,0,1,0
เรือนจำ,หลวง,2,07:00-09:00,0,1,0
เรือนจำ,หลวง,2,09:00-16:00,0,1,0
เรือนจำ,หลวง,2,16:00-19:00,0,1,0
เลียบคลองประปา-ซอยย่านิ่มพัฒนา,ย่านิ่มพัฒนา,2,07:00-09:00,0,0,1
เลียบคลองประปา-ซอยย่านิ่มพัฒนา,ย่านิ่มพัฒนา,2,09:00-17:00,0,0,1
เลียบคลองประปา-ซอยย่านิ่มพัฒนา,ย่านิ่มพัฒนา,2,17:00-19:00,0,0,1
เลียบคลองประปา-ซอยย่านิ่มพัฒนา,เลียบคลองประปา,2,07:00-09:00,0,0,1
เลียบคลองประปา-ซอยย่านิ่มพัฒนา,เลียบคลองประปา,2,09:00-17:00,0,0,1
เลียบคลองประปา-ซอยย่านิ่มพัฒนา,เลียบคลองประปา,2,17:00-19:00,0,0,1
เลียบคลองประปา-ซอยหมู่บ้านสวนพงษ์เพชร7,หมู่บ้านสวนพงษ์เพชร7,2,07:00-09:00,0,0,1
เลียบคลองประปา-ซอยหมู่บ้านสวนพงษ์เพชร7,หมู่บ้านสวนพงษ์เพชร7,2,09:00-17:00,0,0,1
เลียบคลองประปา-ซอยหมู่บ้านสวนพงษ์เพชร7,หมู่บ้านสวนพงษ์เพชร7,2,17:00-19:00,0,0,1
เลียบคลองประปา-ซอยหมู่บ้านสวนพงษ์เพชร7,เลียบคลองประปา,2,07:00-09:00,0,0,1
เลียบคลองประปา-ซอยหมู่บ้านสวนพงษ์เพชร7,เลียบคลองประปา,2,09:00-17:00,0,0,1
เลียบคลองประปา-ซอยหมู่บ้านสวนพงษ์เพชร7,เลียบคลองประปา,2,17:00-19:00,0,0,1
เลียบคลองประปาฝั่งตะวันออก,เลียบคลองประปาฝั่งตะวันออก,1,07:00-09:00,0,0,1
เลียบคลองประปาฝั่งตะวันออก,เลียบคลองประปาฝั่งตะวันออก,1,09:00-17:00,0,0,1
เลียบคลองประปาฝั่งตะวันออก,เลียบคลองประปาฝั่งตะวันออก,1,17:00-19:00,0,0,1
เลียบคลองประปาฝั่งตะวันออก,แจ้งวัฒนะ,1,07:00-09:00,0,0,1
เลียบคลองประปาฝั่งตะวันออก,แจ้งวัฒนะ,1,09:00-17:00,0,0,1
เลียบคลองประปาฝั่งตะวันออก,แจ้งวัฒนะ,1,17:00-19:00,0,0,1
เลียบคลองประปาฝั่งตะวันออก-ซอยส่วนบุคคล(หลังโลตัส),เลียบคลองประปาฝั่งตะวันออก,2,07:00-09:00,0,0,1
เลียบคลองประปาฝั่งตะวันออก-ซอยส่วนบุคคล(หลังโลตัส),เลียบคลองประปาฝั่งตะวันออก,2,09:00-17:00,0,0,1
เลียบคลองประปาฝั่งตะวันออก-ซอยส่วนบุคคล(หลังโลตัส),เลียบคลองประปาฝั่งตะวันออก,2,17:00-19:00,0,0,1
เลียบคลองภาษีเจริญฝั่งเหนือ-เพชรเกษม81,เพชรเกษม81,1,07:00-09:00,0,0,1
เลียบคลองภาษีเจริญฝั่งเหนือ-เพชรเกษม81,เพชรเกษม81,1,09:00-17:00,0,0,1
เลียบคลองภาษีเจริญฝั่งเหนือ-เพชรเกษม81,เพชรเกษม81,1,17:00-19:00,0,0,1
เลียบคลองภาษีเจริญฝั่งเหนือ-เพชรเกษม81,เพชรเกษม81,4,07:00-09:00,0,0,1
เลียบคลองภาษีเจริญฝั่งเหนือ-เพชรเกษม81,เพชรเกษม81,4,09:00-17:00,0,0,1
เลียบคลองภาษีเจริญฝั่งเหนือ-เพชรเกษม81,เพชรเกษม81,4,17:00-19:00,0,0,1
เลียบคลองภาษีเจริญฝั่งเหนือ-เพชรเกษม81,เลียบคลองภาษีเจริญฝั่งเหนือ,1,07:00-09:00,0,0,1
เลียบคลองภาษีเจริญฝั่งเหนือ-เพชรเกษม81,เลียบคลองภาษีเจริญฝั่งเหนือ,1,09:00-17:00,0,0,1
เลียบคลองภาษีเจริญฝั่งเหนือ-เพชรเกษม81,เลียบคลองภาษีเจริญฝั่งเหนือ,1,17:00-19:00,0,0,1
เลียบคลองภาษีเจริญฝั่งเหนือ-เพชรเกษม81,เลียบคลองภาษีเจริญฝั่งเหนือ,4,07:00-09:00,0,0,1
เลียบคลองภาษีเจริญฝั่งเหนือ-เพชรเกษม81,เลียบคลองภาษีเจริญฝั่งเหนือ,4,09:00-17:00,0,0,1
เลียบคลองภาษีเจริญฝั่งเหนือ-เพชรเกษม81,เลียบคลองภาษีเจริญฝั่งเหนือ,4,17:00-19:00,0,0,1
เลียบคลองภาษีเจริญฝั่งเหนือ9,เลียบคลองภาษีเจริญฝั่งเหนือ,2,07:00-09:00,0,0,1
เลียบคลองภาษีเจริญฝั่งเหนือ9,เลียบคลองภาษีเจริญฝั่งเหนือ,2,09:00-17:00,0,0,1
เลียบคลองภาษีเจริญฝั่งเหนือ9,เลียบคลองภาษีเจริญฝั่งเหนือ,2,17:00-19:00,0,0,1
เลียบคลองภาษีเจริญฝั่งใต้,ซอยสวนจำปี,2,07:00-09:00,0,1,0
เลียบคลองภาษีเจริญฝั่งใต้,ซอยสวนจำปี,2,09:00-16:00,0,1,0
เลียบคลองภาษีเจริญฝั่งใต้,ซอยสวนจำปี,2,16:00-19:00,0,1,0
เลียบคลองภาษีเจริญฝั่งใต้,เพชรเกษม69,2,06:30-09:00,0,1,0
เลียบคลองภาษีเจริญฝั่งใต้,เพชรเกษม69,2,09:00-16:00,0,1,0
เลียบคลองภาษีเจริญฝั่งใต้,เพชรเกษม69,2,16:00-19:30,0,1,0
เลียบคลองภาษีเจริญฝั่งใต้,เลียบคลองภาษีเจริญฝั่งเหนือ,2,06:30-09:00,0,1,0
เลียบคลองภาษีเจริญฝั่งใต้,เลียบคลองภาษีเจริญฝั่งเหนือ,2,09:00-16:00,0,1,0
เลียบคลองภาษีเจริญฝั่งใต้,เลียบคลองภาษีเจริญฝั่งเหนือ,2,16:00-19:30,0,1,0
เลียบคลองภาษีเจริญฝั่งใต้-เพชรเกษม69,สวนจำปี,1,07:00-09:00,0,0,1
เลียบคลองภาษีเจริญฝั่งใต้-เพชรเกษม69,สวนจำปี,1,09:00-17:00,0,0,1
เลียบคลองภาษีเจริญฝั่งใต้-เพชรเกษม69,สวนจำปี,1,17:00-19:00,0,0,1
เลียบคลองภาษีเจริญฝั่งใต้-เพชรเกษม69,สวนจำปี,3,07:00-09:00,0,0,1
เลียบคลองภาษีเจริญฝั่งใต้-เพชรเกษม69,สวนจำปี,3,09:00-17:00,0,0,1
เลียบคลองภาษีเจริญฝั่งใต้-เพชรเกษม69,สวนจำปี,3,17:00-19:00,0,0,1
เลียบคลองภาษีเจริญฝั่งใต้-เพชรเกษม69,เพชรเกษม69,1,07:00-09:00,0,0,1
เลียบคลองภาษีเจริญฝั่งใต้-เพชรเกษม69,เพชรเกษม69,1,09:00-17:00,0,0,1
เลียบคลองภาษีเจริญฝั่งใต้-เพชรเกษม69,เพชรเกษม69,1,17:00-19:00,0,0,1
เลียบคลองภาษีเจริญฝั่งใต้-เพชรเกษม69,เพชรเกษม69,3,07:00-09:00,0,0,1
เลียบคลองภาษีเจริญฝั่งใต้-เพชรเกษม69,เพชรเกษม69,3,09:00-17:00,0,0,1
เลียบคลองภาษีเจริญฝั่งใต้-เพชรเกษม69,เพชรเกษม69,3,17:00-19:00,0,0,1
เลียบคลองภาษีเจริญฝั่งใต้-เพชรเกษม69,เลียบคลองภาษีเจริญฝั่งใต้,1,07:00-09:00,0,0,1
เลียบคลองภาษีเจริญฝั่งใต้-เพชรเกษม69,เลียบคลองภาษีเจริญฝั่งใต้,1,09:00-17:00,0,0,1
เลียบคลองภาษีเจริญฝั่งใต้-เพชรเกษม69,เลียบคลองภาษีเจริญฝั่งใต้,1,17:00-19:00,0,0,1
เลียบคลองภาษีเจริญฝั่งใต้-เพชรเกษม69,เลียบคลองภาษีเจริญฝั่งใต้,3,07:00-09:00,0,0,1
เลียบคลองภาษีเจริญฝั่งใต้-เพชรเกษม69,เลียบคลองภาษีเจริญฝั่งใต้,3,09:00-17:00,0,0,1
เลียบคลองภาษีเจริญฝั่งใต้-เพชรเกษม69,เลียบคลองภาษีเจริญฝั่งใต้,3,17:00-19:00,0,0,1
เลียบคลองภาษีเจริญฝั่งใต้6,เลียบคลองภาษีเจริญฝั่งใต้,1,07:00-09:00,0,0,1
เลียบคลองภาษีเจริญฝั่งใต้6,เลียบคลองภาษีเจริญฝั่งใต้,1,09:00-17:00,0,0,1
เลียบคลองภาษีเจริญฝั่งใต้6,เลียบคลองภาษีเจริญฝั่งใต้,1,17:00-19:00,0,0,1
เลียบคลองภาษีเจริญฝั่งใต้6,เลียบคลองภาษีเจริญฝั่งใต้6,1,07:00-09:00,0,0,1
เลียบคลองภาษีเจริญฝั่งใต้6,เลียบคลองภาษีเจริญฝั่งใต้6,1,09:00-17:00,0,0,1
เลียบคลองภาษีเจริญฝั่งใต้6,เลียบคลองภาษีเจริญฝั่งใต้6,1,17:00-19:00,0,0,1
เลียบด่วนกาญจนาภิเษก-ใต้ทางด่วน(จุดที่1),เลียบด่วนกาญจนาภิเษก,3,07:00-09:00,0,0,1
เลียบด่วนกาญจนาภิเษก-ใต้ทางด่วน(จุดที่1),เลียบด่วนกาญจนาภิเษก,3,09:00-16:00,0,0,1
เลียบด่วนกาญจนาภิเษก-ใต้ทางด่วน(จุดที่1),เลียบด่วนกาญจนาภิเษก,3,16:00-19:00,0,0,1
เลียบด่วนกาญจนาภิเษก-ใต้ทางด่วน(จุดที่1),ใต้ทางด่วน,3,07:00-09:00,0,0,1
เลียบด่วนกาญจนาภิเษก-ใต้ทางด่วน(จุดที่1),ใต้ทางด่วน,3,09:00-16:00,0,0,1
เลียบด่วนกาญจนาภิเษก-ใต้ทางด่วน(จุดที่1),ใต้ทางด่วน,3,16:00-19:00,0,0,1
เลียบด่วนกาญจนาภิเษก-ใต้ทางด่วน(จุดที่2),เลียบด่วนกาญจนาภิเษก,3,07:00-09:00,0,0,1
เลียบด่วนกาญจนาภิเษก-ใต้ทางด่วน(จุดที่2),เลียบด่วนกาญจนาภิเษก,3,09:00-16:00,0,0,1
เลียบด่วนกาญจนาภิเษก-ใต้ทางด่วน(จุดที่2),เลียบด่วนกาญจนาภิเษก,3,16:00-19:00,0,0,1
เลียบด่วนกาญจนาภิเษก-ใต้ทางด่วน(จุดที่2),ใต้ทางด่วน,3,07:00-09:00,0,0,1
เลียบด่วนกาญจนาภิเษก-ใต้ทางด่วน(จุดที่2),ใต้ทางด่วน,3,09:00-16:00,0,0,1
เลียบด่วนกาญจนาภิเษก-ใต้ทางด่วน(จุดที่2),ใต้ทางด่วน,3,16:00-19:00,0,0,1
เลียบทางรถไฟสายใต้-ฉิมพลี,ฉิมพลี,3,07:00-09:00,0,0,1
เลียบทางรถไฟสายใต้-ฉิมพลี,ฉิมพลี,3,09:00-17:00,0,0,1
เลียบทางรถไฟสายใต้-ฉิมพลี,ฉิมพลี,3,17:00-19:00,0,0,1
เลียบทางรถไฟสายใต้-ฉิมพลี,เลียบทางรถไฟสายใต้,3,07:00-09:00,0,0,1
เลียบทางรถไฟสายใต้-ฉิมพลี,เลียบทางรถไฟสายใต้,3,09:00-17:00,0,0,1
เลียบทางรถไฟสายใต้-ฉิมพลี,เลียบทางรถไฟสายใต้,3,17:00-19:00,0,0,1
เลียบทางรถไฟสายใต้-เอราวัณปาร์คอเวนิว,เลียบทางรถไฟสายใต้,1,07:00-09:00,0,0,1
เลียบทางรถไฟสายใต้-เอราวัณปาร์คอเวนิว,เลียบทางรถไฟสายใต้,1,09:00-17:00,0,0,1
เลียบทางรถไฟสายใต้-เอราวัณปาร์คอเวนิว,เลียบทางรถไฟสายใต้,1,17:00-19:00,0,0,1
เลียบทางรถไฟสายใต้-เอราวัณปาร์คอเวนิว,เลียบทางรถไฟสายใต้,3,07:00-09:00,0,0,1
เลียบทางรถไฟสายใต้-เอราวัณปาร์คอเวนิว,เลียบทางรถไฟสายใต้,3,09:00-17:00,0,0,1
เลียบทางรถไฟสายใต้-เอราวัณปาร์คอเวนิว,เลียบทางรถไฟสายใต้,3,17:00-19:00,0,0,1
เลียบทางรถไฟสายใต้-เอราวัณปาร์คอเวนิว,เอราวัณปาร์คอเวนิว,1,07:00-09:00,0,0,1
เลียบทางรถไฟสายใต้-เอราวัณปาร์คอเวนิว,เอราวัณปาร์คอเวนิว,1,09:00-17:00,0,0,1
เลียบทางรถไฟสายใต้-เอราวัณปาร์คอเวนิว,เอราวัณปาร์คอเวนิว,1,17:00-19:00,0,0,1
เลียบทางรถไฟสายใต้-เอราวัณปาร์คอเวนิว,เอราวัณปาร์คอเวนิว,3,07:00-09:00,0,0,1
เลียบทางรถไฟสายใต้-เอราวัณปาร์คอเวนิว,เอราวัณปาร์คอเวนิว,3,09:00-17:00,0,0,1
เลียบทางรถไฟสายใต้-เอราวัณปาร์คอเวนิว,เอราวัณปาร์คอเวนิว,3,17:00-19:00,0,0,1
เลียบวารี-ซอยมิตรไมตรี23,มิตรไมตรี23,2,07:00-09:00,0,0,1
เลียบวารี-ซอยมิตรไมตรี23,มิตรไมตรี23,2,09:00-17:00,0,0,1
เลียบวารี-ซอยมิตรไมตรี23,มิตรไมตรี23,2,17:00-19:00,0,0,1
เลียบวารี-ซอยมิตรไมตรี23,เลียบวารี,2,07:00-09:00,0,0,1
เลียบวารี-ซอยมิตรไมตรี23,เลียบวารี,2,09:00-17:00,0,0,1
เลียบวารี-ซอยมิตรไมตรี23,เลียบวารี,2,17:00-19:00,0,0,1
เลียบวารี-เชื่อมสัมพันธ์,ประชาสำราญ,2,07:00-09:00,1,0,0
เลียบวารี-เชื่อมสัมพันธ์,ประชาสำราญ,2,09:00-16:00,1,0,0
เลียบวารี-เชื่อมสัมพันธ์,ประชาสำราญ,2,16:00-19:00,1,0,0
เลียบวารี-เชื่อมสัมพันธ์,สังฆสันติสุข,2,07:00-09:00,1,0,0
เลียบวารี-เชื่อมสัมพันธ์,สังฆสันติสุข,2,09:00-16:00,1,0,0
เลียบวารี-เชื่อมสัมพันธ์,สังฆสันติสุข,2,16:00-19:00,1,0,0
เลียบวารี-เชื่อมสัมพันธ์,เชื่อมสัมพันธ์,2,07:00-09:00,1,0,0
เลียบวารี-เชื่อมสัมพันธ์,เชื่อมสัมพันธ์,2,09:00-16:00,1,0,0
เลียบวารี-เชื่อมสัมพันธ์,เชื่อมสัมพันธ์,2,16:00-19:00,1,0,0
เลียบวารี-เชื่อมสัมพันธ์,เลียบวารี,2,07:00-09:00,1,0,0
เลียบวารี-เชื่อมสัมพันธ์,เลียบวารี,2,09:00-16:00,1,0,0
เลียบวารี-เชื่อมสัมพันธ์,เลียบวารี,2,16:00-19:00,1,0,0
เลียบวารี-เลียบวารี2,เลียบวารี,3,07:00-09:00,0,0,1
เลียบวารี-เลียบวารี2,เลียบวารี,3,09:00-16:00,0,0,1
เลียบวารี-เลียบวารี2,เลียบวารี,3,16:00-19:00,0,0,1
เลียบวารี-เลียบวารี2,เลียบวารี2,3,07:00-09:00,0,0,1
เลียบวารี-เลียบวารี2,เลียบวารี2,3,09:00-16:00,0,0,1
เลียบวารี-เลียบวารี2,เลียบวารี2,3,16:00-19:00,0,0,1
เลียบวารี-เลียบวารี8,เลียบวารี,3,07:00-09:00,0,0,1
เลียบวารี-เลียบวารี8,เลียบวารี,3,09:00-16:00,0,0,1
เลียบวารี-เลียบวารี8,เลียบวารี,3,16:00-19:00,0,0,1
เลียบวารี-เลียบวารี8,เลียบวารี8,3,07:00-09:00,0,0,1
เลียบวารี-เลียบวารี8,เลียบวารี8,3,09:00-16:00,0,0,1
เลียบวารี-เลียบวารี8,เลียบวารี8,3,16:00-19:00,0,0,1
เลียบวารี11,เลียบวารี,4,07:00-09:00,0,0,1
เลียบวารี11,เลียบวารี,4,09:00-17:00,0,0,1
เลียบวารี11,เลียบวารี,4,17:00-19:00,0,0,1
เลียบวารี59,เลียบวารี,1,07:00-09:00,0,0,1
เลียบวารี59,เลียบวารี,1,09:00-16:00,0,0,1
เลียบวารี59,เลียบวารี,1,16:00-19:00,0,0,1
เศรษฐศิริ,ทางขึ้นลงทางด่วน,4,07:00-09:00,0,1,0
เศรษฐศิริ,ทางขึ้นลงทางด่วน,4,09:00-16:00,0,1,0
เศรษฐศิริ,ทางขึ้นลงทางด่วน,4,16:00-19:00,0,1,0
เศรษฐศิริ,พระรามที่6,4,07:00-09:00,0,1,0
เศรษฐศิริ,พระรามที่6,4,09:00-16:00,0,1,0
เศรษฐศิริ,พระรามที่6,4,16:00-19:00,0,1,0
เศรษฐศิริ,เทอดดำริ,1,07:00-09:00,0,1,0
เศรษฐศิริ,เทอดดำริ,1,09:00-16:00,0,1,0
เศรษฐศิริ,เทอดดำริ,1,16:00-19:00,0,1,0
เศรษฐศิริ,เทอดดำริ,3,07:00-09:00,0,0,1
เศรษฐศิริ,เทอดดำริ,3,09:00-17:00,0,0,1
เศรษฐศิริ,เทอดดำริ,3,17:00-19:00,0,0,1
เศรษฐศิริ,เทอดดำริ,4,06:30-09:00,1,0,0
เศรษฐศิริ,เทอดดำริ,4,07:00-09:00,1,0,0
เศรษฐศิริ,เทอดดำริ,4,09:00-16:00,2,0,0
เศรษฐศิริ,เทอดดำริ,4,16:00-19:00,1,0,0
เศรษฐศิริ,เทอดดำริ,4,16:00-19:30,1,0,0
เศรษฐศิริ,เศรษฐศิริ,1,07:00-09:00,0,1,0
เศรษฐศิริ,เศรษฐศิริ,1,09:00-16:00,0,1,0
เศรษฐศิริ,เศรษฐศิริ,1,16:00-19:00,0,1,0
เศรษฐศิริ,เศรษฐศิริ,3,07:00-09:00,0,0,1
เศรษฐศิริ,เศรษฐศิริ,3,09:00-17:00,0,0,1
เศรษฐศิริ,เศรษฐศิริ,3,17:00-19:00,0,0,1
เศรษฐศิริ,เศรษฐศิริ,4,07:00-09:00,2,1,0
เศรษฐศิริ,เศรษฐศิริ,4,09:00-16:00,2,1,0
เศรษฐศิริ,เศรษฐศิริ,4,16:00-19:00,2,1,0
เสนาคม,พหลโยธิน,2,07:00-09:00,0,0,1
เสนาคม,พหลโยธิน,2,09:00-16:00,0,0,1
เสนาคม,พหลโยธิน,2,16:00-19:00,0,0,1
เสนาคม,เสนานิคม,2,07:00-09:00,0,0,1
เสนาคม,เสนานิคม,2,09:00-16:00,0,0,1
เสนาคม,เสนานิคม,2,16:00-19:00,0,0,1
เสนานิคม,ซอยเสนานิคม,4,06:30-09:00,1,0,0
เสนานิคม,ซอยเสนานิคม,4,07:00-09:00,1,0,0
เสนานิคม,ซอยเสนานิคม,4,09:00-16:00,2,0,0
เสนานิคม,ซอยเสนานิคม,4,16:00-19:00,1,0,0
เสนานิคม,ซอยเสนานิคม,4,16:00-19:30,1,0,0
เสนานิคม,พหลโยธิน,4,07:00-09:00,2,1,0
เสนานิคม,พหลโยธิน,4,09:00-16:00,2,1,0
เสนานิคม,พหลโยธิน,4,16:00-19:00,2,1,0
เสนานิคม,เสนานิคม,4,07:00-09:00,0,1,0
เสนานิคม,เสนานิคม,4,09:00-16:00,0,1,0
เสนานิคม,เสนานิคม,4,16:00-19:00,0,1,0
เสนานิคม(23เม.ย.69),พหลโยธิน,2,07:00-09:00,0,0,1
เสนานิคม(23เม.ย.69),พหลโยธิน,2,09:00-17:00,0,0,1
เสนานิคม(23เม.ย.69),พหลโยธิน,2,17:00-19:00,0,0,1
เสนานิคม(23เม.ย.69),เสนานิคม,2,07:00-09:00,0,0,1
เสนานิคม(23เม.ย.69),เสนานิคม,2,09:00-17:00,0,0,1
เสนานิคม(23เม.ย.69),เสนานิคม,2,17:00-19:00,0,0,1
เสนานิคม1-เสนานิคม1ซอย12,เสนานิคม1,3,07:00-09:00,1,0,0
เสนานิคม1-เสนานิคม1ซอย12,เสนานิคม1,3,09:00-16:00,1,0,0
เสนานิคม1-เสนานิคม1ซอย12,เสนานิคม1,3,16:00-19:00,1,0,0
เสนานิคม1-เสนานิคม1ซอย12,เสนานิคม1ซอย12,3,07:00-09:00,1,0,0
เสนานิคม1-เสนานิคม1ซอย12,เสนานิคม1ซอย12,3,09:00-16:00,1,0,0
เสนานิคม1-เสนานิคม1ซอย12,เสนานิคม1ซอย12,3,16:00-19:00,1,0,0
เสนานิคม1ซอย17,เสนานิคม1,4,07:00-09:00,0,0,1
เสนานิคม1ซอย17,เสนานิคม1,4,09:00-17:00,0,0,1
เสนานิคม1ซอย17,เสนานิคม1,4,17:00-19:00,0,0,1
เสนานิคม1ซอย8,เสนานิคม1,3,07:00-09:00,0,0,1
เสนานิคม1ซอย8,เสนานิคม1,3,09:00-17:00,0,0,1
เสนานิคม1ซอย8,เสนานิคม1,3,17:00-19:00,0,0,1
เสนานิคม1ซอย8,เสนานิคม1ซอย8,3,07:00-09:00,0,0,1
เสนานิคม1ซอย8,เสนานิคม1ซอย8,3,09:00-17:00,0,0,1
เสนานิคม1ซอย8,เสนานิคม1ซอย8,3,17:00-19:00,0,0,1
เสนานิมคมซอย26,เสนานิคม1,1,07:00-09:00,0,0,1
เสนานิมคมซอย26,เสนานิคม1,1,09:00-17:00,0,0,1
เสนานิมคมซอย26,เสนานิคม1,1,17:00-19:00,0,0,1
เสรีไทย-นวธานี,ซอยเสรีไทย38,1,07:00-09:00,0,1,0
เสรีไทย-นวธานี,ซอยเสรีไทย38,1,09:00-16:00,0,1,0
เสรีไทย-นวธานี,ซอยเสรีไทย38,1,16:00-19:00,0,1,0
เสรีไทย-นวธานี,ทางเข้าหมู่บ้านนวธานี,1,07:00-09:00,0,1,0
เสรีไทย-นวธานี,ทางเข้าหมู่บ้านนวธานี,1,09:00-16:00,0,1,0
เสรีไทย-นวธานี,ทางเข้าหมู่บ้านนวธานี,1,16:00-19:00,0,1,0
เสรีไทย-นวธานี,เสรีไทย,1,07:00-09:00,0,1,0
เสรีไทย-นวธานี,เสรีไทย,1,09:00-16:00,0,1,0
เสรีไทย-นวธานี,เสรีไทย,1,16:00-19:00,0,1,0
เสาชิงช้า,ดินสอ,1,07:00-09:00,0,3,1
เสาชิงช้า,ดินสอ,1,09:00-16:00,0,3,0
เสาชิงช้า,ดินสอ,1,09:00-17:00,0,0,1
เสาชิงช้า,ดินสอ,1,16:00-19:00,0,3,0
เสาชิงช้า,ดินสอ,1,17:00-19:00,0,0,1
เสาชิงช้า,ดินสอ,3,07:00-09:00,0,1,1
เสาชิงช้า,ดินสอ,3,09:00-16:00,0,1,1
เสาชิงช้า,ดินสอ,3,16:00-19:00,0,1,1
เสาชิงช้า,ดินสอ,4,07:00-09:00,0,0,1
เสาชิงช้า,ดินสอ,4,09:00-16:00,0,0,1
เสาชิงช้า,ดินสอ,4,16:00-19:00,0,0,1
เสาชิงช้า,ตรีทอง,1,07:00-09:00,0,2,0
เสาชิงช้า,ตรีทอง,1,09:00-16:00,0,2,0
เสาชิงช้า,ตรีทอง,1,16:00-19:00,0,2,0
เสาชิงช้า,ตรีทอง,3,07:00-09:00,0,0,1
เสาชิงช้า,ตรีทอง,3,09:00-16:00,0,0,1
เสาชิงช้า,ตรีทอง,3,16:00-19:00,0,0,1
เสาชิงช้า,ตีทอง,1,07:00-09:00,0,1,1
เสาชิงช้า,ตีทอง,1,09:00-16:00,0,1,0
เสาชิงช้า,ตีทอง,1,09:00-17:00,0,0,1
เสาชิงช้า,ตีทอง,1,16:00-19:00,0,1,0
เสาชิงช้า,ตีทอง,1,17:00-19:00,0,0,1
เสาชิงช้า,ตีทอง,3,07:00-09:00,0,1,0
เสาชิงช้า,ตีทอง,3,09:00-16:00,0,1,0
เสาชิงช้า,ตีทอง,3,16:00-19:00,0,1,0
เสาชิงช้า,ตีทอง,4,07:00-09:00,0,0,1
เสาชิงช้า,ตีทอง,4,09:00-16:00,0,0,1
เสาชิงช้า,ตีทอง,4,16:00-19:00,0,0,1
เสาชิงช้า,บำรุงเมือง,1,07:00-09:00,0,5,1
เสาชิงช้า,บำรุงเมือง,1,09:00-16:00,0,5,0
เสาชิงช้า,บำรุงเมือง,1,09:00-17:00,0,0,1
เสาชิงช้า,บำรุงเมือง,1,16:00-19:00,0,5,0
เสาชิงช้า,บำรุงเมือง,1,17:00-19:00,0,0,1
เสาชิงช้า,บำรุงเมือง,3,07:00-09:00,0,1,1
เสาชิงช้า,บำรุงเมือง,3,09:00-16:00,0,1,1
เสาชิงช้า,บำรุงเมือง,3,16:00-19:00,0,1,1
เสาชิงช้า,บำรุงเมือง,4,07:00-09:00,0,0,1
เสาชิงช้า,บำรุงเมือง,4,09:00-16:00,0,0,1
เสาชิงช้า,บำรุงเมือง,4,16:00-19:00,0,0,1
เสาชิงช้า,ศิริพงษ์,1,07:00-09:00,0,2,0
เสาชิงช้า,ศิริพงษ์,1,09:00-16:00,0,2,0
เสาชิงช้า,ศิริพงษ์,1,16:00-19:00,0,2,0
เสาชิงช้า(2),บำรุงเมือง,1,06:30-09:00,0,1,0
เสาชิงช้า(2),บำรุงเมือง,1,09:00-16:00,0,1,0
เสาชิงช้า(2),บำรุงเมือง,1,16:00-19:30,0,1,0
เสาชิงช้า(2),บำรุงเมือง,4,07:00-09:00,0,0,1
เสาชิงช้า(2),บำรุงเมือง,4,09:00-16:00,0,0,1
เสาชิงช้า(2),บำรุงเมือง,4,16:00-19:00,0,0,1
เสาชิงช้า(2),ศิริพงษ์,1,06:30-09:00,0,1,0
เสาชิงช้า(2),ศิริพงษ์,1,09:00-16:00,0,1,0
เสาชิงช้า(2),ศิริพงษ์,1,16:00-19:30,0,1,0
เสาชิงช้า(2),ศิริพงษ์,4,07:00-09:00,0,0,1
เสาชิงช้า(2),ศิริพงษ์,4,09:00-16:00,0,0,1
เสาชิงช้า(2),ศิริพงษ์,4,16:00-19:00,0,0,1
เสาวณี,ศรีอยุธยา,1,07:00-09:00,0,1,1
เสาวณี,ศรีอยุธยา,1,09:00-16:00,0,1,0
เสาวณี,ศรีอยุธยา,1,09:00-17:00,0,0,1
เสาวณี,ศรีอยุธยา,1,16:00-19:00,0,1,0
เสาวณี,ศรีอยุธยา,1,17:00-19:00,0,0,1
เสาวณี,ศรีอยุธยา,3,07:00-09:00,1,1,0
เสาวณี,ศรีอยุธยา,3,09:00-16:00,1,1,0
เสาวณี,ศรีอยุธยา,3,16:00-19:00,1,1,0
เสาวณี,สวรรคโลก,1,07:00-09:00,0,1,1
เสาวณี,สวรรคโลก,1,09:00-16:00,0,1,0
เสาวณี,สวรรคโลก,1,09:00-17:00,0,0,1
เสาวณี,สวรรคโลก,1,16:00-19:00,0,1,0
เสาวณี,สวรรคโลก,1,17:00-19:00,0,0,1
เสาวณี,สวรรคโลก,3,07:00-09:00,1,1,0
เสาวณี,สวรรคโลก,3,09:00-16:00,1,1,0
เสาวณี,สวรรคโลก,3,16:00-19:00,1,1,0
เสือป่า,ราชวงศ์,1,07:00-09:00,0,0,1
เสือป่า,ราชวงศ์,1,09:00-17:00,0,0,1
เสือป่า,ราชวงศ์,1,17:00-19:00,0,0,1
เสือป่า,ราชวงศ์,2,07:00-09:00,0,1,0
เสือป่า,ราชวงศ์,2,09:00-16:00,0,1,0
เสือป่า,ราชวงศ์,2,16:00-19:00,0,1,0
เสือป่า,ราชวงศ์,4,07:00-09:00,1,0,0
เสือป่า,ราชวงศ์,4,09:00-16:00,1,0,0
เสือป่า,ราชวงศ์,4,16:00-19:00,1,0,0
เสือป่า,เจริญกรุง,1,07:00-09:00,0,0,1
เสือป่า,เจริญกรุง,1,09:00-17:00,0,0,1
เสือป่า,เจริญกรุง,1,17:00-19:00,0,0,1
เสือป่า,เจริญกรุง,2,07:00-09:00,0,1,0
เสือป่า,เจริญกรุง,2,09:00-16:00,0,1,0
เสือป่า,เจริญกรุง,2,16:00-19:00,0,1,0
เสือป่า,เจริญกรุง,4,07:00-09:00,1,0,0
เสือป่า,เจริญกรุง,4,09:00-16:00,1,0,0
เสือป่า,เจริญกรุง,4,16:00-19:00,1,0,0
เสือป่า,เสือป่า,1,07:00-09:00,0,0,2
เสือป่า,เสือป่า,1,09:00-16:00,0,0,1
เสือป่า,เสือป่า,1,09:00-17:00,0,0,1
เสือป่า,เสือป่า,1,16:00-19:00,0,0,1
เสือป่า,เสือป่า,1,17:00-19:00,0,0,1
เสือป่า,เสือป่า,2,07:00-09:00,0,1,0
เสือป่า,เสือป่า,2,09:00-16:00,0,1,0
เสือป่า,เสือป่า,2,16:00-19:00,0,1,0
เสือป่า,เสือป่า,4,07:00-09:00,1,0,0
เสือป่า,เสือป่า,4,09:00-16:00,1,0,0
เสือป่า,เสือป่า,4,16:00-19:00,1,0,0
เอกชัย-กาญจนาภิเษก,กาญจนาภิเษก,1,07:00-09:00,0,0,1
เอกชัย-กาญจนาภิเษก,กาญจนาภิเษก,1,09:00-17:00,0,0,1
เอกชัย-กาญจนาภิเษก,กาญจนาภิเษก,1,17:00-19:00,0,0,1
เอกชัย-กาญจนาภิเษก,เอกชัย,1,07:00-09:00,0,0,1
เอกชัย-กาญจนาภิเษก,เอกชัย,1,09:00-17:00,0,0,1
เอกชัย-กาญจนาภิเษก,เอกชัย,1,17:00-19:00,0,0,1
เอกชัย-บางขุนเทียนชายทะเล,บางขุนเทียนชายทะเล,3,06:30-09:00,1,0,0
เอกชัย-บางขุนเทียนชายทะเล,บางขุนเทียนชายทะเล,3,09:00-16:00,1,0,0
เอกชัย-บางขุนเทียนชายทะเล,บางขุนเทียนชายทะเล,3,16:00-19:30,1,0,0
เอกชัย-บางขุนเทียนชายทะเล,เอกชัย,3,06:30-09:00,1,0,0
เอกชัย-บางขุนเทียนชายทะเล,เอกชัย,3,09:00-16:00,1,0,0
เอกชัย-บางขุนเทียนชายทะเล,เอกชัย,3,16:00-19:30,1,0,0
เอกชัย101,เอกชัย,3,07:00-09:00,0,0,1
เอกชัย101,เอกชัย,3,09:00-16:00,0,0,1
เอกชัย101,เอกชัย,3,16:00-19:00,0,0,1
เอกชัย101,เอกชัย101,3,07:00-09:00,0,0,1
เอกชัย101,เอกชัย101,3,09:00-16:00,0,0,1
เอกชัย101,เอกชัย101,3,16:00-19:00,0,0,1
เอกชัย69/1,เอกชัย,1,07:00-09:00,0,0,1
เอกชัย69/1,เอกชัย,1,09:00-17:00,0,0,1
เอกชัย69/1,เอกชัย,1,17:00-19:00,0,0,1
เอกชัย69/1,เอกชัย69/1,1,07:00-09:00,0,0,1
เอกชัย69/1,เอกชัย69/1,1,09:00-17:00,0,0,1
เอกชัย69/1,เอกชัย69/1,1,17:00-19:00,0,0,1
เอกชัย89/9,เอกชัย,1,07:00-09:00,0,0,1
เอกชัย89/9,เอกชัย,1,09:00-17:00,0,0,1
เอกชัย89/9,เอกชัย,1,17:00-19:00,0,0,1
เอกชัย89/9,เอกชัย89/9,1,07:00-09:00,0,0,1
เอกชัย89/9,เอกชัย89/9,1,09:00-17:00,0,0,1
เอกชัย89/9,เอกชัย89/9,1,17:00-19:00,0,0,1
เอกมัย12,เอกมัย12,2,07:00-09:00,0,0,1
เอกมัย12,เอกมัย12,2,09:00-17:00,0,0,1
เอกมัย12,เอกมัย12,2,17:00-19:00,0,0,1
เอกมัย9,เอกมัย,2,07:00-09:00,0,0,1
เอกมัย9,เอกมัย,2,09:00-17:00,0,0,1
เอกมัย9,เอกมัย,2,17:00-19:00,0,0,1
เอกมัยเหนือ,เพชรบุรี,1,07:00-09:00,1,0,0
เอกมัยเหนือ,เพชรบุรี,1,09:00-16:00,1,0,0
เอกมัยเหนือ,เพชรบุรี,1,16:00-19:00,1,0,0
เอกมัยเหนือ,เอกมัย,1,07:00-09:00,1,0,0
เอกมัยเหนือ,เอกมัย,1,09:00-16:00,1,0,0
เอกมัยเหนือ,เอกมัย,1,16:00-19:00,1,0,0
เอกมัยเหนือ(A432),เพชรบุรี,4,07:00-09:00,1,0,0
เอกมัยเหนือ(A432),เพชรบุรี,4,09:00-16:00,1,0,0
เอกมัยเหนือ(A432),เพชรบุรี,4,16:00-19:00,1,0,0
เอกมัยเหนือ(A432),เอกมัย,4,07:00-09:00,1,0,0
เอกมัยเหนือ(A432),เอกมัย,4,09:00-16:00,1,0,0
เอกมัยเหนือ(A432),เอกมัย,4,16:00-19:00,1,0,0
เอกมัยเหนือ(B433),เพชรบุรี,4,07:00-09:00,1,0,0
เอกมัยเหนือ(B433),เพชรบุรี,4,09:00-16:00,1,0,0
เอกมัยเหนือ(B433),เพชรบุรี,4,16:00-19:00,1,0,0
เอกมัยเหนือ(B433),เอกมัย,4,07:00-09:00,1,0,0
เอกมัยเหนือ(B433),เอกมัย,4,09:00-16:00,1,0,0
เอกมัยเหนือ(B433),เอกมัย,4,16:00-19:00,1,0,0
เอกมัยเหนือ(ทางขึ้น),เพชรบุรี,1,07:00-09:00,0,0,1
เอกมัยเหนือ(ทางขึ้น),เพชรบุรี,1,09:00-16:00,0,0,1
เอกมัยเหนือ(ทางขึ้น),เพชรบุรี,1,16:00-19:00,0,0,1
เอกมัยเหนือ(ทางขึ้น),เอกมัย,1,07:00-09:00,0,0,1
เอกมัยเหนือ(ทางขึ้น),เอกมัย,1,09:00-16:00,0,0,1
เอกมัยเหนือ(ทางขึ้น),เอกมัย,1,16:00-19:00,0,0,1
เอกมัยเหนือ(ทางลง),เพชรบุรี,1,07:00-09:00,0,0,1
เอกมัยเหนือ(ทางลง),เพชรบุรี,1,09:00-16:00,0,0,1
เอกมัยเหนือ(ทางลง),เพชรบุรี,1,16:00-19:00,0,0,1
เอกมัยเหนือ(ทางลง),เอกมัย,1,07:00-09:00,0,0,1
เอกมัยเหนือ(ทางลง),เอกมัย,1,09:00-16:00,0,0,1
เอกมัยเหนือ(ทางลง),เอกมัย,1,16:00-19:00,0,0,1
เอกมัยใต้,ซอยสุขุมวิท63,2,07:00-09:00,0,1,0
เอกมัยใต้,ซอยสุขุมวิท63,2,09:00-16:00,0,1,0
เอกมัยใต้,ซอยสุขุมวิท63,2,16:00-19:00,0,1,0
เอกมัยใต้,ซอยสุขุมวิท63,3,07:00-09:00,1,0,0
เอกมัยใต้,ซอยสุขุมวิท63,3,09:00-16:00,1,0,0
เอกมัยใต้,ซอยสุขุมวิท63,3,16:00-19:00,1,0,0
เอกมัยใต้,ทางเข้าขนส่งเอกมัย,2,07:00-09:00,0,1,0
เอกมัยใต้,ทางเข้าขนส่งเอกมัย,2,09:00-16:00,0,1,0
เอกมัยใต้,ทางเข้าขนส่งเอกมัย,2,16:00-19:00,0,1,0
เอกมัยใต้,ทางเข้าขนส่งเอกมัย,3,07:00-09:00,0,0,1
เอกมัยใต้,ทางเข้าขนส่งเอกมัย,3,09:00-17:00,0,0,1
เอกมัยใต้,ทางเข้าขนส่งเอกมัย,3,17:00-19:00,0,0,1
เอกมัยใต้,ทางเข้าออกขนส่งเอกมัย,1,07:00-09:00,0,0,1
เอกมัยใต้,ทางเข้าออกขนส่งเอกมัย,1,09:00-17:00,0,0,1
เอกมัยใต้,ทางเข้าออกขนส่งเอกมัย,1,17:00-19:00,0,0,1
เอกมัยใต้,ทางเข้าออกขนส่งเอกมัย,3,07:00-09:00,1,0,0
เอกมัยใต้,ทางเข้าออกขนส่งเอกมัย,3,09:00-16:00,1,0,0
เอกมัยใต้,ทางเข้าออกขนส่งเอกมัย,3,16:00-19:00,1,0,0
เอกมัยใต้,สุขุมวิท,1,07:00-09:00,0,0,1
เอกมัยใต้,สุขุมวิท,1,09:00-17:00,0,0,1
เอกมัยใต้,สุขุมวิท,1,17:00-19:00,0,0,1
เอกมัยใต้,สุขุมวิท,2,07:00-09:00,0,1,0
เอกมัยใต้,สุขุมวิท,2,09:00-16:00,0,1,0
เอกมัยใต้,สุขุมวิท,2,16:00-19:00,0,1,0
เอกมัยใต้,สุขุมวิท,3,06:30-09:00,1,0,0
เอกมัยใต้,สุขุมวิท,3,07:00-09:00,0,0,1
เอกมัยใต้,สุขุมวิท,3,09:00-16:00,1,0,0
เอกมัยใต้,สุขุมวิท,3,09:00-17:00,0,0,1
เอกมัยใต้,สุขุมวิท,3,16:00-19:30,1,0,0
เอกมัยใต้,สุขุมวิท,3,17:00-19:00,0,0,1
เอกมัยใต้,สุขุมวิท63,3,07:00-09:00,0,0,1
เอกมัยใต้,สุขุมวิท63,3,09:00-17:00,0,0,1
เอกมัยใต้,สุขุมวิท63,3,17:00-19:00,0,0,1
เอกมัยใต้,เอกมัย,1,07:00-09:00,0,0,1
เอกมัยใต้,เอกมัย,1,09:00-17:00,0,0,1
เอกมัยใต้,เอกมัย,1,17:00-19:00,0,0,1
เอส.เอ.บี,วรจักร,2,07:00-09:00,0,0,1
เอส.เอ.บี,วรจักร,2,09:00-16:00,0,0,1
เอส.เอ.บี,วรจักร,2,16:00-19:00,0,0,1
เอส.เอ.บี,เจริญกรุง,2,07:00-09:00,0,0,1
เอส.เอ.บี,เจริญกรุง,2,09:00-16:00,0,0,1
เอส.เอ.บี,เจริญกรุง,2,16:00-19:00,0,0,1
เอสเอบี,วรจักร,1,07:00-09:00,0,0,1
เอสเอบี,วรจักร,1,09:00-17:00,0,0,1
เอสเอบี,วรจักร,1,17:00-19:00,0,0,1
เอสเอบี,วรจักร,2,06:30-09:00,0,1,0
เอสเอบี,วรจักร,2,07:00-09:00,0,0,1
เอสเอบี,วรจักร,2,09:00-16:00,0,1,0
เอสเอบี,วรจักร,2,09:00-17:00,0,0,1
เอสเอบี,วรจักร,2,16:00-19:30,0,1,0
เอสเอบี,วรจักร,2,17:00-19:00,0,0,1
เอสเอบี,วรจักร,4,07:00-09:00,1,0,0
เอสเอบี,วรจักร,4,09:00-16:00,1,0,0
เอสเอบี,วรจักร,4,16:00-19:00,1,0,0
เอสเอบี,เจริญกรุง,1,07:00-09:00,0,0,1
เอสเอบี,เจริญกรุง,1,09:00-17:00,0,0,1
เอสเอบี,เจริญกรุง,1,17:00-19:00,0,0,1
เอสเอบี,เจริญกรุง,2,07:00-09:00,0,1,1
เอสเอบี,เจริญกรุง,2,09:00-16:00,0,1,0
เอสเอบี,เจริญกรุง,2,09:00-17:00,0,0,1
เอสเอบี,เจริญกรุง,2,16:00-19:00,0,1,0
เอสเอบี,เจริญกรุง,2,17:00-19:00,0,0,1
เอสเอบี,เจริญกรุง,4,07:00-09:00,1,0,0
เอสเอบี,เจริญกรุง,4,09:00-16:00,1,0,0
เอสเอบี,เจริญกรุง,4,16:00-19:00,1,0,0
แจ้งวัฒนะ,เมืองทอง,1,07:00-09:00,0,0,1
แจ้งวัฒนะ,เมืองทอง,1,09:00-16:00,0,0,1
แจ้งวัฒนะ,เมืองทอง,1,16:00-19:00,0,0,1
แจ้งวัฒนะ,แจ้งวัฒนะ,1,07:00-09:00,0,0,1
แจ้งวัฒนะ,แจ้งวัฒนะ,1,09:00-16:00,0,0,1
แจ้งวัฒนะ,แจ้งวัฒนะ,1,16:00-19:00,0,0,1
แจ้งวัฒนะ-เลียบคลองประปาฝั่งตะวันออก,เลียบคลองประปาฝั่งตะวันออก,2,07:00-09:00,0,0,1
แจ้งวัฒนะ-เลียบคลองประปาฝั่งตะวันออก,เลียบคลองประปาฝั่งตะวันออก,2,09:00-17:00,0,0,1
แจ้งวัฒนะ-เลียบคลองประปาฝั่งตะวันออก,เลียบคลองประปาฝั่งตะวันออก,2,17:00-19:00,0,0,1
แจ้งวัฒนะ-เลียบคลองประปาฝั่งตะวันออก,แจ้งวัฒนะ,2,07:00-09:00,0,0,1
แจ้งวัฒนะ-เลียบคลองประปาฝั่งตะวันออก,แจ้งวัฒนะ,2,09:00-17:00,0,0,1
แจ้งวัฒนะ-เลียบคลองประปาฝั่งตะวันออก,แจ้งวัฒนะ,2,17:00-19:00,0,0,1
แจ้งวัฒนะ–น่านเจ้า–แสนหวี,ซอยน่านเจ้า,2,07:00-09:00,0,0,1
แจ้งวัฒนะ–น่านเจ้า–แสนหวี,ซอยน่านเจ้า,2,09:00-17:00,0,0,1
แจ้งวัฒนะ–น่านเจ้า–แสนหวี,ซอยน่านเจ้า,2,17:00-19:00,0,0,1
แจ้งวัฒนะ–น่านเจ้า–แสนหวี,ซอยแจ้งวัฒนะ,2,07:00-09:00,0,0,1
แจ้งวัฒนะ–น่านเจ้า–แสนหวี,ซอยแจ้งวัฒนะ,2,09:00-17:00,0,0,1
แจ้งวัฒนะ–น่านเจ้า–แสนหวี,ซอยแจ้งวัฒนะ,2,17:00-19:00,0,0,1
แจ้งวัฒนะ–น่านเจ้า–แสนหวี,ซอยแสนหวี,2,07:00-09:00,0,0,1
แจ้งวัฒนะ–น่านเจ้า–แสนหวี,ซอยแสนหวี,2,09:00-17:00,0,0,1
แจ้งวัฒนะ–น่านเจ้า–แสนหวี,ซอยแสนหวี,2,17:00-19:00,0,0,1
แบริ่ง,ซอยสุขุมวิท107,4,07:00-09:00,1,0,0
แบริ่ง,ซอยสุขุมวิท107,4,09:00-16:00,1,0,0
แบริ่ง,ซอยสุขุมวิท107,4,16:00-19:00,1,0,0
แบริ่ง,พหลโยธิน,4,07:00-09:00,0,0,1
แบริ่ง,สุขุมวิท,4,07:00-09:00,1,1,1
แบริ่ง,สุขุมวิท,4,09:00-16:00,1,1,0
แบริ่ง,สุขุมวิท,4,09:00-17:00,0,0,1
แบริ่ง,สุขุมวิท,4,16:00-19:00,1,1,0
แบริ่ง,สุขุมวิท,4,17:00-19:00,0,0,1
แบริ่ง,สุขุมวิท107,4,07:00-09:00,0,1,0
แบริ่ง,สุขุมวิท107,4,09:00-16:00,0,1,0
แบริ่ง,สุขุมวิท107,4,16:00-19:00,0,1,0
แบริ่ง,สุขุมวิท107(แบริ่ง),4,07:00-09:00,0,0,1
แบริ่ง,สุขุมวิท107(แบริ่ง),4,09:00-17:00,0,0,1
แบริ่ง,สุขุมวิท107(แบริ่ง),4,17:00-19:00,0,0,1
แบริ่ง-ถนนตัดใหม่ลาซาล-แบริ่ง,ตัดใหม่ลาซาล-แบริ่ง,1,06:30-09:00,1,0,0
แบริ่ง-ถนนตัดใหม่ลาซาล-แบริ่ง,ตัดใหม่ลาซาล-แบริ่ง,1,09:00-16:00,1,0,0
แบริ่ง-ถนนตัดใหม่ลาซาล-แบริ่ง,ตัดใหม่ลาซาล-แบริ่ง,1,16:00-19:30,1,0,0
แบริ่ง-ถนนตัดใหม่ลาซาล-แบริ่ง,สุขุมวิท107(แบริ่ง),1,06:30-09:00,1,0,0
แบริ่ง-ถนนตัดใหม่ลาซาล-แบริ่ง,สุขุมวิท107(แบริ่ง),1,09:00-16:00,1,0,0
แบริ่ง-ถนนตัดใหม่ลาซาล-แบริ่ง,สุขุมวิท107(แบริ่ง),1,16:00-19:30,1,0,0
แปลงนาม,พลับพลาไชย,1,07:00-09:00,1,0,0
แปลงนาม,พลับพลาไชย,1,09:00-16:00,1,0,0
แปลงนาม,พลับพลาไชย,1,16:00-19:00,1,0,0
แปลงนาม,พลับพลาไชย,3,07:00-09:00,1,0,1
แปลงนาม,พลับพลาไชย,3,09:00-16:00,1,0,0
แปลงนาม,พลับพลาไชย,3,09:00-17:00,0,0,1
แปลงนาม,พลับพลาไชย,3,16:00-19:00,1,0,0
แปลงนาม,พลับพลาไชย,3,17:00-19:00,0,0,1
แปลงนาม,พลับพลาไชย,4,07:00-09:00,0,1,1
แปลงนาม,พลับพลาไชย,4,09:00-16:00,0,1,0
แปลงนาม,พลับพลาไชย,4,09:00-17:00,0,0,1
แปลงนาม,พลับพลาไชย,4,16:00-19:00,0,1,0
แปลงนาม,พลับพลาไชย,4,17:00-19:00,0,0,1
แปลงนาม,เจริญกรุง,1,07:00-09:00,1,0,0
แปลงนาม,เจริญกรุง,1,09:00-16:00,1,0,0
แปลงนาม,เจริญกรุง,1,16:00-19:00,1,0,0
แปลงนาม,เจริญกรุง,3,07:00-09:00,1,0,1
แปลงนาม,เจริญกรุง,3,09:00-16:00,1,0,0
แปลงนาม,เจริญกรุง,3,09:00-17:00,0,0,1
แปลงนาม,เจริญกรุง,3,16:00-19:00,1,0,0
แปลงนาม,เจริญกรุง,3,17:00-19:00,0,0,1
แปลงนาม,เจริญกรุง,4,07:00-09:00,0,1,1
แปลงนาม,เจริญกรุง,4,09:00-16:00,0,1,0
แปลงนาม,เจริญกรุง,4,09:00-17:00,0,0,1
แปลงนาม,เจริญกรุง,4,16:00-19:00,0,1,0
แปลงนาม,เจริญกรุง,4,17:00-19:00,0,0,1
แปลงนาม,แปลงนาม,1,07:00-09:00,1,0,1
แปลงนาม,แปลงนาม,1,09:00-16:00,1,0,1
แปลงนาม,แปลงนาม,1,16:00-19:00,1,0,1
แปลงนาม,แปลงนาม,3,07:00-09:00,1,0,1
แปลงนาม,แปลงนาม,3,09:00-16:00,1,0,0
แปลงนาม,แปลงนาม,3,09:00-17:00,0,0,1
แปลงนาม,แปลงนาม,3,16:00-19:00,1,0,0
แปลงนาม,แปลงนาม,3,17:00-19:00,0,0,1
แปลงนาม,แปลงนาม,4,07:00-09:00,0,1,1
แปลงนาม,แปลงนาม,4,09:00-16:00,0,1,0
แปลงนาม,แปลงนาม,4,09:00-17:00,0,0,1
แปลงนาม,แปลงนาม,4,16:00-19:00,0,1,0
แปลงนาม,แปลงนาม,4,17:00-19:00,0,0,1
แฟลตการท่า,กำแพงเพชร6,1,07:00-09:00,0,0,1
แฟลตการท่า,กำแพงเพชร6,1,09:00-17:00,0,0,1
แฟลตการท่า,กำแพงเพชร6,1,17:00-19:00,0,0,1
แฟลตการท่า,เชิดวุฒากาศ,1,07:00-09:00,0,0,1
แฟลตการท่า,เชิดวุฒากาศ,1,09:00-17:00,0,0,1
แฟลตการท่า,เชิดวุฒากาศ,1,17:00-19:00,0,0,1
แม้นศรี,จักรพรรดิพงษ์,2,07:00-09:00,1,1,0
แม้นศรี,จักรพรรดิพงษ์,2,09:00-16:00,1,1,0
แม้นศรี,จักรพรรดิพงษ์,2,16:00-19:00,1,1,0
แม้นศรี,บำรุงเมือง,2,07:00-09:00,1,1,0
แม้นศรี,บำรุงเมือง,2,09:00-16:00,1,1,0
แม้นศรี,บำรุงเมือง,2,16:00-19:00,1,1,0
แม้นศรี,วรจักร,2,07:00-09:00,1,1,0
แม้นศรี,วรจักร,2,09:00-16:00,1,1,0
แม้นศรี,วรจักร,2,16:00-19:00,1,1,0
แสมดำ-ซอยแสมดำ24,ซอยแสมดำ24,3,07:00-09:00,1,0,0
แสมดำ-ซอยแสมดำ24,ซอยแสมดำ24,3,09:00-16:00,1,0,0
แสมดำ-ซอยแสมดำ24,ซอยแสมดำ24,3,16:00-19:00,1,0,0
แสมดำ-ซอยแสมดำ24,แสมดำ,3,07:00-09:00,1,0,0
แสมดำ-ซอยแสมดำ24,แสมดำ,3,09:00-16:00,1,0,0
แสมดำ-ซอยแสมดำ24,แสมดำ,3,16:00-19:00,1,0,0
แฮปปี้แลนด์,ทางออกเดอะมอลล์,2,07:00-09:00,0,0,1
แฮปปี้แลนด์,ทางออกเดอะมอลล์,2,09:00-17:00,0,0,1
แฮปปี้แลนด์,ทางออกเดอะมอลล์,2,17:00-19:00,0,0,1
แฮปปี้แลนด์,ทางออกเดอะมอลล์,4,07:00-09:00,0,0,1
แฮปปี้แลนด์,ทางออกเดอะมอลล์,4,09:00-16:00,0,0,1
แฮปปี้แลนด์,ทางออกเดอะมอลล์,4,16:00-19:00,0,0,1
แฮปปี้แลนด์,ลาดพร้าว,2,07:00-09:00,0,0,1
แฮปปี้แลนด์,ลาดพร้าว,2,09:00-17:00,0,0,1
แฮปปี้แลนด์,ลาดพร้าว,2,17:00-19:00,0,0,1
แฮปปี้แลนด์,ลาดพร้าว,4,07:00-09:00,0,0,1
แฮปปี้แลนด์,ลาดพร้าว,4,09:00-16:00,0,0,1
แฮปปี้แลนด์,ลาดพร้าว,4,16:00-19:00,0,0,1
แฮปปี้แลนด์,แฮปปี้แลนด์,2,07:00-09:00,0,0,1
แฮปปี้แลนด์,แฮปปี้แลนด์,2,09:00-17:00,0,0,1
แฮปปี้แลนด์,แฮปปี้แลนด์,2,17:00-19:00,0,0,1
แฮปปี้แลนด์,แฮปปี้แลนด์,4,07:00-09:00,0,0,1
แฮปปี้แลนด์,แฮปปี้แลนด์,4,09:00-16:00,0,0,1
แฮปปี้แลนด์,แฮปปี้แลนด์,4,16:00-19:00,0,0,1
แฮปปี้แลนด์สาย2-ลาดพร้าว,ลาดพร้าว,3,07:00-09:00,0,0,1
แฮปปี้แลนด์สาย2-ลาดพร้าว,ลาดพร้าว,3,09:00-17:00,0,0,1
แฮปปี้แลนด์สาย2-ลาดพร้าว,ลาดพร้าว,3,17:00-19:00,0,0,1
แฮปปี้แลนด์สาย2-ลาดพร้าว,แฮปปี้แลนด์สาย2,3,07:00-09:00,0,0,1
แฮปปี้แลนด์สาย2-ลาดพร้าว,แฮปปี้แลนด์สาย2,3,09:00-17:00,0,0,1
แฮปปี้แลนด์สาย2-ลาดพร้าว,แฮปปี้แลนด์สาย2,3,17:00-19:00,0,0,1
โชคชัย4,ชอยลาดพร้าว35(โชคชัย4),2,07:00-09:00,1,0,0
โชคชัย4,ชอยลาดพร้าว35(โชคชัย4),2,09:00-16:00,1,0,0
โชคชัย4,ชอยลาดพร้าว35(โชคชัย4),2,16:00-19:00,1,0,0
โชคชัย4,ซอยลาดพร้าว56,2,07:00-09:00,1,0,0
โชคชัย4,ซอยลาดพร้าว56,2,09:00-16:00,1,0,0
โชคชัย4,ซอยลาดพร้าว56,2,16:00-19:00,1,0,0
โชคชัย4,ลาดพร้าว,1,07:00-09:00,0,0,1
โชคชัย4,ลาดพร้าว,1,09:00-17:00,0,0,1
โชคชัย4,ลาดพร้าว,1,17:00-19:00,0,0,1
โชคชัย4,ลาดพร้าว,2,07:00-09:00,1,0,0
โชคชัย4,ลาดพร้าว,2,09:00-16:00,1,0,0
โชคชัย4,ลาดพร้าว,2,16:00-19:00,1,0,0
โชคชัย4,ลาดพร้าว53/1,1,07:00-09:00,0,0,1
โชคชัย4,ลาดพร้าว53/1,1,09:00-17:00,0,0,1
โชคชัย4,ลาดพร้าว53/1,1,17:00-19:00,0,0,1
โชคชัย4,ลาดพร้าว58,1,07:00-09:00,0,0,1
โชคชัย4,ลาดพร้าว58,1,09:00-17:00,0,0,1
โชคชัย4,ลาดพร้าว58,1,17:00-19:00,0,0,1
โชคชัย4ซอย54,โชคชัย4,1,07:00-09:00,0,1,0
โชคชัย4ซอย54,โชคชัย4,1,09:00-16:00,0,1,0
โชคชัย4ซอย54,โชคชัย4,1,16:00-19:00,0,1,0
โชคชัย4ซอย54,โชคชัย4ซอย51,1,07:00-09:00,0,1,0
โชคชัย4ซอย54,โชคชัย4ซอย52,1,09:00-16:00,0,1,0
โชคชัย4ซอย54,โชคชัย4ซอย53,1,16:00-19:00,0,1,0
โชคชัย4ซอย54,โชคชัย4ซอย54,1,07:00-09:00,0,1,0
โชคชัย4ซอย54,โชคชัย4ซอย54,1,09:00-16:00,0,1,0
โชคชัย4ซอย54,โชคชัย4ซอย54,1,16:00-19:00,0,1,0
โพธิสามต้น,วังเดิม,1,07:00-09:00,1,0,0
โพธิสามต้น,วังเดิม,1,09:00-16:00,1,0,0
โพธิสามต้น,วังเดิม,1,16:00-19:00,1,0,0
โพธิสามต้น,อิสรภาพ,1,07:00-09:00,1,0,0
โพธิสามต้น,อิสรภาพ,1,09:00-16:00,1,0,0
โพธิสามต้น,อิสรภาพ,1,16:00-19:00,1,0,0
โพธิ์สามต้น,วังเดิม,1,07:00-09:00,0,1,0
โพธิ์สามต้น,วังเดิม,1,09:00-16:00,0,1,0
โพธิ์สามต้น,วังเดิม,1,16:00-19:00,0,1,0
โพธิ์สามต้น,วังเดิม,3,07:00-09:00,1,1,1
โพธิ์สามต้น,วังเดิม,3,09:00-16:00,1,1,0
โพธิ์สามต้น,วังเดิม,3,09:00-17:00,0,0,1
โพธิ์สามต้น,วังเดิม,3,16:00-19:00,1,1,0
โพธิ์สามต้น,วังเดิม,3,17:00-19:00,0,0,1
โพธิ์สามต้น,วังเดิม,4,07:00-09:00,0,0,1
โพธิ์สามต้น,วังเดิม,4,09:00-17:00,0,0,1
โพธิ์สามต้น,วังเดิม,4,17:00-19:00,0,0,1
โพธิ์สามต้น,อิสรภาพ,1,07:00-09:00,0,1,0
โพธิ์สามต้น,อิสรภาพ,1,09:00-16:00,0,1,0
โพธิ์สามต้น,อิสรภาพ,1,16:00-19:00,0,1,0
โพธิ์สามต้น,อิสรภาพ,3,07:00-09:00,1,1,1
โพธิ์สามต้น,อิสรภาพ,3,09:00-16:00,1,1,0
โพธิ์สามต้น,อิสรภาพ,3,09:00-17:00,0,0,1
โพธิ์สามต้น,อิสรภาพ,3,16:00-19:00,1,1,0
โพธิ์สามต้น,อิสรภาพ,3,17:00-19:00,0,0,1
โพธิ์สามต้น,อิสรภาพ,4,07:00-09:00,0,0,1
โพธิ์สามต้น,อิสรภาพ,4,09:00-17:00,0,0,1
โพธิ์สามต้น,อิสรภาพ,4,17:00-19:00,0,0,1
โพธิ์แก้ว,ทางเข้าวัดบางเตย,2,07:00-09:00,1,0,2
โพธิ์แก้ว,ทางเข้าวัดบางเตย,2,09:00-16:00,1,0,1
โพธิ์แก้ว,ทางเข้าวัดบางเตย,2,09:00-17:00,0,0,1
โพธิ์แก้ว,ทางเข้าวัดบางเตย,2,16:00-19:00,1,0,1
โพธิ์แก้ว,ทางเข้าวัดบางเตย,2,17:00-19:00,0,0,1
โพธิ์แก้ว,ทางเข้าวัดบางเตย,3,07:00-09:00,1,0,0
โพธิ์แก้ว,ทางเข้าวัดบางเตย,3,09:00-16:00,1,0,0
โพธิ์แก้ว,ทางเข้าวัดบางเตย,3,16:00-19:00,1,0,0
โพธิ์แก้ว,ทางเข้าวัดบางเตย,4,07:00-09:00,0,1,0
โพธิ์แก้ว,ทางเข้าวัดบางเตย,4,09:00-16:00,0,1,0
โพธิ์แก้ว,ทางเข้าวัดบางเตย,4,16:00-19:00,0,1,0
โพธิ์แก้ว,นวมินทร์,2,07:00-09:00,1,0,2
โพธิ์แก้ว,นวมินทร์,2,09:00-16:00,1,0,1
โพธิ์แก้ว,นวมินทร์,2,09:00-17:00,0,0,1
โพธิ์แก้ว,นวมินทร์,2,16:00-19:00,1,0,1
โพธิ์แก้ว,นวมินทร์,2,17:00-19:00,0,0,1
โพธิ์แก้ว,นวมินทร์,3,07:00-09:00,1,0,0
โพธิ์แก้ว,นวมินทร์,3,09:00-16:00,1,0,0
โพธิ์แก้ว,นวมินทร์,3,16:00-19:00,1,0,0
โพธิ์แก้ว,นวมินทร์,4,07:00-09:00,0,1,0
โพธิ์แก้ว,นวมินทร์,4,09:00-16:00,0,1,0
โพธิ์แก้ว,นวมินทร์,4,16:00-19:00,0,1,0
โพธิ์แก้ว,โพธิ์แก้ว,2,07:00-09:00,1,0,2
โพธิ์แก้ว,โพธิ์แก้ว,2,09:00-16:00,1,0,1
โพธิ์แก้ว,โพธิ์แก้ว,2,09:00-17:00,0,0,1
โพธิ์แก้ว,โพธิ์แก้ว,2,16:00-19:00,1,0,1
โพธิ์แก้ว,โพธิ์แก้ว,2,17:00-19:00,0,0,1
โพธิ์แก้ว,โพธิ์แก้ว,3,07:00-09:00,1,0,0
โพธิ์แก้ว,โพธิ์แก้ว,3,09:00-16:00,1,0,0
โพธิ์แก้ว,โพธิ์แก้ว,3,16:00-19:00,1,0,0
โพธิ์แก้ว,โพธิ์แก้ว,4,07:00-09:00,0,1,0
โพธิ์แก้ว,โพธิ์แก้ว,4,09:00-16:00,0,1,0
โพธิ์แก้ว,โพธิ์แก้ว,4,16:00-19:00,0,1,0
โรงกรองน้ำ,นครไชยศรี,1,07:00-09:00,0,1,1
โรงกรองน้ำ,นครไชยศรี,1,09:00-16:00,0,1,0
โรงกรองน้ำ,นครไชยศรี,1,09:00-17:00,0,0,1
โรงกรองน้ำ,นครไชยศรี,1,16:00-19:00,0,1,0
โรงกรองน้ำ,นครไชยศรี,1,17:00-19:00,0,0,1
โรงกรองน้ำ,นครไชยศรี,3,06:30-09:00,0,1,0
โรงกรองน้ำ,นครไชยศรี,3,07:00-09:00,0,1,0
โรงกรองน้ำ,นครไชยศรี,3,09:00-16:00,0,2,0
โรงกรองน้ำ,นครไชยศรี,3,16:00-19:00,0,1,0
โรงกรองน้ำ,นครไชยศรี,3,16:00-19:30,0,1,0
โรงกรองน้ำ,นครไชยศรี,4,07:00-09:00,2,0,0
โรงกรองน้ำ,นครไชยศรี,4,09:00-16:00,2,0,0
โรงกรองน้ำ,นครไชยศรี,4,16:00-19:00,2,0,0
โรงกรองน้ำ,พระรามที่6,1,07:00-09:00,0,1,1
โรงกรองน้ำ,พระรามที่6,1,09:00-16:00,0,1,0
โรงกรองน้ำ,พระรามที่6,1,09:00-17:00,0,0,1
โรงกรองน้ำ,พระรามที่6,1,16:00-19:00,0,1,0
โรงกรองน้ำ,พระรามที่6,1,17:00-19:00,0,0,1
โรงกรองน้ำ,พระรามที่6,3,06:30-09:00,0,1,0
โรงกรองน้ำ,พระรามที่6,3,07:00-09:00,0,1,0
โรงกรองน้ำ,พระรามที่6,3,09:00-16:00,0,2,0
โรงกรองน้ำ,พระรามที่6,3,16:00-19:00,0,1,0
โรงกรองน้ำ,พระรามที่6,3,16:00-19:30,0,1,0
โรงกรองน้ำ,พระรามที่6,4,07:00-09:00,2,0,0
โรงกรองน้ำ,พระรามที่6,4,09:00-16:00,2,0,0
โรงกรองน้ำ,พระรามที่6,4,16:00-19:00,2,0,0
โรงผลิตน้ำสามเสน,พระรามที่6,3,07:00-09:00,0,1,0
โรงผลิตน้ำสามเสน,พระรามที่6,3,09:00-16:00,0,1,0
โรงผลิตน้ำสามเสน,พระรามที่6,3,16:00-19:00,0,1,0
โรงพยาบาลกลาง,ยุคคล2,1,07:00-09:00,0,1,0
โรงพยาบาลกลาง,ยุคคล2,1,09:00-16:00,0,1,0
โรงพยาบาลกลาง,ยุคคล2,1,16:00-19:00,0,1,0
โรงพยาบาลกลาง,ยุคล2,2,07:00-09:00,2,0,0
โรงพยาบาลกลาง,ยุคล2,2,09:00-16:00,2,0,0
โรงพยาบาลกลาง,ยุคล2,2,16:00-19:00,2,0,0
โรงพยาบาลกลาง,ยุคล2,4,07:00-09:00,0,0,1
โรงพยาบาลกลาง,ยุคล2,4,09:00-17:00,0,0,1
โรงพยาบาลกลาง,ยุคล2,4,17:00-19:00,0,0,1
โรงพยาบาลกลาง,หลวง,1,07:00-09:00,0,1,0
โรงพยาบาลกลาง,หลวง,1,09:00-16:00,0,1,0
โรงพยาบาลกลาง,หลวง,1,16:00-19:00,0,1,0
โรงพยาบาลกลาง,หลวง,2,07:00-09:00,2,0,0
โรงพยาบาลกลาง,หลวง,2,09:00-16:00,2,0,0
โรงพยาบาลกลาง,หลวง,2,16:00-19:00,2,0,0
โรงพยาบาลกลาง,หลวง,4,07:00-09:00,0,0,1
โรงพยาบาลกลาง,หลวง,4,09:00-17:00,0,0,1
โรงพยาบาลกลาง,หลวง,4,17:00-19:00,0,0,1
โรงพยาบาลกลาง,เสือป่า,1,07:00-09:00,0,1,0
โรงพยาบาลกลาง,เสือป่า,1,09:00-16:00,0,1,0
โรงพยาบาลกลาง,เสือป่า,1,16:00-19:00,0,1,0
โรงพยาบาลกลาง,เสือป่า,2,07:00-09:00,2,0,0
โรงพยาบาลกลาง,เสือป่า,2,09:00-16:00,2,0,0
โรงพยาบาลกลาง,เสือป่า,2,16:00-19:00,2,0,0
โรงพยาบาลกลาง,เสือป่า,4,07:00-09:00,0,0,1
โรงพยาบาลกลาง,เสือป่า,4,09:00-17:00,0,0,1
โรงพยาบาลกลาง,เสือป่า,4,17:00-19:00,0,0,1
โรงพยาบาลทหารเรือ,ซอยสมเด็จพระเจ้าตากสิน23,4,07:00-09:00,1,0,0
โรงพยาบาลทหารเรือ,ซอยสมเด็จพระเจ้าตากสิน23,4,09:00-16:00,1,0,0
โรงพยาบาลทหารเรือ,ซอยสมเด็จพระเจ้าตากสิน23,4,16:00-19:00,1,0,0
โรงพยาบาลทหารเรือ,ทางเข้ารพ.ทหารเรือ-ซอยสมเด็จพระเจ้าตากสิน22,4,07:00-09:00,1,0,0
โรงพยาบาลทหารเรือ,ทางเข้ารพ.ทหารเรือ-ซอยสมเด็จพระเจ้าตากสิน22,4,09:00-16:00,1,0,0
โรงพยาบาลทหารเรือ,ทางเข้ารพ.ทหารเรือ-ซอยสมเด็จพระเจ้าตากสิน22,4,16:00-19:00,1,0,0
โรงพยาบาลทหารเรือ,สมเด็จพระเจ้าตากสิน,4,07:00-09:00,1,0,0
โรงพยาบาลทหารเรือ,สมเด็จพระเจ้าตากสิน,4,09:00-16:00,1,0,0
โรงพยาบาลทหารเรือ,สมเด็จพระเจ้าตากสิน,4,16:00-19:00,1,0,0
โรงพยาบาลบางรัก,ซอยสาทร10,2,07:00-09:00,1,0,0
โรงพยาบาลบางรัก,ซอยสาทร10,2,09:00-16:00,1,0,0
โรงพยาบาลบางรัก,ซอยสาทร10,2,16:00-19:00,1,0,0
โรงพยาบาลบางรัก,ซอยสาทร9,2,07:00-09:00,1,0,0
โรงพยาบาลบางรัก,ซอยสาทร9,2,09:00-16:00,1,0,0
โรงพยาบาลบางรัก,ซอยสาทร9,2,16:00-19:00,1,0,0
โรงพยาบาลบางรัก,สาทร,2,07:00-09:00,1,0,0
โรงพยาบาลบางรัก,สาทร,2,09:00-16:00,1,0,0
โรงพยาบาลบางรัก,สาทร,2,16:00-19:00,1,0,0
โรงพยาบาลสิรินธร,สุขาภิบาล2,2,07:00-09:00,1,0,1
โรงพยาบาลสิรินธร,สุขาภิบาล2,2,09:00-16:00,1,0,0
โรงพยาบาลสิรินธร,สุขาภิบาล2,2,09:00-17:00,0,0,1
โรงพยาบาลสิรินธร,สุขาภิบาล2,2,16:00-19:00,1,0,0
โรงพยาบาลสิรินธร,สุขาภิบาล2,2,17:00-19:00,0,0,1
โรงพยาบาลสิรินธร,อ่อนนุช,2,07:00-09:00,1,0,1
โรงพยาบาลสิรินธร,อ่อนนุช,2,09:00-16:00,1,0,0
โรงพยาบาลสิรินธร,อ่อนนุช,2,09:00-17:00,0,0,1
โรงพยาบาลสิรินธร,อ่อนนุช,2,16:00-19:00,1,0,0
โรงพยาบาลสิรินธร,อ่อนนุช,2,17:00-19:00,0,0,1
โรงพยาบาลเวชการุณรัศม์,ทางเช้า-ออกรพ.เวชการุณศม์,2,07:00-09:00,0,0,1
โรงพยาบาลเวชการุณรัศม์,ทางเช้า-ออกรพ.เวชการุณศม์,2,09:00-17:00,0,0,1
โรงพยาบาลเวชการุณรัศม์,ทางเช้า-ออกรพ.เวชการุณศม์,2,17:00-19:00,0,0,1
โรงพยาบาลเวชการุณรัศม์,เลียบวารี,2,07:00-09:00,0,0,1
โรงพยาบาลเวชการุณรัศม์,เลียบวารี,2,09:00-17:00,0,0,1
โรงพยาบาลเวชการุณรัศม์,เลียบวารี,2,17:00-19:00,0,0,1
โรงเรียนนานาชาติแองโกลสิงคโปร์,สุขุมวิท64,2,07:00-09:00,0,0,1
โรงเรียนนานาชาติแองโกลสิงคโปร์,สุขุมวิท64,2,09:00-17:00,0,0,1
โรงเรียนนานาชาติแองโกลสิงคโปร์,สุขุมวิท64,2,17:00-19:00,0,0,1
โรงเรียนหอวัง,พหลโยธิน,3,07:00-09:00,0,1,0
โรงเรียนหอวัง,พหลโยธิน,3,09:00-16:00,0,1,0
โรงเรียนหอวัง,พหลโยธิน,3,16:00-19:00,0,1,0
ใกล้คลองทวีวัฒนา,อุทยาน,1,07:00-09:00,1,0,0
ใกล้คลองทวีวัฒนา,อุทยาน,1,09:00-16:00,1,0,0
ใกล้คลองทวีวัฒนา,อุทยาน,1,16:00-19:00,1,0,0
ใกล้คลองทวีวัฒนา,อุทยาน,4,07:00-09:00,1,0,0
ใกล้คลองทวีวัฒนา,อุทยาน,4,09:00-16:00,1,0,0
ใกล้คลองทวีวัฒนา,อุทยาน,4,16:00-19:00,1,0,0
ใกล้คลองบางจาก,พุทธมณฑลสาย2,1,07:00-09:00,1,0,0
ใกล้คลองบางจาก,พุทธมณฑลสาย2,1,09:00-16:00,2,0,0
ใกล้คลองบางจาก,พุทธมณฑลสาย2,1,16:00-19:00,2,0,0
ใกล้คลองบางชัน,รามคำแหง,1,07:00-09:00,1,0,0
ใกล้คลองบางชัน,รามคำแหง,1,09:00-16:00,1,0,0
ใกล้คลองบางชัน,รามคำแหง,1,16:00-19:00,1,0,0
ใกล้คลองบางปะแก้ว,ราษฎร์บูรณะ,1,07:00-09:00,1,0,0
ใกล้คลองบางปะแก้ว,ราษฎร์บูรณะ,1,09:00-16:00,1,0,0
ใกล้คลองบางปะแก้ว,ราษฎร์บูรณะ,1,16:00-19:00,1,0,0
ใกล้คลองบางระมาด,พุทธมณฑลสาย2,1,07:00-09:00,1,0,0
ใกล้คลองบางระมาด,พุทธมณฑลสาย2,1,09:00-16:00,2,0,0
ใกล้คลองบางระมาด,พุทธมณฑลสาย2,1,16:00-19:00,2,0,0
ใกล้คลองบ้านม้า,รามคำแหง7,2,07:00-09:00,1,0,0
ใกล้คลองบ้านม้า,รามคำแหง7,2,09:00-16:00,1,0,0
ใกล้คลองบ้านม้า,รามคำแหง7,2,16:00-19:00,1,0,0
ใกล้คลองลาดพร้าว,ประดิษฐ์มนูธรรม,4,07:00-09:00,2,0,0
ใกล้คลองลาดพร้าว,ประดิษฐ์มนูธรรม,4,09:00-16:00,2,0,0
ใกล้คลองลาดพร้าว,ประดิษฐ์มนูธรรม,4,16:00-19:00,2,0,0
ใกล้จุดตัดถ.บางขุนเทียนชายทะเล-สะแกงาม,สะแกงาม,1,07:00-09:00,1,0,0
ใกล้จุดตัดถ.บางขุนเทียนชายทะเล-สะแกงาม,สะแกงาม,1,09:00-16:00,1,0,0
ใกล้จุดตัดถ.บางขุนเทียนชายทะเล-สะแกงาม,สะแกงาม,1,16:00-19:00,1,0,0
ใกล้จุดเชื่อมต่อทางจักรยานคลองไผ่สิงโต,ดวงพิทักษ์,4,07:00-09:00,1,0,0
ใกล้จุดเชื่อมต่อทางจักรยานคลองไผ่สิงโต,ดวงพิทักษ์,4,09:00-16:00,1,0,0
ใกล้จุดเชื่อมต่อทางจักรยานคลองไผ่สิงโต,ดวงพิทักษ์,4,16:00-19:00,1,0,0
ใกล้ซอยจันทน์35,จันทน์,4,07:00-09:00,0,1,0
ใกล้ซอยจันทน์35,จันทน์,4,09:00-16:00,0,1,0
ใกล้ซอยจันทน์35,จันทน์,4,16:00-19:00,0,1,0
ใกล้ซอยจันทน์55,จันทน์,4,07:00-09:00,0,1,0
ใกล้ซอยจันทน์55,จันทน์,4,09:00-16:00,0,1,0
ใกล้ซอยจันทน์55,จันทน์,4,16:00-19:00,0,1,0
ใกล้ซอยบุญอยู่,ดินแดง,3,07:00-09:00,0,1,0
ใกล้ซอยบุญอยู่,ดินแดง,3,09:00-16:00,0,1,0
ใกล้ซอยบุญอยู่,ดินแดง,3,16:00-19:00,0,1,0
ใกล้ซอยประดิษฐ์มนูธรรม15,ประดิษฐ์มนูธรรม,1,07:00-09:00,0,1,0
ใกล้ซอยประดิษฐ์มนูธรรม15,ประดิษฐ์มนูธรรม,1,09:00-16:00,0,1,0
ใกล้ซอยประดิษฐ์มนูธรรม15,ประดิษฐ์มนูธรรม,1,16:00-19:00,0,1,0
ใกล้ซอยพระเทพรัตนโมลี20,หลวงแพ่ง,1,07:00-09:00,0,0,1
ใกล้ซอยพระเทพรัตนโมลี20,หลวงแพ่ง,1,09:00-17:00,0,0,1
ใกล้ซอยพระเทพรัตนโมลี20,หลวงแพ่ง,1,17:00-19:00,0,0,1
ใกล้ซอยรัชดาภิเษก22,รัชดาภิเษก,4,07:00-09:00,0,1,0
ใกล้ซอยรัชดาภิเษก22,รัชดาภิเษก,4,09:00-16:00,0,1,0
ใกล้ซอยรัชดาภิเษก22,รัชดาภิเษก,4,16:00-19:00,0,1,0
ใกล้ซอยราษฎร์อุทิศ24,ราษฎร์อุทิศ,1,07:00-09:00,0,1,0
ใกล้ซอยราษฎร์อุทิศ24,ราษฎร์อุทิศ,1,09:00-16:00,0,1,0
ใกล้ซอยราษฎร์อุทิศ24,ราษฎร์อุทิศ,1,16:00-19:00,0,1,0
ใกล้ซอยร่มเกล้า6,ร่มเกล้า,3,06:30-09:00,1,0,0
ใกล้ซอยร่มเกล้า6,ร่มเกล้า,3,09:00-16:00,1,0,0
ใกล้ซอยร่มเกล้า6,ร่มเกล้า,3,16:00-19:30,1,0,0
ใกล้ซอยศรีอยุธยา5,ศรีอยุธยา,3,07:00-09:00,0,1,0
ใกล้ซอยศรีอยุธยา5,ศรีอยุธยา,3,09:00-16:00,0,1,0
ใกล้ซอยศรีอยุธยา5,ศรีอยุธยา,3,16:00-19:00,0,1,0
ใกล้ซอยหทัยราษฎร์37,หทัยราษฎร์,1,07:00-09:00,0,1,0
ใกล้ซอยหทัยราษฎร์37,หทัยราษฎร์,1,09:00-16:00,0,1,0
ใกล้ซอยหทัยราษฎร์37,หทัยราษฎร์,1,16:00-19:00,0,1,0
ใกล้ซอยอิสรภาพ30,อิสรภาพ,4,07:00-09:00,0,0,1
ใกล้ซอยอิสรภาพ30,อิสรภาพ,4,09:00-17:00,0,0,1
ใกล้ซอยอิสรภาพ30,อิสรภาพ,4,17:00-19:00,0,0,1
ใกล้ซอยเพชรบุรี27,เพชรบุรี,3,07:00-09:00,0,1,0
ใกล้ซอยเพชรบุรี27,เพชรบุรี,3,09:00-16:00,0,1,0
ใกล้ซอยเพชรบุรี27,เพชรบุรี,3,16:00-19:00,0,1,0
ใกล้ซอยเลียบคลองสอง5,เลียบคลองสอง,3,07:00-09:00,0,0,1
ใกล้ซอยเลียบคลองสอง5,เลียบคลองสอง,3,09:00-17:00,0,0,1
ใกล้ซอยเลียบคลองสอง5,เลียบคลองสอง,3,17:00-19:00,0,0,1
ใกล้ซอยโยธินพัฒนา,ประดิษฐ์มนูธรรม,4,07:00-09:00,2,0,0
ใกล้ซอยโยธินพัฒนา,ประดิษฐ์มนูธรรม,4,09:00-16:00,2,0,0
ใกล้ซอยโยธินพัฒนา,ประดิษฐ์มนูธรรม,4,16:00-19:00,2,0,0
ใกล้ตลาดนัดจตุจักร,พหลโยธิน,3,07:00-09:00,0,1,0
ใกล้ตลาดนัดจตุจักร,พหลโยธิน,3,09:00-16:00,0,1,0
ใกล้ตลาดนัดจตุจักร,พหลโยธิน,3,16:00-19:00,0,1,0
ใกล้ประดิษฐ์มนูธรรม-รามอินทรา,ประดิษฐ์มนูธรรม,4,07:00-09:00,1,0,0
ใกล้ประดิษฐ์มนูธรรม-รามอินทรา,ประดิษฐ์มนูธรรม,4,09:00-16:00,1,0,0
ใกล้ประดิษฐ์มนูธรรม-รามอินทรา,ประดิษฐ์มนูธรรม,4,16:00-19:00,1,0,0
ใกล้ปากซอยบางกระดี่25,บางกระดี่,2,07:00-09:00,1,0,0
ใกล้ปากซอยบางกระดี่25,บางกระดี่,2,09:00-16:00,1,0,0
ใกล้ปากซอยบางกระดี่25,บางกระดี่,2,16:00-19:00,1,0,0
ใกล้ปากซอยลาดพร้าว101,ลาดพร้าว,4,07:00-09:00,1,0,0
ใกล้ปากซอยลาดพร้าว101,ลาดพร้าว,4,09:00-16:00,1,0,0
ใกล้ปากซอยลาดพร้าว101,ลาดพร้าว,4,16:00-19:00,1,0,0
ใกล้ปากซอยลาดพร้าว5,ลาดพร้าว,4,07:00-09:00,1,0,0
ใกล้ปากซอยลาดพร้าว5,ลาดพร้าว,4,09:00-16:00,1,0,0
ใกล้ปากซอยลาดพร้าว5,ลาดพร้าว,4,16:00-19:00,1,0,0
ใกล้ปากซอยสรงประภา26,สรงประภา,3,06:30-09:00,1,0,0
ใกล้ปากซอยสรงประภา26,สรงประภา,3,09:00-16:00,1,0,0
ใกล้ปากซอยสรงประภา26,สรงประภา,3,16:00-19:30,1,0,0
ใกล้ปากทางถนนเทพรักษ์-พหลโยธิน,เทพารักษ์,1,07:00-09:00,1,0,0
ใกล้ปากทางถนนเทพรักษ์-พหลโยธิน,เทพารักษ์,1,09:00-16:00,1,0,0
ใกล้ปากทางถนนเทพรักษ์-พหลโยธิน,เทพารักษ์,1,16:00-19:00,1,0,0
ใกล้พุทธมณฑลสาย3-บรมราชชนนี,พุทธมณฑลสาย3,1,07:00-09:00,1,0,0
ใกล้พุทธมณฑลสาย3-บรมราชชนนี,พุทธมณฑลสาย3,1,09:00-16:00,1,0,0
ใกล้พุทธมณฑลสาย3-บรมราชชนนี,พุทธมณฑลสาย3,1,16:00-19:00,1,0,0
ใกล้วัดดิสหงษาราม,เพชรบุรี,3,07:00-09:00,0,1,0
ใกล้วัดดิสหงษาราม,เพชรบุรี,3,09:00-16:00,0,1,0
ใกล้วัดดิสหงษาราม,เพชรบุรี,3,16:00-19:00,0,1,0
ใกล้วัดดิสหงษาราม,เพชรบุรี,4,07:00-09:00,0,1,0
ใกล้วัดดิสหงษาราม,เพชรบุรี,4,09:00-16:00,0,1,0
ใกล้วัดดิสหงษาราม,เพชรบุรี,4,16:00-19:00,0,1,0
ใกล้วัดนางนอง,วุฒากาศ,4,07:00-09:00,0,0,1
ใกล้วัดนางนอง,วุฒากาศ,4,09:00-17:00,0,0,1
ใกล้วัดนางนอง,วุฒากาศ,4,17:00-19:00,0,0,1
ใกล้วัดโพธิ์,ท้ายวัง,1,07:00-09:00,2,0,0
ใกล้วัดโพธิ์,ท้ายวัง,1,09:00-16:00,2,0,0
ใกล้วัดโพธิ์,ท้ายวัง,1,16:00-19:00,2,0,0
ใกล้สถานีBTSวงเวียนใหญ่,กรุงธนบุรี,1,07:00-09:00,1,0,0
ใกล้สถานีBTSวงเวียนใหญ่,กรุงธนบุรี,1,09:00-16:00,1,0,0
ใกล้สถานีBTSวงเวียนใหญ่,กรุงธนบุรี,1,16:00-19:00,1,0,0
ใกล้สถานีรถไฟฟ้าBTSสุรศักดิ์,สาทร,1,07:00-09:00,1,0,0
ใกล้สถานีรถไฟฟ้าBTSสุรศักดิ์,สาทร,1,09:00-16:00,1,0,0
ใกล้สถานีรถไฟฟ้าBTSสุรศักดิ์,สาทร,1,16:00-19:00,1,0,0
ใกล้สถานีรถไฟฟ้าทองหล่อ,สุขุมวิท,4,07:00-09:00,1,0,0
ใกล้สถานีรถไฟฟ้าทองหล่อ,สุขุมวิท,4,09:00-16:00,1,0,0
ใกล้สถานีรถไฟฟ้าทองหล่อ,สุขุมวิท,4,16:00-19:00,1,0,0
ใกล้สถานีรถไฟฟ้าพระโขนง,สุขุมวิท,1,07:00-09:00,1,0,0
ใกล้สถานีรถไฟฟ้าพระโขนง,สุขุมวิท,1,09:00-16:00,1,0,0
ใกล้สถานีรถไฟฟ้าพระโขนง,สุขุมวิท,1,16:00-19:00,1,0,0
ใกล้สถานีรถไฟฟ้าพร้อมพงษ์,สุขุมวิท,4,07:00-09:00,1,0,0
ใกล้สถานีรถไฟฟ้าพร้อมพงษ์,สุขุมวิท,4,09:00-16:00,1,0,0
ใกล้สถานีรถไฟฟ้าพร้อมพงษ์,สุขุมวิท,4,16:00-19:00,1,0,0
ใกล้สถานีรถไฟฟ้าราชดำริ,ราชดำริ,1,07:00-09:00,1,0,0
ใกล้สถานีรถไฟฟ้าราชดำริ,ราชดำริ,1,09:00-16:00,1,0,0
ใกล้สถานีรถไฟฟ้าราชดำริ,ราชดำริ,1,16:00-19:00,1,0,0
ใกล้สถานีรถไฟฟ้าราชดำริ,ราชดำริ,2,07:00-09:00,1,0,0
ใกล้สถานีรถไฟฟ้าราชดำริ,ราชดำริ,2,09:00-16:00,1,0,0
ใกล้สถานีรถไฟฟ้าราชดำริ,ราชดำริ,2,16:00-19:00,1,0,0
ใกล้สถานีรถไฟฟ้าราชดำริ,ราชดำริ,4,07:00-09:00,1,0,0
ใกล้สถานีรถไฟฟ้าราชดำริ,ราชดำริ,4,09:00-16:00,1,0,0
ใกล้สถานีรถไฟฟ้าราชดำริ,ราชดำริ,4,16:00-19:00,1,0,0
ใกล้สถานีรถไฟฟ้าอ่อนนุช,สุขุมวิท,1,07:00-09:00,1,0,0
ใกล้สถานีรถไฟฟ้าอ่อนนุช,สุขุมวิท,1,09:00-16:00,1,0,0
ใกล้สถานีรถไฟฟ้าอ่อนนุช,สุขุมวิท,1,16:00-19:00,1,0,0
ใกล้สถานีไฟฟ้าเอกมัย,สุขุมวิท,1,07:00-09:00,1,0,0
ใกล้สถานีไฟฟ้าเอกมัย,สุขุมวิท,1,09:00-16:00,1,0,0
ใกล้สถานีไฟฟ้าเอกมัย,สุขุมวิท,1,16:00-19:00,1,0,0
ใกล้สะพานข้ามคลองบางจาก,พุทธมณฑลสาย1,2,07:00-09:00,1,0,0
ใกล้สะพานข้ามคลองบางจาก,พุทธมณฑลสาย1,2,09:00-16:00,1,0,0
ใกล้สะพานข้ามคลองบางจาก,พุทธมณฑลสาย1,2,16:00-19:00,1,0,0
ใกล้สาทร-เจริญกรุง,เจริญกรุง,3,07:00-09:00,0,1,0
ใกล้สาทร-เจริญกรุง,เจริญกรุง,3,09:00-16:00,0,1,0
ใกล้สาทร-เจริญกรุง,เจริญกรุง,3,16:00-19:00,0,1,0
ใกล้หมู่บ้านพฤกษ์ภิรมณ์,แบริ่งลาซาล,1,07:00-09:00,0,0,1
ใกล้หมู่บ้านพฤกษ์ภิรมณ์,แบริ่งลาซาล,1,09:00-17:00,0,0,1
ใกล้หมู่บ้านพฤกษ์ภิรมณ์,แบริ่งลาซาล,1,17:00-19:00,0,0,1
ใกล้เดอะมอลล์บางแค,เพชรเกษม,2,07:00-09:00,1,0,0
ใกล้เดอะมอลล์บางแค,เพชรเกษม,2,09:00-16:00,1,0,0
ใกล้เดอะมอลล์บางแค,เพชรเกษม,2,16:00-19:00,1,0,0
ใกล้เเยกอุทยานพุทธมณฑลสาย4,อุทยาน,1,07:00-09:00,1,0,0
ใกล้เเยกอุทยานพุทธมณฑลสาย4,อุทยาน,1,09:00-16:00,1,0,0
ใกล้เเยกอุทยานพุทธมณฑลสาย4,อุทยาน,1,16:00-19:00,1,0,0
ใกล้แยกกรุงเทพกรีฑา,รามคำแหง24,2,07:00-09:00,1,0,0
ใกล้แยกกรุงเทพกรีฑา,รามคำแหง24,2,09:00-16:00,1,0,0
ใกล้แยกกรุงเทพกรีฑา,รามคำแหง24,2,16:00-19:00,1,0,0
ใกล้แยกขุนเทียนบางทะเล-พระราม2,บางขุนเทียนชายทะเล,1,07:00-09:00,1,0,0
ใกล้แยกขุนเทียนบางทะเล-พระราม2,บางขุนเทียนชายทะเล,1,09:00-16:00,1,0,0
ใกล้แยกขุนเทียนบางทะเล-พระราม2,บางขุนเทียนชายทะเล,1,16:00-19:00,1,0,0
ใกล้แยกคลองกลางทุ่ง,บางขุนเทียนชายทะเล,1,07:00-09:00,1,0,0
ใกล้แยกคลองกลางทุ่ง,บางขุนเทียนชายทะเล,1,09:00-16:00,1,0,0
ใกล้แยกคลองกลางทุ่ง,บางขุนเทียนชายทะเล,1,16:00-19:00,1,0,0
ใกล้แยกด่วนเพลินจิต,ดวงพิทักษ์,4,07:00-09:00,1,0,0
ใกล้แยกด่วนเพลินจิต,ดวงพิทักษ์,4,09:00-16:00,1,0,0
ใกล้แยกด่วนเพลินจิต,ดวงพิทักษ์,4,16:00-19:00,1,0,0
ใกล้แยกทศกัณฐ์,พุทธมณฑลสาย2,1,07:00-09:00,2,0,0
ใกล้แยกทศกัณฐ์,พุทธมณฑลสาย2,1,09:00-16:00,2,0,0
ใกล้แยกทศกัณฐ์,พุทธมณฑลสาย2,1,16:00-19:00,2,0,0
ใกล้แยกท่าพระ,เพชรเกษม,1,07:00-09:00,1,0,0
ใกล้แยกท่าพระ,เพชรเกษม,1,09:00-16:00,1,0,0
ใกล้แยกท่าพระ,เพชรเกษม,1,16:00-19:00,1,0,0
ใกล้แยกท่าพระ,เพชรเกษม,2,07:00-09:00,1,0,0
ใกล้แยกท่าพระ,เพชรเกษม,2,09:00-16:00,1,0,0
ใกล้แยกท่าพระ,เพชรเกษม,2,16:00-19:00,1,0,0
ใกล้แยกนราธิวาส-สุรวงศ์,นราธิวาสราชนครินทร์,1,07:00-09:00,1,0,0
ใกล้แยกนราธิวาส-สุรวงศ์,นราธิวาสราชนครินทร์,1,09:00-16:00,1,0,0
ใกล้แยกนราธิวาส-สุรวงศ์,นราธิวาสราชนครินทร์,1,16:00-19:00,1,0,0
ใกล้แยกบรมราชชนนี,จรัญสนิทวงศ์,4,07:00-09:00,2,0,0
ใกล้แยกบรมราชชนนี,จรัญสนิทวงศ์,4,09:00-16:00,2,0,0
ใกล้แยกบรมราชชนนี,จรัญสนิทวงศ์,4,16:00-19:00,2,0,0
ใกล้แยกบางแค,เพชรเกษม,2,07:00-09:00,1,0,0
ใกล้แยกบางแค,เพชรเกษม,2,09:00-16:00,1,0,0
ใกล้แยกบางแค,เพชรเกษม,2,16:00-19:00,1,0,0
ใกล้แยกประดิษฐ์มนูธรรม-รามอินทรา,ประดิษฐ์มนูธรรม,4,07:00-09:00,1,0,0
ใกล้แยกประดิษฐ์มนูธรรม-รามอินทรา,ประดิษฐ์มนูธรรม,4,09:00-16:00,1,0,0
ใกล้แยกประดิษฐ์มนูธรรม-รามอินทรา,ประดิษฐ์มนูธรรม,4,16:00-19:00,1,0,0
ใกล้แยกพัฒนาการ,ศรีนครินทร์,4,07:00-09:00,1,0,0
ใกล้แยกพัฒนาการ,ศรีนครินทร์,4,09:00-16:00,1,0,0
ใกล้แยกพัฒนาการ,ศรีนครินทร์,4,16:00-19:00,1,0,0
ใกล้แยกรัชดา-นราธิวาส,นราธิวาสราชนครินทร์,1,07:00-09:00,1,0,0
ใกล้แยกรัชดา-นราธิวาส,นราธิวาสราชนครินทร์,1,09:00-16:00,1,0,0
ใกล้แยกรัชดา-นราธิวาส,นราธิวาสราชนครินทร์,1,16:00-19:00,1,0,0
ใกล้แยกรัชโยธิน,พหลโยธิน,1,07:00-09:00,1,0,0
ใกล้แยกรัชโยธิน,พหลโยธิน,1,09:00-16:00,1,0,0
ใกล้แยกรัชโยธิน,พหลโยธิน,1,16:00-19:00,1,0,0
ใกล้แยกรัชโยธิน,พหลโยธิน,2,07:00-09:00,1,0,0
ใกล้แยกรัชโยธิน,พหลโยธิน,2,09:00-16:00,1,0,0
ใกล้แยกรัชโยธิน,พหลโยธิน,2,16:00-19:00,1,0,0
ใกล้แยกราชดำริ,ราชดำริ,1,07:00-09:00,1,0,0
ใกล้แยกราชดำริ,ราชดำริ,1,09:00-16:00,1,0,0
ใกล้แยกราชดำริ,ราชดำริ,1,16:00-19:00,1,0,0
ใกล้แยกราชดำริ,ราชดำริ,2,07:00-09:00,1,0,0
ใกล้แยกราชดำริ,ราชดำริ,2,09:00-16:00,1,0,0
ใกล้แยกราชดำริ,ราชดำริ,2,16:00-19:00,1,0,0
ใกล้แยกราชดำริ,ราชดำริ,4,07:00-09:00,1,0,0
ใกล้แยกราชดำริ,ราชดำริ,4,09:00-16:00,1,0,0
ใกล้แยกราชดำริ,ราชดำริ,4,16:00-19:00,1,0,0
ใกล้แยกรามคำแหง-ร่มเกล้า,รามคำแหง,1,07:00-09:00,1,0,0
ใกล้แยกรามคำแหง-ร่มเกล้า,รามคำแหง,1,09:00-16:00,1,0,0
ใกล้แยกรามคำแหง-ร่มเกล้า,รามคำแหง,1,16:00-19:00,1,0,0
ใกล้แยกวิทยุ,สาทร,1,07:00-09:00,1,0,0
ใกล้แยกวิทยุ,สาทร,1,09:00-16:00,1,0,0
ใกล้แยกวิทยุ,สาทร,1,16:00-19:00,1,0,0
ใกล้แยกวิทยุ,สาทร,4,07:00-09:00,1,0,0
ใกล้แยกวิทยุ,สาทร,4,09:00-16:00,1,0,0
ใกล้แยกวิทยุ,สาทร,4,16:00-19:00,1,0,0
ใกล้แยกศิริราช,อรุณอัมรินทร์,1,07:00-09:00,1,0,0
ใกล้แยกศิริราช,อรุณอัมรินทร์,1,09:00-16:00,1,0,0
ใกล้แยกศิริราช,อรุณอัมรินทร์,1,16:00-19:00,1,0,0
ใกล้แยกศิริราช,อรุณอัมรินทร์,2,07:00-09:00,1,0,0
ใกล้แยกศิริราช,อรุณอัมรินทร์,2,09:00-16:00,1,0,0
ใกล้แยกศิริราช,อรุณอัมรินทร์,2,16:00-19:00,1,0,0
ใกล้แยกสาทร-นราธิวาส,สาทร,1,07:00-09:00,1,0,0
ใกล้แยกสาทร-นราธิวาส,สาทร,1,09:00-16:00,1,0,0
ใกล้แยกสาทร-นราธิวาส,สาทร,1,16:00-19:00,1,0,0
ใกล้แยกสาทร-นราธิวาส,สาทร,4,07:00-09:00,1,0,0
ใกล้แยกสาทร-นราธิวาส,สาทร,4,09:00-16:00,1,0,0
ใกล้แยกสาทร-นราธิวาส,สาทร,4,16:00-19:00,1,0,0
ใกล้แยกอุดมสุข,ศรีนครินทร์,4,07:00-09:00,1,0,0
ใกล้แยกอุดมสุข,ศรีนครินทร์,4,09:00-16:00,1,0,0
ใกล้แยกอุดมสุข,ศรีนครินทร์,4,16:00-19:00,1,0,0
ใกล้แยกอุทยาน-พุทธมณฑลสาย3,ยุทยาน,1,07:00-09:00,1,0,0
ใกล้แยกอุทยาน-พุทธมณฑลสาย3,ยุทยาน,1,09:00-16:00,1,0,0
ใกล้แยกอุทยาน-พุทธมณฑลสาย3,ยุทยาน,1,16:00-19:00,1,0,0
ใกล้แยกอุทยาน-พุทธมณฑลสาย3,อุทยาน,4,07:00-09:00,1,0,0
ใกล้แยกอุทยาน-พุทธมณฑลสาย3,อุทยาน,4,09:00-16:00,1,0,0
ใกล้แยกอุทยาน-พุทธมณฑลสาย3,อุทยาน,4,16:00-19:00,1,0,0
ใกล้แยกอุทยาน-พุทธมณฑลสาย4,อุทยาน,4,07:00-09:00,1,0,0
ใกล้แยกอุทยาน-พุทธมณฑลสาย4,อุทยาน,4,09:00-16:00,1,0,0
ใกล้แยกอุทยาน-พุทธมณฑลสาย4,อุทยาน,4,16:00-19:00,1,0,0
ใกล้แยกเพชรเกษม-พุทธมณฑลสาย2,เพชรเกษม,2,07:00-09:00,1,0,0
ใกล้แยกเพชรเกษม-พุทธมณฑลสาย2,เพชรเกษม,2,09:00-16:00,1,0,0
ใกล้แยกเพชรเกษม-พุทธมณฑลสาย2,เพชรเกษม,2,16:00-19:00,1,0,0
ใกล้แยกเพชรเกษม-พุทธมณฑลสาย3,เพชรเกษม,2,07:00-09:00,1,0,0
ใกล้แยกเพชรเกษม-พุทธมณฑลสาย3,เพชรเกษม,2,09:00-16:00,1,0,0
ใกล้แยกเพชรเกษม-พุทธมณฑลสาย3,เพชรเกษม,2,16:00-19:00,1,0,0
ใกล้แยกเพชรเกษม-พุทธมณสาย2,เพชรเกษม,1,07:00-09:00,1,0,0
ใกล้แยกเพชรเกษม-พุทธมณสาย2,เพชรเกษม,1,09:00-16:00,1,0,0
ใกล้แยกเพชรเกษม-พุทธมณสาย2,เพชรเกษม,1,16:00-19:00,1,0,0
ใกล้แยกเพชรเกษม-พุทธมณสาย3,เพชรเกษม,1,07:00-09:00,1,0,0
ใกล้แยกเพชรเกษม-พุทธมณสาย3,เพชรเกษม,1,09:00-16:00,1,0,0
ใกล้แยกเพชรเกษม-พุทธมณสาย3,เพชรเกษม,1,16:00-19:00,1,0,0
ใกล้แยกเพชรเกษม69,เพชรเกษม,2,07:00-09:00,1,0,0
ใกล้แยกเพชรเกษม69,เพชรเกษม,2,09:00-16:00,1,0,0
ใกล้แยกเพชรเกษม69,เพชรเกษม,2,16:00-19:00,1,0,0
ใกล้แยกไฟฉาย,จรัญสนิทวงศ์,4,07:00-09:00,2,0,0
ใกล้แยกไฟฉาย,จรัญสนิทวงศ์,4,09:00-16:00,2,0,0
ใกล้แยกไฟฉาย,จรัญสนิทวงศ์,4,16:00-19:00,2,0,0
ใกล้โรงเรียนสามเสนวิทยาลัย,พระรามที่6,3,07:00-09:00,0,1,0
ใกล้โรงเรียนสามเสนวิทยาลัย,พระรามที่6,3,09:00-16:00,0,1,0
ใกล้โรงเรียนสามเสนวิทยาลัย,พระรามที่6,3,16:00-19:00,0,1,0
ใต้ด่วนดินแดง,ดินแดง,2,07:00-09:00,0,0,1
ใต้ด่วนดินแดง,ดินแดง,2,09:00-17:00,0,0,1
ใต้ด่วนดินแดง,ดินแดง,2,17:00-19:00,0,0,1
ใต้ด่วนดินแดง,ดินแดง,4,07:00-09:00,0,0,1
ใต้ด่วนดินแดง,ดินแดง,4,09:00-17:00,0,0,1
ใต้ด่วนดินแดง,ดินแดง,4,17:00-19:00,0,0,1
ใต้ด่วนดินแดง,ดินแดงตัดใหม่,2,07:00-09:00,0,0,1
ใต้ด่วนดินแดง,ดินแดงตัดใหม่,2,09:00-17:00,0,0,1
ใต้ด่วนดินแดง,ดินแดงตัดใหม่,2,17:00-19:00,0,0,1
ใต้ด่วนดินแดง,ดินแดงตัดใหม่,4,07:00-09:00,0,0,1
ใต้ด่วนดินแดง,ดินแดงตัดใหม่,4,09:00-17:00,0,0,1
ใต้ด่วนดินแดง,ดินแดงตัดใหม่,4,17:00-19:00,0,0,1
ใต้ด่วนดินแดง,วิภาวดีรังสิต,2,06:30-09:00,0,1,0
ใต้ด่วนดินแดง,วิภาวดีรังสิต,2,07:00-09:00,1,0,1
ใต้ด่วนดินแดง,วิภาวดีรังสิต,2,09:00-16:00,1,1,0
ใต้ด่วนดินแดง,วิภาวดีรังสิต,2,09:00-17:00,0,0,1
ใต้ด่วนดินแดง,วิภาวดีรังสิต,2,16:00-19:00,1,0,0
ใต้ด่วนดินแดง,วิภาวดีรังสิต,2,16:00-19:30,0,1,0
ใต้ด่วนดินแดง,วิภาวดีรังสิต,2,17:00-19:00,0,0,1
ใต้ด่วนดินแดง,วิภาวดีรังสิต,4,07:00-09:00,0,0,1
ใต้ด่วนดินแดง,วิภาวดีรังสิต,4,09:00-17:00,0,0,1
ใต้ด่วนดินแดง,วิภาวดีรังสิต,4,17:00-19:00,0,0,1
ใต้ด่วนดินแดง,อโศกดินแดง,2,06:30-09:00,0,1,0
ใต้ด่วนดินแดง,อโศกดินแดง,2,07:00-09:00,1,0,0
ใต้ด่วนดินแดง,อโศกดินแดง,2,09:00-16:00,1,1,0
ใต้ด่วนดินแดง,อโศกดินแดง,2,16:00-19:00,1,0,0
ใต้ด่วนดินแดง,อโศกดินแดง,2,16:00-19:30,0,1,0
ใต้ด่วนดินแดง,อโศกดินแดง,4,07:00-09:00,0,0,1
ใต้ด่วนดินแดง,อโศกดินแดง,4,09:00-17:00,0,0,1
ใต้ด่วนดินแดง,อโศกดินแดง,4,17:00-19:00,0,0,1
ใต้ด่วนดินแดง,เลียบใต้ทางด่วน,2,06:30-09:00,0,1,0
ใต้ด่วนดินแดง,เลียบใต้ทางด่วน,2,07:00-09:00,1,0,0
ใต้ด่วนดินแดง,เลียบใต้ทางด่วน,2,09:00-16:00,1,1,0
ใต้ด่วนดินแดง,เลียบใต้ทางด่วน,2,16:00-19:00,1,0,0
ใต้ด่วนดินแดง,เลียบใต้ทางด่วน,2,16:00-19:30,0,1,0
ใต้ด่วนพระราม4,ทางด่วน,1,07:00-09:00,1,1,0
ใต้ด่วนพระราม4,ทางด่วน,1,09:00-16:00,1,1,0
ใต้ด่วนพระราม4,ทางด่วน,1,16:00-19:00,1,1,0
ใต้ด่วนพระราม4,ทางด่วน,2,06:30-09:00,1,0,0
ใต้ด่วนพระราม4,ทางด่วน,2,07:00-09:00,0,0,1
ใต้ด่วนพระราม4,ทางด่วน,2,09:00-16:00,1,0,1
ใต้ด่วนพระราม4,ทางด่วน,2,16:00-19:00,0,0,1
ใต้ด่วนพระราม4,ทางด่วน,2,16:00-19:30,1,0,0
ใต้ด่วนพระราม4,ทางพิเศษเฉลิมมหานคร,3,07:00-09:00,0,0,2
ใต้ด่วนพระราม4,ทางพิเศษเฉลิมมหานคร,3,09:00-17:00,0,0,2
ใต้ด่วนพระราม4,ทางพิเศษเฉลิมมหานคร,3,17:00-19:00,0,0,2
ใต้ด่วนพระราม4,พระรามที่4,1,07:00-09:00,1,1,0
ใต้ด่วนพระราม4,พระรามที่4,1,09:00-16:00,1,1,0
ใต้ด่วนพระราม4,พระรามที่4,1,16:00-19:00,1,1,0
ใต้ด่วนพระราม4,พระรามที่4,2,07:00-09:00,1,0,1
ใต้ด่วนพระราม4,พระรามที่4,2,09:00-16:00,1,0,1
ใต้ด่วนพระราม4,พระรามที่4,2,16:00-19:00,1,0,1
ใต้ด่วนพระราม4,พระรามที่4,3,07:00-09:00,0,0,2
ใต้ด่วนพระราม4,พระรามที่4,3,17:00-19:00,0,0,2
ใต้ด่วนพระราม4,เชื้อเพลิง,1,07:00-09:00,1,1,0
ใต้ด่วนพระราม4,เชื้อเพลิง,1,09:00-16:00,1,1,0
ใต้ด่วนพระราม4,เชื้อเพลิง,1,16:00-19:00,1,1,0
ใต้ด่วนพระราม4,เชื้อเพลิง,2,06:30-09:00,1,0,0
ใต้ด่วนพระราม4,เชื้อเพลิง,2,07:00-09:00,0,0,1
ใต้ด่วนพระราม4,เชื้อเพลิง,2,09:00-16:00,1,0,1
ใต้ด่วนพระราม4,เชื้อเพลิง,2,16:00-19:00,0,0,1
ใต้ด่วนพระราม4,เชื้อเพลิง,2,16:00-19:30,1,0,0
ใต้ด่วนพระราม4,เชื้อเพลิง,3,07:00-09:00,0,0,2
ใต้ด่วนพระราม4,เชื้อเพลิง,3,09:00-17:00,0,0,2
ใต้ด่วนพระราม4,เชื้อเพลิง,3,17:00-19:00,0,0,2
ใต้ด่วนสุรวงศ์,ถนนสุรวงศ์,4,07:00-09:00,0,0,1
ใต้ด่วนสุรวงศ์,ถนนสุรวงศ์,4,09:00-17:00,0,0,1
ใต้ด่วนสุรวงศ์,ถนนสุรวงศ์,4,17:00-19:00,0,0,1
ใต้ด่วนสุรวงศ์,เลียบใต้ทางด่วนศรีรัช,4,07:00-09:00,0,0,1
ใต้ด่วนสุรวงศ์,เลียบใต้ทางด่วนศรีรัช,4,09:00-17:00,0,0,1
ใต้ด่วนสุรวงศ์,เลียบใต้ทางด่วนศรีรัช,4,17:00-19:00,0,0,1
ใต้ทางด่วนฉลองรัช,ด่วนฉลองรัช,3,07:00-09:00,0,1,0
ใต้ทางด่วนฉลองรัช,ด่วนฉลองรัช,3,09:00-16:00,0,1,0
ใต้ทางด่วนฉลองรัช,ด่วนฉลองรัช,3,16:00-19:00,0,1,0
ใต้ทางด่วนฉลองรัช,พัฒนาการ,3,07:00-09:00,0,1,0
ใต้ทางด่วนฉลองรัช,พัฒนาการ,3,09:00-16:00,0,1,0
ใต้ทางด่วนฉลองรัช,พัฒนาการ,3,16:00-19:00,0,1,0
ใต้ทางด่วนศรีรัช(ใกล้ซอยประชาชื่น30),ประชาชื่น,4,07:00-09:00,0,0,1
ใต้ทางด่วนศรีรัช(ใกล้ซอยประชาชื่น30),ประชาชื่น,4,09:00-17:00,0,0,1
ใต้ทางด่วนศรีรัช(ใกล้ซอยประชาชื่น30),ประชาชื่น,4,17:00-19:00,0,0,1
ใต้สะพานพระราม8,อรุณอัมรินทร์,2,07:00-09:00,1,0,0
ใต้สะพานพระราม8,อรุณอัมรินทร์,2,09:00-16:00,1,0,0
ใต้สะพานพระราม8,อรุณอัมรินทร์,2,16:00-19:00,1,0,0
ใต้สะพานพระราม8,อรุณอัมรินทร์ตัดใหม่,1,07:00-09:00,1,0,0
ใต้สะพานพระราม8,อรุณอัมรินทร์ตัดใหม่,1,09:00-16:00,1,0,0
ใต้สะพานพระราม8,อรุณอัมรินทร์ตัดใหม่,1,16:00-19:00,1,0,0
ใต้สะพานพระราม9,ราษฎร์บูรณะ,1,07:00-09:00,1,0,0
ใต้สะพานพระราม9,ราษฎร์บูรณะ,1,09:00-16:00,1,0,0
ใต้สะพานพระราม9,ราษฎร์บูรณะ,1,16:00-19:00,1,0,0
ใต้สะพานภูมิพล,พระรามที่3,2,07:00-09:00,0,0,1
ใต้สะพานภูมิพล,พระรามที่3,2,09:00-17:00,0,0,1
ใต้สะพานภูมิพล,พระรามที่3,2,17:00-19:00,0,0,1
ใต้สะพานภูมิพล,วงแหวนอุตสาหกรรม,2,07:00-09:00,0,0,1
ใต้สะพานภูมิพล,วงแหวนอุตสาหกรรม,2,09:00-17:00,0,0,1
ใต้สะพานภูมิพล,วงแหวนอุตสาหกรรม,2,17:00-19:00,0,0,1
ใต้สะพานสมเด็จพระเจ้าตากสินมหาราช,เจริญนคร,4,07:00-09:00,2,0,0
ใต้สะพานสมเด็จพระเจ้าตากสินมหาราช,เจริญนคร,4,09:00-16:00,2,0,0
ใต้สะพานสมเด็จพระเจ้าตากสินมหาราช,เจริญนคร,4,16:00-19:00,2,0,0
ไต้ด่วนดินแดง,วิภาวดีรังสิต,2,07:00-09:00,1,0,0
ไต้ด่วนดินแดง,วิภาวดีรังสิต,2,09:00-16:00,1,0,0
ไต้ด่วนดินแดง,วิภาวดีรังสิต,2,16:00-19:00,1,0,0
ไต้ด่วนดินแดง,อโศกดินแดง,2,07:00-09:00,1,0,0
ไต้ด่วนดินแดง,อโศกดินแดง,2,09:00-16:00,1,0,0
ไต้ด่วนดินแดง,อโศกดินแดง,2,16:00-19:00,1,0,0
ไต้ด่วนดินแดง,เลียบใต้ทางด่วน,2,07:00-09:00,1,0,0
ไต้ด่วนดินแดง,เลียบใต้ทางด่วน,2,09:00-16:00,1,0,0
ไต้ด่วนดินแดง,เลียบใต้ทางด่วน,2,16:00-19:00,1,0,0
ไทยรามัญ,ไทยรามัญ(NB-SB),4,07:00-09:00,0,1,0
ไทยรามัญ,ไทยรามัญ(NB-SB),4,09:00-16:00,0,1,0
ไทยรามัญ,ไทยรามัญ(NB-SB),4,16:00-19:00,0,1,0
ไทยรามัญ,ไทยรามัญ(WB),4,07:00-09:00,0,1,0
ไทยรามัญ,ไทยรามัญ(WB),4,09:00-16:00,0,1,0
ไทยรามัญ,ไทยรามัญ(WB),4,16:00-19:00,0,1,0
ไทยรามัญ-หทัยราษฎร์,หทัยราษฎร์,1,07:00-09:00,0,0,1
ไทยรามัญ-หทัยราษฎร์,หทัยราษฎร์,1,09:00-17:00,0,0,1
ไทยรามัญ-หทัยราษฎร์,หทัยราษฎร์,1,17:00-19:00,0,0,1
ไทยรามัญ-หทัยราษฎร์,ไทยรามัญ,1,07:00-09:00,0,0,1
ไทยรามัญ-หทัยราษฎร์,ไทยรามัญ,1,09:00-17:00,0,0,1
ไทยรามัญ-หทัยราษฎร์,ไทยรามัญ,1,17:00-19:00,0,0,1
ไฟฉาย,จรัญสนิทวงศ์,1,07:00-09:00,1,1,0
ไฟฉาย,จรัญสนิทวงศ์,1,09:00-16:00,1,1,0
ไฟฉาย,จรัญสนิทวงศ์,1,16:00-19:00,1,1,0
ไฟฉาย,จรัญสนิทวงศ์,2,07:00-09:00,0,1,1
ไฟฉาย,จรัญสนิทวงศ์,2,09:00-16:00,0,1,0
ไฟฉาย,จรัญสนิทวงศ์,2,09:00-17:00,0,0,1
ไฟฉาย,จรัญสนิทวงศ์,2,16:00-19:00,0,1,0
ไฟฉาย,จรัญสนิทวงศ์,2,17:00-19:00,0,0,1
ไฟฉาย,จรัญสนิทวงศ์,3,07:00-09:00,0,0,1
ไฟฉาย,จรัญสนิทวงศ์,3,09:00-17:00,0,0,1
ไฟฉาย,จรัญสนิทวงศ์,3,17:00-19:00,0,0,1
ไฟฉาย,จรัญสนิทวงศ์,4,07:00-09:00,0,0,1
ไฟฉาย,จรัญสนิทวงศ์,4,09:00-16:00,0,0,1
ไฟฉาย,จรัญสนิทวงศ์,4,16:00-19:00,0,0,1
ไฟฉาย,พรานนก,1,07:00-09:00,1,1,0
ไฟฉาย,พรานนก,1,09:00-16:00,1,1,0
ไฟฉาย,พรานนก,1,16:00-19:00,1,1,0
ไฟฉาย,พรานนก,2,07:00-09:00,0,1,1
ไฟฉาย,พรานนก,2,09:00-16:00,0,1,0
ไฟฉาย,พรานนก,2,09:00-17:00,0,0,1
ไฟฉาย,พรานนก,2,16:00-19:00,0,1,0
ไฟฉาย,พรานนก,2,17:00-19:00,0,0,1
ไฟฉาย,พรานนก,3,07:00-09:00,0,0,1
ไฟฉาย,พรานนก,3,09:00-17:00,0,0,1
ไฟฉาย,พรานนก,3,17:00-19:00,0,0,1
ไฟฉาย,พรานนก,4,07:00-09:00,0,0,1
ไฟฉาย,พรานนก,4,09:00-16:00,0,0,1
ไฟฉาย,พรานนก,4,16:00-19:00,0,0,1
ไฟฉาย,พรานนก-กาญจนาภิเษก,1,07:00-09:00,0,1,0
ไฟฉาย,พรานนก-กาญจนาภิเษก,1,09:00-16:00,0,1,0
ไฟฉาย,พรานนก-กาญจนาภิเษก,1,16:00-19:00,0,1,0
ไฟฉาย,พรานนก-กาญจนาภิเษก,2,07:00-09:00,0,1,0
ไฟฉาย,พรานนก-กาญจนาภิเษก,2,09:00-16:00,0,1,0
ไฟฉาย,พรานนก-กาญจนาภิเษก,2,16:00-19:00,0,1,0
ไฟฉาย,พรานนก-กาญจนาภิเษก,3,07:00-09:00,0,0,1
ไฟฉาย,พรานนก-กาญจนาภิเษก,3,09:00-17:00,0,0,1
ไฟฉาย,พรานนก-กาญจนาภิเษก,3,17:00-19:00,0,0,1
ไฟฉาย,พรานนกกาญจนาภิเษก,2,07:00-09:00,0,0,1
ไฟฉาย,พรานนกกาญจนาภิเษก,2,09:00-17:00,0,0,1
ไฟฉาย,พรานนกกาญจนาภิเษก,2,17:00-19:00,0,0,1
ไฟฉาย,พรานนกกาญจนาภิเษก,4,07:00-09:00,0,0,1
ไฟฉาย,พรานนกกาญจนาภิเษก,4,09:00-16:00,0,0,1
ไฟฉาย,พรานนกกาญจนาภิเษก,4,16:00-19:00,0,0,1
ไมตรีจิต,กรุงเกษม,3,07:00-09:00,0,0,1
ไมตรีจิต,กรุงเกษม,3,09:00-16:00,0,0,1
ไมตรีจิต,กรุงเกษม,3,16:00-19:00,0,0,1
ไมตรีจิต,ตรีมิตร,3,07:00-09:00,0,0,1
ไมตรีจิต,ตรีมิตร,3,09:00-16:00,0,0,1
ไมตรีจิต,ตรีมิตร,3,16:00-19:00,0,0,1
ไมตรีจิต,พระรามที่4,3,07:00-09:00,0,0,1
ไมตรีจิต,พระรามที่4,3,09:00-16:00,0,0,1
ไมตรีจิต,พระรามที่4,3,16:00-19:00,0,0,1
ไมตรีจิต,ไมตรีจิต,3,07:00-09:00,0,0,1
ไมตรีจิต,ไมตรีจิต,3,09:00-16:00,0,0,1
ไมตรีจิต,ไมตรีจิต,3,16:00-19:00,0,0,1
