intersection_key,road_key,time_key,covid_period,median,mean,size
การเรือน,ราชวิถี,07:00-09:00,ก่อนโควิด,1110.0,1110.0,1
การเรือน,ราชวิถี,07:00-09:00,หลังโควิด,999.0,918.6666666666666,3
การเรือน,ราชวิถี,07:00-09:00,โควิด,433.5,433.5,1
การเรือน,ราชวิถี,09:00-16:00,ก่อนโควิด,931.4285714285714,931.4285714285714,1
การเรือน,ราชวิถี,09:00-16:00,หลังโควิด,908.5714285714286,908.5714285714286,1
การเรือน,ราชวิถี,09:00-16:00,โควิด,1045.7142857142858,1045.7142857142858,1
การเรือน,ราชวิถี,16:00-19:00,ก่อนโควิด,850.6666666666666,850.6666666666666,1
การเรือน,ราชวิถี,16:00-19:00,หลังโควิด,873.6666666666666,873.6666666666666,1
การเรือน,ราชวิถี,16:00-19:00,โควิด,364.3333333333333,364.3333333333333,1
การเรือน,ราชสีมา,07:00-09:00,ก่อนโควิด,1359.0,1359.0,1
การเรือน,ราชสีมา,07:00-09:00,หลังโควิด,1386.0,1386.0,1
การเรือน,ราชสีมา,07:00-09:00,โควิด,2046.5,2046.5,1
การเรือน,ราชสีมา,09:00-16:00,ก่อนโควิด,1389.0,1389.0,1
การเรือน,ราชสีมา,09:00-16:00,หลังโควิด,1129.4285714285713,1129.4285714285713,1
การเรือน,ราชสีมา,09:00-16:00,โควิด,1673.857142857143,1673.857142857143,1
การเรือน,ราชสีมา,16:00-19:00,ก่อนโควิด,1483.6666666666667,1483.6666666666667,1
การเรือน,ราชสีมา,16:00-19:00,หลังโควิด,1286.0,1286.0,1
การเรือน,ราชสีมา,16:00-19:00,โควิด,1171.6666666666667,1171.6666666666667,1
กำแพงเพชร,กำแพงเพชร,07:00-09:00,ก่อนโควิด,1806.0,1806.0,1
กำแพงเพชร,กำแพงเพชร,07:00-09:00,หลังโควิด,1711.0,1682.625,4
กำแพงเพชร,กำแพงเพชร,07:00-09:00,โควิด,1656.0,1656.0,1
กำแพงเพชร,กำแพงเพชร,09:00-16:00,ก่อนโควิด,1875.0,1875.0,2
กำแพงเพชร,กำแพงเพชร,09:00-16:00,หลังโควิด,1349.857142857143,1349.857142857143,2
กำแพงเพชร,กำแพงเพชร,09:00-16:00,โควิด,1936.5714285714287,1936.5714285714287,1
กำแพงเพชร,กำแพงเพชร,16:00-19:00,ก่อนโควิด,2297.3333333333335,2297.3333333333335,1
กำแพงเพชร,กำแพงเพชร,16:00-19:00,หลังโควิด,1308.6666666666667,1308.6666666666667,2
กำแพงเพชร,กำแพงเพชร,16:00-19:00,โควิด,1939.0,1939.0,1
กำแพงเพชร,พหลโยธิน,07:00-09:00,ก่อนโควิด,5355.0,5355.0,2
กำแพงเพชร,พหลโยธิน,07:00-09:00,หลังโควิด,5246.25,5137.0,4
กำแพงเพชร,พหลโยธิน,07:00-09:00,โควิด,5211.0,5211.0,1
กำแพงเพชร,พหลโยธิน,09:00-16:00,ก่อนโควิด,5074.714285714286,5074.714285714286,2
กำแพงเพชร,พหลโยธิน,09:00-16:00,หลังโควิด,4620.285714285715,4620.285714285715,2
กำแพงเพชร,พหลโยธิน,09:00-16:00,โควิด,4248.0,4248.0,1
กำแพงเพชร,พหลโยธิน,16:00-19:00,ก่อนโควิด,4985.333333333334,4985.333333333334,2
กำแพงเพชร,พหลโยธิน,16:00-19:00,หลังโควิด,4991.333333333333,4991.333333333333,2
กำแพงเพชร,พหลโยธิน,16:00-19:00,โควิด,4272.333333333333,4272.333333333333,1
ขัตติยานี,พิชัย,07:00-09:00,ก่อนโควิด,833.0,833.0,1
ขัตติยานี,พิชัย,07:00-09:00,หลังโควิด,359.5,395.8333333333333,3
ขัตติยานี,พิชัย,07:00-09:00,โควิด,761.0,761.0,1
ขัตติยานี,พิชัย,09:00-16:00,ก่อนโควิด,493.57142857142856,493.57142857142856,1
ขัตติยานี,พิชัย,09:00-16:00,หลังโควิด,204.42857142857142,204.42857142857142,1
ขัตติยานี,พิชัย,09:00-16:00,โควิด,418.57142857142856,418.57142857142856,1
ขัตติยานี,พิชัย,16:00-19:00,ก่อนโควิด,391.3333333333333,391.3333333333333,1
ขัตติยานี,พิชัย,16:00-19:00,หลังโควิด,187.0,187.0,1
ขัตติยานี,พิชัย,16:00-19:00,โควิด,474.0,474.0,1
ขัตติยานี,สุโขทัย,07:00-09:00,ก่อนโควิด,1912.5,1912.5,1
ขัตติยานี,สุโขทัย,07:00-09:00,หลังโควิด,1247.0,1199.6666666666667,3
ขัตติยานี,สุโขทัย,07:00-09:00,โควิด,2261.5,2261.5,1
ขัตติยานี,สุโขทัย,09:00-16:00,ก่อนโควิด,1584.857142857143,1584.857142857143,1
ขัตติยานี,สุโขทัย,09:00-16:00,หลังโควิด,1321.857142857143,1321.857142857143,1
ขัตติยานี,สุโขทัย,09:00-16:00,โควิด,1886.0,1886.0,1
ขัตติยานี,สุโขทัย,16:00-19:00,ก่อนโควิด,1349.0,1349.0,1
ขัตติยานี,สุโขทัย,16:00-19:00,หลังโควิด,1379.3333333333333,1379.3333333333333,1
ขัตติยานี,สุโขทัย,16:00-19:00,โควิด,1333.0,1333.0,1
คลองตัน,พัฒนาการ,07:00-09:00,ก่อนโควิด,2399.25,2399.25,2
คลองตัน,พัฒนาการ,07:00-09:00,หลังโควิด,5822.25,5822.25,2
คลองตัน,พัฒนาการ,07:00-09:00,โควิด,4122.0,4122.0,1
คลองตัน,พัฒนาการ,09:00-16:00,ก่อนโควิด,2132.714285714286,2132.714285714286,2
คลองตัน,พัฒนาการ,09:00-16:00,หลังโควิด,983.5714285714286,983.5714285714286,1
คลองตัน,พัฒนาการ,09:00-16:00,โควิด,1903.2857142857142,1903.2857142857142,1
คลองตัน,พัฒนาการ,16:00-19:00,ก่อนโควิด,2084.3333333333335,2084.3333333333335,2
คลองตัน,พัฒนาการ,16:00-19:00,หลังโควิด,794.0,794.0,1
คลองตัน,พัฒนาการ,16:00-19:00,โควิด,1919.0,1919.0,1
คลองตัน,รามคำแหง,07:00-09:00,ก่อนโควิด,1878.75,1878.75,2
คลองตัน,รามคำแหง,07:00-09:00,หลังโควิด,3000.0,3000.0,2
คลองตัน,รามคำแหง,07:00-09:00,โควิด,1577.5,1577.5,1
คลองตัน,รามคำแหง,09:00-16:00,ก่อนโควิด,1647.7142857142858,1647.7142857142858,2
คลองตัน,รามคำแหง,09:00-16:00,หลังโควิด,632.5714285714286,632.5714285714286,1
คลองตัน,รามคำแหง,09:00-16:00,โควิด,1081.4285714285713,1081.4285714285713,1
คลองตัน,สุขุมวิท 71,07:00-09:00,ก่อนโควิด,1041.25,1041.25,2
คลองตัน,สุขุมวิท 71,07:00-09:00,หลังโควิด,809.0,809.0,1
คลองตัน,สุขุมวิท 71,07:00-09:00,โควิด,1165.5,1165.5,1
คลองตัน,เพชรบุรี,07:00-09:00,ก่อนโควิด,1691.5,1691.5,2
คลองตัน,เพชรบุรี,07:00-09:00,หลังโควิด,3684.5,3684.5,2
คลองตัน,เพชรบุรี,07:00-09:00,โควิด,1774.5,1774.5,1
คลองตัน,เพชรบุรี,09:00-16:00,ก่อนโควิด,1628.9285714285716,1628.9285714285716,2
คลองตัน,เพชรบุรี,09:00-16:00,หลังโควิด,1185.857142857143,1185.857142857143,1
คลองตัน,เพชรบุรี,09:00-16:00,โควิด,1812.0,1812.0,1
คลองประปา,ประชาชื่น,07:00-09:00,ก่อนโควิด,1266.5,1266.5,1
คลองประปา,ประชาชื่น,07:00-09:00,หลังโควิด,546.5,546.5,1
คลองประปา,ประชาชื่น,07:00-09:00,โควิด,1032.0,1032.0,1
คลองประปา,เลียบคลองประปา,07:00-09:00,ก่อนโควิด,407.5,407.5,1
คลองประปา,เลียบคลองประปา,07:00-09:00,หลังโควิด,955.5,955.5,1
คลองประปา,เลียบคลองประปา,07:00-09:00,โควิด,751.0,751.0,1
คลองประปา,แจ้งวัฒนะ,07:00-09:00,ก่อนโควิด,7820.0,7820.0,1
คลองประปา,แจ้งวัฒนะ,07:00-09:00,หลังโควิด,7929.0,7929.0,1
คลองประปา,แจ้งวัฒนะ,07:00-09:00,โควิด,7202.5,7202.5,1
คลองสาน,ลาดหญ้า,07:00-09:00,ก่อนโควิด,806.0,763.6666666666666,3
คลองสาน,ลาดหญ้า,07:00-09:00,หลังโควิด,653.5,672.375,4
คลองสาน,ลาดหญ้า,07:00-09:00,โควิด,697.0,697.0,1
คลองสาน,ลาดหญ้า,09:00-16:00,ก่อนโควิด,707.7142857142857,659.2380952380953,3
คลองสาน,ลาดหญ้า,09:00-16:00,หลังโควิด,624.7142857142857,624.7142857142857,1
คลองสาน,ลาดหญ้า,09:00-16:00,โควิด,740.8571428571429,740.8571428571429,1
คลองสาน,ลาดหญ้า,16:00-19:00,ก่อนโควิด,592.6666666666666,607.3333333333334,3
คลองสาน,ลาดหญ้า,16:00-19:00,หลังโควิด,465.0,465.0,1
คลองสาน,ลาดหญ้า,16:00-19:00,โควิด,720.3333333333334,720.3333333333334,1
คลองสาน,สมเด็จเจ้าพระยา,07:00-09:00,ก่อนโควิด,590.0,634.5,3
คลองสาน,สมเด็จเจ้าพระยา,07:00-09:00,หลังโควิด,720.25,709.5,4
คลองสาน,สมเด็จเจ้าพระยา,07:00-09:00,โควิด,336.0,336.0,1
คลองสาน,สมเด็จเจ้าพระยา,09:00-16:00,ก่อนโควิด,734.8571428571429,694.2380952380953,3
คลองสาน,สมเด็จเจ้าพระยา,09:00-16:00,หลังโควิด,583.0,583.0,1
คลองสาน,สมเด็จเจ้าพระยา,09:00-16:00,โควิด,461.42857142857144,461.42857142857144,1
คลองสาน,สมเด็จเจ้าพระยา,16:00-19:00,ก่อนโควิด,589.6666666666666,692.1111111111112,3
คลองสาน,สมเด็จเจ้าพระยา,16:00-19:00,หลังโควิด,516.6666666666666,516.6666666666666,1
คลองสาน,สมเด็จเจ้าพระยา,16:00-19:00,โควิด,462.0,462.0,1
คลองสาน,เจริญนคร,07:00-09:00,ก่อนโควิด,951.0,1145.0,3
คลองสาน,เจริญนคร,07:00-09:00,หลังโควิด,1064.25,1062.625,4
คลองสาน,เจริญนคร,07:00-09:00,โควิด,591.5,591.5,1
คลองสาน,เจริญนคร,09:00-16:00,ก่อนโควิด,952.8571428571429,1059.8095238095239,3
คลองสาน,เจริญนคร,09:00-16:00,หลังโควิด,649.8571428571429,649.8571428571429,1
คลองสาน,เจริญนคร,09:00-16:00,โควิด,633.8571428571429,633.8571428571429,1
คลองสาน,เจริญนคร,16:00-19:00,ก่อนโควิด,1123.0,1029.888888888889,3
คลองสาน,เจริญนคร,16:00-19:00,หลังโควิด,791.0,791.0,1
คลองสาน,เจริญนคร,16:00-19:00,โควิด,580.0,580.0,1
คลองเตย,พระรามที่ 4,07:00-09:00,ก่อนโควิด,3386.25,3386.25,2
คลองเตย,พระรามที่ 4,07:00-09:00,หลังโควิด,2829.5,2881.375,4
คลองเตย,พระรามที่ 4,07:00-09:00,โควิด,4121.5,4121.5,1
คลองเตย,พระรามที่ 4,09:00-16:00,ก่อนโควิด,3772.0,3772.0,2
คลองเตย,พระรามที่ 4,09:00-16:00,หลังโควิด,3682.5714285714284,3682.5714285714284,1
คลองเตย,พระรามที่ 4,09:00-16:00,โควิด,4160.142857142857,4160.142857142857,1
คลองเตย,สุนทรโกษา,07:00-09:00,ก่อนโควิด,982.0,982.0,2
คลองเตย,สุนทรโกษา,07:00-09:00,หลังโควิด,735.25,774.125,4
คลองเตย,สุนทรโกษา,07:00-09:00,โควิด,977.5,977.5,1
คลองเตย,สุนทรโกษา,09:00-16:00,ก่อนโควิด,578.7142857142858,578.7142857142858,2
คลองเตย,สุนทรโกษา,09:00-16:00,หลังโควิด,679.8571428571429,679.8571428571429,1
คลองเตย,สุนทรโกษา,09:00-16:00,โควิด,658.4285714285714,658.4285714285714,1
คอกวัว,ตะนาว,07:00-09:00,ก่อนโควิด,1049.5,1049.5,2
คอกวัว,ตะนาว,07:00-09:00,หลังโควิด,892.25,892.25,2
คอกวัว,ตะนาว,07:00-09:00,โควิด,744.0,744.0,1
คอกวัว,ตะนาว,09:00-16:00,ก่อนโควิด,1320.9285714285716,1320.9285714285716,2
คอกวัว,ตะนาว,09:00-16:00,หลังโควิด,1031.857142857143,1031.857142857143,1
คอกวัว,ตะนาว,09:00-16:00,โควิด,854.2857142857143,854.2857142857143,1
คอกวัว,ตะนาว,16:00-19:00,ก่อนโควิด,1393.8333333333335,1393.8333333333335,2
คอกวัว,ตะนาว,16:00-19:00,หลังโควิด,1120.3333333333333,1120.3333333333333,1
คอกวัว,ตะนาว,16:00-19:00,โควิด,1246.3333333333333,1246.3333333333333,1
คอกวัว,ราชดำเนินกลาง,07:00-09:00,ก่อนโควิด,3805.25,3805.25,2
คอกวัว,ราชดำเนินกลาง,07:00-09:00,หลังโควิด,4155.5,4155.5,2
คอกวัว,ราชดำเนินกลาง,07:00-09:00,โควิด,3778.5,3778.5,1
คอกวัว,ราชดำเนินกลาง,09:00-16:00,ก่อนโควิด,4376.357142857143,4376.357142857143,2
คอกวัว,ราชดำเนินกลาง,09:00-16:00,หลังโควิด,5082.714285714285,5082.714285714285,1
คอกวัว,ราชดำเนินกลาง,09:00-16:00,โควิด,4285.857142857143,4285.857142857143,1
คอกวัว,ราชดำเนินกลาง,16:00-19:00,ก่อนโควิด,3675.1666666666665,3675.1666666666665,2
คอกวัว,ราชดำเนินกลาง,16:00-19:00,หลังโควิด,5744.333333333333,5744.333333333333,1
คอกวัว,ราชดำเนินกลาง,16:00-19:00,โควิด,4346.0,4346.0,1
จอมทอง,จอมทอง,07:00-09:00,ก่อนโควิด,1719.0,1719.0,1
จอมทอง,จอมทอง,07:00-09:00,หลังโควิด,544.5,813.5,3
จอมทอง,จอมทอง,07:00-09:00,โควิด,1664.5,1664.5,1
จอมทอง,จอมทอง,09:00-16:00,ก่อนโควิด,1661.857142857143,1661.857142857143,1
จอมทอง,จอมทอง,09:00-16:00,หลังโควิด,1287.5714285714287,1287.5714285714287,1
จอมทอง,จอมทอง,09:00-16:00,โควิด,1421.7142857142858,1421.7142857142858,1
จอมทอง,จอมทอง,16:00-19:00,ก่อนโควิด,1456.0,1456.0,1
จอมทอง,จอมทอง,16:00-19:00,หลังโควิด,1325.0,1325.0,1
จอมทอง,จอมทอง,16:00-19:00,โควิด,1469.6666666666667,1469.6666666666667,1
จอมทอง,วุฒากาศ,07:00-09:00,ก่อนโควิด,761.0,761.0,1
จอมทอง,วุฒากาศ,07:00-09:00,หลังโควิด,397.0,409.6666666666667,3
จอมทอง,วุฒากาศ,07:00-09:00,โควิด,652.0,652.0,1
จอมทอง,วุฒากาศ,09:00-16:00,ก่อนโควิด,646.4285714285714,646.4285714285714,1
จอมทอง,วุฒากาศ,09:00-16:00,หลังโควิด,549.0,549.0,1
จอมทอง,วุฒากาศ,09:00-16:00,โควิด,538.4285714285714,538.4285714285714,1
จอมทอง,วุฒากาศ,16:00-19:00,ก่อนโควิด,632.0,632.0,1
จอมทอง,วุฒากาศ,16:00-19:00,หลังโควิด,696.6666666666666,696.6666666666666,1
จอมทอง,วุฒากาศ,16:00-19:00,โควิด,530.0,530.0,1
จักรพรรดิพงษ์,จักรพรรดิพงษ์,07:00-09:00,ก่อนโควิด,3220.5,3220.5,2
จักรพรรดิพงษ์,จักรพรรดิพงษ์,07:00-09:00,หลังโควิด,2455.0,3979.6666666666665,3
จักรพรรดิพงษ์,จักรพรรดิพงษ์,07:00-09:00,โควิด,3041.5,3041.5,1
จักรพรรดิพงษ์,จักรพรรดิพงษ์,09:00-16:00,ก่อนโควิด,2633.4285714285716,2633.4285714285716,2
จักรพรรดิพงษ์,จักรพรรดิพงษ์,09:00-16:00,หลังโควิด,953.5714285714286,953.5714285714286,1
จักรพรรดิพงษ์,จักรพรรดิพงษ์,09:00-16:00,โควิด,2975.285714285714,2975.285714285714,1
จักรพรรดิพงษ์,จักรพรรดิพงษ์,16:00-19:00,ก่อนโควิด,2172.833333333333,2172.833333333333,2
จักรพรรดิพงษ์,จักรพรรดิพงษ์,16:00-19:00,หลังโควิด,532.0,532.0,1
จักรพรรดิพงษ์,จักรพรรดิพงษ์,16:00-19:00,โควิด,3188.3333333333335,3188.3333333333335,1
จักรพรรดิพงษ์,นครสวรรค์,07:00-09:00,ก่อนโควิด,1049.5,1049.5,2
จักรพรรดิพงษ์,นครสวรรค์,07:00-09:00,หลังโควิด,1809.5,2556.5,3
จักรพรรดิพงษ์,นครสวรรค์,07:00-09:00,โควิด,1415.5,1415.5,1
จักรพรรดิพงษ์,นครสวรรค์,09:00-16:00,ก่อนโควิด,1050.857142857143,1050.857142857143,2
จักรพรรดิพงษ์,นครสวรรค์,09:00-16:00,หลังโควิด,488.42857142857144,488.42857142857144,1
จักรพรรดิพงษ์,นครสวรรค์,09:00-16:00,โควิด,1273.142857142857,1273.142857142857,1
จักรพรรดิพงษ์,นครสวรรค์,16:00-19:00,ก่อนโควิด,1003.6666666666666,1003.6666666666666,2
จักรพรรดิพงษ์,นครสวรรค์,16:00-19:00,หลังโควิด,1432.6666666666667,1432.6666666666667,1
จักรพรรดิพงษ์,นครสวรรค์,16:00-19:00,โควิด,1678.6666666666667,1678.6666666666667,1
จันทน์ - นราธิวาส,จันทน์,07:00-09:00,ก่อนโควิด,1185.5,1185.5,1
จันทน์ - นราธิวาส,จันทน์,07:00-09:00,หลังโควิด,951.0,977.0,3
จันทน์ - นราธิวาส,จันทน์,07:00-09:00,โควิด,942.5,942.5,2
จันทน์ - นราธิวาส,จันทน์,09:00-16:00,ก่อนโควิด,1203.0,1203.0,1
จันทน์ - นราธิวาส,จันทน์,09:00-16:00,หลังโควิด,919.8571428571429,919.8571428571429,1
จันทน์ - นราธิวาส,จันทน์,09:00-16:00,โควิด,944.0714285714286,944.0714285714286,2
จันทน์ - นราธิวาส,จันทน์,16:00-19:00,ก่อนโควิด,1340.6666666666667,1340.6666666666667,1
จันทน์ - นราธิวาส,จันทน์,16:00-19:00,หลังโควิด,1119.3333333333333,1119.3333333333333,1
จันทน์ - นราธิวาส,จันทน์,16:00-19:00,โควิด,917.3333333333334,917.3333333333334,2
จันทน์ - เจริญราษฎร์,จันทน์,07:00-09:00,ก่อนโควิด,1876.75,1876.75,2
จันทน์ - เจริญราษฎร์,จันทน์,07:00-09:00,หลังโควิด,1396.0,1395.6666666666667,3
จันทน์ - เจริญราษฎร์,จันทน์,07:00-09:00,โควิด,2119.0,2119.0,1
จันทน์ - เจริญราษฎร์,เจริญราษฎร์,07:00-09:00,ก่อนโควิด,4777.0,4777.0,1
จันทน์ - เจริญราษฎร์,เจริญราษฎร์,07:00-09:00,หลังโควิด,3464.0,3776.1666666666665,3
จันทน์ - เจริญราษฎร์,เจริญราษฎร์,07:00-09:00,โควิด,2376.5,2376.5,1
ดาวคะนอง,จอมทอง,07:00-09:00,ก่อนโควิด,1106.5,1148.8333333333333,3
ดาวคะนอง,จอมทอง,07:00-09:00,หลังโควิด,860.0,819.3333333333334,3
ดาวคะนอง,จอมทอง,07:00-09:00,โควิด,671.5,671.5,1
ดาวคะนอง,จอมทอง,09:00-16:00,ก่อนโควิด,957.2857142857143,1024.1904761904761,3
ดาวคะนอง,จอมทอง,09:00-16:00,หลังโควิด,735.0,735.0,1
ดาวคะนอง,จอมทอง,09:00-16:00,โควิด,529.8571428571429,529.8571428571429,1
ดาวคะนอง,จอมทอง,16:00-19:00,ก่อนโควิด,891.0,935.0,3
ดาวคะนอง,จอมทอง,16:00-19:00,หลังโควิด,738.0,738.0,1
ดาวคะนอง,จอมทอง,16:00-19:00,โควิด,448.6666666666667,448.6666666666667,1
ดาวคะนอง,สมเด็จพระเจ้าตากสิน,07:00-09:00,ก่อนโควิด,5152.5,4870.5,3
ดาวคะนอง,สมเด็จพระเจ้าตากสิน,07:00-09:00,หลังโควิด,3399.5,3731.0,3
ดาวคะนอง,สมเด็จพระเจ้าตากสิน,07:00-09:00,โควิด,5439.5,5439.5,1
ดาวคะนอง,สมเด็จพระเจ้าตากสิน,09:00-16:00,ก่อนโควิด,4854.142857142857,4847.142857142858,3
ดาวคะนอง,สมเด็จพระเจ้าตากสิน,09:00-16:00,หลังโควิด,4526.0,4526.0,1
ดาวคะนอง,สมเด็จพระเจ้าตากสิน,09:00-16:00,โควิด,4453.857142857143,4453.857142857143,1
ดาวคะนอง,สมเด็จพระเจ้าตากสิน,16:00-19:00,ก่อนโควิด,5199.666666666667,5181.0,3
ดาวคะนอง,สมเด็จพระเจ้าตากสิน,16:00-19:00,หลังโควิด,5105.666666666667,5105.666666666667,1
ดาวคะนอง,สมเด็จพระเจ้าตากสิน,16:00-19:00,โควิด,6216.666666666667,6216.666666666667,1
ด่วนนางลิ้นจี่,นางลิ้นจี่,07:00-09:00,ก่อนโควิด,1492.5,1492.5,1
ด่วนนางลิ้นจี่,นางลิ้นจี่,07:00-09:00,หลังโควิด,1855.5,1855.5,2
ด่วนนางลิ้นจี่,นางลิ้นจี่,07:00-09:00,โควิด,1493.5,1493.5,1
ด่วนนางลิ้นจี่,รัชดาภิเษก,07:00-09:00,ก่อนโควิด,1651.5,1651.5,1
ด่วนนางลิ้นจี่,รัชดาภิเษก,07:00-09:00,หลังโควิด,1702.0,1702.0,2
ด่วนนางลิ้นจี่,รัชดาภิเษก,07:00-09:00,โควิด,1774.5,1774.5,1
ด่วนสาธุ,รัชดาภิเษก,07:00-09:00,ก่อนโควิด,6143.0,6143.0,1
ด่วนสาธุ,รัชดาภิเษก,07:00-09:00,หลังโควิด,5829.0,5829.0,1
ด่วนสาธุ,รัชดาภิเษก,07:00-09:00,โควิด,5260.0,5260.0,1
ด่วนสาธุ,สาธุประดิษฐ์,07:00-09:00,ก่อนโควิด,2124.5,2124.5,1
ด่วนสาธุ,สาธุประดิษฐ์,07:00-09:00,หลังโควิด,1953.5,1953.5,1
ด่วนสาธุ,สาธุประดิษฐ์,07:00-09:00,โควิด,1952.0,1952.0,1
ด่วนเกษมราษฎร์,เกษมราษฎร์,07:00-09:00,ก่อนโควิด,1748.5,1748.5,1
ด่วนเกษมราษฎร์,เกษมราษฎร์,07:00-09:00,หลังโควิด,1712.75,1712.75,2
ด่วนเกษมราษฎร์,เกษมราษฎร์,07:00-09:00,โควิด,1458.0,1458.0,1
ด่วนเพลินจิต,ดวงพิทักษ์,07:00-09:00,ก่อนโควิด,748.0,748.0,1
ด่วนเพลินจิต,ดวงพิทักษ์,07:00-09:00,หลังโควิด,458.5,458.5,1
ด่วนเพลินจิต,ดวงพิทักษ์,07:00-09:00,โควิด,303.0,303.0,1
ด่วนเพลินจิต,สุขุมวิท,07:00-09:00,ก่อนโควิด,2991.5,2991.5,1
ด่วนเพลินจิต,สุขุมวิท,07:00-09:00,หลังโควิด,4264.5,4264.5,1
ด่วนเพลินจิต,สุขุมวิท,07:00-09:00,โควิด,2434.5,2434.5,1
ด่วนเพลินจิต,เพลินจิต,07:00-09:00,ก่อนโควิด,236.0,236.0,1
ด่วนเพลินจิต,เพลินจิต,07:00-09:00,หลังโควิด,1797.25,1797.25,2
ด่วนเพลินจิต,เพลินจิต,07:00-09:00,โควิด,90.5,90.5,1
ตรอกจันทน์,จันทน์,07:00-09:00,ก่อนโควิด,320.0,320.0,1
ตรอกจันทน์,จันทน์,07:00-09:00,หลังโควิด,515.0,515.0,1
ตรอกจันทน์,จันทน์,07:00-09:00,โควิด,294.5,294.5,1
ตรอกจันทน์,เจริญกรุง,07:00-09:00,ก่อนโควิด,1303.0,1303.0,1
ตรอกจันทน์,เจริญกรุง,07:00-09:00,หลังโควิด,892.5,892.5,1
ตรอกจันทน์,เจริญกรุง,07:00-09:00,โควิด,950.0,950.0,1
ตากสิน,กรุงธนบุรี,07:00-09:00,ก่อนโควิด,2667.25,2667.25,2
ตากสิน,กรุงธนบุรี,07:00-09:00,หลังโควิด,2810.5,2810.5,1
ตากสิน,กรุงธนบุรี,07:00-09:00,โควิด,4686.0,4686.0,1
ตากสิน,ราชพฤกษ์,07:00-09:00,ก่อนโควิด,2968.25,2968.25,2
ตากสิน,ราชพฤกษ์,07:00-09:00,หลังโควิด,4398.5,4398.5,1
ตากสิน,ราชพฤกษ์,07:00-09:00,โควิด,4193.5,4193.5,1
ตากสิน,สมเด็จพระเจ้าตากสิน,07:00-09:00,ก่อนโควิด,5044.75,5044.75,2
ตากสิน,สมเด็จพระเจ้าตากสิน,07:00-09:00,หลังโควิด,2554.5,2554.5,1
ตากสิน,สมเด็จพระเจ้าตากสิน,07:00-09:00,โควิด,4165.5,4165.5,1
ถนนตก,พระรามที่ 3,07:00-09:00,ก่อนโควิด,3651.75,3651.75,2
ถนนตก,พระรามที่ 3,07:00-09:00,หลังโควิด,3010.25,3010.25,2
ถนนตก,พระรามที่ 3,07:00-09:00,โควิด,3224.0,3224.0,2
ถนนตก,เจริญกรุง,07:00-09:00,ก่อนโควิด,1173.5,1173.5,2
ถนนตก,เจริญกรุง,07:00-09:00,หลังโควิด,1049.75,1049.75,2
ถนนตก,เจริญกรุง,07:00-09:00,โควิด,1023.5,1023.5,2
ทองหล่อ,สุขุมวิท,07:00-09:00,ก่อนโควิด,1808.75,1808.75,2
ทองหล่อ,สุขุมวิท,07:00-09:00,หลังโควิด,2414.75,2360.125,4
ทองหล่อ,สุขุมวิท,07:00-09:00,โควิด,2204.0,2204.0,1
ทองหล่อ,สุขุมวิท,09:00-16:00,ก่อนโควิด,1793.5714285714287,1793.5714285714287,2
ทองหล่อ,สุขุมวิท,09:00-16:00,หลังโควิด,2532.5714285714284,2532.5714285714284,1
ทองหล่อ,สุขุมวิท,09:00-16:00,โควิด,2393.4285714285716,2393.4285714285716,1
ทองหล่อ,สุขุมวิท,16:00-19:00,ก่อนโควิด,1791.0,1791.0,2
ทองหล่อ,สุขุมวิท,16:00-19:00,หลังโควิด,2926.3333333333335,2926.3333333333335,1
ทองหล่อ,สุขุมวิท,16:00-19:00,โควิด,2436.0,2436.0,1
ทุ่งครุ,ครุใน,07:00-09:00,ก่อนโควิด,339.5,339.5,2
ทุ่งครุ,ครุใน,07:00-09:00,หลังโควิด,174.0,174.0,1
ทุ่งครุ,ครุใน,07:00-09:00,โควิด,282.0,282.0,1
ทุ่งครุ,ประชาอุทิศ,07:00-09:00,ก่อนโควิด,1609.0,1609.0,2
ทุ่งครุ,ประชาอุทิศ,07:00-09:00,หลังโควิด,1138.0,1138.0,1
ทุ่งครุ,ประชาอุทิศ,07:00-09:00,โควิด,1507.0,1507.0,1
ทุ่งสาธิต,สุขุมวิท,07:00-09:00,ก่อนโควิด,2624.5,2624.5,1
ทุ่งสาธิต,สุขุมวิท,07:00-09:00,หลังโควิด,3712.25,3712.25,2
ทุ่งสาธิต,สุขุมวิท,07:00-09:00,โควิด,2867.0,2867.0,1
ท่าดินแดง,ท่าดินแดง,07:00-09:00,ก่อนโควิด,701.25,701.25,2
ท่าดินแดง,ท่าดินแดง,07:00-09:00,หลังโควิด,606.75,606.75,2
ท่าดินแดง,ท่าดินแดง,07:00-09:00,โควิด,671.5,671.5,1
ท่าดินแดง,ท่าดินแดง,09:00-16:00,ก่อนโควิด,687.7857142857143,687.7857142857143,2
ท่าดินแดง,ท่าดินแดง,09:00-16:00,หลังโควิด,572.2857142857143,572.2857142857143,1
ท่าดินแดง,ท่าดินแดง,09:00-16:00,โควิด,553.7142857142857,553.7142857142857,1
ท่าดินแดง,ท่าดินแดง,16:00-19:00,ก่อนโควิด,644.5,644.5,2
ท่าดินแดง,ท่าดินแดง,16:00-19:00,หลังโควิด,623.0,623.0,1
ท่าดินแดง,ท่าดินแดง,16:00-19:00,โควิด,552.0,552.0,1
ท่าดินแดง,สมเด็จเจ้าพระยา,07:00-09:00,ก่อนโควิด,1447.75,1447.75,2
ท่าดินแดง,สมเด็จเจ้าพระยา,07:00-09:00,หลังโควิด,1422.5,1422.5,1
ท่าดินแดง,สมเด็จเจ้าพระยา,07:00-09:00,โควิด,1147.0,1147.0,1
ท่าพระ,จรัญสนิทวงศ์,07:00-09:00,ก่อนโควิด,1451.5,1451.5,1
ท่าพระ,จรัญสนิทวงศ์,07:00-09:00,หลังโควิด,1565.5,1565.5,2
ท่าพระ,จรัญสนิทวงศ์,07:00-09:00,โควิด,1141.0,1141.0,1
ท่าพระ,รัชดาภิเษก,07:00-09:00,ก่อนโควิด,1465.0,1465.0,1
ท่าพระ,รัชดาภิเษก,07:00-09:00,หลังโควิด,2003.75,2003.75,2
ท่าพระ,รัชดาภิเษก,07:00-09:00,โควิด,753.0,753.0,1
ท่าพระ,เพชรเกษม,07:00-09:00,ก่อนโควิด,3955.5,3955.5,1
ท่าพระ,เพชรเกษม,07:00-09:00,หลังโควิด,4174.0,4174.0,2
ท่าพระ,เพชรเกษม,07:00-09:00,โควิด,3075.5,3075.5,1
นวมินทร์ - ประเสริฐมนูกิจ,ประเสริฐมนูกิจ,07:00-09:00,ก่อนโควิด,2517.0,2517.0,1
นวมินทร์ - ประเสริฐมนูกิจ,ประเสริฐมนูกิจ,07:00-09:00,หลังโควิด,3575.0,3575.0,1
นวมินทร์ - ประเสริฐมนูกิจ,ประเสริฐมนูกิจ,07:00-09:00,โควิด,3257.5,3257.5,1
นอร์ธปาร์ค,กำแพงเพชร 6,07:00-09:00,ก่อนโควิด,1139.0,1139.0,1
นอร์ธปาร์ค,กำแพงเพชร 6,07:00-09:00,หลังโควิด,1840.5,1840.5,1
นอร์ธปาร์ค,กำแพงเพชร 6,07:00-09:00,โควิด,1177.5,1177.5,1
นอร์ธปาร์ค,ชิดชน,07:00-09:00,ก่อนโควิด,1300.0,1300.0,1
นอร์ธปาร์ค,ชิดชน,07:00-09:00,หลังโควิด,1612.5,1612.5,1
นอร์ธปาร์ค,ชิดชน,07:00-09:00,โควิด,988.5,988.5,1
นางลิ้นจี่,นางลิ้นจี่,09:00-16:00,ก่อนโควิด,352.0,352.0,1
นางลิ้นจี่,นางลิ้นจี่,09:00-16:00,หลังโควิด,286.0,286.0,1
นางลิ้นจี่,นางลิ้นจี่,09:00-16:00,โควิด,311.7142857142857,311.7142857142857,1
นางลิ้นจี่,พระรามที่ 3,09:00-16:00,ก่อนโควิด,6363.142857142857,6363.142857142857,1
นางลิ้นจี่,พระรามที่ 3,09:00-16:00,หลังโควิด,4126.428571428572,4126.428571428572,1
นางลิ้นจี่,พระรามที่ 3,09:00-16:00,โควิด,4260.285714285715,4260.285714285715,1
นางเลิ้ง,นครสวรรค์,09:00-16:00,ก่อนโควิด,2745.285714285714,2745.285714285714,1
นางเลิ้ง,นครสวรรค์,09:00-16:00,หลังโควิด,2408.5714285714284,2408.5714285714284,1
นางเลิ้ง,นครสวรรค์,09:00-16:00,โควิด,2327.8571428571427,2327.8571428571427,1
นางเลิ้ง,พิษณุโลก,07:00-09:00,ก่อนโควิด,3352.0,3352.0,1
นางเลิ้ง,พิษณุโลก,07:00-09:00,หลังโควิด,2067.0,2067.0,2
นางเลิ้ง,พิษณุโลก,07:00-09:00,โควิด,2535.0,2535.0,1
นางเลิ้ง,พิษณุโลก,09:00-16:00,ก่อนโควิด,2313.1428571428573,2313.1428571428573,1
นางเลิ้ง,พิษณุโลก,09:00-16:00,หลังโควิด,1910.0,1910.0,1
นางเลิ้ง,พิษณุโลก,09:00-16:00,โควิด,1826.4285714285713,1826.4285714285713,1
นางเลิ้ง,พิษณุโลก,16:00-19:00,ก่อนโควิด,2384.0,2384.0,1
นางเลิ้ง,พิษณุโลก,16:00-19:00,หลังโควิด,1924.0,1924.0,1
นางเลิ้ง,พิษณุโลก,16:00-19:00,โควิด,1613.6666666666667,1613.6666666666667,1
นานา,สุขุมวิท,09:00-16:00,ก่อนโควิด,2684.0,2684.0,1
นานา,สุขุมวิท,09:00-16:00,หลังโควิด,1976.857142857143,1976.857142857143,1
นานา,สุขุมวิท,09:00-16:00,โควิด,2600.8571428571427,2600.8571428571427,1
นาหลวง,พุทธบูชา,07:00-09:00,ก่อนโควิด,759.5,759.5,2
นาหลวง,พุทธบูชา,07:00-09:00,หลังโควิด,639.25,639.25,2
นาหลวง,พุทธบูชา,07:00-09:00,โควิด,848.0,848.0,1
นิด้า,ศรีบูรพา,07:00-09:00,ก่อนโควิด,1437.5,1437.5,1
นิด้า,ศรีบูรพา,07:00-09:00,หลังโควิด,1755.5,1738.1666666666667,3
นิด้า,ศรีบูรพา,07:00-09:00,โควิด,1839.0,1839.0,1
นิด้า,เสรีไทย,07:00-09:00,ก่อนโควิด,2345.0,2345.0,1
นิด้า,เสรีไทย,07:00-09:00,หลังโควิด,2696.5,2482.6666666666665,3
นิด้า,เสรีไทย,07:00-09:00,โควิด,2855.25,2855.25,2
บรมราชชนนี,จรัญสนิทวงศ์,07:00-09:00,ก่อนโควิด,3533.0,3533.0,1
บรมราชชนนี,จรัญสนิทวงศ์,07:00-09:00,หลังโควิด,4516.0,4512.166666666667,3
บรมราชชนนี,จรัญสนิทวงศ์,07:00-09:00,โควิด,3600.5,3600.5,1
บรมราชชนนี,บรมราชชนนี,07:00-09:00,ก่อนโควิด,1677.0,1677.0,1
บรมราชชนนี,บรมราชชนนี,07:00-09:00,หลังโควิด,3189.0,3671.875,4
บรมราชชนนี,บรมราชชนนี,07:00-09:00,โควิด,3451.0,3451.0,1
บรมราชชนนี,บรมราชชนนี,09:00-16:00,ก่อนโควิด,2400.285714285714,2400.285714285714,1
บรมราชชนนี,บรมราชชนนี,09:00-16:00,หลังโควิด,1234.142857142857,1234.142857142857,1
บรมราชชนนี,บรมราชชนนี,09:00-16:00,โควิด,3604.1428571428573,3604.1428571428573,1
บรมราชชนนี,บรมราชชนนี,16:00-19:00,ก่อนโควิด,2285.3333333333335,2285.3333333333335,1
บรมราชชนนี,บรมราชชนนี,16:00-19:00,หลังโควิด,1481.0,1481.0,1
บรมราชชนนี,บรมราชชนนี,16:00-19:00,โควิด,4194.333333333333,4194.333333333333,1
บางกระบือ,สามเสน,07:00-09:00,ก่อนโควิด,1460.5,1460.5,1
บางกระบือ,สามเสน,07:00-09:00,หลังโควิด,2563.5,2563.5,2
บางกระบือ,สามเสน,07:00-09:00,โควิด,1418.0,1418.0,2
บางกระบือ,สามเสน,09:00-16:00,ก่อนโควิด,1176.4285714285713,1176.4285714285713,1
บางกระบือ,สามเสน,09:00-16:00,หลังโควิด,564.1428571428571,564.1428571428571,1
บางกระบือ,สามเสน,09:00-16:00,โควิด,1421.857142857143,1421.857142857143,2
บางกระบือ,สามเสน,16:00-19:00,ก่อนโควิด,1145.6666666666667,1145.6666666666667,1
บางกระบือ,สามเสน,16:00-19:00,หลังโควิด,3.0,3.0,1
บางกระบือ,สามเสน,16:00-19:00,โควิด,1466.1666666666667,1466.1666666666667,2
บางกระบือ,อำนวยสงคราม,07:00-09:00,ก่อนโควิด,457.5,457.5,1
บางกระบือ,อำนวยสงคราม,07:00-09:00,หลังโควิด,854.5,854.5,2
บางกระบือ,อำนวยสงคราม,07:00-09:00,โควิด,311.0,311.0,2
บางกระบือ,อำนวยสงคราม,09:00-16:00,ก่อนโควิด,435.14285714285717,435.14285714285717,1
บางกระบือ,อำนวยสงคราม,09:00-16:00,หลังโควิด,141.0,141.0,1
บางกระบือ,อำนวยสงคราม,09:00-16:00,โควิด,397.14285714285717,397.14285714285717,1
บางกระบือ,อำนวยสงคราม,16:00-19:00,ก่อนโควิด,410.6666666666667,410.6666666666667,1
บางกระบือ,อำนวยสงคราม,16:00-19:00,หลังโควิด,961.3333333333334,961.3333333333334,1
บางกระบือ,อำนวยสงคราม,16:00-19:00,โควิด,356.3333333333333,356.3333333333333,2
บางกระบือ,เขียวไข่กา,07:00-09:00,ก่อนโควิด,207.0,207.0,1
บางกระบือ,เขียวไข่กา,07:00-09:00,หลังโควิด,134.0,134.0,2
บางกระบือ,เขียวไข่กา,07:00-09:00,โควิด,144.25,144.25,2
บางกระบือ,เขียวไข่กา,09:00-16:00,ก่อนโควิด,40.0,40.0,1
บางกระบือ,เขียวไข่กา,09:00-16:00,หลังโควิด,2.7142857142857144,2.7142857142857144,1
บางกระบือ,เขียวไข่กา,09:00-16:00,โควิด,38.214285714285715,38.214285714285715,2
บางกระบือ,เขียวไข่กา,16:00-19:00,ก่อนโควิด,157.33333333333334,157.33333333333334,1
บางกระบือ,เขียวไข่กา,16:00-19:00,หลังโควิด,178.33333333333334,178.33333333333334,1
บางกระบือ,เขียวไข่กา,16:00-19:00,โควิด,61.333333333333336,61.333333333333336,2
บางกะปิ,พ่วงศิริ,07:00-09:00,ก่อนโควิด,472.0,472.0,1
บางกะปิ,พ่วงศิริ,07:00-09:00,หลังโควิด,391.5,391.5,1
บางกะปิ,พ่วงศิริ,07:00-09:00,โควิด,575.5,575.5,1
บางกะปิ,ลาดพร้าว,07:00-09:00,ก่อนโควิด,885.0,885.0,1
บางกะปิ,ลาดพร้าว,07:00-09:00,หลังโควิด,733.5,733.5,1
บางกะปิ,ลาดพร้าว,07:00-09:00,โควิด,848.0,848.0,1
บางกะปิ,เสรีไทย,07:00-09:00,ก่อนโควิด,1286.5,1286.5,1
บางกะปิ,เสรีไทย,07:00-09:00,หลังโควิด,639.0,639.0,1
บางกะปิ,เสรีไทย,07:00-09:00,โควิด,785.0,785.0,1
บางขุนนนท์,จรัญสนิทวงศ์,07:00-09:00,ก่อนโควิด,2100.5,2100.5,2
บางขุนนนท์,จรัญสนิทวงศ์,07:00-09:00,หลังโควิด,2893.0,2834.1666666666665,3
บางขุนนนท์,จรัญสนิทวงศ์,07:00-09:00,โควิด,3054.0,3054.0,2
บางขุนนนท์,บางกอกน้อยตลิ่งชัน,07:00-09:00,ก่อนโควิด,692.0,692.0,1
บางขุนนนท์,บางกอกน้อยตลิ่งชัน,07:00-09:00,หลังโควิด,1007.5,1007.5,1
บางขุนนนท์,บางกอกน้อยตลิ่งชัน,07:00-09:00,โควิด,639.5,639.5,1
บางชัน,เสรีไทย,07:00-09:00,ก่อนโควิด,3532.5,3532.5,1
บางชัน,เสรีไทย,07:00-09:00,หลังโควิด,3584.5,3584.5,1
บางชัน,เสรีไทย,07:00-09:00,โควิด,2998.5,2998.5,1
บางบอน 5,บางบอน 5,07:00-09:00,ก่อนโควิด,1093.5,1093.5,1
บางบอน 5,บางบอน 5,07:00-09:00,หลังโควิด,1044.5,1044.5,1
บางบอน 5,บางบอน 5,07:00-09:00,โควิด,1596.0,1596.0,1
บางบอน 5,บางบอน 5,09:00-16:00,ก่อนโควิด,923.1428571428571,923.1428571428571,1
บางบอน 5,บางบอน 5,09:00-16:00,หลังโควิด,803.8571428571429,803.8571428571429,1
บางบอน 5,บางบอน 5,09:00-16:00,โควิด,1279.5714285714287,1279.5714285714287,1
บางบอน 5,บางบอน 5,16:00-19:00,ก่อนโควิด,979.3333333333334,979.3333333333334,1
บางบอน 5,บางบอน 5,16:00-19:00,หลังโควิด,895.0,895.0,1
บางบอน 5,บางบอน 5,16:00-19:00,โควิด,1239.3333333333333,1239.3333333333333,1
บางบอน 5,เอกชัย,07:00-09:00,ก่อนโควิด,4133.5,4133.5,1
บางบอน 5,เอกชัย,07:00-09:00,หลังโควิด,3599.0,3599.0,1
บางบอน 5,เอกชัย,07:00-09:00,โควิด,3228.0,3228.0,1
บางบอน 5,เอกชัย,09:00-16:00,ก่อนโควิด,3588.5714285714284,3588.5714285714284,1
บางบอน 5,เอกชัย,09:00-16:00,หลังโควิด,3621.285714285714,3621.285714285714,1
บางบอน 5,เอกชัย,09:00-16:00,โควิด,3308.285714285714,3308.285714285714,1
บางบอน 5,เอกชัย,16:00-19:00,ก่อนโควิด,3557.0,3557.0,1
บางบอน 5,เอกชัย,16:00-19:00,หลังโควิด,4312.666666666667,4312.666666666667,1
บางบอน 5,เอกชัย,16:00-19:00,โควิด,3728.3333333333335,3728.3333333333335,1
บางพลัด,จรัญสนิทวงศ์,07:00-09:00,ก่อนโควิด,3447.5,3447.5,2
บางพลัด,จรัญสนิทวงศ์,07:00-09:00,หลังโควิด,4493.0,4401.0,3
บางพลัด,จรัญสนิทวงศ์,07:00-09:00,โควิด,3754.0,3754.0,1
บางพลัด,ราชวิถี,07:00-09:00,ก่อนโควิด,1919.5,1919.5,2
บางพลัด,ราชวิถี,07:00-09:00,หลังโควิด,987.0,1099.1666666666667,3
บางพลัด,ราชวิถี,07:00-09:00,โควิด,1056.5,1056.5,1
บางพลัด,สิรินธร,07:00-09:00,ก่อนโควิด,3009.25,3009.25,2
บางพลัด,สิรินธร,07:00-09:00,หลังโควิด,1735.0,1839.8333333333333,3
บางพลัด,สิรินธร,07:00-09:00,โควิด,3185.0,3185.0,1
บางยี่เรือ,อินทรพิทักษ์,07:00-09:00,ก่อนโควิด,1327.75,1327.75,2
บางยี่เรือ,อินทรพิทักษ์,07:00-09:00,หลังโควิด,734.5,899.3333333333334,3
บางยี่เรือ,อินทรพิทักษ์,07:00-09:00,โควิด,867.0,867.0,1
บางยี่เรือ,อินทรพิทักษ์,09:00-16:00,ก่อนโควิด,1399.4285714285716,1399.4285714285716,2
บางยี่เรือ,อินทรพิทักษ์,09:00-16:00,หลังโควิด,1392.142857142857,1392.142857142857,1
บางยี่เรือ,อินทรพิทักษ์,09:00-16:00,โควิด,0.0,0.0,1
บางยี่เรือ,อินทรพิทักษ์,16:00-19:00,ก่อนโควิด,1946.0,1946.0,2
บางยี่เรือ,อินทรพิทักษ์,16:00-19:00,หลังโควิด,1537.3333333333333,1537.3333333333333,1
บางยี่เรือ,อินทรพิทักษ์,16:00-19:00,โควิด,0.0,0.0,1
บางยี่เรือ,เทอดไท,07:00-09:00,ก่อนโควิด,733.0,733.0,2
บางยี่เรือ,เทอดไท,07:00-09:00,หลังโควิด,504.5,582.0,3
บางยี่เรือ,เทอดไท,07:00-09:00,โควิด,887.0,887.0,2
บางยี่เรือ,เทอดไท,09:00-16:00,ก่อนโควิด,570.3571428571429,570.3571428571429,2
บางยี่เรือ,เทอดไท,09:00-16:00,หลังโควิด,435.0,435.0,1
บางยี่เรือ,เทอดไท,09:00-16:00,โควิด,884.7857142857142,884.7857142857142,2
บางยี่เรือ,เทอดไท,16:00-19:00,ก่อนโควิด,455.5,455.5,2
บางยี่เรือ,เทอดไท,16:00-19:00,หลังโควิด,322.0,322.0,1
บางยี่เรือ,เทอดไท,16:00-19:00,โควิด,868.5,868.5,2
บางยี่เรือ,เพชรเกษม,07:00-09:00,ก่อนโควิด,1967.75,1967.75,2
บางยี่เรือ,เพชรเกษม,07:00-09:00,หลังโควิด,1393.5,1325.8333333333333,3
บางยี่เรือ,เพชรเกษม,07:00-09:00,โควิด,2033.0,2033.0,1
บางยี่เรือ,เพชรเกษม,09:00-16:00,ก่อนโควิด,1289.857142857143,1289.857142857143,2
บางยี่เรือ,เพชรเกษม,09:00-16:00,หลังโควิด,1425.2857142857142,1425.2857142857142,1
บางยี่เรือ,เพชรเกษม,09:00-16:00,โควิด,1395.5714285714287,1395.5714285714287,1
บางยี่เรือ,เพชรเกษม,16:00-19:00,ก่อนโควิด,687.5,687.5,2
บางยี่เรือ,เพชรเกษม,16:00-19:00,หลังโควิด,1142.6666666666667,1142.6666666666667,1
บางยี่เรือ,เพชรเกษม,16:00-19:00,โควิด,1271.6666666666667,1271.6666666666667,1
บางรัก,สีลม,07:00-09:00,ก่อนโควิด,676.0,676.0,1
บางรัก,สีลม,07:00-09:00,หลังโควิด,710.5,683.8333333333334,3
บางรัก,สีลม,07:00-09:00,โควิด,616.5,616.5,2
บางรัก,สีลม,09:00-16:00,ก่อนโควิด,492.42857142857144,492.42857142857144,1
บางรัก,สีลม,09:00-16:00,หลังโควิด,708.8571428571429,708.8571428571429,1
บางรัก,สีลม,09:00-16:00,โควิด,607.8571428571429,607.8571428571429,2
บางรัก,สีลม,16:00-19:00,ก่อนโควิด,514.0,514.0,1
บางรัก,สีลม,16:00-19:00,หลังโควิด,574.0,574.0,1
บางรัก,สีลม,16:00-19:00,โควิด,535.3333333333334,535.3333333333334,2
บางรัก,เจริญกรุง,07:00-09:00,ก่อนโควิด,1483.5,1483.5,1
บางรัก,เจริญกรุง,07:00-09:00,หลังโควิด,1536.5,1384.6666666666667,3
บางรัก,เจริญกรุง,07:00-09:00,โควิด,1266.5,1266.5,2
บางรัก,เจริญกรุง,09:00-16:00,ก่อนโควิด,1395.7142857142858,1395.7142857142858,1
บางรัก,เจริญกรุง,09:00-16:00,หลังโควิด,1218.5714285714287,1218.5714285714287,1
บางรัก,เจริญกรุง,09:00-16:00,โควิด,1323.642857142857,1323.642857142857,2
บางรัก,เจริญกรุง,16:00-19:00,ก่อนโควิด,1323.3333333333333,1323.3333333333333,1
บางรัก,เจริญกรุง,16:00-19:00,หลังโควิด,1330.3333333333333,1330.3333333333333,1
บางรัก,เจริญกรุง,16:00-19:00,โควิด,1255.0,1255.0,2
บางลำพู,สามเสน,07:00-09:00,ก่อนโควิด,924.0,924.0,1
บางลำพู,สามเสน,07:00-09:00,หลังโควิด,520.0,639.5,3
บางลำพู,สามเสน,07:00-09:00,โควิด,798.5,798.5,1
บางลำพู,สามเสน,09:00-16:00,ก่อนโควิด,1247.7142857142858,1247.7142857142858,1
บางลำพู,สามเสน,09:00-16:00,หลังโควิด,742.2857142857143,742.2857142857143,1
บางลำพู,สามเสน,09:00-16:00,โควิด,1013.5714285714286,1013.5714285714286,1
บางลำพู,สามเสน,16:00-19:00,ก่อนโควิด,1188.6666666666667,1188.6666666666667,1
บางลำพู,สามเสน,16:00-19:00,หลังโควิด,888.6666666666666,888.6666666666666,1
บางลำพู,สามเสน,16:00-19:00,โควิด,996.6666666666666,996.6666666666666,1
บางแค,บางแค,07:00-09:00,ก่อนโควิด,369.5,369.5,1
บางแค,บางแค,07:00-09:00,หลังโควิด,380.5,384.1666666666667,3
บางแค,บางแค,07:00-09:00,โควิด,255.0,255.0,1
บางแค,บางแค,09:00-16:00,ก่อนโควิด,396.42857142857144,396.42857142857144,1
บางแค,บางแค,09:00-16:00,หลังโควิด,323.85714285714283,323.85714285714283,1
บางแค,บางแค,09:00-16:00,โควิด,482.7142857142857,482.7142857142857,1
บางแค,บางแค,16:00-19:00,ก่อนโควิด,540.0,540.0,1
บางแค,บางแค,16:00-19:00,หลังโควิด,326.3333333333333,326.3333333333333,1
บางแค,บางแค,16:00-19:00,โควิด,539.3333333333334,539.3333333333334,1
บางแค,เพชรเกษม,07:00-09:00,ก่อนโควิด,4824.0,4824.0,1
บางแค,เพชรเกษม,07:00-09:00,หลังโควิด,4658.0,4619.666666666667,3
บางแค,เพชรเกษม,07:00-09:00,โควิด,5092.0,5092.0,1
บางแค,เพชรเกษม,09:00-16:00,ก่อนโควิด,4273.714285714285,4273.714285714285,1
บางแค,เพชรเกษม,09:00-16:00,หลังโควิด,4306.857142857143,4306.857142857143,1
บางแค,เพชรเกษม,09:00-16:00,โควิด,4201.428571428572,4201.428571428572,1
บางแค,เพชรเกษม,16:00-19:00,ก่อนโควิด,5081.333333333333,5081.333333333333,1
บางแค,เพชรเกษม,16:00-19:00,หลังโควิด,4193.333333333333,4193.333333333333,1
บางแค,เพชรเกษม,16:00-19:00,โควิด,4146.333333333333,4146.333333333333,1
บางโพ,ประชาราษฎร์สาย 1,07:00-09:00,ก่อนโควิด,3176.0,3176.0,1
บางโพ,ประชาราษฎร์สาย 1,07:00-09:00,หลังโควิด,2513.5,2513.5,2
บางโพ,ประชาราษฎร์สาย 1,07:00-09:00,โควิด,1838.5,1838.5,2
บางโพ,ประชาราษฎร์สาย 2,07:00-09:00,ก่อนโควิด,461.0,461.0,1
บางโพ,ประชาราษฎร์สาย 2,07:00-09:00,หลังโควิด,777.25,777.25,2
บางโพ,ประชาราษฎร์สาย 2,07:00-09:00,โควิด,692.5,692.5,2
บุคคโล,มไหสวรรย์,07:00-09:00,ก่อนโควิด,2660.0,2660.0,2
บุคคโล,มไหสวรรย์,07:00-09:00,หลังโควิด,2161.0,2039.5,3
บุคคโล,มไหสวรรย์,07:00-09:00,โควิด,1272.0,1272.0,1
บุคคโล,เจริญนคร,07:00-09:00,ก่อนโควิด,3265.0,3265.0,2
บุคคโล,เจริญนคร,07:00-09:00,หลังโควิด,3020.5,3047.3333333333335,3
บุคคโล,เจริญนคร,07:00-09:00,โควิด,2773.0,2773.0,1
บ้านแขก,ประชาธิปก,09:00-16:00,ก่อนโควิด,5042.857142857143,5042.857142857143,1
บ้านแขก,ประชาธิปก,09:00-16:00,หลังโควิด,3546.4285714285716,3546.4285714285716,1
บ้านแขก,ประชาธิปก,09:00-16:00,โควิด,3583.214285714286,3583.214285714286,2
บ้านแขก,อิสรภาพ,09:00-16:00,ก่อนโควิด,1099.5714285714287,1099.5714285714287,1
บ้านแขก,อิสรภาพ,09:00-16:00,หลังโควิด,983.0,983.0,1
บ้านแขก,อิสรภาพ,09:00-16:00,โควิด,917.0,917.0,2
ปทุมวัน,พญาไท,07:00-09:00,ก่อนโควิด,3154.25,3154.25,2
ปทุมวัน,พญาไท,07:00-09:00,หลังโควิด,2914.5,2922.1666666666665,3
ปทุมวัน,พญาไท,07:00-09:00,โควิด,2295.5,2295.5,1
ปทุมวัน,พระรามที่ 1,07:00-09:00,ก่อนโควิด,2670.25,2670.25,2
ปทุมวัน,พระรามที่ 1,07:00-09:00,หลังโควิด,2298.5,2215.1666666666665,3
ปทุมวัน,พระรามที่ 1,07:00-09:00,โควิด,1515.5,1515.5,1
ประชาชื่น,ประชาชื่น,07:00-09:00,ก่อนโควิด,1878.5,1878.5,1
ประชาชื่น,ประชาชื่น,07:00-09:00,หลังโควิด,1483.0,1483.0,1
ประชาชื่น,ประชาชื่น,07:00-09:00,โควิด,1323.25,1323.25,2
ประชาชื่น,ประชาราษฎร์สาย 2,07:00-09:00,ก่อนโควิด,2394.0,2394.0,1
ประชาชื่น,ประชาราษฎร์สาย 2,07:00-09:00,หลังโควิด,2044.5,2044.5,1
ประชาชื่น,ประชาราษฎร์สาย 2,07:00-09:00,โควิด,1588.0,1588.0,1
ประชาธรรม,ประชาอุทิศ,07:00-09:00,ก่อนโควิด,1321.0,1321.0,2
ประชาธรรม,ประชาอุทิศ,07:00-09:00,หลังโควิด,975.5,975.5,1
ประชาธรรม,ประชาอุทิศ,07:00-09:00,โควิด,1582.5,1582.5,1
ประชาธรรม,ประดิษฐ์มนูธรรม,07:00-09:00,ก่อนโควิด,4766.0,4766.0,2
ประชาธรรม,ประดิษฐ์มนูธรรม,07:00-09:00,หลังโควิด,3935.5,3935.5,1
ประชาธรรม,ประดิษฐ์มนูธรรม,07:00-09:00,โควิด,4683.5,4683.5,1
ประชานิเวศน์,ประชาชื่น,07:00-09:00,ก่อนโควิด,1806.5,1869.0,3
ประชานิเวศน์,ประชาชื่น,07:00-09:00,หลังโควิด,1764.5,1764.5,1
ประชานิเวศน์,ประชาชื่น,07:00-09:00,โควิด,2368.0,2368.0,1
ประชานิเวศน์,เทศบาลสงเคราะห์,07:00-09:00,ก่อนโควิด,656.5,598.1666666666666,3
ประชานิเวศน์,เทศบาลสงเคราะห์,07:00-09:00,หลังโควิด,751.0,751.0,1
ประชานิเวศน์,เทศบาลสงเคราะห์,07:00-09:00,โควิด,400.0,400.0,1
ประชาสงเคราะห์,ดินแดง,07:00-09:00,ก่อนโควิด,1980.5,1980.5,2
ประชาสงเคราะห์,ดินแดง,07:00-09:00,หลังโควิด,2401.25,2401.25,2
ประชาสงเคราะห์,ดินแดง,07:00-09:00,โควิด,3408.0,3408.0,1
ประชาสงเคราะห์,ประชาสงเคราะห์,07:00-09:00,ก่อนโควิด,1096.5,1096.5,2
ประชาสงเคราะห์,ประชาสงเคราะห์,07:00-09:00,หลังโควิด,1197.75,1197.75,2
ประชาสงเคราะห์,ประชาสงเคราะห์,07:00-09:00,โควิด,1019.5,1019.5,1
ประชาอุทิศ,ประชาอุทิศ,07:00-09:00,ก่อนโควิด,1541.5,1539.6666666666667,3
ประชาอุทิศ,ประชาอุทิศ,07:00-09:00,หลังโควิด,1216.5,1394.125,4
ประชาอุทิศ,ประชาอุทิศ,07:00-09:00,โควิด,1727.5,1727.5,2
ประชาอุทิศ,ประชาอุทิศ,09:00-16:00,ก่อนโควิด,1366.4285714285713,1273.7142857142856,3
ประชาอุทิศ,ประชาอุทิศ,09:00-16:00,หลังโควิด,1449.2857142857142,1449.2857142857142,2
ประชาอุทิศ,ประชาอุทิศ,09:00-16:00,โควิด,1386.2142857142858,1386.2142857142858,2
ประชาอุทิศ,ประชาอุทิศ,16:00-19:00,ก่อนโควิด,1346.6666666666667,1293.111111111111,3
ประชาอุทิศ,ประชาอุทิศ,16:00-19:00,หลังโควิด,1356.1666666666667,1356.1666666666667,2
ประชาอุทิศ,ประชาอุทิศ,16:00-19:00,โควิด,1390.3333333333335,1390.3333333333335,2
ประชาอุทิศ,สุขสวัสดิ์,07:00-09:00,ก่อนโควิด,4446.0,4446.0,1
ประชาอุทิศ,สุขสวัสดิ์,07:00-09:00,หลังโควิด,3299.75,3299.75,2
ประชาอุทิศ,สุขสวัสดิ์,07:00-09:00,โควิด,4588.0,4588.0,1
ประชาอุทิศ,สุขสวัสดิ์,09:00-16:00,ก่อนโควิด,2391.8571428571427,2391.8571428571427,1
ประชาอุทิศ,สุขสวัสดิ์,09:00-16:00,หลังโควิด,3687.4285714285716,3687.4285714285716,1
ประชาอุทิศ,สุขสวัสดิ์,09:00-16:00,โควิด,4058.5714285714284,4058.5714285714284,1
ประชาอุทิศ,สุขสวัสดิ์,16:00-19:00,ก่อนโควิด,5184.333333333333,5184.333333333333,1
ประชาอุทิศ,สุขสวัสดิ์,16:00-19:00,หลังโควิด,4180.666666666667,4180.666666666667,1
ประชาอุทิศ,สุขสวัสดิ์,16:00-19:00,โควิด,4226.666666666667,4226.666666666667,1
ประชาอุทิศ,เทียมร่วมมิตร,07:00-09:00,ก่อนโควิด,1022.0,1022.0,1
ประชาอุทิศ,เทียมร่วมมิตร,07:00-09:00,หลังโควิด,1330.25,1330.25,2
ประชาอุทิศ,เทียมร่วมมิตร,07:00-09:00,โควิด,1673.0,1673.0,1
ประชาอุทิศ,เทียมร่วมมิตร,09:00-16:00,ก่อนโควิด,1313.7142857142858,1313.7142857142858,1
ประชาอุทิศ,เทียมร่วมมิตร,09:00-16:00,หลังโควิด,1465.142857142857,1465.142857142857,1
ประชาอุทิศ,เทียมร่วมมิตร,09:00-16:00,โควิด,1514.2857142857142,1514.2857142857142,1
ประชาอุทิศ,เทียมร่วมมิตร,16:00-19:00,ก่อนโควิด,1384.6666666666667,1384.6666666666667,1
ประชาอุทิศ,เทียมร่วมมิตร,16:00-19:00,หลังโควิด,1560.3333333333333,1560.3333333333333,1
ประชาอุทิศ,เทียมร่วมมิตร,16:00-19:00,โควิด,1776.3333333333333,1776.3333333333333,1
ประชาเกษม,กรุงเกษม,07:00-09:00,ก่อนโควิด,791.0,791.0,1
ประชาเกษม,กรุงเกษม,07:00-09:00,หลังโควิด,615.25,615.25,2
ประชาเกษม,กรุงเกษม,07:00-09:00,โควิด,575.0,575.0,1
ประชาเกษม,นครราชสีมา,07:00-09:00,ก่อนโควิด,261.5,261.5,1
ประชาเกษม,นครราชสีมา,07:00-09:00,หลังโควิด,266.75,266.75,2
ประชาเกษม,นครราชสีมา,07:00-09:00,โควิด,273.5,273.5,1
ประชาเกษม,ประชาธิปไตย,07:00-09:00,ก่อนโควิด,2075.0,2075.0,1
ประชาเกษม,ประชาธิปไตย,07:00-09:00,หลังโควิด,1571.0,1571.0,2
ประชาเกษม,ประชาธิปไตย,07:00-09:00,โควิด,1957.0,1957.0,1
ประดิพัทธ์,พระรามที่ 6,07:00-09:00,ก่อนโควิด,3246.0,3246.0,1
ประดิพัทธ์,พระรามที่ 6,07:00-09:00,หลังโควิด,2067.75,2067.75,2
ประดิพัทธ์,พระรามที่ 6,07:00-09:00,โควิด,1733.5,1733.5,2
ประตูน้ำ,ราชดำริ,07:00-09:00,ก่อนโควิด,2157.0,2157.0,1
ประตูน้ำ,ราชดำริ,07:00-09:00,หลังโควิด,1327.0,1375.625,4
ประตูน้ำ,ราชดำริ,07:00-09:00,โควิด,1679.5,1679.5,1
ประตูน้ำ,ราชดำริ,09:00-16:00,ก่อนโควิด,1870.142857142857,1870.142857142857,1
ประตูน้ำ,ราชดำริ,09:00-16:00,หลังโควิด,1366.2857142857142,1366.2857142857142,1
ประตูน้ำ,ราชดำริ,09:00-16:00,โควิด,1639.0,1639.0,1
ประตูน้ำ,ราชดำริ,16:00-19:00,ก่อนโควิด,1892.0,1892.0,1
ประตูน้ำ,ราชดำริ,16:00-19:00,หลังโควิด,1588.0,1588.0,1
ประตูน้ำ,ราชดำริ,16:00-19:00,โควิด,1823.0,1823.0,1
ประตูน้ำ,ราชปรารภ,07:00-09:00,ก่อนโควิด,928.0,928.0,1
ประตูน้ำ,ราชปรารภ,07:00-09:00,หลังโควิด,598.0,556.625,4
ประตูน้ำ,ราชปรารภ,07:00-09:00,โควิด,937.0,937.0,1
ประตูน้ำ,ราชปรารภ,09:00-16:00,ก่อนโควิด,150.42857142857142,150.42857142857142,1
ประตูน้ำ,ราชปรารภ,09:00-16:00,หลังโควิด,121.14285714285714,121.14285714285714,1
ประตูน้ำ,ราชปรารภ,09:00-16:00,โควิด,153.85714285714286,153.85714285714286,1
ประตูน้ำ,ราชปรารภ,16:00-19:00,ก่อนโควิด,84.33333333333333,84.33333333333333,1
ประตูน้ำ,ราชปรารภ,16:00-19:00,หลังโควิด,78.33333333333333,78.33333333333333,1
ประตูน้ำ,ราชปรารภ,16:00-19:00,โควิด,69.33333333333333,69.33333333333333,1
ประตูน้ำ,เพชรบุรี,07:00-09:00,ก่อนโควิด,3247.0,3247.0,1
ประตูน้ำ,เพชรบุรี,07:00-09:00,หลังโควิด,2701.0,2659.875,4
ประตูน้ำ,เพชรบุรี,07:00-09:00,โควิด,3969.0,3969.0,1
ประตูน้ำ,เพชรบุรี,09:00-16:00,ก่อนโควิด,2928.714285714286,2928.714285714286,1
ประตูน้ำ,เพชรบุรี,09:00-16:00,หลังโควิด,3717.5714285714284,3717.5714285714284,1
ประตูน้ำ,เพชรบุรี,09:00-16:00,โควิด,3340.4285714285716,3340.4285714285716,1
ประตูน้ำ,เพชรบุรี,16:00-19:00,ก่อนโควิด,2710.3333333333335,2710.3333333333335,1
ประตูน้ำ,เพชรบุรี,16:00-19:00,หลังโควิด,3776.6666666666665,3776.6666666666665,1
ประตูน้ำ,เพชรบุรี,16:00-19:00,โควิด,3520.3333333333335,3520.3333333333335,1
ประเสริฐมนูกิจ - ประดิษฐ์มนูธรรม,ประดิษฐ์มนูธรรม,07:00-09:00,ก่อนโควิด,7003.75,7003.75,2
ประเสริฐมนูกิจ - ประดิษฐ์มนูธรรม,ประดิษฐ์มนูธรรม,07:00-09:00,หลังโควิด,7116.75,7116.75,2
ประเสริฐมนูกิจ - ประดิษฐ์มนูธรรม,ประดิษฐ์มนูธรรม,07:00-09:00,โควิด,7818.0,7818.0,1
ประเสริฐมนูกิจ - ประดิษฐ์มนูธรรม,ประเสริฐมนูกิจ,07:00-09:00,ก่อนโควิด,5857.5,5857.5,2
ประเสริฐมนูกิจ - ประดิษฐ์มนูธรรม,ประเสริฐมนูกิจ,07:00-09:00,หลังโควิด,6596.25,6596.25,2
ประเสริฐมนูกิจ - ประดิษฐ์มนูธรรม,ประเสริฐมนูกิจ,07:00-09:00,โควิด,6239.5,6239.5,1
ประเสริฐมนูกิจ - ลาดปลาเค้า,ประเสริฐมนูกิจ,07:00-09:00,ก่อนโควิด,8399.0,8399.0,1
ประเสริฐมนูกิจ - ลาดปลาเค้า,ประเสริฐมนูกิจ,07:00-09:00,หลังโควิด,6419.5,6419.5,1
ประเสริฐมนูกิจ - ลาดปลาเค้า,ประเสริฐมนูกิจ,07:00-09:00,โควิด,7860.0,7860.0,1
ประเสริฐมนูกิจ - ลาดปลาเค้า,ลาดปลาเค้า,07:00-09:00,ก่อนโควิด,2109.0,2109.0,1
ประเสริฐมนูกิจ - ลาดปลาเค้า,ลาดปลาเค้า,07:00-09:00,หลังโควิด,1776.0,1776.0,1
ประเสริฐมนูกิจ - ลาดปลาเค้า,ลาดปลาเค้า,07:00-09:00,โควิด,1703.0,1703.0,1
ปากทางลาดพร้าว,พหลโยธิน,07:00-09:00,ก่อนโควิด,6329.0,6329.0,1
ปากทางลาดพร้าว,พหลโยธิน,07:00-09:00,หลังโควิด,3856.5,3856.5,1
ปากทางลาดพร้าว,พหลโยธิน,07:00-09:00,โควิด,4135.0,4135.0,1
ปากทางลาดพร้าว,พหลโยธิน,09:00-16:00,ก่อนโควิด,5221.285714285715,5221.285714285715,1
ปากทางลาดพร้าว,พหลโยธิน,09:00-16:00,หลังโควิด,3662.5714285714284,3662.5714285714284,1
ปากทางลาดพร้าว,พหลโยธิน,09:00-16:00,โควิด,3905.1428571428573,3905.1428571428573,1
ปากทางลาดพร้าว,พหลโยธิน,16:00-19:00,ก่อนโควิด,4467.666666666667,4467.666666666667,1
ปากทางลาดพร้าว,พหลโยธิน,16:00-19:00,หลังโควิด,3635.3333333333335,3635.3333333333335,1
ปากทางลาดพร้าว,พหลโยธิน,16:00-19:00,โควิด,3793.6666666666665,3793.6666666666665,1
ปากทางลาดพร้าว,ลาดพร้าว,07:00-09:00,ก่อนโควิด,1737.0,1737.0,1
ปากทางลาดพร้าว,ลาดพร้าว,07:00-09:00,หลังโควิด,1504.5,1504.5,1
ปากทางลาดพร้าว,ลาดพร้าว,07:00-09:00,โควิด,1707.0,1707.0,1
ปากทางลาดพร้าว,ลาดพร้าว,09:00-16:00,ก่อนโควิด,1904.142857142857,1904.142857142857,1
ปากทางลาดพร้าว,ลาดพร้าว,09:00-16:00,หลังโควิด,1270.2857142857142,1270.2857142857142,1
ปากทางลาดพร้าว,ลาดพร้าว,09:00-16:00,โควิด,1992.7142857142858,1992.7142857142858,1
ปากทางลาดพร้าว,ลาดพร้าว,16:00-19:00,ก่อนโควิด,1996.3333333333333,1996.3333333333333,1
ปากทางลาดพร้าว,ลาดพร้าว,16:00-19:00,หลังโควิด,1284.3333333333333,1284.3333333333333,1
ปากทางลาดพร้าว,ลาดพร้าว,16:00-19:00,โควิด,2438.0,2438.0,1
ป้อมมหากาฬ,พระสุเมรุ,09:00-16:00,ก่อนโควิด,680.1428571428571,680.1428571428571,1
ป้อมมหากาฬ,พระสุเมรุ,09:00-16:00,หลังโควิด,403.85714285714283,403.85714285714283,1
ป้อมมหากาฬ,พระสุเมรุ,09:00-16:00,โควิด,409.7142857142857,409.7142857142857,1
ป้อมมหากาฬ,มหาไชย,07:00-09:00,ก่อนโควิด,964.0,964.0,1
ป้อมมหากาฬ,มหาไชย,07:00-09:00,หลังโควิด,835.0,835.0,1
ป้อมมหากาฬ,มหาไชย,07:00-09:00,โควิด,1059.0,1059.0,1
ป้อมมหากาฬ,มหาไชย,09:00-16:00,ก่อนโควิด,980.7142857142857,980.7142857142857,1
ป้อมมหากาฬ,มหาไชย,09:00-16:00,หลังโควิด,613.0,613.0,1
ป้อมมหากาฬ,มหาไชย,09:00-16:00,โควิด,1052.4285714285713,1052.4285714285713,1
ป้อมมหากาฬ,มหาไชย,16:00-19:00,ก่อนโควิด,1188.0,1188.0,1
ป้อมมหากาฬ,มหาไชย,16:00-19:00,หลังโควิด,608.0,608.0,1
ป้อมมหากาฬ,มหาไชย,16:00-19:00,โควิด,1127.0,1127.0,1
ป้อมมหากาฬ,ราชดำเนินกลาง,09:00-16:00,ก่อนโควิด,3577.1428571428573,3577.1428571428573,1
ป้อมมหากาฬ,ราชดำเนินกลาง,09:00-16:00,หลังโควิด,3709.0,3709.0,1
ป้อมมหากาฬ,ราชดำเนินกลาง,09:00-16:00,โควิด,3487.285714285714,3487.285714285714,1
ผังเมือง,พระราม 9,07:00-09:00,ก่อนโควิด,2663.0,2663.0,1
ผังเมือง,พระราม 9,07:00-09:00,หลังโควิด,3493.5,3493.5,1
ผังเมือง,พระราม 9,07:00-09:00,โควิด,3082.0,3082.0,1
ผังเมือง,พระราม 9,09:00-16:00,ก่อนโควิด,2342.5714285714284,2342.5714285714284,1
ผังเมือง,พระราม 9,09:00-16:00,หลังโควิด,3004.1428571428573,3004.1428571428573,1
ผังเมือง,พระราม 9,09:00-16:00,โควิด,2903.1428571428573,2903.1428571428573,1
ผังเมือง,พระราม 9,16:00-19:00,ก่อนโควิด,2150.3333333333335,2150.3333333333335,1
ผังเมือง,พระราม 9,16:00-19:00,หลังโควิด,3057.3333333333335,3057.3333333333335,1
ผังเมือง,พระราม 9,16:00-19:00,โควิด,3108.0,3108.0,1
ผังเมือง,วัฒนธรรม,07:00-09:00,ก่อนโควิด,749.5,749.5,1
ผังเมือง,วัฒนธรรม,07:00-09:00,หลังโควิด,1125.0,1125.0,2
ผังเมือง,วัฒนธรรม,07:00-09:00,โควิด,782.0,782.0,1
ผังเมือง,วัฒนธรรม,09:00-16:00,ก่อนโควิด,816.8571428571429,816.8571428571429,1
ผังเมือง,วัฒนธรรม,09:00-16:00,หลังโควิด,646.2857142857143,646.2857142857143,1
ผังเมือง,วัฒนธรรม,09:00-16:00,โควิด,831.2857142857143,831.2857142857143,1
ผังเมือง,วัฒนธรรม,16:00-19:00,ก่อนโควิด,914.0,914.0,1
ผังเมือง,วัฒนธรรม,16:00-19:00,หลังโควิด,886.3333333333334,886.3333333333334,1
ผังเมือง,วัฒนธรรม,16:00-19:00,โควิด,797.0,797.0,1
พงษ์พระราม,จารุเมือง,07:00-09:00,ก่อนโควิด,551.0,551.0,1
พงษ์พระราม,จารุเมือง,07:00-09:00,หลังโควิด,242.5,242.5,2
พงษ์พระราม,จารุเมือง,07:00-09:00,โควิด,192.0,192.0,1
พงษ์พระราม,พระรามที่ 1,07:00-09:00,ก่อนโควิด,3385.0,3385.0,1
พงษ์พระราม,พระรามที่ 1,07:00-09:00,หลังโควิด,3082.25,3082.25,2
พงษ์พระราม,พระรามที่ 1,07:00-09:00,โควิด,3036.5,3036.5,1
พงษ์เพชร,งามวงศ์วาน,07:00-09:00,ก่อนโควิด,8781.0,8781.0,1
พงษ์เพชร,งามวงศ์วาน,07:00-09:00,หลังโควิด,8698.75,8698.75,2
พงษ์เพชร,งามวงศ์วาน,07:00-09:00,โควิด,7763.0,7763.0,1
พงษ์เพชร,ประชาชื่น,07:00-09:00,ก่อนโควิด,2541.5,2541.5,1
พงษ์เพชร,ประชาชื่น,07:00-09:00,หลังโควิด,2408.25,2408.25,2
พงษ์เพชร,ประชาชื่น,07:00-09:00,โควิด,3218.0,3218.0,1
พญาไท,พญาไท,07:00-09:00,ก่อนโควิด,3252.5,3252.5,1
พญาไท,พญาไท,07:00-09:00,หลังโควิด,3174.0,3247.0,3
พญาไท,พญาไท,07:00-09:00,โควิด,3385.5,3385.5,1
พญาไท,ศรีอยุธยา,07:00-09:00,ก่อนโควิด,5938.0,5938.0,1
พญาไท,ศรีอยุธยา,07:00-09:00,หลังโควิด,4477.0,4992.666666666667,3
พญาไท,ศรีอยุธยา,07:00-09:00,โควิด,6034.0,6034.0,1
พระราม 9,พระราม 9,07:00-09:00,ก่อนโควิด,2119.25,2119.25,2
พระราม 9,พระราม 9,07:00-09:00,หลังโควิด,2489.25,2489.25,2
พระราม 9,พระราม 9,07:00-09:00,โควิด,2331.5,2331.5,2
พระราม 9,รัชดาภิเษก,07:00-09:00,ก่อนโควิด,3268.5,3268.5,2
พระราม 9,รัชดาภิเษก,07:00-09:00,หลังโควิด,3590.5,3590.5,2
พระราม 9,รัชดาภิเษก,07:00-09:00,โควิด,3777.25,3777.25,2
พระราม 9,อโศกดินแดง,07:00-09:00,ก่อนโควิด,2929.5,2929.5,2
พระราม 9,อโศกดินแดง,07:00-09:00,หลังโควิด,3029.75,3029.75,2
พระราม 9,อโศกดินแดง,07:00-09:00,โควิด,3192.25,3192.25,2
พระราม 9 ใหม่,เพชรพระราม,07:00-09:00,ก่อนโควิด,571.5,571.5,1
พระราม 9 ใหม่,เพชรพระราม,07:00-09:00,หลังโควิด,261.5,261.5,1
พระราม 9 ใหม่,เพชรพระราม,07:00-09:00,โควิด,310.0,310.0,1
พระรามที่ 4,พระรามที่ 4,07:00-09:00,ก่อนโควิด,2908.0,2908.0,1
พระรามที่ 4,พระรามที่ 4,07:00-09:00,หลังโควิด,2916.0,2916.0,2
พระรามที่ 4,พระรามที่ 4,07:00-09:00,โควิด,3510.0,3510.0,1
พระรามที่ 4,รัชดาภิเษก,07:00-09:00,ก่อนโควิด,4469.0,4469.0,1
พระรามที่ 4,รัชดาภิเษก,07:00-09:00,หลังโควิด,1697.5,1697.5,2
พระรามที่ 4,รัชดาภิเษก,07:00-09:00,โควิด,1752.0,1752.0,1
พระรามที่ 4,รัชดาภิเษก,09:00-16:00,ก่อนโควิด,2728.5714285714284,2728.5714285714284,2
พระรามที่ 4,รัชดาภิเษก,09:00-16:00,หลังโควิด,1509.5714285714287,1509.5714285714287,1
พระรามที่ 4,รัชดาภิเษก,09:00-16:00,โควิด,1771.7142857142858,1771.7142857142858,1
พระรามที่ 4,รัชดาภิเษก,16:00-19:00,ก่อนโควิด,3581.6666666666665,3581.6666666666665,1
พระรามที่ 4,รัชดาภิเษก,16:00-19:00,หลังโควิด,1464.6666666666667,1464.6666666666667,1
พระรามที่ 4,รัชดาภิเษก,16:00-19:00,โควิด,1741.0,1741.0,1
พระโขนง,สุขุมวิท,07:00-09:00,ก่อนโควิด,5145.75,5145.75,2
พระโขนง,สุขุมวิท,07:00-09:00,หลังโควิด,4283.25,4051.5,4
พระโขนง,สุขุมวิท,07:00-09:00,โควิด,3305.0,3305.0,1
พระโขนง,สุขุมวิท,09:00-16:00,ก่อนโควิด,4505.5,4505.5,2
พระโขนง,สุขุมวิท,09:00-16:00,หลังโควิด,3387.285714285714,3387.285714285714,1
พระโขนง,สุขุมวิท,09:00-16:00,โควิด,4007.8571428571427,4007.8571428571427,1
พระโขนง,สุขุมวิท,16:00-19:00,ก่อนโควิด,4322.833333333334,4322.833333333334,2
พระโขนง,สุขุมวิท,16:00-19:00,หลังโควิด,3543.0,3543.0,1
พระโขนง,สุขุมวิท,16:00-19:00,โควิด,4063.3333333333335,4063.3333333333335,1
พรานนก,พรานนก,07:00-09:00,ก่อนโควิด,2251.0,2251.0,1
พรานนก,พรานนก,07:00-09:00,หลังโควิด,2532.25,2532.25,2
พรานนก,พรานนก,07:00-09:00,โควิด,1815.0,1815.0,1
พรานนก,อิสรภาพ,07:00-09:00,ก่อนโควิด,1033.0,1033.0,1
พรานนก,อิสรภาพ,07:00-09:00,หลังโควิด,873.5,873.5,2
พรานนก,อิสรภาพ,07:00-09:00,โควิด,1238.0,1238.0,1
พหลโยธิน - เทพรักษ์,พหลโยธิน,07:00-09:00,ก่อนโควิด,2019.0,2019.0,1
พหลโยธิน - เทพรักษ์,พหลโยธิน,07:00-09:00,หลังโควิด,3528.25,3528.25,2
พหลโยธิน - เทพรักษ์,พหลโยธิน,07:00-09:00,โควิด,3096.0,3096.0,1
พหลโยธิน - เทพรักษ์,เทพรักษ์,07:00-09:00,ก่อนโควิด,1727.0,1727.0,1
พหลโยธิน - เทพรักษ์,เทพรักษ์,07:00-09:00,หลังโควิด,2828.25,2828.25,2
พหลโยธิน - เทพรักษ์,เทพรักษ์,07:00-09:00,โควิด,1540.5,1540.5,1
พัฒนาการ,พัฒนาการ,07:00-09:00,ก่อนโควิด,3219.0,3219.0,2
พัฒนาการ,พัฒนาการ,07:00-09:00,หลังโควิด,3631.25,3631.25,2
พัฒนาการ,พัฒนาการ,07:00-09:00,โควิด,3495.5,3495.5,1
พัฒนาการ,ศรีนครินทร์,07:00-09:00,ก่อนโควิด,4027.0,4027.0,2
พัฒนาการ,ศรีนครินทร์,07:00-09:00,หลังโควิด,5417.25,5417.25,2
พัฒนาการ,ศรีนครินทร์,07:00-09:00,โควิด,4400.0,4400.0,1
พิบูลสงคราม,ประชาราษฎร์สาย 1,07:00-09:00,ก่อนโควิด,1758.0,1758.0,1
พิบูลสงคราม,ประชาราษฎร์สาย 1,07:00-09:00,หลังโควิด,1887.5,1887.5,1
พิบูลสงคราม,ประชาราษฎร์สาย 1,07:00-09:00,โควิด,2401.5,2401.5,1
พิบูลสงคราม,พิบูลสงคราม,07:00-09:00,ก่อนโควิด,2498.5,2498.5,1
พิบูลสงคราม,พิบูลสงคราม,07:00-09:00,หลังโควิด,2243.0,2243.0,1
พิบูลสงคราม,พิบูลสงคราม,07:00-09:00,โควิด,784.0,784.0,1
พุทธมณฑลสาย 2,พุทธมณฑลสาย 2,07:00-09:00,ก่อนโควิด,833.75,833.75,2
พุทธมณฑลสาย 2,พุทธมณฑลสาย 2,07:00-09:00,หลังโควิด,846.25,846.25,2
พุทธมณฑลสาย 2,พุทธมณฑลสาย 2,07:00-09:00,โควิด,672.5,672.5,1
พุทธมณฑลสาย 2,พุทธมณฑลสาย 2,09:00-16:00,ก่อนโควิด,937.2142857142858,937.2142857142858,2
พุทธมณฑลสาย 2,พุทธมณฑลสาย 2,09:00-16:00,หลังโควิด,715.1428571428571,715.1428571428571,1
พุทธมณฑลสาย 2,พุทธมณฑลสาย 2,09:00-16:00,โควิด,828.1428571428571,828.1428571428571,1
พุทธมณฑลสาย 2,พุทธมณฑลสาย 2,16:00-19:00,ก่อนโควิด,867.0,867.0,2
พุทธมณฑลสาย 2,พุทธมณฑลสาย 2,16:00-19:00,หลังโควิด,879.0,879.0,1
พุทธมณฑลสาย 2,พุทธมณฑลสาย 2,16:00-19:00,โควิด,793.0,793.0,1
พุทธมณฑลสาย 2,เพชรเกษม,07:00-09:00,ก่อนโควิด,7120.75,7120.75,2
พุทธมณฑลสาย 2,เพชรเกษม,07:00-09:00,หลังโควิด,7178.25,7178.25,2
พุทธมณฑลสาย 2,เพชรเกษม,07:00-09:00,โควิด,6800.5,6800.5,1
พุทธมณฑลสาย 2,เพชรเกษม,09:00-16:00,ก่อนโควิด,6546.0,6546.0,2
พุทธมณฑลสาย 2,เพชรเกษม,09:00-16:00,หลังโควิด,6148.714285714285,6148.714285714285,1
พุทธมณฑลสาย 2,เพชรเกษม,09:00-16:00,โควิด,6585.142857142857,6585.142857142857,1
พุทธมณฑลสาย 2,เพชรเกษม,16:00-19:00,ก่อนโควิด,6953.166666666666,6953.166666666666,2
พุทธมณฑลสาย 2,เพชรเกษม,16:00-19:00,หลังโควิด,5990.666666666667,5990.666666666667,1
พุทธมณฑลสาย 2,เพชรเกษม,16:00-19:00,โควิด,6806.666666666667,6806.666666666667,1
พุทธมณฑลสาย 3,พุทธมณฑลสาย 3,07:00-09:00,ก่อนโควิด,1123.5,1123.5,2
พุทธมณฑลสาย 3,พุทธมณฑลสาย 3,07:00-09:00,หลังโควิด,847.5,847.5,1
พุทธมณฑลสาย 3,พุทธมณฑลสาย 3,07:00-09:00,โควิด,1141.0,1141.0,1
พุทธมณฑลสาย 3,เพชรเกษม,07:00-09:00,ก่อนโควิด,4033.0,4033.0,2
พุทธมณฑลสาย 3,เพชรเกษม,07:00-09:00,หลังโควิด,4562.5,4562.5,1
พุทธมณฑลสาย 3,เพชรเกษม,07:00-09:00,โควิด,4730.0,4730.0,1
มิตรสัมพันธ์,นิคมมักกะสัน,07:00-09:00,ก่อนโควิด,737.0,737.0,1
มิตรสัมพันธ์,นิคมมักกะสัน,07:00-09:00,หลังโควิด,409.5,409.5,1
มิตรสัมพันธ์,นิคมมักกะสัน,07:00-09:00,โควิด,549.5,549.5,1
มิตรสัมพันธ์,เพชรบุรี,07:00-09:00,ก่อนโควิด,4195.0,4195.0,1
มิตรสัมพันธ์,เพชรบุรี,07:00-09:00,หลังโควิด,4230.0,4230.0,2
มิตรสัมพันธ์,เพชรบุรี,07:00-09:00,โควิด,4440.5,4440.5,1
มิตรไมตรี - มิตรไมตรี 1,มิตรไมตรี,09:00-16:00,ก่อนโควิด,182.28571428571428,184.8,5
มิตรไมตรี - มิตรไมตรี 1,มิตรไมตรี,09:00-16:00,หลังโควิด,733.4285714285714,733.4285714285714,1
มิตรไมตรี - มิตรไมตรี 1,มิตรไมตรี,09:00-16:00,โควิด,172.57142857142858,172.57142857142858,1
มิตรไมตรี - มิตรไมตรี 1,มิตรไมตรี 1,09:00-16:00,ก่อนโควิด,1088.7142857142858,1058.0571428571427,5
มิตรไมตรี - มิตรไมตรี 1,มิตรไมตรี 1,09:00-16:00,หลังโควิด,114.42857142857143,114.42857142857143,1
มิตรไมตรี - มิตรไมตรี 1,มิตรไมตรี 1,09:00-16:00,โควิด,733.4285714285714,733.4285714285714,1
มิตรไมตรี - มิตรไมตรี 2,มิตรไมตรี,07:00-09:00,ก่อนโควิด,1360.75,1360.75,2
มิตรไมตรี - มิตรไมตรี 2,มิตรไมตรี,07:00-09:00,หลังโควิด,667.0,656.8333333333334,3
มิตรไมตรี - มิตรไมตรี 2,มิตรไมตรี,07:00-09:00,โควิด,946.5,973.1666666666666,3
มิตรไมตรี - มิตรไมตรี 2,มิตรไมตรี,09:00-16:00,ก่อนโควิด,781.3571428571429,832.5238095238095,6
มิตรไมตรี - มิตรไมตรี 2,มิตรไมตรี,09:00-16:00,หลังโควิด,367.85714285714283,367.85714285714283,1
มิตรไมตรี - มิตรไมตรี 2,มิตรไมตรี,09:00-16:00,โควิด,675.4285714285713,625.75,4
มิตรไมตรี - มิตรไมตรี 2,มิตรไมตรี,16:00-19:00,ก่อนโควิด,758.8333333333333,758.8333333333333,2
มิตรไมตรี - มิตรไมตรี 2,มิตรไมตรี,16:00-19:00,หลังโควิด,301.3333333333333,301.3333333333333,1
มิตรไมตรี - มิตรไมตรี 2,มิตรไมตรี,16:00-19:00,โควิด,456.3333333333333,429.2222222222222,3
มิตรไมตรี - มิตรไมตรี 2,มิตรไมตรี 2,07:00-09:00,ก่อนโควิด,984.75,984.75,2
มิตรไมตรี - มิตรไมตรี 2,มิตรไมตรี 2,07:00-09:00,หลังโควิด,957.0,917.3333333333334,3
มิตรไมตรี - มิตรไมตรี 2,มิตรไมตรี 2,07:00-09:00,โควิด,1024.0,932.8333333333334,3
มิตรไมตรี - มิตรไมตรี 2,มิตรไมตรี 2,09:00-16:00,ก่อนโควิด,612.2857142857142,643.0952380952381,6
มิตรไมตรี - มิตรไมตรี 2,มิตรไมตรี 2,09:00-16:00,หลังโควิด,669.1428571428571,669.1428571428571,1
มิตรไมตรี - มิตรไมตรี 2,มิตรไมตรี 2,09:00-16:00,โควิด,693.7142857142858,633.4285714285714,4
มิตรไมตรี - มิตรไมตรี 2,มิตรไมตรี 2,16:00-19:00,ก่อนโควิด,572.3333333333334,572.3333333333334,2
มิตรไมตรี - มิตรไมตรี 2,มิตรไมตรี 2,16:00-19:00,หลังโควิด,346.6666666666667,346.6666666666667,1
มิตรไมตรี - มิตรไมตรี 2,มิตรไมตรี 2,16:00-19:00,โควิด,622.6666666666666,532.7777777777777,3
มไหสวรรย์,มไหสวรรย์,07:00-09:00,ก่อนโควิด,919.5,919.5,2
มไหสวรรย์,มไหสวรรย์,07:00-09:00,หลังโควิด,1069.0,1182.3333333333333,3
มไหสวรรย์,มไหสวรรย์,07:00-09:00,โควิด,895.5,895.5,1
มไหสวรรย์,มไหสวรรย์,09:00-16:00,ก่อนโควิด,913.4285714285713,913.4285714285713,2
มไหสวรรย์,มไหสวรรย์,09:00-16:00,หลังโควิด,1639.4285714285713,1639.4285714285713,1
มไหสวรรย์,มไหสวรรย์,09:00-16:00,โควิด,950.1428571428571,950.1428571428571,1
มไหสวรรย์,มไหสวรรย์,16:00-19:00,ก่อนโควิด,1056.3333333333333,1056.3333333333333,2
มไหสวรรย์,มไหสวรรย์,16:00-19:00,หลังโควิด,1716.0,1716.0,1
มไหสวรรย์,มไหสวรรย์,16:00-19:00,โควิด,1267.3333333333333,1267.3333333333333,1
มไหสวรรย์,รัชดาภิเษก,07:00-09:00,ก่อนโควิด,879.5,879.5,2
มไหสวรรย์,รัชดาภิเษก,07:00-09:00,หลังโควิด,1218.5,1218.5,2
มไหสวรรย์,รัชดาภิเษก,07:00-09:00,โควิด,571.0,571.0,1
ยุคล 2,ยุคล 2,07:00-09:00,ก่อนโควิด,419.0,419.0,1
ยุคล 2,ยุคล 2,07:00-09:00,หลังโควิด,334.5,334.5,1
ยุคล 2,ยุคล 2,07:00-09:00,โควิด,317.0,317.0,1
รัชดา - ลาดพร้าว,รัชดาภิเษก,07:00-09:00,ก่อนโควิด,8736.0,8736.0,1
รัชดา - ลาดพร้าว,รัชดาภิเษก,07:00-09:00,หลังโควิด,7776.5,7659.666666666667,3
รัชดา - ลาดพร้าว,รัชดาภิเษก,07:00-09:00,โควิด,8470.5,8470.5,1
รัชดา - ลาดพร้าว,รัชดาภิเษก,09:00-16:00,ก่อนโควิด,7788.857142857143,7788.857142857143,1
รัชดา - ลาดพร้าว,รัชดาภิเษก,09:00-16:00,หลังโควิด,7102.571428571428,7102.571428571428,1
รัชดา - ลาดพร้าว,รัชดาภิเษก,09:00-16:00,โควิด,7687.285714285715,7687.285714285715,1
รัชดา - ลาดพร้าว,รัชดาภิเษก,16:00-19:00,ก่อนโควิด,6538.333333333333,6538.333333333333,1
รัชดา - ลาดพร้าว,รัชดาภิเษก,16:00-19:00,หลังโควิด,7916.0,7916.0,1
รัชดา - ลาดพร้าว,รัชดาภิเษก,16:00-19:00,โควิด,6891.333333333333,6891.333333333333,1
รัชโยธิน,พหลโยธิน,07:00-09:00,ก่อนโควิด,2505.5,2505.5,1
รัชโยธิน,พหลโยธิน,07:00-09:00,หลังโควิด,4253.0,4253.0,2
รัชโยธิน,พหลโยธิน,07:00-09:00,โควิด,4825.0,4825.0,1
รัชโยธิน,พหลโยธิน,09:00-16:00,ก่อนโควิด,2184.5714285714284,2184.5714285714284,1
รัชโยธิน,พหลโยธิน,09:00-16:00,หลังโควิด,4999.428571428572,4999.428571428572,1
รัชโยธิน,พหลโยธิน,09:00-16:00,โควิด,4544.0,4544.0,1
รัชโยธิน,พหลโยธิน,16:00-19:00,ก่อนโควิด,2216.3333333333335,2216.3333333333335,1
รัชโยธิน,พหลโยธิน,16:00-19:00,หลังโควิด,4757.666666666667,4757.666666666667,1
รัชโยธิน,พหลโยธิน,16:00-19:00,โควิด,4225.666666666667,4225.666666666667,1
ราชดำริ,ราชดำริ,07:00-09:00,ก่อนโควิด,2356.5,2356.5,2
ราชดำริ,ราชดำริ,07:00-09:00,หลังโควิด,1874.25,1874.25,2
ราชดำริ,ราชดำริ,07:00-09:00,โควิด,2300.0,2300.0,1
ราชดำริ,สารสิน,07:00-09:00,ก่อนโควิด,857.75,857.75,2
ราชดำริ,สารสิน,07:00-09:00,หลังโควิด,1236.0,1236.0,2
ราชดำริ,สารสิน,07:00-09:00,โควิด,501.5,501.5,1
ราชประสงค์,พระรามที่ 1,09:00-16:00,ก่อนโควิด,289.1428571428571,289.1428571428571,2
ราชประสงค์,พระรามที่ 1,09:00-16:00,หลังโควิด,537.4285714285714,537.4285714285714,1
ราชประสงค์,พระรามที่ 1,09:00-16:00,โควิด,433.2857142857143,433.2857142857143,1
ราชประสงค์,ราชดำริ,09:00-16:00,ก่อนโควิด,1940.2857142857142,1940.2857142857142,2
ราชประสงค์,ราชดำริ,09:00-16:00,หลังโควิด,1704.5714285714287,1704.5714285714287,1
ราชประสงค์,ราชดำริ,09:00-16:00,โควิด,1868.7142857142858,1868.7142857142858,1
ราชประสงค์,เพลินจิต,07:00-09:00,ก่อนโควิด,2408.5,2408.5,2
ราชประสงค์,เพลินจิต,07:00-09:00,หลังโควิด,2074.75,2207.375,4
ราชประสงค์,เพลินจิต,07:00-09:00,โควิด,2779.5,2779.5,1
ราชประสงค์,เพลินจิต,09:00-16:00,ก่อนโควิด,2619.714285714286,2619.714285714286,2
ราชประสงค์,เพลินจิต,09:00-16:00,หลังโควิด,2234.0,2234.0,1
ราชประสงค์,เพลินจิต,09:00-16:00,โควิด,2710.8571428571427,2710.8571428571427,1
ราชประสงค์,เพลินจิต,16:00-19:00,ก่อนโควิด,2400.166666666667,2400.166666666667,2
ราชประสงค์,เพลินจิต,16:00-19:00,หลังโควิด,2257.0,2257.0,1
ราชประสงค์,เพลินจิต,16:00-19:00,โควิด,2409.3333333333335,2409.3333333333335,1
ราชวงศ์,ราชวงศ์,07:00-09:00,ก่อนโควิด,518.0,518.0,1
ราชวงศ์,ราชวงศ์,07:00-09:00,หลังโควิด,359.5,359.5,1
ราชวงศ์,ราชวงศ์,07:00-09:00,โควิด,458.75,458.75,2
ราชวงศ์,เยาวราช,07:00-09:00,ก่อนโควิด,1333.0,1333.0,1
ราชวงศ์,เยาวราช,07:00-09:00,หลังโควิด,867.5,867.5,1
ราชวงศ์,เยาวราช,07:00-09:00,โควิด,1270.25,1270.25,2
ราชวัตร,นครไชยศรี,07:00-09:00,ก่อนโควิด,875.5,875.5,2
ราชวัตร,นครไชยศรี,07:00-09:00,หลังโควิด,672.5,672.5,1
ราชวัตร,นครไชยศรี,07:00-09:00,โควิด,708.5,708.5,1
ราชวัตร,พระรามที่ 5,07:00-09:00,ก่อนโควิด,1543.0,1543.0,2
ราชวัตร,พระรามที่ 5,07:00-09:00,หลังโควิด,1456.0,1456.0,1
ราชวัตร,พระรามที่ 5,07:00-09:00,โควิด,1254.0,1254.0,1
ราชวิถี,พระรามที่ 5,07:00-09:00,ก่อนโควิด,1470.5,1470.5,1
ราชวิถี,พระรามที่ 5,07:00-09:00,หลังโควิด,1819.5,1856.6666666666667,3
ราชวิถี,พระรามที่ 5,07:00-09:00,โควิด,1784.5,1784.5,1
ราชวิถี,พระรามที่ 5,09:00-16:00,ก่อนโควิด,1007.2857142857143,1007.2857142857143,1
ราชวิถี,พระรามที่ 5,09:00-16:00,หลังโควิด,1205.857142857143,1205.857142857143,1
ราชวิถี,พระรามที่ 5,09:00-16:00,โควิด,1324.4285714285713,1324.4285714285713,1
ราชวิถี,พระรามที่ 5,16:00-19:00,ก่อนโควิด,968.0,968.0,1
ราชวิถี,พระรามที่ 5,16:00-19:00,หลังโควิด,973.0,973.0,1
ราชวิถี,พระรามที่ 5,16:00-19:00,โควิด,1216.6666666666667,1216.6666666666667,1
ราชวิถี,ราชวิถี,07:00-09:00,ก่อนโควิด,962.5,962.5,1
ราชวิถี,ราชวิถี,07:00-09:00,หลังโควิด,1020.5,1062.6666666666667,3
ราชวิถี,ราชวิถี,07:00-09:00,โควิด,1231.5,1231.5,1
ราชวิถี,ราชวิถี,09:00-16:00,ก่อนโควิด,1309.2857142857142,1309.2857142857142,1
ราชวิถี,ราชวิถี,09:00-16:00,หลังโควิด,1004.5714285714286,1004.5714285714286,1
ราชวิถี,ราชวิถี,09:00-16:00,โควิด,1228.5714285714287,1228.5714285714287,1
ราชวิถี,ราชวิถี,16:00-19:00,ก่อนโควิด,701.3333333333334,701.3333333333334,1
ราชวิถี,ราชวิถี,16:00-19:00,หลังโควิด,1136.6666666666667,1136.6666666666667,1
ราชวิถี,ราชวิถี,16:00-19:00,โควิด,820.3333333333334,820.3333333333334,1
ราชเทวี,พญาไท,07:00-09:00,ก่อนโควิด,4515.5,4515.5,1
ราชเทวี,พญาไท,07:00-09:00,หลังโควิด,3772.0,3878.5,3
ราชเทวี,พญาไท,07:00-09:00,โควิด,3706.5,3706.5,1
ราชเทวี,เพชรบุรี,07:00-09:00,ก่อนโควิด,4374.5,4374.5,1
ราชเทวี,เพชรบุรี,07:00-09:00,หลังโควิด,4149.5,3445.0,3
ราชเทวี,เพชรบุรี,07:00-09:00,โควิด,4382.0,4382.0,1
รามคำแหง,พระราม 9,07:00-09:00,ก่อนโควิด,7679.0,7679.0,1
รามคำแหง,พระราม 9,07:00-09:00,หลังโควิด,6286.5,6286.5,2
รามคำแหง,พระราม 9,07:00-09:00,โควิด,5951.0,5951.0,1
รามคำแหง,พระราม 9,09:00-16:00,ก่อนโควิด,7184.571428571428,7184.571428571428,1
รามคำแหง,พระราม 9,09:00-16:00,หลังโควิด,7777.714285714285,7777.714285714285,1
รามคำแหง,พระราม 9,09:00-16:00,โควิด,6400.857142857143,6400.857142857143,1
รามคำแหง,พระราม 9,16:00-19:00,ก่อนโควิด,7051.666666666667,7051.666666666667,1
รามคำแหง,พระราม 9,16:00-19:00,หลังโควิด,8041.666666666667,8041.666666666667,1
รามคำแหง,พระราม 9,16:00-19:00,โควิด,6454.0,6454.0,1
รามคำแหง,รามคำแหง,07:00-09:00,ก่อนโควิด,3827.5,3827.5,1
รามคำแหง,รามคำแหง,07:00-09:00,หลังโควิด,3702.75,3702.75,2
รามคำแหง,รามคำแหง,07:00-09:00,โควิด,4380.5,4380.5,1
รามคำแหง,รามคำแหง,09:00-16:00,ก่อนโควิด,3351.5714285714284,3351.5714285714284,1
รามคำแหง,รามคำแหง,09:00-16:00,หลังโควิด,2934.714285714286,2934.714285714286,1
รามคำแหง,รามคำแหง,09:00-16:00,โควิด,2865.285714285714,2865.285714285714,1
รามคำแหง,รามคำแหง,16:00-19:00,ก่อนโควิด,3395.3333333333335,3395.3333333333335,1
รามคำแหง,รามคำแหง,16:00-19:00,หลังโควิด,3570.0,3570.0,1
รามคำแหง,รามคำแหง,16:00-19:00,โควิด,2784.0,2784.0,1
ราษฎร์บูรณะ,ราษฎร์บูรณะ,07:00-09:00,ก่อนโควิด,2460.5,2460.5,1
ราษฎร์บูรณะ,ราษฎร์บูรณะ,07:00-09:00,หลังโควิด,1582.5,1582.5,2
ราษฎร์บูรณะ,ราษฎร์บูรณะ,07:00-09:00,โควิด,2853.5,2853.5,1
ราษฎร์บูรณะ,ราษฎร์บูรณะ,09:00-16:00,ก่อนโควิด,2294.4285714285716,2294.4285714285716,1
ราษฎร์บูรณะ,ราษฎร์บูรณะ,09:00-16:00,หลังโควิด,773.5714285714286,773.5714285714286,1
ราษฎร์บูรณะ,ราษฎร์บูรณะ,09:00-16:00,โควิด,2292.714285714286,2292.714285714286,1
ราษฎร์บูรณะ,ราษฎร์บูรณะ,16:00-19:00,ก่อนโควิด,2800.6666666666665,2800.6666666666665,1
ราษฎร์บูรณะ,ราษฎร์บูรณะ,16:00-19:00,หลังโควิด,1001.6666666666666,1001.6666666666666,1
ราษฎร์บูรณะ,ราษฎร์บูรณะ,16:00-19:00,โควิด,2073.3333333333335,2073.3333333333335,1
ราษฎร์บูรณะ,ราษฎร์พัฒนา,07:00-09:00,ก่อนโควิด,819.0,819.0,1
ราษฎร์บูรณะ,ราษฎร์พัฒนา,07:00-09:00,หลังโควิด,507.0,507.0,1
ราษฎร์บูรณะ,ราษฎร์พัฒนา,07:00-09:00,โควิด,1416.0,1416.0,1
ลาซาล,สุขุมวิท,07:00-09:00,ก่อนโควิด,3711.75,3711.75,2
ลาซาล,สุขุมวิท,07:00-09:00,หลังโควิด,3849.25,3849.25,2
ลาซาล,สุขุมวิท,07:00-09:00,โควิด,4631.5,4631.5,1
ลาดบัวขาว,รามคำแหง,07:00-09:00,ก่อนโควิด,4300.0,4300.0,1
ลาดบัวขาว,รามคำแหง,07:00-09:00,หลังโควิด,5369.0,5369.0,1
ลาดบัวขาว,รามคำแหง,07:00-09:00,โควิด,5361.5,5361.5,1
ลาดปลาเค้า,รามอินทรา,07:00-09:00,ก่อนโควิด,6797.0,6797.0,1
ลาดปลาเค้า,รามอินทรา,07:00-09:00,หลังโควิด,5201.5,5331.833333333333,3
ลาดปลาเค้า,รามอินทรา,07:00-09:00,โควิด,5039.5,5039.5,1
ลาดปลาเค้า,รามอินทรา,09:00-16:00,ก่อนโควิด,7368.285714285715,7368.285714285715,1
ลาดปลาเค้า,รามอินทรา,09:00-16:00,หลังโควิด,6154.142857142857,6154.142857142857,1
ลาดปลาเค้า,รามอินทรา,09:00-16:00,โควิด,5474.0,5474.0,1
ลาดปลาเค้า,รามอินทรา,16:00-19:00,ก่อนโควิด,9006.333333333334,9006.333333333334,1
ลาดปลาเค้า,รามอินทรา,16:00-19:00,หลังโควิด,6951.0,6951.0,1
ลาดปลาเค้า,รามอินทรา,16:00-19:00,โควิด,5945.666666666667,5945.666666666667,1
ลาดปลาเค้า,ลาดปลาเค้า,07:00-09:00,ก่อนโควิด,511.0,511.0,2
ลาดปลาเค้า,ลาดปลาเค้า,07:00-09:00,หลังโควิด,688.5,634.1666666666666,3
ลาดปลาเค้า,ลาดปลาเค้า,07:00-09:00,โควิด,392.0,392.0,1
ลาดปลาเค้า,ลาดปลาเค้า,09:00-16:00,ก่อนโควิด,418.0,418.0,2
ลาดปลาเค้า,ลาดปลาเค้า,09:00-16:00,หลังโควิด,776.8571428571429,776.8571428571429,1
ลาดปลาเค้า,ลาดปลาเค้า,09:00-16:00,โควิด,503.7142857142857,503.7142857142857,1
ลาดปลาเค้า,ลาดปลาเค้า,16:00-19:00,ก่อนโควิด,355.3333333333333,355.3333333333333,2
ลาดปลาเค้า,ลาดปลาเค้า,16:00-19:00,หลังโควิด,658.3333333333334,658.3333333333334,1
ลาดปลาเค้า,ลาดปลาเค้า,16:00-19:00,โควิด,409.3333333333333,409.3333333333333,1
วงศ์สว่าง,รัชดาภิเษก,07:00-09:00,ก่อนโควิด,2719.0,2719.0,2
วงศ์สว่าง,รัชดาภิเษก,07:00-09:00,หลังโควิด,3327.5,3327.5,1
วงศ์สว่าง,รัชดาภิเษก,07:00-09:00,โควิด,3293.0,3293.0,2
วงศ์สว่าง,วงศ์สว่าง,07:00-09:00,ก่อนโควิด,1851.5,1851.5,2
วงศ์สว่าง,วงศ์สว่าง,07:00-09:00,หลังโควิด,2113.0,2113.0,1
วงศ์สว่าง,วงศ์สว่าง,07:00-09:00,โควิด,2544.75,2544.75,2
วงเวียนหลักสี่,พหลโยธิน,07:00-09:00,ก่อนโควิด,4619.5,4619.5,1
วงเวียนหลักสี่,พหลโยธิน,07:00-09:00,หลังโควิด,6086.5,6086.5,1
วงเวียนหลักสี่,พหลโยธิน,07:00-09:00,โควิด,6104.5,6104.5,1
วงเวียนหลักสี่,รามอินทรา,07:00-09:00,ก่อนโควิด,2417.0,2417.0,1
วงเวียนหลักสี่,รามอินทรา,07:00-09:00,หลังโควิด,2960.0,2960.0,1
วงเวียนหลักสี่,รามอินทรา,07:00-09:00,โควิด,3031.5,3031.5,1
วงเวียนหลักสี่,แจ้งวัฒนะ,07:00-09:00,ก่อนโควิด,4706.5,4706.5,1
วงเวียนหลักสี่,แจ้งวัฒนะ,07:00-09:00,หลังโควิด,6164.0,6164.0,1
วงเวียนหลักสี่,แจ้งวัฒนะ,07:00-09:00,โควิด,3927.5,3927.5,1
วงเวียนใหญ่,ประชาธิปก,07:00-09:00,ก่อนโควิด,5343.5,5343.5,1
วงเวียนใหญ่,ประชาธิปก,07:00-09:00,หลังโควิด,2295.75,2295.75,2
วงเวียนใหญ่,ประชาธิปก,07:00-09:00,โควิด,5126.5,5126.5,1
วงเวียนใหญ่,อินทรพิทักษ์,07:00-09:00,ก่อนโควิด,2984.0,2984.0,1
วงเวียนใหญ่,อินทรพิทักษ์,07:00-09:00,หลังโควิด,2849.5,2849.5,2
วงเวียนใหญ่,อินทรพิทักษ์,07:00-09:00,โควิด,3688.0,3688.0,1
วังหิน,สุขาภิบาล 1,07:00-09:00,ก่อนโควิด,804.5,804.5,1
วังหิน,สุขาภิบาล 1,07:00-09:00,หลังโควิด,838.0,838.0,1
วังหิน,สุขาภิบาล 1,07:00-09:00,โควิด,780.5,780.5,1
วังหิน,เสนานิคม,07:00-09:00,ก่อนโควิด,1205.0,1205.0,1
วังหิน,เสนานิคม,07:00-09:00,หลังโควิด,1065.0,1065.0,1
วังหิน,เสนานิคม,07:00-09:00,โควิด,792.0,792.0,1
วังแดง,พิษณุโลก,07:00-09:00,ก่อนโควิด,1148.0,1148.0,1
วังแดง,พิษณุโลก,07:00-09:00,หลังโควิด,638.5,638.5,2
วังแดง,พิษณุโลก,07:00-09:00,โควิด,735.75,735.75,2
วังแดง,ราชสีมา,07:00-09:00,ก่อนโควิด,1206.5,1206.5,1
วังแดง,ราชสีมา,07:00-09:00,หลังโควิด,1096.5,1096.5,1
วังแดง,ราชสีมา,07:00-09:00,โควิด,1377.25,1377.25,2
วัดดวงแข,จารุเมือง,07:00-09:00,ก่อนโควิด,946.5,946.5,1
วัดดวงแข,จารุเมือง,07:00-09:00,หลังโควิด,804.0,804.0,1
วัดดวงแข,จารุเมือง,07:00-09:00,โควิด,653.5,653.5,1
วัดดวงแข,จารุเมือง,09:00-16:00,ก่อนโควิด,862.5714285714286,862.5714285714286,1
วัดดวงแข,จารุเมือง,09:00-16:00,หลังโควิด,904.0,904.0,1
วัดดวงแข,จารุเมือง,09:00-16:00,โควิด,706.4285714285714,706.4285714285714,1
วัดดวงแข,จารุเมือง,16:00-19:00,ก่อนโควิด,705.6666666666666,705.6666666666666,1
วัดดวงแข,จารุเมือง,16:00-19:00,หลังโควิด,935.0,935.0,1
วัดดวงแข,จารุเมือง,16:00-19:00,โควิด,722.3333333333334,722.3333333333334,1
วัดดวงแข,เจริญเมือง,07:00-09:00,ก่อนโควิด,1759.0,1759.0,1
วัดดวงแข,เจริญเมือง,07:00-09:00,หลังโควิด,519.0,519.0,1
วัดดวงแข,เจริญเมือง,07:00-09:00,โควิด,1442.0,1442.0,1
วัดดวงแข,เจริญเมือง,09:00-16:00,ก่อนโควิด,1750.5714285714287,1750.5714285714287,1
วัดดวงแข,เจริญเมือง,09:00-16:00,หลังโควิด,732.8571428571429,732.8571428571429,1
วัดดวงแข,เจริญเมือง,09:00-16:00,โควิด,1124.857142857143,1124.857142857143,1
วัดดวงแข,เจริญเมือง,16:00-19:00,ก่อนโควิด,1411.0,1411.0,1
วัดดวงแข,เจริญเมือง,16:00-19:00,หลังโควิด,709.3333333333334,709.3333333333334,1
วัดดวงแข,เจริญเมือง,16:00-19:00,โควิด,1209.0,1209.0,1
วัดประชา,พระรามที่ 5,07:00-09:00,ก่อนโควิด,2077.0,2077.0,2
วัดประชา,พระรามที่ 5,07:00-09:00,หลังโควิด,2290.5,2290.5,1
วัดประชา,พระรามที่ 5,07:00-09:00,โควิด,2360.5,2360.5,1
วัดสน,สุขสวัสดิ์,07:00-09:00,ก่อนโควิด,6366.0,5996.5,3
วัดสน,สุขสวัสดิ์,07:00-09:00,หลังโควิด,4989.0,5319.5,3
วัดสน,สุขสวัสดิ์,07:00-09:00,โควิด,6327.0,6327.0,1
วัดสน,สุขสวัสดิ์,09:00-16:00,ก่อนโควิด,5614.285714285715,5501.666666666667,3
วัดสน,สุขสวัสดิ์,09:00-16:00,หลังโควิด,5476.142857142857,5476.142857142857,1
วัดสน,สุขสวัสดิ์,09:00-16:00,โควิด,5598.0,5598.0,1
วัดสน,สุขสวัสดิ์,16:00-19:00,ก่อนโควิด,5588.333333333333,5561.777777777777,3
วัดสน,สุขสวัสดิ์,16:00-19:00,หลังโควิด,6344.666666666667,6344.666666666667,1
วัดสน,สุขสวัสดิ์,16:00-19:00,โควิด,5457.666666666667,5457.666666666667,1
วัดสะพานสูง,พระรามที่ 6,07:00-09:00,ก่อนโควิด,675.75,675.75,2
วัดสะพานสูง,พระรามที่ 6,07:00-09:00,หลังโควิด,630.0,630.0,1
วัดสะพานสูง,พระรามที่ 6,07:00-09:00,โควิด,591.0,591.0,1
วัดสะพานสูง,เตชะวณิช,07:00-09:00,ก่อนโควิด,2328.75,2328.75,2
วัดสะพานสูง,เตชะวณิช,07:00-09:00,หลังโควิด,1646.5,1646.5,1
วัดสะพานสูง,เตชะวณิช,07:00-09:00,โควิด,2347.5,2347.5,1
วัดเทพลีลา,รามคำแหง,07:00-09:00,ก่อนโควิด,2607.0,2607.0,1
วัดเทพลีลา,รามคำแหง,07:00-09:00,หลังโควิด,2731.5,2731.5,2
วัดเทพลีลา,รามคำแหง,07:00-09:00,โควิด,2317.0,2317.0,1
วัดเทพลีลา,รามคำแหง,09:00-16:00,ก่อนโควิด,2755.0,2755.0,1
วัดเทพลีลา,รามคำแหง,09:00-16:00,หลังโควิด,2880.1428571428573,2880.1428571428573,1
วัดเทพลีลา,รามคำแหง,09:00-16:00,โควิด,2558.4285714285716,2558.4285714285716,1
วัดเทพลีลา,รามคำแหง,16:00-19:00,ก่อนโควิด,2305.6666666666665,2305.6666666666665,1
วัดเทพลีลา,รามคำแหง,16:00-19:00,หลังโควิด,2525.3333333333335,2525.3333333333335,1
วัดเทพลีลา,รามคำแหง,16:00-19:00,โควิด,2297.0,2297.0,1
วิทยุ,พระรามที่ 4,07:00-09:00,ก่อนโควิด,8063.5,8063.5,1
วิทยุ,พระรามที่ 4,07:00-09:00,หลังโควิด,7602.25,7602.25,2
วิทยุ,พระรามที่ 4,07:00-09:00,โควิด,7660.0,7660.0,1
วิทยุ,พระรามที่ 4,09:00-16:00,ก่อนโควิด,7490.0,7490.0,2
วิทยุ,พระรามที่ 4,09:00-16:00,หลังโควิด,7187.571428571428,7187.571428571428,1
วิทยุ,พระรามที่ 4,09:00-16:00,โควิด,6650.428571428572,6650.428571428572,1
วิทยุ,พระรามที่ 4,16:00-19:00,ก่อนโควิด,6662.333333333333,6662.333333333333,1
วิทยุ,พระรามที่ 4,16:00-19:00,หลังโควิด,7546.0,7546.0,1
วิทยุ,พระรามที่ 4,16:00-19:00,โควิด,6465.666666666667,6465.666666666667,1
วิทยุ,วิทยุ,07:00-09:00,ก่อนโควิด,1670.5,1670.5,1
วิทยุ,วิทยุ,07:00-09:00,หลังโควิด,1440.75,1440.75,2
วิทยุ,วิทยุ,07:00-09:00,โควิด,1382.0,1382.0,1
วิทยุ,วิทยุ,09:00-16:00,ก่อนโควิด,1779.5714285714284,1779.5714285714284,2
วิทยุ,วิทยุ,09:00-16:00,หลังโควิด,1482.857142857143,1482.857142857143,1
วิทยุ,วิทยุ,09:00-16:00,โควิด,1461.5714285714287,1461.5714285714287,1
วิทยุ,วิทยุ,16:00-19:00,ก่อนโควิด,1713.6666666666667,1713.6666666666667,1
วิทยุ,วิทยุ,16:00-19:00,หลังโควิด,1388.6666666666667,1388.6666666666667,1
วิทยุ,วิทยุ,16:00-19:00,โควิด,1398.6666666666667,1398.6666666666667,1
วิทยุ,สาทร,07:00-09:00,ก่อนโควิด,2081.0,2081.0,1
วิทยุ,สาทร,07:00-09:00,หลังโควิด,2047.0,2047.0,2
วิทยุ,สาทร,07:00-09:00,โควิด,2102.5,2102.5,1
วิทยุ,สาทร,09:00-16:00,ก่อนโควิด,2204.285714285714,2204.285714285714,2
วิทยุ,สาทร,09:00-16:00,หลังโควิด,2053.714285714286,2053.714285714286,1
วิทยุ,สาทร,09:00-16:00,โควิด,2210.0,2210.0,1
วิทยุ,สาทร,16:00-19:00,ก่อนโควิด,2425.3333333333335,2425.3333333333335,1
วิทยุ,สาทร,16:00-19:00,หลังโควิด,2332.6666666666665,2332.6666666666665,1
วิทยุ,สาทร,16:00-19:00,โควิด,2199.0,2199.0,1
วิสุทธิกษัตริย์,ประชาธิปไตย,07:00-09:00,ก่อนโควิด,1122.0,1122.0,2
วิสุทธิกษัตริย์,ประชาธิปไตย,07:00-09:00,หลังโควิด,875.75,875.75,2
วิสุทธิกษัตริย์,ประชาธิปไตย,07:00-09:00,โควิด,749.5,749.5,2
วิสุทธิกษัตริย์,วิสุทธิกษัตริย์,07:00-09:00,ก่อนโควิด,4115.5,4115.5,2
วิสุทธิกษัตริย์,วิสุทธิกษัตริย์,07:00-09:00,หลังโควิด,3400.0,3400.0,2
วิสุทธิกษัตริย์,วิสุทธิกษัตริย์,07:00-09:00,โควิด,2446.25,2446.25,2
ศรีย่าน,นครไชยศรี,07:00-09:00,ก่อนโควิด,628.5,628.5,2
ศรีย่าน,นครไชยศรี,07:00-09:00,หลังโควิด,803.25,803.25,2
ศรีย่าน,นครไชยศรี,07:00-09:00,โควิด,274.0,274.0,1
ศรีย่าน,นครไชยศรี,09:00-16:00,ก่อนโควิด,493.92857142857144,493.92857142857144,2
ศรีย่าน,นครไชยศรี,09:00-16:00,หลังโควิด,190.28571428571428,190.28571428571428,1
ศรีย่าน,นครไชยศรี,09:00-16:00,โควิด,291.0,291.0,1
ศรีย่าน,นครไชยศรี,16:00-19:00,ก่อนโควิด,405.8333333333333,405.8333333333333,2
ศรีย่าน,นครไชยศรี,16:00-19:00,หลังโควิด,3229.3333333333335,3229.3333333333335,1
ศรีย่าน,นครไชยศรี,16:00-19:00,โควิด,273.6666666666667,273.6666666666667,1
ศรีย่าน,สามเสน,07:00-09:00,ก่อนโควิด,1180.0,1180.0,2
ศรีย่าน,สามเสน,07:00-09:00,หลังโควิด,2431.25,2431.25,2
ศรีย่าน,สามเสน,07:00-09:00,โควิด,972.0,972.0,1
ศรีย่าน,สามเสน,09:00-16:00,ก่อนโควิด,1182.142857142857,1182.142857142857,2
ศรีย่าน,สามเสน,09:00-16:00,หลังโควิด,458.2857142857143,458.2857142857143,1
ศรีย่าน,สามเสน,09:00-16:00,โควิด,1143.857142857143,1143.857142857143,1
ศรีย่าน,สามเสน,16:00-19:00,ก่อนโควิด,997.3333333333334,997.3333333333334,2
ศรีย่าน,สามเสน,16:00-19:00,หลังโควิด,221.0,221.0,1
ศรีย่าน,สามเสน,16:00-19:00,โควิด,1173.0,1173.0,1
ศรีอยุธยา,พระรามที่ 6,07:00-09:00,ก่อนโควิด,4222.5,4222.5,1
ศรีอยุธยา,พระรามที่ 6,07:00-09:00,หลังโควิด,3688.25,3688.25,2
ศรีอยุธยา,พระรามที่ 6,07:00-09:00,โควิด,2638.5,2638.5,1
ศรีอยุธยา,ศรีอยุธยา,07:00-09:00,ก่อนโควิด,3675.0,3675.0,1
ศรีอยุธยา,ศรีอยุธยา,07:00-09:00,หลังโควิด,3356.25,3356.25,2
ศรีอยุธยา,ศรีอยุธยา,07:00-09:00,โควิด,3502.75,3502.75,2
ศาลาแดง,พระรามที่ 4,07:00-09:00,ก่อนโควิด,6327.0,6327.0,1
ศาลาแดง,พระรามที่ 4,07:00-09:00,หลังโควิด,7482.75,7482.75,2
ศาลาแดง,พระรามที่ 4,07:00-09:00,โควิด,8018.5,8018.5,1
ศาลาแดง,พระรามที่ 4,09:00-16:00,ก่อนโควิด,6993.714285714285,6993.714285714285,1
ศาลาแดง,พระรามที่ 4,09:00-16:00,หลังโควิด,7109.428571428572,7109.428571428572,1
ศาลาแดง,พระรามที่ 4,09:00-16:00,โควิด,7436.0,7436.0,1
ศาลาแดง,พระรามที่ 4,16:00-19:00,ก่อนโควิด,6519.0,6519.0,1
ศาลาแดง,พระรามที่ 4,16:00-19:00,หลังโควิด,7284.666666666667,7284.666666666667,1
ศาลาแดง,พระรามที่ 4,16:00-19:00,โควิด,6633.333333333333,6633.333333333333,1
ศาลาแดง,ราชดำริ,07:00-09:00,ก่อนโควิด,1591.5,1591.5,1
ศาลาแดง,ราชดำริ,07:00-09:00,หลังโควิด,1357.0,1357.0,2
ศาลาแดง,ราชดำริ,07:00-09:00,โควิด,1481.0,1481.0,1
ศาลาแดง,ราชดำริ,09:00-16:00,ก่อนโควิด,1715.2857142857142,1715.2857142857142,1
ศาลาแดง,ราชดำริ,09:00-16:00,หลังโควิด,1417.857142857143,1417.857142857143,1
ศาลาแดง,ราชดำริ,09:00-16:00,โควิด,1671.0,1671.0,1
ศาลาแดง,ราชดำริ,16:00-19:00,ก่อนโควิด,1663.0,1663.0,1
ศาลาแดง,ราชดำริ,16:00-19:00,หลังโควิด,1781.6666666666667,1781.6666666666667,1
ศาลาแดง,ราชดำริ,16:00-19:00,โควิด,1395.3333333333333,1395.3333333333333,1
ศาลาแดง,สีลม,07:00-09:00,ก่อนโควิด,1131.5,1131.5,1
ศาลาแดง,สีลม,07:00-09:00,หลังโควิด,895.25,895.25,2
ศาลาแดง,สีลม,07:00-09:00,โควิด,798.0,798.0,1
ศาลาแดง,สีลม,09:00-16:00,ก่อนโควิด,900.2857142857143,900.2857142857143,1
ศาลาแดง,สีลม,09:00-16:00,หลังโควิด,1209.4285714285713,1209.4285714285713,1
ศาลาแดง,สีลม,09:00-16:00,โควิด,827.4285714285714,827.4285714285714,1
ศาลาแดง,สีลม,16:00-19:00,ก่อนโควิด,828.0,828.0,1
ศาลาแดง,สีลม,16:00-19:00,หลังโควิด,1372.3333333333333,1372.3333333333333,1
ศาลาแดง,สีลม,16:00-19:00,โควิด,864.6666666666666,864.6666666666666,1
ศิริราช,พรานนก,07:00-09:00,ก่อนโควิด,1208.5,1208.5,1
ศิริราช,พรานนก,07:00-09:00,หลังโควิด,955.0,955.0,1
ศิริราช,พรานนก,07:00-09:00,โควิด,1159.5,1159.5,1
สวนรื่นฤดี,สุโขทัย,07:00-09:00,ก่อนโควิด,1877.0,1877.0,1
สวนรื่นฤดี,สุโขทัย,07:00-09:00,หลังโควิด,1303.0,1303.0,1
สวนรื่นฤดี,สุโขทัย,07:00-09:00,โควิด,1219.5,1219.5,1
สะพานขาว,กรุงเกษม,07:00-09:00,ก่อนโควิด,1201.5,1201.5,1
สะพานขาว,กรุงเกษม,07:00-09:00,หลังโควิด,881.25,881.25,2
สะพานขาว,กรุงเกษม,07:00-09:00,โควิด,1107.0,1107.0,1
สะพานขาว,กรุงเกษม,09:00-16:00,ก่อนโควิด,1861.142857142857,1861.142857142857,1
สะพานขาว,กรุงเกษม,09:00-16:00,หลังโควิด,1261.5714285714287,1261.5714285714287,1
สะพานขาว,กรุงเกษม,09:00-16:00,โควิด,1498.0,1498.0,1
สะพานขาว,กรุงเกษม,16:00-19:00,ก่อนโควิด,1604.6666666666667,1604.6666666666667,1
สะพานขาว,กรุงเกษม,16:00-19:00,หลังโควิด,1192.6666666666667,1192.6666666666667,1
สะพานขาว,กรุงเกษม,16:00-19:00,โควิด,1541.0,1541.0,1
สะพานขาว,หลานหลวง,07:00-09:00,ก่อนโควิด,2719.5,2719.5,1
สะพานขาว,หลานหลวง,07:00-09:00,หลังโควิด,2847.75,2847.75,2
สะพานขาว,หลานหลวง,07:00-09:00,โควิด,2367.5,2367.5,1
สะพานขาว,หลานหลวง,09:00-16:00,ก่อนโควิด,2605.5714285714284,2605.5714285714284,1
สะพานขาว,หลานหลวง,09:00-16:00,หลังโควิด,2677.0,2677.0,1
สะพานขาว,หลานหลวง,09:00-16:00,โควิด,2173.714285714286,2173.714285714286,1
สะพานขาว,หลานหลวง,16:00-19:00,ก่อนโควิด,2569.3333333333335,2569.3333333333335,1
สะพานขาว,หลานหลวง,16:00-19:00,หลังโควิด,2508.0,2508.0,1
สะพานขาว,หลานหลวง,16:00-19:00,โควิด,2204.6666666666665,2204.6666666666665,1
สะพานควาย,ประดิพัทธ์,07:00-09:00,ก่อนโควิด,1052.5,1052.5,1
สะพานควาย,ประดิพัทธ์,07:00-09:00,หลังโควิด,733.5,733.5,2
สะพานควาย,ประดิพัทธ์,07:00-09:00,โควิด,1007.25,1007.25,2
สะพานควาย,พหลโยธิน,07:00-09:00,ก่อนโควิด,2770.0,2770.0,1
สะพานควาย,พหลโยธิน,07:00-09:00,หลังโควิด,2524.75,2524.75,2
สะพานควาย,พหลโยธิน,07:00-09:00,โควิด,3220.25,3220.25,2
สะพานควาย,สุทธิสาร,07:00-09:00,ก่อนโควิด,1079.5,1079.5,1
สะพานควาย,สุทธิสาร,07:00-09:00,หลังโควิด,703.25,703.25,2
สะพานควาย,สุทธิสาร,07:00-09:00,โควิด,842.75,842.75,2
สะพานดำ,กำแพงเพชร,07:00-09:00,ก่อนโควิด,1039.0,1039.0,1
สะพานดำ,กำแพงเพชร,07:00-09:00,หลังโควิด,1083.5,1083.5,2
สะพานดำ,กำแพงเพชร,07:00-09:00,โควิด,984.0,984.0,1
สะพานดำ,กำแพงเพชร 5,07:00-09:00,ก่อนโควิด,2.5,2.5,1
สะพานดำ,กำแพงเพชร 5,07:00-09:00,หลังโควิด,0.5,0.5,1
สะพานดำ,กำแพงเพชร 5,07:00-09:00,โควิด,3.0,3.0,1
สะพานดำ,พระรามที่ 6,07:00-09:00,ก่อนโควิด,2088.5,2088.5,1
สะพานดำ,พระรามที่ 6,07:00-09:00,หลังโควิด,1496.0,1496.0,2
สะพานดำ,พระรามที่ 6,07:00-09:00,โควิด,1622.0,1622.0,1
สะพานเหลือง,บรรทัดทอง,07:00-09:00,ก่อนโควิด,747.0,747.0,2
สะพานเหลือง,บรรทัดทอง,07:00-09:00,หลังโควิด,481.0,481.0,1
สะพานเหลือง,บรรทัดทอง,07:00-09:00,โควิด,661.5,661.5,1
สะพานเหลือง,พระรามที่ 4,07:00-09:00,ก่อนโควิด,4466.25,4466.25,2
สะพานเหลือง,พระรามที่ 4,07:00-09:00,หลังโควิด,4418.0,4418.0,1
สะพานเหลือง,พระรามที่ 4,07:00-09:00,โควิด,2541.0,2541.0,1
สะพานแดง,ทหาร,07:00-09:00,ก่อนโควิด,1085.25,1085.25,2
สะพานแดง,ทหาร,07:00-09:00,หลังโควิด,789.0,789.0,2
สะพานแดง,ทหาร,07:00-09:00,โควิด,805.0,805.0,1
สะพานแดง,ทหาร,09:00-16:00,ก่อนโควิด,688.5,688.5,2
สะพานแดง,ทหาร,09:00-16:00,หลังโควิด,613.0,613.0,1
สะพานแดง,ทหาร,09:00-16:00,โควิด,628.5714285714286,628.5714285714286,1
สะพานแดง,ทหาร,16:00-19:00,ก่อนโควิด,827.0,827.0,2
สะพานแดง,ทหาร,16:00-19:00,หลังโควิด,661.3333333333334,661.3333333333334,1
สะพานแดง,ทหาร,16:00-19:00,โควิด,748.0,748.0,1
สะพานแดง,ประดิพัทธ์,07:00-09:00,ก่อนโควิด,462.5,462.5,2
สะพานแดง,ประดิพัทธ์,07:00-09:00,หลังโควิด,563.5,563.5,2
สะพานแดง,ประดิพัทธ์,07:00-09:00,โควิด,409.0,409.0,1
สะพานแดง,ประดิพัทธ์,09:00-16:00,ก่อนโควิด,452.6428571428571,452.6428571428571,2
สะพานแดง,ประดิพัทธ์,09:00-16:00,หลังโควิด,646.4285714285714,646.4285714285714,1
สะพานแดง,ประดิพัทธ์,09:00-16:00,โควิด,418.57142857142856,418.57142857142856,1
สะพานแดง,ประดิพัทธ์,16:00-19:00,ก่อนโควิด,686.8333333333334,686.8333333333334,2
สะพานแดง,ประดิพัทธ์,16:00-19:00,หลังโควิด,656.3333333333334,656.3333333333334,1
สะพานแดง,ประดิพัทธ์,16:00-19:00,โควิด,522.3333333333334,522.3333333333334,1
สะพานแดง,พระรามที่ 5,07:00-09:00,ก่อนโควิด,427.0,427.0,1
สะพานแดง,พระรามที่ 5,07:00-09:00,หลังโควิด,518.0,518.0,2
สะพานแดง,พระรามที่ 5,07:00-09:00,โควิด,385.5,385.5,1
สะพานแดง,พระรามที่ 5,09:00-16:00,ก่อนโควิด,509.2142857142857,509.2142857142857,2
สะพานแดง,พระรามที่ 5,09:00-16:00,หลังโควิด,676.1428571428571,676.1428571428571,1
สะพานแดง,พระรามที่ 5,09:00-16:00,โควิด,618.4285714285714,618.4285714285714,1
สะพานแดง,พระรามที่ 5,16:00-19:00,ก่อนโควิด,625.6666666666666,625.6666666666666,1
สะพานแดง,พระรามที่ 5,16:00-19:00,หลังโควิด,1157.6666666666667,1157.6666666666667,1
สะพานแดง,พระรามที่ 5,16:00-19:00,โควิด,647.0,647.0,1
สะพานแดง,เตชะวณิช,07:00-09:00,ก่อนโควิด,1240.0,1240.0,1
สะพานแดง,เตชะวณิช,07:00-09:00,หลังโควิด,1362.0,1362.0,2
สะพานแดง,เตชะวณิช,07:00-09:00,โควิด,1190.0,1190.0,1
สะพานแดง,เตชะวณิช,09:00-16:00,ก่อนโควิด,1006.5714285714286,1006.5714285714286,2
สะพานแดง,เตชะวณิช,09:00-16:00,หลังโควิด,695.0,695.0,1
สะพานแดง,เตชะวณิช,09:00-16:00,โควิด,911.5714285714286,911.5714285714286,1
สะพานแดง,เตชะวณิช,16:00-19:00,ก่อนโควิด,871.0,871.0,1
สะพานแดง,เตชะวณิช,16:00-19:00,หลังโควิด,604.0,604.0,1
สะพานแดง,เตชะวณิช,16:00-19:00,โควิด,778.3333333333334,778.3333333333334,1
สาทร - นราธิวาส,สาทร,07:00-09:00,ก่อนโควิด,5768.0,5768.0,1
สาทร - นราธิวาส,สาทร,07:00-09:00,หลังโควิด,4303.0,4420.333333333333,3
สาทร - นราธิวาส,สาทร,07:00-09:00,โควิด,3944.5,3944.5,1
สาทร - นราธิวาส,สาทร,09:00-16:00,ก่อนโควิด,4696.428571428572,4696.428571428572,1
สาทร - นราธิวาส,สาทร,09:00-16:00,หลังโควิด,4523.285714285715,4523.285714285715,1
สาทร - นราธิวาส,สาทร,09:00-16:00,โควิด,3969.714285714286,3969.714285714286,1
สาทร - นราธิวาส,สาทร,16:00-19:00,ก่อนโควิด,4325.0,4325.0,1
สาทร - นราธิวาส,สาทร,16:00-19:00,หลังโควิด,4550.0,4550.0,1
สาทร - นราธิวาส,สาทร,16:00-19:00,โควิด,4349.333333333333,4349.333333333333,1
สาทร - เจริญกรุง,สาทร,07:00-09:00,ก่อนโควิด,1113.5,1113.5,1
สาทร - เจริญกรุง,สาทร,07:00-09:00,หลังโควิด,874.0,874.0,2
สาทร - เจริญกรุง,สาทร,07:00-09:00,โควิด,286.0,286.0,1
สาทร - เจริญกรุง,สาทร,09:00-16:00,ก่อนโควิด,926.0,926.0,1
สาทร - เจริญกรุง,สาทร,09:00-16:00,หลังโควิด,809.1428571428571,809.1428571428571,1
สาทร - เจริญกรุง,สาทร,09:00-16:00,โควิด,326.14285714285717,326.14285714285717,1
สาทร - เจริญกรุง,สาทร,16:00-19:00,ก่อนโควิด,607.0,607.0,1
สาทร - เจริญกรุง,สาทร,16:00-19:00,หลังโควิด,835.0,835.0,1
สาทร - เจริญกรุง,สาทร,16:00-19:00,โควิด,334.0,334.0,1
สาทร - เจริญกรุง,เจริญกรุง,07:00-09:00,ก่อนโควิด,1414.5,1414.5,1
สาทร - เจริญกรุง,เจริญกรุง,07:00-09:00,หลังโควิด,1034.0,1034.0,2
สาทร - เจริญกรุง,เจริญกรุง,07:00-09:00,โควิด,1034.0,1034.0,1
สาทร - เจริญกรุง,เจริญกรุง,09:00-16:00,ก่อนโควิด,1268.857142857143,1268.857142857143,1
สาทร - เจริญกรุง,เจริญกรุง,09:00-16:00,หลังโควิด,1177.2857142857142,1177.2857142857142,1
สาทร - เจริญกรุง,เจริญกรุง,09:00-16:00,โควิด,1051.7142857142858,1051.7142857142858,1
สาทร - เจริญกรุง,เจริญกรุง,16:00-19:00,ก่อนโควิด,1368.0,1368.0,1
สาทร - เจริญกรุง,เจริญกรุง,16:00-19:00,หลังโควิด,1243.0,1243.0,1
สาทร - เจริญกรุง,เจริญกรุง,16:00-19:00,โควิด,1258.3333333333333,1258.3333333333333,1
สาธุ - จันทน์,จันทน์,07:00-09:00,ก่อนโควิด,1702.75,1702.75,2
สาธุ - จันทน์,จันทน์,07:00-09:00,หลังโควิด,1009.5,1009.5,2
สาธุ - จันทน์,จันทน์,07:00-09:00,โควิด,1404.5,1404.5,1
สาธุ - จันทน์,สาธุประดิษฐ์,07:00-09:00,ก่อนโควิด,635.5,635.5,2
สาธุ - จันทน์,สาธุประดิษฐ์,07:00-09:00,หลังโควิด,843.25,843.25,2
สาธุ - จันทน์,สาธุประดิษฐ์,07:00-09:00,โควิด,623.0,623.0,1
สาธุประดิษฐ์,สาธุประดิษฐ์,09:00-16:00,ก่อนโควิด,560.0714285714286,560.0714285714286,2
สาธุประดิษฐ์,สาธุประดิษฐ์,09:00-16:00,หลังโควิด,427.7142857142857,427.7142857142857,1
สาธุประดิษฐ์,สาธุประดิษฐ์,09:00-16:00,โควิด,637.2857142857143,637.2857142857143,1
สามยอด,มหาไชย,07:00-09:00,ก่อนโควิด,3275.0,3275.0,1
สามยอด,มหาไชย,07:00-09:00,หลังโควิด,2805.25,2805.25,2
สามยอด,มหาไชย,07:00-09:00,โควิด,2319.0,2319.0,2
สามยอด,มหาไชย,09:00-16:00,ก่อนโควิด,2871.8571428571427,2871.8571428571427,1
สามยอด,มหาไชย,09:00-16:00,หลังโควิด,2272.0,2272.0,1
สามยอด,มหาไชย,09:00-16:00,โควิด,1974.4285714285716,1974.4285714285716,2
สามยอด,มหาไชย,16:00-19:00,ก่อนโควิด,2084.0,2084.0,1
สามยอด,มหาไชย,16:00-19:00,หลังโควิด,2176.6666666666665,2176.6666666666665,1
สามยอด,มหาไชย,16:00-19:00,โควิด,1874.8333333333335,1874.8333333333335,2
สามยอด,เจริญกรุง,07:00-09:00,ก่อนโควิด,1190.0,1190.0,1
สามยอด,เจริญกรุง,07:00-09:00,หลังโควิด,1518.75,1518.75,2
สามยอด,เจริญกรุง,07:00-09:00,โควิด,1120.75,1120.75,2
สามยอด,เจริญกรุง,09:00-16:00,ก่อนโควิด,870.4285714285714,870.4285714285714,1
สามยอด,เจริญกรุง,09:00-16:00,หลังโควิด,1185.2857142857142,1185.2857142857142,1
สามยอด,เจริญกรุง,09:00-16:00,โควิด,886.2142857142858,886.2142857142858,2
สามยอด,เจริญกรุง,16:00-19:00,ก่อนโควิด,667.6666666666666,667.6666666666666,1
สามยอด,เจริญกรุง,16:00-19:00,หลังโควิด,893.6666666666666,893.6666666666666,1
สามยอด,เจริญกรุง,16:00-19:00,โควิด,825.5,825.5,2
สามเสน,นครไชยศรี,07:00-09:00,ก่อนโควิด,955.25,955.25,2
สามเสน,นครไชยศรี,07:00-09:00,หลังโควิด,932.5,932.5,1
สามเสน,นครไชยศรี,07:00-09:00,โควิด,1060.0,1060.0,2
สามเสน,สวรรคโลก,07:00-09:00,ก่อนโควิด,851.25,851.25,2
สามเสน,สวรรคโลก,07:00-09:00,หลังโควิด,823.5,823.5,1
สามเสน,สวรรคโลก,07:00-09:00,โควิด,1148.75,1148.75,2
สามเสน,เทอดดำริ,07:00-09:00,ก่อนโควิด,876.25,876.25,2
สามเสน,เทอดดำริ,07:00-09:00,หลังโควิด,849.5,849.5,1
สามเสน,เทอดดำริ,07:00-09:00,โควิด,764.25,764.25,2
สามเหลี่ยมดินแดง,ดินแดง,07:00-09:00,ก่อนโควิด,2431.0,2431.0,1
สามเหลี่ยมดินแดง,ดินแดง,07:00-09:00,หลังโควิด,3242.25,3242.25,2
สามเหลี่ยมดินแดง,ดินแดง,07:00-09:00,โควิด,3217.0,3217.0,1
สามเหลี่ยมดินแดง,ดินแดง,09:00-16:00,ก่อนโควิด,2433.5714285714284,2433.5714285714284,1
สามเหลี่ยมดินแดง,ดินแดง,09:00-16:00,หลังโควิด,2942.8571428571427,2942.8571428571427,1
สามเหลี่ยมดินแดง,ดินแดง,09:00-16:00,โควิด,2603.714285714286,2603.714285714286,1
สามเหลี่ยมดินแดง,ดินแดง,16:00-19:00,ก่อนโควิด,1374.6666666666667,1374.6666666666667,1
สามเหลี่ยมดินแดง,ดินแดง,16:00-19:00,หลังโควิด,1771.6666666666667,1771.6666666666667,1
สามเหลี่ยมดินแดง,ดินแดง,16:00-19:00,โควิด,2238.6666666666665,2238.6666666666665,1
สามเหลี่ยมดินแดง,ราชปรารภ,07:00-09:00,ก่อนโควิด,2789.0,2789.0,1
สามเหลี่ยมดินแดง,ราชปรารภ,07:00-09:00,หลังโควิด,1970.25,1970.25,2
สามเหลี่ยมดินแดง,ราชปรารภ,07:00-09:00,โควิด,2680.5,2680.5,1
สามเหลี่ยมดินแดง,ราชปรารภ,09:00-16:00,ก่อนโควิด,2297.0,2297.0,1
สามเหลี่ยมดินแดง,ราชปรารภ,09:00-16:00,หลังโควิด,1715.7142857142858,1715.7142857142858,1
สามเหลี่ยมดินแดง,ราชปรารภ,09:00-16:00,โควิด,2311.4285714285716,2311.4285714285716,1
สามเหลี่ยมดินแดง,ราชปรารภ,16:00-19:00,ก่อนโควิด,3304.6666666666665,3304.6666666666665,1
สามเหลี่ยมดินแดง,ราชปรารภ,16:00-19:00,หลังโควิด,2199.0,2199.0,1
สามเหลี่ยมดินแดง,ราชปรารภ,16:00-19:00,โควิด,3088.0,3088.0,1
สามเหลี่ยมดินแดง,ราชวิถี,07:00-09:00,ก่อนโควิด,1087.0,1087.0,1
สามเหลี่ยมดินแดง,ราชวิถี,07:00-09:00,หลังโควิด,1041.75,1041.75,2
สามเหลี่ยมดินแดง,ราชวิถี,07:00-09:00,โควิด,1056.0,1056.0,1
สามเหลี่ยมดินแดง,ราชวิถี,09:00-16:00,ก่อนโควิด,1027.2857142857142,1027.2857142857142,1
สามเหลี่ยมดินแดง,ราชวิถี,09:00-16:00,หลังโควิด,699.8571428571429,699.8571428571429,1
สามเหลี่ยมดินแดง,ราชวิถี,09:00-16:00,โควิด,1270.2857142857142,1270.2857142857142,1
สามเหลี่ยมดินแดง,ราชวิถี,16:00-19:00,ก่อนโควิด,1188.0,1188.0,1
สามเหลี่ยมดินแดง,ราชวิถี,16:00-19:00,หลังโควิด,1301.0,1301.0,1
สามเหลี่ยมดินแดง,ราชวิถี,16:00-19:00,โควิด,1313.3333333333333,1313.3333333333333,1
สามแยกบางกะปิ,ลาดพร้าว,07:00-09:00,ก่อนโควิด,2281.5,2281.5,1
สามแยกบางกะปิ,ลาดพร้าว,07:00-09:00,หลังโควิด,1799.0,1851.8333333333333,3
สามแยกบางกะปิ,ลาดพร้าว,07:00-09:00,โควิด,2165.5,2165.5,1
สามแยกบางกะปิ,ศรีนครินทร์,07:00-09:00,ก่อนโควิด,768.5,768.5,1
สามแยกบางกะปิ,ศรีนครินทร์,07:00-09:00,หลังโควิด,945.5,901.0,3
สามแยกบางกะปิ,ศรีนครินทร์,07:00-09:00,โควิด,531.0,531.0,1
สีลม - นราธิวาส,นราธิวาสราชนครินทร์,07:00-09:00,ก่อนโควิด,2116.0,2116.0,1
สีลม - นราธิวาส,นราธิวาสราชนครินทร์,07:00-09:00,หลังโควิด,2016.0,2016.0,1
สีลม - นราธิวาส,นราธิวาสราชนครินทร์,07:00-09:00,โควิด,2041.5,2041.5,1
สีลม - นราธิวาส,สีลม,07:00-09:00,ก่อนโควิด,2626.5,2626.5,1
สีลม - นราธิวาส,สีลม,07:00-09:00,หลังโควิด,1899.0,1899.0,2
สีลม - นราธิวาส,สีลม,07:00-09:00,โควิด,2199.5,2199.5,1
สี่กั๊กเสาชิงช้า,ตะนาว,07:00-09:00,ก่อนโควิด,183.0,183.0,1
สี่กั๊กเสาชิงช้า,ตะนาว,07:00-09:00,หลังโควิด,293.75,293.75,2
สี่กั๊กเสาชิงช้า,ตะนาว,07:00-09:00,โควิด,177.5,177.5,1
สี่กั๊กเสาชิงช้า,ตะนาว,09:00-16:00,ก่อนโควิด,249.28571428571428,249.28571428571428,1
สี่กั๊กเสาชิงช้า,ตะนาว,09:00-16:00,หลังโควิด,279.57142857142856,279.57142857142856,1
สี่กั๊กเสาชิงช้า,ตะนาว,09:00-16:00,โควิด,196.42857142857142,196.42857142857142,1
สี่กั๊กเสาชิงช้า,ตะนาว,16:00-19:00,ก่อนโควิด,190.0,190.0,1
สี่กั๊กเสาชิงช้า,ตะนาว,16:00-19:00,หลังโควิด,126.66666666666667,126.66666666666667,1
สี่กั๊กเสาชิงช้า,ตะนาว,16:00-19:00,โควิด,154.33333333333334,154.33333333333334,1
สี่กั๊กเสาชิงช้า,บำรุงเมือง,07:00-09:00,ก่อนโควิด,1017.0,1017.0,1
สี่กั๊กเสาชิงช้า,บำรุงเมือง,07:00-09:00,หลังโควิด,765.0,765.0,2
สี่กั๊กเสาชิงช้า,บำรุงเมือง,07:00-09:00,โควิด,707.5,707.5,1
สี่กั๊กเสาชิงช้า,บำรุงเมือง,09:00-16:00,ก่อนโควิด,1004.0,1004.0,1
สี่กั๊กเสาชิงช้า,บำรุงเมือง,09:00-16:00,หลังโควิด,570.0,570.0,1
สี่กั๊กเสาชิงช้า,บำรุงเมือง,09:00-16:00,โควิด,398.57142857142856,398.57142857142856,1
สี่กั๊กเสาชิงช้า,เฟื่องนคร,07:00-09:00,ก่อนโควิด,884.5,884.5,1
สี่กั๊กเสาชิงช้า,เฟื่องนคร,07:00-09:00,หลังโควิด,442.0,442.0,2
สี่กั๊กเสาชิงช้า,เฟื่องนคร,07:00-09:00,โควิด,268.0,268.0,1
สี่กั๊กเสาชิงช้า,เฟื่องนคร,09:00-16:00,ก่อนโควิด,801.7142857142857,801.7142857142857,1
สี่กั๊กเสาชิงช้า,เฟื่องนคร,09:00-16:00,หลังโควิด,523.7142857142857,523.7142857142857,1
สี่กั๊กเสาชิงช้า,เฟื่องนคร,09:00-16:00,โควิด,296.57142857142856,296.57142857142856,1
สี่กั๊กเสาชิงช้า,เฟื่องนคร,16:00-19:00,ก่อนโควิด,439.0,439.0,1
สี่กั๊กเสาชิงช้า,เฟื่องนคร,16:00-19:00,หลังโควิด,366.0,366.0,1
สี่กั๊กเสาชิงช้า,เฟื่องนคร,16:00-19:00,โควิด,283.0,283.0,1
สุทธิสาร,รัชดาภิเษก,07:00-09:00,ก่อนโควิด,6144.5,6144.5,2
สุทธิสาร,รัชดาภิเษก,07:00-09:00,หลังโควิด,6755.5,6755.5,1
สุทธิสาร,รัชดาภิเษก,07:00-09:00,โควิด,4322.5,4322.5,2
สุทธิสาร,รัชดาภิเษก,09:00-16:00,ก่อนโควิด,5318.714285714286,5318.714285714286,2
สุทธิสาร,รัชดาภิเษก,09:00-16:00,หลังโควิด,6582.142857142857,6582.142857142857,1
สุทธิสาร,รัชดาภิเษก,09:00-16:00,โควิด,4279.285714285715,4279.285714285715,2
สุทธิสาร,รัชดาภิเษก,16:00-19:00,ก่อนโควิด,5585.5,5585.5,2
สุทธิสาร,รัชดาภิเษก,16:00-19:00,หลังโควิด,6477.0,6477.0,1
สุทธิสาร,รัชดาภิเษก,16:00-19:00,โควิด,4054.333333333333,4054.333333333333,2
สุทธิสาร,สุทธิสารวินิจฉัย,07:00-09:00,ก่อนโควิด,1539.75,1539.75,2
สุทธิสาร,สุทธิสารวินิจฉัย,07:00-09:00,หลังโควิด,1293.0,1293.0,1
สุทธิสาร,สุทธิสารวินิจฉัย,07:00-09:00,โควิด,1283.5,1283.5,1
สุทธิสาร,สุทธิสารวินิจฉัย,09:00-16:00,ก่อนโควิด,1219.857142857143,1219.857142857143,2
สุทธิสาร,สุทธิสารวินิจฉัย,09:00-16:00,หลังโควิด,1016.2857142857143,1016.2857142857143,1
สุทธิสาร,สุทธิสารวินิจฉัย,09:00-16:00,โควิด,1218.4285714285713,1218.4285714285713,1
สุทธิสาร,สุทธิสารวินิจฉัย,16:00-19:00,ก่อนโควิด,1188.5,1188.5,2
สุทธิสาร,สุทธิสารวินิจฉัย,16:00-19:00,หลังโควิด,1072.6666666666667,1072.6666666666667,1
สุทธิสาร,สุทธิสารวินิจฉัย,16:00-19:00,โควิด,1243.3333333333333,1243.3333333333333,1
สุวินทวงศ์ - ราษฎร์อุทิศ,ราษฎร์อุทิศ,07:00-09:00,ก่อนโควิด,1349.0,1349.0,1
สุวินทวงศ์ - ราษฎร์อุทิศ,ราษฎร์อุทิศ,07:00-09:00,หลังโควิด,1505.0,1505.0,1
สุวินทวงศ์ - ราษฎร์อุทิศ,ราษฎร์อุทิศ,07:00-09:00,โควิด,1500.0,1500.0,1
สุวินทวงศ์ - ราษฎร์อุทิศ,สุวินทวงศ์,07:00-09:00,ก่อนโควิด,3585.5,3585.5,1
สุวินทวงศ์ - ราษฎร์อุทิศ,สุวินทวงศ์,07:00-09:00,หลังโควิด,3235.5,3235.5,1
สุวินทวงศ์ - ราษฎร์อุทิศ,สุวินทวงศ์,07:00-09:00,โควิด,2387.0,2387.0,1
สุโขทัย,สุโขทัย,07:00-09:00,ก่อนโควิด,1428.5,1428.5,2
สุโขทัย,สุโขทัย,07:00-09:00,หลังโควิด,1506.0,1919.5,3
สุโขทัย,สุโขทัย,07:00-09:00,โควิด,1512.0,1512.0,1
สุโขทัย,สุโขทัย,09:00-16:00,ก่อนโควิด,1498.7142857142858,1498.7142857142858,2
สุโขทัย,สุโขทัย,09:00-16:00,หลังโควิด,1774.0,1774.0,2
สุโขทัย,สุโขทัย,09:00-16:00,โควิด,1515.4285714285713,1515.4285714285713,1
สุโขทัย,สุโขทัย,16:00-19:00,ก่อนโควิด,1461.3333333333335,1461.3333333333335,2
สุโขทัย,สุโขทัย,16:00-19:00,หลังโควิด,1946.5,1946.5,2
สุโขทัย,สุโขทัย,16:00-19:00,โควิด,1442.0,1442.0,1
หทัยราษฎร์ - เลียบคลองสอง,หทัยราษฎร์,07:00-09:00,ก่อนโควิด,3182.0,3182.0,1
หทัยราษฎร์ - เลียบคลองสอง,หทัยราษฎร์,07:00-09:00,หลังโควิด,2921.0,2921.0,2
หทัยราษฎร์ - เลียบคลองสอง,หทัยราษฎร์,07:00-09:00,โควิด,2571.5,2571.5,1
หทัยราษฎร์ - เลียบคลองสอง,หทัยราษฎร์,09:00-16:00,ก่อนโควิด,2510.8571428571427,2510.8571428571427,1
หทัยราษฎร์ - เลียบคลองสอง,หทัยราษฎร์,09:00-16:00,หลังโควิด,2509.714285714286,2509.714285714286,1
หทัยราษฎร์ - เลียบคลองสอง,หทัยราษฎร์,09:00-16:00,โควิด,2416.5,2416.5,2
หทัยราษฎร์ - เลียบคลองสอง,หทัยราษฎร์,16:00-19:00,ก่อนโควิด,2473.6666666666665,2473.6666666666665,1
หทัยราษฎร์ - เลียบคลองสอง,หทัยราษฎร์,16:00-19:00,หลังโควิด,2388.6666666666665,2388.6666666666665,1
หทัยราษฎร์ - เลียบคลองสอง,หทัยราษฎร์,16:00-19:00,โควิด,2352.6666666666665,2352.6666666666665,1
หทัยราษฎร์ - เลียบคลองสอง,เลียบคลองสอง,07:00-09:00,ก่อนโควิด,1183.5,1183.5,1
หทัยราษฎร์ - เลียบคลองสอง,เลียบคลองสอง,07:00-09:00,หลังโควิด,972.5,972.5,2
หทัยราษฎร์ - เลียบคลองสอง,เลียบคลองสอง,07:00-09:00,โควิด,980.75,980.75,2
หทัยราษฎร์ - เลียบคลองสอง,เลียบคลองสอง,09:00-16:00,ก่อนโควิด,792.4285714285714,792.4285714285714,1
หทัยราษฎร์ - เลียบคลองสอง,เลียบคลองสอง,09:00-16:00,หลังโควิด,884.7142857142857,884.7142857142857,1
หทัยราษฎร์ - เลียบคลองสอง,เลียบคลองสอง,09:00-16:00,โควิด,992.0,992.0,2
หทัยราษฎร์ - เลียบคลองสอง,เลียบคลองสอง,16:00-19:00,ก่อนโควิด,1078.6666666666667,1078.6666666666667,1
หทัยราษฎร์ - เลียบคลองสอง,เลียบคลองสอง,16:00-19:00,หลังโควิด,999.0,999.0,1
หทัยราษฎร์ - เลียบคลองสอง,เลียบคลองสอง,16:00-19:00,โควิด,989.1666666666666,989.1666666666666,2
หมอมี,พระรามที่ 4,07:00-09:00,ก่อนโควิด,516.75,516.75,2
หมอมี,พระรามที่ 4,07:00-09:00,หลังโควิด,597.5,597.5,2
หมอมี,พระรามที่ 4,07:00-09:00,โควิด,356.5,356.5,1
หมอมี,เจริญกรุง,07:00-09:00,ก่อนโควิด,2074.0,2074.0,2
หมอมี,เจริญกรุง,07:00-09:00,หลังโควิด,1308.5,1308.5,2
หมอมี,เจริญกรุง,07:00-09:00,โควิด,1324.5,1324.5,1
หมอเหล็ง,จตุรทิศ,07:00-09:00,ก่อนโควิด,604.5,604.5,1
หมอเหล็ง,จตุรทิศ,07:00-09:00,หลังโควิด,2371.0,2456.875,4
หมอเหล็ง,จตุรทิศ,07:00-09:00,โควิด,59.0,59.0,1
หมอเหล็ง,ราชปรารภ,07:00-09:00,ก่อนโควิด,1987.5,1987.5,1
หมอเหล็ง,ราชปรารภ,07:00-09:00,หลังโควิด,1373.0,1455.625,4
หมอเหล็ง,ราชปรารภ,07:00-09:00,โควิด,1812.5,1812.5,1
หมอเหล็ง,ศรีอยุธยา,07:00-09:00,ก่อนโควิด,5655.0,5655.0,1
หมอเหล็ง,ศรีอยุธยา,07:00-09:00,หลังโควิด,2482.75,2381.25,4
หมอเหล็ง,ศรีอยุธยา,07:00-09:00,โควิด,740.0,740.0,1
หมู่บ้านสหกรณ์,ทางเข้าหมู่บ้านสหกรณ์,07:00-09:00,ก่อนโควิด,396.5,396.5,1
หมู่บ้านสหกรณ์,ทางเข้าหมู่บ้านสหกรณ์,07:00-09:00,หลังโควิด,385.5,385.5,1
หมู่บ้านสหกรณ์,ทางเข้าหมู่บ้านสหกรณ์,07:00-09:00,โควิด,313.0,313.0,1
หมู่บ้านสหกรณ์,เสรีไทย,07:00-09:00,ก่อนโควิด,4705.5,4705.5,1
หมู่บ้านสหกรณ์,เสรีไทย,07:00-09:00,หลังโควิด,3412.75,3412.75,2
หมู่บ้านสหกรณ์,เสรีไทย,07:00-09:00,โควิด,3179.0,3179.0,1
หมู่บ้านเศรษฐกิจ,เพชรเกษม,07:00-09:00,ก่อนโควิด,6191.0,6191.0,2
หมู่บ้านเศรษฐกิจ,เพชรเกษม,07:00-09:00,หลังโควิด,6051.5,6017.0,3
หมู่บ้านเศรษฐกิจ,เพชรเกษม,07:00-09:00,โควิด,5940.0,5940.0,1
หมู่บ้านเศรษฐกิจ,เพชรเกษม,09:00-16:00,ก่อนโควิด,6058.928571428572,6058.928571428572,2
หมู่บ้านเศรษฐกิจ,เพชรเกษม,09:00-16:00,หลังโควิด,6118.571428571428,6118.571428571428,1
หมู่บ้านเศรษฐกิจ,เพชรเกษม,09:00-16:00,โควิด,5847.428571428572,5847.428571428572,1
หมู่บ้านเศรษฐกิจ,เพชรเกษม,16:00-19:00,ก่อนโควิด,5450.666666666666,5450.666666666666,2
หมู่บ้านเศรษฐกิจ,เพชรเกษม,16:00-19:00,หลังโควิด,5633.666666666667,5633.666666666667,1
หมู่บ้านเศรษฐกิจ,เพชรเกษม,16:00-19:00,โควิด,5953.666666666667,5953.666666666667,1
หลักสี่,กำแพงเพชร 6,07:00-09:00,ก่อนโควิด,1756.0,1756.0,2
หลักสี่,กำแพงเพชร 6,07:00-09:00,หลังโควิด,1061.5,1294.6666666666667,3
หลักสี่,กำแพงเพชร 6,07:00-09:00,โควิด,1391.0,1391.0,2
หลักสี่,แจ้งวัฒนะ,07:00-09:00,ก่อนโควิด,3428.75,3428.75,2
หลักสี่,แจ้งวัฒนะ,07:00-09:00,หลังโควิด,2450.0,2440.6666666666665,3
หลักสี่,แจ้งวัฒนะ,07:00-09:00,โควิด,2503.25,2503.25,2
หลังสวน,สารสิน,07:00-09:00,ก่อนโควิด,1154.5,1154.5,2
หลังสวน,สารสิน,07:00-09:00,หลังโควิด,1103.0,1031.1666666666667,3
หลังสวน,สารสิน,07:00-09:00,โควิด,929.0,929.0,1
หลังสวน,หลังสวน,07:00-09:00,ก่อนโควิด,756.0,756.0,2
หลังสวน,หลังสวน,07:00-09:00,หลังโควิด,1253.0,1228.8333333333333,3
หลังสวน,หลังสวน,07:00-09:00,โควิด,1061.5,1061.5,1
หลานหลวง,จักรพรรดิพงษ์,09:00-16:00,ก่อนโควิด,1262.2857142857142,1262.2857142857142,1
หลานหลวง,จักรพรรดิพงษ์,09:00-16:00,หลังโควิด,843.4285714285714,843.4285714285714,1
หลานหลวง,จักรพรรดิพงษ์,09:00-16:00,โควิด,1038.5714285714287,1038.5714285714287,1
หลานหลวง,หลานหลวง,09:00-16:00,ก่อนโควิด,2673.285714285714,2673.285714285714,1
หลานหลวง,หลานหลวง,09:00-16:00,หลังโควิด,1923.7142857142858,1923.7142857142858,1
หลานหลวง,หลานหลวง,09:00-16:00,โควิด,3206.8571428571427,3206.8571428571427,1
หัวลำโพง,พระรามที่ 4,07:00-09:00,ก่อนโควิด,5400.75,5400.75,2
หัวลำโพง,พระรามที่ 4,07:00-09:00,หลังโควิด,4409.25,4409.25,2
หัวลำโพง,พระรามที่ 4,07:00-09:00,โควิด,2285.0,2285.0,1
หัวลำโพง,มหาพฤฒาราม,07:00-09:00,ก่อนโควิด,483.5,483.5,1
หัวลำโพง,มหาพฤฒาราม,07:00-09:00,หลังโควิด,869.75,869.75,2
หัวลำโพง,มหาพฤฒาราม,07:00-09:00,โควิด,431.0,431.0,1
ห้วยขวาง,ประชาราษฎร์บำเพ็ญ,07:00-09:00,ก่อนโควิด,992.5,992.5,2
ห้วยขวาง,ประชาราษฎร์บำเพ็ญ,07:00-09:00,หลังโควิด,1163.0,1203.9,5
ห้วยขวาง,ประชาราษฎร์บำเพ็ญ,07:00-09:00,โควิด,827.0,827.0,1
ห้วยขวาง,ประชาราษฎร์บำเพ็ญ,09:00-16:00,ก่อนโควิด,869.2857142857142,869.2857142857142,2
ห้วยขวาง,ประชาราษฎร์บำเพ็ญ,09:00-16:00,หลังโควิด,817.1428571428571,817.1428571428571,1
ห้วยขวาง,ประชาราษฎร์บำเพ็ญ,09:00-16:00,โควิด,910.0,910.0,1
ห้วยขวาง,ประชาราษฎร์บำเพ็ญ,16:00-19:00,ก่อนโควิด,739.0,739.0,2
ห้วยขวาง,ประชาราษฎร์บำเพ็ญ,16:00-19:00,หลังโควิด,737.0,737.0,1
ห้วยขวาง,ประชาราษฎร์บำเพ็ญ,16:00-19:00,โควิด,921.0,921.0,1
ห้วยขวาง,ประชาสงเคราะห์,07:00-09:00,ก่อนโควิด,641.0,641.0,2
ห้วยขวาง,ประชาสงเคราะห์,07:00-09:00,หลังโควิด,485.25,504.875,4
ห้วยขวาง,ประชาสงเคราะห์,07:00-09:00,โควิด,1010.5,1010.5,2
ห้วยขวาง,ประชาสงเคราะห์,09:00-16:00,ก่อนโควิด,490.07142857142856,490.07142857142856,2
ห้วยขวาง,ประชาสงเคราะห์,09:00-16:00,หลังโควิด,507.85714285714283,507.85714285714283,1
ห้วยขวาง,ประชาสงเคราะห์,09:00-16:00,โควิด,902.0,902.0,2
ห้วยขวาง,ประชาสงเคราะห์,16:00-19:00,ก่อนโควิด,523.1666666666666,523.1666666666666,2
ห้วยขวาง,ประชาสงเคราะห์,16:00-19:00,หลังโควิด,699.6666666666666,699.6666666666666,1
ห้วยขวาง,ประชาสงเคราะห์,16:00-19:00,โควิด,781.8333333333334,781.8333333333334,2
ห้วยขวาง,รัชดาภิเษก,07:00-09:00,ก่อนโควิด,6511.5,6511.5,2
ห้วยขวาง,รัชดาภิเษก,07:00-09:00,หลังโควิด,6106.0,6108.9,5
ห้วยขวาง,รัชดาภิเษก,07:00-09:00,โควิด,3306.75,3306.75,2
ห้วยขวาง,รัชดาภิเษก,09:00-16:00,ก่อนโควิด,6216.928571428571,6216.928571428571,2
ห้วยขวาง,รัชดาภิเษก,09:00-16:00,หลังโควิด,5651.857142857143,5651.857142857143,1
ห้วยขวาง,รัชดาภิเษก,09:00-16:00,โควิด,3462.3571428571427,3462.3571428571427,2
ห้วยขวาง,รัชดาภิเษก,16:00-19:00,ก่อนโควิด,6602.0,6602.0,2
ห้วยขวาง,รัชดาภิเษก,16:00-19:00,หลังโควิด,5942.0,5942.0,1
ห้วยขวาง,รัชดาภิเษก,16:00-19:00,โควิด,4218.5,4218.5,2
อ.ส.ม.ท.,พระราม 9,07:00-09:00,ก่อนโควิด,3606.25,3606.25,2
อ.ส.ม.ท.,พระราม 9,07:00-09:00,หลังโควิด,2968.5,2968.5,2
อ.ส.ม.ท.,พระราม 9,07:00-09:00,โควิด,2509.0,2509.0,1
อ.ส.ม.ท.,เพชรอุทัย,07:00-09:00,ก่อนโควิด,1023.75,1023.75,2
อ.ส.ม.ท.,เพชรอุทัย,07:00-09:00,หลังโควิด,836.0,836.0,2
อ.ส.ม.ท.,เพชรอุทัย,07:00-09:00,โควิด,646.0,646.0,1
อนามัย,พลับพลาไชย,07:00-09:00,ก่อนโควิด,879.0,879.0,1
อนามัย,พลับพลาไชย,07:00-09:00,หลังโควิด,505.0,505.0,1
อนามัย,พลับพลาไชย,07:00-09:00,โควิด,830.0,830.0,1
อังรีดูนังต์,สุรวงศ์,07:00-09:00,ก่อนโควิด,704.5,704.5,1
อังรีดูนังต์,สุรวงศ์,07:00-09:00,หลังโควิด,697.5,632.8333333333334,3
อังรีดูนังต์,สุรวงศ์,07:00-09:00,โควิด,863.5,863.5,1
อังรีดูนังต์,สุรวงศ์,09:00-16:00,ก่อนโควิด,806.0,806.0,1
อังรีดูนังต์,สุรวงศ์,09:00-16:00,หลังโควิด,713.2857142857143,713.2857142857143,1
อังรีดูนังต์,สุรวงศ์,09:00-16:00,โควิด,769.5714285714286,769.5714285714286,1
อังรีดูนังต์,สุรวงศ์,16:00-19:00,ก่อนโควิด,738.6666666666666,738.6666666666666,1
อังรีดูนังต์,สุรวงศ์,16:00-19:00,หลังโควิด,740.3333333333334,740.3333333333334,1
อังรีดูนังต์,สุรวงศ์,16:00-19:00,โควิด,613.3333333333334,613.3333333333334,1
อังรีดูนังต์,อังรีดูนังต์,07:00-09:00,ก่อนโควิด,1230.0,1230.0,1
อังรีดูนังต์,อังรีดูนังต์,07:00-09:00,หลังโควิด,1359.5,1190.1666666666667,3
อังรีดูนังต์,อังรีดูนังต์,07:00-09:00,โควิด,1296.0,1296.0,1
อังรีดูนังต์,อังรีดูนังต์,09:00-16:00,ก่อนโควิด,1142.7142857142858,1142.7142857142858,1
อังรีดูนังต์,อังรีดูนังต์,09:00-16:00,หลังโควิด,1125.142857142857,1125.142857142857,1
อังรีดูนังต์,อังรีดูนังต์,09:00-16:00,โควิด,1330.0,1330.0,1
อังรีดูนังต์,อังรีดูนังต์,16:00-19:00,ก่อนโควิด,1234.0,1234.0,1
อังรีดูนังต์,อังรีดูนังต์,16:00-19:00,หลังโควิด,1237.3333333333333,1237.3333333333333,1
อังรีดูนังต์,อังรีดูนังต์,16:00-19:00,โควิด,1225.3333333333333,1225.3333333333333,1
อุณากรรณ,อุณากรรณ,07:00-09:00,ก่อนโควิด,571.25,571.25,2
อุณากรรณ,อุณากรรณ,07:00-09:00,หลังโควิด,303.0,303.0,1
อุณากรรณ,อุณากรรณ,07:00-09:00,โควิด,505.5,505.5,1
อุณากรรณ,เจริญกรุง,07:00-09:00,ก่อนโควิด,1027.5,1027.5,2
อุณากรรณ,เจริญกรุง,07:00-09:00,หลังโควิด,1718.0,1718.0,1
อุณากรรณ,เจริญกรุง,07:00-09:00,โควิด,1348.0,1348.0,1
อุดมสุข,สุขุมวิท,07:00-09:00,ก่อนโควิด,2921.5,2921.5,2
อุดมสุข,สุขุมวิท,07:00-09:00,หลังโควิด,3736.25,3736.25,2
อุดมสุข,สุขุมวิท,07:00-09:00,โควิด,3438.0,3438.0,1
อุรุพงษ์,พระรามที่ 6,07:00-09:00,ก่อนโควิด,4112.5,4112.5,1
อุรุพงษ์,พระรามที่ 6,07:00-09:00,หลังโควิด,2585.0,2670.6666666666665,3
อุรุพงษ์,พระรามที่ 6,07:00-09:00,โควิด,1576.5,1576.5,1
อุรุพงษ์,เพชรบุรี,07:00-09:00,ก่อนโควิด,4077.5,4077.5,1
อุรุพงษ์,เพชรบุรี,07:00-09:00,หลังโควิด,2172.0,2534.6666666666665,3
อุรุพงษ์,เพชรบุรี,07:00-09:00,โควิด,2045.5,2045.5,1
อโศกเพชร,อโศก,07:00-09:00,ก่อนโควิด,2272.0,2272.0,1
อโศกเพชร,อโศก,07:00-09:00,หลังโควิด,2016.5,2016.5,2
อโศกเพชร,อโศก,07:00-09:00,โควิด,2832.0,2832.0,1
อโศกเพชร,อโศก,09:00-16:00,ก่อนโควิด,2310.0,2310.0,1
อโศกเพชร,อโศก,09:00-16:00,หลังโควิด,2431.0,2431.0,1
อโศกเพชร,อโศก,09:00-16:00,โควิด,2606.5714285714284,2606.5714285714284,1
อโศกเพชร,อโศก,16:00-19:00,ก่อนโควิด,2562.3333333333335,2562.3333333333335,1
อโศกเพชร,อโศก,16:00-19:00,หลังโควิด,2445.0,2445.0,1
อโศกเพชร,อโศก,16:00-19:00,โควิด,2512.6666666666665,2512.6666666666665,1
อโศกเพชร,เพชรบุรี,07:00-09:00,ก่อนโควิด,3785.5,3785.5,1
อโศกเพชร,เพชรบุรี,07:00-09:00,หลังโควิด,3603.0,3603.0,2
อโศกเพชร,เพชรบุรี,07:00-09:00,โควิด,3897.0,3897.0,1
อโศกเพชร,เพชรบุรี,09:00-16:00,ก่อนโควิด,3767.714285714286,3767.714285714286,1
อโศกเพชร,เพชรบุรี,09:00-16:00,หลังโควิด,3129.714285714286,3129.714285714286,1
อโศกเพชร,เพชรบุรี,09:00-16:00,โควิด,3313.0,3313.0,1
อโศกเพชร,เพชรบุรี,16:00-19:00,ก่อนโควิด,4201.0,4201.0,1
อโศกเพชร,เพชรบุรี,16:00-19:00,หลังโควิด,2846.3333333333335,2846.3333333333335,1
อโศกเพชร,เพชรบุรี,16:00-19:00,โควิด,2484.3333333333335,2484.3333333333335,1
เกษตร,งามวงศ์วาน,07:00-09:00,ก่อนโควิด,5704.0,5704.0,1
เกษตร,งามวงศ์วาน,07:00-09:00,หลังโควิด,3369.5,3369.5,2
เกษตร,งามวงศ์วาน,07:00-09:00,โควิด,3166.5,3166.5,1
เกษตร,พหลโยธิน,07:00-09:00,ก่อนโควิด,3447.0,3447.0,1
เกษตร,พหลโยธิน,07:00-09:00,หลังโควิด,3120.25,3120.25,2
เกษตร,พหลโยธิน,07:00-09:00,โควิด,3866.0,3866.0,1
เกษมราษฎร์,พระรามที่ 4,07:00-09:00,ก่อนโควิด,3797.75,3797.75,2
เกษมราษฎร์,พระรามที่ 4,07:00-09:00,หลังโควิด,3415.75,3438.375,4
เกษมราษฎร์,พระรามที่ 4,07:00-09:00,โควิด,3091.5,3091.5,1
เกษมราษฎร์,พระรามที่ 4,09:00-16:00,ก่อนโควิด,3885.285714285714,3885.285714285714,2
เกษมราษฎร์,พระรามที่ 4,09:00-16:00,หลังโควิด,3687.1428571428573,3687.1428571428573,1
เกษมราษฎร์,พระรามที่ 4,09:00-16:00,โควิด,3402.8571428571427,3402.8571428571427,1
เกษมราษฎร์,พระรามที่ 4,16:00-19:00,ก่อนโควิด,3997.666666666667,3997.666666666667,2
เกษมราษฎร์,พระรามที่ 4,16:00-19:00,หลังโควิด,4083.6666666666665,4083.6666666666665,1
เกษมราษฎร์,พระรามที่ 4,16:00-19:00,โควิด,3558.6666666666665,3558.6666666666665,1
เกษมราษฎร์,เกษมราษฎร์,07:00-09:00,ก่อนโควิด,581.5,581.5,1
เกษมราษฎร์,เกษมราษฎร์,07:00-09:00,หลังโควิด,716.0,741.125,4
เกษมราษฎร์,เกษมราษฎร์,07:00-09:00,โควิด,613.5,613.5,1
เกษมราษฎร์,เกษมราษฎร์,09:00-16:00,ก่อนโควิด,634.3571428571429,634.3571428571429,2
เกษมราษฎร์,เกษมราษฎร์,09:00-16:00,หลังโควิด,727.5714285714286,727.5714285714286,1
เกษมราษฎร์,เกษมราษฎร์,09:00-16:00,โควิด,546.0,546.0,1
เกษมราษฎร์,เกษมราษฎร์,16:00-19:00,ก่อนโควิด,909.6666666666666,909.6666666666666,1
เกษมราษฎร์,เกษมราษฎร์,16:00-19:00,หลังโควิด,438.6666666666667,438.6666666666667,1
เกษมราษฎร์,เกษมราษฎร์,16:00-19:00,โควิด,341.6666666666667,341.6666666666667,1
เกษะโกมล,พระรามที่ 5,07:00-09:00,ก่อนโควิด,2275.0,2275.0,2
เกษะโกมล,พระรามที่ 5,07:00-09:00,หลังโควิด,1825.5,1825.5,2
เกษะโกมล,พระรามที่ 5,07:00-09:00,โควิด,1628.5,1628.5,1
เกษะโกมล,พระรามที่ 5,09:00-16:00,ก่อนโควิด,1758.7857142857142,1758.7857142857142,2
เกษะโกมล,พระรามที่ 5,09:00-16:00,หลังโควิด,1088.5714285714287,1088.5714285714287,1
เกษะโกมล,พระรามที่ 5,09:00-16:00,โควิด,1155.857142857143,1155.857142857143,1
เกษะโกมล,พระรามที่ 5,16:00-19:00,ก่อนโควิด,2012.1666666666665,2012.1666666666665,2
เกษะโกมล,พระรามที่ 5,16:00-19:00,หลังโควิด,1060.6666666666667,1060.6666666666667,1
เกษะโกมล,พระรามที่ 5,16:00-19:00,โควิด,1199.3333333333333,1199.3333333333333,1
เกษะโกมล,อำนวยสงคราม,07:00-09:00,ก่อนโควิด,453.25,453.25,2
เกษะโกมล,อำนวยสงคราม,07:00-09:00,หลังโควิด,452.5,452.5,2
เกษะโกมล,อำนวยสงคราม,07:00-09:00,โควิด,325.5,325.5,1
เกษะโกมล,อำนวยสงคราม,09:00-16:00,ก่อนโควิด,392.35714285714283,392.35714285714283,2
เกษะโกมล,อำนวยสงคราม,09:00-16:00,หลังโควิด,322.2857142857143,322.2857142857143,1
เกษะโกมล,อำนวยสงคราม,09:00-16:00,โควิด,344.57142857142856,344.57142857142856,1
เกษะโกมล,อำนวยสงคราม,16:00-19:00,ก่อนโควิด,417.16666666666663,417.16666666666663,2
เกษะโกมล,อำนวยสงคราม,16:00-19:00,หลังโควิด,334.0,334.0,1
เกษะโกมล,อำนวยสงคราม,16:00-19:00,โควิด,218.66666666666666,218.66666666666666,1
เกษะโกมล,เศรษฐศิริ,07:00-09:00,ก่อนโควิด,432.75,432.75,2
เกษะโกมล,เศรษฐศิริ,07:00-09:00,หลังโควิด,407.25,407.25,2
เกษะโกมล,เศรษฐศิริ,07:00-09:00,โควิด,234.0,234.0,1
เกษะโกมล,เศรษฐศิริ,09:00-16:00,ก่อนโควิด,351.0,351.0,2
เกษะโกมล,เศรษฐศิริ,09:00-16:00,หลังโควิด,287.0,287.0,1
เกษะโกมล,เศรษฐศิริ,09:00-16:00,โควิด,268.14285714285717,268.14285714285717,1
เกษะโกมล,เศรษฐศิริ,16:00-19:00,ก่อนโควิด,367.33333333333337,367.33333333333337,2
เกษะโกมล,เศรษฐศิริ,16:00-19:00,หลังโควิด,304.6666666666667,304.6666666666667,1
เกษะโกมล,เศรษฐศิริ,16:00-19:00,โควิด,323.0,323.0,1
เกียกกาย,ทหาร,07:00-09:00,ก่อนโควิด,366.5,366.5,1
เกียกกาย,ทหาร,07:00-09:00,หลังโควิด,687.25,687.25,2
เกียกกาย,ทหาร,07:00-09:00,โควิด,744.25,744.25,2
เกียกกาย,ประชาราษฎร์สาย 1,07:00-09:00,ก่อนโควิด,2340.0,2340.0,1
เกียกกาย,ประชาราษฎร์สาย 1,07:00-09:00,หลังโควิด,1919.25,1919.25,2
เกียกกาย,ประชาราษฎร์สาย 1,07:00-09:00,โควิด,1739.75,1739.75,2
เกียกกาย,สามเสน,07:00-09:00,ก่อนโควิด,855.0,855.0,1
เกียกกาย,สามเสน,07:00-09:00,หลังโควิด,536.0,536.0,2
เกียกกาย,สามเสน,07:00-09:00,โควิด,696.0,696.0,2
เจริญนครใต้,กรุงธนบุรี,07:00-09:00,ก่อนโควิด,619.5,619.5,2
เจริญนครใต้,กรุงธนบุรี,07:00-09:00,หลังโควิด,612.0,612.0,1
เจริญนครใต้,กรุงธนบุรี,07:00-09:00,โควิด,805.0,805.0,1
เจริญนครใต้,เจริญนคร,07:00-09:00,ก่อนโควิด,3263.25,3263.25,2
เจริญนครใต้,เจริญนคร,07:00-09:00,หลังโควิด,2699.5,2699.5,1
เจริญนครใต้,เจริญนคร,07:00-09:00,โควิด,2286.5,2286.5,1
เจริญผล,บรรทัดทอง,07:00-09:00,ก่อนโควิด,1809.5,1809.5,1
เจริญผล,บรรทัดทอง,07:00-09:00,หลังโควิด,1389.0,1389.0,1
เจริญผล,บรรทัดทอง,07:00-09:00,โควิด,1222.0,1222.0,2
เจริญผล,พระรามที่ 1,07:00-09:00,ก่อนโควิด,1989.5,1989.5,1
เจริญผล,พระรามที่ 1,07:00-09:00,หลังโควิด,1899.5,1899.5,1
เจริญผล,พระรามที่ 1,07:00-09:00,โควิด,1706.75,1706.75,2
เจริญราษฎร์,เจริญราษฎร์,07:00-09:00,ก่อนโควิด,1841.0,1841.0,2
เจริญราษฎร์,เจริญราษฎร์,07:00-09:00,หลังโควิด,1232.5,1271.5,4
เจริญราษฎร์,เจริญราษฎร์,07:00-09:00,โควิด,1594.5,1594.5,1
เจริญราษฎร์,เจริญราษฎร์,09:00-16:00,ก่อนโควิด,1555.2142857142858,1555.2142857142858,2
เจริญราษฎร์,เจริญราษฎร์,09:00-16:00,หลังโควิด,1457.7142857142858,1457.7142857142858,1
เจริญราษฎร์,เจริญราษฎร์,09:00-16:00,โควิด,1333.5714285714287,1333.5714285714287,1
เจริญราษฎร์,เจริญราษฎร์,16:00-19:00,ก่อนโควิด,1556.1666666666665,1556.1666666666665,2
เจริญราษฎร์,เจริญราษฎร์,16:00-19:00,หลังโควิด,1301.6666666666667,1301.6666666666667,1
เจริญราษฎร์,เจริญราษฎร์,16:00-19:00,โควิด,1329.3333333333333,1329.3333333333333,1
เจ้าคุณทหาร - ฉลองกรุง,ฉลองกรุง,07:00-09:00,ก่อนโควิด,2953.5,2953.5,1
เจ้าคุณทหาร - ฉลองกรุง,ฉลองกรุง,07:00-09:00,หลังโควิด,3523.25,3523.25,2
เจ้าคุณทหาร - ฉลองกรุง,ฉลองกรุง,07:00-09:00,โควิด,4436.0,4436.0,1
เจ้าคุณทหาร - ฉลองกรุง,ฉลองกรุง,09:00-16:00,ก่อนโควิด,2767.1428571428573,2767.1428571428573,1
เจ้าคุณทหาร - ฉลองกรุง,ฉลองกรุง,09:00-16:00,หลังโควิด,2958.1428571428573,2958.1428571428573,1
เจ้าคุณทหาร - ฉลองกรุง,ฉลองกรุง,09:00-16:00,โควิด,3338.1428571428573,3338.1428571428573,1
เจ้าคุณทหาร - ฉลองกรุง,ฉลองกรุง,16:00-19:00,ก่อนโควิด,3284.6666666666665,3284.6666666666665,1
เจ้าคุณทหาร - ฉลองกรุง,ฉลองกรุง,16:00-19:00,หลังโควิด,3088.3333333333335,3088.3333333333335,1
เจ้าคุณทหาร - ฉลองกรุง,ฉลองกรุง,16:00-19:00,โควิด,3498.0,3498.0,1
เจ้าคุณทหาร - ฉลองกรุง,เจ้าคุณทหาร,07:00-09:00,ก่อนโควิด,1849.5,1849.5,1
เจ้าคุณทหาร - ฉลองกรุง,เจ้าคุณทหาร,07:00-09:00,หลังโควิด,1569.25,1569.25,2
เจ้าคุณทหาร - ฉลองกรุง,เจ้าคุณทหาร,07:00-09:00,โควิด,1371.0,1371.0,1
เจ้าคุณทหาร - ฉลองกรุง,เจ้าคุณทหาร,09:00-16:00,ก่อนโควิด,1227.4285714285713,1227.4285714285713,1
เจ้าคุณทหาร - ฉลองกรุง,เจ้าคุณทหาร,09:00-16:00,หลังโควิด,1132.0,1132.0,1
เจ้าคุณทหาร - ฉลองกรุง,เจ้าคุณทหาร,09:00-16:00,โควิด,1319.142857142857,1319.142857142857,1
เจ้าคุณทหาร - ฉลองกรุง,เจ้าคุณทหาร,16:00-19:00,ก่อนโควิด,1190.0,1190.0,1
เจ้าคุณทหาร - ฉลองกรุง,เจ้าคุณทหาร,16:00-19:00,หลังโควิด,1312.6666666666667,1312.6666666666667,1
เจ้าคุณทหาร - ฉลองกรุง,เจ้าคุณทหาร,16:00-19:00,โควิด,1468.6666666666667,1468.6666666666667,1
เฉลิมกรุง,ตรีเพชร,07:00-09:00,ก่อนโควิด,1913.5,1913.5,1
เฉลิมกรุง,ตรีเพชร,07:00-09:00,หลังโควิด,1044.5,1044.5,2
เฉลิมกรุง,ตรีเพชร,07:00-09:00,โควิด,988.0,988.0,1
เฉลิมกรุง,เจริญกรุง,07:00-09:00,ก่อนโควิด,1292.5,1292.5,1
เฉลิมกรุง,เจริญกรุง,07:00-09:00,หลังโควิด,882.0,921.5,3
เฉลิมกรุง,เจริญกรุง,07:00-09:00,โควิด,779.0,779.0,1
เฉลิมกรุง,เจริญกรุง,09:00-16:00,ก่อนโควิด,1100.5714285714287,1100.5714285714287,1
เฉลิมกรุง,เจริญกรุง,09:00-16:00,หลังโควิด,913.0,913.0,1
เฉลิมกรุง,เจริญกรุง,09:00-16:00,โควิด,643.1428571428571,643.1428571428571,1
เฉลิมกรุง,เจริญกรุง,16:00-19:00,ก่อนโควิด,972.3333333333334,972.3333333333334,1
เฉลิมกรุง,เจริญกรุง,16:00-19:00,หลังโควิด,952.0,952.0,1
เฉลิมกรุง,เจริญกรุง,16:00-19:00,โควิด,578.6666666666666,578.6666666666666,1
เฉลิมเผ่า,พระรามที่ 1,07:00-09:00,ก่อนโควิด,2678.5,2678.5,1
เฉลิมเผ่า,พระรามที่ 1,07:00-09:00,หลังโควิด,2583.5,2583.5,1
เฉลิมเผ่า,พระรามที่ 1,07:00-09:00,โควิด,2195.0,2195.0,1
เฉลิมเผ่า,อังรีดูนังต์,07:00-09:00,ก่อนโควิด,897.0,897.0,1
เฉลิมเผ่า,อังรีดูนังต์,07:00-09:00,หลังโควิด,825.0,825.0,2
เฉลิมเผ่า,อังรีดูนังต์,07:00-09:00,โควิด,633.5,633.5,1
เฉลิมเผ่า,อังรีดูนังต์,09:00-16:00,ก่อนโควิด,941.9285714285714,941.9285714285714,2
เฉลิมเผ่า,อังรีดูนังต์,09:00-16:00,หลังโควิด,1122.0,1122.0,1
เฉลิมเผ่า,อังรีดูนังต์,09:00-16:00,โควิด,801.0,801.0,1
เฉลิมเผ่า,อังรีดูนังต์,16:00-19:00,ก่อนโควิด,756.3333333333334,756.3333333333334,1
เฉลิมเผ่า,อังรีดูนังต์,16:00-19:00,หลังโควิด,507.3333333333333,507.3333333333333,1
เฉลิมเผ่า,อังรีดูนังต์,16:00-19:00,โควิด,641.6666666666666,641.6666666666666,1
เดโช,สีลม,07:00-09:00,ก่อนโควิด,2200.0,2200.0,1
เดโช,สีลม,07:00-09:00,หลังโควิด,1836.5,1836.5,1
เดโช,สีลม,07:00-09:00,โควิด,1777.75,1777.75,2
เดโช,สีลม,09:00-16:00,ก่อนโควิด,2371.4285714285716,2371.4285714285716,1
เดโช,สีลม,09:00-16:00,หลังโควิด,1720.5714285714287,1720.5714285714287,1
เดโช,สีลม,09:00-16:00,โควิด,1873.4285714285716,1873.4285714285716,2
เดโช,สีลม,16:00-19:00,ก่อนโควิด,1575.0,1575.0,1
เดโช,สีลม,16:00-19:00,หลังโควิด,1322.6666666666667,1322.6666666666667,1
เดโช,สีลม,16:00-19:00,โควิด,1289.3333333333335,1289.3333333333335,2
เดโช,เดโช,07:00-09:00,ก่อนโควิด,452.5,452.5,1
เดโช,เดโช,07:00-09:00,หลังโควิด,144.5,144.5,1
เดโช,เดโช,07:00-09:00,โควิด,291.0,291.0,2
เดโช,เดโช,09:00-16:00,ก่อนโควิด,477.7142857142857,477.7142857142857,1
เดโช,เดโช,09:00-16:00,หลังโควิด,164.42857142857142,164.42857142857142,1
เดโช,เดโช,09:00-16:00,โควิด,254.64285714285717,254.64285714285717,2
เดโช,เดโช,16:00-19:00,ก่อนโควิด,394.0,394.0,1
เดโช,เดโช,16:00-19:00,หลังโควิด,190.66666666666666,190.66666666666666,1
เดโช,เดโช,16:00-19:00,โควิด,216.16666666666666,216.16666666666666,2
เตาปูน,ประชาราษฎร์,07:00-09:00,ก่อนโควิด,1309.5,1309.5,2
เตาปูน,ประชาราษฎร์,07:00-09:00,หลังโควิด,1114.25,1114.25,2
เตาปูน,ประชาราษฎร์,07:00-09:00,โควิด,822.5,822.5,1
เตาปูน,ประชาราษฎร์สาย 2,07:00-09:00,ก่อนโควิด,1537.75,1537.75,2
เตาปูน,ประชาราษฎร์สาย 2,07:00-09:00,หลังโควิด,1525.5,1525.5,2
เตาปูน,ประชาราษฎร์สาย 2,07:00-09:00,โควิด,1212.0,1212.0,2
เทวกรรม,กรุงเกษม,07:00-09:00,ก่อนโควิด,1261.25,1261.25,2
เทวกรรม,กรุงเกษม,07:00-09:00,หลังโควิด,1018.0,1018.0,1
เทวกรรม,กรุงเกษม,07:00-09:00,โควิด,1144.5,1144.5,1
เทวกรรม,นครสวรรค์,07:00-09:00,ก่อนโควิด,1871.75,1871.75,2
เทวกรรม,นครสวรรค์,07:00-09:00,หลังโควิด,2030.5,2030.5,1
เทวกรรม,นครสวรรค์,07:00-09:00,โควิด,2191.5,2191.5,1
เทอดดำริ,ประดิพัทธ์,07:00-09:00,ก่อนโควิด,1344.5,1344.5,1
เทอดดำริ,ประดิพัทธ์,07:00-09:00,หลังโควิด,1398.25,1398.25,2
เทอดดำริ,ประดิพัทธ์,07:00-09:00,โควิด,1521.5,1521.5,1
เทอดดำริ,ประดิพัทธ์,09:00-16:00,ก่อนโควิด,1046.142857142857,1046.142857142857,1
เทอดดำริ,ประดิพัทธ์,09:00-16:00,หลังโควิด,1313.5714285714287,1313.5714285714287,1
เทอดดำริ,ประดิพัทธ์,09:00-16:00,โควิด,1242.7142857142858,1242.7142857142858,1
เทอดดำริ,ประดิพัทธ์,16:00-19:00,ก่อนโควิด,1055.3333333333333,1055.3333333333333,1
เทอดดำริ,ประดิพัทธ์,16:00-19:00,หลังโควิด,1334.3333333333333,1334.3333333333333,1
เทอดดำริ,ประดิพัทธ์,16:00-19:00,โควิด,1461.0,1461.0,1
เทอดดำริ,เทอดดำริ,07:00-09:00,ก่อนโควิด,1383.0,1383.0,1
เทอดดำริ,เทอดดำริ,07:00-09:00,หลังโควิด,1237.5,1237.5,2
เทอดดำริ,เทอดดำริ,07:00-09:00,โควิด,1565.0,1565.0,1
เทอดดำริ,เทอดดำริ,09:00-16:00,ก่อนโควิด,1097.4285714285713,1097.4285714285713,1
เทอดดำริ,เทอดดำริ,09:00-16:00,หลังโควิด,694.5714285714286,694.5714285714286,1
เทอดดำริ,เทอดดำริ,09:00-16:00,โควิด,1050.7142857142858,1050.7142857142858,1
เทอดดำริ,เทอดดำริ,16:00-19:00,ก่อนโควิด,1368.3333333333333,1368.3333333333333,1
เทอดดำริ,เทอดดำริ,16:00-19:00,หลังโควิด,811.3333333333334,811.3333333333334,1
เทอดดำริ,เทอดดำริ,16:00-19:00,โควิด,1174.0,1174.0,1
เทียมร่วมมิตร,รัชดาภิเษก,07:00-09:00,ก่อนโควิด,5654.5,5654.5,2
เทียมร่วมมิตร,รัชดาภิเษก,07:00-09:00,หลังโควิด,4593.0,4593.0,1
เทียมร่วมมิตร,รัชดาภิเษก,07:00-09:00,โควิด,4710.0,4710.0,1
เทียมร่วมมิตร,เทียมร่วมมิตร,07:00-09:00,ก่อนโควิด,2732.25,2732.25,2
เทียมร่วมมิตร,เทียมร่วมมิตร,07:00-09:00,หลังโควิด,1884.5,1884.5,2
เทียมร่วมมิตร,เทียมร่วมมิตร,07:00-09:00,โควิด,2017.0,2017.0,1
เทียมร่วมมิตร,เทียมร่วมมิตร,09:00-16:00,ก่อนโควิด,1887.2142857142858,1887.2142857142858,2
เทียมร่วมมิตร,เทียมร่วมมิตร,09:00-16:00,หลังโควิด,1576.5714285714287,1576.5714285714287,1
เทียมร่วมมิตร,เทียมร่วมมิตร,09:00-16:00,โควิด,1626.857142857143,1626.857142857143,1
เทียมร่วมมิตร,เทียมร่วมมิตร,16:00-19:00,ก่อนโควิด,1766.3333333333335,1766.3333333333335,2
เทียมร่วมมิตร,เทียมร่วมมิตร,16:00-19:00,หลังโควิด,1723.3333333333333,1723.3333333333333,1
เทียมร่วมมิตร,เทียมร่วมมิตร,16:00-19:00,โควิด,1507.6666666666667,1507.6666666666667,1
เทเวศร์,กรุงเกษม,07:00-09:00,ก่อนโควิด,570.0,570.0,1
เทเวศร์,กรุงเกษม,07:00-09:00,หลังโควิด,338.5,338.5,2
เทเวศร์,กรุงเกษม,07:00-09:00,โควิด,439.5,439.5,1
เทเวศร์,กรุงเกษม,09:00-16:00,ก่อนโควิด,531.7142857142857,531.7142857142857,1
เทเวศร์,กรุงเกษม,09:00-16:00,หลังโควิด,242.71428571428572,242.71428571428572,1
เทเวศร์,กรุงเกษม,09:00-16:00,โควิด,448.2857142857143,448.2857142857143,1
เทเวศร์,กรุงเกษม,16:00-19:00,ก่อนโควิด,314.6666666666667,314.6666666666667,1
เทเวศร์,กรุงเกษม,16:00-19:00,หลังโควิด,252.33333333333334,252.33333333333334,1
เทเวศร์,กรุงเกษม,16:00-19:00,โควิด,414.6666666666667,414.6666666666667,1
เทเวศร์,สามเสน,07:00-09:00,ก่อนโควิด,1183.5,1183.5,1
เทเวศร์,สามเสน,07:00-09:00,หลังโควิด,1167.25,1167.25,2
เทเวศร์,สามเสน,07:00-09:00,โควิด,1558.0,1558.0,1
เทเวศร์,สามเสน,09:00-16:00,ก่อนโควิด,1241.7142857142858,1241.7142857142858,1
เทเวศร์,สามเสน,09:00-16:00,หลังโควิด,1009.2857142857143,1009.2857142857143,1
เทเวศร์,สามเสน,09:00-16:00,โควิด,1117.142857142857,1117.142857142857,1
เทเวศร์,สามเสน,16:00-19:00,ก่อนโควิด,1290.6666666666667,1290.6666666666667,1
เทเวศร์,สามเสน,16:00-19:00,หลังโควิด,1206.0,1206.0,1
เทเวศร์,สามเสน,16:00-19:00,โควิด,984.3333333333334,984.3333333333334,1
เพชรพระราม,บรรทัดทอง,09:00-16:00,ก่อนโควิด,640.5714285714286,640.5714285714286,1
เพชรพระราม,บรรทัดทอง,09:00-16:00,หลังโควิด,493.42857142857144,493.42857142857144,1
เพชรพระราม,บรรทัดทอง,09:00-16:00,โควิด,451.0,451.0,1
เพชรพระราม,เพชรบุรี,09:00-16:00,ก่อนโควิด,4460.0,4460.0,1
เพชรพระราม,เพชรบุรี,09:00-16:00,หลังโควิด,4383.142857142857,4383.142857142857,1
เพชรพระราม,เพชรบุรี,09:00-16:00,โควิด,3662.5714285714284,3662.5714285714284,1
เพชรเกษม - ราชพฤกษ์,ราชพฤกษ์,07:00-09:00,ก่อนโควิด,8239.0,8239.0,1
เพชรเกษม - ราชพฤกษ์,ราชพฤกษ์,07:00-09:00,หลังโควิด,9688.0,9688.0,1
เพชรเกษม - ราชพฤกษ์,ราชพฤกษ์,07:00-09:00,โควิด,8309.5,8309.5,1
เพชรเกษม - ราชพฤกษ์,เพชรเกษม,07:00-09:00,ก่อนโควิด,4847.5,4847.5,1
เพชรเกษม - ราชพฤกษ์,เพชรเกษม,07:00-09:00,หลังโควิด,4664.5,4664.5,1
เพชรเกษม - ราชพฤกษ์,เพชรเกษม,07:00-09:00,โควิด,3951.5,3951.5,1
เพชรเกษม 69,เพชรเกษม,07:00-09:00,ก่อนโควิด,5237.0,5237.0,1
เพชรเกษม 69,เพชรเกษม,07:00-09:00,หลังโควิด,4732.0,4766.666666666667,3
เพชรเกษม 69,เพชรเกษม,07:00-09:00,โควิด,5006.5,5006.5,2
เพชรเกษม 69,เพชรเกษม,09:00-16:00,ก่อนโควิด,5909.142857142857,5909.142857142857,1
เพชรเกษม 69,เพชรเกษม,09:00-16:00,หลังโควิด,4415.571428571428,4415.571428571428,1
เพชรเกษม 69,เพชรเกษม,09:00-16:00,โควิด,5117.428571428571,5117.428571428571,2
เพชรเกษม 69,เพชรเกษม,16:00-19:00,ก่อนโควิด,5827.666666666667,5827.666666666667,1
เพชรเกษม 69,เพชรเกษม,16:00-19:00,หลังโควิด,4512.0,4512.0,1
เพชรเกษม 69,เพชรเกษม,16:00-19:00,โควิด,4939.833333333334,4939.833333333334,2
เพชรเกษม 81,เพชรเกษม,09:00-16:00,ก่อนโควิด,4929.285714285715,4929.285714285715,1
เพชรเกษม 81,เพชรเกษม,09:00-16:00,หลังโควิด,5069.285714285715,5069.285714285715,1
เพชรเกษม 81,เพชรเกษม,09:00-16:00,โควิด,5125.857142857143,5125.857142857143,1
เพลินจิต,วิทยุ,07:00-09:00,ก่อนโควิด,1418.75,1418.75,2
เพลินจิต,วิทยุ,07:00-09:00,หลังโควิด,1339.0,1243.6666666666667,3
เพลินจิต,วิทยุ,07:00-09:00,โควิด,1187.5,1187.5,1
เพลินจิต,เพลินจิต,07:00-09:00,ก่อนโควิด,4135.75,4135.75,2
เพลินจิต,เพลินจิต,07:00-09:00,หลังโควิด,3236.5,3265.6666666666665,3
เพลินจิต,เพลินจิต,07:00-09:00,โควิด,3611.5,3611.5,1
เศรษฐศิริ,เทอดดำริ,07:00-09:00,ก่อนโควิด,1125.0,1125.0,1
เศรษฐศิริ,เทอดดำริ,07:00-09:00,หลังโควิด,1619.5,1619.5,1
เศรษฐศิริ,เทอดดำริ,07:00-09:00,โควิด,865.5,865.5,1
เศรษฐศิริ,เศรษฐศิริ,07:00-09:00,ก่อนโควิด,1096.0,1096.0,1
เศรษฐศิริ,เศรษฐศิริ,07:00-09:00,หลังโควิด,968.0,968.0,1
เศรษฐศิริ,เศรษฐศิริ,07:00-09:00,โควิด,755.0,755.0,2
เสาวณี,ศรีอยุธยา,07:00-09:00,ก่อนโควิด,2003.0,2003.0,1
เสาวณี,ศรีอยุธยา,07:00-09:00,หลังโควิด,2303.0,2303.0,1
เสาวณี,ศรีอยุธยา,07:00-09:00,โควิด,1834.5,1834.5,1
เสาวณี,สวรรคโลก,07:00-09:00,ก่อนโควิด,1805.5,1805.5,1
เสาวณี,สวรรคโลก,07:00-09:00,หลังโควิด,1365.0,1365.0,1
เสาวณี,สวรรคโลก,07:00-09:00,โควิด,1087.5,1087.5,1
เสือป่า,ราชวงศ์,07:00-09:00,ก่อนโควิด,507.0,507.0,1
เสือป่า,ราชวงศ์,07:00-09:00,หลังโควิด,383.0,383.0,1
เสือป่า,ราชวงศ์,07:00-09:00,โควิด,284.0,284.0,1
เสือป่า,เจริญกรุง,07:00-09:00,ก่อนโควิด,2109.0,2109.0,1
เสือป่า,เจริญกรุง,07:00-09:00,หลังโควิด,1737.5,1737.5,1
เสือป่า,เจริญกรุง,07:00-09:00,โควิด,1745.0,1745.0,1
เสือป่า,เสือป่า,07:00-09:00,ก่อนโควิด,349.0,349.0,1
เสือป่า,เสือป่า,07:00-09:00,หลังโควิด,466.0,466.0,2
เสือป่า,เสือป่า,07:00-09:00,โควิด,228.0,228.0,1
เสือป่า,เสือป่า,09:00-16:00,ก่อนโควิด,414.57142857142856,414.57142857142856,1
เสือป่า,เสือป่า,09:00-16:00,หลังโควิด,903.8571428571429,903.8571428571429,1
เสือป่า,เสือป่า,09:00-16:00,โควิด,358.7142857142857,358.7142857142857,1
เสือป่า,เสือป่า,16:00-19:00,ก่อนโควิด,463.0,463.0,1
เสือป่า,เสือป่า,16:00-19:00,หลังโควิด,969.6666666666666,969.6666666666666,1
เสือป่า,เสือป่า,16:00-19:00,โควิด,441.0,441.0,1
เอส เอ บี,เจริญกรุง,07:00-09:00,ก่อนโควิด,2758.0,2758.0,1
เอส เอ บี,เจริญกรุง,07:00-09:00,หลังโควิด,2128.25,2128.25,2
เอส เอ บี,เจริญกรุง,07:00-09:00,โควิด,2630.5,2630.5,1
แบริ่ง,สุขุมวิท,07:00-09:00,ก่อนโควิด,3737.5,3737.5,1
แบริ่ง,สุขุมวิท,07:00-09:00,หลังโควิด,3755.5,3755.5,1
แบริ่ง,สุขุมวิท,07:00-09:00,โควิด,3785.0,3785.0,1
แปลงนาม,พลับพลาไชย,07:00-09:00,ก่อนโควิด,62.25,62.25,2
แปลงนาม,พลับพลาไชย,07:00-09:00,หลังโควิด,101.5,101.5,2
แปลงนาม,พลับพลาไชย,07:00-09:00,โควิด,74.5,74.5,1
แปลงนาม,เจริญกรุง,07:00-09:00,ก่อนโควิด,2306.0,2306.0,2
แปลงนาม,เจริญกรุง,07:00-09:00,หลังโควิด,1477.0,1477.0,2
แปลงนาม,เจริญกรุง,07:00-09:00,โควิด,1713.0,1713.0,1
แปลงนาม,แปลงนาม,07:00-09:00,ก่อนโควิด,148.25,148.25,2
แปลงนาม,แปลงนาม,07:00-09:00,หลังโควิด,68.0,78.5,3
แปลงนาม,แปลงนาม,07:00-09:00,โควิด,81.0,81.0,1
แปลงนาม,แปลงนาม,09:00-16:00,ก่อนโควิด,215.64285714285717,215.64285714285717,2
แปลงนาม,แปลงนาม,09:00-16:00,หลังโควิด,65.28571428571429,65.28571428571429,1
แปลงนาม,แปลงนาม,09:00-16:00,โควิด,86.28571428571429,86.28571428571429,1
แปลงนาม,แปลงนาม,16:00-19:00,ก่อนโควิด,220.0,220.0,2
แปลงนาม,แปลงนาม,16:00-19:00,หลังโควิด,109.0,109.0,1
แปลงนาม,แปลงนาม,16:00-19:00,โควิด,74.33333333333333,74.33333333333333,1
โพธิ์สามต้น,วังเดิม,07:00-09:00,ก่อนโควิด,427.0,427.0,1
โพธิ์สามต้น,วังเดิม,07:00-09:00,หลังโควิด,359.25,359.25,2
โพธิ์สามต้น,วังเดิม,07:00-09:00,โควิด,333.0,333.0,2
โพธิ์สามต้น,อิสรภาพ,07:00-09:00,ก่อนโควิด,2021.5,2021.5,1
โพธิ์สามต้น,อิสรภาพ,07:00-09:00,หลังโควิด,1740.5,1740.5,2
โพธิ์สามต้น,อิสรภาพ,07:00-09:00,โควิด,1536.0,1536.0,2
โพธิ์แก้ว,ทางเข้าวัดบางเตย,07:00-09:00,ก่อนโควิด,45.0,45.0,2
โพธิ์แก้ว,ทางเข้าวัดบางเตย,07:00-09:00,หลังโควิด,62.5,62.5,2
โพธิ์แก้ว,ทางเข้าวัดบางเตย,07:00-09:00,โควิด,49.0,49.0,1
โพธิ์แก้ว,ทางเข้าวัดบางเตย,09:00-16:00,ก่อนโควิด,19.928571428571427,19.928571428571427,2
โพธิ์แก้ว,ทางเข้าวัดบางเตย,09:00-16:00,หลังโควิด,22.714285714285715,22.714285714285715,1
โพธิ์แก้ว,ทางเข้าวัดบางเตย,09:00-16:00,โควิด,28.857142857142858,28.857142857142858,1
โพธิ์แก้ว,ทางเข้าวัดบางเตย,16:00-19:00,ก่อนโควิด,36.166666666666664,36.166666666666664,2
โพธิ์แก้ว,ทางเข้าวัดบางเตย,16:00-19:00,หลังโควิด,22.666666666666668,22.666666666666668,1
โพธิ์แก้ว,ทางเข้าวัดบางเตย,16:00-19:00,โควิด,37.333333333333336,37.333333333333336,1
โพธิ์แก้ว,นวมินทร์,07:00-09:00,ก่อนโควิด,5453.75,5453.75,2
โพธิ์แก้ว,นวมินทร์,07:00-09:00,หลังโควิด,4418.25,4418.25,2
โพธิ์แก้ว,นวมินทร์,07:00-09:00,โควิด,4056.0,4056.0,1
โพธิ์แก้ว,นวมินทร์,09:00-16:00,ก่อนโควิด,4468.642857142857,4468.642857142857,2
โพธิ์แก้ว,นวมินทร์,09:00-16:00,หลังโควิด,3777.5714285714284,3777.5714285714284,1
โพธิ์แก้ว,นวมินทร์,09:00-16:00,โควิด,3863.1428571428573,3863.1428571428573,1
โพธิ์แก้ว,นวมินทร์,16:00-19:00,ก่อนโควิด,4638.5,4638.5,2
โพธิ์แก้ว,นวมินทร์,16:00-19:00,หลังโควิด,3742.6666666666665,3742.6666666666665,1
โพธิ์แก้ว,นวมินทร์,16:00-19:00,โควิด,3698.3333333333335,3698.3333333333335,1
โพธิ์แก้ว,โพธิ์แก้ว,07:00-09:00,ก่อนโควิด,682.75,682.75,2
โพธิ์แก้ว,โพธิ์แก้ว,07:00-09:00,หลังโควิด,693.5,693.5,2
โพธิ์แก้ว,โพธิ์แก้ว,07:00-09:00,โควิด,808.0,808.0,1
โพธิ์แก้ว,โพธิ์แก้ว,09:00-16:00,ก่อนโควิด,725.3571428571429,725.3571428571429,2
โพธิ์แก้ว,โพธิ์แก้ว,09:00-16:00,หลังโควิด,774.1428571428571,774.1428571428571,1
โพธิ์แก้ว,โพธิ์แก้ว,09:00-16:00,โควิด,776.0,776.0,1
โพธิ์แก้ว,โพธิ์แก้ว,16:00-19:00,ก่อนโควิด,698.3333333333333,698.3333333333333,2
โพธิ์แก้ว,โพธิ์แก้ว,16:00-19:00,หลังโควิด,931.0,931.0,1
โพธิ์แก้ว,โพธิ์แก้ว,16:00-19:00,โควิด,636.0,636.0,1
โรงพยาบาลกลาง,หลวง,07:00-09:00,ก่อนโควิด,1546.0,1546.0,2
โรงพยาบาลกลาง,หลวง,07:00-09:00,หลังโควิด,1157.5,1157.5,1
โรงพยาบาลกลาง,หลวง,07:00-09:00,โควิด,1271.0,1271.0,1
โรงพยาบาลกลาง,เสือป่า,07:00-09:00,ก่อนโควิด,435.75,435.75,2
โรงพยาบาลกลาง,เสือป่า,07:00-09:00,หลังโควิด,307.0,307.0,1
โรงพยาบาลกลาง,เสือป่า,07:00-09:00,โควิด,389.0,389.0,1
ใต้ด่วนพระราม 4,ทางด่วน,07:00-09:00,ก่อนโควิด,1305.0,1305.0,1
ใต้ด่วนพระราม 4,ทางด่วน,07:00-09:00,หลังโควิด,910.5,910.5,1
ใต้ด่วนพระราม 4,ทางด่วน,07:00-09:00,โควิด,1076.5,1076.5,1
ใต้ด่วนพระราม 4,ทางด่วน,09:00-16:00,ก่อนโควิด,1163.7142857142858,1163.7142857142858,1
ใต้ด่วนพระราม 4,ทางด่วน,09:00-16:00,หลังโควิด,727.7142857142857,727.7142857142857,1
ใต้ด่วนพระราม 4,ทางด่วน,09:00-16:00,โควิด,763.5714285714286,763.5714285714286,1
ใต้ด่วนพระราม 4,ทางด่วน,16:00-19:00,ก่อนโควิด,970.6666666666666,970.6666666666666,1
ใต้ด่วนพระราม 4,ทางด่วน,16:00-19:00,หลังโควิด,543.3333333333334,543.3333333333334,1
ใต้ด่วนพระราม 4,ทางด่วน,16:00-19:00,โควิด,525.3333333333334,525.3333333333334,1
ใต้ด่วนพระราม 4,พระรามที่ 4,07:00-09:00,ก่อนโควิด,4963.0,4963.0,1
ใต้ด่วนพระราม 4,พระรามที่ 4,07:00-09:00,หลังโควิด,4833.0,5277.333333333333,3
ใต้ด่วนพระราม 4,พระรามที่ 4,07:00-09:00,โควิด,4884.5,4884.5,1
ใต้ด่วนพระราม 4,พระรามที่ 4,09:00-16:00,ก่อนโควิด,5329.428571428572,5329.428571428572,1
ใต้ด่วนพระราม 4,พระรามที่ 4,09:00-16:00,หลังโควิด,5756.571428571428,5756.571428571428,1
ใต้ด่วนพระราม 4,พระรามที่ 4,09:00-16:00,โควิด,5534.285714285715,5534.285714285715,1
ใต้ด่วนพระราม 4,พระรามที่ 4,16:00-19:00,ก่อนโควิด,6950.333333333333,6950.333333333333,1
ใต้ด่วนพระราม 4,พระรามที่ 4,16:00-19:00,หลังโควิด,6815.666666666667,6815.666666666667,1
ใต้ด่วนพระราม 4,พระรามที่ 4,16:00-19:00,โควิด,6071.0,6071.0,1
ใต้ด่วนพระราม 4,เชื้อเพลิง,07:00-09:00,ก่อนโควิด,1098.0,1098.0,1
ใต้ด่วนพระราม 4,เชื้อเพลิง,07:00-09:00,หลังโควิด,1602.0,1471.5,3
ใต้ด่วนพระราม 4,เชื้อเพลิง,07:00-09:00,โควิด,1471.5,1471.5,1
ใต้ด่วนพระราม 4,เชื้อเพลิง,09:00-16:00,ก่อนโควิด,1262.2857142857142,1262.2857142857142,1
ใต้ด่วนพระราม 4,เชื้อเพลิง,09:00-16:00,หลังโควิด,1457.5714285714287,1457.5714285714287,1
ใต้ด่วนพระราม 4,เชื้อเพลิง,09:00-16:00,โควิด,1339.857142857143,1339.857142857143,1
ใต้ด่วนพระราม 4,เชื้อเพลิง,16:00-19:00,ก่อนโควิด,1227.0,1227.0,1
ใต้ด่วนพระราม 4,เชื้อเพลิง,16:00-19:00,หลังโควิด,1502.6666666666667,1502.6666666666667,1
ใต้ด่วนพระราม 4,เชื้อเพลิง,16:00-19:00,โควิด,1395.3333333333333,1395.3333333333333,1
ไฟฉาย,จรัญสนิทวงศ์,07:00-09:00,ก่อนโควิด,1941.0,1941.0,1
ไฟฉาย,จรัญสนิทวงศ์,07:00-09:00,หลังโควิด,3459.5,3383.1666666666665,3
ไฟฉาย,จรัญสนิทวงศ์,07:00-09:00,โควิด,2104.25,2104.25,2
ไฟฉาย,จรัญสนิทวงศ์,09:00-16:00,ก่อนโควิด,1884.857142857143,1884.857142857143,1
ไฟฉาย,จรัญสนิทวงศ์,09:00-16:00,หลังโควิด,3091.5714285714284,3091.5714285714284,1
ไฟฉาย,จรัญสนิทวงศ์,09:00-16:00,โควิด,1970.357142857143,1970.357142857143,2
ไฟฉาย,จรัญสนิทวงศ์,16:00-19:00,ก่อนโควิด,1367.3333333333333,1367.3333333333333,1
ไฟฉาย,จรัญสนิทวงศ์,16:00-19:00,หลังโควิด,3332.6666666666665,3332.6666666666665,1
ไฟฉาย,จรัญสนิทวงศ์,16:00-19:00,โควิด,2451.666666666667,2451.666666666667,2
ไฟฉาย,พรานนก,07:00-09:00,ก่อนโควิด,2456.0,2456.0,1
ไฟฉาย,พรานนก,07:00-09:00,หลังโควิด,855.5,1115.1666666666667,3
ไฟฉาย,พรานนก,07:00-09:00,โควิด,933.75,933.75,2
ไฟฉาย,พรานนก,09:00-16:00,ก่อนโควิด,2006.142857142857,2006.142857142857,1
ไฟฉาย,พรานนก,09:00-16:00,หลังโควิด,1001.8571428571429,1001.8571428571429,1
ไฟฉาย,พรานนก,09:00-16:00,โควิด,1073.642857142857,1073.642857142857,2
ไฟฉาย,พรานนก,16:00-19:00,ก่อนโควิด,1584.0,1584.0,1
ไฟฉาย,พรานนก,16:00-19:00,หลังโควิด,1316.3333333333333,1316.3333333333333,1
ไฟฉาย,พรานนก,16:00-19:00,โควิด,1241.1666666666665,1241.1666666666665,2
