intersection_key,road_key,report_quarter,time_key,ก่อนโควิด,โควิด,หลังโควิด
BRT สถานีสาทร,นราธิวาสราชนครินทร์,2,07:00-09:00,0,0,1
BRT สถานีสาทร,นราธิวาสราชนครินทร์,2,09:00-17:00,0,0,1
BRT สถานีสาทร,นราธิวาสราชนครินทร์,2,17:00-19:00,0,0,1
YMCA,ศาลาแดง,1,07:00-09:00,1,0,0
YMCA,ศาลาแดง,1,09:00-16:00,1,0,0
YMCA,ศาลาแดง,1,16:00-19:00,1,0,0
YMCA,สาทร,1,07:00-09:00,1,0,0
YMCA,สาทร,1,09:00-16:00,1,0,0
YMCA,สาทร,1,16:00-19:00,1,0,0
ก.ม. 8,ซ.รามอินทรา 73,2,07:00-09:00,1,0,0
ก.ม. 8,ซ.รามอินทรา 73,2,09:00-16:00,1,0,0
ก.ม. 8,ซ.รามอินทรา 73,2,16:00-19:00,1,0,0
ก.ม. 8,ซอยรามอินทรา 73,4,07:00-09:00,1,0,0
ก.ม. 8,ซอยรามอินทรา 73,4,09:00-16:00,1,0,0
ก.ม. 8,ซอยรามอินทรา 73,4,16:00-19:00,1,0,0
ก.ม. 8,นวมินทร์,2,07:00-09:00,1,0,0
ก.ม. 8,นวมินทร์,2,09:00-16:00,1,0,0
ก.ม. 8,นวมินทร์,2,16:00-19:00,1,0,0
ก.ม. 8,นวมินทร์,4,07:00-09:00,1,0,0
ก.ม. 8,นวมินทร์,4,09:00-16:00,1,0,0
ก.ม. 8,นวมินทร์,4,16:00-19:00,1,0,0
ก.ม. 8,รามอินทรา,2,07:00-09:00,1,0,0
ก.ม. 8,รามอินทรา,2,09:00-16:00,1,0,0
ก.ม. 8,รามอินทรา,2,16:00-19:00,1,0,0
ก.ม. 8,รามอินทรา,4,07:00-09:00,1,0,0
ก.ม. 8,รามอินทรา,4,09:00-16:00,1,0,0
ก.ม. 8,รามอินทรา,4,16:00-19:00,1,0,0
กทม.1,ดินสอ,4,07:00-09:00,0,0,1
กทม.1,ดินสอ,4,09:00-16:00,0,0,1
กทม.1,ดินสอ,4,16:00-19:00,0,0,1
กทม.1,มหรรณพ,4,07:00-09:00,0,0,1
กทม.1,มหรรณพ,4,09:00-16:00,0,0,1
กทม.1,มหรรณพ,4,16:00-19:00,0,0,1
กม. 8,นวมินทร์,2,07:00-09:00,0,0,1
กม. 8,นวมินทร์,2,09:00-16:00,0,0,1
กม. 8,นวมินทร์,2,16:00-19:00,0,0,1
กม. 8,รามอินทรา,2,07:00-09:00,0,0,1
กม. 8,รามอินทรา,2,09:00-16:00,0,0,1
กม. 8,รามอินทรา,2,16:00-19:00,0,0,1
กม. 8,รามอินทรา 73,2,07:00-09:00,0,0,1
กม. 8,รามอินทรา 73,2,09:00-16:00,0,0,1
กม. 8,รามอินทรา 73,2,16:00-19:00,0,0,1
กม.8,นวมินทร์,1,07:00-09:00,0,0,1
กม.8,นวมินทร์,1,09:00-17:00,0,0,1
กม.8,นวมินทร์,1,17:00-19:00,0,0,1
กม.8,รามอินทรา,1,07:00-09:00,0,0,1
กม.8,รามอินทรา,1,09:00-17:00,0,0,1
กม.8,รามอินทรา,1,17:00-19:00,0,0,1
กม.8,รามอินทรา 73,1,07:00-09:00,0,0,1
กม.8,รามอินทรา 73,1,09:00-17:00,0,0,1
กม.8,รามอินทรา 73,1,17:00-19:00,0,0,1
กรมพลาธกิารทหารอากาศ,ซอยพลโยธนิ 54/1,3,07:00-09:00,0,1,0
กรมพลาธกิารทหารอากาศ,ซอยพลโยธนิ 54/1,3,09:00-16:00,0,1,0
กรมพลาธกิารทหารอากาศ,ซอยพลโยธนิ 54/1,3,16:00-19:00,0,1,0
กรมพลาธกิารทหารอากาศ,ทางเข้าพลาธิการ ทอ.,3,07:00-09:00,0,1,0
กรมพลาธกิารทหารอากาศ,ทางเข้าพลาธิการ ทอ.,3,09:00-16:00,0,1,0
กรมพลาธกิารทหารอากาศ,ทางเข้าพลาธิการ ทอ.,3,16:00-19:00,0,1,0
กรมพลาธกิารทหารอากาศ,พหลโยธิน,3,07:00-09:00,0,1,0
กรมพลาธกิารทหารอากาศ,พหลโยธิน,3,09:00-16:00,0,1,0
กรมพลาธกิารทหารอากาศ,พหลโยธิน,3,16:00-19:00,0,1,0
กรมพลาธิการทหารอากาศ,ทางเข้ากรมพลาธิการฯ,4,07:00-09:00,0,0,1
กรมพลาธิการทหารอากาศ,ทางเข้ากรมพลาธิการฯ,4,09:00-17:00,0,0,1
กรมพลาธิการทหารอากาศ,ทางเข้ากรมพลาธิการฯ,4,17:00-19:00,0,0,1
กรมพลาธิการทหารอากาศ,พหลโยธิน,4,09:00-17:00,0,0,1
กรมพลาธิการทหารอากาศ,พหลโยธิน,4,17:00-19:00,0,0,1
กรมพลาธิการทหารอากาศ,พหลโยธิน 54/1,4,07:00-09:00,0,0,1
กรมพลาธิการทหารอากาศ,พหลโยธิน 54/1,4,09:00-17:00,0,0,1
กรมพลาธิการทหารอากาศ,พหลโยธิน 54/1,4,17:00-19:00,0,0,1
กรมศุลกากร,สุนทรโกษา,2,07:00-09:00,1,0,0
กรมศุลกากร,สุนทรโกษา,2,09:00-16:00,1,0,0
กรมศุลกากร,สุนทรโกษา,2,16:00-19:00,1,0,0
กรมศุลกากร,สุนทรโกษา,3,06:30-09:00,1,0,0
กรมศุลกากร,สุนทรโกษา,3,09:00-16:00,1,0,0
กรมศุลกากร,สุนทรโกษา,3,16:00-19:30,1,0,0
กรมศุลกากร,สุนทรโกษา,4,07:00-09:00,0,1,0
กรมศุลกากร,สุนทรโกษา,4,09:00-16:00,0,1,0
กรมศุลกากร,สุนทรโกษา,4,16:00-19:00,0,1,0
กรมศุลกากร,อาจณรงค์,2,07:00-09:00,1,0,0
กรมศุลกากร,อาจณรงค์,2,09:00-16:00,1,0,0
กรมศุลกากร,อาจณรงค์,2,16:00-19:00,1,0,0
กรมศุลกากร,อาจณรงค์,3,07:00-09:00,1,0,0
กรมศุลกากร,อาจณรงค์,3,09:00-16:00,1,0,0
กรมศุลกากร,อาจณรงค์,3,16:00-19:00,1,0,0
กรมศุลกากร,อาจณรงค์,4,07:00-09:00,0,1,0
กรมศุลกากร,อาจณรงค์,4,09:00-16:00,0,1,0
กรมศุลกากร,อาจณรงค์,4,16:00-19:00,0,1,0
กรมศุลกากร,เกษมราษฎร์,2,07:00-09:00,1,0,0
กรมศุลกากร,เกษมราษฎร์,2,09:00-16:00,1,0,0
กรมศุลกากร,เกษมราษฎร์,2,16:00-19:00,1,0,0
กรมศุลกากร,เกษมราษฎร์,3,06:30-09:00,1,0,0
กรมศุลกากร,เกษมราษฎร์,3,09:00-16:00,1,0,0
กรมศุลกากร,เกษมราษฎร์,3,16:00-19:30,1,0,0
กรมศุลกากร,เกษมราษฎร์,4,07:00-09:00,0,1,0
กรมศุลกากร,เกษมราษฎร์,4,09:00-16:00,0,1,0
กรมศุลกากร,เกษมราษฎร์,4,16:00-19:00,0,1,0
กระทรวงแรงงาน,มิตรไมตรี,3,07:00-09:00,1,0,0
กระทรวงแรงงาน,มิตรไมตรี,3,09:00-16:00,1,0,0
กระทรวงแรงงาน,มิตรไมตรี,3,16:00-19:00,1,0,0
กระทรวงแรงงาน,มิตรไมตรี 1,3,07:00-09:00,1,0,0
กระทรวงแรงงาน,มิตรไมตรี 1,3,09:00-16:00,1,0,0
กระทรวงแรงงาน,มิตรไมตรี 1,3,16:00-19:00,1,0,0
กรุงธนบุรี,กรุงธนบุรี,1,07:00-09:00,0,0,1
กรุงธนบุรี,กรุงธนบุรี,1,09:00-16:00,0,0,1
กรุงธนบุรี,กรุงธนบุรี,1,16:00-19:00,0,0,1
กรุงธนบุรี 6,กรุงธนบุรี,2,07:00-09:00,0,0,1
กรุงธนบุรี 6,กรุงธนบุรี,2,09:00-17:00,0,0,1
กรุงธนบุรี 6,กรุงธนบุรี,2,17:00-19:00,0,0,1
กรุงธนบุรี 6,กรุงธนบุรี 6,2,07:00-09:00,0,0,1
กรุงธนบุรี 6,กรุงธนบุรี 6,2,09:00-17:00,0,0,1
กรุงธนบุรี 6,กรุงธนบุรี 6,2,17:00-19:00,0,0,1
กรุงธนบุรีเหนือ,กรุงธนบุรี,1,07:00-09:00,0,0,2
กรุงธนบุรีเหนือ,กรุงธนบุรี,1,09:00-17:00,0,0,2
กรุงธนบุรีเหนือ,กรุงธนบุรี,1,17:00-19:00,0,0,2
กรุงธนบุรีเหนือ,เจริญนคร,1,07:00-09:00,0,0,2
กรุงธนบุรีเหนือ,เจริญนคร,1,09:00-17:00,0,0,2
กรุงธนบุรีเหนือ,เจริญนคร,1,17:00-19:00,0,0,2
กรุงธนบุรีใต้,กรุงธนบุรี,1,07:00-09:00,0,0,1
กรุงธนบุรีใต้,กรุงธนบุรี,1,09:00-17:00,0,0,1
กรุงธนบุรีใต้,กรุงธนบุรี,1,17:00-19:00,0,0,1
กรุงธนบุรีใต้,กรุงธนบุรี,4,07:00-09:00,0,0,1
กรุงธนบุรีใต้,กรุงธนบุรี,4,09:00-17:00,0,0,1
กรุงธนบุรีใต้,กรุงธนบุรี,4,17:00-19:00,0,0,1
กรุงธนบุรีใต้,เจริญนคร,1,07:00-09:00,0,0,1
กรุงธนบุรีใต้,เจริญนคร,1,09:00-17:00,0,0,1
กรุงธนบุรีใต้,เจริญนคร,1,17:00-19:00,0,0,1
กรุงธนบุรีใต้,เจริญนคร,4,07:00-09:00,0,0,1
กรุงธนบุรีใต้,เจริญนคร,4,09:00-17:00,0,0,1
กรุงธนบุรีใต้,เจริญนคร,4,17:00-19:00,0,0,1
กรุงเทพกรีฑา,กรุงเทพกรีฑา,1,07:00-09:00,0,1,0
กรุงเทพกรีฑา,กรุงเทพกรีฑา,1,09:00-16:00,0,1,0
กรุงเทพกรีฑา,กรุงเทพกรีฑา,1,16:00-19:00,0,1,0
กรุงเทพกรีฑา,กรุงเทพกรีฑา,3,07:00-09:00,1,0,0
กรุงเทพกรีฑา,กรุงเทพกรีฑา,3,09:00-16:00,1,0,0
กรุงเทพกรีฑา,กรุงเทพกรีฑา,3,16:00-19:00,1,0,0
กรุงเทพกรีฑา,ศรีนครินทร์,1,07:00-09:00,0,1,0
กรุงเทพกรีฑา,ศรีนครินทร์,1,09:00-16:00,0,1,0
กรุงเทพกรีฑา,ศรีนครินทร์,1,16:00-19:00,0,1,0
กรุงเทพกรีฑา,ศรีนครินทร์,3,06:30-09:00,1,0,0
กรุงเทพกรีฑา,ศรีนครินทร์,3,09:00-16:00,1,0,0
กรุงเทพกรีฑา,ศรีนครินทร์,3,16:00-19:30,1,0,0
กรุงเทพกรีฑา,หัวหมาก,1,07:00-09:00,0,1,0
กรุงเทพกรีฑา,หัวหมาก,1,09:00-16:00,0,1,0
กรุงเทพกรีฑา,หัวหมาก,1,16:00-19:00,0,1,0
กรุงเทพกรีฑา,หัวหมาก,3,06:30-09:00,1,0,0
กรุงเทพกรีฑา,หัวหมาก,3,09:00-16:00,1,0,0
กรุงเทพกรีฑา,หัวหมาก,3,16:00-19:30,1,0,0
กรุงเทพกรีฑา - ศรีนครินทร์ร่มเกล้า,ซอยกรุงเทพกรีฑา 7,4,07:00-09:00,0,0,1
กรุงเทพกรีฑา - ศรีนครินทร์ร่มเกล้า,ซอยกรุงเทพกรีฑา 7,4,09:00-17:00,0,0,1
กรุงเทพกรีฑา - ศรีนครินทร์ร่มเกล้า,ซอยกรุงเทพกรีฑา 7,4,17:00-19:00,0,0,1
กรุงเทพกรีฑา - ศรีนครินทร์ร่มเกล้า,ถนนกรุงเทพกรีฑา (EB),4,07:00-09:00,0,0,1
กรุงเทพกรีฑา - ศรีนครินทร์ร่มเกล้า,ถนนกรุงเทพกรีฑา (EB),4,09:00-17:00,0,0,1
กรุงเทพกรีฑา - ศรีนครินทร์ร่มเกล้า,ถนนกรุงเทพกรีฑา (EB),4,17:00-19:00,0,0,1
กรุงเทพกรีฑา - ศรีนครินทร์ร่มเกล้า,ถนนกรุงเทพกรีฑา (NB),4,07:00-09:00,0,0,1
กรุงเทพกรีฑา - ศรีนครินทร์ร่มเกล้า,ถนนกรุงเทพกรีฑา (NB),4,09:00-17:00,0,0,1
กรุงเทพกรีฑา - ศรีนครินทร์ร่มเกล้า,ถนนกรุงเทพกรีฑา (NB),4,17:00-19:00,0,0,1
กรุงเทพกรีฑา - ศรีนครินทร์ร่มเกล้า,ถนนศรีนครินทร์-ร่มเกล้า,4,07:00-09:00,0,0,1
กรุงเทพกรีฑา - ศรีนครินทร์ร่มเกล้า,ถนนศรีนครินทร์-ร่มเกล้า,4,09:00-17:00,0,0,1
กรุงเทพกรีฑา - ศรีนครินทร์ร่มเกล้า,ถนนศรีนครินทร์-ร่มเกล้า,4,17:00-19:00,0,0,1
กรุงเทพกรีฑา - หมู่บ้านนักกีฬาแหลมทอง,กรุงเทพกรีฑา,1,07:00-09:00,0,0,1
กรุงเทพกรีฑา - หมู่บ้านนักกีฬาแหลมทอง,กรุงเทพกรีฑา,1,09:00-17:00,0,0,1
กรุงเทพกรีฑา - หมู่บ้านนักกีฬาแหลมทอง,กรุงเทพกรีฑา,1,17:00-19:00,0,0,1
กรุงเทพกรีฑา - หมู่บ้านนักกีฬาแหลมทอง,หมู่บ้านนักกีฬาแหลมทอง,1,07:00-09:00,0,0,1
กรุงเทพกรีฑา - หมู่บ้านนักกีฬาแหลมทอง,หมู่บ้านนักกีฬาแหลมทอง,1,09:00-17:00,0,0,1
กรุงเทพกรีฑา - หมู่บ้านนักกีฬาแหลมทอง,หมู่บ้านนักกีฬาแหลมทอง,1,17:00-19:00,0,0,1
กรุงเทพกรีฑา 20,กรุงเทพกรีฑา,1,07:00-09:00,0,0,1
กรุงเทพกรีฑา 20,กรุงเทพกรีฑา,1,09:00-17:00,0,0,1
กรุงเทพกรีฑา 20,กรุงเทพกรีฑา,1,17:00-19:00,0,0,1
กรุงเทพกรีฑา 20,กรุงเทพกรีฑา,4,07:00-09:00,0,0,1
กรุงเทพกรีฑา 20,กรุงเทพกรีฑา,4,09:00-17:00,0,0,1
กรุงเทพกรีฑา 20,กรุงเทพกรีฑา,4,17:00-19:00,0,0,1
กรุงเทพกรีฑา 20,กรุงเทพกรีฑา 20,1,07:00-09:00,0,0,1
กรุงเทพกรีฑา 20,กรุงเทพกรีฑา 20,1,09:00-17:00,0,0,1
กรุงเทพกรีฑา 20,กรุงเทพกรีฑา 20,1,17:00-19:00,0,0,1
กรุงเทพกรีฑา 20,กรุงเทพกรีฑา 20,4,07:00-09:00,0,0,1
กรุงเทพกรีฑา 20,กรุงเทพกรีฑา 20,4,09:00-17:00,0,0,1
กรุงเทพกรีฑา 20,กรุงเทพกรีฑา 20,4,17:00-19:00,0,0,1
กรุงเทพกรีฑา 20,กรุงเทพกรีฑา 37,1,07:00-09:00,0,0,1
กรุงเทพกรีฑา 20,กรุงเทพกรีฑา 37,1,09:00-17:00,0,0,1
กรุงเทพกรีฑา 20,กรุงเทพกรีฑา 37,1,17:00-19:00,0,0,1
กรุงเทพกรีฑา 20,กรุงเทพกรีฑา 37,4,07:00-09:00,0,0,1
กรุงเทพกรีฑา 20,กรุงเทพกรีฑา 37,4,09:00-17:00,0,0,1
กรุงเทพกรีฑา 20,กรุงเทพกรีฑา 37,4,17:00-19:00,0,0,1
กลางซอยแบริ่ง,แบริ่ง,1,07:00-09:00,0,0,1
กลางซอยแบริ่ง,แบริ่ง,1,09:00-17:00,0,0,1
กลางซอยแบริ่ง,แบริ่ง,1,17:00-19:00,0,0,1
กลางซอยแบริ่ง,แบริ่งลาซาล,1,07:00-09:00,0,0,1
กลางซอยแบริ่ง,แบริ่งลาซาล,1,09:00-17:00,0,0,1
กลางซอยแบริ่ง,แบริ่งลาซาล,1,17:00-19:00,0,0,1
กล้วยน้ำไท,กล้วยน้ำไท,1,07:00-09:00,0,0,1
กล้วยน้ำไท,กล้วยน้ำไท,1,09:00-17:00,0,0,1
กล้วยน้ำไท,กล้วยน้ำไท,1,17:00-19:00,0,0,1
กล้วยน้ำไท,กล้วยน้ำไทตัดใหม่,2,07:00-09:00,0,1,0
กล้วยน้ำไท,กล้วยน้ำไทตัดใหม่,2,09:00-16:00,0,1,0
กล้วยน้ำไท,กล้วยน้ำไทตัดใหม่,2,16:00-19:00,0,1,0
กล้วยน้ำไท,กล้วยน้ำไทตัดใหม่,3,07:00-09:00,1,0,0
กล้วยน้ำไท,กล้วยน้ำไทตัดใหม่,3,09:00-16:00,1,0,0
กล้วยน้ำไท,กล้วยน้ำไทตัดใหม่,3,16:00-19:00,1,0,0
กล้วยน้ำไท,พระรามที่ 4,1,07:00-09:00,0,0,1
กล้วยน้ำไท,พระรามที่ 4,1,09:00-16:00,0,0,1
กล้วยน้ำไท,พระรามที่ 4,1,16:00-19:00,0,0,1
กล้วยน้ำไท,พระรามที่ 4,3,07:00-09:00,1,0,0
กล้วยน้ำไท,พระรามที่ 4,3,09:00-16:00,1,0,0
กล้วยน้ำไท,พระรามที่ 4,3,16:00-19:00,1,0,0
กล้วยน้ำไท,พระรามที่4,1,07:00-09:00,0,0,1
กล้วยน้ำไท,พระรามที่4,1,09:00-17:00,0,0,1
กล้วยน้ำไท,พระรามที่4,1,17:00-19:00,0,0,1
กล้วยน้ำไท,พระรามที่4,2,07:00-09:00,0,1,0
กล้วยน้ำไท,พระรามที่4,2,09:00-16:00,0,1,0
กล้วยน้ำไท,พระรามที่4,2,16:00-19:00,0,1,0
กล้วยน้ำไท,รัชดาภิเษก,1,07:00-09:00,0,0,1
กล้วยน้ำไท,รัชดาภิเษก,1,09:00-16:00,0,0,1
กล้วยน้ำไท,รัชดาภิเษก,1,16:00-19:00,0,0,1
กล้วยน้ำไท,เทียมร่วมมิตร,1,07:00-09:00,0,0,1
กล้วยน้ำไท,เทียมร่วมมิตร,1,09:00-16:00,0,0,1
กล้วยน้ำไท,เทียมร่วมมิตร,1,16:00-19:00,0,0,1
กษัตริย์ศึก,กรุงเกษม,1,07:00-09:00,1,0,1
กษัตริย์ศึก,กรุงเกษม,1,09:00-16:00,1,0,1
กษัตริย์ศึก,กรุงเกษม,1,16:00-19:00,1,0,1
กษัตริย์ศึก,กรุงเกษม,3,07:00-09:00,1,0,0
กษัตริย์ศึก,กรุงเกษม,3,09:00-16:00,1,0,0
กษัตริย์ศึก,กรุงเกษม,3,16:00-19:00,1,0,0
กษัตริย์ศึก,กรุงเกษม,4,07:00-09:00,0,0,2
กษัตริย์ศึก,กรุงเกษม,4,09:00-17:00,0,0,2
กษัตริย์ศึก,กรุงเกษม,4,17:00-19:00,0,0,2
กษัตริย์ศึก,บำรุงเมือง,1,07:00-09:00,1,0,1
กษัตริย์ศึก,บำรุงเมือง,1,09:00-16:00,1,0,1
กษัตริย์ศึก,บำรุงเมือง,1,16:00-19:00,1,0,1
กษัตริย์ศึก,บำรุงเมือง,3,07:00-09:00,1,0,0
กษัตริย์ศึก,บำรุงเมือง,3,09:00-16:00,1,0,0
กษัตริย์ศึก,บำรุงเมือง,3,16:00-19:00,1,0,0
กษัตริย์ศึก,บำรุงเมือง,4,07:00-09:00,0,0,2
กษัตริย์ศึก,บำรุงเมือง,4,09:00-17:00,0,0,2
กษัตริย์ศึก,บำรุงเมือง,4,17:00-19:00,0,0,2
กษัตริย์ศึก,พระรามที่ 1,1,07:00-09:00,0,0,1
กษัตริย์ศึก,พระรามที่ 1,1,09:00-16:00,0,0,1
กษัตริย์ศึก,พระรามที่ 1,1,16:00-19:00,0,0,1
กองบัญชาการกองทัพบก,ประชาธิปไตย,2,07:00-09:00,0,0,1
กองบัญชาการกองทัพบก,ประชาธิปไตย,2,09:00-17:00,0,0,1
กองบัญชาการกองทัพบก,ประชาธิปไตย,2,17:00-19:00,0,0,1
กาญจนาภิเษก - กัลปพฤกษ์,กัลปพฤกษ์,4,07:00-09:00,0,0,1
กาญจนาภิเษก - กัลปพฤกษ์,กัลปพฤกษ์,4,09:00-16:00,0,0,1
กาญจนาภิเษก - กัลปพฤกษ์,กัลปพฤกษ์,4,16:00-19:00,0,0,1
กาญจนาภิเษก - กัลปพฤกษ์,กาญจนาภิเษก,4,07:00-09:00,0,0,1
กาญจนาภิเษก - กัลปพฤกษ์,กาญจนาภิเษก,4,09:00-16:00,0,0,1
กาญจนาภิเษก - กัลปพฤกษ์,กาญจนาภิเษก,4,16:00-19:00,0,0,1
กาญจนาภิเษก 5/1,กาญจนาภิเษก 5/1,1,07:00-09:00,0,0,1
กาญจนาภิเษก 5/1,กาญจนาภิเษก 5/1,1,09:00-17:00,0,0,1
กาญจนาภิเษก 5/1,กาญจนาภิเษก 5/1,1,17:00-19:00,0,0,1
กาญจนาภิเษก 5/1,คู่ขนานกาญจนาภิเษก(มอเตอร์เวย์ 9),1,07:00-09:00,0,0,1
กาญจนาภิเษก 5/1,คู่ขนานกาญจนาภิเษก(มอเตอร์เวย์ 9),1,09:00-17:00,0,0,1
กาญจนาภิเษก 5/1,คู่ขนานกาญจนาภิเษก(มอเตอร์เวย์ 9),1,17:00-19:00,0,0,1
กาญจนาภิเษก 6,กาญจนาภิเษก 6,1,07:00-09:00,0,0,1
กาญจนาภิเษก 6,กาญจนาภิเษก 6,1,09:00-17:00,0,0,1
กาญจนาภิเษก 6,กาญจนาภิเษก 6,1,17:00-19:00,0,0,1
กาญจนาภิเษก 6,คู่ขนานกาญจนาภิเษก(มอเตอร์เวย์ 9),1,07:00-09:00,0,0,1
กาญจนาภิเษก 6,คู่ขนานกาญจนาภิเษก(มอเตอร์เวย์ 9),1,09:00-17:00,0,0,1
กาญจนาภิเษก 6,คู่ขนานกาญจนาภิเษก(มอเตอร์เวย์ 9),1,17:00-19:00,0,0,1
การสื่อสาร,แจ้งวัฒนะ,1,07:00-09:00,0,0,1
การสื่อสาร,แจ้งวัฒนะ,1,09:00-17:00,0,0,1
การสื่อสาร,แจ้งวัฒนะ,1,17:00-19:00,0,0,1
การสื่อสาร,แจ้งวัฒนะ 7,1,07:00-09:00,0,0,1
การสื่อสาร,แจ้งวัฒนะ 7,1,09:00-17:00,0,0,1
การสื่อสาร,แจ้งวัฒนะ 7,1,17:00-19:00,0,0,1
การเคหะ,ซอยนวมินทร์ 51,4,07:00-09:00,1,0,0
การเคหะ,ซอยนวมินทร์ 51,4,09:00-16:00,1,0,0
การเคหะ,ซอยนวมินทร์ 51,4,16:00-19:00,1,0,0
การเคหะ,นวมินทร์,2,07:00-09:00,0,0,1
การเคหะ,นวมินทร์,2,09:00-17:00,0,0,1
การเคหะ,นวมินทร์,2,17:00-19:00,0,0,1
การเคหะ,นวมินทร์,4,07:00-09:00,1,0,0
การเคหะ,นวมินทร์,4,09:00-16:00,1,0,0
การเคหะ,นวมินทร์,4,16:00-19:00,1,0,0
การเคหะ,นวมินทร์ 51,2,07:00-09:00,0,0,1
การเคหะ,นวมินทร์ 51,2,09:00-17:00,0,0,1
การเคหะ,นวมินทร์ 51,2,17:00-19:00,0,0,1
การเคหะ,ศรีบูรพา,2,07:00-09:00,0,0,1
การเคหะ,ศรีบูรพา,2,09:00-17:00,0,0,1
การเคหะ,ศรีบูรพา,2,17:00-19:00,0,0,1
การเคหะ,ศรีบูรพา,4,07:00-09:00,1,0,0
การเคหะ,ศรีบูรพา,4,09:00-16:00,1,0,0
การเคหะ,ศรีบูรพา,4,16:00-19:00,1,0,0
การเรือน,นครราชสีมา,1,07:00-09:00,0,0,1
การเรือน,นครราชสีมา,1,09:00-17:00,0,0,1
การเรือน,นครราชสีมา,1,17:00-19:00,0,0,1
การเรือน,นครราชสีมา,4,07:00-09:00,0,0,1
การเรือน,นครราชสีมา,4,09:00-17:00,0,0,1
การเรือน,นครราชสีมา,4,17:00-19:00,0,0,1
การเรือน,ราชวิถี,1,07:00-09:00,1,0,1
การเรือน,ราชวิถี,1,09:00-16:00,1,0,0
การเรือน,ราชวิถี,1,09:00-17:00,0,0,1
การเรือน,ราชวิถี,1,16:00-19:00,1,0,0
การเรือน,ราชวิถี,1,17:00-19:00,0,0,1
การเรือน,ราชวิถี,2,07:00-09:00,0,0,1
การเรือน,ราชวิถี,2,09:00-16:00,0,0,1
การเรือน,ราชวิถี,2,16:00-19:00,0,0,1
การเรือน,ราชวิถี,4,07:00-09:00,0,1,1
การเรือน,ราชวิถี,4,09:00-16:00,0,1,0
การเรือน,ราชวิถี,4,09:00-17:00,0,0,1
การเรือน,ราชวิถี,4,16:00-19:00,0,1,0
การเรือน,ราชวิถี,4,17:00-19:00,0,0,1
การเรือน,ราชสีมา,1,07:00-09:00,1,0,0
การเรือน,ราชสีมา,1,09:00-16:00,1,0,0
การเรือน,ราชสีมา,1,16:00-19:00,1,0,0
การเรือน,ราชสีมา,2,07:00-09:00,0,0,1
การเรือน,ราชสีมา,2,09:00-16:00,0,0,1
การเรือน,ราชสีมา,2,16:00-19:00,0,0,1
การเรือน,ราชสีมา,4,07:00-09:00,0,1,0
การเรือน,ราชสีมา,4,09:00-16:00,0,1,0
การเรือน,ราชสีมา,4,16:00-19:00,0,1,0
การไฟฟ้าชิดลม,ชิดลม,1,07:00-09:00,1,0,0
การไฟฟ้าชิดลม,ชิดลม,1,09:00-16:00,1,0,0
การไฟฟ้าชิดลม,ชิดลม,1,16:00-19:00,1,0,0
กำนันธารทิพย์,พุทธบูชา,1,07:00-09:00,0,0,2
กำนันธารทิพย์,พุทธบูชา,1,09:00-16:00,0,0,1
กำนันธารทิพย์,พุทธบูชา,1,09:00-17:00,0,0,1
กำนันธารทิพย์,พุทธบูชา,1,16:00-19:00,0,0,1
กำนันธารทิพย์,พุทธบูชา,1,17:00-19:00,0,0,1
กำนันธารทิพย์,พุทธบูชา 36,1,07:00-09:00,0,0,2
กำนันธารทิพย์,พุทธบูชา 36,1,09:00-16:00,0,0,1
กำนันธารทิพย์,พุทธบูชา 36,1,09:00-17:00,0,0,1
กำนันธารทิพย์,พุทธบูชา 36,1,16:00-19:00,0,0,1
กำนันธารทิพย์,พุทธบูชา 36,1,17:00-19:00,0,0,1
กำนันธารทิพย์,พุทธบูชา 39,1,07:00-09:00,0,0,2
กำนันธารทิพย์,พุทธบูชา 39,1,09:00-16:00,0,0,1
กำนันธารทิพย์,พุทธบูชา 39,1,09:00-17:00,0,0,1
กำนันธารทิพย์,พุทธบูชา 39,1,16:00-19:00,0,0,1
กำนันธารทิพย์,พุทธบูชา 39,1,17:00-19:00,0,0,1
กำนันแม้น,ซอยเทอดไท 86,1,07:00-09:00,1,0,0
กำนันแม้น,ซอยเทอดไท 86,1,09:00-16:00,1,0,0
กำนันแม้น,ซอยเทอดไท 86,1,16:00-19:00,1,0,0
กำนันแม้น,ศาลธนบุรี,1,07:00-09:00,1,0,0
กำนันแม้น,ศาลธนบุรี,1,09:00-16:00,1,0,0
กำนันแม้น,ศาลธนบุรี,1,16:00-19:00,1,0,0
กำนันแม้น,เทอดไท,1,07:00-09:00,1,0,0
กำนันแม้น,เทอดไท,1,09:00-16:00,1,0,0
กำนันแม้น,เทอดไท,1,16:00-19:00,1,0,0
กำแพงเพชร,กำแพงเพชร,1,07:00-09:00,0,1,1
กำแพงเพชร,กำแพงเพชร,1,09:00-16:00,0,1,0
กำแพงเพชร,กำแพงเพชร,1,09:00-17:00,0,0,1
กำแพงเพชร,กำแพงเพชร,1,16:00-19:00,0,1,0
กำแพงเพชร,กำแพงเพชร,1,17:00-19:00,0,0,1
กำแพงเพชร,กำแพงเพชร,2,07:00-09:00,0,0,2
กำแพงเพชร,กำแพงเพชร,2,09:00-16:00,0,0,1
กำแพงเพชร,กำแพงเพชร,2,09:00-17:00,0,0,1
กำแพงเพชร,กำแพงเพชร,2,16:00-19:00,0,0,1
กำแพงเพชร,กำแพงเพชร,2,17:00-19:00,0,0,1
กำแพงเพชร,กำแพงเพชร,3,07:00-09:00,1,0,1
กำแพงเพชร,กำแพงเพชร,3,09:00-16:00,1,0,1
กำแพงเพชร,กำแพงเพชร,3,16:00-19:00,1,0,1
กำแพงเพชร,กำแพงเพชร,4,06:30-09:00,1,0,0
กำแพงเพชร,กำแพงเพชร,4,09:00-16:00,1,0,0
กำแพงเพชร,กำแพงเพชร,4,16:00-19:30,1,0,0
กำแพงเพชร,ซ.พหลโยธิน 18,4,07:00-09:00,1,0,0
กำแพงเพชร,ซ.พหลโยธิน 18,4,09:00-16:00,1,0,0
กำแพงเพชร,ซ.พหลโยธิน 18,4,16:00-19:00,1,0,0
กำแพงเพชร,ซอนพหลโยธิน 18,3,07:00-09:00,1,0,0
กำแพงเพชร,ซอนพหลโยธิน 18,3,09:00-16:00,1,0,0
กำแพงเพชร,ซอนพหลโยธิน 18,3,16:00-19:00,1,0,0
กำแพงเพชร,ซอยพหลโยธิน 18,1,07:00-09:00,0,1,0
กำแพงเพชร,ซอยพหลโยธิน 18,1,09:00-16:00,0,1,0
กำแพงเพชร,ซอยพหลโยธิน 18,1,16:00-19:00,0,1,0
กำแพงเพชร,พหลโยธิน,1,07:00-09:00,0,1,1
กำแพงเพชร,พหลโยธิน,1,09:00-16:00,0,1,0
กำแพงเพชร,พหลโยธิน,1,09:00-17:00,0,0,1
กำแพงเพชร,พหลโยธิน,1,16:00-19:00,0,1,0
กำแพงเพชร,พหลโยธิน,1,17:00-19:00,0,0,1
กำแพงเพชร,พหลโยธิน,2,07:00-09:00,0,0,2
กำแพงเพชร,พหลโยธิน,2,09:00-16:00,0,0,1
กำแพงเพชร,พหลโยธิน,2,09:00-17:00,0,0,1
กำแพงเพชร,พหลโยธิน,2,16:00-19:00,0,0,1
กำแพงเพชร,พหลโยธิน,2,17:00-19:00,0,0,1
กำแพงเพชร,พหลโยธิน,3,07:00-09:00,1,0,1
กำแพงเพชร,พหลโยธิน,3,09:00-16:00,1,0,1
กำแพงเพชร,พหลโยธิน,3,16:00-19:00,1,0,1
กำแพงเพชร,พหลโยธิน,4,07:00-09:00,1,0,0
กำแพงเพชร,พหลโยธิน,4,09:00-16:00,1,0,0
กำแพงเพชร,พหลโยธิน,4,16:00-19:00,1,0,0
กำแพงเพชร,พหลโยธิน 18,1,07:00-09:00,0,0,1
กำแพงเพชร,พหลโยธิน 18,1,09:00-17:00,0,0,1
กำแพงเพชร,พหลโยธิน 18,1,17:00-19:00,0,0,1
กำแพงเพชร,พหลโยธิน 18,2,07:00-09:00,0,0,2
กำแพงเพชร,พหลโยธิน 18,2,09:00-16:00,0,0,1
กำแพงเพชร,พหลโยธิน 18,2,09:00-17:00,0,0,1
กำแพงเพชร,พหลโยธิน 18,2,16:00-19:00,0,0,1
กำแพงเพชร,พหลโยธิน 18,2,17:00-19:00,0,0,1
กำแพงเพชร,พหลโยธิน 18,3,07:00-09:00,0,0,1
กำแพงเพชร,พหลโยธิน 18,3,09:00-16:00,0,0,1
กำแพงเพชร,พหลโยธิน 18,3,16:00-19:00,0,0,1
กำแพงเพชร 2,กำแพงเพชร,3,07:00-09:00,0,0,1
กำแพงเพชร 2,กำแพงเพชร,3,09:00-17:00,0,0,1
กำแพงเพชร 2,กำแพงเพชร,3,17:00-19:00,0,0,1
กำแพงเพชร 2,กำแพงเพชร 2,2,07:00-09:00,0,1,0
กำแพงเพชร 2,กำแพงเพชร 2,2,09:00-16:00,0,1,0
กำแพงเพชร 2,กำแพงเพชร 2,2,16:00-19:00,0,1,0
กำแพงเพชร 2,กำแพงเพชร 2,3,07:00-09:00,0,0,1
กำแพงเพชร 2,กำแพงเพชร 2,3,09:00-17:00,0,0,1
กำแพงเพชร 2,กำแพงเพชร 2,3,17:00-19:00,0,0,1
กำแพงเพชร 5-ระนอง 1 - พระรามที่ 6 ซ.37,กำแพงเพชร 5,4,07:00-09:00,0,1,0
กำแพงเพชร 5-ระนอง 1 - พระรามที่ 6 ซ.37,กำแพงเพชร 5,4,09:00-16:00,0,1,0
กำแพงเพชร 5-ระนอง 1 - พระรามที่ 6 ซ.37,กำแพงเพชร 5,4,16:00-19:00,0,1,0
กำแพงเพชร 5-ระนอง 1 - พระรามที่ 6 ซ.37,พระรามที่ 6 ซ.37,4,07:00-09:00,0,1,0
กำแพงเพชร 5-ระนอง 1 - พระรามที่ 6 ซ.37,พระรามที่ 6 ซ.37,4,09:00-16:00,0,1,0
กำแพงเพชร 5-ระนอง 1 - พระรามที่ 6 ซ.37,พระรามที่ 6 ซ.37,4,16:00-19:00,0,1,0
กำแพงเพชร 5-ระนอง 1 - พระรามที่ 6 ซ.37,ระนอง 1,4,07:00-09:00,0,1,0
กำแพงเพชร 5-ระนอง 1 - พระรามที่ 6 ซ.37,ระนอง 1,4,09:00-16:00,0,1,0
กำแพงเพชร 5-ระนอง 1 - พระรามที่ 6 ซ.37,ระนอง 1,4,16:00-19:00,0,1,0
กำแพงเพชร 6 ซ.5 แยก 2,กำแพงเพชร 6 ซ.5,2,07:00-09:00,0,0,1
กำแพงเพชร 6 ซ.5 แยก 2,กำแพงเพชร 6 ซ.5,2,09:00-17:00,0,0,1
กำแพงเพชร 6 ซ.5 แยก 2,กำแพงเพชร 6 ซ.5,2,17:00-19:00,0,0,1
กำแพงเพชร 6 ซ.5 แยก 2,กำแพงเพชร 6 ซ.5 แยก 2,2,07:00-09:00,0,0,1
กำแพงเพชร 6 ซ.5 แยก 2,กำแพงเพชร 6 ซ.5 แยก 2,2,09:00-17:00,0,0,1
กำแพงเพชร 6 ซ.5 แยก 2,กำแพงเพชร 6 ซ.5 แยก 2,2,17:00-19:00,0,0,1
กำแพงเพชร 6 ซ.5 แยก 2,ส่วนบุคคล,2,07:00-09:00,0,0,1
กำแพงเพชร 6 ซ.5 แยก 2,ส่วนบุคคล,2,09:00-17:00,0,0,1
กำแพงเพชร 6 ซ.5 แยก 2,ส่วนบุคคล,2,17:00-19:00,0,0,1
ก่อนเข้าทางด่วน,สุขุมวิท 62,3,07:00-09:00,0,0,1
ก่อนเข้าทางด่วน,สุขุมวิท 62,3,09:00-17:00,0,0,1
ก่อนเข้าทางด่วน,สุขุมวิท 62,3,17:00-19:00,0,0,1
ขัตติยานี,พิชัย,1,07:00-09:00,0,0,1
ขัตติยานี,พิชัย,1,09:00-16:00,0,0,1
ขัตติยานี,พิชัย,1,16:00-19:00,0,0,1
ขัตติยานี,พิชัย,2,07:00-09:00,1,0,1
ขัตติยานี,พิชัย,2,09:00-16:00,1,0,0
ขัตติยานี,พิชัย,2,09:00-17:00,0,0,1
ขัตติยานี,พิชัย,2,16:00-19:00,1,0,0
ขัตติยานี,พิชัย,2,17:00-19:00,0,0,1
ขัตติยานี,พิชัย,4,07:00-09:00,0,1,1
ขัตติยานี,พิชัย,4,09:00-16:00,0,1,0
ขัตติยานี,พิชัย,4,09:00-17:00,0,0,1
ขัตติยานี,พิชัย,4,16:00-19:00,0,1,0
ขัตติยานี,พิชัย,4,17:00-19:00,0,0,1
ขัตติยานี,สุโขทัย,1,07:00-09:00,0,0,1
ขัตติยานี,สุโขทัย,1,09:00-16:00,0,0,1
ขัตติยานี,สุโขทัย,1,16:00-19:00,0,0,1
ขัตติยานี,สุโขทัย,2,07:00-09:00,1,0,1
ขัตติยานี,สุโขทัย,2,09:00-16:00,1,0,0
ขัตติยานี,สุโขทัย,2,09:00-17:00,0,0,1
ขัตติยานี,สุโขทัย,2,16:00-19:00,1,0,0
ขัตติยานี,สุโขทัย,2,17:00-19:00,0,0,1
ขัตติยานี,สุโขทัย,4,07:00-09:00,0,1,1
ขัตติยานี,สุโขทัย,4,09:00-16:00,0,1,0
ขัตติยานี,สุโขทัย,4,09:00-17:00,0,0,1
ขัตติยานี,สุโขทัย,4,16:00-19:00,0,1,0
ขัตติยานี,สุโขทัย,4,17:00-19:00,0,0,1
ข้างวังสวนจิตรลดา,สวรรคโลก,4,07:00-09:00,1,0,0
ข้างวังสวนจิตรลดา,สวรรคโลก,4,09:00-16:00,1,0,0
ข้างวังสวนจิตรลดา,สวรรคโลก,4,16:00-19:00,1,0,0
ข้างวัดบวรนิเวศน์,บวรนิเวศน์,4,07:00-09:00,1,0,0
ข้างวัดบวรนิเวศน์,บวรนิเวศน์,4,09:00-16:00,1,0,0
ข้างวัดบวรนิเวศน์,บวรนิเวศน์,4,16:00-19:00,1,0,0
ข้างศาลาว่าการกรุงเทพมหานคร,ดินสอ,1,07:00-09:00,1,0,0
ข้างศาลาว่าการกรุงเทพมหานคร,ดินสอ,1,09:00-16:00,1,0,0
ข้างศาลาว่าการกรุงเทพมหานคร,ดินสอ,1,16:00-19:00,1,0,0
ข้างศาลาว่าการกรุงเทพมหานคร,ดินสอ,4,07:00-09:00,1,0,0
ข้างศาลาว่าการกรุงเทพมหานคร,ดินสอ,4,09:00-16:00,1,0,0
ข้างศาลาว่าการกรุงเทพมหานคร,ดินสอ,4,16:00-19:00,1,0,0
ข้างสวนดุสิต,พระรามที่ 5,1,07:00-09:00,1,0,0
ข้างสวนดุสิต,พระรามที่ 5,1,09:00-16:00,1,0,0
ข้างสวนดุสิต,พระรามที่ 5,1,16:00-19:00,1,0,0
ข้ามหน้าโรงเรียนมัธยมวัดบึงทองห,ลาดพร้าว 101,2,07:00-09:00,1,0,0
ข้ามหน้าโรงเรียนมัธยมวัดบึงทองห,ลาดพร้าว 101,2,09:00-16:00,1,0,0
ข้ามหน้าโรงเรียนมัธยมวัดบึงทองห,ลาดพร้าว 101,2,16:00-19:00,1,0,0
ข้าวหลาม - เจริญกรุง,เจริญกรุง,3,07:00-09:00,0,0,1
ข้าวหลาม - เจริญกรุง,เจริญกรุง,3,09:00-17:00,0,0,1
ข้าวหลาม - เจริญกรุง,เจริญกรุง,3,17:00-19:00,0,0,1
ค.ป.อ.,จันทรุเบกษา,3,07:00-09:00,0,1,1
ค.ป.อ.,จันทรุเบกษา,3,09:00-16:00,0,1,0
ค.ป.อ.,จันทรุเบกษา,3,09:00-17:00,0,0,1
ค.ป.อ.,จันทรุเบกษา,3,16:00-19:00,0,1,0
ค.ป.อ.,จันทรุเบกษา,3,17:00-19:00,0,0,1
ค.ป.อ.,จันทรุเบกษา,4,07:00-09:00,0,0,1
ค.ป.อ.,จันทรุเบกษา,4,09:00-17:00,0,0,1
ค.ป.อ.,จันทรุเบกษา,4,17:00-19:00,0,0,1
ค.ป.อ.,ธูปเตมีย์,3,07:00-09:00,0,1,1
ค.ป.อ.,ธูปเตมีย์,3,09:00-16:00,0,1,0
ค.ป.อ.,ธูปเตมีย์,3,09:00-17:00,0,0,1
ค.ป.อ.,ธูปเตมีย์,3,16:00-19:00,0,1,0
ค.ป.อ.,ธูปเตมีย์,3,17:00-19:00,0,0,1
ค.ป.อ.,ธูปเตมีย์,4,07:00-09:00,0,0,1
ค.ป.อ.,ธูปเตมีย์,4,09:00-17:00,0,0,1
ค.ป.อ.,ธูปเตมีย์,4,17:00-19:00,0,0,1
ค.ป.อ.,พหลโยธิน,3,07:00-09:00,0,1,1
ค.ป.อ.,พหลโยธิน,3,09:00-16:00,0,1,0
ค.ป.อ.,พหลโยธิน,3,09:00-17:00,0,0,1
ค.ป.อ.,พหลโยธิน,3,16:00-19:00,0,1,0
ค.ป.อ.,พหลโยธิน,3,17:00-19:00,0,0,1
ค.ป.อ.,พหลโยธิน,4,07:00-09:00,0,0,1
ค.ป.อ.,พหลโยธิน,4,09:00-17:00,0,0,1
ค.ป.อ.,พหลโยธิน,4,17:00-19:00,0,0,1
คนข้ามบริเวณหมู่บ้านมณฑล 3,พุทธมณฑลสาย 3,3,07:00-09:00,1,0,0
คนข้ามบริเวณหมู่บ้านมณฑล 3,พุทธมณฑลสาย 3,3,09:00-16:00,1,0,0
คนข้ามบริเวณหมู่บ้านมณฑล 3,พุทธมณฑลสาย 3,3,16:00-19:00,1,0,0
ครุใน,ครุใน,1,07:00-09:00,0,0,1
ครุใน,ครุใน,1,09:00-16:00,0,0,1
ครุใน,ครุใน,1,16:00-19:00,0,0,1
ครุใน,ประชาอุทิศ,1,07:00-09:00,0,0,1
ครุใน,ประชาอุทิศ,1,09:00-16:00,0,0,1
ครุใน,ประชาอุทิศ,1,16:00-19:00,0,0,1
คลองตัน,พัฒนาการ,1,07:00-09:00,0,0,1
คลองตัน,พัฒนาการ,1,09:00-17:00,0,0,1
คลองตัน,พัฒนาการ,1,17:00-19:00,0,0,1
คลองตัน,พัฒนาการ,2,07:00-09:00,2,0,1
คลองตัน,พัฒนาการ,2,09:00-16:00,2,0,1
คลองตัน,พัฒนาการ,2,16:00-19:00,2,0,1
คลองตัน,พัฒนาการ,3,07:00-09:00,0,1,0
คลองตัน,พัฒนาการ,3,09:00-16:00,0,1,0
คลองตัน,พัฒนาการ,3,16:00-19:00,0,1,0
คลองตัน,รามคำแหง,1,07:00-09:00,0,0,1
คลองตัน,รามคำแหง,1,09:00-17:00,0,0,1
คลองตัน,รามคำแหง,1,17:00-19:00,0,0,1
คลองตัน,รามคำแหง,2,07:00-09:00,2,0,1
คลองตัน,รามคำแหง,2,09:00-16:00,2,0,1
คลองตัน,รามคำแหง,2,16:00-19:00,2,0,0
คลองตัน,รามคำแหง,3,07:00-09:00,0,1,0
คลองตัน,รามคำแหง,3,09:00-16:00,0,1,0
คลองตัน,รามคำแหง,3,16:00-19:00,0,1,0
คลองตัน,สุขุมวิท,2,07:00-09:00,0,0,1
คลองตัน,สุขุมวิท,2,09:00-16:00,0,0,1
คลองตัน,สุขุมวิท,2,16:00-19:00,0,0,1
คลองตัน,สุขุมวิท 71,1,07:00-09:00,0,0,1
คลองตัน,สุขุมวิท 71,1,09:00-17:00,0,0,1
คลองตัน,สุขุมวิท 71,1,17:00-19:00,0,0,1
คลองตัน,สุขุมวิท 71,2,07:00-09:00,2,0,0
คลองตัน,สุขุมวิท 71,2,09:00-16:00,2,0,0
คลองตัน,สุขุมวิท 71,2,16:00-19:00,2,0,0
คลองตัน,สุขุมวิท 71,3,07:00-09:00,0,1,0
คลองตัน,สุขุมวิท 71,3,09:00-16:00,0,1,0
คลองตัน,สุขุมวิท 71,3,16:00-19:00,0,1,0
คลองตัน,เพชรบุรี,1,07:00-09:00,0,0,1
คลองตัน,เพชรบุรี,1,09:00-17:00,0,0,1
คลองตัน,เพชรบุรี,1,17:00-19:00,0,0,1
คลองตัน,เพชรบุรี,2,07:00-09:00,2,0,1
คลองตัน,เพชรบุรี,2,09:00-16:00,2,0,1
คลองตัน,เพชรบุรี,2,16:00-19:00,2,0,0
คลองตัน,เพชรบุรี,3,07:00-09:00,0,1,0
คลองตัน,เพชรบุรี,3,09:00-16:00,0,1,0
คลองตัน,เพชรบุรี,3,16:00-19:00,0,1,0
คลองประปา,ประชาชื่น,2,07:00-09:00,0,0,1
คลองประปา,ประชาชื่น,2,09:00-17:00,0,0,1
คลองประปา,ประชาชื่น,2,17:00-19:00,0,0,1
คลองประปา,ประชาชื่น,3,07:00-09:00,1,0,0
คลองประปา,ประชาชื่น,3,09:00-16:00,1,0,0
คลองประปา,ประชาชื่น,3,16:00-19:00,1,0,0
คลองประปา,ประชาชื่น,4,07:00-09:00,0,1,0
คลองประปา,ประชาชื่น,4,09:00-16:00,0,1,0
คลองประปา,ประชาชื่น,4,16:00-19:00,0,1,0
คลองประปา,เลียบคลองประปา,2,07:00-09:00,0,0,1
คลองประปา,เลียบคลองประปา,2,09:00-17:00,0,0,1
คลองประปา,เลียบคลองประปา,2,17:00-19:00,0,0,1
คลองประปา,เลียบคลองประปา,3,07:00-09:00,1,0,0
คลองประปา,เลียบคลองประปา,3,09:00-16:00,1,0,0
คลองประปา,เลียบคลองประปา,3,16:00-19:00,1,0,0
คลองประปา,เลียบคลองประปา,4,07:00-09:00,0,1,0
คลองประปา,เลียบคลองประปา,4,09:00-16:00,0,1,0
คลองประปา,เลียบคลองประปา,4,16:00-19:00,0,1,0
คลองประปา,แจ้งวัฒนะ,2,07:00-09:00,0,0,1
คลองประปา,แจ้งวัฒนะ,2,09:00-17:00,0,0,1
คลองประปา,แจ้งวัฒนะ,2,17:00-19:00,0,0,1
คลองประปา,แจ้งวัฒนะ,3,07:00-09:00,1,0,0
คลองประปา,แจ้งวัฒนะ,3,09:00-16:00,1,0,0
คลองประปา,แจ้งวัฒนะ,3,16:00-19:00,1,0,0
คลองประปา,แจ้งวัฒนะ,4,07:00-09:00,0,1,0
คลองประปา,แจ้งวัฒนะ,4,09:00-16:00,0,1,0
คลองประปา,แจ้งวัฒนะ,4,16:00-19:00,0,1,0
คลองประปา – ซอยข้าง รร.เซนต์ฟรังซีสเซเวียร์,ข้างร.ร.เซนฟรังซีสเซเวียร์,2,07:00-09:00,0,0,1
คลองประปา – ซอยข้าง รร.เซนต์ฟรังซีสเซเวียร์,ข้างร.ร.เซนฟรังซีสเซเวียร์,2,09:00-17:00,0,0,1
คลองประปา – ซอยข้าง รร.เซนต์ฟรังซีสเซเวียร์,ข้างร.ร.เซนฟรังซีสเซเวียร์,2,17:00-19:00,0,0,1
คลองประปา – ซอยข้าง รร.เซนต์ฟรังซีสเซเวียร์,เลียบคลองประปา,2,07:00-09:00,0,0,1
คลองประปา – ซอยข้าง รร.เซนต์ฟรังซีสเซเวียร์,เลียบคลองประปา,2,09:00-17:00,0,0,1
คลองประปา – ซอยข้าง รร.เซนต์ฟรังซีสเซเวียร์,เลียบคลองประปา,2,17:00-19:00,0,0,1
คลองประปา – ซอยหมู่บ้านเพชรวัฒนะ,หมู่บ้านเพชรวัฒนะ,2,07:00-09:00,0,0,1
คลองประปา – ซอยหมู่บ้านเพชรวัฒนะ,หมู่บ้านเพชรวัฒนะ,2,09:00-17:00,0,0,1
คลองประปา – ซอยหมู่บ้านเพชรวัฒนะ,หมู่บ้านเพชรวัฒนะ,2,17:00-19:00,0,0,1
คลองประปา – ซอยหมู่บ้านเพชรวัฒนะ,เลียบคลองประปา,2,07:00-09:00,0,0,1
คลองประปา – ซอยหมู่บ้านเพชรวัฒนะ,เลียบคลองประปา,2,09:00-17:00,0,0,1
คลองประปา – ซอยหมู่บ้านเพชรวัฒนะ,เลียบคลองประปา,2,17:00-19:00,0,0,1
คลองสาน,ลาดหญ้า,1,07:00-09:00,0,1,3
คลองสาน,ลาดหญ้า,1,09:00-16:00,0,1,0
คลองสาน,ลาดหญ้า,1,09:00-17:00,0,0,3
คลองสาน,ลาดหญ้า,1,16:00-19:00,0,1,0
คลองสาน,ลาดหญ้า,1,17:00-19:00,0,0,3
คลองสาน,ลาดหญ้า,2,07:00-09:00,1,0,0
คลองสาน,ลาดหญ้า,2,09:00-16:00,1,0,0
คลองสาน,ลาดหญ้า,2,16:00-19:00,1,0,0
คลองสาน,ลาดหญ้า,3,07:00-09:00,1,0,1
คลองสาน,ลาดหญ้า,3,09:00-16:00,1,0,1
คลองสาน,ลาดหญ้า,3,16:00-19:00,1,0,1
คลองสาน,ลาดหญ้า,4,07:00-09:00,1,0,0
คลองสาน,ลาดหญ้า,4,09:00-16:00,1,0,0
คลองสาน,ลาดหญ้า,4,16:00-19:00,1,0,0
คลองสาน,สมเด็จเจ้าพระยา,1,07:00-09:00,0,1,3
คลองสาน,สมเด็จเจ้าพระยา,1,09:00-16:00,0,1,0
คลองสาน,สมเด็จเจ้าพระยา,1,09:00-17:00,0,0,3
คลองสาน,สมเด็จเจ้าพระยา,1,16:00-19:00,0,1,0
คลองสาน,สมเด็จเจ้าพระยา,1,17:00-19:00,0,0,3
คลองสาน,สมเด็จเจ้าพระยา,2,07:00-09:00,1,0,0
คลองสาน,สมเด็จเจ้าพระยา,2,09:00-16:00,1,0,0
คลองสาน,สมเด็จเจ้าพระยา,2,16:00-19:00,1,0,0
คลองสาน,สมเด็จเจ้าพระยา,3,07:00-09:00,1,0,1
คลองสาน,สมเด็จเจ้าพระยา,3,09:00-16:00,1,0,1
คลองสาน,สมเด็จเจ้าพระยา,3,16:00-19:00,1,0,1
คลองสาน,สมเด็จเจ้าพระยา,4,07:00-09:00,1,0,0
คลองสาน,สมเด็จเจ้าพระยา,4,09:00-16:00,1,0,0
คลองสาน,สมเด็จเจ้าพระยา,4,16:00-19:00,1,0,0
คลองสาน,เจริญนคร,1,07:00-09:00,0,1,3
คลองสาน,เจริญนคร,1,09:00-16:00,0,1,0
คลองสาน,เจริญนคร,1,09:00-17:00,0,0,3
คลองสาน,เจริญนคร,1,16:00-19:00,0,1,0
คลองสาน,เจริญนคร,1,17:00-19:00,0,0,3
คลองสาน,เจริญนคร,2,07:00-09:00,1,0,0
คลองสาน,เจริญนคร,2,09:00-16:00,1,0,0
คลองสาน,เจริญนคร,2,16:00-19:00,1,0,0
คลองสาน,เจริญนคร,3,07:00-09:00,1,0,1
คลองสาน,เจริญนคร,3,09:00-16:00,1,0,1
คลองสาน,เจริญนคร,3,16:00-19:00,1,0,1
คลองสาน,เจริญนคร,4,07:00-09:00,1,0,0
คลองสาน,เจริญนคร,4,09:00-16:00,1,0,0
คลองสาน,เจริญนคร,4,16:00-19:00,1,0,0
คลองเตย,พระรามที่ 4,1,07:00-09:00,0,0,1
คลองเตย,พระรามที่ 4,1,09:00-16:00,0,0,1
คลองเตย,พระรามที่ 4,2,07:00-09:00,1,0,2
คลองเตย,พระรามที่ 4,2,09:00-16:00,1,0,0
คลองเตย,พระรามที่ 4,2,09:00-17:00,0,0,2
คลองเตย,พระรามที่ 4,2,16:00-19:00,1,0,0
คลองเตย,พระรามที่ 4,2,17:00-19:00,0,0,2
คลองเตย,พระรามที่ 4,4,07:00-09:00,1,1,1
คลองเตย,พระรามที่ 4,4,09:00-16:00,1,1,0
คลองเตย,พระรามที่ 4,4,09:00-17:00,0,0,1
คลองเตย,พระรามที่ 4,4,16:00-19:00,1,1,0
คลองเตย,พระรามที่ 4,4,17:00-19:00,0,0,1
คลองเตย,สุนทรโกษา,1,07:00-09:00,0,0,1
คลองเตย,สุนทรโกษา,1,09:00-16:00,0,0,1
คลองเตย,สุนทรโกษา,2,07:00-09:00,1,0,2
คลองเตย,สุนทรโกษา,2,09:00-16:00,1,0,0
คลองเตย,สุนทรโกษา,2,09:00-17:00,0,0,2
คลองเตย,สุนทรโกษา,2,16:00-19:00,1,0,0
คลองเตย,สุนทรโกษา,2,17:00-19:00,0,0,2
คลองเตย,สุนทรโกษา,4,07:00-09:00,1,1,1
คลองเตย,สุนทรโกษา,4,09:00-16:00,1,1,0
คลองเตย,สุนทรโกษา,4,09:00-17:00,0,0,1
คลองเตย,สุนทรโกษา,4,16:00-19:00,1,1,0
คลองเตย,สุนทรโกษา,4,17:00-19:00,0,0,1
คลังน้ำมัน,กำแพงเพชร 6,3,07:00-09:00,0,1,0
คลังน้ำมัน,กำแพงเพชร 6,3,09:00-16:00,0,1,0
คลังน้ำมัน,กำแพงเพชร 6,3,16:00-19:00,0,1,0
คลังน้ำมัน,เชิงวุฒากาศ,3,07:00-09:00,0,1,0
คลังน้ำมัน,เชิงวุฒากาศ,3,09:00-16:00,0,1,0
คลังน้ำมัน,เชิงวุฒากาศ,3,16:00-19:00,0,1,0
คอกวัว,ตะนาว,3,07:00-09:00,2,1,2
คอกวัว,ตะนาว,3,09:00-16:00,2,1,1
คอกวัว,ตะนาว,3,09:00-17:00,0,0,1
คอกวัว,ตะนาว,3,16:00-19:00,2,1,1
คอกวัว,ตะนาว,3,17:00-19:00,0,0,1
คอกวัว,ราชดำเนินกลาง,3,07:00-09:00,2,1,2
คอกวัว,ราชดำเนินกลาง,3,09:00-16:00,2,1,1
คอกวัว,ราชดำเนินกลาง,3,09:00-17:00,0,0,1
คอกวัว,ราชดำเนินกลาง,3,16:00-19:00,2,1,1
คอกวัว,ราชดำเนินกลาง,3,17:00-19:00,0,0,1
คุ้มเกล้า 16,คุ้มเกล้า,2,06:30-09:00,0,1,0
คุ้มเกล้า 16,คุ้มเกล้า,2,09:00-16:00,0,1,0
คุ้มเกล้า 16,คุ้มเกล้า,2,16:00-19:30,0,1,0
คู่ขนานวงแหวนตะวันออก-จตุโชติ,คู่ขนานวงแหวนตะวันออก,4,07:00-09:00,0,0,1
คู่ขนานวงแหวนตะวันออก-จตุโชติ,คู่ขนานวงแหวนตะวันออก,4,09:00-17:00,0,0,1
คู่ขนานวงแหวนตะวันออก-จตุโชติ,คู่ขนานวงแหวนตะวันออก,4,17:00-19:00,0,0,1
คู่ขนานวงแหวนตะวันออก-จตุโชติ,จตุโชติ,4,07:00-09:00,0,0,1
คู่ขนานวงแหวนตะวันออก-จตุโชติ,จตุโชติ,4,09:00-17:00,0,0,1
คู่ขนานวงแหวนตะวันออก-จตุโชติ,จตุโชติ,4,17:00-19:00,0,0,1
คู้คลองสิบซอย 7,คู้คลองสิบ,2,07:00-09:00,0,1,0
คู้คลองสิบซอย 7,คู้คลองสิบ,2,09:00-16:00,0,1,0
คู้คลองสิบซอย 7,คู้คลองสิบ,2,16:00-19:00,0,1,0
คู้บอน,ซอยคู้บอน,3,07:00-09:00,0,1,0
คู้บอน,ซอยคู้บอน,3,09:00-16:00,0,1,0
คู้บอน,ซอยคู้บอน,3,16:00-19:00,0,1,0
คู้บอน,รามอินทรา,3,07:00-09:00,0,1,0
คู้บอน,รามอินทรา,3,09:00-16:00,0,1,0
คู้บอน,รามอินทรา,3,16:00-19:00,0,1,0
คู้บอน - พระยาสุเรนทร์ - เลียบคลองสอง,คู้บอน,4,07:00-09:00,0,0,2
คู้บอน - พระยาสุเรนทร์ - เลียบคลองสอง,คู้บอน,4,09:00-16:00,0,0,1
คู้บอน - พระยาสุเรนทร์ - เลียบคลองสอง,คู้บอน,4,09:00-17:00,0,0,1
คู้บอน - พระยาสุเรนทร์ - เลียบคลองสอง,คู้บอน,4,16:00-19:00,0,0,1
คู้บอน - พระยาสุเรนทร์ - เลียบคลองสอง,คู้บอน,4,17:00-19:00,0,0,1
คู้บอน - พระยาสุเรนทร์ - เลียบคลองสอง,พระยาสุเรนทร์,4,07:00-09:00,0,0,2
คู้บอน - พระยาสุเรนทร์ - เลียบคลองสอง,พระยาสุเรนทร์,4,09:00-16:00,0,0,1
คู้บอน - พระยาสุเรนทร์ - เลียบคลองสอง,พระยาสุเรนทร์,4,09:00-17:00,0,0,1
คู้บอน - พระยาสุเรนทร์ - เลียบคลองสอง,พระยาสุเรนทร์,4,16:00-19:00,0,0,1
คู้บอน - พระยาสุเรนทร์ - เลียบคลองสอง,พระยาสุเรนทร์,4,17:00-19:00,0,0,1
คู้บอน - พระยาสุเรนทร์ - เลียบคลองสอง,เลียบคลองสอง,4,07:00-09:00,0,0,2
คู้บอน - พระยาสุเรนทร์ - เลียบคลองสอง,เลียบคลองสอง,4,09:00-16:00,0,0,1
คู้บอน - พระยาสุเรนทร์ - เลียบคลองสอง,เลียบคลองสอง,4,09:00-17:00,0,0,1
คู้บอน - พระยาสุเรนทร์ - เลียบคลองสอง,เลียบคลองสอง,4,16:00-19:00,0,0,1
คู้บอน - พระยาสุเรนทร์ - เลียบคลองสอง,เลียบคลองสอง,4,17:00-19:00,0,0,1
คู้บอน - พระยาสุเรนท์,คู้บอน,1,07:00-09:00,0,1,0
คู้บอน - พระยาสุเรนท์,คู้บอน,1,09:00-16:00,0,1,0
คู้บอน - พระยาสุเรนท์,คู้บอน,1,16:00-19:00,0,1,0
คู้บอน - พระยาสุเรนท์,พระยาสุเรนทร์,1,07:00-09:00,0,1,0
คู้บอน - พระยาสุเรนท์,พระยาสุเรนทร์,1,09:00-16:00,0,1,0
คู้บอน - พระยาสุเรนท์,พระยาสุเรนทร์,1,16:00-19:00,0,1,0
คู้บอน - พระยาสุเรนท์,เลียบคลองสอง,1,07:00-09:00,0,1,0
คู้บอน - พระยาสุเรนท์,เลียบคลองสอง,1,09:00-16:00,0,1,0
คู้บอน - พระยาสุเรนท์,เลียบคลองสอง,1,16:00-19:00,0,1,0
คู้บอน 6,คู้บอน,2,07:00-09:00,0,0,1
คู้บอน 6,คู้บอน,2,09:00-17:00,0,0,1
คู้บอน 6,คู้บอน,2,17:00-19:00,0,0,1
คู้บอน 6,คู้บอน 6,2,07:00-09:00,0,0,1
คู้บอน 6,คู้บอน 6,2,09:00-17:00,0,0,1
คู้บอน 6,คู้บอน 6,2,17:00-19:00,0,0,1
จ.ป.ร,จักรพรรดิพงษ์,4,07:00-09:00,1,0,0
จ.ป.ร,จักรพรรดิพงษ์,4,09:00-16:00,1,0,0
จ.ป.ร,จักรพรรดิพงษ์,4,16:00-19:00,1,0,0
จ.ป.ร,ราชดำเนฉินนอก,4,07:00-09:00,1,0,0
จ.ป.ร,ราชดำเนฉินนอก,4,09:00-16:00,1,0,0
จ.ป.ร,ราชดำเนฉินนอก,4,16:00-19:00,1,0,0
จ.ป.ร.,จักรพรรดิพงษ์,1,07:00-09:00,0,0,1
จ.ป.ร.,จักรพรรดิพงษ์,1,09:00-17:00,0,0,1
จ.ป.ร.,จักรพรรดิพงษ์,1,17:00-19:00,0,0,1
จ.ป.ร.,จักรพรรดิพงษ์,4,07:00-09:00,0,1,1
จ.ป.ร.,จักรพรรดิพงษ์,4,09:00-16:00,0,1,1
จ.ป.ร.,จักรพรรดิพงษ์,4,16:00-19:00,0,1,1
จ.ป.ร.,ราขดำเนินนอก,4,07:00-09:00,0,0,1
จ.ป.ร.,ราขดำเนินนอก,4,09:00-16:00,0,0,1
จ.ป.ร.,ราขดำเนินนอก,4,16:00-19:00,0,0,1
จ.ป.ร.,ราชดำเนินนอก,1,07:00-09:00,0,0,1
จ.ป.ร.,ราชดำเนินนอก,1,09:00-17:00,0,0,1
จ.ป.ร.,ราชดำเนินนอก,1,17:00-19:00,0,0,1
จ.ป.ร.,ราชดําเนินนอก,4,07:00-09:00,0,1,0
จ.ป.ร.,ราชดําเนินนอก,4,09:00-16:00,0,1,0
จ.ป.ร.,ราชดําเนินนอก,4,16:00-19:00,0,1,0
จ.ป.ร.,วิสุทธิ์กษัตริย์,1,07:00-09:00,0,0,1
จ.ป.ร.,วิสุทธิ์กษัตริย์,1,09:00-17:00,0,0,1
จ.ป.ร.,วิสุทธิ์กษัตริย์,1,17:00-19:00,0,0,1
จตุโชติ,จตุโชติ,1,07:00-09:00,0,0,1
จตุโชติ,จตุโชติ,1,09:00-17:00,0,0,1
จตุโชติ,จตุโชติ,1,17:00-19:00,0,0,1
จตุโชติ,สุขาภิบาล 5,1,07:00-09:00,0,0,1
จตุโชติ,สุขาภิบาล 5,1,09:00-17:00,0,0,1
จตุโชติ,สุขาภิบาล 5,1,17:00-19:00,0,0,1
จปร.,ถนนจักรพรรดิพงษ์,4,07:00-09:00,0,0,1
จปร.,ถนนจักรพรรดิพงษ์,4,09:00-17:00,0,0,1
จปร.,ถนนจักรพรรดิพงษ์,4,17:00-19:00,0,0,1
จปร.,ถนนราชดำเนินนอก,4,09:00-17:00,0,0,1
จปร.,ถนนราชดำเนินนอก,4,17:00-19:00,0,0,1
จปร.,ถนนวิสุทธิกษัตริย์,4,07:00-09:00,0,0,1
จปร.,ถนนวิสุทธิกษัตริย์,4,09:00-17:00,0,0,1
จปร.,ถนนวิสุทธิกษัตริย์,4,17:00-19:00,0,0,1
จรัญสนิทวงศ์ - สุทธาวาส,จรัญสนิทวงศ์,1,07:00-09:00,0,0,1
จรัญสนิทวงศ์ - สุทธาวาส,จรัญสนิทวงศ์,1,09:00-16:00,0,0,1
จรัญสนิทวงศ์ - สุทธาวาส,จรัญสนิทวงศ์,1,16:00-19:00,0,0,1
จรัญสนิทวงศ์ - สุทธาวาส,สุทธาวาส,1,07:00-09:00,0,0,1
จรัญสนิทวงศ์ - สุทธาวาส,สุทธาวาส,1,09:00-16:00,0,0,1
จรัญสนิทวงศ์ - สุทธาวาส,สุทธาวาส,1,16:00-19:00,0,0,1
จรัญสนิทวงศ์ - สุทธาวาส,เลียบทางรถไฟตลิ่งชัน,1,07:00-09:00,0,0,1
จรัญสนิทวงศ์ - สุทธาวาส,เลียบทางรถไฟตลิ่งชัน,1,09:00-16:00,0,0,1
จรัญสนิทวงศ์ - สุทธาวาส,เลียบทางรถไฟตลิ่งชัน,1,16:00-19:00,0,0,1
จรัญสนิทวงศ์ 35,จรัญสนิทวงศ์,1,07:00-09:00,0,0,1
จรัญสนิทวงศ์ 35,จรัญสนิทวงศ์,1,09:00-16:00,0,0,1
จรัญสนิทวงศ์ 35,จรัญสนิทวงศ์,1,16:00-19:00,0,0,1
จรัญสนิทวงศ์ 35,จรัญสนิทวงศ์,3,07:00-09:00,0,0,1
จรัญสนิทวงศ์ 35,จรัญสนิทวงศ์,3,09:00-17:00,0,0,1
จรัญสนิทวงศ์ 35,จรัญสนิทวงศ์,3,17:00-19:00,0,0,1
จรัญสนิทวงศ์ 35,จรัญสนิทวงศ์ 35,1,07:00-09:00,0,0,1
จรัญสนิทวงศ์ 35,จรัญสนิทวงศ์ 35,1,09:00-16:00,0,0,1
จรัญสนิทวงศ์ 35,จรัญสนิทวงศ์ 35,1,16:00-19:00,0,0,1
จรัญสนิทวงศ์ 35,จรัญสนิทวงศ์ 35,3,07:00-09:00,0,0,1
จรัญสนิทวงศ์ 35,จรัญสนิทวงศ์ 35,3,09:00-17:00,0,0,1
จรัญสนิทวงศ์ 35,จรัญสนิทวงศ์ 35,3,17:00-19:00,0,0,1
จรัญสนิทวงศ์31/1,จรัญสนิทวงศ์,1,06:30-09:00,1,0,0
จรัญสนิทวงศ์31/1,จรัญสนิทวงศ์,1,09:00-16:00,1,0,0
จรัญสนิทวงศ์31/1,จรัญสนิทวงศ์,1,16:00-19:30,1,0,0
จรัญสนิทวงศ์31/1,ซอยจรัญสนิทวงศ์ 31/1,1,06:30-09:00,1,0,0
จรัญสนิทวงศ์31/1,ซอยจรัญสนิทวงศ์ 31/1,1,09:00-16:00,1,0,0
จรัญสนิทวงศ์31/1,ซอยจรัญสนิทวงศ์ 31/1,1,16:00-19:30,1,0,0
จอมทอง,จอมทอง,1,07:00-09:00,0,1,3
จอมทอง,จอมทอง,1,09:00-16:00,0,1,1
จอมทอง,จอมทอง,1,09:00-17:00,0,0,2
จอมทอง,จอมทอง,1,16:00-19:00,0,1,1
จอมทอง,จอมทอง,1,17:00-19:00,0,0,2
จอมทอง,จอมทอง,4,07:00-09:00,1,0,0
จอมทอง,จอมทอง,4,09:00-16:00,1,0,0
จอมทอง,จอมทอง,4,16:00-19:00,1,0,0
จอมทอง,วุฒากาศ,1,07:00-09:00,0,1,3
จอมทอง,วุฒากาศ,1,09:00-16:00,0,1,1
จอมทอง,วุฒากาศ,1,09:00-17:00,0,0,2
จอมทอง,วุฒากาศ,1,16:00-19:00,0,1,1
จอมทอง,วุฒากาศ,1,17:00-19:00,0,0,2
จอมทอง,วุฒากาศ,4,07:00-09:00,1,0,0
จอมทอง,วุฒากาศ,4,09:00-16:00,1,0,0
จอมทอง,วุฒากาศ,4,16:00-19:00,1,0,0
จอมทอง,เอกชัย,1,07:00-09:00,0,0,2
จอมทอง,เอกชัย,1,09:00-17:00,0,0,2
จอมทอง,เอกชัย,1,17:00-19:00,0,0,2
จักรพรรดิพงษ์,จักรพรรดิพงษ์,2,07:00-09:00,0,0,2
จักรพรรดิพงษ์,จักรพรรดิพงษ์,2,09:00-16:00,0,0,1
จักรพรรดิพงษ์,จักรพรรดิพงษ์,2,09:00-17:00,0,0,1
จักรพรรดิพงษ์,จักรพรรดิพงษ์,2,16:00-19:00,0,0,1
จักรพรรดิพงษ์,จักรพรรดิพงษ์,2,17:00-19:00,0,0,1
จักรพรรดิพงษ์,จักรพรรดิพงษ์,3,07:00-09:00,0,1,1
จักรพรรดิพงษ์,จักรพรรดิพงษ์,3,09:00-16:00,0,1,0
จักรพรรดิพงษ์,จักรพรรดิพงษ์,3,09:00-17:00,0,0,1
จักรพรรดิพงษ์,จักรพรรดิพงษ์,3,16:00-19:00,0,1,0
จักรพรรดิพงษ์,จักรพรรดิพงษ์,3,17:00-19:00,0,0,1
จักรพรรดิพงษ์,จักรพรรดิพงษ์,4,07:00-09:00,2,0,0
จักรพรรดิพงษ์,จักรพรรดิพงษ์,4,09:00-16:00,2,0,0
จักรพรรดิพงษ์,จักรพรรดิพงษ์,4,16:00-19:00,2,0,0
จักรพรรดิพงษ์,นครสวรรค์,2,07:00-09:00,0,0,2
จักรพรรดิพงษ์,นครสวรรค์,2,09:00-16:00,0,0,1
จักรพรรดิพงษ์,นครสวรรค์,2,09:00-17:00,0,0,1
จักรพรรดิพงษ์,นครสวรรค์,2,16:00-19:00,0,0,1
จักรพรรดิพงษ์,นครสวรรค์,2,17:00-19:00,0,0,1
จักรพรรดิพงษ์,นครสวรรค์,3,07:00-09:00,0,1,1
จักรพรรดิพงษ์,นครสวรรค์,3,09:00-16:00,0,1,0
จักรพรรดิพงษ์,นครสวรรค์,3,09:00-17:00,0,0,1
จักรพรรดิพงษ์,นครสวรรค์,3,16:00-19:00,0,1,0
จักรพรรดิพงษ์,นครสวรรค์,3,17:00-19:00,0,0,1
จักรพรรดิพงษ์,นครสวรรค์,4,07:00-09:00,2,0,0
จักรพรรดิพงษ์,นครสวรรค์,4,09:00-16:00,2,0,0
จักรพรรดิพงษ์,นครสวรรค์,4,16:00-19:00,2,0,0
จันทน์ - นราธิวาส,จันทน์,1,07:00-09:00,0,1,0
จันทน์ - นราธิวาส,จันทน์,1,09:00-16:00,0,1,0
จันทน์ - นราธิวาส,จันทน์,1,16:00-19:00,0,1,0
จันทน์ - นราธิวาส,จันทน์,3,07:00-09:00,1,1,2
จันทน์ - นราธิวาส,จันทน์,3,09:00-16:00,1,1,1
จันทน์ - นราธิวาส,จันทน์,3,09:00-17:00,0,0,1
จันทน์ - นราธิวาส,จันทน์,3,16:00-19:00,1,1,1
จันทน์ - นราธิวาส,จันทน์,3,17:00-19:00,0,0,1
จันทน์ - นราธิวาส,จันทน์,4,07:00-09:00,0,0,1
จันทน์ - นราธิวาส,จันทน์,4,09:00-17:00,0,0,1
จันทน์ - นราธิวาส,จันทน์,4,17:00-19:00,0,0,1
จันทน์ - นราธิวาส,นราธิวาสราชนครินทร์,1,07:00-09:00,0,1,0
จันทน์ - นราธิวาส,นราธิวาสราชนครินทร์,1,09:00-16:00,0,1,0
จันทน์ - นราธิวาส,นราธิวาสราชนครินทร์,1,16:00-19:00,0,1,0
จันทน์ - นราธิวาส,นราธิวาสราชนครินทร์,3,07:00-09:00,0,1,1
จันทน์ - นราธิวาส,นราธิวาสราชนครินทร์,3,09:00-16:00,0,1,1
จันทน์ - นราธิวาส,นราธิวาสราชนครินทร์,3,16:00-19:00,0,1,1
จันทน์ - นราธิวาส,นราธิวาสราชนครินทร์,4,07:00-09:00,0,0,1
จันทน์ - นราธิวาส,นราธิวาสราชนครินทร์,4,09:00-17:00,0,0,1
จันทน์ - นราธิวาส,นราธิวาสราชนครินทร์,4,17:00-19:00,0,0,1
จันทน์ - นราธิวาส,นราธิวาสฯ,3,07:00-09:00,1,0,1
จันทน์ - นราธิวาส,นราธิวาสฯ,3,09:00-16:00,1,0,0
จันทน์ - นราธิวาส,นราธิวาสฯ,3,09:00-17:00,0,0,1
จันทน์ - นราธิวาส,นราธิวาสฯ,3,16:00-19:00,1,0,0
จันทน์ - นราธิวาส,นราธิวาสฯ,3,17:00-19:00,0,0,1
จันทน์ - เจริญราษฎร์,จันทน์,1,07:00-09:00,0,0,1
จันทน์ - เจริญราษฎร์,จันทน์,1,09:00-17:00,0,0,1
จันทน์ - เจริญราษฎร์,จันทน์,1,17:00-19:00,0,0,1
จันทน์ - เจริญราษฎร์,จันทน์,2,07:00-09:00,0,0,2
จันทน์ - เจริญราษฎร์,จันทน์,2,09:00-17:00,0,0,2
จันทน์ - เจริญราษฎร์,จันทน์,2,17:00-19:00,0,0,2
จันทน์ - เจริญราษฎร์,จันทน์,3,07:00-09:00,1,1,0
จันทน์ - เจริญราษฎร์,จันทน์,3,09:00-16:00,1,1,0
จันทน์ - เจริญราษฎร์,จันทน์,3,16:00-19:00,1,1,0
จันทน์ - เจริญราษฎร์,จันทน์,4,07:00-09:00,1,0,0
จันทน์ - เจริญราษฎร์,จันทน์,4,09:00-16:00,1,0,0
จันทน์ - เจริญราษฎร์,จันทน์,4,16:00-19:00,1,0,0
จันทน์ - เจริญราษฎร์,เจริญราษฎร์,1,07:00-09:00,0,0,1
จันทน์ - เจริญราษฎร์,เจริญราษฎร์,1,09:00-17:00,0,0,1
จันทน์ - เจริญราษฎร์,เจริญราษฎร์,1,17:00-19:00,0,0,1
จันทน์ - เจริญราษฎร์,เจริญราษฎร์,2,07:00-09:00,0,0,2
จันทน์ - เจริญราษฎร์,เจริญราษฎร์,2,09:00-17:00,0,0,2
จันทน์ - เจริญราษฎร์,เจริญราษฎร์,2,17:00-19:00,0,0,2
จันทน์ - เจริญราษฎร์,เจริญราษฎร์,3,07:00-09:00,1,1,0
จันทน์ - เจริญราษฎร์,เจริญราษฎร์,3,09:00-16:00,1,1,0
จันทน์ - เจริญราษฎร์,เจริญราษฎร์,3,16:00-19:00,1,1,0
จันทน์ - เจริญราษฎร์,เจริญูราษฎร์,4,07:00-09:00,1,0,0
จันทน์ - เจริญราษฎร์,เจริญูราษฎร์,4,09:00-16:00,1,0,0
จันทน์ - เจริญราษฎร์,เจริญูราษฎร์,4,16:00-19:00,1,0,0
จันทน์ - เซ็นหลุยส์,จันทน์,3,07:00-09:00,0,0,1
จันทน์ - เซ็นหลุยส์,จันทน์,3,09:00-17:00,0,0,1
จันทน์ - เซ็นหลุยส์,จันทน์,3,17:00-19:00,0,0,1
จันทน์ - เซ็นหลุยส์,พระแม่มารี,3,07:00-09:00,0,0,1
จันทน์ - เซ็นหลุยส์,พระแม่มารี,3,09:00-17:00,0,0,1
จันทน์ - เซ็นหลุยส์,พระแม่มารี,3,17:00-19:00,0,0,1
จันทน์ - เซ็นหลุยส์,เซ็นหลุยส์,3,07:00-09:00,0,0,1
จันทน์ - เซ็นหลุยส์,เซ็นหลุยส์,3,09:00-17:00,0,0,1
จันทน์ - เซ็นหลุยส์,เซ็นหลุยส์,3,17:00-19:00,0,0,1
จันทน์- นราธิวาส,นราธิวาสราชนครินทร์,4,07:00-09:00,1,0,0
จันทน์- นราธิวาส ก.,จันทน์,4,07:00-09:00,1,0,0
จันทน์- นราธิวาส ก.,จันทน์,4,09:00-16:00,1,0,0
จันทน์- นราธิวาส ก.,จันทน์,4,16:00-19:00,1,0,0
จันทน์- นราธิวาส ก.,นราธิวาสราชนครินทร์,4,09:00-16:00,1,0,0
จันทน์- นราธิวาส ก.,นราธิวาสราชนครินทร์,4,16:00-19:00,1,0,0
จันทิมา,ลาดพร้าว,3,07:00-09:00,0,0,1
จันทิมา,ลาดพร้าว,3,09:00-17:00,0,0,1
จันทิมา,ลาดพร้าว,3,17:00-19:00,0,0,1
จันทิมา,ลาดพร้าว,4,07:00-09:00,0,0,1
จันทิมา,ลาดพร้าว,4,09:00-17:00,0,0,1
จันทิมา,ลาดพร้าว,4,17:00-19:00,0,0,1
จันทิมา,ลาดพร้าว 80,3,07:00-09:00,0,0,1
จันทิมา,ลาดพร้าว 80,3,09:00-17:00,0,0,1
จันทิมา,ลาดพร้าว 80,3,17:00-19:00,0,0,1
จันทิมา,ลาดพร้าว 80,4,07:00-09:00,0,0,1
จันทิมา,ลาดพร้าว 80,4,09:00-17:00,0,0,1
จันทิมา,ลาดพร้าว 80,4,17:00-19:00,0,0,1
จารุเมือง - จรัสเมือง,จรัสเมือง,3,07:00-09:00,0,0,1
จารุเมือง - จรัสเมือง,จรัสเมือง,3,09:00-16:00,0,0,1
จารุเมือง - จรัสเมือง,จรัสเมือง,3,16:00-19:00,0,0,1
จารุเมือง - จรัสเมือง,จารุเมือง,3,07:00-09:00,0,0,1
จารุเมือง - จรัสเมือง,จารุเมือง,3,09:00-16:00,0,0,1
จารุเมือง - จรัสเมือง,จารุเมือง,3,16:00-19:00,0,0,1
จารุเมือง - จรัสเมือง,พระรามที่ 6,3,07:00-09:00,0,0,1
จารุเมือง - จรัสเมือง,พระรามที่ 6,3,09:00-16:00,0,0,1
จารุเมือง - จรัสเมือง,พระรามที่ 6,3,16:00-19:00,0,0,1
จุดกลับรถการประปา สาขาสุวรรณภูมิ,หลวงแพ่ง,2,07:00-09:00,0,0,1
จุดกลับรถการประปา สาขาสุวรรณภูมิ,หลวงแพ่ง,2,09:00-17:00,0,0,1
จุดกลับรถการประปา สาขาสุวรรณภูมิ,หลวงแพ่ง,2,17:00-19:00,0,0,1
จุดกลับรถก่อนถึงทางเข้าหน้าวัดหนองผักชี (ใกล้ชุมชนระเบียงทอง3),รัตนโกสินทร์สมโภชน์,3,07:00-09:00,1,0,0
จุดกลับรถก่อนถึงทางเข้าหน้าวัดหนองผักชี (ใกล้ชุมชนระเบียงทอง3),รัตนโกสินทร์สมโภชน์,3,09:00-16:00,1,0,0
จุดกลับรถก่อนถึงทางเข้าหน้าวัดหนองผักชี (ใกล้ชุมชนระเบียงทอง3),รัตนโกสินทร์สมโภชน์,3,16:00-19:00,1,0,0
จุดกลับรถซอยเทียนทะเล 1,เทียนทะเล,2,07:00-09:00,1,0,0
จุดกลับรถซอยเทียนทะเล 1,เทียนทะเล,2,09:00-16:00,1,0,0
จุดกลับรถซอยเทียนทะเล 1,เทียนทะเล,2,16:00-19:00,1,0,0
จุดกลับรถซอยเทียนทะเล 11,เทียนทะเล,2,07:00-09:00,1,0,0
จุดกลับรถซอยเทียนทะเล 11,เทียนทะเล,2,09:00-16:00,1,0,0
จุดกลับรถซอยเทียนทะเล 11,เทียนทะเล,2,16:00-19:00,1,0,0
จุดกลับรถถนนลาดพร้าว (ใต้ทางด่วนฉลองรัช),ลาดพร้าว,3,07:00-09:00,0,0,1
จุดกลับรถถนนลาดพร้าว (ใต้ทางด่วนฉลองรัช),ลาดพร้าว,3,09:00-17:00,0,0,1
จุดกลับรถถนนลาดพร้าว (ใต้ทางด่วนฉลองรัช),ลาดพร้าว,3,17:00-19:00,0,0,1
จุดกลับรถบางขุนเทียน 14,บางขุนเทียนชายทะเล,3,06:30-09:00,1,0,0
จุดกลับรถบางขุนเทียน 14,บางขุนเทียนชายทะเล,3,07:00-09:00,1,0,0
จุดกลับรถบางขุนเทียน 14,บางขุนเทียนชายทะเล,3,09:00-16:00,2,0,0
จุดกลับรถบางขุนเทียน 14,บางขุนเทียนชายทะเล,3,16:00-19:00,1,0,0
จุดกลับรถบางขุนเทียน 14,บางขุนเทียนชายทะเล,3,16:00-19:30,1,0,0
จุดกลับรถปากซอยอ่อนนุช 59,อ่อนนุช,2,07:00-09:00,0,0,1
จุดกลับรถปากซอยอ่อนนุช 59,อ่อนนุช,2,09:00-17:00,0,0,1
จุดกลับรถปากซอยอ่อนนุช 59,อ่อนนุช,2,17:00-19:00,0,0,1
จุดกลับรถปากซอยอ่อนนุช 59,อ่อนนุช 59,2,07:00-09:00,0,0,1
จุดกลับรถปากซอยอ่อนนุช 59,อ่อนนุช 59,2,09:00-17:00,0,0,1
จุดกลับรถปากซอยอ่อนนุช 59,อ่อนนุช 59,2,17:00-19:00,0,0,1
จุดกลับรถศรีนครินทร์หน้าเต็นท์รถเอพี,ศรีนครินทร์,1,07:00-09:00,0,0,1
จุดกลับรถศรีนครินทร์หน้าเต็นท์รถเอพี,ศรีนครินทร์,1,09:00-17:00,0,0,1
จุดกลับรถศรีนครินทร์หน้าเต็นท์รถเอพี,ศรีนครินทร์,1,17:00-19:00,0,0,1
จุดกลับรถหน้าวัดหนองผักชี,รัตนโกสินทร์สมโภชน์,3,07:00-09:00,1,0,0
จุดกลับรถหน้าวัดหนองผักชี,รัตนโกสินทร์สมโภชน์,3,09:00-16:00,1,0,0
จุดกลับรถหน้าวัดหนองผักชี,รัตนโกสินทร์สมโภชน์,3,16:00-19:00,1,0,0
จุดกลับรถหน้าโชว์รูมฟอรด์ใกล้ชอยลาดกระบัง1/5,ลาดกระบัง,3,07:00-09:00,1,0,0
จุดกลับรถหน้าโชว์รูมฟอรด์ใกล้ชอยลาดกระบัง1/5,ลาดกระบัง,3,09:00-16:00,1,0,0
จุดกลับรถหน้าโชว์รูมฟอรด์ใกล้ชอยลาดกระบัง1/5,ลาดกระบัง,3,16:00-19:00,1,0,0
จุดกลับรถหน้าไปรษณีย์บางบอน,ประชาอุทิศ,3,07:00-09:00,0,0,1
จุดกลับรถหน้าไปรษณีย์บางบอน,เอกชัย,3,07:00-09:00,0,0,1
จุดกลับรถหน้าไปรษณีย์บางบอน,เอกชัย,3,09:00-16:00,0,0,1
จุดกลับรถหน้าไปรษณีย์บางบอน,เอกชัย,3,16:00-19:00,0,0,1
จุดกลับรถเพชรเกษม 98,เพชรเกษม,1,07:00-09:00,0,0,1
จุดกลับรถเพชรเกษม 98,เพชรเกษม,1,09:00-17:00,0,0,1
จุดกลับรถเพชรเกษม 98,เพชรเกษม,1,17:00-19:00,0,0,1
จุดกลับรถแอมคาร์ออดิโอ,หลวงแพ่ง,2,07:00-09:00,0,0,1
จุดกลับรถแอมคาร์ออดิโอ,หลวงแพ่ง,2,09:00-17:00,0,0,1
จุดกลับรถแอมคาร์ออดิโอ,หลวงแพ่ง,2,17:00-19:00,0,0,1
จุดกลับรถใกล้ซอยพัฒนาการ 89,พัฒนาการ,4,07:00-09:00,0,0,1
จุดกลับรถใกล้ซอยพัฒนาการ 89,พัฒนาการ,4,09:00-17:00,0,0,1
จุดกลับรถใกล้ซอยพัฒนาการ 89,พัฒนาการ,4,17:00-19:00,0,0,1
จุดกลับรถใกล้โฮมโปร พระราม 9,พระราม 9,3,07:00-09:00,0,0,1
จุดกลับรถใกล้โฮมโปร พระราม 9,พระราม 9,3,09:00-17:00,0,0,1
จุดกลับรถใกล้โฮมโปร พระราม 9,พระราม 9,3,17:00-19:00,0,0,1
จุดตัดถนนบางระมาด - กาญจนาภิเษก,วัดอินทราวาส,1,07:00-09:00,1,0,0
จุดตัดถนนบางระมาด - กาญจนาภิเษก,วัดอินทราวาส,1,09:00-16:00,1,0,0
จุดตัดถนนบางระมาด - กาญจนาภิเษก,วัดอินทราวาส,1,16:00-19:00,1,0,0
จุดตัดถนนราชพฤกษ์,วัดอินทราวาส,1,07:00-09:00,1,0,0
จุดตัดถนนราชพฤกษ์,วัดอินทราวาส,1,09:00-16:00,1,0,0
จุดตัดถนนราชพฤกษ์,วัดอินทราวาส,1,16:00-19:00,1,0,0
จุดตัดถนนราชพฤกษ์,วัดอินทราวาส,2,07:00-09:00,1,0,0
จุดตัดถนนราชพฤกษ์,วัดอินทราวาส,2,09:00-16:00,1,0,0
จุดตัดถนนราชพฤกษ์,วัดอินทราวาส,2,16:00-19:00,1,0,0
จุดตัดถนนลาดพร้าวกับถนนประดิษฐ์มนูธรรม,ลาดพร้าว,3,07:00-09:00,0,0,1
จุดตัดถนนลาดพร้าวกับถนนประดิษฐ์มนูธรรม,ลาดพร้าว,3,09:00-17:00,0,0,1
จุดตัดถนนลาดพร้าวกับถนนประดิษฐ์มนูธรรม,ลาดพร้าว,3,17:00-19:00,0,0,1
จุดตัดบางระมาด - กาญจนาภิเษก,บางระมาด,2,07:00-09:00,1,0,0
จุดตัดบางระมาด - กาญจนาภิเษก,บางระมาด,2,09:00-16:00,1,0,0
จุดตัดบางระมาด - กาญจนาภิเษก,บางระมาด,2,16:00-19:00,1,0,0
จุดตัดพุทธมณฑลสาย 1,วัดอินทราวาส,1,07:00-09:00,1,0,0
จุดตัดพุทธมณฑลสาย 1,วัดอินทราวาส,1,09:00-16:00,1,0,0
จุดตัดพุทธมณฑลสาย 1,วัดอินทราวาส,1,16:00-19:00,1,0,0
จุดตัดพุทธมณฑลสาย 1,วัดอินทราวาส,2,07:00-09:00,1,0,0
จุดตัดพุทธมณฑลสาย 1,วัดอินทราวาส,2,09:00-16:00,1,0,0
จุดตัดพุทธมณฑลสาย 1,วัดอินทราวาส,2,16:00-19:00,1,0,0
จุฬา 12,จุฬา 12,1,07:00-09:00,0,0,1
จุฬา 12,จุฬา 12,1,09:00-17:00,0,0,1
จุฬา 12,จุฬา 12,1,17:00-19:00,0,0,1
จุฬา 12,จุฬา 12,4,07:00-09:00,0,0,1
จุฬา 12,จุฬา 12,4,09:00-16:00,0,0,1
จุฬา 12,จุฬา 12,4,16:00-19:00,0,0,1
จุฬา 12,จุฬา 62,1,07:00-09:00,0,0,1
จุฬา 12,จุฬา 62,1,09:00-17:00,0,0,1
จุฬา 12,จุฬา 62,1,17:00-19:00,0,0,1
จุฬา 12,ซอยจุฬา 12,3,07:00-09:00,1,0,0
จุฬา 12,ซอยจุฬา 12,3,09:00-16:00,1,0,0
จุฬา 12,ซอยจุฬา 12,3,16:00-19:00,1,0,0
จุฬา 12,ทางเข้า - ออก ม.จุฬา,3,07:00-09:00,1,0,0
จุฬา 12,ทางเข้า - ออก ม.จุฬา,3,09:00-16:00,1,0,0
จุฬา 12,ทางเข้า - ออก ม.จุฬา,3,16:00-19:00,1,0,0
จุฬา 12,ทางเข้าจุฬาฯ,4,07:00-09:00,0,0,1
จุฬา 12,ทางเข้าจุฬาฯ,4,09:00-16:00,0,0,1
จุฬา 12,ทางเข้าจุฬาฯ,4,16:00-19:00,0,0,1
จุฬา 12,พญาไท,1,07:00-09:00,0,0,1
จุฬา 12,พญาไท,1,09:00-17:00,0,0,1
จุฬา 12,พญาไท,1,17:00-19:00,0,0,1
จุฬา 12,พญาไท,3,07:00-09:00,1,0,0
จุฬา 12,พญาไท,3,09:00-16:00,1,0,0
จุฬา 12,พญาไท,3,16:00-19:00,1,0,0
จุฬา 12,พญาไท,4,07:00-09:00,0,0,1
จุฬา 12,พญาไท,4,09:00-16:00,0,0,1
จุฬา 12,พญาไท,4,16:00-19:00,0,0,1
ฉลองกรุง 42,ฉลองกรุง,2,07:00-09:00,0,0,1
ฉลองกรุง 42,ฉลองกรุง,2,09:00-17:00,0,0,1
ฉลองกรุง 42,ฉลองกรุง,2,17:00-19:00,0,0,1
ฉลองกรุง 42,ฉลองกรุง 42,2,07:00-09:00,0,0,1
ฉลองกรุง 42,ฉลองกรุง 42,2,09:00-17:00,0,0,1
ฉลองกรุง 42,ฉลองกรุง 42,2,17:00-19:00,0,0,1
ชักพระ,ชักพระ,3,07:00-09:00,0,0,1
ชักพระ,ชักพระ,3,09:00-17:00,0,0,1
ชักพระ,ชักพระ,3,17:00-19:00,0,0,1
ชักพระ,ชัยพฤกษ์,3,07:00-09:00,0,0,1
ชักพระ,ชัยพฤกษ์,3,09:00-17:00,0,0,1
ชักพระ,ชัยพฤกษ์,3,17:00-19:00,0,0,1
ชิดลม,ชิดลม,2,06:30-09:00,1,0,0
ชิดลม,ชิดลม,2,09:00-16:00,1,0,0
ชิดลม,ชิดลม,2,16:00-19:30,1,0,0
ชิดลม,ชิดลม,3,07:00-09:00,0,0,1
ชิดลม,ชิดลม,3,09:00-17:00,0,0,1
ชิดลม,ชิดลม,3,17:00-19:00,0,0,1
ชิดลม,ซ.ชิดลม,3,07:00-09:00,1,0,0
ชิดลม,ซ.ชิดลม,3,09:00-16:00,1,0,0
ชิดลม,ซ.ชิดลม,3,16:00-19:00,1,0,0
ชิดลม,เพลินจิต,2,07:00-09:00,1,0,0
ชิดลม,เพลินจิต,2,09:00-16:00,1,0,0
ชิดลม,เพลินจิต,2,16:00-19:00,1,0,0
ชิดลม,เพลินจิต,3,07:00-09:00,1,0,1
ชิดลม,เพลินจิต,3,09:00-16:00,1,0,0
ชิดลม,เพลินจิต,3,09:00-17:00,0,0,1
ชิดลม,เพลินจิต,3,16:00-19:00,1,0,0
ชิดลม,เพลินจิต,3,17:00-19:00,0,0,1
ชุมชนพัฒนาล็อค 4-5-6,ทางขึ้นทางด่วน,1,07:00-09:00,1,0,0
ชุมชนพัฒนาล็อค 4-5-6,ทางขึ้นทางด่วน,1,09:00-16:00,1,0,0
ชุมชนพัฒนาล็อค 4-5-6,ทางขึ้นทางด่วน,1,16:00-19:00,1,0,0
ชุมชนพัฒนาล็อค 4-5-6,ทางชุมชนพัฒนาล็อค 4-5-6,1,07:00-09:00,1,0,0
ชุมชนพัฒนาล็อค 4-5-6,ทางชุมชนพัฒนาล็อค 4-5-6,1,09:00-16:00,1,0,0
ชุมชนพัฒนาล็อค 4-5-6,ทางชุมชนพัฒนาล็อค 4-5-6,1,16:00-19:00,1,0,0
ชุมชนพัฒนาล็อค 4-5-6,อาจณรงค์,1,07:00-09:00,1,0,0
ชุมชนพัฒนาล็อค 4-5-6,อาจณรงค์,1,09:00-16:00,1,0,0
ชุมชนพัฒนาล็อค 4-5-6,อาจณรงค์,1,16:00-19:00,1,0,0
ชุมชนสวัสดิการหนองแขม,สวัสดิการ 1,1,07:00-09:00,0,0,1
ชุมชนสวัสดิการหนองแขม,สวัสดิการ 1,1,09:00-17:00,0,0,1
ชุมชนสวัสดิการหนองแขม,สวัสดิการ 1,1,17:00-19:00,0,0,1
ช่างอากาศอุทิศ - เชิดวุฒากาศ,ช่างอากาศอุทิศ,3,07:00-09:00,0,0,1
ช่างอากาศอุทิศ - เชิดวุฒากาศ,ช่างอากาศอุทิศ,3,09:00-17:00,0,0,1
ช่างอากาศอุทิศ - เชิดวุฒากาศ,ช่างอากาศอุทิศ,3,17:00-19:00,0,0,1
ช่างอากาศอุทิศ - เชิดวุฒากาศ,เชิดวุฒากาศ/กำแพงเพชร,3,07:00-09:00,0,0,1
ช่างอากาศอุทิศ - เชิดวุฒากาศ,เชิดวุฒากาศ/กำแพงเพชร,3,09:00-17:00,0,0,1
ช่างอากาศอุทิศ - เชิดวุฒากาศ,เชิดวุฒากาศ/กำแพงเพชร,3,17:00-19:00,0,0,1
ซอยกรุงเทพกรีฑา 20,กรุงเทพกรีฑา,1,07:00-09:00,1,0,0
ซอยกรุงเทพกรีฑา 20,กรุงเทพกรีฑา,1,09:00-16:00,1,0,0
ซอยกรุงเทพกรีฑา 20,กรุงเทพกรีฑา,1,16:00-19:00,1,0,0
ซอยกรุงเทพกรีฑา 20,ซอยกรุงเทพกรีฑา 20,1,07:00-09:00,1,0,0
ซอยกรุงเทพกรีฑา 20,ซอยกรุงเทพกรีฑา 20,1,09:00-16:00,1,0,0
ซอยกรุงเทพกรีฑา 20,ซอยกรุงเทพกรีฑา 20,1,16:00-19:00,1,0,0
ซอยกรุงเทพกรีฑา 20,ซอยกรุงเทพกรีฑา 37,1,07:00-09:00,1,0,0
ซอยกรุงเทพกรีฑา 20,ซอยกรุงเทพกรีฑา 37,1,09:00-16:00,1,0,0
ซอยกรุงเทพกรีฑา 20,ซอยกรุงเทพกรีฑา 37,1,16:00-19:00,1,0,0
ซอยคู้บอน 34,คู้บอน,2,07:00-09:00,0,0,1
ซอยคู้บอน 34,คู้บอน,2,09:00-17:00,0,0,1
ซอยคู้บอน 34,คู้บอน,2,17:00-19:00,0,0,1
ซอยจรัญสนิทวงศ์ 3,จรัญสนิทวงศ์,3,07:00-09:00,1,0,0
ซอยจรัญสนิทวงศ์ 3,จรัญสนิทวงศ์,3,09:00-16:00,1,0,0
ซอยจรัญสนิทวงศ์ 3,จรัญสนิทวงศ์,3,16:00-19:00,1,0,0
ซอยจรัญสนิทวงศ์ 3,ซอยจรัญสนิทวงศ์,3,07:00-09:00,1,0,0
ซอยจรัญสนิทวงศ์ 3,ซอยจรัญสนิทวงศ์,3,09:00-16:00,1,0,0
ซอยจรัญสนิทวงศ์ 3,ซอยจรัญสนิทวงศ์,3,16:00-19:00,1,0,0
ซอยจรัญฯ 94,จรัญสนิทวงศ์,3,07:00-09:00,0,1,0
ซอยจรัญฯ 94,จรัญสนิทวงศ์,3,09:00-16:00,0,1,0
ซอยจรัญฯ 94,จรัญสนิทวงศ์,3,16:00-19:00,0,1,0
ซอยจันทน์ 15/1,จันทน์,3,07:00-09:00,0,1,0
ซอยจันทน์ 15/1,จันทน์,3,09:00-16:00,0,1,0
ซอยจันทน์ 15/1,จันทน์,3,16:00-19:00,0,1,0
ซอยทวีวัฒนา 9,ซอยทวีวัฒนา 9,3,07:00-09:00,0,1,0
ซอยทวีวัฒนา 9,ซอยทวีวัฒนา 9,3,09:00-16:00,0,1,0
ซอยทวีวัฒนา 9,ซอยทวีวัฒนา 9,3,16:00-19:00,0,1,0
ซอยทวีวัฒนา 9,ทวีวัฒนา,3,07:00-09:00,0,1,0
ซอยทวีวัฒนา 9,ทวีวัฒนา,3,09:00-16:00,0,1,0
ซอยทวีวัฒนา 9,ทวีวัฒนา,3,16:00-19:00,0,1,0
ซอยทองหล่อ 13,ทองหล่อ,4,07:00-09:00,1,0,0
ซอยทองหล่อ 13,ทองหล่อ,4,09:00-16:00,1,0,0
ซอยทองหล่อ 13,ทองหล่อ,4,16:00-19:00,1,0,0
ซอยทองหล่อ 23,ทองหล่อ,4,07:00-09:00,1,0,0
ซอยทองหล่อ 23,ทองหล่อ,4,09:00-16:00,1,0,0
ซอยทองหล่อ 23,ทองหล่อ,4,16:00-19:00,1,0,0
ซอยทองหล่อ 25,ทองหล่อ,4,07:00-09:00,1,0,0
ซอยทองหล่อ 25,ทองหล่อ,4,09:00-16:00,1,0,0
ซอยทองหล่อ 25,ทองหล่อ,4,16:00-19:00,1,0,0
ซอยทองหล่อ 3,ทองหล่อ,4,07:00-09:00,1,0,0
ซอยทองหล่อ 3,ทองหล่อ,4,09:00-16:00,1,0,0
ซอยทองหล่อ 3,ทองหล่อ,4,16:00-19:00,1,0,0
ซอยนราธิวาส 10 แยก 18,นราธิวาสฯ ซอย 8,3,07:00-09:00,0,0,1
ซอยนราธิวาส 10 แยก 18,นราธิวาสฯ ซอย 8,3,09:00-16:00,0,0,1
ซอยนราธิวาส 10 แยก 18,นราธิวาสฯ ซอย 8,3,16:00-19:00,0,0,1
ซอยนราธิวาสฯ 20,นราธิวาสราชนครินทร์,3,07:00-09:00,0,1,0
ซอยนราธิวาสฯ 20,นราธิวาสราชนครินทร์,3,09:00-16:00,0,1,0
ซอยนราธิวาสฯ 20,นราธิวาสราชนครินทร์,3,16:00-19:00,0,1,0
ซอยนราธิวาสฯ 24,นราธิวาสราชนครินทร์,3,07:00-09:00,0,1,0
ซอยนราธิวาสฯ 24,นราธิวาสราชนครินทร์,3,09:00-16:00,0,1,0
ซอยนราธิวาสฯ 24,นราธิวาสราชนครินทร์,3,16:00-19:00,0,1,0
ซอยนราธิวาสฯ 9,นราธิวาสราชนครินทร์,3,07:00-09:00,0,1,0
ซอยนราธิวาสฯ 9,นราธิวาสราชนครินทร์,3,09:00-16:00,0,1,0
ซอยนราธิวาสฯ 9,นราธิวาสราชนครินทร์,3,16:00-19:00,0,1,0
ซอยพระราม 3 ซ.68,พระรามที่ 3,3,07:00-09:00,0,1,0
ซอยพระราม 3 ซ.68,พระรามที่ 3,3,09:00-16:00,0,1,0
ซอยพระราม 3 ซ.68,พระรามที่ 3,3,16:00-19:00,0,1,0
ซอยพร้อมจิตร,ซอยพร้อมจิตร,1,07:00-09:00,0,0,1
ซอยพร้อมจิตร,ซอยพร้อมจิตร,1,09:00-17:00,0,0,1
ซอยพร้อมจิตร,ซอยพร้อมจิตร,1,17:00-19:00,0,0,1
ซอยพร้อมพงษ์,ซอยพร้อมพงษ์,1,07:00-09:00,0,0,1
ซอยพร้อมพงษ์,ซอยพร้อมพงษ์,1,09:00-17:00,0,0,1
ซอยพร้อมพงษ์,ซอยพร้อมพงษ์,1,17:00-19:00,0,0,1
ซอยพหลโยธิน 15,พหลโยธิน,3,07:00-09:00,0,1,0
ซอยพหลโยธิน 15,พหลโยธิน,3,09:00-16:00,0,1,0
ซอยพหลโยธิน 15,พหลโยธิน,3,16:00-19:00,0,1,0
ซอยพหลโยธิน 18/2,พหลโยธิน,3,07:00-09:00,0,1,0
ซอยพหลโยธิน 18/2,พหลโยธิน,3,09:00-16:00,0,1,0
ซอยพหลโยธิน 18/2,พหลโยธิน,3,16:00-19:00,0,1,0
ซอยพหลโยธิน 52 แยก 48,เทพารักษ์,2,07:00-09:00,1,0,0
ซอยพหลโยธิน 52 แยก 48,เทพารักษ์,2,09:00-16:00,1,0,0
ซอยพหลโยธิน 52 แยก 48,เทพารักษ์,2,16:00-19:00,1,0,0
ซอยพหลโยธิน52แยก48,เทพรักษ์,1,07:00-09:00,1,0,0
ซอยพหลโยธิน52แยก48,เทพรักษ์,1,09:00-16:00,1,0,0
ซอยพหลโยธิน52แยก48,เทพรักษ์,1,16:00-19:00,1,0,0
ซอยพัฒนาการ 30,พัฒนาการ,1,07:00-09:00,0,0,1
ซอยพัฒนาการ 30,พัฒนาการ,1,09:00-17:00,0,0,1
ซอยพัฒนาการ 30,พัฒนาการ,1,17:00-19:00,0,0,1
ซอยพัฒนาการ 30,พัฒนาการ 30,1,07:00-09:00,0,0,1
ซอยพัฒนาการ 30,พัฒนาการ 30,1,09:00-17:00,0,0,1
ซอยพัฒนาการ 30,พัฒนาการ 30,1,17:00-19:00,0,0,1
ซอยพุทธบูชา 38,พุทธบูชา,2,07:00-09:00,0,0,1
ซอยพุทธบูชา 38,พุทธบูชา,2,09:00-17:00,0,0,1
ซอยพุทธบูชา 38,พุทธบูชา,2,17:00-19:00,0,0,1
ซอยพุทธบูชา 40 และ 42,พุทธบูชา,2,07:00-09:00,0,0,1
ซอยพุทธบูชา 40 และ 42,พุทธบูชา,2,09:00-17:00,0,0,1
ซอยพุทธบูชา 40 และ 42,พุทธบูชา,2,17:00-19:00,0,0,1
ซอยพุทธบูชา 43,พุทธบูชา,2,07:00-09:00,0,0,1
ซอยพุทธบูชา 43,พุทธบูชา,2,09:00-17:00,0,0,1
ซอยพุทธบูชา 43,พุทธบูชา,2,17:00-19:00,0,0,1
ซอยพุทธบูชา 44 และ 44/1,พุทธบูชา,2,07:00-09:00,0,0,1
ซอยพุทธบูชา 44 และ 44/1,พุทธบูชา,2,09:00-17:00,0,0,1
ซอยพุทธบูชา 44 และ 44/1,พุทธบูชา,2,17:00-19:00,0,0,1
ซอยมาเจริญ 3,มาเจริญ,1,07:00-09:00,0,0,1
ซอยมาเจริญ 3,มาเจริญ,1,09:00-17:00,0,0,1
ซอยมาเจริญ 3,มาเจริญ,1,17:00-19:00,0,0,1
ซอยรัชดา 30,รัชดาภิเษก,3,07:00-09:00,0,1,0
ซอยรัชดา 30,รัชดาภิเษก,3,09:00-16:00,0,1,0
ซอยรัชดา 30,รัชดาภิเษก,3,16:00-19:00,0,1,0
ซอยรัชดาภิเษก 14,รัชดาภิเษก,3,07:00-09:00,0,1,0
ซอยรัชดาภิเษก 14,รัชดาภิเษก,3,09:00-16:00,0,1,0
ซอยรัชดาภิเษก 14,รัชดาภิเษก,3,16:00-19:00,0,1,0
ซอยรัชดาภิเษก 3,รัชดาภิเษก,3,07:00-09:00,0,1,0
ซอยรัชดาภิเษก 3,รัชดาภิเษก,3,09:00-16:00,0,1,0
ซอยรัชดาภิเษก 3,รัชดาภิเษก,3,16:00-19:00,0,1,0
ซอยรัชดาภิเษก 9,รัชดาภิเษก,3,07:00-09:00,0,1,0
ซอยรัชดาภิเษก 9,รัชดาภิเษก,3,09:00-16:00,0,1,0
ซอยรัชดาภิเษก 9,รัชดาภิเษก,3,16:00-19:00,0,1,0
ซอยรางน้ำ,พญาไท,3,07:00-09:00,0,1,0
ซอยรางน้ำ,พญาไท,3,09:00-16:00,0,1,0
ซอยรางน้ำ,พญาไท,3,16:00-19:00,0,1,0
ซอยราชปรารภ 3,ราชปรารภ,3,07:00-09:00,0,1,0
ซอยราชปรารภ 3,ราชปรารภ,3,09:00-16:00,0,1,0
ซอยราชปรารภ 3,ราชปรารภ,3,16:00-19:00,0,1,0
ซอยราชวิถี6,ราชวิถี,3,07:00-09:00,0,1,0
ซอยราชวิถี6,ราชวิถี,3,09:00-16:00,0,1,0
ซอยราชวิถี6,ราชวิถี,3,16:00-19:00,0,1,0
ซอยรามบุตรี,จักรพงษ์,1,07:00-09:00,0,0,1
ซอยรามบุตรี,จักรพงษ์,1,09:00-17:00,0,0,1
ซอยรามบุตรี,จักรพงษ์,1,17:00-19:00,0,0,1
ซอยวชิรธรรมสาธิต 6,สุขุมวิท 101/1,4,07:00-09:00,0,0,1
ซอยวชิรธรรมสาธิต 6,สุขุมวิท 101/1,4,09:00-17:00,0,0,1
ซอยวชิรธรรมสาธิต 6,สุขุมวิท 101/1,4,17:00-19:00,0,0,1
ซอยวัดสุคันธาราม,ซอยวัดสุคันธาราม,4,07:00-09:00,0,1,0
ซอยวัดสุคันธาราม,ซอยวัดสุคันธาราม,4,09:00-16:00,0,1,0
ซอยวัดสุคันธาราม,ซอยวัดสุคันธาราม,4,16:00-19:00,0,1,0
ซอยวัดสุคันธาราม,สวรรคโลก,4,07:00-09:00,0,1,0
ซอยวัดสุคันธาราม,สวรรคโลก,4,09:00-16:00,0,1,0
ซอยวัดสุคันธาราม,สวรรคโลก,4,16:00-19:00,0,1,0
ซอยสมเด็จพระเจ้าตากสิน 19,สมเด็จพระเจ้าตากสิน,3,07:00-09:00,0,1,0
ซอยสมเด็จพระเจ้าตากสิน 19,สมเด็จพระเจ้าตากสิน,3,09:00-16:00,0,1,0
ซอยสมเด็จพระเจ้าตากสิน 19,สมเด็จพระเจ้าตากสิน,3,16:00-19:00,0,1,0
ซอยสวัสดี,ซอยสวัสดี,1,07:00-09:00,0,0,1
ซอยสวัสดี,ซอยสวัสดี,1,09:00-17:00,0,0,1
ซอยสวัสดี,ซอยสวัสดี,1,17:00-19:00,0,0,1
ซอยสุขุมวิท 2,สุขุมวิท,2,07:00-09:00,0,0,1
ซอยสุขุมวิท 2,สุขุมวิท,2,09:00-17:00,0,0,1
ซอยสุขุมวิท 2,สุขุมวิท,2,17:00-19:00,0,0,1
ซอยสุขุมวิท 2,สุขุมวิท 2,2,07:00-09:00,0,0,1
ซอยสุขุมวิท 2,สุขุมวิท 2,2,09:00-17:00,0,0,1
ซอยสุขุมวิท 2,สุขุมวิท 2,2,17:00-19:00,0,0,1
ซอยหัวหมาก 21 และ 23,หัวหมาก,4,07:00-09:00,1,0,0
ซอยหัวหมาก 21 และ 23,หัวหมาก,4,09:00-16:00,1,0,0
ซอยหัวหมาก 21 และ 23,หัวหมาก,4,16:00-19:00,1,0,0
ซอยหัวหมาก 25,หัวหมาก,4,07:00-09:00,1,0,0
ซอยหัวหมาก 25,หัวหมาก,4,09:00-16:00,1,0,0
ซอยหัวหมาก 25,หัวหมาก,4,16:00-19:00,1,0,0
ซอยอรุณมักกินนอน,วิทยุ,2,07:00-09:00,0,0,1
ซอยอรุณมักกินนอน,วิทยุ,2,09:00-17:00,0,0,1
ซอยอรุณมักกินนอน,วิทยุ,2,17:00-19:00,0,0,1
ซอยอรุณมักกินนอน,อรุณมักกินนอน,2,07:00-09:00,0,0,1
ซอยอรุณมักกินนอน,อรุณมักกินนอน,2,09:00-17:00,0,0,1
ซอยอรุณมักกินนอน,อรุณมักกินนอน,2,17:00-19:00,0,0,1
ซอยอ่อนนุช 65,อ่อนนุช,1,07:00-09:00,0,0,1
ซอยอ่อนนุช 65,อ่อนนุช,1,09:00-16:00,0,0,1
ซอยอ่อนนุช 65,อ่อนนุช,1,16:00-19:00,0,0,1
ซอยอ่อนนุช 65,อ่อนนุช 65,1,07:00-09:00,0,0,1
ซอยอ่อนนุช 65,อ่อนนุช 65,1,09:00-16:00,0,0,1
ซอยอ่อนนุช 65,อ่อนนุช 65,1,16:00-19:00,0,0,1
ซอยเจริญกรุง 61,เจริญกรุง,3,07:00-09:00,0,1,0
ซอยเจริญกรุง 61,เจริญกรุง,3,09:00-16:00,0,1,0
ซอยเจริญกรุง 61,เจริญกรุง,3,16:00-19:00,0,1,0
ซอยเจริญกุง 33,เจริญกรุง,4,07:00-09:00,0,0,1
ซอยเจริญกุง 33,เจริญกรุง,4,09:00-17:00,0,0,1
ซอยเจริญกุง 33,เจริญกรุง,4,17:00-19:00,0,0,1
ซอยเฉลิมพระเกียรติ ร.9 67,เฉลิมพระเกียรติ ร.9,2,07:00-09:00,0,0,1
ซอยเฉลิมพระเกียรติ ร.9 67,เฉลิมพระเกียรติ ร.9,2,09:00-17:00,0,0,1
ซอยเฉลิมพระเกียรติ ร.9 67,เฉลิมพระเกียรติ ร.9,2,17:00-19:00,0,0,1
ซอยเชื่อมสัมพันธ์ 19/1,เชื่อมสัมพันธ์,1,07:00-09:00,0,0,1
ซอยเชื่อมสัมพันธ์ 19/1,เชื่อมสัมพันธ์,1,09:00-17:00,0,0,1
ซอยเชื่อมสัมพันธ์ 19/1,เชื่อมสัมพันธ์,1,17:00-19:00,0,0,1
ซอยเทอดไท 21,ราชพฤกษ์,3,07:00-09:00,0,1,0
ซอยเทอดไท 21,ราชพฤกษ์,3,09:00-16:00,0,1,0
ซอยเทอดไท 21,ราชพฤกษ์,3,16:00-19:00,0,1,0
ซอยเทียนทะเล 2,บางขุนเทียน - ชายทะเล,1,07:00-09:00,0,0,1
ซอยเทียนทะเล 2,บางขุนเทียน - ชายทะเล,1,09:00-17:00,0,0,1
ซอยเทียนทะเล 2,บางขุนเทียน - ชายทะเล,1,17:00-19:00,0,0,1
ซอยเทียนทะเล 22,บางขุนเทียน-ชายทะเล,4,09:00-17:00,0,0,1
ซอยเทียนทะเล 22,บางขุนเทียน-ชายทะเล,4,17:00-19:00,0,0,1
ซอยเทียนทะเล 22,เทียนทะเล 22,4,07:00-09:00,0,0,1
ซอยเทียนทะเล 22,เทียนทะเล 22,4,09:00-17:00,0,0,1
ซอยเทียนทะเล 22,เทียนทะเล 22,4,17:00-19:00,0,0,1
ซอยเทียนทะเล 23,บางขุนเทียน - ชายทะเล,1,07:00-09:00,0,0,1
ซอยเทียนทะเล 23,บางขุนเทียน - ชายทะเล,1,09:00-17:00,0,0,1
ซอยเทียนทะเล 23,บางขุนเทียน - ชายทะเล,1,17:00-19:00,0,0,1
ซอยเพชรบุรี 27,เพชรบุรี,3,07:00-09:00,0,1,0
ซอยเพชรบุรี 27,เพชรบุรี,3,09:00-16:00,0,1,0
ซอยเพชรบุรี 27,เพชรบุรี,3,16:00-19:00,0,1,0
ซอยเอกชัย 15,เอกชัย,4,07:00-09:00,0,0,1
ซอยเอกชัย 15,เอกชัย,4,09:00-17:00,0,0,1
ซอยเอกชัย 15,เอกชัย,4,17:00-19:00,0,0,1
ซังฮี้,ราชวิถี,1,06:30-09:00,1,0,0
ซังฮี้,ราชวิถี,1,07:00-09:00,0,0,2
ซังฮี้,ราชวิถี,1,09:00-16:00,1,0,1
ซังฮี้,ราชวิถี,1,09:00-17:00,0,0,1
ซังฮี้,ราชวิถี,1,16:00-19:00,0,0,1
ซังฮี้,ราชวิถี,1,16:00-19:30,1,0,0
ซังฮี้,ราชวิถี,1,17:00-19:00,0,0,1
ซังฮี้,ราชวิถี,4,07:00-09:00,1,0,0
ซังฮี้,ราชวิถี,4,09:00-16:00,1,0,0
ซังฮี้,ราชวิถี,4,16:00-19:00,1,0,0
ซังฮี้,สามเสน,1,06:30-09:00,1,0,0
ซังฮี้,สามเสน,1,07:00-09:00,0,0,2
ซังฮี้,สามเสน,1,09:00-16:00,1,0,1
ซังฮี้,สามเสน,1,09:00-17:00,0,0,1
ซังฮี้,สามเสน,1,16:00-19:00,0,0,1
ซังฮี้,สามเสน,1,16:00-19:30,1,0,0
ซังฮี้,สามเสน,1,17:00-19:00,0,0,1
ซังฮี้,สามเสน,4,07:00-09:00,1,0,0
ซังฮี้,สามเสน,4,09:00-16:00,1,0,0
ซังฮี้,สามเสน,4,16:00-19:00,1,0,0
ณ ระนอง,ณ ระนอง,2,07:00-09:00,1,0,1
ณ ระนอง,ณ ระนอง,2,09:00-16:00,1,0,0
ณ ระนอง,ณ ระนอง,2,09:00-17:00,0,0,1
ณ ระนอง,ณ ระนอง,2,16:00-19:00,1,0,0
ณ ระนอง,ณ ระนอง,2,17:00-19:00,0,0,1
ณ ระนอง,ณ ระนอง,3,07:00-09:00,1,0,0
ณ ระนอง,ณ ระนอง,3,09:00-16:00,1,0,0
ณ ระนอง,ณ ระนอง,3,16:00-19:00,1,0,0
ณ ระนอง,พระรามที่ 3,2,07:00-09:00,1,0,1
ณ ระนอง,พระรามที่ 3,2,09:00-16:00,1,0,0
ณ ระนอง,พระรามที่ 3,2,09:00-17:00,0,0,1
ณ ระนอง,พระรามที่ 3,2,16:00-19:00,1,0,0
ณ ระนอง,พระรามที่ 3,2,17:00-19:00,0,0,1
ณ ระนอง,พระรามที่ 3,3,07:00-09:00,1,0,0
ณ ระนอง,พระรามที่ 3,3,09:00-16:00,1,0,0
ณ ระนอง,พระรามที่ 3,3,16:00-19:00,1,0,0
ณ ระนอง,รัชดาภิเษก,2,07:00-09:00,1,0,1
ณ ระนอง,รัชดาภิเษก,2,09:00-16:00,1,0,0
ณ ระนอง,รัชดาภิเษก,2,09:00-17:00,0,0,1
ณ ระนอง,รัชดาภิเษก,2,16:00-19:00,1,0,0
ณ ระนอง,รัชดาภิเษก,2,17:00-19:00,0,0,1
ณ ระนอง,รัชดาภิเษก,3,07:00-09:00,1,0,0
ณ ระนอง,รัชดาภิเษก,3,09:00-16:00,1,0,0
ณ ระนอง,รัชดาภิเษก,3,16:00-19:00,1,0,0
ณ ระนอง,สุนทรโกษา,2,07:00-09:00,1,0,1
ณ ระนอง,สุนทรโกษา,2,09:00-16:00,1,0,0
ณ ระนอง,สุนทรโกษา,2,09:00-17:00,0,0,1
ณ ระนอง,สุนทรโกษา,2,16:00-19:00,1,0,0
ณ ระนอง,สุนทรโกษา,2,17:00-19:00,0,0,1
ณ ระนอง,สุนทรโกษา,3,07:00-09:00,1,0,0
ณ ระนอง,สุนทรโกษา,3,09:00-16:00,1,0,0
ณ ระนอง,สุนทรโกษา,3,16:00-19:00,1,0,0
ดาวคะนอง,จอมทอง,1,07:00-09:00,1,1,1
ดาวคะนอง,จอมทอง,1,09:00-16:00,1,1,0
ดาวคะนอง,จอมทอง,1,09:00-17:00,0,0,1
ดาวคะนอง,จอมทอง,1,16:00-19:00,1,1,0
ดาวคะนอง,จอมทอง,1,17:00-19:00,0,0,1
ดาวคะนอง,จอมทอง,2,07:00-09:00,1,0,0
ดาวคะนอง,จอมทอง,2,09:00-16:00,1,0,0
ดาวคะนอง,จอมทอง,2,16:00-19:00,1,0,0
ดาวคะนอง,จอมทอง,4,07:00-09:00,1,0,2
ดาวคะนอง,จอมทอง,4,09:00-16:00,1,0,1
ดาวคะนอง,จอมทอง,4,09:00-17:00,0,0,1
ดาวคะนอง,จอมทอง,4,16:00-19:00,1,0,1
ดาวคะนอง,จอมทอง,4,17:00-19:00,0,0,1
ดาวคะนอง,สมเด็จพระเจ้าตากสิน,1,07:00-09:00,1,1,1
ดาวคะนอง,สมเด็จพระเจ้าตากสิน,1,09:00-16:00,1,1,0
ดาวคะนอง,สมเด็จพระเจ้าตากสิน,1,09:00-17:00,0,0,1
ดาวคะนอง,สมเด็จพระเจ้าตากสิน,1,16:00-19:00,1,1,0
ดาวคะนอง,สมเด็จพระเจ้าตากสิน,1,17:00-19:00,0,0,1
ดาวคะนอง,สมเด็จพระเจ้าตากสิน,2,07:00-09:00,1,0,0
ดาวคะนอง,สมเด็จพระเจ้าตากสิน,2,09:00-16:00,1,0,0
ดาวคะนอง,สมเด็จพระเจ้าตากสิน,2,16:00-19:00,1,0,0
ดาวคะนอง,สมเด็จพระเจ้าตากสิน,4,07:00-09:00,1,0,2
ดาวคะนอง,สมเด็จพระเจ้าตากสิน,4,09:00-16:00,1,0,1
ดาวคะนอง,สมเด็จพระเจ้าตากสิน,4,09:00-17:00,0,0,1
ดาวคะนอง,สมเด็จพระเจ้าตากสิน,4,16:00-19:00,1,0,1
ดาวคะนอง,สมเด็จพระเจ้าตากสิน,4,17:00-19:00,0,0,1
ดินแดง,ดินแดง,1,07:00-09:00,0,0,1
ดินแดง,ดินแดง,1,09:00-16:00,0,0,1
ดินแดง,ดินแดง,1,16:00-19:00,0,0,1
ดินแดง,วิภาวดีรังสิต,1,07:00-09:00,0,0,1
ดินแดง,วิภาวดีรังสิต,1,09:00-16:00,0,0,1
ดินแดง,วิภาวดีรังสิต,1,16:00-19:00,0,0,1
ดินแดง,อโศกดินแดง,1,07:00-09:00,0,0,1
ดินแดง,อโศกดินแดง,1,09:00-16:00,0,0,1
ดินแดง,อโศกดินแดง,1,16:00-19:00,0,0,1
ด่วนกำแพงเพชร,กำแพงเพชร,3,07:00-09:00,0,0,1
ด่วนกำแพงเพชร,กำแพงเพชร,3,09:00-17:00,0,0,1
ด่วนกำแพงเพชร,กำแพงเพชร,3,17:00-19:00,0,0,1
ด่วนกำแพงเพชร,เจษฎา,3,07:00-09:00,0,0,1
ด่วนกำแพงเพชร,เจษฎา,3,09:00-17:00,0,0,1
ด่วนกำแพงเพชร,เจษฎา,3,17:00-19:00,0,0,1
ด่วนนางลิ้นจี่,นางลิ้นจี่,1,07:00-09:00,0,1,0
ด่วนนางลิ้นจี่,นางลิ้นจี่,1,09:00-16:00,0,1,0
ด่วนนางลิ้นจี่,นางลิ้นจี่,1,16:00-19:00,0,1,0
ด่วนนางลิ้นจี่,นางลิ้นจี่,2,07:00-09:00,0,0,2
ด่วนนางลิ้นจี่,นางลิ้นจี่,2,09:00-17:00,0,0,2
ด่วนนางลิ้นจี่,นางลิ้นจี่,2,17:00-19:00,0,0,2
ด่วนนางลิ้นจี่,นางลิ้นจี่,4,07:00-09:00,1,0,0
ด่วนนางลิ้นจี่,นางลิ้นจี่,4,09:00-16:00,1,0,0
ด่วนนางลิ้นจี่,นางลิ้นจี่,4,16:00-19:00,1,0,0
ด่วนนางลิ้นจี่,รัชดาภิเษก,1,07:00-09:00,0,1,0
ด่วนนางลิ้นจี่,รัชดาภิเษก,1,09:00-16:00,0,1,0
ด่วนนางลิ้นจี่,รัชดาภิเษก,1,16:00-19:00,0,1,0
ด่วนนางลิ้นจี่,รัชดาภิเษก,2,07:00-09:00,0,0,2
ด่วนนางลิ้นจี่,รัชดาภิเษก,2,09:00-17:00,0,0,2
ด่วนนางลิ้นจี่,รัชดาภิเษก,2,17:00-19:00,0,0,2
ด่วนนางลิ้นจี่,รัชดาภิเษก,4,07:00-09:00,1,0,0
ด่วนนางลิ้นจี่,รัชดาภิเษก,4,09:00-16:00,1,0,0
ด่วนนางลิ้นจี่,รัชดาภิเษก,4,16:00-19:00,1,0,0
ด่วนประชาชื่น,ประชาชื่น,4,07:00-09:00,0,1,1
ด่วนประชาชื่น,ประชาชื่น,4,09:00-16:00,0,1,0
ด่วนประชาชื่น,ประชาชื่น,4,09:00-17:00,0,0,1
ด่วนประชาชื่น,ประชาชื่น,4,16:00-19:00,0,1,0
ด่วนประชาชื่น,ประชาชื่น,4,17:00-19:00,0,0,1
ด่วนประชาชื่น,สายสิน,4,07:00-09:00,0,1,1
ด่วนประชาชื่น,สายสิน,4,09:00-16:00,0,1,0
ด่วนประชาชื่น,สายสิน,4,09:00-17:00,0,0,1
ด่วนประชาชื่น,สายสิน,4,16:00-19:00,0,1,0
ด่วนประชาชื่น,สายสิน,4,17:00-19:00,0,0,1
ด่วนสาธุ,รัชดาภิเษก,1,07:00-09:00,1,0,0
ด่วนสาธุ,รัชดาภิเษก,1,09:00-16:00,1,0,0
ด่วนสาธุ,รัชดาภิเษก,1,16:00-19:00,1,0,0
ด่วนสาธุ,รัชดาภิเษก,4,07:00-09:00,0,1,1
ด่วนสาธุ,รัชดาภิเษก,4,09:00-16:00,0,1,0
ด่วนสาธุ,รัชดาภิเษก,4,09:00-17:00,0,0,1
ด่วนสาธุ,รัชดาภิเษก,4,16:00-19:00,0,1,0
ด่วนสาธุ,รัชดาภิเษก,4,17:00-19:00,0,0,1
ด่วนสาธุ,สาธุประดิษฐ์,1,07:00-09:00,1,0,0
ด่วนสาธุ,สาธุประดิษฐ์,1,09:00-16:00,1,0,0
ด่วนสาธุ,สาธุประดิษฐ์,1,16:00-19:00,1,0,0
ด่วนสาธุ,สาธุประดิษฐ์,4,07:00-09:00,0,1,1
ด่วนสาธุ,สาธุประดิษฐ์,4,09:00-16:00,0,1,0
ด่วนสาธุ,สาธุประดิษฐ์,4,09:00-17:00,0,0,1
ด่วนสาธุ,สาธุประดิษฐ์,4,16:00-19:00,0,1,0
ด่วนสาธุ,สาธุประดิษฐ์,4,17:00-19:00,0,0,1
ด่วนสีลม,ขึ้น - ลงทางด่วนศรีรัช,3,07:00-09:00,1,0,0
ด่วนสีลม,ขึ้น - ลงทางด่วนศรีรัช,3,09:00-16:00,1,0,0
ด่วนสีลม,ขึ้น - ลงทางด่วนศรีรัช,3,16:00-19:00,1,0,0
ด่วนสีลม,สีลม,1,07:00-09:00,0,0,1
ด่วนสีลม,สีลม,1,09:00-17:00,0,0,1
ด่วนสีลม,สีลม,1,17:00-19:00,0,0,1
ด่วนสีลม,สีลม,3,07:00-09:00,1,0,0
ด่วนสีลม,สีลม,3,09:00-16:00,1,0,0
ด่วนสีลม,สีลม,3,16:00-19:00,1,0,0
ด่วนสีลม,เลียบใต้ทางด่วน,1,07:00-09:00,0,0,1
ด่วนสีลม,เลียบใต้ทางด่วน,1,09:00-17:00,0,0,1
ด่วนสีลม,เลียบใต้ทางด่วน,1,17:00-19:00,0,0,1
ด่วนสีลม,เลียบใต้ทางด่วน,3,07:00-09:00,1,0,0
ด่วนสีลม,เลียบใต้ทางด่วน,3,09:00-16:00,1,0,0
ด่วนสีลม,เลียบใต้ทางด่วน,3,16:00-19:00,1,0,0
ด่วนสุขุมวิท 62,ซอยสุขุมวิท 62,1,07:00-09:00,0,1,0
ด่วนสุขุมวิท 62,ซอยสุขุมวิท 62,1,09:00-16:00,0,1,0
ด่วนสุขุมวิท 62,ซอยสุขุมวิท 62,1,16:00-19:00,0,1,0
ด่วนสุขุมวิท 62,สุขุมวิท,1,07:00-09:00,0,1,0
ด่วนสุขุมวิท 62,สุขุมวิท,1,09:00-16:00,0,1,0
ด่วนสุขุมวิท 62,สุขุมวิท,1,16:00-19:00,0,1,0
ด่วนสุขุมวิท 62,สุขุมวิท,2,07:00-09:00,0,0,1
ด่วนสุขุมวิท 62,สุขุมวิท,2,09:00-17:00,0,0,2
ด่วนสุขุมวิท 62,สุขุมวิท,2,17:00-19:00,0,0,2
ด่วนสุขุมวิท 62,สุขุมวิท 62,2,07:00-09:00,0,0,2
ด่วนสุขุมวิท 62,สุขุมวิท 62,2,09:00-17:00,0,0,2
ด่วนสุขุมวิท 62,สุขุมวิท 62,2,17:00-19:00,0,0,2
ด่วนสุขุมวิท62,ซอยสุขุมวิท 62,3,07:00-09:00,1,0,0
ด่วนสุขุมวิท62,ซอยสุขุมวิท 62,3,09:00-16:00,1,0,0
ด่วนสุขุมวิท62,ซอยสุขุมวิท 62,3,16:00-19:00,1,0,0
ด่วนสุขุมวิท62,สุขุมวิท,3,07:00-09:00,1,0,0
ด่วนสุขุมวิท62,สุขุมวิท,3,09:00-16:00,1,0,0
ด่วนสุขุมวิท62,สุขุมวิท,3,16:00-19:00,1,0,0
ด่วนเกษมราษฎร์,ทางขึ้น - ลงทางด่วน,4,07:00-09:00,1,0,0
ด่วนเกษมราษฎร์,ทางขึ้น - ลงทางด่วน,4,09:00-16:00,1,0,0
ด่วนเกษมราษฎร์,ทางขึ้น - ลงทางด่วน,4,16:00-19:00,1,0,0
ด่วนเกษมราษฎร์,ทางขึ้น-ลงทางด่วน,1,07:00-09:00,0,0,1
ด่วนเกษมราษฎร์,ทางขึ้น-ลงทางด่วน,1,09:00-17:00,0,0,1
ด่วนเกษมราษฎร์,ทางขึ้น-ลงทางด่วน,1,17:00-19:00,0,0,1
ด่วนเกษมราษฎร์,ทางขึ้นลงทางด่วน,1,07:00-09:00,0,0,1
ด่วนเกษมราษฎร์,ทางขึ้นลงทางด่วน,1,09:00-17:00,0,0,1
ด่วนเกษมราษฎร์,ทางขึ้นลงทางด่วน,1,17:00-19:00,0,0,1
ด่วนเกษมราษฎร์,ทางขึ้นลงทางด่วน,2,07:00-09:00,0,1,0
ด่วนเกษมราษฎร์,ทางขึ้นลงทางด่วน,2,09:00-16:00,0,1,0
ด่วนเกษมราษฎร์,ทางขึ้นลงทางด่วน,2,16:00-19:00,0,1,0
ด่วนเกษมราษฎร์,เกษมราษฎร์,1,07:00-09:00,0,0,2
ด่วนเกษมราษฎร์,เกษมราษฎร์,1,09:00-17:00,0,0,2
ด่วนเกษมราษฎร์,เกษมราษฎร์,1,17:00-19:00,0,0,2
ด่วนเกษมราษฎร์,เกษมราษฎร์,2,07:00-09:00,0,1,0
ด่วนเกษมราษฎร์,เกษมราษฎร์,2,09:00-16:00,0,1,0
ด่วนเกษมราษฎร์,เกษมราษฎร์,2,16:00-19:00,0,1,0
ด่วนเกษมราษฎร์,เกษมราษฎร์,4,07:00-09:00,1,0,0
ด่วนเกษมราษฎร์,เกษมราษฎร์,4,09:00-16:00,1,0,0
ด่วนเกษมราษฎร์,เกษมราษฎร์,4,16:00-19:00,1,0,0
ด่วนเพลินจิต,ดวงพิทักษ์,2,07:00-09:00,1,1,0
ด่วนเพลินจิต,ดวงพิทักษ์,2,09:00-16:00,1,1,0
ด่วนเพลินจิต,ดวงพิทักษ์,2,16:00-19:00,1,1,0
ด่วนเพลินจิต,ดวงพิทักษ์,3,07:00-09:00,0,0,1
ด่วนเพลินจิต,ดวงพิทักษ์,3,09:00-17:00,0,0,1
ด่วนเพลินจิต,ดวงพิทักษ์,3,17:00-19:00,0,0,1
ด่วนเพลินจิต,ถนนดวงพิทักษ์,2,07:00-09:00,0,0,1
ด่วนเพลินจิต,ถนนดวงพิทักษ์,2,09:00-17:00,0,0,1
ด่วนเพลินจิต,ถนนดวงพิทักษ์,2,17:00-19:00,0,0,1
ด่วนเพลินจิต,ถนนเพลินจิต,2,07:00-09:00,0,0,1
ด่วนเพลินจิต,ถนนเพลินจิต,2,09:00-17:00,0,0,1
ด่วนเพลินจิต,ถนนเพลินจิต,2,17:00-19:00,0,0,1
ด่วนเพลินจิต,ทางขึ้น - ลง ทางด่วน,2,07:00-09:00,1,0,0
ด่วนเพลินจิต,ทางขึ้น - ลง ทางด่วน,2,09:00-16:00,1,0,0
ด่วนเพลินจิต,ทางขึ้น - ลง ทางด่วน,2,16:00-19:00,1,0,0
ด่วนเพลินจิต,ทางขึ้น - ลงทางด่วน,2,07:00-09:00,0,1,0
ด่วนเพลินจิต,ทางขึ้น - ลงทางด่วน,2,09:00-16:00,0,1,0
ด่วนเพลินจิต,ทางขึ้น - ลงทางด่วน,2,16:00-19:00,0,1,0
ด่วนเพลินจิต,ทางขึ้น -ลงทางด่วน,1,07:00-09:00,0,0,1
ด่วนเพลินจิต,ทางขึ้น -ลงทางด่วน,1,09:00-17:00,0,0,1
ด่วนเพลินจิต,ทางขึ้น -ลงทางด่วน,1,17:00-19:00,0,0,1
ด่วนเพลินจิต,ทางขึ้นลงทางด่วน,2,07:00-09:00,0,0,1
ด่วนเพลินจิต,ทางขึ้นลงทางด่วน,2,09:00-17:00,0,0,1
ด่วนเพลินจิต,ทางขึ้นลงทางด่วน,2,17:00-19:00,0,0,1
ด่วนเพลินจิต,ทางขึ้นลงทางด่วน,3,07:00-09:00,0,0,1
ด่วนเพลินจิต,ทางขึ้นลงทางด่วน,3,09:00-17:00,0,0,1
ด่วนเพลินจิต,ทางขึ้นลงทางด่วน,3,17:00-19:00,0,0,1
ด่วนเพลินจิต,สุขุมวิท,2,07:00-09:00,1,1,0
ด่วนเพลินจิต,สุขุมวิท,2,09:00-16:00,1,1,0
ด่วนเพลินจิต,สุขุมวิท,2,16:00-19:00,1,1,0
ด่วนเพลินจิต,สุขุมวิท,3,07:00-09:00,0,0,1
ด่วนเพลินจิต,สุขุมวิท,3,09:00-17:00,0,0,1
ด่วนเพลินจิต,สุขุมวิท,3,17:00-19:00,0,0,1
ด่วนเพลินจิต,เพลินจิต,1,07:00-09:00,0,0,1
ด่วนเพลินจิต,เพลินจิต,1,09:00-17:00,0,0,1
ด่วนเพลินจิต,เพลินจิต,1,17:00-19:00,0,0,1
ด่วนเพลินจิต,เพลินจิต,2,07:00-09:00,1,1,0
ด่วนเพลินจิต,เพลินจิต,2,09:00-16:00,1,1,0
ด่วนเพลินจิต,เพลินจิต,2,16:00-19:00,1,1,0
ด่วนเพลินจิต,เพลินจิต,3,07:00-09:00,0,0,1
ด่วนเพลินจิต,เพลินจิต,3,09:00-17:00,0,0,1
ด่วนเพลินจิต,เพลินจิต,3,17:00-19:00,0,0,1
ตรงข้ามพระตำหนักจิตรลดารโหฐาน,พระรามที่ 5,3,07:00-09:00,0,1,0
ตรงข้ามพระตำหนักจิตรลดารโหฐาน,พระรามที่ 5,3,09:00-16:00,0,1,0
ตรงข้ามพระตำหนักจิตรลดารโหฐาน,พระรามที่ 5,3,16:00-19:00,0,1,0
ตรงข้ามลานจอดรถ 2 ตลาดสะพานใหม่,พหลโยธิน,4,07:00-09:00,0,1,0
ตรงข้ามลานจอดรถ 2 ตลาดสะพานใหม่,พหลโยธิน,4,09:00-16:00,0,1,0
ตรงข้ามลานจอดรถ 2 ตลาดสะพานใหม่,พหลโยธิน,4,16:00-19:00,0,1,0
ตรงข้ามวัดชำนิหัตถการ,ซอยที่ 1,4,07:00-09:00,0,0,1
ตรงข้ามวัดชำนิหัตถการ,ซอยที่ 1,4,09:00-17:00,0,0,1
ตรงข้ามวัดชำนิหัตถการ,ซอยที่ 1,4,17:00-19:00,0,0,1
ตรงข้ามวัดชำนิหัตถการ,ซอยที่ 2,4,07:00-09:00,0,0,1
ตรงข้ามวัดชำนิหัตถการ,ซอยที่ 2,4,09:00-17:00,0,0,1
ตรงข้ามวัดชำนิหัตถการ,ซอยที่ 2,4,17:00-19:00,0,0,1
ตรงข้ามวัดชำนิหัตถการ,พระรามที่ 1,4,07:00-09:00,0,0,1
ตรงข้ามวัดชำนิหัตถการ,พระรามที่ 1,4,09:00-17:00,0,0,1
ตรงข้ามวัดชำนิหัตถการ,พระรามที่ 1,4,17:00-19:00,0,0,1
ตรอกจันทน์,จันทน์,1,07:00-09:00,1,0,1
ตรอกจันทน์,จันทน์,1,09:00-16:00,1,0,0
ตรอกจันทน์,จันทน์,1,09:00-17:00,0,0,1
ตรอกจันทน์,จันทน์,1,16:00-19:00,1,0,0
ตรอกจันทน์,จันทน์,1,17:00-19:00,0,0,1
ตรอกจันทน์,จันทน์,3,07:00-09:00,0,1,0
ตรอกจันทน์,จันทน์,3,09:00-16:00,0,1,0
ตรอกจันทน์,จันทน์,3,16:00-19:00,0,1,0
ตรอกจันทน์,ทางเข้าคอนโด,1,07:00-09:00,0,0,1
ตรอกจันทน์,ทางเข้าคอนโด,1,09:00-17:00,0,0,1
ตรอกจันทน์,ทางเข้าคอนโด,1,17:00-19:00,0,0,1
ตรอกจันทน์,ทางเข้าคอนโดฯ,1,07:00-09:00,1,0,0
ตรอกจันทน์,ทางเข้าคอนโดฯ,1,09:00-16:00,1,0,0
ตรอกจันทน์,ทางเข้าคอนโดฯ,1,16:00-19:00,1,0,0
ตรอกจันทน์,เจริญกรุง,1,07:00-09:00,1,0,1
ตรอกจันทน์,เจริญกรุง,1,09:00-16:00,1,0,0
ตรอกจันทน์,เจริญกรุง,1,09:00-17:00,0,0,1
ตรอกจันทน์,เจริญกรุง,1,16:00-19:00,1,0,0
ตรอกจันทน์,เจริญกรุง,1,17:00-19:00,0,0,1
ตรอกจันทน์,เจริญกรุง,3,07:00-09:00,0,1,0
ตรอกจันทน์,เจริญกรุง,3,09:00-16:00,0,1,0
ตรอกจันทน์,เจริญกรุง,3,16:00-19:00,0,1,0
ตรอกจันทร์,จันทน์,2,07:00-09:00,0,0,1
ตรอกจันทร์,จันทน์,2,09:00-17:00,0,0,1
ตรอกจันทร์,จันทน์,2,17:00-19:00,0,0,1
ตรอกจันทร์,จันทน์,3,07:00-09:00,0,1,0
ตรอกจันทร์,จันทน์,3,09:00-16:00,0,1,0
ตรอกจันทร์,จันทน์,3,16:00-19:00,0,1,0
ตรอกจันทร์,ทางเข้าคอนโดฯ,2,07:00-09:00,0,0,1
ตรอกจันทร์,ทางเข้าคอนโดฯ,2,09:00-17:00,0,0,1
ตรอกจันทร์,ทางเข้าคอนโดฯ,2,17:00-19:00,0,0,1
ตรอกจันทร์,ทางเข้าคอนโดฯ,3,07:00-09:00,0,1,0
ตรอกจันทร์,ทางเข้าคอนโดฯ,3,09:00-16:00,0,1,0
ตรอกจันทร์,ทางเข้าคอนโดฯ,3,16:00-19:00,0,1,0
ตรอกจันทร์,เจริญกรุง,2,07:00-09:00,0,0,1
ตรอกจันทร์,เจริญกรุง,2,09:00-17:00,0,0,1
ตรอกจันทร์,เจริญกรุง,2,17:00-19:00,0,0,1
ตรอกจันทร์,เจริญกรุง,3,07:00-09:00,0,1,0
ตรอกจันทร์,เจริญกรุง,3,09:00-16:00,0,1,0
ตรอกจันทร์,เจริญกรุง,3,16:00-19:00,0,1,0
ตลาด อตก.,กำแพงเพชร,1,07:00-09:00,1,0,0
ตลาด อตก.,กำแพงเพชร,1,09:00-16:00,1,0,0
ตลาด อตก.,กำแพงเพชร,1,16:00-19:00,1,0,0
ตลาด อตก.,กำแพงเพชร 2,1,07:00-09:00,1,0,0
ตลาด อตก.,กำแพงเพชร 2,1,09:00-16:00,1,0,0
ตลาด อตก.,กำแพงเพชร 2,1,16:00-19:00,1,0,0
ตลาดคู้,คู้ตลองสิบ,1,07:00-09:00,0,1,0
ตลาดคู้,คู้ตลองสิบ,1,09:00-16:00,0,1,0
ตลาดคู้,คู้ตลองสิบ,1,16:00-19:00,0,1,0
ตลาดคู้,มิตรไมตรี,1,07:00-09:00,0,1,0
ตลาดคู้,มิตรไมตรี,1,09:00-16:00,0,1,0
ตลาดคู้,มิตรไมตรี,1,16:00-19:00,0,1,0
ตลาดคู้,เลียบวารี,1,07:00-09:00,0,1,0
ตลาดคู้,เลียบวารี,1,09:00-16:00,0,1,0
ตลาดคู้,เลียบวารี,1,16:00-19:00,0,1,0
ตลาดพลู,รัชดาภิเษก,4,07:00-09:00,2,1,0
ตลาดพลู,รัชดาภิเษก,4,09:00-16:00,2,1,0
ตลาดพลู,รัชดาภิเษก,4,16:00-19:00,2,1,0
ตลาดพลู,เทอดไท,4,07:00-09:00,2,1,0
ตลาดพลู,เทอดไท,4,09:00-16:00,2,1,0
ตลาดพลู,เทอดไท,4,16:00-19:00,2,1,0
ตลาดวงศกร,ทางเข้าออกตลาดวงศกร,3,07:00-09:00,0,0,1
ตลาดวงศกร,ทางเข้าออกตลาดวงศกร,3,09:00-17:00,0,0,1
ตลาดวงศกร,ทางเข้าออกตลาดวงศกร,3,17:00-19:00,0,0,1
ตลาดวงศกร,ทางเข้าออกตลาดวงศกร,4,07:00-09:00,0,0,1
ตลาดวงศกร,ทางเข้าออกตลาดวงศกร,4,09:00-17:00,0,0,1
ตลาดวงศกร,ทางเข้าออกตลาดวงศกร,4,17:00-19:00,0,0,1
ตลาดวงศกร,สายไหม,3,07:00-09:00,0,0,1
ตลาดวงศกร,สายไหม,3,09:00-17:00,0,0,1
ตลาดวงศกร,สายไหม,3,17:00-19:00,0,0,1
ตลาดวงศกร,สายไหม,4,07:00-09:00,0,0,1
ตลาดวงศกร,สายไหม,4,09:00-17:00,0,0,1
ตลาดวงศกร,สายไหม,4,17:00-19:00,0,0,1
ตลาดวงศกร,เฉลิมพงษ์,3,07:00-09:00,0,0,1
ตลาดวงศกร,เฉลิมพงษ์,3,09:00-17:00,0,0,1
ตลาดวงศกร,เฉลิมพงษ์,3,17:00-19:00,0,0,1
ตลาดวงศกร,เฉลิมพงษ์,4,07:00-09:00,0,0,1
ตลาดวงศกร,เฉลิมพงษ์,4,09:00-17:00,0,0,1
ตลาดวงศกร,เฉลิมพงษ์,4,17:00-19:00,0,0,1
ตลาดเกรียงไกร,เคหะร่มเกล้า (EB),1,07:00-09:00,0,0,1
ตลาดเกรียงไกร,เคหะร่มเกล้า (EB),1,09:00-17:00,0,0,1
ตลาดเกรียงไกร,เคหะร่มเกล้า (EB),1,17:00-19:00,0,0,1
ตลาดเกรียงไกร,เคหะร่มเกล้า (SB),1,07:00-09:00,0,0,1
ตลาดเกรียงไกร,เคหะร่มเกล้า (SB),1,09:00-17:00,0,0,1
ตลาดเกรียงไกร,เคหะร่มเกล้า (SB),1,17:00-19:00,0,0,1
ตลาดเกรียงไกร,เคหะร่มเกล้า 31,1,07:00-09:00,0,0,1
ตลาดเกรียงไกร,เคหะร่มเกล้า 31,1,09:00-17:00,0,0,1
ตลาดเกรียงไกร,เคหะร่มเกล้า 31,1,17:00-19:00,0,0,1
ตลาดเกรียงไกร,เคหะร่มเกล้า 33,1,07:00-09:00,0,0,1
ตลาดเกรียงไกร,เคหะร่มเกล้า 33,1,09:00-17:00,0,0,1
ตลาดเกรียงไกร,เคหะร่มเกล้า 33,1,17:00-19:00,0,0,1
ตากสิน,กรุงธนบุรี,2,07:00-09:00,1,0,1
ตากสิน,กรุงธนบุรี,2,09:00-16:00,1,0,0
ตากสิน,กรุงธนบุรี,2,09:00-17:00,0,0,1
ตากสิน,กรุงธนบุรี,2,16:00-19:00,1,0,0
ตากสิน,กรุงธนบุรี,2,17:00-19:00,0,0,1
ตากสิน,กรุงธนบุรี,3,07:00-09:00,1,0,0
ตากสิน,กรุงธนบุรี,3,09:00-16:00,1,0,0
ตากสิน,กรุงธนบุรี,3,16:00-19:00,1,0,0
ตากสิน,กรุงธนบุรี,4,07:00-09:00,0,1,0
ตากสิน,กรุงธนบุรี,4,09:00-16:00,0,1,0
ตากสิน,กรุงธนบุรี,4,16:00-19:00,0,1,0
ตากสิน,ราชพฤกษ์,2,07:00-09:00,1,0,1
ตากสิน,ราชพฤกษ์,2,09:00-16:00,1,0,0
ตากสิน,ราชพฤกษ์,2,09:00-17:00,0,0,1
ตากสิน,ราชพฤกษ์,2,16:00-19:00,1,0,0
ตากสิน,ราชพฤกษ์,2,17:00-19:00,0,0,1
ตากสิน,ราชพฤกษ์,3,07:00-09:00,1,0,0
ตากสิน,ราชพฤกษ์,3,09:00-16:00,1,0,0
ตากสิน,ราชพฤกษ์,3,16:00-19:00,1,0,0
ตากสิน,ราชพฤกษ์,4,07:00-09:00,0,1,0
ตากสิน,ราชพฤกษ์,4,09:00-16:00,0,1,0
ตากสิน,ราชพฤกษ์,4,16:00-19:00,0,1,0
ตากสิน,สมเด็จพระเจ้าตากสิน,2,07:00-09:00,1,0,1
ตากสิน,สมเด็จพระเจ้าตากสิน,2,09:00-16:00,1,0,0
ตากสิน,สมเด็จพระเจ้าตากสิน,2,09:00-17:00,0,0,1
ตากสิน,สมเด็จพระเจ้าตากสิน,2,16:00-19:00,1,0,0
ตากสิน,สมเด็จพระเจ้าตากสิน,2,17:00-19:00,0,0,1
ตากสิน,สมเด็จพระเจ้าตากสิน,3,07:00-09:00,1,0,0
ตากสิน,สมเด็จพระเจ้าตากสิน,3,09:00-16:00,1,0,0
ตากสิน,สมเด็จพระเจ้าตากสิน,3,16:00-19:00,1,0,0
ตากสิน,สมเด็จพระเจ้าตากสิน,4,07:00-09:00,0,1,0
ตากสิน,สมเด็จพระเจ้าตากสิน,4,09:00-16:00,0,1,0
ตากสิน,สมเด็จพระเจ้าตากสิน,4,16:00-19:00,0,1,0
ตากสิน 37,สมเดจ็พระเจ้าตากสิน,4,07:00-09:00,0,1,0
ตากสิน 37,สมเดจ็พระเจ้าตากสิน,4,09:00-16:00,0,1,0
ตากสิน 37,สมเดจ็พระเจ้าตากสิน,4,16:00-19:00,0,1,0
ตากสิน 37,สมเด็จพระเจ้าตากสิน,1,07:00-09:00,0,0,1
ตากสิน 37,สมเด็จพระเจ้าตากสิน,1,09:00-16:00,0,0,1
ตากสิน 37,สมเด็จพระเจ้าตากสิน,1,16:00-19:00,0,0,1
ตากสิน 42,สมเด็จพระเจ้าตากสิน,1,07:00-09:00,0,0,1
ตากสิน 42,สมเด็จพระเจ้าตากสิน,1,09:00-16:00,0,0,1
ตากสิน 42,สมเด็จพระเจ้าตากสิน,1,16:00-19:00,0,0,1
ตีทอง - ราชบพิธ,ตีทอง,3,07:00-09:00,0,1,0
ตีทอง - ราชบพิธ,ตีทอง,3,09:00-16:00,0,1,0
ตีทอง - ราชบพิธ,ตีทอง,3,16:00-19:00,0,1,0
ตีทอง - ราชบพิธ,ราชบพิธ,3,07:00-09:00,0,1,0
ตีทอง - ราชบพิธ,ราชบพิธ,3,09:00-16:00,0,1,0
ตีทอง - ราชบพิธ,ราชบพิธ,3,16:00-19:00,0,1,0
ตีทอง - ลงท่า - หน้าวัง,ตีทอง,3,07:00-09:00,0,1,0
ตีทอง - ลงท่า - หน้าวัง,ตีทอง,3,09:00-16:00,0,1,0
ตีทอง - ลงท่า - หน้าวัง,ตีทอง,3,16:00-19:00,0,1,0
ตีทอง - ลงท่า - หน้าวัง,หน้าวัง,3,07:00-09:00,0,1,0
ตีทอง - ลงท่า - หน้าวัง,หน้าวัง,3,09:00-16:00,0,1,0
ตีทอง - ลงท่า - หน้าวัง,หน้าวัง,3,16:00-19:00,0,1,0
ตีทอง - สระสรง,ซอยสระสรง,3,07:00-09:00,0,1,0
ตีทอง - สระสรง,ซอยสระสรง,3,09:00-16:00,0,1,0
ตีทอง - สระสรง,ซอยสระสรง,3,16:00-19:00,0,1,0
ตีทอง - สระสรง,ตีทอง,3,07:00-09:00,0,1,0
ตีทอง - สระสรง,ตีทอง,3,09:00-16:00,0,1,0
ตีทอง - สระสรง,ตีทอง,3,16:00-19:00,0,1,0
ตึกชัย,ประดิพัทธ์,3,07:00-09:00,1,0,0
ตึกชัย,ประดิพัทธ์,3,09:00-16:00,1,0,0
ตึกชัย,ประดิพัทธ์,3,16:00-19:00,1,0,0
ตึกชัย,พระรามที่ 6,2,07:00-09:00,0,0,1
ตึกชัย,พระรามที่ 6,2,09:00-17:00,0,0,1
ตึกชัย,พระรามที่ 6,2,17:00-19:00,0,0,1
ตึกชัย,พระรามที่ 6,4,07:00-09:00,0,1,1
ตึกชัย,พระรามที่ 6,4,09:00-16:00,0,1,0
ตึกชัย,พระรามที่ 6,4,09:00-17:00,0,0,1
ตึกชัย,พระรามที่ 6,4,16:00-19:00,0,1,0
ตึกชัย,พระรามที่ 6,4,17:00-19:00,0,0,1
ตึกชัย,พระรามที่6,2,06:30-09:00,0,1,0
ตึกชัย,พระรามที่6,2,09:00-16:00,0,1,0
ตึกชัย,พระรามที่6,2,16:00-19:30,0,1,0
ตึกชัย,พระรามที่6,3,07:00-09:00,0,1,0
ตึกชัย,พระรามที่6,3,09:00-16:00,0,1,0
ตึกชัย,พระรามที่6,3,16:00-19:00,0,1,0
ตึกชัย,พหลโยธิน,3,07:00-09:00,1,0,0
ตึกชัย,พหลโยธิน,3,09:00-16:00,1,0,0
ตึกชัย,พหลโยธิน,3,16:00-19:00,1,0,0
ตึกชัย,ราชวิถี,2,07:00-09:00,0,1,1
ตึกชัย,ราชวิถี,2,09:00-16:00,0,1,0
ตึกชัย,ราชวิถี,2,09:00-17:00,0,0,1
ตึกชัย,ราชวิถี,2,16:00-19:00,0,1,0
ตึกชัย,ราชวิถี,2,17:00-19:00,0,0,1
ตึกชัย,ราชวิถี,3,07:00-09:00,0,1,0
ตึกชัย,ราชวิถี,3,09:00-16:00,0,1,0
ตึกชัย,ราชวิถี,3,16:00-19:00,0,1,0
ตึกชัย,ราชวิถี,4,07:00-09:00,0,1,1
ตึกชัย,ราชวิถี,4,09:00-16:00,0,1,0
ตึกชัย,ราชวิถี,4,09:00-17:00,0,0,1
ตึกชัย,ราชวิถี,4,16:00-19:00,0,1,0
ตึกชัย,ราชวิถี,4,17:00-19:00,0,0,1
ตึกชัย,สุทธิสาร,3,07:00-09:00,1,0,0
ตึกชัย,สุทธิสาร,3,09:00-16:00,1,0,0
ตึกชัย,สุทธิสาร,3,16:00-19:00,1,0,0
ต่างระดับหลวงแพ่งตะวันตก,ทางขึ้นมอเตอร์เวย์,2,07:00-09:00,0,0,1
ต่างระดับหลวงแพ่งตะวันตก,ทางขึ้นมอเตอร์เวย์,2,09:00-17:00,0,0,1
ต่างระดับหลวงแพ่งตะวันตก,ทางขึ้นมอเตอร์เวย์,2,17:00-19:00,0,0,1
ต่างระดับหลวงแพ่งตะวันตก,หลวงแพ่ง,2,07:00-09:00,0,0,1
ต่างระดับหลวงแพ่งตะวันตก,หลวงแพ่ง,2,09:00-17:00,0,0,1
ต่างระดับหลวงแพ่งตะวันตก,หลวงแพ่ง,2,17:00-19:00,0,0,1
ถนนดินสอ ระหว่าง อ.ประชาธิปไตย - ถนนมหรรณ,ดินสอ,1,07:00-09:00,0,0,1
ถนนดินสอ ระหว่าง อ.ประชาธิปไตย - ถนนมหรรณ,ดินสอ,1,09:00-17:00,0,0,1
ถนนดินสอ ระหว่าง อ.ประชาธิปไตย - ถนนมหรรณ,ดินสอ,1,17:00-19:00,0,0,1
ถนนดินสอ ระหว่างถนนมหรรณพ - เสาชิงช้า,ดินสอ,1,07:00-09:00,0,0,1
ถนนดินสอ ระหว่างถนนมหรรณพ - เสาชิงช้า,ดินสอ,1,09:00-17:00,0,0,1
ถนนดินสอ ระหว่างถนนมหรรณพ - เสาชิงช้า,ดินสอ,1,17:00-19:00,0,0,1
ถนนตก,ถนนตก,3,07:00-09:00,0,1,0
ถนนตก,ถนนตก,3,09:00-16:00,0,1,0
ถนนตก,ถนนตก,3,16:00-19:00,0,1,0
ถนนตก,พระรามที่ 3,1,07:00-09:00,0,0,1
ถนนตก,พระรามที่ 3,1,09:00-17:00,0,0,1
ถนนตก,พระรามที่ 3,1,17:00-19:00,0,0,1
ถนนตก,พระรามที่ 3,2,07:00-09:00,1,1,0
ถนนตก,พระรามที่ 3,2,09:00-16:00,1,1,0
ถนนตก,พระรามที่ 3,2,16:00-19:00,1,1,0
ถนนตก,พระรามที่ 3,3,07:00-09:00,1,1,0
ถนนตก,พระรามที่ 3,3,09:00-16:00,1,1,0
ถนนตก,พระรามที่ 3,3,16:00-19:00,1,1,0
ถนนตก,พระรามที่ 3,4,07:00-09:00,0,0,1
ถนนตก,พระรามที่ 3,4,09:00-17:00,0,0,1
ถนนตก,พระรามที่ 3,4,17:00-19:00,0,0,1
ถนนตก,เจริญกรุง,1,07:00-09:00,0,0,1
ถนนตก,เจริญกรุง,1,09:00-17:00,0,0,1
ถนนตก,เจริญกรุง,1,17:00-19:00,0,0,1
ถนนตก,เจริญกรุง,2,07:00-09:00,1,1,0
ถนนตก,เจริญกรุง,2,09:00-16:00,1,1,0
ถนนตก,เจริญกรุง,2,16:00-19:00,1,1,0
ถนนตก,เจริญกรุง,3,07:00-09:00,1,1,0
ถนนตก,เจริญกรุง,3,09:00-16:00,1,1,0
ถนนตก,เจริญกรุง,3,16:00-19:00,1,1,0
ถนนตก,เจริญกรุง,4,07:00-09:00,0,0,1
ถนนตก,เจริญกรุง,4,09:00-17:00,0,0,1
ถนนตก,เจริญกรุง,4,17:00-19:00,0,0,1
ถนนตะนาว ระหว่างมหรรณพ-สี่กั๊กเสาชิงช้า,ตะนาว,1,07:00-09:00,0,0,1
ถนนตะนาว ระหว่างมหรรณพ-สี่กั๊กเสาชิงช้า,ตะนาว,1,09:00-17:00,0,0,1
ถนนตะนาว ระหว่างมหรรณพ-สี่กั๊กเสาชิงช้า,ตะนาว,1,17:00-19:00,0,0,1
ถนนทวีวัฒนา - ซอยศาลาธรรมสพน์,ซอยศาลาธรรมสพน์,3,07:00-09:00,1,0,0
ถนนทวีวัฒนา - ซอยศาลาธรรมสพน์,ซอยศาลาธรรมสพน์,3,09:00-16:00,1,0,0
ถนนทวีวัฒนา - ซอยศาลาธรรมสพน์,ซอยศาลาธรรมสพน์,3,16:00-19:00,1,0,0
ถนนทวีวัฒนา - ซอยศาลาธรรมสพน์,ทวีวัฒนา,3,07:00-09:00,1,0,0
ถนนทวีวัฒนา - ซอยศาลาธรรมสพน์,ทวีวัฒนา,3,09:00-16:00,1,0,0
ถนนทวีวัฒนา - ซอยศาลาธรรมสพน์,ทวีวัฒนา,3,16:00-19:00,1,0,0
ถนนนเรศตัดถนนสุรวงศ์,นเรศ,2,07:00-09:00,1,0,0
ถนนนเรศตัดถนนสุรวงศ์,นเรศ,2,09:00-16:00,1,0,0
ถนนนเรศตัดถนนสุรวงศ์,นเรศ,2,16:00-19:00,1,0,0
ถนนนเรศตัดถนนสุรวงศ์,สุรวงศ์,2,07:00-09:00,1,0,0
ถนนนเรศตัดถนนสุรวงศ์,สุรวงศ์,2,09:00-16:00,1,0,0
ถนนนเรศตัดถนนสุรวงศ์,สุรวงศ์,2,16:00-19:00,1,0,0
ถนนพุทธสาย 2- ซอยศาลาธรรมสพน์,ซอยศาลาธรรมสพน์,3,07:00-09:00,1,0,0
ถนนพุทธสาย 2- ซอยศาลาธรรมสพน์,ซอยศาลาธรรมสพน์,3,09:00-16:00,1,0,0
ถนนพุทธสาย 2- ซอยศาลาธรรมสพน์,ซอยศาลาธรรมสพน์,3,16:00-19:00,1,0,0
ถนนพุทธสาย 2- ซอยศาลาธรรมสพน์,พุทธมณฑลสาย 2,3,07:00-09:00,1,0,0
ถนนพุทธสาย 2- ซอยศาลาธรรมสพน์,พุทธมณฑลสาย 2,3,09:00-16:00,1,0,0
ถนนพุทธสาย 2- ซอยศาลาธรรมสพน์,พุทธมณฑลสาย 2,3,16:00-19:00,1,0,0
ถนนพุทธสาย 3 - ซอยศาลาธรรมสพน์,ซอยศาลาธรรมสพน์,3,07:00-09:00,1,0,0
ถนนพุทธสาย 3 - ซอยศาลาธรรมสพน์,ซอยศาลาธรรมสพน์,3,09:00-16:00,1,0,0
ถนนพุทธสาย 3 - ซอยศาลาธรรมสพน์,ซอยศาลาธรรมสพน์,3,16:00-19:00,1,0,0
ถนนพุทธสาย 3 - ซอยศาลาธรรมสพน์,พุทธมณฑลสาย 3,3,07:00-09:00,1,0,0
ถนนพุทธสาย 3 - ซอยศาลาธรรมสพน์,พุทธมณฑลสาย 3,3,09:00-16:00,1,0,0
ถนนพุทธสาย 3 - ซอยศาลาธรรมสพน์,พุทธมณฑลสาย 3,3,16:00-19:00,1,0,0
ถนนมหรรณพ ระหว่างมหรรณพ-สี่กั๊กเสาชิงช้า,มหรรณพ,1,07:00-09:00,0,0,1
ถนนมหรรณพ ระหว่างมหรรณพ-สี่กั๊กเสาชิงช้า,มหรรณพ,1,09:00-17:00,0,0,1
ถนนมหรรณพ ระหว่างมหรรณพ-สี่กั๊กเสาชิงช้า,มหรรณพ,1,17:00-19:00,0,0,1
ถนนราชบพิธ ระหว่างถนนตีทอง - ถนนเฟื่องนคร,ราชบพิธ,1,07:00-09:00,0,0,1
ถนนราชบพิธ ระหว่างถนนตีทอง - ถนนเฟื่องนคร,ราชบพิธ,1,09:00-17:00,0,0,1
ถนนราชบพิธ ระหว่างถนนตีทอง - ถนนเฟื่องนคร,ราชบพิธ,1,17:00-19:00,0,0,1
ถนนสำราญราษฎร์ ระหว่างถนนมหาไชย - ถนนศิริพงษ์,สำราญราษฎร์,1,07:00-09:00,0,0,1
ถนนสำราญราษฎร์ ระหว่างถนนมหาไชย - ถนนศิริพงษ์,สำราญราษฎร์,1,09:00-17:00,0,0,1
ถนนสำราญราษฎร์ ระหว่างถนนมหาไชย - ถนนศิริพงษ์,สำราญราษฎร์,1,17:00-19:00,0,0,1
ถนนเทพรักษ์ - สุขาภิบาล 5,เทพรักษ์,1,07:00-09:00,1,0,0
ถนนเทพรักษ์ - สุขาภิบาล 5,เทพรักษ์,1,09:00-16:00,1,0,0
ถนนเทพรักษ์ - สุขาภิบาล 5,เทพรักษ์,1,16:00-19:00,1,0,0
ถาวรธวัช,ถาวรธวัช,2,07:00-09:00,0,1,0
ถาวรธวัช,ถาวรธวัช,2,09:00-16:00,0,1,0
ถาวรธวัช,ถาวรธวัช,2,16:00-19:00,0,1,0
ถาวรธวัช,พัฒนาการ,2,07:00-09:00,0,1,0
ถาวรธวัช,พัฒนาการ,2,09:00-16:00,0,1,0
ถาวรธวัช,พัฒนาการ,2,16:00-19:00,0,1,0
ททัยมิตร -นิมิตรใหม่,ซอยวัดสุขใจ,1,07:00-09:00,1,0,0
ททัยมิตร -นิมิตรใหม่,ซอยวัดสุขใจ,1,09:00-16:00,1,0,0
ททัยมิตร -นิมิตรใหม่,ซอยวัดสุขใจ,1,16:00-19:00,1,0,0
ททัยมิตร -นิมิตรใหม่,นิมิตรใหม่,1,07:00-09:00,1,0,0
ททัยมิตร -นิมิตรใหม่,นิมิตรใหม่,1,09:00-16:00,1,0,0
ททัยมิตร -นิมิตรใหม่,นิมิตรใหม่,1,16:00-19:00,1,0,0
ททัยมิตร -นิมิตรใหม่,หทัยมิตร,1,07:00-09:00,1,0,0
ททัยมิตร -นิมิตรใหม่,หทัยมิตร,1,09:00-16:00,1,0,0
ททัยมิตร -นิมิตรใหม่,หทัยมิตร,1,16:00-19:00,1,0,0
ทน้ากรมแผนทีทหาร,กัลยาณไมตรี,1,07:00-09:00,1,0,0
ทน้ากรมแผนทีทหาร,กัลยาณไมตรี,1,09:00-16:00,1,0,0
ทน้ากรมแผนทีทหาร,กัลยาณไมตรี,1,16:00-19:00,1,0,0
ทวีวัฒนา - ทวีวัฒนา 9,ทวีวัฒนา,2,07:00-09:00,0,0,1
ทวีวัฒนา - ทวีวัฒนา 9,ทวีวัฒนา,2,09:00-16:00,0,0,1
ทวีวัฒนา - ทวีวัฒนา 9,ทวีวัฒนา,2,16:00-19:00,0,0,1
ทวีวัฒนา - ทวีวัฒนา 9,ทวีวัฒนา 9,2,07:00-09:00,0,0,1
ทวีวัฒนา - ทวีวัฒนา 9,ทวีวัฒนา 9,2,09:00-16:00,0,0,1
ทวีวัฒนา - ทวีวัฒนา 9,ทวีวัฒนา 9,2,16:00-19:00,0,0,1
ทวีวัฒนา - อักษะ,ทวีวัฒนา,3,07:00-09:00,0,1,0
ทวีวัฒนา - อักษะ,ทวีวัฒนา,3,09:00-16:00,0,1,0
ทวีวัฒนา - อักษะ,ทวีวัฒนา,3,16:00-19:00,0,1,0
ทวีวัฒนา - อักษะ,อักษะ,3,07:00-09:00,0,1,0
ทวีวัฒนา - อักษะ,อักษะ,3,09:00-16:00,0,1,0
ทวีวัฒนา - อักษะ,อักษะ,3,16:00-19:00,0,1,0
ทหาร - ซ.อาคารสงเคราะห์กองทัพบก,ซ.อาคารสงเคราะห์กองทัพบก,4,07:00-09:00,0,1,0
ทหาร - ซ.อาคารสงเคราะห์กองทัพบก,ซ.อาคารสงเคราะห์กองทัพบก,4,09:00-16:00,0,1,0
ทหาร - ซ.อาคารสงเคราะห์กองทัพบก,ซ.อาคารสงเคราะห์กองทัพบก,4,16:00-19:00,0,1,0
ทหาร - ซ.อาคารสงเคราะห์กองทัพบก,ทหาร,4,07:00-09:00,0,1,0
ทหาร - ซ.อาคารสงเคราะห์กองทัพบก,ทหาร,4,09:00-16:00,0,1,0
ทหาร - ซ.อาคารสงเคราะห์กองทัพบก,ทหาร,4,16:00-19:00,0,1,0
ทองหล่อ,ซอยสุขุมวิท 55,4,07:00-09:00,1,0,0
ทองหล่อ,ซอยสุขุมวิท 55,4,09:00-16:00,1,0,0
ทองหล่อ,ซอยสุขุมวิท 55,4,16:00-19:00,1,0,0
ทองหล่อ,ซอยสุขุมวิท 55 (ทองหล่อ),4,07:00-09:00,1,0,0
ทองหล่อ,ซอยสุขุมวิท 55 (ทองหล่อ),4,09:00-16:00,1,0,0
ทองหล่อ,ซอยสุขุมวิท 55 (ทองหล่อ),4,16:00-19:00,1,0,0
ทองหล่อ,สุขุมวิท,2,07:00-09:00,0,0,1
ทองหล่อ,สุขุมวิท,2,09:00-17:00,0,0,1
ทองหล่อ,สุขุมวิท,2,17:00-19:00,0,0,1
ทองหล่อ,สุขุมวิท,3,07:00-09:00,0,0,2
ทองหล่อ,สุขุมวิท,3,09:00-16:00,0,0,1
ทองหล่อ,สุขุมวิท,3,09:00-17:00,0,0,1
ทองหล่อ,สุขุมวิท,3,16:00-19:00,0,0,1
ทองหล่อ,สุขุมวิท,3,17:00-19:00,0,0,1
ทองหล่อ,สุขุมวิท,4,07:00-09:00,2,1,1
ทองหล่อ,สุขุมวิท,4,09:00-16:00,2,1,0
ทองหล่อ,สุขุมวิท,4,09:00-17:00,0,0,1
ทองหล่อ,สุขุมวิท,4,16:00-19:00,2,1,0
ทองหล่อ,สุขุมวิท,4,17:00-19:00,0,0,1
ทองหล่อ,สุขุมวิท 55,2,07:00-09:00,0,0,1
ทองหล่อ,สุขุมวิท 55,2,09:00-17:00,0,0,1
ทองหล่อ,สุขุมวิท 55,2,17:00-19:00,0,0,1
ทองหล่อ,สุขุมวิท 55,3,07:00-09:00,0,0,2
ทองหล่อ,สุขุมวิท 55,3,09:00-16:00,0,0,1
ทองหล่อ,สุขุมวิท 55,3,09:00-17:00,0,0,1
ทองหล่อ,สุขุมวิท 55,3,16:00-19:00,0,0,1
ทองหล่อ,สุขุมวิท 55,3,17:00-19:00,0,0,1
ทองหล่อ,สุขุมวิท 55,4,07:00-09:00,0,0,1
ทองหล่อ,สุขุมวิท 55,4,09:00-17:00,0,0,1
ทองหล่อ,สุขุมวิท 55,4,17:00-19:00,0,0,1
ทองหล่อ,สุขุมวิท 55 (ทองหล่อ),4,07:00-09:00,0,1,0
ทองหล่อ,สุขุมวิท 55 (ทองหล่อ),4,09:00-16:00,0,1,0
ทองหล่อ,สุขุมวิท 55 (ทองหล่อ),4,16:00-19:00,0,1,0
ทองหล่อ 10,ซอยทองหล่อ 10,1,07:00-09:00,1,0,0
ทองหล่อ 10,ซอยทองหล่อ 10,1,09:00-16:00,1,0,0
ทองหล่อ 10,ซอยทองหล่อ 10,1,16:00-19:00,1,0,0
ทองหล่อ 10,ซอยทองหล่อ 11,1,07:00-09:00,1,0,0
ทองหล่อ 10,ซอยทองหล่อ 11,1,09:00-16:00,1,0,0
ทองหล่อ 10,ซอยทองหล่อ 11,1,16:00-19:00,1,0,0
ทองหล่อ 10,ทองหล่อ,1,07:00-09:00,1,0,0
ทองหล่อ 10,ทองหล่อ,1,09:00-16:00,1,0,0
ทองหล่อ 10,ทองหล่อ,1,16:00-19:00,1,0,0
ทองหล่อ 10,ทองหล่อ,4,07:00-09:00,0,0,1
ทองหล่อ 10,ทองหล่อ,4,09:00-17:00,0,0,1
ทองหล่อ 10,ทองหล่อ,4,17:00-19:00,0,0,1
ทองหล่อ 10,ทองหล่อ 10,4,07:00-09:00,0,0,1
ทองหล่อ 10,ทองหล่อ 10,4,09:00-17:00,0,0,1
ทองหล่อ 10,ทองหล่อ 10,4,17:00-19:00,0,0,1
ทองหล่อ 10,ทองหล่อ 11,4,07:00-09:00,0,0,1
ทองหล่อ 10,ทองหล่อ 11,4,09:00-17:00,0,0,1
ทองหล่อ 10,ทองหล่อ 11,4,17:00-19:00,0,0,1
ทางขึ้นทางด่วนจตุรโชติ,เลียบด่วนอาจณรงค์ รามอินทรา,2,07:00-09:00,1,0,0
ทางขึ้นทางด่วนจตุรโชติ,เลียบด่วนอาจณรงค์ รามอินทรา,2,09:00-16:00,1,0,0
ทางขึ้นทางด่วนจตุรโชติ,เลียบด่วนอาจณรงค์ รามอินทรา,2,16:00-19:00,1,0,0
ทางขึ้นทางด่วนจตุรโชติ,เลียบทางด่วน,2,07:00-09:00,1,0,0
ทางขึ้นทางด่วนจตุรโชติ,เลียบทางด่วน,2,09:00-16:00,1,0,0
ทางขึ้นทางด่วนจตุรโชติ,เลียบทางด่วน,2,16:00-19:00,1,0,0
ทางข้าม ถ.พุทธมณฑลสาย 1,พุทธมณฑลสาย 1,1,07:00-09:00,1,0,0
ทางข้าม ถ.พุทธมณฑลสาย 1,พุทธมณฑลสาย 1,1,09:00-16:00,1,0,0
ทางข้าม ถ.พุทธมณฑลสาย 1,พุทธมณฑลสาย 1,1,16:00-19:00,1,0,0
ทางข้าม ธ.กสิกรไทย,พหลโยธิน,3,07:00-09:00,0,0,1
ทางข้าม ธ.กสิกรไทย,พหลโยธิน,3,09:00-16:00,0,0,1
ทางข้าม ธ.กสิกรไทย,พหลโยธิน,3,16:00-19:00,0,0,1
ทางข้าม รร.ผ่องพลอยอนุสรณ์,ลาซาล 55,3,07:00-09:00,0,0,1
ทางข้าม รร.ผ่องพลอยอนุสรณ์,ลาซาล 55,3,09:00-17:00,0,0,1
ทางข้าม รร.ผ่องพลอยอนุสรณ์,ลาซาล 55,3,17:00-19:00,0,0,1
ทางข้ามข้างวัดสุทัศน์,ตีทอง,1,07:00-09:00,0,0,1
ทางข้ามข้างวัดสุทัศน์,ตีทอง,1,09:00-17:00,0,0,1
ทางข้ามข้างวัดสุทัศน์,ตีทอง,1,17:00-19:00,0,0,1
ทางข้ามดวงพิทักษ์,ดวงพิทักษ์,1,07:00-09:00,0,0,1
ทางข้ามดวงพิทักษ์,ดวงพิทักษ์,1,09:00-17:00,0,0,1
ทางข้ามดวงพิทักษ์,ดวงพิทักษ์,1,17:00-19:00,0,0,1
ทางข้ามดวงพิทักษ์,สุขุมวิท,1,07:00-09:00,0,0,1
ทางข้ามดวงพิทักษ์,สุขุมวิท,1,09:00-17:00,0,0,1
ทางข้ามดวงพิทักษ์,สุขุมวิท,1,17:00-19:00,0,0,1
ทางข้ามถนนหลานหลวง (ใกล้ถนนเพนียง),หลานหลวง,3,07:00-09:00,1,0,0
ทางข้ามถนนหลานหลวง (ใกล้ถนนเพนียง),หลานหลวง,3,09:00-16:00,1,0,0
ทางข้ามถนนหลานหลวง (ใกล้ถนนเพนียง),หลานหลวง,3,16:00-19:00,1,0,0
ทางข้ามถนนเลียบคลองผดุงกรุงเกษม,เลียบคลองผดุงกรุงเกษม,2,07:00-09:00,1,0,0
ทางข้ามถนนเลียบคลองผดุงกรุงเกษม,เลียบคลองผดุงกรุงเกษม,2,09:00-16:00,1,0,0
ทางข้ามถนนเลียบคลองผดุงกรุงเกษม,เลียบคลองผดุงกรุงเกษม,2,16:00-19:00,1,0,0
ทางข้ามถนนเลียบคลองผดุงกรุงเกษม,เลียบคลองผดุงกรุงเกษม,3,07:00-09:00,1,0,0
ทางข้ามถนนเลียบคลองผดุงกรุงเกษม,เลียบคลองผดุงกรุงเกษม,3,09:00-16:00,1,0,0
ทางข้ามถนนเลียบคลองผดุงกรุงเกษม,เลียบคลองผดุงกรุงเกษม,3,16:00-19:00,1,0,0
ทางข้ามทางข้ามหน้าโรงเรียนวัดราชบพิตร,สนามไชย,3,07:00-09:00,1,0,0
ทางข้ามทางข้ามหน้าโรงเรียนวัดราชบพิตร,สนามไชย,3,09:00-16:00,1,0,0
ทางข้ามทางข้ามหน้าโรงเรียนวัดราชบพิตร,สนามไชย,3,16:00-19:00,1,0,0
ทางข้ามทางเข้าวัดมะกอก,พุทธมณฑลสาย 1,2,07:00-09:00,0,1,0
ทางข้ามทางเข้าวัดมะกอก,พุทธมณฑลสาย 1,2,09:00-16:00,0,1,0
ทางข้ามทางเข้าวัดมะกอก,พุทธมณฑลสาย 1,2,16:00-19:00,0,1,0
ทางข้ามทางเข้าโรงเรียนบ้านนายเหรียญ,ทางเข้าโรงเรียนบ้านนายเหรียญ,3,07:00-09:00,1,0,0
ทางข้ามทางเข้าโรงเรียนบ้านนายเหรียญ,ทางเข้าโรงเรียนบ้านนายเหรียญ,3,09:00-16:00,1,0,0
ทางข้ามทางเข้าโรงเรียนบ้านนายเหรียญ,ทางเข้าโรงเรียนบ้านนายเหรียญ,3,16:00-19:00,1,0,0
ทางข้ามทางเข้าโรงเรียนบ้านนายเหรียญ,บางบอน 4 ซอย 14,3,07:00-09:00,1,0,0
ทางข้ามทางเข้าโรงเรียนบ้านนายเหรียญ,บางบอน 4 ซอย 14,3,09:00-16:00,1,0,0
ทางข้ามทางเข้าโรงเรียนบ้านนายเหรียญ,บางบอน 4 ซอย 14,3,16:00-19:00,1,0,0
ทางข้ามบริเวณซอยอุดมสุข 37,อุดมสุข,2,07:00-09:00,1,0,0
ทางข้ามบริเวณซอยอุดมสุข 37,อุดมสุข,2,09:00-16:00,1,0,0
ทางข้ามบริเวณซอยอุดมสุข 37,อุดมสุข,2,16:00-19:00,1,0,0
ทางข้ามบริเวณสวนสาธารณะทางลงจากมอเตอร์เวย์,ศรีนครินทร์,4,07:00-09:00,0,0,1
ทางข้ามบริเวณสวนสาธารณะทางลงจากมอเตอร์เวย์,ศรีนครินทร์,4,09:00-17:00,0,0,1
ทางข้ามบริเวณสวนสาธารณะทางลงจากมอเตอร์เวย์,ศรีนครินทร์,4,17:00-19:00,0,0,1
ทางข้ามบริเวณหน้าตึกอรกานต์,ชิดลม,2,07:00-09:00,1,0,0
ทางข้ามบริเวณหน้าตึกอรกานต์,ชิดลม,2,09:00-16:00,1,0,0
ทางข้ามบริเวณหน้าตึกอรกานต์,ชิดลม,2,16:00-19:00,1,0,0
ทางข้ามบ้านสวนริมคลอง,ศรีนครินทร์ - ร่มเกล้า,2,07:00-09:00,0,0,1
ทางข้ามบ้านสวนริมคลอง,ศรีนครินทร์ - ร่มเกล้า,2,09:00-16:00,0,0,1
ทางข้ามบ้านสวนริมคลอง,ศรีนครินทร์ - ร่มเกล้า,2,16:00-19:00,0,0,1
ทางข้ามประชาสงเคราะห์ตัดมิตรไมตรี,ประชาสงเคราะห์,3,07:00-09:00,0,0,1
ทางข้ามประชาสงเคราะห์ตัดมิตรไมตรี,ประชาสงเคราะห์,3,09:00-16:00,0,0,1
ทางข้ามประชาสงเคราะห์ตัดมิตรไมตรี,ประชาสงเคราะห์,3,16:00-19:00,0,0,1
ทางข้ามปากซอยประชาสงเคราะห์ 1,ประชาสงเคราะห์,3,07:00-09:00,0,0,1
ทางข้ามปากซอยประชาสงเคราะห์ 1,ประชาสงเคราะห์,3,09:00-16:00,0,0,1
ทางข้ามปากซอยประชาสงเคราะห์ 1,ประชาสงเคราะห์,3,16:00-19:00,0,0,1
ทางข้ามปากซอยประชาสงเคราะห์ 12,ประชาสงเคราะห์,3,07:00-09:00,0,0,1
ทางข้ามปากซอยประชาสงเคราะห์ 12,ประชาสงเคราะห์,3,09:00-16:00,0,0,1
ทางข้ามปากซอยประชาสงเคราะห์ 12,ประชาสงเคราะห์,3,16:00-19:00,0,0,1
ทางข้ามปากซอยประชาสงเคราะห์ 13,ประชาสงเคราะห์,3,07:00-09:00,0,0,1
ทางข้ามปากซอยประชาสงเคราะห์ 13,ประชาสงเคราะห์,3,09:00-16:00,0,0,1
ทางข้ามปากซอยประชาสงเคราะห์ 13,ประชาสงเคราะห์,3,16:00-19:00,0,0,1
ทางข้ามปากซอยประชาสงเคราะห์ 16,ประชาสงเคราะห์,3,07:00-09:00,0,0,1
ทางข้ามปากซอยประชาสงเคราะห์ 16,ประชาสงเคราะห์,3,09:00-16:00,0,0,1
ทางข้ามปากซอยประชาสงเคราะห์ 16,ประชาสงเคราะห์,3,16:00-19:00,0,0,1
ทางข้ามปากซอยประชาสงเคราะห์ 2,ประชาสงเคราะห์,3,07:00-09:00,0,0,1
ทางข้ามปากซอยประชาสงเคราะห์ 2,ประชาสงเคราะห์,3,09:00-16:00,0,0,1
ทางข้ามปากซอยประชาสงเคราะห์ 2,ประชาสงเคราะห์,3,16:00-19:00,0,0,1
ทางข้ามปากซอยประชาสงเคราะห์ 23,ประชาสงเคราะห์,3,07:00-09:00,0,0,1
ทางข้ามปากซอยประชาสงเคราะห์ 23,ประชาสงเคราะห์,3,09:00-16:00,0,0,1
ทางข้ามปากซอยประชาสงเคราะห์ 23,ประชาสงเคราะห์,3,16:00-19:00,0,0,1
ทางข้ามปากซอยประชาสงเคราะห์ 24,ประชาสงเคราะห์,3,07:00-09:00,0,0,1
ทางข้ามปากซอยประชาสงเคราะห์ 24,ประชาสงเคราะห์,3,09:00-16:00,0,0,1
ทางข้ามปากซอยประชาสงเคราะห์ 24,ประชาสงเคราะห์,3,16:00-19:00,0,0,1
ทางข้ามปากซอยประชาสงเคราะห์ 27,ประชาสงเคราะห์,3,07:00-09:00,0,0,1
ทางข้ามปากซอยประชาสงเคราะห์ 27,ประชาสงเคราะห์,3,09:00-16:00,0,0,1
ทางข้ามปากซอยประชาสงเคราะห์ 27,ประชาสงเคราะห์,3,16:00-19:00,0,0,1
ทางข้ามปากซอยประชาสงเคราะห์ 28,ประชาสงเคราะห์,3,07:00-09:00,0,0,1
ทางข้ามปากซอยประชาสงเคราะห์ 28,ประชาสงเคราะห์,3,09:00-16:00,0,0,1
ทางข้ามปากซอยประชาสงเคราะห์ 28,ประชาสงเคราะห์,3,16:00-19:00,0,0,1
ทางข้ามปากซอยประชาสงเคราะห์ 30,ประชาสงเคราะห์,3,07:00-09:00,0,0,1
ทางข้ามปากซอยประชาสงเคราะห์ 30,ประชาสงเคราะห์,3,09:00-16:00,0,0,1
ทางข้ามปากซอยประชาสงเคราะห์ 30,ประชาสงเคราะห์,3,16:00-19:00,0,0,1
ทางข้ามปากซอยประชาสงเคราะห์ 32,ประชาสงเคราะห์,3,07:00-09:00,0,0,1
ทางข้ามปากซอยประชาสงเคราะห์ 32,ประชาสงเคราะห์,3,09:00-16:00,0,0,1
ทางข้ามปากซอยประชาสงเคราะห์ 32,ประชาสงเคราะห์,3,16:00-19:00,0,0,1
ทางข้ามปากซอยประชาสงเคราะห์ 36,ประชาสงเคราะห์,4,07:00-09:00,0,0,1
ทางข้ามปากซอยประชาสงเคราะห์ 36,ประชาสงเคราะห์,4,09:00-16:00,0,0,1
ทางข้ามปากซอยประชาสงเคราะห์ 36,ประชาสงเคราะห์,4,16:00-19:00,0,0,1
ทางข้ามปากซอยประชาสงเคราะห์ 37,ประชาสงเคราะห์,3,07:00-09:00,0,0,1
ทางข้ามปากซอยประชาสงเคราะห์ 37,ประชาสงเคราะห์,3,09:00-16:00,0,0,1
ทางข้ามปากซอยประชาสงเคราะห์ 37,ประชาสงเคราะห์,3,16:00-19:00,0,0,1
ทางข้ามปากซอยประชาสงเคราะห์ 39,ประชาสงเคราะห์,4,07:00-09:00,0,0,1
ทางข้ามปากซอยประชาสงเคราะห์ 39,ประชาสงเคราะห์,4,09:00-16:00,0,0,1
ทางข้ามปากซอยประชาสงเคราะห์ 39,ประชาสงเคราะห์,4,16:00-19:00,0,0,1
ทางข้ามปากซอยประชาสงเคราะห์ 4,ประชาสงเคราะห์,3,07:00-09:00,0,0,1
ทางข้ามปากซอยประชาสงเคราะห์ 4,ประชาสงเคราะห์,3,09:00-16:00,0,0,1
ทางข้ามปากซอยประชาสงเคราะห์ 4,ประชาสงเคราะห์,3,16:00-19:00,0,0,1
ทางข้ามปากซอยประชาสงเคราะห์ 43,ประชาสงเคราะห์,4,07:00-09:00,0,0,1
ทางข้ามปากซอยประชาสงเคราะห์ 43,ประชาสงเคราะห์,4,09:00-16:00,0,0,1
ทางข้ามปากซอยประชาสงเคราะห์ 43,ประชาสงเคราะห์,4,16:00-19:00,0,0,1
ทางข้ามปากซอยประชาสงเคราะห์ 5,ประชาสงเคราะห์,3,07:00-09:00,0,0,1
ทางข้ามปากซอยประชาสงเคราะห์ 5,ประชาสงเคราะห์,3,09:00-16:00,0,0,1
ทางข้ามปากซอยประชาสงเคราะห์ 5,ประชาสงเคราะห์,3,16:00-19:00,0,0,1
ทางข้ามปากซอยพหลโยธิน 54/1,พหลโยธิน,3,07:00-09:00,0,0,1
ทางข้ามปากซอยพหลโยธิน 54/1,พหลโยธิน,3,09:00-16:00,0,0,1
ทางข้ามปากซอยพหลโยธิน 54/1,พหลโยธิน,3,16:00-19:00,0,0,1
ทางข้ามปากซอยพุทธมณฑลสาย 3 ซอย 3และซอย 5,พุทธมณฑลสาย 3,3,07:00-09:00,1,0,0
ทางข้ามปากซอยพุทธมณฑลสาย 3 ซอย 3และซอย 5,พุทธมณฑลสาย 3,3,09:00-16:00,1,0,0
ทางข้ามปากซอยพุทธมณฑลสาย 3 ซอย 3และซอย 5,พุทธมณฑลสาย 3,3,16:00-19:00,1,0,0
ทางข้ามปากซอยมิตรไมตรี 3,ประชาสงเคราะห์,3,07:00-09:00,0,0,1
ทางข้ามปากซอยมิตรไมตรี 3,ประชาสงเคราะห์,3,09:00-16:00,0,0,1
ทางข้ามปากซอยมิตรไมตรี 3,ประชาสงเคราะห์,3,16:00-19:00,0,0,1
ทางข้ามปากซอยวัดเทพพล,พรานนก - พุทธมณฑลสาย 4,2,07:00-09:00,1,0,0
ทางข้ามปากซอยวัดเทพพล,พรานนก - พุทธมณฑลสาย 4,2,09:00-16:00,1,0,0
ทางข้ามปากซอยวัดเทพพล,พรานนก - พุทธมณฑลสาย 4,2,16:00-19:00,1,0,0
ทางข้ามปากซอยสามเสน 1,สามเสน,3,07:00-09:00,0,0,1
ทางข้ามปากซอยสามเสน 1,สามเสน,3,09:00-16:00,0,0,1
ทางข้ามปากซอยสามเสน 1,สามเสน,3,16:00-19:00,0,0,1
ทางข้ามปากซอยสามเสน 1,สามเสน,4,07:00-09:00,1,0,0
ทางข้ามปากซอยสามเสน 1,สามเสน,4,09:00-16:00,1,0,0
ทางข้ามปากซอยสามเสน 1,สามเสน,4,16:00-19:00,1,0,0
ทางข้ามปากซอยสามเสน 19,สามเสน,3,07:00-09:00,0,0,1
ทางข้ามปากซอยสามเสน 19,สามเสน,3,09:00-16:00,0,0,1
ทางข้ามปากซอยสามเสน 19,สามเสน,3,16:00-19:00,0,0,1
ทางข้ามปากซอยอุดมสุข 47,สุขุมวิท 103 (อุดมสุข),3,07:00-09:00,1,0,0
ทางข้ามปากซอยอุดมสุข 47,สุขุมวิท 103 (อุดมสุข),3,09:00-16:00,1,0,0
ทางข้ามปากซอยอุดมสุข 47,สุขุมวิท 103 (อุดมสุข),3,16:00-19:00,1,0,0
ทางข้ามปากซอยอ่อนนุช 11,อ่อนนุช,2,07:00-09:00,0,0,1
ทางข้ามปากซอยอ่อนนุช 11,อ่อนนุช,2,09:00-17:00,0,0,1
ทางข้ามปากซอยอ่อนนุช 11,อ่อนนุช,2,17:00-19:00,0,0,1
ทางข้ามปากซอยอ่อนนุช 37/1,อ่อนนุช,2,07:00-09:00,0,0,1
ทางข้ามปากซอยอ่อนนุช 37/1,อ่อนนุช,2,09:00-17:00,0,0,1
ทางข้ามปากซอยอ่อนนุช 37/1,อ่อนนุช,2,17:00-19:00,0,0,1
ทางข้ามปากซอยอ่อนนุช 49,อ่อนนุช,1,07:00-09:00,1,0,0
ทางข้ามปากซอยอ่อนนุช 49,อ่อนนุช,1,09:00-16:00,1,0,0
ทางข้ามปากซอยอ่อนนุช 49,อ่อนนุช,1,16:00-19:00,1,0,0
ทางข้ามปากซอยอ่อนนุช 65,อ่อนนุช,2,07:00-09:00,1,0,0
ทางข้ามปากซอยอ่อนนุช 65,อ่อนนุช,2,09:00-16:00,1,0,0
ทางข้ามปากซอยอ่อนนุช 65,อ่อนนุช,2,16:00-19:00,1,0,0
ทางข้ามปากซอยอ่อนนุช 74/3,อ่อนนุช,3,07:00-09:00,1,0,0
ทางข้ามปากซอยอ่อนนุช 74/3,อ่อนนุช,3,09:00-16:00,1,0,0
ทางข้ามปากซอยอ่อนนุช 74/3,อ่อนนุช,3,16:00-19:00,1,0,0
ทางข้ามปากซอยเอกชัย 32,เอกชัย,4,07:00-09:00,1,0,0
ทางข้ามปากซอยเอกชัย 32,เอกชัย,4,09:00-16:00,1,0,0
ทางข้ามปากซอยเอกชัย 32,เอกชัย,4,16:00-19:00,1,0,0
ทางข้ามพหลโยธิน 36,พหลโยธิน,3,07:00-09:00,0,0,1
ทางข้ามพหลโยธิน 36,พหลโยธิน,3,09:00-16:00,0,0,1
ทางข้ามพหลโยธิน 36,พหลโยธิน,3,16:00-19:00,0,0,1
ทางข้ามระหว่างซอยจรัญสนิทวงศ์ 44 - 46,จรัญสนิทวงศ์,3,07:00-09:00,0,0,1
ทางข้ามระหว่างซอยจรัญสนิทวงศ์ 44 - 46,จรัญสนิทวงศ์,3,09:00-17:00,0,0,1
ทางข้ามระหว่างซอยจรัญสนิทวงศ์ 44 - 46,จรัญสนิทวงศ์,3,17:00-19:00,0,0,1
ทางข้ามระหว่างซอยพุทธบูชา 22 -22/1,พุทธบูชา,3,07:00-09:00,0,0,1
ทางข้ามระหว่างซอยพุทธบูชา 22 -22/1,พุทธบูชา,3,09:00-17:00,0,0,1
ทางข้ามระหว่างซอยพุทธบูชา 22 -22/1,พุทธบูชา,3,17:00-19:00,0,0,1
ทางข้ามระหว่างซอยศาลาธรรมสพน์23และ21,ศาลาธรรมสพน์,1,07:00-09:00,1,0,0
ทางข้ามระหว่างซอยศาลาธรรมสพน์23และ21,ศาลาธรรมสพน์,1,09:00-16:00,1,0,0
ทางข้ามระหว่างซอยศาลาธรรมสพน์23และ21,ศาลาธรรมสพน์,1,16:00-19:00,1,0,0
ทางข้ามระหว่างวัดปทุมวนารามกับเซ็นทรัลเวิลด์,พระรามที่ 1,1,07:00-09:00,0,1,0
ทางข้ามระหว่างวัดปทุมวนารามกับเซ็นทรัลเวิลด์,พระรามที่ 1,1,09:00-16:00,0,1,0
ทางข้ามระหว่างวัดปทุมวนารามกับเซ็นทรัลเวิลด์,พระรามที่ 1,1,16:00-19:00,0,1,0
ทางข้ามสุขุมวิท21 ซอย 1,อโศก,3,07:00-09:00,1,0,0
ทางข้ามสุขุมวิท21 ซอย 1,อโศก,3,09:00-16:00,1,0,0
ทางข้ามสุขุมวิท21 ซอย 1,อโศก,3,16:00-19:00,1,0,0
ทางข้ามสุขุมวิท21 ซอย 3,อโศก,3,07:00-09:00,1,0,0
ทางข้ามสุขุมวิท21 ซอย 3,อโศก,3,09:00-16:00,1,0,0
ทางข้ามสุขุมวิท21 ซอย 3,อโศก,3,16:00-19:00,1,0,0
ทางข้ามหน้า SM ทาวเวอร์,พหลโยธิน,3,07:00-09:00,0,0,1
ทางข้ามหน้า SM ทาวเวอร์,พหลโยธิน,3,09:00-16:00,0,0,1
ทางข้ามหน้า SM ทาวเวอร์,พหลโยธิน,3,16:00-19:00,0,0,1
ทางข้ามหน้า ธ.ออมสิน,พหลโยธิน,3,07:00-09:00,0,0,1
ทางข้ามหน้า ธ.ออมสิน,พหลโยธิน,3,09:00-16:00,0,0,1
ทางข้ามหน้า ธ.ออมสิน,พหลโยธิน,3,16:00-19:00,0,0,1
ทางข้ามหน้า ม.เกษตร,พหลโยธิน,3,07:00-09:00,0,0,1
ทางข้ามหน้า ม.เกษตร,พหลโยธิน,3,09:00-16:00,0,0,1
ทางข้ามหน้า ม.เกษตร,พหลโยธิน,3,16:00-19:00,0,0,1
ทางข้ามหน้า รพ.วิภาราม,พัฒนาการ,3,07:00-09:00,0,0,1
ทางข้ามหน้า รพ.วิภาราม,พัฒนาการ,3,09:00-16:00,0,0,1
ทางข้ามหน้า รพ.วิภาราม,พัฒนาการ,3,16:00-19:00,0,0,1
ทางข้ามหน้า สน.ทองหล่อ,ซอยสุขุมวิท 55,1,07:00-09:00,1,0,0
ทางข้ามหน้า สน.ทองหล่อ,ซอยสุขุมวิท 55,1,09:00-16:00,1,0,0
ทางข้ามหน้า สน.ทองหล่อ,ซอยสุขุมวิท 55,1,16:00-19:00,1,0,0
ทางข้ามหน้ากรมส่งเสริมวัฒนธรรม,วัฒนธรรม,3,07:00-09:00,1,0,0
ทางข้ามหน้ากรมส่งเสริมวัฒนธรรม,วัฒนธรรม,3,09:00-16:00,1,0,0
ทางข้ามหน้ากรมส่งเสริมวัฒนธรรม,วัฒนธรรม,3,16:00-19:00,1,0,0
ทางข้ามหน้ากองปราบปราม,พหลโยธิน,3,07:00-09:00,0,0,1
ทางข้ามหน้ากองปราบปราม,พหลโยธิน,3,09:00-16:00,0,0,1
ทางข้ามหน้ากองปราบปราม,พหลโยธิน,3,16:00-19:00,0,0,1
ทางข้ามหน้าชุมชนน้องใหม่,อาจณรงค์,2,07:00-09:00,1,0,0
ทางข้ามหน้าชุมชนน้องใหม่,อาจณรงค์,2,09:00-16:00,1,0,0
ทางข้ามหน้าชุมชนน้องใหม่,อาจณรงค์,2,16:00-19:00,1,0,0
ทางข้ามหน้าตลาดบางเขน,พหลโยธิน,3,07:00-09:00,0,0,1
ทางข้ามหน้าตลาดบางเขน,พหลโยธิน,3,09:00-16:00,0,0,1
ทางข้ามหน้าตลาดบางเขน,พหลโยธิน,3,16:00-19:00,0,0,1
ทางข้ามหน้าตลาดพิบูลย์วิทย์6,เอกชัย,1,07:00-09:00,1,0,0
ทางข้ามหน้าตลาดพิบูลย์วิทย์6,เอกชัย,1,09:00-16:00,1,0,0
ทางข้ามหน้าตลาดพิบูลย์วิทย์6,เอกชัย,1,16:00-19:00,1,0,0
ทางข้ามหน้าตลาดสะพานใหม่,พหลโยธิน,3,07:00-09:00,0,0,1
ทางข้ามหน้าตลาดสะพานใหม่,พหลโยธิน,3,09:00-16:00,0,0,1
ทางข้ามหน้าตลาดสะพานใหม่,พหลโยธิน,3,16:00-19:00,0,0,1
ทางข้ามหน้าตลาดเทเวศร์,สามเสน,3,07:00-09:00,0,0,1
ทางข้ามหน้าตลาดเทเวศร์,สามเสน,3,09:00-16:00,0,0,1
ทางข้ามหน้าตลาดเทเวศร์,สามเสน,3,16:00-19:00,0,0,1
ทางข้ามหน้าตึกจีเอ็มเอ็มแกรมมี,อโศก,3,07:00-09:00,1,0,0
ทางข้ามหน้าตึกจีเอ็มเอ็มแกรมมี,อโศก,3,09:00-16:00,1,0,0
ทางข้ามหน้าตึกจีเอ็มเอ็มแกรมมี,อโศก,3,16:00-19:00,1,0,0
ทางข้ามหน้าทำเนียบรัฐบาล,พิษณุโลก,3,07:00-09:00,0,0,1
ทางข้ามหน้าทำเนียบรัฐบาล,พิษณุโลก,3,09:00-17:00,0,0,1
ทางข้ามหน้าทำเนียบรัฐบาล,พิษณุโลก,3,17:00-19:00,0,0,1
ทางข้ามหน้าท่าวาสุกรี,สามเสน,3,07:00-09:00,0,0,1
ทางข้ามหน้าท่าวาสุกรี,สามเสน,3,09:00-16:00,0,0,1
ทางข้ามหน้าท่าวาสุกรี,สามเสน,3,16:00-19:00,0,0,1
ทางข้ามหน้าธนาคารกรุงศรีฯ สาขาจอมทอง,เอกชัย,2,07:00-09:00,1,0,0
ทางข้ามหน้าธนาคารกรุงศรีฯ สาขาจอมทอง,เอกชัย,2,09:00-16:00,1,0,0
ทางข้ามหน้าธนาคารกรุงศรีฯ สาขาจอมทอง,เอกชัย,2,16:00-19:00,1,0,0
ทางข้ามหน้าธนาคารกรุงเทพ,พหลโยธิน,3,07:00-09:00,0,0,1
ทางข้ามหน้าธนาคารกรุงเทพ,พหลโยธิน,3,09:00-16:00,0,0,1
ทางข้ามหน้าธนาคารกรุงเทพ,พหลโยธิน,3,16:00-19:00,0,0,1
ทางข้ามหน้าธนาคารเกียรตินาคิน,อโศก,4,07:00-09:00,1,0,0
ทางข้ามหน้าธนาคารเกียรตินาคิน,อโศก,4,09:00-16:00,1,0,0
ทางข้ามหน้าธนาคารเกียรตินาคิน,อโศก,4,16:00-19:00,1,0,0
ทางข้ามหน้าธนาคารแห่งประเทศไทย,สามเสน,3,07:00-09:00,0,0,1
ทางข้ามหน้าธนาคารแห่งประเทศไทย,สามเสน,3,09:00-16:00,0,0,1
ทางข้ามหน้าธนาคารแห่งประเทศไทย,สามเสน,3,16:00-19:00,0,0,1
ทางข้ามหน้าบิ๊กซี,พหลโยธิน,3,07:00-09:00,0,0,1
ทางข้ามหน้าบิ๊กซี,พหลโยธิน,3,09:00-16:00,0,0,1
ทางข้ามหน้าบิ๊กซี,พหลโยธิน,3,16:00-19:00,0,0,1
ทางข้ามหน้าปากซอยนามบัญญัติ,ประชาธิปไตย,2,07:00-09:00,1,0,0
ทางข้ามหน้าปากซอยนามบัญญัติ,ประชาธิปไตย,2,09:00-16:00,1,0,0
ทางข้ามหน้าปากซอยนามบัญญัติ,ประชาธิปไตย,2,16:00-19:00,1,0,0
ทางข้ามหน้าปากซอยเฉลิมพระเกียรติ43,เฉลิมพระเกียรติ ร.9,3,07:00-09:00,1,0,0
ทางข้ามหน้าปากซอยเฉลิมพระเกียรติ43,เฉลิมพระเกียรติ ร.9,3,09:00-16:00,1,0,0
ทางข้ามหน้าปากซอยเฉลิมพระเกียรติ43,เฉลิมพระเกียรติ ร.9,3,16:00-19:00,1,0,0
ทางข้ามหน้าร้าน จ.ทรัพย์ทวีคูณ และ บ.อุมศักดิ์ก๊กเอ๊ง ทรานสปอร์ต,พุทธมณฑลสาย 3,3,07:00-09:00,0,0,1
ทางข้ามหน้าร้าน จ.ทรัพย์ทวีคูณ และ บ.อุมศักดิ์ก๊กเอ๊ง ทรานสปอร์ต,พุทธมณฑลสาย 3,3,09:00-17:00,0,0,1
ทางข้ามหน้าร้าน จ.ทรัพย์ทวีคูณ และ บ.อุมศักดิ์ก๊กเอ๊ง ทรานสปอร์ต,พุทธมณฑลสาย 3,3,17:00-19:00,0,0,1
ทางข้ามหน้าวัดตรีทศเทพ,ประชาธิปไตย,2,07:00-09:00,0,0,1
ทางข้ามหน้าวัดตรีทศเทพ,ประชาธิปไตย,2,09:00-16:00,0,0,1
ทางข้ามหน้าวัดตรีทศเทพ,ประชาธิปไตย,2,16:00-19:00,0,0,1
ทางข้ามหน้าวัดราษฎร์บำรุง,เพชรเกษม 69,1,07:00-09:00,1,0,0
ทางข้ามหน้าวัดราษฎร์บำรุง,เพชรเกษม 69,1,09:00-16:00,1,0,0
ทางข้ามหน้าวัดราษฎร์บำรุง,เพชรเกษม 69,1,16:00-19:00,1,0,0
ทางข้ามหน้าวัดเศวตฉัตร,เจริญนคร,2,07:00-09:00,0,1,0
ทางข้ามหน้าวัดเศวตฉัตร,เจริญนคร,2,09:00-16:00,0,1,0
ทางข้ามหน้าวัดเศวตฉัตร,เจริญนคร,2,16:00-19:00,0,1,0
ทางข้ามหน้าศูนย์บริการสาธารณสุข 4,ประชาสงเคราะห์,3,07:00-09:00,0,0,1
ทางข้ามหน้าศูนย์บริการสาธารณสุข 4,ประชาสงเคราะห์,3,09:00-16:00,0,0,1
ทางข้ามหน้าศูนย์บริการสาธารณสุข 4,ประชาสงเคราะห์,3,16:00-19:00,0,0,1
ทางข้ามหน้าสถานีโทรทัศน์กองทัพบก ช่อง 5,พหลโยธิน,2,07:00-09:00,1,0,0
ทางข้ามหน้าสถานีโทรทัศน์กองทัพบก ช่อง 5,พหลโยธิน,2,09:00-16:00,1,0,0
ทางข้ามหน้าสถานีโทรทัศน์กองทัพบก ช่อง 5,พหลโยธิน,2,16:00-19:00,1,0,0
ทางข้ามหน้าสถาบันโรคไตฯ,พญาไท,3,07:00-09:00,0,0,1
ทางข้ามหน้าสถาบันโรคไตฯ,พญาไท,3,09:00-16:00,0,0,1
ทางข้ามหน้าสถาบันโรคไตฯ,พญาไท,3,16:00-19:00,0,0,1
ทางข้ามหน้าสมาคมแม่บ้านทหารอากาศ,พหลโยธิน,3,07:00-09:00,0,0,1
ทางข้ามหน้าสมาคมแม่บ้านทหารอากาศ,พหลโยธิน,3,09:00-16:00,0,0,1
ทางข้ามหน้าสมาคมแม่บ้านทหารอากาศ,พหลโยธิน,3,16:00-19:00,0,0,1
ทางข้ามหน้าสำนักงานตำรวจแห่งชาติ,พระรามที่ 1,4,07:00-09:00,1,0,0
ทางข้ามหน้าสำนักงานตำรวจแห่งชาติ,พระรามที่ 1,4,09:00-16:00,1,0,0
ทางข้ามหน้าสำนักงานตำรวจแห่งชาติ,พระรามที่ 1,4,16:00-19:00,1,0,0
ทางข้ามหน้าหมู่บ้านกรีนวิลล์,พุทธมณฑลสาย 2,2,07:00-09:00,1,0,0
ทางข้ามหน้าหมู่บ้านกรีนวิลล์,พุทธมณฑลสาย 2,2,09:00-16:00,1,0,0
ทางข้ามหน้าหมู่บ้านกรีนวิลล์,พุทธมณฑลสาย 2,2,16:00-19:00,1,0,0
ทางข้ามหน้าหมู่บ้านธันยกานต์ (ซ.วัชรพล 25),วัชรพล,4,07:00-09:00,1,0,0
ทางข้ามหน้าหมู่บ้านธันยกานต์ (ซ.วัชรพล 25),วัชรพล,4,09:00-16:00,1,0,0
ทางข้ามหน้าหมู่บ้านธันยกานต์ (ซ.วัชรพล 25),วัชรพล,4,16:00-19:00,1,0,0
ทางข้ามหน้าหมู่บ้านมหาดไทย,พุทธมณฑลสาย 1,1,07:00-09:00,1,0,0
ทางข้ามหน้าหมู่บ้านมหาดไทย,พุทธมณฑลสาย 1,1,09:00-16:00,1,0,0
ทางข้ามหน้าหมู่บ้านมหาดไทย,พุทธมณฑลสาย 1,1,16:00-19:00,1,0,0
ทางข้ามหน้าหมู่บ้านสินทรัพย์นคร,พุทธมณฑลสาย 2,2,07:00-09:00,0,1,0
ทางข้ามหน้าหมู่บ้านสินทรัพย์นคร,พุทธมณฑลสาย 2,2,09:00-16:00,0,1,0
ทางข้ามหน้าหมู่บ้านสินทรัพย์นคร,พุทธมณฑลสาย 2,2,16:00-19:00,0,1,0
ทางข้ามหน้าอาคารสำนักงบประมาณ,พหลโยธิน,3,07:00-09:00,0,0,1
ทางข้ามหน้าอาคารสำนักงบประมาณ,พหลโยธิน,3,09:00-16:00,0,0,1
ทางข้ามหน้าอาคารสำนักงบประมาณ,พหลโยธิน,3,16:00-19:00,0,0,1
ทางข้ามหน้าเซนทรัลเฟสติวัลอีวิลล์,ประดิษฐ์มนูธรรม,2,07:00-09:00,1,0,0
ทางข้ามหน้าเซนทรัลเฟสติวัลอีวิลล์,ประดิษฐ์มนูธรรม,2,09:00-16:00,1,0,0
ทางข้ามหน้าเซนทรัลเฟสติวัลอีวิลล์,ประดิษฐ์มนูธรรม,2,16:00-19:00,1,0,0
ทางข้ามหน้าเมเจอร์อเวนิว และธนาคารไทยพาณิชย์,สุโขทัย,2,07:00-09:00,1,0,0
ทางข้ามหน้าเมเจอร์อเวนิว และธนาคารไทยพาณิชย์,สุโขทัย,2,09:00-16:00,1,0,0
ทางข้ามหน้าเมเจอร์อเวนิว และธนาคารไทยพาณิชย์,สุโขทัย,2,16:00-19:00,1,0,0
ทางข้ามหน้าโครงการวานิชเพลส,พหลโยธิน,3,07:00-09:00,0,0,1
ทางข้ามหน้าโครงการวานิชเพลส,พหลโยธิน,3,09:00-16:00,0,0,1
ทางข้ามหน้าโครงการวานิชเพลส,พหลโยธิน,3,16:00-19:00,0,0,1
ทางข้ามหน้าโรงพยาบาลจักษุ - รัตนิน,อโศก,4,07:00-09:00,1,0,0
ทางข้ามหน้าโรงพยาบาลจักษุ - รัตนิน,อโศก,4,09:00-16:00,1,0,0
ทางข้ามหน้าโรงพยาบาลจักษุ - รัตนิน,อโศก,4,16:00-19:00,1,0,0
ทางข้ามหน้าโรงพยาบาลเวชการุณเวชรัศม์,เลียบวารี,2,07:00-09:00,1,0,0
ทางข้ามหน้าโรงพยาบาลเวชการุณเวชรัศม์,เลียบวารี,2,09:00-16:00,1,0,0
ทางข้ามหน้าโรงพยาบาลเวชการุณเวชรัศม์,เลียบวารี,2,16:00-19:00,1,0,0
ทางข้ามหน้าโรงเรียนประชาบำรุง,เลียบคลองภาษีเจริญฝั่งเหนือ,2,07:00-09:00,1,0,0
ทางข้ามหน้าโรงเรียนประชาบำรุง,เลียบคลองภาษีเจริญฝั่งเหนือ,2,09:00-16:00,1,0,0
ทางข้ามหน้าโรงเรียนประชาบำรุง,เลียบคลองภาษีเจริญฝั่งเหนือ,2,16:00-19:00,1,0,0
ทางข้ามหน้าโรงเรียนพร้อมพรรณ,ประชาสงเคราะห์,3,07:00-09:00,0,0,1
ทางข้ามหน้าโรงเรียนพร้อมพรรณ,ประชาสงเคราะห์,3,09:00-16:00,0,0,1
ทางข้ามหน้าโรงเรียนพร้อมพรรณ,ประชาสงเคราะห์,3,16:00-19:00,0,0,1
ทางข้ามหน้าโรงเรียนพิชญ์นก,เลียบคลองภาษีเจริญฝั่งเหนือ,1,07:00-09:00,1,0,0
ทางข้ามหน้าโรงเรียนพิชญ์นก,เลียบคลองภาษีเจริญฝั่งเหนือ,1,09:00-16:00,1,0,0
ทางข้ามหน้าโรงเรียนพิชญ์นก,เลียบคลองภาษีเจริญฝั่งเหนือ,1,16:00-19:00,1,0,0
ทางข้ามหน้าโรงเรียนวังเด็ก,สุขุมวิท 77,2,07:00-09:00,1,0,0
ทางข้ามหน้าโรงเรียนวังเด็ก,สุขุมวิท 77,2,09:00-16:00,1,0,0
ทางข้ามหน้าโรงเรียนวังเด็ก,สุขุมวิท 77,2,16:00-19:00,1,0,0
ทางข้ามหน้าโรงเรียนวัดมหรรณพาราม,ตะนาว,3,07:00-09:00,1,0,0
ทางข้ามหน้าโรงเรียนวัดมหรรณพาราม,ตะนาว,3,09:00-16:00,1,0,0
ทางข้ามหน้าโรงเรียนวัดมหรรณพาราม,ตะนาว,3,16:00-19:00,1,0,0
ทางข้ามหน้าโรงเรียนวิชูทิศ,ทางเข้าโรงเรียนวิชูทิศ,2,07:00-09:00,1,0,0
ทางข้ามหน้าโรงเรียนวิชูทิศ,ทางเข้าโรงเรียนวิชูทิศ,2,09:00-16:00,1,0,0
ทางข้ามหน้าโรงเรียนวิชูทิศ,ทางเข้าโรงเรียนวิชูทิศ,2,16:00-19:00,1,0,0
ทางข้ามหน้าโรงเรียนวิชูทิศ,ประชาสงเคราะห์,2,07:00-09:00,1,0,0
ทางข้ามหน้าโรงเรียนวิชูทิศ,ประชาสงเคราะห์,2,09:00-16:00,1,0,0
ทางข้ามหน้าโรงเรียนวิชูทิศ,ประชาสงเคราะห์,2,16:00-19:00,1,0,0
ทางข้ามหน้าโรงเรียนวิทยานนท์,ราษฎร์พัฒนา,1,07:00-09:00,1,0,0
ทางข้ามหน้าโรงเรียนวิทยานนท์,ราษฎร์พัฒนา,1,09:00-16:00,1,0,0
ทางข้ามหน้าโรงเรียนวิทยานนท์,ราษฎร์พัฒนา,1,16:00-19:00,1,0,0
ทางข้ามหน้าโรงเรียนสายปัญญา,กรุงเกษม,2,07:00-09:00,1,0,0
ทางข้ามหน้าโรงเรียนสายปัญญา,กรุงเกษม,2,09:00-16:00,1,0,0
ทางข้ามหน้าโรงเรียนสายปัญญา,กรุงเกษม,2,16:00-19:00,1,0,0
ทางข้ามหน้าโรงเรียนสายปัญญา,กรุงเกษม,3,07:00-09:00,1,0,0
ทางข้ามหน้าโรงเรียนสายปัญญา,กรุงเกษม,3,09:00-16:00,1,0,0
ทางข้ามหน้าโรงเรียนสายปัญญา,กรุงเกษม,3,16:00-19:00,1,0,0
ทางข้ามหน้าโรงเรียนโยธินบูรณะ,ประชาราษฎร์สาย 1,3,07:00-09:00,1,0,0
ทางข้ามหน้าโรงเรียนโยธินบูรณะ,ประชาราษฎร์สาย 2,3,09:00-16:00,1,0,0
ทางข้ามหน้าโรงเรียนโยธินบูรณะ,ประชาราษฎร์สาย 3,3,16:00-19:00,1,0,0
ทางข้ามหน้าโรงแรมมิราเคิล,กำแพงเพชร 6,3,06:30-09:00,1,0,0
ทางข้ามหน้าโรงแรมมิราเคิล,กำแพงเพชร 6,3,09:00-16:00,1,0,0
ทางข้ามหน้าโรงแรมมิราเคิล,กำแพงเพชร 6,3,16:00-19:30,1,0,0
ทางข้ามหน้าโรบินสันบางรัก,เจริญกรุง,3,07:00-09:00,1,0,0
ทางข้ามหน้าโรบินสันบางรัก,เจริญกรุง,3,09:00-16:00,1,0,0
ทางข้ามหน้าโรบินสันบางรัก,เจริญกรุง,3,16:00-19:00,1,0,0
ทางข้ามหน้าไปรษณีย์อ่อนนุช,อ่อนนุช,2,07:00-09:00,0,1,0
ทางข้ามหน้าไปรษณีย์อ่อนนุช,อ่อนนุช,2,09:00-16:00,0,1,0
ทางข้ามหน้าไปรษณีย์อ่อนนุช,อ่อนนุช,2,16:00-19:00,0,1,0
ทางข้ามเลียบวารี 27 - 29,เลียบวารี,3,07:00-09:00,0,0,1
ทางข้ามเลียบวารี 27 - 29,เลียบวารี,3,09:00-16:00,0,0,1
ทางข้ามเลียบวารี 27 - 29,เลียบวารี,3,16:00-19:00,0,0,1
ทางข้ามแยกกำแพงเพชร,พหลโยธิน,3,07:00-09:00,0,0,1
ทางข้ามแยกกำแพงเพชร,พหลโยธิน,3,09:00-16:00,0,0,1
ทางข้ามแยกกำแพงเพชร,พหลโยธิน,3,16:00-19:00,0,0,1
ทางข้ามแยกจุฬา 12,พญาไท,3,07:00-09:00,0,0,1
ทางข้ามแยกจุฬา 12,พญาไท,3,09:00-16:00,0,0,1
ทางข้ามแยกจุฬา 12,พญาไท,3,16:00-19:00,0,0,1
ทางข้ามแยกบางขุนพรหม (ก่อนแยก),สามเสน,3,07:00-09:00,0,0,1
ทางข้ามแยกบางขุนพรหม (ก่อนแยก),สามเสน,3,09:00-16:00,0,0,1
ทางข้ามแยกบางขุนพรหม (ก่อนแยก),สามเสน,3,16:00-19:00,0,0,1
ทางข้ามแยกบางขุนพรหม (หลังแยก),สามเสน,3,07:00-09:00,0,0,1
ทางข้ามแยกบางขุนพรหม (หลังแยก),สามเสน,3,09:00-16:00,0,0,1
ทางข้ามแยกบางขุนพรหม (หลังแยก),สามเสน,3,16:00-19:00,0,0,1
ทางข้ามแยกพญาไท,พญาไท,3,07:00-09:00,0,0,1
ทางข้ามแยกพญาไท,พญาไท,3,09:00-16:00,0,0,1
ทางข้ามแยกพญาไท,พญาไท,3,16:00-19:00,0,0,1
ทางข้ามแยกรัชโยธิน (ก่อนแยก),พหลโยธิน,3,07:00-09:00,0,0,1
ทางข้ามแยกรัชโยธิน (ก่อนแยก),พหลโยธิน,3,09:00-16:00,0,0,1
ทางข้ามแยกรัชโยธิน (ก่อนแยก),พหลโยธิน,3,16:00-19:00,0,0,1
ทางข้ามแยกรัชโยธิน (หลังแยก),พหลโยธิน,3,07:00-09:00,0,0,1
ทางข้ามแยกรัชโยธิน (หลังแยก),พหลโยธิน,3,09:00-16:00,0,0,1
ทางข้ามแยกรัชโยธิน (หลังแยก),พหลโยธิน,3,16:00-19:00,0,0,1
ทางข้ามแยกราชเทวี (ก่อนแยก),พญาไท,3,07:00-09:00,0,0,1
ทางข้ามแยกราชเทวี (ก่อนแยก),พญาไท,3,09:00-16:00,0,0,1
ทางข้ามแยกราชเทวี (ก่อนแยก),พญาไท,3,16:00-19:00,0,0,1
ทางข้ามแยกราชเทวี (หลังแยก),พญาไท,3,07:00-09:00,0,0,1
ทางข้ามแยกราชเทวี (หลังแยก),พญาไท,3,09:00-16:00,0,0,1
ทางข้ามแยกราชเทวี (หลังแยก),พญาไท,3,16:00-19:00,0,0,1
ทางข้ามแยกเกษตร (ก่อนแยก),พหลโยธิน,3,07:00-09:00,0,0,1
ทางข้ามแยกเกษตร (ก่อนแยก),พหลโยธิน,3,09:00-16:00,0,0,1
ทางข้ามแยกเกษตร (ก่อนแยก),พหลโยธิน,3,16:00-19:00,0,0,1
ทางข้ามแยกเทเวศร์,สามเสน,3,07:00-09:00,0,0,1
ทางข้ามแยกเทเวศร์,สามเสน,3,09:00-16:00,0,0,1
ทางข้ามแยกเทเวศร์,สามเสน,3,16:00-19:00,0,0,1
ทางข้ามแยกเสนานิคม,พหลโยธิน,3,07:00-09:00,0,0,1
ทางข้ามแยกเสนานิคม,พหลโยธิน,3,09:00-16:00,0,0,1
ทางข้ามแยกเสนานิคม,พหลโยธิน,3,16:00-19:00,0,0,1
ทางข้ามโรงเรียนบางบัว,พหลโยธิน,3,07:00-09:00,0,0,1
ทางข้ามโรงเรียนบางบัว,พหลโยธิน,3,09:00-17:00,0,0,1
ทางข้ามโรงเรียนบางบัว,พหลโยธิน,3,17:00-19:00,0,0,1
ทางข้ามโรงเรียนบางบัว,เลียบคลองบางเขน,3,07:00-09:00,0,0,1
ทางข้ามโรงเรียนบางบัว,เลียบคลองบางเขน,3,09:00-17:00,0,0,1
ทางข้ามโรงเรียนบางบัว,เลียบคลองบางเขน,3,17:00-19:00,0,0,1
ทางข้ามโรงเรียนวัดอ่างแก้ว,เทอดไท,1,07:00-09:00,1,0,0
ทางข้ามโรงเรียนวัดอ่างแก้ว,เทอดไท,1,09:00-16:00,1,0,0
ทางข้ามโรงเรียนวัดอ่างแก้ว,เทอดไท,1,16:00-19:00,1,0,0
ทางข้ามใกล้คลองวัดยาง,จรัญสนิทวงศ์,1,07:00-09:00,0,0,1
ทางข้ามใกล้คลองวัดยาง,จรัญสนิทวงศ์,1,09:00-17:00,0,0,1
ทางข้ามใกล้คลองวัดยาง,จรัญสนิทวงศ์,1,17:00-19:00,0,0,1
ทางข้ามใกล้แยกหลังสวน,สารสิน,4,07:00-09:00,0,0,1
ทางข้ามใกล้แยกหลังสวน,สารสิน,4,09:00-17:00,0,0,1
ทางข้ามใกล้แยกหลังสวน,สารสิน,4,17:00-19:00,0,0,1
ทางช้ามปากซอยตากสิน 17 - 18,สมเด็จพระเจ้าตากสิน,1,07:00-09:00,1,0,0
ทางช้ามปากซอยตากสิน 17 - 18,สมเด็จพระเจ้าตากสิน,1,09:00-16:00,1,0,0
ทางช้ามปากซอยตากสิน 17 - 18,สมเด็จพระเจ้าตากสิน,1,16:00-19:00,1,0,0
ทางช้ามหน้ากรมชลประทาน,สามเสน,3,07:00-09:00,0,0,1
ทางช้ามหน้ากรมชลประทาน,สามเสน,3,09:00-16:00,0,0,1
ทางช้ามหน้ากรมชลประทาน,สามเสน,3,16:00-19:00,0,0,1
ทางยกระดับข้ามถนนร่มเกล้า,ร่มเกล้า,1,07:00-09:00,0,0,1
ทางยกระดับข้ามถนนร่มเกล้า,ร่มเกล้า,1,09:00-16:00,0,0,1
ทางยกระดับข้ามถนนร่มเกล้า,ร่มเกล้า,1,16:00-19:00,0,0,1
ทางยกระดับข้ามถนนร่มเกล้า,ศรีนครินทร์ - ร่มเกล้า,1,07:00-09:00,0,0,1
ทางยกระดับข้ามถนนร่มเกล้า,ศรีนครินทร์ - ร่มเกล้า,1,09:00-16:00,0,0,1
ทางยกระดับข้ามถนนร่มเกล้า,ศรีนครินทร์ - ร่มเกล้า,1,16:00-19:00,0,0,1
ทางลงทางด่วนจตุรโชติ,ทางลงทางด่วน,2,07:00-09:00,1,0,0
ทางลงทางด่วนจตุรโชติ,ทางลงทางด่วน,2,09:00-16:00,1,0,0
ทางลงทางด่วนจตุรโชติ,ทางลงทางด่วน,2,16:00-19:00,1,0,0
ทางลงทางด่วนจตุรโชติ,เลียบด่วน,2,07:00-09:00,1,0,0
ทางลงทางด่วนจตุรโชติ,เลียบด่วน,2,09:00-16:00,1,0,0
ทางลงทางด่วนจตุรโชติ,เลียบด่วน,2,16:00-19:00,1,0,0
ทางลอดกลับรถถนนพัฒนาการ,พัฒนาการ,1,07:00-09:00,0,0,1
ทางลอดกลับรถถนนพัฒนาการ,พัฒนาการ,1,09:00-17:00,0,0,1
ทางลอดกลับรถถนนพัฒนาการ,พัฒนาการ,1,17:00-19:00,0,0,1
ทางออกบิ๊กซี,ทางออกบิ๊กซี,2,07:00-09:00,0,0,1
ทางออกบิ๊กซี,ทางออกบิ๊กซี,2,09:00-17:00,0,0,1
ทางออกบิ๊กซี,ทางออกบิ๊กซี,2,17:00-19:00,0,0,1
ทางเข้า - ออกรฐัสภา,ทางเข้า - ออกรฐัสภา,1,07:00-09:00,0,1,0
ทางเข้า - ออกรฐัสภา,ทางเข้า - ออกรฐัสภา,1,09:00-16:00,0,1,0
ทางเข้า - ออกรฐัสภา,ทางเข้า - ออกรฐัสภา,1,16:00-19:00,0,1,0
ทางเข้า - ออกรฐัสภา,สามเสน,1,07:00-09:00,0,1,0
ทางเข้า - ออกรฐัสภา,สามเสน,1,09:00-16:00,0,1,0
ทางเข้า - ออกรฐัสภา,สามเสน,1,16:00-19:00,0,1,0
ทางเข้า - ออกหมู่บ้านแกรนคาแนล,ทางเข้า - ออกหมู่บ้านแกรนคาแนล,1,07:00-09:00,0,0,1
ทางเข้า - ออกหมู่บ้านแกรนคาแนล,ทางเข้า - ออกหมู่บ้านแกรนคาแนล,1,09:00-17:00,0,0,1
ทางเข้า - ออกหมู่บ้านแกรนคาแนล,ทางเข้า - ออกหมู่บ้านแกรนคาแนล,1,17:00-19:00,0,0,1
ทางเข้า - ออกหมู่บ้านแกรนคาแนล,เชิดวุฒากาศ,1,07:00-09:00,0,0,1
ทางเข้า - ออกหมู่บ้านแกรนคาแนล,เชิดวุฒากาศ,1,09:00-17:00,0,0,1
ทางเข้า - ออกหมู่บ้านแกรนคาแนล,เชิดวุฒากาศ,1,17:00-19:00,0,0,1
ทางเข้า รร.ปาณยาพัฒนาการ (พัฒนาการ 40),พัฒนาการ,1,07:00-09:00,0,0,1
ทางเข้า รร.ปาณยาพัฒนาการ (พัฒนาการ 40),พัฒนาการ,1,09:00-17:00,0,0,1
ทางเข้า รร.ปาณยาพัฒนาการ (พัฒนาการ 40),พัฒนาการ,1,17:00-19:00,0,0,1
ทางเข้า รร.ปาณยาพัฒนาการ (พัฒนาการ 40),พัฒนาการ 40,1,07:00-09:00,0,0,1
ทางเข้า รร.ปาณยาพัฒนาการ (พัฒนาการ 40),พัฒนาการ 40,1,09:00-17:00,0,0,1
ทางเข้า รร.ปาณยาพัฒนาการ (พัฒนาการ 40),พัฒนาการ 40,1,17:00-19:00,0,0,1
ทางเข้า- ออกแจ้งวัฒนะ 5,ซอยแจ้งวัฒนะ 5,1,07:00-09:00,1,0,0
ทางเข้า- ออกแจ้งวัฒนะ 5,ซอยแจ้งวัฒนะ 5,1,09:00-16:00,1,0,0
ทางเข้า- ออกแจ้งวัฒนะ 5,ซอยแจ้งวัฒนะ 5,1,16:00-19:00,1,0,0
ทางเข้า- ออกแจ้งวัฒนะ 5,แจ้งวัฒนะ,1,07:00-09:00,1,0,0
ทางเข้า- ออกแจ้งวัฒนะ 5,แจ้งวัฒนะ,1,09:00-16:00,1,0,0
ทางเข้า- ออกแจ้งวัฒนะ 5,แจ้งวัฒนะ,1,16:00-19:00,1,0,0
ทางเข้าถนนสุคนธสวัสดิ์,ประดิษฐ์มนูธรรม,4,07:00-09:00,0,0,1
ทางเข้าถนนสุคนธสวัสดิ์,ประดิษฐ์มนูธรรม,4,09:00-17:00,0,0,1
ทางเข้าถนนสุคนธสวัสดิ์,ประดิษฐ์มนูธรรม,4,17:00-19:00,0,0,1
ทางเข้าบิ๊กซี และรร.อโนมา,ทางเข้าบิ๊กซี และรร.อโนมา,2,07:00-09:00,0,0,1
ทางเข้าบิ๊กซี และรร.อโนมา,ทางเข้าบิ๊กซี และรร.อโนมา,2,09:00-17:00,0,0,1
ทางเข้าบิ๊กซี และรร.อโนมา,ทางเข้าบิ๊กซี และรร.อโนมา,2,17:00-19:00,0,0,1
ทางเข้าบิ๊กซี และรร.อโนมา,ราชดำริ,2,07:00-09:00,0,0,1
ทางเข้าบิ๊กซี และรร.อโนมา,ราชดำริ,2,09:00-17:00,0,0,1
ทางเข้าบิ๊กซี และรร.อโนมา,ราชดำริ,2,17:00-19:00,0,0,1
ทางเข้าหมู่บ้านเอื้ออาทร,ทางเข้าหมู่บ้านเอื้ออาทร,1,07:00-09:00,0,1,0
ทางเข้าหมู่บ้านเอื้ออาทร,ทางเข้าหมู่บ้านเอื้ออาทร,1,09:00-16:00,0,1,0
ทางเข้าหมู่บ้านเอื้ออาทร,ทางเข้าหมู่บ้านเอื้ออาทร,1,16:00-19:00,0,1,0
ทางเข้าหมู่บ้านเอื้ออาทร,เคหะร่มเกล้า,1,07:00-09:00,0,1,0
ทางเข้าหมู่บ้านเอื้ออาทร,เคหะร่มเกล้า,1,09:00-16:00,0,1,0
ทางเข้าหมู่บ้านเอื้ออาทร,เคหะร่มเกล้า,1,16:00-19:00,0,1,0
ทางเข้าออกการกีฬาแห่งประเทศไทย,ทางออกการกีฬาฯ,3,07:00-09:00,0,0,1
ทางเข้าออกการกีฬาแห่งประเทศไทย,ทางออกการกีฬาฯ,3,09:00-16:00,0,0,1
ทางเข้าออกการกีฬาแห่งประเทศไทย,ทางออกการกีฬาฯ,3,16:00-19:00,0,0,1
ทางเข้าออกการกีฬาแห่งประเทศไทย,ทางเข้าการกีฬาฯ,3,07:00-09:00,0,0,1
ทางเข้าออกการกีฬาแห่งประเทศไทย,ทางเข้าการกีฬาฯ,3,09:00-16:00,0,0,1
ทางเข้าออกการกีฬาแห่งประเทศไทย,ทางเข้าการกีฬาฯ,3,16:00-19:00,0,0,1
ทางเข้าออกซอยแจ้งวัฒนะ 9,ซอยแจ้งวัฒนะ 9,1,07:00-09:00,1,0,0
ทางเข้าออกซอยแจ้งวัฒนะ 9,ซอยแจ้งวัฒนะ 9,1,09:00-16:00,1,0,0
ทางเข้าออกซอยแจ้งวัฒนะ 9,ซอยแจ้งวัฒนะ 9,1,16:00-19:00,1,0,0
ทางเข้าออกซอยแจ้งวัฒนะ 9,แจ้งวัฒนะ,1,07:00-09:00,1,0,0
ทางเข้าออกซอยแจ้งวัฒนะ 9,แจ้งวัฒนะ,1,09:00-16:00,1,0,0
ทางเข้าออกซอยแจ้งวัฒนะ 9,แจ้งวัฒนะ,1,16:00-19:00,1,0,0
ทางเข้าออกมหาวิทยาลัยรามคำแหง,ทางเข้าออก ม.รามฯ,3,07:00-09:00,0,0,1
ทางเข้าออกมหาวิทยาลัยรามคำแหง,ทางเข้าออก ม.รามฯ,3,09:00-16:00,0,0,1
ทางเข้าออกมหาวิทยาลัยรามคำแหง,ทางเข้าออก ม.รามฯ,3,16:00-19:00,0,0,1
ทางเข้าออกวัดอินทราวาส,ราชพฤกษ์,1,07:00-09:00,0,1,0
ทางเข้าออกวัดอินทราวาส,ราชพฤกษ์,1,09:00-16:00,0,1,0
ทางเข้าออกวัดอินทราวาส,ราชพฤกษ์,1,16:00-19:00,0,1,0
ทางเข้าออกวัดอินทราวาส,อนิทราวาส,1,07:00-09:00,0,1,0
ทางเข้าออกวัดอินทราวาส,อนิทราวาส,1,09:00-16:00,0,1,0
ทางเข้าออกวัดอินทราวาส,อนิทราวาส,1,16:00-19:00,0,1,0
ทางเข้าออกสำนักงานขนส่งฯ พื้นที่ 1 บางขุนเทียน,ทางเข้าออกสำนักงานขนส่งฯ,4,07:00-09:00,0,0,1
ทางเข้าออกสำนักงานขนส่งฯ พื้นที่ 1 บางขุนเทียน,ทางเข้าออกสำนักงานขนส่งฯ,4,09:00-17:00,0,0,1
ทางเข้าออกสำนักงานขนส่งฯ พื้นที่ 1 บางขุนเทียน,ทางเข้าออกสำนักงานขนส่งฯ,4,17:00-19:00,0,0,1
ทางเข้าออกสำนักงานขนส่งฯ พื้นที่ 1 บางขุนเทียน,บางขุนเทียน-ชายทะเล,4,09:00-17:00,0,0,1
ทางเข้าออกสำนักงานขนส่งฯ พื้นที่ 1 บางขุนเทียน,บางขุนเทียน-ชายทะเล,4,17:00-19:00,0,0,1
ทางเข้าออกเกษรทาวเวอร์,ทางเข้าออกเกษรทาวเวอร์,2,07:00-09:00,0,0,1
ทางเข้าออกเกษรทาวเวอร์,ทางเข้าออกเกษรทาวเวอร์,2,09:00-17:00,0,0,1
ทางเข้าออกเกษรทาวเวอร์,ทางเข้าออกเกษรทาวเวอร์,2,17:00-19:00,0,0,1
ทางเข้าออกเกษรทาวเวอร์,ราชดำริ,2,07:00-09:00,0,0,1
ทางเข้าออกเกษรทาวเวอร์,ราชดำริ,2,09:00-17:00,0,0,1
ทางเข้าออกเกษรทาวเวอร์,ราชดำริ,2,17:00-19:00,0,0,1
ทางเข้าออกเซ็นทรัลเวิลดิ์,ทางเข้าออกเซ็นทรัลเวิลดิ์,2,07:00-09:00,0,0,1
ทางเข้าออกเซ็นทรัลเวิลดิ์,ทางเข้าออกเซ็นทรัลเวิลดิ์,2,09:00-17:00,0,0,1
ทางเข้าออกเซ็นทรัลเวิลดิ์,ทางเข้าออกเซ็นทรัลเวิลดิ์,2,17:00-19:00,0,0,1
ทางเข้าออกเซ็นทรัลเวิลดิ์,ราชดำริ,2,07:00-09:00,0,0,1
ทางเข้าออกเซ็นทรัลเวิลดิ์,ราชดำริ,2,09:00-17:00,0,0,1
ทางเข้าออกเซ็นทรัลเวิลดิ์,ราชดำริ,2,17:00-19:00,0,0,1
ทางเข้าโรงเรียนไทยรัฐวิทยา75,วัชรพล,2,07:00-09:00,1,0,0
ทางเข้าโรงเรียนไทยรัฐวิทยา75,วัชรพล,2,09:00-16:00,1,0,0
ทางเข้าโรงเรียนไทยรัฐวิทยา75,วัชรพล,2,16:00-19:00,1,0,0
ทางเข้าโรงแรมโอเรียลเต็ล (ซอยเจริญกรุง40),เจริญกรุง,2,07:00-09:00,1,0,0
ทางเข้าโรงแรมโอเรียลเต็ล (ซอยเจริญกรุง40),เจริญกรุง,2,09:00-16:00,1,0,0
ทางเข้าโรงแรมโอเรียลเต็ล (ซอยเจริญกรุง40),เจริญกรุง,2,16:00-19:00,1,0,0
ทางเชื่อมมอเตอร์เวย์ - พระราม 9,พระราม 9,2,07:00-09:00,0,0,1
ทางเชื่อมมอเตอร์เวย์ - พระราม 9,พระราม 9,2,09:00-17:00,0,0,1
ทางเชื่อมมอเตอร์เวย์ - พระราม 9,พระราม 9,2,17:00-19:00,0,0,1
ทางเชื่อมมอเตอร์เวย์ - พระราม 9,มอเตอร์เวย์,2,07:00-09:00,0,0,1
ทางเชื่อมมอเตอร์เวย์ - พระราม 9,มอเตอร์เวย์,2,09:00-17:00,0,0,1
ทางเชื่อมมอเตอร์เวย์ - พระราม 9,มอเตอร์เวย์,2,17:00-19:00,0,0,1
ทางเชื่อมมอเตอร์เวย์ - พระราม 9,ศรีนครินทร์,2,07:00-09:00,0,0,1
ทางเชื่อมมอเตอร์เวย์ - พระราม 9,ศรีนครินทร์,2,09:00-17:00,0,0,1
ทางเชื่อมมอเตอร์เวย์ - พระราม 9,ศรีนครินทร์,2,17:00-19:00,0,0,1
ทางโค้งลงสะพานข้ามคลอง ลาดกระบัง,ลาดกระบัง,4,07:00-09:00,0,1,0
ทางโค้งลงสะพานข้ามคลอง ลาดกระบัง,ลาดกระบัง,4,09:00-16:00,0,1,0
ทางโค้งลงสะพานข้ามคลอง ลาดกระบัง,ลาดกระบัง,4,16:00-19:00,0,1,0
ทุ่งครุ,ครุใน,1,07:00-09:00,1,0,0
ทุ่งครุ,ครุใน,1,09:00-16:00,1,0,0
ทุ่งครุ,ครุใน,1,16:00-19:00,1,0,0
ทุ่งครุ,ครุใน,2,07:00-09:00,0,0,1
ทุ่งครุ,ครุใน,2,09:00-17:00,0,0,1
ทุ่งครุ,ครุใน,2,17:00-19:00,0,0,1
ทุ่งครุ,ครุใน,3,07:00-09:00,1,0,0
ทุ่งครุ,ครุใน,3,09:00-16:00,1,0,0
ทุ่งครุ,ครุใน,3,16:00-19:00,1,0,0
ทุ่งครุ,ครุใน,4,07:00-09:00,0,1,0
ทุ่งครุ,ครุใน,4,09:00-16:00,0,1,0
ทุ่งครุ,ครุใน,4,16:00-19:00,0,1,0
ทุ่งครุ,ประชาอุทิศ,1,07:00-09:00,1,0,0
ทุ่งครุ,ประชาอุทิศ,1,09:00-16:00,1,0,0
ทุ่งครุ,ประชาอุทิศ,1,16:00-19:00,1,0,0
ทุ่งครุ,ประชาอุทิศ,2,07:00-09:00,0,0,1
ทุ่งครุ,ประชาอุทิศ,2,09:00-17:00,0,0,1
ทุ่งครุ,ประชาอุทิศ,2,17:00-19:00,0,0,1
ทุ่งครุ,ประชาอุทิศ,3,07:00-09:00,1,0,0
ทุ่งครุ,ประชาอุทิศ,3,09:00-16:00,1,0,0
ทุ่งครุ,ประชาอุทิศ,3,16:00-19:00,1,0,0
ทุ่งครุ,ประชาอุทิศ,4,07:00-09:00,0,1,0
ทุ่งครุ,ประชาอุทิศ,4,09:00-16:00,0,1,0
ทุ่งครุ,ประชาอุทิศ,4,16:00-19:00,0,1,0
ทุ่งสาธิต,ซอยสุขุมวิท 101/1,3,07:00-09:00,1,0,0
ทุ่งสาธิต,ซอยสุขุมวิท 101/1,3,09:00-16:00,1,0,0
ทุ่งสาธิต,ซอยสุขุมวิท 101/1,3,16:00-19:00,1,0,0
ทุ่งสาธิต,สุขุมวิท,1,07:00-09:00,0,0,1
ทุ่งสาธิต,สุขุมวิท,1,09:00-17:00,0,0,1
ทุ่งสาธิต,สุขุมวิท,1,17:00-19:00,0,0,1
ทุ่งสาธิต,สุขุมวิท,3,07:00-09:00,1,0,1
ทุ่งสาธิต,สุขุมวิท,3,09:00-16:00,1,0,0
ทุ่งสาธิต,สุขุมวิท,3,09:00-17:00,0,0,1
ทุ่งสาธิต,สุขุมวิท,3,16:00-19:00,1,0,0
ทุ่งสาธิต,สุขุมวิท,3,17:00-19:00,0,0,1
ทุ่งสาธิต,สุขุมวิท,4,07:00-09:00,0,1,0
ทุ่งสาธิต,สุขุมวิท,4,09:00-16:00,0,1,0
ทุ่งสาธิต,สุขุมวิท,4,16:00-19:00,0,1,0
ทุ่งสาธิต,สุขุมวิท 101/1,1,07:00-09:00,0,0,1
ทุ่งสาธิต,สุขุมวิท 101/1,1,09:00-17:00,0,0,1
ทุ่งสาธิต,สุขุมวิท 101/1,1,17:00-19:00,0,0,1
ทุ่งสาธิต,สุขุมวิท 101/1,3,07:00-09:00,0,0,1
ทุ่งสาธิต,สุขุมวิท 101/1,3,09:00-17:00,0,0,1
ทุ่งสาธิต,สุขุมวิท 101/1,3,17:00-19:00,0,0,1
ทุ่งสาธิต,สุขุมวิท 101/1,4,07:00-09:00,0,1,0
ทุ่งสาธิต,สุขุมวิท 101/1,4,09:00-16:00,0,1,0
ทุ่งสาธิต,สุขุมวิท 101/1,4,16:00-19:00,0,1,0
ท่าดินแดง,ท่าดินแดง,1,07:00-09:00,0,0,2
ท่าดินแดง,ท่าดินแดง,1,09:00-16:00,0,0,1
ท่าดินแดง,ท่าดินแดง,1,09:00-17:00,0,0,1
ท่าดินแดง,ท่าดินแดง,1,16:00-19:00,0,0,1
ท่าดินแดง,ท่าดินแดง,1,17:00-19:00,0,0,1
ท่าดินแดง,ท่าดินแดง,2,07:00-09:00,1,0,0
ท่าดินแดง,ท่าดินแดง,2,09:00-16:00,1,0,0
ท่าดินแดง,ท่าดินแดง,2,16:00-19:00,1,0,0
ท่าดินแดง,ท่าดินแดง,3,07:00-09:00,1,0,0
ท่าดินแดง,ท่าดินแดง,3,09:00-16:00,1,0,0
ท่าดินแดง,ท่าดินแดง,3,16:00-19:00,1,0,0
ท่าดินแดง,ท่าดินแดง,4,07:00-09:00,0,1,0
ท่าดินแดง,ท่าดินแดง,4,09:00-16:00,0,1,0
ท่าดินแดง,ท่าดินแดง,4,16:00-19:00,0,1,0
ท่าดินแดง,สมเด็จเจ้าพระยา,1,07:00-09:00,0,0,1
ท่าดินแดง,สมเด็จเจ้าพระยา,1,09:00-17:00,0,0,1
ท่าดินแดง,สมเด็จเจ้าพระยา,1,17:00-19:00,0,0,1
ท่าดินแดง,สมเด็จเจ้าพระยา,2,07:00-09:00,1,0,0
ท่าดินแดง,สมเด็จเจ้าพระยา,2,09:00-16:00,1,0,0
ท่าดินแดง,สมเด็จเจ้าพระยา,2,16:00-19:00,1,0,0
ท่าดินแดง,สมเด็จเจ้าพระยา,3,07:00-09:00,1,0,0
ท่าดินแดง,สมเด็จเจ้าพระยา,3,09:00-16:00,1,0,0
ท่าดินแดง,สมเด็จเจ้าพระยา,3,16:00-19:00,1,0,0
ท่าดินแดง,สมเด็จเจ้าพระยา,4,07:00-09:00,0,1,0
ท่าดินแดง,สมเด็จเจ้าพระยา,4,09:00-16:00,0,1,0
ท่าดินแดง,สมเด็จเจ้าพระยา,4,16:00-19:00,0,1,0
ท่าพระ,จรัญสนิทวงศ์,2,07:00-09:00,1,0,0
ท่าพระ,จรัญสนิทวงศ์,2,09:00-16:00,1,0,0
ท่าพระ,จรัญสนิทวงศ์,2,16:00-19:00,1,0,0
ท่าพระ,จรัญสนิทวงศ์,3,07:00-09:00,0,1,1
ท่าพระ,จรัญสนิทวงศ์,3,09:00-16:00,0,1,0
ท่าพระ,จรัญสนิทวงศ์,3,09:00-17:00,0,0,1
ท่าพระ,จรัญสนิทวงศ์,3,16:00-19:00,0,1,0
ท่าพระ,จรัญสนิทวงศ์,3,17:00-19:00,0,0,1
ท่าพระ,จรัญสนิทวงศ์,4,07:00-09:00,0,0,1
ท่าพระ,จรัญสนิทวงศ์,4,09:00-17:00,0,0,1
ท่าพระ,จรัญสนิทวงศ์,4,17:00-19:00,0,0,1
ท่าพระ,รัชดาภิเษก,2,07:00-09:00,1,0,0
ท่าพระ,รัชดาภิเษก,2,09:00-16:00,1,0,0
ท่าพระ,รัชดาภิเษก,2,16:00-19:00,1,0,0
ท่าพระ,รัชดาภิเษก,3,07:00-09:00,0,1,1
ท่าพระ,รัชดาภิเษก,3,09:00-16:00,0,1,0
ท่าพระ,รัชดาภิเษก,3,09:00-17:00,0,0,1
ท่าพระ,รัชดาภิเษก,3,16:00-19:00,0,1,0
ท่าพระ,รัชดาภิเษก,3,17:00-19:00,0,0,1
ท่าพระ,รัชดาภิเษก,4,07:00-09:00,0,0,1
ท่าพระ,รัชดาภิเษก,4,09:00-17:00,0,0,1
ท่าพระ,รัชดาภิเษก,4,17:00-19:00,0,0,1
ท่าพระ,เพชรเกษม,2,07:00-09:00,1,0,0
ท่าพระ,เพชรเกษม,2,09:00-16:00,1,0,0
ท่าพระ,เพชรเกษม,2,16:00-19:00,1,0,0
ท่าพระ,เพชรเกษม,3,07:00-09:00,0,1,1
ท่าพระ,เพชรเกษม,3,09:00-16:00,0,1,0
ท่าพระ,เพชรเกษม,3,09:00-17:00,0,0,1
ท่าพระ,เพชรเกษม,3,16:00-19:00,0,1,0
ท่าพระ,เพชรเกษม,3,17:00-19:00,0,0,1
ท่าพระ,เพชรเกษม,4,07:00-09:00,0,0,1
ท่าพระ,เพชรเกษม,4,09:00-17:00,0,0,1
ท่าพระ,เพชรเกษม,4,17:00-19:00,0,0,1
นครสวรรค์ - พะเนียง,นครสวรรค์,3,07:00-09:00,0,0,1
นครสวรรค์ - พะเนียง,นครสวรรค์,3,09:00-17:00,0,0,1
นครสวรรค์ - พะเนียง,นครสวรรค์,3,17:00-19:00,0,0,1
นครสวรรค์ - พะเนียง,พะเนียง,3,07:00-09:00,0,0,1
นครสวรรค์ - พะเนียง,พะเนียง,3,09:00-17:00,0,0,1
นครสวรรค์ - พะเนียง,พะเนียง,3,17:00-19:00,0,0,1
นพวงศ์,กรุงเกษม,3,07:00-09:00,1,0,0
นพวงศ์,กรุงเกษม,3,09:00-16:00,1,0,0
นพวงศ์,กรุงเกษม,3,16:00-19:00,1,0,0
นพวงศ์,กรุงเกษม,4,07:00-09:00,1,0,1
นพวงศ์,กรุงเกษม,4,09:00-16:00,1,0,0
นพวงศ์,กรุงเกษม,4,09:00-17:00,0,0,1
นพวงศ์,กรุงเกษม,4,16:00-19:00,1,0,0
นพวงศ์,กรุงเกษม,4,17:00-19:00,0,0,1
นพวงศ์,มิตรพันธ์,3,07:00-09:00,1,0,0
นพวงศ์,มิตรพันธ์,3,09:00-16:00,1,0,0
นพวงศ์,มิตรพันธ์,3,16:00-19:00,1,0,0
นพวงศ์,มิตรพันธ์,4,07:00-09:00,1,0,1
นพวงศ์,มิตรพันธ์,4,09:00-16:00,1,0,0
นพวงศ์,มิตรพันธ์,4,09:00-17:00,0,0,1
นพวงศ์,มิตรพันธ์,4,16:00-19:00,1,0,0
นพวงศ์,มิตรพันธ์,4,17:00-19:00,0,0,1
นพวงศ์,หลวง,3,07:00-09:00,1,0,0
นพวงศ์,หลวง,3,09:00-16:00,1,0,0
นพวงศ์,หลวง,3,16:00-19:00,1,0,0
นพวงศ์,หลวง,4,07:00-09:00,1,0,1
นพวงศ์,หลวง,4,09:00-16:00,1,0,0
นพวงศ์,หลวง,4,09:00-17:00,0,0,1
นพวงศ์,หลวง,4,16:00-19:00,1,0,0
นพวงศ์,หลวง,4,17:00-19:00,0,0,1
นพวงษ์,กรุงเกษม,1,07:00-09:00,0,1,0
นพวงษ์,กรุงเกษม,1,09:00-16:00,0,1,0
นพวงษ์,กรุงเกษม,1,16:00-19:00,0,1,0
นพวงษ์,มิตรพันธ์,1,07:00-09:00,0,1,0
นพวงษ์,มิตรพันธ์,1,09:00-16:00,0,1,0
นพวงษ์,มิตรพันธ์,1,16:00-19:00,0,1,0
นพวงษ์,หลวง,1,07:00-09:00,0,1,0
นพวงษ์,หลวง,1,09:00-16:00,0,1,0
นพวงษ์,หลวง,1,16:00-19:00,0,1,0
นราธิวาส - นราธิวาส 22,นราธิวาสราชนครินทร์,1,07:00-09:00,0,0,1
นราธิวาส - นราธิวาส 22,นราธิวาสราชนครินทร์,1,09:00-17:00,0,0,1
นราธิวาส - นราธิวาส 22,นราธิวาสราชนครินทร์,1,17:00-19:00,0,0,1
นราธิวาส - นราธิวาส 22,นราธิวาสราชนครินทร์ 22,1,07:00-09:00,0,0,1
นราธิวาส - นราธิวาส 22,นราธิวาสราชนครินทร์ 22,1,09:00-17:00,0,0,1
นราธิวาส - นราธิวาส 22,นราธิวาสราชนครินทร์ 22,1,17:00-19:00,0,0,1
นราธิวาส - พระราม 3,นราธิวาสราชนครินทร์,3,07:00-09:00,0,0,1
นราธิวาส - พระราม 3,นราธิวาสราชนครินทร์,3,09:00-16:00,0,0,1
นราธิวาส - พระราม 3,นราธิวาสราชนครินทร์,3,16:00-19:00,0,0,1
นราธิวาส - พระราม 3,พระรามที่ 3,3,07:00-09:00,0,0,1
นราธิวาส - พระราม 3,พระรามที่ 3,3,09:00-16:00,0,0,1
นราธิวาส - พระราม 3,พระรามที่ 3,3,16:00-19:00,0,0,1
นราธิวาส - สุรวงศ์,นราธิวาส,1,07:00-09:00,0,1,0
นราธิวาส - สุรวงศ์,นราธิวาส,1,09:00-16:00,0,1,0
นราธิวาส - สุรวงศ์,นราธิวาส,1,16:00-19:00,0,1,0
นราธิวาส - สุรวงศ์,นราธิวาสราชนครินทร์,4,07:00-09:00,1,0,1
นราธิวาส - สุรวงศ์,นราธิวาสราชนครินทร์,4,09:00-16:00,1,0,1
นราธิวาส - สุรวงศ์,นราธิวาสราชนครินทร์,4,16:00-19:00,1,0,1
นราธิวาส - สุรวงศ์,สุรวงศ์,1,07:00-09:00,0,1,0
นราธิวาส - สุรวงศ์,สุรวงศ์,1,09:00-16:00,0,1,0
นราธิวาส - สุรวงศ์,สุรวงศ์,1,16:00-19:00,0,1,0
นราธิวาส - สุรวงศ์,สุรวงศ์,4,07:00-09:00,0,0,1
นราธิวาส - สุรวงศ์,สุรวงศ์,4,09:00-16:00,0,0,1
นราธิวาส - สุรวงศ์,สุรวงศ์,4,16:00-19:00,0,0,1
นราธิวาส -สุรวงศ์,นราธิวาส,2,07:00-09:00,1,0,0
นราธิวาส -สุรวงศ์,นราธิวาส,2,09:00-16:00,1,0,0
นราธิวาส -สุรวงศ์,นราธิวาส,2,16:00-19:00,1,0,0
นราธิวาส -สุรวงศ์,สุรวงศ์,2,07:00-09:00,1,0,0
นราธิวาส -สุรวงศ์,สุรวงศ์,2,09:00-16:00,1,0,0
นราธิวาส -สุรวงศ์,สุรวงศ์,2,16:00-19:00,1,0,0
นราธิวาส ฯ - พระราม 3,นราธวาสราชนครินทร์,2,07:00-09:00,1,0,0
นราธิวาส ฯ - พระราม 3,นราธวาสราชนครินทร์,2,09:00-16:00,1,0,0
นราธิวาส ฯ - พระราม 3,นราธวาสราชนครินทร์,2,16:00-19:00,1,0,0
นราธิวาส ฯ - พระราม 3,พระราม 3,2,07:00-09:00,1,0,0
นราธิวาส ฯ - พระราม 3,พระราม 3,2,09:00-16:00,1,0,0
นราธิวาส ฯ - พระราม 3,พระราม 3,2,16:00-19:00,1,0,0
นราธิวาส- สุรวงศ์,นราธิวาส,3,07:00-09:00,1,0,0
นราธิวาส- สุรวงศ์,นราธิวาส,3,09:00-16:00,1,0,0
นราธิวาส- สุรวงศ์,นราธิวาส,3,16:00-19:00,1,0,0
นราธิวาส- สุรวงศ์,สุรวงศ์,3,07:00-09:00,1,0,0
นราธิวาส- สุรวงศ์,สุรวงศ์,3,09:00-16:00,1,0,0
นราธิวาส- สุรวงศ์,สุรวงศ์,3,16:00-19:00,1,0,0
นราธิวาสราชนครินทร์ 20,นราธิวาสราชนครินทร์,1,07:00-09:00,0,0,1
นราธิวาสราชนครินทร์ 20,นราธิวาสราชนครินทร์,1,09:00-17:00,0,0,1
นราธิวาสราชนครินทร์ 20,นราธิวาสราชนครินทร์,1,17:00-19:00,0,0,1
นราธิวาสฯ - พระราม 3,นราธิวาสราชนครินทร์,2,07:00-09:00,0,1,0
นราธิวาสฯ - พระราม 3,นราธิวาสราชนครินทร์,2,09:00-16:00,0,1,0
นราธิวาสฯ - พระราม 3,นราธิวาสราชนครินทร์,2,16:00-19:00,0,1,0
นราธิวาสฯ - พระราม 3,นราธิวาสฯ,1,07:00-09:00,1,0,0
นราธิวาสฯ - พระราม 3,นราธิวาสฯ,1,09:00-16:00,1,0,0
นราธิวาสฯ - พระราม 3,นราธิวาสฯ,1,16:00-19:00,1,0,0
นราธิวาสฯ - พระราม 3,พระรามที่ 3,1,07:00-09:00,1,0,0
นราธิวาสฯ - พระราม 3,พระรามที่ 3,1,09:00-16:00,1,0,0
นราธิวาสฯ - พระราม 3,พระรามที่ 3,1,16:00-19:00,1,0,0
นราธิวาสฯ - พระราม 3,พระรามที่ 3,2,07:00-09:00,0,1,0
นราธิวาสฯ - พระราม 3,พระรามที่ 3,2,09:00-16:00,0,1,0
นราธิวาสฯ - พระราม 3,พระรามที่ 3,2,16:00-19:00,0,1,0
นวมินทร์ - ประเสริฐมนูกิจ,นวมนิทร์,4,07:00-09:00,0,1,0
นวมินทร์ - ประเสริฐมนูกิจ,นวมนิทร์,4,09:00-16:00,0,1,0
นวมินทร์ - ประเสริฐมนูกิจ,นวมนิทร์,4,16:00-19:00,0,1,0
นวมินทร์ - ประเสริฐมนูกิจ,นวมินทร์,3,06:30-09:00,1,0,0
นวมินทร์ - ประเสริฐมนูกิจ,นวมินทร์,3,07:00-09:00,0,0,1
นวมินทร์ - ประเสริฐมนูกิจ,นวมินทร์,3,09:00-16:00,1,0,0
นวมินทร์ - ประเสริฐมนูกิจ,นวมินทร์,3,09:00-17:00,0,0,1
นวมินทร์ - ประเสริฐมนูกิจ,นวมินทร์,3,16:00-19:30,1,0,0
นวมินทร์ - ประเสริฐมนูกิจ,นวมินทร์,3,17:00-19:00,0,0,1
นวมินทร์ - ประเสริฐมนูกิจ,นวมินทร์,4,07:00-09:00,1,0,0
นวมินทร์ - ประเสริฐมนูกิจ,นวมินทร์,4,09:00-16:00,1,0,0
นวมินทร์ - ประเสริฐมนูกิจ,นวมินทร์,4,16:00-19:00,1,0,0
นวมินทร์ - ประเสริฐมนูกิจ,ประเสริฐมนูกิจ,3,06:30-09:00,1,0,0
นวมินทร์ - ประเสริฐมนูกิจ,ประเสริฐมนูกิจ,3,07:00-09:00,0,0,1
นวมินทร์ - ประเสริฐมนูกิจ,ประเสริฐมนูกิจ,3,09:00-16:00,1,0,0
นวมินทร์ - ประเสริฐมนูกิจ,ประเสริฐมนูกิจ,3,09:00-17:00,0,0,1
นวมินทร์ - ประเสริฐมนูกิจ,ประเสริฐมนูกิจ,3,16:00-19:30,1,0,0
นวมินทร์ - ประเสริฐมนูกิจ,ประเสริฐมนูกิจ,3,17:00-19:00,0,0,1
นวมินทร์ - ประเสริฐมนูกิจ,ประเสริฐมนูกิจ,4,07:00-09:00,1,1,0
นวมินทร์ - ประเสริฐมนูกิจ,ประเสริฐมนูกิจ,4,09:00-16:00,1,1,0
นวมินทร์ - ประเสริฐมนูกิจ,ประเสริฐมนูกิจ,4,16:00-19:00,1,1,0
นวมินทร์ - ศรีบูรพา,นวมินทร์,2,07:00-09:00,0,0,1
นวมินทร์ - ศรีบูรพา,นวมินทร์,2,09:00-17:00,0,0,1
นวมินทร์ - ศรีบูรพา,นวมินทร์,2,17:00-19:00,0,0,1
นวมินทร์ - ศรีบูรพา,นวมินทร์ 51,2,07:00-09:00,0,0,1
นวมินทร์ - ศรีบูรพา,นวมินทร์ 51,2,09:00-17:00,0,0,1
นวมินทร์ - ศรีบูรพา,นวมินทร์ 51,2,17:00-19:00,0,0,1
นวมินทร์ - ศรีบูรพา,ศรีบูรพา,2,07:00-09:00,0,0,1
นวมินทร์ - ศรีบูรพา,ศรีบูรพา,2,09:00-17:00,0,0,1
นวมินทร์ - ศรีบูรพา,ศรีบูรพา,2,17:00-19:00,0,0,1
นวมินทร์ - แฮปปีแลนด์,นวมินทร์,1,07:00-09:00,1,0,0
นวมินทร์ - แฮปปีแลนด์,นวมินทร์,1,09:00-16:00,1,0,0
นวมินทร์ - แฮปปีแลนด์,นวมินทร์,1,16:00-19:00,1,0,0
นวมินทร์ - แฮปปีแลนด์,แฮปปี้แลนด์,1,07:00-09:00,1,0,0
นวมินทร์ - แฮปปีแลนด์,แฮปปี้แลนด์,1,09:00-16:00,1,0,0
นวมินทร์ - แฮปปีแลนด์,แฮปปี้แลนด์,1,16:00-19:00,1,0,0
นวมินทร์ - แฮปปี้แลนด์,นวมินทร์,1,07:00-09:00,0,0,1
นวมินทร์ - แฮปปี้แลนด์,นวมินทร์,1,09:00-17:00,0,0,1
นวมินทร์ - แฮปปี้แลนด์,นวมินทร์,1,17:00-19:00,0,0,1
นวมินทร์ - แฮปปี้แลนด์,นวมินทร์,3,07:00-09:00,0,0,1
นวมินทร์ - แฮปปี้แลนด์,นวมินทร์,3,09:00-17:00,0,0,1
นวมินทร์ - แฮปปี้แลนด์,นวมินทร์,3,17:00-19:00,0,0,1
นวมินทร์ - แฮปปี้แลนด์,แฮปปี้แลนด์,1,07:00-09:00,0,0,1
นวมินทร์ - แฮปปี้แลนด์,แฮปปี้แลนด์,1,09:00-17:00,0,0,1
นวมินทร์ - แฮปปี้แลนด์,แฮปปี้แลนด์,1,17:00-19:00,0,0,1
นวมินทร์ - แฮปปี้แลนด์,แฮปปี้แลนด์,3,07:00-09:00,0,0,1
นวมินทร์ - แฮปปี้แลนด์,แฮปปี้แลนด์,3,09:00-17:00,0,0,1
นวมินทร์ - แฮปปี้แลนด์,แฮปปี้แลนด์,3,17:00-19:00,0,0,1
นวมินทร์ 10,นวมินทร์,2,07:00-09:00,0,0,1
นวมินทร์ 10,นวมินทร์,2,09:00-17:00,0,0,1
นวมินทร์ 10,นวมินทร์,2,17:00-19:00,0,0,1
นวมินทร์ 10,นวมินทร์ 10,2,07:00-09:00,0,0,1
นวมินทร์ 10,นวมินทร์ 10,2,09:00-17:00,0,0,1
นวมินทร์ 10,นวมินทร์ 10,2,17:00-19:00,0,0,1
นวลจันทร์,ซอยรามอินทรา 40,2,07:00-09:00,1,0,0
นวลจันทร์,ซอยรามอินทรา 40,2,09:00-16:00,1,0,0
นวลจันทร์,ซอยรามอินทรา 40,2,16:00-19:00,1,0,0
นวลจันทร์,ซอยรามอินทรา 40,3,07:00-09:00,0,1,0
นวลจันทร์,ซอยรามอินทรา 40,3,09:00-16:00,0,1,0
นวลจันทร์,ซอยรามอินทรา 40,3,16:00-19:00,0,1,0
นวลจันทร์,รามอินทรา,2,07:00-09:00,1,0,0
นวลจันทร์,รามอินทรา,2,09:00-16:00,1,0,0
นวลจันทร์,รามอินทรา,2,16:00-19:00,1,0,0
นวลจันทร์,รามอินทรา,3,07:00-09:00,0,1,0
นวลจันทร์,รามอินทรา,3,09:00-16:00,0,1,0
นวลจันทร์,รามอินทรา,3,16:00-19:00,0,1,0
นวลจันทร์ - คลองลำเจียก,คลองลำเจียก,1,07:00-09:00,0,0,1
นวลจันทร์ - คลองลำเจียก,คลองลำเจียก,1,09:00-17:00,0,0,1
นวลจันทร์ - คลองลำเจียก,คลองลำเจียก,1,17:00-19:00,0,0,1
นวลจันทร์ - คลองลำเจียก,นวลจันทร์,1,07:00-09:00,0,0,1
นวลจันทร์ - คลองลำเจียก,นวลจันทร์,1,09:00-17:00,0,0,1
นวลจันทร์ - คลองลำเจียก,นวลจันทร์,1,17:00-19:00,0,0,1
นอร์ธปาร์ค,กำแพงเพชร 6,2,07:00-09:00,0,1,0
นอร์ธปาร์ค,กำแพงเพชร 6,2,09:00-16:00,0,1,0
นอร์ธปาร์ค,กำแพงเพชร 6,2,16:00-19:00,0,1,0
นอร์ธปาร์ค,กำแพงเพชร 6,4,07:00-09:00,1,0,1
นอร์ธปาร์ค,กำแพงเพชร 6,4,09:00-16:00,1,0,0
นอร์ธปาร์ค,กำแพงเพชร 6,4,09:00-17:00,0,0,1
นอร์ธปาร์ค,กำแพงเพชร 6,4,16:00-19:00,1,0,0
นอร์ธปาร์ค,กำแพงเพชร 6,4,17:00-19:00,0,0,1
นอร์ธปาร์ค,ชิดชน,2,07:00-09:00,0,1,0
นอร์ธปาร์ค,ชิดชน,2,09:00-16:00,0,1,0
นอร์ธปาร์ค,ชิดชน,2,16:00-19:00,0,1,0
นอร์ธปาร์ค,ชิดชน,4,07:00-09:00,1,0,1
นอร์ธปาร์ค,ชิดชน,4,09:00-16:00,1,0,0
นอร์ธปาร์ค,ชิดชน,4,09:00-17:00,0,0,1
นอร์ธปาร์ค,ชิดชน,4,16:00-19:00,1,0,0
นอร์ธปาร์ค,ชิดชน,4,17:00-19:00,0,0,1
นางลิ้นจี่,นางลิ้นจี่,1,06:30-09:00,0,1,0
นางลิ้นจี่,นางลิ้นจี่,1,09:00-16:00,0,1,0
นางลิ้นจี่,นางลิ้นจี่,1,16:00-19:30,0,1,0
นางลิ้นจี่,นางลิ้นจี่,2,07:00-09:00,0,0,1
นางลิ้นจี่,นางลิ้นจี่,2,09:00-16:00,0,0,1
นางลิ้นจี่,นางลิ้นจี่,2,16:00-19:00,0,0,1
นางลิ้นจี่,นางลิ้นจี่,3,07:00-09:00,1,0,0
นางลิ้นจี่,นางลิ้นจี่,3,09:00-16:00,1,0,0
นางลิ้นจี่,นางลิ้นจี่,3,16:00-19:00,1,0,0
นางลิ้นจี่,พระรามที่ 3,1,06:30-09:00,0,1,0
นางลิ้นจี่,พระรามที่ 3,1,09:00-16:00,0,1,0
นางลิ้นจี่,พระรามที่ 3,1,16:00-19:30,0,1,0
นางลิ้นจี่,พระรามที่ 3,2,07:00-09:00,0,0,1
นางลิ้นจี่,พระรามที่ 3,2,09:00-16:00,0,0,1
นางลิ้นจี่,พระรามที่ 3,2,16:00-19:00,0,0,1
นางลิ้นจี่,พระรามที่ 3,3,07:00-09:00,1,0,0
นางลิ้นจี่,พระรามที่ 3,3,09:00-16:00,1,0,0
นางลิ้นจี่,พระรามที่ 3,3,16:00-19:00,1,0,0
นางลื้นจี่,นางลิ้นจี่,2,07:00-09:00,0,0,1
นางลื้นจี่,นางลิ้นจี่,2,09:00-17:00,0,0,1
นางลื้นจี่,นางลิ้นจี่,2,17:00-19:00,0,0,1
นางลื้นจี่,พระรามที่ 3,2,07:00-09:00,0,0,1
นางลื้นจี่,พระรามที่ 3,2,09:00-17:00,0,0,1
นางลื้นจี่,พระรามที่ 3,2,17:00-19:00,0,0,1
นางเลิ้ง,ทางข้ามสนามม้า,3,07:00-09:00,1,0,0
นางเลิ้ง,ทางข้ามสนามม้า,3,09:00-16:00,1,0,0
นางเลิ้ง,ทางข้ามสนามม้า,3,16:00-19:00,1,0,0
นางเลิ้ง,ทางเข้าสนามม้า,3,06:30-09:00,0,1,0
นางเลิ้ง,ทางเข้าสนามม้า,3,09:00-16:00,0,1,0
นางเลิ้ง,ทางเข้าสนามม้า,3,16:00-19:30,0,1,0
นางเลิ้ง,นครสวรรค์,3,06:30-09:00,0,1,0
นางเลิ้ง,นครสวรรค์,3,07:00-09:00,1,0,1
นางเลิ้ง,นครสวรรค์,3,09:00-16:00,1,1,1
นางเลิ้ง,นครสวรรค์,3,16:00-19:00,1,0,1
นางเลิ้ง,นครสวรรค์,3,16:00-19:30,0,1,0
นางเลิ้ง,นครสวรรค์,4,07:00-09:00,0,0,1
นางเลิ้ง,นครสวรรค์,4,09:00-17:00,0,0,1
นางเลิ้ง,นครสวรรค์,4,17:00-19:00,0,0,1
นางเลิ้ง,พิษณุโลก,3,07:00-09:00,1,1,1
นางเลิ้ง,พิษณุโลก,3,09:00-16:00,1,1,1
นางเลิ้ง,พิษณุโลก,3,16:00-19:00,1,1,1
นางเลิ้ง,พิษณุโลก,4,07:00-09:00,0,0,1
นางเลิ้ง,พิษณุโลก,4,09:00-17:00,0,0,1
นางเลิ้ง,พิษณุโลก,4,17:00-19:00,0,0,1
นานา,ซ .สุขุมวิท 3 (นานา ),4,07:00-09:00,1,0,0
นานา,ซ .สุขุมวิท 3 (นานา ),4,09:00-16:00,1,0,0
นานา,ซ .สุขุมวิท 3 (นานา ),4,16:00-19:00,1,0,0
นานา,ซ .สุขุมวิท 4,4,07:00-09:00,1,0,0
นานา,ซ .สุขุมวิท 4,4,09:00-16:00,1,0,0
นานา,ซ .สุขุมวิท 4,4,16:00-19:00,1,0,0
นานา,ซอยสุขุมวิท 3 (นานา),3,06:30-09:00,0,1,0
นานา,ซอยสุขุมวิท 3 (นานา),3,09:00-16:00,0,1,0
นานา,ซอยสุขุมวิท 3 (นานา),3,16:00-19:30,0,1,0
นานา,ซอยสุขุมวิท 4,3,07:00-09:00,0,1,0
นานา,ซอยสุขุมวิท 4,3,09:00-16:00,0,1,0
นานา,ซอยสุขุมวิท 4,3,16:00-19:00,0,1,0
นานา,นานา (สุขุมวิท 3),3,07:00-09:00,0,0,1
นานา,นานา (สุขุมวิท 3),3,09:00-17:00,0,0,1
นานา,นานา (สุขุมวิท 3),3,17:00-19:00,0,0,1
นานา,สุขุมวิท,1,07:00-09:00,0,0,1
นานา,สุขุมวิท,1,09:00-16:00,0,0,1
นานา,สุขุมวิท,1,16:00-19:00,0,0,1
นานา,สุขุมวิท,3,06:30-09:00,0,1,0
นานา,สุขุมวิท,3,07:00-09:00,0,0,1
นานา,สุขุมวิท,3,09:00-16:00,0,1,0
นานา,สุขุมวิท,3,09:00-17:00,0,0,1
นานา,สุขุมวิท,3,16:00-19:30,0,1,0
นานา,สุขุมวิท,3,17:00-19:00,0,0,1
นานา,สุขุมวิท,4,07:00-09:00,1,0,1
นานา,สุขุมวิท,4,09:00-16:00,1,0,0
นานา,สุขุมวิท,4,09:00-17:00,0,0,1
นานา,สุขุมวิท,4,16:00-19:00,1,0,0
นานา,สุขุมวิท,4,17:00-19:00,0,0,1
นานา,สุขุมวิท 3,1,07:00-09:00,0,0,1
นานา,สุขุมวิท 3,1,09:00-16:00,0,0,1
นานา,สุขุมวิท 3,1,16:00-19:00,0,0,1
นานา,สุขุมวิท 3,4,07:00-09:00,0,0,1
นานา,สุขุมวิท 3,4,09:00-17:00,0,0,1
นานา,สุขุมวิท 3,4,17:00-19:00,0,0,1
นานา,สุขุมวิท 4,1,07:00-09:00,0,0,1
นานา,สุขุมวิท 4,1,09:00-16:00,0,0,1
นานา,สุขุมวิท 4,1,16:00-19:00,0,0,1
นานา,สุขุมวิท 4,3,07:00-09:00,0,0,1
นานา,สุขุมวิท 4,3,09:00-17:00,0,0,1
นานา,สุขุมวิท 4,3,17:00-19:00,0,0,1
นานา,สุขุมวิท 4,4,07:00-09:00,0,0,1
นานา,สุขุมวิท 4,4,09:00-17:00,0,0,1
นานา,สุขุมวิท 4,4,17:00-19:00,0,0,1
นาวงประชาพัฒนา - เทิดราชัน,นาวงประชาพัฒนา,2,07:00-09:00,0,0,1
นาวงประชาพัฒนา - เทิดราชัน,นาวงประชาพัฒนา,2,09:00-17:00,0,0,1
นาวงประชาพัฒนา - เทิดราชัน,นาวงประชาพัฒนา,2,17:00-19:00,0,0,1
นาวงประชาพัฒนา - เทิดราชัน,เทิดราชัน,2,07:00-09:00,0,0,1
นาวงประชาพัฒนา - เทิดราชัน,เทิดราชัน,2,09:00-17:00,0,0,1
นาวงประชาพัฒนา - เทิดราชัน,เทิดราชัน,2,17:00-19:00,0,0,1
นาวงประชาพัฒนา 13,นาวงประชาพัฒนา,1,07:00-09:00,1,0,0
นาวงประชาพัฒนา 13,นาวงประชาพัฒนา,1,09:00-16:00,1,0,0
นาวงประชาพัฒนา 13,นาวงประชาพัฒนา,1,16:00-19:00,1,0,0
นาหลวง,ประชาอุทิศ,3,07:00-09:00,1,0,0
นาหลวง,ประชาอุทิศ,3,09:00-16:00,1,0,0
นาหลวง,ประชาอุทิศ,3,16:00-19:00,1,0,0
นาหลวง,ประชาอุทิศ,4,07:00-09:00,1,0,0
นาหลวง,ประชาอุทิศ,4,09:00-16:00,1,0,0
นาหลวง,ประชาอุทิศ,4,16:00-19:00,1,0,0
นาหลวง,ประชาอุทิศ (SB),2,07:00-09:00,0,1,0
นาหลวง,ประชาอุทิศ (SB),2,09:00-16:00,0,1,0
นาหลวง,ประชาอุทิศ (SB),2,16:00-19:00,0,1,0
นาหลวง,ประชาอุทิศ (SB),4,07:00-09:00,0,0,2
นาหลวง,ประชาอุทิศ (SB),4,09:00-17:00,0,0,2
นาหลวง,ประชาอุทิศ (SB),4,17:00-19:00,0,0,2
นาหลวง,ประชาอุทิศ (WB),2,07:00-09:00,0,1,0
นาหลวง,ประชาอุทิศ (WB),2,09:00-16:00,0,1,0
นาหลวง,ประชาอุทิศ (WB),2,16:00-19:00,0,1,0
นาหลวง,ประชาอุทิศ (WB),4,07:00-09:00,0,0,2
นาหลวง,ประชาอุทิศ (WB),4,09:00-17:00,0,0,2
นาหลวง,ประชาอุทิศ (WB),4,17:00-19:00,0,0,2
นาหลวง,พุทธบูชา,2,07:00-09:00,0,1,0
นาหลวง,พุทธบูชา,2,09:00-16:00,0,1,0
นาหลวง,พุทธบูชา,2,16:00-19:00,0,1,0
นาหลวง,พุทธบูชา,3,07:00-09:00,1,0,0
นาหลวง,พุทธบูชา,3,09:00-16:00,1,0,0
นาหลวง,พุทธบูชา,3,16:00-19:00,1,0,0
นาหลวง,พุทธบูชา,4,07:00-09:00,1,0,2
นาหลวง,พุทธบูชา,4,09:00-16:00,1,0,0
นาหลวง,พุทธบูชา,4,09:00-17:00,0,0,2
นาหลวง,พุทธบูชา,4,16:00-19:00,1,0,0
นาหลวง,พุทธบูชา,4,17:00-19:00,0,0,2
นาหลวง,ม.สินทวี,3,07:00-09:00,1,0,0
นาหลวง,ม.สินทวี,3,09:00-16:00,1,0,0
นาหลวง,ม.สินทวี,3,16:00-19:00,1,0,0
นาหลวง,ม.สินทวี,4,07:00-09:00,1,0,0
นาหลวง,ม.สินทวี,4,09:00-16:00,1,0,0
นาหลวง,ม.สินทวี,4,16:00-19:00,1,0,0
นาหลวง,หมู่บ้านสินทวี,2,07:00-09:00,0,1,0
นาหลวง,หมู่บ้านสินทวี,2,09:00-16:00,0,1,0
นาหลวง,หมู่บ้านสินทวี,2,16:00-19:00,0,1,0
นาหลวง,หมู่บ้านสินทวี,4,07:00-09:00,0,0,2
นาหลวง,หมู่บ้านสินทวี,4,09:00-17:00,0,0,2
นาหลวง,หมู่บ้านสินทวี,4,17:00-19:00,0,0,2
นิคมมักกะสัน,กำแพงเพชร 7,3,07:00-09:00,0,0,1
นิคมมักกะสัน,กำแพงเพชร 7,3,09:00-17:00,0,0,1
นิคมมักกะสัน,กำแพงเพชร 7,3,17:00-19:00,0,0,1
นิคมมักกะสัน,นิคมมักกะสัน (EB),3,07:00-09:00,0,0,1
นิคมมักกะสัน,นิคมมักกะสัน (EB),3,09:00-17:00,0,0,1
นิคมมักกะสัน,นิคมมักกะสัน (EB),3,17:00-19:00,0,0,1
นิคมมักกะสัน,นิคมมักกะสัน (NB),3,07:00-09:00,0,0,1
นิคมมักกะสัน,นิคมมักกะสัน (NB),3,09:00-17:00,0,0,1
นิคมมักกะสัน,นิคมมักกะสัน (NB),3,17:00-19:00,0,0,1
นิคมอุตสาหกรรมลาดกระบัง,ฉลองกรุง,2,07:00-09:00,0,0,1
นิคมอุตสาหกรรมลาดกระบัง,ฉลองกรุง,2,09:00-17:00,0,0,1
นิคมอุตสาหกรรมลาดกระบัง,ฉลองกรุง,2,17:00-19:00,0,0,1
นิคมอุตสาหกรรมลาดกระบัง,ฉลองกรุง,3,07:00-09:00,1,0,0
นิคมอุตสาหกรรมลาดกระบัง,ฉลองกรุง,3,09:00-16:00,1,0,0
นิคมอุตสาหกรรมลาดกระบัง,ฉลองกรุง,3,16:00-19:00,1,0,0
นิคมอุตสาหกรรมลาดกระบัง,ฉลองกรุง,4,07:00-09:00,0,0,2
นิคมอุตสาหกรรมลาดกระบัง,ฉลองกรุง,4,09:00-17:00,0,0,2
นิคมอุตสาหกรรมลาดกระบัง,ฉลองกรุง,4,17:00-19:00,0,0,2
นิคมอุตสาหกรรมลาดกระบัง,ฉลองกรุง 31,2,07:00-09:00,0,0,1
นิคมอุตสาหกรรมลาดกระบัง,ฉลองกรุง 31,2,09:00-17:00,0,0,1
นิคมอุตสาหกรรมลาดกระบัง,ฉลองกรุง 31,2,17:00-19:00,0,0,1
นิคมอุตสาหกรรมลาดกระบัง,ฉลองกรุง 31,4,07:00-09:00,0,0,2
นิคมอุตสาหกรรมลาดกระบัง,ฉลองกรุง 31,4,09:00-17:00,0,0,2
นิคมอุตสาหกรรมลาดกระบัง,ฉลองกรุง 31,4,17:00-19:00,0,0,2
นิคมอุตสาหกรรมลาดกระบัง,ซอยฉลองกรุง 31,3,06:30-09:00,1,0,0
นิคมอุตสาหกรรมลาดกระบัง,ซอยฉลองกรุง 31,3,09:00-16:00,1,0,0
นิคมอุตสาหกรรมลาดกระบัง,ซอยฉลองกรุง 31,3,16:00-19:30,1,0,0
นิคมอุตสาหกรรมลาดกระบัง,ซอยส่วนบุคคล,2,07:00-09:00,0,0,1
นิคมอุตสาหกรรมลาดกระบัง,ซอยส่วนบุคคล,2,09:00-17:00,0,0,1
นิคมอุตสาหกรรมลาดกระบัง,ซอยส่วนบุคคล,2,17:00-19:00,0,0,1
นิคมอุตสาหกรรมลาดกระบัง,ส่วนบุคคล,3,06:30-09:00,1,0,0
นิคมอุตสาหกรรมลาดกระบัง,ส่วนบุคคล,3,09:00-16:00,1,0,0
นิคมอุตสาหกรรมลาดกระบัง,ส่วนบุคคล,3,16:00-19:30,1,0,0
นิคมอุตสาหกรรมลาดกระบัง,ส่วนบุคคล,4,07:00-09:00,0,0,2
นิคมอุตสาหกรรมลาดกระบัง,ส่วนบุคคล,4,09:00-17:00,0,0,2
นิคมอุตสาหกรรมลาดกระบัง,ส่วนบุคคล,4,17:00-19:00,0,0,2
นิด้า,ศรีบูรพา,1,07:00-09:00,1,0,1
นิด้า,ศรีบูรพา,1,09:00-16:00,1,0,0
นิด้า,ศรีบูรพา,1,09:00-17:00,0,0,1
นิด้า,ศรีบูรพา,1,16:00-19:00,1,0,0
นิด้า,ศรีบูรพา,1,17:00-19:00,0,0,1
นิด้า,ศรีบูรพา,2,06:30-09:00,0,1,0
นิด้า,ศรีบูรพา,2,09:00-16:00,0,1,0
นิด้า,ศรีบูรพา,2,16:00-19:30,0,1,0
นิด้า,ศรีบูรพา,3,07:00-09:00,0,0,2
นิด้า,ศรีบูรพา,3,09:00-17:00,0,0,2
นิด้า,ศรีบูรพา,3,17:00-19:00,0,0,2
นิด้า,ศรีบูรพา,4,07:00-09:00,0,1,0
นิด้า,ศรีบูรพา,4,09:00-16:00,0,1,0
นิด้า,ศรีบูรพา,4,16:00-19:00,0,1,0
นิด้า,เสรีไทย,1,07:00-09:00,1,0,1
นิด้า,เสรีไทย,1,09:00-16:00,1,0,0
นิด้า,เสรีไทย,1,09:00-17:00,0,0,1
นิด้า,เสรีไทย,1,16:00-19:00,1,0,0
นิด้า,เสรีไทย,1,17:00-19:00,0,0,1
นิด้า,เสรีไทย,2,07:00-09:00,0,1,0
นิด้า,เสรีไทย,2,09:00-16:00,0,1,0
นิด้า,เสรีไทย,2,16:00-19:00,0,1,0
นิด้า,เสรีไทย,3,07:00-09:00,0,0,2
นิด้า,เสรีไทย,3,09:00-17:00,0,0,2
นิด้า,เสรีไทย,3,17:00-19:00,0,0,2
นิด้า,เสรีไทย,4,07:00-09:00,0,1,0
นิด้า,เสรีไทย,4,09:00-16:00,0,1,0
นิด้า,เสรีไทย,4,16:00-19:00,0,1,0
นิมิตรใหม่ - ประชาร่วมใจ,นิมิตรใหม่,4,07:00-09:00,0,0,1
นิมิตรใหม่ - ประชาร่วมใจ,นิมิตรใหม่,4,09:00-16:00,0,0,1
นิมิตรใหม่ - ประชาร่วมใจ,นิมิตรใหม่,4,16:00-19:00,0,0,1
นิมิตรใหม่ - ประชาร่วมใจ,ประชาร่วมใจ,4,07:00-09:00,0,0,1
นิมิตรใหม่ - ประชาร่วมใจ,ประชาร่วมใจ,4,09:00-16:00,0,0,1
นิมิตรใหม่ - ประชาร่วมใจ,ประชาร่วมใจ,4,16:00-19:00,0,0,1
นิมิตใหม่ - สุวินทวงศ์,นิมิตใหม่,3,07:00-09:00,0,0,1
นิมิตใหม่ - สุวินทวงศ์,นิมิตใหม่,3,09:00-17:00,0,0,1
นิมิตใหม่ - สุวินทวงศ์,นิมิตใหม่,3,17:00-19:00,0,0,1
นิมิตใหม่ - สุวินทวงศ์,สุวินทวงศ์,3,07:00-09:00,0,0,1
นิมิตใหม่ - สุวินทวงศ์,สุวินทวงศ์,3,09:00-17:00,0,0,1
นิมิตใหม่ - สุวินทวงศ์,สุวินทวงศ์,3,17:00-19:00,0,0,1
นิมิตใหม่ 14,นิมิตใหม่,1,07:00-09:00,0,0,1
นิมิตใหม่ 14,นิมิตใหม่,1,09:00-17:00,0,0,1
นิมิตใหม่ 14,นิมิตใหม่,1,17:00-19:00,0,0,1
นิมิตใหม่ 4 - 6,นิมิตใหม่,3,07:00-09:00,0,0,1
นิมิตใหม่ 4 - 6,นิมิตใหม่,3,09:00-17:00,0,0,1
นิมิตใหม่ 4 - 6,นิมิตใหม่,3,17:00-19:00,0,0,1
นิมิตใหม่ 40,นิมิตใหม่,1,07:00-09:00,0,0,1
นิมิตใหม่ 40,นิมิตใหม่,1,09:00-17:00,0,0,1
นิมิตใหม่ 40,นิมิตใหม่,1,17:00-19:00,0,0,1
นิมิตใหม่64,ซอยนิมิตรใหม่63,1,07:00-09:00,1,0,0
นิมิตใหม่64,ซอยนิมิตรใหม่63,1,09:00-16:00,1,0,0
นิมิตใหม่64,ซอยนิมิตรใหม่63,1,16:00-19:00,1,0,0
นิมิตใหม่64,ซอยนิมิตรใหม่64,1,07:00-09:00,1,0,0
นิมิตใหม่64,ซอยนิมิตรใหม่64,1,09:00-16:00,1,0,0
นิมิตใหม่64,ซอยนิมิตรใหม่64,1,16:00-19:00,1,0,0
นิมิตใหม่64,นิมิตรใหม่,1,07:00-09:00,1,0,0
นิมิตใหม่64,นิมิตรใหม่,1,09:00-16:00,1,0,0
นิมิตใหม่64,นิมิตรใหม่,1,16:00-19:00,1,0,0
นเรศ,สี่พระยา,3,07:00-09:00,0,0,2
นเรศ,สี่พระยา,3,09:00-17:00,0,0,2
นเรศ,สี่พระยา,3,17:00-19:00,0,0,2
บรมราชชนนี,จรัญสนิทวงศ์,2,07:00-09:00,0,1,1
บรมราชชนนี,จรัญสนิทวงศ์,2,09:00-16:00,0,1,0
บรมราชชนนี,จรัญสนิทวงศ์,2,09:00-17:00,0,0,1
บรมราชชนนี,จรัญสนิทวงศ์,2,16:00-19:00,0,1,0
บรมราชชนนี,จรัญสนิทวงศ์,2,17:00-19:00,0,0,1
บรมราชชนนี,จรัญสนิทวงศ์,3,07:00-09:00,1,0,0
บรมราชชนนี,จรัญสนิทวงศ์,3,09:00-16:00,1,0,0
บรมราชชนนี,จรัญสนิทวงศ์,3,16:00-19:00,1,0,0
บรมราชชนนี,จรัญสนิทวงศ์,4,07:00-09:00,0,0,2
บรมราชชนนี,จรัญสนิทวงศ์,4,09:00-17:00,0,0,2
บรมราชชนนี,จรัญสนิทวงศ์,4,17:00-19:00,0,0,2
บรมราชชนนี,บรมราชชนนี,1,07:00-09:00,0,0,1
บรมราชชนนี,บรมราชชนนี,1,09:00-16:00,0,0,1
บรมราชชนนี,บรมราชชนนี,1,16:00-19:00,0,0,1
บรมราชชนนี,บรมราชชนนี,2,07:00-09:00,0,1,1
บรมราชชนนี,บรมราชชนนี,2,09:00-16:00,0,1,0
บรมราชชนนี,บรมราชชนนี,2,09:00-17:00,0,0,1
บรมราชชนนี,บรมราชชนนี,2,16:00-19:00,0,1,0
บรมราชชนนี,บรมราชชนนี,2,17:00-19:00,0,0,1
บรมราชชนนี,บรมราชชนนี,3,07:00-09:00,1,0,0
บรมราชชนนี,บรมราชชนนี,3,09:00-16:00,1,0,0
บรมราชชนนี,บรมราชชนนี,3,16:00-19:00,1,0,0
บรมราชชนนี,บรมราชชนนี,4,07:00-09:00,0,0,2
บรมราชชนนี,บรมราชชนนี,4,09:00-17:00,0,0,2
บรมราชชนนี,บรมราชชนนี,4,17:00-19:00,0,0,2
บรมราชชนนี,สมเด็จพระปิ่นเกล้า,2,07:00-09:00,0,1,1
บรมราชชนนี,สมเด็จพระปิ่นเกล้า,2,09:00-16:00,0,1,0
บรมราชชนนี,สมเด็จพระปิ่นเกล้า,2,09:00-17:00,0,0,1
บรมราชชนนี,สมเด็จพระปิ่นเกล้า,2,16:00-19:00,0,1,0
บรมราชชนนี,สมเด็จพระปิ่นเกล้า,2,17:00-19:00,0,0,1
บรมราชชนนี,สมเด็จพระปิ่นเกล้า,4,07:00-09:00,0,0,1
บรมราชชนนี,สมเด็จพระปิ่นเกล้า,4,09:00-17:00,0,0,1
บรมราชชนนี,สมเด็จพระปิ่นเกล้า,4,17:00-19:00,0,0,1
บรมราชชนนี,สมเด็จพระปืนเกล่า,3,07:00-09:00,1,0,0
บรมราชชนนี,สมเด็จพระปืนเกล่า,3,09:00-16:00,1,0,0
บรมราชชนนี,สมเด็จพระปืนเกล่า,3,16:00-19:00,1,0,0
บรมราชชนนี - ชัยพฤกษ์,ชัยพฤกษ์,1,07:00-09:00,0,0,1
บรมราชชนนี - ชัยพฤกษ์,ชัยพฤกษ์,1,09:00-16:00,0,0,1
บรมราชชนนี - ชัยพฤกษ์,ชัยพฤกษ์,1,16:00-19:00,0,0,1
บรมราชชนนี - ชัยพฤกษ์,แจ้งวัฒนะ,1,07:00-09:00,0,0,1
บรมราชชนนี - ชัยพฤกษ์,แจ้งวัฒนะ,1,09:00-16:00,0,0,1
บรมราชชนนี - ชัยพฤกษ์,แจ้งวัฒนะ,1,16:00-19:00,0,0,1
บรมราชชนนี - ราชพฤกษ์,บรมราชชนนี,1,07:00-09:00,0,1,0
บรมราชชนนี - ราชพฤกษ์,บรมราชชนนี,1,09:00-16:00,0,1,0
บรมราชชนนี - ราชพฤกษ์,บรมราชชนนี,1,16:00-19:00,0,1,0
บรมราชชนนี - ราชพฤกษ์,ราชพฤกษ์,1,07:00-09:00,0,1,0
บรมราชชนนี - ราชพฤกษ์,ราชพฤกษ์,1,09:00-16:00,0,1,0
บรมราชชนนี - ราชพฤกษ์,ราชพฤกษ์,1,16:00-19:00,0,1,0
บรมราชชนนี - สิรินธร,บรมราชชนนี (EB),1,07:00-09:00,0,0,1
บรมราชชนนี - สิรินธร,บรมราชชนนี (EB),1,09:00-16:00,0,0,1
บรมราชชนนี - สิรินธร,บรมราชชนนี (EB),1,16:00-19:00,0,0,1
บรมราชชนนี - สิรินธร,บรมราชชนนี (NB),1,07:00-09:00,0,0,1
บรมราชชนนี - สิรินธร,บรมราชชนนี (NB),1,09:00-16:00,0,0,1
บรมราชชนนี - สิรินธร,บรมราชชนนี (NB),1,16:00-19:00,0,0,1
บรมราชชนนี - สิรินธร,สิรินธร,1,07:00-09:00,0,0,1
บรมราชชนนี - สิรินธร,สิรินธร,1,09:00-16:00,0,0,1
บรมราชชนนี - สิรินธร,สิรินธร,1,16:00-19:00,0,0,1
บรมราชชนนี - เลียบทางรถไฟตลิ่งชัน,บรมราชชนนี,1,07:00-09:00,0,0,1
บรมราชชนนี - เลียบทางรถไฟตลิ่งชัน,บรมราชชนนี,1,09:00-16:00,0,0,1
บรมราชชนนี - เลียบทางรถไฟตลิ่งชัน,บรมราชชนนี,1,16:00-19:00,0,0,1
บรมราชชนนี - เลียบทางรถไฟตลิ่งชัน,เลียบทางรถไฟตลิ่งชัน,1,07:00-09:00,0,0,1
บรมราชชนนี - เลียบทางรถไฟตลิ่งชัน,เลียบทางรถไฟตลิ่งชัน,1,09:00-16:00,0,0,1
บรมราชชนนี - เลียบทางรถไฟตลิ่งชัน,เลียบทางรถไฟตลิ่งชัน,1,16:00-19:00,0,0,1
บรรทัดทอง - จรัสเมือง,จรัสเมือง,2,07:00-09:00,0,1,0
บรรทัดทอง - จรัสเมือง,จรัสเมือง,2,09:00-16:00,0,1,0
บรรทัดทอง - จรัสเมือง,จรัสเมือง,2,16:00-19:00,0,1,0
บรรทัดทอง - จรัสเมือง,บรรทัดทอง,2,06:30-09:00,0,1,0
บรรทัดทอง - จรัสเมือง,บรรทัดทอง,2,09:00-16:00,0,1,0
บรรทัดทอง - จรัสเมือง,บรรทัดทอง,2,16:00-19:30,0,1,0
บรรทัดทอง - จุฬา 12,จุฬา 12,2,07:00-09:00,0,0,1
บรรทัดทอง - จุฬา 12,จุฬา 12,2,09:00-17:00,0,0,1
บรรทัดทอง - จุฬา 12,จุฬา 12,2,17:00-19:00,0,0,1
บรรทัดทอง - จุฬา 12,ซอยจุฬา 12,4,07:00-09:00,1,0,0
บรรทัดทอง - จุฬา 12,ซอยจุฬา 12,4,09:00-16:00,1,0,0
บรรทัดทอง - จุฬา 12,ซอยจุฬา 12,4,16:00-19:00,1,0,0
บรรทัดทอง - จุฬา 12,บรรทัดทอง,2,07:00-09:00,0,0,1
บรรทัดทอง - จุฬา 12,บรรทัดทอง,2,09:00-17:00,0,0,1
บรรทัดทอง - จุฬา 12,บรรทัดทอง,2,17:00-19:00,0,0,1
บรรทัดทอง - จุฬา 12,บรรทัดทอง,4,07:00-09:00,1,0,0
บรรทัดทอง - จุฬา 12,บรรทัดทอง,4,09:00-16:00,1,0,0
บรรทัดทอง - จุฬา 12,บรรทัดทอง,4,16:00-19:00,1,0,0
บรรทัดทอง -จุฬา 12,ซอยจุฬา 12,2,06:30-09:00,1,0,0
บรรทัดทอง -จุฬา 12,ซอยจุฬา 12,2,09:00-16:00,1,0,0
บรรทัดทอง -จุฬา 12,ซอยจุฬา 12,2,16:00-19:30,1,0,0
บรรทัดทอง -จุฬา 12,บรรทัดทอง,2,06:30-09:00,1,0,0
บรรทัดทอง -จุฬา 12,บรรทัดทอง,2,09:00-16:00,1,0,0
บรรทัดทอง -จุฬา 12,บรรทัดทอง,2,16:00-19:30,1,0,0
บริษัทการบินไทย,วิภาวดีรังสิต,3,07:00-09:00,0,1,0
บริษัทการบินไทย,วิภาวดีรังสิต,3,09:00-16:00,0,1,0
บริษัทการบินไทย,วิภาวดีรังสิต,3,16:00-19:00,0,1,0
บริเวณจุดกลับรถหน้าโรงเรียนฝึกอาชีพ กรุงเทพมหานคร,เชื่อมสัมพันธ์,1,06:30-09:00,1,0,0
บริเวณจุดกลับรถหน้าโรงเรียนฝึกอาชีพ กรุงเทพมหานคร,เชื่อมสัมพันธ์,1,09:00-16:00,1,0,0
บริเวณจุดกลับรถหน้าโรงเรียนฝึกอาชีพ กรุงเทพมหานคร,เชื่อมสัมพันธ์,1,16:00-19:30,1,0,0
บริเวณหน้า The line Condo,สุขุมวิท 71,1,07:00-09:00,1,0,0
บริเวณหน้า The line Condo,สุขุมวิท 71,1,09:00-16:00,1,0,0
บริเวณหน้า The line Condo,สุขุมวิท 71,1,16:00-19:00,1,0,0
บริเวณไกล้ลาดพร้าว 71,ลาดพร้าว,4,07:00-09:00,1,0,0
บริเวณไกล้ลาดพร้าว 71,ลาดพร้าว,4,09:00-16:00,1,0,0
บริเวณไกล้ลาดพร้าว 71,ลาดพร้าว,4,16:00-19:00,1,0,0
บัญญาอินทรา - เลียบคลองสอง,ปัญญาอินทรา,2,07:00-09:00,1,0,0
บัญญาอินทรา - เลียบคลองสอง,ปัญญาอินทรา,2,09:00-16:00,1,0,0
บัญญาอินทรา - เลียบคลองสอง,ปัญญาอินทรา,2,16:00-19:00,1,0,0
บัญญาอินทรา - เลียบคลองสอง,เลียบคลองสอง,2,07:00-09:00,1,0,0
บัญญาอินทรา - เลียบคลองสอง,เลียบคลองสอง,2,09:00-16:00,1,0,0
บัญญาอินทรา - เลียบคลองสอง,เลียบคลองสอง,2,16:00-19:00,1,0,0
บางกระบือ,พระรามที่9,1,06:30-09:00,0,1,0
บางกระบือ,พระรามที่9,1,09:00-16:00,0,1,0
บางกระบือ,พระรามที่9,1,16:00-19:30,0,1,0
บางกระบือ,สามเสน,1,07:00-09:00,0,1,1
บางกระบือ,สามเสน,1,09:00-16:00,0,1,0
บางกระบือ,สามเสน,1,09:00-17:00,0,0,1
บางกระบือ,สามเสน,1,16:00-19:00,0,1,0
บางกระบือ,สามเสน,1,17:00-19:00,0,0,1
บางกระบือ,สามเสน,2,07:00-09:00,0,0,1
บางกระบือ,สามเสน,2,09:00-16:00,0,0,1
บางกระบือ,สามเสน,2,16:00-19:00,0,0,1
บางกระบือ,สามเสน,4,07:00-09:00,1,1,0
บางกระบือ,สามเสน,4,09:00-16:00,1,1,0
บางกระบือ,สามเสน,4,16:00-19:00,1,1,0
บางกระบือ,อำนวยสงคราม,1,07:00-09:00,0,1,1
บางกระบือ,อำนวยสงคราม,1,09:00-17:00,0,0,1
บางกระบือ,อำนวยสงคราม,1,16:00-19:00,0,1,0
บางกระบือ,อำนวยสงคราม,1,16:00-19:30,0,1,0
บางกระบือ,อำนวยสงคราม,1,17:00-19:00,0,0,1
บางกระบือ,อำนวยสงคราม,2,07:00-09:00,0,0,1
บางกระบือ,อำนวยสงคราม,2,09:00-16:00,0,0,1
บางกระบือ,อำนวยสงคราม,2,16:00-19:00,0,0,1
บางกระบือ,อำนวยสงคราม,4,07:00-09:00,1,1,0
บางกระบือ,อำนวยสงคราม,4,09:00-16:00,1,1,0
บางกระบือ,อำนวยสงคราม,4,16:00-19:00,1,1,0
บางกระบือ,เขียวไข่กา,1,07:00-09:00,0,1,1
บางกระบือ,เขียวไข่กา,1,09:00-16:00,0,1,0
บางกระบือ,เขียวไข่กา,1,09:00-17:00,0,0,1
บางกระบือ,เขียวไข่กา,1,16:00-19:00,0,1,0
บางกระบือ,เขียวไข่กา,1,17:00-19:00,0,0,1
บางกระบือ,เขียวไข่กา,2,07:00-09:00,0,0,1
บางกระบือ,เขียวไข่กา,2,09:00-16:00,0,0,1
บางกระบือ,เขียวไข่กา,2,16:00-19:00,0,0,1
บางกระบือ,เขียวไข่กา,4,07:00-09:00,1,1,0
บางกระบือ,เขียวไข่กา,4,09:00-16:00,1,1,0
บางกระบือ,เขียวไข่กา,4,16:00-19:00,1,1,0
บางกะปิ,นวมนิทร์,1,07:00-09:00,0,1,0
บางกะปิ,นวมนิทร์,1,09:00-16:00,0,1,0
บางกะปิ,นวมนิทร์,1,16:00-19:00,0,1,0
บางกะปิ,นวมินทร์,1,07:00-09:00,0,0,1
บางกะปิ,นวมินทร์,1,09:00-17:00,0,0,1
บางกะปิ,นวมินทร์,1,17:00-19:00,0,0,1
บางกะปิ,พ่วงศิริ,1,07:00-09:00,0,1,1
บางกะปิ,พ่วงศิริ,1,09:00-16:00,0,1,0
บางกะปิ,พ่วงศิริ,1,09:00-17:00,0,0,1
บางกะปิ,พ่วงศิริ,1,16:00-19:00,0,1,0
บางกะปิ,พ่วงศิริ,1,17:00-19:00,0,0,1
บางกะปิ,พ่วงศิริ,3,07:00-09:00,1,0,0
บางกะปิ,พ่วงศิริ,3,09:00-16:00,1,0,0
บางกะปิ,พ่วงศิริ,3,16:00-19:00,1,0,0
บางกะปิ,ลาดพร้าว,1,07:00-09:00,0,1,1
บางกะปิ,ลาดพร้าว,1,09:00-16:00,0,1,0
บางกะปิ,ลาดพร้าว,1,09:00-17:00,0,0,1
บางกะปิ,ลาดพร้าว,1,16:00-19:00,0,1,0
บางกะปิ,ลาดพร้าว,1,17:00-19:00,0,0,1
บางกะปิ,ลาดพร้าว,3,07:00-09:00,1,0,0
บางกะปิ,ลาดพร้าว,3,09:00-16:00,1,0,0
บางกะปิ,ลาดพร้าว,3,16:00-19:00,1,0,0
บางกะปิ,สุขาภิบาล 1,3,07:00-09:00,1,0,0
บางกะปิ,สุขาภิบาล 1,3,09:00-16:00,1,0,0
บางกะปิ,สุขาภิบาล 1,3,16:00-19:00,1,0,0
บางกะปิ,เสรีไทย,1,07:00-09:00,0,1,1
บางกะปิ,เสรีไทย,1,09:00-16:00,0,1,0
บางกะปิ,เสรีไทย,1,09:00-17:00,0,0,1
บางกะปิ,เสรีไทย,1,16:00-19:00,0,1,0
บางกะปิ,เสรีไทย,1,17:00-19:00,0,0,1
บางกะปิ,เสรีไทย,3,07:00-09:00,1,0,0
บางกะปิ,เสรีไทย,3,09:00-16:00,1,0,0
บางกะปิ,เสรีไทย,3,16:00-19:00,1,0,0
บางขุนนนท์,จรัญสนิทวงศ์,1,07:00-09:00,2,0,2
บางขุนนนท์,จรัญสนิทวงศ์,1,09:00-16:00,2,0,0
บางขุนนนท์,จรัญสนิทวงศ์,1,09:00-17:00,0,0,2
บางขุนนนท์,จรัญสนิทวงศ์,1,16:00-19:00,2,0,0
บางขุนนนท์,จรัญสนิทวงศ์,1,17:00-19:00,0,0,2
บางขุนนนท์,จรัญสนิทวงศ์,3,07:00-09:00,0,2,1
บางขุนนนท์,จรัญสนิทวงศ์,3,09:00-16:00,0,2,0
บางขุนนนท์,จรัญสนิทวงศ์,3,09:00-17:00,0,0,1
บางขุนนนท์,จรัญสนิทวงศ์,3,16:00-19:00,0,2,0
บางขุนนนท์,จรัญสนิทวงศ์,3,17:00-19:00,0,0,1
บางขุนนนท์,จรัญสนิทวงศ์ 32,1,07:00-09:00,0,0,2
บางขุนนนท์,จรัญสนิทวงศ์ 32,1,09:00-17:00,0,0,2
บางขุนนนท์,จรัญสนิทวงศ์ 32,1,17:00-19:00,0,0,2
บางขุนนนท์,จรัญสนิทวงศ์ 32,3,07:00-09:00,0,0,1
บางขุนนนท์,จรัญสนิทวงศ์ 32,3,09:00-17:00,0,0,1
บางขุนนนท์,จรัญสนิทวงศ์ 32,3,17:00-19:00,0,0,1
บางขุนนนท์,ช.จรัญสนิทวงศ์ 32,1,09:00-16:00,1,0,0
บางขุนนนท์,ช.จรัญสนิทวงศ์ 32,1,16:00-19:00,1,0,0
บางขุนนนท์,ซ.จรัญสนิทวงศ์ 32,1,07:00-09:00,2,0,0
บางขุนนนท์,ซ.จรัญสนิทวงศ์ 32,1,09:00-16:00,1,0,0
บางขุนนนท์,ซ.จรัญสนิทวงศ์ 32,1,16:00-19:00,1,0,0
บางขุนนนท์,ซอยจรัญสนิทวงศ์ 32,3,06:30-09:00,0,1,0
บางขุนนนท์,ซอยจรัญสนิทวงศ์ 32,3,07:00-09:00,0,1,0
บางขุนนนท์,ซอยจรัญสนิทวงศ์ 32,3,09:00-16:00,0,2,0
บางขุนนนท์,ซอยจรัญสนิทวงศ์ 32,3,16:00-19:00,0,1,0
บางขุนนนท์,ซอยจรัญสนิทวงศ์ 32,3,16:00-19:30,0,1,0
บางขุนนนท์,บางกอกน้อยตลิงชัน,1,07:00-09:00,1,0,0
บางขุนนนท์,บางกอกน้อยตลิงชัน,1,09:00-16:00,1,0,0
บางขุนนนท์,บางกอกน้อยตลิงชัน,1,16:00-19:00,1,0,0
บางขุนนนท์,บางกอกน้อยตลิ่งชัน,1,07:00-09:00,1,0,0
บางขุนนนท์,บางกอกน้อยตลิ่งชัน,1,09:00-16:00,1,0,0
บางขุนนนท์,บางกอกน้อยตลิ่งชัน,1,16:00-19:00,1,0,0
บางขุนนนท์,บางกอกน้อยตลิ่งชัน,3,06:30-09:00,0,1,0
บางขุนนนท์,บางกอกน้อยตลิ่งชัน,3,07:00-09:00,0,1,1
บางขุนนนท์,บางกอกน้อยตลิ่งชัน,3,09:00-16:00,0,2,0
บางขุนนนท์,บางกอกน้อยตลิ่งชัน,3,09:00-17:00,0,0,1
บางขุนนนท์,บางกอกน้อยตลิ่งชัน,3,16:00-19:00,0,1,0
บางขุนนนท์,บางกอกน้อยตลิ่งชัน,3,16:00-19:30,0,1,0
บางขุนนนท์,บางกอกน้อยตลิ่งชัน,3,17:00-19:00,0,0,1
บางขุนนนท์,บางขุนนนท์,1,07:00-09:00,0,0,2
บางขุนนนท์,บางขุนนนท์,1,09:00-17:00,0,0,2
บางขุนนนท์,บางขุนนนท์,1,17:00-19:00,0,0,2
บางขุนพรหม,วิสุทธิกษัตริย์,1,07:00-09:00,0,0,1
บางขุนพรหม,วิสุทธิกษัตริย์,1,09:00-17:00,0,0,1
บางขุนพรหม,วิสุทธิกษัตริย์,1,17:00-19:00,0,0,1
บางขุนพรหม,วิสุทธิกษัตริย์,2,07:00-09:00,1,0,0
บางขุนพรหม,วิสุทธิกษัตริย์,2,09:00-16:00,1,0,0
บางขุนพรหม,วิสุทธิกษัตริย์,2,16:00-19:00,1,0,0
บางขุนพรหม,วิสุทธิ์กษัตริย์,3,07:00-09:00,0,0,1
บางขุนพรหม,วิสุทธิ์กษัตริย์,3,09:00-16:00,0,0,1
บางขุนพรหม,วิสุทธิ์กษัตริย์,3,16:00-19:00,0,0,1
บางขุนพรหม,สามเสน,1,07:00-09:00,0,0,1
บางขุนพรหม,สามเสน,1,09:00-17:00,0,0,1
บางขุนพรหม,สามเสน,1,17:00-19:00,0,0,1
บางขุนพรหม,สามเสน,2,07:00-09:00,1,0,0
บางขุนพรหม,สามเสน,2,09:00-16:00,1,0,0
บางขุนพรหม,สามเสน,2,16:00-19:00,1,0,0
บางขุนพรหม,สามเสน,3,07:00-09:00,0,0,1
บางขุนพรหม,สามเสน,3,09:00-16:00,0,0,1
บางขุนพรหม,สามเสน,3,16:00-19:00,0,0,1
บางขุนเทียน - บางขุนเทียน 16,บางขุนเทียน,3,07:00-09:00,0,0,1
บางขุนเทียน - บางขุนเทียน 16,บางขุนเทียน,3,09:00-17:00,0,0,1
บางขุนเทียน - บางขุนเทียน 16,บางขุนเทียน,3,17:00-19:00,0,0,1
บางขุนเทียน - บางขุนเทียน 16,บางขุนเทียน 16,3,07:00-09:00,0,0,1
บางขุนเทียน - บางขุนเทียน 16,บางขุนเทียน 16,3,09:00-17:00,0,0,1
บางขุนเทียน - บางขุนเทียน 16,บางขุนเทียน 16,3,17:00-19:00,0,0,1
บางขุนเทียน - บางขุนเทียน 9,บางขุนเทียน,3,07:00-09:00,0,0,1
บางขุนเทียน - บางขุนเทียน 9,บางขุนเทียน,3,09:00-17:00,0,0,1
บางขุนเทียน - บางขุนเทียน 9,บางขุนเทียน,3,17:00-19:00,0,0,1
บางขุนเทียน - บางขุนเทียน 9,บางขุนเทียน 9,3,07:00-09:00,0,0,1
บางขุนเทียน - บางขุนเทียน 9,บางขุนเทียน 9,3,09:00-17:00,0,0,1
บางขุนเทียน - บางขุนเทียน 9,บางขุนเทียน 9,3,17:00-19:00,0,0,1
บางขุนเทียน - พระยามนธาตุราชศรีพิจิตร์,บางขุนเทียน,1,07:00-09:00,0,0,1
บางขุนเทียน - พระยามนธาตุราชศรีพิจิตร์,บางขุนเทียน,1,09:00-17:00,0,0,1
บางขุนเทียน - พระยามนธาตุราชศรีพิจิตร์,บางขุนเทียน,1,17:00-19:00,0,0,1
บางขุนเทียน - พระยามนธาตุราชศรีพิจิตร์,บางขุนเทียน,4,07:00-09:00,0,1,0
บางขุนเทียน - พระยามนธาตุราชศรีพิจิตร์,บางขุนเทียน,4,09:00-16:00,0,1,0
บางขุนเทียน - พระยามนธาตุราชศรีพิจิตร์,บางขุนเทียน,4,16:00-19:00,0,1,0
บางขุนเทียน - พระยามนธาตุราชศรีพิจิตร์,พระยามนธาตุราชศรีพิจิตร์,1,07:00-09:00,0,0,1
บางขุนเทียน - พระยามนธาตุราชศรีพิจิตร์,พระยามนธาตุราชศรีพิจิตร์,1,09:00-17:00,0,0,1
บางขุนเทียน - พระยามนธาตุราชศรีพิจิตร์,พระยามนธาตุราชศรีพิจิตร์,1,17:00-19:00,0,0,1
บางขุนเทียน - พระยามนธาตุราชศรีพิจิตร์,พระยามนธาตุราชศรีพิจิตร์,4,07:00-09:00,0,1,0
บางขุนเทียน - พระยามนธาตุราชศรีพิจิตร์,พระยามนธาตุราชศรีพิจิตร์,4,09:00-16:00,0,1,0
บางขุนเทียน - พระยามนธาตุราชศรีพิจิตร์,พระยามนธาตุราชศรีพิจิตร์,4,16:00-19:00,0,1,0
บางขุนเทียน- พระยามนธาตุราชศรีพิจิตร์,บางขุนเทียน,2,07:00-09:00,1,0,0
บางขุนเทียน- พระยามนธาตุราชศรีพิจิตร์,บางขุนเทียน,2,09:00-16:00,1,0,0
บางขุนเทียน- พระยามนธาตุราชศรีพิจิตร์,บางขุนเทียน,2,16:00-19:00,1,0,0
บางขุนเทียน- พระยามนธาตุราชศรีพิจิตร์,พระยามนธาตุราชศรีพิจิตร์,2,07:00-09:00,1,0,0
บางขุนเทียน- พระยามนธาตุราชศรีพิจิตร์,พระยามนธาตุราชศรีพิจิตร์,2,09:00-16:00,1,0,0
บางขุนเทียน- พระยามนธาตุราชศรีพิจิตร์,พระยามนธาตุราชศรีพิจิตร์,2,16:00-19:00,1,0,0
บางขุนเทียน- สะแกงาม,บางขุนเทียน,2,07:00-09:00,1,0,0
บางขุนเทียน- สะแกงาม,บางขุนเทียน,2,09:00-16:00,1,0,0
บางขุนเทียน- สะแกงาม,บางขุนเทียน,2,16:00-19:00,1,0,0
บางขุนเทียน- สะแกงาม,สะแกงาม,2,07:00-09:00,1,0,0
บางขุนเทียน- สะแกงาม,สะแกงาม,2,09:00-16:00,1,0,0
บางขุนเทียน- สะแกงาม,สะแกงาม,2,16:00-19:00,1,0,0
บางขุนเทียนชายทะเล - เทียนทะเล 19,ซอยเทียนทะเล 19,2,07:00-09:00,1,0,0
บางขุนเทียนชายทะเล - เทียนทะเล 19,ซอยเทียนทะเล 19,2,09:00-16:00,1,0,0
บางขุนเทียนชายทะเล - เทียนทะเล 19,ซอยเทียนทะเล 19,2,16:00-19:00,1,0,0
บางขุนเทียนชายทะเล - เทียนทะเล 19,บางขุนเทียนชายทะเล,2,07:00-09:00,1,0,0
บางขุนเทียนชายทะเล - เทียนทะเล 19,บางขุนเทียนชายทะเล,2,09:00-16:00,1,0,0
บางขุนเทียนชายทะเล - เทียนทะเล 19,บางขุนเทียนชายทะเล,2,16:00-19:00,1,0,0
บางขุนเทียนชายทะเล - เทียนทะเล 25,ซอยเทียนทะเล 25,2,07:00-09:00,1,0,0
บางขุนเทียนชายทะเล - เทียนทะเล 25,ซอยเทียนทะเล 25,2,09:00-16:00,1,0,0
บางขุนเทียนชายทะเล - เทียนทะเล 25,ซอยเทียนทะเล 25,2,16:00-19:00,1,0,0
บางขุนเทียนชายทะเล - เทียนทะเล 25,บางขุนเทียนชายทะเล,2,07:00-09:00,1,0,0
บางขุนเทียนชายทะเล - เทียนทะเล 25,บางขุนเทียนชายทะเล,2,09:00-16:00,1,0,0
บางขุนเทียนชายทะเล - เทียนทะเล 25,บางขุนเทียนชายทะเล,2,16:00-19:00,1,0,0
บางขุนเทียนชายทะเล - เทียนทะเล 30,ซอยเทียนทะเล 30,2,07:00-09:00,1,0,0
บางขุนเทียนชายทะเล - เทียนทะเล 30,ซอยเทียนทะเล 30,2,09:00-16:00,1,0,0
บางขุนเทียนชายทะเล - เทียนทะเล 30,ซอยเทียนทะเล 30,2,16:00-19:00,1,0,0
บางขุนเทียนชายทะเล - เทียนทะเล 30,บางขุนเทียนชายทะเล,2,07:00-09:00,1,0,0
บางขุนเทียนชายทะเล - เทียนทะเล 30,บางขุนเทียนชายทะเล,2,09:00-16:00,1,0,0
บางขุนเทียนชายทะเล - เทียนทะเล 30,บางขุนเทียนชายทะเล,2,16:00-19:00,1,0,0
บางขุนเทียนชายทะเล - เลียบคลองพิทยาลงกรณ์,บางขุนเทียนชายทะเล,1,07:00-09:00,0,0,1
บางขุนเทียนชายทะเล - เลียบคลองพิทยาลงกรณ์,บางขุนเทียนชายทะเล,1,09:00-17:00,0,0,1
บางขุนเทียนชายทะเล - เลียบคลองพิทยาลงกรณ์,บางขุนเทียนชายทะเล,1,17:00-19:00,0,0,1
บางขุนเทียนชายทะเล - เลียบคลองพิทยาลงกรณ์,เลียบคลองพิทยาลงกรณ์,1,07:00-09:00,0,0,1
บางขุนเทียนชายทะเล - เลียบคลองพิทยาลงกรณ์,เลียบคลองพิทยาลงกรณ์,1,09:00-17:00,0,0,1
บางขุนเทียนชายทะเล - เลียบคลองพิทยาลงกรณ์,เลียบคลองพิทยาลงกรณ์,1,17:00-19:00,0,0,1
บางชัน,มณีพัฒนา,2,07:00-09:00,0,1,0
บางชัน,มณีพัฒนา,2,09:00-16:00,0,1,0
บางชัน,มณีพัฒนา,2,16:00-19:00,0,1,0
บางชัน,มีนพัฒนา,1,07:00-09:00,0,0,1
บางชัน,มีนพัฒนา,1,09:00-17:00,0,0,1
บางชัน,มีนพัฒนา,1,17:00-19:00,0,0,1
บางชัน,มีนพัฒนา,3,06:30-09:00,1,0,0
บางชัน,มีนพัฒนา,3,07:00-09:00,1,0,0
บางชัน,มีนพัฒนา,3,09:00-16:00,2,0,0
บางชัน,มีนพัฒนา,3,16:00-19:00,1,0,0
บางชัน,มีนพัฒนา,3,16:00-19:30,1,0,0
บางชัน,เสรีไทย,1,07:00-09:00,0,0,1
บางชัน,เสรีไทย,1,09:00-17:00,0,0,1
บางชัน,เสรีไทย,1,17:00-19:00,0,0,1
บางชัน,เสรีไทย,2,07:00-09:00,0,1,0
บางชัน,เสรีไทย,2,09:00-16:00,0,1,0
บางชัน,เสรีไทย,2,16:00-19:00,0,1,0
บางชัน,เสรีไทย,3,06:30-09:00,1,0,0
บางชัน,เสรีไทย,3,07:00-09:00,1,0,0
บางชัน,เสรีไทย,3,09:00-16:00,2,0,0
บางชัน,เสรีไทย,3,16:00-19:00,1,0,0
บางชัน,เสรีไทย,3,16:00-19:30,1,0,0
บางนา,บางนาตราด,1,07:00-09:00,1,0,1
บางนา,บางนาตราด,1,09:00-16:00,1,0,0
บางนา,บางนาตราด,1,09:00-17:00,0,0,1
บางนา,บางนาตราด,1,16:00-19:00,1,0,0
บางนา,บางนาตราด,1,17:00-19:00,0,0,1
บางนา,บางนาตราด,2,07:00-09:00,0,0,1
บางนา,บางนาตราด,2,09:00-16:00,0,0,1
บางนา,บางนาตราด,2,16:00-19:00,0,0,1
บางนา,สรรพาวุธ,1,06:30-09:00,1,0,0
บางนา,สรรพาวุธ,1,07:00-09:00,0,0,1
บางนา,สรรพาวุธ,1,09:00-16:00,1,0,0
บางนา,สรรพาวุธ,1,09:00-17:00,0,0,1
บางนา,สรรพาวุธ,1,16:00-19:30,1,0,0
บางนา,สรรพาวุธ,1,17:00-19:00,0,0,1
บางนา,สรรพาวุธ,2,07:00-09:00,0,0,1
บางนา,สรรพาวุธ,2,09:00-16:00,0,0,1
บางนา,สรรพาวุธ,2,16:00-19:00,0,0,1
บางนา,สุขุมวิท,1,06:30-09:00,1,0,0
บางนา,สุขุมวิท,1,07:00-09:00,0,0,1
บางนา,สุขุมวิท,1,09:00-16:00,1,0,0
บางนา,สุขุมวิท,1,09:00-17:00,0,0,1
บางนา,สุขุมวิท,1,16:00-19:30,1,0,0
บางนา,สุขุมวิท,1,17:00-19:00,0,0,1
บางนา,สุขุมวิท,2,07:00-09:00,0,0,1
บางนา,สุขุมวิท,2,09:00-16:00,0,0,1
บางนา,สุขุมวิท,2,16:00-19:00,0,0,1
บางบอน,บางขุนเทยีนชายทะเล,3,07:00-09:00,0,1,0
บางบอน,บางขุนเทยีนชายทะเล,3,09:00-16:00,0,1,0
บางบอน,บางขุนเทยีนชายทะเล,3,16:00-19:00,0,1,0
บางบอน,บางขุนเทียน-ขายทะเล,1,07:00-09:00,0,0,1
บางบอน,บางขุนเทียน-ขายทะเล,1,09:00-17:00,0,0,1
บางบอน,บางขุนเทียน-ขายทะเล,1,17:00-19:00,0,0,1
บางบอน,บางขุนเทียนชายทะเล,2,07:00-09:00,0,0,1
บางบอน,บางขุนเทียนชายทะเล,2,09:00-16:00,0,0,1
บางบอน,บางขุนเทียนชายทะเล,2,16:00-19:00,0,0,1
บางบอน,บางบอน 1,1,07:00-09:00,0,0,1
บางบอน,บางบอน 1,1,09:00-17:00,0,0,1
บางบอน,บางบอน 1,1,17:00-19:00,0,0,1
บางบอน,บางบอน 1,3,07:00-09:00,0,0,1
บางบอน,บางบอน 1,3,09:00-16:00,0,0,1
บางบอน,บางบอน 1,3,16:00-19:00,0,0,1
บางบอน,เอกชัย,1,07:00-09:00,0,0,2
บางบอน,เอกชัย,1,09:00-17:00,0,0,2
บางบอน,เอกชัย,1,17:00-19:00,0,0,2
บางบอน,เอกชัย,2,07:00-09:00,0,0,1
บางบอน,เอกชัย,2,09:00-16:00,0,0,1
บางบอน,เอกชัย,2,16:00-19:00,0,0,1
บางบอน,เอกชัย,3,07:00-09:00,0,1,1
บางบอน,เอกชัย,3,09:00-16:00,0,1,1
บางบอน,เอกชัย,3,16:00-19:00,0,1,1
บางบอน 1 ซอย 15,บางบอน 1,3,07:00-09:00,0,0,1
บางบอน 1 ซอย 15,บางบอน 1,3,09:00-17:00,0,0,1
บางบอน 1 ซอย 15,บางบอน 1,3,17:00-19:00,0,0,1
บางบอน 1 ซอย 15,บางบอน 1 ซ.15,3,07:00-09:00,0,0,1
บางบอน 1 ซอย 15,บางบอน 1 ซ.15,3,09:00-17:00,0,0,1
บางบอน 1 ซอย 15,บางบอน 1 ซ.15,3,17:00-19:00,0,0,1
บางบอน 1 ซอย 20,บางบอน 1,3,07:00-09:00,0,0,1
บางบอน 1 ซอย 20,บางบอน 1,3,09:00-17:00,0,0,1
บางบอน 1 ซอย 20,บางบอน 1,3,17:00-19:00,0,0,1
บางบอน 1 ซอย 20,บางบอน 1 ซ.20,3,07:00-09:00,0,0,1
บางบอน 1 ซอย 20,บางบอน 1 ซ.20,3,09:00-17:00,0,0,1
บางบอน 1 ซอย 20,บางบอน 1 ซ.20,3,17:00-19:00,0,0,1
บางบอน 2,บางบอน 2,3,07:00-09:00,0,0,1
บางบอน 2,บางบอน 2,3,09:00-16:00,0,0,1
บางบอน 2,บางบอน 2,3,16:00-19:00,0,0,1
บางบอน 2,เอกชัย,3,07:00-09:00,0,0,1
บางบอน 2,เอกชัย,3,09:00-16:00,0,0,1
บางบอน 2,เอกชัย,3,16:00-19:00,0,0,1
บางบอน 3,บางบอน 3,2,07:00-09:00,0,1,1
บางบอน 3,บางบอน 3,2,09:00-16:00,0,1,1
บางบอน 3,บางบอน 3,2,16:00-19:00,0,1,1
บางบอน 3,บางบอน 3 (ต่อ),2,16:00-19:00,0,0,1
บางบอน 3,เอกชัย,2,07:00-09:00,0,1,1
บางบอน 3,เอกชัย,2,09:00-16:00,0,1,1
บางบอน 3,เอกชัย,2,16:00-19:00,0,1,1
บางบอน 3 ซอย 1,บางบอน 3,2,07:00-09:00,0,1,0
บางบอน 3 ซอย 1,บางบอน 3,2,09:00-16:00,0,1,0
บางบอน 3 ซอย 1,บางบอน 3,2,16:00-19:00,0,1,0
บางบอน 3 ซอย 5,บางบอน 3,4,07:00-09:00,0,0,2
บางบอน 3 ซอย 5,บางบอน 3,4,09:00-17:00,0,0,2
บางบอน 3 ซอย 5,บางบอน 3,4,17:00-19:00,0,0,2
บางบอน 3 ซอย 5,บางบอน 3 ซอย 10,4,07:00-09:00,0,0,2
บางบอน 3 ซอย 5,บางบอน 3 ซอย 10,4,09:00-17:00,0,0,2
บางบอน 3 ซอย 5,บางบอน 3 ซอย 10,4,17:00-19:00,0,0,2
บางบอน 3 ซอย 5,บางบอน 3 ซอย 5,4,07:00-09:00,0,0,2
บางบอน 3 ซอย 5,บางบอน 3 ซอย 5,4,09:00-17:00,0,0,2
บางบอน 3 ซอย 5,บางบอน 3 ซอย 5,4,17:00-19:00,0,0,2
บางบอน 4,บางบอน 4,3,07:00-09:00,0,0,1
บางบอน 4,บางบอน 4,3,09:00-16:00,0,0,1
บางบอน 4,บางบอน 4,3,16:00-19:00,0,0,1
บางบอน 4,เอกชัย,3,07:00-09:00,0,0,1
บางบอน 4,เอกชัย,3,09:00-16:00,0,0,1
บางบอน 4,เอกชัย,3,16:00-19:00,0,0,1
บางบอน 5,ซอยเอกชัย 131,3,07:00-09:00,1,0,0
บางบอน 5,ซอยเอกชัย 131,3,09:00-16:00,1,0,0
บางบอน 5,ซอยเอกชัย 131,3,16:00-19:00,1,0,0
บางบอน 5,ซอยเอกชัย 31,1,07:00-09:00,0,1,0
บางบอน 5,ซอยเอกชัย 31,1,09:00-16:00,0,1,0
บางบอน 5,ซอยเอกชัย 31,1,16:00-19:00,0,1,0
บางบอน 5,บางบอน 5,1,07:00-09:00,0,1,0
บางบอน 5,บางบอน 5,1,09:00-16:00,0,1,0
บางบอน 5,บางบอน 5,1,16:00-19:00,0,1,0
บางบอน 5,บางบอน 5,3,07:00-09:00,1,0,1
บางบอน 5,บางบอน 5,3,09:00-16:00,1,0,1
บางบอน 5,บางบอน 5,3,16:00-19:00,1,0,1
บางบอน 5,เอกชัย,1,07:00-09:00,0,1,0
บางบอน 5,เอกชัย,1,09:00-16:00,0,1,0
บางบอน 5,เอกชัย,1,16:00-19:00,0,1,0
บางบอน 5,เอกชัย,3,07:00-09:00,1,0,1
บางบอน 5,เอกชัย,3,09:00-16:00,1,0,1
บางบอน 5,เอกชัย,3,16:00-19:00,1,0,1
บางบอน 5,เอกชัย 131,3,07:00-09:00,0,0,1
บางบอน 5,เอกชัย 131,3,09:00-16:00,0,0,1
บางบอน 5,เอกชัย 131,3,16:00-19:00,0,0,1
บางบอน 5 ซอย 5,บางบอน 5,1,07:00-09:00,0,0,1
บางบอน 5 ซอย 5,บางบอน 5,1,09:00-17:00,0,0,1
บางบอน 5 ซอย 5,บางบอน 5,1,17:00-19:00,0,0,1
บางบอน 5 ซอย 5,บางบอน 5 ซอย 5,1,07:00-09:00,0,0,1
บางบอน 5 ซอย 5,บางบอน 5 ซอย 5,1,09:00-17:00,0,0,1
บางบอน 5 ซอย 5,บางบอน 5 ซอย 5,1,17:00-19:00,0,0,1
บางพลัด,จรัญสนิทวงศ์,1,07:00-09:00,0,0,2
บางพลัด,จรัญสนิทวงศ์,1,09:00-17:00,0,0,2
บางพลัด,จรัญสนิทวงศ์,1,17:00-19:00,0,0,2
บางพลัด,จรัญสนิทวงศ์,2,07:00-09:00,1,0,0
บางพลัด,จรัญสนิทวงศ์,2,09:00-16:00,1,0,0
บางพลัด,จรัญสนิทวงศ์,2,16:00-19:00,1,0,0
บางพลัด,จรัญสนิทวงศ์,3,07:00-09:00,0,1,0
บางพลัด,จรัญสนิทวงศ์,3,09:00-16:00,0,1,0
บางพลัด,จรัญสนิทวงศ์,3,16:00-19:00,0,1,0
บางพลัด,จรัญสนิทวงศ์,4,07:00-09:00,1,0,1
บางพลัด,จรัญสนิทวงศ์,4,09:00-16:00,1,0,0
บางพลัด,จรัญสนิทวงศ์,4,09:00-17:00,0,0,1
บางพลัด,จรัญสนิทวงศ์,4,16:00-19:00,1,0,0
บางพลัด,จรัญสนิทวงศ์,4,17:00-19:00,0,0,1
บางพลัด,ราชวิถี,1,07:00-09:00,0,0,2
บางพลัด,ราชวิถี,1,09:00-17:00,0,0,2
บางพลัด,ราชวิถี,1,17:00-19:00,0,0,2
บางพลัด,ราชวิถี,2,07:00-09:00,1,0,0
บางพลัด,ราชวิถี,2,09:00-16:00,1,0,0
บางพลัด,ราชวิถี,2,16:00-19:00,1,0,0
บางพลัด,ราชวิถี,3,07:00-09:00,0,1,0
บางพลัด,ราชวิถี,3,09:00-16:00,0,1,0
บางพลัด,ราชวิถี,3,16:00-19:00,0,1,0
บางพลัด,ราชวิถี,4,07:00-09:00,1,0,1
บางพลัด,ราชวิถี,4,09:00-16:00,1,0,0
บางพลัด,ราชวิถี,4,09:00-17:00,0,0,1
บางพลัด,ราชวิถี,4,16:00-19:00,1,0,0
บางพลัด,ราชวิถี,4,17:00-19:00,0,0,1
บางพลัด,สิรินธร,1,07:00-09:00,0,0,2
บางพลัด,สิรินธร,1,09:00-17:00,0,0,2
บางพลัด,สิรินธร,1,17:00-19:00,0,0,2
บางพลัด,สิรินธร,2,07:00-09:00,1,0,0
บางพลัด,สิรินธร,2,09:00-16:00,1,0,0
บางพลัด,สิรินธร,2,16:00-19:00,1,0,0
บางพลัด,สิรินธร,3,07:00-09:00,0,1,0
บางพลัด,สิรินธร,3,09:00-16:00,0,1,0
บางพลัด,สิรินธร,3,16:00-19:00,0,1,0
บางพลัด,สิรินธร,4,07:00-09:00,1,0,1
บางพลัด,สิรินธร,4,09:00-16:00,1,0,0
บางพลัด,สิรินธร,4,09:00-17:00,0,0,1
บางพลัด,สิรินธร,4,16:00-19:00,1,0,0
บางพลัด,สิรินธร,4,17:00-19:00,0,0,1
บางยี่เรือ,อินทรพิทักษ์,1,07:00-09:00,1,1,0
บางยี่เรือ,อินทรพิทักษ์,1,09:00-16:00,1,1,0
บางยี่เรือ,อินทรพิทักษ์,1,16:00-19:00,1,1,0
บางยี่เรือ,อินทรพิทักษ์,2,07:00-09:00,1,0,2
บางยี่เรือ,อินทรพิทักษ์,2,09:00-16:00,1,0,0
บางยี่เรือ,อินทรพิทักษ์,2,09:00-17:00,0,0,2
บางยี่เรือ,อินทรพิทักษ์,2,16:00-19:00,1,0,0
บางยี่เรือ,อินทรพิทักษ์,2,17:00-19:00,0,0,2
บางยี่เรือ,อินทรพิทักษ์,4,07:00-09:00,0,0,1
บางยี่เรือ,อินทรพิทักษ์,4,09:00-16:00,0,0,1
บางยี่เรือ,อินทรพิทักษ์,4,16:00-19:00,0,0,1
บางยี่เรือ,เทอดไท,1,07:00-09:00,1,1,0
บางยี่เรือ,เทอดไท,1,09:00-16:00,1,1,0
บางยี่เรือ,เทอดไท,1,16:00-19:00,1,1,0
บางยี่เรือ,เทอดไท,2,07:00-09:00,1,0,2
บางยี่เรือ,เทอดไท,2,09:00-16:00,1,0,0
บางยี่เรือ,เทอดไท,2,09:00-17:00,0,0,2
บางยี่เรือ,เทอดไท,2,16:00-19:00,1,0,0
บางยี่เรือ,เทอดไท,2,17:00-19:00,0,0,2
บางยี่เรือ,เทอดไท,3,07:00-09:00,0,1,0
บางยี่เรือ,เทอดไท,3,09:00-16:00,0,1,0
บางยี่เรือ,เทอดไท,3,16:00-19:00,0,1,0
บางยี่เรือ,เทอดไท,4,07:00-09:00,0,0,1
บางยี่เรือ,เทอดไท,4,09:00-16:00,0,0,1
บางยี่เรือ,เทอดไท,4,16:00-19:00,0,0,1
บางยี่เรือ,เพชรเกษม,1,07:00-09:00,1,1,0
บางยี่เรือ,เพชรเกษม,1,09:00-16:00,1,1,0
บางยี่เรือ,เพชรเกษม,1,16:00-19:00,1,1,0
บางยี่เรือ,เพชรเกษม,2,07:00-09:00,1,0,2
บางยี่เรือ,เพชรเกษม,2,09:00-16:00,1,0,0
บางยี่เรือ,เพชรเกษม,2,09:00-17:00,0,0,2
บางยี่เรือ,เพชรเกษม,2,16:00-19:00,1,0,0
บางยี่เรือ,เพชรเกษม,2,17:00-19:00,0,0,2
บางยี่เรือ,เพชรเกษม,4,07:00-09:00,0,0,1
บางยี่เรือ,เพชรเกษม,4,09:00-16:00,0,0,1
บางยี่เรือ,เพชรเกษม,4,16:00-19:00,0,0,1
บางรัก,ซอยเจริญกรุง 42,1,07:00-09:00,0,1,0
บางรัก,ซอยเจริญกรุง 42,1,09:00-16:00,0,1,0
บางรัก,ซอยเจริญกรุง 42,1,16:00-19:00,0,1,0
บางรัก,วัดสวนพลู,4,07:00-09:00,0,0,1
บางรัก,วัดสวนพลู,4,09:00-16:00,0,0,1
บางรัก,วัดสวนพลู,4,16:00-19:00,0,0,1
บางรัก,สีลม,1,07:00-09:00,0,1,0
บางรัก,สีลม,1,09:00-16:00,0,1,0
บางรัก,สีลม,1,16:00-19:00,0,1,0
บางรัก,สีลม,2,07:00-09:00,1,1,1
บางรัก,สีลม,2,09:00-16:00,1,1,0
บางรัก,สีลม,2,09:00-17:00,0,0,1
บางรัก,สีลม,2,16:00-19:00,1,1,0
บางรัก,สีลม,2,17:00-19:00,0,0,1
บางรัก,สีลม,4,07:00-09:00,0,0,2
บางรัก,สีลม,4,09:00-16:00,0,0,1
บางรัก,สีลม,4,09:00-17:00,0,0,1
บางรัก,สีลม,4,16:00-19:00,0,0,1
บางรัก,สีลม,4,17:00-19:00,0,0,1
บางรัก,เจริญกรุง,1,07:00-09:00,0,1,0
บางรัก,เจริญกรุง,1,09:00-16:00,0,1,0
บางรัก,เจริญกรุง,1,16:00-19:00,0,1,0
บางรัก,เจริญกรุง,2,07:00-09:00,1,1,1
บางรัก,เจริญกรุง,2,09:00-16:00,1,1,0
บางรัก,เจริญกรุง,2,09:00-17:00,0,0,1
บางรัก,เจริญกรุง,2,16:00-19:00,1,1,0
บางรัก,เจริญกรุง,2,17:00-19:00,0,0,1
บางรัก,เจริญกรุง,4,07:00-09:00,0,0,2
บางรัก,เจริญกรุง,4,09:00-16:00,0,0,1
บางรัก,เจริญกรุง,4,09:00-17:00,0,0,1
บางรัก,เจริญกรุง,4,16:00-19:00,0,0,1
บางรัก,เจริญกรุง,4,17:00-19:00,0,0,1
บางรัก,เจริญกรุง 42,2,07:00-09:00,0,0,1
บางรัก,เจริญกรุง 42,2,09:00-17:00,0,0,1
บางรัก,เจริญกรุง 42,2,17:00-19:00,0,0,1
บางรัก,เจริญกรุง 42,4,07:00-09:00,0,0,1
บางรัก,เจริญกรุง 42,4,09:00-17:00,0,0,1
บางรัก,เจริญกรุง 42,4,17:00-19:00,0,0,1
บางลำพู,จักรพงษ์,1,07:00-09:00,0,0,1
บางลำพู,จักรพงษ์,1,09:00-17:00,0,0,1
บางลำพู,จักรพงษ์,1,17:00-19:00,0,0,1
บางลำพู,พระสุเมรุ,1,07:00-09:00,0,0,3
บางลำพู,พระสุเมรุ,1,09:00-16:00,0,0,1
บางลำพู,พระสุเมรุ,1,09:00-17:00,0,0,2
บางลำพู,พระสุเมรุ,1,16:00-19:00,0,0,1
บางลำพู,พระสุเมรุ,1,17:00-19:00,0,0,2
บางลำพู,พระเมรุ,3,07:00-09:00,0,1,0
บางลำพู,พระเมรุ,3,09:00-16:00,0,1,0
บางลำพู,พระเมรุ,3,16:00-19:00,0,1,0
บางลำพู,พระเมรุ,4,07:00-09:00,1,0,0
บางลำพู,พระเมรุ,4,09:00-16:00,1,0,0
บางลำพู,พระเมรุ,4,16:00-19:00,1,0,0
บางลำพู,สามเสน,1,07:00-09:00,0,0,3
บางลำพู,สามเสน,1,09:00-16:00,0,0,1
บางลำพู,สามเสน,1,09:00-17:00,0,0,2
บางลำพู,สามเสน,1,16:00-19:00,0,0,1
บางลำพู,สามเสน,1,17:00-19:00,0,0,2
บางลำพู,สามเสน,3,07:00-09:00,0,1,0
บางลำพู,สามเสน,3,09:00-16:00,0,1,0
บางลำพู,สามเสน,3,16:00-19:00,0,1,0
บางลำพู,สามเสน,4,07:00-09:00,1,0,0
บางลำพู,สามเสน,4,09:00-16:00,1,0,0
บางลำพู,สามเสน,4,16:00-19:00,1,0,0
บางเขน,กำแพงเพชร 6,3,07:00-09:00,0,1,0
บางเขน,กำแพงเพชร 6,3,09:00-16:00,0,1,0
บางเขน,กำแพงเพชร 6,3,16:00-19:00,0,1,0
บางเขน,กำแพงเพชร 6,4,07:00-09:00,1,1,0
บางเขน,กำแพงเพชร 6,4,09:00-16:00,1,1,0
บางเขน,กำแพงเพชร 6,4,16:00-19:00,1,1,0
บางเขน,งามวงศ์วาน,3,07:00-09:00,0,1,0
บางเขน,งามวงศ์วาน,3,09:00-16:00,0,1,0
บางเขน,งามวงศ์วาน,3,16:00-19:00,0,1,0
บางเขน,งามวงศ์วาน,4,07:00-09:00,1,1,0
บางเขน,งามวงศ์วาน,4,09:00-16:00,1,1,0
บางเขน,งามวงศ์วาน,4,16:00-19:00,1,1,0
บางเขน(2),กำแพงเพชร 6,1,07:00-09:00,0,0,1
บางเขน(2),กำแพงเพชร 6,1,09:00-17:00,0,0,1
บางเขน(2),กำแพงเพชร 6,1,17:00-19:00,0,0,1
บางเขน(2),กำแพงเพชร 6,4,07:00-09:00,0,0,1
บางเขน(2),กำแพงเพชร 6,4,09:00-17:00,0,0,1
บางเขน(2),กำแพงเพชร 6,4,17:00-19:00,0,0,1
บางเขน(2),งามวงศ์วาน,1,07:00-09:00,0,0,1
บางเขน(2),งามวงศ์วาน,1,09:00-17:00,0,0,1
บางเขน(2),งามวงศ์วาน,1,17:00-19:00,0,0,1
บางเขน(2),งามวงศ์วาน,4,07:00-09:00,0,0,1
บางเขน(2),งามวงศ์วาน,4,09:00-17:00,0,0,1
บางเขน(2),งามวงศ์วาน,4,17:00-19:00,0,0,1
บางแค,บางแค,1,07:00-09:00,0,0,2
บางแค,บางแค,1,09:00-16:00,0,0,1
บางแค,บางแค,1,09:00-17:00,0,0,1
บางแค,บางแค,1,16:00-19:00,0,0,1
บางแค,บางแค,1,17:00-19:00,0,0,1
บางแค,บางแค,3,07:00-09:00,0,1,1
บางแค,บางแค,3,09:00-16:00,0,1,0
บางแค,บางแค,3,09:00-17:00,0,0,1
บางแค,บางแค,3,16:00-19:00,0,1,0
บางแค,บางแค,3,17:00-19:00,0,0,1
บางแค,บางแค,4,07:00-09:00,1,0,0
บางแค,บางแค,4,09:00-16:00,1,0,0
บางแค,บางแค,4,16:00-19:00,1,0,0
บางแค,เพชรเกษม,1,07:00-09:00,0,0,2
บางแค,เพชรเกษม,1,09:00-16:00,0,0,1
บางแค,เพชรเกษม,1,09:00-17:00,0,0,1
บางแค,เพชรเกษม,1,16:00-19:00,0,0,1
บางแค,เพชรเกษม,1,17:00-19:00,0,0,1
บางแค,เพชรเกษม,3,07:00-09:00,0,1,1
บางแค,เพชรเกษม,3,09:00-16:00,0,1,0
บางแค,เพชรเกษม,3,09:00-17:00,0,0,1
บางแค,เพชรเกษม,3,16:00-19:00,0,1,0
บางแค,เพชรเกษม,3,17:00-19:00,0,0,1
บางแค,เพชรเกษม,4,07:00-09:00,1,0,0
บางแค,เพชรเกษม,4,09:00-16:00,1,0,0
บางแค,เพชรเกษม,4,16:00-19:00,1,0,0
บางแค - กัลปพฤกษ์,กัลปพฤกษ์,4,07:00-09:00,0,0,1
บางแค - กัลปพฤกษ์,กัลปพฤกษ์,4,09:00-16:00,0,0,1
บางแค - กัลปพฤกษ์,กัลปพฤกษ์,4,16:00-19:00,0,0,1
บางแค - กัลปพฤกษ์,บางบอน 1,4,07:00-09:00,0,0,1
บางแค - กัลปพฤกษ์,บางบอน 1,4,09:00-16:00,0,0,1
บางแค - กัลปพฤกษ์,บางบอน 1,4,16:00-19:00,0,0,1
บางแค - กัลปพฤกษ์,บางแค,4,07:00-09:00,0,0,1
บางแค - กัลปพฤกษ์,บางแค,4,09:00-16:00,0,0,1
บางแค - กัลปพฤกษ์,บางแค,4,16:00-19:00,0,0,1
บางแวก - เพชรเกษม 48 (บางแวก 69),ซ.เพชรเกษม 48 (บางแวก 69),2,07:00-09:00,1,0,0
บางแวก - เพชรเกษม 48 (บางแวก 69),ซ.เพชรเกษม 48 (บางแวก 69),2,09:00-16:00,1,0,0
บางแวก - เพชรเกษม 48 (บางแวก 69),ซ.เพชรเกษม 48 (บางแวก 69),2,16:00-19:00,1,0,0
บางแวก - เพชรเกษม 48 (บางแวก 69),บางแวก,2,07:00-09:00,1,0,0
บางแวก - เพชรเกษม 48 (บางแวก 69),บางแวก,2,09:00-16:00,1,0,0
บางแวก - เพชรเกษม 48 (บางแวก 69),บางแวก,2,16:00-19:00,1,0,0
บางโพ,ประชาราษฎร์สาย 1,1,07:00-09:00,1,0,0
บางโพ,ประชาราษฎร์สาย 1,1,09:00-16:00,1,0,0
บางโพ,ประชาราษฎร์สาย 1,1,16:00-19:00,1,0,0
บางโพ,ประชาราษฎร์สาย 1,2,07:00-09:00,0,0,2
บางโพ,ประชาราษฎร์สาย 1,2,09:00-17:00,0,0,2
บางโพ,ประชาราษฎร์สาย 1,2,17:00-19:00,0,0,2
บางโพ,ประชาราษฎร์สาย 1,3,07:00-09:00,0,1,0
บางโพ,ประชาราษฎร์สาย 1,3,09:00-16:00,0,1,0
บางโพ,ประชาราษฎร์สาย 1,3,16:00-19:00,0,1,0
บางโพ,ประชาราษฎร์สาย 1,4,07:00-09:00,0,1,0
บางโพ,ประชาราษฎร์สาย 1,4,09:00-16:00,0,1,0
บางโพ,ประชาราษฎร์สาย 1,4,16:00-19:00,0,1,0
บางโพ,ประชาราษฎร์สาย 2,1,07:00-09:00,1,0,0
บางโพ,ประชาราษฎร์สาย 2,1,09:00-16:00,1,0,0
บางโพ,ประชาราษฎร์สาย 2,1,16:00-19:00,1,0,0
บางโพ,ประชาราษฎร์สาย 2,2,07:00-09:00,0,0,2
บางโพ,ประชาราษฎร์สาย 2,2,09:00-17:00,0,0,2
บางโพ,ประชาราษฎร์สาย 2,2,17:00-19:00,0,0,2
บางโพ,ประชาราษฎร์สาย 2,3,07:00-09:00,0,1,0
บางโพ,ประชาราษฎร์สาย 2,3,09:00-16:00,0,1,0
บางโพ,ประชาราษฎร์สาย 2,3,16:00-19:00,0,1,0
บางโพ,ประชาราษฎร์สาย 2,4,07:00-09:00,0,1,0
บางโพ,ประชาราษฎร์สาย 2,4,09:00-16:00,0,1,0
บางโพ,ประชาราษฎร์สาย 2,4,16:00-19:00,0,1,0
บาแล,ประชาร่วมใจ,4,07:00-09:00,0,0,1
บาแล,ประชาร่วมใจ,4,09:00-17:00,0,0,1
บาแล,ประชาร่วมใจ,4,17:00-19:00,0,0,1
บาแล,ราษฎร์ร่วมใจ,4,07:00-09:00,0,0,1
บาแล,ราษฎร์ร่วมใจ,4,09:00-17:00,0,0,1
บาแล,ราษฎร์ร่วมใจ,4,17:00-19:00,0,0,1
บำกซอยถนนรามคำแหง 24,รามคำแหง,2,07:00-09:00,1,0,0
บำกซอยถนนรามคำแหง 24,รามคำแหง,2,09:00-16:00,1,0,0
บำกซอยถนนรามคำแหง 24,รามคำแหง,2,16:00-19:00,1,0,0
บำรุงเมือง,บำรุงเมือง,3,07:00-09:00,0,1,0
บำรุงเมือง,บำรุงเมือง,3,09:00-16:00,0,1,0
บำรุงเมือง,บำรุงเมือง,3,16:00-19:00,0,1,0
บำรุงเมือง,ศิริพงษ์,3,07:00-09:00,0,1,0
บำรุงเมือง,ศิริพงษ์,3,09:00-16:00,0,1,0
บำรุงเมือง,ศิริพงษ์,3,16:00-19:00,0,1,0
บำรุงเมือง,อุณากรรณ,3,07:00-09:00,0,1,0
บำรุงเมือง,อุณากรรณ,3,09:00-16:00,0,1,0
บำรุงเมือง,อุณากรรณ,3,16:00-19:00,0,1,0
บำรุงเมือง - มหรรณพ 2,ซอยมหรรณพ 2,3,07:00-09:00,0,1,0
บำรุงเมือง - มหรรณพ 2,ซอยมหรรณพ 2,3,09:00-16:00,0,1,0
บำรุงเมือง - มหรรณพ 2,ซอยมหรรณพ 2,3,16:00-19:00,0,1,0
บำรุงเมือง - มหรรณพ 2,บำรุงเมือง,3,07:00-09:00,0,1,0
บำรุงเมือง - มหรรณพ 2,บำรุงเมือง,3,09:00-16:00,0,1,0
บำรุงเมือง - มหรรณพ 2,บำรุงเมือง,3,16:00-19:00,0,1,0
บิ๊กซีรัชดา,รัชดาภิเษก,3,07:00-09:00,0,1,0
บิ๊กซีรัชดา,รัชดาภิเษก,3,09:00-16:00,0,1,0
บิ๊กซีรัชดา,รัชดาภิเษก,3,16:00-19:00,0,1,0
บิ๊กซีเอ็กซ์ตร้าลาดพร้าว 7,ลาดพร้าว,3,07:00-09:00,0,1,0
บิ๊กซีเอ็กซ์ตร้าลาดพร้าว 7,ลาดพร้าว,3,09:00-16:00,0,1,0
บิ๊กซีเอ็กซ์ตร้าลาดพร้าว 7,ลาดพร้าว,3,16:00-19:00,0,1,0
บุคคโล,มไหสวรรย์,1,07:00-09:00,2,0,0
บุคคโล,มไหสวรรย์,1,09:00-16:00,2,0,0
บุคคโล,มไหสวรรย์,1,16:00-19:00,2,0,0
บุคคโล,มไหสวรรย์,2,07:00-09:00,0,0,2
บุคคโล,มไหสวรรย์,2,09:00-17:00,0,0,2
บุคคโล,มไหสวรรย์,2,17:00-19:00,0,0,2
บุคคโล,มไหสวรรย์,3,07:00-09:00,0,1,1
บุคคโล,มไหสวรรย์,3,09:00-16:00,0,1,0
บุคคโล,มไหสวรรย์,3,09:00-17:00,0,0,1
บุคคโล,มไหสวรรย์,3,16:00-19:00,0,1,0
บุคคโล,มไหสวรรย์,3,17:00-19:00,0,0,1
บุคคโล,เจริญนคร,1,07:00-09:00,2,0,0
บุคคโล,เจริญนคร,1,09:00-16:00,2,0,0
บุคคโล,เจริญนคร,1,16:00-19:00,2,0,0
บุคคโล,เจริญนคร,2,07:00-09:00,0,0,2
บุคคโล,เจริญนคร,2,09:00-17:00,0,0,2
บุคคโล,เจริญนคร,2,17:00-19:00,0,0,2
บุคคโล,เจริญนคร,3,07:00-09:00,0,1,1
บุคคโล,เจริญนคร,3,09:00-16:00,0,1,0
บุคคโล,เจริญนคร,3,09:00-17:00,0,0,1
บุคคโล,เจริญนคร,3,16:00-19:00,0,1,0
บุคคโล,เจริญนคร,3,17:00-19:00,0,0,1
บุรีภิรมย์ - เลียบวารี 2,บุรีภิรมย์,3,07:00-09:00,0,0,1
บุรีภิรมย์ - เลียบวารี 2,บุรีภิรมย์,3,09:00-16:00,0,0,1
บุรีภิรมย์ - เลียบวารี 2,บุรีภิรมย์,3,16:00-19:00,0,0,1
บุรีภิรมย์ - เลียบวารี 2,เลียบวารี 2,3,07:00-09:00,0,0,1
บุรีภิรมย์ - เลียบวารี 2,เลียบวารี 2,3,09:00-16:00,0,0,1
บุรีภิรมย์ - เลียบวารี 2,เลียบวารี 2,3,16:00-19:00,0,0,1
บ้านม้า,รามคำแหง,1,07:00-09:00,0,1,0
บ้านม้า,รามคำแหง,1,09:00-16:00,0,1,0
บ้านม้า,รามคำแหง,1,16:00-19:00,0,1,0
บ้านม้า,รามคำแหง,2,07:00-09:00,0,1,0
บ้านม้า,รามคำแหง,2,09:00-16:00,0,1,0
บ้านม้า,รามคำแหง,2,16:00-19:00,0,1,0
บ้านม้า,รามคำแหง,4,07:00-09:00,0,0,1
บ้านม้า,รามคำแหง,4,09:00-17:00,0,0,1
บ้านม้า,รามคำแหง,4,17:00-19:00,0,0,1
บ้านม้า,ศรีบูรพา,1,07:00-09:00,0,1,0
บ้านม้า,ศรีบูรพา,1,09:00-16:00,0,1,0
บ้านม้า,ศรีบูรพา,1,16:00-19:00,0,1,0
บ้านม้า,ศรีบูรพา,2,07:00-09:00,0,1,0
บ้านม้า,ศรีบูรพา,2,09:00-16:00,0,1,0
บ้านม้า,ศรีบูรพา,2,16:00-19:00,0,1,0
บ้านม้า,ศรีบูรพา,4,07:00-09:00,0,0,1
บ้านม้า,ศรีบูรพา,4,09:00-17:00,0,0,1
บ้านม้า,ศรีบูรพา,4,17:00-19:00,0,0,1
บ้านแขก,ประชาธิปก,1,07:00-09:00,0,1,1
บ้านแขก,ประชาธิปก,1,09:00-16:00,0,1,0
บ้านแขก,ประชาธิปก,1,09:00-17:00,0,0,1
บ้านแขก,ประชาธิปก,1,16:00-19:00,0,1,0
บ้านแขก,ประชาธิปก,1,17:00-19:00,0,0,1
บ้านแขก,ประชาธิปก,2,06:30-09:00,1,0,0
บ้านแขก,ประชาธิปก,2,07:00-09:00,0,1,1
บ้านแขก,ประชาธิปก,2,09:00-16:00,1,1,0
บ้านแขก,ประชาธิปก,2,09:00-17:00,0,0,1
บ้านแขก,ประชาธิปก,2,16:00-19:00,0,1,0
บ้านแขก,ประชาธิปก,2,16:00-19:30,1,0,0
บ้านแขก,ประชาธิปก,2,17:00-19:00,0,0,1
บ้านแขก,ประชาธิปก,3,07:00-09:00,0,0,1
บ้านแขก,ประชาธิปก,3,09:00-16:00,0,0,1
บ้านแขก,ประชาธิปก,3,16:00-19:00,0,0,1
บ้านแขก,อิสรภาพ,1,07:00-09:00,0,1,1
บ้านแขก,อิสรภาพ,1,09:00-16:00,0,1,0
บ้านแขก,อิสรภาพ,1,09:00-17:00,0,0,1
บ้านแขก,อิสรภาพ,1,16:00-19:00,0,1,0
บ้านแขก,อิสรภาพ,1,17:00-19:00,0,0,1
บ้านแขก,อิสรภาพ,2,06:30-09:00,1,0,0
บ้านแขก,อิสรภาพ,2,07:00-09:00,0,1,1
บ้านแขก,อิสรภาพ,2,09:00-16:00,1,1,0
บ้านแขก,อิสรภาพ,2,09:00-17:00,0,0,1
บ้านแขก,อิสรภาพ,2,16:00-19:00,0,1,0
บ้านแขก,อิสรภาพ,2,16:00-19:30,1,0,0
บ้านแขก,อิสรภาพ,2,17:00-19:00,0,0,1
บ้านแขก,อิสรภาพ,3,07:00-09:00,0,0,1
บ้านแขก,อิสรภาพ,3,09:00-16:00,0,0,1
บ้านแขก,อิสรภาพ,3,16:00-19:00,0,0,1
ปทุมวัน,พญาไท,1,07:00-09:00,1,1,0
ปทุมวัน,พญาไท,1,09:00-16:00,1,1,0
ปทุมวัน,พญาไท,1,16:00-19:00,1,1,0
ปทุมวัน,พญาไท,2,07:00-09:00,1,0,2
ปทุมวัน,พญาไท,2,09:00-16:00,1,0,0
ปทุมวัน,พญาไท,2,09:00-17:00,0,0,2
ปทุมวัน,พญาไท,2,16:00-19:00,1,0,0
ปทุมวัน,พญาไท,2,17:00-19:00,0,0,2
ปทุมวัน,พญาไท,3,07:00-09:00,0,0,1
ปทุมวัน,พญาไท,3,09:00-17:00,0,0,1
ปทุมวัน,พญาไท,3,17:00-19:00,0,0,1
ปทุมวัน,พระรามที่ 1,1,07:00-09:00,1,1,0
ปทุมวัน,พระรามที่ 1,1,09:00-16:00,0,1,0
ปทุมวัน,พระรามที่ 1,1,16:00-19:00,0,1,0
ปทุมวัน,พระรามที่ 1,2,07:00-09:00,1,0,2
ปทุมวัน,พระรามที่ 1,2,09:00-16:00,1,0,0
ปทุมวัน,พระรามที่ 1,2,09:00-17:00,0,0,2
ปทุมวัน,พระรามที่ 1,2,16:00-19:00,1,0,0
ปทุมวัน,พระรามที่ 1,2,17:00-19:00,0,0,2
ปทุมวัน,พระรามที่ 1,3,07:00-09:00,0,0,1
ปทุมวัน,พระรามที่ 1,3,09:00-17:00,0,0,1
ปทุมวัน,พระรามที่ 1,3,17:00-19:00,0,0,1
ปทุมวัน,พระรามที่ 2,1,09:00-16:00,1,0,0
ปทุมวัน,พระรามที่ 3,1,16:00-19:00,1,0,0
ปบากซอยสรงประภา 24,สรงประภา,1,07:00-09:00,1,0,0
ปบากซอยสรงประภา 24,สรงประภา,1,09:00-16:00,1,0,0
ปบากซอยสรงประภา 24,สรงประภา,1,16:00-19:00,1,0,0
ประชาชื่น,ประชาชื่น,1,07:00-09:00,0,0,1
ประชาชื่น,ประชาชื่น,1,09:00-17:00,0,0,1
ประชาชื่น,ประชาชื่น,1,17:00-19:00,0,0,1
ประชาชื่น,ประชาชื่น,3,07:00-09:00,0,2,0
ประชาชื่น,ประชาชื่น,3,09:00-16:00,0,2,0
ประชาชื่น,ประชาชื่น,3,16:00-19:00,0,2,0
ประชาชื่น,ประชาชื่น,4,07:00-09:00,1,0,0
ประชาชื่น,ประชาชื่น,4,09:00-16:00,1,0,0
ประชาชื่น,ประชาชื่น,4,16:00-19:00,1,0,0
ประชาชื่น,ประชาราษฎรส์าย 2,3,07:00-09:00,0,1,0
ประชาชื่น,ประชาราษฎรส์าย 2,3,09:00-16:00,0,1,0
ประชาชื่น,ประชาราษฎรส์าย 2,3,16:00-19:00,0,1,0
ประชาชื่น,ประชาราษฎร์สาย 2,1,07:00-09:00,0,0,1
ประชาชื่น,ประชาราษฎร์สาย 2,1,09:00-17:00,0,0,1
ประชาชื่น,ประชาราษฎร์สาย 2,1,17:00-19:00,0,0,1
ประชาชื่น,ประชาราษฎร์สาย 2,3,07:00-09:00,0,1,0
ประชาชื่น,ประชาราษฎร์สาย 2,3,09:00-16:00,0,1,0
ประชาชื่น,ประชาราษฎร์สาย 2,3,16:00-19:00,0,1,0
ประชาชื่น,ประชาราษฎร์สาย 2,4,07:00-09:00,1,0,0
ประชาชื่น,ประชาราษฎร์สาย 2,4,09:00-16:00,1,0,0
ประชาชื่น,ประชาราษฎร์สาย 2,4,16:00-19:00,1,0,0
ประชาชื่น,ริมคลองประปาฝั่งซ้าย,4,07:00-09:00,1,0,0
ประชาชื่น,ริมคลองประปาฝั่งซ้าย,4,09:00-16:00,1,0,0
ประชาชื่น,ริมคลองประปาฝั่งซ้าย,4,16:00-19:00,1,0,0
ประชาชื่น 31,ประชาชื่น,3,07:00-09:00,0,0,1
ประชาชื่น 31,ประชาชื่น,3,09:00-17:00,0,0,1
ประชาชื่น 31,ประชาชื่น,3,17:00-19:00,0,0,1
ประชาชื่น 31,ประชาชื่น 31,3,07:00-09:00,0,0,1
ประชาชื่น 31,ประชาชื่น 31,3,09:00-17:00,0,0,1
ประชาชื่น 31,ประชาชื่น 31,3,17:00-19:00,0,0,1
ประชาชื่น 32,ประชาชื่น,3,07:00-09:00,0,0,1
ประชาชื่น 32,ประชาชื่น,3,09:00-17:00,0,0,1
ประชาชื่น 32,ประชาชื่น,3,17:00-19:00,0,0,1
ประชาชื่น 32,ประชาชื่น 32,3,07:00-09:00,0,0,1
ประชาชื่น 32,ประชาชื่น 32,3,09:00-17:00,0,0,1
ประชาชื่น 32,ประชาชื่น 32,3,17:00-19:00,0,0,1
ประชาธรรม,ประชาอุทิศ,1,07:00-09:00,0,1,0
ประชาธรรม,ประชาอุทิศ,1,09:00-16:00,0,1,0
ประชาธรรม,ประชาอุทิศ,1,16:00-19:00,0,1,0
ประชาธรรม,ประชาอุทิศ,4,07:00-09:00,2,0,1
ประชาธรรม,ประชาอุทิศ,4,09:00-16:00,2,0,0
ประชาธรรม,ประชาอุทิศ,4,09:00-17:00,0,0,1
ประชาธรรม,ประชาอุทิศ,4,16:00-19:00,2,0,0
ประชาธรรม,ประชาอุทิศ,4,17:00-19:00,0,0,1
ประชาธรรม,ประดิษฐ์มนูธรรม,1,07:00-09:00,0,1,0
ประชาธรรม,ประดิษฐ์มนูธรรม,1,09:00-16:00,0,1,0
ประชาธรรม,ประดิษฐ์มนูธรรม,1,16:00-19:00,0,1,0
ประชาธรรม,ประดิษฐ์มนูธรรม,4,07:00-09:00,2,0,1
ประชาธรรม,ประดิษฐ์มนูธรรม,4,09:00-16:00,2,0,0
ประชาธรรม,ประดิษฐ์มนูธรรม,4,09:00-17:00,0,0,1
ประชาธรรม,ประดิษฐ์มนูธรรม,4,16:00-19:00,2,0,0
ประชาธรรม,ประดิษฐ์มนูธรรม,4,17:00-19:00,0,0,1
ประชานิเวศน์,ประชาชื่น,1,07:00-09:00,1,0,1
ประชานิเวศน์,ประชาชื่น,1,09:00-16:00,1,0,0
ประชานิเวศน์,ประชาชื่น,1,09:00-17:00,0,0,1
ประชานิเวศน์,ประชาชื่น,1,16:00-19:00,1,0,0
ประชานิเวศน์,ประชาชื่น,1,17:00-19:00,0,0,1
ประชานิเวศน์,ประชาชื่น,2,07:00-09:00,1,1,0
ประชานิเวศน์,ประชาชื่น,2,09:00-16:00,1,1,0
ประชานิเวศน์,ประชาชื่น,2,16:00-19:00,1,1,0
ประชานิเวศน์,ประชาชื่น,3,07:00-09:00,1,0,0
ประชานิเวศน์,ประชาชื่น,3,09:00-16:00,1,0,0
ประชานิเวศน์,ประชาชื่น,3,16:00-19:00,1,0,0
ประชานิเวศน์,เทศบาลสงเคราะห์,1,07:00-09:00,1,0,1
ประชานิเวศน์,เทศบาลสงเคราะห์,1,09:00-16:00,1,0,0
ประชานิเวศน์,เทศบาลสงเคราะห์,1,09:00-17:00,0,0,1
ประชานิเวศน์,เทศบาลสงเคราะห์,1,16:00-19:00,1,0,0
ประชานิเวศน์,เทศบาลสงเคราะห์,1,17:00-19:00,0,0,1
ประชานิเวศน์,เทศบาลสงเคราะห์,2,07:00-09:00,1,1,0
ประชานิเวศน์,เทศบาลสงเคราะห์,2,09:00-16:00,1,1,0
ประชานิเวศน์,เทศบาลสงเคราะห์,2,16:00-19:00,1,1,0
ประชานิเวศน์,เทศบาลสงเคราะห์,3,07:00-09:00,1,0,0
ประชานิเวศน์,เทศบาลสงเคราะห์,3,09:00-16:00,1,0,0
ประชานิเวศน์,เทศบาลสงเคราะห์,3,16:00-19:00,1,0,0
ประชานุกล,ประชาชื่น,3,07:00-09:00,1,0,0
ประชานุกล,ประชาชื่น,3,09:00-16:00,1,0,0
ประชานุกล,ประชาชื่น,3,16:00-19:00,1,0,0
ประชานุกล,รัชดาภิเษก,3,07:00-09:00,1,0,0
ประชานุกล,รัชดาภิเษก,3,09:00-16:00,1,0,0
ประชานุกล,รัชดาภิเษก,3,16:00-19:00,1,0,0
ประชานุกูล,ประชาชื่น,3,07:00-09:00,0,2,0
ประชานุกูล,ประชาชื่น,3,09:00-16:00,0,2,0
ประชานุกูล,ประชาชื่น,3,16:00-19:00,0,2,0
ประชานุกูล,ประชาชื่น,4,07:00-09:00,0,0,1
ประชานุกูล,ประชาชื่น,4,09:00-17:00,0,0,1
ประชานุกูล,ประชาชื่น,4,17:00-19:00,0,0,1
ประชานุกูล,รัชดาภิเษก,3,07:00-09:00,0,1,0
ประชานุกูล,รัชดาภิเษก,3,09:00-16:00,0,1,0
ประชานุกูล,รัชดาภิเษก,3,16:00-19:00,0,1,0
ประชานุกูล,รัชดาภิเษก,4,07:00-09:00,0,0,1
ประชานุกูล,รัชดาภิเษก,4,09:00-17:00,0,0,1
ประชานุกูล,รัชดาภิเษก,4,17:00-19:00,0,0,1
ประชานุกูล,รัชดาภเิษก,3,07:00-09:00,0,1,0
ประชานุกูล,รัชดาภเิษก,3,09:00-16:00,0,1,0
ประชานุกูล,รัชดาภเิษก,3,16:00-19:00,0,1,0
ประชาราษฎร์,ประชาราษฎร์สาย 1,1,07:00-09:00,0,0,1
ประชาราษฎร์,ประชาราษฎร์สาย 1,1,09:00-17:00,0,0,1
ประชาราษฎร์,ประชาราษฎร์สาย 1,1,17:00-19:00,0,0,1
ประชาราษฎร์,ประชาราษฎร์สาย 1,2,07:00-09:00,0,0,1
ประชาราษฎร์,ประชาราษฎร์สาย 1,2,09:00-17:00,0,0,1
ประชาราษฎร์,ประชาราษฎร์สาย 1,2,17:00-19:00,0,0,1
ประชาราษฎร์,ประชาราษฎร์สาย 1,4,07:00-09:00,1,0,0
ประชาราษฎร์,ประชาราษฎร์สาย 1,4,09:00-16:00,1,0,0
ประชาราษฎร์,ประชาราษฎร์สาย 1,4,16:00-19:00,1,0,0
ประชาราษฎร์,วงศ์สวาง,4,07:00-09:00,1,0,0
ประชาราษฎร์,วงศ์สวาง,4,09:00-16:00,1,0,0
ประชาราษฎร์,วงศ์สวาง,4,16:00-19:00,1,0,0
ประชาราษฎร์,วงศ์สว่าง,1,07:00-09:00,0,0,1
ประชาราษฎร์,วงศ์สว่าง,1,09:00-17:00,0,0,1
ประชาราษฎร์,วงศ์สว่าง,1,17:00-19:00,0,0,1
ประชาราษฎร์,วงศ์สว่าง,2,07:00-09:00,0,0,1
ประชาราษฎร์,วงศ์สว่าง,2,09:00-17:00,0,0,1
ประชาราษฎร์,วงศ์สว่าง,2,17:00-19:00,0,0,1
ประชาราษฎร์บำเพ็ญ,ประชาราษฎร์บำเพ็ญ,4,07:00-09:00,1,0,0
ประชาราษฎร์บำเพ็ญ,ประชาราษฎร์บำเพ็ญ,4,09:00-16:00,1,0,0
ประชาราษฎร์บำเพ็ญ,ประชาราษฎร์บำเพ็ญ,4,16:00-19:00,1,0,0
ประชาราษฎร์บำเพ็ญ,ประชาอุทิศ,4,07:00-09:00,1,0,0
ประชาราษฎร์บำเพ็ญ,ประชาอุทิศ,4,09:00-16:00,1,0,0
ประชาราษฎร์บำเพ็ญ,ประชาอุทิศ,4,16:00-19:00,1,0,0
ประชาราษฎร์บำเพ็ญ - ประชาอุทิศ,ประชาราษฎร์บำเพ็ญ (EB),1,07:00-09:00,0,0,1
ประชาราษฎร์บำเพ็ญ - ประชาอุทิศ,ประชาราษฎร์บำเพ็ญ (EB),1,09:00-17:00,0,0,1
ประชาราษฎร์บำเพ็ญ - ประชาอุทิศ,ประชาราษฎร์บำเพ็ญ (EB),1,17:00-19:00,0,0,1
ประชาราษฎร์บำเพ็ญ - ประชาอุทิศ,ประชาราษฎร์บำเพ็ญ (SB),1,07:00-09:00,0,0,1
ประชาราษฎร์บำเพ็ญ - ประชาอุทิศ,ประชาราษฎร์บำเพ็ญ (SB),1,09:00-17:00,0,0,1
ประชาราษฎร์บำเพ็ญ - ประชาอุทิศ,ประชาราษฎร์บำเพ็ญ (SB),1,17:00-19:00,0,0,1
ประชาราษฎร์บำเพ็ญ - ประชาอุทิศ,ประชาอุทิศ,1,07:00-09:00,0,0,1
ประชาราษฎร์บำเพ็ญ - ประชาอุทิศ,ประชาอุทิศ,1,09:00-17:00,0,0,1
ประชาราษฎร์บำเพ็ญ - ประชาอุทิศ,ประชาอุทิศ,1,17:00-19:00,0,0,1
ประชาราษฎร์สาย 1,ประชาราษฎร์สาย 1,1,07:00-09:00,0,1,0
ประชาราษฎร์สาย 1,ประชาราษฎร์สาย 1,1,09:00-16:00,0,1,0
ประชาราษฎร์สาย 1,ประชาราษฎร์สาย 1,1,16:00-19:00,0,1,0
ประชาราษฎร์สาย 1,ประชาราษฎร์สาย 1,2,07:00-09:00,1,0,0
ประชาราษฎร์สาย 1,ประชาราษฎร์สาย 1,2,09:00-16:00,1,0,0
ประชาราษฎร์สาย 1,ประชาราษฎร์สาย 1,2,16:00-19:00,1,0,0
ประชาราษฎร์สาย 1,วงศ์สว่าง,1,07:00-09:00,0,1,0
ประชาราษฎร์สาย 1,วงศ์สว่าง,1,09:00-16:00,0,1,0
ประชาราษฎร์สาย 1,วงศ์สว่าง,1,16:00-19:00,0,1,0
ประชาราษฎร์สาย 1,วงศ์สว่าง,2,07:00-09:00,1,0,0
ประชาราษฎร์สาย 1,วงศ์สว่าง,2,09:00-16:00,1,0,0
ประชาราษฎร์สาย 1,วงศ์สว่าง,2,16:00-19:00,1,0,0
ประชาร่วมใจ - ซอยเบนชะโด,ประชาร่วมใจ,2,07:00-09:00,0,1,0
ประชาร่วมใจ - ซอยเบนชะโด,ประชาร่วมใจ,2,09:00-16:00,0,1,0
ประชาร่วมใจ - ซอยเบนชะโด,ประชาร่วมใจ,2,16:00-19:00,0,1,0
ประชาร่วมใจ - ราษฎร์ร่วมใจ,ประชาร่วมใจ,2,07:00-09:00,0,0,1
ประชาร่วมใจ - ราษฎร์ร่วมใจ,ประชาร่วมใจ,2,09:00-17:00,0,0,1
ประชาร่วมใจ - ราษฎร์ร่วมใจ,ประชาร่วมใจ,2,17:00-19:00,0,0,1
ประชาร่วมใจ - ราษฎร์ร่วมใจ,ราษฎร์ร่วมใจ,2,07:00-09:00,0,0,1
ประชาร่วมใจ - ราษฎร์ร่วมใจ,ราษฎร์ร่วมใจ,2,09:00-17:00,0,0,1
ประชาร่วมใจ - ราษฎร์ร่วมใจ,ราษฎร์ร่วมใจ,2,17:00-19:00,0,0,1
ประชาร่วมใจ 31,ประชาร่วมใจ,1,07:00-09:00,0,0,1
ประชาร่วมใจ 31,ประชาร่วมใจ,1,09:00-17:00,0,0,1
ประชาร่วมใจ 31,ประชาร่วมใจ,1,17:00-19:00,0,0,1
ประชาร่วมใจ 31,ประชาร่วมใจ 31,1,07:00-09:00,0,0,1
ประชาร่วมใจ 31,ประชาร่วมใจ 31,1,09:00-17:00,0,0,1
ประชาร่วมใจ 31,ประชาร่วมใจ 31,1,17:00-19:00,0,0,1
ประชาสงเคราะห์,ดินแดง,1,07:00-09:00,1,0,1
ประชาสงเคราะห์,ดินแดง,1,09:00-16:00,1,0,0
ประชาสงเคราะห์,ดินแดง,1,09:00-17:00,0,0,1
ประชาสงเคราะห์,ดินแดง,1,16:00-19:00,1,0,0
ประชาสงเคราะห์,ดินแดง,1,17:00-19:00,0,0,1
ประชาสงเคราะห์,ดินแดง,2,07:00-09:00,0,1,1
ประชาสงเคราะห์,ดินแดง,2,09:00-16:00,0,1,0
ประชาสงเคราะห์,ดินแดง,2,09:00-17:00,0,0,1
ประชาสงเคราะห์,ดินแดง,2,16:00-19:00,0,1,0
ประชาสงเคราะห์,ดินแดง,2,17:00-19:00,0,0,1
ประชาสงเคราะห์,ดินแดง,4,07:00-09:00,1,0,0
ประชาสงเคราะห์,ดินแดง,4,09:00-16:00,1,0,0
ประชาสงเคราะห์,ดินแดง,4,16:00-19:00,1,0,0
ประชาสงเคราะห์,ประชาสงเคราะห์,1,07:00-09:00,1,0,1
ประชาสงเคราะห์,ประชาสงเคราะห์,1,09:00-16:00,1,0,0
ประชาสงเคราะห์,ประชาสงเคราะห์,1,09:00-17:00,0,0,1
ประชาสงเคราะห์,ประชาสงเคราะห์,1,16:00-19:00,1,0,0
ประชาสงเคราะห์,ประชาสงเคราะห์,1,17:00-19:00,0,0,1
ประชาสงเคราะห์,ประชาสงเคราะห์,2,07:00-09:00,0,1,1
ประชาสงเคราะห์,ประชาสงเคราะห์,2,09:00-16:00,0,1,0
ประชาสงเคราะห์,ประชาสงเคราะห์,2,09:00-17:00,0,0,1
ประชาสงเคราะห์,ประชาสงเคราะห์,2,16:00-19:00,0,1,0
ประชาสงเคราะห์,ประชาสงเคราะห์,2,17:00-19:00,0,0,1
ประชาสงเคราะห์,ประชาสงเคราะห์,4,07:00-09:00,1,0,0
ประชาสงเคราะห์,ประชาสงเคราะห์,4,09:00-16:00,1,0,0
ประชาสงเคราะห์,ประชาสงเคราะห์,4,16:00-19:00,1,0,0
ประชาสงเคราะห์,อโศกดินแดง,1,07:00-09:00,1,0,1
ประชาสงเคราะห์,อโศกดินแดง,1,09:00-16:00,1,0,0
ประชาสงเคราะห์,อโศกดินแดง,1,09:00-17:00,0,0,1
ประชาสงเคราะห์,อโศกดินแดง,1,16:00-19:00,1,0,0
ประชาสงเคราะห์,อโศกดินแดง,1,17:00-19:00,0,0,1
ประชาสงเคราะห์,อโศกดินแดง,2,07:00-09:00,0,0,1
ประชาสงเคราะห์,อโศกดินแดง,2,09:00-17:00,0,0,1
ประชาสงเคราะห์,อโศกดินแดง,2,17:00-19:00,0,0,1
ประชาสงเคราะห์,อโศกดินแดง,4,07:00-09:00,1,0,0
ประชาสงเคราะห์,อโศกดินแดง,4,09:00-16:00,1,0,0
ประชาสงเคราะห์,อโศกดินแดง,4,16:00-19:00,1,0,0
ประชาสงเคราะห์ - มิตรไมตรี,ประชาสงเคราะห์,1,07:00-09:00,0,2,0
ประชาสงเคราะห์ - มิตรไมตรี,ประชาสงเคราะห์,1,09:00-16:00,0,2,0
ประชาสงเคราะห์ - มิตรไมตรี,ประชาสงเคราะห์,1,16:00-19:00,0,2,0
ประชาสงเคราะห์ - มิตรไมตรี,ประชาสงเคราะห์,2,06:30-09:00,1,0,0
ประชาสงเคราะห์ - มิตรไมตรี,ประชาสงเคราะห์,2,09:00-16:00,1,0,0
ประชาสงเคราะห์ - มิตรไมตรี,ประชาสงเคราะห์,2,16:00-19:30,1,0,0
ประชาสงเคราะห์ - มิตรไมตรี,ประชาสงเคราะห์,3,07:00-09:00,1,0,0
ประชาสงเคราะห์ - มิตรไมตรี,ประชาสงเคราะห์,3,09:00-16:00,1,0,0
ประชาสงเคราะห์ - มิตรไมตรี,ประชาสงเคราะห์,3,16:00-19:00,1,0,0
ประชาสงเคราะห์ - มิตรไมตรี,มิตรไมตรี,1,07:00-09:00,0,2,0
ประชาสงเคราะห์ - มิตรไมตรี,มิตรไมตรี,1,09:00-16:00,0,2,0
ประชาสงเคราะห์ - มิตรไมตรี,มิตรไมตรี,1,16:00-19:00,0,2,0
ประชาสงเคราะห์ - มิตรไมตรี,มิตรไมตรี,2,06:30-09:00,1,0,0
ประชาสงเคราะห์ - มิตรไมตรี,มิตรไมตรี,2,09:00-16:00,1,0,0
ประชาสงเคราะห์ - มิตรไมตรี,มิตรไมตรี,2,16:00-19:30,1,0,0
ประชาสงเคราะห์ - มิตรไมตรี,มิตรไมตรี,3,07:00-09:00,1,0,0
ประชาสงเคราะห์ - มิตรไมตรี,มิตรไมตรี,3,09:00-16:00,1,0,0
ประชาสงเคราะห์ - มิตรไมตรี,มิตรไมตรี,3,16:00-19:00,1,0,0
ประชาสงเคราะห์- มิตรไมตรี,ประชาสงเคราะห์,1,06:30-09:00,0,1,0
ประชาสงเคราะห์- มิตรไมตรี,ประชาสงเคราะห์,1,09:00-16:00,0,1,0
ประชาสงเคราะห์- มิตรไมตรี,ประชาสงเคราะห์,1,16:00-19:30,0,1,0
ประชาสงเคราะห์- มิตรไมตรี,มิตรไมตรี,1,06:30-09:00,0,1,0
ประชาสงเคราะห์- มิตรไมตรี,มิตรไมตรี,1,09:00-16:00,0,1,0
ประชาสงเคราะห์- มิตรไมตรี,มิตรไมตรี,1,16:00-19:30,0,1,0
ประชาอุทิศ,ประชาอุทิศ,1,07:00-09:00,0,0,3
ประชาอุทิศ,ประชาอุทิศ,1,09:00-16:00,0,0,1
ประชาอุทิศ,ประชาอุทิศ,1,09:00-17:00,0,0,2
ประชาอุทิศ,ประชาอุทิศ,1,16:00-19:00,0,0,1
ประชาอุทิศ,ประชาอุทิศ,1,17:00-19:00,0,0,2
ประชาอุทิศ,ประชาอุทิศ,2,07:00-09:00,1,0,1
ประชาอุทิศ,ประชาอุทิศ,2,09:00-16:00,1,0,1
ประชาอุทิศ,ประชาอุทิศ,2,16:00-19:00,1,0,1
ประชาอุทิศ,ประชาอุทิศ,3,07:00-09:00,2,1,0
ประชาอุทิศ,ประชาอุทิศ,3,09:00-16:00,2,1,0
ประชาอุทิศ,ประชาอุทิศ,3,16:00-19:00,2,1,0
ประชาอุทิศ,ประชาอุทิศ,4,07:00-09:00,0,1,0
ประชาอุทิศ,ประชาอุทิศ,4,09:00-16:00,0,1,0
ประชาอุทิศ,ประชาอุทิศ,4,16:00-19:00,0,1,0
ประชาอุทิศ,ประชาอุทิศ 19,1,07:00-09:00,0,0,1
ประชาอุทิศ,ประชาอุทิศ 19,1,09:00-17:00,0,0,1
ประชาอุทิศ,ประชาอุทิศ 19,1,17:00-19:00,0,0,1
ประชาอุทิศ,สุขสวัสดิ,3,07:00-09:00,1,0,0
ประชาอุทิศ,สุขสวัสดิ,3,09:00-16:00,1,0,0
ประชาอุทิศ,สุขสวัสดิ,3,16:00-19:00,1,0,0
ประชาอุทิศ,สุขสวัสดิ์,1,07:00-09:00,0,0,2
ประชาอุทิศ,สุขสวัสดิ์,1,09:00-16:00,0,0,1
ประชาอุทิศ,สุขสวัสดิ์,1,09:00-17:00,0,0,1
ประชาอุทิศ,สุขสวัสดิ์,1,16:00-19:00,0,0,1
ประชาอุทิศ,สุขสวัสดิ์,1,17:00-19:00,0,0,1
ประชาอุทิศ,สุขสวัสดิ์,2,07:00-09:00,1,0,0
ประชาอุทิศ,สุขสวัสดิ์,2,09:00-16:00,1,0,0
ประชาอุทิศ,สุขสวัสดิ์,2,16:00-19:00,1,0,0
ประชาอุทิศ,สุขสวัสดิ์,4,07:00-09:00,0,1,0
ประชาอุทิศ,สุขสวัสดิ์,4,09:00-16:00,0,1,0
ประชาอุทิศ,สุขสวัสดิ์,4,16:00-19:00,0,1,0
ประชาอุทิศ,เทียมร่วมมิตร,1,07:00-09:00,0,0,1
ประชาอุทิศ,เทียมร่วมมิตร,1,09:00-17:00,0,0,1
ประชาอุทิศ,เทียมร่วมมิตร,1,17:00-19:00,0,0,1
ประชาอุทิศ,เทียมร่วมมิตร,2,07:00-09:00,0,0,1
ประชาอุทิศ,เทียมร่วมมิตร,2,09:00-16:00,0,0,1
ประชาอุทิศ,เทียมร่วมมิตร,2,16:00-19:00,0,0,1
ประชาอุทิศ,เทียมร่วมมิตร,3,07:00-09:00,1,1,0
ประชาอุทิศ,เทียมร่วมมิตร,3,09:00-16:00,1,1,0
ประชาอุทิศ,เทียมร่วมมิตร,3,16:00-19:00,1,1,0
ประชาอุทิศ - ประชาอุทิศ 99,ประชาอุทิศ,3,07:00-09:00,0,0,1
ประชาอุทิศ - ประชาอุทิศ 99,ประชาอุทิศ,3,09:00-16:00,0,0,1
ประชาอุทิศ - ประชาอุทิศ 99,ประชาอุทิศ,3,16:00-19:00,0,0,1
ประชาอุทิศ - ประชาอุทิศ 99,ประชาอุทิศ 99,3,07:00-09:00,0,0,1
ประชาอุทิศ - ประชาอุทิศ 99,ประชาอุทิศ 99,3,09:00-16:00,0,0,1
ประชาอุทิศ - ประชาอุทิศ 99,ประชาอุทิศ 99,3,16:00-19:00,0,0,1
ประชาอุทิศ - เทียมร่วมมิตร,ประชาอุทิศ,1,07:00-09:00,0,0,1
ประชาอุทิศ - เทียมร่วมมิตร,ประชาอุทิศ,1,09:00-17:00,0,0,1
ประชาอุทิศ - เทียมร่วมมิตร,ประชาอุทิศ,1,17:00-19:00,0,0,1
ประชาอุทิศ - เทียมร่วมมิตร,เทียมร่วมมิตร,1,07:00-09:00,0,0,1
ประชาอุทิศ - เทียมร่วมมิตร,เทียมร่วมมิตร,1,09:00-17:00,0,0,1
ประชาอุทิศ - เทียมร่วมมิตร,เทียมร่วมมิตร,1,17:00-19:00,0,0,1
ประชาอุทิศ - เลียบด่วน กาญจนาภิเษก,ประชาอุทิศ,4,07:00-09:00,0,1,0
ประชาอุทิศ - เลียบด่วน กาญจนาภิเษก,ประชาอุทิศ,4,09:00-16:00,0,1,0
ประชาอุทิศ - เลียบด่วน กาญจนาภิเษก,ประชาอุทิศ,4,16:00-19:00,0,1,0
ประชาอุทิศ - เลียบด่วน กาญจนาภิเษก,ประชาอุทิศ 99,4,07:00-09:00,0,1,0
ประชาอุทิศ - เลียบด่วน กาญจนาภิเษก,ประชาอุทิศ 99,4,09:00-16:00,0,1,0
ประชาอุทิศ - เลียบด่วน กาญจนาภิเษก,ประชาอุทิศ 99,4,16:00-19:00,0,1,0
ประชาอุทิศ - เลียบด่วน กาญจนาภิเษก,เลียบด่วนกาญจนาภิเษก,4,07:00-09:00,0,1,0
ประชาอุทิศ - เลียบด่วน กาญจนาภิเษก,เลียบด่วนกาญจนาภิเษก,4,09:00-16:00,0,1,0
ประชาอุทิศ - เลียบด่วน กาญจนาภิเษก,เลียบด่วนกาญจนาภิเษก,4,16:00-19:00,0,1,0
ประชาอุทิศ - เลียบด่วนกาญจนาภิเษก,ซอยประชาอุทิศ 99,3,07:00-09:00,1,0,0
ประชาอุทิศ - เลียบด่วนกาญจนาภิเษก,ซอยประชาอุทิศ 99,3,09:00-16:00,1,0,0
ประชาอุทิศ - เลียบด่วนกาญจนาภิเษก,ซอยประชาอุทิศ 99,3,16:00-19:00,1,0,0
ประชาอุทิศ - เลียบด่วนกาญจนาภิเษก,ประชาอุทิศ,3,07:00-09:00,1,0,0
ประชาอุทิศ - เลียบด่วนกาญจนาภิเษก,ประชาอุทิศ,3,09:00-16:00,1,0,1
ประชาอุทิศ - เลียบด่วนกาญจนาภิเษก,ประชาอุทิศ,3,16:00-19:00,1,0,1
ประชาอุทิศ - เลียบด่วนกาญจนาภิเษก,เลียบด่วนกาญจนาภิเษก,3,07:00-09:00,1,0,1
ประชาอุทิศ - เลียบด่วนกาญจนาภิเษก,เลียบด่วนกาญจนาภิเษก,3,09:00-16:00,1,0,1
ประชาอุทิศ - เลียบด่วนกาญจนาภิเษก,เลียบด่วนกาญจนาภิเษก,3,16:00-19:00,1,0,1
ประชาอุทิศ 14 - ประชาอุทิศ 13,ประชาอุทิศ,4,07:00-09:00,0,0,1
ประชาอุทิศ 14 - ประชาอุทิศ 13,ประชาอุทิศ,4,09:00-17:00,0,0,1
ประชาอุทิศ 14 - ประชาอุทิศ 13,ประชาอุทิศ,4,17:00-19:00,0,0,1
ประชาอุทิศ 14 - ประชาอุทิศ 13,ประชาอุทิศ 13,4,07:00-09:00,0,0,1
ประชาอุทิศ 14 - ประชาอุทิศ 13,ประชาอุทิศ 13,4,09:00-17:00,0,0,1
ประชาอุทิศ 14 - ประชาอุทิศ 13,ประชาอุทิศ 13,4,17:00-19:00,0,0,1
ประชาอุทิศ 14 - ประชาอุทิศ 13,ประชาอุทิศ 14,4,07:00-09:00,0,0,1
ประชาอุทิศ 14 - ประชาอุทิศ 13,ประชาอุทิศ 14,4,09:00-17:00,0,0,1
ประชาอุทิศ 14 - ประชาอุทิศ 13,ประชาอุทิศ 14,4,17:00-19:00,0,0,1
ประชาอุทิศ 33,ประชาอุทิศ,2,07:00-09:00,0,0,1
ประชาอุทิศ 33,ประชาอุทิศ,2,09:00-17:00,0,0,1
ประชาอุทิศ 33,ประชาอุทิศ,2,17:00-19:00,0,0,1
ประชาอุทิศ 33,ประชาอุทิศ 33,2,07:00-09:00,0,0,1
ประชาอุทิศ 33,ประชาอุทิศ 33,2,09:00-17:00,0,0,1
ประชาอุทิศ 33,ประชาอุทิศ 33,2,17:00-19:00,0,0,1
ประชาอุทิศ 54,ประชาอุทิศ,4,07:00-09:00,0,0,1
ประชาอุทิศ 54,ประชาอุทิศ,4,09:00-17:00,0,0,1
ประชาอุทิศ 54,ประชาอุทิศ,4,17:00-19:00,0,0,1
ประชาอุทิศ 54,ประชาอุทิศ 54,4,07:00-09:00,0,0,1
ประชาอุทิศ 54,ประชาอุทิศ 54,4,09:00-17:00,0,0,1
ประชาอุทิศ 54,ประชาอุทิศ 54,4,17:00-19:00,0,0,1
ประชาอุทิศ 68,ประชาอุทิศ,1,07:00-09:00,0,0,1
ประชาอุทิศ 68,ประชาอุทิศ,1,09:00-17:00,0,0,1
ประชาอุทิศ 68,ประชาอุทิศ,1,17:00-19:00,0,0,1
ประชาอุทิศ 69,ประชาอุทิศ,4,07:00-09:00,0,0,1
ประชาอุทิศ 69,ประชาอุทิศ,4,09:00-17:00,0,0,1
ประชาอุทิศ 69,ประชาอุทิศ,4,17:00-19:00,0,0,1
ประชาอุทิศ 69,ประชาอุทิศ 69,4,07:00-09:00,0,0,1
ประชาอุทิศ 69,ประชาอุทิศ 69,4,09:00-17:00,0,0,1
ประชาอุทิศ 69,ประชาอุทิศ 69,4,17:00-19:00,0,0,1
ประชาอุทิศ 76 - ประชาอุทิศ 91/3,ประชาอุทิศ,3,07:00-09:00,0,0,1
ประชาอุทิศ 76 - ประชาอุทิศ 91/3,ประชาอุทิศ,3,09:00-17:00,0,0,1
ประชาอุทิศ 76 - ประชาอุทิศ 91/3,ประชาอุทิศ,3,17:00-19:00,0,0,1
ประชาอุทิศ 76 - ประชาอุทิศ 91/3,ประชาอุทิศ 76,3,07:00-09:00,0,0,1
ประชาอุทิศ 76 - ประชาอุทิศ 91/3,ประชาอุทิศ 76,3,09:00-17:00,0,0,1
ประชาอุทิศ 76 - ประชาอุทิศ 91/3,ประชาอุทิศ 76,3,17:00-19:00,0,0,1
ประชาอุทิศ 76 - ประชาอุทิศ 91/3,ประชาอุทิศ 91/3,3,07:00-09:00,0,0,1
ประชาอุทิศ 76 - ประชาอุทิศ 91/3,ประชาอุทิศ 91/3,3,09:00-17:00,0,0,1
ประชาอุทิศ 76 - ประชาอุทิศ 91/3,ประชาอุทิศ 91/3,3,17:00-19:00,0,0,1
ประชาอุทิศ 83,ประชาอุทิศ,1,07:00-09:00,0,0,1
ประชาอุทิศ 83,ประชาอุทิศ,1,09:00-17:00,0,0,1
ประชาอุทิศ 83,ประชาอุทิศ,1,17:00-19:00,0,0,1
ประชาอุทิศ 90,ประชาอุทิศ,1,07:00-09:00,0,0,1
ประชาอุทิศ 90,ประชาอุทิศ,1,09:00-17:00,0,0,1
ประชาอุทิศ 90,ประชาอุทิศ,1,17:00-19:00,0,0,1
ประชาอุทิศ 90,ประชาอุทิศ 90,1,07:00-09:00,0,0,1
ประชาอุทิศ 90,ประชาอุทิศ 90,1,09:00-17:00,0,0,1
ประชาอุทิศ 90,ประชาอุทิศ 90,1,17:00-19:00,0,0,1
ประชาเกษม,กรุงเกษม,1,07:00-09:00,0,1,1
ประชาเกษม,กรุงเกษม,1,09:00-16:00,0,1,0
ประชาเกษม,กรุงเกษม,1,09:00-17:00,0,0,1
ประชาเกษม,กรุงเกษม,1,16:00-19:00,0,1,0
ประชาเกษม,กรุงเกษม,1,17:00-19:00,0,0,1
ประชาเกษม,กรุงเกษม,2,07:00-09:00,1,0,1
ประชาเกษม,กรุงเกษม,2,09:00-16:00,1,0,0
ประชาเกษม,กรุงเกษม,2,09:00-17:00,0,0,1
ประชาเกษม,กรุงเกษม,2,16:00-19:00,1,0,0
ประชาเกษม,กรุงเกษม,2,17:00-19:00,0,0,1
ประชาเกษม,นครราชสีมา,1,07:00-09:00,0,1,1
ประชาเกษม,นครราชสีมา,1,09:00-16:00,0,1,0
ประชาเกษม,นครราชสีมา,1,09:00-17:00,0,0,1
ประชาเกษม,นครราชสีมา,1,16:00-19:00,0,1,0
ประชาเกษม,นครราชสีมา,1,17:00-19:00,0,0,1
ประชาเกษม,นครราชสีมา,2,07:00-09:00,1,0,1
ประชาเกษม,นครราชสีมา,2,09:00-16:00,1,0,0
ประชาเกษม,นครราชสีมา,2,09:00-17:00,0,0,1
ประชาเกษม,นครราชสีมา,2,16:00-19:00,1,0,0
ประชาเกษม,นครราชสีมา,2,17:00-19:00,0,0,1
ประชาเกษม,ประชาธิปไตย,1,07:00-09:00,0,1,1
ประชาเกษม,ประชาธิปไตย,1,09:00-16:00,0,1,0
ประชาเกษม,ประชาธิปไตย,1,09:00-17:00,0,0,1
ประชาเกษม,ประชาธิปไตย,1,16:00-19:00,0,1,0
ประชาเกษม,ประชาธิปไตย,1,17:00-19:00,0,0,1
ประชาเกษม,ประชาธิปไตย,2,07:00-09:00,1,0,1
ประชาเกษม,ประชาธิปไตย,2,09:00-16:00,1,0,0
ประชาเกษม,ประชาธิปไตย,2,09:00-17:00,0,0,1
ประชาเกษม,ประชาธิปไตย,2,16:00-19:00,1,0,0
ประชาเกษม,ประชาธิปไตย,2,17:00-19:00,0,0,1
ประดิพัทธ์,ประดิพัทธ์,1,07:00-09:00,0,1,0
ประดิพัทธ์,ประดิพัทธ์,1,09:00-16:00,0,1,0
ประดิพัทธ์,ประดิพัทธ์,1,16:00-19:00,0,1,0
ประดิพัทธ์,ประดิพัทธ์,2,07:00-09:00,0,0,1
ประดิพัทธ์,ประดิพัทธ์,2,09:00-17:00,0,0,1
ประดิพัทธ์,ประดิพัทธ์,2,17:00-19:00,0,0,1
ประดิพัทธ์,ประดิพัทธ์,3,07:00-09:00,0,2,1
ประดิพัทธ์,ประดิพัทธ์,3,09:00-16:00,0,2,0
ประดิพัทธ์,ประดิพัทธ์,3,09:00-17:00,0,0,1
ประดิพัทธ์,ประดิพัทธ์,3,16:00-19:00,0,2,0
ประดิพัทธ์,ประดิพัทธ์,3,17:00-19:00,0,0,1
ประดิพัทธ์,ประดิพัทธ์,4,06:30-09:00,1,0,0
ประดิพัทธ์,ประดิพัทธ์,4,07:00-09:00,0,1,0
ประดิพัทธ์,ประดิพัทธ์,4,09:00-16:00,1,1,0
ประดิพัทธ์,ประดิพัทธ์,4,16:00-19:00,0,1,0
ประดิพัทธ์,ประดิพัทธ์,4,16:00-19:30,1,0,0
ประดิพัทธ์,พระรามที่ 6,2,07:00-09:00,0,0,1
ประดิพัทธ์,พระรามที่ 6,2,09:00-17:00,0,0,1
ประดิพัทธ์,พระรามที่ 6,2,17:00-19:00,0,0,1
ประดิพัทธ์,พระรามที่ 6,3,07:00-09:00,0,1,1
ประดิพัทธ์,พระรามที่ 6,3,09:00-16:00,0,1,0
ประดิพัทธ์,พระรามที่ 6,3,09:00-17:00,0,0,1
ประดิพัทธ์,พระรามที่ 6,3,16:00-19:00,0,1,0
ประดิพัทธ์,พระรามที่ 6,3,17:00-19:00,0,0,1
ประดิพัทธ์,พระรามที่ 6,4,07:00-09:00,1,1,0
ประดิพัทธ์,พระรามที่ 6,4,09:00-16:00,1,1,0
ประดิพัทธ์,พระรามที่ 6,4,16:00-19:00,1,1,0
ประดิพัทธ์,พระรามที่6,3,07:00-09:00,0,1,0
ประดิพัทธ์,พระรามที่6,3,09:00-16:00,0,1,0
ประดิพัทธ์,พระรามที่6,3,16:00-19:00,0,1,0
ประดิษฐ์มนูธรรม,ประดิษฐ์มนูธรรม,2,07:00-09:00,1,0,0
ประดิษฐ์มนูธรรม,ประดิษฐ์มนูธรรม,2,09:00-16:00,1,0,0
ประดิษฐ์มนูธรรม,ประดิษฐ์มนูธรรม,2,16:00-19:00,1,0,0
ประดิษฐ์มนูธรรม,สังคมสงเคราะห์,2,07:00-09:00,1,0,0
ประดิษฐ์มนูธรรม,สังคมสงเคราะห์,2,09:00-16:00,1,0,0
ประดิษฐ์มนูธรรม,สังคมสงเคราะห์,2,16:00-19:00,1,0,0
ประตู 1 ตลาดนัดจตุจักร,กำแพงเพชร 2,3,07:00-09:00,0,0,1
ประตู 1 ตลาดนัดจตุจักร,กำแพงเพชร 2,3,09:00-17:00,0,0,1
ประตู 1 ตลาดนัดจตุจักร,กำแพงเพชร 2,3,17:00-19:00,0,0,1
ประตูนา,ราชดำริ,2,06:30-09:00,1,0,0
ประตูนา,ราชดำริ,2,09:00-16:00,1,0,0
ประตูนา,ราชดำริ,2,16:00-19:30,1,0,0
ประตูนา,ราชปรารภ,2,06:30-09:00,1,0,0
ประตูนา,ราชปรารภ,2,09:00-16:00,1,0,0
ประตูนา,ราชปรารภ,2,16:00-19:30,1,0,0
ประตูนา,เพชรบุรี,2,07:00-09:00,1,0,0
ประตูนา,เพชรบุรี,2,09:00-16:00,1,0,0
ประตูนา,เพชรบุรี,2,16:00-19:00,1,0,0
ประตูน้ำ,ราชดำริ,1,07:00-09:00,0,0,2
ประตูน้ำ,ราชดำริ,1,09:00-16:00,0,0,1
ประตูน้ำ,ราชดำริ,1,09:00-17:00,0,0,1
ประตูน้ำ,ราชดำริ,1,16:00-19:00,0,0,1
ประตูน้ำ,ราชดำริ,1,17:00-19:00,0,0,1
ประตูน้ำ,ราชดำริ,2,07:00-09:00,0,0,1
ประตูน้ำ,ราชดำริ,2,09:00-17:00,0,0,1
ประตูน้ำ,ราชดำริ,2,17:00-19:00,0,0,1
ประตูน้ำ,ราชดำริ,3,07:00-09:00,1,1,1
ประตูน้ำ,ราชดำริ,3,09:00-16:00,1,1,0
ประตูน้ำ,ราชดำริ,3,09:00-17:00,0,0,1
ประตูน้ำ,ราชดำริ,3,16:00-19:00,1,1,0
ประตูน้ำ,ราชดำริ,3,17:00-19:00,0,0,1
ประตูน้ำ,ราชปรารภ,1,07:00-09:00,0,0,2
ประตูน้ำ,ราชปรารภ,1,09:00-16:00,0,0,1
ประตูน้ำ,ราชปรารภ,1,09:00-17:00,0,0,1
ประตูน้ำ,ราชปรารภ,1,16:00-19:00,0,0,1
ประตูน้ำ,ราชปรารภ,1,17:00-19:00,0,0,1
ประตูน้ำ,ราชปรารภ,2,07:00-09:00,0,0,1
ประตูน้ำ,ราชปรารภ,2,09:00-17:00,0,0,1
ประตูน้ำ,ราชปรารภ,2,17:00-19:00,0,0,1
ประตูน้ำ,ราชปรารภ,3,07:00-09:00,1,1,1
ประตูน้ำ,ราชปรารภ,3,09:00-16:00,1,1,0
ประตูน้ำ,ราชปรารภ,3,09:00-17:00,0,0,1
ประตูน้ำ,ราชปรารภ,3,16:00-19:00,1,1,0
ประตูน้ำ,ราชปรารภ,3,17:00-19:00,0,0,1
ประตูน้ำ,เพชรบุรี,1,07:00-09:00,0,0,2
ประตูน้ำ,เพชรบุรี,1,09:00-16:00,0,0,1
ประตูน้ำ,เพชรบุรี,1,09:00-17:00,0,0,1
ประตูน้ำ,เพชรบุรี,1,16:00-19:00,0,0,1
ประตูน้ำ,เพชรบุรี,1,17:00-19:00,0,0,1
ประตูน้ำ,เพชรบุรี,2,07:00-09:00,0,0,1
ประตูน้ำ,เพชรบุรี,2,09:00-17:00,0,0,1
ประตูน้ำ,เพชรบุรี,2,17:00-19:00,0,0,1
ประตูน้ำ,เพชรบุรี,3,07:00-09:00,1,1,1
ประตูน้ำ,เพชรบุรี,3,09:00-16:00,1,1,0
ประตูน้ำ,เพชรบุรี,3,09:00-17:00,0,0,1
ประตูน้ำ,เพชรบุรี,3,16:00-19:00,1,1,0
ประตูน้ำ,เพชรบุรี,3,17:00-19:00,0,0,1
ประตูผี,มหาไชย,4,07:00-09:00,0,0,1
ประตูผี,มหาไชย,4,09:00-16:00,0,0,1
ประตูผี,มหาไชย,4,16:00-19:00,0,0,1
ประเวศ,อ่อนนุช,1,07:00-09:00,0,0,2
ประเวศ,อ่อนนุช,1,09:00-17:00,0,0,2
ประเวศ,อ่อนนุช,1,17:00-19:00,0,0,2
ประเวศ,อ่อนนุช,2,07:00-09:00,1,0,1
ประเวศ,อ่อนนุช,2,09:00-16:00,1,0,1
ประเวศ,อ่อนนุช,2,16:00-19:00,1,0,1
ประเวศ,เฉลิมพระเกียรติ,2,07:00-09:00,1,0,0
ประเวศ,เฉลิมพระเกียรติ,2,09:00-16:00,1,0,0
ประเวศ,เฉลิมพระเกียรติ,2,16:00-19:00,1,0,0
ประเวศ,เฉลิมพระเกียรติ ร.9,1,07:00-09:00,0,0,2
ประเวศ,เฉลิมพระเกียรติ ร.9,1,09:00-17:00,0,0,2
ประเวศ,เฉลิมพระเกียรติ ร.9,1,17:00-19:00,0,0,2
ประเวศ,เฉลิมพระเกียรติ ร.9,2,07:00-09:00,0,0,1
ประเวศ,เฉลิมพระเกียรติ ร.9,2,09:00-16:00,0,0,1
ประเวศ,เฉลิมพระเกียรติ ร.9,2,16:00-19:00,0,0,1
ประเสริฐมนูกิจ - ประดิษฐ์มนูธรรม,ประดิษฐ์มนูธรรม,1,07:00-09:00,1,1,1
ประเสริฐมนูกิจ - ประดิษฐ์มนูธรรม,ประดิษฐ์มนูธรรม,1,09:00-16:00,1,1,0
ประเสริฐมนูกิจ - ประดิษฐ์มนูธรรม,ประดิษฐ์มนูธรรม,1,09:00-17:00,0,0,1
ประเสริฐมนูกิจ - ประดิษฐ์มนูธรรม,ประดิษฐ์มนูธรรม,1,16:00-19:00,1,1,0
ประเสริฐมนูกิจ - ประดิษฐ์มนูธรรม,ประดิษฐ์มนูธรรม,1,17:00-19:00,0,0,1
ประเสริฐมนูกิจ - ประดิษฐ์มนูธรรม,ประดิษฐ์มนูธรรม,2,07:00-09:00,0,0,1
ประเสริฐมนูกิจ - ประดิษฐ์มนูธรรม,ประดิษฐ์มนูธรรม,2,09:00-17:00,0,0,1
ประเสริฐมนูกิจ - ประดิษฐ์มนูธรรม,ประดิษฐ์มนูธรรม,2,17:00-19:00,0,0,1
ประเสริฐมนูกิจ - ประดิษฐ์มนูธรรม,ประดิษฐ์มนูธรรม,4,07:00-09:00,1,0,0
ประเสริฐมนูกิจ - ประดิษฐ์มนูธรรม,ประดิษฐ์มนูธรรม,4,09:00-16:00,1,0,0
ประเสริฐมนูกิจ - ประดิษฐ์มนูธรรม,ประดิษฐ์มนูธรรม,4,16:00-19:00,1,0,0
ประเสริฐมนูกิจ - ประดิษฐ์มนูธรรม,ประเสริฐมนูกิจ,1,07:00-09:00,1,1,1
ประเสริฐมนูกิจ - ประดิษฐ์มนูธรรม,ประเสริฐมนูกิจ,1,09:00-16:00,1,1,0
ประเสริฐมนูกิจ - ประดิษฐ์มนูธรรม,ประเสริฐมนูกิจ,1,09:00-17:00,0,0,1
ประเสริฐมนูกิจ - ประดิษฐ์มนูธรรม,ประเสริฐมนูกิจ,1,16:00-19:00,1,1,0
ประเสริฐมนูกิจ - ประดิษฐ์มนูธรรม,ประเสริฐมนูกิจ,1,17:00-19:00,0,0,1
ประเสริฐมนูกิจ - ประดิษฐ์มนูธรรม,ประเสริฐมนูกิจ,2,07:00-09:00,0,0,1
ประเสริฐมนูกิจ - ประดิษฐ์มนูธรรม,ประเสริฐมนูกิจ,2,09:00-17:00,0,0,1
ประเสริฐมนูกิจ - ประดิษฐ์มนูธรรม,ประเสริฐมนูกิจ,2,17:00-19:00,0,0,1
ประเสริฐมนูกิจ - ประดิษฐ์มนูธรรม,ประเสริฐมนูกิจ,4,07:00-09:00,1,0,0
ประเสริฐมนูกิจ - ประดิษฐ์มนูธรรม,ประเสริฐมนูกิจ,4,09:00-16:00,1,0,0
ประเสริฐมนูกิจ - ประดิษฐ์มนูธรรม,ประเสริฐมนูกิจ,4,16:00-19:00,1,0,0
ประเสริฐมนูกิจ - ลาดปลาเค้า,ประเสริฐมนูกิจ,1,07:00-09:00,0,0,1
ประเสริฐมนูกิจ - ลาดปลาเค้า,ประเสริฐมนูกิจ,1,09:00-17:00,0,0,1
ประเสริฐมนูกิจ - ลาดปลาเค้า,ประเสริฐมนูกิจ,1,17:00-19:00,0,0,1
ประเสริฐมนูกิจ - ลาดปลาเค้า,ประเสริฐมนูกิจ,3,07:00-09:00,1,0,0
ประเสริฐมนูกิจ - ลาดปลาเค้า,ประเสริฐมนูกิจ,3,09:00-16:00,1,0,0
ประเสริฐมนูกิจ - ลาดปลาเค้า,ประเสริฐมนูกิจ,3,16:00-19:00,1,0,0
ประเสริฐมนูกิจ - ลาดปลาเค้า,ประเสริฐมนูกิจ,4,07:00-09:00,0,1,0
ประเสริฐมนูกิจ - ลาดปลาเค้า,ประเสริฐมนูกิจ,4,09:00-16:00,0,1,0
ประเสริฐมนูกิจ - ลาดปลาเค้า,ประเสริฐมนูกิจ,4,16:00-19:00,0,1,0
ประเสริฐมนูกิจ - ลาดปลาเค้า,ลาดปลาเค้า,1,07:00-09:00,0,0,1
ประเสริฐมนูกิจ - ลาดปลาเค้า,ลาดปลาเค้า,1,09:00-17:00,0,0,1
ประเสริฐมนูกิจ - ลาดปลาเค้า,ลาดปลาเค้า,1,17:00-19:00,0,0,1
ประเสริฐมนูกิจ - ลาดปลาเค้า,ลาดปลาเค้า,3,07:00-09:00,1,0,0
ประเสริฐมนูกิจ - ลาดปลาเค้า,ลาดปลาเค้า,3,09:00-16:00,1,0,0
ประเสริฐมนูกิจ - ลาดปลาเค้า,ลาดปลาเค้า,3,16:00-19:00,1,0,0
ประเสริฐมนูกิจ - ลาดปลาเค้า,ลาดปลาเค้า,4,07:00-09:00,0,1,0
ประเสริฐมนูกิจ - ลาดปลาเค้า,ลาดปลาเค้า,4,09:00-16:00,0,1,0
ประเสริฐมนูกิจ - ลาดปลาเค้า,ลาดปลาเค้า,4,16:00-19:00,0,1,0
ประเสริฐมนูกิจ - สุคนธสวัสดิ์,ประเสริฐมนูกิจ,1,07:00-09:00,0,1,1
ประเสริฐมนูกิจ - สุคนธสวัสดิ์,ประเสริฐมนูกิจ,1,09:00-16:00,0,1,0
ประเสริฐมนูกิจ - สุคนธสวัสดิ์,ประเสริฐมนูกิจ,1,09:00-17:00,0,0,1
ประเสริฐมนูกิจ - สุคนธสวัสดิ์,ประเสริฐมนูกิจ,1,16:00-19:00,0,1,0
ประเสริฐมนูกิจ - สุคนธสวัสดิ์,ประเสริฐมนูกิจ,1,17:00-19:00,0,0,1
ประเสริฐมนูกิจ - สุคนธสวัสดิ์,สุคนธสวัสดิ์,1,07:00-09:00,0,1,1
ประเสริฐมนูกิจ - สุคนธสวัสดิ์,สุคนธสวัสดิ์,1,09:00-16:00,0,1,0
ประเสริฐมนูกิจ - สุคนธสวัสดิ์,สุคนธสวัสดิ์,1,09:00-17:00,0,0,1
ประเสริฐมนูกิจ - สุคนธสวัสดิ์,สุคนธสวัสดิ์,1,16:00-19:00,0,1,0
ประเสริฐมนูกิจ - สุคนธสวัสดิ์,สุคนธสวัสดิ์,1,17:00-19:00,0,0,1
ประเสริฐมนูกิจ -สุคนธสวัสดิ์,ประเสริฐมนูกิจ,4,06:30-09:00,1,0,0
ประเสริฐมนูกิจ -สุคนธสวัสดิ์,ประเสริฐมนูกิจ,4,09:00-16:00,1,0,0
ประเสริฐมนูกิจ -สุคนธสวัสดิ์,ประเสริฐมนูกิจ,4,16:00-19:30,1,0,0
ประเสริฐมนูกิจ -สุคนธสวัสดิ์,สุคนธสวัสดิ์,4,07:00-09:00,1,0,0
ประเสริฐมนูกิจ -สุคนธสวัสดิ์,สุคนธสวัสดิ์,4,09:00-16:00,1,0,0
ประเสริฐมนูกิจ -สุคนธสวัสดิ์,สุคนธสวัสดิ์,4,16:00-19:00,1,0,0
ประเสริฐมนูกิจ 29,ประเสริฐมนูกิจ,4,07:00-09:00,0,0,1
ประเสริฐมนูกิจ 29,ประเสริฐมนูกิจ,4,09:00-17:00,0,0,1
ประเสริฐมนูกิจ 29,ประเสริฐมนูกิจ,4,17:00-19:00,0,0,1
ประเสริฐมนูกิจ 29,ประเสริฐมนูกิจ 29,4,07:00-09:00,0,0,1
ประเสริฐมนูกิจ 29,ประเสริฐมนูกิจ 29,4,09:00-17:00,0,0,1
ประเสริฐมนูกิจ 29,ประเสริฐมนูกิจ 29,4,17:00-19:00,0,0,1
ประเสริฐมนูกิจ 29,มัยลาภ,4,07:00-09:00,0,0,1
ประเสริฐมนูกิจ 29,มัยลาภ,4,09:00-17:00,0,0,1
ประเสริฐมนูกิจ 29,มัยลาภ,4,17:00-19:00,0,0,1
ปรีดีพนมยงค์ 2,สุขุมวิท 71,3,07:00-09:00,0,0,1
ปรีดีพนมยงค์ 2,สุขุมวิท 71,3,09:00-17:00,0,0,1
ปรีดีพนมยงค์ 2,สุขุมวิท 71,3,17:00-19:00,0,0,1
ปัญญาอินทรา - สุเหร่าคลองหนึ่ง,ปัญญาอินทรา(EB),3,07:00-09:00,0,0,1
ปัญญาอินทรา - สุเหร่าคลองหนึ่ง,ปัญญาอินทรา(EB),3,09:00-16:00,0,0,1
ปัญญาอินทรา - สุเหร่าคลองหนึ่ง,ปัญญาอินทรา(EB),3,16:00-19:00,0,0,1
ปัญญาอินทรา - สุเหร่าคลองหนึ่ง,ปัญญาอินทรา(SB),3,07:00-09:00,0,0,1
ปัญญาอินทรา - สุเหร่าคลองหนึ่ง,ปัญญาอินทรา(SB),3,09:00-16:00,0,0,1
ปัญญาอินทรา - สุเหร่าคลองหนึ่ง,ปัญญาอินทรา(SB),3,16:00-19:00,0,0,1
ปัญญาอินทรา - สุเหร่าคลองหนึ่ง,สุเหร่าคลองหนึ่ง,3,07:00-09:00,0,0,1
ปัญญาอินทรา - สุเหร่าคลองหนึ่ง,สุเหร่าคลองหนึ่ง,3,09:00-16:00,0,0,1
ปัญญาอินทรา - สุเหร่าคลองหนึ่ง,สุเหร่าคลองหนึ่ง,3,16:00-19:00,0,0,1
ปากชอยราษฎร์อุทิศ52- 54,ราษฎร์อุทิศ,3,07:00-09:00,1,0,0
ปากชอยราษฎร์อุทิศ52- 54,ราษฎร์อุทิศ,3,09:00-16:00,1,0,0
ปากชอยราษฎร์อุทิศ52- 54,ราษฎร์อุทิศ,3,16:00-19:00,1,0,0
ปากซอยกรุงธนบุรี5,กรุงธนบุรี,1,07:00-09:00,1,0,0
ปากซอยกรุงธนบุรี5,กรุงธนบุรี,1,09:00-16:00,1,0,0
ปากซอยกรุงธนบุรี5,กรุงธนบุรี,1,16:00-19:00,1,0,0
ปากซอยกรุงธนบุรี5,กรุงธนบุรี,4,07:00-09:00,1,0,0
ปากซอยกรุงธนบุรี5,กรุงธนบุรี,4,09:00-16:00,1,0,0
ปากซอยกรุงธนบุรี5,กรุงธนบุรี,4,16:00-19:00,1,0,0
ปากซอยกรุงเทพ - นนทบุรี 20,กรุงเทพ - นนทบุรี,4,07:00-09:00,0,0,1
ปากซอยกรุงเทพ - นนทบุรี 20,กรุงเทพ - นนทบุรี,4,09:00-17:00,0,0,1
ปากซอยกรุงเทพ - นนทบุรี 20,กรุงเทพ - นนทบุรี,4,17:00-19:00,0,0,1
ปากซอยกรุงเทพกรีฑา 7,กรุงเทพกรีฑา,2,07:00-09:00,1,0,0
ปากซอยกรุงเทพกรีฑา 7,กรุงเทพกรีฑา,2,09:00-16:00,1,0,0
ปากซอยกรุงเทพกรีฑา 7,กรุงเทพกรีฑา,2,16:00-19:00,1,0,0
ปากซอยกรุงเทพกรีฑา 7,กรุงเทพกรีฑา (EB),2,07:00-09:00,0,0,1
ปากซอยกรุงเทพกรีฑา 7,กรุงเทพกรีฑา (EB),2,09:00-16:00,0,0,1
ปากซอยกรุงเทพกรีฑา 7,กรุงเทพกรีฑา (EB),2,16:00-19:00,0,0,1
ปากซอยกรุงเทพกรีฑา 7,กรุงเทพกรีฑา (NB),2,07:00-09:00,0,0,1
ปากซอยกรุงเทพกรีฑา 7,กรุงเทพกรีฑา (NB),2,09:00-16:00,0,0,1
ปากซอยกรุงเทพกรีฑา 7,กรุงเทพกรีฑา (NB),2,16:00-19:00,0,0,1
ปากซอยกรุงเทพกรีฑา 7,กรุงเทพกรีฑา 7,2,07:00-09:00,0,0,1
ปากซอยกรุงเทพกรีฑา 7,กรุงเทพกรีฑา 7,2,09:00-16:00,0,0,1
ปากซอยกรุงเทพกรีฑา 7,กรุงเทพกรีฑา 7,2,16:00-19:00,0,0,1
ปากซอยกรุงเทพกรีฑา 7,ซอยกรุงเทพกรีฑา 7,2,07:00-09:00,1,0,0
ปากซอยกรุงเทพกรีฑา 7,ซอยกรุงเทพกรีฑา 7,2,09:00-16:00,1,0,0
ปากซอยกรุงเทพกรีฑา 7,ซอยกรุงเทพกรีฑา 7,2,16:00-19:00,1,0,0
ปากซอยกรุงเทพกรีฑา 7,ศรีนครินทร์ - ร่มเกล้า,2,07:00-09:00,1,0,1
ปากซอยกรุงเทพกรีฑา 7,ศรีนครินทร์ - ร่มเกล้า,2,09:00-16:00,1,0,1
ปากซอยกรุงเทพกรีฑา 7,ศรีนครินทร์ - ร่มเกล้า,2,16:00-19:00,1,0,1
ปากซอยกาญจนาภิเษก 10,กาญจนาภิเษก,4,07:00-09:00,0,0,1
ปากซอยกาญจนาภิเษก 10,กาญจนาภิเษก,4,09:00-16:00,0,0,1
ปากซอยกาญจนาภิเษก 10,กาญจนาภิเษก,4,16:00-19:00,0,0,1
ปากซอยกาญจนาภิเษก 10,กาญจนาภิเษก 10,4,07:00-09:00,0,0,1
ปากซอยกาญจนาภิเษก 10,กาญจนาภิเษก 10,4,09:00-16:00,0,0,1
ปากซอยกาญจนาภิเษก 10,กาญจนาภิเษก 10,4,16:00-19:00,0,0,1
ปากซอยกาญจนาภิเษก 8,กาญจนาภิเษก,4,07:00-09:00,0,0,1
ปากซอยกาญจนาภิเษก 8,กาญจนาภิเษก,4,09:00-16:00,0,0,1
ปากซอยกาญจนาภิเษก 8,กาญจนาภิเษก,4,16:00-19:00,0,0,1
ปากซอยกาญจนาภิเษก 8,กาญจนาภิเษก 8,4,07:00-09:00,0,0,1
ปากซอยกาญจนาภิเษก 8,กาญจนาภิเษก 8,4,09:00-16:00,0,0,1
ปากซอยกาญจนาภิเษก 8,กาญจนาภิเษก 8,4,16:00-19:00,0,0,1
ปากซอยขุมทรัพย์นคร 16/5,พุทธมณฑลสาย 3,1,07:00-09:00,0,1,0
ปากซอยขุมทรัพย์นคร 16/5,พุทธมณฑลสาย 3,1,09:00-16:00,0,1,0
ปากซอยขุมทรัพย์นคร 16/5,พุทธมณฑลสาย 3,1,16:00-19:00,0,1,0
ปากซอยคริสจักร,จรัญสนิทวงศ์,3,07:00-09:00,0,0,1
ปากซอยคริสจักร,จรัญสนิทวงศ์,3,09:00-17:00,0,0,1
ปากซอยคริสจักร,จรัญสนิทวงศ์,3,17:00-19:00,0,0,1
ปากซอยคุ้มเกล้า 3,คุ้มเกล้า,4,07:00-09:00,0,0,1
ปากซอยคุ้มเกล้า 3,คุ้มเกล้า,4,09:00-17:00,0,0,1
ปากซอยคุ้มเกล้า 3,คุ้มเกล้า,4,17:00-19:00,0,0,1
ปากซอยคู้บอน 27,คู้บอน,2,07:00-09:00,0,0,1
ปากซอยคู้บอน 27,คู้บอน,2,09:00-17:00,0,0,1
ปากซอยคู้บอน 27,คู้บอน,2,17:00-19:00,0,0,1
ปากซอยคู้บอน 27,คู้บอน 27,2,07:00-09:00,0,0,1
ปากซอยคู้บอน 27,คู้บอน 27,2,09:00-17:00,0,0,1
ปากซอยคู้บอน 27,คู้บอน 27,2,17:00-19:00,0,0,1
ปากซอยคู้บอน 44,คู้บอน,3,07:00-09:00,0,0,2
ปากซอยคู้บอน 44,คู้บอน,3,09:00-17:00,0,0,2
ปากซอยคู้บอน 44,คู้บอน,3,17:00-19:00,0,0,2
ปากซอยจรัญสนิทวงศ์ 1,จรัญสนิทวงศ์,2,07:00-09:00,0,0,1
ปากซอยจรัญสนิทวงศ์ 1,จรัญสนิทวงศ์,2,09:00-17:00,0,0,1
ปากซอยจรัญสนิทวงศ์ 1,จรัญสนิทวงศ์,2,17:00-19:00,0,0,1
ปากซอยจรัญสนิทวงศ์ 1,จรัญสนิทวงศ์ 1,2,07:00-09:00,0,0,1
ปากซอยจรัญสนิทวงศ์ 1,จรัญสนิทวงศ์ 1,2,09:00-17:00,0,0,1
ปากซอยจรัญสนิทวงศ์ 1,จรัญสนิทวงศ์ 1,2,17:00-19:00,0,0,1
ปากซอยจรัญสนิทวงศ์ 26,จรัญสนิทวงศ์,3,07:00-09:00,0,0,1
ปากซอยจรัญสนิทวงศ์ 26,จรัญสนิทวงศ์,3,09:00-16:00,0,0,1
ปากซอยจรัญสนิทวงศ์ 26,จรัญสนิทวงศ์,3,16:00-19:00,0,0,1
ปากซอยจรัญสนิทวงศ์ 26,จรัญสนิทวงศ์ 26,3,07:00-09:00,0,0,1
ปากซอยจรัญสนิทวงศ์ 26,จรัญสนิทวงศ์ 26,3,09:00-16:00,0,0,1
ปากซอยจรัญสนิทวงศ์ 26,จรัญสนิทวงศ์ 26,3,16:00-19:00,0,0,1
ปากซอยจรัญสนิทวงศ์ 29,จรัญสนิทวงศ์,4,07:00-09:00,0,0,1
ปากซอยจรัญสนิทวงศ์ 29,จรัญสนิทวงศ์,4,09:00-17:00,0,0,1
ปากซอยจรัญสนิทวงศ์ 29,จรัญสนิทวงศ์,4,17:00-19:00,0,0,1
ปากซอยจรัญสนิทวงศ์ 30,จรัญสนิทวงศ์,3,07:00-09:00,0,0,1
ปากซอยจรัญสนิทวงศ์ 30,จรัญสนิทวงศ์,3,09:00-16:00,0,0,1
ปากซอยจรัญสนิทวงศ์ 30,จรัญสนิทวงศ์,3,16:00-19:00,0,0,1
ปากซอยจรัญสนิทวงศ์ 30,จรัญสนิทวงศ์ 30,3,07:00-09:00,0,0,1
ปากซอยจรัญสนิทวงศ์ 30,จรัญสนิทวงศ์ 30,3,09:00-16:00,0,0,1
ปากซอยจรัญสนิทวงศ์ 30,จรัญสนิทวงศ์ 30,3,16:00-19:00,0,0,1
ปากซอยจรัญสนิทวงศ์ 43,จรัญสนิทวงศ์,3,07:00-09:00,0,1,0
ปากซอยจรัญสนิทวงศ์ 43,จรัญสนิทวงศ์,3,09:00-16:00,0,1,0
ปากซอยจรัญสนิทวงศ์ 43,จรัญสนิทวงศ์,3,16:00-19:00,0,1,0
ปากซอยจันทน์ 51,จันทน์,2,07:00-09:00,0,0,1
ปากซอยจันทน์ 51,จันทน์,2,09:00-17:00,0,0,1
ปากซอยจันทน์ 51,จันทน์,2,17:00-19:00,0,0,1
ปากซอยจันทน์ 51,จันทน์ 51,2,07:00-09:00,0,0,1
ปากซอยจันทน์ 51,จันทน์ 51,2,09:00-17:00,0,0,1
ปากซอยจันทน์ 51,จันทน์ 51,2,17:00-19:00,0,0,1
ปากซอยจุฬาลงกรณ์ 12,บรรทัดทอง,3,07:00-09:00,0,1,0
ปากซอยจุฬาลงกรณ์ 12,บรรทัดทอง,3,09:00-16:00,0,1,0
ปากซอยจุฬาลงกรณ์ 12,บรรทัดทอง,3,16:00-19:00,0,1,0
ปากซอยจุฬาลงกรณ์ 26,บรรทัดทอง,3,07:00-09:00,0,2,0
ปากซอยจุฬาลงกรณ์ 26,บรรทัดทอง,3,09:00-16:00,0,2,0
ปากซอยจุฬาลงกรณ์ 26,บรรทัดทอง,3,16:00-19:00,0,2,0
ปากซอยจุฬาฯ 15,พระรามที่ 4,3,07:00-09:00,0,0,1
ปากซอยจุฬาฯ 15,พระรามที่ 4,3,09:00-17:00,0,0,1
ปากซอยจุฬาฯ 15,พระรามที่ 4,3,17:00-19:00,0,0,1
ปากซอยฉลองกรุง 23-24,ฉลองกรุง,1,07:00-09:00,0,1,0
ปากซอยฉลองกรุง 23-24,ฉลองกรุง,1,09:00-16:00,0,1,0
ปากซอยฉลองกรุง 23-24,ฉลองกรุง,1,16:00-19:00,0,1,0
ปากซอยฉลองกรุง 61,ฉลองกรุง,3,07:00-09:00,0,0,1
ปากซอยฉลองกรุง 61,ฉลองกรุง,3,09:00-17:00,0,0,1
ปากซอยฉลองกรุง 61,ฉลองกรุง,3,17:00-19:00,0,0,1
ปากซอยฉิมพลี 34,ฉิมพลี,2,07:00-09:00,0,0,1
ปากซอยฉิมพลี 34,ฉิมพลี,2,09:00-17:00,0,0,1
ปากซอยฉิมพลี 34,ฉิมพลี,2,17:00-19:00,0,0,1
ปากซอยตากสิน 34,ซอยตากสิน 34,1,07:00-09:00,1,0,0
ปากซอยตากสิน 34,ซอยตากสิน 34,1,09:00-16:00,1,0,0
ปากซอยตากสิน 34,ซอยตากสิน 34,1,16:00-19:00,1,0,0
ปากซอยตากสิน 34,สมเด็จพระเจ้าตากสิน,1,07:00-09:00,1,0,0
ปากซอยตากสิน 34,สมเด็จพระเจ้าตากสิน,1,09:00-16:00,1,0,0
ปากซอยตากสิน 34,สมเด็จพระเจ้าตากสิน,1,16:00-19:00,1,0,0
ปากซอยทรัพย์วัฒนะ,เลียบคลองประปา,3,06:30-09:00,1,0,0
ปากซอยทรัพย์วัฒนะ,เลียบคลองประปา,3,09:00-16:00,1,0,0
ปากซอยทรัพย์วัฒนะ,เลียบคลองประปา,3,16:00-19:30,1,0,0
ปากซอยทวีวัฒนา 1,ทวีวัฒนา,1,07:00-09:00,0,0,1
ปากซอยทวีวัฒนา 1,ทวีวัฒนา,1,09:00-17:00,0,0,1
ปากซอยทวีวัฒนา 1,ทวีวัฒนา,1,17:00-19:00,0,0,1
ปากซอยทวีวัฒนา 24,ทวีวัฒนา,4,07:00-09:00,0,0,1
ปากซอยทวีวัฒนา 24,ทวีวัฒนา,4,09:00-17:00,0,0,1
ปากซอยทวีวัฒนา 24,ทวีวัฒนา,4,17:00-19:00,0,0,1
ปากซอยทองหล่อ 20,ทองหล่อ,1,07:00-09:00,0,0,1
ปากซอยทองหล่อ 20,ทองหล่อ,1,09:00-17:00,0,0,1
ปากซอยทองหล่อ 20,ทองหล่อ,1,17:00-19:00,0,0,1
ปากซอยทองหล่อ 20,ทองหล่อ 20,1,07:00-09:00,0,0,1
ปากซอยทองหล่อ 20,ทองหล่อ 20,1,09:00-17:00,0,0,1
ปากซอยทองหล่อ 20,ทองหล่อ 20,1,17:00-19:00,0,0,1
ปากซอยทองหล่อ 3,ทองหล่อ,4,07:00-09:00,0,0,1
ปากซอยทองหล่อ 3,ทองหล่อ,4,09:00-17:00,0,0,1
ปากซอยทองหล่อ 3,ทองหล่อ,4,17:00-19:00,0,0,1
ปากซอยทองหล่อ 5,ทองหล่อ,1,07:00-09:00,0,0,1
ปากซอยทองหล่อ 5,ทองหล่อ,1,09:00-17:00,0,0,1
ปากซอยทองหล่อ 5,ทองหล่อ,1,17:00-19:00,0,0,1
ปากซอยนครสวรรค์ 3,นครสวรรค์,3,07:00-09:00,0,0,1
ปากซอยนครสวรรค์ 3,นครสวรรค์,3,09:00-17:00,0,0,1
ปากซอยนครสวรรค์ 3,นครสวรรค์,3,17:00-19:00,0,0,1
ปากซอยนราธิวาส 10,ซ.นราธิวาสราชนครินทร์ 10,3,07:00-09:00,0,0,1
ปากซอยนราธิวาส 10,ซ.นราธิวาสราชนครินทร์ 10,3,09:00-16:00,0,0,1
ปากซอยนราธิวาส 10,ซ.นราธิวาสราชนครินทร์ 10,3,16:00-19:00,0,0,1
ปากซอยนราธิวาส 28,นราธิวาสราชนครินทร์,4,07:00-09:00,0,0,1
ปากซอยนราธิวาส 28,นราธิวาสราชนครินทร์,4,09:00-17:00,0,0,1
ปากซอยนราธิวาส 28,นราธิวาสราชนครินทร์,4,17:00-19:00,0,0,1
ปากซอยนราธิวาส 8,ซ.นราธิวาสราชนครินทร์ 8,3,07:00-09:00,0,0,1
ปากซอยนราธิวาส 8,ซ.นราธิวาสราชนครินทร์ 8,3,09:00-16:00,0,0,1
ปากซอยนราธิวาส 8,ซ.นราธิวาสราชนครินทร์ 8,3,16:00-19:00,0,0,1
ปากซอยนามบัญญัติ,ประชาธิปไตย,3,07:00-09:00,0,1,0
ปากซอยนามบัญญัติ,ประชาธิปไตย,3,09:00-16:00,0,1,0
ปากซอยนามบัญญัติ,ประชาธิปไตย,3,16:00-19:00,0,1,0
ปากซอยนิมิตรใหม่ 29/5,นิมิตรใหม่,1,07:00-09:00,0,0,1
ปากซอยนิมิตรใหม่ 29/5,นิมิตรใหม่,1,09:00-17:00,0,0,1
ปากซอยนิมิตรใหม่ 29/5,นิมิตรใหม่,1,17:00-19:00,0,0,1
ปากซอยนิมิตใหม่ 40,นิมิตใหม่,3,07:00-09:00,0,0,1
ปากซอยนิมิตใหม่ 40,นิมิตใหม่,3,09:00-17:00,0,0,1
ปากซอยนิมิตใหม่ 40,นิมิตใหม่,3,17:00-19:00,0,0,1
ปากซอยนิมิตใหม่ 9,นิมิตใหม่,1,07:00-09:00,0,0,1
ปากซอยนิมิตใหม่ 9,นิมิตใหม่,1,09:00-17:00,0,0,1
ปากซอยนิมิตใหม่ 9,นิมิตใหม่,1,17:00-19:00,0,0,1
ปากซอยบางกระดิ 35/1,บางกระดี่,1,07:00-09:00,1,0,0
ปากซอยบางกระดิ 35/1,บางกระดี่,1,09:00-16:00,1,0,0
ปากซอยบางกระดิ 35/1,บางกระดี่,1,16:00-19:00,1,0,0
ปากซอยบางกระดี 32,บางกระดี่,1,07:00-09:00,1,0,0
ปากซอยบางกระดี 32,บางกระดี่,1,09:00-16:00,1,0,0
ปากซอยบางกระดี 32,บางกระดี่,1,16:00-19:00,1,0,0
ปากซอยบางกระดี่ 1,บางกระดี่,1,07:00-09:00,1,0,0
ปากซอยบางกระดี่ 1,บางกระดี่,1,09:00-16:00,1,0,0
ปากซอยบางกระดี่ 1,บางกระดี่,1,16:00-19:00,1,0,0
ปากซอยบางกระดี่ 16,บางกระดี่,1,07:00-09:00,1,0,0
ปากซอยบางกระดี่ 16,บางกระดี่,1,09:00-16:00,1,0,0
ปากซอยบางกระดี่ 16,บางกระดี่,1,16:00-19:00,1,0,0
ปากซอยบางนาตราด 30,บางนาตราด,2,07:00-09:00,0,0,1
ปากซอยบางนาตราด 30,บางนาตราด,2,09:00-17:00,0,0,1
ปากซอยบางนาตราด 30,บางนาตราด,2,17:00-19:00,0,0,1
ปากซอยบางนาตราด 30,บางนาตราด 30,2,07:00-09:00,0,0,1
ปากซอยบางนาตราด 30,บางนาตราด 30,2,09:00-17:00,0,0,1
ปากซอยบางนาตราด 30,บางนาตราด 30,2,17:00-19:00,0,0,1
ปากซอยบางนาตราด 4,บางนาตราด,2,07:00-09:00,0,0,1
ปากซอยบางนาตราด 4,บางนาตราด,2,09:00-17:00,0,0,1
ปากซอยบางนาตราด 4,บางนาตราด,2,17:00-19:00,0,0,1
ปากซอยบางนาตราด 4,บางนาตราด 4,2,07:00-09:00,0,0,1
ปากซอยบางนาตราด 4,บางนาตราด 4,2,09:00-17:00,0,0,1
ปากซอยบางนาตราด 4,บางนาตราด 4,2,17:00-19:00,0,0,1
ปากซอยบางพรม 11,พรานนก - พุทธมณฑลสาย 4,2,07:00-09:00,0,1,0
ปากซอยบางพรม 11,พรานนก - พุทธมณฑลสาย 4,2,09:00-16:00,0,1,0
ปากซอยบางพรม 11,พรานนก - พุทธมณฑลสาย 4,2,16:00-19:00,0,1,0
ปากซอยบุญอยู่,ดินแดง,1,07:00-09:00,0,1,0
ปากซอยบุญอยู่,ดินแดง,1,09:00-16:00,0,1,0
ปากซอยบุญอยู่,ดินแดง,1,16:00-19:00,0,1,0
ปากซอยประชาชื่น 29,ประชาชื่น,4,07:00-09:00,0,0,1
ปากซอยประชาชื่น 29,ประชาชื่น,4,09:00-17:00,0,0,1
ปากซอยประชาชื่น 29,ประชาชื่น,4,17:00-19:00,0,0,1
ปากซอยประชาชื่น 37,ประชาชื่น,1,07:00-09:00,0,0,1
ปากซอยประชาชื่น 37,ประชาชื่น,1,09:00-17:00,0,0,1
ปากซอยประชาชื่น 37,ประชาชื่น,1,17:00-19:00,0,0,1
ปากซอยประชาชื่น 37,ประชาชื่น,4,07:00-09:00,0,0,1
ปากซอยประชาชื่น 37,ประชาชื่น,4,09:00-17:00,0,0,1
ปากซอยประชาชื่น 37,ประชาชื่น,4,17:00-19:00,0,0,1
ปากซอยประชาชื่น 37,ประชาชื่น 37,1,07:00-09:00,0,0,1
ปากซอยประชาชื่น 37,ประชาชื่น 37,1,09:00-17:00,0,0,1
ปากซอยประชาชื่น 37,ประชาชื่น 37,1,17:00-19:00,0,0,1
ปากซอยประชาราษฎร์บำเพ็ญ 6,ประชาราษฎร์บำเพ็ญ,3,07:00-09:00,0,0,1
ปากซอยประชาราษฎร์บำเพ็ญ 6,ประชาราษฎร์บำเพ็ญ,3,09:00-17:00,0,0,1
ปากซอยประชาราษฎร์บำเพ็ญ 6,ประชาราษฎร์บำเพ็ญ,3,17:00-19:00,0,0,1
ปากซอยประชาราษฎร์สาย 1 ซ.10,ประชาราษฎร์สาย 1,2,07:00-09:00,0,0,1
ปากซอยประชาราษฎร์สาย 1 ซ.10,ประชาราษฎร์สาย 1,2,09:00-17:00,0,0,1
ปากซอยประชาราษฎร์สาย 1 ซ.10,ประชาราษฎร์สาย 1,2,17:00-19:00,0,0,1
ปากซอยประชาราษฎร์สาย 1 ซ.36,ประชาราษฎร์สาย 1,2,07:00-09:00,0,0,1
ปากซอยประชาราษฎร์สาย 1 ซ.36,ประชาราษฎร์สาย 1,2,09:00-17:00,0,0,1
ปากซอยประชาราษฎร์สาย 1 ซ.36,ประชาราษฎร์สาย 1,2,17:00-19:00,0,0,1
ปากซอยประชาราษฎร์สาย 1 ซ.36,ประชาราษฎร์สาย 1 ซ.36,2,07:00-09:00,0,0,1
ปากซอยประชาราษฎร์สาย 1 ซ.36,ประชาราษฎร์สาย 1 ซ.36,2,09:00-17:00,0,0,1
ปากซอยประชาราษฎร์สาย 1 ซ.36,ประชาราษฎร์สาย 1 ซ.36,2,17:00-19:00,0,0,1
ปากซอยประชาร่วมใจ 35,ประชาร่วมใจ,3,06:30-09:00,1,0,0
ปากซอยประชาร่วมใจ 35,ประชาร่วมใจ,3,09:00-16:00,1,0,0
ปากซอยประชาร่วมใจ 35,ประชาร่วมใจ,3,16:00-19:30,1,0,0
ปากซอยประชาร่วมใจ31,ประชาร่วมใจ,4,07:00-09:00,0,0,1
ปากซอยประชาร่วมใจ31,ประชาร่วมใจ,4,09:00-16:00,0,0,1
ปากซอยประชาร่วมใจ31,ประชาร่วมใจ,4,16:00-19:00,0,0,1
ปากซอยประชาร่วมใจ31,ประชาร่วมใจ 31,4,07:00-09:00,0,0,1
ปากซอยประชาร่วมใจ31,ประชาร่วมใจ 31,4,09:00-16:00,0,0,1
ปากซอยประชาร่วมใจ31,ประชาร่วมใจ 31,4,16:00-19:00,0,0,1
ปากซอยประชาอุทิศ 113,ประชาอุทิศ,1,07:00-09:00,0,0,1
ปากซอยประชาอุทิศ 113,ประชาอุทิศ,1,09:00-17:00,0,0,1
ปากซอยประชาอุทิศ 113,ประชาอุทิศ,1,17:00-19:00,0,0,1
ปากซอยประชาอุทิศ 27,ประชาอุทิศ,2,07:00-09:00,0,0,1
ปากซอยประชาอุทิศ 27,ประชาอุทิศ,2,09:00-17:00,0,0,1
ปากซอยประชาอุทิศ 27,ประชาอุทิศ,2,17:00-19:00,0,0,1
ปากซอยประชาอุทิศ 54,ประชาอุทิศ,4,07:00-09:00,0,0,1
ปากซอยประชาอุทิศ 54,ประชาอุทิศ,4,09:00-17:00,0,0,1
ปากซอยประชาอุทิศ 54,ประชาอุทิศ,4,17:00-19:00,0,0,1
ปากซอยประชาอุทิศ 58/2,ประชาอุทิศ,2,07:00-09:00,0,0,1
ปากซอยประชาอุทิศ 58/2,ประชาอุทิศ,2,09:00-17:00,0,0,1
ปากซอยประชาอุทิศ 58/2,ประชาอุทิศ,2,17:00-19:00,0,0,1
ปากซอยประดิษฐ์มนูธรรม 15,ประดิษฐ์มนูธรรม,4,07:00-09:00,0,0,1
ปากซอยประดิษฐ์มนูธรรม 15,ประดิษฐ์มนูธรรม,4,09:00-17:00,0,0,1
ปากซอยประดิษฐ์มนูธรรม 15,ประดิษฐ์มนูธรรม,4,17:00-19:00,0,0,1
ปากซอยประดิษฐ์มนูธรรม 29,ประดิษฐ์มนูธรรม,2,07:00-09:00,0,0,1
ปากซอยประดิษฐ์มนูธรรม 29,ประดิษฐ์มนูธรรม,2,09:00-17:00,0,0,1
ปากซอยประดิษฐ์มนูธรรม 29,ประดิษฐ์มนูธรรม,2,17:00-19:00,0,0,1
ปากซอยประดิษฐ์มนูธรรม 29,ประดิษฐ์มนูธรรม29,2,07:00-09:00,0,0,1
ปากซอยประดิษฐ์มนูธรรม 29,ประดิษฐ์มนูธรรม29,2,09:00-17:00,0,0,1
ปากซอยประดิษฐ์มนูธรรม 29,ประดิษฐ์มนูธรรม29,2,17:00-19:00,0,0,1
ปากซอยปรีดีพนมยงค์ 7,ปรีดีพนมยงค์,2,07:00-09:00,1,0,0
ปากซอยปรีดีพนมยงค์ 7,ปรีดีพนมยงค์,2,09:00-16:00,1,0,0
ปากซอยปรีดีพนมยงค์ 7,ปรีดีพนมยงค์,2,16:00-19:00,1,0,0
ปากซอยพระยาสุเรนทร์ 28,พระยาสุเรนทร์,3,07:00-09:00,0,0,1
ปากซอยพระยาสุเรนทร์ 28,พระยาสุเรนทร์,3,09:00-17:00,0,0,1
ปากซอยพระยาสุเรนทร์ 28,พระยาสุเรนทร์,3,17:00-19:00,0,0,1
ปากซอยพระยาสุเรนทร์26 -28,พระยาสุเรนทร์,1,07:00-09:00,0,1,0
ปากซอยพระยาสุเรนทร์26 -28,พระยาสุเรนทร์,1,09:00-16:00,0,1,0
ปากซอยพระยาสุเรนทร์26 -28,พระยาสุเรนทร์,1,16:00-19:00,0,1,0
ปากซอยพระรามที่ 6 ซอย 15,พระรามที่ 6,1,07:00-09:00,0,0,1
ปากซอยพระรามที่ 6 ซอย 15,พระรามที่ 6,1,09:00-17:00,0,0,1
ปากซอยพระรามที่ 6 ซอย 15,พระรามที่ 6,1,17:00-19:00,0,0,1
ปากซอยพหลโยธิน 69/7,พหลโยธิน,4,07:00-09:00,0,1,0
ปากซอยพหลโยธิน 69/7,พหลโยธิน,4,09:00-16:00,0,1,0
ปากซอยพหลโยธิน 69/7,พหลโยธิน,4,16:00-19:00,0,1,0
ปากซอยพัฒนาการ 4,พัฒนาการ,1,07:00-09:00,0,0,1
ปากซอยพัฒนาการ 4,พัฒนาการ,1,09:00-17:00,0,0,1
ปากซอยพัฒนาการ 4,พัฒนาการ,1,17:00-19:00,0,0,1
ปากซอยพัฒนาการ 51,พัฒนาการ,4,07:00-09:00,1,0,0
ปากซอยพัฒนาการ 51,พัฒนาการ,4,09:00-16:00,1,0,0
ปากซอยพัฒนาการ 51,พัฒนาการ,4,16:00-19:00,1,0,0
ปากซอยพัฒนาการ 92,พัฒนาการ,1,07:00-09:00,0,0,1
ปากซอยพัฒนาการ 92,พัฒนาการ,1,09:00-17:00,0,0,1
ปากซอยพัฒนาการ 92,พัฒนาการ,1,17:00-19:00,0,0,1
ปากซอยฟักสังข์พัฒนา,เลียบคลองประปา,3,06:30-09:00,1,0,0
ปากซอยฟักสังข์พัฒนา,เลียบคลองประปา,3,09:00-16:00,1,0,0
ปากซอยฟักสังข์พัฒนา,เลียบคลองประปา,3,16:00-19:30,1,0,0
ปากซอยรัชดา 43,รัชดาภิเษก,4,07:00-09:00,0,0,1
ปากซอยรัชดา 43,รัชดาภิเษก,4,09:00-17:00,0,0,1
ปากซอยรัชดา 43,รัชดาภิเษก,4,17:00-19:00,0,0,1
ปากซอยรัชดา 66,รัชดาภิเษก,4,07:00-09:00,0,0,1
ปากซอยรัชดา 66,รัชดาภิเษก,4,09:00-17:00,0,0,1
ปากซอยรัชดา 66,รัชดาภิเษก,4,17:00-19:00,0,0,1
ปากซอยรัชดา 66,รัชดาภิเษก 66,4,07:00-09:00,0,0,1
ปากซอยรัชดา 66,รัชดาภิเษก 66,4,09:00-17:00,0,0,1
ปากซอยรัชดา 66,รัชดาภิเษก 66,4,17:00-19:00,0,0,1
ปากซอยรางน้ำ,พญาไท,1,07:00-09:00,0,1,0
ปากซอยรางน้ำ,พญาไท,1,09:00-16:00,0,1,0
ปากซอยรางน้ำ,พญาไท,1,16:00-19:00,0,1,0
ปากซอยรางน้ำ,พญาไท,2,07:00-09:00,0,2,0
ปากซอยรางน้ำ,พญาไท,2,09:00-16:00,0,2,0
ปากซอยรางน้ำ,พญาไท,2,16:00-19:00,0,2,0
ปากซอยรามคำแหง 195,รามคำแหง,1,07:00-09:00,1,0,0
ปากซอยรามคำแหง 195,รามคำแหง,1,09:00-16:00,1,0,0
ปากซอยรามคำแหง 195,รามคำแหง,1,16:00-19:00,1,0,0
ปากซอยรามคำแหง 23,รามคำแหง,3,07:00-09:00,0,0,1
ปากซอยรามคำแหง 23,รามคำแหง,3,09:00-17:00,0,0,1
ปากซอยรามคำแหง 23,รามคำแหง,3,17:00-19:00,0,0,1
ปากซอยรามคำแหง 3,รามคำแหง,2,07:00-09:00,0,0,1
ปากซอยรามคำแหง 3,รามคำแหง,2,09:00-17:00,0,0,1
ปากซอยรามคำแหง 3,รามคำแหง,2,17:00-19:00,0,0,1
ปากซอยรามค่าแหง 189,รามคำแหง,3,06:30-09:00,1,0,0
ปากซอยรามค่าแหง 189,รามคำแหง,3,09:00-16:00,1,0,0
ปากซอยรามค่าแหง 189,รามคำแหง,3,16:00-19:30,1,0,0
ปากซอยรามอินทรา 127,รามอินทรา,2,07:00-09:00,1,0,0
ปากซอยรามอินทรา 127,รามอินทรา,2,09:00-16:00,1,0,0
ปากซอยรามอินทรา 127,รามอินทรา,2,16:00-19:00,1,0,0
ปากซอยราษฎร์บูรณะ 41,ราษฎร์บูรณะ,1,07:00-09:00,0,0,1
ปากซอยราษฎร์บูรณะ 41,ราษฎร์บูรณะ,1,09:00-17:00,0,0,1
ปากซอยราษฎร์บูรณะ 41,ราษฎร์บูรณะ,1,17:00-19:00,0,0,1
ปากซอยราษฎร์พัฒนา,ราษฎร์อุทิศ,1,07:00-09:00,0,0,1
ปากซอยราษฎร์พัฒนา,ราษฎร์อุทิศ,1,09:00-17:00,0,0,1
ปากซอยราษฎร์พัฒนา,ราษฎร์อุทิศ,1,17:00-19:00,0,0,1
ปากซอยราษฎร์อุทิศ 27/5,ราษฎร์อุทิศ,4,07:00-09:00,0,0,1
ปากซอยราษฎร์อุทิศ 27/5,ราษฎร์อุทิศ,4,09:00-17:00,0,0,1
ปากซอยราษฎร์อุทิศ 27/5,ราษฎร์อุทิศ,4,17:00-19:00,0,0,1
ปากซอยราษฎร์อุทิศ 27/6,ราษฎร์อุทิศ,2,07:00-09:00,0,0,1
ปากซอยราษฎร์อุทิศ 27/6,ราษฎร์อุทิศ,2,09:00-17:00,0,0,1
ปากซอยราษฎร์อุทิศ 27/6,ราษฎร์อุทิศ,2,17:00-19:00,0,0,1
ปากซอยลาดกระบัง 1,ซ.ลาดกระบัง 1,3,07:00-09:00,1,0,0
ปากซอยลาดกระบัง 1,ซ.ลาดกระบัง 1,3,09:00-16:00,1,0,0
ปากซอยลาดกระบัง 1,ซ.ลาดกระบัง 1,3,16:00-19:00,1,0,0
ปากซอยลาดกระบัง 1,ลาดกระบัง,3,07:00-09:00,1,0,0
ปากซอยลาดกระบัง 1,ลาดกระบัง,3,09:00-16:00,1,0,0
ปากซอยลาดกระบัง 1,ลาดกระบัง,3,16:00-19:00,1,0,0
ปากซอยลาดกระบัง 3/2,ซอยลาดกระบัง 3/2,4,07:00-09:00,1,0,0
ปากซอยลาดกระบัง 3/2,ซอยลาดกระบัง 3/2,4,09:00-16:00,1,0,0
ปากซอยลาดกระบัง 3/2,ซอยลาดกระบัง 3/2,4,16:00-19:00,1,0,0
ปากซอยลาดกระบัง 3/2,ลาดกระบัง,4,06:30-09:00,1,0,0
ปากซอยลาดกระบัง 3/2,ลาดกระบัง,4,09:00-16:00,1,0,0
ปากซอยลาดกระบัง 3/2,ลาดกระบัง,4,16:00-19:30,1,0,0
ปากซอยลาดกระบัง ซอย 7,ซอยลาดกระบัง 7,1,07:00-09:00,1,0,0
ปากซอยลาดกระบัง ซอย 7,ซอยลาดกระบัง 7,1,09:00-16:00,1,0,0
ปากซอยลาดกระบัง ซอย 7,ซอยลาดกระบัง 7,1,16:00-19:00,1,0,0
ปากซอยลาดกระบัง ซอย 7,ลาดกระบัง,1,07:00-09:00,1,0,0
ปากซอยลาดกระบัง ซอย 7,ลาดกระบัง,1,09:00-16:00,1,0,0
ปากซอยลาดกระบัง ซอย 7,ลาดกระบัง,1,16:00-19:00,1,0,0
ปากซอยลาดพร้าว 101 ซอย 39,ลาดพราว 101 ซอย 39,2,07:00-09:00,1,0,0
ปากซอยลาดพร้าว 101 ซอย 39,ลาดพราว 101 ซอย 39,2,09:00-16:00,1,0,0
ปากซอยลาดพร้าว 101 ซอย 39,ลาดพราว 101 ซอย 39,2,16:00-19:00,1,0,0
ปากซอยลาดพร้าว 101 ซอย 39,ลาดพร้าว 101,2,07:00-09:00,1,0,0
ปากซอยลาดพร้าว 101 ซอย 39,ลาดพร้าว 101,2,09:00-16:00,1,0,0
ปากซอยลาดพร้าว 101 ซอย 39,ลาดพร้าว 101,2,16:00-19:00,1,0,0
ปากซอยลาดพร้าว 15,ซอยลาดพร้าว 15,4,07:00-09:00,1,0,0
ปากซอยลาดพร้าว 15,ซอยลาดพร้าว 15,4,09:00-16:00,1,0,0
ปากซอยลาดพร้าว 15,ซอยลาดพร้าว 15,4,16:00-19:00,1,0,0
ปากซอยลาดพร้าว 15,ลาดพร้าว,3,07:00-09:00,0,0,1
ปากซอยลาดพร้าว 15,ลาดพร้าว,3,09:00-17:00,0,0,1
ปากซอยลาดพร้าว 15,ลาดพร้าว,3,17:00-19:00,0,0,1
ปากซอยลาดพร้าว 15,ลาดพร้าว,4,07:00-09:00,1,0,0
ปากซอยลาดพร้าว 15,ลาดพร้าว,4,09:00-16:00,1,0,0
ปากซอยลาดพร้าว 15,ลาดพร้าว,4,16:00-19:00,1,0,0
ปากซอยลาดพร้าว 15,ลาดพร้าว 15,3,07:00-09:00,0,0,1
ปากซอยลาดพร้าว 15,ลาดพร้าว 15,3,09:00-17:00,0,0,1
ปากซอยลาดพร้าว 15,ลาดพร้าว 15,3,17:00-19:00,0,0,1
ปากซอยลาดหญ้า 10,ลาดหญ้า,3,07:00-09:00,0,0,1
ปากซอยลาดหญ้า 10,ลาดหญ้า,3,09:00-17:00,0,0,1
ปากซอยลาดหญ้า 10,ลาดหญ้า,3,17:00-19:00,0,0,1
ปากซอยลาดหญ้า 6,ถนนลาดหญ้า,4,07:00-09:00,1,0,0
ปากซอยลาดหญ้า 6,ถนนลาดหญ้า,4,09:00-16:00,1,0,0
ปากซอยลาดหญ้า 6,ถนนลาดหญ้า,4,16:00-19:00,1,0,0
ปากซอยลาดหญ้า 6,ลาดหญ้า,4,07:00-09:00,1,0,0
ปากซอยลาดหญ้า 6,ลาดหญ้า,4,09:00-16:00,1,0,0
ปากซอยลาดหญ้า 6,ลาดหญ้า,4,16:00-19:00,1,0,0
ปากซอยวงศ์สว่าง 11,วงศ์สว่าง,2,07:00-09:00,0,0,1
ปากซอยวงศ์สว่าง 11,วงศ์สว่าง,2,09:00-17:00,0,0,1
ปากซอยวงศ์สว่าง 11,วงศ์สว่าง,2,17:00-19:00,0,0,1
ปากซอยวงศ์สว่าง 11,วงศ์สว่าง 11,2,07:00-09:00,0,0,1
ปากซอยวงศ์สว่าง 11,วงศ์สว่าง 11,2,09:00-17:00,0,0,1
ปากซอยวงศ์สว่าง 11,วงศ์สว่าง 11,2,17:00-19:00,0,0,1
ปากซอยวงศ์สว่าง 29,วงศ์สว่าง,4,07:00-09:00,0,0,1
ปากซอยวงศ์สว่าง 29,วงศ์สว่าง,4,09:00-17:00,0,0,1
ปากซอยวงศ์สว่าง 29,วงศ์สว่าง,4,17:00-19:00,0,0,1
ปากซอยวงศ์สว่าง 6,วงศ์สว่าง,2,07:00-09:00,0,0,1
ปากซอยวงศ์สว่าง 6,วงศ์สว่าง,2,09:00-17:00,0,0,1
ปากซอยวงศ์สว่าง 6,วงศ์สว่าง,2,17:00-19:00,0,0,1
ปากซอยวงศ์สว่าง 6,วงศ์สว่าง 6,2,07:00-09:00,0,0,1
ปากซอยวงศ์สว่าง 6,วงศ์สว่าง 6,2,09:00-17:00,0,0,1
ปากซอยวงศ์สว่าง 6,วงศ์สว่าง 6,2,17:00-19:00,0,0,1
ปากซอยวชิธรรมสาธิต 12,สุขุมวิท 101/1,2,07:00-09:00,0,0,1
ปากซอยวชิธรรมสาธิต 12,สุขุมวิท 101/1,2,09:00-17:00,0,0,1
ปากซอยวชิธรรมสาธิต 12,สุขุมวิท 101/1,2,17:00-19:00,0,0,1
ปากซอยวชิรธรรมสาธิต 12,วชิรธรรมสาธิต,4,07:00-09:00,0,0,1
ปากซอยวชิรธรรมสาธิต 12,วชิรธรรมสาธิต,4,09:00-17:00,0,0,1
ปากซอยวชิรธรรมสาธิต 12,วชิรธรรมสาธิต,4,17:00-19:00,0,0,1
ปากซอยวชิรธรรมสาธิต 12,สุขุมวิท 101/1,4,07:00-09:00,0,0,1
ปากซอยวชิรธรรมสาธิต 12,สุขุมวิท 101/1,4,09:00-17:00,0,0,1
ปากซอยวชิรธรรมสาธิต 12,สุขุมวิท 101/1,4,17:00-19:00,0,0,1
ปากซอยวชิรธรรมสาธิต 29,สุขุมวิท 101/1,1,07:00-09:00,0,0,1
ปากซอยวชิรธรรมสาธิต 29,สุขุมวิท 101/1,1,09:00-17:00,0,0,1
ปากซอยวชิรธรรมสาธิต 29,สุขุมวิท 101/1,1,17:00-19:00,0,0,1
ปากซอยวัดปากน้า -วัดแก้ว,พรานนก - พุทธมณฑลสาย 4,2,07:00-09:00,1,0,0
ปากซอยวัดปากน้า -วัดแก้ว,พรานนก - พุทธมณฑลสาย 4,2,09:00-16:00,1,0,0
ปากซอยวัดปากน้า -วัดแก้ว,พรานนก - พุทธมณฑลสาย 4,2,16:00-19:00,1,0,0
ปากซอยวัดเพลง,พรานนก - พุทธมณฑลสาย 4,2,07:00-09:00,1,0,0
ปากซอยวัดเพลง,พรานนก - พุทธมณฑลสาย 4,2,09:00-16:00,1,0,0
ปากซอยวัดเพลง,พรานนก - พุทธมณฑลสาย 4,2,16:00-19:00,1,0,0
ปากซอยวิภาวดี 25,กำแพงเพชร 6,1,07:00-09:00,0,0,1
ปากซอยวิภาวดี 25,กำแพงเพชร 6,1,09:00-17:00,0,0,1
ปากซอยวิภาวดี 25,กำแพงเพชร 6,1,17:00-19:00,0,0,1
ปากซอยวิภาวดี 25,วิภาวดีรังสิต 25,1,07:00-09:00,0,0,1
ปากซอยวิภาวดี 25,วิภาวดีรังสิต 25,1,09:00-17:00,0,0,1
ปากซอยวิภาวดี 25,วิภาวดีรังสิต 25,1,17:00-19:00,0,0,1
ปากซอยวิภาวดีรังสิต 25,กำแพงเพชร 6,3,07:00-09:00,0,0,1
ปากซอยวิภาวดีรังสิต 25,กำแพงเพชร 6,3,09:00-16:00,0,0,1
ปากซอยวิภาวดีรังสิต 25,กำแพงเพชร 6,3,16:00-19:00,0,0,1
ปากซอยวิภาวดีรังสิต 25,วิภาวดีรังสิต 25,3,07:00-09:00,0,0,1
ปากซอยวิภาวดีรังสิต 25,วิภาวดีรังสิต 25,3,09:00-16:00,0,0,1
ปากซอยวิภาวดีรังสิต 25,วิภาวดีรังสิต 25,3,16:00-19:00,0,0,1
ปากซอยศรีนครินทร์ 10,ศรีนครินทร์,3,07:00-09:00,0,0,1
ปากซอยศรีนครินทร์ 10,ศรีนครินทร์,3,09:00-17:00,0,0,1
ปากซอยศรีนครินทร์ 10,ศรีนครินทร์,3,17:00-19:00,0,0,1
ปากซอยศรีอยุธยา 5,ศรีอยุธยา,1,07:00-09:00,0,1,0
ปากซอยศรีอยุธยา 5,ศรีอยุธยา,1,09:00-16:00,0,1,0
ปากซอยศรีอยุธยา 5,ศรีอยุธยา,1,16:00-19:00,0,1,0
ปากซอยศาลาธรรมสพน์ 26,ศาลาธรรมสพน์,3,07:00-09:00,0,0,1
ปากซอยศาลาธรรมสพน์ 26,ศาลาธรรมสพน์,3,09:00-17:00,0,0,1
ปากซอยศาลาธรรมสพน์ 26,ศาลาธรรมสพน์,3,17:00-19:00,0,0,1
ปากซอยศาลาแดง,สีลม,1,07:00-09:00,0,0,1
ปากซอยศาลาแดง,สีลม,1,09:00-17:00,0,0,1
ปากซอยศาลาแดง,สีลม,1,17:00-19:00,0,0,1
ปากซอยศิริชัยบางบอน9,พระยามนธาตุราชศรีพิจิตร์,1,07:00-09:00,1,0,0
ปากซอยศิริชัยบางบอน9,พระยามนธาตุราชศรีพิจิตร์,1,09:00-16:00,1,0,0
ปากซอยศิริชัยบางบอน9,พระยามนธาตุราชศรีพิจิตร์,1,16:00-19:00,1,0,0
ปากซอยสมเด็จพระเจ้าตากสิน 15,สมเด็จพระเจ้าตากสิน,2,07:00-09:00,1,0,0
ปากซอยสมเด็จพระเจ้าตากสิน 15,สมเด็จพระเจ้าตากสิน,2,09:00-16:00,1,0,0
ปากซอยสมเด็จพระเจ้าตากสิน 15,สมเด็จพระเจ้าตากสิน,2,16:00-19:00,1,0,0
ปากซอยสมเด็จพระเจ้าตากสิน 46,สมเด็จพระเจ้าตากสิน,4,07:00-09:00,1,0,0
ปากซอยสมเด็จพระเจ้าตากสิน 46,สมเด็จพระเจ้าตากสิน,4,09:00-16:00,1,0,0
ปากซอยสมเด็จพระเจ้าตากสิน 46,สมเด็จพระเจ้าตากสิน,4,16:00-19:00,1,0,0
ปากซอยสมเด็จพระเจ้าตากสิน 9,สมเด็จพระเจ้าตากสิน,4,07:00-09:00,1,0,0
ปากซอยสมเด็จพระเจ้าตากสิน 9,สมเด็จพระเจ้าตากสิน,4,09:00-16:00,1,0,0
ปากซอยสมเด็จพระเจ้าตากสิน 9,สมเด็จพระเจ้าตากสิน,4,16:00-19:00,1,0,0
ปากซอยสมเด็จเจ้าพระยา 17,สมเด็จเจ้าพระยา,3,07:00-09:00,0,0,1
ปากซอยสมเด็จเจ้าพระยา 17,สมเด็จเจ้าพระยา,3,09:00-17:00,0,0,1
ปากซอยสมเด็จเจ้าพระยา 17,สมเด็จเจ้าพระยา,3,17:00-19:00,0,0,1
ปากซอยสมเด็จเจ้าพระยา 17,สมเด็จเจ้าพระยา 17,3,07:00-09:00,0,0,1
ปากซอยสมเด็จเจ้าพระยา 17,สมเด็จเจ้าพระยา 17,3,09:00-17:00,0,0,1
ปากซอยสมเด็จเจ้าพระยา 17,สมเด็จเจ้าพระยา 17,3,17:00-19:00,0,0,1
ปากซอยสมเด็จเจ้าพระยา 5,สมเด็จเจ้าพระยา,4,07:00-09:00,0,0,1
ปากซอยสมเด็จเจ้าพระยา 5,สมเด็จเจ้าพระยา,4,09:00-17:00,0,0,1
ปากซอยสมเด็จเจ้าพระยา 5,สมเด็จเจ้าพระยา,4,17:00-19:00,0,0,1
ปากซอยสรงประภา 1,สรงประภา,4,07:00-09:00,2,0,0
ปากซอยสรงประภา 1,สรงประภา,4,09:00-16:00,2,0,0
ปากซอยสรงประภา 1,สรงประภา,4,16:00-19:00,2,0,0
ปากซอยสรงประภา 24,สรงประภา,3,07:00-09:00,1,0,0
ปากซอยสรงประภา 24,สรงประภา,3,09:00-16:00,1,0,0
ปากซอยสรงประภา 24,สรงประภา,3,16:00-19:00,1,0,0
ปากซอยสองพระ,สี่พระยา,3,07:00-09:00,0,0,2
ปากซอยสองพระ,สี่พระยา,3,09:00-17:00,0,0,2
ปากซอยสองพระ,สี่พระยา,3,17:00-19:00,0,0,2
ปากซอยสังฆประชา,ฉลองกรุง,4,07:00-09:00,1,0,0
ปากซอยสังฆประชา,ฉลองกรุง,4,09:00-16:00,1,0,0
ปากซอยสังฆประชา,ฉลองกรุง,4,16:00-19:00,1,0,0
ปากซอยสังฆประชา,ซอยสังฆประชา,4,07:00-09:00,1,0,0
ปากซอยสังฆประชา,ซอยสังฆประชา,4,09:00-16:00,1,0,0
ปากซอยสังฆประชา,ซอยสังฆประชา,4,16:00-19:00,1,0,0
"ปากซอยสายไหม 21,.23",สายไหม,1,07:00-09:00,1,0,0
"ปากซอยสายไหม 21,.23",สายไหม,1,09:00-16:00,1,0,0
"ปากซอยสายไหม 21,.23",สายไหม,1,16:00-19:00,1,0,0
ปากซอยสายไหม 25,ปากซอยสายไหม 25,4,07:00-09:00,1,0,0
ปากซอยสายไหม 25,ปากซอยสายไหม 25,4,09:00-16:00,1,0,0
ปากซอยสายไหม 25,ปากซอยสายไหม 25,4,16:00-19:00,1,0,0
ปากซอยสายไหม 33/1,สายไหม,3,06:30-09:00,0,1,0
ปากซอยสายไหม 33/1,สายไหม,3,09:00-16:00,0,1,0
ปากซอยสายไหม 33/1,สายไหม,3,16:00-19:30,0,1,0
ปากซอยสายไหม 64,สายไหม,4,07:00-09:00,1,0,0
ปากซอยสายไหม 64,สายไหม,4,09:00-16:00,1,0,0
ปากซอยสายไหม 64,สายไหม,4,16:00-19:00,1,0,0
ปากซอยสายไหม 81,สายไหม,4,07:00-09:00,1,0,0
ปากซอยสายไหม 81,สายไหม,4,09:00-16:00,1,0,0
ปากซอยสายไหม 81,สายไหม,4,16:00-19:00,1,0,0
ปากซอยสายไหม่ 56,สายใหม่,2,07:00-09:00,1,0,0
ปากซอยสายไหม่ 56,สายใหม่,2,09:00-16:00,1,0,0
ปากซอยสายไหม่ 56,สายใหม่,2,16:00-19:00,1,0,0
ปากซอยสารภี 2,ถนนประชาธิปก,4,07:00-09:00,1,0,0
ปากซอยสารภี 2,ถนนประชาธิปก,4,09:00-16:00,1,0,0
ปากซอยสารภี 2,ถนนประชาธิปก,4,16:00-19:00,1,0,0
ปากซอยสารภี 2,ประชาธิปก,4,07:00-09:00,1,0,0
ปากซอยสารภี 2,ประชาธิปก,4,09:00-16:00,1,0,0
ปากซอยสารภี 2,ประชาธิปก,4,16:00-19:00,1,0,0
ปากซอยสุขสวัสดิ์33/1,สุขสวัสดิ์,4,07:00-09:00,1,0,0
ปากซอยสุขสวัสดิ์33/1,สุขสวัสดิ์,4,09:00-16:00,1,0,0
ปากซอยสุขสวัสดิ์33/1,สุขสวัสดิ์,4,16:00-19:00,1,0,0
ปากซอยสุขุมวิท 81,สุขุมวิท,4,07:00-09:00,0,1,0
ปากซอยสุขุมวิท 81,สุขุมวิท,4,09:00-16:00,0,1,0
ปากซอยสุขุมวิท 81,สุขุมวิท,4,16:00-19:00,0,1,0
ปากซอยสุขุมวิท 81,สุขุมวิท 52,4,07:00-09:00,0,1,0
ปากซอยสุขุมวิท 81,สุขุมวิท 52,4,09:00-16:00,0,1,0
ปากซอยสุขุมวิท 81,สุขุมวิท 52,4,16:00-19:00,0,1,0
ปากซอยสุขุมวิท 81,สุขุมวิท 81,4,07:00-09:00,0,1,0
ปากซอยสุขุมวิท 81,สุขุมวิท 81,4,09:00-16:00,0,1,0
ปากซอยสุขุมวิท 81,สุขุมวิท 81,4,16:00-19:00,0,1,0
ปากซอยหทัยราษฎร์ 39,หทัยราษฎร์,2,07:00-09:00,0,1,0
ปากซอยหทัยราษฎร์ 39,หทัยราษฎร์,2,09:00-16:00,0,1,0
ปากซอยหทัยราษฎร์ 39,หทัยราษฎร์,2,16:00-19:00,0,1,0
ปากซอยหทัยราษฎร์39,ซอยหทัยราษฎร์39,2,06:30-09:00,1,0,0
ปากซอยหทัยราษฎร์39,ซอยหทัยราษฎร์39,2,09:00-16:00,1,0,0
ปากซอยหทัยราษฎร์39,ซอยหทัยราษฎร์39,2,16:00-19:30,1,0,0
ปากซอยหทัยราษฎร์39,ททัยราษฎร์,2,06:30-09:00,1,0,0
ปากซอยหทัยราษฎร์39,ททัยราษฎร์,2,09:00-16:00,1,0,0
ปากซอยหทัยราษฎร์39,ททัยราษฎร์,2,16:00-19:30,1,0,0
ปากซอยหัวหมาก 20,ซอยหัวหมวาก 20,2,07:00-09:00,1,0,0
ปากซอยหัวหมาก 20,ซอยหัวหมวาก 20,2,09:00-16:00,1,0,0
ปากซอยหัวหมาก 20,ซอยหัวหมวาก 20,2,16:00-19:00,1,0,0
ปากซอยหัวหมาก 20,ซอยหัวหมวาก 21,2,07:00-09:00,1,0,0
ปากซอยหัวหมาก 20,ซอยหัวหมวาก 21,2,09:00-16:00,1,0,0
ปากซอยหัวหมาก 20,ซอยหัวหมวาก 21,2,16:00-19:00,1,0,0
ปากซอยหัวหมาก 20,หัวหมาก,2,07:00-09:00,1,0,0
ปากซอยหัวหมาก 20,หัวหมาก,2,09:00-16:00,1,0,0
ปากซอยหัวหมาก 20,หัวหมาก,2,16:00-19:00,1,0,0
ปากซอยอรุณอัมรินทร์ 6,อรุณอัมรินทร์,1,07:00-09:00,1,0,0
ปากซอยอรุณอัมรินทร์ 6,อรุณอัมรินทร์,1,09:00-16:00,1,0,0
ปากซอยอรุณอัมรินทร์ 6,อรุณอัมรินทร์,1,16:00-19:00,1,0,0
ปากซอยอุดมสุข 1,อุดมสุข (สุขุมวิท 103),3,07:00-09:00,0,1,0
ปากซอยอุดมสุข 1,อุดมสุข (สุขุมวิท 103),3,09:00-16:00,0,1,0
ปากซอยอุดมสุข 1,อุดมสุข (สุขุมวิท 103),3,16:00-19:00,0,1,0
ปากซอยอุดมสุข 18,อุดมสุข,1,07:00-09:00,0,0,1
ปากซอยอุดมสุข 18,อุดมสุข,1,09:00-17:00,0,0,1
ปากซอยอุดมสุข 18,อุดมสุข,1,17:00-19:00,0,0,1
ปากซอยอุดมสุข 26,อุดมสุข,1,07:00-09:00,0,0,1
ปากซอยอุดมสุข 26,อุดมสุข,1,09:00-17:00,0,0,1
ปากซอยอุดมสุข 26,อุดมสุข,1,17:00-19:00,0,0,1
ปากซอยอุดมสุข 30,อุดมสุข,1,07:00-09:00,0,0,1
ปากซอยอุดมสุข 30,อุดมสุข,1,09:00-17:00,0,0,1
ปากซอยอุดมสุข 30,อุดมสุข,1,17:00-19:00,0,0,1
ปากซอยอุดมสุข 34,อุดมสุข,2,07:00-09:00,0,0,1
ปากซอยอุดมสุข 34,อุดมสุข,2,09:00-17:00,0,0,1
ปากซอยอุดมสุข 34,อุดมสุข,2,17:00-19:00,0,0,1
ปากซอยอุดมสุข 41,อุดมสุข (สุขุมวิท 103),4,07:00-09:00,1,0,0
ปากซอยอุดมสุข 41,อุดมสุข (สุขุมวิท 103),4,09:00-16:00,1,0,0
ปากซอยอุดมสุข 41,อุดมสุข (สุขุมวิท 103),4,16:00-19:00,1,0,0
ปากซอยอุดมสุข 51,สุขุมวิท 103,1,07:00-09:00,0,0,1
ปากซอยอุดมสุข 51,สุขุมวิท 103,1,09:00-17:00,0,0,1
ปากซอยอุดมสุข 51,สุขุมวิท 103,1,17:00-19:00,0,0,1
ปากซอยอุดมสุข 9,อุดมสุข (สุขุมวิท 103),3,07:00-09:00,0,1,0
ปากซอยอุดมสุข 9,อุดมสุข (สุขุมวิท 103),3,09:00-16:00,0,1,0
ปากซอยอุดมสุข 9,อุดมสุข (สุขุมวิท 103),3,16:00-19:00,0,1,0
ปากซอยอุทัยฟาร์ม,พระรามที่ 4,3,07:00-09:00,0,0,1
ปากซอยอุทัยฟาร์ม,พระรามที่ 4,3,09:00-17:00,0,0,1
ปากซอยอุทัยฟาร์ม,พระรามที่ 4,3,17:00-19:00,0,0,1
ปากซอยอ่อนนุข 41,อ่อนนุช,4,07:00-09:00,0,0,1
ปากซอยอ่อนนุข 41,อ่อนนุช,4,09:00-17:00,0,0,1
ปากซอยอ่อนนุข 41,อ่อนนุช,4,17:00-19:00,0,0,1
ปากซอยอ่อนนุข 41,อ่อนนุช 41,4,07:00-09:00,0,0,1
ปากซอยอ่อนนุข 41,อ่อนนุช 41,4,09:00-17:00,0,0,1
ปากซอยอ่อนนุข 41,อ่อนนุช 41,4,17:00-19:00,0,0,1
ปากซอยอ่อนนุช 51,สุขุมวิท 77,2,07:00-09:00,0,0,1
ปากซอยอ่อนนุช 51,สุขุมวิท 77,2,09:00-17:00,0,0,1
ปากซอยอ่อนนุช 51,สุขุมวิท 77,2,17:00-19:00,0,0,1
ปากซอยอ่อนนุช 59/1,อ่อนนุช,4,07:00-09:00,0,0,1
ปากซอยอ่อนนุช 59/1,อ่อนนุช,4,09:00-16:00,0,0,1
ปากซอยอ่อนนุช 59/1,อ่อนนุช,4,16:00-19:00,0,0,1
ปากซอยอ่อนนุช 69,อ่อนนุช,1,07:00-09:00,1,0,0
ปากซอยอ่อนนุช 69,อ่อนนุช,1,09:00-16:00,1,0,0
ปากซอยอ่อนนุช 69,อ่อนนุช,1,16:00-19:00,1,0,0
ปากซอยอ่อนนุช 74/3,สุขุมวิท 77,2,07:00-09:00,0,0,1
ปากซอยอ่อนนุช 74/3,สุขุมวิท 77,2,09:00-17:00,0,0,1
ปากซอยอ่อนนุช 74/3,สุขุมวิท 77,2,17:00-19:00,0,0,1
ปากซอยอ่อนนุช 74/3,อ่อนนุช,2,07:00-09:00,0,0,1
ปากซอยอ่อนนุช 74/3,อ่อนนุช,2,09:00-17:00,0,0,1
ปากซอยอ่อนนุช 74/3,อ่อนนุช,2,17:00-19:00,0,0,1
ปากซอยอ่อนนุช 74/3,อ่อนนุช,4,07:00-09:00,1,0,0
ปากซอยอ่อนนุช 74/3,อ่อนนุช,4,09:00-16:00,1,0,0
ปากซอยอ่อนนุช 74/3,อ่อนนุช,4,16:00-19:00,1,0,0
ปากซอยอ่อนนุช 74/3,อ่อนนุช 74/3,2,07:00-09:00,0,0,1
ปากซอยอ่อนนุช 74/3,อ่อนนุช 74/3,2,09:00-17:00,0,0,1
ปากซอยอ่อนนุช 74/3,อ่อนนุช 74/3,2,17:00-19:00,0,0,1
ปากซอยอ่อนุช 65,อ่อนนุช,2,07:00-09:00,1,0,0
ปากซอยอ่อนุช 65,อ่อนนุช,2,09:00-16:00,1,0,0
ปากซอยอ่อนุช 65,อ่อนนุช,2,16:00-19:00,1,0,0
ปากซอยอ่อนุช 65,อ่อนนุช 65,2,07:00-09:00,1,0,0
ปากซอยอ่อนุช 65,อ่อนนุช 65,2,09:00-16:00,1,0,0
ปากซอยอ่อนุช 65,อ่อนนุช 65,2,16:00-19:00,1,0,0
ปากซอยเจริญกรุง 72/1,เจริญกรุง,3,07:00-09:00,0,1,0
ปากซอยเจริญกรุง 72/1,เจริญกรุง,3,09:00-16:00,0,1,0
ปากซอยเจริญกรุง 72/1,เจริญกรุง,3,16:00-19:00,0,1,0
ปากซอยเจริญกรุง 76,เจริญกรุง,3,07:00-09:00,0,1,0
ปากซอยเจริญกรุง 76,เจริญกรุง,3,09:00-16:00,0,1,0
ปากซอยเจริญกรุง 76,เจริญกรุง,3,16:00-19:00,0,1,0
ปากซอยเจริญกรุง 85,เจริญกรุง,3,07:00-09:00,0,1,0
ปากซอยเจริญกรุง 85,เจริญกรุง,3,09:00-16:00,0,1,0
ปากซอยเจริญกรุง 85,เจริญกรุง,3,16:00-19:00,0,1,0
ปากซอยเจริญนคร 12,เจริญนคร,2,07:00-09:00,0,0,1
ปากซอยเจริญนคร 12,เจริญนคร,2,09:00-17:00,0,0,1
ปากซอยเจริญนคร 12,เจริญนคร,2,17:00-19:00,0,0,1
ปากซอยเจริญนคร 12,เจริญนคร 12,2,07:00-09:00,0,0,1
ปากซอยเจริญนคร 12,เจริญนคร 12,2,09:00-17:00,0,0,1
ปากซอยเจริญนคร 12,เจริญนคร 12,2,17:00-19:00,0,0,1
ปากซอยเจริญนคร 13,เจริญนคร,2,07:00-09:00,0,0,1
ปากซอยเจริญนคร 13,เจริญนคร,2,09:00-17:00,0,0,1
ปากซอยเจริญนคร 13,เจริญนคร,2,17:00-19:00,0,0,1
ปากซอยเจริญนคร 14/2,เจริญนคร,2,07:00-09:00,0,0,1
ปากซอยเจริญนคร 14/2,เจริญนคร,2,09:00-17:00,0,0,1
ปากซอยเจริญนคร 14/2,เจริญนคร,2,17:00-19:00,0,0,1
ปากซอยเจริญนคร 28,เจริญนคร,2,07:00-09:00,0,0,1
ปากซอยเจริญนคร 28,เจริญนคร,2,09:00-17:00,0,0,1
ปากซอยเจริญนคร 28,เจริญนคร,2,17:00-19:00,0,0,1
ปากซอยเจริญนคร 39,เจริญนคร,1,07:00-09:00,0,0,1
ปากซอยเจริญนคร 39,เจริญนคร,1,09:00-17:00,0,0,1
ปากซอยเจริญนคร 39,เจริญนคร,1,17:00-19:00,0,0,1
ปากซอยเจริญรัถ 19,เจริญรัก,3,07:00-09:00,0,0,1
ปากซอยเจริญรัถ 19,เจริญรัก,3,09:00-17:00,0,0,1
ปากซอยเจริญรัถ 19,เจริญรัก,3,17:00-19:00,0,0,1
ปากซอยเจริญรัถ 19,เจริญรัก 19,3,07:00-09:00,0,0,1
ปากซอยเจริญรัถ 19,เจริญรัก 19,3,09:00-17:00,0,0,1
ปากซอยเจริญรัถ 19,เจริญรัก 19,3,17:00-19:00,0,0,1
ปากซอยเจริญราษฎร์ 3,ศส 6 เจรญราษฎร,3,07:00-09:00,1,0,0
ปากซอยเจริญราษฎร์ 3,ศส 6 เจรญราษฎร,3,09:00-16:00,1,0,0
ปากซอยเจริญราษฎร์ 3,ศส 6 เจรญราษฎร,3,16:00-19:00,1,0,0
ปากซอยเจริญสุข,พระรามที่ 4,3,07:00-09:00,0,0,1
ปากซอยเจริญสุข,พระรามที่ 4,3,09:00-17:00,0,0,1
ปากซอยเจริญสุข,พระรามที่ 4,3,17:00-19:00,0,0,1
ปากซอยเฉลิมพระเกียรติ ร.9 23,เฉลิมพระเกียรติ ร.9,2,07:00-09:00,0,0,1
ปากซอยเฉลิมพระเกียรติ ร.9 23,เฉลิมพระเกียรติ ร.9,2,09:00-17:00,0,0,1
ปากซอยเฉลิมพระเกียรติ ร.9 23,เฉลิมพระเกียรติ ร.9,2,17:00-19:00,0,0,1
ปากซอยเฉลิมพระเกียรติ ร.9 39,เฉลิมพระเกียรติ ร.9,2,07:00-09:00,0,0,1
ปากซอยเฉลิมพระเกียรติ ร.9 39,เฉลิมพระเกียรติ ร.9,2,09:00-17:00,0,0,1
ปากซอยเฉลิมพระเกียรติ ร.9 39,เฉลิมพระเกียรติ ร.9,2,17:00-19:00,0,0,1
ปากซอยเชื่อมสัมพันธ์ 13,เชื่อมสัมพันธ์,1,07:00-09:00,0,0,1
ปากซอยเชื่อมสัมพันธ์ 13,เชื่อมสัมพันธ์,1,09:00-17:00,0,0,1
ปากซอยเชื่อมสัมพันธ์ 13,เชื่อมสัมพันธ์,1,17:00-19:00,0,0,1
ปากซอยเทพรักษ์ 25,เทพรักษ์,1,07:00-09:00,0,0,1
ปากซอยเทพรักษ์ 25,เทพรักษ์,1,09:00-17:00,0,0,1
ปากซอยเทพรักษ์ 25,เทพรักษ์,1,17:00-19:00,0,0,1
ปากซอยเทพรักษ์ 42,เทพรักษ์,1,07:00-09:00,0,0,1
ปากซอยเทพรักษ์ 42,เทพรักษ์,1,09:00-17:00,0,0,1
ปากซอยเทพรักษ์ 42,เทพรักษ์,1,17:00-19:00,0,0,1
ปากซอยเทียนทะเล 20,เทียนทะเล,2,07:00-09:00,0,0,1
ปากซอยเทียนทะเล 20,เทียนทะเล,2,09:00-17:00,0,0,1
ปากซอยเทียนทะเล 20,เทียนทะเล,2,17:00-19:00,0,0,1
ปากซอยเทียนทะเล 20,เทียนทะเล 20,2,07:00-09:00,0,0,1
ปากซอยเทียนทะเล 20,เทียนทะเล 20,2,09:00-17:00,0,0,1
ปากซอยเทียนทะเล 20,เทียนทะเล 20,2,17:00-19:00,0,0,1
ปากซอยเทียนทะเล 7,เทียนทะเล,2,07:00-09:00,0,0,1
ปากซอยเทียนทะเล 7,เทียนทะเล,2,09:00-17:00,0,0,1
ปากซอยเทียนทะเล 7,เทียนทะเล,2,17:00-19:00,0,0,1
ปากซอยเทียนทะเล 7,เทียนทะเล 7,2,07:00-09:00,0,0,1
ปากซอยเทียนทะเล 7,เทียนทะเล 7,2,09:00-17:00,0,0,1
ปากซอยเทียนทะเล 7,เทียนทะเล 7,2,17:00-19:00,0,0,1
ปากซอยเทียนทะเล 9/1,บางขุนเทียนชายทะเล,1,07:00-09:00,0,0,1
ปากซอยเทียนทะเล 9/1,บางขุนเทียนชายทะเล,1,09:00-16:00,0,0,1
ปากซอยเทียนทะเล 9/1,บางขุนเทียนชายทะเล,1,16:00-19:00,0,0,1
ปากซอยเทียนทะเล 9/1,เทียนทะเล 9/1,1,07:00-09:00,0,0,1
ปากซอยเทียนทะเล 9/1,เทียนทะเล 9/1,1,09:00-16:00,0,0,1
ปากซอยเทียนทะเล 9/1,เทียนทะเล 9/1,1,16:00-19:00,0,0,1
ปากซอยเบญจพร 2,พรานนก - พุทธมณฑลสาย 4,1,07:00-09:00,1,0,0
ปากซอยเบญจพร 2,พรานนก - พุทธมณฑลสาย 4,1,09:00-16:00,1,0,0
ปากซอยเบญจพร 2,พรานนก - พุทธมณฑลสาย 4,1,16:00-19:00,1,0,0
ปากซอยเพชรเกษม 11,เพชรเกษม,3,07:00-09:00,0,1,0
ปากซอยเพชรเกษม 11,เพชรเกษม,3,09:00-16:00,0,1,0
ปากซอยเพชรเกษม 11,เพชรเกษม,3,16:00-19:00,0,1,0
ปากซอยเพชรเกษม 110,เพชรเกษม,2,07:00-09:00,0,0,1
ปากซอยเพชรเกษม 110,เพชรเกษม,2,09:00-17:00,0,0,1
ปากซอยเพชรเกษม 110,เพชรเกษม,2,17:00-19:00,0,0,1
ปากซอยเพชรเกษม 110,เพชรเกษม 110,2,07:00-09:00,0,0,1
ปากซอยเพชรเกษม 110,เพชรเกษม 110,2,09:00-17:00,0,0,1
ปากซอยเพชรเกษม 110,เพชรเกษม 110,2,17:00-19:00,0,0,1
ปากซอยเพชรเกษม 15,เพชรเกษม,2,07:00-09:00,0,0,1
ปากซอยเพชรเกษม 15,เพชรเกษม,2,09:00-17:00,0,0,1
ปากซอยเพชรเกษม 15,เพชรเกษม,2,17:00-19:00,0,0,1
ปากซอยเพชรเกษม 15,เพชรเกษม,3,06:30-09:00,0,1,0
ปากซอยเพชรเกษม 15,เพชรเกษม,3,09:00-16:00,0,1,0
ปากซอยเพชรเกษม 15,เพชรเกษม,3,16:00-19:30,0,1,0
ปากซอยเพชรเกษม 16,เพชรเกษม,2,07:00-09:00,0,0,1
ปากซอยเพชรเกษม 16,เพชรเกษม,2,09:00-17:00,0,0,1
ปากซอยเพชรเกษม 16,เพชรเกษม,2,17:00-19:00,0,0,1
ปากซอยเพชรเกษม 16,เพชรเกษม 16,2,07:00-09:00,0,0,1
ปากซอยเพชรเกษม 16,เพชรเกษม 16,2,09:00-17:00,0,0,1
ปากซอยเพชรเกษม 16,เพชรเกษม 16,2,17:00-19:00,0,0,1
ปากซอยเลียบคลองภาษีเจริญฝั่งใต้ 2/1,เลียบคลองภาษีเจริญฝั่งใต้,1,07:00-09:00,0,0,1
ปากซอยเลียบคลองภาษีเจริญฝั่งใต้ 2/1,เลียบคลองภาษีเจริญฝั่งใต้,1,09:00-17:00,0,0,1
ปากซอยเลียบคลองภาษีเจริญฝั่งใต้ 2/1,เลียบคลองภาษีเจริญฝั่งใต้,1,17:00-19:00,0,0,1
ปากซอยเลียบคลองภาษีเจริญฝั่งใต้ 6,เลียบคลองภาษีเจริญฝั่งใต้,1,07:00-09:00,0,0,1
ปากซอยเลียบคลองภาษีเจริญฝั่งใต้ 6,เลียบคลองภาษีเจริญฝั่งใต้,1,09:00-17:00,0,0,1
ปากซอยเลียบคลองภาษีเจริญฝั่งใต้ 6,เลียบคลองภาษีเจริญฝั่งใต้,1,17:00-19:00,0,0,1
ปากซอยเลียบคลองสอง 19,เลียบคลองสอง,2,07:00-09:00,0,0,1
ปากซอยเลียบคลองสอง 19,เลียบคลองสอง,2,09:00-16:00,0,0,1
ปากซอยเลียบคลองสอง 19,เลียบคลองสอง,2,16:00-19:00,0,0,1
ปากซอยเลียบคลองสอง 28,เลียบคลองสอง,4,07:00-09:00,0,0,1
ปากซอยเลียบคลองสอง 28,เลียบคลองสอง,4,09:00-17:00,0,0,1
ปากซอยเลียบคลองสอง 28,เลียบคลองสอง,4,17:00-19:00,0,0,1
ปากซอยเลียบวารี 11,เลียบวารี,4,07:00-09:00,0,0,1
ปากซอยเลียบวารี 11,เลียบวารี,4,09:00-17:00,0,0,1
ปากซอยเลียบวารี 11,เลียบวารี,4,17:00-19:00,0,0,1
ปากซอยเลียบวารี 29,เลียบวารี,2,07:00-09:00,0,0,1
ปากซอยเลียบวารี 29,เลียบวารี,2,09:00-17:00,0,0,1
ปากซอยเลียบวารี 29,เลียบวารี,2,17:00-19:00,0,0,1
ปากซอยเลียบวารี 55,เลียบวารี,4,07:00-09:00,0,0,1
ปากซอยเลียบวารี 55,เลียบวารี,4,09:00-17:00,0,0,1
ปากซอยเลียบวารี 55,เลียบวารี,4,17:00-19:00,0,0,1
ปากซอยเลียบวารี 59,เลียบวารี,2,07:00-09:00,0,0,1
ปากซอยเลียบวารี 59,เลียบวารี,2,09:00-17:00,0,0,1
ปากซอยเลียบวารี 59,เลียบวารี,2,17:00-19:00,0,0,1
ปากซอยเลียบวารี 59 - 61,เลียบวารี,1,07:00-09:00,1,0,0
ปากซอยเลียบวารี 59 - 61,เลียบวารี,1,09:00-16:00,1,0,0
ปากซอยเลียบวารี 59 - 61,เลียบวารี,1,16:00-19:00,1,0,0
ปากซอยเวชคาม,ประชาชื่น,3,06:30-09:00,1,0,0
ปากซอยเวชคาม,ประชาชื่น,3,09:00-16:00,1,0,0
ปากซอยเวชคาม,ประชาชื่น,3,16:00-19:30,1,0,0
ปากซอยเสรีไทย 23,เสรีไทย,4,07:00-09:00,0,0,1
ปากซอยเสรีไทย 23,เสรีไทย,4,09:00-17:00,0,0,1
ปากซอยเสรีไทย 23,เสรีไทย,4,17:00-19:00,0,0,1
ปากซอยเสรีไทย 68,ซอย เสรีไทย 68,3,07:00-09:00,1,0,0
ปากซอยเสรีไทย 68,ซอย เสรีไทย 68,3,09:00-16:00,1,0,0
ปากซอยเสรีไทย 68,ซอย เสรีไทย 68,3,16:00-19:00,1,0,0
ปากซอยเสรีไทย 68,เสรีไทย,3,07:00-09:00,1,0,0
ปากซอยเสรีไทย 68,เสรีไทย,3,09:00-16:00,1,0,0
ปากซอยเสรีไทย 68,เสรีไทย,3,16:00-19:00,1,0,0
ปากซอยเสร็ไทย 68,เสรีไทย,3,06:30-09:00,1,0,0
ปากซอยเสร็ไทย 68,เสรีไทย,3,09:00-16:00,1,0,0
ปากซอยเสร็ไทย 68,เสรีไทย,3,16:00-19:30,1,0,0
ปากซอยเอกชัย 64/5,เอกชัย,1,07:00-09:00,0,0,1
ปากซอยเอกชัย 64/5,เอกชัย,1,09:00-17:00,0,0,1
ปากซอยเอกชัย 64/5,เอกชัย,1,17:00-19:00,0,0,1
ปากซอยเอกชัย 64/5,เอกชัย 64/5,1,07:00-09:00,0,0,1
ปากซอยเอกชัย 64/5,เอกชัย 64/5,1,09:00-17:00,0,0,1
ปากซอยเอกชัย 64/5,เอกชัย 64/5,1,17:00-19:00,0,0,1
ปากซอยแจ้งวัฒนะ 10,แจ้งวัฒนะ,2,07:00-09:00,0,0,1
ปากซอยแจ้งวัฒนะ 10,แจ้งวัฒนะ,2,09:00-17:00,0,0,1
ปากซอยแจ้งวัฒนะ 10,แจ้งวัฒนะ,2,17:00-19:00,0,0,1
ปากซอยแจ้งวัฒนะ 10,แจ้งวัฒนะ 10,2,07:00-09:00,0,0,1
ปากซอยแจ้งวัฒนะ 10,แจ้งวัฒนะ 10,2,09:00-17:00,0,0,1
ปากซอยแจ้งวัฒนะ 10,แจ้งวัฒนะ 10,2,17:00-19:00,0,0,1
ปากซอยแจ้งวัฒนะ 13,แจ้งวัฒนะ,3,06:30-09:00,1,0,0
ปากซอยแจ้งวัฒนะ 13,แจ้งวัฒนะ,3,09:00-16:00,1,0,0
ปากซอยแจ้งวัฒนะ 13,แจ้งวัฒนะ,3,16:00-19:30,1,0,0
ปากซอยแจ้งวัฒนะ 7,ซอยแจ้งวัฒนะ 7,1,07:00-09:00,1,0,0
ปากซอยแจ้งวัฒนะ 7,ซอยแจ้งวัฒนะ 7,1,09:00-16:00,1,0,0
ปากซอยแจ้งวัฒนะ 7,ซอยแจ้งวัฒนะ 7,1,16:00-19:00,1,0,0
ปากซอยแจ้งวัฒนะ 7,แจ้งวัฒนะ,1,07:00-09:00,1,0,0
ปากซอยแจ้งวัฒนะ 7,แจ้งวัฒนะ,1,09:00-16:00,1,0,0
ปากซอยแจ้งวัฒนะ 7,แจ้งวัฒนะ,1,16:00-19:00,1,0,0
ปากซอยแม้นศรี 2,บำรุงเมือง,3,07:00-09:00,0,1,0
ปากซอยแม้นศรี 2,บำรุงเมือง,3,09:00-16:00,0,1,0
ปากซอยแม้นศรี 2,บำรุงเมือง,3,16:00-19:00,0,1,0
ปากซอยโรงงานยาสูบ,ซอยโรงงานยาสูบ,4,07:00-09:00,1,0,0
ปากซอยโรงงานยาสูบ,ซอยโรงงานยาสูบ,4,09:00-16:00,1,0,0
ปากซอยโรงงานยาสูบ,ซอยโรงงานยาสูบ,4,16:00-19:00,1,0,0
ปากซอยโรงงานยาสูบ,พระรามที่ 4,4,07:00-09:00,1,0,0
ปากซอยโรงงานยาสูบ,พระรามที่ 4,4,09:00-16:00,1,0,0
ปากซอยโรงงานยาสูบ,พระรามที่ 4,4,16:00-19:00,1,0,0
ปากทางลาดพร้าว,พหลโยธิน,1,07:00-09:00,0,0,1
ปากทางลาดพร้าว,พหลโยธิน,1,09:00-16:00,0,0,1
ปากทางลาดพร้าว,พหลโยธิน,1,16:00-19:00,0,0,1
ปากทางลาดพร้าว,พหลโยธิน,3,07:00-09:00,1,0,0
ปากทางลาดพร้าว,พหลโยธิน,3,09:00-16:00,1,0,0
ปากทางลาดพร้าว,พหลโยธิน,3,16:00-19:00,1,0,0
ปากทางลาดพร้าว,พหลโยธิน,4,07:00-09:00,0,1,0
ปากทางลาดพร้าว,พหลโยธิน,4,09:00-16:00,0,1,0
ปากทางลาดพร้าว,พหลโยธิน,4,16:00-19:00,0,1,0
ปากทางลาดพร้าว,ลาดพร้าว,1,07:00-09:00,0,0,1
ปากทางลาดพร้าว,ลาดพร้าว,1,09:00-16:00,0,0,1
ปากทางลาดพร้าว,ลาดพร้าว,1,16:00-19:00,0,0,1
ปากทางลาดพร้าว,ลาดพร้าว,3,07:00-09:00,1,0,0
ปากทางลาดพร้าว,ลาดพร้าว,3,09:00-16:00,1,0,0
ปากทางลาดพร้าว,ลาดพร้าว,3,16:00-19:00,1,0,0
ปากทางลาดพร้าว,ลาดพร้าว,4,07:00-09:00,0,1,0
ปากทางลาดพร้าว,ลาดพร้าว,4,09:00-16:00,0,1,0
ปากทางลาดพร้าว,ลาดพร้าว,4,16:00-19:00,0,1,0
ปากทางเข้าแฟลตทหารเรือ,สุขสวัสดิ์ 26,3,07:00-09:00,0,0,1
ปากทางเข้าแฟลตทหารเรือ,สุขสวัสดิ์ 26,3,09:00-17:00,0,0,1
ปากทางเข้าแฟลตทหารเรือ,สุขสวัสดิ์ 26,3,17:00-19:00,0,0,1
ปุณวิถี,ซอยสุขุมวิท 101,1,07:00-09:00,1,0,0
ปุณวิถี,ซอยสุขุมวิท 101,1,09:00-16:00,1,0,0
ปุณวิถี,ซอยสุขุมวิท 101,1,16:00-19:00,1,0,0
ปุณวิถี,สุขุมวิท,1,07:00-09:00,1,0,0
ปุณวิถี,สุขุมวิท,1,09:00-16:00,1,0,0
ปุณวิถี,สุขุมวิท,1,16:00-19:00,1,0,0
ปุณวิถี,สุขุมวิท,2,07:00-09:00,0,0,1
ปุณวิถี,สุขุมวิท,2,09:00-16:00,0,0,1
ปุณวิถี,สุขุมวิท,2,16:00-19:00,0,0,1
ปุณวิถี,สุขุมวิท,4,07:00-09:00,0,0,1
ปุณวิถี,สุขุมวิท,4,09:00-17:00,0,0,1
ปุณวิถี,สุขุมวิท,4,17:00-19:00,0,0,1
ปุณวิถี,สุขุมวิท 101,2,07:00-09:00,0,0,1
ปุณวิถี,สุขุมวิท 101,2,09:00-16:00,0,0,1
ปุณวิถี,สุขุมวิท 101,2,16:00-19:00,0,0,1
ปุณวิถี,สุขุมวิท 101/1,4,07:00-09:00,0,0,1
ปุณวิถี,สุขุมวิท 101/1,4,09:00-17:00,0,0,1
ปุณวิถี,สุขุมวิท 101/1,4,17:00-19:00,0,0,1
ป้อมมหากาฬ,พระสุเมรุ,3,06:30-09:00,0,1,0
ป้อมมหากาฬ,พระสุเมรุ,3,07:00-09:00,0,0,1
ป้อมมหากาฬ,พระสุเมรุ,3,09:00-16:00,0,1,1
ป้อมมหากาฬ,พระสุเมรุ,3,16:00-19:00,0,0,1
ป้อมมหากาฬ,พระสุเมรุ,3,16:00-19:30,0,1,0
ป้อมมหากาฬ,พระสุเมรุ,4,07:00-09:00,1,0,0
ป้อมมหากาฬ,พระสุเมรุ,4,09:00-16:00,1,0,0
ป้อมมหากาฬ,พระสุเมรุ,4,16:00-19:00,1,0,0
ป้อมมหากาฬ,มหาไชย,3,07:00-09:00,0,1,1
ป้อมมหากาฬ,มหาไชย,3,09:00-16:00,0,1,1
ป้อมมหากาฬ,มหาไชย,3,16:00-19:00,0,1,1
ป้อมมหากาฬ,มหาไชย,4,07:00-09:00,1,0,0
ป้อมมหากาฬ,มหาไชย,4,09:00-16:00,1,0,0
ป้อมมหากาฬ,มหาไชย,4,16:00-19:00,1,0,0
ป้อมมหากาฬ,ราชดำเนินกลาง,3,06:30-09:00,0,1,0
ป้อมมหากาฬ,ราชดำเนินกลาง,3,07:00-09:00,0,0,1
ป้อมมหากาฬ,ราชดำเนินกลาง,3,09:00-16:00,0,1,1
ป้อมมหากาฬ,ราชดำเนินกลาง,3,16:00-19:00,0,0,1
ป้อมมหากาฬ,ราชดำเนินกลาง,3,16:00-19:30,0,1,0
ป้อมมหากาฬ,ราชดำเนินกลาง,4,07:00-09:00,1,0,0
ป้อมมหากาฬ,ราชดำเนินกลาง,4,09:00-16:00,1,0,0
ป้อมมหากาฬ,ราชดำเนินกลาง,4,16:00-19:00,1,0,0
ป้อมเผด็จ,ถนนราชดำเนินใน,4,07:00-09:00,0,0,1
ป้อมเผด็จ,ถนนราชดำเนินใน,4,09:00-17:00,0,0,1
ป้อมเผด็จ,ถนนราชดำเนินใน,4,17:00-19:00,0,0,1
ป้อมเผด็จ,ถนนสนามไชย,4,07:00-09:00,0,0,1
ป้อมเผด็จ,ถนนสนามไชย,4,09:00-17:00,0,0,1
ป้อมเผด็จ,ถนนสนามไชย,4,17:00-19:00,0,0,1
ป้อมเผด็จ,ถนนหน้าพระลาน,4,07:00-09:00,0,0,1
ป้อมเผด็จ,ถนนหน้าพระลาน,4,09:00-17:00,0,0,1
ป้อมเผด็จ,ถนนหน้าพระลาน,4,17:00-19:00,0,0,1
ป้อมเผด็จ,ถนนหลักเมือง,4,07:00-09:00,0,0,1
ป้อมเผด็จ,ถนนหลักเมือง,4,09:00-17:00,0,0,1
ป้อมเผด็จ,ถนนหลักเมือง,4,17:00-19:00,0,0,1
ป้อมเผด็จ,ราชดำเนิน,2,07:00-09:00,0,1,0
ป้อมเผด็จ,ราชดำเนิน,2,09:00-16:00,0,1,0
ป้อมเผด็จ,ราชดำเนิน,2,16:00-19:00,0,1,0
ป้อมเผด็จ,ราชดำเนินใน,1,06:30-09:00,1,0,0
ป้อมเผด็จ,ราชดำเนินใน,1,07:00-09:00,0,1,0
ป้อมเผด็จ,ราชดำเนินใน,1,09:00-16:00,1,1,0
ป้อมเผด็จ,ราชดำเนินใน,1,16:00-19:00,0,1,0
ป้อมเผด็จ,ราชดำเนินใน,1,16:00-19:30,1,0,0
ป้อมเผด็จ,สนามไชย,1,06:30-09:00,1,0,0
ป้อมเผด็จ,สนามไชย,1,07:00-09:00,0,1,0
ป้อมเผด็จ,สนามไชย,1,09:00-16:00,1,1,0
ป้อมเผด็จ,สนามไชย,1,16:00-19:00,0,1,0
ป้อมเผด็จ,สนามไชย,1,16:00-19:30,1,0,0
ป้อมเผด็จ,สนามไชย,2,07:00-09:00,0,1,0
ป้อมเผด็จ,สนามไชย,2,09:00-16:00,0,1,0
ป้อมเผด็จ,สนามไชย,2,16:00-19:00,0,1,0
ป้อมเผด็จ,หน้าพระลาน,1,07:00-09:00,1,1,0
ป้อมเผด็จ,หน้าพระลาน,1,09:00-16:00,1,1,0
ป้อมเผด็จ,หน้าพระลาน,1,16:00-19:00,1,1,0
ป้อมเผด็จ,หลักเมือง,1,07:00-09:00,1,1,0
ป้อมเผด็จ,หลักเมือง,1,09:00-16:00,1,1,0
ป้อมเผด็จ,หลักเมือง,1,16:00-19:00,1,1,0
ป้อมเผด็จ,หลักเมือง,2,07:00-09:00,0,1,0
ป้อมเผด็จ,หลักเมือง,2,09:00-16:00,0,1,0
ป้อมเผด็จ,หลักเมือง,2,16:00-19:00,0,1,0
ผดุงพันธ์,ผดุงพันธ์,3,07:00-09:00,0,0,1
ผดุงพันธ์,ผดุงพันธ์,3,09:00-16:00,0,0,1
ผดุงพันธ์,ผดุงพันธ์,3,16:00-19:00,0,0,1
ผดุงพันธ์ - บุรีภิรมย์,บุรีภิรมณ์ 1,4,07:00-09:00,0,0,1
ผดุงพันธ์ - บุรีภิรมย์,บุรีภิรมณ์ 1,4,09:00-17:00,0,0,1
ผดุงพันธ์ - บุรีภิรมย์,บุรีภิรมณ์ 1,4,17:00-19:00,0,0,1
ผดุงพันธ์ - บุรีภิรมย์,ผดุงพันธ์ (SB),4,07:00-09:00,0,0,1
ผดุงพันธ์ - บุรีภิรมย์,ผดุงพันธ์ (SB),4,09:00-17:00,0,0,1
ผดุงพันธ์ - บุรีภิรมย์,ผดุงพันธ์ (SB),4,17:00-19:00,0,0,1
ผดุงพันธ์ - บุรีภิรมย์,ผดุงพันธ์ (WB),4,07:00-09:00,0,0,1
ผดุงพันธ์ - บุรีภิรมย์,ผดุงพันธ์ (WB),4,09:00-17:00,0,0,1
ผดุงพันธ์ - บุรีภิรมย์,ผดุงพันธ์ (WB),4,17:00-19:00,0,0,1
ผดุงพันธ์ - ยังพัธนา,ผดุงพันธ์,4,07:00-09:00,0,0,1
ผดุงพันธ์ - ยังพัธนา,ผดุงพันธ์,4,09:00-17:00,0,0,1
ผดุงพันธ์ - ยังพัธนา,ผดุงพันธ์,4,17:00-19:00,0,0,1
ผดุงพันธ์ - ยังพัธนา,ยังพัธนา,4,07:00-09:00,0,0,1
ผดุงพันธ์ - ยังพัธนา,ยังพัธนา,4,09:00-17:00,0,0,1
ผดุงพันธ์ - ยังพัธนา,ยังพัธนา,4,17:00-19:00,0,0,1
ผลาสินธุ์ - ทางเข้าออกแฟลต ทบ.ส่วนกลางบางเขน,ทางเข้าออกแฟลต ทบ.ส่วนกลางบางเขน,1,07:00-09:00,0,0,1
ผลาสินธุ์ - ทางเข้าออกแฟลต ทบ.ส่วนกลางบางเขน,ทางเข้าออกแฟลต ทบ.ส่วนกลางบางเขน,1,09:00-17:00,0,0,1
ผลาสินธุ์ - ทางเข้าออกแฟลต ทบ.ส่วนกลางบางเขน,ทางเข้าออกแฟลต ทบ.ส่วนกลางบางเขน,1,17:00-19:00,0,0,1
ผลาสินธุ์ - ทางเข้าออกแฟลต ทบ.ส่วนกลางบางเขน,ผลาสินธุ์,1,07:00-09:00,0,0,1
ผลาสินธุ์ - ทางเข้าออกแฟลต ทบ.ส่วนกลางบางเขน,ผลาสินธุ์,1,09:00-17:00,0,0,1
ผลาสินธุ์ - ทางเข้าออกแฟลต ทบ.ส่วนกลางบางเขน,ผลาสินธุ์,1,17:00-19:00,0,0,1
ผังเมือง,ถนนพระราม 9,4,07:00-09:00,0,0,1
ผังเมือง,ถนนพระราม 9,4,09:00-17:00,0,0,1
ผังเมือง,ถนนพระราม 9,4,17:00-19:00,0,0,1
ผังเมือง,พระราม 9,2,07:00-09:00,0,0,1
ผังเมือง,พระราม 9,2,09:00-16:00,0,0,1
ผังเมือง,พระราม 9,2,16:00-19:00,0,0,1
ผังเมือง,พระราม 9,3,07:00-09:00,0,1,0
ผังเมือง,พระราม 9,3,09:00-16:00,0,1,0
ผังเมือง,พระราม 9,3,16:00-19:00,0,1,0
ผังเมือง,พระราม 9,4,07:00-09:00,1,0,0
ผังเมือง,พระราม 9,4,09:00-16:00,1,0,0
ผังเมือง,พระราม 9,4,16:00-19:00,1,0,0
ผังเมือง,พระราม 9 ซ.6 / รอยัลซิตี้อเวนิว,4,07:00-09:00,0,0,1
ผังเมือง,พระราม 9 ซ.6 / รอยัลซิตี้อเวนิว,4,09:00-17:00,0,0,1
ผังเมือง,พระราม 9 ซ.6 / รอยัลซิตี้อเวนิว,4,17:00-19:00,0,0,1
ผังเมือง,รอยัลซิติ้อเวนิว,4,07:00-09:00,1,0,0
ผังเมือง,รอยัลซิติ้อเวนิว,4,09:00-16:00,1,0,0
ผังเมือง,รอยัลซิติ้อเวนิว,4,16:00-19:00,1,0,0
ผังเมือง,รอยัลซิตี้อเวนิว,2,07:00-09:00,0,0,1
ผังเมือง,รอยัลซิตี้อเวนิว,2,09:00-16:00,0,0,1
ผังเมือง,รอยัลซิตี้อเวนิว,2,16:00-19:00,0,0,1
ผังเมือง,รอยัลซีตี้อเวนิว,3,07:00-09:00,0,1,0
ผังเมือง,รอยัลซีตี้อเวนิว,3,09:00-16:00,0,1,0
ผังเมือง,รอยัลซีตี้อเวนิว,3,16:00-19:00,0,1,0
ผังเมือง,วัฒนธรรม,2,07:00-09:00,0,0,1
ผังเมือง,วัฒนธรรม,2,09:00-16:00,0,0,1
ผังเมือง,วัฒนธรรม,2,16:00-19:00,0,0,1
ผังเมือง,วัฒนธรรม,3,07:00-09:00,0,1,0
ผังเมือง,วัฒนธรรม,3,09:00-16:00,0,1,0
ผังเมือง,วัฒนธรรม,3,16:00-19:00,0,1,0
ผังเมือง,วัฒนธรรม,4,07:00-09:00,1,0,1
ผังเมือง,วัฒนธรรม,4,09:00-16:00,1,0,0
ผังเมือง,วัฒนธรรม,4,09:00-17:00,0,0,1
ผังเมือง,วัฒนธรรม,4,16:00-19:00,1,0,0
ผังเมือง,วัฒนธรรม,4,17:00-19:00,0,0,1
ผ่องพลอย,ลาซาล,3,07:00-09:00,0,0,2
ผ่องพลอย,ลาซาล,3,09:00-17:00,0,0,2
ผ่องพลอย,ลาซาล,3,17:00-19:00,0,0,2
ผ่องพลอย,ลาซาล 46,2,06:30-09:00,0,1,0
ผ่องพลอย,ลาซาล 46,2,09:00-16:00,0,1,0
ผ่องพลอย,ลาซาล 46,2,16:00-19:30,0,1,0
ผ่องพลอย,ลาซาล 46,3,07:00-09:00,0,0,2
ผ่องพลอย,ลาซาล 46,3,09:00-17:00,0,0,2
ผ่องพลอย,ลาซาล 46,3,17:00-19:00,0,0,2
ผ่องพลอย,ลาซาล 55,2,07:00-09:00,0,1,0
ผ่องพลอย,ลาซาล 55,2,09:00-16:00,0,1,0
ผ่องพลอย,ลาซาล 55,2,16:00-19:00,0,1,0
ผ่องพลอย,ลาซาล 55,3,07:00-09:00,0,0,2
ผ่องพลอย,ลาซาล 55,3,09:00-17:00,0,0,2
ผ่องพลอย,ลาซาล 55,3,17:00-19:00,0,0,2
ผ่องพลอย,ลาซาล(สุขุมวิท 105),2,07:00-09:00,0,1,0
ผ่องพลอย,ลาซาล(สุขุมวิท 105),2,09:00-16:00,0,1,0
ผ่องพลอย,ลาซาล(สุขุมวิท 105),2,16:00-19:00,0,1,0
ผ่านพิภพ,จักรพงษ์,1,07:00-09:00,1,0,0
ผ่านพิภพ,จักรพงษ์,1,09:00-16:00,1,0,0
ผ่านพิภพ,จักรพงษ์,1,16:00-19:00,1,0,0
ผ่านพิภพ,ราชดำเนินกลาง,1,07:00-09:00,1,0,0
ผ่านพิภพ,ราชดำเนินกลาง,1,09:00-16:00,1,0,0
ผ่านพิภพ,ราชดำเนินกลาง,1,16:00-19:00,1,0,0
ผ่านพิภพ,ราชดำเนินใน,1,07:00-09:00,1,0,0
ผ่านพิภพ,ราชดำเนินใน,1,09:00-16:00,1,0,0
ผ่านพิภพ,ราชดำเนินใน,1,16:00-19:00,1,0,0
ผ่านพิภพ,สมเด็จพระปิ่นเกล้า,1,07:00-09:00,1,0,0
ผ่านพิภพ,สมเด็จพระปิ่นเกล้า,1,09:00-16:00,1,0,0
ผ่านพิภพ,สมเด็จพระปิ่นเกล้า,1,16:00-19:00,1,0,0
ผ่านพิภพลีลา,จักรพงษ์,1,07:00-09:00,0,1,0
ผ่านพิภพลีลา,จักรพงษ์,1,09:00-16:00,0,1,0
ผ่านพิภพลีลา,จักรพงษ์,1,16:00-19:00,0,1,0
ผ่านพิภพลีลา,จักรพงษ์,3,07:00-09:00,0,0,1
ผ่านพิภพลีลา,จักรพงษ์,3,09:00-16:00,0,0,1
ผ่านพิภพลีลา,จักรพงษ์,3,16:00-19:00,0,0,1
ผ่านพิภพลีลา,ราชดำเนินกลาง,1,07:00-09:00,0,1,0
ผ่านพิภพลีลา,ราชดำเนินกลาง,1,09:00-16:00,0,1,0
ผ่านพิภพลีลา,ราชดำเนินกลาง,1,16:00-19:00,0,1,0
ผ่านพิภพลีลา,ราชดำเนินกลาง,3,07:00-09:00,0,0,1
ผ่านพิภพลีลา,ราชดำเนินกลาง,3,09:00-16:00,0,0,1
ผ่านพิภพลีลา,ราชดำเนินกลาง,3,16:00-19:00,0,0,1
ผ่านพิภพลีลา,ราชดำเนินใน,1,07:00-09:00,0,1,0
ผ่านพิภพลีลา,ราชดำเนินใน,1,09:00-16:00,0,1,0
ผ่านพิภพลีลา,ราชดำเนินใน,1,16:00-19:00,0,1,0
ผ่านพิภพลีลา,ราชดำเนินใน,3,07:00-09:00,0,0,1
ผ่านพิภพลีลา,ราชดำเนินใน,3,09:00-16:00,0,0,1
ผ่านพิภพลีลา,ราชดำเนินใน,3,16:00-19:00,0,0,1
ผ่านพิภพลีลา,สมเด็จพระปิ่นเกล้า,1,07:00-09:00,0,1,0
ผ่านพิภพลีลา,สมเด็จพระปิ่นเกล้า,1,09:00-16:00,0,1,0
ผ่านพิภพลีลา,สมเด็จพระปิ่นเกล้า,1,16:00-19:00,0,1,0
ผ่านพิภพลีลา,สมเด็จพระปิ่นเกล้า,3,07:00-09:00,0,0,1
ผ่านพิภพลีลา,สมเด็จพระปิ่นเกล้า,3,09:00-16:00,0,0,1
ผ่านพิภพลีลา,สมเด็จพระปิ่นเกล้า,3,16:00-19:00,0,0,1
ผ่านฟ้า,นครสวรรค์,1,07:00-09:00,0,1,0
ผ่านฟ้า,นครสวรรค์,1,09:00-16:00,0,1,0
ผ่านฟ้า,นครสวรรค์,1,16:00-19:00,0,1,0
ผ่านฟ้า,นครสวรรค์,4,07:00-09:00,1,0,0
ผ่านฟ้า,นครสวรรค์,4,09:00-16:00,1,0,0
ผ่านฟ้า,นครสวรรค์,4,16:00-19:00,1,0,0
ผ่านฟ้า,บรพิตัร,1,07:00-09:00,0,1,0
ผ่านฟ้า,บรพิตัร,1,09:00-16:00,0,1,0
ผ่านฟ้า,บรพิตัร,1,16:00-19:00,0,1,0
ผ่านฟ้า,บริพัตร,4,07:00-09:00,1,0,0
ผ่านฟ้า,บริพัตร,4,09:00-16:00,1,0,0
ผ่านฟ้า,บริพัตร,4,16:00-19:00,1,0,0
ผ่านฟ้า,ปรินายก,1,07:00-09:00,0,1,0
ผ่านฟ้า,ปรินายก,1,09:00-16:00,0,1,0
ผ่านฟ้า,ปรินายก,1,16:00-19:00,0,1,0
ผ่านฟ้า,ปรินายก,4,07:00-09:00,1,0,0
ผ่านฟ้า,ปรินายก,4,09:00-16:00,1,0,0
ผ่านฟ้า,ปรินายก,4,16:00-19:00,1,0,0
ผ่านฟ้า,ราชดำเนินกลาง,1,07:00-09:00,0,1,0
ผ่านฟ้า,ราชดำเนินกลาง,1,09:00-16:00,0,1,0
ผ่านฟ้า,ราชดำเนินกลาง,1,16:00-19:00,0,1,0
ผ่านฟ้า,ราชดำเนินกลาง,4,07:00-09:00,1,0,0
ผ่านฟ้า,ราชดำเนินกลาง,4,09:00-16:00,1,0,0
ผ่านฟ้า,ราชดำเนินกลาง,4,16:00-19:00,1,0,0
ผ่านฟ้า,ราชดำเนินนอก,1,07:00-09:00,0,1,0
ผ่านฟ้า,ราชดำเนินนอก,1,09:00-16:00,0,1,0
ผ่านฟ้า,ราชดำเนินนอก,1,16:00-19:00,0,1,0
ผ่านฟ้า,ราชดำเนินนอก,4,07:00-09:00,1,0,0
ผ่านฟ้า,ราชดำเนินนอก,4,09:00-16:00,1,0,0
ผ่านฟ้า,ราชดำเนินนอก,4,16:00-19:00,1,0,0
ผ่านฟ้า,หลานหลวง,1,07:00-09:00,0,1,0
ผ่านฟ้า,หลานหลวง,1,09:00-16:00,0,1,0
ผ่านฟ้า,หลานหลวง,1,16:00-19:00,0,1,0
ผ่านฟ้า,หลานหลวง,4,07:00-09:00,1,0,0
ผ่านฟ้า,หลานหลวง,4,09:00-16:00,1,0,0
ผ่านฟ้า,หลานหลวง,4,16:00-19:00,1,0,0
ผ่านฟ้าลีลาศ,นครสวรรค์,2,07:00-09:00,0,0,1
ผ่านฟ้าลีลาศ,นครสวรรค์,2,09:00-17:00,0,0,1
ผ่านฟ้าลีลาศ,นครสวรรค์,2,17:00-19:00,0,0,1
ผ่านฟ้าลีลาศ,นครสวรรค์,4,07:00-09:00,0,0,1
ผ่านฟ้าลีลาศ,นครสวรรค์,4,09:00-17:00,0,0,1
ผ่านฟ้าลีลาศ,นครสวรรค์,4,17:00-19:00,0,0,1
ผ่านฟ้าลีลาศ,บริพัตร,2,07:00-09:00,0,0,1
ผ่านฟ้าลีลาศ,บริพัตร,2,09:00-17:00,0,0,1
ผ่านฟ้าลีลาศ,บริพัตร,2,17:00-19:00,0,0,1
ผ่านฟ้าลีลาศ,บริพัตร,4,07:00-09:00,0,0,1
ผ่านฟ้าลีลาศ,บริพัตร,4,09:00-17:00,0,0,1
ผ่านฟ้าลีลาศ,บริพัตร,4,17:00-19:00,0,0,1
ผ่านฟ้าลีลาศ,ปรินายก,2,07:00-09:00,0,0,1
ผ่านฟ้าลีลาศ,ปรินายก,2,09:00-17:00,0,0,1
ผ่านฟ้าลีลาศ,ปรินายก,2,17:00-19:00,0,0,1
ผ่านฟ้าลีลาศ,ปรินายก,4,07:00-09:00,0,0,1
ผ่านฟ้าลีลาศ,ปรินายก,4,09:00-17:00,0,0,1
ผ่านฟ้าลีลาศ,ปรินายก,4,17:00-19:00,0,0,1
ผ่านฟ้าลีลาศ,ราชดำเนินกลาง,2,07:00-09:00,0,0,1
ผ่านฟ้าลีลาศ,ราชดำเนินกลาง,2,09:00-17:00,0,0,1
ผ่านฟ้าลีลาศ,ราชดำเนินกลาง,2,17:00-19:00,0,0,1
ผ่านฟ้าลีลาศ,ราชดำเนินกลาง,4,07:00-09:00,0,0,1
ผ่านฟ้าลีลาศ,ราชดำเนินกลาง,4,09:00-17:00,0,0,1
ผ่านฟ้าลีลาศ,ราชดำเนินกลาง,4,17:00-19:00,0,0,1
ผ่านฟ้าลีลาศ,ราชดำเนินนอก,2,07:00-09:00,0,0,1
ผ่านฟ้าลีลาศ,ราชดำเนินนอก,2,09:00-17:00,0,0,1
ผ่านฟ้าลีลาศ,ราชดำเนินนอก,2,17:00-19:00,0,0,1
ผ่านฟ้าลีลาศ,ราชดำเนินนอก,4,07:00-09:00,0,0,1
ผ่านฟ้าลีลาศ,ราชดำเนินนอก,4,09:00-17:00,0,0,1
ผ่านฟ้าลีลาศ,ราชดำเนินนอก,4,17:00-19:00,0,0,1
ผ่านฟ้าลีลาศ,หลานหลวง,2,07:00-09:00,0,0,1
ผ่านฟ้าลีลาศ,หลานหลวง,2,09:00-17:00,0,0,1
ผ่านฟ้าลีลาศ,หลานหลวง,2,17:00-19:00,0,0,1
ผ่านฟ้าลีลาศ,หลานหลวง,4,07:00-09:00,0,0,1
ผ่านฟ้าลีลาศ,หลานหลวง,4,09:00-17:00,0,0,1
ผ่านฟ้าลีลาศ,หลานหลวง,4,17:00-19:00,0,0,1
ผ่านภิภพลีลา,จักรพงษ์,3,07:00-09:00,0,0,1
ผ่านภิภพลีลา,จักรพงษ์,3,09:00-17:00,0,0,1
ผ่านภิภพลีลา,จักรพงษ์,3,17:00-19:00,0,0,1
ผ่านภิภพลีลา,ราชดำเนินกลาง,3,07:00-09:00,0,0,1
ผ่านภิภพลีลา,ราชดำเนินกลาง,3,09:00-17:00,0,0,1
ผ่านภิภพลีลา,ราชดำเนินกลาง,3,17:00-19:00,0,0,1
ผ่านภิภพลีลา,ราชดำเนินใน,3,07:00-09:00,0,0,1
ผ่านภิภพลีลา,ราชดำเนินใน,3,09:00-17:00,0,0,1
ผ่านภิภพลีลา,ราชดำเนินใน,3,17:00-19:00,0,0,1
ผ่านภิภพลีลา,สมเด็จพระปิ่นเกล้า,3,07:00-09:00,0,0,1
ผ่านภิภพลีลา,สมเด็จพระปิ่นเกล้า,3,09:00-17:00,0,0,1
ผ่านภิภพลีลา,สมเด็จพระปิ่นเกล้า,3,17:00-19:00,0,0,1
พงษ์พระราม,จารุเมือง,3,07:00-09:00,1,0,1
พงษ์พระราม,จารุเมือง,3,09:00-16:00,1,0,0
พงษ์พระราม,จารุเมือง,3,09:00-17:00,0,0,1
พงษ์พระราม,จารุเมือง,3,16:00-19:00,1,0,0
พงษ์พระราม,จารุเมือง,3,17:00-19:00,0,0,1
พงษ์พระราม,จารุเมือง,4,07:00-09:00,0,1,1
พงษ์พระราม,จารุเมือง,4,09:00-16:00,0,1,0
พงษ์พระราม,จารุเมือง,4,09:00-17:00,0,0,1
พงษ์พระราม,จารุเมือง,4,16:00-19:00,0,1,0
พงษ์พระราม,จารุเมือง,4,17:00-19:00,0,0,1
พงษ์พระราม,พระรามที่ 1,3,07:00-09:00,1,0,1
พงษ์พระราม,พระรามที่ 1,3,09:00-16:00,1,0,0
พงษ์พระราม,พระรามที่ 1,3,09:00-17:00,0,0,1
พงษ์พระราม,พระรามที่ 1,3,16:00-19:00,1,0,0
พงษ์พระราม,พระรามที่ 1,3,17:00-19:00,0,0,1
พงษ์พระราม,พระรามที่ 1,4,07:00-09:00,0,1,1
พงษ์พระราม,พระรามที่ 1,4,09:00-16:00,0,1,0
พงษ์พระราม,พระรามที่ 1,4,09:00-17:00,0,0,1
พงษ์พระราม,พระรามที่ 1,4,16:00-19:00,0,1,0
พงษ์พระราม,พระรามที่ 1,4,17:00-19:00,0,0,1
พงษ์เพชร,งามวงศ์วาน,2,06:30-09:00,1,0,0
พงษ์เพชร,งามวงศ์วาน,2,07:00-09:00,0,0,1
พงษ์เพชร,งามวงศ์วาน,2,09:00-16:00,1,0,0
พงษ์เพชร,งามวงศ์วาน,2,09:00-17:00,0,0,1
พงษ์เพชร,งามวงศ์วาน,2,16:00-19:30,1,0,0
พงษ์เพชร,งามวงศ์วาน,2,17:00-19:00,0,0,1
พงษ์เพชร,งามวงศ์วาน,3,07:00-09:00,0,1,1
พงษ์เพชร,งามวงศ์วาน,3,09:00-16:00,0,1,0
พงษ์เพชร,งามวงศ์วาน,3,09:00-17:00,0,0,1
พงษ์เพชร,งามวงศ์วาน,3,16:00-19:00,0,1,0
พงษ์เพชร,งามวงศ์วาน,3,17:00-19:00,0,0,1
พงษ์เพชร,งามวงศ์วาน,4,07:00-09:00,1,0,0
พงษ์เพชร,งามวงศ์วาน,4,09:00-16:00,1,0,0
พงษ์เพชร,งามวงศ์วาน,4,16:00-19:00,1,0,0
พงษ์เพชร,ประชาชื่น,2,06:30-09:00,1,0,0
พงษ์เพชร,ประชาชื่น,2,07:00-09:00,0,0,1
พงษ์เพชร,ประชาชื่น,2,09:00-16:00,1,0,0
พงษ์เพชร,ประชาชื่น,2,09:00-17:00,0,0,1
พงษ์เพชร,ประชาชื่น,2,16:00-19:30,1,0,0
พงษ์เพชร,ประชาชื่น,2,17:00-19:00,0,0,1
พงษ์เพชร,ประชาชื่น,3,07:00-09:00,0,1,1
พงษ์เพชร,ประชาชื่น,3,09:00-16:00,0,1,0
พงษ์เพชร,ประชาชื่น,3,09:00-17:00,0,0,1
พงษ์เพชร,ประชาชื่น,3,16:00-19:00,0,1,0
พงษ์เพชร,ประชาชื่น,3,17:00-19:00,0,0,1
พงษ์เพชร,ประชาชื่น,4,07:00-09:00,1,0,0
พงษ์เพชร,ประชาชื่น,4,09:00-16:00,1,0,0
พงษ์เพชร,ประชาชื่น,4,16:00-19:00,1,0,0
พญาไท,พญาไท,2,07:00-09:00,0,0,1
พญาไท,พญาไท,2,09:00-17:00,0,0,1
พญาไท,พญาไท,2,17:00-19:00,0,0,1
พญาไท,พญาไท,3,07:00-09:00,0,0,2
พญาไท,พญาไท,3,09:00-17:00,0,0,2
พญาไท,พญาไท,3,17:00-19:00,0,0,2
พญาไท,พญาไท,4,07:00-09:00,1,1,0
พญาไท,พญาไท,4,09:00-16:00,1,1,0
พญาไท,พญาไท,4,16:00-19:00,1,1,0
พญาไท,ศรีอยุธยา,2,07:00-09:00,0,0,1
พญาไท,ศรีอยุธยา,2,09:00-17:00,0,0,1
พญาไท,ศรีอยุธยา,2,17:00-19:00,0,0,1
พญาไท,ศรีอยุธยา,3,07:00-09:00,0,0,2
พญาไท,ศรีอยุธยา,3,09:00-17:00,0,0,2
พญาไท,ศรีอยุธยา,3,17:00-19:00,0,0,2
พญาไท,ศรีอยุธยา,4,07:00-09:00,1,1,0
พญาไท,ศรีอยุธยา,4,09:00-16:00,1,1,0
พญาไท,ศรีอยุธยา,4,16:00-19:00,1,1,0
พทุธมณฑลสาย 1 - บางแวก,บางแวก,4,07:00-09:00,0,1,0
พทุธมณฑลสาย 1 - บางแวก,บางแวก,4,09:00-16:00,0,1,0
พทุธมณฑลสาย 1 - บางแวก,บางแวก,4,16:00-19:00,0,1,0
พทุธมณฑลสาย 1 - บางแวก,พุทธมณฑลสาย 1,4,07:00-09:00,0,1,0
พทุธมณฑลสาย 1 - บางแวก,พุทธมณฑลสาย 1,4,09:00-16:00,0,1,0
พทุธมณฑลสาย 1 - บางแวก,พุทธมณฑลสาย 1,4,16:00-19:00,0,1,0
พระยาสุเรนทร์ - จตุโชติ,จตุโชติ,4,07:00-09:00,0,0,1
พระยาสุเรนทร์ - จตุโชติ,จตุโชติ,4,09:00-17:00,0,0,1
พระยาสุเรนทร์ - จตุโชติ,จตุโชติ,4,17:00-19:00,0,0,1
พระยาสุเรนทร์ - จตุโชติ,พระยาสุเรนทร์,4,07:00-09:00,0,0,1
พระยาสุเรนทร์ - จตุโชติ,พระยาสุเรนทร์,4,09:00-17:00,0,0,1
พระยาสุเรนทร์ - จตุโชติ,พระยาสุเรนทร์,4,17:00-19:00,0,0,1
พระราม 2 ซ.50 แยก 5,พระราม 2 ซ.50,2,07:00-09:00,0,0,1
พระราม 2 ซ.50 แยก 5,พระราม 2 ซ.50,2,09:00-17:00,0,0,1
พระราม 2 ซ.50 แยก 5,พระราม 2 ซ.50,2,17:00-19:00,0,0,1
พระราม 2 ซ.69 แยก 1,พระราม 2 ซอย 69,4,07:00-09:00,0,0,1
พระราม 2 ซ.69 แยก 1,พระราม 2 ซอย 69,4,09:00-17:00,0,0,1
พระราม 2 ซ.69 แยก 1,พระราม 2 ซอย 69,4,17:00-19:00,0,0,1
พระราม 2 ซ.69 แยก 1,พระราม 2 ซอย 69 แยก 1,4,07:00-09:00,0,0,1
พระราม 2 ซ.69 แยก 1,พระราม 2 ซอย 69 แยก 1,4,09:00-17:00,0,0,1
พระราม 2 ซ.69 แยก 1,พระราม 2 ซอย 69 แยก 1,4,17:00-19:00,0,0,1
พระราม 2 ซ.69 แยก 2,พระราม 2 ซอย 69,4,07:00-09:00,0,0,1
พระราม 2 ซ.69 แยก 2,พระราม 2 ซอย 69,4,09:00-17:00,0,0,1
พระราม 2 ซ.69 แยก 2,พระราม 2 ซอย 69,4,17:00-19:00,0,0,1
พระราม 2 ซ.69 แยก 2,พระราม 2 ซอย 69 แยก 2,4,07:00-09:00,0,0,1
พระราม 2 ซ.69 แยก 2,พระราม 2 ซอย 69 แยก 2,4,09:00-17:00,0,0,1
พระราม 2 ซ.69 แยก 2,พระราม 2 ซอย 69 แยก 2,4,17:00-19:00,0,0,1
พระราม 2 ซ.69 แยก 3,พระราม 2 ซอย 69,4,07:00-09:00,0,0,1
พระราม 2 ซ.69 แยก 3,พระราม 2 ซอย 69,4,09:00-17:00,0,0,1
พระราม 2 ซ.69 แยก 3,พระราม 2 ซอย 69,4,17:00-19:00,0,0,1
พระราม 2 ซ.69 แยก 3,พระราม 2 ซอย 69 แยก 3,4,07:00-09:00,0,0,1
พระราม 2 ซ.69 แยก 3,พระราม 2 ซอย 69 แยก 3,4,09:00-17:00,0,0,1
พระราม 2 ซ.69 แยก 3,พระราม 2 ซอย 69 แยก 3,4,17:00-19:00,0,0,1
พระราม 3 - รัชดา,พระรามที่ 3,3,07:00-09:00,0,0,1
พระราม 3 - รัชดา,พระรามที่ 3,3,09:00-17:00,0,0,1
พระราม 3 - รัชดา,พระรามที่ 3,3,17:00-19:00,0,0,1
พระราม 3 - รัชดา,รัชดาภิเษก,3,07:00-09:00,0,0,1
พระราม 3 - รัชดา,รัชดาภิเษก,3,09:00-17:00,0,0,1
พระราม 3 - รัชดา,รัชดาภิเษก,3,17:00-19:00,0,0,1
พระราม 3 -รัชดา,พระรามที่ 3,4,07:00-09:00,0,0,1
พระราม 3 -รัชดา,พระรามที่ 3,4,09:00-17:00,0,0,1
พระราม 3 -รัชดา,พระรามที่ 3,4,17:00-19:00,0,0,1
พระราม 3 -รัชดา,รัชดาภิเษก,4,07:00-09:00,0,0,1
พระราม 3 -รัชดา,รัชดาภิเษก,4,09:00-17:00,0,0,1
พระราม 3 -รัชดา,รัชดาภิเษก,4,17:00-19:00,0,0,1
พระราม 9,พระราม 9,1,07:00-09:00,1,0,1
พระราม 9,พระราม 9,1,09:00-16:00,1,0,0
พระราม 9,พระราม 9,1,09:00-17:00,0,0,1
พระราม 9,พระราม 9,1,16:00-19:00,1,0,0
พระราม 9,พระราม 9,1,17:00-19:00,0,0,1
พระราม 9,พระราม 9,3,07:00-09:00,0,0,1
พระราม 9,พระราม 9,3,09:00-17:00,0,0,1
พระราม 9,พระราม 9,3,17:00-19:00,0,0,1
พระราม 9,พระราม 9,4,07:00-09:00,1,2,0
พระราม 9,พระราม 9,4,09:00-16:00,1,2,0
พระราม 9,พระราม 9,4,16:00-19:00,1,2,0
พระราม 9,รัชดาภิเษก,1,07:00-09:00,1,0,1
พระราม 9,รัชดาภิเษก,1,09:00-16:00,1,0,0
พระราม 9,รัชดาภิเษก,1,09:00-17:00,0,0,1
พระราม 9,รัชดาภิเษก,1,16:00-19:00,1,0,0
พระราม 9,รัชดาภิเษก,1,17:00-19:00,0,0,1
พระราม 9,รัชดาภิเษก,3,07:00-09:00,0,0,1
พระราม 9,รัชดาภิเษก,3,09:00-17:00,0,0,1
พระราม 9,รัชดาภิเษก,3,17:00-19:00,0,0,1
พระราม 9,รัชดาภิเษก,4,07:00-09:00,1,2,0
พระราม 9,รัชดาภิเษก,4,09:00-16:00,1,2,0
พระราม 9,รัชดาภิเษก,4,16:00-19:00,1,2,0
พระราม 9,อโศกดินแดง,1,07:00-09:00,1,0,1
พระราม 9,อโศกดินแดง,1,09:00-16:00,1,0,0
พระราม 9,อโศกดินแดง,1,09:00-17:00,0,0,1
พระราม 9,อโศกดินแดง,1,16:00-19:00,1,0,0
พระราม 9,อโศกดินแดง,1,17:00-19:00,0,0,1
พระราม 9,อโศกดินแดง,3,07:00-09:00,0,0,1
พระราม 9,อโศกดินแดง,3,09:00-17:00,0,0,1
พระราม 9,อโศกดินแดง,3,17:00-19:00,0,0,1
พระราม 9,อโศกดินแดง,4,07:00-09:00,1,2,0
พระราม 9,อโศกดินแดง,4,09:00-16:00,1,2,0
พระราม 9,อโศกดินแดง,4,16:00-19:00,1,2,0
พระราม 9 - ประดิษฐ์มนูธรรม,ประดิษฐ์มนูธรรม,3,07:00-09:00,1,0,0
พระราม 9 - ประดิษฐ์มนูธรรม,ประดิษฐ์มนูธรรม,3,09:00-16:00,1,0,0
พระราม 9 - ประดิษฐ์มนูธรรม,ประดิษฐ์มนูธรรม,3,16:00-19:00,1,0,0
พระราม 9 - ประดิษฐ์มนูธรรม,พระราม 9,3,07:00-09:00,1,0,0
พระราม 9 - ประดิษฐ์มนูธรรม,พระราม 9,3,09:00-16:00,1,0,0
พระราม 9 - ประดิษฐ์มนูธรรม,พระราม 9,3,16:00-19:00,1,0,0
พระราม 9 -ประดิษฐ์มนูธรรม,ประดิษฐ์มนูธรรม,4,07:00-09:00,0,0,1
พระราม 9 -ประดิษฐ์มนูธรรม,ประดิษฐ์มนูธรรม,4,09:00-17:00,0,0,1
พระราม 9 -ประดิษฐ์มนูธรรม,ประดิษฐ์มนูธรรม,4,17:00-19:00,0,0,1
พระราม 9 -ประดิษฐ์มนูธรรม,พระราม 9,4,07:00-09:00,0,0,1
พระราม 9 -ประดิษฐ์มนูธรรม,พระราม 9,4,09:00-17:00,0,0,1
พระราม 9 -ประดิษฐ์มนูธรรม,พระราม 9,4,17:00-19:00,0,0,1
พระราม 9 ใหม่,พระราม 9,2,07:00-09:00,0,0,1
พระราม 9 ใหม่,พระราม 9,2,09:00-17:00,0,0,1
พระราม 9 ใหม่,พระราม 9,2,17:00-19:00,0,0,1
พระราม 9 ใหม่,พระราม 9,4,07:00-09:00,0,1,0
พระราม 9 ใหม่,พระราม 9,4,09:00-16:00,0,1,0
พระราม 9 ใหม่,พระราม 9,4,16:00-19:00,0,1,0
พระราม 9 ใหม่,พระรามที่ 9,4,07:00-09:00,1,0,0
พระราม 9 ใหม่,พระรามที่ 9,4,09:00-16:00,1,0,0
พระราม 9 ใหม่,พระรามที่ 9,4,16:00-19:00,1,0,0
พระราม 9 ใหม่,เพชรพระราม,2,07:00-09:00,0,0,1
พระราม 9 ใหม่,เพชรพระราม,2,09:00-17:00,0,0,1
พระราม 9 ใหม่,เพชรพระราม,2,17:00-19:00,0,0,1
พระราม 9 ใหม่,เพชรพระราม,4,07:00-09:00,1,1,0
พระราม 9 ใหม่,เพชรพระราม,4,09:00-16:00,1,1,0
พระราม 9 ใหม่,เพชรพระราม,4,16:00-19:00,1,1,0
พระราม 9 – ประดิษฐ์มนูธรรม,ประดิษฐ์มนูธรรม,4,07:00-09:00,0,0,1
พระราม 9 – ประดิษฐ์มนูธรรม,ประดิษฐ์มนูธรรม,4,09:00-16:00,0,0,1
พระราม 9 – ประดิษฐ์มนูธรรม,ประดิษฐ์มนูธรรม,4,16:00-19:00,0,0,1
พระราม 9 – ประดิษฐ์มนูธรรม,พระราม 9,4,07:00-09:00,0,0,1
พระราม 9 – ประดิษฐ์มนูธรรม,พระราม 9,4,09:00-16:00,0,0,1
พระราม 9 – ประดิษฐ์มนูธรรม,พระราม 9,4,16:00-19:00,0,0,1
พระรามที่ 2,พระรามที่ 2,1,07:00-09:00,0,0,1
พระรามที่ 2,พระรามที่ 2,1,09:00-17:00,0,0,1
พระรามที่ 2,พระรามที่ 2,1,17:00-19:00,0,0,1
พระรามที่ 2,พระรามที่ 2,3,07:00-09:00,0,0,2
พระรามที่ 2,พระรามที่ 2,3,09:00-17:00,0,0,2
พระรามที่ 2,พระรามที่ 2,3,17:00-19:00,0,0,2
พระรามที่ 2,พระรามที่ 2,4,07:00-09:00,0,1,0
พระรามที่ 2,พระรามที่ 2,4,09:00-16:00,0,1,0
พระรามที่ 2,พระรามที่ 2,4,16:00-19:00,0,1,0
พระรามที่ 2,สุขสวัสดิ์,1,07:00-09:00,0,0,1
พระรามที่ 2,สุขสวัสดิ์,1,09:00-17:00,0,0,1
พระรามที่ 2,สุขสวัสดิ์,1,17:00-19:00,0,0,1
พระรามที่ 2,สุขสวัสดิ์,3,07:00-09:00,0,0,2
พระรามที่ 2,สุขสวัสดิ์,3,09:00-17:00,0,0,2
พระรามที่ 2,สุขสวัสดิ์,3,17:00-19:00,0,0,2
พระรามที่ 2,สุขสวัสดิ์,4,07:00-09:00,0,1,0
พระรามที่ 2,สุขสวัสดิ์,4,09:00-16:00,0,1,0
พระรามที่ 2,สุขสวัสดิ์,4,16:00-19:00,0,1,0
พระรามที่ 2 ซอย 20,พระรามที่ 2,1,07:00-09:00,0,0,1
พระรามที่ 2 ซอย 20,พระรามที่ 2,1,09:00-17:00,0,0,1
พระรามที่ 2 ซอย 20,พระรามที่ 2,1,17:00-19:00,0,0,1
พระรามที่ 2 ซอย 20,พระรามที่ 2 ซอย 20,1,07:00-09:00,0,0,1
พระรามที่ 2 ซอย 20,พระรามที่ 2 ซอย 20,1,09:00-17:00,0,0,1
พระรามที่ 2 ซอย 20,พระรามที่ 2 ซอย 20,1,17:00-19:00,0,0,1
พระรามที่ 2 ซอย 28,พระรามที่ 2,1,07:00-09:00,0,0,1
พระรามที่ 2 ซอย 28,พระรามที่ 2,1,09:00-17:00,0,0,1
พระรามที่ 2 ซอย 28,พระรามที่ 2,1,17:00-19:00,0,0,1
พระรามที่ 2 ซอย 28,พระรามที่ 2 ซอย 28,1,07:00-09:00,0,0,1
พระรามที่ 2 ซอย 28,พระรามที่ 2 ซอย 28,1,09:00-17:00,0,0,1
พระรามที่ 2 ซอย 28,พระรามที่ 2 ซอย 28,1,17:00-19:00,0,0,1
พระรามที่ 3 - นราธิวาส,นราธิวาสราชนครินทร์,1,07:00-09:00,0,0,1
พระรามที่ 3 - นราธิวาส,นราธิวาสราชนครินทร์,1,09:00-17:00,0,0,1
พระรามที่ 3 - นราธิวาส,นราธิวาสราชนครินทร์,1,17:00-19:00,0,0,1
พระรามที่ 3 - นราธิวาส,นราธิวาสราชนครินทร์,4,07:00-09:00,0,0,1
พระรามที่ 3 - นราธิวาส,นราธิวาสราชนครินทร์,4,09:00-17:00,0,0,1
พระรามที่ 3 - นราธิวาส,นราธิวาสราชนครินทร์,4,17:00-19:00,0,0,1
พระรามที่ 3 - นราธิวาส,พระรามที่ 3,1,07:00-09:00,0,0,1
พระรามที่ 3 - นราธิวาส,พระรามที่ 3,1,09:00-17:00,0,0,1
พระรามที่ 3 - นราธิวาส,พระรามที่ 3,1,17:00-19:00,0,0,1
พระรามที่ 3 - นราธิวาส,พระรามที่ 3,3,07:00-09:00,0,1,0
พระรามที่ 3 - นราธิวาส,พระรามที่ 3,3,09:00-16:00,0,1,0
พระรามที่ 3 - นราธิวาส,พระรามที่ 3,3,16:00-19:00,0,1,0
พระรามที่ 3 - นราธิวาส,พระรามที่ 3,4,07:00-09:00,0,0,1
พระรามที่ 3 - นราธิวาส,พระรามที่ 3,4,09:00-17:00,0,0,1
พระรามที่ 3 - นราธิวาส,พระรามที่ 3,4,17:00-19:00,0,0,1
พระรามที่ 3 - ยานนาวา,พระรามที่ 3,1,07:00-09:00,0,1,0
พระรามที่ 3 - ยานนาวา,พระรามที่ 3,1,09:00-16:00,0,1,0
พระรามที่ 3 - ยานนาวา,พระรามที่ 3,1,16:00-19:00,0,1,0
พระรามที่ 3 - ยานนาวา,พระรามที่ 3,4,07:00-09:00,0,0,1
พระรามที่ 3 - ยานนาวา,พระรามที่ 3,4,09:00-16:00,0,0,1
พระรามที่ 3 - ยานนาวา,พระรามที่ 3,4,16:00-19:00,0,0,1
พระรามที่ 3 - ยานนาวา,ยานนาวา,1,07:00-09:00,0,1,0
พระรามที่ 3 - ยานนาวา,ยานนาวา,1,09:00-16:00,0,1,0
พระรามที่ 3 - ยานนาวา,ยานนาวา,1,16:00-19:00,0,1,0
พระรามที่ 3 - ยานนาวา,ยานนาวา,4,07:00-09:00,0,0,1
พระรามที่ 3 - ยานนาวา,ยานนาวา,4,09:00-16:00,0,0,1
พระรามที่ 3 - ยานนาวา,ยานนาวา,4,16:00-19:00,0,0,1
พระรามที่ 3 - รัชดา,พระรามที่ 3,2,07:00-09:00,0,1,0
พระรามที่ 3 - รัชดา,พระรามที่ 3,2,09:00-16:00,0,1,0
พระรามที่ 3 - รัชดา,พระรามที่ 3,2,16:00-19:00,0,1,0
พระรามที่ 3 - รัชดา,รัชดาภิเษก,2,07:00-09:00,0,1,0
พระรามที่ 3 - รัชดา,รัชดาภิเษก,2,09:00-16:00,0,1,0
พระรามที่ 3 - รัชดา,รัชดาภิเษก,2,16:00-19:00,0,1,0
พระรามที่ 3 - วงแหวนอุตสาหกรรม,พระรามที่ 3,2,07:00-09:00,0,1,1
พระรามที่ 3 - วงแหวนอุตสาหกรรม,พระรามที่ 3,2,09:00-16:00,0,1,0
พระรามที่ 3 - วงแหวนอุตสาหกรรม,พระรามที่ 3,2,09:00-17:00,0,0,1
พระรามที่ 3 - วงแหวนอุตสาหกรรม,พระรามที่ 3,2,16:00-19:00,0,1,0
พระรามที่ 3 - วงแหวนอุตสาหกรรม,พระรามที่ 3,2,17:00-19:00,0,0,1
พระรามที่ 3 - วงแหวนอุตสาหกรรม,วงแหวนอุตสาหกรรม,2,07:00-09:00,0,1,1
พระรามที่ 3 - วงแหวนอุตสาหกรรม,วงแหวนอุตสาหกรรม,2,09:00-16:00,0,1,0
พระรามที่ 3 - วงแหวนอุตสาหกรรม,วงแหวนอุตสาหกรรม,2,09:00-17:00,0,0,1
พระรามที่ 3 - วงแหวนอุตสาหกรรม,วงแหวนอุตสาหกรรม,2,16:00-19:00,0,1,0
พระรามที่ 3 - วงแหวนอุตสาหกรรม,วงแหวนอุตสาหกรรม,2,17:00-19:00,0,0,1
พระรามที่ 3 ซอย 19,พระรามที่ 3,2,07:00-09:00,0,0,1
พระรามที่ 3 ซอย 19,พระรามที่ 3,2,09:00-17:00,0,0,1
พระรามที่ 3 ซอย 19,พระรามที่ 3,2,17:00-19:00,0,0,1
พระรามที่ 3 ซอย 19,พระรามที่ 3 ซ.19,2,07:00-09:00,0,0,1
พระรามที่ 3 ซอย 19,พระรามที่ 3 ซ.19,2,09:00-17:00,0,0,1
พระรามที่ 3 ซอย 19,พระรามที่ 3 ซ.19,2,17:00-19:00,0,0,1
พระรามที่ 3 ซอย 77,พระรามที่ 3,3,07:00-09:00,0,0,1
พระรามที่ 3 ซอย 77,พระรามที่ 3,3,09:00-17:00,0,0,1
พระรามที่ 3 ซอย 77,พระรามที่ 3,3,17:00-19:00,0,0,1
พระรามที่ 3 ซอย 77,พระรามที่ 3 ซอย 77,3,07:00-09:00,0,0,1
พระรามที่ 3 ซอย 77,พระรามที่ 3 ซอย 77,3,09:00-17:00,0,0,1
พระรามที่ 3 ซอย 77,พระรามที่ 3 ซอย 77,3,17:00-19:00,0,0,1
พระรามที่ 4,พระรามที่ 4,1,07:00-09:00,1,0,0
พระรามที่ 4,พระรามที่ 4,1,09:00-16:00,1,0,0
พระรามที่ 4,พระรามที่ 4,1,16:00-19:00,1,0,0
พระรามที่ 4,พระรามที่ 4,2,06:30-09:00,1,0,0
พระรามที่ 4,พระรามที่ 4,2,07:00-09:00,0,0,2
พระรามที่ 4,พระรามที่ 4,2,09:00-16:00,1,0,1
พระรามที่ 4,พระรามที่ 4,2,09:00-17:00,0,0,1
พระรามที่ 4,พระรามที่ 4,2,16:00-19:00,0,0,1
พระรามที่ 4,พระรามที่ 4,2,16:00-19:30,1,0,0
พระรามที่ 4,พระรามที่ 4,2,17:00-19:00,0,0,1
พระรามที่ 4,พระรามที่ 4,4,07:00-09:00,0,1,0
พระรามที่ 4,พระรามที่ 5,4,09:00-16:00,0,1,0
พระรามที่ 4,พระรามที่ 6,4,16:00-19:00,0,1,0
พระรามที่ 4,รัชดาภิเษก,1,07:00-09:00,1,0,0
พระรามที่ 4,รัชดาภิเษก,1,09:00-16:00,1,0,0
พระรามที่ 4,รัชดาภิเษก,1,16:00-19:00,1,0,0
พระรามที่ 4,รัชดาภิเษก,2,06:30-09:00,1,0,0
พระรามที่ 4,รัชดาภิเษก,2,07:00-09:00,0,0,2
พระรามที่ 4,รัชดาภิเษก,2,09:00-16:00,1,0,1
พระรามที่ 4,รัชดาภิเษก,2,09:00-17:00,0,0,1
พระรามที่ 4,รัชดาภิเษก,2,16:00-19:00,0,0,1
พระรามที่ 4,รัชดาภิเษก,2,16:00-19:30,1,0,0
พระรามที่ 4,รัชดาภิเษก,2,17:00-19:00,0,0,1
พระรามที่ 4,รัชดาภิเษก,4,07:00-09:00,0,1,0
พระรามที่ 4,รัชดาภิเษก,4,09:00-16:00,0,1,0
พระรามที่ 4,รัชดาภิเษก,4,16:00-19:00,0,1,0
พระรามที่ 6 -พระรามที่ 6ซอย 36,พระรามที่ 6,4,07:00-09:00,1,0,0
พระรามที่ 6 -พระรามที่ 6ซอย 36,พระรามที่ 6,4,09:00-16:00,1,0,0
พระรามที่ 6 -พระรามที่ 6ซอย 36,พระรามที่ 6,4,16:00-19:00,1,0,0
พระรามที่ 6 -พระรามที่ 6ซอย 36,พระรามที่ 6 ซอย 36,4,07:00-09:00,1,0,0
พระรามที่ 6 -พระรามที่ 6ซอย 36,พระรามที่ 6 ซอย 36,4,09:00-16:00,1,0,0
พระรามที่ 6 -พระรามที่ 6ซอย 36,พระรามที่ 6 ซอย 36,4,16:00-19:00,1,0,0
พระรามที่2,พระรามที่ 2,2,07:00-09:00,1,0,0
พระรามที่2,พระรามที่ 2,2,09:00-16:00,1,0,0
พระรามที่2,พระรามที่ 2,2,16:00-19:00,1,0,0
พระรามที่2,พระรามที่2,1,07:00-09:00,0,1,0
พระรามที่2,พระรามที่2,1,09:00-16:00,0,1,0
พระรามที่2,พระรามที่2,1,16:00-19:00,0,1,0
พระรามที่2,สุขสวัสดิ์,1,07:00-09:00,0,1,0
พระรามที่2,สุขสวัสดิ์,1,09:00-16:00,0,1,0
พระรามที่2,สุขสวัสดิ์,1,16:00-19:00,0,1,0
พระรามที่2,สุขสวัสดิ์,2,07:00-09:00,1,0,0
พระรามที่2,สุขสวัสดิ์,2,09:00-16:00,1,0,0
พระรามที่2,สุขสวัสดิ์,2,16:00-19:00,1,0,0
พระรามที่2 - แสมดำ,พระรามที่ 2,3,07:00-09:00,1,0,0
พระรามที่2 - แสมดำ,พระรามที่ 2,3,09:00-16:00,1,0,0
พระรามที่2 - แสมดำ,พระรามที่ 2,3,16:00-19:00,1,0,0
พระรามที่2 - แสมดำ,แสมดำ,3,07:00-09:00,1,0,0
พระรามที่2 - แสมดำ,แสมดำ,3,09:00-16:00,1,0,0
พระรามที่2 - แสมดำ,แสมดำ,3,16:00-19:00,1,0,0
พระรามที่3 - ยานนาวา,พระรามที่ 3,4,07:00-09:00,1,0,0
พระรามที่3 - ยานนาวา,พระรามที่ 3,4,09:00-16:00,1,0,0
พระรามที่3 - ยานนาวา,พระรามที่ 3,4,16:00-19:00,1,0,0
พระรามที่3 - ยานนาวา,ยานนาวา,4,07:00-09:00,1,0,0
พระรามที่3 - ยานนาวา,ยานนาวา,4,09:00-16:00,1,0,0
พระรามที่3 - ยานนาวา,ยานนาวา,4,16:00-19:00,1,0,0
พระรามที่3 - รัชดาภิเษก,พระรามที่ 3,4,07:00-09:00,1,0,0
พระรามที่3 - รัชดาภิเษก,พระรามที่ 3,4,09:00-16:00,1,0,0
พระรามที่3 - รัชดาภิเษก,พระรามที่ 3,4,16:00-19:00,1,0,0
พระรามที่3 - รัชดาภิเษก,รัชดาภิเษก,4,07:00-09:00,1,0,0
พระรามที่3 - รัชดาภิเษก,รัชดาภิเษก,4,09:00-16:00,1,0,0
พระรามที่3 - รัชดาภิเษก,รัชดาภิเษก,4,16:00-19:00,1,0,0
พระรามที่3- ยานนาวา,พระรามที่ 3,4,07:00-09:00,1,0,0
พระรามที่3- ยานนาวา,พระรามที่ 3,4,09:00-16:00,1,0,0
พระรามที่3- ยานนาวา,พระรามที่ 3,4,16:00-19:00,1,0,0
พระรามที่3- ยานนาวา,ยานนาวา,4,07:00-09:00,1,0,0
พระรามที่3- ยานนาวา,ยานนาวา,4,09:00-16:00,1,0,0
พระรามที่3- ยานนาวา,ยานนาวา,4,16:00-19:00,1,0,0
พระรามที่3-วงแหวนอุตสาหกรรม,พระรามที่ 3,4,06:30-09:00,1,0,0
พระรามที่3-วงแหวนอุตสาหกรรม,พระรามที่ 3,4,09:00-16:00,1,0,0
พระรามที่3-วงแหวนอุตสาหกรรม,พระรามที่ 3,4,16:00-19:30,1,0,0
พระรามที่3-วงแหวนอุตสาหกรรม,วงแหวนอุตสาหกรรม,4,06:30-09:00,1,0,0
พระรามที่3-วงแหวนอุตสาหกรรม,วงแหวนอุตสาหกรรม,4,09:00-16:00,1,0,0
พระรามที่3-วงแหวนอุตสาหกรรม,วงแหวนอุตสาหกรรม,4,16:00-19:30,1,0,0
พระโขนง,ซอยสุขุมวิท 71,1,07:00-09:00,1,0,0
พระโขนง,ซอยสุขุมวิท 71,1,09:00-16:00,1,0,0
พระโขนง,ซอยสุขุมวิท 71,1,16:00-19:00,1,0,0
พระโขนง,ซอยสุขุมวิท 71,3,07:00-09:00,1,0,0
พระโขนง,ซอยสุขุมวิท 71,3,09:00-16:00,1,0,0
พระโขนง,ซอยสุขุมวิท 71,3,16:00-19:00,1,0,0
พระโขนง,พระรามที่ 4,2,07:00-09:00,0,0,1
พระโขนง,พระรามที่ 4,2,09:00-17:00,0,0,1
พระโขนง,พระรามที่ 4,2,17:00-19:00,0,0,1
พระโขนง,พระรามที่ 4,3,07:00-09:00,0,0,2
พระโขนง,พระรามที่ 4,3,09:00-17:00,0,0,2
พระโขนง,พระรามที่ 4,3,17:00-19:00,0,0,2
พระโขนง,สุขุมวิท,1,07:00-09:00,1,0,1
พระโขนง,สุขุมวิท,1,09:00-16:00,1,0,1
พระโขนง,สุขุมวิท,1,16:00-19:00,1,0,1
พระโขนง,สุขุมวิท,2,07:00-09:00,0,0,1
พระโขนง,สุขุมวิท,2,09:00-17:00,0,0,1
พระโขนง,สุขุมวิท,2,17:00-19:00,0,0,1
พระโขนง,สุขุมวิท,3,07:00-09:00,1,0,2
พระโขนง,สุขุมวิท,3,09:00-16:00,1,0,0
พระโขนง,สุขุมวิท,3,09:00-17:00,0,0,2
พระโขนง,สุขุมวิท,3,16:00-19:00,1,0,0
พระโขนง,สุขุมวิท,3,17:00-19:00,0,0,2
พระโขนง,สุขุมวิท,4,07:00-09:00,0,1,0
พระโขนง,สุขุมวิท,4,09:00-16:00,0,1,0
พระโขนง,สุขุมวิท,4,16:00-19:00,0,1,0
พระโขนง,สุขุมวิท 71,1,07:00-09:00,0,0,1
พระโขนง,สุขุมวิท 71,1,09:00-16:00,0,0,1
พระโขนง,สุขุมวิท 71,1,16:00-19:00,0,0,1
พระโขนง,สุขุมวิท 71,4,07:00-09:00,0,1,0
พระโขนง,สุขุมวิท 71,4,09:00-16:00,0,1,0
พระโขนง,สุขุมวิท 71,4,16:00-19:00,0,1,0
พรานนก,พรานนก,1,06:30-09:00,0,1,0
พรานนก,พรานนก,1,07:00-09:00,0,0,2
พรานนก,พรานนก,1,09:00-17:00,0,0,2
พรานนก,พรานนก,1,17:00-19:00,0,0,2
พรานนก,พรานนก,2,07:00-09:00,0,1,0
พรานนก,พรานนก,2,09:00-16:00,0,1,0
พรานนก,พรานนก,2,16:00-19:00,0,1,0
พรานนก,พรานนก,3,07:00-09:00,1,0,0
พรานนก,พรานนก,3,09:00-16:00,1,0,0
พรานนก,พรานนก,3,16:00-19:00,1,0,0
พรานนก,อิสรภาพ,1,06:30-09:00,0,1,0
พรานนก,อิสรภาพ,1,07:00-09:00,0,0,2
พรานนก,อิสรภาพ,1,09:00-16:00,0,1,0
พรานนก,อิสรภาพ,1,09:00-17:00,0,0,2
พรานนก,อิสรภาพ,1,16:00-19:30,0,1,0
พรานนก,อิสรภาพ,1,17:00-19:00,0,0,2
พรานนก,อิสรภาพ,2,07:00-09:00,0,1,0
พรานนก,อิสรภาพ,2,09:00-16:00,0,1,0
พรานนก,อิสรภาพ,2,16:00-19:00,0,1,0
พรานนก,อิสรภาพ,3,07:00-09:00,1,0,0
พรานนก,อิสรภาพ,3,09:00-16:00,1,0,0
พรานนก,อิสรภาพ,3,16:00-19:00,1,0,0
พรานนก,เพชรบุรี,1,06:30-09:00,0,1,0
พรานนก,เพชรบุรี,1,09:00-16:00,0,1,0
พรานนก,เพชรบุรี,1,16:00-19:30,0,1,0
พรานนก - กาญจนาภิเษก -กาญจนาภิเษก,กาญจนาภิเษก,1,07:00-09:00,0,1,0
พรานนก - กาญจนาภิเษก -กาญจนาภิเษก,กาญจนาภิเษก,1,09:00-16:00,0,1,0
พรานนก - กาญจนาภิเษก -กาญจนาภิเษก,กาญจนาภิเษก,1,16:00-19:00,0,1,0
พรานนก - กาญจนาภิเษก -กาญจนาภิเษก,พรานนก-กาญจนาภิเษก,1,07:00-09:00,0,1,0
พรานนก - กาญจนาภิเษก -กาญจนาภิเษก,พรานนก-กาญจนาภิเษก,1,09:00-16:00,0,1,0
พรานนก - กาญจนาภิเษก -กาญจนาภิเษก,พรานนก-กาญจนาภิเษก,1,16:00-19:00,0,1,0
พรานนก - กาญจนาภิเษก -ราชพฤกษ์,พรานนก-กาญจนาภิเษก,1,07:00-09:00,0,1,0
พรานนก - กาญจนาภิเษก -ราชพฤกษ์,พรานนก-กาญจนาภิเษก,1,09:00-16:00,0,1,0
พรานนก - กาญจนาภิเษก -ราชพฤกษ์,พรานนก-กาญจนาภิเษก,1,16:00-19:00,0,1,0
พรานนก - กาญจนาภิเษก -ราชพฤกษ์,ราชพฤกษ์,1,07:00-09:00,0,1,0
พรานนก - กาญจนาภิเษก -ราชพฤกษ์,ราชพฤกษ์,1,09:00-16:00,0,1,0
พรานนก - กาญจนาภิเษก -ราชพฤกษ์,ราชพฤกษ์,1,16:00-19:00,0,1,0
พร้อมพงษ์,เพชรบุรี,3,07:00-09:00,0,0,1
พร้อมพงษ์,เพชรบุรี,3,09:00-17:00,0,0,1
พร้อมพงษ์,เพชรบุรี,3,17:00-19:00,0,0,1
พร้อมพงษ์,เพชรบุรี 38/1,3,07:00-09:00,0,0,1
พร้อมพงษ์,เพชรบุรี 38/1,3,09:00-17:00,0,0,1
พร้อมพงษ์,เพชรบุรี 38/1,3,17:00-19:00,0,0,1
พลับพลาไชย,พลับพลาไชย,1,07:00-09:00,0,0,2
พลับพลาไชย,พลับพลาไชย,1,09:00-16:00,0,0,1
พลับพลาไชย,พลับพลาไชย,1,09:00-17:00,0,0,1
พลับพลาไชย,พลับพลาไชย,1,16:00-19:00,0,0,1
พลับพลาไชย,พลับพลาไชย,1,17:00-19:00,0,0,1
พลับพลาไชย,พลับพลาไชย,2,07:00-09:00,1,0,0
พลับพลาไชย,พลับพลาไชย,2,09:00-16:00,1,0,0
พลับพลาไชย,พลับพลาไชย,2,16:00-19:00,1,0,0
พลับพลาไชย,พลับพลาไชย,3,07:00-09:00,0,0,1
พลับพลาไชย,พลับพลาไชย,3,09:00-16:00,0,0,1
พลับพลาไชย,พลับพลาไชย,3,16:00-19:00,0,0,1
พลับพลาไชย,หลวง,1,07:00-09:00,0,0,1
พลับพลาไชย,หลวง,1,09:00-17:00,0,0,1
พลับพลาไชย,หลวง,1,17:00-19:00,0,0,1
พลับพลาไชย,หลวง,2,07:00-09:00,1,0,0
พลับพลาไชย,หลวง,2,09:00-16:00,1,0,0
พลับพลาไชย,หลวง,2,16:00-19:00,1,0,0
พลับพลาไชย,หลวง,3,07:00-09:00,0,0,1
พลับพลาไชย,หลวง,3,09:00-16:00,0,0,1
พลับพลาไชย,หลวง,3,16:00-19:00,0,0,1
พลับพลาไชย,ไมตรีจิต,1,07:00-09:00,0,0,1
พลับพลาไชย,ไมตรีจิต,1,09:00-17:00,0,0,1
พลับพลาไชย,ไมตรีจิต,1,17:00-19:00,0,0,1
พลับพลาไชย,ไมตรีจิต,2,07:00-09:00,1,0,0
พลับพลาไชย,ไมตรีจิต,2,09:00-16:00,1,0,0
พลับพลาไชย,ไมตรีจิต,2,16:00-19:00,1,0,0
พลับพลาไชย,ไมตรีจิตร,3,07:00-09:00,0,0,1
พลับพลาไชย,ไมตรีจิตร,3,09:00-16:00,0,0,1
พลับพลาไชย,ไมตรีจิตร,3,16:00-19:00,0,0,1
พลาธิการ,ซอยพหลโยธิน 54/1,3,07:00-09:00,1,0,0
พลาธิการ,ซอยพหลโยธิน 54/1,3,09:00-16:00,1,0,0
พลาธิการ,ซอยพหลโยธิน 54/1,3,16:00-19:00,1,0,0
พลาธิการ,ทางเข้าพลาธิการ ทอ,3,06:30-09:00,1,0,0
พลาธิการ,ทางเข้าพลาธิการ ทอ,3,09:00-16:00,1,0,0
พลาธิการ,ทางเข้าพลาธิการ ทอ,3,16:00-19:30,1,0,0
พลาธิการ,พหลโยธิน,3,06:30-09:00,1,0,0
พลาธิการ,พหลโยธิน,3,09:00-16:00,1,0,0
พลาธิการ,พหลโยธิน,3,16:00-19:30,1,0,0
พหลโยธิน - เทพรักษ์,พหลโยธิน,2,07:00-09:00,0,0,1
พหลโยธิน - เทพรักษ์,พหลโยธิน,2,09:00-17:00,0,0,1
พหลโยธิน - เทพรักษ์,พหลโยธิน,2,17:00-19:00,0,0,1
พหลโยธิน - เทพรักษ์,พหลโยธิน,3,07:00-09:00,1,0,1
พหลโยธิน - เทพรักษ์,พหลโยธิน,3,09:00-16:00,1,0,0
พหลโยธิน - เทพรักษ์,พหลโยธิน,3,09:00-17:00,0,0,1
พหลโยธิน - เทพรักษ์,พหลโยธิน,3,16:00-19:00,1,0,0
พหลโยธิน - เทพรักษ์,พหลโยธิน,3,17:00-19:00,0,0,1
พหลโยธิน - เทพรักษ์,พหลโยธิน,4,07:00-09:00,0,1,0
พหลโยธิน - เทพรักษ์,พหลโยธิน,4,09:00-16:00,0,1,0
พหลโยธิน - เทพรักษ์,พหลโยธิน,4,16:00-19:00,0,1,0
พหลโยธิน - เทพรักษ์,เทพรักษ์,2,07:00-09:00,0,0,1
พหลโยธิน - เทพรักษ์,เทพรักษ์,2,09:00-17:00,0,0,1
พหลโยธิน - เทพรักษ์,เทพรักษ์,2,17:00-19:00,0,0,1
พหลโยธิน - เทพรักษ์,เทพรักษ์,3,07:00-09:00,1,0,1
พหลโยธิน - เทพรักษ์,เทพรักษ์,3,09:00-16:00,1,0,0
พหลโยธิน - เทพรักษ์,เทพรักษ์,3,09:00-17:00,0,0,1
พหลโยธิน - เทพรักษ์,เทพรักษ์,3,16:00-19:00,1,0,0
พหลโยธิน - เทพรักษ์,เทพรักษ์,3,17:00-19:00,0,0,1
พหลโยธิน - เทพรักษ์,เทพรักษ์,4,07:00-09:00,0,1,0
พหลโยธิน - เทพรักษ์,เทพรักษ์,4,09:00-16:00,0,1,0
พหลโยธิน - เทพรักษ์,เทพรักษ์,4,16:00-19:00,0,1,0
พหลโยธิน 19,พหลโยธิน,4,07:00-09:00,0,0,1
พหลโยธิน 19,พหลโยธิน,4,09:00-17:00,0,0,1
พหลโยธิน 19,พหลโยธิน,4,17:00-19:00,0,0,1
พหลโยธิน 19,พหลโยธิน 19,4,07:00-09:00,0,0,1
พหลโยธิน 19,พหลโยธิน 19,4,09:00-17:00,0,0,1
พหลโยธิน 19,พหลโยธิน 19,4,17:00-19:00,0,0,1
พหลโยธิน 23,ซอยพหลโยธิน 23,2,07:00-09:00,1,0,0
พหลโยธิน 23,ซอยพหลโยธิน 23,2,09:00-16:00,1,0,0
พหลโยธิน 23,ซอยพหลโยธิน 23,2,16:00-19:00,1,0,0
พหลโยธิน 23,พหลโยธิน,2,07:00-09:00,1,0,0
พหลโยธิน 23,พหลโยธิน,2,09:00-16:00,1,0,0
พหลโยธิน 23,พหลโยธิน,2,16:00-19:00,1,0,0
พหลโยธิน 48,ซอยพหลโยธิน 48,2,07:00-09:00,0,1,0
พหลโยธิน 48,ซอยพหลโยธิน 48,2,09:00-16:00,0,1,0
พหลโยธิน 48,ซอยพหลโยธิน 48,2,16:00-19:00,0,1,0
พหลโยธิน 48,พหลโยธิน,1,07:00-09:00,0,0,1
พหลโยธิน 48,พหลโยธิน,1,09:00-17:00,0,0,1
พหลโยธิน 48,พหลโยธิน,1,17:00-19:00,0,0,1
พหลโยธิน 48,พหลโยธิน,2,06:30-09:00,0,1,0
พหลโยธิน 48,พหลโยธิน,2,09:00-16:00,0,1,0
พหลโยธิน 48,พหลโยธิน,2,16:00-19:30,0,1,0
พหลโยธิน 48,พหลโยธิน,4,07:00-09:00,0,1,0
พหลโยธิน 48,พหลโยธิน,4,09:00-16:00,0,1,0
พหลโยธิน 48,พหลโยธิน,4,16:00-19:00,0,1,0
พหลโยธิน 48,พหลโยธิน 48,1,07:00-09:00,0,0,1
พหลโยธิน 48,พหลโยธิน 48,1,09:00-17:00,0,0,1
พหลโยธิน 48,พหลโยธิน 48,1,17:00-19:00,0,0,1
พหลโยธิน 48,พหลโยธิน 48,4,07:00-09:00,0,1,0
พหลโยธิน 48,พหลโยธิน 48,4,09:00-16:00,0,1,0
พหลโยธิน 48,พหลโยธิน 48,4,16:00-19:00,0,1,0
พหลโยธิน 54/1 - สายไหม,พหลโยธิน 54/1,3,07:00-09:00,0,1,0
พหลโยธิน 54/1 - สายไหม,พหลโยธิน 54/1,3,09:00-16:00,0,1,0
พหลโยธิน 54/1 - สายไหม,พหลโยธิน 54/1,3,16:00-19:00,0,1,0
พหลโยธิน 54/1 - สายไหม,สายไหม,3,07:00-09:00,0,1,0
พหลโยธิน 54/1 - สายไหม,สายไหม,3,09:00-16:00,0,1,0
พหลโยธิน 54/1 - สายไหม,สายไหม,3,16:00-19:00,0,1,0
พหลโยธินซอย 2,พหลโยธิน,3,07:00-09:00,0,1,0
พหลโยธินซอย 2,พหลโยธิน,3,09:00-16:00,0,1,0
พหลโยธินซอย 2,พหลโยธิน,3,16:00-19:00,0,1,0
พหลโยธินซอย 2,พหลโยธินซอย 2,3,07:00-09:00,0,1,0
พหลโยธินซอย 2,พหลโยธินซอย 2,3,09:00-16:00,0,1,0
พหลโยธินซอย 2,พหลโยธินซอย 2,3,16:00-19:00,0,1,0
พัฒนาการ,บางแค,4,07:00-09:00,0,0,1
พัฒนาการ,บางแค,4,09:00-16:00,0,0,1
พัฒนาการ,บางแค,4,16:00-19:00,0,0,1
พัฒนาการ,พัฒนาการ,1,07:00-09:00,0,0,1
พัฒนาการ,พัฒนาการ,1,09:00-17:00,0,0,1
พัฒนาการ,พัฒนาการ,1,17:00-19:00,0,0,1
พัฒนาการ,พัฒนาการ,2,07:00-09:00,2,1,1
พัฒนาการ,พัฒนาการ,2,09:00-16:00,2,1,0
พัฒนาการ,พัฒนาการ,2,09:00-17:00,0,0,1
พัฒนาการ,พัฒนาการ,2,16:00-19:00,2,1,0
พัฒนาการ,พัฒนาการ,2,17:00-19:00,0,0,1
พัฒนาการ,ศรีนครินทร์,1,07:00-09:00,0,0,1
พัฒนาการ,ศรีนครินทร์,1,09:00-17:00,0,0,1
พัฒนาการ,ศรีนครินทร์,1,17:00-19:00,0,0,1
พัฒนาการ,ศรีนครินทร์,2,07:00-09:00,2,1,1
พัฒนาการ,ศรีนครินทร์,2,09:00-16:00,2,1,0
พัฒนาการ,ศรีนครินทร์,2,09:00-17:00,0,0,1
พัฒนาการ,ศรีนครินทร์,2,16:00-19:00,2,1,0
พัฒนาการ,ศรีนครินทร์,2,17:00-19:00,0,0,1
พัฒนาการ,เทอดไท,4,07:00-09:00,0,0,1
พัฒนาการ,เทอดไท,4,09:00-16:00,0,0,1
พัฒนาการ,เทอดไท,4,16:00-19:00,0,0,1
พัฒนาการ - ซอยพัฒนาการ 53,ซอยพัฒนาการ 53,2,07:00-09:00,1,0,0
พัฒนาการ - ซอยพัฒนาการ 53,ซอยพัฒนาการ 53,2,09:00-16:00,1,0,0
พัฒนาการ - ซอยพัฒนาการ 53,ซอยพัฒนาการ 53,2,16:00-19:00,1,0,0
พัฒนาการ - ซอยพัฒนาการ 53,พัฒนาการ,2,07:00-09:00,1,0,0
พัฒนาการ - ซอยพัฒนาการ 53,พัฒนาการ,2,09:00-16:00,1,0,0
พัฒนาการ - ซอยพัฒนาการ 53,พัฒนาการ,2,16:00-19:00,1,0,0
พัฒนาการ - พัฒนาการ 25,พัฒนาการ,1,07:00-09:00,0,0,1
พัฒนาการ - พัฒนาการ 25,พัฒนาการ,1,09:00-17:00,0,0,1
พัฒนาการ - พัฒนาการ 25,พัฒนาการ,1,17:00-19:00,0,0,1
พัฒนาการ - พัฒนาการ 25,พัฒนาการ 25,1,07:00-09:00,0,0,1
พัฒนาการ - พัฒนาการ 25,พัฒนาการ 25,1,09:00-17:00,0,0,1
พัฒนาการ - พัฒนาการ 25,พัฒนาการ 25,1,17:00-19:00,0,0,1
พัฒนาการ - พัฒนาการ 53,พัฒนาการ,1,07:00-09:00,0,0,1
พัฒนาการ - พัฒนาการ 53,พัฒนาการ,1,09:00-17:00,0,0,1
พัฒนาการ - พัฒนาการ 53,พัฒนาการ,1,17:00-19:00,0,0,1
พัฒนาการ - พัฒนาการ 53,พัฒนาการ,4,07:00-09:00,0,0,1
พัฒนาการ - พัฒนาการ 53,พัฒนาการ,4,09:00-17:00,0,0,1
พัฒนาการ - พัฒนาการ 53,พัฒนาการ,4,17:00-19:00,0,0,1
พัฒนาการ - พัฒนาการ 53,พัฒนาการ 53,1,07:00-09:00,0,0,1
พัฒนาการ - พัฒนาการ 53,พัฒนาการ 53,1,09:00-17:00,0,0,1
พัฒนาการ - พัฒนาการ 53,พัฒนาการ 53,1,17:00-19:00,0,0,1
พัฒนาการ - พัฒนาการ 53,พัฒนาการ 53,4,07:00-09:00,0,0,1
พัฒนาการ - พัฒนาการ 53,พัฒนาการ 53,4,09:00-17:00,0,0,1
พัฒนาการ - พัฒนาการ 53,พัฒนาการ 53,4,17:00-19:00,0,0,1
พัฒนาการ - เฉลิมพระเกียรติ ร.9,ทางเข้าหมู่บ้าน,3,07:00-09:00,1,0,0
พัฒนาการ - เฉลิมพระเกียรติ ร.9,ทางเข้าหมู่บ้าน,3,09:00-16:00,1,0,0
พัฒนาการ - เฉลิมพระเกียรติ ร.9,ทางเข้าหมู่บ้าน,3,16:00-19:00,1,0,0
พัฒนาการ - เฉลิมพระเกียรติ ร.9,พัฒนาการ,3,07:00-09:00,1,0,0
พัฒนาการ - เฉลิมพระเกียรติ ร.9,พัฒนาการ,3,09:00-16:00,1,0,0
พัฒนาการ - เฉลิมพระเกียรติ ร.9,พัฒนาการ,3,16:00-19:00,1,0,0
พัฒนาการ - เฉลิมพระเกียรติ ร.9,เฉลิมพระเกียรติ ร.9,3,07:00-09:00,1,0,0
พัฒนาการ - เฉลิมพระเกียรติ ร.9,เฉลิมพระเกียรติ ร.9,3,09:00-16:00,1,0,0
พัฒนาการ - เฉลิมพระเกียรติ ร.9,เฉลิมพระเกียรติ ร.9,3,16:00-19:00,1,0,0
พัฒนาการ 20,พัฒนาการ,1,07:00-09:00,0,0,1
พัฒนาการ 20,พัฒนาการ,1,09:00-17:00,0,0,1
พัฒนาการ 20,พัฒนาการ,1,17:00-19:00,0,0,1
พัฒนาการ 20,พัฒนาการ 20,1,07:00-09:00,0,0,1
พัฒนาการ 20,พัฒนาการ 20,1,09:00-17:00,0,0,1
พัฒนาการ 20,พัฒนาการ 20,1,17:00-19:00,0,0,1
พัฒนาการ 25,พัฒนาการ,3,07:00-09:00,0,0,2
พัฒนาการ 25,พัฒนาการ,3,09:00-17:00,0,0,2
พัฒนาการ 25,พัฒนาการ,3,17:00-19:00,0,0,2
พัฒนาการ 25,พัฒนาการ 25,3,07:00-09:00,0,0,2
พัฒนาการ 25,พัฒนาการ 25,3,09:00-17:00,0,0,2
พัฒนาการ 25,พัฒนาการ 25,3,17:00-19:00,0,0,2
พัฒนาการ 29,พัฒนาการ,4,07:00-09:00,0,1,0
พัฒนาการ 29,พัฒนาการ,4,09:00-16:00,0,1,0
พัฒนาการ 29,พัฒนาการ,4,16:00-19:00,0,1,0
พัฒนาการ 46,พัฒนาการ,3,07:00-09:00,0,0,1
พัฒนาการ 46,พัฒนาการ,3,09:00-16:00,0,0,1
พัฒนาการ 46,พัฒนาการ,3,16:00-19:00,0,0,1
พัฒนาการ 46,พัฒนาการ 46,3,07:00-09:00,0,0,1
พัฒนาการ 46,พัฒนาการ 46,3,09:00-16:00,0,0,1
พัฒนาการ 46,พัฒนาการ 46,3,16:00-19:00,0,0,1
พัฒนาการ 93,พัฒนาการ,1,07:00-09:00,0,0,1
พัฒนาการ 93,พัฒนาการ,1,09:00-17:00,0,0,1
พัฒนาการ 93,พัฒนาการ,1,17:00-19:00,0,0,1
พัฒนาการ61 -พัฒนาการ 74,ซอยพัฒนาการ 61,2,07:00-09:00,1,0,0
พัฒนาการ61 -พัฒนาการ 74,ซอยพัฒนาการ 61,2,09:00-16:00,1,0,0
พัฒนาการ61 -พัฒนาการ 74,ซอยพัฒนาการ 61,2,16:00-19:00,1,0,0
พัฒนาการ61 -พัฒนาการ 74,ซอยพัฒนาการ74,2,07:00-09:00,1,0,0
พัฒนาการ61 -พัฒนาการ 74,ซอยพัฒนาการ74,2,09:00-16:00,1,0,0
พัฒนาการ61 -พัฒนาการ 74,ซอยพัฒนาการ74,2,16:00-19:00,1,0,0
พัฒนาการ61 -พัฒนาการ 74,พัฒาการ,2,07:00-09:00,1,0,0
พัฒนาการ61 -พัฒนาการ 74,พัฒาการ,2,09:00-16:00,1,0,0
พัฒนาการ61 -พัฒนาการ 74,พัฒาการ,2,16:00-19:00,1,0,0
พาณิชยการ,พระรามที่ 5,3,07:00-09:00,1,0,0
พาณิชยการ,พระรามที่ 5,3,09:00-16:00,1,0,0
พาณิชยการ,พระรามที่ 5,3,16:00-19:00,1,0,0
พาณิชยการ,พระรามที่5,1,06:30-09:00,0,1,0
พาณิชยการ,พระรามที่5,1,09:00-16:00,0,1,0
พาณิชยการ,พระรามที่5,1,16:00-19:30,0,1,0
พาณิชยการ,พิษณุโลก,1,06:30-09:00,0,1,0
พาณิชยการ,พิษณุโลก,3,07:00-09:00,1,0,0
พาณิชยการ,พิษณุโลก,3,09:00-16:00,1,0,0
พาณิชยการ,พิษณุโลก,3,16:00-19:00,1,0,0
พาณิชยการ,อิสรภาพ,1,06:30-09:00,0,1,0
พาณิชยการ,อิสรภาพ,1,09:00-16:00,0,1,0
พาณิชยการ,อิสรภาพ,1,16:00-19:30,0,1,0
พาณิชยการธนบุรี,จรัญสนิทวงศ์,1,07:00-09:00,0,0,1
พาณิชยการธนบุรี,จรัญสนิทวงศ์,1,09:00-17:00,0,0,1
พาณิชยการธนบุรี,จรัญสนิทวงศ์,1,17:00-19:00,0,0,1
พาณิชยการธนบุรี,จรัญสนิทวงศ์,3,07:00-09:00,2,0,0
พาณิชยการธนบุรี,จรัญสนิทวงศ์,3,09:00-16:00,2,0,0
พาณิชยการธนบุรี,จรัญสนิทวงศ์,3,16:00-19:00,2,0,0
พาณิชยการธนบุรี,จรัญสนิทวงศ์ 13,1,07:00-09:00,0,0,1
พาณิชยการธนบุรี,จรัญสนิทวงศ์ 13,1,09:00-17:00,0,0,1
พาณิชยการธนบุรี,จรัญสนิทวงศ์ 13,1,17:00-19:00,0,0,1
พาณิชยการธนบุรี,ซอยจรัญสนิทวงศ์ 13,3,07:00-09:00,2,0,0
พาณิชยการธนบุรี,ซอยจรัญสนิทวงศ์ 13,3,09:00-16:00,2,0,0
พาณิชยการธนบุรี,ซอยจรัญสนิทวงศ์ 13,3,16:00-19:00,2,0,0
พาณิชยการพระนคร,พระรามที่ 5,1,07:00-09:00,0,0,1
พาณิชยการพระนคร,พระรามที่ 5,1,09:00-17:00,0,0,1
พาณิชยการพระนคร,พระรามที่ 5,1,17:00-19:00,0,0,1
พาณิชยการพระนคร,พิษณุโลก,1,07:00-09:00,0,0,1
พาณิชยการพระนคร,พิษณุโลก,1,09:00-17:00,0,0,1
พาณิชยการพระนคร,พิษณุโลก,1,17:00-19:00,0,0,1
พาณิชย์ธน,จรัญสนิทวงศ์,2,07:00-09:00,0,1,0
พาณิชย์ธน,จรัญสนิทวงศ์,2,09:00-16:00,0,1,0
พาณิชย์ธน,จรัญสนิทวงศ์,2,16:00-19:00,0,1,0
พาณิชย์ธน,จรัญสนิทวงศ์ 13,2,07:00-09:00,0,1,0
พาณิชย์ธน,จรัญสนิทวงศ์ 13,2,09:00-16:00,0,1,0
พาณิชย์ธน,จรัญสนิทวงศ์ 13,2,16:00-19:00,0,1,0
พาราไดซ์,ศรีนครินทร์,1,07:00-09:00,0,0,1
พาราไดซ์,ศรีนครินทร์,1,09:00-17:00,0,0,1
พาราไดซ์,ศรีนครินทร์,1,17:00-19:00,0,0,1
พาราไดซ์,ศรีนครินทร์ 46,1,07:00-09:00,0,0,1
พาราไดซ์,ศรีนครินทร์ 46,1,09:00-17:00,0,0,1
พาราไดซ์,ศรีนครินทร์ 46,1,17:00-19:00,0,0,1
พาราไดซ์,ศรีนครินทร์ 57,1,07:00-09:00,0,0,1
พาราไดซ์,ศรีนครินทร์ 57,1,09:00-17:00,0,0,1
พาราไดซ์,ศรีนครินทร์ 57,1,17:00-19:00,0,0,1
พาหุรัด,ตรีเพชร,2,07:00-09:00,0,0,1
พาหุรัด,ตรีเพชร,2,09:00-16:00,0,0,1
พาหุรัด,ตรีเพชร,2,16:00-19:00,0,0,1
พาหุรัด,ตรีเพชร,3,17:00-19:00,0,0,2
พาหุรัด,พาหุรัด,2,07:00-09:00,0,0,1
พาหุรัด,พาหุรัด,2,09:00-16:00,0,0,1
พาหุรัด,พาหุรัด,2,16:00-19:00,0,0,1
พาหุรัด,พาหุรัด,3,07:00-09:00,0,0,2
พาหุรัด,พาหุรัด,3,09:00-17:00,0,0,2
พาหุรัด,พาหุรัด,3,17:00-19:00,0,0,2
พิงนคร 5 - ริมคลองตาอูฐ,พิงนคร 5,2,07:00-09:00,0,0,1
พิงนคร 5 - ริมคลองตาอูฐ,พิงนคร 5,2,09:00-17:00,0,0,1
พิงนคร 5 - ริมคลองตาอูฐ,พิงนคร 5,2,17:00-19:00,0,0,1
พิงนคร 5 - ริมคลองตาอูฐ,ริมคลองตาอูฐ,2,07:00-09:00,0,0,1
พิงนคร 5 - ริมคลองตาอูฐ,ริมคลองตาอูฐ,2,09:00-17:00,0,0,1
พิงนคร 5 - ริมคลองตาอูฐ,ริมคลองตาอูฐ,2,17:00-19:00,0,0,1
พิชัย,นครไชยศรี,2,07:00-09:00,1,0,0
พิชัย,นครไชยศรี,2,09:00-16:00,1,0,0
พิชัย,นครไชยศรี,2,16:00-19:00,1,0,0
พิชัย,นครไชยศรี,3,07:00-09:00,0,1,0
พิชัย,นครไชยศรี,3,09:00-16:00,0,1,0
พิชัย,นครไชยศรี,3,16:00-19:00,0,1,0
พิชัย,พิชัย,2,07:00-09:00,1,0,0
พิชัย,พิชัย,2,09:00-16:00,1,0,0
พิชัย,พิชัย,2,16:00-19:00,1,0,0
พิชัย,พิชัย,3,07:00-09:00,0,1,0
พิชัย,พิชัย,3,09:00-16:00,0,1,0
พิชัย,พิชัย,3,16:00-19:00,0,1,0
พิบูลวัฒนา,ซอยพิบูลวัฒนา,4,07:00-09:00,0,1,0
พิบูลวัฒนา,ซอยพิบูลวัฒนา,4,09:00-16:00,0,1,0
พิบูลวัฒนา,ซอยพิบูลวัฒนา,4,16:00-19:00,0,1,0
พิบูลวัฒนา,ทางขึ้น-ลงทางด่วน / ถนนพระรามที่ 6 ซ.37,3,07:00-09:00,0,0,1
พิบูลวัฒนา,ทางขึ้น-ลงทางด่วน / ถนนพระรามที่ 6 ซ.37,3,09:00-17:00,0,0,1
พิบูลวัฒนา,ทางขึ้น-ลงทางด่วน / ถนนพระรามที่ 6 ซ.37,3,17:00-19:00,0,0,1
พิบูลวัฒนา,ทางขึ้นลงทางด่วน,4,07:00-09:00,0,1,0
พิบูลวัฒนา,ทางขึ้นลงทางด่วน,4,09:00-16:00,0,1,0
พิบูลวัฒนา,ทางขึ้นลงทางด่วน,4,16:00-19:00,0,1,0
พิบูลวัฒนา,พระรามที่ 6,3,07:00-09:00,0,0,1
พิบูลวัฒนา,พระรามที่ 6,3,09:00-17:00,0,0,1
พิบูลวัฒนา,พระรามที่ 6,3,17:00-19:00,0,0,1
พิบูลวัฒนา,พระรามที่ 6,4,07:00-09:00,0,1,0
พิบูลวัฒนา,พระรามที่ 6,4,09:00-16:00,0,1,0
พิบูลวัฒนา,พระรามที่ 6,4,16:00-19:00,0,1,0
พิบูลวัฒนา,พิบูลวัฒนา,3,07:00-09:00,0,0,1
พิบูลวัฒนา,พิบูลวัฒนา,3,09:00-17:00,0,0,1
พิบูลวัฒนา,พิบูลวัฒนา,3,17:00-19:00,0,0,1
พิบูลสงคราม,ประชาราษฎร์สาย 1,1,07:00-09:00,0,1,0
พิบูลสงคราม,ประชาราษฎร์สาย 1,1,09:00-16:00,0,1,0
พิบูลสงคราม,ประชาราษฎร์สาย 1,1,16:00-19:00,0,1,0
พิบูลสงคราม,ประชาราษฎร์สาย 1,4,07:00-09:00,1,0,1
พิบูลสงคราม,ประชาราษฎร์สาย 1,4,09:00-16:00,1,0,0
พิบูลสงคราม,ประชาราษฎร์สาย 1,4,09:00-17:00,0,0,1
พิบูลสงคราม,ประชาราษฎร์สาย 1,4,16:00-19:00,1,0,0
พิบูลสงคราม,ประชาราษฎร์สาย 1,4,17:00-19:00,0,0,1
พิบูลสงคราม,พิบูลสงคราม,1,07:00-09:00,0,1,0
พิบูลสงคราม,พิบูลสงคราม,1,09:00-16:00,0,1,0
พิบูลสงคราม,พิบูลสงคราม,1,16:00-19:00,0,1,0
พิบูลสงคราม,พิบูลสงคราม,4,07:00-09:00,1,0,1
พิบูลสงคราม,พิบูลสงคราม,4,09:00-16:00,1,0,0
พิบูลสงคราม,พิบูลสงคราม,4,09:00-17:00,0,0,1
พิบูลสงคราม,พิบูลสงคราม,4,16:00-19:00,1,0,0
พิบูลสงคราม,พิบูลสงคราม,4,17:00-19:00,0,0,1
พิบูลสงคราม,วงศ์สว่าง,1,07:00-09:00,0,1,0
พิบูลสงคราม,วงศ์สว่าง,1,09:00-16:00,0,1,0
พิบูลสงคราม,วงศ์สว่าง,1,16:00-19:00,0,1,0
พุทธบูชา - พุทธบูชา 24,พุทธบูชา,4,07:00-09:00,0,0,1
พุทธบูชา - พุทธบูชา 24,พุทธบูชา,4,09:00-17:00,0,0,1
พุทธบูชา - พุทธบูชา 24,พุทธบูชา,4,17:00-19:00,0,0,1
พุทธบูชา - พุทธบูชา 24,พุทธบูชา 24,4,07:00-09:00,0,0,1
พุทธบูชา - พุทธบูชา 24,พุทธบูชา 24,4,09:00-17:00,0,0,1
พุทธบูชา - พุทธบูชา 24,พุทธบูชา 24,4,17:00-19:00,0,0,1
พุทธมณฑลสาย 1 - บางแวก,บางแวก,2,07:00-09:00,0,0,1
พุทธมณฑลสาย 1 - บางแวก,บางแวก,2,09:00-16:00,0,0,1
พุทธมณฑลสาย 1 - บางแวก,บางแวก,2,16:00-19:00,0,0,1
พุทธมณฑลสาย 1 - บางแวก,บางแวก,3,07:00-09:00,1,0,0
พุทธมณฑลสาย 1 - บางแวก,บางแวก,3,09:00-16:00,1,0,0
พุทธมณฑลสาย 1 - บางแวก,บางแวก,3,16:00-19:00,1,0,0
พุทธมณฑลสาย 1 - บางแวก,พุทธมณฑลสาย 1,2,07:00-09:00,0,0,1
พุทธมณฑลสาย 1 - บางแวก,พุทธมณฑลสาย 1,2,09:00-16:00,0,0,1
พุทธมณฑลสาย 1 - บางแวก,พุทธมณฑลสาย 1,2,16:00-19:00,0,0,1
พุทธมณฑลสาย 1 - บางแวก,พุทธมณฑลสาย 1,3,07:00-09:00,1,0,0
พุทธมณฑลสาย 1 - บางแวก,พุทธมณฑลสาย 1,3,09:00-16:00,1,0,0
พุทธมณฑลสาย 1 - บางแวก,พุทธมณฑลสาย 1,3,16:00-19:00,1,0,0
พุทธมณฑลสาย 1 - พรานนก - กาญจนาภิเษก,พรานนก - กาญจนาภิเษก,3,07:00-09:00,1,0,0
พุทธมณฑลสาย 1 - พรานนก - กาญจนาภิเษก,พรานนก - กาญจนาภิเษก,3,09:00-16:00,1,0,0
พุทธมณฑลสาย 1 - พรานนก - กาญจนาภิเษก,พรานนก - กาญจนาภิเษก,3,16:00-19:00,1,0,0
พุทธมณฑลสาย 1 - พรานนก - กาญจนาภิเษก,พุทธมณฑลสาย 1,3,07:00-09:00,1,0,0
พุทธมณฑลสาย 1 - พรานนก - กาญจนาภิเษก,พุทธมณฑลสาย 1,3,09:00-16:00,1,0,0
พุทธมณฑลสาย 1 - พรานนก - กาญจนาภิเษก,พุทธมณฑลสาย 1,3,16:00-19:00,1,0,0
พุทธมณฑลสาย 1 - พรานนกกภาญจนาภิเษก,พรานนก - กาญจนาภิเษก,1,07:00-09:00,1,0,0
พุทธมณฑลสาย 1 - พรานนกกภาญจนาภิเษก,พรานนก - กาญจนาภิเษก,1,09:00-16:00,1,0,0
พุทธมณฑลสาย 1 - พรานนกกภาญจนาภิเษก,พรานนก - กาญจนาภิเษก,1,16:00-19:00,1,0,0
พุทธมณฑลสาย 1 - พรานนกกภาญจนาภิเษก,พุทธมณฑลสาย 1,1,07:00-09:00,1,0,0
พุทธมณฑลสาย 1 - พรานนกกภาญจนาภิเษก,พุทธมณฑลสาย 1,1,09:00-16:00,1,0,0
พุทธมณฑลสาย 1 - พรานนกกภาญจนาภิเษก,พุทธมณฑลสาย 1,1,16:00-19:00,1,0,0
พุทธมณฑลสาย 1 -วัดอินทราวาส,พุทธมณฑลสาย 1,2,07:00-09:00,1,0,0
พุทธมณฑลสาย 1 -วัดอินทราวาส,พุทธมณฑลสาย 1,2,09:00-16:00,1,0,0
พุทธมณฑลสาย 1 -วัดอินทราวาส,พุทธมณฑลสาย 1,2,16:00-19:00,1,0,0
พุทธมณฑลสาย 2,ซ.เพชรเกษม 55,2,07:00-09:00,1,0,0
พุทธมณฑลสาย 2,ซ.เพชรเกษม 55,2,09:00-16:00,1,0,0
พุทธมณฑลสาย 2,ซ.เพชรเกษม 55,2,16:00-19:00,1,0,0
พุทธมณฑลสาย 2,ซอยเพชรเกษม 55,2,07:00-09:00,0,1,0
พุทธมณฑลสาย 2,ซอยเพชรเกษม 55,2,09:00-16:00,0,1,0
พุทธมณฑลสาย 2,ซอยเพชรเกษม 55,2,16:00-19:00,0,1,0
พุทธมณฑลสาย 2,ซอยเพชรเกษม 55,4,07:00-09:00,1,0,0
พุทธมณฑลสาย 2,ซอยเพชรเกษม 55,4,09:00-16:00,1,0,0
พุทธมณฑลสาย 2,ซอยเพชรเกษม 55,4,16:00-19:00,1,0,0
พุทธมณฑลสาย 2,พุทธมณฑลสาย 2,2,07:00-09:00,1,1,1
พุทธมณฑลสาย 2,พุทธมณฑลสาย 2,2,09:00-16:00,1,1,1
พุทธมณฑลสาย 2,พุทธมณฑลสาย 2,2,16:00-19:00,1,1,1
พุทธมณฑลสาย 2,พุทธมณฑลสาย 2,3,07:00-09:00,0,0,1
พุทธมณฑลสาย 2,พุทธมณฑลสาย 2,3,09:00-17:00,0,0,1
พุทธมณฑลสาย 2,พุทธมณฑลสาย 2,3,17:00-19:00,0,0,1
พุทธมณฑลสาย 2,พุทธมณฑลสาย 2,4,07:00-09:00,1,0,0
พุทธมณฑลสาย 2,พุทธมณฑลสาย 2,4,09:00-16:00,1,0,0
พุทธมณฑลสาย 2,พุทธมณฑลสาย 2,4,16:00-19:00,1,0,0
พุทธมณฑลสาย 2,เพชรเกษม,2,07:00-09:00,1,1,1
พุทธมณฑลสาย 2,เพชรเกษม,2,09:00-16:00,1,1,1
พุทธมณฑลสาย 2,เพชรเกษม,2,16:00-19:00,1,1,1
พุทธมณฑลสาย 2,เพชรเกษม,3,07:00-09:00,0,0,1
พุทธมณฑลสาย 2,เพชรเกษม,3,09:00-17:00,0,0,1
พุทธมณฑลสาย 2,เพชรเกษม,3,17:00-19:00,0,0,1
พุทธมณฑลสาย 2,เพชรเกษม,4,07:00-09:00,1,0,0
พุทธมณฑลสาย 2,เพชรเกษม,4,09:00-16:00,1,0,0
พุทธมณฑลสาย 2,เพชรเกษม,4,16:00-19:00,1,0,0
พุทธมณฑลสาย 2,เพชรเกษม 55,2,07:00-09:00,0,0,1
พุทธมณฑลสาย 2,เพชรเกษม 55,2,09:00-16:00,0,0,1
พุทธมณฑลสาย 2,เพชรเกษม 55,2,16:00-19:00,0,0,1
พุทธมณฑลสาย 2,เพชรเกษม 55,3,07:00-09:00,0,0,1
พุทธมณฑลสาย 2,เพชรเกษม 55,3,09:00-17:00,0,0,1
พุทธมณฑลสาย 2,เพชรเกษม 55,3,17:00-19:00,0,0,1
พุทธมณฑลสาย 2 - ซ.วัดบุณยประดิษฐ์,ซ.วัดบุณยประดิษฐ์,2,07:00-09:00,0,1,0
พุทธมณฑลสาย 2 - ซ.วัดบุณยประดิษฐ์,ซ.วัดบุณยประดิษฐ์,2,09:00-16:00,0,1,0
พุทธมณฑลสาย 2 - ซ.วัดบุณยประดิษฐ์,ซ.วัดบุณยประดิษฐ์,2,16:00-19:00,0,1,0
พุทธมณฑลสาย 2 - ซ.วัดบุณยประดิษฐ์,พุทธมณฑลสาย 2,2,07:00-09:00,0,1,0
พุทธมณฑลสาย 2 - ซ.วัดบุณยประดิษฐ์,พุทธมณฑลสาย 2,2,09:00-16:00,0,1,0
พุทธมณฑลสาย 2 - ซ.วัดบุณยประดิษฐ์,พุทธมณฑลสาย 2,2,16:00-19:00,0,1,0
พุทธมณฑลสาย 2 - ซ.วัดบุณยประดิษฐ์,พุทธมณฑลสาย 2 ซอย 10,2,07:00-09:00,0,1,0
พุทธมณฑลสาย 2 - ซ.วัดบุณยประดิษฐ์,พุทธมณฑลสาย 2 ซอย 10,2,09:00-16:00,0,1,0
พุทธมณฑลสาย 2 - ซ.วัดบุณยประดิษฐ์,พุทธมณฑลสาย 2 ซอย 10,2,16:00-19:00,0,1,0
พุทธมณฑลสาย 2 - ทางเข้าวัดบุณยประดิษฐ์,พุทธมณฑลสาย 2,4,07:00-09:00,0,0,1
พุทธมณฑลสาย 2 - ทางเข้าวัดบุณยประดิษฐ์,พุทธมณฑลสาย 2,4,09:00-17:00,0,0,1
พุทธมณฑลสาย 2 - ทางเข้าวัดบุณยประดิษฐ์,พุทธมณฑลสาย 2,4,17:00-19:00,0,0,1
พุทธมณฑลสาย 2 - ทางเข้าวัดบุณยประดิษฐ์,พุทธมณฑลสาย 2 ซ.10,4,07:00-09:00,0,0,1
พุทธมณฑลสาย 2 - ทางเข้าวัดบุณยประดิษฐ์,พุทธมณฑลสาย 2 ซ.10,4,09:00-17:00,0,0,1
พุทธมณฑลสาย 2 - ทางเข้าวัดบุณยประดิษฐ์,พุทธมณฑลสาย 2 ซ.10,4,17:00-19:00,0,0,1
พุทธมณฑลสาย 2 - ทางเข้าวัดบุณยประดิษฐ์,วัดบุณยประดิษฐ์,4,07:00-09:00,0,0,1
พุทธมณฑลสาย 2 - ทางเข้าวัดบุณยประดิษฐ์,วัดบุณยประดิษฐ์,4,09:00-17:00,0,0,1
พุทธมณฑลสาย 2 - ทางเข้าวัดบุณยประดิษฐ์,วัดบุณยประดิษฐ์,4,17:00-19:00,0,0,1
พุทธมณฑลสาย 2 - บางแวก,บางแวก,2,07:00-09:00,0,1,0
พุทธมณฑลสาย 2 - บางแวก,บางแวก,2,09:00-16:00,0,1,0
พุทธมณฑลสาย 2 - บางแวก,บางแวก,2,16:00-19:00,0,1,0
พุทธมณฑลสาย 2 - บางแวก,บางแวก,3,07:00-09:00,0,0,1
พุทธมณฑลสาย 2 - บางแวก,บางแวก,3,09:00-17:00,0,0,1
พุทธมณฑลสาย 2 - บางแวก,บางแวก,3,17:00-19:00,0,0,1
พุทธมณฑลสาย 2 - บางแวก,พุทธมณฑลสาย 2,2,07:00-09:00,0,1,0
พุทธมณฑลสาย 2 - บางแวก,พุทธมณฑลสาย 2,2,09:00-16:00,0,1,0
พุทธมณฑลสาย 2 - บางแวก,พุทธมณฑลสาย 2,2,16:00-19:00,0,1,0
พุทธมณฑลสาย 2 - บางแวก,พุทธมณฑลสาย 2,3,07:00-09:00,0,0,1
พุทธมณฑลสาย 2 - บางแวก,พุทธมณฑลสาย 2,3,09:00-17:00,0,0,1
พุทธมณฑลสาย 2 - บางแวก,พุทธมณฑลสาย 2,3,17:00-19:00,0,0,1
พุทธมณฑลสาย 2 - สุขาภิบาลบางระมาด,พุทธมณฑลสาย 2,1,07:00-09:00,0,0,1
พุทธมณฑลสาย 2 - สุขาภิบาลบางระมาด,พุทธมณฑลสาย 2,1,09:00-17:00,0,0,1
พุทธมณฑลสาย 2 - สุขาภิบาลบางระมาด,พุทธมณฑลสาย 2,1,17:00-19:00,0,0,1
พุทธมณฑลสาย 2 - สุขาภิบาลบางระมาด,สุขาภิบาลบางระมาด,1,07:00-09:00,0,0,1
พุทธมณฑลสาย 2 - สุขาภิบาลบางระมาด,สุขาภิบาลบางระมาด,1,09:00-17:00,0,0,1
พุทธมณฑลสาย 2 - สุขาภิบาลบางระมาด,สุขาภิบาลบางระมาด,1,17:00-19:00,0,0,1
พุทธมณฑลสาย 2 ซ.12,พุทธมณฑลสาย 2,4,07:00-09:00,0,0,1
พุทธมณฑลสาย 2 ซ.12,พุทธมณฑลสาย 2,4,09:00-16:00,0,0,1
พุทธมณฑลสาย 2 ซ.12,พุทธมณฑลสาย 2,4,16:00-19:00,0,0,1
พุทธมณฑลสาย 2 ซ.12,พุทธมณฑลสาย 2 ซอย 12,4,07:00-09:00,0,0,1
พุทธมณฑลสาย 2 ซ.12,พุทธมณฑลสาย 2 ซอย 12,4,09:00-16:00,0,0,1
พุทธมณฑลสาย 2 ซ.12,พุทธมณฑลสาย 2 ซอย 12,4,16:00-19:00,0,0,1
พุทธมณฑลสาย 3,พุทธมณฑลสาย 3,1,07:00-09:00,0,1,0
พุทธมณฑลสาย 3,พุทธมณฑลสาย 3,1,09:00-16:00,0,1,0
พุทธมณฑลสาย 3,พุทธมณฑลสาย 3,1,16:00-19:00,0,1,0
พุทธมณฑลสาย 3,พุทธมณฑลสาย 3,2,07:00-09:00,0,0,1
พุทธมณฑลสาย 3,พุทธมณฑลสาย 3,2,09:00-17:00,0,0,1
พุทธมณฑลสาย 3,พุทธมณฑลสาย 3,2,17:00-19:00,0,0,1
พุทธมณฑลสาย 3,พุทธมณฑลสาย 3,3,07:00-09:00,2,0,0
พุทธมณฑลสาย 3,พุทธมณฑลสาย 3,3,09:00-16:00,2,0,0
พุทธมณฑลสาย 3,พุทธมณฑลสาย 3,3,16:00-19:00,2,0,0
พุทธมณฑลสาย 3,เพชรเกษม,1,07:00-09:00,0,1,0
พุทธมณฑลสาย 3,เพชรเกษม,1,09:00-16:00,0,1,0
พุทธมณฑลสาย 3,เพชรเกษม,1,16:00-19:00,0,1,0
พุทธมณฑลสาย 3,เพชรเกษม,2,07:00-09:00,0,0,1
พุทธมณฑลสาย 3,เพชรเกษม,2,09:00-17:00,0,0,1
พุทธมณฑลสาย 3,เพชรเกษม,2,17:00-19:00,0,0,1
พุทธมณฑลสาย 3,เพชรเกษม,3,07:00-09:00,2,0,0
พุทธมณฑลสาย 3,เพชรเกษม,3,09:00-16:00,2,0,0
พุทธมณฑลสาย 3,เพชรเกษม,3,16:00-19:00,2,0,0
พุทธมณฑลสาย 3 - ถ.อุทยาน,พุทธมณฑลสาย 3,1,07:00-09:00,0,1,0
พุทธมณฑลสาย 3 - ถ.อุทยาน,พุทธมณฑลสาย 3,1,09:00-16:00,0,1,0
พุทธมณฑลสาย 3 - ถ.อุทยาน,พุทธมณฑลสาย 3,1,16:00-19:00,0,1,0
พุทธมณฑลสาย 3 - ถ.อุทยาน,พุทธมณฑลสาย 3,4,07:00-09:00,1,0,0
พุทธมณฑลสาย 3 - ถ.อุทยาน,พุทธมณฑลสาย 3,4,09:00-16:00,1,0,0
พุทธมณฑลสาย 3 - ถ.อุทยาน,พุทธมณฑลสาย 3,4,16:00-19:00,1,0,0
พุทธมณฑลสาย 3 - ถ.อุทยาน,อุทยาน,1,07:00-09:00,0,1,0
พุทธมณฑลสาย 3 - ถ.อุทยาน,อุทยาน,1,09:00-16:00,0,1,0
พุทธมณฑลสาย 3 - ถ.อุทยาน,อุทยาน,1,16:00-19:00,0,1,0
พุทธมณฑลสาย 3 - ถ.อุทยาน,อุทยาน,4,07:00-09:00,1,0,0
พุทธมณฑลสาย 3 - ถ.อุทยาน,อุทยาน,4,09:00-16:00,1,0,0
พุทธมณฑลสาย 3 - ถ.อุทยาน,อุทยาน,4,16:00-19:00,1,0,0
พุทธมณฑลสาย 3 - อุทยาน,พุทธมณฑลสาย 3,1,07:00-09:00,0,0,1
พุทธมณฑลสาย 3 - อุทยาน,พุทธมณฑลสาย 3,1,09:00-16:00,0,0,1
พุทธมณฑลสาย 3 - อุทยาน,พุทธมณฑลสาย 3,1,16:00-19:00,0,0,1
พุทธมณฑลสาย 3 - อุทยาน,พุทธมณฑลสาย 3,3,07:00-09:00,0,0,1
พุทธมณฑลสาย 3 - อุทยาน,พุทธมณฑลสาย 3,3,09:00-17:00,0,0,1
พุทธมณฑลสาย 3 - อุทยาน,พุทธมณฑลสาย 3,3,17:00-19:00,0,0,1
พุทธมณฑลสาย 3 - อุทยาน,อุทยาน,1,07:00-09:00,0,0,1
พุทธมณฑลสาย 3 - อุทยาน,อุทยาน,1,09:00-16:00,0,0,1
พุทธมณฑลสาย 3 - อุทยาน,อุทยาน,1,16:00-19:00,0,0,1
พุทธมณฑลสาย 3 - อุทยาน,อุทยาน,3,07:00-09:00,0,0,1
พุทธมณฑลสาย 3 - อุทยาน,อุทยาน,3,09:00-17:00,0,0,1
พุทธมณฑลสาย 3 -ซ.ศาลาธรรมสพน์,ซอยศาลาธรรมสพน์,1,07:00-09:00,1,0,0
พุทธมณฑลสาย 3 -ซ.ศาลาธรรมสพน์,ซอยศาลาธรรมสพน์,1,09:00-16:00,1,0,0
พุทธมณฑลสาย 3 -ซ.ศาลาธรรมสพน์,ซอยศาลาธรรมสพน์,1,16:00-19:00,1,0,0
พุทธมณฑลสาย 3 -ซ.ศาลาธรรมสพน์,พุทธมณฑลสาย 3,1,07:00-09:00,1,0,0
พุทธมณฑลสาย 3 -ซ.ศาลาธรรมสพน์,พุทธมณฑลสาย 3,1,09:00-16:00,1,0,0
พุทธมณฑลสาย 3 -ซ.ศาลาธรรมสพน์,พุทธมณฑลสาย 3,1,16:00-19:00,1,0,0
ภาวนา,ซอยลาดพราว 37,1,07:00-09:00,1,0,0
ภาวนา,ซอยลาดพราว 37,1,09:00-16:00,1,0,0
ภาวนา,ซอยลาดพราว 37,1,16:00-19:00,1,0,0
ภาวนา,ซอยลาดพร้าว 37,3,07:00-09:00,1,0,0
ภาวนา,ซอยลาดพร้าว 37,3,09:00-16:00,1,0,0
ภาวนา,ซอยลาดพร้าว 37,3,16:00-19:00,1,0,0
ภาวนา,ซอยลาดพร้าว 41,1,07:00-09:00,1,0,0
ภาวนา,ซอยลาดพร้าว 41,1,09:00-16:00,1,0,0
ภาวนา,ซอยลาดพร้าว 41,1,16:00-19:00,1,0,0
ภาวนา,ซอยลาดพร้าว 41,3,07:00-09:00,1,0,0
ภาวนา,ซอยลาดพร้าว 41,3,09:00-16:00,1,0,0
ภาวนา,ซอยลาดพร้าว 41,3,16:00-19:00,1,0,0
ภาวนา,ซอยลาดพร้าว 44,1,07:00-09:00,1,0,0
ภาวนา,ซอยลาดพร้าว 44,1,09:00-16:00,1,0,0
ภาวนา,ซอยลาดพร้าว 44,1,16:00-19:00,1,0,0
ภาวนา,ซอยลาดพร้าว 44,3,07:00-09:00,1,0,0
ภาวนา,ซอยลาดพร้าว 44,3,09:00-16:00,1,0,0
ภาวนา,ซอยลาดพร้าว 44,3,16:00-19:00,1,0,0
ภาวนา,ถนนลาดพร้าว,1,07:00-09:00,1,0,0
ภาวนา,ถนนลาดพร้าว,1,09:00-16:00,1,0,0
ภาวนา,ถนนลาดพร้าว,1,16:00-19:00,1,0,0
ภาวนา,ลาดพร้าว,3,07:00-09:00,1,0,0
ภาวนา,ลาดพร้าว,3,09:00-16:00,1,0,0
ภาวนา,ลาดพร้าว,3,16:00-19:00,1,0,0
ภาวนา,ลาดพร้าว,4,07:00-09:00,0,0,1
ภาวนา,ลาดพร้าว,4,09:00-16:00,0,0,1
ภาวนา,ลาดพร้าว,4,16:00-19:00,0,0,1
ภาวนา,ลาดพร้าว 37,4,07:00-09:00,0,0,1
ภาวนา,ลาดพร้าว 37,4,09:00-16:00,0,0,1
ภาวนา,ลาดพร้าว 37,4,16:00-19:00,0,0,1
ภาวนา,ลาดพร้าว 41,4,07:00-09:00,0,0,1
ภาวนา,ลาดพร้าว 41,4,09:00-16:00,0,0,1
ภาวนา,ลาดพร้าว 41,4,16:00-19:00,0,0,1
ภาวนา,ลาดพร้าว 44,4,07:00-09:00,0,0,1
ภาวนา,ลาดพร้าว 44,4,09:00-16:00,0,0,1
ภาวนา,ลาดพร้าว 44,4,16:00-19:00,0,0,1
ม.หอการค้าไทย,วิภาวดีรังสิต,3,07:00-09:00,0,1,0
ม.หอการค้าไทย,วิภาวดีรังสิต,3,09:00-16:00,0,1,0
ม.หอการค้าไทย,วิภาวดีรังสิต,3,16:00-19:00,0,1,0
มหานคร,จารุเมือง,2,07:00-09:00,0,0,1
มหานคร,จารุเมือง,2,09:00-17:00,0,0,1
มหานคร,จารุเมือง,2,17:00-19:00,0,0,1
มหานคร,จารุเมือง,4,07:00-09:00,1,0,1
มหานคร,จารุเมือง,4,09:00-16:00,1,0,1
มหานคร,จารุเมือง,4,16:00-19:00,1,0,1
มหานคร,พระรามที่ 4,2,07:00-09:00,0,0,1
มหานคร,พระรามที่ 4,2,09:00-17:00,0,0,1
มหานคร,พระรามที่ 4,2,17:00-19:00,0,0,1
มหานคร,พระรามที่ 4,4,07:00-09:00,1,0,1
มหานคร,พระรามที่ 4,4,09:00-16:00,1,0,1
มหานคร,พระรามที่ 4,4,16:00-19:00,1,0,1
มหานคร,มหานคร,2,07:00-09:00,0,0,1
มหานคร,มหานคร,2,09:00-17:00,0,0,1
มหานคร,มหานคร,2,17:00-19:00,0,0,1
มหานคร,มหานคร,4,07:00-09:00,1,0,1
มหานคร,มหานคร,4,09:00-16:00,1,0,1
มหานคร,มหานคร,4,16:00-19:00,1,0,1
มหานคร - สี่พระยา,มหานคร,1,07:00-09:00,0,0,1
มหานคร - สี่พระยา,มหานคร,1,09:00-17:00,0,0,1
มหานคร - สี่พระยา,มหานคร,1,17:00-19:00,0,0,1
มหานคร - สี่พระยา,มหาเศรษฐ์,1,07:00-09:00,0,0,1
มหานคร - สี่พระยา,มหาเศรษฐ์,1,09:00-17:00,0,0,1
มหานคร - สี่พระยา,มหาเศรษฐ์,1,17:00-19:00,0,0,1
มหานคร - สี่พระยา,สี่พระยา,1,07:00-09:00,0,0,1
มหานคร - สี่พระยา,สี่พระยา,1,09:00-17:00,0,0,1
มหานคร - สี่พระยา,สี่พระยา,1,17:00-19:00,0,0,1
มหาวิทยาลัยกรุงเทพ,ซ.บ้านกล้วยใต้ (สุขุมวิท42),2,07:00-09:00,1,0,0
มหาวิทยาลัยกรุงเทพ,ซ.บ้านกล้วยใต้ (สุขุมวิท42),2,09:00-16:00,1,0,0
มหาวิทยาลัยกรุงเทพ,ซ.บ้านกล้วยใต้ (สุขุมวิท42),2,16:00-19:00,1,0,0
มหาวิทยาลัยกรุงเทพ,ซ.มหาวิทยาลัยกรุงเทพ,2,07:00-09:00,1,0,0
มหาวิทยาลัยกรุงเทพ,ซ.มหาวิทยาลัยกรุงเทพ,2,09:00-16:00,1,0,0
มหาวิทยาลัยกรุงเทพ,ซ.มหาวิทยาลัยกรุงเทพ,2,16:00-19:00,1,0,0
มหาวิทยาลัยกรุงเทพ,พระรามที่ 4,2,07:00-09:00,1,0,1
มหาวิทยาลัยกรุงเทพ,พระรามที่ 4,2,09:00-16:00,1,0,1
มหาวิทยาลัยกรุงเทพ,พระรามที่ 4,2,16:00-19:00,1,0,1
มหาวิทยาลัยกรุงเทพ,ม.กรุงเทพฯ,2,07:00-09:00,0,0,1
มหาวิทยาลัยกรุงเทพ,ม.กรุงเทพฯ,2,09:00-16:00,0,0,1
มหาวิทยาลัยกรุงเทพ,ม.กรุงเทพฯ,2,16:00-19:00,0,0,1
มหาวิทยาลัยกรุงเทพ,สุขุมวิท 42,2,07:00-09:00,0,0,1
มหาวิทยาลัยกรุงเทพ,สุขุมวิท 42,2,09:00-16:00,0,0,1
มหาวิทยาลัยกรุงเทพ,สุขุมวิท 42,2,16:00-19:00,0,0,1
มหาไชย - ศิริชัย,มหาไชย,3,07:00-09:00,0,1,0
มหาไชย - ศิริชัย,มหาไชย,3,09:00-16:00,0,1,0
มหาไชย - ศิริชัย,มหาไชย,3,16:00-19:00,0,1,0
มหาไชย - สำราญราษฎร์,มหาไชย,3,07:00-09:00,1,0,0
มหาไชย - สำราญราษฎร์,มหาไชย,3,09:00-16:00,1,0,0
มหาไชย - สำราญราษฎร์,มหาไชย,3,16:00-19:00,1,0,0
มักกะสัน,นิคมมักกะสัน,2,07:00-09:00,0,0,2
มักกะสัน,นิคมมักกะสัน,2,09:00-17:00,0,0,2
มักกะสัน,นิคมมักกะสัน,2,17:00-19:00,0,0,2
มักกะสัน,ราชปรารภ,2,07:00-09:00,0,0,2
มักกะสัน,ราชปรารภ,2,09:00-17:00,0,0,2
มักกะสัน,ราชปรารภ,2,17:00-19:00,0,0,2
มัฆวาน,กรุงเกษม,1,07:00-09:00,0,0,1
มัฆวาน,กรุงเกษม,1,09:00-16:00,0,0,1
มัฆวาน,กรุงเกษม,1,16:00-19:00,0,0,1
มัฆวาน,กรุงเกษม,2,07:00-09:00,0,1,0
มัฆวาน,กรุงเกษม,2,09:00-16:00,0,1,0
มัฆวาน,กรุงเกษม,2,16:00-19:00,0,1,0
มัฆวาน,กรุงเกษม,4,07:00-09:00,0,0,1
มัฆวาน,กรุงเกษม,4,09:00-17:00,0,0,1
มัฆวาน,กรุงเกษม,4,17:00-19:00,0,0,1
มัฆวาน,ราชดำเนิน,1,07:00-09:00,0,0,1
มัฆวาน,ราชดำเนิน,1,09:00-16:00,0,0,1
มัฆวาน,ราชดำเนิน,1,16:00-19:00,0,0,1
มัฆวาน,ราชดำเนินนอก,2,06:30-09:00,0,1,0
มัฆวาน,ราชดำเนินนอก,2,09:00-16:00,0,1,0
มัฆวาน,ราชดำเนินนอก,2,16:00-19:30,0,1,0
มัฆวาน,ราชดำเนินนอก,4,07:00-09:00,0,0,1
มัฆวาน,ราชดำเนินนอก,4,09:00-17:00,0,0,1
มัฆวาน,ราชดำเนินนอก,4,17:00-19:00,0,0,1
มัฒวาน,กรุงเกษม,4,07:00-09:00,1,0,0
มัฒวาน,กรุงเกษม,4,09:00-16:00,1,0,0
มัฒวาน,กรุงเกษม,4,16:00-19:00,1,0,0
มัฒวาน,ราชดำเนินนอก,4,07:00-09:00,1,0,0
มัฒวาน,ราชดำเนินนอก,4,09:00-16:00,1,0,0
มัฒวาน,ราชดำเนินนอก,4,16:00-19:00,1,0,0
มัยลาภ,ซ.รามอยินทรา 14 (ซ.มัยลาภ ),3,07:00-09:00,1,0,0
มัยลาภ,ซ.รามอยินทรา 14 (ซ.มัยลาภ ),3,09:00-16:00,1,0,0
มัยลาภ,ซ.รามอยินทรา 14 (ซ.มัยลาภ ),3,16:00-19:00,1,0,0
มัยลาภ,รามอินทรา,3,07:00-09:00,1,0,1
มัยลาภ,รามอินทรา,3,09:00-16:00,1,0,0
มัยลาภ,รามอินทรา,3,09:00-17:00,0,0,1
มัยลาภ,รามอินทรา,3,16:00-19:00,1,0,0
มัยลาภ,รามอินทรา,3,17:00-19:00,0,0,1
มัยลาภ,รามอินทรา 14,3,07:00-09:00,0,0,1
มัยลาภ,รามอินทรา 14,3,09:00-17:00,0,0,1
มัยลาภ,รามอินทรา 14,3,17:00-19:00,0,0,1
มิตรสัมพันธ์,นิคมมักกะสัน,2,06:30-09:00,0,1,0
มิตรสัมพันธ์,นิคมมักกะสัน,2,07:00-09:00,0,1,0
มิตรสัมพันธ์,นิคมมักกะสัน,2,09:00-16:00,0,2,0
มิตรสัมพันธ์,นิคมมักกะสัน,2,16:00-19:00,0,1,0
มิตรสัมพันธ์,นิคมมักกะสัน,2,16:00-19:30,0,1,0
มิตรสัมพันธ์,นิคมมักกะสัน,3,07:00-09:00,1,0,1
มิตรสัมพันธ์,นิคมมักกะสัน,3,09:00-16:00,1,0,0
มิตรสัมพันธ์,นิคมมักกะสัน,3,09:00-17:00,0,0,1
มิตรสัมพันธ์,นิคมมักกะสัน,3,16:00-19:00,1,0,0
มิตรสัมพันธ์,นิคมมักกะสัน,3,17:00-19:00,0,0,1
มิตรสัมพันธ์,มักกะสัน,2,07:00-09:00,0,0,1
มิตรสัมพันธ์,มักกะสัน,2,09:00-17:00,0,0,1
มิตรสัมพันธ์,มักกะสัน,2,17:00-19:00,0,0,1
มิตรสัมพันธ์,เพชรบุรี,2,06:30-09:00,0,1,0
มิตรสัมพันธ์,เพชรบุรี,2,07:00-09:00,0,1,1
มิตรสัมพันธ์,เพชรบุรี,2,09:00-16:00,0,2,0
มิตรสัมพันธ์,เพชรบุรี,2,09:00-17:00,0,0,1
มิตรสัมพันธ์,เพชรบุรี,2,16:00-19:00,0,2,0
มิตรสัมพันธ์,เพชรบุรี,2,17:00-19:00,0,0,1
มิตรสัมพันธ์,เพชรบุรี,3,07:00-09:00,1,0,1
มิตรสัมพันธ์,เพชรบุรี,3,09:00-16:00,1,0,0
มิตรสัมพันธ์,เพชรบุรี,3,09:00-17:00,0,0,1
มิตรสัมพันธ์,เพชรบุรี,3,16:00-19:00,1,0,0
มิตรสัมพันธ์,เพชรบุรี,3,17:00-19:00,0,0,1
มิตรไมตรี - มิตรไมตรี,มิตรไมตรี (EB - WB),1,07:00-09:00,0,1,0
มิตรไมตรี - มิตรไมตรี,มิตรไมตรี (EB - WB),1,09:00-16:00,0,1,0
มิตรไมตรี - มิตรไมตรี,มิตรไมตรี (EB - WB),1,16:00-19:00,0,1,0
มิตรไมตรี - มิตรไมตรี,มิตรไมตรี (EB-WB),1,07:00-09:00,0,1,0
มิตรไมตรี - มิตรไมตรี,มิตรไมตรี (EB-WB),1,09:00-16:00,0,1,0
มิตรไมตรี - มิตรไมตรี,มิตรไมตรี (EB-WB),1,16:00-19:00,0,1,0
มิตรไมตรี - มิตรไมตรี,มิตรไมตรี (NB),1,07:00-09:00,0,2,0
มิตรไมตรี - มิตรไมตรี,มิตรไมตรี (NB),1,09:00-16:00,0,2,0
มิตรไมตรี - มิตรไมตรี,มิตรไมตรี (NB),1,16:00-19:00,0,2,0
มิตรไมตรี - มิตรไมตรี 1,มิตรไมตรี,1,06:30-09:00,5,1,0
มิตรไมตรี - มิตรไมตรี 1,มิตรไมตรี,1,09:00-16:00,5,1,0
มิตรไมตรี - มิตรไมตรี 1,มิตรไมตรี,1,16:00-19:30,5,1,0
มิตรไมตรี - มิตรไมตรี 1,มิตรไมตรี,2,07:00-09:00,0,0,1
มิตรไมตรี - มิตรไมตรี 1,มิตรไมตรี,2,09:00-16:00,0,0,1
มิตรไมตรี - มิตรไมตรี 1,มิตรไมตรี,2,16:00-19:00,0,0,1
มิตรไมตรี - มิตรไมตรี 1,มิตรไมตรี 1,1,06:30-09:00,5,1,0
มิตรไมตรี - มิตรไมตรี 1,มิตรไมตรี 1,1,09:00-16:00,5,1,0
มิตรไมตรี - มิตรไมตรี 1,มิตรไมตรี 1,1,16:00-19:30,5,1,0
มิตรไมตรี - มิตรไมตรี 1,มิตรไมตรี 1,2,07:00-09:00,0,0,1
มิตรไมตรี - มิตรไมตรี 1,มิตรไมตรี 1,2,09:00-16:00,0,0,1
มิตรไมตรี - มิตรไมตรี 1,มิตรไมตรี 1,2,16:00-19:00,0,0,1
มิตรไมตรี - มิตรไมตรี 12/2,มิตรไมตรี,2,07:00-09:00,0,0,1
มิตรไมตรี - มิตรไมตรี 12/2,มิตรไมตรี,2,09:00-17:00,0,0,1
มิตรไมตรี - มิตรไมตรี 12/2,มิตรไมตรี,2,17:00-19:00,0,0,1
มิตรไมตรี - มิตรไมตรี 12/2,มิตรไมตรี 12/2,2,07:00-09:00,0,0,1
มิตรไมตรี - มิตรไมตรี 12/2,มิตรไมตรี 12/2,2,09:00-17:00,0,0,1
มิตรไมตรี - มิตรไมตรี 12/2,มิตรไมตรี 12/2,2,17:00-19:00,0,0,1
มิตรไมตรี - มิตรไมตรี 2,มิตรไมตรี,1,06:30-09:00,4,1,0
มิตรไมตรี - มิตรไมตรี 2,มิตรไมตรี,1,07:00-09:00,0,2,0
มิตรไมตรี - มิตรไมตรี 2,มิตรไมตรี,1,09:00-16:00,4,3,0
มิตรไมตรี - มิตรไมตรี 2,มิตรไมตรี,1,16:00-19:00,0,2,0
มิตรไมตรี - มิตรไมตรี 2,มิตรไมตรี,1,16:00-19:30,4,1,0
มิตรไมตรี - มิตรไมตรี 2,มิตรไมตรี,2,07:00-09:00,0,0,2
มิตรไมตรี - มิตรไมตรี 2,มิตรไมตรี,2,09:00-16:00,0,0,1
มิตรไมตรี - มิตรไมตรี 2,มิตรไมตรี,2,09:00-17:00,0,0,1
มิตรไมตรี - มิตรไมตรี 2,มิตรไมตรี,2,16:00-19:00,0,0,1
มิตรไมตรี - มิตรไมตรี 2,มิตรไมตรี,2,17:00-19:00,0,0,1
มิตรไมตรี - มิตรไมตรี 2,มิตรไมตรี,3,07:00-09:00,2,0,1
มิตรไมตรี - มิตรไมตรี 2,มิตรไมตรี,3,09:00-16:00,2,0,0
มิตรไมตรี - มิตรไมตรี 2,มิตรไมตรี,3,09:00-17:00,0,0,1
มิตรไมตรี - มิตรไมตรี 2,มิตรไมตรี,3,16:00-19:00,2,0,0
มิตรไมตรี - มิตรไมตรี 2,มิตรไมตรี,3,17:00-19:00,0,0,1
มิตรไมตรี - มิตรไมตรี 2,มิตรไมตรี,4,07:00-09:00,0,1,0
มิตรไมตรี - มิตรไมตรี 2,มิตรไมตรี,4,09:00-16:00,0,1,0
มิตรไมตรี - มิตรไมตรี 2,มิตรไมตรี,4,16:00-19:00,0,1,0
มิตรไมตรี - มิตรไมตรี 2,มิตรไมตรี 2,1,06:30-09:00,4,1,0
มิตรไมตรี - มิตรไมตรี 2,มิตรไมตรี 2,1,07:00-09:00,0,2,0
มิตรไมตรี - มิตรไมตรี 2,มิตรไมตรี 2,1,09:00-16:00,4,3,0
มิตรไมตรี - มิตรไมตรี 2,มิตรไมตรี 2,1,16:00-19:00,0,2,0
มิตรไมตรี - มิตรไมตรี 2,มิตรไมตรี 2,1,16:00-19:30,4,1,0
มิตรไมตรี - มิตรไมตรี 2,มิตรไมตรี 2,2,07:00-09:00,0,0,2
มิตรไมตรี - มิตรไมตรี 2,มิตรไมตรี 2,2,09:00-16:00,0,0,1
มิตรไมตรี - มิตรไมตรี 2,มิตรไมตรี 2,2,09:00-17:00,0,0,1
มิตรไมตรี - มิตรไมตรี 2,มิตรไมตรี 2,2,16:00-19:00,0,0,1
มิตรไมตรี - มิตรไมตรี 2,มิตรไมตรี 2,2,17:00-19:00,0,0,1
มิตรไมตรี - มิตรไมตรี 2,มิตรไมตรี 2,3,07:00-09:00,2,0,1
มิตรไมตรี - มิตรไมตรี 2,มิตรไมตรี 2,3,09:00-16:00,2,0,0
มิตรไมตรี - มิตรไมตรี 2,มิตรไมตรี 2,3,09:00-17:00,0,0,1
มิตรไมตรี - มิตรไมตรี 2,มิตรไมตรี 2,3,16:00-19:00,2,0,0
มิตรไมตรี - มิตรไมตรี 2,มิตรไมตรี 2,3,17:00-19:00,0,0,1
มิตรไมตรี - มิตรไมตรี 2,มิตรไมตรี 2,4,07:00-09:00,0,1,0
มิตรไมตรี - มิตรไมตรี 2,มิตรไมตรี 2,4,09:00-16:00,0,1,0
มิตรไมตรี - มิตรไมตรี 2,มิตรไมตรี 2,4,16:00-19:00,0,1,0
มิตรไมตรี - มิตรไมตรี 3,มิตรไมตรี,3,07:00-09:00,0,0,1
มิตรไมตรี - มิตรไมตรี 3,มิตรไมตรี,3,09:00-16:00,0,0,1
มิตรไมตรี - มิตรไมตรี 3,มิตรไมตรี,3,16:00-19:00,0,0,1
มิตรไมตรี - มิตรไมตรี 3,มิตรไมตรี 3,3,07:00-09:00,0,0,1
มิตรไมตรี - มิตรไมตรี 3,มิตรไมตรี 3,3,09:00-16:00,0,0,1
มิตรไมตรี - มิตรไมตรี 3,มิตรไมตรี 3,3,16:00-19:00,0,0,1
มิตรไมตรี - สกุลดี,ประชาสำราญ,3,07:00-09:00,0,0,1
มิตรไมตรี - สกุลดี,ประชาสำราญ,3,09:00-16:00,0,0,1
มิตรไมตรี - สกุลดี,ประชาสำราญ,3,16:00-19:00,0,0,1
มิตรไมตรี - สกุลดี,มิตรไมตรี,3,07:00-09:00,0,0,1
มิตรไมตรี - สกุลดี,มิตรไมตรี,3,09:00-16:00,0,0,1
มิตรไมตรี - สกุลดี,มิตรไมตรี,3,16:00-19:00,0,0,1
มิตรไมตรี - สกุลดี,สกุลดี,3,07:00-09:00,0,0,1
มิตรไมตรี - สกุลดี,สกุลดี,3,09:00-16:00,0,0,1
มิตรไมตรี - สกุลดี,สกุลดี,3,16:00-19:00,0,0,1
มิตรไมตรี -มิตรไมตรี 3 -มิตรไมตรี 4,มิตรไมตรี,2,07:00-09:00,0,0,1
มิตรไมตรี -มิตรไมตรี 3 -มิตรไมตรี 4,มิตรไมตรี,2,09:00-17:00,0,0,1
มิตรไมตรี -มิตรไมตรี 3 -มิตรไมตรี 4,มิตรไมตรี,2,17:00-19:00,0,0,1
มิตรไมตรี -มิตรไมตรี 3 -มิตรไมตรี 4,มิตรไมตรี 3,2,07:00-09:00,0,0,1
มิตรไมตรี -มิตรไมตรี 3 -มิตรไมตรี 4,มิตรไมตรี 3,2,09:00-17:00,0,0,1
มิตรไมตรี -มิตรไมตรี 3 -มิตรไมตรี 4,มิตรไมตรี 3,2,17:00-19:00,0,0,1
มิตรไมตรี -มิตรไมตรี 3 -มิตรไมตรี 4,มิตรไมตรี 4,2,07:00-09:00,0,0,1
มิตรไมตรี -มิตรไมตรี 3 -มิตรไมตรี 4,มิตรไมตรี 4,2,09:00-17:00,0,0,1
มิตรไมตรี -มิตรไมตรี 3 -มิตรไมตรี 4,มิตรไมตรี 4,2,17:00-19:00,0,0,1
มิตรไมตรี 3 - มิตรไมตรี 4,มิตรไมตรี,1,07:00-09:00,0,0,1
มิตรไมตรี 3 - มิตรไมตรี 4,มิตรไมตรี,1,09:00-17:00,0,0,1
มิตรไมตรี 3 - มิตรไมตรี 4,มิตรไมตรี,1,17:00-19:00,0,0,1
มิตรไมตรี 3 - มิตรไมตรี 4,มิตรไมตรี 3,1,07:00-09:00,0,0,1
มิตรไมตรี 3 - มิตรไมตรี 4,มิตรไมตรี 3,1,09:00-17:00,0,0,1
มิตรไมตรี 3 - มิตรไมตรี 4,มิตรไมตรี 3,1,17:00-19:00,0,0,1
มิตรไมตรี 3 - มิตรไมตรี 4,มิตรไมตรี 4,1,07:00-09:00,0,0,1
มิตรไมตรี 3 - มิตรไมตรี 4,มิตรไมตรี 4,1,09:00-17:00,0,0,1
มิตรไมตรี 3 - มิตรไมตรี 4,มิตรไมตรี 4,1,17:00-19:00,0,0,1
มิสทีน,รามคำแหง,2,07:00-09:00,0,0,2
มิสทีน,รามคำแหง,2,09:00-16:00,0,0,1
มิสทีน,รามคำแหง,2,09:00-17:00,0,0,1
มิสทีน,รามคำแหง,2,17:00-19:00,0,0,1
มิสทีน,รามคำแหง,4,07:00-09:00,1,0,0
มิสทีน,รามคำแหง,4,09:00-16:00,1,0,0
มิสทีน,รามคำแหง,4,16:00-19:00,1,0,0
มิสทีน,ราษฎร์พัฒนา,2,07:00-09:00,0,0,2
มิสทีน,ราษฎร์พัฒนา,2,09:00-16:00,0,0,1
มิสทีน,ราษฎร์พัฒนา,2,09:00-17:00,0,0,1
มิสทีน,ราษฎร์พัฒนา,2,16:00-19:00,0,0,1
มิสทีน,ราษฎร์พัฒนา,2,17:00-19:00,0,0,1
มิสทีน,ราษฎร์พัฒนา,4,07:00-09:00,1,0,0
มิสทีน,ราษฎร์พัฒนา,4,09:00-16:00,1,0,0
มิสทีน,ราษฎร์พัฒนา,4,16:00-19:00,1,0,0
มเหสักข์,มหาเศรษฐ์,1,09:00-17:00,0,0,1
มเหสักข์,มหาเศรษฐ์,1,17:00-19:00,0,0,1
มเหสักข์,มเหสักข์,1,09:00-17:00,0,0,1
มเหสักข์,มเหสักข์,1,17:00-19:00,0,0,1
มเหสักข์,มเหสักข์,2,07:00-09:00,1,0,0
มเหสักข์,มเหสักข์,2,09:00-16:00,1,0,0
มเหสักข์,มเหสักข์,2,16:00-19:00,1,0,0
มเหสักข์,สีลม,2,07:00-09:00,1,0,0
มเหสักข์,สีลม,2,09:00-16:00,1,0,0
มเหสักข์,สีลม,2,16:00-19:00,1,0,0
มเหสักข์,สุรวงศ์,1,07:00-09:00,0,0,1
มเหสักข์,สุรวงศ์,1,09:00-17:00,0,0,1
มเหสักข์,สุรวงศ์,1,17:00-19:00,0,0,1
มเหสักข์,สุรศักดิ์,2,07:00-09:00,1,0,0
มเหสักข์,สุรศักดิ์,2,09:00-16:00,1,0,0
มเหสักข์,สุรศักดิ์,2,16:00-19:00,1,0,0
มไหสวรรย์,มไหสวรรย์,1,07:00-09:00,0,0,1
มไหสวรรย์,มไหสวรรย์,1,09:00-16:00,0,0,1
มไหสวรรย์,มไหสวรรย์,1,16:00-19:00,0,0,1
มไหสวรรย์,มไหสวรรย์,3,07:00-09:00,2,0,0
มไหสวรรย์,มไหสวรรย์,3,09:00-16:00,2,0,0
มไหสวรรย์,มไหสวรรย์,3,16:00-19:00,2,0,0
มไหสวรรย์,มไหสวรรย์,4,07:00-09:00,0,1,2
มไหสวรรย์,มไหสวรรย์,4,09:00-16:00,0,1,0
มไหสวรรย์,มไหสวรรย์,4,09:00-17:00,0,0,2
มไหสวรรย์,มไหสวรรย์,4,16:00-19:00,0,1,0
มไหสวรรย์,มไหสวรรย์,4,17:00-19:00,0,0,2
มไหสวรรย์,รัชดาภิเษก,3,07:00-09:00,2,0,0
มไหสวรรย์,รัชดาภิเษก,3,09:00-16:00,2,0,0
มไหสวรรย์,รัชดาภิเษก,3,16:00-19:00,2,0,0
มไหสวรรย์,รัชดาภิเษก,4,07:00-09:00,0,1,2
มไหสวรรย์,รัชดาภิเษก,4,09:00-16:00,0,1,0
มไหสวรรย์,รัชดาภิเษก,4,09:00-17:00,0,0,2
มไหสวรรย์,รัชดาภิเษก,4,16:00-19:00,0,1,0
มไหสวรรย์,รัชดาภิเษก,4,17:00-19:00,0,0,2
มไหสวรรย์,สมเดจ็พระเจ้าตากสิน,4,07:00-09:00,0,1,0
มไหสวรรย์,สมเดจ็พระเจ้าตากสิน,4,09:00-16:00,0,1,0
มไหสวรรย์,สมเดจ็พระเจ้าตากสิน,4,16:00-19:00,0,1,0
มไหสวรรย์,สมเด็จพระเจ้าตากสิน,1,07:00-09:00,0,0,1
มไหสวรรย์,สมเด็จพระเจ้าตากสิน,1,09:00-16:00,0,0,1
มไหสวรรย์,สมเด็จพระเจ้าตากสิน,1,16:00-19:00,0,0,1
มไหสวรรย์,สมเด็จพระเจ้าตากสิน,3,07:00-09:00,2,0,0
มไหสวรรย์,สมเด็จพระเจ้าตากสิน,3,09:00-16:00,2,0,0
มไหสวรรย์,สมเด็จพระเจ้าตากสิน,3,16:00-19:00,2,0,0
มไหสวรรย์,สมเด็จพระเจ้าตากสิน,4,07:00-09:00,0,0,2
มไหสวรรย์,สมเด็จพระเจ้าตากสิน,4,09:00-17:00,0,0,2
มไหสวรรย์,สมเด็จพระเจ้าตากสิน,4,17:00-19:00,0,0,2
ยมราช,พิษณุโลก,2,07:00-09:00,0,0,2
ยมราช,พิษณุโลก,2,09:00-16:00,0,0,1
ยมราช,พิษณุโลก,2,09:00-17:00,0,0,1
ยมราช,พิษณุโลก,2,16:00-19:00,0,0,1
ยมราช,พิษณุโลก,2,17:00-19:00,0,0,1
ยมราช,พิษณุโลก,3,07:00-09:00,1,0,1
ยมราช,พิษณุโลก,3,09:00-16:00,1,0,0
ยมราช,พิษณุโลก,3,09:00-17:00,0,0,1
ยมราช,พิษณุโลก,3,16:00-19:00,1,0,0
ยมราช,พิษณุโลก,3,17:00-19:00,0,0,1
ยมราช,สวรรคโลก,2,07:00-09:00,0,0,2
ยมราช,สวรรคโลก,2,09:00-16:00,0,0,1
ยมราช,สวรรคโลก,2,09:00-17:00,0,0,1
ยมราช,สวรรคโลก,2,16:00-19:00,0,0,1
ยมราช,สวรรคโลก,2,17:00-19:00,0,0,1
ยมราช,สวรรคโลก,3,06:30-09:00,1,0,0
ยมราช,สวรรคโลก,3,07:00-09:00,0,0,1
ยมราช,สวรรคโลก,3,09:00-16:00,1,0,0
ยมราช,สวรรคโลก,3,09:00-17:00,0,0,1
ยมราช,สวรรคโลก,3,16:00-19:30,1,0,0
ยมราช,สวรรคโลก,3,17:00-19:00,0,0,1
ยมราช,หลานหลวง,2,07:00-09:00,0,0,2
ยมราช,หลานหลวง,2,09:00-16:00,0,0,1
ยมราช,หลานหลวง,2,09:00-17:00,0,0,1
ยมราช,หลานหลวง,2,16:00-19:00,0,0,1
ยมราช,หลานหลวง,2,17:00-19:00,0,0,1
ยมราช,หลานหลวง,3,06:30-09:00,1,0,0
ยมราช,หลานหลวง,3,07:00-09:00,0,0,1
ยมราช,หลานหลวง,3,09:00-16:00,1,0,0
ยมราช,หลานหลวง,3,09:00-17:00,0,0,1
ยมราช,หลานหลวง,3,16:00-19:30,1,0,0
ยมราช,หลานหลวง,3,17:00-19:00,0,0,1
ยมราช,เพชรบุรี,2,07:00-09:00,0,0,2
ยมราช,เพชรบุรี,2,09:00-16:00,0,0,1
ยมราช,เพชรบุรี,2,09:00-17:00,0,0,1
ยมราช,เพชรบุรี,2,16:00-19:00,0,0,1
ยมราช,เพชรบุรี,2,17:00-19:00,0,0,1
ยมราช,เพชรบุรี,3,07:00-09:00,1,0,1
ยมราช,เพชรบุรี,3,09:00-16:00,1,0,0
ยมราช,เพชรบุรี,3,09:00-17:00,0,0,1
ยมราช,เพชรบุรี,3,16:00-19:00,1,0,0
ยมราช,เพชรบุรี,3,17:00-19:00,0,0,1
ยานนาวา,พระรามที่ 3,3,07:00-09:00,0,0,1
ยานนาวา,พระรามที่ 3,3,09:00-17:00,0,0,1
ยานนาวา,พระรามที่ 3,3,17:00-19:00,0,0,1
ยานนาวา,ยานนาวา,3,07:00-09:00,0,0,1
ยานนาวา,ยานนาวา,3,09:00-17:00,0,0,1
ยานนาวา,ยานนาวา,3,17:00-19:00,0,0,1
ยุคล 2,บำรุงเมือง,4,07:00-09:00,1,0,1
ยุคล 2,บำรุงเมือง,4,09:00-16:00,1,0,0
ยุคล 2,บำรุงเมือง,4,09:00-17:00,0,0,1
ยุคล 2,บำรุงเมือง,4,16:00-19:00,1,0,0
ยุคล 2,บำรุงเมือง,4,17:00-19:00,0,0,1
ยุคล 2,บํารุงเมือง,4,07:00-09:00,0,1,0
ยุคล 2,บํารุงเมือง,4,09:00-16:00,0,1,0
ยุคล 2,บํารุงเมือง,4,16:00-19:00,0,1,0
ยุคล 2,ยุคล 2,4,07:00-09:00,1,1,1
ยุคล 2,ยุคล 2,4,09:00-16:00,1,1,0
ยุคล 2,ยุคล 2,4,09:00-17:00,0,0,1
ยุคล 2,ยุคล 2,4,16:00-19:00,1,1,0
ยุคล 2,ยุคล 2,4,17:00-19:00,0,0,1
ร.พ. บางรัก,ซอยศึกษาวิทยา,1,07:00-09:00,0,1,0
ร.พ. บางรัก,ซอยศึกษาวิทยา,1,09:00-16:00,0,1,0
ร.พ. บางรัก,ซอยศึกษาวิทยา,1,16:00-19:00,0,1,0
ร.พ. บางรัก,ซอยเซ็นหลุยส์ 9,1,07:00-09:00,0,1,0
ร.พ. บางรัก,ซอยเซ็นหลุยส์ 9,1,09:00-16:00,0,1,0
ร.พ. บางรัก,ซอยเซ็นหลุยส์ 9,1,16:00-19:00,0,1,0
ร.พ. บางรัก,สาทร,1,07:00-09:00,0,1,0
ร.พ. บางรัก,สาทร,1,09:00-16:00,0,1,0
ร.พ. บางรัก,สาทร,1,16:00-19:00,0,1,0
ร.พ.สิรินธร,สุขาภิบาล 2,4,07:00-09:00,0,0,1
ร.พ.สิรินธร,สุขาภิบาล 2,4,09:00-16:00,0,0,1
ร.พ.สิรินธร,สุขาภิบาล 2,4,16:00-19:00,0,0,1
ร.พ.สิรินธร,อ่อนนุช,4,07:00-09:00,0,0,1
ร.พ.สิรินธร,อ่อนนุช,4,09:00-16:00,0,0,1
ร.พ.สิรินธร,อ่อนนุช,4,16:00-19:00,0,0,1
ร.ร.กสิณธรอาคาเดมี่,พุทธมณฑลสาย 3,3,07:00-09:00,0,1,0
ร.ร.กสิณธรอาคาเดมี่,พุทธมณฑลสาย 3,3,09:00-16:00,0,1,0
ร.ร.กสิณธรอาคาเดมี่,พุทธมณฑลสาย 3,3,16:00-19:00,0,1,0
ร.ร.สารสาสน์วิเทศธนบุรี,พุทธมณฑลสาย 3,3,07:00-09:00,0,1,0
ร.ร.สารสาสน์วิเทศธนบุรี,พุทธมณฑลสาย 3,3,09:00-16:00,0,1,0
ร.ร.สารสาสน์วิเทศธนบุรี,พุทธมณฑลสาย 3,3,16:00-19:00,0,1,0
ร.ร.เตรียมอุดมศึกษา,พญาไท,3,07:00-09:00,0,1,0
ร.ร.เตรียมอุดมศึกษา,พญาไท,3,09:00-16:00,0,1,0
ร.ร.เตรียมอุดมศึกษา,พญาไท,3,16:00-19:00,0,1,0
รพ.ทหารผ่านศึก,วิภาวดีรังสิต,3,07:00-09:00,0,1,0
รพ.ทหารผ่านศึก,วิภาวดีรังสิต,3,09:00-16:00,0,1,0
รพ.ทหารผ่านศึก,วิภาวดีรังสิต,3,16:00-19:00,0,1,0
รพ.นพรัตน์,ทางเข้าออก รพ.นพรัตน์,4,07:00-09:00,0,0,1
รพ.นพรัตน์,ทางเข้าออก รพ.นพรัตน์,4,09:00-17:00,0,0,1
รพ.นพรัตน์,ทางเข้าออก รพ.นพรัตน์,4,17:00-19:00,0,0,1
รพ.นพรัตน์,รามอินทรา,4,07:00-09:00,0,0,1
รพ.นพรัตน์,รามอินทรา,4,09:00-17:00,0,0,1
รพ.นพรัตน์,รามอินทรา,4,17:00-19:00,0,0,1
รพ.นพรัตน์,สวนสยาม,4,07:00-09:00,0,0,1
รพ.นพรัตน์,สวนสยาม,4,09:00-17:00,0,0,1
รพ.นพรัตน์,สวนสยาม,4,17:00-19:00,0,0,1
รพ.ปิยะเวท,จตุรทิศ,2,07:00-09:00,0,0,1
รพ.ปิยะเวท,จตุรทิศ,2,09:00-17:00,0,0,1
รพ.ปิยะเวท,จตุรทิศ,2,17:00-19:00,0,0,1
รพ.ปิยะเวท,ทางเข้าออก รพ.ปิยะเวท,2,07:00-09:00,0,0,1
รพ.ปิยะเวท,ทางเข้าออก รพ.ปิยะเวท,2,09:00-17:00,0,0,1
รพ.ปิยะเวท,ทางเข้าออก รพ.ปิยะเวท,2,17:00-19:00,0,0,1
รพ.ภูมิพล,ซอยพิมานทิพย์,4,07:00-09:00,0,1,0
รพ.ภูมิพล,ซอยพิมานทิพย์,4,09:00-16:00,0,1,0
รพ.ภูมิพล,ซอยพิมานทิพย์,4,16:00-19:00,0,1,0
รพ.ภูมิพล,ทางเข้าออก ทอ.5,4,07:00-09:00,0,1,0
รพ.ภูมิพล,ทางเข้าออก ทอ.5,4,09:00-16:00,0,1,0
รพ.ภูมิพล,ทางเข้าออก ทอ.5,4,16:00-19:00,0,1,0
รพ.ภูมิพล,พหลโยธิน,4,07:00-09:00,0,1,0
รพ.ภูมิพล,พหลโยธิน,4,09:00-16:00,0,1,0
รพ.ภูมิพล,พหลโยธิน,4,16:00-19:00,0,1,0
รพ.วุฒิสมเด็จย่า,พหลโยธิน,3,07:00-09:00,0,1,0
รพ.วุฒิสมเด็จย่า,พหลโยธิน,3,09:00-16:00,0,1,0
รพ.วุฒิสมเด็จย่า,พหลโยธิน,3,16:00-19:00,0,1,0
รพ.สิรินธร,สุขาภิบาล 2,2,07:00-09:00,1,0,0
รพ.สิรินธร,สุขาภิบาล 2,2,09:00-16:00,1,0,0
รพ.สิรินธร,สุขาภิบาล 2,2,16:00-19:00,1,0,0
รพ.สิรินธร,อ่อนนุช,2,07:00-09:00,1,0,0
รพ.สิรินธร,อ่อนนุช,2,09:00-16:00,1,0,0
รพ.สิรินธร,อ่อนนุช,2,16:00-19:00,1,0,0
รร.ฤทธิยะวรรณาลัย,ช่องทางท่าดินแดง 5,4,07:00-09:00,0,0,1
รร.ฤทธิยะวรรณาลัย,ช่องทางท่าดินแดง 5,4,09:00-17:00,0,0,1
รร.ฤทธิยะวรรณาลัย,ช่องทางท่าดินแดง 5,4,17:00-19:00,0,0,1
รร.ฤทธิยะวรรณาลัย,ทางเข้าออกกรมอากาศโยธิน,4,07:00-09:00,0,0,1
รร.ฤทธิยะวรรณาลัย,ทางเข้าออกกรมอากาศโยธิน,4,09:00-16:00,0,0,1
รร.ฤทธิยะวรรณาลัย,ทางเข้าออกกรมอากาศโยธิน,4,16:00-19:00,0,0,1
รร.ฤทธิยะวรรณาลัย,ทางเข้าออกหน่วยบัญชาการอากาศโยธิน,4,07:00-09:00,0,0,1
รร.ฤทธิยะวรรณาลัย,ทางเข้าออกหน่วยบัญชาการอากาศโยธิน,4,09:00-17:00,0,0,1
รร.ฤทธิยะวรรณาลัย,ทางเข้าออกหน่วยบัญชาการอากาศโยธิน,4,17:00-19:00,0,0,1
รร.ฤทธิยะวรรณาลัย,พหลโยธิน,4,07:00-09:00,0,0,2
รร.ฤทธิยะวรรณาลัย,พหลโยธิน,4,09:00-16:00,0,0,1
รร.ฤทธิยะวรรณาลัย,พหลโยธิน,4,09:00-17:00,0,0,1
รร.ฤทธิยะวรรณาลัย,พหลโยธิน,4,16:00-19:00,0,0,1
รร.ฤทธิยะวรรณาลัย,พหลโยธิน,4,17:00-19:00,0,0,1
รร.ฤทธิยะวรรณาลัย,รณนภากาศ,4,07:00-09:00,0,0,1
รร.ฤทธิยะวรรณาลัย,รณนภากาศ,4,09:00-16:00,0,0,1
รร.ฤทธิยะวรรณาลัย,รณนภากาศ,4,16:00-19:00,0,0,1
รร.ฤธิยะวรรณาลัย,พหลโยธิน,3,07:00-09:00,0,1,0
รร.ฤธิยะวรรณาลัย,พหลโยธิน,3,09:00-16:00,0,1,0
รร.ฤธิยะวรรณาลัย,พหลโยธิน,3,16:00-19:00,0,1,0
รร.ฤธิยะวรรณาลัย,รณนภากาศ,3,07:00-09:00,0,1,0
รร.ฤธิยะวรรณาลัย,รณนภากาศ,3,09:00-16:00,0,1,0
รร.ฤธิยะวรรณาลัย,รณนภากาศ,3,16:00-19:00,0,1,0
รร.เอกบูรพา,สามวา,3,07:00-09:00,0,0,1
รร.เอกบูรพา,สามวา,3,09:00-16:00,0,0,1
รร.เอกบูรพา,สามวา,3,16:00-19:00,0,0,1
ระนอง 1,ระนอง 1,4,07:00-09:00,0,1,0
ระนอง 1,ระนอง 1,4,09:00-16:00,0,1,0
ระนอง 1,ระนอง 1,4,16:00-19:00,0,1,0
ระนอง 1,เทอดดำริ,4,07:00-09:00,0,1,0
ระนอง 1,เทอดดำริ,4,09:00-16:00,0,1,0
ระนอง 1,เทอดดำริ,4,16:00-19:00,0,1,0
ระหว่างซอยนิมิตรใหม่ 33 - 35,นิมิตรใหม่,2,07:00-09:00,0,0,1
ระหว่างซอยนิมิตรใหม่ 33 - 35,นิมิตรใหม่,2,09:00-17:00,0,0,1
ระหว่างซอยนิมิตรใหม่ 33 - 35,นิมิตรใหม่,2,17:00-19:00,0,0,1
รัชดา - นราธิวาส,นราธิวาสราชนครินทร์,2,07:00-09:00,0,0,1
รัชดา - นราธิวาส,นราธิวาสราชนครินทร์,2,09:00-16:00,0,0,1
รัชดา - นราธิวาส,นราธิวาสราชนครินทร์,2,16:00-19:00,0,0,1
รัชดา - นราธิวาส,นราธิวาสราชนครินทร์,3,07:00-09:00,0,0,1
รัชดา - นราธิวาส,นราธิวาสราชนครินทร์,3,09:00-17:00,0,0,1
รัชดา - นราธิวาส,นราธิวาสราชนครินทร์,3,17:00-19:00,0,0,1
รัชดา - นราธิวาส,นราธิวาสราชนครินทร์,4,07:00-09:00,1,0,0
รัชดา - นราธิวาส,นราธิวาสราชนครินทร์,4,09:00-16:00,1,0,0
รัชดา - นราธิวาส,นราธิวาสราชนครินทร์,4,16:00-19:00,1,0,0
รัชดา - นราธิวาส,รัชดาภิเษก,2,07:00-09:00,0,0,1
รัชดา - นราธิวาส,รัชดาภิเษก,2,09:00-16:00,0,0,1
รัชดา - นราธิวาส,รัชดาภิเษก,2,16:00-19:00,0,0,1
รัชดา - นราธิวาส,รัชดาภิเษก,3,07:00-09:00,0,0,1
รัชดา - นราธิวาส,รัชดาภิเษก,3,09:00-17:00,0,0,1
รัชดา - นราธิวาส,รัชดาภิเษก,3,17:00-19:00,0,0,1
รัชดา - นราธิวาสราชนครินทร์,นราธิวาสราชนครินทร์,3,07:00-09:00,0,1,0
รัชดา - นราธิวาสราชนครินทร์,นราธิวาสราชนครินทร์,3,09:00-16:00,0,1,0
รัชดา - นราธิวาสราชนครินทร์,นราธิวาสราชนครินทร์,3,16:00-19:00,0,1,0
รัชดา - นราธิวาสราชนครินทร์,รัชดาภเิษก,3,07:00-09:00,0,1,0
รัชดา - นราธิวาสราชนครินทร์,รัชดาภเิษก,3,09:00-16:00,0,1,0
รัชดา - นราธิวาสราชนครินทร์,รัชดาภเิษก,3,16:00-19:00,0,1,0
รัชดา - ราชพฤกษ์,รัชดาภิเษก,2,07:00-09:00,1,0,0
รัชดา - ราชพฤกษ์,รัชดาภิเษก,2,09:00-16:00,1,0,0
รัชดา - ราชพฤกษ์,รัชดาภิเษก,2,16:00-19:00,1,0,0
รัชดา - ราชพฤกษ์,รัชดาภิเษก,3,07:00-09:00,2,1,0
รัชดา - ราชพฤกษ์,รัชดาภิเษก,3,09:00-16:00,2,1,0
รัชดา - ราชพฤกษ์,รัชดาภิเษก,3,16:00-19:00,2,1,0
รัชดา - ราชพฤกษ์,ราชพฤกษ์,2,07:00-09:00,1,0,0
รัชดา - ราชพฤกษ์,ราชพฤกษ์,2,09:00-16:00,1,0,0
รัชดา - ราชพฤกษ์,ราชพฤกษ์,2,16:00-19:00,1,0,0
รัชดา - ราชพฤกษ์,ราชพฤกษ์,3,07:00-09:00,2,1,0
รัชดา - ราชพฤกษ์,ราชพฤกษ์,3,09:00-16:00,2,1,0
รัชดา - ราชพฤกษ์,ราชพฤกษ์,3,16:00-19:00,2,1,0
รัชดา - ลาดพร้าว,รัชดาภิเษก,2,07:00-09:00,0,0,2
รัชดา - ลาดพร้าว,รัชดาภิเษก,2,09:00-17:00,0,0,2
รัชดา - ลาดพร้าว,รัชดาภิเษก,2,17:00-19:00,0,0,2
รัชดา - ลาดพร้าว,รัชดาภิเษก,3,07:00-09:00,1,0,1
รัชดา - ลาดพร้าว,รัชดาภิเษก,3,09:00-16:00,1,0,1
รัชดา - ลาดพร้าว,รัชดาภิเษก,3,16:00-19:00,1,0,1
รัชดา - ลาดพร้าว,รัชดาภิเษก,4,07:00-09:00,0,1,0
รัชดา - ลาดพร้าว,รัชดาภิเษก,4,09:00-16:00,0,1,0
รัชดา - ลาดพร้าว,รัชดาภิเษก,4,16:00-19:00,0,1,0
รัชดา - ลาดพร้าว,ลาดพราว,3,07:00-09:00,1,0,0
รัชดา - ลาดพร้าว,ลาดพราว,3,09:00-16:00,1,0,0
รัชดา - ลาดพร้าว,ลาดพราว,3,16:00-19:00,1,0,0
รัชดา - ลาดพร้าว,ลาดพร้าว,2,07:00-09:00,0,0,2
รัชดา - ลาดพร้าว,ลาดพร้าว,2,09:00-17:00,0,0,2
รัชดา - ลาดพร้าว,ลาดพร้าว,2,17:00-19:00,0,0,2
รัชดา - ลาดพร้าว,ลาดพร้าว,3,07:00-09:00,0,0,1
รัชดา - ลาดพร้าว,ลาดพร้าว,3,09:00-16:00,0,0,1
รัชดา - ลาดพร้าว,ลาดพร้าว,3,16:00-19:00,0,0,1
รัชดา - ลาดพร้าว,ลาดพร้าว,4,07:00-09:00,0,1,0
รัชดา - ลาดพร้าว,ลาดพร้าว,4,09:00-16:00,0,1,0
รัชดา - ลาดพร้าว,ลาดพร้าว,4,16:00-19:00,0,1,0
รัชดา - สุทธิสาร,รัชดาภิเษก,4,07:00-09:00,0,0,2
รัชดา - สุทธิสาร,รัชดาภิเษก,4,09:00-17:00,0,0,2
รัชดา - สุทธิสาร,รัชดาภิเษก,4,17:00-19:00,0,0,2
รัชดา - สุทธิสาร,สุทธิสารวินิจฉัย,4,07:00-09:00,0,0,2
รัชดา - สุทธิสาร,สุทธิสารวินิจฉัย,4,09:00-17:00,0,0,2
รัชดา - สุทธิสาร,สุทธิสารวินิจฉัย,4,17:00-19:00,0,0,2
รัชดา -นราธิวาส,นราธิวาสราชนครินทร์,2,07:00-09:00,1,0,0
รัชดา -นราธิวาส,นราธิวาสราชนครินทร์,2,09:00-16:00,1,0,0
รัชดา -นราธิวาส,นราธิวาสราชนครินทร์,2,16:00-19:00,1,0,0
รัชดา -นราธิวาส,รัชดาภิเษก,2,07:00-09:00,1,0,0
รัชดา -นราธิวาส,รัชดาภิเษก,2,09:00-16:00,1,0,0
รัชดา -นราธิวาส,รัชดาภิเษก,2,16:00-19:00,1,0,0
รัชดาภิเษก,ซอย 20 มิถุนา,4,07:00-09:00,1,0,0
รัชดาภิเษก,ซอย 20 มิถุนา,4,09:00-16:00,1,0,0
รัชดาภิเษก,ซอย 20 มิถุนา,4,16:00-19:00,1,0,0
รัชดาภิเษก,ซอยรัชดาภิเษก 18,4,07:00-09:00,1,0,0
รัชดาภิเษก,ซอยรัชดาภิเษก 18,4,09:00-16:00,1,0,0
รัชดาภิเษก,ซอยรัชดาภิเษก 18,4,16:00-19:00,1,0,0
รัชดาภิเษก,ด่วนนางลิ้นจี่,2,07:00-09:00,0,0,1
รัชดาภิเษก,ด่วนนางลิ้นจี่,2,09:00-16:00,0,0,1
รัชดาภิเษก,ด่วนนางลิ้นจี่,2,16:00-19:00,0,0,1
รัชดาภิเษก,นางลิ้นจี่,2,07:00-09:00,0,0,1
รัชดาภิเษก,นางลิ้นจี่,2,09:00-16:00,0,0,1
รัชดาภิเษก,นางลิ้นจี่,2,16:00-19:00,0,0,1
รัชดาภิเษก,ประชาราษฎร์บำเพ็ญ,4,07:00-09:00,1,0,0
รัชดาภิเษก,ประชาราษฎร์บำเพ็ญ,4,09:00-16:00,1,0,0
รัชดาภิเษก,ประชาราษฎร์บำเพ็ญ,4,16:00-19:00,1,0,0
รัชดาภิเษก - ลาดพร้าว,รัชดาภิเษก,1,07:00-09:00,1,0,0
รัชดาภิเษก - ลาดพร้าว,รัชดาภิเษก,1,09:00-16:00,1,0,0
รัชดาภิเษก - ลาดพร้าว,รัชดาภิเษก,1,16:00-19:00,1,0,0
รัชดาภิเษก - ลาดพร้าว,ลาดพร้าว,1,07:00-09:00,1,0,0
รัชดาภิเษก - ลาดพร้าว,ลาดพร้าว,1,09:00-16:00,1,0,0
รัชดาภิเษก - ลาดพร้าว,ลาดพร้าว,1,16:00-19:00,1,0,0
รัชดาภิเษก 30,รัชดาภิเษก,3,07:00-09:00,0,1,0
รัชดาภิเษก 30,รัชดาภิเษก,3,09:00-16:00,0,1,0
รัชดาภิเษก 30,รัชดาภิเษก,3,16:00-19:00,0,1,0
รัชโยธิน,พหลโยธิน,1,07:00-09:00,0,0,1
รัชโยธิน,พหลโยธิน,1,09:00-16:00,0,0,1
รัชโยธิน,พหลโยธิน,1,16:00-19:00,0,0,1
รัชโยธิน,พหลโยธิน,3,07:00-09:00,0,1,1
รัชโยธิน,พหลโยธิน,3,09:00-16:00,0,1,0
รัชโยธิน,พหลโยธิน,3,09:00-17:00,0,0,1
รัชโยธิน,พหลโยธิน,3,16:00-19:00,0,1,0
รัชโยธิน,พหลโยธิน,3,17:00-19:00,0,0,1
รัชโยธิน,พหลโยธิน,4,07:00-09:00,1,0,0
รัชโยธิน,พหลโยธิน,4,09:00-16:00,1,0,0
รัชโยธิน,พหลโยธิน,4,16:00-19:00,1,0,0
รัชโยธิน,รัชดาภิเษก,1,07:00-09:00,0,0,1
รัชโยธิน,รัชดาภิเษก,1,09:00-16:00,0,0,1
รัชโยธิน,รัชดาภิเษก,1,16:00-19:00,0,0,1
รัชโยธิน,รัชดาภิเษก,3,07:00-09:00,0,0,1
รัชโยธิน,รัชดาภิเษก,3,09:00-17:00,0,0,1
รัชโยธิน,รัชดาภิเษก,3,17:00-19:00,0,0,1
รัชโยธิน,รัชดาภิเษก,4,07:00-09:00,1,0,0
รัชโยธิน,รัชดาภิเษก,4,09:00-16:00,1,0,0
รัชโยธิน,รัชดาภิเษก,4,16:00-19:00,1,0,0
รัชโยธิน,รัชดาภเิษก,3,07:00-09:00,0,1,0
รัชโยธิน,รัชดาภเิษก,3,09:00-16:00,0,1,0
รัชโยธิน,รัชดาภเิษก,3,16:00-19:00,0,1,0
ราชดำริ,ราชดำริ,2,07:00-09:00,2,1,1
ราชดำริ,ราชดำริ,2,09:00-16:00,2,1,0
ราชดำริ,ราชดำริ,2,09:00-17:00,0,0,1
ราชดำริ,ราชดำริ,2,16:00-19:00,2,1,0
ราชดำริ,ราชดำริ,2,17:00-19:00,0,0,1
ราชดำริ,ราชดำริ,4,07:00-09:00,0,0,1
ราชดำริ,ราชดำริ,4,09:00-17:00,0,0,1
ราชดำริ,ราชดำริ,4,17:00-19:00,0,0,1
ราชดำริ,สารสิน,2,07:00-09:00,2,1,1
ราชดำริ,สารสิน,2,09:00-16:00,2,1,0
ราชดำริ,สารสิน,2,09:00-17:00,0,0,1
ราชดำริ,สารสิน,2,16:00-19:00,2,1,0
ราชดำริ,สารสิน,2,17:00-19:00,0,0,1
ราชดำริ,สารสิน,4,07:00-09:00,0,0,1
ราชดำริ,สารสิน,4,09:00-17:00,0,0,1
ราชดำริ,สารสิน,4,17:00-19:00,0,0,1
ราชบพิธ - ตีทอง,ตีทอง,1,07:00-09:00,0,0,1
ราชบพิธ - ตีทอง,ตีทอง,1,09:00-17:00,0,0,1
ราชบพิธ - ตีทอง,ตีทอง,1,17:00-19:00,0,0,1
ราชบพิธ - ตีทอง,ตีทอง,4,07:00-09:00,0,0,1
ราชบพิธ - ตีทอง,ตีทอง,4,09:00-16:00,0,0,1
ราชบพิธ - ตีทอง,ตีทอง,4,16:00-19:00,0,0,1
ราชบพิธ - ตีทอง,ราชบพิธ,1,07:00-09:00,0,0,1
ราชบพิธ - ตีทอง,ราชบพิธ,1,09:00-17:00,0,0,1
ราชบพิธ - ตีทอง,ราชบพิธ,1,17:00-19:00,0,0,1
ราชบพิธ - ตีทอง,ราชบพิธ,4,07:00-09:00,0,0,1
ราชบพิธ - ตีทอง,ราชบพิธ,4,09:00-16:00,0,0,1
ราชบพิธ - ตีทอง,ราชบพิธ,4,16:00-19:00,0,0,1
ราชบพิธ - เฟื่องนคร,ราชบพิธ,4,07:00-09:00,0,0,1
ราชบพิธ - เฟื่องนคร,ราชบพิธ,4,09:00-16:00,0,0,1
ราชบพิธ - เฟื่องนคร,ราชบพิธ,4,16:00-19:00,0,0,1
ราชบพิธ - เฟื่องนคร,เฟื่องนคร,4,07:00-09:00,0,0,1
ราชบพิธ - เฟื่องนคร,เฟื่องนคร,4,09:00-16:00,0,0,1
ราชบพิธ - เฟื่องนคร,เฟื่องนคร,4,16:00-19:00,0,0,1
ราชประสงค์,พระรามที่ 1,1,07:00-09:00,0,0,1
ราชประสงค์,พระรามที่ 1,1,09:00-16:00,0,0,1
ราชประสงค์,พระรามที่ 1,1,16:00-19:00,0,0,1
ราชประสงค์,พระรามที่ 1,2,06:30-09:00,1,0,0
ราชประสงค์,พระรามที่ 1,2,07:00-09:00,0,0,2
ราชประสงค์,พระรามที่ 1,2,09:00-16:00,1,0,0
ราชประสงค์,พระรามที่ 1,2,09:00-17:00,0,0,2
ราชประสงค์,พระรามที่ 1,2,16:00-19:30,1,0,0
ราชประสงค์,พระรามที่ 1,2,17:00-19:00,0,0,2
ราชประสงค์,พระรามที่ 1,3,06:30-09:00,0,1,0
ราชประสงค์,พระรามที่ 1,3,07:00-09:00,0,0,1
ราชประสงค์,พระรามที่ 1,3,09:00-16:00,0,1,0
ราชประสงค์,พระรามที่ 1,3,09:00-17:00,0,0,1
ราชประสงค์,พระรามที่ 1,3,16:00-19:30,0,1,0
ราชประสงค์,พระรามที่ 1,3,17:00-19:00,0,0,1
ราชประสงค์,พระรามที่ 1,4,07:00-09:00,1,0,0
ราชประสงค์,พระรามที่ 1,4,09:00-16:00,1,0,0
ราชประสงค์,พระรามที่ 1,4,16:00-19:00,1,0,0
ราชประสงค์,ราชดำริ,1,07:00-09:00,0,0,1
ราชประสงค์,ราชดำริ,1,09:00-16:00,0,0,1
ราชประสงค์,ราชดำริ,1,16:00-19:00,0,0,1
ราชประสงค์,ราชดำริ,2,06:30-09:00,1,0,0
ราชประสงค์,ราชดำริ,2,07:00-09:00,0,0,2
ราชประสงค์,ราชดำริ,2,09:00-16:00,1,0,0
ราชประสงค์,ราชดำริ,2,09:00-17:00,0,0,2
ราชประสงค์,ราชดำริ,2,16:00-19:30,1,0,0
ราชประสงค์,ราชดำริ,2,17:00-19:00,0,0,2
ราชประสงค์,ราชดำริ,3,06:30-09:00,0,1,0
ราชประสงค์,ราชดำริ,3,07:00-09:00,0,0,1
ราชประสงค์,ราชดำริ,3,09:00-16:00,0,1,0
ราชประสงค์,ราชดำริ,3,09:00-17:00,0,0,1
ราชประสงค์,ราชดำริ,3,16:00-19:30,0,1,0
ราชประสงค์,ราชดำริ,3,17:00-19:00,0,0,1
ราชประสงค์,ราชดำริ,4,07:00-09:00,1,0,0
ราชประสงค์,ราชดำริ,4,09:00-16:00,1,0,0
ราชประสงค์,ราชดำริ,4,16:00-19:00,1,0,0
ราชประสงค์,เพลินจิต,1,07:00-09:00,0,0,1
ราชประสงค์,เพลินจิต,1,09:00-16:00,0,0,1
ราชประสงค์,เพลินจิต,1,16:00-19:00,0,0,1
ราชประสงค์,เพลินจิต,2,07:00-09:00,1,0,2
ราชประสงค์,เพลินจิต,2,09:00-16:00,1,0,0
ราชประสงค์,เพลินจิต,2,09:00-17:00,0,0,2
ราชประสงค์,เพลินจิต,2,16:00-19:00,1,0,0
ราชประสงค์,เพลินจิต,2,17:00-19:00,0,0,2
ราชประสงค์,เพลินจิต,3,07:00-09:00,0,1,1
ราชประสงค์,เพลินจิต,3,09:00-16:00,0,1,0
ราชประสงค์,เพลินจิต,3,09:00-17:00,0,0,1
ราชประสงค์,เพลินจิต,3,16:00-19:00,0,1,0
ราชประสงค์,เพลินจิต,3,17:00-19:00,0,0,1
ราชประสงค์,เพลินจิต,4,07:00-09:00,1,0,0
ราชประสงค์,เพลินจิต,4,09:00-16:00,1,0,0
ราชประสงค์,เพลินจิต,4,16:00-19:00,1,0,0
ราชพฤกษ์ - วุฒากาศ,ราชพฤกษ์,2,07:00-09:00,0,0,1
ราชพฤกษ์ - วุฒากาศ,ราชพฤกษ์,2,09:00-16:00,0,0,1
ราชพฤกษ์ - วุฒากาศ,ราชพฤกษ์,2,16:00-19:00,0,0,1
ราชพฤกษ์ - วุฒากาศ,วุฒากาศ,2,07:00-09:00,0,0,1
ราชพฤกษ์ - วุฒากาศ,วุฒากาศ,2,09:00-16:00,0,0,1
ราชพฤกษ์ - วุฒากาศ,วุฒากาศ,2,16:00-19:00,0,0,1
ราชพฤกษ์- วุฒากาศ,ราชพฤกษ์,2,07:00-09:00,1,0,0
ราชพฤกษ์- วุฒากาศ,ราชพฤกษ์,2,09:00-16:00,1,0,0
ราชพฤกษ์- วุฒากาศ,ราชพฤกษ์,2,16:00-19:00,1,0,0
ราชพฤกษ์- วุฒากาศ,วุฒากาศ,2,07:00-09:00,1,0,0
ราชพฤกษ์- วุฒากาศ,วุฒากาศ,2,09:00-16:00,1,0,0
ราชพฤกษ์- วุฒากาศ,วุฒากาศ,2,16:00-19:00,1,0,0
ราชวงศ์,ราชวงศ์,1,07:00-09:00,0,1,1
ราชวงศ์,ราชวงศ์,1,09:00-16:00,0,1,0
ราชวงศ์,ราชวงศ์,1,09:00-17:00,0,0,1
ราชวงศ์,ราชวงศ์,1,16:00-19:00,0,1,0
ราชวงศ์,ราชวงศ์,1,17:00-19:00,0,0,1
ราชวงศ์,ราชวงศ์,2,07:00-09:00,1,0,0
ราชวงศ์,ราชวงศ์,2,09:00-16:00,1,0,0
ราชวงศ์,ราชวงศ์,2,16:00-19:00,1,0,0
ราชวงศ์,ราชวงศ์,4,07:00-09:00,0,1,0
ราชวงศ์,ราชวงศ์,4,09:00-16:00,0,1,0
ราชวงศ์,ราชวงศ์,4,16:00-19:00,0,1,0
ราชวงศ์,เยาวราช,1,07:00-09:00,0,1,1
ราชวงศ์,เยาวราช,1,09:00-16:00,0,1,0
ราชวงศ์,เยาวราช,1,09:00-17:00,0,0,1
ราชวงศ์,เยาวราช,1,16:00-19:00,0,1,0
ราชวงศ์,เยาวราช,1,17:00-19:00,0,0,1
ราชวงศ์,เยาวราช,2,07:00-09:00,1,0,0
ราชวงศ์,เยาวราช,2,09:00-16:00,1,0,0
ราชวงศ์,เยาวราช,2,16:00-19:00,1,0,0
ราชวงศ์,เยาวราช,4,07:00-09:00,0,1,0
ราชวงศ์,เยาวราช,4,09:00-16:00,0,1,0
ราชวงศ์,เยาวราช,4,16:00-19:00,0,1,0
ราชวัตร,นครไชยศรี,1,07:00-09:00,0,1,0
ราชวัตร,นครไชยศรี,1,09:00-16:00,0,1,0
ราชวัตร,นครไชยศรี,1,16:00-19:00,0,1,0
ราชวัตร,นครไชยศรี,2,07:00-09:00,0,0,1
ราชวัตร,นครไชยศรี,2,09:00-17:00,0,0,1
ราชวัตร,นครไชยศรี,2,17:00-19:00,0,0,1
ราชวัตร,นครไชยศรี,3,07:00-09:00,1,0,0
ราชวัตร,นครไชยศรี,3,09:00-16:00,1,0,0
ราชวัตร,นครไชยศรี,3,16:00-19:00,1,0,0
ราชวัตร,นครไชยศรี,4,07:00-09:00,1,0,0
ราชวัตร,นครไชยศรี,4,09:00-16:00,1,0,0
ราชวัตร,นครไชยศรี,4,16:00-19:00,1,0,0
ราชวัตร,พระรามที่ 5,1,07:00-09:00,0,1,0
ราชวัตร,พระรามที่ 5,1,09:00-16:00,0,1,0
ราชวัตร,พระรามที่ 5,1,16:00-19:00,0,1,0
ราชวัตร,พระรามที่ 5,2,07:00-09:00,0,0,1
ราชวัตร,พระรามที่ 5,2,09:00-17:00,0,0,1
ราชวัตร,พระรามที่ 5,2,17:00-19:00,0,0,1
ราชวัตร,พระรามที่ 5,3,07:00-09:00,1,0,0
ราชวัตร,พระรามที่ 5,3,09:00-16:00,1,0,0
ราชวัตร,พระรามที่ 5,3,16:00-19:00,1,0,0
ราชวัตร,พระรามที่ 5,4,07:00-09:00,1,0,0
ราชวัตร,พระรามที่ 5,4,09:00-16:00,1,0,0
ราชวัตร,พระรามที่ 5,4,16:00-19:00,1,0,0
ราชวิถี,พระรามที่ 5,1,07:00-09:00,0,1,1
ราชวิถี,พระรามที่ 5,1,09:00-16:00,0,1,0
ราชวิถี,พระรามที่ 5,1,09:00-17:00,0,0,1
ราชวิถี,พระรามที่ 5,1,16:00-19:00,0,1,0
ราชวิถี,พระรามที่ 5,1,17:00-19:00,0,0,1
ราชวิถี,พระรามที่ 5,2,07:00-09:00,0,0,1
ราชวิถี,พระรามที่ 5,2,09:00-16:00,0,0,1
ราชวิถี,พระรามที่ 5,2,16:00-19:00,0,0,1
ราชวิถี,พระรามที่ 5,3,07:00-09:00,1,0,0
ราชวิถี,พระรามที่ 5,3,09:00-16:00,1,0,0
ราชวิถี,พระรามที่ 5,3,16:00-19:00,1,0,0
ราชวิถี,พระรามที่ 5,4,07:00-09:00,0,0,1
ราชวิถี,พระรามที่ 5,4,09:00-17:00,0,0,1
ราชวิถี,พระรามที่ 5,4,17:00-19:00,0,0,1
ราชวิถี,ราชวิถี,1,07:00-09:00,0,1,1
ราชวิถี,ราชวิถี,1,09:00-16:00,0,1,0
ราชวิถี,ราชวิถี,1,09:00-17:00,0,0,1
ราชวิถี,ราชวิถี,1,16:00-19:00,0,1,0
ราชวิถี,ราชวิถี,1,17:00-19:00,0,0,1
ราชวิถี,ราชวิถี,2,07:00-09:00,0,0,1
ราชวิถี,ราชวิถี,2,09:00-16:00,0,0,1
ราชวิถี,ราชวิถี,2,16:00-19:00,0,0,1
ราชวิถี,ราชวิถี,3,07:00-09:00,1,0,0
ราชวิถี,ราชวิถี,3,09:00-16:00,1,0,0
ราชวิถี,ราชวิถี,3,16:00-19:00,1,0,0
ราชวิถี,ราชวิถี,4,07:00-09:00,0,0,1
ราชวิถี,ราชวิถี,4,09:00-17:00,0,0,1
ราชวิถี,ราชวิถี,4,17:00-19:00,0,0,1
ราชเทวี,พญาไท,1,07:00-09:00,0,0,1
ราชเทวี,พญาไท,1,09:00-17:00,0,0,1
ราชเทวี,พญาไท,1,17:00-19:00,0,0,1
ราชเทวี,พญาไท,2,07:00-09:00,1,0,1
ราชเทวี,พญาไท,2,09:00-16:00,1,0,0
ราชเทวี,พญาไท,2,09:00-17:00,0,0,1
ราชเทวี,พญาไท,2,16:00-19:00,1,0,0
ราชเทวี,พญาไท,2,17:00-19:00,0,0,1
ราชเทวี,พญาไท,3,07:00-09:00,0,0,1
ราชเทวี,พญาไท,3,09:00-17:00,0,0,1
ราชเทวี,พญาไท,3,17:00-19:00,0,0,1
ราชเทวี,พญาไท,4,07:00-09:00,0,1,0
ราชเทวี,พญาไท,4,09:00-16:00,0,1,0
ราชเทวี,พญาไท,4,16:00-19:00,0,1,0
ราชเทวี,เพชรบุรี,1,07:00-09:00,0,0,1
ราชเทวี,เพชรบุรี,1,09:00-17:00,0,0,1
ราชเทวี,เพชรบุรี,1,17:00-19:00,0,0,1
ราชเทวี,เพชรบุรี,2,07:00-09:00,1,0,1
ราชเทวี,เพชรบุรี,2,09:00-16:00,1,0,0
ราชเทวี,เพชรบุรี,2,09:00-17:00,0,0,1
ราชเทวี,เพชรบุรี,2,16:00-19:00,1,0,0
ราชเทวี,เพชรบุรี,2,17:00-19:00,0,0,1
ราชเทวี,เพชรบุรี,3,07:00-09:00,0,0,1
ราชเทวี,เพชรบุรี,3,09:00-17:00,0,0,1
ราชเทวี,เพชรบุรี,3,17:00-19:00,0,0,1
ราชเทวี,เพชรบุรี,4,07:00-09:00,0,1,0
ราชเทวี,เพชรบุรี,4,09:00-16:00,0,1,0
ราชเทวี,เพชรบุรี,4,16:00-19:00,0,1,0
รามคำแหง,พระราม 9,3,07:00-09:00,1,1,2
รามคำแหง,พระราม 9,3,09:00-16:00,1,1,1
รามคำแหง,พระราม 9,3,09:00-17:00,0,0,1
รามคำแหง,พระราม 9,3,16:00-19:00,1,1,1
รามคำแหง,พระราม 9,3,17:00-19:00,0,0,1
รามคำแหง,รามคำแหง,3,07:00-09:00,1,1,2
รามคำแหง,รามคำแหง,3,09:00-16:00,1,1,1
รามคำแหง,รามคำแหง,3,09:00-17:00,0,0,1
รามคำแหง,รามคำแหง,3,16:00-19:00,1,1,1
รามคำแหง,รามคำแหง,3,17:00-19:00,0,0,1
รามคำแหง - มหาดไทย,ซอยรามคำแหง 65 (มหาดไทย),3,07:00-09:00,1,0,0
รามคำแหง - มหาดไทย,ซอยรามคำแหง 65 (มหาดไทย),3,09:00-16:00,1,0,0
รามคำแหง - มหาดไทย,ซอยรามคำแหง 65 (มหาดไทย),3,16:00-19:00,1,0,0
รามคำแหง - มหาดไทย,รามคำแหง,3,07:00-09:00,1,0,1
รามคำแหง - มหาดไทย,รามคำแหง,3,09:00-16:00,1,0,1
รามคำแหง - มหาดไทย,รามคำแหง,3,16:00-19:00,1,0,1
รามคำแหง - มหาดไทย,รามคำแหง,4,07:00-09:00,0,0,1
รามคำแหง - มหาดไทย,รามคำแหง,4,09:00-17:00,0,0,1
รามคำแหง - มหาดไทย,รามคำแหง,4,17:00-19:00,0,0,1
รามคำแหง - มหาดไทย,รามคำแหง 65,3,07:00-09:00,0,0,1
รามคำแหง - มหาดไทย,รามคำแหง 65,3,09:00-16:00,0,0,1
รามคำแหง - มหาดไทย,รามคำแหง 65,3,16:00-19:00,0,0,1
รามคำแหง - มหาดไทย,รามคำแหง 65,4,07:00-09:00,0,0,1
รามคำแหง - มหาดไทย,รามคำแหง 65,4,09:00-17:00,0,0,1
รามคำแหง - มหาดไทย,รามคำแหง 65,4,17:00-19:00,0,0,1
รามคำแหง - ร่มเกล้า,รามคำแหง,2,07:00-09:00,0,0,1
รามคำแหง - ร่มเกล้า,รามคำแหง,2,09:00-17:00,0,0,1
รามคำแหง - ร่มเกล้า,รามคำแหง,2,17:00-19:00,0,0,1
รามคำแหง - ร่มเกล้า,ร่มเกล้า,2,07:00-09:00,0,0,1
รามคำแหง - ร่มเกล้า,ร่มเกล้า,2,09:00-17:00,0,0,1
รามคำแหง - ร่มเกล้า,ร่มเกล้า,2,17:00-19:00,0,0,1
รามคำแหง - วงแหวนตะวันออก,รามคำแหง,2,07:00-09:00,1,0,0
รามคำแหง - วงแหวนตะวันออก,รามคำแหง,2,09:00-16:00,1,0,0
รามคำแหง - วงแหวนตะวันออก,รามคำแหง,2,16:00-19:00,1,0,0
รามคำแหง - วงแหวนตะวันออก,วงแหวนตะวันออก,2,07:00-09:00,1,0,0
รามคำแหง - วงแหวนตะวันออก,วงแหวนตะวันออก,2,09:00-16:00,1,0,0
รามคำแหง - วงแหวนตะวันออก,วงแหวนตะวันออก,2,16:00-19:00,1,0,0
รามคำแหง -วงแหวนตะวันออก,รามคำแหง,2,07:00-09:00,1,0,0
รามคำแหง -วงแหวนตะวันออก,รามคำแหง,2,09:00-16:00,1,0,0
รามคำแหง -วงแหวนตะวันออก,รามคำแหง,2,16:00-19:00,1,0,0
รามคำแหง -วงแหวนตะวันออก,วงแหวนตะวันออก,2,07:00-09:00,1,0,0
รามคำแหง -วงแหวนตะวันออก,วงแหวนตะวันออก,2,09:00-16:00,1,0,0
รามคำแหง -วงแหวนตะวันออก,วงแหวนตะวันออก,2,16:00-19:00,1,0,0
รามคำแหง 112,รามคำแหง,2,07:00-09:00,0,0,1
รามคำแหง 112,รามคำแหง,2,09:00-17:00,0,0,1
รามคำแหง 112,รามคำแหง,2,17:00-19:00,0,0,1
รามคำแหง 112,รามคำแหง 112,2,07:00-09:00,0,0,1
รามคำแหง 112,รามคำแหง 112,2,09:00-17:00,0,0,1
รามคำแหง 112,รามคำแหง 112,2,17:00-19:00,0,0,1
รามคำแหง 118,รามคำแหง,2,07:00-09:00,0,0,1
รามคำแหง 118,รามคำแหง,2,09:00-17:00,0,0,1
รามคำแหง 118,รามคำแหง,2,17:00-19:00,0,0,1
รามคำแหง 118,รามคำแหง 118,2,07:00-09:00,0,0,1
รามคำแหง 118,รามคำแหง 118,2,09:00-17:00,0,0,1
รามคำแหง 118,รามคำแหง 118,2,17:00-19:00,0,0,1
รามคำแหง 2 -ซ.หมู่บ้านทุ่งเศรษฐี,ซอยหมู่บานทุ่งเศรษฐี,3,07:00-09:00,1,0,0
รามคำแหง 2 -ซ.หมู่บ้านทุ่งเศรษฐี,ซอยหมู่บานทุ่งเศรษฐี,3,09:00-16:00,1,0,0
รามคำแหง 2 -ซ.หมู่บ้านทุ่งเศรษฐี,ซอยหมู่บานทุ่งเศรษฐี,3,16:00-19:00,1,0,0
รามคำแหง 2 -ซ.หมู่บ้านทุ่งเศรษฐี,รามคำแหง 2,3,07:00-09:00,1,0,0
รามคำแหง 2 -ซ.หมู่บ้านทุ่งเศรษฐี,รามคำแหง 2,3,09:00-16:00,1,0,0
รามคำแหง 2 -ซ.หมู่บ้านทุ่งเศรษฐี,รามคำแหง 2,3,16:00-19:00,1,0,0
รามคำแหง 2 -ซ.หมู่บ้านทุ่งเศรษฐี,รามคำแหง 2 ซอย 23,3,07:00-09:00,1,0,0
รามคำแหง 2 -ซ.หมู่บ้านทุ่งเศรษฐี,รามคำแหง 2 ซอย 23,3,09:00-16:00,1,0,0
รามคำแหง 2 -ซ.หมู่บ้านทุ่งเศรษฐี,รามคำแหง 2 ซอย 23,3,16:00-19:00,1,0,0
รามคำแหง 24,รามคำแหง,3,07:00-09:00,0,0,1
รามคำแหง 24,รามคำแหง,3,09:00-17:00,0,0,1
รามคำแหง 24,รามคำแหง,3,17:00-19:00,0,0,1
รามคำแหง 24,รามคำแหง 24,3,07:00-09:00,0,0,1
รามคำแหง 24,รามคำแหง 24,3,09:00-17:00,0,0,1
รามคำแหง 24,รามคำแหง 24,3,17:00-19:00,0,0,1
รามคำแหง 24 - ถาวรธวัช,ถาวรธวัช,1,07:00-09:00,0,0,1
รามคำแหง 24 - ถาวรธวัช,ถาวรธวัช,1,09:00-16:00,0,0,1
รามคำแหง 24 - ถาวรธวัช,ถาวรธวัช,1,16:00-19:00,0,0,1
รามคำแหง 24 - ถาวรธวัช,ถาวรธวัช,3,07:00-09:00,0,0,2
รามคำแหง 24 - ถาวรธวัช,ถาวรธวัช,3,09:00-16:00,0,0,1
รามคำแหง 24 - ถาวรธวัช,ถาวรธวัช,3,09:00-17:00,0,0,1
รามคำแหง 24 - ถาวรธวัช,ถาวรธวัช,3,16:00-19:00,0,0,1
รามคำแหง 24 - ถาวรธวัช,ถาวรธวัช,3,17:00-19:00,0,0,1
รามคำแหง 24 - ถาวรธวัช,ถาวรธวัช,4,07:00-09:00,0,0,1
รามคำแหง 24 - ถาวรธวัช,ถาวรธวัช,4,09:00-17:00,0,0,1
รามคำแหง 24 - ถาวรธวัช,ถาวรธวัช,4,17:00-19:00,0,0,1
รามคำแหง 24 - ถาวรธวัช,รามคำแหง 24,1,07:00-09:00,0,0,1
รามคำแหง 24 - ถาวรธวัช,รามคำแหง 24,1,09:00-16:00,0,0,1
รามคำแหง 24 - ถาวรธวัช,รามคำแหง 24,1,16:00-19:00,0,0,1
รามคำแหง 24 - ถาวรธวัช,รามคำแหง 24,3,07:00-09:00,0,0,2
รามคำแหง 24 - ถาวรธวัช,รามคำแหง 24,3,09:00-16:00,0,0,1
รามคำแหง 24 - ถาวรธวัช,รามคำแหง 24,3,09:00-17:00,0,0,1
รามคำแหง 24 - ถาวรธวัช,รามคำแหง 24,3,16:00-19:00,0,0,1
รามคำแหง 24 - ถาวรธวัช,รามคำแหง 24,3,17:00-19:00,0,0,1
รามคำแหง 24 - ถาวรธวัช,รามคำแหง 24,4,07:00-09:00,0,0,1
รามคำแหง 24 - ถาวรธวัช,รามคำแหง 24,4,09:00-17:00,0,0,1
รามคำแหง 24 - ถาวรธวัช,รามคำแหง 24,4,17:00-19:00,0,0,1
รามคำแหง 24 แยก 20,รามคำแหง 24,3,07:00-09:00,0,0,1
รามคำแหง 24 แยก 20,รามคำแหง 24,3,09:00-16:00,0,0,1
รามคำแหง 24 แยก 20,รามคำแหง 24,3,16:00-19:00,0,0,1
รามคำแหง 24 แยก 20,รามคำแหง 24 แยก 20,3,07:00-09:00,0,0,1
รามคำแหง 24 แยก 20,รามคำแหง 24 แยก 20,3,09:00-16:00,0,0,1
รามคำแหง 24 แยก 20,รามคำแหง 24 แยก 20,3,16:00-19:00,0,0,1
รามคำแหง 24 แยก 24,รามคำแหง 24,3,07:00-09:00,0,0,1
รามคำแหง 24 แยก 24,รามคำแหง 24,3,09:00-16:00,0,0,1
รามคำแหง 24 แยก 24,รามคำแหง 24,3,16:00-19:00,0,0,1
รามคำแหง 24 แยก 24,รามคำแหง 24 แยก 24,3,07:00-09:00,0,0,1
รามคำแหง 24 แยก 24,รามคำแหง 24 แยก 24,3,09:00-16:00,0,0,1
รามคำแหง 24 แยก 24,รามคำแหง 24 แยก 24,3,16:00-19:00,0,0,1
รามคำแหง 24 แยก 28,รามคำแหง 24,3,07:00-09:00,0,0,1
รามคำแหง 24 แยก 28,รามคำแหง 24,3,09:00-16:00,0,0,1
รามคำแหง 24 แยก 28,รามคำแหง 24,3,16:00-19:00,0,0,1
รามคำแหง 24 แยก 28,รามคำแหง 24 แยก 28,3,07:00-09:00,0,0,1
รามคำแหง 24 แยก 28,รามคำแหง 24 แยก 28,3,09:00-16:00,0,0,1
รามคำแหง 24 แยก 28,รามคำแหง 24 แยก 28,3,16:00-19:00,0,0,1
รามคำแหง 39 ระหว่างแยก 15 และ 17,รามคำแหง 39,2,07:00-09:00,0,0,1
รามคำแหง 39 ระหว่างแยก 15 และ 17,รามคำแหง 39,2,09:00-17:00,0,0,1
รามคำแหง 39 ระหว่างแยก 15 และ 17,รามคำแหง 39,2,17:00-19:00,0,0,1
รามอินทรา - พระยาสุเรนทร์,พระยาสุเรนทร์,4,07:00-09:00,0,0,1
รามอินทรา - พระยาสุเรนทร์,พระยาสุเรนทร์,4,09:00-16:00,0,0,1
รามอินทรา - พระยาสุเรนทร์,พระยาสุเรนทร์,4,16:00-19:00,0,0,1
รามอินทรา - พระยาสุเรนทร์,รามอินทรา,4,07:00-09:00,0,0,1
รามอินทรา - พระยาสุเรนทร์,รามอินทรา,4,09:00-16:00,0,0,1
รามอินทรา - พระยาสุเรนทร์,รามอินทรา,4,16:00-19:00,0,0,1
รามอินทรา 117,รามอินทรา,3,07:00-09:00,0,0,1
รามอินทรา 117,รามอินทรา,3,09:00-17:00,0,0,1
รามอินทรา 117,รามอินทรา,3,17:00-19:00,0,0,1
รามอินทรา 117,รามอินทรา 117,3,07:00-09:00,0,0,1
รามอินทรา 117,รามอินทรา 117,3,09:00-17:00,0,0,1
รามอินทรา 117,รามอินทรา 117,3,17:00-19:00,0,0,1
รามอินทรา 127,รามอินทรา,3,07:00-09:00,0,0,1
รามอินทรา 127,รามอินทรา,3,09:00-17:00,0,0,1
รามอินทรา 127,รามอินทรา,3,17:00-19:00,0,0,1
รามอินทรา 127,รามอินทรา 127,3,07:00-09:00,0,0,1
รามอินทรา 127,รามอินทรา 127,3,09:00-17:00,0,0,1
รามอินทรา 127,รามอินทรา 127,3,17:00-19:00,0,0,1
รามอินทรา 14,รามอินทรา,2,07:00-09:00,0,0,1
รามอินทรา 14,รามอินทรา,2,09:00-17:00,0,0,1
รามอินทรา 14,รามอินทรา,2,17:00-19:00,0,0,1
รามอินทรา 14,รามอินทรา 14,2,07:00-09:00,0,0,1
รามอินทรา 14,รามอินทรา 14,2,09:00-17:00,0,0,1
รามอินทรา 14,รามอินทรา 14,2,17:00-19:00,0,0,1
รามอินทรา 34,รามอินทรา,3,07:00-09:00,0,0,1
รามอินทรา 34,รามอินทรา,3,09:00-17:00,0,0,1
รามอินทรา 34,รามอินทรา,3,17:00-19:00,0,0,1
รามอินทรา 34,รามอินทรา 34,3,07:00-09:00,0,0,1
รามอินทรา 34,รามอินทรา 34,3,09:00-17:00,0,0,1
รามอินทรา 34,รามอินทรา 34,3,17:00-19:00,0,0,1
ราษฎร์บูรณะ,ราษฎร์บูรณะ,2,07:00-09:00,0,0,2
ราษฎร์บูรณะ,ราษฎร์บูรณะ,2,09:00-16:00,0,0,1
ราษฎร์บูรณะ,ราษฎร์บูรณะ,2,09:00-17:00,0,0,1
ราษฎร์บูรณะ,ราษฎร์บูรณะ,2,16:00-19:00,0,0,1
ราษฎร์บูรณะ,ราษฎร์บูรณะ,2,17:00-19:00,0,0,1
ราษฎร์บูรณะ,ราษฎร์บูรณะ,3,07:00-09:00,1,1,0
ราษฎร์บูรณะ,ราษฎร์บูรณะ,3,09:00-16:00,1,1,0
ราษฎร์บูรณะ,ราษฎร์บูรณะ,3,16:00-19:00,1,1,0
ราษฎร์บูรณะ,ราษฎร์บูรณะ (ต่อ),2,07:00-09:00,0,0,1
ราษฎร์บูรณะ,ราษฎร์บูรณะ (ต่อ),2,09:00-16:00,0,0,1
ราษฎร์บูรณะ,ราษฎร์บูรณะ (ต่อ),2,16:00-19:00,0,0,1
ราษฎร์บูรณะ,ราษฎร์พัฒนา,2,07:00-09:00,0,0,1
ราษฎร์บูรณะ,ราษฎร์พัฒนา,2,09:00-17:00,0,0,1
ราษฎร์บูรณะ,ราษฎร์พัฒนา,2,17:00-19:00,0,0,1
ราษฎร์บูรณะ,ราษฎร์พัฒนา,3,07:00-09:00,1,1,0
ราษฎร์บูรณะ,ราษฎร์พัฒนา,3,09:00-16:00,1,1,0
ราษฎร์บูรณะ,ราษฎร์พัฒนา,3,16:00-19:00,1,1,0
ราษฎร์บูรณะ 18,ราษฎร์บูรณะ,2,07:00-09:00,0,0,1
ราษฎร์บูรณะ 18,ราษฎร์บูรณะ,2,09:00-17:00,0,0,1
ราษฎร์บูรณะ 18,ราษฎร์บูรณะ,2,17:00-19:00,0,0,1
ราษฎร์พัฒนา,ซอยสุขสวัสดิ์ 27,4,07:00-09:00,1,0,0
ราษฎร์พัฒนา,ซอยสุขสวัสดิ์ 27,4,09:00-16:00,1,0,0
ราษฎร์พัฒนา,ซอยสุขสวัสดิ์ 27,4,16:00-19:00,1,0,0
ราษฎร์พัฒนา,ซอยสุขสวัสดิ์27,4,07:00-09:00,0,1,0
ราษฎร์พัฒนา,ซอยสุขสวัสดิ์27,4,09:00-16:00,0,1,0
ราษฎร์พัฒนา,ซอยสุขสวัสดิ์27,4,16:00-19:00,0,1,0
ราษฎร์พัฒนา,สุขสวัสดิ์,1,07:00-09:00,0,0,2
ราษฎร์พัฒนา,สุขสวัสดิ์,1,09:00-16:00,0,0,1
ราษฎร์พัฒนา,สุขสวัสดิ์,1,09:00-17:00,0,0,1
ราษฎร์พัฒนา,สุขสวัสดิ์,1,16:00-19:00,0,0,1
ราษฎร์พัฒนา,สุขสวัสดิ์,1,17:00-19:00,0,0,1
ราษฎร์พัฒนา,สุขสวัสดิ์,4,07:00-09:00,1,0,0
ราษฎร์พัฒนา,สุขสวัสดิ์,4,09:00-16:00,1,0,0
ราษฎร์พัฒนา,สุขสวัสดิ์,4,16:00-19:00,1,0,0
ราษฎร์พัฒนา,สุขสวัสดิ์ 27,1,07:00-09:00,0,0,2
ราษฎร์พัฒนา,สุขสวัสดิ์ 27,1,09:00-16:00,0,0,1
ราษฎร์พัฒนา,สุขสวัสดิ์ 27,1,09:00-17:00,0,0,1
ราษฎร์พัฒนา,สุขสวัสดิ์ 27,1,16:00-19:00,0,0,1
ราษฎร์พัฒนา,สุขสวัสดิ์ 27,1,17:00-19:00,0,0,1
ราษฎร์พัฒนา,สุขสวัสดิ์สำนักการจราจรและขนส่ง,4,07:00-09:00,0,1,0
ราษฎร์พัฒนา,สุขสวัสดิ์สำนักการจราจรและขนส่ง,4,09:00-16:00,0,1,0
ราษฎร์พัฒนา,สุขสวัสดิ์สำนักการจราจรและขนส่ง,4,16:00-19:00,0,1,0
ราษฎร์พัฒนา - ราษฎร์พัฒนา 15,ซอยราษฎรพัฒนา,4,07:00-09:00,1,0,0
ราษฎร์พัฒนา - ราษฎร์พัฒนา 15,ซอยราษฎรพัฒนา,4,09:00-16:00,1,0,0
ราษฎร์พัฒนา - ราษฎร์พัฒนา 15,ซอยราษฎรพัฒนา,4,16:00-19:00,1,0,0
ราษฎร์พัฒนา - ราษฎร์พัฒนา 15,ราษฎร์พัฒนา,4,07:00-09:00,1,0,0
ราษฎร์พัฒนา - ราษฎร์พัฒนา 15,ราษฎร์พัฒนา,4,09:00-16:00,1,0,0
ราษฎร์พัฒนา - ราษฎร์พัฒนา 15,ราษฎร์พัฒนา,4,16:00-19:00,1,0,0
ราษฎร์พัฒนา - ราษฎร์พัฒนา 5,ราษฎร์พัฒนา,1,07:00-09:00,0,0,1
ราษฎร์พัฒนา - ราษฎร์พัฒนา 5,ราษฎร์พัฒนา,1,09:00-17:00,0,0,1
ราษฎร์พัฒนา - ราษฎร์พัฒนา 5,ราษฎร์พัฒนา,1,17:00-19:00,0,0,1
ราษฎร์พัฒนา - ราษฎร์พัฒนา 5,ราษฎร์พัฒนา 4,1,07:00-09:00,0,0,1
ราษฎร์พัฒนา - ราษฎร์พัฒนา 5,ราษฎร์พัฒนา 4,1,09:00-17:00,0,0,1
ราษฎร์พัฒนา - ราษฎร์พัฒนา 5,ราษฎร์พัฒนา 4,1,17:00-19:00,0,0,1
ราษฎร์พัฒนา - ราษฎร์พัฒนา 5,ราษฎร์พัฒนา 5,1,07:00-09:00,0,0,1
ราษฎร์พัฒนา - ราษฎร์พัฒนา 5,ราษฎร์พัฒนา 5,1,09:00-17:00,0,0,1
ราษฎร์พัฒนา - ราษฎร์พัฒนา 5,ราษฎร์พัฒนา 5,1,17:00-19:00,0,0,1
ราษฎร์พัฒนา - เคหะร่มเกล้า,ราษฎร์พัฒนา,4,07:00-09:00,1,0,0
ราษฎร์พัฒนา - เคหะร่มเกล้า,ราษฎร์พัฒนา,4,09:00-16:00,1,0,0
ราษฎร์พัฒนา - เคหะร่มเกล้า,ราษฎร์พัฒนา,4,16:00-19:00,1,0,0
ราษฎร์พัฒนา - เคหะร่มเกล้า,เคหะร่มเกล้า,4,07:00-09:00,1,0,0
ราษฎร์พัฒนา - เคหะร่มเกล้า,เคหะร่มเกล้า,4,09:00-16:00,1,0,0
ราษฎร์พัฒนา - เคหะร่มเกล้า,เคหะร่มเกล้า,4,16:00-19:00,1,0,0
ราษฎร์พัฒนา 10,ราษฎร์พัฒนา,4,07:00-09:00,0,0,1
ราษฎร์พัฒนา 10,ราษฎร์พัฒนา,4,09:00-16:00,0,0,1
ราษฎร์พัฒนา 10,ราษฎร์พัฒนา,4,16:00-19:00,0,0,1
ราษฎร์พัฒนา 10,ราษฎร์พัฒนา 10,4,07:00-09:00,0,0,1
ราษฎร์พัฒนา 10,ราษฎร์พัฒนา 10,4,09:00-16:00,0,0,1
ราษฎร์พัฒนา 10,ราษฎร์พัฒนา 10,4,16:00-19:00,0,0,1
ราษฎร์อุทิศ 18,ราษฎร์อุทิศ,4,07:00-09:00,0,0,1
ราษฎร์อุทิศ 18,ราษฎร์อุทิศ,4,09:00-16:00,0,0,1
ราษฎร์อุทิศ 18,ราษฎร์อุทิศ,4,16:00-19:00,0,0,1
ราษฎร์อุทิศ 18,ราษฎร์อุทิศ 18,4,07:00-09:00,0,0,1
ราษฎร์อุทิศ 18,ราษฎร์อุทิศ 18,4,09:00-16:00,0,0,1
ราษฎร์อุทิศ 18,ราษฎร์อุทิศ 18,4,16:00-19:00,0,0,1
ราษฎร์อุทิศ 38/1,ราษฎร์อุทิศ,4,07:00-09:00,0,0,1
ราษฎร์อุทิศ 38/1,ราษฎร์อุทิศ,4,09:00-16:00,0,0,1
ราษฎร์อุทิศ 38/1,ราษฎร์อุทิศ,4,16:00-19:00,0,0,1
ราษฎร์อุทิศ 38/1,ราษฎร์อุทิศ 38/1,4,07:00-09:00,0,0,1
ราษฎร์อุทิศ 38/1,ราษฎร์อุทิศ 38/1,4,09:00-16:00,0,0,1
ราษฎร์อุทิศ 38/1,ราษฎร์อุทิศ 38/1,4,16:00-19:00,0,0,1
ราษฎร์อุทิศ 66,ราษฏร์อุทิศ,4,07:00-09:00,0,0,1
ราษฎร์อุทิศ 66,ราษฏร์อุทิศ,4,09:00-17:00,0,0,1
ราษฎร์อุทิศ 66,ราษฏร์อุทิศ,4,17:00-19:00,0,0,1
ราษฎร์อุทิศ 68/2,ราษฎร์อุทิศ,2,07:00-09:00,0,0,1
ราษฎร์อุทิศ 68/2,ราษฎร์อุทิศ,2,09:00-17:00,0,0,1
ราษฎร์อุทิศ 68/2,ราษฎร์อุทิศ,2,17:00-19:00,0,0,1
ราษฎร์อุทิศตัดสุวินทวงศ์,ราษฎร์อุทิศ,1,07:00-09:00,1,0,0
ราษฎร์อุทิศตัดสุวินทวงศ์,ราษฎร์อุทิศ,1,09:00-16:00,1,0,0
ราษฎร์อุทิศตัดสุวินทวงศ์,ราษฎร์อุทิศ,1,16:00-19:00,1,0,0
ราษฎร์อุทิศตัดสุวินทวงศ์,ราษฎร์อุทิศ,2,07:00-09:00,1,0,0
ราษฎร์อุทิศตัดสุวินทวงศ์,ราษฎร์อุทิศ,2,09:00-16:00,1,0,0
ราษฎร์อุทิศตัดสุวินทวงศ์,ราษฎร์อุทิศ,2,16:00-19:00,1,0,0
ร่มเกลา,รามคำแหง,3,07:00-09:00,1,0,0
ร่มเกลา,รามคำแหง,3,09:00-16:00,1,0,0
ร่มเกลา,รามคำแหง,3,16:00-19:00,1,0,0
ร่มเกลา,ร่มเกล้า,3,07:00-09:00,1,0,0
ร่มเกลา,ร่มเกล้า,3,09:00-16:00,1,0,0
ร่มเกลา,ร่มเกล้า,3,16:00-19:00,1,0,0
ร่มเกล้า,รามคำแหง,3,07:00-09:00,1,0,0
ร่มเกล้า,รามคำแหง,3,09:00-16:00,1,0,0
ร่มเกล้า,รามคำแหง,3,16:00-19:00,1,0,0
ร่มเกล้า,รามคำแหง,4,07:00-09:00,0,1,0
ร่มเกล้า,รามคำแหง,4,09:00-16:00,0,1,0
ร่มเกล้า,รามคำแหง,4,16:00-19:00,0,1,0
ร่มเกล้า,ร่มเกล้า,3,07:00-09:00,1,0,0
ร่มเกล้า,ร่มเกล้า,3,09:00-16:00,1,0,0
ร่มเกล้า,ร่มเกล้า,3,16:00-19:00,1,0,0
ร่มเกล้า,ร่มเกล้า,4,07:00-09:00,0,1,0
ร่มเกล้า,ร่มเกล้า,4,09:00-16:00,0,1,0
ร่มเกล้า,ร่มเกล้า,4,16:00-19:00,0,1,0
ร่มไทร,ร่มไทร (บางบอน 3 ซ.12),2,07:00-09:00,0,0,1
ร่มไทร,ร่มไทร (บางบอน 3 ซ.12),2,09:00-17:00,0,0,1
ร่มไทร,ร่มไทร (บางบอน 3 ซ.12),2,17:00-19:00,0,0,1
ร่มไทร,เพชรเกษม 69,2,07:00-09:00,0,0,1
ร่มไทร,เพชรเกษม 69,2,09:00-17:00,0,0,1
ร่มไทร,เพชรเกษม 69,2,17:00-19:00,0,0,1
ร่วมจิตต์,นครชัยศรี,2,07:00-09:00,0,1,0
ร่วมจิตต์,นครชัยศรี,2,09:00-16:00,0,1,0
ร่วมจิตต์,นครชัยศรี,2,16:00-19:00,0,1,0
ร่วมจิตต์,นครราชสีมา,4,07:00-09:00,0,0,1
ร่วมจิตต์,นครราชสีมา,4,09:00-17:00,0,0,1
ร่วมจิตต์,นครราชสีมา,4,17:00-19:00,0,0,1
ร่วมจิตต์,นครไชยศรี,4,07:00-09:00,0,0,1
ร่วมจิตต์,นครไชยศรี,4,09:00-17:00,0,0,1
ร่วมจิตต์,นครไชยศรี,4,17:00-19:00,0,0,1
ร่วมจิตต์,ราชสีมา,2,07:00-09:00,0,1,0
ร่วมจิตต์,ราชสีมา,2,09:00-16:00,0,1,0
ร่วมจิตต์,ราชสีมา,2,16:00-19:00,0,1,0
ร่วมพัฒนา - ประชาอุทิศ,ประชาอุทิศ,4,07:00-09:00,0,0,1
ร่วมพัฒนา - ประชาอุทิศ,ประชาอุทิศ,4,09:00-17:00,0,0,1
ร่วมพัฒนา - ประชาอุทิศ,ประชาอุทิศ,4,17:00-19:00,0,0,1
ร่วมพัฒนา - ประชาอุทิศ,ร่วมพัฒนา,4,07:00-09:00,0,0,1
ร่วมพัฒนา - ประชาอุทิศ,ร่วมพัฒนา,4,09:00-17:00,0,0,1
ร่วมพัฒนา - ประชาอุทิศ,ร่วมพัฒนา,4,17:00-19:00,0,0,1
ร่วมพัฒนา - อยู่วิทยา - สุวินทวงศ์,ร่วมพัฒนา,4,07:00-09:00,0,0,1
ร่วมพัฒนา - อยู่วิทยา - สุวินทวงศ์,ร่วมพัฒนา,4,09:00-17:00,0,0,1
ร่วมพัฒนา - อยู่วิทยา - สุวินทวงศ์,ร่วมพัฒนา,4,17:00-19:00,0,0,1
ร่วมพัฒนา - อยู่วิทยา - สุวินทวงศ์,สุวินทวงศ์,4,07:00-09:00,0,0,1
ร่วมพัฒนา - อยู่วิทยา - สุวินทวงศ์,สุวินทวงศ์,4,09:00-17:00,0,0,1
ร่วมพัฒนา - อยู่วิทยา - สุวินทวงศ์,สุวินทวงศ์,4,17:00-19:00,0,0,1
ร่วมพัฒนา - อยู่วิทยา - สุวินทวงศ์,อยู่วิทยา,4,07:00-09:00,0,0,1
ร่วมพัฒนา - อยู่วิทยา - สุวินทวงศ์,อยู่วิทยา,4,09:00-17:00,0,0,1
ร่วมพัฒนา - อยู่วิทยา - สุวินทวงศ์,อยู่วิทยา,4,17:00-19:00,0,0,1
ฤทธิยะวรรณาลัย,ช่องทางท่าดินแดง 5,4,07:00-09:00,0,0,1
ฤทธิยะวรรณาลัย,ช่องทางท่าดินแดง 5,4,09:00-17:00,0,0,1
ฤทธิยะวรรณาลัย,ช่องทางท่าดินแดง 5,4,17:00-19:00,0,0,1
ฤทธิยะวรรณาลัย,ทางเข้าออกอากาศโยธิน,4,07:00-09:00,0,0,1
ฤทธิยะวรรณาลัย,ทางเข้าออกอากาศโยธิน,4,09:00-17:00,0,0,1
ฤทธิยะวรรณาลัย,ทางเข้าออกอากาศโยธิน,4,17:00-19:00,0,0,1
ฤทธิยะวรรณาลัย,พหลโยธิน,4,07:00-09:00,0,0,1
ฤทธิยะวรรณาลัย,พหลโยธิน,4,09:00-17:00,0,0,1
ฤทธิยะวรรณาลัย,พหลโยธิน,4,17:00-19:00,0,0,1
ลาซาล,ซอยลาซาล (สุขุมวิท 105),1,07:00-09:00,0,1,0
ลาซาล,ซอยลาซาล (สุขุมวิท 105),1,09:00-16:00,0,1,0
ลาซาล,ซอยลาซาล (สุขุมวิท 105),1,16:00-19:00,0,1,0
ลาซาล,ซอยสุขุมวิท 105,3,07:00-09:00,1,0,0
ลาซาล,ซอยสุขุมวิท 105,3,09:00-16:00,1,0,0
ลาซาล,ซอยสุขุมวิท 105,3,16:00-19:00,1,0,0
ลาซาล,ซอยสุขุมวิท 105,4,07:00-09:00,1,0,0
ลาซาล,ซอยสุขุมวิท 105,4,09:00-16:00,1,0,0
ลาซาล,ซอยสุขุมวิท 105,4,16:00-19:00,1,0,0
ลาซาล,สุขุมวิท,1,07:00-09:00,0,1,1
ลาซาล,สุขุมวิท,1,09:00-16:00,0,1,0
ลาซาล,สุขุมวิท,1,09:00-17:00,0,0,1
ลาซาล,สุขุมวิท,1,16:00-19:00,0,1,0
ลาซาล,สุขุมวิท,1,17:00-19:00,0,0,1
ลาซาล,สุขุมวิท,2,07:00-09:00,0,0,1
ลาซาล,สุขุมวิท,2,09:00-17:00,0,0,1
ลาซาล,สุขุมวิท,2,17:00-19:00,0,0,1
ลาซาล,สุขุมวิท,3,07:00-09:00,1,0,0
ลาซาล,สุขุมวิท,3,09:00-16:00,1,0,0
ลาซาล,สุขุมวิท,3,16:00-19:00,1,0,0
ลาซาล,สุขุมวิท,4,07:00-09:00,1,0,0
ลาซาล,สุขุมวิท,4,09:00-16:00,1,0,0
ลาซาล,สุขุมวิท,4,16:00-19:00,1,0,0
ลาซาล,สุขุมวิท 105,1,07:00-09:00,0,0,1
ลาซาล,สุขุมวิท 105,1,09:00-17:00,0,0,1
ลาซาล,สุขุมวิท 105,1,17:00-19:00,0,0,1
ลาซาล,สุขุมวิท 105,2,07:00-09:00,0,0,1
ลาซาล,สุขุมวิท 105,2,09:00-17:00,0,0,1
ลาซาล,สุขุมวิท 105,2,17:00-19:00,0,0,1
ลาซาล - ถนนตัดไหม่ลาซาล -แบริ่ง,ตัดใหม่ลาซาล-แบริ่ง,1,06:30-09:00,1,0,0
ลาซาล - ถนนตัดไหม่ลาซาล -แบริ่ง,ตัดใหม่ลาซาล-แบริ่ง,1,09:00-16:00,1,0,0
ลาซาล - ถนนตัดไหม่ลาซาล -แบริ่ง,ตัดใหม่ลาซาล-แบริ่ง,1,16:00-19:30,1,0,0
ลาซาล - ถนนตัดไหม่ลาซาล -แบริ่ง,ลาซาล,1,06:30-09:00,1,0,0
ลาซาล - ถนนตัดไหม่ลาซาล -แบริ่ง,ลาซาล,1,09:00-16:00,1,0,0
ลาซาล - ถนนตัดไหม่ลาซาล -แบริ่ง,ลาซาล,1,16:00-19:30,1,0,0
ลาซาล - แบริ่งลาซาล,ลาซาล,4,07:00-09:00,0,0,1
ลาซาล - แบริ่งลาซาล,ลาซาล,4,09:00-17:00,0,0,1
ลาซาล - แบริ่งลาซาล,ลาซาล,4,17:00-19:00,0,0,1
ลาซาล - แบริ่งลาซาล,สุขุมวิท 105(ลาซาล),1,07:00-09:00,0,0,1
ลาซาล - แบริ่งลาซาล,สุขุมวิท 105(ลาซาล),1,09:00-17:00,0,0,1
ลาซาล - แบริ่งลาซาล,สุขุมวิท 105(ลาซาล),1,17:00-19:00,0,0,1
ลาซาล - แบริ่งลาซาล,แบริ่งลาซาล,1,07:00-09:00,0,0,1
ลาซาล - แบริ่งลาซาล,แบริ่งลาซาล,1,09:00-17:00,0,0,1
ลาซาล - แบริ่งลาซาล,แบริ่งลาซาล,1,17:00-19:00,0,0,1
ลาซาล - แบริ่งลาซาล,แบริ่งลาซาล,4,07:00-09:00,0,0,1
ลาซาล - แบริ่งลาซาล,แบริ่งลาซาล,4,09:00-17:00,0,0,1
ลาซาล - แบริ่งลาซาล,แบริ่งลาซาล,4,17:00-19:00,0,0,1
ลาดกระบัง - ฉลองกรุง,ฉลองกรุง,1,07:00-09:00,1,0,0
ลาดกระบัง - ฉลองกรุง,ฉลองกรุง,1,09:00-16:00,1,0,0
ลาดกระบัง - ฉลองกรุง,ฉลองกรุง,1,16:00-19:00,1,0,0
ลาดกระบัง - ฉลองกรุง,ฉลองกรุง,2,07:00-09:00,0,0,1
ลาดกระบัง - ฉลองกรุง,ฉลองกรุง,2,09:00-17:00,0,0,1
ลาดกระบัง - ฉลองกรุง,ฉลองกรุง,2,17:00-19:00,0,0,1
ลาดกระบัง - ฉลองกรุง,ลาดกระบัง,1,07:00-09:00,1,0,0
ลาดกระบัง - ฉลองกรุง,ลาดกระบัง,1,09:00-16:00,1,0,0
ลาดกระบัง - ฉลองกรุง,ลาดกระบัง,1,16:00-19:00,1,0,0
ลาดกระบัง - ฉลองกรุง,ลาดกระบัง,2,07:00-09:00,0,0,1
ลาดกระบัง - ฉลองกรุง,ลาดกระบัง,2,09:00-17:00,0,0,1
ลาดกระบัง - ฉลองกรุง,ลาดกระบัง,2,17:00-19:00,0,0,1
ลาดกระบัง - ร่มเกล้า,ร่มเกล้า,4,07:00-09:00,1,1,0
ลาดกระบัง - ร่มเกล้า,ร่มเกล้า,4,09:00-16:00,1,1,0
ลาดกระบัง - ร่มเกล้า,ร่มเกล้า,4,16:00-19:00,1,1,0
ลาดกระบัง - ร่มเกล้า,ลาดกระบัง,4,07:00-09:00,1,1,0
ลาดกระบัง - ร่มเกล้า,ลาดกระบัง,4,09:00-16:00,1,1,0
ลาดกระบัง - ร่มเกล้า,ลาดกระบัง,4,16:00-19:00,1,1,0
ลาดกระบัง 1ก/7,ลาดกระบัง,4,07:00-09:00,0,0,1
ลาดกระบัง 1ก/7,ลาดกระบัง,4,09:00-17:00,0,0,1
ลาดกระบัง 1ก/7,ลาดกระบัง,4,17:00-19:00,0,0,1
ลาดกระบัง 54,ซอยลาดกระบัง 54,3,07:00-09:00,1,0,0
ลาดกระบัง 54,ซอยลาดกระบัง 54,3,09:00-16:00,1,0,0
ลาดกระบัง 54,ซอยลาดกระบัง 54,3,16:00-19:00,1,0,0
ลาดกระบัง 54,ลาดกระบัง,2,07:00-09:00,0,0,2
ลาดกระบัง 54,ลาดกระบัง,2,09:00-17:00,0,0,2
ลาดกระบัง 54,ลาดกระบัง,2,17:00-19:00,0,0,2
ลาดกระบัง 54,ลาดกระบัง,3,07:00-09:00,1,0,0
ลาดกระบัง 54,ลาดกระบัง,3,09:00-16:00,1,0,0
ลาดกระบัง 54,ลาดกระบัง,3,16:00-19:00,1,0,0
ลาดกระบัง 54,ลาดกระบัง 54,2,07:00-09:00,0,0,2
ลาดกระบัง 54,ลาดกระบัง 54,2,09:00-17:00,0,0,2
ลาดกระบัง 54,ลาดกระบัง 54,2,17:00-19:00,0,0,2
ลาดบัวขาว,มณีพัฒนา,1,07:00-09:00,0,1,0
ลาดบัวขาว,มณีพัฒนา,1,09:00-16:00,0,1,0
ลาดบัวขาว,มณีพัฒนา,1,16:00-19:00,0,1,0
ลาดบัวขาว,มีนพัฒนา,1,07:00-09:00,0,0,1
ลาดบัวขาว,มีนพัฒนา,1,09:00-17:00,0,0,1
ลาดบัวขาว,มีนพัฒนา,1,17:00-19:00,0,0,1
ลาดบัวขาว,มีนพัฒนา,2,07:00-09:00,1,0,0
ลาดบัวขาว,มีนพัฒนา,2,09:00-16:00,1,0,0
ลาดบัวขาว,มีนพัฒนา,2,16:00-19:00,1,0,0
ลาดบัวขาว,รามคำแหง,1,07:00-09:00,0,1,1
ลาดบัวขาว,รามคำแหง,1,09:00-16:00,0,1,0
ลาดบัวขาว,รามคำแหง,1,09:00-17:00,0,0,1
ลาดบัวขาว,รามคำแหง,1,16:00-19:00,0,1,0
ลาดบัวขาว,รามคำแหง,1,17:00-19:00,0,0,1
ลาดบัวขาว,รามคำแหง,2,07:00-09:00,1,0,0
ลาดบัวขาว,รามคำแหง,2,09:00-16:00,1,0,0
ลาดบัวขาว,รามคำแหง,2,16:00-19:00,1,0,0
ลาดปฏลาเค้า,รามอินทรา,3,07:00-09:00,1,0,0
ลาดปฏลาเค้า,รามอินทรา,3,09:00-16:00,1,0,0
ลาดปฏลาเค้า,รามอินทรา,3,16:00-19:00,1,0,0
ลาดปลาเค้า,รามอินทรา,1,07:00-09:00,0,1,1
ลาดปลาเค้า,รามอินทรา,1,09:00-16:00,0,1,1
ลาดปลาเค้า,รามอินทรา,1,16:00-19:00,0,1,1
ลาดปลาเค้า,รามอินทรา,2,07:00-09:00,0,0,1
ลาดปลาเค้า,รามอินทรา,2,09:00-17:00,0,0,1
ลาดปลาเค้า,รามอินทรา,2,17:00-19:00,0,0,1
ลาดปลาเค้า,รามอินทรา,3,07:00-09:00,1,0,0
ลาดปลาเค้า,รามอินทรา,3,09:00-16:00,1,0,0
ลาดปลาเค้า,รามอินทรา,3,16:00-19:00,1,0,0
ลาดปลาเค้า,รามอินทรา,4,07:00-09:00,0,0,1
ลาดปลาเค้า,รามอินทรา,4,09:00-17:00,0,0,1
ลาดปลาเค้า,รามอินทรา,4,17:00-19:00,0,0,1
ลาดปลาเค้า,ลาดปลาเค้า,1,07:00-09:00,0,1,1
ลาดปลาเค้า,ลาดปลาเค้า,1,09:00-16:00,0,1,1
ลาดปลาเค้า,ลาดปลาเค้า,1,16:00-19:00,0,1,1
ลาดปลาเค้า,ลาดปลาเค้า,2,07:00-09:00,0,0,1
ลาดปลาเค้า,ลาดปลาเค้า,2,09:00-17:00,0,0,1
ลาดปลาเค้า,ลาดปลาเค้า,2,17:00-19:00,0,0,1
ลาดปลาเค้า,ลาดปลาเค้า,3,07:00-09:00,2,0,0
ลาดปลาเค้า,ลาดปลาเค้า,3,09:00-16:00,2,0,0
ลาดปลาเค้า,ลาดปลาเค้า,3,16:00-19:00,2,0,0
ลาดปลาเค้า,ลาดปลาเค้า,4,07:00-09:00,0,0,1
ลาดปลาเค้า,ลาดปลาเค้า,4,09:00-17:00,0,0,1
ลาดปลาเค้า,ลาดปลาเค้า,4,17:00-19:00,0,0,1
ลาดพร้าว,พหลโยธิน,2,07:00-09:00,0,0,1
ลาดพร้าว,พหลโยธิน,2,09:00-17:00,0,0,1
ลาดพร้าว,พหลโยธิน,2,17:00-19:00,0,0,1
ลาดพร้าว,ลาดพร้าว,2,07:00-09:00,0,0,1
ลาดพร้าว,ลาดพร้าว,2,09:00-17:00,0,0,1
ลาดพร้าว,ลาดพร้าว,2,17:00-19:00,0,0,1
ลาดพร้าว,วิภาวดีรังสิต,2,07:00-09:00,0,0,2
ลาดพร้าว,วิภาวดีรังสิต,2,09:00-17:00,0,0,2
ลาดพร้าว,วิภาวดีรังสิต,2,17:00-19:00,0,0,2
ลาดพร้าว (ขาออก),พหลโยธิน,3,07:00-09:00,0,0,1
ลาดพร้าว (ขาออก),พหลโยธิน,3,09:00-16:00,0,0,1
ลาดพร้าว (ขาออก),พหลโยธิน,3,16:00-19:00,0,0,1
ลาดพร้าว - มหาดไทย,มหาดไทย,4,07:00-09:00,0,0,1
ลาดพร้าว - มหาดไทย,มหาดไทย,4,09:00-17:00,0,0,1
ลาดพร้าว - มหาดไทย,มหาดไทย,4,17:00-19:00,0,0,1
ลาดพร้าว - มหาดไทย,ลาดพร้าว,1,07:00-09:00,0,0,1
ลาดพร้าว - มหาดไทย,ลาดพร้าว,1,09:00-17:00,0,0,1
ลาดพร้าว - มหาดไทย,ลาดพร้าว,1,17:00-19:00,0,0,1
ลาดพร้าว - มหาดไทย,ลาดพร้าว,4,07:00-09:00,0,0,1
ลาดพร้าว - มหาดไทย,ลาดพร้าว,4,09:00-17:00,0,0,1
ลาดพร้าว - มหาดไทย,ลาดพร้าว,4,17:00-19:00,0,0,1
ลาดพร้าว - มหาดไทย,ลาดพร้าว 122,1,07:00-09:00,0,0,1
ลาดพร้าว - มหาดไทย,ลาดพร้าว 122,1,09:00-17:00,0,0,1
ลาดพร้าว - มหาดไทย,ลาดพร้าว 122,1,17:00-19:00,0,0,1
ลาดพร้าว - ลาดพร้าว 15,ซอยลาดพร้าว 15,1,07:00-09:00,0,1,0
ลาดพร้าว - ลาดพร้าว 15,ซอยลาดพร้าว 15,1,09:00-16:00,0,1,0
ลาดพร้าว - ลาดพร้าว 15,ซอยลาดพร้าว 15,1,16:00-19:00,0,1,0
ลาดพร้าว - ลาดพร้าว 15,ลาดพร้าว,1,07:00-09:00,0,1,0
ลาดพร้าว - ลาดพร้าว 15,ลาดพร้าว,1,09:00-16:00,0,1,0
ลาดพร้าว - ลาดพร้าว 15,ลาดพร้าว,1,16:00-19:00,0,1,0
ลาดพร้าว 101,ซอยลาดพร้าว 101,2,07:00-09:00,1,0,0
ลาดพร้าว 101,ซอยลาดพร้าว 101,2,09:00-16:00,1,0,0
ลาดพร้าว 101,ซอยลาดพร้าว 101,2,16:00-19:00,1,0,0
ลาดพร้าว 101,ซอยลาดพร้าว 128/1,2,07:00-09:00,1,0,0
ลาดพร้าว 101,ซอยลาดพร้าว 128/1,2,09:00-16:00,1,0,0
ลาดพร้าว 101,ซอยลาดพร้าว 128/1,2,16:00-19:00,1,0,0
ลาดพร้าว 101,ลาดพร้าว,1,07:00-09:00,0,0,1
ลาดพร้าว 101,ลาดพร้าว,1,09:00-17:00,0,0,1
ลาดพร้าว 101,ลาดพร้าว,1,17:00-19:00,0,0,1
ลาดพร้าว 101,ลาดพร้าว,2,07:00-09:00,1,0,0
ลาดพร้าว 101,ลาดพร้าว,2,09:00-16:00,1,0,0
ลาดพร้าว 101,ลาดพร้าว,2,16:00-19:00,1,0,0
ลาดพร้าว 101,ลาดพร้าว 101,1,07:00-09:00,0,0,1
ลาดพร้าว 101,ลาดพร้าว 101,1,09:00-17:00,0,0,1
ลาดพร้าว 101,ลาดพร้าว 101,1,17:00-19:00,0,0,1
ลาดพร้าว 101,ลาดพร้าว 128/1,1,07:00-09:00,0,0,1
ลาดพร้าว 101,ลาดพร้าว 128/1,1,09:00-17:00,0,0,1
ลาดพร้าว 101,ลาดพร้าว 128/1,1,17:00-19:00,0,0,1
ลาดพร้าว 101/1,ลาดพร้าว,1,07:00-09:00,0,0,1
ลาดพร้าว 101/1,ลาดพร้าว,1,09:00-17:00,0,0,1
ลาดพร้าว 101/1,ลาดพร้าว,1,17:00-19:00,0,0,1
ลาดพร้าว 101/1,ลาดพร้าว 101/1,1,07:00-09:00,0,0,1
ลาดพร้าว 101/1,ลาดพร้าว 101/1,1,09:00-17:00,0,0,1
ลาดพร้าว 101/1,ลาดพร้าว 101/1,1,17:00-19:00,0,0,1
ลาดพร้าว 112,ลาดพร้าว,1,07:00-09:00,0,0,1
ลาดพร้าว 112,ลาดพร้าว,1,09:00-17:00,0,0,1
ลาดพร้าว 112,ลาดพร้าว,1,17:00-19:00,0,0,1
ลาดพร้าว 112,ลาดพร้าว 112,1,07:00-09:00,0,0,1
ลาดพร้าว 112,ลาดพร้าว 112,1,09:00-17:00,0,0,1
ลาดพร้าว 112,ลาดพร้าว 112,1,17:00-19:00,0,0,1
ลาดพร้าว 12,ลาดพร้าว,2,07:00-09:00,0,0,1
ลาดพร้าว 12,ลาดพร้าว,2,09:00-17:00,0,0,1
ลาดพร้าว 12,ลาดพร้าว,2,17:00-19:00,0,0,1
ลาดพร้าว 12,ลาดพร้าว 12,2,07:00-09:00,0,0,1
ลาดพร้าว 12,ลาดพร้าว 12,2,09:00-17:00,0,0,1
ลาดพร้าว 12,ลาดพร้าว 12,2,17:00-19:00,0,0,1
ลาดพร้าว 14,ลาดพร้าว,2,07:00-09:00,0,0,1
ลาดพร้าว 14,ลาดพร้าว,2,09:00-17:00,0,0,1
ลาดพร้าว 14,ลาดพร้าว,2,17:00-19:00,0,0,1
ลาดพร้าว 14,ลาดพร้าว 14,2,07:00-09:00,0,0,1
ลาดพร้าว 14,ลาดพร้าว 14,2,09:00-17:00,0,0,1
ลาดพร้าว 14,ลาดพร้าว 14,2,17:00-19:00,0,0,1
ลาดพร้าว 35,ลาดพร้าว,1,07:00-09:00,0,0,1
ลาดพร้าว 35,ลาดพร้าว,1,09:00-17:00,0,0,1
ลาดพร้าว 35,ลาดพร้าว,1,17:00-19:00,0,0,1
ลาดพร้าว 35,ลาดพร้าว 35,1,07:00-09:00,0,0,1
ลาดพร้าว 35,ลาดพร้าว 35,1,09:00-17:00,0,0,1
ลาดพร้าว 35,ลาดพร้าว 35,1,17:00-19:00,0,0,1
ลาดพร้าว 40,ลาดพร้าว,4,07:00-09:00,0,0,1
ลาดพร้าว 40,ลาดพร้าว,4,09:00-17:00,0,0,1
ลาดพร้าว 40,ลาดพร้าว,4,17:00-19:00,0,0,1
ลาดพร้าว 40,ลาดพร้าว 40,4,07:00-09:00,0,0,1
ลาดพร้าว 40,ลาดพร้าว 40,4,09:00-17:00,0,0,1
ลาดพร้าว 40,ลาดพร้าว 40,4,17:00-19:00,0,0,1
ลาดพร้าว 48,ลาดพร้าว,1,07:00-09:00,0,0,1
ลาดพร้าว 48,ลาดพร้าว,1,09:00-17:00,0,0,1
ลาดพร้าว 48,ลาดพร้าว,1,17:00-19:00,0,0,1
ลาดพร้าว 48,ลาดพร้าว 48,1,07:00-09:00,0,0,1
ลาดพร้าว 48,ลาดพร้าว 48,1,09:00-17:00,0,0,1
ลาดพร้าว 48,ลาดพร้าว 48,1,17:00-19:00,0,0,1
ลาดพร้าว 6,ลาดพร้าว,2,07:00-09:00,0,0,1
ลาดพร้าว 6,ลาดพร้าว,2,09:00-17:00,0,0,1
ลาดพร้าว 6,ลาดพร้าว,2,17:00-19:00,0,0,1
ลาดพร้าว 6,ลาดพร้าว 6,2,07:00-09:00,0,0,1
ลาดพร้าว 6,ลาดพร้าว 6,2,09:00-17:00,0,0,1
ลาดพร้าว 6,ลาดพร้าว 6,2,17:00-19:00,0,0,1
ลาดพร้าว 60,ลาดพร้าว,1,07:00-09:00,0,0,1
ลาดพร้าว 60,ลาดพร้าว,1,09:00-17:00,0,0,1
ลาดพร้าว 60,ลาดพร้าว,1,17:00-19:00,0,0,1
ลาดพร้าว 60,ลาดพร้าว 60,1,07:00-09:00,0,0,1
ลาดพร้าว 60,ลาดพร้าว 60,1,09:00-17:00,0,0,1
ลาดพร้าว 60,ลาดพร้าว 60,1,17:00-19:00,0,0,1
ลาดพร้าว 62,ลาดพร้าว,1,07:00-09:00,0,0,1
ลาดพร้าว 62,ลาดพร้าว,1,09:00-17:00,0,0,1
ลาดพร้าว 62,ลาดพร้าว,1,17:00-19:00,0,0,1
ลาดพร้าว 62,ลาดพร้าว 62,1,07:00-09:00,0,0,1
ลาดพร้าว 62,ลาดพร้าว 62,1,09:00-17:00,0,0,1
ลาดพร้าว 62,ลาดพร้าว 62,1,17:00-19:00,0,0,1
ลาดพร้าว 71,ลาดพร้าว,3,07:00-09:00,0,0,1
ลาดพร้าว 71,ลาดพร้าว,3,09:00-17:00,0,0,1
ลาดพร้าว 71,ลาดพร้าว,3,17:00-19:00,0,0,1
ลาดพร้าว 71,ลาดพร้าว 71,3,07:00-09:00,0,0,1
ลาดพร้าว 71,ลาดพร้าว 71,3,09:00-17:00,0,0,1
ลาดพร้าว 71,ลาดพร้าว 71,3,17:00-19:00,0,0,1
ลาดพร้าว 94,ลาดพร้าว,3,07:00-09:00,0,0,1
ลาดพร้าว 94,ลาดพร้าว,3,09:00-17:00,0,0,1
ลาดพร้าว 94,ลาดพร้าว,3,17:00-19:00,0,0,1
ลาดพร้าว 94,ลาดพร้าว 94,3,07:00-09:00,0,0,1
ลาดพร้าว 94,ลาดพร้าว 94,3,09:00-17:00,0,0,1
ลาดพร้าว 94,ลาดพร้าว 94,3,17:00-19:00,0,0,1
ลาดพร้าว- ประดิษฐ์มนูธรรม,ประดิษฐ์มนูธรรม,3,07:00-09:00,0,0,1
ลาดพร้าว- ประดิษฐ์มนูธรรม,ประดิษฐ์มนูธรรม,3,09:00-17:00,0,0,1
ลาดพร้าว- ประดิษฐ์มนูธรรม,ประดิษฐ์มนูธรรม,3,17:00-19:00,0,0,1
ลาดพร้าว- ประดิษฐ์มนูธรรม,ลาดพร้าว,3,07:00-09:00,0,0,1
ลาดพร้าว- ประดิษฐ์มนูธรรม,ลาดพร้าว,3,09:00-17:00,0,0,1
ลาดพร้าว- ประดิษฐ์มนูธรรม,ลาดพร้าว,3,17:00-19:00,0,0,1
ลาดพร้าววังหิน - โชคชัย 4,ลาดพร้าววังหิน,4,07:00-09:00,0,0,1
ลาดพร้าววังหิน - โชคชัย 4,ลาดพร้าววังหิน,4,09:00-17:00,0,0,1
ลาดพร้าววังหิน - โชคชัย 4,ลาดพร้าววังหิน,4,17:00-19:00,0,0,1
ลาดพร้าววังหิน - โชคชัย 4,ลาดพร้าววังหิน 79,4,07:00-09:00,0,0,1
ลาดพร้าววังหิน - โชคชัย 4,ลาดพร้าววังหิน 79,4,09:00-17:00,0,0,1
ลาดพร้าววังหิน - โชคชัย 4,ลาดพร้าววังหิน 79,4,17:00-19:00,0,0,1
ลาดพร้าววังหิน - โชคชัย 4,โชคชัย 4,4,07:00-09:00,0,0,1
ลาดพร้าววังหิน - โชคชัย 4,โชคชัย 4,4,09:00-17:00,0,0,1
ลาดพร้าววังหิน - โชคชัย 4,โชคชัย 4,4,17:00-19:00,0,0,1
ลาสาลี,ศรีนครินทร์,4,07:00-09:00,0,1,0
ลาสาลี,ศรีนครินทร์,4,09:00-16:00,0,1,0
ลาสาลี,ศรีนครินทร์,4,16:00-19:00,0,1,0
ลำกะโหลก,ปัญญาอินทรา,2,07:00-09:00,0,0,1
ลำกะโหลก,ปัญญาอินทรา,2,09:00-17:00,0,0,1
ลำกะโหลก,ปัญญาอินทรา,2,17:00-19:00,0,0,1
ลำกะโหลก,ปัญญาอินทรา,3,07:00-09:00,0,0,1
ลำกะโหลก,ปัญญาอินทรา,3,09:00-16:00,0,0,1
ลำกะโหลก,ปัญญาอินทรา,3,16:00-19:00,0,0,1
ลำกะโหลก,พระยาสุเรนทร์,2,07:00-09:00,0,0,1
ลำกะโหลก,พระยาสุเรนทร์,2,09:00-17:00,0,0,1
ลำกะโหลก,พระยาสุเรนทร์,2,17:00-19:00,0,0,1
ลำกะโหลก,พระยาสุเรนทร์,3,07:00-09:00,0,0,1
ลำกะโหลก,พระยาสุเรนทร์,3,09:00-16:00,0,0,1
ลำกะโหลก,พระยาสุเรนทร์,3,16:00-19:00,0,0,1
ลำพูนไชย,ลำพูนไชย,4,07:00-09:00,0,0,1
ลำพูนไชย,ลำพูนไชย,4,09:00-16:00,0,0,1
ลำพูนไชย,ลำพูนไชย,4,16:00-19:00,0,0,1
ลำพูนไชย,เจริญกรุง,4,07:00-09:00,0,0,1
ลำพูนไชย,เจริญกรุง,4,09:00-16:00,0,0,1
ลำพูนไชย,เจริญกรุง,4,16:00-19:00,0,0,1
ลำสาลี,รามคาแหง,4,07:00-09:00,0,1,0
ลำสาลี,รามคาแหง,4,09:00-16:00,0,1,0
ลำสาลี,รามคาแหง,4,16:00-19:00,0,1,0
ลำสาลี,รามคำแหง,2,07:00-09:00,1,0,1
ลำสาลี,รามคำแหง,2,09:00-16:00,1,0,0
ลำสาลี,รามคำแหง,2,09:00-17:00,0,0,1
ลำสาลี,รามคำแหง,2,16:00-19:00,1,0,0
ลำสาลี,รามคำแหง,2,17:00-19:00,0,0,1
ลำสาลี,รามคำแหง,4,07:00-09:00,0,0,1
ลำสาลี,รามคำแหง,4,09:00-17:00,0,0,1
ลำสาลี,รามคำแหง,4,17:00-19:00,0,0,1
ลำสาลี,ศรีนครินทร์,2,07:00-09:00,1,0,1
ลำสาลี,ศรีนครินทร์,2,09:00-16:00,1,0,0
ลำสาลี,ศรีนครินทร์,2,09:00-17:00,0,0,1
ลำสาลี,ศรีนครินทร์,2,16:00-19:00,1,0,0
ลำสาลี,ศรีนครินทร์,2,17:00-19:00,0,0,1
ลำสาลี,ศรีนครินทร์,4,07:00-09:00,0,0,1
ลำสาลี,ศรีนครินทร์,4,09:00-17:00,0,0,1
ลำสาลี,ศรีนครินทร์,4,17:00-19:00,0,0,1
ลำหิน,คู้คลองสิบ,2,07:00-09:00,0,0,1
ลำหิน,คู้คลองสิบ,2,09:00-17:00,0,0,1
ลำหิน,คู้คลองสิบ,2,17:00-19:00,0,0,1
ลำหิน,มิตรไมตรี,2,07:00-09:00,0,0,1
ลำหิน,มิตรไมตรี,2,09:00-17:00,0,0,1
ลำหิน,มิตรไมตรี,2,17:00-19:00,0,0,1
ลำหิน,เลียบวารี,2,07:00-09:00,0,0,1
ลำหิน,เลียบวารี,2,09:00-17:00,0,0,1
ลำหิน,เลียบวารี,2,17:00-19:00,0,0,1
วขิระ,สามเสน,1,07:00-09:00,0,0,1
วขิระ,สามเสน,1,09:00-17:00,0,0,1
วขิระ,สามเสน,1,17:00-19:00,0,0,1
วขิระ,สุโขทัย,1,07:00-09:00,0,0,1
วขิระ,สุโขทัย,1,09:00-17:00,0,0,1
วขิระ,สุโขทัย,1,17:00-19:00,0,0,1
วงศสว่าง,กรุงเทพนนท์,2,07:00-09:00,0,0,1
วงศสว่าง,กรุงเทพนนท์,2,09:00-16:00,0,0,1
วงศสว่าง,กรุงเทพนนท์,2,16:00-19:00,0,0,1
วงศสว่าง,รัชดาภิเษก,2,07:00-09:00,0,0,1
วงศสว่าง,รัชดาภิเษก,2,09:00-16:00,0,0,1
วงศสว่าง,รัชดาภิเษก,2,16:00-19:00,0,0,1
วงศสว่าง,วงศสว่าง,2,07:00-09:00,0,0,1
วงศสว่าง,วงศสว่าง,2,09:00-16:00,0,0,1
วงศสว่าง,วงศสว่าง,2,16:00-19:00,0,0,1
วงศ์สว่าง,กรุงเทพ - นนทบุรี,2,07:00-09:00,1,0,0
วงศ์สว่าง,กรุงเทพ - นนทบุรี,2,09:00-16:00,1,0,0
วงศ์สว่าง,กรุงเทพ - นนทบุรี,2,16:00-19:00,1,0,0
วงศ์สว่าง,กรุงเทพ - นนทบุรี,4,07:00-09:00,1,1,0
วงศ์สว่าง,กรุงเทพ - นนทบุรี,4,09:00-16:00,1,1,0
วงศ์สว่าง,กรุงเทพ - นนทบุรี,4,16:00-19:00,1,1,0
วงศ์สว่าง,กรุงเทพ-นนทบุรี,4,07:00-09:00,0,1,0
วงศ์สว่าง,กรุงเทพ-นนทบุรี,4,09:00-16:00,0,1,0
วงศ์สว่าง,กรุงเทพ-นนทบุรี,4,16:00-19:00,0,1,0
วงศ์สว่าง,กรุงเทพนนท์,1,07:00-09:00,0,0,1
วงศ์สว่าง,กรุงเทพนนท์,1,09:00-17:00,0,0,1
วงศ์สว่าง,กรุงเทพนนท์,1,17:00-19:00,0,0,1
วงศ์สว่าง,รัชดาภิเษก,1,07:00-09:00,0,0,1
วงศ์สว่าง,รัชดาภิเษก,1,09:00-17:00,0,0,1
วงศ์สว่าง,รัชดาภิเษก,1,17:00-19:00,0,0,1
วงศ์สว่าง,รัชดาภิเษก,2,07:00-09:00,1,0,0
วงศ์สว่าง,รัชดาภิเษก,2,09:00-16:00,1,0,0
วงศ์สว่าง,รัชดาภิเษก,2,16:00-19:00,1,0,0
วงศ์สว่าง,รัชดาภิเษก,4,07:00-09:00,1,2,0
วงศ์สว่าง,รัชดาภิเษก,4,09:00-16:00,1,2,0
วงศ์สว่าง,รัชดาภิเษก,4,16:00-19:00,1,2,0
วงศ์สว่าง,วงศ์สว่าง,1,07:00-09:00,0,0,1
วงศ์สว่าง,วงศ์สว่าง,1,09:00-17:00,0,0,1
วงศ์สว่าง,วงศ์สว่าง,1,17:00-19:00,0,0,1
วงศ์สว่าง,วงศ์สว่าง,2,07:00-09:00,1,0,0
วงศ์สว่าง,วงศ์สว่าง,2,09:00-16:00,1,0,0
วงศ์สว่าง,วงศ์สว่าง,2,16:00-19:00,1,0,0
วงศ์สว่าง,วงศ์สว่าง,4,07:00-09:00,1,2,0
วงศ์สว่าง,วงศ์สว่าง,4,09:00-16:00,1,2,0
วงศ์สว่าง,วงศ์สว่าง,4,16:00-19:00,1,2,0
วงเวียน 22 กรกฎา,มิตรพันธ์,4,07:00-09:00,0,1,0
วงเวียน 22 กรกฎา,มิตรพันธ์,4,09:00-16:00,0,1,0
วงเวียน 22 กรกฎา,มิตรพันธ์,4,16:00-19:00,0,1,0
วงเวียน 22 กรกฎา,สันติภาพ,4,07:00-09:00,0,1,0
วงเวียน 22 กรกฎา,สันติภาพ,4,09:00-16:00,0,1,0
วงเวียน 22 กรกฎา,สันติภาพ,4,16:00-19:00,0,1,0
วงเวียน 22 กรกฎา,ไมตรีจิตต์,4,07:00-09:00,0,1,0
วงเวียน 22 กรกฎา,ไมตรีจิตต์,4,09:00-16:00,0,1,0
วงเวียน 22 กรกฎา,ไมตรีจิตต์,4,16:00-19:00,0,1,0
วงเวียน รด.,จักรเพชร,4,07:00-09:00,0,1,0
วงเวียน รด.,จักรเพชร,4,09:00-16:00,0,1,0
วงเวียน รด.,จักรเพชร,4,16:00-19:00,0,1,0
วงเวียน รด.,มหาราช,4,07:00-09:00,0,1,0
วงเวียน รด.,มหาราช,4,09:00-16:00,0,1,0
วงเวียน รด.,มหาราช,4,16:00-19:00,0,1,0
วงเวียน รด.,ราชินี,4,07:00-09:00,0,1,0
วงเวียน รด.,ราชินี,4,09:00-16:00,0,1,0
วงเวียน รด.,ราชินี,4,16:00-19:00,0,1,0
วงเวียน รด.,สนามไชย,4,07:00-09:00,0,1,0
วงเวียน รด.,สนามไชย,4,09:00-16:00,0,1,0
วงเวียน รด.,สนามไชย,4,16:00-19:00,0,1,0
วงเวียนตลาดน้อย,เจริญกรุง,2,07:00-09:00,0,0,1
วงเวียนตลาดน้อย,เจริญกรุง,2,09:00-17:00,0,0,1
วงเวียนตลาดน้อย,เจริญกรุง,2,17:00-19:00,0,0,1
วงเวียนหลักสี่,พหลโยธิน,1,07:00-09:00,1,0,1
วงเวียนหลักสี่,พหลโยธิน,1,09:00-16:00,1,0,0
วงเวียนหลักสี่,พหลโยธิน,1,09:00-17:00,0,0,1
วงเวียนหลักสี่,พหลโยธิน,1,16:00-19:00,1,0,0
วงเวียนหลักสี่,พหลโยธิน,1,17:00-19:00,0,0,1
วงเวียนหลักสี่,พหลโยธิน,2,07:00-09:00,0,1,0
วงเวียนหลักสี่,พหลโยธิน,2,09:00-16:00,0,1,0
วงเวียนหลักสี่,พหลโยธิน,2,16:00-19:00,0,1,0
วงเวียนหลักสี่,รามอินทรา,1,07:00-09:00,1,0,1
วงเวียนหลักสี่,รามอินทรา,1,09:00-16:00,1,0,0
วงเวียนหลักสี่,รามอินทรา,1,09:00-17:00,0,0,1
วงเวียนหลักสี่,รามอินทรา,1,16:00-19:00,1,0,0
วงเวียนหลักสี่,รามอินทรา,1,17:00-19:00,0,0,1
วงเวียนหลักสี่,รามอินทรา,2,07:00-09:00,0,1,0
วงเวียนหลักสี่,รามอินทรา,2,09:00-16:00,0,1,0
วงเวียนหลักสี่,รามอินทรา,2,16:00-19:00,0,1,0
วงเวียนหลักสี่,แจ้งวัฒนะ,1,07:00-09:00,1,0,1
วงเวียนหลักสี่,แจ้งวัฒนะ,1,09:00-16:00,1,0,0
วงเวียนหลักสี่,แจ้งวัฒนะ,1,09:00-17:00,0,0,1
วงเวียนหลักสี่,แจ้งวัฒนะ,1,16:00-19:00,1,0,0
วงเวียนหลักสี่,แจ้งวัฒนะ,1,17:00-19:00,0,0,1
วงเวียนหลักสี่,แจ้งวัฒนะ,2,07:00-09:00,0,1,0
วงเวียนหลักสี่,แจ้งวัฒนะ,2,09:00-16:00,0,1,0
วงเวียนหลักสี่,แจ้งวัฒนะ,2,16:00-19:00,0,1,0
วงเวียนอนุสาวรีย์หลักสี่,พหลโยธิน,2,07:00-09:00,0,0,1
วงเวียนอนุสาวรีย์หลักสี่,พหลโยธิน,2,09:00-17:00,0,0,1
วงเวียนอนุสาวรีย์หลักสี่,พหลโยธิน,2,17:00-19:00,0,0,1
วงเวียนอนุสาวรีย์หลักสี่,รามอินทรา,2,07:00-09:00,0,0,1
วงเวียนอนุสาวรีย์หลักสี่,รามอินทรา,2,09:00-17:00,0,0,1
วงเวียนอนุสาวรีย์หลักสี่,รามอินทรา,2,17:00-19:00,0,0,1
วงเวียนอนุสาวรีย์หลักสี่,แจ้งวัฒนะ,2,07:00-09:00,0,0,1
วงเวียนอนุสาวรีย์หลักสี่,แจ้งวัฒนะ,2,09:00-17:00,0,0,1
วงเวียนอนุสาวรีย์หลักสี่,แจ้งวัฒนะ,2,17:00-19:00,0,0,1
วงเวียนโอเดียน,ซอยเยาวราช 1,4,07:00-09:00,0,1,0
วงเวียนโอเดียน,ซอยเยาวราช 1,4,09:00-16:00,0,1,0
วงเวียนโอเดียน,ซอยเยาวราช 1,4,16:00-19:00,0,1,0
วงเวียนโอเดียน,ซอยเยาวราช 3,4,07:00-09:00,0,1,0
วงเวียนโอเดียน,ซอยเยาวราช 3,4,09:00-16:00,0,1,0
วงเวียนโอเดียน,ซอยเยาวราช 3,4,16:00-19:00,0,1,0
วงเวียนโอเดียน,ตรีมิตร,4,07:00-09:00,0,1,0
วงเวียนโอเดียน,ตรีมิตร,4,09:00-16:00,0,1,0
วงเวียนโอเดียน,ตรีมิตร,4,16:00-19:00,0,1,0
วงเวียนโอเดียน,มิตรภาพไทยจีน,4,07:00-09:00,0,1,0
วงเวียนโอเดียน,มิตรภาพไทยจีน,4,09:00-16:00,0,1,0
วงเวียนโอเดียน,มิตรภาพไทยจีน,4,16:00-19:00,0,1,0
วงเวียนโอเดียน,เจริญกรุง,4,07:00-09:00,0,1,0
วงเวียนโอเดียน,เจริญกรุง,4,09:00-16:00,0,1,0
วงเวียนโอเดียน,เจริญกรุง,4,16:00-19:00,0,1,0
วงเวียนโอเดียน,เยาวราช,4,07:00-09:00,0,1,0
วงเวียนโอเดียน,เยาวราช,4,09:00-16:00,0,1,0
วงเวียนโอเดียน,เยาวราช,4,16:00-19:00,0,1,0
วงเวียนใหญ่,ถนนลาดหญ้า,4,07:00-09:00,0,1,0
วงเวียนใหญ่,ถนนลาดหญ้า,4,09:00-16:00,0,1,0
วงเวียนใหญ่,ถนนลาดหญ้า,4,16:00-19:00,0,1,0
วงเวียนใหญ่,ประชาธิปก,1,07:00-09:00,1,0,0
วงเวียนใหญ่,ประชาธิปก,1,09:00-16:00,1,0,0
วงเวียนใหญ่,ประชาธิปก,1,16:00-19:00,1,0,0
วงเวียนใหญ่,ประชาธิปก,3,07:00-09:00,0,0,2
วงเวียนใหญ่,ประชาธิปก,3,09:00-17:00,0,0,2
วงเวียนใหญ่,ประชาธิปก,3,17:00-19:00,0,0,2
วงเวียนใหญ่,ประชาธิปก,4,07:00-09:00,0,1,0
วงเวียนใหญ่,ประชาธิปก,4,09:00-16:00,0,1,0
วงเวียนใหญ่,ประชาธิปก,4,16:00-19:00,0,1,0
วงเวียนใหญ่,ลาดหญ้า,1,07:00-09:00,1,0,0
วงเวียนใหญ่,ลาดหญ้า,1,09:00-16:00,1,0,0
วงเวียนใหญ่,ลาดหญ้า,1,16:00-19:00,1,0,0
วงเวียนใหญ่,ลาดหญ้า,3,07:00-09:00,0,0,2
วงเวียนใหญ่,ลาดหญ้า,3,09:00-17:00,0,0,2
วงเวียนใหญ่,ลาดหญ้า,3,17:00-19:00,0,0,2
วงเวียนใหญ่,สมเดจ็พระเจ้าตากสิน,4,07:00-09:00,0,1,0
วงเวียนใหญ่,สมเดจ็พระเจ้าตากสิน,4,09:00-16:00,0,1,0
วงเวียนใหญ่,สมเดจ็พระเจ้าตากสิน,4,16:00-19:00,0,1,0
วงเวียนใหญ่,สมเด็จพระเจ้าตากสิน,1,07:00-09:00,1,0,0
วงเวียนใหญ่,สมเด็จพระเจ้าตากสิน,1,09:00-16:00,1,0,0
วงเวียนใหญ่,สมเด็จพระเจ้าตากสิน,1,16:00-19:00,1,0,0
วงเวียนใหญ่,สมเด็จพระเจ้าตากสิน,3,07:00-09:00,0,0,2
วงเวียนใหญ่,สมเด็จพระเจ้าตากสิน,3,09:00-17:00,0,0,2
วงเวียนใหญ่,สมเด็จพระเจ้าตากสิน,3,17:00-19:00,0,0,2
วงเวียนใหญ่,อินทรพิทักษ์,1,07:00-09:00,1,0,0
วงเวียนใหญ่,อินทรพิทักษ์,1,09:00-16:00,1,0,0
วงเวียนใหญ่,อินทรพิทักษ์,1,16:00-19:00,1,0,0
วงเวียนใหญ่,อินทรพิทักษ์,3,07:00-09:00,0,0,2
วงเวียนใหญ่,อินทรพิทักษ์,3,09:00-17:00,0,0,2
วงเวียนใหญ่,อินทรพิทักษ์,3,17:00-19:00,0,0,2
วงเวียนใหญ่,อินทรพิทักษ์,4,07:00-09:00,0,1,0
วงเวียนใหญ่,อินทรพิทักษ์,4,09:00-16:00,0,1,0
วงเวียนใหญ่,อินทรพิทักษ์,4,16:00-19:00,0,1,0
วงเวียนใหญ่ (ขาออก),ประชาธิปก,1,07:00-09:00,0,0,1
วงเวียนใหญ่ (ขาออก),ประชาธิปก,1,09:00-16:00,0,0,1
วงเวียนใหญ่ (ขาออก),ประชาธิปก,1,16:00-19:00,0,0,1
วงเวียนใหญ่ (ขาออก),ประชาธิปก,3,07:00-09:00,1,0,0
วงเวียนใหญ่ (ขาออก),ประชาธิปก,3,09:00-16:00,1,0,0
วงเวียนใหญ่ (ขาออก),ประชาธิปก,3,16:00-19:00,1,0,0
วงเวียนใหญ่ (ขาออก),ลาดหญ้า,1,07:00-09:00,0,0,1
วงเวียนใหญ่ (ขาออก),ลาดหญ้า,1,09:00-16:00,0,0,1
วงเวียนใหญ่ (ขาออก),ลาดหญ้า,1,16:00-19:00,0,0,1
วงเวียนใหญ่ (ขาออก),ลาดหญ้า,3,07:00-09:00,1,0,0
วงเวียนใหญ่ (ขาออก),ลาดหญ้า,3,09:00-16:00,1,0,0
วงเวียนใหญ่ (ขาออก),ลาดหญ้า,3,16:00-19:00,1,0,0
วงเวียนใหญ่ (ขาออก),สมเด็จพระเจ้าตากสิน,1,07:00-09:00,0,0,1
วงเวียนใหญ่ (ขาออก),สมเด็จพระเจ้าตากสิน,1,09:00-16:00,0,0,1
วงเวียนใหญ่ (ขาออก),สมเด็จพระเจ้าตากสิน,1,16:00-19:00,0,0,1
วงเวียนใหญ่ (ขาออก),สมเด็จพระเจ้าตากสิน,3,07:00-09:00,1,0,0
วงเวียนใหญ่ (ขาออก),สมเด็จพระเจ้าตากสิน,3,09:00-16:00,1,0,0
วงเวียนใหญ่ (ขาออก),สมเด็จพระเจ้าตากสิน,3,16:00-19:00,1,0,0
วงเวียนใหญ่ (ขาออก),อินทรพิทักษ์,1,07:00-09:00,0,0,1
วงเวียนใหญ่ (ขาออก),อินทรพิทักษ์,1,09:00-16:00,0,0,1
วงเวียนใหญ่ (ขาออก),อินทรพิทักษ์,1,16:00-19:00,0,0,1
วงเวียนใหญ่ (ขาออก),อินทรพิทักษ์,3,07:00-09:00,1,0,0
วงเวียนใหญ่ (ขาออก),อินทรพิทักษ์,3,09:00-16:00,1,0,0
วงเวียนใหญ่ (ขาออก),อินทรพิทักษ์,3,16:00-19:00,1,0,0
วงเวียนใหญ่ (ขาเข้า),ประชาธิปก,1,07:00-09:00,0,0,1
วงเวียนใหญ่ (ขาเข้า),ประชาธิปก,1,09:00-16:00,0,0,1
วงเวียนใหญ่ (ขาเข้า),ประชาธิปก,1,16:00-19:00,0,0,1
วงเวียนใหญ่ (ขาเข้า),ประชาธิปก,3,07:00-09:00,1,0,0
วงเวียนใหญ่ (ขาเข้า),ประชาธิปก,3,09:00-16:00,1,0,0
วงเวียนใหญ่ (ขาเข้า),ประชาธิปก,3,16:00-19:00,1,0,0
วงเวียนใหญ่ (ขาเข้า),ลาดหญ้า,1,07:00-09:00,0,0,1
วงเวียนใหญ่ (ขาเข้า),ลาดหญ้า,1,09:00-16:00,0,0,1
วงเวียนใหญ่ (ขาเข้า),ลาดหญ้า,1,16:00-19:00,0,0,1
วงเวียนใหญ่ (ขาเข้า),ลาดหญ้า,3,07:00-09:00,1,0,0
วงเวียนใหญ่ (ขาเข้า),ลาดหญ้า,3,09:00-16:00,1,0,0
วงเวียนใหญ่ (ขาเข้า),ลาดหญ้า,3,16:00-19:00,1,0,0
วงเวียนใหญ่ (ขาเข้า),สมเด็จพระเจ้าตากสิน,1,07:00-09:00,0,0,1
วงเวียนใหญ่ (ขาเข้า),สมเด็จพระเจ้าตากสิน,1,09:00-16:00,0,0,1
วงเวียนใหญ่ (ขาเข้า),สมเด็จพระเจ้าตากสิน,1,16:00-19:00,0,0,1
วงเวียนใหญ่ (ขาเข้า),สมเด็จพระเจ้าตากสิน,3,07:00-09:00,1,0,0
วงเวียนใหญ่ (ขาเข้า),สมเด็จพระเจ้าตากสิน,3,09:00-16:00,1,0,0
วงเวียนใหญ่ (ขาเข้า),สมเด็จพระเจ้าตากสิน,3,16:00-19:00,1,0,0
วงเวียนใหญ่ (ขาเข้า),อินทรพิทักษ์,1,07:00-09:00,0,0,1
วงเวียนใหญ่ (ขาเข้า),อินทรพิทักษ์,1,09:00-16:00,0,0,1
วงเวียนใหญ่ (ขาเข้า),อินทรพิทักษ์,1,16:00-19:00,0,0,1
วงเวียนใหญ่ (ขาเข้า),อินทรพิทักษ์,3,07:00-09:00,1,0,0
วงเวียนใหญ่ (ขาเข้า),อินทรพิทักษ์,3,09:00-16:00,1,0,0
วงเวียนใหญ่ (ขาเข้า),อินทรพิทักษ์,3,16:00-19:00,1,0,0
วชิรธรรมสาธิต 59,วชิรธรรมสาธิต,2,07:00-09:00,0,0,1
วชิรธรรมสาธิต 59,วชิรธรรมสาธิต,2,09:00-17:00,0,0,1
วชิรธรรมสาธิต 59,วชิรธรรมสาธิต,2,17:00-19:00,0,0,1
วชิระ,สามเสน,1,07:00-09:00,0,0,1
วชิระ,สามเสน,1,09:00-16:00,0,0,1
วชิระ,สามเสน,1,16:00-19:00,0,0,1
วชิระ,สามเสน,4,07:00-09:00,2,0,0
วชิระ,สามเสน,4,09:00-16:00,2,0,0
วชิระ,สามเสน,4,16:00-19:00,2,0,0
วชิระ,สุโขทัย,4,07:00-09:00,2,0,0
วชิระ,สุโขทัย,4,09:00-16:00,2,0,0
วชิระ,สุโขทัย,4,16:00-19:00,2,0,0
วรจักร,วรจักร,2,07:00-09:00,0,0,1
วรจักร,วรจักร,2,09:00-16:00,0,0,1
วรจักร,วรจักร,2,16:00-19:00,0,0,1
วรจักร,วรจักร,3,07:00-09:00,0,1,0
วรจักร,วรจักร,3,09:00-16:00,0,1,0
วรจักร,วรจักร,3,16:00-19:00,0,1,0
วรจักร,หลวง,2,07:00-09:00,0,0,1
วรจักร,หลวง,2,09:00-16:00,0,0,1
วรจักร,หลวง,2,16:00-19:00,0,0,1
วรจักร,หลวง,3,07:00-09:00,0,1,0
วรจักร,หลวง,3,09:00-16:00,0,1,0
วรจักร,หลวง,3,16:00-19:00,0,1,0
วังหิน,ลาดปลาเค้า,1,07:00-09:00,0,0,1
วังหิน,ลาดปลาเค้า,1,09:00-17:00,0,0,1
วังหิน,ลาดปลาเค้า,1,17:00-19:00,0,0,1
วังหิน,ลาดปลาเค้า,2,07:00-09:00,0,1,0
วังหิน,ลาดปลาเค้า,2,09:00-16:00,0,1,0
วังหิน,ลาดปลาเค้า,2,16:00-19:00,0,1,0
วังหิน,ลาดปลาเค้า,3,07:00-09:00,0,0,1
วังหิน,ลาดปลาเค้า,3,09:00-17:00,0,0,1
วังหิน,ลาดปลาเค้า,3,17:00-19:00,0,0,1
วังหิน,ลาดพร้าววังหิน,1,07:00-09:00,0,0,1
วังหิน,ลาดพร้าววังหิน,1,09:00-17:00,0,0,1
วังหิน,ลาดพร้าววังหิน,1,17:00-19:00,0,0,1
วังหิน,วัดลาดปลาเค่า,3,07:00-09:00,1,0,0
วังหิน,วัดลาดปลาเค่า,3,09:00-16:00,1,0,0
วังหิน,วัดลาดปลาเค่า,3,16:00-19:00,1,0,0
วังหิน,สุขาภิบาล 1,2,07:00-09:00,0,1,0
วังหิน,สุขาภิบาล 1,2,09:00-16:00,0,1,0
วังหิน,สุขาภิบาล 1,2,16:00-19:00,0,1,0
วังหิน,สุขาภิบาล 1,3,07:00-09:00,1,0,1
วังหิน,สุขาภิบาล 1,3,09:00-16:00,1,0,0
วังหิน,สุขาภิบาล 1,3,09:00-17:00,0,0,1
วังหิน,สุขาภิบาล 1,3,16:00-19:00,1,0,0
วังหิน,สุขาภิบาล 1,3,17:00-19:00,0,0,1
วังหิน,เสนานิคม,2,07:00-09:00,0,1,0
วังหิน,เสนานิคม,2,09:00-16:00,0,1,0
วังหิน,เสนานิคม,2,16:00-19:00,0,1,0
วังหิน,เสนานิคม,3,07:00-09:00,1,0,1
วังหิน,เสนานิคม,3,09:00-16:00,1,0,0
วังหิน,เสนานิคม,3,09:00-17:00,0,0,1
วังหิน,เสนานิคม,3,16:00-19:00,1,0,0
วังหิน,เสนานิคม,3,17:00-19:00,0,0,1
วังหิน,เสนานิคม 1,1,07:00-09:00,0,0,1
วังหิน,เสนานิคม 1,1,09:00-17:00,0,0,1
วังหิน,เสนานิคม 1,1,17:00-19:00,0,0,1
วังแดง,นครราชสีมา,2,07:00-09:00,0,0,1
วังแดง,นครราชสีมา,2,09:00-17:00,0,0,1
วังแดง,นครราชสีมา,2,17:00-19:00,0,0,1
วังแดง,พิษณุโลก,2,07:00-09:00,0,0,1
วังแดง,พิษณุโลก,2,09:00-17:00,0,0,1
วังแดง,พิษณุโลก,2,17:00-19:00,0,0,1
วังแดง,พิษณุโลก,3,07:00-09:00,0,0,1
วังแดง,พิษณุโลก,3,09:00-17:00,0,0,1
วังแดง,พิษณุโลก,3,17:00-19:00,0,0,1
วังแดง,พิษณุโลก,4,07:00-09:00,1,2,0
วังแดง,พิษณุโลก,4,09:00-16:00,1,2,0
วังแดง,พิษณุโลก,4,16:00-19:00,1,2,0
วังแดง,ราชสีมา,3,07:00-09:00,0,0,1
วังแดง,ราชสีมา,3,09:00-17:00,0,0,1
วังแดง,ราชสีมา,3,17:00-19:00,0,0,1
วังแดง,ราชสีมา,4,07:00-09:00,1,2,0
วังแดง,ราชสีมา,4,09:00-16:00,1,2,0
วังแดง,ราชสีมา,4,16:00-19:00,1,2,0
วัชดาภิเษก 32 -รัชดาภิเษก 36,ซ.รัชดาภิเษก 32 แยก 3 แยก 19,3,07:00-09:00,1,0,0
วัชดาภิเษก 32 -รัชดาภิเษก 36,ซ.รัชดาภิเษก 32 แยก 3 แยก 19,3,09:00-16:00,1,0,0
วัชดาภิเษก 32 -รัชดาภิเษก 36,ซ.รัชดาภิเษก 32 แยก 3 แยก 19,3,16:00-19:00,1,0,0
วัชดาภิเษก 32 -รัชดาภิเษก 36,ซ.รัชดาภิเษก 36,3,07:00-09:00,1,0,0
วัชดาภิเษก 32 -รัชดาภิเษก 36,ซ.รัชดาภิเษก 36,3,09:00-16:00,1,0,0
วัชดาภิเษก 32 -รัชดาภิเษก 36,ซ.รัชดาภิเษก 36,3,16:00-19:00,1,0,0
วัชรพล - รามอินทรา 65,รามอินทรา 65,1,07:00-09:00,0,0,1
วัชรพล - รามอินทรา 65,รามอินทรา 65,1,09:00-17:00,0,0,1
วัชรพล - รามอินทรา 65,รามอินทรา 65,1,17:00-19:00,0,0,1
วัชรพล - รามอินทรา 65,รามอินทรา 65,4,07:00-09:00,1,0,0
วัชรพล - รามอินทรา 65,รามอินทรา 65,4,09:00-16:00,1,0,0
วัชรพล - รามอินทรา 65,รามอินทรา 65,4,16:00-19:00,1,0,0
วัชรพล - รามอินทรา 65,วัชรพล,4,07:00-09:00,1,0,0
วัชรพล - รามอินทรา 65,วัชรพล,4,09:00-16:00,1,0,0
วัชรพล - รามอินทรา 65,วัชรพล,4,16:00-19:00,1,0,0
วัชรพล - รามอินทรา 65,วัชรพล (EB),1,07:00-09:00,0,0,1
วัชรพล - รามอินทรา 65,วัชรพล (EB),1,09:00-17:00,0,0,1
วัชรพล - รามอินทรา 65,วัชรพล (EB),1,17:00-19:00,0,0,1
วัชรพล - รามอินทรา 65,วัชรพล (SB),1,07:00-09:00,0,0,1
วัชรพล - รามอินทรา 65,วัชรพล (SB),1,09:00-17:00,0,0,1
วัชรพล - รามอินทรา 65,วัชรพล (SB),1,17:00-19:00,0,0,1
วัชรพล - วัดศิริพงษ์,วัชรพล,4,07:00-09:00,0,0,1
วัชรพล - วัดศิริพงษ์,วัชรพล,4,09:00-17:00,0,0,1
วัชรพล - วัดศิริพงษ์,วัชรพล,4,17:00-19:00,0,0,1
วัชรพล - วัดศิริพงษ์,วัดศิริพงษ์,4,07:00-09:00,0,0,1
วัชรพล - วัดศิริพงษ์,วัดศิริพงษ์,4,09:00-17:00,0,0,1
วัชรพล - วัดศิริพงษ์,วัดศิริพงษ์,4,17:00-19:00,0,0,1
วัดดวงแข,จารุเมือง,1,07:00-09:00,0,0,1
วัดดวงแข,จารุเมือง,1,09:00-16:00,0,0,1
วัดดวงแข,จารุเมือง,1,16:00-19:00,0,0,1
วัดดวงแข,จารุเมือง,3,07:00-09:00,0,1,0
วัดดวงแข,จารุเมือง,3,09:00-16:00,0,1,0
วัดดวงแข,จารุเมือง,3,16:00-19:00,0,1,0
วัดดวงแข,จารุเมือง,4,07:00-09:00,1,0,0
วัดดวงแข,จารุเมือง,4,09:00-16:00,1,0,0
วัดดวงแข,จารุเมือง,4,16:00-19:00,1,0,0
วัดดวงแข,เจริญนคร,1,07:00-09:00,0,0,1
วัดดวงแข,เจริญนคร,1,09:00-16:00,0,0,1
วัดดวงแข,เจริญนคร,1,16:00-19:00,0,0,1
วัดดวงแข,เจริญเมือง,1,07:00-09:00,0,0,1
วัดดวงแข,เจริญเมือง,1,09:00-16:00,0,0,1
วัดดวงแข,เจริญเมือง,1,16:00-19:00,0,0,1
วัดดวงแข,เจริญเมือง,3,07:00-09:00,0,1,0
วัดดวงแข,เจริญเมือง,3,09:00-16:00,0,1,0
วัดดวงแข,เจริญเมือง,3,16:00-19:00,0,1,0
วัดดวงแข,เจริญเมือง,4,07:00-09:00,1,0,0
วัดดวงแข,เจริญเมือง,4,09:00-16:00,1,0,0
วัดดวงแข,เจริญเมือง,4,16:00-19:00,1,0,0
วัดตึก,จักรวรรดิ,1,07:00-09:00,0,1,0
วัดตึก,จักรวรรดิ,1,09:00-16:00,0,1,0
วัดตึก,จักรวรรดิ,1,16:00-19:00,0,1,0
วัดตึก,จักรวรรดิ,4,07:00-09:00,0,1,0
วัดตึก,จักรวรรดิ,4,09:00-16:00,0,1,0
วัดตึก,จักรวรรดิ,4,16:00-19:00,0,1,0
วัดตึก,จักรวรรดิ์,2,07:00-09:00,1,0,0
วัดตึก,จักรวรรดิ์,2,09:00-16:00,1,0,0
วัดตึก,จักรวรรดิ์,2,16:00-19:00,1,0,0
วัดตึก,เยาวราช,1,07:00-09:00,0,1,0
วัดตึก,เยาวราช,1,09:00-16:00,0,1,0
วัดตึก,เยาวราช,1,16:00-19:00,0,1,0
วัดตึก,เยาวราช,2,07:00-09:00,1,0,0
วัดตึก,เยาวราช,2,09:00-16:00,1,0,0
วัดตึก,เยาวราช,2,16:00-19:00,1,0,0
วัดตึก,เยาวราช,4,07:00-09:00,0,1,0
วัดตึก,เยาวราช,4,09:00-16:00,0,1,0
วัดตึก,เยาวราช,4,16:00-19:00,0,1,0
วัดนาคปรก,รัชมงคลประสาธน์,3,07:00-09:00,0,0,1
วัดนาคปรก,รัชมงคลประสาธน์,3,09:00-17:00,0,0,1
วัดนาคปรก,รัชมงคลประสาธน์,3,17:00-19:00,0,0,1
วัดนาคปรก,เทอดไท,3,07:00-09:00,0,0,1
วัดนาคปรก,เทอดไท,3,09:00-17:00,0,0,1
วัดนาคปรก,เทอดไท,3,17:00-19:00,0,0,1
วัดประชา,ชิดลม,3,07:00-09:00,0,1,0
วัดประชา,ชิดลม,3,09:00-16:00,0,1,0
วัดประชา,ชิดลม,3,16:00-19:00,0,1,0
วัดประชา,ซ. ระนอง 1,2,07:00-09:00,1,0,0
วัดประชา,ซ. ระนอง 1,2,09:00-16:00,1,0,0
วัดประชา,ซ. ระนอง 1,2,16:00-19:00,1,0,0
วัดประชา,ซอยระนอง 1,3,07:00-09:00,0,1,0
วัดประชา,ซอยระนอง 1,3,09:00-16:00,0,1,0
วัดประชา,ซอยระนอง 1,3,16:00-19:00,0,1,0
วัดประชา,ซอยระนอง 1,4,07:00-09:00,1,0,0
วัดประชา,ซอยระนอง 1,4,09:00-16:00,1,0,0
วัดประชา,ซอยระนอง 1,4,16:00-19:00,1,0,0
วัดประชา,ซอยวัดประชา,3,07:00-09:00,0,1,0
วัดประชา,ซอยวัดประชา,3,09:00-16:00,0,1,0
วัดประชา,ซอยวัดประชา,3,16:00-19:00,0,1,0
วัดประชา,ซอยวัดประชาระบือธรรม,4,07:00-09:00,1,0,0
วัดประชา,ซอยวัดประชาระบือธรรม,4,09:00-16:00,1,0,0
วัดประชา,ซอยวัดประชาระบือธรรม,4,16:00-19:00,1,0,0
วัดประชา,พระรามที่ 5,2,07:00-09:00,1,0,0
วัดประชา,พระรามที่ 5,2,09:00-16:00,1,0,0
วัดประชา,พระรามที่ 5,2,16:00-19:00,1,0,0
วัดประชา,พระรามที่ 5,3,07:00-09:00,0,1,0
วัดประชา,พระรามที่ 5,3,09:00-16:00,0,1,0
วัดประชา,พระรามที่ 5,3,16:00-19:00,0,1,0
วัดประชา,พระรามที่ 5,4,07:00-09:00,1,0,1
วัดประชา,พระรามที่ 5,4,09:00-16:00,1,0,0
วัดประชา,พระรามที่ 5,4,09:00-17:00,0,0,1
วัดประชา,พระรามที่ 5,4,16:00-19:00,1,0,0
วัดประชา,พระรามที่ 5,4,17:00-19:00,0,0,1
วัดประชา,ระนอง 1,4,07:00-09:00,0,0,1
วัดประชา,ระนอง 1,4,09:00-17:00,0,0,1
วัดประชา,ระนอง 1,4,17:00-19:00,0,0,1
วัดประชา,วัดประชาระบือธรรม,2,07:00-09:00,1,0,0
วัดประชา,วัดประชาระบือธรรม,2,09:00-16:00,1,0,0
วัดประชา,วัดประชาระบือธรรม,2,16:00-19:00,1,0,0
วัดประชา,วัดประชาระบือธรรม,4,07:00-09:00,0,0,1
วัดประชา,วัดประชาระบือธรรม,4,09:00-17:00,0,0,1
วัดประชา,วัดประชาระบือธรรม,4,17:00-19:00,0,0,1
วัดประชา,เพลินจิต,3,07:00-09:00,0,1,0
วัดประชา,เพลินจิต,3,09:00-16:00,0,1,0
วัดประชา,เพลินจิต,3,16:00-19:00,0,1,0
วัดพระยายัง,พระรามที่ 6,3,07:00-09:00,0,1,0
วัดพระยายัง,พระรามที่ 6,3,09:00-16:00,0,1,0
วัดพระยายัง,พระรามที่ 6,3,16:00-19:00,0,1,0
วัดพลมานีย์,ประชาพัฒนา,2,07:00-09:00,0,0,1
วัดพลมานีย์,ประชาพัฒนา,2,09:00-17:00,0,0,1
วัดพลมานีย์,ประชาพัฒนา,2,17:00-19:00,0,0,1
วัดพลมานีย์,หลวงแพ่ง,2,07:00-09:00,0,0,1
วัดพลมานีย์,หลวงแพ่ง,2,09:00-17:00,0,0,1
วัดพลมานีย์,หลวงแพ่ง,2,17:00-19:00,0,0,1
วัดมะกอก,ฉิมพลี,2,07:00-09:00,0,0,1
วัดมะกอก,ฉิมพลี,2,09:00-17:00,0,0,1
วัดมะกอก,ฉิมพลี,2,17:00-19:00,0,0,1
วัดมะกอก,บรมราชชนนี,2,07:00-09:00,0,0,1
วัดมะกอก,บรมราชชนนี,2,09:00-17:00,0,0,1
วัดมะกอก,บรมราชชนนี,2,17:00-19:00,0,0,1
วัดราชโกษา,ขุมทองลำต้อยติ่ง,1,07:00-09:00,0,0,1
วัดราชโกษา,ขุมทองลำต้อยติ่ง,1,09:00-17:00,0,0,1
วัดราชโกษา,ขุมทองลำต้อยติ่ง,1,17:00-19:00,0,0,1
วัดราชโกษา,ทางเข้าตลาดเทิดไท,1,07:00-09:00,0,0,1
วัดราชโกษา,ทางเข้าตลาดเทิดไท,1,09:00-17:00,0,0,1
วัดราชโกษา,ทางเข้าตลาดเทิดไท,1,17:00-19:00,0,0,1
วัดราชโกษา,หลวงแพ่ง,1,07:00-09:00,0,0,1
วัดราชโกษา,หลวงแพ่ง,1,09:00-17:00,0,0,1
วัดราชโกษา,หลวงแพ่ง,1,17:00-19:00,0,0,1
วัดสน,ซ.สุขสวัสดิ์ 35,1,07:00-09:00,1,0,0
วัดสน,ซ.สุขสวัสดิ์ 35,1,09:00-16:00,1,0,0
วัดสน,ซ.สุขสวัสดิ์ 35,1,16:00-19:00,1,0,0
วัดสน,ซอยสุขสวัสดิ 35,4,07:00-09:00,1,0,0
วัดสน,ซอยสุขสวัสดิ 35,4,09:00-16:00,1,0,0
วัดสน,ซอยสุขสวัสดิ 35,4,16:00-19:00,1,0,0
วัดสน,ซอยสุขสวัสดิ์ 35,1,07:00-09:00,0,1,0
วัดสน,ซอยสุขสวัสดิ์ 35,1,09:00-16:00,0,1,0
วัดสน,ซอยสุขสวัสดิ์ 35,1,16:00-19:00,0,1,0
วัดสน,ซอยสุขสวัสดิ์ 35,4,07:00-09:00,1,0,0
วัดสน,ซอยสุขสวัสดิ์ 35,4,09:00-16:00,1,0,0
วัดสน,ซอยสุขสวัสดิ์ 35,4,16:00-19:00,1,0,0
วัดสน,สุขสวัสดิ์,1,07:00-09:00,1,1,1
วัดสน,สุขสวัสดิ์,1,09:00-16:00,1,1,0
วัดสน,สุขสวัสดิ์,1,09:00-17:00,0,0,1
วัดสน,สุขสวัสดิ์,1,16:00-19:00,1,1,0
วัดสน,สุขสวัสดิ์,1,17:00-19:00,0,0,1
วัดสน,สุขสวัสดิ์,2,07:00-09:00,0,0,1
วัดสน,สุขสวัสดิ์,2,09:00-16:00,0,0,1
วัดสน,สุขสวัสดิ์,2,16:00-19:00,0,0,1
วัดสน,สุขสวัสดิ์,3,07:00-09:00,0,0,1
วัดสน,สุขสวัสดิ์,3,09:00-17:00,0,0,1
วัดสน,สุขสวัสดิ์,3,17:00-19:00,0,0,1
วัดสน,สุขสวัสดิ์,4,07:00-09:00,2,0,0
วัดสน,สุขสวัสดิ์,4,09:00-16:00,2,0,0
วัดสน,สุขสวัสดิ์,4,16:00-19:00,2,0,0
วัดสน,สุขสวัสดิ์ 35,1,07:00-09:00,0,0,1
วัดสน,สุขสวัสดิ์ 35,1,09:00-17:00,0,0,1
วัดสน,สุขสวัสดิ์ 35,1,17:00-19:00,0,0,1
วัดสน,สุขสวัสดิ์ 35,2,07:00-09:00,0,0,1
วัดสน,สุขสวัสดิ์ 35,2,09:00-16:00,0,0,1
วัดสน,สุขสวัสดิ์ 35,2,16:00-19:00,0,0,1
วัดสน,สุขสวัสดิ์ 35,3,07:00-09:00,0,0,1
วัดสน,สุขสวัสดิ์ 35,3,09:00-17:00,0,0,1
วัดสน,สุขสวัสดิ์ 35,3,17:00-19:00,0,0,1
วัดสมียนนารี,กำแพงเพชร 6,4,07:00-09:00,1,0,0
วัดสมียนนารี,กำแพงเพชร 6,4,09:00-16:00,1,0,0
วัดสมียนนารี,กำแพงเพชร 6,4,16:00-19:00,1,0,0
วัดสมียนนารี,ประชานิเวศน์,4,07:00-09:00,1,0,0
วัดสมียนนารี,ประชานิเวศน์,4,09:00-16:00,1,0,0
วัดสมียนนารี,ประชานิเวศน์,4,16:00-19:00,1,0,0
วัดสะพานสูง,พระรามที่ 6,3,07:00-09:00,0,0,1
วัดสะพานสูง,พระรามที่ 6,3,09:00-17:00,0,0,1
วัดสะพานสูง,พระรามที่ 6,3,17:00-19:00,0,0,1
วัดสะพานสูง,พระรามที่ 6,4,07:00-09:00,2,1,0
วัดสะพานสูง,พระรามที่ 6,4,09:00-16:00,2,1,0
วัดสะพานสูง,พระรามที่ 6,4,16:00-19:00,2,1,0
วัดสะพานสูง,เตชะวณิช,3,07:00-09:00,0,0,1
วัดสะพานสูง,เตชะวณิช,3,09:00-17:00,0,0,1
วัดสะพานสูง,เตชะวณิช,3,17:00-19:00,0,0,1
วัดสะพานสูง,เตชะวณิช,4,07:00-09:00,2,1,0
วัดสะพานสูง,เตชะวณิช,4,09:00-16:00,2,1,0
วัดสะพานสูง,เตชะวณิช,4,16:00-19:00,2,1,0
วัดสิงห์,ซอยเอกชัย 36,4,07:00-09:00,2,0,0
วัดสิงห์,ซอยเอกชัย 36,4,09:00-16:00,2,0,0
วัดสิงห์,ซอยเอกชัย 36,4,16:00-19:00,2,0,0
วัดสิงห์,เอกชัย,1,07:00-09:00,0,0,1
วัดสิงห์,เอกชัย,1,09:00-17:00,0,0,1
วัดสิงห์,เอกชัย,1,17:00-19:00,0,0,1
วัดสิงห์,เอกชัย,2,07:00-09:00,0,0,1
วัดสิงห์,เอกชัย,2,09:00-16:00,0,0,1
วัดสิงห์,เอกชัย,2,16:00-19:00,0,0,1
วัดสิงห์,เอกชัย,4,07:00-09:00,2,0,1
วัดสิงห์,เอกชัย,4,09:00-16:00,2,0,0
วัดสิงห์,เอกชัย,4,09:00-17:00,0,0,1
วัดสิงห์,เอกชัย,4,16:00-19:00,2,0,0
วัดสิงห์,เอกชัย,4,17:00-19:00,0,0,1
วัดสิงห์,เอกชัย 36,1,07:00-09:00,0,0,1
วัดสิงห์,เอกชัย 36,1,09:00-17:00,0,0,1
วัดสิงห์,เอกชัย 36,1,17:00-19:00,0,0,1
วัดสิงห์,เอกชัย 36,2,07:00-09:00,0,0,1
วัดสิงห์,เอกชัย 36,2,09:00-16:00,0,0,1
วัดสิงห์,เอกชัย 36,2,16:00-19:00,0,0,1
วัดหนองใหญ่,ซ.สายไหม 85,1,07:00-09:00,1,0,0
วัดหนองใหญ่,ซ.สายไหม 85,1,09:00-16:00,1,0,0
วัดหนองใหญ่,ซ.สายไหม 85,1,16:00-19:00,1,0,0
วัดหนองใหญ่,สายไหม,1,07:00-09:00,1,0,0
วัดหนองใหญ่,สายไหม,1,09:00-16:00,1,0,0
วัดหนองใหญ่,สายไหม,1,16:00-19:00,1,0,0
วัดหนองใหญ่,สุชาภิบาล 5,1,07:00-09:00,1,0,0
วัดหนองใหญ่,สุชาภิบาล 5,1,09:00-16:00,1,0,0
วัดหนองใหญ่,สุชาภิบาล 5,1,16:00-19:00,1,0,0
วัดหนองใหญ่,หทัยราษฎร์,1,07:00-09:00,1,0,0
วัดหนองใหญ่,หทัยราษฎร์,1,09:00-16:00,1,0,0
วัดหนองใหญ่,หทัยราษฎร์,1,16:00-19:00,1,0,0
วัดหลักสี่,กำแพงเพชร 6,1,07:00-09:00,0,0,1
วัดหลักสี่,กำแพงเพชร 6,1,09:00-17:00,0,0,1
วัดหลักสี่,กำแพงเพชร 6,1,17:00-19:00,0,0,1
วัดหลักสี่,กำแพงเพชร 6,3,07:00-09:00,0,1,0
วัดหลักสี่,กำแพงเพชร 6,3,09:00-16:00,0,1,0
วัดหลักสี่,กำแพงเพชร 6,3,16:00-19:00,0,1,0
วัดหลักสี่,ทางข้ามทางรถไฟสายเหนือ,1,07:00-09:00,0,0,1
วัดหลักสี่,ทางข้ามทางรถไฟสายเหนือ,1,09:00-17:00,0,0,1
วัดหลักสี่,ทางข้ามทางรถไฟสายเหนือ,1,17:00-19:00,0,0,1
วัดหลักสี่,วิภาวดีรังสิต,3,07:00-09:00,0,1,0
วัดหลักสี่,วิภาวดีรังสิต,3,09:00-16:00,0,1,0
วัดหลักสี่,วิภาวดีรังสิต,3,16:00-19:00,0,1,0
วัดเทพลีลา,ซอยรามคำแหง 39,2,07:00-09:00,0,1,0
วัดเทพลีลา,ซอยรามคำแหง 39,2,09:00-16:00,0,1,0
วัดเทพลีลา,ซอยรามคำแหง 39,2,16:00-19:00,0,1,0
วัดเทพลีลา,ซอยรามคำแหง 39,3,07:00-09:00,1,0,0
วัดเทพลีลา,ซอยรามคำแหง 39,3,09:00-16:00,1,0,0
วัดเทพลีลา,ซอยรามคำแหง 39,3,16:00-19:00,1,0,0
วัดเทพลีลา,รามคำแหง,1,07:00-09:00,0,0,2
วัดเทพลีลา,รามคำแหง,1,09:00-16:00,0,0,1
วัดเทพลีลา,รามคำแหง,1,09:00-17:00,0,0,1
วัดเทพลีลา,รามคำแหง,1,16:00-19:00,0,0,1
วัดเทพลีลา,รามคำแหง,1,17:00-19:00,0,0,1
วัดเทพลีลา,รามคำแหง,2,07:00-09:00,0,1,0
วัดเทพลีลา,รามคำแหง,2,09:00-16:00,0,1,0
วัดเทพลีลา,รามคำแหง,2,16:00-19:00,0,1,0
วัดเทพลีลา,รามคำแหง,3,07:00-09:00,1,0,0
วัดเทพลีลา,รามคำแหง,3,09:00-16:00,1,0,0
วัดเทพลีลา,รามคำแหง,3,16:00-19:00,1,0,0
วัดเทพลีลา,รามคำแหง 39,1,07:00-09:00,0,0,2
วัดเทพลีลา,รามคำแหง 39,1,09:00-16:00,0,0,1
วัดเทพลีลา,รามคำแหง 39,1,09:00-17:00,0,0,1
วัดเทพลีลา,รามคำแหง 39,1,16:00-19:00,0,0,1
วัดเทพลีลา,รามคำแหง 39,1,17:00-19:00,0,0,1
วัดเบญจฯ,พระรามที่ 5,1,07:00-09:00,0,0,1
วัดเบญจฯ,พระรามที่ 5,1,09:00-17:00,0,0,1
วัดเบญจฯ,พระรามที่ 5,1,17:00-19:00,0,0,1
วัดเบญจฯ,ศรีอยุธยา,1,07:00-09:00,0,0,1
วัดเบญจฯ,ศรีอยุธยา,1,09:00-17:00,0,0,1
วัดเบญจฯ,ศรีอยุธยา,1,17:00-19:00,0,0,1
วัดเบญฯ,พระรามที่ 5,4,07:00-09:00,1,0,1
วัดเบญฯ,พระรามที่ 5,4,09:00-16:00,1,0,1
วัดเบญฯ,พระรามที่ 5,4,16:00-19:00,1,0,1
วัดเบญฯ,ศรีอยุธยา,4,07:00-09:00,1,0,1
วัดเบญฯ,ศรีอยุธยา,4,09:00-16:00,1,0,1
วัดเบญฯ,ศรีอยุธยา,4,16:00-19:00,1,0,1
วัดเสมียนนารี,กำแพงเพชร 6,2,07:00-09:00,0,0,1
วัดเสมียนนารี,กำแพงเพชร 6,2,09:00-16:00,0,0,1
วัดเสมียนนารี,กำแพงเพชร 6,2,16:00-19:00,0,0,1
วัดเสมียนนารี,กำแพงเพชร 6,4,07:00-09:00,0,1,0
วัดเสมียนนารี,กำแพงเพชร 6,4,09:00-16:00,0,1,0
วัดเสมียนนารี,กำแพงเพชร 6,4,16:00-19:00,0,1,0
วัดเสมียนนารี,เทศบาลสงเคราะห์,2,07:00-09:00,0,0,1
วัดเสมียนนารี,เทศบาลสงเคราะห์,2,09:00-16:00,0,0,1
วัดเสมียนนารี,เทศบาลสงเคราะห์,2,16:00-19:00,0,0,1
วัดเสมียนนารี,เทศบาลสงเคราะห์,4,07:00-09:00,0,1,0
วัดเสมียนนารี,เทศบาลสงเคราะห์,4,09:00-16:00,0,1,0
วัดเสมียนนารี,เทศบาลสงเคราะห์,4,16:00-19:00,0,1,0
วัดไชยฉิมพลี,บางแวก,4,07:00-09:00,0,0,1
วัดไชยฉิมพลี,บางแวก,4,09:00-17:00,0,0,1
วัดไชยฉิมพลี,บางแวก,4,17:00-19:00,0,0,1
วัดไชยฉิมพลี,เพชรเกษม 48,4,07:00-09:00,0,0,1
วัดไชยฉิมพลี,เพชรเกษม 48,4,09:00-17:00,0,0,1
วัดไชยฉิมพลี,เพชรเกษม 48,4,17:00-19:00,0,0,1
วิชระ,สามเสน,3,07:00-09:00,0,1,0
วิชระ,สามเสน,3,09:00-16:00,0,1,0
วิชระ,สามเสน,3,16:00-19:00,0,1,0
วิชระ,สุโขทัย,3,07:00-09:00,0,1,0
วิชระ,สุโขทัย,3,09:00-16:00,0,1,0
วิชระ,สุโขทัย,3,16:00-19:00,0,1,0
วิชัยยุทธ,พระรามที่ 6,1,07:00-09:00,1,0,0
วิชัยยุทธ,พระรามที่ 6,1,09:00-16:00,1,0,0
วิชัยยุทธ,พระรามที่ 6,1,16:00-19:00,1,0,0
วิชัยยุทธ,เศรษฐศิริ,1,07:00-09:00,1,0,0
วิชัยยุทธ,เศรษฐศิริ,1,09:00-16:00,1,0,0
วิชัยยุทธ,เศรษฐศิริ,1,16:00-19:00,1,0,0
วิทยุ,พระรามที่ 4,1,07:00-09:00,1,0,0
วิทยุ,พระรามที่ 4,1,09:00-16:00,1,0,0
วิทยุ,พระรามที่ 4,1,16:00-19:00,1,0,0
วิทยุ,พระรามที่ 4,2,06:30-09:00,1,0,0
วิทยุ,พระรามที่ 4,2,07:00-09:00,0,0,1
วิทยุ,พระรามที่ 4,2,09:00-16:00,1,0,0
วิทยุ,พระรามที่ 4,2,09:00-17:00,0,0,1
วิทยุ,พระรามที่ 4,2,16:00-19:30,1,0,0
วิทยุ,พระรามที่ 4,2,17:00-19:00,0,0,1
วิทยุ,พระรามที่ 4,3,07:00-09:00,0,0,1
วิทยุ,พระรามที่ 4,3,09:00-16:00,0,0,1
วิทยุ,พระรามที่ 4,3,16:00-19:00,0,0,1
วิทยุ,พระรามที่ 4,4,07:00-09:00,0,1,0
วิทยุ,พระรามที่ 4,4,09:00-16:00,0,1,0
วิทยุ,พระรามที่ 4,4,16:00-19:00,0,1,0
วิทยุ,วิทยุ,1,07:00-09:00,1,0,0
วิทยุ,วิทยุ,1,09:00-16:00,1,0,0
วิทยุ,วิทยุ,1,16:00-19:00,1,0,0
วิทยุ,วิทยุ,2,06:30-09:00,1,0,0
วิทยุ,วิทยุ,2,07:00-09:00,0,0,1
วิทยุ,วิทยุ,2,09:00-16:00,1,0,0
วิทยุ,วิทยุ,2,09:00-17:00,0,0,1
วิทยุ,วิทยุ,2,16:00-19:30,1,0,0
วิทยุ,วิทยุ,2,17:00-19:00,0,0,1
วิทยุ,วิทยุ,3,07:00-09:00,0,0,1
วิทยุ,วิทยุ,3,09:00-16:00,0,0,1
วิทยุ,วิทยุ,3,16:00-19:00,0,0,1
วิทยุ,วิทยุ,4,07:00-09:00,0,1,0
วิทยุ,วิทยุ,4,09:00-16:00,0,1,0
วิทยุ,วิทยุ,4,16:00-19:00,0,1,0
วิทยุ,สาทร,1,07:00-09:00,1,0,0
วิทยุ,สาทร,1,09:00-16:00,1,0,0
วิทยุ,สาทร,1,16:00-19:00,1,0,0
วิทยุ,สาทร,2,06:30-09:00,1,0,0
วิทยุ,สาทร,2,07:00-09:00,0,0,1
วิทยุ,สาทร,2,09:00-16:00,1,0,0
วิทยุ,สาทร,2,09:00-17:00,0,0,1
วิทยุ,สาทร,2,16:00-19:30,1,0,0
วิทยุ,สาทร,2,17:00-19:00,0,0,1
วิทยุ,สาทร,3,07:00-09:00,0,0,1
วิทยุ,สาทร,3,09:00-16:00,0,0,1
วิทยุ,สาทร,3,16:00-19:00,0,0,1
วิทยุ,สาทร,4,07:00-09:00,0,1,0
วิทยุ,สาทร,4,09:00-16:00,0,1,0
วิทยุ,สาทร,4,16:00-19:00,0,1,0
วิทยุ - เพชร,ซอยเพชรบุรี 37 -ทางลงทางด่วน,1,07:00-09:00,0,1,0
วิทยุ - เพชร,ซอยเพชรบุรี 37 -ทางลงทางด่วน,1,09:00-16:00,0,1,0
วิทยุ - เพชร,ซอยเพชรบุรี 37 -ทางลงทางด่วน,1,16:00-19:00,0,1,0
วิทยุ - เพชร,วิทยุ - ทางขึ้นลงทางด่วน,1,07:00-09:00,0,1,0
วิทยุ - เพชร,วิทยุ - ทางขึ้นลงทางด่วน,1,09:00-16:00,0,1,0
วิทยุ - เพชร,วิทยุ - ทางขึ้นลงทางด่วน,1,16:00-19:00,0,1,0
วิทยุ - เพชร,วิทยุ - ทางขึ้นลงทางด่วน,3,07:00-09:00,0,0,3
วิทยุ - เพชร,วิทยุ - ทางขึ้นลงทางด่วน,3,09:00-17:00,0,0,3
วิทยุ - เพชร,วิทยุ - ทางขึ้นลงทางด่วน,3,17:00-19:00,0,0,3
วิทยุ - เพชร,เพชรบุรี,1,07:00-09:00,0,1,0
วิทยุ - เพชร,เพชรบุรี,1,09:00-16:00,0,1,0
วิทยุ - เพชร,เพชรบุรี,1,16:00-19:00,0,1,0
วิทยุ - เพชร,เพชรบุรี,3,07:00-09:00,0,0,3
วิทยุ - เพชร,เพชรบุรี,3,09:00-17:00,0,0,3
วิทยุ - เพชร,เพชรบุรี,3,17:00-19:00,0,0,3
วิทยุ - เพชร,เพชรบุรี 37 - ทางลงทางด่วน,3,07:00-09:00,0,0,2
วิทยุ - เพชร,เพชรบุรี 37 - ทางลงทางด่วน,3,09:00-17:00,0,0,2
วิทยุ - เพชร,เพชรบุรี 37 - ทางลงทางด่วน,3,17:00-19:00,0,0,2
วิทยุ - เพชร,เพชรบุรี 37-ทางลงทางด่วน,3,07:00-09:00,0,0,1
วิทยุ - เพชร,เพชรบุรี 37-ทางลงทางด่วน,3,09:00-17:00,0,0,1
วิทยุ - เพชร,เพชรบุรี 37-ทางลงทางด่วน,3,17:00-19:00,0,0,1
วิทยุ- เพชร,ซอย์เพชรบุรี 37,1,07:00-09:00,1,0,0
วิทยุ- เพชร,ซอย์เพชรบุรี 37,1,09:00-16:00,1,0,0
วิทยุ- เพชร,ซอย์เพชรบุรี 37,1,16:00-19:00,1,0,0
วิทยุ- เพชร,วิทยุ -ทางขึ้นลงทางด่วน,1,07:00-09:00,1,0,0
วิทยุ- เพชร,วิทยุ -ทางขึ้นลงทางด่วน,1,09:00-16:00,1,0,0
วิทยุ- เพชร,วิทยุ -ทางขึ้นลงทางด่วน,1,16:00-19:00,1,0,0
วิทยุ- เพชร,เพชรบุรี,1,07:00-09:00,1,0,0
วิทยุ- เพชร,เพชรบุรี,1,09:00-16:00,1,0,0
วิทยุ- เพชร,เพชรบุรี,1,16:00-19:00,1,0,0
วิภาวดี - มิตรไมตรี 1,มิตรไมตรี 1,1,06:30-09:00,4,0,0
วิภาวดี - มิตรไมตรี 1,มิตรไมตรี 1,1,09:00-16:00,4,0,0
วิภาวดี - มิตรไมตรี 1,มิตรไมตรี 1,1,16:00-19:30,4,0,0
วิภาวดี - มิตรไมตรี 1,วิภาวดีรังสิต,1,06:30-09:00,4,0,0
วิภาวดี - มิตรไมตรี 1,วิภาวดีรังสิต,1,09:00-16:00,4,0,0
วิภาวดี - มิตรไมตรี 1,วิภาวดีรังสิต,1,16:00-19:30,4,0,0
วิภาวดี - มิตรไมตรี 2,มิตรไมตรี 2,1,06:30-09:00,4,0,0
วิภาวดี - มิตรไมตรี 2,มิตรไมตรี 2,1,09:00-16:00,4,0,0
วิภาวดี - มิตรไมตรี 2,มิตรไมตรี 2,1,16:00-19:30,4,0,0
วิภาวดี - มิตรไมตรี 2,วิภาวดีรังสิต,1,06:30-09:00,4,0,0
วิภาวดี - มิตรไมตรี 2,วิภาวดีรังสิต,1,09:00-16:00,4,0,0
วิภาวดี - มิตรไมตรี 2,วิภาวดีรังสิต,1,16:00-19:30,4,0,0
วิภาวดี- มิตรไมตรี 1,มิตรไมตรี 1,1,06:30-09:00,1,0,0
วิภาวดี- มิตรไมตรี 1,มิตรไมตรี 1,1,09:00-16:00,1,0,0
วิภาวดี- มิตรไมตรี 1,มิตรไมตรี 1,1,16:00-19:30,1,0,0
วิภาวดี- มิตรไมตรี 1,วิภาวดีรังสิต,1,06:30-09:00,1,0,0
วิภาวดี- มิตรไมตรี 1,วิภาวดีรังสิต,1,09:00-16:00,1,0,0
วิภาวดี- มิตรไมตรี 1,วิภาวดีรังสิต,1,16:00-19:30,1,0,0
วิภาวดีรังสิต32,ซอยวิภาวดี 32,2,07:00-09:00,1,0,0
วิภาวดีรังสิต32,ซอยวิภาวดี 32,2,09:00-16:00,1,0,0
วิภาวดีรังสิต32,ซอยวิภาวดี 32,2,16:00-19:00,1,0,0
วิภาวดีรังสิต32,วิภาวดีรังสิต,2,07:00-09:00,1,0,0
วิภาวดีรังสิต32,วิภาวดีรังสิต,2,09:00-16:00,1,0,0
วิภาวดีรังสิต32,วิภาวดีรังสิต,2,16:00-19:00,1,0,0
วิสุทธิกษัตริย์,ประชาธิปไตย,2,07:00-09:00,1,1,0
วิสุทธิกษัตริย์,ประชาธิปไตย,2,09:00-16:00,1,1,0
วิสุทธิกษัตริย์,ประชาธิปไตย,2,16:00-19:00,1,1,0
วิสุทธิกษัตริย์,ประชาธิปไตย,3,07:00-09:00,0,1,1
วิสุทธิกษัตริย์,ประชาธิปไตย,3,09:00-16:00,0,1,0
วิสุทธิกษัตริย์,ประชาธิปไตย,3,09:00-17:00,0,0,1
วิสุทธิกษัตริย์,ประชาธิปไตย,3,16:00-19:00,0,1,0
วิสุทธิกษัตริย์,ประชาธิปไตย,3,17:00-19:00,0,0,1
วิสุทธิกษัตริย์,ประชาธิปไตย,4,07:00-09:00,1,0,1
วิสุทธิกษัตริย์,ประชาธิปไตย,4,09:00-16:00,1,0,0
วิสุทธิกษัตริย์,ประชาธิปไตย,4,09:00-17:00,0,0,1
วิสุทธิกษัตริย์,ประชาธิปไตย,4,16:00-19:00,1,0,0
วิสุทธิกษัตริย์,ประชาธิปไตย,4,17:00-19:00,0,0,1
วิสุทธิกษัตริย์,วิสุทธิกษัตริย์,2,07:00-09:00,1,1,0
วิสุทธิกษัตริย์,วิสุทธิกษัตริย์,2,09:00-16:00,1,1,0
วิสุทธิกษัตริย์,วิสุทธิกษัตริย์,2,16:00-19:00,1,1,0
วิสุทธิกษัตริย์,วิสุทธิกษัตริย์,3,07:00-09:00,0,1,1
วิสุทธิกษัตริย์,วิสุทธิกษัตริย์,3,09:00-16:00,0,1,0
วิสุทธิกษัตริย์,วิสุทธิกษัตริย์,3,09:00-17:00,0,0,1
วิสุทธิกษัตริย์,วิสุทธิกษัตริย์,3,16:00-19:00,0,1,0
วิสุทธิกษัตริย์,วิสุทธิกษัตริย์,3,17:00-19:00,0,0,1
วิสุทธิกษัตริย์,วิสุทธิกษัตริย์,4,07:00-09:00,1,0,1
วิสุทธิกษัตริย์,วิสุทธิกษัตริย์,4,09:00-16:00,1,0,0
วิสุทธิกษัตริย์,วิสุทธิกษัตริย์,4,09:00-17:00,0,0,1
วิสุทธิกษัตริย์,วิสุทธิกษัตริย์,4,16:00-19:00,1,0,0
วิสุทธิกษัตริย์,วิสุทธิกษัตริย์,4,17:00-19:00,0,0,1
วุฒากาศ,ซอยมะลิ,1,07:00-09:00,1,0,0
วุฒากาศ,ซอยมะลิ,1,09:00-16:00,1,0,0
วุฒากาศ,ซอยมะลิ,1,16:00-19:00,1,0,0
วุฒากาศ,ซอยมะลิ,2,07:00-09:00,0,0,1
วุฒากาศ,ซอยมะลิ,2,09:00-17:00,0,0,1
วุฒากาศ,ซอยมะลิ,2,17:00-19:00,0,0,1
วุฒากาศ,วุฒากาศ,1,07:00-09:00,1,0,0
วุฒากาศ,วุฒากาศ,1,09:00-16:00,1,0,0
วุฒากาศ,วุฒากาศ,1,16:00-19:00,1,0,0
วุฒากาศ,วุฒากาศ,2,07:00-09:00,0,0,1
วุฒากาศ,วุฒากาศ,2,09:00-17:00,0,0,1
วุฒากาศ,วุฒากาศ,2,17:00-19:00,0,0,1
วุฒากาศ,วุฒากาศ,4,07:00-09:00,0,0,1
วุฒากาศ,วุฒากาศ,4,09:00-17:00,0,0,1
วุฒากาศ,วุฒากาศ,4,17:00-19:00,0,0,1
วุฒากาศ,เทอดไท,1,07:00-09:00,1,0,0
วุฒากาศ,เทอดไท,1,09:00-16:00,1,0,0
วุฒากาศ,เทอดไท,1,16:00-19:00,1,0,0
วุฒากาศ,เทอดไท,2,07:00-09:00,0,0,1
วุฒากาศ,เทอดไท,2,09:00-17:00,0,0,1
วุฒากาศ,เทอดไท,2,17:00-19:00,0,0,1
วุฒากาศ,เทอดไท,4,07:00-09:00,0,0,1
วุฒากาศ,เทอดไท,4,09:00-17:00,0,0,1
วุฒากาศ,เทอดไท,4,17:00-19:00,0,0,1
วุฒากาศ,เทอดไท 26,4,07:00-09:00,0,0,1
วุฒากาศ,เทอดไท 26,4,09:00-17:00,0,0,1
วุฒากาศ,เทอดไท 26,4,17:00-19:00,0,0,1
ศรีนครินทร์ - ลาซาล,ลาซาล,2,07:00-09:00,0,0,1
ศรีนครินทร์ - ลาซาล,ลาซาล,2,09:00-17:00,0,0,1
ศรีนครินทร์ - ลาซาล,ลาซาล,2,17:00-19:00,0,0,1
ศรีนครินทร์ - ลาซาล,ศรีนครินทร์,2,07:00-09:00,0,0,1
ศรีนครินทร์ - ลาซาล,ศรีนครินทร์,2,09:00-17:00,0,0,1
ศรีนครินทร์ - ลาซาล,ศรีนครินทร์,2,17:00-19:00,0,0,1
ศรีนครินทร์ - ศรีนครินทร์ 38,ศรีนครินทร์,1,07:00-09:00,0,0,1
ศรีนครินทร์ - ศรีนครินทร์ 38,ศรีนครินทร์,1,09:00-17:00,0,0,1
ศรีนครินทร์ - ศรีนครินทร์ 38,ศรีนครินทร์,1,17:00-19:00,0,0,1
ศรีนครินทร์ - ศรีนครินทร์ 38,ศรีนครินทร์ 38,1,07:00-09:00,0,0,1
ศรีนครินทร์ - ศรีนครินทร์ 38,ศรีนครินทร์ 38,1,09:00-17:00,0,0,1
ศรีนครินทร์ - ศรีนครินทร์ 38,ศรีนครินทร์ 38,1,17:00-19:00,0,0,1
ศรีนครินทร์ 38 - อ่อนนุช 46,ศรีนครินทร์ 38,1,07:00-09:00,0,0,1
ศรีนครินทร์ 38 - อ่อนนุช 46,ศรีนครินทร์ 38,1,09:00-17:00,0,0,1
ศรีนครินทร์ 38 - อ่อนนุช 46,ศรีนครินทร์ 38,1,17:00-19:00,0,0,1
ศรีนครินทร์ 38 - อ่อนนุช 46,อ่อนนุช 46,1,07:00-09:00,0,0,1
ศรีนครินทร์ 38 - อ่อนนุช 46,อ่อนนุช 46,1,09:00-17:00,0,0,1
ศรีนครินทร์ 38 - อ่อนนุช 46,อ่อนนุช 46,1,17:00-19:00,0,0,1
ศรีนครินทร์ 45,ศรีนครินทร์,3,07:00-09:00,1,0,0
ศรีนครินทร์ 45,ศรีนครินทร์,3,09:00-16:00,1,0,0
ศรีนครินทร์ 45,ศรีนครินทร์,3,16:00-19:00,1,0,0
ศรีนครินทร์ 55,ซอยศรีนครินทร์ 55,3,07:00-09:00,1,0,0
ศรีนครินทร์ 55,ซอยศรีนครินทร์ 55,3,09:00-16:00,1,0,0
ศรีนครินทร์ 55,ซอยศรีนครินทร์ 55,3,16:00-19:00,1,0,0
ศรีนครินทร์ 55,ศรีนครินทร์,3,07:00-09:00,1,0,0
ศรีนครินทร์ 55,ศรีนครินทร์,3,09:00-16:00,1,0,0
ศรีนครินทร์ 55,ศรีนครินทร์,3,16:00-19:00,1,0,0
ศรีนครินทร์ 55,ศรีนครินทร์,4,07:00-09:00,0,0,1
ศรีนครินทร์ 55,ศรีนครินทร์,4,09:00-16:00,0,0,1
ศรีนครินทร์ 55,ศรีนครินทร์,4,16:00-19:00,0,0,1
ศรีนครินทร์ 55,ศรีนครินทร์ 55,4,07:00-09:00,0,0,1
ศรีนครินทร์ 55,ศรีนครินทร์ 55,4,09:00-16:00,0,0,1
ศรีนครินทร์ 55,ศรีนครินทร์ 55,4,16:00-19:00,0,0,1
ศรีบูรพา - อาคารสงเคราะห์,ศรีบูรพา,4,07:00-09:00,0,0,1
ศรีบูรพา - อาคารสงเคราะห์,ศรีบูรพา,4,09:00-17:00,0,0,1
ศรีบูรพา - อาคารสงเคราะห์,ศรีบูรพา,4,17:00-19:00,0,0,1
ศรีบูรพา - อาคารสงเคราะห์,อาคารสงเคราะห์,4,07:00-09:00,0,0,1
ศรีบูรพา - อาคารสงเคราะห์,อาคารสงเคราะห์,4,09:00-17:00,0,0,1
ศรีบูรพา - อาคารสงเคราะห์,อาคารสงเคราะห์,4,17:00-19:00,0,0,1
ศรีย่าน,นครไชยศรี,1,07:00-09:00,0,0,1
ศรีย่าน,นครไชยศรี,1,09:00-17:00,0,0,1
ศรีย่าน,นครไชยศรี,1,17:00-19:00,0,0,1
ศรีย่าน,นครไชยศรี,2,07:00-09:00,0,0,1
ศรีย่าน,นครไชยศรี,2,09:00-16:00,0,0,1
ศรีย่าน,นครไชยศรี,2,16:00-19:00,0,0,1
ศรีย่าน,นครไชยศรี,3,07:00-09:00,2,0,0
ศรีย่าน,นครไชยศรี,3,09:00-16:00,2,0,0
ศรีย่าน,นครไชยศรี,3,16:00-19:00,2,0,0
ศรีย่าน,นครไชยศรี,4,07:00-09:00,0,1,0
ศรีย่าน,นครไชยศรี,4,09:00-16:00,0,1,0
ศรีย่าน,นครไชยศรี,4,16:00-19:00,0,1,0
ศรีย่าน,สามเสน,1,07:00-09:00,0,0,1
ศรีย่าน,สามเสน,1,09:00-17:00,0,0,1
ศรีย่าน,สามเสน,1,17:00-19:00,0,0,1
ศรีย่าน,สามเสน,2,07:00-09:00,0,0,1
ศรีย่าน,สามเสน,2,09:00-16:00,0,0,1
ศรีย่าน,สามเสน,2,16:00-19:00,0,0,1
ศรีย่าน,สามเสน,3,07:00-09:00,2,0,0
ศรีย่าน,สามเสน,3,09:00-16:00,2,0,0
ศรีย่าน,สามเสน,3,16:00-19:00,2,0,0
ศรีย่าน,สามเสน,4,07:00-09:00,0,1,0
ศรีย่าน,สามเสน,4,09:00-16:00,0,1,0
ศรีย่าน,สามเสน,4,16:00-19:00,0,1,0
ศรีวรา,ประชาอุทิศ,1,07:00-09:00,0,1,0
ศรีวรา,ประชาอุทิศ,1,09:00-16:00,0,1,0
ศรีวรา,ประชาอุทิศ,1,16:00-19:00,0,1,0
ศรีวรา,ประชาอุทิศ,2,07:00-09:00,0,0,1
ศรีวรา,ประชาอุทิศ,2,09:00-17:00,0,0,1
ศรีวรา,ประชาอุทิศ,2,17:00-19:00,0,0,1
ศรีวรา,ศรีวรา,1,07:00-09:00,0,1,0
ศรีวรา,ศรีวรา,1,09:00-16:00,0,1,0
ศรีวรา,ศรีวรา,1,16:00-19:00,0,1,0
ศรีวรา,ศรีวรา,2,07:00-09:00,0,0,1
ศรีวรา,ศรีวรา,2,09:00-17:00,0,0,1
ศรีวรา,ศรีวรา,2,17:00-19:00,0,0,1
ศรีวรา - อินทราภรณ์,ศรีวรา,3,07:00-09:00,0,0,1
ศรีวรา - อินทราภรณ์,ศรีวรา,3,09:00-17:00,0,0,1
ศรีวรา - อินทราภรณ์,ศรีวรา,3,17:00-19:00,0,0,1
ศรีวรา - อินทราภรณ์,อินทราภรณ์,3,07:00-09:00,0,0,1
ศรีวรา - อินทราภรณ์,อินทราภรณ์,3,09:00-17:00,0,0,1
ศรีวรา - อินทราภรณ์,อินทราภรณ์,3,17:00-19:00,0,0,1
ศรีสมาน,ศรีสมาน,1,07:00-09:00,0,0,1
ศรีสมาน,ศรีสมาน,1,09:00-17:00,0,0,1
ศรีสมาน,ศรีสมาน,1,17:00-19:00,0,0,1
ศรีสมาน,ศรีสมาน,3,07:00-09:00,1,0,0
ศรีสมาน,ศรีสมาน,3,09:00-16:00,1,0,0
ศรีสมาน,ศรีสมาน,3,16:00-19:00,1,0,0
ศรีสมาน,สรงประภา,1,07:00-09:00,0,0,1
ศรีสมาน,สรงประภา,1,09:00-17:00,0,0,1
ศรีสมาน,สรงประภา,1,17:00-19:00,0,0,1
ศรีสมาน,สรงประภา,3,07:00-09:00,1,0,0
ศรีสมาน,สรงประภา,3,09:00-16:00,1,0,0
ศรีสมาน,สรงประภา,3,16:00-19:00,1,0,0
ศรีสมาน,เลียบคลองประปา,1,07:00-09:00,0,0,1
ศรีสมาน,เลียบคลองประปา,1,09:00-17:00,0,0,1
ศรีสมาน,เลียบคลองประปา,1,17:00-19:00,0,0,1
ศรีสมาน,เลียบคลองประปา,3,07:00-09:00,1,0,0
ศรีสมาน,เลียบคลองประปา,3,09:00-16:00,1,0,0
ศรีสมาน,เลียบคลองประปา,3,16:00-19:00,1,0,0
ศรีอยุธยา,พระรามที่ 6,2,07:00-09:00,0,0,1
ศรีอยุธยา,พระรามที่ 6,2,09:00-17:00,0,0,1
ศรีอยุธยา,พระรามที่ 6,2,17:00-19:00,0,0,1
ศรีอยุธยา,พระรามที่ 6,4,07:00-09:00,1,1,1
ศรีอยุธยา,พระรามที่ 6,4,09:00-16:00,1,1,0
ศรีอยุธยา,พระรามที่ 6,4,09:00-17:00,0,0,1
ศรีอยุธยา,พระรามที่ 6,4,16:00-19:00,1,1,0
ศรีอยุธยา,พระรามที่ 6,4,17:00-19:00,0,0,1
ศรีอยุธยา,พระรามที่6,3,07:00-09:00,0,1,0
ศรีอยุธยา,พระรามที่6,3,09:00-16:00,0,1,0
ศรีอยุธยา,พระรามที่6,3,16:00-19:00,0,1,0
ศรีอยุธยา,ศรีอยุธยา,2,07:00-09:00,0,0,1
ศรีอยุธยา,ศรีอยุธยา,2,09:00-17:00,0,0,1
ศรีอยุธยา,ศรีอยุธยา,2,17:00-19:00,0,0,1
ศรีอยุธยา,ศรีอยุธยา,3,07:00-09:00,0,1,0
ศรีอยุธยา,ศรีอยุธยา,3,09:00-16:00,0,1,0
ศรีอยุธยา,ศรีอยุธยา,3,16:00-19:00,0,1,0
ศรีอยุธยา,ศรีอยุธยา,4,07:00-09:00,1,1,1
ศรีอยุธยา,ศรีอยุธยา,4,09:00-16:00,1,1,0
ศรีอยุธยา,ศรีอยุธยา,4,09:00-17:00,0,0,1
ศรีอยุธยา,ศรีอยุธยา,4,16:00-19:00,1,1,0
ศรีอยุธยา,ศรีอยุธยา,4,17:00-19:00,0,0,1
ศรีอุดม,ศรีนครินทร์,1,07:00-09:00,0,0,1
ศรีอุดม,ศรีนครินทร์,1,09:00-17:00,0,0,1
ศรีอุดม,ศรีนครินทร์,1,17:00-19:00,0,0,1
ศรีอุดม,ศรีนครินทร์,2,06:30-09:00,1,0,0
ศรีอุดม,ศรีนครินทร์,2,09:00-16:00,1,0,0
ศรีอุดม,ศรีนครินทร์,2,16:00-19:30,1,0,0
ศรีอุดม,ศรีนครินทร์,4,07:00-09:00,0,0,1
ศรีอุดม,ศรีนครินทร์,4,09:00-17:00,0,0,1
ศรีอุดม,ศรีนครินทร์,4,17:00-19:00,0,0,1
ศรีอุดม,อุดมสุข,1,07:00-09:00,0,0,1
ศรีอุดม,อุดมสุข,1,09:00-17:00,0,0,1
ศรีอุดม,อุดมสุข,1,17:00-19:00,0,0,1
ศรีอุดม,อุดมสุข,2,06:30-09:00,1,0,0
ศรีอุดม,อุดมสุข,2,09:00-16:00,1,0,0
ศรีอุดม,อุดมสุข,2,16:00-19:30,1,0,0
ศรีอุดม,อุดมสุข,4,07:00-09:00,0,0,1
ศรีอุดม,อุดมสุข,4,09:00-17:00,0,0,1
ศรีอุดม,อุดมสุข,4,17:00-19:00,0,0,1
ศาลอาญา,รัชดาภิเษก,3,07:00-09:00,0,1,0
ศาลอาญา,รัชดาภิเษก,3,09:00-16:00,0,1,0
ศาลอาญา,รัชดาภิเษก,3,16:00-19:00,0,1,0
ศาลาธรรมสพน์ 48,ศาลาธรรมสพน์,2,07:00-09:00,0,0,1
ศาลาธรรมสพน์ 48,ศาลาธรรมสพน์,2,09:00-17:00,0,0,1
ศาลาธรรมสพน์ 48,ศาลาธรรมสพน์,2,17:00-19:00,0,0,1
ศาลาธรรมสพน์ 48,ศาลาธรรมสพน์ 33,2,07:00-09:00,0,0,1
ศาลาธรรมสพน์ 48,ศาลาธรรมสพน์ 33,2,09:00-17:00,0,0,1
ศาลาธรรมสพน์ 48,ศาลาธรรมสพน์ 33,2,17:00-19:00,0,0,1
ศาลาธรรมสพน์ 48,ศาลาธรรมสพน์ 48,2,07:00-09:00,0,0,1
ศาลาธรรมสพน์ 48,ศาลาธรรมสพน์ 48,2,09:00-17:00,0,0,1
ศาลาธรรมสพน์ 48,ศาลาธรรมสพน์ 48,2,17:00-19:00,0,0,1
ศาลาธรรมสพย์ 48,ศาลาธรรมสพน์,3,07:00-09:00,1,0,0
ศาลาธรรมสพย์ 48,ศาลาธรรมสพน์,3,09:00-16:00,1,0,0
ศาลาธรรมสพย์ 48,ศาลาธรรมสพน์,3,16:00-19:00,1,0,0
ศาลาธรรมสพย์ 48,ศาลาธรรมสพน์ 33,3,07:00-09:00,1,0,0
ศาลาธรรมสพย์ 48,ศาลาธรรมสพน์ 33,3,09:00-16:00,1,0,0
ศาลาธรรมสพย์ 48,ศาลาธรรมสพน์ 33,3,16:00-19:00,1,0,0
ศาลาธรรมสพย์ 48,ศาลาธรรมสพน์ 48,3,07:00-09:00,1,0,0
ศาลาธรรมสพย์ 48,ศาลาธรรมสพน์ 48,3,09:00-16:00,1,0,0
ศาลาธรรมสพย์ 48,ศาลาธรรมสพน์ 48,3,16:00-19:00,1,0,0
ศาลาแดง,พระรามที่ 4,1,07:00-09:00,0,1,1
ศาลาแดง,พระรามที่ 4,1,09:00-16:00,0,1,0
ศาลาแดง,พระรามที่ 4,1,09:00-17:00,0,0,1
ศาลาแดง,พระรามที่ 4,1,16:00-19:00,0,1,0
ศาลาแดง,พระรามที่ 4,1,17:00-19:00,0,0,1
ศาลาแดง,พระรามที่ 4,2,07:00-09:00,0,0,1
ศาลาแดง,พระรามที่ 4,2,09:00-16:00,0,0,1
ศาลาแดง,พระรามที่ 4,2,16:00-19:00,0,0,1
ศาลาแดง,พระรามที่ 4,4,07:00-09:00,1,0,0
ศาลาแดง,พระรามที่ 4,4,09:00-16:00,1,0,0
ศาลาแดง,พระรามที่ 4,4,16:00-19:00,1,0,0
ศาลาแดง,ราชดำริ,1,07:00-09:00,0,1,1
ศาลาแดง,ราชดำริ,1,09:00-16:00,0,1,0
ศาลาแดง,ราชดำริ,1,09:00-17:00,0,0,1
ศาลาแดง,ราชดำริ,1,16:00-19:00,0,1,0
ศาลาแดง,ราชดำริ,1,17:00-19:00,0,0,1
ศาลาแดง,ราชดำริ,2,07:00-09:00,0,0,1
ศาลาแดง,ราชดำริ,2,09:00-16:00,0,0,1
ศาลาแดง,ราชดำริ,2,16:00-19:00,0,0,1
ศาลาแดง,ราชดำริ,4,07:00-09:00,1,0,0
ศาลาแดง,ราชดำริ,4,09:00-16:00,1,0,0
ศาลาแดง,ราชดำริ,4,16:00-19:00,1,0,0
ศาลาแดง,สีลม,1,07:00-09:00,0,1,1
ศาลาแดง,สีลม,1,09:00-16:00,0,1,0
ศาลาแดง,สีลม,1,09:00-17:00,0,0,1
ศาลาแดง,สีลม,1,16:00-19:00,0,1,0
ศาลาแดง,สีลม,1,17:00-19:00,0,0,1
ศาลาแดง,สีลม,2,07:00-09:00,0,0,1
ศาลาแดง,สีลม,2,09:00-16:00,0,0,1
ศาลาแดง,สีลม,2,16:00-19:00,0,0,1
ศาลาแดง,สีลม,4,07:00-09:00,1,0,0
ศาลาแดง,สีลม,4,09:00-16:00,1,0,0
ศาลาแดง,สีลม,4,16:00-19:00,1,0,0
ศาลเจ้าพ่อเสือ,ซอยพหลโยธิน 48,1,07:00-09:00,1,0,0
ศาลเจ้าพ่อเสือ,ซอยพหลโยธิน 48,1,09:00-16:00,1,0,0
ศาลเจ้าพ่อเสือ,ซอยพหลโยธิน 48,1,16:00-19:00,1,0,0
ศาลเจ้าพ่อเสือ,ซอยรามอินทรา 5,1,07:00-09:00,1,0,0
ศาลเจ้าพ่อเสือ,ซอยรามอินทรา 5,1,09:00-16:00,1,0,0
ศาลเจ้าพ่อเสือ,ซอยรามอินทรา 5,1,16:00-19:00,1,0,0
ศาลเจ้าพ่อเสือ,ตะนาว,4,07:00-09:00,0,0,1
ศาลเจ้าพ่อเสือ,ตะนาว,4,09:00-16:00,0,0,1
ศาลเจ้าพ่อเสือ,ตะนาว,4,16:00-19:00,0,0,1
ศาลเจ้าพ่อเสือ,มหรรณพ,4,07:00-09:00,0,0,1
ศาลเจ้าพ่อเสือ,มหรรณพ,4,09:00-16:00,0,0,1
ศาลเจ้าพ่อเสือ,มหรรณพ,4,16:00-19:00,0,0,1
ศิครินทร์,ศิครินทร์,2,07:00-09:00,1,0,0
ศิครินทร์,ศิครินทร์,2,09:00-16:00,1,0,0
ศิครินทร์,ศิครินทร์,2,16:00-19:00,1,0,0
ศิครินทร์,สุขุมวิท 105,2,07:00-09:00,1,0,0
ศิครินทร์,สุขุมวิท 105,2,09:00-16:00,1,0,0
ศิครินทร์,สุขุมวิท 105,2,16:00-19:00,1,0,0
ศิริพงษ์ - ลงท่า - หน้าวัง - อุณากรรณ,ลงท่า,4,07:00-09:00,0,0,1
ศิริพงษ์ - ลงท่า - หน้าวัง - อุณากรรณ,ลงท่า,4,09:00-16:00,0,0,1
ศิริพงษ์ - ลงท่า - หน้าวัง - อุณากรรณ,ลงท่า,4,16:00-19:00,0,0,1
ศิริพงษ์ - ลงท่า - หน้าวัง - อุณากรรณ,ศิริพงษ์ - อุณากรรณ,4,07:00-09:00,0,0,1
ศิริพงษ์ - ลงท่า - หน้าวัง - อุณากรรณ,ศิริพงษ์ - อุณากรรณ,4,09:00-16:00,0,0,1
ศิริพงษ์ - ลงท่า - หน้าวัง - อุณากรรณ,ศิริพงษ์ - อุณากรรณ,4,16:00-19:00,0,0,1
ศิริพงษ์ - ศิริชัย,ศิริชัย,3,07:00-09:00,0,1,0
ศิริพงษ์ - ศิริชัย,ศิริชัย,3,09:00-16:00,0,1,0
ศิริพงษ์ - ศิริชัย,ศิริชัย,3,16:00-19:00,0,1,0
ศิริพงษ์ - ศิริพัฒน์,ศิริพงษ์,3,07:00-09:00,0,1,0
ศิริพงษ์ - ศิริพัฒน์,ศิริพงษ์,3,09:00-16:00,0,1,0
ศิริพงษ์ - ศิริพัฒน์,ศิริพงษ์,3,16:00-19:00,0,1,0
ศิริพงษ์ - ศิริพัฒน์,ศิริพัฒน์,3,07:00-09:00,0,1,0
ศิริพงษ์ - ศิริพัฒน์,ศิริพัฒน์,3,09:00-16:00,0,1,0
ศิริพงษ์ - ศิริพัฒน์,ศิริพัฒน์,3,16:00-19:00,0,1,0
ศิริราช,พรานนก,2,07:00-09:00,0,0,1
ศิริราช,พรานนก,2,09:00-17:00,0,0,1
ศิริราช,พรานนก,2,17:00-19:00,0,0,1
ศิริราช,พรานนก,3,07:00-09:00,1,0,0
ศิริราช,พรานนก,3,09:00-16:00,1,0,0
ศิริราช,พรานนก,3,16:00-19:00,1,0,0
ศิริราช,พรานนก,4,07:00-09:00,0,1,0
ศิริราช,พรานนก,4,09:00-16:00,0,1,0
ศิริราช,พรานนก,4,16:00-19:00,0,1,0
ศิริราช,วังหลัง,3,07:00-09:00,0,0,1
ศิริราช,วังหลัง,3,09:00-17:00,0,0,1
ศิริราช,วังหลัง,3,17:00-19:00,0,0,1
ศิริราช,อรุณอมรินทร์,2,07:00-09:00,0,0,1
ศิริราช,อรุณอมรินทร์,2,09:00-17:00,0,0,1
ศิริราช,อรุณอมรินทร์,2,17:00-19:00,0,0,1
ศิริราช,อรุณอมรินทร์,3,07:00-09:00,0,0,1
ศิริราช,อรุณอมรินทร์,3,09:00-17:00,0,0,1
ศิริราช,อรุณอมรินทร์,3,17:00-19:00,0,0,1
ศิริราช,อรุณอัมรินทร์,3,07:00-09:00,1,0,0
ศิริราช,อรุณอัมรินทร์,3,09:00-16:00,1,0,0
ศิริราช,อรุณอัมรินทร์,3,16:00-19:00,1,0,0
ศิริราช,อรุณอัมรินทร์,4,07:00-09:00,0,1,0
ศิริราช,อรุณอัมรินทร์,4,09:00-16:00,0,1,0
ศิริราช,อรุณอัมรินทร์,4,16:00-19:00,0,1,0
ศิริสุช,ช่างอากาศอุทิศ,3,07:00-09:00,0,0,1
ศิริสุช,ช่างอากาศอุทิศ,3,09:00-17:00,0,0,1
ศิริสุช,ช่างอากาศอุทิศ,3,17:00-19:00,0,0,1
ศิริสุช,ประชาอุทิศ,3,07:00-09:00,0,0,1
ศิริสุช,ประชาอุทิศ,3,09:00-17:00,0,0,1
ศิริสุช,ประชาอุทิศ,3,17:00-19:00,0,0,1
ศุลกากร,สุนทรโกษา,3,07:00-09:00,0,0,1
ศุลกากร,สุนทรโกษา,3,09:00-17:00,0,0,1
ศุลกากร,สุนทรโกษา,3,17:00-19:00,0,0,1
ศุลกากร,สุนทรโกษา,4,07:00-09:00,0,0,1
ศุลกากร,สุนทรโกษา,4,09:00-17:00,0,0,1
ศุลกากร,สุนทรโกษา,4,17:00-19:00,0,0,1
ศุลกากร,อาจณรงค์,3,07:00-09:00,0,0,1
ศุลกากร,อาจณรงค์,3,09:00-17:00,0,0,1
ศุลกากร,อาจณรงค์,3,17:00-19:00,0,0,1
ศุลกากร,อาจณรงค์,4,07:00-09:00,0,0,1
ศุลกากร,อาจณรงค์,4,09:00-17:00,0,0,1
ศุลกากร,อาจณรงค์,4,17:00-19:00,0,0,1
ศุลกากร,เกษมราษฎร์,3,07:00-09:00,0,0,1
ศุลกากร,เกษมราษฎร์,3,09:00-17:00,0,0,1
ศุลกากร,เกษมราษฎร์,3,17:00-19:00,0,0,1
ศุลกากร,เกษมราษฎร์,4,07:00-09:00,0,0,1
ศุลกากร,เกษมราษฎร์,4,09:00-17:00,0,0,1
ศุลกากร,เกษมราษฎร์,4,17:00-19:00,0,0,1
ศูนย์ราชการ,ทางเข้า - ออกศูนย์ราชการ,1,07:00-09:00,0,0,1
ศูนย์ราชการ,ทางเข้า - ออกศูนย์ราชการ,1,09:00-17:00,0,0,1
ศูนย์ราชการ,ทางเข้า - ออกศูนย์ราชการ,1,17:00-19:00,0,0,1
ศูนย์ราชการ,แจ้งวัฒนะ,1,07:00-09:00,0,0,1
ศูนย์ราชการ,แจ้งวัฒนะ,1,09:00-17:00,0,0,1
ศูนย์ราชการ,แจ้งวัฒนะ,1,17:00-19:00,0,0,1
ศูนย์วัฒนธรรม,วัฒนธรรม,2,07:00-09:00,1,0,0
ศูนย์วัฒนธรรม,วัฒนธรรม,2,09:00-16:00,1,0,0
ศูนย์วัฒนธรรม,วัฒนธรรม,2,16:00-19:00,1,0,0
ศูนย์วัฒนธรรม,วัฒนธรรม,3,07:00-09:00,1,0,0
ศูนย์วัฒนธรรม,วัฒนธรรม,3,09:00-16:00,1,0,0
ศูนย์วัฒนธรรม,วัฒนธรรม,3,16:00-19:00,1,0,0
ศูนย์วิจัย - เพชรบุรี,ซอยศูนย์วิจัย,1,06:30-09:00,0,1,0
ศูนย์วิจัย - เพชรบุรี,ซอยศูนย์วิจัย,1,09:00-16:00,0,1,0
ศูนย์วิจัย - เพชรบุรี,ซอยศูนย์วิจัย,1,16:00-19:30,0,1,0
ศูนย์วิจัย - เพชรบุรี,ศูนย์วิจัย,4,07:00-09:00,0,0,1
ศูนย์วิจัย - เพชรบุรี,ศูนย์วิจัย,4,09:00-17:00,0,0,1
ศูนย์วิจัย - เพชรบุรี,ศูนย์วิจัย,4,17:00-19:00,0,0,1
ศูนย์วิจัย - เพชรบุรี,เพชรบุรี,1,06:30-09:00,0,1,0
ศูนย์วิจัย - เพชรบุรี,เพชรบุรี,4,07:00-09:00,0,0,1
ศูนย์วิจัย - เพชรบุรี,เพชรบุรี,4,09:00-17:00,0,0,1
ศูนย์วิจัย - เพชรบุรี,เพชรบุรี,4,17:00-19:00,0,0,1
ศูนย์วิจัยเหนือ,ถนนพระราม 9,3,07:00-09:00,1,0,0
ศูนย์วิจัยเหนือ,ถนนพระราม 9,3,09:00-16:00,1,0,0
ศูนย์วิจัยเหนือ,ถนนพระราม 9,3,16:00-19:00,1,0,0
ศูนย์วิจัยเหนือ,พระราม 9,4,07:00-09:00,0,1,0
ศูนย์วิจัยเหนือ,พระราม 9,4,09:00-16:00,0,1,0
ศูนย์วิจัยเหนือ,พระราม 9,4,16:00-19:00,0,1,0
ศูนย์วิจัยเหนือ,พระราม 9 ชอย 17,3,07:00-09:00,1,0,0
ศูนย์วิจัยเหนือ,พระราม 9 ชอย 17,3,09:00-16:00,1,0,0
ศูนย์วิจัยเหนือ,พระราม 9 ชอย 17,3,16:00-19:00,1,0,0
ศูนย์วิจัยเหนือ,พระราม 9 ซอย 17,4,07:00-09:00,0,1,0
ศูนย์วิจัยเหนือ,พระราม 9 ซอย 17,4,09:00-16:00,0,1,0
ศูนย์วิจัยเหนือ,พระราม 9 ซอย 17,4,16:00-19:00,0,1,0
ศูนย์วิจัยเหนือ,พระราม 9 ซอย 26,3,07:00-09:00,1,0,0
ศูนย์วิจัยเหนือ,พระราม 9 ซอย 26,3,09:00-16:00,1,0,0
ศูนย์วิจัยเหนือ,พระราม 9 ซอย 26,3,16:00-19:00,1,0,0
ศูนย์วิจัยเหนือ,พระราม 9 ซอย 26,4,07:00-09:00,0,1,0
ศูนย์วิจัยเหนือ,พระราม 9 ซอย 26,4,09:00-16:00,0,1,0
ศูนย์วิจัยเหนือ,พระราม 9 ซอย 26,4,16:00-19:00,0,1,0
สถานี BRT พระราม 3,นราธิวาสราชนครินทร์,3,07:00-09:00,0,1,0
สถานี BRT พระราม 3,นราธิวาสราชนครินทร์,3,09:00-16:00,0,1,0
สถานี BRT พระราม 3,นราธิวาสราชนครินทร์,3,16:00-19:00,0,1,0
สถานีรถไฟฟ้ากรุงธนบุรี,กรุงธนบุรี,3,07:00-09:00,0,1,0
สถานีรถไฟฟ้ากรุงธนบุรี,กรุงธนบุรี,3,09:00-16:00,0,1,0
สถานีรถไฟฟ้ากรุงธนบุรี,กรุงธนบุรี,3,16:00-19:00,0,1,0
สถานีรถไฟฟ้าช่องนนทรี,นราธิวาสราชนครินทร์,3,07:00-09:00,0,1,0
สถานีรถไฟฟ้าช่องนนทรี,นราธิวาสราชนครินทร์,3,09:00-16:00,0,1,0
สถานีรถไฟฟ้าช่องนนทรี,นราธิวาสราชนครินทร์,3,16:00-19:00,0,1,0
สถานีรถไฟวงเวียนใหญ่,กรุงธนบุรี,3,07:00-09:00,0,1,0
สถานีรถไฟวงเวียนใหญ่,กรุงธนบุรี,3,09:00-16:00,0,1,0
สถานีรถไฟวงเวียนใหญ่,กรุงธนบุรี,3,16:00-19:00,0,1,0
สนามบินสุวรรณภูมิ,ลาดกระบัง,2,07:00-09:00,0,0,2
สนามบินสุวรรณภูมิ,ลาดกระบัง,2,09:00-17:00,0,0,2
สนามบินสุวรรณภูมิ,ลาดกระบัง,2,17:00-19:00,0,0,2
สนามบินสุวรรณภูมิ,ลาดกระบัง,4,07:00-09:00,0,0,1
สนามบินสุวรรณภูมิ,ลาดกระบัง,4,09:00-16:00,0,0,1
สนามบินสุวรรณภูมิ,ลาดกระบัง,4,16:00-19:00,0,0,1
สนามบินสุวรรณภูมิ,สุรรณภูมิ 4,2,07:00-09:00,0,0,1
สนามบินสุวรรณภูมิ,สุรรณภูมิ 4,2,09:00-17:00,0,0,1
สนามบินสุวรรณภูมิ,สุรรณภูมิ 4,2,17:00-19:00,0,0,1
สนามบินสุวรรณภูมิ,สุวรรณภูมิ 4,2,07:00-09:00,0,0,1
สนามบินสุวรรณภูมิ,สุวรรณภูมิ 4,2,09:00-17:00,0,0,1
สนามบินสุวรรณภูมิ,สุวรรณภูมิ 4,2,17:00-19:00,0,0,1
สนามบินสุวรรณภูมิ,สุวรรณภูมื,4,07:00-09:00,0,0,1
สนามบินสุวรรณภูมิ,สุวรรณภูมื,4,09:00-16:00,0,0,1
สนามบินสุวรรณภูมิ,สุวรรณภูมื,4,16:00-19:00,0,0,1
สนามหลวง 2,บางแวก,2,07:00-09:00,0,0,1
สนามหลวง 2,บางแวก,2,09:00-16:00,0,0,1
สนามหลวง 2,บางแวก,2,16:00-19:00,0,0,1
สนามหลวง 2,เข้าออกตลาดธนบุรี สนามหลวง 2,2,07:00-09:00,0,0,1
สนามหลวง 2,เข้าออกตลาดธนบุรี สนามหลวง 2,2,09:00-16:00,0,0,1
สนามหลวง 2,เข้าออกตลาดธนบุรี สนามหลวง 2,2,16:00-19:00,0,0,1
สนามหลวง 2,เลียบคลองทวีวัฒนา,2,07:00-09:00,0,0,1
สนามหลวง 2,เลียบคลองทวีวัฒนา,2,09:00-16:00,0,0,1
สนามหลวง 2,เลียบคลองทวีวัฒนา,2,16:00-19:00,0,0,1
สภากาชาดไทย,อังรีดูนังต์,4,07:00-09:00,1,0,0
สภากาชาดไทย,อังรีดูนังต์,4,09:00-16:00,1,0,0
สภากาชาดไทย,อังรีดูนังต์,4,16:00-19:00,1,0,0
สมเด็จเจ้าพระยา,สมเด็จเจ้าพระยา,1,07:00-09:00,0,0,1
สมเด็จเจ้าพระยา,สมเด็จเจ้าพระยา,1,09:00-16:00,0,0,1
สมเด็จเจ้าพระยา,สมเด็จเจ้าพระยา,1,16:00-19:00,0,0,1
สรงประภา - ซ.วัดเวฬุวนาราม,วัดเวฬุวนาราม,2,07:00-09:00,0,0,1
สรงประภา - ซ.วัดเวฬุวนาราม,วัดเวฬุวนาราม,2,09:00-17:00,0,0,1
สรงประภา - ซ.วัดเวฬุวนาราม,วัดเวฬุวนาราม,2,17:00-19:00,0,0,1
สรงประภา - ซ.วัดเวฬุวนาราม,สรงประภา,2,07:00-09:00,0,0,1
สรงประภา - ซ.วัดเวฬุวนาราม,สรงประภา,2,09:00-17:00,0,0,1
สรงประภา - ซ.วัดเวฬุวนาราม,สรงประภา,2,17:00-19:00,0,0,1
สรงประภา - นาวงค์ประชาพัฒนา,นาวงค์ประชาพัฒนา,3,07:00-09:00,1,0,0
สรงประภา - นาวงค์ประชาพัฒนา,นาวงค์ประชาพัฒนา,3,09:00-16:00,1,0,0
สรงประภา - นาวงค์ประชาพัฒนา,นาวงค์ประชาพัฒนา,3,16:00-19:00,1,0,0
สรงประภา - นาวงค์ประชาพัฒนา,สรงประภา,3,07:00-09:00,1,0,0
สรงประภา - นาวงค์ประชาพัฒนา,สรงประภา,3,09:00-16:00,1,0,0
สรงประภา - นาวงค์ประชาพัฒนา,สรงประภา,3,16:00-19:00,1,0,0
สรงประภา - นาวงศ์ประชาพัฒนา,นาวงศ์ประชาพัฒนา,2,07:00-09:00,1,0,0
สรงประภา - นาวงศ์ประชาพัฒนา,นาวงศ์ประชาพัฒนา,2,09:00-16:00,1,0,0
สรงประภา - นาวงศ์ประชาพัฒนา,นาวงศ์ประชาพัฒนา,2,16:00-19:00,1,0,0
สรงประภา - นาวงศ์ประชาพัฒนา,นาวงศ์ประชาพัฒนา,3,07:00-09:00,0,1,0
สรงประภา - นาวงศ์ประชาพัฒนา,นาวงศ์ประชาพัฒนา,3,09:00-16:00,0,1,0
สรงประภา - นาวงศ์ประชาพัฒนา,นาวงศ์ประชาพัฒนา,3,16:00-19:00,0,1,0
สรงประภา - นาวงศ์ประชาพัฒนา,สรงประภา,2,07:00-09:00,1,0,0
สรงประภา - นาวงศ์ประชาพัฒนา,สรงประภา,2,09:00-16:00,1,0,0
สรงประภา - นาวงศ์ประชาพัฒนา,สรงประภา,2,16:00-19:00,1,0,0
สรงประภา - นาวงศ์ประชาพัฒนา,สรงประภา,3,07:00-09:00,0,1,0
สรงประภา - นาวงศ์ประชาพัฒนา,สรงประภา,3,09:00-16:00,0,1,0
สรงประภา - นาวงศ์ประชาพัฒนา,สรงประภา,3,16:00-19:00,0,1,0
สรงประภา - สรงประภา 11/1,สรงประภา,4,07:00-09:00,0,0,1
สรงประภา - สรงประภา 11/1,สรงประภา,4,09:00-17:00,0,0,1
สรงประภา - สรงประภา 11/1,สรงประภา,4,17:00-19:00,0,0,1
สรงประภา - สรงประภา 11/1,สรงประภา 11/1,4,07:00-09:00,0,0,1
สรงประภา - สรงประภา 11/1,สรงประภา 11/1,4,09:00-17:00,0,0,1
สรงประภา - สรงประภา 11/1,สรงประภา 11/1,4,17:00-19:00,0,0,1
สรงประภา - สรงประภา 11/2,สรงประภา,4,07:00-09:00,0,0,1
สรงประภา - สรงประภา 11/2,สรงประภา,4,09:00-17:00,0,0,1
สรงประภา - สรงประภา 11/2,สรงประภา,4,17:00-19:00,0,0,1
สรงประภา - สรงประภา 11/2,สรงประภา 11/2,4,07:00-09:00,0,0,1
สรงประภา - สรงประภา 11/2,สรงประภา 11/2,4,09:00-17:00,0,0,1
สรงประภา - สรงประภา 11/2,สรงประภา 11/2,4,17:00-19:00,0,0,1
สรงประภา - สรณคมณ์,สรงประภา,4,07:00-09:00,0,0,1
สรงประภา - สรณคมณ์,สรงประภา,4,09:00-17:00,0,0,1
สรงประภา - สรณคมณ์,สรงประภา,4,17:00-19:00,0,0,1
สรงประภา - สรณคมณ์,สรณคมณ์,4,07:00-09:00,0,0,1
สรงประภา - สรณคมณ์,สรณคมณ์,4,09:00-17:00,0,0,1
สรงประภา - สรณคมณ์,สรณคมณ์,4,17:00-19:00,0,0,1
สรงประภา - เชิดวุฒากาศ,สรงประภา,1,07:00-09:00,1,0,0
สรงประภา - เชิดวุฒากาศ,สรงประภา,1,09:00-16:00,1,0,0
สรงประภา - เชิดวุฒากาศ,สรงประภา,1,16:00-19:00,1,0,0
สรงประภา - เชิดวุฒากาศ,สรงประภา,4,07:00-09:00,0,1,0
สรงประภา - เชิดวุฒากาศ,สรงประภา,4,09:00-16:00,0,1,0
สรงประภา - เชิดวุฒากาศ,สรงประภา,4,16:00-19:00,0,1,0
สรงประภา - เชิดวุฒากาศ,เชิดวุฒากาศ,1,07:00-09:00,1,0,0
สรงประภา - เชิดวุฒากาศ,เชิดวุฒากาศ,1,09:00-16:00,1,0,0
สรงประภา - เชิดวุฒากาศ,เชิดวุฒากาศ,1,16:00-19:00,1,0,0
สรงประภา - เชิดวุฒากาศ,เชิดวุฒากาศ,4,07:00-09:00,0,1,0
สรงประภา - เชิดวุฒากาศ,เชิดวุฒากาศ,4,09:00-16:00,0,1,0
สรงประภา - เชิดวุฒากาศ,เชิดวุฒากาศ,4,16:00-19:00,0,1,0
สรงประภา-นาวงศ์ประชาพัฒนา,นาวงศ์ประชาพัฒนา,4,07:00-09:00,0,1,0
สรงประภา-นาวงศ์ประชาพัฒนา,นาวงศ์ประชาพัฒนา,4,09:00-16:00,0,1,0
สรงประภา-นาวงศ์ประชาพัฒนา,นาวงศ์ประชาพัฒนา,4,16:00-19:00,0,1,0
สรงประภา-นาวงศ์ประชาพัฒนา,สรงประภา,4,07:00-09:00,0,1,0
สรงประภา-นาวงศ์ประชาพัฒนา,สรงประภา,4,09:00-16:00,0,1,0
สรงประภา-นาวงศ์ประชาพัฒนา,สรงประภา,4,16:00-19:00,0,1,0
สรรพวุธ,ทางรถไฟสายปากน้ำ,3,07:00-09:00,1,0,0
สรรพวุธ,ทางรถไฟสายปากน้ำ,3,09:00-16:00,1,0,0
สรรพวุธ,ทางรถไฟสายปากน้ำ,3,16:00-19:00,1,0,0
สรรพวุธ,สรรพวุธ,3,07:00-09:00,1,0,0
สรรพวุธ,สรรพวุธ,3,09:00-16:00,1,0,0
สรรพวุธ,สรรพวุธ,3,16:00-19:00,1,0,0
สรรพาวุธ,ทางรถไฟสายปากน้ำ,1,07:00-09:00,0,0,2
สรรพาวุธ,ทางรถไฟสายปากน้ำ,1,09:00-17:00,0,0,2
สรรพาวุธ,ทางรถไฟสายปากน้ำ,1,17:00-19:00,0,0,2
สรรพาวุธ,ทางรถไฟสายปากนํ้า,3,07:00-09:00,0,1,0
สรรพาวุธ,ทางรถไฟสายปากนํ้า,3,09:00-16:00,0,1,0
สรรพาวุธ,ทางรถไฟสายปากนํ้า,3,16:00-19:00,0,1,0
สรรพาวุธ,สรรพาวุธ,1,07:00-09:00,0,0,2
สรรพาวุธ,สรรพาวุธ,1,09:00-17:00,0,0,2
สรรพาวุธ,สรรพาวุธ,1,17:00-19:00,0,0,2
สรรพาวุธ,สรรพาวุธ,3,07:00-09:00,0,1,0
สรรพาวุธ,สรรพาวุธ,3,09:00-16:00,0,1,0
สรรพาวุธ,สรรพาวุธ,3,16:00-19:00,0,1,0
สวนผัก - ชัยพฤกษ์,ชัยพฤกษ์,3,07:00-09:00,0,0,1
สวนผัก - ชัยพฤกษ์,ชัยพฤกษ์,3,09:00-17:00,0,0,1
สวนผัก - ชัยพฤกษ์,ชัยพฤกษ์,3,17:00-19:00,0,0,1
สวนผัก - ชัยพฤกษ์,ชัยพฤกษ์ 18,3,07:00-09:00,0,0,1
สวนผัก - ชัยพฤกษ์,ชัยพฤกษ์ 18,3,09:00-17:00,0,0,1
สวนผัก - ชัยพฤกษ์,ชัยพฤกษ์ 18,3,17:00-19:00,0,0,1
สวนผัก - ชัยพฤกษ์,สวนผัก,3,07:00-09:00,0,0,1
สวนผัก - ชัยพฤกษ์,สวนผัก,3,09:00-17:00,0,0,1
สวนผัก - ชัยพฤกษ์,สวนผัก,3,17:00-19:00,0,0,1
สวนผัก 32,ซอยสวนผัก 32,4,07:00-09:00,1,0,0
สวนผัก 32,ซอยสวนผัก 32,4,09:00-16:00,1,0,0
สวนผัก 32,ซอยสวนผัก 32,4,16:00-19:00,1,0,0
สวนผัก 32,ทางเข้าภิรมณ์เพลส,4,07:00-09:00,1,0,0
สวนผัก 32,ทางเข้าภิรมณ์เพลส,4,09:00-16:00,1,0,0
สวนผัก 32,ทางเข้าภิรมณ์เพลส,4,16:00-19:00,1,0,0
สวนผัก 32,สวนผัก,4,07:00-09:00,1,0,0
สวนผัก 32,สวนผัก,4,09:00-16:00,1,0,0
สวนผัก 32,สวนผัก,4,16:00-19:00,1,0,0
สวนมิกสกวัน,พิษณุโลก,2,07:00-09:00,1,0,1
สวนมิกสกวัน,พิษณุโลก,2,09:00-16:00,1,0,0
สวนมิกสกวัน,พิษณุโลก,2,09:00-17:00,0,0,1
สวนมิกสกวัน,พิษณุโลก,2,16:00-19:00,1,0,0
สวนมิกสกวัน,พิษณุโลก,2,17:00-19:00,0,0,1
สวนมิกสกวัน,พิษณุโลก,4,07:00-09:00,0,0,1
สวนมิกสกวัน,พิษณุโลก,4,09:00-16:00,0,0,1
สวนมิกสกวัน,พิษณุโลก,4,16:00-19:00,0,0,1
สวนมิกสกวัน,ราชดำเนินนอก,2,07:00-09:00,1,0,0
สวนมิกสกวัน,ราชดำเนินนอก,2,09:00-16:00,1,0,0
สวนมิกสกวัน,ราชดำเนินนอก,2,16:00-19:00,1,0,0
สวนมิกสกวัน,ราชดำเนินนอก,4,07:00-09:00,0,0,1
สวนมิกสกวัน,ราชดำเนินนอก,4,09:00-16:00,0,0,1
สวนมิกสกวัน,ราชดำเนินนอก,4,16:00-19:00,0,0,1
สวนมิกสกวัน,ราชำดำเนิน,2,07:00-09:00,0,0,1
สวนมิกสกวัน,ราชำดำเนิน,2,09:00-17:00,0,0,1
สวนมิกสกวัน,ราชำดำเนิน,2,17:00-19:00,0,0,1
สวนมิสกวัน,พิษณุโลก,3,07:00-09:00,0,1,0
สวนมิสกวัน,พิษณุโลก,3,09:00-16:00,0,1,0
สวนมิสกวัน,พิษณุโลก,3,16:00-19:00,0,1,0
สวนมิสกวัน,ราชดำเนินนอก,3,07:00-09:00,0,1,0
สวนมิสกวัน,ราชดำเนินนอก,3,09:00-16:00,0,1,0
สวนมิสกวัน,ราชดำเนินนอก,3,16:00-19:00,0,1,0
สวนรื่นฤดี,นครราชสีมา,3,07:00-09:00,0,0,1
สวนรื่นฤดี,นครราชสีมา,3,09:00-17:00,0,0,1
สวนรื่นฤดี,นครราชสีมา,3,17:00-19:00,0,0,1
สวนรื่นฤดี,ราชสีมา,2,07:00-09:00,1,0,0
สวนรื่นฤดี,ราชสีมา,2,09:00-16:00,1,0,0
สวนรื่นฤดี,ราชสีมา,2,16:00-19:00,1,0,0
สวนรื่นฤดี,ราชสีมา,4,07:00-09:00,0,1,0
สวนรื่นฤดี,ราชสีมา,4,09:00-16:00,0,1,0
สวนรื่นฤดี,ราชสีมา,4,16:00-19:00,0,1,0
สวนรื่นฤดี,สุโขทัย,2,07:00-09:00,1,0,0
สวนรื่นฤดี,สุโขทัย,2,09:00-16:00,1,0,0
สวนรื่นฤดี,สุโขทัย,2,16:00-19:00,1,0,0
สวนรื่นฤดี,สุโขทัย,3,07:00-09:00,0,0,1
สวนรื่นฤดี,สุโขทัย,3,09:00-17:00,0,0,1
สวนรื่นฤดี,สุโขทัย,3,17:00-19:00,0,0,1
สวนรื่นฤดี,สุโขทัย,4,07:00-09:00,0,1,0
สวนรื่นฤดี,สุโขทัย,4,09:00-16:00,0,1,0
สวนรื่นฤดี,สุโขทัย,4,16:00-19:00,0,1,0
สวนสน,ซอยรามคำแหง 60,1,07:00-09:00,0,0,1
สวนสน,ซอยรามคำแหง 60,1,09:00-17:00,0,0,1
สวนสน,ซอยรามคำแหง 60,1,17:00-19:00,0,0,1
สวนสน,พ่วงศิริ,1,07:00-09:00,0,0,1
สวนสน,พ่วงศิริ,1,09:00-17:00,0,0,1
สวนสน,พ่วงศิริ,1,17:00-19:00,0,0,1
สวนสน,รามคำแหง,1,07:00-09:00,0,0,1
สวนสน,รามคำแหง,1,09:00-17:00,0,0,1
สวนสน,รามคำแหง,1,17:00-19:00,0,0,1
สวนสยาม,ซอยเสรีไทย 50,3,07:00-09:00,0,1,0
สวนสยาม,ซอยเสรีไทย 50,3,09:00-16:00,0,1,0
สวนสยาม,ซอยเสรีไทย 50,3,16:00-19:00,0,1,0
สวนสยาม,ทางเข้าสวนสยาม,1,07:00-09:00,0,0,1
สวนสยาม,ทางเข้าสวนสยาม,1,09:00-17:00,0,0,1
สวนสยาม,ทางเข้าสวนสยาม,1,17:00-19:00,0,0,1
สวนสยาม,ทางเข้าสวนสยาม,3,07:00-09:00,0,1,0
สวนสยาม,ทางเข้าสวนสยาม,3,09:00-16:00,0,1,0
สวนสยาม,ทางเข้าสวนสยาม,3,16:00-19:00,0,1,0
สวนสยาม,ทางเข้าออกสวนสยาม,2,07:00-09:00,0,0,1
สวนสยาม,ทางเข้าออกสวนสยาม,2,09:00-16:00,0,0,1
สวนสยาม,ทางเข้าออกสวนสยาม,2,16:00-19:00,0,0,1
สวนสยาม,เสรีไทย,1,07:00-09:00,0,0,1
สวนสยาม,เสรีไทย,1,09:00-17:00,0,0,1
สวนสยาม,เสรีไทย,1,17:00-19:00,0,0,1
สวนสยาม,เสรีไทย,2,07:00-09:00,0,0,1
สวนสยาม,เสรีไทย,2,09:00-16:00,0,0,1
สวนสยาม,เสรีไทย,2,16:00-19:00,0,0,1
สวนสยาม,เสรีไทย,3,07:00-09:00,0,1,0
สวนสยาม,เสรีไทย,3,09:00-16:00,0,1,0
สวนสยาม,เสรีไทย,3,16:00-19:00,0,1,0
สวนสยาม,เสรีไทย 50,1,07:00-09:00,0,0,1
สวนสยาม,เสรีไทย 50,1,09:00-17:00,0,0,1
สวนสยาม,เสรีไทย 50,1,17:00-19:00,0,0,1
สวนสยาม,เสรีไทย 50,2,07:00-09:00,0,0,1
สวนสยาม,เสรีไทย 50,2,09:00-16:00,0,0,1
สวนสยาม,เสรีไทย 50,2,16:00-19:00,0,0,1
สวนหลวง,ศรีนครินทร์,1,07:00-09:00,0,0,1
สวนหลวง,ศรีนครินทร์,1,09:00-17:00,0,0,1
สวนหลวง,ศรีนครินทร์,1,17:00-19:00,0,0,1
สวนหลวง,ศรีนครินทร์,3,07:00-09:00,1,0,1
สวนหลวง,ศรีนครินทร์,3,09:00-16:00,1,0,1
สวนหลวง,ศรีนครินทร์,3,16:00-19:00,1,0,1
สวนหลวง,ศรีนครินทร์,4,07:00-09:00,0,0,2
สวนหลวง,ศรีนครินทร์,4,09:00-17:00,0,0,2
สวนหลวง,ศรีนครินทร์,4,17:00-19:00,0,0,2
สวนหลวง,อ่อนนุช,1,07:00-09:00,0,0,1
สวนหลวง,อ่อนนุช,1,09:00-17:00,0,0,1
สวนหลวง,อ่อนนุช,1,17:00-19:00,0,0,1
สวนหลวง,อ่อนนุช,3,07:00-09:00,1,0,1
สวนหลวง,อ่อนนุช,3,09:00-16:00,1,0,1
สวนหลวง,อ่อนนุช,3,16:00-19:00,1,0,1
สวนหลวง,อ่อนนุช,4,07:00-09:00,0,0,2
สวนหลวง,อ่อนนุช,4,09:00-17:00,0,0,2
สวนหลวง,อ่อนนุช,4,17:00-19:00,0,0,2
สวนแสงธรรม,บางแวก,1,07:00-09:00,0,0,1
สวนแสงธรรม,บางแวก,1,09:00-17:00,0,0,1
สวนแสงธรรม,บางแวก,1,17:00-19:00,0,0,1
สวนแสงธรรม,พุทธมณฑลสาย 3,1,07:00-09:00,0,0,1
สวนแสงธรรม,พุทธมณฑลสาย 3,1,09:00-17:00,0,0,1
สวนแสงธรรม,พุทธมณฑลสาย 3,1,17:00-19:00,0,0,1
สวรรคโลก,สวรรคโลก,1,07:00-09:00,1,0,0
สวรรคโลก,สวรรคโลก,1,09:00-16:00,1,0,0
สวรรคโลก,สวรรคโลก,1,16:00-19:00,1,0,0
สวรรคโลก,สวรรคโลก,4,07:00-09:00,1,1,0
สวรรคโลก,สวรรคโลก,4,09:00-16:00,1,1,0
สวรรคโลก,สวรรคโลก,4,16:00-19:00,1,1,0
สวรรคโลก,สุโขทัย,1,07:00-09:00,1,0,0
สวรรคโลก,สุโขทัย,1,09:00-16:00,1,0,0
สวรรคโลก,สุโขทัย,1,16:00-19:00,1,0,0
สวรรคโลก,สุโขทัย,4,07:00-09:00,1,1,0
สวรรคโลก,สุโขทัย,4,09:00-16:00,1,1,0
สวรรคโลก,สุโขทัย,4,16:00-19:00,1,1,0
สวรรคโลก - สุคันธาราม,สวรรคโลก,4,07:00-09:00,1,0,0
สวรรคโลก - สุคันธาราม,สวรรคโลก,4,09:00-16:00,1,0,0
สวรรคโลก - สุคันธาราม,สวรรคโลก,4,16:00-19:00,1,0,0
สวรรคโลก - สุคันธาราม,สุคันธาราม,4,07:00-09:00,1,0,0
สวรรคโลก - สุคันธาราม,สุคันธาราม,4,09:00-16:00,1,0,0
สวรรคโลก - สุคันธาราม,สุคันธาราม,4,16:00-19:00,1,0,0
สวัสดิการ 1 - เลียบคลองภาษีเจริญฝั่งเหนือ - ซ.เลียบคลองฯ 3/1,ซอยเลียบคลองภาษีเจริญฝั่งเหนือ 3/1,3,07:00-09:00,0,1,0
สวัสดิการ 1 - เลียบคลองภาษีเจริญฝั่งเหนือ - ซ.เลียบคลองฯ 3/1,ซอยเลียบคลองภาษีเจริญฝั่งเหนือ 3/1,3,09:00-16:00,0,1,0
สวัสดิการ 1 - เลียบคลองภาษีเจริญฝั่งเหนือ - ซ.เลียบคลองฯ 3/1,ซอยเลียบคลองภาษีเจริญฝั่งเหนือ 3/1,3,16:00-19:00,0,1,0
สวัสดิการ 1 - เลียบคลองภาษีเจริญฝั่งเหนือ - ซ.เลียบคลองฯ 3/1,สวัสดิการ 1,3,07:00-09:00,0,1,0
สวัสดิการ 1 - เลียบคลองภาษีเจริญฝั่งเหนือ - ซ.เลียบคลองฯ 3/1,สวัสดิการ 1,3,09:00-16:00,0,1,0
สวัสดิการ 1 - เลียบคลองภาษีเจริญฝั่งเหนือ - ซ.เลียบคลองฯ 3/1,สวัสดิการ 1,3,16:00-19:00,0,1,0
สวัสดิการ 1 - เลียบคลองภาษีเจริญฝั่งเหนือ - ซ.เลียบคลองฯ 3/1,เลียบคลองภาษีเจริญฝั่งเหนือ,3,07:00-09:00,0,1,0
สวัสดิการ 1 - เลียบคลองภาษีเจริญฝั่งเหนือ - ซ.เลียบคลองฯ 3/1,เลียบคลองภาษีเจริญฝั่งเหนือ,3,09:00-16:00,0,1,0
สวัสดิการ 1 - เลียบคลองภาษีเจริญฝั่งเหนือ - ซ.เลียบคลองฯ 3/1,เลียบคลองภาษีเจริญฝั่งเหนือ,3,16:00-19:00,0,1,0
สะพานกรุงธน,มุ่งหน้าแยกซังฮี้,1,07:00-09:00,0,0,1
สะพานกรุงธน,มุ่งหน้าแยกซังฮี้,1,09:00-16:00,0,0,1
สะพานกรุงธน,มุ่งหน้าแยกซังฮี้,1,16:00-19:00,0,0,1
สะพานกรุงธน,มุ่งหน้าแยกบางพลัด,1,07:00-09:00,0,0,1
สะพานกรุงธน,มุ่งหน้าแยกบางพลัด,1,09:00-16:00,0,0,1
สะพานกรุงธน,มุ่งหน้าแยกบางพลัด,1,16:00-19:00,0,0,1
สะพานกรุงธน,สะพานกรุงธน,1,07:00-09:00,0,0,2
สะพานกรุงธน,สะพานกรุงธน,1,09:00-17:00,0,0,2
สะพานกรุงธน,สะพานกรุงธน,1,17:00-19:00,0,0,2
สะพานกรุงธน,สะพานกรุงธน,4,07:00-09:00,1,0,0
สะพานกรุงธน,สะพานกรุงธน,4,09:00-16:00,1,0,0
สะพานกรุงธน,สะพานกรุงธน,4,16:00-19:00,1,0,0
สะพานกรุงเทพ,มุ่งหน้าถนนตก,1,07:00-09:00,0,0,1
สะพานกรุงเทพ,มุ่งหน้าถนนตก,1,09:00-16:00,0,0,1
สะพานกรุงเทพ,มุ่งหน้าถนนตก,1,16:00-19:00,0,0,1
สะพานกรุงเทพ,มุ่งหน้าแยกมไหสวรรย์,1,07:00-09:00,0,0,1
สะพานกรุงเทพ,มุ่งหน้าแยกมไหสวรรย์,1,09:00-16:00,0,0,1
สะพานกรุงเทพ,มุ่งหน้าแยกมไหสวรรย์,1,16:00-19:00,0,0,1
สะพานกรุงเทพ,สะพานกรุงเทพ,1,07:00-09:00,0,0,2
สะพานกรุงเทพ,สะพานกรุงเทพ,1,09:00-17:00,0,0,2
สะพานกรุงเทพ,สะพานกรุงเทพ,1,17:00-19:00,0,0,2
สะพานกรุงเทพ,สะพานกรุงเทพ,4,07:00-09:00,1,0,0
สะพานกรุงเทพ,สะพานกรุงเทพ,4,09:00-16:00,1,0,0
สะพานกรุงเทพ,สะพานกรุงเทพ,4,16:00-19:00,1,0,0
สะพานขาว,กรุงเกษม,3,07:00-09:00,1,1,0
สะพานขาว,กรุงเกษม,3,09:00-16:00,1,1,0
สะพานขาว,กรุงเกษม,3,16:00-19:00,1,1,0
สะพานขาว,กรุงเกษม,4,07:00-09:00,0,0,2
สะพานขาว,กรุงเกษม,4,09:00-16:00,0,0,1
สะพานขาว,กรุงเกษม,4,09:00-17:00,0,0,1
สะพานขาว,กรุงเกษม,4,16:00-19:00,0,0,1
สะพานขาว,กรุงเกษม,4,17:00-19:00,0,0,1
สะพานขาว,หลานหลวง,3,07:00-09:00,1,1,0
สะพานขาว,หลานหลวง,3,09:00-16:00,1,1,0
สะพานขาว,หลานหลวง,3,16:00-19:00,1,1,0
สะพานขาว,หลานหลวง,4,07:00-09:00,0,0,2
สะพานขาว,หลานหลวง,4,09:00-16:00,0,0,1
สะพานขาว,หลานหลวง,4,09:00-17:00,0,0,1
สะพานขาว,หลานหลวง,4,16:00-19:00,0,0,1
สะพานขาว,หลานหลวง,4,17:00-19:00,0,0,1
สะพานข้ามคลอง 13,สะพานข้ามคลอง 13,3,07:00-09:00,0,0,1
สะพานข้ามคลอง 13,สะพานข้ามคลอง 13,3,09:00-16:00,0,0,1
สะพานข้ามคลอง 13,สะพานข้ามคลอง 13,3,16:00-19:00,0,0,1
สะพานข้ามแยกประชาสงเคราะห์,สะพานข้ามแยกประชาสงเคราะห์,1,07:00-09:00,0,0,1
สะพานข้ามแยกประชาสงเคราะห์,สะพานข้ามแยกประชาสงเคราะห์,1,09:00-17:00,0,0,1
สะพานข้ามแยกประชาสงเคราะห์,สะพานข้ามแยกประชาสงเคราะห์,1,17:00-19:00,0,0,1
สะพานข้ามแยกพระราม 9,สะพานข้ามแยกพระราม 9,1,07:00-09:00,0,0,1
สะพานข้ามแยกพระราม 9,สะพานข้ามแยกพระราม 9,1,09:00-17:00,0,0,1
สะพานข้ามแยกพระราม 9,สะพานข้ามแยกพระราม 9,1,17:00-19:00,0,0,1
สะพานข้ามแยกราชเทวี,เพชรบุรี,3,07:00-09:00,0,1,0
สะพานข้ามแยกราชเทวี,เพชรบุรี,3,09:00-16:00,0,1,0
สะพานข้ามแยกราชเทวี,เพชรบุรี,3,16:00-19:00,0,1,0
สะพานข้ามแยกสามเหลี่ยมดินแดง,สะพานข้ามแยกสามเหลี่ยมดินแดง,1,07:00-09:00,0,0,1
สะพานข้ามแยกสามเหลี่ยมดินแดง,สะพานข้ามแยกสามเหลี่ยมดินแดง,1,09:00-17:00,0,0,1
สะพานข้ามแยกสามเหลี่ยมดินแดง,สะพานข้ามแยกสามเหลี่ยมดินแดง,1,17:00-19:00,0,0,1
สะพานควาย,ประดิพัทธ์,2,07:00-09:00,0,0,1
สะพานควาย,ประดิพัทธ์,2,09:00-17:00,0,0,1
สะพานควาย,ประดิพัทธ์,2,17:00-19:00,0,0,1
สะพานควาย,ประดิพัทธ์,3,07:00-09:00,1,1,1
สะพานควาย,ประดิพัทธ์,3,09:00-16:00,1,1,0
สะพานควาย,ประดิพัทธ์,3,09:00-17:00,0,0,1
สะพานควาย,ประดิพัทธ์,3,16:00-19:00,1,1,0
สะพานควาย,ประดิพัทธ์,3,17:00-19:00,0,0,1
สะพานควาย,ประดิพัทธ์,4,07:00-09:00,0,1,0
สะพานควาย,ประดิพัทธ์,4,09:00-16:00,0,1,0
สะพานควาย,ประดิพัทธ์,4,16:00-19:00,0,1,0
สะพานควาย,พหลโยธิน,2,07:00-09:00,0,0,1
สะพานควาย,พหลโยธิน,2,09:00-17:00,0,0,1
สะพานควาย,พหลโยธิน,2,17:00-19:00,0,0,1
สะพานควาย,พหลโยธิน,3,07:00-09:00,1,1,1
สะพานควาย,พหลโยธิน,3,09:00-16:00,1,1,0
สะพานควาย,พหลโยธิน,3,09:00-17:00,0,0,1
สะพานควาย,พหลโยธิน,3,16:00-19:00,1,1,0
สะพานควาย,พหลโยธิน,3,17:00-19:00,0,0,1
สะพานควาย,พหลโยธิน,4,07:00-09:00,0,1,0
สะพานควาย,พหลโยธิน,4,09:00-16:00,0,1,0
สะพานควาย,พหลโยธิน,4,16:00-19:00,0,1,0
สะพานควาย,สุทธิสาร,2,07:00-09:00,0,0,1
สะพานควาย,สุทธิสาร,2,09:00-17:00,0,0,1
สะพานควาย,สุทธิสาร,2,17:00-19:00,0,0,1
สะพานควาย,สุทธิสาร,3,07:00-09:00,1,1,1
สะพานควาย,สุทธิสาร,3,09:00-16:00,1,1,0
สะพานควาย,สุทธิสาร,3,09:00-17:00,0,0,1
สะพานควาย,สุทธิสาร,3,16:00-19:00,1,1,0
สะพานควาย,สุทธิสาร,3,17:00-19:00,0,0,1
สะพานควาย,สุทธิสาร,4,07:00-09:00,0,1,0
สะพานควาย,สุทธิสาร,4,09:00-16:00,0,1,0
สะพานควาย,สุทธิสาร,4,16:00-19:00,0,1,0
สะพานช้างโรงสี,บำรุงเมือง,1,07:00-09:00,0,0,1
สะพานช้างโรงสี,บำรุงเมือง,1,09:00-17:00,0,0,1
สะพานช้างโรงสี,บำรุงเมือง,1,17:00-19:00,0,0,1
สะพานช้างโรงสี,บำรุงเมือง,3,07:00-09:00,1,0,0
สะพานช้างโรงสี,บำรุงเมือง,3,09:00-16:00,1,0,0
สะพานช้างโรงสี,บำรุงเมือง,3,16:00-19:00,1,0,0
สะพานช้างโรงสี,บำรุงเมือง,4,07:00-09:00,0,0,1
สะพานช้างโรงสี,บำรุงเมือง,4,09:00-16:00,0,0,1
สะพานช้างโรงสี,บำรุงเมือง,4,16:00-19:00,0,0,1
สะพานช้างโรงสี,อัษฎางค์,1,07:00-09:00,0,0,1
สะพานช้างโรงสี,อัษฎางค์,1,09:00-17:00,0,0,1
สะพานช้างโรงสี,อัษฎางค์,1,17:00-19:00,0,0,1
สะพานช้างโรงสี,อัษฎางค์,3,07:00-09:00,1,0,0
สะพานช้างโรงสี,อัษฎางค์,3,09:00-16:00,1,0,0
สะพานช้างโรงสี,อัษฎางค์,3,16:00-19:00,1,0,0
สะพานช้างโรงสี,อัษฎางค์,4,07:00-09:00,0,0,1
สะพานช้างโรงสี,อัษฎางค์,4,09:00-16:00,0,0,1
สะพานช้างโรงสี,อัษฎางค์,4,16:00-19:00,0,0,1
สะพานดำ,กำแพงเพชร,3,07:00-09:00,0,1,0
สะพานดำ,กำแพงเพชร,3,09:00-16:00,0,1,0
สะพานดำ,กำแพงเพชร,3,16:00-19:00,0,1,0
สะพานดำ,กำแพงเพชร,4,07:00-09:00,1,0,2
สะพานดำ,กำแพงเพชร,4,09:00-16:00,1,0,0
สะพานดำ,กำแพงเพชร,4,09:00-17:00,0,0,2
สะพานดำ,กำแพงเพชร,4,16:00-19:00,1,0,0
สะพานดำ,กำแพงเพชร,4,17:00-19:00,0,0,2
สะพานดำ,กำแพงเพชร 5,3,07:00-09:00,0,1,0
สะพานดำ,กำแพงเพชร 5,3,09:00-16:00,0,1,0
สะพานดำ,กำแพงเพชร 5,3,16:00-19:00,0,1,0
สะพานดำ,กำแพงเพชร 5,4,07:00-09:00,1,0,1
สะพานดำ,กำแพงเพชร 5,4,09:00-16:00,1,0,0
สะพานดำ,กำแพงเพชร 5,4,09:00-17:00,0,0,1
สะพานดำ,กำแพงเพชร 5,4,16:00-19:00,1,0,0
สะพานดำ,กำแพงเพชร 5,4,17:00-19:00,0,0,1
สะพานดำ,ทางลอดทางรถไฟถนนพระรามที่ 6,4,07:00-09:00,0,0,1
สะพานดำ,ทางลอดทางรถไฟถนนพระรามที่ 6,4,09:00-17:00,0,0,1
สะพานดำ,ทางลอดทางรถไฟถนนพระรามที่ 6,4,17:00-19:00,0,0,1
สะพานดำ,พระรามที่ 6,3,07:00-09:00,0,1,0
สะพานดำ,พระรามที่ 6,3,09:00-16:00,0,1,0
สะพานดำ,พระรามที่ 6,3,16:00-19:00,0,1,0
สะพานดำ,พระรามที่ 6,4,07:00-09:00,1,0,2
สะพานดำ,พระรามที่ 6,4,09:00-16:00,1,0,0
สะพานดำ,พระรามที่ 6,4,09:00-17:00,0,0,2
สะพานดำ,พระรามที่ 6,4,16:00-19:00,1,0,0
สะพานดำ,พระรามที่ 6,4,17:00-19:00,0,0,2
สะพานดํา,กําแพงเพชร,4,07:00-09:00,0,1,0
สะพานดํา,กําแพงเพชร,4,09:00-16:00,0,1,0
สะพานดํา,กําแพงเพชร,4,16:00-19:00,0,1,0
สะพานดํา,กําแพงเพชร 5,4,07:00-09:00,0,1,0
สะพานดํา,กําแพงเพชร 5,4,09:00-16:00,0,1,0
สะพานดํา,กําแพงเพชร 5,4,16:00-19:00,0,1,0
สะพานดํา,พระรามที่ 6,4,07:00-09:00,0,1,0
สะพานดํา,พระรามที่ 6,4,09:00-16:00,0,1,0
สะพานดํา,พระรามที่ 6,4,16:00-19:00,0,1,0
สะพานนริศดำรัส,จักรพรรดิพงษ์,3,07:00-09:00,0,1,0
สะพานนริศดำรัส,จักรพรรดิพงษ์,3,09:00-16:00,0,1,0
สะพานนริศดำรัส,จักรพรรดิพงษ์,3,16:00-19:00,0,1,0
สะพานปฐมบรมราชานุสรณ์(สะพานพระพุทธยอดฟ้า),สะพานสมเด็จพระพุทธยอดฟ้า,4,07:00-09:00,1,0,0
สะพานปฐมบรมราชานุสรณ์(สะพานพระพุทธยอดฟ้า),สะพานสมเด็จพระพุทธยอดฟ้า,4,09:00-16:00,1,0,0
สะพานปฐมบรมราชานุสรณ์(สะพานพระพุทธยอดฟ้า),สะพานสมเด็จพระพุทธยอดฟ้า,4,16:00-19:00,1,0,0
สะพานพระปกเกล้า,มุ่งหน้าพาหุรัด,1,07:00-09:00,0,0,1
สะพานพระปกเกล้า,มุ่งหน้าพาหุรัด,1,09:00-16:00,0,0,1
สะพานพระปกเกล้า,มุ่งหน้าพาหุรัด,1,16:00-19:00,0,0,1
สะพานพระปกเกล้า,มุ่งหน้าแยกบ้านแขก,1,07:00-09:00,0,0,1
สะพานพระปกเกล้า,มุ่งหน้าแยกบ้านแขก,1,09:00-16:00,0,0,1
สะพานพระปกเกล้า,มุ่งหน้าแยกบ้านแขก,1,16:00-19:00,0,0,1
สะพานพระปกเกล้า,สะพานพระปกเกล้า,1,07:00-09:00,0,0,2
สะพานพระปกเกล้า,สะพานพระปกเกล้า,1,09:00-17:00,0,0,2
สะพานพระปกเกล้า,สะพานพระปกเกล้า,1,17:00-19:00,0,0,2
สะพานพระปกเกล้า,สะพานพระปกเกล้า,4,07:00-09:00,1,0,0
สะพานพระปกเกล้า,สะพานพระปกเกล้า,4,09:00-16:00,1,0,0
สะพานพระปกเกล้า,สะพานพระปกเกล้า,4,16:00-19:00,1,0,0
สะพานพระพุทธยอดฟ้า,มุ่งหน้าปากคลองตลาด,1,07:00-09:00,0,0,1
สะพานพระพุทธยอดฟ้า,มุ่งหน้าปากคลองตลาด,1,09:00-16:00,0,0,1
สะพานพระพุทธยอดฟ้า,มุ่งหน้าปากคลองตลาด,1,16:00-19:00,0,0,1
สะพานพระพุทธยอดฟ้า,มุ่งหน้าแยกบ้านแขก,1,07:00-09:00,0,0,1
สะพานพระพุทธยอดฟ้า,มุ่งหน้าแยกบ้านแขก,1,09:00-16:00,0,0,1
สะพานพระพุทธยอดฟ้า,มุ่งหน้าแยกบ้านแขก,1,16:00-19:00,0,0,1
สะพานพระพุทธยอดฟ้า,สะพานพระพุทธยอดฟ้า,1,07:00-09:00,0,0,2
สะพานพระพุทธยอดฟ้า,สะพานพระพุทธยอดฟ้า,1,09:00-17:00,0,0,2
สะพานพระพุทธยอดฟ้า,สะพานพระพุทธยอดฟ้า,1,17:00-19:00,0,0,2
สะพานพระราม 3,มุ่งหน้ารัชดา-ราชพฤกษ์,1,07:00-09:00,0,0,1
สะพานพระราม 3,มุ่งหน้ารัชดา-ราชพฤกษ์,1,09:00-16:00,0,0,1
สะพานพระราม 3,มุ่งหน้ารัชดา-ราชพฤกษ์,1,16:00-19:00,0,0,1
สะพานพระราม 3,มุ่งหน้าแยกเจริญราษฎร์,1,07:00-09:00,0,0,1
สะพานพระราม 3,มุ่งหน้าแยกเจริญราษฎร์,1,09:00-16:00,0,0,1
สะพานพระราม 3,มุ่งหน้าแยกเจริญราษฎร์,1,16:00-19:00,0,0,1
สะพานพระราม 3,สะพานพระราม 3,1,07:00-09:00,0,0,2
สะพานพระราม 3,สะพานพระราม 3,1,09:00-17:00,0,0,2
สะพานพระราม 3,สะพานพระราม 3,1,17:00-19:00,0,0,2
สะพานพระราม 3,สะพานพระราม 3,4,07:00-09:00,1,0,0
สะพานพระราม 3,สะพานพระราม 3,4,09:00-16:00,1,0,0
สะพานพระราม 3,สะพานพระราม 3,4,16:00-19:00,1,0,0
สะพานพระราม 7,มุ่งหน้าถนนจรัญสนิทวงศ์,1,07:00-09:00,0,0,1
สะพานพระราม 7,มุ่งหน้าถนนจรัญสนิทวงศ์,1,09:00-16:00,0,0,1
สะพานพระราม 7,มุ่งหน้าถนนจรัญสนิทวงศ์,1,16:00-19:00,0,0,1
สะพานพระราม 7,มุ่งหน้าวงศ์สว่าง,1,07:00-09:00,0,0,1
สะพานพระราม 7,มุ่งหน้าวงศ์สว่าง,1,09:00-16:00,0,0,1
สะพานพระราม 7,มุ่งหน้าวงศ์สว่าง,1,16:00-19:00,0,0,1
สะพานพระราม 7,สะพานพระราม 7,1,07:00-09:00,0,0,2
สะพานพระราม 7,สะพานพระราม 7,1,09:00-17:00,0,0,2
สะพานพระราม 7,สะพานพระราม 7,1,17:00-19:00,0,0,2
สะพานพระราม 7,สะพานพระราม 7,4,07:00-09:00,1,0,0
สะพานพระราม 7,สะพานพระราม 7,4,09:00-16:00,1,0,0
สะพานพระราม 7,สะพานพระราม 7,4,16:00-19:00,1,0,0
สะพานพระราม 8,พานพระราม 8,4,07:00-09:00,1,0,0
สะพานพระราม 8,พานพระราม 8,4,09:00-16:00,1,0,0
สะพานพระราม 8,พานพระราม 8,4,16:00-19:00,1,0,0
สะพานพระราม 8,มุ่งหน้าแยกบรมราชชนนี,1,07:00-09:00,0,0,1
สะพานพระราม 8,มุ่งหน้าแยกบรมราชชนนี,1,09:00-16:00,0,0,1
สะพานพระราม 8,มุ่งหน้าแยกบรมราชชนนี,1,16:00-19:00,0,0,1
สะพานพระราม 8,มุ่งหน้าแยกวิสุทธิ์กษัตริย์,1,07:00-09:00,0,0,1
สะพานพระราม 8,มุ่งหน้าแยกวิสุทธิ์กษัตริย์,1,09:00-16:00,0,0,1
สะพานพระราม 8,มุ่งหน้าแยกวิสุทธิ์กษัตริย์,1,16:00-19:00,0,0,1
สะพานพระราม 8,สะพานพระราม 8,1,07:00-09:00,0,0,2
สะพานพระราม 8,สะพานพระราม 8,1,09:00-17:00,0,0,2
สะพานพระราม 8,สะพานพระราม 8,1,17:00-19:00,0,0,2
สะพานภูมิพล 1,มุ่งหน้าถนนพระราม 3,1,07:00-09:00,0,0,1
สะพานภูมิพล 1,มุ่งหน้าถนนพระราม 3,1,09:00-16:00,0,0,1
สะพานภูมิพล 1,มุ่งหน้าถนนพระราม 3,1,16:00-19:00,0,0,1
สะพานภูมิพล 1,มุ่งหน้าถนนสุขสวัสดิ์,1,07:00-09:00,0,0,1
สะพานภูมิพล 1,มุ่งหน้าถนนสุขสวัสดิ์,1,09:00-16:00,0,0,1
สะพานภูมิพล 1,มุ่งหน้าถนนสุขสวัสดิ์,1,16:00-19:00,0,0,1
สะพานภูมิพล 1,สะพานภูมิพล,1,07:00-09:00,0,0,1
สะพานภูมิพล 1,สะพานภูมิพล,1,09:00-17:00,0,0,1
สะพานภูมิพล 1,สะพานภูมิพล,1,17:00-19:00,0,0,1
สะพานภูมิพล 1,สะพานภูมิพล 1,1,07:00-09:00,0,0,1
สะพานภูมิพล 1,สะพานภูมิพล 1,1,09:00-17:00,0,0,1
สะพานภูมิพล 1,สะพานภูมิพล 1,1,17:00-19:00,0,0,1
สะพานภูมิพล 1,สะพานภูมิพล 1,4,07:00-09:00,1,0,0
สะพานภูมิพล 1,สะพานภูมิพล 1,4,09:00-16:00,1,0,0
สะพานภูมิพล 1,สะพานภูมิพล 1,4,16:00-19:00,1,0,0
สะพานมอญ,อัษฎางค์,2,07:00-09:00,0,1,1
สะพานมอญ,อัษฎางค์,2,09:00-16:00,0,1,0
สะพานมอญ,อัษฎางค์,2,09:00-17:00,0,0,1
สะพานมอญ,อัษฎางค์,2,16:00-19:00,0,1,0
สะพานมอญ,อัษฎางค์,2,17:00-19:00,0,0,1
สะพานมอญ,เจริญกรุง,2,07:00-09:00,0,1,1
สะพานมอญ,เจริญกรุง,2,09:00-16:00,0,1,0
สะพานมอญ,เจริญกรุง,2,09:00-17:00,0,0,1
สะพานมอญ,เจริญกรุง,2,16:00-19:00,0,1,0
สะพานมอญ,เจริญกรุง,2,17:00-19:00,0,0,1
สะพานลอยหน้าวัดสุวรรณ,เจริญนคร,3,07:00-09:00,0,1,0
สะพานลอยหน้าวัดสุวรรณ,เจริญนคร,3,09:00-16:00,0,1,0
สะพานลอยหน้าวัดสุวรรณ,เจริญนคร,3,16:00-19:00,0,1,0
สะพานวันชาติ,ดินสอ,3,07:00-09:00,1,0,0
สะพานวันชาติ,ดินสอ,3,09:00-16:00,1,0,0
สะพานวันชาติ,ดินสอ,3,16:00-19:00,1,0,0
สะพานวันชาติ,ดินสอ,4,07:00-09:00,1,0,1
สะพานวันชาติ,ดินสอ,4,09:00-16:00,1,0,1
สะพานวันชาติ,ดินสอ,4,16:00-19:00,1,0,1
สะพานวันชาติ,ประชาธิปไตย,3,07:00-09:00,1,0,0
สะพานวันชาติ,ประชาธิปไตย,3,09:00-16:00,1,0,0
สะพานวันชาติ,ประชาธิปไตย,3,16:00-19:00,1,0,0
สะพานวันชาติ,ประชาธิปไตย,4,07:00-09:00,1,0,1
สะพานวันชาติ,ประชาธิปไตย,4,09:00-16:00,1,0,1
สะพานวันชาติ,ประชาธิปไตย,4,16:00-19:00,1,0,1
สะพานวันชาติ,พระสุเมรุ,3,07:00-09:00,1,0,0
สะพานวันชาติ,พระสุเมรุ,3,09:00-16:00,1,0,0
สะพานวันชาติ,พระสุเมรุ,3,16:00-19:00,1,0,0
สะพานวันชาติ,พระสุเมรุ,4,07:00-09:00,1,0,1
สะพานวันชาติ,พระสุเมรุ,4,09:00-16:00,1,0,1
สะพานวันชาติ,พระสุเมรุ,4,16:00-19:00,1,0,1
สะพานสมเด็จพระปิ่นเกล้า,มุ่งหน้าราชดำเนิน,1,07:00-09:00,0,0,1
สะพานสมเด็จพระปิ่นเกล้า,มุ่งหน้าราชดำเนิน,1,09:00-16:00,0,0,1
สะพานสมเด็จพระปิ่นเกล้า,มุ่งหน้าราชดำเนิน,1,16:00-19:00,0,0,1
สะพานสมเด็จพระปิ่นเกล้า,มุ่งหน้าแยกอรุณอัมรินทร์,1,07:00-09:00,0,0,1
สะพานสมเด็จพระปิ่นเกล้า,มุ่งหน้าแยกอรุณอัมรินทร์,1,09:00-16:00,0,0,1
สะพานสมเด็จพระปิ่นเกล้า,มุ่งหน้าแยกอรุณอัมรินทร์,1,16:00-19:00,0,0,1
สะพานสมเด็จพระปิ่นเกล้า,สะพานสมเด็จพระปิ่นเกล้า,1,07:00-09:00,0,0,2
สะพานสมเด็จพระปิ่นเกล้า,สะพานสมเด็จพระปิ่นเกล้า,1,09:00-17:00,0,0,2
สะพานสมเด็จพระปิ่นเกล้า,สะพานสมเด็จพระปิ่นเกล้า,1,17:00-19:00,0,0,2
สะพานสมเด็จพระปืนเกล้า,สะพานสมเด็จพระปืนเกล้า,4,07:00-09:00,1,0,0
สะพานสมเด็จพระปืนเกล้า,สะพานสมเด็จพระปืนเกล้า,4,09:00-16:00,1,0,0
สะพานสมเด็จพระปืนเกล้า,สะพานสมเด็จพระปืนเกล้า,4,16:00-19:00,1,0,0
สะพานสมเด็จพระเจ้าตากสิน,มุ่งหน้าถนนกรุงธนบุรี,1,07:00-09:00,0,0,1
สะพานสมเด็จพระเจ้าตากสิน,มุ่งหน้าถนนกรุงธนบุรี,1,09:00-16:00,0,0,1
สะพานสมเด็จพระเจ้าตากสิน,มุ่งหน้าถนนกรุงธนบุรี,1,16:00-19:00,0,0,1
สะพานสมเด็จพระเจ้าตากสิน,มุ่งหน้าแยกสุรศักดิ์,1,07:00-09:00,0,0,1
สะพานสมเด็จพระเจ้าตากสิน,มุ่งหน้าแยกสุรศักดิ์,1,09:00-16:00,0,0,1
สะพานสมเด็จพระเจ้าตากสิน,มุ่งหน้าแยกสุรศักดิ์,1,16:00-19:00,0,0,1
สะพานสมเด็จพระเจ้าตากสิน,สะพานสมเด็จพระเจ้าตากสิน,1,07:00-09:00,0,0,2
สะพานสมเด็จพระเจ้าตากสิน,สะพานสมเด็จพระเจ้าตากสิน,1,09:00-17:00,0,0,2
สะพานสมเด็จพระเจ้าตากสิน,สะพานสมเด็จพระเจ้าตากสิน,1,17:00-19:00,0,0,2
สะพานสมเด็จพระเจ้าตากสินมหาราช,สะพานสาทร,4,07:00-09:00,1,0,0
สะพานสมเด็จพระเจ้าตากสินมหาราช,สะพานสาทร,4,09:00-16:00,1,0,0
สะพานสมเด็จพระเจ้าตากสินมหาราช,สะพานสาทร,4,16:00-19:00,1,0,0
สะพานอ่อน,บรรทัดทอง,2,07:00-09:00,1,1,0
สะพานอ่อน,บรรทัดทอง,2,09:00-16:00,1,1,0
สะพานอ่อน,บรรทัดทอง,2,16:00-19:00,1,1,0
สะพานอ่อน,บรรทัดทอง,4,07:00-09:00,1,0,0
สะพานอ่อน,บรรทัดทอง,4,09:00-16:00,1,0,0
สะพานอ่อน,บรรทัดทอง,4,16:00-19:00,1,0,0
สะพานอ่อน,เจริญเมือง,2,07:00-09:00,1,1,0
สะพานอ่อน,เจริญเมือง,2,09:00-16:00,1,1,0
สะพานอ่อน,เจริญเมือง,2,16:00-19:00,1,1,0
สะพานอ่อน,เจริญเมือง,4,07:00-09:00,1,0,0
สะพานอ่อน,เจริญเมือง,4,09:00-16:00,1,0,0
สะพานอ่อน,เจริญเมือง,4,16:00-19:00,1,0,0
สะพานเหลือง,ซ.พระยาดำรงค์,1,07:00-09:00,1,0,0
สะพานเหลือง,ซ.พระยาดำรงค์,1,09:00-16:00,1,0,0
สะพานเหลือง,ซ.พระยาดำรงค์,1,16:00-19:00,1,0,0
สะพานเหลือง,ซอยพระยาดำรงค์,4,06:30-09:00,1,0,0
สะพานเหลือง,ซอยพระยาดำรงค์,4,09:00-16:00,1,0,0
สะพานเหลือง,ซอยพระยาดำรงค์,4,16:00-19:30,1,0,0
สะพานเหลือง,ซอยสว่าง 1- ทางด่วน- ซอยพระยาดำรง,2,07:00-09:00,0,0,1
สะพานเหลือง,ซอยสว่าง 1- ทางด่วน- ซอยพระยาดำรง,2,09:00-17:00,0,0,1
สะพานเหลือง,ซอยสว่าง 1- ทางด่วน- ซอยพระยาดำรง,2,17:00-19:00,0,0,1
สะพานเหลือง,บรรทัดทอง,1,07:00-09:00,1,0,0
สะพานเหลือง,บรรทัดทอง,1,09:00-16:00,1,0,0
สะพานเหลือง,บรรทัดทอง,1,16:00-19:00,1,0,0
สะพานเหลือง,บรรทัดทอง,2,07:00-09:00,0,0,1
สะพานเหลือง,บรรทัดทอง,2,09:00-17:00,0,0,1
สะพานเหลือง,บรรทัดทอง,2,17:00-19:00,0,0,1
สะพานเหลือง,บรรทัดทอง,3,07:00-09:00,0,1,0
สะพานเหลือง,บรรทัดทอง,3,09:00-16:00,0,1,0
สะพานเหลือง,บรรทัดทอง,3,16:00-19:00,0,1,0
สะพานเหลือง,บรรทัดทอง,4,07:00-09:00,1,0,0
สะพานเหลือง,บรรทัดทอง,4,09:00-16:00,1,0,0
สะพานเหลือง,บรรทัดทอง,4,16:00-19:00,1,0,0
สะพานเหลือง,พระรามที่ 4,1,07:00-09:00,1,0,0
สะพานเหลือง,พระรามที่ 4,1,09:00-16:00,1,0,0
สะพานเหลือง,พระรามที่ 4,1,16:00-19:00,1,0,0
สะพานเหลือง,พระรามที่ 4,2,07:00-09:00,0,0,1
สะพานเหลือง,พระรามที่ 4,2,09:00-17:00,0,0,1
สะพานเหลือง,พระรามที่ 4,2,17:00-19:00,0,0,1
สะพานเหลือง,พระรามที่ 4,3,07:00-09:00,0,1,0
สะพานเหลือง,พระรามที่ 4,3,09:00-16:00,0,1,0
สะพานเหลือง,พระรามที่ 4,3,16:00-19:00,0,1,0
สะพานเหลือง,พระรามที่ 4,4,07:00-09:00,1,0,0
สะพานเหลือง,พระรามที่ 4,4,09:00-16:00,1,0,0
สะพานเหลือง,พระรามที่ 4,4,16:00-19:00,1,0,0
สะพานแดง,ทหาร,1,07:00-09:00,0,1,1
สะพานแดง,ทหาร,1,09:00-16:00,0,1,0
สะพานแดง,ทหาร,1,09:00-17:00,0,0,1
สะพานแดง,ทหาร,1,16:00-19:00,0,1,0
สะพานแดง,ทหาร,1,17:00-19:00,0,0,1
สะพานแดง,ทหาร,3,07:00-09:00,2,0,0
สะพานแดง,ทหาร,3,09:00-16:00,2,0,0
สะพานแดง,ทหาร,3,16:00-19:00,2,0,0
สะพานแดง,ทหาร,4,07:00-09:00,0,0,1
สะพานแดง,ทหาร,4,09:00-16:00,0,0,1
สะพานแดง,ทหาร,4,16:00-19:00,0,0,1
สะพานแดง,ประดิพัทธ์,1,07:00-09:00,0,1,1
สะพานแดง,ประดิพัทธ์,1,09:00-16:00,0,1,0
สะพานแดง,ประดิพัทธ์,1,09:00-17:00,0,0,1
สะพานแดง,ประดิพัทธ์,1,16:00-19:00,0,1,0
สะพานแดง,ประดิพัทธ์,1,17:00-19:00,0,0,1
สะพานแดง,ประดิพัทธ์,3,07:00-09:00,2,0,0
สะพานแดง,ประดิพัทธ์,3,09:00-16:00,2,0,0
สะพานแดง,ประดิพัทธ์,3,16:00-19:00,2,0,0
สะพานแดง,ประดิพัทธ์,4,07:00-09:00,0,0,1
สะพานแดง,ประดิพัทธ์,4,09:00-16:00,0,0,1
สะพานแดง,ประดิพัทธ์,4,16:00-19:00,0,0,1
สะพานแดง,พระรามที่ 5,1,07:00-09:00,0,1,1
สะพานแดง,พระรามที่ 5,1,09:00-16:00,0,1,0
สะพานแดง,พระรามที่ 5,1,09:00-17:00,0,0,1
สะพานแดง,พระรามที่ 5,1,16:00-19:00,0,1,0
สะพานแดง,พระรามที่ 5,1,17:00-19:00,0,0,1
สะพานแดง,พระรามที่ 5,3,06:30-09:00,1,0,0
สะพานแดง,พระรามที่ 5,3,07:00-09:00,1,0,0
สะพานแดง,พระรามที่ 5,3,09:00-16:00,2,0,0
สะพานแดง,พระรามที่ 5,3,16:00-19:00,1,0,0
สะพานแดง,พระรามที่ 5,3,16:00-19:30,1,0,0
สะพานแดง,พระรามที่ 5,4,07:00-09:00,0,0,1
สะพานแดง,พระรามที่ 5,4,09:00-16:00,0,0,1
สะพานแดง,พระรามที่ 5,4,16:00-19:00,0,0,1
สะพานแดง,เตชะวณิช,1,07:00-09:00,0,1,1
สะพานแดง,เตชะวณิช,1,09:00-16:00,0,1,0
สะพานแดง,เตชะวณิช,1,09:00-17:00,0,0,1
สะพานแดง,เตชะวณิช,1,16:00-19:00,0,1,0
สะพานแดง,เตชะวณิช,1,17:00-19:00,0,0,1
สะพานแดง,เตชะวณิช,3,06:30-09:00,1,0,0
สะพานแดง,เตชะวณิช,3,07:00-09:00,1,0,0
สะพานแดง,เตชะวณิช,3,09:00-16:00,2,0,0
สะพานแดง,เตชะวณิช,3,16:00-19:00,1,0,0
สะพานแดง,เตชะวณิช,3,16:00-19:30,1,0,0
สะพานแดง,เตชะวณิช,4,07:00-09:00,0,0,1
สะพานแดง,เตชะวณิช,4,09:00-16:00,0,0,1
สะพานแดง,เตชะวณิช,4,16:00-19:00,0,0,1
สะพานใหม่,พหลโยธิน,2,07:00-09:00,0,0,1
สะพานใหม่,พหลโยธิน,2,09:00-17:00,0,0,1
สะพานใหม่,พหลโยธิน,2,17:00-19:00,0,0,1
สะพานใหม่,เทพรักษ์,2,07:00-09:00,0,0,1
สะพานใหม่,เทพรักษ์,2,09:00-17:00,0,0,1
สะพานใหม่,เทพรักษ์,2,17:00-19:00,0,0,1
สะแกงาม,บางขุนเทียน,2,07:00-09:00,0,0,1
สะแกงาม,บางขุนเทียน,2,09:00-17:00,0,0,1
สะแกงาม,บางขุนเทียน,2,17:00-19:00,0,0,1
สะแกงาม,สะแกงาม,2,07:00-09:00,0,0,1
สะแกงาม,สะแกงาม,2,09:00-17:00,0,0,1
สะแกงาม,สะแกงาม,2,17:00-19:00,0,0,1
สะแกงาม 12,สะแกงาม,3,07:00-09:00,0,0,1
สะแกงาม 12,สะแกงาม,3,09:00-17:00,0,0,1
สะแกงาม 12,สะแกงาม,3,17:00-19:00,0,0,1
สะแกงาม 12,สะแกงาม 12,3,07:00-09:00,0,0,1
สะแกงาม 12,สะแกงาม 12,3,09:00-17:00,0,0,1
สะแกงาม 12,สะแกงาม 12,3,17:00-19:00,0,0,1
สะแกงาม 26,สะแกงาม,4,07:00-09:00,0,0,1
สะแกงาม 26,สะแกงาม,4,09:00-17:00,0,0,1
สะแกงาม 26,สะแกงาม,4,17:00-19:00,0,0,1
สะแกงาม 26,สะแกงาม 26,4,07:00-09:00,0,0,1
สะแกงาม 26,สะแกงาม 26,4,09:00-17:00,0,0,1
สะแกงาม 26,สะแกงาม 26,4,17:00-19:00,0,0,1
สะแกงาม 30,สะแกงาม,4,07:00-09:00,0,0,1
สะแกงาม 30,สะแกงาม,4,09:00-17:00,0,0,1
สะแกงาม 30,สะแกงาม,4,17:00-19:00,0,0,1
สะแกงาม 30,สะแกงาม 30,4,07:00-09:00,0,0,1
สะแกงาม 30,สะแกงาม 30,4,09:00-17:00,0,0,1
สะแกงาม 30,สะแกงาม 30,4,17:00-19:00,0,0,1
สะแกงาม 7,สะแกงาม,3,07:00-09:00,0,0,1
สะแกงาม 7,สะแกงาม,3,09:00-17:00,0,0,1
สะแกงาม 7,สะแกงาม,3,17:00-19:00,0,0,1
สะแกงาม 7,สะแกงาม 7,3,07:00-09:00,0,0,1
สะแกงาม 7,สะแกงาม 7,3,09:00-17:00,0,0,1
สะแกงาม 7,สะแกงาม 7,3,17:00-19:00,0,0,1
สังคมสงเคราะห์,ซ.สังคมสงเคราะห์เหนือ,4,07:00-09:00,1,0,0
สังคมสงเคราะห์,ซ.สังคมสงเคราะห์เหนือ,4,09:00-16:00,1,0,0
สังคมสงเคราะห์,ซ.สังคมสงเคราะห์เหนือ,4,16:00-19:00,1,0,0
สังคมสงเคราะห์,สังคมสงเคราะห์,4,07:00-09:00,1,0,0
สังคมสงเคราะห์,สังคมสงเคราะห์,4,09:00-16:00,1,0,0
สังคมสงเคราะห์,สังคมสงเคราะห์,4,16:00-19:00,1,0,0
สังฆสันติสุข,ทหารอากาศอุทิศ,2,07:00-09:00,1,0,0
สังฆสันติสุข,ทหารอากาศอุทิศ,2,09:00-16:00,1,0,0
สังฆสันติสุข,ทหารอากาศอุทิศ,2,16:00-19:00,1,0,0
สังฆสันติสุข,สังฆสันติสุข,2,07:00-09:00,1,0,0
สังฆสันติสุข,สังฆสันติสุข,2,09:00-16:00,1,0,0
สังฆสันติสุข,สังฆสันติสุข,2,16:00-19:00,1,0,0
สังฆสันติสุข - ทหารอากาศอุทิศ,ทหารอากาศอุทิศ,3,07:00-09:00,0,0,1
สังฆสันติสุข - ทหารอากาศอุทิศ,ทหารอากาศอุทิศ,3,09:00-17:00,0,0,1
สังฆสันติสุข - ทหารอากาศอุทิศ,ทหารอากาศอุทิศ,3,17:00-19:00,0,0,1
สังฆสันติสุข - ทหารอากาศอุทิศ,สังฆสันติสุข,3,07:00-09:00,0,0,1
สังฆสันติสุข - ทหารอากาศอุทิศ,สังฆสันติสุข,3,09:00-17:00,0,0,1
สังฆสันติสุข - ทหารอากาศอุทิศ,สังฆสันติสุข,3,17:00-19:00,0,0,1
สังฆสันติสุข - สังฆสันติสุข 3 - อยู่วิทยา,สังฆสันติสุข,3,07:00-09:00,0,0,1
สังฆสันติสุข - สังฆสันติสุข 3 - อยู่วิทยา,สังฆสันติสุข,3,09:00-16:00,0,0,1
สังฆสันติสุข - สังฆสันติสุข 3 - อยู่วิทยา,สังฆสันติสุข,3,16:00-19:00,0,0,1
สังฆสันติสุข - สังฆสันติสุข 3 - อยู่วิทยา,สังฆสันติสุข 3,3,07:00-09:00,0,0,1
สังฆสันติสุข - สังฆสันติสุข 3 - อยู่วิทยา,สังฆสันติสุข 3,3,09:00-16:00,0,0,1
สังฆสันติสุข - สังฆสันติสุข 3 - อยู่วิทยา,สังฆสันติสุข 3,3,16:00-19:00,0,0,1
สังฆสันติสุข - สังฆสันติสุข 3 - อยู่วิทยา,อยู่วิทยา,3,07:00-09:00,0,0,1
สังฆสันติสุข - สังฆสันติสุข 3 - อยู่วิทยา,อยู่วิทยา,3,09:00-16:00,0,0,1
สังฆสันติสุข - สังฆสันติสุข 3 - อยู่วิทยา,อยู่วิทยา,3,16:00-19:00,0,0,1
สังฆสันติสุข - สังฆสันติสุข 7,สังฆสันติสุข,3,07:00-09:00,0,0,1
สังฆสันติสุข - สังฆสันติสุข 7,สังฆสันติสุข,3,09:00-17:00,0,0,1
สังฆสันติสุข - สังฆสันติสุข 7,สังฆสันติสุข,3,17:00-19:00,0,0,1
สังฆสันติสุข - สังฆสันติสุข 7,สังฆสันติสุข 7,3,07:00-09:00,0,0,1
สังฆสันติสุข - สังฆสันติสุข 7,สังฆสันติสุข 7,3,09:00-17:00,0,0,1
สังฆสันติสุข - สังฆสันติสุข 7,สังฆสันติสุข 7,3,17:00-19:00,0,0,1
สาทร - คอนแวต์,คอนแวนต์,4,07:00-09:00,0,0,1
สาทร - คอนแวต์,คอนแวนต์,4,09:00-17:00,0,0,1
สาทร - คอนแวต์,คอนแวนต์,4,17:00-19:00,0,0,1
สาทร - คอนแวต์,สาทร,4,07:00-09:00,0,0,1
สาทร - คอนแวต์,สาทร,4,09:00-17:00,0,0,1
สาทร - คอนแวต์,สาทร,4,17:00-19:00,0,0,1
สาทร - คอนแวนต์,คอนแวนต์,2,07:00-09:00,0,0,1
สาทร - คอนแวนต์,คอนแวนต์,2,09:00-17:00,0,0,1
สาทร - คอนแวนต์,คอนแวนต์,2,17:00-19:00,0,0,1
สาทร - คอนแวนต์,คอนแวนต์,4,07:00-09:00,0,0,1
สาทร - คอนแวนต์,คอนแวนต์,4,09:00-17:00,0,0,1
สาทร - คอนแวนต์,คอนแวนต์,4,17:00-19:00,0,0,1
สาทร - คอนแวนต์,สาทร,2,07:00-09:00,0,0,1
สาทร - คอนแวนต์,สาทร,2,09:00-17:00,0,0,1
สาทร - คอนแวนต์,สาทร,2,17:00-19:00,0,0,1
สาทร - คอนแวนต์,สาทร,4,07:00-09:00,0,0,1
สาทร - คอนแวนต์,สาทร,4,09:00-17:00,0,0,1
สาทร - คอนแวนต์,สาทร,4,17:00-19:00,0,0,1
สาทร - นราธิวาส,นราธิวาสราชนครนิทร์,4,07:00-09:00,0,1,0
สาทร - นราธิวาส,นราธิวาสราชนครนิทร์,4,09:00-16:00,0,1,0
สาทร - นราธิวาส,นราธิวาสราชนครนิทร์,4,16:00-19:00,0,1,0
สาทร - นราธิวาส,นราธิวาสราชนครินทร์,1,07:00-09:00,0,0,1
สาทร - นราธิวาส,นราธิวาสราชนครินทร์,1,09:00-16:00,0,0,1
สาทร - นราธิวาส,นราธิวาสราชนครินทร์,1,16:00-19:00,0,0,1
สาทร - นราธิวาส,นราธิวาสราชนครินทร์,3,07:00-09:00,0,0,2
สาทร - นราธิวาส,นราธิวาสราชนครินทร์,3,09:00-17:00,0,0,2
สาทร - นราธิวาส,นราธิวาสราชนครินทร์,3,17:00-19:00,0,0,2
สาทร - นราธิวาส,นราธิวาสราชนครินทร์,4,07:00-09:00,1,0,0
สาทร - นราธิวาส,นราธิวาสราชนครินทร์,4,09:00-16:00,1,0,0
สาทร - นราธิวาส,นราธิวาสราชนครินทร์,4,16:00-19:00,1,0,0
สาทร - นราธิวาส,สาทร,1,07:00-09:00,0,0,1
สาทร - นราธิวาส,สาทร,1,09:00-16:00,0,0,1
สาทร - นราธิวาส,สาทร,1,16:00-19:00,0,0,1
สาทร - นราธิวาส,สาทร,3,07:00-09:00,0,0,2
สาทร - นราธิวาส,สาทร,3,09:00-17:00,0,0,2
สาทร - นราธิวาส,สาทร,3,17:00-19:00,0,0,2
สาทร - นราธิวาส,สาทร,4,07:00-09:00,1,1,0
สาทร - นราธิวาส,สาทร,4,09:00-16:00,1,1,0
สาทร - นราธิวาส,สาทร,4,16:00-19:00,1,1,0
สาทร - นราธิวาสฯ,นราธิวาสราชนครินทร์,3,07:00-09:00,0,0,1
สาทร - นราธิวาสฯ,นราธิวาสราชนครินทร์,3,09:00-17:00,0,0,1
สาทร - นราธิวาสฯ,นราธิวาสราชนครินทร์,3,17:00-19:00,0,0,1
สาทร - นราธิวาสฯ,สาทร,3,07:00-09:00,0,0,1
สาทร - นราธิวาสฯ,สาทร,3,09:00-17:00,0,0,1
สาทร - นราธิวาสฯ,สาทร,3,17:00-19:00,0,0,1
สาทร - ประมวญ,ประมวญ,1,07:00-09:00,0,0,1
สาทร - ประมวญ,ประมวญ,1,09:00-17:00,0,0,1
สาทร - ประมวญ,ประมวญ,1,17:00-19:00,0,0,1
สาทร - ประมวญ,สาทร,1,07:00-09:00,0,0,1
สาทร - ประมวญ,สาทร,1,09:00-17:00,0,0,1
สาทร - ประมวญ,สาทร,1,17:00-19:00,0,0,1
สาทร - ประมวล,ประมวล,4,07:00-09:00,1,0,0
สาทร - ประมวล,ประมวล,4,09:00-16:00,1,0,0
สาทร - ประมวล,ประมวล,4,16:00-19:00,1,0,0
สาทร - ประมวล,สาทร,4,07:00-09:00,1,0,0
สาทร - ประมวล,สาทร,4,09:00-16:00,1,0,0
สาทร - ประมวล,สาทร,4,16:00-19:00,1,0,0
สาทร - ปั้น,ปั้น,1,07:00-09:00,0,0,1
สาทร - ปั้น,ปั้น,1,09:00-17:00,0,0,1
สาทร - ปั้น,ปั้น,1,17:00-19:00,0,0,1
สาทร - ปั้น,สาทร,1,07:00-09:00,0,0,1
สาทร - ปั้น,สาทร,1,09:00-17:00,0,0,1
สาทร - ปั้น,สาทร,1,17:00-19:00,0,0,1
สาทร - สุรศักดิ์,สาทร,2,07:00-09:00,0,0,1
สาทร - สุรศักดิ์,สาทร,2,09:00-16:00,0,0,1
สาทร - สุรศักดิ์,สาทร,2,16:00-19:00,0,0,1
สาทร - สุรศักดิ์,สาทร,3,06:30-09:00,0,1,0
สาทร - สุรศักดิ์,สาทร,3,07:00-09:00,0,0,1
สาทร - สุรศักดิ์,สาทร,3,09:00-16:00,0,1,0
สาทร - สุรศักดิ์,สาทร,3,09:00-17:00,0,0,1
สาทร - สุรศักดิ์,สาทร,3,16:00-19:30,0,1,0
สาทร - สุรศักดิ์,สาทร,3,17:00-19:00,0,0,1
สาทร - สุรศักดิ์,สุรศักดิ์,2,07:00-09:00,0,0,1
สาทร - สุรศักดิ์,สุรศักดิ์,2,09:00-16:00,0,0,1
สาทร - สุรศักดิ์,สุรศักดิ์,2,16:00-19:00,0,0,1
สาทร - สุรศักดิ์,สุรศักดิ์,3,06:30-09:00,0,1,0
สาทร - สุรศักดิ์,สุรศักดิ์,3,07:00-09:00,0,0,1
สาทร - สุรศักดิ์,สุรศักดิ์,3,09:00-16:00,0,1,0
สาทร - สุรศักดิ์,สุรศักดิ์,3,09:00-17:00,0,0,1
สาทร - สุรศักดิ์,สุรศักดิ์,3,16:00-19:30,0,1,0
สาทร - สุรศักดิ์,สุรศักดิ์,3,17:00-19:00,0,0,1
สาทร - สุรศักดิ์,เจริญราษฎร์,2,07:00-09:00,0,0,1
สาทร - สุรศักดิ์,เจริญราษฎร์,2,09:00-16:00,0,0,1
สาทร - สุรศักดิ์,เจริญราษฎร์,2,16:00-19:00,0,0,1
สาทร - สุรศักดิ์,เจริญราษฎร์,3,07:00-09:00,0,1,1
สาทร - สุรศักดิ์,เจริญราษฎร์,3,09:00-16:00,0,1,0
สาทร - สุรศักดิ์,เจริญราษฎร์,3,09:00-17:00,0,0,1
สาทร - สุรศักดิ์,เจริญราษฎร์,3,16:00-19:00,0,1,0
สาทร - สุรศักดิ์,เจริญราษฎร์,3,17:00-19:00,0,0,1
สาทร - เจริญกรุง,ทางเข้าเจ้าพระยาทาวเวอร์,2,07:00-09:00,0,1,1
สาทร - เจริญกรุง,ทางเข้าเจ้าพระยาทาวเวอร์,2,09:00-16:00,0,1,1
สาทร - เจริญกรุง,ทางเข้าเจ้าพระยาทาวเวอร์,2,16:00-19:00,0,1,1
สาทร - เจริญกรุง,สาทร,2,07:00-09:00,0,1,1
สาทร - เจริญกรุง,สาทร,2,09:00-16:00,0,1,1
สาทร - เจริญกรุง,สาทร,2,16:00-19:00,0,1,1
สาทร - เจริญกรุง,สาทร,3,07:00-09:00,1,0,1
สาทร - เจริญกรุง,สาทร,3,09:00-16:00,1,0,0
สาทร - เจริญกรุง,สาทร,3,09:00-17:00,0,0,1
สาทร - เจริญกรุง,สาทร,3,16:00-19:00,1,0,0
สาทร - เจริญกรุง,สาทร,3,17:00-19:00,0,0,1
สาทร - เจริญกรุง,เจริญกรุง,2,07:00-09:00,0,1,1
สาทร - เจริญกรุง,เจริญกรุง,2,09:00-16:00,0,1,1
สาทร - เจริญกรุง,เจริญกรุง,2,16:00-19:00,0,1,1
สาทร - เจริญกรุง,เจริญกรุง,3,07:00-09:00,1,0,1
สาทร - เจริญกรุง,เจริญกรุง,3,09:00-16:00,1,0,0
สาทร - เจริญกรุง,เจริญกรุง,3,09:00-17:00,0,0,1
สาทร - เจริญกรุง,เจริญกรุง,3,16:00-19:00,1,0,0
สาทร - เจริญกรุง,เจริญกรุง,3,17:00-19:00,0,0,1
สาทร - เจริญกรุง,เจริญกรุง 50/1,3,07:00-09:00,0,0,1
สาทร - เจริญกรุง,เจริญกรุง 50/1,3,09:00-17:00,0,0,1
สาทร - เจริญกรุง,เจริญกรุง 50/1,3,17:00-19:00,0,0,1
สาทร -สุรศักดิ์,สาทร,4,07:00-09:00,1,0,0
สาทร -สุรศักดิ์,สาทร,4,09:00-16:00,1,0,0
สาทร -สุรศักดิ์,สาทร,4,16:00-19:00,1,0,0
สาทร -สุรศักดิ์,สุรศักดิ์,4,07:00-09:00,1,0,0
สาทร -สุรศักดิ์,สุรศักดิ์,4,09:00-16:00,1,0,0
สาทร -สุรศักดิ์,สุรศักดิ์,4,16:00-19:00,1,0,0
สาทร -สุรศักดิ์,เจริญราษฎร์,4,07:00-09:00,1,0,0
สาทร -สุรศักดิ์,เจริญราษฎร์,4,09:00-16:00,1,0,0
สาทร -สุรศักดิ์,เจริญราษฎร์,4,16:00-19:00,1,0,0
สาทร 11 - นราธิวาส 10 แยก 22 -3,นราธิวาสฯ 10 แยก 22-3,3,07:00-09:00,0,0,1
สาทร 11 - นราธิวาส 10 แยก 22 -3,นราธิวาสฯ 10 แยก 22-3,3,09:00-16:00,0,0,1
สาทร 11 - นราธิวาส 10 แยก 22 -3,นราธิวาสฯ 10 แยก 22-3,3,16:00-19:00,0,0,1
สาทร 11 - นราธิวาส 10 แยก 22 -3,สาทร 11 (SB),3,07:00-09:00,0,0,1
สาทร 11 - นราธิวาส 10 แยก 22 -3,สาทร 11 (SB),3,09:00-16:00,0,0,1
สาทร 11 - นราธิวาส 10 แยก 22 -3,สาทร 11 (SB),3,16:00-19:00,0,0,1
สาทรคอนแวนต์,คอนแวนต์,1,07:00-09:00,0,0,1
สาทรคอนแวนต์,คอนแวนต์,1,09:00-16:00,0,0,1
สาทรคอนแวนต์,คอนแวนต์,1,16:00-19:00,0,0,1
สาทรคอนแวนต์,ซอยคอนแวนต์,4,07:00-09:00,1,0,0
สาทรคอนแวนต์,ซอยคอนแวนต์,4,09:00-16:00,1,0,0
สาทรคอนแวนต์,ซอยคอนแวนต์,4,16:00-19:00,1,0,0
สาทรคอนแวนต์,สาทร,1,07:00-09:00,0,0,1
สาทรคอนแวนต์,สาทร,1,09:00-16:00,0,0,1
สาทรคอนแวนต์,สาทร,1,16:00-19:00,0,0,1
สาทรคอนแวนต์,สาทร,4,07:00-09:00,1,0,0
สาทรคอนแวนต์,สาทร,4,09:00-16:00,1,0,0
สาทรคอนแวนต์,สาทร,4,16:00-19:00,1,0,0
สาธุ - จันทน์,จันทน์,1,07:00-09:00,0,0,1
สาธุ - จันทน์,จันทน์,1,09:00-17:00,0,0,1
สาธุ - จันทน์,จันทน์,1,17:00-19:00,0,0,1
สาธุ - จันทน์,จันทน์,2,07:00-09:00,0,1,0
สาธุ - จันทน์,จันทน์,2,09:00-16:00,0,1,0
สาธุ - จันทน์,จันทน์,2,16:00-19:00,0,1,0
สาธุ - จันทน์,จันทน์,3,07:00-09:00,2,0,0
สาธุ - จันทน์,จันทน์,3,09:00-16:00,2,0,0
สาธุ - จันทน์,จันทน์,3,16:00-19:00,2,0,0
สาธุ - จันทน์,จันทน์,4,07:00-09:00,0,0,1
สาธุ - จันทน์,จันทน์,4,17:00-19:00,0,0,1
สาธุ - จันทน์,สาธุประดิษฐ์,1,07:00-09:00,0,0,1
สาธุ - จันทน์,สาธุประดิษฐ์,1,09:00-17:00,0,0,1
สาธุ - จันทน์,สาธุประดิษฐ์,1,17:00-19:00,0,0,1
สาธุ - จันทน์,สาธุประดิษฐ์,2,07:00-09:00,0,1,0
สาธุ - จันทน์,สาธุประดิษฐ์,2,09:00-16:00,0,1,0
สาธุ - จันทน์,สาธุประดิษฐ์,2,16:00-19:00,0,1,0
สาธุ - จันทน์,สาธุประดิษฐ์,3,07:00-09:00,2,0,0
สาธุ - จันทน์,สาธุประดิษฐ์,3,09:00-16:00,2,0,0
สาธุ - จันทน์,สาธุประดิษฐ์,3,16:00-19:00,2,0,0
สาธุ - จันทน์,สาธุประดิษฐ์,4,07:00-09:00,0,0,1
สาธุ - จันทน์,สาธุประดิษฐ์,4,09:00-17:00,0,0,1
สาธุ - จันทน์,สาธุประดิษฐ์,4,17:00-19:00,0,0,1
สาธุประดิษฐ์,พระรามที่ 3,1,07:00-09:00,1,0,0
สาธุประดิษฐ์,พระรามที่ 3,1,09:00-16:00,1,0,0
สาธุประดิษฐ์,พระรามที่ 3,1,16:00-19:00,1,0,0
สาธุประดิษฐ์,พระรามที่ 3,2,07:00-09:00,1,0,2
สาธุประดิษฐ์,พระรามที่ 3,2,09:00-16:00,1,0,1
สาธุประดิษฐ์,พระรามที่ 3,2,09:00-17:00,0,0,1
สาธุประดิษฐ์,พระรามที่ 3,2,16:00-19:00,1,0,1
สาธุประดิษฐ์,พระรามที่ 3,2,17:00-19:00,0,0,1
สาธุประดิษฐ์,พระรามที่3,2,07:00-09:00,0,1,0
สาธุประดิษฐ์,พระรามที่3,2,09:00-16:00,0,1,0
สาธุประดิษฐ์,พระรามที่3,2,16:00-19:00,0,1,0
สาธุประดิษฐ์,สาธุประดิษฐ์,1,07:00-09:00,1,0,0
สาธุประดิษฐ์,สาธุประดิษฐ์,1,09:00-16:00,1,0,0
สาธุประดิษฐ์,สาธุประดิษฐ์,1,16:00-19:00,1,0,0
สาธุประดิษฐ์,สาธุประดิษฐ์,2,06:30-09:00,0,1,0
สาธุประดิษฐ์,สาธุประดิษฐ์,2,07:00-09:00,1,0,2
สาธุประดิษฐ์,สาธุประดิษฐ์,2,09:00-16:00,1,1,1
สาธุประดิษฐ์,สาธุประดิษฐ์,2,09:00-17:00,0,0,1
สาธุประดิษฐ์,สาธุประดิษฐ์,2,16:00-19:00,1,0,1
สาธุประดิษฐ์,สาธุประดิษฐ์,2,16:00-19:30,0,1,0
สาธุประดิษฐ์,สาธุประดิษฐ์,2,17:00-19:00,0,0,1
สาธุประดิษฐ์ 19,สาธุประดิษฐ์,3,07:00-09:00,0,0,1
สาธุประดิษฐ์ 19,สาธุประดิษฐ์,3,09:00-17:00,0,0,1
สาธุประดิษฐ์ 19,สาธุประดิษฐ์,3,17:00-19:00,0,0,1
สาธุประดิษฐ์ 19,สาธุประดิษฐ์ 19,3,07:00-09:00,0,0,1
สาธุประดิษฐ์ 19,สาธุประดิษฐ์ 19,3,09:00-17:00,0,0,1
สาธุประดิษฐ์ 19,สาธุประดิษฐ์ 19,3,17:00-19:00,0,0,1
สาธุประดิษฐ์- ยานนาวา,ยานนาวาว,3,07:00-09:00,1,0,0
สาธุประดิษฐ์- ยานนาวา,ยานนาวาว,3,09:00-16:00,1,0,0
สาธุประดิษฐ์- ยานนาวา,ยานนาวาว,3,16:00-19:00,1,0,0
สาธุประดิษฐ์- ยานนาวา,สาธุประดิษฐ์,3,07:00-09:00,1,0,0
สาธุประดิษฐ์- ยานนาวา,สาธุประดิษฐ์,3,09:00-16:00,1,0,0
สาธุประดิษฐ์- ยานนาวา,สาธุประดิษฐ์,3,16:00-19:00,1,0,0
สามยอด,มหาไชย,1,07:00-09:00,1,0,1
สามยอด,มหาไชย,1,09:00-16:00,1,0,0
สามยอด,มหาไชย,1,09:00-17:00,0,0,1
สามยอด,มหาไชย,1,16:00-19:00,1,0,0
สามยอด,มหาไชย,1,17:00-19:00,0,0,1
สามยอด,มหาไชย,2,07:00-09:00,0,1,0
สามยอด,มหาไชย,2,09:00-16:00,0,1,0
สามยอด,มหาไชย,2,16:00-19:00,0,1,0
สามยอด,มหาไชย,4,07:00-09:00,0,1,1
สามยอด,มหาไชย,4,09:00-16:00,0,1,1
สามยอด,มหาไชย,4,16:00-19:00,0,1,1
สามยอด,เจริญกรุง,1,07:00-09:00,1,0,1
สามยอด,เจริญกรุง,1,09:00-16:00,1,0,0
สามยอด,เจริญกรุง,1,09:00-17:00,0,0,1
สามยอด,เจริญกรุง,1,16:00-19:00,1,0,0
สามยอด,เจริญกรุง,1,17:00-19:00,0,0,1
สามยอด,เจริญกรุง,2,07:00-09:00,0,1,0
สามยอด,เจริญกรุง,2,09:00-16:00,0,1,0
สามยอด,เจริญกรุง,2,16:00-19:00,0,1,0
สามยอด,เจริญกรุง,4,07:00-09:00,0,1,1
สามยอด,เจริญกรุง,4,09:00-16:00,0,1,1
สามยอด,เจริญกรุง,4,16:00-19:00,0,1,1
สามย่าน,พญาไท,2,07:00-09:00,0,0,2
สามย่าน,พญาไท,2,09:00-16:00,0,0,1
สามย่าน,พญาไท,2,09:00-17:00,0,0,1
สามย่าน,พญาไท,2,16:00-19:00,0,0,1
สามย่าน,พญาไท,2,17:00-19:00,0,0,1
สามย่าน,พญาไท,4,07:00-09:00,0,1,0
สามย่าน,พญาไท,4,09:00-16:00,0,1,0
สามย่าน,พญาไท,4,16:00-19:00,0,1,0
สามย่าน,พระรามที่ 4,2,07:00-09:00,0,0,2
สามย่าน,พระรามที่ 4,2,09:00-16:00,0,0,1
สามย่าน,พระรามที่ 4,2,09:00-17:00,0,0,1
สามย่าน,พระรามที่ 4,2,16:00-19:00,0,0,1
สามย่าน,พระรามที่ 4,2,17:00-19:00,0,0,1
สามย่าน,พระรามที่4,4,07:00-09:00,0,1,0
สามย่าน,พระรามที่4,4,09:00-16:00,0,1,0
สามย่าน,พระรามที่4,4,16:00-19:00,0,1,0
สามย่าน,สี่พระยา,2,07:00-09:00,0,0,2
สามย่าน,สี่พระยา,2,09:00-16:00,0,0,1
สามย่าน,สี่พระยา,2,09:00-17:00,0,0,1
สามย่าน,สี่พระยา,2,16:00-19:00,0,0,1
สามย่าน,สี่พระยา,2,17:00-19:00,0,0,1
สามย่าน,สี่พระยา,4,07:00-09:00,0,1,0
สามย่าน,สี่พระยา,4,09:00-16:00,0,1,0
สามย่าน,สี่พระยา,4,16:00-19:00,0,1,0
สามัคคี,การไฟฟ้าภูมิภาค,1,07:00-09:00,1,0,0
สามัคคี,การไฟฟ้าภูมิภาค,1,09:00-16:00,1,0,0
สามัคคี,การไฟฟ้าภูมิภาค,1,16:00-19:00,1,0,0
สามัคคี,ประชาชื่น,1,07:00-09:00,1,0,0
สามัคคี,ประชาชื่น,1,09:00-16:00,1,0,0
สามัคคี,ประชาชื่น,1,16:00-19:00,1,0,0
สามัคคี,สามัคคี,1,07:00-09:00,1,0,0
สามัคคี,สามัคคี,1,09:00-16:00,1,0,0
สามัคคี,สามัคคี,1,16:00-19:00,1,0,0
สามเสน,นครไชยศรี,1,07:00-09:00,1,0,0
สามเสน,นครไชยศรี,1,09:00-16:00,1,0,0
สามเสน,นครไชยศรี,1,16:00-19:00,1,0,0
สามเสน,นครไชยศรี,3,07:00-09:00,0,1,0
สามเสน,นครไชยศรี,3,09:00-16:00,0,1,0
สามเสน,นครไชยศรี,3,16:00-19:00,0,1,0
สามเสน,นครไชยศรี,4,07:00-09:00,1,1,1
สามเสน,นครไชยศรี,4,09:00-16:00,1,1,0
สามเสน,นครไชยศรี,4,09:00-17:00,0,0,1
สามเสน,นครไชยศรี,4,16:00-19:00,1,1,0
สามเสน,นครไชยศรี,4,17:00-19:00,0,0,1
สามเสน,สวรรคโลก,1,07:00-09:00,1,0,0
สามเสน,สวรรคโลก,1,09:00-16:00,1,0,0
สามเสน,สวรรคโลก,1,16:00-19:00,1,0,0
สามเสน,สวรรคโลก,3,07:00-09:00,0,1,0
สามเสน,สวรรคโลก,3,09:00-16:00,0,1,0
สามเสน,สวรรคโลก,3,16:00-19:00,0,1,0
สามเสน,สวรรคโลก,4,07:00-09:00,1,1,1
สามเสน,สวรรคโลก,4,09:00-16:00,1,1,0
สามเสน,สวรรคโลก,4,09:00-17:00,0,0,1
สามเสน,สวรรคโลก,4,16:00-19:00,1,1,0
สามเสน,สวรรคโลก,4,17:00-19:00,0,0,1
สามเสน,เทอดดำริ,1,07:00-09:00,1,0,0
สามเสน,เทอดดำริ,1,09:00-16:00,1,0,0
สามเสน,เทอดดำริ,1,16:00-19:00,1,0,0
สามเสน,เทอดดำริ,3,07:00-09:00,0,1,0
สามเสน,เทอดดำริ,3,09:00-16:00,0,1,0
สามเสน,เทอดดำริ,3,16:00-19:00,0,1,0
สามเสน,เทอดดำริ,4,07:00-09:00,1,1,1
สามเสน,เทอดดำริ,4,09:00-16:00,1,1,0
สามเสน,เทอดดำริ,4,09:00-17:00,0,0,1
สามเสน,เทอดดำริ,4,16:00-19:00,1,1,0
สามเสน,เทอดดำริ,4,17:00-19:00,0,0,1
สามเหลียมดินแดง,ซอยอรรถวิมล,3,07:00-09:00,1,0,0
สามเหลียมดินแดง,ซอยอรรถวิมล,3,09:00-16:00,1,0,0
สามเหลียมดินแดง,ซอยอรรถวิมล,3,16:00-19:00,1,0,0
สามเหลียมดินแดง,ดินแดง,3,07:00-09:00,1,0,0
สามเหลียมดินแดง,ดินแดง,3,09:00-16:00,1,0,0
สามเหลียมดินแดง,ดินแดง,3,16:00-19:00,1,0,0
สามเหลียมดินแดง,ราชปรารภ,3,07:00-09:00,1,0,0
สามเหลียมดินแดง,ราชปรารภ,3,09:00-16:00,1,0,0
สามเหลียมดินแดง,ราชปรารภ,3,16:00-19:00,1,0,0
สามเหลียมดินแดง,ราชวิถี,3,07:00-09:00,1,0,0
สามเหลียมดินแดง,ราชวิถี,3,09:00-16:00,1,0,0
สามเหลียมดินแดง,ราชวิถี,3,16:00-19:00,1,0,0
สามเหลี่ยมดินแดง,ซ.อรรถวิมล,2,07:00-09:00,1,0,0
สามเหลี่ยมดินแดง,ซ.อรรถวิมล,2,09:00-16:00,1,0,0
สามเหลี่ยมดินแดง,ซ.อรรถวิมล,2,16:00-19:00,1,0,0
สามเหลี่ยมดินแดง,ซอยราชวิถี 2,2,07:00-09:00,0,0,1
สามเหลี่ยมดินแดง,ซอยราชวิถี 2,2,09:00-17:00,0,0,1
สามเหลี่ยมดินแดง,ซอยราชวิถี 2,2,17:00-19:00,0,0,1
สามเหลี่ยมดินแดง,ดินแดง,1,07:00-09:00,0,0,1
สามเหลี่ยมดินแดง,ดินแดง,1,09:00-17:00,0,0,1
สามเหลี่ยมดินแดง,ดินแดง,1,17:00-19:00,0,0,1
สามเหลี่ยมดินแดง,ดินแดง,2,07:00-09:00,1,0,1
สามเหลี่ยมดินแดง,ดินแดง,2,09:00-16:00,1,0,1
สามเหลี่ยมดินแดง,ดินแดง,2,16:00-19:00,1,0,1
สามเหลี่ยมดินแดง,ดินแดง,4,07:00-09:00,0,1,0
สามเหลี่ยมดินแดง,ดินแดง,4,09:00-16:00,0,1,0
สามเหลี่ยมดินแดง,ดินแดง,4,16:00-19:00,0,1,0
สามเหลี่ยมดินแดง,ถนนดินแดง,2,07:00-09:00,0,0,1
สามเหลี่ยมดินแดง,ถนนดินแดง,2,09:00-17:00,0,0,1
สามเหลี่ยมดินแดง,ถนนดินแดง,2,17:00-19:00,0,0,1
สามเหลี่ยมดินแดง,ถนนราชปรารภ,2,07:00-09:00,0,0,1
สามเหลี่ยมดินแดง,ถนนราชปรารภ,2,09:00-17:00,0,0,1
สามเหลี่ยมดินแดง,ถนนราชปรารภ,2,17:00-19:00,0,0,1
สามเหลี่ยมดินแดง,ถนนราชวิถี,2,07:00-09:00,0,0,1
สามเหลี่ยมดินแดง,ถนนราชวิถี,2,09:00-17:00,0,0,1
สามเหลี่ยมดินแดง,ถนนราชวิถี,2,17:00-19:00,0,0,1
สามเหลี่ยมดินแดง,ราชปรารภ,1,07:00-09:00,0,0,1
สามเหลี่ยมดินแดง,ราชปรารภ,1,09:00-17:00,0,0,1
สามเหลี่ยมดินแดง,ราชปรารภ,1,17:00-19:00,0,0,1
สามเหลี่ยมดินแดง,ราชปรารภ,2,07:00-09:00,1,0,1
สามเหลี่ยมดินแดง,ราชปรารภ,2,09:00-16:00,1,0,1
สามเหลี่ยมดินแดง,ราชปรารภ,2,16:00-19:00,1,0,1
สามเหลี่ยมดินแดง,ราชปรารภ,4,07:00-09:00,0,1,0
สามเหลี่ยมดินแดง,ราชปรารภ,4,09:00-16:00,0,1,0
สามเหลี่ยมดินแดง,ราชปรารภ,4,16:00-19:00,0,1,0
สามเหลี่ยมดินแดง,ราชวิถี,1,07:00-09:00,0,0,1
สามเหลี่ยมดินแดง,ราชวิถี,1,09:00-17:00,0,0,1
สามเหลี่ยมดินแดง,ราชวิถี,1,17:00-19:00,0,0,1
สามเหลี่ยมดินแดง,ราชวิถี,2,07:00-09:00,1,0,1
สามเหลี่ยมดินแดง,ราชวิถี,2,09:00-16:00,1,0,1
สามเหลี่ยมดินแดง,ราชวิถี,2,16:00-19:00,1,0,1
สามเหลี่ยมดินแดง,ราชวิถี,4,07:00-09:00,0,1,0
สามเหลี่ยมดินแดง,ราชวิถี,4,09:00-16:00,0,1,0
สามเหลี่ยมดินแดง,ราชวิถี,4,16:00-19:00,0,1,0
สามเหลี่ยมดินแดง,ราชวิถี 2,1,07:00-09:00,0,0,1
สามเหลี่ยมดินแดง,ราชวิถี 2,1,09:00-17:00,0,0,1
สามเหลี่ยมดินแดง,ราชวิถี 2,1,17:00-19:00,0,0,1
สามเหลี่ยมดินแดง,อรรถวิมล,2,07:00-09:00,0,0,1
สามเหลี่ยมดินแดง,อรรถวิมล,2,09:00-16:00,0,0,1
สามเหลี่ยมดินแดง,อรรถวิมล,2,16:00-19:00,0,0,1
สามเหลี่ยมดินแดง,อรรถวิมล,4,07:00-09:00,0,1,0
สามเหลี่ยมดินแดง,อรรถวิมล,4,09:00-16:00,0,1,0
สามเหลี่ยมดินแดง,อรรถวิมล,4,16:00-19:00,0,1,0
สามแยกบางกะปิ,ลาดพร้าว,3,07:00-09:00,1,0,2
สามแยกบางกะปิ,ลาดพร้าว,3,09:00-16:00,1,0,0
สามแยกบางกะปิ,ลาดพร้าว,3,09:00-17:00,0,0,2
สามแยกบางกะปิ,ลาดพร้าว,3,16:00-19:00,1,0,0
สามแยกบางกะปิ,ลาดพร้าว,3,17:00-19:00,0,0,2
สามแยกบางกะปิ,ลาดพร้าว,4,07:00-09:00,0,1,1
สามแยกบางกะปิ,ลาดพร้าว,4,09:00-16:00,0,1,0
สามแยกบางกะปิ,ลาดพร้าว,4,09:00-17:00,0,0,1
สามแยกบางกะปิ,ลาดพร้าว,4,16:00-19:00,0,1,0
สามแยกบางกะปิ,ลาดพร้าว,4,17:00-19:00,0,0,1
สามแยกบางกะปิ,ศรีนครินทร์,3,07:00-09:00,1,0,2
สามแยกบางกะปิ,ศรีนครินทร์,3,09:00-16:00,1,0,0
สามแยกบางกะปิ,ศรีนครินทร์,3,09:00-17:00,0,0,2
สามแยกบางกะปิ,ศรีนครินทร์,3,16:00-19:00,1,0,0
สามแยกบางกะปิ,ศรีนครินทร์,3,17:00-19:00,0,0,2
สามแยกบางกะปิ,ศรีนครินทร์,4,07:00-09:00,0,1,1
สามแยกบางกะปิ,ศรีนครินทร์,4,09:00-16:00,0,1,0
สามแยกบางกะปิ,ศรีนครินทร์,4,09:00-17:00,0,0,1
สามแยกบางกะปิ,ศรีนครินทร์,4,16:00-19:00,0,1,0
สามแยกบางกะปิ,ศรีนครินทร์,4,17:00-19:00,0,0,1
สามแยกพิชัย,นครไชยศรี,1,07:00-09:00,0,0,1
สามแยกพิชัย,นครไชยศรี,1,09:00-16:00,0,0,1
สามแยกพิชัย,นครไชยศรี,1,16:00-19:00,0,0,1
สามแยกพิชัย,พิชัย,1,07:00-09:00,0,0,1
สามแยกพิชัย,พิชัย,1,09:00-16:00,0,0,1
สามแยกพิชัย,พิชัย,1,16:00-19:00,0,0,1
สามแยกพิชัย,พิชัย,3,07:00-09:00,0,1,0
สามแยกพิชัย,พิชัย,3,09:00-16:00,0,1,0
สามแยกพิชัย,พิชัย,3,16:00-19:00,0,1,0
สามแยกพิชัย,พิชัย,4,07:00-09:00,0,0,1
สามแยกพิชัย,พิชัย,4,09:00-16:00,0,0,1
สามแยกพิชัย,พิชัย,4,16:00-19:00,0,0,1
สามแยกพิชัย,อำนวยสงคราม,3,07:00-09:00,0,1,0
สามแยกพิชัย,อำนวยสงคราม,3,09:00-16:00,0,1,0
สามแยกพิชัย,อำนวยสงคราม,3,16:00-19:00,0,1,0
สามแยกพิชัย,อำนวยสงคราม,4,07:00-09:00,0,0,1
สามแยกพิชัย,อำนวยสงคราม,4,09:00-16:00,0,0,1
สามแยกพิชัย,อำนวยสงคราม,4,16:00-19:00,0,0,1
สามแยกในซอยสุขุมวิท 101/1,ซอยวัดทุ่ง,1,07:00-09:00,1,0,0
สามแยกในซอยสุขุมวิท 101/1,ซอยวัดทุ่ง,1,09:00-16:00,1,0,0
สามแยกในซอยสุขุมวิท 101/1,ซอยวัดทุ่ง,1,16:00-19:00,1,0,0
สามแยกในซอยสุขุมวิท 101/1,ซอยอุดมสุข 51,1,07:00-09:00,1,0,0
สามแยกในซอยสุขุมวิท 101/1,ซอยอุดมสุข 51,1,09:00-16:00,1,0,0
สามแยกในซอยสุขุมวิท 101/1,ซอยอุดมสุข 51,1,16:00-19:00,1,0,0
สามแยกในซอยสุขุมวิท 101/1,วชิรธรรมสาธิต,1,07:00-09:00,1,0,0
สามแยกในซอยสุขุมวิท 101/1,วชิรธรรมสาธิต,1,09:00-16:00,1,0,0
สามแยกในซอยสุขุมวิท 101/1,วชิรธรรมสาธิต,1,16:00-19:00,1,0,0
สายน้ำผึ้ง,ซอยสุขุมวิท 22,2,07:00-09:00,0,0,1
สายน้ำผึ้ง,ซอยสุขุมวิท 22,2,09:00-17:00,0,0,1
สายน้ำผึ้ง,ซอยสุขุมวิท 22,2,17:00-19:00,0,0,1
สายน้ำผึ้ง,สุขุมวิท,1,07:00-09:00,0,0,1
สายน้ำผึ้ง,สุขุมวิท,1,09:00-17:00,0,0,1
สายน้ำผึ้ง,สุขุมวิท,1,17:00-19:00,0,0,1
สายน้ำผึ้ง,สุขุมวิท,2,07:00-09:00,1,0,2
สายน้ำผึ้ง,สุขุมวิท,2,09:00-16:00,1,0,0
สายน้ำผึ้ง,สุขุมวิท,2,09:00-17:00,0,0,2
สายน้ำผึ้ง,สุขุมวิท,2,16:00-19:00,1,0,0
สายน้ำผึ้ง,สุขุมวิท,2,17:00-19:00,0,0,2
สายน้ำผึ้ง,สุขุมวิท,4,07:00-09:00,0,0,1
สายน้ำผึ้ง,สุขุมวิท,4,09:00-16:00,0,0,1
สายน้ำผึ้ง,สุขุมวิท,4,16:00-19:00,0,0,1
สายน้ำผึ้ง,สุขุมวิท 22,2,07:00-09:00,0,0,1
สายน้ำผึ้ง,สุขุมวิท 22,2,09:00-17:00,0,0,1
สายน้ำผึ้ง,สุขุมวิท 22,2,17:00-19:00,0,0,1
สายน้ำผึ้ง,สุขุมวิท 22,4,07:00-09:00,0,0,1
สายน้ำผึ้ง,สุขุมวิท 22,4,09:00-16:00,0,0,1
สายน้ำผึ้ง,สุขุมวิท 22,4,16:00-19:00,0,0,1
สายน้ำผึ้ง,สุขุมวิท22,1,07:00-09:00,0,0,1
สายน้ำผึ้ง,สุขุมวิท22,1,09:00-17:00,0,0,1
สายน้ำผึ้ง,สุขุมวิท22,1,17:00-19:00,0,0,1
สายน้ำผึ้ง,สูขุมวิท 22,2,07:00-09:00,1,0,0
สายน้ำผึ้ง,สูขุมวิท 22,2,09:00-16:00,1,0,0
สายน้ำผึ้ง,สูขุมวิท 22,2,16:00-19:00,1,0,0
สายไหม 39,สายไหม,4,07:00-09:00,0,0,1
สายไหม 39,สายไหม,4,09:00-17:00,0,0,1
สายไหม 39,สายไหม,4,17:00-19:00,0,0,1
สายไหม 39,สายไหม 39,4,07:00-09:00,0,0,1
สายไหม 39,สายไหม 39,4,09:00-17:00,0,0,1
สายไหม 39,สายไหม 39,4,17:00-19:00,0,0,1
สารสิน,ซอยร่วมฤดี,2,07:00-09:00,0,1,0
สารสิน,ซอยร่วมฤดี,2,09:00-16:00,0,1,0
สารสิน,ซอยร่วมฤดี,2,16:00-19:00,0,1,0
สารสิน,ร่วมฤดี,3,07:00-09:00,0,0,2
สารสิน,ร่วมฤดี,3,09:00-17:00,0,0,2
สารสิน,ร่วมฤดี,3,17:00-19:00,0,0,2
สารสิน,วิทยุ,2,07:00-09:00,0,1,0
สารสิน,วิทยุ,2,09:00-16:00,0,1,0
สารสิน,วิทยุ,2,16:00-19:00,0,1,0
สารสิน,วิทยุ,3,07:00-09:00,0,0,2
สารสิน,วิทยุ,3,09:00-17:00,0,0,2
สารสิน,วิทยุ,3,17:00-19:00,0,0,2
สารสิน,สารสิน,2,07:00-09:00,0,1,0
สารสิน,สารสิน,2,09:00-16:00,0,1,0
สารสิน,สารสิน,2,16:00-19:00,0,1,0
สารสิน,สารสิน,3,07:00-09:00,0,0,2
สารสิน,สารสิน,3,09:00-17:00,0,0,2
สารสิน,สารสิน,3,17:00-19:00,0,0,2
สารสิน -วิทยุ,ซอยร่วมฤดี,2,07:00-09:00,1,0,0
สารสิน -วิทยุ,ซอยร่วมฤดี,2,09:00-16:00,1,0,0
สารสิน -วิทยุ,ซอยร่วมฤดี,2,16:00-19:00,1,0,0
สารสิน -วิทยุ,วิทยุ,2,06:30-09:00,1,0,0
สารสิน -วิทยุ,วิทยุ,2,09:00-16:00,1,0,0
สารสิน -วิทยุ,วิทยุ,2,16:00-19:30,1,0,0
สารสิน -วิทยุ,สารสิน,2,06:30-09:00,1,0,0
สารสิน -วิทยุ,สารสิน,2,09:00-16:00,1,0,0
สารสิน -วิทยุ,สารสิน,2,16:00-19:30,1,0,0
สารสิน-วิทยุ,ซ.ร่วมฤดี,4,07:00-09:00,1,0,0
สารสิน-วิทยุ,ซ.ร่วมฤดี,4,09:00-16:00,1,0,0
สารสิน-วิทยุ,ซ.ร่วมฤดี,4,16:00-19:00,1,0,0
สารสิน-วิทยุ,วิทยุ,4,07:00-09:00,1,0,0
สารสิน-วิทยุ,วิทยุ,4,09:00-16:00,1,0,0
สารสิน-วิทยุ,วิทยุ,4,16:00-19:00,1,0,0
สารสิน-วิทยุ,สารสิน,4,07:00-09:00,1,0,0
สารสิน-วิทยุ,สารสิน,4,09:00-16:00,1,0,0
สารสิน-วิทยุ,สารสิน,4,16:00-19:00,1,0,0
สำนักงาน กพ .,พิษณุโลก,3,07:00-09:00,1,0,0
สำนักงาน กพ .,พิษณุโลก,3,09:00-16:00,1,0,0
สำนักงาน กพ .,พิษณุโลก,3,16:00-19:00,1,0,0
สำราญราษฎร์,บำรุงเมือง,1,06:30-09:00,0,2,0
สำราญราษฎร์,บำรุงเมือง,1,07:00-09:00,0,1,1
สำราญราษฎร์,บำรุงเมือง,1,09:00-16:00,0,3,0
สำราญราษฎร์,บำรุงเมือง,1,09:00-17:00,0,0,1
สำราญราษฎร์,บำรุงเมือง,1,16:00-19:00,0,1,0
สำราญราษฎร์,บำรุงเมือง,1,16:00-19:30,0,2,0
สำราญราษฎร์,บำรุงเมือง,1,17:00-19:00,0,0,1
สำราญราษฎร์,บำรุงเมือง,3,07:00-09:00,0,1,0
สำราญราษฎร์,บำรุงเมือง,3,09:00-16:00,0,1,0
สำราญราษฎร์,บำรุงเมือง,3,16:00-19:00,0,1,0
สำราญราษฎร์,บำรุงเมือง,4,07:00-09:00,0,0,1
สำราญราษฎร์,บำรุงเมือง,4,09:00-16:00,0,0,1
สำราญราษฎร์,บำรุงเมือง,4,16:00-19:00,0,0,1
สำราญราษฎร์,มหาไชย,1,06:30-09:00,0,2,0
สำราญราษฎร์,มหาไชย,1,07:00-09:00,0,1,1
สำราญราษฎร์,มหาไชย,1,09:00-16:00,0,3,0
สำราญราษฎร์,มหาไชย,1,09:00-17:00,0,0,1
สำราญราษฎร์,มหาไชย,1,16:00-19:00,0,1,0
สำราญราษฎร์,มหาไชย,1,16:00-19:30,0,2,0
สำราญราษฎร์,มหาไชย,1,17:00-19:00,0,0,1
สำราญราษฎร์,มหาไชย,3,07:00-09:00,0,1,0
สำราญราษฎร์,มหาไชย,3,09:00-16:00,0,1,0
สำราญราษฎร์,มหาไชย,3,16:00-19:00,0,1,0
สำราญราษฎร์,มหาไชย,4,07:00-09:00,0,0,1
สำราญราษฎร์,มหาไชย,4,09:00-16:00,0,0,1
สำราญราษฎร์,มหาไชย,4,16:00-19:00,0,0,1
สำราษราษฎร์,บำรุงเมือง,4,07:00-09:00,1,0,0
สำราษราษฎร์,บำรุงเมือง,4,09:00-16:00,1,0,0
สำราษราษฎร์,บำรุงเมือง,4,16:00-19:00,1,0,0
สำราษราษฎร์,มหาไชย,4,07:00-09:00,1,0,0
สำราษราษฎร์,มหาไชย,4,09:00-16:00,1,0,0
สำราษราษฎร์,มหาไชย,4,16:00-19:00,1,0,0
สีกักเสาชิงซ้า,บำรุงเมือง,1,16:00-19:00,1,0,0
สีกั๊กพระยาศรี,บ้านหมอ,3,07:00-09:00,1,0,0
สีกั๊กพระยาศรี,บ้านหมอ,3,09:00-16:00,1,0,0
สีกั๊กพระยาศรี,บ้านหมอ,3,16:00-19:00,1,0,0
สีกั๊กพระยาศรี,เจริญกรุง,3,07:00-09:00,1,0,0
สีกั๊กพระยาศรี,เจริญกรุง,3,09:00-16:00,1,0,0
สีกั๊กพระยาศรี,เจริญกรุง,3,16:00-19:00,1,0,0
สีลม,สีลม,1,07:00-09:00,0,0,1
สีลม,สีลม,1,09:00-16:00,0,0,1
สีลม,สีลม,1,16:00-19:00,0,0,1
สีลม,เลียบใต้ทางด่วน,1,07:00-09:00,0,0,1
สีลม,เลียบใต้ทางด่วน,1,09:00-16:00,0,0,1
สีลม,เลียบใต้ทางด่วน,1,16:00-19:00,0,0,1
สีลม - คอนแวนต์,คอนแวนต์,4,07:00-09:00,1,0,0
สีลม - คอนแวนต์,คอนแวนต์,4,09:00-16:00,1,0,0
สีลม - คอนแวนต์,คอนแวนต์,4,16:00-19:00,1,0,0
สีลม - คอนแวนต์,สีลม,4,07:00-09:00,1,0,0
สีลม - คอนแวนต์,สีลม,4,09:00-16:00,1,0,0
สีลม - คอนแวนต์,สีลม,4,16:00-19:00,1,0,0
สีลม - นราธิวาส,นราธิวาสราขนครินทร์,4,07:00-09:00,0,0,1
สีลม - นราธิวาส,นราธิวาสราขนครินทร์,4,09:00-17:00,0,0,1
สีลม - นราธิวาส,นราธิวาสราขนครินทร์,4,17:00-19:00,0,0,1
สีลม - นราธิวาส,นราธิวาสราชนครินทร์,2,07:00-09:00,1,0,1
สีลม - นราธิวาส,นราธิวาสราชนครินทร์,2,09:00-16:00,1,0,0
สีลม - นราธิวาส,นราธิวาสราชนครินทร์,2,09:00-17:00,0,0,1
สีลม - นราธิวาส,นราธิวาสราชนครินทร์,2,16:00-19:00,1,0,0
สีลม - นราธิวาส,นราธิวาสราชนครินทร์,2,17:00-19:00,0,0,1
สีลม - นราธิวาส,นราธิวาสราชนครินทร์,4,07:00-09:00,0,1,0
สีลม - นราธิวาส,นราธิวาสราชนครินทร์,4,09:00-16:00,0,1,0
สีลม - นราธิวาส,นราธิวาสราชนครินทร์,4,16:00-19:00,0,1,0
สีลม - นราธิวาส,สีลม,2,07:00-09:00,1,0,1
สีลม - นราธิวาส,สีลม,2,09:00-16:00,1,0,0
สีลม - นราธิวาส,สีลม,2,09:00-17:00,0,0,1
สีลม - นราธิวาส,สีลม,2,16:00-19:00,1,0,0
สีลม - นราธิวาส,สีลม,2,17:00-19:00,0,0,1
สีลม - นราธิวาส,สีลม,4,07:00-09:00,0,1,1
สีลม - นราธิวาส,สีลม,4,09:00-16:00,0,1,0
สีลม - นราธิวาส,สีลม,4,09:00-17:00,0,0,1
สีลม - นราธิวาส,สีลม,4,16:00-19:00,0,1,0
สีลม - นราธิวาส,สีลม,4,17:00-19:00,0,0,1
สีลม -นราธิวาส,นราธิวาสราชนครินทร์,2,07:00-09:00,1,0,0
สีลม -นราธิวาส,นราธิวาสราชนครินทร์,2,09:00-16:00,1,0,0
สีลม -นราธิวาส,นราธิวาสราชนครินทร์,2,16:00-19:00,1,0,0
สีลม -นราธิวาส,สีลม,2,07:00-09:00,1,0,0
สีลม -นราธิวาส,สีลม,2,09:00-16:00,1,0,0
สีลม -นราธิวาส,สีลม,2,16:00-19:00,1,0,0
สีลม 3,สีลม,2,07:00-09:00,0,0,1
สีลม 3,สีลม,2,09:00-17:00,0,0,1
สีลม 3,สีลม,2,17:00-19:00,0,0,1
สี่กั๊กพระยาศรี,บ้านหม้อ,1,07:00-09:00,0,1,0
สี่กั๊กพระยาศรี,บ้านหม้อ,1,09:00-16:00,0,1,0
สี่กั๊กพระยาศรี,บ้านหม้อ,1,16:00-19:00,0,1,0
สี่กั๊กพระยาศรี,บ้านหม้อ,2,07:00-09:00,0,1,1
สี่กั๊กพระยาศรี,บ้านหม้อ,2,09:00-16:00,0,1,0
สี่กั๊กพระยาศรี,บ้านหม้อ,2,09:00-17:00,0,0,1
สี่กั๊กพระยาศรี,บ้านหม้อ,2,16:00-19:00,0,1,0
สี่กั๊กพระยาศรี,บ้านหม้อ,2,17:00-19:00,0,0,1
สี่กั๊กพระยาศรี,เจริญกรุง,1,07:00-09:00,0,1,0
สี่กั๊กพระยาศรี,เจริญกรุง,1,09:00-16:00,0,1,0
สี่กั๊กพระยาศรี,เจริญกรุง,1,16:00-19:00,0,1,0
สี่กั๊กพระยาศรี,เจริญกรุง,2,07:00-09:00,0,1,1
สี่กั๊กพระยาศรี,เจริญกรุง,2,09:00-16:00,0,1,0
สี่กั๊กพระยาศรี,เจริญกรุง,2,09:00-17:00,0,0,1
สี่กั๊กพระยาศรี,เจริญกรุง,2,16:00-19:00,0,1,0
สี่กั๊กพระยาศรี,เจริญกรุง,2,17:00-19:00,0,0,1
สี่กั๊กพระยาศรี,เฟื่องนคร,2,07:00-09:00,0,0,1
สี่กั๊กพระยาศรี,เฟื่องนคร,2,09:00-17:00,0,0,1
สี่กั๊กพระยาศรี,เฟื่องนคร,2,17:00-19:00,0,0,1
สี่กั๊กเสาชิงช้า,ตะนาว,1,07:00-09:00,1,0,1
สี่กั๊กเสาชิงช้า,ตะนาว,1,09:00-16:00,1,0,0
สี่กั๊กเสาชิงช้า,ตะนาว,1,09:00-17:00,0,0,1
สี่กั๊กเสาชิงช้า,ตะนาว,1,16:00-19:00,1,0,0
สี่กั๊กเสาชิงช้า,ตะนาว,1,17:00-19:00,0,0,1
สี่กั๊กเสาชิงช้า,ตะนาว,3,07:00-09:00,0,1,0
สี่กั๊กเสาชิงช้า,ตะนาว,3,09:00-16:00,0,1,0
สี่กั๊กเสาชิงช้า,ตะนาว,3,16:00-19:00,0,1,0
สี่กั๊กเสาชิงช้า,ตะนาว,4,07:00-09:00,0,0,1
สี่กั๊กเสาชิงช้า,ตะนาว,4,09:00-16:00,0,0,1
สี่กั๊กเสาชิงช้า,ตะนาว,4,16:00-19:00,0,0,1
สี่กั๊กเสาชิงช้า,บำรุงเมือง,1,07:00-09:00,1,0,1
สี่กั๊กเสาชิงช้า,บำรุงเมือง,1,09:00-16:00,1,0,0
สี่กั๊กเสาชิงช้า,บำรุงเมือง,1,09:00-17:00,0,0,1
สี่กั๊กเสาชิงช้า,บำรุงเมือง,1,17:00-19:00,0,0,1
สี่กั๊กเสาชิงช้า,บำรุงเมือง,3,07:00-09:00,0,1,0
สี่กั๊กเสาชิงช้า,บำรุงเมือง,3,09:00-16:00,0,1,0
สี่กั๊กเสาชิงช้า,บำรุงเมือง,3,16:00-19:00,0,1,0
สี่กั๊กเสาชิงช้า,บำรุงเมือง,4,07:00-09:00,0,0,1
สี่กั๊กเสาชิงช้า,บำรุงเมือง,4,09:00-16:00,0,0,1
สี่กั๊กเสาชิงช้า,บำรุงเมือง,4,16:00-19:00,0,0,1
สี่กั๊กเสาชิงช้า,เฟื่องนคร,1,07:00-09:00,1,0,1
สี่กั๊กเสาชิงช้า,เฟื่องนคร,1,09:00-16:00,1,0,0
สี่กั๊กเสาชิงช้า,เฟื่องนคร,1,09:00-17:00,0,0,1
สี่กั๊กเสาชิงช้า,เฟื่องนคร,1,16:00-19:00,1,0,0
สี่กั๊กเสาชิงช้า,เฟื่องนคร,1,17:00-19:00,0,0,1
สี่กั๊กเสาชิงช้า,เฟื่องนคร,3,07:00-09:00,0,1,0
สี่กั๊กเสาชิงช้า,เฟื่องนคร,3,09:00-16:00,0,1,0
สี่กั๊กเสาชิงช้า,เฟื่องนคร,3,16:00-19:00,0,1,0
สี่กั๊กเสาชิงช้า,เฟื่องนคร,4,07:00-09:00,0,0,1
สี่กั๊กเสาชิงช้า,เฟื่องนคร,4,09:00-16:00,0,0,1
สี่กั๊กเสาชิงช้า,เฟื่องนคร,4,16:00-19:00,0,0,1
สี่พระยา,สี่พระยา,1,07:00-09:00,0,0,2
สี่พระยา,สี่พระยา,1,09:00-16:00,0,0,1
สี่พระยา,สี่พระยา,1,09:00-17:00,0,0,1
สี่พระยา,สี่พระยา,1,16:00-19:00,0,0,1
สี่พระยา,สี่พระยา,1,17:00-19:00,0,0,1
สี่พระยา,สี่พระยา,3,07:00-09:00,1,0,0
สี่พระยา,สี่พระยา,3,09:00-16:00,1,0,0
สี่พระยา,สี่พระยา,3,16:00-19:00,1,0,0
สี่พระยา,เจริญกรุง,1,07:00-09:00,0,0,2
สี่พระยา,เจริญกรุง,1,09:00-16:00,0,0,1
สี่พระยา,เจริญกรุง,1,09:00-17:00,0,0,1
สี่พระยา,เจริญกรุง,1,16:00-19:00,0,0,1
สี่พระยา,เจริญกรุง,1,17:00-19:00,0,0,1
สี่พระยา,เจริญกรุง,3,07:00-09:00,1,0,0
สี่พระยา,เจริญกรุง,3,09:00-16:00,1,0,0
สี่พระยา,เจริญกรุง,3,16:00-19:00,1,0,0
สี่พระยา - นเรศ,สี่พระยา,1,07:00-09:00,0,1,0
สี่พระยา - นเรศ,สี่พระยา,1,09:00-16:00,0,1,0
สี่พระยา - นเรศ,สี่พระยา,1,16:00-19:00,0,1,0
สี่เสาเทเวศร์,ศรีอยุธยา,1,07:00-09:00,0,1,0
สี่เสาเทเวศร์,ศรีอยุธยา,1,09:00-16:00,0,1,0
สี่เสาเทเวศร์,ศรีอยุธยา,1,16:00-19:00,0,1,0
สี่เสาเทเวศร์,ศรีอยุธยา,4,07:00-09:00,0,0,1
สี่เสาเทเวศร์,ศรีอยุธยา,4,09:00-16:00,0,0,1
สี่เสาเทเวศร์,ศรีอยุธยา,4,16:00-19:00,0,0,1
สี่เสาเทเวศร์,สามเสน,1,07:00-09:00,0,1,0
สี่เสาเทเวศร์,สามเสน,1,09:00-16:00,0,1,0
สี่เสาเทเวศร์,สามเสน,1,16:00-19:00,0,1,0
สี่เสาเทเวศร์,สามเสน,4,07:00-09:00,0,0,1
สี่เสาเทเวศร์,สามเสน,4,09:00-16:00,0,0,1
สี่เสาเทเวศร์,สามเสน,4,16:00-19:00,0,0,1
สี่เสาเสาเทเวศร์,ศรีอยุธยา,1,07:00-09:00,0,0,1
สี่เสาเสาเทเวศร์,ศรีอยุธยา,1,09:00-17:00,0,0,1
สี่เสาเสาเทเวศร์,ศรีอยุธยา,1,17:00-19:00,0,0,1
สี่เสาเสาเทเวศร์,สามเสน,1,07:00-09:00,0,0,1
สี่เสาเสาเทเวศร์,สามเสน,1,09:00-17:00,0,0,1
สี่เสาเสาเทเวศร์,สามเสน,1,17:00-19:00,0,0,1
สี่แยกลาดหญ้า,ท่าดินแดง,2,07:00-09:00,0,1,2
สี่แยกลาดหญ้า,ท่าดินแดง,2,09:00-16:00,0,1,0
สี่แยกลาดหญ้า,ท่าดินแดง,2,09:00-17:00,0,0,2
สี่แยกลาดหญ้า,ท่าดินแดง,2,16:00-19:00,0,1,0
สี่แยกลาดหญ้า,ท่าดินแดง,2,17:00-19:00,0,0,2
สี่แยกลาดหญ้า,ท่าดินแดง,3,06:30-09:00,1,0,0
สี่แยกลาดหญ้า,ท่าดินแดง,3,09:00-16:00,1,0,0
สี่แยกลาดหญ้า,ท่าดินแดง,3,16:00-19:30,1,0,0
สี่แยกลาดหญ้า,อิสรภาพ,2,07:00-09:00,0,1,2
สี่แยกลาดหญ้า,อิสรภาพ,2,09:00-16:00,0,1,0
สี่แยกลาดหญ้า,อิสรภาพ,2,09:00-17:00,0,0,2
สี่แยกลาดหญ้า,อิสรภาพ,2,16:00-19:00,0,1,0
สี่แยกลาดหญ้า,อิสรภาพ,2,17:00-19:00,0,0,2
สี่แยกลาดหญ้า,อิสรภาพ,3,06:30-09:00,1,0,0
สี่แยกลาดหญ้า,อิสรภาพ,3,09:00-16:00,1,0,0
สี่แยกลาดหญ้า,อิสรภาพ,3,16:00-19:30,1,0,0
สุขาภิบาล 2 - คู่ขนานวงแหวนกาญจนาภิเษก,วงแหวนกาญจนาภิเษก,3,07:00-09:00,1,0,0
สุขาภิบาล 2 - คู่ขนานวงแหวนกาญจนาภิเษก,วงแหวนกาญจนาภิเษก,3,09:00-16:00,1,0,0
สุขาภิบาล 2 - คู่ขนานวงแหวนกาญจนาภิเษก,วงแหวนกาญจนาภิเษก,3,16:00-19:00,1,0,0
สุขาภิบาล 2 - คู่ขนานวงแหวนกาญจนาภิเษก,สุขาภิบาล 2,3,07:00-09:00,1,0,0
สุขาภิบาล 2 - คู่ขนานวงแหวนกาญจนาภิเษก,สุขาภิบาล 2,3,09:00-16:00,1,0,0
สุขาภิบาล 2 - คู่ขนานวงแหวนกาญจนาภิเษก,สุขาภิบาล 2,3,16:00-19:00,1,0,0
สุขาภิบาล 5 - จตุโชติ,จตุโชติ,3,07:00-09:00,0,0,1
สุขาภิบาล 5 - จตุโชติ,จตุโชติ,3,09:00-16:00,0,0,1
สุขาภิบาล 5 - จตุโชติ,จตุโชติ,3,16:00-19:00,0,0,1
สุขาภิบาล 5 - จตุโชติ,จตุโชติ,4,07:00-09:00,0,0,1
สุขาภิบาล 5 - จตุโชติ,จตุโชติ,4,09:00-17:00,0,0,1
สุขาภิบาล 5 - จตุโชติ,จตุโชติ,4,17:00-19:00,0,0,1
สุขาภิบาล 5 - จตุโชติ,ซอยจตุโชติ,3,07:00-09:00,0,1,0
สุขาภิบาล 5 - จตุโชติ,ซอยจตุโชติ,3,09:00-16:00,0,1,0
สุขาภิบาล 5 - จตุโชติ,ซอยจตุโชติ,3,16:00-19:00,0,1,0
สุขาภิบาล 5 - จตุโชติ,สุขาภิบาล 5,3,07:00-09:00,0,1,1
สุขาภิบาล 5 - จตุโชติ,สุขาภิบาล 5,3,09:00-16:00,0,1,1
สุขาภิบาล 5 - จตุโชติ,สุขาภิบาล 5,3,16:00-19:00,0,1,1
สุขาภิบาล 5 - จตุโชติ,สุขาภิบาล 5,4,07:00-09:00,0,0,1
สุขาภิบาล 5 - จตุโชติ,สุขาภิบาล 5,4,09:00-17:00,0,0,1
สุขาภิบาล 5 - จตุโชติ,สุขาภิบาล 5,4,17:00-19:00,0,0,1
สุขาภิบาล 5 - เพิ่มสิน,สุขาภิบาล 5,4,07:00-09:00,0,0,1
สุขาภิบาล 5 - เพิ่มสิน,สุขาภิบาล 5,4,09:00-17:00,0,0,1
สุขาภิบาล 5 - เพิ่มสิน,สุขาภิบาล 5,4,17:00-19:00,0,0,1
สุขาภิบาล 5 - เพิ่มสิน,เพิ่มสิน,4,07:00-09:00,0,0,1
สุขาภิบาล 5 - เพิ่มสิน,เพิ่มสิน,4,09:00-17:00,0,0,1
สุขาภิบาล 5 - เพิ่มสิน,เพิ่มสิน,4,17:00-19:00,0,0,1
สุขาภิบาล5 -จตุโชติ,ซอยจตุโชติ,2,07:00-09:00,1,0,0
สุขาภิบาล5 -จตุโชติ,ซอยจตุโชติ,2,09:00-16:00,1,0,0
สุขาภิบาล5 -จตุโชติ,ซอยจตุโชติ,2,16:00-19:00,1,0,0
สุขาภิบาล5 -จตุโชติ,สุขาภิบาล 5,2,07:00-09:00,1,0,0
สุขาภิบาล5 -จตุโชติ,สุขาภิบาล 5,2,09:00-16:00,1,0,0
สุขาภิบาล5 -จตุโชติ,สุขาภิบาล 5,2,16:00-19:00,1,0,0
สุขาภิบาลบางระมาด,พุทธมณฑลสาย 2,2,07:00-09:00,0,1,0
สุขาภิบาลบางระมาด,พุทธมณฑลสาย 2,2,09:00-16:00,0,1,0
สุขาภิบาลบางระมาด,พุทธมณฑลสาย 2,2,16:00-19:00,0,1,0
สุขาภิบาลบางระมาด,สุขาภิบาลบางระมาด,2,07:00-09:00,0,1,0
สุขาภิบาลบางระมาด,สุขาภิบาลบางระมาด,2,09:00-16:00,0,1,0
สุขาภิบาลบางระมาด,สุขาภิบาลบางระมาด,2,16:00-19:00,0,1,0
สุขุมวิท - พระรามที่ 4,พระรามที่ 4,1,07:00-09:00,0,0,1
สุขุมวิท - พระรามที่ 4,พระรามที่ 4,1,09:00-16:00,0,0,1
สุขุมวิท - พระรามที่ 4,พระรามที่ 4,1,16:00-19:00,0,0,1
สุขุมวิท - พระรามที่ 4,พระรามที่ 4,4,07:00-09:00,0,1,0
สุขุมวิท - พระรามที่ 4,พระรามที่ 4,4,09:00-16:00,0,1,0
สุขุมวิท - พระรามที่ 4,พระรามที่ 4,4,16:00-19:00,0,1,0
สุขุมวิท - พระรามที่ 4,สุขุมวิท,1,07:00-09:00,0,0,1
สุขุมวิท - พระรามที่ 4,สุขุมวิท,1,09:00-16:00,0,0,1
สุขุมวิท - พระรามที่ 4,สุขุมวิท,1,16:00-19:00,0,0,1
สุขุมวิท - พระรามที่ 4,สุขุมวิท,4,07:00-09:00,0,1,0
สุขุมวิท - พระรามที่ 4,สุขุมวิท,4,09:00-16:00,0,1,0
สุขุมวิท - พระรามที่ 4,สุขุมวิท,4,16:00-19:00,0,1,0
สุขุมวิท - สุขุมวิท 23,สุขุมวิท,2,07:00-09:00,0,0,1
สุขุมวิท - สุขุมวิท 23,สุขุมวิท,2,09:00-17:00,0,0,1
สุขุมวิท - สุขุมวิท 23,สุขุมวิท,2,17:00-19:00,0,0,1
สุขุมวิท - สุขุมวิท 23,สุขุมวิท 23,2,07:00-09:00,0,0,1
สุขุมวิท - สุขุมวิท 23,สุขุมวิท 23,2,09:00-17:00,0,0,1
สุขุมวิท - สุขุมวิท 23,สุขุมวิท 23,2,17:00-19:00,0,0,1
สุขุมวิท - สุขุมวิท 71,สุขุมวิท,3,07:00-09:00,0,0,1
สุขุมวิท - สุขุมวิท 71,สุขุมวิท,3,09:00-17:00,0,0,1
สุขุมวิท - สุขุมวิท 71,สุขุมวิท,3,17:00-19:00,0,0,1
สุขุมวิท - สุขุมวิท 71,สุขุมวิท 71,3,07:00-09:00,0,0,1
สุขุมวิท - สุขุมวิท 71,สุขุมวิท 71,3,09:00-17:00,0,0,1
สุขุมวิท - สุขุมวิท 71,สุขุมวิท 71,3,17:00-19:00,0,0,1
สุขุมวิท 11,สุขุมวิท,4,07:00-09:00,0,0,1
สุขุมวิท 11,สุขุมวิท,4,09:00-17:00,0,0,1
สุขุมวิท 11,สุขุมวิท,4,17:00-19:00,0,0,1
สุขุมวิท 11,สุขุมวิท 11,4,07:00-09:00,0,0,1
สุขุมวิท 11,สุขุมวิท 11,4,09:00-17:00,0,0,1
สุขุมวิท 11,สุขุมวิท 11,4,17:00-19:00,0,0,1
สุขุมวิท 24,สุขุมวิท,1,07:00-09:00,0,1,0
สุขุมวิท 24,สุขุมวิท,1,09:00-16:00,0,1,0
สุขุมวิท 24,สุขุมวิท,1,16:00-19:00,0,1,0
สุขุมวิท 24,สุขุมวิท,2,07:00-09:00,0,0,1
สุขุมวิท 24,สุขุมวิท,2,09:00-17:00,0,0,1
สุขุมวิท 24,สุขุมวิท,2,17:00-19:00,0,0,1
สุขุมวิท 24,สุขุมวิท 24,1,07:00-09:00,0,1,0
สุขุมวิท 24,สุขุมวิท 24,1,09:00-16:00,0,1,0
สุขุมวิท 24,สุขุมวิท 24,1,16:00-19:00,0,1,0
สุขุมวิท 24,สุขุมวิท 24,2,07:00-09:00,0,0,1
สุขุมวิท 24,สุขุมวิท 24,2,09:00-17:00,0,0,1
สุขุมวิท 24,สุขุมวิท 24,2,17:00-19:00,0,0,1
สุขุมวิท 26,ซ.สุขุมวิท 26,1,07:00-09:00,1,0,0
สุขุมวิท 26,ซ.สุขุมวิท 26,1,09:00-16:00,1,0,0
สุขุมวิท 26,ซ.สุขุมวิท 26,1,16:00-19:00,1,0,0
สุขุมวิท 26,สุขุมวิท,1,07:00-09:00,1,0,1
สุขุมวิท 26,สุขุมวิท,1,09:00-16:00,1,0,0
สุขุมวิท 26,สุขุมวิท,1,09:00-17:00,0,0,1
สุขุมวิท 26,สุขุมวิท,1,16:00-19:00,1,0,0
สุขุมวิท 26,สุขุมวิท,1,17:00-19:00,0,0,1
สุขุมวิท 26,สุขุมวิท 26,1,07:00-09:00,0,0,1
สุขุมวิท 26,สุขุมวิท 26,1,09:00-17:00,0,0,1
สุขุมวิท 26,สุขุมวิท 26,1,17:00-19:00,0,0,1
สุขุมวิท 27,สุขุมวิท,1,07:00-09:00,0,0,1
สุขุมวิท 27,สุขุมวิท,1,09:00-17:00,0,0,1
สุขุมวิท 27,สุขุมวิท,1,17:00-19:00,0,0,1
สุขุมวิท 31,สุขุมวิท,2,07:00-09:00,0,0,1
สุขุมวิท 31,สุขุมวิท,2,09:00-17:00,0,0,1
สุขุมวิท 31,สุขุมวิท,2,17:00-19:00,0,0,1
สุขุมวิท 31,สุขุมวิท 31,2,07:00-09:00,0,0,1
สุขุมวิท 31,สุขุมวิท 31,2,09:00-17:00,0,0,1
สุขุมวิท 31,สุขุมวิท 31,2,17:00-19:00,0,0,1
สุขุมวิท 36,สุขุมวิท,2,07:00-09:00,0,0,1
สุขุมวิท 36,สุขุมวิท,2,09:00-17:00,0,0,1
สุขุมวิท 36,สุขุมวิท,2,17:00-19:00,0,0,1
สุขุมวิท 36,สุขุมวิท 36,2,07:00-09:00,0,0,1
สุขุมวิท 36,สุขุมวิท 36,2,09:00-17:00,0,0,1
สุขุมวิท 36,สุขุมวิท 36,2,17:00-19:00,0,0,1
สุขุมวิท 39,สุขุมวิท,2,07:00-09:00,0,0,2
สุขุมวิท 39,สุขุมวิท,2,09:00-17:00,0,0,2
สุขุมวิท 39,สุขุมวิท,2,17:00-19:00,0,0,2
สุขุมวิท 39,สุขุมวิท 39,2,07:00-09:00,0,0,2
สุขุมวิท 39,สุขุมวิท 39,2,09:00-17:00,0,0,2
สุขุมวิท 39,สุขุมวิท 39,2,17:00-19:00,0,0,2
สุขุมวิท 40,สุขุมวิท,2,07:00-09:00,0,0,1
สุขุมวิท 40,สุขุมวิท,2,09:00-17:00,0,0,1
สุขุมวิท 40,สุขุมวิท,2,17:00-19:00,0,0,1
สุขุมวิท 42,สุขุมวิท,1,07:00-09:00,0,0,1
สุขุมวิท 42,สุขุมวิท,1,09:00-17:00,0,0,1
สุขุมวิท 42,สุขุมวิท,1,17:00-19:00,0,0,1
สุขุมวิท 42,สุขุมวิท,3,07:00-09:00,0,0,1
สุขุมวิท 42,สุขุมวิท,3,09:00-17:00,0,0,1
สุขุมวิท 42,สุขุมวิท,3,17:00-19:00,0,0,1
สุขุมวิท 42,สุขุมวิท 42,1,07:00-09:00,0,0,1
สุขุมวิท 42,สุขุมวิท 42,1,09:00-17:00,0,0,1
สุขุมวิท 42,สุขุมวิท 42,1,17:00-19:00,0,0,1
สุขุมวิท 42,สุขุมวิท 42,3,07:00-09:00,0,0,1
สุขุมวิท 42,สุขุมวิท 42,3,09:00-17:00,0,0,1
สุขุมวิท 42,สุขุมวิท 42,3,17:00-19:00,0,0,1
สุขุมวิท 48,สุขุมวิท,4,07:00-09:00,0,0,1
สุขุมวิท 48,สุขุมวิท,4,09:00-16:00,0,0,1
สุขุมวิท 48,สุขุมวิท,4,16:00-19:00,0,0,1
สุขุมวิท 48,สุขุมวิท 48,4,07:00-09:00,0,0,1
สุขุมวิท 48,สุขุมวิท 48,4,09:00-16:00,0,0,1
สุขุมวิท 48,สุขุมวิท 48,4,16:00-19:00,0,0,1
สุขุมวิท 49,สุขุมวิท,2,07:00-09:00,0,0,1
สุขุมวิท 49,สุขุมวิท,2,09:00-17:00,0,0,1
สุขุมวิท 49,สุขุมวิท,2,17:00-19:00,0,0,1
สุขุมวิท 49,สุขุมวิท 32,2,07:00-09:00,0,0,1
สุขุมวิท 49,สุขุมวิท 32,2,09:00-17:00,0,0,1
สุขุมวิท 49,สุขุมวิท 32,2,17:00-19:00,0,0,1
สุขุมวิท 49,สุขุมวิท 49,2,07:00-09:00,0,0,1
สุขุมวิท 49,สุขุมวิท 49,2,09:00-17:00,0,0,1
สุขุมวิท 49,สุขุมวิท 49,2,17:00-19:00,0,0,1
สุขุมวิท 49 - สุขุมวิท 32,สุขุมวิท,1,07:00-09:00,0,0,1
สุขุมวิท 49 - สุขุมวิท 32,สุขุมวิท,1,09:00-17:00,0,0,1
สุขุมวิท 49 - สุขุมวิท 32,สุขุมวิท,1,17:00-19:00,0,0,1
สุขุมวิท 49 - สุขุมวิท 32,สุขุมวิท 32,1,07:00-09:00,0,0,1
สุขุมวิท 49 - สุขุมวิท 32,สุขุมวิท 32,1,09:00-17:00,0,0,1
สุขุมวิท 49 - สุขุมวิท 32,สุขุมวิท 32,1,17:00-19:00,0,0,1
สุขุมวิท 49 - สุขุมวิท 32,สุขุมวิท 49,1,07:00-09:00,0,0,1
สุขุมวิท 49 - สุขุมวิท 32,สุขุมวิท 49,1,09:00-17:00,0,0,1
สุขุมวิท 49 - สุขุมวิท 32,สุขุมวิท 49,1,17:00-19:00,0,0,1
สุขุมวิท 50,สุขุมวิท,1,07:00-09:00,0,0,1
สุขุมวิท 50,สุขุมวิท,1,09:00-17:00,0,0,1
สุขุมวิท 50,สุขุมวิท,1,17:00-19:00,0,0,1
สุขุมวิท 50,สุขุมวิท,2,07:00-09:00,0,0,1
สุขุมวิท 50,สุขุมวิท,2,09:00-17:00,0,0,1
สุขุมวิท 50,สุขุมวิท,2,17:00-19:00,0,0,1
สุขุมวิท 50,สุขุมวิท,4,07:00-09:00,0,0,1
สุขุมวิท 50,สุขุมวิท,4,09:00-16:00,0,0,1
สุขุมวิท 50,สุขุมวิท,4,16:00-19:00,0,0,1
สุขุมวิท 50,สุขุมวิท 50,1,07:00-09:00,0,0,1
สุขุมวิท 50,สุขุมวิท 50,1,09:00-17:00,0,0,1
สุขุมวิท 50,สุขุมวิท 50,1,17:00-19:00,0,0,1
สุขุมวิท 50,สุขุมวิท 50,2,07:00-09:00,0,0,1
สุขุมวิท 50,สุขุมวิท 50,2,09:00-17:00,0,0,1
สุขุมวิท 50,สุขุมวิท 50,2,17:00-19:00,0,0,1
สุขุมวิท 50,สุขุมวิท 50,4,07:00-09:00,0,0,1
สุขุมวิท 50,สุขุมวิท 50,4,09:00-16:00,0,0,1
สุขุมวิท 50,สุขุมวิท 50,4,16:00-19:00,0,0,1
สุขุมวิท 50,สุขุมวิท 79,1,07:00-09:00,0,0,1
สุขุมวิท 50,สุขุมวิท 79,1,09:00-17:00,0,0,1
สุขุมวิท 50,สุขุมวิท 79,1,17:00-19:00,0,0,1
สุขุมวิท 50,สุขุมวิท 79,2,07:00-09:00,0,0,1
สุขุมวิท 50,สุขุมวิท 79,2,09:00-17:00,0,0,1
สุขุมวิท 50,สุขุมวิท 79,2,17:00-19:00,0,0,1
สุขุมวิท 50,สุขุมวิท 79,4,07:00-09:00,0,0,1
สุขุมวิท 50,สุขุมวิท 79,4,09:00-16:00,0,0,1
สุขุมวิท 50,สุขุมวิท 79,4,16:00-19:00,0,0,1
สุขุมวิท 53,สุขุมวิท,3,07:00-09:00,0,0,1
สุขุมวิท 53,สุขุมวิท,3,09:00-17:00,0,0,1
สุขุมวิท 53,สุขุมวิท,3,17:00-19:00,0,0,1
สุขุมวิท 53,สุขุมวิท 53,3,07:00-09:00,0,0,1
สุขุมวิท 53,สุขุมวิท 53,3,09:00-17:00,0,0,1
สุขุมวิท 53,สุขุมวิท 53,3,17:00-19:00,0,0,1
สุขุมวิท 62,ด่วนสุขุมวิท 62,2,07:00-09:00,0,0,1
สุขุมวิท 62,ด่วนสุขุมวิท 62,2,09:00-16:00,0,0,1
สุขุมวิท 62,ด่วนสุขุมวิท 62,2,16:00-19:00,0,0,1
สุขุมวิท 62,สุขุมวิท 62,2,07:00-09:00,0,0,1
สุขุมวิท 62,สุขุมวิท 62,2,09:00-16:00,0,0,1
สุขุมวิท 62,สุขุมวิท 62,2,16:00-19:00,0,0,1
สุขุมวิท 70/3,สุขุมวิท,2,07:00-09:00,0,0,1
สุขุมวิท 70/3,สุขุมวิท,2,09:00-17:00,0,0,1
สุขุมวิท 70/3,สุขุมวิท,2,17:00-19:00,0,0,1
สุขุมวิท 70/3,สุขุมวิท 70/3,2,07:00-09:00,0,0,1
สุขุมวิท 70/3,สุขุมวิท 70/3,2,09:00-17:00,0,0,1
สุขุมวิท 70/3,สุขุมวิท 70/3,2,17:00-19:00,0,0,1
สุขุมวิท 71,สุขุมวิท,2,07:00-09:00,0,0,1
สุขุมวิท 71,สุขุมวิท,2,09:00-17:00,0,0,1
สุขุมวิท 71,สุขุมวิท,2,17:00-19:00,0,0,1
สุขุมวิท 71,สุขุมวิท 71,2,07:00-09:00,0,0,1
สุขุมวิท 71,สุขุมวิท 71,2,09:00-17:00,0,0,1
สุขุมวิท 71,สุขุมวิท 71,2,17:00-19:00,0,0,1
สุขุมวิท 93,สุขุมวิท,2,07:00-09:00,0,0,1
สุขุมวิท 93,สุขุมวิท,2,09:00-17:00,0,0,1
สุขุมวิท 93,สุขุมวิท,2,17:00-19:00,0,0,1
สุขุมวิท 93,สุขุมวิท 32,2,07:00-09:00,0,0,1
สุขุมวิท 93,สุขุมวิท 32,2,09:00-17:00,0,0,1
สุขุมวิท 93,สุขุมวิท 32,2,17:00-19:00,0,0,1
สุขุมวิท 93,สุขุมวิท 49,2,07:00-09:00,0,0,1
สุขุมวิท 93,สุขุมวิท 49,2,09:00-17:00,0,0,1
สุขุมวิท 93,สุขุมวิท 49,2,17:00-19:00,0,0,1
สุขุมวิท- พระรามที่ 4,พระรามที่ 4,3,07:00-09:00,1,0,0
สุขุมวิท- พระรามที่ 4,พระรามที่ 4,3,09:00-16:00,1,0,0
สุขุมวิท- พระรามที่ 4,พระรามที่ 4,3,16:00-19:00,1,0,0
สุขุมวิท- พระรามที่ 4,สุขุมวิท,3,07:00-09:00,1,0,0
สุขุมวิท- พระรามที่ 4,สุขุมวิท,3,09:00-16:00,1,0,0
สุขุมวิท- พระรามที่ 4,สุขุมวิท,3,16:00-19:00,1,0,0
สุขุมวิท- พระรามที่4,พระรามที่ 4,2,07:00-09:00,1,0,0
สุขุมวิท- พระรามที่4,พระรามที่ 4,2,09:00-16:00,1,0,0
สุขุมวิท- พระรามที่4,พระรามที่ 4,2,16:00-19:00,1,0,0
สุขุมวิท- พระรามที่4,สุขุมวิท,2,07:00-09:00,1,0,0
สุขุมวิท- พระรามที่4,สุขุมวิท,2,09:00-16:00,1,0,0
สุขุมวิท- พระรามที่4,สุขุมวิท,2,16:00-19:00,1,0,0
สุขุมวิท11,ซ.สุขุมวิท 11,1,07:00-09:00,1,0,0
สุขุมวิท11,ซ.สุขุมวิท 11,1,09:00-16:00,1,0,0
สุขุมวิท11,ซ.สุขุมวิท 11,1,16:00-19:00,1,0,0
สุขุมวิท11,ซอยสุขุมวิท 11,2,07:00-09:00,1,0,0
สุขุมวิท11,ซอยสุขุมวิท 11,2,09:00-16:00,1,0,0
สุขุมวิท11,ซอยสุขุมวิท 11,2,16:00-19:00,1,0,0
สุขุมวิท11,สุขุมวิท,1,07:00-09:00,1,0,0
สุขุมวิท11,สุขุมวิท,1,09:00-16:00,1,0,0
สุขุมวิท11,สุขุมวิท,1,16:00-19:00,1,0,0
สุขุมวิท11,สุขุมวิท,2,07:00-09:00,1,0,0
สุขุมวิท11,สุขุมวิท,2,09:00-16:00,1,0,0
สุขุมวิท11,สุขุมวิท,2,16:00-19:00,1,0,0
สุขุมวิท22,ซ.สุขุมวิท 22,1,07:00-09:00,1,0,0
สุขุมวิท22,ซ.สุขุมวิท 22,1,09:00-16:00,1,0,0
สุขุมวิท22,ซ.สุขุมวิท 22,1,16:00-19:00,1,0,0
สุขุมวิท22,สุขุมวิท,1,07:00-09:00,1,0,0
สุขุมวิท22,สุขุมวิท,1,09:00-16:00,1,0,0
สุขุมวิท22,สุขุมวิท,1,16:00-19:00,1,0,0
สุขุมวิท24,ซ.สุขุมวิท 24,1,07:00-09:00,1,0,0
สุขุมวิท24,ซ.สุขุมวิท 24,1,09:00-16:00,1,0,0
สุขุมวิท24,ซ.สุขุมวิท 24,1,16:00-19:00,1,0,0
สุขุมวิท24,สุขุมวิท,1,07:00-09:00,1,0,0
สุขุมวิท24,สุขุมวิท,1,09:00-16:00,1,0,0
สุขุมวิท24,สุขุมวิท,1,16:00-19:00,1,0,0
สุคันธาราม,พระรามที่ 5,1,07:00-09:00,1,0,0
สุคันธาราม,พระรามที่ 5,1,09:00-16:00,1,0,0
สุคันธาราม,พระรามที่ 5,1,16:00-19:00,1,0,0
สุคันธาราม,สุคันธาราม,1,07:00-09:00,1,0,0
สุคันธาราม,สุคันธาราม,1,09:00-16:00,1,0,0
สุคันธาราม,สุคันธาราม,1,16:00-19:00,1,0,0
สุทธิสาร,รัชดาภิเษก,1,07:00-09:00,1,1,0
สุทธิสาร,รัชดาภิเษก,1,09:00-16:00,1,1,0
สุทธิสาร,รัชดาภิเษก,1,16:00-19:00,1,1,0
สุทธิสาร,รัชดาภิเษก,2,07:00-09:00,1,0,0
สุทธิสาร,รัชดาภิเษก,2,09:00-16:00,1,0,0
สุทธิสาร,รัชดาภิเษก,2,16:00-19:00,1,0,0
สุทธิสาร,รัชดาภิเษก,3,07:00-09:00,0,0,1
สุทธิสาร,รัชดาภิเษก,3,09:00-16:00,0,0,1
สุทธิสาร,รัชดาภิเษก,3,16:00-19:00,0,0,1
สุทธิสาร,รัชดาภิเษก,4,07:00-09:00,0,1,0
สุทธิสาร,รัชดาภิเษก,4,09:00-16:00,0,1,0
สุทธิสาร,รัชดาภิเษก,4,16:00-19:00,0,1,0
สุทธิสาร,สุทธิสาร,4,07:00-09:00,0,1,0
สุทธิสาร,สุทธิสาร,4,09:00-16:00,0,1,0
สุทธิสาร,สุทธิสาร,4,16:00-19:00,0,1,0
สุทธิสาร,สุทธิสารวินิจฉัย,1,07:00-09:00,1,1,0
สุทธิสาร,สุทธิสารวินิจฉัย,1,09:00-16:00,1,1,0
สุทธิสาร,สุทธิสารวินิจฉัย,1,16:00-19:00,1,1,0
สุทธิสาร,สุทธิสารวินิจฉัย,2,07:00-09:00,1,0,0
สุทธิสาร,สุทธิสารวินิจฉัย,2,09:00-16:00,1,0,0
สุทธิสาร,สุทธิสารวินิจฉัย,2,16:00-19:00,1,0,0
สุทธิสาร,สุทธิสารวินิจฉัย,3,07:00-09:00,0,0,1
สุทธิสาร,สุทธิสารวินิจฉัย,3,09:00-16:00,0,0,1
สุทธิสาร,สุทธิสารวินิจฉัย,3,16:00-19:00,0,0,1
สุทธิสาร - วิภาวดี,วิภาวดีรังสิต,1,07:00-09:00,0,0,1
สุทธิสาร - วิภาวดี,วิภาวดีรังสิต,1,09:00-17:00,0,0,1
สุทธิสาร - วิภาวดี,วิภาวดีรังสิต,1,17:00-19:00,0,0,1
สุทธิสาร - วิภาวดี,สุทธิสาร,1,07:00-09:00,0,0,1
สุทธิสาร - วิภาวดี,สุทธิสาร,1,09:00-17:00,0,0,1
สุทธิสาร - วิภาวดี,สุทธิสาร,1,17:00-19:00,0,0,1
สุทธิสาร - วิภาวดีรังสิต,วิภาวดีรังสิต,1,07:00-09:00,0,1,0
สุทธิสาร - วิภาวดีรังสิต,วิภาวดีรังสิต,1,09:00-16:00,0,1,0
สุทธิสาร - วิภาวดีรังสิต,วิภาวดีรังสิต,1,16:00-19:00,0,1,0
สุทธิสาร - วิภาวดีรังสิต,วิภาวดีรังสิต,4,07:00-09:00,0,0,1
สุทธิสาร - วิภาวดีรังสิต,วิภาวดีรังสิต,4,09:00-17:00,0,0,1
สุทธิสาร - วิภาวดีรังสิต,วิภาวดีรังสิต,4,17:00-19:00,0,0,1
สุทธิสาร - วิภาวดีรังสิต,สุทธิสาร,1,07:00-09:00,0,1,0
สุทธิสาร - วิภาวดีรังสิต,สุทธิสาร,1,09:00-16:00,0,1,0
สุทธิสาร - วิภาวดีรังสิต,สุทธิสาร,1,16:00-19:00,0,1,0
สุทธิสาร - วิภาวดีรังสิต,สุทธิสาร,4,07:00-09:00,0,0,1
สุทธิสาร - วิภาวดีรังสิต,สุทธิสาร,4,09:00-17:00,0,0,1
สุทธิสาร - วิภาวดีรังสิต,สุทธิสาร,4,17:00-19:00,0,0,1
สุทธิสาร -วิภาวดีรังสิต,วิภาวดีรังสิต,1,07:00-09:00,1,0,0
สุทธิสาร -วิภาวดีรังสิต,วิภาวดีรังสิต,1,09:00-16:00,1,0,0
สุทธิสาร -วิภาวดีรังสิต,วิภาวดีรังสิต,1,16:00-19:00,1,0,0
สุทธิสาร -วิภาวดีรังสิต,วิภาวดีรังสิต,2,07:00-09:00,1,0,0
สุทธิสาร -วิภาวดีรังสิต,วิภาวดีรังสิต,2,09:00-16:00,1,0,0
สุทธิสาร -วิภาวดีรังสิต,วิภาวดีรังสิต,2,16:00-19:00,1,0,0
สุทธิสาร -วิภาวดีรังสิต,สุทธิสาร,1,07:00-09:00,1,0,0
สุทธิสาร -วิภาวดีรังสิต,สุทธิสาร,1,09:00-16:00,1,0,0
สุทธิสาร -วิภาวดีรังสิต,สุทธิสาร,1,16:00-19:00,1,0,0
สุทธิสาร -วิภาวดีรังสิต,สุทธิสาร,2,07:00-09:00,1,0,0
สุทธิสาร -วิภาวดีรังสิต,สุทธิสาร,2,09:00-16:00,1,0,0
สุทธิสาร -วิภาวดีรังสิต,สุทธิสาร,2,16:00-19:00,1,0,0
สุภาพบุรุษ,ทวีวัฒนา-กาญจนาภิเษก,2,07:00-09:00,0,0,1
สุภาพบุรุษ,ทวีวัฒนา-กาญจนาภิเษก,2,09:00-16:00,0,0,1
สุภาพบุรุษ,ทวีวัฒนา-กาญจนาภิเษก,2,16:00-19:00,0,0,1
สุภาพบุรุษ,สุภาพบุรุษ,4,07:00-09:00,0,0,1
สุภาพบุรุษ,สุภาพบุรุษ,4,09:00-17:00,0,0,1
สุภาพบุรุษ,สุภาพบุรุษ,4,17:00-19:00,0,0,1
สุภาพบุรุษ,เลียบคลองทวีวัฒนา,2,07:00-09:00,0,0,1
สุภาพบุรุษ,เลียบคลองทวีวัฒนา,2,09:00-16:00,0,0,1
สุภาพบุรุษ,เลียบคลองทวีวัฒนา,2,16:00-19:00,0,0,1
สุภาพบุรุษ,เลียบคลองทวีวัฒนา,4,07:00-09:00,0,0,1
สุภาพบุรุษ,เลียบคลองทวีวัฒนา,4,09:00-17:00,0,0,1
สุภาพบุรุษ,เลียบคลองทวีวัฒนา,4,17:00-19:00,0,0,1
สุรวงศ์,สุรวงศ์,4,07:00-09:00,0,0,1
สุรวงศ์,สุรวงศ์,4,09:00-17:00,0,0,1
สุรวงศ์,สุรวงศ์,4,17:00-19:00,0,0,1
สุรวงศ์,เจริญกรุง,4,07:00-09:00,0,0,1
สุรวงศ์,เจริญกรุง,4,09:00-17:00,0,0,1
สุรวงศ์,เจริญกรุง,4,17:00-19:00,0,0,1
สุรศักดิ์,มเหสักข์,1,07:00-09:00,0,1,0
สุรศักดิ์,มเหสักข์,1,09:00-16:00,0,1,0
สุรศักดิ์,มเหสักข์,1,16:00-19:00,0,1,0
สุรศักดิ์,มเหสักข์,2,07:00-09:00,0,0,1
สุรศักดิ์,มเหสักข์,2,09:00-17:00,0,0,1
สุรศักดิ์,มเหสักข์,2,17:00-19:00,0,0,1
สุรศักดิ์,มเหสักข์,3,07:00-09:00,0,1,0
สุรศักดิ์,มเหสักข์,3,09:00-16:00,0,1,0
สุรศักดิ์,มเหสักข์,3,16:00-19:00,0,1,0
สุรศักดิ์,มเหสักข์,4,07:00-09:00,0,0,1
สุรศักดิ์,มเหสักข์,4,09:00-17:00,0,0,1
สุรศักดิ์,มเหสักข์,4,17:00-19:00,0,0,1
สุรศักดิ์,สีลม,1,07:00-09:00,0,1,0
สุรศักดิ์,สีลม,1,09:00-16:00,0,1,0
สุรศักดิ์,สีลม,1,16:00-19:00,0,1,0
สุรศักดิ์,สีลม,2,07:00-09:00,0,0,1
สุรศักดิ์,สีลม,2,09:00-17:00,0,0,1
สุรศักดิ์,สีลม,2,17:00-19:00,0,0,1
สุรศักดิ์,สีลม,3,07:00-09:00,0,1,0
สุรศักดิ์,สีลม,3,09:00-16:00,0,1,0
สุรศักดิ์,สีลม,3,16:00-19:00,0,1,0
สุรศักดิ์,สีลม,4,07:00-09:00,0,0,1
สุรศักดิ์,สีลม,4,09:00-17:00,0,0,1
สุรศักดิ์,สีลม,4,17:00-19:00,0,0,1
สุวรรณภูมิ,ลาดกระบัง,1,07:00-09:00,1,0,0
สุวรรณภูมิ,ลาดกระบัง,1,09:00-16:00,1,0,0
สุวรรณภูมิ,ลาดกระบัง,1,16:00-19:00,1,0,0
สุวรรณภูมิ,สุวรรณภูมิ 4,1,07:00-09:00,1,0,0
สุวรรณภูมิ,สุวรรณภูมิ 4,1,09:00-16:00,1,0,0
สุวรรณภูมิ,สุวรรณภูมิ 4,1,16:00-19:00,1,0,0
สุวินทวงศ์,รามคำแหง,4,07:00-09:00,0,1,0
สุวินทวงศ์,รามคำแหง,4,09:00-16:00,0,1,0
สุวินทวงศ์,รามคำแหง,4,16:00-19:00,0,1,0
สุวินทวงศ์,สุวินทวงศ์,4,07:00-09:00,0,1,0
สุวินทวงศ์,สุวินทวงศ์,4,09:00-16:00,0,1,0
สุวินทวงศ์,สุวินทวงศ์,4,16:00-19:00,0,1,0
สุวินทวงศ์ - คุ้มเกล้า,คุ้มเกล้า,1,07:00-09:00,0,0,2
สุวินทวงศ์ - คุ้มเกล้า,คุ้มเกล้า,1,09:00-17:00,0,0,2
สุวินทวงศ์ - คุ้มเกล้า,คุ้มเกล้า,1,17:00-19:00,0,0,2
สุวินทวงศ์ - คุ้มเกล้า,สุวินทวงศ์,1,07:00-09:00,0,0,2
สุวินทวงศ์ - คุ้มเกล้า,สุวินทวงศ์,1,09:00-17:00,0,0,2
สุวินทวงศ์ - คุ้มเกล้า,สุวินทวงศ์,1,17:00-19:00,0,0,2
สุวินทวงศ์ - นิมิตรใหม่,นิมิตรใหม่,1,07:00-09:00,0,0,1
สุวินทวงศ์ - นิมิตรใหม่,นิมิตรใหม่,1,09:00-17:00,0,0,1
สุวินทวงศ์ - นิมิตรใหม่,นิมิตรใหม่,1,17:00-19:00,0,0,1
สุวินทวงศ์ - นิมิตรใหม่,นิมิตรใหม่,4,07:00-09:00,0,1,0
สุวินทวงศ์ - นิมิตรใหม่,นิมิตรใหม่,4,09:00-16:00,0,1,0
สุวินทวงศ์ - นิมิตรใหม่,นิมิตรใหม่,4,16:00-19:00,0,1,0
สุวินทวงศ์ - นิมิตรใหม่,สุวินทวงศ์,1,07:00-09:00,0,0,1
สุวินทวงศ์ - นิมิตรใหม่,สุวินทวงศ์,1,09:00-17:00,0,0,1
สุวินทวงศ์ - นิมิตรใหม่,สุวินทวงศ์,1,17:00-19:00,0,0,1
สุวินทวงศ์ - นิมิตรใหม่,สุวินทวงศ์,4,07:00-09:00,0,1,0
สุวินทวงศ์ - นิมิตรใหม่,สุวินทวงศ์,4,09:00-16:00,0,1,0
สุวินทวงศ์ - นิมิตรใหม่,สุวินทวงศ์,4,16:00-19:00,0,1,0
สุวินทวงศ์ - บึงขวาง,บึงขวาง,4,07:00-09:00,0,0,1
สุวินทวงศ์ - บึงขวาง,บึงขวาง,4,09:00-17:00,0,0,1
สุวินทวงศ์ - บึงขวาง,บึงขวาง,4,17:00-19:00,0,0,1
สุวินทวงศ์ - บึงขวาง,สุวินทวงศ์,4,07:00-09:00,0,0,1
สุวินทวงศ์ - บึงขวาง,สุวินทวงศ์,4,09:00-17:00,0,0,1
สุวินทวงศ์ - บึงขวาง,สุวินทวงศ์,4,17:00-19:00,0,0,1
สุวินทวงศ์ - ราษฎร์อุทิศ,ราษฎร์อุทิศ,2,07:00-09:00,0,0,1
สุวินทวงศ์ - ราษฎร์อุทิศ,ราษฎร์อุทิศ,2,09:00-17:00,0,0,1
สุวินทวงศ์ - ราษฎร์อุทิศ,ราษฎร์อุทิศ,2,17:00-19:00,0,0,1
สุวินทวงศ์ - ราษฎร์อุทิศ,ราษฎร์อุทิศ,3,07:00-09:00,1,1,0
สุวินทวงศ์ - ราษฎร์อุทิศ,ราษฎร์อุทิศ,3,09:00-16:00,1,1,0
สุวินทวงศ์ - ราษฎร์อุทิศ,ราษฎร์อุทิศ,3,16:00-19:00,1,1,0
สุวินทวงศ์ - ราษฎร์อุทิศ,สุวินทวงศ์,2,07:00-09:00,0,0,1
สุวินทวงศ์ - ราษฎร์อุทิศ,สุวินทวงศ์,2,09:00-17:00,0,0,1
สุวินทวงศ์ - ราษฎร์อุทิศ,สุวินทวงศ์,2,17:00-19:00,0,0,1
สุวินทวงศ์ - ราษฎร์อุทิศ,สุวินทวงศ์,3,07:00-09:00,1,1,0
สุวินทวงศ์ - ราษฎร์อุทิศ,สุวินทวงศ์,3,09:00-16:00,1,1,0
สุวินทวงศ์ - ราษฎร์อุทิศ,สุวินทวงศ์,3,16:00-19:00,1,1,0
สุวินทวงศ์ - อยู่วิทยา - ร่วมพัฒนา,ร่วมพัฒนา,4,07:00-09:00,0,1,0
สุวินทวงศ์ - อยู่วิทยา - ร่วมพัฒนา,ร่วมพัฒนา,4,09:00-16:00,0,1,0
สุวินทวงศ์ - อยู่วิทยา - ร่วมพัฒนา,ร่วมพัฒนา,4,16:00-19:00,0,1,0
สุวินทวงศ์ - อยู่วิทยา - ร่วมพัฒนา,สุวินทวงศ์,4,07:00-09:00,0,1,0
สุวินทวงศ์ - อยู่วิทยา - ร่วมพัฒนา,สุวินทวงศ์,4,09:00-16:00,0,1,0
สุวินทวงศ์ - อยู่วิทยา - ร่วมพัฒนา,สุวินทวงศ์,4,16:00-19:00,0,1,0
สุวินทวงศ์ - อยู่วิทยา - ร่วมพัฒนา,อยู่วิทยา,4,07:00-09:00,0,1,0
สุวินทวงศ์ - อยู่วิทยา - ร่วมพัฒนา,อยู่วิทยา,4,09:00-16:00,0,1,0
สุวินทวงศ์ - อยู่วิทยา - ร่วมพัฒนา,อยู่วิทยา,4,16:00-19:00,0,1,0
สุวินทวงศ์ -คุ้มเกล้า,คุ้มเกล้า,3,06:30-09:00,1,0,0
สุวินทวงศ์ -คุ้มเกล้า,คุ้มเกล้า,3,09:00-16:00,1,0,0
สุวินทวงศ์ -คุ้มเกล้า,คุ้มเกล้า,3,16:00-19:30,1,0,0
สุวินทวงศ์ -คุ้มเกล้า,สุวินทวงศ์,3,06:30-09:00,1,0,0
สุวินทวงศ์ -คุ้มเกล้า,สุวินทวงศ์,3,09:00-16:00,1,0,0
สุวินทวงศ์ -คุ้มเกล้า,สุวินทวงศ์,3,16:00-19:30,1,0,0
สุวินทวงศ์ -นิมิตใหม่,นิมิตใหม่,3,06:30-09:00,1,0,0
สุวินทวงศ์ -นิมิตใหม่,นิมิตใหม่,3,09:00-16:00,1,0,0
สุวินทวงศ์ -นิมิตใหม่,นิมิตใหม่,3,16:00-19:30,1,0,0
สุวินทวงศ์ -นิมิตใหม่,สุวินทวงศ์,3,06:30-09:00,1,0,0
สุวินทวงศ์ -นิมิตใหม่,สุวินทวงศ์,3,09:00-16:00,1,0,0
สุวินทวงศ์ -นิมิตใหม่,สุวินทวงศ์,3,16:00-19:30,1,0,0
สุวินทวงศ์ซอย 7,สุวินทวงศ์,2,07:00-09:00,0,1,0
สุวินทวงศ์ซอย 7,สุวินทวงศ์,2,09:00-16:00,0,1,0
สุวินทวงศ์ซอย 7,สุวินทวงศ์,2,16:00-19:00,0,1,0
สุเหร่าคลองหนึ่ง ซ.15,สุเหร่าคลองหนึ่ง,1,07:00-09:00,0,0,1
สุเหร่าคลองหนึ่ง ซ.15,สุเหร่าคลองหนึ่ง,1,09:00-17:00,0,0,1
สุเหร่าคลองหนึ่ง ซ.15,สุเหร่าคลองหนึ่ง,1,17:00-19:00,0,0,1
สุเหร่าคลองหนึ่ง ซ.15,สุเหร่าคลองหนึ่ง ซ.15,1,07:00-09:00,0,0,1
สุเหร่าคลองหนึ่ง ซ.15,สุเหร่าคลองหนึ่ง ซ.15,1,09:00-17:00,0,0,1
สุเหร่าคลองหนึ่ง ซ.15,สุเหร่าคลองหนึ่ง ซ.15,1,17:00-19:00,0,0,1
สุเหร่าคลองหนึ่ง ซ.15,เจริญพัฒนา,1,07:00-09:00,0,0,1
สุเหร่าคลองหนึ่ง ซ.15,เจริญพัฒนา,1,09:00-17:00,0,0,1
สุเหร่าคลองหนึ่ง ซ.15,เจริญพัฒนา,1,17:00-19:00,0,0,1
สุโขทัย,พระรามที่ 5,2,07:00-09:00,1,0,0
สุโขทัย,พระรามที่ 5,2,09:00-16:00,1,0,0
สุโขทัย,พระรามที่ 5,2,16:00-19:00,1,0,0
สุโขทัย,พระรามที่ 5,3,07:00-09:00,1,0,0
สุโขทัย,พระรามที่ 5,3,09:00-16:00,1,0,0
สุโขทัย,พระรามที่ 5,3,16:00-19:00,1,0,0
สุโขทัย,พระรามที่ 5,4,07:00-09:00,0,0,2
สุโขทัย,พระรามที่ 5,4,09:00-16:00,0,0,1
สุโขทัย,พระรามที่ 5,4,09:00-17:00,0,0,1
สุโขทัย,พระรามที่ 5,4,16:00-19:00,0,0,1
สุโขทัย,พระรามที่ 5,4,17:00-19:00,0,0,1
สุโขทัย,พระรามที่5,1,07:00-09:00,0,1,0
สุโขทัย,พระรามที่5,1,09:00-16:00,0,1,0
สุโขทัย,พระรามที่5,1,16:00-19:00,0,1,0
สุโขทัย,สุโขทัย,1,07:00-09:00,0,1,1
สุโขทัย,สุโขทัย,1,09:00-16:00,0,1,1
สุโขทัย,สุโขทัย,1,16:00-19:00,0,1,1
สุโขทัย,สุโขทัย,2,07:00-09:00,1,0,0
สุโขทัย,สุโขทัย,2,09:00-16:00,1,0,0
สุโขทัย,สุโขทัย,2,16:00-19:00,1,0,0
สุโขทัย,สุโขทัย,3,07:00-09:00,1,0,0
สุโขทัย,สุโขทัย,3,09:00-16:00,1,0,0
สุโขทัย,สุโขทัย,3,16:00-19:00,1,0,0
สุโขทัย,สุโขทัย,4,07:00-09:00,0,0,2
สุโขทัย,สุโขทัย,4,09:00-16:00,0,0,1
สุโขทัย,สุโขทัย,4,09:00-17:00,0,0,1
สุโขทัย,สุโขทัย,4,16:00-19:00,0,0,1
สุโขทัย,สุโขทัย,4,17:00-19:00,0,0,1
หทัยมิตร - นิมิตรใหม่,นิมิตรใหม่,2,07:00-09:00,0,0,1
หทัยมิตร - นิมิตรใหม่,นิมิตรใหม่,2,09:00-17:00,0,0,1
หทัยมิตร - นิมิตรใหม่,นิมิตรใหม่,2,17:00-19:00,0,0,1
หทัยมิตร - นิมิตรใหม่,หทัยมิตร,2,07:00-09:00,0,0,1
หทัยมิตร - นิมิตรใหม่,หทัยมิตร,2,09:00-17:00,0,0,1
หทัยมิตร - นิมิตรใหม่,หทัยมิตร,2,17:00-19:00,0,0,1
หทัยราษฎร์ - ซอยไทยรามัญ,หทัยราษฎร์,3,07:00-09:00,1,0,0
หทัยราษฎร์ - ซอยไทยรามัญ,หทัยราษฎร์,3,09:00-16:00,1,0,0
หทัยราษฎร์ - ซอยไทยรามัญ,หทัยราษฎร์,3,16:00-19:00,1,0,0
หทัยราษฎร์ - สุวินทวงศ์,สุวินทวงศ์,3,07:00-09:00,0,0,1
หทัยราษฎร์ - สุวินทวงศ์,สุวินทวงศ์,3,09:00-17:00,0,0,1
หทัยราษฎร์ - สุวินทวงศ์,สุวินทวงศ์,3,17:00-19:00,0,0,1
หทัยราษฎร์ - สุวินทวงศ์,สุวินทวงศ์,4,07:00-09:00,0,0,1
หทัยราษฎร์ - สุวินทวงศ์,สุวินทวงศ์,4,09:00-17:00,0,0,1
หทัยราษฎร์ - สุวินทวงศ์,สุวินทวงศ์,4,17:00-19:00,0,0,1
หทัยราษฎร์ - สุวินทวงศ์,หทัยราษฎร์,3,07:00-09:00,0,0,1
หทัยราษฎร์ - สุวินทวงศ์,หทัยราษฎร์,3,09:00-17:00,0,0,1
หทัยราษฎร์ - สุวินทวงศ์,หทัยราษฎร์,3,17:00-19:00,0,0,1
หทัยราษฎร์ - สุวินทวงศ์,หทัยราษฎร์,4,07:00-09:00,0,0,1
หทัยราษฎร์ - สุวินทวงศ์,หทัยราษฎร์,4,09:00-17:00,0,0,1
หทัยราษฎร์ - สุวินทวงศ์,หทัยราษฎร์,4,17:00-19:00,0,0,1
หทัยราษฎร์ - สุเหร่าคลองหนึ่ง,สุเหร่าคลองหนึ่ง,3,07:00-09:00,0,0,1
หทัยราษฎร์ - สุเหร่าคลองหนึ่ง,สุเหร่าคลองหนึ่ง,3,09:00-16:00,0,0,1
หทัยราษฎร์ - สุเหร่าคลองหนึ่ง,สุเหร่าคลองหนึ่ง,3,16:00-19:00,0,0,1
หทัยราษฎร์ - สุเหร่าคลองหนึ่ง,หทัยราษฎร์,3,07:00-09:00,0,0,1
หทัยราษฎร์ - สุเหร่าคลองหนึ่ง,หทัยราษฎร์,3,09:00-16:00,0,0,1
หทัยราษฎร์ - สุเหร่าคลองหนึ่ง,หทัยราษฎร์,3,16:00-19:00,0,0,1
หทัยราษฎร์ - หทัยมิตร,หทัยมิตร,3,07:00-09:00,0,0,3
หทัยราษฎร์ - หทัยมิตร,หทัยมิตร,3,09:00-16:00,0,0,1
หทัยราษฎร์ - หทัยมิตร,หทัยมิตร,3,09:00-17:00,0,0,2
หทัยราษฎร์ - หทัยมิตร,หทัยมิตร,3,16:00-19:00,0,0,1
หทัยราษฎร์ - หทัยมิตร,หทัยมิตร,3,17:00-19:00,0,0,2
หทัยราษฎร์ - หทัยมิตร,หทัยราษฎร์,3,07:00-09:00,0,0,3
หทัยราษฎร์ - หทัยมิตร,หทัยราษฎร์,3,09:00-16:00,0,0,1
หทัยราษฎร์ - หทัยมิตร,หทัยราษฎร์,3,09:00-17:00,0,0,2
หทัยราษฎร์ - หทัยมิตร,หทัยราษฎร์,3,16:00-19:00,0,0,1
หทัยราษฎร์ - หทัยมิตร,หทัยราษฎร์,3,17:00-19:00,0,0,2
หทัยราษฎร์ - หทัยราษฎร์ 22,หทัยราษฎร์,1,07:00-09:00,0,0,1
หทัยราษฎร์ - หทัยราษฎร์ 22,หทัยราษฎร์,1,09:00-17:00,0,0,1
หทัยราษฎร์ - หทัยราษฎร์ 22,หทัยราษฎร์,1,17:00-19:00,0,0,1
หทัยราษฎร์ - หทัยราษฎร์ 22,หทัยราษฎร์ 22,1,07:00-09:00,0,0,1
หทัยราษฎร์ - หทัยราษฎร์ 22,หทัยราษฎร์ 22,1,09:00-17:00,0,0,1
หทัยราษฎร์ - หทัยราษฎร์ 22,หทัยราษฎร์ 22,1,17:00-19:00,0,0,1
หทัยราษฎร์ - เลียบคลองสอง,หทัยราษฎร์,2,06:30-09:00,0,1,0
หทัยราษฎร์ - เลียบคลองสอง,หทัยราษฎร์,2,07:00-09:00,0,1,2
หทัยราษฎร์ - เลียบคลองสอง,หทัยราษฎร์,2,09:00-16:00,0,2,1
หทัยราษฎร์ - เลียบคลองสอง,หทัยราษฎร์,2,09:00-17:00,0,0,1
หทัยราษฎร์ - เลียบคลองสอง,หทัยราษฎร์,2,16:00-19:00,0,1,1
หทัยราษฎร์ - เลียบคลองสอง,หทัยราษฎร์,2,16:00-19:30,0,1,0
หทัยราษฎร์ - เลียบคลองสอง,หทัยราษฎร์,2,17:00-19:00,0,0,1
หทัยราษฎร์ - เลียบคลองสอง,หทัยราษฎร์,3,07:00-09:00,1,0,0
หทัยราษฎร์ - เลียบคลองสอง,หทัยราษฎร์,3,09:00-16:00,1,0,0
หทัยราษฎร์ - เลียบคลองสอง,หทัยราษฎร์,3,16:00-19:00,1,0,0
หทัยราษฎร์ - เลียบคลองสอง,เลียบคลองสอง,2,07:00-09:00,0,2,2
หทัยราษฎร์ - เลียบคลองสอง,เลียบคลองสอง,2,09:00-16:00,0,2,1
หทัยราษฎร์ - เลียบคลองสอง,เลียบคลองสอง,2,09:00-17:00,0,0,1
หทัยราษฎร์ - เลียบคลองสอง,เลียบคลองสอง,2,16:00-19:00,0,2,1
หทัยราษฎร์ - เลียบคลองสอง,เลียบคลองสอง,2,17:00-19:00,0,0,1
หทัยราษฎร์ - เลียบคลองสอง,เลียบคลองสอง,3,07:00-09:00,1,0,0
หทัยราษฎร์ - เลียบคลองสอง,เลียบคลองสอง,3,09:00-16:00,1,0,0
หทัยราษฎร์ - เลียบคลองสอง,เลียบคลองสอง,3,16:00-19:00,1,0,0
หนองระแหง - คู่ขนานกาญจนาภิเษก,คู่ขนานกาญจนาภิเษก,4,07:00-09:00,0,0,1
หนองระแหง - คู่ขนานกาญจนาภิเษก,คู่ขนานกาญจนาภิเษก,4,09:00-17:00,0,0,1
หนองระแหง - คู่ขนานกาญจนาภิเษก,คู่ขนานกาญจนาภิเษก,4,17:00-19:00,0,0,1
หนองระแหง - คู่ขนานกาญจนาภิเษก,หนองระแหง,4,07:00-09:00,0,0,1
หนองระแหง - คู่ขนานกาญจนาภิเษก,หนองระแหง,4,09:00-17:00,0,0,1
หนองระแหง - คู่ขนานกาญจนาภิเษก,หนองระแหง,4,17:00-19:00,0,0,1
หนองระแหง - หทัยราษฎร์,หทัยราษฎร์,4,07:00-09:00,0,0,1
หนองระแหง - หทัยราษฎร์,หทัยราษฎร์,4,09:00-17:00,0,0,1
หนองระแหง - หทัยราษฎร์,หทัยราษฎร์,4,17:00-19:00,0,0,1
หนองระแหง - หทัยราษฎร์,หนองระแหง,4,07:00-09:00,0,0,1
หนองระแหง - หทัยราษฎร์,หนองระแหง,4,09:00-17:00,0,0,1
หนองระแหง - หทัยราษฎร์,หนองระแหง,4,17:00-19:00,0,0,1
หนองระแหง 5-ไทยรามัญ,ซอยหนองระแหง,4,07:00-09:00,1,0,0
หนองระแหง 5-ไทยรามัญ,ซอยหนองระแหง,4,09:00-16:00,1,0,0
หนองระแหง 5-ไทยรามัญ,ซอยหนองระแหง,4,16:00-19:00,1,0,0
หนองระแหง 5-ไทยรามัญ,ซอยไทยรามัญ,4,07:00-09:00,1,0,0
หนองระแหง 5-ไทยรามัญ,ซอยไทยรามัญ,4,09:00-16:00,1,0,0
หนองระแหง 5-ไทยรามัญ,ซอยไทยรามัญ,4,16:00-19:00,1,0,0
หนองแขม,เพชรเกษม 81,1,07:00-09:00,0,0,1
หนองแขม,เพชรเกษม 81,1,09:00-17:00,0,0,1
หนองแขม,เพชรเกษม 81,1,17:00-19:00,0,0,1
หนองแขม,เลียบคลองภาษีเจริญฝั่งใต้,1,07:00-09:00,0,0,1
หนองแขม,เลียบคลองภาษีเจริญฝั่งใต้,1,09:00-17:00,0,0,1
หนองแขม,เลียบคลองภาษีเจริญฝั่งใต้,1,17:00-19:00,0,0,1
หนองใหญ่,บางแค,4,07:00-09:00,0,0,1
หนองใหญ่,บางแค,4,09:00-16:00,0,0,1
หนองใหญ่,บางแค,4,16:00-19:00,0,0,1
หนองใหญ่,บางแค 14,4,07:00-09:00,0,0,1
หนองใหญ่,บางแค 14,4,09:00-16:00,0,0,1
หนองใหญ่,บางแค 14,4,16:00-19:00,0,0,1
หนองใหญ่,บางแค 7,4,07:00-09:00,0,0,1
หนองใหญ่,บางแค 7,4,09:00-16:00,0,0,1
หนองใหญ่,บางแค 7,4,16:00-19:00,0,0,1
หน่วยบัญชาการรักษาดินแดง,สนามไชย,1,07:00-09:00,1,0,0
หน่วยบัญชาการรักษาดินแดง,สนามไชย,1,09:00-16:00,1,0,0
หน่วยบัญชาการรักษาดินแดง,สนามไชย,1,16:00-19:00,1,0,0
หน่วยบัญชาการรักษาดินแดน,สนามไชย,1,07:00-09:00,1,0,0
หน่วยบัญชาการรักษาดินแดน,สนามไชย,1,09:00-16:00,1,0,0
หน่วยบัญชาการรักษาดินแดน,สนามไชย,1,16:00-19:00,1,0,0
หน้า 7-11,อาจณรงค์,1,07:00-09:00,0,0,1
หน้า 7-11,อาจณรงค์,1,09:00-17:00,0,0,1
หน้า 7-11,อาจณรงค์,1,17:00-19:00,0,0,1
หน้า 7-11 พัฒนาการ 20,พัฒนาการ 20,3,07:00-09:00,0,0,2
หน้า 7-11 พัฒนาการ 20,พัฒนาการ 20,3,09:00-17:00,0,0,2
หน้า 7-11 พัฒนาการ 20,พัฒนาการ 20,3,17:00-19:00,0,0,2
หน้า Mayfair Place,สุขุมวิท 50,1,07:00-09:00,0,0,1
หน้า Mayfair Place,สุขุมวิท 50,1,09:00-17:00,0,0,1
หน้า Mayfair Place,สุขุมวิท 50,1,17:00-19:00,0,0,1
หน้า Velaa Sindlom Village,หลังสวน,2,07:00-09:00,0,0,1
หน้า Velaa Sindlom Village,หลังสวน,2,09:00-16:00,0,0,1
หน้า Velaa Sindlom Village,หลังสวน,2,16:00-19:00,0,0,1
หน้า ททบ.5,พหลโยธิน,3,07:00-09:00,0,0,1
หน้า ททบ.5,พหลโยธิน,3,09:00-17:00,0,0,1
หน้า ททบ.5,พหลโยธิน,3,17:00-19:00,0,0,1
หน้า ธ.กรุงเทพ สาขาเตาปูน,ประชาราษฎร์สาย 2,4,07:00-09:00,0,0,1
หน้า ธ.กรุงเทพ สาขาเตาปูน,ประชาราษฎร์สาย 2,4,09:00-17:00,0,0,1
หน้า ธ.กรุงเทพ สาขาเตาปูน,ประชาราษฎร์สาย 2,4,17:00-19:00,0,0,1
หน้า ธ.ยูโอบี,เยาวราช,4,07:00-09:00,0,0,1
หน้า ธ.ยูโอบี,เยาวราช,4,09:00-17:00,0,0,1
หน้า ธ.ยูโอบี,เยาวราช,4,17:00-19:00,0,0,1
หน้า บ.กรีนสปอต,ศรีนครินทร์,4,07:00-09:00,0,0,1
หน้า บ.กรีนสปอต,ศรีนครินทร์,4,09:00-17:00,0,0,1
หน้า บ.กรีนสปอต,ศรีนครินทร์,4,17:00-19:00,0,0,1
หน้า บ.ยัสปาล,สุขุมวิท,2,07:00-09:00,0,0,1
หน้า บ.ยัสปาล,สุขุมวิท 66/1,2,07:00-09:00,0,0,1
หน้า บ.ยัสปาล,สุขุมวิท 66/1,2,09:00-17:00,0,0,1
หน้า บ.ยัสปาล,สุขุมวิท 66/1,2,17:00-19:00,0,0,1
หน้า บ.เฟิร์ส ทรานสปอร์ต,หลวงแพ่ง,1,07:00-09:00,0,0,1
หน้า บ.เฟิร์ส ทรานสปอร์ต,หลวงแพ่ง,1,09:00-17:00,0,0,1
หน้า บ.เฟิร์ส ทรานสปอร์ต,หลวงแพ่ง,1,17:00-19:00,0,0,1
หน้า บ.เอพี โมโตพาร์ท จก.,ทวีวัฒนา-กาญจนาภิเษก,3,07:00-09:00,0,0,1
หน้า บ.เอพี โมโตพาร์ท จก.,ทวีวัฒนา-กาญจนาภิเษก,3,09:00-17:00,0,0,1
หน้า บ.เอพี โมโตพาร์ท จก.,ทวีวัฒนา-กาญจนาภิเษก,3,17:00-19:00,0,0,1
หน้า บ.แท็คเกิ้ล มาสเตอร์ จก.,ทวีวัฒนา-กาญจนาภิเษก,3,07:00-09:00,0,0,1
หน้า บ.แท็คเกิ้ล มาสเตอร์ จก.,ทวีวัฒนา-กาญจนาภิเษก,3,09:00-17:00,0,0,1
หน้า บ.แท็คเกิ้ล มาสเตอร์ จก.,ทวีวัฒนา-กาญจนาภิเษก,3,17:00-19:00,0,0,1
หน้า ม.ธรรมศาสตร์,หน้าพระธาตุ,1,07:00-09:00,1,0,0
หน้า ม.ธรรมศาสตร์,หน้าพระธาตุ,1,09:00-16:00,1,0,0
หน้า ม.ธรรมศาสตร์,หน้าพระธาตุ,1,16:00-19:00,1,0,0
หน้า ม.พระจอมเกล้าพระนครเหนือ,ทางเข้า ม.พระจอมเกล้าพระนครเหนือ,2,07:00-09:00,0,0,1
หน้า ม.พระจอมเกล้าพระนครเหนือ,ทางเข้า ม.พระจอมเกล้าพระนครเหนือ,2,09:00-17:00,0,0,1
หน้า ม.พระจอมเกล้าพระนครเหนือ,ทางเข้า ม.พระจอมเกล้าพระนครเหนือ,2,17:00-19:00,0,0,1
หน้า ม.พระจอมเกล้าพระนครเหนือ,พิบูลสงคราม,2,07:00-09:00,0,0,1
หน้า ม.พระจอมเกล้าพระนครเหนือ,พิบูลสงคราม,2,09:00-17:00,0,0,1
หน้า ม.พระจอมเกล้าพระนครเหนือ,พิบูลสงคราม,2,17:00-19:00,0,0,1
หน้า ม.มหานคร,เชื่อมสัมพันธ์,3,06:30-09:00,1,0,0
หน้า ม.มหานคร,เชื่อมสัมพันธ์,3,09:00-16:00,1,0,0
หน้า ม.มหานคร,เชื่อมสัมพันธ์,3,16:00-19:30,1,0,0
หน้า ม.เกษตรศาสตร์,พหลโยธิน,1,07:00-09:00,1,0,0
หน้า ม.เกษตรศาสตร์,พหลโยธิน,1,09:00-16:00,1,0,0
หน้า ม.เกษตรศาสตร์,พหลโยธิน,1,16:00-19:00,1,0,0
หน้า ม.เกษตรศาสตร์,พหลโยธิน,2,07:00-09:00,1,0,0
หน้า ม.เกษตรศาสตร์,พหลโยธิน,2,09:00-16:00,1,0,0
หน้า ม.เกษตรศาสตร์,พหลโยธิน,2,16:00-19:00,1,0,0
หน้า ม.เทคโนโลยีกรุงเทพ,นราธิวาสราชนครินทร์,4,07:00-09:00,1,0,0
หน้า ม.เทคโนโลยีกรุงเทพ,นราธิวาสราชนครินทร์,4,09:00-16:00,1,0,0
หน้า ม.เทคโนโลยีกรุงเทพ,นราธิวาสราชนครินทร์,4,16:00-19:00,1,0,0
หน้า ม.เทคโนโลยีราชมงคลวิทยาเขตเทเวศร์,สามเสน,2,07:00-09:00,0,0,1
หน้า ม.เทคโนโลยีราชมงคลวิทยาเขตเทเวศร์,สามเสน,2,09:00-16:00,0,0,1
หน้า ม.เทคโนโลยีราชมงคลวิทยาเขตเทเวศร์,สามเสน,2,16:00-19:00,0,0,1
หน้า รพ.ซีจีเอส สายไหม,เฉลิมพงษ์,4,07:00-09:00,0,0,1
หน้า รพ.ซีจีเอส สายไหม,เฉลิมพงษ์,4,09:00-17:00,0,0,1
หน้า รพ.ซีจีเอส สายไหม,เฉลิมพงษ์,4,17:00-19:00,0,0,1
หน้า รพ.บุษราคัมจิตการุณย์,สุขาภิบาล 5,1,07:00-09:00,0,0,1
หน้า รพ.บุษราคัมจิตการุณย์,สุขาภิบาล 5,1,09:00-17:00,0,0,1
หน้า รพ.บุษราคัมจิตการุณย์,สุขาภิบาล 5,1,17:00-19:00,0,0,1
หน้า รพ.ผู้สูงอายุบางขุนเทียน,บางขุนเทียนชายทะเล,3,07:00-09:00,0,0,1
หน้า รพ.ผู้สูงอายุบางขุนเทียน,บางขุนเทียนชายทะเล,3,09:00-17:00,0,0,1
หน้า รพ.ผู้สูงอายุบางขุนเทียน,บางขุนเทียนชายทะเล,3,17:00-19:00,0,0,1
หน้า รพ.ยันฮี,จรัญสนิทวงศ์,2,07:00-09:00,0,0,1
หน้า รพ.ยันฮี,จรัญสนิทวงศ์,2,09:00-17:00,0,0,1
หน้า รพ.ยันฮี,จรัญสนิทวงศ์,2,17:00-19:00,0,0,1
หน้า รพ.รวมใจรักษ์,สุขุมวิท 62,1,07:00-09:00,0,0,1
หน้า รพ.รวมใจรักษ์,สุขุมวิท 62,1,09:00-17:00,0,0,1
หน้า รพ.รวมใจรักษ์,สุขุมวิท 62,1,17:00-19:00,0,0,1
หน้า รพ.วิภาราม,พัฒนาการ,1,07:00-09:00,1,0,0
หน้า รพ.วิภาราม,พัฒนาการ,1,09:00-16:00,1,0,0
หน้า รพ.วิภาราม,พัฒนาการ,1,16:00-19:00,1,0,0
หน้า รพ.สมเด็จพระปิ่นเกล้า,สมเด็จพระเจ้าตากสิน,4,07:00-09:00,1,0,0
หน้า รพ.สมเด็จพระปิ่นเกล้า,สมเด็จพระเจ้าตากสิน,4,09:00-16:00,1,0,0
หน้า รพ.สมเด็จพระปิ่นเกล้า,สมเด็จพระเจ้าตากสิน,4,16:00-19:00,1,0,0
หน้า รพ.เวชการุณรัศม์,ทางเข้าออก รพ.เวชการุณรัศ,1,07:00-09:00,0,0,1
หน้า รพ.เวชการุณรัศม์,ทางเข้าออก รพ.เวชการุณรัศ,1,09:00-16:00,0,0,1
หน้า รพ.เวชการุณรัศม์,ทางเข้าออก รพ.เวชการุณรัศ,1,16:00-19:00,0,0,1
หน้า รพ.เวชการุณรัศม์,เลียบวารี,1,07:00-09:00,0,0,1
หน้า รพ.เวชการุณรัศม์,เลียบวารี,1,09:00-16:00,0,0,1
หน้า รพ.เวชการุณรัศม์,เลียบวารี,1,16:00-19:00,0,0,1
หน้า รร.ฝึกอาชีพ กทม.,เฉลิมพระเกียรติ ร.9,2,07:00-09:00,0,0,1
หน้า รร.ฝึกอาชีพ กทม.,เฉลิมพระเกียรติ ร.9,2,09:00-17:00,0,0,1
หน้า รร.ฝึกอาชีพ กทม.,เฉลิมพระเกียรติ ร.9,2,17:00-19:00,0,0,1
หน้า รร.พิทยาลงกรณ์พิทยาคม,เลียบคลองพิทยาลงกรณ์,1,07:00-09:00,0,0,1
หน้า รร.พิทยาลงกรณ์พิทยาคม,เลียบคลองพิทยาลงกรณ์,1,09:00-17:00,0,0,1
หน้า รร.พิทยาลงกรณ์พิทยาคม,เลียบคลองพิทยาลงกรณ์,1,17:00-19:00,0,0,1
หน้า รร.วัดสุทัศน์,อุณากรรณ,1,07:00-09:00,0,0,1
หน้า รร.วัดสุทัศน์,อุณากรรณ,1,09:00-17:00,0,0,1
หน้า รร.วัดสุทัศน์,อุณากรรณ,1,17:00-19:00,0,0,1
หน้า รร.สอนขับรถแอดวานซ์,พระราม 2 ซ.50,2,07:00-09:00,0,0,1
หน้า รร.สอนขับรถแอดวานซ์,พระราม 2 ซ.50,2,09:00-17:00,0,0,1
หน้า รร.สอนขับรถแอดวานซ์,พระราม 2 ซ.50,2,17:00-19:00,0,0,1
หน้า รร.สุเหร่าลาดบัวขาว,เคหะร่มเกล้า,1,07:00-09:00,0,0,1
หน้า รร.สุเหร่าลาดบัวขาว,เคหะร่มเกล้า,1,09:00-17:00,0,0,1
หน้า รร.สุเหร่าลาดบัวขาว,เคหะร่มเกล้า,1,17:00-19:00,0,0,1
หน้า รร.เบญจมราชาลัย,ศิริพงษ์,1,07:00-09:00,0,0,1
หน้า รร.เบญจมราชาลัย,ศิริพงษ์,1,09:00-17:00,0,0,1
หน้า รร.เบญจมราชาลัย,ศิริพงษ์,1,17:00-19:00,0,0,1
หน้า รร.โชคชัยหทัยราษฎร์,หทัยราษฎร์,1,07:00-09:00,0,0,1
หน้า รร.โชคชัยหทัยราษฎร์,หทัยราษฎร์,1,09:00-17:00,0,0,1
หน้า รร.โชคชัยหทัยราษฎร์,หทัยราษฎร์,1,17:00-19:00,0,0,1
หน้า หจก. ชาลี แสงแดง,หลวงแพ่ง,1,07:00-09:00,0,0,1
หน้า หจก. ชาลี แสงแดง,หลวงแพ่ง,1,09:00-17:00,0,0,1
หน้า หจก. ชาลี แสงแดง,หลวงแพ่ง,1,17:00-19:00,0,0,1
หน้ากรมการขนส่งทางบก,พหลโยธิน,1,07:00-09:00,1,0,0
หน้ากรมการขนส่งทางบก,พหลโยธิน,1,09:00-16:00,1,0,0
หน้ากรมการขนส่งทางบก,พหลโยธิน,1,16:00-19:00,1,0,0
หน้ากรมขนส่งทางบก,พหลโยธิน,2,07:00-09:00,1,0,0
หน้ากรมขนส่งทางบก,พหลโยธิน,2,09:00-16:00,1,0,0
หน้ากรมขนส่งทางบก,พหลโยธิน,2,16:00-19:00,1,0,0
หน้ากรมชลประทาน,สามเสน,3,07:00-09:00,0,1,0
หน้ากรมชลประทาน,สามเสน,3,09:00-16:00,0,1,0
หน้ากรมชลประทาน,สามเสน,3,16:00-19:00,0,1,0
หน้ากรมอู่ทหารเรือ,อรุณอัมรินทร์,1,07:00-09:00,1,0,0
หน้ากรมอู่ทหารเรือ,อรุณอัมรินทร์,1,09:00-16:00,1,0,0
หน้ากรมอู่ทหารเรือ,อรุณอัมรินทร์,1,16:00-19:00,1,0,0
หน้ากรมแผนที่ทหาร,กัลยาณไมตรี,1,07:00-09:00,1,0,0
หน้ากรมแผนที่ทหาร,กัลยาณไมตรี,1,09:00-16:00,1,0,0
หน้ากรมแผนที่ทหาร,กัลยาณไมตรี,1,16:00-19:00,1,0,0
หน้ากรมโรงงานอุตสาหกรรม,พระสุเมรุ,1,07:00-09:00,1,0,0
หน้ากรมโรงงานอุตสาหกรรม,พระสุเมรุ,1,09:00-16:00,1,0,0
หน้ากรมโรงงานอุตสาหกรรม,พระสุเมรุ,1,16:00-19:00,1,0,0
หน้ากองบัญชาการกองทัพอากาศ,พหลโยธิน,4,07:00-09:00,1,0,0
หน้ากองบัญชาการกองทัพอากาศ,พหลโยธิน,4,09:00-16:00,1,0,0
หน้ากองบัญชาการกองทัพอากาศ,พหลโยธิน,4,16:00-19:00,1,0,0
หน้ากองปราบปราม,พหลโยธิน,2,07:00-09:00,0,0,1
หน้ากองปราบปราม,พหลโยธิน,2,09:00-16:00,0,0,1
หน้ากองปราบปราม,พหลโยธิน,2,16:00-19:00,0,0,1
หน้ากองปราบปราม,พหลโยธิน,4,07:00-09:00,0,1,0
หน้ากองปราบปราม,พหลโยธิน,4,09:00-16:00,0,1,0
หน้ากองปราบปราม,พหลโยธิน,4,16:00-19:00,0,1,0
หน้ากองพันทหารปืนใหญ่ที่ 1,ประดิพัทธ์,3,07:00-09:00,0,1,0
หน้ากองพันทหารปืนใหญ่ที่ 1,ประดิพัทธ์,3,09:00-16:00,0,1,0
หน้ากองพันทหารปืนใหญ่ที่ 1,ประดิพัทธ์,3,16:00-19:00,0,1,0
หน้ากองพันทหารม้าที่ 3,ทหาร,3,07:00-09:00,0,1,0
หน้ากองพันทหารม้าที่ 3,ทหาร,3,09:00-16:00,0,1,0
หน้ากองพันทหารม้าที่ 3,ทหาร,3,16:00-19:00,0,1,0
หน้ากองพันทหารสื่อสารที่ 21,ทางเข้า - ออกกองพันฯ,3,07:00-09:00,0,0,1
หน้ากองพันทหารสื่อสารที่ 21,ทางเข้า - ออกกองพันฯ,3,09:00-16:00,0,0,1
หน้ากองพันทหารสื่อสารที่ 21,ทางเข้า - ออกกองพันฯ,3,16:00-19:00,0,0,1
หน้ากองพันทหารสื่อสารที่ 21,พหลโยธิน,3,07:00-09:00,0,0,1
หน้ากองพันทหารสื่อสารที่ 21,พหลโยธิน,3,09:00-16:00,0,0,1
หน้ากองพันทหารสื่อสารที่ 21,พหลโยธิน,3,16:00-19:00,0,0,1
หน้าการไฟฟ้าธนบุรี,จรัญสนิทวงศ์,4,07:00-09:00,0,0,1
หน้าการไฟฟ้าธนบุรี,จรัญสนิทวงศ์,4,09:00-17:00,0,0,1
หน้าการไฟฟ้าธนบุรี,จรัญสนิทวงศ์,4,17:00-19:00,0,0,1
หน้าการไฟฟ้าธนบุรี,จรัญสนิทวงศ์ 20,4,07:00-09:00,0,0,1
หน้าการไฟฟ้าธนบุรี,จรัญสนิทวงศ์ 20,4,09:00-17:00,0,0,1
หน้าการไฟฟ้าธนบุรี,จรัญสนิทวงศ์ 20,4,17:00-19:00,0,0,1
หน้าการไฟฟ้าธนบุรี,จรัญสนิทวงศ์ 23,4,07:00-09:00,0,0,1
หน้าการไฟฟ้าธนบุรี,จรัญสนิทวงศ์ 23,4,09:00-17:00,0,0,1
หน้าการไฟฟ้าธนบุรี,จรัญสนิทวงศ์ 23,4,17:00-19:00,0,0,1
หน้าการไฟฟ้านครหลวงบางเขน,กำแพงเพชร 2,4,07:00-09:00,1,0,0
หน้าการไฟฟ้านครหลวงบางเขน,กำแพงเพชร 2,4,09:00-16:00,1,0,0
หน้าการไฟฟ้านครหลวงบางเขน,กำแพงเพชร 2,4,16:00-19:00,1,0,0
หน้าคณะนิเทศศาสตร์ จุฬาลงกรณ์ฯ,ทางเข้าคณะนิเทศศาสตร์,2,07:00-09:00,1,0,0
หน้าคณะนิเทศศาสตร์ จุฬาลงกรณ์ฯ,ทางเข้าคณะนิเทศศาสตร์,2,09:00-16:00,1,0,0
หน้าคณะนิเทศศาสตร์ จุฬาลงกรณ์ฯ,ทางเข้าคณะนิเทศศาสตร์,2,16:00-19:00,1,0,0
หน้าคณะนิเทศศาสตร์ จุฬาลงกรณ์ฯ,พญาไท,2,07:00-09:00,1,0,0
หน้าคณะนิเทศศาสตร์ จุฬาลงกรณ์ฯ,พญาไท,2,09:00-16:00,1,0,0
หน้าคณะนิเทศศาสตร์ จุฬาลงกรณ์ฯ,พญาไท,2,16:00-19:00,1,0,0
"หน้าคณะเทคโนโลยีการเกษตร, สำนักหอสมุดกลาง",ฉลองกรุง,2,07:00-09:00,0,0,1
"หน้าคณะเทคโนโลยีการเกษตร, สำนักหอสมุดกลาง",ฉลองกรุง,2,09:00-17:00,0,0,1
"หน้าคณะเทคโนโลยีการเกษตร, สำนักหอสมุดกลาง",ฉลองกรุง,2,17:00-19:00,0,0,1
หน้าคณะเวชศาสตร์เขตร้อน,ราชวิถี,4,07:00-09:00,0,0,1
หน้าคณะเวชศาสตร์เขตร้อน,ราชวิถี,4,09:00-17:00,0,0,1
หน้าคณะเวชศาสตร์เขตร้อน,ราชวิถี,4,17:00-19:00,0,0,1
หน้าคณะเวชศาสตร์เขตร้อน,ราชวิถี 15,4,07:00-09:00,0,0,1
หน้าคณะเวชศาสตร์เขตร้อน,ราชวิถี 15,4,09:00-17:00,0,0,1
หน้าคณะเวชศาสตร์เขตร้อน,ราชวิถี 15,4,17:00-19:00,0,0,1
หน้าคณะแพทย์ศาสตร์วชิระพยาบาล,สามเสน,4,07:00-09:00,1,0,0
หน้าคณะแพทย์ศาสตร์วชิระพยาบาล,สามเสน,4,09:00-16:00,1,0,0
หน้าคณะแพทย์ศาสตร์วชิระพยาบาล,สามเสน,4,16:00-19:00,1,0,0
หน้าคอนโด 28Chidlom,ชิดลม,2,07:00-09:00,0,0,1
หน้าคอนโด 28Chidlom,ชิดลม,2,09:00-16:00,0,0,1
หน้าคอนโด 28Chidlom,ชิดลม,2,16:00-19:00,0,0,1
หน้าคอนโด ชีวาทัย เรสซิเดนซ์,ประชาราษฎร์สาย 2,4,07:00-09:00,0,0,1
หน้าคอนโด ชีวาทัย เรสซิเดนซ์,ประชาราษฎร์สาย 2,4,09:00-17:00,0,0,1
หน้าคอนโด ชีวาทัย เรสซิเดนซ์,ประชาราษฎร์สาย 2,4,17:00-19:00,0,0,1
หน้าคอนโด เดอะทรี อินเตอร์เชน,ประชาราษฎร์สาย 2,4,07:00-09:00,0,0,1
หน้าคอนโด เดอะทรี อินเตอร์เชน,ประชาราษฎร์สาย 2,4,09:00-17:00,0,0,1
หน้าคอนโด เดอะทรี อินเตอร์เชน,ประชาราษฎร์สาย 2,4,17:00-19:00,0,0,1
หน้าคอนโด เมโทร สกาย,ประชาชื่น,4,07:00-09:00,0,0,1
หน้าคอนโด เมโทร สกาย,ประชาชื่น,4,17:00-19:00,0,0,1
หน้าคอนโดดิเอ็กซ์เซลกรูฟปากซอยลาซาล 52,สุขุมวิท 105,2,06:30-09:00,0,1,0
หน้าคอนโดดิเอ็กซ์เซลกรูฟปากซอยลาซาล 52,สุขุมวิท 105,2,09:00-16:00,0,1,0
หน้าคอนโดดิเอ็กซ์เซลกรูฟปากซอยลาซาล 52,สุขุมวิท 105,2,16:00-19:30,0,1,0
หน้าคอนโดยูดีไลท์แอทหัวหมากสเตชั่น,หัวหมาก,3,07:00-09:00,0,1,0
หน้าคอนโดยูดีไลท์แอทหัวหมากสเตชั่น,หัวหมาก,3,09:00-16:00,0,1,0
หน้าคอนโดยูดีไลท์แอทหัวหมากสเตชั่น,หัวหมาก,3,16:00-19:00,0,1,0
หน้าคอนโดลุมพินีพาร์คนวมินทร์ 36,นวมนิทร์,3,07:00-09:00,0,1,0
หน้าคอนโดลุมพินีพาร์คนวมินทร์ 37,นวมนิทร์,3,09:00-16:00,0,1,0
หน้าคอนโดลุมพินีพาร์คนวมินทร์ 38,นวมนิทร์,3,16:00-19:00,0,1,0
หน้าคอนโดลุมพินีวิลล์,ราษฎร์บูรณะ,1,07:00-09:00,0,0,1
หน้าคอนโดลุมพินีวิลล์,ราษฎร์บูรณะ,1,09:00-17:00,0,0,1
หน้าคอนโดลุมพินีวิลล์,ราษฎร์บูรณะ,1,17:00-19:00,0,0,1
หน้าชุมชนบ้านแบบ,เจริญูราษฎร์,3,07:00-09:00,1,0,0
หน้าชุมชนบ้านแบบ,เจริญูราษฎร์,3,09:00-16:00,1,0,0
หน้าชุมชนบ้านแบบ,เจริญูราษฎร์,3,16:00-19:00,1,0,0
หน้าชุมชนโรงเรียวัดตลิ่งชัน,ชักพระ,2,07:00-09:00,1,0,0
หน้าชุมชนโรงเรียวัดตลิ่งชัน,ชักพระ,2,09:00-16:00,1,0,0
หน้าชุมชนโรงเรียวัดตลิ่งชัน,ชักพระ,2,16:00-19:00,1,0,0
หน้าซอยพหลโยธิน 50 แยก 11-15-2,เทพรักษ์,4,07:00-09:00,1,0,0
หน้าซอยพหลโยธิน 50 แยก 11-15-2,เทพรักษ์,4,09:00-16:00,1,0,0
หน้าซอยพหลโยธิน 50 แยก 11-15-2,เทพรักษ์,4,16:00-19:00,1,0,0
หน้าซีคอนสแควร์,ศรีนครินทร์,4,07:00-09:00,1,0,0
หน้าซีคอนสแควร์,ศรีนครินทร์,4,09:00-16:00,1,0,0
หน้าซีคอนสแควร์,ศรีนครินทร์,4,16:00-19:00,1,0,0
หน้าตลาดคลองถม,เจริญกรุง,3,07:00-09:00,0,1,0
หน้าตลาดคลองถม,เจริญกรุง,3,09:00-16:00,0,1,0
หน้าตลาดคลองถม,เจริญกรุง,3,16:00-19:00,0,1,0
หน้าตลาดจตุจักรคุ้มเกล้า,คุ้มเกล้า,2,07:00-09:00,0,1,0
หน้าตลาดจตุจักรคุ้มเกล้า,คุ้มเกล้า,2,09:00-16:00,0,1,0
หน้าตลาดจตุจักรคุ้มเกล้า,คุ้มเกล้า,2,16:00-19:00,0,1,0
หน้าตลาดบองมาเช่,เทศบาลสงเคราะห์,4,07:00-09:00,0,0,1
หน้าตลาดบองมาเช่,เทศบาลสงเคราะห์,4,09:00-17:00,0,0,1
หน้าตลาดบองมาเช่,เทศบาลสงเคราะห์,4,17:00-19:00,0,0,1
หน้าตลาดประชานิเวศน์ 1,เทศบาลสงเคราะห์,3,07:00-09:00,1,0,0
หน้าตลาดประชานิเวศน์ 1,เทศบาลสงเคราะห์,3,09:00-16:00,1,0,0
หน้าตลาดประชานิเวศน์ 1,เทศบาลสงเคราะห์,3,16:00-19:00,1,0,0
หน้าตลาดพิบูลย์วิทย์,กำนันแม้น,4,07:00-09:00,0,0,1
หน้าตลาดพิบูลย์วิทย์,กำนันแม้น,4,09:00-17:00,0,0,1
หน้าตลาดพิบูลย์วิทย์,กำนันแม้น,4,17:00-19:00,0,0,1
หน้าตลาดพิบูลย์วิทย์,กำนันแม้น 8,4,07:00-09:00,0,0,1
หน้าตลาดพิบูลย์วิทย์,กำนันแม้น 8,4,09:00-17:00,0,0,1
หน้าตลาดพิบูลย์วิทย์,กำนันแม้น 8,4,17:00-19:00,0,0,1
หน้าตลาดพุทธบูชา 95,พุทธบูชา,3,07:00-09:00,0,0,1
หน้าตลาดพุทธบูชา 95,พุทธบูชา,3,09:00-17:00,0,0,1
หน้าตลาดพุทธบูชา 95,พุทธบูชา,3,17:00-19:00,0,0,1
หน้าตลาดมหาสิน,สุขุมวิท 101/1,2,07:00-09:00,0,0,1
หน้าตลาดมหาสิน,สุขุมวิท 101/1,2,09:00-17:00,0,0,1
หน้าตลาดมหาสิน,สุขุมวิท 101/1,2,17:00-19:00,0,0,1
หน้าตลาดมาร์เก็ตแลนด์,ลาดกระบัง,1,07:00-09:00,0,0,1
หน้าตลาดมาร์เก็ตแลนด์,ลาดกระบัง,1,09:00-17:00,0,0,1
หน้าตลาดมาร์เก็ตแลนด์,ลาดกระบัง,1,17:00-19:00,0,0,1
หน้าตลาดมโนรมย์,เลียบคลองสอง,2,07:00-09:00,0,1,0
หน้าตลาดมโนรมย์,เลียบคลองสอง,2,09:00-16:00,0,1,0
หน้าตลาดมโนรมย์,เลียบคลองสอง,2,16:00-19:00,0,1,0
หน้าตลาดยิปซี,กรุงเทพ - นนทบุรี,4,07:00-09:00,0,0,1
หน้าตลาดยิปซี,กรุงเทพ - นนทบุรี,4,09:00-17:00,0,0,1
หน้าตลาดยิปซี,กรุงเทพ - นนทบุรี,4,17:00-19:00,0,0,1
หน้าตลาดศรีเขมา,ประชาราษฎร์สาย 1,2,07:00-09:00,0,0,1
หน้าตลาดศรีเขมา,ประชาราษฎร์สาย 1,2,09:00-17:00,0,0,1
หน้าตลาดศรีเขมา,ประชาราษฎร์สาย 1,2,17:00-19:00,0,0,1
หน้าตลาดศรีเขมา,ประชาราษฎร์สาย 1 (EB),2,07:00-09:00,0,0,1
หน้าตลาดศรีเขมา,ประชาราษฎร์สาย 1 (EB),2,09:00-17:00,0,0,1
หน้าตลาดศรีเขมา,ประชาราษฎร์สาย 1 (EB),2,17:00-19:00,0,0,1
หน้าตลาดเคซี,นิมิตรใหม่,2,07:00-09:00,0,1,0
หน้าตลาดเคซี,นิมิตรใหม่,2,09:00-16:00,0,1,0
หน้าตลาดเคซี,นิมิตรใหม่,2,16:00-19:00,0,1,0
หน้าตลาดไชยทิศ,เลียบทางรถไฟตลิ่งชัน,1,07:00-09:00,0,0,1
หน้าตลาดไชยทิศ,เลียบทางรถไฟตลิ่งชัน,1,09:00-16:00,0,0,1
หน้าตลาดไชยทิศ,เลียบทางรถไฟตลิ่งชัน,1,16:00-19:00,0,0,1
หน้าถ.รามคำแหง2 ซ. 11,รามคำแหง 2,2,07:00-09:00,0,0,1
หน้าถ.รามคำแหง2 ซ. 11,รามคำแหง 2,2,09:00-17:00,0,0,1
หน้าถ.รามคำแหง2 ซ. 11,รามคำแหง 2,2,17:00-19:00,0,0,1
หน้าถนนศรีเวียง (ช่วงใต้ทางด่วนศรีรัช),จรูญเวียง,3,07:00-09:00,1,0,0
หน้าถนนศรีเวียง (ช่วงใต้ทางด่วนศรีรัช),จรูญเวียง,3,09:00-16:00,1,0,0
หน้าถนนศรีเวียง (ช่วงใต้ทางด่วนศรีรัช),จรูญเวียง,3,16:00-19:00,1,0,0
หน้าธนาคาร CIMB,หลังสวน,2,07:00-09:00,0,0,1
หน้าธนาคาร CIMB,หลังสวน,2,09:00-16:00,0,0,1
หน้าธนาคาร CIMB,หลังสวน,2,16:00-19:00,0,0,1
หน้าธนาคารแห่งประเทศไทย,สามเสน,3,07:00-09:00,0,3,1
หน้าธนาคารแห่งประเทศไทย,สามเสน,3,09:00-16:00,0,3,0
หน้าธนาคารแห่งประเทศไทย,สามเสน,3,09:00-17:00,0,0,1
หน้าธนาคารแห่งประเทศไทย,สามเสน,3,16:00-19:00,0,3,0
หน้าธนาคารแห่งประเทศไทย,สามเสน,3,17:00-19:00,0,0,1
หน้าธัญญปาร์ค,ศรีนครินทร์,4,07:00-09:00,1,0,0
หน้าธัญญปาร์ค,ศรีนครินทร์,4,09:00-16:00,1,0,0
หน้าธัญญปาร์ค,ศรีนครินทร์,4,16:00-19:00,1,0,0
หน้านิคมฯ เจโมโพลิส,สุขาภิบาล 2,2,07:00-09:00,0,0,1
หน้านิคมฯ เจโมโพลิส,สุขาภิบาล 2,2,09:00-17:00,0,0,1
หน้านิคมฯ เจโมโพลิส,สุขาภิบาล 2,2,17:00-19:00,0,0,1
หน้าบริษัท คริสเตียนีและนีลเส็น,ลาซาล,4,07:00-09:00,0,0,1
หน้าบริษัท คริสเตียนีและนีลเส็น,ลาซาล,4,09:00-17:00,0,0,1
หน้าบริษัท คริสเตียนีและนีลเส็น,ลาซาล,4,17:00-19:00,0,0,1
หน้าบริษัท ปตท.,วิภาวดีรังสิต,3,07:00-09:00,0,1,0
หน้าบริษัท ปตท.,วิภาวดีรังสิต,3,09:00-16:00,0,1,0
หน้าบริษัท ปตท.,วิภาวดีรังสิต,3,16:00-19:00,0,1,0
หน้าบริษัทกราเวีย อาร์ต เซ็นเตอร์,เลียบคลองภาษีเจริญฝั่งเหนือ,4,07:00-09:00,0,0,1
หน้าบริษัทกราเวีย อาร์ต เซ็นเตอร์,เลียบคลองภาษีเจริญฝั่งเหนือ,4,09:00-17:00,0,0,1
หน้าบริษัทกราเวีย อาร์ต เซ็นเตอร์,เลียบคลองภาษีเจริญฝั่งเหนือ,4,17:00-19:00,0,0,1
หน้าบิ๊กซีราชดำริ,ราชดำริ,2,07:00-09:00,0,2,0
หน้าบิ๊กซีราชดำริ,ราชดำริ,2,09:00-16:00,0,2,0
หน้าบิ๊กซีราชดำริ,ราชดำริ,2,16:00-19:00,0,2,0
หน้าบิ๊กซีราษฎร์บูรณะ,ราษฎร์บูรณะ,1,07:00-09:00,1,0,0
หน้าบิ๊กซีราษฎร์บูรณะ,ราษฎร์บูรณะ,1,09:00-16:00,1,0,0
หน้าบิ๊กซีราษฎร์บูรณะ,ราษฎร์บูรณะ,1,16:00-19:00,1,0,0
หน้าบิ๊กซีหนองจอก,เลียบวารี,4,07:00-09:00,0,0,1
หน้าบิ๊กซีหนองจอก,เลียบวารี,4,09:00-17:00,0,0,1
หน้าบิ๊กซีหนองจอก,เลียบวารี,4,17:00-19:00,0,0,1
หน้าบ้านพักคนชราบางแค,เพชรเกษม,1,07:00-09:00,0,1,0
หน้าบ้านพักคนชราบางแค,เพชรเกษม,1,09:00-16:00,0,1,0
หน้าบ้านพักคนชราบางแค,เพชรเกษม,1,16:00-19:00,0,1,0
หน้าปั้มปตท.ถนนฉลองกรุง,ฉลองกรุง,3,06:30-09:00,1,0,0
หน้าปั้มปตท.ถนนฉลองกรุง,ฉลองกรุง,3,09:00-16:00,1,0,0
หน้าปั้มปตท.ถนนฉลองกรุง,ฉลองกรุง,3,16:00-19:30,1,0,0
หน้าปั๊ม ปตท.,คุ้มเกล้า,2,07:00-09:00,0,0,1
หน้าปั๊ม ปตท.,คุ้มเกล้า,2,09:00-17:00,0,0,1
หน้าปั๊ม ปตท.,คุ้มเกล้า,2,17:00-19:00,0,0,1
หน้าปั๊มแก๊ส NSGAS LPG,ร่มเกล้า,2,07:00-09:00,0,1,0
หน้าปั๊มแก๊ส NSGAS LPG,ร่มเกล้า,2,09:00-16:00,0,1,0
หน้าปั๊มแก๊ส NSGAS LPG,ร่มเกล้า,2,16:00-19:00,0,1,0
หน้าพันธุ์ทิพย์ประตูน้ำ,เพชรบุรี,2,07:00-09:00,0,1,0
หน้าพันธุ์ทิพย์ประตูน้ำ,เพชรบุรี,2,09:00-16:00,0,1,0
หน้าพันธุ์ทิพย์ประตูน้ำ,เพชรบุรี,2,16:00-19:00,0,1,0
หน้าพันธุ์ทิพย์พลาซา,เพชรบุรีตัดใหม่,1,07:00-09:00,0,1,0
หน้าพันธุ์ทิพย์พลาซา,เพชรบุรีตัดใหม่,1,09:00-16:00,0,1,0
หน้าพันธุ์ทิพย์พลาซา,เพชรบุรีตัดใหม่,1,16:00-19:00,0,1,0
หน้าพิพิธภัณฑ์เด็ก,กำแพงเพชร 4,4,07:00-09:00,1,0,0
หน้าพิพิธภัณฑ์เด็ก,กำแพงเพชร 4,4,09:00-16:00,1,0,0
หน้าพิพิธภัณฑ์เด็ก,กำแพงเพชร 4,4,16:00-19:00,1,0,0
หน้าพีเพิ่ลปาร์ค,อ่อนนุช,1,07:00-09:00,0,0,1
หน้าพีเพิ่ลปาร์ค,อ่อนนุช,1,09:00-17:00,0,0,1
หน้าพีเพิ่ลปาร์ค,อ่อนนุช,1,17:00-19:00,0,0,1
หน้าพุทธสมาคมแห่งประเทศไทย,พระอาทิตย์,1,07:00-09:00,1,0,0
หน้าพุทธสมาคมแห่งประเทศไทย,พระอาทิตย์,1,09:00-16:00,1,0,0
หน้าพุทธสมาคมแห่งประเทศไทย,พระอาทิตย์,1,16:00-19:00,1,0,0
หน้าม.ราชภัฏวไลยอลงกรณ์,เพชรบุรี,3,07:00-09:00,0,1,0
หน้าม.ราชภัฏวไลยอลงกรณ์,เพชรบุรี,3,09:00-16:00,0,1,0
หน้าม.ราชภัฏวไลยอลงกรณ์,เพชรบุรี,3,16:00-19:00,0,1,0
หน้าม.เทคโนโลยีราชมงคลพระนคร,นครสวรรค์,3,07:00-09:00,0,1,0
หน้าม.เทคโนโลยีราชมงคลพระนคร,นครสวรรค์,3,09:00-16:00,0,1,0
หน้าม.เทคโนโลยีราชมงคลพระนคร,นครสวรรค์,3,16:00-19:00,0,1,0
หน้ามหาวิทยาลัยนวมินทราธิราช,ขาว,1,06:30-09:00,1,0,0
หน้ามหาวิทยาลัยนวมินทราธิราช,ขาว,1,09:00-16:00,1,0,0
หน้ามหาวิทยาลัยนวมินทราธิราช,ขาว,1,16:00-19:30,1,0,0
หน้ามหาวิทยาลัยศิลปากร,หน้าพระลาน,1,07:00-09:00,1,0,0
หน้ามหาวิทยาลัยศิลปากร,หน้าพระลาน,1,09:00-16:00,1,0,0
หน้ามหาวิทยาลัยศิลปากร,หน้าพระลาน,1,16:00-19:00,1,0,0
หน้ามหาวิทยาลัยสยาม,เพชรเกษม,2,07:00-09:00,1,0,0
หน้ามหาวิทยาลัยสยาม,เพชรเกษม,2,09:00-16:00,1,0,0
หน้ามหาวิทยาลัยสยาม,เพชรเกษม,2,16:00-19:00,1,0,0
หน้ามัสยิดดารุ้ลมูกร้อดรอบีน,คู้-คลองสิบ,3,07:00-09:00,0,0,1
หน้ามัสยิดดารุ้ลมูกร้อดรอบีน,คู้-คลองสิบ,3,09:00-17:00,0,0,1
หน้ามัสยิดดารุ้ลมูกร้อดรอบีน,คู้-คลองสิบ,3,17:00-19:00,0,0,1
หน้ามัสยิดอัลอิสติกอมะห์,ประชาอุทิศ,2,07:00-09:00,0,0,1
หน้ามัสยิดอัลอิสติกอมะห์,ประชาอุทิศ,2,09:00-17:00,0,0,1
หน้ามัสยิดอัลอิสติกอมะห์,ประชาอุทิศ,2,17:00-19:00,0,0,1
หน้ามาร์เก็ตเพลส,เทพรักษ์,2,07:00-09:00,0,0,1
หน้ามาร์เก็ตเพลส,เทพรักษ์,2,09:00-17:00,0,0,1
หน้ามาร์เก็ตเพลส,เทพรักษ์,2,17:00-19:00,0,0,1
หน้าร.พ.รามาธิบดี,พระรามที่ 6,1,07:00-09:00,0,1,0
หน้าร.พ.รามาธิบดี,พระรามที่ 6,1,09:00-16:00,0,1,0
หน้าร.พ.รามาธิบดี,พระรามที่ 6,1,16:00-19:00,0,1,0
หน้ารพ.พญาไท 2,พหลโยธิน,3,07:00-09:00,0,1,0
หน้ารพ.พญาไท 2,พหลโยธิน,3,09:00-16:00,0,1,0
หน้ารพ.พญาไท 2,พหลโยธิน,3,16:00-19:00,0,1,0
หน้ารพ.พญาไท 2,พหลโยธิน,4,07:00-09:00,0,1,0
หน้ารพ.พญาไท 2,พหลโยธิน,4,09:00-16:00,0,1,0
หน้ารพ.พญาไท 2,พหลโยธิน,4,16:00-19:00,0,1,0
หน้ารพ.รามาธิบดี,พระรามที่ 6,2,07:00-09:00,0,1,0
หน้ารพ.รามาธิบดี,พระรามที่ 6,2,09:00-16:00,0,1,0
หน้ารพ.รามาธิบดี,พระรามที่ 6,2,16:00-19:00,0,1,0
หน้ารพ.รามาธิบดี,พระรามที่ 6,3,07:00-09:00,0,1,0
หน้ารพ.รามาธิบดี,พระรามที่ 6,3,09:00-16:00,0,1,0
หน้ารพ.รามาธิบดี,พระรามที่ 6,3,16:00-19:00,0,1,0
หน้ารัฐสภา,อู่ทองใน,3,07:00-09:00,1,0,0
หน้ารัฐสภา,อู่ทองใน,3,09:00-16:00,1,0,0
หน้ารัฐสภา,อู่ทองใน,3,16:00-19:00,1,0,0
หน้ารัฐสภาใหม่,รัชดาภิเษก,3,07:00-09:00,0,1,0
หน้ารัฐสภาใหม่,รัชดาภิเษก,3,09:00-16:00,0,1,0
หน้ารัฐสภาใหม่,รัชดาภิเษก,3,16:00-19:00,0,1,0
หน้ารัฐสภาใหม่,สามเสน,3,07:00-09:00,0,1,0
หน้ารัฐสภาใหม่,สามเสน,3,09:00-16:00,0,1,0
หน้ารัฐสภาใหม่,สามเสน,3,16:00-19:00,0,1,0
หน้าราชตฤณมัยสมาคม,พิษณุโลก,3,07:00-09:00,0,1,0
หน้าราชตฤณมัยสมาคม,พิษณุโลก,3,09:00-16:00,0,1,0
หน้าราชตฤณมัยสมาคม,พิษณุโลก,3,16:00-19:00,0,1,0
หน้าราชนาวีสโมสร,มหาราช,1,07:00-09:00,1,0,0
หน้าราชนาวีสโมสร,มหาราช,1,09:00-16:00,1,0,0
หน้าราชนาวีสโมสร,มหาราช,1,16:00-19:00,1,0,0
หน้าร้าน Dento Lighting,เจริญราษฎร์,1,07:00-09:00,0,0,1
หน้าร้าน Dento Lighting,เจริญราษฎร์,1,09:00-17:00,0,0,1
หน้าร้าน Dento Lighting,เจริญราษฎร์,1,17:00-19:00,0,0,1
หน้าร้าน Moonlight Garden,ทวีวัฒนา-กาญจนาภิเษก,3,07:00-09:00,0,0,1
หน้าร้าน Moonlight Garden,ทวีวัฒนา-กาญจนาภิเษก,3,09:00-17:00,0,0,1
หน้าร้าน Moonlight Garden,ทวีวัฒนา-กาญจนาภิเษก,3,17:00-19:00,0,0,1
หน้าวชิระพยาบาล,สามเสน,3,07:00-09:00,0,1,0
หน้าวชิระพยาบาล,สามเสน,3,09:00-16:00,0,1,0
หน้าวชิระพยาบาล,สามเสน,3,16:00-19:00,0,1,0
หน้าวัดชัยมงคล,พระรามที่ 1,3,07:00-09:00,0,1,0
หน้าวัดชัยมงคล,พระรามที่ 1,3,09:00-16:00,0,1,0
หน้าวัดชัยมงคล,พระรามที่ 1,3,16:00-19:00,0,1,0
หน้าวัดดิสานุการาม,วรจักร,3,07:00-09:00,0,1,0
หน้าวัดดิสานุการาม,วรจักร,3,09:00-16:00,0,1,0
หน้าวัดดิสานุการาม,วรจักร,3,16:00-19:00,0,1,0
หน้าวัดบรมนิวาสราชวรวิหาร,พระรามที่ 6,4,07:00-09:00,0,0,1
หน้าวัดบรมนิวาสราชวรวิหาร,พระรามที่ 6,4,09:00-16:00,0,0,1
หน้าวัดบรมนิวาสราชวรวิหาร,พระรามที่ 6,4,16:00-19:00,0,0,1
หน้าวัดพระศรีมหาธาตุวรวิหาร,พหลโยธิน,1,07:00-09:00,1,0,0
หน้าวัดพระศรีมหาธาตุวรวิหาร,พหลโยธิน,1,09:00-16:00,1,0,0
หน้าวัดพระศรีมหาธาตุวรวิหาร,พหลโยธิน,1,16:00-19:00,1,0,0
หน้าวัดพระศรีมหาธาตุฯ,พหลโยธิน,2,07:00-09:00,1,0,0
หน้าวัดพระศรีมหาธาตุฯ,พหลโยธิน,2,09:00-16:00,1,0,0
หน้าวัดพระศรีมหาธาตุฯ,พหลโยธิน,2,16:00-19:00,1,0,0
หน้าวัดมหรรณพาราม,ตะนาว,1,07:00-09:00,1,1,0
หน้าวัดมหรรณพาราม,ตะนาว,1,09:00-16:00,1,1,0
หน้าวัดมหรรณพาราม,ตะนาว,1,16:00-19:00,1,1,0
หน้าวัดมหรรณพาราม,ตะนาว,4,07:00-09:00,1,0,0
หน้าวัดมหรรณพาราม,ตะนาว,4,09:00-16:00,1,0,0
หน้าวัดมหรรณพาราม,ตะนาว,4,16:00-19:00,1,0,0
หน้าวัดมังกรกมลาวาส,เจริญกรุง,3,07:00-09:00,1,0,0
หน้าวัดมังกรกมลาวาส,เจริญกรุง,3,09:00-16:00,1,0,0
หน้าวัดมังกรกมลาวาส,เจริญกรุง,3,16:00-19:00,1,0,0
หน้าวัดมังกรฯ,เจริญกรุง,4,07:00-09:00,0,0,1
หน้าวัดมังกรฯ,เจริญกรุง,4,09:00-17:00,0,0,1
หน้าวัดมังกรฯ,เจริญกรุง,4,17:00-19:00,0,0,1
หน้าวัดราชบุรณราชวรวิหาร,จักรเพชร,1,07:00-09:00,0,0,1
หน้าวัดราชบุรณราชวรวิหาร,จักรเพชร,1,09:00-17:00,0,0,1
หน้าวัดราชบุรณราชวรวิหาร,จักรเพชร,1,17:00-19:00,0,0,1
หน้าวัดลครทำ,อิสรภาพ,2,07:00-09:00,0,0,1
หน้าวัดลครทำ,อิสรภาพ,2,09:00-17:00,0,0,1
หน้าวัดลครทำ,อิสรภาพ,2,17:00-19:00,0,0,1
หน้าวัดศรีนวล,หนองแขม-วัดศรีนวล,1,07:00-09:00,0,0,1
หน้าวัดศรีนวล,หนองแขม-วัดศรีนวล,1,09:00-17:00,0,0,1
หน้าวัดศรีนวล,หนองแขม-วัดศรีนวล,1,17:00-19:00,0,0,1
หน้าวัดสามง่าม,คู้-คลองสิบ,3,07:00-09:00,0,0,1
หน้าวัดสามง่าม,คู้-คลองสิบ,3,09:00-17:00,0,0,1
หน้าวัดสามง่าม,คู้-คลองสิบ,3,17:00-19:00,0,0,1
หน้าวัดสีกัน,สรงประภา,4,07:00-09:00,2,0,0
หน้าวัดสีกัน,สรงประภา,4,09:00-16:00,2,0,0
หน้าวัดสีกัน,สรงประภา,4,16:00-19:00,2,0,0
หน้าวัดสุทัศน์,บำรุงเมือง,1,07:00-09:00,1,0,0
หน้าวัดสุทัศน์,บำรุงเมือง,1,09:00-16:00,1,0,0
หน้าวัดสุทัศน์,บำรุงเมือง,1,16:00-19:00,1,0,0
หน้าวัดอมรินทรารามวิหาร,พระนเรศวรมหาราช,4,07:00-09:00,0,0,1
หน้าวัดอมรินทรารามวิหาร,พระนเรศวรมหาราช,4,09:00-17:00,0,0,1
หน้าวัดอมรินทรารามวิหาร,พระนเรศวรมหาราช,4,17:00-19:00,0,0,1
หน้าวัดอยู่ดีบำรุงธรรม,เพิ่มสิน,2,07:00-09:00,1,0,0
หน้าวัดอยู่ดีบำรุงธรรม,เพิ่มสิน,2,09:00-16:00,1,0,0
หน้าวัดอยู่ดีบำรุงธรรม,เพิ่มสิน,2,16:00-19:00,1,0,0
หน้าวัดเจ้าอาม,บางขุนนนท์,1,07:00-09:00,0,0,1
หน้าวัดเจ้าอาม,บางขุนนนท์,1,09:00-16:00,0,0,1
หน้าวัดเจ้าอาม,บางขุนนนท์,1,16:00-19:00,0,0,1
หน้าวัดเทพธิดาราม,มหาไชย,4,07:00-09:00,1,0,0
หน้าวัดเทพธิดาราม,มหาไชย,4,09:00-16:00,1,0,0
หน้าวัดเทพธิดาราม,มหาไชย,4,16:00-19:00,1,0,0
หน้าวัดเทพศิรินทร์,หลวง,3,07:00-09:00,0,1,0
หน้าวัดเทพศิรินทร์,หลวง,3,09:00-16:00,0,1,0
หน้าวัดเทพศิรินทร์,หลวง,3,16:00-19:00,0,1,0
หน้าวัดเบญจมบพิตร,ศรีอยุธยา,4,07:00-09:00,1,0,0
หน้าวัดเบญจมบพิตร,ศรีอยุธยา,4,09:00-16:00,1,0,0
หน้าวัดเบญจมบพิตร,ศรีอยุธยา,4,16:00-19:00,1,0,0
หน้าวัดเสาหิน ซ.วงศ์สว่าง 3,วงศ์สว่าง,3,07:00-09:00,0,1,0
หน้าวัดเสาหิน ซ.วงศ์สว่าง 3,วงศ์สว่าง,3,09:00-16:00,0,1,0
หน้าวัดเสาหิน ซ.วงศ์สว่าง 3,วงศ์สว่าง,3,16:00-19:00,0,1,0
หน้าวัดโพธิ์เรียง,จรัญสนิทวงศ์,4,07:00-09:00,2,0,0
หน้าวัดโพธิ์เรียง,จรัญสนิทวงศ์,4,09:00-16:00,2,0,0
หน้าวัดโพธิ์เรียง,จรัญสนิทวงศ์,4,16:00-19:00,2,0,0
หน้าวัดใหม่ยายมอญ,สุทธาวาส,1,07:00-09:00,0,0,1
หน้าวัดใหม่ยายมอญ,สุทธาวาส,1,09:00-16:00,0,0,1
หน้าวัดใหม่ยายมอญ,สุทธาวาส,1,16:00-19:00,0,0,1
หน้าวิทยาลัยพยาบาลตำรวจ,อังรีดูนังต์,4,07:00-09:00,1,0,0
หน้าวิทยาลัยพยาบาลตำรวจ,อังรีดูนังต์,4,09:00-16:00,1,0,0
หน้าวิทยาลัยพยาบาลตำรวจ,อังรีดูนังต์,4,16:00-19:00,1,0,0
หน้าวิทยาลัยเทคนิคกาญจนาภิเษกมหานคร,คุ้มเกล้า,1,07:00-09:00,0,0,2
หน้าวิทยาลัยเทคนิคกาญจนาภิเษกมหานคร,คุ้มเกล้า,1,09:00-17:00,0,0,2
หน้าวิทยาลัยเทคนิคกาญจนาภิเษกมหานคร,คุ้มเกล้า,1,17:00-19:00,0,0,2
หน้าวิทยาลัยเทคนิคดอนเมือง,สรงประภา,4,07:00-09:00,2,0,0
หน้าวิทยาลัยเทคนิคดอนเมือง,สรงประภา,4,09:00-16:00,2,0,0
หน้าวิทยาลัยเทคนิคดอนเมือง,สรงประภา,4,16:00-19:00,2,0,0
หน้าวิทยาลัยเทคโนโลยีฐานเทคโนโลยี,พรมแดน,1,07:00-09:00,0,0,1
หน้าวิทยาลัยเทคโนโลยีฐานเทคโนโลยี,พรมแดน,1,09:00-17:00,0,0,1
หน้าวิทยาลัยเทคโนโลยีฐานเทคโนโลยี,พรมแดน,1,17:00-19:00,0,0,1
หน้าศรีย่านทันตแพทย์,นครไชยศรี,3,07:00-09:00,0,1,0
หน้าศรีย่านทันตแพทย์,นครไชยศรี,3,09:00-16:00,0,1,0
หน้าศรีย่านทันตแพทย์,นครไชยศรี,3,16:00-19:00,0,1,0
หน้าศาลรัฐธรรมนูญ,จักรเพชร,1,07:00-09:00,0,0,1
หน้าศาลรัฐธรรมนูญ,จักรเพชร,1,09:00-17:00,0,0,1
หน้าศาลรัฐธรรมนูญ,จักรเพชร,1,17:00-19:00,0,0,1
หน้าศาสนสถานวัดซิกข์,จักรเพชร,2,07:00-09:00,0,0,1
หน้าศาสนสถานวัดซิกข์,จักรเพชร,2,09:00-16:00,0,0,1
หน้าศาสนสถานวัดซิกข์,จักรเพชร,2,16:00-19:00,0,0,1
หน้าศูนย์การค้าไทยโก้,หลวงแพ่ง,2,07:00-09:00,0,0,1
หน้าศูนย์การค้าไทยโก้,หลวงแพ่ง,2,09:00-17:00,0,0,1
หน้าศูนย์การค้าไทยโก้,หลวงแพ่ง,2,17:00-19:00,0,0,1
หน้าศูนย์มาสด้าพระราม 7,พิบูลสงคราม,4,07:00-09:00,0,0,1
หน้าศูนย์มาสด้าพระราม 7,พิบูลสงคราม,4,09:00-17:00,0,0,1
หน้าศูนย์มาสด้าพระราม 7,พิบูลสงคราม,4,17:00-19:00,0,0,1
หน้าศูนย์ราชการกระทรวงมหาดไทย,เจริญนคร,2,07:00-09:00,0,0,1
หน้าศูนย์ราชการกระทรวงมหาดไทย,เจริญนคร,2,09:00-17:00,0,0,1
หน้าศูนย์ราชการกระทรวงมหาดไทย,เจริญนคร,2,17:00-19:00,0,0,1
หน้าศูนย์สาธารณสุข 48,เลียบคลองภาษีเจริญฝั่งหนือ,4,07:00-09:00,0,0,1
หน้าศูนย์สาธารณสุข 48,เลียบคลองภาษีเจริญฝั่งหนือ,4,09:00-17:00,0,0,1
หน้าศูนย์สาธารณสุข 48,เลียบคลองภาษีเจริญฝั่งหนือ,4,17:00-19:00,0,0,1
หน้าศูนย์สาธารณสุข 48,เลียบคลองภาษีเจริญฝั่งเหนือ,2,07:00-09:00,1,0,0
หน้าศูนย์สาธารณสุข 48,เลียบคลองภาษีเจริญฝั่งเหนือ,2,09:00-16:00,1,0,0
หน้าศูนย์สาธารณสุข 48,เลียบคลองภาษีเจริญฝั่งเหนือ,2,16:00-19:00,1,0,0
หน้าศูนย์ฮอนด้า,พญาไท,3,07:00-09:00,0,1,0
หน้าศูนย์ฮอนด้า,พญาไท,3,09:00-16:00,0,1,0
หน้าศูนย์ฮอนด้า,พญาไท,3,16:00-19:00,0,1,0
หน้าศูนย์โตโยต้าภูมิพัฒนา,เลียบวารี,2,07:00-09:00,0,0,1
หน้าศูนย์โตโยต้าภูมิพัฒนา,เลียบวารี,2,09:00-17:00,0,0,1
หน้าศูนย์โตโยต้าภูมิพัฒนา,เลียบวารี,2,17:00-19:00,0,0,1
หน้าสถานฑูตญี่ปุ่น,วิทยุ,2,07:00-09:00,1,0,0
หน้าสถานฑูตญี่ปุ่น,วิทยุ,2,09:00-16:00,1,0,0
หน้าสถานฑูตญี่ปุ่น,วิทยุ,2,16:00-19:00,1,0,0
หน้าสถานทูตสหรัฐอเมริกา,วิทยุ,2,07:00-09:00,1,0,0
หน้าสถานทูตสหรัฐอเมริกา,วิทยุ,2,09:00-16:00,1,0,0
หน้าสถานทูตสหรัฐอเมริกา,วิทยุ,2,16:00-19:00,1,0,0
หน้าสถานี BTS วงเวียนใหญ่,กรุงธนบุรี,4,07:00-09:00,1,0,0
หน้าสถานี3718 วงเวียนใหญ่,กรุงธนบุรี,4,09:00-16:00,1,0,0
หน้าสถานี3718 วงเวียนใหญ่,กรุงธนบุรี,4,16:00-19:00,1,0,0
หน้าสถานีดับเพลิงธนบุรี,ถนนอินทรพิทักษ์,4,07:00-09:00,1,0,0
หน้าสถานีดับเพลิงธนบุรี,ถนนอินทรพิทักษ์,4,09:00-16:00,1,0,0
หน้าสถานีดับเพลิงธนบุรี,ถนนอินทรพิทักษ์,4,16:00-19:00,1,0,0
หน้าสถานีดับเพลิงธนบุรี,อินทรพิทักษ์,4,07:00-09:00,1,0,0
หน้าสถานีดับเพลิงธนบุรี,อินทรพิทักษ์,4,09:00-16:00,1,0,0
หน้าสถานีดับเพลิงธนบุรี,อินทรพิทักษ์,4,16:00-19:00,1,0,0
หน้าสถานีดับเพลิงปากคลองสาน,เจริญนคร,4,07:00-09:00,2,0,0
หน้าสถานีดับเพลิงปากคลองสาน,เจริญนคร,4,09:00-16:00,2,0,0
หน้าสถานีดับเพลิงปากคลองสาน,เจริญนคร,4,16:00-19:00,2,0,0
หน้าสถานีตำรวจนครบาลบุคคโล,เจริญนคร,4,07:00-09:00,1,0,0
หน้าสถานีตำรวจนครบาลบุคคโล,เจริญนคร,4,09:00-16:00,1,0,0
หน้าสถานีตำรวจนครบาลบุคคโล,เจริญนคร,4,16:00-19:00,1,0,0
หน้าสถานีเดินรถโดยสารขนาดเล็ก,กำแพงเพชร 2,1,07:00-09:00,1,0,0
หน้าสถานีเดินรถโดยสารขนาดเล็ก,กำแพงเพชร 2,1,09:00-16:00,1,0,0
หน้าสถานีเดินรถโดยสารขนาดเล็ก,กำแพงเพชร 2,1,16:00-19:00,1,0,0
หน้าสถานเสาวภา สภากาชาดไทย,พระรามที่ 4,2,07:00-09:00,0,0,1
หน้าสถานเสาวภา สภากาชาดไทย,พระรามที่ 4,2,09:00-17:00,0,0,1
หน้าสถานเสาวภา สภากาชาดไทย,พระรามที่ 4,2,17:00-19:00,0,0,1
หน้าสถานเอกอัครฑูตอิหร่าน,ซอยสุขุมวิท49/11,3,06:30-09:00,1,0,0
หน้าสถานเอกอัครฑูตอิหร่าน,ซอยสุขุมวิท49/11,3,09:00-16:00,1,0,0
หน้าสถานเอกอัครฑูตอิหร่าน,ซอยสุขุมวิท49/11,3,16:00-19:30,1,0,0
หน้าสถานเอกอัครราชทูตฟิลิปปินส์,สุขุมวิท,3,07:00-09:00,1,0,0
หน้าสถานเอกอัครราชทูตฟิลิปปินส์,สุขุมวิท,3,09:00-16:00,1,0,0
หน้าสถานเอกอัครราชทูตฟิลิปปินส์,สุขุมวิท,3,16:00-19:00,1,0,0
หน้าสถานเอกอัครราชทูตอเมริกา,วิทยุ,4,07:00-09:00,0,0,1
หน้าสถานเอกอัครราชทูตอเมริกา,วิทยุ,4,09:00-17:00,0,0,1
หน้าสถานเอกอัครราชทูตอเมริกา,วิทยุ,4,17:00-19:00,0,0,1
หน้าสถาบันสุขภาพเด็กฯ,ราชวิถี,3,07:00-09:00,0,0,1
หน้าสถาบันสุขภาพเด็กฯ,ราชวิถี,3,09:00-17:00,0,0,1
หน้าสถาบันสุขภาพเด็กฯ,ราชวิถี,3,17:00-19:00,0,0,1
หน้าสถาบันโรคไตฯ,พญาไท,4,07:00-09:00,0,0,1
หน้าสถาบันโรคไตฯ,พญาไท,4,09:00-17:00,0,0,1
หน้าสถาบันโรคไตฯ,พญาไท,4,17:00-19:00,0,0,1
หน้าสนามกีฬาศุภชลาศัย,พระรามที่ 1,3,07:00-09:00,0,1,0
หน้าสนามกีฬาศุภชลาศัย,พระรามที่ 1,3,09:00-16:00,0,1,0
หน้าสนามกีฬาศุภชลาศัย,พระรามที่ 1,3,16:00-19:00,0,1,0
หน้าสภากาชาดไทย,อังรีดูนังต์,2,07:00-09:00,0,1,0
หน้าสภากาชาดไทย,อังรีดูนังต์,2,09:00-16:00,0,1,0
หน้าสภากาชาดไทย,อังรีดูนังต์,2,16:00-19:00,0,1,0
หน้าสมาคมมิตรภาพบางแค,พุทธมณฑลสาย 1,2,07:00-09:00,1,0,0
หน้าสมาคมมิตรภาพบางแค,พุทธมณฑลสาย 1,2,09:00-16:00,1,0,0
หน้าสมาคมมิตรภาพบางแค,พุทธมณฑลสาย 1,2,16:00-19:00,1,0,0
หน้าสยามเซ็นเตอร์,พระรามที่ 1,3,07:00-09:00,0,1,0
หน้าสยามเซ็นเตอร์,พระรามที่ 1,3,09:00-16:00,0,1,0
หน้าสยามเซ็นเตอร์,พระรามที่ 1,3,16:00-19:00,0,1,0
หน้าสวนดุสิต,พระรามที่ 5,4,07:00-09:00,1,0,0
หน้าสวนดุสิต,พระรามที่ 5,4,09:00-16:00,1,0,0
หน้าสวนดุสิต,พระรามที่ 5,4,16:00-19:00,1,0,0
หน้าสวนธนบุรีรมณ์,ทางเข้า - ออกสวนธนบุรีรมณ์,4,07:00-09:00,0,0,1
หน้าสวนธนบุรีรมณ์,ทางเข้า - ออกสวนธนบุรีรมณ์,4,09:00-17:00,0,0,1
หน้าสวนธนบุรีรมณ์,ทางเข้า - ออกสวนธนบุรีรมณ์,4,17:00-19:00,0,0,1
หน้าสวนธนบุรีรมณ์,พุทธบูชา,4,07:00-09:00,0,0,1
หน้าสวนธนบุรีรมณ์,พุทธบูชา,4,09:00-17:00,0,0,1
หน้าสวนธนบุรีรมณ์,พุทธบูชา,4,17:00-19:00,0,0,1
หน้าสวนสัตว์ดุสิต,ราชวิถี,4,07:00-09:00,1,0,0
หน้าสวนสัตว์ดุสิต,ราชวิถี,4,09:00-16:00,1,0,0
หน้าสวนสัตว์ดุสิต,ราชวิถี,4,16:00-19:00,1,0,0
หน้าสวนสัตว์ดุสิต,อู่ทองใน,1,07:00-09:00,1,0,0
หน้าสวนสัตว์ดุสิต,อู่ทองใน,1,09:00-16:00,1,0,0
หน้าสวนสัตว์ดุสิต,อู่ทองใน,1,16:00-19:00,1,0,0
หน้าสวนสัตว์ดุสิต,อู่ทองใน,4,07:00-09:00,1,0,0
หน้าสวนสัตว์ดุสิต,อู่ทองใน,4,09:00-16:00,1,0,0
หน้าสวนสัตว์ดุสิต,อู่ทองใน,4,16:00-19:00,1,0,0
หน้าสวนอาหารปีกไม้,พุทธมณฑลสาย 2,3,07:00-09:00,0,0,1
หน้าสวนอาหารปีกไม้,พุทธมณฑลสาย 2,3,09:00-17:00,0,0,1
หน้าสวนอาหารปีกไม้,พุทธมณฑลสาย 2,3,17:00-19:00,0,0,1
หน้าสำนักงานขนส่งทางบกพื้นที่1,บางขุนเทียน - ชายทะเล,2,07:00-09:00,1,0,0
หน้าสำนักงานขนส่งทางบกพื้นที่1,บางขุนเทียน - ชายทะเล,2,09:00-16:00,1,0,0
หน้าสำนักงานขนส่งทางบกพื้นที่1,บางขุนเทียน - ชายทะเล,2,16:00-19:00,1,0,0
หน้าสำนักงานชนส่งพื้นที 1,บางขุนเทียนชายทะเล,1,07:00-09:00,1,0,0
หน้าสำนักงานชนส่งพื้นที 1,บางขุนเทียนชายทะเล,1,09:00-16:00,1,0,0
หน้าสำนักงานชนส่งพื้นที 1,บางขุนเทียนชายทะเล,1,16:00-19:00,1,0,0
หน้าสำนักงานบำรุงรักษาสะพานพระพุทธยอดฟ้าฯ,สะพานพุทธ,1,07:00-09:00,0,0,1
หน้าสำนักงานบำรุงรักษาสะพานพระพุทธยอดฟ้าฯ,สะพานพุทธ,1,09:00-17:00,0,0,1
หน้าสำนักงานบำรุงรักษาสะพานพระพุทธยอดฟ้าฯ,สะพานพุทธ,1,17:00-19:00,0,0,1
หน้าสำนักงานเขตคลองสามวา,เลียบคลองสอง,2,07:00-09:00,1,0,0
หน้าสำนักงานเขตคลองสามวา,เลียบคลองสอง,2,09:00-16:00,1,0,0
หน้าสำนักงานเขตคลองสามวา,เลียบคลองสอง,2,16:00-19:00,1,0,0
หน้าสำนักงานเขตสวนหลวง,พัฒนาการ,3,07:00-09:00,0,1,0
หน้าสำนักงานเขตสวนหลวง,พัฒนาการ,3,09:00-16:00,0,1,0
หน้าสำนักงานเขตสวนหลวง,พัฒนาการ,3,16:00-19:00,0,1,0
หน้าสำนักงานเขตหนองจอก,ประชาสำราญ,3,07:00-09:00,0,0,1
หน้าสำนักงานเขตหนองจอก,ประชาสำราญ,3,09:00-16:00,0,0,1
หน้าสำนักงานเขตหนองจอก,ประชาสำราญ,3,16:00-19:00,0,0,1
หน้าสำนักงานเขตหนองจอก,สังฆสันติสุข,3,07:00-09:00,0,0,1
หน้าสำนักงานเขตหนองจอก,สังฆสันติสุข,3,09:00-16:00,0,0,1
หน้าสำนักงานเขตหนองจอก,สังฆสันติสุข,3,16:00-19:00,0,0,1
หน้าสำนักงานเขตหนองจอก,เชื่อมสัมพันธ์,3,07:00-09:00,0,0,1
หน้าสำนักงานเขตหนองจอก,เชื่อมสัมพันธ์,3,09:00-16:00,0,0,1
หน้าสำนักงานเขตหนองจอก,เชื่อมสัมพันธ์,3,16:00-19:00,0,0,1
หน้าสำนักงานเขตหนองจอก,เลียบวารี,3,07:00-09:00,0,0,1
หน้าสำนักงานเขตหนองจอก,เลียบวารี,3,09:00-16:00,0,0,1
หน้าสำนักงานเขตหนองจอก,เลียบวารี,3,16:00-19:00,0,0,1
หน้าหมู่บ้าน เค.ซี.การ์เด้น ใกล้นิมิตรใหม่ 40,นิมิตรใหม่,2,07:00-09:00,1,0,0
หน้าหมู่บ้าน เค.ซี.การ์เด้น ใกล้นิมิตรใหม่ 40,นิมิตรใหม่,2,09:00-16:00,1,0,0
หน้าหมู่บ้าน เค.ซี.การ์เด้น ใกล้นิมิตรใหม่ 40,นิมิตรใหม่,2,16:00-19:00,1,0,0
หน้าหมู่บ้านฉัตรหลวง(ราษฎร์อุทิศ 54),เลียบวารี,1,07:00-09:00,0,0,1
หน้าหมู่บ้านฉัตรหลวง(ราษฎร์อุทิศ 54),เลียบวารี,1,09:00-17:00,0,0,1
หน้าหมู่บ้านฉัตรหลวง(ราษฎร์อุทิศ 54),เลียบวารี,1,17:00-19:00,0,0,1
หน้าหมู่บ้านชัยพฤกษ์,พระยาสุเรนทร์ 30,4,07:00-09:00,0,0,1
หน้าหมู่บ้านชัยพฤกษ์,พระยาสุเรนทร์ 30,4,09:00-16:00,0,0,1
หน้าหมู่บ้านชัยพฤกษ์,พระยาสุเรนทร์ 30,4,16:00-19:00,0,0,1
หน้าหมู่บ้านนันทวัน 10(ซ.เลียบวารี 37),เลียบวารี,1,07:00-09:00,0,0,1
หน้าหมู่บ้านนันทวัน 10(ซ.เลียบวารี 37),เลียบวารี,1,09:00-17:00,0,0,1
หน้าหมู่บ้านนันทวัน 10(ซ.เลียบวารี 37),เลียบวารี,1,17:00-19:00,0,0,1
หน้าหมู่บ้านนันทวัน 5 (ซ.เลียบวารี 11),เลียบวารี,1,07:00-09:00,0,0,1
หน้าหมู่บ้านนันทวัน 5 (ซ.เลียบวารี 11),เลียบวารี,1,09:00-17:00,0,0,1
หน้าหมู่บ้านนันทวัน 5 (ซ.เลียบวารี 11),เลียบวารี,1,17:00-19:00,0,0,1
หน้าหมู่บ้านประภาทรัพย์,เจริญพัฒนา,4,07:00-09:00,0,0,1
หน้าหมู่บ้านประภาทรัพย์,เจริญพัฒนา,4,09:00-16:00,0,0,1
หน้าหมู่บ้านประภาทรัพย์,เจริญพัฒนา,4,16:00-19:00,0,0,1
หน้าหมู่บ้านพรทิพา 4,หนองแขม - วัดศรีนวล,1,07:00-09:00,0,0,1
หน้าหมู่บ้านพรทิพา 4,หนองแขม - วัดศรีนวล,1,09:00-17:00,0,0,1
หน้าหมู่บ้านพรทิพา 4,หนองแขม - วัดศรีนวล,1,17:00-19:00,0,0,1
หน้าหมู่บ้านพฤกษ์ภิรมย์,แบริ่งลาซาล,1,07:00-09:00,0,0,1
หน้าหมู่บ้านพฤกษ์ภิรมย์,แบริ่งลาซาล,1,09:00-17:00,0,0,1
หน้าหมู่บ้านพฤกษ์ภิรมย์,แบริ่งลาซาล,1,17:00-19:00,0,0,1
หน้าหมู่บ้านมหาดไทย 1,พุทธมณฑลสาย 1,2,07:00-09:00,1,0,0
หน้าหมู่บ้านมหาดไทย 1,พุทธมณฑลสาย 1,2,09:00-16:00,1,0,0
หน้าหมู่บ้านมหาดไทย 1,พุทธมณฑลสาย 1,2,16:00-19:00,1,0,0
หน้าหมู่บ้านสุชา 2,ทวีวัฒนา,1,07:00-09:00,0,0,1
หน้าหมู่บ้านสุชา 2,ทวีวัฒนา,1,09:00-17:00,0,0,1
หน้าหมู่บ้านสุชา 2,ทวีวัฒนา,1,17:00-19:00,0,0,1
หน้าหมู่บ้านอมรทรัพย์ 1(ซ.เลียบวารี 25),เลียบวารี,1,07:00-09:00,0,0,1
หน้าหมู่บ้านอมรทรัพย์ 1(ซ.เลียบวารี 25),เลียบวารี,1,09:00-17:00,0,0,1
หน้าหมู่บ้านอมรทรัพย์ 1(ซ.เลียบวารี 25),เลียบวารี,1,17:00-19:00,0,0,1
หน้าหมู่บ้านเพชรเกษม 4,ทวีวัฒนา,1,07:00-09:00,0,0,1
หน้าหมู่บ้านเพชรเกษม 4,ทวีวัฒนา,1,09:00-17:00,0,0,1
หน้าหมู่บ้านเพชรเกษม 4,ทวีวัฒนา,1,17:00-19:00,0,0,1
หน้าหมู่บ้านเพชรเกษม 4,พุทธมณฑลสาย 3,3,07:00-09:00,0,0,1
หน้าหมู่บ้านเพชรเกษม 4,พุทธมณฑลสาย 3,3,09:00-17:00,0,0,1
หน้าหมู่บ้านเพชรเกษม 4,พุทธมณฑลสาย 3,3,17:00-19:00,0,0,1
หน้าหมู่บ้านเพิ่มทรัพย์,เทอดไท,2,07:00-09:00,0,0,1
หน้าหมู่บ้านเพิ่มทรัพย์,เทอดไท,2,09:00-17:00,0,0,1
หน้าหมู่บ้านเพิ่มทรัพย์,เทอดไท,2,17:00-19:00,0,0,1
หน้าหมู่บ้านเอื้ออาทรลาดกระบัง 2,ประชาพัฒนา,2,07:00-09:00,0,0,1
หน้าหมู่บ้านเอื้ออาทรลาดกระบัง 2,ประชาพัฒนา,2,09:00-17:00,0,0,1
หน้าหมู่บ้านเอื้ออาทรลาดกระบัง 2,ประชาพัฒนา,2,17:00-19:00,0,0,1
หน้าหอประชุมกองทัพอากาศ,พหลโยธิน,4,07:00-09:00,1,0,0
หน้าหอประชุมกองทัพอากาศ,พหลโยธิน,4,09:00-16:00,1,0,0
หน้าหอประชุมกองทัพอากาศ,พหลโยธิน,4,16:00-19:00,1,0,0
หน้าหอสมุดพระจอมเกล้าฯ ลาดกระบัง,ฉลองกรุง,4,07:00-09:00,0,0,1
หน้าหอสมุดพระจอมเกล้าฯ ลาดกระบัง,ฉลองกรุง,4,09:00-16:00,0,0,1
หน้าหอสมุดพระจอมเกล้าฯ ลาดกระบัง,ฉลองกรุง,4,16:00-19:00,0,0,1
หน้าห้างธัญญาพาร์ค,ศรีนครินทร์,1,07:00-09:00,0,0,1
หน้าห้างธัญญาพาร์ค,ศรีนครินทร์,1,09:00-17:00,0,0,1
หน้าห้างธัญญาพาร์ค,ศรีนครินทร์,1,17:00-19:00,0,0,1
หน้าห้างอินเดียเอ็มโพเรียม,จักรเพชร,4,07:00-09:00,0,0,1
หน้าห้างอินเดียเอ็มโพเรียม,จักรเพชร,4,09:00-17:00,0,0,1
หน้าห้างอินเดียเอ็มโพเรียม,จักรเพชร,4,17:00-19:00,0,0,1
หน้าห้างเซ็นจูรี่,รางน้ำ,3,07:00-09:00,0,0,1
หน้าห้างเซ็นจูรี่,รางน้ำ,3,09:00-17:00,0,0,1
หน้าห้างเซ็นจูรี่,รางน้ำ,3,17:00-19:00,0,0,1
หน้าห้างเดอะไนท์,พระราม 9,1,07:00-09:00,1,0,0
หน้าห้างเดอะไนท์,พระราม 9,1,09:00-16:00,1,0,0
หน้าห้างเดอะไนท์,พระราม 9,1,16:00-19:00,1,0,0
หน้าอาคาร CDG HOUSE,รัชดาภิเษก,2,07:00-09:00,0,0,1
หน้าอาคาร CDG HOUSE,รัชดาภิเษก,2,09:00-17:00,0,0,1
หน้าอาคาร CDG HOUSE,รัชดาภิเษก,2,17:00-19:00,0,0,1
หน้าอาคาร MINT TOWER,บรรทัดทอง,2,07:00-09:00,0,0,1
หน้าอาคาร MINT TOWER,บรรทัดทอง,2,09:00-17:00,0,0,1
หน้าอาคาร MINT TOWER,บรรทัดทอง,2,17:00-19:00,0,0,1
หน้าอาคาร อปร. โรงพยาบาลจุฬาลงกรณ์,ราชดำริ,1,07:00-09:00,0,0,1
หน้าอาคาร อปร. โรงพยาบาลจุฬาลงกรณ์,ราชดำริ,1,09:00-17:00,0,0,1
หน้าอาคาร อปร. โรงพยาบาลจุฬาลงกรณ์,ราชดำริ,1,17:00-19:00,0,0,1
หน้าอาคารจามจุรี 8,พญาไท,3,06:30-09:00,1,0,0
หน้าอาคารจามจุรี 8,พญาไท,3,09:00-16:00,1,0,0
หน้าอาคารจามจุรี 8,พญาไท,3,16:00-19:30,1,0,0
หน้าอาคารรัฐสภาใหม่,สามเสน,3,07:00-09:00,0,1,0
หน้าอาคารรัฐสภาใหม่,สามเสน,3,09:00-16:00,0,1,0
หน้าอาคารรัฐสภาใหม่,สามเสน,3,16:00-19:00,0,1,0
หน้าอาคารสินธรทาวเวอร์,กรุงธนบุรี,4,07:00-09:00,1,0,0
หน้าอาคารสินธรทาวเวอร์,กรุงธนบุรี,4,09:00-16:00,1,0,0
หน้าอาคารสินธรทาวเวอร์,กรุงธนบุรี,4,16:00-19:00,1,0,0
หน้าอาคารสินสาธรทาวเวอร์,กรุงธนบุรี,1,07:00-09:00,1,0,0
หน้าอาคารสินสาธรทาวเวอร์,กรุงธนบุรี,1,09:00-16:00,1,0,0
หน้าอาคารสินสาธรทาวเวอร์,กรุงธนบุรี,1,16:00-19:00,1,0,0
หน้าอาคารสุขประพฤติ,ประชาชื่น,4,07:00-09:00,0,0,1
หน้าอาคารสุขประพฤติ,ประชาชื่น,4,09:00-17:00,0,0,1
หน้าอาคารสุขประพฤติ,ประชาชื่น,4,17:00-19:00,0,0,1
หน้าอาคารอัมรินทร์พลาซ่า,เพลินจิต,3,07:00-09:00,0,1,0
หน้าอาคารอัมรินทร์พลาซ่า,เพลินจิต,3,09:00-16:00,0,1,0
หน้าอาคารอัมรินทร์พลาซ่า,เพลินจิต,3,16:00-19:00,0,1,0
หน้าอาคารเมืองไทยภัทรคอมเพล็กซ์,รัชดาภิเษก,3,07:00-09:00,0,1,0
หน้าอาคารเมืองไทยภัทรคอมเพล็กซ์,รัชดาภิเษก,3,09:00-16:00,0,1,0
หน้าอาคารเมืองไทยภัทรคอมเพล็กซ์,รัชดาภิเษก,3,16:00-19:00,0,1,0
หน้าอาคารแปซิฟิคเรสซิเด้น,สุขุมวิท 39,2,07:00-09:00,0,0,1
หน้าอาคารแปซิฟิคเรสซิเด้น,สุขุมวิท 39,2,09:00-17:00,0,0,1
หน้าอาคารแปซิฟิคเรสซิเด้น,สุขุมวิท 39,2,17:00-19:00,0,0,1
หน้าเขตหนองจอก,สังฆสันติสุข,1,07:00-09:00,0,0,1
หน้าเขตหนองจอก,สังฆสันติสุข,1,09:00-17:00,0,0,1
หน้าเขตหนองจอก,สังฆสันติสุข,1,17:00-19:00,0,0,1
หน้าเขตหนองจอก,เชื่อมสัมพันธ์,1,07:00-09:00,0,0,1
หน้าเขตหนองจอก,เชื่อมสัมพันธ์,1,09:00-17:00,0,0,1
หน้าเขตหนองจอก,เชื่อมสัมพันธ์,1,17:00-19:00,0,0,1
หน้าเขตหนองจอก,เลียบวารี,1,07:00-09:00,0,0,1
หน้าเขตหนองจอก,เลียบวารี,1,09:00-17:00,0,0,1
หน้าเขตหนองจอก,เลียบวารี,1,17:00-19:00,0,0,1
หน้าเซเว่นหน้าวัดปากน้ำ,รัชมงคลประสาธน์,3,07:00-09:00,0,0,1
หน้าเซเว่นหน้าวัดปากน้ำ,รัชมงคลประสาธน์,3,09:00-17:00,0,0,1
หน้าเซเว่นหน้าวัดปากน้ำ,รัชมงคลประสาธน์,3,17:00-19:00,0,0,1
หน้าเซเว่นหน้าวัดปากน้ำ,รัชมงคลประสาธน์ 10,3,07:00-09:00,0,0,1
หน้าเซเว่นหน้าวัดปากน้ำ,รัชมงคลประสาธน์ 10,3,09:00-17:00,0,0,1
หน้าเซเว่นหน้าวัดปากน้ำ,รัชมงคลประสาธน์ 10,3,17:00-19:00,0,0,1
หน้าเซ็นทรัลอีสวิลล์,ประดิษฐ์มนูธรรม,3,07:00-09:00,0,0,1
หน้าเซ็นทรัลอีสวิลล์,ประดิษฐ์มนูธรรม,3,09:00-17:00,0,0,1
หน้าเซ็นทรัลอีสวิลล์,ประดิษฐ์มนูธรรม,3,17:00-19:00,0,0,1
หน้าเดอะพาซิโอ,ลาดกระบัง,2,07:00-09:00,0,0,1
หน้าเดอะพาซิโอ,ลาดกระบัง,2,09:00-17:00,0,0,1
หน้าเดอะพาซิโอ,ลาดกระบัง,2,17:00-19:00,0,0,1
หน้าเทคโนโลยีกรุงเทพ,นราธิวาสราชนครินทร์,1,07:00-09:00,1,0,0
หน้าเทคโนโลยีกรุงเทพ,นราธิวาสราชนครินทร์,1,09:00-16:00,1,0,0
หน้าเทคโนโลยีกรุงเทพ,นราธิวาสราชนครินทร์,1,16:00-19:00,1,0,0
หน้าเสถียรธรรมสถาน,วัชรพล,4,07:00-09:00,0,0,1
หน้าเสถียรธรรมสถาน,วัชรพล,4,09:00-17:00,0,0,1
หน้าเสถียรธรรมสถาน,วัชรพล,4,17:00-19:00,0,0,1
หน้าแฟลตทหารเรือ,จ่าโสด,4,07:00-09:00,0,0,1
หน้าแฟลตทหารเรือ,จ่าโสด,4,09:00-16:00,0,0,1
หน้าแฟลตทหารเรือ,จ่าโสด,4,16:00-19:00,0,0,1
หน้าแฟลตทหารเรือ,ทางรถไฟสายเก่า,4,07:00-09:00,0,0,1
หน้าแฟลตทหารเรือ,ทางรถไฟสายเก่า,4,09:00-16:00,0,0,1
หน้าแฟลตทหารเรือ,ทางรถไฟสายเก่า,4,16:00-19:00,0,0,1
หน้าแฟลตทหารเรือ,ทางเข้าออกแฟลตทหารเรือ,4,07:00-09:00,0,0,1
หน้าแฟลตทหารเรือ,ทางเข้าออกแฟลตทหารเรือ,4,09:00-16:00,0,0,1
หน้าแฟลตทหารเรือ,ทางเข้าออกแฟลตทหารเรือ,4,16:00-19:00,0,0,1
หน้าแม็กแวลู คู้บอน,คู้บอน,3,07:00-09:00,0,0,1
หน้าแม็กแวลู คู้บอน,คู้บอน,3,09:00-17:00,0,0,1
หน้าแม็กแวลู คู้บอน,คู้บอน,3,17:00-19:00,0,0,1
หน้าโครงการ SUNNY MARKET,สุขุมวิท 105,4,07:00-09:00,1,0,0
หน้าโครงการ SUNNY MARKET,สุขุมวิท 105,4,09:00-16:00,1,0,0
หน้าโครงการ SUNNY MARKET,สุขุมวิท 105,4,16:00-19:00,1,0,0
หน้าโครงการ แคโนพีบางบอน,เอกชัย,2,07:00-09:00,1,0,0
หน้าโครงการ แคโนพีบางบอน,เอกชัย,2,09:00-16:00,1,0,0
หน้าโครงการ แคโนพีบางบอน,เอกชัย,2,16:00-19:00,1,0,0
หน้าโครงการจตุจักรกรีน,กำแพงเพชร 3,4,07:00-09:00,1,0,0
หน้าโครงการจตุจักรกรีน,กำแพงเพชร 3,4,09:00-16:00,1,0,0
หน้าโครงการจตุจักรกรีน,กำแพงเพชร 3,4,16:00-19:00,1,0,0
หน้าโครงการลุมพินี,สุขุมวิท 77,2,07:00-09:00,1,0,0
หน้าโครงการลุมพินี,สุขุมวิท 77,2,09:00-16:00,1,0,0
หน้าโครงการลุมพินี,สุขุมวิท 77,2,16:00-19:00,1,0,0
หน้าโครงการเมย์แฟร์ เพลส,ซอยสุขุมวิท 50,3,06:30-09:00,1,0,0
หน้าโครงการเมย์แฟร์ เพลส,ซอยสุขุมวิท 50,3,09:00-16:00,1,0,0
หน้าโครงการเมย์แฟร์ เพลส,ซอยสุขุมวิท 50,3,16:00-19:30,1,0,0
หน้าโรงงานฟุตบอลไทย,ฉลองกรุง,2,07:00-09:00,0,1,0
หน้าโรงงานฟุตบอลไทย,ฉลองกรุง,2,09:00-16:00,0,1,0
หน้าโรงงานฟุตบอลไทย,ฉลองกรุง,2,16:00-19:00,0,1,0
หน้าโรงพยาบาลจุฬาลงกรณ์,ราชดำริ,1,07:00-09:00,1,0,0
หน้าโรงพยาบาลจุฬาลงกรณ์,ราชดำริ,1,09:00-16:00,1,0,0
หน้าโรงพยาบาลจุฬาลงกรณ์,ราชดำริ,1,16:00-19:00,1,0,0
หน้าโรงพยาบาลจุฬาลงกรณ์,ราชดำริ,2,07:00-09:00,1,0,0
หน้าโรงพยาบาลจุฬาลงกรณ์,ราชดำริ,2,09:00-16:00,1,0,0
หน้าโรงพยาบาลจุฬาลงกรณ์,ราชดำริ,2,16:00-19:00,1,0,0
หน้าโรงพยาบาลจุฬาลงกรณ์,ราชดำริ,3,07:00-09:00,1,0,0
หน้าโรงพยาบาลจุฬาลงกรณ์,ราชดำริ,3,09:00-16:00,1,0,0
หน้าโรงพยาบาลจุฬาลงกรณ์,ราชดำริ,3,16:00-19:00,1,0,0
หน้าโรงพยาบาลจุฬาลงกรณ์,ราชดำริ,4,07:00-09:00,1,0,0
หน้าโรงพยาบาลจุฬาลงกรณ์,ราชดำริ,4,09:00-16:00,1,0,0
หน้าโรงพยาบาลจุฬาลงกรณ์,ราชดำริ,4,16:00-19:00,1,0,0
หน้าโรงพยาบาลตำรวจ,ราชดำริ,1,07:00-09:00,1,0,0
หน้าโรงพยาบาลตำรวจ,ราชดำริ,1,09:00-16:00,1,0,0
หน้าโรงพยาบาลตำรวจ,ราชดำริ,1,16:00-19:00,1,0,0
หน้าโรงพยาบาลตำรวจ,ราชดำริ,2,07:00-09:00,1,0,0
หน้าโรงพยาบาลตำรวจ,ราชดำริ,2,09:00-16:00,1,0,0
หน้าโรงพยาบาลตำรวจ,ราชดำริ,2,16:00-19:00,1,0,0
หน้าโรงพยาบาลตำรวจ,ราชดำริ,4,07:00-09:00,1,0,0
หน้าโรงพยาบาลตำรวจ,ราชดำริ,4,09:00-16:00,1,0,0
หน้าโรงพยาบาลตำรวจ,ราชดำริ,4,16:00-19:00,1,0,0
หน้าโรงพยาบาลพญาไท 2,พหลโยธิน,3,07:00-09:00,0,1,0
หน้าโรงพยาบาลพญาไท 2,พหลโยธิน,3,09:00-16:00,0,1,0
หน้าโรงพยาบาลพญาไท 2,พหลโยธิน,3,16:00-19:00,0,1,0
หน้าโรงพยาบาลวิภาราม,พัฒนาการ,3,07:00-09:00,0,1,0
หน้าโรงพยาบาลวิภาราม,พัฒนาการ,3,09:00-16:00,0,1,0
หน้าโรงพยาบาลวิภาราม,พัฒนาการ,3,16:00-19:00,0,1,0
หน้าโรงพยาบาลหัวเฉียว,บำรุงเมือง,3,07:00-09:00,0,0,1
หน้าโรงพยาบาลหัวเฉียว,บำรุงเมือง,3,09:00-17:00,0,0,1
หน้าโรงพยาบาลหัวเฉียว,บำรุงเมือง,3,17:00-19:00,0,0,1
หน้าโรงรับจำนำบางซื่อ,ประชาราษฎร์สาย 2,4,07:00-09:00,0,0,1
หน้าโรงรับจำนำบางซื่อ,ประชาราษฎร์สาย 2,4,09:00-17:00,0,0,1
หน้าโรงรับจำนำบางซื่อ,ประชาราษฎร์สาย 2,4,17:00-19:00,0,0,1
หน้าโรงรับจำนำย่งฮวดเฮง,เพชรเกษม 69,1,07:00-09:00,1,0,0
หน้าโรงรับจำนำย่งฮวดเฮง,เพชรเกษม 69,1,09:00-16:00,1,0,0
หน้าโรงรับจำนำย่งฮวดเฮง,เพชรเกษม 69,1,16:00-19:00,1,0,0
หน้าโรงละครแห่งชาติ,ราชินี,1,07:00-09:00,1,0,0
หน้าโรงละครแห่งชาติ,ราชินี,1,09:00-16:00,1,0,0
หน้าโรงละครแห่งชาติ,ราชินี,1,16:00-19:00,1,0,0
หน้าโรงเรียนกุลวรรณ,ประชาราษฎร์สาย 1,4,07:00-09:00,0,0,1
หน้าโรงเรียนกุลวรรณ,ประชาราษฎร์สาย 1,4,09:00-17:00,0,0,1
หน้าโรงเรียนกุลวรรณ,ประชาราษฎร์สาย 1,4,17:00-19:00,0,0,1
หน้าโรงเรียนกุลวรรณศึกษา,ประชาราษฎร์สาย 1,2,07:00-09:00,0,0,1
หน้าโรงเรียนกุลวรรณศึกษา,ประชาราษฎร์สาย 1,2,09:00-17:00,0,0,1
หน้าโรงเรียนกุลวรรณศึกษา,ประชาราษฎร์สาย 1,2,17:00-19:00,0,0,1
หน้าโรงเรียนทวีธาภิเศก,บางขุนเทียนชายทะเล,3,07:00-09:00,0,0,1
หน้าโรงเรียนทวีธาภิเศก,บางขุนเทียนชายทะเล,3,09:00-17:00,0,0,1
หน้าโรงเรียนทวีธาภิเศก,บางขุนเทียนชายทะเล,3,17:00-19:00,0,0,1
หน้าโรงเรียนนานาชาติสิงคโปร์,ราชมนตรี 8,4,07:00-09:00,0,0,1
หน้าโรงเรียนนานาชาติสิงคโปร์,ราชมนตรี 8,4,09:00-17:00,0,0,1
หน้าโรงเรียนนานาชาติสิงคโปร์,ราชมนตรี 8,4,17:00-19:00,0,0,1
หน้าโรงเรียนนิเวศวารินทร์,เทพรักษ์,4,07:00-09:00,0,1,0
หน้าโรงเรียนนิเวศวารินทร์,เทพรักษ์,4,09:00-16:00,0,1,0
หน้าโรงเรียนนิเวศวารินทร์,เทพรักษ์,4,16:00-19:00,0,1,0
หน้าโรงเรียนบ้านเจียรดับ,เลียบวารี,1,07:00-09:00,1,0,0
หน้าโรงเรียนบ้านเจียรดับ,เลียบวารี,1,09:00-16:00,1,0,0
หน้าโรงเรียนบ้านเจียรดับ,เลียบวารี,1,16:00-19:00,1,0,0
หน้าโรงเรียนบ้านเจียรดับ,เลียบวารี,2,07:00-09:00,1,0,0
หน้าโรงเรียนบ้านเจียรดับ,เลียบวารี,2,09:00-16:00,1,0,0
หน้าโรงเรียนบ้านเจียรดับ,เลียบวารี,2,16:00-19:00,1,0,0
หน้าโรงเรียนพรหมราษฎร์รังสรรค์,พรหมราษฎร์,1,07:00-09:00,0,0,1
หน้าโรงเรียนพรหมราษฎร์รังสรรค์,พรหมราษฎร์,1,09:00-17:00,0,0,1
หน้าโรงเรียนพรหมราษฎร์รังสรรค์,พรหมราษฎร์,1,17:00-19:00,0,0,1
หน้าโรงเรียนพรหมราษฎร์รังสรรค์,รางโพธิ์,1,07:00-09:00,0,0,1
หน้าโรงเรียนพรหมราษฎร์รังสรรค์,รางโพธิ์,1,09:00-17:00,0,0,1
หน้าโรงเรียนพรหมราษฎร์รังสรรค์,รางโพธิ์,1,17:00-19:00,0,0,1
หน้าโรงเรียนราชคฤห์,เทอดไท,1,07:00-09:00,0,0,1
หน้าโรงเรียนราชคฤห์,เทอดไท,1,09:00-17:00,0,0,1
หน้าโรงเรียนราชคฤห์,เทอดไท,1,17:00-19:00,0,0,1
หน้าโรงเรียนละอออุทิศ,ราชสีมา,1,07:00-09:00,1,0,0
หน้าโรงเรียนละอออุทิศ,ราชสีมา,1,09:00-16:00,1,0,0
หน้าโรงเรียนละอออุทิศ,ราชสีมา,1,16:00-19:00,1,0,0
หน้าโรงเรียนละอออุทิศ,ราชสีมา,4,07:00-09:00,1,0,0
หน้าโรงเรียนละอออุทิศ,ราชสีมา,4,09:00-16:00,1,0,0
หน้าโรงเรียนละอออุทิศ,ราชสีมา,4,16:00-19:00,1,0,0
หน้าโรงเรียนลำสาลี,กรุงเทพกรีฑา,2,06:30-09:00,1,0,0
หน้าโรงเรียนลำสาลี,กรุงเทพกรีฑา,2,09:00-16:00,1,0,0
หน้าโรงเรียนลำสาลี,กรุงเทพกรีฑา,2,16:00-19:30,1,0,0
หน้าโรงเรียนวัดสะพาน,ทางรถไฟสายเก่า,3,07:00-09:00,0,0,1
หน้าโรงเรียนวัดสะพาน,ทางรถไฟสายเก่า,3,09:00-17:00,0,0,1
หน้าโรงเรียนวัดสะพาน,ทางรถไฟสายเก่า,3,17:00-19:00,0,0,1
หน้าโรงเรียนวัดสามง่าม,คู้-คลองสิบ,3,07:00-09:00,0,0,1
หน้าโรงเรียนวัดสามง่าม,คู้-คลองสิบ,3,09:00-17:00,0,0,1
หน้าโรงเรียนวัดสามง่าม,คู้-คลองสิบ,3,17:00-19:00,0,0,1
หน้าโรงเรียนศาลาคู้,ราษฎร์อุทิศ,2,07:00-09:00,0,1,0
หน้าโรงเรียนศาลาคู้,ราษฎร์อุทิศ,2,09:00-16:00,0,1,0
หน้าโรงเรียนศาลาคู้,ราษฎร์อุทิศ,2,16:00-19:00,0,1,0
หน้าโรงเรียนสายปัญญา,กรุงเกษม,3,07:00-09:00,0,1,0
หน้าโรงเรียนสายปัญญา,กรุงเกษม,3,09:00-16:00,0,1,0
หน้าโรงเรียนสายปัญญา,กรุงเกษม,3,16:00-19:00,0,1,0
หน้าโรงเรียนสารสาสน์วิเทศน์นิมิตใหม่,นิมิตรใหม่,3,07:00-09:00,1,0,0
หน้าโรงเรียนสารสาสน์วิเทศน์นิมิตใหม่,นิมิตรใหม่,3,09:00-16:00,1,0,0
หน้าโรงเรียนสารสาสน์วิเทศน์นิมิตใหม่,นิมิตรใหม่,3,16:00-19:00,1,0,0
หน้าโรงเรียนสารสาสน์ฯ,เพชรเกษม 81(มาเจริญ),3,07:00-09:00,0,0,1
หน้าโรงเรียนสารสาสน์ฯ,เพชรเกษม 81(มาเจริญ),3,09:00-17:00,0,0,1
หน้าโรงเรียนสารสาสน์ฯ,เพชรเกษม 81(มาเจริญ),3,17:00-19:00,0,0,1
หน้าโรงเรียนสุเหร่าคลองสิบ,คู้-คลองสิบ,3,07:00-09:00,0,0,1
หน้าโรงเรียนสุเหร่าคลองสิบ,คู้-คลองสิบ,3,09:00-17:00,0,0,1
หน้าโรงเรียนสุเหร่าคลองสิบ,คู้-คลองสิบ,3,17:00-19:00,0,0,1
หน้าโรงเรียนสุเหร่าคู้วิทยา,เลียบวารี,1,07:00-09:00,0,1,0
หน้าโรงเรียนสุเหร่าคู้วิทยา,เลียบวารี,1,09:00-16:00,0,1,0
หน้าโรงเรียนสุเหร่าคู้วิทยา,เลียบวารี,1,16:00-19:00,0,1,0
หน้าโรงเรียนสุเหร่าทรายกองดิน,ราษฎร์อุทิศ,1,07:00-09:00,1,0,0
หน้าโรงเรียนสุเหร่าทรายกองดิน,ราษฎร์อุทิศ,1,09:00-16:00,1,0,0
หน้าโรงเรียนสุเหร่าทรายกองดิน,ราษฎร์อุทิศ,1,16:00-19:00,1,0,0
หน้าโรงเรียนสุเหร่าทรายกองเงิน,ราษฎร์อุทิศ,2,07:00-09:00,1,0,0
หน้าโรงเรียนสุเหร่าทรายกองเงิน,ราษฎร์อุทิศ,2,09:00-16:00,1,0,0
หน้าโรงเรียนสุเหร่าทรายกองเงิน,ราษฎร์อุทิศ,2,16:00-19:00,1,0,0
หน้าโรงเรียนสุเหร่าศาลาลอย,พัฒนาการ,3,07:00-09:00,1,0,0
หน้าโรงเรียนสุเหร่าศาลาลอย,พัฒนาการ,3,09:00-16:00,1,0,0
หน้าโรงเรียนสุเหร่าศาลาลอย,พัฒนาการ,3,16:00-19:00,1,0,0
หน้าโรงเรียนสุเหร่าแสนแสบ,ประชาร่วมใจ,1,07:00-09:00,0,0,1
หน้าโรงเรียนสุเหร่าแสนแสบ,ประชาร่วมใจ,1,09:00-17:00,0,0,1
หน้าโรงเรียนสุเหร่าแสนแสบ,ประชาร่วมใจ,1,17:00-19:00,0,0,1
หน้าโรงเรียนสุเหร่าแสนแสบ,ประชาร่วมใจ,3,07:00-09:00,0,0,1
หน้าโรงเรียนสุเหร่าแสนแสบ,ประชาร่วมใจ,3,09:00-17:00,0,0,1
หน้าโรงเรียนสุเหร่าแสนแสบ,ประชาร่วมใจ,3,17:00-19:00,0,0,1
หน้าโรงเรียนสุเหร่าแสนแสบ,ประชาร่วมใจ,4,07:00-09:00,0,0,1
หน้าโรงเรียนสุเหร่าแสนแสบ,ประชาร่วมใจ,4,09:00-17:00,0,0,1
หน้าโรงเรียนสุเหร่าแสนแสบ,ประชาร่วมใจ,4,17:00-19:00,0,0,1
หน้าโรงเรียนหอวัง,พหลโยธิน,3,07:00-09:00,0,1,0
หน้าโรงเรียนหอวัง,พหลโยธิน,3,09:00-16:00,0,1,0
หน้าโรงเรียนหอวัง,พหลโยธิน,3,16:00-19:00,0,1,0
หน้าโรงเรียนหอวัง,หอวัง,4,07:00-09:00,0,0,1
หน้าโรงเรียนหอวัง,หอวัง,4,09:00-17:00,0,0,1
หน้าโรงเรียนหอวัง,หอวัง,4,17:00-19:00,0,0,1
หน้าโรงเรียนอนุบาลแสงโสม,ประชาชื่น,4,07:00-09:00,0,0,1
หน้าโรงเรียนอนุบาลแสงโสม,ประชาชื่น,4,09:00-17:00,0,0,1
หน้าโรงเรียนอนุบาลแสงโสม,ประชาชื่น,4,17:00-19:00,0,0,1
หน้าโรงเรียนอินเตอร์คิดส์,ประชาร่วมใจ,4,07:00-09:00,0,1,0
หน้าโรงเรียนอินเตอร์คิดส์,ประชาร่วมใจ,4,09:00-16:00,0,1,0
หน้าโรงเรียนอินเตอร์คิดส์,ประชาร่วมใจ,4,16:00-19:00,0,1,0
หน้าโรงเรียนเซนต์คาเบรียล,พหลโยธิน,3,07:00-09:00,0,1,0
หน้าโรงเรียนเซนต์คาเบรียล,พหลโยธิน,3,09:00-16:00,0,1,0
หน้าโรงเรียนเซนต์คาเบรียล,พหลโยธิน,3,16:00-19:00,0,1,0
หน้าโรงเรียนเซนต์คาเบรียล,สามเสน,3,07:00-09:00,0,2,0
หน้าโรงเรียนเซนต์คาเบรียล,สามเสน,3,09:00-16:00,0,2,0
หน้าโรงเรียนเซนต์คาเบรียล,สามเสน,3,16:00-19:00,0,2,0
หน้าโรงเรียนเซนปีเตอร์ ธนบุรี,พุทธมณฑลสาย 1,2,07:00-09:00,1,0,0
หน้าโรงเรียนเซนปีเตอร์ ธนบุรี,พุทธมณฑลสาย 1,2,09:00-16:00,1,0,0
หน้าโรงเรียนเซนปีเตอร์ ธนบุรี,พุทธมณฑลสาย 1,2,16:00-19:00,1,0,0
หน้าโรงแรม Calton,สุชุมวิท,4,07:00-09:00,0,0,1
หน้าโรงแรม Calton,สุชุมวิท,4,09:00-17:00,0,0,1
หน้าโรงแรม Calton,สุชุมวิท,4,17:00-19:00,0,0,1
หน้าโรงแรมโฟร์ซีซันส์,เจริญกรุง,1,07:00-09:00,0,0,1
หน้าโรงแรมโฟร์ซีซันส์,เจริญกรุง,1,09:00-17:00,0,0,1
หน้าโรงแรมโฟร์ซีซันส์,เจริญกรุง,1,17:00-19:00,0,0,1
หน้าโรงแรมโฟร์วิงส์,ศรีนครินทร์,4,07:00-09:00,0,0,1
หน้าโรงแรมโฟร์วิงส์,ศรีนครินทร์,4,09:00-17:00,0,0,1
หน้าโรงแรมโฟร์วิงส์,ศรีนครินทร์,4,17:00-19:00,0,0,1
หน้าโรงแรมไฟร์ซีซัน (ปากซอยเจริญกรุง69),เจริญกรุง,1,07:00-09:00,1,0,0
หน้าโรงแรมไฟร์ซีซัน (ปากซอยเจริญกรุง69),เจริญกรุง,1,09:00-16:00,1,0,0
หน้าโรงแรมไฟร์ซีซัน (ปากซอยเจริญกรุง69),เจริญกรุง,1,16:00-19:00,1,0,0
หน้าโรบินสันลาดกระบัง,ลาดกระบัง,1,07:00-09:00,0,0,1
หน้าโรบินสันลาดกระบัง,ลาดกระบัง,1,09:00-17:00,0,0,1
หน้าโรบินสันลาดกระบัง,ลาดกระบัง,1,17:00-19:00,0,0,1
หน้าโรแรม ดิโอกุระ,วิทยุ,2,07:00-09:00,0,0,1
หน้าโรแรม ดิโอกุระ,วิทยุ,2,09:00-17:00,0,0,1
หน้าโรแรม ดิโอกุระ,วิทยุ,2,17:00-19:00,0,0,1
หน้าโลตัสพระราม 1,บรรทัดทอง,3,07:00-09:00,0,0,1
หน้าโลตัสพระราม 1,บรรทัดทอง,3,09:00-17:00,0,0,1
หน้าโลตัสพระราม 1,บรรทัดทอง,3,17:00-19:00,0,0,1
หน้าโลตัสเลียบคลองสอง,เลียบคลองสอง,4,07:00-09:00,0,0,1
หน้าโลตัสเลียบคลองสอง,เลียบคลองสอง,4,09:00-17:00,0,0,1
หน้าโลตัสเลียบคลองสอง,เลียบคลองสอง,4,17:00-19:00,0,0,1
หน้าไปรษณีย์อ่อนนุช,สุขุมวิท 77,2,07:00-09:00,0,0,1
หน้าไปรษณีย์อ่อนนุช,สุขุมวิท 77,2,09:00-17:00,0,0,1
หน้าไปรษณีย์อ่อนนุช,สุขุมวิท 77,2,17:00-19:00,0,0,1
หมอชิต 2,กำแพงเพชร 2,1,07:00-09:00,0,0,1
หมอชิต 2,กำแพงเพชร 2,1,09:00-17:00,0,0,1
หมอชิต 2,กำแพงเพชร 2,1,17:00-19:00,0,0,1
หมอชิต 2,กำแพงเพชร 6,1,07:00-09:00,0,0,1
หมอชิต 2,กำแพงเพชร 6,1,09:00-17:00,0,0,1
หมอชิต 2,กำแพงเพชร 6,1,17:00-19:00,0,0,1
หมอมี,ทรงสวัสดิ์,3,07:00-09:00,0,0,1
หมอมี,ทรงสวัสดิ์,3,09:00-17:00,0,0,1
หมอมี,ทรงสวัสดิ์,3,17:00-19:00,0,0,1
หมอมี,ทรงสวัสดิ์,4,07:00-09:00,0,0,1
หมอมี,ทรงสวัสดิ์,4,09:00-17:00,0,0,1
หมอมี,ทรงสวัสดิ์,4,17:00-19:00,0,0,1
หมอมี,พระรามที่ 4,3,07:00-09:00,1,0,1
หมอมี,พระรามที่ 4,3,09:00-16:00,1,0,0
หมอมี,พระรามที่ 4,3,09:00-17:00,0,0,1
หมอมี,พระรามที่ 4,3,16:00-19:00,1,0,0
หมอมี,พระรามที่ 4,3,17:00-19:00,0,0,1
หมอมี,พระรามที่ 4,4,07:00-09:00,1,1,1
หมอมี,พระรามที่ 4,4,09:00-16:00,1,1,0
หมอมี,พระรามที่ 4,4,09:00-17:00,0,0,1
หมอมี,พระรามที่ 4,4,16:00-19:00,1,1,0
หมอมี,พระรามที่ 4,4,17:00-19:00,0,0,1
หมอมี,มิตรพันธ์,3,07:00-09:00,1,0,0
หมอมี,มิตรพันธ์,3,09:00-16:00,1,0,0
หมอมี,มิตรพันธ์,3,16:00-19:00,1,0,0
หมอมี,มิตรพันธ์,4,07:00-09:00,1,1,0
หมอมี,มิตรพันธ์,4,09:00-16:00,1,1,0
หมอมี,มิตรพันธ์,4,16:00-19:00,1,1,0
หมอมี,เจริญกรุง,3,07:00-09:00,1,0,1
หมอมี,เจริญกรุง,3,09:00-16:00,1,0,0
หมอมี,เจริญกรุง,3,09:00-17:00,0,0,1
หมอมี,เจริญกรุง,3,16:00-19:00,1,0,0
หมอมี,เจริญกรุง,3,17:00-19:00,0,0,1
หมอมี,เจริญกรุง,4,07:00-09:00,1,1,1
หมอมี,เจริญกรุง,4,09:00-16:00,1,1,0
หมอมี,เจริญกรุง,4,09:00-17:00,0,0,1
หมอมี,เจริญกรุง,4,16:00-19:00,1,1,0
หมอมี,เจริญกรุง,4,17:00-19:00,0,0,1
หมอเหล็ง,จตุรทิศ,1,07:00-09:00,0,0,1
หมอเหล็ง,จตุรทิศ,1,09:00-17:00,0,0,1
หมอเหล็ง,จตุรทิศ,1,17:00-19:00,0,0,1
หมอเหล็ง,จตุรทิศ,2,07:00-09:00,1,0,2
หมอเหล็ง,จตุรทิศ,2,09:00-16:00,1,0,0
หมอเหล็ง,จตุรทิศ,2,09:00-17:00,0,0,2
หมอเหล็ง,จตุรทิศ,2,16:00-19:00,1,0,0
หมอเหล็ง,จตุรทิศ,2,17:00-19:00,0,0,2
หมอเหล็ง,จตุรทิศ,3,07:00-09:00,0,1,1
หมอเหล็ง,จตุรทิศ,3,09:00-16:00,0,1,0
หมอเหล็ง,จตุรทิศ,3,09:00-17:00,0,0,1
หมอเหล็ง,จตุรทิศ,3,16:00-19:00,0,1,0
หมอเหล็ง,จตุรทิศ,3,17:00-19:00,0,0,1
หมอเหล็ง,ราชปรารภ,1,07:00-09:00,0,0,1
หมอเหล็ง,ราชปรารภ,1,09:00-17:00,0,0,1
หมอเหล็ง,ราชปรารภ,1,17:00-19:00,0,0,1
หมอเหล็ง,ราชปรารภ,2,07:00-09:00,1,0,2
หมอเหล็ง,ราชปรารภ,2,09:00-16:00,1,0,0
หมอเหล็ง,ราชปรารภ,2,09:00-17:00,0,0,2
หมอเหล็ง,ราชปรารภ,2,16:00-19:00,1,0,0
หมอเหล็ง,ราชปรารภ,2,17:00-19:00,0,0,2
หมอเหล็ง,ราชปรารภ,3,07:00-09:00,0,1,1
หมอเหล็ง,ราชปรารภ,3,09:00-16:00,0,1,0
หมอเหล็ง,ราชปรารภ,3,09:00-17:00,0,0,1
หมอเหล็ง,ราชปรารภ,3,16:00-19:00,0,1,0
หมอเหล็ง,ราชปรารภ,3,17:00-19:00,0,0,1
หมอเหล็ง,ศรีอยุธยา,1,07:00-09:00,0,0,1
หมอเหล็ง,ศรีอยุธยา,1,09:00-17:00,0,0,1
หมอเหล็ง,ศรีอยุธยา,1,17:00-19:00,0,0,1
หมอเหล็ง,ศรีอยุธยา,2,07:00-09:00,1,0,2
หมอเหล็ง,ศรีอยุธยา,2,09:00-16:00,1,0,0
หมอเหล็ง,ศรีอยุธยา,2,09:00-17:00,0,0,2
หมอเหล็ง,ศรีอยุธยา,2,16:00-19:00,1,0,0
หมอเหล็ง,ศรีอยุธยา,2,17:00-19:00,0,0,2
หมอเหล็ง,ศรีอยุธยา,3,07:00-09:00,0,1,1
หมอเหล็ง,ศรีอยุธยา,3,09:00-16:00,0,1,0
หมอเหล็ง,ศรีอยุธยา,3,09:00-17:00,0,0,1
หมอเหล็ง,ศรีอยุธยา,3,16:00-19:00,0,1,0
หมอเหล็ง,ศรีอยุธยา,3,17:00-19:00,0,0,1
หมู่บ้านพฤกษา 85,ทวีวัฒนา,1,07:00-09:00,0,0,1
หมู่บ้านพฤกษา 85,ทวีวัฒนา,1,09:00-17:00,0,0,1
หมู่บ้านพฤกษา 85,ทวีวัฒนา,1,17:00-19:00,0,0,1
หมู่บ้านร่มไทร,คลองลำเจียก,4,07:00-09:00,0,0,1
หมู่บ้านร่มไทร,คลองลำเจียก,4,09:00-17:00,0,0,1
หมู่บ้านร่มไทร,คลองลำเจียก,4,17:00-19:00,0,0,1
หมู่บ้านร่มไทร,คลองลำเจียก 10,4,07:00-09:00,0,0,1
หมู่บ้านร่มไทร,คลองลำเจียก 10,4,09:00-17:00,0,0,1
หมู่บ้านร่มไทร,คลองลำเจียก 10,4,17:00-19:00,0,0,1
หมู่บ้านร่มไทร,คลองลำเจียก 17,4,07:00-09:00,0,0,1
หมู่บ้านร่มไทร,คลองลำเจียก 17,4,09:00-17:00,0,0,1
หมู่บ้านร่มไทร,คลองลำเจียก 17,4,17:00-19:00,0,0,1
หมู่บ้านสหกรณ์,ทางเข้าหมู่บ้านสหกรณ์,2,07:00-09:00,0,1,0
หมู่บ้านสหกรณ์,ทางเข้าหมู่บ้านสหกรณ์,2,09:00-16:00,0,1,0
หมู่บ้านสหกรณ์,ทางเข้าหมู่บ้านสหกรณ์,2,16:00-19:00,0,1,0
หมู่บ้านสหกรณ์,ทางเข้าหมู่บ้านสหกรณ์,3,07:00-09:00,1,0,0
หมู่บ้านสหกรณ์,ทางเข้าหมู่บ้านสหกรณ์,3,09:00-16:00,1,0,0
หมู่บ้านสหกรณ์,ทางเข้าหมู่บ้านสหกรณ์,3,16:00-19:00,1,0,0
หมู่บ้านสหกรณ์,ทางเข้าหมู่บ้านสหกรณ์,4,07:00-09:00,0,0,1
หมู่บ้านสหกรณ์,ทางเข้าหมู่บ้านสหกรณ์,4,09:00-17:00,0,0,1
หมู่บ้านสหกรณ์,ทางเข้าหมู่บ้านสหกรณ์,4,17:00-19:00,0,0,1
หมู่บ้านสหกรณ์,หมู่บ้านสหกรณ์,1,07:00-09:00,0,0,1
หมู่บ้านสหกรณ์,หมู่บ้านสหกรณ์,1,09:00-17:00,0,0,1
หมู่บ้านสหกรณ์,หมู่บ้านสหกรณ์,1,17:00-19:00,0,0,1
หมู่บ้านสหกรณ์,เสรีไทย,1,07:00-09:00,0,0,1
หมู่บ้านสหกรณ์,เสรีไทย,1,09:00-17:00,0,0,1
หมู่บ้านสหกรณ์,เสรีไทย,1,17:00-19:00,0,0,1
หมู่บ้านสหกรณ์,เสรีไทย,2,07:00-09:00,0,1,0
หมู่บ้านสหกรณ์,เสรีไทย,2,09:00-16:00,0,1,0
หมู่บ้านสหกรณ์,เสรีไทย,2,16:00-19:00,0,1,0
หมู่บ้านสหกรณ์,เสรีไทย,3,07:00-09:00,1,0,0
หมู่บ้านสหกรณ์,เสรีไทย,3,09:00-16:00,1,0,0
หมู่บ้านสหกรณ์,เสรีไทย,3,16:00-19:00,1,0,0
หมู่บ้านสหกรณ์,เสรีไทย,4,07:00-09:00,0,0,1
หมู่บ้านสหกรณ์,เสรีไทย,4,09:00-17:00,0,0,1
หมู่บ้านสหกรณ์,เสรีไทย,4,17:00-19:00,0,0,1
หมู่บ้านเคหะธานี 4,ราษฎร์พัฒนา,4,07:00-09:00,0,0,1
หมู่บ้านเคหะธานี 4,ราษฎร์พัฒนา,4,09:00-16:00,0,0,1
หมู่บ้านเคหะธานี 4,ราษฎร์พัฒนา,4,16:00-19:00,0,0,1
หมู่บ้านเคหะธานี 4,ราษฎร์พัฒนา 4,4,07:00-09:00,0,0,1
หมู่บ้านเคหะธานี 4,ราษฎร์พัฒนา 4,4,09:00-16:00,0,0,1
หมู่บ้านเคหะธานี 4,ราษฎร์พัฒนา 4,4,16:00-19:00,0,0,1
หมู่บ้านเคหะธานี 4,ราษฎร์พัฒนา 5,4,07:00-09:00,0,0,1
หมู่บ้านเคหะธานี 4,ราษฎร์พัฒนา 5,4,09:00-16:00,0,0,1
หมู่บ้านเคหะธานี 4,ราษฎร์พัฒนา 5,4,16:00-19:00,0,0,1
หมู่บ้านเศรษฐกิจ,ทางเขาหมู่บ้านเศรษฐกิจ,3,07:00-09:00,1,0,0
หมู่บ้านเศรษฐกิจ,ทางเขาหมู่บ้านเศรษฐกิจ,3,09:00-16:00,1,0,0
หมู่บ้านเศรษฐกิจ,ทางเขาหมู่บ้านเศรษฐกิจ,3,16:00-19:00,1,0,0
หมู่บ้านเศรษฐกิจ,ทางเข้าหมู่บ้านเศรษฐกิจ,1,07:00-09:00,0,1,0
หมู่บ้านเศรษฐกิจ,ทางเข้าหมู่บ้านเศรษฐกิจ,1,09:00-16:00,0,1,0
หมู่บ้านเศรษฐกิจ,ทางเข้าหมู่บ้านเศรษฐกิจ,1,16:00-19:00,0,1,0
หมู่บ้านเศรษฐกิจ,ทางเข้าหมู่บ้านเศรษฐกิจ,4,07:00-09:00,1,0,0
หมู่บ้านเศรษฐกิจ,ทางเข้าหมู่บ้านเศรษฐกิจ,4,09:00-16:00,1,0,0
หมู่บ้านเศรษฐกิจ,ทางเข้าหมู่บ้านเศรษฐกิจ,4,16:00-19:00,1,0,0
หมู่บ้านเศรษฐกิจ,หมู่บ้านเศรษฐกิจ,1,07:00-09:00,0,0,1
หมู่บ้านเศรษฐกิจ,หมู่บ้านเศรษฐกิจ,1,09:00-17:00,0,0,1
หมู่บ้านเศรษฐกิจ,หมู่บ้านเศรษฐกิจ,1,17:00-19:00,0,0,1
หมู่บ้านเศรษฐกิจ,หมู่บ้านเศรษฐกิจ,3,07:00-09:00,0,0,1
หมู่บ้านเศรษฐกิจ,หมู่บ้านเศรษฐกิจ,3,09:00-16:00,0,0,1
หมู่บ้านเศรษฐกิจ,หมู่บ้านเศรษฐกิจ,3,16:00-19:00,0,0,1
หมู่บ้านเศรษฐกิจ,หมู่บ้านเศรษฐกิจ,4,07:00-09:00,0,0,1
หมู่บ้านเศรษฐกิจ,หมู่บ้านเศรษฐกิจ,4,09:00-17:00,0,0,1
หมู่บ้านเศรษฐกิจ,หมู่บ้านเศรษฐกิจ,4,17:00-19:00,0,0,1
หมู่บ้านเศรษฐกิจ,เพชรเกษม,1,07:00-09:00,0,1,1
หมู่บ้านเศรษฐกิจ,เพชรเกษม,1,09:00-16:00,0,1,0
หมู่บ้านเศรษฐกิจ,เพชรเกษม,1,09:00-17:00,0,0,1
หมู่บ้านเศรษฐกิจ,เพชรเกษม,1,16:00-19:00,0,1,0
หมู่บ้านเศรษฐกิจ,เพชรเกษม,1,17:00-19:00,0,0,1
หมู่บ้านเศรษฐกิจ,เพชรเกษม,3,07:00-09:00,1,0,1
หมู่บ้านเศรษฐกิจ,เพชรเกษม,3,09:00-16:00,1,0,1
หมู่บ้านเศรษฐกิจ,เพชรเกษม,3,16:00-19:00,1,0,1
หมู่บ้านเศรษฐกิจ,เพชรเกษม,4,07:00-09:00,1,0,1
หมู่บ้านเศรษฐกิจ,เพชรเกษม,4,09:00-16:00,1,0,0
หมู่บ้านเศรษฐกิจ,เพชรเกษม,4,09:00-17:00,0,0,1
หมู่บ้านเศรษฐกิจ,เพชรเกษม,4,16:00-19:00,1,0,0
หมู่บ้านเศรษฐกิจ,เพชรเกษม,4,17:00-19:00,0,0,1
หมู่บ้านเสรี,อ่อนนุช,2,07:00-09:00,0,1,0
หมู่บ้านเสรี,อ่อนนุช,2,09:00-16:00,0,1,0
หมู่บ้านเสรี,อ่อนนุช,2,16:00-19:00,0,1,0
หมู่บ้านเสรี,"อ่อนนุช 70 ,อ่อนนุช 72",2,07:00-09:00,0,1,0
หมู่บ้านเสรี,"อ่อนนุช 70 ,อ่อนนุช 72",2,09:00-16:00,0,1,0
หมู่บ้านเสรี,"อ่อนนุช 70 ,อ่อนนุช 72",2,16:00-19:00,0,1,0
หลักสี่,กำแพงเพชร 6,1,07:00-09:00,0,0,1
หลักสี่,กำแพงเพชร 6,1,09:00-17:00,0,0,1
หลักสี่,กำแพงเพชร 6,1,17:00-19:00,0,0,1
หลักสี่,กำแพงเพชร 6,2,07:00-09:00,1,1,1
หลักสี่,กำแพงเพชร 6,2,09:00-16:00,1,1,0
หลักสี่,กำแพงเพชร 6,2,09:00-17:00,0,0,1
หลักสี่,กำแพงเพชร 6,2,16:00-19:00,1,1,0
หลักสี่,กำแพงเพชร 6,2,17:00-19:00,0,0,1
หลักสี่,กำแพงเพชร 6,3,07:00-09:00,1,0,1
หลักสี่,กำแพงเพชร 6,3,09:00-16:00,1,0,0
หลักสี่,กำแพงเพชร 6,3,09:00-17:00,0,0,1
หลักสี่,กำแพงเพชร 6,3,16:00-19:00,1,0,0
หลักสี่,กำแพงเพชร 6,3,17:00-19:00,0,0,1
หลักสี่,กำแพงเพชร 6,4,07:00-09:00,0,1,0
หลักสี่,กำแพงเพชร 6,4,09:00-16:00,0,1,0
หลักสี่,กำแพงเพชร 6,4,16:00-19:00,0,1,0
หลักสี่,แจ้งวัฒนะ,1,07:00-09:00,0,0,1
หลักสี่,แจ้งวัฒนะ,1,09:00-17:00,0,0,1
หลักสี่,แจ้งวัฒนะ,1,17:00-19:00,0,0,1
หลักสี่,แจ้งวัฒนะ,2,07:00-09:00,1,1,1
หลักสี่,แจ้งวัฒนะ,2,09:00-16:00,1,1,0
หลักสี่,แจ้งวัฒนะ,2,09:00-17:00,0,0,1
หลักสี่,แจ้งวัฒนะ,2,16:00-19:00,1,1,0
หลักสี่,แจ้งวัฒนะ,2,17:00-19:00,0,0,1
หลักสี่,แจ้งวัฒนะ,3,07:00-09:00,1,0,1
หลักสี่,แจ้งวัฒนะ,3,09:00-16:00,1,0,0
หลักสี่,แจ้งวัฒนะ,3,09:00-17:00,0,0,1
หลักสี่,แจ้งวัฒนะ,3,16:00-19:00,1,0,0
หลักสี่,แจ้งวัฒนะ,3,17:00-19:00,0,0,1
หลักสี่,แจ้งวัฒนะ,4,07:00-09:00,0,1,0
หลักสี่,แจ้งวัฒนะ,4,09:00-16:00,0,1,0
หลักสี่,แจ้งวัฒนะ,4,16:00-19:00,0,1,0
หลังสวน,สารสิน,1,07:00-09:00,0,0,1
หลังสวน,สารสิน,1,09:00-17:00,0,0,1
หลังสวน,สารสิน,1,17:00-19:00,0,0,1
หลังสวน,สารสิน,2,07:00-09:00,1,0,0
หลังสวน,สารสิน,2,09:00-16:00,1,0,0
หลังสวน,สารสิน,2,16:00-19:00,1,0,0
หลังสวน,สารสิน,3,07:00-09:00,0,0,2
หลังสวน,สารสิน,3,09:00-17:00,0,0,2
หลังสวน,สารสิน,3,17:00-19:00,0,0,2
หลังสวน,สารสิน,4,07:00-09:00,1,1,0
หลังสวน,สารสิน,4,09:00-16:00,1,1,0
หลังสวน,สารสิน,4,16:00-19:00,1,1,0
หลังสวน,หลังสวน,1,07:00-09:00,0,0,1
หลังสวน,หลังสวน,1,09:00-17:00,0,0,1
หลังสวน,หลังสวน,1,17:00-19:00,0,0,1
หลังสวน,หลังสวน,2,07:00-09:00,1,0,0
หลังสวน,หลังสวน,2,09:00-16:00,1,0,0
หลังสวน,หลังสวน,2,16:00-19:00,1,0,0
หลังสวน,หลังสวน,3,07:00-09:00,0,0,2
หลังสวน,หลังสวน,3,09:00-17:00,0,0,2
หลังสวน,หลังสวน,3,17:00-19:00,0,0,2
หลังสวน,หลังสวน,4,07:00-09:00,1,1,0
หลังสวน,หลังสวน,4,09:00-16:00,1,1,0
หลังสวน,หลังสวน,4,16:00-19:00,1,1,0
หลานหลวง,จักรพรรดิพงษ์,1,07:00-09:00,0,0,1
หลานหลวง,จักรพรรดิพงษ์,1,09:00-16:00,0,0,1
หลานหลวง,จักรพรรดิพงษ์,1,16:00-19:00,0,0,1
หลานหลวง,จักรพรรดิพงษ์,3,06:30-09:00,1,0,0
หลานหลวง,จักรพรรดิพงษ์,3,09:00-16:00,1,0,0
หลานหลวง,จักรพรรดิพงษ์,3,16:00-19:30,1,0,0
หลานหลวง,จักรพรรดิพงษ์,4,07:00-09:00,0,1,0
หลานหลวง,จักรพรรดิพงษ์,4,09:00-16:00,0,1,0
หลานหลวง,จักรพรรดิพงษ์,4,16:00-19:00,0,1,0
หลานหลวง,หลานหลวง,1,07:00-09:00,0,0,1
หลานหลวง,หลานหลวง,1,09:00-16:00,0,0,1
หลานหลวง,หลานหลวง,1,16:00-19:00,0,0,1
หลานหลวง,หลานหลวง,3,06:30-09:00,1,0,0
หลานหลวง,หลานหลวง,3,09:00-16:00,1,0,0
หลานหลวง,หลานหลวง,3,16:00-19:30,1,0,0
หลานหลวง,หลานหลวง,4,07:00-09:00,0,1,0
หลานหลวง,หลานหลวง,4,09:00-16:00,0,1,0
หลานหลวง,หลานหลวง,4,16:00-19:00,0,1,0
หัวลำโพง,พระรามที่ 4,1,07:00-09:00,1,1,1
หัวลำโพง,พระรามที่ 4,1,09:00-16:00,1,1,0
หัวลำโพง,พระรามที่ 4,1,09:00-17:00,0,0,1
หัวลำโพง,พระรามที่ 4,1,16:00-19:00,1,1,0
หัวลำโพง,พระรามที่ 4,1,17:00-19:00,0,0,1
หัวลำโพง,พระรามที่ 4,3,07:00-09:00,1,0,0
หัวลำโพง,พระรามที่ 4,3,09:00-16:00,1,0,0
หัวลำโพง,พระรามที่ 4,3,16:00-19:00,1,0,0
หัวลำโพง,พระรามที่ 4,4,07:00-09:00,0,0,1
หัวลำโพง,พระรามที่ 4,4,09:00-17:00,0,0,1
หัวลำโพง,พระรามที่ 4,4,17:00-19:00,0,0,1
หัวลำโพง,มหาพฤฒาราม,1,07:00-09:00,1,1,1
หัวลำโพง,มหาพฤฒาราม,1,09:00-16:00,1,1,0
หัวลำโพง,มหาพฤฒาราม,1,09:00-17:00,0,0,1
หัวลำโพง,มหาพฤฒาราม,1,16:00-19:00,1,1,0
หัวลำโพง,มหาพฤฒาราม,1,17:00-19:00,0,0,1
หัวลำโพง,มหาพฤฒาราม,4,07:00-09:00,0,0,1
หัวลำโพง,มหาพฤฒาราม,4,09:00-17:00,0,0,1
หัวลำโพง,มหาพฤฒาราม,4,17:00-19:00,0,0,1
หัวลำโพง,มหาพอฒาราม,3,07:00-09:00,1,0,0
หัวลำโพง,มหาพอฒาราม,3,09:00-16:00,1,0,0
หัวลำโพง,มหาพอฒาราม,3,16:00-19:00,1,0,0
ห้วยขวาง,ประชาราษฎร์บำเพ็ญ,1,07:00-09:00,1,0,2
ห้วยขวาง,ประชาราษฎร์บำเพ็ญ,1,09:00-16:00,1,0,0
ห้วยขวาง,ประชาราษฎร์บำเพ็ญ,1,09:00-17:00,0,0,2
ห้วยขวาง,ประชาราษฎร์บำเพ็ญ,1,16:00-19:00,1,0,0
ห้วยขวาง,ประชาราษฎร์บำเพ็ญ,1,17:00-19:00,0,0,2
ห้วยขวาง,ประชาราษฎร์บำเพ็ญ,3,07:00-09:00,0,1,2
ห้วยขวาง,ประชาราษฎร์บำเพ็ญ,3,09:00-16:00,0,1,1
ห้วยขวาง,ประชาราษฎร์บำเพ็ญ,3,09:00-17:00,0,0,1
ห้วยขวาง,ประชาราษฎร์บำเพ็ญ,3,16:00-19:00,0,1,1
ห้วยขวาง,ประชาราษฎร์บำเพ็ญ,3,17:00-19:00,0,0,1
ห้วยขวาง,ประชาราษฎร์บำเพ็ญ,4,07:00-09:00,1,0,1
ห้วยขวาง,ประชาราษฎร์บำเพ็ญ,4,09:00-16:00,1,0,0
ห้วยขวาง,ประชาราษฎร์บำเพ็ญ,4,09:00-17:00,0,0,1
ห้วยขวาง,ประชาราษฎร์บำเพ็ญ,4,16:00-19:00,1,0,0
ห้วยขวาง,ประชาราษฎร์บำเพ็ญ,4,17:00-19:00,0,0,1
ห้วยขวาง,ประชาสงเคราะห์,1,07:00-09:00,1,0,2
ห้วยขวาง,ประชาสงเคราะห์,1,09:00-16:00,1,0,0
ห้วยขวาง,ประชาสงเคราะห์,1,09:00-17:00,0,0,2
ห้วยขวาง,ประชาสงเคราะห์,1,16:00-19:00,1,0,0
ห้วยขวาง,ประชาสงเคราะห์,1,17:00-19:00,0,0,2
ห้วยขวาง,ประชาสงเคราะห์,3,07:00-09:00,0,1,2
ห้วยขวาง,ประชาสงเคราะห์,3,09:00-16:00,0,1,1
ห้วยขวาง,ประชาสงเคราะห์,3,09:00-17:00,0,0,1
ห้วยขวาง,ประชาสงเคราะห์,3,16:00-19:00,0,1,1
ห้วยขวาง,ประชาสงเคราะห์,3,17:00-19:00,0,0,1
ห้วยขวาง,ประชาสงเคราะห์,4,07:00-09:00,1,1,0
ห้วยขวาง,ประชาสงเคราะห์,4,09:00-16:00,1,1,0
ห้วยขวาง,ประชาสงเคราะห์,4,16:00-19:00,1,1,0
ห้วยขวาง,รัชดาภิเษก,1,07:00-09:00,1,0,2
ห้วยขวาง,รัชดาภิเษก,1,09:00-16:00,1,0,0
ห้วยขวาง,รัชดาภิเษก,1,09:00-17:00,0,0,2
ห้วยขวาง,รัชดาภิเษก,1,16:00-19:00,1,0,0
ห้วยขวาง,รัชดาภิเษก,1,17:00-19:00,0,0,2
ห้วยขวาง,รัชดาภิเษก,3,07:00-09:00,0,1,2
ห้วยขวาง,รัชดาภิเษก,3,09:00-16:00,0,1,1
ห้วยขวาง,รัชดาภิเษก,3,09:00-17:00,0,0,1
ห้วยขวาง,รัชดาภิเษก,3,16:00-19:00,0,1,1
ห้วยขวาง,รัชดาภิเษก,3,17:00-19:00,0,0,1
ห้วยขวาง,รัชดาภิเษก,4,07:00-09:00,1,1,1
ห้วยขวาง,รัชดาภิเษก,4,09:00-16:00,1,1,0
ห้วยขวาง,รัชดาภิเษก,4,09:00-17:00,0,0,1
ห้วยขวาง,รัชดาภิเษก,4,16:00-19:00,1,1,0
ห้วยขวาง,รัชดาภิเษก,4,17:00-19:00,0,0,1
ห้าแยกพลับพลาไชย,พลับพลาไชย,4,07:00-09:00,0,1,0
ห้าแยกพลับพลาไชย,พลับพลาไชย,4,09:00-16:00,0,1,0
ห้าแยกพลับพลาไชย,พลับพลาไชย,4,16:00-19:00,0,1,0
ห้าแยกพลับพลาไชย,หลวง,4,07:00-09:00,0,1,0
ห้าแยกพลับพลาไชย,หลวง,4,09:00-16:00,0,1,0
ห้าแยกพลับพลาไชย,หลวง,4,16:00-19:00,0,1,0
ห้าแยกพลับพลาไชย,ไมตรจีติร,4,09:00-16:00,0,1,0
ห้าแยกพลับพลาไชย,ไมตรจีติร,4,16:00-19:00,0,1,0
ห้าแยกพลับพลาไชย,ไมตรีจิตร,4,07:00-09:00,0,1,0
ห้าแยกลาดพร้าว,พหลโยธิน,3,16:00-19:00,1,0,0
ห้าแยกลาดพร้าว,พหลโยธิน,4,07:00-09:00,0,1,0
ห้าแยกลาดพร้าว,พหลโยธิน,4,09:00-16:00,0,1,0
ห้าแยกลาดพร้าว,พหลโยธิน,4,16:00-19:00,0,1,0
ห้าแยกลาดพร้าว,พหลไโยธิน,3,07:00-09:00,1,0,0
ห้าแยกลาดพร้าว,พหลไโยธิน,3,09:00-16:00,1,0,0
ห้าแยกลาดพร้าว,วิภาวดีรังสิต,3,07:00-09:00,1,0,0
ห้าแยกลาดพร้าว,วิภาวดีรังสิต,3,09:00-16:00,1,0,0
ห้าแยกลาดพร้าว,วิภาวดีรังสิต,3,16:00-19:00,1,0,0
ห้าแยกลาดพร้าว,วิภาวดีรังสิต,4,07:00-09:00,0,1,0
ห้าแยกลาดพร้าว,วิภาวดีรังสิต,4,09:00-16:00,0,1,0
ห้าแยกลาดพร้าว,วิภาวดีรังสิต,4,16:00-19:00,0,1,0
ห้าแยกวชัรพล,รัตนโกสนิทร์,3,07:00-09:00,0,1,0
ห้าแยกวชัรพล,รัตนโกสนิทร์,3,09:00-16:00,0,1,0
ห้าแยกวชัรพล,รัตนโกสนิทร์,3,16:00-19:00,0,1,0
ห้าแยกวชัรพล,ร่วมมิตรพัฒนา,3,07:00-09:00,0,1,0
ห้าแยกวชัรพล,ร่วมมิตรพัฒนา,3,09:00-16:00,0,1,0
ห้าแยกวชัรพล,ร่วมมิตรพัฒนา,3,16:00-19:00,0,1,0
ห้าแยกวชัรพล,วชัรพล,3,07:00-09:00,0,1,0
ห้าแยกวชัรพล,วชัรพล,3,09:00-16:00,0,1,0
ห้าแยกวชัรพล,วชัรพล,3,16:00-19:00,0,1,0
ห้าแยกวชัรพล,สุขาภิบาล 5,3,07:00-09:00,0,1,0
ห้าแยกวชัรพล,สุขาภิบาล 5,3,09:00-16:00,0,1,0
ห้าแยกวชัรพล,สุขาภิบาล 5,3,16:00-19:00,0,1,0
ห้าแยกวัชรพล,รัตนโกสินทร์,2,07:00-09:00,0,0,1
ห้าแยกวัชรพล,รัตนโกสินทร์,2,09:00-16:00,0,0,1
ห้าแยกวัชรพล,รัตนโกสินทร์,2,16:00-19:00,0,0,1
ห้าแยกวัชรพล,รัตนโกสินทร์,3,07:00-09:00,0,0,1
ห้าแยกวัชรพล,รัตนโกสินทร์,3,09:00-16:00,0,0,1
ห้าแยกวัชรพล,รัตนโกสินทร์,3,16:00-19:00,0,0,1
ห้าแยกวัชรพล,ร่วมมิตรพัฒนา,2,07:00-09:00,0,0,1
ห้าแยกวัชรพล,ร่วมมิตรพัฒนา,2,09:00-16:00,0,0,1
ห้าแยกวัชรพล,ร่วมมิตรพัฒนา,2,16:00-19:00,0,0,1
ห้าแยกวัชรพล,ร่วมมิตรพัฒนา,3,07:00-09:00,0,0,1
ห้าแยกวัชรพล,ร่วมมิตรพัฒนา,3,09:00-16:00,0,0,1
ห้าแยกวัชรพล,ร่วมมิตรพัฒนา,3,16:00-19:00,0,0,1
ห้าแยกวัชรพล,วัชรพล,2,07:00-09:00,0,0,1
ห้าแยกวัชรพล,วัชรพล,2,09:00-16:00,0,0,1
ห้าแยกวัชรพล,วัชรพล,2,16:00-19:00,0,0,1
ห้าแยกวัชรพล,วัชรพล,3,07:00-09:00,0,0,1
ห้าแยกวัชรพล,วัชรพล,3,09:00-16:00,0,0,1
ห้าแยกวัชรพล,วัชรพล,3,16:00-19:00,0,0,1
ห้าแยกวัชรพล,สุขาภิบาล 5,2,07:00-09:00,0,0,1
ห้าแยกวัชรพล,สุขาภิบาล 5,2,09:00-16:00,0,0,1
ห้าแยกวัชรพล,สุขาภิบาล 5,2,16:00-19:00,0,0,1
ห้าแยกวัชรพล,สุขาภิบาล 5,3,07:00-09:00,0,0,1
ห้าแยกวัชรพล,สุขาภิบาล 5,3,09:00-16:00,0,0,1
ห้าแยกวัชรพล,สุขาภิบาล 5,3,16:00-19:00,0,0,1
อ.ส.ม.ท.,ทางเข้า อ.ส.ม.ท.,2,07:00-09:00,0,1,1
อ.ส.ม.ท.,ทางเข้า อ.ส.ม.ท.,2,09:00-16:00,0,1,0
อ.ส.ม.ท.,ทางเข้า อ.ส.ม.ท.,2,09:00-17:00,0,0,1
อ.ส.ม.ท.,ทางเข้า อ.ส.ม.ท.,2,16:00-19:00,0,1,0
อ.ส.ม.ท.,ทางเข้า อ.ส.ม.ท.,2,17:00-19:00,0,0,1
อ.ส.ม.ท.,ทางเข้าอ.ส.ม.ท.,4,07:00-09:00,0,0,1
อ.ส.ม.ท.,ทางเข้าอ.ส.ม.ท.,4,09:00-17:00,0,0,1
อ.ส.ม.ท.,ทางเข้าอ.ส.ม.ท.,4,17:00-19:00,0,0,1
อ.ส.ม.ท.,พระราม 9,2,07:00-09:00,0,1,1
อ.ส.ม.ท.,พระราม 9,2,09:00-16:00,0,1,0
อ.ส.ม.ท.,พระราม 9,2,09:00-17:00,0,0,1
อ.ส.ม.ท.,พระราม 9,2,16:00-19:00,0,1,0
อ.ส.ม.ท.,พระราม 9,2,17:00-19:00,0,0,1
อ.ส.ม.ท.,พระราม 9,4,07:00-09:00,2,0,1
อ.ส.ม.ท.,พระราม 9,4,09:00-16:00,2,0,0
อ.ส.ม.ท.,พระราม 9,4,09:00-17:00,0,0,1
อ.ส.ม.ท.,พระราม 9,4,16:00-19:00,2,0,0
อ.ส.ม.ท.,พระราม 9,4,17:00-19:00,0,0,1
อ.ส.ม.ท.,พระราม 9 ซ. 7,4,07:00-09:00,2,0,0
อ.ส.ม.ท.,พระราม 9 ซ. 7,4,09:00-16:00,2,0,0
อ.ส.ม.ท.,พระราม 9 ซ. 7,4,16:00-19:00,2,0,0
อ.ส.ม.ท.,เพชรอุทัย,2,07:00-09:00,0,1,1
อ.ส.ม.ท.,เพชรอุทัย,2,09:00-16:00,0,1,0
อ.ส.ม.ท.,เพชรอุทัย,2,09:00-17:00,0,0,1
อ.ส.ม.ท.,เพชรอุทัย,2,16:00-19:00,0,1,0
อ.ส.ม.ท.,เพชรอุทัย,2,17:00-19:00,0,0,1
อ.ส.ม.ท.,เพชรอุทัย,4,07:00-09:00,2,0,1
อ.ส.ม.ท.,เพชรอุทัย,4,09:00-16:00,2,0,0
อ.ส.ม.ท.,เพชรอุทัย,4,09:00-17:00,0,0,1
อ.ส.ม.ท.,เพชรอุทัย,4,16:00-19:00,2,0,0
อ.ส.ม.ท.,เพชรอุทัย,4,17:00-19:00,0,0,1
อนามัย,บำรุงเมือง,4,07:00-09:00,1,0,1
อนามัย,บำรุงเมือง,4,09:00-16:00,1,0,0
อนามัย,บำรุงเมือง,4,09:00-17:00,0,0,1
อนามัย,บำรุงเมือง,4,16:00-19:00,1,0,0
อนามัย,บำรุงเมือง,4,17:00-19:00,0,0,1
อนามัย,บํารุงเมือง,4,07:00-09:00,0,1,0
อนามัย,บํารุงเมือง,4,09:00-16:00,0,1,0
อนามัย,บํารุงเมือง,4,16:00-19:00,0,1,0
อนามัย,พลับพลาไชย,4,07:00-09:00,1,1,1
อนามัย,พลับพลาไชย,4,09:00-16:00,1,1,0
อนามัย,พลับพลาไชย,4,09:00-17:00,0,0,1
อนามัย,พลับพลาไชย,4,16:00-19:00,1,1,0
อนามัย,พลับพลาไชย,4,17:00-19:00,0,0,1
อนามัยงามเจริญ,หมู่บ้านสินทวี,1,07:00-09:00,0,1,0
อนามัยงามเจริญ,หมู่บ้านสินทวี,1,09:00-16:00,0,1,0
อนามัยงามเจริญ,หมู่บ้านสินทวี,1,16:00-19:00,0,1,0
อนามัยงามเจริญ,อนามัยงามเจริญ,1,07:00-09:00,0,1,0
อนามัยงามเจริญ,อนามัยงามเจริญ,1,09:00-16:00,0,1,0
อนามัยงามเจริญ,อนามัยงามเจริญ,1,16:00-19:00,0,1,0
อนามัยงามเจริญ,เทียนทะเล 7,1,07:00-09:00,0,1,0
อนามัยงามเจริญ,เทียนทะเล 7,1,09:00-16:00,0,1,0
อนามัยงามเจริญ,เทียนทะเล 7,1,16:00-19:00,0,1,0
อนุสาวรีย์ชัยสมรภูมิ,พญาไท,2,07:00-09:00,0,0,1
อนุสาวรีย์ชัยสมรภูมิ,พญาไท,2,09:00-17:00,0,0,1
อนุสาวรีย์ชัยสมรภูมิ,พญาไท,2,17:00-19:00,0,0,1
อนุสาวรีย์ชัยสมรภูมิ,พหลโยธิน,2,07:00-09:00,0,0,1
อนุสาวรีย์ชัยสมรภูมิ,พหลโยธิน,2,09:00-17:00,0,0,1
อนุสาวรีย์ชัยสมรภูมิ,พหลโยธิน,2,17:00-19:00,0,0,1
อนุสาวรีย์ชัยสมรภูมิ,ราชวิถี,2,07:00-09:00,0,0,1
อนุสาวรีย์ชัยสมรภูมิ,ราชวิถี,2,09:00-17:00,0,0,1
อนุสาวรีย์ชัยสมรภูมิ,ราชวิถี,2,17:00-19:00,0,0,1
อนุสาวรีย์ชัยสมรภูมิ (ขาออก),พญาไท,3,07:00-09:00,0,1,0
อนุสาวรีย์ชัยสมรภูมิ (ขาออก),พญาไท,3,09:00-16:00,0,1,0
อนุสาวรีย์ชัยสมรภูมิ (ขาออก),พญาไท,3,16:00-19:00,0,1,0
อนุสาวรีย์ชัยสมรภูมิ (ขาออก),พญาไท,4,07:00-09:00,0,1,0
อนุสาวรีย์ชัยสมรภูมิ (ขาออก),พญาไท,4,09:00-16:00,0,1,0
อนุสาวรีย์ชัยสมรภูมิ (ขาออก),พญาไท,4,16:00-19:00,0,1,0
อนุสาวรีย์ชัยสมรภูมิ (ขาออก),พหลโยธิน,3,07:00-09:00,0,1,0
อนุสาวรีย์ชัยสมรภูมิ (ขาออก),พหลโยธิน,3,09:00-16:00,0,1,0
อนุสาวรีย์ชัยสมรภูมิ (ขาออก),พหลโยธิน,3,16:00-19:00,0,1,0
อนุสาวรีย์ชัยสมรภูมิ (ขาออก),พหลโยธิน,4,07:00-09:00,0,1,0
อนุสาวรีย์ชัยสมรภูมิ (ขาออก),พหลโยธิน,4,09:00-16:00,0,1,0
อนุสาวรีย์ชัยสมรภูมิ (ขาออก),พหลโยธิน,4,16:00-19:00,0,1,0
อนุสาวรีย์ชัยสมรภูมิ (ขาออก),ราชวิถี,3,07:00-09:00,0,1,0
อนุสาวรีย์ชัยสมรภูมิ (ขาออก),ราชวิถี,3,09:00-16:00,0,1,0
อนุสาวรีย์ชัยสมรภูมิ (ขาออก),ราชวิถี,4,07:00-09:00,0,1,0
อนุสาวรีย์ชัยสมรภูมิ (ขาออก),ราชวิถี,4,09:00-16:00,0,1,0
อนุสาวรีย์ชัยสมรภูมิ (ขาออก),ราชวิถี,4,16:00-19:00,0,1,0
อนุสาวรีย์ชัยสมรภูมิ (ขาเข้า),พญาไท,3,07:00-09:00,0,1,0
อนุสาวรีย์ชัยสมรภูมิ (ขาเข้า),พญาไท,3,09:00-16:00,0,1,0
อนุสาวรีย์ชัยสมรภูมิ (ขาเข้า),พญาไท,3,16:00-19:00,0,1,0
อนุสาวรีย์ชัยสมรภูมิ (ขาเข้า),พญาไท,4,07:00-09:00,0,1,0
อนุสาวรีย์ชัยสมรภูมิ (ขาเข้า),พญาไท,4,09:00-16:00,0,1,0
อนุสาวรีย์ชัยสมรภูมิ (ขาเข้า),พญาไท,4,16:00-19:00,0,1,0
อนุสาวรีย์ชัยสมรภูมิ (ขาเข้า),พหลโยธิน,3,07:00-09:00,0,1,0
อนุสาวรีย์ชัยสมรภูมิ (ขาเข้า),พหลโยธิน,3,09:00-16:00,0,1,0
อนุสาวรีย์ชัยสมรภูมิ (ขาเข้า),พหลโยธิน,3,16:00-19:00,0,1,0
อนุสาวรีย์ชัยสมรภูมิ (ขาเข้า),พหลโยธิน,4,07:00-09:00,0,1,0
อนุสาวรีย์ชัยสมรภูมิ (ขาเข้า),พหลโยธิน,4,09:00-16:00,0,1,0
อนุสาวรีย์ชัยสมรภูมิ (ขาเข้า),พหลโยธิน,4,16:00-19:00,0,1,0
อนุสาวรีย์ชัยสมรภูมิ (ขาเข้า),ราชวิถี,3,07:00-09:00,0,1,0
อนุสาวรีย์ชัยสมรภูมิ (ขาเข้า),ราชวิถี,3,09:00-16:00,0,1,0
อนุสาวรีย์ชัยสมรภูมิ (ขาเข้า),ราชวิถี,4,07:00-09:00,0,1,0
อนุสาวรีย์ชัยสมรภูมิ (ขาเข้า),ราชวิถี,4,09:00-16:00,0,1,0
อนุสาวรีย์ชัยสมรภูมิ (ขาเข้า),ราชวิถี,4,16:00-19:00,0,1,0
อนุสาวรีย์ชัยสมรภูมิ(ขาออก),พญาไท,1,07:00-09:00,1,0,0
อนุสาวรีย์ชัยสมรภูมิ(ขาออก),พญาไท,1,09:00-16:00,1,0,0
อนุสาวรีย์ชัยสมรภูมิ(ขาออก),พญาไท,1,16:00-19:00,1,0,0
อนุสาวรีย์ชัยสมรภูมิ(ขาออก),พหลโยธิน,1,07:00-09:00,1,0,0
อนุสาวรีย์ชัยสมรภูมิ(ขาออก),พหลโยธิน,1,09:00-16:00,1,0,0
อนุสาวรีย์ชัยสมรภูมิ(ขาออก),พหลโยธิน,1,16:00-19:00,1,0,0
อนุสาวรีย์ชัยสมรภูมิ(ขาออก),ราชวิถี,1,07:00-09:00,1,0,0
อนุสาวรีย์ชัยสมรภูมิ(ขาออก),ราชวิถี,1,09:00-16:00,1,0,0
อนุสาวรีย์ชัยสมรภูมิ(ขาออก),ราชวิถี,1,16:00-19:00,1,0,0
อนุสาวรีย์ชัยสมรภูมิ(ขาเข้า),พญาไท,1,07:00-09:00,1,0,0
อนุสาวรีย์ชัยสมรภูมิ(ขาเข้า),พญาไท,1,09:00-16:00,1,0,0
อนุสาวรีย์ชัยสมรภูมิ(ขาเข้า),พญาไท,1,16:00-19:00,1,0,0
อนุสาวรีย์ชัยสมรภูมิ(ขาเข้า),พหลโยธิน,1,07:00-09:00,1,0,0
อนุสาวรีย์ชัยสมรภูมิ(ขาเข้า),พหลโยธิน,1,09:00-16:00,1,0,0
อนุสาวรีย์ชัยสมรภูมิ(ขาเข้า),พหลโยธิน,1,16:00-19:00,1,0,0
อนุสาวรีย์ชัยสมรภูมิ(ขาเข้า),ราชวิถี,1,07:00-09:00,1,0,0
อนุสาวรีย์ชัยสมรภูมิ(ขาเข้า),ราชวิถี,1,09:00-16:00,1,0,0
อนุสาวรีย์ชัยสมรภูมิ(ขาเข้า),ราชวิถี,1,16:00-19:00,1,0,0
อนุสาวรีย์ประชาธิปไตย,ดินสอ,2,07:00-09:00,0,0,1
อนุสาวรีย์ประชาธิปไตย,ดินสอ,2,09:00-17:00,0,0,1
อนุสาวรีย์ประชาธิปไตย,ดินสอ,2,17:00-19:00,0,0,1
อนุสาวรีย์ประชาธิปไตย,ดินสอ,3,07:00-09:00,1,0,0
อนุสาวรีย์ประชาธิปไตย,ดินสอ,3,09:00-16:00,1,0,0
อนุสาวรีย์ประชาธิปไตย,ดินสอ,3,16:00-19:00,1,0,0
อนุสาวรีย์ประชาธิปไตย,ดินสอ,4,06:30-09:00,1,0,0
อนุสาวรีย์ประชาธิปไตย,ดินสอ,4,09:00-16:00,1,0,0
อนุสาวรีย์ประชาธิปไตย,ดินสอ,4,16:00-19:30,1,0,0
อนุสาวรีย์ประชาธิปไตย,ราชดำนินกลาง,4,06:30-09:00,1,0,0
อนุสาวรีย์ประชาธิปไตย,ราชดำนินกลาง,4,09:00-16:00,1,0,0
อนุสาวรีย์ประชาธิปไตย,ราชดำนินกลาง,4,16:00-19:30,1,0,0
อนุสาวรีย์ประชาธิปไตย,ราชดำเนิน,1,07:00-09:00,1,0,0
อนุสาวรีย์ประชาธิปไตย,ราชดำเนิน,1,09:00-16:00,1,0,0
อนุสาวรีย์ประชาธิปไตย,ราชดำเนิน,1,16:00-19:00,1,0,0
อนุสาวรีย์ประชาธิปไตย,ราชดำเนิน,2,07:00-09:00,0,0,1
อนุสาวรีย์ประชาธิปไตย,ราชดำเนิน,2,09:00-17:00,0,0,1
อนุสาวรีย์ประชาธิปไตย,ราชดำเนิน,2,17:00-19:00,0,0,1
อนุสาวรีย์ประชาธิปไตย,ราชดำเนิน,4,07:00-09:00,1,0,0
อนุสาวรีย์ประชาธิปไตย,ราชดำเนิน,4,09:00-16:00,1,0,0
อนุสาวรีย์ประชาธิปไตย,ราชดำเนิน,4,16:00-19:00,1,0,0
อนุสาวรีย์ประชาธิปไตย,ราชดำเนินกลาง,3,07:00-09:00,1,0,0
อนุสาวรีย์ประชาธิปไตย,ราชดำเนินกลาง,3,09:00-16:00,1,0,0
อนุสาวรีย์ประชาธิปไตย,ราชดำเนินกลาง,3,16:00-19:00,1,0,0
อนุสาวรีย์ประชาธิปไตย (ขาออก),ดินสอ,1,07:00-09:00,0,1,0
อนุสาวรีย์ประชาธิปไตย (ขาออก),ดินสอ,1,09:00-16:00,0,1,0
อนุสาวรีย์ประชาธิปไตย (ขาออก),ดินสอ,1,16:00-19:00,0,1,0
อนุสาวรีย์ประชาธิปไตย (ขาออก),ดินสอ,4,07:00-09:00,0,1,1
อนุสาวรีย์ประชาธิปไตย (ขาออก),ดินสอ,4,09:00-16:00,0,1,0
อนุสาวรีย์ประชาธิปไตย (ขาออก),ดินสอ,4,09:00-17:00,0,0,1
อนุสาวรีย์ประชาธิปไตย (ขาออก),ดินสอ,4,16:00-19:00,0,1,0
อนุสาวรีย์ประชาธิปไตย (ขาออก),ดินสอ,4,17:00-19:00,0,0,1
อนุสาวรีย์ประชาธิปไตย (ขาออก),ราชดำเนิน,4,07:00-09:00,0,1,1
อนุสาวรีย์ประชาธิปไตย (ขาออก),ราชดำเนิน,4,09:00-16:00,0,1,0
อนุสาวรีย์ประชาธิปไตย (ขาออก),ราชดำเนิน,4,09:00-17:00,0,0,1
อนุสาวรีย์ประชาธิปไตย (ขาออก),ราชดำเนิน,4,16:00-19:00,0,1,0
อนุสาวรีย์ประชาธิปไตย (ขาออก),ราชดำเนิน,4,17:00-19:00,0,0,1
อนุสาวรีย์ประชาธิปไตย (ขาออก),ราชดำเนินกลาง,1,07:00-09:00,0,1,0
อนุสาวรีย์ประชาธิปไตย (ขาออก),ราชดำเนินกลาง,1,09:00-16:00,0,1,0
อนุสาวรีย์ประชาธิปไตย (ขาออก),ราชดำเนินกลาง,1,16:00-19:00,0,1,0
อนุสาวรีย์ประชาธิปไตย (ขาออกแยก),ดินสอ,1,06:30-09:00,0,1,0
อนุสาวรีย์ประชาธิปไตย (ขาออกแยก),ดินสอ,1,09:00-16:00,0,1,0
อนุสาวรีย์ประชาธิปไตย (ขาออกแยก),ดินสอ,1,16:00-19:30,0,1,0
อนุสาวรีย์ประชาธิปไตย (ขาออกแยก),ราชดำเนินกลาง,1,06:30-09:00,0,1,0
อนุสาวรีย์ประชาธิปไตย (ขาออกแยก),ราชดำเนินกลาง,1,09:00-16:00,0,1,0
อนุสาวรีย์ประชาธิปไตย (ขาออกแยก),ราชดำเนินกลาง,1,16:00-19:30,0,1,0
อนุสาวรีย์ประชาธิปไตย (ขาเข้า),ดินสอ,1,07:00-09:00,0,1,0
อนุสาวรีย์ประชาธิปไตย (ขาเข้า),ดินสอ,1,09:00-16:00,0,1,0
อนุสาวรีย์ประชาธิปไตย (ขาเข้า),ดินสอ,1,16:00-19:00,0,1,0
อนุสาวรีย์ประชาธิปไตย (ขาเข้า),ดินสอ,4,07:00-09:00,0,1,1
อนุสาวรีย์ประชาธิปไตย (ขาเข้า),ดินสอ,4,09:00-16:00,0,1,0
อนุสาวรีย์ประชาธิปไตย (ขาเข้า),ดินสอ,4,09:00-17:00,0,0,1
อนุสาวรีย์ประชาธิปไตย (ขาเข้า),ดินสอ,4,16:00-19:00,0,1,0
อนุสาวรีย์ประชาธิปไตย (ขาเข้า),ดินสอ,4,17:00-19:00,0,0,1
อนุสาวรีย์ประชาธิปไตย (ขาเข้า),ราชดำเนิน,4,07:00-09:00,0,1,1
อนุสาวรีย์ประชาธิปไตย (ขาเข้า),ราชดำเนิน,4,09:00-16:00,0,1,0
อนุสาวรีย์ประชาธิปไตย (ขาเข้า),ราชดำเนิน,4,09:00-17:00,0,0,1
อนุสาวรีย์ประชาธิปไตย (ขาเข้า),ราชดำเนิน,4,16:00-19:00,0,1,0
อนุสาวรีย์ประชาธิปไตย (ขาเข้า),ราชดำเนิน,4,17:00-19:00,0,0,1
อนุสาวรีย์ประชาธิปไตย (ขาเข้า),ราชดำเนินกลาง,1,07:00-09:00,0,1,0
อนุสาวรีย์ประชาธิปไตย (ขาเข้า),ราชดำเนินกลาง,1,09:00-16:00,0,1,0
อนุสาวรีย์ประชาธิปไตย (ขาเข้า),ราชดำเนินกลาง,1,16:00-19:00,0,1,0
อนุสาวรีย์ประชาธิปไตย (ขาเข้าแยก),ดินสอ,1,06:30-09:00,0,1,0
อนุสาวรีย์ประชาธิปไตย (ขาเข้าแยก),ดินสอ,1,09:00-16:00,0,1,0
อนุสาวรีย์ประชาธิปไตย (ขาเข้าแยก),ดินสอ,1,16:00-19:30,0,1,0
อนุสาวรีย์ประชาธิปไตย (ขาเข้าแยก),ราชดำเนินกลาง,1,06:30-09:00,0,1,0
อนุสาวรีย์ประชาธิปไตย (ขาเข้าแยก),ราชดำเนินกลาง,1,09:00-16:00,0,1,0
อนุสาวรีย์ประชาธิปไตย (ขาเข้าแยก),ราชดำเนินกลาง,1,16:00-19:30,0,1,0
อนุสาวสรีย์ประชาธิปไตย (ขาออก),ดินสอ,3,07:00-09:00,1,0,0
อนุสาวสรีย์ประชาธิปไตย (ขาออก),ดินสอ,3,09:00-16:00,1,0,0
อนุสาวสรีย์ประชาธิปไตย (ขาออก),ดินสอ,3,16:00-19:00,1,0,0
อนุสาวสรีย์ประชาธิปไตย (ขาออก),ราชดำเนินกลาง,3,07:00-09:00,1,0,0
อนุสาวสรีย์ประชาธิปไตย (ขาออก),ราชดำเนินกลาง,3,09:00-16:00,1,0,0
อนุสาวสรีย์ประชาธิปไตย (ขาออก),ราชดำเนินกลาง,3,16:00-19:00,1,0,0
อนุสาวสรีย์ประชาธิปไตย (ขาเข้า),ดินสอ,3,07:00-09:00,1,0,0
อนุสาวสรีย์ประชาธิปไตย (ขาเข้า),ดินสอ,3,09:00-16:00,1,0,0
อนุสาวสรีย์ประชาธิปไตย (ขาเข้า),ดินสอ,3,16:00-19:00,1,0,0
อนุสาวสรีย์ประชาธิปไตย (ขาเข้า),ราชดำเนินกลาง,3,07:00-09:00,1,0,0
อนุสาวสรีย์ประชาธิปไตย (ขาเข้า),ราชดำเนินกลาง,3,09:00-16:00,1,0,0
อนุสาวสรีย์ประชาธิปไตย (ขาเข้า),ราชดำเนินกลาง,3,16:00-19:00,1,0,0
อรุณอมรินทร์,สมเด็จพระปิ่นเกล้า,1,07:00-09:00,0,0,1
อรุณอมรินทร์,สมเด็จพระปิ่นเกล้า,1,09:00-17:00,0,0,1
อรุณอมรินทร์,สมเด็จพระปิ่นเกล้า,1,17:00-19:00,0,0,1
อรุณอมรินทร์,สมเด็จพระปิ่นเกล้า,3,07:00-09:00,0,1,0
อรุณอมรินทร์,สมเด็จพระปิ่นเกล้า,3,09:00-16:00,0,1,0
อรุณอมรินทร์,สมเด็จพระปิ่นเกล้า,3,16:00-19:00,0,1,0
อรุณอมรินทร์,อรุณอมรินทร์,1,07:00-09:00,0,0,1
อรุณอมรินทร์,อรุณอมรินทร์,1,09:00-17:00,0,0,1
อรุณอมรินทร์,อรุณอมรินทร์,1,17:00-19:00,0,0,1
อรุณอมรินทร์,อรุณอมรินทร์,3,07:00-09:00,0,1,0
อรุณอมรินทร์,อรุณอมรินทร์,3,09:00-16:00,0,1,0
อรุณอมรินทร์,อรุณอมรินทร์,3,16:00-19:00,0,1,0
อรุณอมรินทร์ - วังเดิม,วังเดิม,1,07:00-09:00,0,0,1
อรุณอมรินทร์ - วังเดิม,วังเดิม,1,09:00-17:00,0,0,1
อรุณอมรินทร์ - วังเดิม,วังเดิม,1,17:00-19:00,0,0,1
อรุณอมรินทร์ - วังเดิม,วังเดิม,3,07:00-09:00,0,0,1
อรุณอมรินทร์ - วังเดิม,วังเดิม,3,09:00-17:00,0,0,1
อรุณอมรินทร์ - วังเดิม,วังเดิม,3,17:00-19:00,0,0,1
อรุณอมรินทร์ - วังเดิม,อรุณอมรินทร์,3,07:00-09:00,0,0,1
อรุณอมรินทร์ - วังเดิม,อรุณอมรินทร์,3,09:00-17:00,0,0,1
อรุณอมรินทร์ - วังเดิม,อรุณอมรินทร์,3,17:00-19:00,0,0,1
อรุณอมรินทร์ - วังเดิม,อรุณอัมรินทร์ตัดใหม่,1,07:00-09:00,0,0,1
อรุณอมรินทร์ - วังเดิม,อรุณอัมรินทร์ตัดใหม่,1,09:00-17:00,0,0,1
อรุณอมรินทร์ - วังเดิม,อรุณอัมรินทร์ตัดใหม่,1,17:00-19:00,0,0,1
อรุณอมรินทร์ตัดใหม่,วังเดิม,3,07:00-09:00,0,1,0
อรุณอมรินทร์ตัดใหม่,วังเดิม,3,09:00-16:00,0,1,0
อรุณอมรินทร์ตัดใหม่,วังเดิม,3,16:00-19:00,0,1,0
อรุณอมรินทร์ตัดใหม่,อรุณอมรินทร์ตัดใหม่,3,07:00-09:00,0,1,0
อรุณอมรินทร์ตัดใหม่,อรุณอมรินทร์ตัดใหม่,3,09:00-16:00,0,1,0
อรุณอมรินทร์ตัดใหม่,อรุณอมรินทร์ตัดใหม่,3,16:00-19:00,0,1,0
อรุณอมรินทร์ตัดใหม่ - วังเดิม,มักกะสัน,3,07:00-09:00,0,1,0
อรุณอมรินทร์ตัดใหม่ - วังเดิม,มักกะสัน,3,09:00-16:00,0,1,0
อรุณอมรินทร์ตัดใหม่ - วังเดิม,มักกะสัน,3,16:00-19:00,0,1,0
อรุณอมรินทร์ตัดใหม่ - วังเดิม,ราชปรารภ,3,07:00-09:00,0,1,0
อรุณอมรินทร์ตัดใหม่ - วังเดิม,ราชปรารภ,3,09:00-16:00,0,1,0
อรุณอมรินทร์ตัดใหม่ - วังเดิม,ราชปรารภ,3,16:00-19:00,0,1,0
อรุณอมรินทร์ตัดใหม่ - วังเดิม,วังเดิม,3,07:00-09:00,0,1,0
อรุณอมรินทร์ตัดใหม่ - วังเดิม,วังเดิม,3,09:00-16:00,0,1,0
อรุณอมรินทร์ตัดใหม่ - วังเดิม,วังเดิม,3,16:00-19:00,0,1,0
อรุณอมรินทร์ตัดใหม่ - วังเดิม,อรุณอมรินทร์,3,07:00-09:00,0,1,0
อรุณอมรินทร์ตัดใหม่ - วังเดิม,อรุณอมรินทร์,3,09:00-16:00,0,1,0
อรุณอมรินทร์ตัดใหม่ - วังเดิม,อรุณอมรินทร์,3,16:00-19:00,0,1,0
อรุณอัมรินทร์,สมเด็จพระปิ่นเกล้า,3,07:00-09:00,1,0,1
อรุณอัมรินทร์,สมเด็จพระปิ่นเกล้า,3,09:00-16:00,1,0,0
อรุณอัมรินทร์,สมเด็จพระปิ่นเกล้า,3,09:00-17:00,0,0,1
อรุณอัมรินทร์,สมเด็จพระปิ่นเกล้า,3,16:00-19:00,1,0,0
อรุณอัมรินทร์,สมเด็จพระปิ่นเกล้า,3,17:00-19:00,0,0,1
อรุณอัมรินทร์,อรุณอัมรินทร์,3,07:00-09:00,1,0,1
อรุณอัมรินทร์,อรุณอัมรินทร์,3,09:00-16:00,1,0,0
อรุณอัมรินทร์,อรุณอัมรินทร์,3,09:00-17:00,0,0,1
อรุณอัมรินทร์,อรุณอัมรินทร์,3,16:00-19:00,1,0,0
อรุณอัมรินทร์,อรุณอัมรินทร์,3,17:00-19:00,0,0,1
อรุณอัมรินทร์ตัดใหม่ -วังเดิม,วังเดิม,4,07:00-09:00,1,0,0
อรุณอัมรินทร์ตัดใหม่ -วังเดิม,วังเดิม,4,09:00-16:00,1,0,0
อรุณอัมรินทร์ตัดใหม่ -วังเดิม,วังเดิม,4,16:00-19:00,1,0,0
อรุณอัมรินทร์ตัดใหม่ -วังเดิม,อรุณอัมรินทร์ตัดใหม่,4,07:00-09:00,1,0,0
อรุณอัมรินทร์ตัดใหม่ -วังเดิม,อรุณอัมรินทร์ตัดใหม่,4,09:00-16:00,1,0,0
อรุณอัมรินทร์ตัดใหม่ -วังเดิม,อรุณอัมรินทร์ตัดใหม่,4,16:00-19:00,1,0,0
อังรีดูนังต์,ทางเข้ากองบัญชาการ,1,07:00-09:00,0,0,1
อังรีดูนังต์,ทางเข้ากองบัญชาการ,1,09:00-16:00,0,0,1
อังรีดูนังต์,ทางเข้ากองบัญชาการ,1,16:00-19:00,0,0,1
อังรีดูนังต์,พระรามที่ 4,1,07:00-09:00,0,0,2
อังรีดูนังต์,พระรามที่ 4,1,09:00-16:00,0,0,1
อังรีดูนังต์,พระรามที่ 4,1,09:00-17:00,0,0,1
อังรีดูนังต์,พระรามที่ 4,1,16:00-19:00,0,0,1
อังรีดูนังต์,พระรามที่ 4,1,17:00-19:00,0,0,1
อังรีดูนังต์,พระรามที่ 4,4,07:00-09:00,1,0,1
อังรีดูนังต์,พระรามที่ 4,4,09:00-16:00,1,0,0
อังรีดูนังต์,พระรามที่ 4,4,09:00-17:00,0,0,1
อังรีดูนังต์,พระรามที่ 4,4,16:00-19:00,1,0,0
อังรีดูนังต์,พระรามที่ 4,4,17:00-19:00,0,0,1
อังรีดูนังต์,พระรามที่4,1,07:00-09:00,0,1,0
อังรีดูนังต์,พระรามที่4,1,09:00-16:00,0,1,0
อังรีดูนังต์,พระรามที่4,1,16:00-19:00,0,1,0
อังรีดูนังต์,สุรวงศ์,1,07:00-09:00,0,1,2
อังรีดูนังต์,สุรวงศ์,1,09:00-16:00,0,1,1
อังรีดูนังต์,สุรวงศ์,1,09:00-17:00,0,0,1
อังรีดูนังต์,สุรวงศ์,1,16:00-19:00,0,1,1
อังรีดูนังต์,สุรวงศ์,1,17:00-19:00,0,0,1
อังรีดูนังต์,สุรวงศ์,4,07:00-09:00,1,0,1
อังรีดูนังต์,สุรวงศ์,4,09:00-16:00,1,0,0
อังรีดูนังต์,สุรวงศ์,4,09:00-17:00,0,0,1
อังรีดูนังต์,สุรวงศ์,4,16:00-19:00,1,0,0
อังรีดูนังต์,สุรวงศ์,4,17:00-19:00,0,0,1
อังรีดูนังต์,อังรีดูนังต์,1,07:00-09:00,0,1,2
อังรีดูนังต์,อังรีดูนังต์,1,09:00-16:00,0,1,1
อังรีดูนังต์,อังรีดูนังต์,1,09:00-17:00,0,0,1
อังรีดูนังต์,อังรีดูนังต์,1,16:00-19:00,0,1,1
อังรีดูนังต์,อังรีดูนังต์,1,17:00-19:00,0,0,1
อังรีดูนังต์,อังรีดูนังต์,4,07:00-09:00,1,0,1
อังรีดูนังต์,อังรีดูนังต์,4,09:00-16:00,1,0,0
อังรีดูนังต์,อังรีดูนังต์,4,09:00-17:00,0,0,1
อังรีดูนังต์,อังรีดูนังต์,4,16:00-19:00,1,0,0
อังรีดูนังต์,อังรีดูนังต์,4,17:00-19:00,0,0,1
อัษฎางค์ - พระยาศรี,พระยาศรี,3,07:00-09:00,0,1,0
อัษฎางค์ - พระยาศรี,พระยาศรี,3,09:00-16:00,0,1,0
อัษฎางค์ - พระยาศรี,พระยาศรี,3,16:00-19:00,0,1,0
อัษฎางค์ - พระยาศรี,อัษฎางค์,3,07:00-09:00,0,1,0
อัษฎางค์ - พระยาศรี,อัษฎางค์,3,09:00-16:00,0,1,0
อัษฎางค์ - พระยาศรี,อัษฎางค์,3,16:00-19:00,0,1,0
อัษฎางค์ - ราชบพิธ,อัษฎางค์,2,07:00-09:00,0,1,0
อัษฎางค์ - ราชบพิธ,อัษฎางค์,2,09:00-16:00,0,1,0
อัษฎางค์ - ราชบพิธ,อัษฎางค์,2,16:00-19:00,0,1,0
อาคาร American Standard,รัชดาภิเษก,3,07:00-09:00,0,1,0
อาคาร American Standard,รัชดาภิเษก,3,09:00-16:00,0,1,0
อาคาร American Standard,รัชดาภิเษก,3,16:00-19:00,0,1,0
อาคารสงเคราะห์กองทัพบก (บางซื่อ),ทางเข้า - ออกอาคารสงเคราะห์กองทัพบก,3,07:00-09:00,0,0,1
อาคารสงเคราะห์กองทัพบก (บางซื่อ),ทางเข้า - ออกอาคารสงเคราะห์กองทัพบก,3,09:00-17:00,0,0,1
อาคารสงเคราะห์กองทัพบก (บางซื่อ),ทางเข้า - ออกอาคารสงเคราะห์กองทัพบก,3,17:00-19:00,0,0,1
อาคารสงเคราะห์กองทัพบก (บางซื่อ),เทอดดำริ,3,07:00-09:00,0,0,1
อาคารสงเคราะห์กองทัพบก (บางซื่อ),เทอดดำริ,3,09:00-17:00,0,0,1
อาคารสงเคราะห์กองทัพบก (บางซื่อ),เทอดดำริ,3,17:00-19:00,0,0,1
อาคารสงเคราะห์กองทัพบก (เทอดดำริ),ทางเข้า - ออกอาคารสงเคราะห์กองทัพบก,3,07:00-09:00,0,0,1
อาคารสงเคราะห์กองทัพบก (เทอดดำริ),ทางเข้า - ออกอาคารสงเคราะห์กองทัพบก,3,09:00-17:00,0,0,1
อาคารสงเคราะห์กองทัพบก (เทอดดำริ),ทางเข้า - ออกอาคารสงเคราะห์กองทัพบก,3,17:00-19:00,0,0,1
อาคารสงเคราะห์กองทัพบก (เทอดดำริ),เทอดดำริ,3,07:00-09:00,0,0,1
อาคารสงเคราะห์กองทัพบก (เทอดดำริ),เทอดดำริ,3,09:00-17:00,0,0,1
อาคารสงเคราะห์กองทัพบก (เทอดดำริ),เทอดดำริ,3,17:00-19:00,0,0,1
อารีย์สัมพันธ์,ซอยอารีย์สัมพันธ์,1,07:00-09:00,1,0,0
อารีย์สัมพันธ์,ซอยอารีย์สัมพันธ์,1,09:00-16:00,1,0,0
อารีย์สัมพันธ์,ซอยอารีย์สัมพันธ์,1,16:00-19:00,1,0,0
อารีย์สัมพันธ์,พระรามที่ 6,1,07:00-09:00,1,0,1
อารีย์สัมพันธ์,พระรามที่ 6,1,09:00-16:00,1,0,0
อารีย์สัมพันธ์,พระรามที่ 6,1,09:00-17:00,0,0,1
อารีย์สัมพันธ์,พระรามที่ 6,1,16:00-19:00,1,0,0
อารีย์สัมพันธ์,พระรามที่ 6,1,17:00-19:00,0,0,1
อารีย์สัมพันธ์,อารีย์สัมพันธ์,1,07:00-09:00,0,0,1
อารีย์สัมพันธ์,อารีย์สัมพันธ์,1,09:00-17:00,0,0,1
อารีย์สัมพันธ์,อารีย์สัมพันธ์,1,17:00-19:00,0,0,1
อาร์ซีเอ,จตุรทิศ,2,07:00-09:00,0,0,1
อาร์ซีเอ,จตุรทิศ,2,09:00-17:00,0,0,1
อาร์ซีเอ,จตุรทิศ,2,17:00-19:00,0,0,1
อาร์ซีเอ,พระราม 9 ซอย 8,2,07:00-09:00,0,0,1
อาร์ซีเอ,พระราม 9 ซอย 8,2,09:00-17:00,0,0,1
อาร์ซีเอ,พระราม 9 ซอย 8,2,17:00-19:00,0,0,1
อำนวยสงคราม,พิชัย,3,07:00-09:00,1,0,0
อำนวยสงคราม,พิชัย,3,09:00-16:00,1,0,0
อำนวยสงคราม,พิชัย,3,16:00-19:00,1,0,0
อำนวยสงคราม,อำนวยสงคราม,3,07:00-09:00,1,0,0
อำนวยสงคราม,อำนวยสงคราม,3,09:00-16:00,1,0,0
อำนวยสงคราม,อำนวยสงคราม,3,16:00-19:00,1,0,0
อำนวยสงคราม - ร่วมจิตต์,ร่วมจิตต์,2,07:00-09:00,1,0,0
อำนวยสงคราม - ร่วมจิตต์,ร่วมจิตต์,2,09:00-16:00,1,0,0
อำนวยสงคราม - ร่วมจิตต์,ร่วมจิตต์,2,16:00-19:00,1,0,0
อำนวยสงคราม - ร่วมจิตต์,ร่วมจิตต์,3,07:00-09:00,0,0,1
อำนวยสงคราม - ร่วมจิตต์,ร่วมจิตต์,3,09:00-16:00,0,0,1
อำนวยสงคราม - ร่วมจิตต์,ร่วมจิตต์,3,16:00-19:00,0,0,1
อำนวยสงคราม - ร่วมจิตต์,อำนวยสงคราม,2,07:00-09:00,1,0,0
อำนวยสงคราม - ร่วมจิตต์,อำนวยสงคราม,2,09:00-16:00,1,0,0
อำนวยสงคราม - ร่วมจิตต์,อำนวยสงคราม,2,16:00-19:00,1,0,0
อำนวยสงคราม - ร่วมจิตต์,อำนวยสงคราม,3,07:00-09:00,0,0,1
อำนวยสงคราม - ร่วมจิตต์,อำนวยสงคราม,3,09:00-16:00,0,0,1
อำนวยสงคราม - ร่วมจิตต์,อำนวยสงคราม,3,16:00-19:00,0,0,1
อินทาบัจ 13 - เพชรเกษม 63,ซอยอินทาปัจ 13,2,07:00-09:00,1,0,0
อินทาบัจ 13 - เพชรเกษม 63,ซอยอินทาปัจ 13,2,09:00-16:00,1,0,0
อินทาบัจ 13 - เพชรเกษม 63,ซอยอินทาปัจ 13,2,16:00-19:00,1,0,0
อินทาบัจ 13 - เพชรเกษม 63,ซอยเพชรเกษม 63,2,07:00-09:00,1,0,0
อินทาบัจ 13 - เพชรเกษม 63,ซอยเพชรเกษม 63,2,09:00-16:00,1,0,0
อินทาบัจ 13 - เพชรเกษม 63,ซอยเพชรเกษม 63,2,16:00-19:00,1,0,0
อินทาปัจ 13 - เพชรเกษม 69,อินทาปัจ 13,4,07:00-09:00,0,0,1
อินทาปัจ 13 - เพชรเกษม 69,อินทาปัจ 13,4,09:00-17:00,0,0,1
อินทาปัจ 13 - เพชรเกษม 69,อินทาปัจ 13,4,17:00-19:00,0,0,1
อินทาปัจ 13 - เพชรเกษม 69,เพชรเกษม 69,4,07:00-09:00,0,0,1
อินทาปัจ 13 - เพชรเกษม 69,เพชรเกษม 69,4,09:00-17:00,0,0,1
อินทาปัจ 13 - เพชรเกษม 69,เพชรเกษม 69,4,17:00-19:00,0,0,1
อินทาปัจ 13 - เพชรเกษม 69,เลียบคลองภาษีเจริญฝั่งเหนือ,4,07:00-09:00,0,0,1
อินทาปัจ 13 - เพชรเกษม 69,เลียบคลองภาษีเจริญฝั่งเหนือ,4,09:00-17:00,0,0,1
อินทาปัจ 13 - เพชรเกษม 69,เลียบคลองภาษีเจริญฝั่งเหนือ,4,17:00-19:00,0,0,1
อิสรภาพ - อิสรภาพ 21,อิสรภาพ,2,07:00-09:00,0,0,1
อิสรภาพ - อิสรภาพ 21,อิสรภาพ,2,09:00-17:00,0,0,1
อิสรภาพ - อิสรภาพ 21,อิสรภาพ,2,17:00-19:00,0,0,1
อิสรภาพ - อิสรภาพ 21,อิสรภาพ 21,2,07:00-09:00,0,0,1
อิสรภาพ - อิสรภาพ 21,อิสรภาพ 21,2,09:00-17:00,0,0,1
อิสรภาพ - อิสรภาพ 21,อิสรภาพ 21,2,17:00-19:00,0,0,1
อิสรภาพ - อิสรภาพ 44 - วัดดงมูลเหล็ก,อิสรภาพ,2,07:00-09:00,0,0,1
อิสรภาพ - อิสรภาพ 44 - วัดดงมูลเหล็ก,อิสรภาพ,2,09:00-17:00,0,0,1
อิสรภาพ - อิสรภาพ 44 - วัดดงมูลเหล็ก,อิสรภาพ,2,17:00-19:00,0,0,1
อิสรภาพ - อิสรภาพ 44 - วัดดงมูลเหล็ก,อิสรภาพ 44,2,07:00-09:00,0,0,1
อิสรภาพ - อิสรภาพ 44 - วัดดงมูลเหล็ก,อิสรภาพ 44,2,09:00-17:00,0,0,1
อิสรภาพ - อิสรภาพ 44 - วัดดงมูลเหล็ก,อิสรภาพ 44,2,17:00-19:00,0,0,1
อิสรภาพ 42,อิสรภาพ,4,07:00-09:00,0,0,1
อิสรภาพ 42,อิสรภาพ,4,09:00-17:00,0,0,1
อิสรภาพ 42,อิสรภาพ,4,17:00-19:00,0,0,1
อิสรภาพ 42,อิสรภาพ 42,4,07:00-09:00,0,0,1
อิสรภาพ 42,อิสรภาพ 42,4,09:00-17:00,0,0,1
อิสรภาพ 42,อิสรภาพ 42,4,17:00-19:00,0,0,1
อุณากรรณ,อุณากรรณ,1,07:00-09:00,1,0,0
อุณากรรณ,อุณากรรณ,1,09:00-16:00,1,0,0
อุณากรรณ,อุณากรรณ,1,16:00-19:00,1,0,0
อุณากรรณ,อุณากรรณ,2,07:00-09:00,0,1,1
อุณากรรณ,อุณากรรณ,2,09:00-16:00,0,1,0
อุณากรรณ,อุณากรรณ,2,09:00-17:00,0,0,1
อุณากรรณ,อุณากรรณ,2,16:00-19:00,0,1,0
อุณากรรณ,อุณากรรณ,2,17:00-19:00,0,0,1
อุณากรรณ,อุณากรรณ,3,07:00-09:00,1,0,0
อุณากรรณ,อุณากรรณ,3,09:00-16:00,1,0,0
อุณากรรณ,อุณากรรณ,3,16:00-19:00,1,0,0
อุณากรรณ,เจริญกรุง,1,07:00-09:00,1,0,0
อุณากรรณ,เจริญกรุง,1,09:00-16:00,1,0,0
อุณากรรณ,เจริญกรุง,1,16:00-19:00,1,0,0
อุณากรรณ,เจริญกรุง,2,07:00-09:00,0,1,1
อุณากรรณ,เจริญกรุง,2,09:00-16:00,0,1,0
อุณากรรณ,เจริญกรุง,2,09:00-17:00,0,0,1
อุณากรรณ,เจริญกรุง,2,16:00-19:00,0,1,0
อุณากรรณ,เจริญกรุง,2,17:00-19:00,0,0,1
อุณากรรณ,เจริญกรุง,3,07:00-09:00,1,0,0
อุณากรรณ,เจริญกรุง,3,09:00-16:00,1,0,0
อุณากรรณ,เจริญกรุง,3,16:00-19:00,1,0,0
อุณากรรณ - ลงท่า,ลงท่า,3,07:00-09:00,0,1,0
อุณากรรณ - ลงท่า,ลงท่า,3,09:00-16:00,0,1,0
อุณากรรณ - ลงท่า,ลงท่า,3,16:00-19:00,0,1,0
อุณากรรณ - ลงท่า,ศิริพงษ์,3,07:00-09:00,0,1,0
อุณากรรณ - ลงท่า,ศิริพงษ์,3,09:00-16:00,0,1,0
อุณากรรณ - ลงท่า,ศิริพงษ์,3,16:00-19:00,0,1,0
อุณากรรณ - ลงท่า,อุณากรรณ,3,07:00-09:00,0,1,0
อุณากรรณ - ลงท่า,อุณากรรณ,3,09:00-16:00,0,1,0
อุณากรรณ - ลงท่า,อุณากรรณ,3,16:00-19:00,0,1,0
อุดมสุข,ซอยสุขุมวิท 103 (อุดมสุข),3,07:00-09:00,1,0,0
อุดมสุข,ซอยสุขุมวิท 103 (อุดมสุข),3,09:00-16:00,1,0,0
อุดมสุข,ซอยสุขุมวิท 103 (อุดมสุข),3,16:00-19:00,1,0,0
อุดมสุข,ซอยสุขุมวิท 103 (อุดมสุข),4,07:00-09:00,1,0,0
อุดมสุข,ซอยสุขุมวิท 103 (อุดมสุข),4,09:00-16:00,1,0,0
อุดมสุข,ซอยสุขุมวิท 103 (อุดมสุข),4,16:00-19:00,1,0,0
อุดมสุข,สุขุมวิท,2,07:00-09:00,0,1,1
อุดมสุข,สุขุมวิท,2,09:00-16:00,0,1,0
อุดมสุข,สุขุมวิท,2,09:00-17:00,0,0,1
อุดมสุข,สุขุมวิท,2,16:00-19:00,0,1,0
อุดมสุข,สุขุมวิท,2,17:00-19:00,0,0,1
อุดมสุข,สุขุมวิท,3,07:00-09:00,1,0,0
อุดมสุข,สุขุมวิท,3,09:00-16:00,1,0,0
อุดมสุข,สุขุมวิท,3,16:00-19:00,1,0,0
อุดมสุข,สุขุมวิท,4,07:00-09:00,1,0,1
อุดมสุข,สุขุมวิท,4,09:00-16:00,1,0,0
อุดมสุข,สุขุมวิท,4,09:00-17:00,0,0,1
อุดมสุข,สุขุมวิท,4,16:00-19:00,1,0,0
อุดมสุข,สุขุมวิท,4,17:00-19:00,0,0,1
อุดมสุข,สุขุมวิท 103,2,07:00-09:00,0,0,1
อุดมสุข,สุขุมวิท 103,2,09:00-17:00,0,0,1
อุดมสุข,สุขุมวิท 103,2,17:00-19:00,0,0,1
อุดมสุข,สุขุมวิท 103,4,07:00-09:00,0,0,1
อุดมสุข,สุขุมวิท 103,4,09:00-17:00,0,0,1
อุดมสุข,สุขุมวิท 103,4,17:00-19:00,0,0,1
อุดมสุข,สุขุมวิท 103 (อุดมสุข),2,07:00-09:00,0,1,0
อุดมสุข,สุขุมวิท 103 (อุดมสุข),2,09:00-16:00,0,1,0
อุดมสุข,สุขุมวิท 103 (อุดมสุข),2,16:00-19:00,0,1,0
อุดมสุข 30 - 27,อุดมสุข,3,07:00-09:00,0,0,1
อุดมสุข 30 - 27,อุดมสุข,3,09:00-16:00,0,0,1
อุดมสุข 30 - 27,อุดมสุข,3,16:00-19:00,0,0,1
อุดมสุข 30 - 27,อุดมสุข 27,3,07:00-09:00,0,0,1
อุดมสุข 30 - 27,อุดมสุข 27,3,09:00-16:00,0,0,1
อุดมสุข 30 - 27,อุดมสุข 27,3,16:00-19:00,0,0,1
อุดมสุข 30 - 27,อุดมสุข 30,3,07:00-09:00,0,0,1
อุดมสุข 30 - 27,อุดมสุข 30,3,09:00-16:00,0,0,1
อุดมสุข 30 - 27,อุดมสุข 30,3,16:00-19:00,0,0,1
อุดมสุข 51,อุดมสุข,3,07:00-09:00,0,0,1
อุดมสุข 51,อุดมสุข,3,09:00-17:00,0,0,1
อุดมสุข 51,อุดมสุข,3,17:00-19:00,0,0,1
อุดมสุข 51,อุดมสุข 51,3,07:00-09:00,0,0,1
อุดมสุข 51,อุดมสุข 51,3,09:00-17:00,0,0,1
อุดมสุข 51,อุดมสุข 51,3,17:00-19:00,0,0,1
อุภัยเจษฎทิศ,ราชวิถี,2,07:00-09:00,0,1,0
อุภัยเจษฎทิศ,ราชวิถี,2,09:00-16:00,0,1,0
อุภัยเจษฎทิศ,ราชวิถี,2,16:00-19:00,0,1,0
อุภัยเจษฎทิศ,สวรรคโลก,2,07:00-09:00,0,1,0
อุภัยเจษฎทิศ,สวรรคโลก,2,09:00-16:00,0,1,0
อุภัยเจษฎทิศ,สวรรคโลก,2,16:00-19:00,0,1,0
อุภัยเจษฎอุทิศ,ราชวิถี,2,07:00-09:00,1,0,0
อุภัยเจษฎอุทิศ,ราชวิถี,2,09:00-16:00,1,0,0
อุภัยเจษฎอุทิศ,ราชวิถี,2,16:00-19:00,1,0,0
อุภัยเจษฎอุทิศ,สวรรคโลก,2,07:00-09:00,1,0,0
อุภัยเจษฎอุทิศ,สวรรคโลก,2,09:00-16:00,1,0,0
อุภัยเจษฎอุทิศ,สวรรคโลก,2,16:00-19:00,1,0,0
อุภัยเจษฎุทิศ,ราชวิถี,4,07:00-09:00,0,0,2
อุภัยเจษฎุทิศ,ราชวิถี,4,09:00-16:00,0,0,1
อุภัยเจษฎุทิศ,ราชวิถี,4,09:00-17:00,0,0,1
อุภัยเจษฎุทิศ,ราชวิถี,4,16:00-19:00,0,0,1
อุภัยเจษฎุทิศ,ราชวิถี,4,17:00-19:00,0,0,1
อุภัยเจษฎุทิศ,สวรรคโลก,4,07:00-09:00,0,0,2
อุภัยเจษฎุทิศ,สวรรคโลก,4,09:00-16:00,0,0,1
อุภัยเจษฎุทิศ,สวรรคโลก,4,09:00-17:00,0,0,1
อุภัยเจษฎุทิศ,สวรรคโลก,4,16:00-19:00,0,0,1
อุภัยเจษฎุทิศ,สวรรคโลก,4,17:00-19:00,0,0,1
อุรุพงษ์,พระรามที่ 6,1,07:00-09:00,0,0,1
อุรุพงษ์,พระรามที่ 6,1,09:00-17:00,0,0,1
อุรุพงษ์,พระรามที่ 6,1,17:00-19:00,0,0,1
อุรุพงษ์,พระรามที่ 6,2,07:00-09:00,1,1,1
อุรุพงษ์,พระรามที่ 6,2,09:00-16:00,1,1,0
อุรุพงษ์,พระรามที่ 6,2,09:00-17:00,0,0,1
อุรุพงษ์,พระรามที่ 6,2,16:00-19:00,1,1,0
อุรุพงษ์,พระรามที่ 6,2,17:00-19:00,0,0,1
อุรุพงษ์,พระรามที่ 6,3,07:00-09:00,0,0,1
อุรุพงษ์,พระรามที่ 6,3,09:00-17:00,0,0,1
อุรุพงษ์,พระรามที่ 6,3,17:00-19:00,0,0,1
อุรุพงษ์,เพชรบุรี,1,07:00-09:00,0,0,1
อุรุพงษ์,เพชรบุรี,1,09:00-17:00,0,0,1
อุรุพงษ์,เพชรบุรี,1,17:00-19:00,0,0,1
อุรุพงษ์,เพชรบุรี,2,07:00-09:00,1,1,1
อุรุพงษ์,เพชรบุรี,2,09:00-16:00,1,1,0
อุรุพงษ์,เพชรบุรี,2,09:00-17:00,0,0,1
อุรุพงษ์,เพชรบุรี,2,16:00-19:00,1,1,0
อุรุพงษ์,เพชรบุรี,2,17:00-19:00,0,0,1
อุรุพงษ์,เพชรบุรี,3,07:00-09:00,0,0,1
อุรุพงษ์,เพชรบุรี,3,09:00-17:00,0,0,1
อุรุพงษ์,เพชรบุรี,3,17:00-19:00,0,0,1
อุโมงค์กลับรถถนนพัฒนาการ,พัฒนาการ,1,07:00-09:00,0,0,1
อุโมงค์กลับรถถนนพัฒนาการ,พัฒนาการ,1,09:00-16:00,0,0,1
อุโมงค์กลับรถถนนพัฒนาการ,พัฒนาการ,1,16:00-19:00,0,0,1
อุโมงค์ดินแดง,ดินแดง,1,07:00-09:00,0,0,1
อุโมงค์ดินแดง,ดินแดง,1,09:00-17:00,0,0,1
อุโมงค์ดินแดง,ดินแดง,1,17:00-19:00,0,0,1
อุโมงค์ดินแดง,มุ่งหน้าประชาสงเคราะห์,1,07:00-09:00,0,0,1
อุโมงค์ดินแดง,มุ่งหน้าประชาสงเคราะห์,1,09:00-16:00,0,0,1
อุโมงค์ดินแดง,มุ่งหน้าประชาสงเคราะห์,1,16:00-19:00,0,0,1
อุโมงค์ดินแดง,อุโมงค์ดินแดง,1,07:00-09:00,0,0,1
อุโมงค์ดินแดง,อุโมงค์ดินแดง,1,09:00-17:00,0,0,1
อุโมงค์ดินแดง,อุโมงค์ดินแดง,1,17:00-19:00,0,0,1
อุโมงค์ถาวรธวัช,ถาวรธวัช,1,07:00-09:00,0,0,1
อุโมงค์ถาวรธวัช,ถาวรธวัช,1,09:00-16:00,0,0,1
อุโมงค์ถาวรธวัช,ถาวรธวัช,1,16:00-19:00,0,0,1
อุโมงค์ถาวรธวัช,ถาวรธัวช,1,07:00-09:00,0,0,1
อุโมงค์ถาวรธวัช,ถาวรธัวช,1,09:00-17:00,0,0,1
อุโมงค์ถาวรธวัช,ถาวรธัวช,1,17:00-19:00,0,0,1
อุโมงค์ท่าพระ,มุ่งหน้าแยกรัชดา-ราชพฤกษ์,1,07:00-09:00,0,0,1
อุโมงค์ท่าพระ,มุ่งหน้าแยกรัชดา-ราชพฤกษ์,1,09:00-16:00,0,0,1
อุโมงค์ท่าพระ,มุ่งหน้าแยกรัชดา-ราชพฤกษ์,1,16:00-19:00,0,0,1
อุโมงค์ท่าพระ,มุ่งหน้าแยกไฟฉาย,1,07:00-09:00,0,0,1
อุโมงค์ท่าพระ,มุ่งหน้าแยกไฟฉาย,1,09:00-16:00,0,0,1
อุโมงค์ท่าพระ,มุ่งหน้าแยกไฟฉาย,1,16:00-19:00,0,0,1
อุโมงค์บรมราชชนนี,มุ่งหน้าบางขุนนนท์,1,07:00-09:00,0,0,1
อุโมงค์บรมราชชนนี,มุ่งหน้าบางขุนนนท์,1,09:00-16:00,0,0,1
อุโมงค์บรมราชชนนี,มุ่งหน้าบางขุนนนท์,1,16:00-19:00,0,0,1
อุโมงค์บรมราชชนนี,มุ่งหน้าแยกบางพลัด,1,07:00-09:00,0,0,1
อุโมงค์บรมราชชนนี,มุ่งหน้าแยกบางพลัด,1,09:00-16:00,0,0,1
อุโมงค์บรมราชชนนี,มุ่งหน้าแยกบางพลัด,1,16:00-19:00,0,0,1
อุโมงค์บางพลัด,มุ่งหน้าพระราม 7,1,07:00-09:00,0,0,1
อุโมงค์บางพลัด,มุ่งหน้าพระราม 7,1,09:00-16:00,0,0,1
อุโมงค์บางพลัด,มุ่งหน้าพระราม 7,1,16:00-19:00,0,0,1
อุโมงค์บางพลัด,มุ่งหน้าแยกปิ่นเกล้า,1,07:00-09:00,0,0,1
อุโมงค์บางพลัด,มุ่งหน้าแยกปิ่นเกล้า,1,09:00-16:00,0,0,1
อุโมงค์บางพลัด,มุ่งหน้าแยกปิ่นเกล้า,1,16:00-19:00,0,0,1
อุโมงค์บางเขน,มุ่งหน้าสะพานใหม่,1,07:00-09:00,0,0,1
อุโมงค์บางเขน,มุ่งหน้าสะพานใหม่,1,09:00-16:00,0,0,1
อุโมงค์บางเขน,มุ่งหน้าสะพานใหม่,1,16:00-19:00,0,0,1
อุโมงค์บางเขน,มุ่งหน้าแยกเกษตร,1,07:00-09:00,0,0,1
อุโมงค์บางเขน,มุ่งหน้าแยกเกษตร,1,09:00-16:00,0,0,1
อุโมงค์บางเขน,มุ่งหน้าแยกเกษตร,1,16:00-19:00,0,0,1
อุโมงค์พหลโยธิน-ลาดปลาเค้า,มุ่งหน้าถนนประดิษฐ์มนูธรรม,1,07:00-09:00,0,0,1
อุโมงค์พหลโยธิน-ลาดปลาเค้า,มุ่งหน้าถนนประดิษฐ์มนูธรรม,1,09:00-16:00,0,0,1
อุโมงค์พหลโยธิน-ลาดปลาเค้า,มุ่งหน้าถนนประดิษฐ์มนูธรรม,1,16:00-19:00,0,0,1
อุโมงค์พหลโยธิน-ลาดปลาเค้า,มุ่งหน้าถนนพหลโยธิน,1,07:00-09:00,0,0,1
อุโมงค์พหลโยธิน-ลาดปลาเค้า,มุ่งหน้าถนนพหลโยธิน,1,09:00-16:00,0,0,1
อุโมงค์พหลโยธิน-ลาดปลาเค้า,มุ่งหน้าถนนพหลโยธิน,1,16:00-19:00,0,0,1
อุโมงค์รัชโยธิน,มุ่งหน้าถนนนวมินทร์,1,07:00-09:00,0,0,1
อุโมงค์รัชโยธิน,มุ่งหน้าถนนนวมินทร์,1,09:00-16:00,0,0,1
อุโมงค์รัชโยธิน,มุ่งหน้าถนนนวมินทร์,1,16:00-19:00,0,0,1
อุโมงค์รัชโยธิน,มุ่งหน้าแยกรัชวิภา,1,07:00-09:00,0,0,1
อุโมงค์รัชโยธิน,มุ่งหน้าแยกรัชวิภา,1,09:00-16:00,0,0,1
อุโมงค์รัชโยธิน,มุ่งหน้าแยกรัชวิภา,1,16:00-19:00,0,0,1
อุโมงค์รัชโยธิน,รัชดาภิเษก,1,07:00-09:00,0,0,1
อุโมงค์รัชโยธิน,รัชดาภิเษก,1,09:00-17:00,0,0,1
อุโมงค์รัชโยธิน,รัชดาภิเษก,1,17:00-19:00,0,0,1
อุโมงค์สุทธิสาร,มุ่งหน้าแยกรัชดา-ลาดพร้าว,1,07:00-09:00,0,0,1
อุโมงค์สุทธิสาร,มุ่งหน้าแยกรัชดา-ลาดพร้าว,1,09:00-16:00,0,0,1
อุโมงค์สุทธิสาร,มุ่งหน้าแยกรัชดา-ลาดพร้าว,1,16:00-19:00,0,0,1
อุโมงค์สุทธิสาร,มุ่งหน้าแยกห้วยขวาง,1,07:00-09:00,0,0,1
อุโมงค์สุทธิสาร,มุ่งหน้าแยกห้วยขวาง,1,09:00-16:00,0,0,1
อุโมงค์สุทธิสาร,มุ่งหน้าแยกห้วยขวาง,1,16:00-19:00,0,0,1
อุโมงค์สุทธิสาร,รัชดาภิเษก,1,07:00-09:00,0,0,1
อุโมงค์สุทธิสาร,รัชดาภิเษก,1,09:00-17:00,0,0,1
อุโมงค์สุทธิสาร,รัชดาภิเษก,1,17:00-19:00,0,0,1
อุโมงค์ห้วยขวาง,มุ่งหน้าแยกพระราม 9,1,07:00-09:00,0,0,1
อุโมงค์ห้วยขวาง,มุ่งหน้าแยกพระราม 9,1,09:00-16:00,0,0,1
อุโมงค์ห้วยขวาง,มุ่งหน้าแยกพระราม 9,1,16:00-19:00,0,0,1
อุโมงค์ห้วยขวาง,มุ่งหน้าแยกสุทธิสาร,1,07:00-09:00,0,0,1
อุโมงค์ห้วยขวาง,มุ่งหน้าแยกสุทธิสาร,1,09:00-16:00,0,0,1
อุโมงค์ห้วยขวาง,มุ่งหน้าแยกสุทธิสาร,1,16:00-19:00,0,0,1
อุโมงค์เกษตร,งามวงศ์วาน-ประเสริฐมนูกิจ,1,07:00-09:00,0,0,1
อุโมงค์เกษตร,งามวงศ์วาน-ประเสริฐมนูกิจ,1,09:00-17:00,0,0,1
อุโมงค์เกษตร,งามวงศ์วาน-ประเสริฐมนูกิจ,1,17:00-19:00,0,0,1
อุโมงค์เกษตร,มุ่งหน้าแยกพงษ์เพชร,1,07:00-09:00,0,0,1
อุโมงค์เกษตร,มุ่งหน้าแยกพงษ์เพชร,1,09:00-16:00,0,0,1
อุโมงค์เกษตร,มุ่งหน้าแยกพงษ์เพชร,1,16:00-19:00,0,0,1
อุโมงค์เกษตร,มุ่งหน้าแยกรัชโยธิน,1,07:00-09:00,0,0,1
อุโมงค์เกษตร,มุ่งหน้าแยกรัชโยธิน,1,09:00-16:00,0,0,1
อุโมงค์เกษตร,มุ่งหน้าแยกรัชโยธิน,1,16:00-19:00,0,0,1
อุโมงค์แยกศรีอุดม,มุ่งหน้าถนนบางนาตราด,1,07:00-09:00,0,0,1
อุโมงค์แยกศรีอุดม,มุ่งหน้าถนนบางนาตราด,1,09:00-16:00,0,0,1
อุโมงค์แยกศรีอุดม,มุ่งหน้าถนนบางนาตราด,1,16:00-19:00,0,0,1
อุโมงค์แยกศรีอุดม,มุ่งหน้าแยกสวนหลวง,1,07:00-09:00,0,0,1
อุโมงค์แยกศรีอุดม,มุ่งหน้าแยกสวนหลวง,1,09:00-16:00,0,0,1
อุโมงค์แยกศรีอุดม,มุ่งหน้าแยกสวนหลวง,1,16:00-19:00,0,0,1
อโศก,รัชดาภิเษก,1,07:00-09:00,0,1,0
อโศก,รัชดาภิเษก,1,09:00-16:00,0,1,0
อโศก,รัชดาภิเษก,1,16:00-19:00,0,1,0
อโศก,รัชดาภิเษก,2,06:30-09:00,1,0,0
อโศก,รัชดาภิเษก,2,09:00-16:00,1,0,0
อโศก,รัชดาภิเษก,2,16:00-19:30,1,0,0
อโศก,รัชดาภิเษก,4,07:00-09:00,0,1,0
อโศก,รัชดาภิเษก,4,09:00-16:00,0,1,0
อโศก,รัชดาภิเษก,4,16:00-19:00,0,1,0
อโศก,สุขุมวิท,1,07:00-09:00,0,1,0
อโศก,สุขุมวิท,1,09:00-16:00,0,1,0
อโศก,สุขุมวิท,1,16:00-19:00,0,1,0
อโศก,สุขุมวิท,2,07:00-09:00,1,0,0
อโศก,สุขุมวิท,2,09:00-16:00,1,0,0
อโศก,สุขุมวิท,2,16:00-19:00,1,0,0
อโศก,สุขุมวิท,4,07:00-09:00,0,1,0
อโศก,สุขุมวิท,4,09:00-16:00,0,1,0
อโศก,สุขุมวิท,4,16:00-19:00,0,1,0
อโศก,อโศก,1,07:00-09:00,0,1,0
อโศก,อโศก,1,09:00-16:00,0,1,0
อโศก,อโศก,1,16:00-19:00,0,1,0
อโศก,อโศก,2,06:30-09:00,1,0,0
อโศก,อโศก,2,09:00-16:00,1,0,0
อโศก,อโศก,2,16:00-19:30,1,0,0
อโศก,อโศก,4,07:00-09:00,0,1,0
อโศก,อโศก,4,09:00-16:00,0,1,0
อโศก,อโศก,4,16:00-19:00,0,1,0
อโศก-สุขุมวิท,รัชดาภิเษก,1,07:00-09:00,1,0,0
อโศก-สุขุมวิท,รัชดาภิเษก,1,09:00-16:00,1,0,0
อโศก-สุขุมวิท,รัชดาภิเษก,1,16:00-19:00,1,0,0
อโศก-สุขุมวิท,สุขุมวิท,1,07:00-09:00,1,0,0
อโศก-สุขุมวิท,สุขุมวิท,1,09:00-16:00,1,0,0
อโศก-สุขุมวิท,สุขุมวิท,1,16:00-19:00,1,0,0
อโศก-สุขุมวิท,อโศก,1,07:00-09:00,1,0,0
อโศก-สุขุมวิท,อโศก,1,09:00-16:00,1,0,0
อโศก-สุขุมวิท,อโศก,1,16:00-19:00,1,0,0
อโศกดินแดง - กำแพงเพชร 7,กำแพงเพชร 7,1,07:00-09:00,0,0,1
อโศกดินแดง - กำแพงเพชร 7,กำแพงเพชร 7,1,09:00-17:00,0,0,1
อโศกดินแดง - กำแพงเพชร 7,กำแพงเพชร 7,1,17:00-19:00,0,0,1
อโศกดินแดง - กำแพงเพชร 7,อโศกดินแดง,1,07:00-09:00,0,0,1
อโศกดินแดง - กำแพงเพชร 7,อโศกดินแดง,1,09:00-17:00,0,0,1
อโศกดินแดง - กำแพงเพชร 7,อโศกดินแดง,1,17:00-19:00,0,0,1
อโศกมนตรี,รัชดาภิเษก,2,07:00-09:00,0,0,3
อโศกมนตรี,รัชดาภิเษก,2,09:00-16:00,0,0,1
อโศกมนตรี,รัชดาภิเษก,2,09:00-17:00,0,0,2
อโศกมนตรี,รัชดาภิเษก,2,16:00-19:00,0,0,1
อโศกมนตรี,รัชดาภิเษก,2,17:00-19:00,0,0,2
อโศกมนตรี,สุขุมวิท,2,07:00-09:00,0,0,3
อโศกมนตรี,สุขุมวิท,2,09:00-16:00,0,0,1
อโศกมนตรี,สุขุมวิท,2,09:00-17:00,0,0,2
อโศกมนตรี,สุขุมวิท,2,16:00-19:00,0,0,1
อโศกมนตรี,สุขุมวิท,2,17:00-19:00,0,0,2
อโศกมนตรี,อโศก,2,07:00-09:00,0,0,2
อโศกมนตรี,อโศก,2,09:00-16:00,0,0,1
อโศกมนตรี,อโศก,2,09:00-17:00,0,0,1
อโศกมนตรี,อโศก,2,16:00-19:00,0,0,1
อโศกมนตรี,อโศก,2,17:00-19:00,0,0,1
อโศกมนตรี,อโศกมนตรี,2,07:00-09:00,0,0,1
อโศกมนตรี,อโศกมนตรี,2,09:00-17:00,0,0,1
อโศกมนตรี,อโศกมนตรี,2,17:00-19:00,0,0,1
อโศกเพชร,อโศก,1,07:00-09:00,1,0,0
อโศกเพชร,อโศก,1,09:00-16:00,1,0,0
อโศกเพชร,อโศก,1,16:00-19:00,1,0,0
อโศกเพชร,อโศก,2,07:00-09:00,0,0,1
อโศกเพชร,อโศก,2,09:00-16:00,0,0,1
อโศกเพชร,อโศก,2,16:00-19:00,0,0,1
อโศกเพชร,อโศก,4,07:00-09:00,0,1,1
อโศกเพชร,อโศก,4,09:00-16:00,0,1,0
อโศกเพชร,อโศก,4,09:00-17:00,0,0,1
อโศกเพชร,อโศก,4,16:00-19:00,0,1,0
อโศกเพชร,อโศก,4,17:00-19:00,0,0,1
อโศกเพชร,เพชรบุรี,1,07:00-09:00,1,0,0
อโศกเพชร,เพชรบุรี,1,09:00-16:00,1,0,0
อโศกเพชร,เพชรบุรี,1,16:00-19:00,1,0,0
อโศกเพชร,เพชรบุรี,2,07:00-09:00,0,0,1
อโศกเพชร,เพชรบุรี,2,09:00-16:00,0,0,1
อโศกเพชร,เพชรบุรี,2,16:00-19:00,0,0,1
อโศกเพชร,เพชรบุรี,4,07:00-09:00,0,1,1
อโศกเพชร,เพชรบุรี,4,09:00-16:00,0,1,0
อโศกเพชร,เพชรบุรี,4,09:00-17:00,0,0,1
อโศกเพชร,เพชรบุรี,4,16:00-19:00,0,1,0
อโศกเพชร,เพชรบุรี,4,17:00-19:00,0,0,1
อ่อนนุช,ซอยสุขุมวิท 77,3,07:00-09:00,1,0,0
อ่อนนุช,ซอยสุขุมวิท 77,3,09:00-16:00,1,0,0
อ่อนนุช,ซอยสุขุมวิท 77,3,16:00-19:00,1,0,0
อ่อนนุช,ซอยส่วนบุคคล,3,07:00-09:00,1,0,0
อ่อนนุช,ซอยส่วนบุคคล,3,09:00-16:00,1,0,0
อ่อนนุช,ซอยส่วนบุคคล,3,16:00-19:00,1,0,0
อ่อนนุช,สุขุมวิท,1,07:00-09:00,0,0,1
อ่อนนุช,สุขุมวิท,1,09:00-17:00,0,0,1
อ่อนนุช,สุขุมวิท,1,17:00-19:00,0,0,1
อ่อนนุช,สุขุมวิท,2,07:00-09:00,0,0,2
อ่อนนุช,สุขุมวิท,2,09:00-16:00,0,0,1
อ่อนนุช,สุขุมวิท,2,09:00-17:00,0,0,1
อ่อนนุช,สุขุมวิท,2,16:00-19:00,0,0,1
อ่อนนุช,สุขุมวิท,2,17:00-19:00,0,0,1
อ่อนนุช,สุขุมวิท,3,07:00-09:00,1,0,0
อ่อนนุช,สุขุมวิท,3,09:00-16:00,1,0,0
อ่อนนุช,สุขุมวิท,3,16:00-19:00,1,0,0
อ่อนนุช,สุขุมวิท 48/3,2,07:00-09:00,0,0,1
อ่อนนุช,สุขุมวิท 48/3,2,09:00-17:00,0,0,1
อ่อนนุช,สุขุมวิท 48/3,2,17:00-19:00,0,0,1
อ่อนนุช,สุขุมวิท 77,1,07:00-09:00,0,0,1
อ่อนนุช,สุขุมวิท 77,1,09:00-17:00,0,0,1
อ่อนนุช,สุขุมวิท 77,1,17:00-19:00,0,0,1
อ่อนนุช,สุขุมวิท 77,2,07:00-09:00,0,0,2
อ่อนนุช,สุขุมวิท 77,2,09:00-16:00,0,0,1
อ่อนนุช,สุขุมวิท 77,2,09:00-17:00,0,0,1
อ่อนนุช,สุขุมวิท 77,2,16:00-19:00,0,0,1
อ่อนนุช,สุขุมวิท 77,2,17:00-19:00,0,0,1
อ่อนนุช,ส่วนบุคคล,1,07:00-09:00,0,0,1
อ่อนนุช,ส่วนบุคคล,1,09:00-17:00,0,0,1
อ่อนนุช,ส่วนบุคคล,1,17:00-19:00,0,0,1
อ่อนนุช,ส่วนบุคคล,2,07:00-09:00,0,0,1
อ่อนนุช,ส่วนบุคคล,2,09:00-16:00,0,0,1
อ่อนนุช,ส่วนบุคคล,2,16:00-19:00,0,0,1
อ่อนนุช - กิ่งแก้ว,กิ่งแก้ว,2,07:00-09:00,0,0,1
อ่อนนุช - กิ่งแก้ว,กิ่งแก้ว,2,09:00-17:00,0,0,1
อ่อนนุช - กิ่งแก้ว,กิ่งแก้ว,2,17:00-19:00,0,0,1
อ่อนนุช - กิ่งแก้ว,กิ่งแก้ว,4,07:00-09:00,0,1,0
อ่อนนุช - กิ่งแก้ว,กิ่งแก้ว,4,09:00-16:00,0,1,0
อ่อนนุช - กิ่งแก้ว,กิ่งแก้ว,4,16:00-19:00,0,1,0
อ่อนนุช - กิ่งแก้ว,อ่อนนุช,2,07:00-09:00,0,0,1
อ่อนนุช - กิ่งแก้ว,อ่อนนุช,2,09:00-17:00,0,0,1
อ่อนนุช - กิ่งแก้ว,อ่อนนุช,2,17:00-19:00,0,0,1
อ่อนนุช - กิ่งแก้ว,อ่อนนุช,4,07:00-09:00,0,1,0
อ่อนนุช - กิ่งแก้ว,อ่อนนุช,4,09:00-16:00,0,1,0
อ่อนนุช - กิ่งแก้ว,อ่อนนุช,4,16:00-19:00,0,1,0
อ่อนนุช - อ่อนนุช10 - อ่อนนุช 17,อ่อนนุช,4,07:00-09:00,0,1,0
อ่อนนุช - อ่อนนุช10 - อ่อนนุช 17,อ่อนนุช,4,09:00-16:00,0,1,0
อ่อนนุช - อ่อนนุช10 - อ่อนนุช 17,อ่อนนุช,4,16:00-19:00,0,1,0
อ่อนนุช - อ่อนนุช10 - อ่อนนุช 17,อ่อนนุช 10,4,07:00-09:00,0,1,0
อ่อนนุช - อ่อนนุช10 - อ่อนนุช 17,อ่อนนุช 10,4,09:00-16:00,0,1,0
อ่อนนุช - อ่อนนุช10 - อ่อนนุช 17,อ่อนนุช 10,4,16:00-19:00,0,1,0
อ่อนนุช - อ่อนนุช10 - อ่อนนุช 17,อ่อนนุช 17,4,07:00-09:00,0,1,0
อ่อนนุช - อ่อนนุช10 - อ่อนนุช 17,อ่อนนุช 17,4,09:00-16:00,0,1,0
อ่อนนุช - อ่อนนุช10 - อ่อนนุช 17,อ่อนนุช 17,4,16:00-19:00,0,1,0
อ่อนนุช 17,ซอยอ่อนนุช 10,2,06:30-09:00,1,0,0
อ่อนนุช 17,ซอยอ่อนนุช 10,2,09:00-16:00,1,0,0
อ่อนนุช 17,ซอยอ่อนนุช 10,2,16:00-19:30,1,0,0
อ่อนนุช 17,ซอยอ่อนนุช 17,2,06:30-09:00,1,0,0
อ่อนนุช 17,ซอยอ่อนนุช 17,2,09:00-16:00,1,0,0
อ่อนนุช 17,ซอยอ่อนนุช 17,2,16:00-19:30,1,0,0
อ่อนนุช 17,อ่อนนุช,2,07:00-09:00,1,0,0
อ่อนนุช 17,อ่อนนุช,2,09:00-16:00,1,0,0
อ่อนนุช 17,อ่อนนุช,2,16:00-19:00,1,0,0
อ่อนนุช 17 แยก 18,อ่อนนุช 17,1,07:00-09:00,0,0,1
อ่อนนุช 17 แยก 18,อ่อนนุช 17,1,09:00-17:00,0,0,1
อ่อนนุช 17 แยก 18,อ่อนนุช 17,1,17:00-19:00,0,0,1
อ่อนนุช 37/1,อ่อนนุช,4,07:00-09:00,0,0,1
อ่อนนุช 37/1,อ่อนนุช,4,09:00-17:00,0,0,1
อ่อนนุช 37/1,อ่อนนุช,4,17:00-19:00,0,0,1
อ่อนนุช 44,อ่อนนุช,2,07:00-09:00,0,0,1
อ่อนนุช 44,อ่อนนุช,2,09:00-17:00,0,0,1
อ่อนนุช 44,อ่อนนุช,2,17:00-19:00,0,0,1
อ่อนนุช 44,อ่อนนุช 33,2,07:00-09:00,0,0,1
อ่อนนุช 44,อ่อนนุช 33,2,09:00-17:00,0,0,1
อ่อนนุช 44,อ่อนนุช 33,2,17:00-19:00,0,0,1
อ่อนนุช 44,อ่อนนุช 44,2,07:00-09:00,0,0,1
อ่อนนุช 44,อ่อนนุช 44,2,09:00-17:00,0,0,1
อ่อนนุช 44,อ่อนนุช 44,2,17:00-19:00,0,0,1
อ่อนนุช 46,อ่อนนุช,4,07:00-09:00,0,0,1
อ่อนนุช 46,อ่อนนุช,4,09:00-17:00,0,0,1
อ่อนนุช 46,อ่อนนุช,4,17:00-19:00,0,0,1
อ่อนนุช 46,อ่อนนุช 46,4,07:00-09:00,0,0,1
อ่อนนุช 46,อ่อนนุช 46,4,09:00-17:00,0,0,1
อ่อนนุช 46,อ่อนนุช 46,4,17:00-19:00,0,0,1
อ่อนนุช 59/1,อ่อนนุช,4,07:00-09:00,0,0,1
อ่อนนุช 59/1,อ่อนนุช,4,09:00-17:00,0,0,1
อ่อนนุช 59/1,อ่อนนุช,4,17:00-19:00,0,0,1
อ่อนนุช 65,อ่อนนุช,2,07:00-09:00,0,0,1
อ่อนนุช 65,อ่อนนุช,2,09:00-17:00,0,0,1
อ่อนนุช 65,อ่อนนุช,2,17:00-19:00,0,0,1
อ่อนนุช 65,อ่อนนุช 65,2,07:00-09:00,0,0,1
อ่อนนุช 65,อ่อนนุช 65,2,09:00-17:00,0,0,1
อ่อนนุช 65,อ่อนนุช 65,2,17:00-19:00,0,0,1
อ่อนนุช 70 /1,ซอยอ่อนนุช 70/1,1,07:00-09:00,1,0,0
อ่อนนุช 70 /1,ซอยอ่อนนุช 70/1,1,09:00-16:00,1,0,0
อ่อนนุช 70 /1,ซอยอ่อนนุช 70/1,1,16:00-19:00,1,0,0
อ่อนนุช 70 /1,อ่อนนุช,1,07:00-09:00,1,0,0
อ่อนนุช 70 /1,อ่อนนุช,1,09:00-16:00,1,0,0
อ่อนนุช 70 /1,อ่อนนุช,1,16:00-19:00,1,0,0
อ่อนนุช 86,ซอยอ่อนนุช 86,4,07:00-09:00,1,0,0
อ่อนนุช 86,ซอยอ่อนนุช 86,4,09:00-16:00,1,0,0
อ่อนนุช 86,ซอยอ่อนนุช 86,4,16:00-19:00,1,0,0
อ่อนนุช 86,อ่อนนุช,4,07:00-09:00,1,0,0
อ่อนนุช 86,อ่อนนุช,4,09:00-16:00,1,0,0
อ่อนนุช 86,อ่อนนุช,4,16:00-19:00,1,0,0
อ่อนนุช 86(ทางเข้าโรงขยะอ่อนช),ซ.อ่อนนุช 86,1,07:00-09:00,1,0,0
อ่อนนุช 86(ทางเข้าโรงขยะอ่อนช),ซ.อ่อนนุช 86,1,09:00-16:00,1,0,0
อ่อนนุช 86(ทางเข้าโรงขยะอ่อนช),ซ.อ่อนนุช 86,1,16:00-19:00,1,0,0
อ่อนนุช 86(ทางเข้าโรงขยะอ่อนช),อ่อนนุช,1,07:00-09:00,1,0,0
อ่อนนุช 86(ทางเข้าโรงขยะอ่อนช),อ่อนนุช,1,09:00-16:00,1,0,0
อ่อนนุช 86(ทางเข้าโรงขยะอ่อนช),อ่อนนุช,1,16:00-19:00,1,0,0
เกตุนุช,ซ.ลาดพร้าว 64,2,07:00-09:00,1,0,0
เกตุนุช,ซ.ลาดพร้าว 64,2,09:00-16:00,1,0,0
เกตุนุช,ซ.ลาดพร้าว 64,2,16:00-19:00,1,0,0
เกตุนุช,ซอยลาดพร้าว 64,3,07:00-09:00,1,0,0
เกตุนุช,ซอยลาดพร้าว 64,3,09:00-16:00,1,0,0
เกตุนุช,ซอยลาดพร้าว 64,3,16:00-19:00,1,0,0
เกตุนุช,ลาดพร้าว,2,07:00-09:00,1,0,0
เกตุนุช,ลาดพร้าว,2,09:00-16:00,1,0,0
เกตุนุช,ลาดพร้าว,2,16:00-19:00,1,0,0
เกตุนุช,ลาดพร้าว,3,07:00-09:00,1,0,2
เกตุนุช,ลาดพร้าว,3,09:00-16:00,1,0,0
เกตุนุช,ลาดพร้าว,3,09:00-17:00,0,0,2
เกตุนุช,ลาดพร้าว,3,16:00-19:00,1,0,0
เกตุนุช,ลาดพร้าว,3,17:00-19:00,0,0,2
เกตุนุช,ลาดพร้าว 64,3,07:00-09:00,0,0,2
เกตุนุช,ลาดพร้าว 64,3,09:00-17:00,0,0,2
เกตุนุช,ลาดพร้าว 64,3,17:00-19:00,0,0,2
เกษตร,งามวงศ์วาน,2,07:00-09:00,0,0,1
เกษตร,งามวงศ์วาน,2,09:00-17:00,0,0,1
เกษตร,งามวงศ์วาน,2,17:00-19:00,0,0,1
เกษตร,งามวงศ์วาน,3,07:00-09:00,1,1,0
เกษตร,งามวงศ์วาน,3,09:00-16:00,1,1,0
เกษตร,งามวงศ์วาน,3,16:00-19:00,1,1,0
เกษตร,งามวงศ์วาน,4,07:00-09:00,0,0,1
เกษตร,งามวงศ์วาน,4,09:00-17:00,0,0,1
เกษตร,งามวงศ์วาน,4,17:00-19:00,0,0,1
เกษตร,ประเสริฐมนูกิจ,2,07:00-09:00,0,0,1
เกษตร,ประเสริฐมนูกิจ,2,09:00-17:00,0,0,1
เกษตร,ประเสริฐมนูกิจ,2,17:00-19:00,0,0,1
เกษตร,ประเสริฐมนูกิจ,3,07:00-09:00,0,1,0
เกษตร,ประเสริฐมนูกิจ,3,09:00-16:00,0,1,0
เกษตร,ประเสริฐมนูกิจ,3,16:00-19:00,0,1,0
เกษตร,ประเสริฐมนูกิจ,4,07:00-09:00,0,0,1
เกษตร,ประเสริฐมนูกิจ,4,09:00-17:00,0,0,1
เกษตร,ประเสริฐมนูกิจ,4,17:00-19:00,0,0,1
เกษตร,พหลโยธิน,2,07:00-09:00,0,0,1
เกษตร,พหลโยธิน,2,09:00-17:00,0,0,1
เกษตร,พหลโยธิน,2,17:00-19:00,0,0,1
เกษตร,พหลโยธิน,3,07:00-09:00,1,1,0
เกษตร,พหลโยธิน,3,09:00-16:00,1,1,0
เกษตร,พหลโยธิน,3,16:00-19:00,1,1,0
เกษตร,พหลโยธิน,4,07:00-09:00,0,0,1
เกษตร,พหลโยธิน,4,09:00-17:00,0,0,1
เกษตร,พหลโยธิน,4,17:00-19:00,0,0,1
เกษตร,เกษตรนวมินทร์,3,06:30-09:00,1,0,0
เกษตร,เกษตรนวมินทร์,3,09:00-16:00,1,0,0
เกษตร,เกษตรนวมินทร์,3,16:00-19:30,1,0,0
เกษมราษฎร์,ซ.อารีย์,1,07:00-09:00,1,0,0
เกษมราษฎร์,ซ.อารีย์,1,09:00-16:00,1,0,0
เกษมราษฎร์,ซ.อารีย์,1,16:00-19:00,1,0,0
เกษมราษฎร์,ซอยอารีย์,2,06:30-09:00,1,0,0
เกษมราษฎร์,ซอยอารีย์,2,07:00-09:00,0,1,0
เกษมราษฎร์,ซอยอารีย์,2,09:00-16:00,1,1,0
เกษมราษฎร์,ซอยอารีย์,2,16:00-19:00,0,1,0
เกษมราษฎร์,ซอยอารีย์,2,16:00-19:30,1,0,0
เกษมราษฎร์,พระรามที่ 4,1,07:00-09:00,1,0,0
เกษมราษฎร์,พระรามที่ 4,1,09:00-16:00,1,0,0
เกษมราษฎร์,พระรามที่ 4,1,16:00-19:00,1,0,0
เกษมราษฎร์,พระรามที่ 4,2,07:00-09:00,1,1,1
เกษมราษฎร์,พระรามที่ 4,2,09:00-16:00,1,1,1
เกษมราษฎร์,พระรามที่ 4,2,16:00-19:00,1,1,1
เกษมราษฎร์,พระรามที่ 4,3,07:00-09:00,0,0,2
เกษมราษฎร์,พระรามที่ 4,3,09:00-17:00,0,0,2
เกษมราษฎร์,พระรามที่ 4,3,17:00-19:00,0,0,2
เกษมราษฎร์,พระรามที่ 4,4,07:00-09:00,0,0,1
เกษมราษฎร์,พระรามที่ 4,4,09:00-17:00,0,0,1
เกษมราษฎร์,พระรามที่ 4,4,17:00-19:00,0,0,1
เกษมราษฎร์,อารีย์,2,07:00-09:00,0,0,1
เกษมราษฎร์,อารีย์,2,09:00-16:00,0,0,1
เกษมราษฎร์,อารีย์,2,16:00-19:00,0,0,1
เกษมราษฎร์,เกษมราษฎร์,1,07:00-09:00,1,0,0
เกษมราษฎร์,เกษมราษฎร์,1,09:00-16:00,1,0,0
เกษมราษฎร์,เกษมราษฎร์,1,16:00-19:00,1,0,0
เกษมราษฎร์,เกษมราษฎร์,2,06:30-09:00,1,0,0
เกษมราษฎร์,เกษมราษฎร์,2,07:00-09:00,0,1,1
เกษมราษฎร์,เกษมราษฎร์,2,09:00-16:00,1,1,1
เกษมราษฎร์,เกษมราษฎร์,2,16:00-19:00,0,1,1
เกษมราษฎร์,เกษมราษฎร์,2,16:00-19:30,1,0,0
เกษมราษฎร์,เกษมราษฎร์,3,07:00-09:00,0,0,2
เกษมราษฎร์,เกษมราษฎร์,3,09:00-17:00,0,0,2
เกษมราษฎร์,เกษมราษฎร์,3,17:00-19:00,0,0,2
เกษมราษฎร์,เกษมราษฎร์,4,07:00-09:00,0,0,1
เกษมราษฎร์,เกษมราษฎร์,4,09:00-17:00,0,0,1
เกษมราษฎร์,เกษมราษฎร์,4,17:00-19:00,0,0,1
เกษะโกมล,พระรามที่ 5,1,07:00-09:00,0,1,0
เกษะโกมล,พระรามที่ 5,1,09:00-16:00,0,1,0
เกษะโกมล,พระรามที่ 5,1,16:00-19:00,0,1,0
เกษะโกมล,พระรามที่ 5,3,07:00-09:00,1,0,0
เกษะโกมล,พระรามที่ 5,3,09:00-16:00,1,0,0
เกษะโกมล,พระรามที่ 5,3,16:00-19:00,1,0,0
เกษะโกมล,พระรามที่ 5,4,07:00-09:00,1,0,2
เกษะโกมล,พระรามที่ 5,4,09:00-16:00,1,0,1
เกษะโกมล,พระรามที่ 5,4,09:00-17:00,0,0,1
เกษะโกมล,พระรามที่ 5,4,16:00-19:00,1,0,1
เกษะโกมล,พระรามที่ 5,4,17:00-19:00,0,0,1
เกษะโกมล,อำนวยสงคราม,1,07:00-09:00,0,1,0
เกษะโกมล,อำนวยสงคราม,1,09:00-16:00,0,1,0
เกษะโกมล,อำนวยสงคราม,1,16:00-19:00,0,1,0
เกษะโกมล,อำนวยสงคราม,3,07:00-09:00,1,0,0
เกษะโกมล,อำนวยสงคราม,3,09:00-16:00,1,0,0
เกษะโกมล,อำนวยสงคราม,3,16:00-19:00,1,0,0
เกษะโกมล,อำนวยสงคราม,4,07:00-09:00,1,0,2
เกษะโกมล,อำนวยสงคราม,4,09:00-16:00,1,0,1
เกษะโกมล,อำนวยสงคราม,4,09:00-17:00,0,0,1
เกษะโกมล,อำนวยสงคราม,4,16:00-19:00,1,0,1
เกษะโกมล,อำนวยสงคราม,4,17:00-19:00,0,0,1
เกษะโกมล,เศรษฐศิริ,1,07:00-09:00,0,1,0
เกษะโกมล,เศรษฐศิริ,1,09:00-16:00,0,1,0
เกษะโกมล,เศรษฐศิริ,1,16:00-19:00,0,1,0
เกษะโกมล,เศรษฐศิริ,3,07:00-09:00,1,0,0
เกษะโกมล,เศรษฐศิริ,3,09:00-16:00,1,0,0
เกษะโกมล,เศรษฐศิริ,3,16:00-19:00,1,0,0
เกษะโกมล,เศรษฐศิริ,4,07:00-09:00,1,0,2
เกษะโกมล,เศรษฐศิริ,4,09:00-16:00,1,0,1
เกษะโกมล,เศรษฐศิริ,4,09:00-17:00,0,0,1
เกษะโกมล,เศรษฐศิริ,4,16:00-19:00,1,0,1
เกษะโกมล,เศรษฐศิริ,4,17:00-19:00,0,0,1
เกียกกาย,ทหาร,1,07:00-09:00,0,1,2
เกียกกาย,ทหาร,1,09:00-16:00,0,1,0
เกียกกาย,ทหาร,1,09:00-17:00,0,0,2
เกียกกาย,ทหาร,1,16:00-19:00,0,1,0
เกียกกาย,ทหาร,1,17:00-19:00,0,0,2
เกียกกาย,ทหาร,2,07:00-09:00,0,1,0
เกียกกาย,ทหาร,2,09:00-16:00,0,1,0
เกียกกาย,ทหาร,2,16:00-19:00,0,1,0
เกียกกาย,ทหาร,4,07:00-09:00,1,0,0
เกียกกาย,ทหาร,4,09:00-16:00,1,0,0
เกียกกาย,ทหาร,4,16:00-19:00,1,0,0
เกียกกาย,ประชาราษฎร์สาย 1,1,07:00-09:00,0,1,2
เกียกกาย,ประชาราษฎร์สาย 1,1,09:00-16:00,0,1,0
เกียกกาย,ประชาราษฎร์สาย 1,1,09:00-17:00,0,0,2
เกียกกาย,ประชาราษฎร์สาย 1,1,16:00-19:00,0,1,0
เกียกกาย,ประชาราษฎร์สาย 1,1,17:00-19:00,0,0,2
เกียกกาย,ประชาราษฎร์สาย 1,2,07:00-09:00,0,1,0
เกียกกาย,ประชาราษฎร์สาย 1,2,09:00-16:00,0,1,0
เกียกกาย,ประชาราษฎร์สาย 1,2,16:00-19:00,0,1,0
เกียกกาย,ประชาราษฎร์สาย 1,4,07:00-09:00,1,0,0
เกียกกาย,ประชาราษฎร์สาย 1,4,09:00-16:00,1,0,0
เกียกกาย,ประชาราษฎร์สาย 1,4,16:00-19:00,1,0,0
เกียกกาย,สามเสน,1,07:00-09:00,0,1,2
เกียกกาย,สามเสน,1,09:00-16:00,0,1,0
เกียกกาย,สามเสน,1,09:00-17:00,0,0,2
เกียกกาย,สามเสน,1,16:00-19:00,0,1,0
เกียกกาย,สามเสน,1,17:00-19:00,0,0,2
เกียกกาย,สามเสน,2,07:00-09:00,0,1,0
เกียกกาย,สามเสน,2,09:00-16:00,0,1,0
เกียกกาย,สามเสน,2,16:00-19:00,0,1,0
เกียกกาย,สามเสน,4,07:00-09:00,1,0,0
เกียกกาย,สามเสน,4,09:00-16:00,1,0,0
เกียกกาย,สามเสน,4,16:00-19:00,1,0,0
เข้าออกกำนันแม้น,เอกชัย 36,1,07:00-09:00,0,0,1
เข้าออกกำนันแม้น,เอกชัย 36,1,09:00-17:00,0,0,1
เข้าออกกำนันแม้น,เอกชัย 36 (กำนันแม้น),1,17:00-19:00,0,0,1
เคหะร่มเกล่า - ซ.เคดหะร่มเกล้า 6,ซอยเคหะร่มเกล้า 6 แยก 6,3,07:00-09:00,1,0,0
เคหะร่มเกล่า - ซ.เคดหะร่มเกล้า 6,ซอยเคหะร่มเกล้า 6 แยก 6,3,09:00-16:00,1,0,0
เคหะร่มเกล่า - ซ.เคดหะร่มเกล้า 6,ซอยเคหะร่มเกล้า 6 แยก 6,3,16:00-19:00,1,0,0
เคหะร่มเกล่า - ซ.เคดหะร่มเกล้า 6,เคหะร่มเกล้า,3,06:30-09:00,1,0,0
เคหะร่มเกล่า - ซ.เคดหะร่มเกล้า 6,เคหะร่มเกล้า,3,09:00-16:00,1,0,0
เคหะร่มเกล่า - ซ.เคดหะร่มเกล้า 6,เคหะร่มเกล้า,3,16:00-19:30,1,0,0
เจริญกรุง,เจริญกรุง,1,07:00-09:00,0,0,2
เจริญกรุง,เจริญกรุง,1,09:00-16:00,0,0,2
เจริญกรุง,เจริญกรุง,1,16:00-19:00,0,0,2
เจริญกรุง -สุรวงศ์,สุรวงศ์,3,07:00-09:00,1,0,0
เจริญกรุง -สุรวงศ์,สุรวงศ์,3,09:00-16:00,1,0,0
เจริญกรุง -สุรวงศ์,สุรวงศ์,3,16:00-19:00,1,0,0
เจริญกรุง -สุรวงศ์,เจริญกรุง,3,07:00-09:00,1,0,0
เจริญกรุง -สุรวงศ์,เจริญกรุง,3,09:00-16:00,1,0,0
เจริญกรุง -สุรวงศ์,เจริญกรุง,3,16:00-19:00,1,0,0
เจริญกรุง 57,เจริญกรุง,1,07:00-09:00,1,0,0
เจริญกรุง 57,เจริญกรุง,1,09:00-16:00,1,0,0
เจริญกรุง 57,เจริญกรุง,1,16:00-19:00,1,0,0
เจริญกรุง 57,เจริญกรุง 57,1,07:00-09:00,1,0,0
เจริญกรุง 57,เจริญกรุง 57,1,09:00-16:00,1,0,0
เจริญกรุง 57,เจริญกรุง 57,1,16:00-19:00,1,0,0
เจริญกรุง 95,เจริญกรุง,4,07:00-09:00,0,0,1
เจริญกรุง 95,เจริญกรุง,4,09:00-17:00,0,0,1
เจริญกรุง 95,เจริญกรุง,4,17:00-19:00,0,0,1
เจริญนคร 28,เจริญนคร,2,07:00-09:00,0,0,1
เจริญนคร 28,เจริญนคร,2,09:00-17:00,0,0,1
เจริญนคร 28,เจริญนคร,2,17:00-19:00,0,0,1
เจริญนคร 28,เจริญนคร 28,2,07:00-09:00,0,0,1
เจริญนคร 28,เจริญนคร 28,2,09:00-17:00,0,0,1
เจริญนคร 28,เจริญนคร 28,2,17:00-19:00,0,0,1
เจริญนคร 46,เจริญนคร,3,07:00-09:00,0,1,0
เจริญนคร 46,เจริญนคร,3,09:00-16:00,0,1,0
เจริญนคร 46,เจริญนคร,3,16:00-19:00,0,1,0
เจริญนครเหนือ,กรุงธนบุรี,1,07:00-09:00,1,0,0
เจริญนครเหนือ,กรุงธนบุรี,1,09:00-16:00,1,0,0
เจริญนครเหนือ,กรุงธนบุรี,1,16:00-19:00,1,0,0
เจริญนครเหนือ,กรุงธนบุรี,2,07:00-09:00,1,1,0
เจริญนครเหนือ,กรุงธนบุรี,2,09:00-16:00,1,1,0
เจริญนครเหนือ,กรุงธนบุรี,2,16:00-19:00,1,1,0
เจริญนครเหนือ,เจริญนคร,1,07:00-09:00,1,0,0
เจริญนครเหนือ,เจริญนคร,1,09:00-16:00,1,0,0
เจริญนครเหนือ,เจริญนคร,1,16:00-19:00,1,0,0
เจริญนครเหนือ,เจริญนคร,2,07:00-09:00,0,1,0
เจริญนครเหนือ,เจริญนคร,2,09:00-16:00,0,1,0
เจริญนครเหนือ,เจริญนคร,2,16:00-19:00,0,1,0
เจริญนครเหนือ,เจริญนครเหนือ,2,07:00-09:00,1,0,0
เจริญนครเหนือ,เจริญนครเหนือ,2,09:00-16:00,1,0,0
เจริญนครเหนือ,เจริญนครเหนือ,2,16:00-19:00,1,0,0
เจริญนครใต้,กรุงธนบุรี,1,07:00-09:00,1,0,0
เจริญนครใต้,กรุงธนบุรี,1,09:00-16:00,1,0,0
เจริญนครใต้,กรุงธนบุรี,1,16:00-19:00,1,0,0
เจริญนครใต้,กรุงธนบุรี,2,07:00-09:00,0,1,1
เจริญนครใต้,กรุงธนบุรี,2,09:00-16:00,0,1,0
เจริญนครใต้,กรุงธนบุรี,2,09:00-17:00,0,0,1
เจริญนครใต้,กรุงธนบุรี,2,16:00-19:00,0,1,0
เจริญนครใต้,กรุงธนบุรี,2,17:00-19:00,0,0,1
เจริญนครใต้,กรุงธนบุรี,3,07:00-09:00,1,0,0
เจริญนครใต้,กรุงธนบุรี,3,09:00-16:00,1,0,0
เจริญนครใต้,กรุงธนบุรี,3,16:00-19:00,1,0,0
เจริญนครใต้,เจริญนคร,1,07:00-09:00,1,0,0
เจริญนครใต้,เจริญนคร,1,09:00-16:00,1,0,0
เจริญนครใต้,เจริญนคร,1,16:00-19:00,1,0,0
เจริญนครใต้,เจริญนคร,2,07:00-09:00,0,1,1
เจริญนครใต้,เจริญนคร,2,09:00-16:00,0,1,0
เจริญนครใต้,เจริญนคร,2,09:00-17:00,0,0,1
เจริญนครใต้,เจริญนคร,2,16:00-19:00,0,1,0
เจริญนครใต้,เจริญนคร,2,17:00-19:00,0,0,1
เจริญนครใต้,เจริญนคร,3,07:00-09:00,1,0,0
เจริญนครใต้,เจริญนคร,3,09:00-16:00,1,0,0
เจริญนครใต้,เจริญนคร,3,16:00-19:00,1,0,0
เจริญผล,บรรทัดทอง,3,07:00-09:00,0,1,1
เจริญผล,บรรทัดทอง,3,09:00-16:00,0,1,0
เจริญผล,บรรทัดทอง,3,09:00-17:00,0,0,1
เจริญผล,บรรทัดทอง,3,16:00-19:00,0,1,0
เจริญผล,บรรทัดทอง,3,17:00-19:00,0,0,1
เจริญผล,บรรทัดทอง,4,07:00-09:00,1,1,0
เจริญผล,บรรทัดทอง,4,09:00-16:00,1,1,0
เจริญผล,บรรทัดทอง,4,16:00-19:00,1,1,0
เจริญผล,พระรามที่ 1,3,07:00-09:00,0,1,1
เจริญผล,พระรามที่ 1,3,09:00-16:00,0,1,0
เจริญผล,พระรามที่ 1,3,09:00-17:00,0,0,1
เจริญผล,พระรามที่ 1,3,16:00-19:00,0,1,0
เจริญผล,พระรามที่ 1,3,17:00-19:00,0,0,1
เจริญผล,พระรามที่ 1,4,07:00-09:00,1,1,0
เจริญผล,พระรามที่ 1,4,09:00-16:00,1,1,0
เจริญผล,พระรามที่ 1,4,16:00-19:00,1,1,0
เจริญพัฒนา -สุเหร่าคลองหนึ่งที่15,สุเหร่าคลองหนึ่ง,2,07:00-09:00,1,0,0
เจริญพัฒนา -สุเหร่าคลองหนึ่งที่15,สุเหร่าคลองหนึ่ง,2,09:00-16:00,1,0,0
เจริญพัฒนา -สุเหร่าคลองหนึ่งที่15,สุเหร่าคลองหนึ่ง,2,16:00-19:00,1,0,0
เจริญพัฒนา -สุเหร่าคลองหนึ่งที่15,สุเหร่าคลองหนึ่งที่15,2,07:00-09:00,1,0,0
เจริญพัฒนา -สุเหร่าคลองหนึ่งที่15,สุเหร่าคลองหนึ่งที่15,2,09:00-16:00,1,0,0
เจริญพัฒนา -สุเหร่าคลองหนึ่งที่15,สุเหร่าคลองหนึ่งที่15,2,16:00-19:00,1,0,0
เจริญพัฒนา -สุเหร่าคลองหนึ่งที่15,เจริญพัฒนา,2,07:00-09:00,1,0,0
เจริญพัฒนา -สุเหร่าคลองหนึ่งที่15,เจริญพัฒนา,2,09:00-16:00,1,0,0
เจริญพัฒนา -สุเหร่าคลองหนึ่งที่15,เจริญพัฒนา,2,16:00-19:00,1,0,0
เจริญรัก,เจริญนคร,2,07:00-09:00,0,1,1
เจริญรัก,เจริญนคร,2,09:00-16:00,0,1,0
เจริญรัก,เจริญนคร,2,09:00-17:00,0,0,1
เจริญรัก,เจริญนคร,2,16:00-19:00,0,1,0
เจริญรัก,เจริญนคร,2,17:00-19:00,0,0,1
เจริญรัก,เจริญรัก,2,07:00-09:00,0,1,1
เจริญรัก,เจริญรัก,2,09:00-16:00,0,1,0
เจริญรัก,เจริญรัก,2,09:00-17:00,0,0,1
เจริญรัก,เจริญรัก,2,16:00-19:00,0,1,0
เจริญรัก,เจริญรัก,2,17:00-19:00,0,0,1
เจริญราษฎร์,พระรามที่ 3,1,07:00-09:00,1,0,2
เจริญราษฎร์,พระรามที่ 3,1,09:00-16:00,1,0,1
เจริญราษฎร์,พระรามที่ 3,1,09:00-17:00,0,0,1
เจริญราษฎร์,พระรามที่ 3,1,16:00-19:00,1,0,1
เจริญราษฎร์,พระรามที่ 3,1,17:00-19:00,0,0,1
เจริญราษฎร์,พระรามที่ 3,2,07:00-09:00,1,0,0
เจริญราษฎร์,พระรามที่ 3,2,09:00-16:00,1,0,0
เจริญราษฎร์,พระรามที่ 3,2,16:00-19:00,1,0,0
เจริญราษฎร์,พระรามที่ 3,3,07:00-09:00,0,0,2
เจริญราษฎร์,พระรามที่ 3,3,09:00-17:00,0,0,2
เจริญราษฎร์,พระรามที่ 3,3,17:00-19:00,0,0,2
เจริญราษฎร์,พระรามที่3,4,07:00-09:00,0,1,0
เจริญราษฎร์,พระรามที่3,4,09:00-16:00,0,1,0
เจริญราษฎร์,พระรามที่3,4,16:00-19:00,0,1,0
เจริญราษฎร์,เจริญราษฎร์,1,07:00-09:00,1,0,2
เจริญราษฎร์,เจริญราษฎร์,1,09:00-16:00,1,0,1
เจริญราษฎร์,เจริญราษฎร์,1,09:00-17:00,0,0,1
เจริญราษฎร์,เจริญราษฎร์,1,16:00-19:00,1,0,1
เจริญราษฎร์,เจริญราษฎร์,1,17:00-19:00,0,0,1
เจริญราษฎร์,เจริญราษฎร์,2,07:00-09:00,1,0,0
เจริญราษฎร์,เจริญราษฎร์,2,09:00-16:00,1,0,0
เจริญราษฎร์,เจริญราษฎร์,2,16:00-19:00,1,0,0
เจริญราษฎร์,เจริญราษฎร์,3,07:00-09:00,0,0,2
เจริญราษฎร์,เจริญราษฎร์,3,09:00-17:00,0,0,2
เจริญราษฎร์,เจริญราษฎร์,3,17:00-19:00,0,0,2
เจริญราษฎร์,เจริญราษฎร์,4,07:00-09:00,0,1,0
เจริญราษฎร์,เจริญราษฎร์,4,09:00-16:00,0,1,0
เจริญราษฎร์,เจริญราษฎร์,4,16:00-19:00,0,1,0
เจริญใจ,เอกมัย,2,07:00-09:00,0,0,1
เจริญใจ,เอกมัย,2,09:00-17:00,0,0,1
เจริญใจ,เอกมัย,2,17:00-19:00,0,0,1
เจริญใจ,เอกมัย,4,07:00-09:00,0,0,2
เจริญใจ,เอกมัย,4,09:00-17:00,0,0,2
เจริญใจ,เอกมัย,4,17:00-19:00,0,0,2
เจริญใจ,เอกมัย 12,2,07:00-09:00,0,0,1
เจริญใจ,เอกมัย 12,2,09:00-17:00,0,0,1
เจริญใจ,เอกมัย 12,2,17:00-19:00,0,0,1
เจริญใจ,เอกมัย 12,4,07:00-09:00,0,0,2
เจริญใจ,เอกมัย 12,4,09:00-17:00,0,0,2
เจริญใจ,เอกมัย 12,4,17:00-19:00,0,0,2
เจริญใจ,เอกมัย 5,2,07:00-09:00,0,0,1
เจริญใจ,เอกมัย 5,2,09:00-17:00,0,0,1
เจริญใจ,เอกมัย 5,2,17:00-19:00,0,0,1
เจริญใจ,เอกมัย 5,4,07:00-09:00,0,0,2
เจริญใจ,เอกมัย 5,4,09:00-17:00,0,0,2
เจริญใจ,เอกมัย 5,4,17:00-19:00,0,0,2
เจ้าคุณทหาร - คุ้มเกล้า,คุ้มเกล้า,2,07:00-09:00,1,0,0
เจ้าคุณทหาร - คุ้มเกล้า,คุ้มเกล้า,2,09:00-16:00,1,0,0
เจ้าคุณทหาร - คุ้มเกล้า,คุ้มเกล้า,2,16:00-19:00,1,0,0
เจ้าคุณทหาร - คุ้มเกล้า,คุ้มเกล้า,4,07:00-09:00,0,1,0
เจ้าคุณทหาร - คุ้มเกล้า,คุ้มเกล้า,4,09:00-16:00,0,1,0
เจ้าคุณทหาร - คุ้มเกล้า,คุ้มเกล้า,4,16:00-19:00,0,1,0
เจ้าคุณทหาร - คุ้มเกล้า,ม บ คุมเกลา,3,07:00-09:00,1,0,0
เจ้าคุณทหาร - คุ้มเกล้า,ม บ คุมเกลา,3,09:00-16:00,1,0,0
เจ้าคุณทหาร - คุ้มเกล้า,ม บ คุมเกลา,3,16:00-19:00,1,0,0
เจ้าคุณทหาร - คุ้มเกล้า,เจ้าคุณทหาร,2,07:00-09:00,1,0,0
เจ้าคุณทหาร - คุ้มเกล้า,เจ้าคุณทหาร,2,09:00-16:00,1,0,0
เจ้าคุณทหาร - คุ้มเกล้า,เจ้าคุณทหาร,2,16:00-19:00,1,0,0
เจ้าคุณทหาร - คุ้มเกล้า,เจ้าคุณทหาร,3,07:00-09:00,1,0,0
เจ้าคุณทหาร - คุ้มเกล้า,เจ้าคุณทหาร,3,09:00-16:00,1,0,0
เจ้าคุณทหาร - คุ้มเกล้า,เจ้าคุณทหาร,3,16:00-19:00,1,0,0
เจ้าคุณทหาร - คุ้มเกล้า,เจ้าคุณทหารลาดกระบัง,4,07:00-09:00,0,1,0
เจ้าคุณทหาร - คุ้มเกล้า,เจ้าคุณทหารลาดกระบัง,4,09:00-16:00,0,1,0
เจ้าคุณทหาร - คุ้มเกล้า,เจ้าคุณทหารลาดกระบัง,4,16:00-19:00,0,1,0
เจ้าคุณทหาร - ฉลองกรุง,ฉลองกรุง,1,07:00-09:00,0,1,1
เจ้าคุณทหาร - ฉลองกรุง,ฉลองกรุง,1,09:00-16:00,0,1,1
เจ้าคุณทหาร - ฉลองกรุง,ฉลองกรุง,1,16:00-19:00,0,1,1
เจ้าคุณทหาร - ฉลองกรุง,ฉลองกรุง,3,07:00-09:00,1,0,1
เจ้าคุณทหาร - ฉลองกรุง,ฉลองกรุง,3,09:00-16:00,1,0,0
เจ้าคุณทหาร - ฉลองกรุง,ฉลองกรุง,3,09:00-17:00,0,0,1
เจ้าคุณทหาร - ฉลองกรุง,ฉลองกรุง,3,16:00-19:00,1,0,0
เจ้าคุณทหาร - ฉลองกรุง,ฉลองกรุง,3,17:00-19:00,0,0,1
เจ้าคุณทหาร - ฉลองกรุง,เจ้าคุณทหาร,1,07:00-09:00,0,1,1
เจ้าคุณทหาร - ฉลองกรุง,เจ้าคุณทหาร,1,09:00-16:00,0,1,1
เจ้าคุณทหาร - ฉลองกรุง,เจ้าคุณทหาร,1,16:00-19:00,0,1,1
เจ้าคุณทหาร - ฉลองกรุง,เจ้าคุณทหาร,3,07:00-09:00,1,0,1
เจ้าคุณทหาร - ฉลองกรุง,เจ้าคุณทหาร,3,09:00-16:00,1,0,0
เจ้าคุณทหาร - ฉลองกรุง,เจ้าคุณทหาร,3,09:00-17:00,0,0,1
เจ้าคุณทหาร - ฉลองกรุง,เจ้าคุณทหาร,3,16:00-19:00,1,0,0
เจ้าคุณทหาร - ฉลองกรุง,เจ้าคุณทหาร,3,17:00-19:00,0,0,1
เจ้าคุณหทาร - ฉลองกรุง,ฉลองกรุง,4,07:00-09:00,0,0,1
เจ้าคุณหทาร - ฉลองกรุง,ฉลองกรุง,4,09:00-17:00,0,0,1
เจ้าคุณหทาร - ฉลองกรุง,ฉลองกรุง,4,17:00-19:00,0,0,1
เจ้าคุณหทาร - ฉลองกรุง,เจ้าคุณทหาร,4,07:00-09:00,0,0,1
เจ้าคุณหทาร - ฉลองกรุง,เจ้าคุณทหาร,4,09:00-17:00,0,0,1
เจ้าคุณหทาร - ฉลองกรุง,เจ้าคุณทหาร,4,17:00-19:00,0,0,1
เฉลิมกรุง,ตรีทอง,2,07:00-09:00,0,1,0
เฉลิมกรุง,ตรีทอง,2,09:00-16:00,0,1,0
เฉลิมกรุง,ตรีทอง,2,16:00-19:00,0,1,0
เฉลิมกรุง,ตรีเพขร,4,07:00-09:00,0,0,1
เฉลิมกรุง,ตรีเพขร,4,09:00-16:00,0,0,1
เฉลิมกรุง,ตรีเพขร,4,16:00-19:00,0,0,1
เฉลิมกรุง,ตรีเพชร,1,07:00-09:00,0,0,1
เฉลิมกรุง,ตรีเพชร,1,09:00-17:00,0,0,1
เฉลิมกรุง,ตรีเพชร,1,17:00-19:00,0,0,1
เฉลิมกรุง,ตรีเพชร,2,07:00-09:00,0,1,1
เฉลิมกรุง,ตรีเพชร,2,09:00-16:00,0,1,0
เฉลิมกรุง,ตรีเพชร,2,09:00-17:00,0,0,1
เฉลิมกรุง,ตรีเพชร,2,16:00-19:00,0,1,0
เฉลิมกรุง,ตรีเพชร,2,17:00-19:00,0,0,1
เฉลิมกรุง,ตรีเพชร,4,07:00-09:00,1,0,0
เฉลิมกรุง,ตรีเพชร,4,09:00-16:00,1,0,0
เฉลิมกรุง,ตรีเพชร,4,16:00-19:00,1,0,0
เฉลิมกรุง,ตีทอง,1,07:00-09:00,0,0,1
เฉลิมกรุง,ตีทอง,1,09:00-17:00,0,0,1
เฉลิมกรุง,ตีทอง,1,17:00-19:00,0,0,1
เฉลิมกรุง,ตีทอง,2,07:00-09:00,0,0,1
เฉลิมกรุง,ตีทอง,2,09:00-17:00,0,0,1
เฉลิมกรุง,ตีทอง,2,17:00-19:00,0,0,1
เฉลิมกรุง,ตีทอง,4,07:00-09:00,0,0,1
เฉลิมกรุง,ตีทอง,4,09:00-16:00,0,0,1
เฉลิมกรุง,ตีทอง,4,16:00-19:00,0,0,1
เฉลิมกรุง,ตุทอง,4,07:00-09:00,1,0,0
เฉลิมกรุง,ตุทอง,4,09:00-16:00,1,0,0
เฉลิมกรุง,ตุทอง,4,16:00-19:00,1,0,0
เฉลิมกรุง,เจริญกรุง,1,07:00-09:00,0,0,1
เฉลิมกรุง,เจริญกรุง,1,09:00-17:00,0,0,1
เฉลิมกรุง,เจริญกรุง,1,17:00-19:00,0,0,1
เฉลิมกรุง,เจริญกรุง,2,07:00-09:00,0,1,1
เฉลิมกรุง,เจริญกรุง,2,09:00-16:00,0,1,0
เฉลิมกรุง,เจริญกรุง,2,09:00-17:00,0,0,1
เฉลิมกรุง,เจริญกรุง,2,16:00-19:00,0,1,0
เฉลิมกรุง,เจริญกรุง,2,17:00-19:00,0,0,1
เฉลิมกรุง,เจริญกรุง,4,07:00-09:00,1,0,1
เฉลิมกรุง,เจริญกรุง,4,09:00-16:00,1,0,1
เฉลิมกรุง,เจริญกรุง,4,16:00-19:00,1,0,1
เฉลิมบุรี,ทรงสวัสดิ์,3,07:00-09:00,0,0,1
เฉลิมบุรี,ทรงสวัสดิ์,3,09:00-17:00,0,0,1
เฉลิมบุรี,ทรงสวัสดิ์,3,17:00-19:00,0,0,1
เฉลิมบุรี,ทรงสวัสดิ์,4,07:00-09:00,0,1,0
เฉลิมบุรี,ทรงสวัสดิ์,4,09:00-16:00,0,1,0
เฉลิมบุรี,ทรงสวัสดิ์,4,16:00-19:00,0,1,0
เฉลิมบุรี,เยาวราช,3,07:00-09:00,0,0,1
เฉลิมบุรี,เยาวราช,3,09:00-17:00,0,0,1
เฉลิมบุรี,เยาวราช,3,17:00-19:00,0,0,1
เฉลิมบุรี,เยาวราช,4,07:00-09:00,0,1,0
เฉลิมบุรี,เยาวราช,4,09:00-16:00,0,1,0
เฉลิมบุรี,เยาวราช,4,16:00-19:00,0,1,0
เฉลิมพระเกรียรติ ร.9 ซ.67,เฉลิมพระเกรียรติ ร.9,2,07:00-09:00,0,0,1
เฉลิมพระเกรียรติ ร.9 ซ.67,เฉลิมพระเกรียรติ ร.9,2,09:00-17:00,0,0,1
เฉลิมพระเกรียรติ ร.9 ซ.67,เฉลิมพระเกรียรติ ร.9,2,17:00-19:00,0,0,1
เฉลิมพระเกรียรติ ร.9 ซ.67,เฉลิมพระเกรียรติ ร.9 ซ.67,2,07:00-09:00,0,0,1
เฉลิมพระเกรียรติ ร.9 ซ.67,เฉลิมพระเกรียรติ ร.9 ซ.67,2,09:00-17:00,0,0,1
เฉลิมพระเกรียรติ ร.9 ซ.67,เฉลิมพระเกรียรติ ร.9 ซ.67,2,17:00-19:00,0,0,1
เฉลิมพระเกียรติ ร.9 ซ.62 แยก 2,ฉลิมพระเกียรติ ร.9 ซ.62 แยก,4,07:00-09:00,1,0,0
เฉลิมพระเกียรติ ร.9 ซ.62 แยก 2,ฉลิมพระเกียรติ ร.9 ซ.62 แยก,4,09:00-16:00,1,0,0
เฉลิมพระเกียรติ ร.9 ซ.62 แยก 2,ฉลิมพระเกียรติ ร.9 ซ.62 แยก,4,16:00-19:00,1,0,0
เฉลิมพระเกียรติ ร.9 ซ.62 แยก 2,เฉลิมพระเกียรติ ร.9 ซ.62,4,07:00-09:00,1,0,0
เฉลิมพระเกียรติ ร.9 ซ.62 แยก 2,เฉลิมพระเกียรติ ร.9 ซ.62,4,09:00-16:00,1,0,0
เฉลิมพระเกียรติ ร.9 ซ.62 แยก 2,เฉลิมพระเกียรติ ร.9 ซ.62,4,16:00-19:00,1,0,0
เฉลิมพระเกียรติ ร.9 ซ.65,เฉลิมพระเกียรติ ร.9,2,07:00-09:00,1,0,0
เฉลิมพระเกียรติ ร.9 ซ.65,เฉลิมพระเกียรติ ร.9,2,09:00-16:00,1,0,0
เฉลิมพระเกียรติ ร.9 ซ.65,เฉลิมพระเกียรติ ร.9,2,16:00-19:00,1,0,0
เฉลิมพระเกียรติ ร.9 ซอย 43,เฉลิมพระเกียรติ,4,07:00-09:00,1,0,0
เฉลิมพระเกียรติ ร.9 ซอย 43,เฉลิมพระเกียรติ,4,09:00-16:00,1,0,0
เฉลิมพระเกียรติ ร.9 ซอย 43,เฉลิมพระเกียรติ,4,16:00-19:00,1,0,0
เฉลิมพระเกียรติร 9ซอย 23,เฉลิมพระเกียรติ ร.9,1,07:00-09:00,1,0,0
เฉลิมพระเกียรติร 9ซอย 23,เฉลิมพระเกียรติ ร.9,1,09:00-16:00,1,0,0
เฉลิมพระเกียรติร 9ซอย 23,เฉลิมพระเกียรติ ร.9,1,16:00-19:00,1,0,0
เฉลิมเผ่า,พระรามทิ่ 1,4,07:00-09:00,0,0,1
เฉลิมเผ่า,พระรามทิ่ 1,4,09:00-16:00,0,0,1
เฉลิมเผ่า,พระรามทิ่ 1,4,16:00-19:00,0,0,1
เฉลิมเผ่า,พระรามที่ 1,1,06:30-09:00,1,0,0
เฉลิมเผ่า,พระรามที่ 1,1,07:00-09:00,0,1,0
เฉลิมเผ่า,พระรามที่ 1,1,09:00-16:00,1,1,0
เฉลิมเผ่า,พระรามที่ 1,1,16:00-19:00,0,1,0
เฉลิมเผ่า,พระรามที่ 1,1,16:00-19:30,1,0,0
เฉลิมเผ่า,พระรามที่ 1,3,07:00-09:00,1,0,1
เฉลิมเผ่า,พระรามที่ 1,3,09:00-16:00,1,0,0
เฉลิมเผ่า,พระรามที่ 1,3,09:00-17:00,0,0,1
เฉลิมเผ่า,พระรามที่ 1,3,16:00-19:00,1,0,0
เฉลิมเผ่า,พระรามที่ 1,3,17:00-19:00,0,0,1
เฉลิมเผ่า,อังรีดูนังต์,1,06:30-09:00,1,0,0
เฉลิมเผ่า,อังรีดูนังต์,1,07:00-09:00,0,1,0
เฉลิมเผ่า,อังรีดูนังต์,1,09:00-16:00,1,1,0
เฉลิมเผ่า,อังรีดูนังต์,1,16:00-19:00,0,1,0
เฉลิมเผ่า,อังรีดูนังต์,1,16:00-19:30,1,0,0
เฉลิมเผ่า,อังรีดูนังต์,3,07:00-09:00,1,0,1
เฉลิมเผ่า,อังรีดูนังต์,3,09:00-16:00,1,0,0
เฉลิมเผ่า,อังรีดูนังต์,3,09:00-17:00,0,0,1
เฉลิมเผ่า,อังรีดูนังต์,3,16:00-19:00,1,0,0
เฉลิมเผ่า,อังรีดูนังต์,3,17:00-19:00,0,0,1
เฉลิมเผ่า,อังรีดูนังต์,4,07:00-09:00,0,0,1
เฉลิมเผ่า,อังรีดูนังต์,4,09:00-16:00,0,0,1
เฉลิมเผ่า,อังรีดูนังต์,4,16:00-19:00,0,0,1
เฉลิมไทย,ราชดำเนิน,3,07:00-09:00,0,1,0
เฉลิมไทย,ราชดำเนิน,3,09:00-16:00,0,1,0
เฉลิมไทย,ราชดำเนิน,3,16:00-19:00,0,1,0
เชิดวุฒากาศ -กำแพงเพชร 6,กำแพงเพชร 6,1,07:00-09:00,0,0,1
เชิดวุฒากาศ -กำแพงเพชร 6,กำแพงเพชร 6,1,09:00-17:00,0,0,1
เชิดวุฒากาศ -กำแพงเพชร 6,กำแพงเพชร 6,1,17:00-19:00,0,0,1
เชิดวุฒากาศ -กำแพงเพชร 6,เชิดวุฒากาศ,1,07:00-09:00,0,0,1
เชิดวุฒากาศ -กำแพงเพชร 6,เชิดวุฒากาศ,1,09:00-17:00,0,0,1
เชิดวุฒากาศ -กำแพงเพชร 6,เชิดวุฒากาศ,1,17:00-19:00,0,0,1
เชิดวุฒากาศ -กำแพงเพชร 6,เชิดวุฒากาศ - กำแพงเพชร 6,1,07:00-09:00,0,0,1
เชิดวุฒากาศ -กำแพงเพชร 6,เชิดวุฒากาศ - กำแพงเพชร 6,1,09:00-17:00,0,0,1
เชิดวุฒากาศ -กำแพงเพชร 6,เชิดวุฒากาศ - กำแพงเพชร 6,1,17:00-19:00,0,0,1
เชื่อมสัมพันธ์ - บุรีภิรมย์,บุรีภิรมย์,1,07:00-09:00,0,0,1
เชื่อมสัมพันธ์ - บุรีภิรมย์,บุรีภิรมย์,1,09:00-17:00,0,0,1
เชื่อมสัมพันธ์ - บุรีภิรมย์,บุรีภิรมย์,1,17:00-19:00,0,0,1
เชื่อมสัมพันธ์ - บุรีภิรมย์,บุรีภิรมย์,3,07:00-09:00,0,0,1
เชื่อมสัมพันธ์ - บุรีภิรมย์,บุรีภิรมย์,3,09:00-16:00,0,0,1
เชื่อมสัมพันธ์ - บุรีภิรมย์,บุรีภิรมย์,3,16:00-19:00,0,0,1
เชื่อมสัมพันธ์ - บุรีภิรมย์,เชื่อมสัมพันธ์,1,07:00-09:00,0,0,1
เชื่อมสัมพันธ์ - บุรีภิรมย์,เชื่อมสัมพันธ์,1,09:00-17:00,0,0,1
เชื่อมสัมพันธ์ - บุรีภิรมย์,เชื่อมสัมพันธ์,1,17:00-19:00,0,0,1
เชื่อมสัมพันธ์ - บุรีภิรมย์,เชื่อมสัมพันธ์,3,07:00-09:00,0,0,1
เชื่อมสัมพันธ์ - บุรีภิรมย์,เชื่อมสัมพันธ์,3,09:00-16:00,0,0,1
เชื่อมสัมพันธ์ - บุรีภิรมย์,เชื่อมสัมพันธ์,3,16:00-19:00,0,0,1
เชื่อมสัมพันธ์ - ลำไทร,ลำไทร,1,07:00-09:00,0,0,1
เชื่อมสัมพันธ์ - ลำไทร,ลำไทร,1,09:00-17:00,0,0,1
เชื่อมสัมพันธ์ - ลำไทร,ลำไทร,1,17:00-19:00,0,0,1
เชื่อมสัมพันธ์ - ลำไทร,เชื่อมสัมพันธ์,1,07:00-09:00,0,0,1
เชื่อมสัมพันธ์ - ลำไทร,เชื่อมสัมพันธ์,1,09:00-17:00,0,0,1
เชื่อมสัมพันธ์ - ลำไทร,เชื่อมสัมพันธ์,1,17:00-19:00,0,0,1
เชื่อมสัมพันธ์ - สกุลดี,สกุลดี,1,07:00-09:00,0,0,1
เชื่อมสัมพันธ์ - สกุลดี,สกุลดี,1,09:00-17:00,0,0,1
เชื่อมสัมพันธ์ - สกุลดี,สกุลดี,1,17:00-19:00,0,0,1
เชื่อมสัมพันธ์ - สกุลดี,สกุลดี,3,07:00-09:00,0,1,1
เชื่อมสัมพันธ์ - สกุลดี,สกุลดี,3,09:00-16:00,0,1,1
เชื่อมสัมพันธ์ - สกุลดี,สกุลดี,3,16:00-19:00,0,1,1
เชื่อมสัมพันธ์ - สกุลดี,เชื่อมสัมพันธ์,1,07:00-09:00,0,0,1
เชื่อมสัมพันธ์ - สกุลดี,เชื่อมสัมพันธ์,1,09:00-17:00,0,0,1
เชื่อมสัมพันธ์ - สกุลดี,เชื่อมสัมพันธ์,1,17:00-19:00,0,0,1
เชื่อมสัมพันธ์ - สกุลดี,เชื่อมสัมพันธ์,3,07:00-09:00,0,1,1
เชื่อมสัมพันธ์ - สกุลดี,เชื่อมสัมพันธ์,3,09:00-16:00,0,1,1
เชื่อมสัมพันธ์ - สกุลดี,เชื่อมสัมพันธ์,3,16:00-19:00,0,1,1
เชื่อมสัมพันธ์ - เลียบวารี,สังฆสันติสุข,3,07:00-09:00,0,1,0
เชื่อมสัมพันธ์ - เลียบวารี,สังฆสันติสุข,3,09:00-16:00,0,1,0
เชื่อมสัมพันธ์ - เลียบวารี,สังฆสันติสุข,3,16:00-19:00,0,1,0
เชื่อมสัมพันธ์ - เลียบวารี,เชื่อมสัมพันธ์,3,07:00-09:00,0,1,0
เชื่อมสัมพันธ์ - เลียบวารี,เชื่อมสัมพันธ์,3,09:00-16:00,0,1,0
เชื่อมสัมพันธ์ - เลียบวารี,เชื่อมสัมพันธ์,3,16:00-19:00,0,1,0
เชื่อมสัมพันธ์ - เลียบวารี,เลียบวารี,3,07:00-09:00,0,1,0
เชื่อมสัมพันธ์ - เลียบวารี,เลียบวารี,3,09:00-16:00,0,1,0
เชื่อมสัมพันธ์ - เลียบวารี,เลียบวารี,3,16:00-19:00,0,1,0
เดชะตุงคะ - นาวงประชาพัฒนา,นาวงประชาพัฒนา,3,07:00-09:00,0,1,0
เดชะตุงคะ - นาวงประชาพัฒนา,นาวงประชาพัฒนา,3,09:00-16:00,0,1,0
เดชะตุงคะ - นาวงประชาพัฒนา,นาวงประชาพัฒนา,3,16:00-19:00,0,1,0
เดชะตุงคะ - นาวงประชาพัฒนา,เดชะตุงคะ,3,07:00-09:00,0,1,0
เดชะตุงคะ - นาวงประชาพัฒนา,เดชะตุงคะ,3,09:00-16:00,0,1,0
เดชะตุงคะ - นาวงประชาพัฒนา,เดชะตุงคะ,3,16:00-19:00,0,1,0
เดอะมอลล์บางแค,กาญจนาภิเษก,2,07:00-09:00,0,0,1
เดอะมอลล์บางแค,กาญจนาภิเษก,2,09:00-17:00,0,0,1
เดอะมอลล์บางแค,กาญจนาภิเษก,2,17:00-19:00,0,0,1
เดอะมอลล์บางแค,เพชรเกษม,2,07:00-09:00,0,0,1
เดอะมอลล์บางแค,เพชรเกษม,2,09:00-17:00,0,0,1
เดอะมอลล์บางแค,เพชรเกษม,2,17:00-19:00,0,0,1
เดอะมอลล์บางแค,เพชรเกษม 47/2,2,07:00-09:00,0,0,1
เดอะมอลล์บางแค,เพชรเกษม 47/2,2,09:00-17:00,0,0,1
เดอะมอลล์บางแค,เพชรเกษม 47/2,2,17:00-19:00,0,0,1
เดโช,สีลม,3,07:00-09:00,0,1,1
เดโช,สีลม,3,09:00-16:00,0,1,1
เดโช,สีลม,3,16:00-19:00,0,1,1
เดโช,สีลม,4,07:00-09:00,1,1,0
เดโช,สีลม,4,09:00-16:00,1,1,0
เดโช,สีลม,4,16:00-19:00,1,1,0
เดโช,เดโช,3,07:00-09:00,0,1,1
เดโช,เดโช,3,09:00-16:00,0,1,1
เดโช,เดโช,3,16:00-19:00,0,1,1
เดโช,เดโช,4,07:00-09:00,1,1,0
เดโช,เดโช,4,09:00-16:00,1,1,0
เดโช,เดโช,4,16:00-19:00,1,1,0
เตาปูน,กรุงเทพ-นนทบุรี,3,07:00-09:00,0,1,0
เตาปูน,กรุงเทพ-นนทบุรี,3,09:00-16:00,0,1,0
เตาปูน,กรุงเทพ-นนทบุรี,3,16:00-19:00,0,1,0
เตาปูน,ซอยนำชัย,3,07:00-09:00,0,0,1
เตาปูน,ซอยนำชัย,3,09:00-17:00,0,0,1
เตาปูน,ซอยนำชัย,3,17:00-19:00,0,0,1
เตาปูน,ซอยน้ำชัย,2,07:00-09:00,0,1,0
เตาปูน,ซอยน้ำชัย,2,09:00-16:00,0,1,0
เตาปูน,ซอยน้ำชัย,2,16:00-19:00,0,1,0
เตาปูน,ซอยน้ำชัย,3,07:00-09:00,0,1,0
เตาปูน,ซอยน้ำชัย,3,09:00-16:00,0,1,0
เตาปูน,ซอยน้ำชัย,3,16:00-19:00,0,1,0
เตาปูน,ประชาราษฎร์,2,07:00-09:00,0,1,0
เตาปูน,ประชาราษฎร์,2,09:00-16:00,0,1,0
เตาปูน,ประชาราษฎร์,2,16:00-19:00,0,1,0
เตาปูน,ประชาราษฎร์,3,07:00-09:00,1,0,1
เตาปูน,ประชาราษฎร์,3,09:00-16:00,1,0,0
เตาปูน,ประชาราษฎร์,3,09:00-17:00,0,0,1
เตาปูน,ประชาราษฎร์,3,16:00-19:00,1,0,0
เตาปูน,ประชาราษฎร์,3,17:00-19:00,0,0,1
เตาปูน,ประชาราษฎร์,4,07:00-09:00,1,0,1
เตาปูน,ประชาราษฎร์,4,09:00-16:00,1,0,0
เตาปูน,ประชาราษฎร์,4,09:00-17:00,0,0,1
เตาปูน,ประชาราษฎร์,4,16:00-19:00,1,0,0
เตาปูน,ประชาราษฎร์,4,17:00-19:00,0,0,1
เตาปูน,ประชาราษฎร์สาย 2,2,07:00-09:00,0,1,0
เตาปูน,ประชาราษฎร์สาย 2,2,09:00-16:00,0,1,0
เตาปูน,ประชาราษฎร์สาย 2,2,16:00-19:00,0,1,0
เตาปูน,ประชาราษฎร์สาย 2,3,07:00-09:00,1,1,1
เตาปูน,ประชาราษฎร์สาย 2,3,09:00-16:00,1,1,0
เตาปูน,ประชาราษฎร์สาย 2,3,09:00-17:00,0,0,1
เตาปูน,ประชาราษฎร์สาย 2,3,16:00-19:00,1,1,0
เตาปูน,ประชาราษฎร์สาย 2,3,17:00-19:00,0,0,1
เตาปูน,ประชาราษฎร์สาย 2,4,07:00-09:00,1,0,1
เตาปูน,ประชาราษฎร์สาย 2,4,09:00-16:00,1,0,0
เตาปูน,ประชาราษฎร์สาย 2,4,09:00-17:00,0,0,1
เตาปูน,ประชาราษฎร์สาย 2,4,16:00-19:00,1,0,0
เตาปูน,ประชาราษฎร์สาย 2,4,17:00-19:00,0,0,1
เทคนิคกรุงเทพ,นราธิวาสราชนครินทร์ 17,3,07:00-09:00,0,0,1
เทคนิคกรุงเทพ,นราธิวาสราชนครินทร์ 17,3,09:00-17:00,0,0,1
เทคนิคกรุงเทพ,นราธิวาสราชนครินทร์ 17,3,17:00-19:00,0,0,1
เทคนิคกรุงเทพ,นราธิวาสฯ17,2,07:00-09:00,0,0,1
เทคนิคกรุงเทพ,นราธิวาสฯ17,2,09:00-17:00,0,0,1
เทคนิคกรุงเทพ,นราธิวาสฯ17,2,17:00-19:00,0,0,1
เทคนิคกรุงเทพ,นางลิ้นจี่,2,07:00-09:00,0,0,1
เทคนิคกรุงเทพ,นางลิ้นจี่,2,09:00-17:00,0,0,1
เทคนิคกรุงเทพ,นางลิ้นจี่,2,17:00-19:00,0,0,1
เทคนิคกรุงเทพ,นางลิ้นจี่,3,07:00-09:00,0,0,1
เทคนิคกรุงเทพ,นางลิ้นจี่,3,09:00-17:00,0,0,1
เทคนิคกรุงเทพ,นางลิ้นจี่,3,17:00-19:00,0,0,1
เทคนิคกรุงเทพ,สวนพลู,2,07:00-09:00,0,0,1
เทคนิคกรุงเทพ,สวนพลู,2,09:00-17:00,0,0,1
เทคนิคกรุงเทพ,สวนพลู,2,17:00-19:00,0,0,1
เทคนิคกรุงเทพ,สวนพลู,3,07:00-09:00,0,0,1
เทคนิคกรุงเทพ,สวนพลู,3,09:00-17:00,0,0,1
เทคนิคกรุงเทพ,สวนพลู,3,17:00-19:00,0,0,1
เทคนิคกรุงเทพ,โรงถ่าน,2,07:00-09:00,0,0,1
เทคนิคกรุงเทพ,โรงถ่าน,2,09:00-17:00,0,0,1
เทคนิคกรุงเทพ,โรงถ่าน,2,17:00-19:00,0,0,1
เทคนิคกรุงเทพ,โรงถ่าน,3,07:00-09:00,0,0,1
เทคนิคกรุงเทพ,โรงถ่าน,3,09:00-17:00,0,0,1
เทคนิคกรุงเทพ,โรงถ่าน,3,17:00-19:00,0,0,1
เทพรักษ์ - สุขาภิบาล 5,สุขาภิบาล 5,1,07:00-09:00,0,0,1
เทพรักษ์ - สุขาภิบาล 5,สุขาภิบาล 5,1,09:00-17:00,0,0,1
เทพรักษ์ - สุขาภิบาล 5,สุขาภิบาล 5,1,17:00-19:00,0,0,1
เทพรักษ์ - สุขาภิบาล 5,เทพรักษ์,1,07:00-09:00,0,0,1
เทพรักษ์ - สุขาภิบาล 5,เทพรักษ์,1,09:00-17:00,0,0,1
เทพรักษ์ - สุขาภิบาล 5,เทพรักษ์,1,17:00-19:00,0,0,1
เทวกรรม,กรุงเกษม,1,07:00-09:00,0,1,0
เทวกรรม,กรุงเกษม,1,09:00-16:00,0,1,0
เทวกรรม,กรุงเกษม,1,16:00-19:00,0,1,0
เทวกรรม,กรุงเกษม,2,07:00-09:00,0,0,1
เทวกรรม,กรุงเกษม,2,09:00-17:00,0,0,1
เทวกรรม,กรุงเกษม,2,17:00-19:00,0,0,1
เทวกรรม,กรุงเกษม,4,07:00-09:00,2,0,0
เทวกรรม,กรุงเกษม,4,09:00-16:00,2,0,0
เทวกรรม,กรุงเกษม,4,16:00-19:00,2,0,0
เทวกรรม,นครสวรรค์,1,07:00-09:00,0,1,0
เทวกรรม,นครสวรรค์,1,09:00-16:00,0,1,0
เทวกรรม,นครสวรรค์,1,16:00-19:00,0,1,0
เทวกรรม,นครสวรรค์,2,07:00-09:00,0,0,1
เทวกรรม,นครสวรรค์,2,09:00-17:00,0,0,1
เทวกรรม,นครสวรรค์,2,17:00-19:00,0,0,1
เทวกรรม,นครสวรรค์,4,07:00-09:00,2,0,0
เทวกรรม,นครสวรรค์,4,09:00-16:00,2,0,0
เทวกรรม,นครสวรรค์,4,16:00-19:00,2,0,0
เทศบาลสงเคราะห์- เทศบาลรังรักษใ์ต้,เทศบาลรังรักษ์เหนือ,3,07:00-09:00,0,1,0
เทศบาลสงเคราะห์- เทศบาลรังรักษใ์ต้,เทศบาลรังรักษ์เหนือ,3,09:00-16:00,0,1,0
เทศบาลสงเคราะห์- เทศบาลรังรักษใ์ต้,เทศบาลรังรักษ์เหนือ,3,16:00-19:00,0,1,0
เทศบาลสงเคราะห์- เทศบาลรังรักษใ์ต้,เทศบาลสงเคราะห์,3,07:00-09:00,0,1,0
เทศบาลสงเคราะห์- เทศบาลรังรักษใ์ต้,เทศบาลสงเคราะห์,3,09:00-16:00,0,1,0
เทศบาลสงเคราะห์- เทศบาลรังรักษใ์ต้,เทศบาลสงเคราะห์,3,16:00-19:00,0,1,0
เทศบาลสงเคราะห์- เทศบาลรังรักษ์ใต้,เทศบาลรังรักษ์ใต้,3,07:00-09:00,0,1,0
เทศบาลสงเคราะห์- เทศบาลรังรักษ์ใต้,เทศบาลรังรักษ์ใต้,3,09:00-16:00,0,1,0
เทศบาลสงเคราะห์- เทศบาลรังรักษ์ใต้,เทศบาลรังรักษ์ใต้,3,16:00-19:00,0,1,0
เทอดดำริ,ประดิพัทธ์,1,07:00-09:00,1,0,2
เทอดดำริ,ประดิพัทธ์,1,09:00-16:00,1,0,1
เทอดดำริ,ประดิพัทธ์,1,09:00-17:00,0,0,1
เทอดดำริ,ประดิพัทธ์,1,16:00-19:00,1,0,1
เทอดดำริ,ประดิพัทธ์,1,17:00-19:00,0,0,1
เทอดดำริ,ประดิพัทธ์,4,07:00-09:00,0,1,0
เทอดดำริ,ประดิพัทธ์,4,09:00-16:00,0,1,0
เทอดดำริ,ประดิพัทธ์,4,16:00-19:00,0,1,0
เทอดดำริ,เทอดดำริ,1,07:00-09:00,1,0,2
เทอดดำริ,เทอดดำริ,1,09:00-16:00,1,0,1
เทอดดำริ,เทอดดำริ,1,09:00-17:00,0,0,1
เทอดดำริ,เทอดดำริ,1,16:00-19:00,1,0,1
เทอดดำริ,เทอดดำริ,1,17:00-19:00,0,0,1
เทอดดำริ,เทอดดำริ,4,07:00-09:00,0,1,0
เทอดดำริ,เทอดดำริ,4,09:00-16:00,0,1,0
เทอดดำริ,เทอดดำริ,4,16:00-19:00,0,1,0
เทอดไท 33,เทอดไท,2,07:00-09:00,0,0,1
เทอดไท 33,เทอดไท,2,09:00-17:00,0,0,1
เทอดไท 33,เทอดไท,2,17:00-19:00,0,0,2
เทอดไท 33,เทอดไท 33,2,07:00-09:00,0,0,1
เทอดไท 33,เทอดไท 33,2,09:00-17:00,0,0,1
เทอดไท 33,เทอดไท 33,2,17:00-19:00,0,0,1
เทอดไท 33 (24 เม.ย.69),เทอดไท,2,07:00-09:00,0,0,1
เทอดไท 33 (24 เม.ย.69),เทอดไท,2,09:00-17:00,0,0,1
เทอดไท 33 (24 เม.ย.69),เทอดไท 33,2,07:00-09:00,0,0,1
เทอดไท 33 (24 เม.ย.69),เทอดไท 33,2,09:00-17:00,0,0,1
เทอดไท 33 (24 เม.ย.69),เทอดไท 33,2,17:00-19:00,0,0,1
เทิดราชัน - เชิดวุฒากาศ,เชิดวุฒากาศ-กำแพงเพชร 6,1,07:00-09:00,0,0,1
เทิดราชัน - เชิดวุฒากาศ,เชิดวุฒากาศ-กำแพงเพชร 6,1,09:00-17:00,0,0,1
เทิดราชัน - เชิดวุฒากาศ,เชิดวุฒากาศ-กำแพงเพชร 6,1,17:00-19:00,0,0,1
เทิดราชัน - เชิดวุฒากาศ,เทิดราชัน,1,07:00-09:00,0,0,1
เทิดราชัน - เชิดวุฒากาศ,เทิดราชัน,1,09:00-17:00,0,0,1
เทิดราชัน - เชิดวุฒากาศ,เทิดราชัน,1,17:00-19:00,0,0,1
เทียนทะเล 7,ซอยท่าข้าม 23,1,07:00-09:00,0,1,0
เทียนทะเล 7,ซอยท่าข้าม 23,1,09:00-16:00,0,1,0
เทียนทะเล 7,ซอยท่าข้าม 23,1,16:00-19:00,0,1,0
เทียนทะเล 7,เทียนทะเล 7,1,07:00-09:00,0,1,0
เทียนทะเล 7,เทียนทะเล 7,1,09:00-16:00,0,1,0
เทียนทะเล 7,เทียนทะเล 7,1,16:00-19:00,0,1,0
เทียมร่วมมิตร,กาญจนาภิเษก,1,07:00-09:00,0,0,1
เทียมร่วมมิตร,กาญจนาภิเษก,1,09:00-16:00,0,0,1
เทียมร่วมมิตร,กาญจนาภิเษก,1,16:00-19:00,0,0,1
เทียมร่วมมิตร,รัชดาภิเษก,2,07:00-09:00,1,0,0
เทียมร่วมมิตร,รัชดาภิเษก,2,09:00-16:00,1,0,0
เทียมร่วมมิตร,รัชดาภิเษก,2,16:00-19:00,1,0,0
เทียมร่วมมิตร,รัชดาภิเษก,3,07:00-09:00,1,0,1
เทียมร่วมมิตร,รัชดาภิเษก,3,09:00-16:00,1,0,0
เทียมร่วมมิตร,รัชดาภิเษก,3,09:00-17:00,0,0,1
เทียมร่วมมิตร,รัชดาภิเษก,3,16:00-19:00,1,0,0
เทียมร่วมมิตร,รัชดาภิเษก,3,17:00-19:00,0,0,1
เทียมร่วมมิตร,รัชดาภิเษก,4,07:00-09:00,0,1,0
เทียมร่วมมิตร,รัชดาภิเษก,4,09:00-16:00,0,1,0
เทียมร่วมมิตร,รัชดาภิเษก,4,16:00-19:00,0,1,0
เทียมร่วมมิตร,เดอะมอลล์บางแค,1,16:00-19:00,0,0,1
เทียมร่วมมิตร,เทียมร่วมมิตร,1,07:00-09:00,0,0,1
เทียมร่วมมิตร,เทียมร่วมมิตร,1,09:00-16:00,0,0,1
เทียมร่วมมิตร,เทียมร่วมมิตร,1,16:00-19:00,0,0,1
เทียมร่วมมิตร,เทียมร่วมมิตร,2,07:00-09:00,1,0,0
เทียมร่วมมิตร,เทียมร่วมมิตร,2,09:00-16:00,1,0,0
เทียมร่วมมิตร,เทียมร่วมมิตร,2,16:00-19:00,1,0,0
เทียมร่วมมิตร,เทียมร่วมมิตร,3,07:00-09:00,1,0,1
เทียมร่วมมิตร,เทียมร่วมมิตร,3,09:00-16:00,1,0,0
เทียมร่วมมิตร,เทียมร่วมมิตร,3,09:00-17:00,0,0,1
เทียมร่วมมิตร,เทียมร่วมมิตร,3,16:00-19:00,1,0,0
เทียมร่วมมิตร,เทียมร่วมมิตร,3,17:00-19:00,0,0,1
เทียมร่วมมิตร,เทียมร่วมมิตร,4,07:00-09:00,0,1,0
เทียมร่วมมิตร,เทียมร่วมมิตร,4,09:00-16:00,0,1,0
เทียมร่วมมิตร,เทียมร่วมมิตร,4,16:00-19:00,0,1,0
เทียมร่วมมิตร,เพชรเกษม 47/2,1,07:00-09:00,0,0,1
เทียมร่วมมิตร,เพชรเกษม 47/2,1,09:00-16:00,0,0,1
เทเวศร์,กรุงเกษม,1,07:00-09:00,0,0,1
เทเวศร์,กรุงเกษม,1,09:00-17:00,0,0,1
เทเวศร์,กรุงเกษม,1,17:00-19:00,0,0,1
เทเวศร์,กรุงเกษม,2,07:00-09:00,0,0,1
เทเวศร์,กรุงเกษม,2,09:00-16:00,0,0,1
เทเวศร์,กรุงเกษม,2,16:00-19:00,0,0,1
เทเวศร์,กรุงเกษม,3,07:00-09:00,1,1,0
เทเวศร์,กรุงเกษม,3,09:00-16:00,1,1,0
เทเวศร์,กรุงเกษม,3,16:00-19:00,1,1,0
เทเวศร์,สามเสน,1,07:00-09:00,0,0,1
เทเวศร์,สามเสน,1,09:00-17:00,0,0,1
เทเวศร์,สามเสน,1,17:00-19:00,0,0,1
เทเวศร์,สามเสน,2,07:00-09:00,0,0,1
เทเวศร์,สามเสน,2,09:00-16:00,0,0,1
เทเวศร์,สามเสน,2,16:00-19:00,0,0,1
เทเวศร์,สามเสน,3,07:00-09:00,1,1,0
เทเวศร์,สามเสน,3,09:00-16:00,1,1,0
เทเวศร์,สามเสน,3,16:00-19:00,1,1,0
เพชรบุรี - ชิดลม,เพชรบุรี,3,07:00-09:00,0,0,2
เพชรบุรี - ชิดลม,เพชรบุรี,3,09:00-17:00,0,0,2
เพชรบุรี - ชิดลม,เพชรบุรี,3,17:00-19:00,0,0,2
เพชรบุรี - ชิดลม,เพชรบุรี,4,07:00-09:00,0,1,0
เพชรบุรี - ชิดลม,เพชรบุรี,4,09:00-16:00,0,1,0
เพชรบุรี - ชิดลม,เพชรบุรี,4,16:00-19:00,0,1,0
เพชรบุรี - ทองหล่อ,ซอยทองหล่อ,4,07:00-09:00,0,1,0
เพชรบุรี - ทองหล่อ,ซอยทองหล่อ,4,09:00-16:00,0,1,0
เพชรบุรี - ทองหล่อ,ซอยทองหล่อ,4,16:00-19:00,0,1,0
เพชรบุรี - ทองหล่อ,ทองหล่อ,1,07:00-09:00,0,0,1
เพชรบุรี - ทองหล่อ,ทองหล่อ,1,09:00-17:00,0,0,1
เพชรบุรี - ทองหล่อ,ทองหล่อ,1,17:00-19:00,0,0,1
เพชรบุรี - ทองหล่อ,ทองหล่อ,2,07:00-09:00,0,0,1
เพชรบุรี - ทองหล่อ,ทองหล่อ,2,09:00-17:00,0,0,1
เพชรบุรี - ทองหล่อ,ทองหล่อ,2,17:00-19:00,0,0,1
เพชรบุรี - ทองหล่อ,เพชรบุรี,1,07:00-09:00,0,0,1
เพชรบุรี - ทองหล่อ,เพชรบุรี,1,09:00-17:00,0,0,1
เพชรบุรี - ทองหล่อ,เพชรบุรี,1,17:00-19:00,0,0,1
เพชรบุรี - ทองหล่อ,เพชรบุรี,2,07:00-09:00,0,0,1
เพชรบุรี - ทองหล่อ,เพชรบุรี,2,09:00-17:00,0,0,1
เพชรบุรี - ทองหล่อ,เพชรบุรี,2,17:00-19:00,0,0,1
เพชรบุรี - ทองหล่อ,เพชรบุรี,4,07:00-09:00,0,1,0
เพชรบุรี - ทองหล่อ,เพชรบุรี,4,09:00-16:00,0,1,0
เพชรบุรี - ทองหล่อ,เพชรบุรี,4,16:00-19:00,0,1,0
เพชรบุรี - พร้อมพงษ์,ซอยสุขุมวิท 39,3,06:30-09:00,0,1,0
เพชรบุรี - พร้อมพงษ์,ซอยสุขุมวิท 39,3,09:00-16:00,0,1,0
เพชรบุรี - พร้อมพงษ์,ซอยสุขุมวิท 39,3,16:00-19:30,0,1,0
เพชรบุรี - พร้อมพงษ์,สุขุมวิท 39,4,07:00-09:00,0,1,0
เพชรบุรี - พร้อมพงษ์,สุขุมวิท 39,4,09:00-16:00,0,1,0
เพชรบุรี - พร้อมพงษ์,สุขุมวิท 39,4,16:00-19:00,0,1,0
เพชรบุรี - พร้อมพงษ์,เพชรบุรี,3,06:30-09:00,0,1,0
เพชรบุรี - พร้อมพงษ์,เพชรบุรี,3,09:00-16:00,0,1,0
เพชรบุรี - พร้อมพงษ์,เพชรบุรี,3,16:00-19:30,0,1,0
เพชรบุรี - พร้อมพงษ์,เพชรบุรี,4,07:00-09:00,0,1,0
เพชรบุรี - พร้อมพงษ์,เพชรบุรี,4,09:00-16:00,0,1,0
เพชรบุรี - พร้อมพงษ์,เพชรบุรี,4,16:00-19:00,0,1,0
เพชรบุรี 38,เพชรบุรี,3,07:00-09:00,0,1,0
เพชรบุรี 38,เพชรบุรี,3,09:00-16:00,0,1,0
เพชรบุรี 38,เพชรบุรี,3,16:00-19:00,0,1,0
เพชรบุรี- ชิดลม,เพชรบุรี,1,07:00-09:00,1,0,0
เพชรบุรี- ชิดลม,เพชรบุรี,1,09:00-16:00,1,0,0
เพชรบุรี- ชิดลม,เพชรบุรี,1,16:00-19:00,1,0,0
เพชรบุรี- ชิดลม,เพชรบุรี,2,07:00-09:00,1,0,0
เพชรบุรี- ชิดลม,เพชรบุรี,2,09:00-16:00,1,0,0
เพชรบุรี- ชิดลม,เพชรบุรี,2,16:00-19:00,1,0,0
เพชรบุรี- ทองหล่อ,ทองหล่อ,4,07:00-09:00,1,0,0
เพชรบุรี- ทองหล่อ,ทองหล่อ,4,09:00-16:00,1,0,0
เพชรบุรี- ทองหล่อ,ทองหล่อ,4,16:00-19:00,1,0,0
เพชรบุรี- ทองหล่อ,เพชรบุรี,4,07:00-09:00,1,0,0
เพชรบุรี- ทองหล่อ,เพชรบุรี,4,09:00-16:00,1,0,0
เพชรบุรี- ทองหล่อ,เพชรบุรี,4,16:00-19:00,1,0,0
เพชรบุรี- พร้อมพงษ์,ซอยสุขุมวิท 39,4,07:00-09:00,1,0,0
เพชรบุรี- พร้อมพงษ์,ซอยสุขุมวิท 39,4,09:00-16:00,1,0,0
เพชรบุรี- พร้อมพงษ์,ซอยสุขุมวิท 39,4,16:00-19:00,1,0,0
เพชรบุรี- พร้อมพงษ์,เพชรบุรี,4,07:00-09:00,1,0,0
เพชรบุรี- พร้อมพงษ์,เพชรบุรี,4,09:00-16:00,1,0,0
เพชรบุรี- พร้อมพงษ์,เพชรบุรี,4,16:00-19:00,1,0,0
เพชรบุรี- เพชรอุทัย,เพชรบุรี,2,07:00-09:00,1,0,0
เพชรบุรี- เพชรอุทัย,เพชรบุรี,2,09:00-16:00,1,0,0
เพชรบุรี- เพชรอุทัย,เพชรบุรี,2,16:00-19:00,1,0,0
เพชรบุรี- เพชรอุทัย,เพชรอุทัย,2,07:00-09:00,1,0,0
เพชรบุรี- เพชรอุทัย,เพชรอุทัย,2,09:00-16:00,1,0,0
เพชรบุรี- เพชรอุทัย,เพชรอุทัย,2,16:00-19:00,1,0,0
เพชรพระราม,บรรทัดทอง,1,07:00-09:00,0,1,0
เพชรพระราม,บรรทัดทอง,1,09:00-16:00,0,1,0
เพชรพระราม,บรรทัดทอง,1,16:00-19:00,0,1,0
เพชรพระราม,บรรทัดทอง,2,06:30-09:00,1,0,0
เพชรพระราม,บรรทัดทอง,2,09:00-16:00,1,0,0
เพชรพระราม,บรรทัดทอง,2,16:00-19:30,1,0,0
เพชรพระราม,บรรทัดทอง,3,07:00-09:00,0,0,1
เพชรพระราม,บรรทัดทอง,3,09:00-17:00,0,0,1
เพชรพระราม,บรรทัดทอง,3,17:00-19:00,0,0,1
เพชรพระราม,บรรทัดทอง,4,07:00-09:00,0,0,1
เพชรพระราม,บรรทัดทอง,4,09:00-16:00,0,0,1
เพชรพระราม,บรรทัดทอง,4,16:00-19:00,0,0,1
เพชรพระราม,เพชรบุรี,1,07:00-09:00,0,1,0
เพชรพระราม,เพชรบุรี,1,09:00-16:00,0,1,0
เพชรพระราม,เพชรบุรี,1,16:00-19:00,0,1,0
เพชรพระราม,เพชรบุรี,2,06:30-09:00,1,0,0
เพชรพระราม,เพชรบุรี,2,09:00-16:00,1,0,0
เพชรพระราม,เพชรบุรี,2,16:00-19:30,1,0,0
เพชรพระราม,เพชรบุรี,3,07:00-09:00,0,0,1
เพชรพระราม,เพชรบุรี,3,09:00-17:00,0,0,1
เพชรพระราม,เพชรบุรี,3,17:00-19:00,0,0,1
เพชรพระราม,เพชรบุรี,4,07:00-09:00,0,0,1
เพชรพระราม,เพชรบุรี,4,09:00-16:00,0,0,1
เพชรพระราม,เพชรบุรี,4,16:00-19:00,0,0,1
เพชรอุทัย - ทางด่วนขั้นที่ 2,ขึ้นทางด่วนขั้นที่ 2,2,07:00-09:00,0,0,1
เพชรอุทัย - ทางด่วนขั้นที่ 2,ขึ้นทางด่วนขั้นที่ 2,2,09:00-16:00,0,0,1
เพชรอุทัย - ทางด่วนขั้นที่ 2,ขึ้นทางด่วนขั้นที่ 2,2,16:00-19:00,0,0,1
เพชรอุทัย - ทางด่วนขั้นที่ 2,พระราชดำริ,2,07:00-09:00,0,0,1
เพชรอุทัย - ทางด่วนขั้นที่ 2,พระราชดำริ,2,09:00-16:00,0,0,1
เพชรอุทัย - ทางด่วนขั้นที่ 2,พระราชดำริ,2,16:00-19:00,0,0,1
เพชรอุทัย - ทางด่วนขั้นที่ 2,เพชรอุทัย,2,07:00-09:00,0,0,1
เพชรอุทัย - ทางด่วนขั้นที่ 2,เพชรอุทัย,2,09:00-16:00,0,0,1
เพชรอุทัย - ทางด่วนขั้นที่ 2,เพชรอุทัย,2,16:00-19:00,0,0,1
เพชรอุทัย -ทางด่วนขั้นที่2,ทางด่วนขันที 2,3,07:00-09:00,1,0,0
เพชรอุทัย -ทางด่วนขั้นที่2,ทางด่วนขันที 2,3,09:00-16:00,1,0,0
เพชรอุทัย -ทางด่วนขั้นที่2,ทางด่วนขันที 2,3,16:00-19:00,1,0,0
เพชรอุทัย -ทางด่วนขั้นที่2,พระราชดำริ,3,07:00-09:00,1,0,0
เพชรอุทัย -ทางด่วนขั้นที่2,พระราชดำริ,3,09:00-16:00,1,0,0
เพชรอุทัย -ทางด่วนขั้นที่2,พระราชดำริ,3,16:00-19:00,1,0,0
เพชรอุทัย -ทางด่วนขั้นที่2,เพชรอุทัย,3,07:00-09:00,1,0,0
เพชรอุทัย -ทางด่วนขั้นที่2,เพชรอุทัย,3,09:00-16:00,1,0,0
เพชรอุทัย -ทางด่วนขั้นที่2,เพชรอุทัย,3,16:00-19:00,1,0,0
เพชรเกษม,เพชรเกษม,1,07:00-09:00,0,0,1
เพชรเกษม,เพชรเกษม,1,09:00-16:00,0,0,1
เพชรเกษม,เพชรเกษม,1,16:00-19:00,0,0,1
เพชรเกษม,เลียบใต้ทางด่วน,1,07:00-09:00,0,0,1
เพชรเกษม,เลียบใต้ทางด่วน,1,09:00-16:00,0,0,1
เพชรเกษม,ใต้ด่วนดินแดง,1,16:00-19:00,0,0,1
เพชรเกษม - พุทธมณฑลสาย 1,พุทธมณฑลสาย 1,1,07:00-09:00,0,0,2
เพชรเกษม - พุทธมณฑลสาย 1,พุทธมณฑลสาย 1,1,09:00-17:00,0,0,2
เพชรเกษม - พุทธมณฑลสาย 1,พุทธมณฑลสาย 1,1,17:00-19:00,0,0,2
เพชรเกษม - พุทธมณฑลสาย 1,พุทธมณฑลสาย 1,4,07:00-09:00,0,1,0
เพชรเกษม - พุทธมณฑลสาย 1,พุทธมณฑลสาย 1,4,09:00-16:00,0,1,0
เพชรเกษม - พุทธมณฑลสาย 1,พุทธมณฑลสาย 1,4,16:00-19:00,0,1,0
เพชรเกษม - พุทธมณฑลสาย 1,เพชรเกษม,1,07:00-09:00,0,0,2
เพชรเกษม - พุทธมณฑลสาย 1,เพชรเกษม,1,09:00-17:00,0,0,2
เพชรเกษม - พุทธมณฑลสาย 1,เพชรเกษม,1,17:00-19:00,0,0,2
เพชรเกษม - พุทธมณฑลสาย 1,เพชรเกษม,4,07:00-09:00,0,1,0
เพชรเกษม - พุทธมณฑลสาย 1,เพชรเกษม,4,09:00-16:00,0,1,0
เพชรเกษม - พุทธมณฑลสาย 1,เพชรเกษม,4,16:00-19:00,0,1,0
เพชรเกษม - ราชพฤกษ์,ราชพฤกษ์,1,07:00-09:00,0,0,1
เพชรเกษม - ราชพฤกษ์,ราชพฤกษ์,1,09:00-17:00,0,0,1
เพชรเกษม - ราชพฤกษ์,ราชพฤกษ์,1,17:00-19:00,0,0,1
เพชรเกษม - ราชพฤกษ์,ราชพฤกษ์,3,07:00-09:00,1,0,0
เพชรเกษม - ราชพฤกษ์,ราชพฤกษ์,3,09:00-16:00,1,0,0
เพชรเกษม - ราชพฤกษ์,ราชพฤกษ์,3,16:00-19:00,1,0,0
เพชรเกษม - ราชพฤกษ์,ราชพฤกษ์,4,07:00-09:00,0,1,0
เพชรเกษม - ราชพฤกษ์,ราชพฤกษ์,4,09:00-16:00,0,1,0
เพชรเกษม - ราชพฤกษ์,ราชพฤกษ์,4,16:00-19:00,0,1,0
เพชรเกษม - ราชพฤกษ์,เพชรเกษม,1,07:00-09:00,0,0,1
เพชรเกษม - ราชพฤกษ์,เพชรเกษม,1,09:00-17:00,0,0,1
เพชรเกษม - ราชพฤกษ์,เพชรเกษม,1,17:00-19:00,0,0,1
เพชรเกษม - ราชพฤกษ์,เพชรเกษม,3,07:00-09:00,1,0,0
เพชรเกษม - ราชพฤกษ์,เพชรเกษม,3,09:00-16:00,1,0,0
เพชรเกษม - ราชพฤกษ์,เพชรเกษม,3,16:00-19:00,1,0,0
เพชรเกษม - ราชพฤกษ์,เพชรเกษม,4,07:00-09:00,0,1,0
เพชรเกษม - ราชพฤกษ์,เพชรเกษม,4,09:00-16:00,0,1,0
เพชรเกษม - ราชพฤกษ์,เพชรเกษม,4,16:00-19:00,0,1,0
เพชรเกษม - เพชรเกษม 4,เพชรเกษม,2,07:00-09:00,0,0,1
เพชรเกษม - เพชรเกษม 4,เพชรเกษม,2,09:00-17:00,0,0,1
เพชรเกษม - เพชรเกษม 4,เพชรเกษม,2,17:00-19:00,0,0,1
เพชรเกษม - เพชรเกษม 4,เพชรเกษม,3,07:00-09:00,1,0,0
เพชรเกษม - เพชรเกษม 4,เพชรเกษม,3,09:00-16:00,1,0,0
เพชรเกษม - เพชรเกษม 4,เพชรเกษม,3,16:00-19:00,1,0,0
เพชรเกษม - เพชรเกษม 4,เพชรเกษม 4,2,07:00-09:00,0,0,1
เพชรเกษม - เพชรเกษม 4,เพชรเกษม 4,2,09:00-17:00,0,0,1
เพชรเกษม - เพชรเกษม 4,เพชรเกษม 4,2,17:00-19:00,0,0,1
เพชรเกษม - เพชรเกษม 86,กาญจนาภิเษก,1,07:00-09:00,0,0,1
เพชรเกษม - เพชรเกษม 86,กาญจนาภิเษก,1,09:00-17:00,0,0,1
เพชรเกษม - เพชรเกษม 86,กาญจนาภิเษก,1,17:00-19:00,0,0,1
เพชรเกษม - เพชรเกษม 86,ซอยเพชรเกษม 86,4,07:00-09:00,0,0,1
เพชรเกษม - เพชรเกษม 86,ซอยเพชรเกษม 86,4,09:00-16:00,0,0,1
เพชรเกษม - เพชรเกษม 86,ซอยเพชรเกษม 86,4,16:00-19:00,0,0,1
เพชรเกษม - เพชรเกษม 86,ถนนกาญจนาภิเษก,4,07:00-09:00,0,0,1
เพชรเกษม - เพชรเกษม 86,ถนนกาญจนาภิเษก,4,09:00-16:00,0,0,1
เพชรเกษม - เพชรเกษม 86,ถนนกาญจนาภิเษก,4,16:00-19:00,0,0,1
เพชรเกษม - เพชรเกษม 86,ถนนเพชรเกษม,4,07:00-09:00,0,0,1
เพชรเกษม - เพชรเกษม 86,ถนนเพชรเกษม,4,09:00-16:00,0,0,1
เพชรเกษม - เพชรเกษม 86,ถนนเพชรเกษม,4,16:00-19:00,0,0,1
เพชรเกษม - เพชรเกษม 86,เพชรเกษม,1,07:00-09:00,0,0,1
เพชรเกษม - เพชรเกษม 86,เพชรเกษม,1,09:00-17:00,0,0,1
เพชรเกษม - เพชรเกษม 86,เพชรเกษม,1,17:00-19:00,0,0,1
เพชรเกษม - เพชรเกษม 86,เพชรเกษม 86,1,07:00-09:00,0,0,1
เพชรเกษม - เพชรเกษม 86,เพชรเกษม 86,1,09:00-17:00,0,0,1
เพชรเกษม - เพชรเกษม 86,เพชรเกษม 86,1,17:00-19:00,0,0,1
เพชรเกษม - เลียบคลองทวีวัฒนา,เพชรเกษม,2,07:00-09:00,0,0,1
เพชรเกษม - เลียบคลองทวีวัฒนา,เพชรเกษม,2,09:00-16:00,0,0,1
เพชรเกษม - เลียบคลองทวีวัฒนา,เพชรเกษม,2,16:00-19:00,0,0,1
เพชรเกษม - เลียบคลองทวีวัฒนา,เลียบคลองทวีวัฒนา,2,07:00-09:00,0,0,1
เพชรเกษม - เลียบคลองทวีวัฒนา,เลียบคลองทวีวัฒนา,2,09:00-16:00,0,0,1
เพชรเกษม - เลียบคลองทวีวัฒนา,เลียบคลองทวีวัฒนา,2,16:00-19:00,0,0,1
เพชรเกษม -พุทธมเณฑลสาย 1,พุทธมณฑลสาย 1,3,07:00-09:00,1,0,0
เพชรเกษม -พุทธมเณฑลสาย 1,พุทธมณฑลสาย 1,3,09:00-16:00,1,0,0
เพชรเกษม -พุทธมเณฑลสาย 1,พุทธมณฑลสาย 1,3,16:00-19:00,1,0,0
เพชรเกษม -พุทธมเณฑลสาย 1,เพชเกษม,3,07:00-09:00,1,0,0
เพชรเกษม -พุทธมเณฑลสาย 1,เพชเกษม,3,09:00-16:00,1,0,0
เพชรเกษม -พุทธมเณฑลสาย 1,เพชเกษม,3,16:00-19:00,1,0,0
เพชรเกษม 116,เพชรเกษม,2,07:00-09:00,0,0,1
เพชรเกษม 116,เพชรเกษม,2,09:00-17:00,0,0,1
เพชรเกษม 116,เพชรเกษม,2,17:00-19:00,0,0,1
เพชรเกษม 116,เพชรเกษม 116,2,07:00-09:00,0,0,1
เพชรเกษม 116,เพชรเกษม 116,2,09:00-17:00,0,0,1
เพชรเกษม 116,เพชรเกษม 116,2,17:00-19:00,0,0,1
เพชรเกษม 116,เพชรเกษม 84/1,2,07:00-09:00,0,0,1
เพชรเกษม 116,เพชรเกษม 84/1,2,09:00-17:00,0,0,1
เพชรเกษม 116,เพชรเกษม 84/1,2,17:00-19:00,0,0,1
เพชรเกษม 20,ซอยเพชรเกษม 20,3,07:00-09:00,1,0,0
เพชรเกษม 20,ซอยเพชรเกษม 20,3,09:00-16:00,1,0,0
เพชรเกษม 20,ซอยเพชรเกษม 20,3,16:00-19:00,1,0,0
เพชรเกษม 20,เพชรเกษม,3,07:00-09:00,1,0,0
เพชรเกษม 20,เพชรเกษม,3,09:00-16:00,1,0,0
เพชรเกษม 20,เพชรเกษม,3,16:00-19:00,1,0,0
เพชรเกษม 45/1,เพชรเกษม,4,07:00-09:00,0,0,1
เพชรเกษม 45/1,เพชรเกษม,4,09:00-16:00,0,0,1
เพชรเกษม 45/1,เพชรเกษม,4,16:00-19:00,0,0,1
เพชรเกษม 45/1,เพชรเกษม 45/1,4,07:00-09:00,0,0,1
เพชรเกษม 45/1,เพชรเกษม 45/1,4,09:00-16:00,0,0,1
เพชรเกษม 45/1,เพชรเกษม 45/1,4,16:00-19:00,0,0,1
เพชรเกษม 69,ขอยเพชรเกษม 69,2,06:30-09:00,1,0,0
เพชรเกษม 69,ขอยเพชรเกษม 69,2,09:00-16:00,1,0,0
เพชรเกษม 69,ขอยเพชรเกษม 69,2,16:00-19:30,1,0,0
เพชรเกษม 69,ซอยเพชรเกษม 102/4,2,06:30-09:00,1,0,0
เพชรเกษม 69,ซอยเพชรเกษม 102/4,2,09:00-16:00,1,0,0
เพชรเกษม 69,ซอยเพชรเกษม 102/4,2,16:00-19:30,1,0,0
เพชรเกษม 69,ซอยเพชรเกษม 102/4,3,07:00-09:00,0,1,0
เพชรเกษม 69,ซอยเพชรเกษม 102/4,3,09:00-16:00,0,1,0
เพชรเกษม 69,ซอยเพชรเกษม 102/4,3,16:00-19:00,0,1,0
เพชรเกษม 69,ซอยเพชรเกษม 102/4,4,07:00-09:00,0,1,0
เพชรเกษม 69,ซอยเพชรเกษม 102/4,4,09:00-16:00,0,1,0
เพชรเกษม 69,ซอยเพชรเกษม 102/4,4,16:00-19:00,0,1,0
เพชรเกษม 69,ซอยเพชรเกษม 69,3,07:00-09:00,0,1,0
เพชรเกษม 69,ซอยเพชรเกษม 69,3,09:00-16:00,0,1,0
เพชรเกษม 69,ซอยเพชรเกษม 69,3,16:00-19:00,0,1,0
เพชรเกษม 69,ซอยเพชรเกษม 69,4,07:00-09:00,0,1,0
เพชรเกษม 69,ซอยเพชรเกษม 69,4,09:00-16:00,0,1,0
เพชรเกษม 69,ซอยเพชรเกษม 69,4,16:00-19:00,0,1,0
เพชรเกษม 69,เพขรเกษม,3,07:00-09:00,0,0,1
เพชรเกษม 69,เพขรเกษม,3,09:00-17:00,0,0,1
เพชรเกษม 69,เพขรเกษม,3,17:00-19:00,0,0,1
เพชรเกษม 69,เพชรเกษม,1,07:00-09:00,0,0,1
เพชรเกษม 69,เพชรเกษม,1,09:00-17:00,0,0,1
เพชรเกษม 69,เพชรเกษม,1,17:00-19:00,0,0,1
เพชรเกษม 69,เพชรเกษม,2,07:00-09:00,1,0,0
เพชรเกษม 69,เพชรเกษม,2,09:00-16:00,1,0,0
เพชรเกษม 69,เพชรเกษม,2,16:00-19:00,1,0,0
เพชรเกษม 69,เพชรเกษม,3,07:00-09:00,0,1,2
เพชรเกษม 69,เพชรเกษม,3,09:00-16:00,0,1,1
เพชรเกษม 69,เพชรเกษม,3,09:00-17:00,0,0,1
เพชรเกษม 69,เพชรเกษม,3,16:00-19:00,0,1,1
เพชรเกษม 69,เพชรเกษม,3,17:00-19:00,0,0,1
เพชรเกษม 69,เพชรเกษม,4,07:00-09:00,0,1,0
เพชรเกษม 69,เพชรเกษม,4,09:00-16:00,0,1,0
เพชรเกษม 69,เพชรเกษม,4,16:00-19:00,0,1,0
เพชรเกษม 69,เพชรเกษม 102/4,1,07:00-09:00,0,0,1
เพชรเกษม 69,เพชรเกษม 102/4,1,09:00-17:00,0,0,1
เพชรเกษม 69,เพชรเกษม 102/4,1,17:00-19:00,0,0,1
เพชรเกษม 69,เพชรเกษม 102/4,3,07:00-09:00,0,0,3
เพชรเกษม 69,เพชรเกษม 102/4,3,09:00-16:00,0,0,1
เพชรเกษม 69,เพชรเกษม 102/4,3,09:00-17:00,0,0,2
เพชรเกษม 69,เพชรเกษม 102/4,3,16:00-19:00,0,0,1
เพชรเกษม 69,เพชรเกษม 102/4,3,17:00-19:00,0,0,2
เพชรเกษม 69,เพชรเกษม 69,1,07:00-09:00,0,0,1
เพชรเกษม 69,เพชรเกษม 69,1,09:00-17:00,0,0,1
เพชรเกษม 69,เพชรเกษม 69,1,17:00-19:00,0,0,1
เพชรเกษม 69,เพชรเกษม 69,3,07:00-09:00,0,0,3
เพชรเกษม 69,เพชรเกษม 69,3,09:00-16:00,0,0,1
เพชรเกษม 69,เพชรเกษม 69,3,09:00-17:00,0,0,2
เพชรเกษม 69,เพชรเกษม 69,3,16:00-19:00,0,0,1
เพชรเกษม 69,เพชรเกษม 69,3,17:00-19:00,0,0,2
เพชรเกษม 69 - อินทราปัจ 13,อินทราปัจ 13,4,07:00-09:00,0,0,1
เพชรเกษม 69 - อินทราปัจ 13,อินทราปัจ 13,4,09:00-16:00,0,0,1
เพชรเกษม 69 - อินทราปัจ 13,อินทราปัจ 13,4,16:00-19:00,0,0,1
เพชรเกษม 69 - อินทราปัจ 13,เพชรเกษม 69,4,07:00-09:00,0,0,1
เพชรเกษม 69 - อินทราปัจ 13,เพชรเกษม 69,4,09:00-16:00,0,0,1
เพชรเกษม 69 - อินทราปัจ 13,เพชรเกษม 69,4,16:00-19:00,0,0,1
เพชรเกษม 69 - อินทราปัจ 13,เลียบคลองภาษีเจริญฝั่งเหนือ,4,07:00-09:00,0,0,1
เพชรเกษม 69 - อินทราปัจ 13,เลียบคลองภาษีเจริญฝั่งเหนือ,4,09:00-16:00,0,0,1
เพชรเกษม 69 - อินทราปัจ 13,เลียบคลองภาษีเจริญฝั่งเหนือ,4,16:00-19:00,0,0,1
เพชรเกษม 81,ขอยเพชรเกษม 81,3,06:30-09:00,1,0,0
เพชรเกษม 81,ขอยเพชรเกษม 81,3,09:00-16:00,1,0,0
เพชรเกษม 81,ขอยเพชรเกษม 81,3,16:00-19:30,1,0,0
เพชรเกษม 81,เพชรเกษม,1,07:00-09:00,0,0,1
เพชรเกษม 81,เพชรเกษม,1,09:00-17:00,0,0,1
เพชรเกษม 81,เพชรเกษม,1,17:00-19:00,0,0,1
เพชรเกษม 81,เพชรเกษม,2,07:00-09:00,0,1,0
เพชรเกษม 81,เพชรเกษม,2,09:00-16:00,0,1,0
เพชรเกษม 81,เพชรเกษม,2,16:00-19:00,0,1,0
เพชรเกษม 81,เพชรเกษม,3,06:30-09:00,1,0,0
เพชรเกษม 81,เพชรเกษม,3,07:00-09:00,0,0,2
เพชรเกษม 81,เพชรเกษม,3,09:00-16:00,1,0,1
เพชรเกษม 81,เพชรเกษม,3,09:00-17:00,0,0,1
เพชรเกษม 81,เพชรเกษม,3,16:00-19:00,0,0,1
เพชรเกษม 81,เพชรเกษม,3,16:00-19:30,1,0,0
เพชรเกษม 81,เพชรเกษม,3,17:00-19:00,0,0,1
เพชรเกษม 81,เพชรเกษม 81,1,07:00-09:00,0,0,1
เพชรเกษม 81,เพชรเกษม 81,1,09:00-17:00,0,0,1
เพชรเกษม 81,เพชรเกษม 81,1,17:00-19:00,0,0,1
เพชรเกษม 81,เพชรเกษม 81,2,07:00-09:00,0,1,0
เพชรเกษม 81,เพชรเกษม 81,2,09:00-16:00,0,1,0
เพชรเกษม 81,เพชรเกษม 81,2,16:00-19:00,0,1,0
เพชรเกษม 81,เพชรเกษม 81,3,07:00-09:00,0,0,2
เพชรเกษม 81,เพชรเกษม 81,3,09:00-16:00,0,0,1
เพชรเกษม 81,เพชรเกษม 81,3,09:00-17:00,0,0,1
เพชรเกษม 81,เพชรเกษม 81,3,16:00-19:00,0,0,1
เพชรเกษม 81,เพชรเกษม 81,3,17:00-19:00,0,0,1
เพลินจิต,วิทยุ,1,07:00-09:00,0,1,1
เพลินจิต,วิทยุ,1,09:00-16:00,0,1,0
เพลินจิต,วิทยุ,1,09:00-17:00,0,0,1
เพลินจิต,วิทยุ,1,16:00-19:00,0,1,0
เพลินจิต,วิทยุ,1,17:00-19:00,0,0,1
เพลินจิต,วิทยุ,2,07:00-09:00,1,0,0
เพลินจิต,วิทยุ,2,09:00-16:00,1,0,0
เพลินจิต,วิทยุ,2,16:00-19:00,1,0,0
เพลินจิต,วิทยุ,3,07:00-09:00,1,0,1
เพลินจิต,วิทยุ,3,09:00-16:00,1,0,0
เพลินจิต,วิทยุ,3,09:00-17:00,0,0,1
เพลินจิต,วิทยุ,3,16:00-19:00,1,0,0
เพลินจิต,วิทยุ,3,17:00-19:00,0,0,1
เพลินจิต,วิทยุ,4,07:00-09:00,0,0,1
เพลินจิต,วิทยุ,4,09:00-17:00,0,0,1
เพลินจิต,วิทยุ,4,17:00-19:00,0,0,1
เพลินจิต,เพลินจิต,1,07:00-09:00,0,1,1
เพลินจิต,เพลินจิต,1,09:00-16:00,0,1,0
เพลินจิต,เพลินจิต,1,09:00-17:00,0,0,1
เพลินจิต,เพลินจิต,1,16:00-19:00,0,1,0
เพลินจิต,เพลินจิต,1,17:00-19:00,0,0,1
เพลินจิต,เพลินจิต,2,07:00-09:00,1,0,0
เพลินจิต,เพลินจิต,2,09:00-16:00,1,0,0
เพลินจิต,เพลินจิต,2,16:00-19:00,1,0,0
เพลินจิต,เพลินจิต,3,07:00-09:00,1,0,1
เพลินจิต,เพลินจิต,3,09:00-16:00,1,0,0
เพลินจิต,เพลินจิต,3,09:00-17:00,0,0,1
เพลินจิต,เพลินจิต,3,16:00-19:00,1,0,0
เพลินจิต,เพลินจิต,3,17:00-19:00,0,0,1
เพลินจิต,เพลินจิต,4,07:00-09:00,0,0,1
เพลินจิต,เพลินจิต,4,09:00-17:00,0,0,1
เพลินจิต,เพลินจิต,4,17:00-19:00,0,0,1
เพิ่มสิน,ซอยเพิ่มสิน 47,2,06:30-09:00,0,1,0
เพิ่มสิน,ซอยเพิ่มสิน 47,2,09:00-16:00,0,1,0
เพิ่มสิน,ซอยเพิ่มสิน 47,2,16:00-19:30,0,1,0
เพิ่มสิน,เพิ่มสิน,2,07:00-09:00,0,1,0
เพิ่มสิน,เพิ่มสิน,2,09:00-16:00,0,1,0
เพิ่มสิน,เพิ่มสิน,2,16:00-19:00,0,1,0
เฟื่องนคร - พระยาศรี,เฟื่องนคร,3,07:00-09:00,0,1,0
เฟื่องนคร - พระยาศรี,เฟื่องนคร,3,09:00-16:00,0,1,0
เฟื่องนคร - พระยาศรี,เฟื่องนคร,3,16:00-19:00,0,1,0
เฟื่องนคร - ราชบพิธ,ราชบพิธ,3,07:00-09:00,0,1,0
เฟื่องนคร - ราชบพิธ,ราชบพิธ,3,09:00-16:00,0,1,0
เฟื่องนคร - ราชบพิธ,ราชบพิธ,3,16:00-19:00,0,1,0
เฟื่องนคร - ราชบพิธ,เฟื่องนคร,3,07:00-09:00,0,1,0
เฟื่องนคร - ราชบพิธ,เฟื่องนคร,3,09:00-16:00,0,1,0
เฟื่องนคร - ราชบพิธ,เฟื่องนคร,3,16:00-19:00,0,1,0
เมอรี่คิงส์,ถนนจักรเพชร,1,07:00-09:00,0,0,1
เมอรี่คิงส์,ถนนจักรเพชร,1,09:00-17:00,0,0,1
เมอรี่คิงส์,ถนนจักรเพชร,1,17:00-19:00,0,0,1
เมอรี่คิงส์,ถนนเยาวราช,1,07:00-09:00,0,0,1
เมอรี่คิงส์,ถนนเยาวราช,1,09:00-17:00,0,0,1
เมอรี่คิงส์,ถนนเยาวราช,1,17:00-19:00,0,0,1
เมอร์รี่คิงส์,จักรเพชร,4,07:00-09:00,0,1,0
เมอร์รี่คิงส์,จักรเพชร,4,09:00-16:00,0,1,0
เมอร์รี่คิงส์,จักรเพชร,4,16:00-19:00,0,1,0
เมอร์รี่คิงส์,เยาวราช,4,07:00-09:00,0,1,0
เมอร์รี่คิงส์,เยาวราช,4,09:00-16:00,0,1,0
เมอร์รี่คิงส์,เยาวราช,4,16:00-19:00,0,1,0
เมืองมีน,รามอินทรา,4,07:00-09:00,0,1,1
เมืองมีน,รามอินทรา,4,09:00-16:00,0,1,0
เมืองมีน,รามอินทรา,4,09:00-17:00,0,0,1
เมืองมีน,รามอินทรา,4,16:00-19:00,0,1,0
เมืองมีน,รามอินทรา,4,17:00-19:00,0,0,1
เมืองมีน,สีหบุรานุกิจ,4,07:00-09:00,0,1,1
เมืองมีน,สีหบุรานุกิจ,4,09:00-16:00,0,1,0
เมืองมีน,สีหบุรานุกิจ,4,09:00-17:00,0,0,1
เมืองมีน,สีหบุรานุกิจ,4,16:00-19:00,0,1,0
เมืองมีน,สีหบุรานุกิจ,4,17:00-19:00,0,0,1
เมืองมีน,สุวินทวงศ์,4,07:00-09:00,0,1,1
เมืองมีน,สุวินทวงศ์,4,09:00-16:00,0,1,0
เมืองมีน,สุวินทวงศ์,4,09:00-17:00,0,0,1
เมืองมีน,สุวินทวงศ์,4,16:00-19:00,0,1,0
เมืองมีน,สุวินทวงศ์,4,17:00-19:00,0,0,1
เมืองมีน,เสรีไทย,4,07:00-09:00,0,1,1
เมืองมีน,เสรีไทย,4,09:00-16:00,0,1,0
เมืองมีน,เสรีไทย,4,09:00-17:00,0,0,1
เมืองมีน,เสรีไทย,4,16:00-19:00,0,1,0
เมืองมีน,เสรีไทย,4,17:00-19:00,0,0,1
เยาวราช - ผดุงด้าว,ผดุงด้าว,4,07:00-09:00,0,1,0
เยาวราช - ผดุงด้าว,ผดุงด้าว,4,09:00-16:00,0,1,0
เยาวราช - ผดุงด้าว,ผดุงด้าว,4,16:00-19:00,0,1,0
เยาวราช - ผดุงด้าว,เยาวราช,4,07:00-09:00,0,1,0
เยาวราช - ผดุงด้าว,เยาวราช,4,09:00-16:00,0,1,0
เยาวราช - ผดุงด้าว,เยาวราช,4,16:00-19:00,0,1,0
เยาวราช - มหาจักร,มหาจักร,4,07:00-09:00,0,1,0
เยาวราช - มหาจักร,มหาจักร,4,09:00-16:00,0,1,0
เยาวราช - มหาจักร,มหาจักร,4,16:00-19:00,0,1,0
เยาวราช - มหาจักร,เยาวราช,4,07:00-09:00,0,1,0
เยาวราช - มหาจักร,เยาวราช,4,09:00-16:00,0,1,0
เยาวราช - มหาจักร,เยาวราช,4,16:00-19:00,0,1,0
เยาวราช - มังกร,มังกร,4,07:00-09:00,0,1,0
เยาวราช - มังกร,มังกร,4,09:00-16:00,0,1,0
เยาวราช - มังกร,มังกร,4,16:00-19:00,0,1,0
เยาวราช - มังกร,เยาวราช,4,07:00-09:00,0,1,0
เยาวราช - มังกร,เยาวราช,4,09:00-16:00,0,1,0
เยาวราช - มังกร,เยาวราช,4,16:00-19:00,0,1,0
เยาวราช - อิสรานุภาพ,อิสรานุภาพ,4,07:00-09:00,0,1,0
เยาวราช - อิสรานุภาพ,อิสรานุภาพ,4,09:00-16:00,0,1,0
เยาวราช - อิสรานุภาพ,อิสรานุภาพ,4,16:00-19:00,0,1,0
เยาวราช - อิสรานุภาพ,เยาวราช,4,07:00-09:00,0,1,0
เยาวราช - อิสรานุภาพ,เยาวราช,4,09:00-16:00,0,1,0
เยาวราช - อิสรานุภาพ,เยาวราช,4,16:00-19:00,0,1,0
เยาวราช - แปลงนาม,เยาวราช,4,07:00-09:00,0,1,0
เยาวราช - แปลงนาม,เยาวราช,4,09:00-16:00,0,1,0
เยาวราช - แปลงนาม,เยาวราช,4,16:00-19:00,0,1,0
เย็นอากาศ,จันทน์,2,07:00-09:00,0,0,1
เย็นอากาศ,จันทน์,2,09:00-17:00,0,0,1
เย็นอากาศ,จันทน์,2,17:00-19:00,0,0,1
เย็นอากาศ,จันทน์,3,07:00-09:00,0,0,1
เย็นอากาศ,จันทน์,3,09:00-17:00,0,0,1
เย็นอากาศ,จันทน์,3,17:00-19:00,0,0,1
เย็นอากาศ,นางลิ้นจี่,2,07:00-09:00,0,0,1
เย็นอากาศ,นางลิ้นจี่,2,09:00-17:00,0,0,1
เย็นอากาศ,นางลิ้นจี่,2,17:00-19:00,0,0,1
เย็นอากาศ,นางลิ้นจี่,3,07:00-09:00,0,0,1
เย็นอากาศ,นางลิ้นจี่,3,09:00-17:00,0,0,1
เย็นอากาศ,นางลิ้นจี่,3,17:00-19:00,0,0,1
เย็นอากาศ,เย็นอากาศ,2,07:00-09:00,0,0,1
เย็นอากาศ,เย็นอากาศ,2,09:00-17:00,0,0,1
เย็นอากาศ,เย็นอากาศ,2,17:00-19:00,0,0,1
เย็นอากาศ,เย็นอากาศ,3,07:00-09:00,0,0,1
เย็นอากาศ,เย็นอากาศ,3,09:00-17:00,0,0,1
เย็นอากาศ,เย็นอากาศ,3,17:00-19:00,0,0,1
เย็นอากาศ - ศรีบำเพ็ญ,ศรีบำเพ็ญ,3,07:00-09:00,0,0,1
เย็นอากาศ - ศรีบำเพ็ญ,ศรีบำเพ็ญ,3,09:00-17:00,0,0,1
เย็นอากาศ - ศรีบำเพ็ญ,ศรีบำเพ็ญ,3,17:00-19:00,0,0,1
เย็นอากาศ - ศรีบำเพ็ญ,เย็นอากาศ,3,07:00-09:00,0,0,1
เย็นอากาศ - ศรีบำเพ็ญ,เย็นอากาศ,3,09:00-17:00,0,0,1
เย็นอากาศ - ศรีบำเพ็ญ,เย็นอากาศ,3,17:00-19:00,0,0,1
เรือนจำ,มหาไชย,2,07:00-09:00,0,1,0
เรือนจำ,มหาไชย,2,09:00-16:00,0,1,0
เรือนจำ,มหาไชย,2,16:00-19:00,0,1,0
เรือนจำ,หลวง,2,07:00-09:00,0,1,0
เรือนจำ,หลวง,2,09:00-16:00,0,1,0
เรือนจำ,หลวง,2,16:00-19:00,0,1,0
เลียบคลองประปา - ซ.ย่านิ่มพัฒนา,ย่านิ่มพัฒนา,2,07:00-09:00,0,0,1
เลียบคลองประปา - ซ.ย่านิ่มพัฒนา,ย่านิ่มพัฒนา,2,09:00-17:00,0,0,1
เลียบคลองประปา - ซ.ย่านิ่มพัฒนา,ย่านิ่มพัฒนา,2,17:00-19:00,0,0,1
เลียบคลองประปา - ซ.ย่านิ่มพัฒนา,เลียบคลองประปา,2,07:00-09:00,0,0,1
เลียบคลองประปา - ซ.ย่านิ่มพัฒนา,เลียบคลองประปา,2,09:00-17:00,0,0,1
เลียบคลองประปา - ซ.ย่านิ่มพัฒนา,เลียบคลองประปา,2,17:00-19:00,0,0,1
เลียบคลองประปา - ซ.หมู่บ้านสวนพงษ์เพชร 7,หมู่บ้านสวนพงษ์เพชร 7,2,07:00-09:00,0,0,1
เลียบคลองประปา - ซ.หมู่บ้านสวนพงษ์เพชร 7,หมู่บ้านสวนพงษ์เพชร 7,2,09:00-17:00,0,0,1
เลียบคลองประปา - ซ.หมู่บ้านสวนพงษ์เพชร 7,หมู่บ้านสวนพงษ์เพชร 7,2,17:00-19:00,0,0,1
เลียบคลองประปา - ซ.หมู่บ้านสวนพงษ์เพชร 7,เลียบคลองประปา,2,07:00-09:00,0,0,1
เลียบคลองประปา - ซ.หมู่บ้านสวนพงษ์เพชร 7,เลียบคลองประปา,2,09:00-17:00,0,0,1
เลียบคลองประปา - ซ.หมู่บ้านสวนพงษ์เพชร 7,เลียบคลองประปา,2,17:00-19:00,0,0,1
เลียบคลองประปาฝั่งตะวันออก,เลียบคลองประปาฝั่งตะวันออก,1,07:00-09:00,0,0,1
เลียบคลองประปาฝั่งตะวันออก,เลียบคลองประปาฝั่งตะวันออก,1,09:00-17:00,0,0,1
เลียบคลองประปาฝั่งตะวันออก,เลียบคลองประปาฝั่งตะวันออก,1,17:00-19:00,0,0,1
เลียบคลองประปาฝั่งตะวันออก,แจ้งวัฒนะ,1,07:00-09:00,0,0,1
เลียบคลองประปาฝั่งตะวันออก,แจ้งวัฒนะ,1,09:00-17:00,0,0,1
เลียบคลองประปาฝั่งตะวันออก,แจ้งวัฒนะ,1,17:00-19:00,0,0,1
เลียบคลองประปาฝั่งตะวันออก - ซ.ส่วนบุคคล (หลังโลตัส),เลียบคลองประปาฝั่งตะวันออก,2,07:00-09:00,0,0,1
เลียบคลองประปาฝั่งตะวันออก - ซ.ส่วนบุคคล (หลังโลตัส),เลียบคลองประปาฝั่งตะวันออก,2,09:00-17:00,0,0,1
เลียบคลองประปาฝั่งตะวันออก - ซ.ส่วนบุคคล (หลังโลตัส),เลียบคลองประปาฝั่งตะวันออก,2,17:00-19:00,0,0,1
เลียบคลองภาษีเจริญฝั่งเหนือ - เพชรเกษม 81,เพชรเกษม 81,1,07:00-09:00,0,0,1
เลียบคลองภาษีเจริญฝั่งเหนือ - เพชรเกษม 81,เพชรเกษม 81,1,09:00-17:00,0,0,1
เลียบคลองภาษีเจริญฝั่งเหนือ - เพชรเกษม 81,เพชรเกษม 81,1,17:00-19:00,0,0,1
เลียบคลองภาษีเจริญฝั่งเหนือ - เพชรเกษม 81,เพชรเกษม 81,4,07:00-09:00,0,0,1
เลียบคลองภาษีเจริญฝั่งเหนือ - เพชรเกษม 81,เพชรเกษม 81,4,09:00-17:00,0,0,1
เลียบคลองภาษีเจริญฝั่งเหนือ - เพชรเกษม 81,เพชรเกษม 81,4,17:00-19:00,0,0,1
เลียบคลองภาษีเจริญฝั่งเหนือ - เพชรเกษม 81,เลียบคลองภาษีเจริญฝั่งเหนือ,1,07:00-09:00,0,0,1
เลียบคลองภาษีเจริญฝั่งเหนือ - เพชรเกษม 81,เลียบคลองภาษีเจริญฝั่งเหนือ,1,09:00-17:00,0,0,1
เลียบคลองภาษีเจริญฝั่งเหนือ - เพชรเกษม 81,เลียบคลองภาษีเจริญฝั่งเหนือ,1,17:00-19:00,0,0,1
เลียบคลองภาษีเจริญฝั่งเหนือ - เพชรเกษม 81,เลียบคลองภาษีเจริญฝั่งเหนือ,4,07:00-09:00,0,0,1
เลียบคลองภาษีเจริญฝั่งเหนือ - เพชรเกษม 81,เลียบคลองภาษีเจริญฝั่งเหนือ,4,09:00-17:00,0,0,1
เลียบคลองภาษีเจริญฝั่งเหนือ - เพชรเกษม 81,เลียบคลองภาษีเจริญฝั่งเหนือ,4,17:00-19:00,0,0,1
เลียบคลองภาษีเจริญฝั่งเหนือ 9,เลียบคลองภาษีเจริญฝั่งเหนือ,2,07:00-09:00,0,0,1
เลียบคลองภาษีเจริญฝั่งเหนือ 9,เลียบคลองภาษีเจริญฝั่งเหนือ,2,09:00-17:00,0,0,1
เลียบคลองภาษีเจริญฝั่งเหนือ 9,เลียบคลองภาษีเจริญฝั่งเหนือ,2,17:00-19:00,0,0,1
เลียบคลองภาษีเจริญฝั่งใต้ - เพชรเกษม 69,สวนจำปี,3,07:00-09:00,0,0,1
เลียบคลองภาษีเจริญฝั่งใต้ - เพชรเกษม 69,สวนจำปี,3,09:00-17:00,0,0,1
เลียบคลองภาษีเจริญฝั่งใต้ - เพชรเกษม 69,สวนจำปี,3,17:00-19:00,0,0,1
เลียบคลองภาษีเจริญฝั่งใต้ - เพชรเกษม 69,เพชรเกษม 69,3,07:00-09:00,0,0,1
เลียบคลองภาษีเจริญฝั่งใต้ - เพชรเกษม 69,เพชรเกษม 69,3,09:00-17:00,0,0,1
เลียบคลองภาษีเจริญฝั่งใต้ - เพชรเกษม 69,เพชรเกษม 69,3,17:00-19:00,0,0,1
เลียบคลองภาษีเจริญฝั่งใต้ - เพชรเกษม 69,เลียบคลองภาษีเจริญฝั่งใต้,3,07:00-09:00,0,0,1
เลียบคลองภาษีเจริญฝั่งใต้ - เพชรเกษม 69,เลียบคลองภาษีเจริญฝั่งใต้,3,09:00-17:00,0,0,1
เลียบคลองภาษีเจริญฝั่งใต้ - เพชรเกษม 69,เลียบคลองภาษีเจริญฝั่งใต้,3,17:00-19:00,0,0,1
เลียบคลองภาษีเจริญฝั่งใต้ 6,เลียบคลองภาษีเจริญฝั่งใต้,1,07:00-09:00,0,0,1
เลียบคลองภาษีเจริญฝั่งใต้ 6,เลียบคลองภาษีเจริญฝั่งใต้,1,09:00-17:00,0,0,1
เลียบคลองภาษีเจริญฝั่งใต้ 6,เลียบคลองภาษีเจริญฝั่งใต้,1,17:00-19:00,0,0,1
เลียบคลองภาษีเจริญฝั่งใต้ 6,เลียบคลองภาษีเจริญฝั่งใต้ 6,1,07:00-09:00,0,0,1
เลียบคลองภาษีเจริญฝั่งใต้ 6,เลียบคลองภาษีเจริญฝั่งใต้ 6,1,09:00-17:00,0,0,1
เลียบคลองภาษีเจริญฝั่งใต้ 6,เลียบคลองภาษีเจริญฝั่งใต้ 6,1,17:00-19:00,0,0,1
เลียบคลองภาษีเจริญฝั่งใต้- เพชรเกษม 69,สวนจำปี,1,07:00-09:00,0,0,1
เลียบคลองภาษีเจริญฝั่งใต้- เพชรเกษม 69,สวนจำปี,1,09:00-17:00,0,0,1
เลียบคลองภาษีเจริญฝั่งใต้- เพชรเกษม 69,สวนจำปี,1,17:00-19:00,0,0,1
เลียบคลองภาษีเจริญฝั่งใต้- เพชรเกษม 69,เพชรเกษม 69,1,07:00-09:00,0,0,1
เลียบคลองภาษีเจริญฝั่งใต้- เพชรเกษม 69,เพชรเกษม 69,1,09:00-17:00,0,0,1
เลียบคลองภาษีเจริญฝั่งใต้- เพชรเกษม 69,เพชรเกษม 69,1,17:00-19:00,0,0,1
เลียบคลองภาษีเจริญฝั่งใต้- เพชรเกษม 69,เลียบคลองภาษีเจริญฝั่งใต้,1,07:00-09:00,0,0,1
เลียบคลองภาษีเจริญฝั่งใต้- เพชรเกษม 69,เลียบคลองภาษีเจริญฝั่งใต้,1,09:00-17:00,0,0,1
เลียบคลองภาษีเจริญฝั่งใต้- เพชรเกษม 69,เลียบคลองภาษีเจริญฝั่งใต้,1,17:00-19:00,0,0,1
เลียบด่วนกาญจนาภิเษก - ใต้ทางด่วน (จุดที่ 1),เลียบด่วนกาญจนาภิเษก,3,07:00-09:00,0,0,1
เลียบด่วนกาญจนาภิเษก - ใต้ทางด่วน (จุดที่ 1),เลียบด่วนกาญจนาภิเษก,3,09:00-16:00,0,0,1
เลียบด่วนกาญจนาภิเษก - ใต้ทางด่วน (จุดที่ 1),เลียบด่วนกาญจนาภิเษก,3,16:00-19:00,0,0,1
เลียบด่วนกาญจนาภิเษก - ใต้ทางด่วน (จุดที่ 1),ใต้ทางด่วน,3,07:00-09:00,0,0,1
เลียบด่วนกาญจนาภิเษก - ใต้ทางด่วน (จุดที่ 1),ใต้ทางด่วน,3,09:00-16:00,0,0,1
เลียบด่วนกาญจนาภิเษก - ใต้ทางด่วน (จุดที่ 1),ใต้ทางด่วน,3,16:00-19:00,0,0,1
เลียบด่วนกาญจนาภิเษก - ใต้ทางด่วน (จุดที่2),เลียบด่วนกาญจนาภิเษก,3,07:00-09:00,0,0,1
เลียบด่วนกาญจนาภิเษก - ใต้ทางด่วน (จุดที่2),เลียบด่วนกาญจนาภิเษก,3,09:00-16:00,0,0,1
เลียบด่วนกาญจนาภิเษก - ใต้ทางด่วน (จุดที่2),เลียบด่วนกาญจนาภิเษก,3,16:00-19:00,0,0,1
เลียบด่วนกาญจนาภิเษก - ใต้ทางด่วน (จุดที่2),ใต้ทางด่วน,3,07:00-09:00,0,0,1
เลียบด่วนกาญจนาภิเษก - ใต้ทางด่วน (จุดที่2),ใต้ทางด่วน,3,09:00-16:00,0,0,1
เลียบด่วนกาญจนาภิเษก - ใต้ทางด่วน (จุดที่2),ใต้ทางด่วน,3,16:00-19:00,0,0,1
เลียบทางรถไฟสายใต้ - ฉิมพลี,ฉิมพลี,3,07:00-09:00,0,0,1
เลียบทางรถไฟสายใต้ - ฉิมพลี,ฉิมพลี,3,09:00-17:00,0,0,1
เลียบทางรถไฟสายใต้ - ฉิมพลี,ฉิมพลี,3,17:00-19:00,0,0,1
เลียบทางรถไฟสายใต้ - ฉิมพลี,เลียบทางรถไฟสายใต้,3,07:00-09:00,0,0,1
เลียบทางรถไฟสายใต้ - ฉิมพลี,เลียบทางรถไฟสายใต้,3,09:00-17:00,0,0,1
เลียบทางรถไฟสายใต้ - ฉิมพลี,เลียบทางรถไฟสายใต้,3,17:00-19:00,0,0,1
เลียบทางรถไฟสายใต้ - เอราวัณ ปาร์ค อเวนิว,เลียบทางรถไฟสายใต้,1,07:00-09:00,0,0,1
เลียบทางรถไฟสายใต้ - เอราวัณ ปาร์ค อเวนิว,เลียบทางรถไฟสายใต้,1,09:00-17:00,0,0,1
เลียบทางรถไฟสายใต้ - เอราวัณ ปาร์ค อเวนิว,เลียบทางรถไฟสายใต้,1,17:00-19:00,0,0,1
เลียบทางรถไฟสายใต้ - เอราวัณ ปาร์ค อเวนิว,เอราวัณ ปาร์ค อเวนิว,1,07:00-09:00,0,0,1
เลียบทางรถไฟสายใต้ - เอราวัณ ปาร์ค อเวนิว,เอราวัณ ปาร์ค อเวนิว,1,09:00-17:00,0,0,1
เลียบทางรถไฟสายใต้ - เอราวัณ ปาร์ค อเวนิว,เอราวัณ ปาร์ค อเวนิว,1,17:00-19:00,0,0,1
เลียบทางรถไฟสายใต้ - เอราวัณ ปาร์คอเวนิว,เลียบทางรถไฟสายใต้,3,07:00-09:00,0,0,1
เลียบทางรถไฟสายใต้ - เอราวัณ ปาร์คอเวนิว,เลียบทางรถไฟสายใต้,3,09:00-17:00,0,0,1
เลียบทางรถไฟสายใต้ - เอราวัณ ปาร์คอเวนิว,เลียบทางรถไฟสายใต้,3,17:00-19:00,0,0,1
เลียบทางรถไฟสายใต้ - เอราวัณ ปาร์คอเวนิว,เอราวัณ ปาร์ค อเวนิว,3,07:00-09:00,0,0,1
เลียบทางรถไฟสายใต้ - เอราวัณ ปาร์คอเวนิว,เอราวัณ ปาร์ค อเวนิว,3,09:00-17:00,0,0,1
เลียบทางรถไฟสายใต้ - เอราวัณ ปาร์คอเวนิว,เอราวัณ ปาร์ค อเวนิว,3,17:00-19:00,0,0,1
เลียบวารี - ซ.มิตรไมตรี 23,มิตรไมตรี 23,2,07:00-09:00,0,0,1
เลียบวารี - ซ.มิตรไมตรี 23,มิตรไมตรี 23,2,09:00-17:00,0,0,1
เลียบวารี - ซ.มิตรไมตรี 23,มิตรไมตรี 23,2,17:00-19:00,0,0,1
เลียบวารี - ซ.มิตรไมตรี 23,เลียบวารี,2,07:00-09:00,0,0,1
เลียบวารี - ซ.มิตรไมตรี 23,เลียบวารี,2,09:00-17:00,0,0,1
เลียบวารี - ซ.มิตรไมตรี 23,เลียบวารี,2,17:00-19:00,0,0,1
เลียบวารี - เลียบวารี 2,เลียบวารี,3,07:00-09:00,0,0,1
เลียบวารี - เลียบวารี 2,เลียบวารี,3,09:00-16:00,0,0,1
เลียบวารี - เลียบวารี 2,เลียบวารี,3,16:00-19:00,0,0,1
เลียบวารี - เลียบวารี 2,เลียบวารี 2,3,07:00-09:00,0,0,1
เลียบวารี - เลียบวารี 2,เลียบวารี 2,3,09:00-16:00,0,0,1
เลียบวารี - เลียบวารี 2,เลียบวารี 2,3,16:00-19:00,0,0,1
เลียบวารี - เลียบวารี 8,เลียบวารี,3,07:00-09:00,0,0,1
เลียบวารี - เลียบวารี 8,เลียบวารี,3,09:00-16:00,0,0,1
เลียบวารี - เลียบวารี 8,เลียบวารี,3,16:00-19:00,0,0,1
เลียบวารี - เลียบวารี 8,เลียบวารี 8,3,07:00-09:00,0,0,1
เลียบวารี - เลียบวารี 8,เลียบวารี 8,3,09:00-16:00,0,0,1
เลียบวารี - เลียบวารี 8,เลียบวารี 8,3,16:00-19:00,0,0,1
เลียบวารี 11,เลียบวารี,4,07:00-09:00,0,0,1
เลียบวารี 11,เลียบวารี,4,09:00-17:00,0,0,1
เลียบวารี 11,เลียบวารี,4,17:00-19:00,0,0,1
เลียบวารี 59,เลียบวารี,1,07:00-09:00,0,0,1
เลียบวารี 59,เลียบวารี,1,09:00-16:00,0,0,1
เลียบวารี 59,เลียบวารี,1,16:00-19:00,0,0,1
เลียบวารี- เชื่อมสัมพันธ์,ประชาสำราญ,2,07:00-09:00,1,0,0
เลียบวารี- เชื่อมสัมพันธ์,ประชาสำราญ,2,09:00-16:00,1,0,0
เลียบวารี- เชื่อมสัมพันธ์,ประชาสำราญ,2,16:00-19:00,1,0,0
เลียบวารี- เชื่อมสัมพันธ์,สังฆสันติสุข,2,07:00-09:00,1,0,0
เลียบวารี- เชื่อมสัมพันธ์,สังฆสันติสุข,2,09:00-16:00,1,0,0
เลียบวารี- เชื่อมสัมพันธ์,สังฆสันติสุข,2,16:00-19:00,1,0,0
เลียบวารี- เชื่อมสัมพันธ์,เชื่อมสัมพันธ์,2,07:00-09:00,1,0,0
เลียบวารี- เชื่อมสัมพันธ์,เชื่อมสัมพันธ์,2,09:00-16:00,1,0,0
เลียบวารี- เชื่อมสัมพันธ์,เชื่อมสัมพันธ์,2,16:00-19:00,1,0,0
เลียบวารี- เชื่อมสัมพันธ์,เลียบวารี,2,07:00-09:00,1,0,0
เลียบวารี- เชื่อมสัมพันธ์,เลียบวารี,2,09:00-16:00,1,0,0
เลียบวารี- เชื่อมสัมพันธ์,เลียบวารี,2,16:00-19:00,1,0,0
เศรษฐกศิริ,เทอดดำริ,4,06:30-09:00,1,0,0
เศรษฐกศิริ,เทอดดำริ,4,09:00-16:00,1,0,0
เศรษฐกศิริ,เทอดดำริ,4,16:00-19:30,1,0,0
เศรษฐกศิริ,เศรษฐศิริ,4,07:00-09:00,1,0,0
เศรษฐกศิริ,เศรษฐศิริ,4,09:00-16:00,1,0,0
เศรษฐกศิริ,เศรษฐศิริ,4,16:00-19:00,1,0,0
เศรษฐศิริ,ทางขึ้นลงทางด่วน,4,07:00-09:00,0,1,0
เศรษฐศิริ,ทางขึ้นลงทางด่วน,4,09:00-16:00,0,1,0
เศรษฐศิริ,ทางขึ้นลงทางด่วน,4,16:00-19:00,0,1,0
เศรษฐศิริ,พระรามที่ 6,4,07:00-09:00,0,1,0
เศรษฐศิริ,พระรามที่ 6,4,09:00-16:00,0,1,0
เศรษฐศิริ,พระรามที่ 6,4,16:00-19:00,0,1,0
เศรษฐศิริ,เทอดดำริ,1,07:00-09:00,0,1,0
เศรษฐศิริ,เทอดดำริ,1,09:00-16:00,0,1,0
เศรษฐศิริ,เทอดดำริ,1,16:00-19:00,0,1,0
เศรษฐศิริ,เทอดดำริ,3,07:00-09:00,0,0,1
เศรษฐศิริ,เทอดดำริ,3,09:00-17:00,0,0,1
เศรษฐศิริ,เทอดดำริ,3,17:00-19:00,0,0,1
เศรษฐศิริ,เทอดดำริ,4,07:00-09:00,1,0,0
เศรษฐศิริ,เทอดดำริ,4,09:00-16:00,1,0,0
เศรษฐศิริ,เทอดดำริ,4,16:00-19:00,1,0,0
เศรษฐศิริ,เศรษฐศิริ,1,07:00-09:00,0,1,0
เศรษฐศิริ,เศรษฐศิริ,1,09:00-16:00,0,1,0
เศรษฐศิริ,เศรษฐศิริ,1,16:00-19:00,0,1,0
เศรษฐศิริ,เศรษฐศิริ,3,07:00-09:00,0,0,1
เศรษฐศิริ,เศรษฐศิริ,3,09:00-17:00,0,0,1
เศรษฐศิริ,เศรษฐศิริ,3,17:00-19:00,0,0,1
เศรษฐศิริ,เศรษฐศิริ,4,07:00-09:00,1,1,0
เศรษฐศิริ,เศรษฐศิริ,4,09:00-16:00,1,1,0
เศรษฐศิริ,เศรษฐศิริ,4,16:00-19:00,1,1,0
เสนาคม,พหลโยธิน,2,07:00-09:00,0,0,1
เสนาคม,พหลโยธิน,2,09:00-16:00,0,0,1
เสนาคม,พหลโยธิน,2,16:00-19:00,0,0,1
เสนาคม,เสนานิคม,2,07:00-09:00,0,0,1
เสนาคม,เสนานิคม,2,09:00-16:00,0,0,1
เสนาคม,เสนานิคม,2,16:00-19:00,0,0,1
เสนานิคม,ซอยเสนานิคม,4,06:30-09:00,1,0,0
เสนานิคม,ซอยเสนานิคม,4,07:00-09:00,1,0,0
เสนานิคม,ซอยเสนานิคม,4,09:00-16:00,2,0,0
เสนานิคม,ซอยเสนานิคม,4,16:00-19:00,1,0,0
เสนานิคม,ซอยเสนานิคม,4,16:00-19:30,1,0,0
เสนานิคม,พหลโยธิน,4,07:00-09:00,2,1,0
เสนานิคม,พหลโยธิน,4,09:00-16:00,2,1,0
เสนานิคม,พหลโยธิน,4,16:00-19:00,2,1,0
เสนานิคม,เสนานิคม,4,07:00-09:00,0,1,0
เสนานิคม,เสนานิคม,4,09:00-16:00,0,1,0
เสนานิคม,เสนานิคม,4,16:00-19:00,0,1,0
เสนานิคม (23 เม.ย.69),พหลโยธิน,2,07:00-09:00,0,0,1
เสนานิคม (23 เม.ย.69),พหลโยธิน,2,09:00-17:00,0,0,1
เสนานิคม (23 เม.ย.69),พหลโยธิน,2,17:00-19:00,0,0,1
เสนานิคม (23 เม.ย.69),เสนานิคม,2,07:00-09:00,0,0,1
เสนานิคม (23 เม.ย.69),เสนานิคม,2,09:00-17:00,0,0,1
เสนานิคม (23 เม.ย.69),เสนานิคม,2,17:00-19:00,0,0,1
เสนานิคม 1 - เสนานิคม 1 ซอย 12,เสนานิคม 1,3,07:00-09:00,1,0,0
เสนานิคม 1 - เสนานิคม 1 ซอย 12,เสนานิคม 1,3,09:00-16:00,1,0,0
เสนานิคม 1 - เสนานิคม 1 ซอย 12,เสนานิคม 1,3,16:00-19:00,1,0,0
เสนานิคม 1 - เสนานิคม 1 ซอย 12,เสนานิคม 1 ซอย 12,3,07:00-09:00,1,0,0
เสนานิคม 1 - เสนานิคม 1 ซอย 12,เสนานิคม 1 ซอย 12,3,09:00-16:00,1,0,0
เสนานิคม 1 - เสนานิคม 1 ซอย 12,เสนานิคม 1 ซอย 12,3,16:00-19:00,1,0,0
เสนานิคม 1 ซอย 17,เสนานิคม 1,4,07:00-09:00,0,0,1
เสนานิคม 1 ซอย 17,เสนานิคม 1,4,09:00-17:00,0,0,1
เสนานิคม 1 ซอย 17,เสนานิคม 1,4,17:00-19:00,0,0,1
เสนานิคม 1 ซอย 8,เสนานิคม 1,3,07:00-09:00,0,0,1
เสนานิคม 1 ซอย 8,เสนานิคม 1,3,09:00-17:00,0,0,1
เสนานิคม 1 ซอย 8,เสนานิคม 1,3,17:00-19:00,0,0,1
เสนานิคม 1 ซอย 8,เสนานิคม 1 ซอย 8,3,07:00-09:00,0,0,1
เสนานิคม 1 ซอย 8,เสนานิคม 1 ซอย 8,3,09:00-17:00,0,0,1
เสนานิคม 1 ซอย 8,เสนานิคม 1 ซอย 8,3,17:00-19:00,0,0,1
เสนานิมคม ซ.26,เสนานิคม 1,1,07:00-09:00,0,0,1
เสนานิมคม ซ.26,เสนานิคม 1,1,09:00-17:00,0,0,1
เสนานิมคม ซ.26,เสนานิคม 1,1,17:00-19:00,0,0,1
เสรีไทย - นวธานี,ซอยเสรีไทย 38,1,07:00-09:00,0,1,0
เสรีไทย - นวธานี,ซอยเสรีไทย 38,1,09:00-16:00,0,1,0
เสรีไทย - นวธานี,ซอยเสรีไทย 38,1,16:00-19:00,0,1,0
เสรีไทย - นวธานี,ทางเข้าหมู่บ้านนวธานี,1,07:00-09:00,0,1,0
เสรีไทย - นวธานี,ทางเข้าหมู่บ้านนวธานี,1,09:00-16:00,0,1,0
เสรีไทย - นวธานี,ทางเข้าหมู่บ้านนวธานี,1,16:00-19:00,0,1,0
เสรีไทย - นวธานี,เสรีไทย,1,07:00-09:00,0,1,0
เสรีไทย - นวธานี,เสรีไทย,1,09:00-16:00,0,1,0
เสรีไทย - นวธานี,เสรีไทย,1,16:00-19:00,0,1,0
เสาชิงช้า,ดินสอ,1,07:00-09:00,0,3,1
เสาชิงช้า,ดินสอ,1,09:00-16:00,0,3,0
เสาชิงช้า,ดินสอ,1,09:00-17:00,0,0,1
เสาชิงช้า,ดินสอ,1,16:00-19:00,0,3,0
เสาชิงช้า,ดินสอ,1,17:00-19:00,0,0,1
เสาชิงช้า,ดินสอ,3,07:00-09:00,0,1,1
เสาชิงช้า,ดินสอ,3,09:00-16:00,0,1,1
เสาชิงช้า,ดินสอ,3,16:00-19:00,0,1,1
เสาชิงช้า,ดินสอ,4,07:00-09:00,0,0,1
เสาชิงช้า,ดินสอ,4,09:00-16:00,0,0,1
เสาชิงช้า,ดินสอ,4,16:00-19:00,0,0,1
เสาชิงช้า,ตรีทอง,1,07:00-09:00,0,2,0
เสาชิงช้า,ตรีทอง,1,09:00-16:00,0,2,0
เสาชิงช้า,ตรีทอง,1,16:00-19:00,0,2,0
เสาชิงช้า,ตรีทอง,3,07:00-09:00,0,0,1
เสาชิงช้า,ตรีทอง,3,09:00-16:00,0,0,1
เสาชิงช้า,ตรีทอง,3,16:00-19:00,0,0,1
เสาชิงช้า,ตีทอง,1,07:00-09:00,0,1,1
เสาชิงช้า,ตีทอง,1,09:00-16:00,0,1,0
เสาชิงช้า,ตีทอง,1,09:00-17:00,0,0,1
เสาชิงช้า,ตีทอง,1,16:00-19:00,0,1,0
เสาชิงช้า,ตีทอง,1,17:00-19:00,0,0,1
เสาชิงช้า,ตีทอง,3,07:00-09:00,0,1,0
เสาชิงช้า,ตีทอง,3,09:00-16:00,0,1,0
เสาชิงช้า,ตีทอง,3,16:00-19:00,0,1,0
เสาชิงช้า,ตีทอง,4,07:00-09:00,0,0,1
เสาชิงช้า,ตีทอง,4,09:00-16:00,0,0,1
เสาชิงช้า,ตีทอง,4,16:00-19:00,0,0,1
เสาชิงช้า,บำรุงเมือง,1,07:00-09:00,0,5,1
เสาชิงช้า,บำรุงเมือง,1,09:00-16:00,0,5,0
เสาชิงช้า,บำรุงเมือง,1,09:00-17:00,0,0,1
เสาชิงช้า,บำรุงเมือง,1,16:00-19:00,0,5,0
เสาชิงช้า,บำรุงเมือง,1,17:00-19:00,0,0,1
เสาชิงช้า,บำรุงเมือง,3,07:00-09:00,0,1,1
เสาชิงช้า,บำรุงเมือง,3,09:00-16:00,0,1,1
เสาชิงช้า,บำรุงเมือง,3,16:00-19:00,0,1,1
เสาชิงช้า,บำรุงเมือง,4,07:00-09:00,0,0,1
เสาชิงช้า,บำรุงเมือง,4,09:00-16:00,0,0,1
เสาชิงช้า,บำรุงเมือง,4,16:00-19:00,0,0,1
เสาชิงช้า,ศิริพงษ์,1,07:00-09:00,0,2,0
เสาชิงช้า,ศิริพงษ์,1,09:00-16:00,0,2,0
เสาชิงช้า,ศิริพงษ์,1,16:00-19:00,0,2,0
เสาชิงช้า (2),บำรุงเมือง,1,06:30-09:00,0,1,0
เสาชิงช้า (2),บำรุงเมือง,1,09:00-16:00,0,1,0
เสาชิงช้า (2),บำรุงเมือง,1,16:00-19:30,0,1,0
เสาชิงช้า (2),บำรุงเมือง,4,07:00-09:00,0,0,1
เสาชิงช้า (2),บำรุงเมือง,4,09:00-16:00,0,0,1
เสาชิงช้า (2),บำรุงเมือง,4,16:00-19:00,0,0,1
เสาชิงช้า (2),ศิริพงษ์,1,06:30-09:00,0,1,0
เสาชิงช้า (2),ศิริพงษ์,1,09:00-16:00,0,1,0
เสาชิงช้า (2),ศิริพงษ์,1,16:00-19:30,0,1,0
เสาชิงช้า (2),ศิริพงษ์,4,07:00-09:00,0,0,1
เสาชิงช้า (2),ศิริพงษ์,4,09:00-16:00,0,0,1
เสาชิงช้า (2),ศิริพงษ์,4,16:00-19:00,0,0,1
เสาวณี,ศรีอยุธยา,1,07:00-09:00,0,0,1
เสาวณี,ศรีอยุธยา,1,09:00-17:00,0,0,1
เสาวณี,ศรีอยุธยา,1,17:00-19:00,0,0,1
เสาวณี,ศรีอยุธยา,3,07:00-09:00,1,1,0
เสาวณี,ศรีอยุธยา,3,09:00-16:00,1,1,0
เสาวณี,ศรีอยุธยา,3,16:00-19:00,1,1,0
เสาวณี,สวรรคโลก,1,07:00-09:00,0,0,1
เสาวณี,สวรรคโลก,1,09:00-17:00,0,0,1
เสาวณี,สวรรคโลก,1,17:00-19:00,0,0,1
เสาวณี,สวรรคโลก,3,07:00-09:00,1,1,0
เสาวณี,สวรรคโลก,3,09:00-16:00,1,1,0
เสาวณี,สวรรคโลก,3,16:00-19:00,1,1,0
เสือป่า,ราชวงศ์,1,07:00-09:00,0,0,1
เสือป่า,ราชวงศ์,1,09:00-17:00,0,0,1
เสือป่า,ราชวงศ์,1,17:00-19:00,0,0,1
เสือป่า,ราชวงศ์,2,07:00-09:00,0,1,0
เสือป่า,ราชวงศ์,2,09:00-16:00,0,1,0
เสือป่า,ราชวงศ์,2,16:00-19:00,0,1,0
เสือป่า,ราชวงศ์,4,07:00-09:00,1,0,0
เสือป่า,ราชวงศ์,4,09:00-16:00,1,0,0
เสือป่า,ราชวงศ์,4,16:00-19:00,1,0,0
เสือป่า,เจริญกรุง,1,07:00-09:00,0,0,1
เสือป่า,เจริญกรุง,1,09:00-17:00,0,0,1
เสือป่า,เจริญกรุง,1,17:00-19:00,0,0,1
เสือป่า,เจริญกรุง,2,07:00-09:00,0,1,0
เสือป่า,เจริญกรุง,2,09:00-16:00,0,1,0
เสือป่า,เจริญกรุง,2,16:00-19:00,0,1,0
เสือป่า,เจริญกรุง,4,07:00-09:00,1,0,0
เสือป่า,เจริญกรุง,4,09:00-16:00,1,0,0
เสือป่า,เจริญกรุง,4,16:00-19:00,1,0,0
เสือป่า,เสือป่า,1,07:00-09:00,0,0,2
เสือป่า,เสือป่า,1,09:00-16:00,0,0,1
เสือป่า,เสือป่า,1,09:00-17:00,0,0,1
เสือป่า,เสือป่า,1,16:00-19:00,0,0,1
เสือป่า,เสือป่า,1,17:00-19:00,0,0,1
เสือป่า,เสือป่า,2,07:00-09:00,0,1,0
เสือป่า,เสือป่า,2,09:00-16:00,0,1,0
เสือป่า,เสือป่า,2,16:00-19:00,0,1,0
เสือป่า,เสือป่า,4,07:00-09:00,1,0,0
เสือป่า,เสือป่า,4,09:00-16:00,1,0,0
เสือป่า,เสือป่า,4,16:00-19:00,1,0,0
เอกชัย - กาญจนาภิเษก,กาญจนาภิเษก,1,07:00-09:00,0,0,1
เอกชัย - กาญจนาภิเษก,กาญจนาภิเษก,1,09:00-17:00,0,0,1
เอกชัย - กาญจนาภิเษก,กาญจนาภิเษก,1,17:00-19:00,0,0,1
เอกชัย - กาญจนาภิเษก,เอกชัย,1,07:00-09:00,0,0,1
เอกชัย - กาญจนาภิเษก,เอกชัย,1,09:00-17:00,0,0,1
เอกชัย - กาญจนาภิเษก,เอกชัย,1,17:00-19:00,0,0,1
เอกชัย - บางขุนเทียนชายทะเล,บางขุนเทียนชายทะเล,3,06:30-09:00,1,0,0
เอกชัย - บางขุนเทียนชายทะเล,บางขุนเทียนชายทะเล,3,09:00-16:00,1,0,0
เอกชัย - บางขุนเทียนชายทะเล,บางขุนเทียนชายทะเล,3,16:00-19:30,1,0,0
เอกชัย - บางขุนเทียนชายทะเล,เอกชัย,3,06:30-09:00,1,0,0
เอกชัย - บางขุนเทียนชายทะเล,เอกชัย,3,09:00-16:00,1,0,0
เอกชัย - บางขุนเทียนชายทะเล,เอกชัย,3,16:00-19:30,1,0,0
เอกชัย 101,เอกชัย,3,07:00-09:00,0,0,1
เอกชัย 101,เอกชัย,3,09:00-16:00,0,0,1
เอกชัย 101,เอกชัย,3,16:00-19:00,0,0,1
เอกชัย 101,เอกชัย 101,3,07:00-09:00,0,0,1
เอกชัย 101,เอกชัย 101,3,09:00-16:00,0,0,1
เอกชัย 101,เอกชัย 101,3,16:00-19:00,0,0,1
เอกชัย 69/1,เอกชัย,1,07:00-09:00,0,0,1
เอกชัย 69/1,เอกชัย,1,09:00-17:00,0,0,1
เอกชัย 69/1,เอกชัย,1,17:00-19:00,0,0,1
เอกชัย 69/1,เอกชัย 69/1,1,07:00-09:00,0,0,1
เอกชัย 69/1,เอกชัย 69/1,1,09:00-17:00,0,0,1
เอกชัย 69/1,เอกชัย 69/1,1,17:00-19:00,0,0,1
เอกชัย 89/9,เอกชัย,1,07:00-09:00,0,0,1
เอกชัย 89/9,เอกชัย,1,09:00-17:00,0,0,1
เอกชัย 89/9,เอกชัย,1,17:00-19:00,0,0,1
เอกชัย 89/9,เอกชัย 89/9,1,07:00-09:00,0,0,1
เอกชัย 89/9,เอกชัย 89/9,1,09:00-17:00,0,0,1
เอกชัย 89/9,เอกชัย 89/9,1,17:00-19:00,0,0,1
เอกมัย 12,เอกมัย 12,2,07:00-09:00,0,0,1
เอกมัย 12,เอกมัย 12,2,09:00-17:00,0,0,1
เอกมัย 12,เอกมัย 12,2,17:00-19:00,0,0,1
เอกมัย 9,เอกมัย,2,07:00-09:00,0,0,1
เอกมัย 9,เอกมัย,2,09:00-17:00,0,0,1
เอกมัย 9,เอกมัย,2,17:00-19:00,0,0,1
เอกมัยเหนือ,เพชรบุรี,1,07:00-09:00,1,0,0
เอกมัยเหนือ,เพชรบุรี,1,09:00-16:00,1,0,0
เอกมัยเหนือ,เพชรบุรี,1,16:00-19:00,1,0,0
เอกมัยเหนือ,เอกมัย,1,07:00-09:00,1,0,0
เอกมัยเหนือ,เอกมัย,1,09:00-16:00,1,0,0
เอกมัยเหนือ,เอกมัย,1,16:00-19:00,1,0,0
เอกมัยเหนือ (A 432),เพชรบุรี,4,07:00-09:00,1,0,0
เอกมัยเหนือ (A 432),เพชรบุรี,4,09:00-16:00,1,0,0
เอกมัยเหนือ (A 432),เพชรบุรี,4,16:00-19:00,1,0,0
เอกมัยเหนือ (A 432),เอกมัย,4,07:00-09:00,1,0,0
เอกมัยเหนือ (A 432),เอกมัย,4,09:00-16:00,1,0,0
เอกมัยเหนือ (A 432),เอกมัย,4,16:00-19:00,1,0,0
เอกมัยเหนือ (B 433),เพชรบุรี,4,07:00-09:00,1,0,0
เอกมัยเหนือ (B 433),เพชรบุรี,4,09:00-16:00,1,0,0
เอกมัยเหนือ (B 433),เพชรบุรี,4,16:00-19:00,1,0,0
เอกมัยเหนือ (B 433),เอกมัย,4,07:00-09:00,1,0,0
เอกมัยเหนือ (B 433),เอกมัย,4,09:00-16:00,1,0,0
เอกมัยเหนือ (B 433),เอกมัย,4,16:00-19:00,1,0,0
เอกมัยเหนือ (ทางขึ้น),เพชรบุรี,1,07:00-09:00,0,0,1
เอกมัยเหนือ (ทางขึ้น),เพชรบุรี,1,09:00-16:00,0,0,1
เอกมัยเหนือ (ทางขึ้น),เพชรบุรี,1,16:00-19:00,0,0,1
เอกมัยเหนือ (ทางขึ้น),เอกมัย,1,07:00-09:00,0,0,1
เอกมัยเหนือ (ทางขึ้น),เอกมัย,1,09:00-16:00,0,0,1
เอกมัยเหนือ (ทางขึ้น),เอกมัย,1,16:00-19:00,0,0,1
เอกมัยเหนือ (ทางลง),เพชรบุรี,1,07:00-09:00,0,0,1
เอกมัยเหนือ (ทางลง),เพชรบุรี,1,09:00-16:00,0,0,1
เอกมัยเหนือ (ทางลง),เพชรบุรี,1,16:00-19:00,0,0,1
เอกมัยเหนือ (ทางลง),เอกมัย,1,07:00-09:00,0,0,1
เอกมัยเหนือ (ทางลง),เอกมัย,1,09:00-16:00,0,0,1
เอกมัยเหนือ (ทางลง),เอกมัย,1,16:00-19:00,0,0,1
เอกมัยใต้,ซอยสุขุมวิท 63,2,07:00-09:00,0,1,0
เอกมัยใต้,ซอยสุขุมวิท 63,2,09:00-16:00,0,1,0
เอกมัยใต้,ซอยสุขุมวิท 63,2,16:00-19:00,0,1,0
เอกมัยใต้,ซอยสุขุมวิท 63,3,07:00-09:00,1,0,0
เอกมัยใต้,ซอยสุขุมวิท 63,3,09:00-16:00,1,0,0
เอกมัยใต้,ซอยสุขุมวิท 63,3,16:00-19:00,1,0,0
เอกมัยใต้,ทางเขช้าออ กขนส่งเอกมัย,3,07:00-09:00,1,0,0
เอกมัยใต้,ทางเขช้าออ กขนส่งเอกมัย,3,09:00-16:00,1,0,0
เอกมัยใต้,ทางเขช้าออ กขนส่งเอกมัย,3,16:00-19:00,1,0,0
เอกมัยใต้,ทางเข้าขนส่งเอกมัย,2,07:00-09:00,0,1,0
เอกมัยใต้,ทางเข้าขนส่งเอกมัย,2,09:00-16:00,0,1,0
เอกมัยใต้,ทางเข้าขนส่งเอกมัย,2,16:00-19:00,0,1,0
เอกมัยใต้,ทางเข้าขนส่งเอกมัย,3,07:00-09:00,0,0,1
เอกมัยใต้,ทางเข้าขนส่งเอกมัย,3,09:00-17:00,0,0,1
เอกมัยใต้,ทางเข้าขนส่งเอกมัย,3,17:00-19:00,0,0,1
เอกมัยใต้,ทางเข้าออกขนส่งเอกมัย,1,07:00-09:00,0,0,1
เอกมัยใต้,ทางเข้าออกขนส่งเอกมัย,1,09:00-17:00,0,0,1
เอกมัยใต้,ทางเข้าออกขนส่งเอกมัย,1,17:00-19:00,0,0,1
เอกมัยใต้,สุขุมวิท,1,07:00-09:00,0,0,1
เอกมัยใต้,สุขุมวิท,1,09:00-17:00,0,0,1
เอกมัยใต้,สุขุมวิท,1,17:00-19:00,0,0,1
เอกมัยใต้,สุขุมวิท,2,07:00-09:00,0,1,0
เอกมัยใต้,สุขุมวิท,2,09:00-16:00,0,1,0
เอกมัยใต้,สุขุมวิท,2,16:00-19:00,0,1,0
เอกมัยใต้,สุขุมวิท,3,06:30-09:00,1,0,0
เอกมัยใต้,สุขุมวิท,3,07:00-09:00,0,0,1
เอกมัยใต้,สุขุมวิท,3,09:00-16:00,1,0,0
เอกมัยใต้,สุขุมวิท,3,09:00-17:00,0,0,1
เอกมัยใต้,สุขุมวิท,3,16:00-19:30,1,0,0
เอกมัยใต้,สุขุมวิท,3,17:00-19:00,0,0,1
เอกมัยใต้,สุขุมวิท 63,3,07:00-09:00,0,0,1
เอกมัยใต้,สุขุมวิท 63,3,09:00-17:00,0,0,1
เอกมัยใต้,สุขุมวิท 63,3,17:00-19:00,0,0,1
เอกมัยใต้,เอกมัย,1,07:00-09:00,0,0,1
เอกมัยใต้,เอกมัย,1,09:00-17:00,0,0,1
เอกมัยใต้,เอกมัย,1,17:00-19:00,0,0,1
เอส เอ บี,วรจักร,1,07:00-09:00,0,0,1
เอส เอ บี,วรจักร,1,09:00-17:00,0,0,1
เอส เอ บี,วรจักร,1,17:00-19:00,0,0,1
เอส เอ บี,วรจักร,2,06:30-09:00,0,1,0
เอส เอ บี,วรจักร,2,07:00-09:00,0,0,1
เอส เอ บี,วรจักร,2,09:00-16:00,0,1,0
เอส เอ บี,วรจักร,2,09:00-17:00,0,0,1
เอส เอ บี,วรจักร,2,16:00-19:30,0,1,0
เอส เอ บี,วรจักร,2,17:00-19:00,0,0,1
เอส เอ บี,วรจักร,4,07:00-09:00,1,0,0
เอส เอ บี,วรจักร,4,09:00-16:00,1,0,0
เอส เอ บี,วรจักร,4,16:00-19:00,1,0,0
เอส เอ บี,เจริญกรุง,1,07:00-09:00,0,0,1
เอส เอ บี,เจริญกรุง,1,09:00-17:00,0,0,1
เอส เอ บี,เจริญกรุง,1,17:00-19:00,0,0,1
เอส เอ บี,เจริญกรุง,2,07:00-09:00,0,1,1
เอส เอ บี,เจริญกรุง,2,09:00-16:00,0,1,0
เอส เอ บี,เจริญกรุง,2,09:00-17:00,0,0,1
เอส เอ บี,เจริญกรุง,2,16:00-19:00,0,1,0
เอส เอ บี,เจริญกรุง,2,17:00-19:00,0,0,1
เอส เอ บี,เจริญกรุง,4,07:00-09:00,1,0,0
เอส เอ บี,เจริญกรุง,4,09:00-16:00,1,0,0
เอส เอ บี,เจริญกรุง,4,16:00-19:00,1,0,0
เอส.เอ.บี,วรจักร,2,07:00-09:00,0,0,1
เอส.เอ.บี,วรจักร,2,09:00-16:00,0,0,1
เอส.เอ.บี,วรจักร,2,16:00-19:00,0,0,1
เอส.เอ.บี,เจริญกรุง,2,07:00-09:00,0,0,1
เอส.เอ.บี,เจริญกรุง,2,09:00-16:00,0,0,1
เอส.เอ.บี,เจริญกรุง,2,16:00-19:00,0,0,1
แจ้งวัฒนะ,เมืองทอง,1,07:00-09:00,0,0,1
แจ้งวัฒนะ,เมืองทอง,1,09:00-16:00,0,0,1
แจ้งวัฒนะ,เมืองทอง,1,16:00-19:00,0,0,1
แจ้งวัฒนะ,แจ้งวัฒนะ,1,07:00-09:00,0,0,1
แจ้งวัฒนะ,แจ้งวัฒนะ,1,09:00-16:00,0,0,1
แจ้งวัฒนะ,แจ้งวัฒนะ,1,16:00-19:00,0,0,1
แจ้งวัฒนะ - เลียบคลองประปาฝั่งตะวันออก,เลียบคลองประปาฝั่งตะวันออก,2,07:00-09:00,0,0,1
แจ้งวัฒนะ - เลียบคลองประปาฝั่งตะวันออก,เลียบคลองประปาฝั่งตะวันออก,2,09:00-17:00,0,0,1
แจ้งวัฒนะ - เลียบคลองประปาฝั่งตะวันออก,เลียบคลองประปาฝั่งตะวันออก,2,17:00-19:00,0,0,1
แจ้งวัฒนะ - เลียบคลองประปาฝั่งตะวันออก,แจ้งวัฒนะ,2,07:00-09:00,0,0,1
แจ้งวัฒนะ - เลียบคลองประปาฝั่งตะวันออก,แจ้งวัฒนะ,2,09:00-17:00,0,0,1
แจ้งวัฒนะ - เลียบคลองประปาฝั่งตะวันออก,แจ้งวัฒนะ,2,17:00-19:00,0,0,1
แจ้งวัฒนะ – น่านเจ้า – แสนหวี,ซอยน่านเจ้า,2,07:00-09:00,0,0,1
แจ้งวัฒนะ – น่านเจ้า – แสนหวี,ซอยน่านเจ้า,2,09:00-17:00,0,0,1
แจ้งวัฒนะ – น่านเจ้า – แสนหวี,ซอยน่านเจ้า,2,17:00-19:00,0,0,1
แจ้งวัฒนะ – น่านเจ้า – แสนหวี,ซอยแจ้งวัฒนะ,2,07:00-09:00,0,0,1
แจ้งวัฒนะ – น่านเจ้า – แสนหวี,ซอยแจ้งวัฒนะ,2,09:00-17:00,0,0,1
แจ้งวัฒนะ – น่านเจ้า – แสนหวี,ซอยแจ้งวัฒนะ,2,17:00-19:00,0,0,1
แจ้งวัฒนะ – น่านเจ้า – แสนหวี,ซอยแสนหวี,2,07:00-09:00,0,0,1
แจ้งวัฒนะ – น่านเจ้า – แสนหวี,ซอยแสนหวี,2,09:00-17:00,0,0,1
แจ้งวัฒนะ – น่านเจ้า – แสนหวี,ซอยแสนหวี,2,17:00-19:00,0,0,1
แบริ่ง,ซอยสุขุมวิท 107,4,07:00-09:00,1,0,0
แบริ่ง,ซอยสุขุมวิท 107,4,09:00-16:00,1,0,0
แบริ่ง,ซอยสุขุมวิท 107,4,16:00-19:00,1,0,0
แบริ่ง,พหลโยธิน,4,07:00-09:00,0,0,1
แบริ่ง,สุขุมวิท,4,07:00-09:00,1,1,1
แบริ่ง,สุขุมวิท,4,09:00-16:00,1,1,0
แบริ่ง,สุขุมวิท,4,09:00-17:00,0,0,1
แบริ่ง,สุขุมวิท,4,16:00-19:00,1,1,0
แบริ่ง,สุขุมวิท,4,17:00-19:00,0,0,1
แบริ่ง,สุขุมวิท 107,4,07:00-09:00,0,1,0
แบริ่ง,สุขุมวิท 107,4,09:00-16:00,0,1,0
แบริ่ง,สุขุมวิท 107,4,16:00-19:00,0,1,0
แบริ่ง,สุขุมวิท 107 (แบริ่ง),4,07:00-09:00,0,0,1
แบริ่ง,สุขุมวิท 107 (แบริ่ง),4,09:00-17:00,0,0,1
แบริ่ง,สุขุมวิท 107 (แบริ่ง),4,17:00-19:00,0,0,1
แบริ่ง - ถนนตัดใหม่ลาซาล- แบริ่ง,ตัดใหม่ลาซาล - แบริ่ง,1,06:30-09:00,1,0,0
แบริ่ง - ถนนตัดใหม่ลาซาล- แบริ่ง,ตัดใหม่ลาซาล - แบริ่ง,1,09:00-16:00,1,0,0
แบริ่ง - ถนนตัดใหม่ลาซาล- แบริ่ง,ตัดใหม่ลาซาล - แบริ่ง,1,16:00-19:30,1,0,0
แบริ่ง - ถนนตัดใหม่ลาซาล- แบริ่ง,สุขุมวิท107(แบริ่ง),1,06:30-09:00,1,0,0
แบริ่ง - ถนนตัดใหม่ลาซาล- แบริ่ง,สุขุมวิท107(แบริ่ง),1,09:00-16:00,1,0,0
แบริ่ง - ถนนตัดใหม่ลาซาล- แบริ่ง,สุขุมวิท107(แบริ่ง),1,16:00-19:30,1,0,0
แปลงนาม,พลับพลาไชย,1,07:00-09:00,1,0,0
แปลงนาม,พลับพลาไชย,1,09:00-16:00,1,0,0
แปลงนาม,พลับพลาไชย,1,16:00-19:00,1,0,0
แปลงนาม,พลับพลาไชย,3,07:00-09:00,1,0,1
แปลงนาม,พลับพลาไชย,3,09:00-16:00,1,0,0
แปลงนาม,พลับพลาไชย,3,09:00-17:00,0,0,1
แปลงนาม,พลับพลาไชย,3,16:00-19:00,1,0,0
แปลงนาม,พลับพลาไชย,3,17:00-19:00,0,0,1
แปลงนาม,พลับพลาไชย,4,07:00-09:00,0,1,1
แปลงนาม,พลับพลาไชย,4,09:00-16:00,0,1,0
แปลงนาม,พลับพลาไชย,4,09:00-17:00,0,0,1
แปลงนาม,พลับพลาไชย,4,16:00-19:00,0,1,0
แปลงนาม,พลับพลาไชย,4,17:00-19:00,0,0,1
แปลงนาม,เจริญกรุง,1,07:00-09:00,1,0,0
แปลงนาม,เจริญกรุง,1,09:00-16:00,1,0,0
แปลงนาม,เจริญกรุง,1,16:00-19:00,1,0,0
แปลงนาม,เจริญกรุง,3,07:00-09:00,1,0,1
แปลงนาม,เจริญกรุง,3,09:00-16:00,1,0,0
แปลงนาม,เจริญกรุง,3,09:00-17:00,0,0,1
แปลงนาม,เจริญกรุง,3,16:00-19:00,1,0,0
แปลงนาม,เจริญกรุง,3,17:00-19:00,0,0,1
แปลงนาม,เจริญกรุง,4,07:00-09:00,0,1,1
แปลงนาม,เจริญกรุง,4,09:00-16:00,0,1,0
แปลงนาม,เจริญกรุง,4,09:00-17:00,0,0,1
แปลงนาม,เจริญกรุง,4,16:00-19:00,0,1,0
แปลงนาม,เจริญกรุง,4,17:00-19:00,0,0,1
แปลงนาม,แปลงนาม,1,07:00-09:00,1,0,1
แปลงนาม,แปลงนาม,1,09:00-16:00,1,0,1
แปลงนาม,แปลงนาม,1,16:00-19:00,1,0,1
แปลงนาม,แปลงนาม,3,07:00-09:00,1,0,1
แปลงนาม,แปลงนาม,3,09:00-16:00,1,0,0
แปลงนาม,แปลงนาม,3,09:00-17:00,0,0,1
แปลงนาม,แปลงนาม,3,16:00-19:00,1,0,0
แปลงนาม,แปลงนาม,3,17:00-19:00,0,0,1
แปลงนาม,แปลงนาม,4,07:00-09:00,0,1,1
แปลงนาม,แปลงนาม,4,09:00-16:00,0,1,0
แปลงนาม,แปลงนาม,4,09:00-17:00,0,0,1
แปลงนาม,แปลงนาม,4,16:00-19:00,0,1,0
แปลงนาม,แปลงนาม,4,17:00-19:00,0,0,1
แฟลตการท่า,กำแพงเพชร 6,1,07:00-09:00,0,0,1
แฟลตการท่า,กำแพงเพชร 6,1,09:00-17:00,0,0,1
แฟลตการท่า,กำแพงเพชร 6,1,17:00-19:00,0,0,1
แฟลตการท่า,เชิดวุฒากาศ,1,07:00-09:00,0,0,1
แฟลตการท่า,เชิดวุฒากาศ,1,09:00-17:00,0,0,1
แฟลตการท่า,เชิดวุฒากาศ,1,17:00-19:00,0,0,1
แม้นศรี,จักพรรดิพงษ์,2,07:00-09:00,1,0,0
แม้นศรี,จักพรรดิพงษ์,2,09:00-16:00,1,0,0
แม้นศรี,จักพรรดิพงษ์,2,16:00-19:00,1,0,0
แม้นศรี,จักรพรรดิพงษ์,2,07:00-09:00,0,1,0
แม้นศรี,จักรพรรดิพงษ์,2,09:00-16:00,0,1,0
แม้นศรี,จักรพรรดิพงษ์,2,16:00-19:00,0,1,0
แม้นศรี,บำรุงเมือง,2,07:00-09:00,1,1,0
แม้นศรี,บำรุงเมือง,2,09:00-16:00,1,1,0
แม้นศรี,บำรุงเมือง,2,16:00-19:00,1,1,0
แม้นศรี,วรจักร,2,07:00-09:00,1,1,0
แม้นศรี,วรจักร,2,09:00-16:00,1,1,0
แม้นศรี,วรจักร,2,16:00-19:00,1,1,0
แสมดำ- ซอยแสมดำ 24,ซอยแสมดำ 24,3,07:00-09:00,1,0,0
แสมดำ- ซอยแสมดำ 24,ซอยแสมดำ 24,3,09:00-16:00,1,0,0
แสมดำ- ซอยแสมดำ 24,ซอยแสมดำ 24,3,16:00-19:00,1,0,0
แสมดำ- ซอยแสมดำ 24,แสมดำ,3,07:00-09:00,1,0,0
แสมดำ- ซอยแสมดำ 24,แสมดำ,3,09:00-16:00,1,0,0
แสมดำ- ซอยแสมดำ 24,แสมดำ,3,16:00-19:00,1,0,0
แฮปปี้แลนด์,ทางออกเดอะมอลล์,2,07:00-09:00,0,0,1
แฮปปี้แลนด์,ทางออกเดอะมอลล์,2,09:00-17:00,0,0,1
แฮปปี้แลนด์,ทางออกเดอะมอลล์,2,17:00-19:00,0,0,1
แฮปปี้แลนด์,ทางออกเดอะมอลล์,4,07:00-09:00,0,0,1
แฮปปี้แลนด์,ทางออกเดอะมอลล์,4,09:00-16:00,0,0,1
แฮปปี้แลนด์,ทางออกเดอะมอลล์,4,16:00-19:00,0,0,1
แฮปปี้แลนด์,ลาดพร้าว,2,07:00-09:00,0,0,1
แฮปปี้แลนด์,ลาดพร้าว,2,09:00-17:00,0,0,1
แฮปปี้แลนด์,ลาดพร้าว,2,17:00-19:00,0,0,1
แฮปปี้แลนด์,ลาดพร้าว,4,07:00-09:00,0,0,1
แฮปปี้แลนด์,ลาดพร้าว,4,09:00-16:00,0,0,1
แฮปปี้แลนด์,ลาดพร้าว,4,16:00-19:00,0,0,1
แฮปปี้แลนด์,แฮปปี้แลนด์,2,07:00-09:00,0,0,1
แฮปปี้แลนด์,แฮปปี้แลนด์,2,09:00-17:00,0,0,1
แฮปปี้แลนด์,แฮปปี้แลนด์,2,17:00-19:00,0,0,1
แฮปปี้แลนด์,แฮปปี้แลนด์,4,07:00-09:00,0,0,1
แฮปปี้แลนด์,แฮปปี้แลนด์,4,09:00-16:00,0,0,1
แฮปปี้แลนด์,แฮปปี้แลนด์,4,16:00-19:00,0,0,1
แฮปปี้แลนด์สาย 2 - ลาดพร้าว,ลาดพร้าว,3,07:00-09:00,0,0,1
แฮปปี้แลนด์สาย 2 - ลาดพร้าว,ลาดพร้าว,3,09:00-17:00,0,0,1
แฮปปี้แลนด์สาย 2 - ลาดพร้าว,ลาดพร้าว,3,17:00-19:00,0,0,1
แฮปปี้แลนด์สาย 2 - ลาดพร้าว,แฮปปี้แลนด์ สาย 2,3,07:00-09:00,0,0,1
แฮปปี้แลนด์สาย 2 - ลาดพร้าว,แฮปปี้แลนด์ สาย 2,3,09:00-17:00,0,0,1
แฮปปี้แลนด์สาย 2 - ลาดพร้าว,แฮปปี้แลนด์ สาย 2,3,17:00-19:00,0,0,1
โชคชัย 4,ชอยลาดพร้าว35(โชคชัย 4),2,07:00-09:00,1,0,0
โชคชัย 4,ชอยลาดพร้าว35(โชคชัย 4),2,09:00-16:00,1,0,0
โชคชัย 4,ชอยลาดพร้าว35(โชคชัย 4),2,16:00-19:00,1,0,0
โชคชัย 4,ซอยลาดพร้าว56,2,07:00-09:00,1,0,0
โชคชัย 4,ซอยลาดพร้าว56,2,09:00-16:00,1,0,0
โชคชัย 4,ซอยลาดพร้าว56,2,16:00-19:00,1,0,0
โชคชัย 4,ลาดพร้าว,1,07:00-09:00,0,0,1
โชคชัย 4,ลาดพร้าว,1,09:00-17:00,0,0,1
โชคชัย 4,ลาดพร้าว,1,17:00-19:00,0,0,1
โชคชัย 4,ลาดพร้าว,2,07:00-09:00,1,0,0
โชคชัย 4,ลาดพร้าว,2,09:00-16:00,1,0,0
โชคชัย 4,ลาดพร้าว,2,16:00-19:00,1,0,0
โชคชัย 4,ลาดพร้าว 53/1,1,07:00-09:00,0,0,1
โชคชัย 4,ลาดพร้าว 53/1,1,09:00-17:00,0,0,1
โชคชัย 4,ลาดพร้าว 53/1,1,17:00-19:00,0,0,1
โชคชัย 4,ลาดพร้าว 58,1,07:00-09:00,0,0,1
โชคชัย 4,ลาดพร้าว 58,1,09:00-17:00,0,0,1
โชคชัย 4,ลาดพร้าว 58,1,17:00-19:00,0,0,1
โชคชัย 4 ซอย 54,โชคชยั 4,1,07:00-09:00,0,1,0
โชคชัย 4 ซอย 54,โชคชยั 4,1,09:00-16:00,0,1,0
โชคชัย 4 ซอย 54,โชคชยั 4,1,16:00-19:00,0,1,0
โชคชัย 4 ซอย 54,โชคชัย 4 ซ. 51,1,07:00-09:00,0,1,0
โชคชัย 4 ซอย 54,โชคชัย 4 ซ. 52,1,09:00-16:00,0,1,0
โชคชัย 4 ซอย 54,โชคชัย 4 ซ. 53,1,16:00-19:00,0,1,0
โชคชัย 4 ซอย 54,โชคชัย 4 ซอย 54,1,07:00-09:00,0,1,0
โชคชัย 4 ซอย 54,โชคชัย 4 ซอย 54,1,09:00-16:00,0,1,0
โชคชัย 4 ซอย 54,โชคชัย 4 ซอย 54,1,16:00-19:00,0,1,0
โพธิสามต้น,วังเดิม,1,07:00-09:00,1,0,0
โพธิสามต้น,วังเดิม,1,09:00-16:00,1,0,0
โพธิสามต้น,วังเดิม,1,16:00-19:00,1,0,0
โพธิสามต้น,อิสรภาพ,1,07:00-09:00,1,0,0
โพธิสามต้น,อิสรภาพ,1,09:00-16:00,1,0,0
โพธิสามต้น,อิสรภาพ,1,16:00-19:00,1,0,0
โพธิ์สามต้น,วังเดิม,1,07:00-09:00,0,1,0
โพธิ์สามต้น,วังเดิม,1,09:00-16:00,0,1,0
โพธิ์สามต้น,วังเดิม,1,16:00-19:00,0,1,0
โพธิ์สามต้น,วังเดิม,3,07:00-09:00,1,1,1
โพธิ์สามต้น,วังเดิม,3,09:00-16:00,1,1,0
โพธิ์สามต้น,วังเดิม,3,09:00-17:00,0,0,1
โพธิ์สามต้น,วังเดิม,3,16:00-19:00,1,1,0
โพธิ์สามต้น,วังเดิม,3,17:00-19:00,0,0,1
โพธิ์สามต้น,วังเดิม,4,07:00-09:00,0,0,1
โพธิ์สามต้น,วังเดิม,4,09:00-17:00,0,0,1
โพธิ์สามต้น,วังเดิม,4,17:00-19:00,0,0,1
โพธิ์สามต้น,อิสรภาพ,1,07:00-09:00,0,1,0
โพธิ์สามต้น,อิสรภาพ,1,09:00-16:00,0,1,0
โพธิ์สามต้น,อิสรภาพ,1,16:00-19:00,0,1,0
โพธิ์สามต้น,อิสรภาพ,3,07:00-09:00,1,1,1
โพธิ์สามต้น,อิสรภาพ,3,09:00-16:00,1,1,0
โพธิ์สามต้น,อิสรภาพ,3,09:00-17:00,0,0,1
โพธิ์สามต้น,อิสรภาพ,3,16:00-19:00,1,1,0
โพธิ์สามต้น,อิสรภาพ,3,17:00-19:00,0,0,1
โพธิ์สามต้น,อิสรภาพ,4,07:00-09:00,0,0,1
โพธิ์สามต้น,อิสรภาพ,4,09:00-17:00,0,0,1
โพธิ์สามต้น,อิสรภาพ,4,17:00-19:00,0,0,1
โพธิ์แก้ว,ทางเข้าวัดบางเตย,2,07:00-09:00,1,0,2
โพธิ์แก้ว,ทางเข้าวัดบางเตย,2,09:00-16:00,1,0,1
โพธิ์แก้ว,ทางเข้าวัดบางเตย,2,09:00-17:00,0,0,1
โพธิ์แก้ว,ทางเข้าวัดบางเตย,2,16:00-19:00,1,0,1
โพธิ์แก้ว,ทางเข้าวัดบางเตย,2,17:00-19:00,0,0,1
โพธิ์แก้ว,ทางเข้าวัดบางเตย,3,07:00-09:00,1,0,0
โพธิ์แก้ว,ทางเข้าวัดบางเตย,3,09:00-16:00,1,0,0
โพธิ์แก้ว,ทางเข้าวัดบางเตย,3,16:00-19:00,1,0,0
โพธิ์แก้ว,ทางเข้าวัดบางเตย,4,07:00-09:00,0,1,0
โพธิ์แก้ว,ทางเข้าวัดบางเตย,4,09:00-16:00,0,1,0
โพธิ์แก้ว,ทางเข้าวัดบางเตย,4,16:00-19:00,0,1,0
โพธิ์แก้ว,นวมินทร์,2,07:00-09:00,1,0,2
โพธิ์แก้ว,นวมินทร์,2,09:00-16:00,1,0,1
โพธิ์แก้ว,นวมินทร์,2,09:00-17:00,0,0,1
โพธิ์แก้ว,นวมินทร์,2,16:00-19:00,1,0,1
โพธิ์แก้ว,นวมินทร์,2,17:00-19:00,0,0,1
โพธิ์แก้ว,นวมินทร์,3,07:00-09:00,1,0,0
โพธิ์แก้ว,นวมินทร์,3,09:00-16:00,1,0,0
โพธิ์แก้ว,นวมินทร์,3,16:00-19:00,1,0,0
โพธิ์แก้ว,นวมินทร์,4,07:00-09:00,0,1,0
โพธิ์แก้ว,นวมินทร์,4,09:00-16:00,0,1,0
โพธิ์แก้ว,นวมินทร์,4,16:00-19:00,0,1,0
โพธิ์แก้ว,โพธิ์แก้ว,2,07:00-09:00,1,0,2
โพธิ์แก้ว,โพธิ์แก้ว,2,09:00-16:00,1,0,1
โพธิ์แก้ว,โพธิ์แก้ว,2,09:00-17:00,0,0,1
โพธิ์แก้ว,โพธิ์แก้ว,2,16:00-19:00,1,0,1
โพธิ์แก้ว,โพธิ์แก้ว,2,17:00-19:00,0,0,1
โพธิ์แก้ว,โพธิ์แก้ว,3,07:00-09:00,1,0,0
โพธิ์แก้ว,โพธิ์แก้ว,3,09:00-16:00,1,0,0
โพธิ์แก้ว,โพธิ์แก้ว,3,16:00-19:00,1,0,0
โพธิ์แก้ว,โพธิ์แก้ว,4,07:00-09:00,0,1,0
โพธิ์แก้ว,โพธิ์แก้ว,4,09:00-16:00,0,1,0
โพธิ์แก้ว,โพธิ์แก้ว,4,16:00-19:00,0,1,0
โรงกรองน้ำ,นครไชยศรี,1,07:00-09:00,0,0,1
โรงกรองน้ำ,นครไชยศรี,1,09:00-17:00,0,0,1
โรงกรองน้ำ,นครไชยศรี,1,17:00-19:00,0,0,1
โรงกรองน้ำ,นครไชยศรี,3,06:30-09:00,0,1,0
โรงกรองน้ำ,นครไชยศรี,3,07:00-09:00,0,1,0
โรงกรองน้ำ,นครไชยศรี,3,09:00-16:00,0,2,0
โรงกรองน้ำ,นครไชยศรี,3,16:00-19:00,0,1,0
โรงกรองน้ำ,นครไชยศรี,3,16:00-19:30,0,1,0
โรงกรองน้ำ,พระรามที่ 6,1,07:00-09:00,0,0,1
โรงกรองน้ำ,พระรามที่ 6,1,09:00-17:00,0,0,1
โรงกรองน้ำ,พระรามที่ 6,1,17:00-19:00,0,0,1
โรงกรองน้ำ,พระรามที่ 6,3,07:00-09:00,0,1,0
โรงกรองน้ำ,พระรามที่ 6,3,09:00-16:00,0,1,0
โรงกรองน้ำ,พระรามที่ 6,3,16:00-19:00,0,1,0
โรงกรองน้ำ,พระรามที่6,3,06:30-09:00,0,1,0
โรงกรองน้ำ,พระรามที่6,3,09:00-16:00,0,1,0
โรงกรองน้ำ,พระรามที่6,3,16:00-19:30,0,1,0
โรงกรองน้้า,นครไชยศรี,4,07:00-09:00,2,0,0
โรงกรองน้้า,นครไชยศรี,4,09:00-16:00,2,0,0
โรงกรองน้้า,นครไชยศรี,4,16:00-19:00,2,0,0
โรงกรองน้้า,พระรามที่ 6,4,07:00-09:00,2,0,0
โรงกรองน้้า,พระรามที่ 6,4,09:00-16:00,2,0,0
โรงกรองน้้า,พระรามที่ 6,4,16:00-19:00,2,0,0
โรงผลิตน้ำสามเสน,พระรามที่ 6,3,07:00-09:00,0,1,0
โรงผลิตน้ำสามเสน,พระรามที่ 6,3,09:00-16:00,0,1,0
โรงผลิตน้ำสามเสน,พระรามที่ 6,3,16:00-19:00,0,1,0
โรงพยาบาลกลาง,ยุคคล 2,1,07:00-09:00,0,1,0
โรงพยาบาลกลาง,ยุคคล 2,1,09:00-16:00,0,1,0
โรงพยาบาลกลาง,ยุคคล 2,1,16:00-19:00,0,1,0
โรงพยาบาลกลาง,ยุคล 2,2,07:00-09:00,2,0,0
โรงพยาบาลกลาง,ยุคล 2,2,09:00-16:00,2,0,0
โรงพยาบาลกลาง,ยุคล 2,2,16:00-19:00,2,0,0
โรงพยาบาลกลาง,ยุคล 2,4,07:00-09:00,0,0,1
โรงพยาบาลกลาง,ยุคล 2,4,09:00-17:00,0,0,1
โรงพยาบาลกลาง,ยุคล 2,4,17:00-19:00,0,0,1
โรงพยาบาลกลาง,หลวง,1,07:00-09:00,0,1,0
โรงพยาบาลกลาง,หลวง,1,09:00-16:00,0,1,0
โรงพยาบาลกลาง,หลวง,1,16:00-19:00,0,1,0
โรงพยาบาลกลาง,หลวง,2,07:00-09:00,2,0,0
โรงพยาบาลกลาง,หลวง,2,09:00-16:00,2,0,0
โรงพยาบาลกลาง,หลวง,2,16:00-19:00,2,0,0
โรงพยาบาลกลาง,หลวง,4,07:00-09:00,0,0,1
โรงพยาบาลกลาง,หลวง,4,09:00-17:00,0,0,1
โรงพยาบาลกลาง,หลวง,4,17:00-19:00,0,0,1
โรงพยาบาลกลาง,เสือป่า,1,07:00-09:00,0,1,0
โรงพยาบาลกลาง,เสือป่า,1,09:00-16:00,0,1,0
โรงพยาบาลกลาง,เสือป่า,1,16:00-19:00,0,1,0
โรงพยาบาลกลาง,เสือป่า,2,07:00-09:00,2,0,0
โรงพยาบาลกลาง,เสือป่า,2,09:00-16:00,2,0,0
โรงพยาบาลกลาง,เสือป่า,2,16:00-19:00,2,0,0
โรงพยาบาลกลาง,เสือป่า,4,07:00-09:00,0,0,1
โรงพยาบาลกลาง,เสือป่า,4,09:00-17:00,0,0,1
โรงพยาบาลกลาง,เสือป่า,4,17:00-19:00,0,0,1
โรงพยาบาลทหารเรือ,ซ.สมเด็จพระเจ้าตากสิน 23,4,07:00-09:00,1,0,0
โรงพยาบาลทหารเรือ,ซ.สมเด็จพระเจ้าตากสิน 23,4,09:00-16:00,1,0,0
โรงพยาบาลทหารเรือ,ซ.สมเด็จพระเจ้าตากสิน 23,4,16:00-19:00,1,0,0
โรงพยาบาลทหารเรือ,ทางเข้ารพ.ทหารเรือ - ซ.สมเด็จพระเจ้าตากสิน 22,4,07:00-09:00,1,0,0
โรงพยาบาลทหารเรือ,ทางเข้ารพ.ทหารเรือ - ซ.สมเด็จพระเจ้าตากสิน 22,4,09:00-16:00,1,0,0
โรงพยาบาลทหารเรือ,ทางเข้ารพ.ทหารเรือ - ซ.สมเด็จพระเจ้าตากสิน 22,4,16:00-19:00,1,0,0
โรงพยาบาลทหารเรือ,สมเด็จพระเจ้าตากสิน,4,07:00-09:00,1,0,0
โรงพยาบาลทหารเรือ,สมเด็จพระเจ้าตากสิน,4,09:00-16:00,1,0,0
โรงพยาบาลทหารเรือ,สมเด็จพระเจ้าตากสิน,4,16:00-19:00,1,0,0
โรงพยาบาลบางรัก,ซอยสาทร 10,2,07:00-09:00,1,0,0
โรงพยาบาลบางรัก,ซอยสาทร 10,2,09:00-16:00,1,0,0
โรงพยาบาลบางรัก,ซอยสาทร 10,2,16:00-19:00,1,0,0
โรงพยาบาลบางรัก,ซอยสาทร 9,2,07:00-09:00,1,0,0
โรงพยาบาลบางรัก,ซอยสาทร 9,2,09:00-16:00,1,0,0
โรงพยาบาลบางรัก,ซอยสาทร 9,2,16:00-19:00,1,0,0
โรงพยาบาลบางรัก,สาทร,2,07:00-09:00,1,0,0
โรงพยาบาลบางรัก,สาทร,2,09:00-16:00,1,0,0
โรงพยาบาลบางรัก,สาทร,2,16:00-19:00,1,0,0
โรงพยาบาลสิรินธร,สุขาภิบาล 2,2,07:00-09:00,1,0,1
โรงพยาบาลสิรินธร,สุขาภิบาล 2,2,09:00-16:00,1,0,0
โรงพยาบาลสิรินธร,สุขาภิบาล 2,2,09:00-17:00,0,0,1
โรงพยาบาลสิรินธร,สุขาภิบาล 2,2,16:00-19:00,1,0,0
โรงพยาบาลสิรินธร,สุขาภิบาล 2,2,17:00-19:00,0,0,1
โรงพยาบาลสิรินธร,อ่อนนุช,2,07:00-09:00,1,0,1
โรงพยาบาลสิรินธร,อ่อนนุช,2,09:00-16:00,1,0,0
โรงพยาบาลสิรินธร,อ่อนนุช,2,09:00-17:00,0,0,1
โรงพยาบาลสิรินธร,อ่อนนุช,2,16:00-19:00,1,0,0
โรงพยาบาลสิรินธร,อ่อนนุช,2,17:00-19:00,0,0,1
โรงพยาบาลเวชการุณรัศม์,ทางเช้า - ออก รพ.เวชการุณศม์,2,07:00-09:00,0,0,1
โรงพยาบาลเวชการุณรัศม์,ทางเช้า - ออก รพ.เวชการุณศม์,2,09:00-17:00,0,0,1
โรงพยาบาลเวชการุณรัศม์,ทางเช้า - ออก รพ.เวชการุณศม์,2,17:00-19:00,0,0,1
โรงพยาบาลเวชการุณรัศม์,เลียบวารี,2,07:00-09:00,0,0,1
โรงพยาบาลเวชการุณรัศม์,เลียบวารี,2,09:00-17:00,0,0,1
โรงพยาบาลเวชการุณรัศม์,เลียบวารี,2,17:00-19:00,0,0,1
โรงเรียนนานาชาติแองโกลสิงคโปร์,สุขุมวิท 64,2,07:00-09:00,0,0,1
โรงเรียนนานาชาติแองโกลสิงคโปร์,สุขุมวิท 64,2,09:00-17:00,0,0,1
โรงเรียนนานาชาติแองโกลสิงคโปร์,สุขุมวิท 64,2,17:00-19:00,0,0,1
โรงเรียนหอวัง,พหลโยธิน,3,07:00-09:00,0,1,0
โรงเรียนหอวัง,พหลโยธิน,3,09:00-16:00,0,1,0
โรงเรียนหอวัง,พหลโยธิน,3,16:00-19:00,0,1,0
ใกล้คลองทวีวัฒนา,อุทยาน,1,07:00-09:00,1,0,0
ใกล้คลองทวีวัฒนา,อุทยาน,1,09:00-16:00,1,0,0
ใกล้คลองทวีวัฒนา,อุทยาน,1,16:00-19:00,1,0,0
ใกล้คลองทวีวัฒนา,อุทยาน,4,07:00-09:00,1,0,0
ใกล้คลองทวีวัฒนา,อุทยาน,4,09:00-16:00,1,0,0
ใกล้คลองทวีวัฒนา,อุทยาน,4,16:00-19:00,1,0,0
ใกล้คลองบางจาก,พุทธมณฑลสาย 2,1,07:00-09:00,1,0,0
ใกล้คลองบางจาก,พุทธมณฑลสาย 2,1,09:00-16:00,2,0,0
ใกล้คลองบางจาก,พุทธมณฑลสาย 2,1,16:00-19:00,2,0,0
ใกล้คลองบางชัน,รามคำแหง,1,07:00-09:00,1,0,0
ใกล้คลองบางชัน,รามคำแหง,1,09:00-16:00,1,0,0
ใกล้คลองบางชัน,รามคำแหง,1,16:00-19:00,1,0,0
ใกล้คลองบางปะแก้ว,ราษฎร์บูรณะ,1,07:00-09:00,1,0,0
ใกล้คลองบางปะแก้ว,ราษฎร์บูรณะ,1,09:00-16:00,1,0,0
ใกล้คลองบางปะแก้ว,ราษฎร์บูรณะ,1,16:00-19:00,1,0,0
ใกล้คลองบางระมาด,พุทธมณฑลสาย 2,1,07:00-09:00,1,0,0
ใกล้คลองบางระมาด,พุทธมณฑลสาย 2,1,09:00-16:00,2,0,0
ใกล้คลองบางระมาด,พุทธมณฑลสาย 2,1,16:00-19:00,2,0,0
ใกล้คลองบ้านม้า,รามคำแหง 7,2,07:00-09:00,1,0,0
ใกล้คลองบ้านม้า,รามคำแหง 7,2,09:00-16:00,1,0,0
ใกล้คลองบ้านม้า,รามคำแหง 7,2,16:00-19:00,1,0,0
ใกล้คลองลาดพร้าว,ประดิษฐ์มนูธรรม,4,07:00-09:00,2,0,0
ใกล้คลองลาดพร้าว,ประดิษฐ์มนูธรรม,4,09:00-16:00,2,0,0
ใกล้คลองลาดพร้าว,ประดิษฐ์มนูธรรม,4,16:00-19:00,2,0,0
ใกล้จุดตัด ถ.บางขุนเทียนชายทะเล - สะแกงาม,สะแกงาม,1,07:00-09:00,1,0,0
ใกล้จุดตัด ถ.บางขุนเทียนชายทะเล - สะแกงาม,สะแกงาม,1,09:00-16:00,1,0,0
ใกล้จุดตัด ถ.บางขุนเทียนชายทะเล - สะแกงาม,สะแกงาม,1,16:00-19:00,1,0,0
ใกล้จุดเชื่อมต่อทางจักรยานคลองไผ่สิงโต,ดวงพิทักษ์,4,07:00-09:00,1,0,0
ใกล้จุดเชื่อมต่อทางจักรยานคลองไผ่สิงโต,ดวงพิทักษ์,4,09:00-16:00,1,0,0
ใกล้จุดเชื่อมต่อทางจักรยานคลองไผ่สิงโต,ดวงพิทักษ์,4,16:00-19:00,1,0,0
ใกล้ซ.อิสรภาพ 30,อิสรภาพ,4,07:00-09:00,0,0,1
ใกล้ซ.อิสรภาพ 30,อิสรภาพ,4,09:00-17:00,0,0,1
ใกล้ซ.อิสรภาพ 30,อิสรภาพ,4,17:00-19:00,0,0,1
ใกล้ซอยจันทน์ 35,จันทน์,4,07:00-09:00,0,1,0
ใกล้ซอยจันทน์ 35,จันทน์,4,09:00-16:00,0,1,0
ใกล้ซอยจันทน์ 35,จันทน์,4,16:00-19:00,0,1,0
ใกล้ซอยจันทน์ 55,จันทน์,4,07:00-09:00,0,1,0
ใกล้ซอยจันทน์ 55,จันทน์,4,09:00-16:00,0,1,0
ใกล้ซอยจันทน์ 55,จันทน์,4,16:00-19:00,0,1,0
ใกล้ซอยบุญอยู่,ดินแดง,3,07:00-09:00,0,1,0
ใกล้ซอยบุญอยู่,ดินแดง,3,09:00-16:00,0,1,0
ใกล้ซอยบุญอยู่,ดินแดง,3,16:00-19:00,0,1,0
ใกล้ซอยพระเทพรัตนโมลี 20,หลวงแพ่ง,1,07:00-09:00,0,0,1
ใกล้ซอยพระเทพรัตนโมลี 20,หลวงแพ่ง,1,09:00-17:00,0,0,1
ใกล้ซอยพระเทพรัตนโมลี 20,หลวงแพ่ง,1,17:00-19:00,0,0,1
ใกล้ซอยรัชดาภิเษก 22,รัชดาภิเษก,4,07:00-09:00,0,1,0
ใกล้ซอยรัชดาภิเษก 22,รัชดาภิเษก,4,09:00-16:00,0,1,0
ใกล้ซอยรัชดาภิเษก 22,รัชดาภิเษก,4,16:00-19:00,0,1,0
ใกล้ซอยร่มเกล้า 6,ร่มเกล้า,3,06:30-09:00,1,0,0
ใกล้ซอยร่มเกล้า 6,ร่มเกล้า,3,09:00-16:00,1,0,0
ใกล้ซอยร่มเกล้า 6,ร่มเกล้า,3,16:00-19:30,1,0,0
ใกล้ซอยศรีอยุธยา 5,ศรีอยุธยา,3,07:00-09:00,0,1,0
ใกล้ซอยศรีอยุธยา 5,ศรีอยุธยา,3,09:00-16:00,0,1,0
ใกล้ซอยศรีอยุธยา 5,ศรีอยุธยา,3,16:00-19:00,0,1,0
ใกล้ซอยเพชรบุรี 27,เพชรบุรี,3,07:00-09:00,0,1,0
ใกล้ซอยเพชรบุรี 27,เพชรบุรี,3,09:00-16:00,0,1,0
ใกล้ซอยเพชรบุรี 27,เพชรบุรี,3,16:00-19:00,0,1,0
ใกล้ซอยเลียบคลองสอง 5,เลียบคลองสอง,3,07:00-09:00,0,0,1
ใกล้ซอยเลียบคลองสอง 5,เลียบคลองสอง,3,09:00-17:00,0,0,1
ใกล้ซอยเลียบคลองสอง 5,เลียบคลองสอง,3,17:00-19:00,0,0,1
ใกล้ซอยโยธินพัฒนา,ประดิษฐ์มนูธรรม,4,07:00-09:00,2,0,0
ใกล้ซอยโยธินพัฒนา,ประดิษฐ์มนูธรรม,4,09:00-16:00,2,0,0
ใกล้ซอยโยธินพัฒนา,ประดิษฐ์มนูธรรม,4,16:00-19:00,2,0,0
ใกล้ตลาดนัดจตุจักร,พหลโยธิน,3,07:00-09:00,0,1,0
ใกล้ตลาดนัดจตุจักร,พหลโยธิน,3,09:00-16:00,0,1,0
ใกล้ตลาดนัดจตุจักร,พหลโยธิน,3,16:00-19:00,0,1,0
ใกล้ประดิษฐ์มนูธรรม - รามอินทรา,ประดิษฐ์มนูธรรม,4,07:00-09:00,1,0,0
ใกล้ประดิษฐ์มนูธรรม - รามอินทรา,ประดิษฐ์มนูธรรม,4,09:00-16:00,1,0,0
ใกล้ประดิษฐ์มนูธรรม - รามอินทรา,ประดิษฐ์มนูธรรม,4,16:00-19:00,1,0,0
ใกล้ปากซอยบางกระดี่25,บางกระดี่,2,07:00-09:00,1,0,0
ใกล้ปากซอยบางกระดี่25,บางกระดี่,2,09:00-16:00,1,0,0
ใกล้ปากซอยบางกระดี่25,บางกระดี่,2,16:00-19:00,1,0,0
ใกล้ปากซอยลาดพร้าว 101,ลาดพร้าว,4,07:00-09:00,1,0,0
ใกล้ปากซอยลาดพร้าว 101,ลาดพร้าว,4,09:00-16:00,1,0,0
ใกล้ปากซอยลาดพร้าว 101,ลาดพร้าว,4,16:00-19:00,1,0,0
ใกล้ปากซอยลาดพร้าว 5,ลาดพร้าว,4,07:00-09:00,1,0,0
ใกล้ปากซอยลาดพร้าว 5,ลาดพร้าว,4,09:00-16:00,1,0,0
ใกล้ปากซอยลาดพร้าว 5,ลาดพร้าว,4,16:00-19:00,1,0,0
ใกล้ปากซอยสรงประภา 26,สรงประภา,3,06:30-09:00,1,0,0
ใกล้ปากซอยสรงประภา 26,สรงประภา,3,09:00-16:00,1,0,0
ใกล้ปากซอยสรงประภา 26,สรงประภา,3,16:00-19:30,1,0,0
ใกล้ปากทางถนนเทพรักษ์- พหลโยธิน,เทพารักษ์,1,07:00-09:00,1,0,0
ใกล้ปากทางถนนเทพรักษ์- พหลโยธิน,เทพารักษ์,1,09:00-16:00,1,0,0
ใกล้ปากทางถนนเทพรักษ์- พหลโยธิน,เทพารักษ์,1,16:00-19:00,1,0,0
ใกล้พุทธมณฑลสาย 3 - บรมราชชนนี,พุทธมณฑลสาย 3,1,07:00-09:00,1,0,0
ใกล้พุทธมณฑลสาย 3 - บรมราชชนนี,พุทธมณฑลสาย 3,1,09:00-16:00,1,0,0
ใกล้พุทธมณฑลสาย 3 - บรมราชชนนี,พุทธมณฑลสาย 3,1,16:00-19:00,1,0,0
ใกล้วัดดิสหงษาราม,เพชรบุรี,3,07:00-09:00,0,1,0
ใกล้วัดดิสหงษาราม,เพชรบุรี,3,09:00-16:00,0,1,0
ใกล้วัดดิสหงษาราม,เพชรบุรี,3,16:00-19:00,0,1,0
ใกล้วัดดิสหงษาราม,เพชรบุรี,4,07:00-09:00,0,1,0
ใกล้วัดดิสหงษาราม,เพชรบุรี,4,09:00-16:00,0,1,0
ใกล้วัดดิสหงษาราม,เพชรบุรี,4,16:00-19:00,0,1,0
ใกล้วัดนางนอง,วุฒากาศ,4,07:00-09:00,0,0,1
ใกล้วัดนางนอง,วุฒากาศ,4,09:00-17:00,0,0,1
ใกล้วัดนางนอง,วุฒากาศ,4,17:00-19:00,0,0,1
ใกล้วัดโพธิ์,ท้ายวง,1,07:00-09:00,1,0,0
ใกล้วัดโพธิ์,ท้ายวง,1,09:00-16:00,1,0,0
ใกล้วัดโพธิ์,ท้ายวง,1,16:00-19:00,1,0,0
ใกล้วัดโพธิ์,ท้ายวัง,1,07:00-09:00,1,0,0
ใกล้วัดโพธิ์,ท้ายวัง,1,09:00-16:00,1,0,0
ใกล้วัดโพธิ์,ท้ายวัง,1,16:00-19:00,1,0,0
ใกล้สถานี BTS วงเวียนใหญ่,กรุงธนบุรี,1,07:00-09:00,1,0,0
ใกล้สถานี BTS วงเวียนใหญ่,กรุงธนบุรี,1,09:00-16:00,1,0,0
ใกล้สถานี BTS วงเวียนใหญ่,กรุงธนบุรี,1,16:00-19:00,1,0,0
ใกล้สถานีรถไฟฟ้า BTS สุรศักดิ์,สาทร,1,07:00-09:00,1,0,0
ใกล้สถานีรถไฟฟ้า BTS สุรศักดิ์,สาทร,1,09:00-16:00,1,0,0
ใกล้สถานีรถไฟฟ้า BTS สุรศักดิ์,สาทร,1,16:00-19:00,1,0,0
ใกล้สถานีรถไฟฟ้าทองหล่อ,สุขุมวิท,4,07:00-09:00,1,0,0
ใกล้สถานีรถไฟฟ้าทองหล่อ,สุขุมวิท,4,09:00-16:00,1,0,0
ใกล้สถานีรถไฟฟ้าทองหล่อ,สุขุมวิท,4,16:00-19:00,1,0,0
ใกล้สถานีรถไฟฟ้าพระโขนง,สุขุมวิท,1,07:00-09:00,1,0,0
ใกล้สถานีรถไฟฟ้าพระโขนง,สุขุมวิท,1,09:00-16:00,1,0,0
ใกล้สถานีรถไฟฟ้าพระโขนง,สุขุมวิท,1,16:00-19:00,1,0,0
ใกล้สถานีรถไฟฟ้าพร้อมพงษ์,สุขุมวิท,4,07:00-09:00,1,0,0
ใกล้สถานีรถไฟฟ้าพร้อมพงษ์,สุขุมวิท,4,09:00-16:00,1,0,0
ใกล้สถานีรถไฟฟ้าพร้อมพงษ์,สุขุมวิท,4,16:00-19:00,1,0,0
ใกล้สถานีรถไฟฟ้าราชดำริ,ราชดำริ,1,07:00-09:00,1,0,0
ใกล้สถานีรถไฟฟ้าราชดำริ,ราชดำริ,1,09:00-16:00,1,0,0
ใกล้สถานีรถไฟฟ้าราชดำริ,ราชดำริ,1,16:00-19:00,1,0,0
ใกล้สถานีรถไฟฟ้าราชดำริ,ราชดำริ,2,07:00-09:00,1,0,0
ใกล้สถานีรถไฟฟ้าราชดำริ,ราชดำริ,2,09:00-16:00,1,0,0
ใกล้สถานีรถไฟฟ้าราชดำริ,ราชดำริ,2,16:00-19:00,1,0,0
ใกล้สถานีรถไฟฟ้าราชดำริ,ราชดำริ,4,07:00-09:00,1,0,0
ใกล้สถานีรถไฟฟ้าราชดำริ,ราชดำริ,4,09:00-16:00,1,0,0
ใกล้สถานีรถไฟฟ้าราชดำริ,ราชดำริ,4,16:00-19:00,1,0,0
ใกล้สถานีรถไฟฟ้าอ่อนนุช,สุขุมวิท,1,07:00-09:00,1,0,0
ใกล้สถานีรถไฟฟ้าอ่อนนุช,สุขุมวิท,1,09:00-16:00,1,0,0
ใกล้สถานีรถไฟฟ้าอ่อนนุช,สุขุมวิท,1,16:00-19:00,1,0,0
ใกล้สถานีไฟฟ้าเอกมัย,สุขุมวิท,1,07:00-09:00,1,0,0
ใกล้สถานีไฟฟ้าเอกมัย,สุขุมวิท,1,09:00-16:00,1,0,0
ใกล้สถานีไฟฟ้าเอกมัย,สุขุมวิท,1,16:00-19:00,1,0,0
ใกล้สะพานข้ามคลองบางจาก,พุทธมณฑลสาย 1,2,07:00-09:00,1,0,0
ใกล้สะพานข้ามคลองบางจาก,พุทธมณฑลสาย 1,2,09:00-16:00,1,0,0
ใกล้สะพานข้ามคลองบางจาก,พุทธมณฑลสาย 1,2,16:00-19:00,1,0,0
ใกล้สาทร - เจริญกรุง,เจริญกรุง,3,07:00-09:00,0,1,0
ใกล้สาทร - เจริญกรุง,เจริญกรุง,3,09:00-16:00,0,1,0
ใกล้สาทร - เจริญกรุง,เจริญกรุง,3,16:00-19:00,0,1,0
ใกล้หมู่บ้านพฤกษ์ ภิรมณ์,แบริ่งลาซาล,1,07:00-09:00,0,0,1
ใกล้หมู่บ้านพฤกษ์ ภิรมณ์,แบริ่งลาซาล,1,09:00-17:00,0,0,1
ใกล้หมู่บ้านพฤกษ์ ภิรมณ์,แบริ่งลาซาล,1,17:00-19:00,0,0,1
ใกล้เดอะมอลล์บางแค,เพชรเกษม,2,07:00-09:00,1,0,0
ใกล้เดอะมอลล์บางแค,เพชรเกษม,2,09:00-16:00,1,0,0
ใกล้เดอะมอลล์บางแค,เพชรเกษม,2,16:00-19:00,1,0,0
ใกล้เเยกอุทยาน พุทธมณฑลสาย 4,อุทยาน,1,07:00-09:00,1,0,0
ใกล้เเยกอุทยาน พุทธมณฑลสาย 4,อุทยาน,1,09:00-16:00,1,0,0
ใกล้เเยกอุทยาน พุทธมณฑลสาย 4,อุทยาน,1,16:00-19:00,1,0,0
ใกล้แยกกรุงเทพกรีฑา,รามคำแหง 24,2,07:00-09:00,1,0,0
ใกล้แยกกรุงเทพกรีฑา,รามคำแหง 24,2,09:00-16:00,1,0,0
ใกล้แยกกรุงเทพกรีฑา,รามคำแหง 24,2,16:00-19:00,1,0,0
ใกล้แยกขุนเทียนบางทะเล - พระราม 2,บางขุนเทียนชายทะเล,1,07:00-09:00,1,0,0
ใกล้แยกขุนเทียนบางทะเล - พระราม 2,บางขุนเทียนชายทะเล,1,09:00-16:00,1,0,0
ใกล้แยกขุนเทียนบางทะเล - พระราม 2,บางขุนเทียนชายทะเล,1,16:00-19:00,1,0,0
ใกล้แยกคลองกลางทุ่ง,บางขุนเทียนชายทะเล,1,07:00-09:00,1,0,0
ใกล้แยกคลองกลางทุ่ง,บางขุนเทียนชายทะเล,1,09:00-16:00,1,0,0
ใกล้แยกคลองกลางทุ่ง,บางขุนเทียนชายทะเล,1,16:00-19:00,1,0,0
ใกล้แยกด่วนเพลินจิต,ดวงพิทักษ์,4,07:00-09:00,1,0,0
ใกล้แยกด่วนเพลินจิต,ดวงพิทักษ์,4,09:00-16:00,1,0,0
ใกล้แยกด่วนเพลินจิต,ดวงพิทักษ์,4,16:00-19:00,1,0,0
ใกล้แยกทศกัณฐ์,พุทธมณฑลสาย 2,1,07:00-09:00,2,0,0
ใกล้แยกทศกัณฐ์,พุทธมณฑลสาย 2,1,09:00-16:00,2,0,0
ใกล้แยกทศกัณฐ์,พุทธมณฑลสาย 2,1,16:00-19:00,2,0,0
ใกล้แยกท่าพระ,เพชรเกษม,1,07:00-09:00,1,0,0
ใกล้แยกท่าพระ,เพชรเกษม,1,09:00-16:00,1,0,0
ใกล้แยกท่าพระ,เพชรเกษม,1,16:00-19:00,1,0,0
ใกล้แยกท่าพระ,เพชรเกษม,2,07:00-09:00,1,0,0
ใกล้แยกท่าพระ,เพชรเกษม,2,09:00-16:00,1,0,0
ใกล้แยกท่าพระ,เพชรเกษม,2,16:00-19:00,1,0,0
ใกล้แยกนราธิวาส -สุรวงศ์,นราธิวาสราชนครินทร์,1,07:00-09:00,1,0,0
ใกล้แยกนราธิวาส -สุรวงศ์,นราธิวาสราชนครินทร์,1,09:00-16:00,1,0,0
ใกล้แยกนราธิวาส -สุรวงศ์,นราธิวาสราชนครินทร์,1,16:00-19:00,1,0,0
ใกล้แยกบรมราชชนนี,จรัญสนิทวงศ์,4,07:00-09:00,2,0,0
ใกล้แยกบรมราชชนนี,จรัญสนิทวงศ์,4,09:00-16:00,2,0,0
ใกล้แยกบรมราชชนนี,จรัญสนิทวงศ์,4,16:00-19:00,2,0,0
ใกล้แยกบางแค,เพชรเกษม,2,09:00-16:00,1,0,0
ใกล้แยกบางแค,เพชรเกษม,2,16:00-19:00,1,0,0
ใกล้แยกบางแค,เพชรเกาษม,2,07:00-09:00,1,0,0
ใกล้แยกประดิษฐ์มนูธรรม -รามอินทรา,ประดิษฐ์มนูธรรม,4,07:00-09:00,1,0,0
ใกล้แยกประดิษฐ์มนูธรรม -รามอินทรา,ประดิษฐ์มนูธรรม,4,09:00-16:00,1,0,0
ใกล้แยกประดิษฐ์มนูธรรม -รามอินทรา,ประดิษฐ์มนูธรรม,4,16:00-19:00,1,0,0
ใกล้แยกพัฒนาการ,ศรีนครินทร์,4,07:00-09:00,1,0,0
ใกล้แยกพัฒนาการ,ศรีนครินทร์,4,09:00-16:00,1,0,0
ใกล้แยกพัฒนาการ,ศรีนครินทร์,4,16:00-19:00,1,0,0
ใกล้แยกรัชดา - นราธิวาส,นราธิวาสราชนครินทร์,1,07:00-09:00,1,0,0
ใกล้แยกรัชดา - นราธิวาส,นราธิวาสราชนครินทร์,1,09:00-16:00,1,0,0
ใกล้แยกรัชดา - นราธิวาส,นราธิวาสราชนครินทร์,1,16:00-19:00,1,0,0
ใกล้แยกรัชโยธิน,พหลโยธิน,1,07:00-09:00,1,0,0
ใกล้แยกรัชโยธิน,พหลโยธิน,1,09:00-16:00,1,0,0
ใกล้แยกรัชโยธิน,พหลโยธิน,1,16:00-19:00,1,0,0
ใกล้แยกรัชโยธิน,พหลโยธิน,2,07:00-09:00,1,0,0
ใกล้แยกรัชโยธิน,พหลโยธิน,2,09:00-16:00,1,0,0
ใกล้แยกรัชโยธิน,พหลโยธิน,2,16:00-19:00,1,0,0
ใกล้แยกราชดำริ,ราชดำริ,1,07:00-09:00,1,0,0
ใกล้แยกราชดำริ,ราชดำริ,1,09:00-16:00,1,0,0
ใกล้แยกราชดำริ,ราชดำริ,1,16:00-19:00,1,0,0
ใกล้แยกราชดำริ,ราชดำริ,2,07:00-09:00,1,0,0
ใกล้แยกราชดำริ,ราชดำริ,2,09:00-16:00,1,0,0
ใกล้แยกราชดำริ,ราชดำริ,2,16:00-19:00,1,0,0
ใกล้แยกราชดำริ,ราชดำริ,4,07:00-09:00,1,0,0
ใกล้แยกราชดำริ,ราชดำริ,4,09:00-16:00,1,0,0
ใกล้แยกราชดำริ,ราชดำริ,4,16:00-19:00,1,0,0
ใกล้แยกรามคำแหง - ร่มเกล้า,รามคำแหง,1,07:00-09:00,1,0,0
ใกล้แยกรามคำแหง - ร่มเกล้า,รามคำแหง,1,09:00-16:00,1,0,0
ใกล้แยกรามคำแหง - ร่มเกล้า,รามคำแหง,1,16:00-19:00,1,0,0
ใกล้แยกวิทยุ,สาทร,1,07:00-09:00,1,0,0
ใกล้แยกวิทยุ,สาทร,1,09:00-16:00,1,0,0
ใกล้แยกวิทยุ,สาทร,1,16:00-19:00,1,0,0
ใกล้แยกวิทยุ,สาทร,4,07:00-09:00,1,0,0
ใกล้แยกวิทยุ,สาทร,4,09:00-16:00,1,0,0
ใกล้แยกวิทยุ,สาทร,4,16:00-19:00,1,0,0
ใกล้แยกศิริราช,อรุณอัมรินทร์,1,07:00-09:00,1,0,0
ใกล้แยกศิริราช,อรุณอัมรินทร์,1,09:00-16:00,1,0,0
ใกล้แยกศิริราช,อรุณอัมรินทร์,1,16:00-19:00,1,0,0
ใกล้แยกศิริราช,อรุณอัมรินทร์,2,07:00-09:00,1,0,0
ใกล้แยกศิริราช,อรุณอัมรินทร์,2,09:00-16:00,1,0,0
ใกล้แยกศิริราช,อรุณอัมรินทร์,2,16:00-19:00,1,0,0
ใกล้แยกสาทร - นราธิวาส,สาทร,1,07:00-09:00,1,0,0
ใกล้แยกสาทร - นราธิวาส,สาทร,1,09:00-16:00,1,0,0
ใกล้แยกสาทร - นราธิวาส,สาทร,1,16:00-19:00,1,0,0
ใกล้แยกสาทร - นราธิวาส,สาทร,4,07:00-09:00,1,0,0
ใกล้แยกสาทร - นราธิวาส,สาทร,4,09:00-16:00,1,0,0
ใกล้แยกสาทร - นราธิวาส,สาทร,4,16:00-19:00,1,0,0
ใกล้แยกอุดมสุข,ศรีนครินทร์,4,07:00-09:00,1,0,0
ใกล้แยกอุดมสุข,ศรีนครินทร์,4,09:00-16:00,1,0,0
ใกล้แยกอุดมสุข,ศรีนครินทร์,4,16:00-19:00,1,0,0
ใกล้แยกอุทยาน - พุทธมณฑลสาย 3,ยุทยาน,1,07:00-09:00,1,0,0
ใกล้แยกอุทยาน - พุทธมณฑลสาย 3,ยุทยาน,1,09:00-16:00,1,0,0
ใกล้แยกอุทยาน - พุทธมณฑลสาย 3,ยุทยาน,1,16:00-19:00,1,0,0
ใกล้แยกอุทยาน - พุทธมณฑลสาย 3,อุทยาน,4,07:00-09:00,1,0,0
ใกล้แยกอุทยาน - พุทธมณฑลสาย 3,อุทยาน,4,09:00-16:00,1,0,0
ใกล้แยกอุทยาน - พุทธมณฑลสาย 3,อุทยาน,4,16:00-19:00,1,0,0
"ใกล้แยกอุทยาน - พุทธมณฑลสาย,.4",อุทยาน,4,07:00-09:00,1,0,0
"ใกล้แยกอุทยาน - พุทธมณฑลสาย,.4",อุทยาน,4,09:00-16:00,1,0,0
"ใกล้แยกอุทยาน - พุทธมณฑลสาย,.4",อุทยาน,4,16:00-19:00,1,0,0
ใกล้แยกเพชรเกษม - พุทธมณฑลสาย 2,เพชรเกษม,2,07:00-09:00,1,0,0
ใกล้แยกเพชรเกษม - พุทธมณฑลสาย 2,เพชรเกษม,2,09:00-16:00,1,0,0
ใกล้แยกเพชรเกษม - พุทธมณฑลสาย 2,เพชรเกษม,2,16:00-19:00,1,0,0
ใกล้แยกเพชรเกษม - พุทธมณฑลสาย 3,เพชรเกษม,2,07:00-09:00,1,0,0
ใกล้แยกเพชรเกษม - พุทธมณฑลสาย 3,เพชรเกษม,2,09:00-16:00,1,0,0
ใกล้แยกเพชรเกษม - พุทธมณฑลสาย 3,เพชรเกษม,2,16:00-19:00,1,0,0
ใกล้แยกเพชรเกษม - พุทธมณสาย 3,เพชรเกษม,1,07:00-09:00,1,0,0
ใกล้แยกเพชรเกษม - พุทธมณสาย 3,เพชรเกษม,1,09:00-16:00,1,0,0
ใกล้แยกเพชรเกษม - พุทธมณสาย 3,เพชรเกษม,1,16:00-19:00,1,0,0
ใกล้แยกเพชรเกษม 69,เพชรเกษม,2,07:00-09:00,1,0,0
ใกล้แยกเพชรเกษม 69,เพชรเกษม,2,09:00-16:00,1,0,0
ใกล้แยกเพชรเกษม 69,เพชรเกษม,2,16:00-19:00,1,0,0
ใกล้แยกเพชรเกษม-พุทธมณสาย2,เพชรเกษม,1,07:00-09:00,1,0,0
ใกล้แยกเพชรเกษม-พุทธมณสาย2,เพชรเกษม,1,09:00-16:00,1,0,0
ใกล้แยกเพชรเกษม-พุทธมณสาย2,เพชรเกษม,1,16:00-19:00,1,0,0
ใกล้แยกไฟฉาย,จรัญสนิทวงศ์,4,07:00-09:00,2,0,0
ใกล้แยกไฟฉาย,จรัญสนิทวงศ์,4,09:00-16:00,2,0,0
ใกล้แยกไฟฉาย,จรัญสนิทวงศ์,4,16:00-19:00,2,0,0
ใกล้โรงเรียนสามเสนวิทยาลัย,พระรามที่ 6,3,07:00-09:00,0,1,0
ใกล้โรงเรียนสามเสนวิทยาลัย,พระรามที่ 6,3,09:00-16:00,0,1,0
ใกล้โรงเรียนสามเสนวิทยาลัย,พระรามที่ 6,3,16:00-19:00,0,1,0
ใต้ด่วนดินแดง,ดินแดง,2,07:00-09:00,0,0,1
ใต้ด่วนดินแดง,ดินแดง,2,09:00-17:00,0,0,1
ใต้ด่วนดินแดง,ดินแดง,2,17:00-19:00,0,0,1
ใต้ด่วนดินแดง,ดินแดง,4,07:00-09:00,0,0,1
ใต้ด่วนดินแดง,ดินแดง,4,09:00-17:00,0,0,1
ใต้ด่วนดินแดง,ดินแดง,4,17:00-19:00,0,0,1
ใต้ด่วนดินแดง,ดินแดงตัดใหม่,2,07:00-09:00,0,0,1
ใต้ด่วนดินแดง,ดินแดงตัดใหม่,2,09:00-17:00,0,0,1
ใต้ด่วนดินแดง,ดินแดงตัดใหม่,2,17:00-19:00,0,0,1
ใต้ด่วนดินแดง,ดินแดงตัดใหม่,4,07:00-09:00,0,0,1
ใต้ด่วนดินแดง,ดินแดงตัดใหม่,4,09:00-17:00,0,0,1
ใต้ด่วนดินแดง,ดินแดงตัดใหม่,4,17:00-19:00,0,0,1
ใต้ด่วนดินแดง,วิภาวดีรังสิต,2,07:00-09:00,1,0,1
ใต้ด่วนดินแดง,วิภาวดีรังสิต,2,09:00-16:00,1,0,0
ใต้ด่วนดินแดง,วิภาวดีรังสิต,2,09:00-17:00,0,0,1
ใต้ด่วนดินแดง,วิภาวดีรังสิต,2,16:00-19:00,1,0,0
ใต้ด่วนดินแดง,วิภาวดีรังสิต,2,17:00-19:00,0,0,1
ใต้ด่วนดินแดง,วิภาวดีรังสิต,4,07:00-09:00,0,0,1
ใต้ด่วนดินแดง,วิภาวดีรังสิต,4,09:00-17:00,0,0,1
ใต้ด่วนดินแดง,วิภาวดีรังสิต,4,17:00-19:00,0,0,1
ใต้ด่วนดินแดง,อโศกดินแดง,2,07:00-09:00,1,0,0
ใต้ด่วนดินแดง,อโศกดินแดง,2,09:00-16:00,1,0,0
ใต้ด่วนดินแดง,อโศกดินแดง,2,16:00-19:00,1,0,0
ใต้ด่วนดินแดง,อโศกดินแดง,4,07:00-09:00,0,0,1
ใต้ด่วนดินแดง,อโศกดินแดง,4,09:00-17:00,0,0,1
ใต้ด่วนดินแดง,อโศกดินแดง,4,17:00-19:00,0,0,1
ใต้ด่วนดินแดง,เลียบไต้ทางด่วน,2,07:00-09:00,1,0,0
ใต้ด่วนดินแดง,เลียบไต้ทางด่วน,2,09:00-16:00,1,0,0
ใต้ด่วนดินแดง,เลียบไต้ทางด่วน,2,16:00-19:00,1,0,0
ใต้ด่วนพระราม 4,ทางด่วน,1,07:00-09:00,1,1,0
ใต้ด่วนพระราม 4,ทางด่วน,1,09:00-16:00,1,1,0
ใต้ด่วนพระราม 4,ทางด่วน,1,16:00-19:00,1,1,0
ใต้ด่วนพระราม 4,ทางด่วน,2,07:00-09:00,0,0,1
ใต้ด่วนพระราม 4,ทางด่วน,2,09:00-16:00,0,0,1
ใต้ด่วนพระราม 4,ทางด่วน,2,16:00-19:00,0,0,1
ใต้ด่วนพระราม 4,ทางพิเศษเฉลิมมหานคร,3,07:00-09:00,0,0,2
ใต้ด่วนพระราม 4,ทางพิเศษเฉลิมมหานคร,3,09:00-17:00,0,0,2
ใต้ด่วนพระราม 4,ทางพิเศษเฉลิมมหานคร,3,17:00-19:00,0,0,2
ใต้ด่วนพระราม 4,พระรามที่ 4,1,07:00-09:00,1,1,0
ใต้ด่วนพระราม 4,พระรามที่ 4,1,09:00-16:00,1,1,0
ใต้ด่วนพระราม 4,พระรามที่ 4,1,16:00-19:00,1,1,0
ใต้ด่วนพระราม 4,พระรามที่ 4,2,07:00-09:00,0,0,1
ใต้ด่วนพระราม 4,พระรามที่ 4,2,09:00-16:00,0,0,1
ใต้ด่วนพระราม 4,พระรามที่ 4,2,16:00-19:00,0,0,1
ใต้ด่วนพระราม 4,พระรามที่ 4,3,07:00-09:00,0,0,2
ใต้ด่วนพระราม 4,พระรามที่ 4,3,17:00-19:00,0,0,2
ใต้ด่วนพระราม 4,เชื้อเพลิง,1,07:00-09:00,1,1,0
ใต้ด่วนพระราม 4,เชื้อเพลิง,1,09:00-16:00,1,1,0
ใต้ด่วนพระราม 4,เชื้อเพลิง,1,16:00-19:00,1,1,0
ใต้ด่วนพระราม 4,เชื้อเพลิง,2,07:00-09:00,0,0,1
ใต้ด่วนพระราม 4,เชื้อเพลิง,2,09:00-16:00,0,0,1
ใต้ด่วนพระราม 4,เชื้อเพลิง,2,16:00-19:00,0,0,1
ใต้ด่วนพระราม 4,เชื้อเพลิง,3,07:00-09:00,0,0,2
ใต้ด่วนพระราม 4,เชื้อเพลิง,3,09:00-17:00,0,0,2
ใต้ด่วนพระราม 4,เชื้อเพลิง,3,17:00-19:00,0,0,2
ใต้ด่วนพระราม4,ทางด่วน,2,06:30-09:00,1,0,0
ใต้ด่วนพระราม4,ทางด่วน,2,09:00-16:00,1,0,0
ใต้ด่วนพระราม4,ทางด่วน,2,16:00-19:30,1,0,0
ใต้ด่วนพระราม4,พระรามที่ 4,2,07:00-09:00,1,0,0
ใต้ด่วนพระราม4,พระรามที่ 4,2,09:00-16:00,1,0,0
ใต้ด่วนพระราม4,พระรามที่ 4,2,16:00-19:00,1,0,0
ใต้ด่วนพระราม4,เชื้อเพลง,2,06:30-09:00,1,0,0
ใต้ด่วนพระราม4,เชื้อเพลง,2,09:00-16:00,1,0,0
ใต้ด่วนพระราม4,เชื้อเพลิง,2,16:00-19:30,1,0,0
ใต้ด่วนสุรวงศ์,ถนนสุรวงศ์,4,07:00-09:00,0,0,1
ใต้ด่วนสุรวงศ์,ถนนสุรวงศ์,4,09:00-17:00,0,0,1
ใต้ด่วนสุรวงศ์,ถนนสุรวงศ์,4,17:00-19:00,0,0,1
ใต้ด่วนสุรวงศ์,เลียบใต้ทางด่วนศรีรัช,4,07:00-09:00,0,0,1
ใต้ด่วนสุรวงศ์,เลียบใต้ทางด่วนศรีรัช,4,09:00-17:00,0,0,1
ใต้ด่วนสุรวงศ์,เลียบใต้ทางด่วนศรีรัช,4,17:00-19:00,0,0,1
ใต้ทางด่วนฉลองรัช,ด่วนฉลองรัช,3,07:00-09:00,0,1,0
ใต้ทางด่วนฉลองรัช,ด่วนฉลองรัช,3,09:00-16:00,0,1,0
ใต้ทางด่วนฉลองรัช,ด่วนฉลองรัช,3,16:00-19:00,0,1,0
ใต้ทางด่วนฉลองรัช,พัฒนาการ,3,07:00-09:00,0,1,0
ใต้ทางด่วนฉลองรัช,พัฒนาการ,3,09:00-16:00,0,1,0
ใต้ทางด่วนฉลองรัช,พัฒนาการ,3,16:00-19:00,0,1,0
ใต้ทางด่วนศรีรัช (ใกล้ซอยประชาชื่น 30),ประชาชื่น,4,07:00-09:00,0,0,1
ใต้ทางด่วนศรีรัช (ใกล้ซอยประชาชื่น 30),ประชาชื่น,4,09:00-17:00,0,0,1
ใต้ทางด่วนศรีรัช (ใกล้ซอยประชาชื่น 30),ประชาชื่น,4,17:00-19:00,0,0,1
ใต้สะพานพระราม 8,อรุณอัมรินทร์,2,07:00-09:00,1,0,0
ใต้สะพานพระราม 8,อรุณอัมรินทร์,2,09:00-16:00,1,0,0
ใต้สะพานพระราม 8,อรุณอัมรินทร์,2,16:00-19:00,1,0,0
ใต้สะพานพระราม 8,อรุณอัมรินทร์ตัดใหม่,1,07:00-09:00,1,0,0
ใต้สะพานพระราม 8,อรุณอัมรินทร์ตัดใหม่,1,09:00-16:00,1,0,0
ใต้สะพานพระราม 8,อรุณอัมรินทร์ตัดใหม่,1,16:00-19:00,1,0,0
ใต้สะพานพระราม9,ราษฎร์บูรณะ,1,07:00-09:00,1,0,0
ใต้สะพานพระราม9,ราษฎร์บูรณะ,1,09:00-16:00,1,0,0
ใต้สะพานพระราม9,ราษฎร์บูรณะ,1,16:00-19:00,1,0,0
ใต้สะพานภูมิพล,พระรามที่ 3,2,07:00-09:00,0,0,1
ใต้สะพานภูมิพล,พระรามที่ 3,2,09:00-17:00,0,0,1
ใต้สะพานภูมิพล,พระรามที่ 3,2,17:00-19:00,0,0,1
ใต้สะพานภูมิพล,วงแหวนอุตสาหกรรม,2,07:00-09:00,0,0,1
ใต้สะพานภูมิพล,วงแหวนอุตสาหกรรม,2,09:00-17:00,0,0,1
ใต้สะพานภูมิพล,วงแหวนอุตสาหกรรม,2,17:00-19:00,0,0,1
ใต้สะพานสมเด็จพระเจ้าตากสินมหาราช,เจริญนคร,4,07:00-09:00,2,0,0
ใต้สะพานสมเด็จพระเจ้าตากสินมหาราช,เจริญนคร,4,09:00-16:00,2,0,0
ใต้สะพานสมเด็จพระเจ้าตากสินมหาราช,เจริญนคร,4,16:00-19:00,2,0,0
ไต้ด่วนดินแดง,วิภาวดีรังสิต,2,07:00-09:00,1,0,0
ไต้ด่วนดินแดง,วิภาวดีรังสิต,2,09:00-16:00,1,0,0
ไต้ด่วนดินแดง,วิภาวดีรังสิต,2,16:00-19:00,1,0,0
ไต้ด่วนดินแดง,อโศกดินแดง,2,07:00-09:00,1,0,0
ไต้ด่วนดินแดง,อโศกดินแดง,2,09:00-16:00,1,0,0
ไต้ด่วนดินแดง,อโศกดินแดง,2,16:00-19:00,1,0,0
ไต้ด่วนดินแดง,เลียบใต้ทางด่วน,2,07:00-09:00,1,0,0
ไต้ด่วนดินแดง,เลียบใต้ทางด่วน,2,09:00-16:00,1,0,0
ไต้ด่วนดินแดง,เลียบใต้ทางด่วน,2,16:00-19:00,1,0,0
ไทยรามัญ,ไทยรามัญ (NB-SB),4,07:00-09:00,0,1,0
ไทยรามัญ,ไทยรามัญ (NB-SB),4,09:00-16:00,0,1,0
ไทยรามัญ,ไทยรามัญ (NB-SB),4,16:00-19:00,0,1,0
ไทยรามัญ,ไทยรามัญ (WB),4,07:00-09:00,0,1,0
ไทยรามัญ,ไทยรามัญ (WB),4,09:00-16:00,0,1,0
ไทยรามัญ,ไทยรามัญ (WB),4,16:00-19:00,0,1,0
ไทยรามัญ - หทัยราษฎร์,หทัยราษฎร์,1,07:00-09:00,0,0,1
ไทยรามัญ - หทัยราษฎร์,หทัยราษฎร์,1,09:00-17:00,0,0,1
ไทยรามัญ - หทัยราษฎร์,หทัยราษฎร์,1,17:00-19:00,0,0,1
ไทยรามัญ - หทัยราษฎร์,ไทยรามัญ,1,07:00-09:00,0,0,1
ไทยรามัญ - หทัยราษฎร์,ไทยรามัญ,1,09:00-17:00,0,0,1
ไทยรามัญ - หทัยราษฎร์,ไทยรามัญ,1,17:00-19:00,0,0,1
ไฟฉาย,จรัญสนิทวงศ์,1,07:00-09:00,1,1,0
ไฟฉาย,จรัญสนิทวงศ์,1,09:00-16:00,1,1,0
ไฟฉาย,จรัญสนิทวงศ์,1,16:00-19:00,1,1,0
ไฟฉาย,จรัญสนิทวงศ์,2,07:00-09:00,0,1,1
ไฟฉาย,จรัญสนิทวงศ์,2,09:00-16:00,0,1,0
ไฟฉาย,จรัญสนิทวงศ์,2,09:00-17:00,0,0,1
ไฟฉาย,จรัญสนิทวงศ์,2,16:00-19:00,0,1,0
ไฟฉาย,จรัญสนิทวงศ์,2,17:00-19:00,0,0,1
ไฟฉาย,จรัญสนิทวงศ์,3,07:00-09:00,0,0,1
ไฟฉาย,จรัญสนิทวงศ์,3,09:00-17:00,0,0,1
ไฟฉาย,จรัญสนิทวงศ์,3,17:00-19:00,0,0,1
ไฟฉาย,จรัญสนิทวงศ์,4,07:00-09:00,0,0,1
ไฟฉาย,จรัญสนิทวงศ์,4,09:00-16:00,0,0,1
ไฟฉาย,จรัญสนิทวงศ์,4,16:00-19:00,0,0,1
ไฟฉาย,พรานนก,1,07:00-09:00,1,1,0
ไฟฉาย,พรานนก,1,09:00-16:00,1,1,0
ไฟฉาย,พรานนก,1,16:00-19:00,1,1,0
ไฟฉาย,พรานนก,2,07:00-09:00,0,1,1
ไฟฉาย,พรานนก,2,09:00-16:00,0,1,0
ไฟฉาย,พรานนก,2,09:00-17:00,0,0,1
ไฟฉาย,พรานนก,2,16:00-19:00,0,1,0
ไฟฉาย,พรานนก,2,17:00-19:00,0,0,1
ไฟฉาย,พรานนก,3,07:00-09:00,0,0,1
ไฟฉาย,พรานนก,3,09:00-17:00,0,0,1
ไฟฉาย,พรานนก,3,17:00-19:00,0,0,1
ไฟฉาย,พรานนก,4,07:00-09:00,0,0,1
ไฟฉาย,พรานนก,4,09:00-16:00,0,0,1
ไฟฉาย,พรานนก,4,16:00-19:00,0,0,1
ไฟฉาย,พรานนก - กาญจนาภิเษก,1,07:00-09:00,0,1,0
ไฟฉาย,พรานนก - กาญจนาภิเษก,1,09:00-16:00,0,1,0
ไฟฉาย,พรานนก - กาญจนาภิเษก,1,16:00-19:00,0,1,0
ไฟฉาย,พรานนก - กาญจนาภิเษก,2,07:00-09:00,0,1,0
ไฟฉาย,พรานนก - กาญจนาภิเษก,2,09:00-16:00,0,1,0
ไฟฉาย,พรานนก - กาญจนาภิเษก,2,16:00-19:00,0,1,0
ไฟฉาย,พรานนก - กาญจนาภิเษก,3,07:00-09:00,0,0,1
ไฟฉาย,พรานนก - กาญจนาภิเษก,3,09:00-17:00,0,0,1
ไฟฉาย,พรานนก - กาญจนาภิเษก,3,17:00-19:00,0,0,1
ไฟฉาย,พรานนกกาญจนาภิเษก,2,07:00-09:00,0,0,1
ไฟฉาย,พรานนกกาญจนาภิเษก,2,09:00-17:00,0,0,1
ไฟฉาย,พรานนกกาญจนาภิเษก,2,17:00-19:00,0,0,1
ไฟฉาย,พรานนกกาญจนาภิเษก,4,07:00-09:00,0,0,1
ไฟฉาย,พรานนกกาญจนาภิเษก,4,09:00-16:00,0,0,1
ไฟฉาย,พรานนกกาญจนาภิเษก,4,16:00-19:00,0,0,1
ไมตรีจิต,กรุงเกษม,3,07:00-09:00,0,0,1
ไมตรีจิต,กรุงเกษม,3,09:00-16:00,0,0,1
ไมตรีจิต,กรุงเกษม,3,16:00-19:00,0,0,1
ไมตรีจิต,ตรีมิตร,3,07:00-09:00,0,0,1
ไมตรีจิต,ตรีมิตร,3,09:00-16:00,0,0,1
ไมตรีจิต,ตรีมิตร,3,16:00-19:00,0,0,1
ไมตรีจิต,พระรามที่ 4,3,07:00-09:00,0,0,1
ไมตรีจิต,พระรามที่ 4,3,09:00-16:00,0,0,1
ไมตรีจิต,พระรามที่ 4,3,16:00-19:00,0,0,1
ไมตรีจิต,ไมตรีจิต,3,07:00-09:00,0,0,1
ไมตรีจิต,ไมตรีจิต,3,09:00-16:00,0,0,1
ไมตรีจิต,ไมตรีจิต,3,16:00-19:00,0,0,1
