intersection_key,road_key,time_key,ก่อนโควิด,โควิด,หลังโควิด
BRT สถานีสาทร,นราธิวาสราชนครินทร์,07:00-09:00,0,0,1
BRT สถานีสาทร,นราธิวาสราชนครินทร์,09:00-17:00,0,0,1
BRT สถานีสาทร,นราธิวาสราชนครินทร์,17:00-19:00,0,0,1
YMCA,ศาลาแดง,07:00-09:00,1,0,0
YMCA,ศาลาแดง,09:00-16:00,1,0,0
YMCA,ศาลาแดง,16:00-19:00,1,0,0
YMCA,สาทร,07:00-09:00,1,0,0
YMCA,สาทร,09:00-16:00,1,0,0
YMCA,สาทร,16:00-19:00,1,0,0
ก.ม. 8,ซ.รามอินทรา 73,07:00-09:00,1,0,0
ก.ม. 8,ซ.รามอินทรา 73,09:00-16:00,1,0,0
ก.ม. 8,ซ.รามอินทรา 73,16:00-19:00,1,0,0
ก.ม. 8,ซอยรามอินทรา 73,07:00-09:00,1,0,0
ก.ม. 8,ซอยรามอินทรา 73,09:00-16:00,1,0,0
ก.ม. 8,ซอยรามอินทรา 73,16:00-19:00,1,0,0
ก.ม. 8,นวมินทร์,07:00-09:00,2,0,0
ก.ม. 8,นวมินทร์,09:00-16:00,2,0,0
ก.ม. 8,นวมินทร์,16:00-19:00,2,0,0
ก.ม. 8,รามอินทรา,07:00-09:00,2,0,0
ก.ม. 8,รามอินทรา,09:00-16:00,2,0,0
ก.ม. 8,รามอินทรา,16:00-19:00,2,0,0
กทม.1,ดินสอ,07:00-09:00,0,0,1
กทม.1,ดินสอ,09:00-16:00,0,0,1
กทม.1,ดินสอ,16:00-19:00,0,0,1
กทม.1,มหรรณพ,07:00-09:00,0,0,1
กทม.1,มหรรณพ,09:00-16:00,0,0,1
กทม.1,มหรรณพ,16:00-19:00,0,0,1
กม. 8,นวมินทร์,07:00-09:00,0,0,1
กม. 8,นวมินทร์,09:00-16:00,0,0,1
กม. 8,นวมินทร์,16:00-19:00,0,0,1
กม. 8,รามอินทรา,07:00-09:00,0,0,1
กม. 8,รามอินทรา,09:00-16:00,0,0,1
กม. 8,รามอินทรา,16:00-19:00,0,0,1
กม. 8,รามอินทรา 73,07:00-09:00,0,0,1
กม. 8,รามอินทรา 73,09:00-16:00,0,0,1
กม. 8,รามอินทรา 73,16:00-19:00,0,0,1
กม.8,นวมินทร์,07:00-09:00,0,0,1
กม.8,นวมินทร์,09:00-17:00,0,0,1
กม.8,นวมินทร์,17:00-19:00,0,0,1
กม.8,รามอินทรา,07:00-09:00,0,0,1
กม.8,รามอินทรา,09:00-17:00,0,0,1
กม.8,รามอินทรา,17:00-19:00,0,0,1
กม.8,รามอินทรา 73,07:00-09:00,0,0,1
กม.8,รามอินทรา 73,09:00-17:00,0,0,1
กม.8,รามอินทรา 73,17:00-19:00,0,0,1
กรมพลาธกิารทหารอากาศ,ซอยพลโยธนิ 54/1,07:00-09:00,0,1,0
กรมพลาธกิารทหารอากาศ,ซอยพลโยธนิ 54/1,09:00-16:00,0,1,0
กรมพลาธกิารทหารอากาศ,ซอยพลโยธนิ 54/1,16:00-19:00,0,1,0
กรมพลาธกิารทหารอากาศ,ทางเข้าพลาธิการ ทอ.,07:00-09:00,0,1,0
กรมพลาธกิารทหารอากาศ,ทางเข้าพลาธิการ ทอ.,09:00-16:00,0,1,0
กรมพลาธกิารทหารอากาศ,ทางเข้าพลาธิการ ทอ.,16:00-19:00,0,1,0
กรมพลาธกิารทหารอากาศ,พหลโยธิน,07:00-09:00,0,1,0
กรมพลาธกิารทหารอากาศ,พหลโยธิน,09:00-16:00,0,1,0
กรมพลาธกิารทหารอากาศ,พหลโยธิน,16:00-19:00,0,1,0
กรมพลาธิการทหารอากาศ,ทางเข้ากรมพลาธิการฯ,07:00-09:00,0,0,1
กรมพลาธิการทหารอากาศ,ทางเข้ากรมพลาธิการฯ,09:00-17:00,0,0,1
กรมพลาธิการทหารอากาศ,ทางเข้ากรมพลาธิการฯ,17:00-19:00,0,0,1
กรมพลาธิการทหารอากาศ,พหลโยธิน,09:00-17:00,0,0,1
กรมพลาธิการทหารอากาศ,พหลโยธิน,17:00-19:00,0,0,1
กรมพลาธิการทหารอากาศ,พหลโยธิน 54/1,07:00-09:00,0,0,1
กรมพลาธิการทหารอากาศ,พหลโยธิน 54/1,09:00-17:00,0,0,1
กรมพลาธิการทหารอากาศ,พหลโยธิน 54/1,17:00-19:00,0,0,1
กรมศุลกากร,สุนทรโกษา,06:30-09:00,1,0,0
กรมศุลกากร,สุนทรโกษา,07:00-09:00,1,1,0
กรมศุลกากร,สุนทรโกษา,09:00-16:00,2,1,0
กรมศุลกากร,สุนทรโกษา,16:00-19:00,1,1,0
กรมศุลกากร,สุนทรโกษา,16:00-19:30,1,0,0
กรมศุลกากร,อาจณรงค์,07:00-09:00,2,1,0
กรมศุลกากร,อาจณรงค์,09:00-16:00,2,1,0
กรมศุลกากร,อาจณรงค์,16:00-19:00,2,1,0
กรมศุลกากร,เกษมราษฎร์,06:30-09:00,1,0,0
กรมศุลกากร,เกษมราษฎร์,07:00-09:00,1,1,0
กรมศุลกากร,เกษมราษฎร์,09:00-16:00,2,1,0
กรมศุลกากร,เกษมราษฎร์,16:00-19:00,1,1,0
กรมศุลกากร,เกษมราษฎร์,16:00-19:30,1,0,0
กระทรวงแรงงาน,มิตรไมตรี,07:00-09:00,1,0,0
กระทรวงแรงงาน,มิตรไมตรี,09:00-16:00,1,0,0
กระทรวงแรงงาน,มิตรไมตรี,16:00-19:00,1,0,0
กระทรวงแรงงาน,มิตรไมตรี 1,07:00-09:00,1,0,0
กระทรวงแรงงาน,มิตรไมตรี 1,09:00-16:00,1,0,0
กระทรวงแรงงาน,มิตรไมตรี 1,16:00-19:00,1,0,0
กรุงธนบุรี,กรุงธนบุรี,07:00-09:00,0,0,1
กรุงธนบุรี,กรุงธนบุรี,09:00-16:00,0,0,1
กรุงธนบุรี,กรุงธนบุรี,16:00-19:00,0,0,1
กรุงธนบุรี 6,กรุงธนบุรี,07:00-09:00,0,0,1
กรุงธนบุรี 6,กรุงธนบุรี,09:00-17:00,0,0,1
กรุงธนบุรี 6,กรุงธนบุรี,17:00-19:00,0,0,1
กรุงธนบุรี 6,กรุงธนบุรี 6,07:00-09:00,0,0,1
กรุงธนบุรี 6,กรุงธนบุรี 6,09:00-17:00,0,0,1
กรุงธนบุรี 6,กรุงธนบุรี 6,17:00-19:00,0,0,1
กรุงธนบุรีเหนือ,กรุงธนบุรี,07:00-09:00,0,0,2
กรุงธนบุรีเหนือ,กรุงธนบุรี,09:00-17:00,0,0,2
กรุงธนบุรีเหนือ,กรุงธนบุรี,17:00-19:00,0,0,2
กรุงธนบุรีเหนือ,เจริญนคร,07:00-09:00,0,0,2
กรุงธนบุรีเหนือ,เจริญนคร,09:00-17:00,0,0,2
กรุงธนบุรีเหนือ,เจริญนคร,17:00-19:00,0,0,2
กรุงธนบุรีใต้,กรุงธนบุรี,07:00-09:00,0,0,2
กรุงธนบุรีใต้,กรุงธนบุรี,09:00-17:00,0,0,2
กรุงธนบุรีใต้,กรุงธนบุรี,17:00-19:00,0,0,2
กรุงธนบุรีใต้,เจริญนคร,07:00-09:00,0,0,2
กรุงธนบุรีใต้,เจริญนคร,09:00-17:00,0,0,2
กรุงธนบุรีใต้,เจริญนคร,17:00-19:00,0,0,2
กรุงเทพกรีฑา,กรุงเทพกรีฑา,07:00-09:00,1,1,0
กรุงเทพกรีฑา,กรุงเทพกรีฑา,09:00-16:00,1,1,0
กรุงเทพกรีฑา,กรุงเทพกรีฑา,16:00-19:00,1,1,0
กรุงเทพกรีฑา,ศรีนครินทร์,06:30-09:00,1,0,0
กรุงเทพกรีฑา,ศรีนครินทร์,07:00-09:00,0,1,0
กรุงเทพกรีฑา,ศรีนครินทร์,09:00-16:00,1,1,0
กรุงเทพกรีฑา,ศรีนครินทร์,16:00-19:00,0,1,0
กรุงเทพกรีฑา,ศรีนครินทร์,16:00-19:30,1,0,0
กรุงเทพกรีฑา,หัวหมาก,06:30-09:00,1,0,0
กรุงเทพกรีฑา,หัวหมาก,07:00-09:00,0,1,0
กรุงเทพกรีฑา,หัวหมาก,09:00-16:00,1,1,0
กรุงเทพกรีฑา,หัวหมาก,16:00-19:00,0,1,0
กรุงเทพกรีฑา,หัวหมาก,16:00-19:30,1,0,0
กรุงเทพกรีฑา - ศรีนครินทร์ร่มเกล้า,ซอยกรุงเทพกรีฑา 7,07:00-09:00,0,0,1
กรุงเทพกรีฑา - ศรีนครินทร์ร่มเกล้า,ซอยกรุงเทพกรีฑา 7,09:00-17:00,0,0,1
กรุงเทพกรีฑา - ศรีนครินทร์ร่มเกล้า,ซอยกรุงเทพกรีฑา 7,17:00-19:00,0,0,1
กรุงเทพกรีฑา - ศรีนครินทร์ร่มเกล้า,ถนนกรุงเทพกรีฑา (EB),07:00-09:00,0,0,1
กรุงเทพกรีฑา - ศรีนครินทร์ร่มเกล้า,ถนนกรุงเทพกรีฑา (EB),09:00-17:00,0,0,1
กรุงเทพกรีฑา - ศรีนครินทร์ร่มเกล้า,ถนนกรุงเทพกรีฑา (EB),17:00-19:00,0,0,1
กรุงเทพกรีฑา - ศรีนครินทร์ร่มเกล้า,ถนนกรุงเทพกรีฑา (NB),07:00-09:00,0,0,1
กรุงเทพกรีฑา - ศรีนครินทร์ร่มเกล้า,ถนนกรุงเทพกรีฑา (NB),09:00-17:00,0,0,1
กรุงเทพกรีฑา - ศรีนครินทร์ร่มเกล้า,ถนนกรุงเทพกรีฑา (NB),17:00-19:00,0,0,1
กรุงเทพกรีฑา - ศรีนครินทร์ร่มเกล้า,ถนนศรีนครินทร์-ร่มเกล้า,07:00-09:00,0,0,1
กรุงเทพกรีฑา - ศรีนครินทร์ร่มเกล้า,ถนนศรีนครินทร์-ร่มเกล้า,09:00-17:00,0,0,1
กรุงเทพกรีฑา - ศรีนครินทร์ร่มเกล้า,ถนนศรีนครินทร์-ร่มเกล้า,17:00-19:00,0,0,1
กรุงเทพกรีฑา - หมู่บ้านนักกีฬาแหลมทอง,กรุงเทพกรีฑา,07:00-09:00,0,0,1
กรุงเทพกรีฑา - หมู่บ้านนักกีฬาแหลมทอง,กรุงเทพกรีฑา,09:00-17:00,0,0,1
กรุงเทพกรีฑา - หมู่บ้านนักกีฬาแหลมทอง,กรุงเทพกรีฑา,17:00-19:00,0,0,1
กรุงเทพกรีฑา - หมู่บ้านนักกีฬาแหลมทอง,หมู่บ้านนักกีฬาแหลมทอง,07:00-09:00,0,0,1
กรุงเทพกรีฑา - หมู่บ้านนักกีฬาแหลมทอง,หมู่บ้านนักกีฬาแหลมทอง,09:00-17:00,0,0,1
กรุงเทพกรีฑา - หมู่บ้านนักกีฬาแหลมทอง,หมู่บ้านนักกีฬาแหลมทอง,17:00-19:00,0,0,1
กรุงเทพกรีฑา 20,กรุงเทพกรีฑา,07:00-09:00,0,0,2
กรุงเทพกรีฑา 20,กรุงเทพกรีฑา,09:00-17:00,0,0,2
กรุงเทพกรีฑา 20,กรุงเทพกรีฑา,17:00-19:00,0,0,2
กรุงเทพกรีฑา 20,กรุงเทพกรีฑา 20,07:00-09:00,0,0,2
กรุงเทพกรีฑา 20,กรุงเทพกรีฑา 20,09:00-17:00,0,0,2
กรุงเทพกรีฑา 20,กรุงเทพกรีฑา 20,17:00-19:00,0,0,2
กรุงเทพกรีฑา 20,กรุงเทพกรีฑา 37,07:00-09:00,0,0,2
กรุงเทพกรีฑา 20,กรุงเทพกรีฑา 37,09:00-17:00,0,0,2
กรุงเทพกรีฑา 20,กรุงเทพกรีฑา 37,17:00-19:00,0,0,2
กลางซอยแบริ่ง,แบริ่ง,07:00-09:00,0,0,1
กลางซอยแบริ่ง,แบริ่ง,09:00-17:00,0,0,1
กลางซอยแบริ่ง,แบริ่ง,17:00-19:00,0,0,1
กลางซอยแบริ่ง,แบริ่งลาซาล,07:00-09:00,0,0,1
กลางซอยแบริ่ง,แบริ่งลาซาล,09:00-17:00,0,0,1
กลางซอยแบริ่ง,แบริ่งลาซาล,17:00-19:00,0,0,1
กล้วยน้ำไท,กล้วยน้ำไท,07:00-09:00,0,0,1
กล้วยน้ำไท,กล้วยน้ำไท,09:00-17:00,0,0,1
กล้วยน้ำไท,กล้วยน้ำไท,17:00-19:00,0,0,1
กล้วยน้ำไท,กล้วยน้ำไทตัดใหม่,07:00-09:00,1,1,0
กล้วยน้ำไท,กล้วยน้ำไทตัดใหม่,09:00-16:00,1,1,0
กล้วยน้ำไท,กล้วยน้ำไทตัดใหม่,16:00-19:00,1,1,0
กล้วยน้ำไท,พระรามที่ 4,07:00-09:00,1,0,1
กล้วยน้ำไท,พระรามที่ 4,09:00-16:00,1,0,1
กล้วยน้ำไท,พระรามที่ 4,16:00-19:00,1,0,1
กล้วยน้ำไท,พระรามที่4,07:00-09:00,0,1,1
กล้วยน้ำไท,พระรามที่4,09:00-16:00,0,1,0
กล้วยน้ำไท,พระรามที่4,09:00-17:00,0,0,1
กล้วยน้ำไท,พระรามที่4,16:00-19:00,0,1,0
กล้วยน้ำไท,พระรามที่4,17:00-19:00,0,0,1
กล้วยน้ำไท,รัชดาภิเษก,07:00-09:00,0,0,1
กล้วยน้ำไท,รัชดาภิเษก,09:00-16:00,0,0,1
กล้วยน้ำไท,รัชดาภิเษก,16:00-19:00,0,0,1
กล้วยน้ำไท,เทียมร่วมมิตร,07:00-09:00,0,0,1
กล้วยน้ำไท,เทียมร่วมมิตร,09:00-16:00,0,0,1
กล้วยน้ำไท,เทียมร่วมมิตร,16:00-19:00,0,0,1
กษัตริย์ศึก,กรุงเกษม,07:00-09:00,2,0,3
กษัตริย์ศึก,กรุงเกษม,09:00-16:00,2,0,1
กษัตริย์ศึก,กรุงเกษม,09:00-17:00,0,0,2
กษัตริย์ศึก,กรุงเกษม,16:00-19:00,2,0,1
กษัตริย์ศึก,กรุงเกษม,17:00-19:00,0,0,2
กษัตริย์ศึก,บำรุงเมือง,07:00-09:00,2,0,3
กษัตริย์ศึก,บำรุงเมือง,09:00-16:00,2,0,1
กษัตริย์ศึก,บำรุงเมือง,09:00-17:00,0,0,2
กษัตริย์ศึก,บำรุงเมือง,16:00-19:00,2,0,1
กษัตริย์ศึก,บำรุงเมือง,17:00-19:00,0,0,2
กษัตริย์ศึก,พระรามที่ 1,07:00-09:00,0,0,1
กษัตริย์ศึก,พระรามที่ 1,09:00-16:00,0,0,1
กษัตริย์ศึก,พระรามที่ 1,16:00-19:00,0,0,1
กองบัญชาการกองทัพบก,ประชาธิปไตย,07:00-09:00,0,0,1
กองบัญชาการกองทัพบก,ประชาธิปไตย,09:00-17:00,0,0,1
กองบัญชาการกองทัพบก,ประชาธิปไตย,17:00-19:00,0,0,1
กาญจนาภิเษก - กัลปพฤกษ์,กัลปพฤกษ์,07:00-09:00,0,0,1
กาญจนาภิเษก - กัลปพฤกษ์,กัลปพฤกษ์,09:00-16:00,0,0,1
กาญจนาภิเษก - กัลปพฤกษ์,กัลปพฤกษ์,16:00-19:00,0,0,1
กาญจนาภิเษก - กัลปพฤกษ์,กาญจนาภิเษก,07:00-09:00,0,0,1
กาญจนาภิเษก - กัลปพฤกษ์,กาญจนาภิเษก,09:00-16:00,0,0,1
กาญจนาภิเษก - กัลปพฤกษ์,กาญจนาภิเษก,16:00-19:00,0,0,1
กาญจนาภิเษก 5/1,กาญจนาภิเษก 5/1,07:00-09:00,0,0,1
กาญจนาภิเษก 5/1,กาญจนาภิเษก 5/1,09:00-17:00,0,0,1
กาญจนาภิเษก 5/1,กาญจนาภิเษก 5/1,17:00-19:00,0,0,1
กาญจนาภิเษก 5/1,คู่ขนานกาญจนาภิเษก(มอเตอร์เวย์ 9),07:00-09:00,0,0,1
กาญจนาภิเษก 5/1,คู่ขนานกาญจนาภิเษก(มอเตอร์เวย์ 9),09:00-17:00,0,0,1
กาญจนาภิเษก 5/1,คู่ขนานกาญจนาภิเษก(มอเตอร์เวย์ 9),17:00-19:00,0,0,1
กาญจนาภิเษก 6,กาญจนาภิเษก 6,07:00-09:00,0,0,1
กาญจนาภิเษก 6,กาญจนาภิเษก 6,09:00-17:00,0,0,1
กาญจนาภิเษก 6,กาญจนาภิเษก 6,17:00-19:00,0,0,1
กาญจนาภิเษก 6,คู่ขนานกาญจนาภิเษก(มอเตอร์เวย์ 9),07:00-09:00,0,0,1
กาญจนาภิเษก 6,คู่ขนานกาญจนาภิเษก(มอเตอร์เวย์ 9),09:00-17:00,0,0,1
กาญจนาภิเษก 6,คู่ขนานกาญจนาภิเษก(มอเตอร์เวย์ 9),17:00-19:00,0,0,1
การสื่อสาร,แจ้งวัฒนะ,07:00-09:00,0,0,1
การสื่อสาร,แจ้งวัฒนะ,09:00-17:00,0,0,1
การสื่อสาร,แจ้งวัฒนะ,17:00-19:00,0,0,1
การสื่อสาร,แจ้งวัฒนะ 7,07:00-09:00,0,0,1
การสื่อสาร,แจ้งวัฒนะ 7,09:00-17:00,0,0,1
การสื่อสาร,แจ้งวัฒนะ 7,17:00-19:00,0,0,1
การเคหะ,ซอยนวมินทร์ 51,07:00-09:00,1,0,0
การเคหะ,ซอยนวมินทร์ 51,09:00-16:00,1,0,0
การเคหะ,ซอยนวมินทร์ 51,16:00-19:00,1,0,0
การเคหะ,นวมินทร์,07:00-09:00,1,0,1
การเคหะ,นวมินทร์,09:00-16:00,1,0,0
การเคหะ,นวมินทร์,09:00-17:00,0,0,1
การเคหะ,นวมินทร์,16:00-19:00,1,0,0
การเคหะ,นวมินทร์,17:00-19:00,0,0,1
การเคหะ,นวมินทร์ 51,07:00-09:00,0,0,1
การเคหะ,นวมินทร์ 51,09:00-17:00,0,0,1
การเคหะ,นวมินทร์ 51,17:00-19:00,0,0,1
การเคหะ,ศรีบูรพา,07:00-09:00,1,0,1
การเคหะ,ศรีบูรพา,09:00-16:00,1,0,0
การเคหะ,ศรีบูรพา,09:00-17:00,0,0,1
การเคหะ,ศรีบูรพา,16:00-19:00,1,0,0
การเคหะ,ศรีบูรพา,17:00-19:00,0,0,1
การเรือน,นครราชสีมา,07:00-09:00,0,0,2
การเรือน,นครราชสีมา,09:00-17:00,0,0,2
การเรือน,นครราชสีมา,17:00-19:00,0,0,2
การเรือน,ราชวิถี,07:00-09:00,1,1,3
การเรือน,ราชวิถี,09:00-16:00,1,1,1
การเรือน,ราชวิถี,09:00-17:00,0,0,2
การเรือน,ราชวิถี,16:00-19:00,1,1,1
การเรือน,ราชวิถี,17:00-19:00,0,0,2
การเรือน,ราชสีมา,07:00-09:00,1,1,1
การเรือน,ราชสีมา,09:00-16:00,1,1,1
การเรือน,ราชสีมา,16:00-19:00,1,1,1
การไฟฟ้าชิดลม,ชิดลม,07:00-09:00,1,0,0
การไฟฟ้าชิดลม,ชิดลม,09:00-16:00,1,0,0
การไฟฟ้าชิดลม,ชิดลม,16:00-19:00,1,0,0
กำนันธารทิพย์,พุทธบูชา,07:00-09:00,0,0,2
กำนันธารทิพย์,พุทธบูชา,09:00-16:00,0,0,1
กำนันธารทิพย์,พุทธบูชา,09:00-17:00,0,0,1
กำนันธารทิพย์,พุทธบูชา,16:00-19:00,0,0,1
กำนันธารทิพย์,พุทธบูชา,17:00-19:00,0,0,1
กำนันธารทิพย์,พุทธบูชา 36,07:00-09:00,0,0,2
กำนันธารทิพย์,พุทธบูชา 36,09:00-16:00,0,0,1
กำนันธารทิพย์,พุทธบูชา 36,09:00-17:00,0,0,1
กำนันธารทิพย์,พุทธบูชา 36,16:00-19:00,0,0,1
กำนันธารทิพย์,พุทธบูชา 36,17:00-19:00,0,0,1
กำนันธารทิพย์,พุทธบูชา 39,07:00-09:00,0,0,2
กำนันธารทิพย์,พุทธบูชา 39,09:00-16:00,0,0,1
กำนันธารทิพย์,พุทธบูชา 39,09:00-17:00,0,0,1
กำนันธารทิพย์,พุทธบูชา 39,16:00-19:00,0,0,1
กำนันธารทิพย์,พุทธบูชา 39,17:00-19:00,0,0,1
กำนันแม้น,ซอยเทอดไท 86,07:00-09:00,1,0,0
กำนันแม้น,ซอยเทอดไท 86,09:00-16:00,1,0,0
กำนันแม้น,ซอยเทอดไท 86,16:00-19:00,1,0,0
กำนันแม้น,ศาลธนบุรี,07:00-09:00,1,0,0
กำนันแม้น,ศาลธนบุรี,09:00-16:00,1,0,0
กำนันแม้น,ศาลธนบุรี,16:00-19:00,1,0,0
กำนันแม้น,เทอดไท,07:00-09:00,1,0,0
กำนันแม้น,เทอดไท,09:00-16:00,1,0,0
กำนันแม้น,เทอดไท,16:00-19:00,1,0,0
กำแพงเพชร,กำแพงเพชร,06:30-09:00,1,0,0
กำแพงเพชร,กำแพงเพชร,07:00-09:00,1,1,4
กำแพงเพชร,กำแพงเพชร,09:00-16:00,2,1,2
กำแพงเพชร,กำแพงเพชร,09:00-17:00,0,0,2
กำแพงเพชร,กำแพงเพชร,16:00-19:00,1,1,2
กำแพงเพชร,กำแพงเพชร,16:00-19:30,1,0,0
กำแพงเพชร,กำแพงเพชร,17:00-19:00,0,0,2
กำแพงเพชร,ซ.พหลโยธิน 18,07:00-09:00,1,0,0
กำแพงเพชร,ซ.พหลโยธิน 18,09:00-16:00,1,0,0
กำแพงเพชร,ซ.พหลโยธิน 18,16:00-19:00,1,0,0
กำแพงเพชร,ซอนพหลโยธิน 18,07:00-09:00,1,0,0
กำแพงเพชร,ซอนพหลโยธิน 18,09:00-16:00,1,0,0
กำแพงเพชร,ซอนพหลโยธิน 18,16:00-19:00,1,0,0
กำแพงเพชร,ซอยพหลโยธิน 18,07:00-09:00,0,1,0
กำแพงเพชร,ซอยพหลโยธิน 18,09:00-16:00,0,1,0
กำแพงเพชร,ซอยพหลโยธิน 18,16:00-19:00,0,1,0
กำแพงเพชร,พหลโยธิน,07:00-09:00,2,1,4
กำแพงเพชร,พหลโยธิน,09:00-16:00,2,1,2
กำแพงเพชร,พหลโยธิน,09:00-17:00,0,0,2
กำแพงเพชร,พหลโยธิน,16:00-19:00,2,1,2
กำแพงเพชร,พหลโยธิน,17:00-19:00,0,0,2
กำแพงเพชร,พหลโยธิน 18,07:00-09:00,0,0,4
กำแพงเพชร,พหลโยธิน 18,09:00-16:00,0,0,2
กำแพงเพชร,พหลโยธิน 18,09:00-17:00,0,0,2
กำแพงเพชร,พหลโยธิน 18,16:00-19:00,0,0,2
กำแพงเพชร,พหลโยธิน 18,17:00-19:00,0,0,2
กำแพงเพชร 2,กำแพงเพชร,07:00-09:00,0,0,1
กำแพงเพชร 2,กำแพงเพชร,09:00-17:00,0,0,1
กำแพงเพชร 2,กำแพงเพชร,17:00-19:00,0,0,1
กำแพงเพชร 2,กำแพงเพชร 2,07:00-09:00,0,1,1
กำแพงเพชร 2,กำแพงเพชร 2,09:00-16:00,0,1,0
กำแพงเพชร 2,กำแพงเพชร 2,09:00-17:00,0,0,1
กำแพงเพชร 2,กำแพงเพชร 2,16:00-19:00,0,1,0
กำแพงเพชร 2,กำแพงเพชร 2,17:00-19:00,0,0,1
กำแพงเพชร 5-ระนอง 1 - พระรามที่ 6 ซ.37,กำแพงเพชร 5,07:00-09:00,0,1,0
กำแพงเพชร 5-ระนอง 1 - พระรามที่ 6 ซ.37,กำแพงเพชร 5,09:00-16:00,0,1,0
กำแพงเพชร 5-ระนอง 1 - พระรามที่ 6 ซ.37,กำแพงเพชร 5,16:00-19:00,0,1,0
กำแพงเพชร 5-ระนอง 1 - พระรามที่ 6 ซ.37,พระรามที่ 6 ซ.37,07:00-09:00,0,1,0
กำแพงเพชร 5-ระนอง 1 - พระรามที่ 6 ซ.37,พระรามที่ 6 ซ.37,09:00-16:00,0,1,0
กำแพงเพชร 5-ระนอง 1 - พระรามที่ 6 ซ.37,พระรามที่ 6 ซ.37,16:00-19:00,0,1,0
กำแพงเพชร 5-ระนอง 1 - พระรามที่ 6 ซ.37,ระนอง 1,07:00-09:00,0,1,0
กำแพงเพชร 5-ระนอง 1 - พระรามที่ 6 ซ.37,ระนอง 1,09:00-16:00,0,1,0
กำแพงเพชร 5-ระนอง 1 - พระรามที่ 6 ซ.37,ระนอง 1,16:00-19:00,0,1,0
กำแพงเพชร 6 ซ.5 แยก 2,กำแพงเพชร 6 ซ.5,07:00-09:00,0,0,1
กำแพงเพชร 6 ซ.5 แยก 2,กำแพงเพชร 6 ซ.5,09:00-17:00,0,0,1
กำแพงเพชร 6 ซ.5 แยก 2,กำแพงเพชร 6 ซ.5,17:00-19:00,0,0,1
กำแพงเพชร 6 ซ.5 แยก 2,กำแพงเพชร 6 ซ.5 แยก 2,07:00-09:00,0,0,1
กำแพงเพชร 6 ซ.5 แยก 2,กำแพงเพชร 6 ซ.5 แยก 2,09:00-17:00,0,0,1
กำแพงเพชร 6 ซ.5 แยก 2,กำแพงเพชร 6 ซ.5 แยก 2,17:00-19:00,0,0,1
กำแพงเพชร 6 ซ.5 แยก 2,ส่วนบุคคล,07:00-09:00,0,0,1
กำแพงเพชร 6 ซ.5 แยก 2,ส่วนบุคคล,09:00-17:00,0,0,1
กำแพงเพชร 6 ซ.5 แยก 2,ส่วนบุคคล,17:00-19:00,0,0,1
ก่อนเข้าทางด่วน,สุขุมวิท 62,07:00-09:00,0,0,1
ก่อนเข้าทางด่วน,สุขุมวิท 62,09:00-17:00,0,0,1
ก่อนเข้าทางด่วน,สุขุมวิท 62,17:00-19:00,0,0,1
ขัตติยานี,พิชัย,07:00-09:00,1,1,3
ขัตติยานี,พิชัย,09:00-16:00,1,1,1
ขัตติยานี,พิชัย,09:00-17:00,0,0,2
ขัตติยานี,พิชัย,16:00-19:00,1,1,1
ขัตติยานี,พิชัย,17:00-19:00,0,0,2
ขัตติยานี,สุโขทัย,07:00-09:00,1,1,3
ขัตติยานี,สุโขทัย,09:00-16:00,1,1,1
ขัตติยานี,สุโขทัย,09:00-17:00,0,0,2
ขัตติยานี,สุโขทัย,16:00-19:00,1,1,1
ขัตติยานี,สุโขทัย,17:00-19:00,0,0,2
ข้างวังสวนจิตรลดา,สวรรคโลก,07:00-09:00,1,0,0
ข้างวังสวนจิตรลดา,สวรรคโลก,09:00-16:00,1,0,0
ข้างวังสวนจิตรลดา,สวรรคโลก,16:00-19:00,1,0,0
ข้างวัดบวรนิเวศน์,บวรนิเวศน์,07:00-09:00,1,0,0
ข้างวัดบวรนิเวศน์,บวรนิเวศน์,09:00-16:00,1,0,0
ข้างวัดบวรนิเวศน์,บวรนิเวศน์,16:00-19:00,1,0,0
ข้างศาลาว่าการกรุงเทพมหานคร,ดินสอ,07:00-09:00,2,0,0
ข้างศาลาว่าการกรุงเทพมหานคร,ดินสอ,09:00-16:00,2,0,0
ข้างศาลาว่าการกรุงเทพมหานคร,ดินสอ,16:00-19:00,2,0,0
ข้างสวนดุสิต,พระรามที่ 5,07:00-09:00,1,0,0
ข้างสวนดุสิต,พระรามที่ 5,09:00-16:00,1,0,0
ข้างสวนดุสิต,พระรามที่ 5,16:00-19:00,1,0,0
ข้ามหน้าโรงเรียนมัธยมวัดบึงทองห,ลาดพร้าว 101,07:00-09:00,1,0,0
ข้ามหน้าโรงเรียนมัธยมวัดบึงทองห,ลาดพร้าว 101,09:00-16:00,1,0,0
ข้ามหน้าโรงเรียนมัธยมวัดบึงทองห,ลาดพร้าว 101,16:00-19:00,1,0,0
ข้าวหลาม - เจริญกรุง,เจริญกรุง,07:00-09:00,0,0,1
ข้าวหลาม - เจริญกรุง,เจริญกรุง,09:00-17:00,0,0,1
ข้าวหลาม - เจริญกรุง,เจริญกรุง,17:00-19:00,0,0,1
ค.ป.อ.,จันทรุเบกษา,07:00-09:00,0,1,2
ค.ป.อ.,จันทรุเบกษา,09:00-16:00,0,1,0
ค.ป.อ.,จันทรุเบกษา,09:00-17:00,0,0,2
ค.ป.อ.,จันทรุเบกษา,16:00-19:00,0,1,0
ค.ป.อ.,จันทรุเบกษา,17:00-19:00,0,0,2
ค.ป.อ.,ธูปเตมีย์,07:00-09:00,0,1,2
ค.ป.อ.,ธูปเตมีย์,09:00-16:00,0,1,0
ค.ป.อ.,ธูปเตมีย์,09:00-17:00,0,0,2
ค.ป.อ.,ธูปเตมีย์,16:00-19:00,0,1,0
ค.ป.อ.,ธูปเตมีย์,17:00-19:00,0,0,2
ค.ป.อ.,พหลโยธิน,07:00-09:00,0,1,2
ค.ป.อ.,พหลโยธิน,09:00-16:00,0,1,0
ค.ป.อ.,พหลโยธิน,09:00-17:00,0,0,2
ค.ป.อ.,พหลโยธิน,16:00-19:00,0,1,0
ค.ป.อ.,พหลโยธิน,17:00-19:00,0,0,2
คนข้ามบริเวณหมู่บ้านมณฑล 3,พุทธมณฑลสาย 3,07:00-09:00,1,0,0
คนข้ามบริเวณหมู่บ้านมณฑล 3,พุทธมณฑลสาย 3,09:00-16:00,1,0,0
คนข้ามบริเวณหมู่บ้านมณฑล 3,พุทธมณฑลสาย 3,16:00-19:00,1,0,0
ครุใน,ครุใน,07:00-09:00,0,0,1
ครุใน,ครุใน,09:00-16:00,0,0,1
ครุใน,ครุใน,16:00-19:00,0,0,1
ครุใน,ประชาอุทิศ,07:00-09:00,0,0,1
ครุใน,ประชาอุทิศ,09:00-16:00,0,0,1
ครุใน,ประชาอุทิศ,16:00-19:00,0,0,1
คลองตัน,พัฒนาการ,07:00-09:00,2,1,2
คลองตัน,พัฒนาการ,09:00-16:00,2,1,1
คลองตัน,พัฒนาการ,09:00-17:00,0,0,1
คลองตัน,พัฒนาการ,16:00-19:00,2,1,1
คลองตัน,พัฒนาการ,17:00-19:00,0,0,1
คลองตัน,รามคำแหง,07:00-09:00,2,1,2
คลองตัน,รามคำแหง,09:00-16:00,2,1,1
คลองตัน,รามคำแหง,09:00-17:00,0,0,1
คลองตัน,รามคำแหง,16:00-19:00,2,1,0
คลองตัน,รามคำแหง,17:00-19:00,0,0,1
คลองตัน,สุขุมวิท,07:00-09:00,0,0,1
คลองตัน,สุขุมวิท,09:00-16:00,0,0,1
คลองตัน,สุขุมวิท,16:00-19:00,0,0,1
คลองตัน,สุขุมวิท 71,07:00-09:00,2,1,1
คลองตัน,สุขุมวิท 71,09:00-16:00,2,1,0
คลองตัน,สุขุมวิท 71,09:00-17:00,0,0,1
คลองตัน,สุขุมวิท 71,16:00-19:00,2,1,0
คลองตัน,สุขุมวิท 71,17:00-19:00,0,0,1
คลองตัน,เพชรบุรี,07:00-09:00,2,1,2
คลองตัน,เพชรบุรี,09:00-16:00,2,1,1
คลองตัน,เพชรบุรี,09:00-17:00,0,0,1
คลองตัน,เพชรบุรี,16:00-19:00,2,1,0
คลองตัน,เพชรบุรี,17:00-19:00,0,0,1
คลองประปา,ประชาชื่น,07:00-09:00,1,1,1
คลองประปา,ประชาชื่น,09:00-16:00,1,1,0
คลองประปา,ประชาชื่น,09:00-17:00,0,0,1
คลองประปา,ประชาชื่น,16:00-19:00,1,1,0
คลองประปา,ประชาชื่น,17:00-19:00,0,0,1
คลองประปา,เลียบคลองประปา,07:00-09:00,1,1,1
คลองประปา,เลียบคลองประปา,09:00-16:00,1,1,0
คลองประปา,เลียบคลองประปา,09:00-17:00,0,0,1
คลองประปา,เลียบคลองประปา,16:00-19:00,1,1,0
คลองประปา,เลียบคลองประปา,17:00-19:00,0,0,1
คลองประปา,แจ้งวัฒนะ,07:00-09:00,1,1,1
คลองประปา,แจ้งวัฒนะ,09:00-16:00,1,1,0
คลองประปา,แจ้งวัฒนะ,09:00-17:00,0,0,1
คลองประปา,แจ้งวัฒนะ,16:00-19:00,1,1,0
คลองประปา,แจ้งวัฒนะ,17:00-19:00,0,0,1
คลองประปา – ซอยข้าง รร.เซนต์ฟรังซีสเซเวียร์,ข้างร.ร.เซนฟรังซีสเซเวียร์,07:00-09:00,0,0,1
คลองประปา – ซอยข้าง รร.เซนต์ฟรังซีสเซเวียร์,ข้างร.ร.เซนฟรังซีสเซเวียร์,09:00-17:00,0,0,1
คลองประปา – ซอยข้าง รร.เซนต์ฟรังซีสเซเวียร์,ข้างร.ร.เซนฟรังซีสเซเวียร์,17:00-19:00,0,0,1
คลองประปา – ซอยข้าง รร.เซนต์ฟรังซีสเซเวียร์,เลียบคลองประปา,07:00-09:00,0,0,1
คลองประปา – ซอยข้าง รร.เซนต์ฟรังซีสเซเวียร์,เลียบคลองประปา,09:00-17:00,0,0,1
คลองประปา – ซอยข้าง รร.เซนต์ฟรังซีสเซเวียร์,เลียบคลองประปา,17:00-19:00,0,0,1
คลองประปา – ซอยหมู่บ้านเพชรวัฒนะ,หมู่บ้านเพชรวัฒนะ,07:00-09:00,0,0,1
คลองประปา – ซอยหมู่บ้านเพชรวัฒนะ,หมู่บ้านเพชรวัฒนะ,09:00-17:00,0,0,1
คลองประปา – ซอยหมู่บ้านเพชรวัฒนะ,หมู่บ้านเพชรวัฒนะ,17:00-19:00,0,0,1
คลองประปา – ซอยหมู่บ้านเพชรวัฒนะ,เลียบคลองประปา,07:00-09:00,0,0,1
คลองประปา – ซอยหมู่บ้านเพชรวัฒนะ,เลียบคลองประปา,09:00-17:00,0,0,1
คลองประปา – ซอยหมู่บ้านเพชรวัฒนะ,เลียบคลองประปา,17:00-19:00,0,0,1
คลองสาน,ลาดหญ้า,07:00-09:00,3,1,4
คลองสาน,ลาดหญ้า,09:00-16:00,3,1,1
คลองสาน,ลาดหญ้า,09:00-17:00,0,0,3
คลองสาน,ลาดหญ้า,16:00-19:00,3,1,1
คลองสาน,ลาดหญ้า,17:00-19:00,0,0,3
คลองสาน,สมเด็จเจ้าพระยา,07:00-09:00,3,1,4
คลองสาน,สมเด็จเจ้าพระยา,09:00-16:00,3,1,1
คลองสาน,สมเด็จเจ้าพระยา,09:00-17:00,0,0,3
คลองสาน,สมเด็จเจ้าพระยา,16:00-19:00,3,1,1
คลองสาน,สมเด็จเจ้าพระยา,17:00-19:00,0,0,3
คลองสาน,เจริญนคร,07:00-09:00,3,1,4
คลองสาน,เจริญนคร,09:00-16:00,3,1,1
คลองสาน,เจริญนคร,09:00-17:00,0,0,3
คลองสาน,เจริญนคร,16:00-19:00,3,1,1
คลองสาน,เจริญนคร,17:00-19:00,0,0,3
คลองเตย,พระรามที่ 4,07:00-09:00,2,1,4
คลองเตย,พระรามที่ 4,09:00-16:00,2,1,1
คลองเตย,พระรามที่ 4,09:00-17:00,0,0,3
คลองเตย,พระรามที่ 4,16:00-19:00,2,1,0
คลองเตย,พระรามที่ 4,17:00-19:00,0,0,3
คลองเตย,สุนทรโกษา,07:00-09:00,2,1,4
คลองเตย,สุนทรโกษา,09:00-16:00,2,1,1
คลองเตย,สุนทรโกษา,09:00-17:00,0,0,3
คลองเตย,สุนทรโกษา,16:00-19:00,2,1,0
คลองเตย,สุนทรโกษา,17:00-19:00,0,0,3
คลังน้ำมัน,กำแพงเพชร 6,07:00-09:00,0,1,0
คลังน้ำมัน,กำแพงเพชร 6,09:00-16:00,0,1,0
คลังน้ำมัน,กำแพงเพชร 6,16:00-19:00,0,1,0
คลังน้ำมัน,เชิงวุฒากาศ,07:00-09:00,0,1,0
คลังน้ำมัน,เชิงวุฒากาศ,09:00-16:00,0,1,0
คลังน้ำมัน,เชิงวุฒากาศ,16:00-19:00,0,1,0
คอกวัว,ตะนาว,07:00-09:00,2,1,2
คอกวัว,ตะนาว,09:00-16:00,2,1,1
คอกวัว,ตะนาว,09:00-17:00,0,0,1
คอกวัว,ตะนาว,16:00-19:00,2,1,1
คอกวัว,ตะนาว,17:00-19:00,0,0,1
คอกวัว,ราชดำเนินกลาง,07:00-09:00,2,1,2
คอกวัว,ราชดำเนินกลาง,09:00-16:00,2,1,1
คอกวัว,ราชดำเนินกลาง,09:00-17:00,0,0,1
คอกวัว,ราชดำเนินกลาง,16:00-19:00,2,1,1
คอกวัว,ราชดำเนินกลาง,17:00-19:00,0,0,1
คุ้มเกล้า 16,คุ้มเกล้า,06:30-09:00,0,1,0
คุ้มเกล้า 16,คุ้มเกล้า,09:00-16:00,0,1,0
คุ้มเกล้า 16,คุ้มเกล้า,16:00-19:30,0,1,0
คู่ขนานวงแหวนตะวันออก-จตุโชติ,คู่ขนานวงแหวนตะวันออก,07:00-09:00,0,0,1
คู่ขนานวงแหวนตะวันออก-จตุโชติ,คู่ขนานวงแหวนตะวันออก,09:00-17:00,0,0,1
คู่ขนานวงแหวนตะวันออก-จตุโชติ,คู่ขนานวงแหวนตะวันออก,17:00-19:00,0,0,1
คู่ขนานวงแหวนตะวันออก-จตุโชติ,จตุโชติ,07:00-09:00,0,0,1
คู่ขนานวงแหวนตะวันออก-จตุโชติ,จตุโชติ,09:00-17:00,0,0,1
คู่ขนานวงแหวนตะวันออก-จตุโชติ,จตุโชติ,17:00-19:00,0,0,1
คู้คลองสิบซอย 7,คู้คลองสิบ,07:00-09:00,0,1,0
คู้คลองสิบซอย 7,คู้คลองสิบ,09:00-16:00,0,1,0
คู้คลองสิบซอย 7,คู้คลองสิบ,16:00-19:00,0,1,0
คู้บอน,ซอยคู้บอน,07:00-09:00,0,1,0
คู้บอน,ซอยคู้บอน,09:00-16:00,0,1,0
คู้บอน,ซอยคู้บอน,16:00-19:00,0,1,0
คู้บอน,รามอินทรา,07:00-09:00,0,1,0
คู้บอน,รามอินทรา,09:00-16:00,0,1,0
คู้บอน,รามอินทรา,16:00-19:00,0,1,0
คู้บอน - พระยาสุเรนทร์ - เลียบคลองสอง,คู้บอน,07:00-09:00,0,0,2
คู้บอน - พระยาสุเรนทร์ - เลียบคลองสอง,คู้บอน,09:00-16:00,0,0,1
คู้บอน - พระยาสุเรนทร์ - เลียบคลองสอง,คู้บอน,09:00-17:00,0,0,1
คู้บอน - พระยาสุเรนทร์ - เลียบคลองสอง,คู้บอน,16:00-19:00,0,0,1
คู้บอน - พระยาสุเรนทร์ - เลียบคลองสอง,คู้บอน,17:00-19:00,0,0,1
คู้บอน - พระยาสุเรนทร์ - เลียบคลองสอง,พระยาสุเรนทร์,07:00-09:00,0,0,2
คู้บอน - พระยาสุเรนทร์ - เลียบคลองสอง,พระยาสุเรนทร์,09:00-16:00,0,0,1
คู้บอน - พระยาสุเรนทร์ - เลียบคลองสอง,พระยาสุเรนทร์,09:00-17:00,0,0,1
คู้บอน - พระยาสุเรนทร์ - เลียบคลองสอง,พระยาสุเรนทร์,16:00-19:00,0,0,1
คู้บอน - พระยาสุเรนทร์ - เลียบคลองสอง,พระยาสุเรนทร์,17:00-19:00,0,0,1
คู้บอน - พระยาสุเรนทร์ - เลียบคลองสอง,เลียบคลองสอง,07:00-09:00,0,0,2
คู้บอน - พระยาสุเรนทร์ - เลียบคลองสอง,เลียบคลองสอง,09:00-16:00,0,0,1
คู้บอน - พระยาสุเรนทร์ - เลียบคลองสอง,เลียบคลองสอง,09:00-17:00,0,0,1
คู้บอน - พระยาสุเรนทร์ - เลียบคลองสอง,เลียบคลองสอง,16:00-19:00,0,0,1
คู้บอน - พระยาสุเรนทร์ - เลียบคลองสอง,เลียบคลองสอง,17:00-19:00,0,0,1
คู้บอน - พระยาสุเรนท์,คู้บอน,07:00-09:00,0,1,0
คู้บอน - พระยาสุเรนท์,คู้บอน,09:00-16:00,0,1,0
คู้บอน - พระยาสุเรนท์,คู้บอน,16:00-19:00,0,1,0
คู้บอน - พระยาสุเรนท์,พระยาสุเรนทร์,07:00-09:00,0,1,0
คู้บอน - พระยาสุเรนท์,พระยาสุเรนทร์,09:00-16:00,0,1,0
คู้บอน - พระยาสุเรนท์,พระยาสุเรนทร์,16:00-19:00,0,1,0
คู้บอน - พระยาสุเรนท์,เลียบคลองสอง,07:00-09:00,0,1,0
คู้บอน - พระยาสุเรนท์,เลียบคลองสอง,09:00-16:00,0,1,0
คู้บอน - พระยาสุเรนท์,เลียบคลองสอง,16:00-19:00,0,1,0
คู้บอน 6,คู้บอน,07:00-09:00,0,0,1
คู้บอน 6,คู้บอน,09:00-17:00,0,0,1
คู้บอน 6,คู้บอน,17:00-19:00,0,0,1
คู้บอน 6,คู้บอน 6,07:00-09:00,0,0,1
คู้บอน 6,คู้บอน 6,09:00-17:00,0,0,1
คู้บอน 6,คู้บอน 6,17:00-19:00,0,0,1
จ.ป.ร,จักรพรรดิพงษ์,07:00-09:00,1,0,0
จ.ป.ร,จักรพรรดิพงษ์,09:00-16:00,1,0,0
จ.ป.ร,จักรพรรดิพงษ์,16:00-19:00,1,0,0
จ.ป.ร,ราชดำเนฉินนอก,07:00-09:00,1,0,0
จ.ป.ร,ราชดำเนฉินนอก,09:00-16:00,1,0,0
จ.ป.ร,ราชดำเนฉินนอก,16:00-19:00,1,0,0
จ.ป.ร.,จักรพรรดิพงษ์,07:00-09:00,0,1,2
จ.ป.ร.,จักรพรรดิพงษ์,09:00-16:00,0,1,1
จ.ป.ร.,จักรพรรดิพงษ์,09:00-17:00,0,0,1
จ.ป.ร.,จักรพรรดิพงษ์,16:00-19:00,0,1,1
จ.ป.ร.,จักรพรรดิพงษ์,17:00-19:00,0,0,1
จ.ป.ร.,ราขดำเนินนอก,07:00-09:00,0,0,1
จ.ป.ร.,ราขดำเนินนอก,09:00-16:00,0,0,1
จ.ป.ร.,ราขดำเนินนอก,16:00-19:00,0,0,1
จ.ป.ร.,ราชดำเนินนอก,07:00-09:00,0,0,1
จ.ป.ร.,ราชดำเนินนอก,09:00-17:00,0,0,1
จ.ป.ร.,ราชดำเนินนอก,17:00-19:00,0,0,1
จ.ป.ร.,ราชดําเนินนอก,07:00-09:00,0,1,0
จ.ป.ร.,ราชดําเนินนอก,09:00-16:00,0,1,0
จ.ป.ร.,ราชดําเนินนอก,16:00-19:00,0,1,0
จ.ป.ร.,วิสุทธิ์กษัตริย์,07:00-09:00,0,0,1
จ.ป.ร.,วิสุทธิ์กษัตริย์,09:00-17:00,0,0,1
จ.ป.ร.,วิสุทธิ์กษัตริย์,17:00-19:00,0,0,1
จตุโชติ,จตุโชติ,07:00-09:00,0,0,1
จตุโชติ,จตุโชติ,09:00-17:00,0,0,1
จตุโชติ,จตุโชติ,17:00-19:00,0,0,1
จตุโชติ,สุขาภิบาล 5,07:00-09:00,0,0,1
จตุโชติ,สุขาภิบาล 5,09:00-17:00,0,0,1
จตุโชติ,สุขาภิบาล 5,17:00-19:00,0,0,1
จปร.,ถนนจักรพรรดิพงษ์,07:00-09:00,0,0,1
จปร.,ถนนจักรพรรดิพงษ์,09:00-17:00,0,0,1
จปร.,ถนนจักรพรรดิพงษ์,17:00-19:00,0,0,1
จปร.,ถนนราชดำเนินนอก,09:00-17:00,0,0,1
จปร.,ถนนราชดำเนินนอก,17:00-19:00,0,0,1
จปร.,ถนนวิสุทธิกษัตริย์,07:00-09:00,0,0,1
จปร.,ถนนวิสุทธิกษัตริย์,09:00-17:00,0,0,1
จปร.,ถนนวิสุทธิกษัตริย์,17:00-19:00,0,0,1
จรัญสนิทวงศ์ - สุทธาวาส,จรัญสนิทวงศ์,07:00-09:00,0,0,1
จรัญสนิทวงศ์ - สุทธาวาส,จรัญสนิทวงศ์,09:00-16:00,0,0,1
จรัญสนิทวงศ์ - สุทธาวาส,จรัญสนิทวงศ์,16:00-19:00,0,0,1
จรัญสนิทวงศ์ - สุทธาวาส,สุทธาวาส,07:00-09:00,0,0,1
จรัญสนิทวงศ์ - สุทธาวาส,สุทธาวาส,09:00-16:00,0,0,1
จรัญสนิทวงศ์ - สุทธาวาส,สุทธาวาส,16:00-19:00,0,0,1
จรัญสนิทวงศ์ - สุทธาวาส,เลียบทางรถไฟตลิ่งชัน,07:00-09:00,0,0,1
จรัญสนิทวงศ์ - สุทธาวาส,เลียบทางรถไฟตลิ่งชัน,09:00-16:00,0,0,1
จรัญสนิทวงศ์ - สุทธาวาส,เลียบทางรถไฟตลิ่งชัน,16:00-19:00,0,0,1
จรัญสนิทวงศ์ 35,จรัญสนิทวงศ์,07:00-09:00,0,0,2
จรัญสนิทวงศ์ 35,จรัญสนิทวงศ์,09:00-16:00,0,0,1
จรัญสนิทวงศ์ 35,จรัญสนิทวงศ์,09:00-17:00,0,0,1
จรัญสนิทวงศ์ 35,จรัญสนิทวงศ์,16:00-19:00,0,0,1
จรัญสนิทวงศ์ 35,จรัญสนิทวงศ์,17:00-19:00,0,0,1
จรัญสนิทวงศ์ 35,จรัญสนิทวงศ์ 35,07:00-09:00,0,0,2
จรัญสนิทวงศ์ 35,จรัญสนิทวงศ์ 35,09:00-16:00,0,0,1
จรัญสนิทวงศ์ 35,จรัญสนิทวงศ์ 35,09:00-17:00,0,0,1
จรัญสนิทวงศ์ 35,จรัญสนิทวงศ์ 35,16:00-19:00,0,0,1
จรัญสนิทวงศ์ 35,จรัญสนิทวงศ์ 35,17:00-19:00,0,0,1
จรัญสนิทวงศ์31/1,จรัญสนิทวงศ์,06:30-09:00,1,0,0
จรัญสนิทวงศ์31/1,จรัญสนิทวงศ์,09:00-16:00,1,0,0
จรัญสนิทวงศ์31/1,จรัญสนิทวงศ์,16:00-19:30,1,0,0
จรัญสนิทวงศ์31/1,ซอยจรัญสนิทวงศ์ 31/1,06:30-09:00,1,0,0
จรัญสนิทวงศ์31/1,ซอยจรัญสนิทวงศ์ 31/1,09:00-16:00,1,0,0
จรัญสนิทวงศ์31/1,ซอยจรัญสนิทวงศ์ 31/1,16:00-19:30,1,0,0
จอมทอง,จอมทอง,07:00-09:00,1,1,3
จอมทอง,จอมทอง,09:00-16:00,1,1,1
จอมทอง,จอมทอง,09:00-17:00,0,0,2
จอมทอง,จอมทอง,16:00-19:00,1,1,1
จอมทอง,จอมทอง,17:00-19:00,0,0,2
จอมทอง,วุฒากาศ,07:00-09:00,1,1,3
จอมทอง,วุฒากาศ,09:00-16:00,1,1,1
จอมทอง,วุฒากาศ,09:00-17:00,0,0,2
จอมทอง,วุฒากาศ,16:00-19:00,1,1,1
จอมทอง,วุฒากาศ,17:00-19:00,0,0,2
จอมทอง,เอกชัย,07:00-09:00,0,0,2
จอมทอง,เอกชัย,09:00-17:00,0,0,2
จอมทอง,เอกชัย,17:00-19:00,0,0,2
จักรพรรดิพงษ์,จักรพรรดิพงษ์,07:00-09:00,2,1,3
จักรพรรดิพงษ์,จักรพรรดิพงษ์,09:00-16:00,2,1,1
จักรพรรดิพงษ์,จักรพรรดิพงษ์,09:00-17:00,0,0,2
จักรพรรดิพงษ์,จักรพรรดิพงษ์,16:00-19:00,2,1,1
จักรพรรดิพงษ์,จักรพรรดิพงษ์,17:00-19:00,0,0,2
จักรพรรดิพงษ์,นครสวรรค์,07:00-09:00,2,1,3
จักรพรรดิพงษ์,นครสวรรค์,09:00-16:00,2,1,1
จักรพรรดิพงษ์,นครสวรรค์,09:00-17:00,0,0,2
จักรพรรดิพงษ์,นครสวรรค์,16:00-19:00,2,1,1
จักรพรรดิพงษ์,นครสวรรค์,17:00-19:00,0,0,2
จันทน์ - นราธิวาส,จันทน์,07:00-09:00,1,2,3
จันทน์ - นราธิวาส,จันทน์,09:00-16:00,1,2,1
จันทน์ - นราธิวาส,จันทน์,09:00-17:00,0,0,2
จันทน์ - นราธิวาส,จันทน์,16:00-19:00,1,2,1
จันทน์ - นราธิวาส,จันทน์,17:00-19:00,0,0,2
จันทน์ - นราธิวาส,นราธิวาสราชนครินทร์,07:00-09:00,0,2,2
จันทน์ - นราธิวาส,นราธิวาสราชนครินทร์,09:00-16:00,0,2,1
จันทน์ - นราธิวาส,นราธิวาสราชนครินทร์,09:00-17:00,0,0,1
จันทน์ - นราธิวาส,นราธิวาสราชนครินทร์,16:00-19:00,0,2,1
จันทน์ - นราธิวาส,นราธิวาสราชนครินทร์,17:00-19:00,0,0,1
จันทน์ - นราธิวาส,นราธิวาสฯ,07:00-09:00,1,0,1
จันทน์ - นราธิวาส,นราธิวาสฯ,09:00-16:00,1,0,0
จันทน์ - นราธิวาส,นราธิวาสฯ,09:00-17:00,0,0,1
จันทน์ - นราธิวาส,นราธิวาสฯ,16:00-19:00,1,0,0
จันทน์ - นราธิวาส,นราธิวาสฯ,17:00-19:00,0,0,1
จันทน์ - เจริญราษฎร์,จันทน์,07:00-09:00,2,1,3
จันทน์ - เจริญราษฎร์,จันทน์,09:00-16:00,2,1,0
จันทน์ - เจริญราษฎร์,จันทน์,09:00-17:00,0,0,3
จันทน์ - เจริญราษฎร์,จันทน์,16:00-19:00,2,1,0
จันทน์ - เจริญราษฎร์,จันทน์,17:00-19:00,0,0,3
จันทน์ - เจริญราษฎร์,เจริญราษฎร์,07:00-09:00,1,1,3
จันทน์ - เจริญราษฎร์,เจริญราษฎร์,09:00-16:00,1,1,0
จันทน์ - เจริญราษฎร์,เจริญราษฎร์,09:00-17:00,0,0,3
จันทน์ - เจริญราษฎร์,เจริญราษฎร์,16:00-19:00,1,1,0
จันทน์ - เจริญราษฎร์,เจริญราษฎร์,17:00-19:00,0,0,3
จันทน์ - เจริญราษฎร์,เจริญูราษฎร์,07:00-09:00,1,0,0
จันทน์ - เจริญราษฎร์,เจริญูราษฎร์,09:00-16:00,1,0,0
จันทน์ - เจริญราษฎร์,เจริญูราษฎร์,16:00-19:00,1,0,0
จันทน์ - เซ็นหลุยส์,จันทน์,07:00-09:00,0,0,1
จันทน์ - เซ็นหลุยส์,จันทน์,09:00-17:00,0,0,1
จันทน์ - เซ็นหลุยส์,จันทน์,17:00-19:00,0,0,1
จันทน์ - เซ็นหลุยส์,พระแม่มารี,07:00-09:00,0,0,1
จันทน์ - เซ็นหลุยส์,พระแม่มารี,09:00-17:00,0,0,1
จันทน์ - เซ็นหลุยส์,พระแม่มารี,17:00-19:00,0,0,1
จันทน์ - เซ็นหลุยส์,เซ็นหลุยส์,07:00-09:00,0,0,1
จันทน์ - เซ็นหลุยส์,เซ็นหลุยส์,09:00-17:00,0,0,1
จันทน์ - เซ็นหลุยส์,เซ็นหลุยส์,17:00-19:00,0,0,1
จันทน์- นราธิวาส,นราธิวาสราชนครินทร์,07:00-09:00,1,0,0
จันทน์- นราธิวาส ก.,จันทน์,07:00-09:00,1,0,0
จันทน์- นราธิวาส ก.,จันทน์,09:00-16:00,1,0,0
จันทน์- นราธิวาส ก.,จันทน์,16:00-19:00,1,0,0
จันทน์- นราธิวาส ก.,นราธิวาสราชนครินทร์,09:00-16:00,1,0,0
จันทน์- นราธิวาส ก.,นราธิวาสราชนครินทร์,16:00-19:00,1,0,0
จันทิมา,ลาดพร้าว,07:00-09:00,0,0,2
จันทิมา,ลาดพร้าว,09:00-17:00,0,0,2
จันทิมา,ลาดพร้าว,17:00-19:00,0,0,2
จันทิมา,ลาดพร้าว 80,07:00-09:00,0,0,2
จันทิมา,ลาดพร้าว 80,09:00-17:00,0,0,2
จันทิมา,ลาดพร้าว 80,17:00-19:00,0,0,2
จารุเมือง - จรัสเมือง,จรัสเมือง,07:00-09:00,0,0,1
จารุเมือง - จรัสเมือง,จรัสเมือง,09:00-16:00,0,0,1
จารุเมือง - จรัสเมือง,จรัสเมือง,16:00-19:00,0,0,1
จารุเมือง - จรัสเมือง,จารุเมือง,07:00-09:00,0,0,1
จารุเมือง - จรัสเมือง,จารุเมือง,09:00-16:00,0,0,1
จารุเมือง - จรัสเมือง,จารุเมือง,16:00-19:00,0,0,1
จารุเมือง - จรัสเมือง,พระรามที่ 6,07:00-09:00,0,0,1
จารุเมือง - จรัสเมือง,พระรามที่ 6,09:00-16:00,0,0,1
จารุเมือง - จรัสเมือง,พระรามที่ 6,16:00-19:00,0,0,1
จุดกลับรถการประปา สาขาสุวรรณภูมิ,หลวงแพ่ง,07:00-09:00,0,0,1
จุดกลับรถการประปา สาขาสุวรรณภูมิ,หลวงแพ่ง,09:00-17:00,0,0,1
จุดกลับรถการประปา สาขาสุวรรณภูมิ,หลวงแพ่ง,17:00-19:00,0,0,1
จุดกลับรถก่อนถึงทางเข้าหน้าวัดหนองผักชี (ใกล้ชุมชนระเบียงทอง3),รัตนโกสินทร์สมโภชน์,07:00-09:00,1,0,0
จุดกลับรถก่อนถึงทางเข้าหน้าวัดหนองผักชี (ใกล้ชุมชนระเบียงทอง3),รัตนโกสินทร์สมโภชน์,09:00-16:00,1,0,0
จุดกลับรถก่อนถึงทางเข้าหน้าวัดหนองผักชี (ใกล้ชุมชนระเบียงทอง3),รัตนโกสินทร์สมโภชน์,16:00-19:00,1,0,0
จุดกลับรถซอยเทียนทะเล 1,เทียนทะเล,07:00-09:00,1,0,0
จุดกลับรถซอยเทียนทะเล 1,เทียนทะเล,09:00-16:00,1,0,0
จุดกลับรถซอยเทียนทะเล 1,เทียนทะเล,16:00-19:00,1,0,0
จุดกลับรถซอยเทียนทะเล 11,เทียนทะเล,07:00-09:00,1,0,0
จุดกลับรถซอยเทียนทะเล 11,เทียนทะเล,09:00-16:00,1,0,0
จุดกลับรถซอยเทียนทะเล 11,เทียนทะเล,16:00-19:00,1,0,0
จุดกลับรถถนนลาดพร้าว (ใต้ทางด่วนฉลองรัช),ลาดพร้าว,07:00-09:00,0,0,1
จุดกลับรถถนนลาดพร้าว (ใต้ทางด่วนฉลองรัช),ลาดพร้าว,09:00-17:00,0,0,1
จุดกลับรถถนนลาดพร้าว (ใต้ทางด่วนฉลองรัช),ลาดพร้าว,17:00-19:00,0,0,1
จุดกลับรถบางขุนเทียน 14,บางขุนเทียนชายทะเล,06:30-09:00,1,0,0
จุดกลับรถบางขุนเทียน 14,บางขุนเทียนชายทะเล,07:00-09:00,1,0,0
จุดกลับรถบางขุนเทียน 14,บางขุนเทียนชายทะเล,09:00-16:00,2,0,0
จุดกลับรถบางขุนเทียน 14,บางขุนเทียนชายทะเล,16:00-19:00,1,0,0
จุดกลับรถบางขุนเทียน 14,บางขุนเทียนชายทะเล,16:00-19:30,1,0,0
จุดกลับรถปากซอยอ่อนนุช 59,อ่อนนุช,07:00-09:00,0,0,1
จุดกลับรถปากซอยอ่อนนุช 59,อ่อนนุช,09:00-17:00,0,0,1
จุดกลับรถปากซอยอ่อนนุช 59,อ่อนนุช,17:00-19:00,0,0,1
จุดกลับรถปากซอยอ่อนนุช 59,อ่อนนุช 59,07:00-09:00,0,0,1
จุดกลับรถปากซอยอ่อนนุช 59,อ่อนนุช 59,09:00-17:00,0,0,1
จุดกลับรถปากซอยอ่อนนุช 59,อ่อนนุช 59,17:00-19:00,0,0,1
จุดกลับรถศรีนครินทร์หน้าเต็นท์รถเอพี,ศรีนครินทร์,07:00-09:00,0,0,1
จุดกลับรถศรีนครินทร์หน้าเต็นท์รถเอพี,ศรีนครินทร์,09:00-17:00,0,0,1
จุดกลับรถศรีนครินทร์หน้าเต็นท์รถเอพี,ศรีนครินทร์,17:00-19:00,0,0,1
จุดกลับรถหน้าวัดหนองผักชี,รัตนโกสินทร์สมโภชน์,07:00-09:00,1,0,0
จุดกลับรถหน้าวัดหนองผักชี,รัตนโกสินทร์สมโภชน์,09:00-16:00,1,0,0
จุดกลับรถหน้าวัดหนองผักชี,รัตนโกสินทร์สมโภชน์,16:00-19:00,1,0,0
จุดกลับรถหน้าโชว์รูมฟอรด์ใกล้ชอยลาดกระบัง1/5,ลาดกระบัง,07:00-09:00,1,0,0
จุดกลับรถหน้าโชว์รูมฟอรด์ใกล้ชอยลาดกระบัง1/5,ลาดกระบัง,09:00-16:00,1,0,0
จุดกลับรถหน้าโชว์รูมฟอรด์ใกล้ชอยลาดกระบัง1/5,ลาดกระบัง,16:00-19:00,1,0,0
จุดกลับรถหน้าไปรษณีย์บางบอน,ประชาอุทิศ,07:00-09:00,0,0,1
จุดกลับรถหน้าไปรษณีย์บางบอน,เอกชัย,07:00-09:00,0,0,1
จุดกลับรถหน้าไปรษณีย์บางบอน,เอกชัย,09:00-16:00,0,0,1
จุดกลับรถหน้าไปรษณีย์บางบอน,เอกชัย,16:00-19:00,0,0,1
จุดกลับรถเพชรเกษม 98,เพชรเกษม,07:00-09:00,0,0,1
จุดกลับรถเพชรเกษม 98,เพชรเกษม,09:00-17:00,0,0,1
จุดกลับรถเพชรเกษม 98,เพชรเกษม,17:00-19:00,0,0,1
จุดกลับรถแอมคาร์ออดิโอ,หลวงแพ่ง,07:00-09:00,0,0,1
จุดกลับรถแอมคาร์ออดิโอ,หลวงแพ่ง,09:00-17:00,0,0,1
จุดกลับรถแอมคาร์ออดิโอ,หลวงแพ่ง,17:00-19:00,0,0,1
จุดกลับรถใกล้ซอยพัฒนาการ 89,พัฒนาการ,07:00-09:00,0,0,1
จุดกลับรถใกล้ซอยพัฒนาการ 89,พัฒนาการ,09:00-17:00,0,0,1
จุดกลับรถใกล้ซอยพัฒนาการ 89,พัฒนาการ,17:00-19:00,0,0,1
จุดกลับรถใกล้โฮมโปร พระราม 9,พระราม 9,07:00-09:00,0,0,1
จุดกลับรถใกล้โฮมโปร พระราม 9,พระราม 9,09:00-17:00,0,0,1
จุดกลับรถใกล้โฮมโปร พระราม 9,พระราม 9,17:00-19:00,0,0,1
จุดตัดถนนบางระมาด - กาญจนาภิเษก,วัดอินทราวาส,07:00-09:00,1,0,0
จุดตัดถนนบางระมาด - กาญจนาภิเษก,วัดอินทราวาส,09:00-16:00,1,0,0
จุดตัดถนนบางระมาด - กาญจนาภิเษก,วัดอินทราวาส,16:00-19:00,1,0,0
จุดตัดถนนราชพฤกษ์,วัดอินทราวาส,07:00-09:00,2,0,0
จุดตัดถนนราชพฤกษ์,วัดอินทราวาส,09:00-16:00,2,0,0
จุดตัดถนนราชพฤกษ์,วัดอินทราวาส,16:00-19:00,2,0,0
จุดตัดถนนลาดพร้าวกับถนนประดิษฐ์มนูธรรม,ลาดพร้าว,07:00-09:00,0,0,1
จุดตัดถนนลาดพร้าวกับถนนประดิษฐ์มนูธรรม,ลาดพร้าว,09:00-17:00,0,0,1
จุดตัดถนนลาดพร้าวกับถนนประดิษฐ์มนูธรรม,ลาดพร้าว,17:00-19:00,0,0,1
จุดตัดบางระมาด - กาญจนาภิเษก,บางระมาด,07:00-09:00,1,0,0
จุดตัดบางระมาด - กาญจนาภิเษก,บางระมาด,09:00-16:00,1,0,0
จุดตัดบางระมาด - กาญจนาภิเษก,บางระมาด,16:00-19:00,1,0,0
จุดตัดพุทธมณฑลสาย 1,วัดอินทราวาส,07:00-09:00,2,0,0
จุดตัดพุทธมณฑลสาย 1,วัดอินทราวาส,09:00-16:00,2,0,0
จุดตัดพุทธมณฑลสาย 1,วัดอินทราวาส,16:00-19:00,2,0,0
จุฬา 12,จุฬา 12,07:00-09:00,0,0,2
จุฬา 12,จุฬา 12,09:00-16:00,0,0,1
จุฬา 12,จุฬา 12,09:00-17:00,0,0,1
จุฬา 12,จุฬา 12,16:00-19:00,0,0,1
จุฬา 12,จุฬา 12,17:00-19:00,0,0,1
จุฬา 12,จุฬา 62,07:00-09:00,0,0,1
จุฬา 12,จุฬา 62,09:00-17:00,0,0,1
จุฬา 12,จุฬา 62,17:00-19:00,0,0,1
จุฬา 12,ซอยจุฬา 12,07:00-09:00,1,0,0
จุฬา 12,ซอยจุฬา 12,09:00-16:00,1,0,0
จุฬา 12,ซอยจุฬา 12,16:00-19:00,1,0,0
จุฬา 12,ทางเข้า - ออก ม.จุฬา,07:00-09:00,1,0,0
จุฬา 12,ทางเข้า - ออก ม.จุฬา,09:00-16:00,1,0,0
จุฬา 12,ทางเข้า - ออก ม.จุฬา,16:00-19:00,1,0,0
จุฬา 12,ทางเข้าจุฬาฯ,07:00-09:00,0,0,1
จุฬา 12,ทางเข้าจุฬาฯ,09:00-16:00,0,0,1
จุฬา 12,ทางเข้าจุฬาฯ,16:00-19:00,0,0,1
จุฬา 12,พญาไท,07:00-09:00,1,0,2
จุฬา 12,พญาไท,09:00-16:00,1,0,1
จุฬา 12,พญาไท,09:00-17:00,0,0,1
จุฬา 12,พญาไท,16:00-19:00,1,0,1
จุฬา 12,พญาไท,17:00-19:00,0,0,1
ฉลองกรุง 42,ฉลองกรุง,07:00-09:00,0,0,1
ฉลองกรุง 42,ฉลองกรุง,09:00-17:00,0,0,1
ฉลองกรุง 42,ฉลองกรุง,17:00-19:00,0,0,1
ฉลองกรุง 42,ฉลองกรุง 42,07:00-09:00,0,0,1
ฉลองกรุง 42,ฉลองกรุง 42,09:00-17:00,0,0,1
ฉลองกรุง 42,ฉลองกรุง 42,17:00-19:00,0,0,1
ชักพระ,ชักพระ,07:00-09:00,0,0,1
ชักพระ,ชักพระ,09:00-17:00,0,0,1
ชักพระ,ชักพระ,17:00-19:00,0,0,1
ชักพระ,ชัยพฤกษ์,07:00-09:00,0,0,1
ชักพระ,ชัยพฤกษ์,09:00-17:00,0,0,1
ชักพระ,ชัยพฤกษ์,17:00-19:00,0,0,1
ชิดลม,ชิดลม,06:30-09:00,1,0,0
ชิดลม,ชิดลม,07:00-09:00,0,0,1
ชิดลม,ชิดลม,09:00-16:00,1,0,0
ชิดลม,ชิดลม,09:00-17:00,0,0,1
ชิดลม,ชิดลม,16:00-19:30,1,0,0
ชิดลม,ชิดลม,17:00-19:00,0,0,1
ชิดลม,ซ.ชิดลม,07:00-09:00,1,0,0
ชิดลม,ซ.ชิดลม,09:00-16:00,1,0,0
ชิดลม,ซ.ชิดลม,16:00-19:00,1,0,0
ชิดลม,เพลินจิต,07:00-09:00,2,0,1
ชิดลม,เพลินจิต,09:00-16:00,2,0,0
ชิดลม,เพลินจิต,09:00-17:00,0,0,1
ชิดลม,เพลินจิต,16:00-19:00,2,0,0
ชิดลม,เพลินจิต,17:00-19:00,0,0,1
ชุมชนพัฒนาล็อค 4-5-6,ทางขึ้นทางด่วน,07:00-09:00,1,0,0
ชุมชนพัฒนาล็อค 4-5-6,ทางขึ้นทางด่วน,09:00-16:00,1,0,0
ชุมชนพัฒนาล็อค 4-5-6,ทางขึ้นทางด่วน,16:00-19:00,1,0,0
ชุมชนพัฒนาล็อค 4-5-6,ทางชุมชนพัฒนาล็อค 4-5-6,07:00-09:00,1,0,0
ชุมชนพัฒนาล็อค 4-5-6,ทางชุมชนพัฒนาล็อค 4-5-6,09:00-16:00,1,0,0
ชุมชนพัฒนาล็อค 4-5-6,ทางชุมชนพัฒนาล็อค 4-5-6,16:00-19:00,1,0,0
ชุมชนพัฒนาล็อค 4-5-6,อาจณรงค์,07:00-09:00,1,0,0
ชุมชนพัฒนาล็อค 4-5-6,อาจณรงค์,09:00-16:00,1,0,0
ชุมชนพัฒนาล็อค 4-5-6,อาจณรงค์,16:00-19:00,1,0,0
ชุมชนสวัสดิการหนองแขม,สวัสดิการ 1,07:00-09:00,0,0,1
ชุมชนสวัสดิการหนองแขม,สวัสดิการ 1,09:00-17:00,0,0,1
ชุมชนสวัสดิการหนองแขม,สวัสดิการ 1,17:00-19:00,0,0,1
ช่างอากาศอุทิศ - เชิดวุฒากาศ,ช่างอากาศอุทิศ,07:00-09:00,0,0,1
ช่างอากาศอุทิศ - เชิดวุฒากาศ,ช่างอากาศอุทิศ,09:00-17:00,0,0,1
ช่างอากาศอุทิศ - เชิดวุฒากาศ,ช่างอากาศอุทิศ,17:00-19:00,0,0,1
ช่างอากาศอุทิศ - เชิดวุฒากาศ,เชิดวุฒากาศ/กำแพงเพชร,07:00-09:00,0,0,1
ช่างอากาศอุทิศ - เชิดวุฒากาศ,เชิดวุฒากาศ/กำแพงเพชร,09:00-17:00,0,0,1
ช่างอากาศอุทิศ - เชิดวุฒากาศ,เชิดวุฒากาศ/กำแพงเพชร,17:00-19:00,0,0,1
ซอยกรุงเทพกรีฑา 20,กรุงเทพกรีฑา,07:00-09:00,1,0,0
ซอยกรุงเทพกรีฑา 20,กรุงเทพกรีฑา,09:00-16:00,1,0,0
ซอยกรุงเทพกรีฑา 20,กรุงเทพกรีฑา,16:00-19:00,1,0,0
ซอยกรุงเทพกรีฑา 20,ซอยกรุงเทพกรีฑา 20,07:00-09:00,1,0,0
ซอยกรุงเทพกรีฑา 20,ซอยกรุงเทพกรีฑา 20,09:00-16:00,1,0,0
ซอยกรุงเทพกรีฑา 20,ซอยกรุงเทพกรีฑา 20,16:00-19:00,1,0,0
ซอยกรุงเทพกรีฑา 20,ซอยกรุงเทพกรีฑา 37,07:00-09:00,1,0,0
ซอยกรุงเทพกรีฑา 20,ซอยกรุงเทพกรีฑา 37,09:00-16:00,1,0,0
ซอยกรุงเทพกรีฑา 20,ซอยกรุงเทพกรีฑา 37,16:00-19:00,1,0,0
ซอยคู้บอน 34,คู้บอน,07:00-09:00,0,0,1
ซอยคู้บอน 34,คู้บอน,09:00-17:00,0,0,1
ซอยคู้บอน 34,คู้บอน,17:00-19:00,0,0,1
ซอยจรัญสนิทวงศ์ 3,จรัญสนิทวงศ์,07:00-09:00,1,0,0
ซอยจรัญสนิทวงศ์ 3,จรัญสนิทวงศ์,09:00-16:00,1,0,0
ซอยจรัญสนิทวงศ์ 3,จรัญสนิทวงศ์,16:00-19:00,1,0,0
ซอยจรัญสนิทวงศ์ 3,ซอยจรัญสนิทวงศ์,07:00-09:00,1,0,0
ซอยจรัญสนิทวงศ์ 3,ซอยจรัญสนิทวงศ์,09:00-16:00,1,0,0
ซอยจรัญสนิทวงศ์ 3,ซอยจรัญสนิทวงศ์,16:00-19:00,1,0,0
ซอยจรัญฯ 94,จรัญสนิทวงศ์,07:00-09:00,0,1,0
ซอยจรัญฯ 94,จรัญสนิทวงศ์,09:00-16:00,0,1,0
ซอยจรัญฯ 94,จรัญสนิทวงศ์,16:00-19:00,0,1,0
ซอยจันทน์ 15/1,จันทน์,07:00-09:00,0,1,0
ซอยจันทน์ 15/1,จันทน์,09:00-16:00,0,1,0
ซอยจันทน์ 15/1,จันทน์,16:00-19:00,0,1,0
ซอยทวีวัฒนา 9,ซอยทวีวัฒนา 9,07:00-09:00,0,1,0
ซอยทวีวัฒนา 9,ซอยทวีวัฒนา 9,09:00-16:00,0,1,0
ซอยทวีวัฒนา 9,ซอยทวีวัฒนา 9,16:00-19:00,0,1,0
ซอยทวีวัฒนา 9,ทวีวัฒนา,07:00-09:00,0,1,0
ซอยทวีวัฒนา 9,ทวีวัฒนา,09:00-16:00,0,1,0
ซอยทวีวัฒนา 9,ทวีวัฒนา,16:00-19:00,0,1,0
ซอยทองหล่อ 13,ทองหล่อ,07:00-09:00,1,0,0
ซอยทองหล่อ 13,ทองหล่อ,09:00-16:00,1,0,0
ซอยทองหล่อ 13,ทองหล่อ,16:00-19:00,1,0,0
ซอยทองหล่อ 23,ทองหล่อ,07:00-09:00,1,0,0
ซอยทองหล่อ 23,ทองหล่อ,09:00-16:00,1,0,0
ซอยทองหล่อ 23,ทองหล่อ,16:00-19:00,1,0,0
ซอยทองหล่อ 25,ทองหล่อ,07:00-09:00,1,0,0
ซอยทองหล่อ 25,ทองหล่อ,09:00-16:00,1,0,0
ซอยทองหล่อ 25,ทองหล่อ,16:00-19:00,1,0,0
ซอยทองหล่อ 3,ทองหล่อ,07:00-09:00,1,0,0
ซอยทองหล่อ 3,ทองหล่อ,09:00-16:00,1,0,0
ซอยทองหล่อ 3,ทองหล่อ,16:00-19:00,1,0,0
ซอยนราธิวาส 10 แยก 18,นราธิวาสฯ ซอย 8,07:00-09:00,0,0,1
ซอยนราธิวาส 10 แยก 18,นราธิวาสฯ ซอย 8,09:00-16:00,0,0,1
ซอยนราธิวาส 10 แยก 18,นราธิวาสฯ ซอย 8,16:00-19:00,0,0,1
ซอยนราธิวาสฯ 20,นราธิวาสราชนครินทร์,07:00-09:00,0,1,0
ซอยนราธิวาสฯ 20,นราธิวาสราชนครินทร์,09:00-16:00,0,1,0
ซอยนราธิวาสฯ 20,นราธิวาสราชนครินทร์,16:00-19:00,0,1,0
ซอยนราธิวาสฯ 24,นราธิวาสราชนครินทร์,07:00-09:00,0,1,0
ซอยนราธิวาสฯ 24,นราธิวาสราชนครินทร์,09:00-16:00,0,1,0
ซอยนราธิวาสฯ 24,นราธิวาสราชนครินทร์,16:00-19:00,0,1,0
ซอยนราธิวาสฯ 9,นราธิวาสราชนครินทร์,07:00-09:00,0,1,0
ซอยนราธิวาสฯ 9,นราธิวาสราชนครินทร์,09:00-16:00,0,1,0
ซอยนราธิวาสฯ 9,นราธิวาสราชนครินทร์,16:00-19:00,0,1,0
ซอยพระราม 3 ซ.68,พระรามที่ 3,07:00-09:00,0,1,0
ซอยพระราม 3 ซ.68,พระรามที่ 3,09:00-16:00,0,1,0
ซอยพระราม 3 ซ.68,พระรามที่ 3,16:00-19:00,0,1,0
ซอยพร้อมจิตร,ซอยพร้อมจิตร,07:00-09:00,0,0,1
ซอยพร้อมจิตร,ซอยพร้อมจิตร,09:00-17:00,0,0,1
ซอยพร้อมจิตร,ซอยพร้อมจิตร,17:00-19:00,0,0,1
ซอยพร้อมพงษ์,ซอยพร้อมพงษ์,07:00-09:00,0,0,1
ซอยพร้อมพงษ์,ซอยพร้อมพงษ์,09:00-17:00,0,0,1
ซอยพร้อมพงษ์,ซอยพร้อมพงษ์,17:00-19:00,0,0,1
ซอยพหลโยธิน 15,พหลโยธิน,07:00-09:00,0,1,0
ซอยพหลโยธิน 15,พหลโยธิน,09:00-16:00,0,1,0
ซอยพหลโยธิน 15,พหลโยธิน,16:00-19:00,0,1,0
ซอยพหลโยธิน 18/2,พหลโยธิน,07:00-09:00,0,1,0
ซอยพหลโยธิน 18/2,พหลโยธิน,09:00-16:00,0,1,0
ซอยพหลโยธิน 18/2,พหลโยธิน,16:00-19:00,0,1,0
ซอยพหลโยธิน 52 แยก 48,เทพารักษ์,07:00-09:00,1,0,0
ซอยพหลโยธิน 52 แยก 48,เทพารักษ์,09:00-16:00,1,0,0
ซอยพหลโยธิน 52 แยก 48,เทพารักษ์,16:00-19:00,1,0,0
ซอยพหลโยธิน52แยก48,เทพรักษ์,07:00-09:00,1,0,0
ซอยพหลโยธิน52แยก48,เทพรักษ์,09:00-16:00,1,0,0
ซอยพหลโยธิน52แยก48,เทพรักษ์,16:00-19:00,1,0,0
ซอยพัฒนาการ 30,พัฒนาการ,07:00-09:00,0,0,1
ซอยพัฒนาการ 30,พัฒนาการ,09:00-17:00,0,0,1
ซอยพัฒนาการ 30,พัฒนาการ,17:00-19:00,0,0,1
ซอยพัฒนาการ 30,พัฒนาการ 30,07:00-09:00,0,0,1
ซอยพัฒนาการ 30,พัฒนาการ 30,09:00-17:00,0,0,1
ซอยพัฒนาการ 30,พัฒนาการ 30,17:00-19:00,0,0,1
ซอยพุทธบูชา 38,พุทธบูชา,07:00-09:00,0,0,1
ซอยพุทธบูชา 38,พุทธบูชา,09:00-17:00,0,0,1
ซอยพุทธบูชา 38,พุทธบูชา,17:00-19:00,0,0,1
ซอยพุทธบูชา 40 และ 42,พุทธบูชา,07:00-09:00,0,0,1
ซอยพุทธบูชา 40 และ 42,พุทธบูชา,09:00-17:00,0,0,1
ซอยพุทธบูชา 40 และ 42,พุทธบูชา,17:00-19:00,0,0,1
ซอยพุทธบูชา 43,พุทธบูชา,07:00-09:00,0,0,1
ซอยพุทธบูชา 43,พุทธบูชา,09:00-17:00,0,0,1
ซอยพุทธบูชา 43,พุทธบูชา,17:00-19:00,0,0,1
ซอยพุทธบูชา 44 และ 44/1,พุทธบูชา,07:00-09:00,0,0,1
ซอยพุทธบูชา 44 และ 44/1,พุทธบูชา,09:00-17:00,0,0,1
ซอยพุทธบูชา 44 และ 44/1,พุทธบูชา,17:00-19:00,0,0,1
ซอยมาเจริญ 3,มาเจริญ,07:00-09:00,0,0,1
ซอยมาเจริญ 3,มาเจริญ,09:00-17:00,0,0,1
ซอยมาเจริญ 3,มาเจริญ,17:00-19:00,0,0,1
ซอยรัชดา 30,รัชดาภิเษก,07:00-09:00,0,1,0
ซอยรัชดา 30,รัชดาภิเษก,09:00-16:00,0,1,0
ซอยรัชดา 30,รัชดาภิเษก,16:00-19:00,0,1,0
ซอยรัชดาภิเษก 14,รัชดาภิเษก,07:00-09:00,0,1,0
ซอยรัชดาภิเษก 14,รัชดาภิเษก,09:00-16:00,0,1,0
ซอยรัชดาภิเษก 14,รัชดาภิเษก,16:00-19:00,0,1,0
ซอยรัชดาภิเษก 3,รัชดาภิเษก,07:00-09:00,0,1,0
ซอยรัชดาภิเษก 3,รัชดาภิเษก,09:00-16:00,0,1,0
ซอยรัชดาภิเษก 3,รัชดาภิเษก,16:00-19:00,0,1,0
ซอยรัชดาภิเษก 9,รัชดาภิเษก,07:00-09:00,0,1,0
ซอยรัชดาภิเษก 9,รัชดาภิเษก,09:00-16:00,0,1,0
ซอยรัชดาภิเษก 9,รัชดาภิเษก,16:00-19:00,0,1,0
ซอยรางน้ำ,พญาไท,07:00-09:00,0,1,0
ซอยรางน้ำ,พญาไท,09:00-16:00,0,1,0
ซอยรางน้ำ,พญาไท,16:00-19:00,0,1,0
ซอยราชปรารภ 3,ราชปรารภ,07:00-09:00,0,1,0
ซอยราชปรารภ 3,ราชปรารภ,09:00-16:00,0,1,0
ซอยราชปรารภ 3,ราชปรารภ,16:00-19:00,0,1,0
ซอยราชวิถี6,ราชวิถี,07:00-09:00,0,1,0
ซอยราชวิถี6,ราชวิถี,09:00-16:00,0,1,0
ซอยราชวิถี6,ราชวิถี,16:00-19:00,0,1,0
ซอยรามบุตรี,จักรพงษ์,07:00-09:00,0,0,1
ซอยรามบุตรี,จักรพงษ์,09:00-17:00,0,0,1
ซอยรามบุตรี,จักรพงษ์,17:00-19:00,0,0,1
ซอยวชิรธรรมสาธิต 6,สุขุมวิท 101/1,07:00-09:00,0,0,1
ซอยวชิรธรรมสาธิต 6,สุขุมวิท 101/1,09:00-17:00,0,0,1
ซอยวชิรธรรมสาธิต 6,สุขุมวิท 101/1,17:00-19:00,0,0,1
ซอยวัดสุคันธาราม,ซอยวัดสุคันธาราม,07:00-09:00,0,1,0
ซอยวัดสุคันธาราม,ซอยวัดสุคันธาราม,09:00-16:00,0,1,0
ซอยวัดสุคันธาราม,ซอยวัดสุคันธาราม,16:00-19:00,0,1,0
ซอยวัดสุคันธาราม,สวรรคโลก,07:00-09:00,0,1,0
ซอยวัดสุคันธาราม,สวรรคโลก,09:00-16:00,0,1,0
ซอยวัดสุคันธาราม,สวรรคโลก,16:00-19:00,0,1,0
ซอยสมเด็จพระเจ้าตากสิน 19,สมเด็จพระเจ้าตากสิน,07:00-09:00,0,1,0
ซอยสมเด็จพระเจ้าตากสิน 19,สมเด็จพระเจ้าตากสิน,09:00-16:00,0,1,0
ซอยสมเด็จพระเจ้าตากสิน 19,สมเด็จพระเจ้าตากสิน,16:00-19:00,0,1,0
ซอยสวัสดี,ซอยสวัสดี,07:00-09:00,0,0,1
ซอยสวัสดี,ซอยสวัสดี,09:00-17:00,0,0,1
ซอยสวัสดี,ซอยสวัสดี,17:00-19:00,0,0,1
ซอยสุขุมวิท 2,สุขุมวิท,07:00-09:00,0,0,1
ซอยสุขุมวิท 2,สุขุมวิท,09:00-17:00,0,0,1
ซอยสุขุมวิท 2,สุขุมวิท,17:00-19:00,0,0,1
ซอยสุขุมวิท 2,สุขุมวิท 2,07:00-09:00,0,0,1
ซอยสุขุมวิท 2,สุขุมวิท 2,09:00-17:00,0,0,1
ซอยสุขุมวิท 2,สุขุมวิท 2,17:00-19:00,0,0,1
ซอยหัวหมาก 21 และ 23,หัวหมาก,07:00-09:00,1,0,0
ซอยหัวหมาก 21 และ 23,หัวหมาก,09:00-16:00,1,0,0
ซอยหัวหมาก 21 และ 23,หัวหมาก,16:00-19:00,1,0,0
ซอยหัวหมาก 25,หัวหมาก,07:00-09:00,1,0,0
ซอยหัวหมาก 25,หัวหมาก,09:00-16:00,1,0,0
ซอยหัวหมาก 25,หัวหมาก,16:00-19:00,1,0,0
ซอยอรุณมักกินนอน,วิทยุ,07:00-09:00,0,0,1
ซอยอรุณมักกินนอน,วิทยุ,09:00-17:00,0,0,1
ซอยอรุณมักกินนอน,วิทยุ,17:00-19:00,0,0,1
ซอยอรุณมักกินนอน,อรุณมักกินนอน,07:00-09:00,0,0,1
ซอยอรุณมักกินนอน,อรุณมักกินนอน,09:00-17:00,0,0,1
ซอยอรุณมักกินนอน,อรุณมักกินนอน,17:00-19:00,0,0,1
ซอยอ่อนนุช 65,อ่อนนุช,07:00-09:00,0,0,1
ซอยอ่อนนุช 65,อ่อนนุช,09:00-16:00,0,0,1
ซอยอ่อนนุช 65,อ่อนนุช,16:00-19:00,0,0,1
ซอยอ่อนนุช 65,อ่อนนุช 65,07:00-09:00,0,0,1
ซอยอ่อนนุช 65,อ่อนนุช 65,09:00-16:00,0,0,1
ซอยอ่อนนุช 65,อ่อนนุช 65,16:00-19:00,0,0,1
ซอยเจริญกรุง 61,เจริญกรุง,07:00-09:00,0,1,0
ซอยเจริญกรุง 61,เจริญกรุง,09:00-16:00,0,1,0
ซอยเจริญกรุง 61,เจริญกรุง,16:00-19:00,0,1,0
ซอยเจริญกุง 33,เจริญกรุง,07:00-09:00,0,0,1
ซอยเจริญกุง 33,เจริญกรุง,09:00-17:00,0,0,1
ซอยเจริญกุง 33,เจริญกรุง,17:00-19:00,0,0,1
ซอยเฉลิมพระเกียรติ ร.9 67,เฉลิมพระเกียรติ ร.9,07:00-09:00,0,0,1
ซอยเฉลิมพระเกียรติ ร.9 67,เฉลิมพระเกียรติ ร.9,09:00-17:00,0,0,1
ซอยเฉลิมพระเกียรติ ร.9 67,เฉลิมพระเกียรติ ร.9,17:00-19:00,0,0,1
ซอยเชื่อมสัมพันธ์ 19/1,เชื่อมสัมพันธ์,07:00-09:00,0,0,1
ซอยเชื่อมสัมพันธ์ 19/1,เชื่อมสัมพันธ์,09:00-17:00,0,0,1
ซอยเชื่อมสัมพันธ์ 19/1,เชื่อมสัมพันธ์,17:00-19:00,0,0,1
ซอยเทอดไท 21,ราชพฤกษ์,07:00-09:00,0,1,0
ซอยเทอดไท 21,ราชพฤกษ์,09:00-16:00,0,1,0
ซอยเทอดไท 21,ราชพฤกษ์,16:00-19:00,0,1,0
ซอยเทียนทะเล 2,บางขุนเทียน - ชายทะเล,07:00-09:00,0,0,1
ซอยเทียนทะเล 2,บางขุนเทียน - ชายทะเล,09:00-17:00,0,0,1
ซอยเทียนทะเล 2,บางขุนเทียน - ชายทะเล,17:00-19:00,0,0,1
ซอยเทียนทะเล 22,บางขุนเทียน-ชายทะเล,09:00-17:00,0,0,1
ซอยเทียนทะเล 22,บางขุนเทียน-ชายทะเล,17:00-19:00,0,0,1
ซอยเทียนทะเล 22,เทียนทะเล 22,07:00-09:00,0,0,1
ซอยเทียนทะเล 22,เทียนทะเล 22,09:00-17:00,0,0,1
ซอยเทียนทะเล 22,เทียนทะเล 22,17:00-19:00,0,0,1
ซอยเทียนทะเล 23,บางขุนเทียน - ชายทะเล,07:00-09:00,0,0,1
ซอยเทียนทะเล 23,บางขุนเทียน - ชายทะเล,09:00-17:00,0,0,1
ซอยเทียนทะเล 23,บางขุนเทียน - ชายทะเล,17:00-19:00,0,0,1
ซอยเพชรบุรี 27,เพชรบุรี,07:00-09:00,0,1,0
ซอยเพชรบุรี 27,เพชรบุรี,09:00-16:00,0,1,0
ซอยเพชรบุรี 27,เพชรบุรี,16:00-19:00,0,1,0
ซอยเอกชัย 15,เอกชัย,07:00-09:00,0,0,1
ซอยเอกชัย 15,เอกชัย,09:00-17:00,0,0,1
ซอยเอกชัย 15,เอกชัย,17:00-19:00,0,0,1
ซังฮี้,ราชวิถี,06:30-09:00,1,0,0
ซังฮี้,ราชวิถี,07:00-09:00,1,0,2
ซังฮี้,ราชวิถี,09:00-16:00,2,0,1
ซังฮี้,ราชวิถี,09:00-17:00,0,0,1
ซังฮี้,ราชวิถี,16:00-19:00,1,0,1
ซังฮี้,ราชวิถี,16:00-19:30,1,0,0
ซังฮี้,ราชวิถี,17:00-19:00,0,0,1
ซังฮี้,สามเสน,06:30-09:00,1,0,0
ซังฮี้,สามเสน,07:00-09:00,1,0,2
ซังฮี้,สามเสน,09:00-16:00,2,0,1
ซังฮี้,สามเสน,09:00-17:00,0,0,1
ซังฮี้,สามเสน,16:00-19:00,1,0,1
ซังฮี้,สามเสน,16:00-19:30,1,0,0
ซังฮี้,สามเสน,17:00-19:00,0,0,1
ณ ระนอง,ณ ระนอง,07:00-09:00,2,0,1
ณ ระนอง,ณ ระนอง,09:00-16:00,2,0,0
ณ ระนอง,ณ ระนอง,09:00-17:00,0,0,1
ณ ระนอง,ณ ระนอง,16:00-19:00,2,0,0
ณ ระนอง,ณ ระนอง,17:00-19:00,0,0,1
ณ ระนอง,พระรามที่ 3,07:00-09:00,2,0,1
ณ ระนอง,พระรามที่ 3,09:00-16:00,2,0,0
ณ ระนอง,พระรามที่ 3,09:00-17:00,0,0,1
ณ ระนอง,พระรามที่ 3,16:00-19:00,2,0,0
ณ ระนอง,พระรามที่ 3,17:00-19:00,0,0,1
ณ ระนอง,รัชดาภิเษก,07:00-09:00,2,0,1
ณ ระนอง,รัชดาภิเษก,09:00-16:00,2,0,0
ณ ระนอง,รัชดาภิเษก,09:00-17:00,0,0,1
ณ ระนอง,รัชดาภิเษก,16:00-19:00,2,0,0
ณ ระนอง,รัชดาภิเษก,17:00-19:00,0,0,1
ณ ระนอง,สุนทรโกษา,07:00-09:00,2,0,1
ณ ระนอง,สุนทรโกษา,09:00-16:00,2,0,0
ณ ระนอง,สุนทรโกษา,09:00-17:00,0,0,1
ณ ระนอง,สุนทรโกษา,16:00-19:00,2,0,0
ณ ระนอง,สุนทรโกษา,17:00-19:00,0,0,1
ดาวคะนอง,จอมทอง,07:00-09:00,3,1,3
ดาวคะนอง,จอมทอง,09:00-16:00,3,1,1
ดาวคะนอง,จอมทอง,09:00-17:00,0,0,2
ดาวคะนอง,จอมทอง,16:00-19:00,3,1,1
ดาวคะนอง,จอมทอง,17:00-19:00,0,0,2
ดาวคะนอง,สมเด็จพระเจ้าตากสิน,07:00-09:00,3,1,3
ดาวคะนอง,สมเด็จพระเจ้าตากสิน,09:00-16:00,3,1,1
ดาวคะนอง,สมเด็จพระเจ้าตากสิน,09:00-17:00,0,0,2
ดาวคะนอง,สมเด็จพระเจ้าตากสิน,16:00-19:00,3,1,1
ดาวคะนอง,สมเด็จพระเจ้าตากสิน,17:00-19:00,0,0,2
ดินแดง,ดินแดง,07:00-09:00,0,0,1
ดินแดง,ดินแดง,09:00-16:00,0,0,1
ดินแดง,ดินแดง,16:00-19:00,0,0,1
ดินแดง,วิภาวดีรังสิต,07:00-09:00,0,0,1
ดินแดง,วิภาวดีรังสิต,09:00-16:00,0,0,1
ดินแดง,วิภาวดีรังสิต,16:00-19:00,0,0,1
ดินแดง,อโศกดินแดง,07:00-09:00,0,0,1
ดินแดง,อโศกดินแดง,09:00-16:00,0,0,1
ดินแดง,อโศกดินแดง,16:00-19:00,0,0,1
ด่วนกำแพงเพชร,กำแพงเพชร,07:00-09:00,0,0,1
ด่วนกำแพงเพชร,กำแพงเพชร,09:00-17:00,0,0,1
ด่วนกำแพงเพชร,กำแพงเพชร,17:00-19:00,0,0,1
ด่วนกำแพงเพชร,เจษฎา,07:00-09:00,0,0,1
ด่วนกำแพงเพชร,เจษฎา,09:00-17:00,0,0,1
ด่วนกำแพงเพชร,เจษฎา,17:00-19:00,0,0,1
ด่วนนางลิ้นจี่,นางลิ้นจี่,07:00-09:00,1,1,2
ด่วนนางลิ้นจี่,นางลิ้นจี่,09:00-16:00,1,1,0
ด่วนนางลิ้นจี่,นางลิ้นจี่,09:00-17:00,0,0,2
ด่วนนางลิ้นจี่,นางลิ้นจี่,16:00-19:00,1,1,0
ด่วนนางลิ้นจี่,นางลิ้นจี่,17:00-19:00,0,0,2
ด่วนนางลิ้นจี่,รัชดาภิเษก,07:00-09:00,1,1,2
ด่วนนางลิ้นจี่,รัชดาภิเษก,09:00-16:00,1,1,0
ด่วนนางลิ้นจี่,รัชดาภิเษก,09:00-17:00,0,0,2
ด่วนนางลิ้นจี่,รัชดาภิเษก,16:00-19:00,1,1,0
ด่วนนางลิ้นจี่,รัชดาภิเษก,17:00-19:00,0,0,2
ด่วนประชาชื่น,ประชาชื่น,07:00-09:00,0,1,1
ด่วนประชาชื่น,ประชาชื่น,09:00-16:00,0,1,0
ด่วนประชาชื่น,ประชาชื่น,09:00-17:00,0,0,1
ด่วนประชาชื่น,ประชาชื่น,16:00-19:00,0,1,0
ด่วนประชาชื่น,ประชาชื่น,17:00-19:00,0,0,1
ด่วนประชาชื่น,สายสิน,07:00-09:00,0,1,1
ด่วนประชาชื่น,สายสิน,09:00-16:00,0,1,0
ด่วนประชาชื่น,สายสิน,09:00-17:00,0,0,1
ด่วนประชาชื่น,สายสิน,16:00-19:00,0,1,0
ด่วนประชาชื่น,สายสิน,17:00-19:00,0,0,1
ด่วนสาธุ,รัชดาภิเษก,07:00-09:00,1,1,1
ด่วนสาธุ,รัชดาภิเษก,09:00-16:00,1,1,0
ด่วนสาธุ,รัชดาภิเษก,09:00-17:00,0,0,1
ด่วนสาธุ,รัชดาภิเษก,16:00-19:00,1,1,0
ด่วนสาธุ,รัชดาภิเษก,17:00-19:00,0,0,1
ด่วนสาธุ,สาธุประดิษฐ์,07:00-09:00,1,1,1
ด่วนสาธุ,สาธุประดิษฐ์,09:00-16:00,1,1,0
ด่วนสาธุ,สาธุประดิษฐ์,09:00-17:00,0,0,1
ด่วนสาธุ,สาธุประดิษฐ์,16:00-19:00,1,1,0
ด่วนสาธุ,สาธุประดิษฐ์,17:00-19:00,0,0,1
ด่วนสีลม,ขึ้น - ลงทางด่วนศรีรัช,07:00-09:00,1,0,0
ด่วนสีลม,ขึ้น - ลงทางด่วนศรีรัช,09:00-16:00,1,0,0
ด่วนสีลม,ขึ้น - ลงทางด่วนศรีรัช,16:00-19:00,1,0,0
ด่วนสีลม,สีลม,07:00-09:00,1,0,1
ด่วนสีลม,สีลม,09:00-16:00,1,0,0
ด่วนสีลม,สีลม,09:00-17:00,0,0,1
ด่วนสีลม,สีลม,16:00-19:00,1,0,0
ด่วนสีลม,สีลม,17:00-19:00,0,0,1
ด่วนสีลม,เลียบใต้ทางด่วน,07:00-09:00,1,0,1
ด่วนสีลม,เลียบใต้ทางด่วน,09:00-16:00,1,0,0
ด่วนสีลม,เลียบใต้ทางด่วน,09:00-17:00,0,0,1
ด่วนสีลม,เลียบใต้ทางด่วน,16:00-19:00,1,0,0
ด่วนสีลม,เลียบใต้ทางด่วน,17:00-19:00,0,0,1
ด่วนสุขุมวิท 62,ซอยสุขุมวิท 62,07:00-09:00,0,1,0
ด่วนสุขุมวิท 62,ซอยสุขุมวิท 62,09:00-16:00,0,1,0
ด่วนสุขุมวิท 62,ซอยสุขุมวิท 62,16:00-19:00,0,1,0
ด่วนสุขุมวิท 62,สุขุมวิท,07:00-09:00,0,1,1
ด่วนสุขุมวิท 62,สุขุมวิท,09:00-16:00,0,1,0
ด่วนสุขุมวิท 62,สุขุมวิท,09:00-17:00,0,0,2
ด่วนสุขุมวิท 62,สุขุมวิท,16:00-19:00,0,1,0
ด่วนสุขุมวิท 62,สุขุมวิท,17:00-19:00,0,0,2
ด่วนสุขุมวิท 62,สุขุมวิท 62,07:00-09:00,0,0,2
ด่วนสุขุมวิท 62,สุขุมวิท 62,09:00-17:00,0,0,2
ด่วนสุขุมวิท 62,สุขุมวิท 62,17:00-19:00,0,0,2
ด่วนสุขุมวิท62,ซอยสุขุมวิท 62,07:00-09:00,1,0,0
ด่วนสุขุมวิท62,ซอยสุขุมวิท 62,09:00-16:00,1,0,0
ด่วนสุขุมวิท62,ซอยสุขุมวิท 62,16:00-19:00,1,0,0
ด่วนสุขุมวิท62,สุขุมวิท,07:00-09:00,1,0,0
ด่วนสุขุมวิท62,สุขุมวิท,09:00-16:00,1,0,0
ด่วนสุขุมวิท62,สุขุมวิท,16:00-19:00,1,0,0
ด่วนเกษมราษฎร์,ทางขึ้น - ลงทางด่วน,07:00-09:00,1,0,0
ด่วนเกษมราษฎร์,ทางขึ้น - ลงทางด่วน,09:00-16:00,1,0,0
ด่วนเกษมราษฎร์,ทางขึ้น - ลงทางด่วน,16:00-19:00,1,0,0
ด่วนเกษมราษฎร์,ทางขึ้น-ลงทางด่วน,07:00-09:00,0,0,1
ด่วนเกษมราษฎร์,ทางขึ้น-ลงทางด่วน,09:00-17:00,0,0,1
ด่วนเกษมราษฎร์,ทางขึ้น-ลงทางด่วน,17:00-19:00,0,0,1
ด่วนเกษมราษฎร์,ทางขึ้นลงทางด่วน,07:00-09:00,0,1,1
ด่วนเกษมราษฎร์,ทางขึ้นลงทางด่วน,09:00-16:00,0,1,0
ด่วนเกษมราษฎร์,ทางขึ้นลงทางด่วน,09:00-17:00,0,0,1
ด่วนเกษมราษฎร์,ทางขึ้นลงทางด่วน,16:00-19:00,0,1,0
ด่วนเกษมราษฎร์,ทางขึ้นลงทางด่วน,17:00-19:00,0,0,1
ด่วนเกษมราษฎร์,เกษมราษฎร์,07:00-09:00,1,1,2
ด่วนเกษมราษฎร์,เกษมราษฎร์,09:00-16:00,1,1,0
ด่วนเกษมราษฎร์,เกษมราษฎร์,09:00-17:00,0,0,2
ด่วนเกษมราษฎร์,เกษมราษฎร์,16:00-19:00,1,1,0
ด่วนเกษมราษฎร์,เกษมราษฎร์,17:00-19:00,0,0,2
ด่วนเพลินจิต,ดวงพิทักษ์,07:00-09:00,1,1,1
ด่วนเพลินจิต,ดวงพิทักษ์,09:00-16:00,1,1,0
ด่วนเพลินจิต,ดวงพิทักษ์,09:00-17:00,0,0,1
ด่วนเพลินจิต,ดวงพิทักษ์,16:00-19:00,1,1,0
ด่วนเพลินจิต,ดวงพิทักษ์,17:00-19:00,0,0,1
ด่วนเพลินจิต,ถนนดวงพิทักษ์,07:00-09:00,0,0,1
ด่วนเพลินจิต,ถนนดวงพิทักษ์,09:00-17:00,0,0,1
ด่วนเพลินจิต,ถนนดวงพิทักษ์,17:00-19:00,0,0,1
ด่วนเพลินจิต,ถนนเพลินจิต,07:00-09:00,0,0,1
ด่วนเพลินจิต,ถนนเพลินจิต,09:00-17:00,0,0,1
ด่วนเพลินจิต,ถนนเพลินจิต,17:00-19:00,0,0,1
ด่วนเพลินจิต,ทางขึ้น - ลง ทางด่วน,07:00-09:00,1,0,0
ด่วนเพลินจิต,ทางขึ้น - ลง ทางด่วน,09:00-16:00,1,0,0
ด่วนเพลินจิต,ทางขึ้น - ลง ทางด่วน,16:00-19:00,1,0,0
ด่วนเพลินจิต,ทางขึ้น - ลงทางด่วน,07:00-09:00,0,1,0
ด่วนเพลินจิต,ทางขึ้น - ลงทางด่วน,09:00-16:00,0,1,0
ด่วนเพลินจิต,ทางขึ้น - ลงทางด่วน,16:00-19:00,0,1,0
ด่วนเพลินจิต,ทางขึ้น -ลงทางด่วน,07:00-09:00,0,0,1
ด่วนเพลินจิต,ทางขึ้น -ลงทางด่วน,09:00-17:00,0,0,1
ด่วนเพลินจิต,ทางขึ้น -ลงทางด่วน,17:00-19:00,0,0,1
ด่วนเพลินจิต,ทางขึ้นลงทางด่วน,07:00-09:00,0,0,2
ด่วนเพลินจิต,ทางขึ้นลงทางด่วน,09:00-17:00,0,0,2
ด่วนเพลินจิต,ทางขึ้นลงทางด่วน,17:00-19:00,0,0,2
ด่วนเพลินจิต,สุขุมวิท,07:00-09:00,1,1,1
ด่วนเพลินจิต,สุขุมวิท,09:00-16:00,1,1,0
ด่วนเพลินจิต,สุขุมวิท,09:00-17:00,0,0,1
ด่วนเพลินจิต,สุขุมวิท,16:00-19:00,1,1,0
ด่วนเพลินจิต,สุขุมวิท,17:00-19:00,0,0,1
ด่วนเพลินจิต,เพลินจิต,07:00-09:00,1,1,2
ด่วนเพลินจิต,เพลินจิต,09:00-16:00,1,1,0
ด่วนเพลินจิต,เพลินจิต,09:00-17:00,0,0,2
ด่วนเพลินจิต,เพลินจิต,16:00-19:00,1,1,0
ด่วนเพลินจิต,เพลินจิต,17:00-19:00,0,0,2
ตรงข้ามพระตำหนักจิตรลดารโหฐาน,พระรามที่ 5,07:00-09:00,0,1,0
ตรงข้ามพระตำหนักจิตรลดารโหฐาน,พระรามที่ 5,09:00-16:00,0,1,0
ตรงข้ามพระตำหนักจิตรลดารโหฐาน,พระรามที่ 5,16:00-19:00,0,1,0
ตรงข้ามลานจอดรถ 2 ตลาดสะพานใหม่,พหลโยธิน,07:00-09:00,0,1,0
ตรงข้ามลานจอดรถ 2 ตลาดสะพานใหม่,พหลโยธิน,09:00-16:00,0,1,0
ตรงข้ามลานจอดรถ 2 ตลาดสะพานใหม่,พหลโยธิน,16:00-19:00,0,1,0
ตรงข้ามวัดชำนิหัตถการ,ซอยที่ 1,07:00-09:00,0,0,1
ตรงข้ามวัดชำนิหัตถการ,ซอยที่ 1,09:00-17:00,0,0,1
ตรงข้ามวัดชำนิหัตถการ,ซอยที่ 1,17:00-19:00,0,0,1
ตรงข้ามวัดชำนิหัตถการ,ซอยที่ 2,07:00-09:00,0,0,1
ตรงข้ามวัดชำนิหัตถการ,ซอยที่ 2,09:00-17:00,0,0,1
ตรงข้ามวัดชำนิหัตถการ,ซอยที่ 2,17:00-19:00,0,0,1
ตรงข้ามวัดชำนิหัตถการ,พระรามที่ 1,07:00-09:00,0,0,1
ตรงข้ามวัดชำนิหัตถการ,พระรามที่ 1,09:00-17:00,0,0,1
ตรงข้ามวัดชำนิหัตถการ,พระรามที่ 1,17:00-19:00,0,0,1
ตรอกจันทน์,จันทน์,07:00-09:00,1,1,1
ตรอกจันทน์,จันทน์,09:00-16:00,1,1,0
ตรอกจันทน์,จันทน์,09:00-17:00,0,0,1
ตรอกจันทน์,จันทน์,16:00-19:00,1,1,0
ตรอกจันทน์,จันทน์,17:00-19:00,0,0,1
ตรอกจันทน์,ทางเข้าคอนโด,07:00-09:00,0,0,1
ตรอกจันทน์,ทางเข้าคอนโด,09:00-17:00,0,0,1
ตรอกจันทน์,ทางเข้าคอนโด,17:00-19:00,0,0,1
ตรอกจันทน์,ทางเข้าคอนโดฯ,07:00-09:00,1,0,0
ตรอกจันทน์,ทางเข้าคอนโดฯ,09:00-16:00,1,0,0
ตรอกจันทน์,ทางเข้าคอนโดฯ,16:00-19:00,1,0,0
ตรอกจันทน์,เจริญกรุง,07:00-09:00,1,1,1
ตรอกจันทน์,เจริญกรุง,09:00-16:00,1,1,0
ตรอกจันทน์,เจริญกรุง,09:00-17:00,0,0,1
ตรอกจันทน์,เจริญกรุง,16:00-19:00,1,1,0
ตรอกจันทน์,เจริญกรุง,17:00-19:00,0,0,1
ตรอกจันทร์,จันทน์,07:00-09:00,0,1,1
ตรอกจันทร์,จันทน์,09:00-16:00,0,1,0
ตรอกจันทร์,จันทน์,09:00-17:00,0,0,1
ตรอกจันทร์,จันทน์,16:00-19:00,0,1,0
ตรอกจันทร์,จันทน์,17:00-19:00,0,0,1
ตรอกจันทร์,ทางเข้าคอนโดฯ,07:00-09:00,0,1,1
ตรอกจันทร์,ทางเข้าคอนโดฯ,09:00-16:00,0,1,0
ตรอกจันทร์,ทางเข้าคอนโดฯ,09:00-17:00,0,0,1
ตรอกจันทร์,ทางเข้าคอนโดฯ,16:00-19:00,0,1,0
ตรอกจันทร์,ทางเข้าคอนโดฯ,17:00-19:00,0,0,1
ตรอกจันทร์,เจริญกรุง,07:00-09:00,0,1,1
ตรอกจันทร์,เจริญกรุง,09:00-16:00,0,1,0
ตรอกจันทร์,เจริญกรุง,09:00-17:00,0,0,1
ตรอกจันทร์,เจริญกรุง,16:00-19:00,0,1,0
ตรอกจันทร์,เจริญกรุง,17:00-19:00,0,0,1
ตลาด อตก.,กำแพงเพชร,07:00-09:00,1,0,0
ตลาด อตก.,กำแพงเพชร,09:00-16:00,1,0,0
ตลาด อตก.,กำแพงเพชร,16:00-19:00,1,0,0
ตลาด อตก.,กำแพงเพชร 2,07:00-09:00,1,0,0
ตลาด อตก.,กำแพงเพชร 2,09:00-16:00,1,0,0
ตลาด อตก.,กำแพงเพชร 2,16:00-19:00,1,0,0
ตลาดคู้,คู้ตลองสิบ,07:00-09:00,0,1,0
ตลาดคู้,คู้ตลองสิบ,09:00-16:00,0,1,0
ตลาดคู้,คู้ตลองสิบ,16:00-19:00,0,1,0
ตลาดคู้,มิตรไมตรี,07:00-09:00,0,1,0
ตลาดคู้,มิตรไมตรี,09:00-16:00,0,1,0
ตลาดคู้,มิตรไมตรี,16:00-19:00,0,1,0
ตลาดคู้,เลียบวารี,07:00-09:00,0,1,0
ตลาดคู้,เลียบวารี,09:00-16:00,0,1,0
ตลาดคู้,เลียบวารี,16:00-19:00,0,1,0
ตลาดพลู,รัชดาภิเษก,07:00-09:00,2,1,0
ตลาดพลู,รัชดาภิเษก,09:00-16:00,2,1,0
ตลาดพลู,รัชดาภิเษก,16:00-19:00,2,1,0
ตลาดพลู,เทอดไท,07:00-09:00,2,1,0
ตลาดพลู,เทอดไท,09:00-16:00,2,1,0
ตลาดพลู,เทอดไท,16:00-19:00,2,1,0
ตลาดวงศกร,ทางเข้าออกตลาดวงศกร,07:00-09:00,0,0,2
ตลาดวงศกร,ทางเข้าออกตลาดวงศกร,09:00-17:00,0,0,2
ตลาดวงศกร,ทางเข้าออกตลาดวงศกร,17:00-19:00,0,0,2
ตลาดวงศกร,สายไหม,07:00-09:00,0,0,2
ตลาดวงศกร,สายไหม,09:00-17:00,0,0,2
ตลาดวงศกร,สายไหม,17:00-19:00,0,0,2
ตลาดวงศกร,เฉลิมพงษ์,07:00-09:00,0,0,2
ตลาดวงศกร,เฉลิมพงษ์,09:00-17:00,0,0,2
ตลาดวงศกร,เฉลิมพงษ์,17:00-19:00,0,0,2
ตลาดเกรียงไกร,เคหะร่มเกล้า (EB),07:00-09:00,0,0,1
ตลาดเกรียงไกร,เคหะร่มเกล้า (EB),09:00-17:00,0,0,1
ตลาดเกรียงไกร,เคหะร่มเกล้า (EB),17:00-19:00,0,0,1
ตลาดเกรียงไกร,เคหะร่มเกล้า (SB),07:00-09:00,0,0,1
ตลาดเกรียงไกร,เคหะร่มเกล้า (SB),09:00-17:00,0,0,1
ตลาดเกรียงไกร,เคหะร่มเกล้า (SB),17:00-19:00,0,0,1
ตลาดเกรียงไกร,เคหะร่มเกล้า 31,07:00-09:00,0,0,1
ตลาดเกรียงไกร,เคหะร่มเกล้า 31,09:00-17:00,0,0,1
ตลาดเกรียงไกร,เคหะร่มเกล้า 31,17:00-19:00,0,0,1
ตลาดเกรียงไกร,เคหะร่มเกล้า 33,07:00-09:00,0,0,1
ตลาดเกรียงไกร,เคหะร่มเกล้า 33,09:00-17:00,0,0,1
ตลาดเกรียงไกร,เคหะร่มเกล้า 33,17:00-19:00,0,0,1
ตากสิน,กรุงธนบุรี,07:00-09:00,2,1,1
ตากสิน,กรุงธนบุรี,09:00-16:00,2,1,0
ตากสิน,กรุงธนบุรี,09:00-17:00,0,0,1
ตากสิน,กรุงธนบุรี,16:00-19:00,2,1,0
ตากสิน,กรุงธนบุรี,17:00-19:00,0,0,1
ตากสิน,ราชพฤกษ์,07:00-09:00,2,1,1
ตากสิน,ราชพฤกษ์,09:00-16:00,2,1,0
ตากสิน,ราชพฤกษ์,09:00-17:00,0,0,1
ตากสิน,ราชพฤกษ์,16:00-19:00,2,1,0
ตากสิน,ราชพฤกษ์,17:00-19:00,0,0,1
ตากสิน,สมเด็จพระเจ้าตากสิน,07:00-09:00,2,1,1
ตากสิน,สมเด็จพระเจ้าตากสิน,09:00-16:00,2,1,0
ตากสิน,สมเด็จพระเจ้าตากสิน,09:00-17:00,0,0,1
ตากสิน,สมเด็จพระเจ้าตากสิน,16:00-19:00,2,1,0
ตากสิน,สมเด็จพระเจ้าตากสิน,17:00-19:00,0,0,1
ตากสิน 37,สมเดจ็พระเจ้าตากสิน,07:00-09:00,0,1,0
ตากสิน 37,สมเดจ็พระเจ้าตากสิน,09:00-16:00,0,1,0
ตากสิน 37,สมเดจ็พระเจ้าตากสิน,16:00-19:00,0,1,0
ตากสิน 37,สมเด็จพระเจ้าตากสิน,07:00-09:00,0,0,1
ตากสิน 37,สมเด็จพระเจ้าตากสิน,09:00-16:00,0,0,1
ตากสิน 37,สมเด็จพระเจ้าตากสิน,16:00-19:00,0,0,1
ตากสิน 42,สมเด็จพระเจ้าตากสิน,07:00-09:00,0,0,1
ตากสิน 42,สมเด็จพระเจ้าตากสิน,09:00-16:00,0,0,1
ตากสิน 42,สมเด็จพระเจ้าตากสิน,16:00-19:00,0,0,1
ตีทอง - ราชบพิธ,ตีทอง,07:00-09:00,0,1,0
ตีทอง - ราชบพิธ,ตีทอง,09:00-16:00,0,1,0
ตีทอง - ราชบพิธ,ตีทอง,16:00-19:00,0,1,0
ตีทอง - ราชบพิธ,ราชบพิธ,07:00-09:00,0,1,0
ตีทอง - ราชบพิธ,ราชบพิธ,09:00-16:00,0,1,0
ตีทอง - ราชบพิธ,ราชบพิธ,16:00-19:00,0,1,0
ตีทอง - ลงท่า - หน้าวัง,ตีทอง,07:00-09:00,0,1,0
ตีทอง - ลงท่า - หน้าวัง,ตีทอง,09:00-16:00,0,1,0
ตีทอง - ลงท่า - หน้าวัง,ตีทอง,16:00-19:00,0,1,0
ตีทอง - ลงท่า - หน้าวัง,หน้าวัง,07:00-09:00,0,1,0
ตีทอง - ลงท่า - หน้าวัง,หน้าวัง,09:00-16:00,0,1,0
ตีทอง - ลงท่า - หน้าวัง,หน้าวัง,16:00-19:00,0,1,0
ตีทอง - สระสรง,ซอยสระสรง,07:00-09:00,0,1,0
ตีทอง - สระสรง,ซอยสระสรง,09:00-16:00,0,1,0
ตีทอง - สระสรง,ซอยสระสรง,16:00-19:00,0,1,0
ตีทอง - สระสรง,ตีทอง,07:00-09:00,0,1,0
ตีทอง - สระสรง,ตีทอง,09:00-16:00,0,1,0
ตีทอง - สระสรง,ตีทอง,16:00-19:00,0,1,0
ตึกชัย,ประดิพัทธ์,07:00-09:00,1,0,0
ตึกชัย,ประดิพัทธ์,09:00-16:00,1,0,0
ตึกชัย,ประดิพัทธ์,16:00-19:00,1,0,0
ตึกชัย,พระรามที่ 6,07:00-09:00,0,1,2
ตึกชัย,พระรามที่ 6,09:00-16:00,0,1,0
ตึกชัย,พระรามที่ 6,09:00-17:00,0,0,2
ตึกชัย,พระรามที่ 6,16:00-19:00,0,1,0
ตึกชัย,พระรามที่ 6,17:00-19:00,0,0,2
ตึกชัย,พระรามที่6,06:30-09:00,0,1,0
ตึกชัย,พระรามที่6,07:00-09:00,0,1,0
ตึกชัย,พระรามที่6,09:00-16:00,0,2,0
ตึกชัย,พระรามที่6,16:00-19:00,0,1,0
ตึกชัย,พระรามที่6,16:00-19:30,0,1,0
ตึกชัย,พหลโยธิน,07:00-09:00,1,0,0
ตึกชัย,พหลโยธิน,09:00-16:00,1,0,0
ตึกชัย,พหลโยธิน,16:00-19:00,1,0,0
ตึกชัย,ราชวิถี,07:00-09:00,0,3,2
ตึกชัย,ราชวิถี,09:00-16:00,0,3,0
ตึกชัย,ราชวิถี,09:00-17:00,0,0,2
ตึกชัย,ราชวิถี,16:00-19:00,0,3,0
ตึกชัย,ราชวิถี,17:00-19:00,0,0,2
ตึกชัย,สุทธิสาร,07:00-09:00,1,0,0
ตึกชัย,สุทธิสาร,09:00-16:00,1,0,0
ตึกชัย,สุทธิสาร,16:00-19:00,1,0,0
ต่างระดับหลวงแพ่งตะวันตก,ทางขึ้นมอเตอร์เวย์,07:00-09:00,0,0,1
ต่างระดับหลวงแพ่งตะวันตก,ทางขึ้นมอเตอร์เวย์,09:00-17:00,0,0,1
ต่างระดับหลวงแพ่งตะวันตก,ทางขึ้นมอเตอร์เวย์,17:00-19:00,0,0,1
ต่างระดับหลวงแพ่งตะวันตก,หลวงแพ่ง,07:00-09:00,0,0,1
ต่างระดับหลวงแพ่งตะวันตก,หลวงแพ่ง,09:00-17:00,0,0,1
ต่างระดับหลวงแพ่งตะวันตก,หลวงแพ่ง,17:00-19:00,0,0,1
ถนนดินสอ ระหว่าง อ.ประชาธิปไตย - ถนนมหรรณ,ดินสอ,07:00-09:00,0,0,1
ถนนดินสอ ระหว่าง อ.ประชาธิปไตย - ถนนมหรรณ,ดินสอ,09:00-17:00,0,0,1
ถนนดินสอ ระหว่าง อ.ประชาธิปไตย - ถนนมหรรณ,ดินสอ,17:00-19:00,0,0,1
ถนนดินสอ ระหว่างถนนมหรรณพ - เสาชิงช้า,ดินสอ,07:00-09:00,0,0,1
ถนนดินสอ ระหว่างถนนมหรรณพ - เสาชิงช้า,ดินสอ,09:00-17:00,0,0,1
ถนนดินสอ ระหว่างถนนมหรรณพ - เสาชิงช้า,ดินสอ,17:00-19:00,0,0,1
ถนนตก,ถนนตก,07:00-09:00,0,1,0
ถนนตก,ถนนตก,09:00-16:00,0,1,0
ถนนตก,ถนนตก,16:00-19:00,0,1,0
ถนนตก,พระรามที่ 3,07:00-09:00,2,2,2
ถนนตก,พระรามที่ 3,09:00-16:00,2,2,0
ถนนตก,พระรามที่ 3,09:00-17:00,0,0,2
ถนนตก,พระรามที่ 3,16:00-19:00,2,2,0
ถนนตก,พระรามที่ 3,17:00-19:00,0,0,2
ถนนตก,เจริญกรุง,07:00-09:00,2,2,2
ถนนตก,เจริญกรุง,09:00-16:00,2,2,0
ถนนตก,เจริญกรุง,09:00-17:00,0,0,2
ถนนตก,เจริญกรุง,16:00-19:00,2,2,0
ถนนตก,เจริญกรุง,17:00-19:00,0,0,2
ถนนตะนาว ระหว่างมหรรณพ-สี่กั๊กเสาชิงช้า,ตะนาว,07:00-09:00,0,0,1
ถนนตะนาว ระหว่างมหรรณพ-สี่กั๊กเสาชิงช้า,ตะนาว,09:00-17:00,0,0,1
ถนนตะนาว ระหว่างมหรรณพ-สี่กั๊กเสาชิงช้า,ตะนาว,17:00-19:00,0,0,1
ถนนทวีวัฒนา - ซอยศาลาธรรมสพน์,ซอยศาลาธรรมสพน์,07:00-09:00,1,0,0
ถนนทวีวัฒนา - ซอยศาลาธรรมสพน์,ซอยศาลาธรรมสพน์,09:00-16:00,1,0,0
ถนนทวีวัฒนา - ซอยศาลาธรรมสพน์,ซอยศาลาธรรมสพน์,16:00-19:00,1,0,0
ถนนทวีวัฒนา - ซอยศาลาธรรมสพน์,ทวีวัฒนา,07:00-09:00,1,0,0
ถนนทวีวัฒนา - ซอยศาลาธรรมสพน์,ทวีวัฒนา,09:00-16:00,1,0,0
ถนนทวีวัฒนา - ซอยศาลาธรรมสพน์,ทวีวัฒนา,16:00-19:00,1,0,0
ถนนนเรศตัดถนนสุรวงศ์,นเรศ,07:00-09:00,1,0,0
ถนนนเรศตัดถนนสุรวงศ์,นเรศ,09:00-16:00,1,0,0
ถนนนเรศตัดถนนสุรวงศ์,นเรศ,16:00-19:00,1,0,0
ถนนนเรศตัดถนนสุรวงศ์,สุรวงศ์,07:00-09:00,1,0,0
ถนนนเรศตัดถนนสุรวงศ์,สุรวงศ์,09:00-16:00,1,0,0
ถนนนเรศตัดถนนสุรวงศ์,สุรวงศ์,16:00-19:00,1,0,0
ถนนพุทธสาย 2- ซอยศาลาธรรมสพน์,ซอยศาลาธรรมสพน์,07:00-09:00,1,0,0
ถนนพุทธสาย 2- ซอยศาลาธรรมสพน์,ซอยศาลาธรรมสพน์,09:00-16:00,1,0,0
ถนนพุทธสาย 2- ซอยศาลาธรรมสพน์,ซอยศาลาธรรมสพน์,16:00-19:00,1,0,0
ถนนพุทธสาย 2- ซอยศาลาธรรมสพน์,พุทธมณฑลสาย 2,07:00-09:00,1,0,0
ถนนพุทธสาย 2- ซอยศาลาธรรมสพน์,พุทธมณฑลสาย 2,09:00-16:00,1,0,0
ถนนพุทธสาย 2- ซอยศาลาธรรมสพน์,พุทธมณฑลสาย 2,16:00-19:00,1,0,0
ถนนพุทธสาย 3 - ซอยศาลาธรรมสพน์,ซอยศาลาธรรมสพน์,07:00-09:00,1,0,0
ถนนพุทธสาย 3 - ซอยศาลาธรรมสพน์,ซอยศาลาธรรมสพน์,09:00-16:00,1,0,0
ถนนพุทธสาย 3 - ซอยศาลาธรรมสพน์,ซอยศาลาธรรมสพน์,16:00-19:00,1,0,0
ถนนพุทธสาย 3 - ซอยศาลาธรรมสพน์,พุทธมณฑลสาย 3,07:00-09:00,1,0,0
ถนนพุทธสาย 3 - ซอยศาลาธรรมสพน์,พุทธมณฑลสาย 3,09:00-16:00,1,0,0
ถนนพุทธสาย 3 - ซอยศาลาธรรมสพน์,พุทธมณฑลสาย 3,16:00-19:00,1,0,0
ถนนมหรรณพ ระหว่างมหรรณพ-สี่กั๊กเสาชิงช้า,มหรรณพ,07:00-09:00,0,0,1
ถนนมหรรณพ ระหว่างมหรรณพ-สี่กั๊กเสาชิงช้า,มหรรณพ,09:00-17:00,0,0,1
ถนนมหรรณพ ระหว่างมหรรณพ-สี่กั๊กเสาชิงช้า,มหรรณพ,17:00-19:00,0,0,1
ถนนราชบพิธ ระหว่างถนนตีทอง - ถนนเฟื่องนคร,ราชบพิธ,07:00-09:00,0,0,1
ถนนราชบพิธ ระหว่างถนนตีทอง - ถนนเฟื่องนคร,ราชบพิธ,09:00-17:00,0,0,1
ถนนราชบพิธ ระหว่างถนนตีทอง - ถนนเฟื่องนคร,ราชบพิธ,17:00-19:00,0,0,1
ถนนสำราญราษฎร์ ระหว่างถนนมหาไชย - ถนนศิริพงษ์,สำราญราษฎร์,07:00-09:00,0,0,1
ถนนสำราญราษฎร์ ระหว่างถนนมหาไชย - ถนนศิริพงษ์,สำราญราษฎร์,09:00-17:00,0,0,1
ถนนสำราญราษฎร์ ระหว่างถนนมหาไชย - ถนนศิริพงษ์,สำราญราษฎร์,17:00-19:00,0,0,1
ถนนเทพรักษ์ - สุขาภิบาล 5,เทพรักษ์,07:00-09:00,1,0,0
ถนนเทพรักษ์ - สุขาภิบาล 5,เทพรักษ์,09:00-16:00,1,0,0
ถนนเทพรักษ์ - สุขาภิบาล 5,เทพรักษ์,16:00-19:00,1,0,0
ถาวรธวัช,ถาวรธวัช,07:00-09:00,0,1,0
ถาวรธวัช,ถาวรธวัช,09:00-16:00,0,1,0
ถาวรธวัช,ถาวรธวัช,16:00-19:00,0,1,0
ถาวรธวัช,พัฒนาการ,07:00-09:00,0,1,0
ถาวรธวัช,พัฒนาการ,09:00-16:00,0,1,0
ถาวรธวัช,พัฒนาการ,16:00-19:00,0,1,0
ททัยมิตร -นิมิตรใหม่,ซอยวัดสุขใจ,07:00-09:00,1,0,0
ททัยมิตร -นิมิตรใหม่,ซอยวัดสุขใจ,09:00-16:00,1,0,0
ททัยมิตร -นิมิตรใหม่,ซอยวัดสุขใจ,16:00-19:00,1,0,0
ททัยมิตร -นิมิตรใหม่,นิมิตรใหม่,07:00-09:00,1,0,0
ททัยมิตร -นิมิตรใหม่,นิมิตรใหม่,09:00-16:00,1,0,0
ททัยมิตร -นิมิตรใหม่,นิมิตรใหม่,16:00-19:00,1,0,0
ททัยมิตร -นิมิตรใหม่,หทัยมิตร,07:00-09:00,1,0,0
ททัยมิตร -นิมิตรใหม่,หทัยมิตร,09:00-16:00,1,0,0
ททัยมิตร -นิมิตรใหม่,หทัยมิตร,16:00-19:00,1,0,0
ทน้ากรมแผนทีทหาร,กัลยาณไมตรี,07:00-09:00,1,0,0
ทน้ากรมแผนทีทหาร,กัลยาณไมตรี,09:00-16:00,1,0,0
ทน้ากรมแผนทีทหาร,กัลยาณไมตรี,16:00-19:00,1,0,0
ทวีวัฒนา - ทวีวัฒนา 9,ทวีวัฒนา,07:00-09:00,0,0,1
ทวีวัฒนา - ทวีวัฒนา 9,ทวีวัฒนา,09:00-16:00,0,0,1
ทวีวัฒนา - ทวีวัฒนา 9,ทวีวัฒนา,16:00-19:00,0,0,1
ทวีวัฒนา - ทวีวัฒนา 9,ทวีวัฒนา 9,07:00-09:00,0,0,1
ทวีวัฒนา - ทวีวัฒนา 9,ทวีวัฒนา 9,09:00-16:00,0,0,1
ทวีวัฒนา - ทวีวัฒนา 9,ทวีวัฒนา 9,16:00-19:00,0,0,1
ทวีวัฒนา - อักษะ,ทวีวัฒนา,07:00-09:00,0,1,0
ทวีวัฒนา - อักษะ,ทวีวัฒนา,09:00-16:00,0,1,0
ทวีวัฒนา - อักษะ,ทวีวัฒนา,16:00-19:00,0,1,0
ทวีวัฒนา - อักษะ,อักษะ,07:00-09:00,0,1,0
ทวีวัฒนา - อักษะ,อักษะ,09:00-16:00,0,1,0
ทวีวัฒนา - อักษะ,อักษะ,16:00-19:00,0,1,0
ทหาร - ซ.อาคารสงเคราะห์กองทัพบก,ซ.อาคารสงเคราะห์กองทัพบก,07:00-09:00,0,1,0
ทหาร - ซ.อาคารสงเคราะห์กองทัพบก,ซ.อาคารสงเคราะห์กองทัพบก,09:00-16:00,0,1,0
ทหาร - ซ.อาคารสงเคราะห์กองทัพบก,ซ.อาคารสงเคราะห์กองทัพบก,16:00-19:00,0,1,0
ทหาร - ซ.อาคารสงเคราะห์กองทัพบก,ทหาร,07:00-09:00,0,1,0
ทหาร - ซ.อาคารสงเคราะห์กองทัพบก,ทหาร,09:00-16:00,0,1,0
ทหาร - ซ.อาคารสงเคราะห์กองทัพบก,ทหาร,16:00-19:00,0,1,0
ทองหล่อ,ซอยสุขุมวิท 55,07:00-09:00,1,0,0
ทองหล่อ,ซอยสุขุมวิท 55,09:00-16:00,1,0,0
ทองหล่อ,ซอยสุขุมวิท 55,16:00-19:00,1,0,0
ทองหล่อ,ซอยสุขุมวิท 55 (ทองหล่อ),07:00-09:00,1,0,0
ทองหล่อ,ซอยสุขุมวิท 55 (ทองหล่อ),09:00-16:00,1,0,0
ทองหล่อ,ซอยสุขุมวิท 55 (ทองหล่อ),16:00-19:00,1,0,0
ทองหล่อ,สุขุมวิท,07:00-09:00,2,1,4
ทองหล่อ,สุขุมวิท,09:00-16:00,2,1,1
ทองหล่อ,สุขุมวิท,09:00-17:00,0,0,3
ทองหล่อ,สุขุมวิท,16:00-19:00,2,1,1
ทองหล่อ,สุขุมวิท,17:00-19:00,0,0,3
ทองหล่อ,สุขุมวิท 55,07:00-09:00,0,0,4
ทองหล่อ,สุขุมวิท 55,09:00-16:00,0,0,1
ทองหล่อ,สุขุมวิท 55,09:00-17:00,0,0,3
ทองหล่อ,สุขุมวิท 55,16:00-19:00,0,0,1
ทองหล่อ,สุขุมวิท 55,17:00-19:00,0,0,3
ทองหล่อ,สุขุมวิท 55 (ทองหล่อ),07:00-09:00,0,1,0
ทองหล่อ,สุขุมวิท 55 (ทองหล่อ),09:00-16:00,0,1,0
ทองหล่อ,สุขุมวิท 55 (ทองหล่อ),16:00-19:00,0,1,0
ทองหล่อ 10,ซอยทองหล่อ 10,07:00-09:00,1,0,0
ทองหล่อ 10,ซอยทองหล่อ 10,09:00-16:00,1,0,0
ทองหล่อ 10,ซอยทองหล่อ 10,16:00-19:00,1,0,0
ทองหล่อ 10,ซอยทองหล่อ 11,07:00-09:00,1,0,0
ทองหล่อ 10,ซอยทองหล่อ 11,09:00-16:00,1,0,0
ทองหล่อ 10,ซอยทองหล่อ 11,16:00-19:00,1,0,0
ทองหล่อ 10,ทองหล่อ,07:00-09:00,1,0,1
ทองหล่อ 10,ทองหล่อ,09:00-16:00,1,0,0
ทองหล่อ 10,ทองหล่อ,09:00-17:00,0,0,1
ทองหล่อ 10,ทองหล่อ,16:00-19:00,1,0,0
ทองหล่อ 10,ทองหล่อ,17:00-19:00,0,0,1
ทองหล่อ 10,ทองหล่อ 10,07:00-09:00,0,0,1
ทองหล่อ 10,ทองหล่อ 10,09:00-17:00,0,0,1
ทองหล่อ 10,ทองหล่อ 10,17:00-19:00,0,0,1
ทองหล่อ 10,ทองหล่อ 11,07:00-09:00,0,0,1
ทองหล่อ 10,ทองหล่อ 11,09:00-17:00,0,0,1
ทองหล่อ 10,ทองหล่อ 11,17:00-19:00,0,0,1
ทางขึ้นทางด่วนจตุรโชติ,เลียบด่วนอาจณรงค์ รามอินทรา,07:00-09:00,1,0,0
ทางขึ้นทางด่วนจตุรโชติ,เลียบด่วนอาจณรงค์ รามอินทรา,09:00-16:00,1,0,0
ทางขึ้นทางด่วนจตุรโชติ,เลียบด่วนอาจณรงค์ รามอินทรา,16:00-19:00,1,0,0
ทางขึ้นทางด่วนจตุรโชติ,เลียบทางด่วน,07:00-09:00,1,0,0
ทางขึ้นทางด่วนจตุรโชติ,เลียบทางด่วน,09:00-16:00,1,0,0
ทางขึ้นทางด่วนจตุรโชติ,เลียบทางด่วน,16:00-19:00,1,0,0
ทางข้าม ถ.พุทธมณฑลสาย 1,พุทธมณฑลสาย 1,07:00-09:00,1,0,0
ทางข้าม ถ.พุทธมณฑลสาย 1,พุทธมณฑลสาย 1,09:00-16:00,1,0,0
ทางข้าม ถ.พุทธมณฑลสาย 1,พุทธมณฑลสาย 1,16:00-19:00,1,0,0
ทางข้าม ธ.กสิกรไทย,พหลโยธิน,07:00-09:00,0,0,1
ทางข้าม ธ.กสิกรไทย,พหลโยธิน,09:00-16:00,0,0,1
ทางข้าม ธ.กสิกรไทย,พหลโยธิน,16:00-19:00,0,0,1
ทางข้าม รร.ผ่องพลอยอนุสรณ์,ลาซาล 55,07:00-09:00,0,0,1
ทางข้าม รร.ผ่องพลอยอนุสรณ์,ลาซาล 55,09:00-17:00,0,0,1
ทางข้าม รร.ผ่องพลอยอนุสรณ์,ลาซาล 55,17:00-19:00,0,0,1
ทางข้ามข้างวัดสุทัศน์,ตีทอง,07:00-09:00,0,0,1
ทางข้ามข้างวัดสุทัศน์,ตีทอง,09:00-17:00,0,0,1
ทางข้ามข้างวัดสุทัศน์,ตีทอง,17:00-19:00,0,0,1
ทางข้ามดวงพิทักษ์,ดวงพิทักษ์,07:00-09:00,0,0,1
ทางข้ามดวงพิทักษ์,ดวงพิทักษ์,09:00-17:00,0,0,1
ทางข้ามดวงพิทักษ์,ดวงพิทักษ์,17:00-19:00,0,0,1
ทางข้ามดวงพิทักษ์,สุขุมวิท,07:00-09:00,0,0,1
ทางข้ามดวงพิทักษ์,สุขุมวิท,09:00-17:00,0,0,1
ทางข้ามดวงพิทักษ์,สุขุมวิท,17:00-19:00,0,0,1
ทางข้ามถนนหลานหลวง (ใกล้ถนนเพนียง),หลานหลวง,07:00-09:00,1,0,0
ทางข้ามถนนหลานหลวง (ใกล้ถนนเพนียง),หลานหลวง,09:00-16:00,1,0,0
ทางข้ามถนนหลานหลวง (ใกล้ถนนเพนียง),หลานหลวง,16:00-19:00,1,0,0
ทางข้ามถนนเลียบคลองผดุงกรุงเกษม,เลียบคลองผดุงกรุงเกษม,07:00-09:00,2,0,0
ทางข้ามถนนเลียบคลองผดุงกรุงเกษม,เลียบคลองผดุงกรุงเกษม,09:00-16:00,2,0,0
ทางข้ามถนนเลียบคลองผดุงกรุงเกษม,เลียบคลองผดุงกรุงเกษม,16:00-19:00,2,0,0
ทางข้ามทางข้ามหน้าโรงเรียนวัดราชบพิตร,สนามไชย,07:00-09:00,1,0,0
ทางข้ามทางข้ามหน้าโรงเรียนวัดราชบพิตร,สนามไชย,09:00-16:00,1,0,0
ทางข้ามทางข้ามหน้าโรงเรียนวัดราชบพิตร,สนามไชย,16:00-19:00,1,0,0
ทางข้ามทางเข้าวัดมะกอก,พุทธมณฑลสาย 1,07:00-09:00,0,1,0
ทางข้ามทางเข้าวัดมะกอก,พุทธมณฑลสาย 1,09:00-16:00,0,1,0
ทางข้ามทางเข้าวัดมะกอก,พุทธมณฑลสาย 1,16:00-19:00,0,1,0
ทางข้ามทางเข้าโรงเรียนบ้านนายเหรียญ,ทางเข้าโรงเรียนบ้านนายเหรียญ,07:00-09:00,1,0,0
ทางข้ามทางเข้าโรงเรียนบ้านนายเหรียญ,ทางเข้าโรงเรียนบ้านนายเหรียญ,09:00-16:00,1,0,0
ทางข้ามทางเข้าโรงเรียนบ้านนายเหรียญ,ทางเข้าโรงเรียนบ้านนายเหรียญ,16:00-19:00,1,0,0
ทางข้ามทางเข้าโรงเรียนบ้านนายเหรียญ,บางบอน 4 ซอย 14,07:00-09:00,1,0,0
ทางข้ามทางเข้าโรงเรียนบ้านนายเหรียญ,บางบอน 4 ซอย 14,09:00-16:00,1,0,0
ทางข้ามทางเข้าโรงเรียนบ้านนายเหรียญ,บางบอน 4 ซอย 14,16:00-19:00,1,0,0
ทางข้ามบริเวณซอยอุดมสุข 37,อุดมสุข,07:00-09:00,1,0,0
ทางข้ามบริเวณซอยอุดมสุข 37,อุดมสุข,09:00-16:00,1,0,0
ทางข้ามบริเวณซอยอุดมสุข 37,อุดมสุข,16:00-19:00,1,0,0
ทางข้ามบริเวณสวนสาธารณะทางลงจากมอเตอร์เวย์,ศรีนครินทร์,07:00-09:00,0,0,1
ทางข้ามบริเวณสวนสาธารณะทางลงจากมอเตอร์เวย์,ศรีนครินทร์,09:00-17:00,0,0,1
ทางข้ามบริเวณสวนสาธารณะทางลงจากมอเตอร์เวย์,ศรีนครินทร์,17:00-19:00,0,0,1
ทางข้ามบริเวณหน้าตึกอรกานต์,ชิดลม,07:00-09:00,1,0,0
ทางข้ามบริเวณหน้าตึกอรกานต์,ชิดลม,09:00-16:00,1,0,0
ทางข้ามบริเวณหน้าตึกอรกานต์,ชิดลม,16:00-19:00,1,0,0
ทางข้ามบ้านสวนริมคลอง,ศรีนครินทร์ - ร่มเกล้า,07:00-09:00,0,0,1
ทางข้ามบ้านสวนริมคลอง,ศรีนครินทร์ - ร่มเกล้า,09:00-16:00,0,0,1
ทางข้ามบ้านสวนริมคลอง,ศรีนครินทร์ - ร่มเกล้า,16:00-19:00,0,0,1
ทางข้ามประชาสงเคราะห์ตัดมิตรไมตรี,ประชาสงเคราะห์,07:00-09:00,0,0,1
ทางข้ามประชาสงเคราะห์ตัดมิตรไมตรี,ประชาสงเคราะห์,09:00-16:00,0,0,1
ทางข้ามประชาสงเคราะห์ตัดมิตรไมตรี,ประชาสงเคราะห์,16:00-19:00,0,0,1
ทางข้ามปากซอยประชาสงเคราะห์ 1,ประชาสงเคราะห์,07:00-09:00,0,0,1
ทางข้ามปากซอยประชาสงเคราะห์ 1,ประชาสงเคราะห์,09:00-16:00,0,0,1
ทางข้ามปากซอยประชาสงเคราะห์ 1,ประชาสงเคราะห์,16:00-19:00,0,0,1
ทางข้ามปากซอยประชาสงเคราะห์ 12,ประชาสงเคราะห์,07:00-09:00,0,0,1
ทางข้ามปากซอยประชาสงเคราะห์ 12,ประชาสงเคราะห์,09:00-16:00,0,0,1
ทางข้ามปากซอยประชาสงเคราะห์ 12,ประชาสงเคราะห์,16:00-19:00,0,0,1
ทางข้ามปากซอยประชาสงเคราะห์ 13,ประชาสงเคราะห์,07:00-09:00,0,0,1
ทางข้ามปากซอยประชาสงเคราะห์ 13,ประชาสงเคราะห์,09:00-16:00,0,0,1
ทางข้ามปากซอยประชาสงเคราะห์ 13,ประชาสงเคราะห์,16:00-19:00,0,0,1
ทางข้ามปากซอยประชาสงเคราะห์ 16,ประชาสงเคราะห์,07:00-09:00,0,0,1
ทางข้ามปากซอยประชาสงเคราะห์ 16,ประชาสงเคราะห์,09:00-16:00,0,0,1
ทางข้ามปากซอยประชาสงเคราะห์ 16,ประชาสงเคราะห์,16:00-19:00,0,0,1
ทางข้ามปากซอยประชาสงเคราะห์ 2,ประชาสงเคราะห์,07:00-09:00,0,0,1
ทางข้ามปากซอยประชาสงเคราะห์ 2,ประชาสงเคราะห์,09:00-16:00,0,0,1
ทางข้ามปากซอยประชาสงเคราะห์ 2,ประชาสงเคราะห์,16:00-19:00,0,0,1
ทางข้ามปากซอยประชาสงเคราะห์ 23,ประชาสงเคราะห์,07:00-09:00,0,0,1
ทางข้ามปากซอยประชาสงเคราะห์ 23,ประชาสงเคราะห์,09:00-16:00,0,0,1
ทางข้ามปากซอยประชาสงเคราะห์ 23,ประชาสงเคราะห์,16:00-19:00,0,0,1
ทางข้ามปากซอยประชาสงเคราะห์ 24,ประชาสงเคราะห์,07:00-09:00,0,0,1
ทางข้ามปากซอยประชาสงเคราะห์ 24,ประชาสงเคราะห์,09:00-16:00,0,0,1
ทางข้ามปากซอยประชาสงเคราะห์ 24,ประชาสงเคราะห์,16:00-19:00,0,0,1
ทางข้ามปากซอยประชาสงเคราะห์ 27,ประชาสงเคราะห์,07:00-09:00,0,0,1
ทางข้ามปากซอยประชาสงเคราะห์ 27,ประชาสงเคราะห์,09:00-16:00,0,0,1
ทางข้ามปากซอยประชาสงเคราะห์ 27,ประชาสงเคราะห์,16:00-19:00,0,0,1
ทางข้ามปากซอยประชาสงเคราะห์ 28,ประชาสงเคราะห์,07:00-09:00,0,0,1
ทางข้ามปากซอยประชาสงเคราะห์ 28,ประชาสงเคราะห์,09:00-16:00,0,0,1
ทางข้ามปากซอยประชาสงเคราะห์ 28,ประชาสงเคราะห์,16:00-19:00,0,0,1
ทางข้ามปากซอยประชาสงเคราะห์ 30,ประชาสงเคราะห์,07:00-09:00,0,0,1
ทางข้ามปากซอยประชาสงเคราะห์ 30,ประชาสงเคราะห์,09:00-16:00,0,0,1
ทางข้ามปากซอยประชาสงเคราะห์ 30,ประชาสงเคราะห์,16:00-19:00,0,0,1
ทางข้ามปากซอยประชาสงเคราะห์ 32,ประชาสงเคราะห์,07:00-09:00,0,0,1
ทางข้ามปากซอยประชาสงเคราะห์ 32,ประชาสงเคราะห์,09:00-16:00,0,0,1
ทางข้ามปากซอยประชาสงเคราะห์ 32,ประชาสงเคราะห์,16:00-19:00,0,0,1
ทางข้ามปากซอยประชาสงเคราะห์ 36,ประชาสงเคราะห์,07:00-09:00,0,0,1
ทางข้ามปากซอยประชาสงเคราะห์ 36,ประชาสงเคราะห์,09:00-16:00,0,0,1
ทางข้ามปากซอยประชาสงเคราะห์ 36,ประชาสงเคราะห์,16:00-19:00,0,0,1
ทางข้ามปากซอยประชาสงเคราะห์ 37,ประชาสงเคราะห์,07:00-09:00,0,0,1
ทางข้ามปากซอยประชาสงเคราะห์ 37,ประชาสงเคราะห์,09:00-16:00,0,0,1
ทางข้ามปากซอยประชาสงเคราะห์ 37,ประชาสงเคราะห์,16:00-19:00,0,0,1
ทางข้ามปากซอยประชาสงเคราะห์ 39,ประชาสงเคราะห์,07:00-09:00,0,0,1
ทางข้ามปากซอยประชาสงเคราะห์ 39,ประชาสงเคราะห์,09:00-16:00,0,0,1
ทางข้ามปากซอยประชาสงเคราะห์ 39,ประชาสงเคราะห์,16:00-19:00,0,0,1
ทางข้ามปากซอยประชาสงเคราะห์ 4,ประชาสงเคราะห์,07:00-09:00,0,0,1
ทางข้ามปากซอยประชาสงเคราะห์ 4,ประชาสงเคราะห์,09:00-16:00,0,0,1
ทางข้ามปากซอยประชาสงเคราะห์ 4,ประชาสงเคราะห์,16:00-19:00,0,0,1
ทางข้ามปากซอยประชาสงเคราะห์ 43,ประชาสงเคราะห์,07:00-09:00,0,0,1
ทางข้ามปากซอยประชาสงเคราะห์ 43,ประชาสงเคราะห์,09:00-16:00,0,0,1
ทางข้ามปากซอยประชาสงเคราะห์ 43,ประชาสงเคราะห์,16:00-19:00,0,0,1
ทางข้ามปากซอยประชาสงเคราะห์ 5,ประชาสงเคราะห์,07:00-09:00,0,0,1
ทางข้ามปากซอยประชาสงเคราะห์ 5,ประชาสงเคราะห์,09:00-16:00,0,0,1
ทางข้ามปากซอยประชาสงเคราะห์ 5,ประชาสงเคราะห์,16:00-19:00,0,0,1
ทางข้ามปากซอยพหลโยธิน 54/1,พหลโยธิน,07:00-09:00,0,0,1
ทางข้ามปากซอยพหลโยธิน 54/1,พหลโยธิน,09:00-16:00,0,0,1
ทางข้ามปากซอยพหลโยธิน 54/1,พหลโยธิน,16:00-19:00,0,0,1
ทางข้ามปากซอยพุทธมณฑลสาย 3 ซอย 3และซอย 5,พุทธมณฑลสาย 3,07:00-09:00,1,0,0
ทางข้ามปากซอยพุทธมณฑลสาย 3 ซอย 3และซอย 5,พุทธมณฑลสาย 3,09:00-16:00,1,0,0
ทางข้ามปากซอยพุทธมณฑลสาย 3 ซอย 3และซอย 5,พุทธมณฑลสาย 3,16:00-19:00,1,0,0
ทางข้ามปากซอยมิตรไมตรี 3,ประชาสงเคราะห์,07:00-09:00,0,0,1
ทางข้ามปากซอยมิตรไมตรี 3,ประชาสงเคราะห์,09:00-16:00,0,0,1
ทางข้ามปากซอยมิตรไมตรี 3,ประชาสงเคราะห์,16:00-19:00,0,0,1
ทางข้ามปากซอยวัดเทพพล,พรานนก - พุทธมณฑลสาย 4,07:00-09:00,1,0,0
ทางข้ามปากซอยวัดเทพพล,พรานนก - พุทธมณฑลสาย 4,09:00-16:00,1,0,0
ทางข้ามปากซอยวัดเทพพล,พรานนก - พุทธมณฑลสาย 4,16:00-19:00,1,0,0
ทางข้ามปากซอยสามเสน 1,สามเสน,07:00-09:00,1,0,1
ทางข้ามปากซอยสามเสน 1,สามเสน,09:00-16:00,1,0,1
ทางข้ามปากซอยสามเสน 1,สามเสน,16:00-19:00,1,0,1
ทางข้ามปากซอยสามเสน 19,สามเสน,07:00-09:00,0,0,1
ทางข้ามปากซอยสามเสน 19,สามเสน,09:00-16:00,0,0,1
ทางข้ามปากซอยสามเสน 19,สามเสน,16:00-19:00,0,0,1
ทางข้ามปากซอยอุดมสุข 47,สุขุมวิท 103 (อุดมสุข),07:00-09:00,1,0,0
ทางข้ามปากซอยอุดมสุข 47,สุขุมวิท 103 (อุดมสุข),09:00-16:00,1,0,0
ทางข้ามปากซอยอุดมสุข 47,สุขุมวิท 103 (อุดมสุข),16:00-19:00,1,0,0
ทางข้ามปากซอยอ่อนนุช 11,อ่อนนุช,07:00-09:00,0,0,1
ทางข้ามปากซอยอ่อนนุช 11,อ่อนนุช,09:00-17:00,0,0,1
ทางข้ามปากซอยอ่อนนุช 11,อ่อนนุช,17:00-19:00,0,0,1
ทางข้ามปากซอยอ่อนนุช 37/1,อ่อนนุช,07:00-09:00,0,0,1
ทางข้ามปากซอยอ่อนนุช 37/1,อ่อนนุช,09:00-17:00,0,0,1
ทางข้ามปากซอยอ่อนนุช 37/1,อ่อนนุช,17:00-19:00,0,0,1
ทางข้ามปากซอยอ่อนนุช 49,อ่อนนุช,07:00-09:00,1,0,0
ทางข้ามปากซอยอ่อนนุช 49,อ่อนนุช,09:00-16:00,1,0,0
ทางข้ามปากซอยอ่อนนุช 49,อ่อนนุช,16:00-19:00,1,0,0
ทางข้ามปากซอยอ่อนนุช 65,อ่อนนุช,07:00-09:00,1,0,0
ทางข้ามปากซอยอ่อนนุช 65,อ่อนนุช,09:00-16:00,1,0,0
ทางข้ามปากซอยอ่อนนุช 65,อ่อนนุช,16:00-19:00,1,0,0
ทางข้ามปากซอยอ่อนนุช 74/3,อ่อนนุช,07:00-09:00,1,0,0
ทางข้ามปากซอยอ่อนนุช 74/3,อ่อนนุช,09:00-16:00,1,0,0
ทางข้ามปากซอยอ่อนนุช 74/3,อ่อนนุช,16:00-19:00,1,0,0
ทางข้ามปากซอยเอกชัย 32,เอกชัย,07:00-09:00,1,0,0
ทางข้ามปากซอยเอกชัย 32,เอกชัย,09:00-16:00,1,0,0
ทางข้ามปากซอยเอกชัย 32,เอกชัย,16:00-19:00,1,0,0
ทางข้ามพหลโยธิน 36,พหลโยธิน,07:00-09:00,0,0,1
ทางข้ามพหลโยธิน 36,พหลโยธิน,09:00-16:00,0,0,1
ทางข้ามพหลโยธิน 36,พหลโยธิน,16:00-19:00,0,0,1
ทางข้ามระหว่างซอยจรัญสนิทวงศ์ 44 - 46,จรัญสนิทวงศ์,07:00-09:00,0,0,1
ทางข้ามระหว่างซอยจรัญสนิทวงศ์ 44 - 46,จรัญสนิทวงศ์,09:00-17:00,0,0,1
ทางข้ามระหว่างซอยจรัญสนิทวงศ์ 44 - 46,จรัญสนิทวงศ์,17:00-19:00,0,0,1
ทางข้ามระหว่างซอยพุทธบูชา 22 -22/1,พุทธบูชา,07:00-09:00,0,0,1
ทางข้ามระหว่างซอยพุทธบูชา 22 -22/1,พุทธบูชา,09:00-17:00,0,0,1
ทางข้ามระหว่างซอยพุทธบูชา 22 -22/1,พุทธบูชา,17:00-19:00,0,0,1
ทางข้ามระหว่างซอยศาลาธรรมสพน์23และ21,ศาลาธรรมสพน์,07:00-09:00,1,0,0
ทางข้ามระหว่างซอยศาลาธรรมสพน์23และ21,ศาลาธรรมสพน์,09:00-16:00,1,0,0
ทางข้ามระหว่างซอยศาลาธรรมสพน์23และ21,ศาลาธรรมสพน์,16:00-19:00,1,0,0
ทางข้ามระหว่างวัดปทุมวนารามกับเซ็นทรัลเวิลด์,พระรามที่ 1,07:00-09:00,0,1,0
ทางข้ามระหว่างวัดปทุมวนารามกับเซ็นทรัลเวิลด์,พระรามที่ 1,09:00-16:00,0,1,0
ทางข้ามระหว่างวัดปทุมวนารามกับเซ็นทรัลเวิลด์,พระรามที่ 1,16:00-19:00,0,1,0
ทางข้ามสุขุมวิท21 ซอย 1,อโศก,07:00-09:00,1,0,0
ทางข้ามสุขุมวิท21 ซอย 1,อโศก,09:00-16:00,1,0,0
ทางข้ามสุขุมวิท21 ซอย 1,อโศก,16:00-19:00,1,0,0
ทางข้ามสุขุมวิท21 ซอย 3,อโศก,07:00-09:00,1,0,0
ทางข้ามสุขุมวิท21 ซอย 3,อโศก,09:00-16:00,1,0,0
ทางข้ามสุขุมวิท21 ซอย 3,อโศก,16:00-19:00,1,0,0
ทางข้ามหน้า SM ทาวเวอร์,พหลโยธิน,07:00-09:00,0,0,1
ทางข้ามหน้า SM ทาวเวอร์,พหลโยธิน,09:00-16:00,0,0,1
ทางข้ามหน้า SM ทาวเวอร์,พหลโยธิน,16:00-19:00,0,0,1
ทางข้ามหน้า ธ.ออมสิน,พหลโยธิน,07:00-09:00,0,0,1
ทางข้ามหน้า ธ.ออมสิน,พหลโยธิน,09:00-16:00,0,0,1
ทางข้ามหน้า ธ.ออมสิน,พหลโยธิน,16:00-19:00,0,0,1
ทางข้ามหน้า ม.เกษตร,พหลโยธิน,07:00-09:00,0,0,1
ทางข้ามหน้า ม.เกษตร,พหลโยธิน,09:00-16:00,0,0,1
ทางข้ามหน้า ม.เกษตร,พหลโยธิน,16:00-19:00,0,0,1
ทางข้ามหน้า รพ.วิภาราม,พัฒนาการ,07:00-09:00,0,0,1
ทางข้ามหน้า รพ.วิภาราม,พัฒนาการ,09:00-16:00,0,0,1
ทางข้ามหน้า รพ.วิภาราม,พัฒนาการ,16:00-19:00,0,0,1
ทางข้ามหน้า สน.ทองหล่อ,ซอยสุขุมวิท 55,07:00-09:00,1,0,0
ทางข้ามหน้า สน.ทองหล่อ,ซอยสุขุมวิท 55,09:00-16:00,1,0,0
ทางข้ามหน้า สน.ทองหล่อ,ซอยสุขุมวิท 55,16:00-19:00,1,0,0
ทางข้ามหน้ากรมส่งเสริมวัฒนธรรม,วัฒนธรรม,07:00-09:00,1,0,0
ทางข้ามหน้ากรมส่งเสริมวัฒนธรรม,วัฒนธรรม,09:00-16:00,1,0,0
ทางข้ามหน้ากรมส่งเสริมวัฒนธรรม,วัฒนธรรม,16:00-19:00,1,0,0
ทางข้ามหน้ากองปราบปราม,พหลโยธิน,07:00-09:00,0,0,1
ทางข้ามหน้ากองปราบปราม,พหลโยธิน,09:00-16:00,0,0,1
ทางข้ามหน้ากองปราบปราม,พหลโยธิน,16:00-19:00,0,0,1
ทางข้ามหน้าชุมชนน้องใหม่,อาจณรงค์,07:00-09:00,1,0,0
ทางข้ามหน้าชุมชนน้องใหม่,อาจณรงค์,09:00-16:00,1,0,0
ทางข้ามหน้าชุมชนน้องใหม่,อาจณรงค์,16:00-19:00,1,0,0
ทางข้ามหน้าตลาดบางเขน,พหลโยธิน,07:00-09:00,0,0,1
ทางข้ามหน้าตลาดบางเขน,พหลโยธิน,09:00-16:00,0,0,1
ทางข้ามหน้าตลาดบางเขน,พหลโยธิน,16:00-19:00,0,0,1
ทางข้ามหน้าตลาดพิบูลย์วิทย์6,เอกชัย,07:00-09:00,1,0,0
ทางข้ามหน้าตลาดพิบูลย์วิทย์6,เอกชัย,09:00-16:00,1,0,0
ทางข้ามหน้าตลาดพิบูลย์วิทย์6,เอกชัย,16:00-19:00,1,0,0
ทางข้ามหน้าตลาดสะพานใหม่,พหลโยธิน,07:00-09:00,0,0,1
ทางข้ามหน้าตลาดสะพานใหม่,พหลโยธิน,09:00-16:00,0,0,1
ทางข้ามหน้าตลาดสะพานใหม่,พหลโยธิน,16:00-19:00,0,0,1
ทางข้ามหน้าตลาดเทเวศร์,สามเสน,07:00-09:00,0,0,1
ทางข้ามหน้าตลาดเทเวศร์,สามเสน,09:00-16:00,0,0,1
ทางข้ามหน้าตลาดเทเวศร์,สามเสน,16:00-19:00,0,0,1
ทางข้ามหน้าตึกจีเอ็มเอ็มแกรมมี,อโศก,07:00-09:00,1,0,0
ทางข้ามหน้าตึกจีเอ็มเอ็มแกรมมี,อโศก,09:00-16:00,1,0,0
ทางข้ามหน้าตึกจีเอ็มเอ็มแกรมมี,อโศก,16:00-19:00,1,0,0
ทางข้ามหน้าทำเนียบรัฐบาล,พิษณุโลก,07:00-09:00,0,0,1
ทางข้ามหน้าทำเนียบรัฐบาล,พิษณุโลก,09:00-17:00,0,0,1
ทางข้ามหน้าทำเนียบรัฐบาล,พิษณุโลก,17:00-19:00,0,0,1
ทางข้ามหน้าท่าวาสุกรี,สามเสน,07:00-09:00,0,0,1
ทางข้ามหน้าท่าวาสุกรี,สามเสน,09:00-16:00,0,0,1
ทางข้ามหน้าท่าวาสุกรี,สามเสน,16:00-19:00,0,0,1
ทางข้ามหน้าธนาคารกรุงศรีฯ สาขาจอมทอง,เอกชัย,07:00-09:00,1,0,0
ทางข้ามหน้าธนาคารกรุงศรีฯ สาขาจอมทอง,เอกชัย,09:00-16:00,1,0,0
ทางข้ามหน้าธนาคารกรุงศรีฯ สาขาจอมทอง,เอกชัย,16:00-19:00,1,0,0
ทางข้ามหน้าธนาคารกรุงเทพ,พหลโยธิน,07:00-09:00,0,0,1
ทางข้ามหน้าธนาคารกรุงเทพ,พหลโยธิน,09:00-16:00,0,0,1
ทางข้ามหน้าธนาคารกรุงเทพ,พหลโยธิน,16:00-19:00,0,0,1
ทางข้ามหน้าธนาคารเกียรตินาคิน,อโศก,07:00-09:00,1,0,0
ทางข้ามหน้าธนาคารเกียรตินาคิน,อโศก,09:00-16:00,1,0,0
ทางข้ามหน้าธนาคารเกียรตินาคิน,อโศก,16:00-19:00,1,0,0
ทางข้ามหน้าธนาคารแห่งประเทศไทย,สามเสน,07:00-09:00,0,0,1
ทางข้ามหน้าธนาคารแห่งประเทศไทย,สามเสน,09:00-16:00,0,0,1
ทางข้ามหน้าธนาคารแห่งประเทศไทย,สามเสน,16:00-19:00,0,0,1
ทางข้ามหน้าบิ๊กซี,พหลโยธิน,07:00-09:00,0,0,1
ทางข้ามหน้าบิ๊กซี,พหลโยธิน,09:00-16:00,0,0,1
ทางข้ามหน้าบิ๊กซี,พหลโยธิน,16:00-19:00,0,0,1
ทางข้ามหน้าปากซอยนามบัญญัติ,ประชาธิปไตย,07:00-09:00,1,0,0
ทางข้ามหน้าปากซอยนามบัญญัติ,ประชาธิปไตย,09:00-16:00,1,0,0
ทางข้ามหน้าปากซอยนามบัญญัติ,ประชาธิปไตย,16:00-19:00,1,0,0
ทางข้ามหน้าปากซอยเฉลิมพระเกียรติ43,เฉลิมพระเกียรติ ร.9,07:00-09:00,1,0,0
ทางข้ามหน้าปากซอยเฉลิมพระเกียรติ43,เฉลิมพระเกียรติ ร.9,09:00-16:00,1,0,0
ทางข้ามหน้าปากซอยเฉลิมพระเกียรติ43,เฉลิมพระเกียรติ ร.9,16:00-19:00,1,0,0
ทางข้ามหน้าร้าน จ.ทรัพย์ทวีคูณ และ บ.อุมศักดิ์ก๊กเอ๊ง ทรานสปอร์ต,พุทธมณฑลสาย 3,07:00-09:00,0,0,1
ทางข้ามหน้าร้าน จ.ทรัพย์ทวีคูณ และ บ.อุมศักดิ์ก๊กเอ๊ง ทรานสปอร์ต,พุทธมณฑลสาย 3,09:00-17:00,0,0,1
ทางข้ามหน้าร้าน จ.ทรัพย์ทวีคูณ และ บ.อุมศักดิ์ก๊กเอ๊ง ทรานสปอร์ต,พุทธมณฑลสาย 3,17:00-19:00,0,0,1
ทางข้ามหน้าวัดตรีทศเทพ,ประชาธิปไตย,07:00-09:00,0,0,1
ทางข้ามหน้าวัดตรีทศเทพ,ประชาธิปไตย,09:00-16:00,0,0,1
ทางข้ามหน้าวัดตรีทศเทพ,ประชาธิปไตย,16:00-19:00,0,0,1
ทางข้ามหน้าวัดราษฎร์บำรุง,เพชรเกษม 69,07:00-09:00,1,0,0
ทางข้ามหน้าวัดราษฎร์บำรุง,เพชรเกษม 69,09:00-16:00,1,0,0
ทางข้ามหน้าวัดราษฎร์บำรุง,เพชรเกษม 69,16:00-19:00,1,0,0
ทางข้ามหน้าวัดเศวตฉัตร,เจริญนคร,07:00-09:00,0,1,0
ทางข้ามหน้าวัดเศวตฉัตร,เจริญนคร,09:00-16:00,0,1,0
ทางข้ามหน้าวัดเศวตฉัตร,เจริญนคร,16:00-19:00,0,1,0
ทางข้ามหน้าศูนย์บริการสาธารณสุข 4,ประชาสงเคราะห์,07:00-09:00,0,0,1
ทางข้ามหน้าศูนย์บริการสาธารณสุข 4,ประชาสงเคราะห์,09:00-16:00,0,0,1
ทางข้ามหน้าศูนย์บริการสาธารณสุข 4,ประชาสงเคราะห์,16:00-19:00,0,0,1
ทางข้ามหน้าสถานีโทรทัศน์กองทัพบก ช่อง 5,พหลโยธิน,07:00-09:00,1,0,0
ทางข้ามหน้าสถานีโทรทัศน์กองทัพบก ช่อง 5,พหลโยธิน,09:00-16:00,1,0,0
ทางข้ามหน้าสถานีโทรทัศน์กองทัพบก ช่อง 5,พหลโยธิน,16:00-19:00,1,0,0
ทางข้ามหน้าสถาบันโรคไตฯ,พญาไท,07:00-09:00,0,0,1
ทางข้ามหน้าสถาบันโรคไตฯ,พญาไท,09:00-16:00,0,0,1
ทางข้ามหน้าสถาบันโรคไตฯ,พญาไท,16:00-19:00,0,0,1
ทางข้ามหน้าสมาคมแม่บ้านทหารอากาศ,พหลโยธิน,07:00-09:00,0,0,1
ทางข้ามหน้าสมาคมแม่บ้านทหารอากาศ,พหลโยธิน,09:00-16:00,0,0,1
ทางข้ามหน้าสมาคมแม่บ้านทหารอากาศ,พหลโยธิน,16:00-19:00,0,0,1
ทางข้ามหน้าสำนักงานตำรวจแห่งชาติ,พระรามที่ 1,07:00-09:00,1,0,0
ทางข้ามหน้าสำนักงานตำรวจแห่งชาติ,พระรามที่ 1,09:00-16:00,1,0,0
ทางข้ามหน้าสำนักงานตำรวจแห่งชาติ,พระรามที่ 1,16:00-19:00,1,0,0
ทางข้ามหน้าหมู่บ้านกรีนวิลล์,พุทธมณฑลสาย 2,07:00-09:00,1,0,0
ทางข้ามหน้าหมู่บ้านกรีนวิลล์,พุทธมณฑลสาย 2,09:00-16:00,1,0,0
ทางข้ามหน้าหมู่บ้านกรีนวิลล์,พุทธมณฑลสาย 2,16:00-19:00,1,0,0
ทางข้ามหน้าหมู่บ้านธันยกานต์ (ซ.วัชรพล 25),วัชรพล,07:00-09:00,1,0,0
ทางข้ามหน้าหมู่บ้านธันยกานต์ (ซ.วัชรพล 25),วัชรพล,09:00-16:00,1,0,0
ทางข้ามหน้าหมู่บ้านธันยกานต์ (ซ.วัชรพล 25),วัชรพล,16:00-19:00,1,0,0
ทางข้ามหน้าหมู่บ้านมหาดไทย,พุทธมณฑลสาย 1,07:00-09:00,1,0,0
ทางข้ามหน้าหมู่บ้านมหาดไทย,พุทธมณฑลสาย 1,09:00-16:00,1,0,0
ทางข้ามหน้าหมู่บ้านมหาดไทย,พุทธมณฑลสาย 1,16:00-19:00,1,0,0
ทางข้ามหน้าหมู่บ้านสินทรัพย์นคร,พุทธมณฑลสาย 2,07:00-09:00,0,1,0
ทางข้ามหน้าหมู่บ้านสินทรัพย์นคร,พุทธมณฑลสาย 2,09:00-16:00,0,1,0
ทางข้ามหน้าหมู่บ้านสินทรัพย์นคร,พุทธมณฑลสาย 2,16:00-19:00,0,1,0
ทางข้ามหน้าอาคารสำนักงบประมาณ,พหลโยธิน,07:00-09:00,0,0,1
ทางข้ามหน้าอาคารสำนักงบประมาณ,พหลโยธิน,09:00-16:00,0,0,1
ทางข้ามหน้าอาคารสำนักงบประมาณ,พหลโยธิน,16:00-19:00,0,0,1
ทางข้ามหน้าเซนทรัลเฟสติวัลอีวิลล์,ประดิษฐ์มนูธรรม,07:00-09:00,1,0,0
ทางข้ามหน้าเซนทรัลเฟสติวัลอีวิลล์,ประดิษฐ์มนูธรรม,09:00-16:00,1,0,0
ทางข้ามหน้าเซนทรัลเฟสติวัลอีวิลล์,ประดิษฐ์มนูธรรม,16:00-19:00,1,0,0
ทางข้ามหน้าเมเจอร์อเวนิว และธนาคารไทยพาณิชย์,สุโขทัย,07:00-09:00,1,0,0
ทางข้ามหน้าเมเจอร์อเวนิว และธนาคารไทยพาณิชย์,สุโขทัย,09:00-16:00,1,0,0
ทางข้ามหน้าเมเจอร์อเวนิว และธนาคารไทยพาณิชย์,สุโขทัย,16:00-19:00,1,0,0
ทางข้ามหน้าโครงการวานิชเพลส,พหลโยธิน,07:00-09:00,0,0,1
ทางข้ามหน้าโครงการวานิชเพลส,พหลโยธิน,09:00-16:00,0,0,1
ทางข้ามหน้าโครงการวานิชเพลส,พหลโยธิน,16:00-19:00,0,0,1
ทางข้ามหน้าโรงพยาบาลจักษุ - รัตนิน,อโศก,07:00-09:00,1,0,0
ทางข้ามหน้าโรงพยาบาลจักษุ - รัตนิน,อโศก,09:00-16:00,1,0,0
ทางข้ามหน้าโรงพยาบาลจักษุ - รัตนิน,อโศก,16:00-19:00,1,0,0
ทางข้ามหน้าโรงพยาบาลเวชการุณเวชรัศม์,เลียบวารี,07:00-09:00,1,0,0
ทางข้ามหน้าโรงพยาบาลเวชการุณเวชรัศม์,เลียบวารี,09:00-16:00,1,0,0
ทางข้ามหน้าโรงพยาบาลเวชการุณเวชรัศม์,เลียบวารี,16:00-19:00,1,0,0
ทางข้ามหน้าโรงเรียนประชาบำรุง,เลียบคลองภาษีเจริญฝั่งเหนือ,07:00-09:00,1,0,0
ทางข้ามหน้าโรงเรียนประชาบำรุง,เลียบคลองภาษีเจริญฝั่งเหนือ,09:00-16:00,1,0,0
ทางข้ามหน้าโรงเรียนประชาบำรุง,เลียบคลองภาษีเจริญฝั่งเหนือ,16:00-19:00,1,0,0
ทางข้ามหน้าโรงเรียนพร้อมพรรณ,ประชาสงเคราะห์,07:00-09:00,0,0,1
ทางข้ามหน้าโรงเรียนพร้อมพรรณ,ประชาสงเคราะห์,09:00-16:00,0,0,1
ทางข้ามหน้าโรงเรียนพร้อมพรรณ,ประชาสงเคราะห์,16:00-19:00,0,0,1
ทางข้ามหน้าโรงเรียนพิชญ์นก,เลียบคลองภาษีเจริญฝั่งเหนือ,07:00-09:00,1,0,0
ทางข้ามหน้าโรงเรียนพิชญ์นก,เลียบคลองภาษีเจริญฝั่งเหนือ,09:00-16:00,1,0,0
ทางข้ามหน้าโรงเรียนพิชญ์นก,เลียบคลองภาษีเจริญฝั่งเหนือ,16:00-19:00,1,0,0
ทางข้ามหน้าโรงเรียนวังเด็ก,สุขุมวิท 77,07:00-09:00,1,0,0
ทางข้ามหน้าโรงเรียนวังเด็ก,สุขุมวิท 77,09:00-16:00,1,0,0
ทางข้ามหน้าโรงเรียนวังเด็ก,สุขุมวิท 77,16:00-19:00,1,0,0
ทางข้ามหน้าโรงเรียนวัดมหรรณพาราม,ตะนาว,07:00-09:00,1,0,0
ทางข้ามหน้าโรงเรียนวัดมหรรณพาราม,ตะนาว,09:00-16:00,1,0,0
ทางข้ามหน้าโรงเรียนวัดมหรรณพาราม,ตะนาว,16:00-19:00,1,0,0
ทางข้ามหน้าโรงเรียนวิชูทิศ,ทางเข้าโรงเรียนวิชูทิศ,07:00-09:00,1,0,0
ทางข้ามหน้าโรงเรียนวิชูทิศ,ทางเข้าโรงเรียนวิชูทิศ,09:00-16:00,1,0,0
ทางข้ามหน้าโรงเรียนวิชูทิศ,ทางเข้าโรงเรียนวิชูทิศ,16:00-19:00,1,0,0
ทางข้ามหน้าโรงเรียนวิชูทิศ,ประชาสงเคราะห์,07:00-09:00,1,0,0
ทางข้ามหน้าโรงเรียนวิชูทิศ,ประชาสงเคราะห์,09:00-16:00,1,0,0
ทางข้ามหน้าโรงเรียนวิชูทิศ,ประชาสงเคราะห์,16:00-19:00,1,0,0
ทางข้ามหน้าโรงเรียนวิทยานนท์,ราษฎร์พัฒนา,07:00-09:00,1,0,0
ทางข้ามหน้าโรงเรียนวิทยานนท์,ราษฎร์พัฒนา,09:00-16:00,1,0,0
ทางข้ามหน้าโรงเรียนวิทยานนท์,ราษฎร์พัฒนา,16:00-19:00,1,0,0
ทางข้ามหน้าโรงเรียนสายปัญญา,กรุงเกษม,07:00-09:00,2,0,0
ทางข้ามหน้าโรงเรียนสายปัญญา,กรุงเกษม,09:00-16:00,2,0,0
ทางข้ามหน้าโรงเรียนสายปัญญา,กรุงเกษม,16:00-19:00,2,0,0
ทางข้ามหน้าโรงเรียนโยธินบูรณะ,ประชาราษฎร์สาย 1,07:00-09:00,1,0,0
ทางข้ามหน้าโรงเรียนโยธินบูรณะ,ประชาราษฎร์สาย 2,09:00-16:00,1,0,0
ทางข้ามหน้าโรงเรียนโยธินบูรณะ,ประชาราษฎร์สาย 3,16:00-19:00,1,0,0
ทางข้ามหน้าโรงแรมมิราเคิล,กำแพงเพชร 6,06:30-09:00,1,0,0
ทางข้ามหน้าโรงแรมมิราเคิล,กำแพงเพชร 6,09:00-16:00,1,0,0
ทางข้ามหน้าโรงแรมมิราเคิล,กำแพงเพชร 6,16:00-19:30,1,0,0
ทางข้ามหน้าโรบินสันบางรัก,เจริญกรุง,07:00-09:00,1,0,0
ทางข้ามหน้าโรบินสันบางรัก,เจริญกรุง,09:00-16:00,1,0,0
ทางข้ามหน้าโรบินสันบางรัก,เจริญกรุง,16:00-19:00,1,0,0
ทางข้ามหน้าไปรษณีย์อ่อนนุช,อ่อนนุช,07:00-09:00,0,1,0
ทางข้ามหน้าไปรษณีย์อ่อนนุช,อ่อนนุช,09:00-16:00,0,1,0
ทางข้ามหน้าไปรษณีย์อ่อนนุช,อ่อนนุช,16:00-19:00,0,1,0
ทางข้ามเลียบวารี 27 - 29,เลียบวารี,07:00-09:00,0,0,1
ทางข้ามเลียบวารี 27 - 29,เลียบวารี,09:00-16:00,0,0,1
ทางข้ามเลียบวารี 27 - 29,เลียบวารี,16:00-19:00,0,0,1
ทางข้ามแยกกำแพงเพชร,พหลโยธิน,07:00-09:00,0,0,1
ทางข้ามแยกกำแพงเพชร,พหลโยธิน,09:00-16:00,0,0,1
ทางข้ามแยกกำแพงเพชร,พหลโยธิน,16:00-19:00,0,0,1
ทางข้ามแยกจุฬา 12,พญาไท,07:00-09:00,0,0,1
ทางข้ามแยกจุฬา 12,พญาไท,09:00-16:00,0,0,1
ทางข้ามแยกจุฬา 12,พญาไท,16:00-19:00,0,0,1
ทางข้ามแยกบางขุนพรหม (ก่อนแยก),สามเสน,07:00-09:00,0,0,1
ทางข้ามแยกบางขุนพรหม (ก่อนแยก),สามเสน,09:00-16:00,0,0,1
ทางข้ามแยกบางขุนพรหม (ก่อนแยก),สามเสน,16:00-19:00,0,0,1
ทางข้ามแยกบางขุนพรหม (หลังแยก),สามเสน,07:00-09:00,0,0,1
ทางข้ามแยกบางขุนพรหม (หลังแยก),สามเสน,09:00-16:00,0,0,1
ทางข้ามแยกบางขุนพรหม (หลังแยก),สามเสน,16:00-19:00,0,0,1
ทางข้ามแยกพญาไท,พญาไท,07:00-09:00,0,0,1
ทางข้ามแยกพญาไท,พญาไท,09:00-16:00,0,0,1
ทางข้ามแยกพญาไท,พญาไท,16:00-19:00,0,0,1
ทางข้ามแยกรัชโยธิน (ก่อนแยก),พหลโยธิน,07:00-09:00,0,0,1
ทางข้ามแยกรัชโยธิน (ก่อนแยก),พหลโยธิน,09:00-16:00,0,0,1
ทางข้ามแยกรัชโยธิน (ก่อนแยก),พหลโยธิน,16:00-19:00,0,0,1
ทางข้ามแยกรัชโยธิน (หลังแยก),พหลโยธิน,07:00-09:00,0,0,1
ทางข้ามแยกรัชโยธิน (หลังแยก),พหลโยธิน,09:00-16:00,0,0,1
ทางข้ามแยกรัชโยธิน (หลังแยก),พหลโยธิน,16:00-19:00,0,0,1
ทางข้ามแยกราชเทวี (ก่อนแยก),พญาไท,07:00-09:00,0,0,1
ทางข้ามแยกราชเทวี (ก่อนแยก),พญาไท,09:00-16:00,0,0,1
ทางข้ามแยกราชเทวี (ก่อนแยก),พญาไท,16:00-19:00,0,0,1
ทางข้ามแยกราชเทวี (หลังแยก),พญาไท,07:00-09:00,0,0,1
ทางข้ามแยกราชเทวี (หลังแยก),พญาไท,09:00-16:00,0,0,1
ทางข้ามแยกราชเทวี (หลังแยก),พญาไท,16:00-19:00,0,0,1
ทางข้ามแยกเกษตร (ก่อนแยก),พหลโยธิน,07:00-09:00,0,0,1
ทางข้ามแยกเกษตร (ก่อนแยก),พหลโยธิน,09:00-16:00,0,0,1
ทางข้ามแยกเกษตร (ก่อนแยก),พหลโยธิน,16:00-19:00,0,0,1
ทางข้ามแยกเทเวศร์,สามเสน,07:00-09:00,0,0,1
ทางข้ามแยกเทเวศร์,สามเสน,09:00-16:00,0,0,1
ทางข้ามแยกเทเวศร์,สามเสน,16:00-19:00,0,0,1
ทางข้ามแยกเสนานิคม,พหลโยธิน,07:00-09:00,0,0,1
ทางข้ามแยกเสนานิคม,พหลโยธิน,09:00-16:00,0,0,1
ทางข้ามแยกเสนานิคม,พหลโยธิน,16:00-19:00,0,0,1
ทางข้ามโรงเรียนบางบัว,พหลโยธิน,07:00-09:00,0,0,1
ทางข้ามโรงเรียนบางบัว,พหลโยธิน,09:00-17:00,0,0,1
ทางข้ามโรงเรียนบางบัว,พหลโยธิน,17:00-19:00,0,0,1
ทางข้ามโรงเรียนบางบัว,เลียบคลองบางเขน,07:00-09:00,0,0,1
ทางข้ามโรงเรียนบางบัว,เลียบคลองบางเขน,09:00-17:00,0,0,1
ทางข้ามโรงเรียนบางบัว,เลียบคลองบางเขน,17:00-19:00,0,0,1
ทางข้ามโรงเรียนวัดอ่างแก้ว,เทอดไท,07:00-09:00,1,0,0
ทางข้ามโรงเรียนวัดอ่างแก้ว,เทอดไท,09:00-16:00,1,0,0
ทางข้ามโรงเรียนวัดอ่างแก้ว,เทอดไท,16:00-19:00,1,0,0
ทางข้ามใกล้คลองวัดยาง,จรัญสนิทวงศ์,07:00-09:00,0,0,1
ทางข้ามใกล้คลองวัดยาง,จรัญสนิทวงศ์,09:00-17:00,0,0,1
ทางข้ามใกล้คลองวัดยาง,จรัญสนิทวงศ์,17:00-19:00,0,0,1
ทางข้ามใกล้แยกหลังสวน,สารสิน,07:00-09:00,0,0,1
ทางข้ามใกล้แยกหลังสวน,สารสิน,09:00-17:00,0,0,1
ทางข้ามใกล้แยกหลังสวน,สารสิน,17:00-19:00,0,0,1
ทางช้ามปากซอยตากสิน 17 - 18,สมเด็จพระเจ้าตากสิน,07:00-09:00,1,0,0
ทางช้ามปากซอยตากสิน 17 - 18,สมเด็จพระเจ้าตากสิน,09:00-16:00,1,0,0
ทางช้ามปากซอยตากสิน 17 - 18,สมเด็จพระเจ้าตากสิน,16:00-19:00,1,0,0
ทางช้ามหน้ากรมชลประทาน,สามเสน,07:00-09:00,0,0,1
ทางช้ามหน้ากรมชลประทาน,สามเสน,09:00-16:00,0,0,1
ทางช้ามหน้ากรมชลประทาน,สามเสน,16:00-19:00,0,0,1
ทางยกระดับข้ามถนนร่มเกล้า,ร่มเกล้า,07:00-09:00,0,0,1
ทางยกระดับข้ามถนนร่มเกล้า,ร่มเกล้า,09:00-16:00,0,0,1
ทางยกระดับข้ามถนนร่มเกล้า,ร่มเกล้า,16:00-19:00,0,0,1
ทางยกระดับข้ามถนนร่มเกล้า,ศรีนครินทร์ - ร่มเกล้า,07:00-09:00,0,0,1
ทางยกระดับข้ามถนนร่มเกล้า,ศรีนครินทร์ - ร่มเกล้า,09:00-16:00,0,0,1
ทางยกระดับข้ามถนนร่มเกล้า,ศรีนครินทร์ - ร่มเกล้า,16:00-19:00,0,0,1
ทางลงทางด่วนจตุรโชติ,ทางลงทางด่วน,07:00-09:00,1,0,0
ทางลงทางด่วนจตุรโชติ,ทางลงทางด่วน,09:00-16:00,1,0,0
ทางลงทางด่วนจตุรโชติ,ทางลงทางด่วน,16:00-19:00,1,0,0
ทางลงทางด่วนจตุรโชติ,เลียบด่วน,07:00-09:00,1,0,0
ทางลงทางด่วนจตุรโชติ,เลียบด่วน,09:00-16:00,1,0,0
ทางลงทางด่วนจตุรโชติ,เลียบด่วน,16:00-19:00,1,0,0
ทางลอดกลับรถถนนพัฒนาการ,พัฒนาการ,07:00-09:00,0,0,1
ทางลอดกลับรถถนนพัฒนาการ,พัฒนาการ,09:00-17:00,0,0,1
ทางลอดกลับรถถนนพัฒนาการ,พัฒนาการ,17:00-19:00,0,0,1
ทางออกบิ๊กซี,ทางออกบิ๊กซี,07:00-09:00,0,0,1
ทางออกบิ๊กซี,ทางออกบิ๊กซี,09:00-17:00,0,0,1
ทางออกบิ๊กซี,ทางออกบิ๊กซี,17:00-19:00,0,0,1
ทางเข้า - ออกรฐัสภา,ทางเข้า - ออกรฐัสภา,07:00-09:00,0,1,0
ทางเข้า - ออกรฐัสภา,ทางเข้า - ออกรฐัสภา,09:00-16:00,0,1,0
ทางเข้า - ออกรฐัสภา,ทางเข้า - ออกรฐัสภา,16:00-19:00,0,1,0
ทางเข้า - ออกรฐัสภา,สามเสน,07:00-09:00,0,1,0
ทางเข้า - ออกรฐัสภา,สามเสน,09:00-16:00,0,1,0
ทางเข้า - ออกรฐัสภา,สามเสน,16:00-19:00,0,1,0
ทางเข้า - ออกหมู่บ้านแกรนคาแนล,ทางเข้า - ออกหมู่บ้านแกรนคาแนล,07:00-09:00,0,0,1
ทางเข้า - ออกหมู่บ้านแกรนคาแนล,ทางเข้า - ออกหมู่บ้านแกรนคาแนล,09:00-17:00,0,0,1
ทางเข้า - ออกหมู่บ้านแกรนคาแนล,ทางเข้า - ออกหมู่บ้านแกรนคาแนล,17:00-19:00,0,0,1
ทางเข้า - ออกหมู่บ้านแกรนคาแนล,เชิดวุฒากาศ,07:00-09:00,0,0,1
ทางเข้า - ออกหมู่บ้านแกรนคาแนล,เชิดวุฒากาศ,09:00-17:00,0,0,1
ทางเข้า - ออกหมู่บ้านแกรนคาแนล,เชิดวุฒากาศ,17:00-19:00,0,0,1
ทางเข้า รร.ปาณยาพัฒนาการ (พัฒนาการ 40),พัฒนาการ,07:00-09:00,0,0,1
ทางเข้า รร.ปาณยาพัฒนาการ (พัฒนาการ 40),พัฒนาการ,09:00-17:00,0,0,1
ทางเข้า รร.ปาณยาพัฒนาการ (พัฒนาการ 40),พัฒนาการ,17:00-19:00,0,0,1
ทางเข้า รร.ปาณยาพัฒนาการ (พัฒนาการ 40),พัฒนาการ 40,07:00-09:00,0,0,1
ทางเข้า รร.ปาณยาพัฒนาการ (พัฒนาการ 40),พัฒนาการ 40,09:00-17:00,0,0,1
ทางเข้า รร.ปาณยาพัฒนาการ (พัฒนาการ 40),พัฒนาการ 40,17:00-19:00,0,0,1
ทางเข้า- ออกแจ้งวัฒนะ 5,ซอยแจ้งวัฒนะ 5,07:00-09:00,1,0,0
ทางเข้า- ออกแจ้งวัฒนะ 5,ซอยแจ้งวัฒนะ 5,09:00-16:00,1,0,0
ทางเข้า- ออกแจ้งวัฒนะ 5,ซอยแจ้งวัฒนะ 5,16:00-19:00,1,0,0
ทางเข้า- ออกแจ้งวัฒนะ 5,แจ้งวัฒนะ,07:00-09:00,1,0,0
ทางเข้า- ออกแจ้งวัฒนะ 5,แจ้งวัฒนะ,09:00-16:00,1,0,0
ทางเข้า- ออกแจ้งวัฒนะ 5,แจ้งวัฒนะ,16:00-19:00,1,0,0
ทางเข้าถนนสุคนธสวัสดิ์,ประดิษฐ์มนูธรรม,07:00-09:00,0,0,1
ทางเข้าถนนสุคนธสวัสดิ์,ประดิษฐ์มนูธรรม,09:00-17:00,0,0,1
ทางเข้าถนนสุคนธสวัสดิ์,ประดิษฐ์มนูธรรม,17:00-19:00,0,0,1
ทางเข้าบิ๊กซี และรร.อโนมา,ทางเข้าบิ๊กซี และรร.อโนมา,07:00-09:00,0,0,1
ทางเข้าบิ๊กซี และรร.อโนมา,ทางเข้าบิ๊กซี และรร.อโนมา,09:00-17:00,0,0,1
ทางเข้าบิ๊กซี และรร.อโนมา,ทางเข้าบิ๊กซี และรร.อโนมา,17:00-19:00,0,0,1
ทางเข้าบิ๊กซี และรร.อโนมา,ราชดำริ,07:00-09:00,0,0,1
ทางเข้าบิ๊กซี และรร.อโนมา,ราชดำริ,09:00-17:00,0,0,1
ทางเข้าบิ๊กซี และรร.อโนมา,ราชดำริ,17:00-19:00,0,0,1
ทางเข้าหมู่บ้านเอื้ออาทร,ทางเข้าหมู่บ้านเอื้ออาทร,07:00-09:00,0,1,0
ทางเข้าหมู่บ้านเอื้ออาทร,ทางเข้าหมู่บ้านเอื้ออาทร,09:00-16:00,0,1,0
ทางเข้าหมู่บ้านเอื้ออาทร,ทางเข้าหมู่บ้านเอื้ออาทร,16:00-19:00,0,1,0
ทางเข้าหมู่บ้านเอื้ออาทร,เคหะร่มเกล้า,07:00-09:00,0,1,0
ทางเข้าหมู่บ้านเอื้ออาทร,เคหะร่มเกล้า,09:00-16:00,0,1,0
ทางเข้าหมู่บ้านเอื้ออาทร,เคหะร่มเกล้า,16:00-19:00,0,1,0
ทางเข้าออกการกีฬาแห่งประเทศไทย,ทางออกการกีฬาฯ,07:00-09:00,0,0,1
ทางเข้าออกการกีฬาแห่งประเทศไทย,ทางออกการกีฬาฯ,09:00-16:00,0,0,1
ทางเข้าออกการกีฬาแห่งประเทศไทย,ทางออกการกีฬาฯ,16:00-19:00,0,0,1
ทางเข้าออกการกีฬาแห่งประเทศไทย,ทางเข้าการกีฬาฯ,07:00-09:00,0,0,1
ทางเข้าออกการกีฬาแห่งประเทศไทย,ทางเข้าการกีฬาฯ,09:00-16:00,0,0,1
ทางเข้าออกการกีฬาแห่งประเทศไทย,ทางเข้าการกีฬาฯ,16:00-19:00,0,0,1
ทางเข้าออกซอยแจ้งวัฒนะ 9,ซอยแจ้งวัฒนะ 9,07:00-09:00,1,0,0
ทางเข้าออกซอยแจ้งวัฒนะ 9,ซอยแจ้งวัฒนะ 9,09:00-16:00,1,0,0
ทางเข้าออกซอยแจ้งวัฒนะ 9,ซอยแจ้งวัฒนะ 9,16:00-19:00,1,0,0
ทางเข้าออกซอยแจ้งวัฒนะ 9,แจ้งวัฒนะ,07:00-09:00,1,0,0
ทางเข้าออกซอยแจ้งวัฒนะ 9,แจ้งวัฒนะ,09:00-16:00,1,0,0
ทางเข้าออกซอยแจ้งวัฒนะ 9,แจ้งวัฒนะ,16:00-19:00,1,0,0
ทางเข้าออกมหาวิทยาลัยรามคำแหง,ทางเข้าออก ม.รามฯ,07:00-09:00,0,0,1
ทางเข้าออกมหาวิทยาลัยรามคำแหง,ทางเข้าออก ม.รามฯ,09:00-16:00,0,0,1
ทางเข้าออกมหาวิทยาลัยรามคำแหง,ทางเข้าออก ม.รามฯ,16:00-19:00,0,0,1
ทางเข้าออกวัดอินทราวาส,ราชพฤกษ์,07:00-09:00,0,1,0
ทางเข้าออกวัดอินทราวาส,ราชพฤกษ์,09:00-16:00,0,1,0
ทางเข้าออกวัดอินทราวาส,ราชพฤกษ์,16:00-19:00,0,1,0
ทางเข้าออกวัดอินทราวาส,อนิทราวาส,07:00-09:00,0,1,0
ทางเข้าออกวัดอินทราวาส,อนิทราวาส,09:00-16:00,0,1,0
ทางเข้าออกวัดอินทราวาส,อนิทราวาส,16:00-19:00,0,1,0
ทางเข้าออกสำนักงานขนส่งฯ พื้นที่ 1 บางขุนเทียน,ทางเข้าออกสำนักงานขนส่งฯ,07:00-09:00,0,0,1
ทางเข้าออกสำนักงานขนส่งฯ พื้นที่ 1 บางขุนเทียน,ทางเข้าออกสำนักงานขนส่งฯ,09:00-17:00,0,0,1
ทางเข้าออกสำนักงานขนส่งฯ พื้นที่ 1 บางขุนเทียน,ทางเข้าออกสำนักงานขนส่งฯ,17:00-19:00,0,0,1
ทางเข้าออกสำนักงานขนส่งฯ พื้นที่ 1 บางขุนเทียน,บางขุนเทียน-ชายทะเล,09:00-17:00,0,0,1
ทางเข้าออกสำนักงานขนส่งฯ พื้นที่ 1 บางขุนเทียน,บางขุนเทียน-ชายทะเล,17:00-19:00,0,0,1
ทางเข้าออกเกษรทาวเวอร์,ทางเข้าออกเกษรทาวเวอร์,07:00-09:00,0,0,1
ทางเข้าออกเกษรทาวเวอร์,ทางเข้าออกเกษรทาวเวอร์,09:00-17:00,0,0,1
ทางเข้าออกเกษรทาวเวอร์,ทางเข้าออกเกษรทาวเวอร์,17:00-19:00,0,0,1
ทางเข้าออกเกษรทาวเวอร์,ราชดำริ,07:00-09:00,0,0,1
ทางเข้าออกเกษรทาวเวอร์,ราชดำริ,09:00-17:00,0,0,1
ทางเข้าออกเกษรทาวเวอร์,ราชดำริ,17:00-19:00,0,0,1
ทางเข้าออกเซ็นทรัลเวิลดิ์,ทางเข้าออกเซ็นทรัลเวิลดิ์,07:00-09:00,0,0,1
ทางเข้าออกเซ็นทรัลเวิลดิ์,ทางเข้าออกเซ็นทรัลเวิลดิ์,09:00-17:00,0,0,1
ทางเข้าออกเซ็นทรัลเวิลดิ์,ทางเข้าออกเซ็นทรัลเวิลดิ์,17:00-19:00,0,0,1
ทางเข้าออกเซ็นทรัลเวิลดิ์,ราชดำริ,07:00-09:00,0,0,1
ทางเข้าออกเซ็นทรัลเวิลดิ์,ราชดำริ,09:00-17:00,0,0,1
ทางเข้าออกเซ็นทรัลเวิลดิ์,ราชดำริ,17:00-19:00,0,0,1
ทางเข้าโรงเรียนไทยรัฐวิทยา75,วัชรพล,07:00-09:00,1,0,0
ทางเข้าโรงเรียนไทยรัฐวิทยา75,วัชรพล,09:00-16:00,1,0,0
ทางเข้าโรงเรียนไทยรัฐวิทยา75,วัชรพล,16:00-19:00,1,0,0
ทางเข้าโรงแรมโอเรียลเต็ล (ซอยเจริญกรุง40),เจริญกรุง,07:00-09:00,1,0,0
ทางเข้าโรงแรมโอเรียลเต็ล (ซอยเจริญกรุง40),เจริญกรุง,09:00-16:00,1,0,0
ทางเข้าโรงแรมโอเรียลเต็ล (ซอยเจริญกรุง40),เจริญกรุง,16:00-19:00,1,0,0
ทางเชื่อมมอเตอร์เวย์ - พระราม 9,พระราม 9,07:00-09:00,0,0,1
ทางเชื่อมมอเตอร์เวย์ - พระราม 9,พระราม 9,09:00-17:00,0,0,1
ทางเชื่อมมอเตอร์เวย์ - พระราม 9,พระราม 9,17:00-19:00,0,0,1
ทางเชื่อมมอเตอร์เวย์ - พระราม 9,มอเตอร์เวย์,07:00-09:00,0,0,1
ทางเชื่อมมอเตอร์เวย์ - พระราม 9,มอเตอร์เวย์,09:00-17:00,0,0,1
ทางเชื่อมมอเตอร์เวย์ - พระราม 9,มอเตอร์เวย์,17:00-19:00,0,0,1
ทางเชื่อมมอเตอร์เวย์ - พระราม 9,ศรีนครินทร์,07:00-09:00,0,0,1
ทางเชื่อมมอเตอร์เวย์ - พระราม 9,ศรีนครินทร์,09:00-17:00,0,0,1
ทางเชื่อมมอเตอร์เวย์ - พระราม 9,ศรีนครินทร์,17:00-19:00,0,0,1
ทางโค้งลงสะพานข้ามคลอง ลาดกระบัง,ลาดกระบัง,07:00-09:00,0,1,0
ทางโค้งลงสะพานข้ามคลอง ลาดกระบัง,ลาดกระบัง,09:00-16:00,0,1,0
ทางโค้งลงสะพานข้ามคลอง ลาดกระบัง,ลาดกระบัง,16:00-19:00,0,1,0
ทุ่งครุ,ครุใน,07:00-09:00,2,1,1
ทุ่งครุ,ครุใน,09:00-16:00,2,1,0
ทุ่งครุ,ครุใน,09:00-17:00,0,0,1
ทุ่งครุ,ครุใน,16:00-19:00,2,1,0
ทุ่งครุ,ครุใน,17:00-19:00,0,0,1
ทุ่งครุ,ประชาอุทิศ,07:00-09:00,2,1,1
ทุ่งครุ,ประชาอุทิศ,09:00-16:00,2,1,0
ทุ่งครุ,ประชาอุทิศ,09:00-17:00,0,0,1
ทุ่งครุ,ประชาอุทิศ,16:00-19:00,2,1,0
ทุ่งครุ,ประชาอุทิศ,17:00-19:00,0,0,1
ทุ่งสาธิต,ซอยสุขุมวิท 101/1,07:00-09:00,1,0,0
ทุ่งสาธิต,ซอยสุขุมวิท 101/1,09:00-16:00,1,0,0
ทุ่งสาธิต,ซอยสุขุมวิท 101/1,16:00-19:00,1,0,0
ทุ่งสาธิต,สุขุมวิท,07:00-09:00,1,1,2
ทุ่งสาธิต,สุขุมวิท,09:00-16:00,1,1,0
ทุ่งสาธิต,สุขุมวิท,09:00-17:00,0,0,2
ทุ่งสาธิต,สุขุมวิท,16:00-19:00,1,1,0
ทุ่งสาธิต,สุขุมวิท,17:00-19:00,0,0,2
ทุ่งสาธิต,สุขุมวิท 101/1,07:00-09:00,0,1,2
ทุ่งสาธิต,สุขุมวิท 101/1,09:00-16:00,0,1,0
ทุ่งสาธิต,สุขุมวิท 101/1,09:00-17:00,0,0,2
ทุ่งสาธิต,สุขุมวิท 101/1,16:00-19:00,0,1,0
ทุ่งสาธิต,สุขุมวิท 101/1,17:00-19:00,0,0,2
ท่าดินแดง,ท่าดินแดง,07:00-09:00,2,1,2
ท่าดินแดง,ท่าดินแดง,09:00-16:00,2,1,1
ท่าดินแดง,ท่าดินแดง,09:00-17:00,0,0,1
ท่าดินแดง,ท่าดินแดง,16:00-19:00,2,1,1
ท่าดินแดง,ท่าดินแดง,17:00-19:00,0,0,1
ท่าดินแดง,สมเด็จเจ้าพระยา,07:00-09:00,2,1,1
ท่าดินแดง,สมเด็จเจ้าพระยา,09:00-16:00,2,1,0
ท่าดินแดง,สมเด็จเจ้าพระยา,09:00-17:00,0,0,1
ท่าดินแดง,สมเด็จเจ้าพระยา,16:00-19:00,2,1,0
ท่าดินแดง,สมเด็จเจ้าพระยา,17:00-19:00,0,0,1
ท่าพระ,จรัญสนิทวงศ์,07:00-09:00,1,1,2
ท่าพระ,จรัญสนิทวงศ์,09:00-16:00,1,1,0
ท่าพระ,จรัญสนิทวงศ์,09:00-17:00,0,0,2
ท่าพระ,จรัญสนิทวงศ์,16:00-19:00,1,1,0
ท่าพระ,จรัญสนิทวงศ์,17:00-19:00,0,0,2
ท่าพระ,รัชดาภิเษก,07:00-09:00,1,1,2
ท่าพระ,รัชดาภิเษก,09:00-16:00,1,1,0
ท่าพระ,รัชดาภิเษก,09:00-17:00,0,0,2
ท่าพระ,รัชดาภิเษก,16:00-19:00,1,1,0
ท่าพระ,รัชดาภิเษก,17:00-19:00,0,0,2
ท่าพระ,เพชรเกษม,07:00-09:00,1,1,2
ท่าพระ,เพชรเกษม,09:00-16:00,1,1,0
ท่าพระ,เพชรเกษม,09:00-17:00,0,0,2
ท่าพระ,เพชรเกษม,16:00-19:00,1,1,0
ท่าพระ,เพชรเกษม,17:00-19:00,0,0,2
นครสวรรค์ - พะเนียง,นครสวรรค์,07:00-09:00,0,0,1
นครสวรรค์ - พะเนียง,นครสวรรค์,09:00-17:00,0,0,1
นครสวรรค์ - พะเนียง,นครสวรรค์,17:00-19:00,0,0,1
นครสวรรค์ - พะเนียง,พะเนียง,07:00-09:00,0,0,1
นครสวรรค์ - พะเนียง,พะเนียง,09:00-17:00,0,0,1
นครสวรรค์ - พะเนียง,พะเนียง,17:00-19:00,0,0,1
นพวงศ์,กรุงเกษม,07:00-09:00,2,0,1
นพวงศ์,กรุงเกษม,09:00-16:00,2,0,0
นพวงศ์,กรุงเกษม,09:00-17:00,0,0,1
นพวงศ์,กรุงเกษม,16:00-19:00,2,0,0
นพวงศ์,กรุงเกษม,17:00-19:00,0,0,1
นพวงศ์,มิตรพันธ์,07:00-09:00,2,0,1
นพวงศ์,มิตรพันธ์,09:00-16:00,2,0,0
นพวงศ์,มิตรพันธ์,09:00-17:00,0,0,1
นพวงศ์,มิตรพันธ์,16:00-19:00,2,0,0
นพวงศ์,มิตรพันธ์,17:00-19:00,0,0,1
นพวงศ์,หลวง,07:00-09:00,2,0,1
นพวงศ์,หลวง,09:00-16:00,2,0,0
นพวงศ์,หลวง,09:00-17:00,0,0,1
นพวงศ์,หลวง,16:00-19:00,2,0,0
นพวงศ์,หลวง,17:00-19:00,0,0,1
นพวงษ์,กรุงเกษม,07:00-09:00,0,1,0
นพวงษ์,กรุงเกษม,09:00-16:00,0,1,0
นพวงษ์,กรุงเกษม,16:00-19:00,0,1,0
นพวงษ์,มิตรพันธ์,07:00-09:00,0,1,0
นพวงษ์,มิตรพันธ์,09:00-16:00,0,1,0
นพวงษ์,มิตรพันธ์,16:00-19:00,0,1,0
นพวงษ์,หลวง,07:00-09:00,0,1,0
นพวงษ์,หลวง,09:00-16:00,0,1,0
นพวงษ์,หลวง,16:00-19:00,0,1,0
นราธิวาส - นราธิวาส 22,นราธิวาสราชนครินทร์,07:00-09:00,0,0,1
นราธิวาส - นราธิวาส 22,นราธิวาสราชนครินทร์,09:00-17:00,0,0,1
นราธิวาส - นราธิวาส 22,นราธิวาสราชนครินทร์,17:00-19:00,0,0,1
นราธิวาส - นราธิวาส 22,นราธิวาสราชนครินทร์ 22,07:00-09:00,0,0,1
นราธิวาส - นราธิวาส 22,นราธิวาสราชนครินทร์ 22,09:00-17:00,0,0,1
นราธิวาส - นราธิวาส 22,นราธิวาสราชนครินทร์ 22,17:00-19:00,0,0,1
นราธิวาส - พระราม 3,นราธิวาสราชนครินทร์,07:00-09:00,0,0,1
นราธิวาส - พระราม 3,นราธิวาสราชนครินทร์,09:00-16:00,0,0,1
นราธิวาส - พระราม 3,นราธิวาสราชนครินทร์,16:00-19:00,0,0,1
นราธิวาส - พระราม 3,พระรามที่ 3,07:00-09:00,0,0,1
นราธิวาส - พระราม 3,พระรามที่ 3,09:00-16:00,0,0,1
นราธิวาส - พระราม 3,พระรามที่ 3,16:00-19:00,0,0,1
นราธิวาส - สุรวงศ์,นราธิวาส,07:00-09:00,0,1,0
นราธิวาส - สุรวงศ์,นราธิวาส,09:00-16:00,0,1,0
นราธิวาส - สุรวงศ์,นราธิวาส,16:00-19:00,0,1,0
นราธิวาส - สุรวงศ์,นราธิวาสราชนครินทร์,07:00-09:00,1,0,1
นราธิวาส - สุรวงศ์,นราธิวาสราชนครินทร์,09:00-16:00,1,0,1
นราธิวาส - สุรวงศ์,นราธิวาสราชนครินทร์,16:00-19:00,1,0,1
นราธิวาส - สุรวงศ์,สุรวงศ์,07:00-09:00,0,1,1
นราธิวาส - สุรวงศ์,สุรวงศ์,09:00-16:00,0,1,1
นราธิวาส - สุรวงศ์,สุรวงศ์,16:00-19:00,0,1,1
นราธิวาส -สุรวงศ์,นราธิวาส,07:00-09:00,1,0,0
นราธิวาส -สุรวงศ์,นราธิวาส,09:00-16:00,1,0,0
นราธิวาส -สุรวงศ์,นราธิวาส,16:00-19:00,1,0,0
นราธิวาส -สุรวงศ์,สุรวงศ์,07:00-09:00,1,0,0
นราธิวาส -สุรวงศ์,สุรวงศ์,09:00-16:00,1,0,0
นราธิวาส -สุรวงศ์,สุรวงศ์,16:00-19:00,1,0,0
นราธิวาส ฯ - พระราม 3,นราธวาสราชนครินทร์,07:00-09:00,1,0,0
นราธิวาส ฯ - พระราม 3,นราธวาสราชนครินทร์,09:00-16:00,1,0,0
นราธิวาส ฯ - พระราม 3,นราธวาสราชนครินทร์,16:00-19:00,1,0,0
นราธิวาส ฯ - พระราม 3,พระราม 3,07:00-09:00,1,0,0
นราธิวาส ฯ - พระราม 3,พระราม 3,09:00-16:00,1,0,0
นราธิวาส ฯ - พระราม 3,พระราม 3,16:00-19:00,1,0,0
นราธิวาส- สุรวงศ์,นราธิวาส,07:00-09:00,1,0,0
นราธิวาส- สุรวงศ์,นราธิวาส,09:00-16:00,1,0,0
นราธิวาส- สุรวงศ์,นราธิวาส,16:00-19:00,1,0,0
นราธิวาส- สุรวงศ์,สุรวงศ์,07:00-09:00,1,0,0
นราธิวาส- สุรวงศ์,สุรวงศ์,09:00-16:00,1,0,0
นราธิวาส- สุรวงศ์,สุรวงศ์,16:00-19:00,1,0,0
นราธิวาสราชนครินทร์ 20,นราธิวาสราชนครินทร์,07:00-09:00,0,0,1
นราธิวาสราชนครินทร์ 20,นราธิวาสราชนครินทร์,09:00-17:00,0,0,1
นราธิวาสราชนครินทร์ 20,นราธิวาสราชนครินทร์,17:00-19:00,0,0,1
นราธิวาสฯ - พระราม 3,นราธิวาสราชนครินทร์,07:00-09:00,0,1,0
นราธิวาสฯ - พระราม 3,นราธิวาสราชนครินทร์,09:00-16:00,0,1,0
นราธิวาสฯ - พระราม 3,นราธิวาสราชนครินทร์,16:00-19:00,0,1,0
นราธิวาสฯ - พระราม 3,นราธิวาสฯ,07:00-09:00,1,0,0
นราธิวาสฯ - พระราม 3,นราธิวาสฯ,09:00-16:00,1,0,0
นราธิวาสฯ - พระราม 3,นราธิวาสฯ,16:00-19:00,1,0,0
นราธิวาสฯ - พระราม 3,พระรามที่ 3,07:00-09:00,1,1,0
นราธิวาสฯ - พระราม 3,พระรามที่ 3,09:00-16:00,1,1,0
นราธิวาสฯ - พระราม 3,พระรามที่ 3,16:00-19:00,1,1,0
นวมินทร์ - ประเสริฐมนูกิจ,นวมนิทร์,07:00-09:00,0,1,0
นวมินทร์ - ประเสริฐมนูกิจ,นวมนิทร์,09:00-16:00,0,1,0
นวมินทร์ - ประเสริฐมนูกิจ,นวมนิทร์,16:00-19:00,0,1,0
นวมินทร์ - ประเสริฐมนูกิจ,นวมินทร์,06:30-09:00,1,0,0
นวมินทร์ - ประเสริฐมนูกิจ,นวมินทร์,07:00-09:00,1,0,1
นวมินทร์ - ประเสริฐมนูกิจ,นวมินทร์,09:00-16:00,2,0,0
นวมินทร์ - ประเสริฐมนูกิจ,นวมินทร์,09:00-17:00,0,0,1
นวมินทร์ - ประเสริฐมนูกิจ,นวมินทร์,16:00-19:00,1,0,0
นวมินทร์ - ประเสริฐมนูกิจ,นวมินทร์,16:00-19:30,1,0,0
นวมินทร์ - ประเสริฐมนูกิจ,นวมินทร์,17:00-19:00,0,0,1
นวมินทร์ - ประเสริฐมนูกิจ,ประเสริฐมนูกิจ,06:30-09:00,1,0,0
นวมินทร์ - ประเสริฐมนูกิจ,ประเสริฐมนูกิจ,07:00-09:00,1,1,1
นวมินทร์ - ประเสริฐมนูกิจ,ประเสริฐมนูกิจ,09:00-16:00,2,1,0
นวมินทร์ - ประเสริฐมนูกิจ,ประเสริฐมนูกิจ,09:00-17:00,0,0,1
นวมินทร์ - ประเสริฐมนูกิจ,ประเสริฐมนูกิจ,16:00-19:00,1,1,0
นวมินทร์ - ประเสริฐมนูกิจ,ประเสริฐมนูกิจ,16:00-19:30,1,0,0
นวมินทร์ - ประเสริฐมนูกิจ,ประเสริฐมนูกิจ,17:00-19:00,0,0,1
นวมินทร์ - ศรีบูรพา,นวมินทร์,07:00-09:00,0,0,1
นวมินทร์ - ศรีบูรพา,นวมินทร์,09:00-17:00,0,0,1
นวมินทร์ - ศรีบูรพา,นวมินทร์,17:00-19:00,0,0,1
นวมินทร์ - ศรีบูรพา,นวมินทร์ 51,07:00-09:00,0,0,1
นวมินทร์ - ศรีบูรพา,นวมินทร์ 51,09:00-17:00,0,0,1
นวมินทร์ - ศรีบูรพา,นวมินทร์ 51,17:00-19:00,0,0,1
นวมินทร์ - ศรีบูรพา,ศรีบูรพา,07:00-09:00,0,0,1
นวมินทร์ - ศรีบูรพา,ศรีบูรพา,09:00-17:00,0,0,1
นวมินทร์ - ศรีบูรพา,ศรีบูรพา,17:00-19:00,0,0,1
นวมินทร์ - แฮปปีแลนด์,นวมินทร์,07:00-09:00,1,0,0
นวมินทร์ - แฮปปีแลนด์,นวมินทร์,09:00-16:00,1,0,0
นวมินทร์ - แฮปปีแลนด์,นวมินทร์,16:00-19:00,1,0,0
นวมินทร์ - แฮปปีแลนด์,แฮปปี้แลนด์,07:00-09:00,1,0,0
นวมินทร์ - แฮปปีแลนด์,แฮปปี้แลนด์,09:00-16:00,1,0,0
นวมินทร์ - แฮปปีแลนด์,แฮปปี้แลนด์,16:00-19:00,1,0,0
นวมินทร์ - แฮปปี้แลนด์,นวมินทร์,07:00-09:00,0,0,2
นวมินทร์ - แฮปปี้แลนด์,นวมินทร์,09:00-17:00,0,0,2
นวมินทร์ - แฮปปี้แลนด์,นวมินทร์,17:00-19:00,0,0,2
นวมินทร์ - แฮปปี้แลนด์,แฮปปี้แลนด์,07:00-09:00,0,0,2
นวมินทร์ - แฮปปี้แลนด์,แฮปปี้แลนด์,09:00-17:00,0,0,2
นวมินทร์ - แฮปปี้แลนด์,แฮปปี้แลนด์,17:00-19:00,0,0,2
นวมินทร์ 10,นวมินทร์,07:00-09:00,0,0,1
นวมินทร์ 10,นวมินทร์,09:00-17:00,0,0,1
นวมินทร์ 10,นวมินทร์,17:00-19:00,0,0,1
นวมินทร์ 10,นวมินทร์ 10,07:00-09:00,0,0,1
นวมินทร์ 10,นวมินทร์ 10,09:00-17:00,0,0,1
นวมินทร์ 10,นวมินทร์ 10,17:00-19:00,0,0,1
นวลจันทร์,ซอยรามอินทรา 40,07:00-09:00,1,1,0
นวลจันทร์,ซอยรามอินทรา 40,09:00-16:00,1,1,0
นวลจันทร์,ซอยรามอินทรา 40,16:00-19:00,1,1,0
นวลจันทร์,รามอินทรา,07:00-09:00,1,1,0
นวลจันทร์,รามอินทรา,09:00-16:00,1,1,0
นวลจันทร์,รามอินทรา,16:00-19:00,1,1,0
นวลจันทร์ - คลองลำเจียก,คลองลำเจียก,07:00-09:00,0,0,1
นวลจันทร์ - คลองลำเจียก,คลองลำเจียก,09:00-17:00,0,0,1
นวลจันทร์ - คลองลำเจียก,คลองลำเจียก,17:00-19:00,0,0,1
นวลจันทร์ - คลองลำเจียก,นวลจันทร์,07:00-09:00,0,0,1
นวลจันทร์ - คลองลำเจียก,นวลจันทร์,09:00-17:00,0,0,1
นวลจันทร์ - คลองลำเจียก,นวลจันทร์,17:00-19:00,0,0,1
นอร์ธปาร์ค,กำแพงเพชร 6,07:00-09:00,1,1,1
นอร์ธปาร์ค,กำแพงเพชร 6,09:00-16:00,1,1,0
นอร์ธปาร์ค,กำแพงเพชร 6,09:00-17:00,0,0,1
นอร์ธปาร์ค,กำแพงเพชร 6,16:00-19:00,1,1,0
นอร์ธปาร์ค,กำแพงเพชร 6,17:00-19:00,0,0,1
นอร์ธปาร์ค,ชิดชน,07:00-09:00,1,1,1
นอร์ธปาร์ค,ชิดชน,09:00-16:00,1,1,0
นอร์ธปาร์ค,ชิดชน,09:00-17:00,0,0,1
นอร์ธปาร์ค,ชิดชน,16:00-19:00,1,1,0
นอร์ธปาร์ค,ชิดชน,17:00-19:00,0,0,1
นางลิ้นจี่,นางลิ้นจี่,06:30-09:00,0,1,0
นางลิ้นจี่,นางลิ้นจี่,07:00-09:00,1,0,1
นางลิ้นจี่,นางลิ้นจี่,09:00-16:00,1,1,1
นางลิ้นจี่,นางลิ้นจี่,16:00-19:00,1,0,1
นางลิ้นจี่,นางลิ้นจี่,16:00-19:30,0,1,0
นางลิ้นจี่,พระรามที่ 3,06:30-09:00,0,1,0
นางลิ้นจี่,พระรามที่ 3,07:00-09:00,1,0,1
นางลิ้นจี่,พระรามที่ 3,09:00-16:00,1,1,1
นางลิ้นจี่,พระรามที่ 3,16:00-19:00,1,0,1
นางลิ้นจี่,พระรามที่ 3,16:00-19:30,0,1,0
นางลื้นจี่,นางลิ้นจี่,07:00-09:00,0,0,1
นางลื้นจี่,นางลิ้นจี่,09:00-17:00,0,0,1
นางลื้นจี่,นางลิ้นจี่,17:00-19:00,0,0,1
นางลื้นจี่,พระรามที่ 3,07:00-09:00,0,0,1
นางลื้นจี่,พระรามที่ 3,09:00-17:00,0,0,1
นางลื้นจี่,พระรามที่ 3,17:00-19:00,0,0,1
นางเลิ้ง,ทางข้ามสนามม้า,07:00-09:00,1,0,0
นางเลิ้ง,ทางข้ามสนามม้า,09:00-16:00,1,0,0
นางเลิ้ง,ทางข้ามสนามม้า,16:00-19:00,1,0,0
นางเลิ้ง,ทางเข้าสนามม้า,06:30-09:00,0,1,0
นางเลิ้ง,ทางเข้าสนามม้า,09:00-16:00,0,1,0
นางเลิ้ง,ทางเข้าสนามม้า,16:00-19:30,0,1,0
นางเลิ้ง,นครสวรรค์,06:30-09:00,0,1,0
นางเลิ้ง,นครสวรรค์,07:00-09:00,1,0,2
นางเลิ้ง,นครสวรรค์,09:00-16:00,1,1,1
นางเลิ้ง,นครสวรรค์,09:00-17:00,0,0,1
นางเลิ้ง,นครสวรรค์,16:00-19:00,1,0,1
นางเลิ้ง,นครสวรรค์,16:00-19:30,0,1,0
นางเลิ้ง,นครสวรรค์,17:00-19:00,0,0,1
นางเลิ้ง,พิษณุโลก,07:00-09:00,1,1,2
นางเลิ้ง,พิษณุโลก,09:00-16:00,1,1,1
นางเลิ้ง,พิษณุโลก,09:00-17:00,0,0,1
นางเลิ้ง,พิษณุโลก,16:00-19:00,1,1,1
นางเลิ้ง,พิษณุโลก,17:00-19:00,0,0,1
นานา,ซ .สุขุมวิท 3 (นานา ),07:00-09:00,1,0,0
นานา,ซ .สุขุมวิท 3 (นานา ),09:00-16:00,1,0,0
นานา,ซ .สุขุมวิท 3 (นานา ),16:00-19:00,1,0,0
นานา,ซ .สุขุมวิท 4,07:00-09:00,1,0,0
นานา,ซ .สุขุมวิท 4,09:00-16:00,1,0,0
นานา,ซ .สุขุมวิท 4,16:00-19:00,1,0,0
นานา,ซอยสุขุมวิท 3 (นานา),06:30-09:00,0,1,0
นานา,ซอยสุขุมวิท 3 (นานา),09:00-16:00,0,1,0
นานา,ซอยสุขุมวิท 3 (นานา),16:00-19:30,0,1,0
นานา,ซอยสุขุมวิท 4,07:00-09:00,0,1,0
นานา,ซอยสุขุมวิท 4,09:00-16:00,0,1,0
นานา,ซอยสุขุมวิท 4,16:00-19:00,0,1,0
นานา,นานา (สุขุมวิท 3),07:00-09:00,0,0,1
นานา,นานา (สุขุมวิท 3),09:00-17:00,0,0,1
นานา,นานา (สุขุมวิท 3),17:00-19:00,0,0,1
นานา,สุขุมวิท,06:30-09:00,0,1,0
นานา,สุขุมวิท,07:00-09:00,1,0,3
นานา,สุขุมวิท,09:00-16:00,1,1,1
นานา,สุขุมวิท,09:00-17:00,0,0,2
นานา,สุขุมวิท,16:00-19:00,1,0,1
นานา,สุขุมวิท,16:00-19:30,0,1,0
นานา,สุขุมวิท,17:00-19:00,0,0,2
นานา,สุขุมวิท 3,07:00-09:00,0,0,2
นานา,สุขุมวิท 3,09:00-16:00,0,0,1
นานา,สุขุมวิท 3,09:00-17:00,0,0,1
นานา,สุขุมวิท 3,16:00-19:00,0,0,1
นานา,สุขุมวิท 3,17:00-19:00,0,0,1
นานา,สุขุมวิท 4,07:00-09:00,0,0,3
นานา,สุขุมวิท 4,09:00-16:00,0,0,1
นานา,สุขุมวิท 4,09:00-17:00,0,0,2
นานา,สุขุมวิท 4,16:00-19:00,0,0,1
นานา,สุขุมวิท 4,17:00-19:00,0,0,2
นาวงประชาพัฒนา - เทิดราชัน,นาวงประชาพัฒนา,07:00-09:00,0,0,1
นาวงประชาพัฒนา - เทิดราชัน,นาวงประชาพัฒนา,09:00-17:00,0,0,1
นาวงประชาพัฒนา - เทิดราชัน,นาวงประชาพัฒนา,17:00-19:00,0,0,1
นาวงประชาพัฒนา - เทิดราชัน,เทิดราชัน,07:00-09:00,0,0,1
นาวงประชาพัฒนา - เทิดราชัน,เทิดราชัน,09:00-17:00,0,0,1
นาวงประชาพัฒนา - เทิดราชัน,เทิดราชัน,17:00-19:00,0,0,1
นาวงประชาพัฒนา 13,นาวงประชาพัฒนา,07:00-09:00,1,0,0
นาวงประชาพัฒนา 13,นาวงประชาพัฒนา,09:00-16:00,1,0,0
นาวงประชาพัฒนา 13,นาวงประชาพัฒนา,16:00-19:00,1,0,0
นาหลวง,ประชาอุทิศ,07:00-09:00,2,0,0
นาหลวง,ประชาอุทิศ,09:00-16:00,2,0,0
นาหลวง,ประชาอุทิศ,16:00-19:00,2,0,0
นาหลวง,ประชาอุทิศ (SB),07:00-09:00,0,1,2
นาหลวง,ประชาอุทิศ (SB),09:00-16:00,0,1,0
นาหลวง,ประชาอุทิศ (SB),09:00-17:00,0,0,2
นาหลวง,ประชาอุทิศ (SB),16:00-19:00,0,1,0
นาหลวง,ประชาอุทิศ (SB),17:00-19:00,0,0,2
นาหลวง,ประชาอุทิศ (WB),07:00-09:00,0,1,2
นาหลวง,ประชาอุทิศ (WB),09:00-16:00,0,1,0
นาหลวง,ประชาอุทิศ (WB),09:00-17:00,0,0,2
นาหลวง,ประชาอุทิศ (WB),16:00-19:00,0,1,0
นาหลวง,ประชาอุทิศ (WB),17:00-19:00,0,0,2
นาหลวง,พุทธบูชา,07:00-09:00,2,1,2
นาหลวง,พุทธบูชา,09:00-16:00,2,1,0
นาหลวง,พุทธบูชา,09:00-17:00,0,0,2
นาหลวง,พุทธบูชา,16:00-19:00,2,1,0
นาหลวง,พุทธบูชา,17:00-19:00,0,0,2
นาหลวง,ม.สินทวี,07:00-09:00,2,0,0
นาหลวง,ม.สินทวี,09:00-16:00,2,0,0
นาหลวง,ม.สินทวี,16:00-19:00,2,0,0
นาหลวง,หมู่บ้านสินทวี,07:00-09:00,0,1,2
นาหลวง,หมู่บ้านสินทวี,09:00-16:00,0,1,0
นาหลวง,หมู่บ้านสินทวี,09:00-17:00,0,0,2
นาหลวง,หมู่บ้านสินทวี,16:00-19:00,0,1,0
นาหลวง,หมู่บ้านสินทวี,17:00-19:00,0,0,2
นิคมมักกะสัน,กำแพงเพชร 7,07:00-09:00,0,0,1
นิคมมักกะสัน,กำแพงเพชร 7,09:00-17:00,0,0,1
นิคมมักกะสัน,กำแพงเพชร 7,17:00-19:00,0,0,1
นิคมมักกะสัน,นิคมมักกะสัน (EB),07:00-09:00,0,0,1
นิคมมักกะสัน,นิคมมักกะสัน (EB),09:00-17:00,0,0,1
นิคมมักกะสัน,นิคมมักกะสัน (EB),17:00-19:00,0,0,1
นิคมมักกะสัน,นิคมมักกะสัน (NB),07:00-09:00,0,0,1
นิคมมักกะสัน,นิคมมักกะสัน (NB),09:00-17:00,0,0,1
นิคมมักกะสัน,นิคมมักกะสัน (NB),17:00-19:00,0,0,1
นิคมอุตสาหกรรมลาดกระบัง,ฉลองกรุง,07:00-09:00,1,0,3
นิคมอุตสาหกรรมลาดกระบัง,ฉลองกรุง,09:00-16:00,1,0,0
นิคมอุตสาหกรรมลาดกระบัง,ฉลองกรุง,09:00-17:00,0,0,3
นิคมอุตสาหกรรมลาดกระบัง,ฉลองกรุง,16:00-19:00,1,0,0
นิคมอุตสาหกรรมลาดกระบัง,ฉลองกรุง,17:00-19:00,0,0,3
นิคมอุตสาหกรรมลาดกระบัง,ฉลองกรุง 31,07:00-09:00,0,0,3
นิคมอุตสาหกรรมลาดกระบัง,ฉลองกรุง 31,09:00-17:00,0,0,3
นิคมอุตสาหกรรมลาดกระบัง,ฉลองกรุง 31,17:00-19:00,0,0,3
นิคมอุตสาหกรรมลาดกระบัง,ซอยฉลองกรุง 31,06:30-09:00,1,0,0
นิคมอุตสาหกรรมลาดกระบัง,ซอยฉลองกรุง 31,09:00-16:00,1,0,0
นิคมอุตสาหกรรมลาดกระบัง,ซอยฉลองกรุง 31,16:00-19:30,1,0,0
นิคมอุตสาหกรรมลาดกระบัง,ซอยส่วนบุคคล,07:00-09:00,0,0,1
นิคมอุตสาหกรรมลาดกระบัง,ซอยส่วนบุคคล,09:00-17:00,0,0,1
นิคมอุตสาหกรรมลาดกระบัง,ซอยส่วนบุคคล,17:00-19:00,0,0,1
นิคมอุตสาหกรรมลาดกระบัง,ส่วนบุคคล,06:30-09:00,1,0,0
นิคมอุตสาหกรรมลาดกระบัง,ส่วนบุคคล,07:00-09:00,0,0,2
นิคมอุตสาหกรรมลาดกระบัง,ส่วนบุคคล,09:00-16:00,1,0,0
นิคมอุตสาหกรรมลาดกระบัง,ส่วนบุคคล,09:00-17:00,0,0,2
นิคมอุตสาหกรรมลาดกระบัง,ส่วนบุคคล,16:00-19:30,1,0,0
นิคมอุตสาหกรรมลาดกระบัง,ส่วนบุคคล,17:00-19:00,0,0,2
นิด้า,ศรีบูรพา,06:30-09:00,0,1,0
นิด้า,ศรีบูรพา,07:00-09:00,1,1,3
นิด้า,ศรีบูรพา,09:00-16:00,1,2,0
นิด้า,ศรีบูรพา,09:00-17:00,0,0,3
นิด้า,ศรีบูรพา,16:00-19:00,1,1,0
นิด้า,ศรีบูรพา,16:00-19:30,0,1,0
นิด้า,ศรีบูรพา,17:00-19:00,0,0,3
นิด้า,เสรีไทย,07:00-09:00,1,2,3
นิด้า,เสรีไทย,09:00-16:00,1,2,0
นิด้า,เสรีไทย,09:00-17:00,0,0,3
นิด้า,เสรีไทย,16:00-19:00,1,2,0
นิด้า,เสรีไทย,17:00-19:00,0,0,3
นิมิตรใหม่ - ประชาร่วมใจ,นิมิตรใหม่,07:00-09:00,0,0,1
นิมิตรใหม่ - ประชาร่วมใจ,นิมิตรใหม่,09:00-16:00,0,0,1
นิมิตรใหม่ - ประชาร่วมใจ,นิมิตรใหม่,16:00-19:00,0,0,1
นิมิตรใหม่ - ประชาร่วมใจ,ประชาร่วมใจ,07:00-09:00,0,0,1
นิมิตรใหม่ - ประชาร่วมใจ,ประชาร่วมใจ,09:00-16:00,0,0,1
นิมิตรใหม่ - ประชาร่วมใจ,ประชาร่วมใจ,16:00-19:00,0,0,1
นิมิตใหม่ - สุวินทวงศ์,นิมิตใหม่,07:00-09:00,0,0,1
นิมิตใหม่ - สุวินทวงศ์,นิมิตใหม่,09:00-17:00,0,0,1
นิมิตใหม่ - สุวินทวงศ์,นิมิตใหม่,17:00-19:00,0,0,1
นิมิตใหม่ - สุวินทวงศ์,สุวินทวงศ์,07:00-09:00,0,0,1
นิมิตใหม่ - สุวินทวงศ์,สุวินทวงศ์,09:00-17:00,0,0,1
นิมิตใหม่ - สุวินทวงศ์,สุวินทวงศ์,17:00-19:00,0,0,1
นิมิตใหม่ 14,นิมิตใหม่,07:00-09:00,0,0,1
นิมิตใหม่ 14,นิมิตใหม่,09:00-17:00,0,0,1
นิมิตใหม่ 14,นิมิตใหม่,17:00-19:00,0,0,1
นิมิตใหม่ 4 - 6,นิมิตใหม่,07:00-09:00,0,0,1
นิมิตใหม่ 4 - 6,นิมิตใหม่,09:00-17:00,0,0,1
นิมิตใหม่ 4 - 6,นิมิตใหม่,17:00-19:00,0,0,1
นิมิตใหม่ 40,นิมิตใหม่,07:00-09:00,0,0,1
นิมิตใหม่ 40,นิมิตใหม่,09:00-17:00,0,0,1
นิมิตใหม่ 40,นิมิตใหม่,17:00-19:00,0,0,1
นิมิตใหม่64,ซอยนิมิตรใหม่63,07:00-09:00,1,0,0
นิมิตใหม่64,ซอยนิมิตรใหม่63,09:00-16:00,1,0,0
นิมิตใหม่64,ซอยนิมิตรใหม่63,16:00-19:00,1,0,0
นิมิตใหม่64,ซอยนิมิตรใหม่64,07:00-09:00,1,0,0
นิมิตใหม่64,ซอยนิมิตรใหม่64,09:00-16:00,1,0,0
นิมิตใหม่64,ซอยนิมิตรใหม่64,16:00-19:00,1,0,0
นิมิตใหม่64,นิมิตรใหม่,07:00-09:00,1,0,0
นิมิตใหม่64,นิมิตรใหม่,09:00-16:00,1,0,0
นิมิตใหม่64,นิมิตรใหม่,16:00-19:00,1,0,0
นเรศ,สี่พระยา,07:00-09:00,0,0,2
นเรศ,สี่พระยา,09:00-17:00,0,0,2
นเรศ,สี่พระยา,17:00-19:00,0,0,2
บรมราชชนนี,จรัญสนิทวงศ์,07:00-09:00,1,1,3
บรมราชชนนี,จรัญสนิทวงศ์,09:00-16:00,1,1,0
บรมราชชนนี,จรัญสนิทวงศ์,09:00-17:00,0,0,3
บรมราชชนนี,จรัญสนิทวงศ์,16:00-19:00,1,1,0
บรมราชชนนี,จรัญสนิทวงศ์,17:00-19:00,0,0,3
บรมราชชนนี,บรมราชชนนี,07:00-09:00,1,1,4
บรมราชชนนี,บรมราชชนนี,09:00-16:00,1,1,1
บรมราชชนนี,บรมราชชนนี,09:00-17:00,0,0,3
บรมราชชนนี,บรมราชชนนี,16:00-19:00,1,1,1
บรมราชชนนี,บรมราชชนนี,17:00-19:00,0,0,3
บรมราชชนนี,สมเด็จพระปิ่นเกล้า,07:00-09:00,0,1,2
บรมราชชนนี,สมเด็จพระปิ่นเกล้า,09:00-16:00,0,1,0
บรมราชชนนี,สมเด็จพระปิ่นเกล้า,09:00-17:00,0,0,2
บรมราชชนนี,สมเด็จพระปิ่นเกล้า,16:00-19:00,0,1,0
บรมราชชนนี,สมเด็จพระปิ่นเกล้า,17:00-19:00,0,0,2
บรมราชชนนี,สมเด็จพระปืนเกล่า,07:00-09:00,1,0,0
บรมราชชนนี,สมเด็จพระปืนเกล่า,09:00-16:00,1,0,0
บรมราชชนนี,สมเด็จพระปืนเกล่า,16:00-19:00,1,0,0
บรมราชชนนี - ชัยพฤกษ์,ชัยพฤกษ์,07:00-09:00,0,0,1
บรมราชชนนี - ชัยพฤกษ์,ชัยพฤกษ์,09:00-16:00,0,0,1
บรมราชชนนี - ชัยพฤกษ์,ชัยพฤกษ์,16:00-19:00,0,0,1
บรมราชชนนี - ชัยพฤกษ์,แจ้งวัฒนะ,07:00-09:00,0,0,1
บรมราชชนนี - ชัยพฤกษ์,แจ้งวัฒนะ,09:00-16:00,0,0,1
บรมราชชนนี - ชัยพฤกษ์,แจ้งวัฒนะ,16:00-19:00,0,0,1
บรมราชชนนี - ราชพฤกษ์,บรมราชชนนี,07:00-09:00,0,1,0
บรมราชชนนี - ราชพฤกษ์,บรมราชชนนี,09:00-16:00,0,1,0
บรมราชชนนี - ราชพฤกษ์,บรมราชชนนี,16:00-19:00,0,1,0
บรมราชชนนี - ราชพฤกษ์,ราชพฤกษ์,07:00-09:00,0,1,0
บรมราชชนนี - ราชพฤกษ์,ราชพฤกษ์,09:00-16:00,0,1,0
บรมราชชนนี - ราชพฤกษ์,ราชพฤกษ์,16:00-19:00,0,1,0
บรมราชชนนี - สิรินธร,บรมราชชนนี (EB),07:00-09:00,0,0,1
บรมราชชนนี - สิรินธร,บรมราชชนนี (EB),09:00-16:00,0,0,1
บรมราชชนนี - สิรินธร,บรมราชชนนี (EB),16:00-19:00,0,0,1
บรมราชชนนี - สิรินธร,บรมราชชนนี (NB),07:00-09:00,0,0,1
บรมราชชนนี - สิรินธร,บรมราชชนนี (NB),09:00-16:00,0,0,1
บรมราชชนนี - สิรินธร,บรมราชชนนี (NB),16:00-19:00,0,0,1
บรมราชชนนี - สิรินธร,สิรินธร,07:00-09:00,0,0,1
บรมราชชนนี - สิรินธร,สิรินธร,09:00-16:00,0,0,1
บรมราชชนนี - สิรินธร,สิรินธร,16:00-19:00,0,0,1
บรมราชชนนี - เลียบทางรถไฟตลิ่งชัน,บรมราชชนนี,07:00-09:00,0,0,1
บรมราชชนนี - เลียบทางรถไฟตลิ่งชัน,บรมราชชนนี,09:00-16:00,0,0,1
บรมราชชนนี - เลียบทางรถไฟตลิ่งชัน,บรมราชชนนี,16:00-19:00,0,0,1
บรมราชชนนี - เลียบทางรถไฟตลิ่งชัน,เลียบทางรถไฟตลิ่งชัน,07:00-09:00,0,0,1
บรมราชชนนี - เลียบทางรถไฟตลิ่งชัน,เลียบทางรถไฟตลิ่งชัน,09:00-16:00,0,0,1
บรมราชชนนี - เลียบทางรถไฟตลิ่งชัน,เลียบทางรถไฟตลิ่งชัน,16:00-19:00,0,0,1
บรรทัดทอง - จรัสเมือง,จรัสเมือง,07:00-09:00,0,1,0
บรรทัดทอง - จรัสเมือง,จรัสเมือง,09:00-16:00,0,1,0
บรรทัดทอง - จรัสเมือง,จรัสเมือง,16:00-19:00,0,1,0
บรรทัดทอง - จรัสเมือง,บรรทัดทอง,06:30-09:00,0,1,0
บรรทัดทอง - จรัสเมือง,บรรทัดทอง,09:00-16:00,0,1,0
บรรทัดทอง - จรัสเมือง,บรรทัดทอง,16:00-19:30,0,1,0
บรรทัดทอง - จุฬา 12,จุฬา 12,07:00-09:00,0,0,1
บรรทัดทอง - จุฬา 12,จุฬา 12,09:00-17:00,0,0,1
บรรทัดทอง - จุฬา 12,จุฬา 12,17:00-19:00,0,0,1
บรรทัดทอง - จุฬา 12,ซอยจุฬา 12,07:00-09:00,1,0,0
บรรทัดทอง - จุฬา 12,ซอยจุฬา 12,09:00-16:00,1,0,0
บรรทัดทอง - จุฬา 12,ซอยจุฬา 12,16:00-19:00,1,0,0
บรรทัดทอง - จุฬา 12,บรรทัดทอง,07:00-09:00,1,0,1
บรรทัดทอง - จุฬา 12,บรรทัดทอง,09:00-16:00,1,0,0
บรรทัดทอง - จุฬา 12,บรรทัดทอง,09:00-17:00,0,0,1
บรรทัดทอง - จุฬา 12,บรรทัดทอง,16:00-19:00,1,0,0
บรรทัดทอง - จุฬา 12,บรรทัดทอง,17:00-19:00,0,0,1
บรรทัดทอง -จุฬา 12,ซอยจุฬา 12,06:30-09:00,1,0,0
บรรทัดทอง -จุฬา 12,ซอยจุฬา 12,09:00-16:00,1,0,0
บรรทัดทอง -จุฬา 12,ซอยจุฬา 12,16:00-19:30,1,0,0
บรรทัดทอง -จุฬา 12,บรรทัดทอง,06:30-09:00,1,0,0
บรรทัดทอง -จุฬา 12,บรรทัดทอง,09:00-16:00,1,0,0
บรรทัดทอง -จุฬา 12,บรรทัดทอง,16:00-19:30,1,0,0
บริษัทการบินไทย,วิภาวดีรังสิต,07:00-09:00,0,1,0
บริษัทการบินไทย,วิภาวดีรังสิต,09:00-16:00,0,1,0
บริษัทการบินไทย,วิภาวดีรังสิต,16:00-19:00,0,1,0
บริเวณจุดกลับรถหน้าโรงเรียนฝึกอาชีพ กรุงเทพมหานคร,เชื่อมสัมพันธ์,06:30-09:00,1,0,0
บริเวณจุดกลับรถหน้าโรงเรียนฝึกอาชีพ กรุงเทพมหานคร,เชื่อมสัมพันธ์,09:00-16:00,1,0,0
บริเวณจุดกลับรถหน้าโรงเรียนฝึกอาชีพ กรุงเทพมหานคร,เชื่อมสัมพันธ์,16:00-19:30,1,0,0
บริเวณหน้า The line Condo,สุขุมวิท 71,07:00-09:00,1,0,0
บริเวณหน้า The line Condo,สุขุมวิท 71,09:00-16:00,1,0,0
บริเวณหน้า The line Condo,สุขุมวิท 71,16:00-19:00,1,0,0
บริเวณไกล้ลาดพร้าว 71,ลาดพร้าว,07:00-09:00,1,0,0
บริเวณไกล้ลาดพร้าว 71,ลาดพร้าว,09:00-16:00,1,0,0
บริเวณไกล้ลาดพร้าว 71,ลาดพร้าว,16:00-19:00,1,0,0
บัญญาอินทรา - เลียบคลองสอง,ปัญญาอินทรา,07:00-09:00,1,0,0
บัญญาอินทรา - เลียบคลองสอง,ปัญญาอินทรา,09:00-16:00,1,0,0
บัญญาอินทรา - เลียบคลองสอง,ปัญญาอินทรา,16:00-19:00,1,0,0
บัญญาอินทรา - เลียบคลองสอง,เลียบคลองสอง,07:00-09:00,1,0,0
บัญญาอินทรา - เลียบคลองสอง,เลียบคลองสอง,09:00-16:00,1,0,0
บัญญาอินทรา - เลียบคลองสอง,เลียบคลองสอง,16:00-19:00,1,0,0
บางกระบือ,พระรามที่9,06:30-09:00,0,1,0
บางกระบือ,พระรามที่9,09:00-16:00,0,1,0
บางกระบือ,พระรามที่9,16:00-19:30,0,1,0
บางกระบือ,สามเสน,07:00-09:00,1,2,2
บางกระบือ,สามเสน,09:00-16:00,1,2,1
บางกระบือ,สามเสน,09:00-17:00,0,0,1
บางกระบือ,สามเสน,16:00-19:00,1,2,1
บางกระบือ,สามเสน,17:00-19:00,0,0,1
บางกระบือ,อำนวยสงคราม,07:00-09:00,1,2,2
บางกระบือ,อำนวยสงคราม,09:00-16:00,1,1,1
บางกระบือ,อำนวยสงคราม,09:00-17:00,0,0,1
บางกระบือ,อำนวยสงคราม,16:00-19:00,1,2,1
บางกระบือ,อำนวยสงคราม,16:00-19:30,0,1,0
บางกระบือ,อำนวยสงคราม,17:00-19:00,0,0,1
บางกระบือ,เขียวไข่กา,07:00-09:00,1,2,2
บางกระบือ,เขียวไข่กา,09:00-16:00,1,2,1
บางกระบือ,เขียวไข่กา,09:00-17:00,0,0,1
บางกระบือ,เขียวไข่กา,16:00-19:00,1,2,1
บางกระบือ,เขียวไข่กา,17:00-19:00,0,0,1
บางกะปิ,นวมนิทร์,07:00-09:00,0,1,0
บางกะปิ,นวมนิทร์,09:00-16:00,0,1,0
บางกะปิ,นวมนิทร์,16:00-19:00,0,1,0
บางกะปิ,นวมินทร์,07:00-09:00,0,0,1
บางกะปิ,นวมินทร์,09:00-17:00,0,0,1
บางกะปิ,นวมินทร์,17:00-19:00,0,0,1
บางกะปิ,พ่วงศิริ,07:00-09:00,1,1,1
บางกะปิ,พ่วงศิริ,09:00-16:00,1,1,0
บางกะปิ,พ่วงศิริ,09:00-17:00,0,0,1
บางกะปิ,พ่วงศิริ,16:00-19:00,1,1,0
บางกะปิ,พ่วงศิริ,17:00-19:00,0,0,1
บางกะปิ,ลาดพร้าว,07:00-09:00,1,1,1
บางกะปิ,ลาดพร้าว,09:00-16:00,1,1,0
บางกะปิ,ลาดพร้าว,09:00-17:00,0,0,1
บางกะปิ,ลาดพร้าว,16:00-19:00,1,1,0
บางกะปิ,ลาดพร้าว,17:00-19:00,0,0,1
บางกะปิ,สุขาภิบาล 1,07:00-09:00,1,0,0
บางกะปิ,สุขาภิบาล 1,09:00-16:00,1,0,0
บางกะปิ,สุขาภิบาล 1,16:00-19:00,1,0,0
บางกะปิ,เสรีไทย,07:00-09:00,1,1,1
บางกะปิ,เสรีไทย,09:00-16:00,1,1,0
บางกะปิ,เสรีไทย,09:00-17:00,0,0,1
บางกะปิ,เสรีไทย,16:00-19:00,1,1,0
บางกะปิ,เสรีไทย,17:00-19:00,0,0,1
บางขุนนนท์,จรัญสนิทวงศ์,07:00-09:00,2,2,3
บางขุนนนท์,จรัญสนิทวงศ์,09:00-16:00,2,2,0
บางขุนนนท์,จรัญสนิทวงศ์,09:00-17:00,0,0,3
บางขุนนนท์,จรัญสนิทวงศ์,16:00-19:00,2,2,0
บางขุนนนท์,จรัญสนิทวงศ์,17:00-19:00,0,0,3
บางขุนนนท์,จรัญสนิทวงศ์ 32,07:00-09:00,0,0,3
บางขุนนนท์,จรัญสนิทวงศ์ 32,09:00-17:00,0,0,3
บางขุนนนท์,จรัญสนิทวงศ์ 32,17:00-19:00,0,0,3
บางขุนนนท์,ช.จรัญสนิทวงศ์ 32,09:00-16:00,1,0,0
บางขุนนนท์,ช.จรัญสนิทวงศ์ 32,16:00-19:00,1,0,0
บางขุนนนท์,ซ.จรัญสนิทวงศ์ 32,07:00-09:00,2,0,0
บางขุนนนท์,ซ.จรัญสนิทวงศ์ 32,09:00-16:00,1,0,0
บางขุนนนท์,ซ.จรัญสนิทวงศ์ 32,16:00-19:00,1,0,0
บางขุนนนท์,ซอยจรัญสนิทวงศ์ 32,06:30-09:00,0,1,0
บางขุนนนท์,ซอยจรัญสนิทวงศ์ 32,07:00-09:00,0,1,0
บางขุนนนท์,ซอยจรัญสนิทวงศ์ 32,09:00-16:00,0,2,0
บางขุนนนท์,ซอยจรัญสนิทวงศ์ 32,16:00-19:00,0,1,0
บางขุนนนท์,ซอยจรัญสนิทวงศ์ 32,16:00-19:30,0,1,0
บางขุนนนท์,บางกอกน้อยตลิงชัน,07:00-09:00,1,0,0
บางขุนนนท์,บางกอกน้อยตลิงชัน,09:00-16:00,1,0,0
บางขุนนนท์,บางกอกน้อยตลิงชัน,16:00-19:00,1,0,0
บางขุนนนท์,บางกอกน้อยตลิ่งชัน,06:30-09:00,0,1,0
บางขุนนนท์,บางกอกน้อยตลิ่งชัน,07:00-09:00,1,1,1
บางขุนนนท์,บางกอกน้อยตลิ่งชัน,09:00-16:00,1,2,0
บางขุนนนท์,บางกอกน้อยตลิ่งชัน,09:00-17:00,0,0,1
บางขุนนนท์,บางกอกน้อยตลิ่งชัน,16:00-19:00,1,1,0
บางขุนนนท์,บางกอกน้อยตลิ่งชัน,16:00-19:30,0,1,0
บางขุนนนท์,บางกอกน้อยตลิ่งชัน,17:00-19:00,0,0,1
บางขุนนนท์,บางขุนนนท์,07:00-09:00,0,0,2
บางขุนนนท์,บางขุนนนท์,09:00-17:00,0,0,2
บางขุนนนท์,บางขุนนนท์,17:00-19:00,0,0,2
บางขุนพรหม,วิสุทธิกษัตริย์,07:00-09:00,1,0,1
บางขุนพรหม,วิสุทธิกษัตริย์,09:00-16:00,1,0,0
บางขุนพรหม,วิสุทธิกษัตริย์,09:00-17:00,0,0,1
บางขุนพรหม,วิสุทธิกษัตริย์,16:00-19:00,1,0,0
บางขุนพรหม,วิสุทธิกษัตริย์,17:00-19:00,0,0,1
บางขุนพรหม,วิสุทธิ์กษัตริย์,07:00-09:00,0,0,1
บางขุนพรหม,วิสุทธิ์กษัตริย์,09:00-16:00,0,0,1
บางขุนพรหม,วิสุทธิ์กษัตริย์,16:00-19:00,0,0,1
บางขุนพรหม,สามเสน,07:00-09:00,1,0,2
บางขุนพรหม,สามเสน,09:00-16:00,1,0,1
บางขุนพรหม,สามเสน,09:00-17:00,0,0,1
บางขุนพรหม,สามเสน,16:00-19:00,1,0,1
บางขุนพรหม,สามเสน,17:00-19:00,0,0,1
บางขุนเทียน - บางขุนเทียน 16,บางขุนเทียน,07:00-09:00,0,0,1
บางขุนเทียน - บางขุนเทียน 16,บางขุนเทียน,09:00-17:00,0,0,1
บางขุนเทียน - บางขุนเทียน 16,บางขุนเทียน,17:00-19:00,0,0,1
บางขุนเทียน - บางขุนเทียน 16,บางขุนเทียน 16,07:00-09:00,0,0,1
บางขุนเทียน - บางขุนเทียน 16,บางขุนเทียน 16,09:00-17:00,0,0,1
บางขุนเทียน - บางขุนเทียน 16,บางขุนเทียน 16,17:00-19:00,0,0,1
บางขุนเทียน - บางขุนเทียน 9,บางขุนเทียน,07:00-09:00,0,0,1
บางขุนเทียน - บางขุนเทียน 9,บางขุนเทียน,09:00-17:00,0,0,1
บางขุนเทียน - บางขุนเทียน 9,บางขุนเทียน,17:00-19:00,0,0,1
บางขุนเทียน - บางขุนเทียน 9,บางขุนเทียน 9,07:00-09:00,0,0,1
บางขุนเทียน - บางขุนเทียน 9,บางขุนเทียน 9,09:00-17:00,0,0,1
บางขุนเทียน - บางขุนเทียน 9,บางขุนเทียน 9,17:00-19:00,0,0,1
บางขุนเทียน - พระยามนธาตุราชศรีพิจิตร์,บางขุนเทียน,07:00-09:00,0,1,1
บางขุนเทียน - พระยามนธาตุราชศรีพิจิตร์,บางขุนเทียน,09:00-16:00,0,1,0
บางขุนเทียน - พระยามนธาตุราชศรีพิจิตร์,บางขุนเทียน,09:00-17:00,0,0,1
บางขุนเทียน - พระยามนธาตุราชศรีพิจิตร์,บางขุนเทียน,16:00-19:00,0,1,0
บางขุนเทียน - พระยามนธาตุราชศรีพิจิตร์,บางขุนเทียน,17:00-19:00,0,0,1
บางขุนเทียน - พระยามนธาตุราชศรีพิจิตร์,พระยามนธาตุราชศรีพิจิตร์,07:00-09:00,0,1,1
บางขุนเทียน - พระยามนธาตุราชศรีพิจิตร์,พระยามนธาตุราชศรีพิจิตร์,09:00-16:00,0,1,0
บางขุนเทียน - พระยามนธาตุราชศรีพิจิตร์,พระยามนธาตุราชศรีพิจิตร์,09:00-17:00,0,0,1
บางขุนเทียน - พระยามนธาตุราชศรีพิจิตร์,พระยามนธาตุราชศรีพิจิตร์,16:00-19:00,0,1,0
บางขุนเทียน - พระยามนธาตุราชศรีพิจิตร์,พระยามนธาตุราชศรีพิจิตร์,17:00-19:00,0,0,1
บางขุนเทียน- พระยามนธาตุราชศรีพิจิตร์,บางขุนเทียน,07:00-09:00,1,0,0
บางขุนเทียน- พระยามนธาตุราชศรีพิจิตร์,บางขุนเทียน,09:00-16:00,1,0,0
บางขุนเทียน- พระยามนธาตุราชศรีพิจิตร์,บางขุนเทียน,16:00-19:00,1,0,0
บางขุนเทียน- พระยามนธาตุราชศรีพิจิตร์,พระยามนธาตุราชศรีพิจิตร์,07:00-09:00,1,0,0
บางขุนเทียน- พระยามนธาตุราชศรีพิจิตร์,พระยามนธาตุราชศรีพิจิตร์,09:00-16:00,1,0,0
บางขุนเทียน- พระยามนธาตุราชศรีพิจิตร์,พระยามนธาตุราชศรีพิจิตร์,16:00-19:00,1,0,0
บางขุนเทียน- สะแกงาม,บางขุนเทียน,07:00-09:00,1,0,0
บางขุนเทียน- สะแกงาม,บางขุนเทียน,09:00-16:00,1,0,0
บางขุนเทียน- สะแกงาม,บางขุนเทียน,16:00-19:00,1,0,0
บางขุนเทียน- สะแกงาม,สะแกงาม,07:00-09:00,1,0,0
บางขุนเทียน- สะแกงาม,สะแกงาม,09:00-16:00,1,0,0
บางขุนเทียน- สะแกงาม,สะแกงาม,16:00-19:00,1,0,0
บางขุนเทียนชายทะเล - เทียนทะเล 19,ซอยเทียนทะเล 19,07:00-09:00,1,0,0
บางขุนเทียนชายทะเล - เทียนทะเล 19,ซอยเทียนทะเล 19,09:00-16:00,1,0,0
บางขุนเทียนชายทะเล - เทียนทะเล 19,ซอยเทียนทะเล 19,16:00-19:00,1,0,0
บางขุนเทียนชายทะเล - เทียนทะเล 19,บางขุนเทียนชายทะเล,07:00-09:00,1,0,0
บางขุนเทียนชายทะเล - เทียนทะเล 19,บางขุนเทียนชายทะเล,09:00-16:00,1,0,0
บางขุนเทียนชายทะเล - เทียนทะเล 19,บางขุนเทียนชายทะเล,16:00-19:00,1,0,0
บางขุนเทียนชายทะเล - เทียนทะเล 25,ซอยเทียนทะเล 25,07:00-09:00,1,0,0
บางขุนเทียนชายทะเล - เทียนทะเล 25,ซอยเทียนทะเล 25,09:00-16:00,1,0,0
บางขุนเทียนชายทะเล - เทียนทะเล 25,ซอยเทียนทะเล 25,16:00-19:00,1,0,0
บางขุนเทียนชายทะเล - เทียนทะเล 25,บางขุนเทียนชายทะเล,07:00-09:00,1,0,0
บางขุนเทียนชายทะเล - เทียนทะเล 25,บางขุนเทียนชายทะเล,09:00-16:00,1,0,0
บางขุนเทียนชายทะเล - เทียนทะเล 25,บางขุนเทียนชายทะเล,16:00-19:00,1,0,0
บางขุนเทียนชายทะเล - เทียนทะเล 30,ซอยเทียนทะเล 30,07:00-09:00,1,0,0
บางขุนเทียนชายทะเล - เทียนทะเล 30,ซอยเทียนทะเล 30,09:00-16:00,1,0,0
บางขุนเทียนชายทะเล - เทียนทะเล 30,ซอยเทียนทะเล 30,16:00-19:00,1,0,0
บางขุนเทียนชายทะเล - เทียนทะเล 30,บางขุนเทียนชายทะเล,07:00-09:00,1,0,0
บางขุนเทียนชายทะเล - เทียนทะเล 30,บางขุนเทียนชายทะเล,09:00-16:00,1,0,0
บางขุนเทียนชายทะเล - เทียนทะเล 30,บางขุนเทียนชายทะเล,16:00-19:00,1,0,0
บางขุนเทียนชายทะเล - เลียบคลองพิทยาลงกรณ์,บางขุนเทียนชายทะเล,07:00-09:00,0,0,1
บางขุนเทียนชายทะเล - เลียบคลองพิทยาลงกรณ์,บางขุนเทียนชายทะเล,09:00-17:00,0,0,1
บางขุนเทียนชายทะเล - เลียบคลองพิทยาลงกรณ์,บางขุนเทียนชายทะเล,17:00-19:00,0,0,1
บางขุนเทียนชายทะเล - เลียบคลองพิทยาลงกรณ์,เลียบคลองพิทยาลงกรณ์,07:00-09:00,0,0,1
บางขุนเทียนชายทะเล - เลียบคลองพิทยาลงกรณ์,เลียบคลองพิทยาลงกรณ์,09:00-17:00,0,0,1
บางขุนเทียนชายทะเล - เลียบคลองพิทยาลงกรณ์,เลียบคลองพิทยาลงกรณ์,17:00-19:00,0,0,1
บางชัน,มณีพัฒนา,07:00-09:00,0,1,0
บางชัน,มณีพัฒนา,09:00-16:00,0,1,0
บางชัน,มณีพัฒนา,16:00-19:00,0,1,0
บางชัน,มีนพัฒนา,06:30-09:00,1,0,0
บางชัน,มีนพัฒนา,07:00-09:00,1,0,1
บางชัน,มีนพัฒนา,09:00-16:00,2,0,0
บางชัน,มีนพัฒนา,09:00-17:00,0,0,1
บางชัน,มีนพัฒนา,16:00-19:00,1,0,0
บางชัน,มีนพัฒนา,16:00-19:30,1,0,0
บางชัน,มีนพัฒนา,17:00-19:00,0,0,1
บางชัน,เสรีไทย,06:30-09:00,1,0,0
บางชัน,เสรีไทย,07:00-09:00,1,1,1
บางชัน,เสรีไทย,09:00-16:00,2,1,0
บางชัน,เสรีไทย,09:00-17:00,0,0,1
บางชัน,เสรีไทย,16:00-19:00,1,1,0
บางชัน,เสรีไทย,16:00-19:30,1,0,0
บางชัน,เสรีไทย,17:00-19:00,0,0,1
บางนา,บางนาตราด,07:00-09:00,1,0,2
บางนา,บางนาตราด,09:00-16:00,1,0,1
บางนา,บางนาตราด,09:00-17:00,0,0,1
บางนา,บางนาตราด,16:00-19:00,1,0,1
บางนา,บางนาตราด,17:00-19:00,0,0,1
บางนา,สรรพาวุธ,06:30-09:00,1,0,0
บางนา,สรรพาวุธ,07:00-09:00,0,0,2
บางนา,สรรพาวุธ,09:00-16:00,1,0,1
บางนา,สรรพาวุธ,09:00-17:00,0,0,1
บางนา,สรรพาวุธ,16:00-19:00,0,0,1
บางนา,สรรพาวุธ,16:00-19:30,1,0,0
บางนา,สรรพาวุธ,17:00-19:00,0,0,1
บางนา,สุขุมวิท,06:30-09:00,1,0,0
บางนา,สุขุมวิท,07:00-09:00,0,0,2
บางนา,สุขุมวิท,09:00-16:00,1,0,1
บางนา,สุขุมวิท,09:00-17:00,0,0,1
บางนา,สุขุมวิท,16:00-19:00,0,0,1
บางนา,สุขุมวิท,16:00-19:30,1,0,0
บางนา,สุขุมวิท,17:00-19:00,0,0,1
บางบอน,บางขุนเทยีนชายทะเล,07:00-09:00,0,1,0
บางบอน,บางขุนเทยีนชายทะเล,09:00-16:00,0,1,0
บางบอน,บางขุนเทยีนชายทะเล,16:00-19:00,0,1,0
บางบอน,บางขุนเทียน-ขายทะเล,07:00-09:00,0,0,1
บางบอน,บางขุนเทียน-ขายทะเล,09:00-17:00,0,0,1
บางบอน,บางขุนเทียน-ขายทะเล,17:00-19:00,0,0,1
บางบอน,บางขุนเทียนชายทะเล,07:00-09:00,0,0,1
บางบอน,บางขุนเทียนชายทะเล,09:00-16:00,0,0,1
บางบอน,บางขุนเทียนชายทะเล,16:00-19:00,0,0,1
บางบอน,บางบอน 1,07:00-09:00,0,0,2
บางบอน,บางบอน 1,09:00-16:00,0,0,1
บางบอน,บางบอน 1,09:00-17:00,0,0,1
บางบอน,บางบอน 1,16:00-19:00,0,0,1
บางบอน,บางบอน 1,17:00-19:00,0,0,1
บางบอน,เอกชัย,07:00-09:00,0,1,4
บางบอน,เอกชัย,09:00-16:00,0,1,2
บางบอน,เอกชัย,09:00-17:00,0,0,2
บางบอน,เอกชัย,16:00-19:00,0,1,2
บางบอน,เอกชัย,17:00-19:00,0,0,2
บางบอน 1 ซอย 15,บางบอน 1,07:00-09:00,0,0,1
บางบอน 1 ซอย 15,บางบอน 1,09:00-17:00,0,0,1
บางบอน 1 ซอย 15,บางบอน 1,17:00-19:00,0,0,1
บางบอน 1 ซอย 15,บางบอน 1 ซ.15,07:00-09:00,0,0,1
บางบอน 1 ซอย 15,บางบอน 1 ซ.15,09:00-17:00,0,0,1
บางบอน 1 ซอย 15,บางบอน 1 ซ.15,17:00-19:00,0,0,1
บางบอน 1 ซอย 20,บางบอน 1,07:00-09:00,0,0,1
บางบอน 1 ซอย 20,บางบอน 1,09:00-17:00,0,0,1
บางบอน 1 ซอย 20,บางบอน 1,17:00-19:00,0,0,1
บางบอน 1 ซอย 20,บางบอน 1 ซ.20,07:00-09:00,0,0,1
บางบอน 1 ซอย 20,บางบอน 1 ซ.20,09:00-17:00,0,0,1
บางบอน 1 ซอย 20,บางบอน 1 ซ.20,17:00-19:00,0,0,1
บางบอน 2,บางบอน 2,07:00-09:00,0,0,1
บางบอน 2,บางบอน 2,09:00-16:00,0,0,1
บางบอน 2,บางบอน 2,16:00-19:00,0,0,1
บางบอน 2,เอกชัย,07:00-09:00,0,0,1
บางบอน 2,เอกชัย,09:00-16:00,0,0,1
บางบอน 2,เอกชัย,16:00-19:00,0,0,1
บางบอน 3,บางบอน 3,07:00-09:00,0,1,1
บางบอน 3,บางบอน 3,09:00-16:00,0,1,1
บางบอน 3,บางบอน 3,16:00-19:00,0,1,1
บางบอน 3,บางบอน 3 (ต่อ),16:00-19:00,0,0,1
บางบอน 3,เอกชัย,07:00-09:00,0,1,1
บางบอน 3,เอกชัย,09:00-16:00,0,1,1
บางบอน 3,เอกชัย,16:00-19:00,0,1,1
บางบอน 3 ซอย 1,บางบอน 3,07:00-09:00,0,1,0
บางบอน 3 ซอย 1,บางบอน 3,09:00-16:00,0,1,0
บางบอน 3 ซอย 1,บางบอน 3,16:00-19:00,0,1,0
บางบอน 3 ซอย 5,บางบอน 3,07:00-09:00,0,0,2
บางบอน 3 ซอย 5,บางบอน 3,09:00-17:00,0,0,2
บางบอน 3 ซอย 5,บางบอน 3,17:00-19:00,0,0,2
บางบอน 3 ซอย 5,บางบอน 3 ซอย 10,07:00-09:00,0,0,2
บางบอน 3 ซอย 5,บางบอน 3 ซอย 10,09:00-17:00,0,0,2
บางบอน 3 ซอย 5,บางบอน 3 ซอย 10,17:00-19:00,0,0,2
บางบอน 3 ซอย 5,บางบอน 3 ซอย 5,07:00-09:00,0,0,2
บางบอน 3 ซอย 5,บางบอน 3 ซอย 5,09:00-17:00,0,0,2
บางบอน 3 ซอย 5,บางบอน 3 ซอย 5,17:00-19:00,0,0,2
บางบอน 4,บางบอน 4,07:00-09:00,0,0,1
บางบอน 4,บางบอน 4,09:00-16:00,0,0,1
บางบอน 4,บางบอน 4,16:00-19:00,0,0,1
บางบอน 4,เอกชัย,07:00-09:00,0,0,1
บางบอน 4,เอกชัย,09:00-16:00,0,0,1
บางบอน 4,เอกชัย,16:00-19:00,0,0,1
บางบอน 5,ซอยเอกชัย 131,07:00-09:00,1,0,0
บางบอน 5,ซอยเอกชัย 131,09:00-16:00,1,0,0
บางบอน 5,ซอยเอกชัย 131,16:00-19:00,1,0,0
บางบอน 5,ซอยเอกชัย 31,07:00-09:00,0,1,0
บางบอน 5,ซอยเอกชัย 31,09:00-16:00,0,1,0
บางบอน 5,ซอยเอกชัย 31,16:00-19:00,0,1,0
บางบอน 5,บางบอน 5,07:00-09:00,1,1,1
บางบอน 5,บางบอน 5,09:00-16:00,1,1,1
บางบอน 5,บางบอน 5,16:00-19:00,1,1,1
บางบอน 5,เอกชัย,07:00-09:00,1,1,1
บางบอน 5,เอกชัย,09:00-16:00,1,1,1
บางบอน 5,เอกชัย,16:00-19:00,1,1,1
บางบอน 5,เอกชัย 131,07:00-09:00,0,0,1
บางบอน 5,เอกชัย 131,09:00-16:00,0,0,1
บางบอน 5,เอกชัย 131,16:00-19:00,0,0,1
บางบอน 5 ซอย 5,บางบอน 5,07:00-09:00,0,0,1
บางบอน 5 ซอย 5,บางบอน 5,09:00-17:00,0,0,1
บางบอน 5 ซอย 5,บางบอน 5,17:00-19:00,0,0,1
บางบอน 5 ซอย 5,บางบอน 5 ซอย 5,07:00-09:00,0,0,1
บางบอน 5 ซอย 5,บางบอน 5 ซอย 5,09:00-17:00,0,0,1
บางบอน 5 ซอย 5,บางบอน 5 ซอย 5,17:00-19:00,0,0,1
บางพลัด,จรัญสนิทวงศ์,07:00-09:00,2,1,3
บางพลัด,จรัญสนิทวงศ์,09:00-16:00,2,1,0
บางพลัด,จรัญสนิทวงศ์,09:00-17:00,0,0,3
บางพลัด,จรัญสนิทวงศ์,16:00-19:00,2,1,0
บางพลัด,จรัญสนิทวงศ์,17:00-19:00,0,0,3
บางพลัด,ราชวิถี,07:00-09:00,2,1,3
บางพลัด,ราชวิถี,09:00-16:00,2,1,0
บางพลัด,ราชวิถี,09:00-17:00,0,0,3
บางพลัด,ราชวิถี,16:00-19:00,2,1,0
บางพลัด,ราชวิถี,17:00-19:00,0,0,3
บางพลัด,สิรินธร,07:00-09:00,2,1,3
บางพลัด,สิรินธร,09:00-16:00,2,1,0
บางพลัด,สิรินธร,09:00-17:00,0,0,3
บางพลัด,สิรินธร,16:00-19:00,2,1,0
บางพลัด,สิรินธร,17:00-19:00,0,0,3
บางยี่เรือ,อินทรพิทักษ์,07:00-09:00,2,1,3
บางยี่เรือ,อินทรพิทักษ์,09:00-16:00,2,1,1
บางยี่เรือ,อินทรพิทักษ์,09:00-17:00,0,0,2
บางยี่เรือ,อินทรพิทักษ์,16:00-19:00,2,1,1
บางยี่เรือ,อินทรพิทักษ์,17:00-19:00,0,0,2
บางยี่เรือ,เทอดไท,07:00-09:00,2,2,3
บางยี่เรือ,เทอดไท,09:00-16:00,2,2,1
บางยี่เรือ,เทอดไท,09:00-17:00,0,0,2
บางยี่เรือ,เทอดไท,16:00-19:00,2,2,1
บางยี่เรือ,เทอดไท,17:00-19:00,0,0,2
บางยี่เรือ,เพชรเกษม,07:00-09:00,2,1,3
บางยี่เรือ,เพชรเกษม,09:00-16:00,2,1,1
บางยี่เรือ,เพชรเกษม,09:00-17:00,0,0,2
บางยี่เรือ,เพชรเกษม,16:00-19:00,2,1,1
บางยี่เรือ,เพชรเกษม,17:00-19:00,0,0,2
บางรัก,ซอยเจริญกรุง 42,07:00-09:00,0,1,0
บางรัก,ซอยเจริญกรุง 42,09:00-16:00,0,1,0
บางรัก,ซอยเจริญกรุง 42,16:00-19:00,0,1,0
บางรัก,วัดสวนพลู,07:00-09:00,0,0,1
บางรัก,วัดสวนพลู,09:00-16:00,0,0,1
บางรัก,วัดสวนพลู,16:00-19:00,0,0,1
บางรัก,สีลม,07:00-09:00,1,2,3
บางรัก,สีลม,09:00-16:00,1,2,1
บางรัก,สีลม,09:00-17:00,0,0,2
บางรัก,สีลม,16:00-19:00,1,2,1
บางรัก,สีลม,17:00-19:00,0,0,2
บางรัก,เจริญกรุง,07:00-09:00,1,2,3
บางรัก,เจริญกรุง,09:00-16:00,1,2,1
บางรัก,เจริญกรุง,09:00-17:00,0,0,2
บางรัก,เจริญกรุง,16:00-19:00,1,2,1
บางรัก,เจริญกรุง,17:00-19:00,0,0,2
บางรัก,เจริญกรุง 42,07:00-09:00,0,0,2
บางรัก,เจริญกรุง 42,09:00-17:00,0,0,2
บางรัก,เจริญกรุง 42,17:00-19:00,0,0,2
บางลำพู,จักรพงษ์,07:00-09:00,0,0,1
บางลำพู,จักรพงษ์,09:00-17:00,0,0,1
บางลำพู,จักรพงษ์,17:00-19:00,0,0,1
บางลำพู,พระสุเมรุ,07:00-09:00,0,0,3
บางลำพู,พระสุเมรุ,09:00-16:00,0,0,1
บางลำพู,พระสุเมรุ,09:00-17:00,0,0,2
บางลำพู,พระสุเมรุ,16:00-19:00,0,0,1
บางลำพู,พระสุเมรุ,17:00-19:00,0,0,2
บางลำพู,พระเมรุ,07:00-09:00,1,1,0
บางลำพู,พระเมรุ,09:00-16:00,1,1,0
บางลำพู,พระเมรุ,16:00-19:00,1,1,0
บางลำพู,สามเสน,07:00-09:00,1,1,3
บางลำพู,สามเสน,09:00-16:00,1,1,1
บางลำพู,สามเสน,09:00-17:00,0,0,2
บางลำพู,สามเสน,16:00-19:00,1,1,1
บางลำพู,สามเสน,17:00-19:00,0,0,2
บางเขน,กำแพงเพชร 6,07:00-09:00,1,2,0
บางเขน,กำแพงเพชร 6,09:00-16:00,1,2,0
บางเขน,กำแพงเพชร 6,16:00-19:00,1,2,0
บางเขน,งามวงศ์วาน,07:00-09:00,1,2,0
บางเขน,งามวงศ์วาน,09:00-16:00,1,2,0
บางเขน,งามวงศ์วาน,16:00-19:00,1,2,0
บางเขน(2),กำแพงเพชร 6,07:00-09:00,0,0,2
บางเขน(2),กำแพงเพชร 6,09:00-17:00,0,0,2
บางเขน(2),กำแพงเพชร 6,17:00-19:00,0,0,2
บางเขน(2),งามวงศ์วาน,07:00-09:00,0,0,2
บางเขน(2),งามวงศ์วาน,09:00-17:00,0,0,2
บางเขน(2),งามวงศ์วาน,17:00-19:00,0,0,2
บางแค,บางแค,07:00-09:00,1,1,3
บางแค,บางแค,09:00-16:00,1,1,1
บางแค,บางแค,09:00-17:00,0,0,2
บางแค,บางแค,16:00-19:00,1,1,1
บางแค,บางแค,17:00-19:00,0,0,2
บางแค,เพชรเกษม,07:00-09:00,1,1,3
บางแค,เพชรเกษม,09:00-16:00,1,1,1
บางแค,เพชรเกษม,09:00-17:00,0,0,2
บางแค,เพชรเกษม,16:00-19:00,1,1,1
บางแค,เพชรเกษม,17:00-19:00,0,0,2
บางแค - กัลปพฤกษ์,กัลปพฤกษ์,07:00-09:00,0,0,1
บางแค - กัลปพฤกษ์,กัลปพฤกษ์,09:00-16:00,0,0,1
บางแค - กัลปพฤกษ์,กัลปพฤกษ์,16:00-19:00,0,0,1
บางแค - กัลปพฤกษ์,บางบอน 1,07:00-09:00,0,0,1
บางแค - กัลปพฤกษ์,บางบอน 1,09:00-16:00,0,0,1
บางแค - กัลปพฤกษ์,บางบอน 1,16:00-19:00,0,0,1
บางแค - กัลปพฤกษ์,บางแค,07:00-09:00,0,0,1
บางแค - กัลปพฤกษ์,บางแค,09:00-16:00,0,0,1
บางแค - กัลปพฤกษ์,บางแค,16:00-19:00,0,0,1
บางแวก - เพชรเกษม 48 (บางแวก 69),ซ.เพชรเกษม 48 (บางแวก 69),07:00-09:00,1,0,0
บางแวก - เพชรเกษม 48 (บางแวก 69),ซ.เพชรเกษม 48 (บางแวก 69),09:00-16:00,1,0,0
บางแวก - เพชรเกษม 48 (บางแวก 69),ซ.เพชรเกษม 48 (บางแวก 69),16:00-19:00,1,0,0
บางแวก - เพชรเกษม 48 (บางแวก 69),บางแวก,07:00-09:00,1,0,0
บางแวก - เพชรเกษม 48 (บางแวก 69),บางแวก,09:00-16:00,1,0,0
บางแวก - เพชรเกษม 48 (บางแวก 69),บางแวก,16:00-19:00,1,0,0
บางโพ,ประชาราษฎร์สาย 1,07:00-09:00,1,2,2
บางโพ,ประชาราษฎร์สาย 1,09:00-16:00,1,2,0
บางโพ,ประชาราษฎร์สาย 1,09:00-17:00,0,0,2
บางโพ,ประชาราษฎร์สาย 1,16:00-19:00,1,2,0
บางโพ,ประชาราษฎร์สาย 1,17:00-19:00,0,0,2
บางโพ,ประชาราษฎร์สาย 2,07:00-09:00,1,2,2
บางโพ,ประชาราษฎร์สาย 2,09:00-16:00,1,2,0
บางโพ,ประชาราษฎร์สาย 2,09:00-17:00,0,0,2
บางโพ,ประชาราษฎร์สาย 2,16:00-19:00,1,2,0
บางโพ,ประชาราษฎร์สาย 2,17:00-19:00,0,0,2
บาแล,ประชาร่วมใจ,07:00-09:00,0,0,1
บาแล,ประชาร่วมใจ,09:00-17:00,0,0,1
บาแล,ประชาร่วมใจ,17:00-19:00,0,0,1
บาแล,ราษฎร์ร่วมใจ,07:00-09:00,0,0,1
บาแล,ราษฎร์ร่วมใจ,09:00-17:00,0,0,1
บาแล,ราษฎร์ร่วมใจ,17:00-19:00,0,0,1
บำกซอยถนนรามคำแหง 24,รามคำแหง,07:00-09:00,1,0,0
บำกซอยถนนรามคำแหง 24,รามคำแหง,09:00-16:00,1,0,0
บำกซอยถนนรามคำแหง 24,รามคำแหง,16:00-19:00,1,0,0
บำรุงเมือง,บำรุงเมือง,07:00-09:00,0,1,0
บำรุงเมือง,บำรุงเมือง,09:00-16:00,0,1,0
บำรุงเมือง,บำรุงเมือง,16:00-19:00,0,1,0
บำรุงเมือง,ศิริพงษ์,07:00-09:00,0,1,0
บำรุงเมือง,ศิริพงษ์,09:00-16:00,0,1,0
บำรุงเมือง,ศิริพงษ์,16:00-19:00,0,1,0
บำรุงเมือง,อุณากรรณ,07:00-09:00,0,1,0
บำรุงเมือง,อุณากรรณ,09:00-16:00,0,1,0
บำรุงเมือง,อุณากรรณ,16:00-19:00,0,1,0
บำรุงเมือง - มหรรณพ 2,ซอยมหรรณพ 2,07:00-09:00,0,1,0
บำรุงเมือง - มหรรณพ 2,ซอยมหรรณพ 2,09:00-16:00,0,1,0
บำรุงเมือง - มหรรณพ 2,ซอยมหรรณพ 2,16:00-19:00,0,1,0
บำรุงเมือง - มหรรณพ 2,บำรุงเมือง,07:00-09:00,0,1,0
บำรุงเมือง - มหรรณพ 2,บำรุงเมือง,09:00-16:00,0,1,0
บำรุงเมือง - มหรรณพ 2,บำรุงเมือง,16:00-19:00,0,1,0
บิ๊กซีรัชดา,รัชดาภิเษก,07:00-09:00,0,1,0
บิ๊กซีรัชดา,รัชดาภิเษก,09:00-16:00,0,1,0
บิ๊กซีรัชดา,รัชดาภิเษก,16:00-19:00,0,1,0
บิ๊กซีเอ็กซ์ตร้าลาดพร้าว 7,ลาดพร้าว,07:00-09:00,0,1,0
บิ๊กซีเอ็กซ์ตร้าลาดพร้าว 7,ลาดพร้าว,09:00-16:00,0,1,0
บิ๊กซีเอ็กซ์ตร้าลาดพร้าว 7,ลาดพร้าว,16:00-19:00,0,1,0
บุคคโล,มไหสวรรย์,07:00-09:00,2,1,3
บุคคโล,มไหสวรรย์,09:00-16:00,2,1,0
บุคคโล,มไหสวรรย์,09:00-17:00,0,0,3
บุคคโล,มไหสวรรย์,16:00-19:00,2,1,0
บุคคโล,มไหสวรรย์,17:00-19:00,0,0,3
บุคคโล,เจริญนคร,07:00-09:00,2,1,3
บุคคโล,เจริญนคร,09:00-16:00,2,1,0
บุคคโล,เจริญนคร,09:00-17:00,0,0,3
บุคคโล,เจริญนคร,16:00-19:00,2,1,0
บุคคโล,เจริญนคร,17:00-19:00,0,0,3
บุรีภิรมย์ - เลียบวารี 2,บุรีภิรมย์,07:00-09:00,0,0,1
บุรีภิรมย์ - เลียบวารี 2,บุรีภิรมย์,09:00-16:00,0,0,1
บุรีภิรมย์ - เลียบวารี 2,บุรีภิรมย์,16:00-19:00,0,0,1
บุรีภิรมย์ - เลียบวารี 2,เลียบวารี 2,07:00-09:00,0,0,1
บุรีภิรมย์ - เลียบวารี 2,เลียบวารี 2,09:00-16:00,0,0,1
บุรีภิรมย์ - เลียบวารี 2,เลียบวารี 2,16:00-19:00,0,0,1
บ้านม้า,รามคำแหง,07:00-09:00,0,2,1
บ้านม้า,รามคำแหง,09:00-16:00,0,2,0
บ้านม้า,รามคำแหง,09:00-17:00,0,0,1
บ้านม้า,รามคำแหง,16:00-19:00,0,2,0
บ้านม้า,รามคำแหง,17:00-19:00,0,0,1
บ้านม้า,ศรีบูรพา,07:00-09:00,0,2,1
บ้านม้า,ศรีบูรพา,09:00-16:00,0,2,0
บ้านม้า,ศรีบูรพา,09:00-17:00,0,0,1
บ้านม้า,ศรีบูรพา,16:00-19:00,0,2,0
บ้านม้า,ศรีบูรพา,17:00-19:00,0,0,1
บ้านแขก,ประชาธิปก,06:30-09:00,1,0,0
บ้านแขก,ประชาธิปก,07:00-09:00,0,2,3
บ้านแขก,ประชาธิปก,09:00-16:00,1,2,1
บ้านแขก,ประชาธิปก,09:00-17:00,0,0,2
บ้านแขก,ประชาธิปก,16:00-19:00,0,2,1
บ้านแขก,ประชาธิปก,16:00-19:30,1,0,0
บ้านแขก,ประชาธิปก,17:00-19:00,0,0,2
บ้านแขก,อิสรภาพ,06:30-09:00,1,0,0
บ้านแขก,อิสรภาพ,07:00-09:00,0,2,3
บ้านแขก,อิสรภาพ,09:00-16:00,1,2,1
บ้านแขก,อิสรภาพ,09:00-17:00,0,0,2
บ้านแขก,อิสรภาพ,16:00-19:00,0,2,1
บ้านแขก,อิสรภาพ,16:00-19:30,1,0,0
บ้านแขก,อิสรภาพ,17:00-19:00,0,0,2
ปทุมวัน,พญาไท,07:00-09:00,2,1,3
ปทุมวัน,พญาไท,09:00-16:00,2,1,0
ปทุมวัน,พญาไท,09:00-17:00,0,0,3
ปทุมวัน,พญาไท,16:00-19:00,2,1,0
ปทุมวัน,พญาไท,17:00-19:00,0,0,3
ปทุมวัน,พระรามที่ 1,07:00-09:00,2,1,3
ปทุมวัน,พระรามที่ 1,09:00-16:00,1,1,0
ปทุมวัน,พระรามที่ 1,09:00-17:00,0,0,3
ปทุมวัน,พระรามที่ 1,16:00-19:00,1,1,0
ปทุมวัน,พระรามที่ 1,17:00-19:00,0,0,3
ปทุมวัน,พระรามที่ 2,09:00-16:00,1,0,0
ปทุมวัน,พระรามที่ 3,16:00-19:00,1,0,0
ปบากซอยสรงประภา 24,สรงประภา,07:00-09:00,1,0,0
ปบากซอยสรงประภา 24,สรงประภา,09:00-16:00,1,0,0
ปบากซอยสรงประภา 24,สรงประภา,16:00-19:00,1,0,0
ประชาชื่น,ประชาชื่น,07:00-09:00,1,2,1
ประชาชื่น,ประชาชื่น,09:00-16:00,1,2,0
ประชาชื่น,ประชาชื่น,09:00-17:00,0,0,1
ประชาชื่น,ประชาชื่น,16:00-19:00,1,2,0
ประชาชื่น,ประชาชื่น,17:00-19:00,0,0,1
ประชาชื่น,ประชาราษฎรส์าย 2,07:00-09:00,0,1,0
ประชาชื่น,ประชาราษฎรส์าย 2,09:00-16:00,0,1,0
ประชาชื่น,ประชาราษฎรส์าย 2,16:00-19:00,0,1,0
ประชาชื่น,ประชาราษฎร์สาย 2,07:00-09:00,1,1,1
ประชาชื่น,ประชาราษฎร์สาย 2,09:00-16:00,1,1,0
ประชาชื่น,ประชาราษฎร์สาย 2,09:00-17:00,0,0,1
ประชาชื่น,ประชาราษฎร์สาย 2,16:00-19:00,1,1,0
ประชาชื่น,ประชาราษฎร์สาย 2,17:00-19:00,0,0,1
ประชาชื่น,ริมคลองประปาฝั่งซ้าย,07:00-09:00,1,0,0
ประชาชื่น,ริมคลองประปาฝั่งซ้าย,09:00-16:00,1,0,0
ประชาชื่น,ริมคลองประปาฝั่งซ้าย,16:00-19:00,1,0,0
ประชาชื่น 31,ประชาชื่น,07:00-09:00,0,0,1
ประชาชื่น 31,ประชาชื่น,09:00-17:00,0,0,1
ประชาชื่น 31,ประชาชื่น,17:00-19:00,0,0,1
ประชาชื่น 31,ประชาชื่น 31,07:00-09:00,0,0,1
ประชาชื่น 31,ประชาชื่น 31,09:00-17:00,0,0,1
ประชาชื่น 31,ประชาชื่น 31,17:00-19:00,0,0,1
ประชาชื่น 32,ประชาชื่น,07:00-09:00,0,0,1
ประชาชื่น 32,ประชาชื่น,09:00-17:00,0,0,1
ประชาชื่น 32,ประชาชื่น,17:00-19:00,0,0,1
ประชาชื่น 32,ประชาชื่น 32,07:00-09:00,0,0,1
ประชาชื่น 32,ประชาชื่น 32,09:00-17:00,0,0,1
ประชาชื่น 32,ประชาชื่น 32,17:00-19:00,0,0,1
ประชาธรรม,ประชาอุทิศ,07:00-09:00,2,1,1
ประชาธรรม,ประชาอุทิศ,09:00-16:00,2,1,0
ประชาธรรม,ประชาอุทิศ,09:00-17:00,0,0,1
ประชาธรรม,ประชาอุทิศ,16:00-19:00,2,1,0
ประชาธรรม,ประชาอุทิศ,17:00-19:00,0,0,1
ประชาธรรม,ประดิษฐ์มนูธรรม,07:00-09:00,2,1,1
ประชาธรรม,ประดิษฐ์มนูธรรม,09:00-16:00,2,1,0
ประชาธรรม,ประดิษฐ์มนูธรรม,09:00-17:00,0,0,1
ประชาธรรม,ประดิษฐ์มนูธรรม,16:00-19:00,2,1,0
ประชาธรรม,ประดิษฐ์มนูธรรม,17:00-19:00,0,0,1
ประชานิเวศน์,ประชาชื่น,07:00-09:00,3,1,1
ประชานิเวศน์,ประชาชื่น,09:00-16:00,3,1,0
ประชานิเวศน์,ประชาชื่น,09:00-17:00,0,0,1
ประชานิเวศน์,ประชาชื่น,16:00-19:00,3,1,0
ประชานิเวศน์,ประชาชื่น,17:00-19:00,0,0,1
ประชานิเวศน์,เทศบาลสงเคราะห์,07:00-09:00,3,1,1
ประชานิเวศน์,เทศบาลสงเคราะห์,09:00-16:00,3,1,0
ประชานิเวศน์,เทศบาลสงเคราะห์,09:00-17:00,0,0,1
ประชานิเวศน์,เทศบาลสงเคราะห์,16:00-19:00,3,1,0
ประชานิเวศน์,เทศบาลสงเคราะห์,17:00-19:00,0,0,1
ประชานุกล,ประชาชื่น,07:00-09:00,1,0,0
ประชานุกล,ประชาชื่น,09:00-16:00,1,0,0
ประชานุกล,ประชาชื่น,16:00-19:00,1,0,0
ประชานุกล,รัชดาภิเษก,07:00-09:00,1,0,0
ประชานุกล,รัชดาภิเษก,09:00-16:00,1,0,0
ประชานุกล,รัชดาภิเษก,16:00-19:00,1,0,0
ประชานุกูล,ประชาชื่น,07:00-09:00,0,2,1
ประชานุกูล,ประชาชื่น,09:00-16:00,0,2,0
ประชานุกูล,ประชาชื่น,09:00-17:00,0,0,1
ประชานุกูล,ประชาชื่น,16:00-19:00,0,2,0
ประชานุกูล,ประชาชื่น,17:00-19:00,0,0,1
ประชานุกูล,รัชดาภิเษก,07:00-09:00,0,1,1
ประชานุกูล,รัชดาภิเษก,09:00-16:00,0,1,0
ประชานุกูล,รัชดาภิเษก,09:00-17:00,0,0,1
ประชานุกูล,รัชดาภิเษก,16:00-19:00,0,1,0
ประชานุกูล,รัชดาภิเษก,17:00-19:00,0,0,1
ประชานุกูล,รัชดาภเิษก,07:00-09:00,0,1,0
ประชานุกูล,รัชดาภเิษก,09:00-16:00,0,1,0
ประชานุกูล,รัชดาภเิษก,16:00-19:00,0,1,0
ประชาราษฎร์,ประชาราษฎร์สาย 1,07:00-09:00,1,0,2
ประชาราษฎร์,ประชาราษฎร์สาย 1,09:00-16:00,1,0,0
ประชาราษฎร์,ประชาราษฎร์สาย 1,09:00-17:00,0,0,2
ประชาราษฎร์,ประชาราษฎร์สาย 1,16:00-19:00,1,0,0
ประชาราษฎร์,ประชาราษฎร์สาย 1,17:00-19:00,0,0,2
ประชาราษฎร์,วงศ์สวาง,07:00-09:00,1,0,0
ประชาราษฎร์,วงศ์สวาง,09:00-16:00,1,0,0
ประชาราษฎร์,วงศ์สวาง,16:00-19:00,1,0,0
ประชาราษฎร์,วงศ์สว่าง,07:00-09:00,0,0,2
ประชาราษฎร์,วงศ์สว่าง,09:00-17:00,0,0,2
ประชาราษฎร์,วงศ์สว่าง,17:00-19:00,0,0,2
ประชาราษฎร์บำเพ็ญ,ประชาราษฎร์บำเพ็ญ,07:00-09:00,1,0,0
ประชาราษฎร์บำเพ็ญ,ประชาราษฎร์บำเพ็ญ,09:00-16:00,1,0,0
ประชาราษฎร์บำเพ็ญ,ประชาราษฎร์บำเพ็ญ,16:00-19:00,1,0,0
ประชาราษฎร์บำเพ็ญ,ประชาอุทิศ,07:00-09:00,1,0,0
ประชาราษฎร์บำเพ็ญ,ประชาอุทิศ,09:00-16:00,1,0,0
ประชาราษฎร์บำเพ็ญ,ประชาอุทิศ,16:00-19:00,1,0,0
ประชาราษฎร์บำเพ็ญ - ประชาอุทิศ,ประชาราษฎร์บำเพ็ญ (EB),07:00-09:00,0,0,1
ประชาราษฎร์บำเพ็ญ - ประชาอุทิศ,ประชาราษฎร์บำเพ็ญ (EB),09:00-17:00,0,0,1
ประชาราษฎร์บำเพ็ญ - ประชาอุทิศ,ประชาราษฎร์บำเพ็ญ (EB),17:00-19:00,0,0,1
ประชาราษฎร์บำเพ็ญ - ประชาอุทิศ,ประชาราษฎร์บำเพ็ญ (SB),07:00-09:00,0,0,1
ประชาราษฎร์บำเพ็ญ - ประชาอุทิศ,ประชาราษฎร์บำเพ็ญ (SB),09:00-17:00,0,0,1
ประชาราษฎร์บำเพ็ญ - ประชาอุทิศ,ประชาราษฎร์บำเพ็ญ (SB),17:00-19:00,0,0,1
ประชาราษฎร์บำเพ็ญ - ประชาอุทิศ,ประชาอุทิศ,07:00-09:00,0,0,1
ประชาราษฎร์บำเพ็ญ - ประชาอุทิศ,ประชาอุทิศ,09:00-17:00,0,0,1
ประชาราษฎร์บำเพ็ญ - ประชาอุทิศ,ประชาอุทิศ,17:00-19:00,0,0,1
ประชาราษฎร์สาย 1,ประชาราษฎร์สาย 1,07:00-09:00,1,1,0
ประชาราษฎร์สาย 1,ประชาราษฎร์สาย 1,09:00-16:00,1,1,0
ประชาราษฎร์สาย 1,ประชาราษฎร์สาย 1,16:00-19:00,1,1,0
ประชาราษฎร์สาย 1,วงศ์สว่าง,07:00-09:00,1,1,0
ประชาราษฎร์สาย 1,วงศ์สว่าง,09:00-16:00,1,1,0
ประชาราษฎร์สาย 1,วงศ์สว่าง,16:00-19:00,1,1,0
ประชาร่วมใจ - ซอยเบนชะโด,ประชาร่วมใจ,07:00-09:00,0,1,0
ประชาร่วมใจ - ซอยเบนชะโด,ประชาร่วมใจ,09:00-16:00,0,1,0
ประชาร่วมใจ - ซอยเบนชะโด,ประชาร่วมใจ,16:00-19:00,0,1,0
ประชาร่วมใจ - ราษฎร์ร่วมใจ,ประชาร่วมใจ,07:00-09:00,0,0,1
ประชาร่วมใจ - ราษฎร์ร่วมใจ,ประชาร่วมใจ,09:00-17:00,0,0,1
ประชาร่วมใจ - ราษฎร์ร่วมใจ,ประชาร่วมใจ,17:00-19:00,0,0,1
ประชาร่วมใจ - ราษฎร์ร่วมใจ,ราษฎร์ร่วมใจ,07:00-09:00,0,0,1
ประชาร่วมใจ - ราษฎร์ร่วมใจ,ราษฎร์ร่วมใจ,09:00-17:00,0,0,1
ประชาร่วมใจ - ราษฎร์ร่วมใจ,ราษฎร์ร่วมใจ,17:00-19:00,0,0,1
ประชาร่วมใจ 31,ประชาร่วมใจ,07:00-09:00,0,0,1
ประชาร่วมใจ 31,ประชาร่วมใจ,09:00-17:00,0,0,1
ประชาร่วมใจ 31,ประชาร่วมใจ,17:00-19:00,0,0,1
ประชาร่วมใจ 31,ประชาร่วมใจ 31,07:00-09:00,0,0,1
ประชาร่วมใจ 31,ประชาร่วมใจ 31,09:00-17:00,0,0,1
ประชาร่วมใจ 31,ประชาร่วมใจ 31,17:00-19:00,0,0,1
ประชาสงเคราะห์,ดินแดง,07:00-09:00,2,1,2
ประชาสงเคราะห์,ดินแดง,09:00-16:00,2,1,0
ประชาสงเคราะห์,ดินแดง,09:00-17:00,0,0,2
ประชาสงเคราะห์,ดินแดง,16:00-19:00,2,1,0
ประชาสงเคราะห์,ดินแดง,17:00-19:00,0,0,2
ประชาสงเคราะห์,ประชาสงเคราะห์,07:00-09:00,2,1,2
ประชาสงเคราะห์,ประชาสงเคราะห์,09:00-16:00,2,1,0
ประชาสงเคราะห์,ประชาสงเคราะห์,09:00-17:00,0,0,2
ประชาสงเคราะห์,ประชาสงเคราะห์,16:00-19:00,2,1,0
ประชาสงเคราะห์,ประชาสงเคราะห์,17:00-19:00,0,0,2
ประชาสงเคราะห์,อโศกดินแดง,07:00-09:00,2,0,2
ประชาสงเคราะห์,อโศกดินแดง,09:00-16:00,2,0,0
ประชาสงเคราะห์,อโศกดินแดง,09:00-17:00,0,0,2
ประชาสงเคราะห์,อโศกดินแดง,16:00-19:00,2,0,0
ประชาสงเคราะห์,อโศกดินแดง,17:00-19:00,0,0,2
ประชาสงเคราะห์ - มิตรไมตรี,ประชาสงเคราะห์,06:30-09:00,1,0,0
ประชาสงเคราะห์ - มิตรไมตรี,ประชาสงเคราะห์,07:00-09:00,1,2,0
ประชาสงเคราะห์ - มิตรไมตรี,ประชาสงเคราะห์,09:00-16:00,2,2,0
ประชาสงเคราะห์ - มิตรไมตรี,ประชาสงเคราะห์,16:00-19:00,1,2,0
ประชาสงเคราะห์ - มิตรไมตรี,ประชาสงเคราะห์,16:00-19:30,1,0,0
ประชาสงเคราะห์ - มิตรไมตรี,มิตรไมตรี,06:30-09:00,1,0,0
ประชาสงเคราะห์ - มิตรไมตรี,มิตรไมตรี,07:00-09:00,1,2,0
ประชาสงเคราะห์ - มิตรไมตรี,มิตรไมตรี,09:00-16:00,2,2,0
ประชาสงเคราะห์ - มิตรไมตรี,มิตรไมตรี,16:00-19:00,1,2,0
ประชาสงเคราะห์ - มิตรไมตรี,มิตรไมตรี,16:00-19:30,1,0,0
ประชาสงเคราะห์- มิตรไมตรี,ประชาสงเคราะห์,06:30-09:00,0,1,0
ประชาสงเคราะห์- มิตรไมตรี,ประชาสงเคราะห์,09:00-16:00,0,1,0
ประชาสงเคราะห์- มิตรไมตรี,ประชาสงเคราะห์,16:00-19:30,0,1,0
ประชาสงเคราะห์- มิตรไมตรี,มิตรไมตรี,06:30-09:00,0,1,0
ประชาสงเคราะห์- มิตรไมตรี,มิตรไมตรี,09:00-16:00,0,1,0
ประชาสงเคราะห์- มิตรไมตรี,มิตรไมตรี,16:00-19:30,0,1,0
ประชาอุทิศ,ประชาอุทิศ,07:00-09:00,3,2,4
ประชาอุทิศ,ประชาอุทิศ,09:00-16:00,3,2,2
ประชาอุทิศ,ประชาอุทิศ,09:00-17:00,0,0,2
ประชาอุทิศ,ประชาอุทิศ,16:00-19:00,3,2,2
ประชาอุทิศ,ประชาอุทิศ,17:00-19:00,0,0,2
ประชาอุทิศ,ประชาอุทิศ 19,07:00-09:00,0,0,1
ประชาอุทิศ,ประชาอุทิศ 19,09:00-17:00,0,0,1
ประชาอุทิศ,ประชาอุทิศ 19,17:00-19:00,0,0,1
ประชาอุทิศ,สุขสวัสดิ,07:00-09:00,1,0,0
ประชาอุทิศ,สุขสวัสดิ,09:00-16:00,1,0,0
ประชาอุทิศ,สุขสวัสดิ,16:00-19:00,1,0,0
ประชาอุทิศ,สุขสวัสดิ์,07:00-09:00,1,1,2
ประชาอุทิศ,สุขสวัสดิ์,09:00-16:00,1,1,1
ประชาอุทิศ,สุขสวัสดิ์,09:00-17:00,0,0,1
ประชาอุทิศ,สุขสวัสดิ์,16:00-19:00,1,1,1
ประชาอุทิศ,สุขสวัสดิ์,17:00-19:00,0,0,1
ประชาอุทิศ,เทียมร่วมมิตร,07:00-09:00,1,1,2
ประชาอุทิศ,เทียมร่วมมิตร,09:00-16:00,1,1,1
ประชาอุทิศ,เทียมร่วมมิตร,09:00-17:00,0,0,1
ประชาอุทิศ,เทียมร่วมมิตร,16:00-19:00,1,1,1
ประชาอุทิศ,เทียมร่วมมิตร,17:00-19:00,0,0,1
ประชาอุทิศ - ประชาอุทิศ 99,ประชาอุทิศ,07:00-09:00,0,0,1
ประชาอุทิศ - ประชาอุทิศ 99,ประชาอุทิศ,09:00-16:00,0,0,1
ประชาอุทิศ - ประชาอุทิศ 99,ประชาอุทิศ,16:00-19:00,0,0,1
ประชาอุทิศ - ประชาอุทิศ 99,ประชาอุทิศ 99,07:00-09:00,0,0,1
ประชาอุทิศ - ประชาอุทิศ 99,ประชาอุทิศ 99,09:00-16:00,0,0,1
ประชาอุทิศ - ประชาอุทิศ 99,ประชาอุทิศ 99,16:00-19:00,0,0,1
ประชาอุทิศ - เทียมร่วมมิตร,ประชาอุทิศ,07:00-09:00,0,0,1
ประชาอุทิศ - เทียมร่วมมิตร,ประชาอุทิศ,09:00-17:00,0,0,1
ประชาอุทิศ - เทียมร่วมมิตร,ประชาอุทิศ,17:00-19:00,0,0,1
ประชาอุทิศ - เทียมร่วมมิตร,เทียมร่วมมิตร,07:00-09:00,0,0,1
ประชาอุทิศ - เทียมร่วมมิตร,เทียมร่วมมิตร,09:00-17:00,0,0,1
ประชาอุทิศ - เทียมร่วมมิตร,เทียมร่วมมิตร,17:00-19:00,0,0,1
ประชาอุทิศ - เลียบด่วน กาญจนาภิเษก,ประชาอุทิศ,07:00-09:00,0,1,0
ประชาอุทิศ - เลียบด่วน กาญจนาภิเษก,ประชาอุทิศ,09:00-16:00,0,1,0
ประชาอุทิศ - เลียบด่วน กาญจนาภิเษก,ประชาอุทิศ,16:00-19:00,0,1,0
ประชาอุทิศ - เลียบด่วน กาญจนาภิเษก,ประชาอุทิศ 99,07:00-09:00,0,1,0
ประชาอุทิศ - เลียบด่วน กาญจนาภิเษก,ประชาอุทิศ 99,09:00-16:00,0,1,0
ประชาอุทิศ - เลียบด่วน กาญจนาภิเษก,ประชาอุทิศ 99,16:00-19:00,0,1,0
ประชาอุทิศ - เลียบด่วน กาญจนาภิเษก,เลียบด่วนกาญจนาภิเษก,07:00-09:00,0,1,0
ประชาอุทิศ - เลียบด่วน กาญจนาภิเษก,เลียบด่วนกาญจนาภิเษก,09:00-16:00,0,1,0
ประชาอุทิศ - เลียบด่วน กาญจนาภิเษก,เลียบด่วนกาญจนาภิเษก,16:00-19:00,0,1,0
ประชาอุทิศ - เลียบด่วนกาญจนาภิเษก,ซอยประชาอุทิศ 99,07:00-09:00,1,0,0
ประชาอุทิศ - เลียบด่วนกาญจนาภิเษก,ซอยประชาอุทิศ 99,09:00-16:00,1,0,0
ประชาอุทิศ - เลียบด่วนกาญจนาภิเษก,ซอยประชาอุทิศ 99,16:00-19:00,1,0,0
ประชาอุทิศ - เลียบด่วนกาญจนาภิเษก,ประชาอุทิศ,07:00-09:00,1,0,0
ประชาอุทิศ - เลียบด่วนกาญจนาภิเษก,ประชาอุทิศ,09:00-16:00,1,0,1
ประชาอุทิศ - เลียบด่วนกาญจนาภิเษก,ประชาอุทิศ,16:00-19:00,1,0,1
ประชาอุทิศ - เลียบด่วนกาญจนาภิเษก,เลียบด่วนกาญจนาภิเษก,07:00-09:00,1,0,1
ประชาอุทิศ - เลียบด่วนกาญจนาภิเษก,เลียบด่วนกาญจนาภิเษก,09:00-16:00,1,0,1
ประชาอุทิศ - เลียบด่วนกาญจนาภิเษก,เลียบด่วนกาญจนาภิเษก,16:00-19:00,1,0,1
ประชาอุทิศ 14 - ประชาอุทิศ 13,ประชาอุทิศ,07:00-09:00,0,0,1
ประชาอุทิศ 14 - ประชาอุทิศ 13,ประชาอุทิศ,09:00-17:00,0,0,1
ประชาอุทิศ 14 - ประชาอุทิศ 13,ประชาอุทิศ,17:00-19:00,0,0,1
ประชาอุทิศ 14 - ประชาอุทิศ 13,ประชาอุทิศ 13,07:00-09:00,0,0,1
ประชาอุทิศ 14 - ประชาอุทิศ 13,ประชาอุทิศ 13,09:00-17:00,0,0,1
ประชาอุทิศ 14 - ประชาอุทิศ 13,ประชาอุทิศ 13,17:00-19:00,0,0,1
ประชาอุทิศ 14 - ประชาอุทิศ 13,ประชาอุทิศ 14,07:00-09:00,0,0,1
ประชาอุทิศ 14 - ประชาอุทิศ 13,ประชาอุทิศ 14,09:00-17:00,0,0,1
ประชาอุทิศ 14 - ประชาอุทิศ 13,ประชาอุทิศ 14,17:00-19:00,0,0,1
ประชาอุทิศ 33,ประชาอุทิศ,07:00-09:00,0,0,1
ประชาอุทิศ 33,ประชาอุทิศ,09:00-17:00,0,0,1
ประชาอุทิศ 33,ประชาอุทิศ,17:00-19:00,0,0,1
ประชาอุทิศ 33,ประชาอุทิศ 33,07:00-09:00,0,0,1
ประชาอุทิศ 33,ประชาอุทิศ 33,09:00-17:00,0,0,1
ประชาอุทิศ 33,ประชาอุทิศ 33,17:00-19:00,0,0,1
ประชาอุทิศ 54,ประชาอุทิศ,07:00-09:00,0,0,1
ประชาอุทิศ 54,ประชาอุทิศ,09:00-17:00,0,0,1
ประชาอุทิศ 54,ประชาอุทิศ,17:00-19:00,0,0,1
ประชาอุทิศ 54,ประชาอุทิศ 54,07:00-09:00,0,0,1
ประชาอุทิศ 54,ประชาอุทิศ 54,09:00-17:00,0,0,1
ประชาอุทิศ 54,ประชาอุทิศ 54,17:00-19:00,0,0,1
ประชาอุทิศ 68,ประชาอุทิศ,07:00-09:00,0,0,1
ประชาอุทิศ 68,ประชาอุทิศ,09:00-17:00,0,0,1
ประชาอุทิศ 68,ประชาอุทิศ,17:00-19:00,0,0,1
ประชาอุทิศ 69,ประชาอุทิศ,07:00-09:00,0,0,1
ประชาอุทิศ 69,ประชาอุทิศ,09:00-17:00,0,0,1
ประชาอุทิศ 69,ประชาอุทิศ,17:00-19:00,0,0,1
ประชาอุทิศ 69,ประชาอุทิศ 69,07:00-09:00,0,0,1
ประชาอุทิศ 69,ประชาอุทิศ 69,09:00-17:00,0,0,1
ประชาอุทิศ 69,ประชาอุทิศ 69,17:00-19:00,0,0,1
ประชาอุทิศ 76 - ประชาอุทิศ 91/3,ประชาอุทิศ,07:00-09:00,0,0,1
ประชาอุทิศ 76 - ประชาอุทิศ 91/3,ประชาอุทิศ,09:00-17:00,0,0,1
ประชาอุทิศ 76 - ประชาอุทิศ 91/3,ประชาอุทิศ,17:00-19:00,0,0,1
ประชาอุทิศ 76 - ประชาอุทิศ 91/3,ประชาอุทิศ 76,07:00-09:00,0,0,1
ประชาอุทิศ 76 - ประชาอุทิศ 91/3,ประชาอุทิศ 76,09:00-17:00,0,0,1
ประชาอุทิศ 76 - ประชาอุทิศ 91/3,ประชาอุทิศ 76,17:00-19:00,0,0,1
ประชาอุทิศ 76 - ประชาอุทิศ 91/3,ประชาอุทิศ 91/3,07:00-09:00,0,0,1
ประชาอุทิศ 76 - ประชาอุทิศ 91/3,ประชาอุทิศ 91/3,09:00-17:00,0,0,1
ประชาอุทิศ 76 - ประชาอุทิศ 91/3,ประชาอุทิศ 91/3,17:00-19:00,0,0,1
ประชาอุทิศ 83,ประชาอุทิศ,07:00-09:00,0,0,1
ประชาอุทิศ 83,ประชาอุทิศ,09:00-17:00,0,0,1
ประชาอุทิศ 83,ประชาอุทิศ,17:00-19:00,0,0,1
ประชาอุทิศ 90,ประชาอุทิศ,07:00-09:00,0,0,1
ประชาอุทิศ 90,ประชาอุทิศ,09:00-17:00,0,0,1
ประชาอุทิศ 90,ประชาอุทิศ,17:00-19:00,0,0,1
ประชาอุทิศ 90,ประชาอุทิศ 90,07:00-09:00,0,0,1
ประชาอุทิศ 90,ประชาอุทิศ 90,09:00-17:00,0,0,1
ประชาอุทิศ 90,ประชาอุทิศ 90,17:00-19:00,0,0,1
ประชาเกษม,กรุงเกษม,07:00-09:00,1,1,2
ประชาเกษม,กรุงเกษม,09:00-16:00,1,1,0
ประชาเกษม,กรุงเกษม,09:00-17:00,0,0,2
ประชาเกษม,กรุงเกษม,16:00-19:00,1,1,0
ประชาเกษม,กรุงเกษม,17:00-19:00,0,0,2
ประชาเกษม,นครราชสีมา,07:00-09:00,1,1,2
ประชาเกษม,นครราชสีมา,09:00-16:00,1,1,0
ประชาเกษม,นครราชสีมา,09:00-17:00,0,0,2
ประชาเกษม,นครราชสีมา,16:00-19:00,1,1,0
ประชาเกษม,นครราชสีมา,17:00-19:00,0,0,2
ประชาเกษม,ประชาธิปไตย,07:00-09:00,1,1,2
ประชาเกษม,ประชาธิปไตย,09:00-16:00,1,1,0
ประชาเกษม,ประชาธิปไตย,09:00-17:00,0,0,2
ประชาเกษม,ประชาธิปไตย,16:00-19:00,1,1,0
ประชาเกษม,ประชาธิปไตย,17:00-19:00,0,0,2
ประดิพัทธ์,ประดิพัทธ์,06:30-09:00,1,0,0
ประดิพัทธ์,ประดิพัทธ์,07:00-09:00,0,4,2
ประดิพัทธ์,ประดิพัทธ์,09:00-16:00,1,4,0
ประดิพัทธ์,ประดิพัทธ์,09:00-17:00,0,0,2
ประดิพัทธ์,ประดิพัทธ์,16:00-19:00,0,4,0
ประดิพัทธ์,ประดิพัทธ์,16:00-19:30,1,0,0
ประดิพัทธ์,ประดิพัทธ์,17:00-19:00,0,0,2
ประดิพัทธ์,พระรามที่ 6,07:00-09:00,1,2,2
ประดิพัทธ์,พระรามที่ 6,09:00-16:00,1,2,0
ประดิพัทธ์,พระรามที่ 6,09:00-17:00,0,0,2
ประดิพัทธ์,พระรามที่ 6,16:00-19:00,1,2,0
ประดิพัทธ์,พระรามที่ 6,17:00-19:00,0,0,2
ประดิพัทธ์,พระรามที่6,07:00-09:00,0,1,0
ประดิพัทธ์,พระรามที่6,09:00-16:00,0,1,0
ประดิพัทธ์,พระรามที่6,16:00-19:00,0,1,0
ประดิษฐ์มนูธรรม,ประดิษฐ์มนูธรรม,07:00-09:00,1,0,0
ประดิษฐ์มนูธรรม,ประดิษฐ์มนูธรรม,09:00-16:00,1,0,0
ประดิษฐ์มนูธรรม,ประดิษฐ์มนูธรรม,16:00-19:00,1,0,0
ประดิษฐ์มนูธรรม,สังคมสงเคราะห์,07:00-09:00,1,0,0
ประดิษฐ์มนูธรรม,สังคมสงเคราะห์,09:00-16:00,1,0,0
ประดิษฐ์มนูธรรม,สังคมสงเคราะห์,16:00-19:00,1,0,0
ประตู 1 ตลาดนัดจตุจักร,กำแพงเพชร 2,07:00-09:00,0,0,1
ประตู 1 ตลาดนัดจตุจักร,กำแพงเพชร 2,09:00-17:00,0,0,1
ประตู 1 ตลาดนัดจตุจักร,กำแพงเพชร 2,17:00-19:00,0,0,1
ประตูนา,ราชดำริ,06:30-09:00,1,0,0
ประตูนา,ราชดำริ,09:00-16:00,1,0,0
ประตูนา,ราชดำริ,16:00-19:30,1,0,0
ประตูนา,ราชปรารภ,06:30-09:00,1,0,0
ประตูนา,ราชปรารภ,09:00-16:00,1,0,0
ประตูนา,ราชปรารภ,16:00-19:30,1,0,0
ประตูนา,เพชรบุรี,07:00-09:00,1,0,0
ประตูนา,เพชรบุรี,09:00-16:00,1,0,0
ประตูนา,เพชรบุรี,16:00-19:00,1,0,0
ประตูน้ำ,ราชดำริ,07:00-09:00,1,1,4
ประตูน้ำ,ราชดำริ,09:00-16:00,1,1,1
ประตูน้ำ,ราชดำริ,09:00-17:00,0,0,3
ประตูน้ำ,ราชดำริ,16:00-19:00,1,1,1
ประตูน้ำ,ราชดำริ,17:00-19:00,0,0,3
ประตูน้ำ,ราชปรารภ,07:00-09:00,1,1,4
ประตูน้ำ,ราชปรารภ,09:00-16:00,1,1,1
ประตูน้ำ,ราชปรารภ,09:00-17:00,0,0,3
ประตูน้ำ,ราชปรารภ,16:00-19:00,1,1,1
ประตูน้ำ,ราชปรารภ,17:00-19:00,0,0,3
ประตูน้ำ,เพชรบุรี,07:00-09:00,1,1,4
ประตูน้ำ,เพชรบุรี,09:00-16:00,1,1,1
ประตูน้ำ,เพชรบุรี,09:00-17:00,0,0,3
ประตูน้ำ,เพชรบุรี,16:00-19:00,1,1,1
ประตูน้ำ,เพชรบุรี,17:00-19:00,0,0,3
ประตูผี,มหาไชย,07:00-09:00,0,0,1
ประตูผี,มหาไชย,09:00-16:00,0,0,1
ประตูผี,มหาไชย,16:00-19:00,0,0,1
ประเวศ,อ่อนนุช,07:00-09:00,1,0,3
ประเวศ,อ่อนนุช,09:00-16:00,1,0,1
ประเวศ,อ่อนนุช,09:00-17:00,0,0,2
ประเวศ,อ่อนนุช,16:00-19:00,1,0,1
ประเวศ,อ่อนนุช,17:00-19:00,0,0,2
ประเวศ,เฉลิมพระเกียรติ,07:00-09:00,1,0,0
ประเวศ,เฉลิมพระเกียรติ,09:00-16:00,1,0,0
ประเวศ,เฉลิมพระเกียรติ,16:00-19:00,1,0,0
ประเวศ,เฉลิมพระเกียรติ ร.9,07:00-09:00,0,0,3
ประเวศ,เฉลิมพระเกียรติ ร.9,09:00-16:00,0,0,1
ประเวศ,เฉลิมพระเกียรติ ร.9,09:00-17:00,0,0,2
ประเวศ,เฉลิมพระเกียรติ ร.9,16:00-19:00,0,0,1
ประเวศ,เฉลิมพระเกียรติ ร.9,17:00-19:00,0,0,2
ประเสริฐมนูกิจ - ประดิษฐ์มนูธรรม,ประดิษฐ์มนูธรรม,07:00-09:00,2,1,2
ประเสริฐมนูกิจ - ประดิษฐ์มนูธรรม,ประดิษฐ์มนูธรรม,09:00-16:00,2,1,0
ประเสริฐมนูกิจ - ประดิษฐ์มนูธรรม,ประดิษฐ์มนูธรรม,09:00-17:00,0,0,2
ประเสริฐมนูกิจ - ประดิษฐ์มนูธรรม,ประดิษฐ์มนูธรรม,16:00-19:00,2,1,0
ประเสริฐมนูกิจ - ประดิษฐ์มนูธรรม,ประดิษฐ์มนูธรรม,17:00-19:00,0,0,2
ประเสริฐมนูกิจ - ประดิษฐ์มนูธรรม,ประเสริฐมนูกิจ,07:00-09:00,2,1,2
ประเสริฐมนูกิจ - ประดิษฐ์มนูธรรม,ประเสริฐมนูกิจ,09:00-16:00,2,1,0
ประเสริฐมนูกิจ - ประดิษฐ์มนูธรรม,ประเสริฐมนูกิจ,09:00-17:00,0,0,2
ประเสริฐมนูกิจ - ประดิษฐ์มนูธรรม,ประเสริฐมนูกิจ,16:00-19:00,2,1,0
ประเสริฐมนูกิจ - ประดิษฐ์มนูธรรม,ประเสริฐมนูกิจ,17:00-19:00,0,0,2
ประเสริฐมนูกิจ - ลาดปลาเค้า,ประเสริฐมนูกิจ,07:00-09:00,1,1,1
ประเสริฐมนูกิจ - ลาดปลาเค้า,ประเสริฐมนูกิจ,09:00-16:00,1,1,0
ประเสริฐมนูกิจ - ลาดปลาเค้า,ประเสริฐมนูกิจ,09:00-17:00,0,0,1
ประเสริฐมนูกิจ - ลาดปลาเค้า,ประเสริฐมนูกิจ,16:00-19:00,1,1,0
ประเสริฐมนูกิจ - ลาดปลาเค้า,ประเสริฐมนูกิจ,17:00-19:00,0,0,1
ประเสริฐมนูกิจ - ลาดปลาเค้า,ลาดปลาเค้า,07:00-09:00,1,1,1
ประเสริฐมนูกิจ - ลาดปลาเค้า,ลาดปลาเค้า,09:00-16:00,1,1,0
ประเสริฐมนูกิจ - ลาดปลาเค้า,ลาดปลาเค้า,09:00-17:00,0,0,1
ประเสริฐมนูกิจ - ลาดปลาเค้า,ลาดปลาเค้า,16:00-19:00,1,1,0
ประเสริฐมนูกิจ - ลาดปลาเค้า,ลาดปลาเค้า,17:00-19:00,0,0,1
ประเสริฐมนูกิจ - สุคนธสวัสดิ์,ประเสริฐมนูกิจ,07:00-09:00,0,1,1
ประเสริฐมนูกิจ - สุคนธสวัสดิ์,ประเสริฐมนูกิจ,09:00-16:00,0,1,0
ประเสริฐมนูกิจ - สุคนธสวัสดิ์,ประเสริฐมนูกิจ,09:00-17:00,0,0,1
ประเสริฐมนูกิจ - สุคนธสวัสดิ์,ประเสริฐมนูกิจ,16:00-19:00,0,1,0
ประเสริฐมนูกิจ - สุคนธสวัสดิ์,ประเสริฐมนูกิจ,17:00-19:00,0,0,1
ประเสริฐมนูกิจ - สุคนธสวัสดิ์,สุคนธสวัสดิ์,07:00-09:00,0,1,1
ประเสริฐมนูกิจ - สุคนธสวัสดิ์,สุคนธสวัสดิ์,09:00-16:00,0,1,0
ประเสริฐมนูกิจ - สุคนธสวัสดิ์,สุคนธสวัสดิ์,09:00-17:00,0,0,1
ประเสริฐมนูกิจ - สุคนธสวัสดิ์,สุคนธสวัสดิ์,16:00-19:00,0,1,0
ประเสริฐมนูกิจ - สุคนธสวัสดิ์,สุคนธสวัสดิ์,17:00-19:00,0,0,1
ประเสริฐมนูกิจ -สุคนธสวัสดิ์,ประเสริฐมนูกิจ,06:30-09:00,1,0,0
ประเสริฐมนูกิจ -สุคนธสวัสดิ์,ประเสริฐมนูกิจ,09:00-16:00,1,0,0
ประเสริฐมนูกิจ -สุคนธสวัสดิ์,ประเสริฐมนูกิจ,16:00-19:30,1,0,0
ประเสริฐมนูกิจ -สุคนธสวัสดิ์,สุคนธสวัสดิ์,07:00-09:00,1,0,0
ประเสริฐมนูกิจ -สุคนธสวัสดิ์,สุคนธสวัสดิ์,09:00-16:00,1,0,0
ประเสริฐมนูกิจ -สุคนธสวัสดิ์,สุคนธสวัสดิ์,16:00-19:00,1,0,0
ประเสริฐมนูกิจ 29,ประเสริฐมนูกิจ,07:00-09:00,0,0,1
ประเสริฐมนูกิจ 29,ประเสริฐมนูกิจ,09:00-17:00,0,0,1
ประเสริฐมนูกิจ 29,ประเสริฐมนูกิจ,17:00-19:00,0,0,1
ประเสริฐมนูกิจ 29,ประเสริฐมนูกิจ 29,07:00-09:00,0,0,1
ประเสริฐมนูกิจ 29,ประเสริฐมนูกิจ 29,09:00-17:00,0,0,1
ประเสริฐมนูกิจ 29,ประเสริฐมนูกิจ 29,17:00-19:00,0,0,1
ประเสริฐมนูกิจ 29,มัยลาภ,07:00-09:00,0,0,1
ประเสริฐมนูกิจ 29,มัยลาภ,09:00-17:00,0,0,1
ประเสริฐมนูกิจ 29,มัยลาภ,17:00-19:00,0,0,1
ปรีดีพนมยงค์ 2,สุขุมวิท 71,07:00-09:00,0,0,1
ปรีดีพนมยงค์ 2,สุขุมวิท 71,09:00-17:00,0,0,1
ปรีดีพนมยงค์ 2,สุขุมวิท 71,17:00-19:00,0,0,1
ปัญญาอินทรา - สุเหร่าคลองหนึ่ง,ปัญญาอินทรา(EB),07:00-09:00,0,0,1
ปัญญาอินทรา - สุเหร่าคลองหนึ่ง,ปัญญาอินทรา(EB),09:00-16:00,0,0,1
ปัญญาอินทรา - สุเหร่าคลองหนึ่ง,ปัญญาอินทรา(EB),16:00-19:00,0,0,1
ปัญญาอินทรา - สุเหร่าคลองหนึ่ง,ปัญญาอินทรา(SB),07:00-09:00,0,0,1
ปัญญาอินทรา - สุเหร่าคลองหนึ่ง,ปัญญาอินทรา(SB),09:00-16:00,0,0,1
ปัญญาอินทรา - สุเหร่าคลองหนึ่ง,ปัญญาอินทรา(SB),16:00-19:00,0,0,1
ปัญญาอินทรา - สุเหร่าคลองหนึ่ง,สุเหร่าคลองหนึ่ง,07:00-09:00,0,0,1
ปัญญาอินทรา - สุเหร่าคลองหนึ่ง,สุเหร่าคลองหนึ่ง,09:00-16:00,0,0,1
ปัญญาอินทรา - สุเหร่าคลองหนึ่ง,สุเหร่าคลองหนึ่ง,16:00-19:00,0,0,1
ปากชอยราษฎร์อุทิศ52- 54,ราษฎร์อุทิศ,07:00-09:00,1,0,0
ปากชอยราษฎร์อุทิศ52- 54,ราษฎร์อุทิศ,09:00-16:00,1,0,0
ปากชอยราษฎร์อุทิศ52- 54,ราษฎร์อุทิศ,16:00-19:00,1,0,0
ปากซอยกรุงธนบุรี5,กรุงธนบุรี,07:00-09:00,2,0,0
ปากซอยกรุงธนบุรี5,กรุงธนบุรี,09:00-16:00,2,0,0
ปากซอยกรุงธนบุรี5,กรุงธนบุรี,16:00-19:00,2,0,0
ปากซอยกรุงเทพ - นนทบุรี 20,กรุงเทพ - นนทบุรี,07:00-09:00,0,0,1
ปากซอยกรุงเทพ - นนทบุรี 20,กรุงเทพ - นนทบุรี,09:00-17:00,0,0,1
ปากซอยกรุงเทพ - นนทบุรี 20,กรุงเทพ - นนทบุรี,17:00-19:00,0,0,1
ปากซอยกรุงเทพกรีฑา 7,กรุงเทพกรีฑา,07:00-09:00,1,0,0
ปากซอยกรุงเทพกรีฑา 7,กรุงเทพกรีฑา,09:00-16:00,1,0,0
ปากซอยกรุงเทพกรีฑา 7,กรุงเทพกรีฑา,16:00-19:00,1,0,0
ปากซอยกรุงเทพกรีฑา 7,กรุงเทพกรีฑา (EB),07:00-09:00,0,0,1
ปากซอยกรุงเทพกรีฑา 7,กรุงเทพกรีฑา (EB),09:00-16:00,0,0,1
ปากซอยกรุงเทพกรีฑา 7,กรุงเทพกรีฑา (EB),16:00-19:00,0,0,1
ปากซอยกรุงเทพกรีฑา 7,กรุงเทพกรีฑา (NB),07:00-09:00,0,0,1
ปากซอยกรุงเทพกรีฑา 7,กรุงเทพกรีฑา (NB),09:00-16:00,0,0,1
ปากซอยกรุงเทพกรีฑา 7,กรุงเทพกรีฑา (NB),16:00-19:00,0,0,1
ปากซอยกรุงเทพกรีฑา 7,กรุงเทพกรีฑา 7,07:00-09:00,0,0,1
ปากซอยกรุงเทพกรีฑา 7,กรุงเทพกรีฑา 7,09:00-16:00,0,0,1
ปากซอยกรุงเทพกรีฑา 7,กรุงเทพกรีฑา 7,16:00-19:00,0,0,1
ปากซอยกรุงเทพกรีฑา 7,ซอยกรุงเทพกรีฑา 7,07:00-09:00,1,0,0
ปากซอยกรุงเทพกรีฑา 7,ซอยกรุงเทพกรีฑา 7,09:00-16:00,1,0,0
ปากซอยกรุงเทพกรีฑา 7,ซอยกรุงเทพกรีฑา 7,16:00-19:00,1,0,0
ปากซอยกรุงเทพกรีฑา 7,ศรีนครินทร์ - ร่มเกล้า,07:00-09:00,1,0,1
ปากซอยกรุงเทพกรีฑา 7,ศรีนครินทร์ - ร่มเกล้า,09:00-16:00,1,0,1
ปากซอยกรุงเทพกรีฑา 7,ศรีนครินทร์ - ร่มเกล้า,16:00-19:00,1,0,1
ปากซอยกาญจนาภิเษก 10,กาญจนาภิเษก,07:00-09:00,0,0,1
ปากซอยกาญจนาภิเษก 10,กาญจนาภิเษก,09:00-16:00,0,0,1
ปากซอยกาญจนาภิเษก 10,กาญจนาภิเษก,16:00-19:00,0,0,1
ปากซอยกาญจนาภิเษก 10,กาญจนาภิเษก 10,07:00-09:00,0,0,1
ปากซอยกาญจนาภิเษก 10,กาญจนาภิเษก 10,09:00-16:00,0,0,1
ปากซอยกาญจนาภิเษก 10,กาญจนาภิเษก 10,16:00-19:00,0,0,1
ปากซอยกาญจนาภิเษก 8,กาญจนาภิเษก,07:00-09:00,0,0,1
ปากซอยกาญจนาภิเษก 8,กาญจนาภิเษก,09:00-16:00,0,0,1
ปากซอยกาญจนาภิเษก 8,กาญจนาภิเษก,16:00-19:00,0,0,1
ปากซอยกาญจนาภิเษก 8,กาญจนาภิเษก 8,07:00-09:00,0,0,1
ปากซอยกาญจนาภิเษก 8,กาญจนาภิเษก 8,09:00-16:00,0,0,1
ปากซอยกาญจนาภิเษก 8,กาญจนาภิเษก 8,16:00-19:00,0,0,1
ปากซอยขุมทรัพย์นคร 16/5,พุทธมณฑลสาย 3,07:00-09:00,0,1,0
ปากซอยขุมทรัพย์นคร 16/5,พุทธมณฑลสาย 3,09:00-16:00,0,1,0
ปากซอยขุมทรัพย์นคร 16/5,พุทธมณฑลสาย 3,16:00-19:00,0,1,0
ปากซอยคริสจักร,จรัญสนิทวงศ์,07:00-09:00,0,0,1
ปากซอยคริสจักร,จรัญสนิทวงศ์,09:00-17:00,0,0,1
ปากซอยคริสจักร,จรัญสนิทวงศ์,17:00-19:00,0,0,1
ปากซอยคุ้มเกล้า 3,คุ้มเกล้า,07:00-09:00,0,0,1
ปากซอยคุ้มเกล้า 3,คุ้มเกล้า,09:00-17:00,0,0,1
ปากซอยคุ้มเกล้า 3,คุ้มเกล้า,17:00-19:00,0,0,1
ปากซอยคู้บอน 27,คู้บอน,07:00-09:00,0,0,1
ปากซอยคู้บอน 27,คู้บอน,09:00-17:00,0,0,1
ปากซอยคู้บอน 27,คู้บอน,17:00-19:00,0,0,1
ปากซอยคู้บอน 27,คู้บอน 27,07:00-09:00,0,0,1
ปากซอยคู้บอน 27,คู้บอน 27,09:00-17:00,0,0,1
ปากซอยคู้บอน 27,คู้บอน 27,17:00-19:00,0,0,1
ปากซอยคู้บอน 44,คู้บอน,07:00-09:00,0,0,2
ปากซอยคู้บอน 44,คู้บอน,09:00-17:00,0,0,2
ปากซอยคู้บอน 44,คู้บอน,17:00-19:00,0,0,2
ปากซอยจรัญสนิทวงศ์ 1,จรัญสนิทวงศ์,07:00-09:00,0,0,1
ปากซอยจรัญสนิทวงศ์ 1,จรัญสนิทวงศ์,09:00-17:00,0,0,1
ปากซอยจรัญสนิทวงศ์ 1,จรัญสนิทวงศ์,17:00-19:00,0,0,1
ปากซอยจรัญสนิทวงศ์ 1,จรัญสนิทวงศ์ 1,07:00-09:00,0,0,1
ปากซอยจรัญสนิทวงศ์ 1,จรัญสนิทวงศ์ 1,09:00-17:00,0,0,1
ปากซอยจรัญสนิทวงศ์ 1,จรัญสนิทวงศ์ 1,17:00-19:00,0,0,1
ปากซอยจรัญสนิทวงศ์ 26,จรัญสนิทวงศ์,07:00-09:00,0,0,1
ปากซอยจรัญสนิทวงศ์ 26,จรัญสนิทวงศ์,09:00-16:00,0,0,1
ปากซอยจรัญสนิทวงศ์ 26,จรัญสนิทวงศ์,16:00-19:00,0,0,1
ปากซอยจรัญสนิทวงศ์ 26,จรัญสนิทวงศ์ 26,07:00-09:00,0,0,1
ปากซอยจรัญสนิทวงศ์ 26,จรัญสนิทวงศ์ 26,09:00-16:00,0,0,1
ปากซอยจรัญสนิทวงศ์ 26,จรัญสนิทวงศ์ 26,16:00-19:00,0,0,1
ปากซอยจรัญสนิทวงศ์ 29,จรัญสนิทวงศ์,07:00-09:00,0,0,1
ปากซอยจรัญสนิทวงศ์ 29,จรัญสนิทวงศ์,09:00-17:00,0,0,1
ปากซอยจรัญสนิทวงศ์ 29,จรัญสนิทวงศ์,17:00-19:00,0,0,1
ปากซอยจรัญสนิทวงศ์ 30,จรัญสนิทวงศ์,07:00-09:00,0,0,1
ปากซอยจรัญสนิทวงศ์ 30,จรัญสนิทวงศ์,09:00-16:00,0,0,1
ปากซอยจรัญสนิทวงศ์ 30,จรัญสนิทวงศ์,16:00-19:00,0,0,1
ปากซอยจรัญสนิทวงศ์ 30,จรัญสนิทวงศ์ 30,07:00-09:00,0,0,1
ปากซอยจรัญสนิทวงศ์ 30,จรัญสนิทวงศ์ 30,09:00-16:00,0,0,1
ปากซอยจรัญสนิทวงศ์ 30,จรัญสนิทวงศ์ 30,16:00-19:00,0,0,1
ปากซอยจรัญสนิทวงศ์ 43,จรัญสนิทวงศ์,07:00-09:00,0,1,0
ปากซอยจรัญสนิทวงศ์ 43,จรัญสนิทวงศ์,09:00-16:00,0,1,0
ปากซอยจรัญสนิทวงศ์ 43,จรัญสนิทวงศ์,16:00-19:00,0,1,0
ปากซอยจันทน์ 51,จันทน์,07:00-09:00,0,0,1
ปากซอยจันทน์ 51,จันทน์,09:00-17:00,0,0,1
ปากซอยจันทน์ 51,จันทน์,17:00-19:00,0,0,1
ปากซอยจันทน์ 51,จันทน์ 51,07:00-09:00,0,0,1
ปากซอยจันทน์ 51,จันทน์ 51,09:00-17:00,0,0,1
ปากซอยจันทน์ 51,จันทน์ 51,17:00-19:00,0,0,1
ปากซอยจุฬาลงกรณ์ 12,บรรทัดทอง,07:00-09:00,0,1,0
ปากซอยจุฬาลงกรณ์ 12,บรรทัดทอง,09:00-16:00,0,1,0
ปากซอยจุฬาลงกรณ์ 12,บรรทัดทอง,16:00-19:00,0,1,0
ปากซอยจุฬาลงกรณ์ 26,บรรทัดทอง,07:00-09:00,0,2,0
ปากซอยจุฬาลงกรณ์ 26,บรรทัดทอง,09:00-16:00,0,2,0
ปากซอยจุฬาลงกรณ์ 26,บรรทัดทอง,16:00-19:00,0,2,0
ปากซอยจุฬาฯ 15,พระรามที่ 4,07:00-09:00,0,0,1
ปากซอยจุฬาฯ 15,พระรามที่ 4,09:00-17:00,0,0,1
ปากซอยจุฬาฯ 15,พระรามที่ 4,17:00-19:00,0,0,1
ปากซอยฉลองกรุง 23-24,ฉลองกรุง,07:00-09:00,0,1,0
ปากซอยฉลองกรุง 23-24,ฉลองกรุง,09:00-16:00,0,1,0
ปากซอยฉลองกรุง 23-24,ฉลองกรุง,16:00-19:00,0,1,0
ปากซอยฉลองกรุง 61,ฉลองกรุง,07:00-09:00,0,0,1
ปากซอยฉลองกรุง 61,ฉลองกรุง,09:00-17:00,0,0,1
ปากซอยฉลองกรุง 61,ฉลองกรุง,17:00-19:00,0,0,1
ปากซอยฉิมพลี 34,ฉิมพลี,07:00-09:00,0,0,1
ปากซอยฉิมพลี 34,ฉิมพลี,09:00-17:00,0,0,1
ปากซอยฉิมพลี 34,ฉิมพลี,17:00-19:00,0,0,1
ปากซอยตากสิน 34,ซอยตากสิน 34,07:00-09:00,1,0,0
ปากซอยตากสิน 34,ซอยตากสิน 34,09:00-16:00,1,0,0
ปากซอยตากสิน 34,ซอยตากสิน 34,16:00-19:00,1,0,0
ปากซอยตากสิน 34,สมเด็จพระเจ้าตากสิน,07:00-09:00,1,0,0
ปากซอยตากสิน 34,สมเด็จพระเจ้าตากสิน,09:00-16:00,1,0,0
ปากซอยตากสิน 34,สมเด็จพระเจ้าตากสิน,16:00-19:00,1,0,0
ปากซอยทรัพย์วัฒนะ,เลียบคลองประปา,06:30-09:00,1,0,0
ปากซอยทรัพย์วัฒนะ,เลียบคลองประปา,09:00-16:00,1,0,0
ปากซอยทรัพย์วัฒนะ,เลียบคลองประปา,16:00-19:30,1,0,0
ปากซอยทวีวัฒนา 1,ทวีวัฒนา,07:00-09:00,0,0,1
ปากซอยทวีวัฒนา 1,ทวีวัฒนา,09:00-17:00,0,0,1
ปากซอยทวีวัฒนา 1,ทวีวัฒนา,17:00-19:00,0,0,1
ปากซอยทวีวัฒนา 24,ทวีวัฒนา,07:00-09:00,0,0,1
ปากซอยทวีวัฒนา 24,ทวีวัฒนา,09:00-17:00,0,0,1
ปากซอยทวีวัฒนา 24,ทวีวัฒนา,17:00-19:00,0,0,1
ปากซอยทองหล่อ 20,ทองหล่อ,07:00-09:00,0,0,1
ปากซอยทองหล่อ 20,ทองหล่อ,09:00-17:00,0,0,1
ปากซอยทองหล่อ 20,ทองหล่อ,17:00-19:00,0,0,1
ปากซอยทองหล่อ 20,ทองหล่อ 20,07:00-09:00,0,0,1
ปากซอยทองหล่อ 20,ทองหล่อ 20,09:00-17:00,0,0,1
ปากซอยทองหล่อ 20,ทองหล่อ 20,17:00-19:00,0,0,1
ปากซอยทองหล่อ 3,ทองหล่อ,07:00-09:00,0,0,1
ปากซอยทองหล่อ 3,ทองหล่อ,09:00-17:00,0,0,1
ปากซอยทองหล่อ 3,ทองหล่อ,17:00-19:00,0,0,1
ปากซอยทองหล่อ 5,ทองหล่อ,07:00-09:00,0,0,1
ปากซอยทองหล่อ 5,ทองหล่อ,09:00-17:00,0,0,1
ปากซอยทองหล่อ 5,ทองหล่อ,17:00-19:00,0,0,1
ปากซอยนครสวรรค์ 3,นครสวรรค์,07:00-09:00,0,0,1
ปากซอยนครสวรรค์ 3,นครสวรรค์,09:00-17:00,0,0,1
ปากซอยนครสวรรค์ 3,นครสวรรค์,17:00-19:00,0,0,1
ปากซอยนราธิวาส 10,ซ.นราธิวาสราชนครินทร์ 10,07:00-09:00,0,0,1
ปากซอยนราธิวาส 10,ซ.นราธิวาสราชนครินทร์ 10,09:00-16:00,0,0,1
ปากซอยนราธิวาส 10,ซ.นราธิวาสราชนครินทร์ 10,16:00-19:00,0,0,1
ปากซอยนราธิวาส 28,นราธิวาสราชนครินทร์,07:00-09:00,0,0,1
ปากซอยนราธิวาส 28,นราธิวาสราชนครินทร์,09:00-17:00,0,0,1
ปากซอยนราธิวาส 28,นราธิวาสราชนครินทร์,17:00-19:00,0,0,1
ปากซอยนราธิวาส 8,ซ.นราธิวาสราชนครินทร์ 8,07:00-09:00,0,0,1
ปากซอยนราธิวาส 8,ซ.นราธิวาสราชนครินทร์ 8,09:00-16:00,0,0,1
ปากซอยนราธิวาส 8,ซ.นราธิวาสราชนครินทร์ 8,16:00-19:00,0,0,1
ปากซอยนามบัญญัติ,ประชาธิปไตย,07:00-09:00,0,1,0
ปากซอยนามบัญญัติ,ประชาธิปไตย,09:00-16:00,0,1,0
ปากซอยนามบัญญัติ,ประชาธิปไตย,16:00-19:00,0,1,0
ปากซอยนิมิตรใหม่ 29/5,นิมิตรใหม่,07:00-09:00,0,0,1
ปากซอยนิมิตรใหม่ 29/5,นิมิตรใหม่,09:00-17:00,0,0,1
ปากซอยนิมิตรใหม่ 29/5,นิมิตรใหม่,17:00-19:00,0,0,1
ปากซอยนิมิตใหม่ 40,นิมิตใหม่,07:00-09:00,0,0,1
ปากซอยนิมิตใหม่ 40,นิมิตใหม่,09:00-17:00,0,0,1
ปากซอยนิมิตใหม่ 40,นิมิตใหม่,17:00-19:00,0,0,1
ปากซอยนิมิตใหม่ 9,นิมิตใหม่,07:00-09:00,0,0,1
ปากซอยนิมิตใหม่ 9,นิมิตใหม่,09:00-17:00,0,0,1
ปากซอยนิมิตใหม่ 9,นิมิตใหม่,17:00-19:00,0,0,1
ปากซอยบางกระดิ 35/1,บางกระดี่,07:00-09:00,1,0,0
ปากซอยบางกระดิ 35/1,บางกระดี่,09:00-16:00,1,0,0
ปากซอยบางกระดิ 35/1,บางกระดี่,16:00-19:00,1,0,0
ปากซอยบางกระดี 32,บางกระดี่,07:00-09:00,1,0,0
ปากซอยบางกระดี 32,บางกระดี่,09:00-16:00,1,0,0
ปากซอยบางกระดี 32,บางกระดี่,16:00-19:00,1,0,0
ปากซอยบางกระดี่ 1,บางกระดี่,07:00-09:00,1,0,0
ปากซอยบางกระดี่ 1,บางกระดี่,09:00-16:00,1,0,0
ปากซอยบางกระดี่ 1,บางกระดี่,16:00-19:00,1,0,0
ปากซอยบางกระดี่ 16,บางกระดี่,07:00-09:00,1,0,0
ปากซอยบางกระดี่ 16,บางกระดี่,09:00-16:00,1,0,0
ปากซอยบางกระดี่ 16,บางกระดี่,16:00-19:00,1,0,0
ปากซอยบางนาตราด 30,บางนาตราด,07:00-09:00,0,0,1
ปากซอยบางนาตราด 30,บางนาตราด,09:00-17:00,0,0,1
ปากซอยบางนาตราด 30,บางนาตราด,17:00-19:00,0,0,1
ปากซอยบางนาตราด 30,บางนาตราด 30,07:00-09:00,0,0,1
ปากซอยบางนาตราด 30,บางนาตราด 30,09:00-17:00,0,0,1
ปากซอยบางนาตราด 30,บางนาตราด 30,17:00-19:00,0,0,1
ปากซอยบางนาตราด 4,บางนาตราด,07:00-09:00,0,0,1
ปากซอยบางนาตราด 4,บางนาตราด,09:00-17:00,0,0,1
ปากซอยบางนาตราด 4,บางนาตราด,17:00-19:00,0,0,1
ปากซอยบางนาตราด 4,บางนาตราด 4,07:00-09:00,0,0,1
ปากซอยบางนาตราด 4,บางนาตราด 4,09:00-17:00,0,0,1
ปากซอยบางนาตราด 4,บางนาตราด 4,17:00-19:00,0,0,1
ปากซอยบางพรม 11,พรานนก - พุทธมณฑลสาย 4,07:00-09:00,0,1,0
ปากซอยบางพรม 11,พรานนก - พุทธมณฑลสาย 4,09:00-16:00,0,1,0
ปากซอยบางพรม 11,พรานนก - พุทธมณฑลสาย 4,16:00-19:00,0,1,0
ปากซอยบุญอยู่,ดินแดง,07:00-09:00,0,1,0
ปากซอยบุญอยู่,ดินแดง,09:00-16:00,0,1,0
ปากซอยบุญอยู่,ดินแดง,16:00-19:00,0,1,0
ปากซอยประชาชื่น 29,ประชาชื่น,07:00-09:00,0,0,1
ปากซอยประชาชื่น 29,ประชาชื่น,09:00-17:00,0,0,1
ปากซอยประชาชื่น 29,ประชาชื่น,17:00-19:00,0,0,1
ปากซอยประชาชื่น 37,ประชาชื่น,07:00-09:00,0,0,2
ปากซอยประชาชื่น 37,ประชาชื่น,09:00-17:00,0,0,2
ปากซอยประชาชื่น 37,ประชาชื่น,17:00-19:00,0,0,2
ปากซอยประชาชื่น 37,ประชาชื่น 37,07:00-09:00,0,0,1
ปากซอยประชาชื่น 37,ประชาชื่น 37,09:00-17:00,0,0,1
ปากซอยประชาชื่น 37,ประชาชื่น 37,17:00-19:00,0,0,1
ปากซอยประชาราษฎร์บำเพ็ญ 6,ประชาราษฎร์บำเพ็ญ,07:00-09:00,0,0,1
ปากซอยประชาราษฎร์บำเพ็ญ 6,ประชาราษฎร์บำเพ็ญ,09:00-17:00,0,0,1
ปากซอยประชาราษฎร์บำเพ็ญ 6,ประชาราษฎร์บำเพ็ญ,17:00-19:00,0,0,1
ปากซอยประชาราษฎร์สาย 1 ซ.10,ประชาราษฎร์สาย 1,07:00-09:00,0,0,1
ปากซอยประชาราษฎร์สาย 1 ซ.10,ประชาราษฎร์สาย 1,09:00-17:00,0,0,1
ปากซอยประชาราษฎร์สาย 1 ซ.10,ประชาราษฎร์สาย 1,17:00-19:00,0,0,1
ปากซอยประชาราษฎร์สาย 1 ซ.36,ประชาราษฎร์สาย 1,07:00-09:00,0,0,1
ปากซอยประชาราษฎร์สาย 1 ซ.36,ประชาราษฎร์สาย 1,09:00-17:00,0,0,1
ปากซอยประชาราษฎร์สาย 1 ซ.36,ประชาราษฎร์สาย 1,17:00-19:00,0,0,1
ปากซอยประชาราษฎร์สาย 1 ซ.36,ประชาราษฎร์สาย 1 ซ.36,07:00-09:00,0,0,1
ปากซอยประชาราษฎร์สาย 1 ซ.36,ประชาราษฎร์สาย 1 ซ.36,09:00-17:00,0,0,1
ปากซอยประชาราษฎร์สาย 1 ซ.36,ประชาราษฎร์สาย 1 ซ.36,17:00-19:00,0,0,1
ปากซอยประชาร่วมใจ 35,ประชาร่วมใจ,06:30-09:00,1,0,0
ปากซอยประชาร่วมใจ 35,ประชาร่วมใจ,09:00-16:00,1,0,0
ปากซอยประชาร่วมใจ 35,ประชาร่วมใจ,16:00-19:30,1,0,0
ปากซอยประชาร่วมใจ31,ประชาร่วมใจ,07:00-09:00,0,0,1
ปากซอยประชาร่วมใจ31,ประชาร่วมใจ,09:00-16:00,0,0,1
ปากซอยประชาร่วมใจ31,ประชาร่วมใจ,16:00-19:00,0,0,1
ปากซอยประชาร่วมใจ31,ประชาร่วมใจ 31,07:00-09:00,0,0,1
ปากซอยประชาร่วมใจ31,ประชาร่วมใจ 31,09:00-16:00,0,0,1
ปากซอยประชาร่วมใจ31,ประชาร่วมใจ 31,16:00-19:00,0,0,1
ปากซอยประชาอุทิศ 113,ประชาอุทิศ,07:00-09:00,0,0,1
ปากซอยประชาอุทิศ 113,ประชาอุทิศ,09:00-17:00,0,0,1
ปากซอยประชาอุทิศ 113,ประชาอุทิศ,17:00-19:00,0,0,1
ปากซอยประชาอุทิศ 27,ประชาอุทิศ,07:00-09:00,0,0,1
ปากซอยประชาอุทิศ 27,ประชาอุทิศ,09:00-17:00,0,0,1
ปากซอยประชาอุทิศ 27,ประชาอุทิศ,17:00-19:00,0,0,1
ปากซอยประชาอุทิศ 54,ประชาอุทิศ,07:00-09:00,0,0,1
ปากซอยประชาอุทิศ 54,ประชาอุทิศ,09:00-17:00,0,0,1
ปากซอยประชาอุทิศ 54,ประชาอุทิศ,17:00-19:00,0,0,1
ปากซอยประชาอุทิศ 58/2,ประชาอุทิศ,07:00-09:00,0,0,1
ปากซอยประชาอุทิศ 58/2,ประชาอุทิศ,09:00-17:00,0,0,1
ปากซอยประชาอุทิศ 58/2,ประชาอุทิศ,17:00-19:00,0,0,1
ปากซอยประดิษฐ์มนูธรรม 15,ประดิษฐ์มนูธรรม,07:00-09:00,0,0,1
ปากซอยประดิษฐ์มนูธรรม 15,ประดิษฐ์มนูธรรม,09:00-17:00,0,0,1
ปากซอยประดิษฐ์มนูธรรม 15,ประดิษฐ์มนูธรรม,17:00-19:00,0,0,1
ปากซอยประดิษฐ์มนูธรรม 29,ประดิษฐ์มนูธรรม,07:00-09:00,0,0,1
ปากซอยประดิษฐ์มนูธรรม 29,ประดิษฐ์มนูธรรม,09:00-17:00,0,0,1
ปากซอยประดิษฐ์มนูธรรม 29,ประดิษฐ์มนูธรรม,17:00-19:00,0,0,1
ปากซอยประดิษฐ์มนูธรรม 29,ประดิษฐ์มนูธรรม29,07:00-09:00,0,0,1
ปากซอยประดิษฐ์มนูธรรม 29,ประดิษฐ์มนูธรรม29,09:00-17:00,0,0,1
ปากซอยประดิษฐ์มนูธรรม 29,ประดิษฐ์มนูธรรม29,17:00-19:00,0,0,1
ปากซอยปรีดีพนมยงค์ 7,ปรีดีพนมยงค์,07:00-09:00,1,0,0
ปากซอยปรีดีพนมยงค์ 7,ปรีดีพนมยงค์,09:00-16:00,1,0,0
ปากซอยปรีดีพนมยงค์ 7,ปรีดีพนมยงค์,16:00-19:00,1,0,0
ปากซอยพระยาสุเรนทร์ 28,พระยาสุเรนทร์,07:00-09:00,0,0,1
ปากซอยพระยาสุเรนทร์ 28,พระยาสุเรนทร์,09:00-17:00,0,0,1
ปากซอยพระยาสุเรนทร์ 28,พระยาสุเรนทร์,17:00-19:00,0,0,1
ปากซอยพระยาสุเรนทร์26 -28,พระยาสุเรนทร์,07:00-09:00,0,1,0
ปากซอยพระยาสุเรนทร์26 -28,พระยาสุเรนทร์,09:00-16:00,0,1,0
ปากซอยพระยาสุเรนทร์26 -28,พระยาสุเรนทร์,16:00-19:00,0,1,0
ปากซอยพระรามที่ 6 ซอย 15,พระรามที่ 6,07:00-09:00,0,0,1
ปากซอยพระรามที่ 6 ซอย 15,พระรามที่ 6,09:00-17:00,0,0,1
ปากซอยพระรามที่ 6 ซอย 15,พระรามที่ 6,17:00-19:00,0,0,1
ปากซอยพหลโยธิน 69/7,พหลโยธิน,07:00-09:00,0,1,0
ปากซอยพหลโยธิน 69/7,พหลโยธิน,09:00-16:00,0,1,0
ปากซอยพหลโยธิน 69/7,พหลโยธิน,16:00-19:00,0,1,0
ปากซอยพัฒนาการ 4,พัฒนาการ,07:00-09:00,0,0,1
ปากซอยพัฒนาการ 4,พัฒนาการ,09:00-17:00,0,0,1
ปากซอยพัฒนาการ 4,พัฒนาการ,17:00-19:00,0,0,1
ปากซอยพัฒนาการ 51,พัฒนาการ,07:00-09:00,1,0,0
ปากซอยพัฒนาการ 51,พัฒนาการ,09:00-16:00,1,0,0
ปากซอยพัฒนาการ 51,พัฒนาการ,16:00-19:00,1,0,0
ปากซอยพัฒนาการ 92,พัฒนาการ,07:00-09:00,0,0,1
ปากซอยพัฒนาการ 92,พัฒนาการ,09:00-17:00,0,0,1
ปากซอยพัฒนาการ 92,พัฒนาการ,17:00-19:00,0,0,1
ปากซอยฟักสังข์พัฒนา,เลียบคลองประปา,06:30-09:00,1,0,0
ปากซอยฟักสังข์พัฒนา,เลียบคลองประปา,09:00-16:00,1,0,0
ปากซอยฟักสังข์พัฒนา,เลียบคลองประปา,16:00-19:30,1,0,0
ปากซอยรัชดา 43,รัชดาภิเษก,07:00-09:00,0,0,1
ปากซอยรัชดา 43,รัชดาภิเษก,09:00-17:00,0,0,1
ปากซอยรัชดา 43,รัชดาภิเษก,17:00-19:00,0,0,1
ปากซอยรัชดา 66,รัชดาภิเษก,07:00-09:00,0,0,1
ปากซอยรัชดา 66,รัชดาภิเษก,09:00-17:00,0,0,1
ปากซอยรัชดา 66,รัชดาภิเษก,17:00-19:00,0,0,1
ปากซอยรัชดา 66,รัชดาภิเษก 66,07:00-09:00,0,0,1
ปากซอยรัชดา 66,รัชดาภิเษก 66,09:00-17:00,0,0,1
ปากซอยรัชดา 66,รัชดาภิเษก 66,17:00-19:00,0,0,1
ปากซอยรางน้ำ,พญาไท,07:00-09:00,0,3,0
ปากซอยรางน้ำ,พญาไท,09:00-16:00,0,3,0
ปากซอยรางน้ำ,พญาไท,16:00-19:00,0,3,0
ปากซอยรามคำแหง 195,รามคำแหง,07:00-09:00,1,0,0
ปากซอยรามคำแหง 195,รามคำแหง,09:00-16:00,1,0,0
ปากซอยรามคำแหง 195,รามคำแหง,16:00-19:00,1,0,0
ปากซอยรามคำแหง 23,รามคำแหง,07:00-09:00,0,0,1
ปากซอยรามคำแหง 23,รามคำแหง,09:00-17:00,0,0,1
ปากซอยรามคำแหง 23,รามคำแหง,17:00-19:00,0,0,1
ปากซอยรามคำแหง 3,รามคำแหง,07:00-09:00,0,0,1
ปากซอยรามคำแหง 3,รามคำแหง,09:00-17:00,0,0,1
ปากซอยรามคำแหง 3,รามคำแหง,17:00-19:00,0,0,1
ปากซอยรามค่าแหง 189,รามคำแหง,06:30-09:00,1,0,0
ปากซอยรามค่าแหง 189,รามคำแหง,09:00-16:00,1,0,0
ปากซอยรามค่าแหง 189,รามคำแหง,16:00-19:30,1,0,0
ปากซอยรามอินทรา 127,รามอินทรา,07:00-09:00,1,0,0
ปากซอยรามอินทรา 127,รามอินทรา,09:00-16:00,1,0,0
ปากซอยรามอินทรา 127,รามอินทรา,16:00-19:00,1,0,0
ปากซอยราษฎร์บูรณะ 41,ราษฎร์บูรณะ,07:00-09:00,0,0,1
ปากซอยราษฎร์บูรณะ 41,ราษฎร์บูรณะ,09:00-17:00,0,0,1
ปากซอยราษฎร์บูรณะ 41,ราษฎร์บูรณะ,17:00-19:00,0,0,1
ปากซอยราษฎร์พัฒนา,ราษฎร์อุทิศ,07:00-09:00,0,0,1
ปากซอยราษฎร์พัฒนา,ราษฎร์อุทิศ,09:00-17:00,0,0,1
ปากซอยราษฎร์พัฒนา,ราษฎร์อุทิศ,17:00-19:00,0,0,1
ปากซอยราษฎร์อุทิศ 27/5,ราษฎร์อุทิศ,07:00-09:00,0,0,1
ปากซอยราษฎร์อุทิศ 27/5,ราษฎร์อุทิศ,09:00-17:00,0,0,1
ปากซอยราษฎร์อุทิศ 27/5,ราษฎร์อุทิศ,17:00-19:00,0,0,1
ปากซอยราษฎร์อุทิศ 27/6,ราษฎร์อุทิศ,07:00-09:00,0,0,1
ปากซอยราษฎร์อุทิศ 27/6,ราษฎร์อุทิศ,09:00-17:00,0,0,1
ปากซอยราษฎร์อุทิศ 27/6,ราษฎร์อุทิศ,17:00-19:00,0,0,1
ปากซอยลาดกระบัง 1,ซ.ลาดกระบัง 1,07:00-09:00,1,0,0
ปากซอยลาดกระบัง 1,ซ.ลาดกระบัง 1,09:00-16:00,1,0,0
ปากซอยลาดกระบัง 1,ซ.ลาดกระบัง 1,16:00-19:00,1,0,0
ปากซอยลาดกระบัง 1,ลาดกระบัง,07:00-09:00,1,0,0
ปากซอยลาดกระบัง 1,ลาดกระบัง,09:00-16:00,1,0,0
ปากซอยลาดกระบัง 1,ลาดกระบัง,16:00-19:00,1,0,0
ปากซอยลาดกระบัง 3/2,ซอยลาดกระบัง 3/2,07:00-09:00,1,0,0
ปากซอยลาดกระบัง 3/2,ซอยลาดกระบัง 3/2,09:00-16:00,1,0,0
ปากซอยลาดกระบัง 3/2,ซอยลาดกระบัง 3/2,16:00-19:00,1,0,0
ปากซอยลาดกระบัง 3/2,ลาดกระบัง,06:30-09:00,1,0,0
ปากซอยลาดกระบัง 3/2,ลาดกระบัง,09:00-16:00,1,0,0
ปากซอยลาดกระบัง 3/2,ลาดกระบัง,16:00-19:30,1,0,0
ปากซอยลาดกระบัง ซอย 7,ซอยลาดกระบัง 7,07:00-09:00,1,0,0
ปากซอยลาดกระบัง ซอย 7,ซอยลาดกระบัง 7,09:00-16:00,1,0,0
ปากซอยลาดกระบัง ซอย 7,ซอยลาดกระบัง 7,16:00-19:00,1,0,0
ปากซอยลาดกระบัง ซอย 7,ลาดกระบัง,07:00-09:00,1,0,0
ปากซอยลาดกระบัง ซอย 7,ลาดกระบัง,09:00-16:00,1,0,0
ปากซอยลาดกระบัง ซอย 7,ลาดกระบัง,16:00-19:00,1,0,0
ปากซอยลาดพร้าว 101 ซอย 39,ลาดพราว 101 ซอย 39,07:00-09:00,1,0,0
ปากซอยลาดพร้าว 101 ซอย 39,ลาดพราว 101 ซอย 39,09:00-16:00,1,0,0
ปากซอยลาดพร้าว 101 ซอย 39,ลาดพราว 101 ซอย 39,16:00-19:00,1,0,0
ปากซอยลาดพร้าว 101 ซอย 39,ลาดพร้าว 101,07:00-09:00,1,0,0
ปากซอยลาดพร้าว 101 ซอย 39,ลาดพร้าว 101,09:00-16:00,1,0,0
ปากซอยลาดพร้าว 101 ซอย 39,ลาดพร้าว 101,16:00-19:00,1,0,0
ปากซอยลาดพร้าว 15,ซอยลาดพร้าว 15,07:00-09:00,1,0,0
ปากซอยลาดพร้าว 15,ซอยลาดพร้าว 15,09:00-16:00,1,0,0
ปากซอยลาดพร้าว 15,ซอยลาดพร้าว 15,16:00-19:00,1,0,0
ปากซอยลาดพร้าว 15,ลาดพร้าว,07:00-09:00,1,0,1
ปากซอยลาดพร้าว 15,ลาดพร้าว,09:00-16:00,1,0,0
ปากซอยลาดพร้าว 15,ลาดพร้าว,09:00-17:00,0,0,1
ปากซอยลาดพร้าว 15,ลาดพร้าว,16:00-19:00,1,0,0
ปากซอยลาดพร้าว 15,ลาดพร้าว,17:00-19:00,0,0,1
ปากซอยลาดพร้าว 15,ลาดพร้าว 15,07:00-09:00,0,0,1
ปากซอยลาดพร้าว 15,ลาดพร้าว 15,09:00-17:00,0,0,1
ปากซอยลาดพร้าว 15,ลาดพร้าว 15,17:00-19:00,0,0,1
ปากซอยลาดหญ้า 10,ลาดหญ้า,07:00-09:00,0,0,1
ปากซอยลาดหญ้า 10,ลาดหญ้า,09:00-17:00,0,0,1
ปากซอยลาดหญ้า 10,ลาดหญ้า,17:00-19:00,0,0,1
ปากซอยลาดหญ้า 6,ถนนลาดหญ้า,07:00-09:00,1,0,0
ปากซอยลาดหญ้า 6,ถนนลาดหญ้า,09:00-16:00,1,0,0
ปากซอยลาดหญ้า 6,ถนนลาดหญ้า,16:00-19:00,1,0,0
ปากซอยลาดหญ้า 6,ลาดหญ้า,07:00-09:00,1,0,0
ปากซอยลาดหญ้า 6,ลาดหญ้า,09:00-16:00,1,0,0
ปากซอยลาดหญ้า 6,ลาดหญ้า,16:00-19:00,1,0,0
ปากซอยวงศ์สว่าง 11,วงศ์สว่าง,07:00-09:00,0,0,1
ปากซอยวงศ์สว่าง 11,วงศ์สว่าง,09:00-17:00,0,0,1
ปากซอยวงศ์สว่าง 11,วงศ์สว่าง,17:00-19:00,0,0,1
ปากซอยวงศ์สว่าง 11,วงศ์สว่าง 11,07:00-09:00,0,0,1
ปากซอยวงศ์สว่าง 11,วงศ์สว่าง 11,09:00-17:00,0,0,1
ปากซอยวงศ์สว่าง 11,วงศ์สว่าง 11,17:00-19:00,0,0,1
ปากซอยวงศ์สว่าง 29,วงศ์สว่าง,07:00-09:00,0,0,1
ปากซอยวงศ์สว่าง 29,วงศ์สว่าง,09:00-17:00,0,0,1
ปากซอยวงศ์สว่าง 29,วงศ์สว่าง,17:00-19:00,0,0,1
ปากซอยวงศ์สว่าง 6,วงศ์สว่าง,07:00-09:00,0,0,1
ปากซอยวงศ์สว่าง 6,วงศ์สว่าง,09:00-17:00,0,0,1
ปากซอยวงศ์สว่าง 6,วงศ์สว่าง,17:00-19:00,0,0,1
ปากซอยวงศ์สว่าง 6,วงศ์สว่าง 6,07:00-09:00,0,0,1
ปากซอยวงศ์สว่าง 6,วงศ์สว่าง 6,09:00-17:00,0,0,1
ปากซอยวงศ์สว่าง 6,วงศ์สว่าง 6,17:00-19:00,0,0,1
ปากซอยวชิธรรมสาธิต 12,สุขุมวิท 101/1,07:00-09:00,0,0,1
ปากซอยวชิธรรมสาธิต 12,สุขุมวิท 101/1,09:00-17:00,0,0,1
ปากซอยวชิธรรมสาธิต 12,สุขุมวิท 101/1,17:00-19:00,0,0,1
ปากซอยวชิรธรรมสาธิต 12,วชิรธรรมสาธิต,07:00-09:00,0,0,1
ปากซอยวชิรธรรมสาธิต 12,วชิรธรรมสาธิต,09:00-17:00,0,0,1
ปากซอยวชิรธรรมสาธิต 12,วชิรธรรมสาธิต,17:00-19:00,0,0,1
ปากซอยวชิรธรรมสาธิต 12,สุขุมวิท 101/1,07:00-09:00,0,0,1
ปากซอยวชิรธรรมสาธิต 12,สุขุมวิท 101/1,09:00-17:00,0,0,1
ปากซอยวชิรธรรมสาธิต 12,สุขุมวิท 101/1,17:00-19:00,0,0,1
ปากซอยวชิรธรรมสาธิต 29,สุขุมวิท 101/1,07:00-09:00,0,0,1
ปากซอยวชิรธรรมสาธิต 29,สุขุมวิท 101/1,09:00-17:00,0,0,1
ปากซอยวชิรธรรมสาธิต 29,สุขุมวิท 101/1,17:00-19:00,0,0,1
ปากซอยวัดปากน้า -วัดแก้ว,พรานนก - พุทธมณฑลสาย 4,07:00-09:00,1,0,0
ปากซอยวัดปากน้า -วัดแก้ว,พรานนก - พุทธมณฑลสาย 4,09:00-16:00,1,0,0
ปากซอยวัดปากน้า -วัดแก้ว,พรานนก - พุทธมณฑลสาย 4,16:00-19:00,1,0,0
ปากซอยวัดเพลง,พรานนก - พุทธมณฑลสาย 4,07:00-09:00,1,0,0
ปากซอยวัดเพลง,พรานนก - พุทธมณฑลสาย 4,09:00-16:00,1,0,0
ปากซอยวัดเพลง,พรานนก - พุทธมณฑลสาย 4,16:00-19:00,1,0,0
ปากซอยวิภาวดี 25,กำแพงเพชร 6,07:00-09:00,0,0,1
ปากซอยวิภาวดี 25,กำแพงเพชร 6,09:00-17:00,0,0,1
ปากซอยวิภาวดี 25,กำแพงเพชร 6,17:00-19:00,0,0,1
ปากซอยวิภาวดี 25,วิภาวดีรังสิต 25,07:00-09:00,0,0,1
ปากซอยวิภาวดี 25,วิภาวดีรังสิต 25,09:00-17:00,0,0,1
ปากซอยวิภาวดี 25,วิภาวดีรังสิต 25,17:00-19:00,0,0,1
ปากซอยวิภาวดีรังสิต 25,กำแพงเพชร 6,07:00-09:00,0,0,1
ปากซอยวิภาวดีรังสิต 25,กำแพงเพชร 6,09:00-16:00,0,0,1
ปากซอยวิภาวดีรังสิต 25,กำแพงเพชร 6,16:00-19:00,0,0,1
ปากซอยวิภาวดีรังสิต 25,วิภาวดีรังสิต 25,07:00-09:00,0,0,1
ปากซอยวิภาวดีรังสิต 25,วิภาวดีรังสิต 25,09:00-16:00,0,0,1
ปากซอยวิภาวดีรังสิต 25,วิภาวดีรังสิต 25,16:00-19:00,0,0,1
ปากซอยศรีนครินทร์ 10,ศรีนครินทร์,07:00-09:00,0,0,1
ปากซอยศรีนครินทร์ 10,ศรีนครินทร์,09:00-17:00,0,0,1
ปากซอยศรีนครินทร์ 10,ศรีนครินทร์,17:00-19:00,0,0,1
ปากซอยศรีอยุธยา 5,ศรีอยุธยา,07:00-09:00,0,1,0
ปากซอยศรีอยุธยา 5,ศรีอยุธยา,09:00-16:00,0,1,0
ปากซอยศรีอยุธยา 5,ศรีอยุธยา,16:00-19:00,0,1,0
ปากซอยศาลาธรรมสพน์ 26,ศาลาธรรมสพน์,07:00-09:00,0,0,1
ปากซอยศาลาธรรมสพน์ 26,ศาลาธรรมสพน์,09:00-17:00,0,0,1
ปากซอยศาลาธรรมสพน์ 26,ศาลาธรรมสพน์,17:00-19:00,0,0,1
ปากซอยศาลาแดง,สีลม,07:00-09:00,0,0,1
ปากซอยศาลาแดง,สีลม,09:00-17:00,0,0,1
ปากซอยศาลาแดง,สีลม,17:00-19:00,0,0,1
ปากซอยศิริชัยบางบอน9,พระยามนธาตุราชศรีพิจิตร์,07:00-09:00,1,0,0
ปากซอยศิริชัยบางบอน9,พระยามนธาตุราชศรีพิจิตร์,09:00-16:00,1,0,0
ปากซอยศิริชัยบางบอน9,พระยามนธาตุราชศรีพิจิตร์,16:00-19:00,1,0,0
ปากซอยสมเด็จพระเจ้าตากสิน 15,สมเด็จพระเจ้าตากสิน,07:00-09:00,1,0,0
ปากซอยสมเด็จพระเจ้าตากสิน 15,สมเด็จพระเจ้าตากสิน,09:00-16:00,1,0,0
ปากซอยสมเด็จพระเจ้าตากสิน 15,สมเด็จพระเจ้าตากสิน,16:00-19:00,1,0,0
ปากซอยสมเด็จพระเจ้าตากสิน 46,สมเด็จพระเจ้าตากสิน,07:00-09:00,1,0,0
ปากซอยสมเด็จพระเจ้าตากสิน 46,สมเด็จพระเจ้าตากสิน,09:00-16:00,1,0,0
ปากซอยสมเด็จพระเจ้าตากสิน 46,สมเด็จพระเจ้าตากสิน,16:00-19:00,1,0,0
ปากซอยสมเด็จพระเจ้าตากสิน 9,สมเด็จพระเจ้าตากสิน,07:00-09:00,1,0,0
ปากซอยสมเด็จพระเจ้าตากสิน 9,สมเด็จพระเจ้าตากสิน,09:00-16:00,1,0,0
ปากซอยสมเด็จพระเจ้าตากสิน 9,สมเด็จพระเจ้าตากสิน,16:00-19:00,1,0,0
ปากซอยสมเด็จเจ้าพระยา 17,สมเด็จเจ้าพระยา,07:00-09:00,0,0,1
ปากซอยสมเด็จเจ้าพระยา 17,สมเด็จเจ้าพระยา,09:00-17:00,0,0,1
ปากซอยสมเด็จเจ้าพระยา 17,สมเด็จเจ้าพระยา,17:00-19:00,0,0,1
ปากซอยสมเด็จเจ้าพระยา 17,สมเด็จเจ้าพระยา 17,07:00-09:00,0,0,1
ปากซอยสมเด็จเจ้าพระยา 17,สมเด็จเจ้าพระยา 17,09:00-17:00,0,0,1
ปากซอยสมเด็จเจ้าพระยา 17,สมเด็จเจ้าพระยา 17,17:00-19:00,0,0,1
ปากซอยสมเด็จเจ้าพระยา 5,สมเด็จเจ้าพระยา,07:00-09:00,0,0,1
ปากซอยสมเด็จเจ้าพระยา 5,สมเด็จเจ้าพระยา,09:00-17:00,0,0,1
ปากซอยสมเด็จเจ้าพระยา 5,สมเด็จเจ้าพระยา,17:00-19:00,0,0,1
ปากซอยสรงประภา 1,สรงประภา,07:00-09:00,2,0,0
ปากซอยสรงประภา 1,สรงประภา,09:00-16:00,2,0,0
ปากซอยสรงประภา 1,สรงประภา,16:00-19:00,2,0,0
ปากซอยสรงประภา 24,สรงประภา,07:00-09:00,1,0,0
ปากซอยสรงประภา 24,สรงประภา,09:00-16:00,1,0,0
ปากซอยสรงประภา 24,สรงประภา,16:00-19:00,1,0,0
ปากซอยสองพระ,สี่พระยา,07:00-09:00,0,0,2
ปากซอยสองพระ,สี่พระยา,09:00-17:00,0,0,2
ปากซอยสองพระ,สี่พระยา,17:00-19:00,0,0,2
ปากซอยสังฆประชา,ฉลองกรุง,07:00-09:00,1,0,0
ปากซอยสังฆประชา,ฉลองกรุง,09:00-16:00,1,0,0
ปากซอยสังฆประชา,ฉลองกรุง,16:00-19:00,1,0,0
ปากซอยสังฆประชา,ซอยสังฆประชา,07:00-09:00,1,0,0
ปากซอยสังฆประชา,ซอยสังฆประชา,09:00-16:00,1,0,0
ปากซอยสังฆประชา,ซอยสังฆประชา,16:00-19:00,1,0,0
"ปากซอยสายไหม 21,.23",สายไหม,07:00-09:00,1,0,0
"ปากซอยสายไหม 21,.23",สายไหม,09:00-16:00,1,0,0
"ปากซอยสายไหม 21,.23",สายไหม,16:00-19:00,1,0,0
ปากซอยสายไหม 25,ปากซอยสายไหม 25,07:00-09:00,1,0,0
ปากซอยสายไหม 25,ปากซอยสายไหม 25,09:00-16:00,1,0,0
ปากซอยสายไหม 25,ปากซอยสายไหม 25,16:00-19:00,1,0,0
ปากซอยสายไหม 33/1,สายไหม,06:30-09:00,0,1,0
ปากซอยสายไหม 33/1,สายไหม,09:00-16:00,0,1,0
ปากซอยสายไหม 33/1,สายไหม,16:00-19:30,0,1,0
ปากซอยสายไหม 64,สายไหม,07:00-09:00,1,0,0
ปากซอยสายไหม 64,สายไหม,09:00-16:00,1,0,0
ปากซอยสายไหม 64,สายไหม,16:00-19:00,1,0,0
ปากซอยสายไหม 81,สายไหม,07:00-09:00,1,0,0
ปากซอยสายไหม 81,สายไหม,09:00-16:00,1,0,0
ปากซอยสายไหม 81,สายไหม,16:00-19:00,1,0,0
ปากซอยสายไหม่ 56,สายใหม่,07:00-09:00,1,0,0
ปากซอยสายไหม่ 56,สายใหม่,09:00-16:00,1,0,0
ปากซอยสายไหม่ 56,สายใหม่,16:00-19:00,1,0,0
ปากซอยสารภี 2,ถนนประชาธิปก,07:00-09:00,1,0,0
ปากซอยสารภี 2,ถนนประชาธิปก,09:00-16:00,1,0,0
ปากซอยสารภี 2,ถนนประชาธิปก,16:00-19:00,1,0,0
ปากซอยสารภี 2,ประชาธิปก,07:00-09:00,1,0,0
ปากซอยสารภี 2,ประชาธิปก,09:00-16:00,1,0,0
ปากซอยสารภี 2,ประชาธิปก,16:00-19:00,1,0,0
ปากซอยสุขสวัสดิ์33/1,สุขสวัสดิ์,07:00-09:00,1,0,0
ปากซอยสุขสวัสดิ์33/1,สุขสวัสดิ์,09:00-16:00,1,0,0
ปากซอยสุขสวัสดิ์33/1,สุขสวัสดิ์,16:00-19:00,1,0,0
ปากซอยสุขุมวิท 81,สุขุมวิท,07:00-09:00,0,1,0
ปากซอยสุขุมวิท 81,สุขุมวิท,09:00-16:00,0,1,0
ปากซอยสุขุมวิท 81,สุขุมวิท,16:00-19:00,0,1,0
ปากซอยสุขุมวิท 81,สุขุมวิท 52,07:00-09:00,0,1,0
ปากซอยสุขุมวิท 81,สุขุมวิท 52,09:00-16:00,0,1,0
ปากซอยสุขุมวิท 81,สุขุมวิท 52,16:00-19:00,0,1,0
ปากซอยสุขุมวิท 81,สุขุมวิท 81,07:00-09:00,0,1,0
ปากซอยสุขุมวิท 81,สุขุมวิท 81,09:00-16:00,0,1,0
ปากซอยสุขุมวิท 81,สุขุมวิท 81,16:00-19:00,0,1,0
ปากซอยหทัยราษฎร์ 39,หทัยราษฎร์,07:00-09:00,0,1,0
ปากซอยหทัยราษฎร์ 39,หทัยราษฎร์,09:00-16:00,0,1,0
ปากซอยหทัยราษฎร์ 39,หทัยราษฎร์,16:00-19:00,0,1,0
ปากซอยหทัยราษฎร์39,ซอยหทัยราษฎร์39,06:30-09:00,1,0,0
ปากซอยหทัยราษฎร์39,ซอยหทัยราษฎร์39,09:00-16:00,1,0,0
ปากซอยหทัยราษฎร์39,ซอยหทัยราษฎร์39,16:00-19:30,1,0,0
ปากซอยหทัยราษฎร์39,ททัยราษฎร์,06:30-09:00,1,0,0
ปากซอยหทัยราษฎร์39,ททัยราษฎร์,09:00-16:00,1,0,0
ปากซอยหทัยราษฎร์39,ททัยราษฎร์,16:00-19:30,1,0,0
ปากซอยหัวหมาก 20,ซอยหัวหมวาก 20,07:00-09:00,1,0,0
ปากซอยหัวหมาก 20,ซอยหัวหมวาก 20,09:00-16:00,1,0,0
ปากซอยหัวหมาก 20,ซอยหัวหมวาก 20,16:00-19:00,1,0,0
ปากซอยหัวหมาก 20,ซอยหัวหมวาก 21,07:00-09:00,1,0,0
ปากซอยหัวหมาก 20,ซอยหัวหมวาก 21,09:00-16:00,1,0,0
ปากซอยหัวหมาก 20,ซอยหัวหมวาก 21,16:00-19:00,1,0,0
ปากซอยหัวหมาก 20,หัวหมาก,07:00-09:00,1,0,0
ปากซอยหัวหมาก 20,หัวหมาก,09:00-16:00,1,0,0
ปากซอยหัวหมาก 20,หัวหมาก,16:00-19:00,1,0,0
ปากซอยอรุณอัมรินทร์ 6,อรุณอัมรินทร์,07:00-09:00,1,0,0
ปากซอยอรุณอัมรินทร์ 6,อรุณอัมรินทร์,09:00-16:00,1,0,0
ปากซอยอรุณอัมรินทร์ 6,อรุณอัมรินทร์,16:00-19:00,1,0,0
ปากซอยอุดมสุข 1,อุดมสุข (สุขุมวิท 103),07:00-09:00,0,1,0
ปากซอยอุดมสุข 1,อุดมสุข (สุขุมวิท 103),09:00-16:00,0,1,0
ปากซอยอุดมสุข 1,อุดมสุข (สุขุมวิท 103),16:00-19:00,0,1,0
ปากซอยอุดมสุข 18,อุดมสุข,07:00-09:00,0,0,1
ปากซอยอุดมสุข 18,อุดมสุข,09:00-17:00,0,0,1
ปากซอยอุดมสุข 18,อุดมสุข,17:00-19:00,0,0,1
ปากซอยอุดมสุข 26,อุดมสุข,07:00-09:00,0,0,1
ปากซอยอุดมสุข 26,อุดมสุข,09:00-17:00,0,0,1
ปากซอยอุดมสุข 26,อุดมสุข,17:00-19:00,0,0,1
ปากซอยอุดมสุข 30,อุดมสุข,07:00-09:00,0,0,1
ปากซอยอุดมสุข 30,อุดมสุข,09:00-17:00,0,0,1
ปากซอยอุดมสุข 30,อุดมสุข,17:00-19:00,0,0,1
ปากซอยอุดมสุข 34,อุดมสุข,07:00-09:00,0,0,1
ปากซอยอุดมสุข 34,อุดมสุข,09:00-17:00,0,0,1
ปากซอยอุดมสุข 34,อุดมสุข,17:00-19:00,0,0,1
ปากซอยอุดมสุข 41,อุดมสุข (สุขุมวิท 103),07:00-09:00,1,0,0
ปากซอยอุดมสุข 41,อุดมสุข (สุขุมวิท 103),09:00-16:00,1,0,0
ปากซอยอุดมสุข 41,อุดมสุข (สุขุมวิท 103),16:00-19:00,1,0,0
ปากซอยอุดมสุข 51,สุขุมวิท 103,07:00-09:00,0,0,1
ปากซอยอุดมสุข 51,สุขุมวิท 103,09:00-17:00,0,0,1
ปากซอยอุดมสุข 51,สุขุมวิท 103,17:00-19:00,0,0,1
ปากซอยอุดมสุข 9,อุดมสุข (สุขุมวิท 103),07:00-09:00,0,1,0
ปากซอยอุดมสุข 9,อุดมสุข (สุขุมวิท 103),09:00-16:00,0,1,0
ปากซอยอุดมสุข 9,อุดมสุข (สุขุมวิท 103),16:00-19:00,0,1,0
ปากซอยอุทัยฟาร์ม,พระรามที่ 4,07:00-09:00,0,0,1
ปากซอยอุทัยฟาร์ม,พระรามที่ 4,09:00-17:00,0,0,1
ปากซอยอุทัยฟาร์ม,พระรามที่ 4,17:00-19:00,0,0,1
ปากซอยอ่อนนุข 41,อ่อนนุช,07:00-09:00,0,0,1
ปากซอยอ่อนนุข 41,อ่อนนุช,09:00-17:00,0,0,1
ปากซอยอ่อนนุข 41,อ่อนนุช,17:00-19:00,0,0,1
ปากซอยอ่อนนุข 41,อ่อนนุช 41,07:00-09:00,0,0,1
ปากซอยอ่อนนุข 41,อ่อนนุช 41,09:00-17:00,0,0,1
ปากซอยอ่อนนุข 41,อ่อนนุช 41,17:00-19:00,0,0,1
ปากซอยอ่อนนุช 51,สุขุมวิท 77,07:00-09:00,0,0,1
ปากซอยอ่อนนุช 51,สุขุมวิท 77,09:00-17:00,0,0,1
ปากซอยอ่อนนุช 51,สุขุมวิท 77,17:00-19:00,0,0,1
ปากซอยอ่อนนุช 59/1,อ่อนนุช,07:00-09:00,0,0,1
ปากซอยอ่อนนุช 59/1,อ่อนนุช,09:00-16:00,0,0,1
ปากซอยอ่อนนุช 59/1,อ่อนนุช,16:00-19:00,0,0,1
ปากซอยอ่อนนุช 69,อ่อนนุช,07:00-09:00,1,0,0
ปากซอยอ่อนนุช 69,อ่อนนุช,09:00-16:00,1,0,0
ปากซอยอ่อนนุช 69,อ่อนนุช,16:00-19:00,1,0,0
ปากซอยอ่อนนุช 74/3,สุขุมวิท 77,07:00-09:00,0,0,1
ปากซอยอ่อนนุช 74/3,สุขุมวิท 77,09:00-17:00,0,0,1
ปากซอยอ่อนนุช 74/3,สุขุมวิท 77,17:00-19:00,0,0,1
ปากซอยอ่อนนุช 74/3,อ่อนนุช,07:00-09:00,1,0,1
ปากซอยอ่อนนุช 74/3,อ่อนนุช,09:00-16:00,1,0,0
ปากซอยอ่อนนุช 74/3,อ่อนนุช,09:00-17:00,0,0,1
ปากซอยอ่อนนุช 74/3,อ่อนนุช,16:00-19:00,1,0,0
ปากซอยอ่อนนุช 74/3,อ่อนนุช,17:00-19:00,0,0,1
ปากซอยอ่อนนุช 74/3,อ่อนนุช 74/3,07:00-09:00,0,0,1
ปากซอยอ่อนนุช 74/3,อ่อนนุช 74/3,09:00-17:00,0,0,1
ปากซอยอ่อนนุช 74/3,อ่อนนุช 74/3,17:00-19:00,0,0,1
ปากซอยอ่อนุช 65,อ่อนนุช,07:00-09:00,1,0,0
ปากซอยอ่อนุช 65,อ่อนนุช,09:00-16:00,1,0,0
ปากซอยอ่อนุช 65,อ่อนนุช,16:00-19:00,1,0,0
ปากซอยอ่อนุช 65,อ่อนนุช 65,07:00-09:00,1,0,0
ปากซอยอ่อนุช 65,อ่อนนุช 65,09:00-16:00,1,0,0
ปากซอยอ่อนุช 65,อ่อนนุช 65,16:00-19:00,1,0,0
ปากซอยเจริญกรุง 72/1,เจริญกรุง,07:00-09:00,0,1,0
ปากซอยเจริญกรุง 72/1,เจริญกรุง,09:00-16:00,0,1,0
ปากซอยเจริญกรุง 72/1,เจริญกรุง,16:00-19:00,0,1,0
ปากซอยเจริญกรุง 76,เจริญกรุง,07:00-09:00,0,1,0
ปากซอยเจริญกรุง 76,เจริญกรุง,09:00-16:00,0,1,0
ปากซอยเจริญกรุง 76,เจริญกรุง,16:00-19:00,0,1,0
ปากซอยเจริญกรุง 85,เจริญกรุง,07:00-09:00,0,1,0
ปากซอยเจริญกรุง 85,เจริญกรุง,09:00-16:00,0,1,0
ปากซอยเจริญกรุง 85,เจริญกรุง,16:00-19:00,0,1,0
ปากซอยเจริญนคร 12,เจริญนคร,07:00-09:00,0,0,1
ปากซอยเจริญนคร 12,เจริญนคร,09:00-17:00,0,0,1
ปากซอยเจริญนคร 12,เจริญนคร,17:00-19:00,0,0,1
ปากซอยเจริญนคร 12,เจริญนคร 12,07:00-09:00,0,0,1
ปากซอยเจริญนคร 12,เจริญนคร 12,09:00-17:00,0,0,1
ปากซอยเจริญนคร 12,เจริญนคร 12,17:00-19:00,0,0,1
ปากซอยเจริญนคร 13,เจริญนคร,07:00-09:00,0,0,1
ปากซอยเจริญนคร 13,เจริญนคร,09:00-17:00,0,0,1
ปากซอยเจริญนคร 13,เจริญนคร,17:00-19:00,0,0,1
ปากซอยเจริญนคร 14/2,เจริญนคร,07:00-09:00,0,0,1
ปากซอยเจริญนคร 14/2,เจริญนคร,09:00-17:00,0,0,1
ปากซอยเจริญนคร 14/2,เจริญนคร,17:00-19:00,0,0,1
ปากซอยเจริญนคร 28,เจริญนคร,07:00-09:00,0,0,1
ปากซอยเจริญนคร 28,เจริญนคร,09:00-17:00,0,0,1
ปากซอยเจริญนคร 28,เจริญนคร,17:00-19:00,0,0,1
ปากซอยเจริญนคร 39,เจริญนคร,07:00-09:00,0,0,1
ปากซอยเจริญนคร 39,เจริญนคร,09:00-17:00,0,0,1
ปากซอยเจริญนคร 39,เจริญนคร,17:00-19:00,0,0,1
ปากซอยเจริญรัถ 19,เจริญรัก,07:00-09:00,0,0,1
ปากซอยเจริญรัถ 19,เจริญรัก,09:00-17:00,0,0,1
ปากซอยเจริญรัถ 19,เจริญรัก,17:00-19:00,0,0,1
ปากซอยเจริญรัถ 19,เจริญรัก 19,07:00-09:00,0,0,1
ปากซอยเจริญรัถ 19,เจริญรัก 19,09:00-17:00,0,0,1
ปากซอยเจริญรัถ 19,เจริญรัก 19,17:00-19:00,0,0,1
ปากซอยเจริญราษฎร์ 3,ศส 6 เจรญราษฎร,07:00-09:00,1,0,0
ปากซอยเจริญราษฎร์ 3,ศส 6 เจรญราษฎร,09:00-16:00,1,0,0
ปากซอยเจริญราษฎร์ 3,ศส 6 เจรญราษฎร,16:00-19:00,1,0,0
ปากซอยเจริญสุข,พระรามที่ 4,07:00-09:00,0,0,1
ปากซอยเจริญสุข,พระรามที่ 4,09:00-17:00,0,0,1
ปากซอยเจริญสุข,พระรามที่ 4,17:00-19:00,0,0,1
ปากซอยเฉลิมพระเกียรติ ร.9 23,เฉลิมพระเกียรติ ร.9,07:00-09:00,0,0,1
ปากซอยเฉลิมพระเกียรติ ร.9 23,เฉลิมพระเกียรติ ร.9,09:00-17:00,0,0,1
ปากซอยเฉลิมพระเกียรติ ร.9 23,เฉลิมพระเกียรติ ร.9,17:00-19:00,0,0,1
ปากซอยเฉลิมพระเกียรติ ร.9 39,เฉลิมพระเกียรติ ร.9,07:00-09:00,0,0,1
ปากซอยเฉลิมพระเกียรติ ร.9 39,เฉลิมพระเกียรติ ร.9,09:00-17:00,0,0,1
ปากซอยเฉลิมพระเกียรติ ร.9 39,เฉลิมพระเกียรติ ร.9,17:00-19:00,0,0,1
ปากซอยเชื่อมสัมพันธ์ 13,เชื่อมสัมพันธ์,07:00-09:00,0,0,1
ปากซอยเชื่อมสัมพันธ์ 13,เชื่อมสัมพันธ์,09:00-17:00,0,0,1
ปากซอยเชื่อมสัมพันธ์ 13,เชื่อมสัมพันธ์,17:00-19:00,0,0,1
ปากซอยเทพรักษ์ 25,เทพรักษ์,07:00-09:00,0,0,1
ปากซอยเทพรักษ์ 25,เทพรักษ์,09:00-17:00,0,0,1
ปากซอยเทพรักษ์ 25,เทพรักษ์,17:00-19:00,0,0,1
ปากซอยเทพรักษ์ 42,เทพรักษ์,07:00-09:00,0,0,1
ปากซอยเทพรักษ์ 42,เทพรักษ์,09:00-17:00,0,0,1
ปากซอยเทพรักษ์ 42,เทพรักษ์,17:00-19:00,0,0,1
ปากซอยเทียนทะเล 20,เทียนทะเล,07:00-09:00,0,0,1
ปากซอยเทียนทะเล 20,เทียนทะเล,09:00-17:00,0,0,1
ปากซอยเทียนทะเล 20,เทียนทะเล,17:00-19:00,0,0,1
ปากซอยเทียนทะเล 20,เทียนทะเล 20,07:00-09:00,0,0,1
ปากซอยเทียนทะเล 20,เทียนทะเล 20,09:00-17:00,0,0,1
ปากซอยเทียนทะเล 20,เทียนทะเล 20,17:00-19:00,0,0,1
ปากซอยเทียนทะเล 7,เทียนทะเล,07:00-09:00,0,0,1
ปากซอยเทียนทะเล 7,เทียนทะเล,09:00-17:00,0,0,1
ปากซอยเทียนทะเล 7,เทียนทะเล,17:00-19:00,0,0,1
ปากซอยเทียนทะเล 7,เทียนทะเล 7,07:00-09:00,0,0,1
ปากซอยเทียนทะเล 7,เทียนทะเล 7,09:00-17:00,0,0,1
ปากซอยเทียนทะเล 7,เทียนทะเล 7,17:00-19:00,0,0,1
ปากซอยเทียนทะเล 9/1,บางขุนเทียนชายทะเล,07:00-09:00,0,0,1
ปากซอยเทียนทะเล 9/1,บางขุนเทียนชายทะเล,09:00-16:00,0,0,1
ปากซอยเทียนทะเล 9/1,บางขุนเทียนชายทะเล,16:00-19:00,0,0,1
ปากซอยเทียนทะเล 9/1,เทียนทะเล 9/1,07:00-09:00,0,0,1
ปากซอยเทียนทะเล 9/1,เทียนทะเล 9/1,09:00-16:00,0,0,1
ปากซอยเทียนทะเล 9/1,เทียนทะเล 9/1,16:00-19:00,0,0,1
ปากซอยเบญจพร 2,พรานนก - พุทธมณฑลสาย 4,07:00-09:00,1,0,0
ปากซอยเบญจพร 2,พรานนก - พุทธมณฑลสาย 4,09:00-16:00,1,0,0
ปากซอยเบญจพร 2,พรานนก - พุทธมณฑลสาย 4,16:00-19:00,1,0,0
ปากซอยเพชรเกษม 11,เพชรเกษม,07:00-09:00,0,1,0
ปากซอยเพชรเกษม 11,เพชรเกษม,09:00-16:00,0,1,0
ปากซอยเพชรเกษม 11,เพชรเกษม,16:00-19:00,0,1,0
ปากซอยเพชรเกษม 110,เพชรเกษม,07:00-09:00,0,0,1
ปากซอยเพชรเกษม 110,เพชรเกษม,09:00-17:00,0,0,1
ปากซอยเพชรเกษม 110,เพชรเกษม,17:00-19:00,0,0,1
ปากซอยเพชรเกษม 110,เพชรเกษม 110,07:00-09:00,0,0,1
ปากซอยเพชรเกษม 110,เพชรเกษม 110,09:00-17:00,0,0,1
ปากซอยเพชรเกษม 110,เพชรเกษม 110,17:00-19:00,0,0,1
ปากซอยเพชรเกษม 15,เพชรเกษม,06:30-09:00,0,1,0
ปากซอยเพชรเกษม 15,เพชรเกษม,07:00-09:00,0,0,1
ปากซอยเพชรเกษม 15,เพชรเกษม,09:00-16:00,0,1,0
ปากซอยเพชรเกษม 15,เพชรเกษม,09:00-17:00,0,0,1
ปากซอยเพชรเกษม 15,เพชรเกษม,16:00-19:30,0,1,0
ปากซอยเพชรเกษม 15,เพชรเกษม,17:00-19:00,0,0,1
ปากซอยเพชรเกษม 16,เพชรเกษม,07:00-09:00,0,0,1
ปากซอยเพชรเกษม 16,เพชรเกษม,09:00-17:00,0,0,1
ปากซอยเพชรเกษม 16,เพชรเกษม,17:00-19:00,0,0,1
ปากซอยเพชรเกษม 16,เพชรเกษม 16,07:00-09:00,0,0,1
ปากซอยเพชรเกษม 16,เพชรเกษม 16,09:00-17:00,0,0,1
ปากซอยเพชรเกษม 16,เพชรเกษม 16,17:00-19:00,0,0,1
ปากซอยเลียบคลองภาษีเจริญฝั่งใต้ 2/1,เลียบคลองภาษีเจริญฝั่งใต้,07:00-09:00,0,0,1
ปากซอยเลียบคลองภาษีเจริญฝั่งใต้ 2/1,เลียบคลองภาษีเจริญฝั่งใต้,09:00-17:00,0,0,1
ปากซอยเลียบคลองภาษีเจริญฝั่งใต้ 2/1,เลียบคลองภาษีเจริญฝั่งใต้,17:00-19:00,0,0,1
ปากซอยเลียบคลองภาษีเจริญฝั่งใต้ 6,เลียบคลองภาษีเจริญฝั่งใต้,07:00-09:00,0,0,1
ปากซอยเลียบคลองภาษีเจริญฝั่งใต้ 6,เลียบคลองภาษีเจริญฝั่งใต้,09:00-17:00,0,0,1
ปากซอยเลียบคลองภาษีเจริญฝั่งใต้ 6,เลียบคลองภาษีเจริญฝั่งใต้,17:00-19:00,0,0,1
ปากซอยเลียบคลองสอง 19,เลียบคลองสอง,07:00-09:00,0,0,1
ปากซอยเลียบคลองสอง 19,เลียบคลองสอง,09:00-16:00,0,0,1
ปากซอยเลียบคลองสอง 19,เลียบคลองสอง,16:00-19:00,0,0,1
ปากซอยเลียบคลองสอง 28,เลียบคลองสอง,07:00-09:00,0,0,1
ปากซอยเลียบคลองสอง 28,เลียบคลองสอง,09:00-17:00,0,0,1
ปากซอยเลียบคลองสอง 28,เลียบคลองสอง,17:00-19:00,0,0,1
ปากซอยเลียบวารี 11,เลียบวารี,07:00-09:00,0,0,1
ปากซอยเลียบวารี 11,เลียบวารี,09:00-17:00,0,0,1
ปากซอยเลียบวารี 11,เลียบวารี,17:00-19:00,0,0,1
ปากซอยเลียบวารี 29,เลียบวารี,07:00-09:00,0,0,1
ปากซอยเลียบวารี 29,เลียบวารี,09:00-17:00,0,0,1
ปากซอยเลียบวารี 29,เลียบวารี,17:00-19:00,0,0,1
ปากซอยเลียบวารี 55,เลียบวารี,07:00-09:00,0,0,1
ปากซอยเลียบวารี 55,เลียบวารี,09:00-17:00,0,0,1
ปากซอยเลียบวารี 55,เลียบวารี,17:00-19:00,0,0,1
ปากซอยเลียบวารี 59,เลียบวารี,07:00-09:00,0,0,1
ปากซอยเลียบวารี 59,เลียบวารี,09:00-17:00,0,0,1
ปากซอยเลียบวารี 59,เลียบวารี,17:00-19:00,0,0,1
ปากซอยเลียบวารี 59 - 61,เลียบวารี,07:00-09:00,1,0,0
ปากซอยเลียบวารี 59 - 61,เลียบวารี,09:00-16:00,1,0,0
ปากซอยเลียบวารี 59 - 61,เลียบวารี,16:00-19:00,1,0,0
ปากซอยเวชคาม,ประชาชื่น,06:30-09:00,1,0,0
ปากซอยเวชคาม,ประชาชื่น,09:00-16:00,1,0,0
ปากซอยเวชคาม,ประชาชื่น,16:00-19:30,1,0,0
ปากซอยเสรีไทย 23,เสรีไทย,07:00-09:00,0,0,1
ปากซอยเสรีไทย 23,เสรีไทย,09:00-17:00,0,0,1
ปากซอยเสรีไทย 23,เสรีไทย,17:00-19:00,0,0,1
ปากซอยเสรีไทย 68,ซอย เสรีไทย 68,07:00-09:00,1,0,0
ปากซอยเสรีไทย 68,ซอย เสรีไทย 68,09:00-16:00,1,0,0
ปากซอยเสรีไทย 68,ซอย เสรีไทย 68,16:00-19:00,1,0,0
ปากซอยเสรีไทย 68,เสรีไทย,07:00-09:00,1,0,0
ปากซอยเสรีไทย 68,เสรีไทย,09:00-16:00,1,0,0
ปากซอยเสรีไทย 68,เสรีไทย,16:00-19:00,1,0,0
ปากซอยเสร็ไทย 68,เสรีไทย,06:30-09:00,1,0,0
ปากซอยเสร็ไทย 68,เสรีไทย,09:00-16:00,1,0,0
ปากซอยเสร็ไทย 68,เสรีไทย,16:00-19:30,1,0,0
ปากซอยเอกชัย 64/5,เอกชัย,07:00-09:00,0,0,1
ปากซอยเอกชัย 64/5,เอกชัย,09:00-17:00,0,0,1
ปากซอยเอกชัย 64/5,เอกชัย,17:00-19:00,0,0,1
ปากซอยเอกชัย 64/5,เอกชัย 64/5,07:00-09:00,0,0,1
ปากซอยเอกชัย 64/5,เอกชัย 64/5,09:00-17:00,0,0,1
ปากซอยเอกชัย 64/5,เอกชัย 64/5,17:00-19:00,0,0,1
ปากซอยแจ้งวัฒนะ 10,แจ้งวัฒนะ,07:00-09:00,0,0,1
ปากซอยแจ้งวัฒนะ 10,แจ้งวัฒนะ,09:00-17:00,0,0,1
ปากซอยแจ้งวัฒนะ 10,แจ้งวัฒนะ,17:00-19:00,0,0,1
ปากซอยแจ้งวัฒนะ 10,แจ้งวัฒนะ 10,07:00-09:00,0,0,1
ปากซอยแจ้งวัฒนะ 10,แจ้งวัฒนะ 10,09:00-17:00,0,0,1
ปากซอยแจ้งวัฒนะ 10,แจ้งวัฒนะ 10,17:00-19:00,0,0,1
ปากซอยแจ้งวัฒนะ 13,แจ้งวัฒนะ,06:30-09:00,1,0,0
ปากซอยแจ้งวัฒนะ 13,แจ้งวัฒนะ,09:00-16:00,1,0,0
ปากซอยแจ้งวัฒนะ 13,แจ้งวัฒนะ,16:00-19:30,1,0,0
ปากซอยแจ้งวัฒนะ 7,ซอยแจ้งวัฒนะ 7,07:00-09:00,1,0,0
ปากซอยแจ้งวัฒนะ 7,ซอยแจ้งวัฒนะ 7,09:00-16:00,1,0,0
ปากซอยแจ้งวัฒนะ 7,ซอยแจ้งวัฒนะ 7,16:00-19:00,1,0,0
ปากซอยแจ้งวัฒนะ 7,แจ้งวัฒนะ,07:00-09:00,1,0,0
ปากซอยแจ้งวัฒนะ 7,แจ้งวัฒนะ,09:00-16:00,1,0,0
ปากซอยแจ้งวัฒนะ 7,แจ้งวัฒนะ,16:00-19:00,1,0,0
ปากซอยแม้นศรี 2,บำรุงเมือง,07:00-09:00,0,1,0
ปากซอยแม้นศรี 2,บำรุงเมือง,09:00-16:00,0,1,0
ปากซอยแม้นศรี 2,บำรุงเมือง,16:00-19:00,0,1,0
ปากซอยโรงงานยาสูบ,ซอยโรงงานยาสูบ,07:00-09:00,1,0,0
ปากซอยโรงงานยาสูบ,ซอยโรงงานยาสูบ,09:00-16:00,1,0,0
ปากซอยโรงงานยาสูบ,ซอยโรงงานยาสูบ,16:00-19:00,1,0,0
ปากซอยโรงงานยาสูบ,พระรามที่ 4,07:00-09:00,1,0,0
ปากซอยโรงงานยาสูบ,พระรามที่ 4,09:00-16:00,1,0,0
ปากซอยโรงงานยาสูบ,พระรามที่ 4,16:00-19:00,1,0,0
ปากทางลาดพร้าว,พหลโยธิน,07:00-09:00,1,1,1
ปากทางลาดพร้าว,พหลโยธิน,09:00-16:00,1,1,1
ปากทางลาดพร้าว,พหลโยธิน,16:00-19:00,1,1,1
ปากทางลาดพร้าว,ลาดพร้าว,07:00-09:00,1,1,1
ปากทางลาดพร้าว,ลาดพร้าว,09:00-16:00,1,1,1
ปากทางลาดพร้าว,ลาดพร้าว,16:00-19:00,1,1,1
ปากทางเข้าแฟลตทหารเรือ,สุขสวัสดิ์ 26,07:00-09:00,0,0,1
ปากทางเข้าแฟลตทหารเรือ,สุขสวัสดิ์ 26,09:00-17:00,0,0,1
ปากทางเข้าแฟลตทหารเรือ,สุขสวัสดิ์ 26,17:00-19:00,0,0,1
ปุณวิถี,ซอยสุขุมวิท 101,07:00-09:00,1,0,0
ปุณวิถี,ซอยสุขุมวิท 101,09:00-16:00,1,0,0
ปุณวิถี,ซอยสุขุมวิท 101,16:00-19:00,1,0,0
ปุณวิถี,สุขุมวิท,07:00-09:00,1,0,2
ปุณวิถี,สุขุมวิท,09:00-16:00,1,0,1
ปุณวิถี,สุขุมวิท,09:00-17:00,0,0,1
ปุณวิถี,สุขุมวิท,16:00-19:00,1,0,1
ปุณวิถี,สุขุมวิท,17:00-19:00,0,0,1
ปุณวิถี,สุขุมวิท 101,07:00-09:00,0,0,1
ปุณวิถี,สุขุมวิท 101,09:00-16:00,0,0,1
ปุณวิถี,สุขุมวิท 101,16:00-19:00,0,0,1
ปุณวิถี,สุขุมวิท 101/1,07:00-09:00,0,0,1
ปุณวิถี,สุขุมวิท 101/1,09:00-17:00,0,0,1
ปุณวิถี,สุขุมวิท 101/1,17:00-19:00,0,0,1
ป้อมมหากาฬ,พระสุเมรุ,06:30-09:00,0,1,0
ป้อมมหากาฬ,พระสุเมรุ,07:00-09:00,1,0,1
ป้อมมหากาฬ,พระสุเมรุ,09:00-16:00,1,1,1
ป้อมมหากาฬ,พระสุเมรุ,16:00-19:00,1,0,1
ป้อมมหากาฬ,พระสุเมรุ,16:00-19:30,0,1,0
ป้อมมหากาฬ,มหาไชย,07:00-09:00,1,1,1
ป้อมมหากาฬ,มหาไชย,09:00-16:00,1,1,1
ป้อมมหากาฬ,มหาไชย,16:00-19:00,1,1,1
ป้อมมหากาฬ,ราชดำเนินกลาง,06:30-09:00,0,1,0
ป้อมมหากาฬ,ราชดำเนินกลาง,07:00-09:00,1,0,1
ป้อมมหากาฬ,ราชดำเนินกลาง,09:00-16:00,1,1,1
ป้อมมหากาฬ,ราชดำเนินกลาง,16:00-19:00,1,0,1
ป้อมมหากาฬ,ราชดำเนินกลาง,16:00-19:30,0,1,0
ป้อมเผด็จ,ถนนราชดำเนินใน,07:00-09:00,0,0,1
ป้อมเผด็จ,ถนนราชดำเนินใน,09:00-17:00,0,0,1
ป้อมเผด็จ,ถนนราชดำเนินใน,17:00-19:00,0,0,1
ป้อมเผด็จ,ถนนสนามไชย,07:00-09:00,0,0,1
ป้อมเผด็จ,ถนนสนามไชย,09:00-17:00,0,0,1
ป้อมเผด็จ,ถนนสนามไชย,17:00-19:00,0,0,1
ป้อมเผด็จ,ถนนหน้าพระลาน,07:00-09:00,0,0,1
ป้อมเผด็จ,ถนนหน้าพระลาน,09:00-17:00,0,0,1
ป้อมเผด็จ,ถนนหน้าพระลาน,17:00-19:00,0,0,1
ป้อมเผด็จ,ถนนหลักเมือง,07:00-09:00,0,0,1
ป้อมเผด็จ,ถนนหลักเมือง,09:00-17:00,0,0,1
ป้อมเผด็จ,ถนนหลักเมือง,17:00-19:00,0,0,1
ป้อมเผด็จ,ราชดำเนิน,07:00-09:00,0,1,0
ป้อมเผด็จ,ราชดำเนิน,09:00-16:00,0,1,0
ป้อมเผด็จ,ราชดำเนิน,16:00-19:00,0,1,0
ป้อมเผด็จ,ราชดำเนินใน,06:30-09:00,1,0,0
ป้อมเผด็จ,ราชดำเนินใน,07:00-09:00,0,1,0
ป้อมเผด็จ,ราชดำเนินใน,09:00-16:00,1,1,0
ป้อมเผด็จ,ราชดำเนินใน,16:00-19:00,0,1,0
ป้อมเผด็จ,ราชดำเนินใน,16:00-19:30,1,0,0
ป้อมเผด็จ,สนามไชย,06:30-09:00,1,0,0
ป้อมเผด็จ,สนามไชย,07:00-09:00,0,2,0
ป้อมเผด็จ,สนามไชย,09:00-16:00,1,2,0
ป้อมเผด็จ,สนามไชย,16:00-19:00,0,2,0
ป้อมเผด็จ,สนามไชย,16:00-19:30,1,0,0
ป้อมเผด็จ,หน้าพระลาน,07:00-09:00,1,1,0
ป้อมเผด็จ,หน้าพระลาน,09:00-16:00,1,1,0
ป้อมเผด็จ,หน้าพระลาน,16:00-19:00,1,1,0
ป้อมเผด็จ,หลักเมือง,07:00-09:00,1,2,0
ป้อมเผด็จ,หลักเมือง,09:00-16:00,1,2,0
ป้อมเผด็จ,หลักเมือง,16:00-19:00,1,2,0
ผดุงพันธ์,ผดุงพันธ์,07:00-09:00,0,0,1
ผดุงพันธ์,ผดุงพันธ์,09:00-16:00,0,0,1
ผดุงพันธ์,ผดุงพันธ์,16:00-19:00,0,0,1
ผดุงพันธ์ - บุรีภิรมย์,บุรีภิรมณ์ 1,07:00-09:00,0,0,1
ผดุงพันธ์ - บุรีภิรมย์,บุรีภิรมณ์ 1,09:00-17:00,0,0,1
ผดุงพันธ์ - บุรีภิรมย์,บุรีภิรมณ์ 1,17:00-19:00,0,0,1
ผดุงพันธ์ - บุรีภิรมย์,ผดุงพันธ์ (SB),07:00-09:00,0,0,1
ผดุงพันธ์ - บุรีภิรมย์,ผดุงพันธ์ (SB),09:00-17:00,0,0,1
ผดุงพันธ์ - บุรีภิรมย์,ผดุงพันธ์ (SB),17:00-19:00,0,0,1
ผดุงพันธ์ - บุรีภิรมย์,ผดุงพันธ์ (WB),07:00-09:00,0,0,1
ผดุงพันธ์ - บุรีภิรมย์,ผดุงพันธ์ (WB),09:00-17:00,0,0,1
ผดุงพันธ์ - บุรีภิรมย์,ผดุงพันธ์ (WB),17:00-19:00,0,0,1
ผดุงพันธ์ - ยังพัธนา,ผดุงพันธ์,07:00-09:00,0,0,1
ผดุงพันธ์ - ยังพัธนา,ผดุงพันธ์,09:00-17:00,0,0,1
ผดุงพันธ์ - ยังพัธนา,ผดุงพันธ์,17:00-19:00,0,0,1
ผดุงพันธ์ - ยังพัธนา,ยังพัธนา,07:00-09:00,0,0,1
ผดุงพันธ์ - ยังพัธนา,ยังพัธนา,09:00-17:00,0,0,1
ผดุงพันธ์ - ยังพัธนา,ยังพัธนา,17:00-19:00,0,0,1
ผลาสินธุ์ - ทางเข้าออกแฟลต ทบ.ส่วนกลางบางเขน,ทางเข้าออกแฟลต ทบ.ส่วนกลางบางเขน,07:00-09:00,0,0,1
ผลาสินธุ์ - ทางเข้าออกแฟลต ทบ.ส่วนกลางบางเขน,ทางเข้าออกแฟลต ทบ.ส่วนกลางบางเขน,09:00-17:00,0,0,1
ผลาสินธุ์ - ทางเข้าออกแฟลต ทบ.ส่วนกลางบางเขน,ทางเข้าออกแฟลต ทบ.ส่วนกลางบางเขน,17:00-19:00,0,0,1
ผลาสินธุ์ - ทางเข้าออกแฟลต ทบ.ส่วนกลางบางเขน,ผลาสินธุ์,07:00-09:00,0,0,1
ผลาสินธุ์ - ทางเข้าออกแฟลต ทบ.ส่วนกลางบางเขน,ผลาสินธุ์,09:00-17:00,0,0,1
ผลาสินธุ์ - ทางเข้าออกแฟลต ทบ.ส่วนกลางบางเขน,ผลาสินธุ์,17:00-19:00,0,0,1
ผังเมือง,ถนนพระราม 9,07:00-09:00,0,0,1
ผังเมือง,ถนนพระราม 9,09:00-17:00,0,0,1
ผังเมือง,ถนนพระราม 9,17:00-19:00,0,0,1
ผังเมือง,พระราม 9,07:00-09:00,1,1,1
ผังเมือง,พระราม 9,09:00-16:00,1,1,1
ผังเมือง,พระราม 9,16:00-19:00,1,1,1
ผังเมือง,พระราม 9 ซ.6 / รอยัลซิตี้อเวนิว,07:00-09:00,0,0,1
ผังเมือง,พระราม 9 ซ.6 / รอยัลซิตี้อเวนิว,09:00-17:00,0,0,1
ผังเมือง,พระราม 9 ซ.6 / รอยัลซิตี้อเวนิว,17:00-19:00,0,0,1
ผังเมือง,รอยัลซิติ้อเวนิว,07:00-09:00,1,0,0
ผังเมือง,รอยัลซิติ้อเวนิว,09:00-16:00,1,0,0
ผังเมือง,รอยัลซิติ้อเวนิว,16:00-19:00,1,0,0
ผังเมือง,รอยัลซิตี้อเวนิว,07:00-09:00,0,0,1
ผังเมือง,รอยัลซิตี้อเวนิว,09:00-16:00,0,0,1
ผังเมือง,รอยัลซิตี้อเวนิว,16:00-19:00,0,0,1
ผังเมือง,รอยัลซีตี้อเวนิว,07:00-09:00,0,1,0
ผังเมือง,รอยัลซีตี้อเวนิว,09:00-16:00,0,1,0
ผังเมือง,รอยัลซีตี้อเวนิว,16:00-19:00,0,1,0
ผังเมือง,วัฒนธรรม,07:00-09:00,1,1,2
ผังเมือง,วัฒนธรรม,09:00-16:00,1,1,1
ผังเมือง,วัฒนธรรม,09:00-17:00,0,0,1
ผังเมือง,วัฒนธรรม,16:00-19:00,1,1,1
ผังเมือง,วัฒนธรรม,17:00-19:00,0,0,1
ผ่องพลอย,ลาซาล,07:00-09:00,0,0,2
ผ่องพลอย,ลาซาล,09:00-17:00,0,0,2
ผ่องพลอย,ลาซาล,17:00-19:00,0,0,2
ผ่องพลอย,ลาซาล 46,06:30-09:00,0,1,0
ผ่องพลอย,ลาซาล 46,07:00-09:00,0,0,2
ผ่องพลอย,ลาซาล 46,09:00-16:00,0,1,0
ผ่องพลอย,ลาซาล 46,09:00-17:00,0,0,2
ผ่องพลอย,ลาซาล 46,16:00-19:30,0,1,0
ผ่องพลอย,ลาซาล 46,17:00-19:00,0,0,2
ผ่องพลอย,ลาซาล 55,07:00-09:00,0,1,2
ผ่องพลอย,ลาซาล 55,09:00-16:00,0,1,0
ผ่องพลอย,ลาซาล 55,09:00-17:00,0,0,2
ผ่องพลอย,ลาซาล 55,16:00-19:00,0,1,0
ผ่องพลอย,ลาซาล 55,17:00-19:00,0,0,2
ผ่องพลอย,ลาซาล(สุขุมวิท 105),07:00-09:00,0,1,0
ผ่องพลอย,ลาซาล(สุขุมวิท 105),09:00-16:00,0,1,0
ผ่องพลอย,ลาซาล(สุขุมวิท 105),16:00-19:00,0,1,0
ผ่านพิภพ,จักรพงษ์,07:00-09:00,1,0,0
ผ่านพิภพ,จักรพงษ์,09:00-16:00,1,0,0
ผ่านพิภพ,จักรพงษ์,16:00-19:00,1,0,0
ผ่านพิภพ,ราชดำเนินกลาง,07:00-09:00,1,0,0
ผ่านพิภพ,ราชดำเนินกลาง,09:00-16:00,1,0,0
ผ่านพิภพ,ราชดำเนินกลาง,16:00-19:00,1,0,0
ผ่านพิภพ,ราชดำเนินใน,07:00-09:00,1,0,0
ผ่านพิภพ,ราชดำเนินใน,09:00-16:00,1,0,0
ผ่านพิภพ,ราชดำเนินใน,16:00-19:00,1,0,0
ผ่านพิภพ,สมเด็จพระปิ่นเกล้า,07:00-09:00,1,0,0
ผ่านพิภพ,สมเด็จพระปิ่นเกล้า,09:00-16:00,1,0,0
ผ่านพิภพ,สมเด็จพระปิ่นเกล้า,16:00-19:00,1,0,0
ผ่านพิภพลีลา,จักรพงษ์,07:00-09:00,0,1,1
ผ่านพิภพลีลา,จักรพงษ์,09:00-16:00,0,1,1
ผ่านพิภพลีลา,จักรพงษ์,16:00-19:00,0,1,1
ผ่านพิภพลีลา,ราชดำเนินกลาง,07:00-09:00,0,1,1
ผ่านพิภพลีลา,ราชดำเนินกลาง,09:00-16:00,0,1,1
ผ่านพิภพลีลา,ราชดำเนินกลาง,16:00-19:00,0,1,1
ผ่านพิภพลีลา,ราชดำเนินใน,07:00-09:00,0,1,1
ผ่านพิภพลีลา,ราชดำเนินใน,09:00-16:00,0,1,1
ผ่านพิภพลีลา,ราชดำเนินใน,16:00-19:00,0,1,1
ผ่านพิภพลีลา,สมเด็จพระปิ่นเกล้า,07:00-09:00,0,1,1
ผ่านพิภพลีลา,สมเด็จพระปิ่นเกล้า,09:00-16:00,0,1,1
ผ่านพิภพลีลา,สมเด็จพระปิ่นเกล้า,16:00-19:00,0,1,1
ผ่านฟ้า,นครสวรรค์,07:00-09:00,1,1,0
ผ่านฟ้า,นครสวรรค์,09:00-16:00,1,1,0
ผ่านฟ้า,นครสวรรค์,16:00-19:00,1,1,0
ผ่านฟ้า,บรพิตัร,07:00-09:00,0,1,0
ผ่านฟ้า,บรพิตัร,09:00-16:00,0,1,0
ผ่านฟ้า,บรพิตัร,16:00-19:00,0,1,0
ผ่านฟ้า,บริพัตร,07:00-09:00,1,0,0
ผ่านฟ้า,บริพัตร,09:00-16:00,1,0,0
ผ่านฟ้า,บริพัตร,16:00-19:00,1,0,0
ผ่านฟ้า,ปรินายก,07:00-09:00,1,1,0
ผ่านฟ้า,ปรินายก,09:00-16:00,1,1,0
ผ่านฟ้า,ปรินายก,16:00-19:00,1,1,0
ผ่านฟ้า,ราชดำเนินกลาง,07:00-09:00,1,1,0
ผ่านฟ้า,ราชดำเนินกลาง,09:00-16:00,1,1,0
ผ่านฟ้า,ราชดำเนินกลาง,16:00-19:00,1,1,0
ผ่านฟ้า,ราชดำเนินนอก,07:00-09:00,1,1,0
ผ่านฟ้า,ราชดำเนินนอก,09:00-16:00,1,1,0
ผ่านฟ้า,ราชดำเนินนอก,16:00-19:00,1,1,0
ผ่านฟ้า,หลานหลวง,07:00-09:00,1,1,0
ผ่านฟ้า,หลานหลวง,09:00-16:00,1,1,0
ผ่านฟ้า,หลานหลวง,16:00-19:00,1,1,0
ผ่านฟ้าลีลาศ,นครสวรรค์,07:00-09:00,0,0,2
ผ่านฟ้าลีลาศ,นครสวรรค์,09:00-17:00,0,0,2
ผ่านฟ้าลีลาศ,นครสวรรค์,17:00-19:00,0,0,2
ผ่านฟ้าลีลาศ,บริพัตร,07:00-09:00,0,0,2
ผ่านฟ้าลีลาศ,บริพัตร,09:00-17:00,0,0,2
ผ่านฟ้าลีลาศ,บริพัตร,17:00-19:00,0,0,2
ผ่านฟ้าลีลาศ,ปรินายก,07:00-09:00,0,0,2
ผ่านฟ้าลีลาศ,ปรินายก,09:00-17:00,0,0,2
ผ่านฟ้าลีลาศ,ปรินายก,17:00-19:00,0,0,2
ผ่านฟ้าลีลาศ,ราชดำเนินกลาง,07:00-09:00,0,0,2
ผ่านฟ้าลีลาศ,ราชดำเนินกลาง,09:00-17:00,0,0,2
ผ่านฟ้าลีลาศ,ราชดำเนินกลาง,17:00-19:00,0,0,2
ผ่านฟ้าลีลาศ,ราชดำเนินนอก,07:00-09:00,0,0,2
ผ่านฟ้าลีลาศ,ราชดำเนินนอก,09:00-17:00,0,0,2
ผ่านฟ้าลีลาศ,ราชดำเนินนอก,17:00-19:00,0,0,2
ผ่านฟ้าลีลาศ,หลานหลวง,07:00-09:00,0,0,2
ผ่านฟ้าลีลาศ,หลานหลวง,09:00-17:00,0,0,2
ผ่านฟ้าลีลาศ,หลานหลวง,17:00-19:00,0,0,2
ผ่านภิภพลีลา,จักรพงษ์,07:00-09:00,0,0,1
ผ่านภิภพลีลา,จักรพงษ์,09:00-17:00,0,0,1
ผ่านภิภพลีลา,จักรพงษ์,17:00-19:00,0,0,1
ผ่านภิภพลีลา,ราชดำเนินกลาง,07:00-09:00,0,0,1
ผ่านภิภพลีลา,ราชดำเนินกลาง,09:00-17:00,0,0,1
ผ่านภิภพลีลา,ราชดำเนินกลาง,17:00-19:00,0,0,1
ผ่านภิภพลีลา,ราชดำเนินใน,07:00-09:00,0,0,1
ผ่านภิภพลีลา,ราชดำเนินใน,09:00-17:00,0,0,1
ผ่านภิภพลีลา,ราชดำเนินใน,17:00-19:00,0,0,1
ผ่านภิภพลีลา,สมเด็จพระปิ่นเกล้า,07:00-09:00,0,0,1
ผ่านภิภพลีลา,สมเด็จพระปิ่นเกล้า,09:00-17:00,0,0,1
ผ่านภิภพลีลา,สมเด็จพระปิ่นเกล้า,17:00-19:00,0,0,1
พงษ์พระราม,จารุเมือง,07:00-09:00,1,1,2
พงษ์พระราม,จารุเมือง,09:00-16:00,1,1,0
พงษ์พระราม,จารุเมือง,09:00-17:00,0,0,2
พงษ์พระราม,จารุเมือง,16:00-19:00,1,1,0
พงษ์พระราม,จารุเมือง,17:00-19:00,0,0,2
พงษ์พระราม,พระรามที่ 1,07:00-09:00,1,1,2
พงษ์พระราม,พระรามที่ 1,09:00-16:00,1,1,0
พงษ์พระราม,พระรามที่ 1,09:00-17:00,0,0,2
พงษ์พระราม,พระรามที่ 1,16:00-19:00,1,1,0
พงษ์พระราม,พระรามที่ 1,17:00-19:00,0,0,2
พงษ์เพชร,งามวงศ์วาน,06:30-09:00,1,0,0
พงษ์เพชร,งามวงศ์วาน,07:00-09:00,1,1,2
พงษ์เพชร,งามวงศ์วาน,09:00-16:00,2,1,0
พงษ์เพชร,งามวงศ์วาน,09:00-17:00,0,0,2
พงษ์เพชร,งามวงศ์วาน,16:00-19:00,1,1,0
พงษ์เพชร,งามวงศ์วาน,16:00-19:30,1,0,0
พงษ์เพชร,งามวงศ์วาน,17:00-19:00,0,0,2
พงษ์เพชร,ประชาชื่น,06:30-09:00,1,0,0
พงษ์เพชร,ประชาชื่น,07:00-09:00,1,1,2
พงษ์เพชร,ประชาชื่น,09:00-16:00,2,1,0
พงษ์เพชร,ประชาชื่น,09:00-17:00,0,0,2
พงษ์เพชร,ประชาชื่น,16:00-19:00,1,1,0
พงษ์เพชร,ประชาชื่น,16:00-19:30,1,0,0
พงษ์เพชร,ประชาชื่น,17:00-19:00,0,0,2
พญาไท,พญาไท,07:00-09:00,1,1,3
พญาไท,พญาไท,09:00-16:00,1,1,0
พญาไท,พญาไท,09:00-17:00,0,0,3
พญาไท,พญาไท,16:00-19:00,1,1,0
พญาไท,พญาไท,17:00-19:00,0,0,3
พญาไท,ศรีอยุธยา,07:00-09:00,1,1,3
พญาไท,ศรีอยุธยา,09:00-16:00,1,1,0
พญาไท,ศรีอยุธยา,09:00-17:00,0,0,3
พญาไท,ศรีอยุธยา,16:00-19:00,1,1,0
พญาไท,ศรีอยุธยา,17:00-19:00,0,0,3
พทุธมณฑลสาย 1 - บางแวก,บางแวก,07:00-09:00,0,1,0
พทุธมณฑลสาย 1 - บางแวก,บางแวก,09:00-16:00,0,1,0
พทุธมณฑลสาย 1 - บางแวก,บางแวก,16:00-19:00,0,1,0
พทุธมณฑลสาย 1 - บางแวก,พุทธมณฑลสาย 1,07:00-09:00,0,1,0
พทุธมณฑลสาย 1 - บางแวก,พุทธมณฑลสาย 1,09:00-16:00,0,1,0
พทุธมณฑลสาย 1 - บางแวก,พุทธมณฑลสาย 1,16:00-19:00,0,1,0
พระยาสุเรนทร์ - จตุโชติ,จตุโชติ,07:00-09:00,0,0,1
พระยาสุเรนทร์ - จตุโชติ,จตุโชติ,09:00-17:00,0,0,1
พระยาสุเรนทร์ - จตุโชติ,จตุโชติ,17:00-19:00,0,0,1
พระยาสุเรนทร์ - จตุโชติ,พระยาสุเรนทร์,07:00-09:00,0,0,1
พระยาสุเรนทร์ - จตุโชติ,พระยาสุเรนทร์,09:00-17:00,0,0,1
พระยาสุเรนทร์ - จตุโชติ,พระยาสุเรนทร์,17:00-19:00,0,0,1
พระราม 2 ซ.50 แยก 5,พระราม 2 ซ.50,07:00-09:00,0,0,1
พระราม 2 ซ.50 แยก 5,พระราม 2 ซ.50,09:00-17:00,0,0,1
พระราม 2 ซ.50 แยก 5,พระราม 2 ซ.50,17:00-19:00,0,0,1
พระราม 2 ซ.69 แยก 1,พระราม 2 ซอย 69,07:00-09:00,0,0,1
พระราม 2 ซ.69 แยก 1,พระราม 2 ซอย 69,09:00-17:00,0,0,1
พระราม 2 ซ.69 แยก 1,พระราม 2 ซอย 69,17:00-19:00,0,0,1
พระราม 2 ซ.69 แยก 1,พระราม 2 ซอย 69 แยก 1,07:00-09:00,0,0,1
พระราม 2 ซ.69 แยก 1,พระราม 2 ซอย 69 แยก 1,09:00-17:00,0,0,1
พระราม 2 ซ.69 แยก 1,พระราม 2 ซอย 69 แยก 1,17:00-19:00,0,0,1
พระราม 2 ซ.69 แยก 2,พระราม 2 ซอย 69,07:00-09:00,0,0,1
พระราม 2 ซ.69 แยก 2,พระราม 2 ซอย 69,09:00-17:00,0,0,1
พระราม 2 ซ.69 แยก 2,พระราม 2 ซอย 69,17:00-19:00,0,0,1
พระราม 2 ซ.69 แยก 2,พระราม 2 ซอย 69 แยก 2,07:00-09:00,0,0,1
พระราม 2 ซ.69 แยก 2,พระราม 2 ซอย 69 แยก 2,09:00-17:00,0,0,1
พระราม 2 ซ.69 แยก 2,พระราม 2 ซอย 69 แยก 2,17:00-19:00,0,0,1
พระราม 2 ซ.69 แยก 3,พระราม 2 ซอย 69,07:00-09:00,0,0,1
พระราม 2 ซ.69 แยก 3,พระราม 2 ซอย 69,09:00-17:00,0,0,1
พระราม 2 ซ.69 แยก 3,พระราม 2 ซอย 69,17:00-19:00,0,0,1
พระราม 2 ซ.69 แยก 3,พระราม 2 ซอย 69 แยก 3,07:00-09:00,0,0,1
พระราม 2 ซ.69 แยก 3,พระราม 2 ซอย 69 แยก 3,09:00-17:00,0,0,1
พระราม 2 ซ.69 แยก 3,พระราม 2 ซอย 69 แยก 3,17:00-19:00,0,0,1
พระราม 3 - รัชดา,พระรามที่ 3,07:00-09:00,0,0,1
พระราม 3 - รัชดา,พระรามที่ 3,09:00-17:00,0,0,1
พระราม 3 - รัชดา,พระรามที่ 3,17:00-19:00,0,0,1
พระราม 3 - รัชดา,รัชดาภิเษก,07:00-09:00,0,0,1
พระราม 3 - รัชดา,รัชดาภิเษก,09:00-17:00,0,0,1
พระราม 3 - รัชดา,รัชดาภิเษก,17:00-19:00,0,0,1
พระราม 3 -รัชดา,พระรามที่ 3,07:00-09:00,0,0,1
พระราม 3 -รัชดา,พระรามที่ 3,09:00-17:00,0,0,1
พระราม 3 -รัชดา,พระรามที่ 3,17:00-19:00,0,0,1
พระราม 3 -รัชดา,รัชดาภิเษก,07:00-09:00,0,0,1
พระราม 3 -รัชดา,รัชดาภิเษก,09:00-17:00,0,0,1
พระราม 3 -รัชดา,รัชดาภิเษก,17:00-19:00,0,0,1
พระราม 9,พระราม 9,07:00-09:00,2,2,2
พระราม 9,พระราม 9,09:00-16:00,2,2,0
พระราม 9,พระราม 9,09:00-17:00,0,0,2
พระราม 9,พระราม 9,16:00-19:00,2,2,0
พระราม 9,พระราม 9,17:00-19:00,0,0,2
พระราม 9,รัชดาภิเษก,07:00-09:00,2,2,2
พระราม 9,รัชดาภิเษก,09:00-16:00,2,2,0
พระราม 9,รัชดาภิเษก,09:00-17:00,0,0,2
พระราม 9,รัชดาภิเษก,16:00-19:00,2,2,0
พระราม 9,รัชดาภิเษก,17:00-19:00,0,0,2
พระราม 9,อโศกดินแดง,07:00-09:00,2,2,2
พระราม 9,อโศกดินแดง,09:00-16:00,2,2,0
พระราม 9,อโศกดินแดง,09:00-17:00,0,0,2
พระราม 9,อโศกดินแดง,16:00-19:00,2,2,0
พระราม 9,อโศกดินแดง,17:00-19:00,0,0,2
พระราม 9 - ประดิษฐ์มนูธรรม,ประดิษฐ์มนูธรรม,07:00-09:00,1,0,0
พระราม 9 - ประดิษฐ์มนูธรรม,ประดิษฐ์มนูธรรม,09:00-16:00,1,0,0
พระราม 9 - ประดิษฐ์มนูธรรม,ประดิษฐ์มนูธรรม,16:00-19:00,1,0,0
พระราม 9 - ประดิษฐ์มนูธรรม,พระราม 9,07:00-09:00,1,0,0
พระราม 9 - ประดิษฐ์มนูธรรม,พระราม 9,09:00-16:00,1,0,0
พระราม 9 - ประดิษฐ์มนูธรรม,พระราม 9,16:00-19:00,1,0,0
พระราม 9 -ประดิษฐ์มนูธรรม,ประดิษฐ์มนูธรรม,07:00-09:00,0,0,1
พระราม 9 -ประดิษฐ์มนูธรรม,ประดิษฐ์มนูธรรม,09:00-17:00,0,0,1
พระราม 9 -ประดิษฐ์มนูธรรม,ประดิษฐ์มนูธรรม,17:00-19:00,0,0,1
พระราม 9 -ประดิษฐ์มนูธรรม,พระราม 9,07:00-09:00,0,0,1
พระราม 9 -ประดิษฐ์มนูธรรม,พระราม 9,09:00-17:00,0,0,1
พระราม 9 -ประดิษฐ์มนูธรรม,พระราม 9,17:00-19:00,0,0,1
พระราม 9 ใหม่,พระราม 9,07:00-09:00,0,1,1
พระราม 9 ใหม่,พระราม 9,09:00-16:00,0,1,0
พระราม 9 ใหม่,พระราม 9,09:00-17:00,0,0,1
พระราม 9 ใหม่,พระราม 9,16:00-19:00,0,1,0
พระราม 9 ใหม่,พระราม 9,17:00-19:00,0,0,1
พระราม 9 ใหม่,พระรามที่ 9,07:00-09:00,1,0,0
พระราม 9 ใหม่,พระรามที่ 9,09:00-16:00,1,0,0
พระราม 9 ใหม่,พระรามที่ 9,16:00-19:00,1,0,0
พระราม 9 ใหม่,เพชรพระราม,07:00-09:00,1,1,1
พระราม 9 ใหม่,เพชรพระราม,09:00-16:00,1,1,0
พระราม 9 ใหม่,เพชรพระราม,09:00-17:00,0,0,1
พระราม 9 ใหม่,เพชรพระราม,16:00-19:00,1,1,0
พระราม 9 ใหม่,เพชรพระราม,17:00-19:00,0,0,1
พระราม 9 – ประดิษฐ์มนูธรรม,ประดิษฐ์มนูธรรม,07:00-09:00,0,0,1
พระราม 9 – ประดิษฐ์มนูธรรม,ประดิษฐ์มนูธรรม,09:00-16:00,0,0,1
พระราม 9 – ประดิษฐ์มนูธรรม,ประดิษฐ์มนูธรรม,16:00-19:00,0,0,1
พระราม 9 – ประดิษฐ์มนูธรรม,พระราม 9,07:00-09:00,0,0,1
พระราม 9 – ประดิษฐ์มนูธรรม,พระราม 9,09:00-16:00,0,0,1
พระราม 9 – ประดิษฐ์มนูธรรม,พระราม 9,16:00-19:00,0,0,1
พระรามที่ 2,พระรามที่ 2,07:00-09:00,0,1,3
พระรามที่ 2,พระรามที่ 2,09:00-16:00,0,1,0
พระรามที่ 2,พระรามที่ 2,09:00-17:00,0,0,3
พระรามที่ 2,พระรามที่ 2,16:00-19:00,0,1,0
พระรามที่ 2,พระรามที่ 2,17:00-19:00,0,0,3
พระรามที่ 2,สุขสวัสดิ์,07:00-09:00,0,1,3
พระรามที่ 2,สุขสวัสดิ์,09:00-16:00,0,1,0
พระรามที่ 2,สุขสวัสดิ์,09:00-17:00,0,0,3
พระรามที่ 2,สุขสวัสดิ์,16:00-19:00,0,1,0
พระรามที่ 2,สุขสวัสดิ์,17:00-19:00,0,0,3
พระรามที่ 2 ซอย 20,พระรามที่ 2,07:00-09:00,0,0,1
พระรามที่ 2 ซอย 20,พระรามที่ 2,09:00-17:00,0,0,1
พระรามที่ 2 ซอย 20,พระรามที่ 2,17:00-19:00,0,0,1
พระรามที่ 2 ซอย 20,พระรามที่ 2 ซอย 20,07:00-09:00,0,0,1
พระรามที่ 2 ซอย 20,พระรามที่ 2 ซอย 20,09:00-17:00,0,0,1
พระรามที่ 2 ซอย 20,พระรามที่ 2 ซอย 20,17:00-19:00,0,0,1
พระรามที่ 2 ซอย 28,พระรามที่ 2,07:00-09:00,0,0,1
พระรามที่ 2 ซอย 28,พระรามที่ 2,09:00-17:00,0,0,1
พระรามที่ 2 ซอย 28,พระรามที่ 2,17:00-19:00,0,0,1
พระรามที่ 2 ซอย 28,พระรามที่ 2 ซอย 28,07:00-09:00,0,0,1
พระรามที่ 2 ซอย 28,พระรามที่ 2 ซอย 28,09:00-17:00,0,0,1
พระรามที่ 2 ซอย 28,พระรามที่ 2 ซอย 28,17:00-19:00,0,0,1
พระรามที่ 3 - นราธิวาส,นราธิวาสราชนครินทร์,07:00-09:00,0,0,2
พระรามที่ 3 - นราธิวาส,นราธิวาสราชนครินทร์,09:00-17:00,0,0,2
พระรามที่ 3 - นราธิวาส,นราธิวาสราชนครินทร์,17:00-19:00,0,0,2
พระรามที่ 3 - นราธิวาส,พระรามที่ 3,07:00-09:00,0,1,2
พระรามที่ 3 - นราธิวาส,พระรามที่ 3,09:00-16:00,0,1,0
พระรามที่ 3 - นราธิวาส,พระรามที่ 3,09:00-17:00,0,0,2
พระรามที่ 3 - นราธิวาส,พระรามที่ 3,16:00-19:00,0,1,0
พระรามที่ 3 - นราธิวาส,พระรามที่ 3,17:00-19:00,0,0,2
พระรามที่ 3 - ยานนาวา,พระรามที่ 3,07:00-09:00,0,1,1
พระรามที่ 3 - ยานนาวา,พระรามที่ 3,09:00-16:00,0,1,1
พระรามที่ 3 - ยานนาวา,พระรามที่ 3,16:00-19:00,0,1,1
พระรามที่ 3 - ยานนาวา,ยานนาวา,07:00-09:00,0,1,1
พระรามที่ 3 - ยานนาวา,ยานนาวา,09:00-16:00,0,1,1
พระรามที่ 3 - ยานนาวา,ยานนาวา,16:00-19:00,0,1,1
พระรามที่ 3 - รัชดา,พระรามที่ 3,07:00-09:00,0,1,0
พระรามที่ 3 - รัชดา,พระรามที่ 3,09:00-16:00,0,1,0
พระรามที่ 3 - รัชดา,พระรามที่ 3,16:00-19:00,0,1,0
พระรามที่ 3 - รัชดา,รัชดาภิเษก,07:00-09:00,0,1,0
พระรามที่ 3 - รัชดา,รัชดาภิเษก,09:00-16:00,0,1,0
พระรามที่ 3 - รัชดา,รัชดาภิเษก,16:00-19:00,0,1,0
พระรามที่ 3 - วงแหวนอุตสาหกรรม,พระรามที่ 3,07:00-09:00,0,1,1
พระรามที่ 3 - วงแหวนอุตสาหกรรม,พระรามที่ 3,09:00-16:00,0,1,0
พระรามที่ 3 - วงแหวนอุตสาหกรรม,พระรามที่ 3,09:00-17:00,0,0,1
พระรามที่ 3 - วงแหวนอุตสาหกรรม,พระรามที่ 3,16:00-19:00,0,1,0
พระรามที่ 3 - วงแหวนอุตสาหกรรม,พระรามที่ 3,17:00-19:00,0,0,1
พระรามที่ 3 - วงแหวนอุตสาหกรรม,วงแหวนอุตสาหกรรม,07:00-09:00,0,1,1
พระรามที่ 3 - วงแหวนอุตสาหกรรม,วงแหวนอุตสาหกรรม,09:00-16:00,0,1,0
พระรามที่ 3 - วงแหวนอุตสาหกรรม,วงแหวนอุตสาหกรรม,09:00-17:00,0,0,1
พระรามที่ 3 - วงแหวนอุตสาหกรรม,วงแหวนอุตสาหกรรม,16:00-19:00,0,1,0
พระรามที่ 3 - วงแหวนอุตสาหกรรม,วงแหวนอุตสาหกรรม,17:00-19:00,0,0,1
พระรามที่ 3 ซอย 19,พระรามที่ 3,07:00-09:00,0,0,1
พระรามที่ 3 ซอย 19,พระรามที่ 3,09:00-17:00,0,0,1
พระรามที่ 3 ซอย 19,พระรามที่ 3,17:00-19:00,0,0,1
พระรามที่ 3 ซอย 19,พระรามที่ 3 ซ.19,07:00-09:00,0,0,1
พระรามที่ 3 ซอย 19,พระรามที่ 3 ซ.19,09:00-17:00,0,0,1
พระรามที่ 3 ซอย 19,พระรามที่ 3 ซ.19,17:00-19:00,0,0,1
พระรามที่ 3 ซอย 77,พระรามที่ 3,07:00-09:00,0,0,1
พระรามที่ 3 ซอย 77,พระรามที่ 3,09:00-17:00,0,0,1
พระรามที่ 3 ซอย 77,พระรามที่ 3,17:00-19:00,0,0,1
พระรามที่ 3 ซอย 77,พระรามที่ 3 ซอย 77,07:00-09:00,0,0,1
พระรามที่ 3 ซอย 77,พระรามที่ 3 ซอย 77,09:00-17:00,0,0,1
พระรามที่ 3 ซอย 77,พระรามที่ 3 ซอย 77,17:00-19:00,0,0,1
พระรามที่ 4,พระรามที่ 4,06:30-09:00,1,0,0
พระรามที่ 4,พระรามที่ 4,07:00-09:00,1,1,2
พระรามที่ 4,พระรามที่ 4,09:00-16:00,2,0,1
พระรามที่ 4,พระรามที่ 4,09:00-17:00,0,0,1
พระรามที่ 4,พระรามที่ 4,16:00-19:00,1,0,1
พระรามที่ 4,พระรามที่ 4,16:00-19:30,1,0,0
พระรามที่ 4,พระรามที่ 4,17:00-19:00,0,0,1
พระรามที่ 4,พระรามที่ 5,09:00-16:00,0,1,0
พระรามที่ 4,พระรามที่ 6,16:00-19:00,0,1,0
พระรามที่ 4,รัชดาภิเษก,06:30-09:00,1,0,0
พระรามที่ 4,รัชดาภิเษก,07:00-09:00,1,1,2
พระรามที่ 4,รัชดาภิเษก,09:00-16:00,2,1,1
พระรามที่ 4,รัชดาภิเษก,09:00-17:00,0,0,1
พระรามที่ 4,รัชดาภิเษก,16:00-19:00,1,1,1
พระรามที่ 4,รัชดาภิเษก,16:00-19:30,1,0,0
พระรามที่ 4,รัชดาภิเษก,17:00-19:00,0,0,1
พระรามที่ 6 -พระรามที่ 6ซอย 36,พระรามที่ 6,07:00-09:00,1,0,0
พระรามที่ 6 -พระรามที่ 6ซอย 36,พระรามที่ 6,09:00-16:00,1,0,0
พระรามที่ 6 -พระรามที่ 6ซอย 36,พระรามที่ 6,16:00-19:00,1,0,0
พระรามที่ 6 -พระรามที่ 6ซอย 36,พระรามที่ 6 ซอย 36,07:00-09:00,1,0,0
พระรามที่ 6 -พระรามที่ 6ซอย 36,พระรามที่ 6 ซอย 36,09:00-16:00,1,0,0
พระรามที่ 6 -พระรามที่ 6ซอย 36,พระรามที่ 6 ซอย 36,16:00-19:00,1,0,0
พระรามที่2,พระรามที่ 2,07:00-09:00,1,0,0
พระรามที่2,พระรามที่ 2,09:00-16:00,1,0,0
พระรามที่2,พระรามที่ 2,16:00-19:00,1,0,0
พระรามที่2,พระรามที่2,07:00-09:00,0,1,0
พระรามที่2,พระรามที่2,09:00-16:00,0,1,0
พระรามที่2,พระรามที่2,16:00-19:00,0,1,0
พระรามที่2,สุขสวัสดิ์,07:00-09:00,1,1,0
พระรามที่2,สุขสวัสดิ์,09:00-16:00,1,1,0
พระรามที่2,สุขสวัสดิ์,16:00-19:00,1,1,0
พระรามที่2 - แสมดำ,พระรามที่ 2,07:00-09:00,1,0,0
พระรามที่2 - แสมดำ,พระรามที่ 2,09:00-16:00,1,0,0
พระรามที่2 - แสมดำ,พระรามที่ 2,16:00-19:00,1,0,0
พระรามที่2 - แสมดำ,แสมดำ,07:00-09:00,1,0,0
พระรามที่2 - แสมดำ,แสมดำ,09:00-16:00,1,0,0
พระรามที่2 - แสมดำ,แสมดำ,16:00-19:00,1,0,0
พระรามที่3 - ยานนาวา,พระรามที่ 3,07:00-09:00,1,0,0
พระรามที่3 - ยานนาวา,พระรามที่ 3,09:00-16:00,1,0,0
พระรามที่3 - ยานนาวา,พระรามที่ 3,16:00-19:00,1,0,0
พระรามที่3 - ยานนาวา,ยานนาวา,07:00-09:00,1,0,0
พระรามที่3 - ยานนาวา,ยานนาวา,09:00-16:00,1,0,0
พระรามที่3 - ยานนาวา,ยานนาวา,16:00-19:00,1,0,0
พระรามที่3 - รัชดาภิเษก,พระรามที่ 3,07:00-09:00,1,0,0
พระรามที่3 - รัชดาภิเษก,พระรามที่ 3,09:00-16:00,1,0,0
พระรามที่3 - รัชดาภิเษก,พระรามที่ 3,16:00-19:00,1,0,0
พระรามที่3 - รัชดาภิเษก,รัชดาภิเษก,07:00-09:00,1,0,0
พระรามที่3 - รัชดาภิเษก,รัชดาภิเษก,09:00-16:00,1,0,0
พระรามที่3 - รัชดาภิเษก,รัชดาภิเษก,16:00-19:00,1,0,0
พระรามที่3- ยานนาวา,พระรามที่ 3,07:00-09:00,1,0,0
พระรามที่3- ยานนาวา,พระรามที่ 3,09:00-16:00,1,0,0
พระรามที่3- ยานนาวา,พระรามที่ 3,16:00-19:00,1,0,0
พระรามที่3- ยานนาวา,ยานนาวา,07:00-09:00,1,0,0
พระรามที่3- ยานนาวา,ยานนาวา,09:00-16:00,1,0,0
พระรามที่3- ยานนาวา,ยานนาวา,16:00-19:00,1,0,0
พระรามที่3-วงแหวนอุตสาหกรรม,พระรามที่ 3,06:30-09:00,1,0,0
พระรามที่3-วงแหวนอุตสาหกรรม,พระรามที่ 3,09:00-16:00,1,0,0
พระรามที่3-วงแหวนอุตสาหกรรม,พระรามที่ 3,16:00-19:30,1,0,0
พระรามที่3-วงแหวนอุตสาหกรรม,วงแหวนอุตสาหกรรม,06:30-09:00,1,0,0
พระรามที่3-วงแหวนอุตสาหกรรม,วงแหวนอุตสาหกรรม,09:00-16:00,1,0,0
พระรามที่3-วงแหวนอุตสาหกรรม,วงแหวนอุตสาหกรรม,16:00-19:30,1,0,0
พระโขนง,ซอยสุขุมวิท 71,07:00-09:00,2,0,0
พระโขนง,ซอยสุขุมวิท 71,09:00-16:00,2,0,0
พระโขนง,ซอยสุขุมวิท 71,16:00-19:00,2,0,0
พระโขนง,พระรามที่ 4,07:00-09:00,0,0,3
พระโขนง,พระรามที่ 4,09:00-17:00,0,0,3
พระโขนง,พระรามที่ 4,17:00-19:00,0,0,3
พระโขนง,สุขุมวิท,07:00-09:00,2,1,4
พระโขนง,สุขุมวิท,09:00-16:00,2,1,1
พระโขนง,สุขุมวิท,09:00-17:00,0,0,3
พระโขนง,สุขุมวิท,16:00-19:00,2,1,1
พระโขนง,สุขุมวิท,17:00-19:00,0,0,3
พระโขนง,สุขุมวิท 71,07:00-09:00,0,1,1
พระโขนง,สุขุมวิท 71,09:00-16:00,0,1,1
พระโขนง,สุขุมวิท 71,16:00-19:00,0,1,1
พรานนก,พรานนก,06:30-09:00,0,1,0
พรานนก,พรานนก,07:00-09:00,1,1,2
พรานนก,พรานนก,09:00-16:00,1,1,0
พรานนก,พรานนก,09:00-17:00,0,0,2
พรานนก,พรานนก,16:00-19:00,1,1,0
พรานนก,พรานนก,17:00-19:00,0,0,2
พรานนก,อิสรภาพ,06:30-09:00,0,1,0
พรานนก,อิสรภาพ,07:00-09:00,1,1,2
พรานนก,อิสรภาพ,09:00-16:00,1,2,0
พรานนก,อิสรภาพ,09:00-17:00,0,0,2
พรานนก,อิสรภาพ,16:00-19:00,1,1,0
พรานนก,อิสรภาพ,16:00-19:30,0,1,0
พรานนก,อิสรภาพ,17:00-19:00,0,0,2
พรานนก,เพชรบุรี,06:30-09:00,0,1,0
พรานนก,เพชรบุรี,09:00-16:00,0,1,0
พรานนก,เพชรบุรี,16:00-19:30,0,1,0
พรานนก - กาญจนาภิเษก -กาญจนาภิเษก,กาญจนาภิเษก,07:00-09:00,0,1,0
พรานนก - กาญจนาภิเษก -กาญจนาภิเษก,กาญจนาภิเษก,09:00-16:00,0,1,0
พรานนก - กาญจนาภิเษก -กาญจนาภิเษก,กาญจนาภิเษก,16:00-19:00,0,1,0
พรานนก - กาญจนาภิเษก -กาญจนาภิเษก,พรานนก-กาญจนาภิเษก,07:00-09:00,0,1,0
พรานนก - กาญจนาภิเษก -กาญจนาภิเษก,พรานนก-กาญจนาภิเษก,09:00-16:00,0,1,0
พรานนก - กาญจนาภิเษก -กาญจนาภิเษก,พรานนก-กาญจนาภิเษก,16:00-19:00,0,1,0
พรานนก - กาญจนาภิเษก -ราชพฤกษ์,พรานนก-กาญจนาภิเษก,07:00-09:00,0,1,0
พรานนก - กาญจนาภิเษก -ราชพฤกษ์,พรานนก-กาญจนาภิเษก,09:00-16:00,0,1,0
พรานนก - กาญจนาภิเษก -ราชพฤกษ์,พรานนก-กาญจนาภิเษก,16:00-19:00,0,1,0
พรานนก - กาญจนาภิเษก -ราชพฤกษ์,ราชพฤกษ์,07:00-09:00,0,1,0
พรานนก - กาญจนาภิเษก -ราชพฤกษ์,ราชพฤกษ์,09:00-16:00,0,1,0
พรานนก - กาญจนาภิเษก -ราชพฤกษ์,ราชพฤกษ์,16:00-19:00,0,1,0
พร้อมพงษ์,เพชรบุรี,07:00-09:00,0,0,1
พร้อมพงษ์,เพชรบุรี,09:00-17:00,0,0,1
พร้อมพงษ์,เพชรบุรี,17:00-19:00,0,0,1
พร้อมพงษ์,เพชรบุรี 38/1,07:00-09:00,0,0,1
พร้อมพงษ์,เพชรบุรี 38/1,09:00-17:00,0,0,1
พร้อมพงษ์,เพชรบุรี 38/1,17:00-19:00,0,0,1
พลับพลาไชย,พลับพลาไชย,07:00-09:00,1,0,3
พลับพลาไชย,พลับพลาไชย,09:00-16:00,1,0,2
พลับพลาไชย,พลับพลาไชย,09:00-17:00,0,0,1
พลับพลาไชย,พลับพลาไชย,16:00-19:00,1,0,2
พลับพลาไชย,พลับพลาไชย,17:00-19:00,0,0,1
พลับพลาไชย,หลวง,07:00-09:00,1,0,2
พลับพลาไชย,หลวง,09:00-16:00,1,0,1
พลับพลาไชย,หลวง,09:00-17:00,0,0,1
พลับพลาไชย,หลวง,16:00-19:00,1,0,1
พลับพลาไชย,หลวง,17:00-19:00,0,0,1
พลับพลาไชย,ไมตรีจิต,07:00-09:00,1,0,1
พลับพลาไชย,ไมตรีจิต,09:00-16:00,1,0,0
พลับพลาไชย,ไมตรีจิต,09:00-17:00,0,0,1
พลับพลาไชย,ไมตรีจิต,16:00-19:00,1,0,0
พลับพลาไชย,ไมตรีจิต,17:00-19:00,0,0,1
พลับพลาไชย,ไมตรีจิตร,07:00-09:00,0,0,1
พลับพลาไชย,ไมตรีจิตร,09:00-16:00,0,0,1
พลับพลาไชย,ไมตรีจิตร,16:00-19:00,0,0,1
พลาธิการ,ซอยพหลโยธิน 54/1,07:00-09:00,1,0,0
พลาธิการ,ซอยพหลโยธิน 54/1,09:00-16:00,1,0,0
พลาธิการ,ซอยพหลโยธิน 54/1,16:00-19:00,1,0,0
พลาธิการ,ทางเข้าพลาธิการ ทอ,06:30-09:00,1,0,0
พลาธิการ,ทางเข้าพลาธิการ ทอ,09:00-16:00,1,0,0
พลาธิการ,ทางเข้าพลาธิการ ทอ,16:00-19:30,1,0,0
พลาธิการ,พหลโยธิน,06:30-09:00,1,0,0
พลาธิการ,พหลโยธิน,09:00-16:00,1,0,0
พลาธิการ,พหลโยธิน,16:00-19:30,1,0,0
พหลโยธิน - เทพรักษ์,พหลโยธิน,07:00-09:00,1,1,2
พหลโยธิน - เทพรักษ์,พหลโยธิน,09:00-16:00,1,1,0
พหลโยธิน - เทพรักษ์,พหลโยธิน,09:00-17:00,0,0,2
พหลโยธิน - เทพรักษ์,พหลโยธิน,16:00-19:00,1,1,0
พหลโยธิน - เทพรักษ์,พหลโยธิน,17:00-19:00,0,0,2
พหลโยธิน - เทพรักษ์,เทพรักษ์,07:00-09:00,1,1,2
พหลโยธิน - เทพรักษ์,เทพรักษ์,09:00-16:00,1,1,0
พหลโยธิน - เทพรักษ์,เทพรักษ์,09:00-17:00,0,0,2
พหลโยธิน - เทพรักษ์,เทพรักษ์,16:00-19:00,1,1,0
พหลโยธิน - เทพรักษ์,เทพรักษ์,17:00-19:00,0,0,2
พหลโยธิน 19,พหลโยธิน,07:00-09:00,0,0,1
พหลโยธิน 19,พหลโยธิน,09:00-17:00,0,0,1
พหลโยธิน 19,พหลโยธิน,17:00-19:00,0,0,1
พหลโยธิน 19,พหลโยธิน 19,07:00-09:00,0,0,1
พหลโยธิน 19,พหลโยธิน 19,09:00-17:00,0,0,1
พหลโยธิน 19,พหลโยธิน 19,17:00-19:00,0,0,1
พหลโยธิน 23,ซอยพหลโยธิน 23,07:00-09:00,1,0,0
พหลโยธิน 23,ซอยพหลโยธิน 23,09:00-16:00,1,0,0
พหลโยธิน 23,ซอยพหลโยธิน 23,16:00-19:00,1,0,0
พหลโยธิน 23,พหลโยธิน,07:00-09:00,1,0,0
พหลโยธิน 23,พหลโยธิน,09:00-16:00,1,0,0
พหลโยธิน 23,พหลโยธิน,16:00-19:00,1,0,0
พหลโยธิน 48,ซอยพหลโยธิน 48,07:00-09:00,0,1,0
พหลโยธิน 48,ซอยพหลโยธิน 48,09:00-16:00,0,1,0
พหลโยธิน 48,ซอยพหลโยธิน 48,16:00-19:00,0,1,0
พหลโยธิน 48,พหลโยธิน,06:30-09:00,0,1,0
พหลโยธิน 48,พหลโยธิน,07:00-09:00,0,1,1
พหลโยธิน 48,พหลโยธิน,09:00-16:00,0,2,0
พหลโยธิน 48,พหลโยธิน,09:00-17:00,0,0,1
พหลโยธิน 48,พหลโยธิน,16:00-19:00,0,1,0
พหลโยธิน 48,พหลโยธิน,16:00-19:30,0,1,0
พหลโยธิน 48,พหลโยธิน,17:00-19:00,0,0,1
พหลโยธิน 48,พหลโยธิน 48,07:00-09:00,0,1,1
พหลโยธิน 48,พหลโยธิน 48,09:00-16:00,0,1,0
พหลโยธิน 48,พหลโยธิน 48,09:00-17:00,0,0,1
พหลโยธิน 48,พหลโยธิน 48,16:00-19:00,0,1,0
พหลโยธิน 48,พหลโยธิน 48,17:00-19:00,0,0,1
พหลโยธิน 54/1 - สายไหม,พหลโยธิน 54/1,07:00-09:00,0,1,0
พหลโยธิน 54/1 - สายไหม,พหลโยธิน 54/1,09:00-16:00,0,1,0
พหลโยธิน 54/1 - สายไหม,พหลโยธิน 54/1,16:00-19:00,0,1,0
พหลโยธิน 54/1 - สายไหม,สายไหม,07:00-09:00,0,1,0
พหลโยธิน 54/1 - สายไหม,สายไหม,09:00-16:00,0,1,0
พหลโยธิน 54/1 - สายไหม,สายไหม,16:00-19:00,0,1,0
พหลโยธินซอย 2,พหลโยธิน,07:00-09:00,0,1,0
พหลโยธินซอย 2,พหลโยธิน,09:00-16:00,0,1,0
พหลโยธินซอย 2,พหลโยธิน,16:00-19:00,0,1,0
พหลโยธินซอย 2,พหลโยธินซอย 2,07:00-09:00,0,1,0
พหลโยธินซอย 2,พหลโยธินซอย 2,09:00-16:00,0,1,0
พหลโยธินซอย 2,พหลโยธินซอย 2,16:00-19:00,0,1,0
พัฒนาการ,บางแค,07:00-09:00,0,0,1
พัฒนาการ,บางแค,09:00-16:00,0,0,1
พัฒนาการ,บางแค,16:00-19:00,0,0,1
พัฒนาการ,พัฒนาการ,07:00-09:00,2,1,2
พัฒนาการ,พัฒนาการ,09:00-16:00,2,1,0
พัฒนาการ,พัฒนาการ,09:00-17:00,0,0,2
พัฒนาการ,พัฒนาการ,16:00-19:00,2,1,0
พัฒนาการ,พัฒนาการ,17:00-19:00,0,0,2
พัฒนาการ,ศรีนครินทร์,07:00-09:00,2,1,2
พัฒนาการ,ศรีนครินทร์,09:00-16:00,2,1,0
พัฒนาการ,ศรีนครินทร์,09:00-17:00,0,0,2
พัฒนาการ,ศรีนครินทร์,16:00-19:00,2,1,0
พัฒนาการ,ศรีนครินทร์,17:00-19:00,0,0,2
พัฒนาการ,เทอดไท,07:00-09:00,0,0,1
พัฒนาการ,เทอดไท,09:00-16:00,0,0,1
พัฒนาการ,เทอดไท,16:00-19:00,0,0,1
พัฒนาการ - ซอยพัฒนาการ 53,ซอยพัฒนาการ 53,07:00-09:00,1,0,0
พัฒนาการ - ซอยพัฒนาการ 53,ซอยพัฒนาการ 53,09:00-16:00,1,0,0
พัฒนาการ - ซอยพัฒนาการ 53,ซอยพัฒนาการ 53,16:00-19:00,1,0,0
พัฒนาการ - ซอยพัฒนาการ 53,พัฒนาการ,07:00-09:00,1,0,0
พัฒนาการ - ซอยพัฒนาการ 53,พัฒนาการ,09:00-16:00,1,0,0
พัฒนาการ - ซอยพัฒนาการ 53,พัฒนาการ,16:00-19:00,1,0,0
พัฒนาการ - พัฒนาการ 25,พัฒนาการ,07:00-09:00,0,0,1
พัฒนาการ - พัฒนาการ 25,พัฒนาการ,09:00-17:00,0,0,1
พัฒนาการ - พัฒนาการ 25,พัฒนาการ,17:00-19:00,0,0,1
พัฒนาการ - พัฒนาการ 25,พัฒนาการ 25,07:00-09:00,0,0,1
พัฒนาการ - พัฒนาการ 25,พัฒนาการ 25,09:00-17:00,0,0,1
พัฒนาการ - พัฒนาการ 25,พัฒนาการ 25,17:00-19:00,0,0,1
พัฒนาการ - พัฒนาการ 53,พัฒนาการ,07:00-09:00,0,0,2
พัฒนาการ - พัฒนาการ 53,พัฒนาการ,09:00-17:00,0,0,2
พัฒนาการ - พัฒนาการ 53,พัฒนาการ,17:00-19:00,0,0,2
พัฒนาการ - พัฒนาการ 53,พัฒนาการ 53,07:00-09:00,0,0,2
พัฒนาการ - พัฒนาการ 53,พัฒนาการ 53,09:00-17:00,0,0,2
พัฒนาการ - พัฒนาการ 53,พัฒนาการ 53,17:00-19:00,0,0,2
พัฒนาการ - เฉลิมพระเกียรติ ร.9,ทางเข้าหมู่บ้าน,07:00-09:00,1,0,0
พัฒนาการ - เฉลิมพระเกียรติ ร.9,ทางเข้าหมู่บ้าน,09:00-16:00,1,0,0
พัฒนาการ - เฉลิมพระเกียรติ ร.9,ทางเข้าหมู่บ้าน,16:00-19:00,1,0,0
พัฒนาการ - เฉลิมพระเกียรติ ร.9,พัฒนาการ,07:00-09:00,1,0,0
พัฒนาการ - เฉลิมพระเกียรติ ร.9,พัฒนาการ,09:00-16:00,1,0,0
พัฒนาการ - เฉลิมพระเกียรติ ร.9,พัฒนาการ,16:00-19:00,1,0,0
พัฒนาการ - เฉลิมพระเกียรติ ร.9,เฉลิมพระเกียรติ ร.9,07:00-09:00,1,0,0
พัฒนาการ - เฉลิมพระเกียรติ ร.9,เฉลิมพระเกียรติ ร.9,09:00-16:00,1,0,0
พัฒนาการ - เฉลิมพระเกียรติ ร.9,เฉลิมพระเกียรติ ร.9,16:00-19:00,1,0,0
พัฒนาการ 20,พัฒนาการ,07:00-09:00,0,0,1
พัฒนาการ 20,พัฒนาการ,09:00-17:00,0,0,1
พัฒนาการ 20,พัฒนาการ,17:00-19:00,0,0,1
พัฒนาการ 20,พัฒนาการ 20,07:00-09:00,0,0,1
พัฒนาการ 20,พัฒนาการ 20,09:00-17:00,0,0,1
พัฒนาการ 20,พัฒนาการ 20,17:00-19:00,0,0,1
พัฒนาการ 25,พัฒนาการ,07:00-09:00,0,0,2
พัฒนาการ 25,พัฒนาการ,09:00-17:00,0,0,2
พัฒนาการ 25,พัฒนาการ,17:00-19:00,0,0,2
พัฒนาการ 25,พัฒนาการ 25,07:00-09:00,0,0,2
พัฒนาการ 25,พัฒนาการ 25,09:00-17:00,0,0,2
พัฒนาการ 25,พัฒนาการ 25,17:00-19:00,0,0,2
พัฒนาการ 29,พัฒนาการ,07:00-09:00,0,1,0
พัฒนาการ 29,พัฒนาการ,09:00-16:00,0,1,0
พัฒนาการ 29,พัฒนาการ,16:00-19:00,0,1,0
พัฒนาการ 46,พัฒนาการ,07:00-09:00,0,0,1
พัฒนาการ 46,พัฒนาการ,09:00-16:00,0,0,1
พัฒนาการ 46,พัฒนาการ,16:00-19:00,0,0,1
พัฒนาการ 46,พัฒนาการ 46,07:00-09:00,0,0,1
พัฒนาการ 46,พัฒนาการ 46,09:00-16:00,0,0,1
พัฒนาการ 46,พัฒนาการ 46,16:00-19:00,0,0,1
พัฒนาการ 93,พัฒนาการ,07:00-09:00,0,0,1
พัฒนาการ 93,พัฒนาการ,09:00-17:00,0,0,1
พัฒนาการ 93,พัฒนาการ,17:00-19:00,0,0,1
พัฒนาการ61 -พัฒนาการ 74,ซอยพัฒนาการ 61,07:00-09:00,1,0,0
พัฒนาการ61 -พัฒนาการ 74,ซอยพัฒนาการ 61,09:00-16:00,1,0,0
พัฒนาการ61 -พัฒนาการ 74,ซอยพัฒนาการ 61,16:00-19:00,1,0,0
พัฒนาการ61 -พัฒนาการ 74,ซอยพัฒนาการ74,07:00-09:00,1,0,0
พัฒนาการ61 -พัฒนาการ 74,ซอยพัฒนาการ74,09:00-16:00,1,0,0
พัฒนาการ61 -พัฒนาการ 74,ซอยพัฒนาการ74,16:00-19:00,1,0,0
พัฒนาการ61 -พัฒนาการ 74,พัฒาการ,07:00-09:00,1,0,0
พัฒนาการ61 -พัฒนาการ 74,พัฒาการ,09:00-16:00,1,0,0
พัฒนาการ61 -พัฒนาการ 74,พัฒาการ,16:00-19:00,1,0,0
พาณิชยการ,พระรามที่ 5,07:00-09:00,1,0,0
พาณิชยการ,พระรามที่ 5,09:00-16:00,1,0,0
พาณิชยการ,พระรามที่ 5,16:00-19:00,1,0,0
พาณิชยการ,พระรามที่5,06:30-09:00,0,1,0
พาณิชยการ,พระรามที่5,09:00-16:00,0,1,0
พาณิชยการ,พระรามที่5,16:00-19:30,0,1,0
พาณิชยการ,พิษณุโลก,06:30-09:00,0,1,0
พาณิชยการ,พิษณุโลก,07:00-09:00,1,0,0
พาณิชยการ,พิษณุโลก,09:00-16:00,1,0,0
พาณิชยการ,พิษณุโลก,16:00-19:00,1,0,0
พาณิชยการ,อิสรภาพ,06:30-09:00,0,1,0
พาณิชยการ,อิสรภาพ,09:00-16:00,0,1,0
พาณิชยการ,อิสรภาพ,16:00-19:30,0,1,0
พาณิชยการธนบุรี,จรัญสนิทวงศ์,07:00-09:00,2,0,1
พาณิชยการธนบุรี,จรัญสนิทวงศ์,09:00-16:00,2,0,0
พาณิชยการธนบุรี,จรัญสนิทวงศ์,09:00-17:00,0,0,1
พาณิชยการธนบุรี,จรัญสนิทวงศ์,16:00-19:00,2,0,0
พาณิชยการธนบุรี,จรัญสนิทวงศ์,17:00-19:00,0,0,1
พาณิชยการธนบุรี,จรัญสนิทวงศ์ 13,07:00-09:00,0,0,1
พาณิชยการธนบุรี,จรัญสนิทวงศ์ 13,09:00-17:00,0,0,1
พาณิชยการธนบุรี,จรัญสนิทวงศ์ 13,17:00-19:00,0,0,1
พาณิชยการธนบุรี,ซอยจรัญสนิทวงศ์ 13,07:00-09:00,2,0,0
พาณิชยการธนบุรี,ซอยจรัญสนิทวงศ์ 13,09:00-16:00,2,0,0
พาณิชยการธนบุรี,ซอยจรัญสนิทวงศ์ 13,16:00-19:00,2,0,0
พาณิชยการพระนคร,พระรามที่ 5,07:00-09:00,0,0,1
พาณิชยการพระนคร,พระรามที่ 5,09:00-17:00,0,0,1
พาณิชยการพระนคร,พระรามที่ 5,17:00-19:00,0,0,1
พาณิชยการพระนคร,พิษณุโลก,07:00-09:00,0,0,1
พาณิชยการพระนคร,พิษณุโลก,09:00-17:00,0,0,1
พาณิชยการพระนคร,พิษณุโลก,17:00-19:00,0,0,1
พาณิชย์ธน,จรัญสนิทวงศ์,07:00-09:00,0,1,0
พาณิชย์ธน,จรัญสนิทวงศ์,09:00-16:00,0,1,0
พาณิชย์ธน,จรัญสนิทวงศ์,16:00-19:00,0,1,0
พาณิชย์ธน,จรัญสนิทวงศ์ 13,07:00-09:00,0,1,0
พาณิชย์ธน,จรัญสนิทวงศ์ 13,09:00-16:00,0,1,0
พาณิชย์ธน,จรัญสนิทวงศ์ 13,16:00-19:00,0,1,0
พาราไดซ์,ศรีนครินทร์,07:00-09:00,0,0,1
พาราไดซ์,ศรีนครินทร์,09:00-17:00,0,0,1
พาราไดซ์,ศรีนครินทร์,17:00-19:00,0,0,1
พาราไดซ์,ศรีนครินทร์ 46,07:00-09:00,0,0,1
พาราไดซ์,ศรีนครินทร์ 46,09:00-17:00,0,0,1
พาราไดซ์,ศรีนครินทร์ 46,17:00-19:00,0,0,1
พาราไดซ์,ศรีนครินทร์ 57,07:00-09:00,0,0,1
พาราไดซ์,ศรีนครินทร์ 57,09:00-17:00,0,0,1
พาราไดซ์,ศรีนครินทร์ 57,17:00-19:00,0,0,1
พาหุรัด,ตรีเพชร,07:00-09:00,0,0,1
พาหุรัด,ตรีเพชร,09:00-16:00,0,0,1
พาหุรัด,ตรีเพชร,16:00-19:00,0,0,1
พาหุรัด,ตรีเพชร,17:00-19:00,0,0,2
พาหุรัด,พาหุรัด,07:00-09:00,0,0,3
พาหุรัด,พาหุรัด,09:00-16:00,0,0,1
พาหุรัด,พาหุรัด,09:00-17:00,0,0,2
พาหุรัด,พาหุรัด,16:00-19:00,0,0,1
พาหุรัด,พาหุรัด,17:00-19:00,0,0,2
พิงนคร 5 - ริมคลองตาอูฐ,พิงนคร 5,07:00-09:00,0,0,1
พิงนคร 5 - ริมคลองตาอูฐ,พิงนคร 5,09:00-17:00,0,0,1
พิงนคร 5 - ริมคลองตาอูฐ,พิงนคร 5,17:00-19:00,0,0,1
พิงนคร 5 - ริมคลองตาอูฐ,ริมคลองตาอูฐ,07:00-09:00,0,0,1
พิงนคร 5 - ริมคลองตาอูฐ,ริมคลองตาอูฐ,09:00-17:00,0,0,1
พิงนคร 5 - ริมคลองตาอูฐ,ริมคลองตาอูฐ,17:00-19:00,0,0,1
พิชัย,นครไชยศรี,07:00-09:00,1,1,0
พิชัย,นครไชยศรี,09:00-16:00,1,1,0
พิชัย,นครไชยศรี,16:00-19:00,1,1,0
พิชัย,พิชัย,07:00-09:00,1,1,0
พิชัย,พิชัย,09:00-16:00,1,1,0
พิชัย,พิชัย,16:00-19:00,1,1,0
พิบูลวัฒนา,ซอยพิบูลวัฒนา,07:00-09:00,0,1,0
พิบูลวัฒนา,ซอยพิบูลวัฒนา,09:00-16:00,0,1,0
พิบูลวัฒนา,ซอยพิบูลวัฒนา,16:00-19:00,0,1,0
พิบูลวัฒนา,ทางขึ้น-ลงทางด่วน / ถนนพระรามที่ 6 ซ.37,07:00-09:00,0,0,1
พิบูลวัฒนา,ทางขึ้น-ลงทางด่วน / ถนนพระรามที่ 6 ซ.37,09:00-17:00,0,0,1
พิบูลวัฒนา,ทางขึ้น-ลงทางด่วน / ถนนพระรามที่ 6 ซ.37,17:00-19:00,0,0,1
พิบูลวัฒนา,ทางขึ้นลงทางด่วน,07:00-09:00,0,1,0
พิบูลวัฒนา,ทางขึ้นลงทางด่วน,09:00-16:00,0,1,0
พิบูลวัฒนา,ทางขึ้นลงทางด่วน,16:00-19:00,0,1,0
พิบูลวัฒนา,พระรามที่ 6,07:00-09:00,0,1,1
พิบูลวัฒนา,พระรามที่ 6,09:00-16:00,0,1,0
พิบูลวัฒนา,พระรามที่ 6,09:00-17:00,0,0,1
พิบูลวัฒนา,พระรามที่ 6,16:00-19:00,0,1,0
พิบูลวัฒนา,พระรามที่ 6,17:00-19:00,0,0,1
พิบูลวัฒนา,พิบูลวัฒนา,07:00-09:00,0,0,1
พิบูลวัฒนา,พิบูลวัฒนา,09:00-17:00,0,0,1
พิบูลวัฒนา,พิบูลวัฒนา,17:00-19:00,0,0,1
พิบูลสงคราม,ประชาราษฎร์สาย 1,07:00-09:00,1,1,1
พิบูลสงคราม,ประชาราษฎร์สาย 1,09:00-16:00,1,1,0
พิบูลสงคราม,ประชาราษฎร์สาย 1,09:00-17:00,0,0,1
พิบูลสงคราม,ประชาราษฎร์สาย 1,16:00-19:00,1,1,0
พิบูลสงคราม,ประชาราษฎร์สาย 1,17:00-19:00,0,0,1
พิบูลสงคราม,พิบูลสงคราม,07:00-09:00,1,1,1
พิบูลสงคราม,พิบูลสงคราม,09:00-16:00,1,1,0
พิบูลสงคราม,พิบูลสงคราม,09:00-17:00,0,0,1
พิบูลสงคราม,พิบูลสงคราม,16:00-19:00,1,1,0
พิบูลสงคราม,พิบูลสงคราม,17:00-19:00,0,0,1
พิบูลสงคราม,วงศ์สว่าง,07:00-09:00,0,1,0
พิบูลสงคราม,วงศ์สว่าง,09:00-16:00,0,1,0
พิบูลสงคราม,วงศ์สว่าง,16:00-19:00,0,1,0
พุทธบูชา - พุทธบูชา 24,พุทธบูชา,07:00-09:00,0,0,1
พุทธบูชา - พุทธบูชา 24,พุทธบูชา,09:00-17:00,0,0,1
พุทธบูชา - พุทธบูชา 24,พุทธบูชา,17:00-19:00,0,0,1
พุทธบูชา - พุทธบูชา 24,พุทธบูชา 24,07:00-09:00,0,0,1
พุทธบูชา - พุทธบูชา 24,พุทธบูชา 24,09:00-17:00,0,0,1
พุทธบูชา - พุทธบูชา 24,พุทธบูชา 24,17:00-19:00,0,0,1
พุทธมณฑลสาย 1 - บางแวก,บางแวก,07:00-09:00,1,0,1
พุทธมณฑลสาย 1 - บางแวก,บางแวก,09:00-16:00,1,0,1
พุทธมณฑลสาย 1 - บางแวก,บางแวก,16:00-19:00,1,0,1
พุทธมณฑลสาย 1 - บางแวก,พุทธมณฑลสาย 1,07:00-09:00,1,0,1
พุทธมณฑลสาย 1 - บางแวก,พุทธมณฑลสาย 1,09:00-16:00,1,0,1
พุทธมณฑลสาย 1 - บางแวก,พุทธมณฑลสาย 1,16:00-19:00,1,0,1
พุทธมณฑลสาย 1 - พรานนก - กาญจนาภิเษก,พรานนก - กาญจนาภิเษก,07:00-09:00,1,0,0
พุทธมณฑลสาย 1 - พรานนก - กาญจนาภิเษก,พรานนก - กาญจนาภิเษก,09:00-16:00,1,0,0
พุทธมณฑลสาย 1 - พรานนก - กาญจนาภิเษก,พรานนก - กาญจนาภิเษก,16:00-19:00,1,0,0
พุทธมณฑลสาย 1 - พรานนก - กาญจนาภิเษก,พุทธมณฑลสาย 1,07:00-09:00,1,0,0
พุทธมณฑลสาย 1 - พรานนก - กาญจนาภิเษก,พุทธมณฑลสาย 1,09:00-16:00,1,0,0
พุทธมณฑลสาย 1 - พรานนก - กาญจนาภิเษก,พุทธมณฑลสาย 1,16:00-19:00,1,0,0
พุทธมณฑลสาย 1 - พรานนกกภาญจนาภิเษก,พรานนก - กาญจนาภิเษก,07:00-09:00,1,0,0
พุทธมณฑลสาย 1 - พรานนกกภาญจนาภิเษก,พรานนก - กาญจนาภิเษก,09:00-16:00,1,0,0
พุทธมณฑลสาย 1 - พรานนกกภาญจนาภิเษก,พรานนก - กาญจนาภิเษก,16:00-19:00,1,0,0
พุทธมณฑลสาย 1 - พรานนกกภาญจนาภิเษก,พุทธมณฑลสาย 1,07:00-09:00,1,0,0
พุทธมณฑลสาย 1 - พรานนกกภาญจนาภิเษก,พุทธมณฑลสาย 1,09:00-16:00,1,0,0
พุทธมณฑลสาย 1 - พรานนกกภาญจนาภิเษก,พุทธมณฑลสาย 1,16:00-19:00,1,0,0
พุทธมณฑลสาย 1 -วัดอินทราวาส,พุทธมณฑลสาย 1,07:00-09:00,1,0,0
พุทธมณฑลสาย 1 -วัดอินทราวาส,พุทธมณฑลสาย 1,09:00-16:00,1,0,0
พุทธมณฑลสาย 1 -วัดอินทราวาส,พุทธมณฑลสาย 1,16:00-19:00,1,0,0
พุทธมณฑลสาย 2,ซ.เพชรเกษม 55,07:00-09:00,1,0,0
พุทธมณฑลสาย 2,ซ.เพชรเกษม 55,09:00-16:00,1,0,0
พุทธมณฑลสาย 2,ซ.เพชรเกษม 55,16:00-19:00,1,0,0
พุทธมณฑลสาย 2,ซอยเพชรเกษม 55,07:00-09:00,1,1,0
พุทธมณฑลสาย 2,ซอยเพชรเกษม 55,09:00-16:00,1,1,0
พุทธมณฑลสาย 2,ซอยเพชรเกษม 55,16:00-19:00,1,1,0
พุทธมณฑลสาย 2,พุทธมณฑลสาย 2,07:00-09:00,2,1,2
พุทธมณฑลสาย 2,พุทธมณฑลสาย 2,09:00-16:00,2,1,1
พุทธมณฑลสาย 2,พุทธมณฑลสาย 2,09:00-17:00,0,0,1
พุทธมณฑลสาย 2,พุทธมณฑลสาย 2,16:00-19:00,2,1,1
พุทธมณฑลสาย 2,พุทธมณฑลสาย 2,17:00-19:00,0,0,1
พุทธมณฑลสาย 2,เพชรเกษม,07:00-09:00,2,1,2
พุทธมณฑลสาย 2,เพชรเกษม,09:00-16:00,2,1,1
พุทธมณฑลสาย 2,เพชรเกษม,09:00-17:00,0,0,1
พุทธมณฑลสาย 2,เพชรเกษม,16:00-19:00,2,1,1
พุทธมณฑลสาย 2,เพชรเกษม,17:00-19:00,0,0,1
พุทธมณฑลสาย 2,เพชรเกษม 55,07:00-09:00,0,0,2
พุทธมณฑลสาย 2,เพชรเกษม 55,09:00-16:00,0,0,1
พุทธมณฑลสาย 2,เพชรเกษม 55,09:00-17:00,0,0,1
พุทธมณฑลสาย 2,เพชรเกษม 55,16:00-19:00,0,0,1
พุทธมณฑลสาย 2,เพชรเกษม 55,17:00-19:00,0,0,1
พุทธมณฑลสาย 2 - ซ.วัดบุณยประดิษฐ์,ซ.วัดบุณยประดิษฐ์,07:00-09:00,0,1,0
พุทธมณฑลสาย 2 - ซ.วัดบุณยประดิษฐ์,ซ.วัดบุณยประดิษฐ์,09:00-16:00,0,1,0
พุทธมณฑลสาย 2 - ซ.วัดบุณยประดิษฐ์,ซ.วัดบุณยประดิษฐ์,16:00-19:00,0,1,0
พุทธมณฑลสาย 2 - ซ.วัดบุณยประดิษฐ์,พุทธมณฑลสาย 2,07:00-09:00,0,1,0
พุทธมณฑลสาย 2 - ซ.วัดบุณยประดิษฐ์,พุทธมณฑลสาย 2,09:00-16:00,0,1,0
พุทธมณฑลสาย 2 - ซ.วัดบุณยประดิษฐ์,พุทธมณฑลสาย 2,16:00-19:00,0,1,0
พุทธมณฑลสาย 2 - ซ.วัดบุณยประดิษฐ์,พุทธมณฑลสาย 2 ซอย 10,07:00-09:00,0,1,0
พุทธมณฑลสาย 2 - ซ.วัดบุณยประดิษฐ์,พุทธมณฑลสาย 2 ซอย 10,09:00-16:00,0,1,0
พุทธมณฑลสาย 2 - ซ.วัดบุณยประดิษฐ์,พุทธมณฑลสาย 2 ซอย 10,16:00-19:00,0,1,0
พุทธมณฑลสาย 2 - ทางเข้าวัดบุณยประดิษฐ์,พุทธมณฑลสาย 2,07:00-09:00,0,0,1
พุทธมณฑลสาย 2 - ทางเข้าวัดบุณยประดิษฐ์,พุทธมณฑลสาย 2,09:00-17:00,0,0,1
พุทธมณฑลสาย 2 - ทางเข้าวัดบุณยประดิษฐ์,พุทธมณฑลสาย 2,17:00-19:00,0,0,1
พุทธมณฑลสาย 2 - ทางเข้าวัดบุณยประดิษฐ์,พุทธมณฑลสาย 2 ซ.10,07:00-09:00,0,0,1
พุทธมณฑลสาย 2 - ทางเข้าวัดบุณยประดิษฐ์,พุทธมณฑลสาย 2 ซ.10,09:00-17:00,0,0,1
พุทธมณฑลสาย 2 - ทางเข้าวัดบุณยประดิษฐ์,พุทธมณฑลสาย 2 ซ.10,17:00-19:00,0,0,1
พุทธมณฑลสาย 2 - ทางเข้าวัดบุณยประดิษฐ์,วัดบุณยประดิษฐ์,07:00-09:00,0,0,1
พุทธมณฑลสาย 2 - ทางเข้าวัดบุณยประดิษฐ์,วัดบุณยประดิษฐ์,09:00-17:00,0,0,1
พุทธมณฑลสาย 2 - ทางเข้าวัดบุณยประดิษฐ์,วัดบุณยประดิษฐ์,17:00-19:00,0,0,1
พุทธมณฑลสาย 2 - บางแวก,บางแวก,07:00-09:00,0,1,1
พุทธมณฑลสาย 2 - บางแวก,บางแวก,09:00-16:00,0,1,0
พุทธมณฑลสาย 2 - บางแวก,บางแวก,09:00-17:00,0,0,1
พุทธมณฑลสาย 2 - บางแวก,บางแวก,16:00-19:00,0,1,0
พุทธมณฑลสาย 2 - บางแวก,บางแวก,17:00-19:00,0,0,1
พุทธมณฑลสาย 2 - บางแวก,พุทธมณฑลสาย 2,07:00-09:00,0,1,1
พุทธมณฑลสาย 2 - บางแวก,พุทธมณฑลสาย 2,09:00-16:00,0,1,0
พุทธมณฑลสาย 2 - บางแวก,พุทธมณฑลสาย 2,09:00-17:00,0,0,1
พุทธมณฑลสาย 2 - บางแวก,พุทธมณฑลสาย 2,16:00-19:00,0,1,0
พุทธมณฑลสาย 2 - บางแวก,พุทธมณฑลสาย 2,17:00-19:00,0,0,1
พุทธมณฑลสาย 2 - สุขาภิบาลบางระมาด,พุทธมณฑลสาย 2,07:00-09:00,0,0,1
พุทธมณฑลสาย 2 - สุขาภิบาลบางระมาด,พุทธมณฑลสาย 2,09:00-17:00,0,0,1
พุทธมณฑลสาย 2 - สุขาภิบาลบางระมาด,พุทธมณฑลสาย 2,17:00-19:00,0,0,1
พุทธมณฑลสาย 2 - สุขาภิบาลบางระมาด,สุขาภิบาลบางระมาด,07:00-09:00,0,0,1
พุทธมณฑลสาย 2 - สุขาภิบาลบางระมาด,สุขาภิบาลบางระมาด,09:00-17:00,0,0,1
พุทธมณฑลสาย 2 - สุขาภิบาลบางระมาด,สุขาภิบาลบางระมาด,17:00-19:00,0,0,1
พุทธมณฑลสาย 2 ซ.12,พุทธมณฑลสาย 2,07:00-09:00,0,0,1
พุทธมณฑลสาย 2 ซ.12,พุทธมณฑลสาย 2,09:00-16:00,0,0,1
พุทธมณฑลสาย 2 ซ.12,พุทธมณฑลสาย 2,16:00-19:00,0,0,1
พุทธมณฑลสาย 2 ซ.12,พุทธมณฑลสาย 2 ซอย 12,07:00-09:00,0,0,1
พุทธมณฑลสาย 2 ซ.12,พุทธมณฑลสาย 2 ซอย 12,09:00-16:00,0,0,1
พุทธมณฑลสาย 2 ซ.12,พุทธมณฑลสาย 2 ซอย 12,16:00-19:00,0,0,1
พุทธมณฑลสาย 3,พุทธมณฑลสาย 3,07:00-09:00,2,1,1
พุทธมณฑลสาย 3,พุทธมณฑลสาย 3,09:00-16:00,2,1,0
พุทธมณฑลสาย 3,พุทธมณฑลสาย 3,09:00-17:00,0,0,1
พุทธมณฑลสาย 3,พุทธมณฑลสาย 3,16:00-19:00,2,1,0
พุทธมณฑลสาย 3,พุทธมณฑลสาย 3,17:00-19:00,0,0,1
พุทธมณฑลสาย 3,เพชรเกษม,07:00-09:00,2,1,1
พุทธมณฑลสาย 3,เพชรเกษม,09:00-16:00,2,1,0
พุทธมณฑลสาย 3,เพชรเกษม,09:00-17:00,0,0,1
พุทธมณฑลสาย 3,เพชรเกษม,16:00-19:00,2,1,0
พุทธมณฑลสาย 3,เพชรเกษม,17:00-19:00,0,0,1
พุทธมณฑลสาย 3 - ถ.อุทยาน,พุทธมณฑลสาย 3,07:00-09:00,1,1,0
พุทธมณฑลสาย 3 - ถ.อุทยาน,พุทธมณฑลสาย 3,09:00-16:00,1,1,0
พุทธมณฑลสาย 3 - ถ.อุทยาน,พุทธมณฑลสาย 3,16:00-19:00,1,1,0
พุทธมณฑลสาย 3 - ถ.อุทยาน,อุทยาน,07:00-09:00,1,1,0
พุทธมณฑลสาย 3 - ถ.อุทยาน,อุทยาน,09:00-16:00,1,1,0
พุทธมณฑลสาย 3 - ถ.อุทยาน,อุทยาน,16:00-19:00,1,1,0
พุทธมณฑลสาย 3 - อุทยาน,พุทธมณฑลสาย 3,07:00-09:00,0,0,2
พุทธมณฑลสาย 3 - อุทยาน,พุทธมณฑลสาย 3,09:00-16:00,0,0,1
พุทธมณฑลสาย 3 - อุทยาน,พุทธมณฑลสาย 3,09:00-17:00,0,0,1
พุทธมณฑลสาย 3 - อุทยาน,พุทธมณฑลสาย 3,16:00-19:00,0,0,1
พุทธมณฑลสาย 3 - อุทยาน,พุทธมณฑลสาย 3,17:00-19:00,0,0,1
พุทธมณฑลสาย 3 - อุทยาน,อุทยาน,07:00-09:00,0,0,2
พุทธมณฑลสาย 3 - อุทยาน,อุทยาน,09:00-16:00,0,0,1
พุทธมณฑลสาย 3 - อุทยาน,อุทยาน,09:00-17:00,0,0,1
พุทธมณฑลสาย 3 - อุทยาน,อุทยาน,16:00-19:00,0,0,1
พุทธมณฑลสาย 3 -ซ.ศาลาธรรมสพน์,ซอยศาลาธรรมสพน์,07:00-09:00,1,0,0
พุทธมณฑลสาย 3 -ซ.ศาลาธรรมสพน์,ซอยศาลาธรรมสพน์,09:00-16:00,1,0,0
พุทธมณฑลสาย 3 -ซ.ศาลาธรรมสพน์,ซอยศาลาธรรมสพน์,16:00-19:00,1,0,0
พุทธมณฑลสาย 3 -ซ.ศาลาธรรมสพน์,พุทธมณฑลสาย 3,07:00-09:00,1,0,0
พุทธมณฑลสาย 3 -ซ.ศาลาธรรมสพน์,พุทธมณฑลสาย 3,09:00-16:00,1,0,0
พุทธมณฑลสาย 3 -ซ.ศาลาธรรมสพน์,พุทธมณฑลสาย 3,16:00-19:00,1,0,0
ภาวนา,ซอยลาดพราว 37,07:00-09:00,1,0,0
ภาวนา,ซอยลาดพราว 37,09:00-16:00,1,0,0
ภาวนา,ซอยลาดพราว 37,16:00-19:00,1,0,0
ภาวนา,ซอยลาดพร้าว 37,07:00-09:00,1,0,0
ภาวนา,ซอยลาดพร้าว 37,09:00-16:00,1,0,0
ภาวนา,ซอยลาดพร้าว 37,16:00-19:00,1,0,0
ภาวนา,ซอยลาดพร้าว 41,07:00-09:00,2,0,0
ภาวนา,ซอยลาดพร้าว 41,09:00-16:00,2,0,0
ภาวนา,ซอยลาดพร้าว 41,16:00-19:00,2,0,0
ภาวนา,ซอยลาดพร้าว 44,07:00-09:00,2,0,0
ภาวนา,ซอยลาดพร้าว 44,09:00-16:00,2,0,0
ภาวนา,ซอยลาดพร้าว 44,16:00-19:00,2,0,0
ภาวนา,ถนนลาดพร้าว,07:00-09:00,1,0,0
ภาวนา,ถนนลาดพร้าว,09:00-16:00,1,0,0
ภาวนา,ถนนลาดพร้าว,16:00-19:00,1,0,0
ภาวนา,ลาดพร้าว,07:00-09:00,1,0,1
ภาวนา,ลาดพร้าว,09:00-16:00,1,0,1
ภาวนา,ลาดพร้าว,16:00-19:00,1,0,1
ภาวนา,ลาดพร้าว 37,07:00-09:00,0,0,1
ภาวนา,ลาดพร้าว 37,09:00-16:00,0,0,1
ภาวนา,ลาดพร้าว 37,16:00-19:00,0,0,1
ภาวนา,ลาดพร้าว 41,07:00-09:00,0,0,1
ภาวนา,ลาดพร้าว 41,09:00-16:00,0,0,1
ภาวนา,ลาดพร้าว 41,16:00-19:00,0,0,1
ภาวนา,ลาดพร้าว 44,07:00-09:00,0,0,1
ภาวนา,ลาดพร้าว 44,09:00-16:00,0,0,1
ภาวนา,ลาดพร้าว 44,16:00-19:00,0,0,1
ม.หอการค้าไทย,วิภาวดีรังสิต,07:00-09:00,0,1,0
ม.หอการค้าไทย,วิภาวดีรังสิต,09:00-16:00,0,1,0
ม.หอการค้าไทย,วิภาวดีรังสิต,16:00-19:00,0,1,0
มหานคร,จารุเมือง,07:00-09:00,1,0,2
มหานคร,จารุเมือง,09:00-16:00,1,0,1
มหานคร,จารุเมือง,09:00-17:00,0,0,1
มหานคร,จารุเมือง,16:00-19:00,1,0,1
มหานคร,จารุเมือง,17:00-19:00,0,0,1
มหานคร,พระรามที่ 4,07:00-09:00,1,0,2
มหานคร,พระรามที่ 4,09:00-16:00,1,0,1
มหานคร,พระรามที่ 4,09:00-17:00,0,0,1
มหานคร,พระรามที่ 4,16:00-19:00,1,0,1
มหานคร,พระรามที่ 4,17:00-19:00,0,0,1
มหานคร,มหานคร,07:00-09:00,1,0,2
มหานคร,มหานคร,09:00-16:00,1,0,1
มหานคร,มหานคร,09:00-17:00,0,0,1
มหานคร,มหานคร,16:00-19:00,1,0,1
มหานคร,มหานคร,17:00-19:00,0,0,1
มหานคร - สี่พระยา,มหานคร,07:00-09:00,0,0,1
มหานคร - สี่พระยา,มหานคร,09:00-17:00,0,0,1
มหานคร - สี่พระยา,มหานคร,17:00-19:00,0,0,1
มหานคร - สี่พระยา,มหาเศรษฐ์,07:00-09:00,0,0,1
มหานคร - สี่พระยา,มหาเศรษฐ์,09:00-17:00,0,0,1
มหานคร - สี่พระยา,มหาเศรษฐ์,17:00-19:00,0,0,1
มหานคร - สี่พระยา,สี่พระยา,07:00-09:00,0,0,1
มหานคร - สี่พระยา,สี่พระยา,09:00-17:00,0,0,1
มหานคร - สี่พระยา,สี่พระยา,17:00-19:00,0,0,1
มหาวิทยาลัยกรุงเทพ,ซ.บ้านกล้วยใต้ (สุขุมวิท42),07:00-09:00,1,0,0
มหาวิทยาลัยกรุงเทพ,ซ.บ้านกล้วยใต้ (สุขุมวิท42),09:00-16:00,1,0,0
มหาวิทยาลัยกรุงเทพ,ซ.บ้านกล้วยใต้ (สุขุมวิท42),16:00-19:00,1,0,0
มหาวิทยาลัยกรุงเทพ,ซ.มหาวิทยาลัยกรุงเทพ,07:00-09:00,1,0,0
มหาวิทยาลัยกรุงเทพ,ซ.มหาวิทยาลัยกรุงเทพ,09:00-16:00,1,0,0
มหาวิทยาลัยกรุงเทพ,ซ.มหาวิทยาลัยกรุงเทพ,16:00-19:00,1,0,0
มหาวิทยาลัยกรุงเทพ,พระรามที่ 4,07:00-09:00,1,0,1
มหาวิทยาลัยกรุงเทพ,พระรามที่ 4,09:00-16:00,1,0,1
มหาวิทยาลัยกรุงเทพ,พระรามที่ 4,16:00-19:00,1,0,1
มหาวิทยาลัยกรุงเทพ,ม.กรุงเทพฯ,07:00-09:00,0,0,1
มหาวิทยาลัยกรุงเทพ,ม.กรุงเทพฯ,09:00-16:00,0,0,1
มหาวิทยาลัยกรุงเทพ,ม.กรุงเทพฯ,16:00-19:00,0,0,1
มหาวิทยาลัยกรุงเทพ,สุขุมวิท 42,07:00-09:00,0,0,1
มหาวิทยาลัยกรุงเทพ,สุขุมวิท 42,09:00-16:00,0,0,1
มหาวิทยาลัยกรุงเทพ,สุขุมวิท 42,16:00-19:00,0,0,1
มหาไชย - ศิริชัย,มหาไชย,07:00-09:00,0,1,0
มหาไชย - ศิริชัย,มหาไชย,09:00-16:00,0,1,0
มหาไชย - ศิริชัย,มหาไชย,16:00-19:00,0,1,0
มหาไชย - สำราญราษฎร์,มหาไชย,07:00-09:00,1,0,0
มหาไชย - สำราญราษฎร์,มหาไชย,09:00-16:00,1,0,0
มหาไชย - สำราญราษฎร์,มหาไชย,16:00-19:00,1,0,0
มักกะสัน,นิคมมักกะสัน,07:00-09:00,0,0,2
มักกะสัน,นิคมมักกะสัน,09:00-17:00,0,0,2
มักกะสัน,นิคมมักกะสัน,17:00-19:00,0,0,2
มักกะสัน,ราชปรารภ,07:00-09:00,0,0,2
มักกะสัน,ราชปรารภ,09:00-17:00,0,0,2
มักกะสัน,ราชปรารภ,17:00-19:00,0,0,2
มัฆวาน,กรุงเกษม,07:00-09:00,0,1,2
มัฆวาน,กรุงเกษม,09:00-16:00,0,1,1
มัฆวาน,กรุงเกษม,09:00-17:00,0,0,1
มัฆวาน,กรุงเกษม,16:00-19:00,0,1,1
มัฆวาน,กรุงเกษม,17:00-19:00,0,0,1
มัฆวาน,ราชดำเนิน,07:00-09:00,0,0,1
มัฆวาน,ราชดำเนิน,09:00-16:00,0,0,1
มัฆวาน,ราชดำเนิน,16:00-19:00,0,0,1
มัฆวาน,ราชดำเนินนอก,06:30-09:00,0,1,0
มัฆวาน,ราชดำเนินนอก,07:00-09:00,0,0,1
มัฆวาน,ราชดำเนินนอก,09:00-16:00,0,1,0
มัฆวาน,ราชดำเนินนอก,09:00-17:00,0,0,1
มัฆวาน,ราชดำเนินนอก,16:00-19:30,0,1,0
มัฆวาน,ราชดำเนินนอก,17:00-19:00,0,0,1
มัฒวาน,กรุงเกษม,07:00-09:00,1,0,0
มัฒวาน,กรุงเกษม,09:00-16:00,1,0,0
มัฒวาน,กรุงเกษม,16:00-19:00,1,0,0
มัฒวาน,ราชดำเนินนอก,07:00-09:00,1,0,0
มัฒวาน,ราชดำเนินนอก,09:00-16:00,1,0,0
มัฒวาน,ราชดำเนินนอก,16:00-19:00,1,0,0
มัยลาภ,ซ.รามอยินทรา 14 (ซ.มัยลาภ ),07:00-09:00,1,0,0
มัยลาภ,ซ.รามอยินทรา 14 (ซ.มัยลาภ ),09:00-16:00,1,0,0
มัยลาภ,ซ.รามอยินทรา 14 (ซ.มัยลาภ ),16:00-19:00,1,0,0
มัยลาภ,รามอินทรา,07:00-09:00,1,0,1
มัยลาภ,รามอินทรา,09:00-16:00,1,0,0
มัยลาภ,รามอินทรา,09:00-17:00,0,0,1
มัยลาภ,รามอินทรา,16:00-19:00,1,0,0
มัยลาภ,รามอินทรา,17:00-19:00,0,0,1
มัยลาภ,รามอินทรา 14,07:00-09:00,0,0,1
มัยลาภ,รามอินทรา 14,09:00-17:00,0,0,1
มัยลาภ,รามอินทรา 14,17:00-19:00,0,0,1
มิตรสัมพันธ์,นิคมมักกะสัน,06:30-09:00,0,1,0
มิตรสัมพันธ์,นิคมมักกะสัน,07:00-09:00,1,1,1
มิตรสัมพันธ์,นิคมมักกะสัน,09:00-16:00,1,2,0
มิตรสัมพันธ์,นิคมมักกะสัน,09:00-17:00,0,0,1
มิตรสัมพันธ์,นิคมมักกะสัน,16:00-19:00,1,1,0
มิตรสัมพันธ์,นิคมมักกะสัน,16:00-19:30,0,1,0
มิตรสัมพันธ์,นิคมมักกะสัน,17:00-19:00,0,0,1
มิตรสัมพันธ์,มักกะสัน,07:00-09:00,0,0,1
มิตรสัมพันธ์,มักกะสัน,09:00-17:00,0,0,1
มิตรสัมพันธ์,มักกะสัน,17:00-19:00,0,0,1
มิตรสัมพันธ์,เพชรบุรี,06:30-09:00,0,1,0
มิตรสัมพันธ์,เพชรบุรี,07:00-09:00,1,1,2
มิตรสัมพันธ์,เพชรบุรี,09:00-16:00,1,2,0
มิตรสัมพันธ์,เพชรบุรี,09:00-17:00,0,0,2
มิตรสัมพันธ์,เพชรบุรี,16:00-19:00,1,2,0
มิตรสัมพันธ์,เพชรบุรี,17:00-19:00,0,0,2
มิตรไมตรี - มิตรไมตรี,มิตรไมตรี (EB - WB),07:00-09:00,0,1,0
มิตรไมตรี - มิตรไมตรี,มิตรไมตรี (EB - WB),09:00-16:00,0,1,0
มิตรไมตรี - มิตรไมตรี,มิตรไมตรี (EB - WB),16:00-19:00,0,1,0
มิตรไมตรี - มิตรไมตรี,มิตรไมตรี (EB-WB),07:00-09:00,0,1,0
มิตรไมตรี - มิตรไมตรี,มิตรไมตรี (EB-WB),09:00-16:00,0,1,0
มิตรไมตรี - มิตรไมตรี,มิตรไมตรี (EB-WB),16:00-19:00,0,1,0
มิตรไมตรี - มิตรไมตรี,มิตรไมตรี (NB),07:00-09:00,0,2,0
มิตรไมตรี - มิตรไมตรี,มิตรไมตรี (NB),09:00-16:00,0,2,0
มิตรไมตรี - มิตรไมตรี,มิตรไมตรี (NB),16:00-19:00,0,2,0
มิตรไมตรี - มิตรไมตรี 1,มิตรไมตรี,06:30-09:00,5,1,0
มิตรไมตรี - มิตรไมตรี 1,มิตรไมตรี,07:00-09:00,0,0,1
มิตรไมตรี - มิตรไมตรี 1,มิตรไมตรี,09:00-16:00,5,1,1
มิตรไมตรี - มิตรไมตรี 1,มิตรไมตรี,16:00-19:00,0,0,1
มิตรไมตรี - มิตรไมตรี 1,มิตรไมตรี,16:00-19:30,5,1,0
มิตรไมตรี - มิตรไมตรี 1,มิตรไมตรี 1,06:30-09:00,5,1,0
มิตรไมตรี - มิตรไมตรี 1,มิตรไมตรี 1,07:00-09:00,0,0,1
มิตรไมตรี - มิตรไมตรี 1,มิตรไมตรี 1,09:00-16:00,5,1,1
มิตรไมตรี - มิตรไมตรี 1,มิตรไมตรี 1,16:00-19:00,0,0,1
มิตรไมตรี - มิตรไมตรี 1,มิตรไมตรี 1,16:00-19:30,5,1,0
มิตรไมตรี - มิตรไมตรี 12/2,มิตรไมตรี,07:00-09:00,0,0,1
มิตรไมตรี - มิตรไมตรี 12/2,มิตรไมตรี,09:00-17:00,0,0,1
มิตรไมตรี - มิตรไมตรี 12/2,มิตรไมตรี,17:00-19:00,0,0,1
มิตรไมตรี - มิตรไมตรี 12/2,มิตรไมตรี 12/2,07:00-09:00,0,0,1
มิตรไมตรี - มิตรไมตรี 12/2,มิตรไมตรี 12/2,09:00-17:00,0,0,1
มิตรไมตรี - มิตรไมตรี 12/2,มิตรไมตรี 12/2,17:00-19:00,0,0,1
มิตรไมตรี - มิตรไมตรี 2,มิตรไมตรี,06:30-09:00,4,1,0
มิตรไมตรี - มิตรไมตรี 2,มิตรไมตรี,07:00-09:00,2,3,3
มิตรไมตรี - มิตรไมตรี 2,มิตรไมตรี,09:00-16:00,6,4,1
มิตรไมตรี - มิตรไมตรี 2,มิตรไมตรี,09:00-17:00,0,0,2
มิตรไมตรี - มิตรไมตรี 2,มิตรไมตรี,16:00-19:00,2,3,1
มิตรไมตรี - มิตรไมตรี 2,มิตรไมตรี,16:00-19:30,4,1,0
มิตรไมตรี - มิตรไมตรี 2,มิตรไมตรี,17:00-19:00,0,0,2
มิตรไมตรี - มิตรไมตรี 2,มิตรไมตรี 2,06:30-09:00,4,1,0
มิตรไมตรี - มิตรไมตรี 2,มิตรไมตรี 2,07:00-09:00,2,3,3
มิตรไมตรี - มิตรไมตรี 2,มิตรไมตรี 2,09:00-16:00,6,4,1
มิตรไมตรี - มิตรไมตรี 2,มิตรไมตรี 2,09:00-17:00,0,0,2
มิตรไมตรี - มิตรไมตรี 2,มิตรไมตรี 2,16:00-19:00,2,3,1
มิตรไมตรี - มิตรไมตรี 2,มิตรไมตรี 2,16:00-19:30,4,1,0
มิตรไมตรี - มิตรไมตรี 2,มิตรไมตรี 2,17:00-19:00,0,0,2
มิตรไมตรี - มิตรไมตรี 3,มิตรไมตรี,07:00-09:00,0,0,1
มิตรไมตรี - มิตรไมตรี 3,มิตรไมตรี,09:00-16:00,0,0,1
มิตรไมตรี - มิตรไมตรี 3,มิตรไมตรี,16:00-19:00,0,0,1
มิตรไมตรี - มิตรไมตรี 3,มิตรไมตรี 3,07:00-09:00,0,0,1
มิตรไมตรี - มิตรไมตรี 3,มิตรไมตรี 3,09:00-16:00,0,0,1
มิตรไมตรี - มิตรไมตรี 3,มิตรไมตรี 3,16:00-19:00,0,0,1
มิตรไมตรี - สกุลดี,ประชาสำราญ,07:00-09:00,0,0,1
มิตรไมตรี - สกุลดี,ประชาสำราญ,09:00-16:00,0,0,1
มิตรไมตรี - สกุลดี,ประชาสำราญ,16:00-19:00,0,0,1
มิตรไมตรี - สกุลดี,มิตรไมตรี,07:00-09:00,0,0,1
มิตรไมตรี - สกุลดี,มิตรไมตรี,09:00-16:00,0,0,1
มิตรไมตรี - สกุลดี,มิตรไมตรี,16:00-19:00,0,0,1
มิตรไมตรี - สกุลดี,สกุลดี,07:00-09:00,0,0,1
มิตรไมตรี - สกุลดี,สกุลดี,09:00-16:00,0,0,1
มิตรไมตรี - สกุลดี,สกุลดี,16:00-19:00,0,0,1
มิตรไมตรี -มิตรไมตรี 3 -มิตรไมตรี 4,มิตรไมตรี,07:00-09:00,0,0,1
มิตรไมตรี -มิตรไมตรี 3 -มิตรไมตรี 4,มิตรไมตรี,09:00-17:00,0,0,1
มิตรไมตรี -มิตรไมตรี 3 -มิตรไมตรี 4,มิตรไมตรี,17:00-19:00,0,0,1
มิตรไมตรี -มิตรไมตรี 3 -มิตรไมตรี 4,มิตรไมตรี 3,07:00-09:00,0,0,1
มิตรไมตรี -มิตรไมตรี 3 -มิตรไมตรี 4,มิตรไมตรี 3,09:00-17:00,0,0,1
มิตรไมตรี -มิตรไมตรี 3 -มิตรไมตรี 4,มิตรไมตรี 3,17:00-19:00,0,0,1
มิตรไมตรี -มิตรไมตรี 3 -มิตรไมตรี 4,มิตรไมตรี 4,07:00-09:00,0,0,1
มิตรไมตรี -มิตรไมตรี 3 -มิตรไมตรี 4,มิตรไมตรี 4,09:00-17:00,0,0,1
มิตรไมตรี -มิตรไมตรี 3 -มิตรไมตรี 4,มิตรไมตรี 4,17:00-19:00,0,0,1
มิตรไมตรี 3 - มิตรไมตรี 4,มิตรไมตรี,07:00-09:00,0,0,1
มิตรไมตรี 3 - มิตรไมตรี 4,มิตรไมตรี,09:00-17:00,0,0,1
มิตรไมตรี 3 - มิตรไมตรี 4,มิตรไมตรี,17:00-19:00,0,0,1
มิตรไมตรี 3 - มิตรไมตรี 4,มิตรไมตรี 3,07:00-09:00,0,0,1
มิตรไมตรี 3 - มิตรไมตรี 4,มิตรไมตรี 3,09:00-17:00,0,0,1
มิตรไมตรี 3 - มิตรไมตรี 4,มิตรไมตรี 3,17:00-19:00,0,0,1
มิตรไมตรี 3 - มิตรไมตรี 4,มิตรไมตรี 4,07:00-09:00,0,0,1
มิตรไมตรี 3 - มิตรไมตรี 4,มิตรไมตรี 4,09:00-17:00,0,0,1
มิตรไมตรี 3 - มิตรไมตรี 4,มิตรไมตรี 4,17:00-19:00,0,0,1
มิสทีน,รามคำแหง,07:00-09:00,1,0,2
มิสทีน,รามคำแหง,09:00-16:00,1,0,1
มิสทีน,รามคำแหง,09:00-17:00,0,0,1
มิสทีน,รามคำแหง,16:00-19:00,1,0,0
มิสทีน,รามคำแหง,17:00-19:00,0,0,1
มิสทีน,ราษฎร์พัฒนา,07:00-09:00,1,0,2
มิสทีน,ราษฎร์พัฒนา,09:00-16:00,1,0,1
มิสทีน,ราษฎร์พัฒนา,09:00-17:00,0,0,1
มิสทีน,ราษฎร์พัฒนา,16:00-19:00,1,0,1
มิสทีน,ราษฎร์พัฒนา,17:00-19:00,0,0,1
มเหสักข์,มหาเศรษฐ์,09:00-17:00,0,0,1
มเหสักข์,มหาเศรษฐ์,17:00-19:00,0,0,1
มเหสักข์,มเหสักข์,07:00-09:00,1,0,0
มเหสักข์,มเหสักข์,09:00-16:00,1,0,0
มเหสักข์,มเหสักข์,09:00-17:00,0,0,1
มเหสักข์,มเหสักข์,16:00-19:00,1,0,0
มเหสักข์,มเหสักข์,17:00-19:00,0,0,1
มเหสักข์,สีลม,07:00-09:00,1,0,0
มเหสักข์,สีลม,09:00-16:00,1,0,0
มเหสักข์,สีลม,16:00-19:00,1,0,0
มเหสักข์,สุรวงศ์,07:00-09:00,0,0,1
มเหสักข์,สุรวงศ์,09:00-17:00,0,0,1
มเหสักข์,สุรวงศ์,17:00-19:00,0,0,1
มเหสักข์,สุรศักดิ์,07:00-09:00,1,0,0
มเหสักข์,สุรศักดิ์,09:00-16:00,1,0,0
มเหสักข์,สุรศักดิ์,16:00-19:00,1,0,0
มไหสวรรย์,มไหสวรรย์,07:00-09:00,2,1,3
มไหสวรรย์,มไหสวรรย์,09:00-16:00,2,1,1
มไหสวรรย์,มไหสวรรย์,09:00-17:00,0,0,2
มไหสวรรย์,มไหสวรรย์,16:00-19:00,2,1,1
มไหสวรรย์,มไหสวรรย์,17:00-19:00,0,0,2
มไหสวรรย์,รัชดาภิเษก,07:00-09:00,2,1,2
มไหสวรรย์,รัชดาภิเษก,09:00-16:00,2,1,0
มไหสวรรย์,รัชดาภิเษก,09:00-17:00,0,0,2
มไหสวรรย์,รัชดาภิเษก,16:00-19:00,2,1,0
มไหสวรรย์,รัชดาภิเษก,17:00-19:00,0,0,2
มไหสวรรย์,สมเดจ็พระเจ้าตากสิน,07:00-09:00,0,1,0
มไหสวรรย์,สมเดจ็พระเจ้าตากสิน,09:00-16:00,0,1,0
มไหสวรรย์,สมเดจ็พระเจ้าตากสิน,16:00-19:00,0,1,0
มไหสวรรย์,สมเด็จพระเจ้าตากสิน,07:00-09:00,2,0,3
มไหสวรรย์,สมเด็จพระเจ้าตากสิน,09:00-16:00,2,0,1
มไหสวรรย์,สมเด็จพระเจ้าตากสิน,09:00-17:00,0,0,2
มไหสวรรย์,สมเด็จพระเจ้าตากสิน,16:00-19:00,2,0,1
มไหสวรรย์,สมเด็จพระเจ้าตากสิน,17:00-19:00,0,0,2
ยมราช,พิษณุโลก,07:00-09:00,1,0,3
ยมราช,พิษณุโลก,09:00-16:00,1,0,1
ยมราช,พิษณุโลก,09:00-17:00,0,0,2
ยมราช,พิษณุโลก,16:00-19:00,1,0,1
ยมราช,พิษณุโลก,17:00-19:00,0,0,2
ยมราช,สวรรคโลก,06:30-09:00,1,0,0
ยมราช,สวรรคโลก,07:00-09:00,0,0,3
ยมราช,สวรรคโลก,09:00-16:00,1,0,1
ยมราช,สวรรคโลก,09:00-17:00,0,0,2
ยมราช,สวรรคโลก,16:00-19:00,0,0,1
ยมราช,สวรรคโลก,16:00-19:30,1,0,0
ยมราช,สวรรคโลก,17:00-19:00,0,0,2
ยมราช,หลานหลวง,06:30-09:00,1,0,0
ยมราช,หลานหลวง,07:00-09:00,0,0,3
ยมราช,หลานหลวง,09:00-16:00,1,0,1
ยมราช,หลานหลวง,09:00-17:00,0,0,2
ยมราช,หลานหลวง,16:00-19:00,0,0,1
ยมราช,หลานหลวง,16:00-19:30,1,0,0
ยมราช,หลานหลวง,17:00-19:00,0,0,2
ยมราช,เพชรบุรี,07:00-09:00,1,0,3
ยมราช,เพชรบุรี,09:00-16:00,1,0,1
ยมราช,เพชรบุรี,09:00-17:00,0,0,2
ยมราช,เพชรบุรี,16:00-19:00,1,0,1
ยมราช,เพชรบุรี,17:00-19:00,0,0,2
ยานนาวา,พระรามที่ 3,07:00-09:00,0,0,1
ยานนาวา,พระรามที่ 3,09:00-17:00,0,0,1
ยานนาวา,พระรามที่ 3,17:00-19:00,0,0,1
ยานนาวา,ยานนาวา,07:00-09:00,0,0,1
ยานนาวา,ยานนาวา,09:00-17:00,0,0,1
ยานนาวา,ยานนาวา,17:00-19:00,0,0,1
ยุคล 2,บำรุงเมือง,07:00-09:00,1,0,1
ยุคล 2,บำรุงเมือง,09:00-16:00,1,0,0
ยุคล 2,บำรุงเมือง,09:00-17:00,0,0,1
ยุคล 2,บำรุงเมือง,16:00-19:00,1,0,0
ยุคล 2,บำรุงเมือง,17:00-19:00,0,0,1
ยุคล 2,บํารุงเมือง,07:00-09:00,0,1,0
ยุคล 2,บํารุงเมือง,09:00-16:00,0,1,0
ยุคล 2,บํารุงเมือง,16:00-19:00,0,1,0
ยุคล 2,ยุคล 2,07:00-09:00,1,1,1
ยุคล 2,ยุคล 2,09:00-16:00,1,1,0
ยุคล 2,ยุคล 2,09:00-17:00,0,0,1
ยุคล 2,ยุคล 2,16:00-19:00,1,1,0
ยุคล 2,ยุคล 2,17:00-19:00,0,0,1
ร.พ. บางรัก,ซอยศึกษาวิทยา,07:00-09:00,0,1,0
ร.พ. บางรัก,ซอยศึกษาวิทยา,09:00-16:00,0,1,0
ร.พ. บางรัก,ซอยศึกษาวิทยา,16:00-19:00,0,1,0
ร.พ. บางรัก,ซอยเซ็นหลุยส์ 9,07:00-09:00,0,1,0
ร.พ. บางรัก,ซอยเซ็นหลุยส์ 9,09:00-16:00,0,1,0
ร.พ. บางรัก,ซอยเซ็นหลุยส์ 9,16:00-19:00,0,1,0
ร.พ. บางรัก,สาทร,07:00-09:00,0,1,0
ร.พ. บางรัก,สาทร,09:00-16:00,0,1,0
ร.พ. บางรัก,สาทร,16:00-19:00,0,1,0
ร.พ.สิรินธร,สุขาภิบาล 2,07:00-09:00,0,0,1
ร.พ.สิรินธร,สุขาภิบาล 2,09:00-16:00,0,0,1
ร.พ.สิรินธร,สุขาภิบาล 2,16:00-19:00,0,0,1
ร.พ.สิรินธร,อ่อนนุช,07:00-09:00,0,0,1
ร.พ.สิรินธร,อ่อนนุช,09:00-16:00,0,0,1
ร.พ.สิรินธร,อ่อนนุช,16:00-19:00,0,0,1
ร.ร.กสิณธรอาคาเดมี่,พุทธมณฑลสาย 3,07:00-09:00,0,1,0
ร.ร.กสิณธรอาคาเดมี่,พุทธมณฑลสาย 3,09:00-16:00,0,1,0
ร.ร.กสิณธรอาคาเดมี่,พุทธมณฑลสาย 3,16:00-19:00,0,1,0
ร.ร.สารสาสน์วิเทศธนบุรี,พุทธมณฑลสาย 3,07:00-09:00,0,1,0
ร.ร.สารสาสน์วิเทศธนบุรี,พุทธมณฑลสาย 3,09:00-16:00,0,1,0
ร.ร.สารสาสน์วิเทศธนบุรี,พุทธมณฑลสาย 3,16:00-19:00,0,1,0
ร.ร.เตรียมอุดมศึกษา,พญาไท,07:00-09:00,0,1,0
ร.ร.เตรียมอุดมศึกษา,พญาไท,09:00-16:00,0,1,0
ร.ร.เตรียมอุดมศึกษา,พญาไท,16:00-19:00,0,1,0
รพ.ทหารผ่านศึก,วิภาวดีรังสิต,07:00-09:00,0,1,0
รพ.ทหารผ่านศึก,วิภาวดีรังสิต,09:00-16:00,0,1,0
รพ.ทหารผ่านศึก,วิภาวดีรังสิต,16:00-19:00,0,1,0
รพ.นพรัตน์,ทางเข้าออก รพ.นพรัตน์,07:00-09:00,0,0,1
รพ.นพรัตน์,ทางเข้าออก รพ.นพรัตน์,09:00-17:00,0,0,1
รพ.นพรัตน์,ทางเข้าออก รพ.นพรัตน์,17:00-19:00,0,0,1
รพ.นพรัตน์,รามอินทรา,07:00-09:00,0,0,1
รพ.นพรัตน์,รามอินทรา,09:00-17:00,0,0,1
รพ.นพรัตน์,รามอินทรา,17:00-19:00,0,0,1
รพ.นพรัตน์,สวนสยาม,07:00-09:00,0,0,1
รพ.นพรัตน์,สวนสยาม,09:00-17:00,0,0,1
รพ.นพรัตน์,สวนสยาม,17:00-19:00,0,0,1
รพ.ปิยะเวท,จตุรทิศ,07:00-09:00,0,0,1
รพ.ปิยะเวท,จตุรทิศ,09:00-17:00,0,0,1
รพ.ปิยะเวท,จตุรทิศ,17:00-19:00,0,0,1
รพ.ปิยะเวท,ทางเข้าออก รพ.ปิยะเวท,07:00-09:00,0,0,1
รพ.ปิยะเวท,ทางเข้าออก รพ.ปิยะเวท,09:00-17:00,0,0,1
รพ.ปิยะเวท,ทางเข้าออก รพ.ปิยะเวท,17:00-19:00,0,0,1
รพ.ภูมิพล,ซอยพิมานทิพย์,07:00-09:00,0,1,0
รพ.ภูมิพล,ซอยพิมานทิพย์,09:00-16:00,0,1,0
รพ.ภูมิพล,ซอยพิมานทิพย์,16:00-19:00,0,1,0
รพ.ภูมิพล,ทางเข้าออก ทอ.5,07:00-09:00,0,1,0
รพ.ภูมิพล,ทางเข้าออก ทอ.5,09:00-16:00,0,1,0
รพ.ภูมิพล,ทางเข้าออก ทอ.5,16:00-19:00,0,1,0
รพ.ภูมิพล,พหลโยธิน,07:00-09:00,0,1,0
รพ.ภูมิพล,พหลโยธิน,09:00-16:00,0,1,0
รพ.ภูมิพล,พหลโยธิน,16:00-19:00,0,1,0
รพ.วุฒิสมเด็จย่า,พหลโยธิน,07:00-09:00,0,1,0
รพ.วุฒิสมเด็จย่า,พหลโยธิน,09:00-16:00,0,1,0
รพ.วุฒิสมเด็จย่า,พหลโยธิน,16:00-19:00,0,1,0
รพ.สิรินธร,สุขาภิบาล 2,07:00-09:00,1,0,0
รพ.สิรินธร,สุขาภิบาล 2,09:00-16:00,1,0,0
รพ.สิรินธร,สุขาภิบาล 2,16:00-19:00,1,0,0
รพ.สิรินธร,อ่อนนุช,07:00-09:00,1,0,0
รพ.สิรินธร,อ่อนนุช,09:00-16:00,1,0,0
รพ.สิรินธร,อ่อนนุช,16:00-19:00,1,0,0
รร.ฤทธิยะวรรณาลัย,ช่องทางท่าดินแดง 5,07:00-09:00,0,0,1
รร.ฤทธิยะวรรณาลัย,ช่องทางท่าดินแดง 5,09:00-17:00,0,0,1
รร.ฤทธิยะวรรณาลัย,ช่องทางท่าดินแดง 5,17:00-19:00,0,0,1
รร.ฤทธิยะวรรณาลัย,ทางเข้าออกกรมอากาศโยธิน,07:00-09:00,0,0,1
รร.ฤทธิยะวรรณาลัย,ทางเข้าออกกรมอากาศโยธิน,09:00-16:00,0,0,1
รร.ฤทธิยะวรรณาลัย,ทางเข้าออกกรมอากาศโยธิน,16:00-19:00,0,0,1
รร.ฤทธิยะวรรณาลัย,ทางเข้าออกหน่วยบัญชาการอากาศโยธิน,07:00-09:00,0,0,1
รร.ฤทธิยะวรรณาลัย,ทางเข้าออกหน่วยบัญชาการอากาศโยธิน,09:00-17:00,0,0,1
รร.ฤทธิยะวรรณาลัย,ทางเข้าออกหน่วยบัญชาการอากาศโยธิน,17:00-19:00,0,0,1
รร.ฤทธิยะวรรณาลัย,พหลโยธิน,07:00-09:00,0,0,2
รร.ฤทธิยะวรรณาลัย,พหลโยธิน,09:00-16:00,0,0,1
รร.ฤทธิยะวรรณาลัย,พหลโยธิน,09:00-17:00,0,0,1
รร.ฤทธิยะวรรณาลัย,พหลโยธิน,16:00-19:00,0,0,1
รร.ฤทธิยะวรรณาลัย,พหลโยธิน,17:00-19:00,0,0,1
รร.ฤทธิยะวรรณาลัย,รณนภากาศ,07:00-09:00,0,0,1
รร.ฤทธิยะวรรณาลัย,รณนภากาศ,09:00-16:00,0,0,1
รร.ฤทธิยะวรรณาลัย,รณนภากาศ,16:00-19:00,0,0,1
รร.ฤธิยะวรรณาลัย,พหลโยธิน,07:00-09:00,0,1,0
รร.ฤธิยะวรรณาลัย,พหลโยธิน,09:00-16:00,0,1,0
รร.ฤธิยะวรรณาลัย,พหลโยธิน,16:00-19:00,0,1,0
รร.ฤธิยะวรรณาลัย,รณนภากาศ,07:00-09:00,0,1,0
รร.ฤธิยะวรรณาลัย,รณนภากาศ,09:00-16:00,0,1,0
รร.ฤธิยะวรรณาลัย,รณนภากาศ,16:00-19:00,0,1,0
รร.เอกบูรพา,สามวา,07:00-09:00,0,0,1
รร.เอกบูรพา,สามวา,09:00-16:00,0,0,1
รร.เอกบูรพา,สามวา,16:00-19:00,0,0,1
ระนอง 1,ระนอง 1,07:00-09:00,0,1,0
ระนอง 1,ระนอง 1,09:00-16:00,0,1,0
ระนอง 1,ระนอง 1,16:00-19:00,0,1,0
ระนอง 1,เทอดดำริ,07:00-09:00,0,1,0
ระนอง 1,เทอดดำริ,09:00-16:00,0,1,0
ระนอง 1,เทอดดำริ,16:00-19:00,0,1,0
ระหว่างซอยนิมิตรใหม่ 33 - 35,นิมิตรใหม่,07:00-09:00,0,0,1
ระหว่างซอยนิมิตรใหม่ 33 - 35,นิมิตรใหม่,09:00-17:00,0,0,1
ระหว่างซอยนิมิตรใหม่ 33 - 35,นิมิตรใหม่,17:00-19:00,0,0,1
รัชดา - นราธิวาส,นราธิวาสราชนครินทร์,07:00-09:00,1,0,2
รัชดา - นราธิวาส,นราธิวาสราชนครินทร์,09:00-16:00,1,0,1
รัชดา - นราธิวาส,นราธิวาสราชนครินทร์,09:00-17:00,0,0,1
รัชดา - นราธิวาส,นราธิวาสราชนครินทร์,16:00-19:00,1,0,1
รัชดา - นราธิวาส,นราธิวาสราชนครินทร์,17:00-19:00,0,0,1
รัชดา - นราธิวาส,รัชดาภิเษก,07:00-09:00,0,0,2
รัชดา - นราธิวาส,รัชดาภิเษก,09:00-16:00,0,0,1
รัชดา - นราธิวาส,รัชดาภิเษก,09:00-17:00,0,0,1
รัชดา - นราธิวาส,รัชดาภิเษก,16:00-19:00,0,0,1
รัชดา - นราธิวาส,รัชดาภิเษก,17:00-19:00,0,0,1
รัชดา - นราธิวาสราชนครินทร์,นราธิวาสราชนครินทร์,07:00-09:00,0,1,0
รัชดา - นราธิวาสราชนครินทร์,นราธิวาสราชนครินทร์,09:00-16:00,0,1,0
รัชดา - นราธิวาสราชนครินทร์,นราธิวาสราชนครินทร์,16:00-19:00,0,1,0
รัชดา - นราธิวาสราชนครินทร์,รัชดาภเิษก,07:00-09:00,0,1,0
รัชดา - นราธิวาสราชนครินทร์,รัชดาภเิษก,09:00-16:00,0,1,0
รัชดา - นราธิวาสราชนครินทร์,รัชดาภเิษก,16:00-19:00,0,1,0
รัชดา - ราชพฤกษ์,รัชดาภิเษก,07:00-09:00,3,1,0
รัชดา - ราชพฤกษ์,รัชดาภิเษก,09:00-16:00,3,1,0
รัชดา - ราชพฤกษ์,รัชดาภิเษก,16:00-19:00,3,1,0
รัชดา - ราชพฤกษ์,ราชพฤกษ์,07:00-09:00,3,1,0
รัชดา - ราชพฤกษ์,ราชพฤกษ์,09:00-16:00,3,1,0
รัชดา - ราชพฤกษ์,ราชพฤกษ์,16:00-19:00,3,1,0
รัชดา - ลาดพร้าว,รัชดาภิเษก,07:00-09:00,1,1,3
รัชดา - ลาดพร้าว,รัชดาภิเษก,09:00-16:00,1,1,1
รัชดา - ลาดพร้าว,รัชดาภิเษก,09:00-17:00,0,0,2
รัชดา - ลาดพร้าว,รัชดาภิเษก,16:00-19:00,1,1,1
รัชดา - ลาดพร้าว,รัชดาภิเษก,17:00-19:00,0,0,2
รัชดา - ลาดพร้าว,ลาดพราว,07:00-09:00,1,0,0
รัชดา - ลาดพร้าว,ลาดพราว,09:00-16:00,1,0,0
รัชดา - ลาดพร้าว,ลาดพราว,16:00-19:00,1,0,0
รัชดา - ลาดพร้าว,ลาดพร้าว,07:00-09:00,0,1,3
รัชดา - ลาดพร้าว,ลาดพร้าว,09:00-16:00,0,1,1
รัชดา - ลาดพร้าว,ลาดพร้าว,09:00-17:00,0,0,2
รัชดา - ลาดพร้าว,ลาดพร้าว,16:00-19:00,0,1,1
รัชดา - ลาดพร้าว,ลาดพร้าว,17:00-19:00,0,0,2
รัชดา - สุทธิสาร,รัชดาภิเษก,07:00-09:00,0,0,2
รัชดา - สุทธิสาร,รัชดาภิเษก,09:00-17:00,0,0,2
รัชดา - สุทธิสาร,รัชดาภิเษก,17:00-19:00,0,0,2
รัชดา - สุทธิสาร,สุทธิสารวินิจฉัย,07:00-09:00,0,0,2
รัชดา - สุทธิสาร,สุทธิสารวินิจฉัย,09:00-17:00,0,0,2
รัชดา - สุทธิสาร,สุทธิสารวินิจฉัย,17:00-19:00,0,0,2
รัชดา -นราธิวาส,นราธิวาสราชนครินทร์,07:00-09:00,1,0,0
รัชดา -นราธิวาส,นราธิวาสราชนครินทร์,09:00-16:00,1,0,0
รัชดา -นราธิวาส,นราธิวาสราชนครินทร์,16:00-19:00,1,0,0
รัชดา -นราธิวาส,รัชดาภิเษก,07:00-09:00,1,0,0
รัชดา -นราธิวาส,รัชดาภิเษก,09:00-16:00,1,0,0
รัชดา -นราธิวาส,รัชดาภิเษก,16:00-19:00,1,0,0
รัชดาภิเษก,ซอย 20 มิถุนา,07:00-09:00,1,0,0
รัชดาภิเษก,ซอย 20 มิถุนา,09:00-16:00,1,0,0
รัชดาภิเษก,ซอย 20 มิถุนา,16:00-19:00,1,0,0
รัชดาภิเษก,ซอยรัชดาภิเษก 18,07:00-09:00,1,0,0
รัชดาภิเษก,ซอยรัชดาภิเษก 18,09:00-16:00,1,0,0
รัชดาภิเษก,ซอยรัชดาภิเษก 18,16:00-19:00,1,0,0
รัชดาภิเษก,ด่วนนางลิ้นจี่,07:00-09:00,0,0,1
รัชดาภิเษก,ด่วนนางลิ้นจี่,09:00-16:00,0,0,1
รัชดาภิเษก,ด่วนนางลิ้นจี่,16:00-19:00,0,0,1
รัชดาภิเษก,นางลิ้นจี่,07:00-09:00,0,0,1
รัชดาภิเษก,นางลิ้นจี่,09:00-16:00,0,0,1
รัชดาภิเษก,นางลิ้นจี่,16:00-19:00,0,0,1
รัชดาภิเษก,ประชาราษฎร์บำเพ็ญ,07:00-09:00,1,0,0
รัชดาภิเษก,ประชาราษฎร์บำเพ็ญ,09:00-16:00,1,0,0
รัชดาภิเษก,ประชาราษฎร์บำเพ็ญ,16:00-19:00,1,0,0
รัชดาภิเษก - ลาดพร้าว,รัชดาภิเษก,07:00-09:00,1,0,0
รัชดาภิเษก - ลาดพร้าว,รัชดาภิเษก,09:00-16:00,1,0,0
รัชดาภิเษก - ลาดพร้าว,รัชดาภิเษก,16:00-19:00,1,0,0
รัชดาภิเษก - ลาดพร้าว,ลาดพร้าว,07:00-09:00,1,0,0
รัชดาภิเษก - ลาดพร้าว,ลาดพร้าว,09:00-16:00,1,0,0
รัชดาภิเษก - ลาดพร้าว,ลาดพร้าว,16:00-19:00,1,0,0
รัชดาภิเษก 30,รัชดาภิเษก,07:00-09:00,0,1,0
รัชดาภิเษก 30,รัชดาภิเษก,09:00-16:00,0,1,0
รัชดาภิเษก 30,รัชดาภิเษก,16:00-19:00,0,1,0
รัชโยธิน,พหลโยธิน,07:00-09:00,1,1,2
รัชโยธิน,พหลโยธิน,09:00-16:00,1,1,1
รัชโยธิน,พหลโยธิน,09:00-17:00,0,0,1
รัชโยธิน,พหลโยธิน,16:00-19:00,1,1,1
รัชโยธิน,พหลโยธิน,17:00-19:00,0,0,1
รัชโยธิน,รัชดาภิเษก,07:00-09:00,1,0,2
รัชโยธิน,รัชดาภิเษก,09:00-16:00,1,0,1
รัชโยธิน,รัชดาภิเษก,09:00-17:00,0,0,1
รัชโยธิน,รัชดาภิเษก,16:00-19:00,1,0,1
รัชโยธิน,รัชดาภิเษก,17:00-19:00,0,0,1
รัชโยธิน,รัชดาภเิษก,07:00-09:00,0,1,0
รัชโยธิน,รัชดาภเิษก,09:00-16:00,0,1,0
รัชโยธิน,รัชดาภเิษก,16:00-19:00,0,1,0
ราชดำริ,ราชดำริ,07:00-09:00,2,1,2
ราชดำริ,ราชดำริ,09:00-16:00,2,1,0
ราชดำริ,ราชดำริ,09:00-17:00,0,0,2
ราชดำริ,ราชดำริ,16:00-19:00,2,1,0
ราชดำริ,ราชดำริ,17:00-19:00,0,0,2
ราชดำริ,สารสิน,07:00-09:00,2,1,2
ราชดำริ,สารสิน,09:00-16:00,2,1,0
ราชดำริ,สารสิน,09:00-17:00,0,0,2
ราชดำริ,สารสิน,16:00-19:00,2,1,0
ราชดำริ,สารสิน,17:00-19:00,0,0,2
ราชบพิธ - ตีทอง,ตีทอง,07:00-09:00,0,0,2
ราชบพิธ - ตีทอง,ตีทอง,09:00-16:00,0,0,1
ราชบพิธ - ตีทอง,ตีทอง,09:00-17:00,0,0,1
ราชบพิธ - ตีทอง,ตีทอง,16:00-19:00,0,0,1
ราชบพิธ - ตีทอง,ตีทอง,17:00-19:00,0,0,1
ราชบพิธ - ตีทอง,ราชบพิธ,07:00-09:00,0,0,2
ราชบพิธ - ตีทอง,ราชบพิธ,09:00-16:00,0,0,1
ราชบพิธ - ตีทอง,ราชบพิธ,09:00-17:00,0,0,1
ราชบพิธ - ตีทอง,ราชบพิธ,16:00-19:00,0,0,1
ราชบพิธ - ตีทอง,ราชบพิธ,17:00-19:00,0,0,1
ราชบพิธ - เฟื่องนคร,ราชบพิธ,07:00-09:00,0,0,1
ราชบพิธ - เฟื่องนคร,ราชบพิธ,09:00-16:00,0,0,1
ราชบพิธ - เฟื่องนคร,ราชบพิธ,16:00-19:00,0,0,1
ราชบพิธ - เฟื่องนคร,เฟื่องนคร,07:00-09:00,0,0,1
ราชบพิธ - เฟื่องนคร,เฟื่องนคร,09:00-16:00,0,0,1
ราชบพิธ - เฟื่องนคร,เฟื่องนคร,16:00-19:00,0,0,1
ราชประสงค์,พระรามที่ 1,06:30-09:00,1,1,0
ราชประสงค์,พระรามที่ 1,07:00-09:00,1,0,4
ราชประสงค์,พระรามที่ 1,09:00-16:00,2,1,1
ราชประสงค์,พระรามที่ 1,09:00-17:00,0,0,3
ราชประสงค์,พระรามที่ 1,16:00-19:00,1,0,1
ราชประสงค์,พระรามที่ 1,16:00-19:30,1,1,0
ราชประสงค์,พระรามที่ 1,17:00-19:00,0,0,3
ราชประสงค์,ราชดำริ,06:30-09:00,1,1,0
ราชประสงค์,ราชดำริ,07:00-09:00,1,0,4
ราชประสงค์,ราชดำริ,09:00-16:00,2,1,1
ราชประสงค์,ราชดำริ,09:00-17:00,0,0,3
ราชประสงค์,ราชดำริ,16:00-19:00,1,0,1
ราชประสงค์,ราชดำริ,16:00-19:30,1,1,0
ราชประสงค์,ราชดำริ,17:00-19:00,0,0,3
ราชประสงค์,เพลินจิต,07:00-09:00,2,1,4
ราชประสงค์,เพลินจิต,09:00-16:00,2,1,1
ราชประสงค์,เพลินจิต,09:00-17:00,0,0,3
ราชประสงค์,เพลินจิต,16:00-19:00,2,1,1
ราชประสงค์,เพลินจิต,17:00-19:00,0,0,3
ราชพฤกษ์ - วุฒากาศ,ราชพฤกษ์,07:00-09:00,0,0,1
ราชพฤกษ์ - วุฒากาศ,ราชพฤกษ์,09:00-16:00,0,0,1
ราชพฤกษ์ - วุฒากาศ,ราชพฤกษ์,16:00-19:00,0,0,1
ราชพฤกษ์ - วุฒากาศ,วุฒากาศ,07:00-09:00,0,0,1
ราชพฤกษ์ - วุฒากาศ,วุฒากาศ,09:00-16:00,0,0,1
ราชพฤกษ์ - วุฒากาศ,วุฒากาศ,16:00-19:00,0,0,1
ราชพฤกษ์- วุฒากาศ,ราชพฤกษ์,07:00-09:00,1,0,0
ราชพฤกษ์- วุฒากาศ,ราชพฤกษ์,09:00-16:00,1,0,0
ราชพฤกษ์- วุฒากาศ,ราชพฤกษ์,16:00-19:00,1,0,0
ราชพฤกษ์- วุฒากาศ,วุฒากาศ,07:00-09:00,1,0,0
ราชพฤกษ์- วุฒากาศ,วุฒากาศ,09:00-16:00,1,0,0
ราชพฤกษ์- วุฒากาศ,วุฒากาศ,16:00-19:00,1,0,0
ราชวงศ์,ราชวงศ์,07:00-09:00,1,2,1
ราชวงศ์,ราชวงศ์,09:00-16:00,1,2,0
ราชวงศ์,ราชวงศ์,09:00-17:00,0,0,1
ราชวงศ์,ราชวงศ์,16:00-19:00,1,2,0
ราชวงศ์,ราชวงศ์,17:00-19:00,0,0,1
ราชวงศ์,เยาวราช,07:00-09:00,1,2,1
ราชวงศ์,เยาวราช,09:00-16:00,1,2,0
ราชวงศ์,เยาวราช,09:00-17:00,0,0,1
ราชวงศ์,เยาวราช,16:00-19:00,1,2,0
ราชวงศ์,เยาวราช,17:00-19:00,0,0,1
ราชวัตร,นครไชยศรี,07:00-09:00,2,1,1
ราชวัตร,นครไชยศรี,09:00-16:00,2,1,0
ราชวัตร,นครไชยศรี,09:00-17:00,0,0,1
ราชวัตร,นครไชยศรี,16:00-19:00,2,1,0
ราชวัตร,นครไชยศรี,17:00-19:00,0,0,1
ราชวัตร,พระรามที่ 5,07:00-09:00,2,1,1
ราชวัตร,พระรามที่ 5,09:00-16:00,2,1,0
ราชวัตร,พระรามที่ 5,09:00-17:00,0,0,1
ราชวัตร,พระรามที่ 5,16:00-19:00,2,1,0
ราชวัตร,พระรามที่ 5,17:00-19:00,0,0,1
ราชวิถี,พระรามที่ 5,07:00-09:00,1,1,3
ราชวิถี,พระรามที่ 5,09:00-16:00,1,1,1
ราชวิถี,พระรามที่ 5,09:00-17:00,0,0,2
ราชวิถี,พระรามที่ 5,16:00-19:00,1,1,1
ราชวิถี,พระรามที่ 5,17:00-19:00,0,0,2
ราชวิถี,ราชวิถี,07:00-09:00,1,1,3
ราชวิถี,ราชวิถี,09:00-16:00,1,1,1
ราชวิถี,ราชวิถี,09:00-17:00,0,0,2
ราชวิถี,ราชวิถี,16:00-19:00,1,1,1
ราชวิถี,ราชวิถี,17:00-19:00,0,0,2
ราชเทวี,พญาไท,07:00-09:00,1,1,3
ราชเทวี,พญาไท,09:00-16:00,1,1,0
ราชเทวี,พญาไท,09:00-17:00,0,0,3
ราชเทวี,พญาไท,16:00-19:00,1,1,0
ราชเทวี,พญาไท,17:00-19:00,0,0,3
ราชเทวี,เพชรบุรี,07:00-09:00,1,1,3
ราชเทวี,เพชรบุรี,09:00-16:00,1,1,0
ราชเทวี,เพชรบุรี,09:00-17:00,0,0,3
ราชเทวี,เพชรบุรี,16:00-19:00,1,1,0
ราชเทวี,เพชรบุรี,17:00-19:00,0,0,3
รามคำแหง,พระราม 9,07:00-09:00,1,1,2
รามคำแหง,พระราม 9,09:00-16:00,1,1,1
รามคำแหง,พระราม 9,09:00-17:00,0,0,1
รามคำแหง,พระราม 9,16:00-19:00,1,1,1
รามคำแหง,พระราม 9,17:00-19:00,0,0,1
รามคำแหง,รามคำแหง,07:00-09:00,1,1,2
รามคำแหง,รามคำแหง,09:00-16:00,1,1,1
รามคำแหง,รามคำแหง,09:00-17:00,0,0,1
รามคำแหง,รามคำแหง,16:00-19:00,1,1,1
รามคำแหง,รามคำแหง,17:00-19:00,0,0,1
รามคำแหง - มหาดไทย,ซอยรามคำแหง 65 (มหาดไทย),07:00-09:00,1,0,0
รามคำแหง - มหาดไทย,ซอยรามคำแหง 65 (มหาดไทย),09:00-16:00,1,0,0
รามคำแหง - มหาดไทย,ซอยรามคำแหง 65 (มหาดไทย),16:00-19:00,1,0,0
รามคำแหง - มหาดไทย,รามคำแหง,07:00-09:00,1,0,2
รามคำแหง - มหาดไทย,รามคำแหง,09:00-16:00,1,0,1
รามคำแหง - มหาดไทย,รามคำแหง,09:00-17:00,0,0,1
รามคำแหง - มหาดไทย,รามคำแหง,16:00-19:00,1,0,1
รามคำแหง - มหาดไทย,รามคำแหง,17:00-19:00,0,0,1
รามคำแหง - มหาดไทย,รามคำแหง 65,07:00-09:00,0,0,2
รามคำแหง - มหาดไทย,รามคำแหง 65,09:00-16:00,0,0,1
รามคำแหง - มหาดไทย,รามคำแหง 65,09:00-17:00,0,0,1
รามคำแหง - มหาดไทย,รามคำแหง 65,16:00-19:00,0,0,1
รามคำแหง - มหาดไทย,รามคำแหง 65,17:00-19:00,0,0,1
รามคำแหง - ร่มเกล้า,รามคำแหง,07:00-09:00,0,0,1
รามคำแหง - ร่มเกล้า,รามคำแหง,09:00-17:00,0,0,1
รามคำแหง - ร่มเกล้า,รามคำแหง,17:00-19:00,0,0,1
รามคำแหง - ร่มเกล้า,ร่มเกล้า,07:00-09:00,0,0,1
รามคำแหง - ร่มเกล้า,ร่มเกล้า,09:00-17:00,0,0,1
รามคำแหง - ร่มเกล้า,ร่มเกล้า,17:00-19:00,0,0,1
รามคำแหง - วงแหวนตะวันออก,รามคำแหง,07:00-09:00,1,0,0
รามคำแหง - วงแหวนตะวันออก,รามคำแหง,09:00-16:00,1,0,0
รามคำแหง - วงแหวนตะวันออก,รามคำแหง,16:00-19:00,1,0,0
รามคำแหง - วงแหวนตะวันออก,วงแหวนตะวันออก,07:00-09:00,1,0,0
รามคำแหง - วงแหวนตะวันออก,วงแหวนตะวันออก,09:00-16:00,1,0,0
รามคำแหง - วงแหวนตะวันออก,วงแหวนตะวันออก,16:00-19:00,1,0,0
รามคำแหง -วงแหวนตะวันออก,รามคำแหง,07:00-09:00,1,0,0
รามคำแหง -วงแหวนตะวันออก,รามคำแหง,09:00-16:00,1,0,0
รามคำแหง -วงแหวนตะวันออก,รามคำแหง,16:00-19:00,1,0,0
รามคำแหง -วงแหวนตะวันออก,วงแหวนตะวันออก,07:00-09:00,1,0,0
รามคำแหง -วงแหวนตะวันออก,วงแหวนตะวันออก,09:00-16:00,1,0,0
รามคำแหง -วงแหวนตะวันออก,วงแหวนตะวันออก,16:00-19:00,1,0,0
รามคำแหง 112,รามคำแหง,07:00-09:00,0,0,1
รามคำแหง 112,รามคำแหง,09:00-17:00,0,0,1
รามคำแหง 112,รามคำแหง,17:00-19:00,0,0,1
รามคำแหง 112,รามคำแหง 112,07:00-09:00,0,0,1
รามคำแหง 112,รามคำแหง 112,09:00-17:00,0,0,1
รามคำแหง 112,รามคำแหง 112,17:00-19:00,0,0,1
รามคำแหง 118,รามคำแหง,07:00-09:00,0,0,1
รามคำแหง 118,รามคำแหง,09:00-17:00,0,0,1
รามคำแหง 118,รามคำแหง,17:00-19:00,0,0,1
รามคำแหง 118,รามคำแหง 118,07:00-09:00,0,0,1
รามคำแหง 118,รามคำแหง 118,09:00-17:00,0,0,1
รามคำแหง 118,รามคำแหง 118,17:00-19:00,0,0,1
รามคำแหง 2 -ซ.หมู่บ้านทุ่งเศรษฐี,ซอยหมู่บานทุ่งเศรษฐี,07:00-09:00,1,0,0
รามคำแหง 2 -ซ.หมู่บ้านทุ่งเศรษฐี,ซอยหมู่บานทุ่งเศรษฐี,09:00-16:00,1,0,0
รามคำแหง 2 -ซ.หมู่บ้านทุ่งเศรษฐี,ซอยหมู่บานทุ่งเศรษฐี,16:00-19:00,1,0,0
รามคำแหง 2 -ซ.หมู่บ้านทุ่งเศรษฐี,รามคำแหง 2,07:00-09:00,1,0,0
รามคำแหง 2 -ซ.หมู่บ้านทุ่งเศรษฐี,รามคำแหง 2,09:00-16:00,1,0,0
รามคำแหง 2 -ซ.หมู่บ้านทุ่งเศรษฐี,รามคำแหง 2,16:00-19:00,1,0,0
รามคำแหง 2 -ซ.หมู่บ้านทุ่งเศรษฐี,รามคำแหง 2 ซอย 23,07:00-09:00,1,0,0
รามคำแหง 2 -ซ.หมู่บ้านทุ่งเศรษฐี,รามคำแหง 2 ซอย 23,09:00-16:00,1,0,0
รามคำแหง 2 -ซ.หมู่บ้านทุ่งเศรษฐี,รามคำแหง 2 ซอย 23,16:00-19:00,1,0,0
รามคำแหง 24,รามคำแหง,07:00-09:00,0,0,1
รามคำแหง 24,รามคำแหง,09:00-17:00,0,0,1
รามคำแหง 24,รามคำแหง,17:00-19:00,0,0,1
รามคำแหง 24,รามคำแหง 24,07:00-09:00,0,0,1
รามคำแหง 24,รามคำแหง 24,09:00-17:00,0,0,1
รามคำแหง 24,รามคำแหง 24,17:00-19:00,0,0,1
รามคำแหง 24 - ถาวรธวัช,ถาวรธวัช,07:00-09:00,0,0,4
รามคำแหง 24 - ถาวรธวัช,ถาวรธวัช,09:00-16:00,0,0,2
รามคำแหง 24 - ถาวรธวัช,ถาวรธวัช,09:00-17:00,0,0,2
รามคำแหง 24 - ถาวรธวัช,ถาวรธวัช,16:00-19:00,0,0,2
รามคำแหง 24 - ถาวรธวัช,ถาวรธวัช,17:00-19:00,0,0,2
รามคำแหง 24 - ถาวรธวัช,รามคำแหง 24,07:00-09:00,0,0,4
รามคำแหง 24 - ถาวรธวัช,รามคำแหง 24,09:00-16:00,0,0,2
รามคำแหง 24 - ถาวรธวัช,รามคำแหง 24,09:00-17:00,0,0,2
รามคำแหง 24 - ถาวรธวัช,รามคำแหง 24,16:00-19:00,0,0,2
รามคำแหง 24 - ถาวรธวัช,รามคำแหง 24,17:00-19:00,0,0,2
รามคำแหง 24 แยก 20,รามคำแหง 24,07:00-09:00,0,0,1
รามคำแหง 24 แยก 20,รามคำแหง 24,09:00-16:00,0,0,1
รามคำแหง 24 แยก 20,รามคำแหง 24,16:00-19:00,0,0,1
รามคำแหง 24 แยก 20,รามคำแหง 24 แยก 20,07:00-09:00,0,0,1
รามคำแหง 24 แยก 20,รามคำแหง 24 แยก 20,09:00-16:00,0,0,1
รามคำแหง 24 แยก 20,รามคำแหง 24 แยก 20,16:00-19:00,0,0,1
รามคำแหง 24 แยก 24,รามคำแหง 24,07:00-09:00,0,0,1
รามคำแหง 24 แยก 24,รามคำแหง 24,09:00-16:00,0,0,1
รามคำแหง 24 แยก 24,รามคำแหง 24,16:00-19:00,0,0,1
รามคำแหง 24 แยก 24,รามคำแหง 24 แยก 24,07:00-09:00,0,0,1
รามคำแหง 24 แยก 24,รามคำแหง 24 แยก 24,09:00-16:00,0,0,1
รามคำแหง 24 แยก 24,รามคำแหง 24 แยก 24,16:00-19:00,0,0,1
รามคำแหง 24 แยก 28,รามคำแหง 24,07:00-09:00,0,0,1
รามคำแหง 24 แยก 28,รามคำแหง 24,09:00-16:00,0,0,1
รามคำแหง 24 แยก 28,รามคำแหง 24,16:00-19:00,0,0,1
รามคำแหง 24 แยก 28,รามคำแหง 24 แยก 28,07:00-09:00,0,0,1
รามคำแหง 24 แยก 28,รามคำแหง 24 แยก 28,09:00-16:00,0,0,1
รามคำแหง 24 แยก 28,รามคำแหง 24 แยก 28,16:00-19:00,0,0,1
รามคำแหง 39 ระหว่างแยก 15 และ 17,รามคำแหง 39,07:00-09:00,0,0,1
รามคำแหง 39 ระหว่างแยก 15 และ 17,รามคำแหง 39,09:00-17:00,0,0,1
รามคำแหง 39 ระหว่างแยก 15 และ 17,รามคำแหง 39,17:00-19:00,0,0,1
รามอินทรา - พระยาสุเรนทร์,พระยาสุเรนทร์,07:00-09:00,0,0,1
รามอินทรา - พระยาสุเรนทร์,พระยาสุเรนทร์,09:00-16:00,0,0,1
รามอินทรา - พระยาสุเรนทร์,พระยาสุเรนทร์,16:00-19:00,0,0,1
รามอินทรา - พระยาสุเรนทร์,รามอินทรา,07:00-09:00,0,0,1
รามอินทรา - พระยาสุเรนทร์,รามอินทรา,09:00-16:00,0,0,1
รามอินทรา - พระยาสุเรนทร์,รามอินทรา,16:00-19:00,0,0,1
รามอินทรา 117,รามอินทรา,07:00-09:00,0,0,1
รามอินทรา 117,รามอินทรา,09:00-17:00,0,0,1
รามอินทรา 117,รามอินทรา,17:00-19:00,0,0,1
รามอินทรา 117,รามอินทรา 117,07:00-09:00,0,0,1
รามอินทรา 117,รามอินทรา 117,09:00-17:00,0,0,1
รามอินทรา 117,รามอินทรา 117,17:00-19:00,0,0,1
รามอินทรา 127,รามอินทรา,07:00-09:00,0,0,1
รามอินทรา 127,รามอินทรา,09:00-17:00,0,0,1
รามอินทรา 127,รามอินทรา,17:00-19:00,0,0,1
รามอินทรา 127,รามอินทรา 127,07:00-09:00,0,0,1
รามอินทรา 127,รามอินทรา 127,09:00-17:00,0,0,1
รามอินทรา 127,รามอินทรา 127,17:00-19:00,0,0,1
รามอินทรา 14,รามอินทรา,07:00-09:00,0,0,1
รามอินทรา 14,รามอินทรา,09:00-17:00,0,0,1
รามอินทรา 14,รามอินทรา,17:00-19:00,0,0,1
รามอินทรา 14,รามอินทรา 14,07:00-09:00,0,0,1
รามอินทรา 14,รามอินทรา 14,09:00-17:00,0,0,1
รามอินทรา 14,รามอินทรา 14,17:00-19:00,0,0,1
รามอินทรา 34,รามอินทรา,07:00-09:00,0,0,1
รามอินทรา 34,รามอินทรา,09:00-17:00,0,0,1
รามอินทรา 34,รามอินทรา,17:00-19:00,0,0,1
รามอินทรา 34,รามอินทรา 34,07:00-09:00,0,0,1
รามอินทรา 34,รามอินทรา 34,09:00-17:00,0,0,1
รามอินทรา 34,รามอินทรา 34,17:00-19:00,0,0,1
ราษฎร์บูรณะ,ราษฎร์บูรณะ,07:00-09:00,1,1,2
ราษฎร์บูรณะ,ราษฎร์บูรณะ,09:00-16:00,1,1,1
ราษฎร์บูรณะ,ราษฎร์บูรณะ,09:00-17:00,0,0,1
ราษฎร์บูรณะ,ราษฎร์บูรณะ,16:00-19:00,1,1,1
ราษฎร์บูรณะ,ราษฎร์บูรณะ,17:00-19:00,0,0,1
ราษฎร์บูรณะ,ราษฎร์บูรณะ (ต่อ),07:00-09:00,0,0,1
ราษฎร์บูรณะ,ราษฎร์บูรณะ (ต่อ),09:00-16:00,0,0,1
ราษฎร์บูรณะ,ราษฎร์บูรณะ (ต่อ),16:00-19:00,0,0,1
ราษฎร์บูรณะ,ราษฎร์พัฒนา,07:00-09:00,1,1,1
ราษฎร์บูรณะ,ราษฎร์พัฒนา,09:00-16:00,1,1,0
ราษฎร์บูรณะ,ราษฎร์พัฒนา,09:00-17:00,0,0,1
ราษฎร์บูรณะ,ราษฎร์พัฒนา,16:00-19:00,1,1,0
ราษฎร์บูรณะ,ราษฎร์พัฒนา,17:00-19:00,0,0,1
ราษฎร์บูรณะ 18,ราษฎร์บูรณะ,07:00-09:00,0,0,1
ราษฎร์บูรณะ 18,ราษฎร์บูรณะ,09:00-17:00,0,0,1
ราษฎร์บูรณะ 18,ราษฎร์บูรณะ,17:00-19:00,0,0,1
ราษฎร์พัฒนา,ซอยสุขสวัสดิ์ 27,07:00-09:00,1,0,0
ราษฎร์พัฒนา,ซอยสุขสวัสดิ์ 27,09:00-16:00,1,0,0
ราษฎร์พัฒนา,ซอยสุขสวัสดิ์ 27,16:00-19:00,1,0,0
ราษฎร์พัฒนา,ซอยสุขสวัสดิ์27,07:00-09:00,0,1,0
ราษฎร์พัฒนา,ซอยสุขสวัสดิ์27,09:00-16:00,0,1,0
ราษฎร์พัฒนา,ซอยสุขสวัสดิ์27,16:00-19:00,0,1,0
ราษฎร์พัฒนา,สุขสวัสดิ์,07:00-09:00,1,0,2
ราษฎร์พัฒนา,สุขสวัสดิ์,09:00-16:00,1,0,1
ราษฎร์พัฒนา,สุขสวัสดิ์,09:00-17:00,0,0,1
ราษฎร์พัฒนา,สุขสวัสดิ์,16:00-19:00,1,0,1
ราษฎร์พัฒนา,สุขสวัสดิ์,17:00-19:00,0,0,1
ราษฎร์พัฒนา,สุขสวัสดิ์ 27,07:00-09:00,0,0,2
ราษฎร์พัฒนา,สุขสวัสดิ์ 27,09:00-16:00,0,0,1
ราษฎร์พัฒนา,สุขสวัสดิ์ 27,09:00-17:00,0,0,1
ราษฎร์พัฒนา,สุขสวัสดิ์ 27,16:00-19:00,0,0,1
ราษฎร์พัฒนา,สุขสวัสดิ์ 27,17:00-19:00,0,0,1
ราษฎร์พัฒนา,สุขสวัสดิ์สำนักการจราจรและขนส่ง,07:00-09:00,0,1,0
ราษฎร์พัฒนา,สุขสวัสดิ์สำนักการจราจรและขนส่ง,09:00-16:00,0,1,0
ราษฎร์พัฒนา,สุขสวัสดิ์สำนักการจราจรและขนส่ง,16:00-19:00,0,1,0
ราษฎร์พัฒนา - ราษฎร์พัฒนา 15,ซอยราษฎรพัฒนา,07:00-09:00,1,0,0
ราษฎร์พัฒนา - ราษฎร์พัฒนา 15,ซอยราษฎรพัฒนา,09:00-16:00,1,0,0
ราษฎร์พัฒนา - ราษฎร์พัฒนา 15,ซอยราษฎรพัฒนา,16:00-19:00,1,0,0
ราษฎร์พัฒนา - ราษฎร์พัฒนา 15,ราษฎร์พัฒนา,07:00-09:00,1,0,0
ราษฎร์พัฒนา - ราษฎร์พัฒนา 15,ราษฎร์พัฒนา,09:00-16:00,1,0,0
ราษฎร์พัฒนา - ราษฎร์พัฒนา 15,ราษฎร์พัฒนา,16:00-19:00,1,0,0
ราษฎร์พัฒนา - ราษฎร์พัฒนา 5,ราษฎร์พัฒนา,07:00-09:00,0,0,1
ราษฎร์พัฒนา - ราษฎร์พัฒนา 5,ราษฎร์พัฒนา,09:00-17:00,0,0,1
ราษฎร์พัฒนา - ราษฎร์พัฒนา 5,ราษฎร์พัฒนา,17:00-19:00,0,0,1
ราษฎร์พัฒนา - ราษฎร์พัฒนา 5,ราษฎร์พัฒนา 4,07:00-09:00,0,0,1
ราษฎร์พัฒนา - ราษฎร์พัฒนา 5,ราษฎร์พัฒนา 4,09:00-17:00,0,0,1
ราษฎร์พัฒนา - ราษฎร์พัฒนา 5,ราษฎร์พัฒนา 4,17:00-19:00,0,0,1
ราษฎร์พัฒนา - ราษฎร์พัฒนา 5,ราษฎร์พัฒนา 5,07:00-09:00,0,0,1
ราษฎร์พัฒนา - ราษฎร์พัฒนา 5,ราษฎร์พัฒนา 5,09:00-17:00,0,0,1
ราษฎร์พัฒนา - ราษฎร์พัฒนา 5,ราษฎร์พัฒนา 5,17:00-19:00,0,0,1
ราษฎร์พัฒนา - เคหะร่มเกล้า,ราษฎร์พัฒนา,07:00-09:00,1,0,0
ราษฎร์พัฒนา - เคหะร่มเกล้า,ราษฎร์พัฒนา,09:00-16:00,1,0,0
ราษฎร์พัฒนา - เคหะร่มเกล้า,ราษฎร์พัฒนา,16:00-19:00,1,0,0
ราษฎร์พัฒนา - เคหะร่มเกล้า,เคหะร่มเกล้า,07:00-09:00,1,0,0
ราษฎร์พัฒนา - เคหะร่มเกล้า,เคหะร่มเกล้า,09:00-16:00,1,0,0
ราษฎร์พัฒนา - เคหะร่มเกล้า,เคหะร่มเกล้า,16:00-19:00,1,0,0
ราษฎร์พัฒนา 10,ราษฎร์พัฒนา,07:00-09:00,0,0,1
ราษฎร์พัฒนา 10,ราษฎร์พัฒนา,09:00-16:00,0,0,1
ราษฎร์พัฒนา 10,ราษฎร์พัฒนา,16:00-19:00,0,0,1
ราษฎร์พัฒนา 10,ราษฎร์พัฒนา 10,07:00-09:00,0,0,1
ราษฎร์พัฒนา 10,ราษฎร์พัฒนา 10,09:00-16:00,0,0,1
ราษฎร์พัฒนา 10,ราษฎร์พัฒนา 10,16:00-19:00,0,0,1
ราษฎร์อุทิศ 18,ราษฎร์อุทิศ,07:00-09:00,0,0,1
ราษฎร์อุทิศ 18,ราษฎร์อุทิศ,09:00-16:00,0,0,1
ราษฎร์อุทิศ 18,ราษฎร์อุทิศ,16:00-19:00,0,0,1
ราษฎร์อุทิศ 18,ราษฎร์อุทิศ 18,07:00-09:00,0,0,1
ราษฎร์อุทิศ 18,ราษฎร์อุทิศ 18,09:00-16:00,0,0,1
ราษฎร์อุทิศ 18,ราษฎร์อุทิศ 18,16:00-19:00,0,0,1
ราษฎร์อุทิศ 38/1,ราษฎร์อุทิศ,07:00-09:00,0,0,1
ราษฎร์อุทิศ 38/1,ราษฎร์อุทิศ,09:00-16:00,0,0,1
ราษฎร์อุทิศ 38/1,ราษฎร์อุทิศ,16:00-19:00,0,0,1
ราษฎร์อุทิศ 38/1,ราษฎร์อุทิศ 38/1,07:00-09:00,0,0,1
ราษฎร์อุทิศ 38/1,ราษฎร์อุทิศ 38/1,09:00-16:00,0,0,1
ราษฎร์อุทิศ 38/1,ราษฎร์อุทิศ 38/1,16:00-19:00,0,0,1
ราษฎร์อุทิศ 66,ราษฏร์อุทิศ,07:00-09:00,0,0,1
ราษฎร์อุทิศ 66,ราษฏร์อุทิศ,09:00-17:00,0,0,1
ราษฎร์อุทิศ 66,ราษฏร์อุทิศ,17:00-19:00,0,0,1
ราษฎร์อุทิศ 68/2,ราษฎร์อุทิศ,07:00-09:00,0,0,1
ราษฎร์อุทิศ 68/2,ราษฎร์อุทิศ,09:00-17:00,0,0,1
ราษฎร์อุทิศ 68/2,ราษฎร์อุทิศ,17:00-19:00,0,0,1
ราษฎร์อุทิศตัดสุวินทวงศ์,ราษฎร์อุทิศ,07:00-09:00,2,0,0
ราษฎร์อุทิศตัดสุวินทวงศ์,ราษฎร์อุทิศ,09:00-16:00,2,0,0
ราษฎร์อุทิศตัดสุวินทวงศ์,ราษฎร์อุทิศ,16:00-19:00,2,0,0
ร่มเกลา,รามคำแหง,07:00-09:00,1,0,0
ร่มเกลา,รามคำแหง,09:00-16:00,1,0,0
ร่มเกลา,รามคำแหง,16:00-19:00,1,0,0
ร่มเกลา,ร่มเกล้า,07:00-09:00,1,0,0
ร่มเกลา,ร่มเกล้า,09:00-16:00,1,0,0
ร่มเกลา,ร่มเกล้า,16:00-19:00,1,0,0
ร่มเกล้า,รามคำแหง,07:00-09:00,1,1,0
ร่มเกล้า,รามคำแหง,09:00-16:00,1,1,0
ร่มเกล้า,รามคำแหง,16:00-19:00,1,1,0
ร่มเกล้า,ร่มเกล้า,07:00-09:00,1,1,0
ร่มเกล้า,ร่มเกล้า,09:00-16:00,1,1,0
ร่มเกล้า,ร่มเกล้า,16:00-19:00,1,1,0
ร่มไทร,ร่มไทร (บางบอน 3 ซ.12),07:00-09:00,0,0,1
ร่มไทร,ร่มไทร (บางบอน 3 ซ.12),09:00-17:00,0,0,1
ร่มไทร,ร่มไทร (บางบอน 3 ซ.12),17:00-19:00,0,0,1
ร่มไทร,เพชรเกษม 69,07:00-09:00,0,0,1
ร่มไทร,เพชรเกษม 69,09:00-17:00,0,0,1
ร่มไทร,เพชรเกษม 69,17:00-19:00,0,0,1
ร่วมจิตต์,นครชัยศรี,07:00-09:00,0,1,0
ร่วมจิตต์,นครชัยศรี,09:00-16:00,0,1,0
ร่วมจิตต์,นครชัยศรี,16:00-19:00,0,1,0
ร่วมจิตต์,นครราชสีมา,07:00-09:00,0,0,1
ร่วมจิตต์,นครราชสีมา,09:00-17:00,0,0,1
ร่วมจิตต์,นครราชสีมา,17:00-19:00,0,0,1
ร่วมจิตต์,นครไชยศรี,07:00-09:00,0,0,1
ร่วมจิตต์,นครไชยศรี,09:00-17:00,0,0,1
ร่วมจิตต์,นครไชยศรี,17:00-19:00,0,0,1
ร่วมจิตต์,ราชสีมา,07:00-09:00,0,1,0
ร่วมจิตต์,ราชสีมา,09:00-16:00,0,1,0
ร่วมจิตต์,ราชสีมา,16:00-19:00,0,1,0
ร่วมพัฒนา - ประชาอุทิศ,ประชาอุทิศ,07:00-09:00,0,0,1
ร่วมพัฒนา - ประชาอุทิศ,ประชาอุทิศ,09:00-17:00,0,0,1
ร่วมพัฒนา - ประชาอุทิศ,ประชาอุทิศ,17:00-19:00,0,0,1
ร่วมพัฒนา - ประชาอุทิศ,ร่วมพัฒนา,07:00-09:00,0,0,1
ร่วมพัฒนา - ประชาอุทิศ,ร่วมพัฒนา,09:00-17:00,0,0,1
ร่วมพัฒนา - ประชาอุทิศ,ร่วมพัฒนา,17:00-19:00,0,0,1
ร่วมพัฒนา - อยู่วิทยา - สุวินทวงศ์,ร่วมพัฒนา,07:00-09:00,0,0,1
ร่วมพัฒนา - อยู่วิทยา - สุวินทวงศ์,ร่วมพัฒนา,09:00-17:00,0,0,1
ร่วมพัฒนา - อยู่วิทยา - สุวินทวงศ์,ร่วมพัฒนา,17:00-19:00,0,0,1
ร่วมพัฒนา - อยู่วิทยา - สุวินทวงศ์,สุวินทวงศ์,07:00-09:00,0,0,1
ร่วมพัฒนา - อยู่วิทยา - สุวินทวงศ์,สุวินทวงศ์,09:00-17:00,0,0,1
ร่วมพัฒนา - อยู่วิทยา - สุวินทวงศ์,สุวินทวงศ์,17:00-19:00,0,0,1
ร่วมพัฒนา - อยู่วิทยา - สุวินทวงศ์,อยู่วิทยา,07:00-09:00,0,0,1
ร่วมพัฒนา - อยู่วิทยา - สุวินทวงศ์,อยู่วิทยา,09:00-17:00,0,0,1
ร่วมพัฒนา - อยู่วิทยา - สุวินทวงศ์,อยู่วิทยา,17:00-19:00,0,0,1
ฤทธิยะวรรณาลัย,ช่องทางท่าดินแดง 5,07:00-09:00,0,0,1
ฤทธิยะวรรณาลัย,ช่องทางท่าดินแดง 5,09:00-17:00,0,0,1
ฤทธิยะวรรณาลัย,ช่องทางท่าดินแดง 5,17:00-19:00,0,0,1
ฤทธิยะวรรณาลัย,ทางเข้าออกอากาศโยธิน,07:00-09:00,0,0,1
ฤทธิยะวรรณาลัย,ทางเข้าออกอากาศโยธิน,09:00-17:00,0,0,1
ฤทธิยะวรรณาลัย,ทางเข้าออกอากาศโยธิน,17:00-19:00,0,0,1
ฤทธิยะวรรณาลัย,พหลโยธิน,07:00-09:00,0,0,1
ฤทธิยะวรรณาลัย,พหลโยธิน,09:00-17:00,0,0,1
ฤทธิยะวรรณาลัย,พหลโยธิน,17:00-19:00,0,0,1
ลาซาล,ซอยลาซาล (สุขุมวิท 105),07:00-09:00,0,1,0
ลาซาล,ซอยลาซาล (สุขุมวิท 105),09:00-16:00,0,1,0
ลาซาล,ซอยลาซาล (สุขุมวิท 105),16:00-19:00,0,1,0
ลาซาล,ซอยสุขุมวิท 105,07:00-09:00,2,0,0
ลาซาล,ซอยสุขุมวิท 105,09:00-16:00,2,0,0
ลาซาล,ซอยสุขุมวิท 105,16:00-19:00,2,0,0
ลาซาล,สุขุมวิท,07:00-09:00,2,1,2
ลาซาล,สุขุมวิท,09:00-16:00,2,1,0
ลาซาล,สุขุมวิท,09:00-17:00,0,0,2
ลาซาล,สุขุมวิท,16:00-19:00,2,1,0
ลาซาล,สุขุมวิท,17:00-19:00,0,0,2
ลาซาล,สุขุมวิท 105,07:00-09:00,0,0,2
ลาซาล,สุขุมวิท 105,09:00-17:00,0,0,2
ลาซาล,สุขุมวิท 105,17:00-19:00,0,0,2
ลาซาล - ถนนตัดไหม่ลาซาล -แบริ่ง,ตัดใหม่ลาซาล-แบริ่ง,06:30-09:00,1,0,0
ลาซาล - ถนนตัดไหม่ลาซาล -แบริ่ง,ตัดใหม่ลาซาล-แบริ่ง,09:00-16:00,1,0,0
ลาซาล - ถนนตัดไหม่ลาซาล -แบริ่ง,ตัดใหม่ลาซาล-แบริ่ง,16:00-19:30,1,0,0
ลาซาล - ถนนตัดไหม่ลาซาล -แบริ่ง,ลาซาล,06:30-09:00,1,0,0
ลาซาล - ถนนตัดไหม่ลาซาล -แบริ่ง,ลาซาล,09:00-16:00,1,0,0
ลาซาล - ถนนตัดไหม่ลาซาล -แบริ่ง,ลาซาล,16:00-19:30,1,0,0
ลาซาล - แบริ่งลาซาล,ลาซาล,07:00-09:00,0,0,1
ลาซาล - แบริ่งลาซาล,ลาซาล,09:00-17:00,0,0,1
ลาซาล - แบริ่งลาซาล,ลาซาล,17:00-19:00,0,0,1
ลาซาล - แบริ่งลาซาล,สุขุมวิท 105(ลาซาล),07:00-09:00,0,0,1
ลาซาล - แบริ่งลาซาล,สุขุมวิท 105(ลาซาล),09:00-17:00,0,0,1
ลาซาล - แบริ่งลาซาล,สุขุมวิท 105(ลาซาล),17:00-19:00,0,0,1
ลาซาล - แบริ่งลาซาล,แบริ่งลาซาล,07:00-09:00,0,0,2
ลาซาล - แบริ่งลาซาล,แบริ่งลาซาล,09:00-17:00,0,0,2
ลาซาล - แบริ่งลาซาล,แบริ่งลาซาล,17:00-19:00,0,0,2
ลาดกระบัง - ฉลองกรุง,ฉลองกรุง,07:00-09:00,1,0,1
ลาดกระบัง - ฉลองกรุง,ฉลองกรุง,09:00-16:00,1,0,0
ลาดกระบัง - ฉลองกรุง,ฉลองกรุง,09:00-17:00,0,0,1
ลาดกระบัง - ฉลองกรุง,ฉลองกรุง,16:00-19:00,1,0,0
ลาดกระบัง - ฉลองกรุง,ฉลองกรุง,17:00-19:00,0,0,1
ลาดกระบัง - ฉลองกรุง,ลาดกระบัง,07:00-09:00,1,0,1
ลาดกระบัง - ฉลองกรุง,ลาดกระบัง,09:00-16:00,1,0,0
ลาดกระบัง - ฉลองกรุง,ลาดกระบัง,09:00-17:00,0,0,1
ลาดกระบัง - ฉลองกรุง,ลาดกระบัง,16:00-19:00,1,0,0
ลาดกระบัง - ฉลองกรุง,ลาดกระบัง,17:00-19:00,0,0,1
ลาดกระบัง - ร่มเกล้า,ร่มเกล้า,07:00-09:00,1,1,0
ลาดกระบัง - ร่มเกล้า,ร่มเกล้า,09:00-16:00,1,1,0
ลาดกระบัง - ร่มเกล้า,ร่มเกล้า,16:00-19:00,1,1,0
ลาดกระบัง - ร่มเกล้า,ลาดกระบัง,07:00-09:00,1,1,0
ลาดกระบัง - ร่มเกล้า,ลาดกระบัง,09:00-16:00,1,1,0
ลาดกระบัง - ร่มเกล้า,ลาดกระบัง,16:00-19:00,1,1,0
ลาดกระบัง 1ก/7,ลาดกระบัง,07:00-09:00,0,0,1
ลาดกระบัง 1ก/7,ลาดกระบัง,09:00-17:00,0,0,1
ลาดกระบัง 1ก/7,ลาดกระบัง,17:00-19:00,0,0,1
ลาดกระบัง 54,ซอยลาดกระบัง 54,07:00-09:00,1,0,0
ลาดกระบัง 54,ซอยลาดกระบัง 54,09:00-16:00,1,0,0
ลาดกระบัง 54,ซอยลาดกระบัง 54,16:00-19:00,1,0,0
ลาดกระบัง 54,ลาดกระบัง,07:00-09:00,1,0,2
ลาดกระบัง 54,ลาดกระบัง,09:00-16:00,1,0,0
ลาดกระบัง 54,ลาดกระบัง,09:00-17:00,0,0,2
ลาดกระบัง 54,ลาดกระบัง,16:00-19:00,1,0,0
ลาดกระบัง 54,ลาดกระบัง,17:00-19:00,0,0,2
ลาดกระบัง 54,ลาดกระบัง 54,07:00-09:00,0,0,2
ลาดกระบัง 54,ลาดกระบัง 54,09:00-17:00,0,0,2
ลาดกระบัง 54,ลาดกระบัง 54,17:00-19:00,0,0,2
ลาดบัวขาว,มณีพัฒนา,07:00-09:00,0,1,0
ลาดบัวขาว,มณีพัฒนา,09:00-16:00,0,1,0
ลาดบัวขาว,มณีพัฒนา,16:00-19:00,0,1,0
ลาดบัวขาว,มีนพัฒนา,07:00-09:00,1,0,1
ลาดบัวขาว,มีนพัฒนา,09:00-16:00,1,0,0
ลาดบัวขาว,มีนพัฒนา,09:00-17:00,0,0,1
ลาดบัวขาว,มีนพัฒนา,16:00-19:00,1,0,0
ลาดบัวขาว,มีนพัฒนา,17:00-19:00,0,0,1
ลาดบัวขาว,รามคำแหง,07:00-09:00,1,1,1
ลาดบัวขาว,รามคำแหง,09:00-16:00,1,1,0
ลาดบัวขาว,รามคำแหง,09:00-17:00,0,0,1
ลาดบัวขาว,รามคำแหง,16:00-19:00,1,1,0
ลาดบัวขาว,รามคำแหง,17:00-19:00,0,0,1
ลาดปฏลาเค้า,รามอินทรา,07:00-09:00,1,0,0
ลาดปฏลาเค้า,รามอินทรา,09:00-16:00,1,0,0
ลาดปฏลาเค้า,รามอินทรา,16:00-19:00,1,0,0
ลาดปลาเค้า,รามอินทรา,07:00-09:00,1,1,3
ลาดปลาเค้า,รามอินทรา,09:00-16:00,1,1,1
ลาดปลาเค้า,รามอินทรา,09:00-17:00,0,0,2
ลาดปลาเค้า,รามอินทรา,16:00-19:00,1,1,1
ลาดปลาเค้า,รามอินทรา,17:00-19:00,0,0,2
ลาดปลาเค้า,ลาดปลาเค้า,07:00-09:00,2,1,3
ลาดปลาเค้า,ลาดปลาเค้า,09:00-16:00,2,1,1
ลาดปลาเค้า,ลาดปลาเค้า,09:00-17:00,0,0,2
ลาดปลาเค้า,ลาดปลาเค้า,16:00-19:00,2,1,1
ลาดปลาเค้า,ลาดปลาเค้า,17:00-19:00,0,0,2
ลาดพร้าว,พหลโยธิน,07:00-09:00,0,0,1
ลาดพร้าว,พหลโยธิน,09:00-17:00,0,0,1
ลาดพร้าว,พหลโยธิน,17:00-19:00,0,0,1
ลาดพร้าว,ลาดพร้าว,07:00-09:00,0,0,1
ลาดพร้าว,ลาดพร้าว,09:00-17:00,0,0,1
ลาดพร้าว,ลาดพร้าว,17:00-19:00,0,0,1
ลาดพร้าว,วิภาวดีรังสิต,07:00-09:00,0,0,2
ลาดพร้าว,วิภาวดีรังสิต,09:00-17:00,0,0,2
ลาดพร้าว,วิภาวดีรังสิต,17:00-19:00,0,0,2
ลาดพร้าว (ขาออก),พหลโยธิน,07:00-09:00,0,0,1
ลาดพร้าว (ขาออก),พหลโยธิน,09:00-16:00,0,0,1
ลาดพร้าว (ขาออก),พหลโยธิน,16:00-19:00,0,0,1
ลาดพร้าว - มหาดไทย,มหาดไทย,07:00-09:00,0,0,1
ลาดพร้าว - มหาดไทย,มหาดไทย,09:00-17:00,0,0,1
ลาดพร้าว - มหาดไทย,มหาดไทย,17:00-19:00,0,0,1
ลาดพร้าว - มหาดไทย,ลาดพร้าว,07:00-09:00,0,0,2
ลาดพร้าว - มหาดไทย,ลาดพร้าว,09:00-17:00,0,0,2
ลาดพร้าว - มหาดไทย,ลาดพร้าว,17:00-19:00,0,0,2
ลาดพร้าว - มหาดไทย,ลาดพร้าว 122,07:00-09:00,0,0,1
ลาดพร้าว - มหาดไทย,ลาดพร้าว 122,09:00-17:00,0,0,1
ลาดพร้าว - มหาดไทย,ลาดพร้าว 122,17:00-19:00,0,0,1
ลาดพร้าว - ลาดพร้าว 15,ซอยลาดพร้าว 15,07:00-09:00,0,1,0
ลาดพร้าว - ลาดพร้าว 15,ซอยลาดพร้าว 15,09:00-16:00,0,1,0
ลาดพร้าว - ลาดพร้าว 15,ซอยลาดพร้าว 15,16:00-19:00,0,1,0
ลาดพร้าว - ลาดพร้าว 15,ลาดพร้าว,07:00-09:00,0,1,0
ลาดพร้าว - ลาดพร้าว 15,ลาดพร้าว,09:00-16:00,0,1,0
ลาดพร้าว - ลาดพร้าว 15,ลาดพร้าว,16:00-19:00,0,1,0
ลาดพร้าว 101,ซอยลาดพร้าว 101,07:00-09:00,1,0,0
ลาดพร้าว 101,ซอยลาดพร้าว 101,09:00-16:00,1,0,0
ลาดพร้าว 101,ซอยลาดพร้าว 101,16:00-19:00,1,0,0
ลาดพร้าว 101,ซอยลาดพร้าว 128/1,07:00-09:00,1,0,0
ลาดพร้าว 101,ซอยลาดพร้าว 128/1,09:00-16:00,1,0,0
ลาดพร้าว 101,ซอยลาดพร้าว 128/1,16:00-19:00,1,0,0
ลาดพร้าว 101,ลาดพร้าว,07:00-09:00,1,0,1
ลาดพร้าว 101,ลาดพร้าว,09:00-16:00,1,0,0
ลาดพร้าว 101,ลาดพร้าว,09:00-17:00,0,0,1
ลาดพร้าว 101,ลาดพร้าว,16:00-19:00,1,0,0
ลาดพร้าว 101,ลาดพร้าว,17:00-19:00,0,0,1
ลาดพร้าว 101,ลาดพร้าว 101,07:00-09:00,0,0,1
ลาดพร้าว 101,ลาดพร้าว 101,09:00-17:00,0,0,1
ลาดพร้าว 101,ลาดพร้าว 101,17:00-19:00,0,0,1
ลาดพร้าว 101,ลาดพร้าว 128/1,07:00-09:00,0,0,1
ลาดพร้าว 101,ลาดพร้าว 128/1,09:00-17:00,0,0,1
ลาดพร้าว 101,ลาดพร้าว 128/1,17:00-19:00,0,0,1
ลาดพร้าว 101/1,ลาดพร้าว,07:00-09:00,0,0,1
ลาดพร้าว 101/1,ลาดพร้าว,09:00-17:00,0,0,1
ลาดพร้าว 101/1,ลาดพร้าว,17:00-19:00,0,0,1
ลาดพร้าว 101/1,ลาดพร้าว 101/1,07:00-09:00,0,0,1
ลาดพร้าว 101/1,ลาดพร้าว 101/1,09:00-17:00,0,0,1
ลาดพร้าว 101/1,ลาดพร้าว 101/1,17:00-19:00,0,0,1
ลาดพร้าว 112,ลาดพร้าว,07:00-09:00,0,0,1
ลาดพร้าว 112,ลาดพร้าว,09:00-17:00,0,0,1
ลาดพร้าว 112,ลาดพร้าว,17:00-19:00,0,0,1
ลาดพร้าว 112,ลาดพร้าว 112,07:00-09:00,0,0,1
ลาดพร้าว 112,ลาดพร้าว 112,09:00-17:00,0,0,1
ลาดพร้าว 112,ลาดพร้าว 112,17:00-19:00,0,0,1
ลาดพร้าว 12,ลาดพร้าว,07:00-09:00,0,0,1
ลาดพร้าว 12,ลาดพร้าว,09:00-17:00,0,0,1
ลาดพร้าว 12,ลาดพร้าว,17:00-19:00,0,0,1
ลาดพร้าว 12,ลาดพร้าว 12,07:00-09:00,0,0,1
ลาดพร้าว 12,ลาดพร้าว 12,09:00-17:00,0,0,1
ลาดพร้าว 12,ลาดพร้าว 12,17:00-19:00,0,0,1
ลาดพร้าว 14,ลาดพร้าว,07:00-09:00,0,0,1
ลาดพร้าว 14,ลาดพร้าว,09:00-17:00,0,0,1
ลาดพร้าว 14,ลาดพร้าว,17:00-19:00,0,0,1
ลาดพร้าว 14,ลาดพร้าว 14,07:00-09:00,0,0,1
ลาดพร้าว 14,ลาดพร้าว 14,09:00-17:00,0,0,1
ลาดพร้าว 14,ลาดพร้าว 14,17:00-19:00,0,0,1
ลาดพร้าว 35,ลาดพร้าว,07:00-09:00,0,0,1
ลาดพร้าว 35,ลาดพร้าว,09:00-17:00,0,0,1
ลาดพร้าว 35,ลาดพร้าว,17:00-19:00,0,0,1
ลาดพร้าว 35,ลาดพร้าว 35,07:00-09:00,0,0,1
ลาดพร้าว 35,ลาดพร้าว 35,09:00-17:00,0,0,1
ลาดพร้าว 35,ลาดพร้าว 35,17:00-19:00,0,0,1
ลาดพร้าว 40,ลาดพร้าว,07:00-09:00,0,0,1
ลาดพร้าว 40,ลาดพร้าว,09:00-17:00,0,0,1
ลาดพร้าว 40,ลาดพร้าว,17:00-19:00,0,0,1
ลาดพร้าว 40,ลาดพร้าว 40,07:00-09:00,0,0,1
ลาดพร้าว 40,ลาดพร้าว 40,09:00-17:00,0,0,1
ลาดพร้าว 40,ลาดพร้าว 40,17:00-19:00,0,0,1
ลาดพร้าว 48,ลาดพร้าว,07:00-09:00,0,0,1
ลาดพร้าว 48,ลาดพร้าว,09:00-17:00,0,0,1
ลาดพร้าว 48,ลาดพร้าว,17:00-19:00,0,0,1
ลาดพร้าว 48,ลาดพร้าว 48,07:00-09:00,0,0,1
ลาดพร้าว 48,ลาดพร้าว 48,09:00-17:00,0,0,1
ลาดพร้าว 48,ลาดพร้าว 48,17:00-19:00,0,0,1
ลาดพร้าว 6,ลาดพร้าว,07:00-09:00,0,0,1
ลาดพร้าว 6,ลาดพร้าว,09:00-17:00,0,0,1
ลาดพร้าว 6,ลาดพร้าว,17:00-19:00,0,0,1
ลาดพร้าว 6,ลาดพร้าว 6,07:00-09:00,0,0,1
ลาดพร้าว 6,ลาดพร้าว 6,09:00-17:00,0,0,1
ลาดพร้าว 6,ลาดพร้าว 6,17:00-19:00,0,0,1
ลาดพร้าว 60,ลาดพร้าว,07:00-09:00,0,0,1
ลาดพร้าว 60,ลาดพร้าว,09:00-17:00,0,0,1
ลาดพร้าว 60,ลาดพร้าว,17:00-19:00,0,0,1
ลาดพร้าว 60,ลาดพร้าว 60,07:00-09:00,0,0,1
ลาดพร้าว 60,ลาดพร้าว 60,09:00-17:00,0,0,1
ลาดพร้าว 60,ลาดพร้าว 60,17:00-19:00,0,0,1
ลาดพร้าว 62,ลาดพร้าว,07:00-09:00,0,0,1
ลาดพร้าว 62,ลาดพร้าว,09:00-17:00,0,0,1
ลาดพร้าว 62,ลาดพร้าว,17:00-19:00,0,0,1
ลาดพร้าว 62,ลาดพร้าว 62,07:00-09:00,0,0,1
ลาดพร้าว 62,ลาดพร้าว 62,09:00-17:00,0,0,1
ลาดพร้าว 62,ลาดพร้าว 62,17:00-19:00,0,0,1
ลาดพร้าว 71,ลาดพร้าว,07:00-09:00,0,0,1
ลาดพร้าว 71,ลาดพร้าว,09:00-17:00,0,0,1
ลาดพร้าว 71,ลาดพร้าว,17:00-19:00,0,0,1
ลาดพร้าว 71,ลาดพร้าว 71,07:00-09:00,0,0,1
ลาดพร้าว 71,ลาดพร้าว 71,09:00-17:00,0,0,1
ลาดพร้าว 71,ลาดพร้าว 71,17:00-19:00,0,0,1
ลาดพร้าว 94,ลาดพร้าว,07:00-09:00,0,0,1
ลาดพร้าว 94,ลาดพร้าว,09:00-17:00,0,0,1
ลาดพร้าว 94,ลาดพร้าว,17:00-19:00,0,0,1
ลาดพร้าว 94,ลาดพร้าว 94,07:00-09:00,0,0,1
ลาดพร้าว 94,ลาดพร้าว 94,09:00-17:00,0,0,1
ลาดพร้าว 94,ลาดพร้าว 94,17:00-19:00,0,0,1
ลาดพร้าว- ประดิษฐ์มนูธรรม,ประดิษฐ์มนูธรรม,07:00-09:00,0,0,1
ลาดพร้าว- ประดิษฐ์มนูธรรม,ประดิษฐ์มนูธรรม,09:00-17:00,0,0,1
ลาดพร้าว- ประดิษฐ์มนูธรรม,ประดิษฐ์มนูธรรม,17:00-19:00,0,0,1
ลาดพร้าว- ประดิษฐ์มนูธรรม,ลาดพร้าว,07:00-09:00,0,0,1
ลาดพร้าว- ประดิษฐ์มนูธรรม,ลาดพร้าว,09:00-17:00,0,0,1
ลาดพร้าว- ประดิษฐ์มนูธรรม,ลาดพร้าว,17:00-19:00,0,0,1
ลาดพร้าววังหิน - โชคชัย 4,ลาดพร้าววังหิน,07:00-09:00,0,0,1
ลาดพร้าววังหิน - โชคชัย 4,ลาดพร้าววังหิน,09:00-17:00,0,0,1
ลาดพร้าววังหิน - โชคชัย 4,ลาดพร้าววังหิน,17:00-19:00,0,0,1
ลาดพร้าววังหิน - โชคชัย 4,ลาดพร้าววังหิน 79,07:00-09:00,0,0,1
ลาดพร้าววังหิน - โชคชัย 4,ลาดพร้าววังหิน 79,09:00-17:00,0,0,1
ลาดพร้าววังหิน - โชคชัย 4,ลาดพร้าววังหิน 79,17:00-19:00,0,0,1
ลาดพร้าววังหิน - โชคชัย 4,โชคชัย 4,07:00-09:00,0,0,1
ลาดพร้าววังหิน - โชคชัย 4,โชคชัย 4,09:00-17:00,0,0,1
ลาดพร้าววังหิน - โชคชัย 4,โชคชัย 4,17:00-19:00,0,0,1
ลาสาลี,ศรีนครินทร์,07:00-09:00,0,1,0
ลาสาลี,ศรีนครินทร์,09:00-16:00,0,1,0
ลาสาลี,ศรีนครินทร์,16:00-19:00,0,1,0
ลำกะโหลก,ปัญญาอินทรา,07:00-09:00,0,0,2
ลำกะโหลก,ปัญญาอินทรา,09:00-16:00,0,0,1
ลำกะโหลก,ปัญญาอินทรา,09:00-17:00,0,0,1
ลำกะโหลก,ปัญญาอินทรา,16:00-19:00,0,0,1
ลำกะโหลก,ปัญญาอินทรา,17:00-19:00,0,0,1
ลำกะโหลก,พระยาสุเรนทร์,07:00-09:00,0,0,2
ลำกะโหลก,พระยาสุเรนทร์,09:00-16:00,0,0,1
ลำกะโหลก,พระยาสุเรนทร์,09:00-17:00,0,0,1
ลำกะโหลก,พระยาสุเรนทร์,16:00-19:00,0,0,1
ลำกะโหลก,พระยาสุเรนทร์,17:00-19:00,0,0,1
ลำพูนไชย,ลำพูนไชย,07:00-09:00,0,0,1
ลำพูนไชย,ลำพูนไชย,09:00-16:00,0,0,1
ลำพูนไชย,ลำพูนไชย,16:00-19:00,0,0,1
ลำพูนไชย,เจริญกรุง,07:00-09:00,0,0,1
ลำพูนไชย,เจริญกรุง,09:00-16:00,0,0,1
ลำพูนไชย,เจริญกรุง,16:00-19:00,0,0,1
ลำสาลี,รามคาแหง,07:00-09:00,0,1,0
ลำสาลี,รามคาแหง,09:00-16:00,0,1,0
ลำสาลี,รามคาแหง,16:00-19:00,0,1,0
ลำสาลี,รามคำแหง,07:00-09:00,1,0,2
ลำสาลี,รามคำแหง,09:00-16:00,1,0,0
ลำสาลี,รามคำแหง,09:00-17:00,0,0,2
ลำสาลี,รามคำแหง,16:00-19:00,1,0,0
ลำสาลี,รามคำแหง,17:00-19:00,0,0,2
ลำสาลี,ศรีนครินทร์,07:00-09:00,1,0,2
ลำสาลี,ศรีนครินทร์,09:00-16:00,1,0,0
ลำสาลี,ศรีนครินทร์,09:00-17:00,0,0,2
ลำสาลี,ศรีนครินทร์,16:00-19:00,1,0,0
ลำสาลี,ศรีนครินทร์,17:00-19:00,0,0,2
ลำหิน,คู้คลองสิบ,07:00-09:00,0,0,1
ลำหิน,คู้คลองสิบ,09:00-17:00,0,0,1
ลำหิน,คู้คลองสิบ,17:00-19:00,0,0,1
ลำหิน,มิตรไมตรี,07:00-09:00,0,0,1
ลำหิน,มิตรไมตรี,09:00-17:00,0,0,1
ลำหิน,มิตรไมตรี,17:00-19:00,0,0,1
ลำหิน,เลียบวารี,07:00-09:00,0,0,1
ลำหิน,เลียบวารี,09:00-17:00,0,0,1
ลำหิน,เลียบวารี,17:00-19:00,0,0,1
วขิระ,สามเสน,07:00-09:00,0,0,1
วขิระ,สามเสน,09:00-17:00,0,0,1
วขิระ,สามเสน,17:00-19:00,0,0,1
วขิระ,สุโขทัย,07:00-09:00,0,0,1
วขิระ,สุโขทัย,09:00-17:00,0,0,1
วขิระ,สุโขทัย,17:00-19:00,0,0,1
วงศสว่าง,กรุงเทพนนท์,07:00-09:00,0,0,1
วงศสว่าง,กรุงเทพนนท์,09:00-16:00,0,0,1
วงศสว่าง,กรุงเทพนนท์,16:00-19:00,0,0,1
วงศสว่าง,รัชดาภิเษก,07:00-09:00,0,0,1
วงศสว่าง,รัชดาภิเษก,09:00-16:00,0,0,1
วงศสว่าง,รัชดาภิเษก,16:00-19:00,0,0,1
วงศสว่าง,วงศสว่าง,07:00-09:00,0,0,1
วงศสว่าง,วงศสว่าง,09:00-16:00,0,0,1
วงศสว่าง,วงศสว่าง,16:00-19:00,0,0,1
วงศ์สว่าง,กรุงเทพ - นนทบุรี,07:00-09:00,2,1,0
วงศ์สว่าง,กรุงเทพ - นนทบุรี,09:00-16:00,2,1,0
วงศ์สว่าง,กรุงเทพ - นนทบุรี,16:00-19:00,2,1,0
วงศ์สว่าง,กรุงเทพ-นนทบุรี,07:00-09:00,0,1,0
วงศ์สว่าง,กรุงเทพ-นนทบุรี,09:00-16:00,0,1,0
วงศ์สว่าง,กรุงเทพ-นนทบุรี,16:00-19:00,0,1,0
วงศ์สว่าง,กรุงเทพนนท์,07:00-09:00,0,0,1
วงศ์สว่าง,กรุงเทพนนท์,09:00-17:00,0,0,1
วงศ์สว่าง,กรุงเทพนนท์,17:00-19:00,0,0,1
วงศ์สว่าง,รัชดาภิเษก,07:00-09:00,2,2,1
วงศ์สว่าง,รัชดาภิเษก,09:00-16:00,2,2,0
วงศ์สว่าง,รัชดาภิเษก,09:00-17:00,0,0,1
วงศ์สว่าง,รัชดาภิเษก,16:00-19:00,2,2,0
วงศ์สว่าง,รัชดาภิเษก,17:00-19:00,0,0,1
วงศ์สว่าง,วงศ์สว่าง,07:00-09:00,2,2,1
วงศ์สว่าง,วงศ์สว่าง,09:00-16:00,2,2,0
วงศ์สว่าง,วงศ์สว่าง,09:00-17:00,0,0,1
วงศ์สว่าง,วงศ์สว่าง,16:00-19:00,2,2,0
วงศ์สว่าง,วงศ์สว่าง,17:00-19:00,0,0,1
วงเวียน 22 กรกฎา,มิตรพันธ์,07:00-09:00,0,1,0
วงเวียน 22 กรกฎา,มิตรพันธ์,09:00-16:00,0,1,0
วงเวียน 22 กรกฎา,มิตรพันธ์,16:00-19:00,0,1,0
วงเวียน 22 กรกฎา,สันติภาพ,07:00-09:00,0,1,0
วงเวียน 22 กรกฎา,สันติภาพ,09:00-16:00,0,1,0
วงเวียน 22 กรกฎา,สันติภาพ,16:00-19:00,0,1,0
วงเวียน 22 กรกฎา,ไมตรีจิตต์,07:00-09:00,0,1,0
วงเวียน 22 กรกฎา,ไมตรีจิตต์,09:00-16:00,0,1,0
วงเวียน 22 กรกฎา,ไมตรีจิตต์,16:00-19:00,0,1,0
วงเวียน รด.,จักรเพชร,07:00-09:00,0,1,0
วงเวียน รด.,จักรเพชร,09:00-16:00,0,1,0
วงเวียน รด.,จักรเพชร,16:00-19:00,0,1,0
วงเวียน รด.,มหาราช,07:00-09:00,0,1,0
วงเวียน รด.,มหาราช,09:00-16:00,0,1,0
วงเวียน รด.,มหาราช,16:00-19:00,0,1,0
วงเวียน รด.,ราชินี,07:00-09:00,0,1,0
วงเวียน รด.,ราชินี,09:00-16:00,0,1,0
วงเวียน รด.,ราชินี,16:00-19:00,0,1,0
วงเวียน รด.,สนามไชย,07:00-09:00,0,1,0
วงเวียน รด.,สนามไชย,09:00-16:00,0,1,0
วงเวียน รด.,สนามไชย,16:00-19:00,0,1,0
วงเวียนตลาดน้อย,เจริญกรุง,07:00-09:00,0,0,1
วงเวียนตลาดน้อย,เจริญกรุง,09:00-17:00,0,0,1
วงเวียนตลาดน้อย,เจริญกรุง,17:00-19:00,0,0,1
วงเวียนหลักสี่,พหลโยธิน,07:00-09:00,1,1,1
วงเวียนหลักสี่,พหลโยธิน,09:00-16:00,1,1,0
วงเวียนหลักสี่,พหลโยธิน,09:00-17:00,0,0,1
วงเวียนหลักสี่,พหลโยธิน,16:00-19:00,1,1,0
วงเวียนหลักสี่,พหลโยธิน,17:00-19:00,0,0,1
วงเวียนหลักสี่,รามอินทรา,07:00-09:00,1,1,1
วงเวียนหลักสี่,รามอินทรา,09:00-16:00,1,1,0
วงเวียนหลักสี่,รามอินทรา,09:00-17:00,0,0,1
วงเวียนหลักสี่,รามอินทรา,16:00-19:00,1,1,0
วงเวียนหลักสี่,รามอินทรา,17:00-19:00,0,0,1
วงเวียนหลักสี่,แจ้งวัฒนะ,07:00-09:00,1,1,1
วงเวียนหลักสี่,แจ้งวัฒนะ,09:00-16:00,1,1,0
วงเวียนหลักสี่,แจ้งวัฒนะ,09:00-17:00,0,0,1
วงเวียนหลักสี่,แจ้งวัฒนะ,16:00-19:00,1,1,0
วงเวียนหลักสี่,แจ้งวัฒนะ,17:00-19:00,0,0,1
วงเวียนอนุสาวรีย์หลักสี่,พหลโยธิน,07:00-09:00,0,0,1
วงเวียนอนุสาวรีย์หลักสี่,พหลโยธิน,09:00-17:00,0,0,1
วงเวียนอนุสาวรีย์หลักสี่,พหลโยธิน,17:00-19:00,0,0,1
วงเวียนอนุสาวรีย์หลักสี่,รามอินทรา,07:00-09:00,0,0,1
วงเวียนอนุสาวรีย์หลักสี่,รามอินทรา,09:00-17:00,0,0,1
วงเวียนอนุสาวรีย์หลักสี่,รามอินทรา,17:00-19:00,0,0,1
วงเวียนอนุสาวรีย์หลักสี่,แจ้งวัฒนะ,07:00-09:00,0,0,1
วงเวียนอนุสาวรีย์หลักสี่,แจ้งวัฒนะ,09:00-17:00,0,0,1
วงเวียนอนุสาวรีย์หลักสี่,แจ้งวัฒนะ,17:00-19:00,0,0,1
วงเวียนโอเดียน,ซอยเยาวราช 1,07:00-09:00,0,1,0
วงเวียนโอเดียน,ซอยเยาวราช 1,09:00-16:00,0,1,0
วงเวียนโอเดียน,ซอยเยาวราช 1,16:00-19:00,0,1,0
วงเวียนโอเดียน,ซอยเยาวราช 3,07:00-09:00,0,1,0
วงเวียนโอเดียน,ซอยเยาวราช 3,09:00-16:00,0,1,0
วงเวียนโอเดียน,ซอยเยาวราช 3,16:00-19:00,0,1,0
วงเวียนโอเดียน,ตรีมิตร,07:00-09:00,0,1,0
วงเวียนโอเดียน,ตรีมิตร,09:00-16:00,0,1,0
วงเวียนโอเดียน,ตรีมิตร,16:00-19:00,0,1,0
วงเวียนโอเดียน,มิตรภาพไทยจีน,07:00-09:00,0,1,0
วงเวียนโอเดียน,มิตรภาพไทยจีน,09:00-16:00,0,1,0
วงเวียนโอเดียน,มิตรภาพไทยจีน,16:00-19:00,0,1,0
วงเวียนโอเดียน,เจริญกรุง,07:00-09:00,0,1,0
วงเวียนโอเดียน,เจริญกรุง,09:00-16:00,0,1,0
วงเวียนโอเดียน,เจริญกรุง,16:00-19:00,0,1,0
วงเวียนโอเดียน,เยาวราช,07:00-09:00,0,1,0
วงเวียนโอเดียน,เยาวราช,09:00-16:00,0,1,0
วงเวียนโอเดียน,เยาวราช,16:00-19:00,0,1,0
วงเวียนใหญ่,ถนนลาดหญ้า,07:00-09:00,0,1,0
วงเวียนใหญ่,ถนนลาดหญ้า,09:00-16:00,0,1,0
วงเวียนใหญ่,ถนนลาดหญ้า,16:00-19:00,0,1,0
วงเวียนใหญ่,ประชาธิปก,07:00-09:00,1,1,2
วงเวียนใหญ่,ประชาธิปก,09:00-16:00,1,1,0
วงเวียนใหญ่,ประชาธิปก,09:00-17:00,0,0,2
วงเวียนใหญ่,ประชาธิปก,16:00-19:00,1,1,0
วงเวียนใหญ่,ประชาธิปก,17:00-19:00,0,0,2
วงเวียนใหญ่,ลาดหญ้า,07:00-09:00,1,0,2
วงเวียนใหญ่,ลาดหญ้า,09:00-16:00,1,0,0
วงเวียนใหญ่,ลาดหญ้า,09:00-17:00,0,0,2
วงเวียนใหญ่,ลาดหญ้า,16:00-19:00,1,0,0
วงเวียนใหญ่,ลาดหญ้า,17:00-19:00,0,0,2
วงเวียนใหญ่,สมเดจ็พระเจ้าตากสิน,07:00-09:00,0,1,0
วงเวียนใหญ่,สมเดจ็พระเจ้าตากสิน,09:00-16:00,0,1,0
วงเวียนใหญ่,สมเดจ็พระเจ้าตากสิน,16:00-19:00,0,1,0
วงเวียนใหญ่,สมเด็จพระเจ้าตากสิน,07:00-09:00,1,0,2
วงเวียนใหญ่,สมเด็จพระเจ้าตากสิน,09:00-16:00,1,0,0
วงเวียนใหญ่,สมเด็จพระเจ้าตากสิน,09:00-17:00,0,0,2
วงเวียนใหญ่,สมเด็จพระเจ้าตากสิน,16:00-19:00,1,0,0
วงเวียนใหญ่,สมเด็จพระเจ้าตากสิน,17:00-19:00,0,0,2
วงเวียนใหญ่,อินทรพิทักษ์,07:00-09:00,1,1,2
วงเวียนใหญ่,อินทรพิทักษ์,09:00-16:00,1,1,0
วงเวียนใหญ่,อินทรพิทักษ์,09:00-17:00,0,0,2
วงเวียนใหญ่,อินทรพิทักษ์,16:00-19:00,1,1,0
วงเวียนใหญ่,อินทรพิทักษ์,17:00-19:00,0,0,2
วงเวียนใหญ่ (ขาออก),ประชาธิปก,07:00-09:00,1,0,1
วงเวียนใหญ่ (ขาออก),ประชาธิปก,09:00-16:00,1,0,1
วงเวียนใหญ่ (ขาออก),ประชาธิปก,16:00-19:00,1,0,1
วงเวียนใหญ่ (ขาออก),ลาดหญ้า,07:00-09:00,1,0,1
วงเวียนใหญ่ (ขาออก),ลาดหญ้า,09:00-16:00,1,0,1
วงเวียนใหญ่ (ขาออก),ลาดหญ้า,16:00-19:00,1,0,1
วงเวียนใหญ่ (ขาออก),สมเด็จพระเจ้าตากสิน,07:00-09:00,1,0,1
วงเวียนใหญ่ (ขาออก),สมเด็จพระเจ้าตากสิน,09:00-16:00,1,0,1
วงเวียนใหญ่ (ขาออก),สมเด็จพระเจ้าตากสิน,16:00-19:00,1,0,1
วงเวียนใหญ่ (ขาออก),อินทรพิทักษ์,07:00-09:00,1,0,1
วงเวียนใหญ่ (ขาออก),อินทรพิทักษ์,09:00-16:00,1,0,1
วงเวียนใหญ่ (ขาออก),อินทรพิทักษ์,16:00-19:00,1,0,1
วงเวียนใหญ่ (ขาเข้า),ประชาธิปก,07:00-09:00,1,0,1
วงเวียนใหญ่ (ขาเข้า),ประชาธิปก,09:00-16:00,1,0,1
วงเวียนใหญ่ (ขาเข้า),ประชาธิปก,16:00-19:00,1,0,1
วงเวียนใหญ่ (ขาเข้า),ลาดหญ้า,07:00-09:00,1,0,1
วงเวียนใหญ่ (ขาเข้า),ลาดหญ้า,09:00-16:00,1,0,1
วงเวียนใหญ่ (ขาเข้า),ลาดหญ้า,16:00-19:00,1,0,1
วงเวียนใหญ่ (ขาเข้า),สมเด็จพระเจ้าตากสิน,07:00-09:00,1,0,1
วงเวียนใหญ่ (ขาเข้า),สมเด็จพระเจ้าตากสิน,09:00-16:00,1,0,1
วงเวียนใหญ่ (ขาเข้า),สมเด็จพระเจ้าตากสิน,16:00-19:00,1,0,1
วงเวียนใหญ่ (ขาเข้า),อินทรพิทักษ์,07:00-09:00,1,0,1
วงเวียนใหญ่ (ขาเข้า),อินทรพิทักษ์,09:00-16:00,1,0,1
วงเวียนใหญ่ (ขาเข้า),อินทรพิทักษ์,16:00-19:00,1,0,1
วชิรธรรมสาธิต 59,วชิรธรรมสาธิต,07:00-09:00,0,0,1
วชิรธรรมสาธิต 59,วชิรธรรมสาธิต,09:00-17:00,0,0,1
วชิรธรรมสาธิต 59,วชิรธรรมสาธิต,17:00-19:00,0,0,1
วชิระ,สามเสน,07:00-09:00,2,0,1
วชิระ,สามเสน,09:00-16:00,2,0,1
วชิระ,สามเสน,16:00-19:00,2,0,1
วชิระ,สุโขทัย,07:00-09:00,2,0,0
วชิระ,สุโขทัย,09:00-16:00,2,0,0
วชิระ,สุโขทัย,16:00-19:00,2,0,0
วรจักร,วรจักร,07:00-09:00,0,1,1
วรจักร,วรจักร,09:00-16:00,0,1,1
วรจักร,วรจักร,16:00-19:00,0,1,1
วรจักร,หลวง,07:00-09:00,0,1,1
วรจักร,หลวง,09:00-16:00,0,1,1
วรจักร,หลวง,16:00-19:00,0,1,1
วังหิน,ลาดปลาเค้า,07:00-09:00,0,1,2
วังหิน,ลาดปลาเค้า,09:00-16:00,0,1,0
วังหิน,ลาดปลาเค้า,09:00-17:00,0,0,2
วังหิน,ลาดปลาเค้า,16:00-19:00,0,1,0
วังหิน,ลาดปลาเค้า,17:00-19:00,0,0,2
วังหิน,ลาดพร้าววังหิน,07:00-09:00,0,0,1
วังหิน,ลาดพร้าววังหิน,09:00-17:00,0,0,1
วังหิน,ลาดพร้าววังหิน,17:00-19:00,0,0,1
วังหิน,วัดลาดปลาเค่า,07:00-09:00,1,0,0
วังหิน,วัดลาดปลาเค่า,09:00-16:00,1,0,0
วังหิน,วัดลาดปลาเค่า,16:00-19:00,1,0,0
วังหิน,สุขาภิบาล 1,07:00-09:00,1,1,1
วังหิน,สุขาภิบาล 1,09:00-16:00,1,1,0
วังหิน,สุขาภิบาล 1,09:00-17:00,0,0,1
วังหิน,สุขาภิบาล 1,16:00-19:00,1,1,0
วังหิน,สุขาภิบาล 1,17:00-19:00,0,0,1
วังหิน,เสนานิคม,07:00-09:00,1,1,1
วังหิน,เสนานิคม,09:00-16:00,1,1,0
วังหิน,เสนานิคม,09:00-17:00,0,0,1
วังหิน,เสนานิคม,16:00-19:00,1,1,0
วังหิน,เสนานิคม,17:00-19:00,0,0,1
วังหิน,เสนานิคม 1,07:00-09:00,0,0,1
วังหิน,เสนานิคม 1,09:00-17:00,0,0,1
วังหิน,เสนานิคม 1,17:00-19:00,0,0,1
วังแดง,นครราชสีมา,07:00-09:00,0,0,1
วังแดง,นครราชสีมา,09:00-17:00,0,0,1
วังแดง,นครราชสีมา,17:00-19:00,0,0,1
วังแดง,พิษณุโลก,07:00-09:00,1,2,2
วังแดง,พิษณุโลก,09:00-16:00,1,2,0
วังแดง,พิษณุโลก,09:00-17:00,0,0,2
วังแดง,พิษณุโลก,16:00-19:00,1,2,0
วังแดง,พิษณุโลก,17:00-19:00,0,0,2
วังแดง,ราชสีมา,07:00-09:00,1,2,1
วังแดง,ราชสีมา,09:00-16:00,1,2,0
วังแดง,ราชสีมา,09:00-17:00,0,0,1
วังแดง,ราชสีมา,16:00-19:00,1,2,0
วังแดง,ราชสีมา,17:00-19:00,0,0,1
วัชดาภิเษก 32 -รัชดาภิเษก 36,ซ.รัชดาภิเษก 32 แยก 3 แยก 19,07:00-09:00,1,0,0
วัชดาภิเษก 32 -รัชดาภิเษก 36,ซ.รัชดาภิเษก 32 แยก 3 แยก 19,09:00-16:00,1,0,0
วัชดาภิเษก 32 -รัชดาภิเษก 36,ซ.รัชดาภิเษก 32 แยก 3 แยก 19,16:00-19:00,1,0,0
วัชดาภิเษก 32 -รัชดาภิเษก 36,ซ.รัชดาภิเษก 36,07:00-09:00,1,0,0
วัชดาภิเษก 32 -รัชดาภิเษก 36,ซ.รัชดาภิเษก 36,09:00-16:00,1,0,0
วัชดาภิเษก 32 -รัชดาภิเษก 36,ซ.รัชดาภิเษก 36,16:00-19:00,1,0,0
วัชรพล - รามอินทรา 65,รามอินทรา 65,07:00-09:00,1,0,1
วัชรพล - รามอินทรา 65,รามอินทรา 65,09:00-16:00,1,0,0
วัชรพล - รามอินทรา 65,รามอินทรา 65,09:00-17:00,0,0,1
วัชรพล - รามอินทรา 65,รามอินทรา 65,16:00-19:00,1,0,0
วัชรพล - รามอินทรา 65,รามอินทรา 65,17:00-19:00,0,0,1
วัชรพล - รามอินทรา 65,วัชรพล,07:00-09:00,1,0,0
วัชรพล - รามอินทรา 65,วัชรพล,09:00-16:00,1,0,0
วัชรพล - รามอินทรา 65,วัชรพล,16:00-19:00,1,0,0
วัชรพล - รามอินทรา 65,วัชรพล (EB),07:00-09:00,0,0,1
วัชรพล - รามอินทรา 65,วัชรพล (EB),09:00-17:00,0,0,1
วัชรพล - รามอินทรา 65,วัชรพล (EB),17:00-19:00,0,0,1
วัชรพล - รามอินทรา 65,วัชรพล (SB),07:00-09:00,0,0,1
วัชรพล - รามอินทรา 65,วัชรพล (SB),09:00-17:00,0,0,1
วัชรพล - รามอินทรา 65,วัชรพล (SB),17:00-19:00,0,0,1
วัชรพล - วัดศิริพงษ์,วัชรพล,07:00-09:00,0,0,1
วัชรพล - วัดศิริพงษ์,วัชรพล,09:00-17:00,0,0,1
วัชรพล - วัดศิริพงษ์,วัชรพล,17:00-19:00,0,0,1
วัชรพล - วัดศิริพงษ์,วัดศิริพงษ์,07:00-09:00,0,0,1
วัชรพล - วัดศิริพงษ์,วัดศิริพงษ์,09:00-17:00,0,0,1
วัชรพล - วัดศิริพงษ์,วัดศิริพงษ์,17:00-19:00,0,0,1
วัดดวงแข,จารุเมือง,07:00-09:00,1,1,1
วัดดวงแข,จารุเมือง,09:00-16:00,1,1,1
วัดดวงแข,จารุเมือง,16:00-19:00,1,1,1
วัดดวงแข,เจริญนคร,07:00-09:00,0,0,1
วัดดวงแข,เจริญนคร,09:00-16:00,0,0,1
วัดดวงแข,เจริญนคร,16:00-19:00,0,0,1
วัดดวงแข,เจริญเมือง,07:00-09:00,1,1,1
วัดดวงแข,เจริญเมือง,09:00-16:00,1,1,1
วัดดวงแข,เจริญเมือง,16:00-19:00,1,1,1
วัดตึก,จักรวรรดิ,07:00-09:00,0,2,0
วัดตึก,จักรวรรดิ,09:00-16:00,0,2,0
วัดตึก,จักรวรรดิ,16:00-19:00,0,2,0
วัดตึก,จักรวรรดิ์,07:00-09:00,1,0,0
วัดตึก,จักรวรรดิ์,09:00-16:00,1,0,0
วัดตึก,จักรวรรดิ์,16:00-19:00,1,0,0
วัดตึก,เยาวราช,07:00-09:00,1,2,0
วัดตึก,เยาวราช,09:00-16:00,1,2,0
วัดตึก,เยาวราช,16:00-19:00,1,2,0
วัดนาคปรก,รัชมงคลประสาธน์,07:00-09:00,0,0,1
วัดนาคปรก,รัชมงคลประสาธน์,09:00-17:00,0,0,1
วัดนาคปรก,รัชมงคลประสาธน์,17:00-19:00,0,0,1
วัดนาคปรก,เทอดไท,07:00-09:00,0,0,1
วัดนาคปรก,เทอดไท,09:00-17:00,0,0,1
วัดนาคปรก,เทอดไท,17:00-19:00,0,0,1
วัดประชา,ชิดลม,07:00-09:00,0,1,0
วัดประชา,ชิดลม,09:00-16:00,0,1,0
วัดประชา,ชิดลม,16:00-19:00,0,1,0
วัดประชา,ซ. ระนอง 1,07:00-09:00,1,0,0
วัดประชา,ซ. ระนอง 1,09:00-16:00,1,0,0
วัดประชา,ซ. ระนอง 1,16:00-19:00,1,0,0
วัดประชา,ซอยระนอง 1,07:00-09:00,1,1,0
วัดประชา,ซอยระนอง 1,09:00-16:00,1,1,0
วัดประชา,ซอยระนอง 1,16:00-19:00,1,1,0
วัดประชา,ซอยวัดประชา,07:00-09:00,0,1,0
วัดประชา,ซอยวัดประชา,09:00-16:00,0,1,0
วัดประชา,ซอยวัดประชา,16:00-19:00,0,1,0
วัดประชา,ซอยวัดประชาระบือธรรม,07:00-09:00,1,0,0
วัดประชา,ซอยวัดประชาระบือธรรม,09:00-16:00,1,0,0
วัดประชา,ซอยวัดประชาระบือธรรม,16:00-19:00,1,0,0
วัดประชา,พระรามที่ 5,07:00-09:00,2,1,1
วัดประชา,พระรามที่ 5,09:00-16:00,2,1,0
วัดประชา,พระรามที่ 5,09:00-17:00,0,0,1
วัดประชา,พระรามที่ 5,16:00-19:00,2,1,0
วัดประชา,พระรามที่ 5,17:00-19:00,0,0,1
วัดประชา,ระนอง 1,07:00-09:00,0,0,1
วัดประชา,ระนอง 1,09:00-17:00,0,0,1
วัดประชา,ระนอง 1,17:00-19:00,0,0,1
วัดประชา,วัดประชาระบือธรรม,07:00-09:00,1,0,1
วัดประชา,วัดประชาระบือธรรม,09:00-16:00,1,0,0
วัดประชา,วัดประชาระบือธรรม,09:00-17:00,0,0,1
วัดประชา,วัดประชาระบือธรรม,16:00-19:00,1,0,0
วัดประชา,วัดประชาระบือธรรม,17:00-19:00,0,0,1
วัดประชา,เพลินจิต,07:00-09:00,0,1,0
วัดประชา,เพลินจิต,09:00-16:00,0,1,0
วัดประชา,เพลินจิต,16:00-19:00,0,1,0
วัดพระยายัง,พระรามที่ 6,07:00-09:00,0,1,0
วัดพระยายัง,พระรามที่ 6,09:00-16:00,0,1,0
วัดพระยายัง,พระรามที่ 6,16:00-19:00,0,1,0
วัดพลมานีย์,ประชาพัฒนา,07:00-09:00,0,0,1
วัดพลมานีย์,ประชาพัฒนา,09:00-17:00,0,0,1
วัดพลมานีย์,ประชาพัฒนา,17:00-19:00,0,0,1
วัดพลมานีย์,หลวงแพ่ง,07:00-09:00,0,0,1
วัดพลมานีย์,หลวงแพ่ง,09:00-17:00,0,0,1
วัดพลมานีย์,หลวงแพ่ง,17:00-19:00,0,0,1
วัดมะกอก,ฉิมพลี,07:00-09:00,0,0,1
วัดมะกอก,ฉิมพลี,09:00-17:00,0,0,1
วัดมะกอก,ฉิมพลี,17:00-19:00,0,0,1
วัดมะกอก,บรมราชชนนี,07:00-09:00,0,0,1
วัดมะกอก,บรมราชชนนี,09:00-17:00,0,0,1
วัดมะกอก,บรมราชชนนี,17:00-19:00,0,0,1
วัดราชโกษา,ขุมทองลำต้อยติ่ง,07:00-09:00,0,0,1
วัดราชโกษา,ขุมทองลำต้อยติ่ง,09:00-17:00,0,0,1
วัดราชโกษา,ขุมทองลำต้อยติ่ง,17:00-19:00,0,0,1
วัดราชโกษา,ทางเข้าตลาดเทิดไท,07:00-09:00,0,0,1
วัดราชโกษา,ทางเข้าตลาดเทิดไท,09:00-17:00,0,0,1
วัดราชโกษา,ทางเข้าตลาดเทิดไท,17:00-19:00,0,0,1
วัดราชโกษา,หลวงแพ่ง,07:00-09:00,0,0,1
วัดราชโกษา,หลวงแพ่ง,09:00-17:00,0,0,1
วัดราชโกษา,หลวงแพ่ง,17:00-19:00,0,0,1
วัดสน,ซ.สุขสวัสดิ์ 35,07:00-09:00,1,0,0
วัดสน,ซ.สุขสวัสดิ์ 35,09:00-16:00,1,0,0
วัดสน,ซ.สุขสวัสดิ์ 35,16:00-19:00,1,0,0
วัดสน,ซอยสุขสวัสดิ 35,07:00-09:00,1,0,0
วัดสน,ซอยสุขสวัสดิ 35,09:00-16:00,1,0,0
วัดสน,ซอยสุขสวัสดิ 35,16:00-19:00,1,0,0
วัดสน,ซอยสุขสวัสดิ์ 35,07:00-09:00,1,1,0
วัดสน,ซอยสุขสวัสดิ์ 35,09:00-16:00,1,1,0
วัดสน,ซอยสุขสวัสดิ์ 35,16:00-19:00,1,1,0
วัดสน,สุขสวัสดิ์,07:00-09:00,3,1,3
วัดสน,สุขสวัสดิ์,09:00-16:00,3,1,1
วัดสน,สุขสวัสดิ์,09:00-17:00,0,0,2
วัดสน,สุขสวัสดิ์,16:00-19:00,3,1,1
วัดสน,สุขสวัสดิ์,17:00-19:00,0,0,2
วัดสน,สุขสวัสดิ์ 35,07:00-09:00,0,0,3
วัดสน,สุขสวัสดิ์ 35,09:00-16:00,0,0,1
วัดสน,สุขสวัสดิ์ 35,09:00-17:00,0,0,2
วัดสน,สุขสวัสดิ์ 35,16:00-19:00,0,0,1
วัดสน,สุขสวัสดิ์ 35,17:00-19:00,0,0,2
วัดสมียนนารี,กำแพงเพชร 6,07:00-09:00,1,0,0
วัดสมียนนารี,กำแพงเพชร 6,09:00-16:00,1,0,0
วัดสมียนนารี,กำแพงเพชร 6,16:00-19:00,1,0,0
วัดสมียนนารี,ประชานิเวศน์,07:00-09:00,1,0,0
วัดสมียนนารี,ประชานิเวศน์,09:00-16:00,1,0,0
วัดสมียนนารี,ประชานิเวศน์,16:00-19:00,1,0,0
วัดสะพานสูง,พระรามที่ 6,07:00-09:00,2,1,1
วัดสะพานสูง,พระรามที่ 6,09:00-16:00,2,1,0
วัดสะพานสูง,พระรามที่ 6,09:00-17:00,0,0,1
วัดสะพานสูง,พระรามที่ 6,16:00-19:00,2,1,0
วัดสะพานสูง,พระรามที่ 6,17:00-19:00,0,0,1
วัดสะพานสูง,เตชะวณิช,07:00-09:00,2,1,1
วัดสะพานสูง,เตชะวณิช,09:00-16:00,2,1,0
วัดสะพานสูง,เตชะวณิช,09:00-17:00,0,0,1
วัดสะพานสูง,เตชะวณิช,16:00-19:00,2,1,0
วัดสะพานสูง,เตชะวณิช,17:00-19:00,0,0,1
วัดสิงห์,ซอยเอกชัย 36,07:00-09:00,2,0,0
วัดสิงห์,ซอยเอกชัย 36,09:00-16:00,2,0,0
วัดสิงห์,ซอยเอกชัย 36,16:00-19:00,2,0,0
วัดสิงห์,เอกชัย,07:00-09:00,2,0,3
วัดสิงห์,เอกชัย,09:00-16:00,2,0,1
วัดสิงห์,เอกชัย,09:00-17:00,0,0,2
วัดสิงห์,เอกชัย,16:00-19:00,2,0,1
วัดสิงห์,เอกชัย,17:00-19:00,0,0,2
วัดสิงห์,เอกชัย 36,07:00-09:00,0,0,2
วัดสิงห์,เอกชัย 36,09:00-16:00,0,0,1
วัดสิงห์,เอกชัย 36,09:00-17:00,0,0,1
วัดสิงห์,เอกชัย 36,16:00-19:00,0,0,1
วัดสิงห์,เอกชัย 36,17:00-19:00,0,0,1
วัดหนองใหญ่,ซ.สายไหม 85,07:00-09:00,1,0,0
วัดหนองใหญ่,ซ.สายไหม 85,09:00-16:00,1,0,0
วัดหนองใหญ่,ซ.สายไหม 85,16:00-19:00,1,0,0
วัดหนองใหญ่,สายไหม,07:00-09:00,1,0,0
วัดหนองใหญ่,สายไหม,09:00-16:00,1,0,0
วัดหนองใหญ่,สายไหม,16:00-19:00,1,0,0
วัดหนองใหญ่,สุชาภิบาล 5,07:00-09:00,1,0,0
วัดหนองใหญ่,สุชาภิบาล 5,09:00-16:00,1,0,0
วัดหนองใหญ่,สุชาภิบาล 5,16:00-19:00,1,0,0
วัดหนองใหญ่,หทัยราษฎร์,07:00-09:00,1,0,0
วัดหนองใหญ่,หทัยราษฎร์,09:00-16:00,1,0,0
วัดหนองใหญ่,หทัยราษฎร์,16:00-19:00,1,0,0
วัดหลักสี่,กำแพงเพชร 6,07:00-09:00,0,1,1
วัดหลักสี่,กำแพงเพชร 6,09:00-16:00,0,1,0
วัดหลักสี่,กำแพงเพชร 6,09:00-17:00,0,0,1
วัดหลักสี่,กำแพงเพชร 6,16:00-19:00,0,1,0
วัดหลักสี่,กำแพงเพชร 6,17:00-19:00,0,0,1
วัดหลักสี่,ทางข้ามทางรถไฟสายเหนือ,07:00-09:00,0,0,1
วัดหลักสี่,ทางข้ามทางรถไฟสายเหนือ,09:00-17:00,0,0,1
วัดหลักสี่,ทางข้ามทางรถไฟสายเหนือ,17:00-19:00,0,0,1
วัดหลักสี่,วิภาวดีรังสิต,07:00-09:00,0,1,0
วัดหลักสี่,วิภาวดีรังสิต,09:00-16:00,0,1,0
วัดหลักสี่,วิภาวดีรังสิต,16:00-19:00,0,1,0
วัดเทพลีลา,ซอยรามคำแหง 39,07:00-09:00,1,1,0
วัดเทพลีลา,ซอยรามคำแหง 39,09:00-16:00,1,1,0
วัดเทพลีลา,ซอยรามคำแหง 39,16:00-19:00,1,1,0
วัดเทพลีลา,รามคำแหง,07:00-09:00,1,1,2
วัดเทพลีลา,รามคำแหง,09:00-16:00,1,1,1
วัดเทพลีลา,รามคำแหง,09:00-17:00,0,0,1
วัดเทพลีลา,รามคำแหง,16:00-19:00,1,1,1
วัดเทพลีลา,รามคำแหง,17:00-19:00,0,0,1
วัดเทพลีลา,รามคำแหง 39,07:00-09:00,0,0,2
วัดเทพลีลา,รามคำแหง 39,09:00-16:00,0,0,1
วัดเทพลีลา,รามคำแหง 39,09:00-17:00,0,0,1
วัดเทพลีลา,รามคำแหง 39,16:00-19:00,0,0,1
วัดเทพลีลา,รามคำแหง 39,17:00-19:00,0,0,1
วัดเบญจฯ,พระรามที่ 5,07:00-09:00,0,0,1
วัดเบญจฯ,พระรามที่ 5,09:00-17:00,0,0,1
วัดเบญจฯ,พระรามที่ 5,17:00-19:00,0,0,1
วัดเบญจฯ,ศรีอยุธยา,07:00-09:00,0,0,1
วัดเบญจฯ,ศรีอยุธยา,09:00-17:00,0,0,1
วัดเบญจฯ,ศรีอยุธยา,17:00-19:00,0,0,1
วัดเบญฯ,พระรามที่ 5,07:00-09:00,1,0,1
วัดเบญฯ,พระรามที่ 5,09:00-16:00,1,0,1
วัดเบญฯ,พระรามที่ 5,16:00-19:00,1,0,1
วัดเบญฯ,ศรีอยุธยา,07:00-09:00,1,0,1
วัดเบญฯ,ศรีอยุธยา,09:00-16:00,1,0,1
วัดเบญฯ,ศรีอยุธยา,16:00-19:00,1,0,1
วัดเสมียนนารี,กำแพงเพชร 6,07:00-09:00,0,1,1
วัดเสมียนนารี,กำแพงเพชร 6,09:00-16:00,0,1,1
วัดเสมียนนารี,กำแพงเพชร 6,16:00-19:00,0,1,1
วัดเสมียนนารี,เทศบาลสงเคราะห์,07:00-09:00,0,1,1
วัดเสมียนนารี,เทศบาลสงเคราะห์,09:00-16:00,0,1,1
วัดเสมียนนารี,เทศบาลสงเคราะห์,16:00-19:00,0,1,1
วัดไชยฉิมพลี,บางแวก,07:00-09:00,0,0,1
วัดไชยฉิมพลี,บางแวก,09:00-17:00,0,0,1
วัดไชยฉิมพลี,บางแวก,17:00-19:00,0,0,1
วัดไชยฉิมพลี,เพชรเกษม 48,07:00-09:00,0,0,1
วัดไชยฉิมพลี,เพชรเกษม 48,09:00-17:00,0,0,1
วัดไชยฉิมพลี,เพชรเกษม 48,17:00-19:00,0,0,1
วิชระ,สามเสน,07:00-09:00,0,1,0
วิชระ,สามเสน,09:00-16:00,0,1,0
วิชระ,สามเสน,16:00-19:00,0,1,0
วิชระ,สุโขทัย,07:00-09:00,0,1,0
วิชระ,สุโขทัย,09:00-16:00,0,1,0
วิชระ,สุโขทัย,16:00-19:00,0,1,0
วิชัยยุทธ,พระรามที่ 6,07:00-09:00,1,0,0
วิชัยยุทธ,พระรามที่ 6,09:00-16:00,1,0,0
วิชัยยุทธ,พระรามที่ 6,16:00-19:00,1,0,0
วิชัยยุทธ,เศรษฐศิริ,07:00-09:00,1,0,0
วิชัยยุทธ,เศรษฐศิริ,09:00-16:00,1,0,0
วิชัยยุทธ,เศรษฐศิริ,16:00-19:00,1,0,0
วิทยุ,พระรามที่ 4,06:30-09:00,1,0,0
วิทยุ,พระรามที่ 4,07:00-09:00,1,1,2
วิทยุ,พระรามที่ 4,09:00-16:00,2,1,1
วิทยุ,พระรามที่ 4,09:00-17:00,0,0,1
วิทยุ,พระรามที่ 4,16:00-19:00,1,1,1
วิทยุ,พระรามที่ 4,16:00-19:30,1,0,0
วิทยุ,พระรามที่ 4,17:00-19:00,0,0,1
วิทยุ,วิทยุ,06:30-09:00,1,0,0
วิทยุ,วิทยุ,07:00-09:00,1,1,2
วิทยุ,วิทยุ,09:00-16:00,2,1,1
วิทยุ,วิทยุ,09:00-17:00,0,0,1
วิทยุ,วิทยุ,16:00-19:00,1,1,1
วิทยุ,วิทยุ,16:00-19:30,1,0,0
วิทยุ,วิทยุ,17:00-19:00,0,0,1
วิทยุ,สาทร,06:30-09:00,1,0,0
วิทยุ,สาทร,07:00-09:00,1,1,2
วิทยุ,สาทร,09:00-16:00,2,1,1
วิทยุ,สาทร,09:00-17:00,0,0,1
วิทยุ,สาทร,16:00-19:00,1,1,1
วิทยุ,สาทร,16:00-19:30,1,0,0
วิทยุ,สาทร,17:00-19:00,0,0,1
วิทยุ - เพชร,ซอยเพชรบุรี 37 -ทางลงทางด่วน,07:00-09:00,0,1,0
วิทยุ - เพชร,ซอยเพชรบุรี 37 -ทางลงทางด่วน,09:00-16:00,0,1,0
วิทยุ - เพชร,ซอยเพชรบุรี 37 -ทางลงทางด่วน,16:00-19:00,0,1,0
วิทยุ - เพชร,วิทยุ - ทางขึ้นลงทางด่วน,07:00-09:00,0,1,3
วิทยุ - เพชร,วิทยุ - ทางขึ้นลงทางด่วน,09:00-16:00,0,1,0
วิทยุ - เพชร,วิทยุ - ทางขึ้นลงทางด่วน,09:00-17:00,0,0,3
วิทยุ - เพชร,วิทยุ - ทางขึ้นลงทางด่วน,16:00-19:00,0,1,0
วิทยุ - เพชร,วิทยุ - ทางขึ้นลงทางด่วน,17:00-19:00,0,0,3
วิทยุ - เพชร,เพชรบุรี,07:00-09:00,0,1,3
วิทยุ - เพชร,เพชรบุรี,09:00-16:00,0,1,0
วิทยุ - เพชร,เพชรบุรี,09:00-17:00,0,0,3
วิทยุ - เพชร,เพชรบุรี,16:00-19:00,0,1,0
วิทยุ - เพชร,เพชรบุรี,17:00-19:00,0,0,3
วิทยุ - เพชร,เพชรบุรี 37 - ทางลงทางด่วน,07:00-09:00,0,0,2
วิทยุ - เพชร,เพชรบุรี 37 - ทางลงทางด่วน,09:00-17:00,0,0,2
วิทยุ - เพชร,เพชรบุรี 37 - ทางลงทางด่วน,17:00-19:00,0,0,2
วิทยุ - เพชร,เพชรบุรี 37-ทางลงทางด่วน,07:00-09:00,0,0,1
วิทยุ - เพชร,เพชรบุรี 37-ทางลงทางด่วน,09:00-17:00,0,0,1
วิทยุ - เพชร,เพชรบุรี 37-ทางลงทางด่วน,17:00-19:00,0,0,1
วิทยุ- เพชร,ซอย์เพชรบุรี 37,07:00-09:00,1,0,0
วิทยุ- เพชร,ซอย์เพชรบุรี 37,09:00-16:00,1,0,0
วิทยุ- เพชร,ซอย์เพชรบุรี 37,16:00-19:00,1,0,0
วิทยุ- เพชร,วิทยุ -ทางขึ้นลงทางด่วน,07:00-09:00,1,0,0
วิทยุ- เพชร,วิทยุ -ทางขึ้นลงทางด่วน,09:00-16:00,1,0,0
วิทยุ- เพชร,วิทยุ -ทางขึ้นลงทางด่วน,16:00-19:00,1,0,0
วิทยุ- เพชร,เพชรบุรี,07:00-09:00,1,0,0
วิทยุ- เพชร,เพชรบุรี,09:00-16:00,1,0,0
วิทยุ- เพชร,เพชรบุรี,16:00-19:00,1,0,0
วิภาวดี - มิตรไมตรี 1,มิตรไมตรี 1,06:30-09:00,4,0,0
วิภาวดี - มิตรไมตรี 1,มิตรไมตรี 1,09:00-16:00,4,0,0
วิภาวดี - มิตรไมตรี 1,มิตรไมตรี 1,16:00-19:30,4,0,0
วิภาวดี - มิตรไมตรี 1,วิภาวดีรังสิต,06:30-09:00,4,0,0
วิภาวดี - มิตรไมตรี 1,วิภาวดีรังสิต,09:00-16:00,4,0,0
วิภาวดี - มิตรไมตรี 1,วิภาวดีรังสิต,16:00-19:30,4,0,0
วิภาวดี - มิตรไมตรี 2,มิตรไมตรี 2,06:30-09:00,4,0,0
วิภาวดี - มิตรไมตรี 2,มิตรไมตรี 2,09:00-16:00,4,0,0
วิภาวดี - มิตรไมตรี 2,มิตรไมตรี 2,16:00-19:30,4,0,0
วิภาวดี - มิตรไมตรี 2,วิภาวดีรังสิต,06:30-09:00,4,0,0
วิภาวดี - มิตรไมตรี 2,วิภาวดีรังสิต,09:00-16:00,4,0,0
วิภาวดี - มิตรไมตรี 2,วิภาวดีรังสิต,16:00-19:30,4,0,0
วิภาวดี- มิตรไมตรี 1,มิตรไมตรี 1,06:30-09:00,1,0,0
วิภาวดี- มิตรไมตรี 1,มิตรไมตรี 1,09:00-16:00,1,0,0
วิภาวดี- มิตรไมตรี 1,มิตรไมตรี 1,16:00-19:30,1,0,0
วิภาวดี- มิตรไมตรี 1,วิภาวดีรังสิต,06:30-09:00,1,0,0
วิภาวดี- มิตรไมตรี 1,วิภาวดีรังสิต,09:00-16:00,1,0,0
วิภาวดี- มิตรไมตรี 1,วิภาวดีรังสิต,16:00-19:30,1,0,0
วิภาวดีรังสิต32,ซอยวิภาวดี 32,07:00-09:00,1,0,0
วิภาวดีรังสิต32,ซอยวิภาวดี 32,09:00-16:00,1,0,0
วิภาวดีรังสิต32,ซอยวิภาวดี 32,16:00-19:00,1,0,0
วิภาวดีรังสิต32,วิภาวดีรังสิต,07:00-09:00,1,0,0
วิภาวดีรังสิต32,วิภาวดีรังสิต,09:00-16:00,1,0,0
วิภาวดีรังสิต32,วิภาวดีรังสิต,16:00-19:00,1,0,0
วิสุทธิกษัตริย์,ประชาธิปไตย,07:00-09:00,2,2,2
วิสุทธิกษัตริย์,ประชาธิปไตย,09:00-16:00,2,2,0
วิสุทธิกษัตริย์,ประชาธิปไตย,09:00-17:00,0,0,2
วิสุทธิกษัตริย์,ประชาธิปไตย,16:00-19:00,2,2,0
วิสุทธิกษัตริย์,ประชาธิปไตย,17:00-19:00,0,0,2
วิสุทธิกษัตริย์,วิสุทธิกษัตริย์,07:00-09:00,2,2,2
วิสุทธิกษัตริย์,วิสุทธิกษัตริย์,09:00-16:00,2,2,0
วิสุทธิกษัตริย์,วิสุทธิกษัตริย์,09:00-17:00,0,0,2
วิสุทธิกษัตริย์,วิสุทธิกษัตริย์,16:00-19:00,2,2,0
วิสุทธิกษัตริย์,วิสุทธิกษัตริย์,17:00-19:00,0,0,2
วุฒากาศ,ซอยมะลิ,07:00-09:00,1,0,1
วุฒากาศ,ซอยมะลิ,09:00-16:00,1,0,0
วุฒากาศ,ซอยมะลิ,09:00-17:00,0,0,1
วุฒากาศ,ซอยมะลิ,16:00-19:00,1,0,0
วุฒากาศ,ซอยมะลิ,17:00-19:00,0,0,1
วุฒากาศ,วุฒากาศ,07:00-09:00,1,0,2
วุฒากาศ,วุฒากาศ,09:00-16:00,1,0,0
วุฒากาศ,วุฒากาศ,09:00-17:00,0,0,2
วุฒากาศ,วุฒากาศ,16:00-19:00,1,0,0
วุฒากาศ,วุฒากาศ,17:00-19:00,0,0,2
วุฒากาศ,เทอดไท,07:00-09:00,1,0,2
วุฒากาศ,เทอดไท,09:00-16:00,1,0,0
วุฒากาศ,เทอดไท,09:00-17:00,0,0,2
วุฒากาศ,เทอดไท,16:00-19:00,1,0,0
วุฒากาศ,เทอดไท,17:00-19:00,0,0,2
วุฒากาศ,เทอดไท 26,07:00-09:00,0,0,1
วุฒากาศ,เทอดไท 26,09:00-17:00,0,0,1
วุฒากาศ,เทอดไท 26,17:00-19:00,0,0,1
ศรีนครินทร์ - ลาซาล,ลาซาล,07:00-09:00,0,0,1
ศรีนครินทร์ - ลาซาล,ลาซาล,09:00-17:00,0,0,1
ศรีนครินทร์ - ลาซาล,ลาซาล,17:00-19:00,0,0,1
ศรีนครินทร์ - ลาซาล,ศรีนครินทร์,07:00-09:00,0,0,1
ศรีนครินทร์ - ลาซาล,ศรีนครินทร์,09:00-17:00,0,0,1
ศรีนครินทร์ - ลาซาล,ศรีนครินทร์,17:00-19:00,0,0,1
ศรีนครินทร์ - ศรีนครินทร์ 38,ศรีนครินทร์,07:00-09:00,0,0,1
ศรีนครินทร์ - ศรีนครินทร์ 38,ศรีนครินทร์,09:00-17:00,0,0,1
ศรีนครินทร์ - ศรีนครินทร์ 38,ศรีนครินทร์,17:00-19:00,0,0,1
ศรีนครินทร์ - ศรีนครินทร์ 38,ศรีนครินทร์ 38,07:00-09:00,0,0,1
ศรีนครินทร์ - ศรีนครินทร์ 38,ศรีนครินทร์ 38,09:00-17:00,0,0,1
ศรีนครินทร์ - ศรีนครินทร์ 38,ศรีนครินทร์ 38,17:00-19:00,0,0,1
ศรีนครินทร์ 38 - อ่อนนุช 46,ศรีนครินทร์ 38,07:00-09:00,0,0,1
ศรีนครินทร์ 38 - อ่อนนุช 46,ศรีนครินทร์ 38,09:00-17:00,0,0,1
ศรีนครินทร์ 38 - อ่อนนุช 46,ศรีนครินทร์ 38,17:00-19:00,0,0,1
ศรีนครินทร์ 38 - อ่อนนุช 46,อ่อนนุช 46,07:00-09:00,0,0,1
ศรีนครินทร์ 38 - อ่อนนุช 46,อ่อนนุช 46,09:00-17:00,0,0,1
ศรีนครินทร์ 38 - อ่อนนุช 46,อ่อนนุช 46,17:00-19:00,0,0,1
ศรีนครินทร์ 45,ศรีนครินทร์,07:00-09:00,1,0,0
ศรีนครินทร์ 45,ศรีนครินทร์,09:00-16:00,1,0,0
ศรีนครินทร์ 45,ศรีนครินทร์,16:00-19:00,1,0,0
ศรีนครินทร์ 55,ซอยศรีนครินทร์ 55,07:00-09:00,1,0,0
ศรีนครินทร์ 55,ซอยศรีนครินทร์ 55,09:00-16:00,1,0,0
ศรีนครินทร์ 55,ซอยศรีนครินทร์ 55,16:00-19:00,1,0,0
ศรีนครินทร์ 55,ศรีนครินทร์,07:00-09:00,1,0,1
ศรีนครินทร์ 55,ศรีนครินทร์,09:00-16:00,1,0,1
ศรีนครินทร์ 55,ศรีนครินทร์,16:00-19:00,1,0,1
ศรีนครินทร์ 55,ศรีนครินทร์ 55,07:00-09:00,0,0,1
ศรีนครินทร์ 55,ศรีนครินทร์ 55,09:00-16:00,0,0,1
ศรีนครินทร์ 55,ศรีนครินทร์ 55,16:00-19:00,0,0,1
ศรีบูรพา - อาคารสงเคราะห์,ศรีบูรพา,07:00-09:00,0,0,1
ศรีบูรพา - อาคารสงเคราะห์,ศรีบูรพา,09:00-17:00,0,0,1
ศรีบูรพา - อาคารสงเคราะห์,ศรีบูรพา,17:00-19:00,0,0,1
ศรีบูรพา - อาคารสงเคราะห์,อาคารสงเคราะห์,07:00-09:00,0,0,1
ศรีบูรพา - อาคารสงเคราะห์,อาคารสงเคราะห์,09:00-17:00,0,0,1
ศรีบูรพา - อาคารสงเคราะห์,อาคารสงเคราะห์,17:00-19:00,0,0,1
ศรีย่าน,นครไชยศรี,07:00-09:00,2,1,2
ศรีย่าน,นครไชยศรี,09:00-16:00,2,1,1
ศรีย่าน,นครไชยศรี,09:00-17:00,0,0,1
ศรีย่าน,นครไชยศรี,16:00-19:00,2,1,1
ศรีย่าน,นครไชยศรี,17:00-19:00,0,0,1
ศรีย่าน,สามเสน,07:00-09:00,2,1,2
ศรีย่าน,สามเสน,09:00-16:00,2,1,1
ศรีย่าน,สามเสน,09:00-17:00,0,0,1
ศรีย่าน,สามเสน,16:00-19:00,2,1,1
ศรีย่าน,สามเสน,17:00-19:00,0,0,1
ศรีวรา,ประชาอุทิศ,07:00-09:00,0,1,1
ศรีวรา,ประชาอุทิศ,09:00-16:00,0,1,0
ศรีวรา,ประชาอุทิศ,09:00-17:00,0,0,1
ศรีวรา,ประชาอุทิศ,16:00-19:00,0,1,0
ศรีวรา,ประชาอุทิศ,17:00-19:00,0,0,1
ศรีวรา,ศรีวรา,07:00-09:00,0,1,1
ศรีวรา,ศรีวรา,09:00-16:00,0,1,0
ศรีวรา,ศรีวรา,09:00-17:00,0,0,1
ศรีวรา,ศรีวรา,16:00-19:00,0,1,0
ศรีวรา,ศรีวรา,17:00-19:00,0,0,1
ศรีวรา - อินทราภรณ์,ศรีวรา,07:00-09:00,0,0,1
ศรีวรา - อินทราภรณ์,ศรีวรา,09:00-17:00,0,0,1
ศรีวรา - อินทราภรณ์,ศรีวรา,17:00-19:00,0,0,1
ศรีวรา - อินทราภรณ์,อินทราภรณ์,07:00-09:00,0,0,1
ศรีวรา - อินทราภรณ์,อินทราภรณ์,09:00-17:00,0,0,1
ศรีวรา - อินทราภรณ์,อินทราภรณ์,17:00-19:00,0,0,1
ศรีสมาน,ศรีสมาน,07:00-09:00,1,0,1
ศรีสมาน,ศรีสมาน,09:00-16:00,1,0,0
ศรีสมาน,ศรีสมาน,09:00-17:00,0,0,1
ศรีสมาน,ศรีสมาน,16:00-19:00,1,0,0
ศรีสมาน,ศรีสมาน,17:00-19:00,0,0,1
ศรีสมาน,สรงประภา,07:00-09:00,1,0,1
ศรีสมาน,สรงประภา,09:00-16:00,1,0,0
ศรีสมาน,สรงประภา,09:00-17:00,0,0,1
ศรีสมาน,สรงประภา,16:00-19:00,1,0,0
ศรีสมาน,สรงประภา,17:00-19:00,0,0,1
ศรีสมาน,เลียบคลองประปา,07:00-09:00,1,0,1
ศรีสมาน,เลียบคลองประปา,09:00-16:00,1,0,0
ศรีสมาน,เลียบคลองประปา,09:00-17:00,0,0,1
ศรีสมาน,เลียบคลองประปา,16:00-19:00,1,0,0
ศรีสมาน,เลียบคลองประปา,17:00-19:00,0,0,1
ศรีอยุธยา,พระรามที่ 6,07:00-09:00,1,1,2
ศรีอยุธยา,พระรามที่ 6,09:00-16:00,1,1,0
ศรีอยุธยา,พระรามที่ 6,09:00-17:00,0,0,2
ศรีอยุธยา,พระรามที่ 6,16:00-19:00,1,1,0
ศรีอยุธยา,พระรามที่ 6,17:00-19:00,0,0,2
ศรีอยุธยา,พระรามที่6,07:00-09:00,0,1,0
ศรีอยุธยา,พระรามที่6,09:00-16:00,0,1,0
ศรีอยุธยา,พระรามที่6,16:00-19:00,0,1,0
ศรีอยุธยา,ศรีอยุธยา,07:00-09:00,1,2,2
ศรีอยุธยา,ศรีอยุธยา,09:00-16:00,1,2,0
ศรีอยุธยา,ศรีอยุธยา,09:00-17:00,0,0,2
ศรีอยุธยา,ศรีอยุธยา,16:00-19:00,1,2,0
ศรีอยุธยา,ศรีอยุธยา,17:00-19:00,0,0,2
ศรีอุดม,ศรีนครินทร์,06:30-09:00,1,0,0
ศรีอุดม,ศรีนครินทร์,07:00-09:00,0,0,2
ศรีอุดม,ศรีนครินทร์,09:00-16:00,1,0,0
ศรีอุดม,ศรีนครินทร์,09:00-17:00,0,0,2
ศรีอุดม,ศรีนครินทร์,16:00-19:30,1,0,0
ศรีอุดม,ศรีนครินทร์,17:00-19:00,0,0,2
ศรีอุดม,อุดมสุข,06:30-09:00,1,0,0
ศรีอุดม,อุดมสุข,07:00-09:00,0,0,2
ศรีอุดม,อุดมสุข,09:00-16:00,1,0,0
ศรีอุดม,อุดมสุข,09:00-17:00,0,0,2
ศรีอุดม,อุดมสุข,16:00-19:30,1,0,0
ศรีอุดม,อุดมสุข,17:00-19:00,0,0,2
ศาลอาญา,รัชดาภิเษก,07:00-09:00,0,1,0
ศาลอาญา,รัชดาภิเษก,09:00-16:00,0,1,0
ศาลอาญา,รัชดาภิเษก,16:00-19:00,0,1,0
ศาลาธรรมสพน์ 48,ศาลาธรรมสพน์,07:00-09:00,0,0,1
ศาลาธรรมสพน์ 48,ศาลาธรรมสพน์,09:00-17:00,0,0,1
ศาลาธรรมสพน์ 48,ศาลาธรรมสพน์,17:00-19:00,0,0,1
ศาลาธรรมสพน์ 48,ศาลาธรรมสพน์ 33,07:00-09:00,0,0,1
ศาลาธรรมสพน์ 48,ศาลาธรรมสพน์ 33,09:00-17:00,0,0,1
ศาลาธรรมสพน์ 48,ศาลาธรรมสพน์ 33,17:00-19:00,0,0,1
ศาลาธรรมสพน์ 48,ศาลาธรรมสพน์ 48,07:00-09:00,0,0,1
ศาลาธรรมสพน์ 48,ศาลาธรรมสพน์ 48,09:00-17:00,0,0,1
ศาลาธรรมสพน์ 48,ศาลาธรรมสพน์ 48,17:00-19:00,0,0,1
ศาลาธรรมสพย์ 48,ศาลาธรรมสพน์,07:00-09:00,1,0,0
ศาลาธรรมสพย์ 48,ศาลาธรรมสพน์,09:00-16:00,1,0,0
ศาลาธรรมสพย์ 48,ศาลาธรรมสพน์,16:00-19:00,1,0,0
ศาลาธรรมสพย์ 48,ศาลาธรรมสพน์ 33,07:00-09:00,1,0,0
ศาลาธรรมสพย์ 48,ศาลาธรรมสพน์ 33,09:00-16:00,1,0,0
ศาลาธรรมสพย์ 48,ศาลาธรรมสพน์ 33,16:00-19:00,1,0,0
ศาลาธรรมสพย์ 48,ศาลาธรรมสพน์ 48,07:00-09:00,1,0,0
ศาลาธรรมสพย์ 48,ศาลาธรรมสพน์ 48,09:00-16:00,1,0,0
ศาลาธรรมสพย์ 48,ศาลาธรรมสพน์ 48,16:00-19:00,1,0,0
ศาลาแดง,พระรามที่ 4,07:00-09:00,1,1,2
ศาลาแดง,พระรามที่ 4,09:00-16:00,1,1,1
ศาลาแดง,พระรามที่ 4,09:00-17:00,0,0,1
ศาลาแดง,พระรามที่ 4,16:00-19:00,1,1,1
ศาลาแดง,พระรามที่ 4,17:00-19:00,0,0,1
ศาลาแดง,ราชดำริ,07:00-09:00,1,1,2
ศาลาแดง,ราชดำริ,09:00-16:00,1,1,1
ศาลาแดง,ราชดำริ,09:00-17:00,0,0,1
ศาลาแดง,ราชดำริ,16:00-19:00,1,1,1
ศาลาแดง,ราชดำริ,17:00-19:00,0,0,1
ศาลาแดง,สีลม,07:00-09:00,1,1,2
ศาลาแดง,สีลม,09:00-16:00,1,1,1
ศาลาแดง,สีลม,09:00-17:00,0,0,1
ศาลาแดง,สีลม,16:00-19:00,1,1,1
ศาลาแดง,สีลม,17:00-19:00,0,0,1
ศาลเจ้าพ่อเสือ,ซอยพหลโยธิน 48,07:00-09:00,1,0,0
ศาลเจ้าพ่อเสือ,ซอยพหลโยธิน 48,09:00-16:00,1,0,0
ศาลเจ้าพ่อเสือ,ซอยพหลโยธิน 48,16:00-19:00,1,0,0
ศาลเจ้าพ่อเสือ,ซอยรามอินทรา 5,07:00-09:00,1,0,0
ศาลเจ้าพ่อเสือ,ซอยรามอินทรา 5,09:00-16:00,1,0,0
ศาลเจ้าพ่อเสือ,ซอยรามอินทรา 5,16:00-19:00,1,0,0
ศาลเจ้าพ่อเสือ,ตะนาว,07:00-09:00,0,0,1
ศาลเจ้าพ่อเสือ,ตะนาว,09:00-16:00,0,0,1
ศาลเจ้าพ่อเสือ,ตะนาว,16:00-19:00,0,0,1
ศาลเจ้าพ่อเสือ,มหรรณพ,07:00-09:00,0,0,1
ศาลเจ้าพ่อเสือ,มหรรณพ,09:00-16:00,0,0,1
ศาลเจ้าพ่อเสือ,มหรรณพ,16:00-19:00,0,0,1
ศิครินทร์,ศิครินทร์,07:00-09:00,1,0,0
ศิครินทร์,ศิครินทร์,09:00-16:00,1,0,0
ศิครินทร์,ศิครินทร์,16:00-19:00,1,0,0
ศิครินทร์,สุขุมวิท 105,07:00-09:00,1,0,0
ศิครินทร์,สุขุมวิท 105,09:00-16:00,1,0,0
ศิครินทร์,สุขุมวิท 105,16:00-19:00,1,0,0
ศิริพงษ์ - ลงท่า - หน้าวัง - อุณากรรณ,ลงท่า,07:00-09:00,0,0,1
ศิริพงษ์ - ลงท่า - หน้าวัง - อุณากรรณ,ลงท่า,09:00-16:00,0,0,1
ศิริพงษ์ - ลงท่า - หน้าวัง - อุณากรรณ,ลงท่า,16:00-19:00,0,0,1
ศิริพงษ์ - ลงท่า - หน้าวัง - อุณากรรณ,ศิริพงษ์ - อุณากรรณ,07:00-09:00,0,0,1
ศิริพงษ์ - ลงท่า - หน้าวัง - อุณากรรณ,ศิริพงษ์ - อุณากรรณ,09:00-16:00,0,0,1
ศิริพงษ์ - ลงท่า - หน้าวัง - อุณากรรณ,ศิริพงษ์ - อุณากรรณ,16:00-19:00,0,0,1
ศิริพงษ์ - ศิริชัย,ศิริชัย,07:00-09:00,0,1,0
ศิริพงษ์ - ศิริชัย,ศิริชัย,09:00-16:00,0,1,0
ศิริพงษ์ - ศิริชัย,ศิริชัย,16:00-19:00,0,1,0
ศิริพงษ์ - ศิริพัฒน์,ศิริพงษ์,07:00-09:00,0,1,0
ศิริพงษ์ - ศิริพัฒน์,ศิริพงษ์,09:00-16:00,0,1,0
ศิริพงษ์ - ศิริพัฒน์,ศิริพงษ์,16:00-19:00,0,1,0
ศิริพงษ์ - ศิริพัฒน์,ศิริพัฒน์,07:00-09:00,0,1,0
ศิริพงษ์ - ศิริพัฒน์,ศิริพัฒน์,09:00-16:00,0,1,0
ศิริพงษ์ - ศิริพัฒน์,ศิริพัฒน์,16:00-19:00,0,1,0
ศิริราช,พรานนก,07:00-09:00,1,1,1
ศิริราช,พรานนก,09:00-16:00,1,1,0
ศิริราช,พรานนก,09:00-17:00,0,0,1
ศิริราช,พรานนก,16:00-19:00,1,1,0
ศิริราช,พรานนก,17:00-19:00,0,0,1
ศิริราช,วังหลัง,07:00-09:00,0,0,1
ศิริราช,วังหลัง,09:00-17:00,0,0,1
ศิริราช,วังหลัง,17:00-19:00,0,0,1
ศิริราช,อรุณอมรินทร์,07:00-09:00,0,0,2
ศิริราช,อรุณอมรินทร์,09:00-17:00,0,0,2
ศิริราช,อรุณอมรินทร์,17:00-19:00,0,0,2
ศิริราช,อรุณอัมรินทร์,07:00-09:00,1,1,0
ศิริราช,อรุณอัมรินทร์,09:00-16:00,1,1,0
ศิริราช,อรุณอัมรินทร์,16:00-19:00,1,1,0
ศิริสุช,ช่างอากาศอุทิศ,07:00-09:00,0,0,1
ศิริสุช,ช่างอากาศอุทิศ,09:00-17:00,0,0,1
ศิริสุช,ช่างอากาศอุทิศ,17:00-19:00,0,0,1
ศิริสุช,ประชาอุทิศ,07:00-09:00,0,0,1
ศิริสุช,ประชาอุทิศ,09:00-17:00,0,0,1
ศิริสุช,ประชาอุทิศ,17:00-19:00,0,0,1
ศุลกากร,สุนทรโกษา,07:00-09:00,0,0,2
ศุลกากร,สุนทรโกษา,09:00-17:00,0,0,2
ศุลกากร,สุนทรโกษา,17:00-19:00,0,0,2
ศุลกากร,อาจณรงค์,07:00-09:00,0,0,2
ศุลกากร,อาจณรงค์,09:00-17:00,0,0,2
ศุลกากร,อาจณรงค์,17:00-19:00,0,0,2
ศุลกากร,เกษมราษฎร์,07:00-09:00,0,0,2
ศุลกากร,เกษมราษฎร์,09:00-17:00,0,0,2
ศุลกากร,เกษมราษฎร์,17:00-19:00,0,0,2
ศูนย์ราชการ,ทางเข้า - ออกศูนย์ราชการ,07:00-09:00,0,0,1
ศูนย์ราชการ,ทางเข้า - ออกศูนย์ราชการ,09:00-17:00,0,0,1
ศูนย์ราชการ,ทางเข้า - ออกศูนย์ราชการ,17:00-19:00,0,0,1
ศูนย์ราชการ,แจ้งวัฒนะ,07:00-09:00,0,0,1
ศูนย์ราชการ,แจ้งวัฒนะ,09:00-17:00,0,0,1
ศูนย์ราชการ,แจ้งวัฒนะ,17:00-19:00,0,0,1
ศูนย์วัฒนธรรม,วัฒนธรรม,07:00-09:00,2,0,0
ศูนย์วัฒนธรรม,วัฒนธรรม,09:00-16:00,2,0,0
ศูนย์วัฒนธรรม,วัฒนธรรม,16:00-19:00,2,0,0
ศูนย์วิจัย - เพชรบุรี,ซอยศูนย์วิจัย,06:30-09:00,0,1,0
ศูนย์วิจัย - เพชรบุรี,ซอยศูนย์วิจัย,09:00-16:00,0,1,0
ศูนย์วิจัย - เพชรบุรี,ซอยศูนย์วิจัย,16:00-19:30,0,1,0
ศูนย์วิจัย - เพชรบุรี,ศูนย์วิจัย,07:00-09:00,0,0,1
ศูนย์วิจัย - เพชรบุรี,ศูนย์วิจัย,09:00-17:00,0,0,1
ศูนย์วิจัย - เพชรบุรี,ศูนย์วิจัย,17:00-19:00,0,0,1
ศูนย์วิจัย - เพชรบุรี,เพชรบุรี,06:30-09:00,0,1,0
ศูนย์วิจัย - เพชรบุรี,เพชรบุรี,07:00-09:00,0,0,1
ศูนย์วิจัย - เพชรบุรี,เพชรบุรี,09:00-17:00,0,0,1
ศูนย์วิจัย - เพชรบุรี,เพชรบุรี,17:00-19:00,0,0,1
ศูนย์วิจัยเหนือ,ถนนพระราม 9,07:00-09:00,1,0,0
ศูนย์วิจัยเหนือ,ถนนพระราม 9,09:00-16:00,1,0,0
ศูนย์วิจัยเหนือ,ถนนพระราม 9,16:00-19:00,1,0,0
ศูนย์วิจัยเหนือ,พระราม 9,07:00-09:00,0,1,0
ศูนย์วิจัยเหนือ,พระราม 9,09:00-16:00,0,1,0
ศูนย์วิจัยเหนือ,พระราม 9,16:00-19:00,0,1,0
ศูนย์วิจัยเหนือ,พระราม 9 ชอย 17,07:00-09:00,1,0,0
ศูนย์วิจัยเหนือ,พระราม 9 ชอย 17,09:00-16:00,1,0,0
ศูนย์วิจัยเหนือ,พระราม 9 ชอย 17,16:00-19:00,1,0,0
ศูนย์วิจัยเหนือ,พระราม 9 ซอย 17,07:00-09:00,0,1,0
ศูนย์วิจัยเหนือ,พระราม 9 ซอย 17,09:00-16:00,0,1,0
ศูนย์วิจัยเหนือ,พระราม 9 ซอย 17,16:00-19:00,0,1,0
ศูนย์วิจัยเหนือ,พระราม 9 ซอย 26,07:00-09:00,1,1,0
ศูนย์วิจัยเหนือ,พระราม 9 ซอย 26,09:00-16:00,1,1,0
ศูนย์วิจัยเหนือ,พระราม 9 ซอย 26,16:00-19:00,1,1,0
สถานี BRT พระราม 3,นราธิวาสราชนครินทร์,07:00-09:00,0,1,0
สถานี BRT พระราม 3,นราธิวาสราชนครินทร์,09:00-16:00,0,1,0
สถานี BRT พระราม 3,นราธิวาสราชนครินทร์,16:00-19:00,0,1,0
สถานีรถไฟฟ้ากรุงธนบุรี,กรุงธนบุรี,07:00-09:00,0,1,0
สถานีรถไฟฟ้ากรุงธนบุรี,กรุงธนบุรี,09:00-16:00,0,1,0
สถานีรถไฟฟ้ากรุงธนบุรี,กรุงธนบุรี,16:00-19:00,0,1,0
สถานีรถไฟฟ้าช่องนนทรี,นราธิวาสราชนครินทร์,07:00-09:00,0,1,0
สถานีรถไฟฟ้าช่องนนทรี,นราธิวาสราชนครินทร์,09:00-16:00,0,1,0
สถานีรถไฟฟ้าช่องนนทรี,นราธิวาสราชนครินทร์,16:00-19:00,0,1,0
สถานีรถไฟวงเวียนใหญ่,กรุงธนบุรี,07:00-09:00,0,1,0
สถานีรถไฟวงเวียนใหญ่,กรุงธนบุรี,09:00-16:00,0,1,0
สถานีรถไฟวงเวียนใหญ่,กรุงธนบุรี,16:00-19:00,0,1,0
สนามบินสุวรรณภูมิ,ลาดกระบัง,07:00-09:00,0,0,3
สนามบินสุวรรณภูมิ,ลาดกระบัง,09:00-16:00,0,0,1
สนามบินสุวรรณภูมิ,ลาดกระบัง,09:00-17:00,0,0,2
สนามบินสุวรรณภูมิ,ลาดกระบัง,16:00-19:00,0,0,1
สนามบินสุวรรณภูมิ,ลาดกระบัง,17:00-19:00,0,0,2
สนามบินสุวรรณภูมิ,สุรรณภูมิ 4,07:00-09:00,0,0,1
สนามบินสุวรรณภูมิ,สุรรณภูมิ 4,09:00-17:00,0,0,1
สนามบินสุวรรณภูมิ,สุรรณภูมิ 4,17:00-19:00,0,0,1
สนามบินสุวรรณภูมิ,สุวรรณภูมิ 4,07:00-09:00,0,0,1
สนามบินสุวรรณภูมิ,สุวรรณภูมิ 4,09:00-17:00,0,0,1
สนามบินสุวรรณภูมิ,สุวรรณภูมิ 4,17:00-19:00,0,0,1
สนามบินสุวรรณภูมิ,สุวรรณภูมื,07:00-09:00,0,0,1
สนามบินสุวรรณภูมิ,สุวรรณภูมื,09:00-16:00,0,0,1
สนามบินสุวรรณภูมิ,สุวรรณภูมื,16:00-19:00,0,0,1
สนามหลวง 2,บางแวก,07:00-09:00,0,0,1
สนามหลวง 2,บางแวก,09:00-16:00,0,0,1
สนามหลวง 2,บางแวก,16:00-19:00,0,0,1
สนามหลวง 2,เข้าออกตลาดธนบุรี สนามหลวง 2,07:00-09:00,0,0,1
สนามหลวง 2,เข้าออกตลาดธนบุรี สนามหลวง 2,09:00-16:00,0,0,1
สนามหลวง 2,เข้าออกตลาดธนบุรี สนามหลวง 2,16:00-19:00,0,0,1
สนามหลวง 2,เลียบคลองทวีวัฒนา,07:00-09:00,0,0,1
สนามหลวง 2,เลียบคลองทวีวัฒนา,09:00-16:00,0,0,1
สนามหลวง 2,เลียบคลองทวีวัฒนา,16:00-19:00,0,0,1
สภากาชาดไทย,อังรีดูนังต์,07:00-09:00,1,0,0
สภากาชาดไทย,อังรีดูนังต์,09:00-16:00,1,0,0
สภากาชาดไทย,อังรีดูนังต์,16:00-19:00,1,0,0
สมเด็จเจ้าพระยา,สมเด็จเจ้าพระยา,07:00-09:00,0,0,1
สมเด็จเจ้าพระยา,สมเด็จเจ้าพระยา,09:00-16:00,0,0,1
สมเด็จเจ้าพระยา,สมเด็จเจ้าพระยา,16:00-19:00,0,0,1
สรงประภา - ซ.วัดเวฬุวนาราม,วัดเวฬุวนาราม,07:00-09:00,0,0,1
สรงประภา - ซ.วัดเวฬุวนาราม,วัดเวฬุวนาราม,09:00-17:00,0,0,1
สรงประภา - ซ.วัดเวฬุวนาราม,วัดเวฬุวนาราม,17:00-19:00,0,0,1
สรงประภา - ซ.วัดเวฬุวนาราม,สรงประภา,07:00-09:00,0,0,1
สรงประภา - ซ.วัดเวฬุวนาราม,สรงประภา,09:00-17:00,0,0,1
สรงประภา - ซ.วัดเวฬุวนาราม,สรงประภา,17:00-19:00,0,0,1
สรงประภา - นาวงค์ประชาพัฒนา,นาวงค์ประชาพัฒนา,07:00-09:00,1,0,0
สรงประภา - นาวงค์ประชาพัฒนา,นาวงค์ประชาพัฒนา,09:00-16:00,1,0,0
สรงประภา - นาวงค์ประชาพัฒนา,นาวงค์ประชาพัฒนา,16:00-19:00,1,0,0
สรงประภา - นาวงค์ประชาพัฒนา,สรงประภา,07:00-09:00,1,0,0
สรงประภา - นาวงค์ประชาพัฒนา,สรงประภา,09:00-16:00,1,0,0
สรงประภา - นาวงค์ประชาพัฒนา,สรงประภา,16:00-19:00,1,0,0
สรงประภา - นาวงศ์ประชาพัฒนา,นาวงศ์ประชาพัฒนา,07:00-09:00,1,1,0
สรงประภา - นาวงศ์ประชาพัฒนา,นาวงศ์ประชาพัฒนา,09:00-16:00,1,1,0
สรงประภา - นาวงศ์ประชาพัฒนา,นาวงศ์ประชาพัฒนา,16:00-19:00,1,1,0
สรงประภา - นาวงศ์ประชาพัฒนา,สรงประภา,07:00-09:00,1,1,0
สรงประภา - นาวงศ์ประชาพัฒนา,สรงประภา,09:00-16:00,1,1,0
สรงประภา - นาวงศ์ประชาพัฒนา,สรงประภา,16:00-19:00,1,1,0
สรงประภา - สรงประภา 11/1,สรงประภา,07:00-09:00,0,0,1
สรงประภา - สรงประภา 11/1,สรงประภา,09:00-17:00,0,0,1
สรงประภา - สรงประภา 11/1,สรงประภา,17:00-19:00,0,0,1
สรงประภา - สรงประภา 11/1,สรงประภา 11/1,07:00-09:00,0,0,1
สรงประภา - สรงประภา 11/1,สรงประภา 11/1,09:00-17:00,0,0,1
สรงประภา - สรงประภา 11/1,สรงประภา 11/1,17:00-19:00,0,0,1
สรงประภา - สรงประภา 11/2,สรงประภา,07:00-09:00,0,0,1
สรงประภา - สรงประภา 11/2,สรงประภา,09:00-17:00,0,0,1
สรงประภา - สรงประภา 11/2,สรงประภา,17:00-19:00,0,0,1
สรงประภา - สรงประภา 11/2,สรงประภา 11/2,07:00-09:00,0,0,1
สรงประภา - สรงประภา 11/2,สรงประภา 11/2,09:00-17:00,0,0,1
สรงประภา - สรงประภา 11/2,สรงประภา 11/2,17:00-19:00,0,0,1
สรงประภา - สรณคมณ์,สรงประภา,07:00-09:00,0,0,1
สรงประภา - สรณคมณ์,สรงประภา,09:00-17:00,0,0,1
สรงประภา - สรณคมณ์,สรงประภา,17:00-19:00,0,0,1
สรงประภา - สรณคมณ์,สรณคมณ์,07:00-09:00,0,0,1
สรงประภา - สรณคมณ์,สรณคมณ์,09:00-17:00,0,0,1
สรงประภา - สรณคมณ์,สรณคมณ์,17:00-19:00,0,0,1
สรงประภา - เชิดวุฒากาศ,สรงประภา,07:00-09:00,1,1,0
สรงประภา - เชิดวุฒากาศ,สรงประภา,09:00-16:00,1,1,0
สรงประภา - เชิดวุฒากาศ,สรงประภา,16:00-19:00,1,1,0
สรงประภา - เชิดวุฒากาศ,เชิดวุฒากาศ,07:00-09:00,1,1,0
สรงประภา - เชิดวุฒากาศ,เชิดวุฒากาศ,09:00-16:00,1,1,0
สรงประภา - เชิดวุฒากาศ,เชิดวุฒากาศ,16:00-19:00,1,1,0
สรงประภา-นาวงศ์ประชาพัฒนา,นาวงศ์ประชาพัฒนา,07:00-09:00,0,1,0
สรงประภา-นาวงศ์ประชาพัฒนา,นาวงศ์ประชาพัฒนา,09:00-16:00,0,1,0
สรงประภา-นาวงศ์ประชาพัฒนา,นาวงศ์ประชาพัฒนา,16:00-19:00,0,1,0
สรงประภา-นาวงศ์ประชาพัฒนา,สรงประภา,07:00-09:00,0,1,0
สรงประภา-นาวงศ์ประชาพัฒนา,สรงประภา,09:00-16:00,0,1,0
สรงประภา-นาวงศ์ประชาพัฒนา,สรงประภา,16:00-19:00,0,1,0
สรรพวุธ,ทางรถไฟสายปากน้ำ,07:00-09:00,1,0,0
สรรพวุธ,ทางรถไฟสายปากน้ำ,09:00-16:00,1,0,0
สรรพวุธ,ทางรถไฟสายปากน้ำ,16:00-19:00,1,0,0
สรรพวุธ,สรรพวุธ,07:00-09:00,1,0,0
สรรพวุธ,สรรพวุธ,09:00-16:00,1,0,0
สรรพวุธ,สรรพวุธ,16:00-19:00,1,0,0
สรรพาวุธ,ทางรถไฟสายปากน้ำ,07:00-09:00,0,0,2
สรรพาวุธ,ทางรถไฟสายปากน้ำ,09:00-17:00,0,0,2
สรรพาวุธ,ทางรถไฟสายปากน้ำ,17:00-19:00,0,0,2
สรรพาวุธ,ทางรถไฟสายปากนํ้า,07:00-09:00,0,1,0
สรรพาวุธ,ทางรถไฟสายปากนํ้า,09:00-16:00,0,1,0
สรรพาวุธ,ทางรถไฟสายปากนํ้า,16:00-19:00,0,1,0
สรรพาวุธ,สรรพาวุธ,07:00-09:00,0,1,2
สรรพาวุธ,สรรพาวุธ,09:00-16:00,0,1,0
สรรพาวุธ,สรรพาวุธ,09:00-17:00,0,0,2
สรรพาวุธ,สรรพาวุธ,16:00-19:00,0,1,0
สรรพาวุธ,สรรพาวุธ,17:00-19:00,0,0,2
สวนผัก - ชัยพฤกษ์,ชัยพฤกษ์,07:00-09:00,0,0,1
สวนผัก - ชัยพฤกษ์,ชัยพฤกษ์,09:00-17:00,0,0,1
สวนผัก - ชัยพฤกษ์,ชัยพฤกษ์,17:00-19:00,0,0,1
สวนผัก - ชัยพฤกษ์,ชัยพฤกษ์ 18,07:00-09:00,0,0,1
สวนผัก - ชัยพฤกษ์,ชัยพฤกษ์ 18,09:00-17:00,0,0,1
สวนผัก - ชัยพฤกษ์,ชัยพฤกษ์ 18,17:00-19:00,0,0,1
สวนผัก - ชัยพฤกษ์,สวนผัก,07:00-09:00,0,0,1
สวนผัก - ชัยพฤกษ์,สวนผัก,09:00-17:00,0,0,1
สวนผัก - ชัยพฤกษ์,สวนผัก,17:00-19:00,0,0,1
สวนผัก 32,ซอยสวนผัก 32,07:00-09:00,1,0,0
สวนผัก 32,ซอยสวนผัก 32,09:00-16:00,1,0,0
สวนผัก 32,ซอยสวนผัก 32,16:00-19:00,1,0,0
สวนผัก 32,ทางเข้าภิรมณ์เพลส,07:00-09:00,1,0,0
สวนผัก 32,ทางเข้าภิรมณ์เพลส,09:00-16:00,1,0,0
สวนผัก 32,ทางเข้าภิรมณ์เพลส,16:00-19:00,1,0,0
สวนผัก 32,สวนผัก,07:00-09:00,1,0,0
สวนผัก 32,สวนผัก,09:00-16:00,1,0,0
สวนผัก 32,สวนผัก,16:00-19:00,1,0,0
สวนมิกสกวัน,พิษณุโลก,07:00-09:00,1,0,2
สวนมิกสกวัน,พิษณุโลก,09:00-16:00,1,0,1
สวนมิกสกวัน,พิษณุโลก,09:00-17:00,0,0,1
สวนมิกสกวัน,พิษณุโลก,16:00-19:00,1,0,1
สวนมิกสกวัน,พิษณุโลก,17:00-19:00,0,0,1
สวนมิกสกวัน,ราชดำเนินนอก,07:00-09:00,1,0,1
สวนมิกสกวัน,ราชดำเนินนอก,09:00-16:00,1,0,1
สวนมิกสกวัน,ราชดำเนินนอก,16:00-19:00,1,0,1
สวนมิกสกวัน,ราชำดำเนิน,07:00-09:00,0,0,1
สวนมิกสกวัน,ราชำดำเนิน,09:00-17:00,0,0,1
สวนมิกสกวัน,ราชำดำเนิน,17:00-19:00,0,0,1
สวนมิสกวัน,พิษณุโลก,07:00-09:00,0,1,0
สวนมิสกวัน,พิษณุโลก,09:00-16:00,0,1,0
สวนมิสกวัน,พิษณุโลก,16:00-19:00,0,1,0
สวนมิสกวัน,ราชดำเนินนอก,07:00-09:00,0,1,0
สวนมิสกวัน,ราชดำเนินนอก,09:00-16:00,0,1,0
สวนมิสกวัน,ราชดำเนินนอก,16:00-19:00,0,1,0
สวนรื่นฤดี,นครราชสีมา,07:00-09:00,0,0,1
สวนรื่นฤดี,นครราชสีมา,09:00-17:00,0,0,1
สวนรื่นฤดี,นครราชสีมา,17:00-19:00,0,0,1
สวนรื่นฤดี,ราชสีมา,07:00-09:00,1,1,0
สวนรื่นฤดี,ราชสีมา,09:00-16:00,1,1,0
สวนรื่นฤดี,ราชสีมา,16:00-19:00,1,1,0
สวนรื่นฤดี,สุโขทัย,07:00-09:00,1,1,1
สวนรื่นฤดี,สุโขทัย,09:00-16:00,1,1,0
สวนรื่นฤดี,สุโขทัย,09:00-17:00,0,0,1
สวนรื่นฤดี,สุโขทัย,16:00-19:00,1,1,0
สวนรื่นฤดี,สุโขทัย,17:00-19:00,0,0,1
สวนสน,ซอยรามคำแหง 60,07:00-09:00,0,0,1
สวนสน,ซอยรามคำแหง 60,09:00-17:00,0,0,1
สวนสน,ซอยรามคำแหง 60,17:00-19:00,0,0,1
สวนสน,พ่วงศิริ,07:00-09:00,0,0,1
สวนสน,พ่วงศิริ,09:00-17:00,0,0,1
สวนสน,พ่วงศิริ,17:00-19:00,0,0,1
สวนสน,รามคำแหง,07:00-09:00,0,0,1
สวนสน,รามคำแหง,09:00-17:00,0,0,1
สวนสน,รามคำแหง,17:00-19:00,0,0,1
สวนสยาม,ซอยเสรีไทย 50,07:00-09:00,0,1,0
สวนสยาม,ซอยเสรีไทย 50,09:00-16:00,0,1,0
สวนสยาม,ซอยเสรีไทย 50,16:00-19:00,0,1,0
สวนสยาม,ทางเข้าสวนสยาม,07:00-09:00,0,1,1
สวนสยาม,ทางเข้าสวนสยาม,09:00-16:00,0,1,0
สวนสยาม,ทางเข้าสวนสยาม,09:00-17:00,0,0,1
สวนสยาม,ทางเข้าสวนสยาม,16:00-19:00,0,1,0
สวนสยาม,ทางเข้าสวนสยาม,17:00-19:00,0,0,1
สวนสยาม,ทางเข้าออกสวนสยาม,07:00-09:00,0,0,1
สวนสยาม,ทางเข้าออกสวนสยาม,09:00-16:00,0,0,1
สวนสยาม,ทางเข้าออกสวนสยาม,16:00-19:00,0,0,1
สวนสยาม,เสรีไทย,07:00-09:00,0,1,2
สวนสยาม,เสรีไทย,09:00-16:00,0,1,1
สวนสยาม,เสรีไทย,09:00-17:00,0,0,1
สวนสยาม,เสรีไทย,16:00-19:00,0,1,1
สวนสยาม,เสรีไทย,17:00-19:00,0,0,1
สวนสยาม,เสรีไทย 50,07:00-09:00,0,0,2
สวนสยาม,เสรีไทย 50,09:00-16:00,0,0,1
สวนสยาม,เสรีไทย 50,09:00-17:00,0,0,1
สวนสยาม,เสรีไทย 50,16:00-19:00,0,0,1
สวนสยาม,เสรีไทย 50,17:00-19:00,0,0,1
สวนหลวง,ศรีนครินทร์,07:00-09:00,1,0,4
สวนหลวง,ศรีนครินทร์,09:00-16:00,1,0,1
สวนหลวง,ศรีนครินทร์,09:00-17:00,0,0,3
สวนหลวง,ศรีนครินทร์,16:00-19:00,1,0,1
สวนหลวง,ศรีนครินทร์,17:00-19:00,0,0,3
สวนหลวง,อ่อนนุช,07:00-09:00,1,0,4
สวนหลวง,อ่อนนุช,09:00-16:00,1,0,1
สวนหลวง,อ่อนนุช,09:00-17:00,0,0,3
สวนหลวง,อ่อนนุช,16:00-19:00,1,0,1
สวนหลวง,อ่อนนุช,17:00-19:00,0,0,3
สวนแสงธรรม,บางแวก,07:00-09:00,0,0,1
สวนแสงธรรม,บางแวก,09:00-17:00,0,0,1
สวนแสงธรรม,บางแวก,17:00-19:00,0,0,1
สวนแสงธรรม,พุทธมณฑลสาย 3,07:00-09:00,0,0,1
สวนแสงธรรม,พุทธมณฑลสาย 3,09:00-17:00,0,0,1
สวนแสงธรรม,พุทธมณฑลสาย 3,17:00-19:00,0,0,1
สวรรคโลก,สวรรคโลก,07:00-09:00,2,1,0
สวรรคโลก,สวรรคโลก,09:00-16:00,2,1,0
สวรรคโลก,สวรรคโลก,16:00-19:00,2,1,0
สวรรคโลก,สุโขทัย,07:00-09:00,2,1,0
สวรรคโลก,สุโขทัย,09:00-16:00,2,1,0
สวรรคโลก,สุโขทัย,16:00-19:00,2,1,0
สวรรคโลก - สุคันธาราม,สวรรคโลก,07:00-09:00,1,0,0
สวรรคโลก - สุคันธาราม,สวรรคโลก,09:00-16:00,1,0,0
สวรรคโลก - สุคันธาราม,สวรรคโลก,16:00-19:00,1,0,0
สวรรคโลก - สุคันธาราม,สุคันธาราม,07:00-09:00,1,0,0
สวรรคโลก - สุคันธาราม,สุคันธาราม,09:00-16:00,1,0,0
สวรรคโลก - สุคันธาราม,สุคันธาราม,16:00-19:00,1,0,0
สวัสดิการ 1 - เลียบคลองภาษีเจริญฝั่งเหนือ - ซ.เลียบคลองฯ 3/1,ซอยเลียบคลองภาษีเจริญฝั่งเหนือ 3/1,07:00-09:00,0,1,0
สวัสดิการ 1 - เลียบคลองภาษีเจริญฝั่งเหนือ - ซ.เลียบคลองฯ 3/1,ซอยเลียบคลองภาษีเจริญฝั่งเหนือ 3/1,09:00-16:00,0,1,0
สวัสดิการ 1 - เลียบคลองภาษีเจริญฝั่งเหนือ - ซ.เลียบคลองฯ 3/1,ซอยเลียบคลองภาษีเจริญฝั่งเหนือ 3/1,16:00-19:00,0,1,0
สวัสดิการ 1 - เลียบคลองภาษีเจริญฝั่งเหนือ - ซ.เลียบคลองฯ 3/1,สวัสดิการ 1,07:00-09:00,0,1,0
สวัสดิการ 1 - เลียบคลองภาษีเจริญฝั่งเหนือ - ซ.เลียบคลองฯ 3/1,สวัสดิการ 1,09:00-16:00,0,1,0
สวัสดิการ 1 - เลียบคลองภาษีเจริญฝั่งเหนือ - ซ.เลียบคลองฯ 3/1,สวัสดิการ 1,16:00-19:00,0,1,0
สวัสดิการ 1 - เลียบคลองภาษีเจริญฝั่งเหนือ - ซ.เลียบคลองฯ 3/1,เลียบคลองภาษีเจริญฝั่งเหนือ,07:00-09:00,0,1,0
สวัสดิการ 1 - เลียบคลองภาษีเจริญฝั่งเหนือ - ซ.เลียบคลองฯ 3/1,เลียบคลองภาษีเจริญฝั่งเหนือ,09:00-16:00,0,1,0
สวัสดิการ 1 - เลียบคลองภาษีเจริญฝั่งเหนือ - ซ.เลียบคลองฯ 3/1,เลียบคลองภาษีเจริญฝั่งเหนือ,16:00-19:00,0,1,0
สะพานกรุงธน,มุ่งหน้าแยกซังฮี้,07:00-09:00,0,0,1
สะพานกรุงธน,มุ่งหน้าแยกซังฮี้,09:00-16:00,0,0,1
สะพานกรุงธน,มุ่งหน้าแยกซังฮี้,16:00-19:00,0,0,1
สะพานกรุงธน,มุ่งหน้าแยกบางพลัด,07:00-09:00,0,0,1
สะพานกรุงธน,มุ่งหน้าแยกบางพลัด,09:00-16:00,0,0,1
สะพานกรุงธน,มุ่งหน้าแยกบางพลัด,16:00-19:00,0,0,1
สะพานกรุงธน,สะพานกรุงธน,07:00-09:00,1,0,2
สะพานกรุงธน,สะพานกรุงธน,09:00-16:00,1,0,0
สะพานกรุงธน,สะพานกรุงธน,09:00-17:00,0,0,2
สะพานกรุงธน,สะพานกรุงธน,16:00-19:00,1,0,0
สะพานกรุงธน,สะพานกรุงธน,17:00-19:00,0,0,2
สะพานกรุงเทพ,มุ่งหน้าถนนตก,07:00-09:00,0,0,1
สะพานกรุงเทพ,มุ่งหน้าถนนตก,09:00-16:00,0,0,1
สะพานกรุงเทพ,มุ่งหน้าถนนตก,16:00-19:00,0,0,1
สะพานกรุงเทพ,มุ่งหน้าแยกมไหสวรรย์,07:00-09:00,0,0,1
สะพานกรุงเทพ,มุ่งหน้าแยกมไหสวรรย์,09:00-16:00,0,0,1
สะพานกรุงเทพ,มุ่งหน้าแยกมไหสวรรย์,16:00-19:00,0,0,1
สะพานกรุงเทพ,สะพานกรุงเทพ,07:00-09:00,1,0,2
สะพานกรุงเทพ,สะพานกรุงเทพ,09:00-16:00,1,0,0
สะพานกรุงเทพ,สะพานกรุงเทพ,09:00-17:00,0,0,2
สะพานกรุงเทพ,สะพานกรุงเทพ,16:00-19:00,1,0,0
สะพานกรุงเทพ,สะพานกรุงเทพ,17:00-19:00,0,0,2
สะพานขาว,กรุงเกษม,07:00-09:00,1,1,2
สะพานขาว,กรุงเกษม,09:00-16:00,1,1,1
สะพานขาว,กรุงเกษม,09:00-17:00,0,0,1
สะพานขาว,กรุงเกษม,16:00-19:00,1,1,1
สะพานขาว,กรุงเกษม,17:00-19:00,0,0,1
สะพานขาว,หลานหลวง,07:00-09:00,1,1,2
สะพานขาว,หลานหลวง,09:00-16:00,1,1,1
สะพานขาว,หลานหลวง,09:00-17:00,0,0,1
สะพานขาว,หลานหลวง,16:00-19:00,1,1,1
สะพานขาว,หลานหลวง,17:00-19:00,0,0,1
สะพานข้ามคลอง 13,สะพานข้ามคลอง 13,07:00-09:00,0,0,1
สะพานข้ามคลอง 13,สะพานข้ามคลอง 13,09:00-16:00,0,0,1
สะพานข้ามคลอง 13,สะพานข้ามคลอง 13,16:00-19:00,0,0,1
สะพานข้ามแยกประชาสงเคราะห์,สะพานข้ามแยกประชาสงเคราะห์,07:00-09:00,0,0,1
สะพานข้ามแยกประชาสงเคราะห์,สะพานข้ามแยกประชาสงเคราะห์,09:00-17:00,0,0,1
สะพานข้ามแยกประชาสงเคราะห์,สะพานข้ามแยกประชาสงเคราะห์,17:00-19:00,0,0,1
สะพานข้ามแยกพระราม 9,สะพานข้ามแยกพระราม 9,07:00-09:00,0,0,1
สะพานข้ามแยกพระราม 9,สะพานข้ามแยกพระราม 9,09:00-17:00,0,0,1
สะพานข้ามแยกพระราม 9,สะพานข้ามแยกพระราม 9,17:00-19:00,0,0,1
สะพานข้ามแยกราชเทวี,เพชรบุรี,07:00-09:00,0,1,0
สะพานข้ามแยกราชเทวี,เพชรบุรี,09:00-16:00,0,1,0
สะพานข้ามแยกราชเทวี,เพชรบุรี,16:00-19:00,0,1,0
สะพานข้ามแยกสามเหลี่ยมดินแดง,สะพานข้ามแยกสามเหลี่ยมดินแดง,07:00-09:00,0,0,1
สะพานข้ามแยกสามเหลี่ยมดินแดง,สะพานข้ามแยกสามเหลี่ยมดินแดง,09:00-17:00,0,0,1
สะพานข้ามแยกสามเหลี่ยมดินแดง,สะพานข้ามแยกสามเหลี่ยมดินแดง,17:00-19:00,0,0,1
สะพานควาย,ประดิพัทธ์,07:00-09:00,1,2,2
สะพานควาย,ประดิพัทธ์,09:00-16:00,1,2,0
สะพานควาย,ประดิพัทธ์,09:00-17:00,0,0,2
สะพานควาย,ประดิพัทธ์,16:00-19:00,1,2,0
สะพานควาย,ประดิพัทธ์,17:00-19:00,0,0,2
สะพานควาย,พหลโยธิน,07:00-09:00,1,2,2
สะพานควาย,พหลโยธิน,09:00-16:00,1,2,0
สะพานควาย,พหลโยธิน,09:00-17:00,0,0,2
สะพานควาย,พหลโยธิน,16:00-19:00,1,2,0
สะพานควาย,พหลโยธิน,17:00-19:00,0,0,2
สะพานควาย,สุทธิสาร,07:00-09:00,1,2,2
สะพานควาย,สุทธิสาร,09:00-16:00,1,2,0
สะพานควาย,สุทธิสาร,09:00-17:00,0,0,2
สะพานควาย,สุทธิสาร,16:00-19:00,1,2,0
สะพานควาย,สุทธิสาร,17:00-19:00,0,0,2
สะพานช้างโรงสี,บำรุงเมือง,07:00-09:00,1,0,2
สะพานช้างโรงสี,บำรุงเมือง,09:00-16:00,1,0,1
สะพานช้างโรงสี,บำรุงเมือง,09:00-17:00,0,0,1
สะพานช้างโรงสี,บำรุงเมือง,16:00-19:00,1,0,1
สะพานช้างโรงสี,บำรุงเมือง,17:00-19:00,0,0,1
สะพานช้างโรงสี,อัษฎางค์,07:00-09:00,1,0,2
สะพานช้างโรงสี,อัษฎางค์,09:00-16:00,1,0,1
สะพานช้างโรงสี,อัษฎางค์,09:00-17:00,0,0,1
สะพานช้างโรงสี,อัษฎางค์,16:00-19:00,1,0,1
สะพานช้างโรงสี,อัษฎางค์,17:00-19:00,0,0,1
สะพานดำ,กำแพงเพชร,07:00-09:00,1,1,2
สะพานดำ,กำแพงเพชร,09:00-16:00,1,1,0
สะพานดำ,กำแพงเพชร,09:00-17:00,0,0,2
สะพานดำ,กำแพงเพชร,16:00-19:00,1,1,0
สะพานดำ,กำแพงเพชร,17:00-19:00,0,0,2
สะพานดำ,กำแพงเพชร 5,07:00-09:00,1,1,1
สะพานดำ,กำแพงเพชร 5,09:00-16:00,1,1,0
สะพานดำ,กำแพงเพชร 5,09:00-17:00,0,0,1
สะพานดำ,กำแพงเพชร 5,16:00-19:00,1,1,0
สะพานดำ,กำแพงเพชร 5,17:00-19:00,0,0,1
สะพานดำ,ทางลอดทางรถไฟถนนพระรามที่ 6,07:00-09:00,0,0,1
สะพานดำ,ทางลอดทางรถไฟถนนพระรามที่ 6,09:00-17:00,0,0,1
สะพานดำ,ทางลอดทางรถไฟถนนพระรามที่ 6,17:00-19:00,0,0,1
สะพานดำ,พระรามที่ 6,07:00-09:00,1,1,2
สะพานดำ,พระรามที่ 6,09:00-16:00,1,1,0
สะพานดำ,พระรามที่ 6,09:00-17:00,0,0,2
สะพานดำ,พระรามที่ 6,16:00-19:00,1,1,0
สะพานดำ,พระรามที่ 6,17:00-19:00,0,0,2
สะพานดํา,กําแพงเพชร,07:00-09:00,0,1,0
สะพานดํา,กําแพงเพชร,09:00-16:00,0,1,0
สะพานดํา,กําแพงเพชร,16:00-19:00,0,1,0
สะพานดํา,กําแพงเพชร 5,07:00-09:00,0,1,0
สะพานดํา,กําแพงเพชร 5,09:00-16:00,0,1,0
สะพานดํา,กําแพงเพชร 5,16:00-19:00,0,1,0
สะพานดํา,พระรามที่ 6,07:00-09:00,0,1,0
สะพานดํา,พระรามที่ 6,09:00-16:00,0,1,0
สะพานดํา,พระรามที่ 6,16:00-19:00,0,1,0
สะพานนริศดำรัส,จักรพรรดิพงษ์,07:00-09:00,0,1,0
สะพานนริศดำรัส,จักรพรรดิพงษ์,09:00-16:00,0,1,0
สะพานนริศดำรัส,จักรพรรดิพงษ์,16:00-19:00,0,1,0
สะพานปฐมบรมราชานุสรณ์(สะพานพระพุทธยอดฟ้า),สะพานสมเด็จพระพุทธยอดฟ้า,07:00-09:00,1,0,0
สะพานปฐมบรมราชานุสรณ์(สะพานพระพุทธยอดฟ้า),สะพานสมเด็จพระพุทธยอดฟ้า,09:00-16:00,1,0,0
สะพานปฐมบรมราชานุสรณ์(สะพานพระพุทธยอดฟ้า),สะพานสมเด็จพระพุทธยอดฟ้า,16:00-19:00,1,0,0
สะพานพระปกเกล้า,มุ่งหน้าพาหุรัด,07:00-09:00,0,0,1
สะพานพระปกเกล้า,มุ่งหน้าพาหุรัด,09:00-16:00,0,0,1
สะพานพระปกเกล้า,มุ่งหน้าพาหุรัด,16:00-19:00,0,0,1
สะพานพระปกเกล้า,มุ่งหน้าแยกบ้านแขก,07:00-09:00,0,0,1
สะพานพระปกเกล้า,มุ่งหน้าแยกบ้านแขก,09:00-16:00,0,0,1
สะพานพระปกเกล้า,มุ่งหน้าแยกบ้านแขก,16:00-19:00,0,0,1
สะพานพระปกเกล้า,สะพานพระปกเกล้า,07:00-09:00,1,0,2
สะพานพระปกเกล้า,สะพานพระปกเกล้า,09:00-16:00,1,0,0
สะพานพระปกเกล้า,สะพานพระปกเกล้า,09:00-17:00,0,0,2
สะพานพระปกเกล้า,สะพานพระปกเกล้า,16:00-19:00,1,0,0
สะพานพระปกเกล้า,สะพานพระปกเกล้า,17:00-19:00,0,0,2
สะพานพระพุทธยอดฟ้า,มุ่งหน้าปากคลองตลาด,07:00-09:00,0,0,1
สะพานพระพุทธยอดฟ้า,มุ่งหน้าปากคลองตลาด,09:00-16:00,0,0,1
สะพานพระพุทธยอดฟ้า,มุ่งหน้าปากคลองตลาด,16:00-19:00,0,0,1
สะพานพระพุทธยอดฟ้า,มุ่งหน้าแยกบ้านแขก,07:00-09:00,0,0,1
สะพานพระพุทธยอดฟ้า,มุ่งหน้าแยกบ้านแขก,09:00-16:00,0,0,1
สะพานพระพุทธยอดฟ้า,มุ่งหน้าแยกบ้านแขก,16:00-19:00,0,0,1
สะพานพระพุทธยอดฟ้า,สะพานพระพุทธยอดฟ้า,07:00-09:00,0,0,2
สะพานพระพุทธยอดฟ้า,สะพานพระพุทธยอดฟ้า,09:00-17:00,0,0,2
สะพานพระพุทธยอดฟ้า,สะพานพระพุทธยอดฟ้า,17:00-19:00,0,0,2
สะพานพระราม 3,มุ่งหน้ารัชดา-ราชพฤกษ์,07:00-09:00,0,0,1
สะพานพระราม 3,มุ่งหน้ารัชดา-ราชพฤกษ์,09:00-16:00,0,0,1
สะพานพระราม 3,มุ่งหน้ารัชดา-ราชพฤกษ์,16:00-19:00,0,0,1
สะพานพระราม 3,มุ่งหน้าแยกเจริญราษฎร์,07:00-09:00,0,0,1
สะพานพระราม 3,มุ่งหน้าแยกเจริญราษฎร์,09:00-16:00,0,0,1
สะพานพระราม 3,มุ่งหน้าแยกเจริญราษฎร์,16:00-19:00,0,0,1
สะพานพระราม 3,สะพานพระราม 3,07:00-09:00,1,0,2
สะพานพระราม 3,สะพานพระราม 3,09:00-16:00,1,0,0
สะพานพระราม 3,สะพานพระราม 3,09:00-17:00,0,0,2
สะพานพระราม 3,สะพานพระราม 3,16:00-19:00,1,0,0
สะพานพระราม 3,สะพานพระราม 3,17:00-19:00,0,0,2
สะพานพระราม 7,มุ่งหน้าถนนจรัญสนิทวงศ์,07:00-09:00,0,0,1
สะพานพระราม 7,มุ่งหน้าถนนจรัญสนิทวงศ์,09:00-16:00,0,0,1
สะพานพระราม 7,มุ่งหน้าถนนจรัญสนิทวงศ์,16:00-19:00,0,0,1
สะพานพระราม 7,มุ่งหน้าวงศ์สว่าง,07:00-09:00,0,0,1
สะพานพระราม 7,มุ่งหน้าวงศ์สว่าง,09:00-16:00,0,0,1
สะพานพระราม 7,มุ่งหน้าวงศ์สว่าง,16:00-19:00,0,0,1
สะพานพระราม 7,สะพานพระราม 7,07:00-09:00,1,0,2
สะพานพระราม 7,สะพานพระราม 7,09:00-16:00,1,0,0
สะพานพระราม 7,สะพานพระราม 7,09:00-17:00,0,0,2
สะพานพระราม 7,สะพานพระราม 7,16:00-19:00,1,0,0
สะพานพระราม 7,สะพานพระราม 7,17:00-19:00,0,0,2
สะพานพระราม 8,พานพระราม 8,07:00-09:00,1,0,0
สะพานพระราม 8,พานพระราม 8,09:00-16:00,1,0,0
สะพานพระราม 8,พานพระราม 8,16:00-19:00,1,0,0
สะพานพระราม 8,มุ่งหน้าแยกบรมราชชนนี,07:00-09:00,0,0,1
สะพานพระราม 8,มุ่งหน้าแยกบรมราชชนนี,09:00-16:00,0,0,1
สะพานพระราม 8,มุ่งหน้าแยกบรมราชชนนี,16:00-19:00,0,0,1
สะพานพระราม 8,มุ่งหน้าแยกวิสุทธิ์กษัตริย์,07:00-09:00,0,0,1
สะพานพระราม 8,มุ่งหน้าแยกวิสุทธิ์กษัตริย์,09:00-16:00,0,0,1
สะพานพระราม 8,มุ่งหน้าแยกวิสุทธิ์กษัตริย์,16:00-19:00,0,0,1
สะพานพระราม 8,สะพานพระราม 8,07:00-09:00,0,0,2
สะพานพระราม 8,สะพานพระราม 8,09:00-17:00,0,0,2
สะพานพระราม 8,สะพานพระราม 8,17:00-19:00,0,0,2
สะพานภูมิพล 1,มุ่งหน้าถนนพระราม 3,07:00-09:00,0,0,1
สะพานภูมิพล 1,มุ่งหน้าถนนพระราม 3,09:00-16:00,0,0,1
สะพานภูมิพล 1,มุ่งหน้าถนนพระราม 3,16:00-19:00,0,0,1
สะพานภูมิพล 1,มุ่งหน้าถนนสุขสวัสดิ์,07:00-09:00,0,0,1
สะพานภูมิพล 1,มุ่งหน้าถนนสุขสวัสดิ์,09:00-16:00,0,0,1
สะพานภูมิพล 1,มุ่งหน้าถนนสุขสวัสดิ์,16:00-19:00,0,0,1
สะพานภูมิพล 1,สะพานภูมิพล,07:00-09:00,0,0,1
สะพานภูมิพล 1,สะพานภูมิพล,09:00-17:00,0,0,1
สะพานภูมิพล 1,สะพานภูมิพล,17:00-19:00,0,0,1
สะพานภูมิพล 1,สะพานภูมิพล 1,07:00-09:00,1,0,1
สะพานภูมิพล 1,สะพานภูมิพล 1,09:00-16:00,1,0,0
สะพานภูมิพล 1,สะพานภูมิพล 1,09:00-17:00,0,0,1
สะพานภูมิพล 1,สะพานภูมิพล 1,16:00-19:00,1,0,0
สะพานภูมิพล 1,สะพานภูมิพล 1,17:00-19:00,0,0,1
สะพานมอญ,อัษฎางค์,07:00-09:00,0,1,1
สะพานมอญ,อัษฎางค์,09:00-16:00,0,1,0
สะพานมอญ,อัษฎางค์,09:00-17:00,0,0,1
สะพานมอญ,อัษฎางค์,16:00-19:00,0,1,0
สะพานมอญ,อัษฎางค์,17:00-19:00,0,0,1
สะพานมอญ,เจริญกรุง,07:00-09:00,0,1,1
สะพานมอญ,เจริญกรุง,09:00-16:00,0,1,0
สะพานมอญ,เจริญกรุง,09:00-17:00,0,0,1
สะพานมอญ,เจริญกรุง,16:00-19:00,0,1,0
สะพานมอญ,เจริญกรุง,17:00-19:00,0,0,1
สะพานลอยหน้าวัดสุวรรณ,เจริญนคร,07:00-09:00,0,1,0
สะพานลอยหน้าวัดสุวรรณ,เจริญนคร,09:00-16:00,0,1,0
สะพานลอยหน้าวัดสุวรรณ,เจริญนคร,16:00-19:00,0,1,0
สะพานวันชาติ,ดินสอ,07:00-09:00,2,0,1
สะพานวันชาติ,ดินสอ,09:00-16:00,2,0,1
สะพานวันชาติ,ดินสอ,16:00-19:00,2,0,1
สะพานวันชาติ,ประชาธิปไตย,07:00-09:00,2,0,1
สะพานวันชาติ,ประชาธิปไตย,09:00-16:00,2,0,1
สะพานวันชาติ,ประชาธิปไตย,16:00-19:00,2,0,1
สะพานวันชาติ,พระสุเมรุ,07:00-09:00,2,0,1
สะพานวันชาติ,พระสุเมรุ,09:00-16:00,2,0,1
สะพานวันชาติ,พระสุเมรุ,16:00-19:00,2,0,1
สะพานสมเด็จพระปิ่นเกล้า,มุ่งหน้าราชดำเนิน,07:00-09:00,0,0,1
สะพานสมเด็จพระปิ่นเกล้า,มุ่งหน้าราชดำเนิน,09:00-16:00,0,0,1
สะพานสมเด็จพระปิ่นเกล้า,มุ่งหน้าราชดำเนิน,16:00-19:00,0,0,1
สะพานสมเด็จพระปิ่นเกล้า,มุ่งหน้าแยกอรุณอัมรินทร์,07:00-09:00,0,0,1
สะพานสมเด็จพระปิ่นเกล้า,มุ่งหน้าแยกอรุณอัมรินทร์,09:00-16:00,0,0,1
สะพานสมเด็จพระปิ่นเกล้า,มุ่งหน้าแยกอรุณอัมรินทร์,16:00-19:00,0,0,1
สะพานสมเด็จพระปิ่นเกล้า,สะพานสมเด็จพระปิ่นเกล้า,07:00-09:00,0,0,2
สะพานสมเด็จพระปิ่นเกล้า,สะพานสมเด็จพระปิ่นเกล้า,09:00-17:00,0,0,2
สะพานสมเด็จพระปิ่นเกล้า,สะพานสมเด็จพระปิ่นเกล้า,17:00-19:00,0,0,2
สะพานสมเด็จพระปืนเกล้า,สะพานสมเด็จพระปืนเกล้า,07:00-09:00,1,0,0
สะพานสมเด็จพระปืนเกล้า,สะพานสมเด็จพระปืนเกล้า,09:00-16:00,1,0,0
สะพานสมเด็จพระปืนเกล้า,สะพานสมเด็จพระปืนเกล้า,16:00-19:00,1,0,0
สะพานสมเด็จพระเจ้าตากสิน,มุ่งหน้าถนนกรุงธนบุรี,07:00-09:00,0,0,1
สะพานสมเด็จพระเจ้าตากสิน,มุ่งหน้าถนนกรุงธนบุรี,09:00-16:00,0,0,1
สะพานสมเด็จพระเจ้าตากสิน,มุ่งหน้าถนนกรุงธนบุรี,16:00-19:00,0,0,1
สะพานสมเด็จพระเจ้าตากสิน,มุ่งหน้าแยกสุรศักดิ์,07:00-09:00,0,0,1
สะพานสมเด็จพระเจ้าตากสิน,มุ่งหน้าแยกสุรศักดิ์,09:00-16:00,0,0,1
สะพานสมเด็จพระเจ้าตากสิน,มุ่งหน้าแยกสุรศักดิ์,16:00-19:00,0,0,1
สะพานสมเด็จพระเจ้าตากสิน,สะพานสมเด็จพระเจ้าตากสิน,07:00-09:00,0,0,2
สะพานสมเด็จพระเจ้าตากสิน,สะพานสมเด็จพระเจ้าตากสิน,09:00-17:00,0,0,2
สะพานสมเด็จพระเจ้าตากสิน,สะพานสมเด็จพระเจ้าตากสิน,17:00-19:00,0,0,2
สะพานสมเด็จพระเจ้าตากสินมหาราช,สะพานสาทร,07:00-09:00,1,0,0
สะพานสมเด็จพระเจ้าตากสินมหาราช,สะพานสาทร,09:00-16:00,1,0,0
สะพานสมเด็จพระเจ้าตากสินมหาราช,สะพานสาทร,16:00-19:00,1,0,0
สะพานอ่อน,บรรทัดทอง,07:00-09:00,2,1,0
สะพานอ่อน,บรรทัดทอง,09:00-16:00,2,1,0
สะพานอ่อน,บรรทัดทอง,16:00-19:00,2,1,0
สะพานอ่อน,เจริญเมือง,07:00-09:00,2,1,0
สะพานอ่อน,เจริญเมือง,09:00-16:00,2,1,0
สะพานอ่อน,เจริญเมือง,16:00-19:00,2,1,0
สะพานเหลือง,ซ.พระยาดำรงค์,07:00-09:00,1,0,0
สะพานเหลือง,ซ.พระยาดำรงค์,09:00-16:00,1,0,0
สะพานเหลือง,ซ.พระยาดำรงค์,16:00-19:00,1,0,0
สะพานเหลือง,ซอยพระยาดำรงค์,06:30-09:00,1,0,0
สะพานเหลือง,ซอยพระยาดำรงค์,09:00-16:00,1,0,0
สะพานเหลือง,ซอยพระยาดำรงค์,16:00-19:30,1,0,0
สะพานเหลือง,ซอยสว่าง 1- ทางด่วน- ซอยพระยาดำรง,07:00-09:00,0,0,1
สะพานเหลือง,ซอยสว่าง 1- ทางด่วน- ซอยพระยาดำรง,09:00-17:00,0,0,1
สะพานเหลือง,ซอยสว่าง 1- ทางด่วน- ซอยพระยาดำรง,17:00-19:00,0,0,1
สะพานเหลือง,บรรทัดทอง,07:00-09:00,2,1,1
สะพานเหลือง,บรรทัดทอง,09:00-16:00,2,1,0
สะพานเหลือง,บรรทัดทอง,09:00-17:00,0,0,1
สะพานเหลือง,บรรทัดทอง,16:00-19:00,2,1,0
สะพานเหลือง,บรรทัดทอง,17:00-19:00,0,0,1
สะพานเหลือง,พระรามที่ 4,07:00-09:00,2,1,1
สะพานเหลือง,พระรามที่ 4,09:00-16:00,2,1,0
สะพานเหลือง,พระรามที่ 4,09:00-17:00,0,0,1
สะพานเหลือง,พระรามที่ 4,16:00-19:00,2,1,0
สะพานเหลือง,พระรามที่ 4,17:00-19:00,0,0,1
สะพานแดง,ทหาร,07:00-09:00,2,1,2
สะพานแดง,ทหาร,09:00-16:00,2,1,1
สะพานแดง,ทหาร,09:00-17:00,0,0,1
สะพานแดง,ทหาร,16:00-19:00,2,1,1
สะพานแดง,ทหาร,17:00-19:00,0,0,1
สะพานแดง,ประดิพัทธ์,07:00-09:00,2,1,2
สะพานแดง,ประดิพัทธ์,09:00-16:00,2,1,1
สะพานแดง,ประดิพัทธ์,09:00-17:00,0,0,1
สะพานแดง,ประดิพัทธ์,16:00-19:00,2,1,1
สะพานแดง,ประดิพัทธ์,17:00-19:00,0,0,1
สะพานแดง,พระรามที่ 5,06:30-09:00,1,0,0
สะพานแดง,พระรามที่ 5,07:00-09:00,1,1,2
สะพานแดง,พระรามที่ 5,09:00-16:00,2,1,1
สะพานแดง,พระรามที่ 5,09:00-17:00,0,0,1
สะพานแดง,พระรามที่ 5,16:00-19:00,1,1,1
สะพานแดง,พระรามที่ 5,16:00-19:30,1,0,0
สะพานแดง,พระรามที่ 5,17:00-19:00,0,0,1
สะพานแดง,เตชะวณิช,06:30-09:00,1,0,0
สะพานแดง,เตชะวณิช,07:00-09:00,1,1,2
สะพานแดง,เตชะวณิช,09:00-16:00,2,1,1
สะพานแดง,เตชะวณิช,09:00-17:00,0,0,1
สะพานแดง,เตชะวณิช,16:00-19:00,1,1,1
สะพานแดง,เตชะวณิช,16:00-19:30,1,0,0
สะพานแดง,เตชะวณิช,17:00-19:00,0,0,1
สะพานใหม่,พหลโยธิน,07:00-09:00,0,0,1
สะพานใหม่,พหลโยธิน,09:00-17:00,0,0,1
สะพานใหม่,พหลโยธิน,17:00-19:00,0,0,1
สะพานใหม่,เทพรักษ์,07:00-09:00,0,0,1
สะพานใหม่,เทพรักษ์,09:00-17:00,0,0,1
สะพานใหม่,เทพรักษ์,17:00-19:00,0,0,1
สะแกงาม,บางขุนเทียน,07:00-09:00,0,0,1
สะแกงาม,บางขุนเทียน,09:00-17:00,0,0,1
สะแกงาม,บางขุนเทียน,17:00-19:00,0,0,1
สะแกงาม,สะแกงาม,07:00-09:00,0,0,1
สะแกงาม,สะแกงาม,09:00-17:00,0,0,1
สะแกงาม,สะแกงาม,17:00-19:00,0,0,1
สะแกงาม 12,สะแกงาม,07:00-09:00,0,0,1
สะแกงาม 12,สะแกงาม,09:00-17:00,0,0,1
สะแกงาม 12,สะแกงาม,17:00-19:00,0,0,1
สะแกงาม 12,สะแกงาม 12,07:00-09:00,0,0,1
สะแกงาม 12,สะแกงาม 12,09:00-17:00,0,0,1
สะแกงาม 12,สะแกงาม 12,17:00-19:00,0,0,1
สะแกงาม 26,สะแกงาม,07:00-09:00,0,0,1
สะแกงาม 26,สะแกงาม,09:00-17:00,0,0,1
สะแกงาม 26,สะแกงาม,17:00-19:00,0,0,1
สะแกงาม 26,สะแกงาม 26,07:00-09:00,0,0,1
สะแกงาม 26,สะแกงาม 26,09:00-17:00,0,0,1
สะแกงาม 26,สะแกงาม 26,17:00-19:00,0,0,1
สะแกงาม 30,สะแกงาม,07:00-09:00,0,0,1
สะแกงาม 30,สะแกงาม,09:00-17:00,0,0,1
สะแกงาม 30,สะแกงาม,17:00-19:00,0,0,1
สะแกงาม 30,สะแกงาม 30,07:00-09:00,0,0,1
สะแกงาม 30,สะแกงาม 30,09:00-17:00,0,0,1
สะแกงาม 30,สะแกงาม 30,17:00-19:00,0,0,1
สะแกงาม 7,สะแกงาม,07:00-09:00,0,0,1
สะแกงาม 7,สะแกงาม,09:00-17:00,0,0,1
สะแกงาม 7,สะแกงาม,17:00-19:00,0,0,1
สะแกงาม 7,สะแกงาม 7,07:00-09:00,0,0,1
สะแกงาม 7,สะแกงาม 7,09:00-17:00,0,0,1
สะแกงาม 7,สะแกงาม 7,17:00-19:00,0,0,1
สังคมสงเคราะห์,ซ.สังคมสงเคราะห์เหนือ,07:00-09:00,1,0,0
สังคมสงเคราะห์,ซ.สังคมสงเคราะห์เหนือ,09:00-16:00,1,0,0
สังคมสงเคราะห์,ซ.สังคมสงเคราะห์เหนือ,16:00-19:00,1,0,0
สังคมสงเคราะห์,สังคมสงเคราะห์,07:00-09:00,1,0,0
สังคมสงเคราะห์,สังคมสงเคราะห์,09:00-16:00,1,0,0
สังคมสงเคราะห์,สังคมสงเคราะห์,16:00-19:00,1,0,0
สังฆสันติสุข,ทหารอากาศอุทิศ,07:00-09:00,1,0,0
สังฆสันติสุข,ทหารอากาศอุทิศ,09:00-16:00,1,0,0
สังฆสันติสุข,ทหารอากาศอุทิศ,16:00-19:00,1,0,0
สังฆสันติสุข,สังฆสันติสุข,07:00-09:00,1,0,0
สังฆสันติสุข,สังฆสันติสุข,09:00-16:00,1,0,0
สังฆสันติสุข,สังฆสันติสุข,16:00-19:00,1,0,0
สังฆสันติสุข - ทหารอากาศอุทิศ,ทหารอากาศอุทิศ,07:00-09:00,0,0,1
สังฆสันติสุข - ทหารอากาศอุทิศ,ทหารอากาศอุทิศ,09:00-17:00,0,0,1
สังฆสันติสุข - ทหารอากาศอุทิศ,ทหารอากาศอุทิศ,17:00-19:00,0,0,1
สังฆสันติสุข - ทหารอากาศอุทิศ,สังฆสันติสุข,07:00-09:00,0,0,1
สังฆสันติสุข - ทหารอากาศอุทิศ,สังฆสันติสุข,09:00-17:00,0,0,1
สังฆสันติสุข - ทหารอากาศอุทิศ,สังฆสันติสุข,17:00-19:00,0,0,1
สังฆสันติสุข - สังฆสันติสุข 3 - อยู่วิทยา,สังฆสันติสุข,07:00-09:00,0,0,1
สังฆสันติสุข - สังฆสันติสุข 3 - อยู่วิทยา,สังฆสันติสุข,09:00-16:00,0,0,1
สังฆสันติสุข - สังฆสันติสุข 3 - อยู่วิทยา,สังฆสันติสุข,16:00-19:00,0,0,1
สังฆสันติสุข - สังฆสันติสุข 3 - อยู่วิทยา,สังฆสันติสุข 3,07:00-09:00,0,0,1
สังฆสันติสุข - สังฆสันติสุข 3 - อยู่วิทยา,สังฆสันติสุข 3,09:00-16:00,0,0,1
สังฆสันติสุข - สังฆสันติสุข 3 - อยู่วิทยา,สังฆสันติสุข 3,16:00-19:00,0,0,1
สังฆสันติสุข - สังฆสันติสุข 3 - อยู่วิทยา,อยู่วิทยา,07:00-09:00,0,0,1
สังฆสันติสุข - สังฆสันติสุข 3 - อยู่วิทยา,อยู่วิทยา,09:00-16:00,0,0,1
สังฆสันติสุข - สังฆสันติสุข 3 - อยู่วิทยา,อยู่วิทยา,16:00-19:00,0,0,1
สังฆสันติสุข - สังฆสันติสุข 7,สังฆสันติสุข,07:00-09:00,0,0,1
สังฆสันติสุข - สังฆสันติสุข 7,สังฆสันติสุข,09:00-17:00,0,0,1
สังฆสันติสุข - สังฆสันติสุข 7,สังฆสันติสุข,17:00-19:00,0,0,1
สังฆสันติสุข - สังฆสันติสุข 7,สังฆสันติสุข 7,07:00-09:00,0,0,1
สังฆสันติสุข - สังฆสันติสุข 7,สังฆสันติสุข 7,09:00-17:00,0,0,1
สังฆสันติสุข - สังฆสันติสุข 7,สังฆสันติสุข 7,17:00-19:00,0,0,1
สาทร - คอนแวต์,คอนแวนต์,07:00-09:00,0,0,1
สาทร - คอนแวต์,คอนแวนต์,09:00-17:00,0,0,1
สาทร - คอนแวต์,คอนแวนต์,17:00-19:00,0,0,1
สาทร - คอนแวต์,สาทร,07:00-09:00,0,0,1
สาทร - คอนแวต์,สาทร,09:00-17:00,0,0,1
สาทร - คอนแวต์,สาทร,17:00-19:00,0,0,1
สาทร - คอนแวนต์,คอนแวนต์,07:00-09:00,0,0,2
สาทร - คอนแวนต์,คอนแวนต์,09:00-17:00,0,0,2
สาทร - คอนแวนต์,คอนแวนต์,17:00-19:00,0,0,2
สาทร - คอนแวนต์,สาทร,07:00-09:00,0,0,2
สาทร - คอนแวนต์,สาทร,09:00-17:00,0,0,2
สาทร - คอนแวนต์,สาทร,17:00-19:00,0,0,2
สาทร - นราธิวาส,นราธิวาสราชนครนิทร์,07:00-09:00,0,1,0
สาทร - นราธิวาส,นราธิวาสราชนครนิทร์,09:00-16:00,0,1,0
สาทร - นราธิวาส,นราธิวาสราชนครนิทร์,16:00-19:00,0,1,0
สาทร - นราธิวาส,นราธิวาสราชนครินทร์,07:00-09:00,1,0,3
สาทร - นราธิวาส,นราธิวาสราชนครินทร์,09:00-16:00,1,0,1
สาทร - นราธิวาส,นราธิวาสราชนครินทร์,09:00-17:00,0,0,2
สาทร - นราธิวาส,นราธิวาสราชนครินทร์,16:00-19:00,1,0,1
สาทร - นราธิวาส,นราธิวาสราชนครินทร์,17:00-19:00,0,0,2
สาทร - นราธิวาส,สาทร,07:00-09:00,1,1,3
สาทร - นราธิวาส,สาทร,09:00-16:00,1,1,1
สาทร - นราธิวาส,สาทร,09:00-17:00,0,0,2
สาทร - นราธิวาส,สาทร,16:00-19:00,1,1,1
สาทร - นราธิวาส,สาทร,17:00-19:00,0,0,2
สาทร - นราธิวาสฯ,นราธิวาสราชนครินทร์,07:00-09:00,0,0,1
สาทร - นราธิวาสฯ,นราธิวาสราชนครินทร์,09:00-17:00,0,0,1
สาทร - นราธิวาสฯ,นราธิวาสราชนครินทร์,17:00-19:00,0,0,1
สาทร - นราธิวาสฯ,สาทร,07:00-09:00,0,0,1
สาทร - นราธิวาสฯ,สาทร,09:00-17:00,0,0,1
สาทร - นราธิวาสฯ,สาทร,17:00-19:00,0,0,1
สาทร - ประมวญ,ประมวญ,07:00-09:00,0,0,1
สาทร - ประมวญ,ประมวญ,09:00-17:00,0,0,1
สาทร - ประมวญ,ประมวญ,17:00-19:00,0,0,1
สาทร - ประมวญ,สาทร,07:00-09:00,0,0,1
สาทร - ประมวญ,สาทร,09:00-17:00,0,0,1
สาทร - ประมวญ,สาทร,17:00-19:00,0,0,1
สาทร - ประมวล,ประมวล,07:00-09:00,1,0,0
สาทร - ประมวล,ประมวล,09:00-16:00,1,0,0
สาทร - ประมวล,ประมวล,16:00-19:00,1,0,0
สาทร - ประมวล,สาทร,07:00-09:00,1,0,0
สาทร - ประมวล,สาทร,09:00-16:00,1,0,0
สาทร - ประมวล,สาทร,16:00-19:00,1,0,0
สาทร - ปั้น,ปั้น,07:00-09:00,0,0,1
สาทร - ปั้น,ปั้น,09:00-17:00,0,0,1
สาทร - ปั้น,ปั้น,17:00-19:00,0,0,1
สาทร - ปั้น,สาทร,07:00-09:00,0,0,1
สาทร - ปั้น,สาทร,09:00-17:00,0,0,1
สาทร - ปั้น,สาทร,17:00-19:00,0,0,1
สาทร - สุรศักดิ์,สาทร,06:30-09:00,0,1,0
สาทร - สุรศักดิ์,สาทร,07:00-09:00,0,0,2
สาทร - สุรศักดิ์,สาทร,09:00-16:00,0,1,1
สาทร - สุรศักดิ์,สาทร,09:00-17:00,0,0,1
สาทร - สุรศักดิ์,สาทร,16:00-19:00,0,0,1
สาทร - สุรศักดิ์,สาทร,16:00-19:30,0,1,0
สาทร - สุรศักดิ์,สาทร,17:00-19:00,0,0,1
สาทร - สุรศักดิ์,สุรศักดิ์,06:30-09:00,0,1,0
สาทร - สุรศักดิ์,สุรศักดิ์,07:00-09:00,0,0,2
สาทร - สุรศักดิ์,สุรศักดิ์,09:00-16:00,0,1,1
สาทร - สุรศักดิ์,สุรศักดิ์,09:00-17:00,0,0,1
สาทร - สุรศักดิ์,สุรศักดิ์,16:00-19:00,0,0,1
สาทร - สุรศักดิ์,สุรศักดิ์,16:00-19:30,0,1,0
สาทร - สุรศักดิ์,สุรศักดิ์,17:00-19:00,0,0,1
สาทร - สุรศักดิ์,เจริญราษฎร์,07:00-09:00,0,1,2
สาทร - สุรศักดิ์,เจริญราษฎร์,09:00-16:00,0,1,1
สาทร - สุรศักดิ์,เจริญราษฎร์,09:00-17:00,0,0,1
สาทร - สุรศักดิ์,เจริญราษฎร์,16:00-19:00,0,1,1
สาทร - สุรศักดิ์,เจริญราษฎร์,17:00-19:00,0,0,1
สาทร - เจริญกรุง,ทางเข้าเจ้าพระยาทาวเวอร์,07:00-09:00,0,1,1
สาทร - เจริญกรุง,ทางเข้าเจ้าพระยาทาวเวอร์,09:00-16:00,0,1,1
สาทร - เจริญกรุง,ทางเข้าเจ้าพระยาทาวเวอร์,16:00-19:00,0,1,1
สาทร - เจริญกรุง,สาทร,07:00-09:00,1,1,2
สาทร - เจริญกรุง,สาทร,09:00-16:00,1,1,1
สาทร - เจริญกรุง,สาทร,09:00-17:00,0,0,1
สาทร - เจริญกรุง,สาทร,16:00-19:00,1,1,1
สาทร - เจริญกรุง,สาทร,17:00-19:00,0,0,1
สาทร - เจริญกรุง,เจริญกรุง,07:00-09:00,1,1,2
สาทร - เจริญกรุง,เจริญกรุง,09:00-16:00,1,1,1
สาทร - เจริญกรุง,เจริญกรุง,09:00-17:00,0,0,1
สาทร - เจริญกรุง,เจริญกรุง,16:00-19:00,1,1,1
สาทร - เจริญกรุง,เจริญกรุง,17:00-19:00,0,0,1
สาทร - เจริญกรุง,เจริญกรุง 50/1,07:00-09:00,0,0,1
สาทร - เจริญกรุง,เจริญกรุง 50/1,09:00-17:00,0,0,1
สาทร - เจริญกรุง,เจริญกรุง 50/1,17:00-19:00,0,0,1
สาทร -สุรศักดิ์,สาทร,07:00-09:00,1,0,0
สาทร -สุรศักดิ์,สาทร,09:00-16:00,1,0,0
สาทร -สุรศักดิ์,สาทร,16:00-19:00,1,0,0
สาทร -สุรศักดิ์,สุรศักดิ์,07:00-09:00,1,0,0
สาทร -สุรศักดิ์,สุรศักดิ์,09:00-16:00,1,0,0
สาทร -สุรศักดิ์,สุรศักดิ์,16:00-19:00,1,0,0
สาทร -สุรศักดิ์,เจริญราษฎร์,07:00-09:00,1,0,0
สาทร -สุรศักดิ์,เจริญราษฎร์,09:00-16:00,1,0,0
สาทร -สุรศักดิ์,เจริญราษฎร์,16:00-19:00,1,0,0
สาทร 11 - นราธิวาส 10 แยก 22 -3,นราธิวาสฯ 10 แยก 22-3,07:00-09:00,0,0,1
สาทร 11 - นราธิวาส 10 แยก 22 -3,นราธิวาสฯ 10 แยก 22-3,09:00-16:00,0,0,1
สาทร 11 - นราธิวาส 10 แยก 22 -3,นราธิวาสฯ 10 แยก 22-3,16:00-19:00,0,0,1
สาทร 11 - นราธิวาส 10 แยก 22 -3,สาทร 11 (SB),07:00-09:00,0,0,1
สาทร 11 - นราธิวาส 10 แยก 22 -3,สาทร 11 (SB),09:00-16:00,0,0,1
สาทร 11 - นราธิวาส 10 แยก 22 -3,สาทร 11 (SB),16:00-19:00,0,0,1
สาทรคอนแวนต์,คอนแวนต์,07:00-09:00,0,0,1
สาทรคอนแวนต์,คอนแวนต์,09:00-16:00,0,0,1
สาทรคอนแวนต์,คอนแวนต์,16:00-19:00,0,0,1
สาทรคอนแวนต์,ซอยคอนแวนต์,07:00-09:00,1,0,0
สาทรคอนแวนต์,ซอยคอนแวนต์,09:00-16:00,1,0,0
สาทรคอนแวนต์,ซอยคอนแวนต์,16:00-19:00,1,0,0
สาทรคอนแวนต์,สาทร,07:00-09:00,1,0,1
สาทรคอนแวนต์,สาทร,09:00-16:00,1,0,1
สาทรคอนแวนต์,สาทร,16:00-19:00,1,0,1
สาธุ - จันทน์,จันทน์,07:00-09:00,2,1,2
สาธุ - จันทน์,จันทน์,09:00-16:00,2,1,0
สาธุ - จันทน์,จันทน์,09:00-17:00,0,0,1
สาธุ - จันทน์,จันทน์,16:00-19:00,2,1,0
สาธุ - จันทน์,จันทน์,17:00-19:00,0,0,2
สาธุ - จันทน์,สาธุประดิษฐ์,07:00-09:00,2,1,2
สาธุ - จันทน์,สาธุประดิษฐ์,09:00-16:00,2,1,0
สาธุ - จันทน์,สาธุประดิษฐ์,09:00-17:00,0,0,2
สาธุ - จันทน์,สาธุประดิษฐ์,16:00-19:00,2,1,0
สาธุ - จันทน์,สาธุประดิษฐ์,17:00-19:00,0,0,2
สาธุประดิษฐ์,พระรามที่ 3,07:00-09:00,2,0,2
สาธุประดิษฐ์,พระรามที่ 3,09:00-16:00,2,0,1
สาธุประดิษฐ์,พระรามที่ 3,09:00-17:00,0,0,1
สาธุประดิษฐ์,พระรามที่ 3,16:00-19:00,2,0,1
สาธุประดิษฐ์,พระรามที่ 3,17:00-19:00,0,0,1
สาธุประดิษฐ์,พระรามที่3,07:00-09:00,0,1,0
สาธุประดิษฐ์,พระรามที่3,09:00-16:00,0,1,0
สาธุประดิษฐ์,พระรามที่3,16:00-19:00,0,1,0
สาธุประดิษฐ์,สาธุประดิษฐ์,06:30-09:00,0,1,0
สาธุประดิษฐ์,สาธุประดิษฐ์,07:00-09:00,2,0,2
สาธุประดิษฐ์,สาธุประดิษฐ์,09:00-16:00,2,1,1
สาธุประดิษฐ์,สาธุประดิษฐ์,09:00-17:00,0,0,1
สาธุประดิษฐ์,สาธุประดิษฐ์,16:00-19:00,2,0,1
สาธุประดิษฐ์,สาธุประดิษฐ์,16:00-19:30,0,1,0
สาธุประดิษฐ์,สาธุประดิษฐ์,17:00-19:00,0,0,1
สาธุประดิษฐ์ 19,สาธุประดิษฐ์,07:00-09:00,0,0,1
สาธุประดิษฐ์ 19,สาธุประดิษฐ์,09:00-17:00,0,0,1
สาธุประดิษฐ์ 19,สาธุประดิษฐ์,17:00-19:00,0,0,1
สาธุประดิษฐ์ 19,สาธุประดิษฐ์ 19,07:00-09:00,0,0,1
สาธุประดิษฐ์ 19,สาธุประดิษฐ์ 19,09:00-17:00,0,0,1
สาธุประดิษฐ์ 19,สาธุประดิษฐ์ 19,17:00-19:00,0,0,1
สาธุประดิษฐ์- ยานนาวา,ยานนาวาว,07:00-09:00,1,0,0
สาธุประดิษฐ์- ยานนาวา,ยานนาวาว,09:00-16:00,1,0,0
สาธุประดิษฐ์- ยานนาวา,ยานนาวาว,16:00-19:00,1,0,0
สาธุประดิษฐ์- ยานนาวา,สาธุประดิษฐ์,07:00-09:00,1,0,0
สาธุประดิษฐ์- ยานนาวา,สาธุประดิษฐ์,09:00-16:00,1,0,0
สาธุประดิษฐ์- ยานนาวา,สาธุประดิษฐ์,16:00-19:00,1,0,0
สามยอด,มหาไชย,07:00-09:00,1,2,2
สามยอด,มหาไชย,09:00-16:00,1,2,1
สามยอด,มหาไชย,09:00-17:00,0,0,1
สามยอด,มหาไชย,16:00-19:00,1,2,1
สามยอด,มหาไชย,17:00-19:00,0,0,1
สามยอด,เจริญกรุง,07:00-09:00,1,2,2
สามยอด,เจริญกรุง,09:00-16:00,1,2,1
สามยอด,เจริญกรุง,09:00-17:00,0,0,1
สามยอด,เจริญกรุง,16:00-19:00,1,2,1
สามยอด,เจริญกรุง,17:00-19:00,0,0,1
สามย่าน,พญาไท,07:00-09:00,0,1,2
สามย่าน,พญาไท,09:00-16:00,0,1,1
สามย่าน,พญาไท,09:00-17:00,0,0,1
สามย่าน,พญาไท,16:00-19:00,0,1,1
สามย่าน,พญาไท,17:00-19:00,0,0,1
สามย่าน,พระรามที่ 4,07:00-09:00,0,0,2
สามย่าน,พระรามที่ 4,09:00-16:00,0,0,1
สามย่าน,พระรามที่ 4,09:00-17:00,0,0,1
สามย่าน,พระรามที่ 4,16:00-19:00,0,0,1
สามย่าน,พระรามที่ 4,17:00-19:00,0,0,1
สามย่าน,พระรามที่4,07:00-09:00,0,1,0
สามย่าน,พระรามที่4,09:00-16:00,0,1,0
สามย่าน,พระรามที่4,16:00-19:00,0,1,0
สามย่าน,สี่พระยา,07:00-09:00,0,1,2
สามย่าน,สี่พระยา,09:00-16:00,0,1,1
สามย่าน,สี่พระยา,09:00-17:00,0,0,1
สามย่าน,สี่พระยา,16:00-19:00,0,1,1
สามย่าน,สี่พระยา,17:00-19:00,0,0,1
สามัคคี,การไฟฟ้าภูมิภาค,07:00-09:00,1,0,0
สามัคคี,การไฟฟ้าภูมิภาค,09:00-16:00,1,0,0
สามัคคี,การไฟฟ้าภูมิภาค,16:00-19:00,1,0,0
สามัคคี,ประชาชื่น,07:00-09:00,1,0,0
สามัคคี,ประชาชื่น,09:00-16:00,1,0,0
สามัคคี,ประชาชื่น,16:00-19:00,1,0,0
สามัคคี,สามัคคี,07:00-09:00,1,0,0
สามัคคี,สามัคคี,09:00-16:00,1,0,0
สามัคคี,สามัคคี,16:00-19:00,1,0,0
สามเสน,นครไชยศรี,07:00-09:00,2,2,1
สามเสน,นครไชยศรี,09:00-16:00,2,2,0
สามเสน,นครไชยศรี,09:00-17:00,0,0,1
สามเสน,นครไชยศรี,16:00-19:00,2,2,0
สามเสน,นครไชยศรี,17:00-19:00,0,0,1
สามเสน,สวรรคโลก,07:00-09:00,2,2,1
สามเสน,สวรรคโลก,09:00-16:00,2,2,0
สามเสน,สวรรคโลก,09:00-17:00,0,0,1
สามเสน,สวรรคโลก,16:00-19:00,2,2,0
สามเสน,สวรรคโลก,17:00-19:00,0,0,1
สามเสน,เทอดดำริ,07:00-09:00,2,2,1
สามเสน,เทอดดำริ,09:00-16:00,2,2,0
สามเสน,เทอดดำริ,09:00-17:00,0,0,1
สามเสน,เทอดดำริ,16:00-19:00,2,2,0
สามเสน,เทอดดำริ,17:00-19:00,0,0,1
สามเหลียมดินแดง,ซอยอรรถวิมล,07:00-09:00,1,0,0
สามเหลียมดินแดง,ซอยอรรถวิมล,09:00-16:00,1,0,0
สามเหลียมดินแดง,ซอยอรรถวิมล,16:00-19:00,1,0,0
สามเหลียมดินแดง,ดินแดง,07:00-09:00,1,0,0
สามเหลียมดินแดง,ดินแดง,09:00-16:00,1,0,0
สามเหลียมดินแดง,ดินแดง,16:00-19:00,1,0,0
สามเหลียมดินแดง,ราชปรารภ,07:00-09:00,1,0,0
สามเหลียมดินแดง,ราชปรารภ,09:00-16:00,1,0,0
สามเหลียมดินแดง,ราชปรารภ,16:00-19:00,1,0,0
สามเหลียมดินแดง,ราชวิถี,07:00-09:00,1,0,0
สามเหลียมดินแดง,ราชวิถี,09:00-16:00,1,0,0
สามเหลียมดินแดง,ราชวิถี,16:00-19:00,1,0,0
สามเหลี่ยมดินแดง,ซ.อรรถวิมล,07:00-09:00,1,0,0
สามเหลี่ยมดินแดง,ซ.อรรถวิมล,09:00-16:00,1,0,0
สามเหลี่ยมดินแดง,ซ.อรรถวิมล,16:00-19:00,1,0,0
สามเหลี่ยมดินแดง,ซอยราชวิถี 2,07:00-09:00,0,0,1
สามเหลี่ยมดินแดง,ซอยราชวิถี 2,09:00-17:00,0,0,1
สามเหลี่ยมดินแดง,ซอยราชวิถี 2,17:00-19:00,0,0,1
สามเหลี่ยมดินแดง,ดินแดง,07:00-09:00,1,1,2
สามเหลี่ยมดินแดง,ดินแดง,09:00-16:00,1,1,1
สามเหลี่ยมดินแดง,ดินแดง,09:00-17:00,0,0,1
สามเหลี่ยมดินแดง,ดินแดง,16:00-19:00,1,1,1
สามเหลี่ยมดินแดง,ดินแดง,17:00-19:00,0,0,1
สามเหลี่ยมดินแดง,ถนนดินแดง,07:00-09:00,0,0,1
สามเหลี่ยมดินแดง,ถนนดินแดง,09:00-17:00,0,0,1
สามเหลี่ยมดินแดง,ถนนดินแดง,17:00-19:00,0,0,1
สามเหลี่ยมดินแดง,ถนนราชปรารภ,07:00-09:00,0,0,1
สามเหลี่ยมดินแดง,ถนนราชปรารภ,09:00-17:00,0,0,1
สามเหลี่ยมดินแดง,ถนนราชปรารภ,17:00-19:00,0,0,1
สามเหลี่ยมดินแดง,ถนนราชวิถี,07:00-09:00,0,0,1
สามเหลี่ยมดินแดง,ถนนราชวิถี,09:00-17:00,0,0,1
สามเหลี่ยมดินแดง,ถนนราชวิถี,17:00-19:00,0,0,1
สามเหลี่ยมดินแดง,ราชปรารภ,07:00-09:00,1,1,2
สามเหลี่ยมดินแดง,ราชปรารภ,09:00-16:00,1,1,1
สามเหลี่ยมดินแดง,ราชปรารภ,09:00-17:00,0,0,1
สามเหลี่ยมดินแดง,ราชปรารภ,16:00-19:00,1,1,1
สามเหลี่ยมดินแดง,ราชปรารภ,17:00-19:00,0,0,1
สามเหลี่ยมดินแดง,ราชวิถี,07:00-09:00,1,1,2
สามเหลี่ยมดินแดง,ราชวิถี,09:00-16:00,1,1,1
สามเหลี่ยมดินแดง,ราชวิถี,09:00-17:00,0,0,1
สามเหลี่ยมดินแดง,ราชวิถี,16:00-19:00,1,1,1
สามเหลี่ยมดินแดง,ราชวิถี,17:00-19:00,0,0,1
สามเหลี่ยมดินแดง,ราชวิถี 2,07:00-09:00,0,0,1
สามเหลี่ยมดินแดง,ราชวิถี 2,09:00-17:00,0,0,1
สามเหลี่ยมดินแดง,ราชวิถี 2,17:00-19:00,0,0,1
สามเหลี่ยมดินแดง,อรรถวิมล,07:00-09:00,0,1,1
สามเหลี่ยมดินแดง,อรรถวิมล,09:00-16:00,0,1,1
สามเหลี่ยมดินแดง,อรรถวิมล,16:00-19:00,0,1,1
สามแยกบางกะปิ,ลาดพร้าว,07:00-09:00,1,1,3
สามแยกบางกะปิ,ลาดพร้าว,09:00-16:00,1,1,0
สามแยกบางกะปิ,ลาดพร้าว,09:00-17:00,0,0,3
สามแยกบางกะปิ,ลาดพร้าว,16:00-19:00,1,1,0
สามแยกบางกะปิ,ลาดพร้าว,17:00-19:00,0,0,3
สามแยกบางกะปิ,ศรีนครินทร์,07:00-09:00,1,1,3
สามแยกบางกะปิ,ศรีนครินทร์,09:00-16:00,1,1,0
สามแยกบางกะปิ,ศรีนครินทร์,09:00-17:00,0,0,3
สามแยกบางกะปิ,ศรีนครินทร์,16:00-19:00,1,1,0
สามแยกบางกะปิ,ศรีนครินทร์,17:00-19:00,0,0,3
สามแยกพิชัย,นครไชยศรี,07:00-09:00,0,0,1
สามแยกพิชัย,นครไชยศรี,09:00-16:00,0,0,1
สามแยกพิชัย,นครไชยศรี,16:00-19:00,0,0,1
สามแยกพิชัย,พิชัย,07:00-09:00,0,1,2
สามแยกพิชัย,พิชัย,09:00-16:00,0,1,2
สามแยกพิชัย,พิชัย,16:00-19:00,0,1,2
สามแยกพิชัย,อำนวยสงคราม,07:00-09:00,0,1,1
สามแยกพิชัย,อำนวยสงคราม,09:00-16:00,0,1,1
สามแยกพิชัย,อำนวยสงคราม,16:00-19:00,0,1,1
สามแยกในซอยสุขุมวิท 101/1,ซอยวัดทุ่ง,07:00-09:00,1,0,0
สามแยกในซอยสุขุมวิท 101/1,ซอยวัดทุ่ง,09:00-16:00,1,0,0
สามแยกในซอยสุขุมวิท 101/1,ซอยวัดทุ่ง,16:00-19:00,1,0,0
สามแยกในซอยสุขุมวิท 101/1,ซอยอุดมสุข 51,07:00-09:00,1,0,0
สามแยกในซอยสุขุมวิท 101/1,ซอยอุดมสุข 51,09:00-16:00,1,0,0
สามแยกในซอยสุขุมวิท 101/1,ซอยอุดมสุข 51,16:00-19:00,1,0,0
สามแยกในซอยสุขุมวิท 101/1,วชิรธรรมสาธิต,07:00-09:00,1,0,0
สามแยกในซอยสุขุมวิท 101/1,วชิรธรรมสาธิต,09:00-16:00,1,0,0
สามแยกในซอยสุขุมวิท 101/1,วชิรธรรมสาธิต,16:00-19:00,1,0,0
สายน้ำผึ้ง,ซอยสุขุมวิท 22,07:00-09:00,0,0,1
สายน้ำผึ้ง,ซอยสุขุมวิท 22,09:00-17:00,0,0,1
สายน้ำผึ้ง,ซอยสุขุมวิท 22,17:00-19:00,0,0,1
สายน้ำผึ้ง,สุขุมวิท,07:00-09:00,1,0,4
สายน้ำผึ้ง,สุขุมวิท,09:00-16:00,1,0,1
สายน้ำผึ้ง,สุขุมวิท,09:00-17:00,0,0,3
สายน้ำผึ้ง,สุขุมวิท,16:00-19:00,1,0,1
สายน้ำผึ้ง,สุขุมวิท,17:00-19:00,0,0,3
สายน้ำผึ้ง,สุขุมวิท 22,07:00-09:00,0,0,2
สายน้ำผึ้ง,สุขุมวิท 22,09:00-16:00,0,0,1
สายน้ำผึ้ง,สุขุมวิท 22,09:00-17:00,0,0,1
สายน้ำผึ้ง,สุขุมวิท 22,16:00-19:00,0,0,1
สายน้ำผึ้ง,สุขุมวิท 22,17:00-19:00,0,0,1
สายน้ำผึ้ง,สุขุมวิท22,07:00-09:00,0,0,1
สายน้ำผึ้ง,สุขุมวิท22,09:00-17:00,0,0,1
สายน้ำผึ้ง,สุขุมวิท22,17:00-19:00,0,0,1
สายน้ำผึ้ง,สูขุมวิท 22,07:00-09:00,1,0,0
สายน้ำผึ้ง,สูขุมวิท 22,09:00-16:00,1,0,0
สายน้ำผึ้ง,สูขุมวิท 22,16:00-19:00,1,0,0
สายไหม 39,สายไหม,07:00-09:00,0,0,1
สายไหม 39,สายไหม,09:00-17:00,0,0,1
สายไหม 39,สายไหม,17:00-19:00,0,0,1
สายไหม 39,สายไหม 39,07:00-09:00,0,0,1
สายไหม 39,สายไหม 39,09:00-17:00,0,0,1
สายไหม 39,สายไหม 39,17:00-19:00,0,0,1
สารสิน,ซอยร่วมฤดี,07:00-09:00,0,1,0
สารสิน,ซอยร่วมฤดี,09:00-16:00,0,1,0
สารสิน,ซอยร่วมฤดี,16:00-19:00,0,1,0
สารสิน,ร่วมฤดี,07:00-09:00,0,0,2
สารสิน,ร่วมฤดี,09:00-17:00,0,0,2
สารสิน,ร่วมฤดี,17:00-19:00,0,0,2
สารสิน,วิทยุ,07:00-09:00,0,1,2
สารสิน,วิทยุ,09:00-16:00,0,1,0
สารสิน,วิทยุ,09:00-17:00,0,0,2
สารสิน,วิทยุ,16:00-19:00,0,1,0
สารสิน,วิทยุ,17:00-19:00,0,0,2
สารสิน,สารสิน,07:00-09:00,0,1,2
สารสิน,สารสิน,09:00-16:00,0,1,0
สารสิน,สารสิน,09:00-17:00,0,0,2
สารสิน,สารสิน,16:00-19:00,0,1,0
สารสิน,สารสิน,17:00-19:00,0,0,2
สารสิน -วิทยุ,ซอยร่วมฤดี,07:00-09:00,1,0,0
สารสิน -วิทยุ,ซอยร่วมฤดี,09:00-16:00,1,0,0
สารสิน -วิทยุ,ซอยร่วมฤดี,16:00-19:00,1,0,0
สารสิน -วิทยุ,วิทยุ,06:30-09:00,1,0,0
สารสิน -วิทยุ,วิทยุ,09:00-16:00,1,0,0
สารสิน -วิทยุ,วิทยุ,16:00-19:30,1,0,0
สารสิน -วิทยุ,สารสิน,06:30-09:00,1,0,0
สารสิน -วิทยุ,สารสิน,09:00-16:00,1,0,0
สารสิน -วิทยุ,สารสิน,16:00-19:30,1,0,0
สารสิน-วิทยุ,ซ.ร่วมฤดี,07:00-09:00,1,0,0
สารสิน-วิทยุ,ซ.ร่วมฤดี,09:00-16:00,1,0,0
สารสิน-วิทยุ,ซ.ร่วมฤดี,16:00-19:00,1,0,0
สารสิน-วิทยุ,วิทยุ,07:00-09:00,1,0,0
สารสิน-วิทยุ,วิทยุ,09:00-16:00,1,0,0
สารสิน-วิทยุ,วิทยุ,16:00-19:00,1,0,0
สารสิน-วิทยุ,สารสิน,07:00-09:00,1,0,0
สารสิน-วิทยุ,สารสิน,09:00-16:00,1,0,0
สารสิน-วิทยุ,สารสิน,16:00-19:00,1,0,0
สำนักงาน กพ .,พิษณุโลก,07:00-09:00,1,0,0
สำนักงาน กพ .,พิษณุโลก,09:00-16:00,1,0,0
สำนักงาน กพ .,พิษณุโลก,16:00-19:00,1,0,0
สำราญราษฎร์,บำรุงเมือง,06:30-09:00,0,2,0
สำราญราษฎร์,บำรุงเมือง,07:00-09:00,0,2,2
สำราญราษฎร์,บำรุงเมือง,09:00-16:00,0,4,1
สำราญราษฎร์,บำรุงเมือง,09:00-17:00,0,0,1
สำราญราษฎร์,บำรุงเมือง,16:00-19:00,0,2,1
สำราญราษฎร์,บำรุงเมือง,16:00-19:30,0,2,0
สำราญราษฎร์,บำรุงเมือง,17:00-19:00,0,0,1
สำราญราษฎร์,มหาไชย,06:30-09:00,0,2,0
สำราญราษฎร์,มหาไชย,07:00-09:00,0,2,2
สำราญราษฎร์,มหาไชย,09:00-16:00,0,4,1
สำราญราษฎร์,มหาไชย,09:00-17:00,0,0,1
สำราญราษฎร์,มหาไชย,16:00-19:00,0,2,1
สำราญราษฎร์,มหาไชย,16:00-19:30,0,2,0
สำราญราษฎร์,มหาไชย,17:00-19:00,0,0,1
สำราษราษฎร์,บำรุงเมือง,07:00-09:00,1,0,0
สำราษราษฎร์,บำรุงเมือง,09:00-16:00,1,0,0
สำราษราษฎร์,บำรุงเมือง,16:00-19:00,1,0,0
สำราษราษฎร์,มหาไชย,07:00-09:00,1,0,0
สำราษราษฎร์,มหาไชย,09:00-16:00,1,0,0
สำราษราษฎร์,มหาไชย,16:00-19:00,1,0,0
สีกักเสาชิงซ้า,บำรุงเมือง,16:00-19:00,1,0,0
สีกั๊กพระยาศรี,บ้านหมอ,07:00-09:00,1,0,0
สีกั๊กพระยาศรี,บ้านหมอ,09:00-16:00,1,0,0
สีกั๊กพระยาศรี,บ้านหมอ,16:00-19:00,1,0,0
สีกั๊กพระยาศรี,เจริญกรุง,07:00-09:00,1,0,0
สีกั๊กพระยาศรี,เจริญกรุง,09:00-16:00,1,0,0
สีกั๊กพระยาศรี,เจริญกรุง,16:00-19:00,1,0,0
สีลม,สีลม,07:00-09:00,0,0,1
สีลม,สีลม,09:00-16:00,0,0,1
สีลม,สีลม,16:00-19:00,0,0,1
สีลม,เลียบใต้ทางด่วน,07:00-09:00,0,0,1
สีลม,เลียบใต้ทางด่วน,09:00-16:00,0,0,1
สีลม,เลียบใต้ทางด่วน,16:00-19:00,0,0,1
สีลม - คอนแวนต์,คอนแวนต์,07:00-09:00,1,0,0
สีลม - คอนแวนต์,คอนแวนต์,09:00-16:00,1,0,0
สีลม - คอนแวนต์,คอนแวนต์,16:00-19:00,1,0,0
สีลม - คอนแวนต์,สีลม,07:00-09:00,1,0,0
สีลม - คอนแวนต์,สีลม,09:00-16:00,1,0,0
สีลม - คอนแวนต์,สีลม,16:00-19:00,1,0,0
สีลม - นราธิวาส,นราธิวาสราขนครินทร์,07:00-09:00,0,0,1
สีลม - นราธิวาส,นราธิวาสราขนครินทร์,09:00-17:00,0,0,1
สีลม - นราธิวาส,นราธิวาสราขนครินทร์,17:00-19:00,0,0,1
สีลม - นราธิวาส,นราธิวาสราชนครินทร์,07:00-09:00,1,1,1
สีลม - นราธิวาส,นราธิวาสราชนครินทร์,09:00-16:00,1,1,0
สีลม - นราธิวาส,นราธิวาสราชนครินทร์,09:00-17:00,0,0,1
สีลม - นราธิวาส,นราธิวาสราชนครินทร์,16:00-19:00,1,1,0
สีลม - นราธิวาส,นราธิวาสราชนครินทร์,17:00-19:00,0,0,1
สีลม - นราธิวาส,สีลม,07:00-09:00,1,1,2
สีลม - นราธิวาส,สีลม,09:00-16:00,1,1,0
สีลม - นราธิวาส,สีลม,09:00-17:00,0,0,2
สีลม - นราธิวาส,สีลม,16:00-19:00,1,1,0
สีลม - นราธิวาส,สีลม,17:00-19:00,0,0,2
สีลม -นราธิวาส,นราธิวาสราชนครินทร์,07:00-09:00,1,0,0
สีลม -นราธิวาส,นราธิวาสราชนครินทร์,09:00-16:00,1,0,0
สีลม -นราธิวาส,นราธิวาสราชนครินทร์,16:00-19:00,1,0,0
สีลม -นราธิวาส,สีลม,07:00-09:00,1,0,0
สีลม -นราธิวาส,สีลม,09:00-16:00,1,0,0
สีลม -นราธิวาส,สีลม,16:00-19:00,1,0,0
สีลม 3,สีลม,07:00-09:00,0,0,1
สีลม 3,สีลม,09:00-17:00,0,0,1
สีลม 3,สีลม,17:00-19:00,0,0,1
สี่กั๊กพระยาศรี,บ้านหม้อ,07:00-09:00,0,2,1
สี่กั๊กพระยาศรี,บ้านหม้อ,09:00-16:00,0,2,0
สี่กั๊กพระยาศรี,บ้านหม้อ,09:00-17:00,0,0,1
สี่กั๊กพระยาศรี,บ้านหม้อ,16:00-19:00,0,2,0
สี่กั๊กพระยาศรี,บ้านหม้อ,17:00-19:00,0,0,1
สี่กั๊กพระยาศรี,เจริญกรุง,07:00-09:00,0,2,1
สี่กั๊กพระยาศรี,เจริญกรุง,09:00-16:00,0,2,0
สี่กั๊กพระยาศรี,เจริญกรุง,09:00-17:00,0,0,1
สี่กั๊กพระยาศรี,เจริญกรุง,16:00-19:00,0,2,0
สี่กั๊กพระยาศรี,เจริญกรุง,17:00-19:00,0,0,1
สี่กั๊กพระยาศรี,เฟื่องนคร,07:00-09:00,0,0,1
สี่กั๊กพระยาศรี,เฟื่องนคร,09:00-17:00,0,0,1
สี่กั๊กพระยาศรี,เฟื่องนคร,17:00-19:00,0,0,1
สี่กั๊กเสาชิงช้า,ตะนาว,07:00-09:00,1,1,2
สี่กั๊กเสาชิงช้า,ตะนาว,09:00-16:00,1,1,1
สี่กั๊กเสาชิงช้า,ตะนาว,09:00-17:00,0,0,1
สี่กั๊กเสาชิงช้า,ตะนาว,16:00-19:00,1,1,1
สี่กั๊กเสาชิงช้า,ตะนาว,17:00-19:00,0,0,1
สี่กั๊กเสาชิงช้า,บำรุงเมือง,07:00-09:00,1,1,2
สี่กั๊กเสาชิงช้า,บำรุงเมือง,09:00-16:00,1,1,1
สี่กั๊กเสาชิงช้า,บำรุงเมือง,09:00-17:00,0,0,1
สี่กั๊กเสาชิงช้า,บำรุงเมือง,16:00-19:00,0,1,1
สี่กั๊กเสาชิงช้า,บำรุงเมือง,17:00-19:00,0,0,1
สี่กั๊กเสาชิงช้า,เฟื่องนคร,07:00-09:00,1,1,2
สี่กั๊กเสาชิงช้า,เฟื่องนคร,09:00-16:00,1,1,1
สี่กั๊กเสาชิงช้า,เฟื่องนคร,09:00-17:00,0,0,1
สี่กั๊กเสาชิงช้า,เฟื่องนคร,16:00-19:00,1,1,1
สี่กั๊กเสาชิงช้า,เฟื่องนคร,17:00-19:00,0,0,1
สี่พระยา,สี่พระยา,07:00-09:00,1,0,2
สี่พระยา,สี่พระยา,09:00-16:00,1,0,1
สี่พระยา,สี่พระยา,09:00-17:00,0,0,1
สี่พระยา,สี่พระยา,16:00-19:00,1,0,1
สี่พระยา,สี่พระยา,17:00-19:00,0,0,1
สี่พระยา,เจริญกรุง,07:00-09:00,1,0,2
สี่พระยา,เจริญกรุง,09:00-16:00,1,0,1
สี่พระยา,เจริญกรุง,09:00-17:00,0,0,1
สี่พระยา,เจริญกรุง,16:00-19:00,1,0,1
สี่พระยา,เจริญกรุง,17:00-19:00,0,0,1
สี่พระยา - นเรศ,สี่พระยา,07:00-09:00,0,1,0
สี่พระยา - นเรศ,สี่พระยา,09:00-16:00,0,1,0
สี่พระยา - นเรศ,สี่พระยา,16:00-19:00,0,1,0
สี่เสาเทเวศร์,ศรีอยุธยา,07:00-09:00,0,1,1
สี่เสาเทเวศร์,ศรีอยุธยา,09:00-16:00,0,1,1
สี่เสาเทเวศร์,ศรีอยุธยา,16:00-19:00,0,1,1
สี่เสาเทเวศร์,สามเสน,07:00-09:00,0,1,1
สี่เสาเทเวศร์,สามเสน,09:00-16:00,0,1,1
สี่เสาเทเวศร์,สามเสน,16:00-19:00,0,1,1
สี่เสาเสาเทเวศร์,ศรีอยุธยา,07:00-09:00,0,0,1
สี่เสาเสาเทเวศร์,ศรีอยุธยา,09:00-17:00,0,0,1
สี่เสาเสาเทเวศร์,ศรีอยุธยา,17:00-19:00,0,0,1
สี่เสาเสาเทเวศร์,สามเสน,07:00-09:00,0,0,1
สี่เสาเสาเทเวศร์,สามเสน,09:00-17:00,0,0,1
สี่เสาเสาเทเวศร์,สามเสน,17:00-19:00,0,0,1
สี่แยกลาดหญ้า,ท่าดินแดง,06:30-09:00,1,0,0
สี่แยกลาดหญ้า,ท่าดินแดง,07:00-09:00,0,1,2
สี่แยกลาดหญ้า,ท่าดินแดง,09:00-16:00,1,1,0
สี่แยกลาดหญ้า,ท่าดินแดง,09:00-17:00,0,0,2
สี่แยกลาดหญ้า,ท่าดินแดง,16:00-19:00,0,1,0
สี่แยกลาดหญ้า,ท่าดินแดง,16:00-19:30,1,0,0
สี่แยกลาดหญ้า,ท่าดินแดง,17:00-19:00,0,0,2
สี่แยกลาดหญ้า,อิสรภาพ,06:30-09:00,1,0,0
สี่แยกลาดหญ้า,อิสรภาพ,07:00-09:00,0,1,2
สี่แยกลาดหญ้า,อิสรภาพ,09:00-16:00,1,1,0
สี่แยกลาดหญ้า,อิสรภาพ,09:00-17:00,0,0,2
สี่แยกลาดหญ้า,อิสรภาพ,16:00-19:00,0,1,0
สี่แยกลาดหญ้า,อิสรภาพ,16:00-19:30,1,0,0
สี่แยกลาดหญ้า,อิสรภาพ,17:00-19:00,0,0,2
สุขาภิบาล 2 - คู่ขนานวงแหวนกาญจนาภิเษก,วงแหวนกาญจนาภิเษก,07:00-09:00,1,0,0
สุขาภิบาล 2 - คู่ขนานวงแหวนกาญจนาภิเษก,วงแหวนกาญจนาภิเษก,09:00-16:00,1,0,0
สุขาภิบาล 2 - คู่ขนานวงแหวนกาญจนาภิเษก,วงแหวนกาญจนาภิเษก,16:00-19:00,1,0,0
สุขาภิบาล 2 - คู่ขนานวงแหวนกาญจนาภิเษก,สุขาภิบาล 2,07:00-09:00,1,0,0
สุขาภิบาล 2 - คู่ขนานวงแหวนกาญจนาภิเษก,สุขาภิบาล 2,09:00-16:00,1,0,0
สุขาภิบาล 2 - คู่ขนานวงแหวนกาญจนาภิเษก,สุขาภิบาล 2,16:00-19:00,1,0,0
สุขาภิบาล 5 - จตุโชติ,จตุโชติ,07:00-09:00,0,0,2
สุขาภิบาล 5 - จตุโชติ,จตุโชติ,09:00-16:00,0,0,1
สุขาภิบาล 5 - จตุโชติ,จตุโชติ,09:00-17:00,0,0,1
สุขาภิบาล 5 - จตุโชติ,จตุโชติ,16:00-19:00,0,0,1
สุขาภิบาล 5 - จตุโชติ,จตุโชติ,17:00-19:00,0,0,1
สุขาภิบาล 5 - จตุโชติ,ซอยจตุโชติ,07:00-09:00,0,1,0
สุขาภิบาล 5 - จตุโชติ,ซอยจตุโชติ,09:00-16:00,0,1,0
สุขาภิบาล 5 - จตุโชติ,ซอยจตุโชติ,16:00-19:00,0,1,0
สุขาภิบาล 5 - จตุโชติ,สุขาภิบาล 5,07:00-09:00,0,1,2
สุขาภิบาล 5 - จตุโชติ,สุขาภิบาล 5,09:00-16:00,0,1,1
สุขาภิบาล 5 - จตุโชติ,สุขาภิบาล 5,09:00-17:00,0,0,1
สุขาภิบาล 5 - จตุโชติ,สุขาภิบาล 5,16:00-19:00,0,1,1
สุขาภิบาล 5 - จตุโชติ,สุขาภิบาล 5,17:00-19:00,0,0,1
สุขาภิบาล 5 - เพิ่มสิน,สุขาภิบาล 5,07:00-09:00,0,0,1
สุขาภิบาล 5 - เพิ่มสิน,สุขาภิบาล 5,09:00-17:00,0,0,1
สุขาภิบาล 5 - เพิ่มสิน,สุขาภิบาล 5,17:00-19:00,0,0,1
สุขาภิบาล 5 - เพิ่มสิน,เพิ่มสิน,07:00-09:00,0,0,1
สุขาภิบาล 5 - เพิ่มสิน,เพิ่มสิน,09:00-17:00,0,0,1
สุขาภิบาล 5 - เพิ่มสิน,เพิ่มสิน,17:00-19:00,0,0,1
สุขาภิบาล5 -จตุโชติ,ซอยจตุโชติ,07:00-09:00,1,0,0
สุขาภิบาล5 -จตุโชติ,ซอยจตุโชติ,09:00-16:00,1,0,0
สุขาภิบาล5 -จตุโชติ,ซอยจตุโชติ,16:00-19:00,1,0,0
สุขาภิบาล5 -จตุโชติ,สุขาภิบาล 5,07:00-09:00,1,0,0
สุขาภิบาล5 -จตุโชติ,สุขาภิบาล 5,09:00-16:00,1,0,0
สุขาภิบาล5 -จตุโชติ,สุขาภิบาล 5,16:00-19:00,1,0,0
สุขาภิบาลบางระมาด,พุทธมณฑลสาย 2,07:00-09:00,0,1,0
สุขาภิบาลบางระมาด,พุทธมณฑลสาย 2,09:00-16:00,0,1,0
สุขาภิบาลบางระมาด,พุทธมณฑลสาย 2,16:00-19:00,0,1,0
สุขาภิบาลบางระมาด,สุขาภิบาลบางระมาด,07:00-09:00,0,1,0
สุขาภิบาลบางระมาด,สุขาภิบาลบางระมาด,09:00-16:00,0,1,0
สุขาภิบาลบางระมาด,สุขาภิบาลบางระมาด,16:00-19:00,0,1,0
สุขุมวิท - พระรามที่ 4,พระรามที่ 4,07:00-09:00,0,1,1
สุขุมวิท - พระรามที่ 4,พระรามที่ 4,09:00-16:00,0,1,1
สุขุมวิท - พระรามที่ 4,พระรามที่ 4,16:00-19:00,0,1,1
สุขุมวิท - พระรามที่ 4,สุขุมวิท,07:00-09:00,0,1,1
สุขุมวิท - พระรามที่ 4,สุขุมวิท,09:00-16:00,0,1,1
สุขุมวิท - พระรามที่ 4,สุขุมวิท,16:00-19:00,0,1,1
สุขุมวิท - สุขุมวิท 23,สุขุมวิท,07:00-09:00,0,0,1
สุขุมวิท - สุขุมวิท 23,สุขุมวิท,09:00-17:00,0,0,1
สุขุมวิท - สุขุมวิท 23,สุขุมวิท,17:00-19:00,0,0,1
สุขุมวิท - สุขุมวิท 23,สุขุมวิท 23,07:00-09:00,0,0,1
สุขุมวิท - สุขุมวิท 23,สุขุมวิท 23,09:00-17:00,0,0,1
สุขุมวิท - สุขุมวิท 23,สุขุมวิท 23,17:00-19:00,0,0,1
สุขุมวิท - สุขุมวิท 71,สุขุมวิท,07:00-09:00,0,0,1
สุขุมวิท - สุขุมวิท 71,สุขุมวิท,09:00-17:00,0,0,1
สุขุมวิท - สุขุมวิท 71,สุขุมวิท,17:00-19:00,0,0,1
สุขุมวิท - สุขุมวิท 71,สุขุมวิท 71,07:00-09:00,0,0,1
สุขุมวิท - สุขุมวิท 71,สุขุมวิท 71,09:00-17:00,0,0,1
สุขุมวิท - สุขุมวิท 71,สุขุมวิท 71,17:00-19:00,0,0,1
สุขุมวิท 11,สุขุมวิท,07:00-09:00,0,0,1
สุขุมวิท 11,สุขุมวิท,09:00-17:00,0,0,1
สุขุมวิท 11,สุขุมวิท,17:00-19:00,0,0,1
สุขุมวิท 11,สุขุมวิท 11,07:00-09:00,0,0,1
สุขุมวิท 11,สุขุมวิท 11,09:00-17:00,0,0,1
สุขุมวิท 11,สุขุมวิท 11,17:00-19:00,0,0,1
สุขุมวิท 24,สุขุมวิท,07:00-09:00,0,1,1
สุขุมวิท 24,สุขุมวิท,09:00-16:00,0,1,0
สุขุมวิท 24,สุขุมวิท,09:00-17:00,0,0,1
สุขุมวิท 24,สุขุมวิท,16:00-19:00,0,1,0
สุขุมวิท 24,สุขุมวิท,17:00-19:00,0,0,1
สุขุมวิท 24,สุขุมวิท 24,07:00-09:00,0,1,1
สุขุมวิท 24,สุขุมวิท 24,09:00-16:00,0,1,0
สุขุมวิท 24,สุขุมวิท 24,09:00-17:00,0,0,1
สุขุมวิท 24,สุขุมวิท 24,16:00-19:00,0,1,0
สุขุมวิท 24,สุขุมวิท 24,17:00-19:00,0,0,1
สุขุมวิท 26,ซ.สุขุมวิท 26,07:00-09:00,1,0,0
สุขุมวิท 26,ซ.สุขุมวิท 26,09:00-16:00,1,0,0
สุขุมวิท 26,ซ.สุขุมวิท 26,16:00-19:00,1,0,0
สุขุมวิท 26,สุขุมวิท,07:00-09:00,1,0,1
สุขุมวิท 26,สุขุมวิท,09:00-16:00,1,0,0
สุขุมวิท 26,สุขุมวิท,09:00-17:00,0,0,1
สุขุมวิท 26,สุขุมวิท,16:00-19:00,1,0,0
สุขุมวิท 26,สุขุมวิท,17:00-19:00,0,0,1
สุขุมวิท 26,สุขุมวิท 26,07:00-09:00,0,0,1
สุขุมวิท 26,สุขุมวิท 26,09:00-17:00,0,0,1
สุขุมวิท 26,สุขุมวิท 26,17:00-19:00,0,0,1
สุขุมวิท 27,สุขุมวิท,07:00-09:00,0,0,1
สุขุมวิท 27,สุขุมวิท,09:00-17:00,0,0,1
สุขุมวิท 27,สุขุมวิท,17:00-19:00,0,0,1
สุขุมวิท 31,สุขุมวิท,07:00-09:00,0,0,1
สุขุมวิท 31,สุขุมวิท,09:00-17:00,0,0,1
สุขุมวิท 31,สุขุมวิท,17:00-19:00,0,0,1
สุขุมวิท 31,สุขุมวิท 31,07:00-09:00,0,0,1
สุขุมวิท 31,สุขุมวิท 31,09:00-17:00,0,0,1
สุขุมวิท 31,สุขุมวิท 31,17:00-19:00,0,0,1
สุขุมวิท 36,สุขุมวิท,07:00-09:00,0,0,1
สุขุมวิท 36,สุขุมวิท,09:00-17:00,0,0,1
สุขุมวิท 36,สุขุมวิท,17:00-19:00,0,0,1
สุขุมวิท 36,สุขุมวิท 36,07:00-09:00,0,0,1
สุขุมวิท 36,สุขุมวิท 36,09:00-17:00,0,0,1
สุขุมวิท 36,สุขุมวิท 36,17:00-19:00,0,0,1
สุขุมวิท 39,สุขุมวิท,07:00-09:00,0,0,2
สุขุมวิท 39,สุขุมวิท,09:00-17:00,0,0,2
สุขุมวิท 39,สุขุมวิท,17:00-19:00,0,0,2
สุขุมวิท 39,สุขุมวิท 39,07:00-09:00,0,0,2
สุขุมวิท 39,สุขุมวิท 39,09:00-17:00,0,0,2
สุขุมวิท 39,สุขุมวิท 39,17:00-19:00,0,0,2
สุขุมวิท 40,สุขุมวิท,07:00-09:00,0,0,1
สุขุมวิท 40,สุขุมวิท,09:00-17:00,0,0,1
สุขุมวิท 40,สุขุมวิท,17:00-19:00,0,0,1
สุขุมวิท 42,สุขุมวิท,07:00-09:00,0,0,2
สุขุมวิท 42,สุขุมวิท,09:00-17:00,0,0,2
สุขุมวิท 42,สุขุมวิท,17:00-19:00,0,0,2
สุขุมวิท 42,สุขุมวิท 42,07:00-09:00,0,0,2
สุขุมวิท 42,สุขุมวิท 42,09:00-17:00,0,0,2
สุขุมวิท 42,สุขุมวิท 42,17:00-19:00,0,0,2
สุขุมวิท 48,สุขุมวิท,07:00-09:00,0,0,1
สุขุมวิท 48,สุขุมวิท,09:00-16:00,0,0,1
สุขุมวิท 48,สุขุมวิท,16:00-19:00,0,0,1
สุขุมวิท 48,สุขุมวิท 48,07:00-09:00,0,0,1
สุขุมวิท 48,สุขุมวิท 48,09:00-16:00,0,0,1
สุขุมวิท 48,สุขุมวิท 48,16:00-19:00,0,0,1
สุขุมวิท 49,สุขุมวิท,07:00-09:00,0,0,1
สุขุมวิท 49,สุขุมวิท,09:00-17:00,0,0,1
สุขุมวิท 49,สุขุมวิท,17:00-19:00,0,0,1
สุขุมวิท 49,สุขุมวิท 32,07:00-09:00,0,0,1
สุขุมวิท 49,สุขุมวิท 32,09:00-17:00,0,0,1
สุขุมวิท 49,สุขุมวิท 32,17:00-19:00,0,0,1
สุขุมวิท 49,สุขุมวิท 49,07:00-09:00,0,0,1
สุขุมวิท 49,สุขุมวิท 49,09:00-17:00,0,0,1
สุขุมวิท 49,สุขุมวิท 49,17:00-19:00,0,0,1
สุขุมวิท 49 - สุขุมวิท 32,สุขุมวิท,07:00-09:00,0,0,1
สุขุมวิท 49 - สุขุมวิท 32,สุขุมวิท,09:00-17:00,0,0,1
สุขุมวิท 49 - สุขุมวิท 32,สุขุมวิท,17:00-19:00,0,0,1
สุขุมวิท 49 - สุขุมวิท 32,สุขุมวิท 32,07:00-09:00,0,0,1
สุขุมวิท 49 - สุขุมวิท 32,สุขุมวิท 32,09:00-17:00,0,0,1
สุขุมวิท 49 - สุขุมวิท 32,สุขุมวิท 32,17:00-19:00,0,0,1
สุขุมวิท 49 - สุขุมวิท 32,สุขุมวิท 49,07:00-09:00,0,0,1
สุขุมวิท 49 - สุขุมวิท 32,สุขุมวิท 49,09:00-17:00,0,0,1
สุขุมวิท 49 - สุขุมวิท 32,สุขุมวิท 49,17:00-19:00,0,0,1
สุขุมวิท 50,สุขุมวิท,07:00-09:00,0,0,3
สุขุมวิท 50,สุขุมวิท,09:00-16:00,0,0,1
สุขุมวิท 50,สุขุมวิท,09:00-17:00,0,0,2
สุขุมวิท 50,สุขุมวิท,16:00-19:00,0,0,1
สุขุมวิท 50,สุขุมวิท,17:00-19:00,0,0,2
สุขุมวิท 50,สุขุมวิท 50,07:00-09:00,0,0,3
สุขุมวิท 50,สุขุมวิท 50,09:00-16:00,0,0,1
สุขุมวิท 50,สุขุมวิท 50,09:00-17:00,0,0,2
สุขุมวิท 50,สุขุมวิท 50,16:00-19:00,0,0,1
สุขุมวิท 50,สุขุมวิท 50,17:00-19:00,0,0,2
สุขุมวิท 50,สุขุมวิท 79,07:00-09:00,0,0,3
สุขุมวิท 50,สุขุมวิท 79,09:00-16:00,0,0,1
สุขุมวิท 50,สุขุมวิท 79,09:00-17:00,0,0,2
สุขุมวิท 50,สุขุมวิท 79,16:00-19:00,0,0,1
สุขุมวิท 50,สุขุมวิท 79,17:00-19:00,0,0,2
สุขุมวิท 53,สุขุมวิท,07:00-09:00,0,0,1
สุขุมวิท 53,สุขุมวิท,09:00-17:00,0,0,1
สุขุมวิท 53,สุขุมวิท,17:00-19:00,0,0,1
สุขุมวิท 53,สุขุมวิท 53,07:00-09:00,0,0,1
สุขุมวิท 53,สุขุมวิท 53,09:00-17:00,0,0,1
สุขุมวิท 53,สุขุมวิท 53,17:00-19:00,0,0,1
สุขุมวิท 62,ด่วนสุขุมวิท 62,07:00-09:00,0,0,1
สุขุมวิท 62,ด่วนสุขุมวิท 62,09:00-16:00,0,0,1
สุขุมวิท 62,ด่วนสุขุมวิท 62,16:00-19:00,0,0,1
สุขุมวิท 62,สุขุมวิท 62,07:00-09:00,0,0,1
สุขุมวิท 62,สุขุมวิท 62,09:00-16:00,0,0,1
สุขุมวิท 62,สุขุมวิท 62,16:00-19:00,0,0,1
สุขุมวิท 70/3,สุขุมวิท,07:00-09:00,0,0,1
สุขุมวิท 70/3,สุขุมวิท,09:00-17:00,0,0,1
สุขุมวิท 70/3,สุขุมวิท,17:00-19:00,0,0,1
สุขุมวิท 70/3,สุขุมวิท 70/3,07:00-09:00,0,0,1
สุขุมวิท 70/3,สุขุมวิท 70/3,09:00-17:00,0,0,1
สุขุมวิท 70/3,สุขุมวิท 70/3,17:00-19:00,0,0,1
สุขุมวิท 71,สุขุมวิท,07:00-09:00,0,0,1
สุขุมวิท 71,สุขุมวิท,09:00-17:00,0,0,1
สุขุมวิท 71,สุขุมวิท,17:00-19:00,0,0,1
สุขุมวิท 71,สุขุมวิท 71,07:00-09:00,0,0,1
สุขุมวิท 71,สุขุมวิท 71,09:00-17:00,0,0,1
สุขุมวิท 71,สุขุมวิท 71,17:00-19:00,0,0,1
สุขุมวิท 93,สุขุมวิท,07:00-09:00,0,0,1
สุขุมวิท 93,สุขุมวิท,09:00-17:00,0,0,1
สุขุมวิท 93,สุขุมวิท,17:00-19:00,0,0,1
สุขุมวิท 93,สุขุมวิท 32,07:00-09:00,0,0,1
สุขุมวิท 93,สุขุมวิท 32,09:00-17:00,0,0,1
สุขุมวิท 93,สุขุมวิท 32,17:00-19:00,0,0,1
สุขุมวิท 93,สุขุมวิท 49,07:00-09:00,0,0,1
สุขุมวิท 93,สุขุมวิท 49,09:00-17:00,0,0,1
สุขุมวิท 93,สุขุมวิท 49,17:00-19:00,0,0,1
สุขุมวิท- พระรามที่ 4,พระรามที่ 4,07:00-09:00,1,0,0
สุขุมวิท- พระรามที่ 4,พระรามที่ 4,09:00-16:00,1,0,0
สุขุมวิท- พระรามที่ 4,พระรามที่ 4,16:00-19:00,1,0,0
สุขุมวิท- พระรามที่ 4,สุขุมวิท,07:00-09:00,1,0,0
สุขุมวิท- พระรามที่ 4,สุขุมวิท,09:00-16:00,1,0,0
สุขุมวิท- พระรามที่ 4,สุขุมวิท,16:00-19:00,1,0,0
สุขุมวิท- พระรามที่4,พระรามที่ 4,07:00-09:00,1,0,0
สุขุมวิท- พระรามที่4,พระรามที่ 4,09:00-16:00,1,0,0
สุขุมวิท- พระรามที่4,พระรามที่ 4,16:00-19:00,1,0,0
สุขุมวิท- พระรามที่4,สุขุมวิท,07:00-09:00,1,0,0
สุขุมวิท- พระรามที่4,สุขุมวิท,09:00-16:00,1,0,0
สุขุมวิท- พระรามที่4,สุขุมวิท,16:00-19:00,1,0,0
สุขุมวิท11,ซ.สุขุมวิท 11,07:00-09:00,1,0,0
สุขุมวิท11,ซ.สุขุมวิท 11,09:00-16:00,1,0,0
สุขุมวิท11,ซ.สุขุมวิท 11,16:00-19:00,1,0,0
สุขุมวิท11,ซอยสุขุมวิท 11,07:00-09:00,1,0,0
สุขุมวิท11,ซอยสุขุมวิท 11,09:00-16:00,1,0,0
สุขุมวิท11,ซอยสุขุมวิท 11,16:00-19:00,1,0,0
สุขุมวิท11,สุขุมวิท,07:00-09:00,2,0,0
สุขุมวิท11,สุขุมวิท,09:00-16:00,2,0,0
สุขุมวิท11,สุขุมวิท,16:00-19:00,2,0,0
สุขุมวิท22,ซ.สุขุมวิท 22,07:00-09:00,1,0,0
สุขุมวิท22,ซ.สุขุมวิท 22,09:00-16:00,1,0,0
สุขุมวิท22,ซ.สุขุมวิท 22,16:00-19:00,1,0,0
สุขุมวิท22,สุขุมวิท,07:00-09:00,1,0,0
สุขุมวิท22,สุขุมวิท,09:00-16:00,1,0,0
สุขุมวิท22,สุขุมวิท,16:00-19:00,1,0,0
สุขุมวิท24,ซ.สุขุมวิท 24,07:00-09:00,1,0,0
สุขุมวิท24,ซ.สุขุมวิท 24,09:00-16:00,1,0,0
สุขุมวิท24,ซ.สุขุมวิท 24,16:00-19:00,1,0,0
สุขุมวิท24,สุขุมวิท,07:00-09:00,1,0,0
สุขุมวิท24,สุขุมวิท,09:00-16:00,1,0,0
สุขุมวิท24,สุขุมวิท,16:00-19:00,1,0,0
สุคันธาราม,พระรามที่ 5,07:00-09:00,1,0,0
สุคันธาราม,พระรามที่ 5,09:00-16:00,1,0,0
สุคันธาราม,พระรามที่ 5,16:00-19:00,1,0,0
สุคันธาราม,สุคันธาราม,07:00-09:00,1,0,0
สุคันธาราม,สุคันธาราม,09:00-16:00,1,0,0
สุคันธาราม,สุคันธาราม,16:00-19:00,1,0,0
สุทธิสาร,รัชดาภิเษก,07:00-09:00,2,2,1
สุทธิสาร,รัชดาภิเษก,09:00-16:00,2,2,1
สุทธิสาร,รัชดาภิเษก,16:00-19:00,2,2,1
สุทธิสาร,สุทธิสาร,07:00-09:00,0,1,0
สุทธิสาร,สุทธิสาร,09:00-16:00,0,1,0
สุทธิสาร,สุทธิสาร,16:00-19:00,0,1,0
สุทธิสาร,สุทธิสารวินิจฉัย,07:00-09:00,2,1,1
สุทธิสาร,สุทธิสารวินิจฉัย,09:00-16:00,2,1,1
สุทธิสาร,สุทธิสารวินิจฉัย,16:00-19:00,2,1,1
สุทธิสาร - วิภาวดี,วิภาวดีรังสิต,07:00-09:00,0,0,1
สุทธิสาร - วิภาวดี,วิภาวดีรังสิต,09:00-17:00,0,0,1
สุทธิสาร - วิภาวดี,วิภาวดีรังสิต,17:00-19:00,0,0,1
สุทธิสาร - วิภาวดี,สุทธิสาร,07:00-09:00,0,0,1
สุทธิสาร - วิภาวดี,สุทธิสาร,09:00-17:00,0,0,1
สุทธิสาร - วิภาวดี,สุทธิสาร,17:00-19:00,0,0,1
สุทธิสาร - วิภาวดีรังสิต,วิภาวดีรังสิต,07:00-09:00,0,1,1
สุทธิสาร - วิภาวดีรังสิต,วิภาวดีรังสิต,09:00-16:00,0,1,0
สุทธิสาร - วิภาวดีรังสิต,วิภาวดีรังสิต,09:00-17:00,0,0,1
สุทธิสาร - วิภาวดีรังสิต,วิภาวดีรังสิต,16:00-19:00,0,1,0
สุทธิสาร - วิภาวดีรังสิต,วิภาวดีรังสิต,17:00-19:00,0,0,1
สุทธิสาร - วิภาวดีรังสิต,สุทธิสาร,07:00-09:00,0,1,1
สุทธิสาร - วิภาวดีรังสิต,สุทธิสาร,09:00-16:00,0,1,0
สุทธิสาร - วิภาวดีรังสิต,สุทธิสาร,09:00-17:00,0,0,1
สุทธิสาร - วิภาวดีรังสิต,สุทธิสาร,16:00-19:00,0,1,0
สุทธิสาร - วิภาวดีรังสิต,สุทธิสาร,17:00-19:00,0,0,1
สุทธิสาร -วิภาวดีรังสิต,วิภาวดีรังสิต,07:00-09:00,2,0,0
สุทธิสาร -วิภาวดีรังสิต,วิภาวดีรังสิต,09:00-16:00,2,0,0
สุทธิสาร -วิภาวดีรังสิต,วิภาวดีรังสิต,16:00-19:00,2,0,0
สุทธิสาร -วิภาวดีรังสิต,สุทธิสาร,07:00-09:00,2,0,0
สุทธิสาร -วิภาวดีรังสิต,สุทธิสาร,09:00-16:00,2,0,0
สุทธิสาร -วิภาวดีรังสิต,สุทธิสาร,16:00-19:00,2,0,0
สุภาพบุรุษ,ทวีวัฒนา-กาญจนาภิเษก,07:00-09:00,0,0,1
สุภาพบุรุษ,ทวีวัฒนา-กาญจนาภิเษก,09:00-16:00,0,0,1
สุภาพบุรุษ,ทวีวัฒนา-กาญจนาภิเษก,16:00-19:00,0,0,1
สุภาพบุรุษ,สุภาพบุรุษ,07:00-09:00,0,0,1
สุภาพบุรุษ,สุภาพบุรุษ,09:00-17:00,0,0,1
สุภาพบุรุษ,สุภาพบุรุษ,17:00-19:00,0,0,1
สุภาพบุรุษ,เลียบคลองทวีวัฒนา,07:00-09:00,0,0,2
สุภาพบุรุษ,เลียบคลองทวีวัฒนา,09:00-16:00,0,0,1
สุภาพบุรุษ,เลียบคลองทวีวัฒนา,09:00-17:00,0,0,1
สุภาพบุรุษ,เลียบคลองทวีวัฒนา,16:00-19:00,0,0,1
สุภาพบุรุษ,เลียบคลองทวีวัฒนา,17:00-19:00,0,0,1
สุรวงศ์,สุรวงศ์,07:00-09:00,0,0,1
สุรวงศ์,สุรวงศ์,09:00-17:00,0,0,1
สุรวงศ์,สุรวงศ์,17:00-19:00,0,0,1
สุรวงศ์,เจริญกรุง,07:00-09:00,0,0,1
สุรวงศ์,เจริญกรุง,09:00-17:00,0,0,1
สุรวงศ์,เจริญกรุง,17:00-19:00,0,0,1
สุรศักดิ์,มเหสักข์,07:00-09:00,0,2,2
สุรศักดิ์,มเหสักข์,09:00-16:00,0,2,0
สุรศักดิ์,มเหสักข์,09:00-17:00,0,0,2
สุรศักดิ์,มเหสักข์,16:00-19:00,0,2,0
สุรศักดิ์,มเหสักข์,17:00-19:00,0,0,2
สุรศักดิ์,สีลม,07:00-09:00,0,2,2
สุรศักดิ์,สีลม,09:00-16:00,0,2,0
สุรศักดิ์,สีลม,09:00-17:00,0,0,2
สุรศักดิ์,สีลม,16:00-19:00,0,2,0
สุรศักดิ์,สีลม,17:00-19:00,0,0,2
สุวรรณภูมิ,ลาดกระบัง,07:00-09:00,1,0,0
สุวรรณภูมิ,ลาดกระบัง,09:00-16:00,1,0,0
สุวรรณภูมิ,ลาดกระบัง,16:00-19:00,1,0,0
สุวรรณภูมิ,สุวรรณภูมิ 4,07:00-09:00,1,0,0
สุวรรณภูมิ,สุวรรณภูมิ 4,09:00-16:00,1,0,0
สุวรรณภูมิ,สุวรรณภูมิ 4,16:00-19:00,1,0,0
สุวินทวงศ์,รามคำแหง,07:00-09:00,0,1,0
สุวินทวงศ์,รามคำแหง,09:00-16:00,0,1,0
สุวินทวงศ์,รามคำแหง,16:00-19:00,0,1,0
สุวินทวงศ์,สุวินทวงศ์,07:00-09:00,0,1,0
สุวินทวงศ์,สุวินทวงศ์,09:00-16:00,0,1,0
สุวินทวงศ์,สุวินทวงศ์,16:00-19:00,0,1,0
สุวินทวงศ์ - คุ้มเกล้า,คุ้มเกล้า,07:00-09:00,0,0,2
สุวินทวงศ์ - คุ้มเกล้า,คุ้มเกล้า,09:00-17:00,0,0,2
สุวินทวงศ์ - คุ้มเกล้า,คุ้มเกล้า,17:00-19:00,0,0,2
สุวินทวงศ์ - คุ้มเกล้า,สุวินทวงศ์,07:00-09:00,0,0,2
สุวินทวงศ์ - คุ้มเกล้า,สุวินทวงศ์,09:00-17:00,0,0,2
สุวินทวงศ์ - คุ้มเกล้า,สุวินทวงศ์,17:00-19:00,0,0,2
สุวินทวงศ์ - นิมิตรใหม่,นิมิตรใหม่,07:00-09:00,0,1,1
สุวินทวงศ์ - นิมิตรใหม่,นิมิตรใหม่,09:00-16:00,0,1,0
สุวินทวงศ์ - นิมิตรใหม่,นิมิตรใหม่,09:00-17:00,0,0,1
สุวินทวงศ์ - นิมิตรใหม่,นิมิตรใหม่,16:00-19:00,0,1,0
สุวินทวงศ์ - นิมิตรใหม่,นิมิตรใหม่,17:00-19:00,0,0,1
สุวินทวงศ์ - นิมิตรใหม่,สุวินทวงศ์,07:00-09:00,0,1,1
สุวินทวงศ์ - นิมิตรใหม่,สุวินทวงศ์,09:00-16:00,0,1,0
สุวินทวงศ์ - นิมิตรใหม่,สุวินทวงศ์,09:00-17:00,0,0,1
สุวินทวงศ์ - นิมิตรใหม่,สุวินทวงศ์,16:00-19:00,0,1,0
สุวินทวงศ์ - นิมิตรใหม่,สุวินทวงศ์,17:00-19:00,0,0,1
สุวินทวงศ์ - บึงขวาง,บึงขวาง,07:00-09:00,0,0,1
สุวินทวงศ์ - บึงขวาง,บึงขวาง,09:00-17:00,0,0,1
สุวินทวงศ์ - บึงขวาง,บึงขวาง,17:00-19:00,0,0,1
สุวินทวงศ์ - บึงขวาง,สุวินทวงศ์,07:00-09:00,0,0,1
สุวินทวงศ์ - บึงขวาง,สุวินทวงศ์,09:00-17:00,0,0,1
สุวินทวงศ์ - บึงขวาง,สุวินทวงศ์,17:00-19:00,0,0,1
สุวินทวงศ์ - ราษฎร์อุทิศ,ราษฎร์อุทิศ,07:00-09:00,1,1,1
สุวินทวงศ์ - ราษฎร์อุทิศ,ราษฎร์อุทิศ,09:00-16:00,1,1,0
สุวินทวงศ์ - ราษฎร์อุทิศ,ราษฎร์อุทิศ,09:00-17:00,0,0,1
สุวินทวงศ์ - ราษฎร์อุทิศ,ราษฎร์อุทิศ,16:00-19:00,1,1,0
สุวินทวงศ์ - ราษฎร์อุทิศ,ราษฎร์อุทิศ,17:00-19:00,0,0,1
สุวินทวงศ์ - ราษฎร์อุทิศ,สุวินทวงศ์,07:00-09:00,1,1,1
สุวินทวงศ์ - ราษฎร์อุทิศ,สุวินทวงศ์,09:00-16:00,1,1,0
สุวินทวงศ์ - ราษฎร์อุทิศ,สุวินทวงศ์,09:00-17:00,0,0,1
สุวินทวงศ์ - ราษฎร์อุทิศ,สุวินทวงศ์,16:00-19:00,1,1,0
สุวินทวงศ์ - ราษฎร์อุทิศ,สุวินทวงศ์,17:00-19:00,0,0,1
สุวินทวงศ์ - อยู่วิทยา - ร่วมพัฒนา,ร่วมพัฒนา,07:00-09:00,0,1,0
สุวินทวงศ์ - อยู่วิทยา - ร่วมพัฒนา,ร่วมพัฒนา,09:00-16:00,0,1,0
สุวินทวงศ์ - อยู่วิทยา - ร่วมพัฒนา,ร่วมพัฒนา,16:00-19:00,0,1,0
สุวินทวงศ์ - อยู่วิทยา - ร่วมพัฒนา,สุวินทวงศ์,07:00-09:00,0,1,0
สุวินทวงศ์ - อยู่วิทยา - ร่วมพัฒนา,สุวินทวงศ์,09:00-16:00,0,1,0
สุวินทวงศ์ - อยู่วิทยา - ร่วมพัฒนา,สุวินทวงศ์,16:00-19:00,0,1,0
สุวินทวงศ์ - อยู่วิทยา - ร่วมพัฒนา,อยู่วิทยา,07:00-09:00,0,1,0
สุวินทวงศ์ - อยู่วิทยา - ร่วมพัฒนา,อยู่วิทยา,09:00-16:00,0,1,0
สุวินทวงศ์ - อยู่วิทยา - ร่วมพัฒนา,อยู่วิทยา,16:00-19:00,0,1,0
สุวินทวงศ์ -คุ้มเกล้า,คุ้มเกล้า,06:30-09:00,1,0,0
สุวินทวงศ์ -คุ้มเกล้า,คุ้มเกล้า,09:00-16:00,1,0,0
สุวินทวงศ์ -คุ้มเกล้า,คุ้มเกล้า,16:00-19:30,1,0,0
สุวินทวงศ์ -คุ้มเกล้า,สุวินทวงศ์,06:30-09:00,1,0,0
สุวินทวงศ์ -คุ้มเกล้า,สุวินทวงศ์,09:00-16:00,1,0,0
สุวินทวงศ์ -คุ้มเกล้า,สุวินทวงศ์,16:00-19:30,1,0,0
สุวินทวงศ์ -นิมิตใหม่,นิมิตใหม่,06:30-09:00,1,0,0
สุวินทวงศ์ -นิมิตใหม่,นิมิตใหม่,09:00-16:00,1,0,0
สุวินทวงศ์ -นิมิตใหม่,นิมิตใหม่,16:00-19:30,1,0,0
สุวินทวงศ์ -นิมิตใหม่,สุวินทวงศ์,06:30-09:00,1,0,0
สุวินทวงศ์ -นิมิตใหม่,สุวินทวงศ์,09:00-16:00,1,0,0
สุวินทวงศ์ -นิมิตใหม่,สุวินทวงศ์,16:00-19:30,1,0,0
สุวินทวงศ์ซอย 7,สุวินทวงศ์,07:00-09:00,0,1,0
สุวินทวงศ์ซอย 7,สุวินทวงศ์,09:00-16:00,0,1,0
สุวินทวงศ์ซอย 7,สุวินทวงศ์,16:00-19:00,0,1,0
สุเหร่าคลองหนึ่ง ซ.15,สุเหร่าคลองหนึ่ง,07:00-09:00,0,0,1
สุเหร่าคลองหนึ่ง ซ.15,สุเหร่าคลองหนึ่ง,09:00-17:00,0,0,1
สุเหร่าคลองหนึ่ง ซ.15,สุเหร่าคลองหนึ่ง,17:00-19:00,0,0,1
สุเหร่าคลองหนึ่ง ซ.15,สุเหร่าคลองหนึ่ง ซ.15,07:00-09:00,0,0,1
สุเหร่าคลองหนึ่ง ซ.15,สุเหร่าคลองหนึ่ง ซ.15,09:00-17:00,0,0,1
สุเหร่าคลองหนึ่ง ซ.15,สุเหร่าคลองหนึ่ง ซ.15,17:00-19:00,0,0,1
สุเหร่าคลองหนึ่ง ซ.15,เจริญพัฒนา,07:00-09:00,0,0,1
สุเหร่าคลองหนึ่ง ซ.15,เจริญพัฒนา,09:00-17:00,0,0,1
สุเหร่าคลองหนึ่ง ซ.15,เจริญพัฒนา,17:00-19:00,0,0,1
สุโขทัย,พระรามที่ 5,07:00-09:00,2,0,2
สุโขทัย,พระรามที่ 5,09:00-16:00,2,0,1
สุโขทัย,พระรามที่ 5,09:00-17:00,0,0,1
สุโขทัย,พระรามที่ 5,16:00-19:00,2,0,1
สุโขทัย,พระรามที่ 5,17:00-19:00,0,0,1
สุโขทัย,พระรามที่5,07:00-09:00,0,1,0
สุโขทัย,พระรามที่5,09:00-16:00,0,1,0
สุโขทัย,พระรามที่5,16:00-19:00,0,1,0
สุโขทัย,สุโขทัย,07:00-09:00,2,1,3
สุโขทัย,สุโขทัย,09:00-16:00,2,1,2
สุโขทัย,สุโขทัย,09:00-17:00,0,0,1
สุโขทัย,สุโขทัย,16:00-19:00,2,1,2
สุโขทัย,สุโขทัย,17:00-19:00,0,0,1
หทัยมิตร - นิมิตรใหม่,นิมิตรใหม่,07:00-09:00,0,0,1
หทัยมิตร - นิมิตรใหม่,นิมิตรใหม่,09:00-17:00,0,0,1
หทัยมิตร - นิมิตรใหม่,นิมิตรใหม่,17:00-19:00,0,0,1
หทัยมิตร - นิมิตรใหม่,หทัยมิตร,07:00-09:00,0,0,1
หทัยมิตร - นิมิตรใหม่,หทัยมิตร,09:00-17:00,0,0,1
หทัยมิตร - นิมิตรใหม่,หทัยมิตร,17:00-19:00,0,0,1
หทัยราษฎร์ - ซอยไทยรามัญ,หทัยราษฎร์,07:00-09:00,1,0,0
หทัยราษฎร์ - ซอยไทยรามัญ,หทัยราษฎร์,09:00-16:00,1,0,0
หทัยราษฎร์ - ซอยไทยรามัญ,หทัยราษฎร์,16:00-19:00,1,0,0
หทัยราษฎร์ - สุวินทวงศ์,สุวินทวงศ์,07:00-09:00,0,0,2
หทัยราษฎร์ - สุวินทวงศ์,สุวินทวงศ์,09:00-17:00,0,0,2
หทัยราษฎร์ - สุวินทวงศ์,สุวินทวงศ์,17:00-19:00,0,0,2
หทัยราษฎร์ - สุวินทวงศ์,หทัยราษฎร์,07:00-09:00,0,0,2
หทัยราษฎร์ - สุวินทวงศ์,หทัยราษฎร์,09:00-17:00,0,0,2
หทัยราษฎร์ - สุวินทวงศ์,หทัยราษฎร์,17:00-19:00,0,0,2
หทัยราษฎร์ - สุเหร่าคลองหนึ่ง,สุเหร่าคลองหนึ่ง,07:00-09:00,0,0,1
หทัยราษฎร์ - สุเหร่าคลองหนึ่ง,สุเหร่าคลองหนึ่ง,09:00-16:00,0,0,1
หทัยราษฎร์ - สุเหร่าคลองหนึ่ง,สุเหร่าคลองหนึ่ง,16:00-19:00,0,0,1
หทัยราษฎร์ - สุเหร่าคลองหนึ่ง,หทัยราษฎร์,07:00-09:00,0,0,1
หทัยราษฎร์ - สุเหร่าคลองหนึ่ง,หทัยราษฎร์,09:00-16:00,0,0,1
หทัยราษฎร์ - สุเหร่าคลองหนึ่ง,หทัยราษฎร์,16:00-19:00,0,0,1
หทัยราษฎร์ - หทัยมิตร,หทัยมิตร,07:00-09:00,0,0,3
หทัยราษฎร์ - หทัยมิตร,หทัยมิตร,09:00-16:00,0,0,1
หทัยราษฎร์ - หทัยมิตร,หทัยมิตร,09:00-17:00,0,0,2
หทัยราษฎร์ - หทัยมิตร,หทัยมิตร,16:00-19:00,0,0,1
หทัยราษฎร์ - หทัยมิตร,หทัยมิตร,17:00-19:00,0,0,2
หทัยราษฎร์ - หทัยมิตร,หทัยราษฎร์,07:00-09:00,0,0,3
หทัยราษฎร์ - หทัยมิตร,หทัยราษฎร์,09:00-16:00,0,0,1
หทัยราษฎร์ - หทัยมิตร,หทัยราษฎร์,09:00-17:00,0,0,2
หทัยราษฎร์ - หทัยมิตร,หทัยราษฎร์,16:00-19:00,0,0,1
หทัยราษฎร์ - หทัยมิตร,หทัยราษฎร์,17:00-19:00,0,0,2
หทัยราษฎร์ - หทัยราษฎร์ 22,หทัยราษฎร์,07:00-09:00,0,0,1
หทัยราษฎร์ - หทัยราษฎร์ 22,หทัยราษฎร์,09:00-17:00,0,0,1
หทัยราษฎร์ - หทัยราษฎร์ 22,หทัยราษฎร์,17:00-19:00,0,0,1
หทัยราษฎร์ - หทัยราษฎร์ 22,หทัยราษฎร์ 22,07:00-09:00,0,0,1
หทัยราษฎร์ - หทัยราษฎร์ 22,หทัยราษฎร์ 22,09:00-17:00,0,0,1
หทัยราษฎร์ - หทัยราษฎร์ 22,หทัยราษฎร์ 22,17:00-19:00,0,0,1
หทัยราษฎร์ - เลียบคลองสอง,หทัยราษฎร์,06:30-09:00,0,1,0
หทัยราษฎร์ - เลียบคลองสอง,หทัยราษฎร์,07:00-09:00,1,1,2
หทัยราษฎร์ - เลียบคลองสอง,หทัยราษฎร์,09:00-16:00,1,2,1
หทัยราษฎร์ - เลียบคลองสอง,หทัยราษฎร์,09:00-17:00,0,0,1
หทัยราษฎร์ - เลียบคลองสอง,หทัยราษฎร์,16:00-19:00,1,1,1
หทัยราษฎร์ - เลียบคลองสอง,หทัยราษฎร์,16:00-19:30,0,1,0
หทัยราษฎร์ - เลียบคลองสอง,หทัยราษฎร์,17:00-19:00,0,0,1
หทัยราษฎร์ - เลียบคลองสอง,เลียบคลองสอง,07:00-09:00,1,2,2
หทัยราษฎร์ - เลียบคลองสอง,เลียบคลองสอง,09:00-16:00,1,2,1
หทัยราษฎร์ - เลียบคลองสอง,เลียบคลองสอง,09:00-17:00,0,0,1
หทัยราษฎร์ - เลียบคลองสอง,เลียบคลองสอง,16:00-19:00,1,2,1
หทัยราษฎร์ - เลียบคลองสอง,เลียบคลองสอง,17:00-19:00,0,0,1
หนองระแหง - คู่ขนานกาญจนาภิเษก,คู่ขนานกาญจนาภิเษก,07:00-09:00,0,0,1
หนองระแหง - คู่ขนานกาญจนาภิเษก,คู่ขนานกาญจนาภิเษก,09:00-17:00,0,0,1
หนองระแหง - คู่ขนานกาญจนาภิเษก,คู่ขนานกาญจนาภิเษก,17:00-19:00,0,0,1
หนองระแหง - คู่ขนานกาญจนาภิเษก,หนองระแหง,07:00-09:00,0,0,1
หนองระแหง - คู่ขนานกาญจนาภิเษก,หนองระแหง,09:00-17:00,0,0,1
หนองระแหง - คู่ขนานกาญจนาภิเษก,หนองระแหง,17:00-19:00,0,0,1
หนองระแหง - หทัยราษฎร์,หทัยราษฎร์,07:00-09:00,0,0,1
หนองระแหง - หทัยราษฎร์,หทัยราษฎร์,09:00-17:00,0,0,1
หนองระแหง - หทัยราษฎร์,หทัยราษฎร์,17:00-19:00,0,0,1
หนองระแหง - หทัยราษฎร์,หนองระแหง,07:00-09:00,0,0,1
หนองระแหง - หทัยราษฎร์,หนองระแหง,09:00-17:00,0,0,1
หนองระแหง - หทัยราษฎร์,หนองระแหง,17:00-19:00,0,0,1
หนองระแหง 5-ไทยรามัญ,ซอยหนองระแหง,07:00-09:00,1,0,0
หนองระแหง 5-ไทยรามัญ,ซอยหนองระแหง,09:00-16:00,1,0,0
หนองระแหง 5-ไทยรามัญ,ซอยหนองระแหง,16:00-19:00,1,0,0
หนองระแหง 5-ไทยรามัญ,ซอยไทยรามัญ,07:00-09:00,1,0,0
หนองระแหง 5-ไทยรามัญ,ซอยไทยรามัญ,09:00-16:00,1,0,0
หนองระแหง 5-ไทยรามัญ,ซอยไทยรามัญ,16:00-19:00,1,0,0
หนองแขม,เพชรเกษม 81,07:00-09:00,0,0,1
หนองแขม,เพชรเกษม 81,09:00-17:00,0,0,1
หนองแขม,เพชรเกษม 81,17:00-19:00,0,0,1
หนองแขม,เลียบคลองภาษีเจริญฝั่งใต้,07:00-09:00,0,0,1
หนองแขม,เลียบคลองภาษีเจริญฝั่งใต้,09:00-17:00,0,0,1
หนองแขม,เลียบคลองภาษีเจริญฝั่งใต้,17:00-19:00,0,0,1
หนองใหญ่,บางแค,07:00-09:00,0,0,1
หนองใหญ่,บางแค,09:00-16:00,0,0,1
หนองใหญ่,บางแค,16:00-19:00,0,0,1
หนองใหญ่,บางแค 14,07:00-09:00,0,0,1
หนองใหญ่,บางแค 14,09:00-16:00,0,0,1
หนองใหญ่,บางแค 14,16:00-19:00,0,0,1
หนองใหญ่,บางแค 7,07:00-09:00,0,0,1
หนองใหญ่,บางแค 7,09:00-16:00,0,0,1
หนองใหญ่,บางแค 7,16:00-19:00,0,0,1
หน่วยบัญชาการรักษาดินแดง,สนามไชย,07:00-09:00,1,0,0
หน่วยบัญชาการรักษาดินแดง,สนามไชย,09:00-16:00,1,0,0
หน่วยบัญชาการรักษาดินแดง,สนามไชย,16:00-19:00,1,0,0
หน่วยบัญชาการรักษาดินแดน,สนามไชย,07:00-09:00,1,0,0
หน่วยบัญชาการรักษาดินแดน,สนามไชย,09:00-16:00,1,0,0
หน่วยบัญชาการรักษาดินแดน,สนามไชย,16:00-19:00,1,0,0
หน้า 7-11,อาจณรงค์,07:00-09:00,0,0,1
หน้า 7-11,อาจณรงค์,09:00-17:00,0,0,1
หน้า 7-11,อาจณรงค์,17:00-19:00,0,0,1
หน้า 7-11 พัฒนาการ 20,พัฒนาการ 20,07:00-09:00,0,0,2
หน้า 7-11 พัฒนาการ 20,พัฒนาการ 20,09:00-17:00,0,0,2
หน้า 7-11 พัฒนาการ 20,พัฒนาการ 20,17:00-19:00,0,0,2
หน้า Mayfair Place,สุขุมวิท 50,07:00-09:00,0,0,1
หน้า Mayfair Place,สุขุมวิท 50,09:00-17:00,0,0,1
หน้า Mayfair Place,สุขุมวิท 50,17:00-19:00,0,0,1
หน้า Velaa Sindlom Village,หลังสวน,07:00-09:00,0,0,1
หน้า Velaa Sindlom Village,หลังสวน,09:00-16:00,0,0,1
หน้า Velaa Sindlom Village,หลังสวน,16:00-19:00,0,0,1
หน้า ททบ.5,พหลโยธิน,07:00-09:00,0,0,1
หน้า ททบ.5,พหลโยธิน,09:00-17:00,0,0,1
หน้า ททบ.5,พหลโยธิน,17:00-19:00,0,0,1
หน้า ธ.กรุงเทพ สาขาเตาปูน,ประชาราษฎร์สาย 2,07:00-09:00,0,0,1
หน้า ธ.กรุงเทพ สาขาเตาปูน,ประชาราษฎร์สาย 2,09:00-17:00,0,0,1
หน้า ธ.กรุงเทพ สาขาเตาปูน,ประชาราษฎร์สาย 2,17:00-19:00,0,0,1
หน้า ธ.ยูโอบี,เยาวราช,07:00-09:00,0,0,1
หน้า ธ.ยูโอบี,เยาวราช,09:00-17:00,0,0,1
หน้า ธ.ยูโอบี,เยาวราช,17:00-19:00,0,0,1
หน้า บ.กรีนสปอต,ศรีนครินทร์,07:00-09:00,0,0,1
หน้า บ.กรีนสปอต,ศรีนครินทร์,09:00-17:00,0,0,1
หน้า บ.กรีนสปอต,ศรีนครินทร์,17:00-19:00,0,0,1
หน้า บ.ยัสปาล,สุขุมวิท,07:00-09:00,0,0,1
หน้า บ.ยัสปาล,สุขุมวิท 66/1,07:00-09:00,0,0,1
หน้า บ.ยัสปาล,สุขุมวิท 66/1,09:00-17:00,0,0,1
หน้า บ.ยัสปาล,สุขุมวิท 66/1,17:00-19:00,0,0,1
หน้า บ.เฟิร์ส ทรานสปอร์ต,หลวงแพ่ง,07:00-09:00,0,0,1
หน้า บ.เฟิร์ส ทรานสปอร์ต,หลวงแพ่ง,09:00-17:00,0,0,1
หน้า บ.เฟิร์ส ทรานสปอร์ต,หลวงแพ่ง,17:00-19:00,0,0,1
หน้า บ.เอพี โมโตพาร์ท จก.,ทวีวัฒนา-กาญจนาภิเษก,07:00-09:00,0,0,1
หน้า บ.เอพี โมโตพาร์ท จก.,ทวีวัฒนา-กาญจนาภิเษก,09:00-17:00,0,0,1
หน้า บ.เอพี โมโตพาร์ท จก.,ทวีวัฒนา-กาญจนาภิเษก,17:00-19:00,0,0,1
หน้า บ.แท็คเกิ้ล มาสเตอร์ จก.,ทวีวัฒนา-กาญจนาภิเษก,07:00-09:00,0,0,1
หน้า บ.แท็คเกิ้ล มาสเตอร์ จก.,ทวีวัฒนา-กาญจนาภิเษก,09:00-17:00,0,0,1
หน้า บ.แท็คเกิ้ล มาสเตอร์ จก.,ทวีวัฒนา-กาญจนาภิเษก,17:00-19:00,0,0,1
หน้า ม.ธรรมศาสตร์,หน้าพระธาตุ,07:00-09:00,1,0,0
หน้า ม.ธรรมศาสตร์,หน้าพระธาตุ,09:00-16:00,1,0,0
หน้า ม.ธรรมศาสตร์,หน้าพระธาตุ,16:00-19:00,1,0,0
หน้า ม.พระจอมเกล้าพระนครเหนือ,ทางเข้า ม.พระจอมเกล้าพระนครเหนือ,07:00-09:00,0,0,1
หน้า ม.พระจอมเกล้าพระนครเหนือ,ทางเข้า ม.พระจอมเกล้าพระนครเหนือ,09:00-17:00,0,0,1
หน้า ม.พระจอมเกล้าพระนครเหนือ,ทางเข้า ม.พระจอมเกล้าพระนครเหนือ,17:00-19:00,0,0,1
หน้า ม.พระจอมเกล้าพระนครเหนือ,พิบูลสงคราม,07:00-09:00,0,0,1
หน้า ม.พระจอมเกล้าพระนครเหนือ,พิบูลสงคราม,09:00-17:00,0,0,1
หน้า ม.พระจอมเกล้าพระนครเหนือ,พิบูลสงคราม,17:00-19:00,0,0,1
หน้า ม.มหานคร,เชื่อมสัมพันธ์,06:30-09:00,1,0,0
หน้า ม.มหานคร,เชื่อมสัมพันธ์,09:00-16:00,1,0,0
หน้า ม.มหานคร,เชื่อมสัมพันธ์,16:00-19:30,1,0,0
หน้า ม.เกษตรศาสตร์,พหลโยธิน,07:00-09:00,2,0,0
หน้า ม.เกษตรศาสตร์,พหลโยธิน,09:00-16:00,2,0,0
หน้า ม.เกษตรศาสตร์,พหลโยธิน,16:00-19:00,2,0,0
หน้า ม.เทคโนโลยีกรุงเทพ,นราธิวาสราชนครินทร์,07:00-09:00,1,0,0
หน้า ม.เทคโนโลยีกรุงเทพ,นราธิวาสราชนครินทร์,09:00-16:00,1,0,0
หน้า ม.เทคโนโลยีกรุงเทพ,นราธิวาสราชนครินทร์,16:00-19:00,1,0,0
หน้า ม.เทคโนโลยีราชมงคลวิทยาเขตเทเวศร์,สามเสน,07:00-09:00,0,0,1
หน้า ม.เทคโนโลยีราชมงคลวิทยาเขตเทเวศร์,สามเสน,09:00-16:00,0,0,1
หน้า ม.เทคโนโลยีราชมงคลวิทยาเขตเทเวศร์,สามเสน,16:00-19:00,0,0,1
หน้า รพ.ซีจีเอส สายไหม,เฉลิมพงษ์,07:00-09:00,0,0,1
หน้า รพ.ซีจีเอส สายไหม,เฉลิมพงษ์,09:00-17:00,0,0,1
หน้า รพ.ซีจีเอส สายไหม,เฉลิมพงษ์,17:00-19:00,0,0,1
หน้า รพ.บุษราคัมจิตการุณย์,สุขาภิบาล 5,07:00-09:00,0,0,1
หน้า รพ.บุษราคัมจิตการุณย์,สุขาภิบาล 5,09:00-17:00,0,0,1
หน้า รพ.บุษราคัมจิตการุณย์,สุขาภิบาล 5,17:00-19:00,0,0,1
หน้า รพ.ผู้สูงอายุบางขุนเทียน,บางขุนเทียนชายทะเล,07:00-09:00,0,0,1
หน้า รพ.ผู้สูงอายุบางขุนเทียน,บางขุนเทียนชายทะเล,09:00-17:00,0,0,1
หน้า รพ.ผู้สูงอายุบางขุนเทียน,บางขุนเทียนชายทะเล,17:00-19:00,0,0,1
หน้า รพ.ยันฮี,จรัญสนิทวงศ์,07:00-09:00,0,0,1
หน้า รพ.ยันฮี,จรัญสนิทวงศ์,09:00-17:00,0,0,1
หน้า รพ.ยันฮี,จรัญสนิทวงศ์,17:00-19:00,0,0,1
หน้า รพ.รวมใจรักษ์,สุขุมวิท 62,07:00-09:00,0,0,1
หน้า รพ.รวมใจรักษ์,สุขุมวิท 62,09:00-17:00,0,0,1
หน้า รพ.รวมใจรักษ์,สุขุมวิท 62,17:00-19:00,0,0,1
หน้า รพ.วิภาราม,พัฒนาการ,07:00-09:00,1,0,0
หน้า รพ.วิภาราม,พัฒนาการ,09:00-16:00,1,0,0
หน้า รพ.วิภาราม,พัฒนาการ,16:00-19:00,1,0,0
หน้า รพ.สมเด็จพระปิ่นเกล้า,สมเด็จพระเจ้าตากสิน,07:00-09:00,1,0,0
หน้า รพ.สมเด็จพระปิ่นเกล้า,สมเด็จพระเจ้าตากสิน,09:00-16:00,1,0,0
หน้า รพ.สมเด็จพระปิ่นเกล้า,สมเด็จพระเจ้าตากสิน,16:00-19:00,1,0,0
หน้า รพ.เวชการุณรัศม์,ทางเข้าออก รพ.เวชการุณรัศ,07:00-09:00,0,0,1
หน้า รพ.เวชการุณรัศม์,ทางเข้าออก รพ.เวชการุณรัศ,09:00-16:00,0,0,1
หน้า รพ.เวชการุณรัศม์,ทางเข้าออก รพ.เวชการุณรัศ,16:00-19:00,0,0,1
หน้า รพ.เวชการุณรัศม์,เลียบวารี,07:00-09:00,0,0,1
หน้า รพ.เวชการุณรัศม์,เลียบวารี,09:00-16:00,0,0,1
หน้า รพ.เวชการุณรัศม์,เลียบวารี,16:00-19:00,0,0,1
หน้า รร.ฝึกอาชีพ กทม.,เฉลิมพระเกียรติ ร.9,07:00-09:00,0,0,1
หน้า รร.ฝึกอาชีพ กทม.,เฉลิมพระเกียรติ ร.9,09:00-17:00,0,0,1
หน้า รร.ฝึกอาชีพ กทม.,เฉลิมพระเกียรติ ร.9,17:00-19:00,0,0,1
หน้า รร.พิทยาลงกรณ์พิทยาคม,เลียบคลองพิทยาลงกรณ์,07:00-09:00,0,0,1
หน้า รร.พิทยาลงกรณ์พิทยาคม,เลียบคลองพิทยาลงกรณ์,09:00-17:00,0,0,1
หน้า รร.พิทยาลงกรณ์พิทยาคม,เลียบคลองพิทยาลงกรณ์,17:00-19:00,0,0,1
หน้า รร.วัดสุทัศน์,อุณากรรณ,07:00-09:00,0,0,1
หน้า รร.วัดสุทัศน์,อุณากรรณ,09:00-17:00,0,0,1
หน้า รร.วัดสุทัศน์,อุณากรรณ,17:00-19:00,0,0,1
หน้า รร.สอนขับรถแอดวานซ์,พระราม 2 ซ.50,07:00-09:00,0,0,1
หน้า รร.สอนขับรถแอดวานซ์,พระราม 2 ซ.50,09:00-17:00,0,0,1
หน้า รร.สอนขับรถแอดวานซ์,พระราม 2 ซ.50,17:00-19:00,0,0,1
หน้า รร.สุเหร่าลาดบัวขาว,เคหะร่มเกล้า,07:00-09:00,0,0,1
หน้า รร.สุเหร่าลาดบัวขาว,เคหะร่มเกล้า,09:00-17:00,0,0,1
หน้า รร.สุเหร่าลาดบัวขาว,เคหะร่มเกล้า,17:00-19:00,0,0,1
หน้า รร.เบญจมราชาลัย,ศิริพงษ์,07:00-09:00,0,0,1
หน้า รร.เบญจมราชาลัย,ศิริพงษ์,09:00-17:00,0,0,1
หน้า รร.เบญจมราชาลัย,ศิริพงษ์,17:00-19:00,0,0,1
หน้า รร.โชคชัยหทัยราษฎร์,หทัยราษฎร์,07:00-09:00,0,0,1
หน้า รร.โชคชัยหทัยราษฎร์,หทัยราษฎร์,09:00-17:00,0,0,1
หน้า รร.โชคชัยหทัยราษฎร์,หทัยราษฎร์,17:00-19:00,0,0,1
หน้า หจก. ชาลี แสงแดง,หลวงแพ่ง,07:00-09:00,0,0,1
หน้า หจก. ชาลี แสงแดง,หลวงแพ่ง,09:00-17:00,0,0,1
หน้า หจก. ชาลี แสงแดง,หลวงแพ่ง,17:00-19:00,0,0,1
หน้ากรมการขนส่งทางบก,พหลโยธิน,07:00-09:00,1,0,0
หน้ากรมการขนส่งทางบก,พหลโยธิน,09:00-16:00,1,0,0
หน้ากรมการขนส่งทางบก,พหลโยธิน,16:00-19:00,1,0,0
หน้ากรมขนส่งทางบก,พหลโยธิน,07:00-09:00,1,0,0
หน้ากรมขนส่งทางบก,พหลโยธิน,09:00-16:00,1,0,0
หน้ากรมขนส่งทางบก,พหลโยธิน,16:00-19:00,1,0,0
หน้ากรมชลประทาน,สามเสน,07:00-09:00,0,1,0
หน้ากรมชลประทาน,สามเสน,09:00-16:00,0,1,0
หน้ากรมชลประทาน,สามเสน,16:00-19:00,0,1,0
หน้ากรมอู่ทหารเรือ,อรุณอัมรินทร์,07:00-09:00,1,0,0
หน้ากรมอู่ทหารเรือ,อรุณอัมรินทร์,09:00-16:00,1,0,0
หน้ากรมอู่ทหารเรือ,อรุณอัมรินทร์,16:00-19:00,1,0,0
หน้ากรมแผนที่ทหาร,กัลยาณไมตรี,07:00-09:00,1,0,0
หน้ากรมแผนที่ทหาร,กัลยาณไมตรี,09:00-16:00,1,0,0
หน้ากรมแผนที่ทหาร,กัลยาณไมตรี,16:00-19:00,1,0,0
หน้ากรมโรงงานอุตสาหกรรม,พระสุเมรุ,07:00-09:00,1,0,0
หน้ากรมโรงงานอุตสาหกรรม,พระสุเมรุ,09:00-16:00,1,0,0
หน้ากรมโรงงานอุตสาหกรรม,พระสุเมรุ,16:00-19:00,1,0,0
หน้ากองบัญชาการกองทัพอากาศ,พหลโยธิน,07:00-09:00,1,0,0
หน้ากองบัญชาการกองทัพอากาศ,พหลโยธิน,09:00-16:00,1,0,0
หน้ากองบัญชาการกองทัพอากาศ,พหลโยธิน,16:00-19:00,1,0,0
หน้ากองปราบปราม,พหลโยธิน,07:00-09:00,0,1,1
หน้ากองปราบปราม,พหลโยธิน,09:00-16:00,0,1,1
หน้ากองปราบปราม,พหลโยธิน,16:00-19:00,0,1,1
หน้ากองพันทหารปืนใหญ่ที่ 1,ประดิพัทธ์,07:00-09:00,0,1,0
หน้ากองพันทหารปืนใหญ่ที่ 1,ประดิพัทธ์,09:00-16:00,0,1,0
หน้ากองพันทหารปืนใหญ่ที่ 1,ประดิพัทธ์,16:00-19:00,0,1,0
หน้ากองพันทหารม้าที่ 3,ทหาร,07:00-09:00,0,1,0
หน้ากองพันทหารม้าที่ 3,ทหาร,09:00-16:00,0,1,0
หน้ากองพันทหารม้าที่ 3,ทหาร,16:00-19:00,0,1,0
หน้ากองพันทหารสื่อสารที่ 21,ทางเข้า - ออกกองพันฯ,07:00-09:00,0,0,1
หน้ากองพันทหารสื่อสารที่ 21,ทางเข้า - ออกกองพันฯ,09:00-16:00,0,0,1
หน้ากองพันทหารสื่อสารที่ 21,ทางเข้า - ออกกองพันฯ,16:00-19:00,0,0,1
หน้ากองพันทหารสื่อสารที่ 21,พหลโยธิน,07:00-09:00,0,0,1
หน้ากองพันทหารสื่อสารที่ 21,พหลโยธิน,09:00-16:00,0,0,1
หน้ากองพันทหารสื่อสารที่ 21,พหลโยธิน,16:00-19:00,0,0,1
หน้าการไฟฟ้าธนบุรี,จรัญสนิทวงศ์,07:00-09:00,0,0,1
หน้าการไฟฟ้าธนบุรี,จรัญสนิทวงศ์,09:00-17:00,0,0,1
หน้าการไฟฟ้าธนบุรี,จรัญสนิทวงศ์,17:00-19:00,0,0,1
หน้าการไฟฟ้าธนบุรี,จรัญสนิทวงศ์ 20,07:00-09:00,0,0,1
หน้าการไฟฟ้าธนบุรี,จรัญสนิทวงศ์ 20,09:00-17:00,0,0,1
หน้าการไฟฟ้าธนบุรี,จรัญสนิทวงศ์ 20,17:00-19:00,0,0,1
หน้าการไฟฟ้าธนบุรี,จรัญสนิทวงศ์ 23,07:00-09:00,0,0,1
หน้าการไฟฟ้าธนบุรี,จรัญสนิทวงศ์ 23,09:00-17:00,0,0,1
หน้าการไฟฟ้าธนบุรี,จรัญสนิทวงศ์ 23,17:00-19:00,0,0,1
หน้าการไฟฟ้านครหลวงบางเขน,กำแพงเพชร 2,07:00-09:00,1,0,0
หน้าการไฟฟ้านครหลวงบางเขน,กำแพงเพชร 2,09:00-16:00,1,0,0
หน้าการไฟฟ้านครหลวงบางเขน,กำแพงเพชร 2,16:00-19:00,1,0,0
หน้าคณะนิเทศศาสตร์ จุฬาลงกรณ์ฯ,ทางเข้าคณะนิเทศศาสตร์,07:00-09:00,1,0,0
หน้าคณะนิเทศศาสตร์ จุฬาลงกรณ์ฯ,ทางเข้าคณะนิเทศศาสตร์,09:00-16:00,1,0,0
หน้าคณะนิเทศศาสตร์ จุฬาลงกรณ์ฯ,ทางเข้าคณะนิเทศศาสตร์,16:00-19:00,1,0,0
หน้าคณะนิเทศศาสตร์ จุฬาลงกรณ์ฯ,พญาไท,07:00-09:00,1,0,0
หน้าคณะนิเทศศาสตร์ จุฬาลงกรณ์ฯ,พญาไท,09:00-16:00,1,0,0
หน้าคณะนิเทศศาสตร์ จุฬาลงกรณ์ฯ,พญาไท,16:00-19:00,1,0,0
"หน้าคณะเทคโนโลยีการเกษตร, สำนักหอสมุดกลาง",ฉลองกรุง,07:00-09:00,0,0,1
"หน้าคณะเทคโนโลยีการเกษตร, สำนักหอสมุดกลาง",ฉลองกรุง,09:00-17:00,0,0,1
"หน้าคณะเทคโนโลยีการเกษตร, สำนักหอสมุดกลาง",ฉลองกรุง,17:00-19:00,0,0,1
หน้าคณะเวชศาสตร์เขตร้อน,ราชวิถี,07:00-09:00,0,0,1
หน้าคณะเวชศาสตร์เขตร้อน,ราชวิถี,09:00-17:00,0,0,1
หน้าคณะเวชศาสตร์เขตร้อน,ราชวิถี,17:00-19:00,0,0,1
หน้าคณะเวชศาสตร์เขตร้อน,ราชวิถี 15,07:00-09:00,0,0,1
หน้าคณะเวชศาสตร์เขตร้อน,ราชวิถี 15,09:00-17:00,0,0,1
หน้าคณะเวชศาสตร์เขตร้อน,ราชวิถี 15,17:00-19:00,0,0,1
หน้าคณะแพทย์ศาสตร์วชิระพยาบาล,สามเสน,07:00-09:00,1,0,0
หน้าคณะแพทย์ศาสตร์วชิระพยาบาล,สามเสน,09:00-16:00,1,0,0
หน้าคณะแพทย์ศาสตร์วชิระพยาบาล,สามเสน,16:00-19:00,1,0,0
หน้าคอนโด 28Chidlom,ชิดลม,07:00-09:00,0,0,1
หน้าคอนโด 28Chidlom,ชิดลม,09:00-16:00,0,0,1
หน้าคอนโด 28Chidlom,ชิดลม,16:00-19:00,0,0,1
หน้าคอนโด ชีวาทัย เรสซิเดนซ์,ประชาราษฎร์สาย 2,07:00-09:00,0,0,1
หน้าคอนโด ชีวาทัย เรสซิเดนซ์,ประชาราษฎร์สาย 2,09:00-17:00,0,0,1
หน้าคอนโด ชีวาทัย เรสซิเดนซ์,ประชาราษฎร์สาย 2,17:00-19:00,0,0,1
หน้าคอนโด เดอะทรี อินเตอร์เชน,ประชาราษฎร์สาย 2,07:00-09:00,0,0,1
หน้าคอนโด เดอะทรี อินเตอร์เชน,ประชาราษฎร์สาย 2,09:00-17:00,0,0,1
หน้าคอนโด เดอะทรี อินเตอร์เชน,ประชาราษฎร์สาย 2,17:00-19:00,0,0,1
หน้าคอนโด เมโทร สกาย,ประชาชื่น,07:00-09:00,0,0,1
หน้าคอนโด เมโทร สกาย,ประชาชื่น,17:00-19:00,0,0,1
หน้าคอนโดดิเอ็กซ์เซลกรูฟปากซอยลาซาล 52,สุขุมวิท 105,06:30-09:00,0,1,0
หน้าคอนโดดิเอ็กซ์เซลกรูฟปากซอยลาซาล 52,สุขุมวิท 105,09:00-16:00,0,1,0
หน้าคอนโดดิเอ็กซ์เซลกรูฟปากซอยลาซาล 52,สุขุมวิท 105,16:00-19:30,0,1,0
หน้าคอนโดยูดีไลท์แอทหัวหมากสเตชั่น,หัวหมาก,07:00-09:00,0,1,0
หน้าคอนโดยูดีไลท์แอทหัวหมากสเตชั่น,หัวหมาก,09:00-16:00,0,1,0
หน้าคอนโดยูดีไลท์แอทหัวหมากสเตชั่น,หัวหมาก,16:00-19:00,0,1,0
หน้าคอนโดลุมพินีพาร์คนวมินทร์ 36,นวมนิทร์,07:00-09:00,0,1,0
หน้าคอนโดลุมพินีพาร์คนวมินทร์ 37,นวมนิทร์,09:00-16:00,0,1,0
หน้าคอนโดลุมพินีพาร์คนวมินทร์ 38,นวมนิทร์,16:00-19:00,0,1,0
หน้าคอนโดลุมพินีวิลล์,ราษฎร์บูรณะ,07:00-09:00,0,0,1
หน้าคอนโดลุมพินีวิลล์,ราษฎร์บูรณะ,09:00-17:00,0,0,1
หน้าคอนโดลุมพินีวิลล์,ราษฎร์บูรณะ,17:00-19:00,0,0,1
หน้าชุมชนบ้านแบบ,เจริญูราษฎร์,07:00-09:00,1,0,0
หน้าชุมชนบ้านแบบ,เจริญูราษฎร์,09:00-16:00,1,0,0
หน้าชุมชนบ้านแบบ,เจริญูราษฎร์,16:00-19:00,1,0,0
หน้าชุมชนโรงเรียวัดตลิ่งชัน,ชักพระ,07:00-09:00,1,0,0
หน้าชุมชนโรงเรียวัดตลิ่งชัน,ชักพระ,09:00-16:00,1,0,0
หน้าชุมชนโรงเรียวัดตลิ่งชัน,ชักพระ,16:00-19:00,1,0,0
หน้าซอยพหลโยธิน 50 แยก 11-15-2,เทพรักษ์,07:00-09:00,1,0,0
หน้าซอยพหลโยธิน 50 แยก 11-15-2,เทพรักษ์,09:00-16:00,1,0,0
หน้าซอยพหลโยธิน 50 แยก 11-15-2,เทพรักษ์,16:00-19:00,1,0,0
หน้าซีคอนสแควร์,ศรีนครินทร์,07:00-09:00,1,0,0
หน้าซีคอนสแควร์,ศรีนครินทร์,09:00-16:00,1,0,0
หน้าซีคอนสแควร์,ศรีนครินทร์,16:00-19:00,1,0,0
หน้าตลาดคลองถม,เจริญกรุง,07:00-09:00,0,1,0
หน้าตลาดคลองถม,เจริญกรุง,09:00-16:00,0,1,0
หน้าตลาดคลองถม,เจริญกรุง,16:00-19:00,0,1,0
หน้าตลาดจตุจักรคุ้มเกล้า,คุ้มเกล้า,07:00-09:00,0,1,0
หน้าตลาดจตุจักรคุ้มเกล้า,คุ้มเกล้า,09:00-16:00,0,1,0
หน้าตลาดจตุจักรคุ้มเกล้า,คุ้มเกล้า,16:00-19:00,0,1,0
หน้าตลาดบองมาเช่,เทศบาลสงเคราะห์,07:00-09:00,0,0,1
หน้าตลาดบองมาเช่,เทศบาลสงเคราะห์,09:00-17:00,0,0,1
หน้าตลาดบองมาเช่,เทศบาลสงเคราะห์,17:00-19:00,0,0,1
หน้าตลาดประชานิเวศน์ 1,เทศบาลสงเคราะห์,07:00-09:00,1,0,0
หน้าตลาดประชานิเวศน์ 1,เทศบาลสงเคราะห์,09:00-16:00,1,0,0
หน้าตลาดประชานิเวศน์ 1,เทศบาลสงเคราะห์,16:00-19:00,1,0,0
หน้าตลาดพิบูลย์วิทย์,กำนันแม้น,07:00-09:00,0,0,1
หน้าตลาดพิบูลย์วิทย์,กำนันแม้น,09:00-17:00,0,0,1
หน้าตลาดพิบูลย์วิทย์,กำนันแม้น,17:00-19:00,0,0,1
หน้าตลาดพิบูลย์วิทย์,กำนันแม้น 8,07:00-09:00,0,0,1
หน้าตลาดพิบูลย์วิทย์,กำนันแม้น 8,09:00-17:00,0,0,1
หน้าตลาดพิบูลย์วิทย์,กำนันแม้น 8,17:00-19:00,0,0,1
หน้าตลาดพุทธบูชา 95,พุทธบูชา,07:00-09:00,0,0,1
หน้าตลาดพุทธบูชา 95,พุทธบูชา,09:00-17:00,0,0,1
หน้าตลาดพุทธบูชา 95,พุทธบูชา,17:00-19:00,0,0,1
หน้าตลาดมหาสิน,สุขุมวิท 101/1,07:00-09:00,0,0,1
หน้าตลาดมหาสิน,สุขุมวิท 101/1,09:00-17:00,0,0,1
หน้าตลาดมหาสิน,สุขุมวิท 101/1,17:00-19:00,0,0,1
หน้าตลาดมาร์เก็ตแลนด์,ลาดกระบัง,07:00-09:00,0,0,1
หน้าตลาดมาร์เก็ตแลนด์,ลาดกระบัง,09:00-17:00,0,0,1
หน้าตลาดมาร์เก็ตแลนด์,ลาดกระบัง,17:00-19:00,0,0,1
หน้าตลาดมโนรมย์,เลียบคลองสอง,07:00-09:00,0,1,0
หน้าตลาดมโนรมย์,เลียบคลองสอง,09:00-16:00,0,1,0
หน้าตลาดมโนรมย์,เลียบคลองสอง,16:00-19:00,0,1,0
หน้าตลาดยิปซี,กรุงเทพ - นนทบุรี,07:00-09:00,0,0,1
หน้าตลาดยิปซี,กรุงเทพ - นนทบุรี,09:00-17:00,0,0,1
หน้าตลาดยิปซี,กรุงเทพ - นนทบุรี,17:00-19:00,0,0,1
หน้าตลาดศรีเขมา,ประชาราษฎร์สาย 1,07:00-09:00,0,0,1
หน้าตลาดศรีเขมา,ประชาราษฎร์สาย 1,09:00-17:00,0,0,1
หน้าตลาดศรีเขมา,ประชาราษฎร์สาย 1,17:00-19:00,0,0,1
หน้าตลาดศรีเขมา,ประชาราษฎร์สาย 1 (EB),07:00-09:00,0,0,1
หน้าตลาดศรีเขมา,ประชาราษฎร์สาย 1 (EB),09:00-17:00,0,0,1
หน้าตลาดศรีเขมา,ประชาราษฎร์สาย 1 (EB),17:00-19:00,0,0,1
หน้าตลาดเคซี,นิมิตรใหม่,07:00-09:00,0,1,0
หน้าตลาดเคซี,นิมิตรใหม่,09:00-16:00,0,1,0
หน้าตลาดเคซี,นิมิตรใหม่,16:00-19:00,0,1,0
หน้าตลาดไชยทิศ,เลียบทางรถไฟตลิ่งชัน,07:00-09:00,0,0,1
หน้าตลาดไชยทิศ,เลียบทางรถไฟตลิ่งชัน,09:00-16:00,0,0,1
หน้าตลาดไชยทิศ,เลียบทางรถไฟตลิ่งชัน,16:00-19:00,0,0,1
หน้าถ.รามคำแหง2 ซ. 11,รามคำแหง 2,07:00-09:00,0,0,1
หน้าถ.รามคำแหง2 ซ. 11,รามคำแหง 2,09:00-17:00,0,0,1
หน้าถ.รามคำแหง2 ซ. 11,รามคำแหง 2,17:00-19:00,0,0,1
หน้าถนนศรีเวียง (ช่วงใต้ทางด่วนศรีรัช),จรูญเวียง,07:00-09:00,1,0,0
หน้าถนนศรีเวียง (ช่วงใต้ทางด่วนศรีรัช),จรูญเวียง,09:00-16:00,1,0,0
หน้าถนนศรีเวียง (ช่วงใต้ทางด่วนศรีรัช),จรูญเวียง,16:00-19:00,1,0,0
หน้าธนาคาร CIMB,หลังสวน,07:00-09:00,0,0,1
หน้าธนาคาร CIMB,หลังสวน,09:00-16:00,0,0,1
หน้าธนาคาร CIMB,หลังสวน,16:00-19:00,0,0,1
หน้าธนาคารแห่งประเทศไทย,สามเสน,07:00-09:00,0,3,1
หน้าธนาคารแห่งประเทศไทย,สามเสน,09:00-16:00,0,3,0
หน้าธนาคารแห่งประเทศไทย,สามเสน,09:00-17:00,0,0,1
หน้าธนาคารแห่งประเทศไทย,สามเสน,16:00-19:00,0,3,0
หน้าธนาคารแห่งประเทศไทย,สามเสน,17:00-19:00,0,0,1
หน้าธัญญปาร์ค,ศรีนครินทร์,07:00-09:00,1,0,0
หน้าธัญญปาร์ค,ศรีนครินทร์,09:00-16:00,1,0,0
หน้าธัญญปาร์ค,ศรีนครินทร์,16:00-19:00,1,0,0
หน้านิคมฯ เจโมโพลิส,สุขาภิบาล 2,07:00-09:00,0,0,1
หน้านิคมฯ เจโมโพลิส,สุขาภิบาล 2,09:00-17:00,0,0,1
หน้านิคมฯ เจโมโพลิส,สุขาภิบาล 2,17:00-19:00,0,0,1
หน้าบริษัท คริสเตียนีและนีลเส็น,ลาซาล,07:00-09:00,0,0,1
หน้าบริษัท คริสเตียนีและนีลเส็น,ลาซาล,09:00-17:00,0,0,1
หน้าบริษัท คริสเตียนีและนีลเส็น,ลาซาล,17:00-19:00,0,0,1
หน้าบริษัท ปตท.,วิภาวดีรังสิต,07:00-09:00,0,1,0
หน้าบริษัท ปตท.,วิภาวดีรังสิต,09:00-16:00,0,1,0
หน้าบริษัท ปตท.,วิภาวดีรังสิต,16:00-19:00,0,1,0
หน้าบริษัทกราเวีย อาร์ต เซ็นเตอร์,เลียบคลองภาษีเจริญฝั่งเหนือ,07:00-09:00,0,0,1
หน้าบริษัทกราเวีย อาร์ต เซ็นเตอร์,เลียบคลองภาษีเจริญฝั่งเหนือ,09:00-17:00,0,0,1
หน้าบริษัทกราเวีย อาร์ต เซ็นเตอร์,เลียบคลองภาษีเจริญฝั่งเหนือ,17:00-19:00,0,0,1
หน้าบิ๊กซีราชดำริ,ราชดำริ,07:00-09:00,0,2,0
หน้าบิ๊กซีราชดำริ,ราชดำริ,09:00-16:00,0,2,0
หน้าบิ๊กซีราชดำริ,ราชดำริ,16:00-19:00,0,2,0
หน้าบิ๊กซีราษฎร์บูรณะ,ราษฎร์บูรณะ,07:00-09:00,1,0,0
หน้าบิ๊กซีราษฎร์บูรณะ,ราษฎร์บูรณะ,09:00-16:00,1,0,0
หน้าบิ๊กซีราษฎร์บูรณะ,ราษฎร์บูรณะ,16:00-19:00,1,0,0
หน้าบิ๊กซีหนองจอก,เลียบวารี,07:00-09:00,0,0,1
หน้าบิ๊กซีหนองจอก,เลียบวารี,09:00-17:00,0,0,1
หน้าบิ๊กซีหนองจอก,เลียบวารี,17:00-19:00,0,0,1
หน้าบ้านพักคนชราบางแค,เพชรเกษม,07:00-09:00,0,1,0
หน้าบ้านพักคนชราบางแค,เพชรเกษม,09:00-16:00,0,1,0
หน้าบ้านพักคนชราบางแค,เพชรเกษม,16:00-19:00,0,1,0
หน้าปั้มปตท.ถนนฉลองกรุง,ฉลองกรุง,06:30-09:00,1,0,0
หน้าปั้มปตท.ถนนฉลองกรุง,ฉลองกรุง,09:00-16:00,1,0,0
หน้าปั้มปตท.ถนนฉลองกรุง,ฉลองกรุง,16:00-19:30,1,0,0
หน้าปั๊ม ปตท.,คุ้มเกล้า,07:00-09:00,0,0,1
หน้าปั๊ม ปตท.,คุ้มเกล้า,09:00-17:00,0,0,1
หน้าปั๊ม ปตท.,คุ้มเกล้า,17:00-19:00,0,0,1
หน้าปั๊มแก๊ส NSGAS LPG,ร่มเกล้า,07:00-09:00,0,1,0
หน้าปั๊มแก๊ส NSGAS LPG,ร่มเกล้า,09:00-16:00,0,1,0
หน้าปั๊มแก๊ส NSGAS LPG,ร่มเกล้า,16:00-19:00,0,1,0
หน้าพันธุ์ทิพย์ประตูน้ำ,เพชรบุรี,07:00-09:00,0,1,0
หน้าพันธุ์ทิพย์ประตูน้ำ,เพชรบุรี,09:00-16:00,0,1,0
หน้าพันธุ์ทิพย์ประตูน้ำ,เพชรบุรี,16:00-19:00,0,1,0
หน้าพันธุ์ทิพย์พลาซา,เพชรบุรีตัดใหม่,07:00-09:00,0,1,0
หน้าพันธุ์ทิพย์พลาซา,เพชรบุรีตัดใหม่,09:00-16:00,0,1,0
หน้าพันธุ์ทิพย์พลาซา,เพชรบุรีตัดใหม่,16:00-19:00,0,1,0
หน้าพิพิธภัณฑ์เด็ก,กำแพงเพชร 4,07:00-09:00,1,0,0
หน้าพิพิธภัณฑ์เด็ก,กำแพงเพชร 4,09:00-16:00,1,0,0
หน้าพิพิธภัณฑ์เด็ก,กำแพงเพชร 4,16:00-19:00,1,0,0
หน้าพีเพิ่ลปาร์ค,อ่อนนุช,07:00-09:00,0,0,1
หน้าพีเพิ่ลปาร์ค,อ่อนนุช,09:00-17:00,0,0,1
หน้าพีเพิ่ลปาร์ค,อ่อนนุช,17:00-19:00,0,0,1
หน้าพุทธสมาคมแห่งประเทศไทย,พระอาทิตย์,07:00-09:00,1,0,0
หน้าพุทธสมาคมแห่งประเทศไทย,พระอาทิตย์,09:00-16:00,1,0,0
หน้าพุทธสมาคมแห่งประเทศไทย,พระอาทิตย์,16:00-19:00,1,0,0
หน้าม.ราชภัฏวไลยอลงกรณ์,เพชรบุรี,07:00-09:00,0,1,0
หน้าม.ราชภัฏวไลยอลงกรณ์,เพชรบุรี,09:00-16:00,0,1,0
หน้าม.ราชภัฏวไลยอลงกรณ์,เพชรบุรี,16:00-19:00,0,1,0
หน้าม.เทคโนโลยีราชมงคลพระนคร,นครสวรรค์,07:00-09:00,0,1,0
หน้าม.เทคโนโลยีราชมงคลพระนคร,นครสวรรค์,09:00-16:00,0,1,0
หน้าม.เทคโนโลยีราชมงคลพระนคร,นครสวรรค์,16:00-19:00,0,1,0
หน้ามหาวิทยาลัยนวมินทราธิราช,ขาว,06:30-09:00,1,0,0
หน้ามหาวิทยาลัยนวมินทราธิราช,ขาว,09:00-16:00,1,0,0
หน้ามหาวิทยาลัยนวมินทราธิราช,ขาว,16:00-19:30,1,0,0
หน้ามหาวิทยาลัยศิลปากร,หน้าพระลาน,07:00-09:00,1,0,0
หน้ามหาวิทยาลัยศิลปากร,หน้าพระลาน,09:00-16:00,1,0,0
หน้ามหาวิทยาลัยศิลปากร,หน้าพระลาน,16:00-19:00,1,0,0
หน้ามหาวิทยาลัยสยาม,เพชรเกษม,07:00-09:00,1,0,0
หน้ามหาวิทยาลัยสยาม,เพชรเกษม,09:00-16:00,1,0,0
หน้ามหาวิทยาลัยสยาม,เพชรเกษม,16:00-19:00,1,0,0
หน้ามัสยิดดารุ้ลมูกร้อดรอบีน,คู้-คลองสิบ,07:00-09:00,0,0,1
หน้ามัสยิดดารุ้ลมูกร้อดรอบีน,คู้-คลองสิบ,09:00-17:00,0,0,1
หน้ามัสยิดดารุ้ลมูกร้อดรอบีน,คู้-คลองสิบ,17:00-19:00,0,0,1
หน้ามัสยิดอัลอิสติกอมะห์,ประชาอุทิศ,07:00-09:00,0,0,1
หน้ามัสยิดอัลอิสติกอมะห์,ประชาอุทิศ,09:00-17:00,0,0,1
หน้ามัสยิดอัลอิสติกอมะห์,ประชาอุทิศ,17:00-19:00,0,0,1
หน้ามาร์เก็ตเพลส,เทพรักษ์,07:00-09:00,0,0,1
หน้ามาร์เก็ตเพลส,เทพรักษ์,09:00-17:00,0,0,1
หน้ามาร์เก็ตเพลส,เทพรักษ์,17:00-19:00,0,0,1
หน้าร.พ.รามาธิบดี,พระรามที่ 6,07:00-09:00,0,1,0
หน้าร.พ.รามาธิบดี,พระรามที่ 6,09:00-16:00,0,1,0
หน้าร.พ.รามาธิบดี,พระรามที่ 6,16:00-19:00,0,1,0
หน้ารพ.พญาไท 2,พหลโยธิน,07:00-09:00,0,2,0
หน้ารพ.พญาไท 2,พหลโยธิน,09:00-16:00,0,2,0
หน้ารพ.พญาไท 2,พหลโยธิน,16:00-19:00,0,2,0
หน้ารพ.รามาธิบดี,พระรามที่ 6,07:00-09:00,0,2,0
หน้ารพ.รามาธิบดี,พระรามที่ 6,09:00-16:00,0,2,0
หน้ารพ.รามาธิบดี,พระรามที่ 6,16:00-19:00,0,2,0
หน้ารัฐสภา,อู่ทองใน,07:00-09:00,1,0,0
หน้ารัฐสภา,อู่ทองใน,09:00-16:00,1,0,0
หน้ารัฐสภา,อู่ทองใน,16:00-19:00,1,0,0
หน้ารัฐสภาใหม่,รัชดาภิเษก,07:00-09:00,0,1,0
หน้ารัฐสภาใหม่,รัชดาภิเษก,09:00-16:00,0,1,0
หน้ารัฐสภาใหม่,รัชดาภิเษก,16:00-19:00,0,1,0
หน้ารัฐสภาใหม่,สามเสน,07:00-09:00,0,1,0
หน้ารัฐสภาใหม่,สามเสน,09:00-16:00,0,1,0
หน้ารัฐสภาใหม่,สามเสน,16:00-19:00,0,1,0
หน้าราชตฤณมัยสมาคม,พิษณุโลก,07:00-09:00,0,1,0
หน้าราชตฤณมัยสมาคม,พิษณุโลก,09:00-16:00,0,1,0
หน้าราชตฤณมัยสมาคม,พิษณุโลก,16:00-19:00,0,1,0
หน้าราชนาวีสโมสร,มหาราช,07:00-09:00,1,0,0
หน้าราชนาวีสโมสร,มหาราช,09:00-16:00,1,0,0
หน้าราชนาวีสโมสร,มหาราช,16:00-19:00,1,0,0
หน้าร้าน Dento Lighting,เจริญราษฎร์,07:00-09:00,0,0,1
หน้าร้าน Dento Lighting,เจริญราษฎร์,09:00-17:00,0,0,1
หน้าร้าน Dento Lighting,เจริญราษฎร์,17:00-19:00,0,0,1
หน้าร้าน Moonlight Garden,ทวีวัฒนา-กาญจนาภิเษก,07:00-09:00,0,0,1
หน้าร้าน Moonlight Garden,ทวีวัฒนา-กาญจนาภิเษก,09:00-17:00,0,0,1
หน้าร้าน Moonlight Garden,ทวีวัฒนา-กาญจนาภิเษก,17:00-19:00,0,0,1
หน้าวชิระพยาบาล,สามเสน,07:00-09:00,0,1,0
หน้าวชิระพยาบาล,สามเสน,09:00-16:00,0,1,0
หน้าวชิระพยาบาล,สามเสน,16:00-19:00,0,1,0
หน้าวัดชัยมงคล,พระรามที่ 1,07:00-09:00,0,1,0
หน้าวัดชัยมงคล,พระรามที่ 1,09:00-16:00,0,1,0
หน้าวัดชัยมงคล,พระรามที่ 1,16:00-19:00,0,1,0
หน้าวัดดิสานุการาม,วรจักร,07:00-09:00,0,1,0
หน้าวัดดิสานุการาม,วรจักร,09:00-16:00,0,1,0
หน้าวัดดิสานุการาม,วรจักร,16:00-19:00,0,1,0
หน้าวัดบรมนิวาสราชวรวิหาร,พระรามที่ 6,07:00-09:00,0,0,1
หน้าวัดบรมนิวาสราชวรวิหาร,พระรามที่ 6,09:00-16:00,0,0,1
หน้าวัดบรมนิวาสราชวรวิหาร,พระรามที่ 6,16:00-19:00,0,0,1
หน้าวัดพระศรีมหาธาตุวรวิหาร,พหลโยธิน,07:00-09:00,1,0,0
หน้าวัดพระศรีมหาธาตุวรวิหาร,พหลโยธิน,09:00-16:00,1,0,0
หน้าวัดพระศรีมหาธาตุวรวิหาร,พหลโยธิน,16:00-19:00,1,0,0
หน้าวัดพระศรีมหาธาตุฯ,พหลโยธิน,07:00-09:00,1,0,0
หน้าวัดพระศรีมหาธาตุฯ,พหลโยธิน,09:00-16:00,1,0,0
หน้าวัดพระศรีมหาธาตุฯ,พหลโยธิน,16:00-19:00,1,0,0
หน้าวัดมหรรณพาราม,ตะนาว,07:00-09:00,2,1,0
หน้าวัดมหรรณพาราม,ตะนาว,09:00-16:00,2,1,0
หน้าวัดมหรรณพาราม,ตะนาว,16:00-19:00,2,1,0
หน้าวัดมังกรกมลาวาส,เจริญกรุง,07:00-09:00,1,0,0
หน้าวัดมังกรกมลาวาส,เจริญกรุง,09:00-16:00,1,0,0
หน้าวัดมังกรกมลาวาส,เจริญกรุง,16:00-19:00,1,0,0
หน้าวัดมังกรฯ,เจริญกรุง,07:00-09:00,0,0,1
หน้าวัดมังกรฯ,เจริญกรุง,09:00-17:00,0,0,1
หน้าวัดมังกรฯ,เจริญกรุง,17:00-19:00,0,0,1
หน้าวัดราชบุรณราชวรวิหาร,จักรเพชร,07:00-09:00,0,0,1
หน้าวัดราชบุรณราชวรวิหาร,จักรเพชร,09:00-17:00,0,0,1
หน้าวัดราชบุรณราชวรวิหาร,จักรเพชร,17:00-19:00,0,0,1
หน้าวัดลครทำ,อิสรภาพ,07:00-09:00,0,0,1
หน้าวัดลครทำ,อิสรภาพ,09:00-17:00,0,0,1
หน้าวัดลครทำ,อิสรภาพ,17:00-19:00,0,0,1
หน้าวัดศรีนวล,หนองแขม-วัดศรีนวล,07:00-09:00,0,0,1
หน้าวัดศรีนวล,หนองแขม-วัดศรีนวล,09:00-17:00,0,0,1
หน้าวัดศรีนวล,หนองแขม-วัดศรีนวล,17:00-19:00,0,0,1
หน้าวัดสามง่าม,คู้-คลองสิบ,07:00-09:00,0,0,1
หน้าวัดสามง่าม,คู้-คลองสิบ,09:00-17:00,0,0,1
หน้าวัดสามง่าม,คู้-คลองสิบ,17:00-19:00,0,0,1
หน้าวัดสีกัน,สรงประภา,07:00-09:00,2,0,0
หน้าวัดสีกัน,สรงประภา,09:00-16:00,2,0,0
หน้าวัดสีกัน,สรงประภา,16:00-19:00,2,0,0
หน้าวัดสุทัศน์,บำรุงเมือง,07:00-09:00,1,0,0
หน้าวัดสุทัศน์,บำรุงเมือง,09:00-16:00,1,0,0
หน้าวัดสุทัศน์,บำรุงเมือง,16:00-19:00,1,0,0
หน้าวัดอมรินทรารามวิหาร,พระนเรศวรมหาราช,07:00-09:00,0,0,1
หน้าวัดอมรินทรารามวิหาร,พระนเรศวรมหาราช,09:00-17:00,0,0,1
หน้าวัดอมรินทรารามวิหาร,พระนเรศวรมหาราช,17:00-19:00,0,0,1
หน้าวัดอยู่ดีบำรุงธรรม,เพิ่มสิน,07:00-09:00,1,0,0
หน้าวัดอยู่ดีบำรุงธรรม,เพิ่มสิน,09:00-16:00,1,0,0
หน้าวัดอยู่ดีบำรุงธรรม,เพิ่มสิน,16:00-19:00,1,0,0
หน้าวัดเจ้าอาม,บางขุนนนท์,07:00-09:00,0,0,1
หน้าวัดเจ้าอาม,บางขุนนนท์,09:00-16:00,0,0,1
หน้าวัดเจ้าอาม,บางขุนนนท์,16:00-19:00,0,0,1
หน้าวัดเทพธิดาราม,มหาไชย,07:00-09:00,1,0,0
หน้าวัดเทพธิดาราม,มหาไชย,09:00-16:00,1,0,0
หน้าวัดเทพธิดาราม,มหาไชย,16:00-19:00,1,0,0
หน้าวัดเทพศิรินทร์,หลวง,07:00-09:00,0,1,0
หน้าวัดเทพศิรินทร์,หลวง,09:00-16:00,0,1,0
หน้าวัดเทพศิรินทร์,หลวง,16:00-19:00,0,1,0
หน้าวัดเบญจมบพิตร,ศรีอยุธยา,07:00-09:00,1,0,0
หน้าวัดเบญจมบพิตร,ศรีอยุธยา,09:00-16:00,1,0,0
หน้าวัดเบญจมบพิตร,ศรีอยุธยา,16:00-19:00,1,0,0
หน้าวัดเสาหิน ซ.วงศ์สว่าง 3,วงศ์สว่าง,07:00-09:00,0,1,0
หน้าวัดเสาหิน ซ.วงศ์สว่าง 3,วงศ์สว่าง,09:00-16:00,0,1,0
หน้าวัดเสาหิน ซ.วงศ์สว่าง 3,วงศ์สว่าง,16:00-19:00,0,1,0
หน้าวัดโพธิ์เรียง,จรัญสนิทวงศ์,07:00-09:00,2,0,0
หน้าวัดโพธิ์เรียง,จรัญสนิทวงศ์,09:00-16:00,2,0,0
หน้าวัดโพธิ์เรียง,จรัญสนิทวงศ์,16:00-19:00,2,0,0
หน้าวัดใหม่ยายมอญ,สุทธาวาส,07:00-09:00,0,0,1
หน้าวัดใหม่ยายมอญ,สุทธาวาส,09:00-16:00,0,0,1
หน้าวัดใหม่ยายมอญ,สุทธาวาส,16:00-19:00,0,0,1
หน้าวิทยาลัยพยาบาลตำรวจ,อังรีดูนังต์,07:00-09:00,1,0,0
หน้าวิทยาลัยพยาบาลตำรวจ,อังรีดูนังต์,09:00-16:00,1,0,0
หน้าวิทยาลัยพยาบาลตำรวจ,อังรีดูนังต์,16:00-19:00,1,0,0
หน้าวิทยาลัยเทคนิคกาญจนาภิเษกมหานคร,คุ้มเกล้า,07:00-09:00,0,0,2
หน้าวิทยาลัยเทคนิคกาญจนาภิเษกมหานคร,คุ้มเกล้า,09:00-17:00,0,0,2
หน้าวิทยาลัยเทคนิคกาญจนาภิเษกมหานคร,คุ้มเกล้า,17:00-19:00,0,0,2
หน้าวิทยาลัยเทคนิคดอนเมือง,สรงประภา,07:00-09:00,2,0,0
หน้าวิทยาลัยเทคนิคดอนเมือง,สรงประภา,09:00-16:00,2,0,0
หน้าวิทยาลัยเทคนิคดอนเมือง,สรงประภา,16:00-19:00,2,0,0
หน้าวิทยาลัยเทคโนโลยีฐานเทคโนโลยี,พรมแดน,07:00-09:00,0,0,1
หน้าวิทยาลัยเทคโนโลยีฐานเทคโนโลยี,พรมแดน,09:00-17:00,0,0,1
หน้าวิทยาลัยเทคโนโลยีฐานเทคโนโลยี,พรมแดน,17:00-19:00,0,0,1
หน้าศรีย่านทันตแพทย์,นครไชยศรี,07:00-09:00,0,1,0
หน้าศรีย่านทันตแพทย์,นครไชยศรี,09:00-16:00,0,1,0
หน้าศรีย่านทันตแพทย์,นครไชยศรี,16:00-19:00,0,1,0
หน้าศาลรัฐธรรมนูญ,จักรเพชร,07:00-09:00,0,0,1
หน้าศาลรัฐธรรมนูญ,จักรเพชร,09:00-17:00,0,0,1
หน้าศาลรัฐธรรมนูญ,จักรเพชร,17:00-19:00,0,0,1
หน้าศาสนสถานวัดซิกข์,จักรเพชร,07:00-09:00,0,0,1
หน้าศาสนสถานวัดซิกข์,จักรเพชร,09:00-16:00,0,0,1
หน้าศาสนสถานวัดซิกข์,จักรเพชร,16:00-19:00,0,0,1
หน้าศูนย์การค้าไทยโก้,หลวงแพ่ง,07:00-09:00,0,0,1
หน้าศูนย์การค้าไทยโก้,หลวงแพ่ง,09:00-17:00,0,0,1
หน้าศูนย์การค้าไทยโก้,หลวงแพ่ง,17:00-19:00,0,0,1
หน้าศูนย์มาสด้าพระราม 7,พิบูลสงคราม,07:00-09:00,0,0,1
หน้าศูนย์มาสด้าพระราม 7,พิบูลสงคราม,09:00-17:00,0,0,1
หน้าศูนย์มาสด้าพระราม 7,พิบูลสงคราม,17:00-19:00,0,0,1
หน้าศูนย์ราชการกระทรวงมหาดไทย,เจริญนคร,07:00-09:00,0,0,1
หน้าศูนย์ราชการกระทรวงมหาดไทย,เจริญนคร,09:00-17:00,0,0,1
หน้าศูนย์ราชการกระทรวงมหาดไทย,เจริญนคร,17:00-19:00,0,0,1
หน้าศูนย์สาธารณสุข 48,เลียบคลองภาษีเจริญฝั่งหนือ,07:00-09:00,0,0,1
หน้าศูนย์สาธารณสุข 48,เลียบคลองภาษีเจริญฝั่งหนือ,09:00-17:00,0,0,1
หน้าศูนย์สาธารณสุข 48,เลียบคลองภาษีเจริญฝั่งหนือ,17:00-19:00,0,0,1
หน้าศูนย์สาธารณสุข 48,เลียบคลองภาษีเจริญฝั่งเหนือ,07:00-09:00,1,0,0
หน้าศูนย์สาธารณสุข 48,เลียบคลองภาษีเจริญฝั่งเหนือ,09:00-16:00,1,0,0
หน้าศูนย์สาธารณสุข 48,เลียบคลองภาษีเจริญฝั่งเหนือ,16:00-19:00,1,0,0
หน้าศูนย์ฮอนด้า,พญาไท,07:00-09:00,0,1,0
หน้าศูนย์ฮอนด้า,พญาไท,09:00-16:00,0,1,0
หน้าศูนย์ฮอนด้า,พญาไท,16:00-19:00,0,1,0
หน้าศูนย์โตโยต้าภูมิพัฒนา,เลียบวารี,07:00-09:00,0,0,1
หน้าศูนย์โตโยต้าภูมิพัฒนา,เลียบวารี,09:00-17:00,0,0,1
หน้าศูนย์โตโยต้าภูมิพัฒนา,เลียบวารี,17:00-19:00,0,0,1
หน้าสถานฑูตญี่ปุ่น,วิทยุ,07:00-09:00,1,0,0
หน้าสถานฑูตญี่ปุ่น,วิทยุ,09:00-16:00,1,0,0
หน้าสถานฑูตญี่ปุ่น,วิทยุ,16:00-19:00,1,0,0
หน้าสถานทูตสหรัฐอเมริกา,วิทยุ,07:00-09:00,1,0,0
หน้าสถานทูตสหรัฐอเมริกา,วิทยุ,09:00-16:00,1,0,0
หน้าสถานทูตสหรัฐอเมริกา,วิทยุ,16:00-19:00,1,0,0
หน้าสถานี BTS วงเวียนใหญ่,กรุงธนบุรี,07:00-09:00,1,0,0
หน้าสถานี3718 วงเวียนใหญ่,กรุงธนบุรี,09:00-16:00,1,0,0
หน้าสถานี3718 วงเวียนใหญ่,กรุงธนบุรี,16:00-19:00,1,0,0
หน้าสถานีดับเพลิงธนบุรี,ถนนอินทรพิทักษ์,07:00-09:00,1,0,0
หน้าสถานีดับเพลิงธนบุรี,ถนนอินทรพิทักษ์,09:00-16:00,1,0,0
หน้าสถานีดับเพลิงธนบุรี,ถนนอินทรพิทักษ์,16:00-19:00,1,0,0
หน้าสถานีดับเพลิงธนบุรี,อินทรพิทักษ์,07:00-09:00,1,0,0
หน้าสถานีดับเพลิงธนบุรี,อินทรพิทักษ์,09:00-16:00,1,0,0
หน้าสถานีดับเพลิงธนบุรี,อินทรพิทักษ์,16:00-19:00,1,0,0
หน้าสถานีดับเพลิงปากคลองสาน,เจริญนคร,07:00-09:00,2,0,0
หน้าสถานีดับเพลิงปากคลองสาน,เจริญนคร,09:00-16:00,2,0,0
หน้าสถานีดับเพลิงปากคลองสาน,เจริญนคร,16:00-19:00,2,0,0
หน้าสถานีตำรวจนครบาลบุคคโล,เจริญนคร,07:00-09:00,1,0,0
หน้าสถานีตำรวจนครบาลบุคคโล,เจริญนคร,09:00-16:00,1,0,0
หน้าสถานีตำรวจนครบาลบุคคโล,เจริญนคร,16:00-19:00,1,0,0
หน้าสถานีเดินรถโดยสารขนาดเล็ก,กำแพงเพชร 2,07:00-09:00,1,0,0
หน้าสถานีเดินรถโดยสารขนาดเล็ก,กำแพงเพชร 2,09:00-16:00,1,0,0
หน้าสถานีเดินรถโดยสารขนาดเล็ก,กำแพงเพชร 2,16:00-19:00,1,0,0
หน้าสถานเสาวภา สภากาชาดไทย,พระรามที่ 4,07:00-09:00,0,0,1
หน้าสถานเสาวภา สภากาชาดไทย,พระรามที่ 4,09:00-17:00,0,0,1
หน้าสถานเสาวภา สภากาชาดไทย,พระรามที่ 4,17:00-19:00,0,0,1
หน้าสถานเอกอัครฑูตอิหร่าน,ซอยสุขุมวิท49/11,06:30-09:00,1,0,0
หน้าสถานเอกอัครฑูตอิหร่าน,ซอยสุขุมวิท49/11,09:00-16:00,1,0,0
หน้าสถานเอกอัครฑูตอิหร่าน,ซอยสุขุมวิท49/11,16:00-19:30,1,0,0
หน้าสถานเอกอัครราชทูตฟิลิปปินส์,สุขุมวิท,07:00-09:00,1,0,0
หน้าสถานเอกอัครราชทูตฟิลิปปินส์,สุขุมวิท,09:00-16:00,1,0,0
หน้าสถานเอกอัครราชทูตฟิลิปปินส์,สุขุมวิท,16:00-19:00,1,0,0
หน้าสถานเอกอัครราชทูตอเมริกา,วิทยุ,07:00-09:00,0,0,1
หน้าสถานเอกอัครราชทูตอเมริกา,วิทยุ,09:00-17:00,0,0,1
หน้าสถานเอกอัครราชทูตอเมริกา,วิทยุ,17:00-19:00,0,0,1
หน้าสถาบันสุขภาพเด็กฯ,ราชวิถี,07:00-09:00,0,0,1
หน้าสถาบันสุขภาพเด็กฯ,ราชวิถี,09:00-17:00,0,0,1
หน้าสถาบันสุขภาพเด็กฯ,ราชวิถี,17:00-19:00,0,0,1
หน้าสถาบันโรคไตฯ,พญาไท,07:00-09:00,0,0,1
หน้าสถาบันโรคไตฯ,พญาไท,09:00-17:00,0,0,1
หน้าสถาบันโรคไตฯ,พญาไท,17:00-19:00,0,0,1
หน้าสนามกีฬาศุภชลาศัย,พระรามที่ 1,07:00-09:00,0,1,0
หน้าสนามกีฬาศุภชลาศัย,พระรามที่ 1,09:00-16:00,0,1,0
หน้าสนามกีฬาศุภชลาศัย,พระรามที่ 1,16:00-19:00,0,1,0
หน้าสภากาชาดไทย,อังรีดูนังต์,07:00-09:00,0,1,0
หน้าสภากาชาดไทย,อังรีดูนังต์,09:00-16:00,0,1,0
หน้าสภากาชาดไทย,อังรีดูนังต์,16:00-19:00,0,1,0
หน้าสมาคมมิตรภาพบางแค,พุทธมณฑลสาย 1,07:00-09:00,1,0,0
หน้าสมาคมมิตรภาพบางแค,พุทธมณฑลสาย 1,09:00-16:00,1,0,0
หน้าสมาคมมิตรภาพบางแค,พุทธมณฑลสาย 1,16:00-19:00,1,0,0
หน้าสยามเซ็นเตอร์,พระรามที่ 1,07:00-09:00,0,1,0
หน้าสยามเซ็นเตอร์,พระรามที่ 1,09:00-16:00,0,1,0
หน้าสยามเซ็นเตอร์,พระรามที่ 1,16:00-19:00,0,1,0
หน้าสวนดุสิต,พระรามที่ 5,07:00-09:00,1,0,0
หน้าสวนดุสิต,พระรามที่ 5,09:00-16:00,1,0,0
หน้าสวนดุสิต,พระรามที่ 5,16:00-19:00,1,0,0
หน้าสวนธนบุรีรมณ์,ทางเข้า - ออกสวนธนบุรีรมณ์,07:00-09:00,0,0,1
หน้าสวนธนบุรีรมณ์,ทางเข้า - ออกสวนธนบุรีรมณ์,09:00-17:00,0,0,1
หน้าสวนธนบุรีรมณ์,ทางเข้า - ออกสวนธนบุรีรมณ์,17:00-19:00,0,0,1
หน้าสวนธนบุรีรมณ์,พุทธบูชา,07:00-09:00,0,0,1
หน้าสวนธนบุรีรมณ์,พุทธบูชา,09:00-17:00,0,0,1
หน้าสวนธนบุรีรมณ์,พุทธบูชา,17:00-19:00,0,0,1
หน้าสวนสัตว์ดุสิต,ราชวิถี,07:00-09:00,1,0,0
หน้าสวนสัตว์ดุสิต,ราชวิถี,09:00-16:00,1,0,0
หน้าสวนสัตว์ดุสิต,ราชวิถี,16:00-19:00,1,0,0
หน้าสวนสัตว์ดุสิต,อู่ทองใน,07:00-09:00,2,0,0
หน้าสวนสัตว์ดุสิต,อู่ทองใน,09:00-16:00,2,0,0
หน้าสวนสัตว์ดุสิต,อู่ทองใน,16:00-19:00,2,0,0
หน้าสวนอาหารปีกไม้,พุทธมณฑลสาย 2,07:00-09:00,0,0,1
หน้าสวนอาหารปีกไม้,พุทธมณฑลสาย 2,09:00-17:00,0,0,1
หน้าสวนอาหารปีกไม้,พุทธมณฑลสาย 2,17:00-19:00,0,0,1
หน้าสำนักงานขนส่งทางบกพื้นที่1,บางขุนเทียน - ชายทะเล,07:00-09:00,1,0,0
หน้าสำนักงานขนส่งทางบกพื้นที่1,บางขุนเทียน - ชายทะเล,09:00-16:00,1,0,0
หน้าสำนักงานขนส่งทางบกพื้นที่1,บางขุนเทียน - ชายทะเล,16:00-19:00,1,0,0
หน้าสำนักงานชนส่งพื้นที 1,บางขุนเทียนชายทะเล,07:00-09:00,1,0,0
หน้าสำนักงานชนส่งพื้นที 1,บางขุนเทียนชายทะเล,09:00-16:00,1,0,0
หน้าสำนักงานชนส่งพื้นที 1,บางขุนเทียนชายทะเล,16:00-19:00,1,0,0
หน้าสำนักงานบำรุงรักษาสะพานพระพุทธยอดฟ้าฯ,สะพานพุทธ,07:00-09:00,0,0,1
หน้าสำนักงานบำรุงรักษาสะพานพระพุทธยอดฟ้าฯ,สะพานพุทธ,09:00-17:00,0,0,1
หน้าสำนักงานบำรุงรักษาสะพานพระพุทธยอดฟ้าฯ,สะพานพุทธ,17:00-19:00,0,0,1
หน้าสำนักงานเขตคลองสามวา,เลียบคลองสอง,07:00-09:00,1,0,0
หน้าสำนักงานเขตคลองสามวา,เลียบคลองสอง,09:00-16:00,1,0,0
หน้าสำนักงานเขตคลองสามวา,เลียบคลองสอง,16:00-19:00,1,0,0
หน้าสำนักงานเขตสวนหลวง,พัฒนาการ,07:00-09:00,0,1,0
หน้าสำนักงานเขตสวนหลวง,พัฒนาการ,09:00-16:00,0,1,0
หน้าสำนักงานเขตสวนหลวง,พัฒนาการ,16:00-19:00,0,1,0
หน้าสำนักงานเขตหนองจอก,ประชาสำราญ,07:00-09:00,0,0,1
หน้าสำนักงานเขตหนองจอก,ประชาสำราญ,09:00-16:00,0,0,1
หน้าสำนักงานเขตหนองจอก,ประชาสำราญ,16:00-19:00,0,0,1
หน้าสำนักงานเขตหนองจอก,สังฆสันติสุข,07:00-09:00,0,0,1
หน้าสำนักงานเขตหนองจอก,สังฆสันติสุข,09:00-16:00,0,0,1
หน้าสำนักงานเขตหนองจอก,สังฆสันติสุข,16:00-19:00,0,0,1
หน้าสำนักงานเขตหนองจอก,เชื่อมสัมพันธ์,07:00-09:00,0,0,1
หน้าสำนักงานเขตหนองจอก,เชื่อมสัมพันธ์,09:00-16:00,0,0,1
หน้าสำนักงานเขตหนองจอก,เชื่อมสัมพันธ์,16:00-19:00,0,0,1
หน้าสำนักงานเขตหนองจอก,เลียบวารี,07:00-09:00,0,0,1
หน้าสำนักงานเขตหนองจอก,เลียบวารี,09:00-16:00,0,0,1
หน้าสำนักงานเขตหนองจอก,เลียบวารี,16:00-19:00,0,0,1
หน้าหมู่บ้าน เค.ซี.การ์เด้น ใกล้นิมิตรใหม่ 40,นิมิตรใหม่,07:00-09:00,1,0,0
หน้าหมู่บ้าน เค.ซี.การ์เด้น ใกล้นิมิตรใหม่ 40,นิมิตรใหม่,09:00-16:00,1,0,0
หน้าหมู่บ้าน เค.ซี.การ์เด้น ใกล้นิมิตรใหม่ 40,นิมิตรใหม่,16:00-19:00,1,0,0
หน้าหมู่บ้านฉัตรหลวง(ราษฎร์อุทิศ 54),เลียบวารี,07:00-09:00,0,0,1
หน้าหมู่บ้านฉัตรหลวง(ราษฎร์อุทิศ 54),เลียบวารี,09:00-17:00,0,0,1
หน้าหมู่บ้านฉัตรหลวง(ราษฎร์อุทิศ 54),เลียบวารี,17:00-19:00,0,0,1
หน้าหมู่บ้านชัยพฤกษ์,พระยาสุเรนทร์ 30,07:00-09:00,0,0,1
หน้าหมู่บ้านชัยพฤกษ์,พระยาสุเรนทร์ 30,09:00-16:00,0,0,1
หน้าหมู่บ้านชัยพฤกษ์,พระยาสุเรนทร์ 30,16:00-19:00,0,0,1
หน้าหมู่บ้านนันทวัน 10(ซ.เลียบวารี 37),เลียบวารี,07:00-09:00,0,0,1
หน้าหมู่บ้านนันทวัน 10(ซ.เลียบวารี 37),เลียบวารี,09:00-17:00,0,0,1
หน้าหมู่บ้านนันทวัน 10(ซ.เลียบวารี 37),เลียบวารี,17:00-19:00,0,0,1
หน้าหมู่บ้านนันทวัน 5 (ซ.เลียบวารี 11),เลียบวารี,07:00-09:00,0,0,1
หน้าหมู่บ้านนันทวัน 5 (ซ.เลียบวารี 11),เลียบวารี,09:00-17:00,0,0,1
หน้าหมู่บ้านนันทวัน 5 (ซ.เลียบวารี 11),เลียบวารี,17:00-19:00,0,0,1
หน้าหมู่บ้านประภาทรัพย์,เจริญพัฒนา,07:00-09:00,0,0,1
หน้าหมู่บ้านประภาทรัพย์,เจริญพัฒนา,09:00-16:00,0,0,1
หน้าหมู่บ้านประภาทรัพย์,เจริญพัฒนา,16:00-19:00,0,0,1
หน้าหมู่บ้านพรทิพา 4,หนองแขม - วัดศรีนวล,07:00-09:00,0,0,1
หน้าหมู่บ้านพรทิพา 4,หนองแขม - วัดศรีนวล,09:00-17:00,0,0,1
หน้าหมู่บ้านพรทิพา 4,หนองแขม - วัดศรีนวล,17:00-19:00,0,0,1
หน้าหมู่บ้านพฤกษ์ภิรมย์,แบริ่งลาซาล,07:00-09:00,0,0,1
หน้าหมู่บ้านพฤกษ์ภิรมย์,แบริ่งลาซาล,09:00-17:00,0,0,1
หน้าหมู่บ้านพฤกษ์ภิรมย์,แบริ่งลาซาล,17:00-19:00,0,0,1
หน้าหมู่บ้านมหาดไทย 1,พุทธมณฑลสาย 1,07:00-09:00,1,0,0
หน้าหมู่บ้านมหาดไทย 1,พุทธมณฑลสาย 1,09:00-16:00,1,0,0
หน้าหมู่บ้านมหาดไทย 1,พุทธมณฑลสาย 1,16:00-19:00,1,0,0
หน้าหมู่บ้านสุชา 2,ทวีวัฒนา,07:00-09:00,0,0,1
หน้าหมู่บ้านสุชา 2,ทวีวัฒนา,09:00-17:00,0,0,1
หน้าหมู่บ้านสุชา 2,ทวีวัฒนา,17:00-19:00,0,0,1
หน้าหมู่บ้านอมรทรัพย์ 1(ซ.เลียบวารี 25),เลียบวารี,07:00-09:00,0,0,1
หน้าหมู่บ้านอมรทรัพย์ 1(ซ.เลียบวารี 25),เลียบวารี,09:00-17:00,0,0,1
หน้าหมู่บ้านอมรทรัพย์ 1(ซ.เลียบวารี 25),เลียบวารี,17:00-19:00,0,0,1
หน้าหมู่บ้านเพชรเกษม 4,ทวีวัฒนา,07:00-09:00,0,0,1
หน้าหมู่บ้านเพชรเกษม 4,ทวีวัฒนา,09:00-17:00,0,0,1
หน้าหมู่บ้านเพชรเกษม 4,ทวีวัฒนา,17:00-19:00,0,0,1
หน้าหมู่บ้านเพชรเกษม 4,พุทธมณฑลสาย 3,07:00-09:00,0,0,1
หน้าหมู่บ้านเพชรเกษม 4,พุทธมณฑลสาย 3,09:00-17:00,0,0,1
หน้าหมู่บ้านเพชรเกษม 4,พุทธมณฑลสาย 3,17:00-19:00,0,0,1
หน้าหมู่บ้านเพิ่มทรัพย์,เทอดไท,07:00-09:00,0,0,1
หน้าหมู่บ้านเพิ่มทรัพย์,เทอดไท,09:00-17:00,0,0,1
หน้าหมู่บ้านเพิ่มทรัพย์,เทอดไท,17:00-19:00,0,0,1
หน้าหมู่บ้านเอื้ออาทรลาดกระบัง 2,ประชาพัฒนา,07:00-09:00,0,0,1
หน้าหมู่บ้านเอื้ออาทรลาดกระบัง 2,ประชาพัฒนา,09:00-17:00,0,0,1
หน้าหมู่บ้านเอื้ออาทรลาดกระบัง 2,ประชาพัฒนา,17:00-19:00,0,0,1
หน้าหอประชุมกองทัพอากาศ,พหลโยธิน,07:00-09:00,1,0,0
หน้าหอประชุมกองทัพอากาศ,พหลโยธิน,09:00-16:00,1,0,0
หน้าหอประชุมกองทัพอากาศ,พหลโยธิน,16:00-19:00,1,0,0
หน้าหอสมุดพระจอมเกล้าฯ ลาดกระบัง,ฉลองกรุง,07:00-09:00,0,0,1
หน้าหอสมุดพระจอมเกล้าฯ ลาดกระบัง,ฉลองกรุง,09:00-16:00,0,0,1
หน้าหอสมุดพระจอมเกล้าฯ ลาดกระบัง,ฉลองกรุง,16:00-19:00,0,0,1
หน้าห้างธัญญาพาร์ค,ศรีนครินทร์,07:00-09:00,0,0,1
หน้าห้างธัญญาพาร์ค,ศรีนครินทร์,09:00-17:00,0,0,1
หน้าห้างธัญญาพาร์ค,ศรีนครินทร์,17:00-19:00,0,0,1
หน้าห้างอินเดียเอ็มโพเรียม,จักรเพชร,07:00-09:00,0,0,1
หน้าห้างอินเดียเอ็มโพเรียม,จักรเพชร,09:00-17:00,0,0,1
หน้าห้างอินเดียเอ็มโพเรียม,จักรเพชร,17:00-19:00,0,0,1
หน้าห้างเซ็นจูรี่,รางน้ำ,07:00-09:00,0,0,1
หน้าห้างเซ็นจูรี่,รางน้ำ,09:00-17:00,0,0,1
หน้าห้างเซ็นจูรี่,รางน้ำ,17:00-19:00,0,0,1
หน้าห้างเดอะไนท์,พระราม 9,07:00-09:00,1,0,0
หน้าห้างเดอะไนท์,พระราม 9,09:00-16:00,1,0,0
หน้าห้างเดอะไนท์,พระราม 9,16:00-19:00,1,0,0
หน้าอาคาร CDG HOUSE,รัชดาภิเษก,07:00-09:00,0,0,1
หน้าอาคาร CDG HOUSE,รัชดาภิเษก,09:00-17:00,0,0,1
หน้าอาคาร CDG HOUSE,รัชดาภิเษก,17:00-19:00,0,0,1
หน้าอาคาร MINT TOWER,บรรทัดทอง,07:00-09:00,0,0,1
หน้าอาคาร MINT TOWER,บรรทัดทอง,09:00-17:00,0,0,1
หน้าอาคาร MINT TOWER,บรรทัดทอง,17:00-19:00,0,0,1
หน้าอาคาร อปร. โรงพยาบาลจุฬาลงกรณ์,ราชดำริ,07:00-09:00,0,0,1
หน้าอาคาร อปร. โรงพยาบาลจุฬาลงกรณ์,ราชดำริ,09:00-17:00,0,0,1
หน้าอาคาร อปร. โรงพยาบาลจุฬาลงกรณ์,ราชดำริ,17:00-19:00,0,0,1
หน้าอาคารจามจุรี 8,พญาไท,06:30-09:00,1,0,0
หน้าอาคารจามจุรี 8,พญาไท,09:00-16:00,1,0,0
หน้าอาคารจามจุรี 8,พญาไท,16:00-19:30,1,0,0
หน้าอาคารรัฐสภาใหม่,สามเสน,07:00-09:00,0,1,0
หน้าอาคารรัฐสภาใหม่,สามเสน,09:00-16:00,0,1,0
หน้าอาคารรัฐสภาใหม่,สามเสน,16:00-19:00,0,1,0
หน้าอาคารสินธรทาวเวอร์,กรุงธนบุรี,07:00-09:00,1,0,0
หน้าอาคารสินธรทาวเวอร์,กรุงธนบุรี,09:00-16:00,1,0,0
หน้าอาคารสินธรทาวเวอร์,กรุงธนบุรี,16:00-19:00,1,0,0
หน้าอาคารสินสาธรทาวเวอร์,กรุงธนบุรี,07:00-09:00,1,0,0
หน้าอาคารสินสาธรทาวเวอร์,กรุงธนบุรี,09:00-16:00,1,0,0
หน้าอาคารสินสาธรทาวเวอร์,กรุงธนบุรี,16:00-19:00,1,0,0
หน้าอาคารสุขประพฤติ,ประชาชื่น,07:00-09:00,0,0,1
หน้าอาคารสุขประพฤติ,ประชาชื่น,09:00-17:00,0,0,1
หน้าอาคารสุขประพฤติ,ประชาชื่น,17:00-19:00,0,0,1
หน้าอาคารอัมรินทร์พลาซ่า,เพลินจิต,07:00-09:00,0,1,0
หน้าอาคารอัมรินทร์พลาซ่า,เพลินจิต,09:00-16:00,0,1,0
หน้าอาคารอัมรินทร์พลาซ่า,เพลินจิต,16:00-19:00,0,1,0
หน้าอาคารเมืองไทยภัทรคอมเพล็กซ์,รัชดาภิเษก,07:00-09:00,0,1,0
หน้าอาคารเมืองไทยภัทรคอมเพล็กซ์,รัชดาภิเษก,09:00-16:00,0,1,0
หน้าอาคารเมืองไทยภัทรคอมเพล็กซ์,รัชดาภิเษก,16:00-19:00,0,1,0
หน้าอาคารแปซิฟิคเรสซิเด้น,สุขุมวิท 39,07:00-09:00,0,0,1
หน้าอาคารแปซิฟิคเรสซิเด้น,สุขุมวิท 39,09:00-17:00,0,0,1
หน้าอาคารแปซิฟิคเรสซิเด้น,สุขุมวิท 39,17:00-19:00,0,0,1
หน้าเขตหนองจอก,สังฆสันติสุข,07:00-09:00,0,0,1
หน้าเขตหนองจอก,สังฆสันติสุข,09:00-17:00,0,0,1
หน้าเขตหนองจอก,สังฆสันติสุข,17:00-19:00,0,0,1
หน้าเขตหนองจอก,เชื่อมสัมพันธ์,07:00-09:00,0,0,1
หน้าเขตหนองจอก,เชื่อมสัมพันธ์,09:00-17:00,0,0,1
หน้าเขตหนองจอก,เชื่อมสัมพันธ์,17:00-19:00,0,0,1
หน้าเขตหนองจอก,เลียบวารี,07:00-09:00,0,0,1
หน้าเขตหนองจอก,เลียบวารี,09:00-17:00,0,0,1
หน้าเขตหนองจอก,เลียบวารี,17:00-19:00,0,0,1
หน้าเซเว่นหน้าวัดปากน้ำ,รัชมงคลประสาธน์,07:00-09:00,0,0,1
หน้าเซเว่นหน้าวัดปากน้ำ,รัชมงคลประสาธน์,09:00-17:00,0,0,1
หน้าเซเว่นหน้าวัดปากน้ำ,รัชมงคลประสาธน์,17:00-19:00,0,0,1
หน้าเซเว่นหน้าวัดปากน้ำ,รัชมงคลประสาธน์ 10,07:00-09:00,0,0,1
หน้าเซเว่นหน้าวัดปากน้ำ,รัชมงคลประสาธน์ 10,09:00-17:00,0,0,1
หน้าเซเว่นหน้าวัดปากน้ำ,รัชมงคลประสาธน์ 10,17:00-19:00,0,0,1
หน้าเซ็นทรัลอีสวิลล์,ประดิษฐ์มนูธรรม,07:00-09:00,0,0,1
หน้าเซ็นทรัลอีสวิลล์,ประดิษฐ์มนูธรรม,09:00-17:00,0,0,1
หน้าเซ็นทรัลอีสวิลล์,ประดิษฐ์มนูธรรม,17:00-19:00,0,0,1
หน้าเดอะพาซิโอ,ลาดกระบัง,07:00-09:00,0,0,1
หน้าเดอะพาซิโอ,ลาดกระบัง,09:00-17:00,0,0,1
หน้าเดอะพาซิโอ,ลาดกระบัง,17:00-19:00,0,0,1
หน้าเทคโนโลยีกรุงเทพ,นราธิวาสราชนครินทร์,07:00-09:00,1,0,0
หน้าเทคโนโลยีกรุงเทพ,นราธิวาสราชนครินทร์,09:00-16:00,1,0,0
หน้าเทคโนโลยีกรุงเทพ,นราธิวาสราชนครินทร์,16:00-19:00,1,0,0
หน้าเสถียรธรรมสถาน,วัชรพล,07:00-09:00,0,0,1
หน้าเสถียรธรรมสถาน,วัชรพล,09:00-17:00,0,0,1
หน้าเสถียรธรรมสถาน,วัชรพล,17:00-19:00,0,0,1
หน้าแฟลตทหารเรือ,จ่าโสด,07:00-09:00,0,0,1
หน้าแฟลตทหารเรือ,จ่าโสด,09:00-16:00,0,0,1
หน้าแฟลตทหารเรือ,จ่าโสด,16:00-19:00,0,0,1
หน้าแฟลตทหารเรือ,ทางรถไฟสายเก่า,07:00-09:00,0,0,1
หน้าแฟลตทหารเรือ,ทางรถไฟสายเก่า,09:00-16:00,0,0,1
หน้าแฟลตทหารเรือ,ทางรถไฟสายเก่า,16:00-19:00,0,0,1
หน้าแฟลตทหารเรือ,ทางเข้าออกแฟลตทหารเรือ,07:00-09:00,0,0,1
หน้าแฟลตทหารเรือ,ทางเข้าออกแฟลตทหารเรือ,09:00-16:00,0,0,1
หน้าแฟลตทหารเรือ,ทางเข้าออกแฟลตทหารเรือ,16:00-19:00,0,0,1
หน้าแม็กแวลู คู้บอน,คู้บอน,07:00-09:00,0,0,1
หน้าแม็กแวลู คู้บอน,คู้บอน,09:00-17:00,0,0,1
หน้าแม็กแวลู คู้บอน,คู้บอน,17:00-19:00,0,0,1
หน้าโครงการ SUNNY MARKET,สุขุมวิท 105,07:00-09:00,1,0,0
หน้าโครงการ SUNNY MARKET,สุขุมวิท 105,09:00-16:00,1,0,0
หน้าโครงการ SUNNY MARKET,สุขุมวิท 105,16:00-19:00,1,0,0
หน้าโครงการ แคโนพีบางบอน,เอกชัย,07:00-09:00,1,0,0
หน้าโครงการ แคโนพีบางบอน,เอกชัย,09:00-16:00,1,0,0
หน้าโครงการ แคโนพีบางบอน,เอกชัย,16:00-19:00,1,0,0
หน้าโครงการจตุจักรกรีน,กำแพงเพชร 3,07:00-09:00,1,0,0
หน้าโครงการจตุจักรกรีน,กำแพงเพชร 3,09:00-16:00,1,0,0
หน้าโครงการจตุจักรกรีน,กำแพงเพชร 3,16:00-19:00,1,0,0
หน้าโครงการลุมพินี,สุขุมวิท 77,07:00-09:00,1,0,0
หน้าโครงการลุมพินี,สุขุมวิท 77,09:00-16:00,1,0,0
หน้าโครงการลุมพินี,สุขุมวิท 77,16:00-19:00,1,0,0
หน้าโครงการเมย์แฟร์ เพลส,ซอยสุขุมวิท 50,06:30-09:00,1,0,0
หน้าโครงการเมย์แฟร์ เพลส,ซอยสุขุมวิท 50,09:00-16:00,1,0,0
หน้าโครงการเมย์แฟร์ เพลส,ซอยสุขุมวิท 50,16:00-19:30,1,0,0
หน้าโรงงานฟุตบอลไทย,ฉลองกรุง,07:00-09:00,0,1,0
หน้าโรงงานฟุตบอลไทย,ฉลองกรุง,09:00-16:00,0,1,0
หน้าโรงงานฟุตบอลไทย,ฉลองกรุง,16:00-19:00,0,1,0
หน้าโรงพยาบาลจุฬาลงกรณ์,ราชดำริ,07:00-09:00,4,0,0
หน้าโรงพยาบาลจุฬาลงกรณ์,ราชดำริ,09:00-16:00,4,0,0
หน้าโรงพยาบาลจุฬาลงกรณ์,ราชดำริ,16:00-19:00,4,0,0
หน้าโรงพยาบาลตำรวจ,ราชดำริ,07:00-09:00,3,0,0
หน้าโรงพยาบาลตำรวจ,ราชดำริ,09:00-16:00,3,0,0
หน้าโรงพยาบาลตำรวจ,ราชดำริ,16:00-19:00,3,0,0
หน้าโรงพยาบาลพญาไท 2,พหลโยธิน,07:00-09:00,0,1,0
หน้าโรงพยาบาลพญาไท 2,พหลโยธิน,09:00-16:00,0,1,0
หน้าโรงพยาบาลพญาไท 2,พหลโยธิน,16:00-19:00,0,1,0
หน้าโรงพยาบาลวิภาราม,พัฒนาการ,07:00-09:00,0,1,0
หน้าโรงพยาบาลวิภาราม,พัฒนาการ,09:00-16:00,0,1,0
หน้าโรงพยาบาลวิภาราม,พัฒนาการ,16:00-19:00,0,1,0
หน้าโรงพยาบาลหัวเฉียว,บำรุงเมือง,07:00-09:00,0,0,1
หน้าโรงพยาบาลหัวเฉียว,บำรุงเมือง,09:00-17:00,0,0,1
หน้าโรงพยาบาลหัวเฉียว,บำรุงเมือง,17:00-19:00,0,0,1
หน้าโรงรับจำนำบางซื่อ,ประชาราษฎร์สาย 2,07:00-09:00,0,0,1
หน้าโรงรับจำนำบางซื่อ,ประชาราษฎร์สาย 2,09:00-17:00,0,0,1
หน้าโรงรับจำนำบางซื่อ,ประชาราษฎร์สาย 2,17:00-19:00,0,0,1
หน้าโรงรับจำนำย่งฮวดเฮง,เพชรเกษม 69,07:00-09:00,1,0,0
หน้าโรงรับจำนำย่งฮวดเฮง,เพชรเกษม 69,09:00-16:00,1,0,0
หน้าโรงรับจำนำย่งฮวดเฮง,เพชรเกษม 69,16:00-19:00,1,0,0
หน้าโรงละครแห่งชาติ,ราชินี,07:00-09:00,1,0,0
หน้าโรงละครแห่งชาติ,ราชินี,09:00-16:00,1,0,0
หน้าโรงละครแห่งชาติ,ราชินี,16:00-19:00,1,0,0
หน้าโรงเรียนกุลวรรณ,ประชาราษฎร์สาย 1,07:00-09:00,0,0,1
หน้าโรงเรียนกุลวรรณ,ประชาราษฎร์สาย 1,09:00-17:00,0,0,1
หน้าโรงเรียนกุลวรรณ,ประชาราษฎร์สาย 1,17:00-19:00,0,0,1
หน้าโรงเรียนกุลวรรณศึกษา,ประชาราษฎร์สาย 1,07:00-09:00,0,0,1
หน้าโรงเรียนกุลวรรณศึกษา,ประชาราษฎร์สาย 1,09:00-17:00,0,0,1
หน้าโรงเรียนกุลวรรณศึกษา,ประชาราษฎร์สาย 1,17:00-19:00,0,0,1
หน้าโรงเรียนทวีธาภิเศก,บางขุนเทียนชายทะเล,07:00-09:00,0,0,1
หน้าโรงเรียนทวีธาภิเศก,บางขุนเทียนชายทะเล,09:00-17:00,0,0,1
หน้าโรงเรียนทวีธาภิเศก,บางขุนเทียนชายทะเล,17:00-19:00,0,0,1
หน้าโรงเรียนนานาชาติสิงคโปร์,ราชมนตรี 8,07:00-09:00,0,0,1
หน้าโรงเรียนนานาชาติสิงคโปร์,ราชมนตรี 8,09:00-17:00,0,0,1
หน้าโรงเรียนนานาชาติสิงคโปร์,ราชมนตรี 8,17:00-19:00,0,0,1
หน้าโรงเรียนนิเวศวารินทร์,เทพรักษ์,07:00-09:00,0,1,0
หน้าโรงเรียนนิเวศวารินทร์,เทพรักษ์,09:00-16:00,0,1,0
หน้าโรงเรียนนิเวศวารินทร์,เทพรักษ์,16:00-19:00,0,1,0
หน้าโรงเรียนบ้านเจียรดับ,เลียบวารี,07:00-09:00,2,0,0
หน้าโรงเรียนบ้านเจียรดับ,เลียบวารี,09:00-16:00,2,0,0
หน้าโรงเรียนบ้านเจียรดับ,เลียบวารี,16:00-19:00,2,0,0
หน้าโรงเรียนพรหมราษฎร์รังสรรค์,พรหมราษฎร์,07:00-09:00,0,0,1
หน้าโรงเรียนพรหมราษฎร์รังสรรค์,พรหมราษฎร์,09:00-17:00,0,0,1
หน้าโรงเรียนพรหมราษฎร์รังสรรค์,พรหมราษฎร์,17:00-19:00,0,0,1
หน้าโรงเรียนพรหมราษฎร์รังสรรค์,รางโพธิ์,07:00-09:00,0,0,1
หน้าโรงเรียนพรหมราษฎร์รังสรรค์,รางโพธิ์,09:00-17:00,0,0,1
หน้าโรงเรียนพรหมราษฎร์รังสรรค์,รางโพธิ์,17:00-19:00,0,0,1
หน้าโรงเรียนราชคฤห์,เทอดไท,07:00-09:00,0,0,1
หน้าโรงเรียนราชคฤห์,เทอดไท,09:00-17:00,0,0,1
หน้าโรงเรียนราชคฤห์,เทอดไท,17:00-19:00,0,0,1
หน้าโรงเรียนละอออุทิศ,ราชสีมา,07:00-09:00,2,0,0
หน้าโรงเรียนละอออุทิศ,ราชสีมา,09:00-16:00,2,0,0
หน้าโรงเรียนละอออุทิศ,ราชสีมา,16:00-19:00,2,0,0
หน้าโรงเรียนลำสาลี,กรุงเทพกรีฑา,06:30-09:00,1,0,0
หน้าโรงเรียนลำสาลี,กรุงเทพกรีฑา,09:00-16:00,1,0,0
หน้าโรงเรียนลำสาลี,กรุงเทพกรีฑา,16:00-19:30,1,0,0
หน้าโรงเรียนวัดสะพาน,ทางรถไฟสายเก่า,07:00-09:00,0,0,1
หน้าโรงเรียนวัดสะพาน,ทางรถไฟสายเก่า,09:00-17:00,0,0,1
หน้าโรงเรียนวัดสะพาน,ทางรถไฟสายเก่า,17:00-19:00,0,0,1
หน้าโรงเรียนวัดสามง่าม,คู้-คลองสิบ,07:00-09:00,0,0,1
หน้าโรงเรียนวัดสามง่าม,คู้-คลองสิบ,09:00-17:00,0,0,1
หน้าโรงเรียนวัดสามง่าม,คู้-คลองสิบ,17:00-19:00,0,0,1
หน้าโรงเรียนศาลาคู้,ราษฎร์อุทิศ,07:00-09:00,0,1,0
หน้าโรงเรียนศาลาคู้,ราษฎร์อุทิศ,09:00-16:00,0,1,0
หน้าโรงเรียนศาลาคู้,ราษฎร์อุทิศ,16:00-19:00,0,1,0
หน้าโรงเรียนสายปัญญา,กรุงเกษม,07:00-09:00,0,1,0
หน้าโรงเรียนสายปัญญา,กรุงเกษม,09:00-16:00,0,1,0
หน้าโรงเรียนสายปัญญา,กรุงเกษม,16:00-19:00,0,1,0
หน้าโรงเรียนสารสาสน์วิเทศน์นิมิตใหม่,นิมิตรใหม่,07:00-09:00,1,0,0
หน้าโรงเรียนสารสาสน์วิเทศน์นิมิตใหม่,นิมิตรใหม่,09:00-16:00,1,0,0
หน้าโรงเรียนสารสาสน์วิเทศน์นิมิตใหม่,นิมิตรใหม่,16:00-19:00,1,0,0
หน้าโรงเรียนสารสาสน์ฯ,เพชรเกษม 81(มาเจริญ),07:00-09:00,0,0,1
หน้าโรงเรียนสารสาสน์ฯ,เพชรเกษม 81(มาเจริญ),09:00-17:00,0,0,1
หน้าโรงเรียนสารสาสน์ฯ,เพชรเกษม 81(มาเจริญ),17:00-19:00,0,0,1
หน้าโรงเรียนสุเหร่าคลองสิบ,คู้-คลองสิบ,07:00-09:00,0,0,1
หน้าโรงเรียนสุเหร่าคลองสิบ,คู้-คลองสิบ,09:00-17:00,0,0,1
หน้าโรงเรียนสุเหร่าคลองสิบ,คู้-คลองสิบ,17:00-19:00,0,0,1
หน้าโรงเรียนสุเหร่าคู้วิทยา,เลียบวารี,07:00-09:00,0,1,0
หน้าโรงเรียนสุเหร่าคู้วิทยา,เลียบวารี,09:00-16:00,0,1,0
หน้าโรงเรียนสุเหร่าคู้วิทยา,เลียบวารี,16:00-19:00,0,1,0
หน้าโรงเรียนสุเหร่าทรายกองดิน,ราษฎร์อุทิศ,07:00-09:00,1,0,0
หน้าโรงเรียนสุเหร่าทรายกองดิน,ราษฎร์อุทิศ,09:00-16:00,1,0,0
หน้าโรงเรียนสุเหร่าทรายกองดิน,ราษฎร์อุทิศ,16:00-19:00,1,0,0
หน้าโรงเรียนสุเหร่าทรายกองเงิน,ราษฎร์อุทิศ,07:00-09:00,1,0,0
หน้าโรงเรียนสุเหร่าทรายกองเงิน,ราษฎร์อุทิศ,09:00-16:00,1,0,0
หน้าโรงเรียนสุเหร่าทรายกองเงิน,ราษฎร์อุทิศ,16:00-19:00,1,0,0
หน้าโรงเรียนสุเหร่าศาลาลอย,พัฒนาการ,07:00-09:00,1,0,0
หน้าโรงเรียนสุเหร่าศาลาลอย,พัฒนาการ,09:00-16:00,1,0,0
หน้าโรงเรียนสุเหร่าศาลาลอย,พัฒนาการ,16:00-19:00,1,0,0
หน้าโรงเรียนสุเหร่าแสนแสบ,ประชาร่วมใจ,07:00-09:00,0,0,3
หน้าโรงเรียนสุเหร่าแสนแสบ,ประชาร่วมใจ,09:00-17:00,0,0,3
หน้าโรงเรียนสุเหร่าแสนแสบ,ประชาร่วมใจ,17:00-19:00,0,0,3
หน้าโรงเรียนหอวัง,พหลโยธิน,07:00-09:00,0,1,0
หน้าโรงเรียนหอวัง,พหลโยธิน,09:00-16:00,0,1,0
หน้าโรงเรียนหอวัง,พหลโยธิน,16:00-19:00,0,1,0
หน้าโรงเรียนหอวัง,หอวัง,07:00-09:00,0,0,1
หน้าโรงเรียนหอวัง,หอวัง,09:00-17:00,0,0,1
หน้าโรงเรียนหอวัง,หอวัง,17:00-19:00,0,0,1
หน้าโรงเรียนอนุบาลแสงโสม,ประชาชื่น,07:00-09:00,0,0,1
หน้าโรงเรียนอนุบาลแสงโสม,ประชาชื่น,09:00-17:00,0,0,1
หน้าโรงเรียนอนุบาลแสงโสม,ประชาชื่น,17:00-19:00,0,0,1
หน้าโรงเรียนอินเตอร์คิดส์,ประชาร่วมใจ,07:00-09:00,0,1,0
หน้าโรงเรียนอินเตอร์คิดส์,ประชาร่วมใจ,09:00-16:00,0,1,0
หน้าโรงเรียนอินเตอร์คิดส์,ประชาร่วมใจ,16:00-19:00,0,1,0
หน้าโรงเรียนเซนต์คาเบรียล,พหลโยธิน,07:00-09:00,0,1,0
หน้าโรงเรียนเซนต์คาเบรียล,พหลโยธิน,09:00-16:00,0,1,0
หน้าโรงเรียนเซนต์คาเบรียล,พหลโยธิน,16:00-19:00,0,1,0
หน้าโรงเรียนเซนต์คาเบรียล,สามเสน,07:00-09:00,0,2,0
หน้าโรงเรียนเซนต์คาเบรียล,สามเสน,09:00-16:00,0,2,0
หน้าโรงเรียนเซนต์คาเบรียล,สามเสน,16:00-19:00,0,2,0
หน้าโรงเรียนเซนปีเตอร์ ธนบุรี,พุทธมณฑลสาย 1,07:00-09:00,1,0,0
หน้าโรงเรียนเซนปีเตอร์ ธนบุรี,พุทธมณฑลสาย 1,09:00-16:00,1,0,0
หน้าโรงเรียนเซนปีเตอร์ ธนบุรี,พุทธมณฑลสาย 1,16:00-19:00,1,0,0
หน้าโรงแรม Calton,สุชุมวิท,07:00-09:00,0,0,1
หน้าโรงแรม Calton,สุชุมวิท,09:00-17:00,0,0,1
หน้าโรงแรม Calton,สุชุมวิท,17:00-19:00,0,0,1
หน้าโรงแรมโฟร์ซีซันส์,เจริญกรุง,07:00-09:00,0,0,1
หน้าโรงแรมโฟร์ซีซันส์,เจริญกรุง,09:00-17:00,0,0,1
หน้าโรงแรมโฟร์ซีซันส์,เจริญกรุง,17:00-19:00,0,0,1
หน้าโรงแรมโฟร์วิงส์,ศรีนครินทร์,07:00-09:00,0,0,1
หน้าโรงแรมโฟร์วิงส์,ศรีนครินทร์,09:00-17:00,0,0,1
หน้าโรงแรมโฟร์วิงส์,ศรีนครินทร์,17:00-19:00,0,0,1
หน้าโรงแรมไฟร์ซีซัน (ปากซอยเจริญกรุง69),เจริญกรุง,07:00-09:00,1,0,0
หน้าโรงแรมไฟร์ซีซัน (ปากซอยเจริญกรุง69),เจริญกรุง,09:00-16:00,1,0,0
หน้าโรงแรมไฟร์ซีซัน (ปากซอยเจริญกรุง69),เจริญกรุง,16:00-19:00,1,0,0
หน้าโรบินสันลาดกระบัง,ลาดกระบัง,07:00-09:00,0,0,1
หน้าโรบินสันลาดกระบัง,ลาดกระบัง,09:00-17:00,0,0,1
หน้าโรบินสันลาดกระบัง,ลาดกระบัง,17:00-19:00,0,0,1
หน้าโรแรม ดิโอกุระ,วิทยุ,07:00-09:00,0,0,1
หน้าโรแรม ดิโอกุระ,วิทยุ,09:00-17:00,0,0,1
หน้าโรแรม ดิโอกุระ,วิทยุ,17:00-19:00,0,0,1
หน้าโลตัสพระราม 1,บรรทัดทอง,07:00-09:00,0,0,1
หน้าโลตัสพระราม 1,บรรทัดทอง,09:00-17:00,0,0,1
หน้าโลตัสพระราม 1,บรรทัดทอง,17:00-19:00,0,0,1
หน้าโลตัสเลียบคลองสอง,เลียบคลองสอง,07:00-09:00,0,0,1
หน้าโลตัสเลียบคลองสอง,เลียบคลองสอง,09:00-17:00,0,0,1
หน้าโลตัสเลียบคลองสอง,เลียบคลองสอง,17:00-19:00,0,0,1
หน้าไปรษณีย์อ่อนนุช,สุขุมวิท 77,07:00-09:00,0,0,1
หน้าไปรษณีย์อ่อนนุช,สุขุมวิท 77,09:00-17:00,0,0,1
หน้าไปรษณีย์อ่อนนุช,สุขุมวิท 77,17:00-19:00,0,0,1
หมอชิต 2,กำแพงเพชร 2,07:00-09:00,0,0,1
หมอชิต 2,กำแพงเพชร 2,09:00-17:00,0,0,1
หมอชิต 2,กำแพงเพชร 2,17:00-19:00,0,0,1
หมอชิต 2,กำแพงเพชร 6,07:00-09:00,0,0,1
หมอชิต 2,กำแพงเพชร 6,09:00-17:00,0,0,1
หมอชิต 2,กำแพงเพชร 6,17:00-19:00,0,0,1
หมอมี,ทรงสวัสดิ์,07:00-09:00,0,0,2
หมอมี,ทรงสวัสดิ์,09:00-17:00,0,0,2
หมอมี,ทรงสวัสดิ์,17:00-19:00,0,0,2
หมอมี,พระรามที่ 4,07:00-09:00,2,1,2
หมอมี,พระรามที่ 4,09:00-16:00,2,1,0
หมอมี,พระรามที่ 4,09:00-17:00,0,0,2
หมอมี,พระรามที่ 4,16:00-19:00,2,1,0
หมอมี,พระรามที่ 4,17:00-19:00,0,0,2
หมอมี,มิตรพันธ์,07:00-09:00,2,1,0
หมอมี,มิตรพันธ์,09:00-16:00,2,1,0
หมอมี,มิตรพันธ์,16:00-19:00,2,1,0
หมอมี,เจริญกรุง,07:00-09:00,2,1,2
หมอมี,เจริญกรุง,09:00-16:00,2,1,0
หมอมี,เจริญกรุง,09:00-17:00,0,0,2
หมอมี,เจริญกรุง,16:00-19:00,2,1,0
หมอมี,เจริญกรุง,17:00-19:00,0,0,2
หมอเหล็ง,จตุรทิศ,07:00-09:00,1,1,4
หมอเหล็ง,จตุรทิศ,09:00-16:00,1,1,0
หมอเหล็ง,จตุรทิศ,09:00-17:00,0,0,4
หมอเหล็ง,จตุรทิศ,16:00-19:00,1,1,0
หมอเหล็ง,จตุรทิศ,17:00-19:00,0,0,4
หมอเหล็ง,ราชปรารภ,07:00-09:00,1,1,4
หมอเหล็ง,ราชปรารภ,09:00-16:00,1,1,0
หมอเหล็ง,ราชปรารภ,09:00-17:00,0,0,4
หมอเหล็ง,ราชปรารภ,16:00-19:00,1,1,0
หมอเหล็ง,ราชปรารภ,17:00-19:00,0,0,4
หมอเหล็ง,ศรีอยุธยา,07:00-09:00,1,1,4
หมอเหล็ง,ศรีอยุธยา,09:00-16:00,1,1,0
หมอเหล็ง,ศรีอยุธยา,09:00-17:00,0,0,4
หมอเหล็ง,ศรีอยุธยา,16:00-19:00,1,1,0
หมอเหล็ง,ศรีอยุธยา,17:00-19:00,0,0,4
หมู่บ้านพฤกษา 85,ทวีวัฒนา,07:00-09:00,0,0,1
หมู่บ้านพฤกษา 85,ทวีวัฒนา,09:00-17:00,0,0,1
หมู่บ้านพฤกษา 85,ทวีวัฒนา,17:00-19:00,0,0,1
หมู่บ้านร่มไทร,คลองลำเจียก,07:00-09:00,0,0,1
หมู่บ้านร่มไทร,คลองลำเจียก,09:00-17:00,0,0,1
หมู่บ้านร่มไทร,คลองลำเจียก,17:00-19:00,0,0,1
หมู่บ้านร่มไทร,คลองลำเจียก 10,07:00-09:00,0,0,1
หมู่บ้านร่มไทร,คลองลำเจียก 10,09:00-17:00,0,0,1
หมู่บ้านร่มไทร,คลองลำเจียก 10,17:00-19:00,0,0,1
หมู่บ้านร่มไทร,คลองลำเจียก 17,07:00-09:00,0,0,1
หมู่บ้านร่มไทร,คลองลำเจียก 17,09:00-17:00,0,0,1
หมู่บ้านร่มไทร,คลองลำเจียก 17,17:00-19:00,0,0,1
หมู่บ้านสหกรณ์,ทางเข้าหมู่บ้านสหกรณ์,07:00-09:00,1,1,1
หมู่บ้านสหกรณ์,ทางเข้าหมู่บ้านสหกรณ์,09:00-16:00,1,1,0
หมู่บ้านสหกรณ์,ทางเข้าหมู่บ้านสหกรณ์,09:00-17:00,0,0,1
หมู่บ้านสหกรณ์,ทางเข้าหมู่บ้านสหกรณ์,16:00-19:00,1,1,0
หมู่บ้านสหกรณ์,ทางเข้าหมู่บ้านสหกรณ์,17:00-19:00,0,0,1
หมู่บ้านสหกรณ์,หมู่บ้านสหกรณ์,07:00-09:00,0,0,1
หมู่บ้านสหกรณ์,หมู่บ้านสหกรณ์,09:00-17:00,0,0,1
หมู่บ้านสหกรณ์,หมู่บ้านสหกรณ์,17:00-19:00,0,0,1
หมู่บ้านสหกรณ์,เสรีไทย,07:00-09:00,1,1,2
หมู่บ้านสหกรณ์,เสรีไทย,09:00-16:00,1,1,0
หมู่บ้านสหกรณ์,เสรีไทย,09:00-17:00,0,0,2
หมู่บ้านสหกรณ์,เสรีไทย,16:00-19:00,1,1,0
หมู่บ้านสหกรณ์,เสรีไทย,17:00-19:00,0,0,2
หมู่บ้านเคหะธานี 4,ราษฎร์พัฒนา,07:00-09:00,0,0,1
หมู่บ้านเคหะธานี 4,ราษฎร์พัฒนา,09:00-16:00,0,0,1
หมู่บ้านเคหะธานี 4,ราษฎร์พัฒนา,16:00-19:00,0,0,1
หมู่บ้านเคหะธานี 4,ราษฎร์พัฒนา 4,07:00-09:00,0,0,1
หมู่บ้านเคหะธานี 4,ราษฎร์พัฒนา 4,09:00-16:00,0,0,1
หมู่บ้านเคหะธานี 4,ราษฎร์พัฒนา 4,16:00-19:00,0,0,1
หมู่บ้านเคหะธานี 4,ราษฎร์พัฒนา 5,07:00-09:00,0,0,1
หมู่บ้านเคหะธานี 4,ราษฎร์พัฒนา 5,09:00-16:00,0,0,1
หมู่บ้านเคหะธานี 4,ราษฎร์พัฒนา 5,16:00-19:00,0,0,1
หมู่บ้านเศรษฐกิจ,ทางเขาหมู่บ้านเศรษฐกิจ,07:00-09:00,1,0,0
หมู่บ้านเศรษฐกิจ,ทางเขาหมู่บ้านเศรษฐกิจ,09:00-16:00,1,0,0
หมู่บ้านเศรษฐกิจ,ทางเขาหมู่บ้านเศรษฐกิจ,16:00-19:00,1,0,0
หมู่บ้านเศรษฐกิจ,ทางเข้าหมู่บ้านเศรษฐกิจ,07:00-09:00,1,1,0
หมู่บ้านเศรษฐกิจ,ทางเข้าหมู่บ้านเศรษฐกิจ,09:00-16:00,1,1,0
หมู่บ้านเศรษฐกิจ,ทางเข้าหมู่บ้านเศรษฐกิจ,16:00-19:00,1,1,0
หมู่บ้านเศรษฐกิจ,หมู่บ้านเศรษฐกิจ,07:00-09:00,0,0,3
หมู่บ้านเศรษฐกิจ,หมู่บ้านเศรษฐกิจ,09:00-16:00,0,0,1
หมู่บ้านเศรษฐกิจ,หมู่บ้านเศรษฐกิจ,09:00-17:00,0,0,2
หมู่บ้านเศรษฐกิจ,หมู่บ้านเศรษฐกิจ,16:00-19:00,0,0,1
หมู่บ้านเศรษฐกิจ,หมู่บ้านเศรษฐกิจ,17:00-19:00,0,0,2
หมู่บ้านเศรษฐกิจ,เพชรเกษม,07:00-09:00,2,1,3
หมู่บ้านเศรษฐกิจ,เพชรเกษม,09:00-16:00,2,1,1
หมู่บ้านเศรษฐกิจ,เพชรเกษม,09:00-17:00,0,0,2
หมู่บ้านเศรษฐกิจ,เพชรเกษม,16:00-19:00,2,1,1
หมู่บ้านเศรษฐกิจ,เพชรเกษม,17:00-19:00,0,0,2
หมู่บ้านเสรี,อ่อนนุช,07:00-09:00,0,1,0
หมู่บ้านเสรี,อ่อนนุช,09:00-16:00,0,1,0
หมู่บ้านเสรี,อ่อนนุช,16:00-19:00,0,1,0
หมู่บ้านเสรี,"อ่อนนุช 70 ,อ่อนนุช 72",07:00-09:00,0,1,0
หมู่บ้านเสรี,"อ่อนนุช 70 ,อ่อนนุช 72",09:00-16:00,0,1,0
หมู่บ้านเสรี,"อ่อนนุช 70 ,อ่อนนุช 72",16:00-19:00,0,1,0
หลักสี่,กำแพงเพชร 6,07:00-09:00,2,2,3
หลักสี่,กำแพงเพชร 6,09:00-16:00,2,2,0
หลักสี่,กำแพงเพชร 6,09:00-17:00,0,0,3
หลักสี่,กำแพงเพชร 6,16:00-19:00,2,2,0
หลักสี่,กำแพงเพชร 6,17:00-19:00,0,0,3
หลักสี่,แจ้งวัฒนะ,07:00-09:00,2,2,3
หลักสี่,แจ้งวัฒนะ,09:00-16:00,2,2,0
หลักสี่,แจ้งวัฒนะ,09:00-17:00,0,0,3
หลักสี่,แจ้งวัฒนะ,16:00-19:00,2,2,0
หลักสี่,แจ้งวัฒนะ,17:00-19:00,0,0,3
หลังสวน,สารสิน,07:00-09:00,2,1,3
หลังสวน,สารสิน,09:00-16:00,2,1,0
หลังสวน,สารสิน,09:00-17:00,0,0,3
หลังสวน,สารสิน,16:00-19:00,2,1,0
หลังสวน,สารสิน,17:00-19:00,0,0,3
หลังสวน,หลังสวน,07:00-09:00,2,1,3
หลังสวน,หลังสวน,09:00-16:00,2,1,0
หลังสวน,หลังสวน,09:00-17:00,0,0,3
หลังสวน,หลังสวน,16:00-19:00,2,1,0
หลังสวน,หลังสวน,17:00-19:00,0,0,3
หลานหลวง,จักรพรรดิพงษ์,06:30-09:00,1,0,0
หลานหลวง,จักรพรรดิพงษ์,07:00-09:00,0,1,1
หลานหลวง,จักรพรรดิพงษ์,09:00-16:00,1,1,1
หลานหลวง,จักรพรรดิพงษ์,16:00-19:00,0,1,1
หลานหลวง,จักรพรรดิพงษ์,16:00-19:30,1,0,0
หลานหลวง,หลานหลวง,06:30-09:00,1,0,0
หลานหลวง,หลานหลวง,07:00-09:00,0,1,1
หลานหลวง,หลานหลวง,09:00-16:00,1,1,1
หลานหลวง,หลานหลวง,16:00-19:00,0,1,1
หลานหลวง,หลานหลวง,16:00-19:30,1,0,0
หัวลำโพง,พระรามที่ 4,07:00-09:00,2,1,2
หัวลำโพง,พระรามที่ 4,09:00-16:00,2,1,0
หัวลำโพง,พระรามที่ 4,09:00-17:00,0,0,2
หัวลำโพง,พระรามที่ 4,16:00-19:00,2,1,0
หัวลำโพง,พระรามที่ 4,17:00-19:00,0,0,2
หัวลำโพง,มหาพฤฒาราม,07:00-09:00,1,1,2
หัวลำโพง,มหาพฤฒาราม,09:00-16:00,1,1,0
หัวลำโพง,มหาพฤฒาราม,09:00-17:00,0,0,2
หัวลำโพง,มหาพฤฒาราม,16:00-19:00,1,1,0
หัวลำโพง,มหาพฤฒาราม,17:00-19:00,0,0,2
หัวลำโพง,มหาพอฒาราม,07:00-09:00,1,0,0
หัวลำโพง,มหาพอฒาราม,09:00-16:00,1,0,0
หัวลำโพง,มหาพอฒาราม,16:00-19:00,1,0,0
ห้วยขวาง,ประชาราษฎร์บำเพ็ญ,07:00-09:00,2,1,5
ห้วยขวาง,ประชาราษฎร์บำเพ็ญ,09:00-16:00,2,1,1
ห้วยขวาง,ประชาราษฎร์บำเพ็ญ,09:00-17:00,0,0,4
ห้วยขวาง,ประชาราษฎร์บำเพ็ญ,16:00-19:00,2,1,1
ห้วยขวาง,ประชาราษฎร์บำเพ็ญ,17:00-19:00,0,0,4
ห้วยขวาง,ประชาสงเคราะห์,07:00-09:00,2,2,4
ห้วยขวาง,ประชาสงเคราะห์,09:00-16:00,2,2,1
ห้วยขวาง,ประชาสงเคราะห์,09:00-17:00,0,0,3
ห้วยขวาง,ประชาสงเคราะห์,16:00-19:00,2,2,1
ห้วยขวาง,ประชาสงเคราะห์,17:00-19:00,0,0,3
ห้วยขวาง,รัชดาภิเษก,07:00-09:00,2,2,5
ห้วยขวาง,รัชดาภิเษก,09:00-16:00,2,2,1
ห้วยขวาง,รัชดาภิเษก,09:00-17:00,0,0,4
ห้วยขวาง,รัชดาภิเษก,16:00-19:00,2,2,1
ห้วยขวาง,รัชดาภิเษก,17:00-19:00,0,0,4
ห้าแยกพลับพลาไชย,พลับพลาไชย,07:00-09:00,0,1,0
ห้าแยกพลับพลาไชย,พลับพลาไชย,09:00-16:00,0,1,0
ห้าแยกพลับพลาไชย,พลับพลาไชย,16:00-19:00,0,1,0
ห้าแยกพลับพลาไชย,หลวง,07:00-09:00,0,1,0
ห้าแยกพลับพลาไชย,หลวง,09:00-16:00,0,1,0
ห้าแยกพลับพลาไชย,หลวง,16:00-19:00,0,1,0
ห้าแยกพลับพลาไชย,ไมตรจีติร,09:00-16:00,0,1,0
ห้าแยกพลับพลาไชย,ไมตรจีติร,16:00-19:00,0,1,0
ห้าแยกพลับพลาไชย,ไมตรีจิตร,07:00-09:00,0,1,0
ห้าแยกลาดพร้าว,พหลโยธิน,07:00-09:00,0,1,0
ห้าแยกลาดพร้าว,พหลโยธิน,09:00-16:00,0,1,0
ห้าแยกลาดพร้าว,พหลโยธิน,16:00-19:00,1,1,0
ห้าแยกลาดพร้าว,พหลไโยธิน,07:00-09:00,1,0,0
ห้าแยกลาดพร้าว,พหลไโยธิน,09:00-16:00,1,0,0
ห้าแยกลาดพร้าว,วิภาวดีรังสิต,07:00-09:00,1,1,0
ห้าแยกลาดพร้าว,วิภาวดีรังสิต,09:00-16:00,1,1,0
ห้าแยกลาดพร้าว,วิภาวดีรังสิต,16:00-19:00,1,1,0
ห้าแยกวชัรพล,รัตนโกสนิทร์,07:00-09:00,0,1,0
ห้าแยกวชัรพล,รัตนโกสนิทร์,09:00-16:00,0,1,0
ห้าแยกวชัรพล,รัตนโกสนิทร์,16:00-19:00,0,1,0
ห้าแยกวชัรพล,ร่วมมิตรพัฒนา,07:00-09:00,0,1,0
ห้าแยกวชัรพล,ร่วมมิตรพัฒนา,09:00-16:00,0,1,0
ห้าแยกวชัรพล,ร่วมมิตรพัฒนา,16:00-19:00,0,1,0
ห้าแยกวชัรพล,วชัรพล,07:00-09:00,0,1,0
ห้าแยกวชัรพล,วชัรพล,09:00-16:00,0,1,0
ห้าแยกวชัรพล,วชัรพล,16:00-19:00,0,1,0
ห้าแยกวชัรพล,สุขาภิบาล 5,07:00-09:00,0,1,0
ห้าแยกวชัรพล,สุขาภิบาล 5,09:00-16:00,0,1,0
ห้าแยกวชัรพล,สุขาภิบาล 5,16:00-19:00,0,1,0
ห้าแยกวัชรพล,รัตนโกสินทร์,07:00-09:00,0,0,2
ห้าแยกวัชรพล,รัตนโกสินทร์,09:00-16:00,0,0,2
ห้าแยกวัชรพล,รัตนโกสินทร์,16:00-19:00,0,0,2
ห้าแยกวัชรพล,ร่วมมิตรพัฒนา,07:00-09:00,0,0,2
ห้าแยกวัชรพล,ร่วมมิตรพัฒนา,09:00-16:00,0,0,2
ห้าแยกวัชรพล,ร่วมมิตรพัฒนา,16:00-19:00,0,0,2
ห้าแยกวัชรพล,วัชรพล,07:00-09:00,0,0,2
ห้าแยกวัชรพล,วัชรพล,09:00-16:00,0,0,2
ห้าแยกวัชรพล,วัชรพล,16:00-19:00,0,0,2
ห้าแยกวัชรพล,สุขาภิบาล 5,07:00-09:00,0,0,2
ห้าแยกวัชรพล,สุขาภิบาล 5,09:00-16:00,0,0,2
ห้าแยกวัชรพล,สุขาภิบาล 5,16:00-19:00,0,0,2
อ.ส.ม.ท.,ทางเข้า อ.ส.ม.ท.,07:00-09:00,0,1,1
อ.ส.ม.ท.,ทางเข้า อ.ส.ม.ท.,09:00-16:00,0,1,0
อ.ส.ม.ท.,ทางเข้า อ.ส.ม.ท.,09:00-17:00,0,0,1
อ.ส.ม.ท.,ทางเข้า อ.ส.ม.ท.,16:00-19:00,0,1,0
อ.ส.ม.ท.,ทางเข้า อ.ส.ม.ท.,17:00-19:00,0,0,1
อ.ส.ม.ท.,ทางเข้าอ.ส.ม.ท.,07:00-09:00,0,0,1
อ.ส.ม.ท.,ทางเข้าอ.ส.ม.ท.,09:00-17:00,0,0,1
อ.ส.ม.ท.,ทางเข้าอ.ส.ม.ท.,17:00-19:00,0,0,1
อ.ส.ม.ท.,พระราม 9,07:00-09:00,2,1,2
อ.ส.ม.ท.,พระราม 9,09:00-16:00,2,1,0
อ.ส.ม.ท.,พระราม 9,09:00-17:00,0,0,2
อ.ส.ม.ท.,พระราม 9,16:00-19:00,2,1,0
อ.ส.ม.ท.,พระราม 9,17:00-19:00,0,0,2
อ.ส.ม.ท.,พระราม 9 ซ. 7,07:00-09:00,2,0,0
อ.ส.ม.ท.,พระราม 9 ซ. 7,09:00-16:00,2,0,0
อ.ส.ม.ท.,พระราม 9 ซ. 7,16:00-19:00,2,0,0
อ.ส.ม.ท.,เพชรอุทัย,07:00-09:00,2,1,2
อ.ส.ม.ท.,เพชรอุทัย,09:00-16:00,2,1,0
อ.ส.ม.ท.,เพชรอุทัย,09:00-17:00,0,0,2
อ.ส.ม.ท.,เพชรอุทัย,16:00-19:00,2,1,0
อ.ส.ม.ท.,เพชรอุทัย,17:00-19:00,0,0,2
อนามัย,บำรุงเมือง,07:00-09:00,1,0,1
อนามัย,บำรุงเมือง,09:00-16:00,1,0,0
อนามัย,บำรุงเมือง,09:00-17:00,0,0,1
อนามัย,บำรุงเมือง,16:00-19:00,1,0,0
อนามัย,บำรุงเมือง,17:00-19:00,0,0,1
อนามัย,บํารุงเมือง,07:00-09:00,0,1,0
อนามัย,บํารุงเมือง,09:00-16:00,0,1,0
อนามัย,บํารุงเมือง,16:00-19:00,0,1,0
อนามัย,พลับพลาไชย,07:00-09:00,1,1,1
อนามัย,พลับพลาไชย,09:00-16:00,1,1,0
อนามัย,พลับพลาไชย,09:00-17:00,0,0,1
อนามัย,พลับพลาไชย,16:00-19:00,1,1,0
อนามัย,พลับพลาไชย,17:00-19:00,0,0,1
อนามัยงามเจริญ,หมู่บ้านสินทวี,07:00-09:00,0,1,0
อนามัยงามเจริญ,หมู่บ้านสินทวี,09:00-16:00,0,1,0
อนามัยงามเจริญ,หมู่บ้านสินทวี,16:00-19:00,0,1,0
อนามัยงามเจริญ,อนามัยงามเจริญ,07:00-09:00,0,1,0
อนามัยงามเจริญ,อนามัยงามเจริญ,09:00-16:00,0,1,0
อนามัยงามเจริญ,อนามัยงามเจริญ,16:00-19:00,0,1,0
อนามัยงามเจริญ,เทียนทะเล 7,07:00-09:00,0,1,0
อนามัยงามเจริญ,เทียนทะเล 7,09:00-16:00,0,1,0
อนามัยงามเจริญ,เทียนทะเล 7,16:00-19:00,0,1,0
อนุสาวรีย์ชัยสมรภูมิ,พญาไท,07:00-09:00,0,0,1
อนุสาวรีย์ชัยสมรภูมิ,พญาไท,09:00-17:00,0,0,1
อนุสาวรีย์ชัยสมรภูมิ,พญาไท,17:00-19:00,0,0,1
อนุสาวรีย์ชัยสมรภูมิ,พหลโยธิน,07:00-09:00,0,0,1
อนุสาวรีย์ชัยสมรภูมิ,พหลโยธิน,09:00-17:00,0,0,1
อนุสาวรีย์ชัยสมรภูมิ,พหลโยธิน,17:00-19:00,0,0,1
อนุสาวรีย์ชัยสมรภูมิ,ราชวิถี,07:00-09:00,0,0,1
อนุสาวรีย์ชัยสมรภูมิ,ราชวิถี,09:00-17:00,0,0,1
อนุสาวรีย์ชัยสมรภูมิ,ราชวิถี,17:00-19:00,0,0,1
อนุสาวรีย์ชัยสมรภูมิ (ขาออก),พญาไท,07:00-09:00,0,2,0
อนุสาวรีย์ชัยสมรภูมิ (ขาออก),พญาไท,09:00-16:00,0,2,0
อนุสาวรีย์ชัยสมรภูมิ (ขาออก),พญาไท,16:00-19:00,0,2,0
อนุสาวรีย์ชัยสมรภูมิ (ขาออก),พหลโยธิน,07:00-09:00,0,2,0
อนุสาวรีย์ชัยสมรภูมิ (ขาออก),พหลโยธิน,09:00-16:00,0,2,0
อนุสาวรีย์ชัยสมรภูมิ (ขาออก),พหลโยธิน,16:00-19:00,0,2,0
อนุสาวรีย์ชัยสมรภูมิ (ขาออก),ราชวิถี,07:00-09:00,0,2,0
อนุสาวรีย์ชัยสมรภูมิ (ขาออก),ราชวิถี,09:00-16:00,0,2,0
อนุสาวรีย์ชัยสมรภูมิ (ขาออก),ราชวิถี,16:00-19:00,0,1,0
อนุสาวรีย์ชัยสมรภูมิ (ขาเข้า),พญาไท,07:00-09:00,0,2,0
อนุสาวรีย์ชัยสมรภูมิ (ขาเข้า),พญาไท,09:00-16:00,0,2,0
อนุสาวรีย์ชัยสมรภูมิ (ขาเข้า),พญาไท,16:00-19:00,0,2,0
อนุสาวรีย์ชัยสมรภูมิ (ขาเข้า),พหลโยธิน,07:00-09:00,0,2,0
อนุสาวรีย์ชัยสมรภูมิ (ขาเข้า),พหลโยธิน,09:00-16:00,0,2,0
อนุสาวรีย์ชัยสมรภูมิ (ขาเข้า),พหลโยธิน,16:00-19:00,0,2,0
อนุสาวรีย์ชัยสมรภูมิ (ขาเข้า),ราชวิถี,07:00-09:00,0,2,0
อนุสาวรีย์ชัยสมรภูมิ (ขาเข้า),ราชวิถี,09:00-16:00,0,2,0
อนุสาวรีย์ชัยสมรภูมิ (ขาเข้า),ราชวิถี,16:00-19:00,0,1,0
อนุสาวรีย์ชัยสมรภูมิ(ขาออก),พญาไท,07:00-09:00,1,0,0
อนุสาวรีย์ชัยสมรภูมิ(ขาออก),พญาไท,09:00-16:00,1,0,0
อนุสาวรีย์ชัยสมรภูมิ(ขาออก),พญาไท,16:00-19:00,1,0,0
อนุสาวรีย์ชัยสมรภูมิ(ขาออก),พหลโยธิน,07:00-09:00,1,0,0
อนุสาวรีย์ชัยสมรภูมิ(ขาออก),พหลโยธิน,09:00-16:00,1,0,0
อนุสาวรีย์ชัยสมรภูมิ(ขาออก),พหลโยธิน,16:00-19:00,1,0,0
อนุสาวรีย์ชัยสมรภูมิ(ขาออก),ราชวิถี,07:00-09:00,1,0,0
อนุสาวรีย์ชัยสมรภูมิ(ขาออก),ราชวิถี,09:00-16:00,1,0,0
อนุสาวรีย์ชัยสมรภูมิ(ขาออก),ราชวิถี,16:00-19:00,1,0,0
อนุสาวรีย์ชัยสมรภูมิ(ขาเข้า),พญาไท,07:00-09:00,1,0,0
อนุสาวรีย์ชัยสมรภูมิ(ขาเข้า),พญาไท,09:00-16:00,1,0,0
อนุสาวรีย์ชัยสมรภูมิ(ขาเข้า),พญาไท,16:00-19:00,1,0,0
อนุสาวรีย์ชัยสมรภูมิ(ขาเข้า),พหลโยธิน,07:00-09:00,1,0,0
อนุสาวรีย์ชัยสมรภูมิ(ขาเข้า),พหลโยธิน,09:00-16:00,1,0,0
อนุสาวรีย์ชัยสมรภูมิ(ขาเข้า),พหลโยธิน,16:00-19:00,1,0,0
อนุสาวรีย์ชัยสมรภูมิ(ขาเข้า),ราชวิถี,07:00-09:00,1,0,0
อนุสาวรีย์ชัยสมรภูมิ(ขาเข้า),ราชวิถี,09:00-16:00,1,0,0
อนุสาวรีย์ชัยสมรภูมิ(ขาเข้า),ราชวิถี,16:00-19:00,1,0,0
อนุสาวรีย์ประชาธิปไตย,ดินสอ,06:30-09:00,1,0,0
อนุสาวรีย์ประชาธิปไตย,ดินสอ,07:00-09:00,1,0,1
อนุสาวรีย์ประชาธิปไตย,ดินสอ,09:00-16:00,2,0,0
อนุสาวรีย์ประชาธิปไตย,ดินสอ,09:00-17:00,0,0,1
อนุสาวรีย์ประชาธิปไตย,ดินสอ,16:00-19:00,1,0,0
อนุสาวรีย์ประชาธิปไตย,ดินสอ,16:00-19:30,1,0,0
อนุสาวรีย์ประชาธิปไตย,ดินสอ,17:00-19:00,0,0,1
อนุสาวรีย์ประชาธิปไตย,ราชดำนินกลาง,06:30-09:00,1,0,0
อนุสาวรีย์ประชาธิปไตย,ราชดำนินกลาง,09:00-16:00,1,0,0
อนุสาวรีย์ประชาธิปไตย,ราชดำนินกลาง,16:00-19:30,1,0,0
อนุสาวรีย์ประชาธิปไตย,ราชดำเนิน,07:00-09:00,2,0,1
อนุสาวรีย์ประชาธิปไตย,ราชดำเนิน,09:00-16:00,2,0,0
อนุสาวรีย์ประชาธิปไตย,ราชดำเนิน,09:00-17:00,0,0,1
อนุสาวรีย์ประชาธิปไตย,ราชดำเนิน,16:00-19:00,2,0,0
อนุสาวรีย์ประชาธิปไตย,ราชดำเนิน,17:00-19:00,0,0,1
อนุสาวรีย์ประชาธิปไตย,ราชดำเนินกลาง,07:00-09:00,1,0,0
อนุสาวรีย์ประชาธิปไตย,ราชดำเนินกลาง,09:00-16:00,1,0,0
อนุสาวรีย์ประชาธิปไตย,ราชดำเนินกลาง,16:00-19:00,1,0,0
อนุสาวรีย์ประชาธิปไตย (ขาออก),ดินสอ,07:00-09:00,0,2,1
อนุสาวรีย์ประชาธิปไตย (ขาออก),ดินสอ,09:00-16:00,0,2,0
อนุสาวรีย์ประชาธิปไตย (ขาออก),ดินสอ,09:00-17:00,0,0,1
อนุสาวรีย์ประชาธิปไตย (ขาออก),ดินสอ,16:00-19:00,0,2,0
อนุสาวรีย์ประชาธิปไตย (ขาออก),ดินสอ,17:00-19:00,0,0,1
อนุสาวรีย์ประชาธิปไตย (ขาออก),ราชดำเนิน,07:00-09:00,0,1,1
อนุสาวรีย์ประชาธิปไตย (ขาออก),ราชดำเนิน,09:00-16:00,0,1,0
อนุสาวรีย์ประชาธิปไตย (ขาออก),ราชดำเนิน,09:00-17:00,0,0,1
อนุสาวรีย์ประชาธิปไตย (ขาออก),ราชดำเนิน,16:00-19:00,0,1,0
อนุสาวรีย์ประชาธิปไตย (ขาออก),ราชดำเนิน,17:00-19:00,0,0,1
อนุสาวรีย์ประชาธิปไตย (ขาออก),ราชดำเนินกลาง,07:00-09:00,0,1,0
อนุสาวรีย์ประชาธิปไตย (ขาออก),ราชดำเนินกลาง,09:00-16:00,0,1,0
อนุสาวรีย์ประชาธิปไตย (ขาออก),ราชดำเนินกลาง,16:00-19:00,0,1,0
อนุสาวรีย์ประชาธิปไตย (ขาออกแยก),ดินสอ,06:30-09:00,0,1,0
อนุสาวรีย์ประชาธิปไตย (ขาออกแยก),ดินสอ,09:00-16:00,0,1,0
อนุสาวรีย์ประชาธิปไตย (ขาออกแยก),ดินสอ,16:00-19:30,0,1,0
อนุสาวรีย์ประชาธิปไตย (ขาออกแยก),ราชดำเนินกลาง,06:30-09:00,0,1,0
อนุสาวรีย์ประชาธิปไตย (ขาออกแยก),ราชดำเนินกลาง,09:00-16:00,0,1,0
อนุสาวรีย์ประชาธิปไตย (ขาออกแยก),ราชดำเนินกลาง,16:00-19:30,0,1,0
อนุสาวรีย์ประชาธิปไตย (ขาเข้า),ดินสอ,07:00-09:00,0,2,1
อนุสาวรีย์ประชาธิปไตย (ขาเข้า),ดินสอ,09:00-16:00,0,2,0
อนุสาวรีย์ประชาธิปไตย (ขาเข้า),ดินสอ,09:00-17:00,0,0,1
อนุสาวรีย์ประชาธิปไตย (ขาเข้า),ดินสอ,16:00-19:00,0,2,0
อนุสาวรีย์ประชาธิปไตย (ขาเข้า),ดินสอ,17:00-19:00,0,0,1
อนุสาวรีย์ประชาธิปไตย (ขาเข้า),ราชดำเนิน,07:00-09:00,0,1,1
อนุสาวรีย์ประชาธิปไตย (ขาเข้า),ราชดำเนิน,09:00-16:00,0,1,0
อนุสาวรีย์ประชาธิปไตย (ขาเข้า),ราชดำเนิน,09:00-17:00,0,0,1
อนุสาวรีย์ประชาธิปไตย (ขาเข้า),ราชดำเนิน,16:00-19:00,0,1,0
อนุสาวรีย์ประชาธิปไตย (ขาเข้า),ราชดำเนิน,17:00-19:00,0,0,1
อนุสาวรีย์ประชาธิปไตย (ขาเข้า),ราชดำเนินกลาง,07:00-09:00,0,1,0
อนุสาวรีย์ประชาธิปไตย (ขาเข้า),ราชดำเนินกลาง,09:00-16:00,0,1,0
อนุสาวรีย์ประชาธิปไตย (ขาเข้า),ราชดำเนินกลาง,16:00-19:00,0,1,0
อนุสาวรีย์ประชาธิปไตย (ขาเข้าแยก),ดินสอ,06:30-09:00,0,1,0
อนุสาวรีย์ประชาธิปไตย (ขาเข้าแยก),ดินสอ,09:00-16:00,0,1,0
อนุสาวรีย์ประชาธิปไตย (ขาเข้าแยก),ดินสอ,16:00-19:30,0,1,0
อนุสาวรีย์ประชาธิปไตย (ขาเข้าแยก),ราชดำเนินกลาง,06:30-09:00,0,1,0
อนุสาวรีย์ประชาธิปไตย (ขาเข้าแยก),ราชดำเนินกลาง,09:00-16:00,0,1,0
อนุสาวรีย์ประชาธิปไตย (ขาเข้าแยก),ราชดำเนินกลาง,16:00-19:30,0,1,0
อนุสาวสรีย์ประชาธิปไตย (ขาออก),ดินสอ,07:00-09:00,1,0,0
อนุสาวสรีย์ประชาธิปไตย (ขาออก),ดินสอ,09:00-16:00,1,0,0
อนุสาวสรีย์ประชาธิปไตย (ขาออก),ดินสอ,16:00-19:00,1,0,0
อนุสาวสรีย์ประชาธิปไตย (ขาออก),ราชดำเนินกลาง,07:00-09:00,1,0,0
อนุสาวสรีย์ประชาธิปไตย (ขาออก),ราชดำเนินกลาง,09:00-16:00,1,0,0
อนุสาวสรีย์ประชาธิปไตย (ขาออก),ราชดำเนินกลาง,16:00-19:00,1,0,0
อนุสาวสรีย์ประชาธิปไตย (ขาเข้า),ดินสอ,07:00-09:00,1,0,0
อนุสาวสรีย์ประชาธิปไตย (ขาเข้า),ดินสอ,09:00-16:00,1,0,0
อนุสาวสรีย์ประชาธิปไตย (ขาเข้า),ดินสอ,16:00-19:00,1,0,0
อนุสาวสรีย์ประชาธิปไตย (ขาเข้า),ราชดำเนินกลาง,07:00-09:00,1,0,0
อนุสาวสรีย์ประชาธิปไตย (ขาเข้า),ราชดำเนินกลาง,09:00-16:00,1,0,0
อนุสาวสรีย์ประชาธิปไตย (ขาเข้า),ราชดำเนินกลาง,16:00-19:00,1,0,0
อรุณอมรินทร์,สมเด็จพระปิ่นเกล้า,07:00-09:00,0,1,1
อรุณอมรินทร์,สมเด็จพระปิ่นเกล้า,09:00-16:00,0,1,0
อรุณอมรินทร์,สมเด็จพระปิ่นเกล้า,09:00-17:00,0,0,1
อรุณอมรินทร์,สมเด็จพระปิ่นเกล้า,16:00-19:00,0,1,0
อรุณอมรินทร์,สมเด็จพระปิ่นเกล้า,17:00-19:00,0,0,1
อรุณอมรินทร์,อรุณอมรินทร์,07:00-09:00,0,1,1
อรุณอมรินทร์,อรุณอมรินทร์,09:00-16:00,0,1,0
อรุณอมรินทร์,อรุณอมรินทร์,09:00-17:00,0,0,1
อรุณอมรินทร์,อรุณอมรินทร์,16:00-19:00,0,1,0
อรุณอมรินทร์,อรุณอมรินทร์,17:00-19:00,0,0,1
อรุณอมรินทร์ - วังเดิม,วังเดิม,07:00-09:00,0,0,2
อรุณอมรินทร์ - วังเดิม,วังเดิม,09:00-17:00,0,0,2
อรุณอมรินทร์ - วังเดิม,วังเดิม,17:00-19:00,0,0,2
อรุณอมรินทร์ - วังเดิม,อรุณอมรินทร์,07:00-09:00,0,0,1
อรุณอมรินทร์ - วังเดิม,อรุณอมรินทร์,09:00-17:00,0,0,1
อรุณอมรินทร์ - วังเดิม,อรุณอมรินทร์,17:00-19:00,0,0,1
อรุณอมรินทร์ - วังเดิม,อรุณอัมรินทร์ตัดใหม่,07:00-09:00,0,0,1
อรุณอมรินทร์ - วังเดิม,อรุณอัมรินทร์ตัดใหม่,09:00-17:00,0,0,1
อรุณอมรินทร์ - วังเดิม,อรุณอัมรินทร์ตัดใหม่,17:00-19:00,0,0,1
อรุณอมรินทร์ตัดใหม่,วังเดิม,07:00-09:00,0,1,0
อรุณอมรินทร์ตัดใหม่,วังเดิม,09:00-16:00,0,1,0
อรุณอมรินทร์ตัดใหม่,วังเดิม,16:00-19:00,0,1,0
อรุณอมรินทร์ตัดใหม่,อรุณอมรินทร์ตัดใหม่,07:00-09:00,0,1,0
อรุณอมรินทร์ตัดใหม่,อรุณอมรินทร์ตัดใหม่,09:00-16:00,0,1,0
อรุณอมรินทร์ตัดใหม่,อรุณอมรินทร์ตัดใหม่,16:00-19:00,0,1,0
อรุณอมรินทร์ตัดใหม่ - วังเดิม,มักกะสัน,07:00-09:00,0,1,0
อรุณอมรินทร์ตัดใหม่ - วังเดิม,มักกะสัน,09:00-16:00,0,1,0
อรุณอมรินทร์ตัดใหม่ - วังเดิม,มักกะสัน,16:00-19:00,0,1,0
อรุณอมรินทร์ตัดใหม่ - วังเดิม,ราชปรารภ,07:00-09:00,0,1,0
อรุณอมรินทร์ตัดใหม่ - วังเดิม,ราชปรารภ,09:00-16:00,0,1,0
อรุณอมรินทร์ตัดใหม่ - วังเดิม,ราชปรารภ,16:00-19:00,0,1,0
อรุณอมรินทร์ตัดใหม่ - วังเดิม,วังเดิม,07:00-09:00,0,1,0
อรุณอมรินทร์ตัดใหม่ - วังเดิม,วังเดิม,09:00-16:00,0,1,0
อรุณอมรินทร์ตัดใหม่ - วังเดิม,วังเดิม,16:00-19:00,0,1,0
อรุณอมรินทร์ตัดใหม่ - วังเดิม,อรุณอมรินทร์,07:00-09:00,0,1,0
อรุณอมรินทร์ตัดใหม่ - วังเดิม,อรุณอมรินทร์,09:00-16:00,0,1,0
อรุณอมรินทร์ตัดใหม่ - วังเดิม,อรุณอมรินทร์,16:00-19:00,0,1,0
อรุณอัมรินทร์,สมเด็จพระปิ่นเกล้า,07:00-09:00,1,0,1
อรุณอัมรินทร์,สมเด็จพระปิ่นเกล้า,09:00-16:00,1,0,0
อรุณอัมรินทร์,สมเด็จพระปิ่นเกล้า,09:00-17:00,0,0,1
อรุณอัมรินทร์,สมเด็จพระปิ่นเกล้า,16:00-19:00,1,0,0
อรุณอัมรินทร์,สมเด็จพระปิ่นเกล้า,17:00-19:00,0,0,1
อรุณอัมรินทร์,อรุณอัมรินทร์,07:00-09:00,1,0,1
อรุณอัมรินทร์,อรุณอัมรินทร์,09:00-16:00,1,0,0
อรุณอัมรินทร์,อรุณอัมรินทร์,09:00-17:00,0,0,1
อรุณอัมรินทร์,อรุณอัมรินทร์,16:00-19:00,1,0,0
อรุณอัมรินทร์,อรุณอัมรินทร์,17:00-19:00,0,0,1
อรุณอัมรินทร์ตัดใหม่ -วังเดิม,วังเดิม,07:00-09:00,1,0,0
อรุณอัมรินทร์ตัดใหม่ -วังเดิม,วังเดิม,09:00-16:00,1,0,0
อรุณอัมรินทร์ตัดใหม่ -วังเดิม,วังเดิม,16:00-19:00,1,0,0
อรุณอัมรินทร์ตัดใหม่ -วังเดิม,อรุณอัมรินทร์ตัดใหม่,07:00-09:00,1,0,0
อรุณอัมรินทร์ตัดใหม่ -วังเดิม,อรุณอัมรินทร์ตัดใหม่,09:00-16:00,1,0,0
อรุณอัมรินทร์ตัดใหม่ -วังเดิม,อรุณอัมรินทร์ตัดใหม่,16:00-19:00,1,0,0
อังรีดูนังต์,ทางเข้ากองบัญชาการ,07:00-09:00,0,0,1
อังรีดูนังต์,ทางเข้ากองบัญชาการ,09:00-16:00,0,0,1
อังรีดูนังต์,ทางเข้ากองบัญชาการ,16:00-19:00,0,0,1
อังรีดูนังต์,พระรามที่ 4,07:00-09:00,1,0,3
อังรีดูนังต์,พระรามที่ 4,09:00-16:00,1,0,1
อังรีดูนังต์,พระรามที่ 4,09:00-17:00,0,0,2
อังรีดูนังต์,พระรามที่ 4,16:00-19:00,1,0,1
อังรีดูนังต์,พระรามที่ 4,17:00-19:00,0,0,2
อังรีดูนังต์,พระรามที่4,07:00-09:00,0,1,0
อังรีดูนังต์,พระรามที่4,09:00-16:00,0,1,0
อังรีดูนังต์,พระรามที่4,16:00-19:00,0,1,0
อังรีดูนังต์,สุรวงศ์,07:00-09:00,1,1,3
อังรีดูนังต์,สุรวงศ์,09:00-16:00,1,1,1
อังรีดูนังต์,สุรวงศ์,09:00-17:00,0,0,2
อังรีดูนังต์,สุรวงศ์,16:00-19:00,1,1,1
อังรีดูนังต์,สุรวงศ์,17:00-19:00,0,0,2
อังรีดูนังต์,อังรีดูนังต์,07:00-09:00,1,1,3
อังรีดูนังต์,อังรีดูนังต์,09:00-16:00,1,1,1
อังรีดูนังต์,อังรีดูนังต์,09:00-17:00,0,0,2
อังรีดูนังต์,อังรีดูนังต์,16:00-19:00,1,1,1
อังรีดูนังต์,อังรีดูนังต์,17:00-19:00,0,0,2
อัษฎางค์ - พระยาศรี,พระยาศรี,07:00-09:00,0,1,0
อัษฎางค์ - พระยาศรี,พระยาศรี,09:00-16:00,0,1,0
อัษฎางค์ - พระยาศรี,พระยาศรี,16:00-19:00,0,1,0
อัษฎางค์ - พระยาศรี,อัษฎางค์,07:00-09:00,0,1,0
อัษฎางค์ - พระยาศรี,อัษฎางค์,09:00-16:00,0,1,0
อัษฎางค์ - พระยาศรี,อัษฎางค์,16:00-19:00,0,1,0
อัษฎางค์ - ราชบพิธ,อัษฎางค์,07:00-09:00,0,1,0
อัษฎางค์ - ราชบพิธ,อัษฎางค์,09:00-16:00,0,1,0
อัษฎางค์ - ราชบพิธ,อัษฎางค์,16:00-19:00,0,1,0
อาคาร American Standard,รัชดาภิเษก,07:00-09:00,0,1,0
อาคาร American Standard,รัชดาภิเษก,09:00-16:00,0,1,0
อาคาร American Standard,รัชดาภิเษก,16:00-19:00,0,1,0
อาคารสงเคราะห์กองทัพบก (บางซื่อ),ทางเข้า - ออกอาคารสงเคราะห์กองทัพบก,07:00-09:00,0,0,1
อาคารสงเคราะห์กองทัพบก (บางซื่อ),ทางเข้า - ออกอาคารสงเคราะห์กองทัพบก,09:00-17:00,0,0,1
อาคารสงเคราะห์กองทัพบก (บางซื่อ),ทางเข้า - ออกอาคารสงเคราะห์กองทัพบก,17:00-19:00,0,0,1
อาคารสงเคราะห์กองทัพบก (บางซื่อ),เทอดดำริ,07:00-09:00,0,0,1
อาคารสงเคราะห์กองทัพบก (บางซื่อ),เทอดดำริ,09:00-17:00,0,0,1
อาคารสงเคราะห์กองทัพบก (บางซื่อ),เทอดดำริ,17:00-19:00,0,0,1
อาคารสงเคราะห์กองทัพบก (เทอดดำริ),ทางเข้า - ออกอาคารสงเคราะห์กองทัพบก,07:00-09:00,0,0,1
อาคารสงเคราะห์กองทัพบก (เทอดดำริ),ทางเข้า - ออกอาคารสงเคราะห์กองทัพบก,09:00-17:00,0,0,1
อาคารสงเคราะห์กองทัพบก (เทอดดำริ),ทางเข้า - ออกอาคารสงเคราะห์กองทัพบก,17:00-19:00,0,0,1
อาคารสงเคราะห์กองทัพบก (เทอดดำริ),เทอดดำริ,07:00-09:00,0,0,1
อาคารสงเคราะห์กองทัพบก (เทอดดำริ),เทอดดำริ,09:00-17:00,0,0,1
อาคารสงเคราะห์กองทัพบก (เทอดดำริ),เทอดดำริ,17:00-19:00,0,0,1
อารีย์สัมพันธ์,ซอยอารีย์สัมพันธ์,07:00-09:00,1,0,0
อารีย์สัมพันธ์,ซอยอารีย์สัมพันธ์,09:00-16:00,1,0,0
อารีย์สัมพันธ์,ซอยอารีย์สัมพันธ์,16:00-19:00,1,0,0
อารีย์สัมพันธ์,พระรามที่ 6,07:00-09:00,1,0,1
อารีย์สัมพันธ์,พระรามที่ 6,09:00-16:00,1,0,0
อารีย์สัมพันธ์,พระรามที่ 6,09:00-17:00,0,0,1
อารีย์สัมพันธ์,พระรามที่ 6,16:00-19:00,1,0,0
อารีย์สัมพันธ์,พระรามที่ 6,17:00-19:00,0,0,1
อารีย์สัมพันธ์,อารีย์สัมพันธ์,07:00-09:00,0,0,1
อารีย์สัมพันธ์,อารีย์สัมพันธ์,09:00-17:00,0,0,1
อารีย์สัมพันธ์,อารีย์สัมพันธ์,17:00-19:00,0,0,1
อาร์ซีเอ,จตุรทิศ,07:00-09:00,0,0,1
อาร์ซีเอ,จตุรทิศ,09:00-17:00,0,0,1
อาร์ซีเอ,จตุรทิศ,17:00-19:00,0,0,1
อาร์ซีเอ,พระราม 9 ซอย 8,07:00-09:00,0,0,1
อาร์ซีเอ,พระราม 9 ซอย 8,09:00-17:00,0,0,1
อาร์ซีเอ,พระราม 9 ซอย 8,17:00-19:00,0,0,1
อำนวยสงคราม,พิชัย,07:00-09:00,1,0,0
อำนวยสงคราม,พิชัย,09:00-16:00,1,0,0
อำนวยสงคราม,พิชัย,16:00-19:00,1,0,0
อำนวยสงคราม,อำนวยสงคราม,07:00-09:00,1,0,0
อำนวยสงคราม,อำนวยสงคราม,09:00-16:00,1,0,0
อำนวยสงคราม,อำนวยสงคราม,16:00-19:00,1,0,0
อำนวยสงคราม - ร่วมจิตต์,ร่วมจิตต์,07:00-09:00,1,0,1
อำนวยสงคราม - ร่วมจิตต์,ร่วมจิตต์,09:00-16:00,1,0,1
อำนวยสงคราม - ร่วมจิตต์,ร่วมจิตต์,16:00-19:00,1,0,1
อำนวยสงคราม - ร่วมจิตต์,อำนวยสงคราม,07:00-09:00,1,0,1
อำนวยสงคราม - ร่วมจิตต์,อำนวยสงคราม,09:00-16:00,1,0,1
อำนวยสงคราม - ร่วมจิตต์,อำนวยสงคราม,16:00-19:00,1,0,1
อินทาบัจ 13 - เพชรเกษม 63,ซอยอินทาปัจ 13,07:00-09:00,1,0,0
อินทาบัจ 13 - เพชรเกษม 63,ซอยอินทาปัจ 13,09:00-16:00,1,0,0
อินทาบัจ 13 - เพชรเกษม 63,ซอยอินทาปัจ 13,16:00-19:00,1,0,0
อินทาบัจ 13 - เพชรเกษม 63,ซอยเพชรเกษม 63,07:00-09:00,1,0,0
อินทาบัจ 13 - เพชรเกษม 63,ซอยเพชรเกษม 63,09:00-16:00,1,0,0
อินทาบัจ 13 - เพชรเกษม 63,ซอยเพชรเกษม 63,16:00-19:00,1,0,0
อินทาปัจ 13 - เพชรเกษม 69,อินทาปัจ 13,07:00-09:00,0,0,1
อินทาปัจ 13 - เพชรเกษม 69,อินทาปัจ 13,09:00-17:00,0,0,1
อินทาปัจ 13 - เพชรเกษม 69,อินทาปัจ 13,17:00-19:00,0,0,1
อินทาปัจ 13 - เพชรเกษม 69,เพชรเกษม 69,07:00-09:00,0,0,1
อินทาปัจ 13 - เพชรเกษม 69,เพชรเกษม 69,09:00-17:00,0,0,1
อินทาปัจ 13 - เพชรเกษม 69,เพชรเกษม 69,17:00-19:00,0,0,1
อินทาปัจ 13 - เพชรเกษม 69,เลียบคลองภาษีเจริญฝั่งเหนือ,07:00-09:00,0,0,1
อินทาปัจ 13 - เพชรเกษม 69,เลียบคลองภาษีเจริญฝั่งเหนือ,09:00-17:00,0,0,1
อินทาปัจ 13 - เพชรเกษม 69,เลียบคลองภาษีเจริญฝั่งเหนือ,17:00-19:00,0,0,1
อิสรภาพ - อิสรภาพ 21,อิสรภาพ,07:00-09:00,0,0,1
อิสรภาพ - อิสรภาพ 21,อิสรภาพ,09:00-17:00,0,0,1
อิสรภาพ - อิสรภาพ 21,อิสรภาพ,17:00-19:00,0,0,1
อิสรภาพ - อิสรภาพ 21,อิสรภาพ 21,07:00-09:00,0,0,1
อิสรภาพ - อิสรภาพ 21,อิสรภาพ 21,09:00-17:00,0,0,1
อิสรภาพ - อิสรภาพ 21,อิสรภาพ 21,17:00-19:00,0,0,1
อิสรภาพ - อิสรภาพ 44 - วัดดงมูลเหล็ก,อิสรภาพ,07:00-09:00,0,0,1
อิสรภาพ - อิสรภาพ 44 - วัดดงมูลเหล็ก,อิสรภาพ,09:00-17:00,0,0,1
อิสรภาพ - อิสรภาพ 44 - วัดดงมูลเหล็ก,อิสรภาพ,17:00-19:00,0,0,1
อิสรภาพ - อิสรภาพ 44 - วัดดงมูลเหล็ก,อิสรภาพ 44,07:00-09:00,0,0,1
อิสรภาพ - อิสรภาพ 44 - วัดดงมูลเหล็ก,อิสรภาพ 44,09:00-17:00,0,0,1
อิสรภาพ - อิสรภาพ 44 - วัดดงมูลเหล็ก,อิสรภาพ 44,17:00-19:00,0,0,1
อิสรภาพ 42,อิสรภาพ,07:00-09:00,0,0,1
อิสรภาพ 42,อิสรภาพ,09:00-17:00,0,0,1
อิสรภาพ 42,อิสรภาพ,17:00-19:00,0,0,1
อิสรภาพ 42,อิสรภาพ 42,07:00-09:00,0,0,1
อิสรภาพ 42,อิสรภาพ 42,09:00-17:00,0,0,1
อิสรภาพ 42,อิสรภาพ 42,17:00-19:00,0,0,1
อุณากรรณ,อุณากรรณ,07:00-09:00,2,1,1
อุณากรรณ,อุณากรรณ,09:00-16:00,2,1,0
อุณากรรณ,อุณากรรณ,09:00-17:00,0,0,1
อุณากรรณ,อุณากรรณ,16:00-19:00,2,1,0
อุณากรรณ,อุณากรรณ,17:00-19:00,0,0,1
อุณากรรณ,เจริญกรุง,07:00-09:00,2,1,1
อุณากรรณ,เจริญกรุง,09:00-16:00,2,1,0
อุณากรรณ,เจริญกรุง,09:00-17:00,0,0,1
อุณากรรณ,เจริญกรุง,16:00-19:00,2,1,0
อุณากรรณ,เจริญกรุง,17:00-19:00,0,0,1
อุณากรรณ - ลงท่า,ลงท่า,07:00-09:00,0,1,0
อุณากรรณ - ลงท่า,ลงท่า,09:00-16:00,0,1,0
อุณากรรณ - ลงท่า,ลงท่า,16:00-19:00,0,1,0
อุณากรรณ - ลงท่า,ศิริพงษ์,07:00-09:00,0,1,0
อุณากรรณ - ลงท่า,ศิริพงษ์,09:00-16:00,0,1,0
อุณากรรณ - ลงท่า,ศิริพงษ์,16:00-19:00,0,1,0
อุณากรรณ - ลงท่า,อุณากรรณ,07:00-09:00,0,1,0
อุณากรรณ - ลงท่า,อุณากรรณ,09:00-16:00,0,1,0
อุณากรรณ - ลงท่า,อุณากรรณ,16:00-19:00,0,1,0
อุดมสุข,ซอยสุขุมวิท 103 (อุดมสุข),07:00-09:00,2,0,0
อุดมสุข,ซอยสุขุมวิท 103 (อุดมสุข),09:00-16:00,2,0,0
อุดมสุข,ซอยสุขุมวิท 103 (อุดมสุข),16:00-19:00,2,0,0
อุดมสุข,สุขุมวิท,07:00-09:00,2,1,2
อุดมสุข,สุขุมวิท,09:00-16:00,2,1,0
อุดมสุข,สุขุมวิท,09:00-17:00,0,0,2
อุดมสุข,สุขุมวิท,16:00-19:00,2,1,0
อุดมสุข,สุขุมวิท,17:00-19:00,0,0,2
อุดมสุข,สุขุมวิท 103,07:00-09:00,0,0,2
อุดมสุข,สุขุมวิท 103,09:00-17:00,0,0,2
อุดมสุข,สุขุมวิท 103,17:00-19:00,0,0,2
อุดมสุข,สุขุมวิท 103 (อุดมสุข),07:00-09:00,0,1,0
อุดมสุข,สุขุมวิท 103 (อุดมสุข),09:00-16:00,0,1,0
อุดมสุข,สุขุมวิท 103 (อุดมสุข),16:00-19:00,0,1,0
อุดมสุข 30 - 27,อุดมสุข,07:00-09:00,0,0,1
อุดมสุข 30 - 27,อุดมสุข,09:00-16:00,0,0,1
อุดมสุข 30 - 27,อุดมสุข,16:00-19:00,0,0,1
อุดมสุข 30 - 27,อุดมสุข 27,07:00-09:00,0,0,1
อุดมสุข 30 - 27,อุดมสุข 27,09:00-16:00,0,0,1
อุดมสุข 30 - 27,อุดมสุข 27,16:00-19:00,0,0,1
อุดมสุข 30 - 27,อุดมสุข 30,07:00-09:00,0,0,1
อุดมสุข 30 - 27,อุดมสุข 30,09:00-16:00,0,0,1
อุดมสุข 30 - 27,อุดมสุข 30,16:00-19:00,0,0,1
อุดมสุข 51,อุดมสุข,07:00-09:00,0,0,1
อุดมสุข 51,อุดมสุข,09:00-17:00,0,0,1
อุดมสุข 51,อุดมสุข,17:00-19:00,0,0,1
อุดมสุข 51,อุดมสุข 51,07:00-09:00,0,0,1
อุดมสุข 51,อุดมสุข 51,09:00-17:00,0,0,1
อุดมสุข 51,อุดมสุข 51,17:00-19:00,0,0,1
อุภัยเจษฎทิศ,ราชวิถี,07:00-09:00,0,1,0
อุภัยเจษฎทิศ,ราชวิถี,09:00-16:00,0,1,0
อุภัยเจษฎทิศ,ราชวิถี,16:00-19:00,0,1,0
อุภัยเจษฎทิศ,สวรรคโลก,07:00-09:00,0,1,0
อุภัยเจษฎทิศ,สวรรคโลก,09:00-16:00,0,1,0
อุภัยเจษฎทิศ,สวรรคโลก,16:00-19:00,0,1,0
อุภัยเจษฎอุทิศ,ราชวิถี,07:00-09:00,1,0,0
อุภัยเจษฎอุทิศ,ราชวิถี,09:00-16:00,1,0,0
อุภัยเจษฎอุทิศ,ราชวิถี,16:00-19:00,1,0,0
อุภัยเจษฎอุทิศ,สวรรคโลก,07:00-09:00,1,0,0
อุภัยเจษฎอุทิศ,สวรรคโลก,09:00-16:00,1,0,0
อุภัยเจษฎอุทิศ,สวรรคโลก,16:00-19:00,1,0,0
อุภัยเจษฎุทิศ,ราชวิถี,07:00-09:00,0,0,2
อุภัยเจษฎุทิศ,ราชวิถี,09:00-16:00,0,0,1
อุภัยเจษฎุทิศ,ราชวิถี,09:00-17:00,0,0,1
อุภัยเจษฎุทิศ,ราชวิถี,16:00-19:00,0,0,1
อุภัยเจษฎุทิศ,ราชวิถี,17:00-19:00,0,0,1
อุภัยเจษฎุทิศ,สวรรคโลก,07:00-09:00,0,0,2
อุภัยเจษฎุทิศ,สวรรคโลก,09:00-16:00,0,0,1
อุภัยเจษฎุทิศ,สวรรคโลก,09:00-17:00,0,0,1
อุภัยเจษฎุทิศ,สวรรคโลก,16:00-19:00,0,0,1
อุภัยเจษฎุทิศ,สวรรคโลก,17:00-19:00,0,0,1
อุรุพงษ์,พระรามที่ 6,07:00-09:00,1,1,3
อุรุพงษ์,พระรามที่ 6,09:00-16:00,1,1,0
อุรุพงษ์,พระรามที่ 6,09:00-17:00,0,0,3
อุรุพงษ์,พระรามที่ 6,16:00-19:00,1,1,0
อุรุพงษ์,พระรามที่ 6,17:00-19:00,0,0,3
อุรุพงษ์,เพชรบุรี,07:00-09:00,1,1,3
อุรุพงษ์,เพชรบุรี,09:00-16:00,1,1,0
อุรุพงษ์,เพชรบุรี,09:00-17:00,0,0,3
อุรุพงษ์,เพชรบุรี,16:00-19:00,1,1,0
อุรุพงษ์,เพชรบุรี,17:00-19:00,0,0,3
อุโมงค์กลับรถถนนพัฒนาการ,พัฒนาการ,07:00-09:00,0,0,1
อุโมงค์กลับรถถนนพัฒนาการ,พัฒนาการ,09:00-16:00,0,0,1
อุโมงค์กลับรถถนนพัฒนาการ,พัฒนาการ,16:00-19:00,0,0,1
อุโมงค์ดินแดง,ดินแดง,07:00-09:00,0,0,1
อุโมงค์ดินแดง,ดินแดง,09:00-17:00,0,0,1
อุโมงค์ดินแดง,ดินแดง,17:00-19:00,0,0,1
อุโมงค์ดินแดง,มุ่งหน้าประชาสงเคราะห์,07:00-09:00,0,0,1
อุโมงค์ดินแดง,มุ่งหน้าประชาสงเคราะห์,09:00-16:00,0,0,1
อุโมงค์ดินแดง,มุ่งหน้าประชาสงเคราะห์,16:00-19:00,0,0,1
อุโมงค์ดินแดง,อุโมงค์ดินแดง,07:00-09:00,0,0,1
อุโมงค์ดินแดง,อุโมงค์ดินแดง,09:00-17:00,0,0,1
อุโมงค์ดินแดง,อุโมงค์ดินแดง,17:00-19:00,0,0,1
อุโมงค์ถาวรธวัช,ถาวรธวัช,07:00-09:00,0,0,1
อุโมงค์ถาวรธวัช,ถาวรธวัช,09:00-16:00,0,0,1
อุโมงค์ถาวรธวัช,ถาวรธวัช,16:00-19:00,0,0,1
อุโมงค์ถาวรธวัช,ถาวรธัวช,07:00-09:00,0,0,1
อุโมงค์ถาวรธวัช,ถาวรธัวช,09:00-17:00,0,0,1
อุโมงค์ถาวรธวัช,ถาวรธัวช,17:00-19:00,0,0,1
อุโมงค์ท่าพระ,มุ่งหน้าแยกรัชดา-ราชพฤกษ์,07:00-09:00,0,0,1
อุโมงค์ท่าพระ,มุ่งหน้าแยกรัชดา-ราชพฤกษ์,09:00-16:00,0,0,1
อุโมงค์ท่าพระ,มุ่งหน้าแยกรัชดา-ราชพฤกษ์,16:00-19:00,0,0,1
อุโมงค์ท่าพระ,มุ่งหน้าแยกไฟฉาย,07:00-09:00,0,0,1
อุโมงค์ท่าพระ,มุ่งหน้าแยกไฟฉาย,09:00-16:00,0,0,1
อุโมงค์ท่าพระ,มุ่งหน้าแยกไฟฉาย,16:00-19:00,0,0,1
อุโมงค์บรมราชชนนี,มุ่งหน้าบางขุนนนท์,07:00-09:00,0,0,1
อุโมงค์บรมราชชนนี,มุ่งหน้าบางขุนนนท์,09:00-16:00,0,0,1
อุโมงค์บรมราชชนนี,มุ่งหน้าบางขุนนนท์,16:00-19:00,0,0,1
อุโมงค์บรมราชชนนี,มุ่งหน้าแยกบางพลัด,07:00-09:00,0,0,1
อุโมงค์บรมราชชนนี,มุ่งหน้าแยกบางพลัด,09:00-16:00,0,0,1
อุโมงค์บรมราชชนนี,มุ่งหน้าแยกบางพลัด,16:00-19:00,0,0,1
อุโมงค์บางพลัด,มุ่งหน้าพระราม 7,07:00-09:00,0,0,1
อุโมงค์บางพลัด,มุ่งหน้าพระราม 7,09:00-16:00,0,0,1
อุโมงค์บางพลัด,มุ่งหน้าพระราม 7,16:00-19:00,0,0,1
อุโมงค์บางพลัด,มุ่งหน้าแยกปิ่นเกล้า,07:00-09:00,0,0,1
อุโมงค์บางพลัด,มุ่งหน้าแยกปิ่นเกล้า,09:00-16:00,0,0,1
อุโมงค์บางพลัด,มุ่งหน้าแยกปิ่นเกล้า,16:00-19:00,0,0,1
อุโมงค์บางเขน,มุ่งหน้าสะพานใหม่,07:00-09:00,0,0,1
อุโมงค์บางเขน,มุ่งหน้าสะพานใหม่,09:00-16:00,0,0,1
อุโมงค์บางเขน,มุ่งหน้าสะพานใหม่,16:00-19:00,0,0,1
อุโมงค์บางเขน,มุ่งหน้าแยกเกษตร,07:00-09:00,0,0,1
อุโมงค์บางเขน,มุ่งหน้าแยกเกษตร,09:00-16:00,0,0,1
อุโมงค์บางเขน,มุ่งหน้าแยกเกษตร,16:00-19:00,0,0,1
อุโมงค์พหลโยธิน-ลาดปลาเค้า,มุ่งหน้าถนนประดิษฐ์มนูธรรม,07:00-09:00,0,0,1
อุโมงค์พหลโยธิน-ลาดปลาเค้า,มุ่งหน้าถนนประดิษฐ์มนูธรรม,09:00-16:00,0,0,1
อุโมงค์พหลโยธิน-ลาดปลาเค้า,มุ่งหน้าถนนประดิษฐ์มนูธรรม,16:00-19:00,0,0,1
อุโมงค์พหลโยธิน-ลาดปลาเค้า,มุ่งหน้าถนนพหลโยธิน,07:00-09:00,0,0,1
อุโมงค์พหลโยธิน-ลาดปลาเค้า,มุ่งหน้าถนนพหลโยธิน,09:00-16:00,0,0,1
อุโมงค์พหลโยธิน-ลาดปลาเค้า,มุ่งหน้าถนนพหลโยธิน,16:00-19:00,0,0,1
อุโมงค์รัชโยธิน,มุ่งหน้าถนนนวมินทร์,07:00-09:00,0,0,1
อุโมงค์รัชโยธิน,มุ่งหน้าถนนนวมินทร์,09:00-16:00,0,0,1
อุโมงค์รัชโยธิน,มุ่งหน้าถนนนวมินทร์,16:00-19:00,0,0,1
อุโมงค์รัชโยธิน,มุ่งหน้าแยกรัชวิภา,07:00-09:00,0,0,1
อุโมงค์รัชโยธิน,มุ่งหน้าแยกรัชวิภา,09:00-16:00,0,0,1
อุโมงค์รัชโยธิน,มุ่งหน้าแยกรัชวิภา,16:00-19:00,0,0,1
อุโมงค์รัชโยธิน,รัชดาภิเษก,07:00-09:00,0,0,1
อุโมงค์รัชโยธิน,รัชดาภิเษก,09:00-17:00,0,0,1
อุโมงค์รัชโยธิน,รัชดาภิเษก,17:00-19:00,0,0,1
อุโมงค์สุทธิสาร,มุ่งหน้าแยกรัชดา-ลาดพร้าว,07:00-09:00,0,0,1
อุโมงค์สุทธิสาร,มุ่งหน้าแยกรัชดา-ลาดพร้าว,09:00-16:00,0,0,1
อุโมงค์สุทธิสาร,มุ่งหน้าแยกรัชดา-ลาดพร้าว,16:00-19:00,0,0,1
อุโมงค์สุทธิสาร,มุ่งหน้าแยกห้วยขวาง,07:00-09:00,0,0,1
อุโมงค์สุทธิสาร,มุ่งหน้าแยกห้วยขวาง,09:00-16:00,0,0,1
อุโมงค์สุทธิสาร,มุ่งหน้าแยกห้วยขวาง,16:00-19:00,0,0,1
อุโมงค์สุทธิสาร,รัชดาภิเษก,07:00-09:00,0,0,1
อุโมงค์สุทธิสาร,รัชดาภิเษก,09:00-17:00,0,0,1
อุโมงค์สุทธิสาร,รัชดาภิเษก,17:00-19:00,0,0,1
อุโมงค์ห้วยขวาง,มุ่งหน้าแยกพระราม 9,07:00-09:00,0,0,1
อุโมงค์ห้วยขวาง,มุ่งหน้าแยกพระราม 9,09:00-16:00,0,0,1
อุโมงค์ห้วยขวาง,มุ่งหน้าแยกพระราม 9,16:00-19:00,0,0,1
อุโมงค์ห้วยขวาง,มุ่งหน้าแยกสุทธิสาร,07:00-09:00,0,0,1
อุโมงค์ห้วยขวาง,มุ่งหน้าแยกสุทธิสาร,09:00-16:00,0,0,1
อุโมงค์ห้วยขวาง,มุ่งหน้าแยกสุทธิสาร,16:00-19:00,0,0,1
อุโมงค์เกษตร,งามวงศ์วาน-ประเสริฐมนูกิจ,07:00-09:00,0,0,1
อุโมงค์เกษตร,งามวงศ์วาน-ประเสริฐมนูกิจ,09:00-17:00,0,0,1
อุโมงค์เกษตร,งามวงศ์วาน-ประเสริฐมนูกิจ,17:00-19:00,0,0,1
อุโมงค์เกษตร,มุ่งหน้าแยกพงษ์เพชร,07:00-09:00,0,0,1
อุโมงค์เกษตร,มุ่งหน้าแยกพงษ์เพชร,09:00-16:00,0,0,1
อุโมงค์เกษตร,มุ่งหน้าแยกพงษ์เพชร,16:00-19:00,0,0,1
อุโมงค์เกษตร,มุ่งหน้าแยกรัชโยธิน,07:00-09:00,0,0,1
อุโมงค์เกษตร,มุ่งหน้าแยกรัชโยธิน,09:00-16:00,0,0,1
อุโมงค์เกษตร,มุ่งหน้าแยกรัชโยธิน,16:00-19:00,0,0,1
อุโมงค์แยกศรีอุดม,มุ่งหน้าถนนบางนาตราด,07:00-09:00,0,0,1
อุโมงค์แยกศรีอุดม,มุ่งหน้าถนนบางนาตราด,09:00-16:00,0,0,1
อุโมงค์แยกศรีอุดม,มุ่งหน้าถนนบางนาตราด,16:00-19:00,0,0,1
อุโมงค์แยกศรีอุดม,มุ่งหน้าแยกสวนหลวง,07:00-09:00,0,0,1
อุโมงค์แยกศรีอุดม,มุ่งหน้าแยกสวนหลวง,09:00-16:00,0,0,1
อุโมงค์แยกศรีอุดม,มุ่งหน้าแยกสวนหลวง,16:00-19:00,0,0,1
อโศก,รัชดาภิเษก,06:30-09:00,1,0,0
อโศก,รัชดาภิเษก,07:00-09:00,0,2,0
อโศก,รัชดาภิเษก,09:00-16:00,1,2,0
อโศก,รัชดาภิเษก,16:00-19:00,0,2,0
อโศก,รัชดาภิเษก,16:00-19:30,1,0,0
อโศก,สุขุมวิท,07:00-09:00,1,2,0
อโศก,สุขุมวิท,09:00-16:00,1,2,0
อโศก,สุขุมวิท,16:00-19:00,1,2,0
อโศก,อโศก,06:30-09:00,1,0,0
อโศก,อโศก,07:00-09:00,0,2,0
อโศก,อโศก,09:00-16:00,1,2,0
อโศก,อโศก,16:00-19:00,0,2,0
อโศก,อโศก,16:00-19:30,1,0,0
อโศก-สุขุมวิท,รัชดาภิเษก,07:00-09:00,1,0,0
อโศก-สุขุมวิท,รัชดาภิเษก,09:00-16:00,1,0,0
อโศก-สุขุมวิท,รัชดาภิเษก,16:00-19:00,1,0,0
อโศก-สุขุมวิท,สุขุมวิท,07:00-09:00,1,0,0
อโศก-สุขุมวิท,สุขุมวิท,09:00-16:00,1,0,0
อโศก-สุขุมวิท,สุขุมวิท,16:00-19:00,1,0,0
อโศก-สุขุมวิท,อโศก,07:00-09:00,1,0,0
อโศก-สุขุมวิท,อโศก,09:00-16:00,1,0,0
อโศก-สุขุมวิท,อโศก,16:00-19:00,1,0,0
อโศกดินแดง - กำแพงเพชร 7,กำแพงเพชร 7,07:00-09:00,0,0,1
อโศกดินแดง - กำแพงเพชร 7,กำแพงเพชร 7,09:00-17:00,0,0,1
อโศกดินแดง - กำแพงเพชร 7,กำแพงเพชร 7,17:00-19:00,0,0,1
อโศกดินแดง - กำแพงเพชร 7,อโศกดินแดง,07:00-09:00,0,0,1
อโศกดินแดง - กำแพงเพชร 7,อโศกดินแดง,09:00-17:00,0,0,1
อโศกดินแดง - กำแพงเพชร 7,อโศกดินแดง,17:00-19:00,0,0,1
อโศกมนตรี,รัชดาภิเษก,07:00-09:00,0,0,3
อโศกมนตรี,รัชดาภิเษก,09:00-16:00,0,0,1
อโศกมนตรี,รัชดาภิเษก,09:00-17:00,0,0,2
อโศกมนตรี,รัชดาภิเษก,16:00-19:00,0,0,1
อโศกมนตรี,รัชดาภิเษก,17:00-19:00,0,0,2
อโศกมนตรี,สุขุมวิท,07:00-09:00,0,0,3
อโศกมนตรี,สุขุมวิท,09:00-16:00,0,0,1
อโศกมนตรี,สุขุมวิท,09:00-17:00,0,0,2
อโศกมนตรี,สุขุมวิท,16:00-19:00,0,0,1
อโศกมนตรี,สุขุมวิท,17:00-19:00,0,0,2
อโศกมนตรี,อโศก,07:00-09:00,0,0,2
อโศกมนตรี,อโศก,09:00-16:00,0,0,1
อโศกมนตรี,อโศก,09:00-17:00,0,0,1
อโศกมนตรี,อโศก,16:00-19:00,0,0,1
อโศกมนตรี,อโศก,17:00-19:00,0,0,1
อโศกมนตรี,อโศกมนตรี,07:00-09:00,0,0,1
อโศกมนตรี,อโศกมนตรี,09:00-17:00,0,0,1
อโศกมนตรี,อโศกมนตรี,17:00-19:00,0,0,1
อโศกเพชร,อโศก,07:00-09:00,1,1,2
อโศกเพชร,อโศก,09:00-16:00,1,1,1
อโศกเพชร,อโศก,09:00-17:00,0,0,1
อโศกเพชร,อโศก,16:00-19:00,1,1,1
อโศกเพชร,อโศก,17:00-19:00,0,0,1
อโศกเพชร,เพชรบุรี,07:00-09:00,1,1,2
อโศกเพชร,เพชรบุรี,09:00-16:00,1,1,1
อโศกเพชร,เพชรบุรี,09:00-17:00,0,0,1
อโศกเพชร,เพชรบุรี,16:00-19:00,1,1,1
อโศกเพชร,เพชรบุรี,17:00-19:00,0,0,1
อ่อนนุช,ซอยสุขุมวิท 77,07:00-09:00,1,0,0
อ่อนนุช,ซอยสุขุมวิท 77,09:00-16:00,1,0,0
อ่อนนุช,ซอยสุขุมวิท 77,16:00-19:00,1,0,0
อ่อนนุช,ซอยส่วนบุคคล,07:00-09:00,1,0,0
อ่อนนุช,ซอยส่วนบุคคล,09:00-16:00,1,0,0
อ่อนนุช,ซอยส่วนบุคคล,16:00-19:00,1,0,0
อ่อนนุช,สุขุมวิท,07:00-09:00,1,0,3
อ่อนนุช,สุขุมวิท,09:00-16:00,1,0,1
อ่อนนุช,สุขุมวิท,09:00-17:00,0,0,2
อ่อนนุช,สุขุมวิท,16:00-19:00,1,0,1
อ่อนนุช,สุขุมวิท,17:00-19:00,0,0,2
อ่อนนุช,สุขุมวิท 48/3,07:00-09:00,0,0,1
อ่อนนุช,สุขุมวิท 48/3,09:00-17:00,0,0,1
อ่อนนุช,สุขุมวิท 48/3,17:00-19:00,0,0,1
อ่อนนุช,สุขุมวิท 77,07:00-09:00,0,0,3
อ่อนนุช,สุขุมวิท 77,09:00-16:00,0,0,1
อ่อนนุช,สุขุมวิท 77,09:00-17:00,0,0,2
อ่อนนุช,สุขุมวิท 77,16:00-19:00,0,0,1
อ่อนนุช,สุขุมวิท 77,17:00-19:00,0,0,2
อ่อนนุช,ส่วนบุคคล,07:00-09:00,0,0,2
อ่อนนุช,ส่วนบุคคล,09:00-16:00,0,0,1
อ่อนนุช,ส่วนบุคคล,09:00-17:00,0,0,1
อ่อนนุช,ส่วนบุคคล,16:00-19:00,0,0,1
อ่อนนุช,ส่วนบุคคล,17:00-19:00,0,0,1
อ่อนนุช - กิ่งแก้ว,กิ่งแก้ว,07:00-09:00,0,1,1
อ่อนนุช - กิ่งแก้ว,กิ่งแก้ว,09:00-16:00,0,1,0
อ่อนนุช - กิ่งแก้ว,กิ่งแก้ว,09:00-17:00,0,0,1
อ่อนนุช - กิ่งแก้ว,กิ่งแก้ว,16:00-19:00,0,1,0
อ่อนนุช - กิ่งแก้ว,กิ่งแก้ว,17:00-19:00,0,0,1
อ่อนนุช - กิ่งแก้ว,อ่อนนุช,07:00-09:00,0,1,1
อ่อนนุช - กิ่งแก้ว,อ่อนนุช,09:00-16:00,0,1,0
อ่อนนุช - กิ่งแก้ว,อ่อนนุช,09:00-17:00,0,0,1
อ่อนนุช - กิ่งแก้ว,อ่อนนุช,16:00-19:00,0,1,0
อ่อนนุช - กิ่งแก้ว,อ่อนนุช,17:00-19:00,0,0,1
อ่อนนุช - อ่อนนุช10 - อ่อนนุช 17,อ่อนนุช,07:00-09:00,0,1,0
อ่อนนุช - อ่อนนุช10 - อ่อนนุช 17,อ่อนนุช,09:00-16:00,0,1,0
อ่อนนุช - อ่อนนุช10 - อ่อนนุช 17,อ่อนนุช,16:00-19:00,0,1,0
อ่อนนุช - อ่อนนุช10 - อ่อนนุช 17,อ่อนนุช 10,07:00-09:00,0,1,0
อ่อนนุช - อ่อนนุช10 - อ่อนนุช 17,อ่อนนุช 10,09:00-16:00,0,1,0
อ่อนนุช - อ่อนนุช10 - อ่อนนุช 17,อ่อนนุช 10,16:00-19:00,0,1,0
อ่อนนุช - อ่อนนุช10 - อ่อนนุช 17,อ่อนนุช 17,07:00-09:00,0,1,0
อ่อนนุช - อ่อนนุช10 - อ่อนนุช 17,อ่อนนุช 17,09:00-16:00,0,1,0
อ่อนนุช - อ่อนนุช10 - อ่อนนุช 17,อ่อนนุช 17,16:00-19:00,0,1,0
อ่อนนุช 17,ซอยอ่อนนุช 10,06:30-09:00,1,0,0
อ่อนนุช 17,ซอยอ่อนนุช 10,09:00-16:00,1,0,0
อ่อนนุช 17,ซอยอ่อนนุช 10,16:00-19:30,1,0,0
อ่อนนุช 17,ซอยอ่อนนุช 17,06:30-09:00,1,0,0
อ่อนนุช 17,ซอยอ่อนนุช 17,09:00-16:00,1,0,0
อ่อนนุช 17,ซอยอ่อนนุช 17,16:00-19:30,1,0,0
อ่อนนุช 17,อ่อนนุช,07:00-09:00,1,0,0
อ่อนนุช 17,อ่อนนุช,09:00-16:00,1,0,0
อ่อนนุช 17,อ่อนนุช,16:00-19:00,1,0,0
อ่อนนุช 17 แยก 18,อ่อนนุช 17,07:00-09:00,0,0,1
อ่อนนุช 17 แยก 18,อ่อนนุช 17,09:00-17:00,0,0,1
อ่อนนุช 17 แยก 18,อ่อนนุช 17,17:00-19:00,0,0,1
อ่อนนุช 37/1,อ่อนนุช,07:00-09:00,0,0,1
อ่อนนุช 37/1,อ่อนนุช,09:00-17:00,0,0,1
อ่อนนุช 37/1,อ่อนนุช,17:00-19:00,0,0,1
อ่อนนุช 44,อ่อนนุช,07:00-09:00,0,0,1
อ่อนนุช 44,อ่อนนุช,09:00-17:00,0,0,1
อ่อนนุช 44,อ่อนนุช,17:00-19:00,0,0,1
อ่อนนุช 44,อ่อนนุช 33,07:00-09:00,0,0,1
อ่อนนุช 44,อ่อนนุช 33,09:00-17:00,0,0,1
อ่อนนุช 44,อ่อนนุช 33,17:00-19:00,0,0,1
อ่อนนุช 44,อ่อนนุช 44,07:00-09:00,0,0,1
อ่อนนุช 44,อ่อนนุช 44,09:00-17:00,0,0,1
อ่อนนุช 44,อ่อนนุช 44,17:00-19:00,0,0,1
อ่อนนุช 46,อ่อนนุช,07:00-09:00,0,0,1
อ่อนนุช 46,อ่อนนุช,09:00-17:00,0,0,1
อ่อนนุช 46,อ่อนนุช,17:00-19:00,0,0,1
อ่อนนุช 46,อ่อนนุช 46,07:00-09:00,0,0,1
อ่อนนุช 46,อ่อนนุช 46,09:00-17:00,0,0,1
อ่อนนุช 46,อ่อนนุช 46,17:00-19:00,0,0,1
อ่อนนุช 59/1,อ่อนนุช,07:00-09:00,0,0,1
อ่อนนุช 59/1,อ่อนนุช,09:00-17:00,0,0,1
อ่อนนุช 59/1,อ่อนนุช,17:00-19:00,0,0,1
อ่อนนุช 65,อ่อนนุช,07:00-09:00,0,0,1
อ่อนนุช 65,อ่อนนุช,09:00-17:00,0,0,1
อ่อนนุช 65,อ่อนนุช,17:00-19:00,0,0,1
อ่อนนุช 65,อ่อนนุช 65,07:00-09:00,0,0,1
อ่อนนุช 65,อ่อนนุช 65,09:00-17:00,0,0,1
อ่อนนุช 65,อ่อนนุช 65,17:00-19:00,0,0,1
อ่อนนุช 70 /1,ซอยอ่อนนุช 70/1,07:00-09:00,1,0,0
อ่อนนุช 70 /1,ซอยอ่อนนุช 70/1,09:00-16:00,1,0,0
อ่อนนุช 70 /1,ซอยอ่อนนุช 70/1,16:00-19:00,1,0,0
อ่อนนุช 70 /1,อ่อนนุช,07:00-09:00,1,0,0
อ่อนนุช 70 /1,อ่อนนุช,09:00-16:00,1,0,0
อ่อนนุช 70 /1,อ่อนนุช,16:00-19:00,1,0,0
อ่อนนุช 86,ซอยอ่อนนุช 86,07:00-09:00,1,0,0
อ่อนนุช 86,ซอยอ่อนนุช 86,09:00-16:00,1,0,0
อ่อนนุช 86,ซอยอ่อนนุช 86,16:00-19:00,1,0,0
อ่อนนุช 86,อ่อนนุช,07:00-09:00,1,0,0
อ่อนนุช 86,อ่อนนุช,09:00-16:00,1,0,0
อ่อนนุช 86,อ่อนนุช,16:00-19:00,1,0,0
อ่อนนุช 86(ทางเข้าโรงขยะอ่อนช),ซ.อ่อนนุช 86,07:00-09:00,1,0,0
อ่อนนุช 86(ทางเข้าโรงขยะอ่อนช),ซ.อ่อนนุช 86,09:00-16:00,1,0,0
อ่อนนุช 86(ทางเข้าโรงขยะอ่อนช),ซ.อ่อนนุช 86,16:00-19:00,1,0,0
อ่อนนุช 86(ทางเข้าโรงขยะอ่อนช),อ่อนนุช,07:00-09:00,1,0,0
อ่อนนุช 86(ทางเข้าโรงขยะอ่อนช),อ่อนนุช,09:00-16:00,1,0,0
อ่อนนุช 86(ทางเข้าโรงขยะอ่อนช),อ่อนนุช,16:00-19:00,1,0,0
เกตุนุช,ซ.ลาดพร้าว 64,07:00-09:00,1,0,0
เกตุนุช,ซ.ลาดพร้าว 64,09:00-16:00,1,0,0
เกตุนุช,ซ.ลาดพร้าว 64,16:00-19:00,1,0,0
เกตุนุช,ซอยลาดพร้าว 64,07:00-09:00,1,0,0
เกตุนุช,ซอยลาดพร้าว 64,09:00-16:00,1,0,0
เกตุนุช,ซอยลาดพร้าว 64,16:00-19:00,1,0,0
เกตุนุช,ลาดพร้าว,07:00-09:00,2,0,2
เกตุนุช,ลาดพร้าว,09:00-16:00,2,0,0
เกตุนุช,ลาดพร้าว,09:00-17:00,0,0,2
เกตุนุช,ลาดพร้าว,16:00-19:00,2,0,0
เกตุนุช,ลาดพร้าว,17:00-19:00,0,0,2
เกตุนุช,ลาดพร้าว 64,07:00-09:00,0,0,2
เกตุนุช,ลาดพร้าว 64,09:00-17:00,0,0,2
เกตุนุช,ลาดพร้าว 64,17:00-19:00,0,0,2
เกษตร,งามวงศ์วาน,07:00-09:00,1,1,2
เกษตร,งามวงศ์วาน,09:00-16:00,1,1,0
เกษตร,งามวงศ์วาน,09:00-17:00,0,0,2
เกษตร,งามวงศ์วาน,16:00-19:00,1,1,0
เกษตร,งามวงศ์วาน,17:00-19:00,0,0,2
เกษตร,ประเสริฐมนูกิจ,07:00-09:00,0,1,2
เกษตร,ประเสริฐมนูกิจ,09:00-16:00,0,1,0
เกษตร,ประเสริฐมนูกิจ,09:00-17:00,0,0,2
เกษตร,ประเสริฐมนูกิจ,16:00-19:00,0,1,0
เกษตร,ประเสริฐมนูกิจ,17:00-19:00,0,0,2
เกษตร,พหลโยธิน,07:00-09:00,1,1,2
เกษตร,พหลโยธิน,09:00-16:00,1,1,0
เกษตร,พหลโยธิน,09:00-17:00,0,0,2
เกษตร,พหลโยธิน,16:00-19:00,1,1,0
เกษตร,พหลโยธิน,17:00-19:00,0,0,2
เกษตร,เกษตรนวมินทร์,06:30-09:00,1,0,0
เกษตร,เกษตรนวมินทร์,09:00-16:00,1,0,0
เกษตร,เกษตรนวมินทร์,16:00-19:30,1,0,0
เกษมราษฎร์,ซ.อารีย์,07:00-09:00,1,0,0
เกษมราษฎร์,ซ.อารีย์,09:00-16:00,1,0,0
เกษมราษฎร์,ซ.อารีย์,16:00-19:00,1,0,0
เกษมราษฎร์,ซอยอารีย์,06:30-09:00,1,0,0
เกษมราษฎร์,ซอยอารีย์,07:00-09:00,0,1,0
เกษมราษฎร์,ซอยอารีย์,09:00-16:00,1,1,0
เกษมราษฎร์,ซอยอารีย์,16:00-19:00,0,1,0
เกษมราษฎร์,ซอยอารีย์,16:00-19:30,1,0,0
เกษมราษฎร์,พระรามที่ 4,07:00-09:00,2,1,4
เกษมราษฎร์,พระรามที่ 4,09:00-16:00,2,1,1
เกษมราษฎร์,พระรามที่ 4,09:00-17:00,0,0,3
เกษมราษฎร์,พระรามที่ 4,16:00-19:00,2,1,1
เกษมราษฎร์,พระรามที่ 4,17:00-19:00,0,0,3
เกษมราษฎร์,อารีย์,07:00-09:00,0,0,1
เกษมราษฎร์,อารีย์,09:00-16:00,0,0,1
เกษมราษฎร์,อารีย์,16:00-19:00,0,0,1
เกษมราษฎร์,เกษมราษฎร์,06:30-09:00,1,0,0
เกษมราษฎร์,เกษมราษฎร์,07:00-09:00,1,1,4
เกษมราษฎร์,เกษมราษฎร์,09:00-16:00,2,1,1
เกษมราษฎร์,เกษมราษฎร์,09:00-17:00,0,0,3
เกษมราษฎร์,เกษมราษฎร์,16:00-19:00,1,1,1
เกษมราษฎร์,เกษมราษฎร์,16:00-19:30,1,0,0
เกษมราษฎร์,เกษมราษฎร์,17:00-19:00,0,0,3
เกษะโกมล,พระรามที่ 5,07:00-09:00,2,1,2
เกษะโกมล,พระรามที่ 5,09:00-16:00,2,1,1
เกษะโกมล,พระรามที่ 5,09:00-17:00,0,0,1
เกษะโกมล,พระรามที่ 5,16:00-19:00,2,1,1
เกษะโกมล,พระรามที่ 5,17:00-19:00,0,0,1
เกษะโกมล,อำนวยสงคราม,07:00-09:00,2,1,2
เกษะโกมล,อำนวยสงคราม,09:00-16:00,2,1,1
เกษะโกมล,อำนวยสงคราม,09:00-17:00,0,0,1
เกษะโกมล,อำนวยสงคราม,16:00-19:00,2,1,1
เกษะโกมล,อำนวยสงคราม,17:00-19:00,0,0,1
เกษะโกมล,เศรษฐศิริ,07:00-09:00,2,1,2
เกษะโกมล,เศรษฐศิริ,09:00-16:00,2,1,1
เกษะโกมล,เศรษฐศิริ,09:00-17:00,0,0,1
เกษะโกมล,เศรษฐศิริ,16:00-19:00,2,1,1
เกษะโกมล,เศรษฐศิริ,17:00-19:00,0,0,1
เกียกกาย,ทหาร,07:00-09:00,1,2,2
เกียกกาย,ทหาร,09:00-16:00,1,2,0
เกียกกาย,ทหาร,09:00-17:00,0,0,2
เกียกกาย,ทหาร,16:00-19:00,1,2,0
เกียกกาย,ทหาร,17:00-19:00,0,0,2
เกียกกาย,ประชาราษฎร์สาย 1,07:00-09:00,1,2,2
เกียกกาย,ประชาราษฎร์สาย 1,09:00-16:00,1,2,0
เกียกกาย,ประชาราษฎร์สาย 1,09:00-17:00,0,0,2
เกียกกาย,ประชาราษฎร์สาย 1,16:00-19:00,1,2,0
เกียกกาย,ประชาราษฎร์สาย 1,17:00-19:00,0,0,2
เกียกกาย,สามเสน,07:00-09:00,1,2,2
เกียกกาย,สามเสน,09:00-16:00,1,2,0
เกียกกาย,สามเสน,09:00-17:00,0,0,2
เกียกกาย,สามเสน,16:00-19:00,1,2,0
เกียกกาย,สามเสน,17:00-19:00,0,0,2
เข้าออกกำนันแม้น,เอกชัย 36,07:00-09:00,0,0,1
เข้าออกกำนันแม้น,เอกชัย 36,09:00-17:00,0,0,1
เข้าออกกำนันแม้น,เอกชัย 36 (กำนันแม้น),17:00-19:00,0,0,1
เคหะร่มเกล่า - ซ.เคดหะร่มเกล้า 6,ซอยเคหะร่มเกล้า 6 แยก 6,07:00-09:00,1,0,0
เคหะร่มเกล่า - ซ.เคดหะร่มเกล้า 6,ซอยเคหะร่มเกล้า 6 แยก 6,09:00-16:00,1,0,0
เคหะร่มเกล่า - ซ.เคดหะร่มเกล้า 6,ซอยเคหะร่มเกล้า 6 แยก 6,16:00-19:00,1,0,0
เคหะร่มเกล่า - ซ.เคดหะร่มเกล้า 6,เคหะร่มเกล้า,06:30-09:00,1,0,0
เคหะร่มเกล่า - ซ.เคดหะร่มเกล้า 6,เคหะร่มเกล้า,09:00-16:00,1,0,0
เคหะร่มเกล่า - ซ.เคดหะร่มเกล้า 6,เคหะร่มเกล้า,16:00-19:30,1,0,0
เจริญกรุง,เจริญกรุง,07:00-09:00,0,0,2
เจริญกรุง,เจริญกรุง,09:00-16:00,0,0,2
เจริญกรุง,เจริญกรุง,16:00-19:00,0,0,2
เจริญกรุง -สุรวงศ์,สุรวงศ์,07:00-09:00,1,0,0
เจริญกรุง -สุรวงศ์,สุรวงศ์,09:00-16:00,1,0,0
เจริญกรุง -สุรวงศ์,สุรวงศ์,16:00-19:00,1,0,0
เจริญกรุง -สุรวงศ์,เจริญกรุง,07:00-09:00,1,0,0
เจริญกรุง -สุรวงศ์,เจริญกรุง,09:00-16:00,1,0,0
เจริญกรุง -สุรวงศ์,เจริญกรุง,16:00-19:00,1,0,0
เจริญกรุง 57,เจริญกรุง,07:00-09:00,1,0,0
เจริญกรุง 57,เจริญกรุง,09:00-16:00,1,0,0
เจริญกรุง 57,เจริญกรุง,16:00-19:00,1,0,0
เจริญกรุง 57,เจริญกรุง 57,07:00-09:00,1,0,0
เจริญกรุง 57,เจริญกรุง 57,09:00-16:00,1,0,0
เจริญกรุง 57,เจริญกรุง 57,16:00-19:00,1,0,0
เจริญกรุง 95,เจริญกรุง,07:00-09:00,0,0,1
เจริญกรุง 95,เจริญกรุง,09:00-17:00,0,0,1
เจริญกรุง 95,เจริญกรุง,17:00-19:00,0,0,1
เจริญนคร 28,เจริญนคร,07:00-09:00,0,0,1
เจริญนคร 28,เจริญนคร,09:00-17:00,0,0,1
เจริญนคร 28,เจริญนคร,17:00-19:00,0,0,1
เจริญนคร 28,เจริญนคร 28,07:00-09:00,0,0,1
เจริญนคร 28,เจริญนคร 28,09:00-17:00,0,0,1
เจริญนคร 28,เจริญนคร 28,17:00-19:00,0,0,1
เจริญนคร 46,เจริญนคร,07:00-09:00,0,1,0
เจริญนคร 46,เจริญนคร,09:00-16:00,0,1,0
เจริญนคร 46,เจริญนคร,16:00-19:00,0,1,0
เจริญนครเหนือ,กรุงธนบุรี,07:00-09:00,2,1,0
เจริญนครเหนือ,กรุงธนบุรี,09:00-16:00,2,1,0
เจริญนครเหนือ,กรุงธนบุรี,16:00-19:00,2,1,0
เจริญนครเหนือ,เจริญนคร,07:00-09:00,1,1,0
เจริญนครเหนือ,เจริญนคร,09:00-16:00,1,1,0
เจริญนครเหนือ,เจริญนคร,16:00-19:00,1,1,0
เจริญนครเหนือ,เจริญนครเหนือ,07:00-09:00,1,0,0
เจริญนครเหนือ,เจริญนครเหนือ,09:00-16:00,1,0,0
เจริญนครเหนือ,เจริญนครเหนือ,16:00-19:00,1,0,0
เจริญนครใต้,กรุงธนบุรี,07:00-09:00,2,1,1
เจริญนครใต้,กรุงธนบุรี,09:00-16:00,2,1,0
เจริญนครใต้,กรุงธนบุรี,09:00-17:00,0,0,1
เจริญนครใต้,กรุงธนบุรี,16:00-19:00,2,1,0
เจริญนครใต้,กรุงธนบุรี,17:00-19:00,0,0,1
เจริญนครใต้,เจริญนคร,07:00-09:00,2,1,1
เจริญนครใต้,เจริญนคร,09:00-16:00,2,1,0
เจริญนครใต้,เจริญนคร,09:00-17:00,0,0,1
เจริญนครใต้,เจริญนคร,16:00-19:00,2,1,0
เจริญนครใต้,เจริญนคร,17:00-19:00,0,0,1
เจริญผล,บรรทัดทอง,07:00-09:00,1,2,1
เจริญผล,บรรทัดทอง,09:00-16:00,1,2,0
เจริญผล,บรรทัดทอง,09:00-17:00,0,0,1
เจริญผล,บรรทัดทอง,16:00-19:00,1,2,0
เจริญผล,บรรทัดทอง,17:00-19:00,0,0,1
เจริญผล,พระรามที่ 1,07:00-09:00,1,2,1
เจริญผล,พระรามที่ 1,09:00-16:00,1,2,0
เจริญผล,พระรามที่ 1,09:00-17:00,0,0,1
เจริญผล,พระรามที่ 1,16:00-19:00,1,2,0
เจริญผล,พระรามที่ 1,17:00-19:00,0,0,1
เจริญพัฒนา -สุเหร่าคลองหนึ่งที่15,สุเหร่าคลองหนึ่ง,07:00-09:00,1,0,0
เจริญพัฒนา -สุเหร่าคลองหนึ่งที่15,สุเหร่าคลองหนึ่ง,09:00-16:00,1,0,0
เจริญพัฒนา -สุเหร่าคลองหนึ่งที่15,สุเหร่าคลองหนึ่ง,16:00-19:00,1,0,0
เจริญพัฒนา -สุเหร่าคลองหนึ่งที่15,สุเหร่าคลองหนึ่งที่15,07:00-09:00,1,0,0
เจริญพัฒนา -สุเหร่าคลองหนึ่งที่15,สุเหร่าคลองหนึ่งที่15,09:00-16:00,1,0,0
เจริญพัฒนา -สุเหร่าคลองหนึ่งที่15,สุเหร่าคลองหนึ่งที่15,16:00-19:00,1,0,0
เจริญพัฒนา -สุเหร่าคลองหนึ่งที่15,เจริญพัฒนา,07:00-09:00,1,0,0
เจริญพัฒนา -สุเหร่าคลองหนึ่งที่15,เจริญพัฒนา,09:00-16:00,1,0,0
เจริญพัฒนา -สุเหร่าคลองหนึ่งที่15,เจริญพัฒนา,16:00-19:00,1,0,0
เจริญรัก,เจริญนคร,07:00-09:00,0,1,1
เจริญรัก,เจริญนคร,09:00-16:00,0,1,0
เจริญรัก,เจริญนคร,09:00-17:00,0,0,1
เจริญรัก,เจริญนคร,16:00-19:00,0,1,0
เจริญรัก,เจริญนคร,17:00-19:00,0,0,1
เจริญรัก,เจริญรัก,07:00-09:00,0,1,1
เจริญรัก,เจริญรัก,09:00-16:00,0,1,0
เจริญรัก,เจริญรัก,09:00-17:00,0,0,1
เจริญรัก,เจริญรัก,16:00-19:00,0,1,0
เจริญรัก,เจริญรัก,17:00-19:00,0,0,1
เจริญราษฎร์,พระรามที่ 3,07:00-09:00,2,0,4
เจริญราษฎร์,พระรามที่ 3,09:00-16:00,2,0,1
เจริญราษฎร์,พระรามที่ 3,09:00-17:00,0,0,3
เจริญราษฎร์,พระรามที่ 3,16:00-19:00,2,0,1
เจริญราษฎร์,พระรามที่ 3,17:00-19:00,0,0,3
เจริญราษฎร์,พระรามที่3,07:00-09:00,0,1,0
เจริญราษฎร์,พระรามที่3,09:00-16:00,0,1,0
เจริญราษฎร์,พระรามที่3,16:00-19:00,0,1,0
เจริญราษฎร์,เจริญราษฎร์,07:00-09:00,2,1,4
เจริญราษฎร์,เจริญราษฎร์,09:00-16:00,2,1,1
เจริญราษฎร์,เจริญราษฎร์,09:00-17:00,0,0,3
เจริญราษฎร์,เจริญราษฎร์,16:00-19:00,2,1,1
เจริญราษฎร์,เจริญราษฎร์,17:00-19:00,0,0,3
เจริญใจ,เอกมัย,07:00-09:00,0,0,3
เจริญใจ,เอกมัย,09:00-17:00,0,0,3
เจริญใจ,เอกมัย,17:00-19:00,0,0,3
เจริญใจ,เอกมัย 12,07:00-09:00,0,0,3
เจริญใจ,เอกมัย 12,09:00-17:00,0,0,3
เจริญใจ,เอกมัย 12,17:00-19:00,0,0,3
เจริญใจ,เอกมัย 5,07:00-09:00,0,0,3
เจริญใจ,เอกมัย 5,09:00-17:00,0,0,3
เจริญใจ,เอกมัย 5,17:00-19:00,0,0,3
เจ้าคุณทหาร - คุ้มเกล้า,คุ้มเกล้า,07:00-09:00,1,1,0
เจ้าคุณทหาร - คุ้มเกล้า,คุ้มเกล้า,09:00-16:00,1,1,0
เจ้าคุณทหาร - คุ้มเกล้า,คุ้มเกล้า,16:00-19:00,1,1,0
เจ้าคุณทหาร - คุ้มเกล้า,ม บ คุมเกลา,07:00-09:00,1,0,0
เจ้าคุณทหาร - คุ้มเกล้า,ม บ คุมเกลา,09:00-16:00,1,0,0
เจ้าคุณทหาร - คุ้มเกล้า,ม บ คุมเกลา,16:00-19:00,1,0,0
เจ้าคุณทหาร - คุ้มเกล้า,เจ้าคุณทหาร,07:00-09:00,2,0,0
เจ้าคุณทหาร - คุ้มเกล้า,เจ้าคุณทหาร,09:00-16:00,2,0,0
เจ้าคุณทหาร - คุ้มเกล้า,เจ้าคุณทหาร,16:00-19:00,2,0,0
เจ้าคุณทหาร - คุ้มเกล้า,เจ้าคุณทหารลาดกระบัง,07:00-09:00,0,1,0
เจ้าคุณทหาร - คุ้มเกล้า,เจ้าคุณทหารลาดกระบัง,09:00-16:00,0,1,0
เจ้าคุณทหาร - คุ้มเกล้า,เจ้าคุณทหารลาดกระบัง,16:00-19:00,0,1,0
เจ้าคุณทหาร - ฉลองกรุง,ฉลองกรุง,07:00-09:00,1,1,2
เจ้าคุณทหาร - ฉลองกรุง,ฉลองกรุง,09:00-16:00,1,1,1
เจ้าคุณทหาร - ฉลองกรุง,ฉลองกรุง,09:00-17:00,0,0,1
เจ้าคุณทหาร - ฉลองกรุง,ฉลองกรุง,16:00-19:00,1,1,1
เจ้าคุณทหาร - ฉลองกรุง,ฉลองกรุง,17:00-19:00,0,0,1
เจ้าคุณทหาร - ฉลองกรุง,เจ้าคุณทหาร,07:00-09:00,1,1,2
เจ้าคุณทหาร - ฉลองกรุง,เจ้าคุณทหาร,09:00-16:00,1,1,1
เจ้าคุณทหาร - ฉลองกรุง,เจ้าคุณทหาร,09:00-17:00,0,0,1
เจ้าคุณทหาร - ฉลองกรุง,เจ้าคุณทหาร,16:00-19:00,1,1,1
เจ้าคุณทหาร - ฉลองกรุง,เจ้าคุณทหาร,17:00-19:00,0,0,1
เจ้าคุณหทาร - ฉลองกรุง,ฉลองกรุง,07:00-09:00,0,0,1
เจ้าคุณหทาร - ฉลองกรุง,ฉลองกรุง,09:00-17:00,0,0,1
เจ้าคุณหทาร - ฉลองกรุง,ฉลองกรุง,17:00-19:00,0,0,1
เจ้าคุณหทาร - ฉลองกรุง,เจ้าคุณทหาร,07:00-09:00,0,0,1
เจ้าคุณหทาร - ฉลองกรุง,เจ้าคุณทหาร,09:00-17:00,0,0,1
เจ้าคุณหทาร - ฉลองกรุง,เจ้าคุณทหาร,17:00-19:00,0,0,1
เฉลิมกรุง,ตรีทอง,07:00-09:00,0,1,0
เฉลิมกรุง,ตรีทอง,09:00-16:00,0,1,0
เฉลิมกรุง,ตรีทอง,16:00-19:00,0,1,0
เฉลิมกรุง,ตรีเพขร,07:00-09:00,0,0,1
เฉลิมกรุง,ตรีเพขร,09:00-16:00,0,0,1
เฉลิมกรุง,ตรีเพขร,16:00-19:00,0,0,1
เฉลิมกรุง,ตรีเพชร,07:00-09:00,1,1,2
เฉลิมกรุง,ตรีเพชร,09:00-16:00,1,1,0
เฉลิมกรุง,ตรีเพชร,09:00-17:00,0,0,2
เฉลิมกรุง,ตรีเพชร,16:00-19:00,1,1,0
เฉลิมกรุง,ตรีเพชร,17:00-19:00,0,0,2
เฉลิมกรุง,ตีทอง,07:00-09:00,0,0,3
เฉลิมกรุง,ตีทอง,09:00-16:00,0,0,1
เฉลิมกรุง,ตีทอง,09:00-17:00,0,0,2
เฉลิมกรุง,ตีทอง,16:00-19:00,0,0,1
เฉลิมกรุง,ตีทอง,17:00-19:00,0,0,2
เฉลิมกรุง,ตุทอง,07:00-09:00,1,0,0
เฉลิมกรุง,ตุทอง,09:00-16:00,1,0,0
เฉลิมกรุง,ตุทอง,16:00-19:00,1,0,0
เฉลิมกรุง,เจริญกรุง,07:00-09:00,1,1,3
เฉลิมกรุง,เจริญกรุง,09:00-16:00,1,1,1
เฉลิมกรุง,เจริญกรุง,09:00-17:00,0,0,2
เฉลิมกรุง,เจริญกรุง,16:00-19:00,1,1,1
เฉลิมกรุง,เจริญกรุง,17:00-19:00,0,0,2
เฉลิมบุรี,ทรงสวัสดิ์,07:00-09:00,0,1,1
เฉลิมบุรี,ทรงสวัสดิ์,09:00-16:00,0,1,0
เฉลิมบุรี,ทรงสวัสดิ์,09:00-17:00,0,0,1
เฉลิมบุรี,ทรงสวัสดิ์,16:00-19:00,0,1,0
เฉลิมบุรี,ทรงสวัสดิ์,17:00-19:00,0,0,1
เฉลิมบุรี,เยาวราช,07:00-09:00,0,1,1
เฉลิมบุรี,เยาวราช,09:00-16:00,0,1,0
เฉลิมบุรี,เยาวราช,09:00-17:00,0,0,1
เฉลิมบุรี,เยาวราช,16:00-19:00,0,1,0
เฉลิมบุรี,เยาวราช,17:00-19:00,0,0,1
เฉลิมพระเกรียรติ ร.9 ซ.67,เฉลิมพระเกรียรติ ร.9,07:00-09:00,0,0,1
เฉลิมพระเกรียรติ ร.9 ซ.67,เฉลิมพระเกรียรติ ร.9,09:00-17:00,0,0,1
เฉลิมพระเกรียรติ ร.9 ซ.67,เฉลิมพระเกรียรติ ร.9,17:00-19:00,0,0,1
เฉลิมพระเกรียรติ ร.9 ซ.67,เฉลิมพระเกรียรติ ร.9 ซ.67,07:00-09:00,0,0,1
เฉลิมพระเกรียรติ ร.9 ซ.67,เฉลิมพระเกรียรติ ร.9 ซ.67,09:00-17:00,0,0,1
เฉลิมพระเกรียรติ ร.9 ซ.67,เฉลิมพระเกรียรติ ร.9 ซ.67,17:00-19:00,0,0,1
เฉลิมพระเกียรติ ร.9 ซ.62 แยก 2,ฉลิมพระเกียรติ ร.9 ซ.62 แยก,07:00-09:00,1,0,0
เฉลิมพระเกียรติ ร.9 ซ.62 แยก 2,ฉลิมพระเกียรติ ร.9 ซ.62 แยก,09:00-16:00,1,0,0
เฉลิมพระเกียรติ ร.9 ซ.62 แยก 2,ฉลิมพระเกียรติ ร.9 ซ.62 แยก,16:00-19:00,1,0,0
เฉลิมพระเกียรติ ร.9 ซ.62 แยก 2,เฉลิมพระเกียรติ ร.9 ซ.62,07:00-09:00,1,0,0
เฉลิมพระเกียรติ ร.9 ซ.62 แยก 2,เฉลิมพระเกียรติ ร.9 ซ.62,09:00-16:00,1,0,0
เฉลิมพระเกียรติ ร.9 ซ.62 แยก 2,เฉลิมพระเกียรติ ร.9 ซ.62,16:00-19:00,1,0,0
เฉลิมพระเกียรติ ร.9 ซ.65,เฉลิมพระเกียรติ ร.9,07:00-09:00,1,0,0
เฉลิมพระเกียรติ ร.9 ซ.65,เฉลิมพระเกียรติ ร.9,09:00-16:00,1,0,0
เฉลิมพระเกียรติ ร.9 ซ.65,เฉลิมพระเกียรติ ร.9,16:00-19:00,1,0,0
เฉลิมพระเกียรติ ร.9 ซอย 43,เฉลิมพระเกียรติ,07:00-09:00,1,0,0
เฉลิมพระเกียรติ ร.9 ซอย 43,เฉลิมพระเกียรติ,09:00-16:00,1,0,0
เฉลิมพระเกียรติ ร.9 ซอย 43,เฉลิมพระเกียรติ,16:00-19:00,1,0,0
เฉลิมพระเกียรติร 9ซอย 23,เฉลิมพระเกียรติ ร.9,07:00-09:00,1,0,0
เฉลิมพระเกียรติร 9ซอย 23,เฉลิมพระเกียรติ ร.9,09:00-16:00,1,0,0
เฉลิมพระเกียรติร 9ซอย 23,เฉลิมพระเกียรติ ร.9,16:00-19:00,1,0,0
เฉลิมเผ่า,พระรามทิ่ 1,07:00-09:00,0,0,1
เฉลิมเผ่า,พระรามทิ่ 1,09:00-16:00,0,0,1
เฉลิมเผ่า,พระรามทิ่ 1,16:00-19:00,0,0,1
เฉลิมเผ่า,พระรามที่ 1,06:30-09:00,1,0,0
เฉลิมเผ่า,พระรามที่ 1,07:00-09:00,1,1,1
เฉลิมเผ่า,พระรามที่ 1,09:00-16:00,2,1,0
เฉลิมเผ่า,พระรามที่ 1,09:00-17:00,0,0,1
เฉลิมเผ่า,พระรามที่ 1,16:00-19:00,1,1,0
เฉลิมเผ่า,พระรามที่ 1,16:00-19:30,1,0,0
เฉลิมเผ่า,พระรามที่ 1,17:00-19:00,0,0,1
เฉลิมเผ่า,อังรีดูนังต์,06:30-09:00,1,0,0
เฉลิมเผ่า,อังรีดูนังต์,07:00-09:00,1,1,2
เฉลิมเผ่า,อังรีดูนังต์,09:00-16:00,2,1,1
เฉลิมเผ่า,อังรีดูนังต์,09:00-17:00,0,0,1
เฉลิมเผ่า,อังรีดูนังต์,16:00-19:00,1,1,1
เฉลิมเผ่า,อังรีดูนังต์,16:00-19:30,1,0,0
เฉลิมเผ่า,อังรีดูนังต์,17:00-19:00,0,0,1
เฉลิมไทย,ราชดำเนิน,07:00-09:00,0,1,0
เฉลิมไทย,ราชดำเนิน,09:00-16:00,0,1,0
เฉลิมไทย,ราชดำเนิน,16:00-19:00,0,1,0
เชิดวุฒากาศ -กำแพงเพชร 6,กำแพงเพชร 6,07:00-09:00,0,0,1
เชิดวุฒากาศ -กำแพงเพชร 6,กำแพงเพชร 6,09:00-17:00,0,0,1
เชิดวุฒากาศ -กำแพงเพชร 6,กำแพงเพชร 6,17:00-19:00,0,0,1
เชิดวุฒากาศ -กำแพงเพชร 6,เชิดวุฒากาศ,07:00-09:00,0,0,1
เชิดวุฒากาศ -กำแพงเพชร 6,เชิดวุฒากาศ,09:00-17:00,0,0,1
เชิดวุฒากาศ -กำแพงเพชร 6,เชิดวุฒากาศ,17:00-19:00,0,0,1
เชิดวุฒากาศ -กำแพงเพชร 6,เชิดวุฒากาศ - กำแพงเพชร 6,07:00-09:00,0,0,1
เชิดวุฒากาศ -กำแพงเพชร 6,เชิดวุฒากาศ - กำแพงเพชร 6,09:00-17:00,0,0,1
เชิดวุฒากาศ -กำแพงเพชร 6,เชิดวุฒากาศ - กำแพงเพชร 6,17:00-19:00,0,0,1
เชื่อมสัมพันธ์ - บุรีภิรมย์,บุรีภิรมย์,07:00-09:00,0,0,2
เชื่อมสัมพันธ์ - บุรีภิรมย์,บุรีภิรมย์,09:00-16:00,0,0,1
เชื่อมสัมพันธ์ - บุรีภิรมย์,บุรีภิรมย์,09:00-17:00,0,0,1
เชื่อมสัมพันธ์ - บุรีภิรมย์,บุรีภิรมย์,16:00-19:00,0,0,1
เชื่อมสัมพันธ์ - บุรีภิรมย์,บุรีภิรมย์,17:00-19:00,0,0,1
เชื่อมสัมพันธ์ - บุรีภิรมย์,เชื่อมสัมพันธ์,07:00-09:00,0,0,2
เชื่อมสัมพันธ์ - บุรีภิรมย์,เชื่อมสัมพันธ์,09:00-16:00,0,0,1
เชื่อมสัมพันธ์ - บุรีภิรมย์,เชื่อมสัมพันธ์,09:00-17:00,0,0,1
เชื่อมสัมพันธ์ - บุรีภิรมย์,เชื่อมสัมพันธ์,16:00-19:00,0,0,1
เชื่อมสัมพันธ์ - บุรีภิรมย์,เชื่อมสัมพันธ์,17:00-19:00,0,0,1
เชื่อมสัมพันธ์ - ลำไทร,ลำไทร,07:00-09:00,0,0,1
เชื่อมสัมพันธ์ - ลำไทร,ลำไทร,09:00-17:00,0,0,1
เชื่อมสัมพันธ์ - ลำไทร,ลำไทร,17:00-19:00,0,0,1
เชื่อมสัมพันธ์ - ลำไทร,เชื่อมสัมพันธ์,07:00-09:00,0,0,1
เชื่อมสัมพันธ์ - ลำไทร,เชื่อมสัมพันธ์,09:00-17:00,0,0,1
เชื่อมสัมพันธ์ - ลำไทร,เชื่อมสัมพันธ์,17:00-19:00,0,0,1
เชื่อมสัมพันธ์ - สกุลดี,สกุลดี,07:00-09:00,0,1,2
เชื่อมสัมพันธ์ - สกุลดี,สกุลดี,09:00-16:00,0,1,1
เชื่อมสัมพันธ์ - สกุลดี,สกุลดี,09:00-17:00,0,0,1
เชื่อมสัมพันธ์ - สกุลดี,สกุลดี,16:00-19:00,0,1,1
เชื่อมสัมพันธ์ - สกุลดี,สกุลดี,17:00-19:00,0,0,1
เชื่อมสัมพันธ์ - สกุลดี,เชื่อมสัมพันธ์,07:00-09:00,0,1,2
เชื่อมสัมพันธ์ - สกุลดี,เชื่อมสัมพันธ์,09:00-16:00,0,1,1
เชื่อมสัมพันธ์ - สกุลดี,เชื่อมสัมพันธ์,09:00-17:00,0,0,1
เชื่อมสัมพันธ์ - สกุลดี,เชื่อมสัมพันธ์,16:00-19:00,0,1,1
เชื่อมสัมพันธ์ - สกุลดี,เชื่อมสัมพันธ์,17:00-19:00,0,0,1
เชื่อมสัมพันธ์ - เลียบวารี,สังฆสันติสุข,07:00-09:00,0,1,0
เชื่อมสัมพันธ์ - เลียบวารี,สังฆสันติสุข,09:00-16:00,0,1,0
เชื่อมสัมพันธ์ - เลียบวารี,สังฆสันติสุข,16:00-19:00,0,1,0
เชื่อมสัมพันธ์ - เลียบวารี,เชื่อมสัมพันธ์,07:00-09:00,0,1,0
เชื่อมสัมพันธ์ - เลียบวารี,เชื่อมสัมพันธ์,09:00-16:00,0,1,0
เชื่อมสัมพันธ์ - เลียบวารี,เชื่อมสัมพันธ์,16:00-19:00,0,1,0
เชื่อมสัมพันธ์ - เลียบวารี,เลียบวารี,07:00-09:00,0,1,0
เชื่อมสัมพันธ์ - เลียบวารี,เลียบวารี,09:00-16:00,0,1,0
เชื่อมสัมพันธ์ - เลียบวารี,เลียบวารี,16:00-19:00,0,1,0
เดชะตุงคะ - นาวงประชาพัฒนา,นาวงประชาพัฒนา,07:00-09:00,0,1,0
เดชะตุงคะ - นาวงประชาพัฒนา,นาวงประชาพัฒนา,09:00-16:00,0,1,0
เดชะตุงคะ - นาวงประชาพัฒนา,นาวงประชาพัฒนา,16:00-19:00,0,1,0
เดชะตุงคะ - นาวงประชาพัฒนา,เดชะตุงคะ,07:00-09:00,0,1,0
เดชะตุงคะ - นาวงประชาพัฒนา,เดชะตุงคะ,09:00-16:00,0,1,0
เดชะตุงคะ - นาวงประชาพัฒนา,เดชะตุงคะ,16:00-19:00,0,1,0
เดอะมอลล์บางแค,กาญจนาภิเษก,07:00-09:00,0,0,1
เดอะมอลล์บางแค,กาญจนาภิเษก,09:00-17:00,0,0,1
เดอะมอลล์บางแค,กาญจนาภิเษก,17:00-19:00,0,0,1
เดอะมอลล์บางแค,เพชรเกษม,07:00-09:00,0,0,1
เดอะมอลล์บางแค,เพชรเกษม,09:00-17:00,0,0,1
เดอะมอลล์บางแค,เพชรเกษม,17:00-19:00,0,0,1
เดอะมอลล์บางแค,เพชรเกษม 47/2,07:00-09:00,0,0,1
เดอะมอลล์บางแค,เพชรเกษม 47/2,09:00-17:00,0,0,1
เดอะมอลล์บางแค,เพชรเกษม 47/2,17:00-19:00,0,0,1
เดโช,สีลม,07:00-09:00,1,2,1
เดโช,สีลม,09:00-16:00,1,2,1
เดโช,สีลม,16:00-19:00,1,2,1
เดโช,เดโช,07:00-09:00,1,2,1
เดโช,เดโช,09:00-16:00,1,2,1
เดโช,เดโช,16:00-19:00,1,2,1
เตาปูน,กรุงเทพ-นนทบุรี,07:00-09:00,0,1,0
เตาปูน,กรุงเทพ-นนทบุรี,09:00-16:00,0,1,0
เตาปูน,กรุงเทพ-นนทบุรี,16:00-19:00,0,1,0
เตาปูน,ซอยนำชัย,07:00-09:00,0,0,1
เตาปูน,ซอยนำชัย,09:00-17:00,0,0,1
เตาปูน,ซอยนำชัย,17:00-19:00,0,0,1
เตาปูน,ซอยน้ำชัย,07:00-09:00,0,2,0
เตาปูน,ซอยน้ำชัย,09:00-16:00,0,2,0
เตาปูน,ซอยน้ำชัย,16:00-19:00,0,2,0
เตาปูน,ประชาราษฎร์,07:00-09:00,2,1,2
เตาปูน,ประชาราษฎร์,09:00-16:00,2,1,0
เตาปูน,ประชาราษฎร์,09:00-17:00,0,0,2
เตาปูน,ประชาราษฎร์,16:00-19:00,2,1,0
เตาปูน,ประชาราษฎร์,17:00-19:00,0,0,2
เตาปูน,ประชาราษฎร์สาย 2,07:00-09:00,2,2,2
เตาปูน,ประชาราษฎร์สาย 2,09:00-16:00,2,2,0
เตาปูน,ประชาราษฎร์สาย 2,09:00-17:00,0,0,2
เตาปูน,ประชาราษฎร์สาย 2,16:00-19:00,2,2,0
เตาปูน,ประชาราษฎร์สาย 2,17:00-19:00,0,0,2
เทคนิคกรุงเทพ,นราธิวาสราชนครินทร์ 17,07:00-09:00,0,0,1
เทคนิคกรุงเทพ,นราธิวาสราชนครินทร์ 17,09:00-17:00,0,0,1
เทคนิคกรุงเทพ,นราธิวาสราชนครินทร์ 17,17:00-19:00,0,0,1
เทคนิคกรุงเทพ,นราธิวาสฯ17,07:00-09:00,0,0,1
เทคนิคกรุงเทพ,นราธิวาสฯ17,09:00-17:00,0,0,1
เทคนิคกรุงเทพ,นราธิวาสฯ17,17:00-19:00,0,0,1
เทคนิคกรุงเทพ,นางลิ้นจี่,07:00-09:00,0,0,2
เทคนิคกรุงเทพ,นางลิ้นจี่,09:00-17:00,0,0,2
เทคนิคกรุงเทพ,นางลิ้นจี่,17:00-19:00,0,0,2
เทคนิคกรุงเทพ,สวนพลู,07:00-09:00,0,0,2
เทคนิคกรุงเทพ,สวนพลู,09:00-17:00,0,0,2
เทคนิคกรุงเทพ,สวนพลู,17:00-19:00,0,0,2
เทคนิคกรุงเทพ,โรงถ่าน,07:00-09:00,0,0,2
เทคนิคกรุงเทพ,โรงถ่าน,09:00-17:00,0,0,2
เทคนิคกรุงเทพ,โรงถ่าน,17:00-19:00,0,0,2
เทพรักษ์ - สุขาภิบาล 5,สุขาภิบาล 5,07:00-09:00,0,0,1
เทพรักษ์ - สุขาภิบาล 5,สุขาภิบาล 5,09:00-17:00,0,0,1
เทพรักษ์ - สุขาภิบาล 5,สุขาภิบาล 5,17:00-19:00,0,0,1
เทพรักษ์ - สุขาภิบาล 5,เทพรักษ์,07:00-09:00,0,0,1
เทพรักษ์ - สุขาภิบาล 5,เทพรักษ์,09:00-17:00,0,0,1
เทพรักษ์ - สุขาภิบาล 5,เทพรักษ์,17:00-19:00,0,0,1
เทวกรรม,กรุงเกษม,07:00-09:00,2,1,1
เทวกรรม,กรุงเกษม,09:00-16:00,2,1,0
เทวกรรม,กรุงเกษม,09:00-17:00,0,0,1
เทวกรรม,กรุงเกษม,16:00-19:00,2,1,0
เทวกรรม,กรุงเกษม,17:00-19:00,0,0,1
เทวกรรม,นครสวรรค์,07:00-09:00,2,1,1
เทวกรรม,นครสวรรค์,09:00-16:00,2,1,0
เทวกรรม,นครสวรรค์,09:00-17:00,0,0,1
เทวกรรม,นครสวรรค์,16:00-19:00,2,1,0
เทวกรรม,นครสวรรค์,17:00-19:00,0,0,1
เทศบาลสงเคราะห์- เทศบาลรังรักษใ์ต้,เทศบาลรังรักษ์เหนือ,07:00-09:00,0,1,0
เทศบาลสงเคราะห์- เทศบาลรังรักษใ์ต้,เทศบาลรังรักษ์เหนือ,09:00-16:00,0,1,0
เทศบาลสงเคราะห์- เทศบาลรังรักษใ์ต้,เทศบาลรังรักษ์เหนือ,16:00-19:00,0,1,0
เทศบาลสงเคราะห์- เทศบาลรังรักษใ์ต้,เทศบาลสงเคราะห์,07:00-09:00,0,1,0
เทศบาลสงเคราะห์- เทศบาลรังรักษใ์ต้,เทศบาลสงเคราะห์,09:00-16:00,0,1,0
เทศบาลสงเคราะห์- เทศบาลรังรักษใ์ต้,เทศบาลสงเคราะห์,16:00-19:00,0,1,0
เทศบาลสงเคราะห์- เทศบาลรังรักษ์ใต้,เทศบาลรังรักษ์ใต้,07:00-09:00,0,1,0
เทศบาลสงเคราะห์- เทศบาลรังรักษ์ใต้,เทศบาลรังรักษ์ใต้,09:00-16:00,0,1,0
เทศบาลสงเคราะห์- เทศบาลรังรักษ์ใต้,เทศบาลรังรักษ์ใต้,16:00-19:00,0,1,0
เทอดดำริ,ประดิพัทธ์,07:00-09:00,1,1,2
เทอดดำริ,ประดิพัทธ์,09:00-16:00,1,1,1
เทอดดำริ,ประดิพัทธ์,09:00-17:00,0,0,1
เทอดดำริ,ประดิพัทธ์,16:00-19:00,1,1,1
เทอดดำริ,ประดิพัทธ์,17:00-19:00,0,0,1
เทอดดำริ,เทอดดำริ,07:00-09:00,1,1,2
เทอดดำริ,เทอดดำริ,09:00-16:00,1,1,1
เทอดดำริ,เทอดดำริ,09:00-17:00,0,0,1
เทอดดำริ,เทอดดำริ,16:00-19:00,1,1,1
เทอดดำริ,เทอดดำริ,17:00-19:00,0,0,1
เทอดไท 33,เทอดไท,07:00-09:00,0,0,1
เทอดไท 33,เทอดไท,09:00-17:00,0,0,1
เทอดไท 33,เทอดไท,17:00-19:00,0,0,2
เทอดไท 33,เทอดไท 33,07:00-09:00,0,0,1
เทอดไท 33,เทอดไท 33,09:00-17:00,0,0,1
เทอดไท 33,เทอดไท 33,17:00-19:00,0,0,1
เทอดไท 33 (24 เม.ย.69),เทอดไท,07:00-09:00,0,0,1
เทอดไท 33 (24 เม.ย.69),เทอดไท,09:00-17:00,0,0,1
เทอดไท 33 (24 เม.ย.69),เทอดไท 33,07:00-09:00,0,0,1
เทอดไท 33 (24 เม.ย.69),เทอดไท 33,09:00-17:00,0,0,1
เทอดไท 33 (24 เม.ย.69),เทอดไท 33,17:00-19:00,0,0,1
เทิดราชัน - เชิดวุฒากาศ,เชิดวุฒากาศ-กำแพงเพชร 6,07:00-09:00,0,0,1
เทิดราชัน - เชิดวุฒากาศ,เชิดวุฒากาศ-กำแพงเพชร 6,09:00-17:00,0,0,1
เทิดราชัน - เชิดวุฒากาศ,เชิดวุฒากาศ-กำแพงเพชร 6,17:00-19:00,0,0,1
เทิดราชัน - เชิดวุฒากาศ,เทิดราชัน,07:00-09:00,0,0,1
เทิดราชัน - เชิดวุฒากาศ,เทิดราชัน,09:00-17:00,0,0,1
เทิดราชัน - เชิดวุฒากาศ,เทิดราชัน,17:00-19:00,0,0,1
เทียนทะเล 7,ซอยท่าข้าม 23,07:00-09:00,0,1,0
เทียนทะเล 7,ซอยท่าข้าม 23,09:00-16:00,0,1,0
เทียนทะเล 7,ซอยท่าข้าม 23,16:00-19:00,0,1,0
เทียนทะเล 7,เทียนทะเล 7,07:00-09:00,0,1,0
เทียนทะเล 7,เทียนทะเล 7,09:00-16:00,0,1,0
เทียนทะเล 7,เทียนทะเล 7,16:00-19:00,0,1,0
เทียมร่วมมิตร,กาญจนาภิเษก,07:00-09:00,0,0,1
เทียมร่วมมิตร,กาญจนาภิเษก,09:00-16:00,0,0,1
เทียมร่วมมิตร,กาญจนาภิเษก,16:00-19:00,0,0,1
เทียมร่วมมิตร,รัชดาภิเษก,07:00-09:00,2,1,1
เทียมร่วมมิตร,รัชดาภิเษก,09:00-16:00,2,1,0
เทียมร่วมมิตร,รัชดาภิเษก,09:00-17:00,0,0,1
เทียมร่วมมิตร,รัชดาภิเษก,16:00-19:00,2,1,0
เทียมร่วมมิตร,รัชดาภิเษก,17:00-19:00,0,0,1
เทียมร่วมมิตร,เดอะมอลล์บางแค,16:00-19:00,0,0,1
เทียมร่วมมิตร,เทียมร่วมมิตร,07:00-09:00,2,1,2
เทียมร่วมมิตร,เทียมร่วมมิตร,09:00-16:00,2,1,1
เทียมร่วมมิตร,เทียมร่วมมิตร,09:00-17:00,0,0,1
เทียมร่วมมิตร,เทียมร่วมมิตร,16:00-19:00,2,1,1
เทียมร่วมมิตร,เทียมร่วมมิตร,17:00-19:00,0,0,1
เทียมร่วมมิตร,เพชรเกษม 47/2,07:00-09:00,0,0,1
เทียมร่วมมิตร,เพชรเกษม 47/2,09:00-16:00,0,0,1
เทเวศร์,กรุงเกษม,07:00-09:00,1,1,2
เทเวศร์,กรุงเกษม,09:00-16:00,1,1,1
เทเวศร์,กรุงเกษม,09:00-17:00,0,0,1
เทเวศร์,กรุงเกษม,16:00-19:00,1,1,1
เทเวศร์,กรุงเกษม,17:00-19:00,0,0,1
เทเวศร์,สามเสน,07:00-09:00,1,1,2
เทเวศร์,สามเสน,09:00-16:00,1,1,1
เทเวศร์,สามเสน,09:00-17:00,0,0,1
เทเวศร์,สามเสน,16:00-19:00,1,1,1
เทเวศร์,สามเสน,17:00-19:00,0,0,1
เพชรบุรี - ชิดลม,เพชรบุรี,07:00-09:00,0,1,2
เพชรบุรี - ชิดลม,เพชรบุรี,09:00-16:00,0,1,0
เพชรบุรี - ชิดลม,เพชรบุรี,09:00-17:00,0,0,2
เพชรบุรี - ชิดลม,เพชรบุรี,16:00-19:00,0,1,0
เพชรบุรี - ชิดลม,เพชรบุรี,17:00-19:00,0,0,2
เพชรบุรี - ทองหล่อ,ซอยทองหล่อ,07:00-09:00,0,1,0
เพชรบุรี - ทองหล่อ,ซอยทองหล่อ,09:00-16:00,0,1,0
เพชรบุรี - ทองหล่อ,ซอยทองหล่อ,16:00-19:00,0,1,0
เพชรบุรี - ทองหล่อ,ทองหล่อ,07:00-09:00,0,0,2
เพชรบุรี - ทองหล่อ,ทองหล่อ,09:00-17:00,0,0,2
เพชรบุรี - ทองหล่อ,ทองหล่อ,17:00-19:00,0,0,2
เพชรบุรี - ทองหล่อ,เพชรบุรี,07:00-09:00,0,1,2
เพชรบุรี - ทองหล่อ,เพชรบุรี,09:00-16:00,0,1,0
เพชรบุรี - ทองหล่อ,เพชรบุรี,09:00-17:00,0,0,2
เพชรบุรี - ทองหล่อ,เพชรบุรี,16:00-19:00,0,1,0
เพชรบุรี - ทองหล่อ,เพชรบุรี,17:00-19:00,0,0,2
เพชรบุรี - พร้อมพงษ์,ซอยสุขุมวิท 39,06:30-09:00,0,1,0
เพชรบุรี - พร้อมพงษ์,ซอยสุขุมวิท 39,09:00-16:00,0,1,0
เพชรบุรี - พร้อมพงษ์,ซอยสุขุมวิท 39,16:00-19:30,0,1,0
เพชรบุรี - พร้อมพงษ์,สุขุมวิท 39,07:00-09:00,0,1,0
เพชรบุรี - พร้อมพงษ์,สุขุมวิท 39,09:00-16:00,0,1,0
เพชรบุรี - พร้อมพงษ์,สุขุมวิท 39,16:00-19:00,0,1,0
เพชรบุรี - พร้อมพงษ์,เพชรบุรี,06:30-09:00,0,1,0
เพชรบุรี - พร้อมพงษ์,เพชรบุรี,07:00-09:00,0,1,0
เพชรบุรี - พร้อมพงษ์,เพชรบุรี,09:00-16:00,0,2,0
เพชรบุรี - พร้อมพงษ์,เพชรบุรี,16:00-19:00,0,1,0
เพชรบุรี - พร้อมพงษ์,เพชรบุรี,16:00-19:30,0,1,0
เพชรบุรี 38,เพชรบุรี,07:00-09:00,0,1,0
เพชรบุรี 38,เพชรบุรี,09:00-16:00,0,1,0
เพชรบุรี 38,เพชรบุรี,16:00-19:00,0,1,0
เพชรบุรี- ชิดลม,เพชรบุรี,07:00-09:00,2,0,0
เพชรบุรี- ชิดลม,เพชรบุรี,09:00-16:00,2,0,0
เพชรบุรี- ชิดลม,เพชรบุรี,16:00-19:00,2,0,0
เพชรบุรี- ทองหล่อ,ทองหล่อ,07:00-09:00,1,0,0
เพชรบุรี- ทองหล่อ,ทองหล่อ,09:00-16:00,1,0,0
เพชรบุรี- ทองหล่อ,ทองหล่อ,16:00-19:00,1,0,0
เพชรบุรี- ทองหล่อ,เพชรบุรี,07:00-09:00,1,0,0
เพชรบุรี- ทองหล่อ,เพชรบุรี,09:00-16:00,1,0,0
เพชรบุรี- ทองหล่อ,เพชรบุรี,16:00-19:00,1,0,0
เพชรบุรี- พร้อมพงษ์,ซอยสุขุมวิท 39,07:00-09:00,1,0,0
เพชรบุรี- พร้อมพงษ์,ซอยสุขุมวิท 39,09:00-16:00,1,0,0
เพชรบุรี- พร้อมพงษ์,ซอยสุขุมวิท 39,16:00-19:00,1,0,0
เพชรบุรี- พร้อมพงษ์,เพชรบุรี,07:00-09:00,1,0,0
เพชรบุรี- พร้อมพงษ์,เพชรบุรี,09:00-16:00,1,0,0
เพชรบุรี- พร้อมพงษ์,เพชรบุรี,16:00-19:00,1,0,0
เพชรบุรี- เพชรอุทัย,เพชรบุรี,07:00-09:00,1,0,0
เพชรบุรี- เพชรอุทัย,เพชรบุรี,09:00-16:00,1,0,0
เพชรบุรี- เพชรอุทัย,เพชรบุรี,16:00-19:00,1,0,0
เพชรบุรี- เพชรอุทัย,เพชรอุทัย,07:00-09:00,1,0,0
เพชรบุรี- เพชรอุทัย,เพชรอุทัย,09:00-16:00,1,0,0
เพชรบุรี- เพชรอุทัย,เพชรอุทัย,16:00-19:00,1,0,0
เพชรพระราม,บรรทัดทอง,06:30-09:00,1,0,0
เพชรพระราม,บรรทัดทอง,07:00-09:00,0,1,2
เพชรพระราม,บรรทัดทอง,09:00-16:00,1,1,1
เพชรพระราม,บรรทัดทอง,09:00-17:00,0,0,1
เพชรพระราม,บรรทัดทอง,16:00-19:00,0,1,1
เพชรพระราม,บรรทัดทอง,16:00-19:30,1,0,0
เพชรพระราม,บรรทัดทอง,17:00-19:00,0,0,1
เพชรพระราม,เพชรบุรี,06:30-09:00,1,0,0
เพชรพระราม,เพชรบุรี,07:00-09:00,0,1,2
เพชรพระราม,เพชรบุรี,09:00-16:00,1,1,1
เพชรพระราม,เพชรบุรี,09:00-17:00,0,0,1
เพชรพระราม,เพชรบุรี,16:00-19:00,0,1,1
เพชรพระราม,เพชรบุรี,16:00-19:30,1,0,0
เพชรพระราม,เพชรบุรี,17:00-19:00,0,0,1
เพชรอุทัย - ทางด่วนขั้นที่ 2,ขึ้นทางด่วนขั้นที่ 2,07:00-09:00,0,0,1
เพชรอุทัย - ทางด่วนขั้นที่ 2,ขึ้นทางด่วนขั้นที่ 2,09:00-16:00,0,0,1
เพชรอุทัย - ทางด่วนขั้นที่ 2,ขึ้นทางด่วนขั้นที่ 2,16:00-19:00,0,0,1
เพชรอุทัย - ทางด่วนขั้นที่ 2,พระราชดำริ,07:00-09:00,0,0,1
เพชรอุทัย - ทางด่วนขั้นที่ 2,พระราชดำริ,09:00-16:00,0,0,1
เพชรอุทัย - ทางด่วนขั้นที่ 2,พระราชดำริ,16:00-19:00,0,0,1
เพชรอุทัย - ทางด่วนขั้นที่ 2,เพชรอุทัย,07:00-09:00,0,0,1
เพชรอุทัย - ทางด่วนขั้นที่ 2,เพชรอุทัย,09:00-16:00,0,0,1
เพชรอุทัย - ทางด่วนขั้นที่ 2,เพชรอุทัย,16:00-19:00,0,0,1
เพชรอุทัย -ทางด่วนขั้นที่2,ทางด่วนขันที 2,07:00-09:00,1,0,0
เพชรอุทัย -ทางด่วนขั้นที่2,ทางด่วนขันที 2,09:00-16:00,1,0,0
เพชรอุทัย -ทางด่วนขั้นที่2,ทางด่วนขันที 2,16:00-19:00,1,0,0
เพชรอุทัย -ทางด่วนขั้นที่2,พระราชดำริ,07:00-09:00,1,0,0
เพชรอุทัย -ทางด่วนขั้นที่2,พระราชดำริ,09:00-16:00,1,0,0
เพชรอุทัย -ทางด่วนขั้นที่2,พระราชดำริ,16:00-19:00,1,0,0
เพชรอุทัย -ทางด่วนขั้นที่2,เพชรอุทัย,07:00-09:00,1,0,0
เพชรอุทัย -ทางด่วนขั้นที่2,เพชรอุทัย,09:00-16:00,1,0,0
เพชรอุทัย -ทางด่วนขั้นที่2,เพชรอุทัย,16:00-19:00,1,0,0
เพชรเกษม,เพชรเกษม,07:00-09:00,0,0,1
เพชรเกษม,เพชรเกษม,09:00-16:00,0,0,1
เพชรเกษม,เพชรเกษม,16:00-19:00,0,0,1
เพชรเกษม,เลียบใต้ทางด่วน,07:00-09:00,0,0,1
เพชรเกษม,เลียบใต้ทางด่วน,09:00-16:00,0,0,1
เพชรเกษม,ใต้ด่วนดินแดง,16:00-19:00,0,0,1
เพชรเกษม - พุทธมณฑลสาย 1,พุทธมณฑลสาย 1,07:00-09:00,0,1,2
เพชรเกษม - พุทธมณฑลสาย 1,พุทธมณฑลสาย 1,09:00-16:00,0,1,0
เพชรเกษม - พุทธมณฑลสาย 1,พุทธมณฑลสาย 1,09:00-17:00,0,0,2
เพชรเกษม - พุทธมณฑลสาย 1,พุทธมณฑลสาย 1,16:00-19:00,0,1,0
เพชรเกษม - พุทธมณฑลสาย 1,พุทธมณฑลสาย 1,17:00-19:00,0,0,2
เพชรเกษม - พุทธมณฑลสาย 1,เพชรเกษม,07:00-09:00,0,1,2
เพชรเกษม - พุทธมณฑลสาย 1,เพชรเกษม,09:00-16:00,0,1,0
เพชรเกษม - พุทธมณฑลสาย 1,เพชรเกษม,09:00-17:00,0,0,2
เพชรเกษม - พุทธมณฑลสาย 1,เพชรเกษม,16:00-19:00,0,1,0
เพชรเกษม - พุทธมณฑลสาย 1,เพชรเกษม,17:00-19:00,0,0,2
เพชรเกษม - ราชพฤกษ์,ราชพฤกษ์,07:00-09:00,1,1,1
เพชรเกษม - ราชพฤกษ์,ราชพฤกษ์,09:00-16:00,1,1,0
เพชรเกษม - ราชพฤกษ์,ราชพฤกษ์,09:00-17:00,0,0,1
เพชรเกษม - ราชพฤกษ์,ราชพฤกษ์,16:00-19:00,1,1,0
เพชรเกษม - ราชพฤกษ์,ราชพฤกษ์,17:00-19:00,0,0,1
เพชรเกษม - ราชพฤกษ์,เพชรเกษม,07:00-09:00,1,1,1
เพชรเกษม - ราชพฤกษ์,เพชรเกษม,09:00-16:00,1,1,0
เพชรเกษม - ราชพฤกษ์,เพชรเกษม,09:00-17:00,0,0,1
เพชรเกษม - ราชพฤกษ์,เพชรเกษม,16:00-19:00,1,1,0
เพชรเกษม - ราชพฤกษ์,เพชรเกษม,17:00-19:00,0,0,1
เพชรเกษม - เพชรเกษม 4,เพชรเกษม,07:00-09:00,1,0,1
เพชรเกษม - เพชรเกษม 4,เพชรเกษม,09:00-16:00,1,0,0
เพชรเกษม - เพชรเกษม 4,เพชรเกษม,09:00-17:00,0,0,1
เพชรเกษม - เพชรเกษม 4,เพชรเกษม,16:00-19:00,1,0,0
เพชรเกษม - เพชรเกษม 4,เพชรเกษม,17:00-19:00,0,0,1
เพชรเกษม - เพชรเกษม 4,เพชรเกษม 4,07:00-09:00,0,0,1
เพชรเกษม - เพชรเกษม 4,เพชรเกษม 4,09:00-17:00,0,0,1
เพชรเกษม - เพชรเกษม 4,เพชรเกษม 4,17:00-19:00,0,0,1
เพชรเกษม - เพชรเกษม 86,กาญจนาภิเษก,07:00-09:00,0,0,1
เพชรเกษม - เพชรเกษม 86,กาญจนาภิเษก,09:00-17:00,0,0,1
เพชรเกษม - เพชรเกษม 86,กาญจนาภิเษก,17:00-19:00,0,0,1
เพชรเกษม - เพชรเกษม 86,ซอยเพชรเกษม 86,07:00-09:00,0,0,1
เพชรเกษม - เพชรเกษม 86,ซอยเพชรเกษม 86,09:00-16:00,0,0,1
เพชรเกษม - เพชรเกษม 86,ซอยเพชรเกษม 86,16:00-19:00,0,0,1
เพชรเกษม - เพชรเกษม 86,ถนนกาญจนาภิเษก,07:00-09:00,0,0,1
เพชรเกษม - เพชรเกษม 86,ถนนกาญจนาภิเษก,09:00-16:00,0,0,1
เพชรเกษม - เพชรเกษม 86,ถนนกาญจนาภิเษก,16:00-19:00,0,0,1
เพชรเกษม - เพชรเกษม 86,ถนนเพชรเกษม,07:00-09:00,0,0,1
เพชรเกษม - เพชรเกษม 86,ถนนเพชรเกษม,09:00-16:00,0,0,1
เพชรเกษม - เพชรเกษม 86,ถนนเพชรเกษม,16:00-19:00,0,0,1
เพชรเกษม - เพชรเกษม 86,เพชรเกษม,07:00-09:00,0,0,1
เพชรเกษม - เพชรเกษม 86,เพชรเกษม,09:00-17:00,0,0,1
เพชรเกษม - เพชรเกษม 86,เพชรเกษม,17:00-19:00,0,0,1
เพชรเกษม - เพชรเกษม 86,เพชรเกษม 86,07:00-09:00,0,0,1
เพชรเกษม - เพชรเกษม 86,เพชรเกษม 86,09:00-17:00,0,0,1
เพชรเกษม - เพชรเกษม 86,เพชรเกษม 86,17:00-19:00,0,0,1
เพชรเกษม - เลียบคลองทวีวัฒนา,เพชรเกษม,07:00-09:00,0,0,1
เพชรเกษม - เลียบคลองทวีวัฒนา,เพชรเกษม,09:00-16:00,0,0,1
เพชรเกษม - เลียบคลองทวีวัฒนา,เพชรเกษม,16:00-19:00,0,0,1
เพชรเกษม - เลียบคลองทวีวัฒนา,เลียบคลองทวีวัฒนา,07:00-09:00,0,0,1
เพชรเกษม - เลียบคลองทวีวัฒนา,เลียบคลองทวีวัฒนา,09:00-16:00,0,0,1
เพชรเกษม - เลียบคลองทวีวัฒนา,เลียบคลองทวีวัฒนา,16:00-19:00,0,0,1
เพชรเกษม -พุทธมเณฑลสาย 1,พุทธมณฑลสาย 1,07:00-09:00,1,0,0
เพชรเกษม -พุทธมเณฑลสาย 1,พุทธมณฑลสาย 1,09:00-16:00,1,0,0
เพชรเกษม -พุทธมเณฑลสาย 1,พุทธมณฑลสาย 1,16:00-19:00,1,0,0
เพชรเกษม -พุทธมเณฑลสาย 1,เพชเกษม,07:00-09:00,1,0,0
เพชรเกษม -พุทธมเณฑลสาย 1,เพชเกษม,09:00-16:00,1,0,0
เพชรเกษม -พุทธมเณฑลสาย 1,เพชเกษม,16:00-19:00,1,0,0
เพชรเกษม 116,เพชรเกษม,07:00-09:00,0,0,1
เพชรเกษม 116,เพชรเกษม,09:00-17:00,0,0,1
เพชรเกษม 116,เพชรเกษม,17:00-19:00,0,0,1
เพชรเกษม 116,เพชรเกษม 116,07:00-09:00,0,0,1
เพชรเกษม 116,เพชรเกษม 116,09:00-17:00,0,0,1
เพชรเกษม 116,เพชรเกษม 116,17:00-19:00,0,0,1
เพชรเกษม 116,เพชรเกษม 84/1,07:00-09:00,0,0,1
เพชรเกษม 116,เพชรเกษม 84/1,09:00-17:00,0,0,1
เพชรเกษม 116,เพชรเกษม 84/1,17:00-19:00,0,0,1
เพชรเกษม 20,ซอยเพชรเกษม 20,07:00-09:00,1,0,0
เพชรเกษม 20,ซอยเพชรเกษม 20,09:00-16:00,1,0,0
เพชรเกษม 20,ซอยเพชรเกษม 20,16:00-19:00,1,0,0
เพชรเกษม 20,เพชรเกษม,07:00-09:00,1,0,0
เพชรเกษม 20,เพชรเกษม,09:00-16:00,1,0,0
เพชรเกษม 20,เพชรเกษม,16:00-19:00,1,0,0
เพชรเกษม 45/1,เพชรเกษม,07:00-09:00,0,0,1
เพชรเกษม 45/1,เพชรเกษม,09:00-16:00,0,0,1
เพชรเกษม 45/1,เพชรเกษม,16:00-19:00,0,0,1
เพชรเกษม 45/1,เพชรเกษม 45/1,07:00-09:00,0,0,1
เพชรเกษม 45/1,เพชรเกษม 45/1,09:00-16:00,0,0,1
เพชรเกษม 45/1,เพชรเกษม 45/1,16:00-19:00,0,0,1
เพชรเกษม 69,ขอยเพชรเกษม 69,06:30-09:00,1,0,0
เพชรเกษม 69,ขอยเพชรเกษม 69,09:00-16:00,1,0,0
เพชรเกษม 69,ขอยเพชรเกษม 69,16:00-19:30,1,0,0
เพชรเกษม 69,ซอยเพชรเกษม 102/4,06:30-09:00,1,0,0
เพชรเกษม 69,ซอยเพชรเกษม 102/4,07:00-09:00,0,2,0
เพชรเกษม 69,ซอยเพชรเกษม 102/4,09:00-16:00,1,2,0
เพชรเกษม 69,ซอยเพชรเกษม 102/4,16:00-19:00,0,2,0
เพชรเกษม 69,ซอยเพชรเกษม 102/4,16:00-19:30,1,0,0
เพชรเกษม 69,ซอยเพชรเกษม 69,07:00-09:00,0,2,0
เพชรเกษม 69,ซอยเพชรเกษม 69,09:00-16:00,0,2,0
เพชรเกษม 69,ซอยเพชรเกษม 69,16:00-19:00,0,2,0
เพชรเกษม 69,เพขรเกษม,07:00-09:00,0,0,1
เพชรเกษม 69,เพขรเกษม,09:00-17:00,0,0,1
เพชรเกษม 69,เพขรเกษม,17:00-19:00,0,0,1
เพชรเกษม 69,เพชรเกษม,07:00-09:00,1,2,3
เพชรเกษม 69,เพชรเกษม,09:00-16:00,1,2,1
เพชรเกษม 69,เพชรเกษม,09:00-17:00,0,0,2
เพชรเกษม 69,เพชรเกษม,16:00-19:00,1,2,1
เพชรเกษม 69,เพชรเกษม,17:00-19:00,0,0,2
เพชรเกษม 69,เพชรเกษม 102/4,07:00-09:00,0,0,4
เพชรเกษม 69,เพชรเกษม 102/4,09:00-16:00,0,0,1
เพชรเกษม 69,เพชรเกษม 102/4,09:00-17:00,0,0,3
เพชรเกษม 69,เพชรเกษม 102/4,16:00-19:00,0,0,1
เพชรเกษม 69,เพชรเกษม 102/4,17:00-19:00,0,0,3
เพชรเกษม 69,เพชรเกษม 69,07:00-09:00,0,0,4
เพชรเกษม 69,เพชรเกษม 69,09:00-16:00,0,0,1
เพชรเกษม 69,เพชรเกษม 69,09:00-17:00,0,0,3
เพชรเกษม 69,เพชรเกษม 69,16:00-19:00,0,0,1
เพชรเกษม 69,เพชรเกษม 69,17:00-19:00,0,0,3
เพชรเกษม 69 - อินทราปัจ 13,อินทราปัจ 13,07:00-09:00,0,0,1
เพชรเกษม 69 - อินทราปัจ 13,อินทราปัจ 13,09:00-16:00,0,0,1
เพชรเกษม 69 - อินทราปัจ 13,อินทราปัจ 13,16:00-19:00,0,0,1
เพชรเกษม 69 - อินทราปัจ 13,เพชรเกษม 69,07:00-09:00,0,0,1
เพชรเกษม 69 - อินทราปัจ 13,เพชรเกษม 69,09:00-16:00,0,0,1
เพชรเกษม 69 - อินทราปัจ 13,เพชรเกษม 69,16:00-19:00,0,0,1
เพชรเกษม 69 - อินทราปัจ 13,เลียบคลองภาษีเจริญฝั่งเหนือ,07:00-09:00,0,0,1
เพชรเกษม 69 - อินทราปัจ 13,เลียบคลองภาษีเจริญฝั่งเหนือ,09:00-16:00,0,0,1
เพชรเกษม 69 - อินทราปัจ 13,เลียบคลองภาษีเจริญฝั่งเหนือ,16:00-19:00,0,0,1
เพชรเกษม 81,ขอยเพชรเกษม 81,06:30-09:00,1,0,0
เพชรเกษม 81,ขอยเพชรเกษม 81,09:00-16:00,1,0,0
เพชรเกษม 81,ขอยเพชรเกษม 81,16:00-19:30,1,0,0
เพชรเกษม 81,เพชรเกษม,06:30-09:00,1,0,0
เพชรเกษม 81,เพชรเกษม,07:00-09:00,0,1,3
เพชรเกษม 81,เพชรเกษม,09:00-16:00,1,1,1
เพชรเกษม 81,เพชรเกษม,09:00-17:00,0,0,2
เพชรเกษม 81,เพชรเกษม,16:00-19:00,0,1,1
เพชรเกษม 81,เพชรเกษม,16:00-19:30,1,0,0
เพชรเกษม 81,เพชรเกษม,17:00-19:00,0,0,2
เพชรเกษม 81,เพชรเกษม 81,07:00-09:00,0,1,3
เพชรเกษม 81,เพชรเกษม 81,09:00-16:00,0,1,1
เพชรเกษม 81,เพชรเกษม 81,09:00-17:00,0,0,2
เพชรเกษม 81,เพชรเกษม 81,16:00-19:00,0,1,1
เพชรเกษม 81,เพชรเกษม 81,17:00-19:00,0,0,2
เพลินจิต,วิทยุ,07:00-09:00,2,1,3
เพลินจิต,วิทยุ,09:00-16:00,2,1,0
เพลินจิต,วิทยุ,09:00-17:00,0,0,3
เพลินจิต,วิทยุ,16:00-19:00,2,1,0
เพลินจิต,วิทยุ,17:00-19:00,0,0,3
เพลินจิต,เพลินจิต,07:00-09:00,2,1,3
เพลินจิต,เพลินจิต,09:00-16:00,2,1,0
เพลินจิต,เพลินจิต,09:00-17:00,0,0,3
เพลินจิต,เพลินจิต,16:00-19:00,2,1,0
เพลินจิต,เพลินจิต,17:00-19:00,0,0,3
เพิ่มสิน,ซอยเพิ่มสิน 47,06:30-09:00,0,1,0
เพิ่มสิน,ซอยเพิ่มสิน 47,09:00-16:00,0,1,0
เพิ่มสิน,ซอยเพิ่มสิน 47,16:00-19:30,0,1,0
เพิ่มสิน,เพิ่มสิน,07:00-09:00,0,1,0
เพิ่มสิน,เพิ่มสิน,09:00-16:00,0,1,0
เพิ่มสิน,เพิ่มสิน,16:00-19:00,0,1,0
เฟื่องนคร - พระยาศรี,เฟื่องนคร,07:00-09:00,0,1,0
เฟื่องนคร - พระยาศรี,เฟื่องนคร,09:00-16:00,0,1,0
เฟื่องนคร - พระยาศรี,เฟื่องนคร,16:00-19:00,0,1,0
เฟื่องนคร - ราชบพิธ,ราชบพิธ,07:00-09:00,0,1,0
เฟื่องนคร - ราชบพิธ,ราชบพิธ,09:00-16:00,0,1,0
เฟื่องนคร - ราชบพิธ,ราชบพิธ,16:00-19:00,0,1,0
เฟื่องนคร - ราชบพิธ,เฟื่องนคร,07:00-09:00,0,1,0
เฟื่องนคร - ราชบพิธ,เฟื่องนคร,09:00-16:00,0,1,0
เฟื่องนคร - ราชบพิธ,เฟื่องนคร,16:00-19:00,0,1,0
เมอรี่คิงส์,ถนนจักรเพชร,07:00-09:00,0,0,1
เมอรี่คิงส์,ถนนจักรเพชร,09:00-17:00,0,0,1
เมอรี่คิงส์,ถนนจักรเพชร,17:00-19:00,0,0,1
เมอรี่คิงส์,ถนนเยาวราช,07:00-09:00,0,0,1
เมอรี่คิงส์,ถนนเยาวราช,09:00-17:00,0,0,1
เมอรี่คิงส์,ถนนเยาวราช,17:00-19:00,0,0,1
เมอร์รี่คิงส์,จักรเพชร,07:00-09:00,0,1,0
เมอร์รี่คิงส์,จักรเพชร,09:00-16:00,0,1,0
เมอร์รี่คิงส์,จักรเพชร,16:00-19:00,0,1,0
เมอร์รี่คิงส์,เยาวราช,07:00-09:00,0,1,0
เมอร์รี่คิงส์,เยาวราช,09:00-16:00,0,1,0
เมอร์รี่คิงส์,เยาวราช,16:00-19:00,0,1,0
เมืองมีน,รามอินทรา,07:00-09:00,0,1,1
เมืองมีน,รามอินทรา,09:00-16:00,0,1,0
เมืองมีน,รามอินทรา,09:00-17:00,0,0,1
เมืองมีน,รามอินทรา,16:00-19:00,0,1,0
เมืองมีน,รามอินทรา,17:00-19:00,0,0,1
เมืองมีน,สีหบุรานุกิจ,07:00-09:00,0,1,1
เมืองมีน,สีหบุรานุกิจ,09:00-16:00,0,1,0
เมืองมีน,สีหบุรานุกิจ,09:00-17:00,0,0,1
เมืองมีน,สีหบุรานุกิจ,16:00-19:00,0,1,0
เมืองมีน,สีหบุรานุกิจ,17:00-19:00,0,0,1
เมืองมีน,สุวินทวงศ์,07:00-09:00,0,1,1
เมืองมีน,สุวินทวงศ์,09:00-16:00,0,1,0
เมืองมีน,สุวินทวงศ์,09:00-17:00,0,0,1
เมืองมีน,สุวินทวงศ์,16:00-19:00,0,1,0
เมืองมีน,สุวินทวงศ์,17:00-19:00,0,0,1
เมืองมีน,เสรีไทย,07:00-09:00,0,1,1
เมืองมีน,เสรีไทย,09:00-16:00,0,1,0
เมืองมีน,เสรีไทย,09:00-17:00,0,0,1
เมืองมีน,เสรีไทย,16:00-19:00,0,1,0
เมืองมีน,เสรีไทย,17:00-19:00,0,0,1
เยาวราช - ผดุงด้าว,ผดุงด้าว,07:00-09:00,0,1,0
เยาวราช - ผดุงด้าว,ผดุงด้าว,09:00-16:00,0,1,0
เยาวราช - ผดุงด้าว,ผดุงด้าว,16:00-19:00,0,1,0
เยาวราช - ผดุงด้าว,เยาวราช,07:00-09:00,0,1,0
เยาวราช - ผดุงด้าว,เยาวราช,09:00-16:00,0,1,0
เยาวราช - ผดุงด้าว,เยาวราช,16:00-19:00,0,1,0
เยาวราช - มหาจักร,มหาจักร,07:00-09:00,0,1,0
เยาวราช - มหาจักร,มหาจักร,09:00-16:00,0,1,0
เยาวราช - มหาจักร,มหาจักร,16:00-19:00,0,1,0
เยาวราช - มหาจักร,เยาวราช,07:00-09:00,0,1,0
เยาวราช - มหาจักร,เยาวราช,09:00-16:00,0,1,0
เยาวราช - มหาจักร,เยาวราช,16:00-19:00,0,1,0
เยาวราช - มังกร,มังกร,07:00-09:00,0,1,0
เยาวราช - มังกร,มังกร,09:00-16:00,0,1,0
เยาวราช - มังกร,มังกร,16:00-19:00,0,1,0
เยาวราช - มังกร,เยาวราช,07:00-09:00,0,1,0
เยาวราช - มังกร,เยาวราช,09:00-16:00,0,1,0
เยาวราช - มังกร,เยาวราช,16:00-19:00,0,1,0
เยาวราช - อิสรานุภาพ,อิสรานุภาพ,07:00-09:00,0,1,0
เยาวราช - อิสรานุภาพ,อิสรานุภาพ,09:00-16:00,0,1,0
เยาวราช - อิสรานุภาพ,อิสรานุภาพ,16:00-19:00,0,1,0
เยาวราช - อิสรานุภาพ,เยาวราช,07:00-09:00,0,1,0
เยาวราช - อิสรานุภาพ,เยาวราช,09:00-16:00,0,1,0
เยาวราช - อิสรานุภาพ,เยาวราช,16:00-19:00,0,1,0
เยาวราช - แปลงนาม,เยาวราช,07:00-09:00,0,1,0
เยาวราช - แปลงนาม,เยาวราช,09:00-16:00,0,1,0
เยาวราช - แปลงนาม,เยาวราช,16:00-19:00,0,1,0
เย็นอากาศ,จันทน์,07:00-09:00,0,0,2
เย็นอากาศ,จันทน์,09:00-17:00,0,0,2
เย็นอากาศ,จันทน์,17:00-19:00,0,0,2
เย็นอากาศ,นางลิ้นจี่,07:00-09:00,0,0,2
เย็นอากาศ,นางลิ้นจี่,09:00-17:00,0,0,2
เย็นอากาศ,นางลิ้นจี่,17:00-19:00,0,0,2
เย็นอากาศ,เย็นอากาศ,07:00-09:00,0,0,2
เย็นอากาศ,เย็นอากาศ,09:00-17:00,0,0,2
เย็นอากาศ,เย็นอากาศ,17:00-19:00,0,0,2
เย็นอากาศ - ศรีบำเพ็ญ,ศรีบำเพ็ญ,07:00-09:00,0,0,1
เย็นอากาศ - ศรีบำเพ็ญ,ศรีบำเพ็ญ,09:00-17:00,0,0,1
เย็นอากาศ - ศรีบำเพ็ญ,ศรีบำเพ็ญ,17:00-19:00,0,0,1
เย็นอากาศ - ศรีบำเพ็ญ,เย็นอากาศ,07:00-09:00,0,0,1
เย็นอากาศ - ศรีบำเพ็ญ,เย็นอากาศ,09:00-17:00,0,0,1
เย็นอากาศ - ศรีบำเพ็ญ,เย็นอากาศ,17:00-19:00,0,0,1
เรือนจำ,มหาไชย,07:00-09:00,0,1,0
เรือนจำ,มหาไชย,09:00-16:00,0,1,0
เรือนจำ,มหาไชย,16:00-19:00,0,1,0
เรือนจำ,หลวง,07:00-09:00,0,1,0
เรือนจำ,หลวง,09:00-16:00,0,1,0
เรือนจำ,หลวง,16:00-19:00,0,1,0
เลียบคลองประปา - ซ.ย่านิ่มพัฒนา,ย่านิ่มพัฒนา,07:00-09:00,0,0,1
เลียบคลองประปา - ซ.ย่านิ่มพัฒนา,ย่านิ่มพัฒนา,09:00-17:00,0,0,1
เลียบคลองประปา - ซ.ย่านิ่มพัฒนา,ย่านิ่มพัฒนา,17:00-19:00,0,0,1
เลียบคลองประปา - ซ.ย่านิ่มพัฒนา,เลียบคลองประปา,07:00-09:00,0,0,1
เลียบคลองประปา - ซ.ย่านิ่มพัฒนา,เลียบคลองประปา,09:00-17:00,0,0,1
เลียบคลองประปา - ซ.ย่านิ่มพัฒนา,เลียบคลองประปา,17:00-19:00,0,0,1
เลียบคลองประปา - ซ.หมู่บ้านสวนพงษ์เพชร 7,หมู่บ้านสวนพงษ์เพชร 7,07:00-09:00,0,0,1
เลียบคลองประปา - ซ.หมู่บ้านสวนพงษ์เพชร 7,หมู่บ้านสวนพงษ์เพชร 7,09:00-17:00,0,0,1
เลียบคลองประปา - ซ.หมู่บ้านสวนพงษ์เพชร 7,หมู่บ้านสวนพงษ์เพชร 7,17:00-19:00,0,0,1
เลียบคลองประปา - ซ.หมู่บ้านสวนพงษ์เพชร 7,เลียบคลองประปา,07:00-09:00,0,0,1
เลียบคลองประปา - ซ.หมู่บ้านสวนพงษ์เพชร 7,เลียบคลองประปา,09:00-17:00,0,0,1
เลียบคลองประปา - ซ.หมู่บ้านสวนพงษ์เพชร 7,เลียบคลองประปา,17:00-19:00,0,0,1
เลียบคลองประปาฝั่งตะวันออก,เลียบคลองประปาฝั่งตะวันออก,07:00-09:00,0,0,1
เลียบคลองประปาฝั่งตะวันออก,เลียบคลองประปาฝั่งตะวันออก,09:00-17:00,0,0,1
เลียบคลองประปาฝั่งตะวันออก,เลียบคลองประปาฝั่งตะวันออก,17:00-19:00,0,0,1
เลียบคลองประปาฝั่งตะวันออก,แจ้งวัฒนะ,07:00-09:00,0,0,1
เลียบคลองประปาฝั่งตะวันออก,แจ้งวัฒนะ,09:00-17:00,0,0,1
เลียบคลองประปาฝั่งตะวันออก,แจ้งวัฒนะ,17:00-19:00,0,0,1
เลียบคลองประปาฝั่งตะวันออก - ซ.ส่วนบุคคล (หลังโลตัส),เลียบคลองประปาฝั่งตะวันออก,07:00-09:00,0,0,1
เลียบคลองประปาฝั่งตะวันออก - ซ.ส่วนบุคคล (หลังโลตัส),เลียบคลองประปาฝั่งตะวันออก,09:00-17:00,0,0,1
เลียบคลองประปาฝั่งตะวันออก - ซ.ส่วนบุคคล (หลังโลตัส),เลียบคลองประปาฝั่งตะวันออก,17:00-19:00,0,0,1
เลียบคลองภาษีเจริญฝั่งเหนือ - เพชรเกษม 81,เพชรเกษม 81,07:00-09:00,0,0,2
เลียบคลองภาษีเจริญฝั่งเหนือ - เพชรเกษม 81,เพชรเกษม 81,09:00-17:00,0,0,2
เลียบคลองภาษีเจริญฝั่งเหนือ - เพชรเกษม 81,เพชรเกษม 81,17:00-19:00,0,0,2
เลียบคลองภาษีเจริญฝั่งเหนือ - เพชรเกษม 81,เลียบคลองภาษีเจริญฝั่งเหนือ,07:00-09:00,0,0,2
เลียบคลองภาษีเจริญฝั่งเหนือ - เพชรเกษม 81,เลียบคลองภาษีเจริญฝั่งเหนือ,09:00-17:00,0,0,2
เลียบคลองภาษีเจริญฝั่งเหนือ - เพชรเกษม 81,เลียบคลองภาษีเจริญฝั่งเหนือ,17:00-19:00,0,0,2
เลียบคลองภาษีเจริญฝั่งเหนือ 9,เลียบคลองภาษีเจริญฝั่งเหนือ,07:00-09:00,0,0,1
เลียบคลองภาษีเจริญฝั่งเหนือ 9,เลียบคลองภาษีเจริญฝั่งเหนือ,09:00-17:00,0,0,1
เลียบคลองภาษีเจริญฝั่งเหนือ 9,เลียบคลองภาษีเจริญฝั่งเหนือ,17:00-19:00,0,0,1
เลียบคลองภาษีเจริญฝั่งใต้ - เพชรเกษม 69,สวนจำปี,07:00-09:00,0,0,1
เลียบคลองภาษีเจริญฝั่งใต้ - เพชรเกษม 69,สวนจำปี,09:00-17:00,0,0,1
เลียบคลองภาษีเจริญฝั่งใต้ - เพชรเกษม 69,สวนจำปี,17:00-19:00,0,0,1
เลียบคลองภาษีเจริญฝั่งใต้ - เพชรเกษม 69,เพชรเกษม 69,07:00-09:00,0,0,1
เลียบคลองภาษีเจริญฝั่งใต้ - เพชรเกษม 69,เพชรเกษม 69,09:00-17:00,0,0,1
เลียบคลองภาษีเจริญฝั่งใต้ - เพชรเกษม 69,เพชรเกษม 69,17:00-19:00,0,0,1
เลียบคลองภาษีเจริญฝั่งใต้ - เพชรเกษม 69,เลียบคลองภาษีเจริญฝั่งใต้,07:00-09:00,0,0,1
เลียบคลองภาษีเจริญฝั่งใต้ - เพชรเกษม 69,เลียบคลองภาษีเจริญฝั่งใต้,09:00-17:00,0,0,1
เลียบคลองภาษีเจริญฝั่งใต้ - เพชรเกษม 69,เลียบคลองภาษีเจริญฝั่งใต้,17:00-19:00,0,0,1
เลียบคลองภาษีเจริญฝั่งใต้ 6,เลียบคลองภาษีเจริญฝั่งใต้,07:00-09:00,0,0,1
เลียบคลองภาษีเจริญฝั่งใต้ 6,เลียบคลองภาษีเจริญฝั่งใต้,09:00-17:00,0,0,1
เลียบคลองภาษีเจริญฝั่งใต้ 6,เลียบคลองภาษีเจริญฝั่งใต้,17:00-19:00,0,0,1
เลียบคลองภาษีเจริญฝั่งใต้ 6,เลียบคลองภาษีเจริญฝั่งใต้ 6,07:00-09:00,0,0,1
เลียบคลองภาษีเจริญฝั่งใต้ 6,เลียบคลองภาษีเจริญฝั่งใต้ 6,09:00-17:00,0,0,1
เลียบคลองภาษีเจริญฝั่งใต้ 6,เลียบคลองภาษีเจริญฝั่งใต้ 6,17:00-19:00,0,0,1
เลียบคลองภาษีเจริญฝั่งใต้- เพชรเกษม 69,สวนจำปี,07:00-09:00,0,0,1
เลียบคลองภาษีเจริญฝั่งใต้- เพชรเกษม 69,สวนจำปี,09:00-17:00,0,0,1
เลียบคลองภาษีเจริญฝั่งใต้- เพชรเกษม 69,สวนจำปี,17:00-19:00,0,0,1
เลียบคลองภาษีเจริญฝั่งใต้- เพชรเกษม 69,เพชรเกษม 69,07:00-09:00,0,0,1
เลียบคลองภาษีเจริญฝั่งใต้- เพชรเกษม 69,เพชรเกษม 69,09:00-17:00,0,0,1
เลียบคลองภาษีเจริญฝั่งใต้- เพชรเกษม 69,เพชรเกษม 69,17:00-19:00,0,0,1
เลียบคลองภาษีเจริญฝั่งใต้- เพชรเกษม 69,เลียบคลองภาษีเจริญฝั่งใต้,07:00-09:00,0,0,1
เลียบคลองภาษีเจริญฝั่งใต้- เพชรเกษม 69,เลียบคลองภาษีเจริญฝั่งใต้,09:00-17:00,0,0,1
เลียบคลองภาษีเจริญฝั่งใต้- เพชรเกษม 69,เลียบคลองภาษีเจริญฝั่งใต้,17:00-19:00,0,0,1
เลียบด่วนกาญจนาภิเษก - ใต้ทางด่วน (จุดที่ 1),เลียบด่วนกาญจนาภิเษก,07:00-09:00,0,0,1
เลียบด่วนกาญจนาภิเษก - ใต้ทางด่วน (จุดที่ 1),เลียบด่วนกาญจนาภิเษก,09:00-16:00,0,0,1
เลียบด่วนกาญจนาภิเษก - ใต้ทางด่วน (จุดที่ 1),เลียบด่วนกาญจนาภิเษก,16:00-19:00,0,0,1
เลียบด่วนกาญจนาภิเษก - ใต้ทางด่วน (จุดที่ 1),ใต้ทางด่วน,07:00-09:00,0,0,1
เลียบด่วนกาญจนาภิเษก - ใต้ทางด่วน (จุดที่ 1),ใต้ทางด่วน,09:00-16:00,0,0,1
เลียบด่วนกาญจนาภิเษก - ใต้ทางด่วน (จุดที่ 1),ใต้ทางด่วน,16:00-19:00,0,0,1
เลียบด่วนกาญจนาภิเษก - ใต้ทางด่วน (จุดที่2),เลียบด่วนกาญจนาภิเษก,07:00-09:00,0,0,1
เลียบด่วนกาญจนาภิเษก - ใต้ทางด่วน (จุดที่2),เลียบด่วนกาญจนาภิเษก,09:00-16:00,0,0,1
เลียบด่วนกาญจนาภิเษก - ใต้ทางด่วน (จุดที่2),เลียบด่วนกาญจนาภิเษก,16:00-19:00,0,0,1
เลียบด่วนกาญจนาภิเษก - ใต้ทางด่วน (จุดที่2),ใต้ทางด่วน,07:00-09:00,0,0,1
เลียบด่วนกาญจนาภิเษก - ใต้ทางด่วน (จุดที่2),ใต้ทางด่วน,09:00-16:00,0,0,1
เลียบด่วนกาญจนาภิเษก - ใต้ทางด่วน (จุดที่2),ใต้ทางด่วน,16:00-19:00,0,0,1
เลียบทางรถไฟสายใต้ - ฉิมพลี,ฉิมพลี,07:00-09:00,0,0,1
เลียบทางรถไฟสายใต้ - ฉิมพลี,ฉิมพลี,09:00-17:00,0,0,1
เลียบทางรถไฟสายใต้ - ฉิมพลี,ฉิมพลี,17:00-19:00,0,0,1
เลียบทางรถไฟสายใต้ - ฉิมพลี,เลียบทางรถไฟสายใต้,07:00-09:00,0,0,1
เลียบทางรถไฟสายใต้ - ฉิมพลี,เลียบทางรถไฟสายใต้,09:00-17:00,0,0,1
เลียบทางรถไฟสายใต้ - ฉิมพลี,เลียบทางรถไฟสายใต้,17:00-19:00,0,0,1
เลียบทางรถไฟสายใต้ - เอราวัณ ปาร์ค อเวนิว,เลียบทางรถไฟสายใต้,07:00-09:00,0,0,1
เลียบทางรถไฟสายใต้ - เอราวัณ ปาร์ค อเวนิว,เลียบทางรถไฟสายใต้,09:00-17:00,0,0,1
เลียบทางรถไฟสายใต้ - เอราวัณ ปาร์ค อเวนิว,เลียบทางรถไฟสายใต้,17:00-19:00,0,0,1
เลียบทางรถไฟสายใต้ - เอราวัณ ปาร์ค อเวนิว,เอราวัณ ปาร์ค อเวนิว,07:00-09:00,0,0,1
เลียบทางรถไฟสายใต้ - เอราวัณ ปาร์ค อเวนิว,เอราวัณ ปาร์ค อเวนิว,09:00-17:00,0,0,1
เลียบทางรถไฟสายใต้ - เอราวัณ ปาร์ค อเวนิว,เอราวัณ ปาร์ค อเวนิว,17:00-19:00,0,0,1
เลียบทางรถไฟสายใต้ - เอราวัณ ปาร์คอเวนิว,เลียบทางรถไฟสายใต้,07:00-09:00,0,0,1
เลียบทางรถไฟสายใต้ - เอราวัณ ปาร์คอเวนิว,เลียบทางรถไฟสายใต้,09:00-17:00,0,0,1
เลียบทางรถไฟสายใต้ - เอราวัณ ปาร์คอเวนิว,เลียบทางรถไฟสายใต้,17:00-19:00,0,0,1
เลียบทางรถไฟสายใต้ - เอราวัณ ปาร์คอเวนิว,เอราวัณ ปาร์ค อเวนิว,07:00-09:00,0,0,1
เลียบทางรถไฟสายใต้ - เอราวัณ ปาร์คอเวนิว,เอราวัณ ปาร์ค อเวนิว,09:00-17:00,0,0,1
เลียบทางรถไฟสายใต้ - เอราวัณ ปาร์คอเวนิว,เอราวัณ ปาร์ค อเวนิว,17:00-19:00,0,0,1
เลียบวารี - ซ.มิตรไมตรี 23,มิตรไมตรี 23,07:00-09:00,0,0,1
เลียบวารี - ซ.มิตรไมตรี 23,มิตรไมตรี 23,09:00-17:00,0,0,1
เลียบวารี - ซ.มิตรไมตรี 23,มิตรไมตรี 23,17:00-19:00,0,0,1
เลียบวารี - ซ.มิตรไมตรี 23,เลียบวารี,07:00-09:00,0,0,1
เลียบวารี - ซ.มิตรไมตรี 23,เลียบวารี,09:00-17:00,0,0,1
เลียบวารี - ซ.มิตรไมตรี 23,เลียบวารี,17:00-19:00,0,0,1
เลียบวารี - เลียบวารี 2,เลียบวารี,07:00-09:00,0,0,1
เลียบวารี - เลียบวารี 2,เลียบวารี,09:00-16:00,0,0,1
เลียบวารี - เลียบวารี 2,เลียบวารี,16:00-19:00,0,0,1
เลียบวารี - เลียบวารี 2,เลียบวารี 2,07:00-09:00,0,0,1
เลียบวารี - เลียบวารี 2,เลียบวารี 2,09:00-16:00,0,0,1
เลียบวารี - เลียบวารี 2,เลียบวารี 2,16:00-19:00,0,0,1
เลียบวารี - เลียบวารี 8,เลียบวารี,07:00-09:00,0,0,1
เลียบวารี - เลียบวารี 8,เลียบวารี,09:00-16:00,0,0,1
เลียบวารี - เลียบวารี 8,เลียบวารี,16:00-19:00,0,0,1
เลียบวารี - เลียบวารี 8,เลียบวารี 8,07:00-09:00,0,0,1
เลียบวารี - เลียบวารี 8,เลียบวารี 8,09:00-16:00,0,0,1
เลียบวารี - เลียบวารี 8,เลียบวารี 8,16:00-19:00,0,0,1
เลียบวารี 11,เลียบวารี,07:00-09:00,0,0,1
เลียบวารี 11,เลียบวารี,09:00-17:00,0,0,1
เลียบวารี 11,เลียบวารี,17:00-19:00,0,0,1
เลียบวารี 59,เลียบวารี,07:00-09:00,0,0,1
เลียบวารี 59,เลียบวารี,09:00-16:00,0,0,1
เลียบวารี 59,เลียบวารี,16:00-19:00,0,0,1
เลียบวารี- เชื่อมสัมพันธ์,ประชาสำราญ,07:00-09:00,1,0,0
เลียบวารี- เชื่อมสัมพันธ์,ประชาสำราญ,09:00-16:00,1,0,0
เลียบวารี- เชื่อมสัมพันธ์,ประชาสำราญ,16:00-19:00,1,0,0
เลียบวารี- เชื่อมสัมพันธ์,สังฆสันติสุข,07:00-09:00,1,0,0
เลียบวารี- เชื่อมสัมพันธ์,สังฆสันติสุข,09:00-16:00,1,0,0
เลียบวารี- เชื่อมสัมพันธ์,สังฆสันติสุข,16:00-19:00,1,0,0
เลียบวารี- เชื่อมสัมพันธ์,เชื่อมสัมพันธ์,07:00-09:00,1,0,0
เลียบวารี- เชื่อมสัมพันธ์,เชื่อมสัมพันธ์,09:00-16:00,1,0,0
เลียบวารี- เชื่อมสัมพันธ์,เชื่อมสัมพันธ์,16:00-19:00,1,0,0
เลียบวารี- เชื่อมสัมพันธ์,เลียบวารี,07:00-09:00,1,0,0
เลียบวารี- เชื่อมสัมพันธ์,เลียบวารี,09:00-16:00,1,0,0
เลียบวารี- เชื่อมสัมพันธ์,เลียบวารี,16:00-19:00,1,0,0
เศรษฐกศิริ,เทอดดำริ,06:30-09:00,1,0,0
เศรษฐกศิริ,เทอดดำริ,09:00-16:00,1,0,0
เศรษฐกศิริ,เทอดดำริ,16:00-19:30,1,0,0
เศรษฐกศิริ,เศรษฐศิริ,07:00-09:00,1,0,0
เศรษฐกศิริ,เศรษฐศิริ,09:00-16:00,1,0,0
เศรษฐกศิริ,เศรษฐศิริ,16:00-19:00,1,0,0
เศรษฐศิริ,ทางขึ้นลงทางด่วน,07:00-09:00,0,1,0
เศรษฐศิริ,ทางขึ้นลงทางด่วน,09:00-16:00,0,1,0
เศรษฐศิริ,ทางขึ้นลงทางด่วน,16:00-19:00,0,1,0
เศรษฐศิริ,พระรามที่ 6,07:00-09:00,0,1,0
เศรษฐศิริ,พระรามที่ 6,09:00-16:00,0,1,0
เศรษฐศิริ,พระรามที่ 6,16:00-19:00,0,1,0
เศรษฐศิริ,เทอดดำริ,07:00-09:00,1,1,1
เศรษฐศิริ,เทอดดำริ,09:00-16:00,1,1,0
เศรษฐศิริ,เทอดดำริ,09:00-17:00,0,0,1
เศรษฐศิริ,เทอดดำริ,16:00-19:00,1,1,0
เศรษฐศิริ,เทอดดำริ,17:00-19:00,0,0,1
เศรษฐศิริ,เศรษฐศิริ,07:00-09:00,1,2,1
เศรษฐศิริ,เศรษฐศิริ,09:00-16:00,1,2,0
เศรษฐศิริ,เศรษฐศิริ,09:00-17:00,0,0,1
เศรษฐศิริ,เศรษฐศิริ,16:00-19:00,1,2,0
เศรษฐศิริ,เศรษฐศิริ,17:00-19:00,0,0,1
เสนาคม,พหลโยธิน,07:00-09:00,0,0,1
เสนาคม,พหลโยธิน,09:00-16:00,0,0,1
เสนาคม,พหลโยธิน,16:00-19:00,0,0,1
เสนาคม,เสนานิคม,07:00-09:00,0,0,1
เสนาคม,เสนานิคม,09:00-16:00,0,0,1
เสนาคม,เสนานิคม,16:00-19:00,0,0,1
เสนานิคม,ซอยเสนานิคม,06:30-09:00,1,0,0
เสนานิคม,ซอยเสนานิคม,07:00-09:00,1,0,0
เสนานิคม,ซอยเสนานิคม,09:00-16:00,2,0,0
เสนานิคม,ซอยเสนานิคม,16:00-19:00,1,0,0
เสนานิคม,ซอยเสนานิคม,16:00-19:30,1,0,0
เสนานิคม,พหลโยธิน,07:00-09:00,2,1,0
เสนานิคม,พหลโยธิน,09:00-16:00,2,1,0
เสนานิคม,พหลโยธิน,16:00-19:00,2,1,0
เสนานิคม,เสนานิคม,07:00-09:00,0,1,0
เสนานิคม,เสนานิคม,09:00-16:00,0,1,0
เสนานิคม,เสนานิคม,16:00-19:00,0,1,0
เสนานิคม (23 เม.ย.69),พหลโยธิน,07:00-09:00,0,0,1
เสนานิคม (23 เม.ย.69),พหลโยธิน,09:00-17:00,0,0,1
เสนานิคม (23 เม.ย.69),พหลโยธิน,17:00-19:00,0,0,1
เสนานิคม (23 เม.ย.69),เสนานิคม,07:00-09:00,0,0,1
เสนานิคม (23 เม.ย.69),เสนานิคม,09:00-17:00,0,0,1
เสนานิคม (23 เม.ย.69),เสนานิคม,17:00-19:00,0,0,1
เสนานิคม 1 - เสนานิคม 1 ซอย 12,เสนานิคม 1,07:00-09:00,1,0,0
เสนานิคม 1 - เสนานิคม 1 ซอย 12,เสนานิคม 1,09:00-16:00,1,0,0
เสนานิคม 1 - เสนานิคม 1 ซอย 12,เสนานิคม 1,16:00-19:00,1,0,0
เสนานิคม 1 - เสนานิคม 1 ซอย 12,เสนานิคม 1 ซอย 12,07:00-09:00,1,0,0
เสนานิคม 1 - เสนานิคม 1 ซอย 12,เสนานิคม 1 ซอย 12,09:00-16:00,1,0,0
เสนานิคม 1 - เสนานิคม 1 ซอย 12,เสนานิคม 1 ซอย 12,16:00-19:00,1,0,0
เสนานิคม 1 ซอย 17,เสนานิคม 1,07:00-09:00,0,0,1
เสนานิคม 1 ซอย 17,เสนานิคม 1,09:00-17:00,0,0,1
เสนานิคม 1 ซอย 17,เสนานิคม 1,17:00-19:00,0,0,1
เสนานิคม 1 ซอย 8,เสนานิคม 1,07:00-09:00,0,0,1
เสนานิคม 1 ซอย 8,เสนานิคม 1,09:00-17:00,0,0,1
เสนานิคม 1 ซอย 8,เสนานิคม 1,17:00-19:00,0,0,1
เสนานิคม 1 ซอย 8,เสนานิคม 1 ซอย 8,07:00-09:00,0,0,1
เสนานิคม 1 ซอย 8,เสนานิคม 1 ซอย 8,09:00-17:00,0,0,1
เสนานิคม 1 ซอย 8,เสนานิคม 1 ซอย 8,17:00-19:00,0,0,1
เสนานิมคม ซ.26,เสนานิคม 1,07:00-09:00,0,0,1
เสนานิมคม ซ.26,เสนานิคม 1,09:00-17:00,0,0,1
เสนานิมคม ซ.26,เสนานิคม 1,17:00-19:00,0,0,1
เสรีไทย - นวธานี,ซอยเสรีไทย 38,07:00-09:00,0,1,0
เสรีไทย - นวธานี,ซอยเสรีไทย 38,09:00-16:00,0,1,0
เสรีไทย - นวธานี,ซอยเสรีไทย 38,16:00-19:00,0,1,0
เสรีไทย - นวธานี,ทางเข้าหมู่บ้านนวธานี,07:00-09:00,0,1,0
เสรีไทย - นวธานี,ทางเข้าหมู่บ้านนวธานี,09:00-16:00,0,1,0
เสรีไทย - นวธานี,ทางเข้าหมู่บ้านนวธานี,16:00-19:00,0,1,0
เสรีไทย - นวธานี,เสรีไทย,07:00-09:00,0,1,0
เสรีไทย - นวธานี,เสรีไทย,09:00-16:00,0,1,0
เสรีไทย - นวธานี,เสรีไทย,16:00-19:00,0,1,0
เสาชิงช้า,ดินสอ,07:00-09:00,0,4,3
เสาชิงช้า,ดินสอ,09:00-16:00,0,4,2
เสาชิงช้า,ดินสอ,09:00-17:00,0,0,1
เสาชิงช้า,ดินสอ,16:00-19:00,0,4,2
เสาชิงช้า,ดินสอ,17:00-19:00,0,0,1
เสาชิงช้า,ตรีทอง,07:00-09:00,0,2,1
เสาชิงช้า,ตรีทอง,09:00-16:00,0,2,1
เสาชิงช้า,ตรีทอง,16:00-19:00,0,2,1
เสาชิงช้า,ตีทอง,07:00-09:00,0,2,2
เสาชิงช้า,ตีทอง,09:00-16:00,0,2,1
เสาชิงช้า,ตีทอง,09:00-17:00,0,0,1
เสาชิงช้า,ตีทอง,16:00-19:00,0,2,1
เสาชิงช้า,ตีทอง,17:00-19:00,0,0,1
เสาชิงช้า,บำรุงเมือง,07:00-09:00,0,6,3
เสาชิงช้า,บำรุงเมือง,09:00-16:00,0,6,2
เสาชิงช้า,บำรุงเมือง,09:00-17:00,0,0,1
เสาชิงช้า,บำรุงเมือง,16:00-19:00,0,6,2
เสาชิงช้า,บำรุงเมือง,17:00-19:00,0,0,1
เสาชิงช้า,ศิริพงษ์,07:00-09:00,0,2,0
เสาชิงช้า,ศิริพงษ์,09:00-16:00,0,2,0
เสาชิงช้า,ศิริพงษ์,16:00-19:00,0,2,0
เสาชิงช้า (2),บำรุงเมือง,06:30-09:00,0,1,0
เสาชิงช้า (2),บำรุงเมือง,07:00-09:00,0,0,1
เสาชิงช้า (2),บำรุงเมือง,09:00-16:00,0,1,1
เสาชิงช้า (2),บำรุงเมือง,16:00-19:00,0,0,1
เสาชิงช้า (2),บำรุงเมือง,16:00-19:30,0,1,0
เสาชิงช้า (2),ศิริพงษ์,06:30-09:00,0,1,0
เสาชิงช้า (2),ศิริพงษ์,07:00-09:00,0,0,1
เสาชิงช้า (2),ศิริพงษ์,09:00-16:00,0,1,1
เสาชิงช้า (2),ศิริพงษ์,16:00-19:00,0,0,1
เสาชิงช้า (2),ศิริพงษ์,16:00-19:30,0,1,0
เสาวณี,ศรีอยุธยา,07:00-09:00,1,1,1
เสาวณี,ศรีอยุธยา,09:00-16:00,1,1,0
เสาวณี,ศรีอยุธยา,09:00-17:00,0,0,1
เสาวณี,ศรีอยุธยา,16:00-19:00,1,1,0
เสาวณี,ศรีอยุธยา,17:00-19:00,0,0,1
เสาวณี,สวรรคโลก,07:00-09:00,1,1,1
เสาวณี,สวรรคโลก,09:00-16:00,1,1,0
เสาวณี,สวรรคโลก,09:00-17:00,0,0,1
เสาวณี,สวรรคโลก,16:00-19:00,1,1,0
เสาวณี,สวรรคโลก,17:00-19:00,0,0,1
เสือป่า,ราชวงศ์,07:00-09:00,1,1,1
เสือป่า,ราชวงศ์,09:00-16:00,1,1,0
เสือป่า,ราชวงศ์,09:00-17:00,0,0,1
เสือป่า,ราชวงศ์,16:00-19:00,1,1,0
เสือป่า,ราชวงศ์,17:00-19:00,0,0,1
เสือป่า,เจริญกรุง,07:00-09:00,1,1,1
เสือป่า,เจริญกรุง,09:00-16:00,1,1,0
เสือป่า,เจริญกรุง,09:00-17:00,0,0,1
เสือป่า,เจริญกรุง,16:00-19:00,1,1,0
เสือป่า,เจริญกรุง,17:00-19:00,0,0,1
เสือป่า,เสือป่า,07:00-09:00,1,1,2
เสือป่า,เสือป่า,09:00-16:00,1,1,1
เสือป่า,เสือป่า,09:00-17:00,0,0,1
เสือป่า,เสือป่า,16:00-19:00,1,1,1
เสือป่า,เสือป่า,17:00-19:00,0,0,1
เอกชัย - กาญจนาภิเษก,กาญจนาภิเษก,07:00-09:00,0,0,1
เอกชัย - กาญจนาภิเษก,กาญจนาภิเษก,09:00-17:00,0,0,1
เอกชัย - กาญจนาภิเษก,กาญจนาภิเษก,17:00-19:00,0,0,1
เอกชัย - กาญจนาภิเษก,เอกชัย,07:00-09:00,0,0,1
เอกชัย - กาญจนาภิเษก,เอกชัย,09:00-17:00,0,0,1
เอกชัย - กาญจนาภิเษก,เอกชัย,17:00-19:00,0,0,1
เอกชัย - บางขุนเทียนชายทะเล,บางขุนเทียนชายทะเล,06:30-09:00,1,0,0
เอกชัย - บางขุนเทียนชายทะเล,บางขุนเทียนชายทะเล,09:00-16:00,1,0,0
เอกชัย - บางขุนเทียนชายทะเล,บางขุนเทียนชายทะเล,16:00-19:30,1,0,0
เอกชัย - บางขุนเทียนชายทะเล,เอกชัย,06:30-09:00,1,0,0
เอกชัย - บางขุนเทียนชายทะเล,เอกชัย,09:00-16:00,1,0,0
เอกชัย - บางขุนเทียนชายทะเล,เอกชัย,16:00-19:30,1,0,0
เอกชัย 101,เอกชัย,07:00-09:00,0,0,1
เอกชัย 101,เอกชัย,09:00-16:00,0,0,1
เอกชัย 101,เอกชัย,16:00-19:00,0,0,1
เอกชัย 101,เอกชัย 101,07:00-09:00,0,0,1
เอกชัย 101,เอกชัย 101,09:00-16:00,0,0,1
เอกชัย 101,เอกชัย 101,16:00-19:00,0,0,1
เอกชัย 69/1,เอกชัย,07:00-09:00,0,0,1
เอกชัย 69/1,เอกชัย,09:00-17:00,0,0,1
เอกชัย 69/1,เอกชัย,17:00-19:00,0,0,1
เอกชัย 69/1,เอกชัย 69/1,07:00-09:00,0,0,1
เอกชัย 69/1,เอกชัย 69/1,09:00-17:00,0,0,1
เอกชัย 69/1,เอกชัย 69/1,17:00-19:00,0,0,1
เอกชัย 89/9,เอกชัย,07:00-09:00,0,0,1
เอกชัย 89/9,เอกชัย,09:00-17:00,0,0,1
เอกชัย 89/9,เอกชัย,17:00-19:00,0,0,1
เอกชัย 89/9,เอกชัย 89/9,07:00-09:00,0,0,1
เอกชัย 89/9,เอกชัย 89/9,09:00-17:00,0,0,1
เอกชัย 89/9,เอกชัย 89/9,17:00-19:00,0,0,1
เอกมัย 12,เอกมัย 12,07:00-09:00,0,0,1
เอกมัย 12,เอกมัย 12,09:00-17:00,0,0,1
เอกมัย 12,เอกมัย 12,17:00-19:00,0,0,1
เอกมัย 9,เอกมัย,07:00-09:00,0,0,1
เอกมัย 9,เอกมัย,09:00-17:00,0,0,1
เอกมัย 9,เอกมัย,17:00-19:00,0,0,1
เอกมัยเหนือ,เพชรบุรี,07:00-09:00,1,0,0
เอกมัยเหนือ,เพชรบุรี,09:00-16:00,1,0,0
เอกมัยเหนือ,เพชรบุรี,16:00-19:00,1,0,0
เอกมัยเหนือ,เอกมัย,07:00-09:00,1,0,0
เอกมัยเหนือ,เอกมัย,09:00-16:00,1,0,0
เอกมัยเหนือ,เอกมัย,16:00-19:00,1,0,0
เอกมัยเหนือ (A 432),เพชรบุรี,07:00-09:00,1,0,0
เอกมัยเหนือ (A 432),เพชรบุรี,09:00-16:00,1,0,0
เอกมัยเหนือ (A 432),เพชรบุรี,16:00-19:00,1,0,0
เอกมัยเหนือ (A 432),เอกมัย,07:00-09:00,1,0,0
เอกมัยเหนือ (A 432),เอกมัย,09:00-16:00,1,0,0
เอกมัยเหนือ (A 432),เอกมัย,16:00-19:00,1,0,0
เอกมัยเหนือ (B 433),เพชรบุรี,07:00-09:00,1,0,0
เอกมัยเหนือ (B 433),เพชรบุรี,09:00-16:00,1,0,0
เอกมัยเหนือ (B 433),เพชรบุรี,16:00-19:00,1,0,0
เอกมัยเหนือ (B 433),เอกมัย,07:00-09:00,1,0,0
เอกมัยเหนือ (B 433),เอกมัย,09:00-16:00,1,0,0
เอกมัยเหนือ (B 433),เอกมัย,16:00-19:00,1,0,0
เอกมัยเหนือ (ทางขึ้น),เพชรบุรี,07:00-09:00,0,0,1
เอกมัยเหนือ (ทางขึ้น),เพชรบุรี,09:00-16:00,0,0,1
เอกมัยเหนือ (ทางขึ้น),เพชรบุรี,16:00-19:00,0,0,1
เอกมัยเหนือ (ทางขึ้น),เอกมัย,07:00-09:00,0,0,1
เอกมัยเหนือ (ทางขึ้น),เอกมัย,09:00-16:00,0,0,1
เอกมัยเหนือ (ทางขึ้น),เอกมัย,16:00-19:00,0,0,1
เอกมัยเหนือ (ทางลง),เพชรบุรี,07:00-09:00,0,0,1
เอกมัยเหนือ (ทางลง),เพชรบุรี,09:00-16:00,0,0,1
เอกมัยเหนือ (ทางลง),เพชรบุรี,16:00-19:00,0,0,1
เอกมัยเหนือ (ทางลง),เอกมัย,07:00-09:00,0,0,1
เอกมัยเหนือ (ทางลง),เอกมัย,09:00-16:00,0,0,1
เอกมัยเหนือ (ทางลง),เอกมัย,16:00-19:00,0,0,1
เอกมัยใต้,ซอยสุขุมวิท 63,07:00-09:00,1,1,0
เอกมัยใต้,ซอยสุขุมวิท 63,09:00-16:00,1,1,0
เอกมัยใต้,ซอยสุขุมวิท 63,16:00-19:00,1,1,0
เอกมัยใต้,ทางเขช้าออ กขนส่งเอกมัย,07:00-09:00,1,0,0
เอกมัยใต้,ทางเขช้าออ กขนส่งเอกมัย,09:00-16:00,1,0,0
เอกมัยใต้,ทางเขช้าออ กขนส่งเอกมัย,16:00-19:00,1,0,0
เอกมัยใต้,ทางเข้าขนส่งเอกมัย,07:00-09:00,0,1,1
เอกมัยใต้,ทางเข้าขนส่งเอกมัย,09:00-16:00,0,1,0
เอกมัยใต้,ทางเข้าขนส่งเอกมัย,09:00-17:00,0,0,1
เอกมัยใต้,ทางเข้าขนส่งเอกมัย,16:00-19:00,0,1,0
เอกมัยใต้,ทางเข้าขนส่งเอกมัย,17:00-19:00,0,0,1
เอกมัยใต้,ทางเข้าออกขนส่งเอกมัย,07:00-09:00,0,0,1
เอกมัยใต้,ทางเข้าออกขนส่งเอกมัย,09:00-17:00,0,0,1
เอกมัยใต้,ทางเข้าออกขนส่งเอกมัย,17:00-19:00,0,0,1
เอกมัยใต้,สุขุมวิท,06:30-09:00,1,0,0
เอกมัยใต้,สุขุมวิท,07:00-09:00,0,1,2
เอกมัยใต้,สุขุมวิท,09:00-16:00,1,1,0
เอกมัยใต้,สุขุมวิท,09:00-17:00,0,0,2
เอกมัยใต้,สุขุมวิท,16:00-19:00,0,1,0
เอกมัยใต้,สุขุมวิท,16:00-19:30,1,0,0
เอกมัยใต้,สุขุมวิท,17:00-19:00,0,0,2
เอกมัยใต้,สุขุมวิท 63,07:00-09:00,0,0,1
เอกมัยใต้,สุขุมวิท 63,09:00-17:00,0,0,1
เอกมัยใต้,สุขุมวิท 63,17:00-19:00,0,0,1
เอกมัยใต้,เอกมัย,07:00-09:00,0,0,1
เอกมัยใต้,เอกมัย,09:00-17:00,0,0,1
เอกมัยใต้,เอกมัย,17:00-19:00,0,0,1
เอส เอ บี,วรจักร,06:30-09:00,0,1,0
เอส เอ บี,วรจักร,07:00-09:00,1,0,2
เอส เอ บี,วรจักร,09:00-16:00,1,1,0
เอส เอ บี,วรจักร,09:00-17:00,0,0,2
เอส เอ บี,วรจักร,16:00-19:00,1,0,0
เอส เอ บี,วรจักร,16:00-19:30,0,1,0
เอส เอ บี,วรจักร,17:00-19:00,0,0,2
เอส เอ บี,เจริญกรุง,07:00-09:00,1,1,2
เอส เอ บี,เจริญกรุง,09:00-16:00,1,1,0
เอส เอ บี,เจริญกรุง,09:00-17:00,0,0,2
เอส เอ บี,เจริญกรุง,16:00-19:00,1,1,0
เอส เอ บี,เจริญกรุง,17:00-19:00,0,0,2
เอส.เอ.บี,วรจักร,07:00-09:00,0,0,1
เอส.เอ.บี,วรจักร,09:00-16:00,0,0,1
เอส.เอ.บี,วรจักร,16:00-19:00,0,0,1
เอส.เอ.บี,เจริญกรุง,07:00-09:00,0,0,1
เอส.เอ.บี,เจริญกรุง,09:00-16:00,0,0,1
เอส.เอ.บี,เจริญกรุง,16:00-19:00,0,0,1
แจ้งวัฒนะ,เมืองทอง,07:00-09:00,0,0,1
แจ้งวัฒนะ,เมืองทอง,09:00-16:00,0,0,1
แจ้งวัฒนะ,เมืองทอง,16:00-19:00,0,0,1
แจ้งวัฒนะ,แจ้งวัฒนะ,07:00-09:00,0,0,1
แจ้งวัฒนะ,แจ้งวัฒนะ,09:00-16:00,0,0,1
แจ้งวัฒนะ,แจ้งวัฒนะ,16:00-19:00,0,0,1
แจ้งวัฒนะ - เลียบคลองประปาฝั่งตะวันออก,เลียบคลองประปาฝั่งตะวันออก,07:00-09:00,0,0,1
แจ้งวัฒนะ - เลียบคลองประปาฝั่งตะวันออก,เลียบคลองประปาฝั่งตะวันออก,09:00-17:00,0,0,1
แจ้งวัฒนะ - เลียบคลองประปาฝั่งตะวันออก,เลียบคลองประปาฝั่งตะวันออก,17:00-19:00,0,0,1
แจ้งวัฒนะ - เลียบคลองประปาฝั่งตะวันออก,แจ้งวัฒนะ,07:00-09:00,0,0,1
แจ้งวัฒนะ - เลียบคลองประปาฝั่งตะวันออก,แจ้งวัฒนะ,09:00-17:00,0,0,1
แจ้งวัฒนะ - เลียบคลองประปาฝั่งตะวันออก,แจ้งวัฒนะ,17:00-19:00,0,0,1
แจ้งวัฒนะ – น่านเจ้า – แสนหวี,ซอยน่านเจ้า,07:00-09:00,0,0,1
แจ้งวัฒนะ – น่านเจ้า – แสนหวี,ซอยน่านเจ้า,09:00-17:00,0,0,1
แจ้งวัฒนะ – น่านเจ้า – แสนหวี,ซอยน่านเจ้า,17:00-19:00,0,0,1
แจ้งวัฒนะ – น่านเจ้า – แสนหวี,ซอยแจ้งวัฒนะ,07:00-09:00,0,0,1
แจ้งวัฒนะ – น่านเจ้า – แสนหวี,ซอยแจ้งวัฒนะ,09:00-17:00,0,0,1
แจ้งวัฒนะ – น่านเจ้า – แสนหวี,ซอยแจ้งวัฒนะ,17:00-19:00,0,0,1
แจ้งวัฒนะ – น่านเจ้า – แสนหวี,ซอยแสนหวี,07:00-09:00,0,0,1
แจ้งวัฒนะ – น่านเจ้า – แสนหวี,ซอยแสนหวี,09:00-17:00,0,0,1
แจ้งวัฒนะ – น่านเจ้า – แสนหวี,ซอยแสนหวี,17:00-19:00,0,0,1
แบริ่ง,ซอยสุขุมวิท 107,07:00-09:00,1,0,0
แบริ่ง,ซอยสุขุมวิท 107,09:00-16:00,1,0,0
แบริ่ง,ซอยสุขุมวิท 107,16:00-19:00,1,0,0
แบริ่ง,พหลโยธิน,07:00-09:00,0,0,1
แบริ่ง,สุขุมวิท,07:00-09:00,1,1,1
แบริ่ง,สุขุมวิท,09:00-16:00,1,1,0
แบริ่ง,สุขุมวิท,09:00-17:00,0,0,1
แบริ่ง,สุขุมวิท,16:00-19:00,1,1,0
แบริ่ง,สุขุมวิท,17:00-19:00,0,0,1
แบริ่ง,สุขุมวิท 107,07:00-09:00,0,1,0
แบริ่ง,สุขุมวิท 107,09:00-16:00,0,1,0
แบริ่ง,สุขุมวิท 107,16:00-19:00,0,1,0
แบริ่ง,สุขุมวิท 107 (แบริ่ง),07:00-09:00,0,0,1
แบริ่ง,สุขุมวิท 107 (แบริ่ง),09:00-17:00,0,0,1
แบริ่ง,สุขุมวิท 107 (แบริ่ง),17:00-19:00,0,0,1
แบริ่ง - ถนนตัดใหม่ลาซาล- แบริ่ง,ตัดใหม่ลาซาล - แบริ่ง,06:30-09:00,1,0,0
แบริ่ง - ถนนตัดใหม่ลาซาล- แบริ่ง,ตัดใหม่ลาซาล - แบริ่ง,09:00-16:00,1,0,0
แบริ่ง - ถนนตัดใหม่ลาซาล- แบริ่ง,ตัดใหม่ลาซาล - แบริ่ง,16:00-19:30,1,0,0
แบริ่ง - ถนนตัดใหม่ลาซาล- แบริ่ง,สุขุมวิท107(แบริ่ง),06:30-09:00,1,0,0
แบริ่ง - ถนนตัดใหม่ลาซาล- แบริ่ง,สุขุมวิท107(แบริ่ง),09:00-16:00,1,0,0
แบริ่ง - ถนนตัดใหม่ลาซาล- แบริ่ง,สุขุมวิท107(แบริ่ง),16:00-19:30,1,0,0
แปลงนาม,พลับพลาไชย,07:00-09:00,2,1,2
แปลงนาม,พลับพลาไชย,09:00-16:00,2,1,0
แปลงนาม,พลับพลาไชย,09:00-17:00,0,0,2
แปลงนาม,พลับพลาไชย,16:00-19:00,2,1,0
แปลงนาม,พลับพลาไชย,17:00-19:00,0,0,2
แปลงนาม,เจริญกรุง,07:00-09:00,2,1,2
แปลงนาม,เจริญกรุง,09:00-16:00,2,1,0
แปลงนาม,เจริญกรุง,09:00-17:00,0,0,2
แปลงนาม,เจริญกรุง,16:00-19:00,2,1,0
แปลงนาม,เจริญกรุง,17:00-19:00,0,0,2
แปลงนาม,แปลงนาม,07:00-09:00,2,1,3
แปลงนาม,แปลงนาม,09:00-16:00,2,1,1
แปลงนาม,แปลงนาม,09:00-17:00,0,0,2
แปลงนาม,แปลงนาม,16:00-19:00,2,1,1
แปลงนาม,แปลงนาม,17:00-19:00,0,0,2
แฟลตการท่า,กำแพงเพชร 6,07:00-09:00,0,0,1
แฟลตการท่า,กำแพงเพชร 6,09:00-17:00,0,0,1
แฟลตการท่า,กำแพงเพชร 6,17:00-19:00,0,0,1
แฟลตการท่า,เชิดวุฒากาศ,07:00-09:00,0,0,1
แฟลตการท่า,เชิดวุฒากาศ,09:00-17:00,0,0,1
แฟลตการท่า,เชิดวุฒากาศ,17:00-19:00,0,0,1
แม้นศรี,จักพรรดิพงษ์,07:00-09:00,1,0,0
แม้นศรี,จักพรรดิพงษ์,09:00-16:00,1,0,0
แม้นศรี,จักพรรดิพงษ์,16:00-19:00,1,0,0
แม้นศรี,จักรพรรดิพงษ์,07:00-09:00,0,1,0
แม้นศรี,จักรพรรดิพงษ์,09:00-16:00,0,1,0
แม้นศรี,จักรพรรดิพงษ์,16:00-19:00,0,1,0
แม้นศรี,บำรุงเมือง,07:00-09:00,1,1,0
แม้นศรี,บำรุงเมือง,09:00-16:00,1,1,0
แม้นศรี,บำรุงเมือง,16:00-19:00,1,1,0
แม้นศรี,วรจักร,07:00-09:00,1,1,0
แม้นศรี,วรจักร,09:00-16:00,1,1,0
แม้นศรี,วรจักร,16:00-19:00,1,1,0
แสมดำ- ซอยแสมดำ 24,ซอยแสมดำ 24,07:00-09:00,1,0,0
แสมดำ- ซอยแสมดำ 24,ซอยแสมดำ 24,09:00-16:00,1,0,0
แสมดำ- ซอยแสมดำ 24,ซอยแสมดำ 24,16:00-19:00,1,0,0
แสมดำ- ซอยแสมดำ 24,แสมดำ,07:00-09:00,1,0,0
แสมดำ- ซอยแสมดำ 24,แสมดำ,09:00-16:00,1,0,0
แสมดำ- ซอยแสมดำ 24,แสมดำ,16:00-19:00,1,0,0
แฮปปี้แลนด์,ทางออกเดอะมอลล์,07:00-09:00,0,0,2
แฮปปี้แลนด์,ทางออกเดอะมอลล์,09:00-16:00,0,0,1
แฮปปี้แลนด์,ทางออกเดอะมอลล์,09:00-17:00,0,0,1
แฮปปี้แลนด์,ทางออกเดอะมอลล์,16:00-19:00,0,0,1
แฮปปี้แลนด์,ทางออกเดอะมอลล์,17:00-19:00,0,0,1
แฮปปี้แลนด์,ลาดพร้าว,07:00-09:00,0,0,2
แฮปปี้แลนด์,ลาดพร้าว,09:00-16:00,0,0,1
แฮปปี้แลนด์,ลาดพร้าว,09:00-17:00,0,0,1
แฮปปี้แลนด์,ลาดพร้าว,16:00-19:00,0,0,1
แฮปปี้แลนด์,ลาดพร้าว,17:00-19:00,0,0,1
แฮปปี้แลนด์,แฮปปี้แลนด์,07:00-09:00,0,0,2
แฮปปี้แลนด์,แฮปปี้แลนด์,09:00-16:00,0,0,1
แฮปปี้แลนด์,แฮปปี้แลนด์,09:00-17:00,0,0,1
แฮปปี้แลนด์,แฮปปี้แลนด์,16:00-19:00,0,0,1
แฮปปี้แลนด์,แฮปปี้แลนด์,17:00-19:00,0,0,1
แฮปปี้แลนด์สาย 2 - ลาดพร้าว,ลาดพร้าว,07:00-09:00,0,0,1
แฮปปี้แลนด์สาย 2 - ลาดพร้าว,ลาดพร้าว,09:00-17:00,0,0,1
แฮปปี้แลนด์สาย 2 - ลาดพร้าว,ลาดพร้าว,17:00-19:00,0,0,1
แฮปปี้แลนด์สาย 2 - ลาดพร้าว,แฮปปี้แลนด์ สาย 2,07:00-09:00,0,0,1
แฮปปี้แลนด์สาย 2 - ลาดพร้าว,แฮปปี้แลนด์ สาย 2,09:00-17:00,0,0,1
แฮปปี้แลนด์สาย 2 - ลาดพร้าว,แฮปปี้แลนด์ สาย 2,17:00-19:00,0,0,1
โชคชัย 4,ชอยลาดพร้าว35(โชคชัย 4),07:00-09:00,1,0,0
โชคชัย 4,ชอยลาดพร้าว35(โชคชัย 4),09:00-16:00,1,0,0
โชคชัย 4,ชอยลาดพร้าว35(โชคชัย 4),16:00-19:00,1,0,0
โชคชัย 4,ซอยลาดพร้าว56,07:00-09:00,1,0,0
โชคชัย 4,ซอยลาดพร้าว56,09:00-16:00,1,0,0
โชคชัย 4,ซอยลาดพร้าว56,16:00-19:00,1,0,0
โชคชัย 4,ลาดพร้าว,07:00-09:00,1,0,1
โชคชัย 4,ลาดพร้าว,09:00-16:00,1,0,0
โชคชัย 4,ลาดพร้าว,09:00-17:00,0,0,1
โชคชัย 4,ลาดพร้าว,16:00-19:00,1,0,0
โชคชัย 4,ลาดพร้าว,17:00-19:00,0,0,1
โชคชัย 4,ลาดพร้าว 53/1,07:00-09:00,0,0,1
โชคชัย 4,ลาดพร้าว 53/1,09:00-17:00,0,0,1
โชคชัย 4,ลาดพร้าว 53/1,17:00-19:00,0,0,1
โชคชัย 4,ลาดพร้าว 58,07:00-09:00,0,0,1
โชคชัย 4,ลาดพร้าว 58,09:00-17:00,0,0,1
โชคชัย 4,ลาดพร้าว 58,17:00-19:00,0,0,1
โชคชัย 4 ซอย 54,โชคชยั 4,07:00-09:00,0,1,0
โชคชัย 4 ซอย 54,โชคชยั 4,09:00-16:00,0,1,0
โชคชัย 4 ซอย 54,โชคชยั 4,16:00-19:00,0,1,0
โชคชัย 4 ซอย 54,โชคชัย 4 ซ. 51,07:00-09:00,0,1,0
โชคชัย 4 ซอย 54,โชคชัย 4 ซ. 52,09:00-16:00,0,1,0
โชคชัย 4 ซอย 54,โชคชัย 4 ซ. 53,16:00-19:00,0,1,0
โชคชัย 4 ซอย 54,โชคชัย 4 ซอย 54,07:00-09:00,0,1,0
โชคชัย 4 ซอย 54,โชคชัย 4 ซอย 54,09:00-16:00,0,1,0
โชคชัย 4 ซอย 54,โชคชัย 4 ซอย 54,16:00-19:00,0,1,0
โพธิสามต้น,วังเดิม,07:00-09:00,1,0,0
โพธิสามต้น,วังเดิม,09:00-16:00,1,0,0
โพธิสามต้น,วังเดิม,16:00-19:00,1,0,0
โพธิสามต้น,อิสรภาพ,07:00-09:00,1,0,0
โพธิสามต้น,อิสรภาพ,09:00-16:00,1,0,0
โพธิสามต้น,อิสรภาพ,16:00-19:00,1,0,0
โพธิ์สามต้น,วังเดิม,07:00-09:00,1,2,2
โพธิ์สามต้น,วังเดิม,09:00-16:00,1,2,0
โพธิ์สามต้น,วังเดิม,09:00-17:00,0,0,2
โพธิ์สามต้น,วังเดิม,16:00-19:00,1,2,0
โพธิ์สามต้น,วังเดิม,17:00-19:00,0,0,2
โพธิ์สามต้น,อิสรภาพ,07:00-09:00,1,2,2
โพธิ์สามต้น,อิสรภาพ,09:00-16:00,1,2,0
โพธิ์สามต้น,อิสรภาพ,09:00-17:00,0,0,2
โพธิ์สามต้น,อิสรภาพ,16:00-19:00,1,2,0
โพธิ์สามต้น,อิสรภาพ,17:00-19:00,0,0,2
โพธิ์แก้ว,ทางเข้าวัดบางเตย,07:00-09:00,2,1,2
โพธิ์แก้ว,ทางเข้าวัดบางเตย,09:00-16:00,2,1,1
โพธิ์แก้ว,ทางเข้าวัดบางเตย,09:00-17:00,0,0,1
โพธิ์แก้ว,ทางเข้าวัดบางเตย,16:00-19:00,2,1,1
โพธิ์แก้ว,ทางเข้าวัดบางเตย,17:00-19:00,0,0,1
โพธิ์แก้ว,นวมินทร์,07:00-09:00,2,1,2
โพธิ์แก้ว,นวมินทร์,09:00-16:00,2,1,1
โพธิ์แก้ว,นวมินทร์,09:00-17:00,0,0,1
โพธิ์แก้ว,นวมินทร์,16:00-19:00,2,1,1
โพธิ์แก้ว,นวมินทร์,17:00-19:00,0,0,1
โพธิ์แก้ว,โพธิ์แก้ว,07:00-09:00,2,1,2
โพธิ์แก้ว,โพธิ์แก้ว,09:00-16:00,2,1,1
โพธิ์แก้ว,โพธิ์แก้ว,09:00-17:00,0,0,1
โพธิ์แก้ว,โพธิ์แก้ว,16:00-19:00,2,1,1
โพธิ์แก้ว,โพธิ์แก้ว,17:00-19:00,0,0,1
โรงกรองน้ำ,นครไชยศรี,06:30-09:00,0,1,0
โรงกรองน้ำ,นครไชยศรี,07:00-09:00,0,1,1
โรงกรองน้ำ,นครไชยศรี,09:00-16:00,0,2,0
โรงกรองน้ำ,นครไชยศรี,09:00-17:00,0,0,1
โรงกรองน้ำ,นครไชยศรี,16:00-19:00,0,1,0
โรงกรองน้ำ,นครไชยศรี,16:00-19:30,0,1,0
โรงกรองน้ำ,นครไชยศรี,17:00-19:00,0,0,1
โรงกรองน้ำ,พระรามที่ 6,07:00-09:00,0,1,1
โรงกรองน้ำ,พระรามที่ 6,09:00-16:00,0,1,0
โรงกรองน้ำ,พระรามที่ 6,09:00-17:00,0,0,1
โรงกรองน้ำ,พระรามที่ 6,16:00-19:00,0,1,0
โรงกรองน้ำ,พระรามที่ 6,17:00-19:00,0,0,1
โรงกรองน้ำ,พระรามที่6,06:30-09:00,0,1,0
โรงกรองน้ำ,พระรามที่6,09:00-16:00,0,1,0
โรงกรองน้ำ,พระรามที่6,16:00-19:30,0,1,0
โรงกรองน้้า,นครไชยศรี,07:00-09:00,2,0,0
โรงกรองน้้า,นครไชยศรี,09:00-16:00,2,0,0
โรงกรองน้้า,นครไชยศรี,16:00-19:00,2,0,0
โรงกรองน้้า,พระรามที่ 6,07:00-09:00,2,0,0
โรงกรองน้้า,พระรามที่ 6,09:00-16:00,2,0,0
โรงกรองน้้า,พระรามที่ 6,16:00-19:00,2,0,0
โรงผลิตน้ำสามเสน,พระรามที่ 6,07:00-09:00,0,1,0
โรงผลิตน้ำสามเสน,พระรามที่ 6,09:00-16:00,0,1,0
โรงผลิตน้ำสามเสน,พระรามที่ 6,16:00-19:00,0,1,0
โรงพยาบาลกลาง,ยุคคล 2,07:00-09:00,0,1,0
โรงพยาบาลกลาง,ยุคคล 2,09:00-16:00,0,1,0
โรงพยาบาลกลาง,ยุคคล 2,16:00-19:00,0,1,0
โรงพยาบาลกลาง,ยุคล 2,07:00-09:00,2,0,1
โรงพยาบาลกลาง,ยุคล 2,09:00-16:00,2,0,0
โรงพยาบาลกลาง,ยุคล 2,09:00-17:00,0,0,1
โรงพยาบาลกลาง,ยุคล 2,16:00-19:00,2,0,0
โรงพยาบาลกลาง,ยุคล 2,17:00-19:00,0,0,1
โรงพยาบาลกลาง,หลวง,07:00-09:00,2,1,1
โรงพยาบาลกลาง,หลวง,09:00-16:00,2,1,0
โรงพยาบาลกลาง,หลวง,09:00-17:00,0,0,1
โรงพยาบาลกลาง,หลวง,16:00-19:00,2,1,0
โรงพยาบาลกลาง,หลวง,17:00-19:00,0,0,1
โรงพยาบาลกลาง,เสือป่า,07:00-09:00,2,1,1
โรงพยาบาลกลาง,เสือป่า,09:00-16:00,2,1,0
โรงพยาบาลกลาง,เสือป่า,09:00-17:00,0,0,1
โรงพยาบาลกลาง,เสือป่า,16:00-19:00,2,1,0
โรงพยาบาลกลาง,เสือป่า,17:00-19:00,0,0,1
โรงพยาบาลทหารเรือ,ซ.สมเด็จพระเจ้าตากสิน 23,07:00-09:00,1,0,0
โรงพยาบาลทหารเรือ,ซ.สมเด็จพระเจ้าตากสิน 23,09:00-16:00,1,0,0
โรงพยาบาลทหารเรือ,ซ.สมเด็จพระเจ้าตากสิน 23,16:00-19:00,1,0,0
โรงพยาบาลทหารเรือ,ทางเข้ารพ.ทหารเรือ - ซ.สมเด็จพระเจ้าตากสิน 22,07:00-09:00,1,0,0
โรงพยาบาลทหารเรือ,ทางเข้ารพ.ทหารเรือ - ซ.สมเด็จพระเจ้าตากสิน 22,09:00-16:00,1,0,0
โรงพยาบาลทหารเรือ,ทางเข้ารพ.ทหารเรือ - ซ.สมเด็จพระเจ้าตากสิน 22,16:00-19:00,1,0,0
โรงพยาบาลทหารเรือ,สมเด็จพระเจ้าตากสิน,07:00-09:00,1,0,0
โรงพยาบาลทหารเรือ,สมเด็จพระเจ้าตากสิน,09:00-16:00,1,0,0
โรงพยาบาลทหารเรือ,สมเด็จพระเจ้าตากสิน,16:00-19:00,1,0,0
โรงพยาบาลบางรัก,ซอยสาทร 10,07:00-09:00,1,0,0
โรงพยาบาลบางรัก,ซอยสาทร 10,09:00-16:00,1,0,0
โรงพยาบาลบางรัก,ซอยสาทร 10,16:00-19:00,1,0,0
โรงพยาบาลบางรัก,ซอยสาทร 9,07:00-09:00,1,0,0
โรงพยาบาลบางรัก,ซอยสาทร 9,09:00-16:00,1,0,0
โรงพยาบาลบางรัก,ซอยสาทร 9,16:00-19:00,1,0,0
โรงพยาบาลบางรัก,สาทร,07:00-09:00,1,0,0
โรงพยาบาลบางรัก,สาทร,09:00-16:00,1,0,0
โรงพยาบาลบางรัก,สาทร,16:00-19:00,1,0,0
โรงพยาบาลสิรินธร,สุขาภิบาล 2,07:00-09:00,1,0,1
โรงพยาบาลสิรินธร,สุขาภิบาล 2,09:00-16:00,1,0,0
โรงพยาบาลสิรินธร,สุขาภิบาล 2,09:00-17:00,0,0,1
โรงพยาบาลสิรินธร,สุขาภิบาล 2,16:00-19:00,1,0,0
โรงพยาบาลสิรินธร,สุขาภิบาล 2,17:00-19:00,0,0,1
โรงพยาบาลสิรินธร,อ่อนนุช,07:00-09:00,1,0,1
โรงพยาบาลสิรินธร,อ่อนนุช,09:00-16:00,1,0,0
โรงพยาบาลสิรินธร,อ่อนนุช,09:00-17:00,0,0,1
โรงพยาบาลสิรินธร,อ่อนนุช,16:00-19:00,1,0,0
โรงพยาบาลสิรินธร,อ่อนนุช,17:00-19:00,0,0,1
โรงพยาบาลเวชการุณรัศม์,ทางเช้า - ออก รพ.เวชการุณศม์,07:00-09:00,0,0,1
โรงพยาบาลเวชการุณรัศม์,ทางเช้า - ออก รพ.เวชการุณศม์,09:00-17:00,0,0,1
โรงพยาบาลเวชการุณรัศม์,ทางเช้า - ออก รพ.เวชการุณศม์,17:00-19:00,0,0,1
โรงพยาบาลเวชการุณรัศม์,เลียบวารี,07:00-09:00,0,0,1
โรงพยาบาลเวชการุณรัศม์,เลียบวารี,09:00-17:00,0,0,1
โรงพยาบาลเวชการุณรัศม์,เลียบวารี,17:00-19:00,0,0,1
โรงเรียนนานาชาติแองโกลสิงคโปร์,สุขุมวิท 64,07:00-09:00,0,0,1
โรงเรียนนานาชาติแองโกลสิงคโปร์,สุขุมวิท 64,09:00-17:00,0,0,1
โรงเรียนนานาชาติแองโกลสิงคโปร์,สุขุมวิท 64,17:00-19:00,0,0,1
โรงเรียนหอวัง,พหลโยธิน,07:00-09:00,0,1,0
โรงเรียนหอวัง,พหลโยธิน,09:00-16:00,0,1,0
โรงเรียนหอวัง,พหลโยธิน,16:00-19:00,0,1,0
ใกล้คลองทวีวัฒนา,อุทยาน,07:00-09:00,2,0,0
ใกล้คลองทวีวัฒนา,อุทยาน,09:00-16:00,2,0,0
ใกล้คลองทวีวัฒนา,อุทยาน,16:00-19:00,2,0,0
ใกล้คลองบางจาก,พุทธมณฑลสาย 2,07:00-09:00,1,0,0
ใกล้คลองบางจาก,พุทธมณฑลสาย 2,09:00-16:00,2,0,0
ใกล้คลองบางจาก,พุทธมณฑลสาย 2,16:00-19:00,2,0,0
ใกล้คลองบางชัน,รามคำแหง,07:00-09:00,1,0,0
ใกล้คลองบางชัน,รามคำแหง,09:00-16:00,1,0,0
ใกล้คลองบางชัน,รามคำแหง,16:00-19:00,1,0,0
ใกล้คลองบางปะแก้ว,ราษฎร์บูรณะ,07:00-09:00,1,0,0
ใกล้คลองบางปะแก้ว,ราษฎร์บูรณะ,09:00-16:00,1,0,0
ใกล้คลองบางปะแก้ว,ราษฎร์บูรณะ,16:00-19:00,1,0,0
ใกล้คลองบางระมาด,พุทธมณฑลสาย 2,07:00-09:00,1,0,0
ใกล้คลองบางระมาด,พุทธมณฑลสาย 2,09:00-16:00,2,0,0
ใกล้คลองบางระมาด,พุทธมณฑลสาย 2,16:00-19:00,2,0,0
ใกล้คลองบ้านม้า,รามคำแหง 7,07:00-09:00,1,0,0
ใกล้คลองบ้านม้า,รามคำแหง 7,09:00-16:00,1,0,0
ใกล้คลองบ้านม้า,รามคำแหง 7,16:00-19:00,1,0,0
ใกล้คลองลาดพร้าว,ประดิษฐ์มนูธรรม,07:00-09:00,2,0,0
ใกล้คลองลาดพร้าว,ประดิษฐ์มนูธรรม,09:00-16:00,2,0,0
ใกล้คลองลาดพร้าว,ประดิษฐ์มนูธรรม,16:00-19:00,2,0,0
ใกล้จุดตัด ถ.บางขุนเทียนชายทะเล - สะแกงาม,สะแกงาม,07:00-09:00,1,0,0
ใกล้จุดตัด ถ.บางขุนเทียนชายทะเล - สะแกงาม,สะแกงาม,09:00-16:00,1,0,0
ใกล้จุดตัด ถ.บางขุนเทียนชายทะเล - สะแกงาม,สะแกงาม,16:00-19:00,1,0,0
ใกล้จุดเชื่อมต่อทางจักรยานคลองไผ่สิงโต,ดวงพิทักษ์,07:00-09:00,1,0,0
ใกล้จุดเชื่อมต่อทางจักรยานคลองไผ่สิงโต,ดวงพิทักษ์,09:00-16:00,1,0,0
ใกล้จุดเชื่อมต่อทางจักรยานคลองไผ่สิงโต,ดวงพิทักษ์,16:00-19:00,1,0,0
ใกล้ซ.อิสรภาพ 30,อิสรภาพ,07:00-09:00,0,0,1
ใกล้ซ.อิสรภาพ 30,อิสรภาพ,09:00-17:00,0,0,1
ใกล้ซ.อิสรภาพ 30,อิสรภาพ,17:00-19:00,0,0,1
ใกล้ซอยจันทน์ 35,จันทน์,07:00-09:00,0,1,0
ใกล้ซอยจันทน์ 35,จันทน์,09:00-16:00,0,1,0
ใกล้ซอยจันทน์ 35,จันทน์,16:00-19:00,0,1,0
ใกล้ซอยจันทน์ 55,จันทน์,07:00-09:00,0,1,0
ใกล้ซอยจันทน์ 55,จันทน์,09:00-16:00,0,1,0
ใกล้ซอยจันทน์ 55,จันทน์,16:00-19:00,0,1,0
ใกล้ซอยบุญอยู่,ดินแดง,07:00-09:00,0,1,0
ใกล้ซอยบุญอยู่,ดินแดง,09:00-16:00,0,1,0
ใกล้ซอยบุญอยู่,ดินแดง,16:00-19:00,0,1,0
ใกล้ซอยพระเทพรัตนโมลี 20,หลวงแพ่ง,07:00-09:00,0,0,1
ใกล้ซอยพระเทพรัตนโมลี 20,หลวงแพ่ง,09:00-17:00,0,0,1
ใกล้ซอยพระเทพรัตนโมลี 20,หลวงแพ่ง,17:00-19:00,0,0,1
ใกล้ซอยรัชดาภิเษก 22,รัชดาภิเษก,07:00-09:00,0,1,0
ใกล้ซอยรัชดาภิเษก 22,รัชดาภิเษก,09:00-16:00,0,1,0
ใกล้ซอยรัชดาภิเษก 22,รัชดาภิเษก,16:00-19:00,0,1,0
ใกล้ซอยร่มเกล้า 6,ร่มเกล้า,06:30-09:00,1,0,0
ใกล้ซอยร่มเกล้า 6,ร่มเกล้า,09:00-16:00,1,0,0
ใกล้ซอยร่มเกล้า 6,ร่มเกล้า,16:00-19:30,1,0,0
ใกล้ซอยศรีอยุธยา 5,ศรีอยุธยา,07:00-09:00,0,1,0
ใกล้ซอยศรีอยุธยา 5,ศรีอยุธยา,09:00-16:00,0,1,0
ใกล้ซอยศรีอยุธยา 5,ศรีอยุธยา,16:00-19:00,0,1,0
ใกล้ซอยเพชรบุรี 27,เพชรบุรี,07:00-09:00,0,1,0
ใกล้ซอยเพชรบุรี 27,เพชรบุรี,09:00-16:00,0,1,0
ใกล้ซอยเพชรบุรี 27,เพชรบุรี,16:00-19:00,0,1,0
ใกล้ซอยเลียบคลองสอง 5,เลียบคลองสอง,07:00-09:00,0,0,1
ใกล้ซอยเลียบคลองสอง 5,เลียบคลองสอง,09:00-17:00,0,0,1
ใกล้ซอยเลียบคลองสอง 5,เลียบคลองสอง,17:00-19:00,0,0,1
ใกล้ซอยโยธินพัฒนา,ประดิษฐ์มนูธรรม,07:00-09:00,2,0,0
ใกล้ซอยโยธินพัฒนา,ประดิษฐ์มนูธรรม,09:00-16:00,2,0,0
ใกล้ซอยโยธินพัฒนา,ประดิษฐ์มนูธรรม,16:00-19:00,2,0,0
ใกล้ตลาดนัดจตุจักร,พหลโยธิน,07:00-09:00,0,1,0
ใกล้ตลาดนัดจตุจักร,พหลโยธิน,09:00-16:00,0,1,0
ใกล้ตลาดนัดจตุจักร,พหลโยธิน,16:00-19:00,0,1,0
ใกล้ประดิษฐ์มนูธรรม - รามอินทรา,ประดิษฐ์มนูธรรม,07:00-09:00,1,0,0
ใกล้ประดิษฐ์มนูธรรม - รามอินทรา,ประดิษฐ์มนูธรรม,09:00-16:00,1,0,0
ใกล้ประดิษฐ์มนูธรรม - รามอินทรา,ประดิษฐ์มนูธรรม,16:00-19:00,1,0,0
ใกล้ปากซอยบางกระดี่25,บางกระดี่,07:00-09:00,1,0,0
ใกล้ปากซอยบางกระดี่25,บางกระดี่,09:00-16:00,1,0,0
ใกล้ปากซอยบางกระดี่25,บางกระดี่,16:00-19:00,1,0,0
ใกล้ปากซอยลาดพร้าว 101,ลาดพร้าว,07:00-09:00,1,0,0
ใกล้ปากซอยลาดพร้าว 101,ลาดพร้าว,09:00-16:00,1,0,0
ใกล้ปากซอยลาดพร้าว 101,ลาดพร้าว,16:00-19:00,1,0,0
ใกล้ปากซอยลาดพร้าว 5,ลาดพร้าว,07:00-09:00,1,0,0
ใกล้ปากซอยลาดพร้าว 5,ลาดพร้าว,09:00-16:00,1,0,0
ใกล้ปากซอยลาดพร้าว 5,ลาดพร้าว,16:00-19:00,1,0,0
ใกล้ปากซอยสรงประภา 26,สรงประภา,06:30-09:00,1,0,0
ใกล้ปากซอยสรงประภา 26,สรงประภา,09:00-16:00,1,0,0
ใกล้ปากซอยสรงประภา 26,สรงประภา,16:00-19:30,1,0,0
ใกล้ปากทางถนนเทพรักษ์- พหลโยธิน,เทพารักษ์,07:00-09:00,1,0,0
ใกล้ปากทางถนนเทพรักษ์- พหลโยธิน,เทพารักษ์,09:00-16:00,1,0,0
ใกล้ปากทางถนนเทพรักษ์- พหลโยธิน,เทพารักษ์,16:00-19:00,1,0,0
ใกล้พุทธมณฑลสาย 3 - บรมราชชนนี,พุทธมณฑลสาย 3,07:00-09:00,1,0,0
ใกล้พุทธมณฑลสาย 3 - บรมราชชนนี,พุทธมณฑลสาย 3,09:00-16:00,1,0,0
ใกล้พุทธมณฑลสาย 3 - บรมราชชนนี,พุทธมณฑลสาย 3,16:00-19:00,1,0,0
ใกล้วัดดิสหงษาราม,เพชรบุรี,07:00-09:00,0,2,0
ใกล้วัดดิสหงษาราม,เพชรบุรี,09:00-16:00,0,2,0
ใกล้วัดดิสหงษาราม,เพชรบุรี,16:00-19:00,0,2,0
ใกล้วัดนางนอง,วุฒากาศ,07:00-09:00,0,0,1
ใกล้วัดนางนอง,วุฒากาศ,09:00-17:00,0,0,1
ใกล้วัดนางนอง,วุฒากาศ,17:00-19:00,0,0,1
ใกล้วัดโพธิ์,ท้ายวง,07:00-09:00,1,0,0
ใกล้วัดโพธิ์,ท้ายวง,09:00-16:00,1,0,0
ใกล้วัดโพธิ์,ท้ายวง,16:00-19:00,1,0,0
ใกล้วัดโพธิ์,ท้ายวัง,07:00-09:00,1,0,0
ใกล้วัดโพธิ์,ท้ายวัง,09:00-16:00,1,0,0
ใกล้วัดโพธิ์,ท้ายวัง,16:00-19:00,1,0,0
ใกล้สถานี BTS วงเวียนใหญ่,กรุงธนบุรี,07:00-09:00,1,0,0
ใกล้สถานี BTS วงเวียนใหญ่,กรุงธนบุรี,09:00-16:00,1,0,0
ใกล้สถานี BTS วงเวียนใหญ่,กรุงธนบุรี,16:00-19:00,1,0,0
ใกล้สถานีรถไฟฟ้า BTS สุรศักดิ์,สาทร,07:00-09:00,1,0,0
ใกล้สถานีรถไฟฟ้า BTS สุรศักดิ์,สาทร,09:00-16:00,1,0,0
ใกล้สถานีรถไฟฟ้า BTS สุรศักดิ์,สาทร,16:00-19:00,1,0,0
ใกล้สถานีรถไฟฟ้าทองหล่อ,สุขุมวิท,07:00-09:00,1,0,0
ใกล้สถานีรถไฟฟ้าทองหล่อ,สุขุมวิท,09:00-16:00,1,0,0
ใกล้สถานีรถไฟฟ้าทองหล่อ,สุขุมวิท,16:00-19:00,1,0,0
ใกล้สถานีรถไฟฟ้าพระโขนง,สุขุมวิท,07:00-09:00,1,0,0
ใกล้สถานีรถไฟฟ้าพระโขนง,สุขุมวิท,09:00-16:00,1,0,0
ใกล้สถานีรถไฟฟ้าพระโขนง,สุขุมวิท,16:00-19:00,1,0,0
ใกล้สถานีรถไฟฟ้าพร้อมพงษ์,สุขุมวิท,07:00-09:00,1,0,0
ใกล้สถานีรถไฟฟ้าพร้อมพงษ์,สุขุมวิท,09:00-16:00,1,0,0
ใกล้สถานีรถไฟฟ้าพร้อมพงษ์,สุขุมวิท,16:00-19:00,1,0,0
ใกล้สถานีรถไฟฟ้าราชดำริ,ราชดำริ,07:00-09:00,3,0,0
ใกล้สถานีรถไฟฟ้าราชดำริ,ราชดำริ,09:00-16:00,3,0,0
ใกล้สถานีรถไฟฟ้าราชดำริ,ราชดำริ,16:00-19:00,3,0,0
ใกล้สถานีรถไฟฟ้าอ่อนนุช,สุขุมวิท,07:00-09:00,1,0,0
ใกล้สถานีรถไฟฟ้าอ่อนนุช,สุขุมวิท,09:00-16:00,1,0,0
ใกล้สถานีรถไฟฟ้าอ่อนนุช,สุขุมวิท,16:00-19:00,1,0,0
ใกล้สถานีไฟฟ้าเอกมัย,สุขุมวิท,07:00-09:00,1,0,0
ใกล้สถานีไฟฟ้าเอกมัย,สุขุมวิท,09:00-16:00,1,0,0
ใกล้สถานีไฟฟ้าเอกมัย,สุขุมวิท,16:00-19:00,1,0,0
ใกล้สะพานข้ามคลองบางจาก,พุทธมณฑลสาย 1,07:00-09:00,1,0,0
ใกล้สะพานข้ามคลองบางจาก,พุทธมณฑลสาย 1,09:00-16:00,1,0,0
ใกล้สะพานข้ามคลองบางจาก,พุทธมณฑลสาย 1,16:00-19:00,1,0,0
ใกล้สาทร - เจริญกรุง,เจริญกรุง,07:00-09:00,0,1,0
ใกล้สาทร - เจริญกรุง,เจริญกรุง,09:00-16:00,0,1,0
ใกล้สาทร - เจริญกรุง,เจริญกรุง,16:00-19:00,0,1,0
ใกล้หมู่บ้านพฤกษ์ ภิรมณ์,แบริ่งลาซาล,07:00-09:00,0,0,1
ใกล้หมู่บ้านพฤกษ์ ภิรมณ์,แบริ่งลาซาล,09:00-17:00,0,0,1
ใกล้หมู่บ้านพฤกษ์ ภิรมณ์,แบริ่งลาซาล,17:00-19:00,0,0,1
ใกล้เดอะมอลล์บางแค,เพชรเกษม,07:00-09:00,1,0,0
ใกล้เดอะมอลล์บางแค,เพชรเกษม,09:00-16:00,1,0,0
ใกล้เดอะมอลล์บางแค,เพชรเกษม,16:00-19:00,1,0,0
ใกล้เเยกอุทยาน พุทธมณฑลสาย 4,อุทยาน,07:00-09:00,1,0,0
ใกล้เเยกอุทยาน พุทธมณฑลสาย 4,อุทยาน,09:00-16:00,1,0,0
ใกล้เเยกอุทยาน พุทธมณฑลสาย 4,อุทยาน,16:00-19:00,1,0,0
ใกล้แยกกรุงเทพกรีฑา,รามคำแหง 24,07:00-09:00,1,0,0
ใกล้แยกกรุงเทพกรีฑา,รามคำแหง 24,09:00-16:00,1,0,0
ใกล้แยกกรุงเทพกรีฑา,รามคำแหง 24,16:00-19:00,1,0,0
ใกล้แยกขุนเทียนบางทะเล - พระราม 2,บางขุนเทียนชายทะเล,07:00-09:00,1,0,0
ใกล้แยกขุนเทียนบางทะเล - พระราม 2,บางขุนเทียนชายทะเล,09:00-16:00,1,0,0
ใกล้แยกขุนเทียนบางทะเล - พระราม 2,บางขุนเทียนชายทะเล,16:00-19:00,1,0,0
ใกล้แยกคลองกลางทุ่ง,บางขุนเทียนชายทะเล,07:00-09:00,1,0,0
ใกล้แยกคลองกลางทุ่ง,บางขุนเทียนชายทะเล,09:00-16:00,1,0,0
ใกล้แยกคลองกลางทุ่ง,บางขุนเทียนชายทะเล,16:00-19:00,1,0,0
ใกล้แยกด่วนเพลินจิต,ดวงพิทักษ์,07:00-09:00,1,0,0
ใกล้แยกด่วนเพลินจิต,ดวงพิทักษ์,09:00-16:00,1,0,0
ใกล้แยกด่วนเพลินจิต,ดวงพิทักษ์,16:00-19:00,1,0,0
ใกล้แยกทศกัณฐ์,พุทธมณฑลสาย 2,07:00-09:00,2,0,0
ใกล้แยกทศกัณฐ์,พุทธมณฑลสาย 2,09:00-16:00,2,0,0
ใกล้แยกทศกัณฐ์,พุทธมณฑลสาย 2,16:00-19:00,2,0,0
ใกล้แยกท่าพระ,เพชรเกษม,07:00-09:00,2,0,0
ใกล้แยกท่าพระ,เพชรเกษม,09:00-16:00,2,0,0
ใกล้แยกท่าพระ,เพชรเกษม,16:00-19:00,2,0,0
ใกล้แยกนราธิวาส -สุรวงศ์,นราธิวาสราชนครินทร์,07:00-09:00,1,0,0
ใกล้แยกนราธิวาส -สุรวงศ์,นราธิวาสราชนครินทร์,09:00-16:00,1,0,0
ใกล้แยกนราธิวาส -สุรวงศ์,นราธิวาสราชนครินทร์,16:00-19:00,1,0,0
ใกล้แยกบรมราชชนนี,จรัญสนิทวงศ์,07:00-09:00,2,0,0
ใกล้แยกบรมราชชนนี,จรัญสนิทวงศ์,09:00-16:00,2,0,0
ใกล้แยกบรมราชชนนี,จรัญสนิทวงศ์,16:00-19:00,2,0,0
ใกล้แยกบางแค,เพชรเกษม,09:00-16:00,1,0,0
ใกล้แยกบางแค,เพชรเกษม,16:00-19:00,1,0,0
ใกล้แยกบางแค,เพชรเกาษม,07:00-09:00,1,0,0
ใกล้แยกประดิษฐ์มนูธรรม -รามอินทรา,ประดิษฐ์มนูธรรม,07:00-09:00,1,0,0
ใกล้แยกประดิษฐ์มนูธรรม -รามอินทรา,ประดิษฐ์มนูธรรม,09:00-16:00,1,0,0
ใกล้แยกประดิษฐ์มนูธรรม -รามอินทรา,ประดิษฐ์มนูธรรม,16:00-19:00,1,0,0
ใกล้แยกพัฒนาการ,ศรีนครินทร์,07:00-09:00,1,0,0
ใกล้แยกพัฒนาการ,ศรีนครินทร์,09:00-16:00,1,0,0
ใกล้แยกพัฒนาการ,ศรีนครินทร์,16:00-19:00,1,0,0
ใกล้แยกรัชดา - นราธิวาส,นราธิวาสราชนครินทร์,07:00-09:00,1,0,0
ใกล้แยกรัชดา - นราธิวาส,นราธิวาสราชนครินทร์,09:00-16:00,1,0,0
ใกล้แยกรัชดา - นราธิวาส,นราธิวาสราชนครินทร์,16:00-19:00,1,0,0
ใกล้แยกรัชโยธิน,พหลโยธิน,07:00-09:00,2,0,0
ใกล้แยกรัชโยธิน,พหลโยธิน,09:00-16:00,2,0,0
ใกล้แยกรัชโยธิน,พหลโยธิน,16:00-19:00,2,0,0
ใกล้แยกราชดำริ,ราชดำริ,07:00-09:00,3,0,0
ใกล้แยกราชดำริ,ราชดำริ,09:00-16:00,3,0,0
ใกล้แยกราชดำริ,ราชดำริ,16:00-19:00,3,0,0
ใกล้แยกรามคำแหง - ร่มเกล้า,รามคำแหง,07:00-09:00,1,0,0
ใกล้แยกรามคำแหง - ร่มเกล้า,รามคำแหง,09:00-16:00,1,0,0
ใกล้แยกรามคำแหง - ร่มเกล้า,รามคำแหง,16:00-19:00,1,0,0
ใกล้แยกวิทยุ,สาทร,07:00-09:00,2,0,0
ใกล้แยกวิทยุ,สาทร,09:00-16:00,2,0,0
ใกล้แยกวิทยุ,สาทร,16:00-19:00,2,0,0
ใกล้แยกศิริราช,อรุณอัมรินทร์,07:00-09:00,2,0,0
ใกล้แยกศิริราช,อรุณอัมรินทร์,09:00-16:00,2,0,0
ใกล้แยกศิริราช,อรุณอัมรินทร์,16:00-19:00,2,0,0
ใกล้แยกสาทร - นราธิวาส,สาทร,07:00-09:00,2,0,0
ใกล้แยกสาทร - นราธิวาส,สาทร,09:00-16:00,2,0,0
ใกล้แยกสาทร - นราธิวาส,สาทร,16:00-19:00,2,0,0
ใกล้แยกอุดมสุข,ศรีนครินทร์,07:00-09:00,1,0,0
ใกล้แยกอุดมสุข,ศรีนครินทร์,09:00-16:00,1,0,0
ใกล้แยกอุดมสุข,ศรีนครินทร์,16:00-19:00,1,0,0
ใกล้แยกอุทยาน - พุทธมณฑลสาย 3,ยุทยาน,07:00-09:00,1,0,0
ใกล้แยกอุทยาน - พุทธมณฑลสาย 3,ยุทยาน,09:00-16:00,1,0,0
ใกล้แยกอุทยาน - พุทธมณฑลสาย 3,ยุทยาน,16:00-19:00,1,0,0
ใกล้แยกอุทยาน - พุทธมณฑลสาย 3,อุทยาน,07:00-09:00,1,0,0
ใกล้แยกอุทยาน - พุทธมณฑลสาย 3,อุทยาน,09:00-16:00,1,0,0
ใกล้แยกอุทยาน - พุทธมณฑลสาย 3,อุทยาน,16:00-19:00,1,0,0
"ใกล้แยกอุทยาน - พุทธมณฑลสาย,.4",อุทยาน,07:00-09:00,1,0,0
"ใกล้แยกอุทยาน - พุทธมณฑลสาย,.4",อุทยาน,09:00-16:00,1,0,0
"ใกล้แยกอุทยาน - พุทธมณฑลสาย,.4",อุทยาน,16:00-19:00,1,0,0
ใกล้แยกเพชรเกษม - พุทธมณฑลสาย 2,เพชรเกษม,07:00-09:00,1,0,0
ใกล้แยกเพชรเกษม - พุทธมณฑลสาย 2,เพชรเกษม,09:00-16:00,1,0,0
ใกล้แยกเพชรเกษม - พุทธมณฑลสาย 2,เพชรเกษม,16:00-19:00,1,0,0
ใกล้แยกเพชรเกษม - พุทธมณฑลสาย 3,เพชรเกษม,07:00-09:00,1,0,0
ใกล้แยกเพชรเกษม - พุทธมณฑลสาย 3,เพชรเกษม,09:00-16:00,1,0,0
ใกล้แยกเพชรเกษม - พุทธมณฑลสาย 3,เพชรเกษม,16:00-19:00,1,0,0
ใกล้แยกเพชรเกษม - พุทธมณสาย 3,เพชรเกษม,07:00-09:00,1,0,0
ใกล้แยกเพชรเกษม - พุทธมณสาย 3,เพชรเกษม,09:00-16:00,1,0,0
ใกล้แยกเพชรเกษม - พุทธมณสาย 3,เพชรเกษม,16:00-19:00,1,0,0
ใกล้แยกเพชรเกษม 69,เพชรเกษม,07:00-09:00,1,0,0
ใกล้แยกเพชรเกษม 69,เพชรเกษม,09:00-16:00,1,0,0
ใกล้แยกเพชรเกษม 69,เพชรเกษม,16:00-19:00,1,0,0
ใกล้แยกเพชรเกษม-พุทธมณสาย2,เพชรเกษม,07:00-09:00,1,0,0
ใกล้แยกเพชรเกษม-พุทธมณสาย2,เพชรเกษม,09:00-16:00,1,0,0
ใกล้แยกเพชรเกษม-พุทธมณสาย2,เพชรเกษม,16:00-19:00,1,0,0
ใกล้แยกไฟฉาย,จรัญสนิทวงศ์,07:00-09:00,2,0,0
ใกล้แยกไฟฉาย,จรัญสนิทวงศ์,09:00-16:00,2,0,0
ใกล้แยกไฟฉาย,จรัญสนิทวงศ์,16:00-19:00,2,0,0
ใกล้โรงเรียนสามเสนวิทยาลัย,พระรามที่ 6,07:00-09:00,0,1,0
ใกล้โรงเรียนสามเสนวิทยาลัย,พระรามที่ 6,09:00-16:00,0,1,0
ใกล้โรงเรียนสามเสนวิทยาลัย,พระรามที่ 6,16:00-19:00,0,1,0
ใต้ด่วนดินแดง,ดินแดง,07:00-09:00,0,0,2
ใต้ด่วนดินแดง,ดินแดง,09:00-17:00,0,0,2
ใต้ด่วนดินแดง,ดินแดง,17:00-19:00,0,0,2
ใต้ด่วนดินแดง,ดินแดงตัดใหม่,07:00-09:00,0,0,2
ใต้ด่วนดินแดง,ดินแดงตัดใหม่,09:00-17:00,0,0,2
ใต้ด่วนดินแดง,ดินแดงตัดใหม่,17:00-19:00,0,0,2
ใต้ด่วนดินแดง,วิภาวดีรังสิต,07:00-09:00,1,0,2
ใต้ด่วนดินแดง,วิภาวดีรังสิต,09:00-16:00,1,0,0
ใต้ด่วนดินแดง,วิภาวดีรังสิต,09:00-17:00,0,0,2
ใต้ด่วนดินแดง,วิภาวดีรังสิต,16:00-19:00,1,0,0
ใต้ด่วนดินแดง,วิภาวดีรังสิต,17:00-19:00,0,0,2
ใต้ด่วนดินแดง,อโศกดินแดง,07:00-09:00,1,0,1
ใต้ด่วนดินแดง,อโศกดินแดง,09:00-16:00,1,0,0
ใต้ด่วนดินแดง,อโศกดินแดง,09:00-17:00,0,0,1
ใต้ด่วนดินแดง,อโศกดินแดง,16:00-19:00,1,0,0
ใต้ด่วนดินแดง,อโศกดินแดง,17:00-19:00,0,0,1
ใต้ด่วนดินแดง,เลียบไต้ทางด่วน,07:00-09:00,1,0,0
ใต้ด่วนดินแดง,เลียบไต้ทางด่วน,09:00-16:00,1,0,0
ใต้ด่วนดินแดง,เลียบไต้ทางด่วน,16:00-19:00,1,0,0
ใต้ด่วนพระราม 4,ทางด่วน,07:00-09:00,1,1,1
ใต้ด่วนพระราม 4,ทางด่วน,09:00-16:00,1,1,1
ใต้ด่วนพระราม 4,ทางด่วน,16:00-19:00,1,1,1
ใต้ด่วนพระราม 4,ทางพิเศษเฉลิมมหานคร,07:00-09:00,0,0,2
ใต้ด่วนพระราม 4,ทางพิเศษเฉลิมมหานคร,09:00-17:00,0,0,2
ใต้ด่วนพระราม 4,ทางพิเศษเฉลิมมหานคร,17:00-19:00,0,0,2
ใต้ด่วนพระราม 4,พระรามที่ 4,07:00-09:00,1,1,3
ใต้ด่วนพระราม 4,พระรามที่ 4,09:00-16:00,1,1,1
ใต้ด่วนพระราม 4,พระรามที่ 4,16:00-19:00,1,1,1
ใต้ด่วนพระราม 4,พระรามที่ 4,17:00-19:00,0,0,2
ใต้ด่วนพระราม 4,เชื้อเพลิง,07:00-09:00,1,1,3
ใต้ด่วนพระราม 4,เชื้อเพลิง,09:00-16:00,1,1,1
ใต้ด่วนพระราม 4,เชื้อเพลิง,09:00-17:00,0,0,2
ใต้ด่วนพระราม 4,เชื้อเพลิง,16:00-19:00,1,1,1
ใต้ด่วนพระราม 4,เชื้อเพลิง,17:00-19:00,0,0,2
ใต้ด่วนพระราม4,ทางด่วน,06:30-09:00,1,0,0
ใต้ด่วนพระราม4,ทางด่วน,09:00-16:00,1,0,0
ใต้ด่วนพระราม4,ทางด่วน,16:00-19:30,1,0,0
ใต้ด่วนพระราม4,พระรามที่ 4,07:00-09:00,1,0,0
ใต้ด่วนพระราม4,พระรามที่ 4,09:00-16:00,1,0,0
ใต้ด่วนพระราม4,พระรามที่ 4,16:00-19:00,1,0,0
ใต้ด่วนพระราม4,เชื้อเพลง,06:30-09:00,1,0,0
ใต้ด่วนพระราม4,เชื้อเพลง,09:00-16:00,1,0,0
ใต้ด่วนพระราม4,เชื้อเพลิง,16:00-19:30,1,0,0
ใต้ด่วนสุรวงศ์,ถนนสุรวงศ์,07:00-09:00,0,0,1
ใต้ด่วนสุรวงศ์,ถนนสุรวงศ์,09:00-17:00,0,0,1
ใต้ด่วนสุรวงศ์,ถนนสุรวงศ์,17:00-19:00,0,0,1
ใต้ด่วนสุรวงศ์,เลียบใต้ทางด่วนศรีรัช,07:00-09:00,0,0,1
ใต้ด่วนสุรวงศ์,เลียบใต้ทางด่วนศรีรัช,09:00-17:00,0,0,1
ใต้ด่วนสุรวงศ์,เลียบใต้ทางด่วนศรีรัช,17:00-19:00,0,0,1
ใต้ทางด่วนฉลองรัช,ด่วนฉลองรัช,07:00-09:00,0,1,0
ใต้ทางด่วนฉลองรัช,ด่วนฉลองรัช,09:00-16:00,0,1,0
ใต้ทางด่วนฉลองรัช,ด่วนฉลองรัช,16:00-19:00,0,1,0
ใต้ทางด่วนฉลองรัช,พัฒนาการ,07:00-09:00,0,1,0
ใต้ทางด่วนฉลองรัช,พัฒนาการ,09:00-16:00,0,1,0
ใต้ทางด่วนฉลองรัช,พัฒนาการ,16:00-19:00,0,1,0
ใต้ทางด่วนศรีรัช (ใกล้ซอยประชาชื่น 30),ประชาชื่น,07:00-09:00,0,0,1
ใต้ทางด่วนศรีรัช (ใกล้ซอยประชาชื่น 30),ประชาชื่น,09:00-17:00,0,0,1
ใต้ทางด่วนศรีรัช (ใกล้ซอยประชาชื่น 30),ประชาชื่น,17:00-19:00,0,0,1
ใต้สะพานพระราม 8,อรุณอัมรินทร์,07:00-09:00,1,0,0
ใต้สะพานพระราม 8,อรุณอัมรินทร์,09:00-16:00,1,0,0
ใต้สะพานพระราม 8,อรุณอัมรินทร์,16:00-19:00,1,0,0
ใต้สะพานพระราม 8,อรุณอัมรินทร์ตัดใหม่,07:00-09:00,1,0,0
ใต้สะพานพระราม 8,อรุณอัมรินทร์ตัดใหม่,09:00-16:00,1,0,0
ใต้สะพานพระราม 8,อรุณอัมรินทร์ตัดใหม่,16:00-19:00,1,0,0
ใต้สะพานพระราม9,ราษฎร์บูรณะ,07:00-09:00,1,0,0
ใต้สะพานพระราม9,ราษฎร์บูรณะ,09:00-16:00,1,0,0
ใต้สะพานพระราม9,ราษฎร์บูรณะ,16:00-19:00,1,0,0
ใต้สะพานภูมิพล,พระรามที่ 3,07:00-09:00,0,0,1
ใต้สะพานภูมิพล,พระรามที่ 3,09:00-17:00,0,0,1
ใต้สะพานภูมิพล,พระรามที่ 3,17:00-19:00,0,0,1
ใต้สะพานภูมิพล,วงแหวนอุตสาหกรรม,07:00-09:00,0,0,1
ใต้สะพานภูมิพล,วงแหวนอุตสาหกรรม,09:00-17:00,0,0,1
ใต้สะพานภูมิพล,วงแหวนอุตสาหกรรม,17:00-19:00,0,0,1
ใต้สะพานสมเด็จพระเจ้าตากสินมหาราช,เจริญนคร,07:00-09:00,2,0,0
ใต้สะพานสมเด็จพระเจ้าตากสินมหาราช,เจริญนคร,09:00-16:00,2,0,0
ใต้สะพานสมเด็จพระเจ้าตากสินมหาราช,เจริญนคร,16:00-19:00,2,0,0
ไต้ด่วนดินแดง,วิภาวดีรังสิต,07:00-09:00,1,0,0
ไต้ด่วนดินแดง,วิภาวดีรังสิต,09:00-16:00,1,0,0
ไต้ด่วนดินแดง,วิภาวดีรังสิต,16:00-19:00,1,0,0
ไต้ด่วนดินแดง,อโศกดินแดง,07:00-09:00,1,0,0
ไต้ด่วนดินแดง,อโศกดินแดง,09:00-16:00,1,0,0
ไต้ด่วนดินแดง,อโศกดินแดง,16:00-19:00,1,0,0
ไต้ด่วนดินแดง,เลียบใต้ทางด่วน,07:00-09:00,1,0,0
ไต้ด่วนดินแดง,เลียบใต้ทางด่วน,09:00-16:00,1,0,0
ไต้ด่วนดินแดง,เลียบใต้ทางด่วน,16:00-19:00,1,0,0
ไทยรามัญ,ไทยรามัญ (NB-SB),07:00-09:00,0,1,0
ไทยรามัญ,ไทยรามัญ (NB-SB),09:00-16:00,0,1,0
ไทยรามัญ,ไทยรามัญ (NB-SB),16:00-19:00,0,1,0
ไทยรามัญ,ไทยรามัญ (WB),07:00-09:00,0,1,0
ไทยรามัญ,ไทยรามัญ (WB),09:00-16:00,0,1,0
ไทยรามัญ,ไทยรามัญ (WB),16:00-19:00,0,1,0
ไทยรามัญ - หทัยราษฎร์,หทัยราษฎร์,07:00-09:00,0,0,1
ไทยรามัญ - หทัยราษฎร์,หทัยราษฎร์,09:00-17:00,0,0,1
ไทยรามัญ - หทัยราษฎร์,หทัยราษฎร์,17:00-19:00,0,0,1
ไทยรามัญ - หทัยราษฎร์,ไทยรามัญ,07:00-09:00,0,0,1
ไทยรามัญ - หทัยราษฎร์,ไทยรามัญ,09:00-17:00,0,0,1
ไทยรามัญ - หทัยราษฎร์,ไทยรามัญ,17:00-19:00,0,0,1
ไฟฉาย,จรัญสนิทวงศ์,07:00-09:00,1,2,3
ไฟฉาย,จรัญสนิทวงศ์,09:00-16:00,1,2,1
ไฟฉาย,จรัญสนิทวงศ์,09:00-17:00,0,0,2
ไฟฉาย,จรัญสนิทวงศ์,16:00-19:00,1,2,1
ไฟฉาย,จรัญสนิทวงศ์,17:00-19:00,0,0,2
ไฟฉาย,พรานนก,07:00-09:00,1,2,3
ไฟฉาย,พรานนก,09:00-16:00,1,2,1
ไฟฉาย,พรานนก,09:00-17:00,0,0,2
ไฟฉาย,พรานนก,16:00-19:00,1,2,1
ไฟฉาย,พรานนก,17:00-19:00,0,0,2
ไฟฉาย,พรานนก - กาญจนาภิเษก,07:00-09:00,0,2,1
ไฟฉาย,พรานนก - กาญจนาภิเษก,09:00-16:00,0,2,0
ไฟฉาย,พรานนก - กาญจนาภิเษก,09:00-17:00,0,0,1
ไฟฉาย,พรานนก - กาญจนาภิเษก,16:00-19:00,0,2,0
ไฟฉาย,พรานนก - กาญจนาภิเษก,17:00-19:00,0,0,1
ไฟฉาย,พรานนกกาญจนาภิเษก,07:00-09:00,0,0,2
ไฟฉาย,พรานนกกาญจนาภิเษก,09:00-16:00,0,0,1
ไฟฉาย,พรานนกกาญจนาภิเษก,09:00-17:00,0,0,1
ไฟฉาย,พรานนกกาญจนาภิเษก,16:00-19:00,0,0,1
ไฟฉาย,พรานนกกาญจนาภิเษก,17:00-19:00,0,0,1
ไมตรีจิต,กรุงเกษม,07:00-09:00,0,0,1
ไมตรีจิต,กรุงเกษม,09:00-16:00,0,0,1
ไมตรีจิต,กรุงเกษม,16:00-19:00,0,0,1
ไมตรีจิต,ตรีมิตร,07:00-09:00,0,0,1
ไมตรีจิต,ตรีมิตร,09:00-16:00,0,0,1
ไมตรีจิต,ตรีมิตร,16:00-19:00,0,0,1
ไมตรีจิต,พระรามที่ 4,07:00-09:00,0,0,1
ไมตรีจิต,พระรามที่ 4,09:00-16:00,0,0,1
ไมตรีจิต,พระรามที่ 4,16:00-19:00,0,0,1
ไมตรีจิต,ไมตรีจิต,07:00-09:00,0,0,1
ไมตรีจิต,ไมตรีจิต,09:00-16:00,0,0,1
ไมตรีจิต,ไมตรีจิต,16:00-19:00,0,0,1
