intersection_key,road_key,ก่อนโควิด,โควิด,หลังโควิด
BRT สถานีสาทร,นราธิวาสราชนครินทร์,0,0,3
YMCA,ศาลาแดง,3,0,0
YMCA,สาทร,3,0,0
ก.ม. 8,ซ.รามอินทรา 73,3,0,0
ก.ม. 8,ซอยรามอินทรา 73,3,0,0
ก.ม. 8,นวมินทร์,6,0,0
ก.ม. 8,รามอินทรา,6,0,0
กทม.1,ดินสอ,0,0,3
กทม.1,มหรรณพ,0,0,3
กม. 8,นวมินทร์,0,0,3
กม. 8,รามอินทรา,0,0,3
กม. 8,รามอินทรา 73,0,0,3
กม.8,นวมินทร์,0,0,3
กม.8,รามอินทรา,0,0,3
กม.8,รามอินทรา 73,0,0,3
กรมพลาธกิารทหารอากาศ,ซอยพลโยธนิ 54/1,0,3,0
กรมพลาธกิารทหารอากาศ,ทางเข้าพลาธิการ ทอ.,0,3,0
กรมพลาธกิารทหารอากาศ,พหลโยธิน,0,3,0
กรมพลาธิการทหารอากาศ,ทางเข้ากรมพลาธิการฯ,0,0,3
กรมพลาธิการทหารอากาศ,พหลโยธิน,0,0,2
กรมพลาธิการทหารอากาศ,พหลโยธิน 54/1,0,0,3
กรมศุลกากร,สุนทรโกษา,6,3,0
กรมศุลกากร,อาจณรงค์,6,3,0
กรมศุลกากร,เกษมราษฎร์,6,3,0
กระทรวงแรงงาน,มิตรไมตรี,3,0,0
กระทรวงแรงงาน,มิตรไมตรี 1,3,0,0
กรุงธนบุรี,กรุงธนบุรี,0,0,3
กรุงธนบุรี 6,กรุงธนบุรี,0,0,3
กรุงธนบุรี 6,กรุงธนบุรี 6,0,0,3
กรุงธนบุรีเหนือ,กรุงธนบุรี,0,0,6
กรุงธนบุรีเหนือ,เจริญนคร,0,0,6
กรุงธนบุรีใต้,กรุงธนบุรี,0,0,6
กรุงธนบุรีใต้,เจริญนคร,0,0,6
กรุงเทพกรีฑา,กรุงเทพกรีฑา,3,3,0
กรุงเทพกรีฑา,ศรีนครินทร์,3,3,0
กรุงเทพกรีฑา,หัวหมาก,3,3,0
กรุงเทพกรีฑา - ศรีนครินทร์ร่มเกล้า,ซอยกรุงเทพกรีฑา 7,0,0,3
กรุงเทพกรีฑา - ศรีนครินทร์ร่มเกล้า,ถนนกรุงเทพกรีฑา (EB),0,0,3
กรุงเทพกรีฑา - ศรีนครินทร์ร่มเกล้า,ถนนกรุงเทพกรีฑา (NB),0,0,3
กรุงเทพกรีฑา - ศรีนครินทร์ร่มเกล้า,ถนนศรีนครินทร์-ร่มเกล้า,0,0,3
กรุงเทพกรีฑา - หมู่บ้านนักกีฬาแหลมทอง,กรุงเทพกรีฑา,0,0,3
กรุงเทพกรีฑา - หมู่บ้านนักกีฬาแหลมทอง,หมู่บ้านนักกีฬาแหลมทอง,0,0,3
กรุงเทพกรีฑา 20,กรุงเทพกรีฑา,0,0,6
กรุงเทพกรีฑา 20,กรุงเทพกรีฑา 20,0,0,6
กรุงเทพกรีฑา 20,กรุงเทพกรีฑา 37,0,0,6
กลางซอยแบริ่ง,แบริ่ง,0,0,3
กลางซอยแบริ่ง,แบริ่งลาซาล,0,0,3
กล้วยน้ำไท,กล้วยน้ำไท,0,0,3
กล้วยน้ำไท,กล้วยน้ำไทตัดใหม่,3,3,0
กล้วยน้ำไท,พระรามที่ 4,3,0,3
กล้วยน้ำไท,พระรามที่4,0,3,3
กล้วยน้ำไท,รัชดาภิเษก,0,0,3
กล้วยน้ำไท,เทียมร่วมมิตร,0,0,3
กษัตริย์ศึก,กรุงเกษม,6,0,9
กษัตริย์ศึก,บำรุงเมือง,6,0,9
กษัตริย์ศึก,พระรามที่ 1,0,0,3
กองบัญชาการกองทัพบก,ประชาธิปไตย,0,0,3
กาญจนาภิเษก - กัลปพฤกษ์,กัลปพฤกษ์,0,0,3
กาญจนาภิเษก - กัลปพฤกษ์,กาญจนาภิเษก,0,0,3
กาญจนาภิเษก 5/1,กาญจนาภิเษก 5/1,0,0,3
กาญจนาภิเษก 5/1,คู่ขนานกาญจนาภิเษก(มอเตอร์เวย์ 9),0,0,3
กาญจนาภิเษก 6,กาญจนาภิเษก 6,0,0,3
กาญจนาภิเษก 6,คู่ขนานกาญจนาภิเษก(มอเตอร์เวย์ 9),0,0,3
การสื่อสาร,แจ้งวัฒนะ,0,0,3
การสื่อสาร,แจ้งวัฒนะ 7,0,0,3
การเคหะ,ซอยนวมินทร์ 51,3,0,0
การเคหะ,นวมินทร์,3,0,3
การเคหะ,นวมินทร์ 51,0,0,3
การเคหะ,ศรีบูรพา,3,0,3
การเรือน,นครราชสีมา,0,0,6
การเรือน,ราชวิถี,3,3,9
การเรือน,ราชสีมา,3,3,3
การไฟฟ้าชิดลม,ชิดลม,3,0,0
กำนันธารทิพย์,พุทธบูชา,0,0,6
กำนันธารทิพย์,พุทธบูชา 36,0,0,6
กำนันธารทิพย์,พุทธบูชา 39,0,0,6
กำนันแม้น,ซอยเทอดไท 86,3,0,0
กำนันแม้น,ศาลธนบุรี,3,0,0
กำนันแม้น,เทอดไท,3,0,0
กำแพงเพชร,กำแพงเพชร,6,3,12
กำแพงเพชร,ซ.พหลโยธิน 18,3,0,0
กำแพงเพชร,ซอนพหลโยธิน 18,3,0,0
กำแพงเพชร,ซอยพหลโยธิน 18,0,3,0
กำแพงเพชร,พหลโยธิน,6,3,12
กำแพงเพชร,พหลโยธิน 18,0,0,12
กำแพงเพชร 2,กำแพงเพชร,0,0,3
กำแพงเพชร 2,กำแพงเพชร 2,0,3,3
กำแพงเพชร 5-ระนอง 1 - พระรามที่ 6 ซ.37,กำแพงเพชร 5,0,3,0
กำแพงเพชร 5-ระนอง 1 - พระรามที่ 6 ซ.37,พระรามที่ 6 ซ.37,0,3,0
กำแพงเพชร 5-ระนอง 1 - พระรามที่ 6 ซ.37,ระนอง 1,0,3,0
กำแพงเพชร 6 ซ.5 แยก 2,กำแพงเพชร 6 ซ.5,0,0,3
กำแพงเพชร 6 ซ.5 แยก 2,กำแพงเพชร 6 ซ.5 แยก 2,0,0,3
กำแพงเพชร 6 ซ.5 แยก 2,ส่วนบุคคล,0,0,3
ก่อนเข้าทางด่วน,สุขุมวิท 62,0,0,3
ขัตติยานี,พิชัย,3,3,9
ขัตติยานี,สุโขทัย,3,3,9
ข้างวังสวนจิตรลดา,สวรรคโลก,3,0,0
ข้างวัดบวรนิเวศน์,บวรนิเวศน์,3,0,0
ข้างศาลาว่าการกรุงเทพมหานคร,ดินสอ,6,0,0
ข้างสวนดุสิต,พระรามที่ 5,3,0,0
ข้ามหน้าโรงเรียนมัธยมวัดบึงทองห,ลาดพร้าว 101,3,0,0
ข้าวหลาม - เจริญกรุง,เจริญกรุง,0,0,3
ค.ป.อ.,จันทรุเบกษา,0,3,6
ค.ป.อ.,ธูปเตมีย์,0,3,6
ค.ป.อ.,พหลโยธิน,0,3,6
คนข้ามบริเวณหมู่บ้านมณฑล 3,พุทธมณฑลสาย 3,3,0,0
ครุใน,ครุใน,0,0,3
ครุใน,ประชาอุทิศ,0,0,3
คลองตัน,พัฒนาการ,6,3,6
คลองตัน,รามคำแหง,6,3,5
คลองตัน,สุขุมวิท,0,0,3
คลองตัน,สุขุมวิท 71,6,3,3
คลองตัน,เพชรบุรี,6,3,5
คลองประปา,ประชาชื่น,3,3,3
คลองประปา,เลียบคลองประปา,3,3,3
คลองประปา,แจ้งวัฒนะ,3,3,3
คลองประปา – ซอยข้าง รร.เซนต์ฟรังซีสเซเวียร์,ข้างร.ร.เซนฟรังซีสเซเวียร์,0,0,3
คลองประปา – ซอยข้าง รร.เซนต์ฟรังซีสเซเวียร์,เลียบคลองประปา,0,0,3
คลองประปา – ซอยหมู่บ้านเพชรวัฒนะ,หมู่บ้านเพชรวัฒนะ,0,0,3
คลองประปา – ซอยหมู่บ้านเพชรวัฒนะ,เลียบคลองประปา,0,0,3
คลองสาน,ลาดหญ้า,9,3,12
คลองสาน,สมเด็จเจ้าพระยา,9,3,12
คลองสาน,เจริญนคร,9,3,12
คลองเตย,พระรามที่ 4,6,3,11
คลองเตย,สุนทรโกษา,6,3,11
คลังน้ำมัน,กำแพงเพชร 6,0,3,0
คลังน้ำมัน,เชิงวุฒากาศ,0,3,0
คอกวัว,ตะนาว,6,3,6
คอกวัว,ราชดำเนินกลาง,6,3,6
คุ้มเกล้า 16,คุ้มเกล้า,0,3,0
คู่ขนานวงแหวนตะวันออก-จตุโชติ,คู่ขนานวงแหวนตะวันออก,0,0,3
คู่ขนานวงแหวนตะวันออก-จตุโชติ,จตุโชติ,0,0,3
คู้คลองสิบซอย 7,คู้คลองสิบ,0,3,0
คู้บอน,ซอยคู้บอน,0,3,0
คู้บอน,รามอินทรา,0,3,0
คู้บอน - พระยาสุเรนทร์ - เลียบคลองสอง,คู้บอน,0,0,6
คู้บอน - พระยาสุเรนทร์ - เลียบคลองสอง,พระยาสุเรนทร์,0,0,6
คู้บอน - พระยาสุเรนทร์ - เลียบคลองสอง,เลียบคลองสอง,0,0,6
คู้บอน - พระยาสุเรนท์,คู้บอน,0,3,0
คู้บอน - พระยาสุเรนท์,พระยาสุเรนทร์,0,3,0
คู้บอน - พระยาสุเรนท์,เลียบคลองสอง,0,3,0
คู้บอน 6,คู้บอน,0,0,3
คู้บอน 6,คู้บอน 6,0,0,3
จ.ป.ร,จักรพรรดิพงษ์,3,0,0
จ.ป.ร,ราชดำเนฉินนอก,3,0,0
จ.ป.ร.,จักรพรรดิพงษ์,0,3,6
จ.ป.ร.,ราขดำเนินนอก,0,0,3
จ.ป.ร.,ราชดำเนินนอก,0,0,3
จ.ป.ร.,ราชดําเนินนอก,0,3,0
จ.ป.ร.,วิสุทธิ์กษัตริย์,0,0,3
จตุโชติ,จตุโชติ,0,0,3
จตุโชติ,สุขาภิบาล 5,0,0,3
จปร.,ถนนจักรพรรดิพงษ์,0,0,3
จปร.,ถนนราชดำเนินนอก,0,0,2
จปร.,ถนนวิสุทธิกษัตริย์,0,0,3
จรัญสนิทวงศ์ - สุทธาวาส,จรัญสนิทวงศ์,0,0,3
จรัญสนิทวงศ์ - สุทธาวาส,สุทธาวาส,0,0,3
จรัญสนิทวงศ์ - สุทธาวาส,เลียบทางรถไฟตลิ่งชัน,0,0,3
จรัญสนิทวงศ์ 35,จรัญสนิทวงศ์,0,0,6
จรัญสนิทวงศ์ 35,จรัญสนิทวงศ์ 35,0,0,6
จรัญสนิทวงศ์31/1,จรัญสนิทวงศ์,3,0,0
จรัญสนิทวงศ์31/1,ซอยจรัญสนิทวงศ์ 31/1,3,0,0
จอมทอง,จอมทอง,3,3,9
จอมทอง,วุฒากาศ,3,3,9
จอมทอง,เอกชัย,0,0,6
จักรพรรดิพงษ์,จักรพรรดิพงษ์,6,3,9
จักรพรรดิพงษ์,นครสวรรค์,6,3,9
จันทน์ - นราธิวาส,จันทน์,3,6,9
จันทน์ - นราธิวาส,นราธิวาสราชนครินทร์,0,6,6
จันทน์ - นราธิวาส,นราธิวาสฯ,3,0,3
จันทน์ - เจริญราษฎร์,จันทน์,6,3,9
จันทน์ - เจริญราษฎร์,เจริญราษฎร์,3,3,9
จันทน์ - เจริญราษฎร์,เจริญูราษฎร์,3,0,0
จันทน์ - เซ็นหลุยส์,จันทน์,0,0,3
จันทน์ - เซ็นหลุยส์,พระแม่มารี,0,0,3
จันทน์ - เซ็นหลุยส์,เซ็นหลุยส์,0,0,3
จันทน์- นราธิวาส,นราธิวาสราชนครินทร์,1,0,0
จันทน์- นราธิวาส ก.,จันทน์,3,0,0
จันทน์- นราธิวาส ก.,นราธิวาสราชนครินทร์,2,0,0
จันทิมา,ลาดพร้าว,0,0,6
จันทิมา,ลาดพร้าว 80,0,0,6
จารุเมือง - จรัสเมือง,จรัสเมือง,0,0,3
จารุเมือง - จรัสเมือง,จารุเมือง,0,0,3
จารุเมือง - จรัสเมือง,พระรามที่ 6,0,0,3
จุดกลับรถการประปา สาขาสุวรรณภูมิ,หลวงแพ่ง,0,0,3
จุดกลับรถก่อนถึงทางเข้าหน้าวัดหนองผักชี (ใกล้ชุมชนระเบียงทอง3),รัตนโกสินทร์สมโภชน์,3,0,0
จุดกลับรถซอยเทียนทะเล 1,เทียนทะเล,3,0,0
จุดกลับรถซอยเทียนทะเล 11,เทียนทะเล,3,0,0
จุดกลับรถถนนลาดพร้าว (ใต้ทางด่วนฉลองรัช),ลาดพร้าว,0,0,3
จุดกลับรถบางขุนเทียน 14,บางขุนเทียนชายทะเล,6,0,0
จุดกลับรถปากซอยอ่อนนุช 59,อ่อนนุช,0,0,3
จุดกลับรถปากซอยอ่อนนุช 59,อ่อนนุช 59,0,0,3
จุดกลับรถศรีนครินทร์หน้าเต็นท์รถเอพี,ศรีนครินทร์,0,0,3
จุดกลับรถหน้าวัดหนองผักชี,รัตนโกสินทร์สมโภชน์,3,0,0
จุดกลับรถหน้าโชว์รูมฟอรด์ใกล้ชอยลาดกระบัง1/5,ลาดกระบัง,3,0,0
จุดกลับรถหน้าไปรษณีย์บางบอน,ประชาอุทิศ,0,0,1
จุดกลับรถหน้าไปรษณีย์บางบอน,เอกชัย,0,0,3
จุดกลับรถเพชรเกษม 98,เพชรเกษม,0,0,3
จุดกลับรถแอมคาร์ออดิโอ,หลวงแพ่ง,0,0,3
จุดกลับรถใกล้ซอยพัฒนาการ 89,พัฒนาการ,0,0,3
จุดกลับรถใกล้โฮมโปร พระราม 9,พระราม 9,0,0,3
จุดตัดถนนบางระมาด - กาญจนาภิเษก,วัดอินทราวาส,3,0,0
จุดตัดถนนราชพฤกษ์,วัดอินทราวาส,6,0,0
จุดตัดถนนลาดพร้าวกับถนนประดิษฐ์มนูธรรม,ลาดพร้าว,0,0,3
จุดตัดบางระมาด - กาญจนาภิเษก,บางระมาด,3,0,0
จุดตัดพุทธมณฑลสาย 1,วัดอินทราวาส,6,0,0
จุฬา 12,จุฬา 12,0,0,6
จุฬา 12,จุฬา 62,0,0,3
จุฬา 12,ซอยจุฬา 12,3,0,0
จุฬา 12,ทางเข้า - ออก ม.จุฬา,3,0,0
จุฬา 12,ทางเข้าจุฬาฯ,0,0,3
จุฬา 12,พญาไท,3,0,6
ฉลองกรุง 42,ฉลองกรุง,0,0,3
ฉลองกรุง 42,ฉลองกรุง 42,0,0,3
ชักพระ,ชักพระ,0,0,3
ชักพระ,ชัยพฤกษ์,0,0,3
ชิดลม,ชิดลม,3,0,3
ชิดลม,ซ.ชิดลม,3,0,0
ชิดลม,เพลินจิต,6,0,3
ชุมชนพัฒนาล็อค 4-5-6,ทางขึ้นทางด่วน,3,0,0
ชุมชนพัฒนาล็อค 4-5-6,ทางชุมชนพัฒนาล็อค 4-5-6,3,0,0
ชุมชนพัฒนาล็อค 4-5-6,อาจณรงค์,3,0,0
ชุมชนสวัสดิการหนองแขม,สวัสดิการ 1,0,0,3
ช่างอากาศอุทิศ - เชิดวุฒากาศ,ช่างอากาศอุทิศ,0,0,3
ช่างอากาศอุทิศ - เชิดวุฒากาศ,เชิดวุฒากาศ/กำแพงเพชร,0,0,3
ซอยกรุงเทพกรีฑา 20,กรุงเทพกรีฑา,3,0,0
ซอยกรุงเทพกรีฑา 20,ซอยกรุงเทพกรีฑา 20,3,0,0
ซอยกรุงเทพกรีฑา 20,ซอยกรุงเทพกรีฑา 37,3,0,0
ซอยคู้บอน 34,คู้บอน,0,0,3
ซอยจรัญสนิทวงศ์ 3,จรัญสนิทวงศ์,3,0,0
ซอยจรัญสนิทวงศ์ 3,ซอยจรัญสนิทวงศ์,3,0,0
ซอยจรัญฯ 94,จรัญสนิทวงศ์,0,3,0
ซอยจันทน์ 15/1,จันทน์,0,3,0
ซอยทวีวัฒนา 9,ซอยทวีวัฒนา 9,0,3,0
ซอยทวีวัฒนา 9,ทวีวัฒนา,0,3,0
ซอยทองหล่อ 13,ทองหล่อ,3,0,0
ซอยทองหล่อ 23,ทองหล่อ,3,0,0
ซอยทองหล่อ 25,ทองหล่อ,3,0,0
ซอยทองหล่อ 3,ทองหล่อ,3,0,0
ซอยนราธิวาส 10 แยก 18,นราธิวาสฯ ซอย 8,0,0,3
ซอยนราธิวาสฯ 20,นราธิวาสราชนครินทร์,0,3,0
ซอยนราธิวาสฯ 24,นราธิวาสราชนครินทร์,0,3,0
ซอยนราธิวาสฯ 9,นราธิวาสราชนครินทร์,0,3,0
ซอยพระราม 3 ซ.68,พระรามที่ 3,0,3,0
ซอยพร้อมจิตร,ซอยพร้อมจิตร,0,0,3
ซอยพร้อมพงษ์,ซอยพร้อมพงษ์,0,0,3
ซอยพหลโยธิน 15,พหลโยธิน,0,3,0
ซอยพหลโยธิน 18/2,พหลโยธิน,0,3,0
ซอยพหลโยธิน 52 แยก 48,เทพารักษ์,3,0,0
ซอยพหลโยธิน52แยก48,เทพรักษ์,3,0,0
ซอยพัฒนาการ 30,พัฒนาการ,0,0,3
ซอยพัฒนาการ 30,พัฒนาการ 30,0,0,3
ซอยพุทธบูชา 38,พุทธบูชา,0,0,3
ซอยพุทธบูชา 40 และ 42,พุทธบูชา,0,0,3
ซอยพุทธบูชา 43,พุทธบูชา,0,0,3
ซอยพุทธบูชา 44 และ 44/1,พุทธบูชา,0,0,3
ซอยมาเจริญ 3,มาเจริญ,0,0,3
ซอยรัชดา 30,รัชดาภิเษก,0,3,0
ซอยรัชดาภิเษก 14,รัชดาภิเษก,0,3,0
ซอยรัชดาภิเษก 3,รัชดาภิเษก,0,3,0
ซอยรัชดาภิเษก 9,รัชดาภิเษก,0,3,0
ซอยรางน้ำ,พญาไท,0,3,0
ซอยราชปรารภ 3,ราชปรารภ,0,3,0
ซอยราชวิถี6,ราชวิถี,0,3,0
ซอยรามบุตรี,จักรพงษ์,0,0,3
ซอยวชิรธรรมสาธิต 6,สุขุมวิท 101/1,0,0,3
ซอยวัดสุคันธาราม,ซอยวัดสุคันธาราม,0,3,0
ซอยวัดสุคันธาราม,สวรรคโลก,0,3,0
ซอยสมเด็จพระเจ้าตากสิน 19,สมเด็จพระเจ้าตากสิน,0,3,0
ซอยสวัสดี,ซอยสวัสดี,0,0,3
ซอยสุขุมวิท 2,สุขุมวิท,0,0,3
ซอยสุขุมวิท 2,สุขุมวิท 2,0,0,3
ซอยหัวหมาก 21 และ 23,หัวหมาก,3,0,0
ซอยหัวหมาก 25,หัวหมาก,3,0,0
ซอยอรุณมักกินนอน,วิทยุ,0,0,3
ซอยอรุณมักกินนอน,อรุณมักกินนอน,0,0,3
ซอยอ่อนนุช 65,อ่อนนุช,0,0,3
ซอยอ่อนนุช 65,อ่อนนุช 65,0,0,3
ซอยเจริญกรุง 61,เจริญกรุง,0,3,0
ซอยเจริญกุง 33,เจริญกรุง,0,0,3
ซอยเฉลิมพระเกียรติ ร.9 67,เฉลิมพระเกียรติ ร.9,0,0,3
ซอยเชื่อมสัมพันธ์ 19/1,เชื่อมสัมพันธ์,0,0,3
ซอยเทอดไท 21,ราชพฤกษ์,0,3,0
ซอยเทียนทะเล 2,บางขุนเทียน - ชายทะเล,0,0,3
ซอยเทียนทะเล 22,บางขุนเทียน-ชายทะเล,0,0,2
ซอยเทียนทะเล 22,เทียนทะเล 22,0,0,3
ซอยเทียนทะเล 23,บางขุนเทียน - ชายทะเล,0,0,3
ซอยเพชรบุรี 27,เพชรบุรี,0,3,0
ซอยเอกชัย 15,เอกชัย,0,0,3
ซังฮี้,ราชวิถี,6,0,6
ซังฮี้,สามเสน,6,0,6
ณ ระนอง,ณ ระนอง,6,0,3
ณ ระนอง,พระรามที่ 3,6,0,3
ณ ระนอง,รัชดาภิเษก,6,0,3
ณ ระนอง,สุนทรโกษา,6,0,3
ดาวคะนอง,จอมทอง,9,3,9
ดาวคะนอง,สมเด็จพระเจ้าตากสิน,9,3,9
ดินแดง,ดินแดง,0,0,3
ดินแดง,วิภาวดีรังสิต,0,0,3
ดินแดง,อโศกดินแดง,0,0,3
ด่วนกำแพงเพชร,กำแพงเพชร,0,0,3
ด่วนกำแพงเพชร,เจษฎา,0,0,3
ด่วนนางลิ้นจี่,นางลิ้นจี่,3,3,6
ด่วนนางลิ้นจี่,รัชดาภิเษก,3,3,6
ด่วนประชาชื่น,ประชาชื่น,0,3,3
ด่วนประชาชื่น,สายสิน,0,3,3
ด่วนสาธุ,รัชดาภิเษก,3,3,3
ด่วนสาธุ,สาธุประดิษฐ์,3,3,3
ด่วนสีลม,ขึ้น - ลงทางด่วนศรีรัช,3,0,0
ด่วนสีลม,สีลม,3,0,3
ด่วนสีลม,เลียบใต้ทางด่วน,3,0,3
ด่วนสุขุมวิท 62,ซอยสุขุมวิท 62,0,3,0
ด่วนสุขุมวิท 62,สุขุมวิท,0,3,5
ด่วนสุขุมวิท 62,สุขุมวิท 62,0,0,6
ด่วนสุขุมวิท62,ซอยสุขุมวิท 62,3,0,0
ด่วนสุขุมวิท62,สุขุมวิท,3,0,0
ด่วนเกษมราษฎร์,ทางขึ้น - ลงทางด่วน,3,0,0
ด่วนเกษมราษฎร์,ทางขึ้น-ลงทางด่วน,0,0,3
ด่วนเกษมราษฎร์,ทางขึ้นลงทางด่วน,0,3,3
ด่วนเกษมราษฎร์,เกษมราษฎร์,3,3,6
ด่วนเพลินจิต,ดวงพิทักษ์,3,3,3
ด่วนเพลินจิต,ถนนดวงพิทักษ์,0,0,3
ด่วนเพลินจิต,ถนนเพลินจิต,0,0,3
ด่วนเพลินจิต,ทางขึ้น - ลง ทางด่วน,3,0,0
ด่วนเพลินจิต,ทางขึ้น - ลงทางด่วน,0,3,0
ด่วนเพลินจิต,ทางขึ้น -ลงทางด่วน,0,0,3
ด่วนเพลินจิต,ทางขึ้นลงทางด่วน,0,0,6
ด่วนเพลินจิต,สุขุมวิท,3,3,3
ด่วนเพลินจิต,เพลินจิต,3,3,6
ตรงข้ามพระตำหนักจิตรลดารโหฐาน,พระรามที่ 5,0,3,0
ตรงข้ามลานจอดรถ 2 ตลาดสะพานใหม่,พหลโยธิน,0,3,0
ตรงข้ามวัดชำนิหัตถการ,ซอยที่ 1,0,0,3
ตรงข้ามวัดชำนิหัตถการ,ซอยที่ 2,0,0,3
ตรงข้ามวัดชำนิหัตถการ,พระรามที่ 1,0,0,3
ตรอกจันทน์,จันทน์,3,3,3
ตรอกจันทน์,ทางเข้าคอนโด,0,0,3
ตรอกจันทน์,ทางเข้าคอนโดฯ,3,0,0
ตรอกจันทน์,เจริญกรุง,3,3,3
ตรอกจันทร์,จันทน์,0,3,3
ตรอกจันทร์,ทางเข้าคอนโดฯ,0,3,3
ตรอกจันทร์,เจริญกรุง,0,3,3
ตลาด อตก.,กำแพงเพชร,3,0,0
ตลาด อตก.,กำแพงเพชร 2,3,0,0
ตลาดคู้,คู้ตลองสิบ,0,3,0
ตลาดคู้,มิตรไมตรี,0,3,0
ตลาดคู้,เลียบวารี,0,3,0
ตลาดพลู,รัชดาภิเษก,6,3,0
ตลาดพลู,เทอดไท,6,3,0
ตลาดวงศกร,ทางเข้าออกตลาดวงศกร,0,0,6
ตลาดวงศกร,สายไหม,0,0,6
ตลาดวงศกร,เฉลิมพงษ์,0,0,6
ตลาดเกรียงไกร,เคหะร่มเกล้า (EB),0,0,3
ตลาดเกรียงไกร,เคหะร่มเกล้า (SB),0,0,3
ตลาดเกรียงไกร,เคหะร่มเกล้า 31,0,0,3
ตลาดเกรียงไกร,เคหะร่มเกล้า 33,0,0,3
ตากสิน,กรุงธนบุรี,6,3,3
ตากสิน,ราชพฤกษ์,6,3,3
ตากสิน,สมเด็จพระเจ้าตากสิน,6,3,3
ตากสิน 37,สมเดจ็พระเจ้าตากสิน,0,3,0
ตากสิน 37,สมเด็จพระเจ้าตากสิน,0,0,3
ตากสิน 42,สมเด็จพระเจ้าตากสิน,0,0,3
ตีทอง - ราชบพิธ,ตีทอง,0,3,0
ตีทอง - ราชบพิธ,ราชบพิธ,0,3,0
ตีทอง - ลงท่า - หน้าวัง,ตีทอง,0,3,0
ตีทอง - ลงท่า - หน้าวัง,หน้าวัง,0,3,0
ตีทอง - สระสรง,ซอยสระสรง,0,3,0
ตีทอง - สระสรง,ตีทอง,0,3,0
ตึกชัย,ประดิพัทธ์,3,0,0
ตึกชัย,พระรามที่ 6,0,3,6
ตึกชัย,พระรามที่6,0,6,0
ตึกชัย,พหลโยธิน,3,0,0
ตึกชัย,ราชวิถี,0,9,6
ตึกชัย,สุทธิสาร,3,0,0
ต่างระดับหลวงแพ่งตะวันตก,ทางขึ้นมอเตอร์เวย์,0,0,3
ต่างระดับหลวงแพ่งตะวันตก,หลวงแพ่ง,0,0,3
ถนนดินสอ ระหว่าง อ.ประชาธิปไตย - ถนนมหรรณ,ดินสอ,0,0,3
ถนนดินสอ ระหว่างถนนมหรรณพ - เสาชิงช้า,ดินสอ,0,0,3
ถนนตก,ถนนตก,0,3,0
ถนนตก,พระรามที่ 3,6,6,6
ถนนตก,เจริญกรุง,6,6,6
ถนนตะนาว ระหว่างมหรรณพ-สี่กั๊กเสาชิงช้า,ตะนาว,0,0,3
ถนนทวีวัฒนา - ซอยศาลาธรรมสพน์,ซอยศาลาธรรมสพน์,3,0,0
ถนนทวีวัฒนา - ซอยศาลาธรรมสพน์,ทวีวัฒนา,3,0,0
ถนนนเรศตัดถนนสุรวงศ์,นเรศ,3,0,0
ถนนนเรศตัดถนนสุรวงศ์,สุรวงศ์,3,0,0
ถนนพุทธสาย 2- ซอยศาลาธรรมสพน์,ซอยศาลาธรรมสพน์,3,0,0
ถนนพุทธสาย 2- ซอยศาลาธรรมสพน์,พุทธมณฑลสาย 2,3,0,0
ถนนพุทธสาย 3 - ซอยศาลาธรรมสพน์,ซอยศาลาธรรมสพน์,3,0,0
ถนนพุทธสาย 3 - ซอยศาลาธรรมสพน์,พุทธมณฑลสาย 3,3,0,0
ถนนมหรรณพ ระหว่างมหรรณพ-สี่กั๊กเสาชิงช้า,มหรรณพ,0,0,3
ถนนราชบพิธ ระหว่างถนนตีทอง - ถนนเฟื่องนคร,ราชบพิธ,0,0,3
ถนนสำราญราษฎร์ ระหว่างถนนมหาไชย - ถนนศิริพงษ์,สำราญราษฎร์,0,0,3
ถนนเทพรักษ์ - สุขาภิบาล 5,เทพรักษ์,3,0,0
ถาวรธวัช,ถาวรธวัช,0,3,0
ถาวรธวัช,พัฒนาการ,0,3,0
ททัยมิตร -นิมิตรใหม่,ซอยวัดสุขใจ,3,0,0
ททัยมิตร -นิมิตรใหม่,นิมิตรใหม่,3,0,0
ททัยมิตร -นิมิตรใหม่,หทัยมิตร,3,0,0
ทน้ากรมแผนทีทหาร,กัลยาณไมตรี,3,0,0
ทวีวัฒนา - ทวีวัฒนา 9,ทวีวัฒนา,0,0,3
ทวีวัฒนา - ทวีวัฒนา 9,ทวีวัฒนา 9,0,0,3
ทวีวัฒนา - อักษะ,ทวีวัฒนา,0,3,0
ทวีวัฒนา - อักษะ,อักษะ,0,3,0
ทหาร - ซ.อาคารสงเคราะห์กองทัพบก,ซ.อาคารสงเคราะห์กองทัพบก,0,3,0
ทหาร - ซ.อาคารสงเคราะห์กองทัพบก,ทหาร,0,3,0
ทองหล่อ,ซอยสุขุมวิท 55,3,0,0
ทองหล่อ,ซอยสุขุมวิท 55 (ทองหล่อ),3,0,0
ทองหล่อ,สุขุมวิท,6,3,12
ทองหล่อ,สุขุมวิท 55,0,0,12
ทองหล่อ,สุขุมวิท 55 (ทองหล่อ),0,3,0
ทองหล่อ 10,ซอยทองหล่อ 10,3,0,0
ทองหล่อ 10,ซอยทองหล่อ 11,3,0,0
ทองหล่อ 10,ทองหล่อ,3,0,3
ทองหล่อ 10,ทองหล่อ 10,0,0,3
ทองหล่อ 10,ทองหล่อ 11,0,0,3
ทางขึ้นทางด่วนจตุรโชติ,เลียบด่วนอาจณรงค์ รามอินทรา,3,0,0
ทางขึ้นทางด่วนจตุรโชติ,เลียบทางด่วน,3,0,0
ทางข้าม ถ.พุทธมณฑลสาย 1,พุทธมณฑลสาย 1,3,0,0
ทางข้าม ธ.กสิกรไทย,พหลโยธิน,0,0,3
ทางข้าม รร.ผ่องพลอยอนุสรณ์,ลาซาล 55,0,0,3
ทางข้ามข้างวัดสุทัศน์,ตีทอง,0,0,3
ทางข้ามดวงพิทักษ์,ดวงพิทักษ์,0,0,3
ทางข้ามดวงพิทักษ์,สุขุมวิท,0,0,3
ทางข้ามถนนหลานหลวง (ใกล้ถนนเพนียง),หลานหลวง,3,0,0
ทางข้ามถนนเลียบคลองผดุงกรุงเกษม,เลียบคลองผดุงกรุงเกษม,6,0,0
ทางข้ามทางข้ามหน้าโรงเรียนวัดราชบพิตร,สนามไชย,3,0,0
ทางข้ามทางเข้าวัดมะกอก,พุทธมณฑลสาย 1,0,3,0
ทางข้ามทางเข้าโรงเรียนบ้านนายเหรียญ,ทางเข้าโรงเรียนบ้านนายเหรียญ,3,0,0
ทางข้ามทางเข้าโรงเรียนบ้านนายเหรียญ,บางบอน 4 ซอย 14,3,0,0
ทางข้ามบริเวณซอยอุดมสุข 37,อุดมสุข,3,0,0
ทางข้ามบริเวณสวนสาธารณะทางลงจากมอเตอร์เวย์,ศรีนครินทร์,0,0,3
ทางข้ามบริเวณหน้าตึกอรกานต์,ชิดลม,3,0,0
ทางข้ามบ้านสวนริมคลอง,ศรีนครินทร์ - ร่มเกล้า,0,0,3
ทางข้ามประชาสงเคราะห์ตัดมิตรไมตรี,ประชาสงเคราะห์,0,0,3
ทางข้ามปากซอยประชาสงเคราะห์ 1,ประชาสงเคราะห์,0,0,3
ทางข้ามปากซอยประชาสงเคราะห์ 12,ประชาสงเคราะห์,0,0,3
ทางข้ามปากซอยประชาสงเคราะห์ 13,ประชาสงเคราะห์,0,0,3
ทางข้ามปากซอยประชาสงเคราะห์ 16,ประชาสงเคราะห์,0,0,3
ทางข้ามปากซอยประชาสงเคราะห์ 2,ประชาสงเคราะห์,0,0,3
ทางข้ามปากซอยประชาสงเคราะห์ 23,ประชาสงเคราะห์,0,0,3
ทางข้ามปากซอยประชาสงเคราะห์ 24,ประชาสงเคราะห์,0,0,3
ทางข้ามปากซอยประชาสงเคราะห์ 27,ประชาสงเคราะห์,0,0,3
ทางข้ามปากซอยประชาสงเคราะห์ 28,ประชาสงเคราะห์,0,0,3
ทางข้ามปากซอยประชาสงเคราะห์ 30,ประชาสงเคราะห์,0,0,3
ทางข้ามปากซอยประชาสงเคราะห์ 32,ประชาสงเคราะห์,0,0,3
ทางข้ามปากซอยประชาสงเคราะห์ 36,ประชาสงเคราะห์,0,0,3
ทางข้ามปากซอยประชาสงเคราะห์ 37,ประชาสงเคราะห์,0,0,3
ทางข้ามปากซอยประชาสงเคราะห์ 39,ประชาสงเคราะห์,0,0,3
ทางข้ามปากซอยประชาสงเคราะห์ 4,ประชาสงเคราะห์,0,0,3
ทางข้ามปากซอยประชาสงเคราะห์ 43,ประชาสงเคราะห์,0,0,3
ทางข้ามปากซอยประชาสงเคราะห์ 5,ประชาสงเคราะห์,0,0,3
ทางข้ามปากซอยพหลโยธิน 54/1,พหลโยธิน,0,0,3
ทางข้ามปากซอยพุทธมณฑลสาย 3 ซอย 3และซอย 5,พุทธมณฑลสาย 3,3,0,0
ทางข้ามปากซอยมิตรไมตรี 3,ประชาสงเคราะห์,0,0,3
ทางข้ามปากซอยวัดเทพพล,พรานนก - พุทธมณฑลสาย 4,3,0,0
ทางข้ามปากซอยสามเสน 1,สามเสน,3,0,3
ทางข้ามปากซอยสามเสน 19,สามเสน,0,0,3
ทางข้ามปากซอยอุดมสุข 47,สุขุมวิท 103 (อุดมสุข),3,0,0
ทางข้ามปากซอยอ่อนนุช 11,อ่อนนุช,0,0,3
ทางข้ามปากซอยอ่อนนุช 37/1,อ่อนนุช,0,0,3
ทางข้ามปากซอยอ่อนนุช 49,อ่อนนุช,3,0,0
ทางข้ามปากซอยอ่อนนุช 65,อ่อนนุช,3,0,0
ทางข้ามปากซอยอ่อนนุช 74/3,อ่อนนุช,3,0,0
ทางข้ามปากซอยเอกชัย 32,เอกชัย,3,0,0
ทางข้ามพหลโยธิน 36,พหลโยธิน,0,0,3
ทางข้ามระหว่างซอยจรัญสนิทวงศ์ 44 - 46,จรัญสนิทวงศ์,0,0,3
ทางข้ามระหว่างซอยพุทธบูชา 22 -22/1,พุทธบูชา,0,0,3
ทางข้ามระหว่างซอยศาลาธรรมสพน์23และ21,ศาลาธรรมสพน์,3,0,0
ทางข้ามระหว่างวัดปทุมวนารามกับเซ็นทรัลเวิลด์,พระรามที่ 1,0,3,0
ทางข้ามสุขุมวิท21 ซอย 1,อโศก,3,0,0
ทางข้ามสุขุมวิท21 ซอย 3,อโศก,3,0,0
ทางข้ามหน้า SM ทาวเวอร์,พหลโยธิน,0,0,3
ทางข้ามหน้า ธ.ออมสิน,พหลโยธิน,0,0,3
ทางข้ามหน้า ม.เกษตร,พหลโยธิน,0,0,3
ทางข้ามหน้า รพ.วิภาราม,พัฒนาการ,0,0,3
ทางข้ามหน้า สน.ทองหล่อ,ซอยสุขุมวิท 55,3,0,0
ทางข้ามหน้ากรมส่งเสริมวัฒนธรรม,วัฒนธรรม,3,0,0
ทางข้ามหน้ากองปราบปราม,พหลโยธิน,0,0,3
ทางข้ามหน้าชุมชนน้องใหม่,อาจณรงค์,3,0,0
ทางข้ามหน้าตลาดบางเขน,พหลโยธิน,0,0,3
ทางข้ามหน้าตลาดพิบูลย์วิทย์6,เอกชัย,3,0,0
ทางข้ามหน้าตลาดสะพานใหม่,พหลโยธิน,0,0,3
ทางข้ามหน้าตลาดเทเวศร์,สามเสน,0,0,3
ทางข้ามหน้าตึกจีเอ็มเอ็มแกรมมี,อโศก,3,0,0
ทางข้ามหน้าทำเนียบรัฐบาล,พิษณุโลก,0,0,3
ทางข้ามหน้าท่าวาสุกรี,สามเสน,0,0,3
ทางข้ามหน้าธนาคารกรุงศรีฯ สาขาจอมทอง,เอกชัย,3,0,0
ทางข้ามหน้าธนาคารกรุงเทพ,พหลโยธิน,0,0,3
ทางข้ามหน้าธนาคารเกียรตินาคิน,อโศก,3,0,0
ทางข้ามหน้าธนาคารแห่งประเทศไทย,สามเสน,0,0,3
ทางข้ามหน้าบิ๊กซี,พหลโยธิน,0,0,3
ทางข้ามหน้าปากซอยนามบัญญัติ,ประชาธิปไตย,3,0,0
ทางข้ามหน้าปากซอยเฉลิมพระเกียรติ43,เฉลิมพระเกียรติ ร.9,3,0,0
ทางข้ามหน้าร้าน จ.ทรัพย์ทวีคูณ และ บ.อุมศักดิ์ก๊กเอ๊ง ทรานสปอร์ต,พุทธมณฑลสาย 3,0,0,3
ทางข้ามหน้าวัดตรีทศเทพ,ประชาธิปไตย,0,0,3
ทางข้ามหน้าวัดราษฎร์บำรุง,เพชรเกษม 69,3,0,0
ทางข้ามหน้าวัดเศวตฉัตร,เจริญนคร,0,3,0
ทางข้ามหน้าศูนย์บริการสาธารณสุข 4,ประชาสงเคราะห์,0,0,3
ทางข้ามหน้าสถานีโทรทัศน์กองทัพบก ช่อง 5,พหลโยธิน,3,0,0
ทางข้ามหน้าสถาบันโรคไตฯ,พญาไท,0,0,3
ทางข้ามหน้าสมาคมแม่บ้านทหารอากาศ,พหลโยธิน,0,0,3
ทางข้ามหน้าสำนักงานตำรวจแห่งชาติ,พระรามที่ 1,3,0,0
ทางข้ามหน้าหมู่บ้านกรีนวิลล์,พุทธมณฑลสาย 2,3,0,0
ทางข้ามหน้าหมู่บ้านธันยกานต์ (ซ.วัชรพล 25),วัชรพล,3,0,0
ทางข้ามหน้าหมู่บ้านมหาดไทย,พุทธมณฑลสาย 1,3,0,0
ทางข้ามหน้าหมู่บ้านสินทรัพย์นคร,พุทธมณฑลสาย 2,0,3,0
ทางข้ามหน้าอาคารสำนักงบประมาณ,พหลโยธิน,0,0,3
ทางข้ามหน้าเซนทรัลเฟสติวัลอีวิลล์,ประดิษฐ์มนูธรรม,3,0,0
ทางข้ามหน้าเมเจอร์อเวนิว และธนาคารไทยพาณิชย์,สุโขทัย,3,0,0
ทางข้ามหน้าโครงการวานิชเพลส,พหลโยธิน,0,0,3
ทางข้ามหน้าโรงพยาบาลจักษุ - รัตนิน,อโศก,3,0,0
ทางข้ามหน้าโรงพยาบาลเวชการุณเวชรัศม์,เลียบวารี,3,0,0
ทางข้ามหน้าโรงเรียนประชาบำรุง,เลียบคลองภาษีเจริญฝั่งเหนือ,3,0,0
ทางข้ามหน้าโรงเรียนพร้อมพรรณ,ประชาสงเคราะห์,0,0,3
ทางข้ามหน้าโรงเรียนพิชญ์นก,เลียบคลองภาษีเจริญฝั่งเหนือ,3,0,0
ทางข้ามหน้าโรงเรียนวังเด็ก,สุขุมวิท 77,3,0,0
ทางข้ามหน้าโรงเรียนวัดมหรรณพาราม,ตะนาว,3,0,0
ทางข้ามหน้าโรงเรียนวิชูทิศ,ทางเข้าโรงเรียนวิชูทิศ,3,0,0
ทางข้ามหน้าโรงเรียนวิชูทิศ,ประชาสงเคราะห์,3,0,0
ทางข้ามหน้าโรงเรียนวิทยานนท์,ราษฎร์พัฒนา,3,0,0
ทางข้ามหน้าโรงเรียนสายปัญญา,กรุงเกษม,6,0,0
ทางข้ามหน้าโรงเรียนโยธินบูรณะ,ประชาราษฎร์สาย 1,1,0,0
ทางข้ามหน้าโรงเรียนโยธินบูรณะ,ประชาราษฎร์สาย 2,1,0,0
ทางข้ามหน้าโรงเรียนโยธินบูรณะ,ประชาราษฎร์สาย 3,1,0,0
ทางข้ามหน้าโรงแรมมิราเคิล,กำแพงเพชร 6,3,0,0
ทางข้ามหน้าโรบินสันบางรัก,เจริญกรุง,3,0,0
ทางข้ามหน้าไปรษณีย์อ่อนนุช,อ่อนนุช,0,3,0
ทางข้ามเลียบวารี 27 - 29,เลียบวารี,0,0,3
ทางข้ามแยกกำแพงเพชร,พหลโยธิน,0,0,3
ทางข้ามแยกจุฬา 12,พญาไท,0,0,3
ทางข้ามแยกบางขุนพรหม (ก่อนแยก),สามเสน,0,0,3
ทางข้ามแยกบางขุนพรหม (หลังแยก),สามเสน,0,0,3
ทางข้ามแยกพญาไท,พญาไท,0,0,3
ทางข้ามแยกรัชโยธิน (ก่อนแยก),พหลโยธิน,0,0,3
ทางข้ามแยกรัชโยธิน (หลังแยก),พหลโยธิน,0,0,3
ทางข้ามแยกราชเทวี (ก่อนแยก),พญาไท,0,0,3
ทางข้ามแยกราชเทวี (หลังแยก),พญาไท,0,0,3
ทางข้ามแยกเกษตร (ก่อนแยก),พหลโยธิน,0,0,3
ทางข้ามแยกเทเวศร์,สามเสน,0,0,3
ทางข้ามแยกเสนานิคม,พหลโยธิน,0,0,3
ทางข้ามโรงเรียนบางบัว,พหลโยธิน,0,0,3
ทางข้ามโรงเรียนบางบัว,เลียบคลองบางเขน,0,0,3
ทางข้ามโรงเรียนวัดอ่างแก้ว,เทอดไท,3,0,0
ทางข้ามใกล้คลองวัดยาง,จรัญสนิทวงศ์,0,0,3
ทางข้ามใกล้แยกหลังสวน,สารสิน,0,0,3
ทางช้ามปากซอยตากสิน 17 - 18,สมเด็จพระเจ้าตากสิน,3,0,0
ทางช้ามหน้ากรมชลประทาน,สามเสน,0,0,3
ทางยกระดับข้ามถนนร่มเกล้า,ร่มเกล้า,0,0,3
ทางยกระดับข้ามถนนร่มเกล้า,ศรีนครินทร์ - ร่มเกล้า,0,0,3
ทางลงทางด่วนจตุรโชติ,ทางลงทางด่วน,3,0,0
ทางลงทางด่วนจตุรโชติ,เลียบด่วน,3,0,0
ทางลอดกลับรถถนนพัฒนาการ,พัฒนาการ,0,0,3
ทางออกบิ๊กซี,ทางออกบิ๊กซี,0,0,3
ทางเข้า - ออกรฐัสภา,ทางเข้า - ออกรฐัสภา,0,3,0
ทางเข้า - ออกรฐัสภา,สามเสน,0,3,0
ทางเข้า - ออกหมู่บ้านแกรนคาแนล,ทางเข้า - ออกหมู่บ้านแกรนคาแนล,0,0,3
ทางเข้า - ออกหมู่บ้านแกรนคาแนล,เชิดวุฒากาศ,0,0,3
ทางเข้า รร.ปาณยาพัฒนาการ (พัฒนาการ 40),พัฒนาการ,0,0,3
ทางเข้า รร.ปาณยาพัฒนาการ (พัฒนาการ 40),พัฒนาการ 40,0,0,3
ทางเข้า- ออกแจ้งวัฒนะ 5,ซอยแจ้งวัฒนะ 5,3,0,0
ทางเข้า- ออกแจ้งวัฒนะ 5,แจ้งวัฒนะ,3,0,0
ทางเข้าถนนสุคนธสวัสดิ์,ประดิษฐ์มนูธรรม,0,0,3
ทางเข้าบิ๊กซี และรร.อโนมา,ทางเข้าบิ๊กซี และรร.อโนมา,0,0,3
ทางเข้าบิ๊กซี และรร.อโนมา,ราชดำริ,0,0,3
ทางเข้าหมู่บ้านเอื้ออาทร,ทางเข้าหมู่บ้านเอื้ออาทร,0,3,0
ทางเข้าหมู่บ้านเอื้ออาทร,เคหะร่มเกล้า,0,3,0
ทางเข้าออกการกีฬาแห่งประเทศไทย,ทางออกการกีฬาฯ,0,0,3
ทางเข้าออกการกีฬาแห่งประเทศไทย,ทางเข้าการกีฬาฯ,0,0,3
ทางเข้าออกซอยแจ้งวัฒนะ 9,ซอยแจ้งวัฒนะ 9,3,0,0
ทางเข้าออกซอยแจ้งวัฒนะ 9,แจ้งวัฒนะ,3,0,0
ทางเข้าออกมหาวิทยาลัยรามคำแหง,ทางเข้าออก ม.รามฯ,0,0,3
ทางเข้าออกวัดอินทราวาส,ราชพฤกษ์,0,3,0
ทางเข้าออกวัดอินทราวาส,อนิทราวาส,0,3,0
ทางเข้าออกสำนักงานขนส่งฯ พื้นที่ 1 บางขุนเทียน,ทางเข้าออกสำนักงานขนส่งฯ,0,0,3
ทางเข้าออกสำนักงานขนส่งฯ พื้นที่ 1 บางขุนเทียน,บางขุนเทียน-ชายทะเล,0,0,2
ทางเข้าออกเกษรทาวเวอร์,ทางเข้าออกเกษรทาวเวอร์,0,0,3
ทางเข้าออกเกษรทาวเวอร์,ราชดำริ,0,0,3
ทางเข้าออกเซ็นทรัลเวิลดิ์,ทางเข้าออกเซ็นทรัลเวิลดิ์,0,0,3
ทางเข้าออกเซ็นทรัลเวิลดิ์,ราชดำริ,0,0,3
ทางเข้าโรงเรียนไทยรัฐวิทยา75,วัชรพล,3,0,0
ทางเข้าโรงแรมโอเรียลเต็ล (ซอยเจริญกรุง40),เจริญกรุง,3,0,0
ทางเชื่อมมอเตอร์เวย์ - พระราม 9,พระราม 9,0,0,3
ทางเชื่อมมอเตอร์เวย์ - พระราม 9,มอเตอร์เวย์,0,0,3
ทางเชื่อมมอเตอร์เวย์ - พระราม 9,ศรีนครินทร์,0,0,3
ทางโค้งลงสะพานข้ามคลอง ลาดกระบัง,ลาดกระบัง,0,3,0
ทุ่งครุ,ครุใน,6,3,3
ทุ่งครุ,ประชาอุทิศ,6,3,3
ทุ่งสาธิต,ซอยสุขุมวิท 101/1,3,0,0
ทุ่งสาธิต,สุขุมวิท,3,3,6
ทุ่งสาธิต,สุขุมวิท 101/1,0,3,6
ท่าดินแดง,ท่าดินแดง,6,3,6
ท่าดินแดง,สมเด็จเจ้าพระยา,6,3,3
ท่าพระ,จรัญสนิทวงศ์,3,3,6
ท่าพระ,รัชดาภิเษก,3,3,6
ท่าพระ,เพชรเกษม,3,3,6
นครสวรรค์ - พะเนียง,นครสวรรค์,0,0,3
นครสวรรค์ - พะเนียง,พะเนียง,0,0,3
นพวงศ์,กรุงเกษม,6,0,3
นพวงศ์,มิตรพันธ์,6,0,3
นพวงศ์,หลวง,6,0,3
นพวงษ์,กรุงเกษม,0,3,0
นพวงษ์,มิตรพันธ์,0,3,0
นพวงษ์,หลวง,0,3,0
นราธิวาส - นราธิวาส 22,นราธิวาสราชนครินทร์,0,0,3
นราธิวาส - นราธิวาส 22,นราธิวาสราชนครินทร์ 22,0,0,3
นราธิวาส - พระราม 3,นราธิวาสราชนครินทร์,0,0,3
นราธิวาส - พระราม 3,พระรามที่ 3,0,0,3
นราธิวาส - สุรวงศ์,นราธิวาส,0,3,0
นราธิวาส - สุรวงศ์,นราธิวาสราชนครินทร์,3,0,3
นราธิวาส - สุรวงศ์,สุรวงศ์,0,3,3
นราธิวาส -สุรวงศ์,นราธิวาส,3,0,0
นราธิวาส -สุรวงศ์,สุรวงศ์,3,0,0
นราธิวาส ฯ - พระราม 3,นราธวาสราชนครินทร์,3,0,0
นราธิวาส ฯ - พระราม 3,พระราม 3,3,0,0
นราธิวาส- สุรวงศ์,นราธิวาส,3,0,0
นราธิวาส- สุรวงศ์,สุรวงศ์,3,0,0
นราธิวาสราชนครินทร์ 20,นราธิวาสราชนครินทร์,0,0,3
นราธิวาสฯ - พระราม 3,นราธิวาสราชนครินทร์,0,3,0
นราธิวาสฯ - พระราม 3,นราธิวาสฯ,3,0,0
นราธิวาสฯ - พระราม 3,พระรามที่ 3,3,3,0
นวมินทร์ - ประเสริฐมนูกิจ,นวมนิทร์,0,3,0
นวมินทร์ - ประเสริฐมนูกิจ,นวมินทร์,6,0,3
นวมินทร์ - ประเสริฐมนูกิจ,ประเสริฐมนูกิจ,6,3,3
นวมินทร์ - ศรีบูรพา,นวมินทร์,0,0,3
นวมินทร์ - ศรีบูรพา,นวมินทร์ 51,0,0,3
นวมินทร์ - ศรีบูรพา,ศรีบูรพา,0,0,3
นวมินทร์ - แฮปปีแลนด์,นวมินทร์,3,0,0
นวมินทร์ - แฮปปีแลนด์,แฮปปี้แลนด์,3,0,0
นวมินทร์ - แฮปปี้แลนด์,นวมินทร์,0,0,6
นวมินทร์ - แฮปปี้แลนด์,แฮปปี้แลนด์,0,0,6
นวมินทร์ 10,นวมินทร์,0,0,3
นวมินทร์ 10,นวมินทร์ 10,0,0,3
นวลจันทร์,ซอยรามอินทรา 40,3,3,0
นวลจันทร์,รามอินทรา,3,3,0
นวลจันทร์ - คลองลำเจียก,คลองลำเจียก,0,0,3
นวลจันทร์ - คลองลำเจียก,นวลจันทร์,0,0,3
นอร์ธปาร์ค,กำแพงเพชร 6,3,3,3
นอร์ธปาร์ค,ชิดชน,3,3,3
นางลิ้นจี่,นางลิ้นจี่,3,3,3
นางลิ้นจี่,พระรามที่ 3,3,3,3
นางลื้นจี่,นางลิ้นจี่,0,0,3
นางลื้นจี่,พระรามที่ 3,0,0,3
นางเลิ้ง,ทางข้ามสนามม้า,3,0,0
นางเลิ้ง,ทางเข้าสนามม้า,0,3,0
นางเลิ้ง,นครสวรรค์,3,3,6
นางเลิ้ง,พิษณุโลก,3,3,6
นานา,ซ .สุขุมวิท 3 (นานา ),3,0,0
นานา,ซ .สุขุมวิท 4,3,0,0
นานา,ซอยสุขุมวิท 3 (นานา),0,3,0
นานา,ซอยสุขุมวิท 4,0,3,0
นานา,นานา (สุขุมวิท 3),0,0,3
นานา,สุขุมวิท,3,3,9
นานา,สุขุมวิท 3,0,0,6
นานา,สุขุมวิท 4,0,0,9
นาวงประชาพัฒนา - เทิดราชัน,นาวงประชาพัฒนา,0,0,3
นาวงประชาพัฒนา - เทิดราชัน,เทิดราชัน,0,0,3
นาวงประชาพัฒนา 13,นาวงประชาพัฒนา,3,0,0
นาหลวง,ประชาอุทิศ,6,0,0
นาหลวง,ประชาอุทิศ (SB),0,3,6
นาหลวง,ประชาอุทิศ (WB),0,3,6
นาหลวง,พุทธบูชา,6,3,6
นาหลวง,ม.สินทวี,6,0,0
นาหลวง,หมู่บ้านสินทวี,0,3,6
นิคมมักกะสัน,กำแพงเพชร 7,0,0,3
นิคมมักกะสัน,นิคมมักกะสัน (EB),0,0,3
นิคมมักกะสัน,นิคมมักกะสัน (NB),0,0,3
นิคมอุตสาหกรรมลาดกระบัง,ฉลองกรุง,3,0,9
นิคมอุตสาหกรรมลาดกระบัง,ฉลองกรุง 31,0,0,9
นิคมอุตสาหกรรมลาดกระบัง,ซอยฉลองกรุง 31,3,0,0
นิคมอุตสาหกรรมลาดกระบัง,ซอยส่วนบุคคล,0,0,3
นิคมอุตสาหกรรมลาดกระบัง,ส่วนบุคคล,3,0,6
นิด้า,ศรีบูรพา,3,6,9
นิด้า,เสรีไทย,3,6,9
นิมิตรใหม่ - ประชาร่วมใจ,นิมิตรใหม่,0,0,3
นิมิตรใหม่ - ประชาร่วมใจ,ประชาร่วมใจ,0,0,3
นิมิตใหม่ - สุวินทวงศ์,นิมิตใหม่,0,0,3
นิมิตใหม่ - สุวินทวงศ์,สุวินทวงศ์,0,0,3
นิมิตใหม่ 14,นิมิตใหม่,0,0,3
นิมิตใหม่ 4 - 6,นิมิตใหม่,0,0,3
นิมิตใหม่ 40,นิมิตใหม่,0,0,3
นิมิตใหม่64,ซอยนิมิตรใหม่63,3,0,0
นิมิตใหม่64,ซอยนิมิตรใหม่64,3,0,0
นิมิตใหม่64,นิมิตรใหม่,3,0,0
นเรศ,สี่พระยา,0,0,6
บรมราชชนนี,จรัญสนิทวงศ์,3,3,9
บรมราชชนนี,บรมราชชนนี,3,3,12
บรมราชชนนี,สมเด็จพระปิ่นเกล้า,0,3,6
บรมราชชนนี,สมเด็จพระปืนเกล่า,3,0,0
บรมราชชนนี - ชัยพฤกษ์,ชัยพฤกษ์,0,0,3
บรมราชชนนี - ชัยพฤกษ์,แจ้งวัฒนะ,0,0,3
บรมราชชนนี - ราชพฤกษ์,บรมราชชนนี,0,3,0
บรมราชชนนี - ราชพฤกษ์,ราชพฤกษ์,0,3,0
บรมราชชนนี - สิรินธร,บรมราชชนนี (EB),0,0,3
บรมราชชนนี - สิรินธร,บรมราชชนนี (NB),0,0,3
บรมราชชนนี - สิรินธร,สิรินธร,0,0,3
บรมราชชนนี - เลียบทางรถไฟตลิ่งชัน,บรมราชชนนี,0,0,3
บรมราชชนนี - เลียบทางรถไฟตลิ่งชัน,เลียบทางรถไฟตลิ่งชัน,0,0,3
บรรทัดทอง - จรัสเมือง,จรัสเมือง,0,3,0
บรรทัดทอง - จรัสเมือง,บรรทัดทอง,0,3,0
บรรทัดทอง - จุฬา 12,จุฬา 12,0,0,3
บรรทัดทอง - จุฬา 12,ซอยจุฬา 12,3,0,0
บรรทัดทอง - จุฬา 12,บรรทัดทอง,3,0,3
บรรทัดทอง -จุฬา 12,ซอยจุฬา 12,3,0,0
บรรทัดทอง -จุฬา 12,บรรทัดทอง,3,0,0
บริษัทการบินไทย,วิภาวดีรังสิต,0,3,0
บริเวณจุดกลับรถหน้าโรงเรียนฝึกอาชีพ กรุงเทพมหานคร,เชื่อมสัมพันธ์,3,0,0
บริเวณหน้า The line Condo,สุขุมวิท 71,3,0,0
บริเวณไกล้ลาดพร้าว 71,ลาดพร้าว,3,0,0
บัญญาอินทรา - เลียบคลองสอง,ปัญญาอินทรา,3,0,0
บัญญาอินทรา - เลียบคลองสอง,เลียบคลองสอง,3,0,0
บางกระบือ,พระรามที่9,0,3,0
บางกระบือ,สามเสน,3,6,6
บางกระบือ,อำนวยสงคราม,3,6,6
บางกระบือ,เขียวไข่กา,3,6,6
บางกะปิ,นวมนิทร์,0,3,0
บางกะปิ,นวมินทร์,0,0,3
บางกะปิ,พ่วงศิริ,3,3,3
บางกะปิ,ลาดพร้าว,3,3,3
บางกะปิ,สุขาภิบาล 1,3,0,0
บางกะปิ,เสรีไทย,3,3,3
บางขุนนนท์,จรัญสนิทวงศ์,6,6,9
บางขุนนนท์,จรัญสนิทวงศ์ 32,0,0,9
บางขุนนนท์,ช.จรัญสนิทวงศ์ 32,2,0,0
บางขุนนนท์,ซ.จรัญสนิทวงศ์ 32,4,0,0
บางขุนนนท์,ซอยจรัญสนิทวงศ์ 32,0,6,0
บางขุนนนท์,บางกอกน้อยตลิงชัน,3,0,0
บางขุนนนท์,บางกอกน้อยตลิ่งชัน,3,6,3
บางขุนนนท์,บางขุนนนท์,0,0,6
บางขุนพรหม,วิสุทธิกษัตริย์,3,0,3
บางขุนพรหม,วิสุทธิ์กษัตริย์,0,0,3
บางขุนพรหม,สามเสน,3,0,6
บางขุนเทียน - บางขุนเทียน 16,บางขุนเทียน,0,0,3
บางขุนเทียน - บางขุนเทียน 16,บางขุนเทียน 16,0,0,3
บางขุนเทียน - บางขุนเทียน 9,บางขุนเทียน,0,0,3
บางขุนเทียน - บางขุนเทียน 9,บางขุนเทียน 9,0,0,3
บางขุนเทียน - พระยามนธาตุราชศรีพิจิตร์,บางขุนเทียน,0,3,3
บางขุนเทียน - พระยามนธาตุราชศรีพิจิตร์,พระยามนธาตุราชศรีพิจิตร์,0,3,3
บางขุนเทียน- พระยามนธาตุราชศรีพิจิตร์,บางขุนเทียน,3,0,0
บางขุนเทียน- พระยามนธาตุราชศรีพิจิตร์,พระยามนธาตุราชศรีพิจิตร์,3,0,0
บางขุนเทียน- สะแกงาม,บางขุนเทียน,3,0,0
บางขุนเทียน- สะแกงาม,สะแกงาม,3,0,0
บางขุนเทียนชายทะเล - เทียนทะเล 19,ซอยเทียนทะเล 19,3,0,0
บางขุนเทียนชายทะเล - เทียนทะเล 19,บางขุนเทียนชายทะเล,3,0,0
บางขุนเทียนชายทะเล - เทียนทะเล 25,ซอยเทียนทะเล 25,3,0,0
บางขุนเทียนชายทะเล - เทียนทะเล 25,บางขุนเทียนชายทะเล,3,0,0
บางขุนเทียนชายทะเล - เทียนทะเล 30,ซอยเทียนทะเล 30,3,0,0
บางขุนเทียนชายทะเล - เทียนทะเล 30,บางขุนเทียนชายทะเล,3,0,0
บางขุนเทียนชายทะเล - เลียบคลองพิทยาลงกรณ์,บางขุนเทียนชายทะเล,0,0,3
บางขุนเทียนชายทะเล - เลียบคลองพิทยาลงกรณ์,เลียบคลองพิทยาลงกรณ์,0,0,3
บางชัน,มณีพัฒนา,0,3,0
บางชัน,มีนพัฒนา,6,0,3
บางชัน,เสรีไทย,6,3,3
บางนา,บางนาตราด,3,0,6
บางนา,สรรพาวุธ,3,0,6
บางนา,สุขุมวิท,3,0,6
บางบอน,บางขุนเทยีนชายทะเล,0,3,0
บางบอน,บางขุนเทียน-ขายทะเล,0,0,3
บางบอน,บางขุนเทียนชายทะเล,0,0,3
บางบอน,บางบอน 1,0,0,6
บางบอน,เอกชัย,0,3,12
บางบอน 1 ซอย 15,บางบอน 1,0,0,3
บางบอน 1 ซอย 15,บางบอน 1 ซ.15,0,0,3
บางบอน 1 ซอย 20,บางบอน 1,0,0,3
บางบอน 1 ซอย 20,บางบอน 1 ซ.20,0,0,3
บางบอน 2,บางบอน 2,0,0,3
บางบอน 2,เอกชัย,0,0,3
บางบอน 3,บางบอน 3,0,3,3
บางบอน 3,บางบอน 3 (ต่อ),0,0,1
บางบอน 3,เอกชัย,0,3,3
บางบอน 3 ซอย 1,บางบอน 3,0,3,0
บางบอน 3 ซอย 5,บางบอน 3,0,0,6
บางบอน 3 ซอย 5,บางบอน 3 ซอย 10,0,0,6
บางบอน 3 ซอย 5,บางบอน 3 ซอย 5,0,0,6
บางบอน 4,บางบอน 4,0,0,3
บางบอน 4,เอกชัย,0,0,3
บางบอน 5,ซอยเอกชัย 131,3,0,0
บางบอน 5,ซอยเอกชัย 31,0,3,0
บางบอน 5,บางบอน 5,3,3,3
บางบอน 5,เอกชัย,3,3,3
บางบอน 5,เอกชัย 131,0,0,3
บางบอน 5 ซอย 5,บางบอน 5,0,0,3
บางบอน 5 ซอย 5,บางบอน 5 ซอย 5,0,0,3
บางพลัด,จรัญสนิทวงศ์,6,3,9
บางพลัด,ราชวิถี,6,3,9
บางพลัด,สิรินธร,6,3,9
บางยี่เรือ,อินทรพิทักษ์,6,3,9
บางยี่เรือ,เทอดไท,6,6,9
บางยี่เรือ,เพชรเกษม,6,3,9
บางรัก,ซอยเจริญกรุง 42,0,3,0
บางรัก,วัดสวนพลู,0,0,3
บางรัก,สีลม,3,6,9
บางรัก,เจริญกรุง,3,6,9
บางรัก,เจริญกรุง 42,0,0,6
บางลำพู,จักรพงษ์,0,0,3
บางลำพู,พระสุเมรุ,0,0,9
บางลำพู,พระเมรุ,3,3,0
บางลำพู,สามเสน,3,3,9
บางเขน,กำแพงเพชร 6,3,6,0
บางเขน,งามวงศ์วาน,3,6,0
บางเขน(2),กำแพงเพชร 6,0,0,6
บางเขน(2),งามวงศ์วาน,0,0,6
บางแค,บางแค,3,3,9
บางแค,เพชรเกษม,3,3,9
บางแค - กัลปพฤกษ์,กัลปพฤกษ์,0,0,3
บางแค - กัลปพฤกษ์,บางบอน 1,0,0,3
บางแค - กัลปพฤกษ์,บางแค,0,0,3
บางแวก - เพชรเกษม 48 (บางแวก 69),ซ.เพชรเกษม 48 (บางแวก 69),3,0,0
บางแวก - เพชรเกษม 48 (บางแวก 69),บางแวก,3,0,0
บางโพ,ประชาราษฎร์สาย 1,3,6,6
บางโพ,ประชาราษฎร์สาย 2,3,6,6
บาแล,ประชาร่วมใจ,0,0,3
บาแล,ราษฎร์ร่วมใจ,0,0,3
บำกซอยถนนรามคำแหง 24,รามคำแหง,3,0,0
บำรุงเมือง,บำรุงเมือง,0,3,0
บำรุงเมือง,ศิริพงษ์,0,3,0
บำรุงเมือง,อุณากรรณ,0,3,0
บำรุงเมือง - มหรรณพ 2,ซอยมหรรณพ 2,0,3,0
บำรุงเมือง - มหรรณพ 2,บำรุงเมือง,0,3,0
บิ๊กซีรัชดา,รัชดาภิเษก,0,3,0
บิ๊กซีเอ็กซ์ตร้าลาดพร้าว 7,ลาดพร้าว,0,3,0
บุคคโล,มไหสวรรย์,6,3,9
บุคคโล,เจริญนคร,6,3,9
บุรีภิรมย์ - เลียบวารี 2,บุรีภิรมย์,0,0,3
บุรีภิรมย์ - เลียบวารี 2,เลียบวารี 2,0,0,3
บ้านม้า,รามคำแหง,0,6,3
บ้านม้า,ศรีบูรพา,0,6,3
บ้านแขก,ประชาธิปก,3,6,9
บ้านแขก,อิสรภาพ,3,6,9
ปทุมวัน,พญาไท,6,3,9
ปทุมวัน,พระรามที่ 1,4,3,9
ปทุมวัน,พระรามที่ 2,1,0,0
ปทุมวัน,พระรามที่ 3,1,0,0
ปบากซอยสรงประภา 24,สรงประภา,3,0,0
ประชาชื่น,ประชาชื่น,3,6,3
ประชาชื่น,ประชาราษฎรส์าย 2,0,3,0
ประชาชื่น,ประชาราษฎร์สาย 2,3,3,3
ประชาชื่น,ริมคลองประปาฝั่งซ้าย,3,0,0
ประชาชื่น 31,ประชาชื่น,0,0,3
ประชาชื่น 31,ประชาชื่น 31,0,0,3
ประชาชื่น 32,ประชาชื่น,0,0,3
ประชาชื่น 32,ประชาชื่น 32,0,0,3
ประชาธรรม,ประชาอุทิศ,6,3,3
ประชาธรรม,ประดิษฐ์มนูธรรม,6,3,3
ประชานิเวศน์,ประชาชื่น,9,3,3
ประชานิเวศน์,เทศบาลสงเคราะห์,9,3,3
ประชานุกล,ประชาชื่น,3,0,0
ประชานุกล,รัชดาภิเษก,3,0,0
ประชานุกูล,ประชาชื่น,0,6,3
ประชานุกูล,รัชดาภิเษก,0,3,3
ประชานุกูล,รัชดาภเิษก,0,3,0
ประชาราษฎร์,ประชาราษฎร์สาย 1,3,0,6
ประชาราษฎร์,วงศ์สวาง,3,0,0
ประชาราษฎร์,วงศ์สว่าง,0,0,6
ประชาราษฎร์บำเพ็ญ,ประชาราษฎร์บำเพ็ญ,3,0,0
ประชาราษฎร์บำเพ็ญ,ประชาอุทิศ,3,0,0
ประชาราษฎร์บำเพ็ญ - ประชาอุทิศ,ประชาราษฎร์บำเพ็ญ (EB),0,0,3
ประชาราษฎร์บำเพ็ญ - ประชาอุทิศ,ประชาราษฎร์บำเพ็ญ (SB),0,0,3
ประชาราษฎร์บำเพ็ญ - ประชาอุทิศ,ประชาอุทิศ,0,0,3
ประชาราษฎร์สาย 1,ประชาราษฎร์สาย 1,3,3,0
ประชาราษฎร์สาย 1,วงศ์สว่าง,3,3,0
ประชาร่วมใจ - ซอยเบนชะโด,ประชาร่วมใจ,0,3,0
ประชาร่วมใจ - ราษฎร์ร่วมใจ,ประชาร่วมใจ,0,0,3
ประชาร่วมใจ - ราษฎร์ร่วมใจ,ราษฎร์ร่วมใจ,0,0,3
ประชาร่วมใจ 31,ประชาร่วมใจ,0,0,3
ประชาร่วมใจ 31,ประชาร่วมใจ 31,0,0,3
ประชาสงเคราะห์,ดินแดง,6,3,6
ประชาสงเคราะห์,ประชาสงเคราะห์,6,3,6
ประชาสงเคราะห์,อโศกดินแดง,6,0,6
ประชาสงเคราะห์ - มิตรไมตรี,ประชาสงเคราะห์,6,6,0
ประชาสงเคราะห์ - มิตรไมตรี,มิตรไมตรี,6,6,0
ประชาสงเคราะห์- มิตรไมตรี,ประชาสงเคราะห์,0,3,0
ประชาสงเคราะห์- มิตรไมตรี,มิตรไมตรี,0,3,0
ประชาอุทิศ,ประชาอุทิศ,9,6,12
ประชาอุทิศ,ประชาอุทิศ 19,0,0,3
ประชาอุทิศ,สุขสวัสดิ,3,0,0
ประชาอุทิศ,สุขสวัสดิ์,3,3,6
ประชาอุทิศ,เทียมร่วมมิตร,3,3,6
ประชาอุทิศ - ประชาอุทิศ 99,ประชาอุทิศ,0,0,3
ประชาอุทิศ - ประชาอุทิศ 99,ประชาอุทิศ 99,0,0,3
ประชาอุทิศ - เทียมร่วมมิตร,ประชาอุทิศ,0,0,3
ประชาอุทิศ - เทียมร่วมมิตร,เทียมร่วมมิตร,0,0,3
ประชาอุทิศ - เลียบด่วน กาญจนาภิเษก,ประชาอุทิศ,0,3,0
ประชาอุทิศ - เลียบด่วน กาญจนาภิเษก,ประชาอุทิศ 99,0,3,0
ประชาอุทิศ - เลียบด่วน กาญจนาภิเษก,เลียบด่วนกาญจนาภิเษก,0,3,0
ประชาอุทิศ - เลียบด่วนกาญจนาภิเษก,ซอยประชาอุทิศ 99,3,0,0
ประชาอุทิศ - เลียบด่วนกาญจนาภิเษก,ประชาอุทิศ,3,0,2
ประชาอุทิศ - เลียบด่วนกาญจนาภิเษก,เลียบด่วนกาญจนาภิเษก,3,0,3
ประชาอุทิศ 14 - ประชาอุทิศ 13,ประชาอุทิศ,0,0,3
ประชาอุทิศ 14 - ประชาอุทิศ 13,ประชาอุทิศ 13,0,0,3
ประชาอุทิศ 14 - ประชาอุทิศ 13,ประชาอุทิศ 14,0,0,3
ประชาอุทิศ 33,ประชาอุทิศ,0,0,3
ประชาอุทิศ 33,ประชาอุทิศ 33,0,0,3
ประชาอุทิศ 54,ประชาอุทิศ,0,0,3
ประชาอุทิศ 54,ประชาอุทิศ 54,0,0,3
ประชาอุทิศ 68,ประชาอุทิศ,0,0,3
ประชาอุทิศ 69,ประชาอุทิศ,0,0,3
ประชาอุทิศ 69,ประชาอุทิศ 69,0,0,3
ประชาอุทิศ 76 - ประชาอุทิศ 91/3,ประชาอุทิศ,0,0,3
ประชาอุทิศ 76 - ประชาอุทิศ 91/3,ประชาอุทิศ 76,0,0,3
ประชาอุทิศ 76 - ประชาอุทิศ 91/3,ประชาอุทิศ 91/3,0,0,3
ประชาอุทิศ 83,ประชาอุทิศ,0,0,3
ประชาอุทิศ 90,ประชาอุทิศ,0,0,3
ประชาอุทิศ 90,ประชาอุทิศ 90,0,0,3
ประชาเกษม,กรุงเกษม,3,3,6
ประชาเกษม,นครราชสีมา,3,3,6
ประชาเกษม,ประชาธิปไตย,3,3,6
ประดิพัทธ์,ประดิพัทธ์,3,12,6
ประดิพัทธ์,พระรามที่ 6,3,6,6
ประดิพัทธ์,พระรามที่6,0,3,0
ประดิษฐ์มนูธรรม,ประดิษฐ์มนูธรรม,3,0,0
ประดิษฐ์มนูธรรม,สังคมสงเคราะห์,3,0,0
ประตู 1 ตลาดนัดจตุจักร,กำแพงเพชร 2,0,0,3
ประตูนา,ราชดำริ,3,0,0
ประตูนา,ราชปรารภ,3,0,0
ประตูนา,เพชรบุรี,3,0,0
ประตูน้ำ,ราชดำริ,3,3,12
ประตูน้ำ,ราชปรารภ,3,3,12
ประตูน้ำ,เพชรบุรี,3,3,12
ประตูผี,มหาไชย,0,0,3
ประเวศ,อ่อนนุช,3,0,9
ประเวศ,เฉลิมพระเกียรติ,3,0,0
ประเวศ,เฉลิมพระเกียรติ ร.9,0,0,9
ประเสริฐมนูกิจ - ประดิษฐ์มนูธรรม,ประดิษฐ์มนูธรรม,6,3,6
ประเสริฐมนูกิจ - ประดิษฐ์มนูธรรม,ประเสริฐมนูกิจ,6,3,6
ประเสริฐมนูกิจ - ลาดปลาเค้า,ประเสริฐมนูกิจ,3,3,3
ประเสริฐมนูกิจ - ลาดปลาเค้า,ลาดปลาเค้า,3,3,3
ประเสริฐมนูกิจ - สุคนธสวัสดิ์,ประเสริฐมนูกิจ,0,3,3
ประเสริฐมนูกิจ - สุคนธสวัสดิ์,สุคนธสวัสดิ์,0,3,3
ประเสริฐมนูกิจ -สุคนธสวัสดิ์,ประเสริฐมนูกิจ,3,0,0
ประเสริฐมนูกิจ -สุคนธสวัสดิ์,สุคนธสวัสดิ์,3,0,0
ประเสริฐมนูกิจ 29,ประเสริฐมนูกิจ,0,0,3
ประเสริฐมนูกิจ 29,ประเสริฐมนูกิจ 29,0,0,3
ประเสริฐมนูกิจ 29,มัยลาภ,0,0,3
ปรีดีพนมยงค์ 2,สุขุมวิท 71,0,0,3
ปัญญาอินทรา - สุเหร่าคลองหนึ่ง,ปัญญาอินทรา(EB),0,0,3
ปัญญาอินทรา - สุเหร่าคลองหนึ่ง,ปัญญาอินทรา(SB),0,0,3
ปัญญาอินทรา - สุเหร่าคลองหนึ่ง,สุเหร่าคลองหนึ่ง,0,0,3
ปากชอยราษฎร์อุทิศ52- 54,ราษฎร์อุทิศ,3,0,0
ปากซอยกรุงธนบุรี5,กรุงธนบุรี,6,0,0
ปากซอยกรุงเทพ - นนทบุรี 20,กรุงเทพ - นนทบุรี,0,0,3
ปากซอยกรุงเทพกรีฑา 7,กรุงเทพกรีฑา,3,0,0
ปากซอยกรุงเทพกรีฑา 7,กรุงเทพกรีฑา (EB),0,0,3
ปากซอยกรุงเทพกรีฑา 7,กรุงเทพกรีฑา (NB),0,0,3
ปากซอยกรุงเทพกรีฑา 7,กรุงเทพกรีฑา 7,0,0,3
ปากซอยกรุงเทพกรีฑา 7,ซอยกรุงเทพกรีฑา 7,3,0,0
ปากซอยกรุงเทพกรีฑา 7,ศรีนครินทร์ - ร่มเกล้า,3,0,3
ปากซอยกาญจนาภิเษก 10,กาญจนาภิเษก,0,0,3
ปากซอยกาญจนาภิเษก 10,กาญจนาภิเษก 10,0,0,3
ปากซอยกาญจนาภิเษก 8,กาญจนาภิเษก,0,0,3
ปากซอยกาญจนาภิเษก 8,กาญจนาภิเษก 8,0,0,3
ปากซอยขุมทรัพย์นคร 16/5,พุทธมณฑลสาย 3,0,3,0
ปากซอยคริสจักร,จรัญสนิทวงศ์,0,0,3
ปากซอยคุ้มเกล้า 3,คุ้มเกล้า,0,0,3
ปากซอยคู้บอน 27,คู้บอน,0,0,3
ปากซอยคู้บอน 27,คู้บอน 27,0,0,3
ปากซอยคู้บอน 44,คู้บอน,0,0,6
ปากซอยจรัญสนิทวงศ์ 1,จรัญสนิทวงศ์,0,0,3
ปากซอยจรัญสนิทวงศ์ 1,จรัญสนิทวงศ์ 1,0,0,3
ปากซอยจรัญสนิทวงศ์ 26,จรัญสนิทวงศ์,0,0,3
ปากซอยจรัญสนิทวงศ์ 26,จรัญสนิทวงศ์ 26,0,0,3
ปากซอยจรัญสนิทวงศ์ 29,จรัญสนิทวงศ์,0,0,3
ปากซอยจรัญสนิทวงศ์ 30,จรัญสนิทวงศ์,0,0,3
ปากซอยจรัญสนิทวงศ์ 30,จรัญสนิทวงศ์ 30,0,0,3
ปากซอยจรัญสนิทวงศ์ 43,จรัญสนิทวงศ์,0,3,0
ปากซอยจันทน์ 51,จันทน์,0,0,3
ปากซอยจันทน์ 51,จันทน์ 51,0,0,3
ปากซอยจุฬาลงกรณ์ 12,บรรทัดทอง,0,3,0
ปากซอยจุฬาลงกรณ์ 26,บรรทัดทอง,0,6,0
ปากซอยจุฬาฯ 15,พระรามที่ 4,0,0,3
ปากซอยฉลองกรุง 23-24,ฉลองกรุง,0,3,0
ปากซอยฉลองกรุง 61,ฉลองกรุง,0,0,3
ปากซอยฉิมพลี 34,ฉิมพลี,0,0,3
ปากซอยตากสิน 34,ซอยตากสิน 34,3,0,0
ปากซอยตากสิน 34,สมเด็จพระเจ้าตากสิน,3,0,0
ปากซอยทรัพย์วัฒนะ,เลียบคลองประปา,3,0,0
ปากซอยทวีวัฒนา 1,ทวีวัฒนา,0,0,3
ปากซอยทวีวัฒนา 24,ทวีวัฒนา,0,0,3
ปากซอยทองหล่อ 20,ทองหล่อ,0,0,3
ปากซอยทองหล่อ 20,ทองหล่อ 20,0,0,3
ปากซอยทองหล่อ 3,ทองหล่อ,0,0,3
ปากซอยทองหล่อ 5,ทองหล่อ,0,0,3
ปากซอยนครสวรรค์ 3,นครสวรรค์,0,0,3
ปากซอยนราธิวาส 10,ซ.นราธิวาสราชนครินทร์ 10,0,0,3
ปากซอยนราธิวาส 28,นราธิวาสราชนครินทร์,0,0,3
ปากซอยนราธิวาส 8,ซ.นราธิวาสราชนครินทร์ 8,0,0,3
ปากซอยนามบัญญัติ,ประชาธิปไตย,0,3,0
ปากซอยนิมิตรใหม่ 29/5,นิมิตรใหม่,0,0,3
ปากซอยนิมิตใหม่ 40,นิมิตใหม่,0,0,3
ปากซอยนิมิตใหม่ 9,นิมิตใหม่,0,0,3
ปากซอยบางกระดิ 35/1,บางกระดี่,3,0,0
ปากซอยบางกระดี 32,บางกระดี่,3,0,0
ปากซอยบางกระดี่ 1,บางกระดี่,3,0,0
ปากซอยบางกระดี่ 16,บางกระดี่,3,0,0
ปากซอยบางนาตราด 30,บางนาตราด,0,0,3
ปากซอยบางนาตราด 30,บางนาตราด 30,0,0,3
ปากซอยบางนาตราด 4,บางนาตราด,0,0,3
ปากซอยบางนาตราด 4,บางนาตราด 4,0,0,3
ปากซอยบางพรม 11,พรานนก - พุทธมณฑลสาย 4,0,3,0
ปากซอยบุญอยู่,ดินแดง,0,3,0
ปากซอยประชาชื่น 29,ประชาชื่น,0,0,3
ปากซอยประชาชื่น 37,ประชาชื่น,0,0,6
ปากซอยประชาชื่น 37,ประชาชื่น 37,0,0,3
ปากซอยประชาราษฎร์บำเพ็ญ 6,ประชาราษฎร์บำเพ็ญ,0,0,3
ปากซอยประชาราษฎร์สาย 1 ซ.10,ประชาราษฎร์สาย 1,0,0,3
ปากซอยประชาราษฎร์สาย 1 ซ.36,ประชาราษฎร์สาย 1,0,0,3
ปากซอยประชาราษฎร์สาย 1 ซ.36,ประชาราษฎร์สาย 1 ซ.36,0,0,3
ปากซอยประชาร่วมใจ 35,ประชาร่วมใจ,3,0,0
ปากซอยประชาร่วมใจ31,ประชาร่วมใจ,0,0,3
ปากซอยประชาร่วมใจ31,ประชาร่วมใจ 31,0,0,3
ปากซอยประชาอุทิศ 113,ประชาอุทิศ,0,0,3
ปากซอยประชาอุทิศ 27,ประชาอุทิศ,0,0,3
ปากซอยประชาอุทิศ 54,ประชาอุทิศ,0,0,3
ปากซอยประชาอุทิศ 58/2,ประชาอุทิศ,0,0,3
ปากซอยประดิษฐ์มนูธรรม 15,ประดิษฐ์มนูธรรม,0,0,3
ปากซอยประดิษฐ์มนูธรรม 29,ประดิษฐ์มนูธรรม,0,0,3
ปากซอยประดิษฐ์มนูธรรม 29,ประดิษฐ์มนูธรรม29,0,0,3
ปากซอยปรีดีพนมยงค์ 7,ปรีดีพนมยงค์,3,0,0
ปากซอยพระยาสุเรนทร์ 28,พระยาสุเรนทร์,0,0,3
ปากซอยพระยาสุเรนทร์26 -28,พระยาสุเรนทร์,0,3,0
ปากซอยพระรามที่ 6 ซอย 15,พระรามที่ 6,0,0,3
ปากซอยพหลโยธิน 69/7,พหลโยธิน,0,3,0
ปากซอยพัฒนาการ 4,พัฒนาการ,0,0,3
ปากซอยพัฒนาการ 51,พัฒนาการ,3,0,0
ปากซอยพัฒนาการ 92,พัฒนาการ,0,0,3
ปากซอยฟักสังข์พัฒนา,เลียบคลองประปา,3,0,0
ปากซอยรัชดา 43,รัชดาภิเษก,0,0,3
ปากซอยรัชดา 66,รัชดาภิเษก,0,0,3
ปากซอยรัชดา 66,รัชดาภิเษก 66,0,0,3
ปากซอยรางน้ำ,พญาไท,0,9,0
ปากซอยรามคำแหง 195,รามคำแหง,3,0,0
ปากซอยรามคำแหง 23,รามคำแหง,0,0,3
ปากซอยรามคำแหง 3,รามคำแหง,0,0,3
ปากซอยรามค่าแหง 189,รามคำแหง,3,0,0
ปากซอยรามอินทรา 127,รามอินทรา,3,0,0
ปากซอยราษฎร์บูรณะ 41,ราษฎร์บูรณะ,0,0,3
ปากซอยราษฎร์พัฒนา,ราษฎร์อุทิศ,0,0,3
ปากซอยราษฎร์อุทิศ 27/5,ราษฎร์อุทิศ,0,0,3
ปากซอยราษฎร์อุทิศ 27/6,ราษฎร์อุทิศ,0,0,3
ปากซอยลาดกระบัง 1,ซ.ลาดกระบัง 1,3,0,0
ปากซอยลาดกระบัง 1,ลาดกระบัง,3,0,0
ปากซอยลาดกระบัง 3/2,ซอยลาดกระบัง 3/2,3,0,0
ปากซอยลาดกระบัง 3/2,ลาดกระบัง,3,0,0
ปากซอยลาดกระบัง ซอย 7,ซอยลาดกระบัง 7,3,0,0
ปากซอยลาดกระบัง ซอย 7,ลาดกระบัง,3,0,0
ปากซอยลาดพร้าว 101 ซอย 39,ลาดพราว 101 ซอย 39,3,0,0
ปากซอยลาดพร้าว 101 ซอย 39,ลาดพร้าว 101,3,0,0
ปากซอยลาดพร้าว 15,ซอยลาดพร้าว 15,3,0,0
ปากซอยลาดพร้าว 15,ลาดพร้าว,3,0,3
ปากซอยลาดพร้าว 15,ลาดพร้าว 15,0,0,3
ปากซอยลาดหญ้า 10,ลาดหญ้า,0,0,3
ปากซอยลาดหญ้า 6,ถนนลาดหญ้า,3,0,0
ปากซอยลาดหญ้า 6,ลาดหญ้า,3,0,0
ปากซอยวงศ์สว่าง 11,วงศ์สว่าง,0,0,3
ปากซอยวงศ์สว่าง 11,วงศ์สว่าง 11,0,0,3
ปากซอยวงศ์สว่าง 29,วงศ์สว่าง,0,0,3
ปากซอยวงศ์สว่าง 6,วงศ์สว่าง,0,0,3
ปากซอยวงศ์สว่าง 6,วงศ์สว่าง 6,0,0,3
ปากซอยวชิธรรมสาธิต 12,สุขุมวิท 101/1,0,0,3
ปากซอยวชิรธรรมสาธิต 12,วชิรธรรมสาธิต,0,0,3
ปากซอยวชิรธรรมสาธิต 12,สุขุมวิท 101/1,0,0,3
ปากซอยวชิรธรรมสาธิต 29,สุขุมวิท 101/1,0,0,3
ปากซอยวัดปากน้า -วัดแก้ว,พรานนก - พุทธมณฑลสาย 4,3,0,0
ปากซอยวัดเพลง,พรานนก - พุทธมณฑลสาย 4,3,0,0
ปากซอยวิภาวดี 25,กำแพงเพชร 6,0,0,3
ปากซอยวิภาวดี 25,วิภาวดีรังสิต 25,0,0,3
ปากซอยวิภาวดีรังสิต 25,กำแพงเพชร 6,0,0,3
ปากซอยวิภาวดีรังสิต 25,วิภาวดีรังสิต 25,0,0,3
ปากซอยศรีนครินทร์ 10,ศรีนครินทร์,0,0,3
ปากซอยศรีอยุธยา 5,ศรีอยุธยา,0,3,0
ปากซอยศาลาธรรมสพน์ 26,ศาลาธรรมสพน์,0,0,3
ปากซอยศาลาแดง,สีลม,0,0,3
ปากซอยศิริชัยบางบอน9,พระยามนธาตุราชศรีพิจิตร์,3,0,0
ปากซอยสมเด็จพระเจ้าตากสิน 15,สมเด็จพระเจ้าตากสิน,3,0,0
ปากซอยสมเด็จพระเจ้าตากสิน 46,สมเด็จพระเจ้าตากสิน,3,0,0
ปากซอยสมเด็จพระเจ้าตากสิน 9,สมเด็จพระเจ้าตากสิน,3,0,0
ปากซอยสมเด็จเจ้าพระยา 17,สมเด็จเจ้าพระยา,0,0,3
ปากซอยสมเด็จเจ้าพระยา 17,สมเด็จเจ้าพระยา 17,0,0,3
ปากซอยสมเด็จเจ้าพระยา 5,สมเด็จเจ้าพระยา,0,0,3
ปากซอยสรงประภา 1,สรงประภา,6,0,0
ปากซอยสรงประภา 24,สรงประภา,3,0,0
ปากซอยสองพระ,สี่พระยา,0,0,6
ปากซอยสังฆประชา,ฉลองกรุง,3,0,0
ปากซอยสังฆประชา,ซอยสังฆประชา,3,0,0
"ปากซอยสายไหม 21,.23",สายไหม,3,0,0
ปากซอยสายไหม 25,ปากซอยสายไหม 25,3,0,0
ปากซอยสายไหม 33/1,สายไหม,0,3,0
ปากซอยสายไหม 64,สายไหม,3,0,0
ปากซอยสายไหม 81,สายไหม,3,0,0
ปากซอยสายไหม่ 56,สายใหม่,3,0,0
ปากซอยสารภี 2,ถนนประชาธิปก,3,0,0
ปากซอยสารภี 2,ประชาธิปก,3,0,0
ปากซอยสุขสวัสดิ์33/1,สุขสวัสดิ์,3,0,0
ปากซอยสุขุมวิท 81,สุขุมวิท,0,3,0
ปากซอยสุขุมวิท 81,สุขุมวิท 52,0,3,0
ปากซอยสุขุมวิท 81,สุขุมวิท 81,0,3,0
ปากซอยหทัยราษฎร์ 39,หทัยราษฎร์,0,3,0
ปากซอยหทัยราษฎร์39,ซอยหทัยราษฎร์39,3,0,0
ปากซอยหทัยราษฎร์39,ททัยราษฎร์,3,0,0
ปากซอยหัวหมาก 20,ซอยหัวหมวาก 20,3,0,0
ปากซอยหัวหมาก 20,ซอยหัวหมวาก 21,3,0,0
ปากซอยหัวหมาก 20,หัวหมาก,3,0,0
ปากซอยอรุณอัมรินทร์ 6,อรุณอัมรินทร์,3,0,0
ปากซอยอุดมสุข 1,อุดมสุข (สุขุมวิท 103),0,3,0
ปากซอยอุดมสุข 18,อุดมสุข,0,0,3
ปากซอยอุดมสุข 26,อุดมสุข,0,0,3
ปากซอยอุดมสุข 30,อุดมสุข,0,0,3
ปากซอยอุดมสุข 34,อุดมสุข,0,0,3
ปากซอยอุดมสุข 41,อุดมสุข (สุขุมวิท 103),3,0,0
ปากซอยอุดมสุข 51,สุขุมวิท 103,0,0,3
ปากซอยอุดมสุข 9,อุดมสุข (สุขุมวิท 103),0,3,0
ปากซอยอุทัยฟาร์ม,พระรามที่ 4,0,0,3
ปากซอยอ่อนนุข 41,อ่อนนุช,0,0,3
ปากซอยอ่อนนุข 41,อ่อนนุช 41,0,0,3
ปากซอยอ่อนนุช 51,สุขุมวิท 77,0,0,3
ปากซอยอ่อนนุช 59/1,อ่อนนุช,0,0,3
ปากซอยอ่อนนุช 69,อ่อนนุช,3,0,0
ปากซอยอ่อนนุช 74/3,สุขุมวิท 77,0,0,3
ปากซอยอ่อนนุช 74/3,อ่อนนุช,3,0,3
ปากซอยอ่อนนุช 74/3,อ่อนนุช 74/3,0,0,3
ปากซอยอ่อนุช 65,อ่อนนุช,3,0,0
ปากซอยอ่อนุช 65,อ่อนนุช 65,3,0,0
ปากซอยเจริญกรุง 72/1,เจริญกรุง,0,3,0
ปากซอยเจริญกรุง 76,เจริญกรุง,0,3,0
ปากซอยเจริญกรุง 85,เจริญกรุง,0,3,0
ปากซอยเจริญนคร 12,เจริญนคร,0,0,3
ปากซอยเจริญนคร 12,เจริญนคร 12,0,0,3
ปากซอยเจริญนคร 13,เจริญนคร,0,0,3
ปากซอยเจริญนคร 14/2,เจริญนคร,0,0,3
ปากซอยเจริญนคร 28,เจริญนคร,0,0,3
ปากซอยเจริญนคร 39,เจริญนคร,0,0,3
ปากซอยเจริญรัถ 19,เจริญรัก,0,0,3
ปากซอยเจริญรัถ 19,เจริญรัก 19,0,0,3
ปากซอยเจริญราษฎร์ 3,ศส 6 เจรญราษฎร,3,0,0
ปากซอยเจริญสุข,พระรามที่ 4,0,0,3
ปากซอยเฉลิมพระเกียรติ ร.9 23,เฉลิมพระเกียรติ ร.9,0,0,3
ปากซอยเฉลิมพระเกียรติ ร.9 39,เฉลิมพระเกียรติ ร.9,0,0,3
ปากซอยเชื่อมสัมพันธ์ 13,เชื่อมสัมพันธ์,0,0,3
ปากซอยเทพรักษ์ 25,เทพรักษ์,0,0,3
ปากซอยเทพรักษ์ 42,เทพรักษ์,0,0,3
ปากซอยเทียนทะเล 20,เทียนทะเล,0,0,3
ปากซอยเทียนทะเล 20,เทียนทะเล 20,0,0,3
ปากซอยเทียนทะเล 7,เทียนทะเล,0,0,3
ปากซอยเทียนทะเล 7,เทียนทะเล 7,0,0,3
ปากซอยเทียนทะเล 9/1,บางขุนเทียนชายทะเล,0,0,3
ปากซอยเทียนทะเล 9/1,เทียนทะเล 9/1,0,0,3
ปากซอยเบญจพร 2,พรานนก - พุทธมณฑลสาย 4,3,0,0
ปากซอยเพชรเกษม 11,เพชรเกษม,0,3,0
ปากซอยเพชรเกษม 110,เพชรเกษม,0,0,3
ปากซอยเพชรเกษม 110,เพชรเกษม 110,0,0,3
ปากซอยเพชรเกษม 15,เพชรเกษม,0,3,3
ปากซอยเพชรเกษม 16,เพชรเกษม,0,0,3
ปากซอยเพชรเกษม 16,เพชรเกษม 16,0,0,3
ปากซอยเลียบคลองภาษีเจริญฝั่งใต้ 2/1,เลียบคลองภาษีเจริญฝั่งใต้,0,0,3
ปากซอยเลียบคลองภาษีเจริญฝั่งใต้ 6,เลียบคลองภาษีเจริญฝั่งใต้,0,0,3
ปากซอยเลียบคลองสอง 19,เลียบคลองสอง,0,0,3
ปากซอยเลียบคลองสอง 28,เลียบคลองสอง,0,0,3
ปากซอยเลียบวารี 11,เลียบวารี,0,0,3
ปากซอยเลียบวารี 29,เลียบวารี,0,0,3
ปากซอยเลียบวารี 55,เลียบวารี,0,0,3
ปากซอยเลียบวารี 59,เลียบวารี,0,0,3
ปากซอยเลียบวารี 59 - 61,เลียบวารี,3,0,0
ปากซอยเวชคาม,ประชาชื่น,3,0,0
ปากซอยเสรีไทย 23,เสรีไทย,0,0,3
ปากซอยเสรีไทย 68,ซอย เสรีไทย 68,3,0,0
ปากซอยเสรีไทย 68,เสรีไทย,3,0,0
ปากซอยเสร็ไทย 68,เสรีไทย,3,0,0
ปากซอยเอกชัย 64/5,เอกชัย,0,0,3
ปากซอยเอกชัย 64/5,เอกชัย 64/5,0,0,3
ปากซอยแจ้งวัฒนะ 10,แจ้งวัฒนะ,0,0,3
ปากซอยแจ้งวัฒนะ 10,แจ้งวัฒนะ 10,0,0,3
ปากซอยแจ้งวัฒนะ 13,แจ้งวัฒนะ,3,0,0
ปากซอยแจ้งวัฒนะ 7,ซอยแจ้งวัฒนะ 7,3,0,0
ปากซอยแจ้งวัฒนะ 7,แจ้งวัฒนะ,3,0,0
ปากซอยแม้นศรี 2,บำรุงเมือง,0,3,0
ปากซอยโรงงานยาสูบ,ซอยโรงงานยาสูบ,3,0,0
ปากซอยโรงงานยาสูบ,พระรามที่ 4,3,0,0
ปากทางลาดพร้าว,พหลโยธิน,3,3,3
ปากทางลาดพร้าว,ลาดพร้าว,3,3,3
ปากทางเข้าแฟลตทหารเรือ,สุขสวัสดิ์ 26,0,0,3
ปุณวิถี,ซอยสุขุมวิท 101,3,0,0
ปุณวิถี,สุขุมวิท,3,0,6
ปุณวิถี,สุขุมวิท 101,0,0,3
ปุณวิถี,สุขุมวิท 101/1,0,0,3
ป้อมมหากาฬ,พระสุเมรุ,3,3,3
ป้อมมหากาฬ,มหาไชย,3,3,3
ป้อมมหากาฬ,ราชดำเนินกลาง,3,3,3
ป้อมเผด็จ,ถนนราชดำเนินใน,0,0,3
ป้อมเผด็จ,ถนนสนามไชย,0,0,3
ป้อมเผด็จ,ถนนหน้าพระลาน,0,0,3
ป้อมเผด็จ,ถนนหลักเมือง,0,0,3
ป้อมเผด็จ,ราชดำเนิน,0,3,0
ป้อมเผด็จ,ราชดำเนินใน,3,3,0
ป้อมเผด็จ,สนามไชย,3,6,0
ป้อมเผด็จ,หน้าพระลาน,3,3,0
ป้อมเผด็จ,หลักเมือง,3,6,0
ผดุงพันธ์,ผดุงพันธ์,0,0,3
ผดุงพันธ์ - บุรีภิรมย์,บุรีภิรมณ์ 1,0,0,3
ผดุงพันธ์ - บุรีภิรมย์,ผดุงพันธ์ (SB),0,0,3
ผดุงพันธ์ - บุรีภิรมย์,ผดุงพันธ์ (WB),0,0,3
ผดุงพันธ์ - ยังพัธนา,ผดุงพันธ์,0,0,3
ผดุงพันธ์ - ยังพัธนา,ยังพัธนา,0,0,3
ผลาสินธุ์ - ทางเข้าออกแฟลต ทบ.ส่วนกลางบางเขน,ทางเข้าออกแฟลต ทบ.ส่วนกลางบางเขน,0,0,3
ผลาสินธุ์ - ทางเข้าออกแฟลต ทบ.ส่วนกลางบางเขน,ผลาสินธุ์,0,0,3
ผังเมือง,ถนนพระราม 9,0,0,3
ผังเมือง,พระราม 9,3,3,3
ผังเมือง,พระราม 9 ซ.6 / รอยัลซิตี้อเวนิว,0,0,3
ผังเมือง,รอยัลซิติ้อเวนิว,3,0,0
ผังเมือง,รอยัลซิตี้อเวนิว,0,0,3
ผังเมือง,รอยัลซีตี้อเวนิว,0,3,0
ผังเมือง,วัฒนธรรม,3,3,6
ผ่องพลอย,ลาซาล,0,0,6
ผ่องพลอย,ลาซาล 46,0,3,6
ผ่องพลอย,ลาซาล 55,0,3,6
ผ่องพลอย,ลาซาล(สุขุมวิท 105),0,3,0
ผ่านพิภพ,จักรพงษ์,3,0,0
ผ่านพิภพ,ราชดำเนินกลาง,3,0,0
ผ่านพิภพ,ราชดำเนินใน,3,0,0
ผ่านพิภพ,สมเด็จพระปิ่นเกล้า,3,0,0
ผ่านพิภพลีลา,จักรพงษ์,0,3,3
ผ่านพิภพลีลา,ราชดำเนินกลาง,0,3,3
ผ่านพิภพลีลา,ราชดำเนินใน,0,3,3
ผ่านพิภพลีลา,สมเด็จพระปิ่นเกล้า,0,3,3
ผ่านฟ้า,นครสวรรค์,3,3,0
ผ่านฟ้า,บรพิตัร,0,3,0
ผ่านฟ้า,บริพัตร,3,0,0
ผ่านฟ้า,ปรินายก,3,3,0
ผ่านฟ้า,ราชดำเนินกลาง,3,3,0
ผ่านฟ้า,ราชดำเนินนอก,3,3,0
ผ่านฟ้า,หลานหลวง,3,3,0
ผ่านฟ้าลีลาศ,นครสวรรค์,0,0,6
ผ่านฟ้าลีลาศ,บริพัตร,0,0,6
ผ่านฟ้าลีลาศ,ปรินายก,0,0,6
ผ่านฟ้าลีลาศ,ราชดำเนินกลาง,0,0,6
ผ่านฟ้าลีลาศ,ราชดำเนินนอก,0,0,6
ผ่านฟ้าลีลาศ,หลานหลวง,0,0,6
ผ่านภิภพลีลา,จักรพงษ์,0,0,3
ผ่านภิภพลีลา,ราชดำเนินกลาง,0,0,3
ผ่านภิภพลีลา,ราชดำเนินใน,0,0,3
ผ่านภิภพลีลา,สมเด็จพระปิ่นเกล้า,0,0,3
พงษ์พระราม,จารุเมือง,3,3,6
พงษ์พระราม,พระรามที่ 1,3,3,6
พงษ์เพชร,งามวงศ์วาน,6,3,6
พงษ์เพชร,ประชาชื่น,6,3,6
พญาไท,พญาไท,3,3,9
พญาไท,ศรีอยุธยา,3,3,9
พทุธมณฑลสาย 1 - บางแวก,บางแวก,0,3,0
พทุธมณฑลสาย 1 - บางแวก,พุทธมณฑลสาย 1,0,3,0
พระยาสุเรนทร์ - จตุโชติ,จตุโชติ,0,0,3
พระยาสุเรนทร์ - จตุโชติ,พระยาสุเรนทร์,0,0,3
พระราม 2 ซ.50 แยก 5,พระราม 2 ซ.50,0,0,3
พระราม 2 ซ.69 แยก 1,พระราม 2 ซอย 69,0,0,3
พระราม 2 ซ.69 แยก 1,พระราม 2 ซอย 69 แยก 1,0,0,3
พระราม 2 ซ.69 แยก 2,พระราม 2 ซอย 69,0,0,3
พระราม 2 ซ.69 แยก 2,พระราม 2 ซอย 69 แยก 2,0,0,3
พระราม 2 ซ.69 แยก 3,พระราม 2 ซอย 69,0,0,3
พระราม 2 ซ.69 แยก 3,พระราม 2 ซอย 69 แยก 3,0,0,3
พระราม 3 - รัชดา,พระรามที่ 3,0,0,3
พระราม 3 - รัชดา,รัชดาภิเษก,0,0,3
พระราม 3 -รัชดา,พระรามที่ 3,0,0,3
พระราม 3 -รัชดา,รัชดาภิเษก,0,0,3
พระราม 9,พระราม 9,6,6,6
พระราม 9,รัชดาภิเษก,6,6,6
พระราม 9,อโศกดินแดง,6,6,6
พระราม 9 - ประดิษฐ์มนูธรรม,ประดิษฐ์มนูธรรม,3,0,0
พระราม 9 - ประดิษฐ์มนูธรรม,พระราม 9,3,0,0
พระราม 9 -ประดิษฐ์มนูธรรม,ประดิษฐ์มนูธรรม,0,0,3
พระราม 9 -ประดิษฐ์มนูธรรม,พระราม 9,0,0,3
พระราม 9 ใหม่,พระราม 9,0,3,3
พระราม 9 ใหม่,พระรามที่ 9,3,0,0
พระราม 9 ใหม่,เพชรพระราม,3,3,3
พระราม 9 – ประดิษฐ์มนูธรรม,ประดิษฐ์มนูธรรม,0,0,3
พระราม 9 – ประดิษฐ์มนูธรรม,พระราม 9,0,0,3
พระรามที่ 2,พระรามที่ 2,0,3,9
พระรามที่ 2,สุขสวัสดิ์,0,3,9
พระรามที่ 2 ซอย 20,พระรามที่ 2,0,0,3
พระรามที่ 2 ซอย 20,พระรามที่ 2 ซอย 20,0,0,3
พระรามที่ 2 ซอย 28,พระรามที่ 2,0,0,3
พระรามที่ 2 ซอย 28,พระรามที่ 2 ซอย 28,0,0,3
พระรามที่ 3 - นราธิวาส,นราธิวาสราชนครินทร์,0,0,6
พระรามที่ 3 - นราธิวาส,พระรามที่ 3,0,3,6
พระรามที่ 3 - ยานนาวา,พระรามที่ 3,0,3,3
พระรามที่ 3 - ยานนาวา,ยานนาวา,0,3,3
พระรามที่ 3 - รัชดา,พระรามที่ 3,0,3,0
พระรามที่ 3 - รัชดา,รัชดาภิเษก,0,3,0
พระรามที่ 3 - วงแหวนอุตสาหกรรม,พระรามที่ 3,0,3,3
พระรามที่ 3 - วงแหวนอุตสาหกรรม,วงแหวนอุตสาหกรรม,0,3,3
พระรามที่ 3 ซอย 19,พระรามที่ 3,0,0,3
พระรามที่ 3 ซอย 19,พระรามที่ 3 ซ.19,0,0,3
พระรามที่ 3 ซอย 77,พระรามที่ 3,0,0,3
พระรามที่ 3 ซอย 77,พระรามที่ 3 ซอย 77,0,0,3
พระรามที่ 4,พระรามที่ 4,6,1,6
พระรามที่ 4,พระรามที่ 5,0,1,0
พระรามที่ 4,พระรามที่ 6,0,1,0
พระรามที่ 4,รัชดาภิเษก,6,3,6
พระรามที่ 6 -พระรามที่ 6ซอย 36,พระรามที่ 6,3,0,0
พระรามที่ 6 -พระรามที่ 6ซอย 36,พระรามที่ 6 ซอย 36,3,0,0
พระรามที่2,พระรามที่ 2,3,0,0
พระรามที่2,พระรามที่2,0,3,0
พระรามที่2,สุขสวัสดิ์,3,3,0
พระรามที่2 - แสมดำ,พระรามที่ 2,3,0,0
พระรามที่2 - แสมดำ,แสมดำ,3,0,0
พระรามที่3 - ยานนาวา,พระรามที่ 3,3,0,0
พระรามที่3 - ยานนาวา,ยานนาวา,3,0,0
พระรามที่3 - รัชดาภิเษก,พระรามที่ 3,3,0,0
พระรามที่3 - รัชดาภิเษก,รัชดาภิเษก,3,0,0
พระรามที่3- ยานนาวา,พระรามที่ 3,3,0,0
พระรามที่3- ยานนาวา,ยานนาวา,3,0,0
พระรามที่3-วงแหวนอุตสาหกรรม,พระรามที่ 3,3,0,0
พระรามที่3-วงแหวนอุตสาหกรรม,วงแหวนอุตสาหกรรม,3,0,0
พระโขนง,ซอยสุขุมวิท 71,6,0,0
พระโขนง,พระรามที่ 4,0,0,9
พระโขนง,สุขุมวิท,6,3,12
พระโขนง,สุขุมวิท 71,0,3,3
พรานนก,พรานนก,3,4,6
พรานนก,อิสรภาพ,3,6,6
พรานนก,เพชรบุรี,0,3,0
พรานนก - กาญจนาภิเษก -กาญจนาภิเษก,กาญจนาภิเษก,0,3,0
พรานนก - กาญจนาภิเษก -กาญจนาภิเษก,พรานนก-กาญจนาภิเษก,0,3,0
พรานนก - กาญจนาภิเษก -ราชพฤกษ์,พรานนก-กาญจนาภิเษก,0,3,0
พรานนก - กาญจนาภิเษก -ราชพฤกษ์,ราชพฤกษ์,0,3,0
พร้อมพงษ์,เพชรบุรี,0,0,3
พร้อมพงษ์,เพชรบุรี 38/1,0,0,3
พลับพลาไชย,พลับพลาไชย,3,0,9
พลับพลาไชย,หลวง,3,0,6
พลับพลาไชย,ไมตรีจิต,3,0,3
พลับพลาไชย,ไมตรีจิตร,0,0,3
พลาธิการ,ซอยพหลโยธิน 54/1,3,0,0
พลาธิการ,ทางเข้าพลาธิการ ทอ,3,0,0
พลาธิการ,พหลโยธิน,3,0,0
พหลโยธิน - เทพรักษ์,พหลโยธิน,3,3,6
พหลโยธิน - เทพรักษ์,เทพรักษ์,3,3,6
พหลโยธิน 19,พหลโยธิน,0,0,3
พหลโยธิน 19,พหลโยธิน 19,0,0,3
พหลโยธิน 23,ซอยพหลโยธิน 23,3,0,0
พหลโยธิน 23,พหลโยธิน,3,0,0
พหลโยธิน 48,ซอยพหลโยธิน 48,0,3,0
พหลโยธิน 48,พหลโยธิน,0,6,3
พหลโยธิน 48,พหลโยธิน 48,0,3,3
พหลโยธิน 54/1 - สายไหม,พหลโยธิน 54/1,0,3,0
พหลโยธิน 54/1 - สายไหม,สายไหม,0,3,0
พหลโยธินซอย 2,พหลโยธิน,0,3,0
พหลโยธินซอย 2,พหลโยธินซอย 2,0,3,0
พัฒนาการ,บางแค,0,0,3
พัฒนาการ,พัฒนาการ,6,3,6
พัฒนาการ,ศรีนครินทร์,6,3,6
พัฒนาการ,เทอดไท,0,0,3
พัฒนาการ - ซอยพัฒนาการ 53,ซอยพัฒนาการ 53,3,0,0
พัฒนาการ - ซอยพัฒนาการ 53,พัฒนาการ,3,0,0
พัฒนาการ - พัฒนาการ 25,พัฒนาการ,0,0,3
พัฒนาการ - พัฒนาการ 25,พัฒนาการ 25,0,0,3
พัฒนาการ - พัฒนาการ 53,พัฒนาการ,0,0,6
พัฒนาการ - พัฒนาการ 53,พัฒนาการ 53,0,0,6
พัฒนาการ - เฉลิมพระเกียรติ ร.9,ทางเข้าหมู่บ้าน,3,0,0
พัฒนาการ - เฉลิมพระเกียรติ ร.9,พัฒนาการ,3,0,0
พัฒนาการ - เฉลิมพระเกียรติ ร.9,เฉลิมพระเกียรติ ร.9,3,0,0
พัฒนาการ 20,พัฒนาการ,0,0,3
พัฒนาการ 20,พัฒนาการ 20,0,0,3
พัฒนาการ 25,พัฒนาการ,0,0,6
พัฒนาการ 25,พัฒนาการ 25,0,0,6
พัฒนาการ 29,พัฒนาการ,0,3,0
พัฒนาการ 46,พัฒนาการ,0,0,3
พัฒนาการ 46,พัฒนาการ 46,0,0,3
พัฒนาการ 93,พัฒนาการ,0,0,3
พัฒนาการ61 -พัฒนาการ 74,ซอยพัฒนาการ 61,3,0,0
พัฒนาการ61 -พัฒนาการ 74,ซอยพัฒนาการ74,3,0,0
พัฒนาการ61 -พัฒนาการ 74,พัฒาการ,3,0,0
พาณิชยการ,พระรามที่ 5,3,0,0
พาณิชยการ,พระรามที่5,0,3,0
พาณิชยการ,พิษณุโลก,3,1,0
พาณิชยการ,อิสรภาพ,0,3,0
พาณิชยการธนบุรี,จรัญสนิทวงศ์,6,0,3
พาณิชยการธนบุรี,จรัญสนิทวงศ์ 13,0,0,3
พาณิชยการธนบุรี,ซอยจรัญสนิทวงศ์ 13,6,0,0
พาณิชยการพระนคร,พระรามที่ 5,0,0,3
พาณิชยการพระนคร,พิษณุโลก,0,0,3
พาณิชย์ธน,จรัญสนิทวงศ์,0,3,0
พาณิชย์ธน,จรัญสนิทวงศ์ 13,0,3,0
พาราไดซ์,ศรีนครินทร์,0,0,3
พาราไดซ์,ศรีนครินทร์ 46,0,0,3
พาราไดซ์,ศรีนครินทร์ 57,0,0,3
พาหุรัด,ตรีเพชร,0,0,5
พาหุรัด,พาหุรัด,0,0,9
พิงนคร 5 - ริมคลองตาอูฐ,พิงนคร 5,0,0,3
พิงนคร 5 - ริมคลองตาอูฐ,ริมคลองตาอูฐ,0,0,3
พิชัย,นครไชยศรี,3,3,0
พิชัย,พิชัย,3,3,0
พิบูลวัฒนา,ซอยพิบูลวัฒนา,0,3,0
พิบูลวัฒนา,ทางขึ้น-ลงทางด่วน / ถนนพระรามที่ 6 ซ.37,0,0,3
พิบูลวัฒนา,ทางขึ้นลงทางด่วน,0,3,0
พิบูลวัฒนา,พระรามที่ 6,0,3,3
พิบูลวัฒนา,พิบูลวัฒนา,0,0,3
พิบูลสงคราม,ประชาราษฎร์สาย 1,3,3,3
พิบูลสงคราม,พิบูลสงคราม,3,3,3
พิบูลสงคราม,วงศ์สว่าง,0,3,0
พุทธบูชา - พุทธบูชา 24,พุทธบูชา,0,0,3
พุทธบูชา - พุทธบูชา 24,พุทธบูชา 24,0,0,3
พุทธมณฑลสาย 1 - บางแวก,บางแวก,3,0,3
พุทธมณฑลสาย 1 - บางแวก,พุทธมณฑลสาย 1,3,0,3
พุทธมณฑลสาย 1 - พรานนก - กาญจนาภิเษก,พรานนก - กาญจนาภิเษก,3,0,0
พุทธมณฑลสาย 1 - พรานนก - กาญจนาภิเษก,พุทธมณฑลสาย 1,3,0,0
พุทธมณฑลสาย 1 - พรานนกกภาญจนาภิเษก,พรานนก - กาญจนาภิเษก,3,0,0
พุทธมณฑลสาย 1 - พรานนกกภาญจนาภิเษก,พุทธมณฑลสาย 1,3,0,0
พุทธมณฑลสาย 1 -วัดอินทราวาส,พุทธมณฑลสาย 1,3,0,0
พุทธมณฑลสาย 2,ซ.เพชรเกษม 55,3,0,0
พุทธมณฑลสาย 2,ซอยเพชรเกษม 55,3,3,0
พุทธมณฑลสาย 2,พุทธมณฑลสาย 2,6,3,6
พุทธมณฑลสาย 2,เพชรเกษม,6,3,6
พุทธมณฑลสาย 2,เพชรเกษม 55,0,0,6
พุทธมณฑลสาย 2 - ซ.วัดบุณยประดิษฐ์,ซ.วัดบุณยประดิษฐ์,0,3,0
พุทธมณฑลสาย 2 - ซ.วัดบุณยประดิษฐ์,พุทธมณฑลสาย 2,0,3,0
พุทธมณฑลสาย 2 - ซ.วัดบุณยประดิษฐ์,พุทธมณฑลสาย 2 ซอย 10,0,3,0
พุทธมณฑลสาย 2 - ทางเข้าวัดบุณยประดิษฐ์,พุทธมณฑลสาย 2,0,0,3
พุทธมณฑลสาย 2 - ทางเข้าวัดบุณยประดิษฐ์,พุทธมณฑลสาย 2 ซ.10,0,0,3
พุทธมณฑลสาย 2 - ทางเข้าวัดบุณยประดิษฐ์,วัดบุณยประดิษฐ์,0,0,3
พุทธมณฑลสาย 2 - บางแวก,บางแวก,0,3,3
พุทธมณฑลสาย 2 - บางแวก,พุทธมณฑลสาย 2,0,3,3
พุทธมณฑลสาย 2 - สุขาภิบาลบางระมาด,พุทธมณฑลสาย 2,0,0,3
พุทธมณฑลสาย 2 - สุขาภิบาลบางระมาด,สุขาภิบาลบางระมาด,0,0,3
พุทธมณฑลสาย 2 ซ.12,พุทธมณฑลสาย 2,0,0,3
พุทธมณฑลสาย 2 ซ.12,พุทธมณฑลสาย 2 ซอย 12,0,0,3
พุทธมณฑลสาย 3,พุทธมณฑลสาย 3,6,3,3
พุทธมณฑลสาย 3,เพชรเกษม,6,3,3
พุทธมณฑลสาย 3 - ถ.อุทยาน,พุทธมณฑลสาย 3,3,3,0
พุทธมณฑลสาย 3 - ถ.อุทยาน,อุทยาน,3,3,0
พุทธมณฑลสาย 3 - อุทยาน,พุทธมณฑลสาย 3,0,0,6
พุทธมณฑลสาย 3 - อุทยาน,อุทยาน,0,0,5
พุทธมณฑลสาย 3 -ซ.ศาลาธรรมสพน์,ซอยศาลาธรรมสพน์,3,0,0
พุทธมณฑลสาย 3 -ซ.ศาลาธรรมสพน์,พุทธมณฑลสาย 3,3,0,0
ภาวนา,ซอยลาดพราว 37,3,0,0
ภาวนา,ซอยลาดพร้าว 37,3,0,0
ภาวนา,ซอยลาดพร้าว 41,6,0,0
ภาวนา,ซอยลาดพร้าว 44,6,0,0
ภาวนา,ถนนลาดพร้าว,3,0,0
ภาวนา,ลาดพร้าว,3,0,3
ภาวนา,ลาดพร้าว 37,0,0,3
ภาวนา,ลาดพร้าว 41,0,0,3
ภาวนา,ลาดพร้าว 44,0,0,3
ม.หอการค้าไทย,วิภาวดีรังสิต,0,3,0
มหานคร,จารุเมือง,3,0,6
มหานคร,พระรามที่ 4,3,0,6
มหานคร,มหานคร,3,0,6
มหานคร - สี่พระยา,มหานคร,0,0,3
มหานคร - สี่พระยา,มหาเศรษฐ์,0,0,3
มหานคร - สี่พระยา,สี่พระยา,0,0,3
มหาวิทยาลัยกรุงเทพ,ซ.บ้านกล้วยใต้ (สุขุมวิท42),3,0,0
มหาวิทยาลัยกรุงเทพ,ซ.มหาวิทยาลัยกรุงเทพ,3,0,0
มหาวิทยาลัยกรุงเทพ,พระรามที่ 4,3,0,3
มหาวิทยาลัยกรุงเทพ,ม.กรุงเทพฯ,0,0,3
มหาวิทยาลัยกรุงเทพ,สุขุมวิท 42,0,0,3
มหาไชย - ศิริชัย,มหาไชย,0,3,0
มหาไชย - สำราญราษฎร์,มหาไชย,3,0,0
มักกะสัน,นิคมมักกะสัน,0,0,6
มักกะสัน,ราชปรารภ,0,0,6
มัฆวาน,กรุงเกษม,0,3,6
มัฆวาน,ราชดำเนิน,0,0,3
มัฆวาน,ราชดำเนินนอก,0,3,3
มัฒวาน,กรุงเกษม,3,0,0
มัฒวาน,ราชดำเนินนอก,3,0,0
มัยลาภ,ซ.รามอยินทรา 14 (ซ.มัยลาภ ),3,0,0
มัยลาภ,รามอินทรา,3,0,3
มัยลาภ,รามอินทรา 14,0,0,3
มิตรสัมพันธ์,นิคมมักกะสัน,3,6,3
มิตรสัมพันธ์,มักกะสัน,0,0,3
มิตรสัมพันธ์,เพชรบุรี,3,6,6
มิตรไมตรี - มิตรไมตรี,มิตรไมตรี (EB - WB),0,3,0
มิตรไมตรี - มิตรไมตรี,มิตรไมตรี (EB-WB),0,3,0
มิตรไมตรี - มิตรไมตรี,มิตรไมตรี (NB),0,6,0
มิตรไมตรี - มิตรไมตรี 1,มิตรไมตรี,15,3,3
มิตรไมตรี - มิตรไมตรี 1,มิตรไมตรี 1,15,3,3
มิตรไมตรี - มิตรไมตรี 12/2,มิตรไมตรี,0,0,3
มิตรไมตรี - มิตรไมตรี 12/2,มิตรไมตรี 12/2,0,0,3
มิตรไมตรี - มิตรไมตรี 2,มิตรไมตรี,18,12,9
มิตรไมตรี - มิตรไมตรี 2,มิตรไมตรี 2,18,12,9
มิตรไมตรี - มิตรไมตรี 3,มิตรไมตรี,0,0,3
มิตรไมตรี - มิตรไมตรี 3,มิตรไมตรี 3,0,0,3
มิตรไมตรี - สกุลดี,ประชาสำราญ,0,0,3
มิตรไมตรี - สกุลดี,มิตรไมตรี,0,0,3
มิตรไมตรี - สกุลดี,สกุลดี,0,0,3
มิตรไมตรี -มิตรไมตรี 3 -มิตรไมตรี 4,มิตรไมตรี,0,0,3
มิตรไมตรี -มิตรไมตรี 3 -มิตรไมตรี 4,มิตรไมตรี 3,0,0,3
มิตรไมตรี -มิตรไมตรี 3 -มิตรไมตรี 4,มิตรไมตรี 4,0,0,3
มิตรไมตรี 3 - มิตรไมตรี 4,มิตรไมตรี,0,0,3
มิตรไมตรี 3 - มิตรไมตรี 4,มิตรไมตรี 3,0,0,3
มิตรไมตรี 3 - มิตรไมตรี 4,มิตรไมตรี 4,0,0,3
มิสทีน,รามคำแหง,3,0,5
มิสทีน,ราษฎร์พัฒนา,3,0,6
มเหสักข์,มหาเศรษฐ์,0,0,2
มเหสักข์,มเหสักข์,3,0,2
มเหสักข์,สีลม,3,0,0
มเหสักข์,สุรวงศ์,0,0,3
มเหสักข์,สุรศักดิ์,3,0,0
มไหสวรรย์,มไหสวรรย์,6,3,9
มไหสวรรย์,รัชดาภิเษก,6,3,6
มไหสวรรย์,สมเดจ็พระเจ้าตากสิน,0,3,0
มไหสวรรย์,สมเด็จพระเจ้าตากสิน,6,0,9
ยมราช,พิษณุโลก,3,0,9
ยมราช,สวรรคโลก,3,0,9
ยมราช,หลานหลวง,3,0,9
ยมราช,เพชรบุรี,3,0,9
ยานนาวา,พระรามที่ 3,0,0,3
ยานนาวา,ยานนาวา,0,0,3
ยุคล 2,บำรุงเมือง,3,0,3
ยุคล 2,บํารุงเมือง,0,3,0
ยุคล 2,ยุคล 2,3,3,3
ร.พ. บางรัก,ซอยศึกษาวิทยา,0,3,0
ร.พ. บางรัก,ซอยเซ็นหลุยส์ 9,0,3,0
ร.พ. บางรัก,สาทร,0,3,0
ร.พ.สิรินธร,สุขาภิบาล 2,0,0,3
ร.พ.สิรินธร,อ่อนนุช,0,0,3
ร.ร.กสิณธรอาคาเดมี่,พุทธมณฑลสาย 3,0,3,0
ร.ร.สารสาสน์วิเทศธนบุรี,พุทธมณฑลสาย 3,0,3,0
ร.ร.เตรียมอุดมศึกษา,พญาไท,0,3,0
รพ.ทหารผ่านศึก,วิภาวดีรังสิต,0,3,0
รพ.นพรัตน์,ทางเข้าออก รพ.นพรัตน์,0,0,3
รพ.นพรัตน์,รามอินทรา,0,0,3
รพ.นพรัตน์,สวนสยาม,0,0,3
รพ.ปิยะเวท,จตุรทิศ,0,0,3
รพ.ปิยะเวท,ทางเข้าออก รพ.ปิยะเวท,0,0,3
รพ.ภูมิพล,ซอยพิมานทิพย์,0,3,0
รพ.ภูมิพล,ทางเข้าออก ทอ.5,0,3,0
รพ.ภูมิพล,พหลโยธิน,0,3,0
รพ.วุฒิสมเด็จย่า,พหลโยธิน,0,3,0
รพ.สิรินธร,สุขาภิบาล 2,3,0,0
รพ.สิรินธร,อ่อนนุช,3,0,0
รร.ฤทธิยะวรรณาลัย,ช่องทางท่าดินแดง 5,0,0,3
รร.ฤทธิยะวรรณาลัย,ทางเข้าออกกรมอากาศโยธิน,0,0,3
รร.ฤทธิยะวรรณาลัย,ทางเข้าออกหน่วยบัญชาการอากาศโยธิน,0,0,3
รร.ฤทธิยะวรรณาลัย,พหลโยธิน,0,0,6
รร.ฤทธิยะวรรณาลัย,รณนภากาศ,0,0,3
รร.ฤธิยะวรรณาลัย,พหลโยธิน,0,3,0
รร.ฤธิยะวรรณาลัย,รณนภากาศ,0,3,0
รร.เอกบูรพา,สามวา,0,0,3
ระนอง 1,ระนอง 1,0,3,0
ระนอง 1,เทอดดำริ,0,3,0
ระหว่างซอยนิมิตรใหม่ 33 - 35,นิมิตรใหม่,0,0,3
รัชดา - นราธิวาส,นราธิวาสราชนครินทร์,3,0,6
รัชดา - นราธิวาส,รัชดาภิเษก,0,0,6
รัชดา - นราธิวาสราชนครินทร์,นราธิวาสราชนครินทร์,0,3,0
รัชดา - นราธิวาสราชนครินทร์,รัชดาภเิษก,0,3,0
รัชดา - ราชพฤกษ์,รัชดาภิเษก,9,3,0
รัชดา - ราชพฤกษ์,ราชพฤกษ์,9,3,0
รัชดา - ลาดพร้าว,รัชดาภิเษก,3,3,9
รัชดา - ลาดพร้าว,ลาดพราว,3,0,0
รัชดา - ลาดพร้าว,ลาดพร้าว,0,3,9
รัชดา - สุทธิสาร,รัชดาภิเษก,0,0,6
รัชดา - สุทธิสาร,สุทธิสารวินิจฉัย,0,0,6
รัชดา -นราธิวาส,นราธิวาสราชนครินทร์,3,0,0
รัชดา -นราธิวาส,รัชดาภิเษก,3,0,0
รัชดาภิเษก,ซอย 20 มิถุนา,3,0,0
รัชดาภิเษก,ซอยรัชดาภิเษก 18,3,0,0
รัชดาภิเษก,ด่วนนางลิ้นจี่,0,0,3
รัชดาภิเษก,นางลิ้นจี่,0,0,3
รัชดาภิเษก,ประชาราษฎร์บำเพ็ญ,3,0,0
รัชดาภิเษก - ลาดพร้าว,รัชดาภิเษก,3,0,0
รัชดาภิเษก - ลาดพร้าว,ลาดพร้าว,3,0,0
รัชดาภิเษก 30,รัชดาภิเษก,0,3,0
รัชโยธิน,พหลโยธิน,3,3,6
รัชโยธิน,รัชดาภิเษก,3,0,6
รัชโยธิน,รัชดาภเิษก,0,3,0
ราชดำริ,ราชดำริ,6,3,6
ราชดำริ,สารสิน,6,3,6
ราชบพิธ - ตีทอง,ตีทอง,0,0,6
ราชบพิธ - ตีทอง,ราชบพิธ,0,0,6
ราชบพิธ - เฟื่องนคร,ราชบพิธ,0,0,3
ราชบพิธ - เฟื่องนคร,เฟื่องนคร,0,0,3
ราชประสงค์,พระรามที่ 1,6,3,12
ราชประสงค์,ราชดำริ,6,3,12
ราชประสงค์,เพลินจิต,6,3,12
ราชพฤกษ์ - วุฒากาศ,ราชพฤกษ์,0,0,3
ราชพฤกษ์ - วุฒากาศ,วุฒากาศ,0,0,3
ราชพฤกษ์- วุฒากาศ,ราชพฤกษ์,3,0,0
ราชพฤกษ์- วุฒากาศ,วุฒากาศ,3,0,0
ราชวงศ์,ราชวงศ์,3,6,3
ราชวงศ์,เยาวราช,3,6,3
ราชวัตร,นครไชยศรี,6,3,3
ราชวัตร,พระรามที่ 5,6,3,3
ราชวิถี,พระรามที่ 5,3,3,9
ราชวิถี,ราชวิถี,3,3,9
ราชเทวี,พญาไท,3,3,9
ราชเทวี,เพชรบุรี,3,3,9
รามคำแหง,พระราม 9,3,3,6
รามคำแหง,รามคำแหง,3,3,6
รามคำแหง - มหาดไทย,ซอยรามคำแหง 65 (มหาดไทย),3,0,0
รามคำแหง - มหาดไทย,รามคำแหง,3,0,6
รามคำแหง - มหาดไทย,รามคำแหง 65,0,0,6
รามคำแหง - ร่มเกล้า,รามคำแหง,0,0,3
รามคำแหง - ร่มเกล้า,ร่มเกล้า,0,0,3
รามคำแหง - วงแหวนตะวันออก,รามคำแหง,3,0,0
รามคำแหง - วงแหวนตะวันออก,วงแหวนตะวันออก,3,0,0
รามคำแหง -วงแหวนตะวันออก,รามคำแหง,3,0,0
รามคำแหง -วงแหวนตะวันออก,วงแหวนตะวันออก,3,0,0
รามคำแหง 112,รามคำแหง,0,0,3
รามคำแหง 112,รามคำแหง 112,0,0,3
รามคำแหง 118,รามคำแหง,0,0,3
รามคำแหง 118,รามคำแหง 118,0,0,3
รามคำแหง 2 -ซ.หมู่บ้านทุ่งเศรษฐี,ซอยหมู่บานทุ่งเศรษฐี,3,0,0
รามคำแหง 2 -ซ.หมู่บ้านทุ่งเศรษฐี,รามคำแหง 2,3,0,0
รามคำแหง 2 -ซ.หมู่บ้านทุ่งเศรษฐี,รามคำแหง 2 ซอย 23,3,0,0
รามคำแหง 24,รามคำแหง,0,0,3
รามคำแหง 24,รามคำแหง 24,0,0,3
รามคำแหง 24 - ถาวรธวัช,ถาวรธวัช,0,0,12
รามคำแหง 24 - ถาวรธวัช,รามคำแหง 24,0,0,12
รามคำแหง 24 แยก 20,รามคำแหง 24,0,0,3
รามคำแหง 24 แยก 20,รามคำแหง 24 แยก 20,0,0,3
รามคำแหง 24 แยก 24,รามคำแหง 24,0,0,3
รามคำแหง 24 แยก 24,รามคำแหง 24 แยก 24,0,0,3
รามคำแหง 24 แยก 28,รามคำแหง 24,0,0,3
รามคำแหง 24 แยก 28,รามคำแหง 24 แยก 28,0,0,3
รามคำแหง 39 ระหว่างแยก 15 และ 17,รามคำแหง 39,0,0,3
รามอินทรา - พระยาสุเรนทร์,พระยาสุเรนทร์,0,0,3
รามอินทรา - พระยาสุเรนทร์,รามอินทรา,0,0,3
รามอินทรา 117,รามอินทรา,0,0,3
รามอินทรา 117,รามอินทรา 117,0,0,3
รามอินทรา 127,รามอินทรา,0,0,3
รามอินทรา 127,รามอินทรา 127,0,0,3
รามอินทรา 14,รามอินทรา,0,0,3
รามอินทรา 14,รามอินทรา 14,0,0,3
รามอินทรา 34,รามอินทรา,0,0,3
รามอินทรา 34,รามอินทรา 34,0,0,3
ราษฎร์บูรณะ,ราษฎร์บูรณะ,3,3,6
ราษฎร์บูรณะ,ราษฎร์บูรณะ (ต่อ),0,0,3
ราษฎร์บูรณะ,ราษฎร์พัฒนา,3,3,3
ราษฎร์บูรณะ 18,ราษฎร์บูรณะ,0,0,3
ราษฎร์พัฒนา,ซอยสุขสวัสดิ์ 27,3,0,0
ราษฎร์พัฒนา,ซอยสุขสวัสดิ์27,0,3,0
ราษฎร์พัฒนา,สุขสวัสดิ์,3,0,6
ราษฎร์พัฒนา,สุขสวัสดิ์ 27,0,0,6
ราษฎร์พัฒนา,สุขสวัสดิ์สำนักการจราจรและขนส่ง,0,3,0
ราษฎร์พัฒนา - ราษฎร์พัฒนา 15,ซอยราษฎรพัฒนา,3,0,0
ราษฎร์พัฒนา - ราษฎร์พัฒนา 15,ราษฎร์พัฒนา,3,0,0
ราษฎร์พัฒนา - ราษฎร์พัฒนา 5,ราษฎร์พัฒนา,0,0,3
ราษฎร์พัฒนา - ราษฎร์พัฒนา 5,ราษฎร์พัฒนา 4,0,0,3
ราษฎร์พัฒนา - ราษฎร์พัฒนา 5,ราษฎร์พัฒนา 5,0,0,3
ราษฎร์พัฒนา - เคหะร่มเกล้า,ราษฎร์พัฒนา,3,0,0
ราษฎร์พัฒนา - เคหะร่มเกล้า,เคหะร่มเกล้า,3,0,0
ราษฎร์พัฒนา 10,ราษฎร์พัฒนา,0,0,3
ราษฎร์พัฒนา 10,ราษฎร์พัฒนา 10,0,0,3
ราษฎร์อุทิศ 18,ราษฎร์อุทิศ,0,0,3
ราษฎร์อุทิศ 18,ราษฎร์อุทิศ 18,0,0,3
ราษฎร์อุทิศ 38/1,ราษฎร์อุทิศ,0,0,3
ราษฎร์อุทิศ 38/1,ราษฎร์อุทิศ 38/1,0,0,3
ราษฎร์อุทิศ 66,ราษฏร์อุทิศ,0,0,3
ราษฎร์อุทิศ 68/2,ราษฎร์อุทิศ,0,0,3
ราษฎร์อุทิศตัดสุวินทวงศ์,ราษฎร์อุทิศ,6,0,0
ร่มเกลา,รามคำแหง,3,0,0
ร่มเกลา,ร่มเกล้า,3,0,0
ร่มเกล้า,รามคำแหง,3,3,0
ร่มเกล้า,ร่มเกล้า,3,3,0
ร่มไทร,ร่มไทร (บางบอน 3 ซ.12),0,0,3
ร่มไทร,เพชรเกษม 69,0,0,3
ร่วมจิตต์,นครชัยศรี,0,3,0
ร่วมจิตต์,นครราชสีมา,0,0,3
ร่วมจิตต์,นครไชยศรี,0,0,3
ร่วมจิตต์,ราชสีมา,0,3,0
ร่วมพัฒนา - ประชาอุทิศ,ประชาอุทิศ,0,0,3
ร่วมพัฒนา - ประชาอุทิศ,ร่วมพัฒนา,0,0,3
ร่วมพัฒนา - อยู่วิทยา - สุวินทวงศ์,ร่วมพัฒนา,0,0,3
ร่วมพัฒนา - อยู่วิทยา - สุวินทวงศ์,สุวินทวงศ์,0,0,3
ร่วมพัฒนา - อยู่วิทยา - สุวินทวงศ์,อยู่วิทยา,0,0,3
ฤทธิยะวรรณาลัย,ช่องทางท่าดินแดง 5,0,0,3
ฤทธิยะวรรณาลัย,ทางเข้าออกอากาศโยธิน,0,0,3
ฤทธิยะวรรณาลัย,พหลโยธิน,0,0,3
ลาซาล,ซอยลาซาล (สุขุมวิท 105),0,3,0
ลาซาล,ซอยสุขุมวิท 105,6,0,0
ลาซาล,สุขุมวิท,6,3,6
ลาซาล,สุขุมวิท 105,0,0,6
ลาซาล - ถนนตัดไหม่ลาซาล -แบริ่ง,ตัดใหม่ลาซาล-แบริ่ง,3,0,0
ลาซาล - ถนนตัดไหม่ลาซาล -แบริ่ง,ลาซาล,3,0,0
ลาซาล - แบริ่งลาซาล,ลาซาล,0,0,3
ลาซาล - แบริ่งลาซาล,สุขุมวิท 105(ลาซาล),0,0,3
ลาซาล - แบริ่งลาซาล,แบริ่งลาซาล,0,0,6
ลาดกระบัง - ฉลองกรุง,ฉลองกรุง,3,0,3
ลาดกระบัง - ฉลองกรุง,ลาดกระบัง,3,0,3
ลาดกระบัง - ร่มเกล้า,ร่มเกล้า,3,3,0
ลาดกระบัง - ร่มเกล้า,ลาดกระบัง,3,3,0
ลาดกระบัง 1ก/7,ลาดกระบัง,0,0,3
ลาดกระบัง 54,ซอยลาดกระบัง 54,3,0,0
ลาดกระบัง 54,ลาดกระบัง,3,0,6
ลาดกระบัง 54,ลาดกระบัง 54,0,0,6
ลาดบัวขาว,มณีพัฒนา,0,3,0
ลาดบัวขาว,มีนพัฒนา,3,0,3
ลาดบัวขาว,รามคำแหง,3,3,3
ลาดปฏลาเค้า,รามอินทรา,3,0,0
ลาดปลาเค้า,รามอินทรา,3,3,9
ลาดปลาเค้า,ลาดปลาเค้า,6,3,9
ลาดพร้าว,พหลโยธิน,0,0,3
ลาดพร้าว,ลาดพร้าว,0,0,3
ลาดพร้าว,วิภาวดีรังสิต,0,0,6
ลาดพร้าว (ขาออก),พหลโยธิน,0,0,3
ลาดพร้าว - มหาดไทย,มหาดไทย,0,0,3
ลาดพร้าว - มหาดไทย,ลาดพร้าว,0,0,6
ลาดพร้าว - มหาดไทย,ลาดพร้าว 122,0,0,3
ลาดพร้าว - ลาดพร้าว 15,ซอยลาดพร้าว 15,0,3,0
ลาดพร้าว - ลาดพร้าว 15,ลาดพร้าว,0,3,0
ลาดพร้าว 101,ซอยลาดพร้าว 101,3,0,0
ลาดพร้าว 101,ซอยลาดพร้าว 128/1,3,0,0
ลาดพร้าว 101,ลาดพร้าว,3,0,3
ลาดพร้าว 101,ลาดพร้าว 101,0,0,3
ลาดพร้าว 101,ลาดพร้าว 128/1,0,0,3
ลาดพร้าว 101/1,ลาดพร้าว,0,0,3
ลาดพร้าว 101/1,ลาดพร้าว 101/1,0,0,3
ลาดพร้าว 112,ลาดพร้าว,0,0,3
ลาดพร้าว 112,ลาดพร้าว 112,0,0,3
ลาดพร้าว 12,ลาดพร้าว,0,0,3
ลาดพร้าว 12,ลาดพร้าว 12,0,0,3
ลาดพร้าว 14,ลาดพร้าว,0,0,3
ลาดพร้าว 14,ลาดพร้าว 14,0,0,3
ลาดพร้าว 35,ลาดพร้าว,0,0,3
ลาดพร้าว 35,ลาดพร้าว 35,0,0,3
ลาดพร้าว 40,ลาดพร้าว,0,0,3
ลาดพร้าว 40,ลาดพร้าว 40,0,0,3
ลาดพร้าว 48,ลาดพร้าว,0,0,3
ลาดพร้าว 48,ลาดพร้าว 48,0,0,3
ลาดพร้าว 6,ลาดพร้าว,0,0,3
ลาดพร้าว 6,ลาดพร้าว 6,0,0,3
ลาดพร้าว 60,ลาดพร้าว,0,0,3
ลาดพร้าว 60,ลาดพร้าว 60,0,0,3
ลาดพร้าว 62,ลาดพร้าว,0,0,3
ลาดพร้าว 62,ลาดพร้าว 62,0,0,3
ลาดพร้าว 71,ลาดพร้าว,0,0,3
ลาดพร้าว 71,ลาดพร้าว 71,0,0,3
ลาดพร้าว 94,ลาดพร้าว,0,0,3
ลาดพร้าว 94,ลาดพร้าว 94,0,0,3
ลาดพร้าว- ประดิษฐ์มนูธรรม,ประดิษฐ์มนูธรรม,0,0,3
ลาดพร้าว- ประดิษฐ์มนูธรรม,ลาดพร้าว,0,0,3
ลาดพร้าววังหิน - โชคชัย 4,ลาดพร้าววังหิน,0,0,3
ลาดพร้าววังหิน - โชคชัย 4,ลาดพร้าววังหิน 79,0,0,3
ลาดพร้าววังหิน - โชคชัย 4,โชคชัย 4,0,0,3
ลาสาลี,ศรีนครินทร์,0,3,0
ลำกะโหลก,ปัญญาอินทรา,0,0,6
ลำกะโหลก,พระยาสุเรนทร์,0,0,6
ลำพูนไชย,ลำพูนไชย,0,0,3
ลำพูนไชย,เจริญกรุง,0,0,3
ลำสาลี,รามคาแหง,0,3,0
ลำสาลี,รามคำแหง,3,0,6
ลำสาลี,ศรีนครินทร์,3,0,6
ลำหิน,คู้คลองสิบ,0,0,3
ลำหิน,มิตรไมตรี,0,0,3
ลำหิน,เลียบวารี,0,0,3
วขิระ,สามเสน,0,0,3
วขิระ,สุโขทัย,0,0,3
วงศสว่าง,กรุงเทพนนท์,0,0,3
วงศสว่าง,รัชดาภิเษก,0,0,3
วงศสว่าง,วงศสว่าง,0,0,3
วงศ์สว่าง,กรุงเทพ - นนทบุรี,6,3,0
วงศ์สว่าง,กรุงเทพ-นนทบุรี,0,3,0
วงศ์สว่าง,กรุงเทพนนท์,0,0,3
วงศ์สว่าง,รัชดาภิเษก,6,6,3
วงศ์สว่าง,วงศ์สว่าง,6,6,3
วงเวียน 22 กรกฎา,มิตรพันธ์,0,3,0
วงเวียน 22 กรกฎา,สันติภาพ,0,3,0
วงเวียน 22 กรกฎา,ไมตรีจิตต์,0,3,0
วงเวียน รด.,จักรเพชร,0,3,0
วงเวียน รด.,มหาราช,0,3,0
วงเวียน รด.,ราชินี,0,3,0
วงเวียน รด.,สนามไชย,0,3,0
วงเวียนตลาดน้อย,เจริญกรุง,0,0,3
วงเวียนหลักสี่,พหลโยธิน,3,3,3
วงเวียนหลักสี่,รามอินทรา,3,3,3
วงเวียนหลักสี่,แจ้งวัฒนะ,3,3,3
วงเวียนอนุสาวรีย์หลักสี่,พหลโยธิน,0,0,3
วงเวียนอนุสาวรีย์หลักสี่,รามอินทรา,0,0,3
วงเวียนอนุสาวรีย์หลักสี่,แจ้งวัฒนะ,0,0,3
วงเวียนโอเดียน,ซอยเยาวราช 1,0,3,0
วงเวียนโอเดียน,ซอยเยาวราช 3,0,3,0
วงเวียนโอเดียน,ตรีมิตร,0,3,0
วงเวียนโอเดียน,มิตรภาพไทยจีน,0,3,0
วงเวียนโอเดียน,เจริญกรุง,0,3,0
วงเวียนโอเดียน,เยาวราช,0,3,0
วงเวียนใหญ่,ถนนลาดหญ้า,0,3,0
วงเวียนใหญ่,ประชาธิปก,3,3,6
วงเวียนใหญ่,ลาดหญ้า,3,0,6
วงเวียนใหญ่,สมเดจ็พระเจ้าตากสิน,0,3,0
วงเวียนใหญ่,สมเด็จพระเจ้าตากสิน,3,0,6
วงเวียนใหญ่,อินทรพิทักษ์,3,3,6
วงเวียนใหญ่ (ขาออก),ประชาธิปก,3,0,3
วงเวียนใหญ่ (ขาออก),ลาดหญ้า,3,0,3
วงเวียนใหญ่ (ขาออก),สมเด็จพระเจ้าตากสิน,3,0,3
วงเวียนใหญ่ (ขาออก),อินทรพิทักษ์,3,0,3
วงเวียนใหญ่ (ขาเข้า),ประชาธิปก,3,0,3
วงเวียนใหญ่ (ขาเข้า),ลาดหญ้า,3,0,3
วงเวียนใหญ่ (ขาเข้า),สมเด็จพระเจ้าตากสิน,3,0,3
วงเวียนใหญ่ (ขาเข้า),อินทรพิทักษ์,3,0,3
วชิรธรรมสาธิต 59,วชิรธรรมสาธิต,0,0,3
วชิระ,สามเสน,6,0,3
วชิระ,สุโขทัย,6,0,0
วรจักร,วรจักร,0,3,3
วรจักร,หลวง,0,3,3
วังหิน,ลาดปลาเค้า,0,3,6
วังหิน,ลาดพร้าววังหิน,0,0,3
วังหิน,วัดลาดปลาเค่า,3,0,0
วังหิน,สุขาภิบาล 1,3,3,3
วังหิน,เสนานิคม,3,3,3
วังหิน,เสนานิคม 1,0,0,3
วังแดง,นครราชสีมา,0,0,3
วังแดง,พิษณุโลก,3,6,6
วังแดง,ราชสีมา,3,6,3
วัชดาภิเษก 32 -รัชดาภิเษก 36,ซ.รัชดาภิเษก 32 แยก 3 แยก 19,3,0,0
วัชดาภิเษก 32 -รัชดาภิเษก 36,ซ.รัชดาภิเษก 36,3,0,0
วัชรพล - รามอินทรา 65,รามอินทรา 65,3,0,3
วัชรพล - รามอินทรา 65,วัชรพล,3,0,0
วัชรพล - รามอินทรา 65,วัชรพล (EB),0,0,3
วัชรพล - รามอินทรา 65,วัชรพล (SB),0,0,3
วัชรพล - วัดศิริพงษ์,วัชรพล,0,0,3
วัชรพล - วัดศิริพงษ์,วัดศิริพงษ์,0,0,3
วัดดวงแข,จารุเมือง,3,3,3
วัดดวงแข,เจริญนคร,0,0,3
วัดดวงแข,เจริญเมือง,3,3,3
วัดตึก,จักรวรรดิ,0,6,0
วัดตึก,จักรวรรดิ์,3,0,0
วัดตึก,เยาวราช,3,6,0
วัดนาคปรก,รัชมงคลประสาธน์,0,0,3
วัดนาคปรก,เทอดไท,0,0,3
วัดประชา,ชิดลม,0,3,0
วัดประชา,ซ. ระนอง 1,3,0,0
วัดประชา,ซอยระนอง 1,3,3,0
วัดประชา,ซอยวัดประชา,0,3,0
วัดประชา,ซอยวัดประชาระบือธรรม,3,0,0
วัดประชา,พระรามที่ 5,6,3,3
วัดประชา,ระนอง 1,0,0,3
วัดประชา,วัดประชาระบือธรรม,3,0,3
วัดประชา,เพลินจิต,0,3,0
วัดพระยายัง,พระรามที่ 6,0,3,0
วัดพลมานีย์,ประชาพัฒนา,0,0,3
วัดพลมานีย์,หลวงแพ่ง,0,0,3
วัดมะกอก,ฉิมพลี,0,0,3
วัดมะกอก,บรมราชชนนี,0,0,3
วัดราชโกษา,ขุมทองลำต้อยติ่ง,0,0,3
วัดราชโกษา,ทางเข้าตลาดเทิดไท,0,0,3
วัดราชโกษา,หลวงแพ่ง,0,0,3
วัดสน,ซ.สุขสวัสดิ์ 35,3,0,0
วัดสน,ซอยสุขสวัสดิ 35,3,0,0
วัดสน,ซอยสุขสวัสดิ์ 35,3,3,0
วัดสน,สุขสวัสดิ์,9,3,9
วัดสน,สุขสวัสดิ์ 35,0,0,9
วัดสมียนนารี,กำแพงเพชร 6,3,0,0
วัดสมียนนารี,ประชานิเวศน์,3,0,0
วัดสะพานสูง,พระรามที่ 6,6,3,3
วัดสะพานสูง,เตชะวณิช,6,3,3
วัดสิงห์,ซอยเอกชัย 36,6,0,0
วัดสิงห์,เอกชัย,6,0,9
วัดสิงห์,เอกชัย 36,0,0,6
วัดหนองใหญ่,ซ.สายไหม 85,3,0,0
วัดหนองใหญ่,สายไหม,3,0,0
วัดหนองใหญ่,สุชาภิบาล 5,3,0,0
วัดหนองใหญ่,หทัยราษฎร์,3,0,0
วัดหลักสี่,กำแพงเพชร 6,0,3,3
วัดหลักสี่,ทางข้ามทางรถไฟสายเหนือ,0,0,3
วัดหลักสี่,วิภาวดีรังสิต,0,3,0
วัดเทพลีลา,ซอยรามคำแหง 39,3,3,0
วัดเทพลีลา,รามคำแหง,3,3,6
วัดเทพลีลา,รามคำแหง 39,0,0,6
วัดเบญจฯ,พระรามที่ 5,0,0,3
วัดเบญจฯ,ศรีอยุธยา,0,0,3
วัดเบญฯ,พระรามที่ 5,3,0,3
วัดเบญฯ,ศรีอยุธยา,3,0,3
วัดเสมียนนารี,กำแพงเพชร 6,0,3,3
วัดเสมียนนารี,เทศบาลสงเคราะห์,0,3,3
วัดไชยฉิมพลี,บางแวก,0,0,3
วัดไชยฉิมพลี,เพชรเกษม 48,0,0,3
วิชระ,สามเสน,0,3,0
วิชระ,สุโขทัย,0,3,0
วิชัยยุทธ,พระรามที่ 6,3,0,0
วิชัยยุทธ,เศรษฐศิริ,3,0,0
วิทยุ,พระรามที่ 4,6,3,6
วิทยุ,วิทยุ,6,3,6
วิทยุ,สาทร,6,3,6
วิทยุ - เพชร,ซอยเพชรบุรี 37 -ทางลงทางด่วน,0,3,0
วิทยุ - เพชร,วิทยุ - ทางขึ้นลงทางด่วน,0,3,9
วิทยุ - เพชร,เพชรบุรี,0,3,9
วิทยุ - เพชร,เพชรบุรี 37 - ทางลงทางด่วน,0,0,6
วิทยุ - เพชร,เพชรบุรี 37-ทางลงทางด่วน,0,0,3
วิทยุ- เพชร,ซอย์เพชรบุรี 37,3,0,0
วิทยุ- เพชร,วิทยุ -ทางขึ้นลงทางด่วน,3,0,0
วิทยุ- เพชร,เพชรบุรี,3,0,0
วิภาวดี - มิตรไมตรี 1,มิตรไมตรี 1,12,0,0
วิภาวดี - มิตรไมตรี 1,วิภาวดีรังสิต,12,0,0
วิภาวดี - มิตรไมตรี 2,มิตรไมตรี 2,12,0,0
วิภาวดี - มิตรไมตรี 2,วิภาวดีรังสิต,12,0,0
วิภาวดี- มิตรไมตรี 1,มิตรไมตรี 1,3,0,0
วิภาวดี- มิตรไมตรี 1,วิภาวดีรังสิต,3,0,0
วิภาวดีรังสิต32,ซอยวิภาวดี 32,3,0,0
วิภาวดีรังสิต32,วิภาวดีรังสิต,3,0,0
วิสุทธิกษัตริย์,ประชาธิปไตย,6,6,6
วิสุทธิกษัตริย์,วิสุทธิกษัตริย์,6,6,6
วุฒากาศ,ซอยมะลิ,3,0,3
วุฒากาศ,วุฒากาศ,3,0,6
วุฒากาศ,เทอดไท,3,0,6
วุฒากาศ,เทอดไท 26,0,0,3
ศรีนครินทร์ - ลาซาล,ลาซาล,0,0,3
ศรีนครินทร์ - ลาซาล,ศรีนครินทร์,0,0,3
ศรีนครินทร์ - ศรีนครินทร์ 38,ศรีนครินทร์,0,0,3
ศรีนครินทร์ - ศรีนครินทร์ 38,ศรีนครินทร์ 38,0,0,3
ศรีนครินทร์ 38 - อ่อนนุช 46,ศรีนครินทร์ 38,0,0,3
ศรีนครินทร์ 38 - อ่อนนุช 46,อ่อนนุช 46,0,0,3
ศรีนครินทร์ 45,ศรีนครินทร์,3,0,0
ศรีนครินทร์ 55,ซอยศรีนครินทร์ 55,3,0,0
ศรีนครินทร์ 55,ศรีนครินทร์,3,0,3
ศรีนครินทร์ 55,ศรีนครินทร์ 55,0,0,3
ศรีบูรพา - อาคารสงเคราะห์,ศรีบูรพา,0,0,3
ศรีบูรพา - อาคารสงเคราะห์,อาคารสงเคราะห์,0,0,3
ศรีย่าน,นครไชยศรี,6,3,6
ศรีย่าน,สามเสน,6,3,6
ศรีวรา,ประชาอุทิศ,0,3,3
ศรีวรา,ศรีวรา,0,3,3
ศรีวรา - อินทราภรณ์,ศรีวรา,0,0,3
ศรีวรา - อินทราภรณ์,อินทราภรณ์,0,0,3
ศรีสมาน,ศรีสมาน,3,0,3
ศรีสมาน,สรงประภา,3,0,3
ศรีสมาน,เลียบคลองประปา,3,0,3
ศรีอยุธยา,พระรามที่ 6,3,3,6
ศรีอยุธยา,พระรามที่6,0,3,0
ศรีอยุธยา,ศรีอยุธยา,3,6,6
ศรีอุดม,ศรีนครินทร์,3,0,6
ศรีอุดม,อุดมสุข,3,0,6
ศาลอาญา,รัชดาภิเษก,0,3,0
ศาลาธรรมสพน์ 48,ศาลาธรรมสพน์,0,0,3
ศาลาธรรมสพน์ 48,ศาลาธรรมสพน์ 33,0,0,3
ศาลาธรรมสพน์ 48,ศาลาธรรมสพน์ 48,0,0,3
ศาลาธรรมสพย์ 48,ศาลาธรรมสพน์,3,0,0
ศาลาธรรมสพย์ 48,ศาลาธรรมสพน์ 33,3,0,0
ศาลาธรรมสพย์ 48,ศาลาธรรมสพน์ 48,3,0,0
ศาลาแดง,พระรามที่ 4,3,3,6
ศาลาแดง,ราชดำริ,3,3,6
ศาลาแดง,สีลม,3,3,6
ศาลเจ้าพ่อเสือ,ซอยพหลโยธิน 48,3,0,0
ศาลเจ้าพ่อเสือ,ซอยรามอินทรา 5,3,0,0
ศาลเจ้าพ่อเสือ,ตะนาว,0,0,3
ศาลเจ้าพ่อเสือ,มหรรณพ,0,0,3
ศิครินทร์,ศิครินทร์,3,0,0
ศิครินทร์,สุขุมวิท 105,3,0,0
ศิริพงษ์ - ลงท่า - หน้าวัง - อุณากรรณ,ลงท่า,0,0,3
ศิริพงษ์ - ลงท่า - หน้าวัง - อุณากรรณ,ศิริพงษ์ - อุณากรรณ,0,0,3
ศิริพงษ์ - ศิริชัย,ศิริชัย,0,3,0
ศิริพงษ์ - ศิริพัฒน์,ศิริพงษ์,0,3,0
ศิริพงษ์ - ศิริพัฒน์,ศิริพัฒน์,0,3,0
ศิริราช,พรานนก,3,3,3
ศิริราช,วังหลัง,0,0,3
ศิริราช,อรุณอมรินทร์,0,0,6
ศิริราช,อรุณอัมรินทร์,3,3,0
ศิริสุช,ช่างอากาศอุทิศ,0,0,3
ศิริสุช,ประชาอุทิศ,0,0,3
ศุลกากร,สุนทรโกษา,0,0,6
ศุลกากร,อาจณรงค์,0,0,6
ศุลกากร,เกษมราษฎร์,0,0,6
ศูนย์ราชการ,ทางเข้า - ออกศูนย์ราชการ,0,0,3
ศูนย์ราชการ,แจ้งวัฒนะ,0,0,3
ศูนย์วัฒนธรรม,วัฒนธรรม,6,0,0
ศูนย์วิจัย - เพชรบุรี,ซอยศูนย์วิจัย,0,3,0
ศูนย์วิจัย - เพชรบุรี,ศูนย์วิจัย,0,0,3
ศูนย์วิจัย - เพชรบุรี,เพชรบุรี,0,1,3
ศูนย์วิจัยเหนือ,ถนนพระราม 9,3,0,0
ศูนย์วิจัยเหนือ,พระราม 9,0,3,0
ศูนย์วิจัยเหนือ,พระราม 9 ชอย 17,3,0,0
ศูนย์วิจัยเหนือ,พระราม 9 ซอย 17,0,3,0
ศูนย์วิจัยเหนือ,พระราม 9 ซอย 26,3,3,0
สถานี BRT พระราม 3,นราธิวาสราชนครินทร์,0,3,0
สถานีรถไฟฟ้ากรุงธนบุรี,กรุงธนบุรี,0,3,0
สถานีรถไฟฟ้าช่องนนทรี,นราธิวาสราชนครินทร์,0,3,0
สถานีรถไฟวงเวียนใหญ่,กรุงธนบุรี,0,3,0
สนามบินสุวรรณภูมิ,ลาดกระบัง,0,0,9
สนามบินสุวรรณภูมิ,สุรรณภูมิ 4,0,0,3
สนามบินสุวรรณภูมิ,สุวรรณภูมิ 4,0,0,3
สนามบินสุวรรณภูมิ,สุวรรณภูมื,0,0,3
สนามหลวง 2,บางแวก,0,0,3
สนามหลวง 2,เข้าออกตลาดธนบุรี สนามหลวง 2,0,0,3
สนามหลวง 2,เลียบคลองทวีวัฒนา,0,0,3
สภากาชาดไทย,อังรีดูนังต์,3,0,0
สมเด็จเจ้าพระยา,สมเด็จเจ้าพระยา,0,0,3
สรงประภา - ซ.วัดเวฬุวนาราม,วัดเวฬุวนาราม,0,0,3
สรงประภา - ซ.วัดเวฬุวนาราม,สรงประภา,0,0,3
สรงประภา - นาวงค์ประชาพัฒนา,นาวงค์ประชาพัฒนา,3,0,0
สรงประภา - นาวงค์ประชาพัฒนา,สรงประภา,3,0,0
สรงประภา - นาวงศ์ประชาพัฒนา,นาวงศ์ประชาพัฒนา,3,3,0
สรงประภา - นาวงศ์ประชาพัฒนา,สรงประภา,3,3,0
สรงประภา - สรงประภา 11/1,สรงประภา,0,0,3
สรงประภา - สรงประภา 11/1,สรงประภา 11/1,0,0,3
สรงประภา - สรงประภา 11/2,สรงประภา,0,0,3
สรงประภา - สรงประภา 11/2,สรงประภา 11/2,0,0,3
สรงประภา - สรณคมณ์,สรงประภา,0,0,3
สรงประภา - สรณคมณ์,สรณคมณ์,0,0,3
สรงประภา - เชิดวุฒากาศ,สรงประภา,3,3,0
สรงประภา - เชิดวุฒากาศ,เชิดวุฒากาศ,3,3,0
สรงประภา-นาวงศ์ประชาพัฒนา,นาวงศ์ประชาพัฒนา,0,3,0
สรงประภา-นาวงศ์ประชาพัฒนา,สรงประภา,0,3,0
สรรพวุธ,ทางรถไฟสายปากน้ำ,3,0,0
สรรพวุธ,สรรพวุธ,3,0,0
สรรพาวุธ,ทางรถไฟสายปากน้ำ,0,0,6
สรรพาวุธ,ทางรถไฟสายปากนํ้า,0,3,0
สรรพาวุธ,สรรพาวุธ,0,3,6
สวนผัก - ชัยพฤกษ์,ชัยพฤกษ์,0,0,3
สวนผัก - ชัยพฤกษ์,ชัยพฤกษ์ 18,0,0,3
สวนผัก - ชัยพฤกษ์,สวนผัก,0,0,3
สวนผัก 32,ซอยสวนผัก 32,3,0,0
สวนผัก 32,ทางเข้าภิรมณ์เพลส,3,0,0
สวนผัก 32,สวนผัก,3,0,0
สวนมิกสกวัน,พิษณุโลก,3,0,6
สวนมิกสกวัน,ราชดำเนินนอก,3,0,3
สวนมิกสกวัน,ราชำดำเนิน,0,0,3
สวนมิสกวัน,พิษณุโลก,0,3,0
สวนมิสกวัน,ราชดำเนินนอก,0,3,0
สวนรื่นฤดี,นครราชสีมา,0,0,3
สวนรื่นฤดี,ราชสีมา,3,3,0
สวนรื่นฤดี,สุโขทัย,3,3,3
สวนสน,ซอยรามคำแหง 60,0,0,3
สวนสน,พ่วงศิริ,0,0,3
สวนสน,รามคำแหง,0,0,3
สวนสยาม,ซอยเสรีไทย 50,0,3,0
สวนสยาม,ทางเข้าสวนสยาม,0,3,3
สวนสยาม,ทางเข้าออกสวนสยาม,0,0,3
สวนสยาม,เสรีไทย,0,3,6
สวนสยาม,เสรีไทย 50,0,0,6
สวนหลวง,ศรีนครินทร์,3,0,12
สวนหลวง,อ่อนนุช,3,0,12
สวนแสงธรรม,บางแวก,0,0,3
สวนแสงธรรม,พุทธมณฑลสาย 3,0,0,3
สวรรคโลก,สวรรคโลก,6,3,0
สวรรคโลก,สุโขทัย,6,3,0
สวรรคโลก - สุคันธาราม,สวรรคโลก,3,0,0
สวรรคโลก - สุคันธาราม,สุคันธาราม,3,0,0
สวัสดิการ 1 - เลียบคลองภาษีเจริญฝั่งเหนือ - ซ.เลียบคลองฯ 3/1,ซอยเลียบคลองภาษีเจริญฝั่งเหนือ 3/1,0,3,0
สวัสดิการ 1 - เลียบคลองภาษีเจริญฝั่งเหนือ - ซ.เลียบคลองฯ 3/1,สวัสดิการ 1,0,3,0
สวัสดิการ 1 - เลียบคลองภาษีเจริญฝั่งเหนือ - ซ.เลียบคลองฯ 3/1,เลียบคลองภาษีเจริญฝั่งเหนือ,0,3,0
สะพานกรุงธน,มุ่งหน้าแยกซังฮี้,0,0,3
สะพานกรุงธน,มุ่งหน้าแยกบางพลัด,0,0,3
สะพานกรุงธน,สะพานกรุงธน,3,0,6
สะพานกรุงเทพ,มุ่งหน้าถนนตก,0,0,3
สะพานกรุงเทพ,มุ่งหน้าแยกมไหสวรรย์,0,0,3
สะพานกรุงเทพ,สะพานกรุงเทพ,3,0,6
สะพานขาว,กรุงเกษม,3,3,6
สะพานขาว,หลานหลวง,3,3,6
สะพานข้ามคลอง 13,สะพานข้ามคลอง 13,0,0,3
สะพานข้ามแยกประชาสงเคราะห์,สะพานข้ามแยกประชาสงเคราะห์,0,0,3
สะพานข้ามแยกพระราม 9,สะพานข้ามแยกพระราม 9,0,0,3
สะพานข้ามแยกราชเทวี,เพชรบุรี,0,3,0
สะพานข้ามแยกสามเหลี่ยมดินแดง,สะพานข้ามแยกสามเหลี่ยมดินแดง,0,0,3
สะพานควาย,ประดิพัทธ์,3,6,6
สะพานควาย,พหลโยธิน,3,6,6
สะพานควาย,สุทธิสาร,3,6,6
สะพานช้างโรงสี,บำรุงเมือง,3,0,6
สะพานช้างโรงสี,อัษฎางค์,3,0,6
สะพานดำ,กำแพงเพชร,3,3,6
สะพานดำ,กำแพงเพชร 5,3,3,3
สะพานดำ,ทางลอดทางรถไฟถนนพระรามที่ 6,0,0,3
สะพานดำ,พระรามที่ 6,3,3,6
สะพานดํา,กําแพงเพชร,0,3,0
สะพานดํา,กําแพงเพชร 5,0,3,0
สะพานดํา,พระรามที่ 6,0,3,0
สะพานนริศดำรัส,จักรพรรดิพงษ์,0,3,0
สะพานปฐมบรมราชานุสรณ์(สะพานพระพุทธยอดฟ้า),สะพานสมเด็จพระพุทธยอดฟ้า,3,0,0
สะพานพระปกเกล้า,มุ่งหน้าพาหุรัด,0,0,3
สะพานพระปกเกล้า,มุ่งหน้าแยกบ้านแขก,0,0,3
สะพานพระปกเกล้า,สะพานพระปกเกล้า,3,0,6
สะพานพระพุทธยอดฟ้า,มุ่งหน้าปากคลองตลาด,0,0,3
สะพานพระพุทธยอดฟ้า,มุ่งหน้าแยกบ้านแขก,0,0,3
สะพานพระพุทธยอดฟ้า,สะพานพระพุทธยอดฟ้า,0,0,6
สะพานพระราม 3,มุ่งหน้ารัชดา-ราชพฤกษ์,0,0,3
สะพานพระราม 3,มุ่งหน้าแยกเจริญราษฎร์,0,0,3
สะพานพระราม 3,สะพานพระราม 3,3,0,6
สะพานพระราม 7,มุ่งหน้าถนนจรัญสนิทวงศ์,0,0,3
สะพานพระราม 7,มุ่งหน้าวงศ์สว่าง,0,0,3
สะพานพระราม 7,สะพานพระราม 7,3,0,6
สะพานพระราม 8,พานพระราม 8,3,0,0
สะพานพระราม 8,มุ่งหน้าแยกบรมราชชนนี,0,0,3
สะพานพระราม 8,มุ่งหน้าแยกวิสุทธิ์กษัตริย์,0,0,3
สะพานพระราม 8,สะพานพระราม 8,0,0,6
สะพานภูมิพล 1,มุ่งหน้าถนนพระราม 3,0,0,3
สะพานภูมิพล 1,มุ่งหน้าถนนสุขสวัสดิ์,0,0,3
สะพานภูมิพล 1,สะพานภูมิพล,0,0,3
สะพานภูมิพล 1,สะพานภูมิพล 1,3,0,3
สะพานมอญ,อัษฎางค์,0,3,3
สะพานมอญ,เจริญกรุง,0,3,3
สะพานลอยหน้าวัดสุวรรณ,เจริญนคร,0,3,0
สะพานวันชาติ,ดินสอ,6,0,3
สะพานวันชาติ,ประชาธิปไตย,6,0,3
สะพานวันชาติ,พระสุเมรุ,6,0,3
สะพานสมเด็จพระปิ่นเกล้า,มุ่งหน้าราชดำเนิน,0,0,3
สะพานสมเด็จพระปิ่นเกล้า,มุ่งหน้าแยกอรุณอัมรินทร์,0,0,3
สะพานสมเด็จพระปิ่นเกล้า,สะพานสมเด็จพระปิ่นเกล้า,0,0,6
สะพานสมเด็จพระปืนเกล้า,สะพานสมเด็จพระปืนเกล้า,3,0,0
สะพานสมเด็จพระเจ้าตากสิน,มุ่งหน้าถนนกรุงธนบุรี,0,0,3
สะพานสมเด็จพระเจ้าตากสิน,มุ่งหน้าแยกสุรศักดิ์,0,0,3
สะพานสมเด็จพระเจ้าตากสิน,สะพานสมเด็จพระเจ้าตากสิน,0,0,6
สะพานสมเด็จพระเจ้าตากสินมหาราช,สะพานสาทร,3,0,0
สะพานอ่อน,บรรทัดทอง,6,3,0
สะพานอ่อน,เจริญเมือง,6,3,0
สะพานเหลือง,ซ.พระยาดำรงค์,3,0,0
สะพานเหลือง,ซอยพระยาดำรงค์,3,0,0
สะพานเหลือง,ซอยสว่าง 1- ทางด่วน- ซอยพระยาดำรง,0,0,3
สะพานเหลือง,บรรทัดทอง,6,3,3
สะพานเหลือง,พระรามที่ 4,6,3,3
สะพานแดง,ทหาร,6,3,6
สะพานแดง,ประดิพัทธ์,6,3,6
สะพานแดง,พระรามที่ 5,6,3,6
สะพานแดง,เตชะวณิช,6,3,6
สะพานใหม่,พหลโยธิน,0,0,3
สะพานใหม่,เทพรักษ์,0,0,3
สะแกงาม,บางขุนเทียน,0,0,3
สะแกงาม,สะแกงาม,0,0,3
สะแกงาม 12,สะแกงาม,0,0,3
สะแกงาม 12,สะแกงาม 12,0,0,3
สะแกงาม 26,สะแกงาม,0,0,3
สะแกงาม 26,สะแกงาม 26,0,0,3
สะแกงาม 30,สะแกงาม,0,0,3
สะแกงาม 30,สะแกงาม 30,0,0,3
สะแกงาม 7,สะแกงาม,0,0,3
สะแกงาม 7,สะแกงาม 7,0,0,3
สังคมสงเคราะห์,ซ.สังคมสงเคราะห์เหนือ,3,0,0
สังคมสงเคราะห์,สังคมสงเคราะห์,3,0,0
สังฆสันติสุข,ทหารอากาศอุทิศ,3,0,0
สังฆสันติสุข,สังฆสันติสุข,3,0,0
สังฆสันติสุข - ทหารอากาศอุทิศ,ทหารอากาศอุทิศ,0,0,3
สังฆสันติสุข - ทหารอากาศอุทิศ,สังฆสันติสุข,0,0,3
สังฆสันติสุข - สังฆสันติสุข 3 - อยู่วิทยา,สังฆสันติสุข,0,0,3
สังฆสันติสุข - สังฆสันติสุข 3 - อยู่วิทยา,สังฆสันติสุข 3,0,0,3
สังฆสันติสุข - สังฆสันติสุข 3 - อยู่วิทยา,อยู่วิทยา,0,0,3
สังฆสันติสุข - สังฆสันติสุข 7,สังฆสันติสุข,0,0,3
สังฆสันติสุข - สังฆสันติสุข 7,สังฆสันติสุข 7,0,0,3
สาทร - คอนแวต์,คอนแวนต์,0,0,3
สาทร - คอนแวต์,สาทร,0,0,3
สาทร - คอนแวนต์,คอนแวนต์,0,0,6
สาทร - คอนแวนต์,สาทร,0,0,6
สาทร - นราธิวาส,นราธิวาสราชนครนิทร์,0,3,0
สาทร - นราธิวาส,นราธิวาสราชนครินทร์,3,0,9
สาทร - นราธิวาส,สาทร,3,3,9
สาทร - นราธิวาสฯ,นราธิวาสราชนครินทร์,0,0,3
สาทร - นราธิวาสฯ,สาทร,0,0,3
สาทร - ประมวญ,ประมวญ,0,0,3
สาทร - ประมวญ,สาทร,0,0,3
สาทร - ประมวล,ประมวล,3,0,0
สาทร - ประมวล,สาทร,3,0,0
สาทร - ปั้น,ปั้น,0,0,3
สาทร - ปั้น,สาทร,0,0,3
สาทร - สุรศักดิ์,สาทร,0,3,6
สาทร - สุรศักดิ์,สุรศักดิ์,0,3,6
สาทร - สุรศักดิ์,เจริญราษฎร์,0,3,6
สาทร - เจริญกรุง,ทางเข้าเจ้าพระยาทาวเวอร์,0,3,3
สาทร - เจริญกรุง,สาทร,3,3,6
สาทร - เจริญกรุง,เจริญกรุง,3,3,6
สาทร - เจริญกรุง,เจริญกรุง 50/1,0,0,3
สาทร -สุรศักดิ์,สาทร,3,0,0
สาทร -สุรศักดิ์,สุรศักดิ์,3,0,0
สาทร -สุรศักดิ์,เจริญราษฎร์,3,0,0
สาทร 11 - นราธิวาส 10 แยก 22 -3,นราธิวาสฯ 10 แยก 22-3,0,0,3
สาทร 11 - นราธิวาส 10 แยก 22 -3,สาทร 11 (SB),0,0,3
สาทรคอนแวนต์,คอนแวนต์,0,0,3
สาทรคอนแวนต์,ซอยคอนแวนต์,3,0,0
สาทรคอนแวนต์,สาทร,3,0,3
สาธุ - จันทน์,จันทน์,6,3,5
สาธุ - จันทน์,สาธุประดิษฐ์,6,3,6
สาธุประดิษฐ์,พระรามที่ 3,6,0,6
สาธุประดิษฐ์,พระรามที่3,0,3,0
สาธุประดิษฐ์,สาธุประดิษฐ์,6,3,6
สาธุประดิษฐ์ 19,สาธุประดิษฐ์,0,0,3
สาธุประดิษฐ์ 19,สาธุประดิษฐ์ 19,0,0,3
สาธุประดิษฐ์- ยานนาวา,ยานนาวาว,3,0,0
สาธุประดิษฐ์- ยานนาวา,สาธุประดิษฐ์,3,0,0
สามยอด,มหาไชย,3,6,6
สามยอด,เจริญกรุง,3,6,6
สามย่าน,พญาไท,0,3,6
สามย่าน,พระรามที่ 4,0,0,6
สามย่าน,พระรามที่4,0,3,0
สามย่าน,สี่พระยา,0,3,6
สามัคคี,การไฟฟ้าภูมิภาค,3,0,0
สามัคคี,ประชาชื่น,3,0,0
สามัคคี,สามัคคี,3,0,0
สามเสน,นครไชยศรี,6,6,3
สามเสน,สวรรคโลก,6,6,3
สามเสน,เทอดดำริ,6,6,3
สามเหลียมดินแดง,ซอยอรรถวิมล,3,0,0
สามเหลียมดินแดง,ดินแดง,3,0,0
สามเหลียมดินแดง,ราชปรารภ,3,0,0
สามเหลียมดินแดง,ราชวิถี,3,0,0
สามเหลี่ยมดินแดง,ซ.อรรถวิมล,3,0,0
สามเหลี่ยมดินแดง,ซอยราชวิถี 2,0,0,3
สามเหลี่ยมดินแดง,ดินแดง,3,3,6
สามเหลี่ยมดินแดง,ถนนดินแดง,0,0,3
สามเหลี่ยมดินแดง,ถนนราชปรารภ,0,0,3
สามเหลี่ยมดินแดง,ถนนราชวิถี,0,0,3
สามเหลี่ยมดินแดง,ราชปรารภ,3,3,6
สามเหลี่ยมดินแดง,ราชวิถี,3,3,6
สามเหลี่ยมดินแดง,ราชวิถี 2,0,0,3
สามเหลี่ยมดินแดง,อรรถวิมล,0,3,3
สามแยกบางกะปิ,ลาดพร้าว,3,3,9
สามแยกบางกะปิ,ศรีนครินทร์,3,3,9
สามแยกพิชัย,นครไชยศรี,0,0,3
สามแยกพิชัย,พิชัย,0,3,6
สามแยกพิชัย,อำนวยสงคราม,0,3,3
สามแยกในซอยสุขุมวิท 101/1,ซอยวัดทุ่ง,3,0,0
สามแยกในซอยสุขุมวิท 101/1,ซอยอุดมสุข 51,3,0,0
สามแยกในซอยสุขุมวิท 101/1,วชิรธรรมสาธิต,3,0,0
สายน้ำผึ้ง,ซอยสุขุมวิท 22,0,0,3
สายน้ำผึ้ง,สุขุมวิท,3,0,12
สายน้ำผึ้ง,สุขุมวิท 22,0,0,6
สายน้ำผึ้ง,สุขุมวิท22,0,0,3
สายน้ำผึ้ง,สูขุมวิท 22,3,0,0
สายไหม 39,สายไหม,0,0,3
สายไหม 39,สายไหม 39,0,0,3
สารสิน,ซอยร่วมฤดี,0,3,0
สารสิน,ร่วมฤดี,0,0,6
สารสิน,วิทยุ,0,3,6
สารสิน,สารสิน,0,3,6
สารสิน -วิทยุ,ซอยร่วมฤดี,3,0,0
สารสิน -วิทยุ,วิทยุ,3,0,0
สารสิน -วิทยุ,สารสิน,3,0,0
สารสิน-วิทยุ,ซ.ร่วมฤดี,3,0,0
สารสิน-วิทยุ,วิทยุ,3,0,0
สารสิน-วิทยุ,สารสิน,3,0,0
สำนักงาน กพ .,พิษณุโลก,3,0,0
สำราญราษฎร์,บำรุงเมือง,0,12,6
สำราญราษฎร์,มหาไชย,0,12,6
สำราษราษฎร์,บำรุงเมือง,3,0,0
สำราษราษฎร์,มหาไชย,3,0,0
สีกักเสาชิงซ้า,บำรุงเมือง,1,0,0
สีกั๊กพระยาศรี,บ้านหมอ,3,0,0
สีกั๊กพระยาศรี,เจริญกรุง,3,0,0
สีลม,สีลม,0,0,3
สีลม,เลียบใต้ทางด่วน,0,0,3
สีลม - คอนแวนต์,คอนแวนต์,3,0,0
สีลม - คอนแวนต์,สีลม,3,0,0
สีลม - นราธิวาส,นราธิวาสราขนครินทร์,0,0,3
สีลม - นราธิวาส,นราธิวาสราชนครินทร์,3,3,3
สีลม - นราธิวาส,สีลม,3,3,6
สีลม -นราธิวาส,นราธิวาสราชนครินทร์,3,0,0
สีลม -นราธิวาส,สีลม,3,0,0
สีลม 3,สีลม,0,0,3
สี่กั๊กพระยาศรี,บ้านหม้อ,0,6,3
สี่กั๊กพระยาศรี,เจริญกรุง,0,6,3
สี่กั๊กพระยาศรี,เฟื่องนคร,0,0,3
สี่กั๊กเสาชิงช้า,ตะนาว,3,3,6
สี่กั๊กเสาชิงช้า,บำรุงเมือง,2,3,6
สี่กั๊กเสาชิงช้า,เฟื่องนคร,3,3,6
สี่พระยา,สี่พระยา,3,0,6
สี่พระยา,เจริญกรุง,3,0,6
สี่พระยา - นเรศ,สี่พระยา,0,3,0
สี่เสาเทเวศร์,ศรีอยุธยา,0,3,3
สี่เสาเทเวศร์,สามเสน,0,3,3
สี่เสาเสาเทเวศร์,ศรีอยุธยา,0,0,3
สี่เสาเสาเทเวศร์,สามเสน,0,0,3
สี่แยกลาดหญ้า,ท่าดินแดง,3,3,6
สี่แยกลาดหญ้า,อิสรภาพ,3,3,6
สุขาภิบาล 2 - คู่ขนานวงแหวนกาญจนาภิเษก,วงแหวนกาญจนาภิเษก,3,0,0
สุขาภิบาล 2 - คู่ขนานวงแหวนกาญจนาภิเษก,สุขาภิบาล 2,3,0,0
สุขาภิบาล 5 - จตุโชติ,จตุโชติ,0,0,6
สุขาภิบาล 5 - จตุโชติ,ซอยจตุโชติ,0,3,0
สุขาภิบาล 5 - จตุโชติ,สุขาภิบาล 5,0,3,6
สุขาภิบาล 5 - เพิ่มสิน,สุขาภิบาล 5,0,0,3
สุขาภิบาล 5 - เพิ่มสิน,เพิ่มสิน,0,0,3
สุขาภิบาล5 -จตุโชติ,ซอยจตุโชติ,3,0,0
สุขาภิบาล5 -จตุโชติ,สุขาภิบาล 5,3,0,0
สุขาภิบาลบางระมาด,พุทธมณฑลสาย 2,0,3,0
สุขาภิบาลบางระมาด,สุขาภิบาลบางระมาด,0,3,0
สุขุมวิท - พระรามที่ 4,พระรามที่ 4,0,3,3
สุขุมวิท - พระรามที่ 4,สุขุมวิท,0,3,3
สุขุมวิท - สุขุมวิท 23,สุขุมวิท,0,0,3
สุขุมวิท - สุขุมวิท 23,สุขุมวิท 23,0,0,3
สุขุมวิท - สุขุมวิท 71,สุขุมวิท,0,0,3
สุขุมวิท - สุขุมวิท 71,สุขุมวิท 71,0,0,3
สุขุมวิท 11,สุขุมวิท,0,0,3
สุขุมวิท 11,สุขุมวิท 11,0,0,3
สุขุมวิท 24,สุขุมวิท,0,3,3
สุขุมวิท 24,สุขุมวิท 24,0,3,3
สุขุมวิท 26,ซ.สุขุมวิท 26,3,0,0
สุขุมวิท 26,สุขุมวิท,3,0,3
สุขุมวิท 26,สุขุมวิท 26,0,0,3
สุขุมวิท 27,สุขุมวิท,0,0,3
สุขุมวิท 31,สุขุมวิท,0,0,3
สุขุมวิท 31,สุขุมวิท 31,0,0,3
สุขุมวิท 36,สุขุมวิท,0,0,3
สุขุมวิท 36,สุขุมวิท 36,0,0,3
สุขุมวิท 39,สุขุมวิท,0,0,6
สุขุมวิท 39,สุขุมวิท 39,0,0,6
สุขุมวิท 40,สุขุมวิท,0,0,3
สุขุมวิท 42,สุขุมวิท,0,0,6
สุขุมวิท 42,สุขุมวิท 42,0,0,6
สุขุมวิท 48,สุขุมวิท,0,0,3
สุขุมวิท 48,สุขุมวิท 48,0,0,3
สุขุมวิท 49,สุขุมวิท,0,0,3
สุขุมวิท 49,สุขุมวิท 32,0,0,3
สุขุมวิท 49,สุขุมวิท 49,0,0,3
สุขุมวิท 49 - สุขุมวิท 32,สุขุมวิท,0,0,3
สุขุมวิท 49 - สุขุมวิท 32,สุขุมวิท 32,0,0,3
สุขุมวิท 49 - สุขุมวิท 32,สุขุมวิท 49,0,0,3
สุขุมวิท 50,สุขุมวิท,0,0,9
สุขุมวิท 50,สุขุมวิท 50,0,0,9
สุขุมวิท 50,สุขุมวิท 79,0,0,9
สุขุมวิท 53,สุขุมวิท,0,0,3
สุขุมวิท 53,สุขุมวิท 53,0,0,3
สุขุมวิท 62,ด่วนสุขุมวิท 62,0,0,3
สุขุมวิท 62,สุขุมวิท 62,0,0,3
สุขุมวิท 70/3,สุขุมวิท,0,0,3
สุขุมวิท 70/3,สุขุมวิท 70/3,0,0,3
สุขุมวิท 71,สุขุมวิท,0,0,3
สุขุมวิท 71,สุขุมวิท 71,0,0,3
สุขุมวิท 93,สุขุมวิท,0,0,3
สุขุมวิท 93,สุขุมวิท 32,0,0,3
สุขุมวิท 93,สุขุมวิท 49,0,0,3
สุขุมวิท- พระรามที่ 4,พระรามที่ 4,3,0,0
สุขุมวิท- พระรามที่ 4,สุขุมวิท,3,0,0
สุขุมวิท- พระรามที่4,พระรามที่ 4,3,0,0
สุขุมวิท- พระรามที่4,สุขุมวิท,3,0,0
สุขุมวิท11,ซ.สุขุมวิท 11,3,0,0
สุขุมวิท11,ซอยสุขุมวิท 11,3,0,0
สุขุมวิท11,สุขุมวิท,6,0,0
สุขุมวิท22,ซ.สุขุมวิท 22,3,0,0
สุขุมวิท22,สุขุมวิท,3,0,0
สุขุมวิท24,ซ.สุขุมวิท 24,3,0,0
สุขุมวิท24,สุขุมวิท,3,0,0
สุคันธาราม,พระรามที่ 5,3,0,0
สุคันธาราม,สุคันธาราม,3,0,0
สุทธิสาร,รัชดาภิเษก,6,6,3
สุทธิสาร,สุทธิสาร,0,3,0
สุทธิสาร,สุทธิสารวินิจฉัย,6,3,3
สุทธิสาร - วิภาวดี,วิภาวดีรังสิต,0,0,3
สุทธิสาร - วิภาวดี,สุทธิสาร,0,0,3
สุทธิสาร - วิภาวดีรังสิต,วิภาวดีรังสิต,0,3,3
สุทธิสาร - วิภาวดีรังสิต,สุทธิสาร,0,3,3
สุทธิสาร -วิภาวดีรังสิต,วิภาวดีรังสิต,6,0,0
สุทธิสาร -วิภาวดีรังสิต,สุทธิสาร,6,0,0
สุภาพบุรุษ,ทวีวัฒนา-กาญจนาภิเษก,0,0,3
สุภาพบุรุษ,สุภาพบุรุษ,0,0,3
สุภาพบุรุษ,เลียบคลองทวีวัฒนา,0,0,6
สุรวงศ์,สุรวงศ์,0,0,3
สุรวงศ์,เจริญกรุง,0,0,3
สุรศักดิ์,มเหสักข์,0,6,6
สุรศักดิ์,สีลม,0,6,6
สุวรรณภูมิ,ลาดกระบัง,3,0,0
สุวรรณภูมิ,สุวรรณภูมิ 4,3,0,0
สุวินทวงศ์,รามคำแหง,0,3,0
สุวินทวงศ์,สุวินทวงศ์,0,3,0
สุวินทวงศ์ - คุ้มเกล้า,คุ้มเกล้า,0,0,6
สุวินทวงศ์ - คุ้มเกล้า,สุวินทวงศ์,0,0,6
สุวินทวงศ์ - นิมิตรใหม่,นิมิตรใหม่,0,3,3
สุวินทวงศ์ - นิมิตรใหม่,สุวินทวงศ์,0,3,3
สุวินทวงศ์ - บึงขวาง,บึงขวาง,0,0,3
สุวินทวงศ์ - บึงขวาง,สุวินทวงศ์,0,0,3
สุวินทวงศ์ - ราษฎร์อุทิศ,ราษฎร์อุทิศ,3,3,3
สุวินทวงศ์ - ราษฎร์อุทิศ,สุวินทวงศ์,3,3,3
สุวินทวงศ์ - อยู่วิทยา - ร่วมพัฒนา,ร่วมพัฒนา,0,3,0
สุวินทวงศ์ - อยู่วิทยา - ร่วมพัฒนา,สุวินทวงศ์,0,3,0
สุวินทวงศ์ - อยู่วิทยา - ร่วมพัฒนา,อยู่วิทยา,0,3,0
สุวินทวงศ์ -คุ้มเกล้า,คุ้มเกล้า,3,0,0
สุวินทวงศ์ -คุ้มเกล้า,สุวินทวงศ์,3,0,0
สุวินทวงศ์ -นิมิตใหม่,นิมิตใหม่,3,0,0
สุวินทวงศ์ -นิมิตใหม่,สุวินทวงศ์,3,0,0
สุวินทวงศ์ซอย 7,สุวินทวงศ์,0,3,0
สุเหร่าคลองหนึ่ง ซ.15,สุเหร่าคลองหนึ่ง,0,0,3
สุเหร่าคลองหนึ่ง ซ.15,สุเหร่าคลองหนึ่ง ซ.15,0,0,3
สุเหร่าคลองหนึ่ง ซ.15,เจริญพัฒนา,0,0,3
สุโขทัย,พระรามที่ 5,6,0,6
สุโขทัย,พระรามที่5,0,3,0
สุโขทัย,สุโขทัย,6,3,9
หทัยมิตร - นิมิตรใหม่,นิมิตรใหม่,0,0,3
หทัยมิตร - นิมิตรใหม่,หทัยมิตร,0,0,3
หทัยราษฎร์ - ซอยไทยรามัญ,หทัยราษฎร์,3,0,0
หทัยราษฎร์ - สุวินทวงศ์,สุวินทวงศ์,0,0,6
หทัยราษฎร์ - สุวินทวงศ์,หทัยราษฎร์,0,0,6
หทัยราษฎร์ - สุเหร่าคลองหนึ่ง,สุเหร่าคลองหนึ่ง,0,0,3
หทัยราษฎร์ - สุเหร่าคลองหนึ่ง,หทัยราษฎร์,0,0,3
หทัยราษฎร์ - หทัยมิตร,หทัยมิตร,0,0,9
หทัยราษฎร์ - หทัยมิตร,หทัยราษฎร์,0,0,9
หทัยราษฎร์ - หทัยราษฎร์ 22,หทัยราษฎร์,0,0,3
หทัยราษฎร์ - หทัยราษฎร์ 22,หทัยราษฎร์ 22,0,0,3
หทัยราษฎร์ - เลียบคลองสอง,หทัยราษฎร์,3,6,6
หทัยราษฎร์ - เลียบคลองสอง,เลียบคลองสอง,3,6,6
หนองระแหง - คู่ขนานกาญจนาภิเษก,คู่ขนานกาญจนาภิเษก,0,0,3
หนองระแหง - คู่ขนานกาญจนาภิเษก,หนองระแหง,0,0,3
หนองระแหง - หทัยราษฎร์,หทัยราษฎร์,0,0,3
หนองระแหง - หทัยราษฎร์,หนองระแหง,0,0,3
หนองระแหง 5-ไทยรามัญ,ซอยหนองระแหง,3,0,0
หนองระแหง 5-ไทยรามัญ,ซอยไทยรามัญ,3,0,0
หนองแขม,เพชรเกษม 81,0,0,3
หนองแขม,เลียบคลองภาษีเจริญฝั่งใต้,0,0,3
หนองใหญ่,บางแค,0,0,3
หนองใหญ่,บางแค 14,0,0,3
หนองใหญ่,บางแค 7,0,0,3
หน่วยบัญชาการรักษาดินแดง,สนามไชย,3,0,0
หน่วยบัญชาการรักษาดินแดน,สนามไชย,3,0,0
หน้า 7-11,อาจณรงค์,0,0,3
หน้า 7-11 พัฒนาการ 20,พัฒนาการ 20,0,0,6
หน้า Mayfair Place,สุขุมวิท 50,0,0,3
หน้า Velaa Sindlom Village,หลังสวน,0,0,3
หน้า ททบ.5,พหลโยธิน,0,0,3
หน้า ธ.กรุงเทพ สาขาเตาปูน,ประชาราษฎร์สาย 2,0,0,3
หน้า ธ.ยูโอบี,เยาวราช,0,0,3
หน้า บ.กรีนสปอต,ศรีนครินทร์,0,0,3
หน้า บ.ยัสปาล,สุขุมวิท,0,0,1
หน้า บ.ยัสปาล,สุขุมวิท 66/1,0,0,3
หน้า บ.เฟิร์ส ทรานสปอร์ต,หลวงแพ่ง,0,0,3
หน้า บ.เอพี โมโตพาร์ท จก.,ทวีวัฒนา-กาญจนาภิเษก,0,0,3
หน้า บ.แท็คเกิ้ล มาสเตอร์ จก.,ทวีวัฒนา-กาญจนาภิเษก,0,0,3
หน้า ม.ธรรมศาสตร์,หน้าพระธาตุ,3,0,0
หน้า ม.พระจอมเกล้าพระนครเหนือ,ทางเข้า ม.พระจอมเกล้าพระนครเหนือ,0,0,3
หน้า ม.พระจอมเกล้าพระนครเหนือ,พิบูลสงคราม,0,0,3
หน้า ม.มหานคร,เชื่อมสัมพันธ์,3,0,0
หน้า ม.เกษตรศาสตร์,พหลโยธิน,6,0,0
หน้า ม.เทคโนโลยีกรุงเทพ,นราธิวาสราชนครินทร์,3,0,0
หน้า ม.เทคโนโลยีราชมงคลวิทยาเขตเทเวศร์,สามเสน,0,0,3
หน้า รพ.ซีจีเอส สายไหม,เฉลิมพงษ์,0,0,3
หน้า รพ.บุษราคัมจิตการุณย์,สุขาภิบาล 5,0,0,3
หน้า รพ.ผู้สูงอายุบางขุนเทียน,บางขุนเทียนชายทะเล,0,0,3
หน้า รพ.ยันฮี,จรัญสนิทวงศ์,0,0,3
หน้า รพ.รวมใจรักษ์,สุขุมวิท 62,0,0,3
หน้า รพ.วิภาราม,พัฒนาการ,3,0,0
หน้า รพ.สมเด็จพระปิ่นเกล้า,สมเด็จพระเจ้าตากสิน,3,0,0
หน้า รพ.เวชการุณรัศม์,ทางเข้าออก รพ.เวชการุณรัศ,0,0,3
หน้า รพ.เวชการุณรัศม์,เลียบวารี,0,0,3
หน้า รร.ฝึกอาชีพ กทม.,เฉลิมพระเกียรติ ร.9,0,0,3
หน้า รร.พิทยาลงกรณ์พิทยาคม,เลียบคลองพิทยาลงกรณ์,0,0,3
หน้า รร.วัดสุทัศน์,อุณากรรณ,0,0,3
หน้า รร.สอนขับรถแอดวานซ์,พระราม 2 ซ.50,0,0,3
หน้า รร.สุเหร่าลาดบัวขาว,เคหะร่มเกล้า,0,0,3
หน้า รร.เบญจมราชาลัย,ศิริพงษ์,0,0,3
หน้า รร.โชคชัยหทัยราษฎร์,หทัยราษฎร์,0,0,3
หน้า หจก. ชาลี แสงแดง,หลวงแพ่ง,0,0,3
หน้ากรมการขนส่งทางบก,พหลโยธิน,3,0,0
หน้ากรมขนส่งทางบก,พหลโยธิน,3,0,0
หน้ากรมชลประทาน,สามเสน,0,3,0
หน้ากรมอู่ทหารเรือ,อรุณอัมรินทร์,3,0,0
หน้ากรมแผนที่ทหาร,กัลยาณไมตรี,3,0,0
หน้ากรมโรงงานอุตสาหกรรม,พระสุเมรุ,3,0,0
หน้ากองบัญชาการกองทัพอากาศ,พหลโยธิน,3,0,0
หน้ากองปราบปราม,พหลโยธิน,0,3,3
หน้ากองพันทหารปืนใหญ่ที่ 1,ประดิพัทธ์,0,3,0
หน้ากองพันทหารม้าที่ 3,ทหาร,0,3,0
หน้ากองพันทหารสื่อสารที่ 21,ทางเข้า - ออกกองพันฯ,0,0,3
หน้ากองพันทหารสื่อสารที่ 21,พหลโยธิน,0,0,3
หน้าการไฟฟ้าธนบุรี,จรัญสนิทวงศ์,0,0,3
หน้าการไฟฟ้าธนบุรี,จรัญสนิทวงศ์ 20,0,0,3
หน้าการไฟฟ้าธนบุรี,จรัญสนิทวงศ์ 23,0,0,3
หน้าการไฟฟ้านครหลวงบางเขน,กำแพงเพชร 2,3,0,0
หน้าคณะนิเทศศาสตร์ จุฬาลงกรณ์ฯ,ทางเข้าคณะนิเทศศาสตร์,3,0,0
หน้าคณะนิเทศศาสตร์ จุฬาลงกรณ์ฯ,พญาไท,3,0,0
"หน้าคณะเทคโนโลยีการเกษตร, สำนักหอสมุดกลาง",ฉลองกรุง,0,0,3
หน้าคณะเวชศาสตร์เขตร้อน,ราชวิถี,0,0,3
หน้าคณะเวชศาสตร์เขตร้อน,ราชวิถี 15,0,0,3
หน้าคณะแพทย์ศาสตร์วชิระพยาบาล,สามเสน,3,0,0
หน้าคอนโด 28Chidlom,ชิดลม,0,0,3
หน้าคอนโด ชีวาทัย เรสซิเดนซ์,ประชาราษฎร์สาย 2,0,0,3
หน้าคอนโด เดอะทรี อินเตอร์เชน,ประชาราษฎร์สาย 2,0,0,3
หน้าคอนโด เมโทร สกาย,ประชาชื่น,0,0,2
หน้าคอนโดดิเอ็กซ์เซลกรูฟปากซอยลาซาล 52,สุขุมวิท 105,0,3,0
หน้าคอนโดยูดีไลท์แอทหัวหมากสเตชั่น,หัวหมาก,0,3,0
หน้าคอนโดลุมพินีพาร์คนวมินทร์ 36,นวมนิทร์,0,1,0
หน้าคอนโดลุมพินีพาร์คนวมินทร์ 37,นวมนิทร์,0,1,0
หน้าคอนโดลุมพินีพาร์คนวมินทร์ 38,นวมนิทร์,0,1,0
หน้าคอนโดลุมพินีวิลล์,ราษฎร์บูรณะ,0,0,3
หน้าชุมชนบ้านแบบ,เจริญูราษฎร์,3,0,0
หน้าชุมชนโรงเรียวัดตลิ่งชัน,ชักพระ,3,0,0
หน้าซอยพหลโยธิน 50 แยก 11-15-2,เทพรักษ์,3,0,0
หน้าซีคอนสแควร์,ศรีนครินทร์,3,0,0
หน้าตลาดคลองถม,เจริญกรุง,0,3,0
หน้าตลาดจตุจักรคุ้มเกล้า,คุ้มเกล้า,0,3,0
หน้าตลาดบองมาเช่,เทศบาลสงเคราะห์,0,0,3
หน้าตลาดประชานิเวศน์ 1,เทศบาลสงเคราะห์,3,0,0
หน้าตลาดพิบูลย์วิทย์,กำนันแม้น,0,0,3
หน้าตลาดพิบูลย์วิทย์,กำนันแม้น 8,0,0,3
หน้าตลาดพุทธบูชา 95,พุทธบูชา,0,0,3
หน้าตลาดมหาสิน,สุขุมวิท 101/1,0,0,3
หน้าตลาดมาร์เก็ตแลนด์,ลาดกระบัง,0,0,3
หน้าตลาดมโนรมย์,เลียบคลองสอง,0,3,0
หน้าตลาดยิปซี,กรุงเทพ - นนทบุรี,0,0,3
หน้าตลาดศรีเขมา,ประชาราษฎร์สาย 1,0,0,3
หน้าตลาดศรีเขมา,ประชาราษฎร์สาย 1 (EB),0,0,3
หน้าตลาดเคซี,นิมิตรใหม่,0,3,0
หน้าตลาดไชยทิศ,เลียบทางรถไฟตลิ่งชัน,0,0,3
หน้าถ.รามคำแหง2 ซ. 11,รามคำแหง 2,0,0,3
หน้าถนนศรีเวียง (ช่วงใต้ทางด่วนศรีรัช),จรูญเวียง,3,0,0
หน้าธนาคาร CIMB,หลังสวน,0,0,3
หน้าธนาคารแห่งประเทศไทย,สามเสน,0,9,3
หน้าธัญญปาร์ค,ศรีนครินทร์,3,0,0
หน้านิคมฯ เจโมโพลิส,สุขาภิบาล 2,0,0,3
หน้าบริษัท คริสเตียนีและนีลเส็น,ลาซาล,0,0,3
หน้าบริษัท ปตท.,วิภาวดีรังสิต,0,3,0
หน้าบริษัทกราเวีย อาร์ต เซ็นเตอร์,เลียบคลองภาษีเจริญฝั่งเหนือ,0,0,3
หน้าบิ๊กซีราชดำริ,ราชดำริ,0,6,0
หน้าบิ๊กซีราษฎร์บูรณะ,ราษฎร์บูรณะ,3,0,0
หน้าบิ๊กซีหนองจอก,เลียบวารี,0,0,3
หน้าบ้านพักคนชราบางแค,เพชรเกษม,0,3,0
หน้าปั้มปตท.ถนนฉลองกรุง,ฉลองกรุง,3,0,0
หน้าปั๊ม ปตท.,คุ้มเกล้า,0,0,3
หน้าปั๊มแก๊ส NSGAS LPG,ร่มเกล้า,0,3,0
หน้าพันธุ์ทิพย์ประตูน้ำ,เพชรบุรี,0,3,0
หน้าพันธุ์ทิพย์พลาซา,เพชรบุรีตัดใหม่,0,3,0
หน้าพิพิธภัณฑ์เด็ก,กำแพงเพชร 4,3,0,0
หน้าพีเพิ่ลปาร์ค,อ่อนนุช,0,0,3
หน้าพุทธสมาคมแห่งประเทศไทย,พระอาทิตย์,3,0,0
หน้าม.ราชภัฏวไลยอลงกรณ์,เพชรบุรี,0,3,0
หน้าม.เทคโนโลยีราชมงคลพระนคร,นครสวรรค์,0,3,0
หน้ามหาวิทยาลัยนวมินทราธิราช,ขาว,3,0,0
หน้ามหาวิทยาลัยศิลปากร,หน้าพระลาน,3,0,0
หน้ามหาวิทยาลัยสยาม,เพชรเกษม,3,0,0
หน้ามัสยิดดารุ้ลมูกร้อดรอบีน,คู้-คลองสิบ,0,0,3
หน้ามัสยิดอัลอิสติกอมะห์,ประชาอุทิศ,0,0,3
หน้ามาร์เก็ตเพลส,เทพรักษ์,0,0,3
หน้าร.พ.รามาธิบดี,พระรามที่ 6,0,3,0
หน้ารพ.พญาไท 2,พหลโยธิน,0,6,0
หน้ารพ.รามาธิบดี,พระรามที่ 6,0,6,0
หน้ารัฐสภา,อู่ทองใน,3,0,0
หน้ารัฐสภาใหม่,รัชดาภิเษก,0,3,0
หน้ารัฐสภาใหม่,สามเสน,0,3,0
หน้าราชตฤณมัยสมาคม,พิษณุโลก,0,3,0
หน้าราชนาวีสโมสร,มหาราช,3,0,0
หน้าร้าน Dento Lighting,เจริญราษฎร์,0,0,3
หน้าร้าน Moonlight Garden,ทวีวัฒนา-กาญจนาภิเษก,0,0,3
หน้าวชิระพยาบาล,สามเสน,0,3,0
หน้าวัดชัยมงคล,พระรามที่ 1,0,3,0
หน้าวัดดิสานุการาม,วรจักร,0,3,0
หน้าวัดบรมนิวาสราชวรวิหาร,พระรามที่ 6,0,0,3
หน้าวัดพระศรีมหาธาตุวรวิหาร,พหลโยธิน,3,0,0
หน้าวัดพระศรีมหาธาตุฯ,พหลโยธิน,3,0,0
หน้าวัดมหรรณพาราม,ตะนาว,6,3,0
หน้าวัดมังกรกมลาวาส,เจริญกรุง,3,0,0
หน้าวัดมังกรฯ,เจริญกรุง,0,0,3
หน้าวัดราชบุรณราชวรวิหาร,จักรเพชร,0,0,3
หน้าวัดลครทำ,อิสรภาพ,0,0,3
หน้าวัดศรีนวล,หนองแขม-วัดศรีนวล,0,0,3
หน้าวัดสามง่าม,คู้-คลองสิบ,0,0,3
หน้าวัดสีกัน,สรงประภา,6,0,0
หน้าวัดสุทัศน์,บำรุงเมือง,3,0,0
หน้าวัดอมรินทรารามวิหาร,พระนเรศวรมหาราช,0,0,3
หน้าวัดอยู่ดีบำรุงธรรม,เพิ่มสิน,3,0,0
หน้าวัดเจ้าอาม,บางขุนนนท์,0,0,3
หน้าวัดเทพธิดาราม,มหาไชย,3,0,0
หน้าวัดเทพศิรินทร์,หลวง,0,3,0
หน้าวัดเบญจมบพิตร,ศรีอยุธยา,3,0,0
หน้าวัดเสาหิน ซ.วงศ์สว่าง 3,วงศ์สว่าง,0,3,0
หน้าวัดโพธิ์เรียง,จรัญสนิทวงศ์,6,0,0
หน้าวัดใหม่ยายมอญ,สุทธาวาส,0,0,3
หน้าวิทยาลัยพยาบาลตำรวจ,อังรีดูนังต์,3,0,0
หน้าวิทยาลัยเทคนิคกาญจนาภิเษกมหานคร,คุ้มเกล้า,0,0,6
หน้าวิทยาลัยเทคนิคดอนเมือง,สรงประภา,6,0,0
หน้าวิทยาลัยเทคโนโลยีฐานเทคโนโลยี,พรมแดน,0,0,3
หน้าศรีย่านทันตแพทย์,นครไชยศรี,0,3,0
หน้าศาลรัฐธรรมนูญ,จักรเพชร,0,0,3
หน้าศาสนสถานวัดซิกข์,จักรเพชร,0,0,3
หน้าศูนย์การค้าไทยโก้,หลวงแพ่ง,0,0,3
หน้าศูนย์มาสด้าพระราม 7,พิบูลสงคราม,0,0,3
หน้าศูนย์ราชการกระทรวงมหาดไทย,เจริญนคร,0,0,3
หน้าศูนย์สาธารณสุข 48,เลียบคลองภาษีเจริญฝั่งหนือ,0,0,3
หน้าศูนย์สาธารณสุข 48,เลียบคลองภาษีเจริญฝั่งเหนือ,3,0,0
หน้าศูนย์ฮอนด้า,พญาไท,0,3,0
หน้าศูนย์โตโยต้าภูมิพัฒนา,เลียบวารี,0,0,3
หน้าสถานฑูตญี่ปุ่น,วิทยุ,3,0,0
หน้าสถานทูตสหรัฐอเมริกา,วิทยุ,3,0,0
หน้าสถานี BTS วงเวียนใหญ่,กรุงธนบุรี,1,0,0
หน้าสถานี3718 วงเวียนใหญ่,กรุงธนบุรี,2,0,0
หน้าสถานีดับเพลิงธนบุรี,ถนนอินทรพิทักษ์,3,0,0
หน้าสถานีดับเพลิงธนบุรี,อินทรพิทักษ์,3,0,0
หน้าสถานีดับเพลิงปากคลองสาน,เจริญนคร,6,0,0
หน้าสถานีตำรวจนครบาลบุคคโล,เจริญนคร,3,0,0
หน้าสถานีเดินรถโดยสารขนาดเล็ก,กำแพงเพชร 2,3,0,0
หน้าสถานเสาวภา สภากาชาดไทย,พระรามที่ 4,0,0,3
หน้าสถานเอกอัครฑูตอิหร่าน,ซอยสุขุมวิท49/11,3,0,0
หน้าสถานเอกอัครราชทูตฟิลิปปินส์,สุขุมวิท,3,0,0
หน้าสถานเอกอัครราชทูตอเมริกา,วิทยุ,0,0,3
หน้าสถาบันสุขภาพเด็กฯ,ราชวิถี,0,0,3
หน้าสถาบันโรคไตฯ,พญาไท,0,0,3
หน้าสนามกีฬาศุภชลาศัย,พระรามที่ 1,0,3,0
หน้าสภากาชาดไทย,อังรีดูนังต์,0,3,0
หน้าสมาคมมิตรภาพบางแค,พุทธมณฑลสาย 1,3,0,0
หน้าสยามเซ็นเตอร์,พระรามที่ 1,0,3,0
หน้าสวนดุสิต,พระรามที่ 5,3,0,0
หน้าสวนธนบุรีรมณ์,ทางเข้า - ออกสวนธนบุรีรมณ์,0,0,3
หน้าสวนธนบุรีรมณ์,พุทธบูชา,0,0,3
หน้าสวนสัตว์ดุสิต,ราชวิถี,3,0,0
หน้าสวนสัตว์ดุสิต,อู่ทองใน,6,0,0
หน้าสวนอาหารปีกไม้,พุทธมณฑลสาย 2,0,0,3
หน้าสำนักงานขนส่งทางบกพื้นที่1,บางขุนเทียน - ชายทะเล,3,0,0
หน้าสำนักงานชนส่งพื้นที 1,บางขุนเทียนชายทะเล,3,0,0
หน้าสำนักงานบำรุงรักษาสะพานพระพุทธยอดฟ้าฯ,สะพานพุทธ,0,0,3
หน้าสำนักงานเขตคลองสามวา,เลียบคลองสอง,3,0,0
หน้าสำนักงานเขตสวนหลวง,พัฒนาการ,0,3,0
หน้าสำนักงานเขตหนองจอก,ประชาสำราญ,0,0,3
หน้าสำนักงานเขตหนองจอก,สังฆสันติสุข,0,0,3
หน้าสำนักงานเขตหนองจอก,เชื่อมสัมพันธ์,0,0,3
หน้าสำนักงานเขตหนองจอก,เลียบวารี,0,0,3
หน้าหมู่บ้าน เค.ซี.การ์เด้น ใกล้นิมิตรใหม่ 40,นิมิตรใหม่,3,0,0
หน้าหมู่บ้านฉัตรหลวง(ราษฎร์อุทิศ 54),เลียบวารี,0,0,3
หน้าหมู่บ้านชัยพฤกษ์,พระยาสุเรนทร์ 30,0,0,3
หน้าหมู่บ้านนันทวัน 10(ซ.เลียบวารี 37),เลียบวารี,0,0,3
หน้าหมู่บ้านนันทวัน 5 (ซ.เลียบวารี 11),เลียบวารี,0,0,3
หน้าหมู่บ้านประภาทรัพย์,เจริญพัฒนา,0,0,3
หน้าหมู่บ้านพรทิพา 4,หนองแขม - วัดศรีนวล,0,0,3
หน้าหมู่บ้านพฤกษ์ภิรมย์,แบริ่งลาซาล,0,0,3
หน้าหมู่บ้านมหาดไทย 1,พุทธมณฑลสาย 1,3,0,0
หน้าหมู่บ้านสุชา 2,ทวีวัฒนา,0,0,3
หน้าหมู่บ้านอมรทรัพย์ 1(ซ.เลียบวารี 25),เลียบวารี,0,0,3
หน้าหมู่บ้านเพชรเกษม 4,ทวีวัฒนา,0,0,3
หน้าหมู่บ้านเพชรเกษม 4,พุทธมณฑลสาย 3,0,0,3
หน้าหมู่บ้านเพิ่มทรัพย์,เทอดไท,0,0,3
หน้าหมู่บ้านเอื้ออาทรลาดกระบัง 2,ประชาพัฒนา,0,0,3
หน้าหอประชุมกองทัพอากาศ,พหลโยธิน,3,0,0
หน้าหอสมุดพระจอมเกล้าฯ ลาดกระบัง,ฉลองกรุง,0,0,3
หน้าห้างธัญญาพาร์ค,ศรีนครินทร์,0,0,3
หน้าห้างอินเดียเอ็มโพเรียม,จักรเพชร,0,0,3
หน้าห้างเซ็นจูรี่,รางน้ำ,0,0,3
หน้าห้างเดอะไนท์,พระราม 9,3,0,0
หน้าอาคาร CDG HOUSE,รัชดาภิเษก,0,0,3
หน้าอาคาร MINT TOWER,บรรทัดทอง,0,0,3
หน้าอาคาร อปร. โรงพยาบาลจุฬาลงกรณ์,ราชดำริ,0,0,3
หน้าอาคารจามจุรี 8,พญาไท,3,0,0
หน้าอาคารรัฐสภาใหม่,สามเสน,0,3,0
หน้าอาคารสินธรทาวเวอร์,กรุงธนบุรี,3,0,0
หน้าอาคารสินสาธรทาวเวอร์,กรุงธนบุรี,3,0,0
หน้าอาคารสุขประพฤติ,ประชาชื่น,0,0,3
หน้าอาคารอัมรินทร์พลาซ่า,เพลินจิต,0,3,0
หน้าอาคารเมืองไทยภัทรคอมเพล็กซ์,รัชดาภิเษก,0,3,0
หน้าอาคารแปซิฟิคเรสซิเด้น,สุขุมวิท 39,0,0,3
หน้าเขตหนองจอก,สังฆสันติสุข,0,0,3
หน้าเขตหนองจอก,เชื่อมสัมพันธ์,0,0,3
หน้าเขตหนองจอก,เลียบวารี,0,0,3
หน้าเซเว่นหน้าวัดปากน้ำ,รัชมงคลประสาธน์,0,0,3
หน้าเซเว่นหน้าวัดปากน้ำ,รัชมงคลประสาธน์ 10,0,0,3
หน้าเซ็นทรัลอีสวิลล์,ประดิษฐ์มนูธรรม,0,0,3
หน้าเดอะพาซิโอ,ลาดกระบัง,0,0,3
หน้าเทคโนโลยีกรุงเทพ,นราธิวาสราชนครินทร์,3,0,0
หน้าเสถียรธรรมสถาน,วัชรพล,0,0,3
หน้าแฟลตทหารเรือ,จ่าโสด,0,0,3
หน้าแฟลตทหารเรือ,ทางรถไฟสายเก่า,0,0,3
หน้าแฟลตทหารเรือ,ทางเข้าออกแฟลตทหารเรือ,0,0,3
หน้าแม็กแวลู คู้บอน,คู้บอน,0,0,3
หน้าโครงการ SUNNY MARKET,สุขุมวิท 105,3,0,0
หน้าโครงการ แคโนพีบางบอน,เอกชัย,3,0,0
หน้าโครงการจตุจักรกรีน,กำแพงเพชร 3,3,0,0
หน้าโครงการลุมพินี,สุขุมวิท 77,3,0,0
หน้าโครงการเมย์แฟร์ เพลส,ซอยสุขุมวิท 50,3,0,0
หน้าโรงงานฟุตบอลไทย,ฉลองกรุง,0,3,0
หน้าโรงพยาบาลจุฬาลงกรณ์,ราชดำริ,12,0,0
หน้าโรงพยาบาลตำรวจ,ราชดำริ,9,0,0
หน้าโรงพยาบาลพญาไท 2,พหลโยธิน,0,3,0
หน้าโรงพยาบาลวิภาราม,พัฒนาการ,0,3,0
หน้าโรงพยาบาลหัวเฉียว,บำรุงเมือง,0,0,3
หน้าโรงรับจำนำบางซื่อ,ประชาราษฎร์สาย 2,0,0,3
หน้าโรงรับจำนำย่งฮวดเฮง,เพชรเกษม 69,3,0,0
หน้าโรงละครแห่งชาติ,ราชินี,3,0,0
หน้าโรงเรียนกุลวรรณ,ประชาราษฎร์สาย 1,0,0,3
หน้าโรงเรียนกุลวรรณศึกษา,ประชาราษฎร์สาย 1,0,0,3
หน้าโรงเรียนทวีธาภิเศก,บางขุนเทียนชายทะเล,0,0,3
หน้าโรงเรียนนานาชาติสิงคโปร์,ราชมนตรี 8,0,0,3
หน้าโรงเรียนนิเวศวารินทร์,เทพรักษ์,0,3,0
หน้าโรงเรียนบ้านเจียรดับ,เลียบวารี,6,0,0
หน้าโรงเรียนพรหมราษฎร์รังสรรค์,พรหมราษฎร์,0,0,3
หน้าโรงเรียนพรหมราษฎร์รังสรรค์,รางโพธิ์,0,0,3
หน้าโรงเรียนราชคฤห์,เทอดไท,0,0,3
หน้าโรงเรียนละอออุทิศ,ราชสีมา,6,0,0
หน้าโรงเรียนลำสาลี,กรุงเทพกรีฑา,3,0,0
หน้าโรงเรียนวัดสะพาน,ทางรถไฟสายเก่า,0,0,3
หน้าโรงเรียนวัดสามง่าม,คู้-คลองสิบ,0,0,3
หน้าโรงเรียนศาลาคู้,ราษฎร์อุทิศ,0,3,0
หน้าโรงเรียนสายปัญญา,กรุงเกษม,0,3,0
หน้าโรงเรียนสารสาสน์วิเทศน์นิมิตใหม่,นิมิตรใหม่,3,0,0
หน้าโรงเรียนสารสาสน์ฯ,เพชรเกษม 81(มาเจริญ),0,0,3
หน้าโรงเรียนสุเหร่าคลองสิบ,คู้-คลองสิบ,0,0,3
หน้าโรงเรียนสุเหร่าคู้วิทยา,เลียบวารี,0,3,0
หน้าโรงเรียนสุเหร่าทรายกองดิน,ราษฎร์อุทิศ,3,0,0
หน้าโรงเรียนสุเหร่าทรายกองเงิน,ราษฎร์อุทิศ,3,0,0
หน้าโรงเรียนสุเหร่าศาลาลอย,พัฒนาการ,3,0,0
หน้าโรงเรียนสุเหร่าแสนแสบ,ประชาร่วมใจ,0,0,9
หน้าโรงเรียนหอวัง,พหลโยธิน,0,3,0
หน้าโรงเรียนหอวัง,หอวัง,0,0,3
หน้าโรงเรียนอนุบาลแสงโสม,ประชาชื่น,0,0,3
หน้าโรงเรียนอินเตอร์คิดส์,ประชาร่วมใจ,0,3,0
หน้าโรงเรียนเซนต์คาเบรียล,พหลโยธิน,0,3,0
หน้าโรงเรียนเซนต์คาเบรียล,สามเสน,0,6,0
หน้าโรงเรียนเซนปีเตอร์ ธนบุรี,พุทธมณฑลสาย 1,3,0,0
หน้าโรงแรม Calton,สุชุมวิท,0,0,3
หน้าโรงแรมโฟร์ซีซันส์,เจริญกรุง,0,0,3
หน้าโรงแรมโฟร์วิงส์,ศรีนครินทร์,0,0,3
หน้าโรงแรมไฟร์ซีซัน (ปากซอยเจริญกรุง69),เจริญกรุง,3,0,0
หน้าโรบินสันลาดกระบัง,ลาดกระบัง,0,0,3
หน้าโรแรม ดิโอกุระ,วิทยุ,0,0,3
หน้าโลตัสพระราม 1,บรรทัดทอง,0,0,3
หน้าโลตัสเลียบคลองสอง,เลียบคลองสอง,0,0,3
หน้าไปรษณีย์อ่อนนุช,สุขุมวิท 77,0,0,3
หมอชิต 2,กำแพงเพชร 2,0,0,3
หมอชิต 2,กำแพงเพชร 6,0,0,3
หมอมี,ทรงสวัสดิ์,0,0,6
หมอมี,พระรามที่ 4,6,3,6
หมอมี,มิตรพันธ์,6,3,0
หมอมี,เจริญกรุง,6,3,6
หมอเหล็ง,จตุรทิศ,3,3,12
หมอเหล็ง,ราชปรารภ,3,3,12
หมอเหล็ง,ศรีอยุธยา,3,3,12
หมู่บ้านพฤกษา 85,ทวีวัฒนา,0,0,3
หมู่บ้านร่มไทร,คลองลำเจียก,0,0,3
หมู่บ้านร่มไทร,คลองลำเจียก 10,0,0,3
หมู่บ้านร่มไทร,คลองลำเจียก 17,0,0,3
หมู่บ้านสหกรณ์,ทางเข้าหมู่บ้านสหกรณ์,3,3,3
หมู่บ้านสหกรณ์,หมู่บ้านสหกรณ์,0,0,3
หมู่บ้านสหกรณ์,เสรีไทย,3,3,6
หมู่บ้านเคหะธานี 4,ราษฎร์พัฒนา,0,0,3
หมู่บ้านเคหะธานี 4,ราษฎร์พัฒนา 4,0,0,3
หมู่บ้านเคหะธานี 4,ราษฎร์พัฒนา 5,0,0,3
หมู่บ้านเศรษฐกิจ,ทางเขาหมู่บ้านเศรษฐกิจ,3,0,0
หมู่บ้านเศรษฐกิจ,ทางเข้าหมู่บ้านเศรษฐกิจ,3,3,0
หมู่บ้านเศรษฐกิจ,หมู่บ้านเศรษฐกิจ,0,0,9
หมู่บ้านเศรษฐกิจ,เพชรเกษม,6,3,9
หมู่บ้านเสรี,อ่อนนุช,0,3,0
หมู่บ้านเสรี,"อ่อนนุช 70 ,อ่อนนุช 72",0,3,0
หลักสี่,กำแพงเพชร 6,6,6,9
หลักสี่,แจ้งวัฒนะ,6,6,9
หลังสวน,สารสิน,6,3,9
หลังสวน,หลังสวน,6,3,9
หลานหลวง,จักรพรรดิพงษ์,3,3,3
หลานหลวง,หลานหลวง,3,3,3
หัวลำโพง,พระรามที่ 4,6,3,6
หัวลำโพง,มหาพฤฒาราม,3,3,6
หัวลำโพง,มหาพอฒาราม,3,0,0
ห้วยขวาง,ประชาราษฎร์บำเพ็ญ,6,3,15
ห้วยขวาง,ประชาสงเคราะห์,6,6,12
ห้วยขวาง,รัชดาภิเษก,6,6,15
ห้าแยกพลับพลาไชย,พลับพลาไชย,0,3,0
ห้าแยกพลับพลาไชย,หลวง,0,3,0
ห้าแยกพลับพลาไชย,ไมตรจีติร,0,2,0
ห้าแยกพลับพลาไชย,ไมตรีจิตร,0,1,0
ห้าแยกลาดพร้าว,พหลโยธิน,1,3,0
ห้าแยกลาดพร้าว,พหลไโยธิน,2,0,0
ห้าแยกลาดพร้าว,วิภาวดีรังสิต,3,3,0
ห้าแยกวชัรพล,รัตนโกสนิทร์,0,3,0
ห้าแยกวชัรพล,ร่วมมิตรพัฒนา,0,3,0
ห้าแยกวชัรพล,วชัรพล,0,3,0
ห้าแยกวชัรพล,สุขาภิบาล 5,0,3,0
ห้าแยกวัชรพล,รัตนโกสินทร์,0,0,6
ห้าแยกวัชรพล,ร่วมมิตรพัฒนา,0,0,6
ห้าแยกวัชรพล,วัชรพล,0,0,6
ห้าแยกวัชรพล,สุขาภิบาล 5,0,0,6
อ.ส.ม.ท.,ทางเข้า อ.ส.ม.ท.,0,3,3
อ.ส.ม.ท.,ทางเข้าอ.ส.ม.ท.,0,0,3
อ.ส.ม.ท.,พระราม 9,6,3,6
อ.ส.ม.ท.,พระราม 9 ซ. 7,6,0,0
อ.ส.ม.ท.,เพชรอุทัย,6,3,6
อนามัย,บำรุงเมือง,3,0,3
อนามัย,บํารุงเมือง,0,3,0
อนามัย,พลับพลาไชย,3,3,3
อนามัยงามเจริญ,หมู่บ้านสินทวี,0,3,0
อนามัยงามเจริญ,อนามัยงามเจริญ,0,3,0
อนามัยงามเจริญ,เทียนทะเล 7,0,3,0
อนุสาวรีย์ชัยสมรภูมิ,พญาไท,0,0,3
อนุสาวรีย์ชัยสมรภูมิ,พหลโยธิน,0,0,3
อนุสาวรีย์ชัยสมรภูมิ,ราชวิถี,0,0,3
อนุสาวรีย์ชัยสมรภูมิ (ขาออก),พญาไท,0,6,0
อนุสาวรีย์ชัยสมรภูมิ (ขาออก),พหลโยธิน,0,6,0
อนุสาวรีย์ชัยสมรภูมิ (ขาออก),ราชวิถี,0,5,0
อนุสาวรีย์ชัยสมรภูมิ (ขาเข้า),พญาไท,0,6,0
อนุสาวรีย์ชัยสมรภูมิ (ขาเข้า),พหลโยธิน,0,6,0
อนุสาวรีย์ชัยสมรภูมิ (ขาเข้า),ราชวิถี,0,5,0
อนุสาวรีย์ชัยสมรภูมิ(ขาออก),พญาไท,3,0,0
อนุสาวรีย์ชัยสมรภูมิ(ขาออก),พหลโยธิน,3,0,0
อนุสาวรีย์ชัยสมรภูมิ(ขาออก),ราชวิถี,3,0,0
อนุสาวรีย์ชัยสมรภูมิ(ขาเข้า),พญาไท,3,0,0
อนุสาวรีย์ชัยสมรภูมิ(ขาเข้า),พหลโยธิน,3,0,0
อนุสาวรีย์ชัยสมรภูมิ(ขาเข้า),ราชวิถี,3,0,0
อนุสาวรีย์ประชาธิปไตย,ดินสอ,6,0,3
อนุสาวรีย์ประชาธิปไตย,ราชดำนินกลาง,3,0,0
อนุสาวรีย์ประชาธิปไตย,ราชดำเนิน,6,0,3
อนุสาวรีย์ประชาธิปไตย,ราชดำเนินกลาง,3,0,0
อนุสาวรีย์ประชาธิปไตย (ขาออก),ดินสอ,0,6,3
อนุสาวรีย์ประชาธิปไตย (ขาออก),ราชดำเนิน,0,3,3
อนุสาวรีย์ประชาธิปไตย (ขาออก),ราชดำเนินกลาง,0,3,0
อนุสาวรีย์ประชาธิปไตย (ขาออกแยก),ดินสอ,0,3,0
อนุสาวรีย์ประชาธิปไตย (ขาออกแยก),ราชดำเนินกลาง,0,3,0
อนุสาวรีย์ประชาธิปไตย (ขาเข้า),ดินสอ,0,6,3
อนุสาวรีย์ประชาธิปไตย (ขาเข้า),ราชดำเนิน,0,3,3
อนุสาวรีย์ประชาธิปไตย (ขาเข้า),ราชดำเนินกลาง,0,3,0
อนุสาวรีย์ประชาธิปไตย (ขาเข้าแยก),ดินสอ,0,3,0
อนุสาวรีย์ประชาธิปไตย (ขาเข้าแยก),ราชดำเนินกลาง,0,3,0
อนุสาวสรีย์ประชาธิปไตย (ขาออก),ดินสอ,3,0,0
อนุสาวสรีย์ประชาธิปไตย (ขาออก),ราชดำเนินกลาง,3,0,0
อนุสาวสรีย์ประชาธิปไตย (ขาเข้า),ดินสอ,3,0,0
อนุสาวสรีย์ประชาธิปไตย (ขาเข้า),ราชดำเนินกลาง,3,0,0
อรุณอมรินทร์,สมเด็จพระปิ่นเกล้า,0,3,3
อรุณอมรินทร์,อรุณอมรินทร์,0,3,3
อรุณอมรินทร์ - วังเดิม,วังเดิม,0,0,6
อรุณอมรินทร์ - วังเดิม,อรุณอมรินทร์,0,0,3
อรุณอมรินทร์ - วังเดิม,อรุณอัมรินทร์ตัดใหม่,0,0,3
อรุณอมรินทร์ตัดใหม่,วังเดิม,0,3,0
อรุณอมรินทร์ตัดใหม่,อรุณอมรินทร์ตัดใหม่,0,3,0
อรุณอมรินทร์ตัดใหม่ - วังเดิม,มักกะสัน,0,3,0
อรุณอมรินทร์ตัดใหม่ - วังเดิม,ราชปรารภ,0,3,0
อรุณอมรินทร์ตัดใหม่ - วังเดิม,วังเดิม,0,3,0
อรุณอมรินทร์ตัดใหม่ - วังเดิม,อรุณอมรินทร์,0,3,0
อรุณอัมรินทร์,สมเด็จพระปิ่นเกล้า,3,0,3
อรุณอัมรินทร์,อรุณอัมรินทร์,3,0,3
อรุณอัมรินทร์ตัดใหม่ -วังเดิม,วังเดิม,3,0,0
อรุณอัมรินทร์ตัดใหม่ -วังเดิม,อรุณอัมรินทร์ตัดใหม่,3,0,0
อังรีดูนังต์,ทางเข้ากองบัญชาการ,0,0,3
อังรีดูนังต์,พระรามที่ 4,3,0,9
อังรีดูนังต์,พระรามที่4,0,3,0
อังรีดูนังต์,สุรวงศ์,3,3,9
อังรีดูนังต์,อังรีดูนังต์,3,3,9
อัษฎางค์ - พระยาศรี,พระยาศรี,0,3,0
อัษฎางค์ - พระยาศรี,อัษฎางค์,0,3,0
อัษฎางค์ - ราชบพิธ,อัษฎางค์,0,3,0
อาคาร American Standard,รัชดาภิเษก,0,3,0
อาคารสงเคราะห์กองทัพบก (บางซื่อ),ทางเข้า - ออกอาคารสงเคราะห์กองทัพบก,0,0,3
อาคารสงเคราะห์กองทัพบก (บางซื่อ),เทอดดำริ,0,0,3
อาคารสงเคราะห์กองทัพบก (เทอดดำริ),ทางเข้า - ออกอาคารสงเคราะห์กองทัพบก,0,0,3
อาคารสงเคราะห์กองทัพบก (เทอดดำริ),เทอดดำริ,0,0,3
อารีย์สัมพันธ์,ซอยอารีย์สัมพันธ์,3,0,0
อารีย์สัมพันธ์,พระรามที่ 6,3,0,3
อารีย์สัมพันธ์,อารีย์สัมพันธ์,0,0,3
อาร์ซีเอ,จตุรทิศ,0,0,3
อาร์ซีเอ,พระราม 9 ซอย 8,0,0,3
อำนวยสงคราม,พิชัย,3,0,0
อำนวยสงคราม,อำนวยสงคราม,3,0,0
อำนวยสงคราม - ร่วมจิตต์,ร่วมจิตต์,3,0,3
อำนวยสงคราม - ร่วมจิตต์,อำนวยสงคราม,3,0,3
อินทาบัจ 13 - เพชรเกษม 63,ซอยอินทาปัจ 13,3,0,0
อินทาบัจ 13 - เพชรเกษม 63,ซอยเพชรเกษม 63,3,0,0
อินทาปัจ 13 - เพชรเกษม 69,อินทาปัจ 13,0,0,3
อินทาปัจ 13 - เพชรเกษม 69,เพชรเกษม 69,0,0,3
อินทาปัจ 13 - เพชรเกษม 69,เลียบคลองภาษีเจริญฝั่งเหนือ,0,0,3
อิสรภาพ - อิสรภาพ 21,อิสรภาพ,0,0,3
อิสรภาพ - อิสรภาพ 21,อิสรภาพ 21,0,0,3
อิสรภาพ - อิสรภาพ 44 - วัดดงมูลเหล็ก,อิสรภาพ,0,0,3
อิสรภาพ - อิสรภาพ 44 - วัดดงมูลเหล็ก,อิสรภาพ 44,0,0,3
อิสรภาพ 42,อิสรภาพ,0,0,3
อิสรภาพ 42,อิสรภาพ 42,0,0,3
อุณากรรณ,อุณากรรณ,6,3,3
อุณากรรณ,เจริญกรุง,6,3,3
อุณากรรณ - ลงท่า,ลงท่า,0,3,0
อุณากรรณ - ลงท่า,ศิริพงษ์,0,3,0
อุณากรรณ - ลงท่า,อุณากรรณ,0,3,0
อุดมสุข,ซอยสุขุมวิท 103 (อุดมสุข),6,0,0
อุดมสุข,สุขุมวิท,6,3,6
อุดมสุข,สุขุมวิท 103,0,0,6
อุดมสุข,สุขุมวิท 103 (อุดมสุข),0,3,0
อุดมสุข 30 - 27,อุดมสุข,0,0,3
อุดมสุข 30 - 27,อุดมสุข 27,0,0,3
อุดมสุข 30 - 27,อุดมสุข 30,0,0,3
อุดมสุข 51,อุดมสุข,0,0,3
อุดมสุข 51,อุดมสุข 51,0,0,3
อุภัยเจษฎทิศ,ราชวิถี,0,3,0
อุภัยเจษฎทิศ,สวรรคโลก,0,3,0
อุภัยเจษฎอุทิศ,ราชวิถี,3,0,0
อุภัยเจษฎอุทิศ,สวรรคโลก,3,0,0
อุภัยเจษฎุทิศ,ราชวิถี,0,0,6
อุภัยเจษฎุทิศ,สวรรคโลก,0,0,6
อุรุพงษ์,พระรามที่ 6,3,3,9
อุรุพงษ์,เพชรบุรี,3,3,9
อุโมงค์กลับรถถนนพัฒนาการ,พัฒนาการ,0,0,3
อุโมงค์ดินแดง,ดินแดง,0,0,3
อุโมงค์ดินแดง,มุ่งหน้าประชาสงเคราะห์,0,0,3
อุโมงค์ดินแดง,อุโมงค์ดินแดง,0,0,3
อุโมงค์ถาวรธวัช,ถาวรธวัช,0,0,3
อุโมงค์ถาวรธวัช,ถาวรธัวช,0,0,3
อุโมงค์ท่าพระ,มุ่งหน้าแยกรัชดา-ราชพฤกษ์,0,0,3
อุโมงค์ท่าพระ,มุ่งหน้าแยกไฟฉาย,0,0,3
อุโมงค์บรมราชชนนี,มุ่งหน้าบางขุนนนท์,0,0,3
อุโมงค์บรมราชชนนี,มุ่งหน้าแยกบางพลัด,0,0,3
อุโมงค์บางพลัด,มุ่งหน้าพระราม 7,0,0,3
อุโมงค์บางพลัด,มุ่งหน้าแยกปิ่นเกล้า,0,0,3
อุโมงค์บางเขน,มุ่งหน้าสะพานใหม่,0,0,3
อุโมงค์บางเขน,มุ่งหน้าแยกเกษตร,0,0,3
อุโมงค์พหลโยธิน-ลาดปลาเค้า,มุ่งหน้าถนนประดิษฐ์มนูธรรม,0,0,3
อุโมงค์พหลโยธิน-ลาดปลาเค้า,มุ่งหน้าถนนพหลโยธิน,0,0,3
อุโมงค์รัชโยธิน,มุ่งหน้าถนนนวมินทร์,0,0,3
อุโมงค์รัชโยธิน,มุ่งหน้าแยกรัชวิภา,0,0,3
อุโมงค์รัชโยธิน,รัชดาภิเษก,0,0,3
อุโมงค์สุทธิสาร,มุ่งหน้าแยกรัชดา-ลาดพร้าว,0,0,3
อุโมงค์สุทธิสาร,มุ่งหน้าแยกห้วยขวาง,0,0,3
อุโมงค์สุทธิสาร,รัชดาภิเษก,0,0,3
อุโมงค์ห้วยขวาง,มุ่งหน้าแยกพระราม 9,0,0,3
อุโมงค์ห้วยขวาง,มุ่งหน้าแยกสุทธิสาร,0,0,3
อุโมงค์เกษตร,งามวงศ์วาน-ประเสริฐมนูกิจ,0,0,3
อุโมงค์เกษตร,มุ่งหน้าแยกพงษ์เพชร,0,0,3
อุโมงค์เกษตร,มุ่งหน้าแยกรัชโยธิน,0,0,3
อุโมงค์แยกศรีอุดม,มุ่งหน้าถนนบางนาตราด,0,0,3
อุโมงค์แยกศรีอุดม,มุ่งหน้าแยกสวนหลวง,0,0,3
อโศก,รัชดาภิเษก,3,6,0
อโศก,สุขุมวิท,3,6,0
อโศก,อโศก,3,6,0
อโศก-สุขุมวิท,รัชดาภิเษก,3,0,0
อโศก-สุขุมวิท,สุขุมวิท,3,0,0
อโศก-สุขุมวิท,อโศก,3,0,0
อโศกดินแดง - กำแพงเพชร 7,กำแพงเพชร 7,0,0,3
อโศกดินแดง - กำแพงเพชร 7,อโศกดินแดง,0,0,3
อโศกมนตรี,รัชดาภิเษก,0,0,9
อโศกมนตรี,สุขุมวิท,0,0,9
อโศกมนตรี,อโศก,0,0,6
อโศกมนตรี,อโศกมนตรี,0,0,3
อโศกเพชร,อโศก,3,3,6
อโศกเพชร,เพชรบุรี,3,3,6
อ่อนนุช,ซอยสุขุมวิท 77,3,0,0
อ่อนนุช,ซอยส่วนบุคคล,3,0,0
อ่อนนุช,สุขุมวิท,3,0,9
อ่อนนุช,สุขุมวิท 48/3,0,0,3
อ่อนนุช,สุขุมวิท 77,0,0,9
อ่อนนุช,ส่วนบุคคล,0,0,6
อ่อนนุช - กิ่งแก้ว,กิ่งแก้ว,0,3,3
อ่อนนุช - กิ่งแก้ว,อ่อนนุช,0,3,3
อ่อนนุช - อ่อนนุช10 - อ่อนนุช 17,อ่อนนุช,0,3,0
อ่อนนุช - อ่อนนุช10 - อ่อนนุช 17,อ่อนนุช 10,0,3,0
อ่อนนุช - อ่อนนุช10 - อ่อนนุช 17,อ่อนนุช 17,0,3,0
อ่อนนุช 17,ซอยอ่อนนุช 10,3,0,0
อ่อนนุช 17,ซอยอ่อนนุช 17,3,0,0
อ่อนนุช 17,อ่อนนุช,3,0,0
อ่อนนุช 17 แยก 18,อ่อนนุช 17,0,0,3
อ่อนนุช 37/1,อ่อนนุช,0,0,3
อ่อนนุช 44,อ่อนนุช,0,0,3
อ่อนนุช 44,อ่อนนุช 33,0,0,3
อ่อนนุช 44,อ่อนนุช 44,0,0,3
อ่อนนุช 46,อ่อนนุช,0,0,3
อ่อนนุช 46,อ่อนนุช 46,0,0,3
อ่อนนุช 59/1,อ่อนนุช,0,0,3
อ่อนนุช 65,อ่อนนุช,0,0,3
อ่อนนุช 65,อ่อนนุช 65,0,0,3
อ่อนนุช 70 /1,ซอยอ่อนนุช 70/1,3,0,0
อ่อนนุช 70 /1,อ่อนนุช,3,0,0
อ่อนนุช 86,ซอยอ่อนนุช 86,3,0,0
อ่อนนุช 86,อ่อนนุช,3,0,0
อ่อนนุช 86(ทางเข้าโรงขยะอ่อนช),ซ.อ่อนนุช 86,3,0,0
อ่อนนุช 86(ทางเข้าโรงขยะอ่อนช),อ่อนนุช,3,0,0
เกตุนุช,ซ.ลาดพร้าว 64,3,0,0
เกตุนุช,ซอยลาดพร้าว 64,3,0,0
เกตุนุช,ลาดพร้าว,6,0,6
เกตุนุช,ลาดพร้าว 64,0,0,6
เกษตร,งามวงศ์วาน,3,3,6
เกษตร,ประเสริฐมนูกิจ,0,3,6
เกษตร,พหลโยธิน,3,3,6
เกษตร,เกษตรนวมินทร์,3,0,0
เกษมราษฎร์,ซ.อารีย์,3,0,0
เกษมราษฎร์,ซอยอารีย์,3,3,0
เกษมราษฎร์,พระรามที่ 4,6,3,12
เกษมราษฎร์,อารีย์,0,0,3
เกษมราษฎร์,เกษมราษฎร์,6,3,12
เกษะโกมล,พระรามที่ 5,6,3,6
เกษะโกมล,อำนวยสงคราม,6,3,6
เกษะโกมล,เศรษฐศิริ,6,3,6
เกียกกาย,ทหาร,3,6,6
เกียกกาย,ประชาราษฎร์สาย 1,3,6,6
เกียกกาย,สามเสน,3,6,6
เข้าออกกำนันแม้น,เอกชัย 36,0,0,2
เข้าออกกำนันแม้น,เอกชัย 36 (กำนันแม้น),0,0,1
เคหะร่มเกล่า - ซ.เคดหะร่มเกล้า 6,ซอยเคหะร่มเกล้า 6 แยก 6,3,0,0
เคหะร่มเกล่า - ซ.เคดหะร่มเกล้า 6,เคหะร่มเกล้า,3,0,0
เจริญกรุง,เจริญกรุง,0,0,6
เจริญกรุง -สุรวงศ์,สุรวงศ์,3,0,0
เจริญกรุง -สุรวงศ์,เจริญกรุง,3,0,0
เจริญกรุง 57,เจริญกรุง,3,0,0
เจริญกรุง 57,เจริญกรุง 57,3,0,0
เจริญกรุง 95,เจริญกรุง,0,0,3
เจริญนคร 28,เจริญนคร,0,0,3
เจริญนคร 28,เจริญนคร 28,0,0,3
เจริญนคร 46,เจริญนคร,0,3,0
เจริญนครเหนือ,กรุงธนบุรี,6,3,0
เจริญนครเหนือ,เจริญนคร,3,3,0
เจริญนครเหนือ,เจริญนครเหนือ,3,0,0
เจริญนครใต้,กรุงธนบุรี,6,3,3
เจริญนครใต้,เจริญนคร,6,3,3
เจริญผล,บรรทัดทอง,3,6,3
เจริญผล,พระรามที่ 1,3,6,3
เจริญพัฒนา -สุเหร่าคลองหนึ่งที่15,สุเหร่าคลองหนึ่ง,3,0,0
เจริญพัฒนา -สุเหร่าคลองหนึ่งที่15,สุเหร่าคลองหนึ่งที่15,3,0,0
เจริญพัฒนา -สุเหร่าคลองหนึ่งที่15,เจริญพัฒนา,3,0,0
เจริญรัก,เจริญนคร,0,3,3
เจริญรัก,เจริญรัก,0,3,3
เจริญราษฎร์,พระรามที่ 3,6,0,12
เจริญราษฎร์,พระรามที่3,0,3,0
เจริญราษฎร์,เจริญราษฎร์,6,3,12
เจริญใจ,เอกมัย,0,0,9
เจริญใจ,เอกมัย 12,0,0,9
เจริญใจ,เอกมัย 5,0,0,9
เจ้าคุณทหาร - คุ้มเกล้า,คุ้มเกล้า,3,3,0
เจ้าคุณทหาร - คุ้มเกล้า,ม บ คุมเกลา,3,0,0
เจ้าคุณทหาร - คุ้มเกล้า,เจ้าคุณทหาร,6,0,0
เจ้าคุณทหาร - คุ้มเกล้า,เจ้าคุณทหารลาดกระบัง,0,3,0
เจ้าคุณทหาร - ฉลองกรุง,ฉลองกรุง,3,3,6
เจ้าคุณทหาร - ฉลองกรุง,เจ้าคุณทหาร,3,3,6
เจ้าคุณหทาร - ฉลองกรุง,ฉลองกรุง,0,0,3
เจ้าคุณหทาร - ฉลองกรุง,เจ้าคุณทหาร,0,0,3
เฉลิมกรุง,ตรีทอง,0,3,0
เฉลิมกรุง,ตรีเพขร,0,0,3
เฉลิมกรุง,ตรีเพชร,3,3,6
เฉลิมกรุง,ตีทอง,0,0,9
เฉลิมกรุง,ตุทอง,3,0,0
เฉลิมกรุง,เจริญกรุง,3,3,9
เฉลิมบุรี,ทรงสวัสดิ์,0,3,3
เฉลิมบุรี,เยาวราช,0,3,3
เฉลิมพระเกรียรติ ร.9 ซ.67,เฉลิมพระเกรียรติ ร.9,0,0,3
เฉลิมพระเกรียรติ ร.9 ซ.67,เฉลิมพระเกรียรติ ร.9 ซ.67,0,0,3
เฉลิมพระเกียรติ ร.9 ซ.62 แยก 2,ฉลิมพระเกียรติ ร.9 ซ.62 แยก,3,0,0
เฉลิมพระเกียรติ ร.9 ซ.62 แยก 2,เฉลิมพระเกียรติ ร.9 ซ.62,3,0,0
เฉลิมพระเกียรติ ร.9 ซ.65,เฉลิมพระเกียรติ ร.9,3,0,0
เฉลิมพระเกียรติ ร.9 ซอย 43,เฉลิมพระเกียรติ,3,0,0
เฉลิมพระเกียรติร 9ซอย 23,เฉลิมพระเกียรติ ร.9,3,0,0
เฉลิมเผ่า,พระรามทิ่ 1,0,0,3
เฉลิมเผ่า,พระรามที่ 1,6,3,3
เฉลิมเผ่า,อังรีดูนังต์,6,3,6
เฉลิมไทย,ราชดำเนิน,0,3,0
เชิดวุฒากาศ -กำแพงเพชร 6,กำแพงเพชร 6,0,0,3
เชิดวุฒากาศ -กำแพงเพชร 6,เชิดวุฒากาศ,0,0,3
เชิดวุฒากาศ -กำแพงเพชร 6,เชิดวุฒากาศ - กำแพงเพชร 6,0,0,3
เชื่อมสัมพันธ์ - บุรีภิรมย์,บุรีภิรมย์,0,0,6
เชื่อมสัมพันธ์ - บุรีภิรมย์,เชื่อมสัมพันธ์,0,0,6
เชื่อมสัมพันธ์ - ลำไทร,ลำไทร,0,0,3
เชื่อมสัมพันธ์ - ลำไทร,เชื่อมสัมพันธ์,0,0,3
เชื่อมสัมพันธ์ - สกุลดี,สกุลดี,0,3,6
เชื่อมสัมพันธ์ - สกุลดี,เชื่อมสัมพันธ์,0,3,6
เชื่อมสัมพันธ์ - เลียบวารี,สังฆสันติสุข,0,3,0
เชื่อมสัมพันธ์ - เลียบวารี,เชื่อมสัมพันธ์,0,3,0
เชื่อมสัมพันธ์ - เลียบวารี,เลียบวารี,0,3,0
เดชะตุงคะ - นาวงประชาพัฒนา,นาวงประชาพัฒนา,0,3,0
เดชะตุงคะ - นาวงประชาพัฒนา,เดชะตุงคะ,0,3,0
เดอะมอลล์บางแค,กาญจนาภิเษก,0,0,3
เดอะมอลล์บางแค,เพชรเกษม,0,0,3
เดอะมอลล์บางแค,เพชรเกษม 47/2,0,0,3
เดโช,สีลม,3,6,3
เดโช,เดโช,3,6,3
เตาปูน,กรุงเทพ-นนทบุรี,0,3,0
เตาปูน,ซอยนำชัย,0,0,3
เตาปูน,ซอยน้ำชัย,0,6,0
เตาปูน,ประชาราษฎร์,6,3,6
เตาปูน,ประชาราษฎร์สาย 2,6,6,6
เทคนิคกรุงเทพ,นราธิวาสราชนครินทร์ 17,0,0,3
เทคนิคกรุงเทพ,นราธิวาสฯ17,0,0,3
เทคนิคกรุงเทพ,นางลิ้นจี่,0,0,6
เทคนิคกรุงเทพ,สวนพลู,0,0,6
เทคนิคกรุงเทพ,โรงถ่าน,0,0,6
เทพรักษ์ - สุขาภิบาล 5,สุขาภิบาล 5,0,0,3
เทพรักษ์ - สุขาภิบาล 5,เทพรักษ์,0,0,3
เทวกรรม,กรุงเกษม,6,3,3
เทวกรรม,นครสวรรค์,6,3,3
เทศบาลสงเคราะห์- เทศบาลรังรักษใ์ต้,เทศบาลรังรักษ์เหนือ,0,3,0
เทศบาลสงเคราะห์- เทศบาลรังรักษใ์ต้,เทศบาลสงเคราะห์,0,3,0
เทศบาลสงเคราะห์- เทศบาลรังรักษ์ใต้,เทศบาลรังรักษ์ใต้,0,3,0
เทอดดำริ,ประดิพัทธ์,3,3,6
เทอดดำริ,เทอดดำริ,3,3,6
เทอดไท 33,เทอดไท,0,0,4
เทอดไท 33,เทอดไท 33,0,0,3
เทอดไท 33 (24 เม.ย.69),เทอดไท,0,0,2
เทอดไท 33 (24 เม.ย.69),เทอดไท 33,0,0,3
เทิดราชัน - เชิดวุฒากาศ,เชิดวุฒากาศ-กำแพงเพชร 6,0,0,3
เทิดราชัน - เชิดวุฒากาศ,เทิดราชัน,0,0,3
เทียนทะเล 7,ซอยท่าข้าม 23,0,3,0
เทียนทะเล 7,เทียนทะเล 7,0,3,0
เทียมร่วมมิตร,กาญจนาภิเษก,0,0,3
เทียมร่วมมิตร,รัชดาภิเษก,6,3,3
เทียมร่วมมิตร,เดอะมอลล์บางแค,0,0,1
เทียมร่วมมิตร,เทียมร่วมมิตร,6,3,6
เทียมร่วมมิตร,เพชรเกษม 47/2,0,0,2
เทเวศร์,กรุงเกษม,3,3,6
เทเวศร์,สามเสน,3,3,6
เพชรบุรี - ชิดลม,เพชรบุรี,0,3,6
เพชรบุรี - ทองหล่อ,ซอยทองหล่อ,0,3,0
เพชรบุรี - ทองหล่อ,ทองหล่อ,0,0,6
เพชรบุรี - ทองหล่อ,เพชรบุรี,0,3,6
เพชรบุรี - พร้อมพงษ์,ซอยสุขุมวิท 39,0,3,0
เพชรบุรี - พร้อมพงษ์,สุขุมวิท 39,0,3,0
เพชรบุรี - พร้อมพงษ์,เพชรบุรี,0,6,0
เพชรบุรี 38,เพชรบุรี,0,3,0
เพชรบุรี- ชิดลม,เพชรบุรี,6,0,0
เพชรบุรี- ทองหล่อ,ทองหล่อ,3,0,0
เพชรบุรี- ทองหล่อ,เพชรบุรี,3,0,0
เพชรบุรี- พร้อมพงษ์,ซอยสุขุมวิท 39,3,0,0
เพชรบุรี- พร้อมพงษ์,เพชรบุรี,3,0,0
เพชรบุรี- เพชรอุทัย,เพชรบุรี,3,0,0
เพชรบุรี- เพชรอุทัย,เพชรอุทัย,3,0,0
เพชรพระราม,บรรทัดทอง,3,3,6
เพชรพระราม,เพชรบุรี,3,3,6
เพชรอุทัย - ทางด่วนขั้นที่ 2,ขึ้นทางด่วนขั้นที่ 2,0,0,3
เพชรอุทัย - ทางด่วนขั้นที่ 2,พระราชดำริ,0,0,3
เพชรอุทัย - ทางด่วนขั้นที่ 2,เพชรอุทัย,0,0,3
เพชรอุทัย -ทางด่วนขั้นที่2,ทางด่วนขันที 2,3,0,0
เพชรอุทัย -ทางด่วนขั้นที่2,พระราชดำริ,3,0,0
เพชรอุทัย -ทางด่วนขั้นที่2,เพชรอุทัย,3,0,0
เพชรเกษม,เพชรเกษม,0,0,3
เพชรเกษม,เลียบใต้ทางด่วน,0,0,2
เพชรเกษม,ใต้ด่วนดินแดง,0,0,1
เพชรเกษม - พุทธมณฑลสาย 1,พุทธมณฑลสาย 1,0,3,6
เพชรเกษม - พุทธมณฑลสาย 1,เพชรเกษม,0,3,6
เพชรเกษม - ราชพฤกษ์,ราชพฤกษ์,3,3,3
เพชรเกษม - ราชพฤกษ์,เพชรเกษม,3,3,3
เพชรเกษม - เพชรเกษม 4,เพชรเกษม,3,0,3
เพชรเกษม - เพชรเกษม 4,เพชรเกษม 4,0,0,3
เพชรเกษม - เพชรเกษม 86,กาญจนาภิเษก,0,0,3
เพชรเกษม - เพชรเกษม 86,ซอยเพชรเกษม 86,0,0,3
เพชรเกษม - เพชรเกษม 86,ถนนกาญจนาภิเษก,0,0,3
เพชรเกษม - เพชรเกษม 86,ถนนเพชรเกษม,0,0,3
เพชรเกษม - เพชรเกษม 86,เพชรเกษม,0,0,3
เพชรเกษม - เพชรเกษม 86,เพชรเกษม 86,0,0,3
เพชรเกษม - เลียบคลองทวีวัฒนา,เพชรเกษม,0,0,3
เพชรเกษม - เลียบคลองทวีวัฒนา,เลียบคลองทวีวัฒนา,0,0,3
เพชรเกษม -พุทธมเณฑลสาย 1,พุทธมณฑลสาย 1,3,0,0
เพชรเกษม -พุทธมเณฑลสาย 1,เพชเกษม,3,0,0
เพชรเกษม 116,เพชรเกษม,0,0,3
เพชรเกษม 116,เพชรเกษม 116,0,0,3
เพชรเกษม 116,เพชรเกษม 84/1,0,0,3
เพชรเกษม 20,ซอยเพชรเกษม 20,3,0,0
เพชรเกษม 20,เพชรเกษม,3,0,0
เพชรเกษม 45/1,เพชรเกษม,0,0,3
เพชรเกษม 45/1,เพชรเกษม 45/1,0,0,3
เพชรเกษม 69,ขอยเพชรเกษม 69,3,0,0
เพชรเกษม 69,ซอยเพชรเกษม 102/4,3,6,0
เพชรเกษม 69,ซอยเพชรเกษม 69,0,6,0
เพชรเกษม 69,เพขรเกษม,0,0,3
เพชรเกษม 69,เพชรเกษม,3,6,9
เพชรเกษม 69,เพชรเกษม 102/4,0,0,12
เพชรเกษม 69,เพชรเกษม 69,0,0,12
เพชรเกษม 69 - อินทราปัจ 13,อินทราปัจ 13,0,0,3
เพชรเกษม 69 - อินทราปัจ 13,เพชรเกษม 69,0,0,3
เพชรเกษม 69 - อินทราปัจ 13,เลียบคลองภาษีเจริญฝั่งเหนือ,0,0,3
เพชรเกษม 81,ขอยเพชรเกษม 81,3,0,0
เพชรเกษม 81,เพชรเกษม,3,3,9
เพชรเกษม 81,เพชรเกษม 81,0,3,9
เพลินจิต,วิทยุ,6,3,9
เพลินจิต,เพลินจิต,6,3,9
เพิ่มสิน,ซอยเพิ่มสิน 47,0,3,0
เพิ่มสิน,เพิ่มสิน,0,3,0
เฟื่องนคร - พระยาศรี,เฟื่องนคร,0,3,0
เฟื่องนคร - ราชบพิธ,ราชบพิธ,0,3,0
เฟื่องนคร - ราชบพิธ,เฟื่องนคร,0,3,0
เมอรี่คิงส์,ถนนจักรเพชร,0,0,3
เมอรี่คิงส์,ถนนเยาวราช,0,0,3
เมอร์รี่คิงส์,จักรเพชร,0,3,0
เมอร์รี่คิงส์,เยาวราช,0,3,0
เมืองมีน,รามอินทรา,0,3,3
เมืองมีน,สีหบุรานุกิจ,0,3,3
เมืองมีน,สุวินทวงศ์,0,3,3
เมืองมีน,เสรีไทย,0,3,3
เยาวราช - ผดุงด้าว,ผดุงด้าว,0,3,0
เยาวราช - ผดุงด้าว,เยาวราช,0,3,0
เยาวราช - มหาจักร,มหาจักร,0,3,0
เยาวราช - มหาจักร,เยาวราช,0,3,0
เยาวราช - มังกร,มังกร,0,3,0
เยาวราช - มังกร,เยาวราช,0,3,0
เยาวราช - อิสรานุภาพ,อิสรานุภาพ,0,3,0
เยาวราช - อิสรานุภาพ,เยาวราช,0,3,0
เยาวราช - แปลงนาม,เยาวราช,0,3,0
เย็นอากาศ,จันทน์,0,0,6
เย็นอากาศ,นางลิ้นจี่,0,0,6
เย็นอากาศ,เย็นอากาศ,0,0,6
เย็นอากาศ - ศรีบำเพ็ญ,ศรีบำเพ็ญ,0,0,3
เย็นอากาศ - ศรีบำเพ็ญ,เย็นอากาศ,0,0,3
เรือนจำ,มหาไชย,0,3,0
เรือนจำ,หลวง,0,3,0
เลียบคลองประปา - ซ.ย่านิ่มพัฒนา,ย่านิ่มพัฒนา,0,0,3
เลียบคลองประปา - ซ.ย่านิ่มพัฒนา,เลียบคลองประปา,0,0,3
เลียบคลองประปา - ซ.หมู่บ้านสวนพงษ์เพชร 7,หมู่บ้านสวนพงษ์เพชร 7,0,0,3
เลียบคลองประปา - ซ.หมู่บ้านสวนพงษ์เพชร 7,เลียบคลองประปา,0,0,3
เลียบคลองประปาฝั่งตะวันออก,เลียบคลองประปาฝั่งตะวันออก,0,0,3
เลียบคลองประปาฝั่งตะวันออก,แจ้งวัฒนะ,0,0,3
เลียบคลองประปาฝั่งตะวันออก - ซ.ส่วนบุคคล (หลังโลตัส),เลียบคลองประปาฝั่งตะวันออก,0,0,3
เลียบคลองภาษีเจริญฝั่งเหนือ - เพชรเกษม 81,เพชรเกษม 81,0,0,6
เลียบคลองภาษีเจริญฝั่งเหนือ - เพชรเกษม 81,เลียบคลองภาษีเจริญฝั่งเหนือ,0,0,6
เลียบคลองภาษีเจริญฝั่งเหนือ 9,เลียบคลองภาษีเจริญฝั่งเหนือ,0,0,3
เลียบคลองภาษีเจริญฝั่งใต้ - เพชรเกษม 69,สวนจำปี,0,0,3
เลียบคลองภาษีเจริญฝั่งใต้ - เพชรเกษม 69,เพชรเกษม 69,0,0,3
เลียบคลองภาษีเจริญฝั่งใต้ - เพชรเกษม 69,เลียบคลองภาษีเจริญฝั่งใต้,0,0,3
เลียบคลองภาษีเจริญฝั่งใต้ 6,เลียบคลองภาษีเจริญฝั่งใต้,0,0,3
เลียบคลองภาษีเจริญฝั่งใต้ 6,เลียบคลองภาษีเจริญฝั่งใต้ 6,0,0,3
เลียบคลองภาษีเจริญฝั่งใต้- เพชรเกษม 69,สวนจำปี,0,0,3
เลียบคลองภาษีเจริญฝั่งใต้- เพชรเกษม 69,เพชรเกษม 69,0,0,3
เลียบคลองภาษีเจริญฝั่งใต้- เพชรเกษม 69,เลียบคลองภาษีเจริญฝั่งใต้,0,0,3
เลียบด่วนกาญจนาภิเษก - ใต้ทางด่วน (จุดที่ 1),เลียบด่วนกาญจนาภิเษก,0,0,3
เลียบด่วนกาญจนาภิเษก - ใต้ทางด่วน (จุดที่ 1),ใต้ทางด่วน,0,0,3
เลียบด่วนกาญจนาภิเษก - ใต้ทางด่วน (จุดที่2),เลียบด่วนกาญจนาภิเษก,0,0,3
เลียบด่วนกาญจนาภิเษก - ใต้ทางด่วน (จุดที่2),ใต้ทางด่วน,0,0,3
เลียบทางรถไฟสายใต้ - ฉิมพลี,ฉิมพลี,0,0,3
เลียบทางรถไฟสายใต้ - ฉิมพลี,เลียบทางรถไฟสายใต้,0,0,3
เลียบทางรถไฟสายใต้ - เอราวัณ ปาร์ค อเวนิว,เลียบทางรถไฟสายใต้,0,0,3
เลียบทางรถไฟสายใต้ - เอราวัณ ปาร์ค อเวนิว,เอราวัณ ปาร์ค อเวนิว,0,0,3
เลียบทางรถไฟสายใต้ - เอราวัณ ปาร์คอเวนิว,เลียบทางรถไฟสายใต้,0,0,3
เลียบทางรถไฟสายใต้ - เอราวัณ ปาร์คอเวนิว,เอราวัณ ปาร์ค อเวนิว,0,0,3
เลียบวารี - ซ.มิตรไมตรี 23,มิตรไมตรี 23,0,0,3
เลียบวารี - ซ.มิตรไมตรี 23,เลียบวารี,0,0,3
เลียบวารี - เลียบวารี 2,เลียบวารี,0,0,3
เลียบวารี - เลียบวารี 2,เลียบวารี 2,0,0,3
เลียบวารี - เลียบวารี 8,เลียบวารี,0,0,3
เลียบวารี - เลียบวารี 8,เลียบวารี 8,0,0,3
เลียบวารี 11,เลียบวารี,0,0,3
เลียบวารี 59,เลียบวารี,0,0,3
เลียบวารี- เชื่อมสัมพันธ์,ประชาสำราญ,3,0,0
เลียบวารี- เชื่อมสัมพันธ์,สังฆสันติสุข,3,0,0
เลียบวารี- เชื่อมสัมพันธ์,เชื่อมสัมพันธ์,3,0,0
เลียบวารี- เชื่อมสัมพันธ์,เลียบวารี,3,0,0
เศรษฐกศิริ,เทอดดำริ,3,0,0
เศรษฐกศิริ,เศรษฐศิริ,3,0,0
เศรษฐศิริ,ทางขึ้นลงทางด่วน,0,3,0
เศรษฐศิริ,พระรามที่ 6,0,3,0
เศรษฐศิริ,เทอดดำริ,3,3,3
เศรษฐศิริ,เศรษฐศิริ,3,6,3
เสนาคม,พหลโยธิน,0,0,3
เสนาคม,เสนานิคม,0,0,3
เสนานิคม,ซอยเสนานิคม,6,0,0
เสนานิคม,พหลโยธิน,6,3,0
เสนานิคม,เสนานิคม,0,3,0
เสนานิคม (23 เม.ย.69),พหลโยธิน,0,0,3
เสนานิคม (23 เม.ย.69),เสนานิคม,0,0,3
เสนานิคม 1 - เสนานิคม 1 ซอย 12,เสนานิคม 1,3,0,0
เสนานิคม 1 - เสนานิคม 1 ซอย 12,เสนานิคม 1 ซอย 12,3,0,0
เสนานิคม 1 ซอย 17,เสนานิคม 1,0,0,3
เสนานิคม 1 ซอย 8,เสนานิคม 1,0,0,3
เสนานิคม 1 ซอย 8,เสนานิคม 1 ซอย 8,0,0,3
เสนานิมคม ซ.26,เสนานิคม 1,0,0,3
เสรีไทย - นวธานี,ซอยเสรีไทย 38,0,3,0
เสรีไทย - นวธานี,ทางเข้าหมู่บ้านนวธานี,0,3,0
เสรีไทย - นวธานี,เสรีไทย,0,3,0
เสาชิงช้า,ดินสอ,0,12,9
เสาชิงช้า,ตรีทอง,0,6,3
เสาชิงช้า,ตีทอง,0,6,6
เสาชิงช้า,บำรุงเมือง,0,18,9
เสาชิงช้า,ศิริพงษ์,0,6,0
เสาชิงช้า (2),บำรุงเมือง,0,3,3
เสาชิงช้า (2),ศิริพงษ์,0,3,3
เสาวณี,ศรีอยุธยา,3,3,3
เสาวณี,สวรรคโลก,3,3,3
เสือป่า,ราชวงศ์,3,3,3
เสือป่า,เจริญกรุง,3,3,3
เสือป่า,เสือป่า,3,3,6
เอกชัย - กาญจนาภิเษก,กาญจนาภิเษก,0,0,3
เอกชัย - กาญจนาภิเษก,เอกชัย,0,0,3
เอกชัย - บางขุนเทียนชายทะเล,บางขุนเทียนชายทะเล,3,0,0
เอกชัย - บางขุนเทียนชายทะเล,เอกชัย,3,0,0
เอกชัย 101,เอกชัย,0,0,3
เอกชัย 101,เอกชัย 101,0,0,3
เอกชัย 69/1,เอกชัย,0,0,3
เอกชัย 69/1,เอกชัย 69/1,0,0,3
เอกชัย 89/9,เอกชัย,0,0,3
เอกชัย 89/9,เอกชัย 89/9,0,0,3
เอกมัย 12,เอกมัย 12,0,0,3
เอกมัย 9,เอกมัย,0,0,3
เอกมัยเหนือ,เพชรบุรี,3,0,0
เอกมัยเหนือ,เอกมัย,3,0,0
เอกมัยเหนือ (A 432),เพชรบุรี,3,0,0
เอกมัยเหนือ (A 432),เอกมัย,3,0,0
เอกมัยเหนือ (B 433),เพชรบุรี,3,0,0
เอกมัยเหนือ (B 433),เอกมัย,3,0,0
เอกมัยเหนือ (ทางขึ้น),เพชรบุรี,0,0,3
เอกมัยเหนือ (ทางขึ้น),เอกมัย,0,0,3
เอกมัยเหนือ (ทางลง),เพชรบุรี,0,0,3
เอกมัยเหนือ (ทางลง),เอกมัย,0,0,3
เอกมัยใต้,ซอยสุขุมวิท 63,3,3,0
เอกมัยใต้,ทางเขช้าออ กขนส่งเอกมัย,3,0,0
เอกมัยใต้,ทางเข้าขนส่งเอกมัย,0,3,3
เอกมัยใต้,ทางเข้าออกขนส่งเอกมัย,0,0,3
เอกมัยใต้,สุขุมวิท,3,3,6
เอกมัยใต้,สุขุมวิท 63,0,0,3
เอกมัยใต้,เอกมัย,0,0,3
เอส เอ บี,วรจักร,3,3,6
เอส เอ บี,เจริญกรุง,3,3,6
เอส.เอ.บี,วรจักร,0,0,3
เอส.เอ.บี,เจริญกรุง,0,0,3
แจ้งวัฒนะ,เมืองทอง,0,0,3
แจ้งวัฒนะ,แจ้งวัฒนะ,0,0,3
แจ้งวัฒนะ - เลียบคลองประปาฝั่งตะวันออก,เลียบคลองประปาฝั่งตะวันออก,0,0,3
แจ้งวัฒนะ - เลียบคลองประปาฝั่งตะวันออก,แจ้งวัฒนะ,0,0,3
แจ้งวัฒนะ – น่านเจ้า – แสนหวี,ซอยน่านเจ้า,0,0,3
แจ้งวัฒนะ – น่านเจ้า – แสนหวี,ซอยแจ้งวัฒนะ,0,0,3
แจ้งวัฒนะ – น่านเจ้า – แสนหวี,ซอยแสนหวี,0,0,3
แบริ่ง,ซอยสุขุมวิท 107,3,0,0
แบริ่ง,พหลโยธิน,0,0,1
แบริ่ง,สุขุมวิท,3,3,3
แบริ่ง,สุขุมวิท 107,0,3,0
แบริ่ง,สุขุมวิท 107 (แบริ่ง),0,0,3
แบริ่ง - ถนนตัดใหม่ลาซาล- แบริ่ง,ตัดใหม่ลาซาล - แบริ่ง,3,0,0
แบริ่ง - ถนนตัดใหม่ลาซาล- แบริ่ง,สุขุมวิท107(แบริ่ง),3,0,0
แปลงนาม,พลับพลาไชย,6,3,6
แปลงนาม,เจริญกรุง,6,3,6
แปลงนาม,แปลงนาม,6,3,9
แฟลตการท่า,กำแพงเพชร 6,0,0,3
แฟลตการท่า,เชิดวุฒากาศ,0,0,3
แม้นศรี,จักพรรดิพงษ์,3,0,0
แม้นศรี,จักรพรรดิพงษ์,0,3,0
แม้นศรี,บำรุงเมือง,3,3,0
แม้นศรี,วรจักร,3,3,0
แสมดำ- ซอยแสมดำ 24,ซอยแสมดำ 24,3,0,0
แสมดำ- ซอยแสมดำ 24,แสมดำ,3,0,0
แฮปปี้แลนด์,ทางออกเดอะมอลล์,0,0,6
แฮปปี้แลนด์,ลาดพร้าว,0,0,6
แฮปปี้แลนด์,แฮปปี้แลนด์,0,0,6
แฮปปี้แลนด์สาย 2 - ลาดพร้าว,ลาดพร้าว,0,0,3
แฮปปี้แลนด์สาย 2 - ลาดพร้าว,แฮปปี้แลนด์ สาย 2,0,0,3
โชคชัย 4,ชอยลาดพร้าว35(โชคชัย 4),3,0,0
โชคชัย 4,ซอยลาดพร้าว56,3,0,0
โชคชัย 4,ลาดพร้าว,3,0,3
โชคชัย 4,ลาดพร้าว 53/1,0,0,3
โชคชัย 4,ลาดพร้าว 58,0,0,3
โชคชัย 4 ซอย 54,โชคชยั 4,0,3,0
โชคชัย 4 ซอย 54,โชคชัย 4 ซ. 51,0,1,0
โชคชัย 4 ซอย 54,โชคชัย 4 ซ. 52,0,1,0
โชคชัย 4 ซอย 54,โชคชัย 4 ซ. 53,0,1,0
โชคชัย 4 ซอย 54,โชคชัย 4 ซอย 54,0,3,0
โพธิสามต้น,วังเดิม,3,0,0
โพธิสามต้น,อิสรภาพ,3,0,0
โพธิ์สามต้น,วังเดิม,3,6,6
โพธิ์สามต้น,อิสรภาพ,3,6,6
โพธิ์แก้ว,ทางเข้าวัดบางเตย,6,3,6
โพธิ์แก้ว,นวมินทร์,6,3,6
โพธิ์แก้ว,โพธิ์แก้ว,6,3,6
โรงกรองน้ำ,นครไชยศรี,0,6,3
โรงกรองน้ำ,พระรามที่ 6,0,3,3
โรงกรองน้ำ,พระรามที่6,0,3,0
โรงกรองน้้า,นครไชยศรี,6,0,0
โรงกรองน้้า,พระรามที่ 6,6,0,0
โรงผลิตน้ำสามเสน,พระรามที่ 6,0,3,0
โรงพยาบาลกลาง,ยุคคล 2,0,3,0
โรงพยาบาลกลาง,ยุคล 2,6,0,3
โรงพยาบาลกลาง,หลวง,6,3,3
โรงพยาบาลกลาง,เสือป่า,6,3,3
โรงพยาบาลทหารเรือ,ซ.สมเด็จพระเจ้าตากสิน 23,3,0,0
โรงพยาบาลทหารเรือ,ทางเข้ารพ.ทหารเรือ - ซ.สมเด็จพระเจ้าตากสิน 22,3,0,0
โรงพยาบาลทหารเรือ,สมเด็จพระเจ้าตากสิน,3,0,0
โรงพยาบาลบางรัก,ซอยสาทร 10,3,0,0
โรงพยาบาลบางรัก,ซอยสาทร 9,3,0,0
โรงพยาบาลบางรัก,สาทร,3,0,0
โรงพยาบาลสิรินธร,สุขาภิบาล 2,3,0,3
โรงพยาบาลสิรินธร,อ่อนนุช,3,0,3
โรงพยาบาลเวชการุณรัศม์,ทางเช้า - ออก รพ.เวชการุณศม์,0,0,3
โรงพยาบาลเวชการุณรัศม์,เลียบวารี,0,0,3
โรงเรียนนานาชาติแองโกลสิงคโปร์,สุขุมวิท 64,0,0,3
โรงเรียนหอวัง,พหลโยธิน,0,3,0
ใกล้คลองทวีวัฒนา,อุทยาน,6,0,0
ใกล้คลองบางจาก,พุทธมณฑลสาย 2,5,0,0
ใกล้คลองบางชัน,รามคำแหง,3,0,0
ใกล้คลองบางปะแก้ว,ราษฎร์บูรณะ,3,0,0
ใกล้คลองบางระมาด,พุทธมณฑลสาย 2,5,0,0
ใกล้คลองบ้านม้า,รามคำแหง 7,3,0,0
ใกล้คลองลาดพร้าว,ประดิษฐ์มนูธรรม,6,0,0
ใกล้จุดตัด ถ.บางขุนเทียนชายทะเล - สะแกงาม,สะแกงาม,3,0,0
ใกล้จุดเชื่อมต่อทางจักรยานคลองไผ่สิงโต,ดวงพิทักษ์,3,0,0
ใกล้ซ.อิสรภาพ 30,อิสรภาพ,0,0,3
ใกล้ซอยจันทน์ 35,จันทน์,0,3,0
ใกล้ซอยจันทน์ 55,จันทน์,0,3,0
ใกล้ซอยบุญอยู่,ดินแดง,0,3,0
ใกล้ซอยพระเทพรัตนโมลี 20,หลวงแพ่ง,0,0,3
ใกล้ซอยรัชดาภิเษก 22,รัชดาภิเษก,0,3,0
ใกล้ซอยร่มเกล้า 6,ร่มเกล้า,3,0,0
ใกล้ซอยศรีอยุธยา 5,ศรีอยุธยา,0,3,0
ใกล้ซอยเพชรบุรี 27,เพชรบุรี,0,3,0
ใกล้ซอยเลียบคลองสอง 5,เลียบคลองสอง,0,0,3
ใกล้ซอยโยธินพัฒนา,ประดิษฐ์มนูธรรม,6,0,0
ใกล้ตลาดนัดจตุจักร,พหลโยธิน,0,3,0
ใกล้ประดิษฐ์มนูธรรม - รามอินทรา,ประดิษฐ์มนูธรรม,3,0,0
ใกล้ปากซอยบางกระดี่25,บางกระดี่,3,0,0
ใกล้ปากซอยลาดพร้าว 101,ลาดพร้าว,3,0,0
ใกล้ปากซอยลาดพร้าว 5,ลาดพร้าว,3,0,0
ใกล้ปากซอยสรงประภา 26,สรงประภา,3,0,0
ใกล้ปากทางถนนเทพรักษ์- พหลโยธิน,เทพารักษ์,3,0,0
ใกล้พุทธมณฑลสาย 3 - บรมราชชนนี,พุทธมณฑลสาย 3,3,0,0
ใกล้วัดดิสหงษาราม,เพชรบุรี,0,6,0
ใกล้วัดนางนอง,วุฒากาศ,0,0,3
ใกล้วัดโพธิ์,ท้ายวง,3,0,0
ใกล้วัดโพธิ์,ท้ายวัง,3,0,0
ใกล้สถานี BTS วงเวียนใหญ่,กรุงธนบุรี,3,0,0
ใกล้สถานีรถไฟฟ้า BTS สุรศักดิ์,สาทร,3,0,0
ใกล้สถานีรถไฟฟ้าทองหล่อ,สุขุมวิท,3,0,0
ใกล้สถานีรถไฟฟ้าพระโขนง,สุขุมวิท,3,0,0
ใกล้สถานีรถไฟฟ้าพร้อมพงษ์,สุขุมวิท,3,0,0
ใกล้สถานีรถไฟฟ้าราชดำริ,ราชดำริ,9,0,0
ใกล้สถานีรถไฟฟ้าอ่อนนุช,สุขุมวิท,3,0,0
ใกล้สถานีไฟฟ้าเอกมัย,สุขุมวิท,3,0,0
ใกล้สะพานข้ามคลองบางจาก,พุทธมณฑลสาย 1,3,0,0
ใกล้สาทร - เจริญกรุง,เจริญกรุง,0,3,0
ใกล้หมู่บ้านพฤกษ์ ภิรมณ์,แบริ่งลาซาล,0,0,3
ใกล้เดอะมอลล์บางแค,เพชรเกษม,3,0,0
ใกล้เเยกอุทยาน พุทธมณฑลสาย 4,อุทยาน,3,0,0
ใกล้แยกกรุงเทพกรีฑา,รามคำแหง 24,3,0,0
ใกล้แยกขุนเทียนบางทะเล - พระราม 2,บางขุนเทียนชายทะเล,3,0,0
ใกล้แยกคลองกลางทุ่ง,บางขุนเทียนชายทะเล,3,0,0
ใกล้แยกด่วนเพลินจิต,ดวงพิทักษ์,3,0,0
ใกล้แยกทศกัณฐ์,พุทธมณฑลสาย 2,6,0,0
ใกล้แยกท่าพระ,เพชรเกษม,6,0,0
ใกล้แยกนราธิวาส -สุรวงศ์,นราธิวาสราชนครินทร์,3,0,0
ใกล้แยกบรมราชชนนี,จรัญสนิทวงศ์,6,0,0
ใกล้แยกบางแค,เพชรเกษม,2,0,0
ใกล้แยกบางแค,เพชรเกาษม,1,0,0
ใกล้แยกประดิษฐ์มนูธรรม -รามอินทรา,ประดิษฐ์มนูธรรม,3,0,0
ใกล้แยกพัฒนาการ,ศรีนครินทร์,3,0,0
ใกล้แยกรัชดา - นราธิวาส,นราธิวาสราชนครินทร์,3,0,0
ใกล้แยกรัชโยธิน,พหลโยธิน,6,0,0
ใกล้แยกราชดำริ,ราชดำริ,9,0,0
ใกล้แยกรามคำแหง - ร่มเกล้า,รามคำแหง,3,0,0
ใกล้แยกวิทยุ,สาทร,6,0,0
ใกล้แยกศิริราช,อรุณอัมรินทร์,6,0,0
ใกล้แยกสาทร - นราธิวาส,สาทร,6,0,0
ใกล้แยกอุดมสุข,ศรีนครินทร์,3,0,0
ใกล้แยกอุทยาน - พุทธมณฑลสาย 3,ยุทยาน,3,0,0
ใกล้แยกอุทยาน - พุทธมณฑลสาย 3,อุทยาน,3,0,0
"ใกล้แยกอุทยาน - พุทธมณฑลสาย,.4",อุทยาน,3,0,0
ใกล้แยกเพชรเกษม - พุทธมณฑลสาย 2,เพชรเกษม,3,0,0
ใกล้แยกเพชรเกษม - พุทธมณฑลสาย 3,เพชรเกษม,3,0,0
ใกล้แยกเพชรเกษม - พุทธมณสาย 3,เพชรเกษม,3,0,0
ใกล้แยกเพชรเกษม 69,เพชรเกษม,3,0,0
ใกล้แยกเพชรเกษม-พุทธมณสาย2,เพชรเกษม,3,0,0
ใกล้แยกไฟฉาย,จรัญสนิทวงศ์,6,0,0
ใกล้โรงเรียนสามเสนวิทยาลัย,พระรามที่ 6,0,3,0
ใต้ด่วนดินแดง,ดินแดง,0,0,6
ใต้ด่วนดินแดง,ดินแดงตัดใหม่,0,0,6
ใต้ด่วนดินแดง,วิภาวดีรังสิต,3,0,6
ใต้ด่วนดินแดง,อโศกดินแดง,3,0,3
ใต้ด่วนดินแดง,เลียบไต้ทางด่วน,3,0,0
ใต้ด่วนพระราม 4,ทางด่วน,3,3,3
ใต้ด่วนพระราม 4,ทางพิเศษเฉลิมมหานคร,0,0,6
ใต้ด่วนพระราม 4,พระรามที่ 4,3,3,7
ใต้ด่วนพระราม 4,เชื้อเพลิง,3,3,9
ใต้ด่วนพระราม4,ทางด่วน,3,0,0
ใต้ด่วนพระราม4,พระรามที่ 4,3,0,0
ใต้ด่วนพระราม4,เชื้อเพลง,2,0,0
ใต้ด่วนพระราม4,เชื้อเพลิง,1,0,0
ใต้ด่วนสุรวงศ์,ถนนสุรวงศ์,0,0,3
ใต้ด่วนสุรวงศ์,เลียบใต้ทางด่วนศรีรัช,0,0,3
ใต้ทางด่วนฉลองรัช,ด่วนฉลองรัช,0,3,0
ใต้ทางด่วนฉลองรัช,พัฒนาการ,0,3,0
ใต้ทางด่วนศรีรัช (ใกล้ซอยประชาชื่น 30),ประชาชื่น,0,0,3
ใต้สะพานพระราม 8,อรุณอัมรินทร์,3,0,0
ใต้สะพานพระราม 8,อรุณอัมรินทร์ตัดใหม่,3,0,0
ใต้สะพานพระราม9,ราษฎร์บูรณะ,3,0,0
ใต้สะพานภูมิพล,พระรามที่ 3,0,0,3
ใต้สะพานภูมิพล,วงแหวนอุตสาหกรรม,0,0,3
ใต้สะพานสมเด็จพระเจ้าตากสินมหาราช,เจริญนคร,6,0,0
ไต้ด่วนดินแดง,วิภาวดีรังสิต,3,0,0
ไต้ด่วนดินแดง,อโศกดินแดง,3,0,0
ไต้ด่วนดินแดง,เลียบใต้ทางด่วน,3,0,0
ไทยรามัญ,ไทยรามัญ (NB-SB),0,3,0
ไทยรามัญ,ไทยรามัญ (WB),0,3,0
ไทยรามัญ - หทัยราษฎร์,หทัยราษฎร์,0,0,3
ไทยรามัญ - หทัยราษฎร์,ไทยรามัญ,0,0,3
ไฟฉาย,จรัญสนิทวงศ์,3,6,9
ไฟฉาย,พรานนก,3,6,9
ไฟฉาย,พรานนก - กาญจนาภิเษก,0,6,3
ไฟฉาย,พรานนกกาญจนาภิเษก,0,0,6
ไมตรีจิต,กรุงเกษม,0,0,3
ไมตรีจิต,ตรีมิตร,0,0,3
ไมตรีจิต,พระรามที่ 4,0,0,3
ไมตรีจิต,ไมตรีจิต,0,0,3
