source_excel_row,covid_period,intersection,road,report_year,report_month,report_day,survey_date_parsed,time_key,has_assumed_zero
23,ก่อนโควิด,วัดสน,สุขสวัสดิ์,2017,3,6,2017-03-06,07:00-09:00,False
24,ก่อนโควิด,วัดสน,สุขสวัสดิ์,2017,3,6,2017-03-06,09:00-16:00,False
25,ก่อนโควิด,วัดสน,สุขสวัสดิ์,2017,3,6,2017-03-06,16:00-19:00,False
26,ก่อนโควิด,ใต้ด่วนพระราม 4,เชื้อเพลิง,2017,3,7,2017-03-07,07:00-09:00,False
27,ก่อนโควิด,ใต้ด่วนพระราม 4,เชื้อเพลิง,2017,3,7,2017-03-07,09:00-16:00,False
28,ก่อนโควิด,ใต้ด่วนพระราม 4,เชื้อเพลิง,2017,3,7,2017-03-07,16:00-19:00,False
29,ก่อนโควิด,ใต้ด่วนพระราม 4,ทางด่วน,2017,3,7,2017-03-07,07:00-09:00,False
30,ก่อนโควิด,ใต้ด่วนพระราม 4,ทางด่วน,2017,3,7,2017-03-07,09:00-16:00,False
31,ก่อนโควิด,ใต้ด่วนพระราม 4,ทางด่วน,2017,3,7,2017-03-07,16:00-19:00,False
32,ก่อนโควิด,ใต้ด่วนพระราม 4,พระรามที่ 4,2017,3,7,2017-03-07,07:00-09:00,False
33,ก่อนโควิด,ใต้ด่วนพระราม 4,พระรามที่ 4,2017,3,7,2017-03-07,09:00-16:00,False
34,ก่อนโควิด,ใต้ด่วนพระราม 4,พระรามที่ 4,2017,3,7,2017-03-07,16:00-19:00,False
47,ก่อนโควิด,สะพานเหลือง,พระรามที่ 4,2017,3,9,2017-03-09,07:00-09:00,False
48,ก่อนโควิด,สะพานเหลือง,พระรามที่ 4,2017,3,9,2017-03-09,09:00-16:00,False
49,ก่อนโควิด,สะพานเหลือง,พระรามที่ 4,2017,3,9,2017-03-09,16:00-19:00,False
53,ก่อนโควิด,สะพานเหลือง,บรรทัดทอง,2017,3,9,2017-03-09,07:00-09:00,False
54,ก่อนโควิด,สะพานเหลือง,บรรทัดทอง,2017,3,9,2017-03-09,09:00-16:00,False
55,ก่อนโควิด,สะพานเหลือง,บรรทัดทอง,2017,3,9,2017-03-09,16:00-19:00,False
62,ก่อนโควิด,บางขุนนนท์,จรัญสนิทวงศ์,2017,3,13,2017-03-13,07:00-09:00,False
63,ก่อนโควิด,บางขุนนนท์,จรัญสนิทวงศ์,2017,3,13,2017-03-13,09:00-16:00,False
64,ก่อนโควิด,บางขุนนนท์,จรัญสนิทวงศ์,2017,3,13,2017-03-13,16:00-19:00,False
65,ก่อนโควิด,บางขุนนนท์,บางกอกน้อยตลิ่งชัน,2017,3,13,2017-03-13,07:00-09:00,False
66,ก่อนโควิด,บางขุนนนท์,บางกอกน้อยตลิ่งชัน,2017,3,13,2017-03-13,09:00-16:00,False
67,ก่อนโควิด,บางขุนนนท์,บางกอกน้อยตลิ่งชัน,2017,3,13,2017-03-13,16:00-19:00,False
86,ก่อนโควิด,เกษมราษฎร์,เกษมราษฎร์,2017,3,16,2017-03-16,07:00-09:00,False
87,ก่อนโควิด,เกษมราษฎร์,เกษมราษฎร์,2017,3,16,2017-03-16,09:00-16:00,False
88,ก่อนโควิด,เกษมราษฎร์,เกษมราษฎร์,2017,3,16,2017-03-16,16:00-19:00,False
92,ก่อนโควิด,เกษมราษฎร์,พระรามที่ 4,2017,3,16,2017-03-16,07:00-09:00,False
93,ก่อนโควิด,เกษมราษฎร์,พระรามที่ 4,2017,3,16,2017-03-16,09:00-16:00,False
94,ก่อนโควิด,เกษมราษฎร์,พระรามที่ 4,2017,3,16,2017-03-16,16:00-19:00,False
95,ก่อนโควิด,หัวลำโพง,มหาพฤฒาราม,2017,3,17,2017-03-17,07:00-09:00,False
96,ก่อนโควิด,หัวลำโพง,มหาพฤฒาราม,2017,3,17,2017-03-17,09:00-16:00,False
97,ก่อนโควิด,หัวลำโพง,มหาพฤฒาราม,2017,3,17,2017-03-17,16:00-19:00,False
98,ก่อนโควิด,หัวลำโพง,พระรามที่ 4,2017,3,17,2017-03-17,07:00-09:00,False
99,ก่อนโควิด,หัวลำโพง,พระรามที่ 4,2017,3,17,2017-03-17,09:00-16:00,False
100,ก่อนโควิด,หัวลำโพง,พระรามที่ 4,2017,3,17,2017-03-17,16:00-19:00,False
101,ก่อนโควิด,อุณากรรณ,อุณากรรณ,2017,3,20,2017-03-20,07:00-09:00,False
102,ก่อนโควิด,อุณากรรณ,อุณากรรณ,2017,3,20,2017-03-20,09:00-16:00,False
103,ก่อนโควิด,อุณากรรณ,อุณากรรณ,2017,3,20,2017-03-20,16:00-19:00,False
104,ก่อนโควิด,อุณากรรณ,เจริญกรุง,2017,3,20,2017-03-20,07:00-09:00,False
105,ก่อนโควิด,อุณากรรณ,เจริญกรุง,2017,3,20,2017-03-20,09:00-16:00,False
106,ก่อนโควิด,อุณากรรณ,เจริญกรุง,2017,3,20,2017-03-20,16:00-19:00,False
113,ก่อนโควิด,บุคคโล,เจริญนคร,2017,3,22,2017-03-22,07:00-09:00,False
114,ก่อนโควิด,บุคคโล,เจริญนคร,2017,3,22,2017-03-22,09:00-16:00,False
115,ก่อนโควิด,บุคคโล,เจริญนคร,2017,3,22,2017-03-22,16:00-19:00,False
116,ก่อนโควิด,บุคคโล,มไหสวรรย์,2017,3,22,2017-03-22,07:00-09:00,False
117,ก่อนโควิด,บุคคโล,มไหสวรรย์,2017,3,22,2017-03-22,09:00-16:00,False
118,ก่อนโควิด,บุคคโล,มไหสวรรย์,2017,3,22,2017-03-22,16:00-19:00,False
134,ก่อนโควิด,สุทธิสาร,รัชดาภิเษก,2017,3,28,2017-03-28,07:00-09:00,False
135,ก่อนโควิด,สุทธิสาร,รัชดาภิเษก,2017,3,28,2017-03-28,09:00-16:00,False
136,ก่อนโควิด,สุทธิสาร,รัชดาภิเษก,2017,3,28,2017-03-28,16:00-19:00,False
137,ก่อนโควิด,สุทธิสาร,สุทธิสารวินิจฉัย,2017,3,28,2017-03-28,07:00-09:00,False
138,ก่อนโควิด,สุทธิสาร,สุทธิสารวินิจฉัย,2017,3,28,2017-03-28,09:00-16:00,False
139,ก่อนโควิด,สุทธิสาร,สุทธิสารวินิจฉัย,2017,3,28,2017-03-28,16:00-19:00,False
146,ก่อนโควิด,ประชานิเวศน์,ประชาชื่น,2017,3,30,2017-03-30,07:00-09:00,False
147,ก่อนโควิด,ประชานิเวศน์,ประชาชื่น,2017,3,30,2017-03-30,09:00-16:00,False
148,ก่อนโควิด,ประชานิเวศน์,ประชาชื่น,2017,3,30,2017-03-30,16:00-19:00,False
149,ก่อนโควิด,ประชานิเวศน์,เทศบาลสงเคราะห์,2017,3,30,2017-03-30,07:00-09:00,False
150,ก่อนโควิด,ประชานิเวศน์,เทศบาลสงเคราะห์,2017,3,30,2017-03-30,09:00-16:00,False
151,ก่อนโควิด,ประชานิเวศน์,เทศบาลสงเคราะห์,2017,3,30,2017-03-30,16:00-19:00,False
164,ก่อนโควิด,ถนนตก,เจริญกรุง,2017,4,3,2017-04-03,07:00-09:00,False
165,ก่อนโควิด,ถนนตก,เจริญกรุง,2017,4,3,2017-04-03,09:00-16:00,False
166,ก่อนโควิด,ถนนตก,เจริญกรุง,2017,4,3,2017-04-03,16:00-19:00,False
167,ก่อนโควิด,ถนนตก,พระรามที่ 3,2017,4,3,2017-04-03,07:00-09:00,False
168,ก่อนโควิด,ถนนตก,พระรามที่ 3,2017,4,3,2017-04-03,09:00-16:00,False
169,ก่อนโควิด,ถนนตก,พระรามที่ 3,2017,4,3,2017-04-03,16:00-19:00,False
203,ก่อนโควิด,สวนรื่นฤดี,สุโขทัย,2017,4,18,2017-04-18,07:00-09:00,False
204,ก่อนโควิด,สวนรื่นฤดี,สุโขทัย,2017,4,18,2017-04-18,09:00-16:00,False
205,ก่อนโควิด,สวนรื่นฤดี,สุโขทัย,2017,4,18,2017-04-18,16:00-19:00,False
215,ก่อนโควิด,พัฒนาการ,ศรีนครินทร์,2017,4,20,2017-04-20,07:00-09:00,False
216,ก่อนโควิด,พัฒนาการ,ศรีนครินทร์,2017,4,20,2017-04-20,09:00-16:00,False
217,ก่อนโควิด,พัฒนาการ,ศรีนครินทร์,2017,4,20,2017-04-20,16:00-19:00,False
218,ก่อนโควิด,พัฒนาการ,พัฒนาการ,2017,4,20,2017-04-20,07:00-09:00,False
219,ก่อนโควิด,พัฒนาการ,พัฒนาการ,2017,4,20,2017-04-20,09:00-16:00,False
220,ก่อนโควิด,พัฒนาการ,พัฒนาการ,2017,4,20,2017-04-20,16:00-19:00,False
221,ก่อนโควิด,วัดประชา,พระรามที่ 5,2017,4,21,2017-04-21,07:00-09:00,False
222,ก่อนโควิด,วัดประชา,พระรามที่ 5,2017,4,21,2017-04-21,09:00-16:00,False
223,ก่อนโควิด,วัดประชา,พระรามที่ 5,2017,4,21,2017-04-21,16:00-19:00,False
230,ก่อนโควิด,คลองตัน,สุขุมวิท 71,2017,4,24,2017-04-24,07:00-09:00,False
231,ก่อนโควิด,คลองตัน,สุขุมวิท 71,2017,4,24,2017-04-24,09:00-16:00,False
232,ก่อนโควิด,คลองตัน,สุขุมวิท 71,2017,4,24,2017-04-24,16:00-19:00,False
233,ก่อนโควิด,คลองตัน,รามคำแหง,2017,4,24,2017-04-24,07:00-09:00,False
234,ก่อนโควิด,คลองตัน,รามคำแหง,2017,4,24,2017-04-24,09:00-16:00,False
235,ก่อนโควิด,คลองตัน,รามคำแหง,2017,4,24,2017-04-24,16:00-19:00,False
236,ก่อนโควิด,คลองตัน,เพชรบุรี,2017,4,24,2017-04-24,07:00-09:00,False
237,ก่อนโควิด,คลองตัน,เพชรบุรี,2017,4,24,2017-04-24,09:00-16:00,False
238,ก่อนโควิด,คลองตัน,เพชรบุรี,2017,4,24,2017-04-24,16:00-19:00,False
239,ก่อนโควิด,คลองตัน,พัฒนาการ,2017,4,24,2017-04-24,07:00-09:00,False
240,ก่อนโควิด,คลองตัน,พัฒนาการ,2017,4,24,2017-04-24,09:00-16:00,False
241,ก่อนโควิด,คลองตัน,พัฒนาการ,2017,4,24,2017-04-24,16:00-19:00,False
260,ก่อนโควิด,ราชดำริ,ราชดำริ,2017,4,27,2017-04-27,07:00-09:00,False
261,ก่อนโควิด,ราชดำริ,ราชดำริ,2017,4,27,2017-04-27,09:00-16:00,False
262,ก่อนโควิด,ราชดำริ,ราชดำริ,2017,4,27,2017-04-27,16:00-19:00,False
263,ก่อนโควิด,ราชดำริ,สารสิน,2017,4,27,2017-04-27,07:00-09:00,False
264,ก่อนโควิด,ราชดำริ,สารสิน,2017,4,27,2017-04-27,09:00-16:00,False
265,ก่อนโควิด,ราชดำริ,สารสิน,2017,4,27,2017-04-27,16:00-19:00,False
275,ก่อนโควิด,ดาวคะนอง,สมเด็จพระเจ้าตากสิน,2017,5,1,2017-05-01,07:00-09:00,False
276,ก่อนโควิด,ดาวคะนอง,สมเด็จพระเจ้าตากสิน,2017,5,1,2017-05-01,09:00-16:00,False
277,ก่อนโควิด,ดาวคะนอง,สมเด็จพระเจ้าตากสิน,2017,5,1,2017-05-01,16:00-19:00,False
278,ก่อนโควิด,ดาวคะนอง,จอมทอง,2017,5,1,2017-05-01,07:00-09:00,False
279,ก่อนโควิด,ดาวคะนอง,จอมทอง,2017,5,1,2017-05-01,09:00-16:00,False
280,ก่อนโควิด,ดาวคะนอง,จอมทอง,2017,5,1,2017-05-01,16:00-19:00,False
317,ก่อนโควิด,เจริญราษฎร์,เจริญราษฎร์,2017,5,8,2017-05-08,07:00-09:00,False
318,ก่อนโควิด,เจริญราษฎร์,เจริญราษฎร์,2017,5,8,2017-05-08,09:00-16:00,False
319,ก่อนโควิด,เจริญราษฎร์,เจริญราษฎร์,2017,5,8,2017-05-08,16:00-19:00,False
323,ก่อนโควิด,คลองสาน,เจริญนคร,2017,5,9,2017-05-09,07:00-09:00,False
324,ก่อนโควิด,คลองสาน,เจริญนคร,2017,5,9,2017-05-09,09:00-16:00,False
325,ก่อนโควิด,คลองสาน,เจริญนคร,2017,5,9,2017-05-09,16:00-19:00,False
326,ก่อนโควิด,คลองสาน,สมเด็จเจ้าพระยา,2017,5,9,2017-05-09,07:00-09:00,False
327,ก่อนโควิด,คลองสาน,สมเด็จเจ้าพระยา,2017,5,9,2017-05-09,09:00-16:00,False
328,ก่อนโควิด,คลองสาน,สมเด็จเจ้าพระยา,2017,5,9,2017-05-09,16:00-19:00,False
329,ก่อนโควิด,คลองสาน,ลาดหญ้า,2017,5,9,2017-05-09,07:00-09:00,False
330,ก่อนโควิด,คลองสาน,ลาดหญ้า,2017,5,9,2017-05-09,09:00-16:00,False
331,ก่อนโควิด,คลองสาน,ลาดหญ้า,2017,5,9,2017-05-09,16:00-19:00,False
332,ก่อนโควิด,สีลม - นราธิวาส,นราธิวาสราชนครินทร์,2017,5,11,2017-05-11,07:00-09:00,False
333,ก่อนโควิด,สีลม - นราธิวาส,นราธิวาสราชนครินทร์,2017,5,11,2017-05-11,09:00-16:00,False
334,ก่อนโควิด,สีลม - นราธิวาส,นราธิวาสราชนครินทร์,2017,5,11,2017-05-11,16:00-19:00,False
335,ก่อนโควิด,สีลม - นราธิวาส,สีลม,2017,5,11,2017-05-11,07:00-09:00,False
336,ก่อนโควิด,สีลม - นราธิวาส,สีลม,2017,5,11,2017-05-11,09:00-16:00,False
337,ก่อนโควิด,สีลม - นราธิวาส,สีลม,2017,5,11,2017-05-11,16:00-19:00,False
380,ก่อนโควิด,สุโขทัย,สุโขทัย,2017,5,19,2017-05-19,07:00-09:00,False
381,ก่อนโควิด,สุโขทัย,สุโขทัย,2017,5,19,2017-05-19,09:00-16:00,False
382,ก่อนโควิด,สุโขทัย,สุโขทัย,2017,5,19,2017-05-19,16:00-19:00,False
383,ก่อนโควิด,เทียมร่วมมิตร,รัชดาภิเษก,2017,5,22,2017-05-22,07:00-09:00,False
384,ก่อนโควิด,เทียมร่วมมิตร,รัชดาภิเษก,2017,5,22,2017-05-22,09:00-16:00,False
385,ก่อนโควิด,เทียมร่วมมิตร,รัชดาภิเษก,2017,5,22,2017-05-22,16:00-19:00,False
386,ก่อนโควิด,เทียมร่วมมิตร,เทียมร่วมมิตร,2017,5,22,2017-05-22,07:00-09:00,False
387,ก่อนโควิด,เทียมร่วมมิตร,เทียมร่วมมิตร,2017,5,22,2017-05-22,09:00-16:00,False
388,ก่อนโควิด,เทียมร่วมมิตร,เทียมร่วมมิตร,2017,5,22,2017-05-22,16:00-19:00,False
404,ก่อนโควิด,บางยี่เรือ,เทอดไท,2017,5,25,2017-05-25,07:00-09:00,False
405,ก่อนโควิด,บางยี่เรือ,เทอดไท,2017,5,25,2017-05-25,09:00-16:00,False
406,ก่อนโควิด,บางยี่เรือ,เทอดไท,2017,5,25,2017-05-25,16:00-19:00,False
407,ก่อนโควิด,บางยี่เรือ,เพชรเกษม,2017,5,25,2017-05-25,07:00-09:00,False
408,ก่อนโควิด,บางยี่เรือ,เพชรเกษม,2017,5,25,2017-05-25,09:00-16:00,False
409,ก่อนโควิด,บางยี่เรือ,เพชรเกษม,2017,5,25,2017-05-25,16:00-19:00,False
410,ก่อนโควิด,บางยี่เรือ,อินทรพิทักษ์,2017,5,25,2017-05-25,07:00-09:00,False
411,ก่อนโควิด,บางยี่เรือ,อินทรพิทักษ์,2017,5,25,2017-05-25,09:00-16:00,False
412,ก่อนโควิด,บางยี่เรือ,อินทรพิทักษ์,2017,5,25,2017-05-25,16:00-19:00,False
413,ก่อนโควิด,สามเหลี่ยมดินแดง,ราชปรารภ,2017,5,26,2017-05-26,07:00-09:00,False
414,ก่อนโควิด,สามเหลี่ยมดินแดง,ราชปรารภ,2017,5,26,2017-05-26,09:00-16:00,False
415,ก่อนโควิด,สามเหลี่ยมดินแดง,ราชปรารภ,2017,5,26,2017-05-26,16:00-19:00,False
419,ก่อนโควิด,สามเหลี่ยมดินแดง,ราชวิถี,2017,5,26,2017-05-26,07:00-09:00,False
420,ก่อนโควิด,สามเหลี่ยมดินแดง,ราชวิถี,2017,5,26,2017-05-26,09:00-16:00,False
421,ก่อนโควิด,สามเหลี่ยมดินแดง,ราชวิถี,2017,5,26,2017-05-26,16:00-19:00,False
422,ก่อนโควิด,สามเหลี่ยมดินแดง,ดินแดง,2017,5,26,2017-05-26,07:00-09:00,False
423,ก่อนโควิด,สามเหลี่ยมดินแดง,ดินแดง,2017,5,26,2017-05-26,09:00-16:00,False
424,ก่อนโควิด,สามเหลี่ยมดินแดง,ดินแดง,2017,5,26,2017-05-26,16:00-19:00,False
428,ก่อนโควิด,โรงพยาบาลกลาง,เสือป่า,2017,5,30,2017-05-30,07:00-09:00,False
429,ก่อนโควิด,โรงพยาบาลกลาง,เสือป่า,2017,5,30,2017-05-30,09:00-16:00,False
430,ก่อนโควิด,โรงพยาบาลกลาง,เสือป่า,2017,5,30,2017-05-30,16:00-19:00,False
434,ก่อนโควิด,โรงพยาบาลกลาง,หลวง,2017,5,30,2017-05-30,07:00-09:00,False
435,ก่อนโควิด,โรงพยาบาลกลาง,หลวง,2017,5,30,2017-05-30,09:00-16:00,False
436,ก่อนโควิด,โรงพยาบาลกลาง,หลวง,2017,5,30,2017-05-30,16:00-19:00,False
443,ก่อนโควิด,วิสุทธิกษัตริย์,ประชาธิปไตย,2017,6,2,2017-06-02,07:00-09:00,False
444,ก่อนโควิด,วิสุทธิกษัตริย์,ประชาธิปไตย,2017,6,2,2017-06-02,09:00-16:00,False
445,ก่อนโควิด,วิสุทธิกษัตริย์,ประชาธิปไตย,2017,6,2,2017-06-02,16:00-19:00,False
446,ก่อนโควิด,วิสุทธิกษัตริย์,วิสุทธิกษัตริย์,2017,6,2,2017-06-02,07:00-09:00,False
447,ก่อนโควิด,วิสุทธิกษัตริย์,วิสุทธิกษัตริย์,2017,6,2,2017-06-02,09:00-16:00,False
448,ก่อนโควิด,วิสุทธิกษัตริย์,วิสุทธิกษัตริย์,2017,6,2,2017-06-02,16:00-19:00,False
449,ก่อนโควิด,สาธุประดิษฐ์,สาธุประดิษฐ์,2017,6,5,2017-06-05,07:00-09:00,False
450,ก่อนโควิด,สาธุประดิษฐ์,สาธุประดิษฐ์,2017,6,5,2017-06-05,09:00-16:00,False
451,ก่อนโควิด,สาธุประดิษฐ์,สาธุประดิษฐ์,2017,6,5,2017-06-05,16:00-19:00,False
479,ก่อนโควิด,พุทธมณฑลสาย 2,พุทธมณฑลสาย 2,2017,6,12,2017-06-12,07:00-09:00,False
480,ก่อนโควิด,พุทธมณฑลสาย 2,พุทธมณฑลสาย 2,2017,6,12,2017-06-12,09:00-16:00,False
481,ก่อนโควิด,พุทธมณฑลสาย 2,พุทธมณฑลสาย 2,2017,6,12,2017-06-12,16:00-19:00,False
482,ก่อนโควิด,พุทธมณฑลสาย 2,เพชรเกษม,2017,6,12,2017-06-12,07:00-09:00,False
483,ก่อนโควิด,พุทธมณฑลสาย 2,เพชรเกษม,2017,6,12,2017-06-12,09:00-16:00,False
484,ก่อนโควิด,พุทธมณฑลสาย 2,เพชรเกษม,2017,6,12,2017-06-12,16:00-19:00,False
491,ก่อนโควิด,ท่าดินแดง,ท่าดินแดง,2017,6,14,2017-06-14,07:00-09:00,False
492,ก่อนโควิด,ท่าดินแดง,ท่าดินแดง,2017,6,14,2017-06-14,09:00-16:00,False
493,ก่อนโควิด,ท่าดินแดง,ท่าดินแดง,2017,6,14,2017-06-14,16:00-19:00,False
494,ก่อนโควิด,ท่าดินแดง,สมเด็จเจ้าพระยา,2017,6,14,2017-06-14,07:00-09:00,False
495,ก่อนโควิด,ท่าดินแดง,สมเด็จเจ้าพระยา,2017,6,14,2017-06-14,09:00-16:00,False
496,ก่อนโควิด,ท่าดินแดง,สมเด็จเจ้าพระยา,2017,6,14,2017-06-14,16:00-19:00,False
509,ก่อนโควิด,หลักสี่,กำแพงเพชร 6,2017,6,19,2017-06-19,07:00-09:00,False
510,ก่อนโควิด,หลักสี่,กำแพงเพชร 6,2017,6,19,2017-06-19,09:00-16:00,False
511,ก่อนโควิด,หลักสี่,กำแพงเพชร 6,2017,6,19,2017-06-19,16:00-19:00,False
512,ก่อนโควิด,หลักสี่,แจ้งวัฒนะ,2017,6,19,2017-06-19,07:00-09:00,False
513,ก่อนโควิด,หลักสี่,แจ้งวัฒนะ,2017,6,19,2017-06-19,09:00-16:00,False
514,ก่อนโควิด,หลักสี่,แจ้งวัฒนะ,2017,6,19,2017-06-19,16:00-19:00,False
515,ก่อนโควิด,ประชาเกษม,ประชาธิปไตย,2017,6,20,2017-06-20,07:00-09:00,False
516,ก่อนโควิด,ประชาเกษม,ประชาธิปไตย,2017,6,20,2017-06-20,09:00-16:00,False
517,ก่อนโควิด,ประชาเกษม,ประชาธิปไตย,2017,6,20,2017-06-20,16:00-19:00,False
518,ก่อนโควิด,ประชาเกษม,นครราชสีมา,2017,6,20,2017-06-20,07:00-09:00,False
519,ก่อนโควิด,ประชาเกษม,นครราชสีมา,2017,6,20,2017-06-20,09:00-16:00,False
520,ก่อนโควิด,ประชาเกษม,นครราชสีมา,2017,6,20,2017-06-20,16:00-19:00,False
521,ก่อนโควิด,ประชาเกษม,กรุงเกษม,2017,6,20,2017-06-20,07:00-09:00,False
522,ก่อนโควิด,ประชาเกษม,กรุงเกษม,2017,6,20,2017-06-20,09:00-16:00,False
523,ก่อนโควิด,ประชาเกษม,กรุงเกษม,2017,6,20,2017-06-20,16:00-19:00,False
533,ก่อนโควิด,ปทุมวัน,พญาไท,2017,6,22,2017-06-22,07:00-09:00,False
534,ก่อนโควิด,ปทุมวัน,พญาไท,2017,6,22,2017-06-22,09:00-16:00,False
535,ก่อนโควิด,ปทุมวัน,พญาไท,2017,6,22,2017-06-22,16:00-19:00,False
536,ก่อนโควิด,ปทุมวัน,พระรามที่ 1,2017,6,22,2017-06-22,07:00-09:00,False
537,ก่อนโควิด,ปทุมวัน,พระรามที่ 1,2017,6,22,2017-06-22,09:00-16:00,False
538,ก่อนโควิด,ปทุมวัน,พระรามที่ 1,2017,6,22,2017-06-22,16:00-19:00,False
557,ก่อนโควิด,บางพลัด,จรัญสนิทวงศ์,2017,6,28,2017-06-28,07:00-09:00,False
558,ก่อนโควิด,บางพลัด,จรัญสนิทวงศ์,2017,6,28,2017-06-28,09:00-16:00,False
559,ก่อนโควิด,บางพลัด,จรัญสนิทวงศ์,2017,6,28,2017-06-28,16:00-19:00,False
560,ก่อนโควิด,บางพลัด,สิรินธร,2017,6,28,2017-06-28,07:00-09:00,False
561,ก่อนโควิด,บางพลัด,สิรินธร,2017,6,28,2017-06-28,09:00-16:00,False
562,ก่อนโควิด,บางพลัด,สิรินธร,2017,6,28,2017-06-28,16:00-19:00,False
563,ก่อนโควิด,บางพลัด,ราชวิถี,2017,6,28,2017-06-28,07:00-09:00,False
564,ก่อนโควิด,บางพลัด,ราชวิถี,2017,6,28,2017-06-28,09:00-16:00,False
565,ก่อนโควิด,บางพลัด,ราชวิถี,2017,6,28,2017-06-28,16:00-19:00,False
566,ก่อนโควิด,ท่าพระ,รัชดาภิเษก,2017,6,29,2017-06-29,07:00-09:00,False
567,ก่อนโควิด,ท่าพระ,รัชดาภิเษก,2017,6,29,2017-06-29,09:00-16:00,False
568,ก่อนโควิด,ท่าพระ,รัชดาภิเษก,2017,6,29,2017-06-29,16:00-19:00,False
569,ก่อนโควิด,ท่าพระ,จรัญสนิทวงศ์,2017,6,29,2017-06-29,07:00-09:00,False
570,ก่อนโควิด,ท่าพระ,จรัญสนิทวงศ์,2017,6,29,2017-06-29,09:00-16:00,False
571,ก่อนโควิด,ท่าพระ,จรัญสนิทวงศ์,2017,6,29,2017-06-29,16:00-19:00,False
572,ก่อนโควิด,ท่าพระ,เพชรเกษม,2017,6,29,2017-06-29,07:00-09:00,False
573,ก่อนโควิด,ท่าพระ,เพชรเกษม,2017,6,29,2017-06-29,09:00-16:00,False
574,ก่อนโควิด,ท่าพระ,เพชรเกษม,2017,6,29,2017-06-29,16:00-19:00,False
575,ก่อนโควิด,ประชาอุทิศ,ประชาอุทิศ,2017,6,30,2017-06-30,07:00-09:00,False
576,ก่อนโควิด,ประชาอุทิศ,ประชาอุทิศ,2017,6,30,2017-06-30,09:00-16:00,False
577,ก่อนโควิด,ประชาอุทิศ,ประชาอุทิศ,2017,6,30,2017-06-30,16:00-19:00,False
578,ก่อนโควิด,ประชาอุทิศ,สุขสวัสดิ์,2017,6,30,2017-06-30,07:00-09:00,False
579,ก่อนโควิด,ประชาอุทิศ,สุขสวัสดิ์,2017,6,30,2017-06-30,09:00-16:00,False
580,ก่อนโควิด,ประชาอุทิศ,สุขสวัสดิ์,2017,6,30,2017-06-30,16:00-19:00,False
587,ก่อนโควิด,หมอมี,พระรามที่ 4,2017,7,4,2017-07-04,07:00-09:00,False
588,ก่อนโควิด,หมอมี,พระรามที่ 4,2017,7,4,2017-07-04,09:00-16:00,False
589,ก่อนโควิด,หมอมี,พระรามที่ 4,2017,7,4,2017-07-04,16:00-19:00,False
590,ก่อนโควิด,หมอมี,เจริญกรุง,2017,7,4,2017-07-04,07:00-09:00,False
591,ก่อนโควิด,หมอมี,เจริญกรุง,2017,7,4,2017-07-04,09:00-16:00,False
592,ก่อนโควิด,หมอมี,เจริญกรุง,2017,7,4,2017-07-04,16:00-19:00,False
602,ก่อนโควิด,สาธุ - จันทน์,สาธุประดิษฐ์,2017,7,5,2017-07-05,07:00-09:00,False
603,ก่อนโควิด,สาธุ - จันทน์,สาธุประดิษฐ์,2017,7,5,2017-07-05,09:00-16:00,False
604,ก่อนโควิด,สาธุ - จันทน์,สาธุประดิษฐ์,2017,7,5,2017-07-05,16:00-19:00,False
605,ก่อนโควิด,สาธุ - จันทน์,จันทน์,2017,7,5,2017-07-05,07:00-09:00,False
606,ก่อนโควิด,สาธุ - จันทน์,จันทน์,2017,7,5,2017-07-05,09:00-16:00,False
607,ก่อนโควิด,สาธุ - จันทน์,จันทน์,2017,7,5,2017-07-05,16:00-19:00,False
608,ก่อนโควิด,หมู่บ้านสหกรณ์,ทางเข้าหมู่บ้านสหกรณ์ ,2017,7,6,2017-07-06,07:00-09:00,False
609,ก่อนโควิด,หมู่บ้านสหกรณ์,ทางเข้าหมู่บ้านสหกรณ์ ,2017,7,6,2017-07-06,09:00-16:00,False
610,ก่อนโควิด,หมู่บ้านสหกรณ์,ทางเข้าหมู่บ้านสหกรณ์ ,2017,7,6,2017-07-06,16:00-19:00,False
611,ก่อนโควิด,หมู่บ้านสหกรณ์,เสรีไทย,2017,7,6,2017-07-06,07:00-09:00,False
612,ก่อนโควิด,หมู่บ้านสหกรณ์,เสรีไทย,2017,7,6,2017-07-06,09:00-16:00,False
613,ก่อนโควิด,หมู่บ้านสหกรณ์,เสรีไทย,2017,7,6,2017-07-06,16:00-19:00,False
614,ก่อนโควิด,เจริญนครใต้,เจริญนคร,2017,7,7,2017-07-07,07:00-09:00,False
615,ก่อนโควิด,เจริญนครใต้,เจริญนคร,2017,7,7,2017-07-07,09:00-16:00,False
616,ก่อนโควิด,เจริญนครใต้,เจริญนคร,2017,7,7,2017-07-07,16:00-19:00,False
617,ก่อนโควิด,เจริญนครใต้,กรุงธนบุรี,2017,7,7,2017-07-07,07:00-09:00,False
618,ก่อนโควิด,เจริญนครใต้,กรุงธนบุรี,2017,7,7,2017-07-07,09:00-16:00,False
619,ก่อนโควิด,เจริญนครใต้,กรุงธนบุรี,2017,7,7,2017-07-07,16:00-19:00,False
650,ก่อนโควิด,เฉลิมเผ่า,อังรีดูนังต์,2017,7,17,2017-07-17,07:00-09:00,False
651,ก่อนโควิด,เฉลิมเผ่า,อังรีดูนังต์,2017,7,17,2017-07-17,09:00-16:00,False
652,ก่อนโควิด,เฉลิมเผ่า,อังรีดูนังต์,2017,7,17,2017-07-17,16:00-19:00,False
653,ก่อนโควิด,เฉลิมเผ่า,พระรามที่ 1,2017,7,17,2017-07-17,07:00-09:00,False
654,ก่อนโควิด,เฉลิมเผ่า,พระรามที่ 1,2017,7,17,2017-07-17,09:00-16:00,False
655,ก่อนโควิด,เฉลิมเผ่า,พระรามที่ 1,2017,7,17,2017-07-17,16:00-19:00,False
662,ก่อนโควิด,ประตูน้ำ,ราชดำริ,2017,7,18,2017-07-18,07:00-09:00,False
663,ก่อนโควิด,ประตูน้ำ,ราชดำริ,2017,7,18,2017-07-18,09:00-16:00,False
664,ก่อนโควิด,ประตูน้ำ,ราชดำริ,2017,7,18,2017-07-18,16:00-19:00,False
665,ก่อนโควิด,ประตูน้ำ,ราชปรารภ,2017,7,18,2017-07-18,07:00-09:00,False
666,ก่อนโควิด,ประตูน้ำ,ราชปรารภ,2017,7,18,2017-07-18,09:00-16:00,False
667,ก่อนโควิด,ประตูน้ำ,ราชปรารภ,2017,7,18,2017-07-18,16:00-19:00,False
668,ก่อนโควิด,ประตูน้ำ,เพชรบุรี,2017,7,18,2017-07-18,07:00-09:00,False
669,ก่อนโควิด,ประตูน้ำ,เพชรบุรี,2017,7,18,2017-07-18,09:00-16:00,False
670,ก่อนโควิด,ประตูน้ำ,เพชรบุรี,2017,7,18,2017-07-18,16:00-19:00,False
677,ก่อนโควิด,ตากสิน,สมเด็จพระเจ้าตากสิน,2017,7,20,2017-07-20,07:00-09:00,False
678,ก่อนโควิด,ตากสิน,สมเด็จพระเจ้าตากสิน,2017,7,20,2017-07-20,09:00-16:00,False
679,ก่อนโควิด,ตากสิน,สมเด็จพระเจ้าตากสิน,2017,7,20,2017-07-20,16:00-19:00,False
680,ก่อนโควิด,ตากสิน,ราชพฤกษ์,2017,7,20,2017-07-20,07:00-09:00,False
681,ก่อนโควิด,ตากสิน,ราชพฤกษ์,2017,7,20,2017-07-20,09:00-16:00,False
682,ก่อนโควิด,ตากสิน,ราชพฤกษ์,2017,7,20,2017-07-20,16:00-19:00,False
683,ก่อนโควิด,ตากสิน,กรุงธนบุรี,2017,7,20,2017-07-20,07:00-09:00,False
684,ก่อนโควิด,ตากสิน,กรุงธนบุรี,2017,7,20,2017-07-20,09:00-16:00,False
685,ก่อนโควิด,ตากสิน,กรุงธนบุรี,2017,7,20,2017-07-20,16:00-19:00,False
686,ก่อนโควิด,โพธิ์แก้ว,นวมินทร์,2017,7,21,2017-07-21,07:00-09:00,False
687,ก่อนโควิด,โพธิ์แก้ว,นวมินทร์,2017,7,21,2017-07-21,09:00-16:00,False
688,ก่อนโควิด,โพธิ์แก้ว,นวมินทร์,2017,7,21,2017-07-21,16:00-19:00,False
689,ก่อนโควิด,โพธิ์แก้ว,โพธิ์แก้ว,2017,7,21,2017-07-21,07:00-09:00,False
690,ก่อนโควิด,โพธิ์แก้ว,โพธิ์แก้ว,2017,7,21,2017-07-21,09:00-16:00,False
691,ก่อนโควิด,โพธิ์แก้ว,โพธิ์แก้ว,2017,7,21,2017-07-21,16:00-19:00,False
692,ก่อนโควิด,โพธิ์แก้ว,ทางเข้าวัดบางเตย,2017,7,21,2017-07-21,07:00-09:00,False
693,ก่อนโควิด,โพธิ์แก้ว,ทางเข้าวัดบางเตย,2017,7,21,2017-07-21,09:00-16:00,False
694,ก่อนโควิด,โพธิ์แก้ว,ทางเข้าวัดบางเตย,2017,7,21,2017-07-21,16:00-19:00,False
704,ก่อนโควิด,มิตรไมตรี - มิตรไมตรี 2,มิตรไมตรี,2017,7,25,2017-07-25,07:00-09:00,False
705,ก่อนโควิด,มิตรไมตรี - มิตรไมตรี 2,มิตรไมตรี,2017,7,25,2017-07-25,09:00-16:00,False
706,ก่อนโควิด,มิตรไมตรี - มิตรไมตรี 2,มิตรไมตรี,2017,7,25,2017-07-25,16:00-19:00,False
707,ก่อนโควิด,มิตรไมตรี - มิตรไมตรี 2,มิตรไมตรี 2,2017,7,25,2017-07-25,07:00-09:00,False
708,ก่อนโควิด,มิตรไมตรี - มิตรไมตรี 2,มิตรไมตรี 2,2017,7,25,2017-07-25,09:00-16:00,False
709,ก่อนโควิด,มิตรไมตรี - มิตรไมตรี 2,มิตรไมตรี 2,2017,7,25,2017-07-25,16:00-19:00,False
737,ก่อนโควิด,มไหสวรรย์,รัชดาภิเษก,2017,7,27,2017-07-27,07:00-09:00,False
738,ก่อนโควิด,มไหสวรรย์,รัชดาภิเษก,2017,7,27,2017-07-27,09:00-16:00,False
739,ก่อนโควิด,มไหสวรรย์,รัชดาภิเษก,2017,7,27,2017-07-27,16:00-19:00,False
740,ก่อนโควิด,มไหสวรรย์,มไหสวรรย์,2017,7,27,2017-07-27,07:00-09:00,False
741,ก่อนโควิด,มไหสวรรย์,มไหสวรรย์,2017,7,27,2017-07-27,09:00-16:00,False
742,ก่อนโควิด,มไหสวรรย์,มไหสวรรย์,2017,7,27,2017-07-27,16:00-19:00,False
746,ก่อนโควิด,หทัยราษฎร์ - เลียบคลองสอง,หทัยราษฎร์,2017,7,31,2017-07-31,07:00-09:00,False
747,ก่อนโควิด,หทัยราษฎร์ - เลียบคลองสอง,หทัยราษฎร์,2017,7,31,2017-07-31,09:00-16:00,False
748,ก่อนโควิด,หทัยราษฎร์ - เลียบคลองสอง,หทัยราษฎร์,2017,7,31,2017-07-31,16:00-19:00,False
749,ก่อนโควิด,หทัยราษฎร์ - เลียบคลองสอง,เลียบคลองสอง,2017,7,31,2017-07-31,07:00-09:00,False
750,ก่อนโควิด,หทัยราษฎร์ - เลียบคลองสอง,เลียบคลองสอง,2017,7,31,2017-07-31,09:00-16:00,False
751,ก่อนโควิด,หทัยราษฎร์ - เลียบคลองสอง,เลียบคลองสอง,2017,7,31,2017-07-31,16:00-19:00,False
764,ก่อนโควิด,พุทธมณฑลสาย 3,พุทธมณฑลสาย 3,2017,8,2,2017-08-02,07:00-09:00,False
765,ก่อนโควิด,พุทธมณฑลสาย 3,พุทธมณฑลสาย 3,2017,8,2,2017-08-02,09:00-16:00,False
766,ก่อนโควิด,พุทธมณฑลสาย 3,พุทธมณฑลสาย 3,2017,8,2,2017-08-02,16:00-19:00,False
767,ก่อนโควิด,พุทธมณฑลสาย 3,เพชรเกษม,2017,8,2,2017-08-02,07:00-09:00,False
768,ก่อนโควิด,พุทธมณฑลสาย 3,เพชรเกษม,2017,8,2,2017-08-02,09:00-16:00,False
769,ก่อนโควิด,พุทธมณฑลสาย 3,เพชรเกษม,2017,8,2,2017-08-02,16:00-19:00,False
773,ก่อนโควิด,เตาปูน,ประชาราษฎร์,2017,8,4,2017-08-04,07:00-09:00,False
774,ก่อนโควิด,เตาปูน,ประชาราษฎร์,2017,8,4,2017-08-04,09:00-16:00,False
775,ก่อนโควิด,เตาปูน,ประชาราษฎร์,2017,8,4,2017-08-04,16:00-19:00,False
776,ก่อนโควิด,เตาปูน,ประชาราษฎร์สาย 2,2017,8,4,2017-08-04,07:00-09:00,False
777,ก่อนโควิด,เตาปูน,ประชาราษฎร์สาย 2,2017,8,4,2017-08-04,09:00-16:00,False
778,ก่อนโควิด,เตาปูน,ประชาราษฎร์สาย 2,2017,8,4,2017-08-04,16:00-19:00,False
797,ก่อนโควิด,สะพานแดง,พระรามที่ 5,2017,8,9,2017-08-09,07:00-09:00,False
798,ก่อนโควิด,สะพานแดง,พระรามที่ 5,2017,8,9,2017-08-09,09:00-16:00,False
799,ก่อนโควิด,สะพานแดง,พระรามที่ 5,2017,8,9,2017-08-09,16:00-19:00,False
800,ก่อนโควิด,สะพานแดง,เตชะวณิช,2017,8,9,2017-08-09,07:00-09:00,False
801,ก่อนโควิด,สะพานแดง,เตชะวณิช,2017,8,9,2017-08-09,09:00-16:00,False
802,ก่อนโควิด,สะพานแดง,เตชะวณิช,2017,8,9,2017-08-09,16:00-19:00,False
803,ก่อนโควิด,สะพานแดง,ทหาร,2017,8,9,2017-08-09,07:00-09:00,False
804,ก่อนโควิด,สะพานแดง,ทหาร,2017,8,9,2017-08-09,09:00-16:00,False
805,ก่อนโควิด,สะพานแดง,ทหาร,2017,8,9,2017-08-09,16:00-19:00,False
806,ก่อนโควิด,สะพานแดง,ประดิพัทธ์,2017,8,9,2017-08-09,07:00-09:00,False
807,ก่อนโควิด,สะพานแดง,ประดิพัทธ์,2017,8,9,2017-08-09,09:00-16:00,False
808,ก่อนโควิด,สะพานแดง,ประดิพัทธ์,2017,8,9,2017-08-09,16:00-19:00,False
809,ก่อนโควิด,กำแพงเพชร,พหลโยธิน,2017,8,10,2017-08-10,07:00-09:00,False
810,ก่อนโควิด,กำแพงเพชร,พหลโยธิน,2017,8,10,2017-08-10,09:00-16:00,False
811,ก่อนโควิด,กำแพงเพชร,พหลโยธิน,2017,8,10,2017-08-10,16:00-19:00,False
812,ก่อนโควิด,กำแพงเพชร,กำแพงเพชร,2017,8,10,2017-08-10,07:00-09:00,False
813,ก่อนโควิด,กำแพงเพชร,กำแพงเพชร,2017,8,10,2017-08-10,09:00-16:00,False
814,ก่อนโควิด,กำแพงเพชร,กำแพงเพชร,2017,8,10,2017-08-10,16:00-19:00,False
863,ก่อนโควิด,ทุ่งครุ,ประชาอุทิศ,2017,8,18,2017-08-18,07:00-09:00,False
864,ก่อนโควิด,ทุ่งครุ,ประชาอุทิศ,2017,8,18,2017-08-18,09:00-16:00,False
865,ก่อนโควิด,ทุ่งครุ,ประชาอุทิศ,2017,8,18,2017-08-18,16:00-19:00,False
866,ก่อนโควิด,ทุ่งครุ,ครุใน,2017,8,18,2017-08-18,07:00-09:00,False
867,ก่อนโควิด,ทุ่งครุ,ครุใน,2017,8,18,2017-08-18,09:00-16:00,False
868,ก่อนโควิด,ทุ่งครุ,ครุใน,2017,8,18,2017-08-18,16:00-19:00,False
869,ก่อนโควิด,เกษะโกมล,พระรามที่ 5,2017,8,21,2017-08-21,07:00-09:00,False
870,ก่อนโควิด,เกษะโกมล,พระรามที่ 5,2017,8,21,2017-08-21,09:00-16:00,False
871,ก่อนโควิด,เกษะโกมล,พระรามที่ 5,2017,8,21,2017-08-21,16:00-19:00,False
872,ก่อนโควิด,เกษะโกมล,อำนวยสงคราม,2017,8,21,2017-08-21,07:00-09:00,False
873,ก่อนโควิด,เกษะโกมล,อำนวยสงคราม,2017,8,21,2017-08-21,09:00-16:00,False
874,ก่อนโควิด,เกษะโกมล,อำนวยสงคราม,2017,8,21,2017-08-21,16:00-19:00,False
875,ก่อนโควิด,เกษะโกมล,เศรษฐศิริ,2017,8,21,2017-08-21,07:00-09:00,False
876,ก่อนโควิด,เกษะโกมล,เศรษฐศิริ,2017,8,21,2017-08-21,09:00-16:00,False
877,ก่อนโควิด,เกษะโกมล,เศรษฐศิริ,2017,8,21,2017-08-21,16:00-19:00,False
887,ก่อนโควิด,ลาซาล,สุขุมวิท,2017,8,23,2017-08-23,07:00-09:00,False
888,ก่อนโควิด,ลาซาล,สุขุมวิท,2017,8,23,2017-08-23,09:00-16:00,False
889,ก่อนโควิด,ลาซาล,สุขุมวิท,2017,8,23,2017-08-23,16:00-19:00,False
905,ก่อนโควิด,ศรีย่าน,สามเสน,2017,8,25,2017-08-25,07:00-09:00,False
906,ก่อนโควิด,ศรีย่าน,สามเสน,2017,8,25,2017-08-25,09:00-16:00,False
907,ก่อนโควิด,ศรีย่าน,สามเสน,2017,8,25,2017-08-25,16:00-19:00,False
908,ก่อนโควิด,ศรีย่าน,นครไชยศรี,2017,8,25,2017-08-25,07:00-09:00,False
909,ก่อนโควิด,ศรีย่าน,นครไชยศรี,2017,8,25,2017-08-25,09:00-16:00,False
910,ก่อนโควิด,ศรีย่าน,นครไชยศรี,2017,8,25,2017-08-25,16:00-19:00,False
911,ก่อนโควิด,คอกวัว,ตะนาว,2017,8,28,2017-08-28,07:00-09:00,False
912,ก่อนโควิด,คอกวัว,ตะนาว,2017,8,28,2017-08-28,09:00-16:00,False
913,ก่อนโควิด,คอกวัว,ตะนาว,2017,8,28,2017-08-28,16:00-19:00,False
914,ก่อนโควิด,คอกวัว,ราชดำเนินกลาง,2017,8,28,2017-08-28,07:00-09:00,False
915,ก่อนโควิด,คอกวัว,ราชดำเนินกลาง,2017,8,28,2017-08-28,09:00-16:00,False
916,ก่อนโควิด,คอกวัว,ราชดำเนินกลาง,2017,8,28,2017-08-28,16:00-19:00,False
923,ก่อนโควิด,ประชานิเวศน์,ประชาชื่น,2017,9,11,2017-09-11,07:00-09:00,False
924,ก่อนโควิด,ประชานิเวศน์,ประชาชื่น,2017,9,11,2017-09-11,09:00-16:00,False
925,ก่อนโควิด,ประชานิเวศน์,ประชาชื่น,2017,9,11,2017-09-11,16:00-19:00,False
926,ก่อนโควิด,ประชานิเวศน์,เทศบาลสงเคราะห์,2017,9,11,2017-09-11,07:00-09:00,False
927,ก่อนโควิด,ประชานิเวศน์,เทศบาลสงเคราะห์,2017,9,11,2017-09-11,09:00-16:00,False
928,ก่อนโควิด,ประชานิเวศน์,เทศบาลสงเคราะห์,2017,9,11,2017-09-11,16:00-19:00,False
965,ก่อนโควิด,ลาดปลาเค้า,ลาดปลาเค้า,2017,9,21,2017-09-21,07:00-09:00,False
966,ก่อนโควิด,ลาดปลาเค้า,ลาดปลาเค้า,2017,9,21,2017-09-21,09:00-16:00,False
967,ก่อนโควิด,ลาดปลาเค้า,ลาดปลาเค้า,2017,9,21,2017-09-21,16:00-19:00,False
968,ก่อนโควิด,ลาดปลาเค้า,รามอินทรา,2017,9,21,2017-09-21,07:00-09:00,False
969,ก่อนโควิด,ลาดปลาเค้า,รามอินทรา,2017,9,21,2017-09-21,09:00-16:00,False
970,ก่อนโควิด,ลาดปลาเค้า,รามอินทรา,2017,9,21,2017-09-21,16:00-19:00,False
971,ก่อนโควิด,ราชวัตร,พระรามที่ 5,2017,9,22,2017-09-22,07:00-09:00,False
972,ก่อนโควิด,ราชวัตร,พระรามที่ 5,2017,9,22,2017-09-22,09:00-16:00,False
973,ก่อนโควิด,ราชวัตร,พระรามที่ 5,2017,9,22,2017-09-22,16:00-19:00,False
974,ก่อนโควิด,ราชวัตร,นครไชยศรี,2017,9,22,2017-09-22,07:00-09:00,False
975,ก่อนโควิด,ราชวัตร,นครไชยศรี,2017,9,22,2017-09-22,09:00-16:00,False
976,ก่อนโควิด,ราชวัตร,นครไชยศรี,2017,9,22,2017-09-22,16:00-19:00,False
977,ก่อนโควิด,ลาดปลาเค้า,ลาดปลาเค้า,2017,9,24,2017-09-24,07:00-09:00,False
978,ก่อนโควิด,ลาดปลาเค้า,ลาดปลาเค้า,2017,9,24,2017-09-24,09:00-16:00,False
979,ก่อนโควิด,ลาดปลาเค้า,ลาดปลาเค้า,2017,9,24,2017-09-24,16:00-19:00,False
1004,ก่อนโควิด,ราชประสงค์,ราชดำริ,2017,10,2,2017-10-02,07:00-09:00,False
1005,ก่อนโควิด,ราชประสงค์,ราชดำริ,2017,10,2,2017-10-02,09:00-16:00,False
1006,ก่อนโควิด,ราชประสงค์,ราชดำริ,2017,10,2,2017-10-02,16:00-19:00,False
1007,ก่อนโควิด,ราชประสงค์,พระรามที่ 1,2017,10,2,2017-10-02,07:00-09:00,False
1008,ก่อนโควิด,ราชประสงค์,พระรามที่ 1,2017,10,2,2017-10-02,09:00-16:00,False
1009,ก่อนโควิด,ราชประสงค์,พระรามที่ 1,2017,10,2,2017-10-02,16:00-19:00,False
1010,ก่อนโควิด,ราชประสงค์,เพลินจิต,2017,10,2,2017-10-02,07:00-09:00,False
1011,ก่อนโควิด,ราชประสงค์,เพลินจิต,2017,10,2,2017-10-02,09:00-16:00,False
1012,ก่อนโควิด,ราชประสงค์,เพลินจิต,2017,10,2,2017-10-02,16:00-19:00,False
1016,ก่อนโควิด,จันทน์ - เจริญราษฎร์,จันทน์,2017,10,3,2017-10-03,07:00-09:00,False
1017,ก่อนโควิด,จันทน์ - เจริญราษฎร์,จันทน์,2017,10,3,2017-10-03,09:00-16:00,False
1018,ก่อนโควิด,จันทน์ - เจริญราษฎร์,จันทน์,2017,10,3,2017-10-03,16:00-19:00,False
1019,ก่อนโควิด,เทวกรรม,นครสวรรค์,2017,10,4,2017-10-04,07:00-09:00,False
1020,ก่อนโควิด,เทวกรรม,นครสวรรค์,2017,10,4,2017-10-04,09:00-16:00,False
1021,ก่อนโควิด,เทวกรรม,นครสวรรค์,2017,10,4,2017-10-04,16:00-19:00,False
1022,ก่อนโควิด,เทวกรรม,กรุงเกษม,2017,10,4,2017-10-04,07:00-09:00,False
1023,ก่อนโควิด,เทวกรรม,กรุงเกษม,2017,10,4,2017-10-04,09:00-16:00,False
1024,ก่อนโควิด,เทวกรรม,กรุงเกษม,2017,10,4,2017-10-04,16:00-19:00,False
1031,ก่อนโควิด,ประเสริฐมนูกิจ - ประดิษฐ์มนูธรรม,ประดิษฐ์มนูธรรม,2017,10,6,2017-10-06,07:00-09:00,False
1032,ก่อนโควิด,ประเสริฐมนูกิจ - ประดิษฐ์มนูธรรม,ประดิษฐ์มนูธรรม,2017,10,6,2017-10-06,09:00-16:00,False
1033,ก่อนโควิด,ประเสริฐมนูกิจ - ประดิษฐ์มนูธรรม,ประดิษฐ์มนูธรรม,2017,10,6,2017-10-06,16:00-19:00,False
1034,ก่อนโควิด,ประเสริฐมนูกิจ - ประดิษฐ์มนูธรรม,ประเสริฐมนูกิจ,2017,10,6,2017-10-06,07:00-09:00,False
1035,ก่อนโควิด,ประเสริฐมนูกิจ - ประดิษฐ์มนูธรรม,ประเสริฐมนูกิจ,2017,10,6,2017-10-06,09:00-16:00,False
1036,ก่อนโควิด,ประเสริฐมนูกิจ - ประดิษฐ์มนูธรรม,ประเสริฐมนูกิจ,2017,10,6,2017-10-06,16:00-19:00,False
1043,ก่อนโควิด,เศรษฐศิริ,เศรษฐศิริ,2017,10,10,2017-10-10,07:00-09:00,False
1044,ก่อนโควิด,เศรษฐศิริ,เศรษฐศิริ,2017,10,10,2017-10-10,09:00-16:00,False
1045,ก่อนโควิด,เศรษฐศิริ,เศรษฐศิริ,2017,10,10,2017-10-10,16:00-19:00,False
1046,ก่อนโควิด,เศรษฐศิริ,เทอดดำริ,2017,10,10,2017-10-10,07:00-09:00,False
1047,ก่อนโควิด,เศรษฐศิริ,เทอดดำริ,2017,10,10,2017-10-10,09:00-16:00,False
1048,ก่อนโควิด,เศรษฐศิริ,เทอดดำริ,2017,10,10,2017-10-10,16:00-19:00,False
1052,ก่อนโควิด,หมู่บ้านเศรษฐกิจ,เพชรเกษม,2017,10,11,2017-10-11,07:00-09:00,False
1053,ก่อนโควิด,หมู่บ้านเศรษฐกิจ,เพชรเกษม,2017,10,11,2017-10-11,09:00-16:00,False
1054,ก่อนโควิด,หมู่บ้านเศรษฐกิจ,เพชรเกษม,2017,10,11,2017-10-11,16:00-19:00,False
1070,ก่อนโควิด,พระราม 9,รัชดาภิเษก,2017,10,17,2017-10-17,07:00-09:00,False
1071,ก่อนโควิด,พระราม 9,รัชดาภิเษก,2017,10,17,2017-10-17,09:00-16:00,False
1072,ก่อนโควิด,พระราม 9,รัชดาภิเษก,2017,10,17,2017-10-17,16:00-19:00,False
1073,ก่อนโควิด,พระราม 9,อโศกดินแดง,2017,10,17,2017-10-17,07:00-09:00,False
1074,ก่อนโควิด,พระราม 9,อโศกดินแดง,2017,10,17,2017-10-17,09:00-16:00,False
1075,ก่อนโควิด,พระราม 9,อโศกดินแดง,2017,10,17,2017-10-17,16:00-19:00,False
1076,ก่อนโควิด,พระราม 9,พระราม 9,2017,10,17,2017-10-17,07:00-09:00,False
1077,ก่อนโควิด,พระราม 9,พระราม 9,2017,10,17,2017-10-17,09:00-16:00,False
1078,ก่อนโควิด,พระราม 9,พระราม 9,2017,10,17,2017-10-17,16:00-19:00,False
1079,ก่อนโควิด,จักรพรรดิพงษ์,นครสวรรค์,2017,10,18,2017-10-18,07:00-09:00,False
1080,ก่อนโควิด,จักรพรรดิพงษ์,นครสวรรค์,2017,10,18,2017-10-18,09:00-16:00,False
1081,ก่อนโควิด,จักรพรรดิพงษ์,นครสวรรค์,2017,10,18,2017-10-18,16:00-19:00,False
1082,ก่อนโควิด,จักรพรรดิพงษ์,จักรพรรดิพงษ์,2017,10,18,2017-10-18,07:00-09:00,False
1083,ก่อนโควิด,จักรพรรดิพงษ์,จักรพรรดิพงษ์,2017,10,18,2017-10-18,09:00-16:00,False
1084,ก่อนโควิด,จักรพรรดิพงษ์,จักรพรรดิพงษ์,2017,10,18,2017-10-18,16:00-19:00,False
1094,ก่อนโควิด,วงศ์สว่าง,วงศ์สว่าง,2017,10,20,2017-10-20,07:00-09:00,False
1095,ก่อนโควิด,วงศ์สว่าง,วงศ์สว่าง,2017,10,20,2017-10-20,09:00-16:00,False
1096,ก่อนโควิด,วงศ์สว่าง,วงศ์สว่าง,2017,10,20,2017-10-20,16:00-19:00,False
1097,ก่อนโควิด,วงศ์สว่าง,รัชดาภิเษก,2017,10,20,2017-10-20,07:00-09:00,False
1098,ก่อนโควิด,วงศ์สว่าง,รัชดาภิเษก,2017,10,20,2017-10-20,09:00-16:00,False
1099,ก่อนโควิด,วงศ์สว่าง,รัชดาภิเษก,2017,10,20,2017-10-20,16:00-19:00,False
1100,ก่อนโควิด,อ.ส.ม.ท.,เพชรอุทัย,2017,10,24,2017-10-24,07:00-09:00,False
1101,ก่อนโควิด,อ.ส.ม.ท.,เพชรอุทัย,2017,10,24,2017-10-24,09:00-16:00,False
1102,ก่อนโควิด,อ.ส.ม.ท.,เพชรอุทัย,2017,10,24,2017-10-24,16:00-19:00,False
1106,ก่อนโควิด,อ.ส.ม.ท.,พระราม 9,2017,10,24,2017-10-24,07:00-09:00,False
1107,ก่อนโควิด,อ.ส.ม.ท.,พระราม 9,2017,10,24,2017-10-24,09:00-16:00,False
1108,ก่อนโควิด,อ.ส.ม.ท.,พระราม 9,2017,10,24,2017-10-24,16:00-19:00,False
1109,ก่อนโควิด,หลังสวน,หลังสวน,2017,10,25,2017-10-25,07:00-09:00,False
1110,ก่อนโควิด,หลังสวน,หลังสวน,2017,10,25,2017-10-25,09:00-16:00,False
1111,ก่อนโควิด,หลังสวน,หลังสวน,2017,10,25,2017-10-25,16:00-19:00,False
1112,ก่อนโควิด,หลังสวน,สารสิน,2017,10,25,2017-10-25,07:00-09:00,False
1113,ก่อนโควิด,หลังสวน,สารสิน,2017,10,25,2017-10-25,09:00-16:00,False
1114,ก่อนโควิด,หลังสวน,สารสิน,2017,10,25,2017-10-25,16:00-19:00,False
1115,ก่อนโควิด,สะพานดำ,พระรามที่ 6,2017,10,27,2017-10-27,07:00-09:00,False
1116,ก่อนโควิด,สะพานดำ,พระรามที่ 6,2017,10,27,2017-10-27,09:00-16:00,False
1117,ก่อนโควิด,สะพานดำ,พระรามที่ 6,2017,10,27,2017-10-27,16:00-19:00,False
1118,ก่อนโควิด,สะพานดำ,กำแพงเพชร 5,2017,10,27,2017-10-27,07:00-09:00,False
1119,ก่อนโควิด,สะพานดำ,กำแพงเพชร 5,2017,10,27,2017-10-27,09:00-16:00,False
1120,ก่อนโควิด,สะพานดำ,กำแพงเพชร 5,2017,10,27,2017-10-27,16:00-19:00,False
1121,ก่อนโควิด,สะพานดำ,กำแพงเพชร,2017,10,27,2017-10-27,07:00-09:00,False
1122,ก่อนโควิด,สะพานดำ,กำแพงเพชร,2017,10,27,2017-10-27,09:00-16:00,False
1123,ก่อนโควิด,สะพานดำ,กำแพงเพชร,2017,10,27,2017-10-27,16:00-19:00,False
1133,ก่อนโควิด,พิบูลสงคราม,ประชาราษฎร์สาย 1,2017,10,31,2017-10-31,07:00-09:00,False
1134,ก่อนโควิด,พิบูลสงคราม,ประชาราษฎร์สาย 1,2017,10,31,2017-10-31,09:00-16:00,False
1135,ก่อนโควิด,พิบูลสงคราม,ประชาราษฎร์สาย 1,2017,10,31,2017-10-31,16:00-19:00,False
1136,ก่อนโควิด,พิบูลสงคราม,พิบูลสงคราม,2017,10,31,2017-10-31,07:00-09:00,False
1137,ก่อนโควิด,พิบูลสงคราม,พิบูลสงคราม,2017,10,31,2017-10-31,09:00-16:00,False
1138,ก่อนโควิด,พิบูลสงคราม,พิบูลสงคราม,2017,10,31,2017-10-31,16:00-19:00,False
1271,ก่อนโควิด,ทองหล่อ,สุขุมวิท,2017,11,27,2017-11-27,07:00-09:00,False
1272,ก่อนโควิด,ทองหล่อ,สุขุมวิท,2017,11,27,2017-11-27,09:00-16:00,False
1273,ก่อนโควิด,ทองหล่อ,สุขุมวิท,2017,11,27,2017-11-27,16:00-19:00,False
1346,ก่อนโควิด,ประชาธรรม,ประดิษฐ์มนูธรรม,2017,12,12,2017-12-12,07:00-09:00,False
1347,ก่อนโควิด,ประชาธรรม,ประดิษฐ์มนูธรรม,2017,12,12,2017-12-12,09:00-16:00,False
1348,ก่อนโควิด,ประชาธรรม,ประดิษฐ์มนูธรรม,2017,12,12,2017-12-12,16:00-19:00,False
1349,ก่อนโควิด,ประชาธรรม,ประชาอุทิศ,2017,12,12,2017-12-12,07:00-09:00,False
1350,ก่อนโควิด,ประชาธรรม,ประชาอุทิศ,2017,12,12,2017-12-12,09:00-16:00,False
1351,ก่อนโควิด,ประชาธรรม,ประชาอุทิศ,2017,12,12,2017-12-12,16:00-19:00,False
1460,ก่อนโควิด,นิด้า,ศรีบูรพา,2018,1,10,2018-01-10,07:00-09:00,False
1461,ก่อนโควิด,นิด้า,ศรีบูรพา,2018,1,10,2018-01-10,09:00-16:00,False
1462,ก่อนโควิด,นิด้า,ศรีบูรพา,2018,1,10,2018-01-10,16:00-19:00,False
1463,ก่อนโควิด,นิด้า,เสรีไทย,2018,1,10,2018-01-10,07:00-09:00,False
1464,ก่อนโควิด,นิด้า,เสรีไทย,2018,1,10,2018-01-10,09:00-16:00,False
1465,ก่อนโควิด,นิด้า,เสรีไทย,2018,1,10,2018-01-10,16:00-19:00,False
1475,ก่อนโควิด,แปลงนาม,แปลงนาม,2018,1,9,2018-01-09,07:00-09:00,False
1476,ก่อนโควิด,แปลงนาม,แปลงนาม,2018,1,9,2018-01-09,09:00-16:00,False
1477,ก่อนโควิด,แปลงนาม,แปลงนาม,2018,1,9,2018-01-09,16:00-19:00,False
1478,ก่อนโควิด,แปลงนาม,พลับพลาไชย,2018,1,9,2018-01-09,07:00-09:00,False
1479,ก่อนโควิด,แปลงนาม,พลับพลาไชย,2018,1,9,2018-01-09,09:00-16:00,False
1480,ก่อนโควิด,แปลงนาม,พลับพลาไชย,2018,1,9,2018-01-09,16:00-19:00,False
1481,ก่อนโควิด,แปลงนาม,เจริญกรุง,2018,1,9,2018-01-09,07:00-09:00,False
1482,ก่อนโควิด,แปลงนาม,เจริญกรุง,2018,1,9,2018-01-09,09:00-16:00,False
1483,ก่อนโควิด,แปลงนาม,เจริญกรุง,2018,1,9,2018-01-09,16:00-19:00,False
1484,ก่อนโควิด,สามยอด,มหาไชย,2018,1,12,2018-01-12,07:00-09:00,False
1485,ก่อนโควิด,สามยอด,มหาไชย,2018,1,12,2018-01-12,09:00-16:00,False
1486,ก่อนโควิด,สามยอด,มหาไชย,2018,1,12,2018-01-12,16:00-19:00,False
1487,ก่อนโควิด,สามยอด,เจริญกรุง,2018,1,12,2018-01-12,07:00-09:00,False
1488,ก่อนโควิด,สามยอด,เจริญกรุง,2018,1,12,2018-01-12,09:00-16:00,False
1489,ก่อนโควิด,สามยอด,เจริญกรุง,2018,1,12,2018-01-12,16:00-19:00,False
1490,ก่อนโควิด,มิตรไมตรี - มิตรไมตรี 2,มิตรไมตรี,2018,1,16,2018-01-16,06:30-09:00,False
1491,ก่อนโควิด,มิตรไมตรี - มิตรไมตรี 2,มิตรไมตรี,2018,1,16,2018-01-16,09:00-16:00,False
1492,ก่อนโควิด,มิตรไมตรี - มิตรไมตรี 2,มิตรไมตรี,2018,1,16,2018-01-16,16:00-19:30,False
1493,ก่อนโควิด,มิตรไมตรี - มิตรไมตรี 2,มิตรไมตรี 2,2018,1,16,2018-01-16,06:30-09:00,False
1494,ก่อนโควิด,มิตรไมตรี - มิตรไมตรี 2,มิตรไมตรี 2,2018,1,16,2018-01-16,09:00-16:00,False
1495,ก่อนโควิด,มิตรไมตรี - มิตรไมตรี 2,มิตรไมตรี 2,2018,1,16,2018-01-16,16:00-19:30,False
1502,ก่อนโควิด,มิตรไมตรี - มิตรไมตรี 2,มิตรไมตรี,2018,1,17,2018-01-17,06:30-09:00,False
1503,ก่อนโควิด,มิตรไมตรี - มิตรไมตรี 2,มิตรไมตรี,2018,1,17,2018-01-17,09:00-16:00,False
1504,ก่อนโควิด,มิตรไมตรี - มิตรไมตรี 2,มิตรไมตรี,2018,1,17,2018-01-17,16:00-19:30,False
1505,ก่อนโควิด,มิตรไมตรี - มิตรไมตรี 2,มิตรไมตรี 2,2018,1,17,2018-01-17,06:30-09:00,False
1506,ก่อนโควิด,มิตรไมตรี - มิตรไมตรี 2,มิตรไมตรี 2,2018,1,17,2018-01-17,09:00-16:00,False
1507,ก่อนโควิด,มิตรไมตรี - มิตรไมตรี 2,มิตรไมตรี 2,2018,1,17,2018-01-17,16:00-19:30,False
1514,ก่อนโควิด,มิตรไมตรี - มิตรไมตรี 2,มิตรไมตรี,2018,1,18,2018-01-18,06:30-09:00,False
1515,ก่อนโควิด,มิตรไมตรี - มิตรไมตรี 2,มิตรไมตรี,2018,1,18,2018-01-18,09:00-16:00,False
1516,ก่อนโควิด,มิตรไมตรี - มิตรไมตรี 2,มิตรไมตรี,2018,1,18,2018-01-18,16:00-19:30,False
1517,ก่อนโควิด,มิตรไมตรี - มิตรไมตรี 2,มิตรไมตรี 2,2018,1,18,2018-01-18,06:30-09:00,False
1518,ก่อนโควิด,มิตรไมตรี - มิตรไมตรี 2,มิตรไมตรี 2,2018,1,18,2018-01-18,09:00-16:00,False
1519,ก่อนโควิด,มิตรไมตรี - มิตรไมตรี 2,มิตรไมตรี 2,2018,1,18,2018-01-18,16:00-19:30,False
1526,ก่อนโควิด,มิตรไมตรี - มิตรไมตรี 2,มิตรไมตรี,2018,1,19,2018-01-19,06:30-09:00,False
1527,ก่อนโควิด,มิตรไมตรี - มิตรไมตรี 2,มิตรไมตรี,2018,1,19,2018-01-19,09:00-16:00,False
1528,ก่อนโควิด,มิตรไมตรี - มิตรไมตรี 2,มิตรไมตรี,2018,1,19,2018-01-19,16:00-19:30,False
1529,ก่อนโควิด,มิตรไมตรี - มิตรไมตรี 2,มิตรไมตรี 2,2018,1,19,2018-01-19,06:30-09:00,False
1530,ก่อนโควิด,มิตรไมตรี - มิตรไมตรี 2,มิตรไมตรี 2,2018,1,19,2018-01-19,09:00-16:00,False
1531,ก่อนโควิด,มิตรไมตรี - มิตรไมตรี 2,มิตรไมตรี 2,2018,1,19,2018-01-19,16:00-19:30,False
1538,ก่อนโควิด,มิตรไมตรี - มิตรไมตรี 1,มิตรไมตรี,2018,1,22,2018-01-22,06:30-09:00,False
1539,ก่อนโควิด,มิตรไมตรี - มิตรไมตรี 1,มิตรไมตรี,2018,1,22,2018-01-22,09:00-16:00,False
1540,ก่อนโควิด,มิตรไมตรี - มิตรไมตรี 1,มิตรไมตรี,2018,1,22,2018-01-22,16:00-19:30,False
1541,ก่อนโควิด,มิตรไมตรี - มิตรไมตรี 1,มิตรไมตรี 1,2018,1,22,2018-01-22,06:30-09:00,False
1542,ก่อนโควิด,มิตรไมตรี - มิตรไมตรี 1,มิตรไมตรี 1,2018,1,22,2018-01-22,09:00-16:00,False
1543,ก่อนโควิด,มิตรไมตรี - มิตรไมตรี 1,มิตรไมตรี 1,2018,1,22,2018-01-22,16:00-19:30,False
1550,ก่อนโควิด,มิตรไมตรี - มิตรไมตรี 1,มิตรไมตรี,2018,1,23,2018-01-23,06:30-09:00,False
1551,ก่อนโควิด,มิตรไมตรี - มิตรไมตรี 1,มิตรไมตรี,2018,1,23,2018-01-23,09:00-16:00,False
1552,ก่อนโควิด,มิตรไมตรี - มิตรไมตรี 1,มิตรไมตรี,2018,1,23,2018-01-23,16:00-19:30,False
1553,ก่อนโควิด,มิตรไมตรี - มิตรไมตรี 1,มิตรไมตรี 1,2018,1,23,2018-01-23,06:30-09:00,False
1554,ก่อนโควิด,มิตรไมตรี - มิตรไมตรี 1,มิตรไมตรี 1,2018,1,23,2018-01-23,09:00-16:00,False
1555,ก่อนโควิด,มิตรไมตรี - มิตรไมตรี 1,มิตรไมตรี 1,2018,1,23,2018-01-23,16:00-19:30,False
1562,ก่อนโควิด,มิตรไมตรี - มิตรไมตรี 1,มิตรไมตรี,2018,1,24,2018-01-24,06:30-09:00,False
1563,ก่อนโควิด,มิตรไมตรี - มิตรไมตรี 1,มิตรไมตรี,2018,1,24,2018-01-24,09:00-16:00,False
1564,ก่อนโควิด,มิตรไมตรี - มิตรไมตรี 1,มิตรไมตรี,2018,1,24,2018-01-24,16:00-19:30,False
1565,ก่อนโควิด,มิตรไมตรี - มิตรไมตรี 1,มิตรไมตรี 1,2018,1,24,2018-01-24,06:30-09:00,False
1566,ก่อนโควิด,มิตรไมตรี - มิตรไมตรี 1,มิตรไมตรี 1,2018,1,24,2018-01-24,09:00-16:00,False
1567,ก่อนโควิด,มิตรไมตรี - มิตรไมตรี 1,มิตรไมตรี 1,2018,1,24,2018-01-24,16:00-19:30,False
1574,ก่อนโควิด,มิตรไมตรี - มิตรไมตรี 1,มิตรไมตรี,2018,1,25,2018-01-25,06:30-09:00,False
1575,ก่อนโควิด,มิตรไมตรี - มิตรไมตรี 1,มิตรไมตรี,2018,1,25,2018-01-25,09:00-16:00,False
1576,ก่อนโควิด,มิตรไมตรี - มิตรไมตรี 1,มิตรไมตรี,2018,1,25,2018-01-25,16:00-19:30,False
1577,ก่อนโควิด,มิตรไมตรี - มิตรไมตรี 1,มิตรไมตรี 1,2018,1,25,2018-01-25,06:30-09:00,False
1578,ก่อนโควิด,มิตรไมตรี - มิตรไมตรี 1,มิตรไมตรี 1,2018,1,25,2018-01-25,09:00-16:00,False
1579,ก่อนโควิด,มิตรไมตรี - มิตรไมตรี 1,มิตรไมตรี 1,2018,1,25,2018-01-25,16:00-19:30,False
1586,ก่อนโควิด,ไฟฉาย,จรัญสนิทวงศ์,2018,1,26,2018-01-26,07:00-09:00,False
1587,ก่อนโควิด,ไฟฉาย,จรัญสนิทวงศ์,2018,1,26,2018-01-26,09:00-16:00,False
1588,ก่อนโควิด,ไฟฉาย,จรัญสนิทวงศ์,2018,1,26,2018-01-26,16:00-19:00,False
1589,ก่อนโควิด,ไฟฉาย,พรานนก,2018,1,26,2018-01-26,07:00-09:00,False
1590,ก่อนโควิด,ไฟฉาย,พรานนก,2018,1,26,2018-01-26,09:00-16:00,False
1591,ก่อนโควิด,ไฟฉาย,พรานนก,2018,1,26,2018-01-26,16:00-19:00,False
1592,ก่อนโควิด,มิตรไมตรี - มิตรไมตรี 1,มิตรไมตรี,2018,1,29,2018-01-29,06:30-09:00,False
1593,ก่อนโควิด,มิตรไมตรี - มิตรไมตรี 1,มิตรไมตรี,2018,1,29,2018-01-29,09:00-16:00,False
1594,ก่อนโควิด,มิตรไมตรี - มิตรไมตรี 1,มิตรไมตรี,2018,1,29,2018-01-29,16:00-19:30,False
1595,ก่อนโควิด,มิตรไมตรี - มิตรไมตรี 1,มิตรไมตรี 1,2018,1,29,2018-01-29,06:30-09:00,False
1596,ก่อนโควิด,มิตรไมตรี - มิตรไมตรี 1,มิตรไมตรี 1,2018,1,29,2018-01-29,09:00-16:00,False
1597,ก่อนโควิด,มิตรไมตรี - มิตรไมตรี 1,มิตรไมตรี 1,2018,1,29,2018-01-29,16:00-19:30,False
1646,ก่อนโควิด,ดาวคะนอง,สมเด็จพระเจ้าตากสิน,2018,2,7,2018-02-07,07:00-09:00,False
1647,ก่อนโควิด,ดาวคะนอง,สมเด็จพระเจ้าตากสิน,2018,2,7,2018-02-07,09:00-16:00,False
1648,ก่อนโควิด,ดาวคะนอง,สมเด็จพระเจ้าตากสิน,2018,2,7,2018-02-07,16:00-19:00,False
1649,ก่อนโควิด,ดาวคะนอง,จอมทอง,2018,2,7,2018-02-07,07:00-09:00,False
1650,ก่อนโควิด,ดาวคะนอง,จอมทอง,2018,2,7,2018-02-07,09:00-16:00,False
1651,ก่อนโควิด,ดาวคะนอง,จอมทอง,2018,2,7,2018-02-07,16:00-19:00,False
1667,ก่อนโควิด,วิทยุ,สาทร,2018,2,9,2018-02-09,07:00-09:00,False
1668,ก่อนโควิด,วิทยุ,สาทร,2018,2,9,2018-02-09,09:00-16:00,False
1669,ก่อนโควิด,วิทยุ,สาทร,2018,2,9,2018-02-09,16:00-19:00,False
1670,ก่อนโควิด,วิทยุ,วิทยุ,2018,2,9,2018-02-09,07:00-09:00,False
1671,ก่อนโควิด,วิทยุ,วิทยุ,2018,2,9,2018-02-09,09:00-16:00,False
1672,ก่อนโควิด,วิทยุ,วิทยุ,2018,2,9,2018-02-09,16:00-19:00,False
1673,ก่อนโควิด,วิทยุ,พระรามที่ 4,2018,2,9,2018-02-09,07:00-09:00,False
1674,ก่อนโควิด,วิทยุ,พระรามที่ 4,2018,2,9,2018-02-09,09:00-16:00,False
1675,ก่อนโควิด,วิทยุ,พระรามที่ 4,2018,2,9,2018-02-09,16:00-19:00,False
1679,ก่อนโควิด,พระโขนง,สุขุมวิท,2018,2,12,2018-02-12,07:00-09:00,False
1680,ก่อนโควิด,พระโขนง,สุขุมวิท,2018,2,12,2018-02-12,09:00-16:00,False
1681,ก่อนโควิด,พระโขนง,สุขุมวิท,2018,2,12,2018-02-12,16:00-19:00,False
1715,ก่อนโควิด,ประชาสงเคราะห์,ประชาสงเคราะห์,2018,2,16,2018-02-16,07:00-09:00,False
1716,ก่อนโควิด,ประชาสงเคราะห์,ประชาสงเคราะห์,2018,2,16,2018-02-16,09:00-16:00,False
1717,ก่อนโควิด,ประชาสงเคราะห์,ประชาสงเคราะห์,2018,2,16,2018-02-16,16:00-19:00,False
1718,ก่อนโควิด,ประชาสงเคราะห์,ดินแดง,2018,2,16,2018-02-16,07:00-09:00,False
1719,ก่อนโควิด,ประชาสงเคราะห์,ดินแดง,2018,2,16,2018-02-16,09:00-16:00,False
1720,ก่อนโควิด,ประชาสงเคราะห์,ดินแดง,2018,2,16,2018-02-16,16:00-19:00,False
1727,ก่อนโควิด,พระรามที่ 4,รัชดาภิเษก,2018,2,26,2018-02-26,07:00-09:00,False
1728,ก่อนโควิด,พระรามที่ 4,รัชดาภิเษก,2018,2,26,2018-02-26,09:00-16:00,False
1729,ก่อนโควิด,พระรามที่ 4,รัชดาภิเษก,2018,2,26,2018-02-26,16:00-19:00,False
1730,ก่อนโควิด,พระรามที่ 4,พระรามที่ 4,2018,2,26,2018-02-26,07:00-09:00,False
1731,ก่อนโควิด,พระรามที่ 4,พระรามที่ 4,2018,2,26,2018-02-26,09:00-16:00,False
1732,ก่อนโควิด,พระรามที่ 4,พระรามที่ 4,2018,2,26,2018-02-26,16:00-19:00,False
1742,ก่อนโควิด,เทอดดำริ,เทอดดำริ,2018,3,9,2018-03-09,07:00-09:00,False
1743,ก่อนโควิด,เทอดดำริ,เทอดดำริ,2018,3,9,2018-03-09,09:00-16:00,False
1744,ก่อนโควิด,เทอดดำริ,เทอดดำริ,2018,3,9,2018-03-09,16:00-19:00,False
1745,ก่อนโควิด,เทอดดำริ,ประดิพัทธ์,2018,3,9,2018-03-09,07:00-09:00,False
1746,ก่อนโควิด,เทอดดำริ,ประดิพัทธ์,2018,3,9,2018-03-09,09:00-16:00,False
1747,ก่อนโควิด,เทอดดำริ,ประดิพัทธ์,2018,3,9,2018-03-09,16:00-19:00,False
1793,ก่อนโควิด,ตรอกจันทน์,เจริญกรุง,2018,3,19,2018-03-19,07:00-09:00,False
1794,ก่อนโควิด,ตรอกจันทน์,เจริญกรุง,2018,3,19,2018-03-19,09:00-16:00,False
1795,ก่อนโควิด,ตรอกจันทน์,เจริญกรุง,2018,3,19,2018-03-19,16:00-19:00,False
1799,ก่อนโควิด,ตรอกจันทน์,จันทน์,2018,3,19,2018-03-19,07:00-09:00,False
1800,ก่อนโควิด,ตรอกจันทน์,จันทน์,2018,3,19,2018-03-19,09:00-16:00,False
1801,ก่อนโควิด,ตรอกจันทน์,จันทน์,2018,3,19,2018-03-19,16:00-19:00,False
1820,ก่อนโควิด,สามเสน,สวรรคโลก,2018,3,23,2018-03-23,07:00-09:00,False
1821,ก่อนโควิด,สามเสน,สวรรคโลก,2018,3,23,2018-03-23,09:00-16:00,False
1822,ก่อนโควิด,สามเสน,สวรรคโลก,2018,3,23,2018-03-23,16:00-19:00,False
1823,ก่อนโควิด,สามเสน,เทอดดำริ,2018,3,23,2018-03-23,07:00-09:00,False
1824,ก่อนโควิด,สามเสน,เทอดดำริ,2018,3,23,2018-03-23,09:00-16:00,False
1825,ก่อนโควิด,สามเสน,เทอดดำริ,2018,3,23,2018-03-23,16:00-19:00,False
1826,ก่อนโควิด,สามเสน,นครไชยศรี,2018,3,23,2018-03-23,07:00-09:00,False
1827,ก่อนโควิด,สามเสน,นครไชยศรี,2018,3,23,2018-03-23,09:00-16:00,False
1828,ก่อนโควิด,สามเสน,นครไชยศรี,2018,3,23,2018-03-23,16:00-19:00,False
1841,ก่อนโควิด,ห้วยขวาง,รัชดาภิเษก,2018,3,27,2018-03-27,07:00-09:00,False
1842,ก่อนโควิด,ห้วยขวาง,รัชดาภิเษก,2018,3,27,2018-03-27,09:00-16:00,False
1843,ก่อนโควิด,ห้วยขวาง,รัชดาภิเษก,2018,3,27,2018-03-27,16:00-19:00,False
1844,ก่อนโควิด,ห้วยขวาง,ประชาสงเคราะห์,2018,3,27,2018-03-27,07:00-09:00,False
1845,ก่อนโควิด,ห้วยขวาง,ประชาสงเคราะห์,2018,3,27,2018-03-27,09:00-16:00,False
1846,ก่อนโควิด,ห้วยขวาง,ประชาสงเคราะห์,2018,3,27,2018-03-27,16:00-19:00,False
1847,ก่อนโควิด,ห้วยขวาง,ประชาราษฎร์บำเพ็ญ,2018,3,27,2018-03-27,07:00-09:00,False
1848,ก่อนโควิด,ห้วยขวาง,ประชาราษฎร์บำเพ็ญ,2018,3,27,2018-03-27,09:00-16:00,False
1849,ก่อนโควิด,ห้วยขวาง,ประชาราษฎร์บำเพ็ญ,2018,3,27,2018-03-27,16:00-19:00,False
1985,ก่อนโควิด,อุรุพงษ์,พระรามที่ 6,2018,5,8,2018-05-08,07:00-09:00,False
1986,ก่อนโควิด,อุรุพงษ์,พระรามที่ 6,2018,5,8,2018-05-08,09:00-16:00,False
1987,ก่อนโควิด,อุรุพงษ์,พระรามที่ 6,2018,5,8,2018-05-08,16:00-19:00,False
1988,ก่อนโควิด,อุรุพงษ์,เพชรบุรี,2018,5,8,2018-05-08,07:00-09:00,False
1989,ก่อนโควิด,อุรุพงษ์,เพชรบุรี,2018,5,8,2018-05-08,09:00-16:00,False
1990,ก่อนโควิด,อุรุพงษ์,เพชรบุรี,2018,5,8,2018-05-08,16:00-19:00,False
2021,ก่อนโควิด,ลาดบัวขาว,รามคำแหง,2018,5,15,2018-05-15,07:00-09:00,False
2022,ก่อนโควิด,ลาดบัวขาว,รามคำแหง,2018,5,15,2018-05-15,09:00-16:00,False
2023,ก่อนโควิด,ลาดบัวขาว,รามคำแหง,2018,5,15,2018-05-15,16:00-19:00,False
2063,ก่อนโควิด,พงษ์เพชร,ประชาชื่น,2018,5,24,2018-05-24,06:30-09:00,False
2064,ก่อนโควิด,พงษ์เพชร,ประชาชื่น,2018,5,24,2018-05-24,09:00-16:00,False
2065,ก่อนโควิด,พงษ์เพชร,ประชาชื่น,2018,5,24,2018-05-24,16:00-19:30,False
2066,ก่อนโควิด,พงษ์เพชร,งามวงศ์วาน,2018,5,24,2018-05-24,06:30-09:00,False
2067,ก่อนโควิด,พงษ์เพชร,งามวงศ์วาน,2018,5,24,2018-05-24,09:00-16:00,False
2068,ก่อนโควิด,พงษ์เพชร,งามวงศ์วาน,2018,5,24,2018-05-24,16:00-19:30,False
2099,ก่อนโควิด,ราชเทวี,พญาไท,2018,6,1,2018-06-01,07:00-09:00,False
2100,ก่อนโควิด,ราชเทวี,พญาไท,2018,6,1,2018-06-01,09:00-16:00,False
2101,ก่อนโควิด,ราชเทวี,พญาไท,2018,6,1,2018-06-01,16:00-19:00,False
2102,ก่อนโควิด,ราชเทวี,เพชรบุรี,2018,6,1,2018-06-01,07:00-09:00,False
2103,ก่อนโควิด,ราชเทวี,เพชรบุรี,2018,6,1,2018-06-01,09:00-16:00,False
2104,ก่อนโควิด,ราชเทวี,เพชรบุรี,2018,6,1,2018-06-01,16:00-19:00,False
2138,ก่อนโควิด,หมอเหล็ง,ราชปรารภ,2018,6,13,2018-06-13,07:00-09:00,False
2139,ก่อนโควิด,หมอเหล็ง,ราชปรารภ,2018,6,13,2018-06-13,09:00-16:00,False
2140,ก่อนโควิด,หมอเหล็ง,ราชปรารภ,2018,6,13,2018-06-13,16:00-19:00,False
2141,ก่อนโควิด,หมอเหล็ง,จตุรทิศ,2018,6,13,2018-06-13,07:00-09:00,False
2142,ก่อนโควิด,หมอเหล็ง,จตุรทิศ,2018,6,13,2018-06-13,09:00-16:00,False
2143,ก่อนโควิด,หมอเหล็ง,จตุรทิศ,2018,6,13,2018-06-13,16:00-19:00,False
2144,ก่อนโควิด,หมอเหล็ง,ศรีอยุธยา,2018,6,13,2018-06-13,07:00-09:00,False
2145,ก่อนโควิด,หมอเหล็ง,ศรีอยุธยา,2018,6,13,2018-06-13,09:00-16:00,False
2146,ก่อนโควิด,หมอเหล็ง,ศรีอยุธยา,2018,6,13,2018-06-13,16:00-19:00,False
2183,ก่อนโควิด,เพชรพระราม,บรรทัดทอง,2018,6,22,2018-06-22,06:30-09:00,False
2184,ก่อนโควิด,เพชรพระราม,บรรทัดทอง,2018,6,22,2018-06-22,09:00-16:00,False
2185,ก่อนโควิด,เพชรพระราม,บรรทัดทอง,2018,6,22,2018-06-22,16:00-19:30,False
2186,ก่อนโควิด,เพชรพระราม,เพชรบุรี,2018,6,22,2018-06-22,06:30-09:00,False
2187,ก่อนโควิด,เพชรพระราม,เพชรบุรี,2018,6,22,2018-06-22,09:00-16:00,False
2188,ก่อนโควิด,เพชรพระราม,เพชรบุรี,2018,6,22,2018-06-22,16:00-19:30,False
2195,ก่อนโควิด,เพชรเกษม 69,เพชรเกษม,2018,6,22,2018-06-22,07:00-09:00,False
2196,ก่อนโควิด,เพชรเกษม 69,เพชรเกษม,2018,6,22,2018-06-22,09:00-16:00,False
2197,ก่อนโควิด,เพชรเกษม 69,เพชรเกษม,2018,6,22,2018-06-22,16:00-19:00,False
2213,ก่อนโควิด,ขัตติยานี,พิชัย,2018,6,27,2018-06-27,07:00-09:00,False
2214,ก่อนโควิด,ขัตติยานี,พิชัย,2018,6,27,2018-06-27,09:00-16:00,False
2215,ก่อนโควิด,ขัตติยานี,พิชัย,2018,6,27,2018-06-27,16:00-19:00,False
2216,ก่อนโควิด,ขัตติยานี,สุโขทัย,2018,6,27,2018-06-27,07:00-09:00,False
2217,ก่อนโควิด,ขัตติยานี,สุโขทัย,2018,6,27,2018-06-27,09:00-16:00,False
2218,ก่อนโควิด,ขัตติยานี,สุโขทัย,2018,6,27,2018-06-27,16:00-19:00,False
2219,ก่อนโควิด,บ้านแขก,ประชาธิปก,2018,6,28,2018-06-28,06:30-09:00,False
2220,ก่อนโควิด,บ้านแขก,ประชาธิปก,2018,6,28,2018-06-28,09:00-16:00,False
2221,ก่อนโควิด,บ้านแขก,ประชาธิปก,2018,6,28,2018-06-28,16:00-19:30,False
2222,ก่อนโควิด,บ้านแขก,อิสรภาพ,2018,6,28,2018-06-28,06:30-09:00,False
2223,ก่อนโควิด,บ้านแขก,อิสรภาพ,2018,6,28,2018-06-28,09:00-16:00,False
2224,ก่อนโควิด,บ้านแขก,อิสรภาพ,2018,6,28,2018-06-28,16:00-19:30,False
2225,ก่อนโควิด,บางรัก,เจริญกรุง,2018,6,29,2018-06-29,07:00-09:00,False
2226,ก่อนโควิด,บางรัก,เจริญกรุง,2018,6,29,2018-06-29,09:00-16:00,False
2227,ก่อนโควิด,บางรัก,เจริญกรุง,2018,6,29,2018-06-29,16:00-19:00,False
2228,ก่อนโควิด,บางรัก,สีลม,2018,6,29,2018-06-29,07:00-09:00,False
2229,ก่อนโควิด,บางรัก,สีลม,2018,6,29,2018-06-29,09:00-16:00,False
2230,ก่อนโควิด,บางรัก,สีลม,2018,6,29,2018-06-29,16:00-19:00,False
2237,ก่อนโควิด,สามแยกบางกะปิ,ศรีนครินทร์,2018,7,3,2018-07-03,07:00-09:00,False
2238,ก่อนโควิด,สามแยกบางกะปิ,ศรีนครินทร์,2018,7,3,2018-07-03,09:00-16:00,False
2239,ก่อนโควิด,สามแยกบางกะปิ,ศรีนครินทร์,2018,7,3,2018-07-03,16:00-19:00,False
2240,ก่อนโควิด,สามแยกบางกะปิ,ลาดพร้าว,2018,7,3,2018-07-03,07:00-09:00,False
2241,ก่อนโควิด,สามแยกบางกะปิ,ลาดพร้าว,2018,7,3,2018-07-03,09:00-16:00,False
2242,ก่อนโควิด,สามแยกบางกะปิ,ลาดพร้าว,2018,7,3,2018-07-03,16:00-19:00,False
2255,ก่อนโควิด,รามคำแหง,รามคำแหง,2018,7,6,2018-07-06,07:00-09:00,False
2256,ก่อนโควิด,รามคำแหง,รามคำแหง,2018,7,6,2018-07-06,09:00-16:00,False
2257,ก่อนโควิด,รามคำแหง,รามคำแหง,2018,7,6,2018-07-06,16:00-19:00,False
2258,ก่อนโควิด,รามคำแหง,พระราม 9,2018,7,6,2018-07-06,07:00-09:00,False
2259,ก่อนโควิด,รามคำแหง,พระราม 9,2018,7,6,2018-07-06,09:00-16:00,False
2260,ก่อนโควิด,รามคำแหง,พระราม 9,2018,7,6,2018-07-06,16:00-19:00,False
2261,ก่อนโควิด,พหลโยธิน - เทพรักษ์,พหลโยธิน,2018,7,9,2018-07-09,07:00-09:00,False
2262,ก่อนโควิด,พหลโยธิน - เทพรักษ์,พหลโยธิน,2018,7,9,2018-07-09,09:00-16:00,False
2263,ก่อนโควิด,พหลโยธิน - เทพรักษ์,พหลโยธิน,2018,7,9,2018-07-09,16:00-19:00,False
2264,ก่อนโควิด,พหลโยธิน - เทพรักษ์,เทพรักษ์,2018,7,9,2018-07-09,07:00-09:00,False
2265,ก่อนโควิด,พหลโยธิน - เทพรักษ์,เทพรักษ์,2018,7,9,2018-07-09,09:00-16:00,False
2266,ก่อนโควิด,พหลโยธิน - เทพรักษ์,เทพรักษ์,2018,7,9,2018-07-09,16:00-19:00,False
2276,ก่อนโควิด,บางชัน,เสรีไทย,2018,7,10,2018-07-10,07:00-09:00,False
2277,ก่อนโควิด,บางชัน,เสรีไทย,2018,7,10,2018-07-10,09:00-16:00,False
2278,ก่อนโควิด,บางชัน,เสรีไทย,2018,7,10,2018-07-10,16:00-19:00,False
2291,ก่อนโควิด,นาหลวง,พุทธบูชา,2018,7,12,2018-07-12,07:00-09:00,False
2292,ก่อนโควิด,นาหลวง,พุทธบูชา,2018,7,12,2018-07-12,09:00-16:00,False
2293,ก่อนโควิด,นาหลวง,พุทธบูชา,2018,7,12,2018-07-12,16:00-19:00,False
2312,ก่อนโควิด,หลานหลวง,จักรพรรดิพงษ์,2018,7,17,2018-07-17,06:30-09:00,False
2313,ก่อนโควิด,หลานหลวง,จักรพรรดิพงษ์,2018,7,17,2018-07-17,09:00-16:00,False
2314,ก่อนโควิด,หลานหลวง,จักรพรรดิพงษ์,2018,7,17,2018-07-17,16:00-19:30,False
2315,ก่อนโควิด,หลานหลวง,หลานหลวง,2018,7,17,2018-07-17,06:30-09:00,False
2316,ก่อนโควิด,หลานหลวง,หลานหลวง,2018,7,17,2018-07-17,09:00-16:00,False
2317,ก่อนโควิด,หลานหลวง,หลานหลวง,2018,7,17,2018-07-17,16:00-19:30,False
2318,ก่อนโควิด,วังหิน,สุขาภิบาล 1,2018,7,18,2018-07-18,07:00-09:00,False
2319,ก่อนโควิด,วังหิน,สุขาภิบาล 1,2018,7,18,2018-07-18,09:00-16:00,False
2320,ก่อนโควิด,วังหิน,สุขาภิบาล 1,2018,7,18,2018-07-18,16:00-19:00,False
2324,ก่อนโควิด,วังหิน,เสนานิคม,2018,7,18,2018-07-18,07:00-09:00,False
2325,ก่อนโควิด,วังหิน,เสนานิคม,2018,7,18,2018-07-18,09:00-16:00,False
2326,ก่อนโควิด,วังหิน,เสนานิคม,2018,7,18,2018-07-18,16:00-19:00,False
2333,ก่อนโควิด,เพลินจิต,วิทยุ,2018,7,20,2018-07-20,07:00-09:00,False
2334,ก่อนโควิด,เพลินจิต,วิทยุ,2018,7,20,2018-07-20,09:00-16:00,False
2335,ก่อนโควิด,เพลินจิต,วิทยุ,2018,7,20,2018-07-20,16:00-19:00,False
2336,ก่อนโควิด,เพลินจิต,เพลินจิต,2018,7,20,2018-07-20,07:00-09:00,False
2337,ก่อนโควิด,เพลินจิต,เพลินจิต,2018,7,20,2018-07-20,09:00-16:00,False
2338,ก่อนโควิด,เพลินจิต,เพลินจิต,2018,7,20,2018-07-20,16:00-19:00,False
2351,ก่อนโควิด,สะพานควาย,พหลโยธิน,2018,7,24,2018-07-24,07:00-09:00,False
2352,ก่อนโควิด,สะพานควาย,พหลโยธิน,2018,7,24,2018-07-24,09:00-16:00,False
2353,ก่อนโควิด,สะพานควาย,พหลโยธิน,2018,7,24,2018-07-24,16:00-19:00,False
2354,ก่อนโควิด,สะพานควาย,ประดิพัทธ์,2018,7,24,2018-07-24,07:00-09:00,False
2355,ก่อนโควิด,สะพานควาย,ประดิพัทธ์,2018,7,24,2018-07-24,09:00-16:00,False
2356,ก่อนโควิด,สะพานควาย,ประดิพัทธ์,2018,7,24,2018-07-24,16:00-19:00,False
2357,ก่อนโควิด,สะพานควาย,สุทธิสาร,2018,7,24,2018-07-24,07:00-09:00,False
2358,ก่อนโควิด,สะพานควาย,สุทธิสาร,2018,7,24,2018-07-24,09:00-16:00,False
2359,ก่อนโควิด,สะพานควาย,สุทธิสาร,2018,7,24,2018-07-24,16:00-19:00,False
2363,ก่อนโควิด,บางบอน 5,บางบอน 5,2018,7,25,2018-07-25,07:00-09:00,False
2364,ก่อนโควิด,บางบอน 5,บางบอน 5,2018,7,25,2018-07-25,09:00-16:00,False
2365,ก่อนโควิด,บางบอน 5,บางบอน 5,2018,7,25,2018-07-25,16:00-19:00,False
2366,ก่อนโควิด,บางบอน 5,เอกชัย,2018,7,25,2018-07-25,07:00-09:00,False
2367,ก่อนโควิด,บางบอน 5,เอกชัย,2018,7,25,2018-07-25,09:00-16:00,False
2368,ก่อนโควิด,บางบอน 5,เอกชัย,2018,7,25,2018-07-25,16:00-19:00,False
2381,ก่อนโควิด,เพชรเกษม 81,เพชรเกษม,2018,7,31,2018-07-31,06:30-09:00,False
2382,ก่อนโควิด,เพชรเกษม 81,เพชรเกษม,2018,7,31,2018-07-31,09:00-16:00,False
2383,ก่อนโควิด,เพชรเกษม 81,เพชรเกษม,2018,7,31,2018-07-31,16:00-19:30,False
2405,ก่อนโควิด,เสาวณี,สวรรคโลก,2018,8,6,2018-08-06,07:00-09:00,False
2406,ก่อนโควิด,เสาวณี,สวรรคโลก,2018,8,6,2018-08-06,09:00-16:00,False
2407,ก่อนโควิด,เสาวณี,สวรรคโลก,2018,8,6,2018-08-06,16:00-19:00,False
2408,ก่อนโควิด,เสาวณี,ศรีอยุธยา,2018,8,6,2018-08-06,07:00-09:00,False
2409,ก่อนโควิด,เสาวณี,ศรีอยุธยา,2018,8,6,2018-08-06,09:00-16:00,False
2410,ก่อนโควิด,เสาวณี,ศรีอยุธยา,2018,8,6,2018-08-06,16:00-19:00,False
2411,ก่อนโควิด,สาทร - เจริญกรุง,เจริญกรุง,2018,8,7,2018-08-07,07:00-09:00,False
2412,ก่อนโควิด,สาทร - เจริญกรุง,เจริญกรุง,2018,8,7,2018-08-07,09:00-16:00,False
2413,ก่อนโควิด,สาทร - เจริญกรุง,เจริญกรุง,2018,8,7,2018-08-07,16:00-19:00,False
2414,ก่อนโควิด,สาทร - เจริญกรุง,สาทร,2018,8,7,2018-08-07,07:00-09:00,False
2415,ก่อนโควิด,สาทร - เจริญกรุง,สาทร,2018,8,7,2018-08-07,09:00-16:00,False
2416,ก่อนโควิด,สาทร - เจริญกรุง,สาทร,2018,8,7,2018-08-07,16:00-19:00,False
2417,ก่อนโควิด,ราษฎร์บูรณะ,ราษฎร์พัฒนา,2018,8,8,2018-08-08,07:00-09:00,False
2418,ก่อนโควิด,ราษฎร์บูรณะ,ราษฎร์พัฒนา,2018,8,8,2018-08-08,09:00-16:00,False
2419,ก่อนโควิด,ราษฎร์บูรณะ,ราษฎร์พัฒนา,2018,8,8,2018-08-08,16:00-19:00,False
2420,ก่อนโควิด,ราษฎร์บูรณะ,ราษฎร์บูรณะ,2018,8,8,2018-08-08,07:00-09:00,False
2421,ก่อนโควิด,ราษฎร์บูรณะ,ราษฎร์บูรณะ,2018,8,8,2018-08-08,09:00-16:00,False
2422,ก่อนโควิด,ราษฎร์บูรณะ,ราษฎร์บูรณะ,2018,8,8,2018-08-08,16:00-19:00,False
2432,ก่อนโควิด,วัดเทพลีลา,รามคำแหง,2018,8,10,2018-08-10,07:00-09:00,False
2433,ก่อนโควิด,วัดเทพลีลา,รามคำแหง,2018,8,10,2018-08-10,09:00-16:00,False
2434,ก่อนโควิด,วัดเทพลีลา,รามคำแหง,2018,8,10,2018-08-10,16:00-19:00,False
2438,ก่อนโควิด,นางเลิ้ง,นครสวรรค์,2018,8,14,2018-08-14,07:00-09:00,False
2439,ก่อนโควิด,นางเลิ้ง,นครสวรรค์,2018,8,14,2018-08-14,09:00-16:00,False
2440,ก่อนโควิด,นางเลิ้ง,นครสวรรค์,2018,8,14,2018-08-14,16:00-19:00,False
2444,ก่อนโควิด,นางเลิ้ง,พิษณุโลก,2018,8,14,2018-08-14,07:00-09:00,False
2445,ก่อนโควิด,นางเลิ้ง,พิษณุโลก,2018,8,14,2018-08-14,09:00-16:00,False
2446,ก่อนโควิด,นางเลิ้ง,พิษณุโลก,2018,8,14,2018-08-14,16:00-19:00,False
2450,ก่อนโควิด,สะพานขาว,กรุงเกษม,2018,8,15,2018-08-15,07:00-09:00,False
2451,ก่อนโควิด,สะพานขาว,กรุงเกษม,2018,8,15,2018-08-15,09:00-16:00,False
2452,ก่อนโควิด,สะพานขาว,กรุงเกษม,2018,8,15,2018-08-15,16:00-19:00,False
2453,ก่อนโควิด,สะพานขาว,หลานหลวง,2018,8,15,2018-08-15,07:00-09:00,False
2454,ก่อนโควิด,สะพานขาว,หลานหลวง,2018,8,15,2018-08-15,09:00-16:00,False
2455,ก่อนโควิด,สะพานขาว,หลานหลวง,2018,8,15,2018-08-15,16:00-19:00,False
2459,ก่อนโควิด,นวมินทร์ - ประเสริฐมนูกิจ,ประเสริฐมนูกิจ,2018,8,16,2018-08-16,06:30-09:00,False
2460,ก่อนโควิด,นวมินทร์ - ประเสริฐมนูกิจ,ประเสริฐมนูกิจ,2018,8,16,2018-08-16,09:00-16:00,False
2461,ก่อนโควิด,นวมินทร์ - ประเสริฐมนูกิจ,ประเสริฐมนูกิจ,2018,8,16,2018-08-16,16:00-19:30,False
2462,ก่อนโควิด,สี่แยกลาดหญ้า,ท่าดินแดง,2018,8,17,2018-08-17,06:30-09:00,False
2463,ก่อนโควิด,สี่แยกลาดหญ้า,ท่าดินแดง,2018,8,17,2018-08-17,09:00-16:00,False
2464,ก่อนโควิด,สี่แยกลาดหญ้า,ท่าดินแดง,2018,8,17,2018-08-17,16:00-19:30,False
2465,ก่อนโควิด,สี่แยกลาดหญ้า,อิสรภาพ,2018,8,17,2018-08-17,06:30-09:00,False
2466,ก่อนโควิด,สี่แยกลาดหญ้า,อิสรภาพ,2018,8,17,2018-08-17,09:00-16:00,False
2467,ก่อนโควิด,สี่แยกลาดหญ้า,อิสรภาพ,2018,8,17,2018-08-17,16:00-19:30,False
2471,ก่อนโควิด,ราชวิถี,พระรามที่ 5,2018,8,20,2018-08-20,07:00-09:00,False
2472,ก่อนโควิด,ราชวิถี,พระรามที่ 5,2018,8,20,2018-08-20,09:00-16:00,False
2473,ก่อนโควิด,ราชวิถี,พระรามที่ 5,2018,8,20,2018-08-20,16:00-19:00,False
2474,ก่อนโควิด,ราชวิถี,ราชวิถี,2018,8,20,2018-08-20,07:00-09:00,False
2475,ก่อนโควิด,ราชวิถี,ราชวิถี,2018,8,20,2018-08-20,09:00-16:00,False
2476,ก่อนโควิด,ราชวิถี,ราชวิถี,2018,8,20,2018-08-20,16:00-19:00,False
2480,ก่อนโควิด,หลักสี่,กำแพงเพชร 6,2018,8,21,2018-08-21,07:00-09:00,False
2481,ก่อนโควิด,หลักสี่,กำแพงเพชร 6,2018,8,21,2018-08-21,09:00-16:00,False
2482,ก่อนโควิด,หลักสี่,กำแพงเพชร 6,2018,8,21,2018-08-21,16:00-19:00,False
2483,ก่อนโควิด,หลักสี่,แจ้งวัฒนะ,2018,8,21,2018-08-21,07:00-09:00,False
2484,ก่อนโควิด,หลักสี่,แจ้งวัฒนะ,2018,8,21,2018-08-21,09:00-16:00,False
2485,ก่อนโควิด,หลักสี่,แจ้งวัฒนะ,2018,8,21,2018-08-21,16:00-19:00,False
2486,ก่อนโควิด,มิตรสัมพันธ์,นิคมมักกะสัน,2018,8,22,2018-08-22,07:00-09:00,False
2487,ก่อนโควิด,มิตรสัมพันธ์,นิคมมักกะสัน,2018,8,22,2018-08-22,09:00-16:00,False
2488,ก่อนโควิด,มิตรสัมพันธ์,นิคมมักกะสัน,2018,8,22,2018-08-22,16:00-19:00,False
2489,ก่อนโควิด,มิตรสัมพันธ์,เพชรบุรี,2018,8,22,2018-08-22,07:00-09:00,False
2490,ก่อนโควิด,มิตรสัมพันธ์,เพชรบุรี,2018,8,22,2018-08-22,09:00-16:00,False
2491,ก่อนโควิด,มิตรสัมพันธ์,เพชรบุรี,2018,8,22,2018-08-22,16:00-19:00,False
2492,ก่อนโควิด,พรานนก,อิสรภาพ,2018,8,23,2018-08-23,07:00-09:00,False
2493,ก่อนโควิด,พรานนก,อิสรภาพ,2018,8,23,2018-08-23,09:00-16:00,False
2494,ก่อนโควิด,พรานนก,อิสรภาพ,2018,8,23,2018-08-23,16:00-19:00,False
2495,ก่อนโควิด,พรานนก,พรานนก,2018,8,23,2018-08-23,07:00-09:00,False
2496,ก่อนโควิด,พรานนก,พรานนก,2018,8,23,2018-08-23,09:00-16:00,False
2497,ก่อนโควิด,พรานนก,พรานนก,2018,8,23,2018-08-23,16:00-19:00,False
2501,ก่อนโควิด,ศิริราช,พรานนก,2018,8,24,2018-08-24,07:00-09:00,False
2502,ก่อนโควิด,ศิริราช,พรานนก,2018,8,24,2018-08-24,09:00-16:00,False
2503,ก่อนโควิด,ศิริราช,พรานนก,2018,8,24,2018-08-24,16:00-19:00,False
2534,ก่อนโควิด,นางลิ้นจี่,นางลิ้นจี่,2018,8,30,2018-08-30,07:00-09:00,False
2535,ก่อนโควิด,นางลิ้นจี่,นางลิ้นจี่,2018,8,30,2018-08-30,09:00-16:00,False
2536,ก่อนโควิด,นางลิ้นจี่,นางลิ้นจี่,2018,8,30,2018-08-30,16:00-19:00,False
2537,ก่อนโควิด,นางลิ้นจี่,พระรามที่ 3,2018,8,30,2018-08-30,07:00-09:00,False
2538,ก่อนโควิด,นางลิ้นจี่,พระรามที่ 3,2018,8,30,2018-08-30,09:00-16:00,False
2539,ก่อนโควิด,นางลิ้นจี่,พระรามที่ 3,2018,8,30,2018-08-30,16:00-19:00,False
2540,ก่อนโควิด,พงษ์พระราม,จารุเมือง,2018,8,31,2018-08-31,07:00-09:00,False
2541,ก่อนโควิด,พงษ์พระราม,จารุเมือง,2018,8,31,2018-08-31,09:00-16:00,False
2542,ก่อนโควิด,พงษ์พระราม,จารุเมือง,2018,8,31,2018-08-31,16:00-19:00,False
2543,ก่อนโควิด,พงษ์พระราม,พระรามที่ 1,2018,8,31,2018-08-31,07:00-09:00,False
2544,ก่อนโควิด,พงษ์พระราม,พระรามที่ 1,2018,8,31,2018-08-31,09:00-16:00,False
2545,ก่อนโควิด,พงษ์พระราม,พระรามที่ 1,2018,8,31,2018-08-31,16:00-19:00,False
2558,ก่อนโควิด,คลองสาน,เจริญนคร,2018,9,4,2018-09-04,07:00-09:00,False
2559,ก่อนโควิด,คลองสาน,เจริญนคร,2018,9,4,2018-09-04,09:00-16:00,False
2560,ก่อนโควิด,คลองสาน,เจริญนคร,2018,9,4,2018-09-04,16:00-19:00,False
2561,ก่อนโควิด,คลองสาน,สมเด็จเจ้าพระยา,2018,9,4,2018-09-04,07:00-09:00,False
2562,ก่อนโควิด,คลองสาน,สมเด็จเจ้าพระยา,2018,9,4,2018-09-04,09:00-16:00,False
2563,ก่อนโควิด,คลองสาน,สมเด็จเจ้าพระยา,2018,9,4,2018-09-04,16:00-19:00,False
2564,ก่อนโควิด,คลองสาน,ลาดหญ้า,2018,9,4,2018-09-04,07:00-09:00,False
2565,ก่อนโควิด,คลองสาน,ลาดหญ้า,2018,9,4,2018-09-04,09:00-16:00,False
2566,ก่อนโควิด,คลองสาน,ลาดหญ้า,2018,9,4,2018-09-04,16:00-19:00,False
2576,ก่อนโควิด,อุดมสุข,สุขุมวิท,2018,9,6,2018-09-06,07:00-09:00,False
2577,ก่อนโควิด,อุดมสุข,สุขุมวิท,2018,9,6,2018-09-06,09:00-16:00,False
2578,ก่อนโควิด,อุดมสุข,สุขุมวิท,2018,9,6,2018-09-06,16:00-19:00,False
2582,ก่อนโควิด,เจ้าคุณทหาร - ฉลองกรุง,ฉลองกรุง,2018,9,10,2018-09-10,07:00-09:00,False
2583,ก่อนโควิด,เจ้าคุณทหาร - ฉลองกรุง,ฉลองกรุง,2018,9,10,2018-09-10,09:00-16:00,False
2584,ก่อนโควิด,เจ้าคุณทหาร - ฉลองกรุง,ฉลองกรุง,2018,9,10,2018-09-10,16:00-19:00,False
2585,ก่อนโควิด,เจ้าคุณทหาร - ฉลองกรุง,เจ้าคุณทหาร,2018,9,10,2018-09-10,07:00-09:00,False
2586,ก่อนโควิด,เจ้าคุณทหาร - ฉลองกรุง,เจ้าคุณทหาร,2018,9,10,2018-09-10,09:00-16:00,False
2587,ก่อนโควิด,เจ้าคุณทหาร - ฉลองกรุง,เจ้าคุณทหาร,2018,9,10,2018-09-10,16:00-19:00,False
2612,ก่อนโควิด,เทเวศร์,สามเสน,2018,9,14,2018-09-14,07:00-09:00,False
2613,ก่อนโควิด,เทเวศร์,สามเสน,2018,9,14,2018-09-14,09:00-16:00,False
2614,ก่อนโควิด,เทเวศร์,สามเสน,2018,9,14,2018-09-14,16:00-19:00,False
2615,ก่อนโควิด,เทเวศร์,กรุงเกษม,2018,9,14,2018-09-14,07:00-09:00,False
2616,ก่อนโควิด,เทเวศร์,กรุงเกษม,2018,9,14,2018-09-14,09:00-16:00,False
2617,ก่อนโควิด,เทเวศร์,กรุงเกษม,2018,9,14,2018-09-14,16:00-19:00,False
2666,ก่อนโควิด,ประชาอุทิศ,เทียมร่วมมิตร,2018,9,28,2018-09-28,07:00-09:00,False
2667,ก่อนโควิด,ประชาอุทิศ,เทียมร่วมมิตร,2018,9,28,2018-09-28,09:00-16:00,False
2668,ก่อนโควิด,ประชาอุทิศ,เทียมร่วมมิตร,2018,9,28,2018-09-28,16:00-19:00,False
2669,ก่อนโควิด,ประชาอุทิศ,ประชาอุทิศ,2018,9,28,2018-09-28,07:00-09:00,False
2670,ก่อนโควิด,ประชาอุทิศ,ประชาอุทิศ,2018,9,28,2018-09-28,09:00-16:00,False
2671,ก่อนโควิด,ประชาอุทิศ,ประชาอุทิศ,2018,9,28,2018-09-28,16:00-19:00,False
2672,ก่อนโควิด,คลองเตย,สุนทรโกษา,2018,10,1,2018-10-01,07:00-09:00,False
2673,ก่อนโควิด,คลองเตย,สุนทรโกษา,2018,10,1,2018-10-01,09:00-16:00,False
2674,ก่อนโควิด,คลองเตย,สุนทรโกษา,2018,10,1,2018-10-01,16:00-19:00,False
2675,ก่อนโควิด,คลองเตย,พระรามที่ 4,2018,10,1,2018-10-01,07:00-09:00,False
2676,ก่อนโควิด,คลองเตย,พระรามที่ 4,2018,10,1,2018-10-01,09:00-16:00,False
2677,ก่อนโควิด,คลองเตย,พระรามที่ 4,2018,10,1,2018-10-01,16:00-19:00,False
2714,ก่อนโควิด,ยุคล 2,ยุคล 2,2018,10,8,2018-10-08,07:00-09:00,False
2715,ก่อนโควิด,ยุคล 2,ยุคล 2,2018,10,8,2018-10-08,09:00-16:00,False
2716,ก่อนโควิด,ยุคล 2,ยุคล 2,2018,10,8,2018-10-08,16:00-19:00,False
2720,ก่อนโควิด,อนามัย,พลับพลาไชย,2018,10,8,2018-10-08,07:00-09:00,False
2721,ก่อนโควิด,อนามัย,พลับพลาไชย,2018,10,8,2018-10-08,09:00-16:00,False
2722,ก่อนโควิด,อนามัย,พลับพลาไชย,2018,10,8,2018-10-08,16:00-19:00,False
2789,ก่อนโควิด,บางลำพู,สามเสน,2018,10,24,2018-10-24,07:00-09:00,False
2790,ก่อนโควิด,บางลำพู,สามเสน,2018,10,24,2018-10-24,09:00-16:00,False
2791,ก่อนโควิด,บางลำพู,สามเสน,2018,10,24,2018-10-24,16:00-19:00,False
2804,ก่อนโควิด,พระราม 9 ใหม่,เพชรพระราม,2018,10,26,2018-10-26,07:00-09:00,False
2805,ก่อนโควิด,พระราม 9 ใหม่,เพชรพระราม,2018,10,26,2018-10-26,09:00-16:00,False
2806,ก่อนโควิด,พระราม 9 ใหม่,เพชรพระราม,2018,10,26,2018-10-26,16:00-19:00,False
2819,ก่อนโควิด,วัดสน,สุขสวัสดิ์,2018,10,30,2018-10-30,07:00-09:00,False
2820,ก่อนโควิด,วัดสน,สุขสวัสดิ์,2018,10,30,2018-10-30,09:00-16:00,False
2821,ก่อนโควิด,วัดสน,สุขสวัสดิ์,2018,10,30,2018-10-30,16:00-19:00,False
2822,ก่อนโควิด,นอร์ธปาร์ค,กำแพงเพชร 6,2018,10,31,2018-10-31,07:00-09:00,False
2823,ก่อนโควิด,นอร์ธปาร์ค,กำแพงเพชร 6,2018,10,31,2018-10-31,09:00-16:00,False
2824,ก่อนโควิด,นอร์ธปาร์ค,กำแพงเพชร 6,2018,10,31,2018-10-31,16:00-19:00,False
2825,ก่อนโควิด,นอร์ธปาร์ค,ชิดชน,2018,10,31,2018-10-31,07:00-09:00,False
2826,ก่อนโควิด,นอร์ธปาร์ค,ชิดชน,2018,10,31,2018-10-31,09:00-16:00,False
2827,ก่อนโควิด,นอร์ธปาร์ค,ชิดชน,2018,10,31,2018-10-31,16:00-19:00,False
2828,ก่อนโควิด,เกียกกาย,สามเสน,2018,11,1,2018-11-01,07:00-09:00,False
2829,ก่อนโควิด,เกียกกาย,สามเสน,2018,11,1,2018-11-01,09:00-16:00,False
2830,ก่อนโควิด,เกียกกาย,สามเสน,2018,11,1,2018-11-01,16:00-19:00,False
2831,ก่อนโควิด,เกียกกาย,ประชาราษฎร์สาย 1,2018,11,1,2018-11-01,07:00-09:00,False
2832,ก่อนโควิด,เกียกกาย,ประชาราษฎร์สาย 1,2018,11,1,2018-11-01,09:00-16:00,False
2833,ก่อนโควิด,เกียกกาย,ประชาราษฎร์สาย 1,2018,11,1,2018-11-01,16:00-19:00,False
2834,ก่อนโควิด,เกียกกาย,ทหาร,2018,11,1,2018-11-01,07:00-09:00,False
2835,ก่อนโควิด,เกียกกาย,ทหาร,2018,11,1,2018-11-01,09:00-16:00,False
2836,ก่อนโควิด,เกียกกาย,ทหาร,2018,11,1,2018-11-01,16:00-19:00,False
2837,ก่อนโควิด,พญาไท,พญาไท,2018,11,2,2018-11-02,07:00-09:00,False
2838,ก่อนโควิด,พญาไท,พญาไท,2018,11,2,2018-11-02,09:00-16:00,False
2839,ก่อนโควิด,พญาไท,พญาไท,2018,11,2,2018-11-02,16:00-19:00,False
2840,ก่อนโควิด,พญาไท,ศรีอยุธยา,2018,11,2,2018-11-02,07:00-09:00,False
2841,ก่อนโควิด,พญาไท,ศรีอยุธยา,2018,11,2,2018-11-02,09:00-16:00,False
2842,ก่อนโควิด,พญาไท,ศรีอยุธยา,2018,11,2,2018-11-02,16:00-19:00,False
2843,ก่อนโควิด,วัดสะพานสูง,เตชะวณิช,2018,11,5,2018-11-05,07:00-09:00,False
2844,ก่อนโควิด,วัดสะพานสูง,เตชะวณิช,2018,11,5,2018-11-05,09:00-16:00,False
2845,ก่อนโควิด,วัดสะพานสูง,เตชะวณิช,2018,11,5,2018-11-05,16:00-19:00,False
2846,ก่อนโควิด,วัดสะพานสูง,พระรามที่ 6,2018,11,5,2018-11-05,07:00-09:00,False
2847,ก่อนโควิด,วัดสะพานสูง,พระรามที่ 6,2018,11,5,2018-11-05,09:00-16:00,False
2848,ก่อนโควิด,วัดสะพานสูง,พระรามที่ 6,2018,11,5,2018-11-05,16:00-19:00,False
2855,ก่อนโควิด,บางแค,บางแค,2018,11,6,2018-11-06,07:00-09:00,False
2856,ก่อนโควิด,บางแค,บางแค,2018,11,6,2018-11-06,09:00-16:00,False
2857,ก่อนโควิด,บางแค,บางแค,2018,11,6,2018-11-06,16:00-19:00,False
2858,ก่อนโควิด,บางแค,เพชรเกษม,2018,11,6,2018-11-06,07:00-09:00,False
2859,ก่อนโควิด,บางแค,เพชรเกษม,2018,11,6,2018-11-06,09:00-16:00,False
2860,ก่อนโควิด,บางแค,เพชรเกษม,2018,11,6,2018-11-06,16:00-19:00,False
2870,ก่อนโควิด,สาทร - นราธิวาส,สาทร,2018,11,8,2018-11-08,07:00-09:00,False
2871,ก่อนโควิด,สาทร - นราธิวาส,สาทร,2018,11,8,2018-11-08,09:00-16:00,False
2872,ก่อนโควิด,สาทร - นราธิวาส,สาทร,2018,11,8,2018-11-08,16:00-19:00,False
2879,ก่อนโควิด,ป้อมมหากาฬ,มหาไชย,2018,11,12,2018-11-12,07:00-09:00,False
2880,ก่อนโควิด,ป้อมมหากาฬ,มหาไชย,2018,11,12,2018-11-12,09:00-16:00,False
2881,ก่อนโควิด,ป้อมมหากาฬ,มหาไชย,2018,11,12,2018-11-12,16:00-19:00,False
2882,ก่อนโควิด,ป้อมมหากาฬ,พระสุเมรุ,2018,11,12,2018-11-12,07:00-09:00,False
2883,ก่อนโควิด,ป้อมมหากาฬ,พระสุเมรุ,2018,11,12,2018-11-12,09:00-16:00,False
2884,ก่อนโควิด,ป้อมมหากาฬ,พระสุเมรุ,2018,11,12,2018-11-12,16:00-19:00,False
2885,ก่อนโควิด,ป้อมมหากาฬ,ราชดำเนินกลาง,2018,11,12,2018-11-12,07:00-09:00,False
2886,ก่อนโควิด,ป้อมมหากาฬ,ราชดำเนินกลาง,2018,11,12,2018-11-12,09:00-16:00,False
2887,ก่อนโควิด,ป้อมมหากาฬ,ราชดำเนินกลาง,2018,11,12,2018-11-12,16:00-19:00,False
2888,ก่อนโควิด,เสือป่า,ราชวงศ์,2018,11,13,2018-11-13,07:00-09:00,False
2889,ก่อนโควิด,เสือป่า,ราชวงศ์,2018,11,13,2018-11-13,09:00-16:00,False
2890,ก่อนโควิด,เสือป่า,ราชวงศ์,2018,11,13,2018-11-13,16:00-19:00,False
2891,ก่อนโควิด,เสือป่า,เสือป่า,2018,11,13,2018-11-13,07:00-09:00,False
2892,ก่อนโควิด,เสือป่า,เสือป่า,2018,11,13,2018-11-13,09:00-16:00,False
2893,ก่อนโควิด,เสือป่า,เสือป่า,2018,11,13,2018-11-13,16:00-19:00,False
2894,ก่อนโควิด,เสือป่า,เจริญกรุง,2018,11,13,2018-11-13,07:00-09:00,False
2895,ก่อนโควิด,เสือป่า,เจริญกรุง,2018,11,13,2018-11-13,09:00-16:00,False
2896,ก่อนโควิด,เสือป่า,เจริญกรุง,2018,11,13,2018-11-13,16:00-19:00,False
2897,ก่อนโควิด,เดโช,เดโช,2018,11,14,2018-11-14,07:00-09:00,False
2898,ก่อนโควิด,เดโช,เดโช,2018,11,14,2018-11-14,09:00-16:00,False
2899,ก่อนโควิด,เดโช,เดโช,2018,11,14,2018-11-14,16:00-19:00,False
2900,ก่อนโควิด,เดโช,สีลม,2018,11,14,2018-11-14,07:00-09:00,False
2901,ก่อนโควิด,เดโช,สีลม,2018,11,14,2018-11-14,09:00-16:00,False
2902,ก่อนโควิด,เดโช,สีลม,2018,11,14,2018-11-14,16:00-19:00,False
2903,ก่อนโควิด,เจริญผล,บรรทัดทอง,2018,11,15,2018-11-15,07:00-09:00,False
2904,ก่อนโควิด,เจริญผล,บรรทัดทอง,2018,11,15,2018-11-15,09:00-16:00,False
2905,ก่อนโควิด,เจริญผล,บรรทัดทอง,2018,11,15,2018-11-15,16:00-19:00,False
2906,ก่อนโควิด,เจริญผล,พระรามที่ 1,2018,11,15,2018-11-15,07:00-09:00,False
2907,ก่อนโควิด,เจริญผล,พระรามที่ 1,2018,11,15,2018-11-15,09:00-16:00,False
2908,ก่อนโควิด,เจริญผล,พระรามที่ 1,2018,11,15,2018-11-15,16:00-19:00,False
2909,ก่อนโควิด,จอมทอง,วุฒากาศ,2018,11,16,2018-11-16,07:00-09:00,False
2910,ก่อนโควิด,จอมทอง,วุฒากาศ,2018,11,16,2018-11-16,09:00-16:00,False
2911,ก่อนโควิด,จอมทอง,วุฒากาศ,2018,11,16,2018-11-16,16:00-19:00,False
2912,ก่อนโควิด,จอมทอง,จอมทอง,2018,11,16,2018-11-16,07:00-09:00,False
2913,ก่อนโควิด,จอมทอง,จอมทอง,2018,11,16,2018-11-16,09:00-16:00,False
2914,ก่อนโควิด,จอมทอง,จอมทอง,2018,11,16,2018-11-16,16:00-19:00,False
2921,ก่อนโควิด,ศาลาแดง,สีลม,2018,11,20,2018-11-20,07:00-09:00,False
2922,ก่อนโควิด,ศาลาแดง,สีลม,2018,11,20,2018-11-20,09:00-16:00,False
2923,ก่อนโควิด,ศาลาแดง,สีลม,2018,11,20,2018-11-20,16:00-19:00,False
2924,ก่อนโควิด,ศาลาแดง,ราชดำริ,2018,11,20,2018-11-20,07:00-09:00,False
2925,ก่อนโควิด,ศาลาแดง,ราชดำริ,2018,11,20,2018-11-20,09:00-16:00,False
2926,ก่อนโควิด,ศาลาแดง,ราชดำริ,2018,11,20,2018-11-20,16:00-19:00,False
2927,ก่อนโควิด,ศาลาแดง,พระรามที่ 4,2018,11,20,2018-11-20,07:00-09:00,False
2928,ก่อนโควิด,ศาลาแดง,พระรามที่ 4,2018,11,20,2018-11-20,09:00-16:00,False
2929,ก่อนโควิด,ศาลาแดง,พระรามที่ 4,2018,11,20,2018-11-20,16:00-19:00,False
2930,ก่อนโควิด,ด่วนนางลิ้นจี่,นางลิ้นจี่,2018,11,21,2018-11-21,07:00-09:00,False
2931,ก่อนโควิด,ด่วนนางลิ้นจี่,นางลิ้นจี่,2018,11,21,2018-11-21,09:00-16:00,False
2932,ก่อนโควิด,ด่วนนางลิ้นจี่,นางลิ้นจี่,2018,11,21,2018-11-21,16:00-19:00,False
2933,ก่อนโควิด,ด่วนนางลิ้นจี่,รัชดาภิเษก,2018,11,21,2018-11-21,07:00-09:00,False
2934,ก่อนโควิด,ด่วนนางลิ้นจี่,รัชดาภิเษก,2018,11,21,2018-11-21,09:00-16:00,False
2935,ก่อนโควิด,ด่วนนางลิ้นจี่,รัชดาภิเษก,2018,11,21,2018-11-21,16:00-19:00,False
2942,ก่อนโควิด,รัชโยธิน,พหลโยธิน,2018,11,23,2018-11-23,07:00-09:00,False
2943,ก่อนโควิด,รัชโยธิน,พหลโยธิน,2018,11,23,2018-11-23,09:00-16:00,False
2944,ก่อนโควิด,รัชโยธิน,พหลโยธิน,2018,11,23,2018-11-23,16:00-19:00,False
2948,ก่อนโควิด,บางกระบือ,สามเสน,2018,11,26,2018-11-26,07:00-09:00,False
2949,ก่อนโควิด,บางกระบือ,สามเสน,2018,11,26,2018-11-26,09:00-16:00,False
2950,ก่อนโควิด,บางกระบือ,สามเสน,2018,11,26,2018-11-26,16:00-19:00,False
2951,ก่อนโควิด,บางกระบือ,เขียวไข่กา,2018,11,26,2018-11-26,07:00-09:00,False
2952,ก่อนโควิด,บางกระบือ,เขียวไข่กา,2018,11,26,2018-11-26,09:00-16:00,False
2953,ก่อนโควิด,บางกระบือ,เขียวไข่กา,2018,11,26,2018-11-26,16:00-19:00,False
2954,ก่อนโควิด,บางกระบือ,อำนวยสงคราม,2018,11,26,2018-11-26,07:00-09:00,False
2955,ก่อนโควิด,บางกระบือ,อำนวยสงคราม,2018,11,26,2018-11-26,09:00-16:00,False
2956,ก่อนโควิด,บางกระบือ,อำนวยสงคราม,2018,11,26,2018-11-26,16:00-19:00,False
2957,ก่อนโควิด,อังรีดูนังต์,สุรวงศ์,2018,11,27,2018-11-27,07:00-09:00,False
2958,ก่อนโควิด,อังรีดูนังต์,สุรวงศ์,2018,11,27,2018-11-27,09:00-16:00,False
2959,ก่อนโควิด,อังรีดูนังต์,สุรวงศ์,2018,11,27,2018-11-27,16:00-19:00,False
2960,ก่อนโควิด,อังรีดูนังต์,อังรีดูนังต์,2018,11,27,2018-11-27,07:00-09:00,False
2961,ก่อนโควิด,อังรีดูนังต์,อังรีดูนังต์,2018,11,27,2018-11-27,09:00-16:00,False
2962,ก่อนโควิด,อังรีดูนังต์,อังรีดูนังต์,2018,11,27,2018-11-27,16:00-19:00,False
2981,ก่อนโควิด,ประชาชื่น,ประชาชื่น,2018,11,30,2018-11-30,07:00-09:00,False
2982,ก่อนโควิด,ประชาชื่น,ประชาชื่น,2018,11,30,2018-11-30,09:00-16:00,False
2983,ก่อนโควิด,ประชาชื่น,ประชาชื่น,2018,11,30,2018-11-30,16:00-19:00,False
2984,ก่อนโควิด,ประชาชื่น,ประชาราษฎร์สาย 2,2018,11,30,2018-11-30,07:00-09:00,False
2985,ก่อนโควิด,ประชาชื่น,ประชาราษฎร์สาย 2,2018,11,30,2018-11-30,09:00-16:00,False
2986,ก่อนโควิด,ประชาชื่น,ประชาราษฎร์สาย 2,2018,11,30,2018-11-30,16:00-19:00,False
2987,ก่อนโควิด,วังแดง,ราชสีมา,2018,12,3,2018-12-03,07:00-09:00,False
2988,ก่อนโควิด,วังแดง,ราชสีมา,2018,12,3,2018-12-03,09:00-16:00,False
2989,ก่อนโควิด,วังแดง,ราชสีมา,2018,12,3,2018-12-03,16:00-19:00,False
2990,ก่อนโควิด,วังแดง,พิษณุโลก,2018,12,3,2018-12-03,07:00-09:00,False
2991,ก่อนโควิด,วังแดง,พิษณุโลก,2018,12,3,2018-12-03,09:00-16:00,False
2992,ก่อนโควิด,วังแดง,พิษณุโลก,2018,12,3,2018-12-03,16:00-19:00,False
3017,ก่อนโควิด,นานา,สุขุมวิท,2018,12,7,2018-12-07,07:00-09:00,False
3018,ก่อนโควิด,นานา,สุขุมวิท,2018,12,7,2018-12-07,09:00-16:00,False
3019,ก่อนโควิด,นานา,สุขุมวิท,2018,12,7,2018-12-07,16:00-19:00,False
3044,ก่อนโควิด,เอส เอ บี,วรจักร,2018,12,14,2018-12-14,07:00-09:00,False
3045,ก่อนโควิด,เอส เอ บี,วรจักร,2018,12,14,2018-12-14,09:00-16:00,False
3046,ก่อนโควิด,เอส เอ บี,วรจักร,2018,12,14,2018-12-14,16:00-19:00,False
3047,ก่อนโควิด,เอส เอ บี,เจริญกรุง,2018,12,14,2018-12-14,07:00-09:00,False
3048,ก่อนโควิด,เอส เอ บี,เจริญกรุง,2018,12,14,2018-12-14,09:00-16:00,False
3049,ก่อนโควิด,เอส เอ บี,เจริญกรุง,2018,12,14,2018-12-14,16:00-19:00,False
3050,ก่อนโควิด,ประดิพัทธ์,พระรามที่ 6,2018,12,17,2018-12-17,07:00-09:00,False
3051,ก่อนโควิด,ประดิพัทธ์,พระรามที่ 6,2018,12,17,2018-12-17,09:00-16:00,False
3052,ก่อนโควิด,ประดิพัทธ์,พระรามที่ 6,2018,12,17,2018-12-17,16:00-19:00,False
3053,ก่อนโควิด,ประดิพัทธ์,ประดิพัทธ์,2018,12,17,2018-12-17,06:30-09:00,False
3054,ก่อนโควิด,ประดิพัทธ์,ประดิพัทธ์,2018,12,17,2018-12-17,09:00-16:00,False
3055,ก่อนโควิด,ประดิพัทธ์,ประดิพัทธ์,2018,12,17,2018-12-17,16:00-19:30,False
3065,ก่อนโควิด,วัดดวงแข,จารุเมือง,2018,12,19,2018-12-19,07:00-09:00,False
3066,ก่อนโควิด,วัดดวงแข,จารุเมือง,2018,12,19,2018-12-19,09:00-16:00,False
3067,ก่อนโควิด,วัดดวงแข,จารุเมือง,2018,12,19,2018-12-19,16:00-19:00,False
3068,ก่อนโควิด,วัดดวงแข,เจริญเมือง,2018,12,19,2018-12-19,07:00-09:00,False
3069,ก่อนโควิด,วัดดวงแข,เจริญเมือง,2018,12,19,2018-12-19,09:00-16:00,False
3070,ก่อนโควิด,วัดดวงแข,เจริญเมือง,2018,12,19,2018-12-19,16:00-19:00,False
3080,ก่อนโควิด,ศรีอยุธยา,พระรามที่ 6,2018,12,21,2018-12-21,07:00-09:00,False
3081,ก่อนโควิด,ศรีอยุธยา,พระรามที่ 6,2018,12,21,2018-12-21,09:00-16:00,False
3082,ก่อนโควิด,ศรีอยุธยา,พระรามที่ 6,2018,12,21,2018-12-21,16:00-19:00,False
3083,ก่อนโควิด,ศรีอยุธยา,ศรีอยุธยา,2018,12,21,2018-12-21,07:00-09:00,False
3084,ก่อนโควิด,ศรีอยุธยา,ศรีอยุธยา,2018,12,21,2018-12-21,09:00-16:00,False
3085,ก่อนโควิด,ศรีอยุธยา,ศรีอยุธยา,2018,12,21,2018-12-21,16:00-19:00,False
3089,ก่อนโควิด,ผังเมือง,วัฒนธรรม,2018,12,24,2018-12-24,07:00-09:00,False
3090,ก่อนโควิด,ผังเมือง,วัฒนธรรม,2018,12,24,2018-12-24,09:00-16:00,False
3091,ก่อนโควิด,ผังเมือง,วัฒนธรรม,2018,12,24,2018-12-24,16:00-19:00,False
3092,ก่อนโควิด,ผังเมือง,พระราม 9,2018,12,24,2018-12-24,07:00-09:00,False
3093,ก่อนโควิด,ผังเมือง,พระราม 9,2018,12,24,2018-12-24,09:00-16:00,False
3094,ก่อนโควิด,ผังเมือง,พระราม 9,2018,12,24,2018-12-24,16:00-19:00,False
3095,ก่อนโควิด,สี่กั๊กเสาชิงช้า,เฟื่องนคร,2019,1,2,2019-01-02,07:00-09:00,False
3096,ก่อนโควิด,สี่กั๊กเสาชิงช้า,เฟื่องนคร,2019,1,2,2019-01-02,09:00-16:00,False
3097,ก่อนโควิด,สี่กั๊กเสาชิงช้า,เฟื่องนคร,2019,1,2,2019-01-02,16:00-19:00,False
3098,ก่อนโควิด,สี่กั๊กเสาชิงช้า,ตะนาว,2019,1,2,2019-01-02,07:00-09:00,False
3099,ก่อนโควิด,สี่กั๊กเสาชิงช้า,ตะนาว,2019,1,2,2019-01-02,09:00-16:00,False
3100,ก่อนโควิด,สี่กั๊กเสาชิงช้า,ตะนาว,2019,1,2,2019-01-02,16:00-19:00,False
3101,ก่อนโควิด,สี่กั๊กเสาชิงช้า,บำรุงเมือง,2019,1,2,2019-01-02,07:00-09:00,False
3102,ก่อนโควิด,สี่กั๊กเสาชิงช้า,บำรุงเมือง,2019,1,2,2019-01-02,09:00-16:00,False
3122,ก่อนโควิด,บางโพ,ประชาราษฎร์สาย 1,2019,1,7,2019-01-07,07:00-09:00,False
3123,ก่อนโควิด,บางโพ,ประชาราษฎร์สาย 1,2019,1,7,2019-01-07,09:00-16:00,False
3124,ก่อนโควิด,บางโพ,ประชาราษฎร์สาย 1,2019,1,7,2019-01-07,16:00-19:00,False
3125,ก่อนโควิด,บางโพ,ประชาราษฎร์สาย 2,2019,1,7,2019-01-07,07:00-09:00,False
3126,ก่อนโควิด,บางโพ,ประชาราษฎร์สาย 2,2019,1,7,2019-01-07,09:00-16:00,False
3127,ก่อนโควิด,บางโพ,ประชาราษฎร์สาย 2,2019,1,7,2019-01-07,16:00-19:00,False
3143,ก่อนโควิด,ทุ่งครุ,ประชาอุทิศ,2019,1,10,2019-01-10,07:00-09:00,False
3144,ก่อนโควิด,ทุ่งครุ,ประชาอุทิศ,2019,1,10,2019-01-10,09:00-16:00,False
3145,ก่อนโควิด,ทุ่งครุ,ประชาอุทิศ,2019,1,10,2019-01-10,16:00-19:00,False
3146,ก่อนโควิด,ทุ่งครุ,ครุใน,2019,1,10,2019-01-10,07:00-09:00,False
3147,ก่อนโควิด,ทุ่งครุ,ครุใน,2019,1,10,2019-01-10,09:00-16:00,False
3148,ก่อนโควิด,ทุ่งครุ,ครุใน,2019,1,10,2019-01-10,16:00-19:00,False
3158,ก่อนโควิด,เฉลิมเผ่า,อังรีดูนังต์,2019,1,14,2019-01-14,06:30-09:00,False
3159,ก่อนโควิด,เฉลิมเผ่า,อังรีดูนังต์,2019,1,14,2019-01-14,09:00-16:00,False
3160,ก่อนโควิด,เฉลิมเผ่า,อังรีดูนังต์,2019,1,14,2019-01-14,16:00-19:30,False
3161,ก่อนโควิด,เฉลิมเผ่า,พระรามที่ 1,2019,1,14,2019-01-14,06:30-09:00,False
3162,ก่อนโควิด,เฉลิมเผ่า,พระรามที่ 1,2019,1,14,2019-01-14,09:00-16:00,False
3163,ก่อนโควิด,เฉลิมเผ่า,พระรามที่ 1,2019,1,14,2019-01-14,16:00-19:30,False
3281,ก่อนโควิด,ประเสริฐมนูกิจ - ประดิษฐ์มนูธรรม,ประดิษฐ์มนูธรรม,2019,2,5,2019-02-05,07:00-09:00,False
3282,ก่อนโควิด,ประเสริฐมนูกิจ - ประดิษฐ์มนูธรรม,ประดิษฐ์มนูธรรม,2019,2,5,2019-02-05,09:00-16:00,False
3283,ก่อนโควิด,ประเสริฐมนูกิจ - ประดิษฐ์มนูธรรม,ประดิษฐ์มนูธรรม,2019,2,5,2019-02-05,16:00-19:00,False
3284,ก่อนโควิด,ประเสริฐมนูกิจ - ประดิษฐ์มนูธรรม,ประเสริฐมนูกิจ,2019,2,5,2019-02-05,07:00-09:00,False
3285,ก่อนโควิด,ประเสริฐมนูกิจ - ประดิษฐ์มนูธรรม,ประเสริฐมนูกิจ,2019,2,5,2019-02-05,09:00-16:00,False
3286,ก่อนโควิด,ประเสริฐมนูกิจ - ประดิษฐ์มนูธรรม,ประเสริฐมนูกิจ,2019,2,5,2019-02-05,16:00-19:00,False
3290,ก่อนโควิด,พระราม 9,รัชดาภิเษก,2019,2,7,2019-02-07,07:00-09:00,False
3291,ก่อนโควิด,พระราม 9,รัชดาภิเษก,2019,2,7,2019-02-07,09:00-16:00,False
3292,ก่อนโควิด,พระราม 9,รัชดาภิเษก,2019,2,7,2019-02-07,16:00-19:00,False
3293,ก่อนโควิด,พระราม 9,อโศกดินแดง,2019,2,7,2019-02-07,07:00-09:00,False
3294,ก่อนโควิด,พระราม 9,อโศกดินแดง,2019,2,7,2019-02-07,09:00-16:00,False
3295,ก่อนโควิด,พระราม 9,อโศกดินแดง,2019,2,7,2019-02-07,16:00-19:00,False
3296,ก่อนโควิด,พระราม 9,พระราม 9,2019,2,7,2019-02-07,07:00-09:00,False
3297,ก่อนโควิด,พระราม 9,พระราม 9,2019,2,7,2019-02-07,09:00-16:00,False
3298,ก่อนโควิด,พระราม 9,พระราม 9,2019,2,7,2019-02-07,16:00-19:00,False
3299,ก่อนโควิด,บางขุนนนท์,จรัญสนิทวงศ์,2019,2,8,2019-02-08,07:00-09:00,False
3300,ก่อนโควิด,บางขุนนนท์,จรัญสนิทวงศ์,2019,2,8,2019-02-08,09:00-16:00,False
3301,ก่อนโควิด,บางขุนนนท์,จรัญสนิทวงศ์,2019,2,8,2019-02-08,16:00-19:00,False
3329,ก่อนโควิด,ปทุมวัน,พญาไท,2019,2,13,2019-02-13,07:00-09:00,False
3330,ก่อนโควิด,ปทุมวัน,พญาไท,2019,2,13,2019-02-13,09:00-16:00,False
3331,ก่อนโควิด,ปทุมวัน,พญาไท,2019,2,13,2019-02-13,16:00-19:00,False
3332,ก่อนโควิด,ปทุมวัน,พระรามที่ 1,2019,2,13,2019-02-13,07:00-09:00,False
3353,ก่อนโควิด,สาธุประดิษฐ์,สาธุประดิษฐ์,2019,2,18,2019-02-18,07:00-09:00,False
3354,ก่อนโควิด,สาธุประดิษฐ์,สาธุประดิษฐ์,2019,2,18,2019-02-18,09:00-16:00,False
3355,ก่อนโควิด,สาธุประดิษฐ์,สาธุประดิษฐ์,2019,2,18,2019-02-18,16:00-19:00,False
3422,ก่อนโควิด,บุคคโล,เจริญนคร,2019,2,28,2019-02-28,07:00-09:00,False
3423,ก่อนโควิด,บุคคโล,เจริญนคร,2019,2,28,2019-02-28,09:00-16:00,False
3424,ก่อนโควิด,บุคคโล,เจริญนคร,2019,2,28,2019-02-28,16:00-19:00,False
3425,ก่อนโควิด,บุคคโล,มไหสวรรย์,2019,2,28,2019-02-28,07:00-09:00,False
3426,ก่อนโควิด,บุคคโล,มไหสวรรย์,2019,2,28,2019-02-28,09:00-16:00,False
3427,ก่อนโควิด,บุคคโล,มไหสวรรย์,2019,2,28,2019-02-28,16:00-19:00,False
3437,ก่อนโควิด,ด่วนสาธุ,สาธุประดิษฐ์,2019,3,4,2019-03-04,07:00-09:00,False
3438,ก่อนโควิด,ด่วนสาธุ,สาธุประดิษฐ์,2019,3,4,2019-03-04,09:00-16:00,False
3439,ก่อนโควิด,ด่วนสาธุ,สาธุประดิษฐ์,2019,3,4,2019-03-04,16:00-19:00,False
3440,ก่อนโควิด,ด่วนสาธุ,รัชดาภิเษก,2019,3,4,2019-03-04,07:00-09:00,False
3441,ก่อนโควิด,ด่วนสาธุ,รัชดาภิเษก,2019,3,4,2019-03-04,09:00-16:00,False
3442,ก่อนโควิด,ด่วนสาธุ,รัชดาภิเษก,2019,3,4,2019-03-04,16:00-19:00,False
3482,ก่อนโควิด,อโศกเพชร,อโศก,2019,3,8,2019-03-08,07:00-09:00,False
3483,ก่อนโควิด,อโศกเพชร,อโศก,2019,3,8,2019-03-08,09:00-16:00,False
3484,ก่อนโควิด,อโศกเพชร,อโศก,2019,3,8,2019-03-08,16:00-19:00,False
3485,ก่อนโควิด,อโศกเพชร,เพชรบุรี,2019,3,8,2019-03-08,07:00-09:00,False
3486,ก่อนโควิด,อโศกเพชร,เพชรบุรี,2019,3,8,2019-03-08,09:00-16:00,False
3487,ก่อนโควิด,อโศกเพชร,เพชรบุรี,2019,3,8,2019-03-08,16:00-19:00,False
3527,ก่อนโควิด,เจริญนครใต้,เจริญนคร,2019,3,14,2019-03-14,07:00-09:00,False
3528,ก่อนโควิด,เจริญนครใต้,เจริญนคร,2019,3,14,2019-03-14,09:00-16:00,False
3529,ก่อนโควิด,เจริญนครใต้,เจริญนคร,2019,3,14,2019-03-14,16:00-19:00,False
3530,ก่อนโควิด,เจริญนครใต้,กรุงธนบุรี,2019,3,14,2019-03-14,07:00-09:00,False
3531,ก่อนโควิด,เจริญนครใต้,กรุงธนบุรี,2019,3,14,2019-03-14,09:00-16:00,False
3532,ก่อนโควิด,เจริญนครใต้,กรุงธนบุรี,2019,3,14,2019-03-14,16:00-19:00,False
3536,ก่อนโควิด,วงเวียนใหญ่,ประชาธิปก,2019,3,15,2019-03-15,07:00-09:00,False
3537,ก่อนโควิด,วงเวียนใหญ่,ประชาธิปก,2019,3,15,2019-03-15,09:00-16:00,False
3538,ก่อนโควิด,วงเวียนใหญ่,ประชาธิปก,2019,3,15,2019-03-15,16:00-19:00,False
3539,ก่อนโควิด,วงเวียนใหญ่,อินทรพิทักษ์,2019,3,15,2019-03-15,07:00-09:00,False
3540,ก่อนโควิด,วงเวียนใหญ่,อินทรพิทักษ์,2019,3,15,2019-03-15,09:00-16:00,False
3541,ก่อนโควิด,วงเวียนใหญ่,อินทรพิทักษ์,2019,3,15,2019-03-15,16:00-19:00,False
3569,ก่อนโควิด,การเรือน,ราชสีมา,2019,3,21,2019-03-21,07:00-09:00,False
3570,ก่อนโควิด,การเรือน,ราชสีมา,2019,3,21,2019-03-21,09:00-16:00,False
3571,ก่อนโควิด,การเรือน,ราชสีมา,2019,3,21,2019-03-21,16:00-19:00,False
3572,ก่อนโควิด,การเรือน,ราชวิถี,2019,3,21,2019-03-21,07:00-09:00,False
3573,ก่อนโควิด,การเรือน,ราชวิถี,2019,3,21,2019-03-21,09:00-16:00,False
3574,ก่อนโควิด,การเรือน,ราชวิถี,2019,3,21,2019-03-21,16:00-19:00,False
3575,ก่อนโควิด,บางยี่เรือ,เทอดไท,2019,3,22,2019-03-22,07:00-09:00,False
3576,ก่อนโควิด,บางยี่เรือ,เทอดไท,2019,3,22,2019-03-22,09:00-16:00,False
3577,ก่อนโควิด,บางยี่เรือ,เทอดไท,2019,3,22,2019-03-22,16:00-19:00,False
3578,ก่อนโควิด,บางยี่เรือ,เพชรเกษม,2019,3,22,2019-03-22,07:00-09:00,False
3579,ก่อนโควิด,บางยี่เรือ,เพชรเกษม,2019,3,22,2019-03-22,09:00-16:00,False
3580,ก่อนโควิด,บางยี่เรือ,เพชรเกษม,2019,3,22,2019-03-22,16:00-19:00,False
3581,ก่อนโควิด,บางยี่เรือ,อินทรพิทักษ์,2019,3,22,2019-03-22,07:00-09:00,False
3582,ก่อนโควิด,บางยี่เรือ,อินทรพิทักษ์,2019,3,22,2019-03-22,09:00-16:00,False
3583,ก่อนโควิด,บางยี่เรือ,อินทรพิทักษ์,2019,3,22,2019-03-22,16:00-19:00,False
3608,ก่อนโควิด,วงเวียนหลักสี่,พหลโยธิน,2019,3,28,2019-03-28,07:00-09:00,False
3609,ก่อนโควิด,วงเวียนหลักสี่,พหลโยธิน,2019,3,28,2019-03-28,09:00-16:00,False
3610,ก่อนโควิด,วงเวียนหลักสี่,พหลโยธิน,2019,3,28,2019-03-28,16:00-19:00,False
3611,ก่อนโควิด,วงเวียนหลักสี่,แจ้งวัฒนะ,2019,3,28,2019-03-28,07:00-09:00,False
3612,ก่อนโควิด,วงเวียนหลักสี่,แจ้งวัฒนะ,2019,3,28,2019-03-28,09:00-16:00,False
3613,ก่อนโควิด,วงเวียนหลักสี่,แจ้งวัฒนะ,2019,3,28,2019-03-28,16:00-19:00,False
3614,ก่อนโควิด,วงเวียนหลักสี่,รามอินทรา,2019,3,28,2019-03-28,07:00-09:00,False
3615,ก่อนโควิด,วงเวียนหลักสี่,รามอินทรา,2019,3,28,2019-03-28,09:00-16:00,False
3616,ก่อนโควิด,วงเวียนหลักสี่,รามอินทรา,2019,3,28,2019-03-28,16:00-19:00,False
3617,ก่อนโควิด,เจริญราษฎร์,เจริญราษฎร์,2019,3,29,2019-03-29,07:00-09:00,False
3618,ก่อนโควิด,เจริญราษฎร์,เจริญราษฎร์,2019,3,29,2019-03-29,09:00-16:00,False
3619,ก่อนโควิด,เจริญราษฎร์,เจริญราษฎร์,2019,3,29,2019-03-29,16:00-19:00,False
3623,ก่อนโควิด,ราชวงศ์,ราชวงศ์,2019,4,1,2019-04-01,07:00-09:00,False
3624,ก่อนโควิด,ราชวงศ์,ราชวงศ์,2019,4,1,2019-04-01,09:00-16:00,False
3625,ก่อนโควิด,ราชวงศ์,ราชวงศ์,2019,4,1,2019-04-01,16:00-19:00,False
3626,ก่อนโควิด,ราชวงศ์,เยาวราช,2019,4,1,2019-04-01,07:00-09:00,False
3627,ก่อนโควิด,ราชวงศ์,เยาวราช,2019,4,1,2019-04-01,09:00-16:00,False
3628,ก่อนโควิด,ราชวงศ์,เยาวราช,2019,4,1,2019-04-01,16:00-19:00,False
3635,ก่อนโควิด,โพธิ์แก้ว,นวมินทร์,2019,4,2,2019-04-02,07:00-09:00,False
3636,ก่อนโควิด,โพธิ์แก้ว,นวมินทร์,2019,4,2,2019-04-02,09:00-16:00,False
3637,ก่อนโควิด,โพธิ์แก้ว,นวมินทร์,2019,4,2,2019-04-02,16:00-19:00,False
3638,ก่อนโควิด,โพธิ์แก้ว,โพธิ์แก้ว,2019,4,2,2019-04-02,07:00-09:00,False
3639,ก่อนโควิด,โพธิ์แก้ว,โพธิ์แก้ว,2019,4,2,2019-04-02,09:00-16:00,False
3640,ก่อนโควิด,โพธิ์แก้ว,โพธิ์แก้ว,2019,4,2,2019-04-02,16:00-19:00,False
3641,ก่อนโควิด,โพธิ์แก้ว,ทางเข้าวัดบางเตย,2019,4,2,2019-04-02,07:00-09:00,False
3642,ก่อนโควิด,โพธิ์แก้ว,ทางเข้าวัดบางเตย,2019,4,2,2019-04-02,09:00-16:00,False
3643,ก่อนโควิด,โพธิ์แก้ว,ทางเข้าวัดบางเตย,2019,4,2,2019-04-02,16:00-19:00,False
3650,ก่อนโควิด,พัฒนาการ,ศรีนครินทร์,2019,4,4,2019-04-04,07:00-09:00,False
3651,ก่อนโควิด,พัฒนาการ,ศรีนครินทร์,2019,4,4,2019-04-04,09:00-16:00,False
3652,ก่อนโควิด,พัฒนาการ,ศรีนครินทร์,2019,4,4,2019-04-04,16:00-19:00,False
3653,ก่อนโควิด,พัฒนาการ,พัฒนาการ,2019,4,4,2019-04-04,07:00-09:00,False
3654,ก่อนโควิด,พัฒนาการ,พัฒนาการ,2019,4,4,2019-04-04,09:00-16:00,False
3655,ก่อนโควิด,พัฒนาการ,พัฒนาการ,2019,4,4,2019-04-04,16:00-19:00,False
3677,ก่อนโควิด,ราชดำริ,ราชดำริ,2019,4,17,2019-04-17,07:00-09:00,False
3678,ก่อนโควิด,ราชดำริ,ราชดำริ,2019,4,17,2019-04-17,09:00-16:00,False
3679,ก่อนโควิด,ราชดำริ,ราชดำริ,2019,4,17,2019-04-17,16:00-19:00,False
3680,ก่อนโควิด,ราชดำริ,สารสิน,2019,4,17,2019-04-17,07:00-09:00,False
3681,ก่อนโควิด,ราชดำริ,สารสิน,2019,4,17,2019-04-17,09:00-16:00,False
3682,ก่อนโควิด,ราชดำริ,สารสิน,2019,4,17,2019-04-17,16:00-19:00,False
3698,ก่อนโควิด,โรงพยาบาลกลาง,เสือป่า,2019,4,22,2019-04-22,07:00-09:00,False
3699,ก่อนโควิด,โรงพยาบาลกลาง,เสือป่า,2019,4,22,2019-04-22,09:00-16:00,False
3700,ก่อนโควิด,โรงพยาบาลกลาง,เสือป่า,2019,4,22,2019-04-22,16:00-19:00,False
3704,ก่อนโควิด,โรงพยาบาลกลาง,หลวง,2019,4,22,2019-04-22,07:00-09:00,False
3705,ก่อนโควิด,โรงพยาบาลกลาง,หลวง,2019,4,22,2019-04-22,09:00-16:00,False
3706,ก่อนโควิด,โรงพยาบาลกลาง,หลวง,2019,4,22,2019-04-22,16:00-19:00,False
3707,ก่อนโควิด,ตากสิน,สมเด็จพระเจ้าตากสิน,2019,4,23,2019-04-23,07:00-09:00,False
3708,ก่อนโควิด,ตากสิน,สมเด็จพระเจ้าตากสิน,2019,4,23,2019-04-23,09:00-16:00,False
3709,ก่อนโควิด,ตากสิน,สมเด็จพระเจ้าตากสิน,2019,4,23,2019-04-23,16:00-19:00,False
3710,ก่อนโควิด,ตากสิน,ราชพฤกษ์,2019,4,23,2019-04-23,07:00-09:00,False
3711,ก่อนโควิด,ตากสิน,ราชพฤกษ์,2019,4,23,2019-04-23,09:00-16:00,False
3712,ก่อนโควิด,ตากสิน,ราชพฤกษ์,2019,4,23,2019-04-23,16:00-19:00,False
3713,ก่อนโควิด,ตากสิน,กรุงธนบุรี,2019,4,23,2019-04-23,07:00-09:00,False
3714,ก่อนโควิด,ตากสิน,กรุงธนบุรี,2019,4,23,2019-04-23,09:00-16:00,False
3715,ก่อนโควิด,ตากสิน,กรุงธนบุรี,2019,4,23,2019-04-23,16:00-19:00,False
3734,ก่อนโควิด,สุทธิสาร,รัชดาภิเษก,2019,4,26,2019-04-26,07:00-09:00,False
3735,ก่อนโควิด,สุทธิสาร,รัชดาภิเษก,2019,4,26,2019-04-26,09:00-16:00,False
3736,ก่อนโควิด,สุทธิสาร,รัชดาภิเษก,2019,4,26,2019-04-26,16:00-19:00,False
3737,ก่อนโควิด,สุทธิสาร,สุทธิสารวินิจฉัย,2019,4,26,2019-04-26,07:00-09:00,False
3738,ก่อนโควิด,สุทธิสาร,สุทธิสารวินิจฉัย,2019,4,26,2019-04-26,09:00-16:00,False
3739,ก่อนโควิด,สุทธิสาร,สุทธิสารวินิจฉัย,2019,4,26,2019-04-26,16:00-19:00,False
3746,ก่อนโควิด,คลองตัน,สุขุมวิท 71,2019,4,30,2019-04-30,07:00-09:00,False
3747,ก่อนโควิด,คลองตัน,สุขุมวิท 71,2019,4,30,2019-04-30,09:00-16:00,False
3748,ก่อนโควิด,คลองตัน,สุขุมวิท 71,2019,4,30,2019-04-30,16:00-19:00,False
3749,ก่อนโควิด,คลองตัน,รามคำแหง,2019,4,30,2019-04-30,07:00-09:00,False
3750,ก่อนโควิด,คลองตัน,รามคำแหง,2019,4,30,2019-04-30,09:00-16:00,False
3751,ก่อนโควิด,คลองตัน,รามคำแหง,2019,4,30,2019-04-30,16:00-19:00,False
3752,ก่อนโควิด,คลองตัน,เพชรบุรี,2019,4,30,2019-04-30,07:00-09:00,False
3753,ก่อนโควิด,คลองตัน,เพชรบุรี,2019,4,30,2019-04-30,09:00-16:00,False
3754,ก่อนโควิด,คลองตัน,เพชรบุรี,2019,4,30,2019-04-30,16:00-19:00,False
3755,ก่อนโควิด,คลองตัน,พัฒนาการ,2019,4,30,2019-04-30,07:00-09:00,False
3756,ก่อนโควิด,คลองตัน,พัฒนาการ,2019,4,30,2019-04-30,09:00-16:00,False
3757,ก่อนโควิด,คลองตัน,พัฒนาการ,2019,4,30,2019-04-30,16:00-19:00,False
3758,ก่อนโควิด,ประชานิเวศน์,ประชาชื่น,2019,5,1,2019-05-01,07:00-09:00,False
3759,ก่อนโควิด,ประชานิเวศน์,ประชาชื่น,2019,5,1,2019-05-01,09:00-16:00,False
3760,ก่อนโควิด,ประชานิเวศน์,ประชาชื่น,2019,5,1,2019-05-01,16:00-19:00,False
3761,ก่อนโควิด,ประชานิเวศน์,เทศบาลสงเคราะห์,2019,5,1,2019-05-01,07:00-09:00,False
3762,ก่อนโควิด,ประชานิเวศน์,เทศบาลสงเคราะห์,2019,5,1,2019-05-01,09:00-16:00,False
3763,ก่อนโควิด,ประชานิเวศน์,เทศบาลสงเคราะห์,2019,5,1,2019-05-01,16:00-19:00,False
3770,ก่อนโควิด,วงศ์สว่าง,วงศ์สว่าง,2019,5,3,2019-05-03,07:00-09:00,False
3771,ก่อนโควิด,วงศ์สว่าง,วงศ์สว่าง,2019,5,3,2019-05-03,09:00-16:00,False
3772,ก่อนโควิด,วงศ์สว่าง,วงศ์สว่าง,2019,5,3,2019-05-03,16:00-19:00,False
3773,ก่อนโควิด,วงศ์สว่าง,รัชดาภิเษก,2019,5,3,2019-05-03,07:00-09:00,False
3774,ก่อนโควิด,วงศ์สว่าง,รัชดาภิเษก,2019,5,3,2019-05-03,09:00-16:00,False
3775,ก่อนโควิด,วงศ์สว่าง,รัชดาภิเษก,2019,5,3,2019-05-03,16:00-19:00,False
3797,ก่อนโควิด,ราชประสงค์,ราชดำริ,2019,5,14,2019-05-14,06:30-09:00,False
3798,ก่อนโควิด,ราชประสงค์,ราชดำริ,2019,5,14,2019-05-14,09:00-16:00,False
3799,ก่อนโควิด,ราชประสงค์,ราชดำริ,2019,5,14,2019-05-14,16:00-19:30,False
3800,ก่อนโควิด,ราชประสงค์,พระรามที่ 1,2019,5,14,2019-05-14,06:30-09:00,False
3801,ก่อนโควิด,ราชประสงค์,พระรามที่ 1,2019,5,14,2019-05-14,09:00-16:00,False
3802,ก่อนโควิด,ราชประสงค์,พระรามที่ 1,2019,5,14,2019-05-14,16:00-19:30,False
3803,ก่อนโควิด,ราชประสงค์,เพลินจิต,2019,5,14,2019-05-14,07:00-09:00,False
3804,ก่อนโควิด,ราชประสงค์,เพลินจิต,2019,5,14,2019-05-14,09:00-16:00,False
3805,ก่อนโควิด,ราชประสงค์,เพลินจิต,2019,5,14,2019-05-14,16:00-19:00,False
3806,ก่อนโควิด,เกษมราษฎร์,เกษมราษฎร์,2019,5,15,2019-05-15,06:30-09:00,False
3807,ก่อนโควิด,เกษมราษฎร์,เกษมราษฎร์,2019,5,15,2019-05-15,09:00-16:00,False
3808,ก่อนโควิด,เกษมราษฎร์,เกษมราษฎร์,2019,5,15,2019-05-15,16:00-19:30,False
3812,ก่อนโควิด,เกษมราษฎร์,พระรามที่ 4,2019,5,15,2019-05-15,07:00-09:00,False
3813,ก่อนโควิด,เกษมราษฎร์,พระรามที่ 4,2019,5,15,2019-05-15,09:00-16:00,False
3814,ก่อนโควิด,เกษมราษฎร์,พระรามที่ 4,2019,5,15,2019-05-15,16:00-19:00,False
3815,ก่อนโควิด,เพลินจิต,วิทยุ,2019,5,16,2019-05-16,07:00-09:00,False
3816,ก่อนโควิด,เพลินจิต,วิทยุ,2019,5,16,2019-05-16,09:00-16:00,False
3817,ก่อนโควิด,เพลินจิต,วิทยุ,2019,5,16,2019-05-16,16:00-19:00,False
3818,ก่อนโควิด,เพลินจิต,เพลินจิต,2019,5,16,2019-05-16,07:00-09:00,False
3819,ก่อนโควิด,เพลินจิต,เพลินจิต,2019,5,16,2019-05-16,09:00-16:00,False
3820,ก่อนโควิด,เพลินจิต,เพลินจิต,2019,5,16,2019-05-16,16:00-19:00,False
3860,ก่อนโควิด,หลังสวน,หลังสวน,2019,5,24,2019-05-24,07:00-09:00,False
3861,ก่อนโควิด,หลังสวน,หลังสวน,2019,5,24,2019-05-24,09:00-16:00,False
3862,ก่อนโควิด,หลังสวน,หลังสวน,2019,5,24,2019-05-24,16:00-19:00,False
3863,ก่อนโควิด,หลังสวน,สารสิน,2019,5,24,2019-05-24,07:00-09:00,False
3864,ก่อนโควิด,หลังสวน,สารสิน,2019,5,24,2019-05-24,09:00-16:00,False
3865,ก่อนโควิด,หลังสวน,สารสิน,2019,5,24,2019-05-24,16:00-19:00,False
3908,ก่อนโควิด,ด่วนเพลินจิต,ดวงพิทักษ์,2019,5,31,2019-05-31,07:00-09:00,False
3909,ก่อนโควิด,ด่วนเพลินจิต,ดวงพิทักษ์,2019,5,31,2019-05-31,09:00-16:00,False
3910,ก่อนโควิด,ด่วนเพลินจิต,ดวงพิทักษ์,2019,5,31,2019-05-31,16:00-19:00,False
3914,ก่อนโควิด,ด่วนเพลินจิต,เพลินจิต,2019,5,31,2019-05-31,07:00-09:00,False
3915,ก่อนโควิด,ด่วนเพลินจิต,เพลินจิต,2019,5,31,2019-05-31,09:00-16:00,False
3916,ก่อนโควิด,ด่วนเพลินจิต,เพลินจิต,2019,5,31,2019-05-31,16:00-19:00,False
3917,ก่อนโควิด,ด่วนเพลินจิต,สุขุมวิท,2019,5,31,2019-05-31,07:00-09:00,False
3918,ก่อนโควิด,ด่วนเพลินจิต,สุขุมวิท,2019,5,31,2019-05-31,09:00-16:00,False
3919,ก่อนโควิด,ด่วนเพลินจิต,สุขุมวิท,2019,5,31,2019-05-31,16:00-19:00,False
3920,ก่อนโควิด,คลองเตย,สุนทรโกษา,2019,6,4,2019-06-04,07:00-09:00,False
3921,ก่อนโควิด,คลองเตย,สุนทรโกษา,2019,6,4,2019-06-04,09:00-16:00,False
3922,ก่อนโควิด,คลองเตย,สุนทรโกษา,2019,6,4,2019-06-04,16:00-19:00,False
3923,ก่อนโควิด,คลองเตย,พระรามที่ 4,2019,6,4,2019-06-04,07:00-09:00,False
3924,ก่อนโควิด,คลองเตย,พระรามที่ 4,2019,6,4,2019-06-04,09:00-16:00,False
3925,ก่อนโควิด,คลองเตย,พระรามที่ 4,2019,6,4,2019-06-04,16:00-19:00,False
3971,ก่อนโควิด,พระรามที่ 4,รัชดาภิเษก,2019,6,13,2019-06-13,06:30-09:00,False
3972,ก่อนโควิด,พระรามที่ 4,รัชดาภิเษก,2019,6,13,2019-06-13,09:00-16:00,False
3973,ก่อนโควิด,พระรามที่ 4,รัชดาภิเษก,2019,6,13,2019-06-13,16:00-19:30,False
3974,ก่อนโควิด,พระรามที่ 4,พระรามที่ 4,2019,6,13,2019-06-13,06:30-09:00,False
3975,ก่อนโควิด,พระรามที่ 4,พระรามที่ 4,2019,6,13,2019-06-13,09:00-16:00,False
3976,ก่อนโควิด,พระรามที่ 4,พระรามที่ 4,2019,6,13,2019-06-13,16:00-19:30,False
3977,ก่อนโควิด,วิทยุ,วิทยุ,2019,6,14,2019-06-14,06:30-09:00,False
3978,ก่อนโควิด,วิทยุ,วิทยุ,2019,6,14,2019-06-14,09:00-16:00,False
3979,ก่อนโควิด,วิทยุ,วิทยุ,2019,6,14,2019-06-14,16:00-19:30,False
3980,ก่อนโควิด,วิทยุ,พระรามที่ 4,2019,6,14,2019-06-14,06:30-09:00,False
3981,ก่อนโควิด,วิทยุ,พระรามที่ 4,2019,6,14,2019-06-14,09:00-16:00,False
3982,ก่อนโควิด,วิทยุ,พระรามที่ 4,2019,6,14,2019-06-14,16:00-19:30,False
3983,ก่อนโควิด,วิทยุ,สาทร,2019,6,14,2019-06-14,06:30-09:00,False
3984,ก่อนโควิด,วิทยุ,สาทร,2019,6,14,2019-06-14,09:00-16:00,False
3985,ก่อนโควิด,วิทยุ,สาทร,2019,6,14,2019-06-14,16:00-19:30,False
4001,ก่อนโควิด,ถนนตก,เจริญกรุง,2019,7,1,2019-07-01,07:00-09:00,False
4002,ก่อนโควิด,ถนนตก,เจริญกรุง,2019,7,1,2019-07-01,09:00-16:00,False
4003,ก่อนโควิด,ถนนตก,เจริญกรุง,2019,7,1,2019-07-01,16:00-19:00,False
4004,ก่อนโควิด,ถนนตก,พระรามที่ 3,2019,7,1,2019-07-01,07:00-09:00,False
4005,ก่อนโควิด,ถนนตก,พระรามที่ 3,2019,7,1,2019-07-01,09:00-16:00,False
4006,ก่อนโควิด,ถนนตก,พระรามที่ 3,2019,7,1,2019-07-01,16:00-19:00,False
4031,ก่อนโควิด,พุทธมณฑลสาย 3,พุทธมณฑลสาย 3,2019,7,8,2019-07-08,07:00-09:00,False
4032,ก่อนโควิด,พุทธมณฑลสาย 3,พุทธมณฑลสาย 3,2019,7,8,2019-07-08,09:00-16:00,False
4033,ก่อนโควิด,พุทธมณฑลสาย 3,พุทธมณฑลสาย 3,2019,7,8,2019-07-08,16:00-19:00,False
4034,ก่อนโควิด,พุทธมณฑลสาย 3,เพชรเกษม,2019,7,8,2019-07-08,07:00-09:00,False
4035,ก่อนโควิด,พุทธมณฑลสาย 3,เพชรเกษม,2019,7,8,2019-07-08,09:00-16:00,False
4036,ก่อนโควิด,พุทธมณฑลสาย 3,เพชรเกษม,2019,7,8,2019-07-08,16:00-19:00,False
4037,ก่อนโควิด,โพธิ์สามต้น,อิสรภาพ,2019,7,10,2019-07-10,07:00-09:00,False
4038,ก่อนโควิด,โพธิ์สามต้น,อิสรภาพ,2019,7,10,2019-07-10,09:00-16:00,False
4039,ก่อนโควิด,โพธิ์สามต้น,อิสรภาพ,2019,7,10,2019-07-10,16:00-19:00,False
4040,ก่อนโควิด,โพธิ์สามต้น,วังเดิม,2019,7,10,2019-07-10,07:00-09:00,False
4041,ก่อนโควิด,โพธิ์สามต้น,วังเดิม,2019,7,10,2019-07-10,09:00-16:00,False
4042,ก่อนโควิด,โพธิ์สามต้น,วังเดิม,2019,7,10,2019-07-10,16:00-19:00,False
4043,ก่อนโควิด,ประชาอุทิศ,ประชาอุทิศ,2019,7,11,2019-07-11,07:00-09:00,False
4044,ก่อนโควิด,ประชาอุทิศ,ประชาอุทิศ,2019,7,11,2019-07-11,09:00-16:00,False
4045,ก่อนโควิด,ประชาอุทิศ,ประชาอุทิศ,2019,7,11,2019-07-11,16:00-19:00,False
4049,ก่อนโควิด,สาธุ - จันทน์,สาธุประดิษฐ์,2019,7,12,2019-07-12,07:00-09:00,False
4050,ก่อนโควิด,สาธุ - จันทน์,สาธุประดิษฐ์,2019,7,12,2019-07-12,09:00-16:00,False
4051,ก่อนโควิด,สาธุ - จันทน์,สาธุประดิษฐ์,2019,7,12,2019-07-12,16:00-19:00,False
4052,ก่อนโควิด,สาธุ - จันทน์,จันทน์,2019,7,12,2019-07-12,07:00-09:00,False
4053,ก่อนโควิด,สาธุ - จันทน์,จันทน์,2019,7,12,2019-07-12,09:00-16:00,False
4054,ก่อนโควิด,สาธุ - จันทน์,จันทน์,2019,7,12,2019-07-12,16:00-19:00,False
4061,ก่อนโควิด,บางชัน,เสรีไทย,2019,7,15,2019-07-15,06:30-09:00,False
4062,ก่อนโควิด,บางชัน,เสรีไทย,2019,7,15,2019-07-15,09:00-16:00,False
4063,ก่อนโควิด,บางชัน,เสรีไทย,2019,7,15,2019-07-15,16:00-19:30,False
4070,ก่อนโควิด,ศรีย่าน,สามเสน,2019,7,19,2019-07-19,07:00-09:00,False
4071,ก่อนโควิด,ศรีย่าน,สามเสน,2019,7,19,2019-07-19,09:00-16:00,False
4072,ก่อนโควิด,ศรีย่าน,สามเสน,2019,7,19,2019-07-19,16:00-19:00,False
4073,ก่อนโควิด,ศรีย่าน,นครไชยศรี,2019,7,19,2019-07-19,07:00-09:00,False
4074,ก่อนโควิด,ศรีย่าน,นครไชยศรี,2019,7,19,2019-07-19,09:00-16:00,False
4075,ก่อนโควิด,ศรีย่าน,นครไชยศรี,2019,7,19,2019-07-19,16:00-19:00,False
4091,ก่อนโควิด,บรมราชชนนี,จรัญสนิทวงศ์,2019,7,24,2019-07-24,07:00-09:00,False
4092,ก่อนโควิด,บรมราชชนนี,จรัญสนิทวงศ์,2019,7,24,2019-07-24,09:00-16:00,False
4093,ก่อนโควิด,บรมราชชนนี,จรัญสนิทวงศ์,2019,7,24,2019-07-24,16:00-19:00,False
4094,ก่อนโควิด,บรมราชชนนี,บรมราชชนนี,2019,7,24,2019-07-24,07:00-09:00,False
4095,ก่อนโควิด,บรมราชชนนี,บรมราชชนนี,2019,7,24,2019-07-24,09:00-16:00,False
4096,ก่อนโควิด,บรมราชชนนี,บรมราชชนนี,2019,7,24,2019-07-24,16:00-19:00,False
4100,ก่อนโควิด,เทียมร่วมมิตร,รัชดาภิเษก,2019,7,25,2019-07-25,07:00-09:00,False
4101,ก่อนโควิด,เทียมร่วมมิตร,รัชดาภิเษก,2019,7,25,2019-07-25,09:00-16:00,False
4102,ก่อนโควิด,เทียมร่วมมิตร,รัชดาภิเษก,2019,7,25,2019-07-25,16:00-19:00,False
4103,ก่อนโควิด,เทียมร่วมมิตร,เทียมร่วมมิตร,2019,7,25,2019-07-25,07:00-09:00,False
4104,ก่อนโควิด,เทียมร่วมมิตร,เทียมร่วมมิตร,2019,7,25,2019-07-25,09:00-16:00,False
4105,ก่อนโควิด,เทียมร่วมมิตร,เทียมร่วมมิตร,2019,7,25,2019-07-25,16:00-19:00,False
4112,ก่อนโควิด,คลองประปา,ประชาชื่น,2019,7,30,2019-07-30,07:00-09:00,False
4113,ก่อนโควิด,คลองประปา,ประชาชื่น,2019,7,30,2019-07-30,09:00-16:00,False
4114,ก่อนโควิด,คลองประปา,ประชาชื่น,2019,7,30,2019-07-30,16:00-19:00,False
4115,ก่อนโควิด,คลองประปา,เลียบคลองประปา,2019,7,30,2019-07-30,07:00-09:00,False
4116,ก่อนโควิด,คลองประปา,เลียบคลองประปา,2019,7,30,2019-07-30,09:00-16:00,False
4117,ก่อนโควิด,คลองประปา,เลียบคลองประปา,2019,7,30,2019-07-30,16:00-19:00,False
4118,ก่อนโควิด,คลองประปา,แจ้งวัฒนะ,2019,7,30,2019-07-30,07:00-09:00,False
4119,ก่อนโควิด,คลองประปา,แจ้งวัฒนะ,2019,7,30,2019-07-30,09:00-16:00,False
4120,ก่อนโควิด,คลองประปา,แจ้งวัฒนะ,2019,7,30,2019-07-30,16:00-19:00,False
4157,ก่อนโควิด,ท่าดินแดง,ท่าดินแดง,2019,8,5,2019-08-05,07:00-09:00,False
4158,ก่อนโควิด,ท่าดินแดง,ท่าดินแดง,2019,8,5,2019-08-05,09:00-16:00,False
4159,ก่อนโควิด,ท่าดินแดง,ท่าดินแดง,2019,8,5,2019-08-05,16:00-19:00,False
4160,ก่อนโควิด,ท่าดินแดง,สมเด็จเจ้าพระยา,2019,8,5,2019-08-05,07:00-09:00,False
4161,ก่อนโควิด,ท่าดินแดง,สมเด็จเจ้าพระยา,2019,8,5,2019-08-05,09:00-16:00,False
4162,ก่อนโควิด,ท่าดินแดง,สมเด็จเจ้าพระยา,2019,8,5,2019-08-05,16:00-19:00,False
4175,ก่อนโควิด,เกษตร,พหลโยธิน,2019,8,7,2019-08-07,07:00-09:00,False
4176,ก่อนโควิด,เกษตร,พหลโยธิน,2019,8,7,2019-08-07,09:00-16:00,False
4177,ก่อนโควิด,เกษตร,พหลโยธิน,2019,8,7,2019-08-07,16:00-19:00,False
4178,ก่อนโควิด,เกษตร,งามวงศ์วาน,2019,8,7,2019-08-07,07:00-09:00,False
4179,ก่อนโควิด,เกษตร,งามวงศ์วาน,2019,8,7,2019-08-07,09:00-16:00,False
4180,ก่อนโควิด,เกษตร,งามวงศ์วาน,2019,8,7,2019-08-07,16:00-19:00,False
4187,ก่อนโควิด,จันทน์ - นราธิวาส,จันทน์,2019,8,8,2019-08-08,07:00-09:00,False
4188,ก่อนโควิด,จันทน์ - นราธิวาส,จันทน์,2019,8,8,2019-08-08,09:00-16:00,False
4189,ก่อนโควิด,จันทน์ - นราธิวาส,จันทน์,2019,8,8,2019-08-08,16:00-19:00,False
4199,ก่อนโควิด,ทุ่งสาธิต,สุขุมวิท,2019,8,13,2019-08-13,07:00-09:00,False
4200,ก่อนโควิด,ทุ่งสาธิต,สุขุมวิท,2019,8,13,2019-08-13,09:00-16:00,False
4201,ก่อนโควิด,ทุ่งสาธิต,สุขุมวิท,2019,8,13,2019-08-13,16:00-19:00,False
4208,ก่อนโควิด,สุวินทวงศ์ - ราษฎร์อุทิศ,ราษฎร์อุทิศ,2019,8,14,2019-08-14,07:00-09:00,False
4209,ก่อนโควิด,สุวินทวงศ์ - ราษฎร์อุทิศ,ราษฎร์อุทิศ,2019,8,14,2019-08-14,09:00-16:00,False
4210,ก่อนโควิด,สุวินทวงศ์ - ราษฎร์อุทิศ,ราษฎร์อุทิศ,2019,8,14,2019-08-14,16:00-19:00,False
4211,ก่อนโควิด,สุวินทวงศ์ - ราษฎร์อุทิศ,สุวินทวงศ์,2019,8,14,2019-08-14,07:00-09:00,False
4212,ก่อนโควิด,สุวินทวงศ์ - ราษฎร์อุทิศ,สุวินทวงศ์,2019,8,14,2019-08-14,09:00-16:00,False
4213,ก่อนโควิด,สุวินทวงศ์ - ราษฎร์อุทิศ,สุวินทวงศ์,2019,8,14,2019-08-14,16:00-19:00,False
4223,ก่อนโควิด,ประเสริฐมนูกิจ - ลาดปลาเค้า,ลาดปลาเค้า,2019,8,15,2019-08-15,07:00-09:00,False
4224,ก่อนโควิด,ประเสริฐมนูกิจ - ลาดปลาเค้า,ลาดปลาเค้า,2019,8,15,2019-08-15,09:00-16:00,False
4225,ก่อนโควิด,ประเสริฐมนูกิจ - ลาดปลาเค้า,ลาดปลาเค้า,2019,8,15,2019-08-15,16:00-19:00,False
4226,ก่อนโควิด,ประเสริฐมนูกิจ - ลาดปลาเค้า,ประเสริฐมนูกิจ,2019,8,15,2019-08-15,07:00-09:00,False
4227,ก่อนโควิด,ประเสริฐมนูกิจ - ลาดปลาเค้า,ประเสริฐมนูกิจ,2019,8,15,2019-08-15,09:00-16:00,False
4228,ก่อนโควิด,ประเสริฐมนูกิจ - ลาดปลาเค้า,ประเสริฐมนูกิจ,2019,8,15,2019-08-15,16:00-19:00,False
4229,ก่อนโควิด,สะพานแดง,พระรามที่ 5,2019,8,19,2019-08-19,06:30-09:00,False
4230,ก่อนโควิด,สะพานแดง,พระรามที่ 5,2019,8,19,2019-08-19,09:00-16:00,False
4231,ก่อนโควิด,สะพานแดง,พระรามที่ 5,2019,8,19,2019-08-19,16:00-19:30,False
4232,ก่อนโควิด,สะพานแดง,เตชะวณิช,2019,8,19,2019-08-19,06:30-09:00,False
4233,ก่อนโควิด,สะพานแดง,เตชะวณิช,2019,8,19,2019-08-19,09:00-16:00,False
4234,ก่อนโควิด,สะพานแดง,เตชะวณิช,2019,8,19,2019-08-19,16:00-19:30,False
4235,ก่อนโควิด,สะพานแดง,ทหาร,2019,8,19,2019-08-19,07:00-09:00,False
4236,ก่อนโควิด,สะพานแดง,ทหาร,2019,8,19,2019-08-19,09:00-16:00,False
4237,ก่อนโควิด,สะพานแดง,ทหาร,2019,8,19,2019-08-19,16:00-19:00,False
4238,ก่อนโควิด,สะพานแดง,ประดิพัทธ์,2019,8,19,2019-08-19,07:00-09:00,False
4239,ก่อนโควิด,สะพานแดง,ประดิพัทธ์,2019,8,19,2019-08-19,09:00-16:00,False
4240,ก่อนโควิด,สะพานแดง,ประดิพัทธ์,2019,8,19,2019-08-19,16:00-19:00,False
4256,ก่อนโควิด,มิตรไมตรี - มิตรไมตรี 2,มิตรไมตรี,2019,8,22,2019-08-22,07:00-09:00,False
4257,ก่อนโควิด,มิตรไมตรี - มิตรไมตรี 2,มิตรไมตรี,2019,8,22,2019-08-22,09:00-16:00,False
4258,ก่อนโควิด,มิตรไมตรี - มิตรไมตรี 2,มิตรไมตรี,2019,8,22,2019-08-22,16:00-19:00,False
4259,ก่อนโควิด,มิตรไมตรี - มิตรไมตรี 2,มิตรไมตรี 2,2019,8,22,2019-08-22,07:00-09:00,False
4260,ก่อนโควิด,มิตรไมตรี - มิตรไมตรี 2,มิตรไมตรี 2,2019,8,22,2019-08-22,09:00-16:00,False
4261,ก่อนโควิด,มิตรไมตรี - มิตรไมตรี 2,มิตรไมตรี 2,2019,8,22,2019-08-22,16:00-19:00,False
4265,ก่อนโควิด,หัวลำโพง,พระรามที่ 4,2019,8,23,2019-08-23,07:00-09:00,False
4266,ก่อนโควิด,หัวลำโพง,พระรามที่ 4,2019,8,23,2019-08-23,09:00-16:00,False
4267,ก่อนโควิด,หัวลำโพง,พระรามที่ 4,2019,8,23,2019-08-23,16:00-19:00,False
4280,ก่อนโควิด,ปากทางลาดพร้าว,พหลโยธิน,2019,8,27,2019-08-27,07:00-09:00,False
4281,ก่อนโควิด,ปากทางลาดพร้าว,พหลโยธิน,2019,8,27,2019-08-27,09:00-16:00,False
4282,ก่อนโควิด,ปากทางลาดพร้าว,พหลโยธิน,2019,8,27,2019-08-27,16:00-19:00,False
4283,ก่อนโควิด,ปากทางลาดพร้าว,ลาดพร้าว,2019,8,27,2019-08-27,07:00-09:00,False
4284,ก่อนโควิด,ปากทางลาดพร้าว,ลาดพร้าว,2019,8,27,2019-08-27,09:00-16:00,False
4285,ก่อนโควิด,ปากทางลาดพร้าว,ลาดพร้าว,2019,8,27,2019-08-27,16:00-19:00,False
4292,ก่อนโควิด,เอกมัยใต้,สุขุมวิท,2019,8,28,2019-08-28,06:30-09:00,False
4293,ก่อนโควิด,เอกมัยใต้,สุขุมวิท,2019,8,28,2019-08-28,09:00-16:00,False
4294,ก่อนโควิด,เอกมัยใต้,สุขุมวิท,2019,8,28,2019-08-28,16:00-19:30,False
4298,ก่อนโควิด,บางกะปิ,พ่วงศิริ,2019,8,29,2019-08-29,07:00-09:00,False
4299,ก่อนโควิด,บางกะปิ,พ่วงศิริ,2019,8,29,2019-08-29,09:00-16:00,False
4300,ก่อนโควิด,บางกะปิ,พ่วงศิริ,2019,8,29,2019-08-29,16:00-19:00,False
4301,ก่อนโควิด,บางกะปิ,ลาดพร้าว,2019,8,29,2019-08-29,07:00-09:00,False
4302,ก่อนโควิด,บางกะปิ,ลาดพร้าว,2019,8,29,2019-08-29,09:00-16:00,False
4303,ก่อนโควิด,บางกะปิ,ลาดพร้าว,2019,8,29,2019-08-29,16:00-19:00,False
4304,ก่อนโควิด,บางกะปิ,เสรีไทย,2019,8,29,2019-08-29,07:00-09:00,False
4305,ก่อนโควิด,บางกะปิ,เสรีไทย,2019,8,29,2019-08-29,09:00-16:00,False
4306,ก่อนโควิด,บางกะปิ,เสรีไทย,2019,8,29,2019-08-29,16:00-19:00,False
4316,ก่อนโควิด,แปลงนาม,แปลงนาม,2019,9,2,2019-09-02,07:00-09:00,False
4317,ก่อนโควิด,แปลงนาม,แปลงนาม,2019,9,2,2019-09-02,09:00-16:00,False
4318,ก่อนโควิด,แปลงนาม,แปลงนาม,2019,9,2,2019-09-02,16:00-19:00,False
4319,ก่อนโควิด,แปลงนาม,พลับพลาไชย,2019,9,2,2019-09-02,07:00-09:00,False
4320,ก่อนโควิด,แปลงนาม,พลับพลาไชย,2019,9,2,2019-09-02,09:00-16:00,False
4321,ก่อนโควิด,แปลงนาม,พลับพลาไชย,2019,9,2,2019-09-02,16:00-19:00,False
4322,ก่อนโควิด,แปลงนาม,เจริญกรุง,2019,9,2,2019-09-02,07:00-09:00,False
4323,ก่อนโควิด,แปลงนาม,เจริญกรุง,2019,9,2,2019-09-02,09:00-16:00,False
4324,ก่อนโควิด,แปลงนาม,เจริญกรุง,2019,9,2,2019-09-02,16:00-19:00,False
4340,ก่อนโควิด,เพชรเกษม - ราชพฤกษ์,ราชพฤกษ์,2019,9,5,2019-09-05,07:00-09:00,False
4341,ก่อนโควิด,เพชรเกษม - ราชพฤกษ์,ราชพฤกษ์,2019,9,5,2019-09-05,09:00-16:00,False
4342,ก่อนโควิด,เพชรเกษม - ราชพฤกษ์,ราชพฤกษ์,2019,9,5,2019-09-05,16:00-19:00,False
4343,ก่อนโควิด,เพชรเกษม - ราชพฤกษ์,เพชรเกษม,2019,9,5,2019-09-05,07:00-09:00,False
4344,ก่อนโควิด,เพชรเกษม - ราชพฤกษ์,เพชรเกษม,2019,9,5,2019-09-05,09:00-16:00,False
4345,ก่อนโควิด,เพชรเกษม - ราชพฤกษ์,เพชรเกษม,2019,9,5,2019-09-05,16:00-19:00,False
4361,ก่อนโควิด,คอกวัว,ตะนาว,2019,9,11,2019-09-11,07:00-09:00,False
4362,ก่อนโควิด,คอกวัว,ตะนาว,2019,9,11,2019-09-11,09:00-16:00,False
4363,ก่อนโควิด,คอกวัว,ตะนาว,2019,9,11,2019-09-11,16:00-19:00,False
4364,ก่อนโควิด,คอกวัว,ราชดำเนินกลาง,2019,9,11,2019-09-11,07:00-09:00,False
4365,ก่อนโควิด,คอกวัว,ราชดำเนินกลาง,2019,9,11,2019-09-11,09:00-16:00,False
4366,ก่อนโควิด,คอกวัว,ราชดำเนินกลาง,2019,9,11,2019-09-11,16:00-19:00,False
4379,ก่อนโควิด,จันทน์ - เจริญราษฎร์,เจริญราษฎร์,2019,9,13,2019-09-13,07:00-09:00,False
4380,ก่อนโควิด,จันทน์ - เจริญราษฎร์,เจริญราษฎร์,2019,9,13,2019-09-13,09:00-16:00,False
4381,ก่อนโควิด,จันทน์ - เจริญราษฎร์,เจริญราษฎร์,2019,9,13,2019-09-13,16:00-19:00,False
4382,ก่อนโควิด,จันทน์ - เจริญราษฎร์,จันทน์,2019,9,13,2019-09-13,07:00-09:00,False
4383,ก่อนโควิด,จันทน์ - เจริญราษฎร์,จันทน์,2019,9,13,2019-09-13,09:00-16:00,False
4384,ก่อนโควิด,จันทน์ - เจริญราษฎร์,จันทน์,2019,9,13,2019-09-13,16:00-19:00,False
4388,ก่อนโควิด,พระโขนง,สุขุมวิท,2019,9,16,2019-09-16,07:00-09:00,False
4389,ก่อนโควิด,พระโขนง,สุขุมวิท,2019,9,16,2019-09-16,09:00-16:00,False
4390,ก่อนโควิด,พระโขนง,สุขุมวิท,2019,9,16,2019-09-16,16:00-19:00,False
4403,ก่อนโควิด,รัชดา - ลาดพร้าว,รัชดาภิเษก,2019,9,18,2019-09-18,07:00-09:00,False
4404,ก่อนโควิด,รัชดา - ลาดพร้าว,รัชดาภิเษก,2019,9,18,2019-09-18,09:00-16:00,False
4405,ก่อนโควิด,รัชดา - ลาดพร้าว,รัชดาภิเษก,2019,9,18,2019-09-18,16:00-19:00,False
4412,ก่อนโควิด,สุโขทัย,สุโขทัย,2019,9,19,2019-09-19,07:00-09:00,False
4413,ก่อนโควิด,สุโขทัย,สุโขทัย,2019,9,19,2019-09-19,09:00-16:00,False
4414,ก่อนโควิด,สุโขทัย,สุโขทัย,2019,9,19,2019-09-19,16:00-19:00,False
4427,ก่อนโควิด,หมู่บ้านเศรษฐกิจ,เพชรเกษม,2019,9,24,2019-09-24,07:00-09:00,False
4428,ก่อนโควิด,หมู่บ้านเศรษฐกิจ,เพชรเกษม,2019,9,24,2019-09-24,09:00-16:00,False
4429,ก่อนโควิด,หมู่บ้านเศรษฐกิจ,เพชรเกษม,2019,9,24,2019-09-24,16:00-19:00,False
4448,ก่อนโควิด,มไหสวรรย์,รัชดาภิเษก,2019,9,26,2019-09-26,07:00-09:00,False
4449,ก่อนโควิด,มไหสวรรย์,รัชดาภิเษก,2019,9,26,2019-09-26,09:00-16:00,False
4450,ก่อนโควิด,มไหสวรรย์,รัชดาภิเษก,2019,9,26,2019-09-26,16:00-19:00,False
4451,ก่อนโควิด,มไหสวรรย์,มไหสวรรย์,2019,9,26,2019-09-26,07:00-09:00,False
4452,ก่อนโควิด,มไหสวรรย์,มไหสวรรย์,2019,9,26,2019-09-26,09:00-16:00,False
4453,ก่อนโควิด,มไหสวรรย์,มไหสวรรย์,2019,9,26,2019-09-26,16:00-19:00,False
4460,ก่อนโควิด,อุณากรรณ,อุณากรรณ,2019,9,30,2019-09-30,07:00-09:00,False
4461,ก่อนโควิด,อุณากรรณ,อุณากรรณ,2019,9,30,2019-09-30,09:00-16:00,False
4462,ก่อนโควิด,อุณากรรณ,อุณากรรณ,2019,9,30,2019-09-30,16:00-19:00,False
4463,ก่อนโควิด,อุณากรรณ,เจริญกรุง,2019,9,30,2019-09-30,07:00-09:00,False
4464,ก่อนโควิด,อุณากรรณ,เจริญกรุง,2019,9,30,2019-09-30,09:00-16:00,False
4465,ก่อนโควิด,อุณากรรณ,เจริญกรุง,2019,9,30,2019-09-30,16:00-19:00,False
4472,ก่อนโควิด,กำแพงเพชร,พหลโยธิน,2019,10,2,2019-10-02,07:00-09:00,False
4473,ก่อนโควิด,กำแพงเพชร,พหลโยธิน,2019,10,2,2019-10-02,09:00-16:00,False
4474,ก่อนโควิด,กำแพงเพชร,พหลโยธิน,2019,10,2,2019-10-02,16:00-19:00,False
4475,ก่อนโควิด,กำแพงเพชร,กำแพงเพชร,2019,10,2,2019-10-02,06:30-09:00,False
4476,ก่อนโควิด,กำแพงเพชร,กำแพงเพชร,2019,10,2,2019-10-02,09:00-16:00,False
4477,ก่อนโควิด,กำแพงเพชร,กำแพงเพชร,2019,10,2,2019-10-02,16:00-19:30,False
4481,ก่อนโควิด,ด่วนเกษมราษฎร์,เกษมราษฎร์,2019,10,3,2019-10-03,07:00-09:00,False
4482,ก่อนโควิด,ด่วนเกษมราษฎร์,เกษมราษฎร์,2019,10,3,2019-10-03,09:00-16:00,False
4483,ก่อนโควิด,ด่วนเกษมราษฎร์,เกษมราษฎร์,2019,10,3,2019-10-03,16:00-19:00,False
4487,ก่อนโควิด,เตาปูน,ประชาราษฎร์,2019,10,4,2019-10-04,07:00-09:00,False
4488,ก่อนโควิด,เตาปูน,ประชาราษฎร์,2019,10,4,2019-10-04,09:00-16:00,False
4489,ก่อนโควิด,เตาปูน,ประชาราษฎร์,2019,10,4,2019-10-04,16:00-19:00,False
4490,ก่อนโควิด,เตาปูน,ประชาราษฎร์สาย 2,2019,10,4,2019-10-04,07:00-09:00,False
4491,ก่อนโควิด,เตาปูน,ประชาราษฎร์สาย 2,2019,10,4,2019-10-04,09:00-16:00,False
4492,ก่อนโควิด,เตาปูน,ประชาราษฎร์สาย 2,2019,10,4,2019-10-04,16:00-19:00,False
4499,ก่อนโควิด,นาหลวง,พุทธบูชา,2019,10,7,2019-10-07,07:00-09:00,False
4500,ก่อนโควิด,นาหลวง,พุทธบูชา,2019,10,7,2019-10-07,09:00-16:00,False
4501,ก่อนโควิด,นาหลวง,พุทธบูชา,2019,10,7,2019-10-07,16:00-19:00,False
4508,ก่อนโควิด,วัดสะพานสูง,เตชะวณิช,2019,10,9,2019-10-09,07:00-09:00,False
4509,ก่อนโควิด,วัดสะพานสูง,เตชะวณิช,2019,10,9,2019-10-09,09:00-16:00,False
4510,ก่อนโควิด,วัดสะพานสูง,เตชะวณิช,2019,10,9,2019-10-09,16:00-19:00,False
4511,ก่อนโควิด,วัดสะพานสูง,พระรามที่ 6,2019,10,9,2019-10-09,07:00-09:00,False
4512,ก่อนโควิด,วัดสะพานสูง,พระรามที่ 6,2019,10,9,2019-10-09,09:00-16:00,False
4513,ก่อนโควิด,วัดสะพานสูง,พระรามที่ 6,2019,10,9,2019-10-09,16:00-19:00,False
4514,ก่อนโควิด,ทองหล่อ,สุขุมวิท,2019,10,10,2019-10-10,07:00-09:00,False
4515,ก่อนโควิด,ทองหล่อ,สุขุมวิท,2019,10,10,2019-10-10,09:00-16:00,False
4516,ก่อนโควิด,ทองหล่อ,สุขุมวิท,2019,10,10,2019-10-10,16:00-19:00,False
4544,ก่อนโควิด,สะพานเหลือง,พระรามที่ 4,2019,10,16,2019-10-16,07:00-09:00,False
4545,ก่อนโควิด,สะพานเหลือง,พระรามที่ 4,2019,10,16,2019-10-16,09:00-16:00,False
4546,ก่อนโควิด,สะพานเหลือง,พระรามที่ 4,2019,10,16,2019-10-16,16:00-19:00,False
4550,ก่อนโควิด,สะพานเหลือง,บรรทัดทอง,2019,10,16,2019-10-16,07:00-09:00,False
4551,ก่อนโควิด,สะพานเหลือง,บรรทัดทอง,2019,10,16,2019-10-16,09:00-16:00,False
4552,ก่อนโควิด,สะพานเหลือง,บรรทัดทอง,2019,10,16,2019-10-16,16:00-19:00,False
4553,ก่อนโควิด,พงษ์เพชร,ประชาชื่น,2019,10,17,2019-10-17,07:00-09:00,False
4554,ก่อนโควิด,พงษ์เพชร,ประชาชื่น,2019,10,17,2019-10-17,09:00-16:00,False
4555,ก่อนโควิด,พงษ์เพชร,ประชาชื่น,2019,10,17,2019-10-17,16:00-19:00,False
4556,ก่อนโควิด,พงษ์เพชร,งามวงศ์วาน,2019,10,17,2019-10-17,07:00-09:00,False
4557,ก่อนโควิด,พงษ์เพชร,งามวงศ์วาน,2019,10,17,2019-10-17,09:00-16:00,False
4558,ก่อนโควิด,พงษ์เพชร,งามวงศ์วาน,2019,10,17,2019-10-17,16:00-19:00,False
4586,ก่อนโควิด,สามเสน,สวรรคโลก,2019,10,25,2019-10-25,07:00-09:00,False
4587,ก่อนโควิด,สามเสน,สวรรคโลก,2019,10,25,2019-10-25,09:00-16:00,False
4588,ก่อนโควิด,สามเสน,สวรรคโลก,2019,10,25,2019-10-25,16:00-19:00,False
4589,ก่อนโควิด,สามเสน,เทอดดำริ,2019,10,25,2019-10-25,07:00-09:00,False
4590,ก่อนโควิด,สามเสน,เทอดดำริ,2019,10,25,2019-10-25,09:00-16:00,False
4591,ก่อนโควิด,สามเสน,เทอดดำริ,2019,10,25,2019-10-25,16:00-19:00,False
4592,ก่อนโควิด,สามเสน,นครไชยศรี,2019,10,25,2019-10-25,07:00-09:00,False
4593,ก่อนโควิด,สามเสน,นครไชยศรี,2019,10,25,2019-10-25,09:00-16:00,False
4594,ก่อนโควิด,สามเสน,นครไชยศรี,2019,10,25,2019-10-25,16:00-19:00,False
4595,ก่อนโควิด,ประชาธรรม,ประดิษฐ์มนูธรรม,2019,10,28,2019-10-28,07:00-09:00,False
4596,ก่อนโควิด,ประชาธรรม,ประดิษฐ์มนูธรรม,2019,10,28,2019-10-28,09:00-16:00,False
4597,ก่อนโควิด,ประชาธรรม,ประดิษฐ์มนูธรรม,2019,10,28,2019-10-28,16:00-19:00,False
4598,ก่อนโควิด,ประชาธรรม,ประชาอุทิศ,2019,10,28,2019-10-28,07:00-09:00,False
4599,ก่อนโควิด,ประชาธรรม,ประชาอุทิศ,2019,10,28,2019-10-28,09:00-16:00,False
4600,ก่อนโควิด,ประชาธรรม,ประชาอุทิศ,2019,10,28,2019-10-28,16:00-19:00,False
4601,ก่อนโควิด,ราชวัตร,พระรามที่ 5,2019,10,29,2019-10-29,07:00-09:00,False
4602,ก่อนโควิด,ราชวัตร,พระรามที่ 5,2019,10,29,2019-10-29,09:00-16:00,False
4603,ก่อนโควิด,ราชวัตร,พระรามที่ 5,2019,10,29,2019-10-29,16:00-19:00,False
4604,ก่อนโควิด,ราชวัตร,นครไชยศรี,2019,10,29,2019-10-29,07:00-09:00,False
4605,ก่อนโควิด,ราชวัตร,นครไชยศรี,2019,10,29,2019-10-29,09:00-16:00,False
4606,ก่อนโควิด,ราชวัตร,นครไชยศรี,2019,10,29,2019-10-29,16:00-19:00,False
4619,ก่อนโควิด,ลาซาล,สุขุมวิท,2019,10,31,2019-10-31,07:00-09:00,False
4620,ก่อนโควิด,ลาซาล,สุขุมวิท,2019,10,31,2019-10-31,09:00-16:00,False
4621,ก่อนโควิด,ลาซาล,สุขุมวิท,2019,10,31,2019-10-31,16:00-19:00,False
4625,ก่อนโควิด,บางพลัด,จรัญสนิทวงศ์,2019,11,1,2019-11-01,07:00-09:00,False
4626,ก่อนโควิด,บางพลัด,จรัญสนิทวงศ์,2019,11,1,2019-11-01,09:00-16:00,False
4627,ก่อนโควิด,บางพลัด,จรัญสนิทวงศ์,2019,11,1,2019-11-01,16:00-19:00,False
4628,ก่อนโควิด,บางพลัด,สิรินธร,2019,11,1,2019-11-01,07:00-09:00,False
4629,ก่อนโควิด,บางพลัด,สิรินธร,2019,11,1,2019-11-01,09:00-16:00,False
4630,ก่อนโควิด,บางพลัด,สิรินธร,2019,11,1,2019-11-01,16:00-19:00,False
4631,ก่อนโควิด,บางพลัด,ราชวิถี,2019,11,1,2019-11-01,07:00-09:00,False
4632,ก่อนโควิด,บางพลัด,ราชวิถี,2019,11,1,2019-11-01,09:00-16:00,False
4633,ก่อนโควิด,บางพลัด,ราชวิถี,2019,11,1,2019-11-01,16:00-19:00,False
4649,ก่อนโควิด,วัดสน,สุขสวัสดิ์,2019,11,7,2019-11-07,07:00-09:00,False
4650,ก่อนโควิด,วัดสน,สุขสวัสดิ์,2019,11,7,2019-11-07,09:00-16:00,False
4651,ก่อนโควิด,วัดสน,สุขสวัสดิ์,2019,11,7,2019-11-07,16:00-19:00,False
4652,ก่อนโควิด,จักรพรรดิพงษ์,นครสวรรค์,2019,11,8,2019-11-08,07:00-09:00,False
4653,ก่อนโควิด,จักรพรรดิพงษ์,นครสวรรค์,2019,11,8,2019-11-08,09:00-16:00,False
4654,ก่อนโควิด,จักรพรรดิพงษ์,นครสวรรค์,2019,11,8,2019-11-08,16:00-19:00,False
4655,ก่อนโควิด,จักรพรรดิพงษ์,จักรพรรดิพงษ์,2019,11,8,2019-11-08,07:00-09:00,False
4656,ก่อนโควิด,จักรพรรดิพงษ์,จักรพรรดิพงษ์,2019,11,8,2019-11-08,09:00-16:00,False
4657,ก่อนโควิด,จักรพรรดิพงษ์,จักรพรรดิพงษ์,2019,11,8,2019-11-08,16:00-19:00,False
4673,ก่อนโควิด,นวมินทร์ - ประเสริฐมนูกิจ,ประเสริฐมนูกิจ,2019,11,12,2019-11-12,07:00-09:00,False
4674,ก่อนโควิด,นวมินทร์ - ประเสริฐมนูกิจ,ประเสริฐมนูกิจ,2019,11,12,2019-11-12,09:00-16:00,False
4675,ก่อนโควิด,นวมินทร์ - ประเสริฐมนูกิจ,ประเสริฐมนูกิจ,2019,11,12,2019-11-12,16:00-19:00,False
4688,ก่อนโควิด,เทวกรรม,นครสวรรค์,2019,11,15,2019-11-15,07:00-09:00,False
4689,ก่อนโควิด,เทวกรรม,นครสวรรค์,2019,11,15,2019-11-15,09:00-16:00,False
4690,ก่อนโควิด,เทวกรรม,นครสวรรค์,2019,11,15,2019-11-15,16:00-19:00,False
4691,ก่อนโควิด,เทวกรรม,กรุงเกษม,2019,11,15,2019-11-15,07:00-09:00,False
4692,ก่อนโควิด,เทวกรรม,กรุงเกษม,2019,11,15,2019-11-15,09:00-16:00,False
4693,ก่อนโควิด,เทวกรรม,กรุงเกษม,2019,11,15,2019-11-15,16:00-19:00,False
4694,ก่อนโควิด,เกษะโกมล,พระรามที่ 5,2019,11,18,2019-11-18,07:00-09:00,False
4695,ก่อนโควิด,เกษะโกมล,พระรามที่ 5,2019,11,18,2019-11-18,09:00-16:00,False
4696,ก่อนโควิด,เกษะโกมล,พระรามที่ 5,2019,11,18,2019-11-18,16:00-19:00,False
4697,ก่อนโควิด,เกษะโกมล,อำนวยสงคราม,2019,11,18,2019-11-18,07:00-09:00,False
4698,ก่อนโควิด,เกษะโกมล,อำนวยสงคราม,2019,11,18,2019-11-18,09:00-16:00,False
4699,ก่อนโควิด,เกษะโกมล,อำนวยสงคราม,2019,11,18,2019-11-18,16:00-19:00,False
4700,ก่อนโควิด,เกษะโกมล,เศรษฐศิริ,2019,11,18,2019-11-18,07:00-09:00,False
4701,ก่อนโควิด,เกษะโกมล,เศรษฐศิริ,2019,11,18,2019-11-18,09:00-16:00,False
4702,ก่อนโควิด,เกษะโกมล,เศรษฐศิริ,2019,11,18,2019-11-18,16:00-19:00,False
4712,ก่อนโควิด,แบริ่ง,สุขุมวิท,2019,11,20,2019-11-20,07:00-09:00,False
4713,ก่อนโควิด,แบริ่ง,สุขุมวิท,2019,11,20,2019-11-20,09:00-16:00,False
4714,ก่อนโควิด,แบริ่ง,สุขุมวิท,2019,11,20,2019-11-20,16:00-19:00,False
4727,ก่อนโควิด,เฉลิมกรุง,ตรีเพชร,2019,11,22,2019-11-22,07:00-09:00,False
4728,ก่อนโควิด,เฉลิมกรุง,ตรีเพชร,2019,11,22,2019-11-22,09:00-16:00,False
4729,ก่อนโควิด,เฉลิมกรุง,ตรีเพชร,2019,11,22,2019-11-22,16:00-19:00,False
4733,ก่อนโควิด,เฉลิมกรุง,เจริญกรุง,2019,11,22,2019-11-22,07:00-09:00,False
4734,ก่อนโควิด,เฉลิมกรุง,เจริญกรุง,2019,11,22,2019-11-22,09:00-16:00,False
4735,ก่อนโควิด,เฉลิมกรุง,เจริญกรุง,2019,11,22,2019-11-22,16:00-19:00,False
4754,ก่อนโควิด,พุทธมณฑลสาย 2,พุทธมณฑลสาย 2,2019,11,27,2019-11-27,07:00-09:00,False
4755,ก่อนโควิด,พุทธมณฑลสาย 2,พุทธมณฑลสาย 2,2019,11,27,2019-11-27,09:00-16:00,False
4756,ก่อนโควิด,พุทธมณฑลสาย 2,พุทธมณฑลสาย 2,2019,11,27,2019-11-27,16:00-19:00,False
4757,ก่อนโควิด,พุทธมณฑลสาย 2,เพชรเกษม,2019,11,27,2019-11-27,07:00-09:00,False
4758,ก่อนโควิด,พุทธมณฑลสาย 2,เพชรเกษม,2019,11,27,2019-11-27,09:00-16:00,False
4759,ก่อนโควิด,พุทธมณฑลสาย 2,เพชรเกษม,2019,11,27,2019-11-27,16:00-19:00,False
4763,ก่อนโควิด,วิสุทธิกษัตริย์,ประชาธิปไตย,2019,11,28,2019-11-28,07:00-09:00,False
4764,ก่อนโควิด,วิสุทธิกษัตริย์,ประชาธิปไตย,2019,11,28,2019-11-28,09:00-16:00,False
4765,ก่อนโควิด,วิสุทธิกษัตริย์,ประชาธิปไตย,2019,11,28,2019-11-28,16:00-19:00,False
4766,ก่อนโควิด,วิสุทธิกษัตริย์,วิสุทธิกษัตริย์,2019,11,28,2019-11-28,07:00-09:00,False
4767,ก่อนโควิด,วิสุทธิกษัตริย์,วิสุทธิกษัตริย์,2019,11,28,2019-11-28,09:00-16:00,False
4768,ก่อนโควิด,วิสุทธิกษัตริย์,วิสุทธิกษัตริย์,2019,11,28,2019-11-28,16:00-19:00,False
4769,ก่อนโควิด,อ.ส.ม.ท.,เพชรอุทัย,2019,12,2,2019-12-02,07:00-09:00,False
4770,ก่อนโควิด,อ.ส.ม.ท.,เพชรอุทัย,2019,12,2,2019-12-02,09:00-16:00,False
4771,ก่อนโควิด,อ.ส.ม.ท.,เพชรอุทัย,2019,12,2,2019-12-02,16:00-19:00,False
4775,ก่อนโควิด,อ.ส.ม.ท.,พระราม 9,2019,12,2,2019-12-02,07:00-09:00,False
4776,ก่อนโควิด,อ.ส.ม.ท.,พระราม 9,2019,12,2,2019-12-02,09:00-16:00,False
4777,ก่อนโควิด,อ.ส.ม.ท.,พระราม 9,2019,12,2,2019-12-02,16:00-19:00,False
4778,ก่อนโควิด,หมอมี,พระรามที่ 4,2019,12,3,2019-12-03,07:00-09:00,False
4779,ก่อนโควิด,หมอมี,พระรามที่ 4,2019,12,3,2019-12-03,09:00-16:00,False
4780,ก่อนโควิด,หมอมี,พระรามที่ 4,2019,12,3,2019-12-03,16:00-19:00,False
4781,ก่อนโควิด,หมอมี,เจริญกรุง,2019,12,3,2019-12-03,07:00-09:00,False
4782,ก่อนโควิด,หมอมี,เจริญกรุง,2019,12,3,2019-12-03,09:00-16:00,False
4783,ก่อนโควิด,หมอมี,เจริญกรุง,2019,12,3,2019-12-03,16:00-19:00,False
4820,ก่อนโควิด,ดาวคะนอง,สมเด็จพระเจ้าตากสิน,2019,12,12,2019-12-12,07:00-09:00,False
4821,ก่อนโควิด,ดาวคะนอง,สมเด็จพระเจ้าตากสิน,2019,12,12,2019-12-12,09:00-16:00,False
4822,ก่อนโควิด,ดาวคะนอง,สมเด็จพระเจ้าตากสิน,2019,12,12,2019-12-12,16:00-19:00,False
4823,ก่อนโควิด,ดาวคะนอง,จอมทอง,2019,12,12,2019-12-12,07:00-09:00,False
4824,ก่อนโควิด,ดาวคะนอง,จอมทอง,2019,12,12,2019-12-12,09:00-16:00,False
4825,ก่อนโควิด,ดาวคะนอง,จอมทอง,2019,12,12,2019-12-12,16:00-19:00,False
4826,ก่อนโควิด,วัดประชา,พระรามที่ 5,2019,12,13,2019-12-13,07:00-09:00,False
4827,ก่อนโควิด,วัดประชา,พระรามที่ 5,2019,12,13,2019-12-13,09:00-16:00,False
4828,ก่อนโควิด,วัดประชา,พระรามที่ 5,2019,12,13,2019-12-13,16:00-19:00,False
4844,ก่อนโควิด,คลองสาน,เจริญนคร,2019,12,17,2019-12-17,07:00-09:00,False
4845,ก่อนโควิด,คลองสาน,เจริญนคร,2019,12,17,2019-12-17,09:00-16:00,False
4846,ก่อนโควิด,คลองสาน,เจริญนคร,2019,12,17,2019-12-17,16:00-19:00,False
4847,ก่อนโควิด,คลองสาน,สมเด็จเจ้าพระยา,2019,12,17,2019-12-17,07:00-09:00,False
4848,ก่อนโควิด,คลองสาน,สมเด็จเจ้าพระยา,2019,12,17,2019-12-17,09:00-16:00,False
4849,ก่อนโควิด,คลองสาน,สมเด็จเจ้าพระยา,2019,12,17,2019-12-17,16:00-19:00,False
4850,ก่อนโควิด,คลองสาน,ลาดหญ้า,2019,12,17,2019-12-17,07:00-09:00,False
4851,ก่อนโควิด,คลองสาน,ลาดหญ้า,2019,12,17,2019-12-17,09:00-16:00,False
4852,ก่อนโควิด,คลองสาน,ลาดหญ้า,2019,12,17,2019-12-17,16:00-19:00,False
4874,ก่อนโควิด,ประชาสงเคราะห์,ประชาสงเคราะห์,2019,12,20,2019-12-20,07:00-09:00,False
4875,ก่อนโควิด,ประชาสงเคราะห์,ประชาสงเคราะห์,2019,12,20,2019-12-20,09:00-16:00,False
4876,ก่อนโควิด,ประชาสงเคราะห์,ประชาสงเคราะห์,2019,12,20,2019-12-20,16:00-19:00,False
4877,ก่อนโควิด,ประชาสงเคราะห์,ดินแดง,2019,12,20,2019-12-20,07:00-09:00,False
4878,ก่อนโควิด,ประชาสงเคราะห์,ดินแดง,2019,12,20,2019-12-20,09:00-16:00,False
4879,ก่อนโควิด,ประชาสงเคราะห์,ดินแดง,2019,12,20,2019-12-20,16:00-19:00,False
4901,ก่อนโควิด,ห้วยขวาง,รัชดาภิเษก,2019,12,24,2019-12-24,07:00-09:00,False
4902,ก่อนโควิด,ห้วยขวาง,รัชดาภิเษก,2019,12,24,2019-12-24,09:00-16:00,False
4903,ก่อนโควิด,ห้วยขวาง,รัชดาภิเษก,2019,12,24,2019-12-24,16:00-19:00,False
4904,ก่อนโควิด,ห้วยขวาง,ประชาสงเคราะห์,2019,12,24,2019-12-24,07:00-09:00,False
4905,ก่อนโควิด,ห้วยขวาง,ประชาสงเคราะห์,2019,12,24,2019-12-24,09:00-16:00,False
4906,ก่อนโควิด,ห้วยขวาง,ประชาสงเคราะห์,2019,12,24,2019-12-24,16:00-19:00,False
4907,ก่อนโควิด,ห้วยขวาง,ประชาราษฎร์บำเพ็ญ,2019,12,24,2019-12-24,07:00-09:00,False
4908,ก่อนโควิด,ห้วยขวาง,ประชาราษฎร์บำเพ็ญ,2019,12,24,2019-12-24,09:00-16:00,False
4909,ก่อนโควิด,ห้วยขวาง,ประชาราษฎร์บำเพ็ญ,2019,12,24,2019-12-24,16:00-19:00,False
4913,ก่อนโควิด,อุดมสุข,สุขุมวิท,2019,12,25,2019-12-25,07:00-09:00,False
4914,ก่อนโควิด,อุดมสุข,สุขุมวิท,2019,12,25,2019-12-25,09:00-16:00,False
4915,ก่อนโควิด,อุดมสุข,สุขุมวิท,2019,12,25,2019-12-25,16:00-19:00,False
4919,โควิด,ไฟฉาย,จรัญสนิทวงศ์,2020,1,2,2020-01-02,07:00-09:00,False
4921,โควิด,ไฟฉาย,พรานนก,2020,1,2,2020-01-02,07:00-09:00,False
4922,โควิด,ไฟฉาย,จรัญสนิทวงศ์,2020,1,2,2020-01-02,16:00-19:00,False
4924,โควิด,ไฟฉาย,พรานนก,2020,1,2,2020-01-02,16:00-19:00,False
4925,โควิด,ไฟฉาย,จรัญสนิทวงศ์,2020,1,2,2020-01-02,09:00-16:00,False
4927,โควิด,ไฟฉาย,พรานนก,2020,1,2,2020-01-02,09:00-16:00,False
4928,โควิด,อังรีดูนังต์,สุรวงศ์,2020,1,3,2020-01-03,07:00-09:00,True
4929,โควิด,อังรีดูนังต์,อังรีดูนังต์,2020,1,3,2020-01-03,07:00-09:00,True
4931,โควิด,อังรีดูนังต์,สุรวงศ์,2020,1,3,2020-01-03,16:00-19:00,True
4932,โควิด,อังรีดูนังต์,อังรีดูนังต์,2020,1,3,2020-01-03,16:00-19:00,True
4934,โควิด,อังรีดูนังต์,สุรวงศ์,2020,1,3,2020-01-03,09:00-16:00,True
4935,โควิด,อังรีดูนังต์,อังรีดูนังต์,2020,1,3,2020-01-03,09:00-16:00,True
4949,โควิด,บางรัก,เจริญกรุง,2020,1,8,2020-01-08,07:00-09:00,False
4951,โควิด,บางรัก,สีลม,2020,1,8,2020-01-08,07:00-09:00,False
4952,โควิด,บางรัก,เจริญกรุง,2020,1,8,2020-01-08,16:00-19:00,False
4954,โควิด,บางรัก,สีลม,2020,1,8,2020-01-08,16:00-19:00,False
4955,โควิด,บางรัก,เจริญกรุง,2020,1,8,2020-01-08,09:00-16:00,False
4957,โควิด,บางรัก,สีลม,2020,1,8,2020-01-08,09:00-16:00,False
4965,โควิด,บางกระบือ,สามเสน,2020,1,10,2020-01-10,07:00-09:00,True
4966,โควิด,บางกระบือ,เขียวไข่กา,2020,1,10,2020-01-10,07:00-09:00,True
4967,โควิด,บางกระบือ,อำนวยสงคราม,2020,1,10,2020-01-10,07:00-09:00,True
4968,โควิด,บางกระบือ,สามเสน,2020,1,10,2020-01-10,16:00-19:00,True
4969,โควิด,บางกระบือ,เขียวไข่กา,2020,1,10,2020-01-10,16:00-19:00,True
4970,โควิด,บางกระบือ,อำนวยสงคราม,2020,1,10,2020-01-10,16:00-19:00,True
4971,โควิด,บางกระบือ,อำนวยสงคราม,2020,1,10,2020-01-10,16:00-19:30,True
4973,โควิด,บางกระบือ,สามเสน,2020,1,10,2020-01-10,09:00-16:00,True
4974,โควิด,บางกระบือ,เขียวไข่กา,2020,1,10,2020-01-10,09:00-16:00,True
4990,โควิด,พรานนก,อิสรภาพ,2020,1,15,2020-01-15,06:30-09:00,False
4991,โควิด,พรานนก,พรานนก,2020,1,15,2020-01-15,06:30-09:00,False
4993,โควิด,พรานนก,อิสรภาพ,2020,1,15,2020-01-15,16:00-19:30,False
4997,โควิด,พรานนก,อิสรภาพ,2020,1,15,2020-01-15,09:00-16:00,False
5049,โควิด,มิตรไมตรี - มิตรไมตรี 1,มิตรไมตรี,2020,1,27,2020-01-27,06:30-09:00,True
5050,โควิด,มิตรไมตรี - มิตรไมตรี 1,มิตรไมตรี 1,2020,1,27,2020-01-27,06:30-09:00,True
5053,โควิด,มิตรไมตรี - มิตรไมตรี 1,มิตรไมตรี,2020,1,27,2020-01-27,16:00-19:30,True
5054,โควิด,มิตรไมตรี - มิตรไมตรี 1,มิตรไมตรี 1,2020,1,27,2020-01-27,16:00-19:30,True
5057,โควิด,มิตรไมตรี - มิตรไมตรี 1,มิตรไมตรี,2020,1,27,2020-01-27,09:00-16:00,True
5058,โควิด,มิตรไมตรี - มิตรไมตรี 1,มิตรไมตรี 1,2020,1,27,2020-01-27,09:00-16:00,False
5061,โควิด,มิตรไมตรี - มิตรไมตรี 2,มิตรไมตรี,2020,1,28,2020-01-28,06:30-09:00,True
5062,โควิด,มิตรไมตรี - มิตรไมตรี 2,มิตรไมตรี 2,2020,1,28,2020-01-28,06:30-09:00,True
5063,โควิด,มิตรไมตรี - มิตรไมตรี 2,มิตรไมตรี,2020,1,28,2020-01-28,16:00-19:30,True
5064,โควิด,มิตรไมตรี - มิตรไมตรี 2,มิตรไมตรี 2,2020,1,28,2020-01-28,16:00-19:30,True
5065,โควิด,มิตรไมตรี - มิตรไมตรี 2,มิตรไมตรี,2020,1,28,2020-01-28,09:00-16:00,True
5066,โควิด,มิตรไมตรี - มิตรไมตรี 2,มิตรไมตรี 2,2020,1,28,2020-01-28,09:00-16:00,True
5067,โควิด,นางลิ้นจี่,นางลิ้นจี่,2020,1,29,2020-01-29,06:30-09:00,True
5068,โควิด,นางลิ้นจี่,พระรามที่ 3,2020,1,29,2020-01-29,06:30-09:00,False
5069,โควิด,นางลิ้นจี่,นางลิ้นจี่,2020,1,29,2020-01-29,16:00-19:30,True
5070,โควิด,นางลิ้นจี่,พระรามที่ 3,2020,1,29,2020-01-29,16:00-19:30,False
5071,โควิด,นางลิ้นจี่,นางลิ้นจี่,2020,1,29,2020-01-29,09:00-16:00,True
5072,โควิด,นางลิ้นจี่,พระรามที่ 3,2020,1,29,2020-01-29,09:00-16:00,False
5124,โควิด,มิตรไมตรี - มิตรไมตรี 2,มิตรไมตรี,2020,2,4,2020-02-04,07:00-09:00,True
5125,โควิด,มิตรไมตรี - มิตรไมตรี 2,มิตรไมตรี 2,2020,2,4,2020-02-04,07:00-09:00,True
5126,โควิด,มิตรไมตรี - มิตรไมตรี 2,มิตรไมตรี,2020,2,4,2020-02-04,16:00-19:00,True
5127,โควิด,มิตรไมตรี - มิตรไมตรี 2,มิตรไมตรี 2,2020,2,4,2020-02-04,16:00-19:00,True
5128,โควิด,มิตรไมตรี - มิตรไมตรี 2,มิตรไมตรี,2020,2,4,2020-02-04,09:00-16:00,True
5129,โควิด,มิตรไมตรี - มิตรไมตรี 2,มิตรไมตรี 2,2020,2,4,2020-02-04,09:00-16:00,True
5175,โควิด,มิตรไมตรี - มิตรไมตรี 2,มิตรไมตรี,2020,2,12,2020-02-12,07:00-09:00,True
5176,โควิด,มิตรไมตรี - มิตรไมตรี 2,มิตรไมตรี 2,2020,2,12,2020-02-12,07:00-09:00,True
5177,โควิด,มิตรไมตรี - มิตรไมตรี 2,มิตรไมตรี,2020,2,12,2020-02-12,16:00-19:00,True
5178,โควิด,มิตรไมตรี - มิตรไมตรี 2,มิตรไมตรี 2,2020,2,12,2020-02-12,16:00-19:00,True
5179,โควิด,มิตรไมตรี - มิตรไมตรี 2,มิตรไมตรี,2020,2,12,2020-02-12,09:00-16:00,True
5180,โควิด,มิตรไมตรี - มิตรไมตรี 2,มิตรไมตรี 2,2020,2,12,2020-02-12,09:00-16:00,True
5182,โควิด,เจ้าคุณทหาร - ฉลองกรุง,ฉลองกรุง,2020,2,13,2020-02-13,07:00-09:00,False
5183,โควิด,เจ้าคุณทหาร - ฉลองกรุง,เจ้าคุณทหาร,2020,2,13,2020-02-13,07:00-09:00,True
5185,โควิด,เจ้าคุณทหาร - ฉลองกรุง,ฉลองกรุง,2020,2,13,2020-02-13,16:00-19:00,False
5186,โควิด,เจ้าคุณทหาร - ฉลองกรุง,เจ้าคุณทหาร,2020,2,13,2020-02-13,16:00-19:00,True
5188,โควิด,เจ้าคุณทหาร - ฉลองกรุง,ฉลองกรุง,2020,2,13,2020-02-13,09:00-16:00,False
5189,โควิด,เจ้าคุณทหาร - ฉลองกรุง,เจ้าคุณทหาร,2020,2,13,2020-02-13,09:00-16:00,True
5202,โควิด,ศาลาแดง,สีลม,2020,2,18,2020-02-18,07:00-09:00,False
5203,โควิด,ศาลาแดง,ราชดำริ,2020,2,18,2020-02-18,07:00-09:00,False
5204,โควิด,ศาลาแดง,พระรามที่ 4,2020,2,18,2020-02-18,07:00-09:00,False
5205,โควิด,ศาลาแดง,สีลม,2020,2,18,2020-02-18,16:00-19:00,False
5206,โควิด,ศาลาแดง,ราชดำริ,2020,2,18,2020-02-18,16:00-19:00,False
5207,โควิด,ศาลาแดง,พระรามที่ 4,2020,2,18,2020-02-18,16:00-19:00,False
5208,โควิด,ศาลาแดง,สีลม,2020,2,18,2020-02-18,09:00-16:00,False
5209,โควิด,ศาลาแดง,ราชดำริ,2020,2,18,2020-02-18,09:00-16:00,False
5210,โควิด,ศาลาแดง,พระรามที่ 4,2020,2,18,2020-02-18,09:00-16:00,False
5211,โควิด,จอมทอง,วุฒากาศ,2020,2,19,2020-02-19,07:00-09:00,True
5212,โควิด,จอมทอง,จอมทอง,2020,2,19,2020-02-19,07:00-09:00,True
5213,โควิด,จอมทอง,วุฒากาศ,2020,2,19,2020-02-19,16:00-19:00,True
5214,โควิด,จอมทอง,จอมทอง,2020,2,19,2020-02-19,16:00-19:00,False
5215,โควิด,จอมทอง,วุฒากาศ,2020,2,19,2020-02-19,09:00-16:00,True
5216,โควิด,จอมทอง,จอมทอง,2020,2,19,2020-02-19,09:00-16:00,True
5217,โควิด,ด่วนนางลิ้นจี่,นางลิ้นจี่,2020,2,20,2020-02-20,07:00-09:00,True
5218,โควิด,ด่วนนางลิ้นจี่,รัชดาภิเษก,2020,2,20,2020-02-20,07:00-09:00,True
5219,โควิด,ด่วนนางลิ้นจี่,นางลิ้นจี่,2020,2,20,2020-02-20,16:00-19:00,True
5220,โควิด,ด่วนนางลิ้นจี่,รัชดาภิเษก,2020,2,20,2020-02-20,16:00-19:00,True
5221,โควิด,ด่วนนางลิ้นจี่,นางลิ้นจี่,2020,2,20,2020-02-20,09:00-16:00,True
5222,โควิด,ด่วนนางลิ้นจี่,รัชดาภิเษก,2020,2,20,2020-02-20,09:00-16:00,False
5226,โควิด,เกียกกาย,สามเสน,2020,2,21,2020-02-21,07:00-09:00,True
5227,โควิด,เกียกกาย,ประชาราษฎร์สาย 1,2020,2,21,2020-02-21,07:00-09:00,True
5228,โควิด,เกียกกาย,ทหาร,2020,2,21,2020-02-21,07:00-09:00,True
5229,โควิด,เกียกกาย,สามเสน,2020,2,21,2020-02-21,16:00-19:00,True
5230,โควิด,เกียกกาย,ประชาราษฎร์สาย 1,2020,2,21,2020-02-21,16:00-19:00,True
5231,โควิด,เกียกกาย,ทหาร,2020,2,21,2020-02-21,16:00-19:00,True
5232,โควิด,เกียกกาย,สามเสน,2020,2,21,2020-02-21,09:00-16:00,True
5233,โควิด,เกียกกาย,ประชาราษฎร์สาย 1,2020,2,21,2020-02-21,09:00-16:00,True
5234,โควิด,เกียกกาย,ทหาร,2020,2,21,2020-02-21,09:00-16:00,False
5247,โควิด,ราชวิถี,พระรามที่ 5,2020,2,25,2020-02-25,07:00-09:00,True
5248,โควิด,ราชวิถี,ราชวิถี,2020,2,25,2020-02-25,07:00-09:00,True
5249,โควิด,ราชวิถี,พระรามที่ 5,2020,2,25,2020-02-25,16:00-19:00,True
5250,โควิด,ราชวิถี,ราชวิถี,2020,2,25,2020-02-25,16:00-19:00,True
5251,โควิด,ราชวิถี,พระรามที่ 5,2020,2,25,2020-02-25,09:00-16:00,True
5252,โควิด,ราชวิถี,ราชวิถี,2020,2,25,2020-02-25,09:00-16:00,False
5254,โควิด,บางบอน 5,บางบอน 5,2020,2,27,2020-02-27,07:00-09:00,True
5255,โควิด,บางบอน 5,เอกชัย,2020,2,27,2020-02-27,07:00-09:00,True
5257,โควิด,บางบอน 5,บางบอน 5,2020,2,27,2020-02-27,16:00-19:00,True
5258,โควิด,บางบอน 5,เอกชัย,2020,2,27,2020-02-27,16:00-19:00,False
5260,โควิด,บางบอน 5,บางบอน 5,2020,2,27,2020-02-27,09:00-16:00,True
5261,โควิด,บางบอน 5,เอกชัย,2020,2,27,2020-02-27,09:00-16:00,True
5274,โควิด,ประดิพัทธ์,ประดิพัทธ์,2020,3,26,2020-03-26,07:00-09:00,True
5275,โควิด,ประดิพัทธ์,ประดิพัทธ์,2020,3,26,2020-03-26,16:00-19:00,True
5276,โควิด,ประดิพัทธ์,ประดิพัทธ์,2020,3,26,2020-03-26,09:00-16:00,True
5277,โควิด,บ้านแขก,ประชาธิปก,2020,3,27,2020-03-27,07:00-09:00,False
5278,โควิด,บ้านแขก,อิสรภาพ,2020,3,27,2020-03-27,07:00-09:00,True
5279,โควิด,บ้านแขก,ประชาธิปก,2020,3,27,2020-03-27,16:00-19:00,False
5280,โควิด,บ้านแขก,อิสรภาพ,2020,3,27,2020-03-27,16:00-19:00,False
5281,โควิด,บ้านแขก,ประชาธิปก,2020,3,27,2020-03-27,09:00-16:00,False
5282,โควิด,บ้านแขก,อิสรภาพ,2020,3,27,2020-03-27,09:00-16:00,True
5328,โควิด,เอส เอ บี,วรจักร,2020,5,12,2020-05-12,06:30-09:00,False
5329,โควิด,เสือป่า,ราชวงศ์,2020,5,12,2020-05-12,07:00-09:00,True
5330,โควิด,เสือป่า,เสือป่า,2020,5,12,2020-05-12,07:00-09:00,True
5331,โควิด,เสือป่า,เจริญกรุง,2020,5,12,2020-05-12,07:00-09:00,False
5332,โควิด,เอส เอ บี,เจริญกรุง,2020,5,12,2020-05-12,07:00-09:00,False
5333,โควิด,เสือป่า,ราชวงศ์,2020,5,12,2020-05-12,16:00-19:00,True
5334,โควิด,เสือป่า,เสือป่า,2020,5,12,2020-05-12,16:00-19:00,True
5335,โควิด,เสือป่า,เจริญกรุง,2020,5,12,2020-05-12,16:00-19:00,False
5336,โควิด,เอส เอ บี,เจริญกรุง,2020,5,12,2020-05-12,16:00-19:00,False
5337,โควิด,เอส เอ บี,วรจักร,2020,5,12,2020-05-12,16:00-19:30,True
5338,โควิด,เสือป่า,ราชวงศ์,2020,5,12,2020-05-12,09:00-16:00,True
5339,โควิด,เสือป่า,เสือป่า,2020,5,12,2020-05-12,09:00-16:00,True
5340,โควิด,เสือป่า,เจริญกรุง,2020,5,12,2020-05-12,09:00-16:00,False
5341,โควิด,เอส เอ บี,วรจักร,2020,5,12,2020-05-12,09:00-16:00,False
5342,โควิด,เอส เอ บี,เจริญกรุง,2020,5,12,2020-05-12,09:00-16:00,False
5370,โควิด,มิตรสัมพันธ์,นิคมมักกะสัน,2020,5,18,2020-05-18,06:30-09:00,True
5371,โควิด,มิตรสัมพันธ์,เพชรบุรี,2020,5,18,2020-05-18,06:30-09:00,False
5372,โควิด,มิตรสัมพันธ์,เพชรบุรี,2020,5,18,2020-05-18,16:00-19:00,True
5373,โควิด,มิตรสัมพันธ์,นิคมมักกะสัน,2020,5,18,2020-05-18,16:00-19:30,True
5374,โควิด,มิตรสัมพันธ์,นิคมมักกะสัน,2020,5,18,2020-05-18,09:00-16:00,True
5375,โควิด,มิตรสัมพันธ์,เพชรบุรี,2020,5,18,2020-05-18,09:00-16:00,False
5376,โควิด,สาธุประดิษฐ์,สาธุประดิษฐ์,2020,5,19,2020-05-19,06:30-09:00,True
5379,โควิด,สาธุประดิษฐ์,สาธุประดิษฐ์,2020,5,19,2020-05-19,16:00-19:30,True
5380,โควิด,สาธุประดิษฐ์,สาธุประดิษฐ์,2020,5,19,2020-05-19,09:00-16:00,True
5382,โควิด,นิด้า,ศรีบูรพา,2020,5,20,2020-05-20,06:30-09:00,True
5383,โควิด,นิด้า,เสรีไทย,2020,5,20,2020-05-20,07:00-09:00,False
5384,โควิด,นิด้า,เสรีไทย,2020,5,20,2020-05-20,16:00-19:00,False
5385,โควิด,นิด้า,ศรีบูรพา,2020,5,20,2020-05-20,16:00-19:30,True
5386,โควิด,นิด้า,ศรีบูรพา,2020,5,20,2020-05-20,09:00-16:00,True
5387,โควิด,นิด้า,เสรีไทย,2020,5,20,2020-05-20,09:00-16:00,False
5400,โควิด,หทัยราษฎร์ - เลียบคลองสอง,หทัยราษฎร์,2020,5,25,2020-05-25,06:30-09:00,True
5402,โควิด,หทัยราษฎร์ - เลียบคลองสอง,เลียบคลองสอง,2020,5,25,2020-05-25,07:00-09:00,True
5404,โควิด,หทัยราษฎร์ - เลียบคลองสอง,เลียบคลองสอง,2020,5,25,2020-05-25,16:00-19:00,True
5405,โควิด,หทัยราษฎร์ - เลียบคลองสอง,หทัยราษฎร์,2020,5,25,2020-05-25,16:00-19:30,False
5407,โควิด,หทัยราษฎร์ - เลียบคลองสอง,หทัยราษฎร์,2020,5,25,2020-05-25,09:00-16:00,False
5408,โควิด,หทัยราษฎร์ - เลียบคลองสอง,เลียบคลองสอง,2020,5,25,2020-05-25,09:00-16:00,True
5425,โควิด,วัดเทพลีลา,รามคำแหง,2020,5,28,2020-05-28,07:00-09:00,False
5427,โควิด,วัดเทพลีลา,รามคำแหง,2020,5,28,2020-05-28,16:00-19:00,False
5429,โควิด,วัดเทพลีลา,รามคำแหง,2020,5,28,2020-05-28,09:00-16:00,False
5436,โควิด,รามคำแหง,รามคำแหง,2020,7,1,2020-07-01,07:00-09:00,False
5437,โควิด,รามคำแหง,พระราม 9,2020,7,1,2020-07-01,07:00-09:00,False
5438,โควิด,รามคำแหง,รามคำแหง,2020,7,1,2020-07-01,16:00-19:00,False
5439,โควิด,รามคำแหง,พระราม 9,2020,7,1,2020-07-01,16:00-19:00,False
5440,โควิด,รามคำแหง,รามคำแหง,2020,7,1,2020-07-01,09:00-16:00,False
5441,โควิด,รามคำแหง,พระราม 9,2020,7,1,2020-07-01,09:00-16:00,False
5460,โควิด,สะพานควาย,พหลโยธิน,2020,7,9,2020-07-09,07:00-09:00,False
5461,โควิด,สะพานควาย,ประดิพัทธ์,2020,7,9,2020-07-09,07:00-09:00,True
5462,โควิด,สะพานควาย,สุทธิสาร,2020,7,9,2020-07-09,07:00-09:00,False
5463,โควิด,สะพานควาย,พหลโยธิน,2020,7,9,2020-07-09,16:00-19:00,False
5464,โควิด,สะพานควาย,ประดิพัทธ์,2020,7,9,2020-07-09,16:00-19:00,True
5465,โควิด,สะพานควาย,สุทธิสาร,2020,7,9,2020-07-09,16:00-19:00,False
5466,โควิด,สะพานควาย,พหลโยธิน,2020,7,9,2020-07-09,09:00-16:00,False
5467,โควิด,สะพานควาย,ประดิพัทธ์,2020,7,9,2020-07-09,09:00-16:00,True
5468,โควิด,สะพานควาย,สุทธิสาร,2020,7,9,2020-07-09,09:00-16:00,False
5521,โควิด,ประดิพัทธ์,ประดิพัทธ์,2020,7,20,2020-07-20,07:00-09:00,True
5523,โควิด,ประดิพัทธ์,ประดิพัทธ์,2020,7,20,2020-07-20,16:00-19:00,True
5525,โควิด,ประดิพัทธ์,ประดิพัทธ์,2020,7,20,2020-07-20,09:00-16:00,True
5526,โควิด,คลองตัน,สุขุมวิท 71,2020,7,21,2020-07-21,07:00-09:00,False
5527,โควิด,คลองตัน,รามคำแหง,2020,7,21,2020-07-21,07:00-09:00,False
5528,โควิด,คลองตัน,เพชรบุรี,2020,7,21,2020-07-21,07:00-09:00,False
5529,โควิด,คลองตัน,พัฒนาการ,2020,7,21,2020-07-21,07:00-09:00,True
5530,โควิด,คลองตัน,สุขุมวิท 71,2020,7,21,2020-07-21,16:00-19:00,False
5531,โควิด,คลองตัน,รามคำแหง,2020,7,21,2020-07-21,16:00-19:00,False
5532,โควิด,คลองตัน,เพชรบุรี,2020,7,21,2020-07-21,16:00-19:00,False
5533,โควิด,คลองตัน,พัฒนาการ,2020,7,21,2020-07-21,16:00-19:00,False
5534,โควิด,คลองตัน,สุขุมวิท 71,2020,7,21,2020-07-21,09:00-16:00,False
5535,โควิด,คลองตัน,รามคำแหง,2020,7,21,2020-07-21,09:00-16:00,False
5536,โควิด,คลองตัน,เพชรบุรี,2020,7,21,2020-07-21,09:00-16:00,False
5537,โควิด,คลองตัน,พัฒนาการ,2020,7,21,2020-07-21,09:00-16:00,False
5557,โควิด,ศรีอยุธยา,ศรีอยุธยา,2020,7,29,2020-07-29,07:00-09:00,False
5559,โควิด,ศรีอยุธยา,ศรีอยุธยา,2020,7,29,2020-07-29,16:00-19:00,True
5561,โควิด,ศรีอยุธยา,ศรีอยุธยา,2020,7,29,2020-07-29,09:00-16:00,True
5562,โควิด,นางเลิ้ง,นครสวรรค์,2020,7,30,2020-07-30,06:30-09:00,True
5564,โควิด,นางเลิ้ง,พิษณุโลก,2020,7,30,2020-07-30,07:00-09:00,True
5565,โควิด,นางเลิ้ง,พิษณุโลก,2020,7,30,2020-07-30,16:00-19:00,True
5566,โควิด,นางเลิ้ง,นครสวรรค์,2020,7,30,2020-07-30,16:00-19:30,True
5568,โควิด,นางเลิ้ง,นครสวรรค์,2020,7,30,2020-07-30,09:00-16:00,True
5570,โควิด,นางเลิ้ง,พิษณุโลก,2020,7,30,2020-07-30,09:00-16:00,True
5571,โควิด,ราชประสงค์,ราชดำริ,2020,7,31,2020-07-31,06:30-09:00,False
5572,โควิด,ราชประสงค์,พระรามที่ 1,2020,7,31,2020-07-31,06:30-09:00,True
5573,โควิด,ราชประสงค์,เพลินจิต,2020,7,31,2020-07-31,07:00-09:00,False
5574,โควิด,ราชประสงค์,เพลินจิต,2020,7,31,2020-07-31,16:00-19:00,False
5575,โควิด,ราชประสงค์,ราชดำริ,2020,7,31,2020-07-31,16:00-19:30,False
5576,โควิด,ราชประสงค์,พระรามที่ 1,2020,7,31,2020-07-31,16:00-19:30,True
5577,โควิด,ราชประสงค์,ราชดำริ,2020,7,31,2020-07-31,09:00-16:00,False
5578,โควิด,ราชประสงค์,พระรามที่ 1,2020,7,31,2020-07-31,09:00-16:00,True
5579,โควิด,ราชประสงค์,เพลินจิต,2020,7,31,2020-07-31,09:00-16:00,False
5604,โควิด,เจริญผล,บรรทัดทอง,2020,8,3,2020-08-03,07:00-09:00,True
5605,โควิด,เจริญผล,พระรามที่ 1,2020,8,3,2020-08-03,07:00-09:00,True
5606,โควิด,เจริญผล,บรรทัดทอง,2020,8,3,2020-08-03,16:00-19:00,True
5607,โควิด,เจริญผล,พระรามที่ 1,2020,8,3,2020-08-03,16:00-19:00,True
5608,โควิด,เจริญผล,บรรทัดทอง,2020,8,3,2020-08-03,09:00-16:00,True
5609,โควิด,เจริญผล,พระรามที่ 1,2020,8,3,2020-08-03,09:00-16:00,True
5631,โควิด,รัชโยธิน,พหลโยธิน,2020,8,7,2020-08-07,07:00-09:00,False
5633,โควิด,รัชโยธิน,พหลโยธิน,2020,8,7,2020-08-07,16:00-19:00,False
5635,โควิด,รัชโยธิน,พหลโยธิน,2020,8,7,2020-08-07,09:00-16:00,False
5652,โควิด,ประชาชื่น,ประชาชื่น,2020,8,10,2020-08-10,07:00-09:00,True
5654,โควิด,ประชาชื่น,ประชาชื่น,2020,8,10,2020-08-10,16:00-19:00,True
5656,โควิด,ประชาชื่น,ประชาชื่น,2020,8,10,2020-08-10,09:00-16:00,False
5660,โควิด,เพชรเกษม 69,เพชรเกษม,2020,8,10,2020-08-10,07:00-09:00,False
5663,โควิด,เพชรเกษม 69,เพชรเกษม,2020,8,10,2020-08-10,16:00-19:00,False
5666,โควิด,เพชรเกษม 69,เพชรเกษม,2020,8,10,2020-08-10,09:00-16:00,False
5674,โควิด,นานา,สุขุมวิท,2020,8,11,2020-08-11,06:30-09:00,False
5678,โควิด,นานา,สุขุมวิท,2020,8,11,2020-08-11,16:00-19:30,False
5681,โควิด,นานา,สุขุมวิท,2020,8,11,2020-08-11,09:00-16:00,False
5682,โควิด,บางลำพู,สามเสน,2020,8,13,2020-08-13,07:00-09:00,False
5684,โควิด,บางลำพู,สามเสน,2020,8,13,2020-08-13,16:00-19:00,True
5686,โควิด,บางลำพู,สามเสน,2020,8,13,2020-08-13,09:00-16:00,True
5688,โควิด,สะพานขาว,กรุงเกษม,2020,8,14,2020-08-14,07:00-09:00,True
5689,โควิด,สะพานขาว,หลานหลวง,2020,8,14,2020-08-14,07:00-09:00,False
5691,โควิด,สะพานขาว,กรุงเกษม,2020,8,14,2020-08-14,16:00-19:00,True
5692,โควิด,สะพานขาว,หลานหลวง,2020,8,14,2020-08-14,16:00-19:00,False
5694,โควิด,สะพานขาว,กรุงเกษม,2020,8,14,2020-08-14,09:00-16:00,True
5695,โควิด,สะพานขาว,หลานหลวง,2020,8,14,2020-08-14,09:00-16:00,False
5704,โควิด,ผังเมือง,วัฒนธรรม,2020,8,16,2020-08-16,07:00-09:00,True
5705,โควิด,ผังเมือง,พระราม 9,2020,8,16,2020-08-16,07:00-09:00,False
5707,โควิด,ผังเมือง,วัฒนธรรม,2020,8,16,2020-08-16,16:00-19:00,True
5708,โควิด,ผังเมือง,พระราม 9,2020,8,16,2020-08-16,16:00-19:00,False
5710,โควิด,ผังเมือง,วัฒนธรรม,2020,8,16,2020-08-16,09:00-16:00,True
5711,โควิด,ผังเมือง,พระราม 9,2020,8,16,2020-08-16,09:00-16:00,False
5733,โควิด,ราษฎร์บูรณะ,ราษฎร์พัฒนา,2020,8,18,2020-08-18,07:00-09:00,True
5734,โควิด,ราษฎร์บูรณะ,ราษฎร์บูรณะ,2020,8,18,2020-08-18,07:00-09:00,False
5735,โควิด,ราษฎร์บูรณะ,ราษฎร์พัฒนา,2020,8,18,2020-08-18,16:00-19:00,True
5736,โควิด,ราษฎร์บูรณะ,ราษฎร์บูรณะ,2020,8,18,2020-08-18,16:00-19:00,False
5737,โควิด,ราษฎร์บูรณะ,ราษฎร์พัฒนา,2020,8,18,2020-08-18,09:00-16:00,True
5738,โควิด,ราษฎร์บูรณะ,ราษฎร์บูรณะ,2020,8,18,2020-08-18,09:00-16:00,False
5748,โควิด,ประชาอุทิศ,เทียมร่วมมิตร,2020,8,20,2020-08-20,07:00-09:00,True
5749,โควิด,ประชาอุทิศ,ประชาอุทิศ,2020,8,20,2020-08-20,07:00-09:00,True
5750,โควิด,ประชาอุทิศ,เทียมร่วมมิตร,2020,8,20,2020-08-20,16:00-19:00,True
5751,โควิด,ประชาอุทิศ,ประชาอุทิศ,2020,8,20,2020-08-20,16:00-19:00,True
5752,โควิด,ประชาอุทิศ,เทียมร่วมมิตร,2020,8,20,2020-08-20,09:00-16:00,True
5753,โควิด,ประชาอุทิศ,ประชาอุทิศ,2020,8,20,2020-08-20,09:00-16:00,True
5754,โควิด,ประตูน้ำ,ราชดำริ,2020,8,21,2020-08-21,07:00-09:00,False
5755,โควิด,ประตูน้ำ,ราชปรารภ,2020,8,21,2020-08-21,07:00-09:00,False
5756,โควิด,ประตูน้ำ,เพชรบุรี,2020,8,21,2020-08-21,07:00-09:00,False
5757,โควิด,ประตูน้ำ,ราชดำริ,2020,8,21,2020-08-21,16:00-19:00,False
5758,โควิด,ประตูน้ำ,ราชปรารภ,2020,8,21,2020-08-21,16:00-19:00,True
5759,โควิด,ประตูน้ำ,เพชรบุรี,2020,8,21,2020-08-21,16:00-19:00,False
5760,โควิด,ประตูน้ำ,ราชดำริ,2020,8,21,2020-08-21,09:00-16:00,False
5761,โควิด,ประตูน้ำ,ราชปรารภ,2020,8,21,2020-08-21,09:00-16:00,False
5762,โควิด,ประตูน้ำ,เพชรบุรี,2020,8,21,2020-08-21,09:00-16:00,False
5775,โควิด,จักรพรรดิพงษ์,นครสวรรค์,2020,8,23,2020-08-23,07:00-09:00,True
5776,โควิด,จักรพรรดิพงษ์,จักรพรรดิพงษ์,2020,8,23,2020-08-23,07:00-09:00,True
5777,โควิด,จักรพรรดิพงษ์,นครสวรรค์,2020,8,23,2020-08-23,16:00-19:00,False
5778,โควิด,จักรพรรดิพงษ์,จักรพรรดิพงษ์,2020,8,23,2020-08-23,16:00-19:00,True
5779,โควิด,จักรพรรดิพงษ์,นครสวรรค์,2020,8,23,2020-08-23,09:00-16:00,True
5780,โควิด,จักรพรรดิพงษ์,จักรพรรดิพงษ์,2020,8,23,2020-08-23,09:00-16:00,True
5781,โควิด,คอกวัว,ตะนาว,2020,8,24,2020-08-24,07:00-09:00,True
5782,โควิด,คอกวัว,ราชดำเนินกลาง,2020,8,24,2020-08-24,07:00-09:00,False
5783,โควิด,คอกวัว,ตะนาว,2020,8,24,2020-08-24,16:00-19:00,True
5784,โควิด,คอกวัว,ราชดำเนินกลาง,2020,8,24,2020-08-24,16:00-19:00,False
5785,โควิด,คอกวัว,ตะนาว,2020,8,24,2020-08-24,09:00-16:00,True
5786,โควิด,คอกวัว,ราชดำเนินกลาง,2020,8,24,2020-08-24,09:00-16:00,False
5793,โควิด,เทเวศร์,กรุงเกษม,2020,8,25,2020-08-25,07:00-09:00,True
5794,โควิด,เทเวศร์,สามเสน,2020,8,25,2020-08-25,07:00-09:00,True
5795,โควิด,เทเวศร์,กรุงเกษม,2020,8,25,2020-08-25,16:00-19:00,True
5796,โควิด,เทเวศร์,สามเสน,2020,8,25,2020-08-25,16:00-19:00,True
5797,โควิด,เทเวศร์,กรุงเกษม,2020,8,25,2020-08-25,09:00-16:00,True
5798,โควิด,เทเวศร์,สามเสน,2020,8,25,2020-08-25,09:00-16:00,True
5799,โควิด,ป้อมมหากาฬ,พระสุเมรุ,2020,8,25,2020-08-25,06:30-09:00,False
5800,โควิด,ป้อมมหากาฬ,ราชดำเนินกลาง,2020,8,25,2020-08-25,06:30-09:00,False
5801,โควิด,ป้อมมหากาฬ,มหาไชย,2020,8,25,2020-08-25,07:00-09:00,True
5802,โควิด,ป้อมมหากาฬ,มหาไชย,2020,8,25,2020-08-25,16:00-19:00,True
5803,โควิด,ป้อมมหากาฬ,พระสุเมรุ,2020,8,25,2020-08-25,16:00-19:30,False
5804,โควิด,ป้อมมหากาฬ,ราชดำเนินกลาง,2020,8,25,2020-08-25,16:00-19:30,False
5805,โควิด,ป้อมมหากาฬ,มหาไชย,2020,8,25,2020-08-25,09:00-16:00,True
5806,โควิด,ป้อมมหากาฬ,พระสุเมรุ,2020,8,25,2020-08-25,09:00-16:00,False
5807,โควิด,ป้อมมหากาฬ,ราชดำเนินกลาง,2020,8,25,2020-08-25,09:00-16:00,False
5808,โควิด,วัดดวงแข,จารุเมือง,2020,8,26,2020-08-26,07:00-09:00,True
5809,โควิด,วัดดวงแข,เจริญเมือง,2020,8,26,2020-08-26,07:00-09:00,True
5810,โควิด,วัดดวงแข,จารุเมือง,2020,8,26,2020-08-26,16:00-19:00,False
5811,โควิด,วัดดวงแข,เจริญเมือง,2020,8,26,2020-08-26,16:00-19:00,True
5812,โควิด,วัดดวงแข,จารุเมือง,2020,8,26,2020-08-26,09:00-16:00,True
5813,โควิด,วัดดวงแข,เจริญเมือง,2020,8,26,2020-08-26,09:00-16:00,False
5829,โควิด,บางขุนนนท์,บางกอกน้อยตลิ่งชัน,2020,8,28,2020-08-28,06:30-09:00,True
5831,โควิด,บางขุนนนท์,จรัญสนิทวงศ์,2020,8,28,2020-08-28,07:00-09:00,False
5833,โควิด,บางขุนนนท์,จรัญสนิทวงศ์,2020,8,28,2020-08-28,16:00-19:00,False
5835,โควิด,บางขุนนนท์,บางกอกน้อยตลิ่งชัน,2020,8,28,2020-08-28,16:00-19:30,True
5837,โควิด,บางขุนนนท์,จรัญสนิทวงศ์,2020,8,28,2020-08-28,09:00-16:00,False
5838,โควิด,บางขุนนนท์,บางกอกน้อยตลิ่งชัน,2020,8,28,2020-08-28,09:00-16:00,True
5856,โควิด,บางแค,บางแค,2020,8,31,2020-08-31,07:00-09:00,True
5857,โควิด,บางแค,เพชรเกษม,2020,8,31,2020-08-31,07:00-09:00,False
5858,โควิด,บางแค,บางแค,2020,8,31,2020-08-31,16:00-19:00,True
5859,โควิด,บางแค,เพชรเกษม,2020,8,31,2020-08-31,16:00-19:00,False
5860,โควิด,บางแค,บางแค,2020,8,31,2020-08-31,09:00-16:00,True
5861,โควิด,บางแค,เพชรเกษม,2020,8,31,2020-08-31,09:00-16:00,False
5862,โควิด,ทุ่งสาธิต,สุขุมวิท,2020,10,7,2020-10-07,07:00-09:00,False
5864,โควิด,ทุ่งสาธิต,สุขุมวิท,2020,10,7,2020-10-07,16:00-19:00,False
5866,โควิด,ทุ่งสาธิต,สุขุมวิท,2020,10,7,2020-10-07,09:00-16:00,False
5874,โควิด,เทียมร่วมมิตร,รัชดาภิเษก,2020,10,9,2020-10-09,07:00-09:00,True
5875,โควิด,เทียมร่วมมิตร,เทียมร่วมมิตร,2020,10,9,2020-10-09,07:00-09:00,True
5876,โควิด,เทียมร่วมมิตร,รัชดาภิเษก,2020,10,9,2020-10-09,16:00-19:00,False
5877,โควิด,เทียมร่วมมิตร,เทียมร่วมมิตร,2020,10,9,2020-10-09,16:00-19:00,True
5878,โควิด,เทียมร่วมมิตร,รัชดาภิเษก,2020,10,9,2020-10-09,09:00-16:00,False
5879,โควิด,เทียมร่วมมิตร,เทียมร่วมมิตร,2020,10,9,2020-10-09,09:00-16:00,True
5880,โควิด,การเรือน,ราชสีมา,2020,10,12,2020-10-12,07:00-09:00,False
5881,โควิด,การเรือน,ราชวิถี,2020,10,12,2020-10-12,07:00-09:00,True
5882,โควิด,การเรือน,ราชสีมา,2020,10,12,2020-10-12,16:00-19:00,False
5883,โควิด,การเรือน,ราชวิถี,2020,10,12,2020-10-12,16:00-19:00,False
5884,โควิด,การเรือน,ราชสีมา,2020,10,12,2020-10-12,09:00-16:00,False
5885,โควิด,การเรือน,ราชวิถี,2020,10,12,2020-10-12,09:00-16:00,False
5886,โควิด,สุทธิสาร,รัชดาภิเษก,2020,10,14,2020-10-14,07:00-09:00,False
5888,โควิด,สุทธิสาร,รัชดาภิเษก,2020,10,14,2020-10-14,16:00-19:00,True
5890,โควิด,สุทธิสาร,รัชดาภิเษก,2020,10,14,2020-10-14,09:00-16:00,True
5892,โควิด,คลองเตย,สุนทรโกษา,2020,10,15,2020-10-15,07:00-09:00,False
5893,โควิด,คลองเตย,พระรามที่ 4,2020,10,15,2020-10-15,07:00-09:00,False
5894,โควิด,คลองเตย,สุนทรโกษา,2020,10,15,2020-10-15,16:00-19:00,False
5895,โควิด,คลองเตย,พระรามที่ 4,2020,10,15,2020-10-15,16:00-19:00,False
5896,โควิด,คลองเตย,สุนทรโกษา,2020,10,15,2020-10-15,09:00-16:00,False
5897,โควิด,คลองเตย,พระรามที่ 4,2020,10,15,2020-10-15,09:00-16:00,False
5910,โควิด,เทอดดำริ,เทอดดำริ,2020,10,22,2020-10-22,07:00-09:00,False
5911,โควิด,เทอดดำริ,ประดิพัทธ์,2020,10,22,2020-10-22,07:00-09:00,False
5912,โควิด,เทอดดำริ,เทอดดำริ,2020,10,22,2020-10-22,16:00-19:00,False
5913,โควิด,เทอดดำริ,ประดิพัทธ์,2020,10,22,2020-10-22,16:00-19:00,False
5914,โควิด,เทอดดำริ,เทอดดำริ,2020,10,22,2020-10-22,09:00-16:00,False
5915,โควิด,เทอดดำริ,ประดิพัทธ์,2020,10,22,2020-10-22,09:00-16:00,False
5922,โควิด,บางโพ,ประชาราษฎร์สาย 1,2020,10,27,2020-10-27,07:00-09:00,False
5923,โควิด,บางโพ,ประชาราษฎร์สาย 2,2020,10,27,2020-10-27,07:00-09:00,False
5924,โควิด,บางโพ,ประชาราษฎร์สาย 1,2020,10,27,2020-10-27,16:00-19:00,False
5925,โควิด,บางโพ,ประชาราษฎร์สาย 2,2020,10,27,2020-10-27,16:00-19:00,False
5926,โควิด,บางโพ,ประชาราษฎร์สาย 1,2020,10,27,2020-10-27,09:00-16:00,False
5927,โควิด,บางโพ,ประชาราษฎร์สาย 2,2020,10,27,2020-10-27,09:00-16:00,False
5943,โควิด,ปากทางลาดพร้าว,ลาดพร้าว,2020,10,30,2020-10-30,07:00-09:00,False
5944,โควิด,ปากทางลาดพร้าว,พหลโยธิน,2020,10,30,2020-10-30,07:00-09:00,False
5945,โควิด,ปากทางลาดพร้าว,ลาดพร้าว,2020,10,30,2020-10-30,16:00-19:00,False
5946,โควิด,ปากทางลาดพร้าว,พหลโยธิน,2020,10,30,2020-10-30,16:00-19:00,False
5947,โควิด,ปากทางลาดพร้าว,ลาดพร้าว,2020,10,30,2020-10-30,09:00-16:00,False
5948,โควิด,ปากทางลาดพร้าว,พหลโยธิน,2020,10,30,2020-10-30,09:00-16:00,False
5955,โควิด,ประชาอุทิศ,ประชาอุทิศ,2020,11,3,2020-11-03,07:00-09:00,False
5956,โควิด,ประชาอุทิศ,สุขสวัสดิ์,2020,11,3,2020-11-03,07:00-09:00,False
5957,โควิด,ประชาอุทิศ,ประชาอุทิศ,2020,11,3,2020-11-03,16:00-19:00,False
5958,โควิด,ประชาอุทิศ,สุขสวัสดิ์,2020,11,3,2020-11-03,16:00-19:00,False
5959,โควิด,ประชาอุทิศ,ประชาอุทิศ,2020,11,3,2020-11-03,09:00-16:00,False
5960,โควิด,ประชาอุทิศ,สุขสวัสดิ์,2020,11,3,2020-11-03,09:00-16:00,False
5961,โควิด,สามยอด,มหาไชย,2020,11,4,2020-11-04,07:00-09:00,False
5962,โควิด,สามยอด,เจริญกรุง,2020,11,4,2020-11-04,07:00-09:00,True
5963,โควิด,แปลงนาม,แปลงนาม,2020,11,4,2020-11-04,07:00-09:00,True
5964,โควิด,แปลงนาม,พลับพลาไชย,2020,11,4,2020-11-04,07:00-09:00,True
5965,โควิด,แปลงนาม,เจริญกรุง,2020,11,4,2020-11-04,07:00-09:00,False
5966,โควิด,สามยอด,มหาไชย,2020,11,4,2020-11-04,16:00-19:00,False
5967,โควิด,สามยอด,เจริญกรุง,2020,11,4,2020-11-04,16:00-19:00,False
5968,โควิด,แปลงนาม,แปลงนาม,2020,11,4,2020-11-04,16:00-19:00,True
5969,โควิด,แปลงนาม,พลับพลาไชย,2020,11,4,2020-11-04,16:00-19:00,True
5970,โควิด,แปลงนาม,เจริญกรุง,2020,11,4,2020-11-04,16:00-19:00,False
5971,โควิด,สามยอด,มหาไชย,2020,11,4,2020-11-04,09:00-16:00,False
5972,โควิด,สามยอด,เจริญกรุง,2020,11,4,2020-11-04,09:00-16:00,False
5973,โควิด,แปลงนาม,แปลงนาม,2020,11,4,2020-11-04,09:00-16:00,True
5974,โควิด,แปลงนาม,พลับพลาไชย,2020,11,4,2020-11-04,09:00-16:00,True
5975,โควิด,แปลงนาม,เจริญกรุง,2020,11,4,2020-11-04,09:00-16:00,False
5977,โควิด,สาทร - นราธิวาส,สาทร,2020,11,5,2020-11-05,07:00-09:00,False
5979,โควิด,สาทร - นราธิวาส,สาทร,2020,11,5,2020-11-05,16:00-19:00,False
5981,โควิด,สาทร - นราธิวาส,สาทร,2020,11,5,2020-11-05,09:00-16:00,False
5982,โควิด,ท่าดินแดง,ท่าดินแดง,2020,11,6,2020-11-06,07:00-09:00,False
5983,โควิด,ท่าดินแดง,สมเด็จเจ้าพระยา,2020,11,6,2020-11-06,07:00-09:00,False
5984,โควิด,ท่าดินแดง,ท่าดินแดง,2020,11,6,2020-11-06,16:00-19:00,False
5985,โควิด,ท่าดินแดง,สมเด็จเจ้าพระยา,2020,11,6,2020-11-06,16:00-19:00,False
5986,โควิด,ท่าดินแดง,ท่าดินแดง,2020,11,6,2020-11-06,09:00-16:00,False
5987,โควิด,ท่าดินแดง,สมเด็จเจ้าพระยา,2020,11,6,2020-11-06,09:00-16:00,False
5988,โควิด,อโศกเพชร,อโศก,2020,11,9,2020-11-09,07:00-09:00,False
5989,โควิด,อโศกเพชร,เพชรบุรี,2020,11,9,2020-11-09,07:00-09:00,False
5990,โควิด,อโศกเพชร,อโศก,2020,11,9,2020-11-09,16:00-19:00,False
5991,โควิด,อโศกเพชร,เพชรบุรี,2020,11,9,2020-11-09,16:00-19:00,False
5992,โควิด,อโศกเพชร,อโศก,2020,11,9,2020-11-09,09:00-16:00,False
5993,โควิด,อโศกเพชร,เพชรบุรี,2020,11,9,2020-11-09,09:00-16:00,False
5995,โควิด,วงเวียนใหญ่,ประชาธิปก,2020,11,10,2020-11-10,07:00-09:00,False
5996,โควิด,วงเวียนใหญ่,อินทรพิทักษ์,2020,11,10,2020-11-10,07:00-09:00,False
5999,โควิด,วงเวียนใหญ่,ประชาธิปก,2020,11,10,2020-11-10,16:00-19:00,False
6000,โควิด,วงเวียนใหญ่,อินทรพิทักษ์,2020,11,10,2020-11-10,16:00-19:00,False
6003,โควิด,วงเวียนใหญ่,ประชาธิปก,2020,11,10,2020-11-10,09:00-16:00,False
6004,โควิด,วงเวียนใหญ่,อินทรพิทักษ์,2020,11,10,2020-11-10,09:00-16:00,False
6012,โควิด,พระราม 9,รัชดาภิเษก,2020,11,12,2020-11-12,07:00-09:00,False
6013,โควิด,พระราม 9,อโศกดินแดง,2020,11,12,2020-11-12,07:00-09:00,False
6014,โควิด,พระราม 9,พระราม 9,2020,11,12,2020-11-12,07:00-09:00,False
6015,โควิด,พระราม 9,รัชดาภิเษก,2020,11,12,2020-11-12,16:00-19:00,False
6016,โควิด,พระราม 9,อโศกดินแดง,2020,11,12,2020-11-12,16:00-19:00,False
6017,โควิด,พระราม 9,พระราม 9,2020,11,12,2020-11-12,16:00-19:00,False
6018,โควิด,พระราม 9,รัชดาภิเษก,2020,11,12,2020-11-12,09:00-16:00,False
6019,โควิด,พระราม 9,อโศกดินแดง,2020,11,12,2020-11-12,09:00-16:00,False
6020,โควิด,พระราม 9,พระราม 9,2020,11,12,2020-11-12,09:00-16:00,False
6030,โควิด,เจริญราษฎร์,เจริญราษฎร์,2020,11,16,2020-11-16,07:00-09:00,False
6032,โควิด,เจริญราษฎร์,เจริญราษฎร์,2020,11,16,2020-11-16,16:00-19:00,False
6034,โควิด,เจริญราษฎร์,เจริญราษฎร์,2020,11,16,2020-11-16,09:00-16:00,False
6046,โควิด,วงศ์สว่าง,วงศ์สว่าง,2020,11,18,2020-11-18,07:00-09:00,False
6047,โควิด,วงศ์สว่าง,รัชดาภิเษก,2020,11,18,2020-11-18,07:00-09:00,False
6049,โควิด,วงศ์สว่าง,วงศ์สว่าง,2020,11,18,2020-11-18,16:00-19:00,False
6050,โควิด,วงศ์สว่าง,รัชดาภิเษก,2020,11,18,2020-11-18,16:00-19:00,False
6052,โควิด,วงศ์สว่าง,วงศ์สว่าง,2020,11,18,2020-11-18,09:00-16:00,False
6053,โควิด,วงศ์สว่าง,รัชดาภิเษก,2020,11,18,2020-11-18,09:00-16:00,False
6055,โควิด,มไหสวรรย์,รัชดาภิเษก,2020,11,23,2020-11-23,07:00-09:00,False
6056,โควิด,มไหสวรรย์,มไหสวรรย์,2020,11,23,2020-11-23,07:00-09:00,False
6058,โควิด,มไหสวรรย์,รัชดาภิเษก,2020,11,23,2020-11-23,16:00-19:00,False
6059,โควิด,มไหสวรรย์,มไหสวรรย์,2020,11,23,2020-11-23,16:00-19:00,False
6061,โควิด,มไหสวรรย์,รัชดาภิเษก,2020,11,23,2020-11-23,09:00-16:00,False
6062,โควิด,มไหสวรรย์,มไหสวรรย์,2020,11,23,2020-11-23,09:00-16:00,False
6078,โควิด,รัชดา - ลาดพร้าว,รัชดาภิเษก,2020,11,27,2020-11-27,07:00-09:00,False
6080,โควิด,รัชดา - ลาดพร้าว,รัชดาภิเษก,2020,11,27,2020-11-27,16:00-19:00,False
6082,โควิด,รัชดา - ลาดพร้าว,รัชดาภิเษก,2020,11,27,2020-11-27,09:00-16:00,False
6093,โควิด,พระรามที่ 4,รัชดาภิเษก,2020,12,1,2020-12-01,07:00-09:00,False
6094,โควิด,พระรามที่ 4,พระรามที่ 4,2020,12,1,2020-12-01,07:00-09:00,False
6095,โควิด,พระรามที่ 4,รัชดาภิเษก,2020,12,1,2020-12-01,16:00-19:00,False
6097,โควิด,พระรามที่ 4,รัชดาภิเษก,2020,12,1,2020-12-01,09:00-16:00,False
6105,โควิด,ยุคล 2,ยุคล 2,2020,12,3,2020-12-03,07:00-09:00,True
6107,โควิด,อนามัย,พลับพลาไชย,2020,12,3,2020-12-03,07:00-09:00,True
6109,โควิด,ยุคล 2,ยุคล 2,2020,12,3,2020-12-03,16:00-19:00,True
6111,โควิด,อนามัย,พลับพลาไชย,2020,12,3,2020-12-03,16:00-19:00,True
6113,โควิด,ยุคล 2,ยุคล 2,2020,12,3,2020-12-03,09:00-16:00,True
6115,โควิด,อนามัย,พลับพลาไชย,2020,12,3,2020-12-03,09:00-16:00,True
6117,โควิด,"สามเหลี่ยมดินแดง
",ราชปรารภ,2020,12,4,2020-12-04,07:00-09:00,False
6119,โควิด,"สามเหลี่ยมดินแดง
",ราชวิถี,2020,12,4,2020-12-04,07:00-09:00,False
6120,โควิด,"สามเหลี่ยมดินแดง
",ดินแดง,2020,12,4,2020-12-04,07:00-09:00,False
6121,โควิด,"สามเหลี่ยมดินแดง
",ราชปรารภ,2020,12,4,2020-12-04,16:00-19:00,False
6123,โควิด,"สามเหลี่ยมดินแดง
",ราชวิถี,2020,12,4,2020-12-04,16:00-19:00,False
6124,โควิด,"สามเหลี่ยมดินแดง
",ดินแดง,2020,12,4,2020-12-04,16:00-19:00,False
6125,โควิด,"สามเหลี่ยมดินแดง
",ราชปรารภ,2020,12,4,2020-12-04,09:00-16:00,False
6127,โควิด,"สามเหลี่ยมดินแดง
",ราชวิถี,2020,12,4,2020-12-04,09:00-16:00,False
6128,โควิด,"สามเหลี่ยมดินแดง
",ดินแดง,2020,12,4,2020-12-04,09:00-16:00,False
6147,โควิด,"ทุ่งครุ
",ประชาอุทิศ,2020,12,9,2020-12-09,07:00-09:00,False
6148,โควิด,"ทุ่งครุ
",ครุใน,2020,12,9,2020-12-09,07:00-09:00,False
6149,โควิด,"ทุ่งครุ
",ประชาอุทิศ,2020,12,9,2020-12-09,16:00-19:00,False
6150,โควิด,"ทุ่งครุ
",ครุใน,2020,12,9,2020-12-09,16:00-19:00,False
6151,โควิด,"ทุ่งครุ
",ประชาอุทิศ,2020,12,9,2020-12-09,09:00-16:00,False
6152,โควิด,"ทุ่งครุ
",ครุใน,2020,12,9,2020-12-09,09:00-16:00,False
6153,โควิด,"เดโช
",เดโช,2020,12,14,2020-12-14,07:00-09:00,False
6154,โควิด,"เดโช
",สีลม,2020,12,14,2020-12-14,07:00-09:00,False
6155,โควิด,"เดโช
",เดโช,2020,12,14,2020-12-14,16:00-19:00,False
6156,โควิด,"เดโช
",สีลม,2020,12,14,2020-12-14,16:00-19:00,False
6157,โควิด,"เดโช
",เดโช,2020,12,14,2020-12-14,09:00-16:00,False
6158,โควิด,"เดโช
",สีลม,2020,12,14,2020-12-14,09:00-16:00,False
6159,โควิด,"ขัตติยานี
",พิชัย,2020,12,15,2020-12-15,07:00-09:00,False
6160,โควิด,"ขัตติยานี
",สุโขทัย,2020,12,15,2020-12-15,07:00-09:00,False
6161,โควิด,"ขัตติยานี
",พิชัย,2020,12,15,2020-12-15,16:00-19:00,False
6162,โควิด,"ขัตติยานี
",สุโขทัย,2020,12,15,2020-12-15,16:00-19:00,False
6163,โควิด,"ขัตติยานี
",พิชัย,2020,12,15,2020-12-15,09:00-16:00,False
6164,โควิด,"ขัตติยานี
",สุโขทัย,2020,12,15,2020-12-15,09:00-16:00,False
6165,โควิด,ประเสริฐมนูกิจ - ลาดปลาเค้า ,ลาดปลาเค้า,2020,12,16,2020-12-16,07:00-09:00,False
6166,โควิด,ประเสริฐมนูกิจ - ลาดปลาเค้า ,ประเสริฐมนูกิจ,2020,12,16,2020-12-16,07:00-09:00,False
6168,โควิด,ประเสริฐมนูกิจ - ลาดปลาเค้า ,ลาดปลาเค้า,2020,12,16,2020-12-16,16:00-19:00,False
6169,โควิด,ประเสริฐมนูกิจ - ลาดปลาเค้า ,ประเสริฐมนูกิจ,2020,12,16,2020-12-16,16:00-19:00,False
6171,โควิด,ประเสริฐมนูกิจ - ลาดปลาเค้า ,ลาดปลาเค้า,2020,12,16,2020-12-16,09:00-16:00,False
6172,โควิด,ประเสริฐมนูกิจ - ลาดปลาเค้า ,ประเสริฐมนูกิจ,2020,12,16,2020-12-16,09:00-16:00,False
6174,โควิด,"หลานหลวง
",จักรพรรดิพงษ์,2020,12,17,2020-12-17,07:00-09:00,False
6175,โควิด,"หลานหลวง
",หลานหลวง,2020,12,17,2020-12-17,07:00-09:00,False
6176,โควิด,"หลานหลวง
",จักรพรรดิพงษ์,2020,12,17,2020-12-17,16:00-19:00,False
6177,โควิด,"หลานหลวง
",หลานหลวง,2020,12,17,2020-12-17,16:00-19:00,False
6178,โควิด,"หลานหลวง
",จักรพรรดิพงษ์,2020,12,17,2020-12-17,09:00-16:00,False
6179,โควิด,"หลานหลวง
",หลานหลวง,2020,12,17,2020-12-17,09:00-16:00,False
6181,โควิด,"ศิริราช
",พรานนก,2020,12,18,2020-12-18,07:00-09:00,False
6183,โควิด,"ศิริราช
",พรานนก,2020,12,18,2020-12-18,16:00-19:00,False
6185,โควิด,"ศิริราช
",พรานนก,2020,12,18,2020-12-18,09:00-16:00,False
6186,โควิด,สามเสน ,สวรรคโลก,2020,12,21,2020-12-21,07:00-09:00,False
6187,โควิด,สามเสน ,เทอดดำริ,2020,12,21,2020-12-21,07:00-09:00,False
6188,โควิด,สามเสน ,นครไชยศรี,2020,12,21,2020-12-21,07:00-09:00,False
6189,โควิด,สามเสน ,สวรรคโลก,2020,12,21,2020-12-21,16:00-19:00,False
6190,โควิด,สามเสน ,เทอดดำริ,2020,12,21,2020-12-21,16:00-19:00,False
6191,โควิด,สามเสน ,นครไชยศรี,2020,12,21,2020-12-21,16:00-19:00,False
6192,โควิด,สามเสน ,สวรรคโลก,2020,12,21,2020-12-21,09:00-16:00,False
6193,โควิด,สามเสน ,เทอดดำริ,2020,12,21,2020-12-21,09:00-16:00,False
6194,โควิด,สามเสน ,นครไชยศรี,2020,12,21,2020-12-21,09:00-16:00,False
6204,โควิด,"โพธิ์แก้ว
",นวมินทร์,2020,12,23,2020-12-23,07:00-09:00,False
6205,โควิด,"โพธิ์แก้ว
",โพธิ์แก้ว,2020,12,23,2020-12-23,07:00-09:00,False
6206,โควิด,"โพธิ์แก้ว
",ทางเข้าวัดบางเตย,2020,12,23,2020-12-23,07:00-09:00,False
6207,โควิด,"โพธิ์แก้ว
",นวมินทร์,2020,12,23,2020-12-23,16:00-19:00,False
6208,โควิด,"โพธิ์แก้ว
",โพธิ์แก้ว,2020,12,23,2020-12-23,16:00-19:00,False
6209,โควิด,"โพธิ์แก้ว
",ทางเข้าวัดบางเตย,2020,12,23,2020-12-23,16:00-19:00,False
6210,โควิด,"โพธิ์แก้ว
",นวมินทร์,2020,12,23,2020-12-23,09:00-16:00,False
6211,โควิด,"โพธิ์แก้ว
",โพธิ์แก้ว,2020,12,23,2020-12-23,09:00-16:00,False
6212,โควิด,"โพธิ์แก้ว
",ทางเข้าวัดบางเตย,2020,12,23,2020-12-23,09:00-16:00,False
6213,โควิด,"ทองหล่อ
",สุขุมวิท,2020,12,24,2020-12-24,07:00-09:00,False
6215,โควิด,"ทองหล่อ
",สุขุมวิท,2020,12,24,2020-12-24,16:00-19:00,False
6217,โควิด,"ทองหล่อ
",สุขุมวิท,2020,12,24,2020-12-24,09:00-16:00,False
6228,โควิด,"วังแดง
",ราชสีมา,2020,12,28,2020-12-28,07:00-09:00,False
6229,โควิด,"วังแดง
",พิษณุโลก,2020,12,28,2020-12-28,07:00-09:00,False
6230,โควิด,"วังแดง
",ราชสีมา,2020,12,28,2020-12-28,16:00-19:00,False
6231,โควิด,"วังแดง
",พิษณุโลก,2020,12,28,2020-12-28,16:00-19:00,False
6232,โควิด,"วังแดง
",ราชสีมา,2020,12,28,2020-12-28,09:00-16:00,False
6233,โควิด,"วังแดง
",พิษณุโลก,2020,12,28,2020-12-28,09:00-16:00,False
6234,โควิด,"ศรีย่าน
",สามเสน,2020,12,29,2020-12-29,07:00-09:00,False
6235,โควิด,"ศรีย่าน
",นครไชยศรี,2020,12,29,2020-12-29,07:00-09:00,False
6236,โควิด,"ศรีย่าน
",สามเสน,2020,12,29,2020-12-29,16:00-19:00,False
6237,โควิด,"ศรีย่าน
",นครไชยศรี,2020,12,29,2020-12-29,16:00-19:00,False
6238,โควิด,"ศรีย่าน
",สามเสน,2020,12,29,2020-12-29,09:00-16:00,False
6239,โควิด,"ศรีย่าน
",นครไชยศรี,2020,12,29,2020-12-29,09:00-16:00,False
6241,โควิด,"พระโขนง
",สุขุมวิท,2020,12,30,2020-12-30,07:00-09:00,False
6245,โควิด,"พระโขนง
",สุขุมวิท,2020,12,30,2020-12-30,16:00-19:00,False
6249,โควิด,"พระโขนง
",สุขุมวิท,2020,12,30,2020-12-30,09:00-16:00,False
6258,โควิด,พิบูลสงคราม,ประชาราษฎร์สาย 1,2021,1,5,2021-01-05,07:00-09:00,False
6259,โควิด,พิบูลสงคราม,พิบูลสงคราม,2021,1,5,2021-01-05,07:00-09:00,True
6261,โควิด,พิบูลสงคราม,ประชาราษฎร์สาย 1,2021,1,5,2021-01-05,16:00-19:00,False
6262,โควิด,พิบูลสงคราม,พิบูลสงคราม,2021,1,5,2021-01-05,16:00-19:00,False
6264,โควิด,พิบูลสงคราม,ประชาราษฎร์สาย 1,2021,1,5,2021-01-05,09:00-16:00,False
6265,โควิด,พิบูลสงคราม,พิบูลสงคราม,2021,1,5,2021-01-05,09:00-16:00,False
6267,โควิด,เพชรพระราม,บรรทัดทอง,2021,1,6,2021-01-06,07:00-09:00,True
6268,โควิด,เพชรพระราม,เพชรบุรี,2021,1,6,2021-01-06,07:00-09:00,False
6269,โควิด,เพชรพระราม,บรรทัดทอง,2021,1,6,2021-01-06,16:00-19:00,True
6270,โควิด,เพชรพระราม,เพชรบุรี,2021,1,6,2021-01-06,16:00-19:00,False
6271,โควิด,เพชรพระราม,บรรทัดทอง,2021,1,6,2021-01-06,09:00-16:00,True
6272,โควิด,เพชรพระราม,เพชรบุรี,2021,1,6,2021-01-06,09:00-16:00,False
6279,โควิด,สะพานแดง,พระรามที่ 5,2021,1,8,2021-01-08,07:00-09:00,False
6280,โควิด,สะพานแดง,เตชะวณิช,2021,1,8,2021-01-08,07:00-09:00,True
6281,โควิด,สะพานแดง,ทหาร,2021,1,8,2021-01-08,07:00-09:00,True
6282,โควิด,สะพานแดง,ประดิพัทธ์,2021,1,8,2021-01-08,07:00-09:00,True
6283,โควิด,สะพานแดง,พระรามที่ 5,2021,1,8,2021-01-08,16:00-19:00,True
6284,โควิด,สะพานแดง,เตชะวณิช,2021,1,8,2021-01-08,16:00-19:00,True
6285,โควิด,สะพานแดง,ทหาร,2021,1,8,2021-01-08,16:00-19:00,True
6286,โควิด,สะพานแดง,ประดิพัทธ์,2021,1,8,2021-01-08,16:00-19:00,True
6287,โควิด,สะพานแดง,พระรามที่ 5,2021,1,8,2021-01-08,09:00-16:00,True
6288,โควิด,สะพานแดง,เตชะวณิช,2021,1,8,2021-01-08,09:00-16:00,True
6289,โควิด,สะพานแดง,ทหาร,2021,1,8,2021-01-08,09:00-16:00,True
6290,โควิด,สะพานแดง,ประดิพัทธ์,2021,1,8,2021-01-08,09:00-16:00,True
6309,โควิด,เกษะโกมล,พระรามที่ 5,2021,1,19,2021-01-19,07:00-09:00,False
6310,โควิด,เกษะโกมล,อำนวยสงคราม,2021,1,19,2021-01-19,07:00-09:00,False
6311,โควิด,เกษะโกมล,เศรษฐศิริ,2021,1,19,2021-01-19,07:00-09:00,False
6312,โควิด,เกษะโกมล,พระรามที่ 5,2021,1,19,2021-01-19,16:00-19:00,False
6313,โควิด,เกษะโกมล,อำนวยสงคราม,2021,1,19,2021-01-19,16:00-19:00,False
6314,โควิด,เกษะโกมล,เศรษฐศิริ,2021,1,19,2021-01-19,16:00-19:00,False
6315,โควิด,เกษะโกมล,พระรามที่ 5,2021,1,19,2021-01-19,09:00-16:00,False
6316,โควิด,เกษะโกมล,อำนวยสงคราม,2021,1,19,2021-01-19,09:00-16:00,False
6317,โควิด,เกษะโกมล,เศรษฐศิริ,2021,1,19,2021-01-19,09:00-16:00,False
6318,โควิด,สุทธิสาร,รัชดาภิเษก,2021,1,20,2021-01-20,07:00-09:00,False
6319,โควิด,สุทธิสาร,สุทธิสารวินิจฉัย,2021,1,20,2021-01-20,07:00-09:00,False
6320,โควิด,สุทธิสาร,รัชดาภิเษก,2021,1,20,2021-01-20,16:00-19:00,False
6321,โควิด,สุทธิสาร,สุทธิสารวินิจฉัย,2021,1,20,2021-01-20,16:00-19:00,False
6322,โควิด,สุทธิสาร,รัชดาภิเษก,2021,1,20,2021-01-20,09:00-16:00,False
6323,โควิด,สุทธิสาร,สุทธิสารวินิจฉัย,2021,1,20,2021-01-20,09:00-16:00,False
6324,โควิด,ปทุมวัน,พญาไท,2021,1,21,2021-01-21,07:00-09:00,False
6325,โควิด,ปทุมวัน,พระรามที่ 1,2021,1,21,2021-01-21,07:00-09:00,False
6326,โควิด,ปทุมวัน,พญาไท,2021,1,21,2021-01-21,16:00-19:00,False
6327,โควิด,ปทุมวัน,พระรามที่ 1,2021,1,21,2021-01-21,16:00-19:00,False
6328,โควิด,ปทุมวัน,พญาไท,2021,1,21,2021-01-21,09:00-16:00,False
6329,โควิด,ปทุมวัน,พระรามที่ 1,2021,1,21,2021-01-21,09:00-16:00,False
6345,โควิด,คลองสาน,เจริญนคร,2021,1,25,2021-01-25,07:00-09:00,False
6346,โควิด,คลองสาน,สมเด็จเจ้าพระยา,2021,1,25,2021-01-25,07:00-09:00,False
6347,โควิด,คลองสาน,ลาดหญ้า,2021,1,25,2021-01-25,07:00-09:00,False
6348,โควิด,คลองสาน,เจริญนคร,2021,1,25,2021-01-25,16:00-19:00,False
6349,โควิด,คลองสาน,สมเด็จเจ้าพระยา,2021,1,25,2021-01-25,16:00-19:00,False
6350,โควิด,คลองสาน,ลาดหญ้า,2021,1,25,2021-01-25,16:00-19:00,False
6351,โควิด,คลองสาน,เจริญนคร,2021,1,25,2021-01-25,09:00-16:00,False
6352,โควิด,คลองสาน,สมเด็จเจ้าพระยา,2021,1,25,2021-01-25,09:00-16:00,False
6353,โควิด,คลองสาน,ลาดหญ้า,2021,1,25,2021-01-25,09:00-16:00,False
6384,โควิด,หัวลำโพง,พระรามที่ 4,2021,1,29,2021-01-29,07:00-09:00,False
6385,โควิด,หัวลำโพง,มหาพฤฒาราม,2021,1,29,2021-01-29,07:00-09:00,True
6386,โควิด,หัวลำโพง,พระรามที่ 4,2021,1,29,2021-01-29,16:00-19:00,False
6387,โควิด,หัวลำโพง,มหาพฤฒาราม,2021,1,29,2021-01-29,16:00-19:00,True
6388,โควิด,หัวลำโพง,พระรามที่ 4,2021,1,29,2021-01-29,09:00-16:00,False
6389,โควิด,หัวลำโพง,มหาพฤฒาราม,2021,1,29,2021-01-29,09:00-16:00,True
6399,โควิด,บางกะปิ,พ่วงศิริ,2021,2,2,2021-02-02,07:00-09:00,True
6401,โควิด,บางกะปิ,ลาดพร้าว,2021,2,2,2021-02-02,07:00-09:00,False
6402,โควิด,บางกะปิ,เสรีไทย,2021,2,2,2021-02-02,07:00-09:00,False
6403,โควิด,บางกะปิ,พ่วงศิริ,2021,2,2,2021-02-02,16:00-19:00,True
6405,โควิด,บางกะปิ,ลาดพร้าว,2021,2,2,2021-02-02,16:00-19:00,False
6406,โควิด,บางกะปิ,เสรีไทย,2021,2,2,2021-02-02,16:00-19:00,False
6407,โควิด,บางกะปิ,พ่วงศิริ,2021,2,2,2021-02-02,09:00-16:00,True
6409,โควิด,บางกะปิ,ลาดพร้าว,2021,2,2,2021-02-02,09:00-16:00,False
6410,โควิด,บางกะปิ,เสรีไทย,2021,2,2,2021-02-02,09:00-16:00,False
6412,โควิด,ลาดบัวขาว,รามคำแหง,2021,2,3,2021-02-03,07:00-09:00,False
6414,โควิด,ลาดบัวขาว,รามคำแหง,2021,2,3,2021-02-03,16:00-19:00,False
6416,โควิด,ลาดบัวขาว,รามคำแหง,2021,2,3,2021-02-03,09:00-16:00,False
6418,โควิด,หมู่บ้านเศรษฐกิจ,เพชรเกษม,2021,2,4,2021-02-04,07:00-09:00,False
6419,โควิด,พุทธมณฑลสาย 3,พุทธมณฑลสาย 3,2021,2,4,2021-02-04,07:00-09:00,True
6420,โควิด,พุทธมณฑลสาย 3,เพชรเกษม,2021,2,4,2021-02-04,07:00-09:00,False
6422,โควิด,หมู่บ้านเศรษฐกิจ,เพชรเกษม,2021,2,4,2021-02-04,16:00-19:00,False
6423,โควิด,พุทธมณฑลสาย 3,พุทธมณฑลสาย 3,2021,2,4,2021-02-04,16:00-19:00,True
6424,โควิด,พุทธมณฑลสาย 3,เพชรเกษม,2021,2,4,2021-02-04,16:00-19:00,False
6426,โควิด,หมู่บ้านเศรษฐกิจ,เพชรเกษม,2021,2,4,2021-02-04,09:00-16:00,False
6427,โควิด,พุทธมณฑลสาย 3,พุทธมณฑลสาย 3,2021,2,4,2021-02-04,09:00-16:00,True
6428,โควิด,พุทธมณฑลสาย 3,เพชรเกษม,2021,2,4,2021-02-04,09:00-16:00,False
6438,โควิด,ลาซาล,สุขุมวิท,2021,2,8,2021-02-08,07:00-09:00,False
6440,โควิด,ลาซาล,สุขุมวิท,2021,2,8,2021-02-08,16:00-19:00,False
6442,โควิด,ลาซาล,สุขุมวิท,2021,2,8,2021-02-08,09:00-16:00,False
6451,โควิด,วัดสน,สุขสวัสดิ์,2021,2,10,2021-02-10,07:00-09:00,False
6453,โควิด,วัดสน,สุขสวัสดิ์,2021,2,10,2021-02-10,16:00-19:00,False
6455,โควิด,วัดสน,สุขสวัสดิ์,2021,2,10,2021-02-10,09:00-16:00,False
6456,โควิด,ประชาธรรม,ประดิษฐ์มนูธรรม,2021,2,11,2021-02-11,07:00-09:00,False
6457,โควิด,ประชาธรรม,ประชาอุทิศ,2021,2,11,2021-02-11,07:00-09:00,False
6458,โควิด,ประชาธรรม,ประดิษฐ์มนูธรรม,2021,2,11,2021-02-11,16:00-19:00,False
6459,โควิด,ประชาธรรม,ประชาอุทิศ,2021,2,11,2021-02-11,16:00-19:00,False
6460,โควิด,ประชาธรรม,ประดิษฐ์มนูธรรม,2021,2,11,2021-02-11,09:00-16:00,False
6461,โควิด,ประชาธรรม,ประชาอุทิศ,2021,2,11,2021-02-11,09:00-16:00,False
6462,โควิด,ราชวัตร,พระรามที่ 5,2021,2,15,2021-02-15,07:00-09:00,False
6463,โควิด,ราชวัตร,นครไชยศรี,2021,2,15,2021-02-15,07:00-09:00,False
6464,โควิด,ราชวัตร,พระรามที่ 5,2021,2,15,2021-02-15,16:00-19:00,False
6465,โควิด,ราชวัตร,นครไชยศรี,2021,2,15,2021-02-15,16:00-19:00,False
6466,โควิด,ราชวัตร,พระรามที่ 5,2021,2,15,2021-02-15,09:00-16:00,False
6467,โควิด,ราชวัตร,นครไชยศรี,2021,2,15,2021-02-15,09:00-16:00,False
6468,โควิด,เฉลิมเผ่า,อังรีดูนังต์,2021,2,16,2021-02-16,07:00-09:00,True
6469,โควิด,เฉลิมเผ่า,พระรามที่ 1,2021,2,16,2021-02-16,07:00-09:00,False
6470,โควิด,เฉลิมเผ่า,อังรีดูนังต์,2021,2,16,2021-02-16,16:00-19:00,True
6471,โควิด,เฉลิมเผ่า,พระรามที่ 1,2021,2,16,2021-02-16,16:00-19:00,True
6472,โควิด,เฉลิมเผ่า,อังรีดูนังต์,2021,2,16,2021-02-16,09:00-16:00,True
6473,โควิด,เฉลิมเผ่า,พระรามที่ 1,2021,2,16,2021-02-16,09:00-16:00,True
6477,โควิด,โพธิ์สามต้น,อิสรภาพ,2021,2,17,2021-02-17,07:00-09:00,True
6478,โควิด,โพธิ์สามต้น,วังเดิม,2021,2,17,2021-02-17,07:00-09:00,True
6479,โควิด,โพธิ์สามต้น,อิสรภาพ,2021,2,17,2021-02-17,16:00-19:00,True
6480,โควิด,โพธิ์สามต้น,วังเดิม,2021,2,17,2021-02-17,16:00-19:00,True
6481,โควิด,โพธิ์สามต้น,อิสรภาพ,2021,2,17,2021-02-17,09:00-16:00,True
6482,โควิด,โพธิ์สามต้น,วังเดิม,2021,2,17,2021-02-17,09:00-16:00,True
6484,โควิด,จันทน์ - นราธิวาส,จันทน์,2021,2,18,2021-02-18,07:00-09:00,True
6486,โควิด,จันทน์ - นราธิวาส,จันทน์,2021,2,18,2021-02-18,16:00-19:00,True
6488,โควิด,จันทน์ - นราธิวาส,จันทน์,2021,2,18,2021-02-18,09:00-16:00,True
6489,โควิด,ประชาเกษม,ประชาธิปไตย,2021,2,19,2021-02-19,07:00-09:00,False
6490,โควิด,ประชาเกษม,นครราชสีมา,2021,2,19,2021-02-19,07:00-09:00,False
6491,โควิด,ประชาเกษม,กรุงเกษม,2021,2,19,2021-02-19,07:00-09:00,False
6492,โควิด,ประชาเกษม,ประชาธิปไตย,2021,2,19,2021-02-19,16:00-19:00,False
6493,โควิด,ประชาเกษม,นครราชสีมา,2021,2,19,2021-02-19,16:00-19:00,False
6494,โควิด,ประชาเกษม,กรุงเกษม,2021,2,19,2021-02-19,16:00-19:00,True
6495,โควิด,ประชาเกษม,ประชาธิปไตย,2021,2,19,2021-02-19,09:00-16:00,False
6496,โควิด,ประชาเกษม,นครราชสีมา,2021,2,19,2021-02-19,09:00-16:00,False
6497,โควิด,ประชาเกษม,กรุงเกษม,2021,2,19,2021-02-19,09:00-16:00,True
6498,โควิด,ราชวงศ์,ราชวงศ์,2021,2,22,2021-02-22,07:00-09:00,False
6499,โควิด,ราชวงศ์,เยาวราช,2021,2,22,2021-02-22,07:00-09:00,False
6502,โควิด,ราชวงศ์,ราชวงศ์,2021,2,22,2021-02-22,16:00-19:00,False
6503,โควิด,ราชวงศ์,เยาวราช,2021,2,22,2021-02-22,16:00-19:00,False
6506,โควิด,ราชวงศ์,ราชวงศ์,2021,2,22,2021-02-22,09:00-16:00,False
6507,โควิด,ราชวงศ์,เยาวราช,2021,2,22,2021-02-22,09:00-16:00,False
6516,โควิด,ลาดปลาเค้า,ลาดปลาเค้า,2021,2,24,2021-02-24,07:00-09:00,False
6517,โควิด,ลาดปลาเค้า,รามอินทรา,2021,2,24,2021-02-24,07:00-09:00,False
6518,โควิด,ลาดปลาเค้า,ลาดปลาเค้า,2021,2,24,2021-02-24,16:00-19:00,False
6519,โควิด,ลาดปลาเค้า,รามอินทรา,2021,2,24,2021-02-24,16:00-19:00,False
6520,โควิด,ลาดปลาเค้า,ลาดปลาเค้า,2021,2,24,2021-02-24,09:00-16:00,False
6521,โควิด,ลาดปลาเค้า,รามอินทรา,2021,2,24,2021-02-24,09:00-16:00,False
6522,โควิด,ใต้ด่วนพระราม 4,เชื้อเพลิง,2021,2,25,2021-02-25,07:00-09:00,False
6523,โควิด,ใต้ด่วนพระราม 4,ทางด่วน,2021,2,25,2021-02-25,07:00-09:00,False
6524,โควิด,ใต้ด่วนพระราม 4,พระรามที่ 4,2021,2,25,2021-02-25,07:00-09:00,False
6525,โควิด,ใต้ด่วนพระราม 4,เชื้อเพลิง,2021,2,25,2021-02-25,16:00-19:00,False
6526,โควิด,ใต้ด่วนพระราม 4,ทางด่วน,2021,2,25,2021-02-25,16:00-19:00,False
6527,โควิด,ใต้ด่วนพระราม 4,พระรามที่ 4,2021,2,25,2021-02-25,16:00-19:00,False
6528,โควิด,ใต้ด่วนพระราม 4,เชื้อเพลิง,2021,2,25,2021-02-25,09:00-16:00,False
6529,โควิด,ใต้ด่วนพระราม 4,ทางด่วน,2021,2,25,2021-02-25,09:00-16:00,False
6530,โควิด,ใต้ด่วนพระราม 4,พระรามที่ 4,2021,2,25,2021-02-25,09:00-16:00,False
6537,โควิด,ดาวคะนอง,สมเด็จพระเจ้าตากสิน,2021,3,2,2021-03-02,07:00-09:00,False
6538,โควิด,ดาวคะนอง,จอมทอง,2021,3,2,2021-03-02,07:00-09:00,True
6539,โควิด,ดาวคะนอง,สมเด็จพระเจ้าตากสิน,2021,3,2,2021-03-02,16:00-19:00,False
6540,โควิด,ดาวคะนอง,จอมทอง,2021,3,2,2021-03-02,16:00-19:00,True
6541,โควิด,ดาวคะนอง,สมเด็จพระเจ้าตากสิน,2021,3,2,2021-03-02,09:00-16:00,False
6542,โควิด,ดาวคะนอง,จอมทอง,2021,3,2,2021-03-02,09:00-16:00,True
6543,โควิด,กำแพงเพชร,พหลโยธิน,2021,3,3,2021-03-03,07:00-09:00,False
6544,โควิด,กำแพงเพชร,กำแพงเพชร,2021,3,3,2021-03-03,07:00-09:00,False
6546,โควิด,กำแพงเพชร,พหลโยธิน,2021,3,3,2021-03-03,16:00-19:00,False
6547,โควิด,กำแพงเพชร,กำแพงเพชร,2021,3,3,2021-03-03,16:00-19:00,False
6549,โควิด,กำแพงเพชร,พหลโยธิน,2021,3,3,2021-03-03,09:00-16:00,False
6550,โควิด,กำแพงเพชร,กำแพงเพชร,2021,3,3,2021-03-03,09:00-16:00,False
6552,โควิด,บางยี่เรือ,เทอดไท,2021,3,4,2021-03-04,07:00-09:00,False
6553,โควิด,บางยี่เรือ,เพชรเกษม,2021,3,4,2021-03-04,07:00-09:00,True
6554,โควิด,บางยี่เรือ,อินทรพิทักษ์,2021,3,4,2021-03-04,07:00-09:00,False
6555,โควิด,บางยี่เรือ,เทอดไท,2021,3,4,2021-03-04,16:00-19:00,False
6556,โควิด,บางยี่เรือ,เพชรเกษม,2021,3,4,2021-03-04,16:00-19:00,True
6557,โควิด,บางยี่เรือ,อินทรพิทักษ์,2021,3,4,2021-03-04,16:00-19:00,True
6558,โควิด,บางยี่เรือ,เทอดไท,2021,3,4,2021-03-04,09:00-16:00,False
6559,โควิด,บางยี่เรือ,เพชรเกษม,2021,3,4,2021-03-04,09:00-16:00,True
6560,โควิด,บางยี่เรือ,อินทรพิทักษ์,2021,3,4,2021-03-04,09:00-16:00,True
6562,โควิด,สุโขทัย,สุโขทัย,2021,3,5,2021-03-05,07:00-09:00,False
6564,โควิด,สุโขทัย,สุโขทัย,2021,3,5,2021-03-05,16:00-19:00,False
6566,โควิด,สุโขทัย,สุโขทัย,2021,3,5,2021-03-05,09:00-16:00,False
6567,โควิด,เทวกรรม,นครสวรรค์,2021,3,8,2021-03-08,07:00-09:00,True
6568,โควิด,เทวกรรม,กรุงเกษม,2021,3,8,2021-03-08,07:00-09:00,True
6569,โควิด,เทวกรรม,นครสวรรค์,2021,3,8,2021-03-08,16:00-19:00,True
6570,โควิด,เทวกรรม,กรุงเกษม,2021,3,8,2021-03-08,16:00-19:00,True
6571,โควิด,เทวกรรม,นครสวรรค์,2021,3,8,2021-03-08,09:00-16:00,True
6572,โควิด,เทวกรรม,กรุงเกษม,2021,3,8,2021-03-08,09:00-16:00,True
6648,โควิด,ประเสริฐมนูกิจ - ประดิษฐ์มนูธรรม,ประดิษฐ์มนูธรรม,2021,3,22,2021-03-22,07:00-09:00,False
6649,โควิด,ประเสริฐมนูกิจ - ประดิษฐ์มนูธรรม,ประเสริฐมนูกิจ,2021,3,22,2021-03-22,07:00-09:00,False
6650,โควิด,ประเสริฐมนูกิจ - ประดิษฐ์มนูธรรม,ประดิษฐ์มนูธรรม,2021,3,22,2021-03-22,16:00-19:00,False
6651,โควิด,ประเสริฐมนูกิจ - ประดิษฐ์มนูธรรม,ประเสริฐมนูกิจ,2021,3,22,2021-03-22,16:00-19:00,False
6652,โควิด,ประเสริฐมนูกิจ - ประดิษฐ์มนูธรรม,ประดิษฐ์มนูธรรม,2021,3,22,2021-03-22,09:00-16:00,False
6653,โควิด,ประเสริฐมนูกิจ - ประดิษฐ์มนูธรรม,ประเสริฐมนูกิจ,2021,3,22,2021-03-22,09:00-16:00,False
6654,โควิด,เพลินจิต,วิทยุ,2021,3,23,2021-03-23,07:00-09:00,False
6655,โควิด,เพลินจิต,เพลินจิต,2021,3,23,2021-03-23,07:00-09:00,False
6656,โควิด,เพลินจิต,วิทยุ,2021,3,23,2021-03-23,16:00-19:00,False
6657,โควิด,เพลินจิต,เพลินจิต,2021,3,23,2021-03-23,16:00-19:00,False
6658,โควิด,เพลินจิต,วิทยุ,2021,3,23,2021-03-23,09:00-16:00,False
6659,โควิด,เพลินจิต,เพลินจิต,2021,3,23,2021-03-23,09:00-16:00,False
6672,โควิด,เศรษฐศิริ,เศรษฐศิริ,2021,3,25,2021-03-25,07:00-09:00,False
6673,โควิด,เศรษฐศิริ,เทอดดำริ,2021,3,25,2021-03-25,07:00-09:00,False
6674,โควิด,เศรษฐศิริ,เศรษฐศิริ,2021,3,25,2021-03-25,16:00-19:00,False
6675,โควิด,เศรษฐศิริ,เทอดดำริ,2021,3,25,2021-03-25,16:00-19:00,False
6676,โควิด,เศรษฐศิริ,เศรษฐศิริ,2021,3,25,2021-03-25,09:00-16:00,False
6677,โควิด,เศรษฐศิริ,เทอดดำริ,2021,3,25,2021-03-25,09:00-16:00,False
6678,โควิด,โรงพยาบาลกลาง,เสือป่า,2021,3,26,2021-03-26,07:00-09:00,False
6680,โควิด,โรงพยาบาลกลาง,หลวง,2021,3,26,2021-03-26,07:00-09:00,False
6681,โควิด,โรงพยาบาลกลาง,เสือป่า,2021,3,26,2021-03-26,16:00-19:00,False
6683,โควิด,โรงพยาบาลกลาง,หลวง,2021,3,26,2021-03-26,16:00-19:00,False
6684,โควิด,โรงพยาบาลกลาง,เสือป่า,2021,3,26,2021-03-26,09:00-16:00,False
6686,โควิด,โรงพยาบาลกลาง,หลวง,2021,3,26,2021-03-26,09:00-16:00,False
6726,โควิด,สาธุ - จันทน์,สาธุประดิษฐ์,2021,4,5,2021-04-05,07:00-09:00,True
6727,โควิด,สาธุ - จันทน์,จันทน์,2021,4,5,2021-04-05,07:00-09:00,True
6728,โควิด,สาธุ - จันทน์,สาธุประดิษฐ์,2021,4,5,2021-04-05,16:00-19:00,True
6729,โควิด,สาธุ - จันทน์,จันทน์,2021,4,5,2021-04-05,16:00-19:00,True
6730,โควิด,สาธุ - จันทน์,สาธุประดิษฐ์,2021,4,5,2021-04-05,09:00-16:00,True
6731,โควิด,สาธุ - จันทน์,จันทน์,2021,4,5,2021-04-05,09:00-16:00,True
6732,โควิด,อุณากรรณ,อุณากรรณ,2021,4,7,2021-04-07,07:00-09:00,False
6733,โควิด,อุณากรรณ,เจริญกรุง,2021,4,7,2021-04-07,07:00-09:00,False
6734,โควิด,อุณากรรณ,อุณากรรณ,2021,4,7,2021-04-07,16:00-19:00,False
6735,โควิด,อุณากรรณ,เจริญกรุง,2021,4,7,2021-04-07,16:00-19:00,False
6736,โควิด,อุณากรรณ,อุณากรรณ,2021,4,7,2021-04-07,09:00-16:00,False
6737,โควิด,อุณากรรณ,เจริญกรุง,2021,4,7,2021-04-07,09:00-16:00,False
6739,โควิด,พุทธมณฑลสาย 2,พุทธมณฑลสาย 2,2021,4,8,2021-04-08,07:00-09:00,True
6740,โควิด,พุทธมณฑลสาย 2,เพชรเกษม,2021,4,8,2021-04-08,07:00-09:00,True
6742,โควิด,พุทธมณฑลสาย 2,พุทธมณฑลสาย 2,2021,4,8,2021-04-08,16:00-19:00,True
6743,โควิด,พุทธมณฑลสาย 2,เพชรเกษม,2021,4,8,2021-04-08,16:00-19:00,True
6745,โควิด,พุทธมณฑลสาย 2,พุทธมณฑลสาย 2,2021,4,8,2021-04-08,09:00-16:00,True
6746,โควิด,พุทธมณฑลสาย 2,เพชรเกษม,2021,4,8,2021-04-08,09:00-16:00,True
6747,โควิด,พัฒนาการ,ศรีนครินทร์,2021,4,9,2021-04-09,07:00-09:00,True
6748,โควิด,พัฒนาการ,พัฒนาการ,2021,4,9,2021-04-09,07:00-09:00,False
6749,โควิด,พัฒนาการ,ศรีนครินทร์,2021,4,9,2021-04-09,16:00-19:00,True
6750,โควิด,พัฒนาการ,พัฒนาการ,2021,4,9,2021-04-09,16:00-19:00,False
6751,โควิด,พัฒนาการ,ศรีนครินทร์,2021,4,9,2021-04-09,09:00-16:00,True
6752,โควิด,พัฒนาการ,พัฒนาการ,2021,4,9,2021-04-09,09:00-16:00,False
6753,โควิด,ประชาสงเคราะห์,ประชาสงเคราะห์,2021,4,16,2021-04-16,07:00-09:00,False
6754,โควิด,ประชาสงเคราะห์,ดินแดง,2021,4,16,2021-04-16,07:00-09:00,False
6755,โควิด,ประชาสงเคราะห์,ประชาสงเคราะห์,2021,4,16,2021-04-16,16:00-19:00,False
6756,โควิด,ประชาสงเคราะห์,ดินแดง,2021,4,16,2021-04-16,16:00-19:00,False
6757,โควิด,ประชาสงเคราะห์,ประชาสงเคราะห์,2021,4,16,2021-04-16,09:00-16:00,False
6758,โควิด,ประชาสงเคราะห์,ดินแดง,2021,4,16,2021-04-16,09:00-16:00,False
6759,โควิด,ด่วนเพลินจิต,ดวงพิทักษ์,2021,4,19,2021-04-19,07:00-09:00,False
6761,โควิด,ด่วนเพลินจิต,เพลินจิต,2021,4,19,2021-04-19,07:00-09:00,False
6762,โควิด,ด่วนเพลินจิต,สุขุมวิท,2021,4,19,2021-04-19,07:00-09:00,False
6763,โควิด,ด่วนเพลินจิต,ดวงพิทักษ์,2021,4,19,2021-04-19,16:00-19:00,False
6765,โควิด,ด่วนเพลินจิต,เพลินจิต,2021,4,19,2021-04-19,16:00-19:00,False
6766,โควิด,ด่วนเพลินจิต,สุขุมวิท,2021,4,19,2021-04-19,16:00-19:00,False
6767,โควิด,ด่วนเพลินจิต,ดวงพิทักษ์,2021,4,19,2021-04-19,09:00-16:00,False
6769,โควิด,ด่วนเพลินจิต,เพลินจิต,2021,4,19,2021-04-19,09:00-16:00,False
6770,โควิด,ด่วนเพลินจิต,สุขุมวิท,2021,4,19,2021-04-19,09:00-16:00,False
6771,โควิด,วิสุทธิกษัตริย์,ประชาธิปไตย,2021,4,20,2021-04-20,07:00-09:00,False
6772,โควิด,วิสุทธิกษัตริย์,วิสุทธิกษัตริย์,2021,4,20,2021-04-20,07:00-09:00,False
6773,โควิด,วิสุทธิกษัตริย์,ประชาธิปไตย,2021,4,20,2021-04-20,16:00-19:00,False
6774,โควิด,วิสุทธิกษัตริย์,วิสุทธิกษัตริย์,2021,4,20,2021-04-20,16:00-19:00,False
6775,โควิด,วิสุทธิกษัตริย์,ประชาธิปไตย,2021,4,20,2021-04-20,09:00-16:00,False
6776,โควิด,วิสุทธิกษัตริย์,วิสุทธิกษัตริย์,2021,4,20,2021-04-20,09:00-16:00,False
6785,โควิด,นาหลวง,พุทธบูชา,2021,4,22,2021-04-22,07:00-09:00,False
6789,โควิด,นาหลวง,พุทธบูชา,2021,4,22,2021-04-22,16:00-19:00,False
6793,โควิด,นาหลวง,พุทธบูชา,2021,4,22,2021-04-22,09:00-16:00,False
6801,โควิด,ประชานิเวศน์,ประชาชื่น,2021,4,26,2021-04-26,07:00-09:00,False
6802,โควิด,ประชานิเวศน์,เทศบาลสงเคราะห์,2021,4,26,2021-04-26,07:00-09:00,True
6803,โควิด,ประชานิเวศน์,ประชาชื่น,2021,4,26,2021-04-26,16:00-19:00,True
6804,โควิด,ประชานิเวศน์,เทศบาลสงเคราะห์,2021,4,26,2021-04-26,16:00-19:00,True
6805,โควิด,ประชานิเวศน์,ประชาชื่น,2021,4,26,2021-04-26,09:00-16:00,True
6806,โควิด,ประชานิเวศน์,เทศบาลสงเคราะห์,2021,4,26,2021-04-26,09:00-16:00,True
6809,โควิด,เจริญนครใต้,เจริญนคร,2021,4,27,2021-04-27,07:00-09:00,True
6810,โควิด,เจริญนครใต้,กรุงธนบุรี,2021,4,27,2021-04-27,07:00-09:00,True
6813,โควิด,เจริญนครใต้,เจริญนคร,2021,4,27,2021-04-27,16:00-19:00,True
6814,โควิด,เจริญนครใต้,กรุงธนบุรี,2021,4,27,2021-04-27,16:00-19:00,True
6817,โควิด,เจริญนครใต้,เจริญนคร,2021,4,27,2021-04-27,09:00-16:00,True
6818,โควิด,เจริญนครใต้,กรุงธนบุรี,2021,4,27,2021-04-27,09:00-16:00,True
6819,โควิด,เกษมราษฎร์,เกษมราษฎร์,2021,4,28,2021-04-28,07:00-09:00,False
6821,โควิด,เกษมราษฎร์,พระรามที่ 4,2021,4,28,2021-04-28,07:00-09:00,False
6822,โควิด,เกษมราษฎร์,เกษมราษฎร์,2021,4,28,2021-04-28,16:00-19:00,False
6824,โควิด,เกษมราษฎร์,พระรามที่ 4,2021,4,28,2021-04-28,16:00-19:00,False
6825,โควิด,เกษมราษฎร์,เกษมราษฎร์,2021,4,28,2021-04-28,09:00-16:00,False
6827,โควิด,เกษมราษฎร์,พระรามที่ 4,2021,4,28,2021-04-28,09:00-16:00,False
6828,โควิด,วังหิน,สุขาภิบาล 1,2021,4,29,2021-04-29,07:00-09:00,False
6830,โควิด,วังหิน,เสนานิคม,2021,4,29,2021-04-29,07:00-09:00,False
6831,โควิด,วังหิน,สุขาภิบาล 1,2021,4,29,2021-04-29,16:00-19:00,False
6833,โควิด,วังหิน,เสนานิคม,2021,4,29,2021-04-29,16:00-19:00,False
6834,โควิด,วังหิน,สุขาภิบาล 1,2021,4,29,2021-04-29,09:00-16:00,False
6836,โควิด,วังหิน,เสนานิคม,2021,4,29,2021-04-29,09:00-16:00,False
6838,โควิด,บางชัน,เสรีไทย,2021,4,30,2021-04-30,07:00-09:00,False
6840,โควิด,บางชัน,เสรีไทย,2021,4,30,2021-04-30,16:00-19:00,False
6842,โควิด,บางชัน,เสรีไทย,2021,4,30,2021-04-30,09:00-16:00,False
6843,โควิด,อุรุพงษ์,พระรามที่ 6,2021,5,3,2021-05-03,07:00-09:00,True
6844,โควิด,อุรุพงษ์,เพชรบุรี,2021,5,3,2021-05-03,07:00-09:00,False
6845,โควิด,อุรุพงษ์,พระรามที่ 6,2021,5,3,2021-05-03,16:00-19:00,True
6846,โควิด,อุรุพงษ์,เพชรบุรี,2021,5,3,2021-05-03,16:00-19:00,False
6847,โควิด,อุรุพงษ์,พระรามที่ 6,2021,5,3,2021-05-03,09:00-16:00,False
6848,โควิด,อุรุพงษ์,เพชรบุรี,2021,5,3,2021-05-03,09:00-16:00,False
6861,โควิด,เกียกกาย,สามเสน,2021,5,6,2021-05-06,07:00-09:00,True
6862,โควิด,เกียกกาย,ประชาราษฎร์สาย 1,2021,5,6,2021-05-06,07:00-09:00,True
6863,โควิด,เกียกกาย,ทหาร,2021,5,6,2021-05-06,07:00-09:00,True
6864,โควิด,เกียกกาย,สามเสน,2021,5,6,2021-05-06,16:00-19:00,True
6865,โควิด,เกียกกาย,ประชาราษฎร์สาย 1,2021,5,6,2021-05-06,16:00-19:00,True
6866,โควิด,เกียกกาย,ทหาร,2021,5,6,2021-05-06,16:00-19:00,True
6867,โควิด,เกียกกาย,สามเสน,2021,5,6,2021-05-06,09:00-16:00,True
6868,โควิด,เกียกกาย,ประชาราษฎร์สาย 1,2021,5,6,2021-05-06,09:00-16:00,True
6869,โควิด,เกียกกาย,ทหาร,2021,5,6,2021-05-06,09:00-16:00,True
6870,โควิด,ไฟฉาย,จรัญสนิทวงศ์,2021,5,7,2021-05-07,07:00-09:00,False
6872,โควิด,ไฟฉาย,พรานนก,2021,5,7,2021-05-07,07:00-09:00,True
6873,โควิด,ไฟฉาย,จรัญสนิทวงศ์,2021,5,7,2021-05-07,16:00-19:00,False
6875,โควิด,ไฟฉาย,พรานนก,2021,5,7,2021-05-07,16:00-19:00,False
6876,โควิด,ไฟฉาย,จรัญสนิทวงศ์,2021,5,7,2021-05-07,09:00-16:00,False
6878,โควิด,ไฟฉาย,พรานนก,2021,5,7,2021-05-07,09:00-16:00,True
6885,โควิด,หมู่บ้านสหกรณ์,ทางเข้าหมู่บ้านสหกรณ์,2021,5,12,2021-05-12,07:00-09:00,True
6886,โควิด,หมู่บ้านสหกรณ์,เสรีไทย,2021,5,12,2021-05-12,07:00-09:00,False
6887,โควิด,หมู่บ้านสหกรณ์,ทางเข้าหมู่บ้านสหกรณ์,2021,5,12,2021-05-12,16:00-19:00,True
6888,โควิด,หมู่บ้านสหกรณ์,เสรีไทย,2021,5,12,2021-05-12,16:00-19:00,False
6889,โควิด,หมู่บ้านสหกรณ์,ทางเข้าหมู่บ้านสหกรณ์,2021,5,12,2021-05-12,09:00-16:00,True
6890,โควิด,หมู่บ้านสหกรณ์,เสรีไทย,2021,5,12,2021-05-12,09:00-16:00,False
6891,โควิด,วงเวียนหลักสี่,พหลโยธิน,2021,5,13,2021-05-13,07:00-09:00,False
6892,โควิด,วงเวียนหลักสี่,แจ้งวัฒนะ,2021,5,13,2021-05-13,07:00-09:00,False
6893,โควิด,วงเวียนหลักสี่,รามอินทรา,2021,5,13,2021-05-13,07:00-09:00,False
6894,โควิด,วงเวียนหลักสี่,พหลโยธิน,2021,5,13,2021-05-13,16:00-19:00,False
6895,โควิด,วงเวียนหลักสี่,แจ้งวัฒนะ,2021,5,13,2021-05-13,16:00-19:00,False
6896,โควิด,วงเวียนหลักสี่,รามอินทรา,2021,5,13,2021-05-13,16:00-19:00,False
6897,โควิด,วงเวียนหลักสี่,พหลโยธิน,2021,5,13,2021-05-13,09:00-16:00,False
6898,โควิด,วงเวียนหลักสี่,แจ้งวัฒนะ,2021,5,13,2021-05-13,09:00-16:00,False
6899,โควิด,วงเวียนหลักสี่,รามอินทรา,2021,5,13,2021-05-13,09:00-16:00,False
6921,โควิด,สี่แยกลาดหญ้า,ท่าดินแดง,2021,5,19,2021-05-19,07:00-09:00,False
6922,โควิด,สี่แยกลาดหญ้า,อิสรภาพ,2021,5,19,2021-05-19,07:00-09:00,False
6923,โควิด,สี่แยกลาดหญ้า,ท่าดินแดง,2021,5,19,2021-05-19,16:00-19:00,False
6924,โควิด,สี่แยกลาดหญ้า,อิสรภาพ,2021,5,19,2021-05-19,16:00-19:00,False
6925,โควิด,สี่แยกลาดหญ้า,ท่าดินแดง,2021,5,19,2021-05-19,09:00-16:00,False
6926,โควิด,สี่แยกลาดหญ้า,อิสรภาพ,2021,5,19,2021-05-19,09:00-16:00,False
6927,โควิด,หลักสี่,กำแพงเพชร 6,2021,5,20,2021-05-20,07:00-09:00,False
6928,โควิด,หลักสี่,แจ้งวัฒนะ,2021,5,20,2021-05-20,07:00-09:00,False
6929,โควิด,หลักสี่,กำแพงเพชร 6,2021,5,20,2021-05-20,16:00-19:00,False
6930,โควิด,หลักสี่,แจ้งวัฒนะ,2021,5,20,2021-05-20,16:00-19:00,False
6931,โควิด,หลักสี่,กำแพงเพชร 6,2021,5,20,2021-05-20,09:00-16:00,False
6932,โควิด,หลักสี่,แจ้งวัฒนะ,2021,5,20,2021-05-20,09:00-16:00,False
6939,โควิด,ราชดำริ,ราชดำริ,2021,5,24,2021-05-24,07:00-09:00,False
6940,โควิด,ราชดำริ,สารสิน,2021,5,24,2021-05-24,07:00-09:00,False
6941,โควิด,ราชดำริ,ราชดำริ,2021,5,24,2021-05-24,16:00-19:00,False
6942,โควิด,ราชดำริ,สารสิน,2021,5,24,2021-05-24,16:00-19:00,False
6943,โควิด,ราชดำริ,ราชดำริ,2021,5,24,2021-05-24,09:00-16:00,False
6944,โควิด,ราชดำริ,สารสิน,2021,5,24,2021-05-24,09:00-16:00,False
6960,โควิด,นอร์ธปาร์ค,กำแพงเพชร 6,2021,5,28,2021-05-28,07:00-09:00,False
6961,โควิด,นอร์ธปาร์ค,ชิดชน,2021,5,28,2021-05-28,07:00-09:00,False
6962,โควิด,นอร์ธปาร์ค,กำแพงเพชร 6,2021,5,28,2021-05-28,16:00-19:00,False
6963,โควิด,นอร์ธปาร์ค,ชิดชน,2021,5,28,2021-05-28,16:00-19:00,False
6964,โควิด,นอร์ธปาร์ค,กำแพงเพชร 6,2021,5,28,2021-05-28,09:00-16:00,False
6965,โควิด,นอร์ธปาร์ค,ชิดชน,2021,5,28,2021-05-28,09:00-16:00,False
6966,โควิด,บ้านแขก,ประชาธิปก,2021,5,31,2021-05-31,07:00-09:00,False
6967,โควิด,บ้านแขก,อิสรภาพ,2021,5,31,2021-05-31,07:00-09:00,False
6968,โควิด,บ้านแขก,ประชาธิปก,2021,5,31,2021-05-31,16:00-19:00,False
6969,โควิด,บ้านแขก,อิสรภาพ,2021,5,31,2021-05-31,16:00-19:00,False
6970,โควิด,บ้านแขก,ประชาธิปก,2021,5,31,2021-05-31,09:00-16:00,False
6971,โควิด,บ้านแขก,อิสรภาพ,2021,5,31,2021-05-31,09:00-16:00,False
6973,โควิด,หทัยราษฎร์ - เลียบคลองสอง,หทัยราษฎร์,2021,6,1,2021-06-01,07:00-09:00,False
6974,โควิด,หทัยราษฎร์ - เลียบคลองสอง,เลียบคลองสอง,2021,6,1,2021-06-01,07:00-09:00,True
6977,โควิด,หทัยราษฎร์ - เลียบคลองสอง,หทัยราษฎร์,2021,6,1,2021-06-01,16:00-19:00,False
6978,โควิด,หทัยราษฎร์ - เลียบคลองสอง,เลียบคลองสอง,2021,6,1,2021-06-01,16:00-19:00,True
6981,โควิด,หทัยราษฎร์ - เลียบคลองสอง,หทัยราษฎร์,2021,6,1,2021-06-01,09:00-16:00,False
6982,โควิด,หทัยราษฎร์ - เลียบคลองสอง,เลียบคลองสอง,2021,6,1,2021-06-01,09:00-16:00,True
6984,โควิด,พรานนก,อิสรภาพ,2021,6,2,2021-06-02,07:00-09:00,True
6985,โควิด,พรานนก,พรานนก,2021,6,2,2021-06-02,07:00-09:00,True
6987,โควิด,พรานนก,อิสรภาพ,2021,6,2,2021-06-02,16:00-19:00,False
6988,โควิด,พรานนก,พรานนก,2021,6,2,2021-06-02,16:00-19:00,True
6990,โควิด,พรานนก,อิสรภาพ,2021,6,2,2021-06-02,09:00-16:00,True
6991,โควิด,พรานนก,พรานนก,2021,6,2,2021-06-02,09:00-16:00,True
6993,โควิด,อ.ส.ม.ท.,เพชรอุทัย,2021,6,4,2021-06-04,07:00-09:00,True
6995,โควิด,อ.ส.ม.ท.,พระราม 9,2021,6,4,2021-06-04,07:00-09:00,False
6997,โควิด,อ.ส.ม.ท.,เพชรอุทัย,2021,6,4,2021-06-04,16:00-19:00,True
6999,โควิด,อ.ส.ม.ท.,พระราม 9,2021,6,4,2021-06-04,16:00-19:00,True
7001,โควิด,อ.ส.ม.ท.,เพชรอุทัย,2021,6,4,2021-06-04,09:00-16:00,True
7003,โควิด,อ.ส.ม.ท.,พระราม 9,2021,6,4,2021-06-04,09:00-16:00,True
7017,โควิด,อุดมสุข,สุขุมวิท,2021,6,8,2021-06-08,07:00-09:00,False
7019,โควิด,อุดมสุข,สุขุมวิท,2021,6,8,2021-06-08,16:00-19:00,False
7021,โควิด,อุดมสุข,สุขุมวิท,2021,6,8,2021-06-08,09:00-16:00,False
7033,โควิด,เพชรเกษม 81,เพชรเกษม,2021,6,10,2021-06-10,07:00-09:00,True
7035,โควิด,เพชรเกษม 81,เพชรเกษม,2021,6,10,2021-06-10,16:00-19:00,True
7037,โควิด,เพชรเกษม 81,เพชรเกษม,2021,6,10,2021-06-10,09:00-16:00,False
7038,โควิด,บางรัก,เจริญกรุง,2021,6,11,2021-06-11,07:00-09:00,False
7039,โควิด,บางรัก,สีลม,2021,6,11,2021-06-11,07:00-09:00,False
7040,โควิด,บางรัก,เจริญกรุง,2021,6,11,2021-06-11,16:00-19:00,False
7041,โควิด,บางรัก,สีลม,2021,6,11,2021-06-11,16:00-19:00,False
7042,โควิด,บางรัก,เจริญกรุง,2021,6,11,2021-06-11,09:00-16:00,False
7043,โควิด,บางรัก,สีลม,2021,6,11,2021-06-11,09:00-16:00,False
7044,โควิด,สาทร - เจริญกรุง,เจริญกรุง,2021,6,14,2021-06-14,07:00-09:00,False
7046,โควิด,สาทร - เจริญกรุง,สาทร,2021,6,14,2021-06-14,07:00-09:00,False
7048,โควิด,สาทร - เจริญกรุง,เจริญกรุง,2021,6,14,2021-06-14,16:00-19:00,False
7050,โควิด,สาทร - เจริญกรุง,สาทร,2021,6,14,2021-06-14,16:00-19:00,False
7052,โควิด,สาทร - เจริญกรุง,เจริญกรุง,2021,6,14,2021-06-14,09:00-16:00,False
7054,โควิด,สาทร - เจริญกรุง,สาทร,2021,6,14,2021-06-14,09:00-16:00,False
7057,โควิด,เตาปูน,ประชาราษฎร์,2021,6,15,2021-06-15,07:00-09:00,False
7058,โควิด,เตาปูน,ประชาราษฎร์สาย 2,2021,6,15,2021-06-15,07:00-09:00,False
7060,โควิด,เตาปูน,ประชาราษฎร์,2021,6,15,2021-06-15,16:00-19:00,False
7061,โควิด,เตาปูน,ประชาราษฎร์สาย 2,2021,6,15,2021-06-15,16:00-19:00,False
7063,โควิด,เตาปูน,ประชาราษฎร์,2021,6,15,2021-06-15,09:00-16:00,False
7064,โควิด,เตาปูน,ประชาราษฎร์สาย 2,2021,6,15,2021-06-15,09:00-16:00,False
7077,โควิด,มิตรสัมพันธ์,นิคมมักกะสัน,2021,6,18,2021-06-18,07:00-09:00,False
7078,โควิด,มิตรสัมพันธ์,เพชรบุรี,2021,6,18,2021-06-18,07:00-09:00,False
7079,โควิด,มิตรสัมพันธ์,นิคมมักกะสัน,2021,6,18,2021-06-18,16:00-19:00,False
7080,โควิด,มิตรสัมพันธ์,เพชรบุรี,2021,6,18,2021-06-18,16:00-19:00,False
7081,โควิด,มิตรสัมพันธ์,นิคมมักกะสัน,2021,6,18,2021-06-18,09:00-16:00,False
7082,โควิด,มิตรสัมพันธ์,เพชรบุรี,2021,6,18,2021-06-18,09:00-16:00,False
7083,โควิด,เฉลิมกรุง,ตรีเพชร,2021,6,21,2021-06-21,07:00-09:00,False
7085,โควิด,เฉลิมกรุง,เจริญกรุง,2021,6,21,2021-06-21,07:00-09:00,False
7086,โควิด,เฉลิมกรุง,ตรีเพชร,2021,6,21,2021-06-21,16:00-19:00,False
7088,โควิด,เฉลิมกรุง,เจริญกรุง,2021,6,21,2021-06-21,16:00-19:00,False
7089,โควิด,เฉลิมกรุง,ตรีเพชร,2021,6,21,2021-06-21,09:00-16:00,False
7091,โควิด,เฉลิมกรุง,เจริญกรุง,2021,6,21,2021-06-21,09:00-16:00,False
7094,โควิด,เอกมัยใต้,สุขุมวิท,2021,6,22,2021-06-22,07:00-09:00,False
7097,โควิด,เอกมัยใต้,สุขุมวิท,2021,6,22,2021-06-22,16:00-19:00,False
7100,โควิด,เอกมัยใต้,สุขุมวิท,2021,6,22,2021-06-22,09:00-16:00,False
7101,โควิด,ด่วนเกษมราษฎร์,เกษมราษฎร์,2021,6,23,2021-06-23,07:00-09:00,False
7103,โควิด,ด่วนเกษมราษฎร์,เกษมราษฎร์,2021,6,23,2021-06-23,16:00-19:00,False
7105,โควิด,ด่วนเกษมราษฎร์,เกษมราษฎร์,2021,6,23,2021-06-23,09:00-16:00,False
7107,โควิด,ถนนตก,เจริญกรุง,2021,6,24,2021-06-24,07:00-09:00,False
7108,โควิด,ถนนตก,พระรามที่ 3,2021,6,24,2021-06-24,07:00-09:00,False
7109,โควิด,ถนนตก,เจริญกรุง,2021,6,24,2021-06-24,16:00-19:00,False
7110,โควิด,ถนนตก,พระรามที่ 3,2021,6,24,2021-06-24,16:00-19:00,False
7111,โควิด,ถนนตก,เจริญกรุง,2021,6,24,2021-06-24,09:00-16:00,False
7112,โควิด,ถนนตก,พระรามที่ 3,2021,6,24,2021-06-24,09:00-16:00,False
7113,โควิด,บรมราชชนนี,จรัญสนิทวงศ์,2021,6,25,2021-06-25,07:00-09:00,False
7114,โควิด,บรมราชชนนี,บรมราชชนนี,2021,6,25,2021-06-25,07:00-09:00,False
7116,โควิด,บรมราชชนนี,จรัญสนิทวงศ์,2021,6,25,2021-06-25,16:00-19:00,False
7117,โควิด,บรมราชชนนี,บรมราชชนนี,2021,6,25,2021-06-25,16:00-19:00,False
7119,โควิด,บรมราชชนนี,จรัญสนิทวงศ์,2021,6,25,2021-06-25,09:00-16:00,False
7120,โควิด,บรมราชชนนี,บรมราชชนนี,2021,6,25,2021-06-25,09:00-16:00,False
7122,โควิด,สามยอด,มหาไชย,2021,6,28,2021-06-28,07:00-09:00,False
7123,โควิด,สามยอด,เจริญกรุง,2021,6,28,2021-06-28,07:00-09:00,False
7126,โควิด,สามยอด,มหาไชย,2021,6,28,2021-06-28,16:00-19:00,False
7127,โควิด,สามยอด,เจริญกรุง,2021,6,28,2021-06-28,16:00-19:00,False
7130,โควิด,สามยอด,มหาไชย,2021,6,28,2021-06-28,09:00-16:00,False
7131,โควิด,สามยอด,เจริญกรุง,2021,6,28,2021-06-28,09:00-16:00,False
7170,โควิด,สี่กั๊กเสาชิงช้า,เฟื่องนคร,2021,7,5,2021-07-05,07:00-09:00,True
7171,โควิด,สี่กั๊กเสาชิงช้า,ตะนาว,2021,7,5,2021-07-05,07:00-09:00,True
7172,โควิด,สี่กั๊กเสาชิงช้า,บำรุงเมือง,2021,7,5,2021-07-05,07:00-09:00,True
7173,โควิด,สี่กั๊กเสาชิงช้า,เฟื่องนคร,2021,7,5,2021-07-05,16:00-19:00,True
7174,โควิด,สี่กั๊กเสาชิงช้า,ตะนาว,2021,7,5,2021-07-05,16:00-19:00,True
7175,โควิด,สี่กั๊กเสาชิงช้า,บำรุงเมือง,2021,7,5,2021-07-05,16:00-19:00,True
7176,โควิด,สี่กั๊กเสาชิงช้า,เฟื่องนคร,2021,7,5,2021-07-05,09:00-16:00,True
7177,โควิด,สี่กั๊กเสาชิงช้า,ตะนาว,2021,7,5,2021-07-05,09:00-16:00,True
7178,โควิด,สี่กั๊กเสาชิงช้า,บำรุงเมือง,2021,7,5,2021-07-05,09:00-16:00,True
7266,โควิด,เกษตร,พหลโยธิน,2021,7,15,2021-07-15,07:00-09:00,False
7267,โควิด,เกษตร,งามวงศ์วาน,2021,7,15,2021-07-15,07:00-09:00,False
7269,โควิด,เกษตร,พหลโยธิน,2021,7,15,2021-07-15,16:00-19:00,False
7270,โควิด,เกษตร,งามวงศ์วาน,2021,7,15,2021-07-15,16:00-19:00,False
7272,โควิด,เกษตร,พหลโยธิน,2021,7,15,2021-07-15,09:00-16:00,False
7273,โควิด,เกษตร,งามวงศ์วาน,2021,7,15,2021-07-15,09:00-16:00,False
7506,โควิด,จันทน์ - เจริญราษฎร์,เจริญราษฎร์,2021,8,13,2021-08-13,07:00-09:00,False
7507,โควิด,จันทน์ - เจริญราษฎร์,จันทน์,2021,8,13,2021-08-13,07:00-09:00,False
7509,โควิด,จันทน์ - เจริญราษฎร์,เจริญราษฎร์,2021,8,13,2021-08-13,16:00-19:00,False
7510,โควิด,จันทน์ - เจริญราษฎร์,จันทน์,2021,8,13,2021-08-13,16:00-19:00,False
7512,โควิด,จันทน์ - เจริญราษฎร์,เจริญราษฎร์,2021,8,13,2021-08-13,09:00-16:00,False
7513,โควิด,จันทน์ - เจริญราษฎร์,จันทน์,2021,8,13,2021-08-13,09:00-16:00,False
7515,โควิด,ห้วยขวาง,รัชดาภิเษก,2021,8,16,2021-08-16,07:00-09:00,False
7516,โควิด,ห้วยขวาง,ประชาสงเคราะห์,2021,8,16,2021-08-16,07:00-09:00,False
7517,โควิด,ห้วยขวาง,ประชาราษฎร์บำเพ็ญ,2021,8,16,2021-08-16,07:00-09:00,False
7519,โควิด,ห้วยขวาง,รัชดาภิเษก,2021,8,16,2021-08-16,16:00-19:00,False
7520,โควิด,ห้วยขวาง,ประชาสงเคราะห์,2021,8,16,2021-08-16,16:00-19:00,False
7521,โควิด,ห้วยขวาง,ประชาราษฎร์บำเพ็ญ,2021,8,16,2021-08-16,16:00-19:00,False
7523,โควิด,ห้วยขวาง,รัชดาภิเษก,2021,8,16,2021-08-16,09:00-16:00,False
7524,โควิด,ห้วยขวาง,ประชาสงเคราะห์,2021,8,16,2021-08-16,09:00-16:00,False
7525,โควิด,ห้วยขวาง,ประชาราษฎร์บำเพ็ญ,2021,8,16,2021-08-16,09:00-16:00,False
7530,โควิด,บุคคโล,เจริญนคร,2021,8,18,2021-08-18,07:00-09:00,False
7531,โควิด,บุคคโล,มไหสวรรย์,2021,8,18,2021-08-18,07:00-09:00,False
7535,โควิด,บุคคโล,เจริญนคร,2021,8,18,2021-08-18,16:00-19:00,False
7536,โควิด,บุคคโล,มไหสวรรย์,2021,8,18,2021-08-18,16:00-19:00,False
7540,โควิด,บุคคโล,เจริญนคร,2021,8,18,2021-08-18,09:00-16:00,False
7541,โควิด,บุคคโล,มไหสวรรย์,2021,8,18,2021-08-18,09:00-16:00,False
7546,โควิด,ถนนตก,พระรามที่ 3,2021,8,19,2021-08-19,07:00-09:00,False
7548,โควิด,ถนนตก,เจริญกรุง,2021,8,19,2021-08-19,07:00-09:00,False
7551,โควิด,ถนนตก,พระรามที่ 3,2021,8,19,2021-08-19,16:00-19:00,False
7553,โควิด,ถนนตก,เจริญกรุง,2021,8,19,2021-08-19,16:00-19:00,False
7556,โควิด,ถนนตก,พระรามที่ 3,2021,8,19,2021-08-19,09:00-16:00,False
7558,โควิด,ถนนตก,เจริญกรุง,2021,8,19,2021-08-19,09:00-16:00,False
7560,โควิด,สะพานเหลือง,บรรทัดทอง,2021,8,20,2021-08-20,07:00-09:00,False
7561,โควิด,สะพานเหลือง,พระรามที่ 4,2021,8,20,2021-08-20,07:00-09:00,False
7562,โควิด,ประดิพัทธ์,พระรามที่ 6,2021,8,20,2021-08-20,07:00-09:00,False
7563,โควิด,ประดิพัทธ์,ประดิพัทธ์,2021,8,20,2021-08-20,07:00-09:00,False
7570,โควิด,สะพานเหลือง,บรรทัดทอง,2021,8,20,2021-08-20,16:00-19:00,False
7571,โควิด,สะพานเหลือง,พระรามที่ 4,2021,8,20,2021-08-20,16:00-19:00,False
7572,โควิด,ประดิพัทธ์,พระรามที่ 6,2021,8,20,2021-08-20,16:00-19:00,False
7573,โควิด,ประดิพัทธ์,ประดิพัทธ์,2021,8,20,2021-08-20,16:00-19:00,False
7574,โควิด,สะพานเหลือง,บรรทัดทอง,2021,8,20,2021-08-20,09:00-16:00,False
7575,โควิด,สะพานเหลือง,พระรามที่ 4,2021,8,20,2021-08-20,09:00-16:00,False
7576,โควิด,ประดิพัทธ์,พระรามที่ 6,2021,8,20,2021-08-20,09:00-16:00,False
7577,โควิด,ประดิพัทธ์,ประดิพัทธ์,2021,8,20,2021-08-20,09:00-16:00,False
7578,โควิด,เดโช,เดโช,2021,8,23,2021-08-23,07:00-09:00,False
7579,โควิด,เดโช,สีลม,2021,8,23,2021-08-23,07:00-09:00,False
7581,โควิด,เดโช,เดโช,2021,8,23,2021-08-23,16:00-19:00,False
7582,โควิด,เดโช,สีลม,2021,8,23,2021-08-23,16:00-19:00,False
7584,โควิด,เดโช,เดโช,2021,8,23,2021-08-23,09:00-16:00,False
7585,โควิด,เดโช,สีลม,2021,8,23,2021-08-23,09:00-16:00,False
7588,โควิด,ตรอกจันทน์,เจริญกรุง,2021,8,24,2021-08-24,07:00-09:00,False
7589,โควิด,ตรอกจันทน์,จันทน์,2021,8,24,2021-08-24,07:00-09:00,True
7591,โควิด,ตรอกจันทน์,เจริญกรุง,2021,8,24,2021-08-24,16:00-19:00,False
7592,โควิด,ตรอกจันทน์,จันทน์,2021,8,24,2021-08-24,16:00-19:00,True
7594,โควิด,ตรอกจันทน์,เจริญกรุง,2021,8,24,2021-08-24,09:00-16:00,False
7595,โควิด,ตรอกจันทน์,จันทน์,2021,8,24,2021-08-24,09:00-16:00,True
7596,โควิด,วิสุทธิกษัตริย์,ประชาธิปไตย,2021,8,25,2021-08-25,07:00-09:00,False
7597,โควิด,วิสุทธิกษัตริย์,วิสุทธิกษัตริย์,2021,8,25,2021-08-25,07:00-09:00,True
7599,โควิด,บางยี่เรือ,เทอดไท,2021,8,25,2021-08-25,07:00-09:00,False
7600,โควิด,วิสุทธิกษัตริย์,ประชาธิปไตย,2021,8,25,2021-08-25,16:00-19:00,False
7601,โควิด,วิสุทธิกษัตริย์,วิสุทธิกษัตริย์,2021,8,25,2021-08-25,16:00-19:00,True
7603,โควิด,บางยี่เรือ,เทอดไท,2021,8,25,2021-08-25,16:00-19:00,False
7604,โควิด,วิสุทธิกษัตริย์,ประชาธิปไตย,2021,8,25,2021-08-25,09:00-16:00,False
7605,โควิด,วิสุทธิกษัตริย์,วิสุทธิกษัตริย์,2021,8,25,2021-08-25,09:00-16:00,True
7607,โควิด,บางยี่เรือ,เทอดไท,2021,8,25,2021-08-25,09:00-16:00,False
7638,โควิด,หมอเหล็ง,ราชปรารภ,2021,8,31,2021-08-31,07:00-09:00,False
7639,โควิด,หมอเหล็ง,ศรีอยุธยา,2021,8,31,2021-08-31,07:00-09:00,True
7640,โควิด,หมอเหล็ง,จตุรทิศ,2021,8,31,2021-08-31,07:00-09:00,True
7641,โควิด,หมอเหล็ง,ราชปรารภ,2021,8,31,2021-08-31,16:00-19:00,False
7642,โควิด,หมอเหล็ง,ศรีอยุธยา,2021,8,31,2021-08-31,16:00-19:00,True
7643,โควิด,หมอเหล็ง,จตุรทิศ,2021,8,31,2021-08-31,16:00-19:00,True
7644,โควิด,หมอเหล็ง,ราชปรารภ,2021,8,31,2021-08-31,09:00-16:00,False
7645,โควิด,หมอเหล็ง,ศรีอยุธยา,2021,8,31,2021-08-31,09:00-16:00,True
7646,โควิด,หมอเหล็ง,จตุรทิศ,2021,8,31,2021-08-31,09:00-16:00,True
7659,โควิด,โพธิ์สามต้น,อิสรภาพ,2021,9,2,2021-09-02,07:00-09:00,False
7660,โควิด,โพธิ์สามต้น,วังเดิม,2021,9,2,2021-09-02,07:00-09:00,True
7661,โควิด,โพธิ์สามต้น,อิสรภาพ,2021,9,2,2021-09-02,16:00-19:00,False
7662,โควิด,โพธิ์สามต้น,วังเดิม,2021,9,2,2021-09-02,16:00-19:00,True
7663,โควิด,โพธิ์สามต้น,อิสรภาพ,2021,9,2,2021-09-02,09:00-16:00,False
7664,โควิด,โพธิ์สามต้น,วังเดิม,2021,9,2,2021-09-02,09:00-16:00,True
7679,โควิด,เตาปูน,ประชาราษฎร์สาย 2,2021,9,6,2021-09-06,07:00-09:00,False
7684,โควิด,เตาปูน,ประชาราษฎร์สาย 2,2021,9,6,2021-09-06,16:00-19:00,False
7689,โควิด,เตาปูน,ประชาราษฎร์สาย 2,2021,9,6,2021-09-06,09:00-16:00,False
7692,โควิด,บางโพ,ประชาราษฎร์สาย 1,2021,9,7,2021-09-07,07:00-09:00,False
7693,โควิด,บางโพ,ประชาราษฎร์สาย 2,2021,9,7,2021-09-07,07:00-09:00,False
7696,โควิด,บางโพ,ประชาราษฎร์สาย 1,2021,9,7,2021-09-07,16:00-19:00,False
7697,โควิด,บางโพ,ประชาราษฎร์สาย 2,2021,9,7,2021-09-07,16:00-19:00,False
7700,โควิด,บางโพ,ประชาราษฎร์สาย 1,2021,9,7,2021-09-07,09:00-16:00,False
7701,โควิด,บางโพ,ประชาราษฎร์สาย 2,2021,9,7,2021-09-07,09:00-16:00,False
7710,โควิด,สามเสน,สวรรคโลก,2021,9,10,2021-09-10,07:00-09:00,False
7711,โควิด,สามเสน,เทอดดำริ,2021,9,10,2021-09-10,07:00-09:00,True
7712,โควิด,สามเสน,นครไชยศรี,2021,9,10,2021-09-10,07:00-09:00,False
7713,โควิด,สามเสน,สวรรคโลก,2021,9,10,2021-09-10,16:00-19:00,False
7714,โควิด,สามเสน,เทอดดำริ,2021,9,10,2021-09-10,16:00-19:00,True
7715,โควิด,สามเสน,นครไชยศรี,2021,9,10,2021-09-10,16:00-19:00,False
7716,โควิด,สามเสน,สวรรคโลก,2021,9,10,2021-09-10,09:00-16:00,False
7717,โควิด,สามเสน,เทอดดำริ,2021,9,10,2021-09-10,09:00-16:00,True
7718,โควิด,สามเสน,นครไชยศรี,2021,9,10,2021-09-10,09:00-16:00,False
7719,โควิด,ท่าพระ,รัชดาภิเษก,2021,9,13,2021-09-13,07:00-09:00,True
7720,โควิด,ท่าพระ,จรัญสนิทวงศ์,2021,9,13,2021-09-13,07:00-09:00,True
7721,โควิด,ท่าพระ,เพชรเกษม,2021,9,13,2021-09-13,07:00-09:00,False
7724,โควิด,บางขุนนนท์,จรัญสนิทวงศ์,2021,9,13,2021-09-13,07:00-09:00,False
7725,โควิด,บางขุนนนท์,บางกอกน้อยตลิ่งชัน,2021,9,13,2021-09-13,07:00-09:00,False
7727,โควิด,ประชาชื่น,ประชาชื่น,2021,9,13,2021-09-13,07:00-09:00,False
7728,โควิด,ประชาชื่น,ประชาราษฎร์สาย 2,2021,9,13,2021-09-13,07:00-09:00,False
7729,โควิด,ท่าพระ,รัชดาภิเษก,2021,9,13,2021-09-13,16:00-19:00,True
7730,โควิด,ท่าพระ,จรัญสนิทวงศ์,2021,9,13,2021-09-13,16:00-19:00,True
7731,โควิด,ท่าพระ,เพชรเกษม,2021,9,13,2021-09-13,16:00-19:00,False
7734,โควิด,บางขุนนนท์,จรัญสนิทวงศ์,2021,9,13,2021-09-13,16:00-19:00,False
7735,โควิด,บางขุนนนท์,บางกอกน้อยตลิ่งชัน,2021,9,13,2021-09-13,16:00-19:00,False
7737,โควิด,ประชาชื่น,ประชาชื่น,2021,9,13,2021-09-13,16:00-19:00,False
7738,โควิด,ประชาชื่น,ประชาราษฎร์สาย 2,2021,9,13,2021-09-13,16:00-19:00,False
7739,โควิด,ท่าพระ,รัชดาภิเษก,2021,9,13,2021-09-13,09:00-16:00,True
7740,โควิด,ท่าพระ,จรัญสนิทวงศ์,2021,9,13,2021-09-13,09:00-16:00,True
7741,โควิด,ท่าพระ,เพชรเกษม,2021,9,13,2021-09-13,09:00-16:00,False
7744,โควิด,บางขุนนนท์,จรัญสนิทวงศ์,2021,9,13,2021-09-13,09:00-16:00,False
7745,โควิด,บางขุนนนท์,บางกอกน้อยตลิ่งชัน,2021,9,13,2021-09-13,09:00-16:00,False
7747,โควิด,ประชาชื่น,ประชาชื่น,2021,9,13,2021-09-13,09:00-16:00,False
7748,โควิด,ประชาชื่น,ประชาราษฎร์สาย 2,2021,9,13,2021-09-13,09:00-16:00,False
7749,โควิด,สะพานดำ,พระรามที่ 6,2021,9,15,2021-09-15,07:00-09:00,False
7750,โควิด,สะพานดำ,กำแพงเพชร 5,2021,9,15,2021-09-15,07:00-09:00,False
7751,โควิด,สะพานดำ,กำแพงเพชร,2021,9,15,2021-09-15,07:00-09:00,False
7752,โควิด,สะพานดำ,พระรามที่ 6,2021,9,15,2021-09-15,16:00-19:00,False
7753,โควิด,สะพานดำ,กำแพงเพชร 5,2021,9,15,2021-09-15,16:00-19:00,False
7754,โควิด,สะพานดำ,กำแพงเพชร,2021,9,15,2021-09-15,16:00-19:00,False
7755,โควิด,สะพานดำ,พระรามที่ 6,2021,9,15,2021-09-15,09:00-16:00,False
7756,โควิด,สะพานดำ,กำแพงเพชร 5,2021,9,15,2021-09-15,09:00-16:00,False
7757,โควิด,สะพานดำ,กำแพงเพชร,2021,9,15,2021-09-15,09:00-16:00,False
7758,โควิด,เสาวณี,สวรรคโลก,2021,9,17,2021-09-17,07:00-09:00,False
7759,โควิด,เสาวณี,ศรีอยุธยา,2021,9,17,2021-09-17,07:00-09:00,False
7760,โควิด,เสาวณี,สวรรคโลก,2021,9,17,2021-09-17,16:00-19:00,False
7761,โควิด,เสาวณี,ศรีอยุธยา,2021,9,17,2021-09-17,16:00-19:00,False
7762,โควิด,เสาวณี,สวรรคโลก,2021,9,17,2021-09-17,09:00-16:00,False
7763,โควิด,เสาวณี,ศรีอยุธยา,2021,9,17,2021-09-17,09:00-16:00,False
7764,โควิด,พงษ์เพชร,ประชาชื่น,2021,9,19,2021-09-19,07:00-09:00,False
7765,โควิด,พงษ์เพชร,งามวงศ์วาน,2021,9,19,2021-09-19,07:00-09:00,False
7766,โควิด,พงษ์เพชร,ประชาชื่น,2021,9,19,2021-09-19,16:00-19:00,False
7767,โควิด,พงษ์เพชร,งามวงศ์วาน,2021,9,19,2021-09-19,16:00-19:00,False
7768,โควิด,พงษ์เพชร,ประชาชื่น,2021,9,19,2021-09-19,09:00-16:00,False
7769,โควิด,พงษ์เพชร,งามวงศ์วาน,2021,9,19,2021-09-19,09:00-16:00,False
7774,โควิด,จันทน์ - นราธิวาส,จันทน์,2021,9,20,2021-09-20,07:00-09:00,False
7779,โควิด,จันทน์ - นราธิวาส,จันทน์,2021,9,20,2021-09-20,16:00-19:00,False
7784,โควิด,จันทน์ - นราธิวาส,จันทน์,2021,9,20,2021-09-20,09:00-16:00,False
7793,โควิด,วัดประชา,พระรามที่ 5,2021,9,22,2021-09-22,07:00-09:00,True
7798,โควิด,บางพลัด,จรัญสนิทวงศ์,2021,9,22,2021-09-22,07:00-09:00,False
7799,โควิด,บางพลัด,สิรินธร,2021,9,22,2021-09-22,07:00-09:00,False
7800,โควิด,บางพลัด,ราชวิถี,2021,9,22,2021-09-22,07:00-09:00,False
7805,โควิด,วัดประชา,พระรามที่ 5,2021,9,22,2021-09-22,16:00-19:00,True
7810,โควิด,บางพลัด,จรัญสนิทวงศ์,2021,9,22,2021-09-22,16:00-19:00,False
7811,โควิด,บางพลัด,สิรินธร,2021,9,22,2021-09-22,16:00-19:00,False
7812,โควิด,บางพลัด,ราชวิถี,2021,9,22,2021-09-22,16:00-19:00,False
7817,โควิด,วัดประชา,พระรามที่ 5,2021,9,22,2021-09-22,09:00-16:00,True
7822,โควิด,บางพลัด,จรัญสนิทวงศ์,2021,9,22,2021-09-22,09:00-16:00,False
7823,โควิด,บางพลัด,สิรินธร,2021,9,22,2021-09-22,09:00-16:00,False
7824,โควิด,บางพลัด,ราชวิถี,2021,9,22,2021-09-22,09:00-16:00,False
7827,โควิด,สุวินทวงศ์ - ราษฎร์อุทิศ,ราษฎร์อุทิศ,2021,9,23,2021-09-23,07:00-09:00,False
7828,โควิด,สุวินทวงศ์ - ราษฎร์อุทิศ,สุวินทวงศ์,2021,9,23,2021-09-23,07:00-09:00,False
7829,โควิด,สุวินทวงศ์ - ราษฎร์อุทิศ,ราษฎร์อุทิศ,2021,9,23,2021-09-23,16:00-19:00,False
7830,โควิด,สุวินทวงศ์ - ราษฎร์อุทิศ,สุวินทวงศ์,2021,9,23,2021-09-23,16:00-19:00,False
7831,โควิด,สุวินทวงศ์ - ราษฎร์อุทิศ,ราษฎร์อุทิศ,2021,9,23,2021-09-23,09:00-16:00,False
7832,โควิด,สุวินทวงศ์ - ราษฎร์อุทิศ,สุวินทวงศ์,2021,9,23,2021-09-23,09:00-16:00,False
7843,โควิด,วงศ์สว่าง,วงศ์สว่าง,2021,10,4,2021-10-04,07:00-09:00,False
7844,โควิด,วงศ์สว่าง,รัชดาภิเษก,2021,10,4,2021-10-04,07:00-09:00,False
7846,โควิด,วงศ์สว่าง,วงศ์สว่าง,2021,10,4,2021-10-04,16:00-19:00,False
7847,โควิด,วงศ์สว่าง,รัชดาภิเษก,2021,10,4,2021-10-04,16:00-19:00,True
7849,โควิด,วงศ์สว่าง,วงศ์สว่าง,2021,10,4,2021-10-04,09:00-16:00,False
7850,โควิด,วงศ์สว่าง,รัชดาภิเษก,2021,10,4,2021-10-04,09:00-16:00,False
7860,โควิด,ตากสิน,สมเด็จพระเจ้าตากสิน,2021,10,6,2021-10-06,07:00-09:00,False
7861,โควิด,ตากสิน,ราชพฤกษ์,2021,10,6,2021-10-06,07:00-09:00,False
7862,โควิด,ตากสิน,กรุงธนบุรี,2021,10,6,2021-10-06,07:00-09:00,False
7863,โควิด,หลักสี่,กำแพงเพชร 6,2021,10,6,2021-10-06,07:00-09:00,True
7864,โควิด,หลักสี่,แจ้งวัฒนะ,2021,10,6,2021-10-06,07:00-09:00,False
7865,โควิด,ตากสิน,สมเด็จพระเจ้าตากสิน,2021,10,6,2021-10-06,16:00-19:00,False
7866,โควิด,ตากสิน,ราชพฤกษ์,2021,10,6,2021-10-06,16:00-19:00,False
7867,โควิด,ตากสิน,กรุงธนบุรี,2021,10,6,2021-10-06,16:00-19:00,False
7868,โควิด,หลักสี่,กำแพงเพชร 6,2021,10,6,2021-10-06,16:00-19:00,True
7869,โควิด,หลักสี่,แจ้งวัฒนะ,2021,10,6,2021-10-06,16:00-19:00,True
7870,โควิด,ตากสิน,สมเด็จพระเจ้าตากสิน,2021,10,6,2021-10-06,09:00-16:00,False
7871,โควิด,ตากสิน,ราชพฤกษ์,2021,10,6,2021-10-06,09:00-16:00,False
7872,โควิด,ตากสิน,กรุงธนบุรี,2021,10,6,2021-10-06,09:00-16:00,False
7873,โควิด,หลักสี่,กำแพงเพชร 6,2021,10,6,2021-10-06,09:00-16:00,True
7874,โควิด,หลักสี่,แจ้งวัฒนะ,2021,10,6,2021-10-06,09:00-16:00,True
7882,โควิด,เศรษฐศิริ,เศรษฐศิริ,2021,10,8,2021-10-08,07:00-09:00,True
7885,โควิด,เศรษฐศิริ,เศรษฐศิริ,2021,10,8,2021-10-08,16:00-19:00,True
7888,โควิด,เศรษฐศิริ,เศรษฐศิริ,2021,10,8,2021-10-08,09:00-16:00,True
7906,โควิด,สะพานควาย,พหลโยธิน,2021,10,14,2021-10-14,07:00-09:00,False
7907,โควิด,สะพานควาย,ประดิพัทธ์,2021,10,14,2021-10-14,07:00-09:00,False
7908,โควิด,สะพานควาย,สุทธิสาร,2021,10,14,2021-10-14,07:00-09:00,False
7913,โควิด,สะพานควาย,พหลโยธิน,2021,10,14,2021-10-14,16:00-19:00,False
7914,โควิด,สะพานควาย,ประดิพัทธ์,2021,10,14,2021-10-14,16:00-19:00,False
7915,โควิด,สะพานควาย,สุทธิสาร,2021,10,14,2021-10-14,16:00-19:00,False
7920,โควิด,สะพานควาย,พหลโยธิน,2021,10,14,2021-10-14,09:00-16:00,False
7921,โควิด,สะพานควาย,ประดิพัทธ์,2021,10,14,2021-10-14,09:00-16:00,False
7922,โควิด,สะพานควาย,สุทธิสาร,2021,10,14,2021-10-14,09:00-16:00,False
7931,โควิด,บางกระบือ,สามเสน,2021,10,20,2021-10-20,07:00-09:00,False
7932,โควิด,บางกระบือ,เขียวไข่กา,2021,10,20,2021-10-20,07:00-09:00,False
7933,โควิด,บางกระบือ,อำนวยสงคราม,2021,10,20,2021-10-20,07:00-09:00,False
7937,โควิด,สวนรื่นฤดี,สุโขทัย,2021,10,20,2021-10-20,07:00-09:00,False
7938,โควิด,สวนรื่นฤดี,สุโขทัย,2021,10,20,2021-10-20,09:00-16:00,False
7939,โควิด,สวนรื่นฤดี,สุโขทัย,2021,10,20,2021-10-20,16:00-19:00,False
7945,โควิด,บางกระบือ,สามเสน,2021,10,20,2021-10-20,16:00-19:00,False
7946,โควิด,บางกระบือ,เขียวไข่กา,2021,10,20,2021-10-20,16:00-19:00,False
7947,โควิด,บางกระบือ,อำนวยสงคราม,2021,10,20,2021-10-20,16:00-19:00,False
7953,โควิด,บางกระบือ,สามเสน,2021,10,20,2021-10-20,09:00-16:00,False
7954,โควิด,บางกระบือ,เขียวไข่กา,2021,10,20,2021-10-20,09:00-16:00,False
7955,โควิด,บางกระบือ,อำนวยสงคราม,2021,10,20,2021-10-20,09:00-16:00,False
7977,โควิด,เพชรเกษม - ราชพฤกษ์,ราชพฤกษ์,2021,10,26,2021-10-26,07:00-09:00,False
7978,โควิด,ประดิพัทธ์,พระรามที่ 6,2021,10,26,2021-10-26,07:00-09:00,False
7979,โควิด,เพชรเกษม - ราชพฤกษ์,เพชรเกษม,2021,10,26,2021-10-26,07:00-09:00,False
7980,โควิด,เพชรเกษม - ราชพฤกษ์,เพชรเกษม,2021,10,26,2021-10-26,09:00-16:00,False
7981,โควิด,เพชรเกษม - ราชพฤกษ์,เพชรเกษม,2021,10,26,2021-10-26,16:00-19:00,False
7982,โควิด,ประดิพัทธ์,ประดิพัทธ์,2021,10,26,2021-10-26,07:00-09:00,False
7983,โควิด,ประดิพัทธ์,ประดิพัทธ์,2021,10,26,2021-10-26,09:00-16:00,False
7984,โควิด,ประดิพัทธ์,ประดิพัทธ์,2021,10,26,2021-10-26,16:00-19:00,False
7985,โควิด,เพชรเกษม - ราชพฤกษ์,ราชพฤกษ์,2021,10,26,2021-10-26,16:00-19:00,False
7986,โควิด,ประดิพัทธ์,พระรามที่ 6,2021,10,26,2021-10-26,16:00-19:00,False
7987,โควิด,เพชรเกษม - ราชพฤกษ์,ราชพฤกษ์,2021,10,26,2021-10-26,09:00-16:00,False
7988,โควิด,ประดิพัทธ์,พระรามที่ 6,2021,10,26,2021-10-26,09:00-16:00,False
7993,โควิด,ราชวงศ์,ราชวงศ์,2021,10,27,2021-10-27,07:00-09:00,False
7994,โควิด,ราชวงศ์,เยาวราช,2021,10,27,2021-10-27,07:00-09:00,False
8006,โควิด,ราชวงศ์,ราชวงศ์,2021,10,27,2021-10-27,16:00-19:00,False
8007,โควิด,ราชวงศ์,เยาวราช,2021,10,27,2021-10-27,16:00-19:00,False
8016,โควิด,ราชวงศ์,ราชวงศ์,2021,10,27,2021-10-27,09:00-16:00,False
8017,โควิด,ราชวงศ์,เยาวราช,2021,10,27,2021-10-27,09:00-16:00,False
8118,โควิด,หมอมี,พระรามที่ 4,2021,11,9,2021-11-09,07:00-09:00,False
8119,โควิด,หมอมี,เจริญกรุง,2021,11,9,2021-11-09,07:00-09:00,False
8121,โควิด,หมอมี,พระรามที่ 4,2021,11,9,2021-11-09,16:00-19:00,False
8122,โควิด,หมอมี,เจริญกรุง,2021,11,9,2021-11-09,16:00-19:00,False
8124,โควิด,หมอมี,พระรามที่ 4,2021,11,9,2021-11-09,09:00-16:00,False
8125,โควิด,หมอมี,เจริญกรุง,2021,11,9,2021-11-09,09:00-16:00,False
8127,โควิด,คลองประปา,ประชาชื่น,2021,11,10,2021-11-10,07:00-09:00,False
8128,โควิด,คลองประปา,เลียบคลองประปา,2021,11,10,2021-11-10,07:00-09:00,False
8129,โควิด,คลองประปา,แจ้งวัฒนะ,2021,11,10,2021-11-10,07:00-09:00,False
8130,โควิด,คลองประปา,ประชาชื่น,2021,11,10,2021-11-10,16:00-19:00,False
8131,โควิด,คลองประปา,เลียบคลองประปา,2021,11,10,2021-11-10,16:00-19:00,False
8132,โควิด,คลองประปา,แจ้งวัฒนะ,2021,11,10,2021-11-10,16:00-19:00,False
8133,โควิด,คลองประปา,ประชาชื่น,2021,11,10,2021-11-10,09:00-16:00,False
8134,โควิด,คลองประปา,เลียบคลองประปา,2021,11,10,2021-11-10,09:00-16:00,False
8135,โควิด,คลองประปา,แจ้งวัฒนะ,2021,11,10,2021-11-10,09:00-16:00,False
8136,โควิด,วังแดง,ราชสีมา,2021,11,11,2021-11-11,07:00-09:00,False
8137,โควิด,วังแดง,พิษณุโลก,2021,11,11,2021-11-11,07:00-09:00,False
8138,โควิด,วังแดง,ราชสีมา,2021,11,11,2021-11-11,16:00-19:00,False
8139,โควิด,วังแดง,พิษณุโลก,2021,11,11,2021-11-11,16:00-19:00,False
8140,โควิด,วังแดง,ราชสีมา,2021,11,11,2021-11-11,09:00-16:00,False
8141,โควิด,วังแดง,พิษณุโลก,2021,11,11,2021-11-11,09:00-16:00,False
8142,โควิด,สีลม - นราธิวาส,นราธิวาสราชนครินทร์,2021,11,12,2021-11-12,07:00-09:00,False
8143,โควิด,สีลม - นราธิวาส,สีลม,2021,11,12,2021-11-12,07:00-09:00,False
8144,โควิด,สีลม - นราธิวาส,นราธิวาสราชนครินทร์,2021,11,12,2021-11-12,16:00-19:00,False
8145,โควิด,สีลม - นราธิวาส,สีลม,2021,11,12,2021-11-12,16:00-19:00,False
8146,โควิด,สีลม - นราธิวาส,นราธิวาสราชนครินทร์,2021,11,12,2021-11-12,09:00-16:00,False
8147,โควิด,สีลม - นราธิวาส,สีลม,2021,11,12,2021-11-12,09:00-16:00,False
8148,โควิด,พระราม 9 ใหม่,เพชรพระราม,2021,11,15,2021-11-15,07:00-09:00,False
8150,โควิด,พระราม 9 ใหม่,เพชรพระราม,2021,11,15,2021-11-15,16:00-19:00,False
8152,โควิด,พระราม 9 ใหม่,เพชรพระราม,2021,11,15,2021-11-15,09:00-16:00,False
8181,โควิด,วิทยุ,สาทร,2021,11,19,2021-11-19,07:00-09:00,False
8182,โควิด,วิทยุ,วิทยุ,2021,11,19,2021-11-19,07:00-09:00,False
8183,โควิด,วิทยุ,พระรามที่ 4,2021,11,19,2021-11-19,07:00-09:00,False
8184,โควิด,วิทยุ,สาทร,2021,11,19,2021-11-19,16:00-19:00,False
8185,โควิด,วิทยุ,วิทยุ,2021,11,19,2021-11-19,16:00-19:00,False
8186,โควิด,วิทยุ,พระรามที่ 4,2021,11,19,2021-11-19,16:00-19:00,False
8187,โควิด,วิทยุ,สาทร,2021,11,19,2021-11-19,09:00-16:00,False
8188,โควิด,วิทยุ,วิทยุ,2021,11,19,2021-11-19,09:00-16:00,False
8189,โควิด,วิทยุ,พระรามที่ 4,2021,11,19,2021-11-19,09:00-16:00,False
8190,โควิด,วัดสะพานสูง,เตชะวณิช,2021,11,22,2021-11-22,07:00-09:00,False
8191,โควิด,วัดสะพานสูง,พระรามที่ 6,2021,11,22,2021-11-22,07:00-09:00,False
8194,โควิด,วัดสะพานสูง,เตชะวณิช,2021,11,22,2021-11-22,16:00-19:00,False
8195,โควิด,วัดสะพานสูง,พระรามที่ 6,2021,11,22,2021-11-22,16:00-19:00,False
8198,โควิด,วัดสะพานสูง,เตชะวณิช,2021,11,22,2021-11-22,09:00-16:00,False
8199,โควิด,วัดสะพานสูง,พระรามที่ 6,2021,11,22,2021-11-22,09:00-16:00,False
8202,โควิด,แบริ่ง,สุขุมวิท,2021,11,23,2021-11-23,07:00-09:00,False
8204,โควิด,แบริ่ง,สุขุมวิท,2021,11,23,2021-11-23,16:00-19:00,False
8206,โควิด,แบริ่ง,สุขุมวิท,2021,11,23,2021-11-23,09:00-16:00,False
8214,โควิด,สามแยกบางกะปิ,ศรีนครินทร์,2021,11,25,2021-11-25,07:00-09:00,False
8215,โควิด,สามแยกบางกะปิ,ลาดพร้าว,2021,11,25,2021-11-25,07:00-09:00,False
8216,โควิด,สามแยกบางกะปิ,ศรีนครินทร์,2021,11,25,2021-11-25,16:00-19:00,False
8217,โควิด,สามแยกบางกะปิ,ลาดพร้าว,2021,11,25,2021-11-25,16:00-19:00,False
8218,โควิด,สามแยกบางกะปิ,ศรีนครินทร์,2021,11,25,2021-11-25,09:00-16:00,False
8219,โควิด,สามแยกบางกะปิ,ลาดพร้าว,2021,11,25,2021-11-25,09:00-16:00,False
8220,โควิด,พงษ์พระราม,จารุเมือง,2021,11,26,2021-11-26,07:00-09:00,False
8221,โควิด,พงษ์พระราม,พระรามที่ 1,2021,11,26,2021-11-26,07:00-09:00,False
8222,โควิด,พงษ์พระราม,จารุเมือง,2021,11,26,2021-11-26,16:00-19:00,False
8223,โควิด,พงษ์พระราม,พระรามที่ 1,2021,11,26,2021-11-26,16:00-19:00,False
8224,โควิด,พงษ์พระราม,จารุเมือง,2021,11,26,2021-11-26,09:00-16:00,False
8225,โควิด,พงษ์พระราม,พระรามที่ 1,2021,11,26,2021-11-26,09:00-16:00,False
8226,โควิด,ด่วนสาธุ,สาธุประดิษฐ์,2021,11,29,2021-11-29,07:00-09:00,True
8227,โควิด,ด่วนสาธุ,รัชดาภิเษก,2021,11,29,2021-11-29,07:00-09:00,False
8228,โควิด,ด่วนสาธุ,สาธุประดิษฐ์,2021,11,29,2021-11-29,16:00-19:00,True
8229,โควิด,ด่วนสาธุ,รัชดาภิเษก,2021,11,29,2021-11-29,16:00-19:00,False
8230,โควิด,ด่วนสาธุ,สาธุประดิษฐ์,2021,11,29,2021-11-29,09:00-16:00,True
8231,โควิด,ด่วนสาธุ,รัชดาภิเษก,2021,11,29,2021-11-29,09:00-16:00,False
8232,โควิด,พหลโยธิน - เทพรักษ์,พหลโยธิน,2021,11,30,2021-11-30,07:00-09:00,False
8233,โควิด,พหลโยธิน - เทพรักษ์,เทพรักษ์,2021,11,30,2021-11-30,07:00-09:00,True
8235,โควิด,พหลโยธิน - เทพรักษ์,พหลโยธิน,2021,11,30,2021-11-30,16:00-19:00,False
8236,โควิด,พหลโยธิน - เทพรักษ์,เทพรักษ์,2021,11,30,2021-11-30,16:00-19:00,False
8238,โควิด,พหลโยธิน - เทพรักษ์,พหลโยธิน,2021,11,30,2021-11-30,09:00-16:00,False
8239,โควิด,พหลโยธิน - เทพรักษ์,เทพรักษ์,2021,11,30,2021-11-30,09:00-16:00,True
8253,โควิด,เจริญผล,บรรทัดทอง,2021,12,2,2021-12-02,07:00-09:00,False
8254,โควิด,เจริญผล,พระรามที่ 1,2021,12,2,2021-12-02,07:00-09:00,True
8255,โควิด,เจริญผล,บรรทัดทอง,2021,12,2,2021-12-02,16:00-19:00,False
8256,โควิด,เจริญผล,พระรามที่ 1,2021,12,2,2021-12-02,16:00-19:00,True
8257,โควิด,เจริญผล,บรรทัดทอง,2021,12,2,2021-12-02,09:00-16:00,False
8258,โควิด,เจริญผล,พระรามที่ 1,2021,12,2,2021-12-02,09:00-16:00,False
8261,โควิด,เพชรเกษม 69,เพชรเกษม,2021,12,3,2021-12-03,07:00-09:00,True
8264,โควิด,เพชรเกษม 69,เพชรเกษม,2021,12,3,2021-12-03,16:00-19:00,True
8267,โควิด,เพชรเกษม 69,เพชรเกษม,2021,12,3,2021-12-03,09:00-16:00,False
8283,โควิด,พญาไท,พญาไท,2021,12,9,2021-12-09,07:00-09:00,False
8284,โควิด,พญาไท,ศรีอยุธยา,2021,12,9,2021-12-09,07:00-09:00,False
8285,โควิด,พญาไท,พญาไท,2021,12,9,2021-12-09,16:00-19:00,False
8286,โควิด,พญาไท,ศรีอยุธยา,2021,12,9,2021-12-09,16:00-19:00,False
8287,โควิด,พญาไท,พญาไท,2021,12,9,2021-12-09,09:00-16:00,False
8288,โควิด,พญาไท,ศรีอยุธยา,2021,12,9,2021-12-09,09:00-16:00,False
8289,โควิด,พระราม 9,รัชดาภิเษก,2021,12,13,2021-12-13,07:00-09:00,False
8290,โควิด,พระราม 9,อโศกดินแดง,2021,12,13,2021-12-13,07:00-09:00,False
8291,โควิด,พระราม 9,พระราม 9,2021,12,13,2021-12-13,07:00-09:00,False
8292,โควิด,พระราม 9,รัชดาภิเษก,2021,12,13,2021-12-13,16:00-19:00,False
8293,โควิด,พระราม 9,อโศกดินแดง,2021,12,13,2021-12-13,16:00-19:00,False
8294,โควิด,พระราม 9,พระราม 9,2021,12,13,2021-12-13,16:00-19:00,False
8295,โควิด,พระราม 9,รัชดาภิเษก,2021,12,13,2021-12-13,09:00-16:00,False
8296,โควิด,พระราม 9,อโศกดินแดง,2021,12,13,2021-12-13,09:00-16:00,False
8297,โควิด,พระราม 9,พระราม 9,2021,12,13,2021-12-13,09:00-16:00,False
8299,โควิด,นวมินทร์ - ประเสริฐมนูกิจ,ประเสริฐมนูกิจ,2021,12,14,2021-12-14,07:00-09:00,False
8301,โควิด,นวมินทร์ - ประเสริฐมนูกิจ,ประเสริฐมนูกิจ,2021,12,14,2021-12-14,16:00-19:00,False
8303,โควิด,นวมินทร์ - ประเสริฐมนูกิจ,ประเสริฐมนูกิจ,2021,12,14,2021-12-14,09:00-16:00,False
8305,โควิด,หลังสวน,หลังสวน,2021,12,15,2021-12-15,07:00-09:00,False
8306,โควิด,หลังสวน,สารสิน,2021,12,15,2021-12-15,07:00-09:00,False
8308,โควิด,หลังสวน,หลังสวน,2021,12,15,2021-12-15,16:00-19:00,False
8309,โควิด,หลังสวน,สารสิน,2021,12,15,2021-12-15,16:00-19:00,False
8311,โควิด,หลังสวน,หลังสวน,2021,12,15,2021-12-15,09:00-16:00,False
8312,โควิด,หลังสวน,สารสิน,2021,12,15,2021-12-15,09:00-16:00,False
8319,โควิด,ราชเทวี,พญาไท,2021,12,17,2021-12-17,07:00-09:00,False
8320,โควิด,ราชเทวี,เพชรบุรี,2021,12,17,2021-12-17,07:00-09:00,False
8321,โควิด,ราชเทวี,พญาไท,2021,12,17,2021-12-17,16:00-19:00,False
8322,โควิด,ราชเทวี,เพชรบุรี,2021,12,17,2021-12-17,16:00-19:00,False
8323,โควิด,ราชเทวี,พญาไท,2021,12,17,2021-12-17,09:00-16:00,False
8324,โควิด,ราชเทวี,เพชรบุรี,2021,12,17,2021-12-17,09:00-16:00,False
8349,โควิด,ห้วยขวาง,รัชดาภิเษก,2021,12,22,2021-12-22,07:00-09:00,False
8350,โควิด,ห้วยขวาง,ประชาสงเคราะห์,2021,12,22,2021-12-22,07:00-09:00,False
8351,โควิด,ห้วยขวาง,รัชดาภิเษก,2021,12,22,2021-12-22,16:00-19:00,False
8352,โควิด,ห้วยขวาง,ประชาสงเคราะห์,2021,12,22,2021-12-22,16:00-19:00,False
8353,โควิด,ห้วยขวาง,รัชดาภิเษก,2021,12,22,2021-12-22,09:00-16:00,False
8354,โควิด,ห้วยขวาง,ประชาสงเคราะห์,2021,12,22,2021-12-22,09:00-16:00,False
8370,โควิด,นิด้า,ศรีบูรพา,2021,12,27,2021-12-27,07:00-09:00,False
8371,โควิด,นิด้า,เสรีไทย,2021,12,27,2021-12-27,07:00-09:00,False
8372,โควิด,นิด้า,ศรีบูรพา,2021,12,27,2021-12-27,16:00-19:00,False
8373,โควิด,นิด้า,เสรีไทย,2021,12,27,2021-12-27,16:00-19:00,False
8374,โควิด,นิด้า,ศรีบูรพา,2021,12,27,2021-12-27,09:00-16:00,False
8375,โควิด,นิด้า,เสรีไทย,2021,12,27,2021-12-27,09:00-16:00,False
8376,โควิด,มิตรไมตรี - มิตรไมตรี 2,มิตรไมตรี,2021,12,29,2021-12-29,07:00-09:00,False
8377,โควิด,มิตรไมตรี - มิตรไมตรี 2,มิตรไมตรี 2,2021,12,29,2021-12-29,07:00-09:00,False
8378,โควิด,มิตรไมตรี - มิตรไมตรี 2,มิตรไมตรี,2021,12,29,2021-12-29,16:00-19:00,False
8379,โควิด,มิตรไมตรี - มิตรไมตรี 2,มิตรไมตรี 2,2021,12,29,2021-12-29,16:00-19:00,False
8380,โควิด,มิตรไมตรี - มิตรไมตรี 2,มิตรไมตรี,2021,12,29,2021-12-29,09:00-16:00,False
8381,โควิด,มิตรไมตรี - มิตรไมตรี 2,มิตรไมตรี 2,2021,12,29,2021-12-29,09:00-16:00,False
8382,โควิด,ศรีอยุธยา,พระรามที่ 6,2021,12,30,2021-12-30,07:00-09:00,False
8383,โควิด,ศรีอยุธยา,ศรีอยุธยา,2021,12,30,2021-12-30,07:00-09:00,False
8384,โควิด,ศรีอยุธยา,พระรามที่ 6,2021,12,30,2021-12-30,16:00-19:00,False
8385,โควิด,ศรีอยุธยา,ศรีอยุธยา,2021,12,30,2021-12-30,16:00-19:00,False
8386,โควิด,ศรีอยุธยา,พระรามที่ 6,2021,12,30,2021-12-30,09:00-16:00,False
8387,โควิด,ศรีอยุธยา,ศรีอยุธยา,2021,12,30,2021-12-30,09:00-16:00,False
8391,หลังโควิด,จอมทอง,วุฒากาศ,2022,1,4,2022-01-04,07:00-09:00,True
8392,หลังโควิด,จอมทอง,วุฒากาศ,2022,1,4,2022-01-04,09:00-16:00,True
8393,หลังโควิด,จอมทอง,วุฒากาศ,2022,1,4,2022-01-04,16:00-19:00,True
8394,หลังโควิด,จอมทอง,จอมทอง,2022,1,4,2022-01-04,07:00-09:00,True
8395,หลังโควิด,จอมทอง,จอมทอง,2022,1,4,2022-01-04,09:00-16:00,True
8396,หลังโควิด,จอมทอง,จอมทอง,2022,1,4,2022-01-04,16:00-19:00,True
8403,หลังโควิด,นานา,สุขุมวิท,2022,1,5,2022-01-05,07:00-09:00,False
8404,หลังโควิด,นานา,สุขุมวิท,2022,1,5,2022-01-05,09:00-16:00,False
8405,หลังโควิด,นานา,สุขุมวิท,2022,1,5,2022-01-05,16:00-19:00,False
8415,หลังโควิด,สาทร - นราธิวาส,สาทร,2022,1,7,2022-01-07,07:00-09:00,False
8416,หลังโควิด,สาทร - นราธิวาส,สาทร,2022,1,7,2022-01-07,09:00-16:00,False
8417,หลังโควิด,สาทร - นราธิวาส,สาทร,2022,1,7,2022-01-07,16:00-19:00,False
8529,หลังโควิด,มไหสวรรย์,มไหสวรรย์,2022,1,19,2022-01-19,07:00-09:00,False
8530,หลังโควิด,มไหสวรรย์,มไหสวรรย์,2022,1,19,2022-01-19,09:00-16:00,False
8531,หลังโควิด,มไหสวรรย์,มไหสวรรย์,2022,1,19,2022-01-19,16:00-19:00,False
8571,หลังโควิด,ลาดปลาเค้า,ลาดปลาเค้า,2022,1,26,2022-01-26,07:00-09:00,False
8572,หลังโควิด,ลาดปลาเค้า,ลาดปลาเค้า,2022,1,26,2022-01-26,09:00-16:00,False
8573,หลังโควิด,ลาดปลาเค้า,ลาดปลาเค้า,2022,1,26,2022-01-26,16:00-19:00,False
8574,หลังโควิด,ลาดปลาเค้า,รามอินทรา,2022,1,26,2022-01-26,07:00-09:00,False
8575,หลังโควิด,ลาดปลาเค้า,รามอินทรา,2022,1,26,2022-01-26,09:00-16:00,False
8576,หลังโควิด,ลาดปลาเค้า,รามอินทรา,2022,1,26,2022-01-26,16:00-19:00,False
8625,หลังโควิด,เทียมร่วมมิตร,เทียมร่วมมิตร,2022,2,2,2022-02-02,07:00-09:00,True
8626,หลังโควิด,เทียมร่วมมิตร,เทียมร่วมมิตร,2022,2,2,2022-02-02,09:00-16:00,True
8627,หลังโควิด,เทียมร่วมมิตร,เทียมร่วมมิตร,2022,2,2,2022-02-02,16:00-19:00,True
8649,หลังโควิด,เจริญราษฎร์,เจริญราษฎร์,2022,2,7,2022-02-07,07:00-09:00,True
8650,หลังโควิด,เจริญราษฎร์,เจริญราษฎร์,2022,2,7,2022-02-07,09:00-16:00,True
8651,หลังโควิด,เจริญราษฎร์,เจริญราษฎร์,2022,2,7,2022-02-07,16:00-19:00,False
8661,หลังโควิด,เจ้าคุณทหาร - ฉลองกรุง,ฉลองกรุง,2022,2,9,2022-02-09,07:00-09:00,True
8662,หลังโควิด,เจ้าคุณทหาร - ฉลองกรุง,ฉลองกรุง,2022,2,9,2022-02-09,09:00-16:00,True
8663,หลังโควิด,เจ้าคุณทหาร - ฉลองกรุง,ฉลองกรุง,2022,2,9,2022-02-09,16:00-19:00,True
8664,หลังโควิด,เจ้าคุณทหาร - ฉลองกรุง,เจ้าคุณทหาร,2022,2,9,2022-02-09,07:00-09:00,True
8665,หลังโควิด,เจ้าคุณทหาร - ฉลองกรุง,เจ้าคุณทหาร,2022,2,9,2022-02-09,09:00-16:00,True
8666,หลังโควิด,เจ้าคุณทหาร - ฉลองกรุง,เจ้าคุณทหาร,2022,2,9,2022-02-09,16:00-19:00,True
8673,หลังโควิด,วัดดวงแข,จารุเมือง,2022,2,11,2022-02-11,07:00-09:00,True
8674,หลังโควิด,วัดดวงแข,จารุเมือง,2022,2,11,2022-02-11,09:00-16:00,True
8675,หลังโควิด,วัดดวงแข,จารุเมือง,2022,2,11,2022-02-11,16:00-19:00,True
8676,หลังโควิด,วัดดวงแข,เจริญเมือง,2022,2,11,2022-02-11,07:00-09:00,True
8677,หลังโควิด,วัดดวงแข,เจริญเมือง,2022,2,11,2022-02-11,09:00-16:00,True
8678,หลังโควิด,วัดดวงแข,เจริญเมือง,2022,2,11,2022-02-11,16:00-19:00,True
8706,หลังโควิด,อังรีดูนังต์,สุรวงศ์,2022,2,18,2022-02-18,07:00-09:00,True
8707,หลังโควิด,อังรีดูนังต์,สุรวงศ์,2022,2,18,2022-02-18,09:00-16:00,True
8708,หลังโควิด,อังรีดูนังต์,สุรวงศ์,2022,2,18,2022-02-18,16:00-19:00,True
8709,หลังโควิด,อังรีดูนังต์,อังรีดูนังต์,2022,2,18,2022-02-18,07:00-09:00,False
8710,หลังโควิด,อังรีดูนังต์,อังรีดูนังต์,2022,2,18,2022-02-18,09:00-16:00,False
8711,หลังโควิด,อังรีดูนังต์,อังรีดูนังต์,2022,2,18,2022-02-18,16:00-19:00,False
8730,หลังโควิด,บรมราชชนนี,บรมราชชนนี,2022,2,22,2022-02-22,07:00-09:00,False
8731,หลังโควิด,บรมราชชนนี,บรมราชชนนี,2022,2,22,2022-02-22,09:00-16:00,False
8732,หลังโควิด,บรมราชชนนี,บรมราชชนนี,2022,2,22,2022-02-22,16:00-19:00,True
8745,หลังโควิด,วัดเทพลีลา,รามคำแหง,2022,2,23,2022-02-23,07:00-09:00,False
8746,หลังโควิด,วัดเทพลีลา,รามคำแหง,2022,2,23,2022-02-23,09:00-16:00,False
8747,หลังโควิด,วัดเทพลีลา,รามคำแหง,2022,2,23,2022-02-23,16:00-19:00,False
8760,หลังโควิด,บางแค,บางแค,2022,2,28,2022-02-28,07:00-09:00,True
8761,หลังโควิด,บางแค,บางแค,2022,2,28,2022-02-28,09:00-16:00,True
8762,หลังโควิด,บางแค,บางแค,2022,2,28,2022-02-28,16:00-19:00,True
8763,หลังโควิด,บางแค,เพชรเกษม,2022,2,28,2022-02-28,07:00-09:00,False
8764,หลังโควิด,บางแค,เพชรเกษม,2022,2,28,2022-02-28,09:00-16:00,False
8765,หลังโควิด,บางแค,เพชรเกษม,2022,2,28,2022-02-28,16:00-19:00,False
8766,หลังโควิด,แปลงนาม,แปลงนาม,2022,3,1,2022-03-01,07:00-09:00,True
8767,หลังโควิด,แปลงนาม,แปลงนาม,2022,3,1,2022-03-01,09:00-16:00,True
8768,หลังโควิด,แปลงนาม,แปลงนาม,2022,3,1,2022-03-01,16:00-19:00,True
8775,หลังโควิด,เสือป่า,เสือป่า,2022,3,2,2022-03-02,07:00-09:00,True
8776,หลังโควิด,เสือป่า,เสือป่า,2022,3,2,2022-03-02,09:00-16:00,True
8777,หลังโควิด,เสือป่า,เสือป่า,2022,3,2,2022-03-02,16:00-19:00,True
8784,หลังโควิด,สุโขทัย,สุโขทัย,2022,3,3,2022-03-03,07:00-09:00,False
8785,หลังโควิด,สุโขทัย,สุโขทัย,2022,3,3,2022-03-03,09:00-16:00,False
8786,หลังโควิด,สุโขทัย,สุโขทัย,2022,3,3,2022-03-03,16:00-19:00,False
8793,หลังโควิด,ท่าดินแดง,ท่าดินแดง,2022,3,7,2022-03-07,07:00-09:00,False
8794,หลังโควิด,ท่าดินแดง,ท่าดินแดง,2022,3,7,2022-03-07,09:00-16:00,False
8795,หลังโควิด,ท่าดินแดง,ท่าดินแดง,2022,3,7,2022-03-07,16:00-19:00,False
8805,หลังโควิด,ราชประสงค์,ราชดำริ,2022,3,9,2022-03-09,07:00-09:00,False
8806,หลังโควิด,ราชประสงค์,ราชดำริ,2022,3,9,2022-03-09,09:00-16:00,False
8807,หลังโควิด,ราชประสงค์,ราชดำริ,2022,3,9,2022-03-09,16:00-19:00,False
8808,หลังโควิด,ราชประสงค์,พระรามที่ 1,2022,3,9,2022-03-09,07:00-09:00,True
8809,หลังโควิด,ราชประสงค์,พระรามที่ 1,2022,3,9,2022-03-09,09:00-16:00,False
8810,หลังโควิด,ราชประสงค์,พระรามที่ 1,2022,3,9,2022-03-09,16:00-19:00,True
8811,หลังโควิด,ราชประสงค์,เพลินจิต,2022,3,9,2022-03-09,07:00-09:00,False
8812,หลังโควิด,ราชประสงค์,เพลินจิต,2022,3,9,2022-03-09,09:00-16:00,False
8813,หลังโควิด,ราชประสงค์,เพลินจิต,2022,3,9,2022-03-09,16:00-19:00,False
8814,หลังโควิด,รัชโยธิน,พหลโยธิน,2022,3,10,2022-03-10,07:00-09:00,True
8815,หลังโควิด,รัชโยธิน,พหลโยธิน,2022,3,10,2022-03-10,09:00-16:00,True
8816,หลังโควิด,รัชโยธิน,พหลโยธิน,2022,3,10,2022-03-10,16:00-19:00,True
8826,หลังโควิด,ปากทางลาดพร้าว,ลาดพร้าว,2022,3,11,2022-03-11,07:00-09:00,False
8827,หลังโควิด,ปากทางลาดพร้าว,ลาดพร้าว,2022,3,11,2022-03-11,09:00-16:00,False
8828,หลังโควิด,ปากทางลาดพร้าว,ลาดพร้าว,2022,3,11,2022-03-11,16:00-19:00,False
8829,หลังโควิด,ปากทางลาดพร้าว,พหลโยธิน,2022,3,11,2022-03-11,07:00-09:00,False
8830,หลังโควิด,ปากทางลาดพร้าว,พหลโยธิน,2022,3,11,2022-03-11,09:00-16:00,False
8831,หลังโควิด,ปากทางลาดพร้าว,พหลโยธิน,2022,3,11,2022-03-11,16:00-19:00,False
8853,หลังโควิด,คลองเตย,สุนทรโกษา,2022,3,16,2022-03-16,07:00-09:00,False
8854,หลังโควิด,คลองเตย,สุนทรโกษา,2022,3,16,2022-03-16,09:00-16:00,False
8856,หลังโควิด,คลองเตย,พระรามที่ 4,2022,3,16,2022-03-16,07:00-09:00,False
8857,หลังโควิด,คลองเตย,พระรามที่ 4,2022,3,16,2022-03-16,09:00-16:00,False
8859,หลังโควิด,ขัตติยานี,พิชัย,2022,3,17,2022-03-17,07:00-09:00,True
8860,หลังโควิด,ขัตติยานี,พิชัย,2022,3,17,2022-03-17,09:00-16:00,True
8861,หลังโควิด,ขัตติยานี,พิชัย,2022,3,17,2022-03-17,16:00-19:00,True
8862,หลังโควิด,ขัตติยานี,สุโขทัย,2022,3,17,2022-03-17,07:00-09:00,False
8863,หลังโควิด,ขัตติยานี,สุโขทัย,2022,3,17,2022-03-17,09:00-16:00,False
8864,หลังโควิด,ขัตติยานี,สุโขทัย,2022,3,17,2022-03-17,16:00-19:00,False
8871,หลังโควิด,บางลำพู,สามเสน,2022,3,21,2022-03-21,07:00-09:00,True
8872,หลังโควิด,บางลำพู,สามเสน,2022,3,21,2022-03-21,09:00-16:00,True
8873,หลังโควิด,บางลำพู,สามเสน,2022,3,21,2022-03-21,16:00-19:00,True
8880,หลังโควิด,พระโขนง,สุขุมวิท,2022,3,22,2022-03-22,07:00-09:00,False
8881,หลังโควิด,พระโขนง,สุขุมวิท,2022,3,22,2022-03-22,09:00-16:00,False
8882,หลังโควิด,พระโขนง,สุขุมวิท,2022,3,22,2022-03-22,16:00-19:00,False
8889,หลังโควิด,เทอดดำริ,เทอดดำริ,2022,3,23,2022-03-23,07:00-09:00,True
8890,หลังโควิด,เทอดดำริ,เทอดดำริ,2022,3,23,2022-03-23,09:00-16:00,True
8891,หลังโควิด,เทอดดำริ,เทอดดำริ,2022,3,23,2022-03-23,16:00-19:00,True
8892,หลังโควิด,เทอดดำริ,ประดิพัทธ์,2022,3,23,2022-03-23,07:00-09:00,True
8893,หลังโควิด,เทอดดำริ,ประดิพัทธ์,2022,3,23,2022-03-23,09:00-16:00,False
8894,หลังโควิด,เทอดดำริ,ประดิพัทธ์,2022,3,23,2022-03-23,16:00-19:00,True
8901,หลังโควิด,ประชาอุทิศ,ประชาอุทิศ,2022,3,25,2022-03-25,07:00-09:00,True
8902,หลังโควิด,ประชาอุทิศ,ประชาอุทิศ,2022,3,25,2022-03-25,09:00-16:00,True
8903,หลังโควิด,ประชาอุทิศ,ประชาอุทิศ,2022,3,25,2022-03-25,16:00-19:00,True
8904,หลังโควิด,ประชาอุทิศ,สุขสวัสดิ์,2022,3,25,2022-03-25,07:00-09:00,False
8905,หลังโควิด,ประชาอุทิศ,สุขสวัสดิ์,2022,3,25,2022-03-25,09:00-16:00,False
8906,หลังโควิด,ประชาอุทิศ,สุขสวัสดิ์,2022,3,25,2022-03-25,16:00-19:00,False
8907,หลังโควิด,ประตูน้ำ,ราชดำริ,2022,3,28,2022-03-28,07:00-09:00,False
8908,หลังโควิด,ประตูน้ำ,ราชดำริ,2022,3,28,2022-03-28,09:00-16:00,False
8909,หลังโควิด,ประตูน้ำ,ราชดำริ,2022,3,28,2022-03-28,16:00-19:00,False
8910,หลังโควิด,ประตูน้ำ,ราชปรารภ,2022,3,28,2022-03-28,07:00-09:00,False
8911,หลังโควิด,ประตูน้ำ,ราชปรารภ,2022,3,28,2022-03-28,09:00-16:00,False
8912,หลังโควิด,ประตูน้ำ,ราชปรารภ,2022,3,28,2022-03-28,16:00-19:00,False
8913,หลังโควิด,ประตูน้ำ,เพชรบุรี,2022,3,28,2022-03-28,07:00-09:00,False
8914,หลังโควิด,ประตูน้ำ,เพชรบุรี,2022,3,28,2022-03-28,09:00-16:00,False
8915,หลังโควิด,ประตูน้ำ,เพชรบุรี,2022,3,28,2022-03-28,16:00-19:00,False
8925,หลังโควิด,หลานหลวง,จักรพรรดิพงษ์,2022,3,30,2022-03-30,07:00-09:00,True
8926,หลังโควิด,หลานหลวง,จักรพรรดิพงษ์,2022,3,30,2022-03-30,09:00-16:00,True
8927,หลังโควิด,หลานหลวง,จักรพรรดิพงษ์,2022,3,30,2022-03-30,16:00-19:00,True
8928,หลังโควิด,หลานหลวง,หลานหลวง,2022,3,30,2022-03-30,07:00-09:00,False
8929,หลังโควิด,หลานหลวง,หลานหลวง,2022,3,30,2022-03-30,09:00-16:00,False
8930,หลังโควิด,หลานหลวง,หลานหลวง,2022,3,30,2022-03-30,16:00-19:00,False
8977,หลังโควิด,จักรพรรดิพงษ์,นครสวรรค์,2022,4,11,2022-04-11,07:00-09:00,True
8978,หลังโควิด,จักรพรรดิพงษ์,นครสวรรค์,2022,4,11,2022-04-11,09:00-16:00,True
8979,หลังโควิด,จักรพรรดิพงษ์,นครสวรรค์,2022,4,11,2022-04-11,16:00-19:00,True
8980,หลังโควิด,จักรพรรดิพงษ์,จักรพรรดิพงษ์,2022,4,11,2022-04-11,07:00-09:00,True
8981,หลังโควิด,จักรพรรดิพงษ์,จักรพรรดิพงษ์,2022,4,11,2022-04-11,09:00-16:00,True
8982,หลังโควิด,จักรพรรดิพงษ์,จักรพรรดิพงษ์,2022,4,11,2022-04-11,16:00-19:00,True
8992,หลังโควิด,บางกระบือ,สามเสน,2022,4,18,2022-04-18,07:00-09:00,True
8993,หลังโควิด,บางกระบือ,สามเสน,2022,4,18,2022-04-18,09:00-16:00,True
8994,หลังโควิด,บางกระบือ,สามเสน,2022,4,18,2022-04-18,16:00-19:00,True
8995,หลังโควิด,บางกระบือ,เขียวไข่กา,2022,4,18,2022-04-18,07:00-09:00,True
8996,หลังโควิด,บางกระบือ,เขียวไข่กา,2022,4,18,2022-04-18,09:00-16:00,True
8997,หลังโควิด,บางกระบือ,เขียวไข่กา,2022,4,18,2022-04-18,16:00-19:00,True
8998,หลังโควิด,บางกระบือ,อำนวยสงคราม,2022,4,18,2022-04-18,07:00-09:00,True
8999,หลังโควิด,บางกระบือ,อำนวยสงคราม,2022,4,18,2022-04-18,09:00-16:00,True
9000,หลังโควิด,บางกระบือ,อำนวยสงคราม,2022,4,18,2022-04-18,16:00-19:00,True
9025,หลังโควิด,คลองตัน,รามคำแหง,2022,4,22,2022-04-22,07:00-09:00,False
9026,หลังโควิด,คลองตัน,รามคำแหง,2022,4,22,2022-04-22,09:00-16:00,False
9028,หลังโควิด,คลองตัน,เพชรบุรี,2022,4,22,2022-04-22,07:00-09:00,True
9029,หลังโควิด,คลองตัน,เพชรบุรี,2022,4,22,2022-04-22,09:00-16:00,False
9031,หลังโควิด,คลองตัน,พัฒนาการ,2022,4,22,2022-04-22,07:00-09:00,True
9032,หลังโควิด,คลองตัน,พัฒนาการ,2022,4,22,2022-04-22,09:00-16:00,True
9033,หลังโควิด,คลองตัน,พัฒนาการ,2022,4,22,2022-04-22,16:00-19:00,False
9034,หลังโควิด,ศรีย่าน,สามเสน,2022,4,25,2022-04-25,07:00-09:00,True
9035,หลังโควิด,ศรีย่าน,สามเสน,2022,4,25,2022-04-25,09:00-16:00,True
9036,หลังโควิด,ศรีย่าน,สามเสน,2022,4,25,2022-04-25,16:00-19:00,False
9037,หลังโควิด,ศรีย่าน,นครไชยศรี,2022,4,25,2022-04-25,07:00-09:00,False
9038,หลังโควิด,ศรีย่าน,นครไชยศรี,2022,4,25,2022-04-25,09:00-16:00,False
9039,หลังโควิด,ศรีย่าน,นครไชยศรี,2022,4,25,2022-04-25,16:00-19:00,False
9057,หลังโควิด,ราษฎร์บูรณะ,ราษฎร์บูรณะ,2022,4,28,2022-04-28,07:00-09:00,True
9058,หลังโควิด,ราษฎร์บูรณะ,ราษฎร์บูรณะ,2022,4,28,2022-04-28,09:00-16:00,True
9059,หลังโควิด,ราษฎร์บูรณะ,ราษฎร์บูรณะ,2022,4,28,2022-04-28,16:00-19:00,True
9075,หลังโควิด,การเรือน,ราชสีมา,2022,5,2,2022-05-02,07:00-09:00,False
9076,หลังโควิด,การเรือน,ราชสีมา,2022,5,2,2022-05-02,09:00-16:00,False
9077,หลังโควิด,การเรือน,ราชสีมา,2022,5,2,2022-05-02,16:00-19:00,False
9078,หลังโควิด,การเรือน,ราชวิถี,2022,5,2,2022-05-02,07:00-09:00,False
9079,หลังโควิด,การเรือน,ราชวิถี,2022,5,2,2022-05-02,09:00-16:00,False
9080,หลังโควิด,การเรือน,ราชวิถี,2022,5,2,2022-05-02,16:00-19:00,False
9087,หลังโควิด,ประชาอุทิศ,เทียมร่วมมิตร,2022,5,5,2022-05-05,07:00-09:00,False
9088,หลังโควิด,ประชาอุทิศ,เทียมร่วมมิตร,2022,5,5,2022-05-05,09:00-16:00,False
9089,หลังโควิด,ประชาอุทิศ,เทียมร่วมมิตร,2022,5,5,2022-05-05,16:00-19:00,False
9090,หลังโควิด,ประชาอุทิศ,ประชาอุทิศ,2022,5,5,2022-05-05,07:00-09:00,False
9091,หลังโควิด,ประชาอุทิศ,ประชาอุทิศ,2022,5,5,2022-05-05,09:00-16:00,False
9092,หลังโควิด,ประชาอุทิศ,ประชาอุทิศ,2022,5,5,2022-05-05,16:00-19:00,False
9093,หลังโควิด,สามเหลี่ยมดินแดง,ราชปรารภ,2022,5,6,2022-05-06,07:00-09:00,False
9094,หลังโควิด,สามเหลี่ยมดินแดง,ราชปรารภ,2022,5,6,2022-05-06,09:00-16:00,False
9095,หลังโควิด,สามเหลี่ยมดินแดง,ราชปรารภ,2022,5,6,2022-05-06,16:00-19:00,False
9096,หลังโควิด,สามเหลี่ยมดินแดง,ราชวิถี,2022,5,6,2022-05-06,07:00-09:00,False
9097,หลังโควิด,สามเหลี่ยมดินแดง,ราชวิถี,2022,5,6,2022-05-06,09:00-16:00,False
9098,หลังโควิด,สามเหลี่ยมดินแดง,ราชวิถี,2022,5,6,2022-05-06,16:00-19:00,False
9102,หลังโควิด,สามเหลี่ยมดินแดง,ดินแดง,2022,5,6,2022-05-06,07:00-09:00,False
9103,หลังโควิด,สามเหลี่ยมดินแดง,ดินแดง,2022,5,6,2022-05-06,09:00-16:00,False
9104,หลังโควิด,สามเหลี่ยมดินแดง,ดินแดง,2022,5,6,2022-05-06,16:00-19:00,False
9105,หลังโควิด,ราชวิถี,พระรามที่ 5,2022,5,9,2022-05-09,07:00-09:00,False
9106,หลังโควิด,ราชวิถี,พระรามที่ 5,2022,5,9,2022-05-09,09:00-16:00,False
9107,หลังโควิด,ราชวิถี,พระรามที่ 5,2022,5,9,2022-05-09,16:00-19:00,False
9108,หลังโควิด,ราชวิถี,ราชวิถี,2022,5,9,2022-05-09,07:00-09:00,False
9109,หลังโควิด,ราชวิถี,ราชวิถี,2022,5,9,2022-05-09,09:00-16:00,False
9110,หลังโควิด,ราชวิถี,ราชวิถี,2022,5,9,2022-05-09,16:00-19:00,False
9126,หลังโควิด,นางลิ้นจี่,นางลิ้นจี่,2022,5,12,2022-05-12,07:00-09:00,False
9127,หลังโควิด,นางลิ้นจี่,นางลิ้นจี่,2022,5,12,2022-05-12,09:00-16:00,False
9128,หลังโควิด,นางลิ้นจี่,นางลิ้นจี่,2022,5,12,2022-05-12,16:00-19:00,False
9129,หลังโควิด,นางลิ้นจี่,พระรามที่ 3,2022,5,12,2022-05-12,07:00-09:00,False
9130,หลังโควิด,นางลิ้นจี่,พระรามที่ 3,2022,5,12,2022-05-12,09:00-16:00,False
9131,หลังโควิด,นางลิ้นจี่,พระรามที่ 3,2022,5,12,2022-05-12,16:00-19:00,False
9135,หลังโควิด,ผังเมือง,วัฒนธรรม,2022,5,17,2022-05-17,07:00-09:00,False
9136,หลังโควิด,ผังเมือง,วัฒนธรรม,2022,5,17,2022-05-17,09:00-16:00,False
9137,หลังโควิด,ผังเมือง,วัฒนธรรม,2022,5,17,2022-05-17,16:00-19:00,False
9138,หลังโควิด,ผังเมือง,พระราม 9,2022,5,17,2022-05-17,07:00-09:00,False
9139,หลังโควิด,ผังเมือง,พระราม 9,2022,5,17,2022-05-17,09:00-16:00,False
9140,หลังโควิด,ผังเมือง,พระราม 9,2022,5,17,2022-05-17,16:00-19:00,False
9201,หลังโควิด,ศาลาแดง,สีลม,2022,5,30,2022-05-30,07:00-09:00,False
9202,หลังโควิด,ศาลาแดง,สีลม,2022,5,30,2022-05-30,09:00-16:00,False
9203,หลังโควิด,ศาลาแดง,สีลม,2022,5,30,2022-05-30,16:00-19:00,False
9204,หลังโควิด,ศาลาแดง,ราชดำริ,2022,5,30,2022-05-30,07:00-09:00,False
9205,หลังโควิด,ศาลาแดง,ราชดำริ,2022,5,30,2022-05-30,09:00-16:00,False
9206,หลังโควิด,ศาลาแดง,ราชดำริ,2022,5,30,2022-05-30,16:00-19:00,False
9207,หลังโควิด,ศาลาแดง,พระรามที่ 4,2022,5,30,2022-05-30,07:00-09:00,False
9208,หลังโควิด,ศาลาแดง,พระรามที่ 4,2022,5,30,2022-05-30,09:00-16:00,False
9209,หลังโควิด,ศาลาแดง,พระรามที่ 4,2022,5,30,2022-05-30,16:00-19:00,False
9219,หลังโควิด,สาธุประดิษฐ์,สาธุประดิษฐ์,2022,5,31,2022-05-31,07:00-09:00,False
9220,หลังโควิด,สาธุประดิษฐ์,สาธุประดิษฐ์,2022,5,31,2022-05-31,09:00-16:00,False
9221,หลังโควิด,สาธุประดิษฐ์,สาธุประดิษฐ์,2022,5,31,2022-05-31,16:00-19:00,False
9258,หลังโควิด,โพธิ์แก้ว,นวมินทร์,2022,6,8,2022-06-08,07:00-09:00,False
9259,หลังโควิด,โพธิ์แก้ว,นวมินทร์,2022,6,8,2022-06-08,09:00-16:00,False
9260,หลังโควิด,โพธิ์แก้ว,นวมินทร์,2022,6,8,2022-06-08,16:00-19:00,False
9261,หลังโควิด,โพธิ์แก้ว,โพธิ์แก้ว,2022,6,8,2022-06-08,07:00-09:00,False
9262,หลังโควิด,โพธิ์แก้ว,โพธิ์แก้ว,2022,6,8,2022-06-08,09:00-16:00,False
9263,หลังโควิด,โพธิ์แก้ว,โพธิ์แก้ว,2022,6,8,2022-06-08,16:00-19:00,False
9264,หลังโควิด,โพธิ์แก้ว,ทางเข้าวัดบางเตย,2022,6,8,2022-06-08,07:00-09:00,False
9265,หลังโควิด,โพธิ์แก้ว,ทางเข้าวัดบางเตย,2022,6,8,2022-06-08,09:00-16:00,False
9266,หลังโควิด,โพธิ์แก้ว,ทางเข้าวัดบางเตย,2022,6,8,2022-06-08,16:00-19:00,False
9270,หลังโควิด,วัดสน,สุขสวัสดิ์,2022,6,9,2022-06-09,07:00-09:00,False
9271,หลังโควิด,วัดสน,สุขสวัสดิ์,2022,6,9,2022-06-09,09:00-16:00,False
9272,หลังโควิด,วัดสน,สุขสวัสดิ์,2022,6,9,2022-06-09,16:00-19:00,False
9285,หลังโควิด,กำแพงเพชร,พหลโยธิน,2022,6,13,2022-06-13,07:00-09:00,False
9286,หลังโควิด,กำแพงเพชร,พหลโยธิน,2022,6,13,2022-06-13,09:00-16:00,False
9287,หลังโควิด,กำแพงเพชร,พหลโยธิน,2022,6,13,2022-06-13,16:00-19:00,False
9288,หลังโควิด,กำแพงเพชร,กำแพงเพชร,2022,6,13,2022-06-13,07:00-09:00,False
9289,หลังโควิด,กำแพงเพชร,กำแพงเพชร,2022,6,13,2022-06-13,09:00-16:00,False
9290,หลังโควิด,กำแพงเพชร,กำแพงเพชร,2022,6,13,2022-06-13,16:00-19:00,False
9294,หลังโควิด,อโศกเพชร,อโศก,2022,6,14,2022-06-14,07:00-09:00,False
9295,หลังโควิด,อโศกเพชร,อโศก,2022,6,14,2022-06-14,09:00-16:00,False
9296,หลังโควิด,อโศกเพชร,อโศก,2022,6,14,2022-06-14,16:00-19:00,False
9297,หลังโควิด,อโศกเพชร,เพชรบุรี,2022,6,14,2022-06-14,07:00-09:00,False
9298,หลังโควิด,อโศกเพชร,เพชรบุรี,2022,6,14,2022-06-14,09:00-16:00,False
9299,หลังโควิด,อโศกเพชร,เพชรบุรี,2022,6,14,2022-06-14,16:00-19:00,False
9300,หลังโควิด,เทเวศร์,สามเสน,2022,6,15,2022-06-15,07:00-09:00,False
9301,หลังโควิด,เทเวศร์,สามเสน,2022,6,15,2022-06-15,09:00-16:00,False
9302,หลังโควิด,เทเวศร์,สามเสน,2022,6,15,2022-06-15,16:00-19:00,False
9303,หลังโควิด,เทเวศร์,กรุงเกษม,2022,6,15,2022-06-15,07:00-09:00,False
9304,หลังโควิด,เทเวศร์,กรุงเกษม,2022,6,15,2022-06-15,09:00-16:00,False
9305,หลังโควิด,เทเวศร์,กรุงเกษม,2022,6,15,2022-06-15,16:00-19:00,False
9306,หลังโควิด,มิตรไมตรี - มิตรไมตรี 1,มิตรไมตรี,2022,6,16,2022-06-16,07:00-09:00,False
9307,หลังโควิด,มิตรไมตรี - มิตรไมตรี 1,มิตรไมตรี,2022,6,16,2022-06-16,09:00-16:00,False
9308,หลังโควิด,มิตรไมตรี - มิตรไมตรี 1,มิตรไมตรี,2022,6,16,2022-06-16,16:00-19:00,False
9309,หลังโควิด,มิตรไมตรี - มิตรไมตรี 1,มิตรไมตรี 1,2022,6,16,2022-06-16,07:00-09:00,False
9310,หลังโควิด,มิตรไมตรี - มิตรไมตรี 1,มิตรไมตรี 1,2022,6,16,2022-06-16,09:00-16:00,False
9311,หลังโควิด,มิตรไมตรี - มิตรไมตรี 1,มิตรไมตรี 1,2022,6,16,2022-06-16,16:00-19:00,False
9312,หลังโควิด,มิตรไมตรี - มิตรไมตรี 2,มิตรไมตรี,2022,6,16,2022-06-16,07:00-09:00,False
9313,หลังโควิด,มิตรไมตรี - มิตรไมตรี 2,มิตรไมตรี,2022,6,16,2022-06-16,09:00-16:00,False
9314,หลังโควิด,มิตรไมตรี - มิตรไมตรี 2,มิตรไมตรี,2022,6,16,2022-06-16,16:00-19:00,False
9315,หลังโควิด,มิตรไมตรี - มิตรไมตรี 2,มิตรไมตรี 2,2022,6,16,2022-06-16,07:00-09:00,False
9316,หลังโควิด,มิตรไมตรี - มิตรไมตรี 2,มิตรไมตรี 2,2022,6,16,2022-06-16,09:00-16:00,False
9317,หลังโควิด,มิตรไมตรี - มิตรไมตรี 2,มิตรไมตรี 2,2022,6,16,2022-06-16,16:00-19:00,False
9318,หลังโควิด,สาทร - เจริญกรุง,เจริญกรุง,2022,6,17,2022-06-17,07:00-09:00,False
9319,หลังโควิด,สาทร - เจริญกรุง,เจริญกรุง,2022,6,17,2022-06-17,09:00-16:00,False
9320,หลังโควิด,สาทร - เจริญกรุง,เจริญกรุง,2022,6,17,2022-06-17,16:00-19:00,False
9324,หลังโควิด,สาทร - เจริญกรุง,สาทร,2022,6,17,2022-06-17,07:00-09:00,False
9325,หลังโควิด,สาทร - เจริญกรุง,สาทร,2022,6,17,2022-06-17,09:00-16:00,False
9326,หลังโควิด,สาทร - เจริญกรุง,สาทร,2022,6,17,2022-06-17,16:00-19:00,False
9336,หลังโควิด,หทัยราษฎร์ - เลียบคลองสอง,หทัยราษฎร์,2022,6,21,2022-06-21,07:00-09:00,False
9337,หลังโควิด,หทัยราษฎร์ - เลียบคลองสอง,หทัยราษฎร์,2022,6,21,2022-06-21,09:00-16:00,False
9338,หลังโควิด,หทัยราษฎร์ - เลียบคลองสอง,หทัยราษฎร์,2022,6,21,2022-06-21,16:00-19:00,False
9339,หลังโควิด,หทัยราษฎร์ - เลียบคลองสอง,เลียบคลองสอง,2022,6,21,2022-06-21,07:00-09:00,False
9340,หลังโควิด,หทัยราษฎร์ - เลียบคลองสอง,เลียบคลองสอง,2022,6,21,2022-06-21,09:00-16:00,False
9341,หลังโควิด,หทัยราษฎร์ - เลียบคลองสอง,เลียบคลองสอง,2022,6,21,2022-06-21,16:00-19:00,False
9369,หลังโควิด,พุทธมณฑลสาย 2,พุทธมณฑลสาย 2,2022,6,24,2022-06-24,07:00-09:00,False
9370,หลังโควิด,พุทธมณฑลสาย 2,พุทธมณฑลสาย 2,2022,6,24,2022-06-24,09:00-16:00,False
9371,หลังโควิด,พุทธมณฑลสาย 2,พุทธมณฑลสาย 2,2022,6,24,2022-06-24,16:00-19:00,False
9372,หลังโควิด,พุทธมณฑลสาย 2,เพชรเกษม,2022,6,24,2022-06-24,07:00-09:00,False
9373,หลังโควิด,พุทธมณฑลสาย 2,เพชรเกษม,2022,6,24,2022-06-24,09:00-16:00,False
9374,หลังโควิด,พุทธมณฑลสาย 2,เพชรเกษม,2022,6,24,2022-06-24,16:00-19:00,False
9384,หลังโควิด,เกษมราษฎร์,เกษมราษฎร์,2022,6,28,2022-06-28,07:00-09:00,False
9385,หลังโควิด,เกษมราษฎร์,เกษมราษฎร์,2022,6,28,2022-06-28,09:00-16:00,False
9386,หลังโควิด,เกษมราษฎร์,เกษมราษฎร์,2022,6,28,2022-06-28,16:00-19:00,False
9390,หลังโควิด,เกษมราษฎร์,พระรามที่ 4,2022,6,28,2022-06-28,07:00-09:00,False
9391,หลังโควิด,เกษมราษฎร์,พระรามที่ 4,2022,6,28,2022-06-28,09:00-16:00,False
9392,หลังโควิด,เกษมราษฎร์,พระรามที่ 4,2022,6,28,2022-06-28,16:00-19:00,False
9393,หลังโควิด,ใต้ด่วนพระราม 4,เชื้อเพลิง,2022,6,29,2022-06-29,07:00-09:00,False
9394,หลังโควิด,ใต้ด่วนพระราม 4,เชื้อเพลิง,2022,6,29,2022-06-29,09:00-16:00,False
9395,หลังโควิด,ใต้ด่วนพระราม 4,เชื้อเพลิง,2022,6,29,2022-06-29,16:00-19:00,False
9396,หลังโควิด,ใต้ด่วนพระราม 4,ทางด่วน,2022,6,29,2022-06-29,07:00-09:00,False
9397,หลังโควิด,ใต้ด่วนพระราม 4,ทางด่วน,2022,6,29,2022-06-29,09:00-16:00,False
9398,หลังโควิด,ใต้ด่วนพระราม 4,ทางด่วน,2022,6,29,2022-06-29,16:00-19:00,False
9399,หลังโควิด,ใต้ด่วนพระราม 4,พระรามที่ 4,2022,6,29,2022-06-29,07:00-09:00,False
9400,หลังโควิด,ใต้ด่วนพระราม 4,พระรามที่ 4,2022,6,29,2022-06-29,09:00-16:00,False
9401,หลังโควิด,ใต้ด่วนพระราม 4,พระรามที่ 4,2022,6,29,2022-06-29,16:00-19:00,False
9402,หลังโควิด,พระรามที่ 4,รัชดาภิเษก,2022,6,30,2022-06-30,07:00-09:00,False
9403,หลังโควิด,พระรามที่ 4,รัชดาภิเษก,2022,6,30,2022-06-30,09:00-16:00,False
9404,หลังโควิด,พระรามที่ 4,รัชดาภิเษก,2022,6,30,2022-06-30,16:00-19:00,False
9405,หลังโควิด,พระรามที่ 4,พระรามที่ 4,2022,6,30,2022-06-30,07:00-09:00,False
9406,หลังโควิด,พระรามที่ 4,พระรามที่ 4,2022,6,30,2022-06-30,09:00-16:00,False
9407,หลังโควิด,พระรามที่ 4,พระรามที่ 4,2022,6,30,2022-06-30,16:00-19:00,False
9420,หลังโควิด,วิทยุ,สาทร,2022,7,4,2022-07-04,07:00-09:00,False
9421,หลังโควิด,วิทยุ,สาทร,2022,7,4,2022-07-04,09:00-16:00,False
9422,หลังโควิด,วิทยุ,สาทร,2022,7,4,2022-07-04,16:00-19:00,False
9423,หลังโควิด,วิทยุ,วิทยุ,2022,7,4,2022-07-04,07:00-09:00,False
9424,หลังโควิด,วิทยุ,วิทยุ,2022,7,4,2022-07-04,09:00-16:00,False
9425,หลังโควิด,วิทยุ,วิทยุ,2022,7,4,2022-07-04,16:00-19:00,False
9426,หลังโควิด,วิทยุ,พระรามที่ 4,2022,7,4,2022-07-04,07:00-09:00,False
9427,หลังโควิด,วิทยุ,พระรามที่ 4,2022,7,4,2022-07-04,09:00-16:00,False
9428,หลังโควิด,วิทยุ,พระรามที่ 4,2022,7,4,2022-07-04,16:00-19:00,False
9435,หลังโควิด,รามคำแหง,รามคำแหง,2022,7,6,2022-07-06,07:00-09:00,False
9436,หลังโควิด,รามคำแหง,รามคำแหง,2022,7,6,2022-07-06,09:00-16:00,False
9437,หลังโควิด,รามคำแหง,รามคำแหง,2022,7,6,2022-07-06,16:00-19:00,False
9438,หลังโควิด,รามคำแหง,พระราม 9,2022,7,6,2022-07-06,07:00-09:00,False
9439,หลังโควิด,รามคำแหง,พระราม 9,2022,7,6,2022-07-06,09:00-16:00,False
9440,หลังโควิด,รามคำแหง,พระราม 9,2022,7,6,2022-07-06,16:00-19:00,False
9453,หลังโควิด,นางเลิ้ง,นครสวรรค์,2022,7,8,2022-07-08,07:00-09:00,False
9454,หลังโควิด,นางเลิ้ง,นครสวรรค์,2022,7,8,2022-07-08,09:00-16:00,False
9455,หลังโควิด,นางเลิ้ง,นครสวรรค์,2022,7,8,2022-07-08,16:00-19:00,False
9456,หลังโควิด,นางเลิ้ง,พิษณุโลก,2022,7,8,2022-07-08,07:00-09:00,False
9457,หลังโควิด,นางเลิ้ง,พิษณุโลก,2022,7,8,2022-07-08,09:00-16:00,False
9458,หลังโควิด,นางเลิ้ง,พิษณุโลก,2022,7,8,2022-07-08,16:00-19:00,False
9471,หลังโควิด,ห้วยขวาง,รัชดาภิเษก,2022,7,11,2022-07-11,07:00-09:00,False
9472,หลังโควิด,ห้วยขวาง,รัชดาภิเษก,2022,7,11,2022-07-11,09:00-16:00,False
9473,หลังโควิด,ห้วยขวาง,รัชดาภิเษก,2022,7,11,2022-07-11,16:00-19:00,False
9474,หลังโควิด,ห้วยขวาง,ประชาสงเคราะห์,2022,7,11,2022-07-11,07:00-09:00,False
9475,หลังโควิด,ห้วยขวาง,ประชาสงเคราะห์,2022,7,11,2022-07-11,09:00-16:00,False
9476,หลังโควิด,ห้วยขวาง,ประชาสงเคราะห์,2022,7,11,2022-07-11,16:00-19:00,False
9477,หลังโควิด,ห้วยขวาง,ประชาราษฎร์บำเพ็ญ,2022,7,11,2022-07-11,07:00-09:00,False
9478,หลังโควิด,ห้วยขวาง,ประชาราษฎร์บำเพ็ญ,2022,7,11,2022-07-11,09:00-16:00,False
9479,หลังโควิด,ห้วยขวาง,ประชาราษฎร์บำเพ็ญ,2022,7,11,2022-07-11,16:00-19:00,False
9480,หลังโควิด,สุทธิสาร,รัชดาภิเษก,2022,7,12,2022-07-12,07:00-09:00,False
9481,หลังโควิด,สุทธิสาร,รัชดาภิเษก,2022,7,12,2022-07-12,09:00-16:00,False
9482,หลังโควิด,สุทธิสาร,รัชดาภิเษก,2022,7,12,2022-07-12,16:00-19:00,False
9483,หลังโควิด,สุทธิสาร,สุทธิสารวินิจฉัย,2022,7,12,2022-07-12,07:00-09:00,False
9484,หลังโควิด,สุทธิสาร,สุทธิสารวินิจฉัย,2022,7,12,2022-07-12,09:00-16:00,False
9485,หลังโควิด,สุทธิสาร,สุทธิสารวินิจฉัย,2022,7,12,2022-07-12,16:00-19:00,False
9486,หลังโควิด,กำแพงเพชร,พหลโยธิน,2022,7,13,2022-07-13,07:00-09:00,False
9487,หลังโควิด,กำแพงเพชร,พหลโยธิน,2022,7,13,2022-07-13,09:00-16:00,False
9488,หลังโควิด,กำแพงเพชร,พหลโยธิน,2022,7,13,2022-07-13,16:00-19:00,False
9489,หลังโควิด,กำแพงเพชร,กำแพงเพชร,2022,7,13,2022-07-13,07:00-09:00,False
9490,หลังโควิด,กำแพงเพชร,กำแพงเพชร,2022,7,13,2022-07-13,09:00-16:00,False
9491,หลังโควิด,กำแพงเพชร,กำแพงเพชร,2022,7,13,2022-07-13,16:00-19:00,False
9495,หลังโควิด,ทองหล่อ,สุขุมวิท,2022,7,18,2022-07-18,07:00-09:00,False
9496,หลังโควิด,ทองหล่อ,สุขุมวิท,2022,7,18,2022-07-18,09:00-16:00,False
9497,หลังโควิด,ทองหล่อ,สุขุมวิท,2022,7,18,2022-07-18,16:00-19:00,False
9516,หลังโควิด,เดโช,เดโช,2022,7,21,2022-07-21,07:00-09:00,False
9517,หลังโควิด,เดโช,เดโช,2022,7,21,2022-07-21,09:00-16:00,False
9518,หลังโควิด,เดโช,เดโช,2022,7,21,2022-07-21,16:00-19:00,False
9519,หลังโควิด,เดโช,สีลม,2022,7,21,2022-07-21,07:00-09:00,False
9520,หลังโควิด,เดโช,สีลม,2022,7,21,2022-07-21,09:00-16:00,False
9521,หลังโควิด,เดโช,สีลม,2022,7,21,2022-07-21,16:00-19:00,False
9522,หลังโควิด,คอกวัว,ตะนาว,2022,7,22,2022-07-22,07:00-09:00,False
9523,หลังโควิด,คอกวัว,ตะนาว,2022,7,22,2022-07-22,09:00-16:00,False
9524,หลังโควิด,คอกวัว,ตะนาว,2022,7,22,2022-07-22,16:00-19:00,False
9525,หลังโควิด,คอกวัว,ราชดำเนินกลาง,2022,7,22,2022-07-22,07:00-09:00,False
9526,หลังโควิด,คอกวัว,ราชดำเนินกลาง,2022,7,22,2022-07-22,09:00-16:00,False
9527,หลังโควิด,คอกวัว,ราชดำเนินกลาง,2022,7,22,2022-07-22,16:00-19:00,False
9543,หลังโควิด,คลองสาน,เจริญนคร,2022,7,27,2022-07-27,07:00-09:00,False
9544,หลังโควิด,คลองสาน,เจริญนคร,2022,7,27,2022-07-27,09:00-16:00,False
9545,หลังโควิด,คลองสาน,เจริญนคร,2022,7,27,2022-07-27,16:00-19:00,False
9546,หลังโควิด,คลองสาน,สมเด็จเจ้าพระยา,2022,7,27,2022-07-27,07:00-09:00,False
9547,หลังโควิด,คลองสาน,สมเด็จเจ้าพระยา,2022,7,27,2022-07-27,09:00-16:00,False
9548,หลังโควิด,คลองสาน,สมเด็จเจ้าพระยา,2022,7,27,2022-07-27,16:00-19:00,False
9549,หลังโควิด,คลองสาน,ลาดหญ้า,2022,7,27,2022-07-27,07:00-09:00,False
9550,หลังโควิด,คลองสาน,ลาดหญ้า,2022,7,27,2022-07-27,09:00-16:00,False
9551,หลังโควิด,คลองสาน,ลาดหญ้า,2022,7,27,2022-07-27,16:00-19:00,False
9567,หลังโควิด,หมู่บ้านเศรษฐกิจ,เพชรเกษม,2022,8,3,2022-08-03,07:00-09:00,False
9568,หลังโควิด,หมู่บ้านเศรษฐกิจ,เพชรเกษม,2022,8,3,2022-08-03,09:00-16:00,False
9569,หลังโควิด,หมู่บ้านเศรษฐกิจ,เพชรเกษม,2022,8,3,2022-08-03,16:00-19:00,False
9570,หลังโควิด,รัชดา - ลาดพร้าว,รัชดาภิเษก,2022,8,4,2022-08-04,07:00-09:00,False
9571,หลังโควิด,รัชดา - ลาดพร้าว,รัชดาภิเษก,2022,8,4,2022-08-04,09:00-16:00,False
9572,หลังโควิด,รัชดา - ลาดพร้าว,รัชดาภิเษก,2022,8,4,2022-08-04,16:00-19:00,False
9579,หลังโควิด,จันทน์ - นราธิวาส,จันทน์,2022,8,5,2022-08-05,07:00-09:00,False
9580,หลังโควิด,จันทน์ - นราธิวาส,จันทน์,2022,8,5,2022-08-05,09:00-16:00,False
9581,หลังโควิด,จันทน์ - นราธิวาส,จันทน์,2022,8,5,2022-08-05,16:00-19:00,False
9663,หลังโควิด,บางบอน 5,บางบอน 5,2022,8,19,2022-08-19,07:00-09:00,False
9664,หลังโควิด,บางบอน 5,บางบอน 5,2022,8,19,2022-08-19,09:00-16:00,False
9665,หลังโควิด,บางบอน 5,บางบอน 5,2022,8,19,2022-08-19,16:00-19:00,False
9666,หลังโควิด,บางบอน 5,เอกชัย,2022,8,19,2022-08-19,07:00-09:00,False
9667,หลังโควิด,บางบอน 5,เอกชัย,2022,8,19,2022-08-19,09:00-16:00,False
9668,หลังโควิด,บางบอน 5,เอกชัย,2022,8,19,2022-08-19,16:00-19:00,False
9675,หลังโควิด,เพชรเกษม 69,เพชรเกษม,2022,8,22,2022-08-22,07:00-09:00,False
9676,หลังโควิด,เพชรเกษม 69,เพชรเกษม,2022,8,22,2022-08-22,09:00-16:00,False
9677,หลังโควิด,เพชรเกษม 69,เพชรเกษม,2022,8,22,2022-08-22,16:00-19:00,False
9738,หลังโควิด,เพชรเกษม 81,เพชรเกษม,2022,8,29,2022-08-29,07:00-09:00,False
9739,หลังโควิด,เพชรเกษม 81,เพชรเกษม,2022,8,29,2022-08-29,09:00-16:00,False
9740,หลังโควิด,เพชรเกษม 81,เพชรเกษม,2022,8,29,2022-08-29,16:00-19:00,False
10005,หลังโควิด,บ้านแขก,ประชาธิปก,2022,9,26,2022-09-26,07:00-09:00,False
10006,หลังโควิด,บ้านแขก,ประชาธิปก,2022,9,26,2022-09-26,09:00-16:00,False
10007,หลังโควิด,บ้านแขก,ประชาธิปก,2022,9,26,2022-09-26,16:00-19:00,False
10008,หลังโควิด,บ้านแขก,อิสรภาพ,2022,9,26,2022-09-26,07:00-09:00,False
10009,หลังโควิด,บ้านแขก,อิสรภาพ,2022,9,26,2022-09-26,09:00-16:00,False
10010,หลังโควิด,บ้านแขก,อิสรภาพ,2022,9,26,2022-09-26,16:00-19:00,False
10023,หลังโควิด,ป้อมมหากาฬ,มหาไชย,2022,9,29,2022-09-29,07:00-09:00,False
10024,หลังโควิด,ป้อมมหากาฬ,มหาไชย,2022,9,29,2022-09-29,09:00-16:00,False
10025,หลังโควิด,ป้อมมหากาฬ,มหาไชย,2022,9,29,2022-09-29,16:00-19:00,False
10026,หลังโควิด,ป้อมมหากาฬ,พระสุเมรุ,2022,9,29,2022-09-29,07:00-09:00,False
10027,หลังโควิด,ป้อมมหากาฬ,พระสุเมรุ,2022,9,29,2022-09-29,09:00-16:00,False
10028,หลังโควิด,ป้อมมหากาฬ,พระสุเมรุ,2022,9,29,2022-09-29,16:00-19:00,False
10029,หลังโควิด,ป้อมมหากาฬ,ราชดำเนินกลาง,2022,9,29,2022-09-29,07:00-09:00,False
10030,หลังโควิด,ป้อมมหากาฬ,ราชดำเนินกลาง,2022,9,29,2022-09-29,09:00-16:00,False
10031,หลังโควิด,ป้อมมหากาฬ,ราชดำเนินกลาง,2022,9,29,2022-09-29,16:00-19:00,False
10098,หลังโควิด,สะพานขาว,กรุงเกษม,2022,10,12,2022-10-12,07:00-09:00,False
10099,หลังโควิด,สะพานขาว,กรุงเกษม,2022,10,12,2022-10-12,09:00-16:00,False
10100,หลังโควิด,สะพานขาว,กรุงเกษม,2022,10,12,2022-10-12,16:00-19:00,False
10101,หลังโควิด,สะพานขาว,หลานหลวง,2022,10,12,2022-10-12,07:00-09:00,False
10102,หลังโควิด,สะพานขาว,หลานหลวง,2022,10,12,2022-10-12,09:00-16:00,False
10103,หลังโควิด,สะพานขาว,หลานหลวง,2022,10,12,2022-10-12,16:00-19:00,False
10104,หลังโควิด,เกษะโกมล ,พระรามที่ 5,2022,10,17,2022-10-17,07:00-09:00,False
10105,หลังโควิด,เกษะโกมล ,พระรามที่ 5,2022,10,17,2022-10-17,09:00-16:00,False
10106,หลังโควิด,เกษะโกมล ,พระรามที่ 5,2022,10,17,2022-10-17,16:00-19:00,False
10107,หลังโควิด,เกษะโกมล ,อำนวยสงคราม,2022,10,17,2022-10-17,07:00-09:00,False
10108,หลังโควิด,เกษะโกมล ,อำนวยสงคราม,2022,10,17,2022-10-17,09:00-16:00,False
10109,หลังโควิด,เกษะโกมล ,อำนวยสงคราม,2022,10,17,2022-10-17,16:00-19:00,False
10110,หลังโควิด,เกษะโกมล ,เศรษฐศิริ,2022,10,17,2022-10-17,07:00-09:00,False
10111,หลังโควิด,เกษะโกมล ,เศรษฐศิริ,2022,10,17,2022-10-17,09:00-16:00,False
10112,หลังโควิด,เกษะโกมล ,เศรษฐศิริ,2022,10,17,2022-10-17,16:00-19:00,False
10113,หลังโควิด,บางรัก,เจริญกรุง,2022,10,18,2022-10-18,07:00-09:00,False
10114,หลังโควิด,บางรัก,เจริญกรุง,2022,10,18,2022-10-18,09:00-16:00,False
10115,หลังโควิด,บางรัก,เจริญกรุง,2022,10,18,2022-10-18,16:00-19:00,False
10119,หลังโควิด,บางรัก,สีลม,2022,10,18,2022-10-18,07:00-09:00,False
10120,หลังโควิด,บางรัก,สีลม,2022,10,18,2022-10-18,09:00-16:00,False
10121,หลังโควิด,บางรัก,สีลม,2022,10,18,2022-10-18,16:00-19:00,False
10131,หลังโควิด,ไฟฉาย ,จรัญสนิทวงศ์,2022,10,20,2022-10-20,07:00-09:00,False
10132,หลังโควิด,ไฟฉาย ,จรัญสนิทวงศ์,2022,10,20,2022-10-20,09:00-16:00,False
10133,หลังโควิด,ไฟฉาย ,จรัญสนิทวงศ์,2022,10,20,2022-10-20,16:00-19:00,False
10137,หลังโควิด,ไฟฉาย ,พรานนก,2022,10,20,2022-10-20,07:00-09:00,False
10138,หลังโควิด,ไฟฉาย ,พรานนก,2022,10,20,2022-10-20,09:00-16:00,False
10139,หลังโควิด,ไฟฉาย ,พรานนก,2022,10,20,2022-10-20,16:00-19:00,False
10284,หลังโควิด,เพชรพระราม,บรรทัดทอง,2022,11,21,2022-11-21,07:00-09:00,False
10285,หลังโควิด,เพชรพระราม,บรรทัดทอง,2022,11,21,2022-11-21,09:00-16:00,False
10286,หลังโควิด,เพชรพระราม,บรรทัดทอง,2022,11,21,2022-11-21,16:00-19:00,False
10287,หลังโควิด,เพชรพระราม,เพชรบุรี,2022,11,21,2022-11-21,07:00-09:00,False
10288,หลังโควิด,เพชรพระราม,เพชรบุรี,2022,11,21,2022-11-21,09:00-16:00,False
10289,หลังโควิด,เพชรพระราม,เพชรบุรี,2022,11,21,2022-11-21,16:00-19:00,False
10302,หลังโควิด,ดาวคะนอง,สมเด็จพระเจ้าตากสิน,2022,11,24,2022-11-24,07:00-09:00,False
10303,หลังโควิด,ดาวคะนอง,สมเด็จพระเจ้าตากสิน,2022,11,24,2022-11-24,09:00-16:00,False
10304,หลังโควิด,ดาวคะนอง,สมเด็จพระเจ้าตากสิน,2022,11,24,2022-11-24,16:00-19:00,False
10305,หลังโควิด,ดาวคะนอง,จอมทอง,2022,11,24,2022-11-24,07:00-09:00,False
10306,หลังโควิด,ดาวคะนอง,จอมทอง,2022,11,24,2022-11-24,09:00-16:00,False
10307,หลังโควิด,ดาวคะนอง,จอมทอง,2022,11,24,2022-11-24,16:00-19:00,False
10308,หลังโควิด,สามยอด,มหาไชย,2022,11,25,2022-11-25,07:00-09:00,False
10309,หลังโควิด,สามยอด,มหาไชย,2022,11,25,2022-11-25,09:00-16:00,False
10310,หลังโควิด,สามยอด,มหาไชย,2022,11,25,2022-11-25,16:00-19:00,False
10311,หลังโควิด,สามยอด,เจริญกรุง,2022,11,25,2022-11-25,07:00-09:00,False
10312,หลังโควิด,สามยอด,เจริญกรุง,2022,11,25,2022-11-25,09:00-16:00,False
10313,หลังโควิด,สามยอด,เจริญกรุง,2022,11,25,2022-11-25,16:00-19:00,False
10335,หลังโควิด,บางยี่เรือ,เทอดไท,2022,11,30,2022-11-30,07:00-09:00,False
10336,หลังโควิด,บางยี่เรือ,เทอดไท,2022,11,30,2022-11-30,09:00-16:00,False
10337,หลังโควิด,บางยี่เรือ,เทอดไท,2022,11,30,2022-11-30,16:00-19:00,False
10338,หลังโควิด,บางยี่เรือ,เพชรเกษม,2022,11,30,2022-11-30,07:00-09:00,False
10339,หลังโควิด,บางยี่เรือ,เพชรเกษม,2022,11,30,2022-11-30,09:00-16:00,False
10340,หลังโควิด,บางยี่เรือ,เพชรเกษม,2022,11,30,2022-11-30,16:00-19:00,False
10341,หลังโควิด,บางยี่เรือ,อินทรพิทักษ์,2022,11,30,2022-11-30,07:00-09:00,False
10342,หลังโควิด,บางยี่เรือ,อินทรพิทักษ์,2022,11,30,2022-11-30,09:00-16:00,False
10343,หลังโควิด,บางยี่เรือ,อินทรพิทักษ์,2022,11,30,2022-11-30,16:00-19:00,False
10350,หลังโควิด,เฉลิมเผ่า,อังรีดูนังต์,2022,12,2,2022-12-02,07:00-09:00,False
10351,หลังโควิด,เฉลิมเผ่า,อังรีดูนังต์,2022,12,2,2022-12-02,09:00-16:00,False
10352,หลังโควิด,เฉลิมเผ่า,อังรีดูนังต์,2022,12,2,2022-12-02,16:00-19:00,False
10368,หลังโควิด,สี่กั๊กเสาชิงช้า,เฟื่องนคร,2022,12,7,2022-12-07,07:00-09:00,False
10369,หลังโควิด,สี่กั๊กเสาชิงช้า,เฟื่องนคร,2022,12,7,2022-12-07,09:00-16:00,False
10370,หลังโควิด,สี่กั๊กเสาชิงช้า,เฟื่องนคร,2022,12,7,2022-12-07,16:00-19:00,False
10371,หลังโควิด,สี่กั๊กเสาชิงช้า,ตะนาว,2022,12,7,2022-12-07,07:00-09:00,False
10372,หลังโควิด,สี่กั๊กเสาชิงช้า,ตะนาว,2022,12,7,2022-12-07,09:00-16:00,False
10373,หลังโควิด,สี่กั๊กเสาชิงช้า,ตะนาว,2022,12,7,2022-12-07,16:00-19:00,False
10374,หลังโควิด,สี่กั๊กเสาชิงช้า,บำรุงเมือง,2022,12,7,2022-12-07,07:00-09:00,False
10375,หลังโควิด,สี่กั๊กเสาชิงช้า,บำรุงเมือง,2022,12,7,2022-12-07,09:00-16:00,False
10376,หลังโควิด,สี่กั๊กเสาชิงช้า,บำรุงเมือง,2022,12,7,2022-12-07,16:00-19:00,False
10440,หลังโควิด,เฉลิมกรุง,เจริญกรุง,2023,12,16,2023-12-16,07:00-09:00,False
10441,หลังโควิด,เฉลิมกรุง,เจริญกรุง,2023,12,16,2023-12-16,09:00-16:00,False
10442,หลังโควิด,เฉลิมกรุง,เจริญกรุง,2023,12,16,2023-12-16,16:00-19:00,False
10467,หลังโควิด,สะพานแดง,พระรามที่ 5,2023,12,22,2023-12-22,07:00-09:00,False
10468,หลังโควิด,สะพานแดง,พระรามที่ 5,2023,12,22,2023-12-22,09:00-16:00,False
10469,หลังโควิด,สะพานแดง,พระรามที่ 5,2023,12,22,2023-12-22,16:00-19:00,False
10470,หลังโควิด,สะพานแดง,เตชะวณิช,2023,12,22,2023-12-22,07:00-09:00,False
10471,หลังโควิด,สะพานแดง,เตชะวณิช,2023,12,22,2023-12-22,09:00-16:00,False
10472,หลังโควิด,สะพานแดง,เตชะวณิช,2023,12,22,2023-12-22,16:00-19:00,False
10473,หลังโควิด,สะพานแดง,ทหาร,2023,12,22,2023-12-22,07:00-09:00,False
10474,หลังโควิด,สะพานแดง,ทหาร,2023,12,22,2023-12-22,09:00-16:00,False
10475,หลังโควิด,สะพานแดง,ทหาร,2023,12,22,2023-12-22,16:00-19:00,False
10476,หลังโควิด,สะพานแดง,ประดิพัทธ์,2023,12,22,2023-12-22,07:00-09:00,False
10477,หลังโควิด,สะพานแดง,ประดิพัทธ์,2023,12,22,2023-12-22,09:00-16:00,False
10478,หลังโควิด,สะพานแดง,ประดิพัทธ์,2023,12,22,2023-12-22,16:00-19:00,False
10512,หลังโควิด,สุโขทัย,สุโขทัย,2023,12,29,2023-12-29,07:00-09:00,False
10513,หลังโควิด,สุโขทัย,สุโขทัย,2023,12,29,2023-12-29,09:00-16:00,False
10514,หลังโควิด,สุโขทัย,สุโขทัย,2023,12,29,2023-12-29,16:00-19:00,False
10515,หลังโควิด,พรานนก,อิสรภาพ,2023,1,3,2023-01-03,07:00-09:00,False
10516,หลังโควิด,พรานนก,อิสรภาพ,2023,1,3,2023-01-03,09:00-17:00,False
10517,หลังโควิด,พรานนก,อิสรภาพ,2023,1,3,2023-01-03,17:00-19:00,False
10518,หลังโควิด,พรานนก,พรานนก,2023,1,3,2023-01-03,07:00-09:00,False
10519,หลังโควิด,พรานนก,พรานนก,2023,1,3,2023-01-03,09:00-17:00,False
10520,หลังโควิด,พรานนก,พรานนก,2023,1,3,2023-01-03,17:00-19:00,False
10548,หลังโควิด,หัวลำโพง,มหาพฤฒาราม,2023,1,11,2023-01-11,07:00-09:00,False
10549,หลังโควิด,หัวลำโพง,มหาพฤฒาราม,2023,1,11,2023-01-11,09:00-17:00,False
10550,หลังโควิด,หัวลำโพง,มหาพฤฒาราม,2023,1,11,2023-01-11,17:00-19:00,False
10551,หลังโควิด,หัวลำโพง,พระรามที่ 4,2023,1,11,2023-01-11,07:00-09:00,False
10552,หลังโควิด,หัวลำโพง,พระรามที่ 4,2023,1,11,2023-01-11,09:00-17:00,False
10553,หลังโควิด,หัวลำโพง,พระรามที่ 4,2023,1,11,2023-01-11,17:00-19:00,False
10566,หลังโควิด,ราชวงศ์,ราชวงศ์,2023,1,16,2023-01-16,07:00-09:00,False
10567,หลังโควิด,ราชวงศ์,ราชวงศ์,2023,1,16,2023-01-16,09:00-17:00,False
10568,หลังโควิด,ราชวงศ์,ราชวงศ์,2023,1,16,2023-01-16,17:00-19:00,False
10569,หลังโควิด,ราชวงศ์,เยาวราช,2023,1,16,2023-01-16,07:00-09:00,False
10570,หลังโควิด,ราชวงศ์,เยาวราช,2023,1,16,2023-01-16,09:00-17:00,False
10571,หลังโควิด,ราชวงศ์,เยาวราช,2023,1,16,2023-01-16,17:00-19:00,False
10572,หลังโควิด,เอส เอ บี,วรจักร,2023,1,17,2023-01-17,07:00-09:00,False
10573,หลังโควิด,เอส เอ บี,วรจักร,2023,1,17,2023-01-17,09:00-17:00,False
10574,หลังโควิด,เอส เอ บี,วรจักร,2023,1,17,2023-01-17,17:00-19:00,False
10575,หลังโควิด,เอส เอ บี,เจริญกรุง,2023,1,17,2023-01-17,07:00-09:00,False
10576,หลังโควิด,เอส เอ บี,เจริญกรุง,2023,1,17,2023-01-17,09:00-17:00,False
10577,หลังโควิด,เอส เอ บี,เจริญกรุง,2023,1,17,2023-01-17,17:00-19:00,False
10578,หลังโควิด,สามยอด,มหาไชย,2023,1,17,2023-01-17,07:00-09:00,False
10579,หลังโควิด,สามยอด,มหาไชย,2023,1,17,2023-01-17,09:00-17:00,False
10580,หลังโควิด,สามยอด,มหาไชย,2023,1,17,2023-01-17,17:00-19:00,False
10581,หลังโควิด,สามยอด,เจริญกรุง,2023,1,17,2023-01-17,07:00-09:00,False
10582,หลังโควิด,สามยอด,เจริญกรุง,2023,1,17,2023-01-17,09:00-17:00,False
10583,หลังโควิด,สามยอด,เจริญกรุง,2023,1,17,2023-01-17,17:00-19:00,False
10584,หลังโควิด,บ้านแขก,ประชาธิปก,2023,1,18,2023-01-18,07:00-09:00,False
10585,หลังโควิด,บ้านแขก,ประชาธิปก,2023,1,18,2023-01-18,09:00-17:00,False
10586,หลังโควิด,บ้านแขก,ประชาธิปก,2023,1,18,2023-01-18,17:00-19:00,False
10587,หลังโควิด,บ้านแขก,อิสรภาพ,2023,1,18,2023-01-18,07:00-09:00,False
10588,หลังโควิด,บ้านแขก,อิสรภาพ,2023,1,18,2023-01-18,09:00-17:00,False
10589,หลังโควิด,บ้านแขก,อิสรภาพ,2023,1,18,2023-01-18,17:00-19:00,False
10590,หลังโควิด,ท่าดินแดง,ท่าดินแดง,2023,1,19,2023-01-19,07:00-09:00,False
10591,หลังโควิด,ท่าดินแดง,ท่าดินแดง,2023,1,19,2023-01-19,09:00-17:00,False
10592,หลังโควิด,ท่าดินแดง,ท่าดินแดง,2023,1,19,2023-01-19,17:00-19:00,False
10593,หลังโควิด,ท่าดินแดง,สมเด็จเจ้าพระยา,2023,1,19,2023-01-19,07:00-09:00,False
10594,หลังโควิด,ท่าดินแดง,สมเด็จเจ้าพระยา,2023,1,19,2023-01-19,09:00-17:00,False
10595,หลังโควิด,ท่าดินแดง,สมเด็จเจ้าพระยา,2023,1,19,2023-01-19,17:00-19:00,False
10596,หลังโควิด,คลองสาน,เจริญนคร,2023,1,20,2023-01-20,07:00-09:00,False
10597,หลังโควิด,คลองสาน,เจริญนคร,2023,1,20,2023-01-20,09:00-17:00,False
10598,หลังโควิด,คลองสาน,เจริญนคร,2023,1,20,2023-01-20,17:00-19:00,False
10599,หลังโควิด,คลองสาน,สมเด็จเจ้าพระยา,2023,1,20,2023-01-20,07:00-09:00,False
10600,หลังโควิด,คลองสาน,สมเด็จเจ้าพระยา,2023,1,20,2023-01-20,09:00-17:00,False
10601,หลังโควิด,คลองสาน,สมเด็จเจ้าพระยา,2023,1,20,2023-01-20,17:00-19:00,False
10602,หลังโควิด,คลองสาน,ลาดหญ้า,2023,1,20,2023-01-20,07:00-09:00,False
10603,หลังโควิด,คลองสาน,ลาดหญ้า,2023,1,20,2023-01-20,09:00-17:00,False
10604,หลังโควิด,คลองสาน,ลาดหญ้า,2023,1,20,2023-01-20,17:00-19:00,False
10653,หลังโควิด,สามเหลี่ยมดินแดง,ราชปรารภ,2023,1,30,2023-01-30,07:00-09:00,False
10654,หลังโควิด,สามเหลี่ยมดินแดง,ราชปรารภ,2023,1,30,2023-01-30,09:00-17:00,False
10655,หลังโควิด,สามเหลี่ยมดินแดง,ราชปรารภ,2023,1,30,2023-01-30,17:00-19:00,False
10659,หลังโควิด,สามเหลี่ยมดินแดง,ราชวิถี ,2023,1,30,2023-01-30,07:00-09:00,False
10660,หลังโควิด,สามเหลี่ยมดินแดง,ราชวิถี ,2023,1,30,2023-01-30,09:00-17:00,False
10661,หลังโควิด,สามเหลี่ยมดินแดง,ราชวิถี ,2023,1,30,2023-01-30,17:00-19:00,False
10662,หลังโควิด,สามเหลี่ยมดินแดง,ดินแดง,2023,1,30,2023-01-30,07:00-09:00,False
10663,หลังโควิด,สามเหลี่ยมดินแดง,ดินแดง,2023,1,30,2023-01-30,09:00-17:00,False
10664,หลังโควิด,สามเหลี่ยมดินแดง,ดินแดง,2023,1,30,2023-01-30,17:00-19:00,False
10668,หลังโควิด,วงเวียนหลักสี่,พหลโยธิน,2023,1,31,2023-01-31,07:00-09:00,False
10669,หลังโควิด,วงเวียนหลักสี่,พหลโยธิน,2023,1,31,2023-01-31,09:00-17:00,False
10670,หลังโควิด,วงเวียนหลักสี่,พหลโยธิน,2023,1,31,2023-01-31,17:00-19:00,False
10671,หลังโควิด,วงเวียนหลักสี่,แจ้งวัฒนะ,2023,1,31,2023-01-31,07:00-09:00,False
10672,หลังโควิด,วงเวียนหลักสี่,แจ้งวัฒนะ,2023,1,31,2023-01-31,09:00-17:00,False
10673,หลังโควิด,วงเวียนหลักสี่,แจ้งวัฒนะ,2023,1,31,2023-01-31,17:00-19:00,False
10674,หลังโควิด,วงเวียนหลักสี่,รามอินทรา,2023,1,31,2023-01-31,07:00-09:00,False
10675,หลังโควิด,วงเวียนหลักสี่,รามอินทรา,2023,1,31,2023-01-31,09:00-17:00,False
10676,หลังโควิด,วงเวียนหลักสี่,รามอินทรา,2023,1,31,2023-01-31,17:00-19:00,False
10677,หลังโควิด,ราชเทวี,พญาไท,2023,2,1,2023-02-01,07:00-09:00,False
10678,หลังโควิด,ราชเทวี,พญาไท,2023,2,1,2023-02-01,09:00-17:00,False
10679,หลังโควิด,ราชเทวี,พญาไท,2023,2,1,2023-02-01,17:00-19:00,False
10680,หลังโควิด,ราชเทวี,เพชรบุรี,2023,2,1,2023-02-01,07:00-09:00,False
10681,หลังโควิด,ราชเทวี,เพชรบุรี,2023,2,1,2023-02-01,09:00-17:00,False
10682,หลังโควิด,ราชเทวี,เพชรบุรี,2023,2,1,2023-02-01,17:00-19:00,False
10683,หลังโควิด,บางพลัด,จรัญสนิทวงศ์,2023,2,2,2023-02-02,07:00-09:00,False
10684,หลังโควิด,บางพลัด,จรัญสนิทวงศ์,2023,2,2,2023-02-02,09:00-17:00,False
10685,หลังโควิด,บางพลัด,จรัญสนิทวงศ์,2023,2,2,2023-02-02,17:00-19:00,False
10686,หลังโควิด,บางพลัด,สิรินธร,2023,2,2,2023-02-02,07:00-09:00,False
10687,หลังโควิด,บางพลัด,สิรินธร,2023,2,2,2023-02-02,09:00-17:00,False
10688,หลังโควิด,บางพลัด,สิรินธร,2023,2,2,2023-02-02,17:00-19:00,False
10689,หลังโควิด,บางพลัด,ราชวิถี,2023,2,2,2023-02-02,07:00-09:00,False
10690,หลังโควิด,บางพลัด,ราชวิถี,2023,2,2,2023-02-02,09:00-17:00,False
10691,หลังโควิด,บางพลัด,ราชวิถี,2023,2,2,2023-02-02,17:00-19:00,False
10692,หลังโควิด,ประชานิเวศน์,ประชาชื่น,2023,2,6,2023-02-06,07:00-09:00,False
10693,หลังโควิด,ประชานิเวศน์,ประชาชื่น,2023,2,6,2023-02-06,09:00-17:00,False
10694,หลังโควิด,ประชานิเวศน์,ประชาชื่น,2023,2,6,2023-02-06,17:00-19:00,False
10695,หลังโควิด,ประชานิเวศน์,เทศบาลสงเคราะห์,2023,2,6,2023-02-06,07:00-09:00,False
10696,หลังโควิด,ประชานิเวศน์,เทศบาลสงเคราะห์,2023,2,6,2023-02-06,09:00-17:00,False
10697,หลังโควิด,ประชานิเวศน์,เทศบาลสงเคราะห์,2023,2,6,2023-02-06,17:00-19:00,False
10716,หลังโควิด,พระราม 9,รัชดาภิเษก,2023,2,8,2023-02-08,07:00-09:00,False
10717,หลังโควิด,พระราม 9,รัชดาภิเษก,2023,2,8,2023-02-08,09:00-17:00,False
10718,หลังโควิด,พระราม 9,รัชดาภิเษก,2023,2,8,2023-02-08,17:00-19:00,False
10719,หลังโควิด,พระราม 9,อโศกดินแดง,2023,2,8,2023-02-08,07:00-09:00,False
10720,หลังโควิด,พระราม 9,อโศกดินแดง,2023,2,8,2023-02-08,09:00-17:00,False
10721,หลังโควิด,พระราม 9,อโศกดินแดง,2023,2,8,2023-02-08,17:00-19:00,False
10722,หลังโควิด,พระราม 9,พระราม 9,2023,2,8,2023-02-08,07:00-09:00,False
10723,หลังโควิด,พระราม 9,พระราม 9,2023,2,8,2023-02-08,09:00-17:00,False
10724,หลังโควิด,พระราม 9,พระราม 9,2023,2,8,2023-02-08,17:00-19:00,False
10731,หลังโควิด,ประเสริฐมนูกิจ - ประดิษฐ์มนูธรรม,ประดิษฐ์มนูธรรม,2023,2,10,2023-02-10,07:00-09:00,False
10732,หลังโควิด,ประเสริฐมนูกิจ - ประดิษฐ์มนูธรรม,ประดิษฐ์มนูธรรม,2023,2,10,2023-02-10,09:00-17:00,False
10733,หลังโควิด,ประเสริฐมนูกิจ - ประดิษฐ์มนูธรรม,ประดิษฐ์มนูธรรม,2023,2,10,2023-02-10,17:00-19:00,False
10734,หลังโควิด,ประเสริฐมนูกิจ - ประดิษฐ์มนูธรรม,ประเสริฐมนูกิจ,2023,2,10,2023-02-10,07:00-09:00,False
10735,หลังโควิด,ประเสริฐมนูกิจ - ประดิษฐ์มนูธรรม,ประเสริฐมนูกิจ,2023,2,10,2023-02-10,09:00-17:00,False
10736,หลังโควิด,ประเสริฐมนูกิจ - ประดิษฐ์มนูธรรม,ประเสริฐมนูกิจ,2023,2,10,2023-02-10,17:00-19:00,False
10755,หลังโควิด,ศรีย่าน,สามเสน,2023,2,17,2023-02-17,07:00-09:00,False
10756,หลังโควิด,ศรีย่าน,สามเสน,2023,2,17,2023-02-17,09:00-17:00,False
10757,หลังโควิด,ศรีย่าน,สามเสน,2023,2,17,2023-02-17,17:00-19:00,False
10758,หลังโควิด,ศรีย่าน,นครไชยศรี,2023,2,17,2023-02-17,07:00-09:00,False
10759,หลังโควิด,ศรีย่าน,นครไชยศรี,2023,2,17,2023-02-17,09:00-17:00,False
10760,หลังโควิด,ศรีย่าน,นครไชยศรี,2023,2,17,2023-02-17,17:00-19:00,False
10761,หลังโควิด,บางกระบือ,สามเสน,2023,2,20,2023-02-20,07:00-09:00,False
10762,หลังโควิด,บางกระบือ,สามเสน,2023,2,20,2023-02-20,09:00-17:00,False
10763,หลังโควิด,บางกระบือ,สามเสน,2023,2,20,2023-02-20,17:00-19:00,False
10764,หลังโควิด,บางกระบือ,เขียวไข่กา,2023,2,20,2023-02-20,07:00-09:00,False
10765,หลังโควิด,บางกระบือ,เขียวไข่กา,2023,2,20,2023-02-20,09:00-17:00,False
10766,หลังโควิด,บางกระบือ,เขียวไข่กา,2023,2,20,2023-02-20,17:00-19:00,False
10767,หลังโควิด,บางกระบือ,อำนวยสงคราม,2023,2,20,2023-02-20,07:00-09:00,False
10768,หลังโควิด,บางกระบือ,อำนวยสงคราม,2023,2,20,2023-02-20,09:00-17:00,False
10769,หลังโควิด,บางกระบือ,อำนวยสงคราม,2023,2,20,2023-02-20,17:00-19:00,False
10770,หลังโควิด,เกียกกาย,สามเสน,2023,2,21,2023-02-21,07:00-09:00,False
10771,หลังโควิด,เกียกกาย,สามเสน,2023,2,21,2023-02-21,09:00-17:00,False
10772,หลังโควิด,เกียกกาย,สามเสน,2023,2,21,2023-02-21,17:00-19:00,False
10773,หลังโควิด,เกียกกาย,ทหาร,2023,2,21,2023-02-21,07:00-09:00,False
10774,หลังโควิด,เกียกกาย,ทหาร,2023,2,21,2023-02-21,09:00-17:00,False
10775,หลังโควิด,เกียกกาย,ทหาร,2023,2,21,2023-02-21,17:00-19:00,False
10776,หลังโควิด,เกียกกาย,ประชาราษฎร์สาย 1,2023,2,21,2023-02-21,07:00-09:00,False
10777,หลังโควิด,เกียกกาย,ประชาราษฎร์สาย 1,2023,2,21,2023-02-21,09:00-17:00,False
10778,หลังโควิด,เกียกกาย,ประชาราษฎร์สาย 1,2023,2,21,2023-02-21,17:00-19:00,False
10779,หลังโควิด,เทเวศร์,สามเสน,2023,2,22,2023-02-22,07:00-09:00,False
10780,หลังโควิด,เทเวศร์,สามเสน,2023,2,22,2023-02-22,09:00-17:00,False
10781,หลังโควิด,เทเวศร์,สามเสน,2023,2,22,2023-02-22,17:00-19:00,False
10782,หลังโควิด,เทเวศร์,กรุงเกษม,2023,2,22,2023-02-22,07:00-09:00,False
10783,หลังโควิด,เทเวศร์,กรุงเกษม,2023,2,22,2023-02-22,09:00-17:00,False
10784,หลังโควิด,เทเวศร์,กรุงเกษม,2023,2,22,2023-02-22,17:00-19:00,False
10791,หลังโควิด,บางลำพู,สามเสน,2023,2,24,2023-02-24,07:00-09:00,False
10792,หลังโควิด,บางลำพู,สามเสน,2023,2,24,2023-02-24,09:00-17:00,False
10793,หลังโควิด,บางลำพู,สามเสน,2023,2,24,2023-02-24,17:00-19:00,False
10803,หลังโควิด,วัดสน,สุขสวัสดิ์,2023,2,27,2023-02-27,07:00-09:00,False
10804,หลังโควิด,วัดสน,สุขสวัสดิ์,2023,2,27,2023-02-27,09:00-17:00,False
10805,หลังโควิด,วัดสน,สุขสวัสดิ์,2023,2,27,2023-02-27,17:00-19:00,False
10818,หลังโควิด,การเรือน,ราชวิถี,2023,3,1,2023-03-01,07:00-09:00,False
10819,หลังโควิด,การเรือน,ราชวิถี,2023,3,1,2023-03-01,09:00-17:00,False
10820,หลังโควิด,การเรือน,ราชวิถี,2023,3,1,2023-03-01,17:00-19:00,False
10821,หลังโควิด,เจริญราษฎร์,เจริญราษฎร์,2023,3,2,2023-03-02,07:00-09:00,False
10822,หลังโควิด,เจริญราษฎร์,เจริญราษฎร์,2023,3,2,2023-03-02,09:00-17:00,False
10823,หลังโควิด,เจริญราษฎร์,เจริญราษฎร์,2023,3,2,2023-03-02,17:00-19:00,False
10827,หลังโควิด,กำแพงเพชร,พหลโยธิน,2023,3,3,2023-03-03,07:00-09:00,False
10828,หลังโควิด,กำแพงเพชร,พหลโยธิน,2023,3,3,2023-03-03,09:00-17:00,False
10829,หลังโควิด,กำแพงเพชร,พหลโยธิน,2023,3,3,2023-03-03,17:00-19:00,False
10830,หลังโควิด,กำแพงเพชร,กำแพงเพชร,2023,3,3,2023-03-03,07:00-09:00,False
10831,หลังโควิด,กำแพงเพชร,กำแพงเพชร,2023,3,3,2023-03-03,09:00-17:00,False
10832,หลังโควิด,กำแพงเพชร,กำแพงเพชร,2023,3,3,2023-03-03,17:00-19:00,False
10836,หลังโควิด,ประชาสงเคราะห์,ประชาสงเคราะห์,2023,3,7,2023-03-07,07:00-09:00,False
10837,หลังโควิด,ประชาสงเคราะห์,ประชาสงเคราะห์,2023,3,7,2023-03-07,09:00-17:00,False
10838,หลังโควิด,ประชาสงเคราะห์,ประชาสงเคราะห์,2023,3,7,2023-03-07,17:00-19:00,False
10839,หลังโควิด,ประชาสงเคราะห์,ดินแดง,2023,3,7,2023-03-07,07:00-09:00,False
10840,หลังโควิด,ประชาสงเคราะห์,ดินแดง,2023,3,7,2023-03-07,09:00-17:00,False
10841,หลังโควิด,ประชาสงเคราะห์,ดินแดง,2023,3,7,2023-03-07,17:00-19:00,False
10929,หลังโควิด,นิด้า,ศรีบูรพา,2023,3,23,2023-03-23,07:00-09:00,False
10930,หลังโควิด,นิด้า,ศรีบูรพา,2023,3,23,2023-03-23,09:00-17:00,False
10931,หลังโควิด,นิด้า,ศรีบูรพา,2023,3,23,2023-03-23,17:00-19:00,False
10932,หลังโควิด,นิด้า,เสรีไทย,2023,3,23,2023-03-23,07:00-09:00,False
10933,หลังโควิด,นิด้า,เสรีไทย,2023,3,23,2023-03-23,09:00-17:00,False
10934,หลังโควิด,นิด้า,เสรีไทย,2023,3,23,2023-03-23,17:00-19:00,False
10935,หลังโควิด,ถนนตก,เจริญกรุง,2023,3,24,2023-03-24,07:00-09:00,False
10936,หลังโควิด,ถนนตก,เจริญกรุง,2023,3,24,2023-03-24,09:00-17:00,False
10937,หลังโควิด,ถนนตก,เจริญกรุง,2023,3,24,2023-03-24,17:00-19:00,False
10938,หลังโควิด,ถนนตก,พระรามที่ 3,2023,3,24,2023-03-24,07:00-09:00,False
10939,หลังโควิด,ถนนตก,พระรามที่ 3,2023,3,24,2023-03-24,09:00-17:00,False
10940,หลังโควิด,ถนนตก,พระรามที่ 3,2023,3,24,2023-03-24,17:00-19:00,False
10947,หลังโควิด,ห้วยขวาง,รัชดาภิเษก,2023,3,28,2023-03-28,07:00-09:00,False
10948,หลังโควิด,ห้วยขวาง,รัชดาภิเษก,2023,3,28,2023-03-28,09:00-17:00,False
10949,หลังโควิด,ห้วยขวาง,รัชดาภิเษก,2023,3,28,2023-03-28,17:00-19:00,False
10950,หลังโควิด,ห้วยขวาง,ประชาสงเคราะห์,2023,3,28,2023-03-28,07:00-09:00,False
10951,หลังโควิด,ห้วยขวาง,ประชาสงเคราะห์,2023,3,28,2023-03-28,09:00-17:00,False
10952,หลังโควิด,ห้วยขวาง,ประชาสงเคราะห์,2023,3,28,2023-03-28,17:00-19:00,False
10953,หลังโควิด,ห้วยขวาง,ประชาราษฎร์บำเพ็ญ,2023,3,28,2023-03-28,07:00-09:00,False
10954,หลังโควิด,ห้วยขวาง,ประชาราษฎร์บำเพ็ญ,2023,3,28,2023-03-28,09:00-17:00,False
10955,หลังโควิด,ห้วยขวาง,ประชาราษฎร์บำเพ็ญ,2023,3,28,2023-03-28,17:00-19:00,False
10986,หลังโควิด,พงษ์เพชร,ประชาชื่น,2023,4,4,2023-04-04,07:00-09:00,False
10987,หลังโควิด,พงษ์เพชร,ประชาชื่น,2023,4,4,2023-04-04,09:00-17:00,False
10988,หลังโควิด,พงษ์เพชร,ประชาชื่น,2023,4,4,2023-04-04,17:00-19:00,False
10989,หลังโควิด,พงษ์เพชร,งามวงศ์วาน,2023,4,4,2023-04-04,07:00-09:00,False
10990,หลังโควิด,พงษ์เพชร,งามวงศ์วาน,2023,4,4,2023-04-04,09:00-17:00,False
10991,หลังโควิด,พงษ์เพชร,งามวงศ์วาน,2023,4,4,2023-04-04,17:00-19:00,False
10998,หลังโควิด,สี่แยกลาดหญ้า,ท่าดินแดง,2023,4,7,2023-04-07,07:00-09:00,False
10999,หลังโควิด,สี่แยกลาดหญ้า,ท่าดินแดง,2023,4,7,2023-04-07,09:00-17:00,False
11000,หลังโควิด,สี่แยกลาดหญ้า,ท่าดินแดง,2023,4,7,2023-04-07,17:00-19:00,False
11001,หลังโควิด,สี่แยกลาดหญ้า,อิสรภาพ,2023,4,7,2023-04-07,07:00-09:00,False
11002,หลังโควิด,สี่แยกลาดหญ้า,อิสรภาพ,2023,4,7,2023-04-07,09:00-17:00,False
11003,หลังโควิด,สี่แยกลาดหญ้า,อิสรภาพ,2023,4,7,2023-04-07,17:00-19:00,False
11025,หลังโควิด,เทวกรรม,นครสวรรค์,2023,4,12,2023-04-12,07:00-09:00,False
11026,หลังโควิด,เทวกรรม,นครสวรรค์,2023,4,12,2023-04-12,09:00-17:00,False
11027,หลังโควิด,เทวกรรม,นครสวรรค์,2023,4,12,2023-04-12,17:00-19:00,False
11028,หลังโควิด,เทวกรรม,กรุงเกษม,2023,4,12,2023-04-12,07:00-09:00,False
11029,หลังโควิด,เทวกรรม,กรุงเกษม,2023,4,12,2023-04-12,09:00-17:00,False
11030,หลังโควิด,เทวกรรม,กรุงเกษม,2023,4,12,2023-04-12,17:00-19:00,False
11031,หลังโควิด,พัฒนาการ,ศรีนครินทร์,2023,4,18,2023-04-18,07:00-09:00,False
11032,หลังโควิด,พัฒนาการ,ศรีนครินทร์,2023,4,18,2023-04-18,09:00-17:00,False
11033,หลังโควิด,พัฒนาการ,ศรีนครินทร์,2023,4,18,2023-04-18,17:00-19:00,False
11034,หลังโควิด,พัฒนาการ,พัฒนาการ,2023,4,18,2023-04-18,07:00-09:00,False
11035,หลังโควิด,พัฒนาการ,พัฒนาการ,2023,4,18,2023-04-18,09:00-17:00,False
11036,หลังโควิด,พัฒนาการ,พัฒนาการ,2023,4,18,2023-04-18,17:00-19:00,False
11037,หลังโควิด,สีลม - นราธิวาส,นราธิวาสราชนครินทร์,2023,4,19,2023-04-19,07:00-09:00,False
11038,หลังโควิด,สีลม - นราธิวาส,นราธิวาสราชนครินทร์,2023,4,19,2023-04-19,09:00-17:00,False
11039,หลังโควิด,สีลม - นราธิวาส,นราธิวาสราชนครินทร์,2023,4,19,2023-04-19,17:00-19:00,False
11040,หลังโควิด,สีลม - นราธิวาส,สีลม,2023,4,19,2023-04-19,07:00-09:00,False
11041,หลังโควิด,สีลม - นราธิวาส,สีลม,2023,4,19,2023-04-19,09:00-17:00,False
11042,หลังโควิด,สีลม - นราธิวาส,สีลม,2023,4,19,2023-04-19,17:00-19:00,False
11046,หลังโควิด,ศิริราช,พรานนก,2023,4,20,2023-04-20,07:00-09:00,False
11047,หลังโควิด,ศิริราช,พรานนก,2023,4,20,2023-04-20,09:00-17:00,False
11048,หลังโควิด,ศิริราช,พรานนก,2023,4,20,2023-04-20,17:00-19:00,False
11052,หลังโควิด,สะพานเหลือง,บรรทัดทอง,2023,4,21,2023-04-21,07:00-09:00,False
11053,หลังโควิด,สะพานเหลือง,บรรทัดทอง,2023,4,21,2023-04-21,09:00-17:00,False
11054,หลังโควิด,สะพานเหลือง,บรรทัดทอง,2023,4,21,2023-04-21,17:00-19:00,False
11055,หลังโควิด,สะพานเหลือง,พระรามที่ 4,2023,4,21,2023-04-21,07:00-09:00,False
11056,หลังโควิด,สะพานเหลือง,พระรามที่ 4,2023,4,21,2023-04-21,09:00-17:00,False
11057,หลังโควิด,สะพานเหลือง,พระรามที่ 4,2023,4,21,2023-04-21,17:00-19:00,False
11058,หลังโควิด,บางโพ,ประชาราษฎร์สาย 1,2023,4,24,2023-04-24,07:00-09:00,False
11059,หลังโควิด,บางโพ,ประชาราษฎร์สาย 1,2023,4,24,2023-04-24,09:00-17:00,False
11060,หลังโควิด,บางโพ,ประชาราษฎร์สาย 1,2023,4,24,2023-04-24,17:00-19:00,False
11061,หลังโควิด,บางโพ,ประชาราษฎร์สาย 2,2023,4,24,2023-04-24,07:00-09:00,False
11062,หลังโควิด,บางโพ,ประชาราษฎร์สาย 2,2023,4,24,2023-04-24,09:00-17:00,False
11063,หลังโควิด,บางโพ,ประชาราษฎร์สาย 2,2023,4,24,2023-04-24,17:00-19:00,False
11067,หลังโควิด,มิตรสัมพันธ์,เพชรบุรี,2023,4,25,2023-04-25,07:00-09:00,False
11068,หลังโควิด,มิตรสัมพันธ์,เพชรบุรี,2023,4,25,2023-04-25,09:00-17:00,False
11069,หลังโควิด,มิตรสัมพันธ์,เพชรบุรี,2023,4,25,2023-04-25,17:00-19:00,False
11070,หลังโควิด,จันทน์ - เจริญราษฎร์,เจริญราษฎร์,2023,4,26,2023-04-26,07:00-09:00,False
11071,หลังโควิด,จันทน์ - เจริญราษฎร์,เจริญราษฎร์,2023,4,26,2023-04-26,09:00-17:00,False
11072,หลังโควิด,จันทน์ - เจริญราษฎร์,เจริญราษฎร์,2023,4,26,2023-04-26,17:00-19:00,False
11073,หลังโควิด,จันทน์ - เจริญราษฎร์,จันทน์,2023,4,26,2023-04-26,07:00-09:00,False
11074,หลังโควิด,จันทน์ - เจริญราษฎร์,จันทน์,2023,4,26,2023-04-26,09:00-17:00,False
11075,หลังโควิด,จันทน์ - เจริญราษฎร์,จันทน์,2023,4,26,2023-04-26,17:00-19:00,False
11103,หลังโควิด,ปทุมวัน,พญาไท,2023,5,3,2023-05-03,07:00-09:00,False
11104,หลังโควิด,ปทุมวัน,พญาไท,2023,5,3,2023-05-03,09:00-17:00,False
11105,หลังโควิด,ปทุมวัน,พญาไท,2023,5,3,2023-05-03,17:00-19:00,False
11106,หลังโควิด,ปทุมวัน,พระรามที่ 1,2023,5,3,2023-05-03,07:00-09:00,False
11107,หลังโควิด,ปทุมวัน,พระรามที่ 1,2023,5,3,2023-05-03,09:00-17:00,False
11108,หลังโควิด,ปทุมวัน,พระรามที่ 1,2023,5,3,2023-05-03,17:00-19:00,False
11118,หลังโควิด,พุทธมณฑลสาย 3,พุทธมณฑลสาย 3,2023,5,9,2023-05-09,07:00-09:00,False
11119,หลังโควิด,พุทธมณฑลสาย 3,พุทธมณฑลสาย 3,2023,5,9,2023-05-09,09:00-17:00,False
11120,หลังโควิด,พุทธมณฑลสาย 3,พุทธมณฑลสาย 3,2023,5,9,2023-05-09,17:00-19:00,False
11121,หลังโควิด,พุทธมณฑลสาย 3,เพชรเกษม,2023,5,9,2023-05-09,07:00-09:00,False
11122,หลังโควิด,พุทธมณฑลสาย 3,เพชรเกษม,2023,5,9,2023-05-09,09:00-17:00,False
11123,หลังโควิด,พุทธมณฑลสาย 3,เพชรเกษม,2023,5,9,2023-05-09,17:00-19:00,False
11133,หลังโควิด,ตากสิน,สมเด็จพระเจ้าตากสิน,2023,5,11,2023-05-11,07:00-09:00,False
11134,หลังโควิด,ตากสิน,สมเด็จพระเจ้าตากสิน,2023,5,11,2023-05-11,09:00-17:00,False
11135,หลังโควิด,ตากสิน,สมเด็จพระเจ้าตากสิน,2023,5,11,2023-05-11,17:00-19:00,False
11136,หลังโควิด,ตากสิน,ราชพฤกษ์,2023,5,11,2023-05-11,07:00-09:00,False
11137,หลังโควิด,ตากสิน,ราชพฤกษ์,2023,5,11,2023-05-11,09:00-17:00,False
11138,หลังโควิด,ตากสิน,ราชพฤกษ์,2023,5,11,2023-05-11,17:00-19:00,False
11139,หลังโควิด,ตากสิน,กรุงธนบุรี,2023,5,11,2023-05-11,07:00-09:00,False
11140,หลังโควิด,ตากสิน,กรุงธนบุรี,2023,5,11,2023-05-11,09:00-17:00,False
11141,หลังโควิด,ตากสิน,กรุงธนบุรี,2023,5,11,2023-05-11,17:00-19:00,False
11154,หลังโควิด,ลาซาล,สุขุมวิท,2023,5,16,2023-05-16,07:00-09:00,False
11155,หลังโควิด,ลาซาล,สุขุมวิท,2023,5,16,2023-05-16,09:00-17:00,False
11156,หลังโควิด,ลาซาล,สุขุมวิท,2023,5,16,2023-05-16,17:00-19:00,False
11166,หลังโควิด,ประชาเกษม,ประชาธิปไตย,2023,5,19,2023-05-19,07:00-09:00,False
11167,หลังโควิด,ประชาเกษม,ประชาธิปไตย,2023,5,19,2023-05-19,09:00-17:00,False
11168,หลังโควิด,ประชาเกษม,ประชาธิปไตย,2023,5,19,2023-05-19,17:00-19:00,False
11169,หลังโควิด,ประชาเกษม,นครราชสีมา,2023,5,19,2023-05-19,07:00-09:00,False
11170,หลังโควิด,ประชาเกษม,นครราชสีมา,2023,5,19,2023-05-19,09:00-17:00,False
11171,หลังโควิด,ประชาเกษม,นครราชสีมา,2023,5,19,2023-05-19,17:00-19:00,False
11172,หลังโควิด,ประชาเกษม,กรุงเกษม,2023,5,19,2023-05-19,07:00-09:00,False
11173,หลังโควิด,ประชาเกษม,กรุงเกษม,2023,5,19,2023-05-19,09:00-17:00,False
11174,หลังโควิด,ประชาเกษม,กรุงเกษม,2023,5,19,2023-05-19,17:00-19:00,False
11175,หลังโควิด,สะพานควาย,พหลโยธิน,2023,5,22,2023-05-22,07:00-09:00,False
11176,หลังโควิด,สะพานควาย,พหลโยธิน,2023,5,22,2023-05-22,09:00-17:00,False
11177,หลังโควิด,สะพานควาย,พหลโยธิน,2023,5,22,2023-05-22,17:00-19:00,False
11178,หลังโควิด,สะพานควาย,ประดิพัทธ์,2023,5,22,2023-05-22,07:00-09:00,False
11179,หลังโควิด,สะพานควาย,ประดิพัทธ์,2023,5,22,2023-05-22,09:00-17:00,False
11180,หลังโควิด,สะพานควาย,ประดิพัทธ์,2023,5,22,2023-05-22,17:00-19:00,False
11181,หลังโควิด,สะพานควาย,สุทธิสาร,2023,5,22,2023-05-22,07:00-09:00,False
11182,หลังโควิด,สะพานควาย,สุทธิสาร,2023,5,22,2023-05-22,09:00-17:00,False
11183,หลังโควิด,สะพานควาย,สุทธิสาร,2023,5,22,2023-05-22,17:00-19:00,False
11184,หลังโควิด,ราชวัตร,พระรามที่ 5,2023,5,23,2023-05-23,07:00-09:00,False
11185,หลังโควิด,ราชวัตร,พระรามที่ 5,2023,5,23,2023-05-23,09:00-17:00,False
11186,หลังโควิด,ราชวัตร,พระรามที่ 5,2023,5,23,2023-05-23,17:00-19:00,False
11187,หลังโควิด,ราชวัตร,นครไชยศรี,2023,5,23,2023-05-23,07:00-09:00,False
11188,หลังโควิด,ราชวัตร,นครไชยศรี,2023,5,23,2023-05-23,09:00-17:00,False
11189,หลังโควิด,ราชวัตร,นครไชยศรี,2023,5,23,2023-05-23,17:00-19:00,False
11190,หลังโควิด,สุวินทวงศ์ - ราษฎร์อุทิศ,ราษฎร์อุทิศ,2023,5,24,2023-05-24,07:00-09:00,False
11191,หลังโควิด,สุวินทวงศ์ - ราษฎร์อุทิศ,ราษฎร์อุทิศ,2023,5,24,2023-05-24,09:00-17:00,False
11192,หลังโควิด,สุวินทวงศ์ - ราษฎร์อุทิศ,ราษฎร์อุทิศ,2023,5,24,2023-05-24,17:00-19:00,False
11193,หลังโควิด,สุวินทวงศ์ - ราษฎร์อุทิศ,สุวินทวงศ์,2023,5,24,2023-05-24,07:00-09:00,False
11194,หลังโควิด,สุวินทวงศ์ - ราษฎร์อุทิศ,สุวินทวงศ์,2023,5,24,2023-05-24,09:00-17:00,False
11195,หลังโควิด,สุวินทวงศ์ - ราษฎร์อุทิศ,สุวินทวงศ์,2023,5,24,2023-05-24,17:00-19:00,False
11199,หลังโควิด,บรมราชชนนี,จรัญสนิทวงศ์,2023,5,25,2023-05-25,07:00-09:00,False
11200,หลังโควิด,บรมราชชนนี,จรัญสนิทวงศ์,2023,5,25,2023-05-25,09:00-17:00,False
11201,หลังโควิด,บรมราชชนนี,จรัญสนิทวงศ์,2023,5,25,2023-05-25,17:00-19:00,False
11202,หลังโควิด,บรมราชชนนี,บรมราชชนนี,2023,5,25,2023-05-25,07:00-09:00,False
11203,หลังโควิด,บรมราชชนนี,บรมราชชนนี,2023,5,25,2023-05-25,09:00-17:00,False
11204,หลังโควิด,บรมราชชนนี,บรมราชชนนี,2023,5,25,2023-05-25,17:00-19:00,False
11208,หลังโควิด,ราชประสงค์,ราชดำริ,2023,5,29,2023-05-29,07:00-09:00,False
11209,หลังโควิด,ราชประสงค์,ราชดำริ,2023,5,29,2023-05-29,09:00-17:00,False
11210,หลังโควิด,ราชประสงค์,ราชดำริ,2023,5,29,2023-05-29,17:00-19:00,False
11211,หลังโควิด,ราชประสงค์,พระรามที่ 1,2023,5,29,2023-05-29,07:00-09:00,False
11212,หลังโควิด,ราชประสงค์,พระรามที่ 1,2023,5,29,2023-05-29,09:00-17:00,False
11213,หลังโควิด,ราชประสงค์,พระรามที่ 1,2023,5,29,2023-05-29,17:00-19:00,False
11214,หลังโควิด,ราชประสงค์,เพลินจิต,2023,5,29,2023-05-29,07:00-09:00,False
11215,หลังโควิด,ราชประสงค์,เพลินจิต,2023,5,29,2023-05-29,09:00-17:00,False
11216,หลังโควิด,ราชประสงค์,เพลินจิต,2023,5,29,2023-05-29,17:00-19:00,False
11238,หลังโควิด,ประตูน้ำ,ราชดำริ,2023,5,31,2023-05-31,07:00-09:00,False
11239,หลังโควิด,ประตูน้ำ,ราชดำริ,2023,5,31,2023-05-31,09:00-17:00,False
11240,หลังโควิด,ประตูน้ำ,ราชดำริ,2023,5,31,2023-05-31,17:00-19:00,False
11241,หลังโควิด,ประตูน้ำ,ราชปรารภ,2023,5,31,2023-05-31,07:00-09:00,False
11242,หลังโควิด,ประตูน้ำ,ราชปรารภ,2023,5,31,2023-05-31,09:00-17:00,False
11243,หลังโควิด,ประตูน้ำ,ราชปรารภ,2023,5,31,2023-05-31,17:00-19:00,False
11244,หลังโควิด,ประตูน้ำ,เพชรบุรี,2023,5,31,2023-05-31,07:00-09:00,False
11245,หลังโควิด,ประตูน้ำ,เพชรบุรี,2023,5,31,2023-05-31,09:00-17:00,False
11246,หลังโควิด,ประตูน้ำ,เพชรบุรี,2023,5,31,2023-05-31,17:00-19:00,False
11253,หลังโควิด,ทองหล่อ,สุขุมวิท,2023,6,6,2023-06-06,07:00-09:00,False
11254,หลังโควิด,ทองหล่อ,สุขุมวิท,2023,6,6,2023-06-06,09:00-17:00,False
11255,หลังโควิด,ทองหล่อ,สุขุมวิท,2023,6,6,2023-06-06,17:00-19:00,False
11265,หลังโควิด,ลาดปลาเค้า,ลาดปลาเค้า,2023,6,7,2023-06-07,07:00-09:00,False
11266,หลังโควิด,ลาดปลาเค้า,ลาดปลาเค้า,2023,6,7,2023-06-07,09:00-17:00,False
11267,หลังโควิด,ลาดปลาเค้า,ลาดปลาเค้า,2023,6,7,2023-06-07,17:00-19:00,False
11268,หลังโควิด,ลาดปลาเค้า,รามอินทรา,2023,6,7,2023-06-07,07:00-09:00,False
11269,หลังโควิด,ลาดปลาเค้า,รามอินทรา,2023,6,7,2023-06-07,09:00-17:00,False
11270,หลังโควิด,ลาดปลาเค้า,รามอินทรา,2023,6,7,2023-06-07,17:00-19:00,False
11289,หลังโควิด,ด่วนนางลิ้นจี่,นางลิ้นจี่,2023,6,12,2023-06-12,07:00-09:00,False
11290,หลังโควิด,ด่วนนางลิ้นจี่,นางลิ้นจี่,2023,6,12,2023-06-12,09:00-17:00,False
11291,หลังโควิด,ด่วนนางลิ้นจี่,นางลิ้นจี่,2023,6,12,2023-06-12,17:00-19:00,False
11292,หลังโควิด,ด่วนนางลิ้นจี่,รัชดาภิเษก,2023,6,12,2023-06-12,07:00-09:00,False
11293,หลังโควิด,ด่วนนางลิ้นจี่,รัชดาภิเษก,2023,6,12,2023-06-12,09:00-17:00,False
11294,หลังโควิด,ด่วนนางลิ้นจี่,รัชดาภิเษก,2023,6,12,2023-06-12,17:00-19:00,False
11331,หลังโควิด,เจริญนครใต้,เจริญนคร,2023,6,16,2023-06-16,07:00-09:00,False
11332,หลังโควิด,เจริญนครใต้,เจริญนคร,2023,6,16,2023-06-16,09:00-17:00,False
11333,หลังโควิด,เจริญนครใต้,เจริญนคร,2023,6,16,2023-06-16,17:00-19:00,False
11334,หลังโควิด,เจริญนครใต้,กรุงธนบุรี,2023,6,16,2023-06-16,07:00-09:00,False
11335,หลังโควิด,เจริญนครใต้,กรุงธนบุรี,2023,6,16,2023-06-16,09:00-17:00,False
11336,หลังโควิด,เจริญนครใต้,กรุงธนบุรี,2023,6,16,2023-06-16,17:00-19:00,False
11394,หลังโควิด,ศรีอยุธยา,พระรามที่ 6,2023,6,26,2023-06-26,07:00-09:00,False
11395,หลังโควิด,ศรีอยุธยา,พระรามที่ 6,2023,6,26,2023-06-26,09:00-17:00,False
11396,หลังโควิด,ศรีอยุธยา,พระรามที่ 6,2023,6,26,2023-06-26,17:00-19:00,False
11397,หลังโควิด,ศรีอยุธยา,ศรีอยุธยา,2023,6,26,2023-06-26,07:00-09:00,False
11398,หลังโควิด,ศรีอยุธยา,ศรีอยุธยา,2023,6,26,2023-06-26,09:00-17:00,False
11399,หลังโควิด,ศรีอยุธยา,ศรีอยุธยา,2023,6,26,2023-06-26,17:00-19:00,False
11406,หลังโควิด,ราชดำริ,ราชดำริ,2023,6,28,2023-06-28,07:00-09:00,False
11407,หลังโควิด,ราชดำริ,ราชดำริ,2023,6,28,2023-06-28,09:00-17:00,False
11408,หลังโควิด,ราชดำริ,ราชดำริ,2023,6,28,2023-06-28,17:00-19:00,False
11409,หลังโควิด,ราชดำริ,สารสิน,2023,6,28,2023-06-28,07:00-09:00,False
11410,หลังโควิด,ราชดำริ,สารสิน,2023,6,28,2023-06-28,09:00-17:00,False
11411,หลังโควิด,ราชดำริ,สารสิน,2023,6,28,2023-06-28,17:00-19:00,False
11412,หลังโควิด,บุคคโล,เจริญนคร,2023,6,29,2023-06-29,07:00-09:00,False
11413,หลังโควิด,บุคคโล,เจริญนคร,2023,6,29,2023-06-29,09:00-17:00,False
11414,หลังโควิด,บุคคโล,เจริญนคร,2023,6,29,2023-06-29,17:00-19:00,False
11415,หลังโควิด,บุคคโล,มไหสวรรย์,2023,6,29,2023-06-29,07:00-09:00,False
11416,หลังโควิด,บุคคโล,มไหสวรรย์,2023,6,29,2023-06-29,09:00-17:00,False
11417,หลังโควิด,บุคคโล,มไหสวรรย์,2023,6,29,2023-06-29,17:00-19:00,False
11427,หลังโควิด,วังหิน,สุขาภิบาล 1,2023,7,3,2023-07-03,07:00-09:00,False
11428,หลังโควิด,วังหิน,สุขาภิบาล 1,2023,7,3,2023-07-03,09:00-17:00,False
11429,หลังโควิด,วังหิน,สุขาภิบาล 1,2023,7,3,2023-07-03,17:00-19:00,False
11433,หลังโควิด,วังหิน,เสนานิคม,2023,7,3,2023-07-03,07:00-09:00,False
11434,หลังโควิด,วังหิน,เสนานิคม,2023,7,3,2023-07-03,09:00-17:00,False
11435,หลังโควิด,วังหิน,เสนานิคม,2023,7,3,2023-07-03,17:00-19:00,False
11445,หลังโควิด,วิสุทธิกษัตริย์,ประชาธิปไตย,2023,7,5,2023-07-05,07:00-09:00,False
11446,หลังโควิด,วิสุทธิกษัตริย์,ประชาธิปไตย,2023,7,5,2023-07-05,09:00-17:00,False
11447,หลังโควิด,วิสุทธิกษัตริย์,ประชาธิปไตย,2023,7,5,2023-07-05,17:00-19:00,False
11448,หลังโควิด,วิสุทธิกษัตริย์,วิสุทธิกษัตริย์,2023,7,5,2023-07-05,07:00-09:00,False
11449,หลังโควิด,วิสุทธิกษัตริย์,วิสุทธิกษัตริย์,2023,7,5,2023-07-05,09:00-17:00,False
11450,หลังโควิด,วิสุทธิกษัตริย์,วิสุทธิกษัตริย์,2023,7,5,2023-07-05,17:00-19:00,False
11457,หลังโควิด,พญาไท,พญาไท,2023,7,10,2023-07-10,07:00-09:00,False
11458,หลังโควิด,พญาไท,พญาไท,2023,7,10,2023-07-10,09:00-17:00,False
11459,หลังโควิด,พญาไท,พญาไท,2023,7,10,2023-07-10,17:00-19:00,False
11460,หลังโควิด,พญาไท,ศรีอยุธยา,2023,7,10,2023-07-10,07:00-09:00,False
11461,หลังโควิด,พญาไท,ศรีอยุธยา,2023,7,10,2023-07-10,09:00-17:00,False
11462,หลังโควิด,พญาไท,ศรีอยุธยา,2023,7,10,2023-07-10,17:00-19:00,False
11463,หลังโควิด,ทุ่งสาธิต,สุขุมวิท,2023,7,11,2023-07-11,07:00-09:00,False
11464,หลังโควิด,ทุ่งสาธิต,สุขุมวิท,2023,7,11,2023-07-11,09:00-17:00,False
11465,หลังโควิด,ทุ่งสาธิต,สุขุมวิท,2023,7,11,2023-07-11,17:00-19:00,False
11469,หลังโควิด,เจ้าคุณทหาร - ฉลองกรุง,ฉลองกรุง,2023,7,12,2023-07-12,07:00-09:00,False
11470,หลังโควิด,เจ้าคุณทหาร - ฉลองกรุง,ฉลองกรุง,2023,7,12,2023-07-12,09:00-17:00,False
11471,หลังโควิด,เจ้าคุณทหาร - ฉลองกรุง,ฉลองกรุง,2023,7,12,2023-07-12,17:00-19:00,False
11472,หลังโควิด,เจ้าคุณทหาร - ฉลองกรุง,เจ้าคุณทหาร,2023,7,12,2023-07-12,07:00-09:00,False
11473,หลังโควิด,เจ้าคุณทหาร - ฉลองกรุง,เจ้าคุณทหาร,2023,7,12,2023-07-12,09:00-17:00,False
11474,หลังโควิด,เจ้าคุณทหาร - ฉลองกรุง,เจ้าคุณทหาร,2023,7,12,2023-07-12,17:00-19:00,False
11478,หลังโควิด,ท่าพระ,รัชดาภิเษก,2023,7,13,2023-07-13,07:00-09:00,False
11479,หลังโควิด,ท่าพระ,รัชดาภิเษก,2023,7,13,2023-07-13,09:00-17:00,False
11480,หลังโควิด,ท่าพระ,รัชดาภิเษก,2023,7,13,2023-07-13,17:00-19:00,False
11481,หลังโควิด,ท่าพระ,จรัญสนิทวงศ์,2023,7,13,2023-07-13,07:00-09:00,False
11482,หลังโควิด,ท่าพระ,จรัญสนิทวงศ์,2023,7,13,2023-07-13,09:00-17:00,False
11483,หลังโควิด,ท่าพระ,จรัญสนิทวงศ์,2023,7,13,2023-07-13,17:00-19:00,False
11484,หลังโควิด,ท่าพระ,เพชรเกษม,2023,7,13,2023-07-13,07:00-09:00,False
11485,หลังโควิด,ท่าพระ,เพชรเกษม,2023,7,13,2023-07-13,09:00-17:00,False
11486,หลังโควิด,ท่าพระ,เพชรเกษม,2023,7,13,2023-07-13,17:00-19:00,False
11487,หลังโควิด,วังแดง,ราชสีมา,2023,7,17,2023-07-17,07:00-09:00,False
11488,หลังโควิด,วังแดง,ราชสีมา,2023,7,17,2023-07-17,09:00-17:00,False
11489,หลังโควิด,วังแดง,ราชสีมา,2023,7,17,2023-07-17,17:00-19:00,False
11490,หลังโควิด,วังแดง,พิษณุโลก,2023,7,17,2023-07-17,07:00-09:00,False
11491,หลังโควิด,วังแดง,พิษณุโลก,2023,7,17,2023-07-17,09:00-17:00,False
11492,หลังโควิด,วังแดง,พิษณุโลก,2023,7,17,2023-07-17,17:00-19:00,False
11532,หลังโควิด,เตาปูน,ประชาราษฎร์,2023,7,21,2023-07-21,07:00-09:00,False
11533,หลังโควิด,เตาปูน,ประชาราษฎร์,2023,7,21,2023-07-21,09:00-17:00,False
11534,หลังโควิด,เตาปูน,ประชาราษฎร์,2023,7,21,2023-07-21,17:00-19:00,False
11535,หลังโควิด,เตาปูน,ประชาราษฎร์สาย 2,2023,7,21,2023-07-21,07:00-09:00,False
11536,หลังโควิด,เตาปูน,ประชาราษฎร์สาย 2,2023,7,21,2023-07-21,09:00-17:00,False
11537,หลังโควิด,เตาปูน,ประชาราษฎร์สาย 2,2023,7,21,2023-07-21,17:00-19:00,False
11550,หลังโควิด,หลักสี่,กำแพงเพชร 6,2023,7,25,2023-07-25,07:00-09:00,False
11551,หลังโควิด,หลักสี่,กำแพงเพชร 6,2023,7,25,2023-07-25,09:00-17:00,False
11552,หลังโควิด,หลักสี่,กำแพงเพชร 6,2023,7,25,2023-07-25,17:00-19:00,False
11553,หลังโควิด,หลักสี่,แจ้งวัฒนะ,2023,7,25,2023-07-25,07:00-09:00,False
11554,หลังโควิด,หลักสี่,แจ้งวัฒนะ,2023,7,25,2023-07-25,09:00-17:00,False
11555,หลังโควิด,หลักสี่,แจ้งวัฒนะ,2023,7,25,2023-07-25,17:00-19:00,False
11580,หลังโควิด,เศรษฐศิริ,เศรษฐศิริ,2023,8,4,2023-08-04,07:00-09:00,False
11581,หลังโควิด,เศรษฐศิริ,เศรษฐศิริ,2023,8,4,2023-08-04,09:00-17:00,False
11582,หลังโควิด,เศรษฐศิริ,เศรษฐศิริ,2023,8,4,2023-08-04,17:00-19:00,False
11583,หลังโควิด,เศรษฐศิริ,เทอดดำริ,2023,8,4,2023-08-04,07:00-09:00,False
11584,หลังโควิด,เศรษฐศิริ,เทอดดำริ,2023,8,4,2023-08-04,09:00-17:00,False
11585,หลังโควิด,เศรษฐศิริ,เทอดดำริ,2023,8,4,2023-08-04,17:00-19:00,False
11628,หลังโควิด,วงเวียนใหญ่,ประชาธิปก,2023,8,11,2023-08-11,07:00-09:00,False
11629,หลังโควิด,วงเวียนใหญ่,ประชาธิปก,2023,8,11,2023-08-11,09:00-17:00,False
11630,หลังโควิด,วงเวียนใหญ่,ประชาธิปก,2023,8,11,2023-08-11,17:00-19:00,False
11631,หลังโควิด,วงเวียนใหญ่,อินทรพิทักษ์,2023,8,11,2023-08-11,07:00-09:00,False
11632,หลังโควิด,วงเวียนใหญ่,อินทรพิทักษ์,2023,8,11,2023-08-11,09:00-17:00,False
11633,หลังโควิด,วงเวียนใหญ่,อินทรพิทักษ์,2023,8,11,2023-08-11,17:00-19:00,False
11655,หลังโควิด,เอกมัยใต้,สุขุมวิท,2023,8,16,2023-08-16,07:00-09:00,False
11656,หลังโควิด,เอกมัยใต้,สุขุมวิท,2023,8,16,2023-08-16,09:00-17:00,False
11657,หลังโควิด,เอกมัยใต้,สุขุมวิท,2023,8,16,2023-08-16,17:00-19:00,False
11661,หลังโควิด,เพชรเกษม 81,เพชรเกษม,2023,8,17,2023-08-17,07:00-09:00,False
11662,หลังโควิด,เพชรเกษม 81,เพชรเกษม,2023,8,17,2023-08-17,09:00-17:00,False
11663,หลังโควิด,เพชรเกษม 81,เพชรเกษม,2023,8,17,2023-08-17,17:00-19:00,False
11703,หลังโควิด,พระโขนง,สุขุมวิท,2023,8,23,2023-08-23,07:00-09:00,False
11704,หลังโควิด,พระโขนง,สุขุมวิท,2023,8,23,2023-08-23,09:00-17:00,False
11705,หลังโควิด,พระโขนง,สุขุมวิท,2023,8,23,2023-08-23,17:00-19:00,False
11706,หลังโควิด,ด่วนเพลินจิต,ดวงพิทักษ์,2023,8,24,2023-08-24,07:00-09:00,False
11707,หลังโควิด,ด่วนเพลินจิต,ดวงพิทักษ์,2023,8,24,2023-08-24,09:00-17:00,False
11708,หลังโควิด,ด่วนเพลินจิต,ดวงพิทักษ์,2023,8,24,2023-08-24,17:00-19:00,False
11712,หลังโควิด,ด่วนเพลินจิต,เพลินจิต,2023,8,24,2023-08-24,07:00-09:00,False
11713,หลังโควิด,ด่วนเพลินจิต,เพลินจิต,2023,8,24,2023-08-24,09:00-17:00,False
11714,หลังโควิด,ด่วนเพลินจิต,เพลินจิต,2023,8,24,2023-08-24,17:00-19:00,False
11715,หลังโควิด,ด่วนเพลินจิต,สุขุมวิท,2023,8,24,2023-08-24,07:00-09:00,False
11716,หลังโควิด,ด่วนเพลินจิต,สุขุมวิท,2023,8,24,2023-08-24,09:00-17:00,False
11717,หลังโควิด,ด่วนเพลินจิต,สุขุมวิท,2023,8,24,2023-08-24,17:00-19:00,False
11718,หลังโควิด,เพชรพระราม ,บรรทัดทอง,2023,8,25,2023-08-25,07:00-09:00,False
11719,หลังโควิด,เพชรพระราม ,บรรทัดทอง,2023,8,25,2023-08-25,09:00-17:00,False
11720,หลังโควิด,เพชรพระราม ,บรรทัดทอง,2023,8,25,2023-08-25,17:00-19:00,False
11721,หลังโควิด,เพชรพระราม ,เพชรบุรี,2023,8,25,2023-08-25,07:00-09:00,False
11722,หลังโควิด,เพชรพระราม ,เพชรบุรี,2023,8,25,2023-08-25,09:00-17:00,False
11723,หลังโควิด,เพชรพระราม ,เพชรบุรี,2023,8,25,2023-08-25,17:00-19:00,False
11724,หลังโควิด,บางขุนนนท์,จรัญสนิทวงศ์,2023,8,28,2023-08-28,07:00-09:00,False
11725,หลังโควิด,บางขุนนนท์,จรัญสนิทวงศ์,2023,8,28,2023-08-28,09:00-17:00,False
11726,หลังโควิด,บางขุนนนท์,จรัญสนิทวงศ์,2023,8,28,2023-08-28,17:00-19:00,False
11727,หลังโควิด,บางขุนนนท์,บางกอกน้อยตลิ่งชัน,2023,8,28,2023-08-28,07:00-09:00,False
11728,หลังโควิด,บางขุนนนท์,บางกอกน้อยตลิ่งชัน,2023,8,28,2023-08-28,09:00-17:00,False
11729,หลังโควิด,บางขุนนนท์,บางกอกน้อยตลิ่งชัน,2023,8,28,2023-08-28,17:00-19:00,False
11739,หลังโควิด,บางแค,บางแค,2023,8,30,2023-08-30,07:00-09:00,False
11740,หลังโควิด,บางแค,บางแค,2023,8,30,2023-08-30,09:00-17:00,False
11741,หลังโควิด,บางแค,บางแค,2023,8,30,2023-08-30,17:00-19:00,False
11742,หลังโควิด,บางแค,เพชรเกษม,2023,8,30,2023-08-30,07:00-09:00,False
11743,หลังโควิด,บางแค,เพชรเกษม,2023,8,30,2023-08-30,09:00-17:00,False
11744,หลังโควิด,บางแค,เพชรเกษม,2023,8,30,2023-08-30,17:00-19:00,False
11754,หลังโควิด,ไฟฉาย,จรัญสนิทวงศ์,2023,9,1,2023-09-01,07:00-09:00,False
11755,หลังโควิด,ไฟฉาย,จรัญสนิทวงศ์,2023,9,1,2023-09-01,09:00-17:00,False
11756,หลังโควิด,ไฟฉาย,จรัญสนิทวงศ์,2023,9,1,2023-09-01,17:00-19:00,False
11760,หลังโควิด,ไฟฉาย,พรานนก,2023,9,1,2023-09-01,07:00-09:00,False
11761,หลังโควิด,ไฟฉาย,พรานนก,2023,9,1,2023-09-01,09:00-17:00,False
11762,หลังโควิด,ไฟฉาย,พรานนก,2023,9,1,2023-09-01,17:00-19:00,False
11775,หลังโควิด,โพธิ์สามต้น,อิสรภาพ,2023,9,6,2023-09-06,07:00-09:00,False
11776,หลังโควิด,โพธิ์สามต้น,อิสรภาพ,2023,9,6,2023-09-06,09:00-17:00,False
11777,หลังโควิด,โพธิ์สามต้น,อิสรภาพ,2023,9,6,2023-09-06,17:00-19:00,False
11778,หลังโควิด,โพธิ์สามต้น,วังเดิม,2023,9,6,2023-09-06,07:00-09:00,False
11779,หลังโควิด,โพธิ์สามต้น,วังเดิม,2023,9,6,2023-09-06,09:00-17:00,False
11780,หลังโควิด,โพธิ์สามต้น,วังเดิม,2023,9,6,2023-09-06,17:00-19:00,False
11832,หลังโควิด,อุรุพงษ์,พระรามที่ 6,2023,9,15,2023-09-15,07:00-09:00,False
11833,หลังโควิด,อุรุพงษ์,พระรามที่ 6,2023,9,15,2023-09-15,09:00-17:00,False
11834,หลังโควิด,อุรุพงษ์,พระรามที่ 6,2023,9,15,2023-09-15,17:00-19:00,False
11835,หลังโควิด,อุรุพงษ์,เพชรบุรี,2023,9,15,2023-09-15,07:00-09:00,False
11836,หลังโควิด,อุรุพงษ์,เพชรบุรี,2023,9,15,2023-09-15,09:00-17:00,False
11837,หลังโควิด,อุรุพงษ์,เพชรบุรี,2023,9,15,2023-09-15,17:00-19:00,False
11859,หลังโควิด,พุทธมณฑลสาย 2,พุทธมณฑลสาย 2,2023,9,20,2023-09-20,07:00-09:00,False
11860,หลังโควิด,พุทธมณฑลสาย 2,พุทธมณฑลสาย 2,2023,9,20,2023-09-20,09:00-17:00,False
11861,หลังโควิด,พุทธมณฑลสาย 2,พุทธมณฑลสาย 2,2023,9,20,2023-09-20,17:00-19:00,False
11862,หลังโควิด,พุทธมณฑลสาย 2,เพชรเกษม,2023,9,20,2023-09-20,07:00-09:00,False
11863,หลังโควิด,พุทธมณฑลสาย 2,เพชรเกษม,2023,9,20,2023-09-20,09:00-17:00,False
11864,หลังโควิด,พุทธมณฑลสาย 2,เพชรเกษม,2023,9,20,2023-09-20,17:00-19:00,False
11907,หลังโควิด,จักรพรรดิพงษ์,นครสวรรค์,2023,9,27,2023-09-27,07:00-09:00,False
11908,หลังโควิด,จักรพรรดิพงษ์,นครสวรรค์,2023,9,27,2023-09-27,09:00-17:00,False
11909,หลังโควิด,จักรพรรดิพงษ์,นครสวรรค์,2023,9,27,2023-09-27,17:00-19:00,False
11910,หลังโควิด,จักรพรรดิพงษ์,จักรพรรดิพงษ์,2023,9,27,2023-09-27,07:00-09:00,False
11911,หลังโควิด,จักรพรรดิพงษ์,จักรพรรดิพงษ์,2023,9,27,2023-09-27,09:00-17:00,False
11912,หลังโควิด,จักรพรรดิพงษ์,จักรพรรดิพงษ์,2023,9,27,2023-09-27,17:00-19:00,False
11925,หลังโควิด,แปลงนาม,แปลงนาม,2023,9,29,2023-09-29,07:00-09:00,False
11926,หลังโควิด,แปลงนาม,แปลงนาม,2023,9,29,2023-09-29,09:00-17:00,False
11927,หลังโควิด,แปลงนาม,แปลงนาม,2023,9,29,2023-09-29,17:00-19:00,False
11928,หลังโควิด,แปลงนาม,พลับพลาไชย,2023,9,29,2023-09-29,07:00-09:00,False
11929,หลังโควิด,แปลงนาม,พลับพลาไชย,2023,9,29,2023-09-29,09:00-17:00,False
11930,หลังโควิด,แปลงนาม,พลับพลาไชย,2023,9,29,2023-09-29,17:00-19:00,False
11931,หลังโควิด,แปลงนาม,เจริญกรุง,2023,9,29,2023-09-29,07:00-09:00,False
11932,หลังโควิด,แปลงนาม,เจริญกรุง,2023,9,29,2023-09-29,09:00-17:00,False
11933,หลังโควิด,แปลงนาม,เจริญกรุง,2023,9,29,2023-09-29,17:00-19:00,False
12042,หลังโควิด,สาธุ - จันทน์,จันทน์,2023,10,18,2023-10-18,07:00-09:00,False
12044,หลังโควิด,สาธุ - จันทน์,จันทน์,2023,10,18,2023-10-18,17:00-19:00,False
12045,หลังโควิด,สาธุ - จันทน์,สาธุประดิษฐ์,2023,10,18,2023-10-18,07:00-09:00,False
12046,หลังโควิด,สาธุ - จันทน์,สาธุประดิษฐ์,2023,10,18,2023-10-18,09:00-17:00,False
12047,หลังโควิด,สาธุ - จันทน์,สาธุประดิษฐ์,2023,10,18,2023-10-18,17:00-19:00,False
12051,หลังโควิด,วิสุทธิกษัตริย์,ประชาธิปไตย,2023,10,19,2023-10-19,07:00-09:00,False
12052,หลังโควิด,วิสุทธิกษัตริย์,ประชาธิปไตย,2023,10,19,2023-10-19,09:00-17:00,False
12053,หลังโควิด,วิสุทธิกษัตริย์,ประชาธิปไตย,2023,10,19,2023-10-19,17:00-19:00,False
12054,หลังโควิด,วิสุทธิกษัตริย์,วิสุทธิกษัตริย์,2023,10,19,2023-10-19,07:00-09:00,False
12055,หลังโควิด,วิสุทธิกษัตริย์,วิสุทธิกษัตริย์,2023,10,19,2023-10-19,09:00-17:00,False
12056,หลังโควิด,วิสุทธิกษัตริย์,วิสุทธิกษัตริย์,2023,10,19,2023-10-19,17:00-19:00,False
12057,หลังโควิด,สะพานดำ,พระรามที่ 6,2023,10,20,2023-10-20,07:00-09:00,False
12058,หลังโควิด,สะพานดำ,พระรามที่ 6,2023,10,20,2023-10-20,09:00-17:00,False
12059,หลังโควิด,สะพานดำ,พระรามที่ 6,2023,10,20,2023-10-20,17:00-19:00,False
12060,หลังโควิด,สะพานดำ,กำแพงเพชร 5,2023,10,20,2023-10-20,07:00-09:00,False
12061,หลังโควิด,สะพานดำ,กำแพงเพชร 5,2023,10,20,2023-10-20,09:00-17:00,False
12062,หลังโควิด,สะพานดำ,กำแพงเพชร 5,2023,10,20,2023-10-20,17:00-19:00,False
12063,หลังโควิด,สะพานดำ,กำแพงเพชร,2023,10,20,2023-10-20,07:00-09:00,False
12064,หลังโควิด,สะพานดำ,กำแพงเพชร,2023,10,20,2023-10-20,09:00-17:00,False
12065,หลังโควิด,สะพานดำ,กำแพงเพชร,2023,10,20,2023-10-20,17:00-19:00,False
12075,หลังโควิด,สามแยกบางกะปิ,ศรีนครินทร์,2023,10,25,2023-10-25,07:00-09:00,False
12076,หลังโควิด,สามแยกบางกะปิ,ศรีนครินทร์,2023,10,25,2023-10-25,09:00-17:00,False
12077,หลังโควิด,สามแยกบางกะปิ,ศรีนครินทร์,2023,10,25,2023-10-25,17:00-19:00,False
12078,หลังโควิด,สามแยกบางกะปิ,ลาดพร้าว,2023,10,25,2023-10-25,07:00-09:00,False
12079,หลังโควิด,สามแยกบางกะปิ,ลาดพร้าว,2023,10,25,2023-10-25,09:00-17:00,False
12080,หลังโควิด,สามแยกบางกะปิ,ลาดพร้าว,2023,10,25,2023-10-25,17:00-19:00,False
12081,หลังโควิด,บรมราชชนนี,จรัญสนิทวงศ์,2023,10,26,2023-10-26,07:00-09:00,False
12082,หลังโควิด,บรมราชชนนี,จรัญสนิทวงศ์,2023,10,26,2023-10-26,09:00-17:00,False
12083,หลังโควิด,บรมราชชนนี,จรัญสนิทวงศ์,2023,10,26,2023-10-26,17:00-19:00,False
12084,หลังโควิด,บรมราชชนนี,บรมราชชนนี,2023,10,26,2023-10-26,07:00-09:00,False
12085,หลังโควิด,บรมราชชนนี,บรมราชชนนี,2023,10,26,2023-10-26,09:00-17:00,False
12086,หลังโควิด,บรมราชชนนี,บรมราชชนนี,2023,10,26,2023-10-26,17:00-19:00,False
12117,หลังโควิด,อุดมสุข,สุขุมวิท,2023,11,2,2023-11-02,07:00-09:00,False
12118,หลังโควิด,อุดมสุข,สุขุมวิท,2023,11,2,2023-11-02,09:00-17:00,False
12119,หลังโควิด,อุดมสุข,สุขุมวิท,2023,11,2,2023-11-02,17:00-19:00,False
12201,หลังโควิด,หมู่บ้านสหกรณ์,ทางเข้าหมู่บ้านสหกรณ์,2023,11,14,2023-11-14,07:00-09:00,False
12202,หลังโควิด,หมู่บ้านสหกรณ์,ทางเข้าหมู่บ้านสหกรณ์,2023,11,14,2023-11-14,09:00-17:00,False
12203,หลังโควิด,หมู่บ้านสหกรณ์,ทางเข้าหมู่บ้านสหกรณ์,2023,11,14,2023-11-14,17:00-19:00,False
12204,หลังโควิด,หมู่บ้านสหกรณ์,เสรีไทย,2023,11,14,2023-11-14,07:00-09:00,False
12205,หลังโควิด,หมู่บ้านสหกรณ์,เสรีไทย,2023,11,14,2023-11-14,09:00-17:00,False
12206,หลังโควิด,หมู่บ้านสหกรณ์,เสรีไทย,2023,11,14,2023-11-14,17:00-19:00,False
12237,หลังโควิด,ด่วนสาธุ,สาธุประดิษฐ์,2023,11,20,2023-11-20,07:00-09:00,False
12238,หลังโควิด,ด่วนสาธุ,สาธุประดิษฐ์,2023,11,20,2023-11-20,09:00-17:00,False
12239,หลังโควิด,ด่วนสาธุ,สาธุประดิษฐ์,2023,11,20,2023-11-20,17:00-19:00,False
12240,หลังโควิด,ด่วนสาธุ,รัชดาภิเษก,2023,11,20,2023-11-20,07:00-09:00,False
12241,หลังโควิด,ด่วนสาธุ,รัชดาภิเษก,2023,11,20,2023-11-20,09:00-17:00,False
12242,หลังโควิด,ด่วนสาธุ,รัชดาภิเษก,2023,11,20,2023-11-20,17:00-19:00,False
12243,หลังโควิด,คลองเตย,สุนทรโกษา,2023,11,21,2023-11-21,07:00-09:00,False
12244,หลังโควิด,คลองเตย,สุนทรโกษา,2023,11,21,2023-11-21,09:00-17:00,False
12245,หลังโควิด,คลองเตย,สุนทรโกษา,2023,11,21,2023-11-21,17:00-19:00,False
12246,หลังโควิด,คลองเตย,พระรามที่ 4,2023,11,21,2023-11-21,07:00-09:00,False
12247,หลังโควิด,คลองเตย,พระรามที่ 4,2023,11,21,2023-11-21,09:00-17:00,False
12248,หลังโควิด,คลองเตย,พระรามที่ 4,2023,11,21,2023-11-21,17:00-19:00,False
12258,หลังโควิด,ราชวิถี,พระรามที่ 5,2023,11,23,2023-11-23,07:00-09:00,False
12259,หลังโควิด,ราชวิถี,พระรามที่ 5,2023,11,23,2023-11-23,09:00-17:00,False
12260,หลังโควิด,ราชวิถี,พระรามที่ 5,2023,11,23,2023-11-23,17:00-19:00,False
12261,หลังโควิด,ราชวิถี,ราชวิถี,2023,11,23,2023-11-23,07:00-09:00,False
12262,หลังโควิด,ราชวิถี,ราชวิถี,2023,11,23,2023-11-23,09:00-17:00,False
12263,หลังโควิด,ราชวิถี,ราชวิถี,2023,11,23,2023-11-23,17:00-19:00,False
12273,หลังโควิด,สุโขทัย,สุโขทัย,2023,11,27,2023-11-27,07:00-09:00,False
12274,หลังโควิด,สุโขทัย,สุโขทัย,2023,11,27,2023-11-27,09:00-17:00,False
12275,หลังโควิด,สุโขทัย,สุโขทัย,2023,11,27,2023-11-27,17:00-19:00,False
12276,หลังโควิด,อังรีดูนังต์,สุรวงศ์,2023,11,28,2023-11-28,07:00-09:00,False
12277,หลังโควิด,อังรีดูนังต์,สุรวงศ์,2023,11,28,2023-11-28,09:00-17:00,False
12278,หลังโควิด,อังรีดูนังต์,สุรวงศ์,2023,11,28,2023-11-28,17:00-19:00,False
12279,หลังโควิด,อังรีดูนังต์,อังรีดูนังต์,2023,11,28,2023-11-28,07:00-09:00,False
12280,หลังโควิด,อังรีดูนังต์,อังรีดูนังต์,2023,11,28,2023-11-28,09:00-17:00,False
12281,หลังโควิด,อังรีดูนังต์,อังรีดูนังต์,2023,11,28,2023-11-28,17:00-19:00,False
12285,หลังโควิด,บางรัก,เจริญกรุง,2023,11,29,2023-11-29,07:00-09:00,False
12286,หลังโควิด,บางรัก,เจริญกรุง,2023,11,29,2023-11-29,09:00-17:00,False
12287,หลังโควิด,บางรัก,เจริญกรุง,2023,11,29,2023-11-29,17:00-19:00,False
12291,หลังโควิด,บางรัก,สีลม,2023,11,29,2023-11-29,07:00-09:00,False
12292,หลังโควิด,บางรัก,สีลม,2023,11,29,2023-11-29,09:00-17:00,False
12293,หลังโควิด,บางรัก,สีลม,2023,11,29,2023-11-29,17:00-19:00,False
12294,หลังโควิด,เกษะโกมล,พระรามที่ 5,2023,11,30,2023-11-30,07:00-09:00,False
12295,หลังโควิด,เกษะโกมล,พระรามที่ 5,2023,11,30,2023-11-30,09:00-17:00,False
12296,หลังโควิด,เกษะโกมล,พระรามที่ 5,2023,11,30,2023-11-30,17:00-19:00,False
12297,หลังโควิด,เกษะโกมล,อำนวยสงคราม,2023,11,30,2023-11-30,07:00-09:00,False
12298,หลังโควิด,เกษะโกมล,อำนวยสงคราม,2023,11,30,2023-11-30,09:00-17:00,False
12299,หลังโควิด,เกษะโกมล,อำนวยสงคราม,2023,11,30,2023-11-30,17:00-19:00,False
12300,หลังโควิด,เกษะโกมล,เศรษฐศิริ,2023,11,30,2023-11-30,07:00-09:00,False
12301,หลังโควิด,เกษะโกมล,เศรษฐศิริ,2023,11,30,2023-11-30,09:00-17:00,False
12302,หลังโควิด,เกษะโกมล,เศรษฐศิริ,2023,11,30,2023-11-30,17:00-19:00,False
12303,หลังโควิด,สะพานขาว,กรุงเกษม,2023,12,1,2023-12-01,07:00-09:00,False
12304,หลังโควิด,สะพานขาว,กรุงเกษม,2023,12,1,2023-12-01,09:00-17:00,False
12305,หลังโควิด,สะพานขาว,กรุงเกษม,2023,12,1,2023-12-01,17:00-19:00,False
12306,หลังโควิด,สะพานขาว,หลานหลวง,2023,12,1,2023-12-01,07:00-09:00,False
12307,หลังโควิด,สะพานขาว,หลานหลวง,2023,12,1,2023-12-01,09:00-17:00,False
12308,หลังโควิด,สะพานขาว,หลานหลวง,2023,12,1,2023-12-01,17:00-19:00,False
12324,หลังโควิด,เกษมราษฎร์,เกษมราษฎร์,2023,12,7,2023-12-07,07:00-09:00,False
12325,หลังโควิด,เกษมราษฎร์,เกษมราษฎร์,2023,12,7,2023-12-07,09:00-17:00,False
12326,หลังโควิด,เกษมราษฎร์,เกษมราษฎร์,2023,12,7,2023-12-07,17:00-19:00,False
12327,หลังโควิด,เกษมราษฎร์,พระรามที่ 4,2023,12,7,2023-12-07,07:00-09:00,False
12328,หลังโควิด,เกษมราษฎร์,พระรามที่ 4,2023,12,7,2023-12-07,09:00-17:00,False
12329,หลังโควิด,เกษมราษฎร์,พระรามที่ 4,2023,12,7,2023-12-07,17:00-19:00,False
12375,หลังโควิด,นาหลวง,พุทธบูชา,2024,12,15,2024-12-15,07:00-09:00,False
12376,หลังโควิด,นาหลวง,พุทธบูชา,2024,12,15,2024-12-15,09:00-17:00,False
12377,หลังโควิด,นาหลวง,พุทธบูชา,2024,12,15,2024-12-15,17:00-19:00,False
12396,หลังโควิด,นอร์ธปาร์ค,กำแพงเพชร 6,2024,12,20,2024-12-20,07:00-09:00,False
12397,หลังโควิด,นอร์ธปาร์ค,กำแพงเพชร 6,2024,12,20,2024-12-20,09:00-17:00,False
12398,หลังโควิด,นอร์ธปาร์ค,กำแพงเพชร 6,2024,12,20,2024-12-20,17:00-19:00,False
12399,หลังโควิด,นอร์ธปาร์ค,ชิดชน,2024,12,20,2024-12-20,07:00-09:00,False
12400,หลังโควิด,นอร์ธปาร์ค,ชิดชน,2024,12,20,2024-12-20,09:00-17:00,False
12401,หลังโควิด,นอร์ธปาร์ค,ชิดชน,2024,12,20,2024-12-20,17:00-19:00,False
12411,หลังโควิด,ยุคล 2,ยุคล 2,2024,12,22,2024-12-22,07:00-09:00,False
12412,หลังโควิด,ยุคล 2,ยุคล 2,2024,12,22,2024-12-22,09:00-17:00,False
12413,หลังโควิด,ยุคล 2,ยุคล 2,2024,12,22,2024-12-22,17:00-19:00,False
12417,หลังโควิด,อนามัย,พลับพลาไชย,2024,12,22,2024-12-22,07:00-09:00,False
12418,หลังโควิด,อนามัย,พลับพลาไชย,2024,12,22,2024-12-22,09:00-17:00,False
12419,หลังโควิด,อนามัย,พลับพลาไชย,2024,12,22,2024-12-22,17:00-19:00,False
12423,หลังโควิด,เพลินจิต,วิทยุ,2024,12,25,2024-12-25,07:00-09:00,False
12424,หลังโควิด,เพลินจิต,วิทยุ,2024,12,25,2024-12-25,09:00-17:00,False
12425,หลังโควิด,เพลินจิต,วิทยุ,2024,12,25,2024-12-25,17:00-19:00,False
12426,หลังโควิด,เพลินจิต,เพลินจิต,2024,12,25,2024-12-25,07:00-09:00,False
12427,หลังโควิด,เพลินจิต,เพลินจิต,2024,12,25,2024-12-25,09:00-17:00,False
12428,หลังโควิด,เพลินจิต,เพลินจิต,2024,12,25,2024-12-25,17:00-19:00,False
12432,หลังโควิด,ห้วยขวาง,รัชดาภิเษก,2024,12,26,2024-12-26,07:00-09:00,False
12433,หลังโควิด,ห้วยขวาง,รัชดาภิเษก,2024,12,26,2024-12-26,09:00-17:00,False
12434,หลังโควิด,ห้วยขวาง,รัชดาภิเษก,2024,12,26,2024-12-26,17:00-19:00,False
12435,หลังโควิด,ห้วยขวาง,ประชาราษฎร์บำเพ็ญ,2024,12,26,2024-12-26,07:00-09:00,False
12436,หลังโควิด,ห้วยขวาง,ประชาราษฎร์บำเพ็ญ,2024,12,26,2024-12-26,09:00-17:00,False
12437,หลังโควิด,ห้วยขวาง,ประชาราษฎร์บำเพ็ญ,2024,12,26,2024-12-26,17:00-19:00,False
12459,หลังโควิด,คลองสาน,เจริญนคร,2024,1,5,2024-01-05,07:00-09:00,False
12460,หลังโควิด,คลองสาน,เจริญนคร,2024,1,5,2024-01-05,09:00-17:00,False
12461,หลังโควิด,คลองสาน,เจริญนคร,2024,1,5,2024-01-05,17:00-19:00,False
12462,หลังโควิด,คลองสาน,สมเด็จเจ้าพระยา,2024,1,5,2024-01-05,07:00-09:00,False
12463,หลังโควิด,คลองสาน,สมเด็จเจ้าพระยา,2024,1,5,2024-01-05,09:00-17:00,False
12464,หลังโควิด,คลองสาน,สมเด็จเจ้าพระยา,2024,1,5,2024-01-05,17:00-19:00,False
12465,หลังโควิด,คลองสาน,ลาดหญ้า,2024,1,5,2024-01-05,07:00-09:00,False
12466,หลังโควิด,คลองสาน,ลาดหญ้า,2024,1,5,2024-01-05,09:00-17:00,False
12467,หลังโควิด,คลองสาน,ลาดหญ้า,2024,1,5,2024-01-05,17:00-19:00,False
12489,หลังโควิด,บางขุนนนท์,จรัญสนิทวงศ์,2024,1,11,2024-01-11,07:00-09:00,False
12490,หลังโควิด,บางขุนนนท์,จรัญสนิทวงศ์,2024,1,11,2024-01-11,09:00-17:00,False
12491,หลังโควิด,บางขุนนนท์,จรัญสนิทวงศ์,2024,1,11,2024-01-11,17:00-19:00,False
12513,หลังโควิด,เฉลิมกรุง,ตรีเพชร,2024,1,16,2024-01-16,07:00-09:00,False
12514,หลังโควิด,เฉลิมกรุง,ตรีเพชร,2024,1,16,2024-01-16,09:00-17:00,False
12515,หลังโควิด,เฉลิมกรุง,ตรีเพชร,2024,1,16,2024-01-16,17:00-19:00,False
12519,หลังโควิด,เฉลิมกรุง,เจริญกรุง,2024,1,16,2024-01-16,07:00-09:00,False
12520,หลังโควิด,เฉลิมกรุง,เจริญกรุง,2024,1,16,2024-01-16,09:00-17:00,False
12521,หลังโควิด,เฉลิมกรุง,เจริญกรุง,2024,1,16,2024-01-16,17:00-19:00,False
12528,หลังโควิด,หลักสี่,กำแพงเพชร 6,2024,1,18,2024-01-18,07:00-09:00,False
12529,หลังโควิด,หลักสี่,กำแพงเพชร 6,2024,1,18,2024-01-18,09:00-17:00,False
12530,หลังโควิด,หลักสี่,กำแพงเพชร 6,2024,1,18,2024-01-18,17:00-19:00,False
12531,หลังโควิด,หลักสี่,แจ้งวัฒนะ,2024,1,18,2024-01-18,07:00-09:00,False
12532,หลังโควิด,หลักสี่,แจ้งวัฒนะ,2024,1,18,2024-01-18,09:00-17:00,False
12533,หลังโควิด,หลักสี่,แจ้งวัฒนะ,2024,1,18,2024-01-18,17:00-19:00,False
12555,หลังโควิด,ประชาเกษม,ประชาธิปไตย,2024,1,23,2024-01-23,07:00-09:00,False
12556,หลังโควิด,ประชาเกษม,ประชาธิปไตย,2024,1,23,2024-01-23,09:00-17:00,False
12557,หลังโควิด,ประชาเกษม,ประชาธิปไตย,2024,1,23,2024-01-23,17:00-19:00,False
12558,หลังโควิด,ประชาเกษม,นครราชสีมา,2024,1,23,2024-01-23,07:00-09:00,False
12559,หลังโควิด,ประชาเกษม,นครราชสีมา,2024,1,23,2024-01-23,09:00-17:00,False
12560,หลังโควิด,ประชาเกษม,นครราชสีมา,2024,1,23,2024-01-23,17:00-19:00,False
12561,หลังโควิด,ประชาเกษม,กรุงเกษม,2024,1,23,2024-01-23,07:00-09:00,False
12562,หลังโควิด,ประชาเกษม,กรุงเกษม,2024,1,23,2024-01-23,09:00-17:00,False
12563,หลังโควิด,ประชาเกษม,กรุงเกษม,2024,1,23,2024-01-23,17:00-19:00,False
12594,หลังโควิด,เอกมัยใต้,สุขุมวิท,2024,1,26,2024-01-26,07:00-09:00,False
12595,หลังโควิด,เอกมัยใต้,สุขุมวิท,2024,1,26,2024-01-26,09:00-17:00,False
12596,หลังโควิด,เอกมัยใต้,สุขุมวิท,2024,1,26,2024-01-26,17:00-19:00,False
12603,หลังโควิด,บางแค,บางแค,2024,1,29,2024-01-29,07:00-09:00,False
12604,หลังโควิด,บางแค,บางแค,2024,1,29,2024-01-29,09:00-17:00,False
12605,หลังโควิด,บางแค,บางแค,2024,1,29,2024-01-29,17:00-19:00,False
12606,หลังโควิด,บางแค,เพชรเกษม,2024,1,29,2024-01-29,07:00-09:00,False
12607,หลังโควิด,บางแค,เพชรเกษม,2024,1,29,2024-01-29,09:00-17:00,False
12608,หลังโควิด,บางแค,เพชรเกษม,2024,1,29,2024-01-29,17:00-19:00,False
12732,หลังโควิด,สี่กั๊กเสาชิงช้า,เฟื่องนคร,2024,2,19,2024-02-19,07:00-09:00,False
12733,หลังโควิด,สี่กั๊กเสาชิงช้า,เฟื่องนคร,2024,2,19,2024-02-19,09:00-17:00,False
12734,หลังโควิด,สี่กั๊กเสาชิงช้า,เฟื่องนคร,2024,2,19,2024-02-19,17:00-19:00,False
12735,หลังโควิด,สี่กั๊กเสาชิงช้า,ตะนาว,2024,2,19,2024-02-19,07:00-09:00,False
12736,หลังโควิด,สี่กั๊กเสาชิงช้า,ตะนาว,2024,2,19,2024-02-19,09:00-17:00,False
12737,หลังโควิด,สี่กั๊กเสาชิงช้า,ตะนาว,2024,2,19,2024-02-19,17:00-19:00,False
12738,หลังโควิด,สี่กั๊กเสาชิงช้า,บำรุงเมือง,2024,2,19,2024-02-19,07:00-09:00,False
12739,หลังโควิด,สี่กั๊กเสาชิงช้า,บำรุงเมือง,2024,2,19,2024-02-19,09:00-17:00,False
12740,หลังโควิด,สี่กั๊กเสาชิงช้า,บำรุงเมือง,2024,2,19,2024-02-19,17:00-19:00,False
12822,หลังโควิด,เทอดดำริ,เทอดดำริ,2024,3,12,2024-03-12,07:00-09:00,False
12823,หลังโควิด,เทอดดำริ,เทอดดำริ,2024,3,12,2024-03-12,09:00-17:00,False
12824,หลังโควิด,เทอดดำริ,เทอดดำริ,2024,3,12,2024-03-12,17:00-19:00,False
12825,หลังโควิด,เทอดดำริ,ประดิพัทธ์,2024,3,12,2024-03-12,07:00-09:00,False
12826,หลังโควิด,เทอดดำริ,ประดิพัทธ์,2024,3,12,2024-03-12,09:00-17:00,False
12827,หลังโควิด,เทอดดำริ,ประดิพัทธ์,2024,3,12,2024-03-12,17:00-19:00,False
12876,หลังโควิด,สะพานแดง,พระรามที่ 5,2024,3,19,2024-03-19,07:00-09:00,False
12877,หลังโควิด,สะพานแดง,พระรามที่ 5,2024,3,19,2024-03-19,09:00-17:00,False
12878,หลังโควิด,สะพานแดง,พระรามที่ 5,2024,3,19,2024-03-19,17:00-19:00,False
12879,หลังโควิด,สะพานแดง,เตชะวณิช,2024,3,19,2024-03-19,07:00-09:00,False
12880,หลังโควิด,สะพานแดง,เตชะวณิช,2024,3,19,2024-03-19,09:00-17:00,False
12881,หลังโควิด,สะพานแดง,เตชะวณิช,2024,3,19,2024-03-19,17:00-19:00,False
12882,หลังโควิด,สะพานแดง,ทหาร,2024,3,19,2024-03-19,07:00-09:00,False
12883,หลังโควิด,สะพานแดง,ทหาร,2024,3,19,2024-03-19,09:00-17:00,False
12884,หลังโควิด,สะพานแดง,ทหาร,2024,3,19,2024-03-19,17:00-19:00,False
12885,หลังโควิด,สะพานแดง,ประดิพัทธ์,2024,3,19,2024-03-19,07:00-09:00,False
12886,หลังโควิด,สะพานแดง,ประดิพัทธ์,2024,3,19,2024-03-19,09:00-17:00,False
12887,หลังโควิด,สะพานแดง,ประดิพัทธ์,2024,3,19,2024-03-19,17:00-19:00,False
12906,หลังโควิด,หมอเหล็ง,ราชปรารภ,2024,3,22,2024-03-22,07:00-09:00,False
12907,หลังโควิด,หมอเหล็ง,ราชปรารภ,2024,3,22,2024-03-22,09:00-17:00,False
12908,หลังโควิด,หมอเหล็ง,ราชปรารภ,2024,3,22,2024-03-22,17:00-19:00,False
12909,หลังโควิด,หมอเหล็ง,ศรีอยุธยา,2024,3,22,2024-03-22,07:00-09:00,False
12910,หลังโควิด,หมอเหล็ง,ศรีอยุธยา,2024,3,22,2024-03-22,09:00-17:00,False
12911,หลังโควิด,หมอเหล็ง,ศรีอยุธยา,2024,3,22,2024-03-22,17:00-19:00,False
12912,หลังโควิด,หมอเหล็ง,จตุรทิศ,2024,3,22,2024-03-22,07:00-09:00,False
12913,หลังโควิด,หมอเหล็ง,จตุรทิศ,2024,3,22,2024-03-22,09:00-17:00,False
12914,หลังโควิด,หมอเหล็ง,จตุรทิศ,2024,3,22,2024-03-22,17:00-19:00,False
12957,หลังโควิด,หลังสวน,หลังสวน,2024,3,29,2024-03-29,07:00-09:00,False
12958,หลังโควิด,หลังสวน,หลังสวน,2024,3,29,2024-03-29,09:00-17:00,False
12959,หลังโควิด,หลังสวน,หลังสวน,2024,3,29,2024-03-29,17:00-19:00,False
12960,หลังโควิด,หลังสวน,สารสิน,2024,3,29,2024-03-29,07:00-09:00,False
12961,หลังโควิด,หลังสวน,สารสิน,2024,3,29,2024-03-29,09:00-17:00,False
12962,หลังโควิด,หลังสวน,สารสิน,2024,3,29,2024-03-29,17:00-19:00,False
12987,หลังโควิด,เกษตร,พหลโยธิน,2024,4,4,2024-04-04,07:00-09:00,False
12988,หลังโควิด,เกษตร,พหลโยธิน,2024,4,4,2024-04-04,09:00-17:00,False
12989,หลังโควิด,เกษตร,พหลโยธิน,2024,4,4,2024-04-04,17:00-19:00,False
12990,หลังโควิด,เกษตร,งามวงศ์วาน,2024,4,4,2024-04-04,07:00-09:00,False
12991,หลังโควิด,เกษตร,งามวงศ์วาน,2024,4,4,2024-04-04,09:00-17:00,False
12992,หลังโควิด,เกษตร,งามวงศ์วาน,2024,4,4,2024-04-04,17:00-19:00,False
13122,หลังโควิด,มิตรไมตรี - มิตรไมตรี 2,มิตรไมตรี,2024,5,2,2024-05-02,07:00-09:00,False
13123,หลังโควิด,มิตรไมตรี - มิตรไมตรี 2,มิตรไมตรี,2024,5,2,2024-05-02,09:00-17:00,False
13124,หลังโควิด,มิตรไมตรี - มิตรไมตรี 2,มิตรไมตรี,2024,5,2,2024-05-02,17:00-19:00,False
13125,หลังโควิด,มิตรไมตรี - มิตรไมตรี 2,มิตรไมตรี 2,2024,5,2,2024-05-02,07:00-09:00,False
13126,หลังโควิด,มิตรไมตรี - มิตรไมตรี 2,มิตรไมตรี 2,2024,5,2,2024-05-02,09:00-17:00,False
13127,หลังโควิด,มิตรไมตรี - มิตรไมตรี 2,มิตรไมตรี 2,2024,5,2,2024-05-02,17:00-19:00,False
13203,หลังโควิด,พระราม 9 ใหม่,เพชรพระราม,2024,5,17,2024-05-17,07:00-09:00,False
13204,หลังโควิด,พระราม 9 ใหม่,เพชรพระราม,2024,5,17,2024-05-17,09:00-17:00,False
13205,หลังโควิด,พระราม 9 ใหม่,เพชรพระราม,2024,5,17,2024-05-17,17:00-19:00,False
13242,หลังโควิด,พหลโยธิน - เทพรักษ์,พหลโยธิน,2024,5,24,2024-05-24,07:00-09:00,False
13243,หลังโควิด,พหลโยธิน - เทพรักษ์,พหลโยธิน,2024,5,24,2024-05-24,09:00-17:00,False
13244,หลังโควิด,พหลโยธิน - เทพรักษ์,พหลโยธิน,2024,5,24,2024-05-24,17:00-19:00,False
13245,หลังโควิด,พหลโยธิน - เทพรักษ์,เทพรักษ์,2024,5,24,2024-05-24,07:00-09:00,False
13246,หลังโควิด,พหลโยธิน - เทพรักษ์,เทพรักษ์,2024,5,24,2024-05-24,09:00-17:00,False
13247,หลังโควิด,พหลโยธิน - เทพรักษ์,เทพรักษ์,2024,5,24,2024-05-24,17:00-19:00,False
13380,หลังโควิด,วิทยุ,สาทร,2024,6,13,2024-06-13,07:00-09:00,False
13381,หลังโควิด,วิทยุ,สาทร,2024,6,13,2024-06-13,09:00-17:00,False
13382,หลังโควิด,วิทยุ,สาทร,2024,6,13,2024-06-13,17:00-19:00,False
13383,หลังโควิด,วิทยุ,วิทยุ,2024,6,13,2024-06-13,07:00-09:00,False
13384,หลังโควิด,วิทยุ,วิทยุ,2024,6,13,2024-06-13,09:00-17:00,False
13385,หลังโควิด,วิทยุ,วิทยุ,2024,6,13,2024-06-13,17:00-19:00,False
13386,หลังโควิด,วิทยุ,พระรามที่ 4,2024,6,13,2024-06-13,07:00-09:00,False
13387,หลังโควิด,วิทยุ,พระรามที่ 4,2024,6,13,2024-06-13,09:00-17:00,False
13388,หลังโควิด,วิทยุ,พระรามที่ 4,2024,6,13,2024-06-13,17:00-19:00,False
13389,หลังโควิด,ประชาสงเคราะห์,ประชาสงเคราะห์,2024,6,17,2024-06-17,07:00-09:00,False
13390,หลังโควิด,ประชาสงเคราะห์,ประชาสงเคราะห์,2024,6,17,2024-06-17,09:00-17:00,False
13391,หลังโควิด,ประชาสงเคราะห์,ประชาสงเคราะห์,2024,6,17,2024-06-17,17:00-19:00,False
13392,หลังโควิด,ประชาสงเคราะห์,ดินแดง,2024,6,17,2024-06-17,07:00-09:00,False
13393,หลังโควิด,ประชาสงเคราะห์,ดินแดง,2024,6,17,2024-06-17,09:00-17:00,False
13394,หลังโควิด,ประชาสงเคราะห์,ดินแดง,2024,6,17,2024-06-17,17:00-19:00,False
13398,หลังโควิด,จันทน์ - เจริญราษฎร์,เจริญราษฎร์,2024,6,18,2024-06-18,07:00-09:00,False
13399,หลังโควิด,จันทน์ - เจริญราษฎร์,เจริญราษฎร์,2024,6,18,2024-06-18,09:00-17:00,False
13400,หลังโควิด,จันทน์ - เจริญราษฎร์,เจริญราษฎร์,2024,6,18,2024-06-18,17:00-19:00,False
13401,หลังโควิด,จันทน์ - เจริญราษฎร์,จันทน์,2024,6,18,2024-06-18,07:00-09:00,False
13402,หลังโควิด,จันทน์ - เจริญราษฎร์,จันทน์,2024,6,18,2024-06-18,09:00-17:00,False
13403,หลังโควิด,จันทน์ - เจริญราษฎร์,จันทน์,2024,6,18,2024-06-18,17:00-19:00,False
13404,หลังโควิด,บางยี่เรือ,เทอดไท,2024,6,19,2024-06-19,07:00-09:00,False
13405,หลังโควิด,บางยี่เรือ,เทอดไท,2024,6,19,2024-06-19,09:00-17:00,False
13406,หลังโควิด,บางยี่เรือ,เทอดไท,2024,6,19,2024-06-19,17:00-19:00,False
13407,หลังโควิด,บางยี่เรือ,เพชรเกษม,2024,6,19,2024-06-19,07:00-09:00,False
13408,หลังโควิด,บางยี่เรือ,เพชรเกษม,2024,6,19,2024-06-19,09:00-17:00,False
13409,หลังโควิด,บางยี่เรือ,เพชรเกษม,2024,6,19,2024-06-19,17:00-19:00,False
13410,หลังโควิด,บางยี่เรือ,อินทรพิทักษ์,2024,6,19,2024-06-19,07:00-09:00,False
13411,หลังโควิด,บางยี่เรือ,อินทรพิทักษ์,2024,6,19,2024-06-19,09:00-17:00,False
13412,หลังโควิด,บางยี่เรือ,อินทรพิทักษ์,2024,6,19,2024-06-19,17:00-19:00,False
13419,หลังโควิด,พระรามที่ 4,รัชดาภิเษก,2024,6,20,2024-06-20,07:00-09:00,False
13420,หลังโควิด,พระรามที่ 4,รัชดาภิเษก,2024,6,20,2024-06-20,09:00-17:00,False
13421,หลังโควิด,พระรามที่ 4,รัชดาภิเษก,2024,6,20,2024-06-20,17:00-19:00,False
13422,หลังโควิด,พระรามที่ 4,พระรามที่ 4,2024,6,20,2024-06-20,07:00-09:00,False
13423,หลังโควิด,พระรามที่ 4,พระรามที่ 4,2024,6,20,2024-06-20,09:00-17:00,False
13424,หลังโควิด,พระรามที่ 4,พระรามที่ 4,2024,6,20,2024-06-20,17:00-19:00,False
13425,หลังโควิด,ราชประสงค์,ราชดำริ,2024,6,21,2024-06-21,07:00-09:00,False
13426,หลังโควิด,ราชประสงค์,ราชดำริ,2024,6,21,2024-06-21,09:00-17:00,False
13427,หลังโควิด,ราชประสงค์,ราชดำริ,2024,6,21,2024-06-21,17:00-19:00,False
13428,หลังโควิด,ราชประสงค์,พระรามที่ 1,2024,6,21,2024-06-21,07:00-09:00,False
13429,หลังโควิด,ราชประสงค์,พระรามที่ 1,2024,6,21,2024-06-21,09:00-17:00,False
13430,หลังโควิด,ราชประสงค์,พระรามที่ 1,2024,6,21,2024-06-21,17:00-19:00,False
13431,หลังโควิด,ราชประสงค์,เพลินจิต,2024,6,21,2024-06-21,07:00-09:00,False
13432,หลังโควิด,ราชประสงค์,เพลินจิต,2024,6,21,2024-06-21,09:00-17:00,False
13433,หลังโควิด,ราชประสงค์,เพลินจิต,2024,6,21,2024-06-21,17:00-19:00,False
13434,หลังโควิด,ราชเทวี,พญาไท,2024,6,24,2024-06-24,07:00-09:00,False
13435,หลังโควิด,ราชเทวี,พญาไท,2024,6,24,2024-06-24,09:00-17:00,False
13436,หลังโควิด,ราชเทวี,พญาไท,2024,6,24,2024-06-24,17:00-19:00,False
13437,หลังโควิด,ราชเทวี,เพชรบุรี,2024,6,24,2024-06-24,07:00-09:00,False
13438,หลังโควิด,ราชเทวี,เพชรบุรี,2024,6,24,2024-06-24,09:00-17:00,False
13439,หลังโควิด,ราชเทวี,เพชรบุรี,2024,6,24,2024-06-24,17:00-19:00,False
13452,หลังโควิด,พญาไท,พญาไท,2024,6,27,2024-06-27,07:00-09:00,False
13453,หลังโควิด,พญาไท,พญาไท,2024,6,27,2024-06-27,09:00-17:00,False
13454,หลังโควิด,พญาไท,พญาไท,2024,6,27,2024-06-27,17:00-19:00,False
13455,หลังโควิด,พญาไท,ศรีอยุธยา,2024,6,27,2024-06-27,07:00-09:00,False
13456,หลังโควิด,พญาไท,ศรีอยุธยา,2024,6,27,2024-06-27,09:00-17:00,False
13457,หลังโควิด,พญาไท,ศรีอยุธยา,2024,6,27,2024-06-27,17:00-19:00,False
13458,หลังโควิด,ปทุมวัน,พญาไท,2024,6,28,2024-06-28,07:00-09:00,False
13459,หลังโควิด,ปทุมวัน,พญาไท,2024,6,28,2024-06-28,09:00-17:00,False
13460,หลังโควิด,ปทุมวัน,พญาไท,2024,6,28,2024-06-28,17:00-19:00,False
13461,หลังโควิด,ปทุมวัน,พระรามที่ 1,2024,6,28,2024-06-28,07:00-09:00,False
13462,หลังโควิด,ปทุมวัน,พระรามที่ 1,2024,6,28,2024-06-28,09:00-17:00,False
13463,หลังโควิด,ปทุมวัน,พระรามที่ 1,2024,6,28,2024-06-28,17:00-19:00,False
13473,หลังโควิด,ทองหล่อ,สุขุมวิท,2024,7,1,2024-07-01,07:00-09:00,False
13474,หลังโควิด,ทองหล่อ,สุขุมวิท,2024,7,1,2024-07-01,09:00-17:00,False
13475,หลังโควิด,ทองหล่อ,สุขุมวิท,2024,7,1,2024-07-01,17:00-19:00,False
13581,หลังโควิด,เกษมราษฎร์,เกษมราษฎร์,2024,7,17,2024-07-17,07:00-09:00,False
13582,หลังโควิด,เกษมราษฎร์,เกษมราษฎร์,2024,7,17,2024-07-17,09:00-17:00,False
13583,หลังโควิด,เกษมราษฎร์,เกษมราษฎร์,2024,7,17,2024-07-17,17:00-19:00,False
13584,หลังโควิด,เกษมราษฎร์,พระรามที่ 4,2024,7,17,2024-07-17,07:00-09:00,False
13585,หลังโควิด,เกษมราษฎร์,พระรามที่ 4,2024,7,17,2024-07-17,09:00-17:00,False
13586,หลังโควิด,เกษมราษฎร์,พระรามที่ 4,2024,7,17,2024-07-17,17:00-19:00,False
13602,หลังโควิด,หมอมี,เจริญกรุง,2025,7,19,2025-07-19,07:00-09:00,False
13603,หลังโควิด,หมอมี,เจริญกรุง,2025,7,19,2025-07-19,09:00-17:00,False
13604,หลังโควิด,หมอมี,เจริญกรุง,2025,7,19,2025-07-19,17:00-19:00,False
13608,หลังโควิด,หมอมี,พระรามที่ 4,2025,7,19,2025-07-19,07:00-09:00,False
13609,หลังโควิด,หมอมี,พระรามที่ 4,2025,7,19,2025-07-19,09:00-17:00,False
13610,หลังโควิด,หมอมี,พระรามที่ 4,2025,7,19,2025-07-19,17:00-19:00,False
13614,หลังโควิด,พระโขนง,สุขุมวิท,2025,7,23,2025-07-23,07:00-09:00,False
13615,หลังโควิด,พระโขนง,สุขุมวิท,2025,7,23,2025-07-23,09:00-17:00,False
13616,หลังโควิด,พระโขนง,สุขุมวิท,2025,7,23,2025-07-23,17:00-19:00,False
13623,หลังโควิด,จันทน์ - นราธิวาส,จันทน์,2025,7,24,2025-07-24,07:00-09:00,False
13624,หลังโควิด,จันทน์ - นราธิวาส,จันทน์,2025,7,24,2025-07-24,09:00-17:00,False
13625,หลังโควิด,จันทน์ - นราธิวาส,จันทน์,2025,7,24,2025-07-24,17:00-19:00,False
13731,หลังโควิด,สามแยกบางกะปิ,ศรีนครินทร์,2024,8,18,2024-08-18,07:00-09:00,False
13732,หลังโควิด,สามแยกบางกะปิ,ศรีนครินทร์,2024,8,18,2024-08-18,09:00-17:00,False
13733,หลังโควิด,สามแยกบางกะปิ,ศรีนครินทร์,2024,8,18,2024-08-18,17:00-19:00,False
13734,หลังโควิด,สามแยกบางกะปิ,ลาดพร้าว,2024,8,18,2024-08-18,07:00-09:00,False
13735,หลังโควิด,สามแยกบางกะปิ,ลาดพร้าว,2024,8,18,2024-08-18,09:00-17:00,False
13736,หลังโควิด,สามแยกบางกะปิ,ลาดพร้าว,2024,8,18,2024-08-18,17:00-19:00,False
13752,หลังโควิด,ใต้ด่วนพระราม 4,เชื้อเพลิง,2024,8,21,2024-08-21,07:00-09:00,False
13753,หลังโควิด,ใต้ด่วนพระราม 4,เชื้อเพลิง,2024,8,21,2024-08-21,09:00-17:00,False
13754,หลังโควิด,ใต้ด่วนพระราม 4,เชื้อเพลิง,2024,8,21,2024-08-21,17:00-19:00,False
13758,หลังโควิด,ใต้ด่วนพระราม 4,พระรามที่ 4,2024,8,21,2024-08-21,07:00-09:00,False
13760,หลังโควิด,ใต้ด่วนพระราม 4,พระรามที่ 4,2024,8,21,2024-08-21,17:00-19:00,False
13761,หลังโควิด,เจริญราษฎร์,เจริญราษฎร์,2024,8,22,2024-08-22,07:00-09:00,False
13762,หลังโควิด,เจริญราษฎร์,เจริญราษฎร์,2024,8,22,2024-08-22,09:00-17:00,False
13763,หลังโควิด,เจริญราษฎร์,เจริญราษฎร์,2024,8,22,2024-08-22,17:00-19:00,False
13767,หลังโควิด,นิด้า,ศรีบูรพา,2024,8,25,2024-08-25,07:00-09:00,False
13768,หลังโควิด,นิด้า,ศรีบูรพา,2024,8,25,2024-08-25,09:00-17:00,False
13769,หลังโควิด,นิด้า,ศรีบูรพา,2024,8,25,2024-08-25,17:00-19:00,False
13770,หลังโควิด,นิด้า,เสรีไทย,2024,8,25,2024-08-25,07:00-09:00,False
13771,หลังโควิด,นิด้า,เสรีไทย,2024,8,25,2024-08-25,09:00-17:00,False
13772,หลังโควิด,นิด้า,เสรีไทย,2024,8,25,2024-08-25,17:00-19:00,False
13791,หลังโควิด,หลังสวน,หลังสวน,2024,8,28,2024-08-28,07:00-09:00,False
13792,หลังโควิด,หลังสวน,หลังสวน,2024,8,28,2024-08-28,09:00-17:00,False
13793,หลังโควิด,หลังสวน,หลังสวน,2024,8,28,2024-08-28,17:00-19:00,False
13794,หลังโควิด,หลังสวน,สารสิน,2024,8,28,2024-08-28,07:00-09:00,False
13795,หลังโควิด,หลังสวน,สารสิน,2024,8,28,2024-08-28,09:00-17:00,False
13796,หลังโควิด,หลังสวน,สารสิน,2024,8,28,2024-08-28,17:00-19:00,False
13803,หลังโควิด,สาทร - นราธิวาส,สาทร,2024,8,29,2024-08-29,07:00-09:00,False
13804,หลังโควิด,สาทร - นราธิวาส,สาทร,2024,8,29,2024-08-29,09:00-17:00,False
13805,หลังโควิด,สาทร - นราธิวาส,สาทร,2024,8,29,2024-08-29,17:00-19:00,False
13878,หลังโควิด,ห้วยขวาง,รัชดาภิเษก,2024,9,12,2024-09-12,07:00-09:00,False
13879,หลังโควิด,ห้วยขวาง,รัชดาภิเษก,2024,9,12,2024-09-12,09:00-17:00,False
13880,หลังโควิด,ห้วยขวาง,รัชดาภิเษก,2024,9,12,2024-09-12,17:00-19:00,False
13881,หลังโควิด,ห้วยขวาง,ประชาสงเคราะห์,2024,9,12,2024-09-12,07:00-09:00,False
13882,หลังโควิด,ห้วยขวาง,ประชาสงเคราะห์,2024,9,12,2024-09-12,09:00-17:00,False
13883,หลังโควิด,ห้วยขวาง,ประชาสงเคราะห์,2024,9,12,2024-09-12,17:00-19:00,False
13884,หลังโควิด,ห้วยขวาง,ประชาราษฎร์บำเพ็ญ,2024,9,12,2024-09-12,07:00-09:00,False
13885,หลังโควิด,ห้วยขวาง,ประชาราษฎร์บำเพ็ญ,2024,9,12,2024-09-12,09:00-17:00,False
13886,หลังโควิด,ห้วยขวาง,ประชาราษฎร์บำเพ็ญ,2024,9,12,2024-09-12,17:00-19:00,False
13890,หลังโควิด,สาทร - เจริญกรุง,เจริญกรุง,2024,9,16,2024-09-16,07:00-09:00,False
13891,หลังโควิด,สาทร - เจริญกรุง,เจริญกรุง,2024,9,16,2024-09-16,09:00-17:00,False
13892,หลังโควิด,สาทร - เจริญกรุง,เจริญกรุง,2024,9,16,2024-09-16,17:00-19:00,False
13896,หลังโควิด,สาทร - เจริญกรุง,สาทร,2024,9,16,2024-09-16,07:00-09:00,False
13897,หลังโควิด,สาทร - เจริญกรุง,สาทร,2024,9,16,2024-09-16,09:00-17:00,False
13898,หลังโควิด,สาทร - เจริญกรุง,สาทร,2024,9,16,2024-09-16,17:00-19:00,False
13917,หลังโควิด,รัชโยธิน,พหลโยธิน,2024,9,19,2024-09-19,07:00-09:00,False
13918,หลังโควิด,รัชโยธิน,พหลโยธิน,2024,9,19,2024-09-19,09:00-17:00,False
13919,หลังโควิด,รัชโยธิน,พหลโยธิน,2024,9,19,2024-09-19,17:00-19:00,False
13923,หลังโควิด,ประดิพัทธ์,พระรามที่ 6 ,2024,9,23,2024-09-23,07:00-09:00,False
13924,หลังโควิด,ประดิพัทธ์,พระรามที่ 6 ,2024,9,23,2024-09-23,09:00-17:00,False
13925,หลังโควิด,ประดิพัทธ์,พระรามที่ 6 ,2024,9,23,2024-09-23,17:00-19:00,False
13926,หลังโควิด,ประดิพัทธ์,ประดิพัทธ์,2024,9,23,2024-09-23,07:00-09:00,False
13927,หลังโควิด,ประดิพัทธ์,ประดิพัทธ์,2024,9,23,2024-09-23,09:00-17:00,False
13928,หลังโควิด,ประดิพัทธ์,ประดิพัทธ์,2024,9,23,2024-09-23,17:00-19:00,False
13929,หลังโควิด,คอกวัว,ตะนาว,2024,9,24,2024-09-24,07:00-09:00,False
13930,หลังโควิด,คอกวัว,ตะนาว,2024,9,24,2024-09-24,09:00-17:00,False
13931,หลังโควิด,คอกวัว,ตะนาว,2024,9,24,2024-09-24,17:00-19:00,False
13932,หลังโควิด,คอกวัว,ราชดำเนินกลาง,2024,9,24,2024-09-24,07:00-09:00,False
13933,หลังโควิด,คอกวัว,ราชดำเนินกลาง,2024,9,24,2024-09-24,09:00-17:00,False
13934,หลังโควิด,คอกวัว,ราชดำเนินกลาง,2024,9,24,2024-09-24,17:00-19:00,False
13992,หลังโควิด,หมู่บ้านเศรษฐกิจ,เพชรเกษม,2024,10,3,2024-10-03,07:00-09:00,False
13993,หลังโควิด,หมู่บ้านเศรษฐกิจ,เพชรเกษม,2024,10,3,2024-10-03,09:00-17:00,False
13994,หลังโควิด,หมู่บ้านเศรษฐกิจ,เพชรเกษม,2024,10,3,2024-10-03,17:00-19:00,False
14004,หลังโควิด,ดาวคะนอง,สมเด็จพระเจ้าตากสิน,2024,10,7,2024-10-07,07:00-09:00,False
14005,หลังโควิด,ดาวคะนอง,สมเด็จพระเจ้าตากสิน,2024,10,7,2024-10-07,09:00-17:00,False
14006,หลังโควิด,ดาวคะนอง,สมเด็จพระเจ้าตากสิน,2024,10,7,2024-10-07,17:00-19:00,False
14007,หลังโควิด,ดาวคะนอง,จอมทอง,2024,10,7,2024-10-07,07:00-09:00,False
14008,หลังโควิด,ดาวคะนอง,จอมทอง,2024,10,7,2024-10-07,09:00-17:00,False
14009,หลังโควิด,ดาวคะนอง,จอมทอง,2024,10,7,2024-10-07,17:00-19:00,False
14028,หลังโควิด,ขัตติยานี,พิชัย,2024,10,10,2024-10-10,07:00-09:00,False
14029,หลังโควิด,ขัตติยานี,พิชัย,2024,10,10,2024-10-10,09:00-17:00,False
14030,หลังโควิด,ขัตติยานี,พิชัย,2024,10,10,2024-10-10,17:00-19:00,False
14031,หลังโควิด,ขัตติยานี,สุโขทัย,2024,10,10,2024-10-10,07:00-09:00,False
14032,หลังโควิด,ขัตติยานี,สุโขทัย,2024,10,10,2024-10-10,09:00-17:00,False
14033,หลังโควิด,ขัตติยานี,สุโขทัย,2024,10,10,2024-10-10,17:00-19:00,False
14034,หลังโควิด,อ.ส.ม.ท.,เพชรอุทัย,2024,10,11,2024-10-11,07:00-09:00,False
14035,หลังโควิด,อ.ส.ม.ท.,เพชรอุทัย,2024,10,11,2024-10-11,09:00-17:00,False
14036,หลังโควิด,อ.ส.ม.ท.,เพชรอุทัย,2024,10,11,2024-10-11,17:00-19:00,False
14040,หลังโควิด,อ.ส.ม.ท.,พระราม 9,2024,10,11,2024-10-11,07:00-09:00,False
14041,หลังโควิด,อ.ส.ม.ท.,พระราม 9,2024,10,11,2024-10-11,09:00-17:00,False
14042,หลังโควิด,อ.ส.ม.ท.,พระราม 9,2024,10,11,2024-10-11,17:00-19:00,False
14055,หลังโควิด,นานา,สุขุมวิท,2024,10,21,2024-10-21,07:00-09:00,False
14056,หลังโควิด,นานา,สุขุมวิท,2024,10,21,2024-10-21,09:00-17:00,False
14057,หลังโควิด,นานา,สุขุมวิท,2024,10,21,2024-10-21,17:00-19:00,False
14067,หลังโควิด,มไหสวรรย์,รัชดาภิเษก,2024,10,24,2024-10-24,07:00-09:00,False
14068,หลังโควิด,มไหสวรรย์,รัชดาภิเษก,2024,10,24,2024-10-24,09:00-17:00,False
14069,หลังโควิด,มไหสวรรย์,รัชดาภิเษก,2024,10,24,2024-10-24,17:00-19:00,False
14070,หลังโควิด,มไหสวรรย์,มไหสวรรย์,2024,10,24,2024-10-24,07:00-09:00,False
14071,หลังโควิด,มไหสวรรย์,มไหสวรรย์,2024,10,24,2024-10-24,09:00-17:00,False
14072,หลังโควิด,มไหสวรรย์,มไหสวรรย์,2024,10,24,2024-10-24,17:00-19:00,False
14118,หลังโควิด,บางพลัด,จรัญสนิทวงศ์,2024,10,31,2024-10-31,07:00-09:00,False
14119,หลังโควิด,บางพลัด,จรัญสนิทวงศ์,2024,10,31,2024-10-31,09:00-17:00,False
14120,หลังโควิด,บางพลัด,จรัญสนิทวงศ์,2024,10,31,2024-10-31,17:00-19:00,False
14121,หลังโควิด,บางพลัด,สิรินธร,2024,10,31,2024-10-31,07:00-09:00,False
14122,หลังโควิด,บางพลัด,สิรินธร,2024,10,31,2024-10-31,09:00-17:00,False
14123,หลังโควิด,บางพลัด,สิรินธร,2024,10,31,2024-10-31,17:00-19:00,False
14124,หลังโควิด,บางพลัด,ราชวิถี,2024,10,31,2024-10-31,07:00-09:00,False
14125,หลังโควิด,บางพลัด,ราชวิถี,2024,10,31,2024-10-31,09:00-17:00,False
14126,หลังโควิด,บางพลัด,ราชวิถี,2024,10,31,2024-10-31,17:00-19:00,False
14175,หลังโควิด,โพธิ์สามต้น,อิสรภาพ,2024,11,12,2024-11-12,07:00-09:00,False
14176,หลังโควิด,โพธิ์สามต้น,อิสรภาพ,2024,11,12,2024-11-12,09:00-17:00,False
14177,หลังโควิด,โพธิ์สามต้น,อิสรภาพ,2024,11,12,2024-11-12,17:00-19:00,False
14178,หลังโควิด,โพธิ์สามต้น,วังเดิม,2024,11,12,2024-11-12,07:00-09:00,False
14179,หลังโควิด,โพธิ์สามต้น,วังเดิม,2024,11,12,2024-11-12,09:00-17:00,False
14180,หลังโควิด,โพธิ์สามต้น,วังเดิม,2024,11,12,2024-11-12,17:00-19:00,False
14199,หลังโควิด,ลาดปลาเค้า,ลาดปลาเค้า,2024,11,14,2024-11-14,07:00-09:00,False
14200,หลังโควิด,ลาดปลาเค้า,ลาดปลาเค้า,2024,11,14,2024-11-14,09:00-17:00,False
14201,หลังโควิด,ลาดปลาเค้า,ลาดปลาเค้า,2024,11,14,2024-11-14,17:00-19:00,False
14202,หลังโควิด,ลาดปลาเค้า,รามอินทรา,2024,11,14,2024-11-14,07:00-09:00,False
14203,หลังโควิด,ลาดปลาเค้า,รามอินทรา,2024,11,14,2024-11-14,09:00-17:00,False
14204,หลังโควิด,ลาดปลาเค้า,รามอินทรา,2024,11,14,2024-11-14,17:00-19:00,False
14217,หลังโควิด,สามเสน,สวรรคโลก,2024,11,18,2024-11-18,07:00-09:00,False
14218,หลังโควิด,สามเสน,สวรรคโลก,2024,11,18,2024-11-18,09:00-17:00,False
14219,หลังโควิด,สามเสน,สวรรคโลก,2024,11,18,2024-11-18,17:00-19:00,False
14220,หลังโควิด,สามเสน,เทอดดำริ,2024,11,18,2024-11-18,07:00-09:00,False
14221,หลังโควิด,สามเสน,เทอดดำริ,2024,11,18,2024-11-18,09:00-17:00,False
14222,หลังโควิด,สามเสน,เทอดดำริ,2024,11,18,2024-11-18,17:00-19:00,False
14223,หลังโควิด,สามเสน,นครไชยศรี,2024,11,18,2024-11-18,07:00-09:00,False
14224,หลังโควิด,สามเสน,นครไชยศรี,2024,11,18,2024-11-18,09:00-17:00,False
14225,หลังโควิด,สามเสน,นครไชยศรี,2024,11,18,2024-11-18,17:00-19:00,False
14307,หลังโควิด,ท่าพระ,รัชดาภิเษก,2024,11,29,2024-11-29,07:00-09:00,False
14308,หลังโควิด,ท่าพระ,รัชดาภิเษก,2024,11,29,2024-11-29,09:00-17:00,False
14309,หลังโควิด,ท่าพระ,รัชดาภิเษก,2024,11,29,2024-11-29,17:00-19:00,False
14310,หลังโควิด,ท่าพระ,จรัญสนิทวงศ์,2024,11,29,2024-11-29,07:00-09:00,False
14311,หลังโควิด,ท่าพระ,จรัญสนิทวงศ์,2024,11,29,2024-11-29,09:00-17:00,False
14312,หลังโควิด,ท่าพระ,จรัญสนิทวงศ์,2024,11,29,2024-11-29,17:00-19:00,False
14313,หลังโควิด,ท่าพระ,เพชรเกษม,2024,11,29,2024-11-29,07:00-09:00,False
14314,หลังโควิด,ท่าพระ,เพชรเกษม,2024,11,29,2024-11-29,09:00-17:00,False
14315,หลังโควิด,ท่าพระ,เพชรเกษม,2024,11,29,2024-11-29,17:00-19:00,False
14331,หลังโควิด,สีลม - นราธิวาส,สีลม,2024,12,3,2024-12-03,07:00-09:00,False
14332,หลังโควิด,สีลม - นราธิวาส,สีลม,2024,12,3,2024-12-03,09:00-17:00,False
14333,หลังโควิด,สีลม - นราธิวาส,สีลม,2024,12,3,2024-12-03,17:00-19:00,False
14346,หลังโควิด,บรมราชชนนี,จรัญสนิทวงศ์,2024,12,6,2024-12-06,07:00-09:00,False
14347,หลังโควิด,บรมราชชนนี,จรัญสนิทวงศ์,2024,12,6,2024-12-06,09:00-17:00,False
14348,หลังโควิด,บรมราชชนนี,จรัญสนิทวงศ์,2024,12,6,2024-12-06,17:00-19:00,False
14349,หลังโควิด,บรมราชชนนี,บรมราชชนนี,2024,12,6,2024-12-06,07:00-09:00,False
14350,หลังโควิด,บรมราชชนนี,บรมราชชนนี,2024,12,6,2024-12-06,09:00-17:00,False
14351,หลังโควิด,บรมราชชนนี,บรมราชชนนี,2024,12,6,2024-12-06,17:00-19:00,False
14370,หลังโควิด,พงษ์พระราม,จารุเมือง,2024,12,13,2024-12-13,07:00-09:00,False
14371,หลังโควิด,พงษ์พระราม,จารุเมือง,2024,12,13,2024-12-13,09:00-17:00,False
14372,หลังโควิด,พงษ์พระราม,จารุเมือง,2025,12,13,2025-12-13,17:00-19:00,False
14373,หลังโควิด,พงษ์พระราม,พระรามที่ 1,2025,12,13,2025-12-13,07:00-09:00,False
14374,หลังโควิด,พงษ์พระราม,พระรามที่ 1,2025,12,13,2025-12-13,09:00-17:00,False
14375,หลังโควิด,พงษ์พระราม,พระรามที่ 1,2025,12,13,2025-12-13,17:00-19:00,False
14382,หลังโควิด,โรงพยาบาลกลาง,เสือป่า,2025,12,16,2025-12-16,07:00-09:00,False
14383,หลังโควิด,โรงพยาบาลกลาง,เสือป่า,2025,12,16,2025-12-16,09:00-17:00,False
14384,หลังโควิด,โรงพยาบาลกลาง,เสือป่า,2025,12,16,2025-12-16,17:00-19:00,False
14388,หลังโควิด,โรงพยาบาลกลาง,หลวง,2025,12,16,2025-12-16,07:00-09:00,False
14389,หลังโควิด,โรงพยาบาลกลาง,หลวง,2025,12,16,2025-12-16,09:00-17:00,False
14390,หลังโควิด,โรงพยาบาลกลาง,หลวง,2025,12,16,2025-12-16,17:00-19:00,False
14394,หลังโควิด,ผังเมือง,วัฒนธรรม,2025,12,17,2025-12-17,07:00-09:00,False
14395,หลังโควิด,ผังเมือง,วัฒนธรรม,2025,12,17,2025-12-17,09:00-17:00,False
14396,หลังโควิด,ผังเมือง,วัฒนธรรม,2025,12,17,2025-12-17,17:00-19:00,False
14400,หลังโควิด,แบริ่ง,สุขุมวิท,2025,12,18,2025-12-18,07:00-09:00,False
14401,หลังโควิด,แบริ่ง,สุขุมวิท,2025,12,18,2025-12-18,09:00-17:00,False
14402,หลังโควิด,แบริ่ง,สุขุมวิท,2025,12,18,2025-12-18,17:00-19:00,False
14433,หลังโควิด,นางเลิ้ง,นครสวรรค์,2025,12,24,2025-12-24,07:00-09:00,False
14434,หลังโควิด,นางเลิ้ง,นครสวรรค์,2025,12,24,2025-12-24,09:00-17:00,False
14435,หลังโควิด,นางเลิ้ง,นครสวรรค์,2025,12,24,2025-12-24,17:00-19:00,False
14436,หลังโควิด,นางเลิ้ง,พิษณุโลก,2025,12,24,2025-12-24,07:00-09:00,False
14437,หลังโควิด,นางเลิ้ง,พิษณุโลก,2025,12,24,2025-12-24,09:00-17:00,False
14438,หลังโควิด,นางเลิ้ง,พิษณุโลก,2025,12,24,2025-12-24,17:00-19:00,False
14445,หลังโควิด,ประชาธรรม,ประดิษฐ์มนูธรรม,2025,12,27,2025-12-27,07:00-09:00,False
14446,หลังโควิด,ประชาธรรม,ประดิษฐ์มนูธรรม,2025,12,27,2025-12-27,09:00-17:00,False
14447,หลังโควิด,ประชาธรรม,ประดิษฐ์มนูธรรม,2025,12,27,2025-12-27,17:00-19:00,False
14448,หลังโควิด,ประชาธรรม,ประชาอุทิศ,2025,12,27,2025-12-27,07:00-09:00,False
14449,หลังโควิด,ประชาธรรม,ประชาอุทิศ,2025,12,27,2025-12-27,09:00-17:00,False
14450,หลังโควิด,ประชาธรรม,ประชาอุทิศ,2025,12,27,2025-12-27,17:00-19:00,False
14454,หลังโควิด,จอมทอง,จอมทอง,2025,1,2,2025-01-02,07:00-09:00,False
14455,หลังโควิด,จอมทอง,จอมทอง,2025,1,2,2025-01-02,09:00-17:00,False
14456,หลังโควิด,จอมทอง,จอมทอง,2025,1,2,2025-01-02,17:00-19:00,False
14457,หลังโควิด,จอมทอง,วุฒากาศ,2025,1,2,2025-01-02,07:00-09:00,False
14458,หลังโควิด,จอมทอง,วุฒากาศ,2025,1,2,2025-01-02,09:00-17:00,False
14459,หลังโควิด,จอมทอง,วุฒากาศ,2025,1,2,2025-01-02,17:00-19:00,False
14487,หลังโควิด,พรานนก,อิสรภาพ,2025,1,2,2025-01-02,07:00-09:00,False
14488,หลังโควิด,พรานนก,อิสรภาพ,2025,1,2,2025-01-02,09:00-17:00,False
14489,หลังโควิด,พรานนก,อิสรภาพ,2025,1,2,2025-01-02,17:00-19:00,False
14490,หลังโควิด,พรานนก,พรานนก,2025,1,2,2025-01-02,07:00-09:00,False
14491,หลังโควิด,พรานนก,พรานนก,2025,1,2,2025-01-02,09:00-17:00,False
14492,หลังโควิด,พรานนก,พรานนก,2025,1,2,2025-01-02,17:00-19:00,False
14514,หลังโควิด,เสาวณี,สวรรคโลก,2025,1,2,2025-01-02,07:00-09:00,False
14515,หลังโควิด,เสาวณี,สวรรคโลก,2025,1,2,2025-01-02,09:00-17:00,False
14516,หลังโควิด,เสาวณี,สวรรคโลก,2025,1,2,2025-01-02,17:00-19:00,False
14517,หลังโควิด,เสาวณี,ศรีอยุธยา,2025,1,2,2025-01-02,07:00-09:00,False
14518,หลังโควิด,เสาวณี,ศรีอยุธยา,2025,1,2,2025-01-02,09:00-17:00,False
14519,หลังโควิด,เสาวณี,ศรีอยุธยา,2025,1,2,2025-01-02,17:00-19:00,False
14529,หลังโควิด,ด่วนเกษมราษฎร์,เกษมราษฎร์,2025,1,2,2025-01-02,07:00-09:00,False
14530,หลังโควิด,ด่วนเกษมราษฎร์,เกษมราษฎร์,2025,1,2,2025-01-02,09:00-17:00,False
14531,หลังโควิด,ด่วนเกษมราษฎร์,เกษมราษฎร์,2025,1,2,2025-01-02,17:00-19:00,False
14538,หลังโควิด,วัดเทพลีลา,รามคำแหง,2025,1,2,2025-01-02,07:00-09:00,False
14539,หลังโควิด,วัดเทพลีลา,รามคำแหง,2025,1,2,2025-01-02,09:00-17:00,False
14540,หลังโควิด,วัดเทพลีลา,รามคำแหง,2025,1,2,2025-01-02,17:00-19:00,False
14577,หลังโควิด,ประชาอุทิศ,เทียมร่วมมิตร,2025,1,2,2025-01-02,07:00-09:00,False
14578,หลังโควิด,ประชาอุทิศ,เทียมร่วมมิตร,2025,1,2,2025-01-02,09:00-17:00,False
14579,หลังโควิด,ประชาอุทิศ,เทียมร่วมมิตร,2025,1,2,2025-01-02,17:00-19:00,False
14583,หลังโควิด,ประชาอุทิศ,ประชาอุทิศ,2025,1,2,2025-01-02,07:00-09:00,False
14584,หลังโควิด,ประชาอุทิศ,ประชาอุทิศ,2025,1,2,2025-01-02,09:00-17:00,False
14585,หลังโควิด,ประชาอุทิศ,ประชาอุทิศ,2025,1,2,2025-01-02,17:00-19:00,False
14592,หลังโควิด,ศาลาแดง,สีลม,2025,1,2,2025-01-02,07:00-09:00,False
14593,หลังโควิด,ศาลาแดง,สีลม,2025,1,2,2025-01-02,09:00-17:00,False
14594,หลังโควิด,ศาลาแดง,สีลม,2025,1,2,2025-01-02,17:00-19:00,False
14595,หลังโควิด,ศาลาแดง,ราชดำริ,2025,1,2,2025-01-02,07:00-09:00,False
14596,หลังโควิด,ศาลาแดง,ราชดำริ,2025,1,2,2025-01-02,09:00-17:00,False
14597,หลังโควิด,ศาลาแดง,ราชดำริ,2025,1,2,2025-01-02,17:00-19:00,False
14598,หลังโควิด,ศาลาแดง,พระรามที่ 4,2025,1,2,2025-01-02,07:00-09:00,False
14599,หลังโควิด,ศาลาแดง,พระรามที่ 4,2025,1,2,2025-01-02,09:00-17:00,False
14600,หลังโควิด,ศาลาแดง,พระรามที่ 4,2025,1,2,2025-01-02,17:00-19:00,False
14613,หลังโควิด,เพลินจิต,วิทยุ,2025,1,2,2025-01-02,07:00-09:00,False
14614,หลังโควิด,เพลินจิต,วิทยุ,2025,1,2,2025-01-02,09:00-17:00,False
14615,หลังโควิด,เพลินจิต,วิทยุ,2025,1,2,2025-01-02,17:00-19:00,False
14616,หลังโควิด,เพลินจิต,เพลินจิต,2025,1,2,2025-01-02,07:00-09:00,False
14617,หลังโควิด,เพลินจิต,เพลินจิต,2025,1,2,2025-01-02,09:00-17:00,False
14618,หลังโควิด,เพลินจิต,เพลินจิต,2025,1,2,2025-01-02,17:00-19:00,False
14619,หลังโควิด,ตรอกจันทน์,เจริญกรุง,2025,1,2,2025-01-02,07:00-09:00,False
14620,หลังโควิด,ตรอกจันทน์,เจริญกรุง,2025,1,2,2025-01-02,09:00-17:00,False
14621,หลังโควิด,ตรอกจันทน์,เจริญกรุง,2025,1,2,2025-01-02,17:00-19:00,False
14625,หลังโควิด,ตรอกจันทน์,จันทน์,2025,1,2,2025-01-02,07:00-09:00,False
14626,หลังโควิด,ตรอกจันทน์,จันทน์,2025,1,2,2025-01-02,09:00-17:00,False
14627,หลังโควิด,ตรอกจันทน์,จันทน์,2025,1,2,2025-01-02,17:00-19:00,False
14631,หลังโควิด,เกียกกาย,สามเสน,2025,1,2,2025-01-02,07:00-09:00,False
14632,หลังโควิด,เกียกกาย,สามเสน,2025,1,2,2025-01-02,09:00-17:00,False
14633,หลังโควิด,เกียกกาย,สามเสน,2025,1,2,2025-01-02,17:00-19:00,False
14634,หลังโควิด,เกียกกาย,ประชาราษฎร์สาย 1,2025,1,2,2025-01-02,07:00-09:00,False
14635,หลังโควิด,เกียกกาย,ประชาราษฎร์สาย 1,2025,1,2,2025-01-02,09:00-17:00,False
14636,หลังโควิด,เกียกกาย,ประชาราษฎร์สาย 1,2025,1,2,2025-01-02,17:00-19:00,False
14637,หลังโควิด,เกียกกาย,ทหาร,2025,1,2,2025-01-02,07:00-09:00,False
14638,หลังโควิด,เกียกกาย,ทหาร,2025,1,2,2025-01-02,09:00-17:00,False
14639,หลังโควิด,เกียกกาย,ทหาร,2025,1,2,2025-01-02,17:00-19:00,False
14679,หลังโควิด,ประเสริฐมนูกิจ - ลาดปลาเค้า,ลาดปลาเค้า,2025,2,3,2025-02-03,07:00-09:00,False
14680,หลังโควิด,ประเสริฐมนูกิจ - ลาดปลาเค้า,ลาดปลาเค้า,2025,2,3,2025-02-03,09:00-17:00,False
14681,หลังโควิด,ประเสริฐมนูกิจ - ลาดปลาเค้า,ลาดปลาเค้า,2025,2,3,2025-02-03,17:00-19:00,False
14682,หลังโควิด,ประเสริฐมนูกิจ - ลาดปลาเค้า,ประเสริฐมนูกิจ,2025,2,3,2025-02-03,07:00-09:00,False
14683,หลังโควิด,ประเสริฐมนูกิจ - ลาดปลาเค้า,ประเสริฐมนูกิจ,2025,2,3,2025-02-03,09:00-17:00,False
14684,หลังโควิด,ประเสริฐมนูกิจ - ลาดปลาเค้า,ประเสริฐมนูกิจ,2025,2,3,2025-02-03,17:00-19:00,False
14688,หลังโควิด,เพชรเกษม - ราชพฤกษ์,ราชพฤกษ์,2025,2,3,2025-02-03,07:00-09:00,False
14689,หลังโควิด,เพชรเกษม - ราชพฤกษ์,ราชพฤกษ์,2025,2,3,2025-02-03,09:00-17:00,False
14690,หลังโควิด,เพชรเกษม - ราชพฤกษ์,ราชพฤกษ์,2025,2,3,2025-02-03,17:00-19:00,False
14691,หลังโควิด,เพชรเกษม - ราชพฤกษ์,เพชรเกษม,2025,2,3,2025-02-03,07:00-09:00,False
14692,หลังโควิด,เพชรเกษม - ราชพฤกษ์,เพชรเกษม,2025,2,3,2025-02-03,09:00-17:00,False
14693,หลังโควิด,เพชรเกษม - ราชพฤกษ์,เพชรเกษม,2025,2,3,2025-02-03,17:00-19:00,False
14745,หลังโควิด,ประชาอุทิศ,ประชาอุทิศ,2025,2,3,2025-02-03,07:00-09:00,False
14746,หลังโควิด,ประชาอุทิศ,ประชาอุทิศ,2025,2,3,2025-02-03,09:00-17:00,False
14747,หลังโควิด,ประชาอุทิศ,ประชาอุทิศ,2025,2,3,2025-02-03,17:00-19:00,False
14748,หลังโควิด,ประชาอุทิศ,สุขสวัสดิ์,2025,2,3,2025-02-03,07:00-09:00,False
14749,หลังโควิด,ประชาอุทิศ,สุขสวัสดิ์,2025,2,3,2025-02-03,09:00-17:00,False
14750,หลังโควิด,ประชาอุทิศ,สุขสวัสดิ์,2025,2,3,2025-02-03,17:00-19:00,False
14772,หลังโควิด,บางกะปิ,พ่วงศิริ,2025,2,3,2025-02-03,07:00-09:00,False
14773,หลังโควิด,บางกะปิ,พ่วงศิริ,2025,2,3,2025-02-03,09:00-17:00,False
14774,หลังโควิด,บางกะปิ,พ่วงศิริ,2025,2,3,2025-02-03,17:00-19:00,False
14775,หลังโควิด,บางกะปิ,ลาดพร้าว,2025,2,3,2025-02-03,07:00-09:00,False
14776,หลังโควิด,บางกะปิ,ลาดพร้าว,2025,2,3,2025-02-03,09:00-17:00,False
14777,หลังโควิด,บางกะปิ,ลาดพร้าว,2025,2,3,2025-02-03,17:00-19:00,False
14781,หลังโควิด,บางกะปิ,เสรีไทย,2025,2,3,2025-02-03,07:00-09:00,False
14782,หลังโควิด,บางกะปิ,เสรีไทย,2025,2,3,2025-02-03,09:00-17:00,False
14783,หลังโควิด,บางกะปิ,เสรีไทย,2025,2,3,2025-02-03,17:00-19:00,False
14799,หลังโควิด,สาธุ - จันทน์,สาธุประดิษฐ์,2025,2,3,2025-02-03,07:00-09:00,False
14800,หลังโควิด,สาธุ - จันทน์,สาธุประดิษฐ์,2025,2,3,2025-02-03,09:00-17:00,False
14801,หลังโควิด,สาธุ - จันทน์,สาธุประดิษฐ์,2025,2,3,2025-02-03,17:00-19:00,False
14802,หลังโควิด,สาธุ - จันทน์,จันทน์,2025,2,3,2025-02-03,07:00-09:00,False
14803,หลังโควิด,สาธุ - จันทน์,จันทน์,2025,2,3,2025-02-03,09:00-17:00,False
14804,หลังโควิด,สาธุ - จันทน์,จันทน์,2025,2,3,2025-02-03,17:00-19:00,False
14817,หลังโควิด,อุรุพงษ์,พระรามที่ 6,2025,3,3,2025-03-03,07:00-09:00,False
14818,หลังโควิด,อุรุพงษ์,พระรามที่ 6,2025,3,3,2025-03-03,09:00-17:00,False
14819,หลังโควิด,อุรุพงษ์,พระรามที่ 6,2025,3,3,2025-03-03,17:00-19:00,False
14820,หลังโควิด,อุรุพงษ์,เพชรบุรี,2025,3,3,2025-03-03,07:00-09:00,False
14821,หลังโควิด,อุรุพงษ์,เพชรบุรี,2025,3,3,2025-03-03,09:00-17:00,False
14822,หลังโควิด,อุรุพงษ์,เพชรบุรี,2025,3,3,2025-03-03,17:00-19:00,False
14826,หลังโควิด,ลาดบัวขาว,รามคำแหง,2025,3,3,2025-03-03,07:00-09:00,False
14827,หลังโควิด,ลาดบัวขาว,รามคำแหง,2025,3,3,2025-03-03,09:00-17:00,False
14828,หลังโควิด,ลาดบัวขาว,รามคำแหง,2025,3,3,2025-03-03,17:00-19:00,False
14877,หลังโควิด,ลาซาล,สุขุมวิท,2025,3,3,2025-03-03,07:00-09:00,False
14878,หลังโควิด,ลาซาล,สุขุมวิท,2025,3,3,2025-03-03,09:00-17:00,False
14879,หลังโควิด,ลาซาล,สุขุมวิท,2025,3,3,2025-03-03,17:00-19:00,False
14886,หลังโควิด,วงศ์สว่าง,วงศ์สว่าง,2025,3,3,2025-03-03,07:00-09:00,False
14887,หลังโควิด,วงศ์สว่าง,วงศ์สว่าง,2025,3,3,2025-03-03,09:00-17:00,False
14888,หลังโควิด,วงศ์สว่าง,วงศ์สว่าง,2025,3,3,2025-03-03,17:00-19:00,False
14889,หลังโควิด,วงศ์สว่าง,รัชดาภิเษก,2025,3,3,2025-03-03,07:00-09:00,False
14890,หลังโควิด,วงศ์สว่าง,รัชดาภิเษก,2025,3,3,2025-03-03,09:00-17:00,False
14891,หลังโควิด,วงศ์สว่าง,รัชดาภิเษก,2025,3,3,2025-03-03,17:00-19:00,False
14901,หลังโควิด,คลองสาน,เจริญนคร,2025,3,3,2025-03-03,07:00-09:00,False
14902,หลังโควิด,คลองสาน,เจริญนคร,2025,3,3,2025-03-03,09:00-17:00,False
14903,หลังโควิด,คลองสาน,เจริญนคร,2025,3,3,2025-03-03,17:00-19:00,False
14904,หลังโควิด,คลองสาน,สมเด็จเจ้าพระยา,2025,3,3,2025-03-03,07:00-09:00,False
14905,หลังโควิด,คลองสาน,สมเด็จเจ้าพระยา,2025,3,3,2025-03-03,09:00-17:00,False
14906,หลังโควิด,คลองสาน,สมเด็จเจ้าพระยา,2025,3,3,2025-03-03,17:00-19:00,False
14907,หลังโควิด,คลองสาน,ลาดหญ้า,2025,3,3,2025-03-03,07:00-09:00,False
14908,หลังโควิด,คลองสาน,ลาดหญ้า,2025,3,3,2025-03-03,09:00-17:00,False
14909,หลังโควิด,คลองสาน,ลาดหญ้า,2025,3,3,2025-03-03,17:00-19:00,False
14934,หลังโควิด,คลองตัน,สุขุมวิท 71,2025,3,3,2025-03-03,07:00-09:00,False
14935,หลังโควิด,คลองตัน,สุขุมวิท 71,2025,3,3,2025-03-03,09:00-17:00,False
14936,หลังโควิด,คลองตัน,สุขุมวิท 71,2025,3,3,2025-03-03,17:00-19:00,False
14937,หลังโควิด,คลองตัน,รามคำแหง,2025,3,3,2025-03-03,07:00-09:00,False
14938,หลังโควิด,คลองตัน,รามคำแหง,2025,3,3,2025-03-03,09:00-17:00,False
14939,หลังโควิด,คลองตัน,รามคำแหง,2025,3,3,2025-03-03,17:00-19:00,False
14940,หลังโควิด,คลองตัน,เพชรบุรี,2025,3,3,2025-03-03,07:00-09:00,False
14941,หลังโควิด,คลองตัน,เพชรบุรี,2025,3,3,2025-03-03,09:00-17:00,False
14942,หลังโควิด,คลองตัน,เพชรบุรี,2025,3,3,2025-03-03,17:00-19:00,False
14943,หลังโควิด,คลองตัน,พัฒนาการ,2025,3,3,2025-03-03,07:00-09:00,False
14944,หลังโควิด,คลองตัน,พัฒนาการ,2025,3,3,2025-03-03,09:00-17:00,False
14945,หลังโควิด,คลองตัน,พัฒนาการ,2025,3,3,2025-03-03,17:00-19:00,False
14946,หลังโควิด,ประชาชื่น,ประชาชื่น,2025,3,3,2025-03-03,07:00-09:00,False
14947,หลังโควิด,ประชาชื่น,ประชาชื่น,2025,3,3,2025-03-03,09:00-17:00,False
14948,หลังโควิด,ประชาชื่น,ประชาชื่น,2025,3,3,2025-03-03,17:00-19:00,False
14949,หลังโควิด,ประชาชื่น,ประชาราษฎร์สาย 2,2025,3,3,2025-03-03,07:00-09:00,False
14950,หลังโควิด,ประชาชื่น,ประชาราษฎร์สาย 2,2025,3,3,2025-03-03,09:00-17:00,False
14951,หลังโควิด,ประชาชื่น,ประชาราษฎร์สาย 2,2025,3,3,2025-03-03,17:00-19:00,False
14970,หลังโควิด,เพชรเกษม 81,เพชรเกษม ,2025,3,3,2025-03-03,07:00-09:00,False
14971,หลังโควิด,เพชรเกษม 81,เพชรเกษม ,2025,3,3,2025-03-03,09:00-17:00,False
14972,หลังโควิด,เพชรเกษม 81,เพชรเกษม ,2025,3,3,2025-03-03,17:00-19:00,False
14982,หลังโควิด,ทุ่งสาธิต,สุขุมวิท,2025,3,3,2025-03-03,07:00-09:00,False
14983,หลังโควิด,ทุ่งสาธิต,สุขุมวิท,2025,3,3,2025-03-03,09:00-17:00,False
14984,หลังโควิด,ทุ่งสาธิต,สุขุมวิท,2025,3,3,2025-03-03,17:00-19:00,False
15063,หลังโควิด,สาธุประดิษฐ์,สาธุประดิษฐ์,2025,4,11,2025-04-11,07:00-09:00,False
15064,หลังโควิด,สาธุประดิษฐ์,สาธุประดิษฐ์,2025,4,11,2025-04-11,09:00-17:00,False
15065,หลังโควิด,สาธุประดิษฐ์,สาธุประดิษฐ์,2025,4,11,2025-04-11,17:00-19:00,False
15087,หลังโควิด,บ้านแขก,ประชาธิปก,2025,4,21,2025-04-21,07:00-09:00,False
15088,หลังโควิด,บ้านแขก,ประชาธิปก,2025,4,21,2025-04-21,09:00-17:00,False
15089,หลังโควิด,บ้านแขก,ประชาธิปก,2025,4,21,2025-04-21,17:00-19:00,False
15090,หลังโควิด,บ้านแขก,อิสรภาพ,2025,4,21,2025-04-21,07:00-09:00,False
15091,หลังโควิด,บ้านแขก,อิสรภาพ,2025,4,21,2025-04-21,09:00-17:00,False
15092,หลังโควิด,บ้านแขก,อิสรภาพ,2025,4,21,2025-04-21,17:00-19:00,False
15102,หลังโควิด,พระโขนง,สุขุมวิท,2025,4,22,2025-04-22,07:00-09:00,False
15103,หลังโควิด,พระโขนง,สุขุมวิท,2025,4,22,2025-04-22,09:00-17:00,False
15104,หลังโควิด,พระโขนง,สุขุมวิท,2025,4,22,2025-04-22,17:00-19:00,False
15117,หลังโควิด,อุดมสุข,สุขุมวิท ,2025,4,24,2025-04-24,07:00-09:00,False
15118,หลังโควิด,อุดมสุข,สุขุมวิท ,2025,4,24,2025-04-24,09:00-17:00,False
15119,หลังโควิด,อุดมสุข,สุขุมวิท ,2025,4,24,2025-04-24,17:00-19:00,False
15123,หลังโควิด,รัชดา - ลาดพร้าว,รัชดาภิเษก,2025,4,25,2025-04-25,07:00-09:00,False
15124,หลังโควิด,รัชดา - ลาดพร้าว,รัชดาภิเษก,2025,4,25,2025-04-25,09:00-17:00,False
15125,หลังโควิด,รัชดา - ลาดพร้าว,รัชดาภิเษก,2025,4,25,2025-04-25,17:00-19:00,False
15234,หลังโควิด,คลองเตย,สุนทรโกษา,2025,5,19,2025-05-19,07:00-09:00,False
15235,หลังโควิด,คลองเตย,สุนทรโกษา,2025,5,19,2025-05-19,09:00-17:00,False
15236,หลังโควิด,คลองเตย,สุนทรโกษา,2025,5,19,2025-05-19,17:00-19:00,False
15237,หลังโควิด,คลองเตย,พระรามที่ 4,2025,5,19,2025-05-19,07:00-09:00,False
15238,หลังโควิด,คลองเตย,พระรามที่ 4,2025,5,19,2025-05-19,09:00-17:00,False
15239,หลังโควิด,คลองเตย,พระรามที่ 4,2025,5,19,2025-05-19,17:00-19:00,False
15249,หลังโควิด,จักรพรรดิพงษ์,นครสวรรค์,2025,5,21,2025-05-21,07:00-09:00,False
15250,หลังโควิด,จักรพรรดิพงษ์,นครสวรรค์,2025,5,21,2025-05-21,09:00-17:00,False
15251,หลังโควิด,จักรพรรดิพงษ์,นครสวรรค์,2025,5,21,2025-05-21,17:00-19:00,False
15252,หลังโควิด,จักรพรรดิพงษ์,จักรพรรดิพงษ์,2025,5,21,2025-05-21,07:00-09:00,False
15253,หลังโควิด,จักรพรรดิพงษ์,จักรพรรดิพงษ์,2025,5,21,2025-05-21,09:00-17:00,False
15254,หลังโควิด,จักรพรรดิพงษ์,จักรพรรดิพงษ์,2025,5,21,2025-05-21,17:00-19:00,False
15258,หลังโควิด,หทัยราษฎร์ - เลียบคลองสอง,หทัยราษฎร์,2025,5,22,2025-05-22,07:00-09:00,False
15259,หลังโควิด,หทัยราษฎร์ - เลียบคลองสอง,หทัยราษฎร์,2025,5,22,2025-05-22,09:00-17:00,False
15260,หลังโควิด,หทัยราษฎร์ - เลียบคลองสอง,หทัยราษฎร์,2025,5,22,2025-05-22,17:00-19:00,False
15261,หลังโควิด,หทัยราษฎร์ - เลียบคลองสอง,เลียบคลองสอง,2025,5,22,2025-05-22,07:00-09:00,False
15262,หลังโควิด,หทัยราษฎร์ - เลียบคลองสอง,เลียบคลองสอง,2025,5,22,2025-05-22,09:00-17:00,False
15263,หลังโควิด,หทัยราษฎร์ - เลียบคลองสอง,เลียบคลองสอง,2025,5,22,2025-05-22,17:00-19:00,False
15270,หลังโควิด,ทุ่งครุ,ประชาอุทิศ,2025,5,23,2025-05-23,07:00-09:00,False
15271,หลังโควิด,ทุ่งครุ,ประชาอุทิศ,2025,5,23,2025-05-23,09:00-17:00,False
15272,หลังโควิด,ทุ่งครุ,ประชาอุทิศ,2025,5,23,2025-05-23,17:00-19:00,False
15273,หลังโควิด,ทุ่งครุ,ครุใน,2025,5,23,2025-05-23,07:00-09:00,False
15274,หลังโควิด,ทุ่งครุ,ครุใน,2025,5,23,2025-05-23,09:00-17:00,False
15275,หลังโควิด,ทุ่งครุ,ครุใน,2025,5,23,2025-05-23,17:00-19:00,False
15297,หลังโควิด,ไฟฉาย,จรัญสนิทวงศ์,2025,5,29,2025-05-29,07:00-09:00,False
15298,หลังโควิด,ไฟฉาย,จรัญสนิทวงศ์,2025,5,29,2025-05-29,09:00-17:00,False
15299,หลังโควิด,ไฟฉาย,จรัญสนิทวงศ์,2025,5,29,2025-05-29,17:00-19:00,False
15303,หลังโควิด,ไฟฉาย,พรานนก,2025,5,29,2025-05-29,07:00-09:00,False
15304,หลังโควิด,ไฟฉาย,พรานนก,2025,5,29,2025-05-29,09:00-17:00,False
15305,หลังโควิด,ไฟฉาย,พรานนก,2025,5,29,2025-05-29,17:00-19:00,False
15327,หลังโควิด,บางรัก,เจริญกรุง,2025,6,5,2025-06-05,07:00-09:00,False
15328,หลังโควิด,บางรัก,เจริญกรุง,2025,6,5,2025-06-05,09:00-17:00,False
15329,หลังโควิด,บางรัก,เจริญกรุง,2025,6,5,2025-06-05,17:00-19:00,False
15333,หลังโควิด,บางรัก,สีลม,2025,6,5,2025-06-05,07:00-09:00,False
15334,หลังโควิด,บางรัก,สีลม,2025,6,5,2025-06-05,09:00-17:00,False
15335,หลังโควิด,บางรัก,สีลม,2025,6,5,2025-06-05,17:00-19:00,False
15339,หลังโควิด,ราษฎร์บูรณะ,ราษฎร์พัฒนา,2025,6,6,2025-06-06,07:00-09:00,False
15340,หลังโควิด,ราษฎร์บูรณะ,ราษฎร์พัฒนา,2025,6,6,2025-06-06,09:00-17:00,False
15341,หลังโควิด,ราษฎร์บูรณะ,ราษฎร์พัฒนา,2025,6,6,2025-06-06,17:00-19:00,False
15342,หลังโควิด,ราษฎร์บูรณะ,ราษฎร์บูรณะ,2025,6,6,2025-06-06,07:00-09:00,False
15343,หลังโควิด,ราษฎร์บูรณะ,ราษฎร์บูรณะ,2025,6,6,2025-06-06,09:00-17:00,False
15344,หลังโควิด,ราษฎร์บูรณะ,ราษฎร์บูรณะ,2025,6,6,2025-06-06,17:00-19:00,False
15366,หลังโควิด,สี่แยกลาดหญ้า,ท่าดินแดง,2025,6,11,2025-06-11,07:00-09:00,False
15367,หลังโควิด,สี่แยกลาดหญ้า,ท่าดินแดง,2025,6,11,2025-06-11,09:00-17:00,False
15368,หลังโควิด,สี่แยกลาดหญ้า,ท่าดินแดง,2025,6,11,2025-06-11,17:00-19:00,False
15369,หลังโควิด,สี่แยกลาดหญ้า,อิสรภาพ,2025,6,11,2025-06-11,07:00-09:00,False
15370,หลังโควิด,สี่แยกลาดหญ้า,อิสรภาพ,2025,6,11,2025-06-11,09:00-17:00,False
15371,หลังโควิด,สี่แยกลาดหญ้า,อิสรภาพ,2025,6,11,2025-06-11,17:00-19:00,False
15381,หลังโควิด,โพธิ์แก้ว,นวมินทร์,2025,6,13,2025-06-13,07:00-09:00,False
15382,หลังโควิด,โพธิ์แก้ว,นวมินทร์,2025,6,13,2025-06-13,09:00-17:00,False
15383,หลังโควิด,โพธิ์แก้ว,นวมินทร์,2025,6,13,2025-06-13,17:00-19:00,False
15384,หลังโควิด,โพธิ์แก้ว,โพธิ์แก้ว,2025,6,13,2025-06-13,07:00-09:00,False
15385,หลังโควิด,โพธิ์แก้ว,โพธิ์แก้ว,2025,6,13,2025-06-13,09:00-17:00,False
15386,หลังโควิด,โพธิ์แก้ว,โพธิ์แก้ว,2025,6,13,2025-06-13,17:00-19:00,False
15387,หลังโควิด,โพธิ์แก้ว,ทางเข้าวัดบางเตย,2025,6,13,2025-06-13,07:00-09:00,False
15388,หลังโควิด,โพธิ์แก้ว,ทางเข้าวัดบางเตย,2025,6,13,2025-06-13,09:00-17:00,False
15389,หลังโควิด,โพธิ์แก้ว,ทางเข้าวัดบางเตย,2025,6,13,2025-06-13,17:00-19:00,False
15423,หลังโควิด,กำแพงเพชร,พหลโยธิน,2025,6,30,2025-06-30,07:00-09:00,False
15424,หลังโควิด,กำแพงเพชร,พหลโยธิน,2025,6,30,2025-06-30,09:00-17:00,False
15425,หลังโควิด,กำแพงเพชร,พหลโยธิน,2025,6,30,2025-06-30,17:00-19:00,False
15426,หลังโควิด,กำแพงเพชร,กำแพงเพชร,2025,6,30,2025-06-30,07:00-09:00,False
15427,หลังโควิด,กำแพงเพชร,กำแพงเพชร,2025,6,30,2025-06-30,09:00-17:00,False
15428,หลังโควิด,กำแพงเพชร,กำแพงเพชร,2025,6,30,2025-06-30,17:00-19:00,False
15447,หลังโควิด,พหลโยธิน - เทพรักษ์,พหลโยธิน,2025,7,3,2025-07-03,07:00-09:00,False
15448,หลังโควิด,พหลโยธิน - เทพรักษ์,พหลโยธิน,2025,7,3,2025-07-03,09:00-17:00,False
15449,หลังโควิด,พหลโยธิน - เทพรักษ์,พหลโยธิน,2025,7,3,2025-07-03,17:00-19:00,False
15450,หลังโควิด,พหลโยธิน - เทพรักษ์,เทพรักษ์,2025,7,3,2025-07-03,07:00-09:00,False
15451,หลังโควิด,พหลโยธิน - เทพรักษ์,เทพรักษ์,2025,7,3,2025-07-03,09:00-17:00,False
15452,หลังโควิด,พหลโยธิน - เทพรักษ์,เทพรักษ์,2025,7,3,2025-07-03,17:00-19:00,False
15453,หลังโควิด,พงษ์เพชร,ประชาชื่น,2025,7,4,2025-07-04,07:00-09:00,False
15454,หลังโควิด,พงษ์เพชร,ประชาชื่น,2025,7,4,2025-07-04,09:00-17:00,False
15455,หลังโควิด,พงษ์เพชร,ประชาชื่น,2025,7,4,2025-07-04,17:00-19:00,False
15456,หลังโควิด,พงษ์เพชร,งามวงศ์วาน,2025,7,4,2025-07-04,07:00-09:00,False
15457,หลังโควิด,พงษ์เพชร,งามวงศ์วาน,2025,7,4,2025-07-04,09:00-17:00,False
15458,หลังโควิด,พงษ์เพชร,งามวงศ์วาน,2025,7,4,2025-07-04,17:00-19:00,False
15459,หลังโควิด,พญาไท,พญาไท,2025,7,7,2025-07-07,07:00-09:00,False
15460,หลังโควิด,พญาไท,พญาไท,2025,7,7,2025-07-07,09:00-17:00,False
15461,หลังโควิด,พญาไท,พญาไท,2025,7,7,2025-07-07,17:00-19:00,False
15462,หลังโควิด,พญาไท,ศรีอยุธยา,2025,7,7,2025-07-07,07:00-09:00,False
15463,หลังโควิด,พญาไท,ศรีอยุธยา,2025,7,7,2025-07-07,09:00-17:00,False
15464,หลังโควิด,พญาไท,ศรีอยุธยา,2025,7,7,2025-07-07,17:00-19:00,False
15477,หลังโควิด,เทียมร่วมมิตร,รัชดาภิเษก,2025,7,9,2025-07-09,07:00-09:00,False
15478,หลังโควิด,เทียมร่วมมิตร,รัชดาภิเษก,2025,7,9,2025-07-09,09:00-17:00,False
15479,หลังโควิด,เทียมร่วมมิตร,รัชดาภิเษก,2025,7,9,2025-07-09,17:00-19:00,False
15480,หลังโควิด,เทียมร่วมมิตร,เทียมร่วมมิตร,2025,7,9,2025-07-09,07:00-09:00,False
15481,หลังโควิด,เทียมร่วมมิตร,เทียมร่วมมิตร,2025,7,9,2025-07-09,09:00-17:00,False
15482,หลังโควิด,เทียมร่วมมิตร,เทียมร่วมมิตร,2025,7,9,2025-07-09,17:00-19:00,False
15483,หลังโควิด,ประตูน้ำ,ราชดำริ,2025,7,14,2025-07-14,07:00-09:00,False
15484,หลังโควิด,ประตูน้ำ,ราชดำริ,2025,7,14,2025-07-14,09:00-17:00,False
15485,หลังโควิด,ประตูน้ำ,ราชดำริ,2025,7,14,2025-07-14,17:00-19:00,False
15486,หลังโควิด,ประตูน้ำ,ราชปรารภ,2025,7,14,2025-07-14,07:00-09:00,False
15487,หลังโควิด,ประตูน้ำ,ราชปรารภ,2025,7,14,2025-07-14,09:00-17:00,False
15488,หลังโควิด,ประตูน้ำ,ราชปรารภ,2025,7,14,2025-07-14,17:00-19:00,False
15489,หลังโควิด,ประตูน้ำ,เพชรบุรี,2025,7,14,2025-07-14,07:00-09:00,False
15490,หลังโควิด,ประตูน้ำ,เพชรบุรี,2025,7,14,2025-07-14,09:00-17:00,False
15491,หลังโควิด,ประตูน้ำ,เพชรบุรี,2025,7,14,2025-07-14,17:00-19:00,False
15507,หลังโควิด,เพชรเกษม 69,เพชรเกษม,2025,7,16,2025-07-16,07:00-09:00,False
15508,หลังโควิด,เพชรเกษม 69,เพชรเกษม,2025,7,16,2025-07-16,09:00-17:00,False
15509,หลังโควิด,เพชรเกษม 69,เพชรเกษม,2025,7,16,2025-07-16,17:00-19:00,False
15510,หลังโควิด,เฉลิมเผ่า,อังรีดูนังต์,2025,7,17,2025-07-17,07:00-09:00,False
15511,หลังโควิด,เฉลิมเผ่า,อังรีดูนังต์,2025,7,17,2025-07-17,09:00-17:00,False
15512,หลังโควิด,เฉลิมเผ่า,อังรีดูนังต์,2025,7,17,2025-07-17,17:00-19:00,False
15513,หลังโควิด,เฉลิมเผ่า,พระรามที่ 1,2025,7,17,2025-07-17,07:00-09:00,False
15514,หลังโควิด,เฉลิมเผ่า,พระรามที่ 1,2025,7,17,2025-07-17,09:00-17:00,False
15515,หลังโควิด,เฉลิมเผ่า,พระรามที่ 1,2025,7,17,2025-07-17,17:00-19:00,False
15516,หลังโควิด,ราชประสงค์,ราชดำริ,2025,7,18,2025-07-18,07:00-09:00,False
15517,หลังโควิด,ราชประสงค์,ราชดำริ,2025,7,18,2025-07-18,09:00-17:00,False
15518,หลังโควิด,ราชประสงค์,ราชดำริ,2025,7,18,2025-07-18,17:00-19:00,False
15519,หลังโควิด,ราชประสงค์,พระรามที่ 1,2025,7,18,2025-07-18,07:00-09:00,False
15520,หลังโควิด,ราชประสงค์,พระรามที่ 1,2025,7,18,2025-07-18,09:00-17:00,False
15521,หลังโควิด,ราชประสงค์,พระรามที่ 1,2025,7,18,2025-07-18,17:00-19:00,False
15522,หลังโควิด,ราชประสงค์,เพลินจิต,2025,7,18,2025-07-18,07:00-09:00,False
15523,หลังโควิด,ราชประสงค์,เพลินจิต,2025,7,18,2025-07-18,09:00-17:00,False
15524,หลังโควิด,ราชประสงค์,เพลินจิต,2025,7,18,2025-07-18,17:00-19:00,False
15537,หลังโควิด,เจริญผล,บรรทัดทอง,2025,7,23,2025-07-23,07:00-09:00,False
15538,หลังโควิด,เจริญผล,บรรทัดทอง,2025,7,23,2025-07-23,09:00-17:00,False
15539,หลังโควิด,เจริญผล,บรรทัดทอง,2025,7,23,2025-07-23,17:00-19:00,False
15540,หลังโควิด,เจริญผล,พระรามที่ 1,2025,7,23,2025-07-23,07:00-09:00,False
15541,หลังโควิด,เจริญผล,พระรามที่ 1,2025,7,23,2025-07-23,09:00-17:00,False
15542,หลังโควิด,เจริญผล,พระรามที่ 1,2025,7,23,2025-07-23,17:00-19:00,False
15543,หลังโควิด,ปทุมวัน,พญาไท,2025,7,24,2025-07-24,07:00-09:00,False
15544,หลังโควิด,ปทุมวัน,พญาไท,2025,7,24,2025-07-24,09:00-17:00,False
15545,หลังโควิด,ปทุมวัน,พญาไท,2025,7,24,2025-07-24,17:00-19:00,False
15546,หลังโควิด,ปทุมวัน,พระรามที่ 1,2025,7,24,2025-07-24,07:00-09:00,False
15547,หลังโควิด,ปทุมวัน,พระรามที่ 1,2025,7,24,2025-07-24,09:00-17:00,False
15548,หลังโควิด,ปทุมวัน,พระรามที่ 1,2025,7,24,2025-07-24,17:00-19:00,False
15549,หลังโควิด,พงษ์พระราม,จารุเมือง,2025,7,25,2025-07-25,07:00-09:00,False
15550,หลังโควิด,พงษ์พระราม,จารุเมือง,2025,7,25,2025-07-25,09:00-17:00,False
15551,หลังโควิด,พงษ์พระราม,จารุเมือง,2025,7,25,2025-07-25,17:00-19:00,False
15552,หลังโควิด,พงษ์พระราม,พระรามที่ 1,2025,7,25,2025-07-25,07:00-09:00,False
15553,หลังโควิด,พงษ์พระราม,พระรามที่ 1,2025,7,25,2025-07-25,09:00-17:00,False
15554,หลังโควิด,พงษ์พระราม,พระรามที่ 1,2025,7,25,2025-07-25,17:00-19:00,False
15555,หลังโควิด,เพลินจิต,วิทยุ,2025,7,29,2025-07-29,07:00-09:00,False
15556,หลังโควิด,เพลินจิต,วิทยุ,2025,7,29,2025-07-29,09:00-17:00,False
15557,หลังโควิด,เพลินจิต,วิทยุ,2025,7,29,2025-07-29,17:00-19:00,False
15558,หลังโควิด,เพลินจิต,เพลินจิต,2025,7,29,2025-07-29,07:00-09:00,False
15559,หลังโควิด,เพลินจิต,เพลินจิต,2025,7,29,2025-07-29,09:00-17:00,False
15560,หลังโควิด,เพลินจิต,เพลินจิต,2025,7,29,2025-07-29,17:00-19:00,False
15567,หลังโควิด,นานา,สุขุมวิท,2025,7,30,2025-07-30,07:00-09:00,False
15568,หลังโควิด,นานา,สุขุมวิท,2025,7,30,2025-07-30,09:00-17:00,False
15569,หลังโควิด,นานา,สุขุมวิท,2025,7,30,2025-07-30,17:00-19:00,False
15642,หลังโควิด,สามแยกบางกะปิ,ศรีนครินทร์,2025,8,18,2025-08-18,07:00-09:00,False
15643,หลังโควิด,สามแยกบางกะปิ,ศรีนครินทร์,2025,8,18,2025-08-18,09:00-17:00,False
15644,หลังโควิด,สามแยกบางกะปิ,ศรีนครินทร์,2025,8,18,2025-08-18,17:00-19:00,False
15645,หลังโควิด,สามแยกบางกะปิ,ลาดพร้าว,2025,8,18,2025-08-18,07:00-09:00,False
15646,หลังโควิด,สามแยกบางกะปิ,ลาดพร้าว,2025,8,18,2025-08-18,09:00-17:00,False
15647,หลังโควิด,สามแยกบางกะปิ,ลาดพร้าว,2025,8,18,2025-08-18,17:00-19:00,False
15663,หลังโควิด,ใต้ด่วนพระราม 4,เชื้อเพลิง,2025,8,21,2025-08-21,07:00-09:00,False
15664,หลังโควิด,ใต้ด่วนพระราม 4,เชื้อเพลิง,2025,8,21,2025-08-21,09:00-17:00,False
15665,หลังโควิด,ใต้ด่วนพระราม 4,เชื้อเพลิง,2025,8,21,2025-08-21,17:00-19:00,False
15669,หลังโควิด,ใต้ด่วนพระราม 4,พระรามที่ 4,2025,8,21,2025-08-21,07:00-09:00,False
15671,หลังโควิด,ใต้ด่วนพระราม 4,พระรามที่ 4,2025,8,21,2025-08-21,17:00-19:00,False
15672,หลังโควิด,เจริญราษฎร์,เจริญราษฎร์,2025,8,22,2025-08-22,07:00-09:00,False
15673,หลังโควิด,เจริญราษฎร์,เจริญราษฎร์,2025,8,22,2025-08-22,09:00-17:00,False
15674,หลังโควิด,เจริญราษฎร์,เจริญราษฎร์,2025,8,22,2025-08-22,17:00-19:00,False
15678,หลังโควิด,นิด้า,ศรีบูรพา,2025,8,25,2025-08-25,07:00-09:00,False
15679,หลังโควิด,นิด้า,ศรีบูรพา,2025,8,25,2025-08-25,09:00-17:00,False
15680,หลังโควิด,นิด้า,ศรีบูรพา,2025,8,25,2025-08-25,17:00-19:00,False
15681,หลังโควิด,นิด้า,เสรีไทย,2025,8,25,2025-08-25,07:00-09:00,False
15682,หลังโควิด,นิด้า,เสรีไทย,2025,8,25,2025-08-25,09:00-17:00,False
15683,หลังโควิด,นิด้า,เสรีไทย,2025,8,25,2025-08-25,17:00-19:00,False
15702,หลังโควิด,หลังสวน,หลังสวน,2025,8,28,2025-08-28,07:00-09:00,False
15703,หลังโควิด,หลังสวน,หลังสวน,2025,8,28,2025-08-28,09:00-17:00,False
15704,หลังโควิด,หลังสวน,หลังสวน,2025,8,28,2025-08-28,17:00-19:00,False
15705,หลังโควิด,หลังสวน,สารสิน,2025,8,28,2025-08-28,07:00-09:00,False
15706,หลังโควิด,หลังสวน,สารสิน,2025,8,28,2025-08-28,09:00-17:00,False
15707,หลังโควิด,หลังสวน,สารสิน,2025,8,28,2025-08-28,17:00-19:00,False
15714,หลังโควิด,สาทร - นราธิวาส,สาทร,2025,8,29,2025-08-29,07:00-09:00,False
15715,หลังโควิด,สาทร - นราธิวาส,สาทร,2025,8,29,2025-08-29,09:00-17:00,False
15716,หลังโควิด,สาทร - นราธิวาส,สาทร,2025,8,29,2025-08-29,17:00-19:00,False
15735,หลังโควิด,มิตรสัมพันธ์,นิคมมักกะสัน,2025,9,3,2025-09-03,07:00-09:00,False
15736,หลังโควิด,มิตรสัมพันธ์,นิคมมักกะสัน,2025,9,3,2025-09-03,09:00-17:00,False
15737,หลังโควิด,มิตรสัมพันธ์,นิคมมักกะสัน,2025,9,3,2025-09-03,17:00-19:00,False
15738,หลังโควิด,มิตรสัมพันธ์,เพชรบุรี,2025,9,3,2025-09-03,07:00-09:00,False
15739,หลังโควิด,มิตรสัมพันธ์,เพชรบุรี,2025,9,3,2025-09-03,09:00-17:00,False
15740,หลังโควิด,มิตรสัมพันธ์,เพชรบุรี,2025,9,3,2025-09-03,17:00-19:00,False
15747,หลังโควิด,หมอเหล็ง,ราชปรารภ,2025,9,5,2025-09-05,07:00-09:00,False
15748,หลังโควิด,หมอเหล็ง,ราชปรารภ,2025,9,5,2025-09-05,09:00-17:00,False
15749,หลังโควิด,หมอเหล็ง,ราชปรารภ,2025,9,5,2025-09-05,17:00-19:00,False
15750,หลังโควิด,หมอเหล็ง,ศรีอยุธยา,2025,9,5,2025-09-05,07:00-09:00,False
15751,หลังโควิด,หมอเหล็ง,ศรีอยุธยา,2025,9,5,2025-09-05,09:00-17:00,False
15752,หลังโควิด,หมอเหล็ง,ศรีอยุธยา,2025,9,5,2025-09-05,17:00-19:00,False
15753,หลังโควิด,หมอเหล็ง,จตุรทิศ,2025,9,5,2025-09-05,07:00-09:00,False
15754,หลังโควิด,หมอเหล็ง,จตุรทิศ,2025,9,5,2025-09-05,09:00-17:00,False
15755,หลังโควิด,หมอเหล็ง,จตุรทิศ,2025,9,5,2025-09-05,17:00-19:00,False
15756,หลังโควิด,ราชเทวี,พญาไท,2025,9,8,2025-09-08,07:00-09:00,False
15757,หลังโควิด,ราชเทวี,พญาไท,2025,9,8,2025-09-08,09:00-17:00,False
15758,หลังโควิด,ราชเทวี,พญาไท,2025,9,8,2025-09-08,17:00-19:00,False
15759,หลังโควิด,ราชเทวี,เพชรบุรี,2025,9,8,2025-09-08,07:00-09:00,False
15760,หลังโควิด,ราชเทวี,เพชรบุรี,2025,9,8,2025-09-08,09:00-17:00,False
15761,หลังโควิด,ราชเทวี,เพชรบุรี,2025,9,8,2025-09-08,17:00-19:00,False
15765,หลังโควิด,วัดสน,สุขสวัสดิ์,2025,9,9,2025-09-09,07:00-09:00,False
15766,หลังโควิด,วัดสน,สุขสวัสดิ์,2025,9,9,2025-09-09,09:00-17:00,False
15767,หลังโควิด,วัดสน,สุขสวัสดิ์,2025,9,9,2025-09-09,17:00-19:00,False
15768,หลังโควิด,สะพานควาย,พหลโยธิน,2025,9,10,2025-09-10,07:00-09:00,False
15769,หลังโควิด,สะพานควาย,พหลโยธิน,2025,9,10,2025-09-10,09:00-17:00,False
15770,หลังโควิด,สะพานควาย,พหลโยธิน,2025,9,10,2025-09-10,17:00-19:00,False
15771,หลังโควิด,สะพานควาย,ประดิพัทธ์,2025,9,10,2025-09-10,07:00-09:00,False
15772,หลังโควิด,สะพานควาย,ประดิพัทธ์,2025,9,10,2025-09-10,09:00-17:00,False
15773,หลังโควิด,สะพานควาย,ประดิพัทธ์,2025,9,10,2025-09-10,17:00-19:00,False
15774,หลังโควิด,สะพานควาย,สุทธิสาร,2025,9,10,2025-09-10,07:00-09:00,False
15775,หลังโควิด,สะพานควาย,สุทธิสาร,2025,9,10,2025-09-10,09:00-17:00,False
15776,หลังโควิด,สะพานควาย,สุทธิสาร,2025,9,10,2025-09-10,17:00-19:00,False
15780,หลังโควิด,นวมินทร์ - ประเสริฐมนูกิจ,ประเสริฐมนูกิจ,2025,9,11,2025-09-11,07:00-09:00,False
15781,หลังโควิด,นวมินทร์ - ประเสริฐมนูกิจ,ประเสริฐมนูกิจ,2025,9,11,2025-09-11,09:00-17:00,False
15782,หลังโควิด,นวมินทร์ - ประเสริฐมนูกิจ,ประเสริฐมนูกิจ,2025,9,11,2025-09-11,17:00-19:00,False
15783,หลังโควิด,รามคำแหง,รามคำแหง,2025,9,12,2025-09-12,07:00-09:00,False
15784,หลังโควิด,รามคำแหง,รามคำแหง,2025,9,12,2025-09-12,09:00-17:00,False
15785,หลังโควิด,รามคำแหง,รามคำแหง,2025,9,12,2025-09-12,17:00-19:00,False
15786,หลังโควิด,รามคำแหง,พระราม 9,2025,9,12,2025-09-12,07:00-09:00,False
15787,หลังโควิด,รามคำแหง,พระราม 9,2025,9,12,2025-09-12,09:00-17:00,False
15788,หลังโควิด,รามคำแหง,พระราม 9,2025,9,12,2025-09-12,17:00-19:00,False
15795,หลังโควิด,วัดสะพานสูง,เตชะวณิช,2025,9,16,2025-09-16,07:00-09:00,False
15796,หลังโควิด,วัดสะพานสูง,เตชะวณิช,2025,9,16,2025-09-16,09:00-17:00,False
15797,หลังโควิด,วัดสะพานสูง,เตชะวณิช,2025,9,16,2025-09-16,17:00-19:00,False
15798,หลังโควิด,วัดสะพานสูง,พระรามที่ 6,2025,9,16,2025-09-16,07:00-09:00,False
15799,หลังโควิด,วัดสะพานสูง,พระรามที่ 6,2025,9,16,2025-09-16,09:00-17:00,False
15800,หลังโควิด,วัดสะพานสูง,พระรามที่ 6,2025,9,16,2025-09-16,17:00-19:00,False
15801,หลังโควิด,บุคคโล,เจริญนคร,2025,9,18,2025-09-18,07:00-09:00,False
15802,หลังโควิด,บุคคโล,เจริญนคร,2025,9,18,2025-09-18,09:00-17:00,False
15803,หลังโควิด,บุคคโล,เจริญนคร,2025,9,18,2025-09-18,17:00-19:00,False
15804,หลังโควิด,บุคคโล,มไหสวรรย์,2025,9,18,2025-09-18,07:00-09:00,False
15805,หลังโควิด,บุคคโล,มไหสวรรย์,2025,9,18,2025-09-18,09:00-17:00,False
15806,หลังโควิด,บุคคโล,มไหสวรรย์,2025,9,18,2025-09-18,17:00-19:00,False
15810,หลังโควิด,สวนรื่นฤดี,สุโขทัย,2025,9,19,2025-09-19,07:00-09:00,False
15811,หลังโควิด,สวนรื่นฤดี,สุโขทัย,2025,9,19,2025-09-19,09:00-17:00,False
15812,หลังโควิด,สวนรื่นฤดี,สุโขทัย,2025,9,19,2025-09-19,17:00-19:00,False
15816,หลังโควิด,เกษมราษฎร์,เกษมราษฎร์,2025,9,22,2025-09-22,07:00-09:00,False
15817,หลังโควิด,เกษมราษฎร์,เกษมราษฎร์,2025,9,22,2025-09-22,09:00-17:00,False
15818,หลังโควิด,เกษมราษฎร์,เกษมราษฎร์,2025,9,22,2025-09-22,17:00-19:00,False
15819,หลังโควิด,เกษมราษฎร์,พระรามที่ 4,2025,9,22,2025-09-22,07:00-09:00,False
15820,หลังโควิด,เกษมราษฎร์,พระรามที่ 4,2025,9,22,2025-09-22,09:00-17:00,False
15821,หลังโควิด,เกษมราษฎร์,พระรามที่ 4,2025,9,22,2025-09-22,17:00-19:00,False
15825,หลังโควิด,วงเวียนใหญ่,ประชาธิปก,2025,9,23,2025-09-23,07:00-09:00,False
15826,หลังโควิด,วงเวียนใหญ่,ประชาธิปก,2025,9,23,2025-09-23,09:00-17:00,False
15827,หลังโควิด,วงเวียนใหญ่,ประชาธิปก,2025,9,23,2025-09-23,17:00-19:00,False
15828,หลังโควิด,วงเวียนใหญ่,อินทรพิทักษ์,2025,9,23,2025-09-23,07:00-09:00,False
15829,หลังโควิด,วงเวียนใหญ่,อินทรพิทักษ์,2025,9,23,2025-09-23,09:00-17:00,False
15830,หลังโควิด,วงเวียนใหญ่,อินทรพิทักษ์,2025,9,23,2025-09-23,17:00-19:00,False
15843,หลังโควิด,มิตรไมตรี - มิตรไมตรี 2,มิตรไมตรี,2025,9,25,2025-09-25,07:00-09:00,False
15844,หลังโควิด,มิตรไมตรี - มิตรไมตรี 2,มิตรไมตรี,2025,9,25,2025-09-25,09:00-17:00,False
15845,หลังโควิด,มิตรไมตรี - มิตรไมตรี 2,มิตรไมตรี,2025,9,25,2025-09-25,17:00-19:00,False
15846,หลังโควิด,มิตรไมตรี - มิตรไมตรี 2,มิตรไมตรี 2,2025,9,25,2025-09-25,07:00-09:00,False
15847,หลังโควิด,มิตรไมตรี - มิตรไมตรี 2,มิตรไมตรี 2,2025,9,25,2025-09-25,09:00-17:00,False
15848,หลังโควิด,มิตรไมตรี - มิตรไมตรี 2,มิตรไมตรี 2,2025,9,25,2025-09-25,17:00-19:00,False
15849,หลังโควิด,พระราม 9,รัชดาภิเษก,2025,9,26,2025-09-26,07:00-09:00,False
15850,หลังโควิด,พระราม 9,รัชดาภิเษก,2025,9,26,2025-09-26,09:00-17:00,False
15851,หลังโควิด,พระราม 9,รัชดาภิเษก,2025,9,26,2025-09-26,17:00-19:00,False
15852,หลังโควิด,พระราม 9,อโศกดินแดง,2025,9,26,2025-09-26,07:00-09:00,False
15853,หลังโควิด,พระราม 9,อโศกดินแดง,2025,9,26,2025-09-26,09:00-17:00,False
15854,หลังโควิด,พระราม 9,อโศกดินแดง,2025,9,26,2025-09-26,17:00-19:00,False
15855,หลังโควิด,พระราม 9,พระราม 9,2025,9,26,2025-09-26,07:00-09:00,False
15856,หลังโควิด,พระราม 9,พระราม 9,2025,9,26,2025-09-26,09:00-17:00,False
15857,หลังโควิด,พระราม 9,พระราม 9,2025,9,26,2025-09-26,17:00-19:00,False
15876,หลังโควิด,ถนนตก,เจริญกรุง,2025,10,1,2025-10-01,07:00-09:00,False
15877,หลังโควิด,ถนนตก,เจริญกรุง,2025,10,1,2025-10-01,09:00-17:00,False
15878,หลังโควิด,ถนนตก,เจริญกรุง,2025,10,1,2025-10-01,17:00-19:00,False
15879,หลังโควิด,ถนนตก,พระรามที่ 3,2025,10,1,2025-10-01,07:00-09:00,False
15880,หลังโควิด,ถนนตก,พระรามที่ 3,2025,10,1,2025-10-01,09:00-17:00,False
15881,หลังโควิด,ถนนตก,พระรามที่ 3,2025,10,1,2025-10-01,17:00-19:00,False
15882,หลังโควิด,พิบูลสงคราม,ประชาราษฎร์สาย 1,2025,10,2,2025-10-02,07:00-09:00,False
15883,หลังโควิด,พิบูลสงคราม,ประชาราษฎร์สาย 1,2025,10,2,2025-10-02,09:00-17:00,False
15884,หลังโควิด,พิบูลสงคราม,ประชาราษฎร์สาย 1,2025,10,2,2025-10-02,17:00-19:00,False
15885,หลังโควิด,พิบูลสงคราม,พิบูลสงคราม,2025,10,2,2025-10-02,07:00-09:00,False
15886,หลังโควิด,พิบูลสงคราม,พิบูลสงคราม,2025,10,2,2025-10-02,09:00-17:00,False
15887,หลังโควิด,พิบูลสงคราม,พิบูลสงคราม,2025,10,2,2025-10-02,17:00-19:00,False
16017,หลังโควิด,ราชดำริ,ราชดำริ,2025,10,27,2025-10-27,07:00-09:00,False
16018,หลังโควิด,ราชดำริ,ราชดำริ,2025,10,27,2025-10-27,09:00-17:00,False
16019,หลังโควิด,ราชดำริ,ราชดำริ,2025,10,27,2025-10-27,17:00-19:00,False
16020,หลังโควิด,ราชดำริ,สารสิน,2025,10,27,2025-10-27,07:00-09:00,False
16021,หลังโควิด,ราชดำริ,สารสิน,2025,10,27,2025-10-27,09:00-17:00,False
16022,หลังโควิด,ราชดำริ,สารสิน,2025,10,27,2025-10-27,17:00-19:00,False
16041,หลังโควิด,เตาปูน,ประชาราษฎร์,2025,10,30,2025-10-30,07:00-09:00,False
16042,หลังโควิด,เตาปูน,ประชาราษฎร์,2025,10,30,2025-10-30,09:00-17:00,False
16043,หลังโควิด,เตาปูน,ประชาราษฎร์,2025,10,30,2025-10-30,17:00-19:00,False
16044,หลังโควิด,เตาปูน,ประชาราษฎร์สาย 2,2025,10,30,2025-10-30,07:00-09:00,False
16045,หลังโควิด,เตาปูน,ประชาราษฎร์สาย 2,2025,10,30,2025-10-30,09:00-17:00,False
16046,หลังโควิด,เตาปูน,ประชาราษฎร์สาย 2,2025,10,30,2025-10-30,17:00-19:00,False
16047,หลังโควิด,อโศกเพชร,อโศก,2025,10,31,2025-10-31,07:00-09:00,False
16048,หลังโควิด,อโศกเพชร,อโศก,2025,10,31,2025-10-31,09:00-17:00,False
16049,หลังโควิด,อโศกเพชร,อโศก,2025,10,31,2025-10-31,17:00-19:00,False
16050,หลังโควิด,อโศกเพชร,เพชรบุรี,2025,10,31,2025-10-31,07:00-09:00,False
16051,หลังโควิด,อโศกเพชร,เพชรบุรี,2025,10,31,2025-10-31,09:00-17:00,False
16052,หลังโควิด,อโศกเพชร,เพชรบุรี,2025,10,31,2025-10-31,17:00-19:00,False
16059,หลังโควิด,แปลงนาม,แปลงนาม,2025,11,5,2025-11-05,07:00-09:00,False
16060,หลังโควิด,แปลงนาม,แปลงนาม,2025,11,5,2025-11-05,09:00-17:00,False
16061,หลังโควิด,แปลงนาม,แปลงนาม,2025,11,5,2025-11-05,17:00-19:00,False
16062,หลังโควิด,แปลงนาม,พลับพลาไชย,2025,11,5,2025-11-05,07:00-09:00,False
16063,หลังโควิด,แปลงนาม,พลับพลาไชย,2025,11,5,2025-11-05,09:00-17:00,False
16064,หลังโควิด,แปลงนาม,พลับพลาไชย,2025,11,5,2025-11-05,17:00-19:00,False
16065,หลังโควิด,แปลงนาม,เจริญกรุง,2025,11,5,2025-11-05,07:00-09:00,False
16066,หลังโควิด,แปลงนาม,เจริญกรุง,2025,11,5,2025-11-05,09:00-17:00,False
16067,หลังโควิด,แปลงนาม,เจริญกรุง,2025,11,5,2025-11-05,17:00-19:00,False
16071,หลังโควิด,หัวลำโพง,มหาพฤฒาราม,2025,11,7,2025-11-07,07:00-09:00,False
16072,หลังโควิด,หัวลำโพง,มหาพฤฒาราม,2025,11,7,2025-11-07,09:00-17:00,False
16073,หลังโควิด,หัวลำโพง,มหาพฤฒาราม,2025,11,7,2025-11-07,17:00-19:00,False
16074,หลังโควิด,หัวลำโพง,พระรามที่ 4,2025,11,7,2025-11-07,07:00-09:00,False
16075,หลังโควิด,หัวลำโพง,พระรามที่ 4,2025,11,7,2025-11-07,09:00-17:00,False
16076,หลังโควิด,หัวลำโพง,พระรามที่ 4,2025,11,7,2025-11-07,17:00-19:00,False
16083,หลังโควิด,นาหลวง,พุทธบูชา,2025,11,10,2025-11-10,07:00-09:00,False
16084,หลังโควิด,นาหลวง,พุทธบูชา,2025,11,10,2025-11-10,09:00-17:00,False
16085,หลังโควิด,นาหลวง,พุทธบูชา,2025,11,10,2025-11-10,17:00-19:00,False
16104,หลังโควิด,วัดประชา,พระรามที่ 5,2025,11,13,2025-11-13,07:00-09:00,False
16105,หลังโควิด,วัดประชา,พระรามที่ 5,2025,11,13,2025-11-13,09:00-17:00,False
16106,หลังโควิด,วัดประชา,พระรามที่ 5,2025,11,13,2025-11-13,17:00-19:00,False
16122,หลังโควิด,สะพานดำ,พระรามที่ 6,2025,11,17,2025-11-17,07:00-09:00,False
16123,หลังโควิด,สะพานดำ,พระรามที่ 6,2025,11,17,2025-11-17,09:00-17:00,False
16124,หลังโควิด,สะพานดำ,พระรามที่ 6,2025,11,17,2025-11-17,17:00-19:00,False
16128,หลังโควิด,สะพานดำ,กำแพงเพชร,2025,11,17,2025-11-17,07:00-09:00,False
16129,หลังโควิด,สะพานดำ,กำแพงเพชร,2025,11,17,2025-11-17,09:00-17:00,False
16130,หลังโควิด,สะพานดำ,กำแพงเพชร,2025,11,17,2025-11-17,17:00-19:00,False
16170,หลังโควิด,ทองหล่อ,สุขุมวิท,2025,11,26,2025-11-26,07:00-09:00,False
16171,หลังโควิด,ทองหล่อ,สุขุมวิท,2025,11,26,2025-11-26,09:00-17:00,False
16172,หลังโควิด,ทองหล่อ,สุขุมวิท,2025,11,26,2025-11-26,17:00-19:00,False
16185,หลังโควิด,การเรือน,ราชวิถี,2025,12,1,2025-12-01,07:00-09:00,False
16186,หลังโควิด,การเรือน,ราชวิถี,2025,12,1,2025-12-01,09:00-17:00,False
16187,หลังโควิด,การเรือน,ราชวิถี,2025,12,1,2025-12-01,17:00-19:00,False
16197,หลังโควิด,มไหสวรรย์,รัชดาภิเษก,2025,12,8,2025-12-08,07:00-09:00,False
16198,หลังโควิด,มไหสวรรย์,รัชดาภิเษก,2025,12,8,2025-12-08,09:00-17:00,False
16199,หลังโควิด,มไหสวรรย์,รัชดาภิเษก,2025,12,8,2025-12-08,17:00-19:00,False
16200,หลังโควิด,มไหสวรรย์,มไหสวรรย์,2025,12,8,2025-12-08,07:00-09:00,False
16201,หลังโควิด,มไหสวรรย์,มไหสวรรย์,2025,12,8,2025-12-08,09:00-17:00,False
16202,หลังโควิด,มไหสวรรย์,มไหสวรรย์,2025,12,8,2025-12-08,17:00-19:00,False
16233,หลังโควิด,จันทน์ - นราธิวาส,จันทน์,2025,12,17,2025-12-17,07:00-09:00,False
16234,หลังโควิด,จันทน์ - นราธิวาส,จันทน์,2025,12,17,2025-12-17,09:00-17:00,False
16235,หลังโควิด,จันทน์ - นราธิวาส,จันทน์,2025,12,17,2025-12-17,17:00-19:00,False
16236,หลังโควิด,ศรีอยุธยา,พระรามที่ 6,2025,12,19,2025-12-19,07:00-09:00,False
16237,หลังโควิด,ศรีอยุธยา,พระรามที่ 6,2025,12,19,2025-12-19,09:00-17:00,False
16238,หลังโควิด,ศรีอยุธยา,พระรามที่ 6,2025,12,19,2025-12-19,17:00-19:00,False
16239,หลังโควิด,ศรีอยุธยา,ศรีอยุธยา,2025,12,19,2025-12-19,07:00-09:00,False
16240,หลังโควิด,ศรีอยุธยา,ศรีอยุธยา,2025,12,19,2025-12-19,09:00-17:00,False
16241,หลังโควิด,ศรีอยุธยา,ศรีอยุธยา,2025,12,19,2025-12-19,17:00-19:00,False
16260,หลังโควิด,เกษตร,พหลโยธิน,2025,12,24,2025-12-24,07:00-09:00,False
16261,หลังโควิด,เกษตร,พหลโยธิน,2025,12,24,2025-12-24,09:00-17:00,False
16262,หลังโควิด,เกษตร,พหลโยธิน,2025,12,24,2025-12-24,17:00-19:00,False
16263,หลังโควิด,เกษตร,งามวงศ์วาน,2025,12,24,2025-12-24,07:00-09:00,False
16264,หลังโควิด,เกษตร,งามวงศ์วาน,2025,12,24,2025-12-24,09:00-17:00,False
16265,หลังโควิด,เกษตร,งามวงศ์วาน,2025,12,24,2025-12-24,17:00-19:00,False
16281,หลังโควิด,หมอมี,เจริญกรุง,2025,12,29,2025-12-29,07:00-09:00,False
16282,หลังโควิด,หมอมี,เจริญกรุง,2025,12,29,2025-12-29,09:00-17:00,False
16283,หลังโควิด,หมอมี,เจริญกรุง,2025,12,29,2025-12-29,17:00-19:00,False
16287,หลังโควิด,หมอมี,พระรามที่ 4,2025,12,29,2025-12-29,07:00-09:00,False
16288,หลังโควิด,หมอมี,พระรามที่ 4,2025,12,29,2025-12-29,09:00-17:00,False
16289,หลังโควิด,หมอมี,พระรามที่ 4,2025,12,29,2025-12-29,17:00-19:00,False
16296,หลังโควิด,ดาวคะนอง,สมเด็จพระเจ้าตากสิน,2026,1,5,2026-01-05,07:00-09:00,False
16297,หลังโควิด,ดาวคะนอง,สมเด็จพระเจ้าตากสิน,2026,1,5,2026-01-05,09:00-17:00,False
16298,หลังโควิด,ดาวคะนอง,สมเด็จพระเจ้าตากสิน,2026,1,5,2026-01-05,17:00-19:00,False
16299,หลังโควิด,ดาวคะนอง,จอมทอง,2026,1,5,2026-01-05,07:00-09:00,False
16300,หลังโควิด,ดาวคะนอง,จอมทอง,2026,1,5,2026-01-05,09:00-17:00,False
16301,หลังโควิด,ดาวคะนอง,จอมทอง,2026,1,5,2026-01-05,17:00-19:00,False
16305,หลังโควิด,หมู่บ้านสหกรณ์,เสรีไทย,2026,1,7,2026-01-07,07:00-09:00,False
16306,หลังโควิด,หมู่บ้านสหกรณ์,เสรีไทย,2026,1,7,2026-01-07,09:00-17:00,False
16307,หลังโควิด,หมู่บ้านสหกรณ์,เสรีไทย,2026,1,7,2026-01-07,17:00-19:00,False
16308,หลังโควิด,ห้วยขวาง,รัชดาภิเษก,2026,1,9,2026-01-09,07:00-09:00,False
16309,หลังโควิด,ห้วยขวาง,รัชดาภิเษก,2026,1,9,2026-01-09,09:00-17:00,False
16310,หลังโควิด,ห้วยขวาง,รัชดาภิเษก,2026,1,9,2026-01-09,17:00-19:00,False
16311,หลังโควิด,ห้วยขวาง,ประชาสงเคราะห์,2026,1,9,2026-01-09,07:00-09:00,False
16312,หลังโควิด,ห้วยขวาง,ประชาสงเคราะห์,2026,1,9,2026-01-09,09:00-17:00,False
16313,หลังโควิด,ห้วยขวาง,ประชาสงเคราะห์,2026,1,9,2026-01-09,17:00-19:00,False
16314,หลังโควิด,ห้วยขวาง,ประชาราษฎร์บำเพ็ญ,2026,1,9,2026-01-09,07:00-09:00,False
16315,หลังโควิด,ห้วยขวาง,ประชาราษฎร์บำเพ็ญ,2026,1,9,2026-01-09,09:00-17:00,False
16316,หลังโควิด,ห้วยขวาง,ประชาราษฎร์บำเพ็ญ,2026,1,9,2026-01-09,17:00-19:00,False
16320,หลังโควิด,ด่วนเพลินจิต,เพลินจิต,2026,1,12,2026-01-12,07:00-09:00,False
16321,หลังโควิด,ด่วนเพลินจิต,เพลินจิต,2026,1,12,2026-01-12,09:00-17:00,False
16322,หลังโควิด,ด่วนเพลินจิต,เพลินจิต,2026,1,12,2026-01-12,17:00-19:00,False
16377,หลังโควิด,ราชวิถี,พระรามที่ 5,2026,1,23,2026-01-23,07:00-09:00,False
16378,หลังโควิด,ราชวิถี,พระรามที่ 5,2026,1,23,2026-01-23,09:00-17:00,False
16379,หลังโควิด,ราชวิถี,พระรามที่ 5,2026,1,23,2026-01-23,17:00-19:00,False
16380,หลังโควิด,ราชวิถี,ราชวิถี,2026,1,23,2026-01-23,07:00-09:00,False
16381,หลังโควิด,ราชวิถี,ราชวิถี,2026,1,23,2026-01-23,09:00-17:00,False
16382,หลังโควิด,ราชวิถี,ราชวิถี,2026,1,23,2026-01-23,17:00-19:00,False
16389,หลังโควิด,บางลำพู,สามเสน,2026,1,26,2026-01-26,07:00-09:00,False
16390,หลังโควิด,บางลำพู,สามเสน,2026,1,26,2026-01-26,09:00-17:00,False
16391,หลังโควิด,บางลำพู,สามเสน,2026,1,26,2026-01-26,17:00-19:00,False
16404,หลังโควิด,บางชัน,เสรีไทย,2026,1,28,2026-01-28,07:00-09:00,False
16405,หลังโควิด,บางชัน,เสรีไทย,2026,1,28,2026-01-28,09:00-17:00,False
16406,หลังโควิด,บางชัน,เสรีไทย,2026,1,28,2026-01-28,17:00-19:00,False
16413,หลังโควิด,พัฒนาการ,ศรีนครินทร์,2026,1,30,2026-01-30,07:00-09:00,False
16414,หลังโควิด,พัฒนาการ,ศรีนครินทร์,2026,1,30,2026-01-30,09:00-17:00,False
16415,หลังโควิด,พัฒนาการ,ศรีนครินทร์,2026,1,30,2026-01-30,17:00-19:00,False
16416,หลังโควิด,พัฒนาการ,พัฒนาการ,2026,1,30,2026-01-30,07:00-09:00,False
16417,หลังโควิด,พัฒนาการ,พัฒนาการ,2026,1,30,2026-01-30,09:00-17:00,False
16418,หลังโควิด,พัฒนาการ,พัฒนาการ,2026,1,30,2026-01-30,17:00-19:00,False
16422,หลังโควิด,จันทน์ - เจริญราษฎร์,เจริญราษฎร์,2026,2,2,2026-02-02,07:00-09:00,False
16423,หลังโควิด,จันทน์ - เจริญราษฎร์,เจริญราษฎร์,2026,2,2,2026-02-02,09:00-17:00,False
16424,หลังโควิด,จันทน์ - เจริญราษฎร์,เจริญราษฎร์,2026,2,2,2026-02-02,17:00-19:00,False
16425,หลังโควิด,จันทน์ - เจริญราษฎร์,จันทน์,2026,2,2,2026-02-02,07:00-09:00,False
16426,หลังโควิด,จันทน์ - เจริญราษฎร์,จันทน์,2026,2,2,2026-02-02,09:00-17:00,False
16427,หลังโควิด,จันทน์ - เจริญราษฎร์,จันทน์,2026,2,2,2026-02-02,17:00-19:00,False
16434,หลังโควิด,เสือป่า,ราชวงศ์,2026,2,6,2026-02-06,07:00-09:00,False
16435,หลังโควิด,เสือป่า,ราชวงศ์,2026,2,6,2026-02-06,09:00-17:00,False
16436,หลังโควิด,เสือป่า,ราชวงศ์,2026,2,6,2026-02-06,17:00-19:00,False
16437,หลังโควิด,เสือป่า,เสือป่า,2026,2,6,2026-02-06,07:00-09:00,False
16438,หลังโควิด,เสือป่า,เสือป่า,2026,2,6,2026-02-06,09:00-17:00,False
16439,หลังโควิด,เสือป่า,เสือป่า,2026,2,6,2026-02-06,17:00-19:00,False
16440,หลังโควิด,เสือป่า,เจริญกรุง,2026,2,6,2026-02-06,07:00-09:00,False
16441,หลังโควิด,เสือป่า,เจริญกรุง,2026,2,6,2026-02-06,09:00-17:00,False
16442,หลังโควิด,เสือป่า,เจริญกรุง,2026,2,6,2026-02-06,17:00-19:00,False
16482,หลังโควิด,บางพลัด,จรัญสนิทวงศ์,2026,2,13,2026-02-13,07:00-09:00,False
16483,หลังโควิด,บางพลัด,จรัญสนิทวงศ์,2026,2,13,2026-02-13,09:00-17:00,False
16484,หลังโควิด,บางพลัด,จรัญสนิทวงศ์,2026,2,13,2026-02-13,17:00-19:00,False
16485,หลังโควิด,บางพลัด,สิรินธร,2026,2,13,2026-02-13,07:00-09:00,False
16486,หลังโควิด,บางพลัด,สิรินธร,2026,2,13,2026-02-13,09:00-17:00,False
16487,หลังโควิด,บางพลัด,สิรินธร,2026,2,13,2026-02-13,17:00-19:00,False
16488,หลังโควิด,บางพลัด,ราชวิถี,2026,2,13,2026-02-13,07:00-09:00,False
16489,หลังโควิด,บางพลัด,ราชวิถี,2026,2,13,2026-02-13,09:00-17:00,False
16490,หลังโควิด,บางพลัด,ราชวิถี,2026,2,13,2026-02-13,17:00-19:00,False
16524,หลังโควิด,หมู่บ้านเศรษฐกิจ,เพชรเกษม,2026,2,24,2026-02-24,07:00-09:00,False
16525,หลังโควิด,หมู่บ้านเศรษฐกิจ,เพชรเกษม,2026,2,24,2026-02-24,09:00-17:00,False
16526,หลังโควิด,หมู่บ้านเศรษฐกิจ,เพชรเกษม,2026,2,24,2026-02-24,17:00-19:00,False
16533,หลังโควิด,เพชรเกษม 69,เพชรเกษม,2026,2,24,2026-02-24,07:00-09:00,False
16534,หลังโควิด,เพชรเกษม 69,เพชรเกษม,2026,2,24,2026-02-24,09:00-17:00,False
16535,หลังโควิด,เพชรเกษม 69,เพชรเกษม,2026,2,24,2026-02-24,17:00-19:00,False
16557,หลังโควิด,จอมทอง,วุฒากาศ,2026,2,27,2026-02-27,07:00-09:00,False
16558,หลังโควิด,จอมทอง,วุฒากาศ,2026,2,27,2026-02-27,09:00-17:00,False
16559,หลังโควิด,จอมทอง,วุฒากาศ,2026,2,27,2026-02-27,17:00-19:00,False
16563,หลังโควิด,จอมทอง,จอมทอง,2026,2,27,2026-02-27,07:00-09:00,False
16564,หลังโควิด,จอมทอง,จอมทอง,2026,2,27,2026-02-27,09:00-17:00,False
16565,หลังโควิด,จอมทอง,จอมทอง,2026,2,27,2026-02-27,17:00-19:00,False
16611,หลังโควิด,ด่วนเกษมราษฎร์,เกษมราษฎร์,2026,3,16,2026-03-16,07:00-09:00,False
16612,หลังโควิด,ด่วนเกษมราษฎร์,เกษมราษฎร์,2026,3,16,2026-03-16,09:00-17:00,False
16613,หลังโควิด,ด่วนเกษมราษฎร์,เกษมราษฎร์,2026,3,16,2026-03-16,17:00-19:00,False
16635,หลังโควิด,บางขุนนนท์,จรัญสนิทวงศ์,2026,3,19,2026-03-19,07:00-09:00,False
16636,หลังโควิด,บางขุนนนท์,จรัญสนิทวงศ์,2026,3,19,2026-03-19,09:00-17:00,False
16637,หลังโควิด,บางขุนนนท์,จรัญสนิทวงศ์,2026,3,19,2026-03-19,17:00-19:00,False
16650,หลังโควิด,อังรีดูนังต์,สุรวงศ์,2026,3,23,2026-03-23,07:00-09:00,False
16651,หลังโควิด,อังรีดูนังต์,สุรวงศ์,2026,3,23,2026-03-23,09:00-17:00,False
16652,หลังโควิด,อังรีดูนังต์,สุรวงศ์,2026,3,23,2026-03-23,17:00-19:00,False
16653,หลังโควิด,อังรีดูนังต์,อังรีดูนังต์,2026,3,23,2026-03-23,07:00-09:00,False
16654,หลังโควิด,อังรีดูนังต์,อังรีดูนังต์,2026,3,23,2026-03-23,09:00-17:00,False
16655,หลังโควิด,อังรีดูนังต์,อังรีดูนังต์,2026,3,23,2026-03-23,17:00-19:00,False
16659,หลังโควิด,ประตูน้ำ,ราชดำริ,2026,3,25,2026-03-25,07:00-09:00,False
16660,หลังโควิด,ประตูน้ำ,ราชดำริ,2026,3,25,2026-03-25,09:00-17:00,False
16661,หลังโควิด,ประตูน้ำ,ราชดำริ,2026,3,25,2026-03-25,17:00-19:00,False
16662,หลังโควิด,ประตูน้ำ,ราชปรารภ,2026,3,25,2026-03-25,07:00-09:00,False
16663,หลังโควิด,ประตูน้ำ,ราชปรารภ,2026,3,25,2026-03-25,09:00-17:00,False
16664,หลังโควิด,ประตูน้ำ,ราชปรารภ,2026,3,25,2026-03-25,17:00-19:00,False
16665,หลังโควิด,ประตูน้ำ,เพชรบุรี,2026,3,25,2026-03-25,07:00-09:00,False
16666,หลังโควิด,ประตูน้ำ,เพชรบุรี,2026,3,25,2026-03-25,09:00-17:00,False
16667,หลังโควิด,ประตูน้ำ,เพชรบุรี,2026,3,25,2026-03-25,17:00-19:00,False
16701,หลังโควิด,คลองประปา,ประชาชื่น,2026,4,2,2026-04-02,07:00-09:00,False
16702,หลังโควิด,คลองประปา,ประชาชื่น,2026,4,2,2026-04-02,09:00-17:00,False
16703,หลังโควิด,คลองประปา,ประชาชื่น,2026,4,2,2026-04-02,17:00-19:00,False
16704,หลังโควิด,คลองประปา,เลียบคลองประปา,2026,4,2,2026-04-02,07:00-09:00,False
16705,หลังโควิด,คลองประปา,เลียบคลองประปา,2026,4,2,2026-04-02,09:00-17:00,False
16706,หลังโควิด,คลองประปา,เลียบคลองประปา,2026,4,2,2026-04-02,17:00-19:00,False
16707,หลังโควิด,คลองประปา,แจ้งวัฒนะ,2026,4,2,2026-04-02,07:00-09:00,False
16708,หลังโควิด,คลองประปา,แจ้งวัฒนะ,2026,4,2,2026-04-02,09:00-17:00,False
16709,หลังโควิด,คลองประปา,แจ้งวัฒนะ,2026,4,2,2026-04-02,17:00-19:00,False
16722,หลังโควิด,อ.ส.ม.ท.,เพชรอุทัย,2026,4,7,2026-04-07,07:00-09:00,False
16723,หลังโควิด,อ.ส.ม.ท.,เพชรอุทัย,2026,4,7,2026-04-07,09:00-17:00,False
16724,หลังโควิด,อ.ส.ม.ท.,เพชรอุทัย,2026,4,7,2026-04-07,17:00-19:00,False
16728,หลังโควิด,อ.ส.ม.ท.,พระราม 9,2026,4,7,2026-04-07,07:00-09:00,False
16729,หลังโควิด,อ.ส.ม.ท.,พระราม 9,2026,4,7,2026-04-07,09:00-17:00,False
16730,หลังโควิด,อ.ส.ม.ท.,พระราม 9,2026,4,7,2026-04-07,17:00-19:00,False
16782,หลังโควิด,เฉลิมกรุง,ตรีเพชร,2026,4,17,2026-04-17,07:00-09:00,False
16783,หลังโควิด,เฉลิมกรุง,ตรีเพชร,2026,4,17,2026-04-17,09:00-17:00,False
16784,หลังโควิด,เฉลิมกรุง,ตรีเพชร,2026,4,17,2026-04-17,17:00-19:00,False
16788,หลังโควิด,เฉลิมกรุง,เจริญกรุง,2026,4,17,2026-04-17,07:00-09:00,False
16789,หลังโควิด,เฉลิมกรุง,เจริญกรุง,2026,4,17,2026-04-17,09:00-17:00,False
16790,หลังโควิด,เฉลิมกรุง,เจริญกรุง,2026,4,17,2026-04-17,17:00-19:00,False
16791,หลังโควิด,รัชดา - ลาดพร้าว,รัชดาภิเษก,2026,4,20,2026-04-20,07:00-09:00,False
16792,หลังโควิด,รัชดา - ลาดพร้าว,รัชดาภิเษก,2026,4,20,2026-04-20,09:00-17:00,False
16793,หลังโควิด,รัชดา - ลาดพร้าว,รัชดาภิเษก,2026,4,20,2026-04-20,17:00-19:00,False
16803,หลังโควิด,คลองเตย,สุนทรโกษา,2026,4,22,2026-04-22,07:00-09:00,False
16804,หลังโควิด,คลองเตย,สุนทรโกษา,2026,4,22,2026-04-22,09:00-17:00,False
16805,หลังโควิด,คลองเตย,สุนทรโกษา,2026,4,22,2026-04-22,17:00-19:00,False
16806,หลังโควิด,คลองเตย,พระรามที่ 4,2026,4,22,2026-04-22,07:00-09:00,False
16807,หลังโควิด,คลองเตย,พระรามที่ 4,2026,4,22,2026-04-22,09:00-17:00,False
16808,หลังโควิด,คลองเตย,พระรามที่ 4,2026,4,22,2026-04-22,17:00-19:00,False
16827,หลังโควิด,ประเสริฐมนูกิจ - ประดิษฐ์มนูธรรม,ประดิษฐ์มนูธรรม,2026,4,24,2026-04-24,07:00-09:00,False
16828,หลังโควิด,ประเสริฐมนูกิจ - ประดิษฐ์มนูธรรม,ประดิษฐ์มนูธรรม,2026,4,24,2026-04-24,09:00-17:00,False
16829,หลังโควิด,ประเสริฐมนูกิจ - ประดิษฐ์มนูธรรม,ประดิษฐ์มนูธรรม,2026,4,24,2026-04-24,17:00-19:00,False
16830,หลังโควิด,ประเสริฐมนูกิจ - ประดิษฐ์มนูธรรม,ประเสริฐมนูกิจ,2026,4,24,2026-04-24,07:00-09:00,False
16831,หลังโควิด,ประเสริฐมนูกิจ - ประดิษฐ์มนูธรรม,ประเสริฐมนูกิจ,2026,4,24,2026-04-24,09:00-17:00,False
16832,หลังโควิด,ประเสริฐมนูกิจ - ประดิษฐ์มนูธรรม,ประเสริฐมนูกิจ,2026,4,24,2026-04-24,17:00-19:00,False
16836,หลังโควิด,อุณากรรณ,อุณากรรณ,2026,4,29,2026-04-29,07:00-09:00,False
16837,หลังโควิด,อุณากรรณ,อุณากรรณ,2026,4,29,2026-04-29,09:00-17:00,False
16838,หลังโควิด,อุณากรรณ,อุณากรรณ,2026,4,29,2026-04-29,17:00-19:00,False
16839,หลังโควิด,อุณากรรณ,เจริญกรุง,2026,4,29,2026-04-29,07:00-09:00,False
16840,หลังโควิด,อุณากรรณ,เจริญกรุง,2026,4,29,2026-04-29,09:00-17:00,False
16841,หลังโควิด,อุณากรรณ,เจริญกรุง,2026,4,29,2026-04-29,17:00-19:00,False
16842,หลังโควิด,เอส เอ บี,วรจักร,2026,4,29,2026-04-29,07:00-09:00,False
16843,หลังโควิด,เอส เอ บี,วรจักร,2026,4,29,2026-04-29,09:00-17:00,False
16844,หลังโควิด,เอส เอ บี,วรจักร,2026,4,29,2026-04-29,17:00-19:00,False
16845,หลังโควิด,เอส เอ บี,เจริญกรุง,2026,4,29,2026-04-29,07:00-09:00,False
16846,หลังโควิด,เอส เอ บี,เจริญกรุง,2026,4,29,2026-04-29,09:00-17:00,False
16847,หลังโควิด,เอส เอ บี,เจริญกรุง,2026,4,29,2026-04-29,17:00-19:00,False
16848,หลังโควิด,ด่วนนางลิ้นจี่,นางลิ้นจี่,2026,4,30,2026-04-30,07:00-09:00,False
16849,หลังโควิด,ด่วนนางลิ้นจี่,นางลิ้นจี่,2026,4,30,2026-04-30,09:00-17:00,False
16850,หลังโควิด,ด่วนนางลิ้นจี่,นางลิ้นจี่,2026,4,30,2026-04-30,17:00-19:00,False
16851,หลังโควิด,ด่วนนางลิ้นจี่,รัชดาภิเษก,2026,4,30,2026-04-30,07:00-09:00,False
16852,หลังโควิด,ด่วนนางลิ้นจี่,รัชดาภิเษก,2026,4,30,2026-04-30,09:00-17:00,False
16853,หลังโควิด,ด่วนนางลิ้นจี่,รัชดาภิเษก,2026,4,30,2026-04-30,17:00-19:00,False
16860,หลังโควิด,วังแดง,พิษณุโลก,2026,5,1,2026-05-01,07:00-09:00,False
16861,หลังโควิด,วังแดง,พิษณุโลก,2026,5,1,2026-05-01,09:00-17:00,False
16862,หลังโควิด,วังแดง,พิษณุโลก,2026,5,1,2026-05-01,17:00-19:00,False
16872,หลังโควิด,อุรุพงษ์,พระรามที่ 6,2026,5,6,2026-05-06,07:00-09:00,False
16873,หลังโควิด,อุรุพงษ์,พระรามที่ 6,2026,5,6,2026-05-06,09:00-17:00,False
16874,หลังโควิด,อุรุพงษ์,พระรามที่ 6,2026,5,6,2026-05-06,17:00-19:00,False
16875,หลังโควิด,อุรุพงษ์,เพชรบุรี,2026,5,6,2026-05-06,07:00-09:00,False
16876,หลังโควิด,อุรุพงษ์,เพชรบุรี,2026,5,6,2026-05-06,09:00-17:00,False
16877,หลังโควิด,อุรุพงษ์,เพชรบุรี,2026,5,6,2026-05-06,17:00-19:00,False
16881,หลังโควิด,ประดิพัทธ์,พระรามที่ 6,2026,5,7,2026-05-07,07:00-09:00,False
16882,หลังโควิด,ประดิพัทธ์,พระรามที่ 6,2026,5,7,2026-05-07,09:00-17:00,False
16883,หลังโควิด,ประดิพัทธ์,พระรามที่ 6,2026,5,7,2026-05-07,17:00-19:00,False
16884,หลังโควิด,ประดิพัทธ์,ประดิพัทธ์,2026,5,7,2026-05-07,07:00-09:00,False
16885,หลังโควิด,ประดิพัทธ์,ประดิพัทธ์,2026,5,7,2026-05-07,09:00-17:00,False
16886,หลังโควิด,ประดิพัทธ์,ประดิพัทธ์,2026,5,7,2026-05-07,17:00-19:00,False
16887,หลังโควิด,บางยี่เรือ,เทอดไท,2026,5,8,2026-05-08,07:00-09:00,False
16888,หลังโควิด,บางยี่เรือ,เทอดไท,2026,5,8,2026-05-08,09:00-17:00,False
16889,หลังโควิด,บางยี่เรือ,เทอดไท,2026,5,8,2026-05-08,17:00-19:00,False
16890,หลังโควิด,บางยี่เรือ,เพชรเกษม,2026,5,8,2026-05-08,07:00-09:00,False
16891,หลังโควิด,บางยี่เรือ,เพชรเกษม,2026,5,8,2026-05-08,09:00-17:00,False
16892,หลังโควิด,บางยี่เรือ,เพชรเกษม,2026,5,8,2026-05-08,17:00-19:00,False
16893,หลังโควิด,บางยี่เรือ,อินทรพิทักษ์,2026,5,8,2026-05-08,07:00-09:00,False
16894,หลังโควิด,บางยี่เรือ,อินทรพิทักษ์,2026,5,8,2026-05-08,09:00-17:00,False
16895,หลังโควิด,บางยี่เรือ,อินทรพิทักษ์,2026,5,8,2026-05-08,17:00-19:00,False
16899,หลังโควิด,หมอเหล็ง,ราชปรารภ,2026,5,11,2026-05-11,07:00-09:00,False
16900,หลังโควิด,หมอเหล็ง,ราชปรารภ,2026,5,11,2026-05-11,09:00-17:00,False
16901,หลังโควิด,หมอเหล็ง,ราชปรารภ,2026,5,11,2026-05-11,17:00-19:00,False
16902,หลังโควิด,หมอเหล็ง,ศรีอยุธยา,2026,5,11,2026-05-11,07:00-09:00,False
16903,หลังโควิด,หมอเหล็ง,ศรีอยุธยา,2026,5,11,2026-05-11,09:00-17:00,False
16904,หลังโควิด,หมอเหล็ง,ศรีอยุธยา,2026,5,11,2026-05-11,17:00-19:00,False
16905,หลังโควิด,หมอเหล็ง,จตุรทิศ,2026,5,11,2026-05-11,07:00-09:00,False
16906,หลังโควิด,หมอเหล็ง,จตุรทิศ,2026,5,11,2026-05-11,09:00-17:00,False
16907,หลังโควิด,หมอเหล็ง,จตุรทิศ,2026,5,11,2026-05-11,17:00-19:00,False
16950,หลังโควิด,หลักสี่,กำแพงเพชร 6,2026,5,20,2026-05-20,07:00-09:00,False
16951,หลังโควิด,หลักสี่,กำแพงเพชร 6,2026,5,20,2026-05-20,09:00-17:00,False
16952,หลังโควิด,หลักสี่,กำแพงเพชร 6,2026,5,20,2026-05-20,17:00-19:00,False
16953,หลังโควิด,หลักสี่,แจ้งวัฒนะ,2026,5,20,2026-05-20,07:00-09:00,False
16954,หลังโควิด,หลักสี่,แจ้งวัฒนะ,2026,5,20,2026-05-20,09:00-17:00,False
16955,หลังโควิด,หลักสี่,แจ้งวัฒนะ,2026,5,20,2026-05-20,17:00-19:00,False
16968,หลังโควิด,ขัตติยานี,พิชัย,2026,5,22,2026-05-22,07:00-09:00,False
16969,หลังโควิด,ขัตติยานี,พิชัย,2026,5,22,2026-05-22,09:00-17:00,False
16970,หลังโควิด,ขัตติยานี,พิชัย,2026,5,22,2026-05-22,17:00-19:00,False
16971,หลังโควิด,ขัตติยานี,สุโขทัย,2026,5,22,2026-05-22,07:00-09:00,False
16972,หลังโควิด,ขัตติยานี,สุโขทัย,2026,5,22,2026-05-22,09:00-17:00,False
16973,หลังโควิด,ขัตติยานี,สุโขทัย,2026,5,22,2026-05-22,17:00-19:00,False
16974,หลังโควิด,บุคคโล,เจริญนคร,2026,5,25,2026-05-25,07:00-09:00,False
16975,หลังโควิด,บุคคโล,เจริญนคร,2026,5,25,2026-05-25,09:00-17:00,False
16976,หลังโควิด,บุคคโล,เจริญนคร,2026,5,25,2026-05-25,17:00-19:00,False
16977,หลังโควิด,บุคคโล,มไหสวรรย์,2026,5,25,2026-05-25,07:00-09:00,False
16978,หลังโควิด,บุคคโล,มไหสวรรย์,2026,5,25,2026-05-25,09:00-17:00,False
16979,หลังโควิด,บุคคโล,มไหสวรรย์,2026,5,25,2026-05-25,17:00-19:00,False
16986,หลังโควิด,หมอเหล็ง,ราชปรารภ,2026,5,27,2026-05-27,07:00-09:00,False
16987,หลังโควิด,หมอเหล็ง,ราชปรารภ,2026,5,27,2026-05-27,09:00-17:00,False
16988,หลังโควิด,หมอเหล็ง,ราชปรารภ,2026,5,27,2026-05-27,17:00-19:00,False
16989,หลังโควิด,หมอเหล็ง,ศรีอยุธยา,2026,5,27,2026-05-27,07:00-09:00,False
16990,หลังโควิด,หมอเหล็ง,ศรีอยุธยา,2026,5,27,2026-05-27,09:00-17:00,False
16991,หลังโควิด,หมอเหล็ง,ศรีอยุธยา,2026,5,27,2026-05-27,17:00-19:00,False
16992,หลังโควิด,หมอเหล็ง,จตุรทิศ,2026,5,27,2026-05-27,07:00-09:00,False
16993,หลังโควิด,หมอเหล็ง,จตุรทิศ,2026,5,27,2026-05-27,09:00-17:00,False
16994,หลังโควิด,หมอเหล็ง,จตุรทิศ,2026,5,27,2026-05-27,17:00-19:00,False
17001,หลังโควิด,บางโพ ,ประชาราษฎร์สาย 1,2026,5,29,2026-05-29,07:00-09:00,False
17002,หลังโควิด,บางโพ ,ประชาราษฎร์สาย 1,2026,5,29,2026-05-29,09:00-17:00,False
17003,หลังโควิด,บางโพ ,ประชาราษฎร์สาย 1,2026,5,29,2026-05-29,17:00-19:00,False
17004,หลังโควิด,บางโพ ,ประชาราษฎร์สาย 2,2026,5,29,2026-05-29,07:00-09:00,False
17005,หลังโควิด,บางโพ ,ประชาราษฎร์สาย 2,2026,5,29,2026-05-29,09:00-17:00,False
17006,หลังโควิด,บางโพ ,ประชาราษฎร์สาย 2,2026,5,29,2026-05-29,17:00-19:00,False
