intersection,road,intersection_key,road_key
สุวรรณภูมิ,สุวรรณภูมิ 4,สุวรรณภูมิ,สุวรรณภูมิ 4
สุวรรณภูมิ,ลาดกระบัง,สุวรรณภูมิ,ลาดกระบัง
สุขุมวิท24,ซ.สุขุมวิท 24,สุขุมวิท24,ซ.สุขุมวิท 24
สุขุมวิท24,สุขุมวิท,สุขุมวิท24,สุขุมวิท
สุขุมวิท 26,ซ.สุขุมวิท 26,สุขุมวิท 26,ซ.สุขุมวิท 26
สุขุมวิท 26,สุขุมวิท,สุขุมวิท 26,สุขุมวิท
วัดสน,ซ.สุขสวัสดิ์ 35,วัดสน,ซ.สุขสวัสดิ์ 35
วัดสน,สุขสวัสดิ์,วัดสน,สุขสวัสดิ์
ใต้ด่วนพระราม 4,เชื้อเพลิง,ใต้ด่วนพระราม 4,เชื้อเพลิง
ใต้ด่วนพระราม 4,ทางด่วน,ใต้ด่วนพระราม 4,ทางด่วน
ใต้ด่วนพระราม 4,พระรามที่ 4,ใต้ด่วนพระราม 4,พระรามที่ 4
สุขุมวิท11,ซ.สุขุมวิท 11,สุขุมวิท11,ซ.สุขุมวิท 11
สุขุมวิท11,สุขุมวิท,สุขุมวิท11,สุขุมวิท
สุขุมวิท22,ซ.สุขุมวิท 22,สุขุมวิท22,ซ.สุขุมวิท 22
สุขุมวิท22,สุขุมวิท,สุขุมวิท22,สุขุมวิท
สะพานเหลือง,พระรามที่ 4,สะพานเหลือง,พระรามที่ 4
สะพานเหลือง,ซ.พระยาดำรงค์,สะพานเหลือง,ซ.พระยาดำรงค์
สะพานเหลือง,บรรทัดทอง,สะพานเหลือง,บรรทัดทอง
เอกมัยเหนือ,เอกมัย,เอกมัยเหนือ,เอกมัย
เอกมัยเหนือ,เพชรบุรี,เอกมัยเหนือ,เพชรบุรี
บางขุนนนท์,จรัญสนิทวงศ์,บางขุนนนท์,จรัญสนิทวงศ์
บางขุนนนท์,บางกอกน้อยตลิ่งชัน,บางขุนนนท์,บางกอกน้อยตลิ่งชัน
บางขุนนนท์,ซ.จรัญสนิทวงศ์ 32,บางขุนนนท์,ซ.จรัญสนิทวงศ์ 32
บางขุนนนท์,ช.จรัญสนิทวงศ์ 32,บางขุนนนท์,ช.จรัญสนิทวงศ์ 32
ปากซอยอ่อนนุช 69,อ่อนนุช,ปากซอยอ่อนนุช 69,อ่อนนุช
อ่อนนุช 86(ทางเข้าโรงขยะอ่อนช),ซ.อ่อนนุช 86,อ่อนนุช 86(ทางเข้าโรงขยะอ่อนช),ซ.อ่อนนุช 86
อ่อนนุช 86(ทางเข้าโรงขยะอ่อนช),อ่อนนุช,อ่อนนุช 86(ทางเข้าโรงขยะอ่อนช),อ่อนนุช
YMCA,ศาลาแดง,YMCA,ศาลาแดง
YMCA,สาทร,YMCA,สาทร
เกษมราษฎร์,เกษมราษฎร์,เกษมราษฎร์,เกษมราษฎร์
เกษมราษฎร์,ซ.อารีย์,เกษมราษฎร์,ซ.อารีย์
เกษมราษฎร์,พระรามที่ 4,เกษมราษฎร์,พระรามที่ 4
หัวลำโพง,มหาพฤฒาราม,หัวลำโพง,มหาพฤฒาราม
หัวลำโพง,พระรามที่ 4,หัวลำโพง,พระรามที่ 4
อุณากรรณ,อุณากรรณ,อุณากรรณ,อุณากรรณ
อุณากรรณ,เจริญกรุง,อุณากรรณ,เจริญกรุง
โพธิสามต้น,อิสรภาพ,โพธิสามต้น,อิสรภาพ
โพธิสามต้น,วังเดิม,โพธิสามต้น,วังเดิม
บุคคโล,เจริญนคร,บุคคโล,เจริญนคร
บุคคโล,มไหสวรรย์,บุคคโล,มไหสวรรย์
นวมินทร์ - แฮปปีแลนด์,นวมินทร์,นวมินทร์ - แฮปปีแลนด์,นวมินทร์
นวมินทร์ - แฮปปีแลนด์,แฮปปี้แลนด์,นวมินทร์ - แฮปปีแลนด์,แฮปปี้แลนด์
กษัตริย์ศึก,กรุงเกษม,กษัตริย์ศึก,กรุงเกษม
กษัตริย์ศึก,บำรุงเมือง,กษัตริย์ศึก,บำรุงเมือง
ทางช้ามปากซอยตากสิน 17 - 18,สมเด็จพระเจ้าตากสิน,ทางช้ามปากซอยตากสิน 17 - 18,สมเด็จพระเจ้าตากสิน
สุทธิสาร,รัชดาภิเษก,สุทธิสาร,รัชดาภิเษก
สุทธิสาร,สุทธิสารวินิจฉัย,สุทธิสาร,สุทธิสารวินิจฉัย
รัชดาภิเษก - ลาดพร้าว,รัชดาภิเษก,รัชดาภิเษก - ลาดพร้าว,รัชดาภิเษก
รัชดาภิเษก - ลาดพร้าว,ลาดพร้าว,รัชดาภิเษก - ลาดพร้าว,ลาดพร้าว
ประชานิเวศน์,ประชาชื่น,ประชานิเวศน์,ประชาชื่น
ประชานิเวศน์,เทศบาลสงเคราะห์,ประชานิเวศน์,เทศบาลสงเคราะห์
สวรรคโลก,สวรรคโลก,สวรรคโลก,สวรรคโลก
สวรรคโลก,สุโขทัย,สวรรคโลก,สุโขทัย
สุคันธาราม,พระรามที่ 5,สุคันธาราม,พระรามที่ 5
สุคันธาราม,สุคันธาราม,สุคันธาราม,สุคันธาราม
ถนนตก,เจริญกรุง,ถนนตก,เจริญกรุง
ถนนตก,พระรามที่ 3,ถนนตก,พระรามที่ 3
ทางข้ามหน้าชุมชนน้องใหม่,อาจณรงค์,ทางข้ามหน้าชุมชนน้องใหม่,อาจณรงค์
มหาวิทยาลัยกรุงเทพ,ซ.มหาวิทยาลัยกรุงเทพ,มหาวิทยาลัยกรุงเทพ,ซ.มหาวิทยาลัยกรุงเทพ
มหาวิทยาลัยกรุงเทพ,พระรามที่ 4,มหาวิทยาลัยกรุงเทพ,พระรามที่ 4
มหาวิทยาลัยกรุงเทพ,ซ.บ้านกล้วยใต้ (สุขุมวิท42),มหาวิทยาลัยกรุงเทพ,ซ.บ้านกล้วยใต้ (สุขุมวิท42)
ทางข้ามหน้าเมเจอร์อเวนิว และธนาคารไทยพาณิชย์,สุโขทัย,ทางข้ามหน้าเมเจอร์อเวนิว และธนาคารไทยพาณิชย์,สุโขทัย
ทางข้ามปากซอยอ่อนนุช 65,อ่อนนุช,ทางข้ามปากซอยอ่อนนุช 65,อ่อนนุช
ประเวศ,เฉลิมพระเกียรติ,ประเวศ,เฉลิมพระเกียรติ
ประเวศ,อ่อนนุช,ประเวศ,อ่อนนุช
บางขุนพรหม,สามเสน,บางขุนพรหม,สามเสน
บางขุนพรหม,วิสุทธิกษัตริย์,บางขุนพรหม,วิสุทธิกษัตริย์
สวนรื่นฤดี,ราชสีมา,สวนรื่นฤดี,ราชสีมา
สวนรื่นฤดี,สุโขทัย,สวนรื่นฤดี,สุโขทัย
ก.ม. 8,นวมินทร์,ก.ม. 8,นวมินทร์
ก.ม. 8,ซ.รามอินทรา 73,ก.ม. 8,ซ.รามอินทรา 73
ก.ม. 8,รามอินทรา,ก.ม. 8,รามอินทรา
พัฒนาการ,ศรีนครินทร์,พัฒนาการ,ศรีนครินทร์
พัฒนาการ,พัฒนาการ,พัฒนาการ,พัฒนาการ
วัดประชา,พระรามที่ 5,วัดประชา,พระรามที่ 5
วัดประชา,วัดประชาระบือธรรม,วัดประชา,วัดประชาระบือธรรม
วัดประชา,ซ. ระนอง 1,วัดประชา,ซ. ระนอง 1
คลองตัน,สุขุมวิท 71,คลองตัน,สุขุมวิท 71
คลองตัน,รามคำแหง,คลองตัน,รามคำแหง
คลองตัน,เพชรบุรี,คลองตัน,เพชรบุรี
คลองตัน,พัฒนาการ,คลองตัน,พัฒนาการ
ไต้ด่วนดินแดง,เลียบใต้ทางด่วน,ไต้ด่วนดินแดง,เลียบใต้ทางด่วน
ไต้ด่วนดินแดง,วิภาวดีรังสิต,ไต้ด่วนดินแดง,วิภาวดีรังสิต
ไต้ด่วนดินแดง,อโศกดินแดง,ไต้ด่วนดินแดง,อโศกดินแดง
ทางข้ามหน้าเซนทรัลเฟสติวัลอีวิลล์,ประดิษฐ์มนูธรรม,ทางข้ามหน้าเซนทรัลเฟสติวัลอีวิลล์,ประดิษฐ์มนูธรรม
ประดิษฐ์มนูธรรม,ประดิษฐ์มนูธรรม,ประดิษฐ์มนูธรรม,ประดิษฐ์มนูธรรม
ประดิษฐ์มนูธรรม,สังคมสงเคราะห์,ประดิษฐ์มนูธรรม,สังคมสงเคราะห์
ราชดำริ,ราชดำริ,ราชดำริ,ราชดำริ
ราชดำริ,สารสิน,ราชดำริ,สารสิน
กรมศุลกากร,เกษมราษฎร์,กรมศุลกากร,เกษมราษฎร์
กรมศุลกากร,สุนทรโกษา,กรมศุลกากร,สุนทรโกษา
กรมศุลกากร,อาจณรงค์,กรมศุลกากร,อาจณรงค์
ดาวคะนอง,สมเด็จพระเจ้าตากสิน,ดาวคะนอง,สมเด็จพระเจ้าตากสิน
ดาวคะนอง,จอมทอง,ดาวคะนอง,จอมทอง
ปากซอยสมเด็จพระเจ้าตากสิน 15,สมเด็จพระเจ้าตากสิน,ปากซอยสมเด็จพระเจ้าตากสิน 15,สมเด็จพระเจ้าตากสิน
เพชรบุรี- ชิดลม,เพชรบุรี,เพชรบุรี- ชิดลม,เพชรบุรี
ทางข้ามบริเวณหน้าตึกอรกานต์,ชิดลม,ทางข้ามบริเวณหน้าตึกอรกานต์,ชิดลม
ปากซอยวัดเพลง,พรานนก - พุทธมณฑลสาย 4,ปากซอยวัดเพลง,พรานนก - พุทธมณฑลสาย 4
ทางข้ามปากซอยวัดเทพพล,พรานนก - พุทธมณฑลสาย 4,ทางข้ามปากซอยวัดเทพพล,พรานนก - พุทธมณฑลสาย 4
ปากซอยวัดปากน้า -วัดแก้ว,พรานนก - พุทธมณฑลสาย 4,ปากซอยวัดปากน้า -วัดแก้ว,พรานนก - พุทธมณฑลสาย 4
ทางขึ้นทางด่วนจตุรโชติ,เลียบทางด่วน,ทางขึ้นทางด่วนจตุรโชติ,เลียบทางด่วน
ทางขึ้นทางด่วนจตุรโชติ,เลียบด่วนอาจณรงค์ รามอินทรา,ทางขึ้นทางด่วนจตุรโชติ,เลียบด่วนอาจณรงค์ รามอินทรา
ทางลงทางด่วนจตุรโชติ,เลียบด่วน,ทางลงทางด่วนจตุรโชติ,เลียบด่วน
ทางลงทางด่วนจตุรโชติ,ทางลงทางด่วน,ทางลงทางด่วนจตุรโชติ,ทางลงทางด่วน
นราธิวาส -สุรวงศ์,นราธิวาส,นราธิวาส -สุรวงศ์,นราธิวาส
นราธิวาส -สุรวงศ์,สุรวงศ์,นราธิวาส -สุรวงศ์,สุรวงศ์
เจริญราษฎร์,เจริญราษฎร์,เจริญราษฎร์,เจริญราษฎร์
เจริญราษฎร์,พระรามที่ 3,เจริญราษฎร์,พระรามที่ 3
คลองสาน,เจริญนคร,คลองสาน,เจริญนคร
คลองสาน,สมเด็จเจ้าพระยา,คลองสาน,สมเด็จเจ้าพระยา
คลองสาน,ลาดหญ้า,คลองสาน,ลาดหญ้า
สีลม - นราธิวาส,นราธิวาสราชนครินทร์,สีลม - นราธิวาส,นราธิวาสราชนครินทร์
สีลม - นราธิวาส,สีลม,สีลม - นราธิวาส,สีลม
อำนวยสงคราม - ร่วมจิตต์,ร่วมจิตต์,อำนวยสงคราม - ร่วมจิตต์,ร่วมจิตต์
อำนวยสงคราม - ร่วมจิตต์,อำนวยสงคราม,อำนวยสงคราม - ร่วมจิตต์,อำนวยสงคราม
ทางข้ามหน้าโรงเรียนประชาบำรุง,เลียบคลองภาษีเจริญฝั่งเหนือ,ทางข้ามหน้าโรงเรียนประชาบำรุง,เลียบคลองภาษีเจริญฝั่งเหนือ
หน้าศูนย์สาธารณสุข 48,เลียบคลองภาษีเจริญฝั่งเหนือ,หน้าศูนย์สาธารณสุข 48,เลียบคลองภาษีเจริญฝั่งเหนือ
อินทาบัจ 13 - เพชรเกษม 63,ซอยเพชรเกษม 63,อินทาบัจ 13 - เพชรเกษม 63,ซอยเพชรเกษม 63
อินทาบัจ 13 - เพชรเกษม 63,ซอยอินทาปัจ 13,อินทาบัจ 13 - เพชรเกษม 63,ซอยอินทาปัจ 13
ข้ามหน้าโรงเรียนมัธยมวัดบึงทองห,ลาดพร้าว 101,ข้ามหน้าโรงเรียนมัธยมวัดบึงทองห,ลาดพร้าว 101
ลาดพร้าว 101,ซอยลาดพร้าว 128/1,ลาดพร้าว 101,ซอยลาดพร้าว 128/1
ลาดพร้าว 101,ซอยลาดพร้าว 101,ลาดพร้าว 101,ซอยลาดพร้าว 101
ลาดพร้าว 101,ลาดพร้าว,ลาดพร้าว 101,ลาดพร้าว
ทางข้ามหน้าโรงเรียนวังเด็ก,สุขุมวิท 77,ทางข้ามหน้าโรงเรียนวังเด็ก,สุขุมวิท 77
โรงพยาบาลสิรินธร,สุขาภิบาล 2,โรงพยาบาลสิรินธร,สุขาภิบาล 2
โรงพยาบาลสิรินธร,อ่อนนุช,โรงพยาบาลสิรินธร,อ่อนนุช
สุโขทัย,พระรามที่ 5,สุโขทัย,พระรามที่ 5
สุโขทัย,สุโขทัย,สุโขทัย,สุโขทัย
เทียมร่วมมิตร,รัชดาภิเษก,เทียมร่วมมิตร,รัชดาภิเษก
เทียมร่วมมิตร,เทียมร่วมมิตร,เทียมร่วมมิตร,เทียมร่วมมิตร
นวลจันทร์,ซอยรามอินทรา 40,นวลจันทร์,ซอยรามอินทรา 40
นวลจันทร์,รามอินทรา,นวลจันทร์,รามอินทรา
เฉลิมพระเกียรติ ร.9 ซ.65,เฉลิมพระเกียรติ ร.9,เฉลิมพระเกียรติ ร.9 ซ.65,เฉลิมพระเกียรติ ร.9
พัฒนาการ - ซอยพัฒนาการ 53,ซอยพัฒนาการ 53,พัฒนาการ - ซอยพัฒนาการ 53,ซอยพัฒนาการ 53
พัฒนาการ - ซอยพัฒนาการ 53,พัฒนาการ,พัฒนาการ - ซอยพัฒนาการ 53,พัฒนาการ
บางยี่เรือ,เทอดไท,บางยี่เรือ,เทอดไท
บางยี่เรือ,เพชรเกษม,บางยี่เรือ,เพชรเกษม
บางยี่เรือ,อินทรพิทักษ์,บางยี่เรือ,อินทรพิทักษ์
สามเหลี่ยมดินแดง,ราชปรารภ,สามเหลี่ยมดินแดง,ราชปรารภ
สามเหลี่ยมดินแดง,ซ.อรรถวิมล,สามเหลี่ยมดินแดง,ซ.อรรถวิมล
สามเหลี่ยมดินแดง,ราชวิถี,สามเหลี่ยมดินแดง,ราชวิถี
สามเหลี่ยมดินแดง,ดินแดง,สามเหลี่ยมดินแดง,ดินแดง
ทางข้ามหน้าธนาคารกรุงศรีฯ สาขาจอมทอง,เอกชัย,ทางข้ามหน้าธนาคารกรุงศรีฯ สาขาจอมทอง,เอกชัย
โรงพยาบาลกลาง,เสือป่า,โรงพยาบาลกลาง,เสือป่า
โรงพยาบาลกลาง,ยุคล 2,โรงพยาบาลกลาง,ยุคล 2
โรงพยาบาลกลาง,หลวง,โรงพยาบาลกลาง,หลวง
ทางข้ามบริเวณซอยอุดมสุข 37,อุดมสุข,ทางข้ามบริเวณซอยอุดมสุข 37,อุดมสุข
ทางข้ามหน้าสถานีโทรทัศน์กองทัพบก ช่อง 5,พหลโยธิน,ทางข้ามหน้าสถานีโทรทัศน์กองทัพบก ช่อง 5,พหลโยธิน
วิสุทธิกษัตริย์,ประชาธิปไตย,วิสุทธิกษัตริย์,ประชาธิปไตย
วิสุทธิกษัตริย์,วิสุทธิกษัตริย์,วิสุทธิกษัตริย์,วิสุทธิกษัตริย์
สาธุประดิษฐ์,สาธุประดิษฐ์,สาธุประดิษฐ์,สาธุประดิษฐ์
สาธุประดิษฐ์,พระรามที่ 3,สาธุประดิษฐ์,พระรามที่ 3
ศิครินทร์,ศิครินทร์,ศิครินทร์,ศิครินทร์
ศิครินทร์,สุขุมวิท 105,ศิครินทร์,สุขุมวิท 105
เจริญนครเหนือ,เจริญนครเหนือ,เจริญนครเหนือ,เจริญนครเหนือ
เจริญนครเหนือ,กรุงธนบุรี,เจริญนครเหนือ,กรุงธนบุรี
แม้นศรี,วรจักร,แม้นศรี,วรจักร
แม้นศรี,จักพรรดิพงษ์,แม้นศรี,จักพรรดิพงษ์
แม้นศรี,บำรุงเมือง,แม้นศรี,บำรุงเมือง
พุทธมณฑลสาย 2,ซ.เพชรเกษม 55,พุทธมณฑลสาย 2,ซ.เพชรเกษม 55
พุทธมณฑลสาย 2,พุทธมณฑลสาย 2,พุทธมณฑลสาย 2,พุทธมณฑลสาย 2
พุทธมณฑลสาย 2,เพชรเกษม,พุทธมณฑลสาย 2,เพชรเกษม
รัชดา - ราชพฤกษ์,รัชดาภิเษก,รัชดา - ราชพฤกษ์,รัชดาภิเษก
รัชดา - ราชพฤกษ์,ราชพฤกษ์,รัชดา - ราชพฤกษ์,ราชพฤกษ์
ท่าดินแดง,ท่าดินแดง,ท่าดินแดง,ท่าดินแดง
ท่าดินแดง,สมเด็จเจ้าพระยา,ท่าดินแดง,สมเด็จเจ้าพระยา
สุทธิสาร -วิภาวดีรังสิต,วิภาวดีรังสิต,สุทธิสาร -วิภาวดีรังสิต,วิภาวดีรังสิต
สุทธิสาร -วิภาวดีรังสิต,สุทธิสาร,สุทธิสาร -วิภาวดีรังสิต,สุทธิสาร
ลำสาลี,ศรีนครินทร์,ลำสาลี,ศรีนครินทร์
ลำสาลี,รามคำแหง,ลำสาลี,รามคำแหง
หลักสี่,กำแพงเพชร 6,หลักสี่,กำแพงเพชร 6
หลักสี่,แจ้งวัฒนะ,หลักสี่,แจ้งวัฒนะ
ประชาเกษม,ประชาธิปไตย,ประชาเกษม,ประชาธิปไตย
ประชาเกษม,นครราชสีมา,ประชาเกษม,นครราชสีมา
ประชาเกษม,กรุงเกษม,ประชาเกษม,กรุงเกษม
ทางข้ามหน้าปากซอยนามบัญญัติ,ประชาธิปไตย,ทางข้ามหน้าปากซอยนามบัญญัติ,ประชาธิปไตย
เกตุนุช,ซ.ลาดพร้าว 64,เกตุนุช,ซ.ลาดพร้าว 64
เกตุนุช,ลาดพร้าว,เกตุนุช,ลาดพร้าว
ปทุมวัน,พญาไท,ปทุมวัน,พญาไท
ปทุมวัน,พระรามที่ 1,ปทุมวัน,พระรามที่ 1
ประชาราษฎร์สาย 1,ประชาราษฎร์สาย 1,ประชาราษฎร์สาย 1,ประชาราษฎร์สาย 1
ประชาราษฎร์สาย 1,วงศ์สว่าง,ประชาราษฎร์สาย 1,วงศ์สว่าง
บางแวก - เพชรเกษม 48 (บางแวก 69),ซ.เพชรเกษม 48 (บางแวก 69),บางแวก - เพชรเกษม 48 (บางแวก 69),ซ.เพชรเกษม 48 (บางแวก 69)
บางแวก - เพชรเกษม 48 (บางแวก 69),บางแวก,บางแวก - เพชรเกษม 48 (บางแวก 69),บางแวก
สะพานอ่อน,บรรทัดทอง,สะพานอ่อน,บรรทัดทอง
สะพานอ่อน,เจริญเมือง,สะพานอ่อน,เจริญเมือง
บางพลัด,จรัญสนิทวงศ์,บางพลัด,จรัญสนิทวงศ์
บางพลัด,สิรินธร,บางพลัด,สิรินธร
บางพลัด,ราชวิถี,บางพลัด,ราชวิถี
ท่าพระ,รัชดาภิเษก,ท่าพระ,รัชดาภิเษก
ท่าพระ,จรัญสนิทวงศ์,ท่าพระ,จรัญสนิทวงศ์
ท่าพระ,เพชรเกษม,ท่าพระ,เพชรเกษม
ประชาอุทิศ,ประชาอุทิศ,ประชาอุทิศ,ประชาอุทิศ
ประชาอุทิศ,สุขสวัสดิ์,ประชาอุทิศ,สุขสวัสดิ์
วัชดาภิเษก 32 -รัชดาภิเษก 36,ซ.รัชดาภิเษก 36,วัชดาภิเษก 32 -รัชดาภิเษก 36,ซ.รัชดาภิเษก 36
วัชดาภิเษก 32 -รัชดาภิเษก 36,ซ.รัชดาภิเษก 32 แยก 3 แยก 19,วัชดาภิเษก 32 -รัชดาภิเษก 36,ซ.รัชดาภิเษก 32 แยก 3 แยก 19
หมอมี,พระรามที่ 4,หมอมี,พระรามที่ 4
หมอมี,เจริญกรุง,หมอมี,เจริญกรุง
หมอมี,มิตรพันธ์,หมอมี,มิตรพันธ์
ทางข้ามหน้าโรงเรียนสายปัญญา,กรุงเกษม,ทางข้ามหน้าโรงเรียนสายปัญญา,กรุงเกษม
ทางข้ามถนนเลียบคลองผดุงกรุงเกษม,เลียบคลองผดุงกรุงเกษม,ทางข้ามถนนเลียบคลองผดุงกรุงเกษม,เลียบคลองผดุงกรุงเกษม
สาธุ - จันทน์,สาธุประดิษฐ์,สาธุ - จันทน์,สาธุประดิษฐ์
สาธุ - จันทน์,จันทน์,สาธุ - จันทน์,จันทน์
หมู่บ้านสหกรณ์,ทางเข้าหมู่บ้านสหกรณ์ ,หมู่บ้านสหกรณ์,ทางเข้าหมู่บ้านสหกรณ์
หมู่บ้านสหกรณ์,เสรีไทย,หมู่บ้านสหกรณ์,เสรีไทย
เจริญนครใต้,เจริญนคร,เจริญนครใต้,เจริญนคร
เจริญนครใต้,กรุงธนบุรี,เจริญนครใต้,กรุงธนบุรี
สาธุประดิษฐ์- ยานนาวา,สาธุประดิษฐ์,สาธุประดิษฐ์- ยานนาวา,สาธุประดิษฐ์
สาธุประดิษฐ์- ยานนาวา,ยานนาวาว,สาธุประดิษฐ์- ยานนาวา,ยานนาวาว
ทางข้ามปากซอยอ่อนนุช 74/3 ,อ่อนนุช,ทางข้ามปากซอยอ่อนนุช 74/3,อ่อนนุช
สุขาภิบาล 2 - คู่ขนานวงแหวนกาญจนาภิเษก,สุขาภิบาล 2,สุขาภิบาล 2 - คู่ขนานวงแหวนกาญจนาภิเษก,สุขาภิบาล 2
สุขาภิบาล 2 - คู่ขนานวงแหวนกาญจนาภิเษก,วงแหวนกาญจนาภิเษก,สุขาภิบาล 2 - คู่ขนานวงแหวนกาญจนาภิเษก,วงแหวนกาญจนาภิเษก
ทางข้ามหน้าโรงเรียนวัดมหรรณพาราม,ตะนาว,ทางข้ามหน้าโรงเรียนวัดมหรรณพาราม,ตะนาว
อนุสาวสรีย์ประชาธิปไตย (ขาเข้า),ดินสอ,อนุสาวสรีย์ประชาธิปไตย (ขาเข้า),ดินสอ
อนุสาวสรีย์ประชาธิปไตย (ขาเข้า),ราชดำเนินกลาง,อนุสาวสรีย์ประชาธิปไตย (ขาเข้า),ราชดำเนินกลาง
อนุสาวสรีย์ประชาธิปไตย (ขาออก),ดินสอ,อนุสาวสรีย์ประชาธิปไตย (ขาออก),ดินสอ
อนุสาวสรีย์ประชาธิปไตย (ขาออก),ราชดำเนินกลาง,อนุสาวสรีย์ประชาธิปไตย (ขาออก),ราชดำเนินกลาง
เฉลิมเผ่า,อังรีดูนังต์,เฉลิมเผ่า,อังรีดูนังต์
เฉลิมเผ่า,พระรามที่ 1,เฉลิมเผ่า,พระรามที่ 1
ชิดลม,ซ.ชิดลม,ชิดลม,ซ.ชิดลม
ชิดลม,เพลินจิต,ชิดลม,เพลินจิต
ประตูน้ำ,ราชดำริ,ประตูน้ำ,ราชดำริ
ประตูน้ำ,ราชปรารภ,ประตูน้ำ,ราชปรารภ
ประตูน้ำ,เพชรบุรี,ประตูน้ำ,เพชรบุรี
มัยลาภ,ซ.รามอยินทรา 14 (ซ.มัยลาภ ),มัยลาภ,ซ.รามอยินทรา 14 (ซ.มัยลาภ )
มัยลาภ,รามอินทรา,มัยลาภ,รามอินทรา
ตากสิน,สมเด็จพระเจ้าตากสิน,ตากสิน,สมเด็จพระเจ้าตากสิน
ตากสิน,ราชพฤกษ์,ตากสิน,ราชพฤกษ์
ตากสิน,กรุงธนบุรี,ตากสิน,กรุงธนบุรี
โพธิ์แก้ว,นวมินทร์,โพธิ์แก้ว,นวมินทร์
โพธิ์แก้ว,โพธิ์แก้ว,โพธิ์แก้ว,โพธิ์แก้ว
โพธิ์แก้ว,ทางเข้าวัดบางเตย,โพธิ์แก้ว,ทางเข้าวัดบางเตย
ปากซอยลาดกระบัง 1,ซ.ลาดกระบัง 1,ปากซอยลาดกระบัง 1,ซ.ลาดกระบัง 1
ปากซอยลาดกระบัง 1,ลาดกระบัง,ปากซอยลาดกระบัง 1,ลาดกระบัง
จุดกลับรถหน้าโชว์รูมฟอรด์ใกล้ชอยลาดกระบัง1/5,ลาดกระบัง,จุดกลับรถหน้าโชว์รูมฟอรด์ใกล้ชอยลาดกระบัง1/5,ลาดกระบัง
มิตรไมตรี - มิตรไมตรี 2,มิตรไมตรี,มิตรไมตรี - มิตรไมตรี 2,มิตรไมตรี
มิตรไมตรี - มิตรไมตรี 2,มิตรไมตรี 2,มิตรไมตรี - มิตรไมตรี 2,มิตรไมตรี 2
วงเวียนใหญ่ (ขาเข้า),สมเด็จพระเจ้าตากสิน,วงเวียนใหญ่ (ขาเข้า),สมเด็จพระเจ้าตากสิน
วงเวียนใหญ่ (ขาเข้า),ประชาธิปก,วงเวียนใหญ่ (ขาเข้า),ประชาธิปก
วงเวียนใหญ่ (ขาเข้า),อินทรพิทักษ์,วงเวียนใหญ่ (ขาเข้า),อินทรพิทักษ์
วงเวียนใหญ่ (ขาเข้า),ลาดหญ้า,วงเวียนใหญ่ (ขาเข้า),ลาดหญ้า
วงเวียนใหญ่ (ขาออก),สมเด็จพระเจ้าตากสิน,วงเวียนใหญ่ (ขาออก),สมเด็จพระเจ้าตากสิน
วงเวียนใหญ่ (ขาออก),ประชาธิปก,วงเวียนใหญ่ (ขาออก),ประชาธิปก
วงเวียนใหญ่ (ขาออก),อินทรพิทักษ์,วงเวียนใหญ่ (ขาออก),อินทรพิทักษ์
วงเวียนใหญ่ (ขาออก),ลาดหญ้า,วงเวียนใหญ่ (ขาออก),ลาดหญ้า
มไหสวรรย์,สมเด็จพระเจ้าตากสิน,มไหสวรรย์,สมเด็จพระเจ้าตากสิน
มไหสวรรย์,รัชดาภิเษก,มไหสวรรย์,รัชดาภิเษก
มไหสวรรย์,มไหสวรรย์,มไหสวรรย์,มไหสวรรย์
หทัยราษฎร์ - ซอยไทยรามัญ,หทัยราษฎร์,หทัยราษฎร์ - ซอยไทยรามัญ,หทัยราษฎร์
หทัยราษฎร์ - เลียบคลองสอง,หทัยราษฎร์,หทัยราษฎร์ - เลียบคลองสอง,หทัยราษฎร์
หทัยราษฎร์ - เลียบคลองสอง,เลียบคลองสอง,หทัยราษฎร์ - เลียบคลองสอง,เลียบคลองสอง
เพชรเกษม - เพชรเกษม 4,เพชรเกษม,เพชรเกษม - เพชรเกษม 4,เพชรเกษม
พาณิชยการธนบุรี,จรัญสนิทวงศ์,พาณิชยการธนบุรี,จรัญสนิทวงศ์
พาณิชยการธนบุรี,ซอยจรัญสนิทวงศ์ 13,พาณิชยการธนบุรี,ซอยจรัญสนิทวงศ์ 13
คนข้ามบริเวณหมู่บ้านมณฑล 3,พุทธมณฑลสาย 3,คนข้ามบริเวณหมู่บ้านมณฑล 3,พุทธมณฑลสาย 3
พุทธมณฑลสาย 3,พุทธมณฑลสาย 3,พุทธมณฑลสาย 3,พุทธมณฑลสาย 3
พุทธมณฑลสาย 3,เพชรเกษม,พุทธมณฑลสาย 3,เพชรเกษม
ทางข้ามหน้าโรงเรียนโยธินบูรณะ,ประชาราษฎร์สาย 1,ทางข้ามหน้าโรงเรียนโยธินบูรณะ,ประชาราษฎร์สาย 1
ทางข้ามหน้าโรงเรียนโยธินบูรณะ,ประชาราษฎร์สาย 2,ทางข้ามหน้าโรงเรียนโยธินบูรณะ,ประชาราษฎร์สาย 2
ทางข้ามหน้าโรงเรียนโยธินบูรณะ,ประชาราษฎร์สาย 3,ทางข้ามหน้าโรงเรียนโยธินบูรณะ,ประชาราษฎร์สาย 3
เตาปูน,ประชาราษฎร์,เตาปูน,ประชาราษฎร์
เตาปูน,ประชาราษฎร์สาย 2,เตาปูน,ประชาราษฎร์สาย 2
ทางข้ามหน้าปากซอยเฉลิมพระเกียรติ43,เฉลิมพระเกียรติ ร.9,ทางข้ามหน้าปากซอยเฉลิมพระเกียรติ43,เฉลิมพระเกียรติ ร.9
พัฒนาการ - เฉลิมพระเกียรติ ร.9,เฉลิมพระเกียรติ ร.9,พัฒนาการ - เฉลิมพระเกียรติ ร.9,เฉลิมพระเกียรติ ร.9
พัฒนาการ - เฉลิมพระเกียรติ ร.9,ทางเข้าหมู่บ้าน,พัฒนาการ - เฉลิมพระเกียรติ ร.9,ทางเข้าหมู่บ้าน
พัฒนาการ - เฉลิมพระเกียรติ ร.9,พัฒนาการ,พัฒนาการ - เฉลิมพระเกียรติ ร.9,พัฒนาการ
จุดกลับรถก่อนถึงทางเข้าหน้าวัดหนองผักชี (ใกล้ชุมชนระเบียงทอง3),รัตนโกสินทร์สมโภชน์,จุดกลับรถก่อนถึงทางเข้าหน้าวัดหนองผักชี (ใกล้ชุมชนระเบียงทอง3),รัตนโกสินทร์สมโภชน์
จุดกลับรถหน้าวัดหนองผักชี,รัตนโกสินทร์สมโภชน์,จุดกลับรถหน้าวัดหนองผักชี,รัตนโกสินทร์สมโภชน์
สะพานแดง,พระรามที่ 5,สะพานแดง,พระรามที่ 5
สะพานแดง,เตชะวณิช,สะพานแดง,เตชะวณิช
สะพานแดง,ทหาร,สะพานแดง,ทหาร
สะพานแดง,ประดิพัทธ์,สะพานแดง,ประดิพัทธ์
กำแพงเพชร,พหลโยธิน,กำแพงเพชร,พหลโยธิน
กำแพงเพชร,กำแพงเพชร,กำแพงเพชร,กำแพงเพชร
กำแพงเพชร,ซอนพหลโยธิน 18,กำแพงเพชร,ซอนพหลโยธิน 18
นพวงศ์,มิตรพันธ์,นพวงศ์,มิตรพันธ์
นพวงศ์,กรุงเกษม,นพวงศ์,กรุงเกษม
นพวงศ์,หลวง,นพวงศ์,หลวง
พระรามที่2 - แสมดำ,แสมดำ,พระรามที่2 - แสมดำ,แสมดำ
พระรามที่2 - แสมดำ,พระรามที่ 2,พระรามที่2 - แสมดำ,พระรามที่ 2
แสมดำ- ซอยแสมดำ 24,แสมดำ,แสมดำ- ซอยแสมดำ 24,แสมดำ
แสมดำ- ซอยแสมดำ 24,ซอยแสมดำ 24,แสมดำ- ซอยแสมดำ 24,ซอยแสมดำ 24
ถนนทวีวัฒนา - ซอยศาลาธรรมสพน์,ทวีวัฒนา,ถนนทวีวัฒนา - ซอยศาลาธรรมสพน์,ทวีวัฒนา
ถนนทวีวัฒนา - ซอยศาลาธรรมสพน์,ซอยศาลาธรรมสพน์,ถนนทวีวัฒนา - ซอยศาลาธรรมสพน์,ซอยศาลาธรรมสพน์
ถนนพุทธสาย 3 - ซอยศาลาธรรมสพน์,พุทธมณฑลสาย 3,ถนนพุทธสาย 3 - ซอยศาลาธรรมสพน์,พุทธมณฑลสาย 3
ถนนพุทธสาย 3 - ซอยศาลาธรรมสพน์,ซอยศาลาธรรมสพน์,ถนนพุทธสาย 3 - ซอยศาลาธรรมสพน์,ซอยศาลาธรรมสพน์
ถนนพุทธสาย 2- ซอยศาลาธรรมสพน์,พุทธมณฑลสาย 2,ถนนพุทธสาย 2- ซอยศาลาธรรมสพน์,พุทธมณฑลสาย 2
ถนนพุทธสาย 2- ซอยศาลาธรรมสพน์,ซอยศาลาธรรมสพน์,ถนนพุทธสาย 2- ซอยศาลาธรรมสพน์,ซอยศาลาธรรมสพน์
ร่มเกล้า,ร่มเกล้า,ร่มเกล้า,ร่มเกล้า
ร่มเกล้า,รามคำแหง,ร่มเกล้า,รามคำแหง
ทุ่งครุ,ประชาอุทิศ,ทุ่งครุ,ประชาอุทิศ
ทุ่งครุ,ครุใน,ทุ่งครุ,ครุใน
เกษะโกมล,พระรามที่ 5,เกษะโกมล,พระรามที่ 5
เกษะโกมล,อำนวยสงคราม,เกษะโกมล,อำนวยสงคราม
เกษะโกมล,เศรษฐศิริ,เกษะโกมล,เศรษฐศิริ
ปากซอยสรงประภา 24,สรงประภา,ปากซอยสรงประภา 24,สรงประภา
สรงประภา - นาวงค์ประชาพัฒนา,นาวงค์ประชาพัฒนา,สรงประภา - นาวงค์ประชาพัฒนา,นาวงค์ประชาพัฒนา
สรงประภา - นาวงค์ประชาพัฒนา,สรงประภา,สรงประภา - นาวงค์ประชาพัฒนา,สรงประภา
ลาซาล,สุขุมวิท,ลาซาล,สุขุมวิท
ลาซาล,ซอยสุขุมวิท 105,ลาซาล,ซอยสุขุมวิท 105
ภาวนา,ซอยลาดพร้าว 44,ภาวนา,ซอยลาดพร้าว 44
ภาวนา,ซอยลาดพร้าว 37,ภาวนา,ซอยลาดพร้าว 37
ภาวนา,ซอยลาดพร้าว 41,ภาวนา,ซอยลาดพร้าว 41
ภาวนา,ลาดพร้าว,ภาวนา,ลาดพร้าว
ศรีย่าน,สามเสน,ศรีย่าน,สามเสน
ศรีย่าน,นครไชยศรี,ศรีย่าน,นครไชยศรี
คอกวัว,ตะนาว,คอกวัว,ตะนาว
คอกวัว,ราชดำเนินกลาง,คอกวัว,ราชดำเนินกลาง
พาณิชยการ,พระรามที่ 5,พาณิชยการ,พระรามที่ 5
พาณิชยการ,พิษณุโลก,พาณิชยการ,พิษณุโลก
หน้าตลาดประชานิเวศน์ 1,เทศบาลสงเคราะห์,หน้าตลาดประชานิเวศน์ 1,เทศบาลสงเคราะห์
ทางข้ามสุขุมวิท21 ซอย 1,อโศก,ทางข้ามสุขุมวิท21 ซอย 1,อโศก
ทางข้ามสุขุมวิท21 ซอย 3,อโศก,ทางข้ามสุขุมวิท21 ซอย 3,อโศก
ทางข้ามหน้าตึกจีเอ็มเอ็มแกรมมี,อโศก,ทางข้ามหน้าตึกจีเอ็มเอ็มแกรมมี,อโศก
ศูนย์วัฒนธรรม,วัฒนธรรม,ศูนย์วัฒนธรรม,วัฒนธรรม
ทางข้ามหน้ากรมส่งเสริมวัฒนธรรม,วัฒนธรรม,ทางข้ามหน้ากรมส่งเสริมวัฒนธรรม,วัฒนธรรม
ศาลาธรรมสพย์ 48,ศาลาธรรมสพน์ 33,ศาลาธรรมสพย์ 48,ศาลาธรรมสพน์ 33
ศาลาธรรมสพย์ 48,ศาลาธรรมสพน์ 48,ศาลาธรรมสพย์ 48,ศาลาธรรมสพน์ 48
ศาลาธรรมสพย์ 48,ศาลาธรรมสพน์,ศาลาธรรมสพย์ 48,ศาลาธรรมสพน์
สีกั๊กพระยาศรี,บ้านหมอ,สีกั๊กพระยาศรี,บ้านหมอ
สีกั๊กพระยาศรี,เจริญกรุง,สีกั๊กพระยาศรี,เจริญกรุง
ทางข้ามทางข้ามหน้าโรงเรียนวัดราชบพิตร,สนามไชย,ทางข้ามทางข้ามหน้าโรงเรียนวัดราชบพิตร,สนามไชย
ลาดปลาเค้า,ลาดปลาเค้า,ลาดปลาเค้า,ลาดปลาเค้า
ลาดปลาเค้า,รามอินทรา,ลาดปลาเค้า,รามอินทรา
ราชวัตร,พระรามที่ 5,ราชวัตร,พระรามที่ 5
ราชวัตร,นครไชยศรี,ราชวัตร,นครไชยศรี
ลาดปฏลาเค้า,รามอินทรา,ลาดปฏลาเค้า,รามอินทรา
พุทธมณฑลสาย 1 - บางแวก,พุทธมณฑลสาย 1,พุทธมณฑลสาย 1 - บางแวก,พุทธมณฑลสาย 1
พุทธมณฑลสาย 1 - บางแวก,บางแวก,พุทธมณฑลสาย 1 - บางแวก,บางแวก
พุทธมณฑลสาย 1 - พรานนก - กาญจนาภิเษก,พุทธมณฑลสาย 1,พุทธมณฑลสาย 1 - พรานนก - กาญจนาภิเษก,พุทธมณฑลสาย 1
พุทธมณฑลสาย 1 - พรานนก - กาญจนาภิเษก,พรานนก - กาญจนาภิเษก,พุทธมณฑลสาย 1 - พรานนก - กาญจนาภิเษก,พรานนก - กาญจนาภิเษก
สรรพวุธ,ทางรถไฟสายปากน้ำ,สรรพวุธ,ทางรถไฟสายปากน้ำ
สรรพวุธ,สรรพวุธ,สรรพวุธ,สรรพวุธ
ทางข้ามหน้าสำนักงานตำรวจแห่งชาติ,พระรามที่ 1,ทางข้ามหน้าสำนักงานตำรวจแห่งชาติ,พระรามที่ 1
ราชประสงค์,ราชดำริ,ราชประสงค์,ราชดำริ
ราชประสงค์,พระรามที่ 1,ราชประสงค์,พระรามที่ 1
ราชประสงค์,เพลินจิต,ราชประสงค์,เพลินจิต
จันทน์ - เจริญราษฎร์,เจริญูราษฎร์,จันทน์ - เจริญราษฎร์,เจริญูราษฎร์
จันทน์ - เจริญราษฎร์,จันทน์,จันทน์ - เจริญราษฎร์,จันทน์
เทวกรรม,นครสวรรค์,เทวกรรม,นครสวรรค์
เทวกรรม,กรุงเกษม,เทวกรรม,กรุงเกษม
วัดสมียนนารี,กำแพงเพชร 6,วัดสมียนนารี,กำแพงเพชร 6
วัดสมียนนารี,ประชานิเวศน์,วัดสมียนนารี,ประชานิเวศน์
ประเสริฐมนูกิจ - ประดิษฐ์มนูธรรม,ประดิษฐ์มนูธรรม,ประเสริฐมนูกิจ - ประดิษฐ์มนูธรรม,ประดิษฐ์มนูธรรม
ประเสริฐมนูกิจ - ประดิษฐ์มนูธรรม,ประเสริฐมนูกิจ,ประเสริฐมนูกิจ - ประดิษฐ์มนูธรรม,ประเสริฐมนูกิจ
มิสทีน,ราษฎร์พัฒนา,มิสทีน,ราษฎร์พัฒนา
มิสทีน,รามคำแหง,มิสทีน,รามคำแหง
เศรษฐศิริ,เศรษฐศิริ,เศรษฐศิริ,เศรษฐศิริ
เศรษฐศิริ,เทอดดำริ,เศรษฐศิริ,เทอดดำริ
หมู่บ้านเศรษฐกิจ,ทางเข้าหมู่บ้านเศรษฐกิจ,หมู่บ้านเศรษฐกิจ,ทางเข้าหมู่บ้านเศรษฐกิจ
หมู่บ้านเศรษฐกิจ,เพชรเกษม,หมู่บ้านเศรษฐกิจ,เพชรเกษม
โรงพยาบาลทหารเรือ,สมเด็จพระเจ้าตากสิน,โรงพยาบาลทหารเรือ,สมเด็จพระเจ้าตากสิน
โรงพยาบาลทหารเรือ,ทางเข้ารพ.ทหารเรือ - ซ.สมเด็จพระเจ้าตากสิน 22,โรงพยาบาลทหารเรือ,ทางเข้ารพ.ทหารเรือ - ซ.สมเด็จพระเจ้าตากสิน 22
โรงพยาบาลทหารเรือ,ซ.สมเด็จพระเจ้าตากสิน 23,โรงพยาบาลทหารเรือ,ซ.สมเด็จพระเจ้าตากสิน 23
สังคมสงเคราะห์,ซ.สังคมสงเคราะห์เหนือ,สังคมสงเคราะห์,ซ.สังคมสงเคราะห์เหนือ
สังคมสงเคราะห์,สังคมสงเคราะห์,สังคมสงเคราะห์,สังคมสงเคราะห์
พระราม 9,รัชดาภิเษก,พระราม 9,รัชดาภิเษก
พระราม 9,อโศกดินแดง,พระราม 9,อโศกดินแดง
พระราม 9,พระราม 9,พระราม 9,พระราม 9
จักรพรรดิพงษ์,นครสวรรค์,จักรพรรดิพงษ์,นครสวรรค์
จักรพรรดิพงษ์,จักรพรรดิพงษ์,จักรพรรดิพงษ์,จักรพรรดิพงษ์
ตลาดพลู,รัชดาภิเษก,ตลาดพลู,รัชดาภิเษก
ตลาดพลู,เทอดไท,ตลาดพลู,เทอดไท
วงศ์สว่าง,กรุงเทพ - นนทบุรี,วงศ์สว่าง,กรุงเทพ - นนทบุรี
วงศ์สว่าง,วงศ์สว่าง,วงศ์สว่าง,วงศ์สว่าง
วงศ์สว่าง,รัชดาภิเษก,วงศ์สว่าง,รัชดาภิเษก
อ.ส.ม.ท.,เพชรอุทัย,อ.ส.ม.ท.,เพชรอุทัย
อ.ส.ม.ท.,พระราม 9 ซ. 7,อ.ส.ม.ท.,พระราม 9 ซ. 7
อ.ส.ม.ท.,พระราม 9,อ.ส.ม.ท.,พระราม 9
หลังสวน,หลังสวน,หลังสวน,หลังสวน
หลังสวน,สารสิน,หลังสวน,สารสิน
สะพานดำ,พระรามที่ 6,สะพานดำ,พระรามที่ 6
สะพานดำ,กำแพงเพชร 5,สะพานดำ,กำแพงเพชร 5
สะพานดำ,กำแพงเพชร,สะพานดำ,กำแพงเพชร
สารสิน-วิทยุ,วิทยุ,สารสิน-วิทยุ,วิทยุ
สารสิน-วิทยุ,สารสิน,สารสิน-วิทยุ,สารสิน
สารสิน-วิทยุ,ซ.ร่วมฤดี,สารสิน-วิทยุ,ซ.ร่วมฤดี
พิบูลสงคราม,ประชาราษฎร์สาย 1,พิบูลสงคราม,ประชาราษฎร์สาย 1
พิบูลสงคราม,พิบูลสงคราม,พิบูลสงคราม,พิบูลสงคราม
จันทน์- นราธิวาส,นราธิวาสราชนครินทร์,จันทน์- นราธิวาส,นราธิวาสราชนครินทร์
จันทน์- นราธิวาส ก.,นราธิวาสราชนครินทร์,จันทน์- นราธิวาส ก.,นราธิวาสราชนครินทร์
จันทน์- นราธิวาส ก.,จันทน์,จันทน์- นราธิวาส ก.,จันทน์
วัดสิงห์,ซอยเอกชัย 36,วัดสิงห์,ซอยเอกชัย 36
วัดสิงห์,เอกชัย,วัดสิงห์,เอกชัย
พระรามที่3- ยานนาวา,พระรามที่ 3,พระรามที่3- ยานนาวา,พระรามที่ 3
พระรามที่3- ยานนาวา,ยานนาวา,พระรามที่3- ยานนาวา,ยานนาวา
ปากซอยสังฆประชา,ฉลองกรุง,ปากซอยสังฆประชา,ฉลองกรุง
ปากซอยสังฆประชา,ซอยสังฆประชา,ปากซอยสังฆประชา,ซอยสังฆประชา
ปากซอยพัฒนาการ 51,พัฒนาการ,ปากซอยพัฒนาการ 51,พัฒนาการ
เฉลิมพระเกียรติ ร.9 ซอย 43,เฉลิมพระเกียรติ,เฉลิมพระเกียรติ ร.9 ซอย 43,เฉลิมพระเกียรติ
หนองระแหง 5-ไทยรามัญ,ซอยหนองระแหง,หนองระแหง 5-ไทยรามัญ,ซอยหนองระแหง
หนองระแหง 5-ไทยรามัญ,ซอยไทยรามัญ,หนองระแหง 5-ไทยรามัญ,ซอยไทยรามัญ
หน้าโรงพยาบาลจุฬาลงกรณ์,ราชดำริ,หน้าโรงพยาบาลจุฬาลงกรณ์,ราชดำริ
ใกล้แยกราชดำริ,ราชดำริ,ใกล้แยกราชดำริ,ราชดำริ
ใกล้สถานีรถไฟฟ้าราชดำริ,ราชดำริ,ใกล้สถานีรถไฟฟ้าราชดำริ,ราชดำริ
หน้าโรงพยาบาลตำรวจ,ราชดำริ,หน้าโรงพยาบาลตำรวจ,ราชดำริ
หน้าการไฟฟ้านครหลวงบางเขน,กำแพงเพชร 2,หน้าการไฟฟ้านครหลวงบางเขน,กำแพงเพชร 2
หน้าโครงการจตุจักรกรีน,กำแพงเพชร 3,หน้าโครงการจตุจักรกรีน,กำแพงเพชร 3
หน้าพิพิธภัณฑ์เด็ก,กำแพงเพชร 4,หน้าพิพิธภัณฑ์เด็ก,กำแพงเพชร 4
อนุสาวรีย์ประชาธิปไตย,ราชดำเนิน,อนุสาวรีย์ประชาธิปไตย,ราชดำเนิน
ข้างศาลาว่าการกรุงเทพมหานคร,ดินสอ,ข้างศาลาว่าการกรุงเทพมหานคร,ดินสอ
หน้าวัดมหรรณพาราม,ตะนาว,หน้าวัดมหรรณพาราม,ตะนาว
ปากซอยโรงงานยาสูบ,ซอยโรงงานยาสูบ,ปากซอยโรงงานยาสูบ,ซอยโรงงานยาสูบ
ปากซอยโรงงานยาสูบ,พระรามที่ 4,ปากซอยโรงงานยาสูบ,พระรามที่ 4
ใกล้แยกวิทยุ,สาทร,ใกล้แยกวิทยุ,สาทร
ใกล้แยกสาทร - นราธิวาส,สาทร,ใกล้แยกสาทร - นราธิวาส,สาทร
สภากาชาดไทย,อังรีดูนังต์,สภากาชาดไทย,อังรีดูนังต์
หน้าวิทยาลัยพยาบาลตำรวจ,อังรีดูนังต์,หน้าวิทยาลัยพยาบาลตำรวจ,อังรีดูนังต์
ใกล้ปากซอยลาดพร้าว 5,ลาดพร้าว,ใกล้ปากซอยลาดพร้าว 5,ลาดพร้าว
บริเวณไกล้ลาดพร้าว 71,ลาดพร้าว,บริเวณไกล้ลาดพร้าว 71,ลาดพร้าว
ใกล้ปากซอยลาดพร้าว 101,ลาดพร้าว,ใกล้ปากซอยลาดพร้าว 101,ลาดพร้าว
ราษฎร์พัฒนา - ราษฎร์พัฒนา 15,ราษฎร์พัฒนา,ราษฎร์พัฒนา - ราษฎร์พัฒนา 15,ราษฎร์พัฒนา
ราษฎร์พัฒนา - ราษฎร์พัฒนา 15,ซอยราษฎรพัฒนา,ราษฎร์พัฒนา - ราษฎร์พัฒนา 15,ซอยราษฎรพัฒนา
ราษฎร์พัฒนา - เคหะร่มเกล้า,ราษฎร์พัฒนา,ราษฎร์พัฒนา - เคหะร่มเกล้า,ราษฎร์พัฒนา
ราษฎร์พัฒนา - เคหะร่มเกล้า,เคหะร่มเกล้า,ราษฎร์พัฒนา - เคหะร่มเกล้า,เคหะร่มเกล้า
หน้าสถานีดับเพลิงปากคลองสาน,เจริญนคร,หน้าสถานีดับเพลิงปากคลองสาน,เจริญนคร
ใต้สะพานสมเด็จพระเจ้าตากสินมหาราช,เจริญนคร,ใต้สะพานสมเด็จพระเจ้าตากสินมหาราช,เจริญนคร
ใกล้แยกด่วนเพลินจิต,ดวงพิทักษ์,ใกล้แยกด่วนเพลินจิต,ดวงพิทักษ์
ใกล้จุดเชื่อมต่อทางจักรยานคลองไผ่สิงโต,ดวงพิทักษ์,ใกล้จุดเชื่อมต่อทางจักรยานคลองไผ่สิงโต,ดวงพิทักษ์
ใกล้สถานีรถไฟฟ้าพร้อมพงษ์,สุขุมวิท,ใกล้สถานีรถไฟฟ้าพร้อมพงษ์,สุขุมวิท
ใกล้สถานีรถไฟฟ้าทองหล่อ,สุขุมวิท,ใกล้สถานีรถไฟฟ้าทองหล่อ,สุขุมวิท
ใกล้ซอยโยธินพัฒนา,ประดิษฐ์มนูธรรม,ใกล้ซอยโยธินพัฒนา,ประดิษฐ์มนูธรรม
ใกล้คลองลาดพร้าว,ประดิษฐ์มนูธรรม,ใกล้คลองลาดพร้าว,ประดิษฐ์มนูธรรม
ใกล้ประดิษฐ์มนูธรรม - รามอินทรา,ประดิษฐ์มนูธรรม,ใกล้ประดิษฐ์มนูธรรม - รามอินทรา,ประดิษฐ์มนูธรรม
ทองหล่อ,สุขุมวิท,ทองหล่อ,สุขุมวิท
ทองหล่อ,ซอยสุขุมวิท 55,ทองหล่อ,ซอยสุขุมวิท 55
นราธิวาส - สุรวงศ์,นราธิวาสราชนครินทร์,นราธิวาส - สุรวงศ์,นราธิวาสราชนครินทร์
หน้า ม.เทคโนโลยีกรุงเทพ,นราธิวาสราชนครินทร์,หน้า ม.เทคโนโลยีกรุงเทพ,นราธิวาสราชนครินทร์
รัชดา - นราธิวาส,นราธิวาสราชนครินทร์,รัชดา - นราธิวาส,นราธิวาสราชนครินทร์
ปากซอยสรงประภา 1,สรงประภา,ปากซอยสรงประภา 1,สรงประภา
หน้าวิทยาลัยเทคนิคดอนเมือง,สรงประภา,หน้าวิทยาลัยเทคนิคดอนเมือง,สรงประภา
หน้าวัดสีกัน,สรงประภา,หน้าวัดสีกัน,สรงประภา
หน้าสวนสัตว์ดุสิต,ราชวิถี,หน้าสวนสัตว์ดุสิต,ราชวิถี
หน้าวัดเบญจมบพิตร,ศรีอยุธยา,หน้าวัดเบญจมบพิตร,ศรีอยุธยา
ข้างวังสวนจิตรลดา,สวรรคโลก,ข้างวังสวนจิตรลดา,สวรรคโลก
ปากซอยสารภี 2,ถนนประชาธิปก,ปากซอยสารภี 2,ถนนประชาธิปก
ปากซอยลาดหญ้า 6,ถนนลาดหญ้า,ปากซอยลาดหญ้า 6,ถนนลาดหญ้า
หน้าสถานีดับเพลิงธนบุรี,ถนนอินทรพิทักษ์,หน้าสถานีดับเพลิงธนบุรี,ถนนอินทรพิทักษ์
โรงกรองน้้า,พระรามที่ 6,โรงกรองน้้า,พระรามที่ 6
โรงกรองน้้า,นครไชยศรี,โรงกรองน้้า,นครไชยศรี
ปากซอยสายไหม 64,สายไหม,ปากซอยสายไหม 64,สายไหม
ปากซอยสายไหม 25,ปากซอยสายไหม 25,ปากซอยสายไหม 25,ปากซอยสายไหม 25
ปากซอยสายไหม 81,สายไหม,ปากซอยสายไหม 81,สายไหม
หน้าวัดโพธิ์เรียง,จรัญสนิทวงศ์,หน้าวัดโพธิ์เรียง,จรัญสนิทวงศ์
ใกล้แยกไฟฉาย,จรัญสนิทวงศ์,ใกล้แยกไฟฉาย,จรัญสนิทวงศ์
ใกล้แยกบรมราชชนนี,จรัญสนิทวงศ์,ใกล้แยกบรมราชชนนี,จรัญสนิทวงศ์
หน้าสวนดุสิต,พระรามที่ 5,หน้าสวนดุสิต,พระรามที่ 5
หน้าโรงเรียนละอออุทิศ,ราชสีมา,หน้าโรงเรียนละอออุทิศ,ราชสีมา
หน้าสวนสัตว์ดุสิต,อู่ทองใน,หน้าสวนสัตว์ดุสิต,อู่ทองใน
ประชาธรรม,ประดิษฐ์มนูธรรม,ประชาธรรม,ประดิษฐ์มนูธรรม
ประชาธรรม,ประชาอุทิศ,ประชาธรรม,ประชาอุทิศ
หน้าอาคารสินธรทาวเวอร์,กรุงธนบุรี,หน้าอาคารสินธรทาวเวอร์,กรุงธนบุรี
ปากซอยกรุงธนบุรี5,กรุงธนบุรี,ปากซอยกรุงธนบุรี5,กรุงธนบุรี
หน้าสถานี BTS วงเวียนใหญ่,กรุงธนบุรี,หน้าสถานี BTS วงเวียนใหญ่,กรุงธนบุรี
หน้าสถานี3718 วงเวียนใหญ่,กรุงธนบุรี,หน้าสถานี3718 วงเวียนใหญ่,กรุงธนบุรี
ใกล้คลองทวีวัฒนา,อุทยาน,ใกล้คลองทวีวัฒนา,อุทยาน
ใกล้แยกอุทยาน - พุทธมณฑลสาย 3,อุทยาน,ใกล้แยกอุทยาน - พุทธมณฑลสาย 3,อุทยาน
"ใกล้แยกอุทยาน - พุทธมณฑลสาย,.4",อุทยาน,"ใกล้แยกอุทยาน - พุทธมณฑลสาย,.4",อุทยาน
ซังฮี้,สามเสน,ซังฮี้,สามเสน
ซังฮี้,ราชวิถี,ซังฮี้,ราชวิถี
สวนผัก 32,ทางเข้าภิรมณ์เพลส,สวนผัก 32,ทางเข้าภิรมณ์เพลส
สวนผัก 32,ซอยสวนผัก 32,สวนผัก 32,ซอยสวนผัก 32
สวนผัก 32,สวนผัก,สวนผัก 32,สวนผัก
ข้างวัดบวรนิเวศน์,บวรนิเวศน์,ข้างวัดบวรนิเวศน์,บวรนิเวศน์
หน้าวัดเทพธิดาราม,มหาไชย,หน้าวัดเทพธิดาราม,มหาไชย
ปากซอยสมเด็จพระเจ้าตากสิน 9,สมเด็จพระเจ้าตากสิน,ปากซอยสมเด็จพระเจ้าตากสิน 9,สมเด็จพระเจ้าตากสิน
หน้า รพ.สมเด็จพระปิ่นเกล้า,สมเด็จพระเจ้าตากสิน,หน้า รพ.สมเด็จพระปิ่นเกล้า,สมเด็จพระเจ้าตากสิน
ปากซอยสมเด็จพระเจ้าตากสิน 46,สมเด็จพระเจ้าตากสิน,ปากซอยสมเด็จพระเจ้าตากสิน 46,สมเด็จพระเจ้าตากสิน
ใกล้แยกพัฒนาการ,ศรีนครินทร์,ใกล้แยกพัฒนาการ,ศรีนครินทร์
หน้าธัญญปาร์ค,ศรีนครินทร์,หน้าธัญญปาร์ค,ศรีนครินทร์
หน้าซีคอนสแควร์,ศรีนครินทร์,หน้าซีคอนสแควร์,ศรีนครินทร์
ใกล้แยกอุดมสุข,ศรีนครินทร์,ใกล้แยกอุดมสุข,ศรีนครินทร์
สีลม - คอนแวนต์,คอนแวนต์,สีลม - คอนแวนต์,คอนแวนต์
สีลม - คอนแวนต์,สีลม,สีลม - คอนแวนต์,สีลม
ทางข้ามหน้าโรงพยาบาลจักษุ - รัตนิน,อโศก,ทางข้ามหน้าโรงพยาบาลจักษุ - รัตนิน,อโศก
ทางข้ามหน้าธนาคารเกียรตินาคิน,อโศก,ทางข้ามหน้าธนาคารเกียรตินาคิน,อโศก
อนุสาวรีย์ชัยสมรภูมิ(ขาเข้า),พญาไท,อนุสาวรีย์ชัยสมรภูมิ(ขาเข้า),พญาไท
อนุสาวรีย์ชัยสมรภูมิ(ขาเข้า),พหลโยธิน,อนุสาวรีย์ชัยสมรภูมิ(ขาเข้า),พหลโยธิน
อนุสาวรีย์ชัยสมรภูมิ(ขาเข้า),ราชวิถี,อนุสาวรีย์ชัยสมรภูมิ(ขาเข้า),ราชวิถี
อนุสาวรีย์ชัยสมรภูมิ(ขาออก),พญาไท,อนุสาวรีย์ชัยสมรภูมิ(ขาออก),พญาไท
อนุสาวรีย์ชัยสมรภูมิ(ขาออก),พหลโยธิน,อนุสาวรีย์ชัยสมรภูมิ(ขาออก),พหลโยธิน
อนุสาวรีย์ชัยสมรภูมิ(ขาออก),ราชวิถี,อนุสาวรีย์ชัยสมรภูมิ(ขาออก),ราชวิถี
ทางข้ามหน้าหมู่บ้านมหาดไทย,พุทธมณฑลสาย 1,ทางข้ามหน้าหมู่บ้านมหาดไทย,พุทธมณฑลสาย 1
ทางข้าม ถ.พุทธมณฑลสาย 1,พุทธมณฑลสาย 1,ทางข้าม ถ.พุทธมณฑลสาย 1,พุทธมณฑลสาย 1
ทางข้ามหน้าโรงเรียนวิทยานนท์,ราษฎร์พัฒนา,ทางข้ามหน้าโรงเรียนวิทยานนท์,ราษฎร์พัฒนา
ปากซอยรามคำแหง 195,รามคำแหง,ปากซอยรามคำแหง 195,รามคำแหง
ใกล้คลองบางชัน,รามคำแหง,ใกล้คลองบางชัน,รามคำแหง
ใกล้แยกรามคำแหง - ร่มเกล้า,รามคำแหง,ใกล้แยกรามคำแหง - ร่มเกล้า,รามคำแหง
นิด้า,ศรีบูรพา,นิด้า,ศรีบูรพา
นิด้า,เสรีไทย,นิด้า,เสรีไทย
ทางข้ามปากซอยอ่อนนุช 49,อ่อนนุช,ทางข้ามปากซอยอ่อนนุช 49,อ่อนนุช
อ่อนนุช 70 /1,ซอยอ่อนนุช 70/1,อ่อนนุช 70 /1,ซอยอ่อนนุช 70/1
อ่อนนุช 70 /1,อ่อนนุช,อ่อนนุช 70 /1,อ่อนนุช
แปลงนาม,แปลงนาม,แปลงนาม,แปลงนาม
แปลงนาม,พลับพลาไชย,แปลงนาม,พลับพลาไชย
แปลงนาม,เจริญกรุง,แปลงนาม,เจริญกรุง
สามยอด,มหาไชย,สามยอด,มหาไชย
สามยอด,เจริญกรุง,สามยอด,เจริญกรุง
วิภาวดี - มิตรไมตรี 2,วิภาวดีรังสิต,วิภาวดี - มิตรไมตรี 2,วิภาวดีรังสิต
วิภาวดี - มิตรไมตรี 2,มิตรไมตรี 2,วิภาวดี - มิตรไมตรี 2,มิตรไมตรี 2
มิตรไมตรี - มิตรไมตรี 1,มิตรไมตรี,มิตรไมตรี - มิตรไมตรี 1,มิตรไมตรี
มิตรไมตรี - มิตรไมตรี 1,มิตรไมตรี 1,มิตรไมตรี - มิตรไมตรี 1,มิตรไมตรี 1
วิภาวดี - มิตรไมตรี 1,วิภาวดีรังสิต,วิภาวดี - มิตรไมตรี 1,วิภาวดีรังสิต
วิภาวดี - มิตรไมตรี 1,มิตรไมตรี 1,วิภาวดี - มิตรไมตรี 1,มิตรไมตรี 1
วิภาวดี- มิตรไมตรี 1,วิภาวดีรังสิต,วิภาวดี- มิตรไมตรี 1,วิภาวดีรังสิต
วิภาวดี- มิตรไมตรี 1,มิตรไมตรี 1,วิภาวดี- มิตรไมตรี 1,มิตรไมตรี 1
ไฟฉาย,จรัญสนิทวงศ์,ไฟฉาย,จรัญสนิทวงศ์
ไฟฉาย,พรานนก,ไฟฉาย,พรานนก
ทางข้ามหน้าตลาดพิบูลย์วิทย์6,เอกชัย,ทางข้ามหน้าตลาดพิบูลย์วิทย์6,เอกชัย
ทางข้ามหน้าวัดราษฎร์บำรุง,เพชรเกษม 69,ทางข้ามหน้าวัดราษฎร์บำรุง,เพชรเกษม 69
ทางข้ามหน้าโรงเรียนพิชญ์นก,เลียบคลองภาษีเจริญฝั่งเหนือ,ทางข้ามหน้าโรงเรียนพิชญ์นก,เลียบคลองภาษีเจริญฝั่งเหนือ
ปุณวิถี,สุขุมวิท,ปุณวิถี,สุขุมวิท
ปุณวิถี,ซอยสุขุมวิท 101,ปุณวิถี,ซอยสุขุมวิท 101
การไฟฟ้าชิดลม ,ชิดลม,การไฟฟ้าชิดลม,ชิดลม
เพชรบุรี- ชิดลม ,เพชรบุรี,เพชรบุรี- ชิดลม,เพชรบุรี
นาวงประชาพัฒนา 13,นาวงประชาพัฒนา,นาวงประชาพัฒนา 13,นาวงประชาพัฒนา
สรงประภา - เชิดวุฒากาศ,เชิดวุฒากาศ,สรงประภา - เชิดวุฒากาศ,เชิดวุฒากาศ
สรงประภา - เชิดวุฒากาศ,สรงประภา,สรงประภา - เชิดวุฒากาศ,สรงประภา
ศาลเจ้าพ่อเสือ,ซอยรามอินทรา 5,ศาลเจ้าพ่อเสือ,ซอยรามอินทรา 5
ศาลเจ้าพ่อเสือ,ซอยพหลโยธิน 48,ศาลเจ้าพ่อเสือ,ซอยพหลโยธิน 48
เจริญกรุง 57,เจริญกรุง,เจริญกรุง 57,เจริญกรุง
เจริญกรุง 57,เจริญกรุง 57,เจริญกรุง 57,เจริญกรุง 57
ปากซอยตากสิน 34,สมเด็จพระเจ้าตากสิน,ปากซอยตากสิน 34,สมเด็จพระเจ้าตากสิน
ปากซอยตากสิน 34,ซอยตากสิน 34,ปากซอยตากสิน 34,ซอยตากสิน 34
ปากซอยเบญจพร 2,พรานนก - พุทธมณฑลสาย 4,ปากซอยเบญจพร 2,พรานนก - พุทธมณฑลสาย 4
พุทธมณฑลสาย 1 - พรานนกกภาญจนาภิเษก,พุทธมณฑลสาย 1,พุทธมณฑลสาย 1 - พรานนกกภาญจนาภิเษก,พุทธมณฑลสาย 1
พุทธมณฑลสาย 1 - พรานนกกภาญจนาภิเษก,พรานนก - กาญจนาภิเษก,พุทธมณฑลสาย 1 - พรานนกกภาญจนาภิเษก,พรานนก - กาญจนาภิเษก
วิทยุ,สาทร,วิทยุ,สาทร
วิทยุ,วิทยุ,วิทยุ,วิทยุ
วิทยุ,พระรามที่ 4,วิทยุ,พระรามที่ 4
พระโขนง,ซอยสุขุมวิท 71,พระโขนง,ซอยสุขุมวิท 71
พระโขนง,สุขุมวิท,พระโขนง,สุขุมวิท
บริเวณหน้า The line Condo,สุขุมวิท 71,บริเวณหน้า The line Condo,สุขุมวิท 71
พุทธมณฑลสาย 3 -ซ.ศาลาธรรมสพน์,พุทธมณฑลสาย 3,พุทธมณฑลสาย 3 -ซ.ศาลาธรรมสพน์,พุทธมณฑลสาย 3
พุทธมณฑลสาย 3 -ซ.ศาลาธรรมสพน์,ซอยศาลาธรรมสพน์,พุทธมณฑลสาย 3 -ซ.ศาลาธรรมสพน์,ซอยศาลาธรรมสพน์
ทางข้ามระหว่างซอยศาลาธรรมสพน์23และ21,ศาลาธรรมสพน์,ทางข้ามระหว่างซอยศาลาธรรมสพน์23และ21,ศาลาธรรมสพน์
กำนันแม้น,ศาลธนบุรี,กำนันแม้น,ศาลธนบุรี
กำนันแม้น,ซอยเทอดไท 86,กำนันแม้น,ซอยเทอดไท 86
กำนันแม้น,เทอดไท,กำนันแม้น,เทอดไท
ทางข้ามโรงเรียนวัดอ่างแก้ว,เทอดไท,ทางข้ามโรงเรียนวัดอ่างแก้ว,เทอดไท
ใกล้แยกขุนเทียนบางทะเล - พระราม 2,บางขุนเทียนชายทะเล,ใกล้แยกขุนเทียนบางทะเล - พระราม 2,บางขุนเทียนชายทะเล
หน้าสำนักงานชนส่งพื้นที 1,บางขุนเทียนชายทะเล,หน้าสำนักงานชนส่งพื้นที 1,บางขุนเทียนชายทะเล
ใกล้แยกคลองกลางทุ่ง,บางขุนเทียนชายทะเล,ใกล้แยกคลองกลางทุ่ง,บางขุนเทียนชายทะเล
ประชาสงเคราะห์,ประชาสงเคราะห์,ประชาสงเคราะห์,ประชาสงเคราะห์
ประชาสงเคราะห์,ดินแดง,ประชาสงเคราะห์,ดินแดง
ประชาสงเคราะห์,อโศกดินแดง,ประชาสงเคราะห์,อโศกดินแดง
ปบากซอยสรงประภา 24,สรงประภา,ปบากซอยสรงประภา 24,สรงประภา
พระรามที่ 4,รัชดาภิเษก,พระรามที่ 4,รัชดาภิเษก
พระรามที่ 4,พระรามที่ 4,พระรามที่ 4,พระรามที่ 4
ทางข้ามหน้า สน.ทองหล่อ,ซอยสุขุมวิท 55,ทางข้ามหน้า สน.ทองหล่อ,ซอยสุขุมวิท 55
นราธิวาสฯ - พระราม 3,พระรามที่ 3,นราธิวาสฯ - พระราม 3,พระรามที่ 3
นราธิวาสฯ - พระราม 3,นราธิวาสฯ,นราธิวาสฯ - พระราม 3,นราธิวาสฯ
เทอดดำริ,เทอดดำริ,เทอดดำริ,เทอดดำริ
เทอดดำริ,ประดิพัทธ์,เทอดดำริ,ประดิพัทธ์
ทองหล่อ 10,ทองหล่อ,ทองหล่อ 10,ทองหล่อ
ทองหล่อ 10,ซอยทองหล่อ 11,ทองหล่อ 10,ซอยทองหล่อ 11
ทองหล่อ 10,ซอยทองหล่อ 10,ทองหล่อ 10,ซอยทองหล่อ 10
วัดหนองใหญ่,สุชาภิบาล 5,วัดหนองใหญ่,สุชาภิบาล 5
วัดหนองใหญ่,ซ.สายไหม 85,วัดหนองใหญ่,ซ.สายไหม 85
วัดหนองใหญ่,สายไหม,วัดหนองใหญ่,สายไหม
วัดหนองใหญ่,หทัยราษฎร์,วัดหนองใหญ่,หทัยราษฎร์
"ปากซอยสายไหม 21,.23",สายไหม,"ปากซอยสายไหม 21,.23",สายไหม
สามัคคี,ประชาชื่น,สามัคคี,ประชาชื่น
สามัคคี,สามัคคี,สามัคคี,สามัคคี
สามัคคี,การไฟฟ้าภูมิภาค,สามัคคี,การไฟฟ้าภูมิภาค
ใกล้คลองบางจาก,พุทธมณฑลสาย 2,ใกล้คลองบางจาก,พุทธมณฑลสาย 2
ใกล้คลองบางระมาด,พุทธมณฑลสาย 2,ใกล้คลองบางระมาด,พุทธมณฑลสาย 2
ใกล้แยกทศกัณฐ์,พุทธมณฑลสาย 2,ใกล้แยกทศกัณฐ์,พุทธมณฑลสาย 2
หน้าโรงแรมไฟร์ซีซัน (ปากซอยเจริญกรุง69),เจริญกรุง,หน้าโรงแรมไฟร์ซีซัน (ปากซอยเจริญกรุง69),เจริญกรุง
ตรอกจันทน์,เจริญกรุง,ตรอกจันทน์,เจริญกรุง
ตรอกจันทน์,ทางเข้าคอนโดฯ,ตรอกจันทน์,ทางเข้าคอนโดฯ
ตรอกจันทน์,จันทน์,ตรอกจันทน์,จันทน์
ใกล้วัดโพธิ์,ท้ายวัง,ใกล้วัดโพธิ์,ท้ายวัง
หน่วยบัญชาการรักษาดินแดน,สนามไชย,หน่วยบัญชาการรักษาดินแดน,สนามไชย
ทน้ากรมแผนทีทหาร,กัลยาณไมตรี,ทน้ากรมแผนทีทหาร,กัลยาณไมตรี
วุฒากาศ,วุฒากาศ,วุฒากาศ,วุฒากาศ
วุฒากาศ,ซอยมะลิ,วุฒากาศ,ซอยมะลิ
วุฒากาศ,เทอดไท,วุฒากาศ,เทอดไท
สามเสน,สวรรคโลก,สามเสน,สวรรคโลก
สามเสน,เทอดดำริ,สามเสน,เทอดดำริ
สามเสน,นครไชยศรี,สามเสน,นครไชยศรี
ปากซอยลาดกระบัง ซอย 7,ซอยลาดกระบัง 7,ปากซอยลาดกระบัง ซอย 7,ซอยลาดกระบัง 7
ปากซอยลาดกระบัง ซอย 7,ลาดกระบัง,ปากซอยลาดกระบัง ซอย 7,ลาดกระบัง
จรัญสนิทวงศ์31/1,จรัญสนิทวงศ์,จรัญสนิทวงศ์31/1,จรัญสนิทวงศ์
จรัญสนิทวงศ์31/1,ซอยจรัญสนิทวงศ์ 31/1,จรัญสนิทวงศ์31/1,ซอยจรัญสนิทวงศ์ 31/1
ห้วยขวาง,รัชดาภิเษก,ห้วยขวาง,รัชดาภิเษก
ห้วยขวาง,ประชาสงเคราะห์,ห้วยขวาง,ประชาสงเคราะห์
ห้วยขวาง,ประชาราษฎร์บำเพ็ญ,ห้วยขวาง,ประชาราษฎร์บำเพ็ญ
อโศก-สุขุมวิท,อโศก,อโศก-สุขุมวิท,อโศก
อโศก-สุขุมวิท,รัชดาภิเษก,อโศก-สุขุมวิท,รัชดาภิเษก
อโศก-สุขุมวิท,สุขุมวิท,อโศก-สุขุมวิท,สุขุมวิท
สวนมิกสกวัน,ราชดำเนินนอก,สวนมิกสกวัน,ราชดำเนินนอก
สวนมิกสกวัน,พิษณุโลก,สวนมิกสกวัน,พิษณุโลก
ใกล้แยกท่าพระ,เพชรเกษม,ใกล้แยกท่าพระ,เพชรเกษม
ใต้สะพานพระราม 8,อรุณอัมรินทร์,ใต้สะพานพระราม 8,อรุณอัมรินทร์
ใกล้แยกศิริราช,อรุณอัมรินทร์,ใกล้แยกศิริราช,อรุณอัมรินทร์
ปากซอยลาดพร้าว 101 ซอย 39,ลาดพร้าว 101,ปากซอยลาดพร้าว 101 ซอย 39,ลาดพร้าว 101
ปากซอยลาดพร้าว 101 ซอย 39,ลาดพราว 101 ซอย 39,ปากซอยลาดพร้าว 101 ซอย 39,ลาดพราว 101 ซอย 39
เพชรบุรี- เพชรอุทัย,เพชรอุทัย,เพชรบุรี- เพชรอุทัย,เพชรอุทัย
เพชรบุรี- เพชรอุทัย,เพชรบุรี,เพชรบุรี- เพชรอุทัย,เพชรบุรี
เจริญพัฒนา -สุเหร่าคลองหนึ่งที่15,เจริญพัฒนา,เจริญพัฒนา -สุเหร่าคลองหนึ่งที่15,เจริญพัฒนา
เจริญพัฒนา -สุเหร่าคลองหนึ่งที่15,สุเหร่าคลองหนึ่งที่15,เจริญพัฒนา -สุเหร่าคลองหนึ่งที่15,สุเหร่าคลองหนึ่งที่15
เจริญพัฒนา -สุเหร่าคลองหนึ่งที่15,สุเหร่าคลองหนึ่ง,เจริญพัฒนา -สุเหร่าคลองหนึ่งที่15,สุเหร่าคลองหนึ่ง
รามคำแหง - วงแหวนตะวันออก,วงแหวนตะวันออก,รามคำแหง - วงแหวนตะวันออก,วงแหวนตะวันออก
รามคำแหง - วงแหวนตะวันออก,รามคำแหง,รามคำแหง - วงแหวนตะวันออก,รามคำแหง
รามคำแหง -วงแหวนตะวันออก,วงแหวนตะวันออก,รามคำแหง -วงแหวนตะวันออก,วงแหวนตะวันออก
รามคำแหง -วงแหวนตะวันออก,รามคำแหง,รามคำแหง -วงแหวนตะวันออก,รามคำแหง
ใกล้แยกเพชรเกษม - พุทธมณฑลสาย 2,เพชรเกษม,ใกล้แยกเพชรเกษม - พุทธมณฑลสาย 2,เพชรเกษม
ใกล้แยกเพชรเกษม 69,เพชรเกษม,ใกล้แยกเพชรเกษม 69,เพชรเกษม
ใกล้แยกเพชรเกษม - พุทธมณฑลสาย 3,เพชรเกษม,ใกล้แยกเพชรเกษม - พุทธมณฑลสาย 3,เพชรเกษม
ทางข้ามหน้าหมู่บ้านกรีนวิลล์,พุทธมณฑลสาย 2,ทางข้ามหน้าหมู่บ้านกรีนวิลล์,พุทธมณฑลสาย 2
หน้ากรมขนส่งทางบก,พหลโยธิน,หน้ากรมขนส่งทางบก,พหลโยธิน
ใกล้แยกรัชโยธิน,พหลโยธิน,ใกล้แยกรัชโยธิน,พหลโยธิน
หน้า ม.เกษตรศาสตร์,พหลโยธิน,หน้า ม.เกษตรศาสตร์,พหลโยธิน
หน้าวัดพระศรีมหาธาตุฯ,พหลโยธิน,หน้าวัดพระศรีมหาธาตุฯ,พหลโยธิน
อุภัยเจษฎอุทิศ,สวรรคโลก,อุภัยเจษฎอุทิศ,สวรรคโลก
อุภัยเจษฎอุทิศ,ราชวิถี,อุภัยเจษฎอุทิศ,ราชวิถี
บำกซอยถนนรามคำแหง 24 ,รามคำแหง,บำกซอยถนนรามคำแหง 24,รามคำแหง
ใกล้แยกกรุงเทพกรีฑา,รามคำแหง 24,ใกล้แยกกรุงเทพกรีฑา,รามคำแหง 24
ใกล้คลองบ้านม้า,รามคำแหง 7,ใกล้คลองบ้านม้า,รามคำแหง 7
พลับพลาไชย,ไมตรีจิต,พลับพลาไชย,ไมตรีจิต
พลับพลาไชย,พลับพลาไชย,พลับพลาไชย,พลับพลาไชย
พลับพลาไชย,หลวง,พลับพลาไชย,หลวง
จุดตัดถนนราชพฤกษ์,วัดอินทราวาส,จุดตัดถนนราชพฤกษ์,วัดอินทราวาส
จุดตัดพุทธมณฑลสาย 1,วัดอินทราวาส,จุดตัดพุทธมณฑลสาย 1,วัดอินทราวาส
จุดตัดบางระมาด - กาญจนาภิเษก,บางระมาด,จุดตัดบางระมาด - กาญจนาภิเษก,บางระมาด
หน้าชุมชนโรงเรียวัดตลิ่งชัน,ชักพระ,หน้าชุมชนโรงเรียวัดตลิ่งชัน,ชักพระ
ราษฎร์อุทิศตัดสุวินทวงศ์,ราษฎร์อุทิศ,ราษฎร์อุทิศตัดสุวินทวงศ์,ราษฎร์อุทิศ
หน้าโรงเรียนสุเหร่าทรายกองเงิน,ราษฎร์อุทิศ,หน้าโรงเรียนสุเหร่าทรายกองเงิน,ราษฎร์อุทิศ
หน้าโรงเรียนบ้านเจียรดับ,เลียบวารี,หน้าโรงเรียนบ้านเจียรดับ,เลียบวารี
ปากซอยหัวหมาก 20,ซอยหัวหมวาก 21,ปากซอยหัวหมาก 20,ซอยหัวหมวาก 21
ปากซอยหัวหมาก 20,ซอยหัวหมวาก 20,ปากซอยหัวหมาก 20,ซอยหัวหมวาก 20
ปากซอยหัวหมาก 20,หัวหมาก,ปากซอยหัวหมาก 20,หัวหมาก
อุรุพงษ์,พระรามที่ 6,อุรุพงษ์,พระรามที่ 6
อุรุพงษ์,เพชรบุรี,อุรุพงษ์,เพชรบุรี
ใกล้ปากซอยบางกระดี่25,บางกระดี่,ใกล้ปากซอยบางกระดี่25,บางกระดี่
หน้าโครงการ แคโนพีบางบอน,เอกชัย,หน้าโครงการ แคโนพีบางบอน,เอกชัย
พหลโยธิน 23,พหลโยธิน,พหลโยธิน 23,พหลโยธิน
พหลโยธิน 23,ซอยพหลโยธิน 23,พหลโยธิน 23,ซอยพหลโยธิน 23
วิภาวดีรังสิต32,วิภาวดีรังสิต,วิภาวดีรังสิต32,วิภาวดีรังสิต
วิภาวดีรังสิต32,ซอยวิภาวดี 32,วิภาวดีรังสิต32,ซอยวิภาวดี 32
ซอยพหลโยธิน 52 แยก 48,เทพารักษ์,ซอยพหลโยธิน 52 แยก 48,เทพารักษ์
หน้าวัดอยู่ดีบำรุงธรรม,เพิ่มสิน,หน้าวัดอยู่ดีบำรุงธรรม,เพิ่มสิน
ปากซอยรามอินทรา 127,รามอินทรา,ปากซอยรามอินทรา 127,รามอินทรา
ลาดบัวขาว,มีนพัฒนา,ลาดบัวขาว,มีนพัฒนา
ลาดบัวขาว,รามคำแหง,ลาดบัวขาว,รามคำแหง
หน้ามหาวิทยาลัยสยาม,เพชรเกษม,หน้ามหาวิทยาลัยสยาม,เพชรเกษม
ใกล้แยกบางแค,เพชรเกาษม,ใกล้แยกบางแค,เพชรเกาษม
ใกล้แยกบางแค,เพชรเกษม,ใกล้แยกบางแค,เพชรเกษม
ใกล้เดอะมอลล์บางแค,เพชรเกษม,ใกล้เดอะมอลล์บางแค,เพชรเกษม
พิชัย,พิชัย,พิชัย,พิชัย
พิชัย,นครไชยศรี,พิชัย,นครไชยศรี
ทางข้ามหน้าโรงเรียนวิชูทิศ,ประชาสงเคราะห์,ทางข้ามหน้าโรงเรียนวิชูทิศ,ประชาสงเคราะห์
ทางข้ามหน้าโรงเรียนวิชูทิศ,ทางเข้าโรงเรียนวิชูทิศ,ทางข้ามหน้าโรงเรียนวิชูทิศ,ทางเข้าโรงเรียนวิชูทิศ
ประชาสงเคราะห์ - มิตรไมตรี,ประชาสงเคราะห์,ประชาสงเคราะห์ - มิตรไมตรี,ประชาสงเคราะห์
ประชาสงเคราะห์ - มิตรไมตรี,มิตรไมตรี,ประชาสงเคราะห์ - มิตรไมตรี,มิตรไมตรี
พงษ์เพชร,ประชาชื่น,พงษ์เพชร,ประชาชื่น
พงษ์เพชร,งามวงศ์วาน,พงษ์เพชร,งามวงศ์วาน
ศรีอุดม,ศรีนครินทร์,ศรีอุดม,ศรีนครินทร์
ศรีอุดม,อุดมสุข,ศรีอุดม,อุดมสุข
หน้าหมู่บ้าน เค.ซี.การ์เด้น ใกล้นิมิตรใหม่ 40,นิมิตรใหม่,หน้าหมู่บ้าน เค.ซี.การ์เด้น ใกล้นิมิตรใหม่ 40,นิมิตรใหม่
ปากซอยสายไหม่ 56,สายใหม่,ปากซอยสายไหม่ 56,สายใหม่
ปากซอยอ่อนุช 65,อ่อนนุช 65,ปากซอยอ่อนุช 65,อ่อนนุช 65
ปากซอยอ่อนุช 65,อ่อนนุช,ปากซอยอ่อนุช 65,อ่อนนุช
รพ.สิรินธร,สุขาภิบาล 2,รพ.สิรินธร,สุขาภิบาล 2
รพ.สิรินธร,อ่อนนุช,รพ.สิรินธร,อ่อนนุช
บรรทัดทอง -จุฬา 12,บรรทัดทอง,บรรทัดทอง -จุฬา 12,บรรทัดทอง
บรรทัดทอง -จุฬา 12,ซอยจุฬา 12,บรรทัดทอง -จุฬา 12,ซอยจุฬา 12
ราชเทวี,พญาไท,ราชเทวี,พญาไท
ราชเทวี,เพชรบุรี,ราชเทวี,เพชรบุรี
ทางเข้าโรงเรียนไทยรัฐวิทยา75,วัชรพล,ทางเข้าโรงเรียนไทยรัฐวิทยา75,วัชรพล
สุขาภิบาล5 -จตุโชติ,สุขาภิบาล 5,สุขาภิบาล5 -จตุโชติ,สุขาภิบาล 5
สุขาภิบาล5 -จตุโชติ,ซอยจตุโชติ,สุขาภิบาล5 -จตุโชติ,ซอยจตุโชติ
ทางข้ามหน้าโรงพยาบาลเวชการุณเวชรัศม์,เลียบวารี,ทางข้ามหน้าโรงพยาบาลเวชการุณเวชรัศม์,เลียบวารี
เลียบวารี- เชื่อมสัมพันธ์,เชื่อมสัมพันธ์,เลียบวารี- เชื่อมสัมพันธ์,เชื่อมสัมพันธ์
เลียบวารี- เชื่อมสัมพันธ์,ประชาสำราญ,เลียบวารี- เชื่อมสัมพันธ์,ประชาสำราญ
เลียบวารี- เชื่อมสัมพันธ์,เลียบวารี,เลียบวารี- เชื่อมสัมพันธ์,เลียบวารี
เลียบวารี- เชื่อมสัมพันธ์,สังฆสันติสุข,เลียบวารี- เชื่อมสัมพันธ์,สังฆสันติสุข
ปากซอยปรีดีพนมยงค์ 7,ปรีดีพนมยงค์,ปากซอยปรีดีพนมยงค์ 7,ปรีดีพนมยงค์
สุขุมวิท- พระรามที่4,พระรามที่ 4,สุขุมวิท- พระรามที่4,พระรามที่ 4
สุขุมวิท- พระรามที่4,สุขุมวิท,สุขุมวิท- พระรามที่4,สุขุมวิท
หมอเหล็ง,ราชปรารภ,หมอเหล็ง,ราชปรารภ
หมอเหล็ง,จตุรทิศ,หมอเหล็ง,จตุรทิศ
หมอเหล็ง,ศรีอยุธยา,หมอเหล็ง,ศรีอยุธยา
รัชดา -นราธิวาส,รัชดาภิเษก,รัชดา -นราธิวาส,รัชดาภิเษก
รัชดา -นราธิวาส,นราธิวาสราชนครินทร์,รัชดา -นราธิวาส,นราธิวาสราชนครินทร์
พระรามที่2,สุขสวัสดิ์,พระรามที่2,สุขสวัสดิ์
พระรามที่2,พระรามที่ 2,พระรามที่2,พระรามที่ 2
พัฒนาการ61 -พัฒนาการ 74,พัฒาการ,พัฒนาการ61 -พัฒนาการ 74,พัฒาการ
พัฒนาการ61 -พัฒนาการ 74,ซอยพัฒนาการ74,พัฒนาการ61 -พัฒนาการ 74,ซอยพัฒนาการ74
พัฒนาการ61 -พัฒนาการ 74,ซอยพัฒนาการ 61,พัฒนาการ61 -พัฒนาการ 74,ซอยพัฒนาการ 61
หน้าสำนักงานขนส่งทางบกพื้นที่1,บางขุนเทียน - ชายทะเล,หน้าสำนักงานขนส่งทางบกพื้นที่1,บางขุนเทียน - ชายทะเล
บางขุนเทียน- พระยามนธาตุราชศรีพิจิตร์,บางขุนเทียน,บางขุนเทียน- พระยามนธาตุราชศรีพิจิตร์,บางขุนเทียน
บางขุนเทียน- พระยามนธาตุราชศรีพิจิตร์,พระยามนธาตุราชศรีพิจิตร์,บางขุนเทียน- พระยามนธาตุราชศรีพิจิตร์,พระยามนธาตุราชศรีพิจิตร์
เพชรพระราม,บรรทัดทอง,เพชรพระราม,บรรทัดทอง
เพชรพระราม,เพชรบุรี,เพชรพระราม,เพชรบุรี
เพชรเกษม 69,ขอยเพชรเกษม 69,เพชรเกษม 69,ขอยเพชรเกษม 69
เพชรเกษม 69,ซอยเพชรเกษม 102/4,เพชรเกษม 69,ซอยเพชรเกษม 102/4
เพชรเกษม 69,เพชรเกษม,เพชรเกษม 69,เพชรเกษม
ปากซอยหทัยราษฎร์39,ททัยราษฎร์,ปากซอยหทัยราษฎร์39,ททัยราษฎร์
ปากซอยหทัยราษฎร์39,ซอยหทัยราษฎร์39,ปากซอยหทัยราษฎร์39,ซอยหทัยราษฎร์39
โชคชัย 4,ซอยลาดพร้าว56,โชคชัย 4,ซอยลาดพร้าว56
โชคชัย 4,ชอยลาดพร้าว35(โชคชัย 4),โชคชัย 4,ชอยลาดพร้าว35(โชคชัย 4)
โชคชัย 4,ลาดพร้าว,โชคชัย 4,ลาดพร้าว
ขัตติยานี,พิชัย,ขัตติยานี,พิชัย
ขัตติยานี,สุโขทัย,ขัตติยานี,สุโขทัย
บ้านแขก,ประชาธิปก,บ้านแขก,ประชาธิปก
บ้านแขก,อิสรภาพ,บ้านแขก,อิสรภาพ
บางรัก,เจริญกรุง,บางรัก,เจริญกรุง
บางรัก,สีลม,บางรัก,สีลม
ประชานุกล,ประชาชื่น,ประชานุกล,ประชาชื่น
ประชานุกล,รัชดาภิเษก,ประชานุกล,รัชดาภิเษก
สามแยกบางกะปิ,ศรีนครินทร์,สามแยกบางกะปิ,ศรีนครินทร์
สามแยกบางกะปิ,ลาดพร้าว,สามแยกบางกะปิ,ลาดพร้าว
ด่วนสุขุมวิท62,สุขุมวิท,ด่วนสุขุมวิท62,สุขุมวิท
ด่วนสุขุมวิท62,ซอยสุขุมวิท 62,ด่วนสุขุมวิท62,ซอยสุขุมวิท 62
กระทรวงแรงงาน,มิตรไมตรี,กระทรวงแรงงาน,มิตรไมตรี
กระทรวงแรงงาน,มิตรไมตรี 1,กระทรวงแรงงาน,มิตรไมตรี 1
รามคำแหง,รามคำแหง,รามคำแหง,รามคำแหง
รามคำแหง,พระราม 9,รามคำแหง,พระราม 9
พหลโยธิน - เทพรักษ์,พหลโยธิน,พหลโยธิน - เทพรักษ์,พหลโยธิน
พหลโยธิน - เทพรักษ์,เทพรักษ์,พหลโยธิน - เทพรักษ์,เทพรักษ์
ปากซอยเสรีไทย 68,เสรีไทย,ปากซอยเสรีไทย 68,เสรีไทย
ปากซอยเสรีไทย 68,ซอย เสรีไทย 68,ปากซอยเสรีไทย 68,ซอย เสรีไทย 68
บางชัน,มีนพัฒนา,บางชัน,มีนพัฒนา
บางชัน,เสรีไทย,บางชัน,เสรีไทย
นาหลวง,ม.สินทวี,นาหลวง,ม.สินทวี
นาหลวง,ประชาอุทิศ,นาหลวง,ประชาอุทิศ
นาหลวง,พุทธบูชา,นาหลวง,พุทธบูชา
กรุงเทพกรีฑา,ศรีนครินทร์,กรุงเทพกรีฑา,ศรีนครินทร์
กรุงเทพกรีฑา,หัวหมาก,กรุงเทพกรีฑา,หัวหมาก
กรุงเทพกรีฑา,กรุงเทพกรีฑา,กรุงเทพกรีฑา,กรุงเทพกรีฑา
พลาธิการ,พหลโยธิน,พลาธิการ,พหลโยธิน
พลาธิการ,ทางเข้าพลาธิการ ทอ,พลาธิการ,ทางเข้าพลาธิการ ทอ
พลาธิการ,ซอยพหลโยธิน 54/1,พลาธิการ,ซอยพหลโยธิน 54/1
หลานหลวง,จักรพรรดิพงษ์,หลานหลวง,จักรพรรดิพงษ์
หลานหลวง,หลานหลวง,หลานหลวง,หลานหลวง
วังหิน,สุขาภิบาล 1,วังหิน,สุขาภิบาล 1
วังหิน,วัดลาดปลาเค่า,วังหิน,วัดลาดปลาเค่า
วังหิน,เสนานิคม,วังหิน,เสนานิคม
เจ้าคุณทหาร - คุ้มเกล้า,ม บ คุมเกลา,เจ้าคุณทหาร - คุ้มเกล้า,ม บ คุมเกลา
เจ้าคุณทหาร - คุ้มเกล้า,เจ้าคุณทหาร,เจ้าคุณทหาร - คุ้มเกล้า,เจ้าคุณทหาร
เพลินจิต,วิทยุ,เพลินจิต,วิทยุ
เพลินจิต,เพลินจิต,เพลินจิต,เพลินจิต
หน้าอาคารจามจุรี 8,พญาไท,หน้าอาคารจามจุรี 8,พญาไท
จุฬา 12,พญาไท,จุฬา 12,พญาไท
จุฬา 12,ซอยจุฬา 12,จุฬา 12,ซอยจุฬา 12
จุฬา 12,ทางเข้า - ออก ม.จุฬา,จุฬา 12,ทางเข้า - ออก ม.จุฬา
สะพานควาย,พหลโยธิน,สะพานควาย,พหลโยธิน
สะพานควาย,ประดิพัทธ์,สะพานควาย,ประดิพัทธ์
สะพานควาย,สุทธิสาร,สะพานควาย,สุทธิสาร
บางบอน 5,ซอยเอกชัย 131,บางบอน 5,ซอยเอกชัย 131
บางบอน 5,บางบอน 5,บางบอน 5,บางบอน 5
บางบอน 5,เอกชัย,บางบอน 5,เอกชัย
ตึกชัย,พหลโยธิน,ตึกชัย,พหลโยธิน
ตึกชัย,ประดิพัทธ์,ตึกชัย,ประดิพัทธ์
ตึกชัย,สุทธิสาร,ตึกชัย,สุทธิสาร
เพชรเกษม 81,ขอยเพชรเกษม 81,เพชรเกษม 81,ขอยเพชรเกษม 81
เพชรเกษม 81,เพชรเกษม,เพชรเกษม 81,เพชรเกษม
อำนวยสงคราม,พิชัย,อำนวยสงคราม,พิชัย
อำนวยสงคราม,อำนวยสงคราม,อำนวยสงคราม,อำนวยสงคราม
สะพานวันชาติ,ดินสอ,สะพานวันชาติ,ดินสอ
สะพานวันชาติ,ประชาธิปไตย,สะพานวันชาติ,ประชาธิปไตย
สะพานวันชาติ,พระสุเมรุ,สะพานวันชาติ,พระสุเมรุ
สี่พระยา,เจริญกรุง,สี่พระยา,เจริญกรุง
สี่พระยา,สี่พระยา,สี่พระยา,สี่พระยา
เสาวณี,สวรรคโลก,เสาวณี,สวรรคโลก
เสาวณี,ศรีอยุธยา,เสาวณี,ศรีอยุธยา
สาทร - เจริญกรุง,เจริญกรุง,สาทร - เจริญกรุง,เจริญกรุง
สาทร - เจริญกรุง,สาทร,สาทร - เจริญกรุง,สาทร
ราษฎร์บูรณะ,ราษฎร์พัฒนา,ราษฎร์บูรณะ,ราษฎร์พัฒนา
ราษฎร์บูรณะ,ราษฎร์บูรณะ,ราษฎร์บูรณะ,ราษฎร์บูรณะ
กล้วยน้ำไท,กล้วยน้ำไทตัดใหม่,กล้วยน้ำไท,กล้วยน้ำไทตัดใหม่
กล้วยน้ำไท,พระรามที่ 4,กล้วยน้ำไท,พระรามที่ 4
วัดเทพลีลา,ซอยรามคำแหง 39,วัดเทพลีลา,ซอยรามคำแหง 39
วัดเทพลีลา,รามคำแหง,วัดเทพลีลา,รามคำแหง
สำนักงาน กพ .,พิษณุโลก,สำนักงาน กพ .,พิษณุโลก
นางเลิ้ง,นครสวรรค์,นางเลิ้ง,นครสวรรค์
นางเลิ้ง,ทางข้ามสนามม้า,นางเลิ้ง,ทางข้ามสนามม้า
นางเลิ้ง,พิษณุโลก,นางเลิ้ง,พิษณุโลก
ทางข้ามถนนหลานหลวง (ใกล้ถนนเพนียง),หลานหลวง,ทางข้ามถนนหลานหลวง (ใกล้ถนนเพนียง),หลานหลวง
สะพานขาว,กรุงเกษม,สะพานขาว,กรุงเกษม
สะพานขาว,หลานหลวง,สะพานขาว,หลานหลวง
นวมินทร์ - ประเสริฐมนูกิจ,นวมินทร์,นวมินทร์ - ประเสริฐมนูกิจ,นวมินทร์
นวมินทร์ - ประเสริฐมนูกิจ,ประเสริฐมนูกิจ,นวมินทร์ - ประเสริฐมนูกิจ,ประเสริฐมนูกิจ
สี่แยกลาดหญ้า,ท่าดินแดง,สี่แยกลาดหญ้า,ท่าดินแดง
สี่แยกลาดหญ้า,อิสรภาพ,สี่แยกลาดหญ้า,อิสรภาพ
หน้ารัฐสภา,อู่ทองใน,หน้ารัฐสภา,อู่ทองใน
ราชวิถี,พระรามที่ 5,ราชวิถี,พระรามที่ 5
ราชวิถี,ราชวิถี,ราชวิถี,ราชวิถี
ทางข้ามหน้าโรงแรมมิราเคิล,กำแพงเพชร 6,ทางข้ามหน้าโรงแรมมิราเคิล,กำแพงเพชร 6
มิตรสัมพันธ์,นิคมมักกะสัน,มิตรสัมพันธ์,นิคมมักกะสัน
มิตรสัมพันธ์,เพชรบุรี,มิตรสัมพันธ์,เพชรบุรี
พรานนก,อิสรภาพ,พรานนก,อิสรภาพ
พรานนก,พรานนก,พรานนก,พรานนก
ศิริราช,อรุณอัมรินทร์,ศิริราช,อรุณอัมรินทร์
ศิริราช,พรานนก,ศิริราช,พรานนก
นราธิวาส- สุรวงศ์,นราธิวาส,นราธิวาส- สุรวงศ์,นราธิวาส
นราธิวาส- สุรวงศ์,สุรวงศ์,นราธิวาส- สุรวงศ์,สุรวงศ์
เจริญกรุง -สุรวงศ์,เจริญกรุง,เจริญกรุง -สุรวงศ์,เจริญกรุง
เจริญกรุง -สุรวงศ์,สุรวงศ์,เจริญกรุง -สุรวงศ์,สุรวงศ์
พระราม 9 - ประดิษฐ์มนูธรรม,ประดิษฐ์มนูธรรม,พระราม 9 - ประดิษฐ์มนูธรรม,ประดิษฐ์มนูธรรม
พระราม 9 - ประดิษฐ์มนูธรรม,พระราม 9,พระราม 9 - ประดิษฐ์มนูธรรม,พระราม 9
ณ ระนอง,ณ ระนอง,ณ ระนอง,ณ ระนอง
ณ ระนอง,รัชดาภิเษก,ณ ระนอง,รัชดาภิเษก
ณ ระนอง,พระรามที่ 3,ณ ระนอง,พระรามที่ 3
ณ ระนอง,สุนทรโกษา,ณ ระนอง,สุนทรโกษา
นางลิ้นจี่,นางลิ้นจี่,นางลิ้นจี่,นางลิ้นจี่
นางลิ้นจี่,พระรามที่ 3,นางลิ้นจี่,พระรามที่ 3
พงษ์พระราม,จารุเมือง,พงษ์พระราม,จารุเมือง
พงษ์พระราม,พระรามที่ 1,พงษ์พระราม,พระรามที่ 1
รามคำแหง 2 -ซ.หมู่บ้านทุ่งเศรษฐี,รามคำแหง 2,รามคำแหง 2 -ซ.หมู่บ้านทุ่งเศรษฐี,รามคำแหง 2
รามคำแหง 2 -ซ.หมู่บ้านทุ่งเศรษฐี,รามคำแหง 2 ซอย 23,รามคำแหง 2 -ซ.หมู่บ้านทุ่งเศรษฐี,รามคำแหง 2 ซอย 23
รามคำแหง 2 -ซ.หมู่บ้านทุ่งเศรษฐี,ซอยหมู่บานทุ่งเศรษฐี,รามคำแหง 2 -ซ.หมู่บ้านทุ่งเศรษฐี,ซอยหมู่บานทุ่งเศรษฐี
จุดกลับรถบางขุนเทียน 14,บางขุนเทียนชายทะเล,จุดกลับรถบางขุนเทียน 14,บางขุนเทียนชายทะเล
ร่มเกลา,ร่มเกล้า,ร่มเกลา,ร่มเกล้า
ร่มเกลา,รามคำแหง,ร่มเกลา,รามคำแหง
ทางข้ามปากซอยอุดมสุข 47,สุขุมวิท 103 (อุดมสุข),ทางข้ามปากซอยอุดมสุข 47,สุขุมวิท 103 (อุดมสุข)
อุดมสุข,สุขุมวิท,อุดมสุข,สุขุมวิท
อุดมสุข,ซอยสุขุมวิท 103 (อุดมสุข),อุดมสุข,ซอยสุขุมวิท 103 (อุดมสุข)
เจ้าคุณทหาร - ฉลองกรุง,ฉลองกรุง,เจ้าคุณทหาร - ฉลองกรุง,ฉลองกรุง
เจ้าคุณทหาร - ฉลองกรุง,เจ้าคุณทหาร,เจ้าคุณทหาร - ฉลองกรุง,เจ้าคุณทหาร
ลาดกระบัง 54,ซอยลาดกระบัง 54,ลาดกระบัง 54,ซอยลาดกระบัง 54
ลาดกระบัง 54,ลาดกระบัง,ลาดกระบัง 54,ลาดกระบัง
เคหะร่มเกล่า - ซ.เคดหะร่มเกล้า 6,ซอยเคหะร่มเกล้า 6 แยก 6,เคหะร่มเกล่า - ซ.เคดหะร่มเกล้า 6,ซอยเคหะร่มเกล้า 6 แยก 6
เคหะร่มเกล่า - ซ.เคดหะร่มเกล้า 6,เคหะร่มเกล้า,เคหะร่มเกล่า - ซ.เคดหะร่มเกล้า 6,เคหะร่มเกล้า
เพชรเกษม 20,ซอยเพชรเกษม 20,เพชรเกษม 20,ซอยเพชรเกษม 20
เพชรเกษม 20,เพชรเกษม,เพชรเกษม 20,เพชรเกษม
ซอยจรัญสนิทวงศ์ 3,จรัญสนิทวงศ์,ซอยจรัญสนิทวงศ์ 3,จรัญสนิทวงศ์
ซอยจรัญสนิทวงศ์ 3,ซอยจรัญสนิทวงศ์,ซอยจรัญสนิทวงศ์ 3,ซอยจรัญสนิทวงศ์
เทเวศร์,สามเสน,เทเวศร์,สามเสน
เทเวศร์,กรุงเกษม,เทเวศร์,กรุงเกษม
เอกชัย - บางขุนเทียนชายทะเล,บางขุนเทียนชายทะเล,เอกชัย - บางขุนเทียนชายทะเล,บางขุนเทียนชายทะเล
เอกชัย - บางขุนเทียนชายทะเล,เอกชัย,เอกชัย - บางขุนเทียนชายทะเล,เอกชัย
ยมราช,หลานหลวง,ยมราช,หลานหลวง
ยมราช,สวรรคโลก,ยมราช,สวรรคโลก
ยมราช,พิษณุโลก,ยมราช,พิษณุโลก
ยมราช,เพชรบุรี,ยมราช,เพชรบุรี
ทางข้ามหน้าโรบินสันบางรัก,เจริญกรุง,ทางข้ามหน้าโรบินสันบางรัก,เจริญกรุง
ด่วนสีลม,เลียบใต้ทางด่วน,ด่วนสีลม,เลียบใต้ทางด่วน
ด่วนสีลม,ขึ้น - ลงทางด่วนศรีรัช,ด่วนสีลม,ขึ้น - ลงทางด่วนศรีรัช
ด่วนสีลม,สีลม,ด่วนสีลม,สีลม
อ่อนนุช,สุขุมวิท,อ่อนนุช,สุขุมวิท
อ่อนนุช,ซอยส่วนบุคคล,อ่อนนุช,ซอยส่วนบุคคล
อ่อนนุช,ซอยสุขุมวิท 77,อ่อนนุช,ซอยสุขุมวิท 77
รามคำแหง - มหาดไทย,ซอยรามคำแหง 65 (มหาดไทย),รามคำแหง - มหาดไทย,ซอยรามคำแหง 65 (มหาดไทย)
รามคำแหง - มหาดไทย,รามคำแหง,รามคำแหง - มหาดไทย,รามคำแหง
ประชาอุทิศ,เทียมร่วมมิตร,ประชาอุทิศ,เทียมร่วมมิตร
คลองเตย,สุนทรโกษา,คลองเตย,สุนทรโกษา
คลองเตย,พระรามที่ 4,คลองเตย,พระรามที่ 4
สะพานพระราม 3,สะพานพระราม 3,สะพานพระราม 3,สะพานพระราม 3
สะพานภูมิพล 1,สะพานภูมิพล 1,สะพานภูมิพล 1,สะพานภูมิพล 1
สะพานกรุงเทพ,สะพานกรุงเทพ,สะพานกรุงเทพ,สะพานกรุงเทพ
สะพานปฐมบรมราชานุสรณ์(สะพานพระพุทธยอดฟ้า),สะพานสมเด็จพระพุทธยอดฟ้า,สะพานปฐมบรมราชานุสรณ์(สะพานพระพุทธยอดฟ้า),สะพานสมเด็จพระพุทธยอดฟ้า
สะพานพระปกเกล้า,สะพานพระปกเกล้า,สะพานพระปกเกล้า,สะพานพระปกเกล้า
สะพานสมเด็จพระเจ้าตากสินมหาราช,สะพานสาทร,สะพานสมเด็จพระเจ้าตากสินมหาราช,สะพานสาทร
สะพานพระราม 7,สะพานพระราม 7,สะพานพระราม 7,สะพานพระราม 7
สะพานพระราม 8,พานพระราม 8,สะพานพระราม 8,พานพระราม 8
สะพานสมเด็จพระปืนเกล้า,สะพานสมเด็จพระปืนเกล้า,สะพานสมเด็จพระปืนเกล้า,สะพานสมเด็จพระปืนเกล้า
สะพานกรุงธน,สะพานกรุงธน,สะพานกรุงธน,สะพานกรุงธน
วชิระ,สามเสน,วชิระ,สามเสน
วชิระ,สุโขทัย,วชิระ,สุโขทัย
ยุคล 2,ยุคล 2,ยุคล 2,ยุคล 2
ยุคล 2,บำรุงเมือง,ยุคล 2,บำรุงเมือง
อนามัย,พลับพลาไชย,อนามัย,พลับพลาไชย
อนามัย,บำรุงเมือง,อนามัย,บำรุงเมือง
บางเขน,กำแพงเพชร 6,บางเขน,กำแพงเพชร 6
บางเขน,งามวงศ์วาน,บางเขน,งามวงศ์วาน
ประเสริฐมนูกิจ -สุคนธสวัสดิ์,สุคนธสวัสดิ์,ประเสริฐมนูกิจ -สุคนธสวัสดิ์,สุคนธสวัสดิ์
ประเสริฐมนูกิจ -สุคนธสวัสดิ์,ประเสริฐมนูกิจ,ประเสริฐมนูกิจ -สุคนธสวัสดิ์,ประเสริฐมนูกิจ
การเคหะ,นวมินทร์,การเคหะ,นวมินทร์
การเคหะ,ซอยนวมินทร์ 51,การเคหะ,ซอยนวมินทร์ 51
การเคหะ,ศรีบูรพา,การเคหะ,ศรีบูรพา
สวรรคโลก - สุคันธาราม,สวรรคโลก,สวรรคโลก - สุคันธาราม,สวรรคโลก
สวรรคโลก - สุคันธาราม,สุคันธาราม,สวรรคโลก - สุคันธาราม,สุคันธาราม
พระรามที่3-วงแหวนอุตสาหกรรม,พระรามที่ 3,พระรามที่3-วงแหวนอุตสาหกรรม,พระรามที่ 3
พระรามที่3-วงแหวนอุตสาหกรรม,วงแหวนอุตสาหกรรม,พระรามที่3-วงแหวนอุตสาหกรรม,วงแหวนอุตสาหกรรม
ราษฎร์พัฒนา,ซอยสุขสวัสดิ์ 27,ราษฎร์พัฒนา,ซอยสุขสวัสดิ์ 27
ราษฎร์พัฒนา,สุขสวัสดิ์,ราษฎร์พัฒนา,สุขสวัสดิ์
ทางข้ามหน้าหมู่บ้านธันยกานต์ (ซ.วัชรพล 25),วัชรพล,ทางข้ามหน้าหมู่บ้านธันยกานต์ (ซ.วัชรพล 25),วัชรพล
มัฒวาน,ราชดำเนินนอก,มัฒวาน,ราชดำเนินนอก
มัฒวาน,กรุงเกษม,มัฒวาน,กรุงเกษม
อรุณอัมรินทร์ตัดใหม่ -วังเดิม,อรุณอัมรินทร์ตัดใหม่,อรุณอัมรินทร์ตัดใหม่ -วังเดิม,อรุณอัมรินทร์ตัดใหม่
อรุณอัมรินทร์ตัดใหม่ -วังเดิม,วังเดิม,อรุณอัมรินทร์ตัดใหม่ -วังเดิม,วังเดิม
ทางข้ามปากซอยสามเสน 1,สามเสน,ทางข้ามปากซอยสามเสน 1,สามเสน
บางลำพู,สามเสน,บางลำพู,สามเสน
บางลำพู,พระเมรุ,บางลำพู,พระเมรุ
ทางข้ามปากซอยเอกชัย 32,เอกชัย,ทางข้ามปากซอยเอกชัย 32,เอกชัย
พระราม 9 ใหม่,เพชรพระราม,พระราม 9 ใหม่,เพชรพระราม
พระราม 9 ใหม่,พระรามที่ 9,พระราม 9 ใหม่,พระรามที่ 9
สำราษราษฎร์,มหาไชย,สำราษราษฎร์,มหาไชย
สำราษราษฎร์,บำรุงเมือง,สำราษราษฎร์,บำรุงเมือง
วัดสน,ซอยสุขสวัสดิ์ 35,วัดสน,ซอยสุขสวัสดิ์ 35
นอร์ธปาร์ค,กำแพงเพชร 6,นอร์ธปาร์ค,กำแพงเพชร 6
นอร์ธปาร์ค,ชิดชน,นอร์ธปาร์ค,ชิดชน
เกียกกาย,สามเสน,เกียกกาย,สามเสน
เกียกกาย,ประชาราษฎร์สาย 1,เกียกกาย,ประชาราษฎร์สาย 1
เกียกกาย,ทหาร,เกียกกาย,ทหาร
พญาไท,พญาไท,พญาไท,พญาไท
พญาไท,ศรีอยุธยา,พญาไท,ศรีอยุธยา
วัดสะพานสูง,เตชะวณิช,วัดสะพานสูง,เตชะวณิช
วัดสะพานสูง,พระรามที่ 6,วัดสะพานสูง,พระรามที่ 6
พระรามที่ 6 -พระรามที่ 6ซอย 36,พระรามที่ 6 ซอย 36,พระรามที่ 6 -พระรามที่ 6ซอย 36,พระรามที่ 6 ซอย 36
พระรามที่ 6 -พระรามที่ 6ซอย 36,พระรามที่ 6,พระรามที่ 6 -พระรามที่ 6ซอย 36,พระรามที่ 6
บางแค,บางแค,บางแค,บางแค
บางแค,เพชรเกษม,บางแค,เพชรเกษม
เสนานิคม,พหลโยธิน,เสนานิคม,พหลโยธิน
เสนานิคม,ซอยเสนานิคม,เสนานิคม,ซอยเสนานิคม
สาทร - นราธิวาส,นราธิวาสราชนครินทร์,สาทร - นราธิวาส,นราธิวาสราชนครินทร์
สาทร - นราธิวาส,สาทร,สาทร - นราธิวาส,สาทร
วัดเบญฯ,พระรามที่ 5,วัดเบญฯ,พระรามที่ 5
วัดเบญฯ,ศรีอยุธยา,วัดเบญฯ,ศรีอยุธยา
ป้อมมหากาฬ,มหาไชย,ป้อมมหากาฬ,มหาไชย
ป้อมมหากาฬ,พระสุเมรุ,ป้อมมหากาฬ,พระสุเมรุ
ป้อมมหากาฬ,ราชดำเนินกลาง,ป้อมมหากาฬ,ราชดำเนินกลาง
เสือป่า,ราชวงศ์,เสือป่า,ราชวงศ์
เสือป่า,เสือป่า,เสือป่า,เสือป่า
เสือป่า,เจริญกรุง,เสือป่า,เจริญกรุง
เดโช,เดโช,เดโช,เดโช
เดโช,สีลม,เดโช,สีลม
เจริญผล,บรรทัดทอง,เจริญผล,บรรทัดทอง
เจริญผล,พระรามที่ 1,เจริญผล,พระรามที่ 1
จอมทอง,วุฒากาศ,จอมทอง,วุฒากาศ
จอมทอง,จอมทอง,จอมทอง,จอมทอง
จ.ป.ร,ราชดำเนฉินนอก,จ.ป.ร,ราชดำเนฉินนอก
จ.ป.ร,จักรพรรดิพงษ์,จ.ป.ร,จักรพรรดิพงษ์
ศาลาแดง,สีลม,ศาลาแดง,สีลม
ศาลาแดง,ราชดำริ,ศาลาแดง,ราชดำริ
ศาลาแดง,พระรามที่ 4,ศาลาแดง,พระรามที่ 4
ด่วนนางลิ้นจี่,นางลิ้นจี่,ด่วนนางลิ้นจี่,นางลิ้นจี่
ด่วนนางลิ้นจี่,รัชดาภิเษก,ด่วนนางลิ้นจี่,รัชดาภิเษก
พุทธมณฑลสาย 3 - ถ.อุทยาน,พุทธมณฑลสาย 3,พุทธมณฑลสาย 3 - ถ.อุทยาน,พุทธมณฑลสาย 3
พุทธมณฑลสาย 3 - ถ.อุทยาน,อุทยาน,พุทธมณฑลสาย 3 - ถ.อุทยาน,อุทยาน
รัชโยธิน,พหลโยธิน,รัชโยธิน,พหลโยธิน
รัชโยธิน,รัชดาภิเษก,รัชโยธิน,รัชดาภิเษก
บางกระบือ,สามเสน,บางกระบือ,สามเสน
บางกระบือ,เขียวไข่กา,บางกระบือ,เขียวไข่กา
บางกระบือ,อำนวยสงคราม,บางกระบือ,อำนวยสงคราม
อังรีดูนังต์,สุรวงศ์,อังรีดูนังต์,สุรวงศ์
อังรีดูนังต์,อังรีดูนังต์,อังรีดูนังต์,อังรีดูนังต์
อังรีดูนังต์,พระรามที่ 4,อังรีดูนังต์,พระรามที่ 4
เพชรบุรี- พร้อมพงษ์,ซอยสุขุมวิท 39,เพชรบุรี- พร้อมพงษ์,ซอยสุขุมวิท 39
เพชรบุรี- พร้อมพงษ์,เพชรบุรี,เพชรบุรี- พร้อมพงษ์,เพชรบุรี
เฉลิมพระเกียรติ ร.9 ซ.62 แยก 2,ฉลิมพระเกียรติ ร.9 ซ.62 แยก,เฉลิมพระเกียรติ ร.9 ซ.62 แยก 2,ฉลิมพระเกียรติ ร.9 ซ.62 แยก
เฉลิมพระเกียรติ ร.9 ซ.62 แยก 2,เฉลิมพระเกียรติ ร.9 ซ.62,เฉลิมพระเกียรติ ร.9 ซ.62 แยก 2,เฉลิมพระเกียรติ ร.9 ซ.62
ประชาชื่น,ริมคลองประปาฝั่งซ้าย,ประชาชื่น,ริมคลองประปาฝั่งซ้าย
ประชาชื่น,ประชาชื่น,ประชาชื่น,ประชาชื่น
ประชาชื่น,ประชาราษฎร์สาย 2,ประชาชื่น,ประชาราษฎร์สาย 2
วังแดง,ราชสีมา,วังแดง,ราชสีมา
วังแดง,พิษณุโลก,วังแดง,พิษณุโลก
ใกล้แยกประดิษฐ์มนูธรรม -รามอินทรา,ประดิษฐ์มนูธรรม,ใกล้แยกประดิษฐ์มนูธรรม -รามอินทรา,ประดิษฐ์มนูธรรม
นานา,ซ .สุขุมวิท 4,นานา,ซ .สุขุมวิท 4
นานา,ซ .สุขุมวิท 3 (นานา ),นานา,ซ .สุขุมวิท 3 (นานา )
นานา,สุขุมวิท,นานา,สุขุมวิท
สาทร -สุรศักดิ์,เจริญราษฎร์,สาทร -สุรศักดิ์,เจริญราษฎร์
สาทร -สุรศักดิ์,สุรศักดิ์,สาทร -สุรศักดิ์,สุรศักดิ์
สาทร -สุรศักดิ์,สาทร,สาทร -สุรศักดิ์,สาทร
วัชรพล - รามอินทรา 65,วัชรพล,วัชรพล - รามอินทรา 65,วัชรพล
วัชรพล - รามอินทรา 65,รามอินทรา 65,วัชรพล - รามอินทรา 65,รามอินทรา 65
หน้าสถานีตำรวจนครบาลบุคคโล,เจริญนคร,หน้าสถานีตำรวจนครบาลบุคคโล,เจริญนคร
เอส เอ บี,วรจักร,เอส เอ บี,วรจักร
เอส เอ บี,เจริญกรุง,เอส เอ บี,เจริญกรุง
ประดิพัทธ์,พระรามที่ 6,ประดิพัทธ์,พระรามที่ 6
ประดิพัทธ์,ประดิพัทธ์,ประดิพัทธ์,ประดิพัทธ์
วัดดวงแข,จารุเมือง,วัดดวงแข,จารุเมือง
วัดดวงแข,เจริญเมือง,วัดดวงแข,เจริญเมือง
ปากซอยสารภี 2,ประชาธิปก,ปากซอยสารภี 2,ประชาธิปก
ปากซอยลาดหญ้า 6,ลาดหญ้า,ปากซอยลาดหญ้า 6,ลาดหญ้า
หน้าสถานีดับเพลิงธนบุรี,อินทรพิทักษ์,หน้าสถานีดับเพลิงธนบุรี,อินทรพิทักษ์
ศรีอยุธยา,พระรามที่ 6,ศรีอยุธยา,พระรามที่ 6
ศรีอยุธยา,ศรีอยุธยา,ศรีอยุธยา,ศรีอยุธยา
ผังเมือง,รอยัลซิติ้อเวนิว,ผังเมือง,รอยัลซิติ้อเวนิว
ผังเมือง,วัฒนธรรม,ผังเมือง,วัฒนธรรม
ผังเมือง,พระราม 9,ผังเมือง,พระราม 9
สี่กั๊กเสาชิงช้า,เฟื่องนคร,สี่กั๊กเสาชิงช้า,เฟื่องนคร
สี่กั๊กเสาชิงช้า,ตะนาว,สี่กั๊กเสาชิงช้า,ตะนาว
สี่กั๊กเสาชิงช้า,บำรุงเมือง,สี่กั๊กเสาชิงช้า,บำรุงเมือง
สีกักเสาชิงซ้า,บำรุงเมือง,สีกักเสาชิงซ้า,บำรุงเมือง
นิมิตใหม่64,ซอยนิมิตรใหม่64,นิมิตใหม่64,ซอยนิมิตรใหม่64
นิมิตใหม่64,ซอยนิมิตรใหม่63,นิมิตใหม่64,ซอยนิมิตรใหม่63
นิมิตใหม่64,นิมิตรใหม่,นิมิตใหม่64,นิมิตรใหม่
ใกล้แยกนราธิวาส -สุรวงศ์,นราธิวาสราชนครินทร์,ใกล้แยกนราธิวาส -สุรวงศ์,นราธิวาสราชนครินทร์
หน้าเทคโนโลยีกรุงเทพ,นราธิวาสราชนครินทร์,หน้าเทคโนโลยีกรุงเทพ,นราธิวาสราชนครินทร์
ใกล้แยกรัชดา - นราธิวาส,นราธิวาสราชนครินทร์,ใกล้แยกรัชดา - นราธิวาส,นราธิวาสราชนครินทร์
บางโพ,ประชาราษฎร์สาย 1,บางโพ,ประชาราษฎร์สาย 1
บางโพ,ประชาราษฎร์สาย 2,บางโพ,ประชาราษฎร์สาย 2
ลาดกระบัง - ฉลองกรุง,ฉลองกรุง,ลาดกระบัง - ฉลองกรุง,ฉลองกรุง
ลาดกระบัง - ฉลองกรุง,ลาดกระบัง,ลาดกระบัง - ฉลองกรุง,ลาดกระบัง
หน้าอาคารสินสาธรทาวเวอร์,กรุงธนบุรี,หน้าอาคารสินสาธรทาวเวอร์,กรุงธนบุรี
ใกล้สถานี BTS วงเวียนใหญ่,กรุงธนบุรี,ใกล้สถานี BTS วงเวียนใหญ่,กรุงธนบุรี
วิทยุ- เพชร,วิทยุ -ทางขึ้นลงทางด่วน,วิทยุ- เพชร,วิทยุ -ทางขึ้นลงทางด่วน
วิทยุ- เพชร,ซอย์เพชรบุรี 37,วิทยุ- เพชร,ซอย์เพชรบุรี 37
วิทยุ- เพชร,เพชรบุรี,วิทยุ- เพชร,เพชรบุรี
ใกล้สถานีไฟฟ้าเอกมัย,สุขุมวิท,ใกล้สถานีไฟฟ้าเอกมัย,สุขุมวิท
ใกล้สถานีรถไฟฟ้าพระโขนง,สุขุมวิท,ใกล้สถานีรถไฟฟ้าพระโขนง,สุขุมวิท
ใกล้สถานีรถไฟฟ้าอ่อนนุช,สุขุมวิท,ใกล้สถานีรถไฟฟ้าอ่อนนุช,สุขุมวิท
ปากซอยบางกระดี่ 1,บางกระดี่,ปากซอยบางกระดี่ 1,บางกระดี่
ปากซอยบางกระดี่ 16,บางกระดี่,ปากซอยบางกระดี่ 16,บางกระดี่
ปากซอยบางกระดี 32,บางกระดี่,ปากซอยบางกระดี 32,บางกระดี่
ปากซอยบางกระดิ 35/1,บางกระดี่,ปากซอยบางกระดิ 35/1,บางกระดี่
บางนา,สุขุมวิท,บางนา,สุขุมวิท
บางนา,สรรพาวุธ,บางนา,สรรพาวุธ
บางนา,บางนาตราด,บางนา,บางนาตราด
หน้าวัดสุทัศน์,บำรุงเมือง,หน้าวัดสุทัศน์,บำรุงเมือง
หน้าราชนาวีสโมสร,มหาราช,หน้าราชนาวีสโมสร,มหาราช
หน้ามหาวิทยาลัยศิลปากร,หน้าพระลาน,หน้ามหาวิทยาลัยศิลปากร,หน้าพระลาน
หน้า ม.ธรรมศาสตร์ ,หน้าพระธาตุ,หน้า ม.ธรรมศาสตร์,หน้าพระธาตุ
บริเวณจุดกลับรถหน้าโรงเรียนฝึกอาชีพ กรุงเทพมหานคร,เชื่อมสัมพันธ์,บริเวณจุดกลับรถหน้าโรงเรียนฝึกอาชีพ กรุงเทพมหานคร,เชื่อมสัมพันธ์
หน้ากรมการขนส่งทางบก,พหลโยธิน,หน้ากรมการขนส่งทางบก,พหลโยธิน
หน้าวัดพระศรีมหาธาตุวรวิหาร,พหลโยธิน,หน้าวัดพระศรีมหาธาตุวรวิหาร,พหลโยธิน
หน้ามหาวิทยาลัยนวมินทราธิราช,ขาว,หน้ามหาวิทยาลัยนวมินทราธิราช,ขาว
ป้อมเผด็จ,สนามไชย,ป้อมเผด็จ,สนามไชย
ป้อมเผด็จ,ราชดำเนินใน,ป้อมเผด็จ,ราชดำเนินใน
ป้อมเผด็จ,หลักเมือง,ป้อมเผด็จ,หลักเมือง
ป้อมเผด็จ,หน้าพระลาน,ป้อมเผด็จ,หน้าพระลาน
ลาซาล - ถนนตัดไหม่ลาซาล -แบริ่ง,ตัดใหม่ลาซาล-แบริ่ง,ลาซาล - ถนนตัดไหม่ลาซาล -แบริ่ง,ตัดใหม่ลาซาล-แบริ่ง
ลาซาล - ถนนตัดไหม่ลาซาล -แบริ่ง,ลาซาล,ลาซาล - ถนนตัดไหม่ลาซาล -แบริ่ง,ลาซาล
แบริ่ง - ถนนตัดใหม่ลาซาล- แบริ่ง,ตัดใหม่ลาซาล - แบริ่ง,แบริ่ง - ถนนตัดใหม่ลาซาล- แบริ่ง,ตัดใหม่ลาซาล - แบริ่ง
แบริ่ง - ถนนตัดใหม่ลาซาล- แบริ่ง,สุขุมวิท107(แบริ่ง),แบริ่ง - ถนนตัดใหม่ลาซาล- แบริ่ง,สุขุมวิท107(แบริ่ง)
ใกล้คลองบางปะแก้ว,ราษฎร์บูรณะ,ใกล้คลองบางปะแก้ว,ราษฎร์บูรณะ
หน้าบิ๊กซีราษฎร์บูรณะ,ราษฎร์บูรณะ,หน้าบิ๊กซีราษฎร์บูรณะ,ราษฎร์บูรณะ
ใต้สะพานพระราม9,ราษฎร์บูรณะ,ใต้สะพานพระราม9,ราษฎร์บูรณะ
ข้างสวนดุสิต,พระรามที่ 5,ข้างสวนดุสิต,พระรามที่ 5
ชุมชนพัฒนาล็อค 4-5-6,ทางชุมชนพัฒนาล็อค 4-5-6,ชุมชนพัฒนาล็อค 4-5-6,ทางชุมชนพัฒนาล็อค 4-5-6
ชุมชนพัฒนาล็อค 4-5-6,อาจณรงค์,ชุมชนพัฒนาล็อค 4-5-6,อาจณรงค์
ชุมชนพัฒนาล็อค 4-5-6,ทางขึ้นทางด่วน,ชุมชนพัฒนาล็อค 4-5-6,ทางขึ้นทางด่วน
บางขุนนนท์,บางกอกน้อยตลิงชัน,บางขุนนนท์,บางกอกน้อยตลิงชัน
สามแยกในซอยสุขุมวิท 101/1,ซอยอุดมสุข 51,สามแยกในซอยสุขุมวิท 101/1,ซอยอุดมสุข 51
สามแยกในซอยสุขุมวิท 101/1,ซอยวัดทุ่ง,สามแยกในซอยสุขุมวิท 101/1,ซอยวัดทุ่ง
สามแยกในซอยสุขุมวิท 101/1,วชิรธรรมสาธิต,สามแยกในซอยสุขุมวิท 101/1,วชิรธรรมสาธิต
ปากซอยอรุณอัมรินทร์ 6,อรุณอัมรินทร์,ปากซอยอรุณอัมรินทร์ 6,อรุณอัมรินทร์
หน้ากรมอู่ทหารเรือ,อรุณอัมรินทร์,หน้ากรมอู่ทหารเรือ,อรุณอัมรินทร์
ใต้สะพานพระราม 8,อรุณอัมรินทร์ตัดใหม่,ใต้สะพานพระราม 8,อรุณอัมรินทร์ตัดใหม่
ปทุมวัน,พระรามที่ 2,ปทุมวัน,พระรามที่ 2
ปทุมวัน,พระรามที่ 3,ปทุมวัน,พระรามที่ 3
ใกล้สถานีรถไฟฟ้า BTS สุรศักดิ์,สาทร,ใกล้สถานีรถไฟฟ้า BTS สุรศักดิ์,สาทร
ใกล้แยกอุทยาน - พุทธมณฑลสาย 3,ยุทยาน,ใกล้แยกอุทยาน - พุทธมณฑลสาย 3,ยุทยาน
ใกล้เเยกอุทยาน พุทธมณฑลสาย 4,อุทยาน,ใกล้เเยกอุทยาน พุทธมณฑลสาย 4,อุทยาน
ททัยมิตร -นิมิตรใหม่,นิมิตรใหม่,ททัยมิตร -นิมิตรใหม่,นิมิตรใหม่
ททัยมิตร -นิมิตรใหม่,หทัยมิตร,ททัยมิตร -นิมิตรใหม่,หทัยมิตร
ททัยมิตร -นิมิตรใหม่,ซอยวัดสุขใจ,ททัยมิตร -นิมิตรใหม่,ซอยวัดสุขใจ
ผ่านพิภพ,สมเด็จพระปิ่นเกล้า,ผ่านพิภพ,สมเด็จพระปิ่นเกล้า
ผ่านพิภพ,จักรพงษ์,ผ่านพิภพ,จักรพงษ์
ผ่านพิภพ,ราชดำเนินกลาง,ผ่านพิภพ,ราชดำเนินกลาง
ผ่านพิภพ,ราชดำเนินใน,ผ่านพิภพ,ราชดำเนินใน
ตลาด อตก.,กำแพงเพชร 2,ตลาด อตก.,กำแพงเพชร 2
ตลาด อตก.,กำแพงเพชร,ตลาด อตก.,กำแพงเพชร
ภาวนา,ซอยลาดพราว 37,ภาวนา,ซอยลาดพราว 37
ภาวนา,ถนนลาดพร้าว,ภาวนา,ถนนลาดพร้าว
หน้าสถานีเดินรถโดยสารขนาดเล็ก,กำแพงเพชร 2,หน้าสถานีเดินรถโดยสารขนาดเล็ก,กำแพงเพชร 2
หน้ากรมโรงงานอุตสาหกรรม,พระสุเมรุ,หน้ากรมโรงงานอุตสาหกรรม,พระสุเมรุ
หน้าพุทธสมาคมแห่งประเทศไทย,พระอาทิตย์,หน้าพุทธสมาคมแห่งประเทศไทย,พระอาทิตย์
หน้าโรงละครแห่งชาติ,ราชินี,หน้าโรงละครแห่งชาติ,ราชินี
ด่วนสาธุ,สาธุประดิษฐ์,ด่วนสาธุ,สาธุประดิษฐ์
ด่วนสาธุ,รัชดาภิเษก,ด่วนสาธุ,รัชดาภิเษก
ปากซอยเลียบวารี 59 - 61,เลียบวารี,ปากซอยเลียบวารี 59 - 61,เลียบวารี
หน้าโรงเรียนสุเหร่าทรายกองดิน,ราษฎร์อุทิศ,หน้าโรงเรียนสุเหร่าทรายกองดิน,ราษฎร์อุทิศ
ใกล้ปากทางถนนเทพรักษ์- พหลโยธิน,เทพารักษ์,ใกล้ปากทางถนนเทพรักษ์- พหลโยธิน,เทพารักษ์
ซอยพหลโยธิน52แยก48,เทพรักษ์,ซอยพหลโยธิน52แยก48,เทพรักษ์
ถนนเทพรักษ์ - สุขาภิบาล 5,เทพรักษ์,ถนนเทพรักษ์ - สุขาภิบาล 5,เทพรักษ์
ทางเข้า- ออกแจ้งวัฒนะ 5 ,ซอยแจ้งวัฒนะ 5,ทางเข้า- ออกแจ้งวัฒนะ 5,ซอยแจ้งวัฒนะ 5
ทางเข้า- ออกแจ้งวัฒนะ 5,ซอยแจ้งวัฒนะ 5,ทางเข้า- ออกแจ้งวัฒนะ 5,ซอยแจ้งวัฒนะ 5
ทางเข้า- ออกแจ้งวัฒนะ 5,แจ้งวัฒนะ,ทางเข้า- ออกแจ้งวัฒนะ 5,แจ้งวัฒนะ
ปากซอยแจ้งวัฒนะ 7,ซอยแจ้งวัฒนะ 7,ปากซอยแจ้งวัฒนะ 7,ซอยแจ้งวัฒนะ 7
ปากซอยแจ้งวัฒนะ 7,แจ้งวัฒนะ,ปากซอยแจ้งวัฒนะ 7,แจ้งวัฒนะ
ทางเข้าออกซอยแจ้งวัฒนะ 9,ซอยแจ้งวัฒนะ 9,ทางเข้าออกซอยแจ้งวัฒนะ 9,ซอยแจ้งวัฒนะ 9
ทางเข้าออกซอยแจ้งวัฒนะ 9,แจ้งวัฒนะ,ทางเข้าออกซอยแจ้งวัฒนะ 9,แจ้งวัฒนะ
อโศกเพชร,อโศก,อโศกเพชร,อโศก
อโศกเพชร,เพชรบุรี,อโศกเพชร,เพชรบุรี
ซอยกรุงเทพกรีฑา 20,ซอยกรุงเทพกรีฑา 20,ซอยกรุงเทพกรีฑา 20,ซอยกรุงเทพกรีฑา 20
ซอยกรุงเทพกรีฑา 20,ซอยกรุงเทพกรีฑา 37,ซอยกรุงเทพกรีฑา 20,ซอยกรุงเทพกรีฑา 37
ซอยกรุงเทพกรีฑา 20,กรุงเทพกรีฑา,ซอยกรุงเทพกรีฑา 20,กรุงเทพกรีฑา
เฉลิมพระเกียรติร 9ซอย 23,เฉลิมพระเกียรติ ร.9,เฉลิมพระเกียรติร 9ซอย 23,เฉลิมพระเกียรติ ร.9
ใกล้พุทธมณฑลสาย 3 - บรมราชชนนี,พุทธมณฑลสาย 3,ใกล้พุทธมณฑลสาย 3 - บรมราชชนนี,พุทธมณฑลสาย 3
ใกล้จุดตัด ถ.บางขุนเทียนชายทะเล - สะแกงาม,สะแกงาม,ใกล้จุดตัด ถ.บางขุนเทียนชายทะเล - สะแกงาม,สะแกงาม
ปากซอยศิริชัยบางบอน9,พระยามนธาตุราชศรีพิจิตร์,ปากซอยศิริชัยบางบอน9,พระยามนธาตุราชศรีพิจิตร์
อารีย์สัมพันธ์,พระรามที่ 6,อารีย์สัมพันธ์,พระรามที่ 6
อารีย์สัมพันธ์,ซอยอารีย์สัมพันธ์,อารีย์สัมพันธ์,ซอยอารีย์สัมพันธ์
วิชัยยุทธ,พระรามที่ 6,วิชัยยุทธ,พระรามที่ 6
วิชัยยุทธ,เศรษฐศิริ,วิชัยยุทธ,เศรษฐศิริ
เจริญนครเหนือ,เจริญนคร,เจริญนครเหนือ,เจริญนคร
วงเวียนใหญ่,สมเด็จพระเจ้าตากสิน,วงเวียนใหญ่,สมเด็จพระเจ้าตากสิน
วงเวียนใหญ่,ประชาธิปก,วงเวียนใหญ่,ประชาธิปก
วงเวียนใหญ่,อินทรพิทักษ์,วงเวียนใหญ่,อินทรพิทักษ์
วงเวียนใหญ่,ลาดหญ้า,วงเวียนใหญ่,ลาดหญ้า
หน้าห้างเดอะไนท์,พระราม 9,หน้าห้างเดอะไนท์,พระราม 9
หน้า รพ.วิภาราม,พัฒนาการ,หน้า รพ.วิภาราม,พัฒนาการ
ใกล้วัดโพธิ์,ท้ายวง,ใกล้วัดโพธิ์,ท้ายวง
หน้ากรมแผนที่ทหาร,กัลยาณไมตรี,หน้ากรมแผนที่ทหาร,กัลยาณไมตรี
หน่วยบัญชาการรักษาดินแดง,สนามไชย,หน่วยบัญชาการรักษาดินแดง,สนามไชย
จุดตัดถนนบางระมาด - กาญจนาภิเษก,วัดอินทราวาส,จุดตัดถนนบางระมาด - กาญจนาภิเษก,วัดอินทราวาส
การเรือน,ราชสีมา,การเรือน,ราชสีมา
การเรือน,ราชวิถี,การเรือน,ราชวิถี
ใกล้แยกเพชรเกษม-พุทธมณสาย2,เพชรเกษม,ใกล้แยกเพชรเกษม-พุทธมณสาย2,เพชรเกษม
หน้าโรงรับจำนำย่งฮวดเฮง,เพชรเกษม 69,หน้าโรงรับจำนำย่งฮวดเฮง,เพชรเกษม 69
ใกล้แยกเพชรเกษม - พุทธมณสาย 3,เพชรเกษม,ใกล้แยกเพชรเกษม - พุทธมณสาย 3,เพชรเกษม
วงเวียนหลักสี่,พหลโยธิน,วงเวียนหลักสี่,พหลโยธิน
วงเวียนหลักสี่,แจ้งวัฒนะ,วงเวียนหลักสี่,แจ้งวัฒนะ
วงเวียนหลักสี่,รามอินทรา,วงเวียนหลักสี่,รามอินทรา
ราชวงศ์,ราชวงศ์,ราชวงศ์,ราชวงศ์
ราชวงศ์,เยาวราช,ราชวงศ์,เยาวราช
วัดตึก,จักรวรรดิ์,วัดตึก,จักรวรรดิ์
วัดตึก,เยาวราช,วัดตึก,เยาวราช
หน้าคณะนิเทศศาสตร์ จุฬาลงกรณ์ฯ,พญาไท,หน้าคณะนิเทศศาสตร์ จุฬาลงกรณ์ฯ,พญาไท
หน้าคณะนิเทศศาสตร์ จุฬาลงกรณ์ฯ,ทางเข้าคณะนิเทศศาสตร์,หน้าคณะนิเทศศาสตร์ จุฬาลงกรณ์ฯ,ทางเข้าคณะนิเทศศาสตร์
สรงประภา - นาวงศ์ประชาพัฒนา,นาวงศ์ประชาพัฒนา,สรงประภา - นาวงศ์ประชาพัฒนา,นาวงศ์ประชาพัฒนา
สรงประภา - นาวงศ์ประชาพัฒนา,สรงประภา,สรงประภา - นาวงศ์ประชาพัฒนา,สรงประภา
ถนนนเรศตัดถนนสุรวงศ์,นเรศ,ถนนนเรศตัดถนนสุรวงศ์,นเรศ
ถนนนเรศตัดถนนสุรวงศ์,สุรวงศ์,ถนนนเรศตัดถนนสุรวงศ์,สุรวงศ์
มเหสักข์,สุรศักดิ์,มเหสักข์,สุรศักดิ์
มเหสักข์,มเหสักข์,มเหสักข์,มเหสักข์
มเหสักข์,สีลม,มเหสักข์,สีลม
จุดกลับรถซอยเทียนทะเล 1,เทียนทะเล,จุดกลับรถซอยเทียนทะเล 1,เทียนทะเล
จุดกลับรถซอยเทียนทะเล 11,เทียนทะเล,จุดกลับรถซอยเทียนทะเล 11,เทียนทะเล
ปากซอยกรุงเทพกรีฑา 7,กรุงเทพกรีฑา,ปากซอยกรุงเทพกรีฑา 7,กรุงเทพกรีฑา
ปากซอยกรุงเทพกรีฑา 7,ซอยกรุงเทพกรีฑา 7,ปากซอยกรุงเทพกรีฑา 7,ซอยกรุงเทพกรีฑา 7
ปากซอยกรุงเทพกรีฑา 7,ศรีนครินทร์ - ร่มเกล้า,ปากซอยกรุงเทพกรีฑา 7,ศรีนครินทร์ - ร่มเกล้า
โรงพยาบาลบางรัก,ซอยสาทร 9,โรงพยาบาลบางรัก,ซอยสาทร 9
โรงพยาบาลบางรัก,ซอยสาทร 10,โรงพยาบาลบางรัก,ซอยสาทร 10
โรงพยาบาลบางรัก,สาทร,โรงพยาบาลบางรัก,สาทร
ใต้ด่วนดินแดง,เลียบไต้ทางด่วน,ใต้ด่วนดินแดง,เลียบไต้ทางด่วน
ใต้ด่วนดินแดง,วิภาวดีรังสิต,ใต้ด่วนดินแดง,วิภาวดีรังสิต
ใต้ด่วนดินแดง,อโศกดินแดง,ใต้ด่วนดินแดง,อโศกดินแดง
เจ้าคุณทหาร - คุ้มเกล้า,คุ้มเกล้า,เจ้าคุณทหาร - คุ้มเกล้า,คุ้มเกล้า
ชิดลม,ชิดลม,ชิดลม,ชิดลม
สังฆสันติสุข,ทหารอากาศอุทิศ,สังฆสันติสุข,ทหารอากาศอุทิศ
สังฆสันติสุข,สังฆสันติสุข,สังฆสันติสุข,สังฆสันติสุข
ทางเข้าโรงแรมโอเรียลเต็ล (ซอยเจริญกรุง40),เจริญกรุง,ทางเข้าโรงแรมโอเรียลเต็ล (ซอยเจริญกรุง40),เจริญกรุง
สุขุมวิท11,ซอยสุขุมวิท 11,สุขุมวิท11,ซอยสุขุมวิท 11
เกษมราษฎร์,ซอยอารีย์,เกษมราษฎร์,ซอยอารีย์
สารสิน -วิทยุ,วิทยุ,สารสิน -วิทยุ,วิทยุ
สารสิน -วิทยุ,สารสิน,สารสิน -วิทยุ,สารสิน
สารสิน -วิทยุ,ซอยร่วมฤดี,สารสิน -วิทยุ,ซอยร่วมฤดี
นราธิวาส ฯ - พระราม 3,พระราม 3,นราธิวาส ฯ - พระราม 3,พระราม 3
นราธิวาส ฯ - พระราม 3,นราธวาสราชนครินทร์,นราธิวาส ฯ - พระราม 3,นราธวาสราชนครินทร์
หน้าสำนักงานเขตคลองสามวา,เลียบคลองสอง,หน้าสำนักงานเขตคลองสามวา,เลียบคลองสอง
บัญญาอินทรา - เลียบคลองสอง,ปัญญาอินทรา,บัญญาอินทรา - เลียบคลองสอง,ปัญญาอินทรา
บัญญาอินทรา - เลียบคลองสอง,เลียบคลองสอง,บัญญาอินทรา - เลียบคลองสอง,เลียบคลองสอง
พุทธมณฑลสาย 1 -วัดอินทราวาส,พุทธมณฑลสาย 1,พุทธมณฑลสาย 1 -วัดอินทราวาส,พุทธมณฑลสาย 1
หน้าหมู่บ้านมหาดไทย 1,พุทธมณฑลสาย 1,หน้าหมู่บ้านมหาดไทย 1,พุทธมณฑลสาย 1
หน้าโรงเรียนเซนปีเตอร์ ธนบุรี,พุทธมณฑลสาย 1,หน้าโรงเรียนเซนปีเตอร์ ธนบุรี,พุทธมณฑลสาย 1
หน้าสมาคมมิตรภาพบางแค,พุทธมณฑลสาย 1,หน้าสมาคมมิตรภาพบางแค,พุทธมณฑลสาย 1
ใกล้สะพานข้ามคลองบางจาก,พุทธมณฑลสาย 1,ใกล้สะพานข้ามคลองบางจาก,พุทธมณฑลสาย 1
หน้าสถานทูตสหรัฐอเมริกา,วิทยุ,หน้าสถานทูตสหรัฐอเมริกา,วิทยุ
หน้าสถานฑูตญี่ปุ่น,วิทยุ,หน้าสถานฑูตญี่ปุ่น,วิทยุ
อ่อนนุช 17,ซอยอ่อนนุช 17,อ่อนนุช 17,ซอยอ่อนนุช 17
อ่อนนุช 17,ซอยอ่อนนุช 10,อ่อนนุช 17,ซอยอ่อนนุช 10
อ่อนนุช 17,อ่อนนุช,อ่อนนุช 17,อ่อนนุช
หน้าโครงการลุมพินี,สุขุมวิท 77,หน้าโครงการลุมพินี,สุขุมวิท 77
ประตูนา,ราชดำริ,ประตูนา,ราชดำริ
ประตูนา,ราชปรารภ,ประตูนา,ราชปรารภ
ประตูนา,เพชรบุรี,ประตูนา,เพชรบุรี
หน้าโรงเรียนลำสาลี,กรุงเทพกรีฑา,หน้าโรงเรียนลำสาลี,กรุงเทพกรีฑา
บางขุนเทียน- สะแกงาม,บางขุนเทียน,บางขุนเทียน- สะแกงาม,บางขุนเทียน
บางขุนเทียน- สะแกงาม,สะแกงาม,บางขุนเทียน- สะแกงาม,สะแกงาม
บางขุนเทียนชายทะเล - เทียนทะเล 19,บางขุนเทียนชายทะเล,บางขุนเทียนชายทะเล - เทียนทะเล 19,บางขุนเทียนชายทะเล
บางขุนเทียนชายทะเล - เทียนทะเล 19,ซอยเทียนทะเล 19,บางขุนเทียนชายทะเล - เทียนทะเล 19,ซอยเทียนทะเล 19
ด่วนเพลินจิต,ดวงพิทักษ์,ด่วนเพลินจิต,ดวงพิทักษ์
ด่วนเพลินจิต,ทางขึ้น - ลง ทางด่วน,ด่วนเพลินจิต,ทางขึ้น - ลง ทางด่วน
ด่วนเพลินจิต,เพลินจิต,ด่วนเพลินจิต,เพลินจิต
ด่วนเพลินจิต,สุขุมวิท,ด่วนเพลินจิต,สุขุมวิท
สายน้ำผึ้ง,สูขุมวิท 22,สายน้ำผึ้ง,สูขุมวิท 22
สายน้ำผึ้ง,สุขุมวิท,สายน้ำผึ้ง,สุขุมวิท
สีลม -นราธิวาส,นราธิวาสราชนครินทร์,สีลม -นราธิวาส,นราธิวาสราชนครินทร์
สีลม -นราธิวาส,สีลม,สีลม -นราธิวาส,สีลม
บางขุนเทียนชายทะเล - เทียนทะเล 25,บางขุนเทียนชายทะเล,บางขุนเทียนชายทะเล - เทียนทะเล 25,บางขุนเทียนชายทะเล
บางขุนเทียนชายทะเล - เทียนทะเล 25,ซอยเทียนทะเล 25,บางขุนเทียนชายทะเล - เทียนทะเล 25,ซอยเทียนทะเล 25
บางขุนเทียนชายทะเล - เทียนทะเล 30,บางขุนเทียนชายทะเล,บางขุนเทียนชายทะเล - เทียนทะเล 30,บางขุนเทียนชายทะเล
บางขุนเทียนชายทะเล - เทียนทะเล 30,ซอยเทียนทะเล 30,บางขุนเทียนชายทะเล - เทียนทะเล 30,ซอยเทียนทะเล 30
อโศก,รัชดาภิเษก,อโศก,รัชดาภิเษก
อโศก,อโศก,อโศก,อโศก
อโศก,สุขุมวิท,อโศก,สุขุมวิท
ใต้ด่วนพระราม4,เชื้อเพลง,ใต้ด่วนพระราม4,เชื้อเพลง
ใต้ด่วนพระราม4,เชื้อเพลิง,ใต้ด่วนพระราม4,เชื้อเพลิง
ใต้ด่วนพระราม4,ทางด่วน,ใต้ด่วนพระราม4,ทางด่วน
ใต้ด่วนพระราม4,พระรามที่ 4,ใต้ด่วนพระราม4,พระรามที่ 4
ราชพฤกษ์- วุฒากาศ,วุฒากาศ,ราชพฤกษ์- วุฒากาศ,วุฒากาศ
ราชพฤกษ์- วุฒากาศ,ราชพฤกษ์,ราชพฤกษ์- วุฒากาศ,ราชพฤกษ์
สะพานช้างโรงสี,อัษฎางค์,สะพานช้างโรงสี,อัษฎางค์
สะพานช้างโรงสี,บำรุงเมือง,สะพานช้างโรงสี,บำรุงเมือง
มหาไชย - สำราญราษฎร์,มหาไชย,มหาไชย - สำราญราษฎร์,มหาไชย
เพชรเกษม -พุทธมเณฑลสาย 1,พุทธมณฑลสาย 1,เพชรเกษม -พุทธมเณฑลสาย 1,พุทธมณฑลสาย 1
เพชรเกษม -พุทธมเณฑลสาย 1,เพชเกษม,เพชรเกษม -พุทธมเณฑลสาย 1,เพชเกษม
อรุณอัมรินทร์,อรุณอัมรินทร์,อรุณอัมรินทร์,อรุณอัมรินทร์
อรุณอัมรินทร์,สมเด็จพระปิ่นเกล้า,อรุณอัมรินทร์,สมเด็จพระปิ่นเกล้า
ทางข้ามปากซอยพุทธมณฑลสาย 3 ซอย 3และซอย 5,พุทธมณฑลสาย 3,ทางข้ามปากซอยพุทธมณฑลสาย 3 ซอย 3และซอย 5,พุทธมณฑลสาย 3
โพธิ์สามต้น,อิสรภาพ,โพธิ์สามต้น,อิสรภาพ
โพธิ์สามต้น,วังเดิม,โพธิ์สามต้น,วังเดิม
ประชาอุทิศ,สุขสวัสดิ,ประชาอุทิศ,สุขสวัสดิ
ปากซอยเสร็ไทย 68,เสรีไทย,ปากซอยเสร็ไทย 68,เสรีไทย
หน้าสถานเอกอัครฑูตอิหร่าน,ซอยสุขุมวิท49/11,หน้าสถานเอกอัครฑูตอิหร่าน,ซอยสุขุมวิท49/11
หน้าโครงการเมย์แฟร์ เพลส,ซอยสุขุมวิท 50,หน้าโครงการเมย์แฟร์ เพลส,ซอยสุขุมวิท 50
เพชรอุทัย -ทางด่วนขั้นที่2,เพชรอุทัย,เพชรอุทัย -ทางด่วนขั้นที่2,เพชรอุทัย
เพชรอุทัย -ทางด่วนขั้นที่2,ทางด่วนขันที 2,เพชรอุทัย -ทางด่วนขั้นที่2,ทางด่วนขันที 2
เพชรอุทัย -ทางด่วนขั้นที่2,พระราชดำริ,เพชรอุทัย -ทางด่วนขั้นที่2,พระราชดำริ
บรมราชชนนี,จรัญสนิทวงศ์,บรมราชชนนี,จรัญสนิทวงศ์
บรมราชชนนี,บรมราชชนนี,บรมราชชนนี,บรมราชชนนี
บรมราชชนนี,สมเด็จพระปืนเกล่า,บรมราชชนนี,สมเด็จพระปืนเกล่า
สวนหลวง,ศรีนครินทร์,สวนหลวง,ศรีนครินทร์
สวนหลวง,อ่อนนุช,สวนหลวง,อ่อนนุช
คลองประปา,ประชาชื่น,คลองประปา,ประชาชื่น
คลองประปา,เลียบคลองประปา,คลองประปา,เลียบคลองประปา
คลองประปา,แจ้งวัฒนะ,คลองประปา,แจ้งวัฒนะ
สุวินทวงศ์ -คุ้มเกล้า,คุ้มเกล้า,สุวินทวงศ์ -คุ้มเกล้า,คุ้มเกล้า
สุวินทวงศ์ -คุ้มเกล้า,สุวินทวงศ์,สุวินทวงศ์ -คุ้มเกล้า,สุวินทวงศ์
หน้าปั้มปตท.ถนนฉลองกรุง,ฉลองกรุง,หน้าปั้มปตท.ถนนฉลองกรุง,ฉลองกรุง
หน้า ม.มหานคร,เชื่อมสัมพันธ์,หน้า ม.มหานคร,เชื่อมสัมพันธ์
หน้าโรงเรียนสุเหร่าศาลาลอย,พัฒนาการ,หน้าโรงเรียนสุเหร่าศาลาลอย,พัฒนาการ
ใกล้ซอยร่มเกล้า 6,ร่มเกล้า,ใกล้ซอยร่มเกล้า 6,ร่มเกล้า
ปากซอยรามค่าแหง 189,รามคำแหง,ปากซอยรามค่าแหง 189,รามคำแหง
ปากซอยประชาร่วมใจ 35,ประชาร่วมใจ,ปากซอยประชาร่วมใจ 35,ประชาร่วมใจ
ศรีสมาน,เลียบคลองประปา,ศรีสมาน,เลียบคลองประปา
ศรีสมาน,ศรีสมาน,ศรีสมาน,ศรีสมาน
ศรีสมาน,สรงประภา,ศรีสมาน,สรงประภา
ใกล้ปากซอยสรงประภา 26,สรงประภา,ใกล้ปากซอยสรงประภา 26,สรงประภา
ปากซอยแจ้งวัฒนะ 13,แจ้งวัฒนะ,ปากซอยแจ้งวัฒนะ 13,แจ้งวัฒนะ
ปากซอยเวชคาม,ประชาชื่น,ปากซอยเวชคาม,ประชาชื่น
ปากซอยฟักสังข์พัฒนา,เลียบคลองประปา,ปากซอยฟักสังข์พัฒนา,เลียบคลองประปา
ปากซอยทรัพย์วัฒนะ,เลียบคลองประปา,ปากซอยทรัพย์วัฒนะ,เลียบคลองประปา
เกษตร,พหลโยธิน,เกษตร,พหลโยธิน
เกษตร,งามวงศ์วาน,เกษตร,งามวงศ์วาน
เกษตร,เกษตรนวมินทร์,เกษตร,เกษตรนวมินทร์
จันทน์ - นราธิวาส,นราธิวาสฯ,จันทน์ - นราธิวาส,นราธิวาสฯ
จันทน์ - นราธิวาส,จันทน์,จันทน์ - นราธิวาส,จันทน์
อนุสาวรีย์ประชาธิปไตย,ดินสอ,อนุสาวรีย์ประชาธิปไตย,ดินสอ
อนุสาวรีย์ประชาธิปไตย,ราชดำเนินกลาง,อนุสาวรีย์ประชาธิปไตย,ราชดำเนินกลาง
ทุ่งสาธิต,สุขุมวิท,ทุ่งสาธิต,สุขุมวิท
ทุ่งสาธิต,ซอยสุขุมวิท 101/1,ทุ่งสาธิต,ซอยสุขุมวิท 101/1
ปากชอยราษฎร์อุทิศ52- 54,ราษฎร์อุทิศ,ปากชอยราษฎร์อุทิศ52- 54,ราษฎร์อุทิศ
สุวินทวงศ์ - ราษฎร์อุทิศ,ราษฎร์อุทิศ,สุวินทวงศ์ - ราษฎร์อุทิศ,ราษฎร์อุทิศ
สุวินทวงศ์ - ราษฎร์อุทิศ,สุวินทวงศ์,สุวินทวงศ์ - ราษฎร์อุทิศ,สุวินทวงศ์
นิคมอุตสาหกรรมลาดกระบัง,ฉลองกรุง,นิคมอุตสาหกรรมลาดกระบัง,ฉลองกรุง
นิคมอุตสาหกรรมลาดกระบัง,ซอยฉลองกรุง 31,นิคมอุตสาหกรรมลาดกระบัง,ซอยฉลองกรุง 31
นิคมอุตสาหกรรมลาดกระบัง,ส่วนบุคคล,นิคมอุตสาหกรรมลาดกระบัง,ส่วนบุคคล
ประเสริฐมนูกิจ - ลาดปลาเค้า,ลาดปลาเค้า,ประเสริฐมนูกิจ - ลาดปลาเค้า,ลาดปลาเค้า
ประเสริฐมนูกิจ - ลาดปลาเค้า,ประเสริฐมนูกิจ,ประเสริฐมนูกิจ - ลาดปลาเค้า,ประเสริฐมนูกิจ
เกตุนุช,ซอยลาดพร้าว 64,เกตุนุช,ซอยลาดพร้าว 64
หัวลำโพง,มหาพอฒาราม,หัวลำโพง,มหาพอฒาราม
ทางข้ามทางเข้าโรงเรียนบ้านนายเหรียญ,ทางเข้าโรงเรียนบ้านนายเหรียญ,ทางข้ามทางเข้าโรงเรียนบ้านนายเหรียญ,ทางเข้าโรงเรียนบ้านนายเหรียญ
ทางข้ามทางเข้าโรงเรียนบ้านนายเหรียญ,บางบอน 4 ซอย 14,ทางข้ามทางเข้าโรงเรียนบ้านนายเหรียญ,บางบอน 4 ซอย 14
ห้าแยกลาดพร้าว,วิภาวดีรังสิต,ห้าแยกลาดพร้าว,วิภาวดีรังสิต
ห้าแยกลาดพร้าว,พหลไโยธิน,ห้าแยกลาดพร้าว,พหลไโยธิน
ห้าแยกลาดพร้าว,พหลโยธิน,ห้าแยกลาดพร้าว,พหลโยธิน
ปากทางลาดพร้าว,พหลโยธิน,ปากทางลาดพร้าว,พหลโยธิน
ปากทางลาดพร้าว,ลาดพร้าว,ปากทางลาดพร้าว,ลาดพร้าว
เอกมัยใต้,ทางเขช้าออ กขนส่งเอกมัย,เอกมัยใต้,ทางเขช้าออ กขนส่งเอกมัย
เอกมัยใต้,ซอยสุขุมวิท 63,เอกมัยใต้,ซอยสุขุมวิท 63
เอกมัยใต้,สุขุมวิท,เอกมัยใต้,สุขุมวิท
บางกะปิ,สุขาภิบาล 1,บางกะปิ,สุขาภิบาล 1
บางกะปิ,พ่วงศิริ,บางกะปิ,พ่วงศิริ
บางกะปิ,ลาดพร้าว,บางกะปิ,ลาดพร้าว
บางกะปิ,เสรีไทย,บางกะปิ,เสรีไทย
ศูนย์วิจัยเหนือ,พระราม 9 ซอย 26,ศูนย์วิจัยเหนือ,พระราม 9 ซอย 26
ศูนย์วิจัยเหนือ,พระราม 9 ชอย 17,ศูนย์วิจัยเหนือ,พระราม 9 ชอย 17
ศูนย์วิจัยเหนือ,ถนนพระราม 9,ศูนย์วิจัยเหนือ,ถนนพระราม 9
หน้าวัดมังกรกมลาวาส,เจริญกรุง,หน้าวัดมังกรกมลาวาส,เจริญกรุง
เสนานิคม 1 - เสนานิคม 1 ซอย 12,เสนานิคม 1 ซอย 12,เสนานิคม 1 - เสนานิคม 1 ซอย 12,เสนานิคม 1 ซอย 12
เสนานิคม 1 - เสนานิคม 1 ซอย 12,เสนานิคม 1,เสนานิคม 1 - เสนานิคม 1 ซอย 12,เสนานิคม 1
เพชรเกษม - ราชพฤกษ์,ราชพฤกษ์,เพชรเกษม - ราชพฤกษ์,ราชพฤกษ์
เพชรเกษม - ราชพฤกษ์,เพชรเกษม,เพชรเกษม - ราชพฤกษ์,เพชรเกษม
ศรีนครินทร์ 45,ศรีนครินทร์,ศรีนครินทร์ 45,ศรีนครินทร์
ศรีนครินทร์ 55,ศรีนครินทร์,ศรีนครินทร์ 55,ศรีนครินทร์
ศรีนครินทร์ 55,ซอยศรีนครินทร์ 55,ศรีนครินทร์ 55,ซอยศรีนครินทร์ 55
หน้าโรงเรียนสารสาสน์วิเทศน์นิมิตใหม่,นิมิตรใหม่,หน้าโรงเรียนสารสาสน์วิเทศน์นิมิตใหม่,นิมิตรใหม่
สุวินทวงศ์ -นิมิตใหม่,นิมิตใหม่,สุวินทวงศ์ -นิมิตใหม่,นิมิตใหม่
สุวินทวงศ์ -นิมิตใหม่,สุวินทวงศ์,สุวินทวงศ์ -นิมิตใหม่,สุวินทวงศ์
ปากซอยเจริญราษฎร์ 3,ศส 6 เจรญราษฎร,ปากซอยเจริญราษฎร์ 3,ศส 6 เจรญราษฎร
จันทน์ - เจริญราษฎร์,เจริญราษฎร์,จันทน์ - เจริญราษฎร์,เจริญราษฎร์
สุขุมวิท- พระรามที่ 4,พระรามที่ 4,สุขุมวิท- พระรามที่ 4,พระรามที่ 4
สุขุมวิท- พระรามที่ 4,สุขุมวิท,สุขุมวิท- พระรามที่ 4,สุขุมวิท
หน้าชุมชนบ้านแบบ,เจริญูราษฎร์,หน้าชุมชนบ้านแบบ,เจริญูราษฎร์
หน้าถนนศรีเวียง (ช่วงใต้ทางด่วนศรีรัช),จรูญเวียง,หน้าถนนศรีเวียง (ช่วงใต้ทางด่วนศรีรัช),จรูญเวียง
รัชดา - ลาดพร้าว,รัชดาภิเษก,รัชดา - ลาดพร้าว,รัชดาภิเษก
รัชดา - ลาดพร้าว,ลาดพราว,รัชดา - ลาดพร้าว,ลาดพราว
ประชาอุทิศ - เลียบด่วนกาญจนาภิเษก,ประชาอุทิศ,ประชาอุทิศ - เลียบด่วนกาญจนาภิเษก,ประชาอุทิศ
ประชาอุทิศ - เลียบด่วนกาญจนาภิเษก,เลียบด่วนกาญจนาภิเษก,ประชาอุทิศ - เลียบด่วนกาญจนาภิเษก,เลียบด่วนกาญจนาภิเษก
ประชาอุทิศ - เลียบด่วนกาญจนาภิเษก,ซอยประชาอุทิศ 99,ประชาอุทิศ - เลียบด่วนกาญจนาภิเษก,ซอยประชาอุทิศ 99
หมู่บ้านเศรษฐกิจ,ทางเขาหมู่บ้านเศรษฐกิจ,หมู่บ้านเศรษฐกิจ,ทางเขาหมู่บ้านเศรษฐกิจ
หน้าสถานเอกอัครราชทูตฟิลิปปินส์,สุขุมวิท,หน้าสถานเอกอัครราชทูตฟิลิปปินส์,สุขุมวิท
สามเหลียมดินแดง,ราชปรารภ,สามเหลียมดินแดง,ราชปรารภ
สามเหลียมดินแดง,ซอยอรรถวิมล,สามเหลียมดินแดง,ซอยอรรถวิมล
สามเหลียมดินแดง,ราชวิถี,สามเหลียมดินแดง,ราชวิถี
สามเหลียมดินแดง,ดินแดง,สามเหลียมดินแดง,ดินแดง
พระรามที่3 - ยานนาวา,พระรามที่ 3,พระรามที่3 - ยานนาวา,พระรามที่ 3
พระรามที่3 - ยานนาวา,ยานนาวา,พระรามที่3 - ยานนาวา,ยานนาวา
กำแพงเพชร,ซ.พหลโยธิน 18,กำแพงเพชร,ซ.พหลโยธิน 18
ด่วนเกษมราษฎร์,เกษมราษฎร์,ด่วนเกษมราษฎร์,เกษมราษฎร์
ด่วนเกษมราษฎร์,ทางขึ้น - ลงทางด่วน,ด่วนเกษมราษฎร์,ทางขึ้น - ลงทางด่วน
ซอยหัวหมาก 21 และ 23,หัวหมาก,ซอยหัวหมาก 21 และ 23,หัวหมาก
ซอยหัวหมาก 25,หัวหมาก,ซอยหัวหมาก 25,หัวหมาก
ทองหล่อ,ซอยสุขุมวิท 55 (ทองหล่อ),ทองหล่อ,ซอยสุขุมวิท 55 (ทองหล่อ)
ซอยทองหล่อ 3,ทองหล่อ,ซอยทองหล่อ 3,ทองหล่อ
ซอยทองหล่อ 13,ทองหล่อ,ซอยทองหล่อ 13,ทองหล่อ
เศรษฐกศิริ,เศรษฐศิริ,เศรษฐกศิริ,เศรษฐศิริ
เศรษฐกศิริ,เทอดดำริ,เศรษฐกศิริ,เทอดดำริ
เพชรบุรี- ทองหล่อ,ทองหล่อ,เพชรบุรี- ทองหล่อ,ทองหล่อ
เพชรบุรี- ทองหล่อ,เพชรบุรี,เพชรบุรี- ทองหล่อ,เพชรบุรี
ซอยทองหล่อ 23,ทองหล่อ,ซอยทองหล่อ 23,ทองหล่อ
ซอยทองหล่อ 25,ทองหล่อ,ซอยทองหล่อ 25,ทองหล่อ
สะพานเหลือง,ซอยพระยาดำรงค์,สะพานเหลือง,ซอยพระยาดำรงค์
อนุสาวรีย์ประชาธิปไตย,ราชดำนินกลาง,อนุสาวรีย์ประชาธิปไตย,ราชดำนินกลาง
ประชาราษฎร์บำเพ็ญ,ประชาอุทิศ,ประชาราษฎร์บำเพ็ญ,ประชาอุทิศ
ประชาราษฎร์บำเพ็ญ,ประชาราษฎร์บำเพ็ญ,ประชาราษฎร์บำเพ็ญ,ประชาราษฎร์บำเพ็ญ
หน้าหอประชุมกองทัพอากาศ,พหลโยธิน,หน้าหอประชุมกองทัพอากาศ,พหลโยธิน
หน้ากองบัญชาการกองทัพอากาศ,พหลโยธิน,หน้ากองบัญชาการกองทัพอากาศ,พหลโยธิน
หน้าคณะแพทย์ศาสตร์วชิระพยาบาล,สามเสน,หน้าคณะแพทย์ศาสตร์วชิระพยาบาล,สามเสน
บรรทัดทอง - จุฬา 12,บรรทัดทอง,บรรทัดทอง - จุฬา 12,บรรทัดทอง
บรรทัดทอง - จุฬา 12,ซอยจุฬา 12,บรรทัดทอง - จุฬา 12,ซอยจุฬา 12
รัชดาภิเษก,ซอย 20 มิถุนา,รัชดาภิเษก,ซอย 20 มิถุนา
รัชดาภิเษก,ซอยรัชดาภิเษก 18,รัชดาภิเษก,ซอยรัชดาภิเษก 18
รัชดาภิเษก,ประชาราษฎร์บำเพ็ญ,รัชดาภิเษก,ประชาราษฎร์บำเพ็ญ
ปากซอยสุขสวัสดิ์33/1,สุขสวัสดิ์,ปากซอยสุขสวัสดิ์33/1,สุขสวัสดิ์
วัดสน,ซอยสุขสวัสดิ 35,วัดสน,ซอยสุขสวัสดิ 35
ปากซอยลาดกระบัง 3/2,ซอยลาดกระบัง 3/2,ปากซอยลาดกระบัง 3/2,ซอยลาดกระบัง 3/2
ปากซอยลาดกระบัง 3/2,ลาดกระบัง,ปากซอยลาดกระบัง 3/2,ลาดกระบัง
ลาดกระบัง - ร่มเกล้า,ร่มเกล้า,ลาดกระบัง - ร่มเกล้า,ร่มเกล้า
ลาดกระบัง - ร่มเกล้า,ลาดกระบัง,ลาดกระบัง - ร่มเกล้า,ลาดกระบัง
ปากซอยลาดพร้าว 15,ซอยลาดพร้าว 15,ปากซอยลาดพร้าว 15,ซอยลาดพร้าว 15
ปากซอยลาดพร้าว 15,ลาดพร้าว,ปากซอยลาดพร้าว 15,ลาดพร้าว
พระรามที่3 - รัชดาภิเษก,รัชดาภิเษก,พระรามที่3 - รัชดาภิเษก,รัชดาภิเษก
พระรามที่3 - รัชดาภิเษก,พระรามที่ 3,พระรามที่3 - รัชดาภิเษก,พระรามที่ 3
หน้าโครงการ SUNNY MARKET,สุขุมวิท 105,หน้าโครงการ SUNNY MARKET,สุขุมวิท 105
แบริ่ง,สุขุมวิท,แบริ่ง,สุขุมวิท
แบริ่ง,ซอยสุขุมวิท 107,แบริ่ง,ซอยสุขุมวิท 107
ปากซอยอ่อนนุช 74/3,อ่อนนุช,ปากซอยอ่อนนุช 74/3,อ่อนนุช
อ่อนนุช 86,ซอยอ่อนนุช 86,อ่อนนุช 86,ซอยอ่อนนุช 86
อ่อนนุช 86,อ่อนนุช,อ่อนนุช 86,อ่อนนุช
เฉลิมกรุง,ตรีเพชร,เฉลิมกรุง,ตรีเพชร
เฉลิมกรุง,ตุทอง,เฉลิมกรุง,ตุทอง
เฉลิมกรุง,เจริญกรุง,เฉลิมกรุง,เจริญกรุง
มหานคร,มหานคร,มหานคร,มหานคร
มหานคร,จารุเมือง,มหานคร,จารุเมือง
มหานคร,พระรามที่ 4,มหานคร,พระรามที่ 4
พุทธมณฑลสาย 2,ซอยเพชรเกษม 55,พุทธมณฑลสาย 2,ซอยเพชรเกษม 55
หน้าซอยพหลโยธิน 50 แยก 11-15-2,เทพรักษ์,หน้าซอยพหลโยธิน 50 แยก 11-15-2,เทพรักษ์
สาทรคอนแวนต์,ซอยคอนแวนต์,สาทรคอนแวนต์,ซอยคอนแวนต์
สาทรคอนแวนต์,สาทร,สาทรคอนแวนต์,สาทร
สาทร - ประมวล,ประมวล,สาทร - ประมวล,ประมวล
สาทร - ประมวล,สาทร,สาทร - ประมวล,สาทร
ประชาราษฎร์,ประชาราษฎร์สาย 1,ประชาราษฎร์,ประชาราษฎร์สาย 1
ประชาราษฎร์,วงศ์สวาง,ประชาราษฎร์,วงศ์สวาง
วัดประชา,ซอยวัดประชาระบือธรรม,วัดประชา,ซอยวัดประชาระบือธรรม
วัดประชา,ซอยระนอง 1,วัดประชา,ซอยระนอง 1
เอกมัยเหนือ (A 432),เอกมัย,เอกมัยเหนือ (A 432),เอกมัย
เอกมัยเหนือ (A 432),เพชรบุรี,เอกมัยเหนือ (A 432),เพชรบุรี
เอกมัยเหนือ (B 433),เอกมัย,เอกมัยเหนือ (B 433),เอกมัย
เอกมัยเหนือ (B 433),เพชรบุรี,เอกมัยเหนือ (B 433),เพชรบุรี
ก.ม. 8,ซอยรามอินทรา 73,ก.ม. 8,ซอยรามอินทรา 73
ผ่านฟ้า,บริพัตร,ผ่านฟ้า,บริพัตร
ผ่านฟ้า,ราชดำเนินนอก,ผ่านฟ้า,ราชดำเนินนอก
ผ่านฟ้า,ราชดำเนินกลาง,ผ่านฟ้า,ราชดำเนินกลาง
ผ่านฟ้า,ปรินายก,ผ่านฟ้า,ปรินายก
ผ่านฟ้า,นครสวรรค์,ผ่านฟ้า,นครสวรรค์
ผ่านฟ้า,หลานหลวง,ผ่านฟ้า,หลานหลวง
ปากซอยอุดมสุข 41,อุดมสุข (สุขุมวิท 103),ปากซอยอุดมสุข 41,อุดมสุข (สุขุมวิท 103)
ไฟฉาย,พรานนก - กาญจนาภิเษก,ไฟฉาย,พรานนก - กาญจนาภิเษก
อังรีดูนังต์,พระรามที่4,อังรีดูนังต์,พระรามที่4
พระรามที่2,พระรามที่2,พระรามที่2,พระรามที่2
ด่วนสุขุมวิท 62,สุขุมวิท,ด่วนสุขุมวิท 62,สุขุมวิท
ด่วนสุขุมวิท 62,ซอยสุขุมวิท 62,ด่วนสุขุมวิท 62,ซอยสุขุมวิท 62
บางรัก,ซอยเจริญกรุง 42,บางรัก,ซอยเจริญกรุง 42
บ้านม้า,ศรีบูรพา,บ้านม้า,ศรีบูรพา
บ้านม้า,รามคำแหง,บ้านม้า,รามคำแหง
บางกระบือ,พระรามที่9,บางกระบือ,พระรามที่9
คู้บอน - พระยาสุเรนท์,พระยาสุเรนทร์,คู้บอน - พระยาสุเรนท์,พระยาสุเรนทร์
คู้บอน - พระยาสุเรนท์,คู้บอน,คู้บอน - พระยาสุเรนท์,คู้บอน
คู้บอน - พระยาสุเรนท์,เลียบคลองสอง,คู้บอน - พระยาสุเรนท์,เลียบคลองสอง
ปากซอยพระยาสุเรนทร์26 -28,พระยาสุเรนทร์,ปากซอยพระยาสุเรนทร์26 -28,พระยาสุเรนทร์
พรานนก,เพชรบุรี,พรานนก,เพชรบุรี
พาณิชยการ,พระรามที่5,พาณิชยการ,พระรามที่5
พาณิชยการ,อิสรภาพ,พาณิชยการ,อิสรภาพ
ศูนย์วิจัย - เพชรบุรี,ซอยศูนย์วิจัย,ศูนย์วิจัย - เพชรบุรี,ซอยศูนย์วิจัย
ศูนย์วิจัย - เพชรบุรี,เพชรบุรี,ศูนย์วิจัย - เพชรบุรี,เพชรบุรี
ศูนย์วิจัย - เพชรบุรี,ราชดำเนินกลาง,ศูนย์วิจัย - เพชรบุรี,ราชดำเนินกลาง
เสาชิงช้า,ตรีทอง,เสาชิงช้า,ตรีทอง
เสาชิงช้า,ดินสอ,เสาชิงช้า,ดินสอ
เสาชิงช้า,บำรุงเมือง,เสาชิงช้า,บำรุงเมือง
เสาชิงช้า (2),ศิริพงษ์,เสาชิงช้า (2),ศิริพงษ์
เสาชิงช้า (2),บำรุงเมือง,เสาชิงช้า (2),บำรุงเมือง
สำราญราษฎร์,มหาไชย,สำราญราษฎร์,มหาไชย
สำราญราษฎร์,บำรุงเมือง,สำราญราษฎร์,บำรุงเมือง
ประชาสงเคราะห์- มิตรไมตรี,ประชาสงเคราะห์,ประชาสงเคราะห์- มิตรไมตรี,ประชาสงเคราะห์
ประชาสงเคราะห์- มิตรไมตรี,มิตรไมตรี,ประชาสงเคราะห์- มิตรไมตรี,มิตรไมตรี
อนุสาวรีย์ประชาธิปไตย (ขาเข้าแยก),ดินสอ,อนุสาวรีย์ประชาธิปไตย (ขาเข้าแยก),ดินสอ
อนุสาวรีย์ประชาธิปไตย (ขาเข้าแยก),ราชดำเนินกลาง,อนุสาวรีย์ประชาธิปไตย (ขาเข้าแยก),ราชดำเนินกลาง
อนุสาวรีย์ประชาธิปไตย (ขาออกแยก),ดินสอ,อนุสาวรีย์ประชาธิปไตย (ขาออกแยก),ดินสอ
อนุสาวรีย์ประชาธิปไตย (ขาออกแยก),ราชดำเนินกลาง,อนุสาวรีย์ประชาธิปไตย (ขาออกแยก),ราชดำเนินกลาง
เสาชิงช้า,ศิริพงษ์,เสาชิงช้า,ศิริพงษ์
มิตรไมตรี - มิตรไมตรี,มิตรไมตรี (NB),มิตรไมตรี - มิตรไมตรี,มิตรไมตรี (NB)
มิตรไมตรี - มิตรไมตรี,มิตรไมตรี (EB - WB),มิตรไมตรี - มิตรไมตรี,มิตรไมตรี (EB - WB)
ทางเข้าหมู่บ้านเอื้ออาทร,ทางเข้าหมู่บ้านเอื้ออาทร,ทางเข้าหมู่บ้านเอื้ออาทร,ทางเข้าหมู่บ้านเอื้ออาทร
ทางเข้าหมู่บ้านเอื้ออาทร,เคหะร่มเกล้า,ทางเข้าหมู่บ้านเอื้ออาทร,เคหะร่มเกล้า
อนุสาวรีย์ประชาธิปไตย (ขาเข้า),ดินสอ,อนุสาวรีย์ประชาธิปไตย (ขาเข้า),ดินสอ
อนุสาวรีย์ประชาธิปไตย (ขาเข้า),ราชดำเนินกลาง,อนุสาวรีย์ประชาธิปไตย (ขาเข้า),ราชดำเนินกลาง
อนุสาวรีย์ประชาธิปไตย (ขาออก),ดินสอ,อนุสาวรีย์ประชาธิปไตย (ขาออก),ดินสอ
อนุสาวรีย์ประชาธิปไตย (ขาออก),ราชดำเนินกลาง,อนุสาวรีย์ประชาธิปไตย (ขาออก),ราชดำเนินกลาง
เสาชิงช้า,ตีทอง,เสาชิงช้า,ตีทอง
มิตรไมตรี - มิตรไมตรี,มิตรไมตรี (EB-WB),มิตรไมตรี - มิตรไมตรี,มิตรไมตรี (EB-WB)
ปากซอยฉลองกรุง 23-24,ฉลองกรุง,ปากซอยฉลองกรุง 23-24,ฉลองกรุง
หน้าบ้านพักคนชราบางแค,เพชรเกษม,หน้าบ้านพักคนชราบางแค,เพชรเกษม
ปากซอยขุมทรัพย์นคร 16/5,พุทธมณฑลสาย 3,ปากซอยขุมทรัพย์นคร 16/5,พุทธมณฑลสาย 3
บางบอน 5,ซอยเอกชัย 31,บางบอน 5,ซอยเอกชัย 31
ผ่านพิภพลีลา,ราชดำเนินใน,ผ่านพิภพลีลา,ราชดำเนินใน
ผ่านพิภพลีลา,สมเด็จพระปิ่นเกล้า,ผ่านพิภพลีลา,สมเด็จพระปิ่นเกล้า
ผ่านพิภพลีลา,จักรพงษ์,ผ่านพิภพลีลา,จักรพงษ์
ผ่านพิภพลีลา,ราชดำเนินกลาง,ผ่านพิภพลีลา,ราชดำเนินกลาง
ปากซอยบางพรม 11,พรานนก - พุทธมณฑลสาย 4,ปากซอยบางพรม 11,พรานนก - พุทธมณฑลสาย 4
สุขาภิบาลบางระมาด,พุทธมณฑลสาย 2,สุขาภิบาลบางระมาด,พุทธมณฑลสาย 2
สุขาภิบาลบางระมาด,สุขาภิบาลบางระมาด,สุขาภิบาลบางระมาด,สุขาภิบาลบางระมาด
เพิ่มสิน,ซอยเพิ่มสิน 47,เพิ่มสิน,ซอยเพิ่มสิน 47
เพิ่มสิน,เพิ่มสิน,เพิ่มสิน,เพิ่มสิน
คู้คลองสิบซอย 7,คู้คลองสิบ,คู้คลองสิบซอย 7,คู้คลองสิบ
หน้าตลาดเคซี,นิมิตรใหม่,หน้าตลาดเคซี,นิมิตรใหม่
ประชาร่วมใจ - ซอยเบนชะโด,ประชาร่วมใจ,ประชาร่วมใจ - ซอยเบนชะโด,ประชาร่วมใจ
หน้าโรงเรียนศาลาคู้,ราษฎร์อุทิศ,หน้าโรงเรียนศาลาคู้,ราษฎร์อุทิศ
หน้าสภากาชาดไทย,อังรีดูนังต์,หน้าสภากาชาดไทย,อังรีดูนังต์
กำแพงเพชร 2,กำแพงเพชร 2,กำแพงเพชร 2,กำแพงเพชร 2
สุวินทวงศ์ซอย 7,สุวินทวงศ์,สุวินทวงศ์ซอย 7,สุวินทวงศ์
หน้าปั๊มแก๊ส NSGAS LPG,ร่มเกล้า,หน้าปั๊มแก๊ส NSGAS LPG,ร่มเกล้า
หน้าโรงงานฟุตบอลไทย,ฉลองกรุง,หน้าโรงงานฟุตบอลไทย,ฉลองกรุง
หน้าตลาดจตุจักรคุ้มเกล้า,คุ้มเกล้า,หน้าตลาดจตุจักรคุ้มเกล้า,คุ้มเกล้า
อุภัยเจษฎทิศ,สวรรคโลก,อุภัยเจษฎทิศ,สวรรคโลก
อุภัยเจษฎทิศ,ราชวิถี,อุภัยเจษฎทิศ,ราชวิถี
คุ้มเกล้า 16,คุ้มเกล้า,คุ้มเกล้า 16,คุ้มเกล้า
หน้าคอนโดดิเอ็กซ์เซลกรูฟปากซอยลาซาล 52,สุขุมวิท 105,หน้าคอนโดดิเอ็กซ์เซลกรูฟปากซอยลาซาล 52,สุขุมวิท 105
ผ่องพลอย,ลาซาล 46,ผ่องพลอย,ลาซาล 46
ผ่องพลอย,ลาซาล 55,ผ่องพลอย,ลาซาล 55
ผ่องพลอย,ลาซาล(สุขุมวิท 105),ผ่องพลอย,ลาซาล(สุขุมวิท 105)
มัฆวาน,ราชดำเนินนอก,มัฆวาน,ราชดำเนินนอก
มัฆวาน,กรุงเกษม,มัฆวาน,กรุงเกษม
สาธุประดิษฐ์,พระรามที่3,สาธุประดิษฐ์,พระรามที่3
พหลโยธิน 48,พหลโยธิน,พหลโยธิน 48,พหลโยธิน
พหลโยธิน 48,ซอยพหลโยธิน 48,พหลโยธิน 48,ซอยพหลโยธิน 48
บรรทัดทอง - จรัสเมือง,บรรทัดทอง,บรรทัดทอง - จรัสเมือง,บรรทัดทอง
บรรทัดทอง - จรัสเมือง,จรัสเมือง,บรรทัดทอง - จรัสเมือง,จรัสเมือง
หน้าตลาดมโนรมย์,เลียบคลองสอง,หน้าตลาดมโนรมย์,เลียบคลองสอง
ตึกชัย,พระรามที่6,ตึกชัย,พระรามที่6
ตึกชัย,ราชวิถี,ตึกชัย,ราชวิถี
บางบอน 3 ซอย 1,บางบอน 3,บางบอน 3 ซอย 1,บางบอน 3
บางบอน 3,บางบอน 3,บางบอน 3,บางบอน 3
บางบอน 3,เอกชัย,บางบอน 3,เอกชัย
กล้วยน้ำไท,พระรามที่4,กล้วยน้ำไท,พระรามที่4
ปากซอยอุดมสุข 1,อุดมสุข (สุขุมวิท 103),ปากซอยอุดมสุข 1,อุดมสุข (สุขุมวิท 103)
ปากซอยอุดมสุข 9,อุดมสุข (สุขุมวิท 103),ปากซอยอุดมสุข 9,อุดมสุข (สุขุมวิท 103)
ร.ร.กสิณธรอาคาเดมี่,พุทธมณฑลสาย 3,ร.ร.กสิณธรอาคาเดมี่,พุทธมณฑลสาย 3
ร.ร.สารสาสน์วิเทศธนบุรี,พุทธมณฑลสาย 3,ร.ร.สารสาสน์วิเทศธนบุรี,พุทธมณฑลสาย 3
สุขาภิบาล 5 - จตุโชติ,สุขาภิบาล 5,สุขาภิบาล 5 - จตุโชติ,สุขาภิบาล 5
สุขาภิบาล 5 - จตุโชติ,ซอยจตุโชติ,สุขาภิบาล 5 - จตุโชติ,ซอยจตุโชติ
อนุสาวรีย์ชัยสมรภูมิ (ขาเข้า),พญาไท,อนุสาวรีย์ชัยสมรภูมิ (ขาเข้า),พญาไท
อนุสาวรีย์ชัยสมรภูมิ (ขาเข้า),พหลโยธิน,อนุสาวรีย์ชัยสมรภูมิ (ขาเข้า),พหลโยธิน
อนุสาวรีย์ชัยสมรภูมิ (ขาเข้า),ราชวิถี,อนุสาวรีย์ชัยสมรภูมิ (ขาเข้า),ราชวิถี
อนุสาวรีย์ชัยสมรภูมิ (ขาออก),พญาไท,อนุสาวรีย์ชัยสมรภูมิ (ขาออก),พญาไท
อนุสาวรีย์ชัยสมรภูมิ (ขาออก),พหลโยธิน,อนุสาวรีย์ชัยสมรภูมิ (ขาออก),พหลโยธิน
อนุสาวรีย์ชัยสมรภูมิ (ขาออก),ราชวิถี,อนุสาวรีย์ชัยสมรภูมิ (ขาออก),ราชวิถี
เทศบาลสงเคราะห์- เทศบาลรังรักษ์ใต้,เทศบาลรังรักษ์ใต้,เทศบาลสงเคราะห์- เทศบาลรังรักษ์ใต้,เทศบาลรังรักษ์ใต้
เทศบาลสงเคราะห์- เทศบาลรังรักษใ์ต้,เทศบาลรังรักษ์เหนือ,เทศบาลสงเคราะห์- เทศบาลรังรักษใ์ต้,เทศบาลรังรักษ์เหนือ
เทศบาลสงเคราะห์- เทศบาลรังรักษใ์ต้,เทศบาลสงเคราะห์,เทศบาลสงเคราะห์- เทศบาลรังรักษใ์ต้,เทศบาลสงเคราะห์
ปากซอยเพชรเกษม 15,เพชรเกษม,ปากซอยเพชรเกษม 15,เพชรเกษม
ปากซอยเพชรเกษม 11,เพชรเกษม,ปากซอยเพชรเกษม 11,เพชรเกษม
บางบอน,บางขุนเทยีนชายทะเล,บางบอน,บางขุนเทยีนชายทะเล
บางบอน,เอกชัย,บางบอน,เอกชัย
โรงกรองน้ำ,พระรามที่6,โรงกรองน้ำ,พระรามที่6
โรงกรองน้ำ,นครไชยศรี,โรงกรองน้ำ,นครไชยศรี
สามแยกพิชัย,พิชัย,สามแยกพิชัย,พิชัย
สามแยกพิชัย,อำนวยสงคราม,สามแยกพิชัย,อำนวยสงคราม
ประดิพัทธ์,พระรามที่6,ประดิพัทธ์,พระรามที่6
ใต้ทางด่วนฉลองรัช,ด่วนฉลองรัช,ใต้ทางด่วนฉลองรัช,ด่วนฉลองรัช
ใต้ทางด่วนฉลองรัช,พัฒนาการ,ใต้ทางด่วนฉลองรัช,พัฒนาการ
อรุณอมรินทร์ตัดใหม่,อรุณอมรินทร์ตัดใหม่,อรุณอมรินทร์ตัดใหม่,อรุณอมรินทร์ตัดใหม่
อรุณอมรินทร์ตัดใหม่,วังเดิม,อรุณอมรินทร์ตัดใหม่,วังเดิม
ศรีอยุธยา,พระรามที่6,ศรีอยุธยา,พระรามที่6
นางเลิ้ง,ทางเข้าสนามม้า,นางเลิ้ง,ทางเข้าสนามม้า
หน้าโรงพยาบาลวิภาราม,พัฒนาการ,หน้าโรงพยาบาลวิภาราม,พัฒนาการ
หน้าสำนักงานเขตสวนหลวง,พัฒนาการ,หน้าสำนักงานเขตสวนหลวง,พัฒนาการ
ห้าแยกวชัรพล,วชัรพล,ห้าแยกวชัรพล,วชัรพล
ห้าแยกวชัรพล,รัตนโกสนิทร์,ห้าแยกวชัรพล,รัตนโกสนิทร์
ห้าแยกวชัรพล,ร่วมมิตรพัฒนา,ห้าแยกวชัรพล,ร่วมมิตรพัฒนา
ห้าแยกวชัรพล,สุขาภิบาล 5,ห้าแยกวชัรพล,สุขาภิบาล 5
ปากซอยสายไหม 33/1,สายไหม,ปากซอยสายไหม 33/1,สายไหม
พหลโยธิน 54/1 - สายไหม,พหลโยธิน 54/1,พหลโยธิน 54/1 - สายไหม,พหลโยธิน 54/1
พหลโยธิน 54/1 - สายไหม,สายไหม,พหลโยธิน 54/1 - สายไหม,สายไหม
ซอยทวีวัฒนา 9,ทวีวัฒนา,ซอยทวีวัฒนา 9,ทวีวัฒนา
ซอยทวีวัฒนา 9,ซอยทวีวัฒนา 9,ซอยทวีวัฒนา 9,ซอยทวีวัฒนา 9
คู้บอน,ซอยคู้บอน,คู้บอน,ซอยคู้บอน
คู้บอน,รามอินทรา,คู้บอน,รามอินทรา
รัชโยธิน,รัชดาภเิษก,รัชโยธิน,รัชดาภเิษก
ตรอกจันทร์,เจริญกรุง,ตรอกจันทร์,เจริญกรุง
ตรอกจันทร์,ทางเข้าคอนโดฯ,ตรอกจันทร์,ทางเข้าคอนโดฯ
ตรอกจันทร์,จันทน์,ตรอกจันทร์,จันทน์
สวนมิสกวัน,ราชดำเนินนอก,สวนมิสกวัน,ราชดำเนินนอก
สวนมิสกวัน,พิษณุโลก,สวนมิสกวัน,พิษณุโลก
ประชาชื่น,ประชาราษฎรส์าย 2,ประชาชื่น,ประชาราษฎรส์าย 2
เพชรเกษม 69,ซอยเพชรเกษม 69,เพชรเกษม 69,ซอยเพชรเกษม 69
วิชระ,สามเสน,วิชระ,สามเสน
วิชระ,สุโขทัย,วิชระ,สุโขทัย
นานา,ซอยสุขุมวิท 3 (นานา),นานา,ซอยสุขุมวิท 3 (นานา)
นานา,ซอยสุขุมวิท 4,นานา,ซอยสุขุมวิท 4
ปากซอยนามบัญญัติ,ประชาธิปไตย,ปากซอยนามบัญญัติ,ประชาธิปไตย
ประชานุกูล,ประชาชื่น,ประชานุกูล,ประชาชื่น
ประชานุกูล,รัชดาภเิษก,ประชานุกูล,รัชดาภเิษก
ผังเมือง,รอยัลซีตี้อเวนิว,ผังเมือง,รอยัลซีตี้อเวนิว
สรรพาวุธ,ทางรถไฟสายปากนํ้า,สรรพาวุธ,ทางรถไฟสายปากนํ้า
สรรพาวุธ,สรรพาวุธ,สรรพาวุธ,สรรพาวุธ
รัชดา - นราธิวาสราชนครินทร์,รัชดาภเิษก,รัชดา - นราธิวาสราชนครินทร์,รัชดาภเิษก
รัชดา - นราธิวาสราชนครินทร์,นราธิวาสราชนครินทร์,รัชดา - นราธิวาสราชนครินทร์,นราธิวาสราชนครินทร์
สวนสยาม,ทางเข้าสวนสยาม,สวนสยาม,ทางเข้าสวนสยาม
สวนสยาม,ซอยเสรีไทย 50,สวนสยาม,ซอยเสรีไทย 50
สวนสยาม,เสรีไทย,สวนสยาม,เสรีไทย
สาทร - สุรศักดิ์,สุรศักดิ์,สาทร - สุรศักดิ์,สุรศักดิ์
สาทร - สุรศักดิ์,สาทร,สาทร - สุรศักดิ์,สาทร
สาทร - สุรศักดิ์,เจริญราษฎร์,สาทร - สุรศักดิ์,เจริญราษฎร์
ทวีวัฒนา - อักษะ,ทวีวัฒนา,ทวีวัฒนา - อักษะ,ทวีวัฒนา
ทวีวัฒนา - อักษะ,อักษะ,ทวีวัฒนา - อักษะ,อักษะ
เพชรบุรี - พร้อมพงษ์,ซอยสุขุมวิท 39,เพชรบุรี - พร้อมพงษ์,ซอยสุขุมวิท 39
เพชรบุรี - พร้อมพงษ์,เพชรบุรี,เพชรบุรี - พร้อมพงษ์,เพชรบุรี
ค.ป.อ.,พหลโยธิน,ค.ป.อ.,พหลโยธิน
ค.ป.อ.,ธูปเตมีย์,ค.ป.อ.,ธูปเตมีย์
ค.ป.อ.,จันทรุเบกษา,ค.ป.อ.,จันทรุเบกษา
บางขุนนนท์,ซอยจรัญสนิทวงศ์ 32,บางขุนนนท์,ซอยจรัญสนิทวงศ์ 32
ปากซอยจรัญสนิทวงศ์ 43,จรัญสนิทวงศ์,ปากซอยจรัญสนิทวงศ์ 43,จรัญสนิทวงศ์
กรมพลาธกิารทหารอากาศ,พหลโยธิน,กรมพลาธกิารทหารอากาศ,พหลโยธิน
กรมพลาธกิารทหารอากาศ,ทางเข้าพลาธิการ ทอ.,กรมพลาธกิารทหารอากาศ,ทางเข้าพลาธิการ ทอ.
กรมพลาธกิารทหารอากาศ,ซอยพลโยธนิ 54/1,กรมพลาธกิารทหารอากาศ,ซอยพลโยธนิ 54/1
รร.ฤธิยะวรรณาลัย,พหลโยธิน,รร.ฤธิยะวรรณาลัย,พหลโยธิน
รร.ฤธิยะวรรณาลัย,รณนภากาศ,รร.ฤธิยะวรรณาลัย,รณนภากาศ
ทุ่งสาธิต,สุขุมวิท 101/1,ทุ่งสาธิต,สุขุมวิท 101/1
เสนานิคม,เสนานิคม,เสนานิคม,เสนานิคม
สุทธิสาร,สุทธิสาร,สุทธิสาร,สุทธิสาร
วัดเสมียนนารี,กำแพงเพชร 6,วัดเสมียนนารี,กำแพงเพชร 6
วัดเสมียนนารี,เทศบาลสงเคราะห์,วัดเสมียนนารี,เทศบาลสงเคราะห์
เจ้าคุณทหาร - คุ้มเกล้า,เจ้าคุณทหารลาดกระบัง,เจ้าคุณทหาร - คุ้มเกล้า,เจ้าคุณทหารลาดกระบัง
ราษฎร์พัฒนา,ซอยสุขสวัสดิ์27,ราษฎร์พัฒนา,ซอยสุขสวัสดิ์27
ราษฎร์พัฒนา,สุขสวัสดิ์สำนักการจราจรและขนส่ง,ราษฎร์พัฒนา,สุขสวัสดิ์สำนักการจราจรและขนส่ง
ปากซอยสุขุมวิท 81,สุขุมวิท,ปากซอยสุขุมวิท 81,สุขุมวิท
ปากซอยสุขุมวิท 81,สุขุมวิท 52,ปากซอยสุขุมวิท 81,สุขุมวิท 52
ปากซอยสุขุมวิท 81,สุขุมวิท 81,ปากซอยสุขุมวิท 81,สุขุมวิท 81
อ่อนนุช - กิ่งแก้ว,กิ่งแก้ว,อ่อนนุช - กิ่งแก้ว,กิ่งแก้ว
อ่อนนุช - กิ่งแก้ว,อ่อนนุช,อ่อนนุช - กิ่งแก้ว,อ่อนนุช
สาทร - นราธิวาส,นราธิวาสราชนครนิทร์,สาทร - นราธิวาส,นราธิวาสราชนครนิทร์
วงเวียนใหญ่,สมเดจ็พระเจ้าตากสิน,วงเวียนใหญ่,สมเดจ็พระเจ้าตากสิน
วงเวียนใหญ่,ถนนลาดหญ้า,วงเวียนใหญ่,ถนนลาดหญ้า
สรงประภา-นาวงศ์ประชาพัฒนา,นาวงศ์ประชาพัฒนา,สรงประภา-นาวงศ์ประชาพัฒนา,นาวงศ์ประชาพัฒนา
สรงประภา-นาวงศ์ประชาพัฒนา,สรงประภา,สรงประภา-นาวงศ์ประชาพัฒนา,สรงประภา
สามย่าน,สี่พระยา,สามย่าน,สี่พระยา
สามย่าน,พญาไท,สามย่าน,พญาไท
สามย่าน,พระรามที่4,สามย่าน,พระรามที่4
เจริญราษฎร์,พระรามที่3,เจริญราษฎร์,พระรามที่3
ห้าแยกพลับพลาไชย,พลับพลาไชย,ห้าแยกพลับพลาไชย,พลับพลาไชย
ห้าแยกพลับพลาไชย,หลวง,ห้าแยกพลับพลาไชย,หลวง
ห้าแยกพลับพลาไชย,ไมตรีจิตร,ห้าแยกพลับพลาไชย,ไมตรีจิตร
ห้าแยกพลับพลาไชย,ไมตรจีติร,ห้าแยกพลับพลาไชย,ไมตรจีติร
มไหสวรรย์,สมเดจ็พระเจ้าตากสิน,มไหสวรรย์,สมเดจ็พระเจ้าตากสิน
ตากสิน 37,สมเดจ็พระเจ้าตากสิน,ตากสิน 37,สมเดจ็พระเจ้าตากสิน
ลาสาลี,ศรีนครินทร์,ลาสาลี,ศรีนครินทร์
ลำสาลี,รามคาแหง,ลำสาลี,รามคาแหง
พทุธมณฑลสาย 1 - บางแวก,พุทธมณฑลสาย 1,พทุธมณฑลสาย 1 - บางแวก,พุทธมณฑลสาย 1
พทุธมณฑลสาย 1 - บางแวก,บางแวก,พทุธมณฑลสาย 1 - บางแวก,บางแวก
รัชดา - ลาดพร้าว,ลาดพร้าว,รัชดา - ลาดพร้าว,ลาดพร้าว
พระรามที่ 4,พระรามที่ 6,พระรามที่ 4,พระรามที่ 6
พระรามที่ 4,พระรามที่ 5,พระรามที่ 4,พระรามที่ 5
จ.ป.ร.,ราชดําเนินนอก,จ.ป.ร.,ราชดําเนินนอก
จ.ป.ร.,จักรพรรดิพงษ์,จ.ป.ร.,จักรพรรดิพงษ์
ยุคล 2,บํารุงเมือง,ยุคล 2,บํารุงเมือง
อนามัย,บํารุงเมือง,อนามัย,บํารุงเมือง
"สามเหลี่ยมดินแดง
",ราชปรารภ,สามเหลี่ยมดินแดง,ราชปรารภ
"สามเหลี่ยมดินแดง
",อรรถวิมล,สามเหลี่ยมดินแดง,อรรถวิมล
"สามเหลี่ยมดินแดง
",ราชวิถี,สามเหลี่ยมดินแดง,ราชวิถี
"สามเหลี่ยมดินแดง
",ดินแดง,สามเหลี่ยมดินแดง,ดินแดง
"ประชาอุทิศ - เลียบด่วน กาญจนาภิเษก
",ประชาอุทิศ,ประชาอุทิศ - เลียบด่วน กาญจนาภิเษก,ประชาอุทิศ
"ประชาอุทิศ - เลียบด่วน กาญจนาภิเษก
",เลียบด่วนกาญจนาภิเษก,ประชาอุทิศ - เลียบด่วน กาญจนาภิเษก,เลียบด่วนกาญจนาภิเษก
"ประชาอุทิศ - เลียบด่วน กาญจนาภิเษก
",ประชาอุทิศ 99,ประชาอุทิศ - เลียบด่วน กาญจนาภิเษก,ประชาอุทิศ 99
"สะพานดํา
",พระรามที่ 6,สะพานดํา,พระรามที่ 6
"สะพานดํา
",กําแพงเพชร 5,สะพานดํา,กําแพงเพชร 5
"สะพานดํา
",กําแพงเพชร,สะพานดํา,กําแพงเพชร
"ทุ่งครุ
",ประชาอุทิศ,ทุ่งครุ,ประชาอุทิศ
"ทุ่งครุ
",ครุใน,ทุ่งครุ,ครุใน
"เดโช
",เดโช,เดโช,เดโช
"เดโช
",สีลม,เดโช,สีลม
"ขัตติยานี
",พิชัย,ขัตติยานี,พิชัย
"ขัตติยานี
",สุโขทัย,ขัตติยานี,สุโขทัย
ประเสริฐมนูกิจ - ลาดปลาเค้า ,ลาดปลาเค้า,ประเสริฐมนูกิจ - ลาดปลาเค้า,ลาดปลาเค้า
ประเสริฐมนูกิจ - ลาดปลาเค้า ,ประเสริฐมนูกิจ,ประเสริฐมนูกิจ - ลาดปลาเค้า,ประเสริฐมนูกิจ
"หน้ากองปราบปราม
",พหลโยธิน,หน้ากองปราบปราม,พหลโยธิน
"หลานหลวง
",จักรพรรดิพงษ์,หลานหลวง,จักรพรรดิพงษ์
"หลานหลวง
",หลานหลวง,หลานหลวง,หลานหลวง
"ศิริราช
",อรุณอัมรินทร์,ศิริราช,อรุณอัมรินทร์
"ศิริราช
",พรานนก,ศิริราช,พรานนก
สามเสน ,สวรรคโลก,สามเสน,สวรรคโลก
สามเสน ,เทอดดำริ,สามเสน,เทอดดำริ
สามเสน ,นครไชยศรี,สามเสน,นครไชยศรี
"ทางโค้งลงสะพานข้ามคลอง
ลาดกระบัง ",ลาดกระบัง,ทางโค้งลงสะพานข้ามคลอง ลาดกระบัง,ลาดกระบัง
ลาดกระบัง - ร่มเกล้า ,ร่มเกล้า,ลาดกระบัง - ร่มเกล้า,ร่มเกล้า
ลาดกระบัง - ร่มเกล้า ,ลาดกระบัง,ลาดกระบัง - ร่มเกล้า,ลาดกระบัง
"โพธิ์แก้ว
",นวมินทร์,โพธิ์แก้ว,นวมินทร์
"โพธิ์แก้ว
",โพธิ์แก้ว,โพธิ์แก้ว,โพธิ์แก้ว
"โพธิ์แก้ว
",ทางเข้าวัดบางเตย,โพธิ์แก้ว,ทางเข้าวัดบางเตย
"ทองหล่อ
",สุขุมวิท,ทองหล่อ,สุขุมวิท
"ทองหล่อ
",สุขุมวิท 55 (ทองหล่อ),ทองหล่อ,สุขุมวิท 55 (ทองหล่อ)
รพ.ภูมิพล ,พหลโยธิน,รพ.ภูมิพล,พหลโยธิน
รพ.ภูมิพล ,ทางเข้าออก ทอ.5,รพ.ภูมิพล,ทางเข้าออก ทอ.5
รพ.ภูมิพล ,ซอยพิมานทิพย์,รพ.ภูมิพล,ซอยพิมานทิพย์
"วังแดง
",ราชสีมา,วังแดง,ราชสีมา
"วังแดง
",พิษณุโลก,วังแดง,พิษณุโลก
"ศรีย่าน
",สามเสน,ศรีย่าน,สามเสน
"ศรีย่าน
",นครไชยศรี,ศรีย่าน,นครไชยศรี
"พระโขนง
",สุขุมวิท 71,พระโขนง,สุขุมวิท 71
"พระโขนง
",สุขุมวิท,พระโขนง,สุขุมวิท
"สุขุมวิท - พระรามที่ 4
",พระรามที่ 4,สุขุมวิท - พระรามที่ 4,พระรามที่ 4
"สุขุมวิท - พระรามที่ 4
",สุขุมวิท,สุขุมวิท - พระรามที่ 4,สุขุมวิท
สี่กั๊กพระยาศรี,บ้านหม้อ,สี่กั๊กพระยาศรี,บ้านหม้อ
สี่กั๊กพระยาศรี,เจริญกรุง,สี่กั๊กพระยาศรี,เจริญกรุง
พิบูลสงคราม,วงศ์สว่าง,พิบูลสงคราม,วงศ์สว่าง
สุรศักดิ์,มเหสักข์,สุรศักดิ์,มเหสักข์
สุรศักดิ์,สีลม,สุรศักดิ์,สีลม
สี่เสาเทเวศร์,สามเสน,สี่เสาเทเวศร์,สามเสน
สี่เสาเทเวศร์,ศรีอยุธยา,สี่เสาเทเวศร์,ศรีอยุธยา
สุทธิสาร - วิภาวดีรังสิต,วิภาวดีรังสิต,สุทธิสาร - วิภาวดีรังสิต,วิภาวดีรังสิต
สุทธิสาร - วิภาวดีรังสิต,สุทธิสาร,สุทธิสาร - วิภาวดีรังสิต,สุทธิสาร
ปากซอยบุญอยู่,ดินแดง,ปากซอยบุญอยู่,ดินแดง
ปากซอยรางน้ำ,พญาไท,ปากซอยรางน้ำ,พญาไท
ปากซอยศรีอยุธยา 5,ศรีอยุธยา,ปากซอยศรีอยุธยา 5,ศรีอยุธยา
หน้าร.พ.รามาธิบดี,พระรามที่ 6,หน้าร.พ.รามาธิบดี,พระรามที่ 6
หน้าพันธุ์ทิพย์พลาซา,เพชรบุรีตัดใหม่,หน้าพันธุ์ทิพย์พลาซา,เพชรบุรีตัดใหม่
เสรีไทย - นวธานี,เสรีไทย,เสรีไทย - นวธานี,เสรีไทย
เสรีไทย - นวธานี,ทางเข้าหมู่บ้านนวธานี,เสรีไทย - นวธานี,ทางเข้าหมู่บ้านนวธานี
เสรีไทย - นวธานี,ซอยเสรีไทย 38,เสรีไทย - นวธานี,ซอยเสรีไทย 38
อนามัยงามเจริญ,อนามัยงามเจริญ,อนามัยงามเจริญ,อนามัยงามเจริญ
อนามัยงามเจริญ,เทียนทะเล 7,อนามัยงามเจริญ,เทียนทะเล 7
อนามัยงามเจริญ,หมู่บ้านสินทวี,อนามัยงามเจริญ,หมู่บ้านสินทวี
เทียนทะเล 7,ซอยท่าข้าม 23,เทียนทะเล 7,ซอยท่าข้าม 23
เทียนทะเล 7,เทียนทะเล 7,เทียนทะเล 7,เทียนทะเล 7
ลาดพร้าว - ลาดพร้าว 15,ซอยลาดพร้าว 15,ลาดพร้าว - ลาดพร้าว 15,ซอยลาดพร้าว 15
ลาดพร้าว - ลาดพร้าว 15,ลาดพร้าว,ลาดพร้าว - ลาดพร้าว 15,ลาดพร้าว
วิทยุ - เพชร,วิทยุ - ทางขึ้นลงทางด่วน,วิทยุ - เพชร,วิทยุ - ทางขึ้นลงทางด่วน
วิทยุ - เพชร,ซอยเพชรบุรี 37 -ทางลงทางด่วน,วิทยุ - เพชร,ซอยเพชรบุรี 37 -ทางลงทางด่วน
วิทยุ - เพชร,เพชรบุรี,วิทยุ - เพชร,เพชรบุรี
บางกะปิ,นวมนิทร์,บางกะปิ,นวมนิทร์
ลาดบัวขาว,มณีพัฒนา,ลาดบัวขาว,มณีพัฒนา
นราธิวาส - สุรวงศ์,นราธิวาส,นราธิวาส - สุรวงศ์,นราธิวาส
นราธิวาส - สุรวงศ์,สุรวงศ์,นราธิวาส - สุรวงศ์,สุรวงศ์
สี่พระยา - นเรศ,สี่พระยา,สี่พระยา - นเรศ,สี่พระยา
ลาซาล,ซอยลาซาล (สุขุมวิท 105),ลาซาล,ซอยลาซาล (สุขุมวิท 105)
สุขุมวิท 24,สุขุมวิท 24,สุขุมวิท 24,สุขุมวิท 24
สุขุมวิท 24,สุขุมวิท,สุขุมวิท 24,สุขุมวิท
ทางข้ามระหว่างวัดปทุมวนารามกับเซ็นทรัลเวิลด์,พระรามที่ 1,ทางข้ามระหว่างวัดปทุมวนารามกับเซ็นทรัลเวิลด์,พระรามที่ 1
จันทน์ - นราธิวาส,นราธิวาสราชนครินทร์,จันทน์ - นราธิวาส,นราธิวาสราชนครินทร์
วัดตึก,จักรวรรดิ,วัดตึก,จักรวรรดิ
พระรามที่ 3 - ยานนาวา,พระรามที่ 3,พระรามที่ 3 - ยานนาวา,พระรามที่ 3
พระรามที่ 3 - ยานนาวา,ยานนาวา,พระรามที่ 3 - ยานนาวา,ยานนาวา
ศรีวรา,ศรีวรา,ศรีวรา,ศรีวรา
ศรีวรา,ประชาอุทิศ,ศรีวรา,ประชาอุทิศ
กำแพงเพชร,ซอยพหลโยธิน 18,กำแพงเพชร,ซอยพหลโยธิน 18
สุโขทัย,พระรามที่5,สุโขทัย,พระรามที่5
บรมราชชนนี - ราชพฤกษ์,ราชพฤกษ์,บรมราชชนนี - ราชพฤกษ์,ราชพฤกษ์
บรมราชชนนี - ราชพฤกษ์,บรมราชชนนี,บรมราชชนนี - ราชพฤกษ์,บรมราชชนนี
ทางเข้าออกวัดอินทราวาส,ราชพฤกษ์,ทางเข้าออกวัดอินทราวาส,ราชพฤกษ์
ทางเข้าออกวัดอินทราวาส,อนิทราวาส,ทางเข้าออกวัดอินทราวาส,อนิทราวาส
ประเสริฐมนูกิจ - สุคนธสวัสดิ์,สุคนธสวัสดิ์,ประเสริฐมนูกิจ - สุคนธสวัสดิ์,สุคนธสวัสดิ์
ประเสริฐมนูกิจ - สุคนธสวัสดิ์,ประเสริฐมนูกิจ,ประเสริฐมนูกิจ - สุคนธสวัสดิ์,ประเสริฐมนูกิจ
ร.พ. บางรัก,ซอยเซ็นหลุยส์ 9,ร.พ. บางรัก,ซอยเซ็นหลุยส์ 9
ร.พ. บางรัก,ซอยศึกษาวิทยา,ร.พ. บางรัก,ซอยศึกษาวิทยา
ร.พ. บางรัก,สาทร,ร.พ. บางรัก,สาทร
พรานนก - กาญจนาภิเษก -กาญจนาภิเษก,กาญจนาภิเษก,พรานนก - กาญจนาภิเษก -กาญจนาภิเษก,กาญจนาภิเษก
พรานนก - กาญจนาภิเษก -กาญจนาภิเษก,พรานนก-กาญจนาภิเษก,พรานนก - กาญจนาภิเษก -กาญจนาภิเษก,พรานนก-กาญจนาภิเษก
พรานนก - กาญจนาภิเษก -ราชพฤกษ์,ราชพฤกษ์,พรานนก - กาญจนาภิเษก -ราชพฤกษ์,ราชพฤกษ์
พรานนก - กาญจนาภิเษก -ราชพฤกษ์,พรานนก-กาญจนาภิเษก,พรานนก - กาญจนาภิเษก -ราชพฤกษ์,พรานนก-กาญจนาภิเษก
นพวงษ์,กรุงเกษม,นพวงษ์,กรุงเกษม
นพวงษ์,มิตรพันธ์,นพวงษ์,มิตรพันธ์
นพวงษ์,หลวง,นพวงษ์,หลวง
ผ่านฟ้า,บรพิตัร,ผ่านฟ้า,บรพิตัร
ตลาดคู้,เลียบวารี,ตลาดคู้,เลียบวารี
ตลาดคู้,คู้ตลองสิบ,ตลาดคู้,คู้ตลองสิบ
ตลาดคู้,มิตรไมตรี,ตลาดคู้,มิตรไมตรี
หน้าโรงเรียนสุเหร่าคู้วิทยา,เลียบวารี,หน้าโรงเรียนสุเหร่าคู้วิทยา,เลียบวารี
โรงพยาบาลกลาง,ยุคคล 2,โรงพยาบาลกลาง,ยุคคล 2
โชคชัย 4 ซอย 54,โชคชยั 4,โชคชัย 4 ซอย 54,โชคชยั 4
โชคชัย 4 ซอย 54,โชคชัย 4 ซ. 51,โชคชัย 4 ซอย 54,โชคชัย 4 ซ. 51
โชคชัย 4 ซอย 54,โชคชัย 4 ซอย 54,โชคชัย 4 ซอย 54,โชคชัย 4 ซอย 54
โชคชัย 4 ซอย 54,โชคชัย 4 ซ. 53,โชคชัย 4 ซอย 54,โชคชัย 4 ซ. 53
โชคชัย 4 ซอย 54,โชคชัย 4 ซ. 52,โชคชัย 4 ซอย 54,โชคชัย 4 ซ. 52
ทางเข้า - ออกรฐัสภา,สามเสน,ทางเข้า - ออกรฐัสภา,สามเสน
ทางเข้า - ออกรฐัสภา,ทางเข้า - ออกรฐัสภา,ทางเข้า - ออกรฐัสภา,ทางเข้า - ออกรฐัสภา
สารสิน,วิทยุ,สารสิน,วิทยุ
สารสิน,สารสิน,สารสิน,สารสิน
สารสิน,ซอยร่วมฤดี,สารสิน,ซอยร่วมฤดี
ด่วนเพลินจิต,ทางขึ้น - ลงทางด่วน,ด่วนเพลินจิต,ทางขึ้น - ลงทางด่วน
นาหลวง,หมู่บ้านสินทวี,นาหลวง,หมู่บ้านสินทวี
นาหลวง,ประชาอุทิศ (SB),นาหลวง,ประชาอุทิศ (SB)
นาหลวง,ประชาอุทิศ (WB),นาหลวง,ประชาอุทิศ (WB)
พระรามที่ 3 - รัชดา,รัชดาภิเษก,พระรามที่ 3 - รัชดา,รัชดาภิเษก
พระรามที่ 3 - รัชดา,พระรามที่ 3,พระรามที่ 3 - รัชดา,พระรามที่ 3
วังหิน,ลาดปลาเค้า,วังหิน,ลาดปลาเค้า
บางชัน,มณีพัฒนา,บางชัน,มณีพัฒนา
เจริญรัก,เจริญนคร,เจริญรัก,เจริญนคร
เจริญรัก,เจริญรัก,เจริญรัก,เจริญรัก
ทางข้ามหน้าวัดเศวตฉัตร,เจริญนคร,ทางข้ามหน้าวัดเศวตฉัตร,เจริญนคร
ทางข้ามหน้าไปรษณีย์อ่อนนุช,อ่อนนุช,ทางข้ามหน้าไปรษณีย์อ่อนนุช,อ่อนนุช
หมู่บ้านเสรี,"อ่อนนุช 70 ,อ่อนนุช 72",หมู่บ้านเสรี,"อ่อนนุช 70 ,อ่อนนุช 72"
หมู่บ้านเสรี,อ่อนนุช,หมู่บ้านเสรี,อ่อนนุช
หมู่บ้านสหกรณ์,ทางเข้าหมู่บ้านสหกรณ์,หมู่บ้านสหกรณ์,ทางเข้าหมู่บ้านสหกรณ์
พุทธมณฑลสาย 2 - บางแวก,พุทธมณฑลสาย 2,พุทธมณฑลสาย 2 - บางแวก,พุทธมณฑลสาย 2
พุทธมณฑลสาย 2 - บางแวก,บางแวก,พุทธมณฑลสาย 2 - บางแวก,บางแวก
นราธิวาสฯ - พระราม 3,นราธิวาสราชนครินทร์,นราธิวาสฯ - พระราม 3,นราธิวาสราชนครินทร์
แม้นศรี,จักรพรรดิพงษ์,แม้นศรี,จักรพรรดิพงษ์
ร่วมจิตต์,นครชัยศรี,ร่วมจิตต์,นครชัยศรี
ร่วมจิตต์,ราชสีมา,ร่วมจิตต์,ราชสีมา
พุทธมณฑลสาย 2 - ซ.วัดบุณยประดิษฐ์,พุทธมณฑลสาย 2,พุทธมณฑลสาย 2 - ซ.วัดบุณยประดิษฐ์,พุทธมณฑลสาย 2
พุทธมณฑลสาย 2 - ซ.วัดบุณยประดิษฐ์,ซ.วัดบุณยประดิษฐ์,พุทธมณฑลสาย 2 - ซ.วัดบุณยประดิษฐ์,ซ.วัดบุณยประดิษฐ์
พุทธมณฑลสาย 2 - ซ.วัดบุณยประดิษฐ์,พุทธมณฑลสาย 2 ซอย 10,พุทธมณฑลสาย 2 - ซ.วัดบุณยประดิษฐ์,พุทธมณฑลสาย 2 ซอย 10
ทางข้ามทางเข้าวัดมะกอก,พุทธมณฑลสาย 1,ทางข้ามทางเข้าวัดมะกอก,พุทธมณฑลสาย 1
ทางข้ามหน้าหมู่บ้านสินทรัพย์นคร,พุทธมณฑลสาย 2,ทางข้ามหน้าหมู่บ้านสินทรัพย์นคร,พุทธมณฑลสาย 2
ปากซอยหทัยราษฎร์ 39,หทัยราษฎร์,ปากซอยหทัยราษฎร์ 39,หทัยราษฎร์
หน้ารพ.รามาธิบดี,พระรามที่ 6,หน้ารพ.รามาธิบดี,พระรามที่ 6
อ.ส.ม.ท.,ทางเข้า อ.ส.ม.ท.,อ.ส.ม.ท.,ทางเข้า อ.ส.ม.ท.
หน้าบิ๊กซีราชดำริ,ราชดำริ,หน้าบิ๊กซีราชดำริ,ราชดำริ
ป้อมเผด็จ,ราชดำเนิน,ป้อมเผด็จ,ราชดำเนิน
อุดมสุข,สุขุมวิท 103 (อุดมสุข),อุดมสุข,สุขุมวิท 103 (อุดมสุข)
พระรามที่ 3 - วงแหวนอุตสาหกรรม,พระรามที่ 3,พระรามที่ 3 - วงแหวนอุตสาหกรรม,พระรามที่ 3
พระรามที่ 3 - วงแหวนอุตสาหกรรม,วงแหวนอุตสาหกรรม,พระรามที่ 3 - วงแหวนอุตสาหกรรม,วงแหวนอุตสาหกรรม
เพชรเกษม 81,เพชรเกษม 81,เพชรเกษม 81,เพชรเกษม 81
สาทร - เจริญกรุง,ทางเข้าเจ้าพระยาทาวเวอร์,สาทร - เจริญกรุง,ทางเข้าเจ้าพระยาทาวเวอร์
หน้าพันธุ์ทิพย์ประตูน้ำ,เพชรบุรี,หน้าพันธุ์ทิพย์ประตูน้ำ,เพชรบุรี
เตาปูน,ซอยน้ำชัย,เตาปูน,ซอยน้ำชัย
ถาวรธวัช,ถาวรธวัช,ถาวรธวัช,ถาวรธวัช
ถาวรธวัช,พัฒนาการ,ถาวรธวัช,พัฒนาการ
พาณิชย์ธน,จรัญสนิทวงศ์,พาณิชย์ธน,จรัญสนิทวงศ์
พาณิชย์ธน,จรัญสนิทวงศ์ 13,พาณิชย์ธน,จรัญสนิทวงศ์ 13
เฉลิมกรุง,ตรีทอง,เฉลิมกรุง,ตรีทอง
เอกมัยใต้,ทางเข้าขนส่งเอกมัย,เอกมัยใต้,ทางเข้าขนส่งเอกมัย
ด่วนเกษมราษฎร์,ทางขึ้นลงทางด่วน,ด่วนเกษมราษฎร์,ทางขึ้นลงทางด่วน
บรมราชชนนี,สมเด็จพระปิ่นเกล้า,บรมราชชนนี,สมเด็จพระปิ่นเกล้า
เรือนจำ,มหาไชย,เรือนจำ,มหาไชย
เรือนจำ,หลวง,เรือนจำ,หลวง
สะพานมอญ,อัษฎางค์,สะพานมอญ,อัษฎางค์
สะพานมอญ,เจริญกรุง,สะพานมอญ,เจริญกรุง
อัษฎางค์ - ราชบพิธ,อัษฎางค์,อัษฎางค์ - ราชบพิธ,อัษฎางค์
อัษฎางค์ - พระยาศรี,อัษฎางค์,อัษฎางค์ - พระยาศรี,อัษฎางค์
อัษฎางค์ - พระยาศรี,พระยาศรี,อัษฎางค์ - พระยาศรี,พระยาศรี
เฟื่องนคร - พระยาศรี,เฟื่องนคร,เฟื่องนคร - พระยาศรี,เฟื่องนคร
ตีทอง - ลงท่า - หน้าวัง,ตีทอง,ตีทอง - ลงท่า - หน้าวัง,ตีทอง
ตีทอง - ลงท่า - หน้าวัง,หน้าวัง,ตีทอง - ลงท่า - หน้าวัง,หน้าวัง
เฟื่องนคร - ราชบพิธ,เฟื่องนคร,เฟื่องนคร - ราชบพิธ,เฟื่องนคร
เฟื่องนคร - ราชบพิธ,ราชบพิธ,เฟื่องนคร - ราชบพิธ,ราชบพิธ
หน้าธนาคารแห่งประเทศไทย,สามเสน,หน้าธนาคารแห่งประเทศไทย,สามเสน
บำรุงเมือง - มหรรณพ 2,ซอยมหรรณพ 2,บำรุงเมือง - มหรรณพ 2,ซอยมหรรณพ 2
บำรุงเมือง - มหรรณพ 2,บำรุงเมือง,บำรุงเมือง - มหรรณพ 2,บำรุงเมือง
บำรุงเมือง,อุณากรรณ,บำรุงเมือง,อุณากรรณ
บำรุงเมือง,ศิริพงษ์,บำรุงเมือง,ศิริพงษ์
บำรุงเมือง,บำรุงเมือง,บำรุงเมือง,บำรุงเมือง
เชื่อมสัมพันธ์ - เลียบวารี,เชื่อมสัมพันธ์,เชื่อมสัมพันธ์ - เลียบวารี,เชื่อมสัมพันธ์
เชื่อมสัมพันธ์ - เลียบวารี,เลียบวารี,เชื่อมสัมพันธ์ - เลียบวารี,เลียบวารี
เชื่อมสัมพันธ์ - เลียบวารี,สังฆสันติสุข,เชื่อมสัมพันธ์ - เลียบวารี,สังฆสันติสุข
เชื่อมสัมพันธ์ - สกุลดี,เชื่อมสัมพันธ์,เชื่อมสัมพันธ์ - สกุลดี,เชื่อมสัมพันธ์
เชื่อมสัมพันธ์ - สกุลดี,สกุลดี,เชื่อมสัมพันธ์ - สกุลดี,สกุลดี
ตีทอง - ราชบพิธ,ตีทอง,ตีทอง - ราชบพิธ,ตีทอง
ตีทอง - ราชบพิธ,ราชบพิธ,ตีทอง - ราชบพิธ,ราชบพิธ
ตีทอง - สระสรง,ตีทอง,ตีทอง - สระสรง,ตีทอง
ตีทอง - สระสรง,ซอยสระสรง,ตีทอง - สระสรง,ซอยสระสรง
ศิริพงษ์ - ศิริชัย,ศิริชัย,ศิริพงษ์ - ศิริชัย,ศิริชัย
ศิริพงษ์ - ศิริพัฒน์,ศิริพงษ์,ศิริพงษ์ - ศิริพัฒน์,ศิริพงษ์
ศิริพงษ์ - ศิริพัฒน์,ศิริพัฒน์,ศิริพงษ์ - ศิริพัฒน์,ศิริพัฒน์
อุณากรรณ - ลงท่า,อุณากรรณ,อุณากรรณ - ลงท่า,อุณากรรณ
อุณากรรณ - ลงท่า,ลงท่า,อุณากรรณ - ลงท่า,ลงท่า
อุณากรรณ - ลงท่า,ศิริพงษ์,อุณากรรณ - ลงท่า,ศิริพงษ์
มหาไชย - ศิริชัย,มหาไชย,มหาไชย - ศิริชัย,มหาไชย
วรจักร,วรจักร,วรจักร,วรจักร
วรจักร,หลวง,วรจักร,หลวง
เกษตร,ประเสริฐมนูกิจ,เกษตร,ประเสริฐมนูกิจ
สถานีรถไฟวงเวียนใหญ่,กรุงธนบุรี,สถานีรถไฟวงเวียนใหญ่,กรุงธนบุรี
ซอยนราธิวาสราชนครนิทร์26,นราธิวาสราชนครินทร์,ซอยนราธิวาสราชนครนิทร์26,นราธิวาสราชนครินทร์
สถานี BRT พระราม 3,นราธิวาสราชนครินทร์,สถานี BRT พระราม 3,นราธิวาสราชนครินทร์
สถานีรถไฟฟ้ากรุงธนบุรี,กรุงธนบุรี,สถานีรถไฟฟ้ากรุงธนบุรี,กรุงธนบุรี
หน้าสนามกีฬาศุภชลาศัย,พระรามที่ 1,หน้าสนามกีฬาศุภชลาศัย,พระรามที่ 1
หน้าสยามเซ็นเตอร์,พระรามที่ 1,หน้าสยามเซ็นเตอร์,พระรามที่ 1
หน้าม.ราชภัฏวไลยอลงกรณ์,เพชรบุรี,หน้าม.ราชภัฏวไลยอลงกรณ์,เพชรบุรี
ซอยราชปรารภ 3,ราชปรารภ,ซอยราชปรารภ 3,ราชปรารภ
ร.ร.เตรียมอุดมศึกษา,พญาไท,ร.ร.เตรียมอุดมศึกษา,พญาไท
สะพานลอยหน้าวัดสุวรรณ,เจริญนคร,สะพานลอยหน้าวัดสุวรรณ,เจริญนคร
รพ.ทหารผ่านศึก,วิภาวดีรังสิต,รพ.ทหารผ่านศึก,วิภาวดีรังสิต
ม.หอการค้าไทย,วิภาวดีรังสิต,ม.หอการค้าไทย,วิภาวดีรังสิต
บริษัทการบินไทย,วิภาวดีรังสิต,บริษัทการบินไทย,วิภาวดีรังสิต
หน้าบริษัท ปตท.,วิภาวดีรังสิต,หน้าบริษัท ปตท.,วิภาวดีรังสิต
บิ๊กซีรัชดา,รัชดาภิเษก,บิ๊กซีรัชดา,รัชดาภิเษก
หน้าอาคารเมืองไทยภัทรคอมเพล็กซ์,รัชดาภิเษก,หน้าอาคารเมืองไทยภัทรคอมเพล็กซ์,รัชดาภิเษก
ซอยรัชดาภิเษก 3,รัชดาภิเษก,ซอยรัชดาภิเษก 3,รัชดาภิเษก
ซอยรัชดา 30,รัชดาภิเษก,ซอยรัชดา 30,รัชดาภิเษก
หน้าโรงเรียนหอวัง,พหลโยธิน,หน้าโรงเรียนหอวัง,พหลโยธิน
ซอยนราธิวาสฯ 9,นราธิวาสราชนครินทร์,ซอยนราธิวาสฯ 9,นราธิวาสราชนครินทร์
ซอยนราธิวาสฯ 20,นราธิวาสราชนครินทร์,ซอยนราธิวาสฯ 20,นราธิวาสราชนครินทร์
ซอยนราธิวาสฯ 24,นราธิวาสราชนครินทร์,ซอยนราธิวาสฯ 24,นราธิวาสราชนครินทร์
หน้าอาคารรัฐสภาใหม่,สามเสน,หน้าอาคารรัฐสภาใหม่,สามเสน
ซอยพระราม 3 ซ.68,พระรามที่ 3,ซอยพระราม 3 ซ.68,พระรามที่ 3
สถานีรถไฟฟ้าช่องนนทรี,นราธิวาสราชนครินทร์,สถานีรถไฟฟ้าช่องนนทรี,นราธิวาสราชนครินทร์
ซอยจรัญฯ 94,จรัญสนิทวงศ์,ซอยจรัญฯ 94,จรัญสนิทวงศ์
หน้าโรงพยาบาลพญาไท 2,พหลโยธิน,หน้าโรงพยาบาลพญาไท 2,พหลโยธิน
หน้าวัดเสาหิน ซ.วงศ์สว่าง 3,วงศ์สว่าง,หน้าวัดเสาหิน ซ.วงศ์สว่าง 3,วงศ์สว่าง
ซอยเทอดไท 21,ราชพฤกษ์,ซอยเทอดไท 21,ราชพฤกษ์
ซอยรัชดาภิเษก 9,รัชดาภิเษก,ซอยรัชดาภิเษก 9,รัชดาภิเษก
หน้าโรงเรียนเซนต์คาเบรียล,สามเสน,หน้าโรงเรียนเซนต์คาเบรียล,สามเสน
หน้าวชิระพยาบาล,สามเสน,หน้าวชิระพยาบาล,สามเสน
หน้าตลาดคลองถม,เจริญกรุง,หน้าตลาดคลองถม,เจริญกรุง
ปากซอยจุฬาลงกรณ์ 26,บรรทัดทอง,ปากซอยจุฬาลงกรณ์ 26,บรรทัดทอง
หน้าศูนย์ฮอนด้า,พญาไท,หน้าศูนย์ฮอนด้า,พญาไท
หน้าอาคารอัมรินทร์พลาซ่า,เพลินจิต,หน้าอาคารอัมรินทร์พลาซ่า,เพลินจิต
หน้าวัดเทพศิรินทร์,หลวง,หน้าวัดเทพศิรินทร์,หลวง
ซอยเพชรบุรี 27,เพชรบุรี,ซอยเพชรบุรี 27,เพชรบุรี
ซอยสมเด็จพระเจ้าตากสิน 19,สมเด็จพระเจ้าตากสิน,ซอยสมเด็จพระเจ้าตากสิน 19,สมเด็จพระเจ้าตากสิน
หน้าโรงเรียนสายปัญญา,กรุงเกษม,หน้าโรงเรียนสายปัญญา,กรุงเกษม
สะพานนริศดำรัส,จักรพรรดิพงษ์,สะพานนริศดำรัส,จักรพรรดิพงษ์
ปากซอยแม้นศรี 2,บำรุงเมือง,ปากซอยแม้นศรี 2,บำรุงเมือง
หน้าม.เทคโนโลยีราชมงคลพระนคร,นครสวรรค์,หน้าม.เทคโนโลยีราชมงคลพระนคร,นครสวรรค์
หน้าราชตฤณมัยสมาคม,พิษณุโลก,หน้าราชตฤณมัยสมาคม,พิษณุโลก
ปากซอยเจริญกรุง 85,เจริญกรุง,ปากซอยเจริญกรุง 85,เจริญกรุง
เจริญนคร 46,เจริญนคร,เจริญนคร 46,เจริญนคร
หน้าแมคโคร,นราธิวาส,หน้าแมคโคร,นราธิวาส
ปากซอยจุฬาลงกรณ์ 12,บรรทัดทอง,ปากซอยจุฬาลงกรณ์ 12,บรรทัดทอง
ใกล้วัดดิสหงษาราม,เพชรบุรี,ใกล้วัดดิสหงษาราม,เพชรบุรี
อาคาร American Standard,รัชดาภิเษก,อาคาร American Standard,รัชดาภิเษก
ซอยจันทน์ 15/1,จันทน์,ซอยจันทน์ 15/1,จันทน์
ปากซอยเจริญกรุง 72/1,เจริญกรุง,ปากซอยเจริญกรุง 72/1,เจริญกรุง
ซอยเจริญกรุง 61,เจริญกรุง,ซอยเจริญกรุง 61,เจริญกรุง
ปากซอยเจริญกรุง 76,เจริญกรุง,ปากซอยเจริญกรุง 76,เจริญกรุง
หน้ารัฐสภาใหม่,สามเสน,หน้ารัฐสภาใหม่,สามเสน
หน้ารัฐสภาใหม่,รัชดาภิเษก,หน้ารัฐสภาใหม่,รัชดาภิเษก
หน้าวัดดิสานุการาม,วรจักร,หน้าวัดดิสานุการาม,วรจักร
ซอยรัชดาภิเษก 14,รัชดาภิเษก,ซอยรัชดาภิเษก 14,รัชดาภิเษก
โรงเรียนหอวัง,พหลโยธิน,โรงเรียนหอวัง,พหลโยธิน
รัชดาภิเษก 30,รัชดาภิเษก,รัชดาภิเษก 30,รัชดาภิเษก
ศาลอาญา,รัชดาภิเษก,ศาลอาญา,รัชดาภิเษก
วัดพระยายัง,พระรามที่ 6,วัดพระยายัง,พระรามที่ 6
หน้าโรงเรียนเซนต์คาเบรียล,พหลโยธิน,หน้าโรงเรียนเซนต์คาเบรียล,พหลโยธิน
เพชรบุรี 38,เพชรบุรี,เพชรบุรี 38,เพชรบุรี
ซอยพหลโยธิน 18/2,พหลโยธิน,ซอยพหลโยธิน 18/2,พหลโยธิน
ซอยพหลโยธิน 15,พหลโยธิน,ซอยพหลโยธิน 15,พหลโยธิน
บิ๊กซีเอ็กซ์ตร้าลาดพร้าว 7,ลาดพร้าว,บิ๊กซีเอ็กซ์ตร้าลาดพร้าว 7,ลาดพร้าว
หน้าวัดชัยมงคล,พระรามที่ 1,หน้าวัดชัยมงคล,พระรามที่ 1
หน้ารพ.พญาไท 2,พหลโยธิน,หน้ารพ.พญาไท 2,พหลโยธิน
รพ.วุฒิสมเด็จย่า,พหลโยธิน,รพ.วุฒิสมเด็จย่า,พหลโยธิน
ซอยราชวิถี6,ราชวิถี,ซอยราชวิถี6,ราชวิถี
ใกล้ซอยบุญอยู่,ดินแดง,ใกล้ซอยบุญอยู่,ดินแดง
ใกล้ซอยศรีอยุธยา 5,ศรีอยุธยา,ใกล้ซอยศรีอยุธยา 5,ศรีอยุธยา
โรงผลิตน้ำสามเสน,พระรามที่ 6,โรงผลิตน้ำสามเสน,พระรามที่ 6
ใกล้โรงเรียนสามเสนวิทยาลัย,พระรามที่ 6,ใกล้โรงเรียนสามเสนวิทยาลัย,พระรามที่ 6
หน้ากองพันทหารปืนใหญ่ที่ 1,ประดิพัทธ์,หน้ากองพันทหารปืนใหญ่ที่ 1,ประดิพัทธ์
หน้ากองพันทหารม้าที่ 3,ทหาร,หน้ากองพันทหารม้าที่ 3,ทหาร
ถนนตก,ถนนตก,ถนนตก,ถนนตก
ตรงข้ามพระตำหนักจิตรลดารโหฐาน,พระรามที่ 5,ตรงข้ามพระตำหนักจิตรลดารโหฐาน,พระรามที่ 5
หน้าศรีย่านทันตแพทย์,นครไชยศรี,หน้าศรีย่านทันตแพทย์,นครไชยศรี
ใกล้ตลาดนัดจตุจักร,พหลโยธิน,ใกล้ตลาดนัดจตุจักร,พหลโยธิน
สะพานข้ามแยกราชเทวี,เพชรบุรี,สะพานข้ามแยกราชเทวี,เพชรบุรี
ใกล้สาทร - เจริญกรุง,เจริญกรุง,ใกล้สาทร - เจริญกรุง,เจริญกรุง
หน้ากรมชลประทาน,สามเสน,หน้ากรมชลประทาน,สามเสน
พระรามที่ 3 - นราธิวาส,พระรามที่ 3,พระรามที่ 3 - นราธิวาส,พระรามที่ 3
พหลโยธินซอย 2,พหลโยธิน,พหลโยธินซอย 2,พหลโยธิน
พหลโยธินซอย 2,พหลโยธินซอย 2,พหลโยธินซอย 2,พหลโยธินซอย 2
เฉลิมไทย,ราชดำเนิน,เฉลิมไทย,ราชดำเนิน
ใกล้ซอยเพชรบุรี 27,เพชรบุรี,ใกล้ซอยเพชรบุรี 27,เพชรบุรี
ซอยรางน้ำ,พญาไท,ซอยรางน้ำ,พญาไท
ประชานุกูล,รัชดาภิเษก,ประชานุกูล,รัชดาภิเษก
วัดหลักสี่,กำแพงเพชร 6,วัดหลักสี่,กำแพงเพชร 6
วัดหลักสี่,วิภาวดีรังสิต,วัดหลักสี่,วิภาวดีรังสิต
อรุณอมรินทร์ตัดใหม่ - วังเดิม,อรุณอมรินทร์,อรุณอมรินทร์ตัดใหม่ - วังเดิม,อรุณอมรินทร์
อรุณอมรินทร์ตัดใหม่ - วังเดิม,วังเดิม,อรุณอมรินทร์ตัดใหม่ - วังเดิม,วังเดิม
อรุณอมรินทร์ตัดใหม่ - วังเดิม,ราชปรารภ,อรุณอมรินทร์ตัดใหม่ - วังเดิม,ราชปรารภ
อรุณอมรินทร์ตัดใหม่ - วังเดิม,มักกะสัน,อรุณอมรินทร์ตัดใหม่ - วังเดิม,มักกะสัน
เตาปูน,กรุงเทพ-นนทบุรี,เตาปูน,กรุงเทพ-นนทบุรี
คลังน้ำมัน,กำแพงเพชร 6,คลังน้ำมัน,กำแพงเพชร 6
คลังน้ำมัน,เชิงวุฒากาศ,คลังน้ำมัน,เชิงวุฒากาศ
บางโพ,อรุณอมรินทร์,บางโพ,อรุณอมรินทร์
โรงกรองน้ำ,พระรามที่ 6,โรงกรองน้ำ,พระรามที่ 6
สวัสดิการ 1 - เลียบคลองภาษีเจริญฝั่งเหนือ - ซ.เลียบคลองฯ 3/1,ซอยเลียบคลองภาษีเจริญฝั่งเหนือ 3/1,สวัสดิการ 1 - เลียบคลองภาษีเจริญฝั่งเหนือ - ซ.เลียบคลองฯ 3/1,ซอยเลียบคลองภาษีเจริญฝั่งเหนือ 3/1
สวัสดิการ 1 - เลียบคลองภาษีเจริญฝั่งเหนือ - ซ.เลียบคลองฯ 3/1,สวัสดิการ 1,สวัสดิการ 1 - เลียบคลองภาษีเจริญฝั่งเหนือ - ซ.เลียบคลองฯ 3/1,สวัสดิการ 1
สวัสดิการ 1 - เลียบคลองภาษีเจริญฝั่งเหนือ - ซ.เลียบคลองฯ 3/1,เลียบคลองภาษีเจริญฝั่งเหนือ,สวัสดิการ 1 - เลียบคลองภาษีเจริญฝั่งเหนือ - ซ.เลียบคลองฯ 3/1,เลียบคลองภาษีเจริญฝั่งเหนือ
หน้าคอนโดยูดีไลท์แอทหัวหมากสเตชั่น,หัวหมาก,หน้าคอนโดยูดีไลท์แอทหัวหมากสเตชั่น,หัวหมาก
หน้าคอนโดลุมพินีพาร์คนวมินทร์ 36,นวมนิทร์,หน้าคอนโดลุมพินีพาร์คนวมินทร์ 36,นวมนิทร์
หน้าคอนโดลุมพินีพาร์คนวมินทร์ 37,นวมนิทร์,หน้าคอนโดลุมพินีพาร์คนวมินทร์ 37,นวมนิทร์
หน้าคอนโดลุมพินีพาร์คนวมินทร์ 38,นวมนิทร์,หน้าคอนโดลุมพินีพาร์คนวมินทร์ 38,นวมนิทร์
เดชะตุงคะ - นาวงประชาพัฒนา,นาวงประชาพัฒนา,เดชะตุงคะ - นาวงประชาพัฒนา,นาวงประชาพัฒนา
เดชะตุงคะ - นาวงประชาพัฒนา,เดชะตุงคะ,เดชะตุงคะ - นาวงประชาพัฒนา,เดชะตุงคะ
วัดประชา,ซอยวัดประชา,วัดประชา,ซอยวัดประชา
วัดประชา,ชิดลม,วัดประชา,ชิดลม
วัดประชา,เพลินจิต,วัดประชา,เพลินจิต
อรุณอมรินทร์,อรุณอมรินทร์,อรุณอมรินทร์,อรุณอมรินทร์
อรุณอมรินทร์,สมเด็จพระปิ่นเกล้า,อรุณอมรินทร์,สมเด็จพระปิ่นเกล้า
วงเวียน 22 กรกฎา,มิตรพันธ์,วงเวียน 22 กรกฎา,มิตรพันธ์
วงเวียน 22 กรกฎา,ไมตรีจิตต์,วงเวียน 22 กรกฎา,ไมตรีจิตต์
วงเวียน 22 กรกฎา,สันติภาพ,วงเวียน 22 กรกฎา,สันติภาพ
วงศ์สว่าง,กรุงเทพ-นนทบุรี,วงศ์สว่าง,กรุงเทพ-นนทบุรี
พิบูลวัฒนา,พระรามที่ 6,พิบูลวัฒนา,พระรามที่ 6
พิบูลวัฒนา,ทางขึ้นลงทางด่วน,พิบูลวัฒนา,ทางขึ้นลงทางด่วน
พิบูลวัฒนา,ซอยพิบูลวัฒนา,พิบูลวัฒนา,ซอยพิบูลวัฒนา
สุวินทวงศ์,สุวินทวงศ์,สุวินทวงศ์,สุวินทวงศ์
สุวินทวงศ์,รามคำแหง,สุวินทวงศ์,รามคำแหง
เศรษฐศิริ,พระรามที่ 6,เศรษฐศิริ,พระรามที่ 6
เศรษฐศิริ,ทางขึ้นลงทางด่วน,เศรษฐศิริ,ทางขึ้นลงทางด่วน
ด่วนประชาชื่น,ประชาชื่น,ด่วนประชาชื่น,ประชาชื่น
ด่วนประชาชื่น,สายสิน,ด่วนประชาชื่น,สายสิน
พระรามที่ 2,สุขสวัสดิ์,พระรามที่ 2,สุขสวัสดิ์
พระรามที่ 2,พระรามที่ 2,พระรามที่ 2,พระรามที่ 2
พัฒนาการ 29,พัฒนาการ,พัฒนาการ 29,พัฒนาการ
ไทยรามัญ,ไทยรามัญ (NB-SB),ไทยรามัญ,ไทยรามัญ (NB-SB)
อ่อนนุช - อ่อนนุช10 - อ่อนนุช 17,อ่อนนุช 10,อ่อนนุช - อ่อนนุช10 - อ่อนนุช 17,อ่อนนุช 10
อ่อนนุช - อ่อนนุช10 - อ่อนนุช 17,อ่อนนุช 17,อ่อนนุช - อ่อนนุช10 - อ่อนนุช 17,อ่อนนุช 17
อ่อนนุช - อ่อนนุช10 - อ่อนนุช 17,อ่อนนุช,อ่อนนุช - อ่อนนุช10 - อ่อนนุช 17,อ่อนนุช
ไทยรามัญ,ไทยรามัญ (WB),ไทยรามัญ,ไทยรามัญ (WB)
วงเวียน รด.,จักรเพชร,วงเวียน รด.,จักรเพชร
วงเวียน รด.,สนามไชย,วงเวียน รด.,สนามไชย
วงเวียน รด.,มหาราช,วงเวียน รด.,มหาราช
วงเวียน รด.,ราชินี,วงเวียน รด.,ราชินี
ซอยวัดสุคันธาราม,สวรรคโลก,ซอยวัดสุคันธาราม,สวรรคโลก
ซอยวัดสุคันธาราม,ซอยวัดสุคันธาราม,ซอยวัดสุคันธาราม,ซอยวัดสุคันธาราม
สุวินทวงศ์ - อยู่วิทยา - ร่วมพัฒนา,ร่วมพัฒนา,สุวินทวงศ์ - อยู่วิทยา - ร่วมพัฒนา,ร่วมพัฒนา
สุวินทวงศ์ - อยู่วิทยา - ร่วมพัฒนา,อยู่วิทยา,สุวินทวงศ์ - อยู่วิทยา - ร่วมพัฒนา,อยู่วิทยา
สุวินทวงศ์ - อยู่วิทยา - ร่วมพัฒนา,สุวินทวงศ์,สุวินทวงศ์ - อยู่วิทยา - ร่วมพัฒนา,สุวินทวงศ์
เมอร์รี่คิงส์,จักรเพชร,เมอร์รี่คิงส์,จักรเพชร
เยาวราช - อิสรานุภาพ,อิสรานุภาพ,เยาวราช - อิสรานุภาพ,อิสรานุภาพ
เยาวราช - อิสรานุภาพ,เยาวราช,เยาวราช - อิสรานุภาพ,เยาวราช
เมอร์รี่คิงส์,เยาวราช,เมอร์รี่คิงส์,เยาวราช
เยาวราช - มังกร,มังกร,เยาวราช - มังกร,มังกร
เยาวราช - มังกร,เยาวราช,เยาวราช - มังกร,เยาวราช
เยาวราช - ผดุงด้าว,ผดุงด้าว,เยาวราช - ผดุงด้าว,ผดุงด้าว
เยาวราช - ผดุงด้าว,เยาวราช,เยาวราช - ผดุงด้าว,เยาวราช
เยาวราช - แปลงนาม,เยาวราช,เยาวราช - แปลงนาม,เยาวราช
เฉลิมบุรี,ทรงสวัสดิ์,เฉลิมบุรี,ทรงสวัสดิ์
เฉลิมบุรี,เยาวราช,เฉลิมบุรี,เยาวราช
เยาวราช - มหาจักร,มหาจักร,เยาวราช - มหาจักร,มหาจักร
เยาวราช - มหาจักร,เยาวราช,เยาวราช - มหาจักร,เยาวราช
วงเวียนโอเดียน,เจริญกรุง,วงเวียนโอเดียน,เจริญกรุง
วงเวียนโอเดียน,ซอยเยาวราช 1,วงเวียนโอเดียน,ซอยเยาวราช 1
วงเวียนโอเดียน,ตรีมิตร,วงเวียนโอเดียน,ตรีมิตร
วงเวียนโอเดียน,ซอยเยาวราช 3,วงเวียนโอเดียน,ซอยเยาวราช 3
วงเวียนโอเดียน,เยาวราช,วงเวียนโอเดียน,เยาวราช
วงเวียนโอเดียน,มิตรภาพไทยจีน,วงเวียนโอเดียน,มิตรภาพไทยจีน
ระนอง 1,เทอดดำริ,ระนอง 1,เทอดดำริ
ระนอง 1,ระนอง 1,ระนอง 1,ระนอง 1
ใกล้ซอยจันทน์ 35,จันทน์,ใกล้ซอยจันทน์ 35,จันทน์
กำแพงเพชร 5-ระนอง 1 - พระรามที่ 6 ซ.37,กำแพงเพชร 5,กำแพงเพชร 5-ระนอง 1 - พระรามที่ 6 ซ.37,กำแพงเพชร 5
กำแพงเพชร 5-ระนอง 1 - พระรามที่ 6 ซ.37,ระนอง 1,กำแพงเพชร 5-ระนอง 1 - พระรามที่ 6 ซ.37,ระนอง 1
กำแพงเพชร 5-ระนอง 1 - พระรามที่ 6 ซ.37,พระรามที่ 6 ซ.37,กำแพงเพชร 5-ระนอง 1 - พระรามที่ 6 ซ.37,พระรามที่ 6 ซ.37
ใกล้ซอยจันทน์ 55,จันทน์,ใกล้ซอยจันทน์ 55,จันทน์
ใกล้ซอยรัชดาภิเษก 22,รัชดาภิเษก,ใกล้ซอยรัชดาภิเษก 22,รัชดาภิเษก
พระราม 9 ใหม่,พระราม 9,พระราม 9 ใหม่,พระราม 9
สุวินทวงศ์ - นิมิตรใหม่,นิมิตรใหม่,สุวินทวงศ์ - นิมิตรใหม่,นิมิตรใหม่
สุวินทวงศ์ - นิมิตรใหม่,สุวินทวงศ์,สุวินทวงศ์ - นิมิตรใหม่,สุวินทวงศ์
หน้าโรงเรียนอินเตอร์คิดส์,ประชาร่วมใจ,หน้าโรงเรียนอินเตอร์คิดส์,ประชาร่วมใจ
เพชรเกษม - พุทธมณฑลสาย 1,พุทธมณฑลสาย 1,เพชรเกษม - พุทธมณฑลสาย 1,พุทธมณฑลสาย 1
เพชรเกษม - พุทธมณฑลสาย 1,เพชรเกษม,เพชรเกษม - พุทธมณฑลสาย 1,เพชรเกษม
อนุสาวรีย์ประชาธิปไตย (ขาเข้า),ราชดำเนิน,อนุสาวรีย์ประชาธิปไตย (ขาเข้า),ราชดำเนิน
อนุสาวรีย์ประชาธิปไตย (ขาออก),ราชดำเนิน,อนุสาวรีย์ประชาธิปไตย (ขาออก),ราชดำเนิน
ทหาร - ซ.อาคารสงเคราะห์กองทัพบก,ซ.อาคารสงเคราะห์กองทัพบก,ทหาร - ซ.อาคารสงเคราะห์กองทัพบก,ซ.อาคารสงเคราะห์กองทัพบก
ทหาร - ซ.อาคารสงเคราะห์กองทัพบก,ทหาร,ทหาร - ซ.อาคารสงเคราะห์กองทัพบก,ทหาร
แบริ่ง,สุขุมวิท 107,แบริ่ง,สุขุมวิท 107
หน้าโรงเรียนนิเวศวารินทร์,เทพรักษ์,หน้าโรงเรียนนิเวศวารินทร์,เทพรักษ์
เพชรบุรี - พร้อมพงษ์,สุขุมวิท 39,เพชรบุรี - พร้อมพงษ์,สุขุมวิท 39
เพชรบุรี - ทองหล่อ,ซอยทองหล่อ,เพชรบุรี - ทองหล่อ,ซอยทองหล่อ
เพชรบุรี - ทองหล่อ,เพชรบุรี,เพชรบุรี - ทองหล่อ,เพชรบุรี
บางขุนเทียน - พระยามนธาตุราชศรีพิจิตร์,บางขุนเทียน,บางขุนเทียน - พระยามนธาตุราชศรีพิจิตร์,บางขุนเทียน
บางขุนเทียน - พระยามนธาตุราชศรีพิจิตร์,พระยามนธาตุราชศรีพิจิตร์,บางขุนเทียน - พระยามนธาตุราชศรีพิจิตร์,พระยามนธาตุราชศรีพิจิตร์
นวมินทร์ - ประเสริฐมนูกิจ,นวมนิทร์,นวมินทร์ - ประเสริฐมนูกิจ,นวมนิทร์
เพชรบุรี - ชิดลม,เพชรบุรี,เพชรบุรี - ชิดลม,เพชรบุรี
ตึกชัย,พระรามที่ 6,ตึกชัย,พระรามที่ 6
เมืองมีน,เสรีไทย,เมืองมีน,เสรีไทย
เมืองมีน,สุวินทวงศ์,เมืองมีน,สุวินทวงศ์
เมืองมีน,รามอินทรา,เมืองมีน,รามอินทรา
เมืองมีน,สีหบุรานุกิจ,เมืองมีน,สีหบุรานุกิจ
ตรงข้ามลานจอดรถ 2 ตลาดสะพานใหม่,พหลโยธิน,ตรงข้ามลานจอดรถ 2 ตลาดสะพานใหม่,พหลโยธิน
ปากซอยพหลโยธิน 69/7,พหลโยธิน,ปากซอยพหลโยธิน 69/7,พหลโยธิน
พหลโยธิน 48,พหลโยธิน 48,พหลโยธิน 48,พหลโยธิน 48
ศูนย์วิจัยเหนือ,พระราม 9 ซอย 17,ศูนย์วิจัยเหนือ,พระราม 9 ซอย 17
ศูนย์วิจัยเหนือ,พระราม 9,ศูนย์วิจัยเหนือ,พระราม 9
หน้าวัดใหม่ยายมอญ,สุทธาวาส,หน้าวัดใหม่ยายมอญ,สุทธาวาส
นานา,สุขุมวิท 4,นานา,สุขุมวิท 4
นานา,สุขุมวิท 3,นานา,สุขุมวิท 3
สามแยกพิชัย,นครไชยศรี,สามแยกพิชัย,นครไชยศรี
สะพานกรุงธน,มุ่งหน้าแยกซังฮี้,สะพานกรุงธน,มุ่งหน้าแยกซังฮี้
สะพานกรุงธน,มุ่งหน้าแยกบางพลัด,สะพานกรุงธน,มุ่งหน้าแยกบางพลัด
สะพานสมเด็จพระปิ่นเกล้า,มุ่งหน้าราชดำเนิน,สะพานสมเด็จพระปิ่นเกล้า,มุ่งหน้าราชดำเนิน
สะพานสมเด็จพระปิ่นเกล้า,มุ่งหน้าแยกอรุณอัมรินทร์,สะพานสมเด็จพระปิ่นเกล้า,มุ่งหน้าแยกอรุณอัมรินทร์
สะพานพระราม 8,มุ่งหน้าแยกวิสุทธิ์กษัตริย์,สะพานพระราม 8,มุ่งหน้าแยกวิสุทธิ์กษัตริย์
สะพานพระราม 8,มุ่งหน้าแยกบรมราชชนนี,สะพานพระราม 8,มุ่งหน้าแยกบรมราชชนนี
สะพานพระราม 7,มุ่งหน้าวงศ์สว่าง,สะพานพระราม 7,มุ่งหน้าวงศ์สว่าง
สะพานพระราม 7,มุ่งหน้าถนนจรัญสนิทวงศ์,สะพานพระราม 7,มุ่งหน้าถนนจรัญสนิทวงศ์
อุโมงค์กลับรถถนนพัฒนาการ,พัฒนาการ,อุโมงค์กลับรถถนนพัฒนาการ,พัฒนาการ
อุโมงค์แยกศรีอุดม,มุ่งหน้าแยกสวนหลวง,อุโมงค์แยกศรีอุดม,มุ่งหน้าแยกสวนหลวง
อุโมงค์แยกศรีอุดม,มุ่งหน้าถนนบางนาตราด,อุโมงค์แยกศรีอุดม,มุ่งหน้าถนนบางนาตราด
สะพานกรุงเทพ,มุ่งหน้าถนนตก,สะพานกรุงเทพ,มุ่งหน้าถนนตก
สะพานกรุงเทพ,มุ่งหน้าแยกมไหสวรรย์,สะพานกรุงเทพ,มุ่งหน้าแยกมไหสวรรย์
สะพานพระราม 3,มุ่งหน้าแยกเจริญราษฎร์,สะพานพระราม 3,มุ่งหน้าแยกเจริญราษฎร์
สะพานพระราม 3,มุ่งหน้ารัชดา-ราชพฤกษ์,สะพานพระราม 3,มุ่งหน้ารัชดา-ราชพฤกษ์
สะพานภูมิพล 1,มุ่งหน้าถนนพระราม 3,สะพานภูมิพล 1,มุ่งหน้าถนนพระราม 3
สะพานภูมิพล 1,มุ่งหน้าถนนสุขสวัสดิ์,สะพานภูมิพล 1,มุ่งหน้าถนนสุขสวัสดิ์
ทางยกระดับข้ามถนนร่มเกล้า,ร่มเกล้า,ทางยกระดับข้ามถนนร่มเกล้า,ร่มเกล้า
ทางยกระดับข้ามถนนร่มเกล้า,ศรีนครินทร์ - ร่มเกล้า,ทางยกระดับข้ามถนนร่มเกล้า,ศรีนครินทร์ - ร่มเกล้า
สะพานสมเด็จพระเจ้าตากสิน,มุ่งหน้าแยกสุรศักดิ์,สะพานสมเด็จพระเจ้าตากสิน,มุ่งหน้าแยกสุรศักดิ์
สะพานสมเด็จพระเจ้าตากสิน,มุ่งหน้าถนนกรุงธนบุรี,สะพานสมเด็จพระเจ้าตากสิน,มุ่งหน้าถนนกรุงธนบุรี
สะพานพระพุทธยอดฟ้า,มุ่งหน้าปากคลองตลาด,สะพานพระพุทธยอดฟ้า,มุ่งหน้าปากคลองตลาด
สะพานพระพุทธยอดฟ้า,มุ่งหน้าแยกบ้านแขก,สะพานพระพุทธยอดฟ้า,มุ่งหน้าแยกบ้านแขก
สะพานพระปกเกล้า,มุ่งหน้าพาหุรัด,สะพานพระปกเกล้า,มุ่งหน้าพาหุรัด
สะพานพระปกเกล้า,มุ่งหน้าแยกบ้านแขก,สะพานพระปกเกล้า,มุ่งหน้าแยกบ้านแขก
อุโมงค์รัชโยธิน,มุ่งหน้าแยกรัชวิภา,อุโมงค์รัชโยธิน,มุ่งหน้าแยกรัชวิภา
อุโมงค์รัชโยธิน,มุ่งหน้าถนนนวมินทร์,อุโมงค์รัชโยธิน,มุ่งหน้าถนนนวมินทร์
อุโมงค์เกษตร,มุ่งหน้าแยกรัชโยธิน,อุโมงค์เกษตร,มุ่งหน้าแยกรัชโยธิน
อุโมงค์เกษตร,มุ่งหน้าแยกพงษ์เพชร,อุโมงค์เกษตร,มุ่งหน้าแยกพงษ์เพชร
อุโมงค์พหลโยธิน-ลาดปลาเค้า,มุ่งหน้าถนนประดิษฐ์มนูธรรม,อุโมงค์พหลโยธิน-ลาดปลาเค้า,มุ่งหน้าถนนประดิษฐ์มนูธรรม
อุโมงค์พหลโยธิน-ลาดปลาเค้า,มุ่งหน้าถนนพหลโยธิน,อุโมงค์พหลโยธิน-ลาดปลาเค้า,มุ่งหน้าถนนพหลโยธิน
อุโมงค์ดินแดง,มุ่งหน้าประชาสงเคราะห์,อุโมงค์ดินแดง,มุ่งหน้าประชาสงเคราะห์
อุโมงค์ห้วยขวาง,มุ่งหน้าแยกสุทธิสาร,อุโมงค์ห้วยขวาง,มุ่งหน้าแยกสุทธิสาร
อุโมงค์ห้วยขวาง,มุ่งหน้าแยกพระราม 9,อุโมงค์ห้วยขวาง,มุ่งหน้าแยกพระราม 9
อุโมงค์สุทธิสาร,มุ่งหน้าแยกรัชดา-ลาดพร้าว,อุโมงค์สุทธิสาร,มุ่งหน้าแยกรัชดา-ลาดพร้าว
อุโมงค์สุทธิสาร,มุ่งหน้าแยกห้วยขวาง,อุโมงค์สุทธิสาร,มุ่งหน้าแยกห้วยขวาง
อุโมงค์บางพลัด,มุ่งหน้าแยกปิ่นเกล้า,อุโมงค์บางพลัด,มุ่งหน้าแยกปิ่นเกล้า
อุโมงค์บางพลัด,มุ่งหน้าพระราม 7,อุโมงค์บางพลัด,มุ่งหน้าพระราม 7
อุโมงค์ท่าพระ,มุ่งหน้าแยกไฟฉาย,อุโมงค์ท่าพระ,มุ่งหน้าแยกไฟฉาย
อุโมงค์ท่าพระ,มุ่งหน้าแยกรัชดา-ราชพฤกษ์,อุโมงค์ท่าพระ,มุ่งหน้าแยกรัชดา-ราชพฤกษ์
อุโมงค์บรมราชชนนี,มุ่งหน้าแยกบางพลัด,อุโมงค์บรมราชชนนี,มุ่งหน้าแยกบางพลัด
อุโมงค์บรมราชชนนี,มุ่งหน้าบางขุนนนท์,อุโมงค์บรมราชชนนี,มุ่งหน้าบางขุนนนท์
อุโมงค์ถาวรธวัช,ถาวรธวัช,อุโมงค์ถาวรธวัช,ถาวรธวัช
รามคำแหง 24 - ถาวรธวัช,ถาวรธวัช,รามคำแหง 24 - ถาวรธวัช,ถาวรธวัช
รามคำแหง 24 - ถาวรธวัช,รามคำแหง 24,รามคำแหง 24 - ถาวรธวัช,รามคำแหง 24
อุโมงค์บางเขน,มุ่งหน้าสะพานใหม่,อุโมงค์บางเขน,มุ่งหน้าสะพานใหม่
อุโมงค์บางเขน,มุ่งหน้าแยกเกษตร,อุโมงค์บางเขน,มุ่งหน้าแยกเกษตร
กษัตริย์ศึก,พระรามที่ 1,กษัตริย์ศึก,พระรามที่ 1
มัฆวาน,ราชดำเนิน,มัฆวาน,ราชดำเนิน
กล้วยน้ำไท,รัชดาภิเษก,กล้วยน้ำไท,รัชดาภิเษก
กล้วยน้ำไท,เทียมร่วมมิตร,กล้วยน้ำไท,เทียมร่วมมิตร
เทียมร่วมมิตร,เพชรเกษม 47/2,เทียมร่วมมิตร,เพชรเกษม 47/2
เทียมร่วมมิตร,เดอะมอลล์บางแค,เทียมร่วมมิตร,เดอะมอลล์บางแค
เทียมร่วมมิตร,กาญจนาภิเษก,เทียมร่วมมิตร,กาญจนาภิเษก
เพชรเกษม,เพชรเกษม,เพชรเกษม,เพชรเกษม
เพชรเกษม,เลียบใต้ทางด่วน,เพชรเกษม,เลียบใต้ทางด่วน
เพชรเกษม,ใต้ด่วนดินแดง,เพชรเกษม,ใต้ด่วนดินแดง
ดินแดง,วิภาวดีรังสิต,ดินแดง,วิภาวดีรังสิต
ดินแดง,ดินแดง,ดินแดง,ดินแดง
ดินแดง,อโศกดินแดง,ดินแดง,อโศกดินแดง
ราษฎร์พัฒนา,สุขสวัสดิ์ 27,ราษฎร์พัฒนา,สุขสวัสดิ์ 27
สีลม,เลียบใต้ทางด่วน,สีลม,เลียบใต้ทางด่วน
สีลม,สีลม,สีลม,สีลม
วัดดวงแข,เจริญนคร,วัดดวงแข,เจริญนคร
กรุงธนบุรี,กรุงธนบุรี,กรุงธนบุรี,กรุงธนบุรี
จรัญสนิทวงศ์ - สุทธาวาส,จรัญสนิทวงศ์,จรัญสนิทวงศ์ - สุทธาวาส,จรัญสนิทวงศ์
จรัญสนิทวงศ์ - สุทธาวาส,เลียบทางรถไฟตลิ่งชัน,จรัญสนิทวงศ์ - สุทธาวาส,เลียบทางรถไฟตลิ่งชัน
จรัญสนิทวงศ์ - สุทธาวาส,สุทธาวาส,จรัญสนิทวงศ์ - สุทธาวาส,สุทธาวาส
จรัญสนิทวงศ์ 35,จรัญสนิทวงศ์,จรัญสนิทวงศ์ 35,จรัญสนิทวงศ์
จรัญสนิทวงศ์ 35,จรัญสนิทวงศ์ 35,จรัญสนิทวงศ์ 35,จรัญสนิทวงศ์ 35
ปากซอยเทียนทะเล 9/1,บางขุนเทียนชายทะเล,ปากซอยเทียนทะเล 9/1,บางขุนเทียนชายทะเล
ปากซอยเทียนทะเล 9/1,เทียนทะเล 9/1,ปากซอยเทียนทะเล 9/1,เทียนทะเล 9/1
อังรีดูนังต์,ทางเข้ากองบัญชาการ,อังรีดูนังต์,ทางเข้ากองบัญชาการ
แจ้งวัฒนะ,แจ้งวัฒนะ,แจ้งวัฒนะ,แจ้งวัฒนะ
แจ้งวัฒนะ,เมืองทอง,แจ้งวัฒนะ,เมืองทอง
บรมราชชนนี - ชัยพฤกษ์,แจ้งวัฒนะ,บรมราชชนนี - ชัยพฤกษ์,แจ้งวัฒนะ
บรมราชชนนี - ชัยพฤกษ์,ชัยพฤกษ์,บรมราชชนนี - ชัยพฤกษ์,ชัยพฤกษ์
บรมราชชนนี - สิรินธร,บรมราชชนนี (NB),บรมราชชนนี - สิรินธร,บรมราชชนนี (NB)
บรมราชชนนี - สิรินธร,บรมราชชนนี (EB),บรมราชชนนี - สิรินธร,บรมราชชนนี (EB)
บรมราชชนนี - สิรินธร,สิรินธร,บรมราชชนนี - สิรินธร,สิรินธร
วัดเทพลีลา,รามคำแหง 39,วัดเทพลีลา,รามคำแหง 39
บรมราชชนนี - เลียบทางรถไฟตลิ่งชัน,เลียบทางรถไฟตลิ่งชัน,บรมราชชนนี - เลียบทางรถไฟตลิ่งชัน,เลียบทางรถไฟตลิ่งชัน
บรมราชชนนี - เลียบทางรถไฟตลิ่งชัน,บรมราชชนนี,บรมราชชนนี - เลียบทางรถไฟตลิ่งชัน,บรมราชชนนี
หน้าตลาดไชยทิศ,เลียบทางรถไฟตลิ่งชัน,หน้าตลาดไชยทิศ,เลียบทางรถไฟตลิ่งชัน
หน้าวัดเจ้าอาม,บางขุนนนท์,หน้าวัดเจ้าอาม,บางขุนนนท์
เจริญกรุง,เจริญกรุง,เจริญกรุง,เจริญกรุง
ตากสิน 37,สมเด็จพระเจ้าตากสิน,ตากสิน 37,สมเด็จพระเจ้าตากสิน
ตากสิน 42,สมเด็จพระเจ้าตากสิน,ตากสิน 42,สมเด็จพระเจ้าตากสิน
สมเด็จเจ้าพระยา,สมเด็จเจ้าพระยา,สมเด็จเจ้าพระยา,สมเด็จเจ้าพระยา
ครุใน,ประชาอุทิศ,ครุใน,ประชาอุทิศ
ครุใน,ครุใน,ครุใน,ครุใน
เอกมัยเหนือ (ทางลง),เอกมัย,เอกมัยเหนือ (ทางลง),เอกมัย
เอกมัยเหนือ (ทางลง),เพชรบุรี,เอกมัยเหนือ (ทางลง),เพชรบุรี
เอกมัยเหนือ (ทางขึ้น),เอกมัย,เอกมัยเหนือ (ทางขึ้น),เอกมัย
เอกมัยเหนือ (ทางขึ้น),เพชรบุรี,เอกมัยเหนือ (ทางขึ้น),เพชรบุรี
กำนันธารทิพย์,พุทธบูชา 36,กำนันธารทิพย์,พุทธบูชา 36
กำนันธารทิพย์,พุทธบูชา 39,กำนันธารทิพย์,พุทธบูชา 39
กำนันธารทิพย์,พุทธบูชา,กำนันธารทิพย์,พุทธบูชา
ซอยอ่อนนุช 65,อ่อนนุช 65,ซอยอ่อนนุช 65,อ่อนนุช 65
ซอยอ่อนนุช 65,อ่อนนุช,ซอยอ่อนนุช 65,อ่อนนุช
บางลำพู,พระสุเมรุ,บางลำพู,พระสุเมรุ
พระโขนง,สุขุมวิท 71,พระโขนง,สุขุมวิท 71
สุขุมวิท - พระรามที่ 4,พระรามที่ 4,สุขุมวิท - พระรามที่ 4,พระรามที่ 4
สุขุมวิท - พระรามที่ 4,สุขุมวิท,สุขุมวิท - พระรามที่ 4,สุขุมวิท
สาทรคอนแวนต์,คอนแวนต์,สาทรคอนแวนต์,คอนแวนต์
เลียบวารี 59,เลียบวารี,เลียบวารี 59,เลียบวารี
หน้า รพ.เวชการุณรัศม์,ทางเข้าออก รพ.เวชการุณรัศ,หน้า รพ.เวชการุณรัศม์,ทางเข้าออก รพ.เวชการุณรัศ
หน้า รพ.เวชการุณรัศม์,เลียบวารี,หน้า รพ.เวชการุณรัศม์,เลียบวารี
พุทธมณฑลสาย 3 - อุทยาน,พุทธมณฑลสาย 3,พุทธมณฑลสาย 3 - อุทยาน,พุทธมณฑลสาย 3
พุทธมณฑลสาย 3 - อุทยาน,อุทยาน,พุทธมณฑลสาย 3 - อุทยาน,อุทยาน
อ่อนนุช,ส่วนบุคคล,อ่อนนุช,ส่วนบุคคล
อ่อนนุช,สุขุมวิท 77,อ่อนนุช,สุขุมวิท 77
รัชดาภิเษก,ด่วนนางลิ้นจี่,รัชดาภิเษก,ด่วนนางลิ้นจี่
รัชดาภิเษก,นางลิ้นจี่,รัชดาภิเษก,นางลิ้นจี่
กม. 8,นวมินทร์,กม. 8,นวมินทร์
กม. 8,รามอินทรา 73,กม. 8,รามอินทรา 73
กม. 8,รามอินทรา,กม. 8,รามอินทรา
เพชรอุทัย - ทางด่วนขั้นที่ 2,เพชรอุทัย,เพชรอุทัย - ทางด่วนขั้นที่ 2,เพชรอุทัย
เพชรอุทัย - ทางด่วนขั้นที่ 2,ขึ้นทางด่วนขั้นที่ 2,เพชรอุทัย - ทางด่วนขั้นที่ 2,ขึ้นทางด่วนขั้นที่ 2
เพชรอุทัย - ทางด่วนขั้นที่ 2,พระราชดำริ,เพชรอุทัย - ทางด่วนขั้นที่ 2,พระราชดำริ
บางบอน 3,บางบอน 3 (ต่อ),บางบอน 3,บางบอน 3 (ต่อ)
หน้าคอนโด 28Chidlom,ชิดลม,หน้าคอนโด 28Chidlom,ชิดลม
หน้าธนาคาร CIMB,หลังสวน,หน้าธนาคาร CIMB,หลังสวน
หน้า Velaa Sindlom Village,หลังสวน,หน้า Velaa Sindlom Village,หลังสวน
คลองตัน,สุขุมวิท,คลองตัน,สุขุมวิท
ปุณวิถี,สุขุมวิท 101,ปุณวิถี,สุขุมวิท 101
สุขุมวิท 62,ด่วนสุขุมวิท 62,สุขุมวิท 62,ด่วนสุขุมวิท 62
สุขุมวิท 62,สุขุมวิท 62,สุขุมวิท 62,สุขุมวิท 62
ราษฎร์บูรณะ,ราษฎร์บูรณะ (ต่อ),ราษฎร์บูรณะ,ราษฎร์บูรณะ (ต่อ)
วัดสิงห์,เอกชัย 36,วัดสิงห์,เอกชัย 36
สามเหลี่ยมดินแดง,อรรถวิมล,สามเหลี่ยมดินแดง,อรรถวิมล
เสนาคม,พหลโยธิน,เสนาคม,พหลโยธิน
เสนาคม,เสนานิคม,เสนาคม,เสนานิคม
หน้ากองปราบปราม,พหลโยธิน,หน้ากองปราบปราม,พหลโยธิน
บางบอน,บางขุนเทียนชายทะเล,บางบอน,บางขุนเทียนชายทะเล
ผังเมือง,รอยัลซิตี้อเวนิว,ผังเมือง,รอยัลซิตี้อเวนิว
ทางข้ามหน้าวัดตรีทศเทพ,ประชาธิปไตย,ทางข้ามหน้าวัดตรีทศเทพ,ประชาธิปไตย
หน้า ม.เทคโนโลยีราชมงคลวิทยาเขตเทเวศร์,สามเสน,หน้า ม.เทคโนโลยีราชมงคลวิทยาเขตเทเวศร์,สามเสน
เพชรเกษม - เลียบคลองทวีวัฒนา,เลียบคลองทวีวัฒนา,เพชรเกษม - เลียบคลองทวีวัฒนา,เลียบคลองทวีวัฒนา
เพชรเกษม - เลียบคลองทวีวัฒนา,เพชรเกษม,เพชรเกษม - เลียบคลองทวีวัฒนา,เพชรเกษม
ทวีวัฒนา - ทวีวัฒนา 9,ทวีวัฒนา,ทวีวัฒนา - ทวีวัฒนา 9,ทวีวัฒนา
ทวีวัฒนา - ทวีวัฒนา 9,ทวีวัฒนา 9,ทวีวัฒนา - ทวีวัฒนา 9,ทวีวัฒนา 9
สนามหลวง 2,เลียบคลองทวีวัฒนา,สนามหลวง 2,เลียบคลองทวีวัฒนา
สนามหลวง 2,เข้าออกตลาดธนบุรี สนามหลวง 2,สนามหลวง 2,เข้าออกตลาดธนบุรี สนามหลวง 2
สนามหลวง 2,บางแวก,สนามหลวง 2,บางแวก
สุภาพบุรุษ,เลียบคลองทวีวัฒนา,สุภาพบุรุษ,เลียบคลองทวีวัฒนา
สุภาพบุรุษ,ทวีวัฒนา-กาญจนาภิเษก,สุภาพบุรุษ,ทวีวัฒนา-กาญจนาภิเษก
หน้าศาสนสถานวัดซิกข์,จักรเพชร,หน้าศาสนสถานวัดซิกข์,จักรเพชร
พาหุรัด,ตรีเพชร,พาหุรัด,ตรีเพชร
พาหุรัด,พาหุรัด,พาหุรัด,พาหุรัด
สวนสยาม,เสรีไทย 50,สวนสยาม,เสรีไทย 50
สวนสยาม,ทางเข้าออกสวนสยาม,สวนสยาม,ทางเข้าออกสวนสยาม
อโศกมนตรี,รัชดาภิเษก,อโศกมนตรี,รัชดาภิเษก
อโศกมนตรี,อโศก,อโศกมนตรี,อโศก
อโศกมนตรี,สุขุมวิท,อโศกมนตรี,สุขุมวิท
วงศสว่าง,กรุงเทพนนท์,วงศสว่าง,กรุงเทพนนท์
วงศสว่าง,วงศสว่าง,วงศสว่าง,วงศสว่าง
วงศสว่าง,รัชดาภิเษก,วงศสว่าง,รัชดาภิเษก
เอส.เอ.บี,วรจักร,เอส.เอ.บี,วรจักร
เอส.เอ.บี,เจริญกรุง,เอส.เอ.บี,เจริญกรุง
ราชพฤกษ์ - วุฒากาศ,วุฒากาศ,ราชพฤกษ์ - วุฒากาศ,วุฒากาศ
ราชพฤกษ์ - วุฒากาศ,ราชพฤกษ์,ราชพฤกษ์ - วุฒากาศ,ราชพฤกษ์
สามย่าน,พระรามที่ 4,สามย่าน,พระรามที่ 4
ประเวศ,เฉลิมพระเกียรติ ร.9,ประเวศ,เฉลิมพระเกียรติ ร.9
วัดสน,สุขสวัสดิ์ 35,วัดสน,สุขสวัสดิ์ 35
ห้าแยกวัชรพล,วัชรพล,ห้าแยกวัชรพล,วัชรพล
ห้าแยกวัชรพล,รัตนโกสินทร์,ห้าแยกวัชรพล,รัตนโกสินทร์
ห้าแยกวัชรพล,ร่วมมิตรพัฒนา,ห้าแยกวัชรพล,ร่วมมิตรพัฒนา
ห้าแยกวัชรพล,สุขาภิบาล 5,ห้าแยกวัชรพล,สุขาภิบาล 5
กำแพงเพชร,พหลโยธิน 18,กำแพงเพชร,พหลโยธิน 18
รัชดา - นราธิวาส,รัชดาภิเษก,รัชดา - นราธิวาส,รัชดาภิเษก
ปากซอยเลียบคลองสอง 19,เลียบคลองสอง,ปากซอยเลียบคลองสอง 19,เลียบคลองสอง
ปากซอยกรุงเทพกรีฑา 7,กรุงเทพกรีฑา (NB),ปากซอยกรุงเทพกรีฑา 7,กรุงเทพกรีฑา (NB)
ปากซอยกรุงเทพกรีฑา 7,กรุงเทพกรีฑา 7,ปากซอยกรุงเทพกรีฑา 7,กรุงเทพกรีฑา 7
ปากซอยกรุงเทพกรีฑา 7,กรุงเทพกรีฑา (EB),ปากซอยกรุงเทพกรีฑา 7,กรุงเทพกรีฑา (EB)
ทางข้ามบ้านสวนริมคลอง,ศรีนครินทร์ - ร่มเกล้า,ทางข้ามบ้านสวนริมคลอง,ศรีนครินทร์ - ร่มเกล้า
พุทธมณฑลสาย 2,เพชรเกษม 55,พุทธมณฑลสาย 2,เพชรเกษม 55
มหาวิทยาลัยกรุงเทพ,ม.กรุงเทพฯ,มหาวิทยาลัยกรุงเทพ,ม.กรุงเทพฯ
มหาวิทยาลัยกรุงเทพ,สุขุมวิท 42,มหาวิทยาลัยกรุงเทพ,สุขุมวิท 42
เกษมราษฎร์,อารีย์,เกษมราษฎร์,อารีย์
หทัยราษฎร์ - หทัยมิตร,หทัยราษฎร์,หทัยราษฎร์ - หทัยมิตร,หทัยราษฎร์
หทัยราษฎร์ - หทัยมิตร,หทัยมิตร,หทัยราษฎร์ - หทัยมิตร,หทัยมิตร
หทัยราษฎร์ - สุเหร่าคลองหนึ่ง,หทัยราษฎร์,หทัยราษฎร์ - สุเหร่าคลองหนึ่ง,หทัยราษฎร์
หทัยราษฎร์ - สุเหร่าคลองหนึ่ง,สุเหร่าคลองหนึ่ง,หทัยราษฎร์ - สุเหร่าคลองหนึ่ง,สุเหร่าคลองหนึ่ง
ปากซอยวิภาวดีรังสิต 25,กำแพงเพชร 6,ปากซอยวิภาวดีรังสิต 25,กำแพงเพชร 6
ปากซอยวิภาวดีรังสิต 25,วิภาวดีรังสิต 25,ปากซอยวิภาวดีรังสิต 25,วิภาวดีรังสิต 25
ทองหล่อ,สุขุมวิท 55,ทองหล่อ,สุขุมวิท 55
รามคำแหง - มหาดไทย,รามคำแหง 65,รามคำแหง - มหาดไทย,รามคำแหง 65
พลับพลาไชย,ไมตรีจิตร,พลับพลาไชย,ไมตรีจิตร
บางขุนพรหม,วิสุทธิ์กษัตริย์,บางขุนพรหม,วิสุทธิ์กษัตริย์
ทางข้ามเลียบวารี 27 - 29,เลียบวารี,ทางข้ามเลียบวารี 27 - 29,เลียบวารี
รร.เอกบูรพา,สามวา,รร.เอกบูรพา,สามวา
หมู่บ้านเศรษฐกิจ,หมู่บ้านเศรษฐกิจ,หมู่บ้านเศรษฐกิจ,หมู่บ้านเศรษฐกิจ
อุดมสุข 30 - 27,อุดมสุข 30,อุดมสุข 30 - 27,อุดมสุข 30
อุดมสุข 30 - 27,อุดมสุข 27,อุดมสุข 30 - 27,อุดมสุข 27
อุดมสุข 30 - 27,อุดมสุข,อุดมสุข 30 - 27,อุดมสุข
ลำกะโหลก,พระยาสุเรนทร์,ลำกะโหลก,พระยาสุเรนทร์
ลำกะโหลก,ปัญญาอินทรา,ลำกะโหลก,ปัญญาอินทรา
รามคำแหง 24 แยก 20,รามคำแหง 24 แยก 20,รามคำแหง 24 แยก 20,รามคำแหง 24 แยก 20
รามคำแหง 24 แยก 20,รามคำแหง 24,รามคำแหง 24 แยก 20,รามคำแหง 24
รามคำแหง 24 แยก 24,รามคำแหง 24 แยก 24,รามคำแหง 24 แยก 24,รามคำแหง 24 แยก 24
รามคำแหง 24 แยก 24,รามคำแหง 24,รามคำแหง 24 แยก 24,รามคำแหง 24
ทางเข้าออกการกีฬาแห่งประเทศไทย,ทางออกการกีฬาฯ,ทางเข้าออกการกีฬาแห่งประเทศไทย,ทางออกการกีฬาฯ
ทางเข้าออกการกีฬาแห่งประเทศไทย,ทางเข้าการกีฬาฯ,ทางเข้าออกการกีฬาแห่งประเทศไทย,ทางเข้าการกีฬาฯ
รามคำแหง 24 แยก 28,รามคำแหง 24 แยก 28,รามคำแหง 24 แยก 28,รามคำแหง 24 แยก 28
รามคำแหง 24 แยก 28,รามคำแหง 24,รามคำแหง 24 แยก 28,รามคำแหง 24
ทางเข้าออกมหาวิทยาลัยรามคำแหง,ทางเข้าออก ม.รามฯ,ทางเข้าออกมหาวิทยาลัยรามคำแหง,ทางเข้าออก ม.รามฯ
พัฒนาการ 46,พัฒนาการ 46,พัฒนาการ 46,พัฒนาการ 46
พัฒนาการ 46,พัฒนาการ,พัฒนาการ 46,พัฒนาการ
บางบอน,บางบอน 1,บางบอน,บางบอน 1
บางบอน 2,บางบอน 2,บางบอน 2,บางบอน 2
บางบอน 2,เอกชัย,บางบอน 2,เอกชัย
เอกชัย 101,เอกชัย 101,เอกชัย 101,เอกชัย 101
เอกชัย 101,เอกชัย,เอกชัย 101,เอกชัย
บางบอน 4,บางบอน 4,บางบอน 4,บางบอน 4
บางบอน 4,เอกชัย,บางบอน 4,เอกชัย
บางบอน 5,เอกชัย 131,บางบอน 5,เอกชัย 131
เพชรเกษม 69,เพชรเกษม 69,เพชรเกษม 69,เพชรเกษม 69
เพชรเกษม 69,เพชรเกษม 102/4,เพชรเกษม 69,เพชรเกษม 102/4
ทางข้ามหน้า SM ทาวเวอร์,พหลโยธิน,ทางข้ามหน้า SM ทาวเวอร์,พหลโยธิน
ทางข้ามหน้าอาคารสำนักงบประมาณ,พหลโยธิน,ทางข้ามหน้าอาคารสำนักงบประมาณ,พหลโยธิน
ทางข้ามหน้าโครงการวานิชเพลส,พหลโยธิน,ทางข้ามหน้าโครงการวานิชเพลส,พหลโยธิน
ทางข้าม ธ.กสิกรไทย,พหลโยธิน,ทางข้าม ธ.กสิกรไทย,พหลโยธิน
ทางข้ามหน้า ธ.ออมสิน,พหลโยธิน,ทางข้ามหน้า ธ.ออมสิน,พหลโยธิน
หน้าสำนักงานเขตหนองจอก,เชื่อมสัมพันธ์,หน้าสำนักงานเขตหนองจอก,เชื่อมสัมพันธ์
หน้าสำนักงานเขตหนองจอก,ประชาสำราญ,หน้าสำนักงานเขตหนองจอก,ประชาสำราญ
หน้าสำนักงานเขตหนองจอก,เลียบวารี,หน้าสำนักงานเขตหนองจอก,เลียบวารี
หน้าสำนักงานเขตหนองจอก,สังฆสันติสุข,หน้าสำนักงานเขตหนองจอก,สังฆสันติสุข
เลียบวารี - เลียบวารี 2,เลียบวารี 2,เลียบวารี - เลียบวารี 2,เลียบวารี 2
เลียบวารี - เลียบวารี 2,เลียบวารี,เลียบวารี - เลียบวารี 2,เลียบวารี
เชื่อมสัมพันธ์ - บุรีภิรมย์,เชื่อมสัมพันธ์,เชื่อมสัมพันธ์ - บุรีภิรมย์,เชื่อมสัมพันธ์
เชื่อมสัมพันธ์ - บุรีภิรมย์,บุรีภิรมย์,เชื่อมสัมพันธ์ - บุรีภิรมย์,บุรีภิรมย์
บุรีภิรมย์ - เลียบวารี 2,เลียบวารี 2,บุรีภิรมย์ - เลียบวารี 2,เลียบวารี 2
บุรีภิรมย์ - เลียบวารี 2,บุรีภิรมย์,บุรีภิรมย์ - เลียบวารี 2,บุรีภิรมย์
ทางข้ามหน้าบิ๊กซี,พหลโยธิน,ทางข้ามหน้าบิ๊กซี,พหลโยธิน
ทางข้ามแยกกำแพงเพชร,พหลโยธิน,ทางข้ามแยกกำแพงเพชร,พหลโยธิน
ทางข้ามแยกเสนานิคม,พหลโยธิน,ทางข้ามแยกเสนานิคม,พหลโยธิน
ทางข้ามหน้ากองปราบปราม,พหลโยธิน,ทางข้ามหน้ากองปราบปราม,พหลโยธิน
จุดกลับรถหน้าไปรษณีย์บางบอน,เอกชัย,จุดกลับรถหน้าไปรษณีย์บางบอน,เอกชัย
จุดกลับรถหน้าไปรษณีย์บางบอน,ประชาอุทิศ,จุดกลับรถหน้าไปรษณีย์บางบอน,ประชาอุทิศ
ประชาอุทิศ - ประชาอุทิศ 99,ประชาอุทิศ,ประชาอุทิศ - ประชาอุทิศ 99,ประชาอุทิศ
ประชาอุทิศ - ประชาอุทิศ 99,ประชาอุทิศ 99,ประชาอุทิศ - ประชาอุทิศ 99,ประชาอุทิศ 99
เลียบด่วนกาญจนาภิเษก - ใต้ทางด่วน (จุดที่ 1),ใต้ทางด่วน,เลียบด่วนกาญจนาภิเษก - ใต้ทางด่วน (จุดที่ 1),ใต้ทางด่วน
เลียบด่วนกาญจนาภิเษก - ใต้ทางด่วน (จุดที่ 1),เลียบด่วนกาญจนาภิเษก,เลียบด่วนกาญจนาภิเษก - ใต้ทางด่วน (จุดที่ 1),เลียบด่วนกาญจนาภิเษก
เลียบด่วนกาญจนาภิเษก - ใต้ทางด่วน (จุดที่2),ใต้ทางด่วน,เลียบด่วนกาญจนาภิเษก - ใต้ทางด่วน (จุดที่2),ใต้ทางด่วน
เลียบด่วนกาญจนาภิเษก - ใต้ทางด่วน (จุดที่2),เลียบด่วนกาญจนาภิเษก,เลียบด่วนกาญจนาภิเษก - ใต้ทางด่วน (จุดที่2),เลียบด่วนกาญจนาภิเษก
ทางข้ามแยกรัชโยธิน (ก่อนแยก),พหลโยธิน,ทางข้ามแยกรัชโยธิน (ก่อนแยก),พหลโยธิน
ทางข้ามแยกรัชโยธิน (หลังแยก),พหลโยธิน,ทางข้ามแยกรัชโยธิน (หลังแยก),พหลโยธิน
ทางข้ามแยกเกษตร (ก่อนแยก),พหลโยธิน,ทางข้ามแยกเกษตร (ก่อนแยก),พหลโยธิน
ทางข้ามพหลโยธิน 36,พหลโยธิน,ทางข้ามพหลโยธิน 36,พหลโยธิน
ทางข้ามหน้าตลาดบางเขน,พหลโยธิน,ทางข้ามหน้าตลาดบางเขน,พหลโยธิน
ทางข้ามหน้า ม.เกษตร,พหลโยธิน,ทางข้ามหน้า ม.เกษตร,พหลโยธิน
ทางข้ามหน้าธนาคารกรุงเทพ,พหลโยธิน,ทางข้ามหน้าธนาคารกรุงเทพ,พหลโยธิน
ทางข้ามหน้าตลาดสะพานใหม่,พหลโยธิน,ทางข้ามหน้าตลาดสะพานใหม่,พหลโยธิน
ทางข้ามหน้าสมาคมแม่บ้านทหารอากาศ,พหลโยธิน,ทางข้ามหน้าสมาคมแม่บ้านทหารอากาศ,พหลโยธิน
ลาดพร้าว (ขาออก),พหลโยธิน,ลาดพร้าว (ขาออก),พหลโยธิน
หน้ากองพันทหารสื่อสารที่ 21,พหลโยธิน,หน้ากองพันทหารสื่อสารที่ 21,พหลโยธิน
หน้ากองพันทหารสื่อสารที่ 21,ทางเข้า - ออกกองพันฯ,หน้ากองพันทหารสื่อสารที่ 21,ทางเข้า - ออกกองพันฯ
ทางข้ามปากซอยพหลโยธิน 54/1,พหลโยธิน,ทางข้ามปากซอยพหลโยธิน 54/1,พหลโยธิน
ปัญญาอินทรา - สุเหร่าคลองหนึ่ง,ปัญญาอินทรา(SB),ปัญญาอินทรา - สุเหร่าคลองหนึ่ง,ปัญญาอินทรา(SB)
ปัญญาอินทรา - สุเหร่าคลองหนึ่ง,ปัญญาอินทรา(EB),ปัญญาอินทรา - สุเหร่าคลองหนึ่ง,ปัญญาอินทรา(EB)
ปัญญาอินทรา - สุเหร่าคลองหนึ่ง,สุเหร่าคลองหนึ่ง,ปัญญาอินทรา - สุเหร่าคลองหนึ่ง,สุเหร่าคลองหนึ่ง
ปากซอยจรัญสนิทวงศ์ 26,จรัญสนิทวงศ์,ปากซอยจรัญสนิทวงศ์ 26,จรัญสนิทวงศ์
ปากซอยจรัญสนิทวงศ์ 26,จรัญสนิทวงศ์ 26,ปากซอยจรัญสนิทวงศ์ 26,จรัญสนิทวงศ์ 26
ปากซอยจรัญสนิทวงศ์ 30,จรัญสนิทวงศ์,ปากซอยจรัญสนิทวงศ์ 30,จรัญสนิทวงศ์
ปากซอยจรัญสนิทวงศ์ 30,จรัญสนิทวงศ์ 30,ปากซอยจรัญสนิทวงศ์ 30,จรัญสนิทวงศ์ 30
ทางข้ามหน้าสถาบันโรคไตฯ,พญาไท,ทางข้ามหน้าสถาบันโรคไตฯ,พญาไท
ทางข้ามแยกพญาไท,พญาไท,ทางข้ามแยกพญาไท,พญาไท
ทางข้ามแยกราชเทวี (ก่อนแยก),พญาไท,ทางข้ามแยกราชเทวี (ก่อนแยก),พญาไท
ทางข้ามแยกราชเทวี (หลังแยก),พญาไท,ทางข้ามแยกราชเทวี (หลังแยก),พญาไท
ทางข้ามแยกจุฬา 12,พญาไท,ทางข้ามแยกจุฬา 12,พญาไท
ทางข้ามแยกบางขุนพรหม (ก่อนแยก),สามเสน,ทางข้ามแยกบางขุนพรหม (ก่อนแยก),สามเสน
ทางข้ามแยกบางขุนพรหม (หลังแยก),สามเสน,ทางข้ามแยกบางขุนพรหม (หลังแยก),สามเสน
ทางข้ามหน้าธนาคารแห่งประเทศไทย,สามเสน,ทางข้ามหน้าธนาคารแห่งประเทศไทย,สามเสน
ทางข้ามปากซอยประชาสงเคราะห์ 1,ประชาสงเคราะห์,ทางข้ามปากซอยประชาสงเคราะห์ 1,ประชาสงเคราะห์
ทางข้ามปากซอยประชาสงเคราะห์ 2,ประชาสงเคราะห์,ทางข้ามปากซอยประชาสงเคราะห์ 2,ประชาสงเคราะห์
ทางข้ามปากซอยประชาสงเคราะห์ 4,ประชาสงเคราะห์,ทางข้ามปากซอยประชาสงเคราะห์ 4,ประชาสงเคราะห์
ทางข้ามปากซอยประชาสงเคราะห์ 5,ประชาสงเคราะห์,ทางข้ามปากซอยประชาสงเคราะห์ 5,ประชาสงเคราะห์
ทางข้ามปากซอยมิตรไมตรี 3,ประชาสงเคราะห์,ทางข้ามปากซอยมิตรไมตรี 3,ประชาสงเคราะห์
ทางข้ามปากซอยประชาสงเคราะห์ 13,ประชาสงเคราะห์,ทางข้ามปากซอยประชาสงเคราะห์ 13,ประชาสงเคราะห์
ทางข้ามหน้าศูนย์บริการสาธารณสุข 4,ประชาสงเคราะห์,ทางข้ามหน้าศูนย์บริการสาธารณสุข 4,ประชาสงเคราะห์
ทางข้ามประชาสงเคราะห์ตัดมิตรไมตรี,ประชาสงเคราะห์,ทางข้ามประชาสงเคราะห์ตัดมิตรไมตรี,ประชาสงเคราะห์
ทางข้ามปากซอยประชาสงเคราะห์ 12,ประชาสงเคราะห์,ทางข้ามปากซอยประชาสงเคราะห์ 12,ประชาสงเคราะห์
ทางข้ามหน้าโรงเรียนพร้อมพรรณ,ประชาสงเคราะห์,ทางข้ามหน้าโรงเรียนพร้อมพรรณ,ประชาสงเคราะห์
ทางข้ามแยกเทเวศร์,สามเสน,ทางข้ามแยกเทเวศร์,สามเสน
ทางข้ามหน้าตลาดเทเวศร์,สามเสน,ทางข้ามหน้าตลาดเทเวศร์,สามเสน
ทางข้ามหน้าท่าวาสุกรี,สามเสน,ทางข้ามหน้าท่าวาสุกรี,สามเสน
ทางข้ามปากซอยสามเสน 19,สามเสน,ทางข้ามปากซอยสามเสน 19,สามเสน
ทางช้ามหน้ากรมชลประทาน,สามเสน,ทางช้ามหน้ากรมชลประทาน,สามเสน
เลียบวารี - เลียบวารี 8,เลียบวารี 8,เลียบวารี - เลียบวารี 8,เลียบวารี 8
เลียบวารี - เลียบวารี 8,เลียบวารี,เลียบวารี - เลียบวารี 8,เลียบวารี
มิตรไมตรี - มิตรไมตรี 3,มิตรไมตรี 3,มิตรไมตรี - มิตรไมตรี 3,มิตรไมตรี 3
มิตรไมตรี - มิตรไมตรี 3,มิตรไมตรี,มิตรไมตรี - มิตรไมตรี 3,มิตรไมตรี
มิตรไมตรี - สกุลดี,มิตรไมตรี,มิตรไมตรี - สกุลดี,มิตรไมตรี
มิตรไมตรี - สกุลดี,ประชาสำราญ,มิตรไมตรี - สกุลดี,ประชาสำราญ
มิตรไมตรี - สกุลดี,สกุลดี,มิตรไมตรี - สกุลดี,สกุลดี
สะพานข้ามคลอง 13,สะพานข้ามคลอง 13,สะพานข้ามคลอง 13,สะพานข้ามคลอง 13
ผดุงพันธ์,ผดุงพันธ์,ผดุงพันธ์,ผดุงพันธ์
สังฆสันติสุข - สังฆสันติสุข 3 - อยู่วิทยา,อยู่วิทยา,สังฆสันติสุข - สังฆสันติสุข 3 - อยู่วิทยา,อยู่วิทยา
สังฆสันติสุข - สังฆสันติสุข 3 - อยู่วิทยา,สังฆสันติสุข 3,สังฆสันติสุข - สังฆสันติสุข 3 - อยู่วิทยา,สังฆสันติสุข 3
สังฆสันติสุข - สังฆสันติสุข 3 - อยู่วิทยา,สังฆสันติสุข ,สังฆสันติสุข - สังฆสันติสุข 3 - อยู่วิทยา,สังฆสันติสุข
ไมตรีจิต,ตรีมิตร,ไมตรีจิต,ตรีมิตร
ไมตรีจิต,ไมตรีจิต,ไมตรีจิต,ไมตรีจิต
ไมตรีจิต,กรุงเกษม,ไมตรีจิต,กรุงเกษม
ไมตรีจิต,พระรามที่ 4,ไมตรีจิต,พระรามที่ 4
ทางข้ามหน้า รพ.วิภาราม,พัฒนาการ,ทางข้ามหน้า รพ.วิภาราม,พัฒนาการ
จารุเมือง - จรัสเมือง,จารุเมือง,จารุเมือง - จรัสเมือง,จารุเมือง
จารุเมือง - จรัสเมือง,พระรามที่ 6,จารุเมือง - จรัสเมือง,พระรามที่ 6
จารุเมือง - จรัสเมือง,จรัสเมือง,จารุเมือง - จรัสเมือง,จรัสเมือง
ปากซอยนราธิวาส 8,ซ.นราธิวาสราชนครินทร์ 8,ปากซอยนราธิวาส 8,ซ.นราธิวาสราชนครินทร์ 8
ปากซอยนราธิวาส 10,ซ.นราธิวาสราชนครินทร์ 10,ปากซอยนราธิวาส 10,ซ.นราธิวาสราชนครินทร์ 10
ซอยนราธิวาส 10 แยก 18,นราธิวาสฯ ซอย 8,ซอยนราธิวาส 10 แยก 18,นราธิวาสฯ ซอย 8
สาทร 11 -  นราธิวาส 10    แยก 22 -3 ,สาทร 11 (SB),สาทร 11 - นราธิวาส 10 แยก 22 -3,สาทร 11 (SB)
สาทร 11 -  นราธิวาส 10    แยก 22 -3 ,นราธิวาสฯ 10 แยก 22-3,สาทร 11 - นราธิวาส 10 แยก 22 -3,นราธิวาสฯ 10 แยก 22-3
ทางข้ามปากซอยประชาสงเคราะห์ 16,ประชาสงเคราะห์,ทางข้ามปากซอยประชาสงเคราะห์ 16,ประชาสงเคราะห์
ทางข้ามปากซอยประชาสงเคราะห์ 23,ประชาสงเคราะห์,ทางข้ามปากซอยประชาสงเคราะห์ 23,ประชาสงเคราะห์
ทางข้ามปากซอยประชาสงเคราะห์ 27,ประชาสงเคราะห์,ทางข้ามปากซอยประชาสงเคราะห์ 27,ประชาสงเคราะห์
ทางข้ามปากซอยประชาสงเคราะห์ 24,ประชาสงเคราะห์,ทางข้ามปากซอยประชาสงเคราะห์ 24,ประชาสงเคราะห์
ทางข้ามปากซอยประชาสงเคราะห์ 28,ประชาสงเคราะห์,ทางข้ามปากซอยประชาสงเคราะห์ 28,ประชาสงเคราะห์
ทางข้ามปากซอยประชาสงเคราะห์ 30,ประชาสงเคราะห์,ทางข้ามปากซอยประชาสงเคราะห์ 30,ประชาสงเคราะห์
ทางข้ามปากซอยประชาสงเคราะห์ 32,ประชาสงเคราะห์,ทางข้ามปากซอยประชาสงเคราะห์ 32,ประชาสงเคราะห์
ทางข้ามปากซอยประชาสงเคราะห์ 37,ประชาสงเคราะห์,ทางข้ามปากซอยประชาสงเคราะห์ 37,ประชาสงเคราะห์
นราธิวาส - พระราม 3,พระรามที่ 3,นราธิวาส - พระราม 3,พระรามที่ 3
นราธิวาส - พระราม 3,นราธิวาสราชนครินทร์,นราธิวาส - พระราม 3,นราธิวาสราชนครินทร์
สุขาภิบาล 5 - จตุโชติ,สุขาภิบาล 5 ,สุขาภิบาล 5 - จตุโชติ,สุขาภิบาล 5
สุขาภิบาล 5 - จตุโชติ,จตุโชติ,สุขาภิบาล 5 - จตุโชติ,จตุโชติ
คู้บอน - พระยาสุเรนทร์ - เลียบคลองสอง ,พระยาสุเรนทร์,คู้บอน - พระยาสุเรนทร์ - เลียบคลองสอง,พระยาสุเรนทร์
คู้บอน - พระยาสุเรนทร์ - เลียบคลองสอง ,คู้บอน,คู้บอน - พระยาสุเรนทร์ - เลียบคลองสอง,คู้บอน
คู้บอน - พระยาสุเรนทร์ - เลียบคลองสอง ,เลียบคลองสอง,คู้บอน - พระยาสุเรนทร์ - เลียบคลองสอง,เลียบคลองสอง
วัดเบญฯ ,พระรามที่ 5,วัดเบญฯ,พระรามที่ 5
วัดเบญฯ ,ศรีอยุธยา,วัดเบญฯ,ศรีอยุธยา
รามอินทรา - พระยาสุเรนทร์,พระยาสุเรนทร์,รามอินทรา - พระยาสุเรนทร์,พระยาสุเรนทร์
รามอินทรา - พระยาสุเรนทร์,รามอินทรา,รามอินทรา - พระยาสุเรนทร์,รามอินทรา
หน้าหมู่บ้านประภาทรัพย์,เจริญพัฒนา,หน้าหมู่บ้านประภาทรัพย์,เจริญพัฒนา
หน้าหมู่บ้านชัยพฤกษ์,พระยาสุเรนทร์ 30,หน้าหมู่บ้านชัยพฤกษ์,พระยาสุเรนทร์ 30
ทางข้ามปากซอยประชาสงเคราะห์ 36,ประชาสงเคราะห์,ทางข้ามปากซอยประชาสงเคราะห์ 36,ประชาสงเคราะห์
ทางข้ามปากซอยประชาสงเคราะห์ 39,ประชาสงเคราะห์,ทางข้ามปากซอยประชาสงเคราะห์ 39,ประชาสงเคราะห์
ทางข้ามปากซอยประชาสงเคราะห์ 43,ประชาสงเคราะห์,ทางข้ามปากซอยประชาสงเคราะห์ 43,ประชาสงเคราะห์
อุภัยเจษฎุทิศ ,สวรรคโลก,อุภัยเจษฎุทิศ,สวรรคโลก
อุภัยเจษฎุทิศ ,ราชวิถี,อุภัยเจษฎุทิศ,ราชวิถี
สุขุมวิท 48,สุขุมวิท,สุขุมวิท 48,สุขุมวิท
สุขุมวิท 48,สุขุมวิท 48,สุขุมวิท 48,สุขุมวิท 48
สุขุมวิท 50,สุขุมวิท,สุขุมวิท 50,สุขุมวิท
สุขุมวิท 50,สุขุมวิท 50,สุขุมวิท 50,สุขุมวิท 50
สุขุมวิท 50,สุขุมวิท 79,สุขุมวิท 50,สุขุมวิท 79
หน้าวัดบรมนิวาสราชวรวิหาร,พระรามที่ 6,หน้าวัดบรมนิวาสราชวรวิหาร,พระรามที่ 6
เกษะโกมล ,พระรามที่ 5,เกษะโกมล,พระรามที่ 5
เกษะโกมล ,อำนวยสงคราม,เกษะโกมล,อำนวยสงคราม
เกษะโกมล ,เศรษฐศิริ,เกษะโกมล,เศรษฐศิริ
บางรัก,วัดสวนพลู,บางรัก,วัดสวนพลู
ร.พ.สิรินธร ,สุขาภิบาล 2,ร.พ.สิรินธร,สุขาภิบาล 2
ร.พ.สิรินธร ,อ่อนนุช,ร.พ.สิรินธร,อ่อนนุช
ปากซอยอ่อนนุช 59/1 ,อ่อนนุช,ปากซอยอ่อนนุช 59/1,อ่อนนุช
ไฟฉาย ,จรัญสนิทวงศ์,ไฟฉาย,จรัญสนิทวงศ์
ไฟฉาย ,พรานนกกาญจนาภิเษก,ไฟฉาย,พรานนกกาญจนาภิเษก
ไฟฉาย ,พรานนก,ไฟฉาย,พรานนก
พระราม 9 – ประดิษฐ์มนูธรรม ,ประดิษฐ์มนูธรรม,พระราม 9 – ประดิษฐ์มนูธรรม,ประดิษฐ์มนูธรรม
พระราม 9 – ประดิษฐ์มนูธรรม ,พระราม 9,พระราม 9 – ประดิษฐ์มนูธรรม,พระราม 9
บางแค - กัลปพฤกษ์,บางบอน 1,บางแค - กัลปพฤกษ์,บางบอน 1
บางแค - กัลปพฤกษ์,บางแค,บางแค - กัลปพฤกษ์,บางแค
บางแค - กัลปพฤกษ์,กัลปพฤกษ์,บางแค - กัลปพฤกษ์,กัลปพฤกษ์
พัฒนาการ,บางแค,พัฒนาการ,บางแค
พัฒนาการ,เทอดไท,พัฒนาการ,เทอดไท
เพชรเกษม 45/1,เพชรเกษม 45/1,เพชรเกษม 45/1,เพชรเกษม 45/1
เพชรเกษม 45/1,เพชรเกษม,เพชรเกษม 45/1,เพชรเกษม
หนองใหญ่,บางแค,หนองใหญ่,บางแค
หนองใหญ่,บางแค 14,หนองใหญ่,บางแค 14
หนองใหญ่,บางแค 7,หนองใหญ่,บางแค 7
ปากซอยกาญจนาภิเษก 8,กาญจนาภิเษก,ปากซอยกาญจนาภิเษก 8,กาญจนาภิเษก
ปากซอยกาญจนาภิเษก 8,กาญจนาภิเษก 8,ปากซอยกาญจนาภิเษก 8,กาญจนาภิเษก 8
ปากซอยกาญจนาภิเษก 10,กาญจนาภิเษก,ปากซอยกาญจนาภิเษก 10,กาญจนาภิเษก
ปากซอยกาญจนาภิเษก 10,กาญจนาภิเษก 10,ปากซอยกาญจนาภิเษก 10,กาญจนาภิเษก 10
เพชรเกษม - เพชรเกษม 86,ถนนกาญจนาภิเษก,เพชรเกษม - เพชรเกษม 86,ถนนกาญจนาภิเษก
เพชรเกษม - เพชรเกษม 86,ซอยเพชรเกษม 86,เพชรเกษม - เพชรเกษม 86,ซอยเพชรเกษม 86
เพชรเกษม - เพชรเกษม 86,ถนนเพชรเกษม,เพชรเกษม - เพชรเกษม 86,ถนนเพชรเกษม
กาญจนาภิเษก - กัลปพฤกษ์,กาญจนาภิเษก,กาญจนาภิเษก - กัลปพฤกษ์,กาญจนาภิเษก
กาญจนาภิเษก - กัลปพฤกษ์,กัลปพฤกษ์,กาญจนาภิเษก - กัลปพฤกษ์,กัลปพฤกษ์
พุทธมณฑลสาย 2 ซ.12,พุทธมณฑลสาย 2,พุทธมณฑลสาย 2 ซ.12,พุทธมณฑลสาย 2
พุทธมณฑลสาย 2 ซ.12,พุทธมณฑลสาย 2 ซอย 12,พุทธมณฑลสาย 2 ซ.12,พุทธมณฑลสาย 2 ซอย 12
จุฬา 12,จุฬา 12,จุฬา 12,จุฬา 12
จุฬา 12,ทางเข้าจุฬาฯ,จุฬา 12,ทางเข้าจุฬาฯ
รร.ฤทธิยะวรรณาลัย,พหลโยธิน,รร.ฤทธิยะวรรณาลัย,พหลโยธิน
รร.ฤทธิยะวรรณาลัย,ทางเข้าออกกรมอากาศโยธิน,รร.ฤทธิยะวรรณาลัย,ทางเข้าออกกรมอากาศโยธิน
รร.ฤทธิยะวรรณาลัย,รณนภากาศ,รร.ฤทธิยะวรรณาลัย,รณนภากาศ
แฮปปี้แลนด์,ทางออกเดอะมอลล์,แฮปปี้แลนด์,ทางออกเดอะมอลล์
แฮปปี้แลนด์,แฮปปี้แลนด์,แฮปปี้แลนด์,แฮปปี้แลนด์
แฮปปี้แลนด์,ลาดพร้าว,แฮปปี้แลนด์,ลาดพร้าว
จ.ป.ร.,ราขดำเนินนอก,จ.ป.ร.,ราขดำเนินนอก
นิมิตรใหม่ - ประชาร่วมใจ,นิมิตรใหม่,นิมิตรใหม่ - ประชาร่วมใจ,นิมิตรใหม่
นิมิตรใหม่ - ประชาร่วมใจ,ประชาร่วมใจ,นิมิตรใหม่ - ประชาร่วมใจ,ประชาร่วมใจ
ปากซอยประชาร่วมใจ31,ประชาร่วมใจ 31,ปากซอยประชาร่วมใจ31,ประชาร่วมใจ 31
ปากซอยประชาร่วมใจ31,ประชาร่วมใจ,ปากซอยประชาร่วมใจ31,ประชาร่วมใจ
ศรีนครินทร์ 55,ศรีนครินทร์ 55,ศรีนครินทร์ 55,ศรีนครินทร์ 55
สายน้ำผึ้ง,สุขุมวิท 22,สายน้ำผึ้ง,สุขุมวิท 22
ลำพูนไชย,เจริญกรุง,ลำพูนไชย,เจริญกรุง
ลำพูนไชย,ลำพูนไชย,ลำพูนไชย,ลำพูนไชย
หมู่บ้านเคหะธานี 4,ราษฎร์พัฒนา,หมู่บ้านเคหะธานี 4,ราษฎร์พัฒนา
หมู่บ้านเคหะธานี 4,ราษฎร์พัฒนา 4,หมู่บ้านเคหะธานี 4,ราษฎร์พัฒนา 4
หมู่บ้านเคหะธานี 4,ราษฎร์พัฒนา 5,หมู่บ้านเคหะธานี 4,ราษฎร์พัฒนา 5
เฉลิมเผ่า,พระรามทิ่ 1,เฉลิมเผ่า,พระรามทิ่ 1
ราษฎร์พัฒนา 10,ราษฎร์พัฒนา,ราษฎร์พัฒนา 10,ราษฎร์พัฒนา
ราษฎร์พัฒนา 10,ราษฎร์พัฒนา 10,ราษฎร์พัฒนา 10,ราษฎร์พัฒนา 10
ศาลเจ้าพ่อเสือ,ตะนาว,ศาลเจ้าพ่อเสือ,ตะนาว
ศาลเจ้าพ่อเสือ,มหรรณพ,ศาลเจ้าพ่อเสือ,มหรรณพ
กทม.1,ดินสอ,กทม.1,ดินสอ
กทม.1,มหรรณพ,กทม.1,มหรรณพ
ประตูผี,มหาไชย,ประตูผี,มหาไชย
หน้าหอสมุดพระจอมเกล้าฯ ลาดกระบัง,ฉลองกรุง,หน้าหอสมุดพระจอมเกล้าฯ ลาดกระบัง,ฉลองกรุง
สนามบินสุวรรณภูมิ,ลาดกระบัง,สนามบินสุวรรณภูมิ,ลาดกระบัง
สนามบินสุวรรณภูมิ,สุวรรณภูมื,สนามบินสุวรรณภูมิ,สุวรรณภูมื
ศิริพงษ์ - ลงท่า - หน้าวัง - อุณากรรณ,ศิริพงษ์ - อุณากรรณ,ศิริพงษ์ - ลงท่า - หน้าวัง - อุณากรรณ,ศิริพงษ์ - อุณากรรณ
ศิริพงษ์ - ลงท่า - หน้าวัง - อุณากรรณ,ลงท่า,ศิริพงษ์ - ลงท่า - หน้าวัง - อุณากรรณ,ลงท่า
ราชบพิธ - เฟื่องนคร,เฟื่องนคร,ราชบพิธ - เฟื่องนคร,เฟื่องนคร
ราชบพิธ - เฟื่องนคร,ราชบพิธ,ราชบพิธ - เฟื่องนคร,ราชบพิธ
ราชบพิธ - ตีทอง,ตีทอง,ราชบพิธ - ตีทอง,ตีทอง
ราชบพิธ - ตีทอง,ราชบพิธ,ราชบพิธ - ตีทอง,ราชบพิธ
เฉลิมกรุง,ตรีเพขร,เฉลิมกรุง,ตรีเพขร
เฉลิมกรุง,ตีทอง,เฉลิมกรุง,ตีทอง
เพชรเกษม 69 - อินทราปัจ 13,เพชรเกษม 69,เพชรเกษม 69 - อินทราปัจ 13,เพชรเกษม 69
เพชรเกษม 69 - อินทราปัจ 13,เลียบคลองภาษีเจริญฝั่งเหนือ,เพชรเกษม 69 - อินทราปัจ 13,เลียบคลองภาษีเจริญฝั่งเหนือ
เพชรเกษม 69 - อินทราปัจ 13,อินทราปัจ 13,เพชรเกษม 69 - อินทราปัจ 13,อินทราปัจ 13
หน้าแฟลตทหารเรือ,ทางรถไฟสายเก่า,หน้าแฟลตทหารเรือ,ทางรถไฟสายเก่า
หน้าแฟลตทหารเรือ,จ่าโสด,หน้าแฟลตทหารเรือ,จ่าโสด
หน้าแฟลตทหารเรือ,ทางเข้าออกแฟลตทหารเรือ,หน้าแฟลตทหารเรือ,ทางเข้าออกแฟลตทหารเรือ
ราษฎร์อุทิศ 18,ราษฎร์อุทิศ 18,ราษฎร์อุทิศ 18,ราษฎร์อุทิศ 18
ราษฎร์อุทิศ 18,ราษฎร์อุทิศ,ราษฎร์อุทิศ 18,ราษฎร์อุทิศ
ราษฎร์อุทิศ 38/1,ราษฎร์อุทิศ 38/1,ราษฎร์อุทิศ 38/1,ราษฎร์อุทิศ 38/1
ราษฎร์อุทิศ 38/1,ราษฎร์อุทิศ,ราษฎร์อุทิศ 38/1,ราษฎร์อุทิศ
ภาวนา,ลาดพร้าว 44,ภาวนา,ลาดพร้าว 44
ภาวนา,ลาดพร้าว 37,ภาวนา,ลาดพร้าว 37
ภาวนา,ลาดพร้าว 41,ภาวนา,ลาดพร้าว 41
สวนสน,ซอยรามคำแหง 60,สวนสน,ซอยรามคำแหง 60
สวนสน,พ่วงศิริ,สวนสน,พ่วงศิริ
สวนสน,รามคำแหง,สวนสน,รามคำแหง
สรรพาวุธ,ทางรถไฟสายปากน้ำ,สรรพาวุธ,ทางรถไฟสายปากน้ำ
กรุงเทพกรีฑา - หมู่บ้านนักกีฬาแหลมทอง,หมู่บ้านนักกีฬาแหลมทอง,กรุงเทพกรีฑา - หมู่บ้านนักกีฬาแหลมทอง,หมู่บ้านนักกีฬาแหลมทอง
กรุงเทพกรีฑา - หมู่บ้านนักกีฬาแหลมทอง,กรุงเทพกรีฑา,กรุงเทพกรีฑา - หมู่บ้านนักกีฬาแหลมทอง,กรุงเทพกรีฑา
หน้าโรงเรียนสุเหร่าแสนแสบ,ประชาร่วมใจ,หน้าโรงเรียนสุเหร่าแสนแสบ,ประชาร่วมใจ
สะพานพระพุทธยอดฟ้า,สะพานพระพุทธยอดฟ้า,สะพานพระพุทธยอดฟ้า,สะพานพระพุทธยอดฟ้า
สะพานสมเด็จพระเจ้าตากสิน,สะพานสมเด็จพระเจ้าตากสิน,สะพานสมเด็จพระเจ้าตากสิน,สะพานสมเด็จพระเจ้าตากสิน
สะพานพระราม 8,สะพานพระราม 8,สะพานพระราม 8,สะพานพระราม 8
สะพานสมเด็จพระปิ่นเกล้า,สะพานสมเด็จพระปิ่นเกล้า,สะพานสมเด็จพระปิ่นเกล้า,สะพานสมเด็จพระปิ่นเกล้า
อุโมงค์รัชโยธิน,รัชดาภิเษก,อุโมงค์รัชโยธิน,รัชดาภิเษก
อุโมงค์เกษตร,งามวงศ์วาน-ประเสริฐมนูกิจ,อุโมงค์เกษตร,งามวงศ์วาน-ประเสริฐมนูกิจ
อุโมงค์สุทธิสาร,รัชดาภิเษก,อุโมงค์สุทธิสาร,รัชดาภิเษก
สามเหลี่ยมดินแดง,ราชวิถี 2,สามเหลี่ยมดินแดง,ราชวิถี 2
สามเหลี่ยมดินแดง,ราชวิถี ,สามเหลี่ยมดินแดง,ราชวิถี
อุโมงค์ดินแดง,ดินแดง,อุโมงค์ดินแดง,ดินแดง
ปากซอยประชาชื่น 37,ประชาชื่น,ปากซอยประชาชื่น 37,ประชาชื่น
ปากซอยประชาชื่น 37,ประชาชื่น 37,ปากซอยประชาชื่น 37,ประชาชื่น 37
พัฒนาการ - พัฒนาการ 25,พัฒนาการ 25,พัฒนาการ - พัฒนาการ 25,พัฒนาการ 25
พัฒนาการ - พัฒนาการ 25,พัฒนาการ,พัฒนาการ - พัฒนาการ 25,พัฒนาการ
ทางลอดกลับรถถนนพัฒนาการ,พัฒนาการ,ทางลอดกลับรถถนนพัฒนาการ,พัฒนาการ
อุโมงค์ถาวรธวัช,ถาวรธัวช,อุโมงค์ถาวรธวัช,ถาวรธัวช
วขิระ,สามเสน,วขิระ,สามเสน
วขิระ,สุโขทัย,วขิระ,สุโขทัย
สี่เสาเสาเทเวศร์,สามเสน,สี่เสาเสาเทเวศร์,สามเสน
สี่เสาเสาเทเวศร์,ศรีอยุธยา,สี่เสาเสาเทเวศร์,ศรีอยุธยา
ปากซอยราษฎร์บูรณะ 41,ราษฎร์บูรณะ,ปากซอยราษฎร์บูรณะ 41,ราษฎร์บูรณะ
หน้าวิทยาลัยเทคนิคกาญจนาภิเษกมหานคร,คุ้มเกล้า,หน้าวิทยาลัยเทคนิคกาญจนาภิเษกมหานคร,คุ้มเกล้า
สุวินทวงศ์ - คุ้มเกล้า,คุ้มเกล้า,สุวินทวงศ์ - คุ้มเกล้า,คุ้มเกล้า
สุวินทวงศ์ - คุ้มเกล้า,สุวินทวงศ์,สุวินทวงศ์ - คุ้มเกล้า,สุวินทวงศ์
การเรือน,นครราชสีมา,การเรือน,นครราชสีมา
เลียบทางรถไฟสายใต้ - เอราวัณ ปาร์ค อเวนิว,เอราวัณ ปาร์ค อเวนิว,เลียบทางรถไฟสายใต้ - เอราวัณ ปาร์ค อเวนิว,เอราวัณ ปาร์ค อเวนิว
เลียบทางรถไฟสายใต้ - เอราวัณ ปาร์ค อเวนิว,เลียบทางรถไฟสายใต้,เลียบทางรถไฟสายใต้ - เอราวัณ ปาร์ค อเวนิว,เลียบทางรถไฟสายใต้
เข้าออกกำนันแม้น,เอกชัย 36,เข้าออกกำนันแม้น,เอกชัย 36
เข้าออกกำนันแม้น,เอกชัย 36 (กำนันแม้น),เข้าออกกำนันแม้น,เอกชัย 36 (กำนันแม้น)
เอกชัย 69/1,เอกชัย 69/1,เอกชัย 69/1,เอกชัย 69/1
เอกชัย 69/1,เอกชัย,เอกชัย 69/1,เอกชัย
เอกชัย 89/9,เอกชัย 89/9,เอกชัย 89/9,เอกชัย 89/9
เอกชัย 89/9,เอกชัย,เอกชัย 89/9,เอกชัย
พระรามที่ 2 ซอย 20,พระรามที่ 2 ซอย 20,พระรามที่ 2 ซอย 20,พระรามที่ 2 ซอย 20
พระรามที่ 2 ซอย 20,พระรามที่ 2,พระรามที่ 2 ซอย 20,พระรามที่ 2
พระรามที่ 2 ซอย 28,พระรามที่ 2 ซอย 28,พระรามที่ 2 ซอย 28,พระรามที่ 2 ซอย 28
พระรามที่ 2 ซอย 28,พระรามที่ 2 ,พระรามที่ 2 ซอย 28,พระรามที่ 2
นวมินทร์ - แฮปปี้แลนด์,นวมินทร์,นวมินทร์ - แฮปปี้แลนด์,นวมินทร์
นวมินทร์ - แฮปปี้แลนด์,แฮปปี้แลนด์,นวมินทร์ - แฮปปี้แลนด์,แฮปปี้แลนด์
ศรีนครินทร์ - ศรีนครินทร์ 38,ศรีนครินทร์,ศรีนครินทร์ - ศรีนครินทร์ 38,ศรีนครินทร์
ศรีนครินทร์ - ศรีนครินทร์ 38,ศรีนครินทร์ 38,ศรีนครินทร์ - ศรีนครินทร์ 38,ศรีนครินทร์ 38
ศรีนครินทร์ 38 - อ่อนนุช 46,อ่อนนุช 46,ศรีนครินทร์ 38 - อ่อนนุช 46,อ่อนนุช 46
ศรีนครินทร์ 38 - อ่อนนุช 46,ศรีนครินทร์ 38,ศรีนครินทร์ 38 - อ่อนนุช 46,ศรีนครินทร์ 38
ทางข้ามใกล้คลองวัดยาง,จรัญสนิทวงศ์,ทางข้ามใกล้คลองวัดยาง,จรัญสนิทวงศ์
พาณิชยการธนบุรี,จรัญสนิทวงศ์ 13,พาณิชยการธนบุรี,จรัญสนิทวงศ์ 13
โชคชัย 4,ลาดพร้าว 58,โชคชัย 4,ลาดพร้าว 58
โชคชัย 4,ลาดพร้าว 53/1,โชคชัย 4,ลาดพร้าว 53/1
สุขุมวิท 49 - สุขุมวิท 32,สุขุมวิท 32,สุขุมวิท 49 - สุขุมวิท 32,สุขุมวิท 32
สุขุมวิท 49 - สุขุมวิท 32,สุขุมวิท 49,สุขุมวิท 49 - สุขุมวิท 32,สุขุมวิท 49
สุขุมวิท 49 - สุขุมวิท 32,สุขุมวิท,สุขุมวิท 49 - สุขุมวิท 32,สุขุมวิท
เอกชัย - กาญจนาภิเษก,กาญจนาภิเษก,เอกชัย - กาญจนาภิเษก,กาญจนาภิเษก
เอกชัย - กาญจนาภิเษก,เอกชัย,เอกชัย - กาญจนาภิเษก,เอกชัย
ประชาราษฎร์บำเพ็ญ - ประชาอุทิศ,ประชาอุทิศ,ประชาราษฎร์บำเพ็ญ - ประชาอุทิศ,ประชาอุทิศ
ประชาราษฎร์บำเพ็ญ - ประชาอุทิศ,ประชาราษฎร์บำเพ็ญ (SB),ประชาราษฎร์บำเพ็ญ - ประชาอุทิศ,ประชาราษฎร์บำเพ็ญ (SB)
ประชาราษฎร์บำเพ็ญ - ประชาอุทิศ,ประชาราษฎร์บำเพ็ญ (EB),ประชาราษฎร์บำเพ็ญ - ประชาอุทิศ,ประชาราษฎร์บำเพ็ญ (EB)
หนองแขม,เพชรเกษม 81,หนองแขม,เพชรเกษม 81
หนองแขม,เลียบคลองภาษีเจริญฝั่งใต้,หนองแขม,เลียบคลองภาษีเจริญฝั่งใต้
เลียบคลองภาษีเจริญฝั่งเหนือ - เพชรเกษม 81,เพชรเกษม 81,เลียบคลองภาษีเจริญฝั่งเหนือ - เพชรเกษม 81,เพชรเกษม 81
เลียบคลองภาษีเจริญฝั่งเหนือ - เพชรเกษม 81,เลียบคลองภาษีเจริญฝั่งเหนือ,เลียบคลองภาษีเจริญฝั่งเหนือ - เพชรเกษม 81,เลียบคลองภาษีเจริญฝั่งเหนือ
หทัยมิตร - นิมิตรใหม่ ,นิมิตรใหม่,หทัยมิตร - นิมิตรใหม่,นิมิตรใหม่
หทัยมิตร - นิมิตรใหม่ ,หทัยมิตร,หทัยมิตร - นิมิตรใหม่,หทัยมิตร
ระหว่างซอยนิมิตรใหม่ 33 - 35,นิมิตรใหม่,ระหว่างซอยนิมิตรใหม่ 33 - 35,นิมิตรใหม่
นิคมอุตสาหกรรมลาดกระบัง,ฉลองกรุง 31,นิคมอุตสาหกรรมลาดกระบัง,ฉลองกรุง 31
นิคมอุตสาหกรรมลาดกระบัง,ซอยส่วนบุคคล,นิคมอุตสาหกรรมลาดกระบัง,ซอยส่วนบุคคล
จุดกลับรถปากซอยอ่อนนุช 59,อ่อนนุช 59,จุดกลับรถปากซอยอ่อนนุช 59,อ่อนนุช 59
จุดกลับรถปากซอยอ่อนนุช 59,อ่อนนุช,จุดกลับรถปากซอยอ่อนนุช 59,อ่อนนุช
ปากซอยอ่อนนุช 74/3,อ่อนนุช 74/3,ปากซอยอ่อนนุช 74/3,อ่อนนุช 74/3
ศิริราช,อรุณอมรินทร์,ศิริราช,อรุณอมรินทร์
สะพานเหลือง,ซอยสว่าง 1- ทางด่วน- ซอยพระยาดำรง,สะพานเหลือง,ซอยสว่าง 1- ทางด่วน- ซอยพระยาดำรง
มิตรสัมพันธ์,มักกะสัน,มิตรสัมพันธ์,มักกะสัน
ใต้ด่วนดินแดง,ดินแดงตัดใหม่,ใต้ด่วนดินแดง,ดินแดงตัดใหม่
ใต้ด่วนดินแดง,ดินแดง,ใต้ด่วนดินแดง,ดินแดง
นวมินทร์ - ศรีบูรพา,นวมินทร์,นวมินทร์ - ศรีบูรพา,นวมินทร์
นวมินทร์ - ศรีบูรพา,นวมินทร์ 51,นวมินทร์ - ศรีบูรพา,นวมินทร์ 51
นวมินทร์ - ศรีบูรพา,ศรีบูรพา,นวมินทร์ - ศรีบูรพา,ศรีบูรพา
รามคำแหง - ร่มเกล้า,ร่มเกล้า,รามคำแหง - ร่มเกล้า,ร่มเกล้า
รามคำแหง - ร่มเกล้า,รามคำแหง,รามคำแหง - ร่มเกล้า,รามคำแหง
ลาซาล,สุขุมวิท 105,ลาซาล,สุขุมวิท 105
ปากซอยเลียบวารี 59,เลียบวารี,ปากซอยเลียบวารี 59,เลียบวารี
ทางเข้าออกเซ็นทรัลเวิลดิ์,ราชดำริ,ทางเข้าออกเซ็นทรัลเวิลดิ์,ราชดำริ
ทางเข้าออกเซ็นทรัลเวิลดิ์,ทางเข้าออกเซ็นทรัลเวิลดิ์,ทางเข้าออกเซ็นทรัลเวิลดิ์,ทางเข้าออกเซ็นทรัลเวิลดิ์
ทางออกบิ๊กซี,ทางออกบิ๊กซี,ทางออกบิ๊กซี,ทางออกบิ๊กซี
ทางเข้าบิ๊กซี และรร.อโนมา,ราชดำริ,ทางเข้าบิ๊กซี และรร.อโนมา,ราชดำริ
ทางเข้าบิ๊กซี และรร.อโนมา,ทางเข้าบิ๊กซี และรร.อโนมา,ทางเข้าบิ๊กซี และรร.อโนมา,ทางเข้าบิ๊กซี และรร.อโนมา
ทางเข้าออกเกษรทาวเวอร์,ราชดำริ,ทางเข้าออกเกษรทาวเวอร์,ราชดำริ
ทางเข้าออกเกษรทาวเวอร์,ทางเข้าออกเกษรทาวเวอร์,ทางเข้าออกเกษรทาวเวอร์,ทางเข้าออกเกษรทาวเวอร์
ลาดพร้าว,วิภาวดีรังสิต,ลาดพร้าว,วิภาวดีรังสิต
ลาดพร้าว,พหลโยธิน,ลาดพร้าว,พหลโยธิน
เพชรบุรี - ทองหล่อ,ทองหล่อ,เพชรบุรี - ทองหล่อ,ทองหล่อ
อโศกมนตรี,อโศกมนตรี,อโศกมนตรี,อโศกมนตรี
อ่อนนุช,สุขุมวิท 48/3,อ่อนนุช,สุขุมวิท 48/3
ปากซอยจรัญสนิทวงศ์ 1,จรัญสนิทวงศ์,ปากซอยจรัญสนิทวงศ์ 1,จรัญสนิทวงศ์
ปากซอยจรัญสนิทวงศ์ 1,จรัญสนิทวงศ์ 1,ปากซอยจรัญสนิทวงศ์ 1,จรัญสนิทวงศ์ 1
ปากซอยเพชรเกษม 16,เพชรเกษม 16,ปากซอยเพชรเกษม 16,เพชรเกษม 16
ปากซอยเพชรเกษม 16,เพชรเกษม,ปากซอยเพชรเกษม 16,เพชรเกษม
สุขุมวิท 39,สุขุมวิท 39,สุขุมวิท 39,สุขุมวิท 39
สุขุมวิท 39,สุขุมวิท,สุขุมวิท 39,สุขุมวิท
สายน้ำผึ้ง,ซอยสุขุมวิท 22,สายน้ำผึ้ง,ซอยสุขุมวิท 22
หน้าวัดลครทำ,อิสรภาพ,หน้าวัดลครทำ,อิสรภาพ
อิสรภาพ - อิสรภาพ 44 - วัดดงมูลเหล็ก,อิสรภาพ,อิสรภาพ - อิสรภาพ 44 - วัดดงมูลเหล็ก,อิสรภาพ
อิสรภาพ - อิสรภาพ 44 - วัดดงมูลเหล็ก,อิสรภาพ 44,อิสรภาพ - อิสรภาพ 44 - วัดดงมูลเหล็ก,อิสรภาพ 44
หน้าศูนย์ราชการกระทรวงมหาดไทย,เจริญนคร,หน้าศูนย์ราชการกระทรวงมหาดไทย,เจริญนคร
สะแกงาม,บางขุนเทียน,สะแกงาม,บางขุนเทียน
สะแกงาม,สะแกงาม,สะแกงาม,สะแกงาม
ผ่านฟ้าลีลาศ,บริพัตร,ผ่านฟ้าลีลาศ,บริพัตร
ผ่านฟ้าลีลาศ,ราชดำเนินกลาง,ผ่านฟ้าลีลาศ,ราชดำเนินกลาง
ผ่านฟ้าลีลาศ,ปรินายก,ผ่านฟ้าลีลาศ,ปรินายก
ผ่านฟ้าลีลาศ,ราชดำเนินนอก,ผ่านฟ้าลีลาศ,ราชดำเนินนอก
ผ่านฟ้าลีลาศ,นครสวรรค์,ผ่านฟ้าลีลาศ,นครสวรรค์
ผ่านฟ้าลีลาศ,หลานหลวง,ผ่านฟ้าลีลาศ,หลานหลวง
ลำหิน,เลียบวารี,ลำหิน,เลียบวารี
ลำหิน,คู้คลองสิบ,ลำหิน,คู้คลองสิบ
ลำหิน,มิตรไมตรี,ลำหิน,มิตรไมตรี
มิตรไมตรี - มิตรไมตรี 12/2,มิตรไมตรี 12/2,มิตรไมตรี - มิตรไมตรี 12/2,มิตรไมตรี 12/2
มิตรไมตรี - มิตรไมตรี 12/2,มิตรไมตรี,มิตรไมตรี - มิตรไมตรี 12/2,มิตรไมตรี
มิตรไมตรี -มิตรไมตรี 3 -มิตรไมตรี 4,มิตรไมตรี 3,มิตรไมตรี -มิตรไมตรี 3 -มิตรไมตรี 4,มิตรไมตรี 3
มิตรไมตรี -มิตรไมตรี 3 -มิตรไมตรี 4,มิตรไมตรี 4,มิตรไมตรี -มิตรไมตรี 3 -มิตรไมตรี 4,มิตรไมตรี 4
มิตรไมตรี -มิตรไมตรี 3 -มิตรไมตรี 4,มิตรไมตรี,มิตรไมตรี -มิตรไมตรี 3 -มิตรไมตรี 4,มิตรไมตรี
อนุสาวรีย์ชัยสมรภูมิ,พญาไท,อนุสาวรีย์ชัยสมรภูมิ,พญาไท
อนุสาวรีย์ชัยสมรภูมิ,พหลโยธิน,อนุสาวรีย์ชัยสมรภูมิ,พหลโยธิน
อนุสาวรีย์ชัยสมรภูมิ,ราชวิถี,อนุสาวรีย์ชัยสมรภูมิ,ราชวิถี
วิทยุ - เพชร,เพชรบุรี 37-ทางลงทางด่วน,วิทยุ - เพชร,เพชรบุรี 37-ทางลงทางด่วน
ปากซอยฉลองกรุง 61,ฉลองกรุง,ปากซอยฉลองกรุง 61,ฉลองกรุง
ลาดพร้าว 71,ลาดพร้าว 71,ลาดพร้าว 71,ลาดพร้าว 71
ลาดพร้าว 71,ลาดพร้าว,ลาดพร้าว 71,ลาดพร้าว
จันทิมา,ลาดพร้าว 80,จันทิมา,ลาดพร้าว 80
จันทิมา,ลาดพร้าว,จันทิมา,ลาดพร้าว
จุดกลับรถถนนลาดพร้าว  (ใต้ทางด่วนฉลองรัช),ลาดพร้าว,จุดกลับรถถนนลาดพร้าว (ใต้ทางด่วนฉลองรัช),ลาดพร้าว
รามอินทรา 34,รามอินทรา 34,รามอินทรา 34,รามอินทรา 34
รามอินทรา 34,รามอินทรา,รามอินทรา 34,รามอินทรา
มัยลาภ,รามอินทรา 14,มัยลาภ,รามอินทรา 14
หน้าโรงเรียนทวีธาภิเศก,บางขุนเทียนชายทะเล,หน้าโรงเรียนทวีธาภิเศก,บางขุนเทียนชายทะเล
หน้า รพ.ผู้สูงอายุบางขุนเทียน,บางขุนเทียนชายทะเล,หน้า รพ.ผู้สูงอายุบางขุนเทียน,บางขุนเทียนชายทะเล
เตาปูน,ซอยนำชัย,เตาปูน,ซอยนำชัย
ปากซอยคู้บอน 44,คู้บอน,ปากซอยคู้บอน 44,คู้บอน
ปากซอยนิมิตใหม่ 40,นิมิตใหม่,ปากซอยนิมิตใหม่ 40,นิมิตใหม่
เย็นอากาศ,นางลิ้นจี่,เย็นอากาศ,นางลิ้นจี่
เย็นอากาศ,จันทน์,เย็นอากาศ,จันทน์
เย็นอากาศ,เย็นอากาศ,เย็นอากาศ,เย็นอากาศ
ศุลกากร,เกษมราษฎร์,ศุลกากร,เกษมราษฎร์
ศุลกากร,สุนทรโกษา,ศุลกากร,สุนทรโกษา
ศุลกากร,อาจณรงค์,ศุลกากร,อาจณรงค์
พระราม 3 - รัชดา,รัชดาภิเษก,พระราม 3 - รัชดา,รัชดาภิเษก
พระราม 3 - รัชดา,พระรามที่ 3,พระราม 3 - รัชดา,พระรามที่ 3
ลาดพร้าว- ประดิษฐ์มนูธรรม,ประดิษฐ์มนูธรรม,ลาดพร้าว- ประดิษฐ์มนูธรรม,ประดิษฐ์มนูธรรม
ลาดพร้าว- ประดิษฐ์มนูธรรม,ลาดพร้าว,ลาดพร้าว- ประดิษฐ์มนูธรรม,ลาดพร้าว
หน้าเซ็นทรัลอีสวิลล์,ประดิษฐ์มนูธรรม,หน้าเซ็นทรัลอีสวิลล์,ประดิษฐ์มนูธรรม
ทางข้ามระหว่างซอยจรัญสนิทวงศ์ 44 - 46,จรัญสนิทวงศ์,ทางข้ามระหว่างซอยจรัญสนิทวงศ์ 44 - 46,จรัญสนิทวงศ์
ปากซอยคริสจักร,จรัญสนิทวงศ์,ปากซอยคริสจักร,จรัญสนิทวงศ์
ปากซอยศาลาธรรมสพน์ 26,ศาลาธรรมสพน์,ปากซอยศาลาธรรมสพน์ 26,ศาลาธรรมสพน์
หน้าตลาดพุทธบูชา 95,พุทธบูชา,หน้าตลาดพุทธบูชา 95,พุทธบูชา
ทางข้ามระหว่างซอยพุทธบูชา 22 -22/1,พุทธบูชา,ทางข้ามระหว่างซอยพุทธบูชา 22 -22/1,พุทธบูชา
ปากทางเข้าแฟลตทหารเรือ,สุขสวัสดิ์ 26,ปากทางเข้าแฟลตทหารเรือ,สุขสวัสดิ์ 26
ปากซอยลาดหญ้า 10,ลาดหญ้า,ปากซอยลาดหญ้า 10,ลาดหญ้า
หน้าสถาบันสุขภาพเด็กฯ,ราชวิถี,หน้าสถาบันสุขภาพเด็กฯ,ราชวิถี
หน้าห้างเซ็นจูรี่,รางน้ำ,หน้าห้างเซ็นจูรี่,รางน้ำ
หน้า ททบ.5,พหลโยธิน,หน้า ททบ.5,พหลโยธิน
เอกมัยใต้,สุขุมวิท 63,เอกมัยใต้,สุขุมวิท 63
หน้าโรงเรียนสารสาสน์ฯ,เพชรเกษม 81(มาเจริญ),หน้าโรงเรียนสารสาสน์ฯ,เพชรเกษม 81(มาเจริญ)
เลียบทางรถไฟสายใต้ - เอราวัณ ปาร์คอเวนิว,เอราวัณ ปาร์ค อเวนิว,เลียบทางรถไฟสายใต้ - เอราวัณ ปาร์คอเวนิว,เอราวัณ ปาร์ค อเวนิว
เลียบทางรถไฟสายใต้ - เอราวัณ ปาร์คอเวนิว,เลียบทางรถไฟสายใต้,เลียบทางรถไฟสายใต้ - เอราวัณ ปาร์คอเวนิว,เลียบทางรถไฟสายใต้
ปากซอยรามคำแหง 23,รามคำแหง,ปากซอยรามคำแหง 23,รามคำแหง
รามคำแหง 24,รามคำแหง 24,รามคำแหง 24,รามคำแหง 24
รามคำแหง 24,รามคำแหง,รามคำแหง 24,รามคำแหง
สุขุมวิท - สุขุมวิท 71,สุขุมวิท 71,สุขุมวิท - สุขุมวิท 71,สุขุมวิท 71
สุขุมวิท - สุขุมวิท 71,สุขุมวิท,สุขุมวิท - สุขุมวิท 71,สุขุมวิท
พระโขนง,พระรามที่ 4,พระโขนง,พระรามที่ 4
ด่วนเพลินจิต,ทางขึ้นลงทางด่วน,ด่วนเพลินจิต,ทางขึ้นลงทางด่วน
เพชรพระราม ,บรรทัดทอง,เพชรพระราม,บรรทัดทอง
เพชรพระราม ,เพชรบุรี,เพชรพระราม,เพชรบุรี
บางขุนนนท์,จรัญสนิทวงศ์ 32,บางขุนนนท์,จรัญสนิทวงศ์ 32
สาทร - นราธิวาสฯ,นราธิวาสราชนครินทร์,สาทร - นราธิวาสฯ,นราธิวาสราชนครินทร์
สาทร - นราธิวาสฯ,สาทร,สาทร - นราธิวาสฯ,สาทร
เลียบคลองภาษีเจริญฝั่งใต้ - เพชรเกษม 69,เพชรเกษม 69,เลียบคลองภาษีเจริญฝั่งใต้ - เพชรเกษม 69,เพชรเกษม 69
เลียบคลองภาษีเจริญฝั่งใต้ - เพชรเกษม 69,เลียบคลองภาษีเจริญฝั่งใต้,เลียบคลองภาษีเจริญฝั่งใต้ - เพชรเกษม 69,เลียบคลองภาษีเจริญฝั่งใต้
เลียบคลองภาษีเจริญฝั่งใต้ - เพชรเกษม 69,สวนจำปี,เลียบคลองภาษีเจริญฝั่งใต้ - เพชรเกษม 69,สวนจำปี
ชักพระ ,ชัยพฤกษ์,ชักพระ,ชัยพฤกษ์
ชักพระ ,ชักพระ,ชักพระ,ชักพระ
เลียบทางรถไฟสายใต้ - ฉิมพลี,ฉิมพลี,เลียบทางรถไฟสายใต้ - ฉิมพลี,ฉิมพลี
เลียบทางรถไฟสายใต้ - ฉิมพลี,เลียบทางรถไฟสายใต้,เลียบทางรถไฟสายใต้ - ฉิมพลี,เลียบทางรถไฟสายใต้
อรุณอมรินทร์ - วังเดิม,อรุณอมรินทร์,อรุณอมรินทร์ - วังเดิม,อรุณอมรินทร์
อรุณอมรินทร์ - วังเดิม,วังเดิม,อรุณอมรินทร์ - วังเดิม,วังเดิม
สวนผัก - ชัยพฤกษ์,ชัยพฤกษ์,สวนผัก - ชัยพฤกษ์,ชัยพฤกษ์
สวนผัก - ชัยพฤกษ์,สวนผัก,สวนผัก - ชัยพฤกษ์,สวนผัก
สวนผัก - ชัยพฤกษ์,ชัยพฤกษ์ 18,สวนผัก - ชัยพฤกษ์,ชัยพฤกษ์ 18
เพชรเกษม 69,เพขรเกษม,เพชรเกษม 69,เพขรเกษม
สุขุมวิท 42,สุขุมวิท 42,สุขุมวิท 42,สุขุมวิท 42
สุขุมวิท 42,สุขุมวิท,สุขุมวิท 42,สุขุมวิท
นิมิตใหม่ 4 - 6,นิมิตใหม่,นิมิตใหม่ 4 - 6,นิมิตใหม่
หทัยราษฎร์ - สุวินทวงศ์,หทัยราษฎร์,หทัยราษฎร์ - สุวินทวงศ์,หทัยราษฎร์
หทัยราษฎร์ - สุวินทวงศ์,สุวินทวงศ์,หทัยราษฎร์ - สุวินทวงศ์,สุวินทวงศ์
ทางข้ามโรงเรียนบางบัว,พหลโยธิน,ทางข้ามโรงเรียนบางบัว,พหลโยธิน
ทางข้ามโรงเรียนบางบัว,เลียบคลองบางเขน,ทางข้ามโรงเรียนบางบัว,เลียบคลองบางเขน
เสนานิคม 1 ซอย 8,เสนานิคม 1 ซอย 8,เสนานิคม 1 ซอย 8,เสนานิคม 1 ซอย 8
เสนานิคม 1 ซอย 8,เสนานิคม 1,เสนานิคม 1 ซอย 8,เสนานิคม 1
ปากซอยลาดพร้าว 15,ลาดพร้าว 15,ปากซอยลาดพร้าว 15,ลาดพร้าว 15
ปากซอยลาดพร้าว 15,ลาดพร้าว ,ปากซอยลาดพร้าว 15,ลาดพร้าว
ทางข้าม รร.ผ่องพลอยอนุสรณ์,ลาซาล 55,ทางข้าม รร.ผ่องพลอยอนุสรณ์,ลาซาล 55
ผ่องพลอย,ลาซาล,ผ่องพลอย,ลาซาล
หน้าสวนอาหารปีกไม้,พุทธมณฑลสาย 2,หน้าสวนอาหารปีกไม้,พุทธมณฑลสาย 2
หน้าเซเว่นหน้าวัดปากน้ำ,รัชมงคลประสาธน์ 10,หน้าเซเว่นหน้าวัดปากน้ำ,รัชมงคลประสาธน์ 10
หน้าเซเว่นหน้าวัดปากน้ำ,รัชมงคลประสาธน์ ,หน้าเซเว่นหน้าวัดปากน้ำ,รัชมงคลประสาธน์
วัดนาคปรก,รัชมงคลประสาธน์,วัดนาคปรก,รัชมงคลประสาธน์
วัดนาคปรก,เทอดไท,วัดนาคปรก,เทอดไท
ทางข้ามหน้าทำเนียบรัฐบาล,พิษณุโลก,ทางข้ามหน้าทำเนียบรัฐบาล,พิษณุโลก
ปากซอยนครสวรรค์ 3,นครสวรรค์,ปากซอยนครสวรรค์ 3,นครสวรรค์
ตลาดวงศกร,ทางเข้าออกตลาดวงศกร,ตลาดวงศกร,ทางเข้าออกตลาดวงศกร
ตลาดวงศกร,เฉลิมพงษ์,ตลาดวงศกร,เฉลิมพงษ์
ตลาดวงศกร,สายไหม,ตลาดวงศกร,สายไหม
ผ่านภิภพลีลา,ราชดำเนินใน,ผ่านภิภพลีลา,ราชดำเนินใน
ผ่านภิภพลีลา,สมเด็จพระปิ่นเกล้า,ผ่านภิภพลีลา,สมเด็จพระปิ่นเกล้า
ผ่านภิภพลีลา,ราชดำเนินกลาง,ผ่านภิภพลีลา,ราชดำเนินกลาง
ผ่านภิภพลีลา,จักรพงษ์,ผ่านภิภพลีลา,จักรพงษ์
ด่วนกำแพงเพชร,เจษฎา,ด่วนกำแพงเพชร,เจษฎา
ด่วนกำแพงเพชร,กำแพงเพชร,ด่วนกำแพงเพชร,กำแพงเพชร
ฤทธิยะวรรณาลัย,พหลโยธิน,ฤทธิยะวรรณาลัย,พหลโยธิน
ฤทธิยะวรรณาลัย,ทางเข้าออกอากาศโยธิน,ฤทธิยะวรรณาลัย,ทางเข้าออกอากาศโยธิน
ฤทธิยะวรรณาลัย,ช่องทางท่าดินแดง 5,ฤทธิยะวรรณาลัย,ช่องทางท่าดินแดง 5
ประเสริฐมนูกิจ 29,มัยลาภ,ประเสริฐมนูกิจ 29,มัยลาภ
ประเสริฐมนูกิจ 29,ประเสริฐมนูกิจ 29,ประเสริฐมนูกิจ 29,ประเสริฐมนูกิจ 29
ประเสริฐมนูกิจ 29,ประเสริฐมนูกิจ,ประเสริฐมนูกิจ 29,ประเสริฐมนูกิจ
หน้าโรงเรียนอนุบาลแสงโสม,ประชาชื่น,หน้าโรงเรียนอนุบาลแสงโสม,ประชาชื่น
หน้าตลาดบองมาเช่,เทศบาลสงเคราะห์,หน้าตลาดบองมาเช่,เทศบาลสงเคราะห์
ปากซอยประชาชื่น 29,ประชาชื่น,ปากซอยประชาชื่น 29,ประชาชื่น
หน้าอาคารสุขประพฤติ,ประชาชื่น,หน้าอาคารสุขประพฤติ,ประชาชื่น
หน้าคอนโด เมโทร สกาย,ประชาชื่น,หน้าคอนโด เมโทร สกาย,ประชาชื่น
      ใต้ทางด่วนศรีรัช          (ใกล้ซอยประชาชื่น 30),ประชาชื่น,ใต้ทางด่วนศรีรัช (ใกล้ซอยประชาชื่น 30),ประชาชื่น
ปากซอยวงศ์สว่าง 29,วงศ์สว่าง,ปากซอยวงศ์สว่าง 29,วงศ์สว่าง
หน้าศูนย์มาสด้าพระราม 7,พิบูลสงคราม,หน้าศูนย์มาสด้าพระราม 7,พิบูลสงคราม
หน้าบริษัท คริสเตียนีและนีลเส็น,ลาซาล,หน้าบริษัท คริสเตียนีและนีลเส็น,ลาซาล
ลาซาล - แบริ่งลาซาล,ลาซาล,ลาซาล - แบริ่งลาซาล,ลาซาล
ลาซาล - แบริ่งลาซาล,แบริ่งลาซาล,ลาซาล - แบริ่งลาซาล,แบริ่งลาซาล
หน้าโรงเรียนกุลวรรณ,ประชาราษฎร์สาย 1,หน้าโรงเรียนกุลวรรณ,ประชาราษฎร์สาย 1
หน้าคอนโด เดอะทรี อินเตอร์เชน,ประชาราษฎร์สาย 2,หน้าคอนโด เดอะทรี อินเตอร์เชน,ประชาราษฎร์สาย 2
หน้าคอนโด ชีวาทัย เรสซิเดนซ์,ประชาราษฎร์สาย 2,หน้าคอนโด ชีวาทัย เรสซิเดนซ์,ประชาราษฎร์สาย 2
หน้าตลาดพิบูลย์วิทย์,กำนันแม้น,หน้าตลาดพิบูลย์วิทย์,กำนันแม้น
หน้าตลาดพิบูลย์วิทย์,กำนันแม้น 8,หน้าตลาดพิบูลย์วิทย์,กำนันแม้น 8
หน้า ธ.กรุงเทพ สาขาเตาปูน,ประชาราษฎร์สาย 2,หน้า ธ.กรุงเทพ สาขาเตาปูน,ประชาราษฎร์สาย 2
หน้าโรงรับจำนำบางซื่อ,ประชาราษฎร์สาย 2,หน้าโรงรับจำนำบางซื่อ,ประชาราษฎร์สาย 2
ปากซอยกรุงเทพ - นนทบุรี 20,กรุงเทพ - นนทบุรี ,ปากซอยกรุงเทพ - นนทบุรี 20,กรุงเทพ - นนทบุรี
หน้าตลาดยิปซี,กรุงเทพ - นนทบุรี,หน้าตลาดยิปซี,กรุงเทพ - นนทบุรี
ปากซอยนราธิวาส 28,นราธิวาสราชนครินทร์,ปากซอยนราธิวาส 28,นราธิวาสราชนครินทร์
ปากซอยประดิษฐ์มนูธรรม 15,ประดิษฐ์มนูธรรม,ปากซอยประดิษฐ์มนูธรรม 15,ประดิษฐ์มนูธรรม
ทางเข้าถนนสุคนธสวัสดิ์,ประดิษฐ์มนูธรรม,ทางเข้าถนนสุคนธสวัสดิ์,ประดิษฐ์มนูธรรม
หน้าโรงแรมโฟร์วิงส์,ศรีนครินทร์,หน้าโรงแรมโฟร์วิงส์,ศรีนครินทร์
หน้าโลตัสเลียบคลองสอง,เลียบคลองสอง,หน้าโลตัสเลียบคลองสอง,เลียบคลองสอง
ปากซอยเลียบคลองสอง 28,เลียบคลองสอง,ปากซอยเลียบคลองสอง 28,เลียบคลองสอง
ปากซอยจรัญสนิทวงศ์ 29,จรัญสนิทวงศ์,ปากซอยจรัญสนิทวงศ์ 29,จรัญสนิทวงศ์
หน้าบิ๊กซีหนองจอก,เลียบวารี,หน้าบิ๊กซีหนองจอก,เลียบวารี
ปากซอยเลียบวารี 11,เลียบวารี,ปากซอยเลียบวารี 11,เลียบวารี
ปากซอยเลียบวารี 55,เลียบวารี,ปากซอยเลียบวารี 55,เลียบวารี
หนองระแหง - คู่ขนานกาญจนาภิเษก,คู่ขนานกาญจนาภิเษก,หนองระแหง - คู่ขนานกาญจนาภิเษก,คู่ขนานกาญจนาภิเษก
หนองระแหง - คู่ขนานกาญจนาภิเษก,หนองระแหง,หนองระแหง - คู่ขนานกาญจนาภิเษก,หนองระแหง
หนองระแหง - หทัยราษฎร์,หนองระแหง,หนองระแหง - หทัยราษฎร์,หนองระแหง
หนองระแหง - หทัยราษฎร์,หทัยราษฎร์,หนองระแหง - หทัยราษฎร์,หทัยราษฎร์
อุดมสุข,สุขุมวิท 103,อุดมสุข,สุขุมวิท 103
ปากซอยวชิรธรรมสาธิต 12,สุขุมวิท 101/1,ปากซอยวชิรธรรมสาธิต 12,สุขุมวิท 101/1
ทางข้ามบริเวณสวนสาธารณะทางลงจากมอเตอร์เวย์ ,ศรีนครินทร์,ทางข้ามบริเวณสวนสาธารณะทางลงจากมอเตอร์เวย์,ศรีนครินทร์
พัฒนาการ - พัฒนาการ 53,พัฒนาการ 53,พัฒนาการ - พัฒนาการ 53,พัฒนาการ 53
พัฒนาการ - พัฒนาการ 53,พัฒนาการ,พัฒนาการ - พัฒนาการ 53,พัฒนาการ
หน้าวัดอมรินทรารามวิหาร,พระนเรศวรมหาราช,หน้าวัดอมรินทรารามวิหาร,พระนเรศวรมหาราช
ป้อมเผด็จ,ถนนสนามไชย,ป้อมเผด็จ,ถนนสนามไชย
ป้อมเผด็จ,ถนนราชดำเนินใน,ป้อมเผด็จ,ถนนราชดำเนินใน
ป้อมเผด็จ,ถนนหน้าพระลาน,ป้อมเผด็จ,ถนนหน้าพระลาน
ป้อมเผด็จ,ถนนหลักเมือง,ป้อมเผด็จ,ถนนหลักเมือง
หน้าโรงเรียนนานาชาติสิงคโปร์,ราชมนตรี 8,หน้าโรงเรียนนานาชาติสิงคโปร์,ราชมนตรี 8
วัดไชยฉิมพลี,เพชรเกษม 48,วัดไชยฉิมพลี,เพชรเกษม 48
วัดไชยฉิมพลี,บางแวก,วัดไชยฉิมพลี,บางแวก
เสนานิคม 1 ซอย 17,เสนานิคม 1,เสนานิคม 1 ซอย 17,เสนานิคม 1
ลาดพร้าววังหิน - โชคชัย 4,ลาดพร้าววังหิน,ลาดพร้าววังหิน - โชคชัย 4,ลาดพร้าววังหิน
ลาดพร้าววังหิน - โชคชัย 4,ลาดพร้าววังหิน 79,ลาดพร้าววังหิน - โชคชัย 4,ลาดพร้าววังหิน 79
ลาดพร้าววังหิน - โชคชัย 4,โชคชัย 4,ลาดพร้าววังหิน - โชคชัย 4,โชคชัย 4
กรุงเทพกรีฑา - ศรีนครินทร์ร่มเกล้า,ถนนกรุงเทพกรีฑา (NB),กรุงเทพกรีฑา - ศรีนครินทร์ร่มเกล้า,ถนนกรุงเทพกรีฑา (NB)
กรุงเทพกรีฑา - ศรีนครินทร์ร่มเกล้า,ซอยกรุงเทพกรีฑา 7,กรุงเทพกรีฑา - ศรีนครินทร์ร่มเกล้า,ซอยกรุงเทพกรีฑา 7
กรุงเทพกรีฑา - ศรีนครินทร์ร่มเกล้า,ถนนกรุงเทพกรีฑา (EB),กรุงเทพกรีฑา - ศรีนครินทร์ร่มเกล้า,ถนนกรุงเทพกรีฑา (EB)
กรุงเทพกรีฑา - ศรีนครินทร์ร่มเกล้า,ถนนศรีนครินทร์-ร่มเกล้า,กรุงเทพกรีฑา - ศรีนครินทร์ร่มเกล้า,ถนนศรีนครินทร์-ร่มเกล้า
กรุงเทพกรีฑา 20,กรุงเทพกรีฑา 20,กรุงเทพกรีฑา 20,กรุงเทพกรีฑา 20
กรุงเทพกรีฑา 20,กรุงเทพกรีฑา 37,กรุงเทพกรีฑา 20,กรุงเทพกรีฑา 37
กรุงเทพกรีฑา 20,กรุงเทพกรีฑา,กรุงเทพกรีฑา 20,กรุงเทพกรีฑา
ปากซอยเสรีไทย 23,เสรีไทย,ปากซอยเสรีไทย 23,เสรีไทย
ลาดพร้าว - มหาดไทย ,มหาดไทย,ลาดพร้าว - มหาดไทย,มหาดไทย
ลาดพร้าว - มหาดไทย ,ลาดพร้าว,ลาดพร้าว - มหาดไทย,ลาดพร้าว
ศูนย์วิจัย - เพชรบุรี,ศูนย์วิจัย,ศูนย์วิจัย - เพชรบุรี,ศูนย์วิจัย
ใต้ด่วนสุรวงศ์,เลียบใต้ทางด่วนศรีรัช,ใต้ด่วนสุรวงศ์,เลียบใต้ทางด่วนศรีรัช
ใต้ด่วนสุรวงศ์,ถนนสุรวงศ์,ใต้ด่วนสุรวงศ์,ถนนสุรวงศ์
สุรวงศ์,เจริญกรุง,สุรวงศ์,เจริญกรุง
สุรวงศ์,สุรวงศ์,สุรวงศ์,สุรวงศ์
จปร.,ถนนราชดำเนินนอก,จปร.,ถนนราชดำเนินนอก
จปร.,ถนนวิสุทธิกษัตริย์,จปร.,ถนนวิสุทธิกษัตริย์
จปร.,ถนนจักรพรรดิพงษ์,จปร.,ถนนจักรพรรดิพงษ์
รัชดา - สุทธิสาร,รัชดาภิเษก,รัชดา - สุทธิสาร,รัชดาภิเษก
รัชดา - สุทธิสาร,สุทธิสารวินิจฉัย,รัชดา - สุทธิสาร,สุทธิสารวินิจฉัย
บางรัก,เจริญกรุง 42,บางรัก,เจริญกรุง 42
ศรีบูรพา - อาคารสงเคราะห์,ศรีบูรพา,ศรีบูรพา - อาคารสงเคราะห์,ศรีบูรพา
ศรีบูรพา - อาคารสงเคราะห์,อาคารสงเคราะห์,ศรีบูรพา - อาคารสงเคราะห์,อาคารสงเคราะห์
หน้าบริษัทกราเวีย อาร์ต เซ็นเตอร์,เลียบคลองภาษีเจริญฝั่งเหนือ,หน้าบริษัทกราเวีย อาร์ต เซ็นเตอร์,เลียบคลองภาษีเจริญฝั่งเหนือ
บางเขน(2),กำแพงเพชร 6,บางเขน(2),กำแพงเพชร 6
บางเขน(2),งามวงศ์วาน,บางเขน(2),งามวงศ์วาน
อ่อนนุช 46,อ่อนนุช 46,อ่อนนุช 46,อ่อนนุช 46
อ่อนนุช 46,อ่อนนุช,อ่อนนุช 46,อ่อนนุช
สุขาภิบาล 5 - เพิ่มสิน,สุขาภิบาล 5,สุขาภิบาล 5 - เพิ่มสิน,สุขาภิบาล 5
สุขาภิบาล 5 - เพิ่มสิน,เพิ่มสิน,สุขาภิบาล 5 - เพิ่มสิน,เพิ่มสิน
ปากซอยคุ้มเกล้า 3,คุ้มเกล้า,ปากซอยคุ้มเกล้า 3,คุ้มเกล้า
ปากซอยประชาอุทิศ 54,ประชาอุทิศ,ปากซอยประชาอุทิศ 54,ประชาอุทิศ
สายไหม 39,สายไหม 39,สายไหม 39,สายไหม 39
สายไหม 39,สายไหม,สายไหม 39,สายไหม
บางบอน 3 ซอย 5,บางบอน 3,บางบอน 3 ซอย 5,บางบอน 3
บางบอน 3 ซอย 5,บางบอน 3 ซอย 5,บางบอน 3 ซอย 5,บางบอน 3 ซอย 5
บางบอน 3 ซอย 5,บางบอน 3 ซอย 10,บางบอน 3 ซอย 5,บางบอน 3 ซอย 10
ทองหล่อ 10,ทองหล่อ 11,ทองหล่อ 10,ทองหล่อ 11
ทองหล่อ 10,ทองหล่อ 10,ทองหล่อ 10,ทองหล่อ 10
หน้าสถานเอกอัครราชทูตอเมริกา,วิทยุ,หน้าสถานเอกอัครราชทูตอเมริกา,วิทยุ
หน้าโรงเรียนพรหมราษฎร์รังสรรค์,รางโพธิ์,หน้าโรงเรียนพรหมราษฎร์รังสรรค์,รางโพธิ์
หน้าโรงเรียนพรหมราษฎร์รังสรรค์,พรหมราษฎร์,หน้าโรงเรียนพรหมราษฎร์รังสรรค์,พรหมราษฎร์
หน้าวิทยาลัยเทคโนโลยีฐานเทคโนโลยี,พรมแดน,หน้าวิทยาลัยเทคโนโลยีฐานเทคโนโลยี,พรมแดน
ผลาสินธุ์ - ทางเข้าออกแฟลต  ทบ.ส่วนกลางบางเขน,ทางเข้าออกแฟลต ทบ.ส่วนกลางบางเขน,ผลาสินธุ์ - ทางเข้าออกแฟลต ทบ.ส่วนกลางบางเขน,ทางเข้าออกแฟลต ทบ.ส่วนกลางบางเขน
ผลาสินธุ์ - ทางเข้าออกแฟลต  ทบ.ส่วนกลางบางเขน,ผลาสินธุ์,ผลาสินธุ์ - ทางเข้าออกแฟลต ทบ.ส่วนกลางบางเขน,ผลาสินธุ์
นวลจันทร์ - คลองลำเจียก,นวลจันทร์,นวลจันทร์ - คลองลำเจียก,นวลจันทร์
นวลจันทร์ - คลองลำเจียก,คลองลำเจียก,นวลจันทร์ - คลองลำเจียก,คลองลำเจียก
อ่อนนุช 17 แยก 18,อ่อนนุช 17,อ่อนนุช 17 แยก 18,อ่อนนุช 17
จุดกลับรถศรีนครินทร์หน้าเต็นท์รถเอพี,ศรีนครินทร์,จุดกลับรถศรีนครินทร์หน้าเต็นท์รถเอพี,ศรีนครินทร์
วัดราชโกษา,ทางเข้าตลาดเทิดไท,วัดราชโกษา,ทางเข้าตลาดเทิดไท
วัดราชโกษา,ขุมทองลำต้อยติ่ง,วัดราชโกษา,ขุมทองลำต้อยติ่ง
วัดราชโกษา,หลวงแพ่ง,วัดราชโกษา,หลวงแพ่ง
บางขุนนนท์,บางขุนนนท์,บางขุนนนท์,บางขุนนนท์
หมอชิต 2,กำแพงเพชร 2,หมอชิต 2,กำแพงเพชร 2
หมอชิต 2,กำแพงเพชร 6,หมอชิต 2,กำแพงเพชร 6
เพชรเกษม - เพชรเกษม 86,กาญจนาภิเษก,เพชรเกษม - เพชรเกษม 86,กาญจนาภิเษก
เพชรเกษม - เพชรเกษม 86,เพชรเกษม 86,เพชรเกษม - เพชรเกษม 86,เพชรเกษม 86
เพชรเกษม - เพชรเกษม 86,เพชรเกษม,เพชรเกษม - เพชรเกษม 86,เพชรเกษม
วัชรพล - รามอินทรา 65,วัชรพล (SB),วัชรพล - รามอินทรา 65,วัชรพล (SB)
วัชรพล - รามอินทรา 65,วัชรพล (EB),วัชรพล - รามอินทรา 65,วัชรพล (EB)
ไทยรามัญ - หทัยราษฎร์,หทัยราษฎร์,ไทยรามัญ - หทัยราษฎร์,หทัยราษฎร์
ไทยรามัญ - หทัยราษฎร์,ไทยรามัญ,ไทยรามัญ - หทัยราษฎร์,ไทยรามัญ
หทัยราษฎร์ - หทัยราษฎร์ 22,หทัยราษฎร์,หทัยราษฎร์ - หทัยราษฎร์ 22,หทัยราษฎร์
หทัยราษฎร์ - หทัยราษฎร์ 22,หทัยราษฎร์  22,หทัยราษฎร์ - หทัยราษฎร์ 22,หทัยราษฎร์ 22
หน้าหมู่บ้านนันทวัน 5 (ซ.เลียบวารี 11),เลียบวารี,หน้าหมู่บ้านนันทวัน 5 (ซ.เลียบวารี 11),เลียบวารี
หน้าหมู่บ้านอมรทรัพย์ 1(ซ.เลียบวารี 25),เลียบวารี,หน้าหมู่บ้านอมรทรัพย์ 1(ซ.เลียบวารี 25),เลียบวารี
หน้าหมู่บ้านนันทวัน 10(ซ.เลียบวารี 37),เลียบวารี,หน้าหมู่บ้านนันทวัน 10(ซ.เลียบวารี 37),เลียบวารี
หน้าหมู่บ้านฉัตรหลวง(ราษฎร์อุทิศ 54),เลียบวารี,หน้าหมู่บ้านฉัตรหลวง(ราษฎร์อุทิศ 54),เลียบวารี
ปากซอยราษฎร์พัฒนา,ราษฎร์อุทิศ,ปากซอยราษฎร์พัฒนา,ราษฎร์อุทิศ
หน้า รร.พิทยาลงกรณ์พิทยาคม,เลียบคลองพิทยาลงกรณ์,หน้า รร.พิทยาลงกรณ์พิทยาคม,เลียบคลองพิทยาลงกรณ์
บางขุนเทียนชายทะเล - เลียบคลองพิทยาลงกรณ์,บางขุนเทียนชายทะเล,บางขุนเทียนชายทะเล - เลียบคลองพิทยาลงกรณ์,บางขุนเทียนชายทะเล
บางขุนเทียนชายทะเล - เลียบคลองพิทยาลงกรณ์,เลียบคลองพิทยาลงกรณ์,บางขุนเทียนชายทะเล - เลียบคลองพิทยาลงกรณ์,เลียบคลองพิทยาลงกรณ์
เอกมัยใต้,ทางเข้าออกขนส่งเอกมัย,เอกมัยใต้,ทางเข้าออกขนส่งเอกมัย
เอกมัยใต้,เอกมัย,เอกมัยใต้,เอกมัย
ปากซอยพระรามที่ 6 ซอย 15,พระรามที่ 6,ปากซอยพระรามที่ 6 ซอย 15,พระรามที่ 6
ตลาดเกรียงไกร,เคหะร่มเกล้า 33,ตลาดเกรียงไกร,เคหะร่มเกล้า 33
ตลาดเกรียงไกร,เคหะร่มเกล้า (SB),ตลาดเกรียงไกร,เคหะร่มเกล้า (SB)
ตลาดเกรียงไกร,เคหะร่มเกล้า (EB),ตลาดเกรียงไกร,เคหะร่มเกล้า (EB)
ตลาดเกรียงไกร,เคหะร่มเกล้า 31,ตลาดเกรียงไกร,เคหะร่มเกล้า 31
แฟลตการท่า,กำแพงเพชร 6,แฟลตการท่า,กำแพงเพชร 6
แฟลตการท่า,เชิดวุฒากาศ,แฟลตการท่า,เชิดวุฒากาศ
วังหิน,ลาดพร้าววังหิน ,วังหิน,ลาดพร้าววังหิน
วังหิน,เสนานิคม 1,วังหิน,เสนานิคม 1
ถนนตะนาว ระหว่างมหรรณพ-สี่กั๊กเสาชิงช้า,ตะนาว,ถนนตะนาว ระหว่างมหรรณพ-สี่กั๊กเสาชิงช้า,ตะนาว
ถนนมหรรณพ ระหว่างมหรรณพ-สี่กั๊กเสาชิงช้า,มหรรณพ,ถนนมหรรณพ ระหว่างมหรรณพ-สี่กั๊กเสาชิงช้า,มหรรณพ
กาญจนาภิเษก 5/1,คู่ขนานกาญจนาภิเษก(มอเตอร์เวย์ 9),กาญจนาภิเษก 5/1,คู่ขนานกาญจนาภิเษก(มอเตอร์เวย์ 9)
กาญจนาภิเษก 5/1,กาญจนาภิเษก 5/1,กาญจนาภิเษก 5/1,กาญจนาภิเษก 5/1
กาญจนาภิเษก 6,กาญจนาภิเษก 6,กาญจนาภิเษก 6,กาญจนาภิเษก 6
กาญจนาภิเษก 6,คู่ขนานกาญจนาภิเษก(มอเตอร์เวย์ 9),กาญจนาภิเษก 6,คู่ขนานกาญจนาภิเษก(มอเตอร์เวย์ 9)
ทางข้ามข้างวัดสุทัศน์,ตีทอง,ทางข้ามข้างวัดสุทัศน์,ตีทอง
ถนนสำราญราษฎร์ ระหว่างถนนมหาไชย - ถนนศิริพงษ์,สำราญราษฎร์,ถนนสำราญราษฎร์ ระหว่างถนนมหาไชย - ถนนศิริพงษ์,สำราญราษฎร์
วัดหลักสี่,ทางข้ามทางรถไฟสายเหนือ,วัดหลักสี่,ทางข้ามทางรถไฟสายเหนือ
ถนนดินสอ ระหว่างถนนมหรรณพ - เสาชิงช้า,ดินสอ,ถนนดินสอ ระหว่างถนนมหรรณพ - เสาชิงช้า,ดินสอ
หน้า รร.เบญจมราชาลัย,ศิริพงษ์,หน้า รร.เบญจมราชาลัย,ศิริพงษ์
หน้า รร.วัดสุทัศน์,อุณากรรณ,หน้า รร.วัดสุทัศน์,อุณากรรณ
เชื่อมสัมพันธ์  - สกุลดี,เชื่อมสัมพันธ์,เชื่อมสัมพันธ์ - สกุลดี,เชื่อมสัมพันธ์
เชื่อมสัมพันธ์  - สกุลดี,สกุลดี,เชื่อมสัมพันธ์ - สกุลดี,สกุลดี
ประชาร่วมใจ 31,ประชาร่วมใจ 31,ประชาร่วมใจ 31,ประชาร่วมใจ 31
ประชาร่วมใจ 31,ประชาร่วมใจ,ประชาร่วมใจ 31,ประชาร่วมใจ
บางบอน 5 ซอย 5,บางบอน 5,บางบอน 5 ซอย 5,บางบอน 5
บางบอน 5 ซอย 5,บางบอน 5 ซอย 5,บางบอน 5 ซอย 5,บางบอน 5 ซอย 5
ถนนราชบพิธ ระหว่างถนนตีทอง - ถนนเฟื่องนคร,ราชบพิธ,ถนนราชบพิธ ระหว่างถนนตีทอง - ถนนเฟื่องนคร,ราชบพิธ
ถนนดินสอ ระหว่าง อ.ประชาธิปไตย - ถนนมหรรณ,ดินสอ,ถนนดินสอ ระหว่าง อ.ประชาธิปไตย - ถนนมหรรณ,ดินสอ
สุเหร่าคลองหนึ่ง ซ.15,เจริญพัฒนา,สุเหร่าคลองหนึ่ง ซ.15,เจริญพัฒนา
สุเหร่าคลองหนึ่ง ซ.15,สุเหร่าคลองหนึ่ง ซ.15,สุเหร่าคลองหนึ่ง ซ.15,สุเหร่าคลองหนึ่ง ซ.15
สุเหร่าคลองหนึ่ง ซ.15,สุเหร่าคลองหนึ่ง,สุเหร่าคลองหนึ่ง ซ.15,สุเหร่าคลองหนึ่ง
หน้าหมู่บ้านพรทิพา 4,หนองแขม - วัดศรีนวล,หน้าหมู่บ้านพรทิพา 4,หนองแขม - วัดศรีนวล
ชุมชนสวัสดิการหนองแขม,สวัสดิการ 1,ชุมชนสวัสดิการหนองแขม,สวัสดิการ 1
หน้าวัดศรีนวล,หนองแขม-วัดศรีนวล,หน้าวัดศรีนวล,หนองแขม-วัดศรีนวล
ปากซอยเลียบคลองภาษีเจริญฝั่งใต้ 2/1,เลียบคลองภาษีเจริญฝั่งใต้,ปากซอยเลียบคลองภาษีเจริญฝั่งใต้ 2/1,เลียบคลองภาษีเจริญฝั่งใต้
ปากซอยเลียบคลองภาษีเจริญฝั่งใต้ 6,เลียบคลองภาษีเจริญฝั่งใต้,ปากซอยเลียบคลองภาษีเจริญฝั่งใต้ 6,เลียบคลองภาษีเจริญฝั่งใต้
ปากซอยวิภาวดี 25,กำแพงเพชร 6,ปากซอยวิภาวดี 25,กำแพงเพชร 6
ปากซอยวิภาวดี 25,วิภาวดีรังสิต 25,ปากซอยวิภาวดี 25,วิภาวดีรังสิต 25
เทพรักษ์ - สุขาภิบาล 5,สุขาภิบาล  5,เทพรักษ์ - สุขาภิบาล 5,สุขาภิบาล 5
เทพรักษ์ - สุขาภิบาล 5,เทพรักษ์,เทพรักษ์ - สุขาภิบาล 5,เทพรักษ์
ปากซอยเทพรักษ์ 25,เทพรักษ์,ปากซอยเทพรักษ์ 25,เทพรักษ์
ปากซอยเทพรักษ์ 42,เทพรักษ์,ปากซอยเทพรักษ์ 42,เทพรักษ์
มิตรไมตรี 3 - มิตรไมตรี 4,มิตรไมตรี 3,มิตรไมตรี 3 - มิตรไมตรี 4,มิตรไมตรี 3
มิตรไมตรี 3 - มิตรไมตรี 4,มิตรไมตรี 4,มิตรไมตรี 3 - มิตรไมตรี 4,มิตรไมตรี 4
มิตรไมตรี 3 - มิตรไมตรี 4,มิตรไมตรี,มิตรไมตรี 3 - มิตรไมตรี 4,มิตรไมตรี
ปากซอยเจริญนคร 39,เจริญนคร,ปากซอยเจริญนคร 39,เจริญนคร
กรุงธนบุรีใต้,เจริญนคร,กรุงธนบุรีใต้,เจริญนคร
กรุงธนบุรีใต้,กรุงธนบุรี,กรุงธนบุรีใต้,กรุงธนบุรี
หน้าอาคาร อปร. โรงพยาบาลจุฬาลงกรณ์,ราชดำริ,หน้าอาคาร อปร. โรงพยาบาลจุฬาลงกรณ์,ราชดำริ
ปากซอยพัฒนาการ 4,พัฒนาการ,ปากซอยพัฒนาการ 4,พัฒนาการ
ปากซอยพัฒนาการ 92,พัฒนาการ,ปากซอยพัฒนาการ 92,พัฒนาการ
เทิดราชัน - เชิดวุฒากาศ,เชิดวุฒากาศ-กำแพงเพชร 6,เทิดราชัน - เชิดวุฒากาศ,เชิดวุฒากาศ-กำแพงเพชร 6
เทิดราชัน - เชิดวุฒากาศ,เทิดราชัน,เทิดราชัน - เชิดวุฒากาศ,เทิดราชัน
เชิดวุฒากาศ -กำแพงเพชร 6,เชิดวุฒากาศ - กำแพงเพชร 6,เชิดวุฒากาศ -กำแพงเพชร 6,เชิดวุฒากาศ - กำแพงเพชร 6
เชิดวุฒากาศ -กำแพงเพชร 6,กำแพงเพชร 6,เชิดวุฒากาศ -กำแพงเพชร 6,กำแพงเพชร 6
เชิดวุฒากาศ -กำแพงเพชร 6,เชิดวุฒากาศ,เชิดวุฒากาศ -กำแพงเพชร 6,เชิดวุฒากาศ
ทางเข้า - ออกหมู่บ้านแกรนคาแนล,เชิดวุฒากาศ,ทางเข้า - ออกหมู่บ้านแกรนคาแนล,เชิดวุฒากาศ
ทางเข้า - ออกหมู่บ้านแกรนคาแนล,ทางเข้า - ออกหมู่บ้านแกรนคาแนล,ทางเข้า - ออกหมู่บ้านแกรนคาแนล,ทางเข้า - ออกหมู่บ้านแกรนคาแนล
ปากซอยทองหล่อ 5,ทองหล่อ,ปากซอยทองหล่อ 5,ทองหล่อ
ปากซอยวชิรธรรมสาธิต 29,สุขุมวิท 101/1,ปากซอยวชิรธรรมสาธิต 29,สุขุมวิท 101/1
ปากซอยอุดมสุข 51,สุขุมวิท 103,ปากซอยอุดมสุข 51,สุขุมวิท 103
ปากซอยนิมิตรใหม่ 29/5,นิมิตรใหม่,ปากซอยนิมิตรใหม่ 29/5,นิมิตรใหม่
หน้าตลาดมาร์เก็ตแลนด์,ลาดกระบัง,หน้าตลาดมาร์เก็ตแลนด์,ลาดกระบัง
หน้าโรบินสันลาดกระบัง,ลาดกระบัง,หน้าโรบินสันลาดกระบัง,ลาดกระบัง
หน้าเขตหนองจอก,เชื่อมสัมพันธ์,หน้าเขตหนองจอก,เชื่อมสัมพันธ์
หน้าเขตหนองจอก,เลียบวารี,หน้าเขตหนองจอก,เลียบวารี
หน้าเขตหนองจอก,สังฆสันติสุข,หน้าเขตหนองจอก,สังฆสันติสุข
ซอยพร้อมจิตร,ซอยพร้อมจิตร,ซอยพร้อมจิตร,ซอยพร้อมจิตร
ซอยสวัสดี,ซอยสวัสดี,ซอยสวัสดี,ซอยสวัสดี
ซอยพร้อมพงษ์,ซอยพร้อมพงษ์,ซอยพร้อมพงษ์,ซอยพร้อมพงษ์
ประชาอุทิศ 90,ประชาอุทิศ,ประชาอุทิศ 90,ประชาอุทิศ
ประชาอุทิศ 90,ประชาอุทิศ 90,ประชาอุทิศ 90,ประชาอุทิศ 90
ปากซอยประชาอุทิศ 113,ประชาอุทิศ,ปากซอยประชาอุทิศ 113,ประชาอุทิศ
อโศกดินแดง - กำแพงเพชร 7,อโศกดินแดง,อโศกดินแดง - กำแพงเพชร 7,อโศกดินแดง
อโศกดินแดง - กำแพงเพชร 7,กำแพงเพชร 7,อโศกดินแดง - กำแพงเพชร 7,กำแพงเพชร 7
ศูนย์ราชการ,ทางเข้า - ออกศูนย์ราชการ,ศูนย์ราชการ,ทางเข้า - ออกศูนย์ราชการ
ศูนย์ราชการ,แจ้งวัฒนะ,ศูนย์ราชการ,แจ้งวัฒนะ
เลียบคลองประปาฝั่งตะวันออก,เลียบคลองประปาฝั่งตะวันออก,เลียบคลองประปาฝั่งตะวันออก,เลียบคลองประปาฝั่งตะวันออก
เลียบคลองประปาฝั่งตะวันออก,แจ้งวัฒนะ,เลียบคลองประปาฝั่งตะวันออก,แจ้งวัฒนะ
พัฒนาการ 20,พัฒนาการ 20,พัฒนาการ 20,พัฒนาการ 20
พัฒนาการ 20,พัฒนาการ,พัฒนาการ 20,พัฒนาการ
ทางเข้า รร.ปาณยาพัฒนาการ (พัฒนาการ 40),พัฒนาการ 40,ทางเข้า รร.ปาณยาพัฒนาการ (พัฒนาการ 40),พัฒนาการ 40
ทางเข้า รร.ปาณยาพัฒนาการ (พัฒนาการ 40),พัฒนาการ,ทางเข้า รร.ปาณยาพัฒนาการ (พัฒนาการ 40),พัฒนาการ
ปากซอยศาลาแดง,สีลม,ปากซอยศาลาแดง,สีลม
หน้าอาคาร MINT TOWER,บรรทัดทอง,หน้าอาคาร MINT TOWER,บรรทัดทอง
บรรทัดทอง - จุฬา 12,จุฬา 12,บรรทัดทอง - จุฬา 12,จุฬา 12
อาร์ซีเอ,พระราม 9 ซอย 8,อาร์ซีเอ,พระราม 9 ซอย 8
อาร์ซีเอ,จตุรทิศ,อาร์ซีเอ,จตุรทิศ
เพชรเกษม 116,เพชรเกษม 84/1,เพชรเกษม 116,เพชรเกษม 84/1
เพชรเกษม 116,เพชรเกษม 116,เพชรเกษม 116,เพชรเกษม 116
เพชรเกษม 116,เพชรเกษม,เพชรเกษม 116,เพชรเกษม
ลาดพร้าว,ลาดพร้าว,ลาดพร้าว,ลาดพร้าว
ทางเชื่อมมอเตอร์เวย์ - พระราม 9,ศรีนครินทร์,ทางเชื่อมมอเตอร์เวย์ - พระราม 9,ศรีนครินทร์
ทางเชื่อมมอเตอร์เวย์ - พระราม 9,พระราม 9,ทางเชื่อมมอเตอร์เวย์ - พระราม 9,พระราม 9
ทางเชื่อมมอเตอร์เวย์ - พระราม 9,มอเตอร์เวย์,ทางเชื่อมมอเตอร์เวย์ - พระราม 9,มอเตอร์เวย์
รพ.ปิยะเวท,ทางเข้าออก รพ.ปิยะเวท,รพ.ปิยะเวท,ทางเข้าออก รพ.ปิยะเวท
รพ.ปิยะเวท,จตุรทิศ,รพ.ปิยะเวท,จตุรทิศ
หน้า รร.ฝึกอาชีพ กทม.,เฉลิมพระเกียรติ ร.9,หน้า รร.ฝึกอาชีพ กทม.,เฉลิมพระเกียรติ ร.9
ปากซอยเฉลิมพระเกียรติ ร.9  23,เฉลิมพระเกียรติ ร.9,ปากซอยเฉลิมพระเกียรติ ร.9 23,เฉลิมพระเกียรติ ร.9
ปากซอยเฉลิมพระเกียรติ ร.9  39,เฉลิมพระเกียรติ ร.9,ปากซอยเฉลิมพระเกียรติ ร.9 39,เฉลิมพระเกียรติ ร.9
หน้า รพ.ยันฮี,จรัญสนิทวงศ์,หน้า รพ.ยันฮี,จรัญสนิทวงศ์
หน้า ม.พระจอมเกล้าพระนครเหนือ,ทางเข้า ม.พระจอมเกล้าพระนครเหนือ,หน้า ม.พระจอมเกล้าพระนครเหนือ,ทางเข้า ม.พระจอมเกล้าพระนครเหนือ
หน้า ม.พระจอมเกล้าพระนครเหนือ,พิบูลสงคราม,หน้า ม.พระจอมเกล้าพระนครเหนือ,พิบูลสงคราม
ปากซอยประชาราษฎร์สาย 1 ซ.36,ประชาราษฎร์สาย 1,ปากซอยประชาราษฎร์สาย 1 ซ.36,ประชาราษฎร์สาย 1
ปากซอยประชาราษฎร์สาย 1 ซ.36,ประชาราษฎร์สาย 1 ซ.36,ปากซอยประชาราษฎร์สาย 1 ซ.36,ประชาราษฎร์สาย 1 ซ.36
ปากซอยแจ้งวัฒนะ 10,แจ้งวัฒนะ,ปากซอยแจ้งวัฒนะ 10,แจ้งวัฒนะ
ปากซอยแจ้งวัฒนะ 10,แจ้งวัฒนะ 10,ปากซอยแจ้งวัฒนะ 10,แจ้งวัฒนะ 10
กำแพงเพชร 6 ซ.5 แยก 2,ส่วนบุคคล,กำแพงเพชร 6 ซ.5 แยก 2,ส่วนบุคคล
กำแพงเพชร 6 ซ.5 แยก 2,กำแพงเพชร 6 ซ.5 แยก 2,กำแพงเพชร 6 ซ.5 แยก 2,กำแพงเพชร 6 ซ.5 แยก 2
กำแพงเพชร 6 ซ.5 แยก 2,กำแพงเพชร 6 ซ.5 ,กำแพงเพชร 6 ซ.5 แยก 2,กำแพงเพชร 6 ซ.5
สาทร - คอนแวนต์,คอนแวนต์,สาทร - คอนแวนต์,คอนแวนต์
สาทร - คอนแวนต์,สาทร,สาทร - คอนแวนต์,สาทร
วัดมะกอก,ฉิมพลี,วัดมะกอก,ฉิมพลี
วัดมะกอก,บรมราชชนนี,วัดมะกอก,บรมราชชนนี
ปากซอยฉิมพลี 34,ฉิมพลี,ปากซอยฉิมพลี 34,ฉิมพลี
ร่มไทร,เพชรเกษม 69,ร่มไทร,เพชรเกษม 69
ร่มไทร,ร่มไทร (บางบอน 3 ซ.12),ร่มไทร,ร่มไทร (บางบอน 3 ซ.12)
ปากซอยประชาอุทิศ 27,ประชาอุทิศ,ปากซอยประชาอุทิศ 27,ประชาอุทิศ
ประชาอุทิศ 33,ประชาอุทิศ,ประชาอุทิศ 33,ประชาอุทิศ
ประชาอุทิศ 33,ประชาอุทิศ 33,ประชาอุทิศ 33,ประชาอุทิศ 33
ปากซอยเจริญนคร 12,เจริญนคร,ปากซอยเจริญนคร 12,เจริญนคร
ปากซอยเจริญนคร 12,เจริญนคร 12,ปากซอยเจริญนคร 12,เจริญนคร 12
ปากซอยเจริญนคร 13,เจริญนคร,ปากซอยเจริญนคร 13,เจริญนคร
ปากซอยเจริญนคร 14/2,เจริญนคร,ปากซอยเจริญนคร 14/2,เจริญนคร
ฉลองกรุง 42,ฉลองกรุง,ฉลองกรุง 42,ฉลองกรุง
ฉลองกรุง 42,ฉลองกรุง 42,ฉลองกรุง 42,ฉลองกรุง 42
"หน้าคณะเทคโนโลยีการเกษตร, สำนักหอสมุดกลาง",ฉลองกรุง,"หน้าคณะเทคโนโลยีการเกษตร, สำนักหอสมุดกลาง",ฉลองกรุง
หน้าปั๊ม ปตท.,คุ้มเกล้า,หน้าปั๊ม ปตท.,คุ้มเกล้า
เพชรเกษม - เพชรเกษม 4,เพชรเกษม 4,เพชรเกษม - เพชรเกษม 4,เพชรเกษม 4
อิสรภาพ - อิสรภาพ 21,อิสรภาพ 21,อิสรภาพ - อิสรภาพ 21,อิสรภาพ 21
อิสรภาพ - อิสรภาพ 21,อิสรภาพ,อิสรภาพ - อิสรภาพ 21,อิสรภาพ
นาวงประชาพัฒนา - เทิดราชัน,นาวงประชาพัฒนา,นาวงประชาพัฒนา - เทิดราชัน,นาวงประชาพัฒนา
นาวงประชาพัฒนา - เทิดราชัน,เทิดราชัน,นาวงประชาพัฒนา - เทิดราชัน,เทิดราชัน
สรงประภา - ซ.วัดเวฬุวนาราม,วัดเวฬุวนาราม,สรงประภา - ซ.วัดเวฬุวนาราม,วัดเวฬุวนาราม
สรงประภา - ซ.วัดเวฬุวนาราม,สรงประภา,สรงประภา - ซ.วัดเวฬุวนาราม,สรงประภา
หน้าโรงเรียนกุลวรรณศึกษา,ประชาราษฎร์สาย 1,หน้าโรงเรียนกุลวรรณศึกษา,ประชาราษฎร์สาย 1
ปากซอยประชาราษฎร์สาย 1 ซ.10,ประชาราษฎร์สาย 1,ปากซอยประชาราษฎร์สาย 1 ซ.10,ประชาราษฎร์สาย 1
ศรีนครินทร์ - ลาซาล,ศรีนครินทร์,ศรีนครินทร์ - ลาซาล,ศรีนครินทร์
ศรีนครินทร์ - ลาซาล,ลาซาล,ศรีนครินทร์ - ลาซาล,ลาซาล
ศาลาธรรมสพน์ 48,ศาลาธรรมสพน์ 33,ศาลาธรรมสพน์ 48,ศาลาธรรมสพน์ 33
ศาลาธรรมสพน์ 48,ศาลาธรรมสพน์ 48,ศาลาธรรมสพน์ 48,ศาลาธรรมสพน์ 48
ศาลาธรรมสพน์ 48,ศาลาธรรมสพน์,ศาลาธรรมสพน์ 48,ศาลาธรรมสพน์
ปากซอยวชิธรรมสาธิต 12,สุขุมวิท 101/1,ปากซอยวชิธรรมสาธิต 12,สุขุมวิท 101/1
หน้าตลาดมหาสิน,สุขุมวิท 101/1,หน้าตลาดมหาสิน,สุขุมวิท 101/1
ปากซอยบางนาตราด 4,บางนาตราด 4,ปากซอยบางนาตราด 4,บางนาตราด 4
ปากซอยบางนาตราด 4,บางนาตราด,ปากซอยบางนาตราด 4,บางนาตราด
ปากซอยอ่อนนุช 51,สุขุมวิท 77,ปากซอยอ่อนนุช 51,สุขุมวิท 77
ปากซอยอ่อนนุช 74/3,สุขุมวิท 77,ปากซอยอ่อนนุช 74/3,สุขุมวิท 77
หน้าไปรษณีย์อ่อนนุช,สุขุมวิท 77,หน้าไปรษณีย์อ่อนนุช,สุขุมวิท 77
อ่อนนุช 44,อ่อนนุช 44,อ่อนนุช 44,อ่อนนุช 44
อ่อนนุช 44,อ่อนนุช 33,อ่อนนุช 44,อ่อนนุช 33
อ่อนนุช 44,อ่อนนุช,อ่อนนุช 44,อ่อนนุช
ปากซอยรามคำแหง 3,รามคำแหง,ปากซอยรามคำแหง 3,รามคำแหง
ปากซอยเลียบวารี 29,เลียบวารี,ปากซอยเลียบวารี 29,เลียบวารี
หน้าศูนย์โตโยต้าภูมิพัฒนา,เลียบวารี,หน้าศูนย์โตโยต้าภูมิพัฒนา,เลียบวารี
หน้าถ.รามคำแหง2 ซ. 11,รามคำแหง 2,หน้าถ.รามคำแหง2 ซ. 11,รามคำแหง 2
หน้านิคมฯ เจโมโพลิส,สุขาภิบาล 2,หน้านิคมฯ เจโมโพลิส,สุขาภิบาล 2
ปากซอยบางนาตราด 30,บางนาตราด 30,ปากซอยบางนาตราด 30,บางนาตราด 30
ปากซอยบางนาตราด 30,บางนาตราด,ปากซอยบางนาตราด 30,บางนาตราด
สุขุมวิท 50,สุขุมวิท  50,สุขุมวิท 50,สุขุมวิท 50
ทางข้ามปากซอยอ่อนนุช 11,อ่อนนุช,ทางข้ามปากซอยอ่อนนุช 11,อ่อนนุช
ทางข้ามปากซอยอ่อนนุช 37/1,อ่อนนุช,ทางข้ามปากซอยอ่อนนุช 37/1,อ่อนนุช
ปากซอยวงศ์สว่าง  6,วงศ์สว่าง 6,ปากซอยวงศ์สว่าง 6,วงศ์สว่าง 6
ปากซอยวงศ์สว่าง  6,วงศ์สว่าง,ปากซอยวงศ์สว่าง 6,วงศ์สว่าง
ปากซอยวงศ์สว่าง  11,วงศ์สว่าง 11,ปากซอยวงศ์สว่าง 11,วงศ์สว่าง 11
ปากซอยวงศ์สว่าง  11,วงศ์สว่าง,ปากซอยวงศ์สว่าง 11,วงศ์สว่าง
คู้บอน 6,คู้บอน,คู้บอน 6,คู้บอน
คู้บอน 6,คู้บอน 6,คู้บอน 6,คู้บอน 6
ปากซอยคู้บอน 27,คู้บอน 27,ปากซอยคู้บอน 27,คู้บอน 27
ปากซอยคู้บอน 27,คู้บอน,ปากซอยคู้บอน 27,คู้บอน
ปากซอยเทียนทะเล 7,เทียนทะเล,ปากซอยเทียนทะเล 7,เทียนทะเล
ปากซอยเทียนทะเล 7,เทียนทะเล 7,ปากซอยเทียนทะเล 7,เทียนทะเล 7
ปากซอยเทียนทะเล 20,เทียนทะเล,ปากซอยเทียนทะเล 20,เทียนทะเล
ปากซอยเทียนทะเล 20,เทียนทะเล 20,ปากซอยเทียนทะเล 20,เทียนทะเล 20
รามอินทรา 14,รามอินทรา 14,รามอินทรา 14,รามอินทรา 14
รามอินทรา 14,รามอินทรา,รามอินทรา 14,รามอินทรา
ปากซอยประดิษฐ์มนูธรรม 29,ประดิษฐ์มนูธรรม ,ปากซอยประดิษฐ์มนูธรรม 29,ประดิษฐ์มนูธรรม
ปากซอยประดิษฐ์มนูธรรม 29,ประดิษฐ์มนูธรรม29,ปากซอยประดิษฐ์มนูธรรม 29,ประดิษฐ์มนูธรรม29
พระรามที่ 3 ซอย 19,พระรามที่ 3 ซ.19,พระรามที่ 3 ซอย 19,พระรามที่ 3 ซ.19
พระรามที่ 3 ซอย 19,พระรามที่ 3,พระรามที่ 3 ซอย 19,พระรามที่ 3
ปากซอยจันทน์  51,จันทน์ 51,ปากซอยจันทน์ 51,จันทน์ 51
ปากซอยจันทน์  51,จันทน์,ปากซอยจันทน์ 51,จันทน์
เลียบคลองภาษีเจริญฝั่งเหนือ 9,เลียบคลองภาษีเจริญฝั่งเหนือ,เลียบคลองภาษีเจริญฝั่งเหนือ 9,เลียบคลองภาษีเจริญฝั่งเหนือ
ปากซอยเพชรเกษม 110,เพชรเกษม 110,ปากซอยเพชรเกษม 110,เพชรเกษม 110
ปากซอยเพชรเกษม 110,เพชรเกษม,ปากซอยเพชรเกษม 110,เพชรเกษม
โรงพยาบาลเวชการุณรัศม์,ทางเช้า - ออก รพ.เวชการุณศม์,โรงพยาบาลเวชการุณรัศม์,ทางเช้า - ออก รพ.เวชการุณศม์
โรงพยาบาลเวชการุณรัศม์,เลียบวารี,โรงพยาบาลเวชการุณรัศม์,เลียบวารี
สนามบินสุวรรณภูมิ,สุวรรณภูมิ 4,สนามบินสุวรรณภูมิ,สุวรรณภูมิ 4
หน้าเดอะพาซิโอ,ลาดกระบัง,หน้าเดอะพาซิโอ,ลาดกระบัง
ซอยเฉลิมพระเกียรติ ร.9 67,เฉลิมพระเกียรติ ร.9,ซอยเฉลิมพระเกียรติ ร.9 67,เฉลิมพระเกียรติ ร.9
อ่อนนุช 65,อ่อนนุช 65,อ่อนนุช 65,อ่อนนุช 65
อ่อนนุช 65,อ่อนนุช,อ่อนนุช 65,อ่อนนุช
ลาดพร้าว 6,ลาดพร้าว 6,ลาดพร้าว 6,ลาดพร้าว 6
ลาดพร้าว 6,ลาดพร้าว,ลาดพร้าว 6,ลาดพร้าว
ลาดพร้าว 12,ลาดพร้าว 12,ลาดพร้าว 12,ลาดพร้าว 12
ลาดพร้าว 12,ลาดพร้าว,ลาดพร้าว 12,ลาดพร้าว
ลาดพร้าว 14,ลาดพร้าว 14,ลาดพร้าว 14,ลาดพร้าว 14
ลาดพร้าว 14,ลาดพร้าว,ลาดพร้าว 14,ลาดพร้าว
เจริญนคร 28,เจริญนคร 28,เจริญนคร 28,เจริญนคร 28
เจริญนคร 28,เจริญนคร,เจริญนคร 28,เจริญนคร
กรุงธนบุรี 6,กรุงธนบุรี 6,กรุงธนบุรี 6,กรุงธนบุรี 6
กรุงธนบุรี 6,กรุงธนบุรี,กรุงธนบุรี 6,กรุงธนบุรี
สุขุมวิท 70/3,สุขุมวิท ,สุขุมวิท 70/3,สุขุมวิท
สุขุมวิท 70/3,สุขุมวิท 70/3,สุขุมวิท 70/3,สุขุมวิท 70/3
ปากซอยอุดมสุข 34,อุดมสุข,ปากซอยอุดมสุข 34,อุดมสุข
เทอดไท 33,เทอดไท 33,เทอดไท 33,เทอดไท 33
เทอดไท 33,เทอดไท,เทอดไท 33,เทอดไท
ซอยอรุณมักกินนอน,วิทยุ,ซอยอรุณมักกินนอน,วิทยุ
ซอยอรุณมักกินนอน,อรุณมักกินนอน,ซอยอรุณมักกินนอน,อรุณมักกินนอน
สุขุมวิท 53,สุขุมวิท 53,สุขุมวิท 53,สุขุมวิท 53
สุขุมวิท 53,สุขุมวิท,สุขุมวิท 53,สุขุมวิท
รามอินทรา 117,รามอินทรา 117,รามอินทรา 117,รามอินทรา 117
รามอินทรา 117,รามอินทรา,รามอินทรา 117,รามอินทรา
รามอินทรา 127,รามอินทรา 127,รามอินทรา 127,รามอินทรา 127
รามอินทรา 127,รามอินทรา,รามอินทรา 127,รามอินทรา
สะแกงาม 7,สะแกงาม,สะแกงาม 7,สะแกงาม
สะแกงาม 7,สะแกงาม 7,สะแกงาม 7,สะแกงาม 7
สะแกงาม 12,สะแกงาม,สะแกงาม 12,สะแกงาม
สะแกงาม 12,สะแกงาม 12,สะแกงาม 12,สะแกงาม 12
พระรามที่ 3 ซอย 77,พระรามที่ 3,พระรามที่ 3 ซอย 77,พระรามที่ 3
พระรามที่ 3 ซอย 77,พระรามที่ 3 ซอย 77,พระรามที่ 3 ซอย 77,พระรามที่ 3 ซอย 77
สาธุประดิษฐ์ 19,สาธุประดิษฐ์,สาธุประดิษฐ์ 19,สาธุประดิษฐ์
สาธุประดิษฐ์ 19,สาธุประดิษฐ์ 19,สาธุประดิษฐ์ 19,สาธุประดิษฐ์ 19
อุดมสุข 51,อุดมสุข 51 ,อุดมสุข 51,อุดมสุข 51
อุดมสุข 51,อุดมสุข ,อุดมสุข 51,อุดมสุข
ปากซอยศรีนครินทร์ 10,ศรีนครินทร์,ปากซอยศรีนครินทร์ 10,ศรีนครินทร์
หน้าแม็กแวลู คู้บอน,คู้บอน,หน้าแม็กแวลู คู้บอน,คู้บอน
ปากซอยพระยาสุเรนทร์ 28,พระยาสุเรนทร์,ปากซอยพระยาสุเรนทร์ 28,พระยาสุเรนทร์
ปากซอยสมเด็จเจ้าพระยา 17,สมเด็จเจ้าพระยา 17,ปากซอยสมเด็จเจ้าพระยา 17,สมเด็จเจ้าพระยา 17
ปากซอยสมเด็จเจ้าพระยา 17,สมเด็จเจ้าพระยา,ปากซอยสมเด็จเจ้าพระยา 17,สมเด็จเจ้าพระยา
ปากซอยเจริญรัถ 19,เจริญรัก 19,ปากซอยเจริญรัถ 19,เจริญรัก 19
ปากซอยเจริญรัถ 19,เจริญรัก,ปากซอยเจริญรัถ 19,เจริญรัก
ศิริสุช,ประชาอุทิศ,ศิริสุช,ประชาอุทิศ
ศิริสุช,ช่างอากาศอุทิศ,ศิริสุช,ช่างอากาศอุทิศ
ทางข้ามหน้าร้าน จ.ทรัพย์ทวีคูณ และ บ.อุมศักดิ์ก๊กเอ๊ง ทรานสปอร์ต,พุทธมณฑลสาย 3,ทางข้ามหน้าร้าน จ.ทรัพย์ทวีคูณ และ บ.อุมศักดิ์ก๊กเอ๊ง ทรานสปอร์ต,พุทธมณฑลสาย 3
หน้าร้าน Moonlight Garden,ทวีวัฒนา-กาญจนาภิเษก,หน้าร้าน Moonlight Garden,ทวีวัฒนา-กาญจนาภิเษก
หน้า บ.แท็คเกิ้ล มาสเตอร์ จก.,ทวีวัฒนา-กาญจนาภิเษก,หน้า บ.แท็คเกิ้ล มาสเตอร์ จก.,ทวีวัฒนา-กาญจนาภิเษก
หน้าโรงพยาบาลหัวเฉียว,บำรุงเมือง,หน้าโรงพยาบาลหัวเฉียว,บำรุงเมือง
ปากซอยสองพระ,สี่พระยา,ปากซอยสองพระ,สี่พระยา
นเรศ,สี่พระยา,นเรศ,สี่พระยา
หน้า บ.เอพี โมโตพาร์ท จก.,ทวีวัฒนา-กาญจนาภิเษก,หน้า บ.เอพี โมโตพาร์ท จก.,ทวีวัฒนา-กาญจนาภิเษก
หน้าหมู่บ้านเพชรเกษม 4,พุทธมณฑลสาย 3,หน้าหมู่บ้านเพชรเกษม 4,พุทธมณฑลสาย 3
ปากซอยอุทัยฟาร์ม,พระรามที่ 4,ปากซอยอุทัยฟาร์ม,พระรามที่ 4
ใกล้ซอยเลียบคลองสอง 5,เลียบคลองสอง,ใกล้ซอยเลียบคลองสอง 5,เลียบคลองสอง
ข้าวหลาม - เจริญกรุง,เจริญกรุง,ข้าวหลาม - เจริญกรุง,เจริญกรุง
หมอมี,ทรงสวัสดิ์,หมอมี,ทรงสวัสดิ์
ปรีดีพนมยงค์ 2,สุขุมวิท 71,ปรีดีพนมยงค์ 2,สุขุมวิท 71
เกตุนุช,ลาดพร้าว 64,เกตุนุช,ลาดพร้าว 64
ลาดพร้าว 94,ลาดพร้าว 94,ลาดพร้าว 94,ลาดพร้าว 94
ลาดพร้าว 94,ลาดพร้าว,ลาดพร้าว 94,ลาดพร้าว
กำแพงเพชร 2,กำแพงเพชร,กำแพงเพชร 2,กำแพงเพชร
ประตู 1 ตลาดนัดจตุจักร,กำแพงเพชร 2,ประตู 1 ตลาดนัดจตุจักร,กำแพงเพชร 2
จันทน์ - เซ็นหลุยส์,พระแม่มารี,จันทน์ - เซ็นหลุยส์,พระแม่มารี
จันทน์ - เซ็นหลุยส์,เซ็นหลุยส์,จันทน์ - เซ็นหลุยส์,เซ็นหลุยส์
จันทน์ - เซ็นหลุยส์,จันทน์,จันทน์ - เซ็นหลุยส์,จันทน์
ประชาชื่น 31,ประชาชื่น,ประชาชื่น 31,ประชาชื่น
ประชาชื่น 31,ประชาชื่น 31,ประชาชื่น 31,ประชาชื่น 31
ประชาชื่น 32,ประชาชื่น,ประชาชื่น 32,ประชาชื่น
ประชาชื่น 32,ประชาชื่น 32,ประชาชื่น 32,ประชาชื่น 32
ทางเข้า -ออก   มหาวิทยาลัยเกษตรศาสตร์,สุวรรณวาจกสิกิจ,ทางเข้า -ออก มหาวิทยาลัยเกษตรศาสตร์,สุวรรณวาจกสิกิจ
ทางเข้า -ออก   มหาวิทยาลัยเกษตรศาสตร์,เลียบคลองบางเขน,ทางเข้า -ออก มหาวิทยาลัยเกษตรศาสตร์,เลียบคลองบางเขน
พหลโยธิน - เลียบคลองบางเขน,พหลโยธิน,พหลโยธิน - เลียบคลองบางเขน,พหลโยธิน
พหลโยธิน - เลียบคลองบางเขน,เลียบคลองบางเขน,พหลโยธิน - เลียบคลองบางเขน,เลียบคลองบางเขน
เสนานิคม 1 - เสนานิคม 1 ซ.12,เสนานิคม 1 ซ.12,เสนานิคม 1 - เสนานิคม 1 ซ.12,เสนานิคม 1 ซ.12
เสนานิคม 1 - เสนานิคม 1 ซ.12,เสนานิคม 1 ,เสนานิคม 1 - เสนานิคม 1 ซ.12,เสนานิคม 1
กม.11,กำแพงเพชร 2,กม.11,กำแพงเพชร 2
กม.11,นิคมรถไฟสาย 1,กม.11,นิคมรถไฟสาย 1
ประชาราษฎร์บำเพ็ญ,ปรชาราษฎร์บำเพ็ญ SB,ประชาราษฎร์บำเพ็ญ,ปรชาราษฎร์บำเพ็ญ SB
ประชาราษฎร์บำเพ็ญ,ประชาราษฎร์บำเพ็ญ EB,ประชาราษฎร์บำเพ็ญ,ประชาราษฎร์บำเพ็ญ EB
นราธิวาส -  สุรวงศ์,นราธิวาสราชนครินทร์,นราธิวาส - สุรวงศ์,นราธิวาสราชนครินทร์
นราธิวาส -  สุรวงศ์,สุรวงศ์,นราธิวาส - สุรวงศ์,สุรวงศ์
หน้า 7-11 พัฒนาการ 20,พัฒนาการ 20,หน้า 7-11 พัฒนาการ 20,พัฒนาการ 20
พัฒนาการ 25,พัฒนาการ 25,พัฒนาการ 25,พัฒนาการ 25
พัฒนาการ 25,พัฒนาการ,พัฒนาการ 25,พัฒนาการ
ใต้ด่วนพระราม 4,ทางพิเศษเฉลิมมหานคร,ใต้ด่วนพระราม 4,ทางพิเศษเฉลิมมหานคร
วิทยุ - เพชร,เพชรบุรี 37 - ทางลงทางด่วน,วิทยุ - เพชร,เพชรบุรี 37 - ทางลงทางด่วน
สารสิน,ร่วมฤดี,สารสิน,ร่วมฤดี
บางบอน 1 ซอย 15,บางบอน 1 ซ.15,บางบอน 1 ซอย 15,บางบอน 1 ซ.15
บางบอน 1 ซอย 15,บางบอน 1,บางบอน 1 ซอย 15,บางบอน 1
บางบอน 1 ซอย 20,บางบอน 1,บางบอน 1 ซอย 20,บางบอน 1
บางบอน 1 ซอย 20,บางบอน 1 ซ.20,บางบอน 1 ซอย 20,บางบอน 1 ซ.20
เทคนิคกรุงเทพ,นางลิ้นจี่,เทคนิคกรุงเทพ,นางลิ้นจี่
เทคนิคกรุงเทพ,โรงถ่าน,เทคนิคกรุงเทพ,โรงถ่าน
เทคนิคกรุงเทพ,นราธิวาสราชนครินทร์ 17,เทคนิคกรุงเทพ,นราธิวาสราชนครินทร์ 17
เทคนิคกรุงเทพ,สวนพลู,เทคนิคกรุงเทพ,สวนพลู
เย็นอากาศ - ศรีบำเพ็ญ,ศรีบำเพ็ญ,เย็นอากาศ - ศรีบำเพ็ญ,ศรีบำเพ็ญ
เย็นอากาศ - ศรีบำเพ็ญ,เย็นอากาศ,เย็นอากาศ - ศรีบำเพ็ญ,เย็นอากาศ
ยานนาวา,พระรามที่ 3,ยานนาวา,พระรามที่ 3
ยานนาวา,ยานนาวา,ยานนาวา,ยานนาวา
หน้าโลตัสพระราม 1,บรรทัดทอง,หน้าโลตัสพระราม 1,บรรทัดทอง
ปากซอยจุฬาฯ 15,พระรามที่ 4,ปากซอยจุฬาฯ 15,พระรามที่ 4
พร้อมพงษ์,เพชรบุรี 38/1,พร้อมพงษ์,เพชรบุรี 38/1
พร้อมพงษ์,เพชรบุรี,พร้อมพงษ์,เพชรบุรี
นครสวรรค์ - พะเนียง,นครสวรรค์,นครสวรรค์ - พะเนียง,นครสวรรค์
นครสวรรค์ - พะเนียง,พะเนียง,นครสวรรค์ - พะเนียง,พะเนียง
ช่างอากาศอุทิศ - เชิดวุฒากาศ,เชิดวุฒากาศ/กำแพงเพชร,ช่างอากาศอุทิศ - เชิดวุฒากาศ,เชิดวุฒากาศ/กำแพงเพชร
ช่างอากาศอุทิศ - เชิดวุฒากาศ,ช่างอากาศอุทิศ,ช่างอากาศอุทิศ - เชิดวุฒากาศ,ช่างอากาศอุทิศ
บางขุนเทียน - บางขุนเทียน 9,บางขุนเทียน,บางขุนเทียน - บางขุนเทียน 9,บางขุนเทียน
บางขุนเทียน - บางขุนเทียน 9,บางขุนเทียน 9,บางขุนเทียน - บางขุนเทียน 9,บางขุนเทียน 9
บางขุนเทียน - บางขุนเทียน 16,บางขุนเทียน,บางขุนเทียน - บางขุนเทียน 16,บางขุนเทียน
บางขุนเทียน - บางขุนเทียน 16,บางขุนเทียน 16,บางขุนเทียน - บางขุนเทียน 16,บางขุนเทียน 16
ปากซอยประชาราษฎร์บำเพ็ญ 6,ประชาราษฎร์บำเพ็ญ,ปากซอยประชาราษฎร์บำเพ็ญ 6,ประชาราษฎร์บำเพ็ญ
สาทร - เจริญกรุง,เจริญกรุง 50/1,สาทร - เจริญกรุง,เจริญกรุง 50/1
แฮปปี้แลนด์สาย 2 - ลาดพร้าว,แฮปปี้แลนด์ สาย 2,แฮปปี้แลนด์สาย 2 - ลาดพร้าว,แฮปปี้แลนด์ สาย 2
แฮปปี้แลนด์สาย 2 - ลาดพร้าว,ลาดพร้าว,แฮปปี้แลนด์สาย 2 - ลาดพร้าว,ลาดพร้าว
ประดิพัทธ์,พระรามที่ 6 ,ประดิพัทธ์,พระรามที่ 6
ประชาอุทิศ 76 - ประชาอุทิศ 91/3,ประชาอุทิศ,ประชาอุทิศ 76 - ประชาอุทิศ 91/3,ประชาอุทิศ
ประชาอุทิศ 76 - ประชาอุทิศ 91/3,ประชาอุทิศ 76,ประชาอุทิศ 76 - ประชาอุทิศ 91/3,ประชาอุทิศ 76
ประชาอุทิศ 76 - ประชาอุทิศ 91/3,ประชาอุทิศ 91/3,ประชาอุทิศ 76 - ประชาอุทิศ 91/3,ประชาอุทิศ 91/3
สังฆสันติสุข - ทหารอากาศอุทิศ,ทหารอากาศอุทิศ,สังฆสันติสุข - ทหารอากาศอุทิศ,ทหารอากาศอุทิศ
สังฆสันติสุข - ทหารอากาศอุทิศ,สังฆสันติสุข,สังฆสันติสุข - ทหารอากาศอุทิศ,สังฆสันติสุข
สังฆสันติสุข - สังฆสันติสุข 7,สังฆสันติสุข 7,สังฆสันติสุข - สังฆสันติสุข 7,สังฆสันติสุข 7
สังฆสันติสุข - สังฆสันติสุข 7,สังฆสันติสุข,สังฆสันติสุข - สังฆสันติสุข 7,สังฆสันติสุข
พิบูลวัฒนา,ทางขึ้น-ลงทางด่วน / ถนนพระรามที่ 6 ซ.37,พิบูลวัฒนา,ทางขึ้น-ลงทางด่วน / ถนนพระรามที่ 6 ซ.37
พิบูลวัฒนา,พิบูลวัฒนา,พิบูลวัฒนา,พิบูลวัฒนา
สะแกงาม 26,สะแกงาม,สะแกงาม 26,สะแกงาม
สะแกงาม 26,สะแกงาม 26,สะแกงาม 26,สะแกงาม 26
สะแกงาม 30,สะแกงาม 30,สะแกงาม 30,สะแกงาม 30
สะแกงาม 30,สะแกงาม,สะแกงาม 30,สะแกงาม
รพ.นพรัตน์,สวนสยาม,รพ.นพรัตน์,สวนสยาม
รพ.นพรัตน์,ทางเข้าออก รพ.นพรัตน์,รพ.นพรัตน์,ทางเข้าออก รพ.นพรัตน์
รพ.นพรัตน์,รามอินทรา,รพ.นพรัตน์,รามอินทรา
วัชรพล - วัดศิริพงษ์,วัดศิริพงษ์,วัชรพล - วัดศิริพงษ์,วัดศิริพงษ์
วัชรพล - วัดศิริพงษ์,วัชรพล,วัชรพล - วัดศิริพงษ์,วัชรพล
หน้าเสถียรธรรมสถาน,วัชรพล,หน้าเสถียรธรรมสถาน,วัชรพล
ประชาอุทิศ 14 - ประชาอุทิศ 13,ประชาอุทิศ,ประชาอุทิศ 14 - ประชาอุทิศ 13,ประชาอุทิศ
ประชาอุทิศ 14 - ประชาอุทิศ 13,ประชาอุทิศ 14,ประชาอุทิศ 14 - ประชาอุทิศ 13,ประชาอุทิศ 14
ประชาอุทิศ 14 - ประชาอุทิศ 13,ประชาอุทิศ 13,ประชาอุทิศ 14 - ประชาอุทิศ 13,ประชาอุทิศ 13
อ.ส.ม.ท.,ทางเข้าอ.ส.ม.ท.,อ.ส.ม.ท.,ทางเข้าอ.ส.ม.ท.
ร่วมจิตต์,นครไชยศรี,ร่วมจิตต์,นครไชยศรี
ร่วมจิตต์,นครราชสีมา,ร่วมจิตต์,นครราชสีมา
ตรงข้ามวัดชำนิหัตถการ,ซอยที่ 1,ตรงข้ามวัดชำนิหัตถการ,ซอยที่ 1
ตรงข้ามวัดชำนิหัตถการ,ซอยที่ 2,ตรงข้ามวัดชำนิหัตถการ,ซอยที่ 2
ตรงข้ามวัดชำนิหัตถการ,พระรามที่ 1,ตรงข้ามวัดชำนิหัตถการ,พระรามที่ 1
พระราม 2 ซ.69 แยก 1 ,พระราม 2 ซอย 69,พระราม 2 ซ.69 แยก 1,พระราม 2 ซอย 69
พระราม 2 ซ.69 แยก 1 ,พระราม 2 ซอย 69 แยก 1,พระราม 2 ซ.69 แยก 1,พระราม 2 ซอย 69 แยก 1
พระราม 2 ซ.69 แยก 2 ,พระราม 2 ซอย 69,พระราม 2 ซ.69 แยก 2,พระราม 2 ซอย 69
พระราม 2 ซ.69 แยก 2 ,พระราม 2 ซอย 69 แยก 2,พระราม 2 ซ.69 แยก 2,พระราม 2 ซอย 69 แยก 2
พระราม 2 ซ.69 แยก 3,พระราม 2 ซอย 69,พระราม 2 ซ.69 แยก 3,พระราม 2 ซอย 69
พระราม 2 ซ.69 แยก 3,พระราม 2 ซอย 69 แยก 3,พระราม 2 ซ.69 แยก 3,พระราม 2 ซอย 69 แยก 3
สุวินทวงศ์ - บึงขวาง,บึงขวาง,สุวินทวงศ์ - บึงขวาง,บึงขวาง
สุวินทวงศ์ - บึงขวาง,สุวินทวงศ์,สุวินทวงศ์ - บึงขวาง,สุวินทวงศ์
บาแล,ราษฎร์ร่วมใจ,บาแล,ราษฎร์ร่วมใจ
บาแล,ประชาร่วมใจ,บาแล,ประชาร่วมใจ
ปากซอยราษฎร์อุทิศ 27/5,ราษฎร์อุทิศ,ปากซอยราษฎร์อุทิศ 27/5,ราษฎร์อุทิศ
พุทธบูชา - พุทธบูชา 24,พุทธบูชา,พุทธบูชา - พุทธบูชา 24,พุทธบูชา
พุทธบูชา - พุทธบูชา 24,พุทธบูชา 24,พุทธบูชา - พุทธบูชา 24,พุทธบูชา 24
หน้าสวนธนบุรีรมณ์,พุทธบูชา,หน้าสวนธนบุรีรมณ์,พุทธบูชา
หน้าสวนธนบุรีรมณ์,ทางเข้า - ออกสวนธนบุรีรมณ์,หน้าสวนธนบุรีรมณ์,ทางเข้า - ออกสวนธนบุรีรมณ์
อิสรภาพ 42,อิสรภาพ,อิสรภาพ 42,อิสรภาพ
อิสรภาพ 42,อิสรภาพ 42,อิสรภาพ 42,อิสรภาพ 42
สรงประภา - สรณคมณ์,สรณคมณ์,สรงประภา - สรณคมณ์,สรณคมณ์
สรงประภา - สรณคมณ์,สรงประภา,สรงประภา - สรณคมณ์,สรงประภา
สรงประภา - สรงประภา 11/1,สรงประภา 11/1,สรงประภา - สรงประภา 11/1,สรงประภา 11/1
สรงประภา - สรงประภา 11/1,สรงประภา,สรงประภา - สรงประภา 11/1,สรงประภา
สรงประภา - สรงประภา 11/2,สรงประภา 11/2,สรงประภา - สรงประภา 11/2,สรงประภา 11/2
สรงประภา - สรงประภา 11/2,สรงประภา,สรงประภา - สรงประภา 11/2,สรงประภา
ลาดพร้าว 40,ลาดพร้าว 40,ลาดพร้าว 40,ลาดพร้าว 40
ลาดพร้าว 40,ลาดพร้าว,ลาดพร้าว 40,ลาดพร้าว
ผดุงพันธ์ - บุรีภิรมย์,บุรีภิรมณ์ 1,ผดุงพันธ์ - บุรีภิรมย์,บุรีภิรมณ์ 1
ผดุงพันธ์ - บุรีภิรมย์,ผดุงพันธ์ (SB),ผดุงพันธ์ - บุรีภิรมย์,ผดุงพันธ์ (SB)
ผดุงพันธ์ - บุรีภิรมย์,ผดุงพันธ์ (WB),ผดุงพันธ์ - บุรีภิรมย์,ผดุงพันธ์ (WB)
ผดุงพันธ์ - ยังพัธนา,ยังพัธนา,ผดุงพันธ์ - ยังพัธนา,ยังพัธนา
ผดุงพันธ์ - ยังพัธนา,ผดุงพันธ์,ผดุงพันธ์ - ยังพัธนา,ผดุงพันธ์
พหลโยธิน 19,พหลโยธิน,พหลโยธิน 19,พหลโยธิน
พหลโยธิน 19,พหลโยธิน 19,พหลโยธิน 19,พหลโยธิน 19
หน้าโรงเรียนหอวัง,หอวัง,หน้าโรงเรียนหอวัง,หอวัง
ร่วมพัฒนา -  อยู่วิทยา   -  สุวินทวงศ์,ร่วมพัฒนา,ร่วมพัฒนา - อยู่วิทยา - สุวินทวงศ์,ร่วมพัฒนา
ร่วมพัฒนา -  อยู่วิทยา   -  สุวินทวงศ์,อยู่วิทยา,ร่วมพัฒนา - อยู่วิทยา - สุวินทวงศ์,อยู่วิทยา
ร่วมพัฒนา -  อยู่วิทยา   -  สุวินทวงศ์,สุวินทวงศ์,ร่วมพัฒนา - อยู่วิทยา - สุวินทวงศ์,สุวินทวงศ์
ร่วมพัฒนา -  ประชาอุทิศ,ร่วมพัฒนา,ร่วมพัฒนา - ประชาอุทิศ,ร่วมพัฒนา
ร่วมพัฒนา -  ประชาอุทิศ,ประชาอุทิศ,ร่วมพัฒนา - ประชาอุทิศ,ประชาอุทิศ
พระรามที่ 3 - นราธิวาส,นราธิวาสราชนครินทร์,พระรามที่ 3 - นราธิวาส,นราธิวาสราชนครินทร์
ปากซอยรัชดา 43,รัชดาภิเษก,ปากซอยรัชดา 43,รัชดาภิเษก
ปากซอยรัชดา 66,รัชดาภิเษก 66,ปากซอยรัชดา 66,รัชดาภิเษก 66
ปากซอยรัชดา 66,รัชดาภิเษก,ปากซอยรัชดา 66,รัชดาภิเษก
เจริญใจ,เอกมัย,เจริญใจ,เอกมัย
เจริญใจ,เอกมัย 5,เจริญใจ,เอกมัย 5
เจริญใจ,เอกมัย 12,เจริญใจ,เอกมัย 12
หน้าการไฟฟ้าธนบุรี,จรัญสนิทวงศ์,หน้าการไฟฟ้าธนบุรี,จรัญสนิทวงศ์
หน้าการไฟฟ้าธนบุรี,จรัญสนิทวงศ์ 23,หน้าการไฟฟ้าธนบุรี,จรัญสนิทวงศ์ 23
หน้าการไฟฟ้าธนบุรี,จรัญสนิทวงศ์ 20,หน้าการไฟฟ้าธนบุรี,จรัญสนิทวงศ์ 20
สีลม - นราธิวาส,นราธิวาสราขนครินทร์,สีลม - นราธิวาส,นราธิวาสราขนครินทร์
ประชาอุทิศ 54,ประชาอุทิศ,ประชาอุทิศ 54,ประชาอุทิศ
ประชาอุทิศ 54,ประชาอุทิศ 54,ประชาอุทิศ 54,ประชาอุทิศ 54
ประชาอุทิศ 69,ประชาอุทิศ,ประชาอุทิศ 69,ประชาอุทิศ
ประชาอุทิศ 69,ประชาอุทิศ 69,ประชาอุทิศ 69,ประชาอุทิศ 69
พุทธมณฑลสาย 2 - ทางเข้าวัดบุณยประดิษฐ์,พุทธมณฑลสาย 2,พุทธมณฑลสาย 2 - ทางเข้าวัดบุณยประดิษฐ์,พุทธมณฑลสาย 2
พุทธมณฑลสาย 2 - ทางเข้าวัดบุณยประดิษฐ์,วัดบุณยประดิษฐ์,พุทธมณฑลสาย 2 - ทางเข้าวัดบุณยประดิษฐ์,วัดบุณยประดิษฐ์
พุทธมณฑลสาย 2 - ทางเข้าวัดบุณยประดิษฐ์,พุทธมณฑลสาย 2 ซ.10,พุทธมณฑลสาย 2 - ทางเข้าวัดบุณยประดิษฐ์,พุทธมณฑลสาย 2 ซ.10
ผังเมือง,พระราม 9 ซ.6 / รอยัลซิตี้อเวนิว,ผังเมือง,พระราม 9 ซ.6 / รอยัลซิตี้อเวนิว
ผังเมือง,ถนนพระราม 9,ผังเมือง,ถนนพระราม 9
แบริ่ง,สุขุมวิท 107 (แบริ่ง),แบริ่ง,สุขุมวิท 107 (แบริ่ง)
แบริ่ง,พหลโยธิน,แบริ่ง,พหลโยธิน
กรมพลาธิการทหารอากาศ,พหลโยธิน,กรมพลาธิการทหารอากาศ,พหลโยธิน
กรมพลาธิการทหารอากาศ,ทางเข้ากรมพลาธิการฯ,กรมพลาธิการทหารอากาศ,ทางเข้ากรมพลาธิการฯ
กรมพลาธิการทหารอากาศ,พหลโยธิน 54/1,กรมพลาธิการทหารอากาศ,พหลโยธิน 54/1
จอมทอง,เอกชัย,จอมทอง,เอกชัย
หน้าโรงเรียนราชคฤห์,เทอดไท,หน้าโรงเรียนราชคฤห์,เทอดไท
ปากซอยเชื่อมสัมพันธ์ 13,เชื่อมสัมพันธ์,ปากซอยเชื่อมสัมพันธ์ 13,เชื่อมสัมพันธ์
เชื่อมสัมพันธ์ - ลำไทร,เชื่อมสัมพันธ์,เชื่อมสัมพันธ์ - ลำไทร,เชื่อมสัมพันธ์
เชื่อมสัมพันธ์ - ลำไทร,ลำไทร,เชื่อมสัมพันธ์ - ลำไทร,ลำไทร
มหานคร - สี่พระยา,มหาเศรษฐ์,มหานคร - สี่พระยา,มหาเศรษฐ์
มหานคร - สี่พระยา,มหานคร,มหานคร - สี่พระยา,มหานคร
มหานคร - สี่พระยา,สี่พระยา,มหานคร - สี่พระยา,สี่พระยา
ใกล้หมู่บ้านพฤกษ์ ภิรมณ์,แบริ่งลาซาล,ใกล้หมู่บ้านพฤกษ์ ภิรมณ์,แบริ่งลาซาล
กลางซอยแบริ่ง,แบริ่งลาซาล,กลางซอยแบริ่ง,แบริ่งลาซาล
กลางซอยแบริ่ง,แบริ่ง,กลางซอยแบริ่ง,แบริ่ง
ปากซอยทองหล่อ 20,ทองหล่อ,ปากซอยทองหล่อ 20,ทองหล่อ
ปากซอยทองหล่อ 20,ทองหล่อ 20,ปากซอยทองหล่อ 20,ทองหล่อ 20
ลาดพร้าว 101,ลาดพร้าว 128/1,ลาดพร้าว 101,ลาดพร้าว 128/1
ลาดพร้าว 101,ลาดพร้าว 101,ลาดพร้าว 101,ลาดพร้าว 101
ด่วนเกษมราษฎร์,ทางขึ้น-ลงทางด่วน,ด่วนเกษมราษฎร์,ทางขึ้น-ลงทางด่วน
อารีย์สัมพันธ์,อารีย์สัมพันธ์,อารีย์สัมพันธ์,อารีย์สัมพันธ์
บางบอน,บางขุนเทียน-ขายทะเล,บางบอน,บางขุนเทียน-ขายทะเล
กรุงธนบุรีเหนือ,เจริญนคร,กรุงธนบุรีเหนือ,เจริญนคร
กรุงธนบุรีเหนือ,กรุงธนบุรี,กรุงธนบุรีเหนือ,กรุงธนบุรี
ลาดพร้าว 112,ลาดพร้าว 112,ลาดพร้าว 112,ลาดพร้าว 112
ลาดพร้าว 112,ลาดพร้าว,ลาดพร้าว 112,ลาดพร้าว
ลาดพร้าว - มหาดไทย,ลาดพร้าว 122,ลาดพร้าว - มหาดไทย,ลาดพร้าว 122
ลาดพร้าว - มหาดไทย,ลาดพร้าว,ลาดพร้าว - มหาดไทย,ลาดพร้าว
ประชาอุทิศ,ประชาอุทิศ 19,ประชาอุทิศ,ประชาอุทิศ 19
พุทธมณฑลสาย 2 - สุขาภิบาลบางระมาด,พุทธมณฑลสาย 2 ,พุทธมณฑลสาย 2 - สุขาภิบาลบางระมาด,พุทธมณฑลสาย 2
พุทธมณฑลสาย 2 - สุขาภิบาลบางระมาด,สุขาภิบาลบางระมาด,พุทธมณฑลสาย 2 - สุขาภิบาลบางระมาด,สุขาภิบาลบางระมาด
ปากซอยนิมิตใหม่ 9,นิมิตใหม่,ปากซอยนิมิตใหม่ 9,นิมิตใหม่
ซอยเชื่อมสัมพันธ์ 19/1,เชื่อมสัมพันธ์,ซอยเชื่อมสัมพันธ์ 19/1,เชื่อมสัมพันธ์
วัดเบญจฯ,พระรามที่ 5,วัดเบญจฯ,พระรามที่ 5
วัดเบญจฯ,ศรีอยุธยา,วัดเบญจฯ,ศรีอยุธยา
ตรอกจันทน์,ทางเข้าคอนโด,ตรอกจันทน์,ทางเข้าคอนโด
หน้าโรงแรมโฟร์ซีซันส์,เจริญกรุง,หน้าโรงแรมโฟร์ซีซันส์,เจริญกรุง
สุขุมวิท 26,สุขุมวิท 26,สุขุมวิท 26,สุขุมวิท 26
มเหสักข์,มหาเศรษฐ์,มเหสักข์,มหาเศรษฐ์
มเหสักข์,สุรวงศ์,มเหสักข์,สุรวงศ์
เสนานิมคม ซ.26,เสนานิคม 1,เสนานิมคม ซ.26,เสนานิคม 1
จุฬา 12,จุฬา 62,จุฬา 12,จุฬา 62
พาราไดซ์,ศรีนครินทร์,พาราไดซ์,ศรีนครินทร์
พาราไดซ์,ศรีนครินทร์ 46,พาราไดซ์,ศรีนครินทร์ 46
พาราไดซ์,ศรีนครินทร์ 57,พาราไดซ์,ศรีนครินทร์ 57
พัฒนาการ - พัฒนาการ 53,พัฒนาการ ,พัฒนาการ - พัฒนาการ 53,พัฒนาการ
พัฒนาการ 93,พัฒนาการ,พัฒนาการ 93,พัฒนาการ
นิมิตใหม่ 14,นิมิตใหม่,นิมิตใหม่ 14,นิมิตใหม่
นิมิตใหม่ 40,นิมิตใหม่,นิมิตใหม่ 40,นิมิตใหม่
หน้า รร.โชคชัยหทัยราษฎร์,หทัยราษฎร์,หน้า รร.โชคชัยหทัยราษฎร์,หทัยราษฎร์
กล้วยน้ำไท,กล้วยน้ำไท,กล้วยน้ำไท,กล้วยน้ำไท
สายน้ำผึ้ง,สุขุมวิท22,สายน้ำผึ้ง,สุขุมวิท22
สุขุมวิท 27,สุขุมวิท,สุขุมวิท 27,สุขุมวิท
หน้าหมู่บ้านสุชา 2,ทวีวัฒนา,หน้าหมู่บ้านสุชา 2,ทวีวัฒนา
หน้าหมู่บ้านเพชรเกษม 4,ทวีวัฒนา,หน้าหมู่บ้านเพชรเกษม 4,ทวีวัฒนา
หมู่บ้านพฤกษา 85,ทวีวัฒนา,หมู่บ้านพฤกษา 85,ทวีวัฒนา
ปากซอยทวีวัฒนา 1,ทวีวัฒนา,ปากซอยทวีวัฒนา 1,ทวีวัฒนา
บางกะปิ,นวมินทร์,บางกะปิ,นวมินทร์
หน้าพีเพิ่ลปาร์ค,อ่อนนุช,หน้าพีเพิ่ลปาร์ค,อ่อนนุช
นราธิวาสราชนครินทร์ 20,นราธิวาสราชนครินทร์,นราธิวาสราชนครินทร์ 20,นราธิวาสราชนครินทร์
สาทร - ปั้น,ปั้น,สาทร - ปั้น,ปั้น
สาทร - ปั้น,สาทร,สาทร - ปั้น,สาทร
สาทร - ประมวญ,ประมวญ,สาทร - ประมวญ,ประมวญ
สาทร - ประมวญ,สาทร,สาทร - ประมวญ,สาทร
การสื่อสาร,แจ้งวัฒนะ 7,การสื่อสาร,แจ้งวัฒนะ 7
การสื่อสาร,แจ้งวัฒนะ,การสื่อสาร,แจ้งวัฒนะ
ลาดพร้าว 35,ลาดพร้าว 35,ลาดพร้าว 35,ลาดพร้าว 35
ลาดพร้าว 35,ลาดพร้าว,ลาดพร้าว 35,ลาดพร้าว
ลาดพร้าว 48,ลาดพร้าว 48,ลาดพร้าว 48,ลาดพร้าว 48
ลาดพร้าว 48,ลาดพร้าว,ลาดพร้าว 48,ลาดพร้าว
ลาดพร้าว 60,ลาดพร้าว 60,ลาดพร้าว 60,ลาดพร้าว 60
ลาดพร้าว 60,ลาดพร้าว,ลาดพร้าว 60,ลาดพร้าว
ลาดพร้าว 62,ลาดพร้าว 62,ลาดพร้าว 62,ลาดพร้าว 62
ลาดพร้าว 62,ลาดพร้าว,ลาดพร้าว 62,ลาดพร้าว
ลาดพร้าว 101/1,ลาดพร้าว 101/1,ลาดพร้าว 101/1,ลาดพร้าว 101/1
ลาดพร้าว 101/1,ลาดพร้าว,ลาดพร้าว 101/1,ลาดพร้าว
วงศ์สว่าง,กรุงเทพนนท์,วงศ์สว่าง,กรุงเทพนนท์
จ.ป.ร.,ราชดำเนินนอก,จ.ป.ร.,ราชดำเนินนอก
จ.ป.ร.,วิสุทธิ์กษัตริย์,จ.ป.ร.,วิสุทธิ์กษัตริย์
หน้าคอนโดลุมพินีวิลล์,ราษฎร์บูรณะ,หน้าคอนโดลุมพินีวิลล์,ราษฎร์บูรณะ
เมอรี่คิงส์,ถนนจักรเพชร,เมอรี่คิงส์,ถนนจักรเพชร
เมอรี่คิงส์,ถนนเยาวราช,เมอรี่คิงส์,ถนนเยาวราช
หน้าศาลรัฐธรรมนูญ,จักรเพชร,หน้าศาลรัฐธรรมนูญ,จักรเพชร
หน้าวัดราชบุรณราชวรวิหาร,จักรเพชร,หน้าวัดราชบุรณราชวรวิหาร,จักรเพชร
กม.8,นวมินทร์,กม.8,นวมินทร์
กม.8,รามอินทรา 73,กม.8,รามอินทรา 73
กม.8,รามอินทรา,กม.8,รามอินทรา
จตุโชติ,สุขาภิบาล 5,จตุโชติ,สุขาภิบาล 5
จตุโชติ,จตุโชติ,จตุโชติ,จตุโชติ
หน้า รพ.บุษราคัมจิตการุณย์,สุขาภิบาล 5,หน้า รพ.บุษราคัมจิตการุณย์,สุขาภิบาล 5
ซอยเทียนทะเล 2,บางขุนเทียน - ชายทะเล,ซอยเทียนทะเล 2,บางขุนเทียน - ชายทะเล
ซอยเทียนทะเล 23,บางขุนเทียน - ชายทะเล,ซอยเทียนทะเล 23,บางขุนเทียน - ชายทะเล
เพชรเกษม 81,เพชรเกษม ,เพชรเกษม 81,เพชรเกษม
ซอยมาเจริญ 3,มาเจริญ,ซอยมาเจริญ 3,มาเจริญ
ประชาอุทิศ 68,ประชาอุทิศ,ประชาอุทิศ 68,ประชาอุทิศ
ประชาอุทิศ 83,ประชาอุทิศ,ประชาอุทิศ 83,ประชาอุทิศ
สุขุมวิท - สุขุมวิท 23,สุขุมวิท 23,สุขุมวิท - สุขุมวิท 23,สุขุมวิท 23
สุขุมวิท - สุขุมวิท 23,สุขุมวิท,สุขุมวิท - สุขุมวิท 23,สุขุมวิท
BRT สถานีสาทร,นราธิวาสราชนครินทร์,BRT สถานีสาทร,นราธิวาสราชนครินทร์
ใต้สะพานภูมิพล,วงแหวนอุตสาหกรรม,ใต้สะพานภูมิพล,วงแหวนอุตสาหกรรม
ใต้สะพานภูมิพล,พระรามที่ 3,ใต้สะพานภูมิพล,พระรามที่ 3
รามคำแหง 39 ระหว่างแยก 15 และ 17 ,รามคำแหง 39,รามคำแหง 39 ระหว่างแยก 15 และ 17,รามคำแหง 39
ด่วนเพลินจิต,ถนนดวงพิทักษ์,ด่วนเพลินจิต,ถนนดวงพิทักษ์
ด่วนเพลินจิต,ถนนเพลินจิต,ด่วนเพลินจิต,ถนนเพลินจิต
ซอยสุขุมวิท 2,สุขุมวิท 2,ซอยสุขุมวิท 2,สุขุมวิท 2
ซอยสุขุมวิท 2,สุขุมวิท,ซอยสุขุมวิท 2,สุขุมวิท
เฉลิมพระเกรียรติ ร.9 ซ.67,เฉลิมพระเกรียรติ ร.9 ซ.67,เฉลิมพระเกรียรติ ร.9 ซ.67,เฉลิมพระเกรียรติ ร.9 ซ.67
เฉลิมพระเกรียรติ ร.9 ซ.67,เฉลิมพระเกรียรติ ร.9,เฉลิมพระเกรียรติ ร.9 ซ.67,เฉลิมพระเกรียรติ ร.9
สามเหลี่ยมดินแดง,ถนนราชปรารภ,สามเหลี่ยมดินแดง,ถนนราชปรารภ
สามเหลี่ยมดินแดง,ซอยราชวิถี 2,สามเหลี่ยมดินแดง,ซอยราชวิถี 2
สามเหลี่ยมดินแดง,ถนนราชวิถี,สามเหลี่ยมดินแดง,ถนนราชวิถี
สามเหลี่ยมดินแดง,ถนนดินแดง,สามเหลี่ยมดินแดง,ถนนดินแดง
วัดพลมานีย์,ประชาพัฒนา,วัดพลมานีย์,ประชาพัฒนา
วัดพลมานีย์,หลวงแพ่ง,วัดพลมานีย์,หลวงแพ่ง
หน้าหมู่บ้านเอื้ออาทรลาดกระบัง 2,ประชาพัฒนา,หน้าหมู่บ้านเอื้ออาทรลาดกระบัง 2,ประชาพัฒนา
สะพานใหม่,พหลโยธิน,สะพานใหม่,พหลโยธิน
สะพานใหม่,เทพรักษ์,สะพานใหม่,เทพรักษ์
หน้ามาร์เก็ตเพลส,เทพรักษ์,หน้ามาร์เก็ตเพลส,เทพรักษ์
สุขุมวิท 71,สุขุมวิท 71,สุขุมวิท 71,สุขุมวิท 71
สุขุมวิท 71,สุขุมวิท,สุขุมวิท 71,สุขุมวิท
ประชาราษฎร์,วงศ์สว่าง,ประชาราษฎร์,วงศ์สว่าง
หน้าตลาดศรีเขมา,ประชาราษฎร์สาย 1,หน้าตลาดศรีเขมา,ประชาราษฎร์สาย 1
หน้าตลาดศรีเขมา,ประชาราษฎร์สาย 1 (EB),หน้าตลาดศรีเขมา,ประชาราษฎร์สาย 1 (EB)
อุดมสุข,สุขุมวิท ,อุดมสุข,สุขุมวิท
ลาดกระบัง 54,ลาดกระบัง 54,ลาดกระบัง 54,ลาดกระบัง 54
สวนมิกสกวัน,ราชำดำเนิน,สวนมิกสกวัน,ราชำดำเนิน
สี่กั๊กพระยาศรี,เฟื่องนคร,สี่กั๊กพระยาศรี,เฟื่องนคร
หน้า บ.ยัสปาล,สุขุมวิท 66/1,หน้า บ.ยัสปาล,สุขุมวิท 66/1
หน้า บ.ยัสปาล,สุขุมวิท,หน้า บ.ยัสปาล,สุขุมวิท
ด่วนสุขุมวิท 62,สุขุมวิท 62,ด่วนสุขุมวิท 62,สุขุมวิท 62
วงเวียนตลาดน้อย,เจริญกรุง,วงเวียนตลาดน้อย,เจริญกรุง
นางลื้นจี่,นางลิ้นจี่,นางลื้นจี่,นางลิ้นจี่
นางลื้นจี่,พระรามที่ 3,นางลื้นจี่,พระรามที่ 3
สุขุมวิท 31,สุขุมวิท 31,สุขุมวิท 31,สุขุมวิท 31
สุขุมวิท 31,สุขุมวิท,สุขุมวิท 31,สุขุมวิท
หน้าอาคารแปซิฟิคเรสซิเด้น,สุขุมวิท 39,หน้าอาคารแปซิฟิคเรสซิเด้น,สุขุมวิท 39
เดอะมอลล์บางแค,เพชรเกษม 47/2,เดอะมอลล์บางแค,เพชรเกษม 47/2
เดอะมอลล์บางแค,กาญจนาภิเษก,เดอะมอลล์บางแค,กาญจนาภิเษก
เดอะมอลล์บางแค,เพชรเกษม,เดอะมอลล์บางแค,เพชรเกษม
ซอยพุทธบูชา 38,พุทธบูชา,ซอยพุทธบูชา 38,พุทธบูชา
ซอยพุทธบูชา 40 และ 42,พุทธบูชา,ซอยพุทธบูชา 40 และ 42,พุทธบูชา
ซอยพุทธบูชา 43,พุทธบูชา,ซอยพุทธบูชา 43,พุทธบูชา
กองบัญชาการกองทัพบก,ประชาธิปไตย,กองบัญชาการกองทัพบก,ประชาธิปไตย
ซอยคู้บอน 34,คู้บอน,ซอยคู้บอน 34,คู้บอน
ซอยพุทธบูชา 44 และ 44/1,พุทธบูชา,ซอยพุทธบูชา 44 และ 44/1,พุทธบูชา
สุขุมวิท 36,สุขุมวิท 36,สุขุมวิท 36,สุขุมวิท 36
สุขุมวิท 36,สุขุมวิท ,สุขุมวิท 36,สุขุมวิท
สุขุมวิท 40,สุขุมวิท,สุขุมวิท 40,สุขุมวิท
ไฟฉาย,พรานนกกาญจนาภิเษก,ไฟฉาย,พรานนกกาญจนาภิเษก
สุขุมวิท 49,สุขุมวิท 32,สุขุมวิท 49,สุขุมวิท 32
สุขุมวิท 49,สุขุมวิท 49,สุขุมวิท 49,สุขุมวิท 49
สุขุมวิท 49,สุขุมวิท,สุขุมวิท 49,สุขุมวิท
เอกมัย 12,เอกมัย 12,เอกมัย 12,เอกมัย 12
สีลม 3,สีลม,สีลม 3,สีลม
ราษฎร์บูรณะ 18,ราษฎร์บูรณะ,ราษฎร์บูรณะ 18,ราษฎร์บูรณะ
วงเวียนอนุสาวรีย์หลักสี่,พหลโยธิน,วงเวียนอนุสาวรีย์หลักสี่,พหลโยธิน
วงเวียนอนุสาวรีย์หลักสี่,แจ้งวัฒนะ,วงเวียนอนุสาวรีย์หลักสี่,แจ้งวัฒนะ
วงเวียนอนุสาวรีย์หลักสี่,รามอินทรา,วงเวียนอนุสาวรีย์หลักสี่,รามอินทรา
จุดกลับรถแอมคาร์ออดิโอ,หลวงแพ่ง,จุดกลับรถแอมคาร์ออดิโอ,หลวงแพ่ง
ต่างระดับหลวงแพ่งตะวันตก,ทางขึ้นมอเตอร์เวย์,ต่างระดับหลวงแพ่งตะวันตก,ทางขึ้นมอเตอร์เวย์
ต่างระดับหลวงแพ่งตะวันตก,หลวงแพ่ง,ต่างระดับหลวงแพ่งตะวันตก,หลวงแพ่ง
รามคำแหง 112,รามคำแหง 112,รามคำแหง 112,รามคำแหง 112
รามคำแหง 112,รามคำแหง,รามคำแหง 112,รามคำแหง
รามคำแหง 118,รามคำแหง 118,รามคำแหง 118,รามคำแหง 118
รามคำแหง 118,รามคำแหง,รามคำแหง 118,รามคำแหง
จุดกลับรถการประปา สาขาสุวรรณภูมิ,หลวงแพ่ง,จุดกลับรถการประปา สาขาสุวรรณภูมิ,หลวงแพ่ง
สนามบินสุวรรณภูมิ,สุรรณภูมิ 4,สนามบินสุวรรณภูมิ,สุรรณภูมิ 4
สุขุมวิท 93,สุขุมวิท 32,สุขุมวิท 93,สุขุมวิท 32
สุขุมวิท 93,สุขุมวิท 49,สุขุมวิท 93,สุขุมวิท 49
สุขุมวิท 93,สุขุมวิท,สุขุมวิท 93,สุขุมวิท
วชิรธรรมสาธิต 59,วชิรธรรมสาธิต,วชิรธรรมสาธิต 59,วชิรธรรมสาธิต
ศิริราช,วังหลัง,ศิริราช,วังหลัง
นิมิตใหม่ - สุวินทวงศ์ ,นิมิตใหม่,นิมิตใหม่ - สุวินทวงศ์,นิมิตใหม่
นิมิตใหม่ - สุวินทวงศ์ ,สุวินทวงศ์,นิมิตใหม่ - สุวินทวงศ์,สุวินทวงศ์
หน้ามัสยิดดารุ้ลมูกร้อดรอบีน,คู้-คลองสิบ,หน้ามัสยิดดารุ้ลมูกร้อดรอบีน,คู้-คลองสิบ
หน้าโรงเรียนวัดสามง่าม,คู้-คลองสิบ,หน้าโรงเรียนวัดสามง่าม,คู้-คลองสิบ
หน้าวัดสามง่าม,คู้-คลองสิบ,หน้าวัดสามง่าม,คู้-คลองสิบ
หน้าโรงเรียนสุเหร่าคลองสิบ,คู้-คลองสิบ,หน้าโรงเรียนสุเหร่าคลองสิบ,คู้-คลองสิบ
หน้าโรงเรียนวัดสะพาน,ทางรถไฟสายเก่า,หน้าโรงเรียนวัดสะพาน,ทางรถไฟสายเก่า
ก่อนเข้าทางด่วน ,สุขุมวิท 62,ก่อนเข้าทางด่วน,สุขุมวิท 62
นานา,นานา (สุขุมวิท 3),นานา,นานา (สุขุมวิท 3)
จุดตัดถนนลาดพร้าวกับถนนประดิษฐ์มนูธรรม,ลาดพร้าว,จุดตัดถนนลาดพร้าวกับถนนประดิษฐ์มนูธรรม,ลาดพร้าว
นิคมมักกะสัน,นิคมมักกะสัน (NB),นิคมมักกะสัน,นิคมมักกะสัน (NB)
นิคมมักกะสัน,นิคมมักกะสัน (EB),นิคมมักกะสัน,นิคมมักกะสัน (EB)
นิคมมักกะสัน,กำแพงเพชร 7,นิคมมักกะสัน,กำแพงเพชร 7
ศรีวรา - อินทราภรณ์,ศรีวรา ,ศรีวรา - อินทราภรณ์,ศรีวรา
ศรีวรา - อินทราภรณ์,อินทราภรณ์,ศรีวรา - อินทราภรณ์,อินทราภรณ์
สวนรื่นฤดี,นครราชสีมา,สวนรื่นฤดี,นครราชสีมา
ปากซอยเจริญสุข,พระรามที่ 4,ปากซอยเจริญสุข,พระรามที่ 4
จุดกลับรถใกล้โฮมโปร พระราม 9,พระราม 9,จุดกลับรถใกล้โฮมโปร พระราม 9,พระราม 9
อาคารสงเคราะห์กองทัพบก (เทอดดำริ),เทอดดำริ,อาคารสงเคราะห์กองทัพบก (เทอดดำริ),เทอดดำริ
อาคารสงเคราะห์กองทัพบก (เทอดดำริ),ทางเข้า - ออกอาคารสงเคราะห์กองทัพบก,อาคารสงเคราะห์กองทัพบก (เทอดดำริ),ทางเข้า - ออกอาคารสงเคราะห์กองทัพบก
อาคารสงเคราะห์กองทัพบก (บางซื่อ),เทอดดำริ,อาคารสงเคราะห์กองทัพบก (บางซื่อ),เทอดดำริ
อาคารสงเคราะห์กองทัพบก (บางซื่อ),ทางเข้า - ออกอาคารสงเคราะห์กองทัพบก,อาคารสงเคราะห์กองทัพบก (บางซื่อ),ทางเข้า - ออกอาคารสงเคราะห์กองทัพบก
ใกล้วัดนางนอง,วุฒากาศ,ใกล้วัดนางนอง,วุฒากาศ
ซอยเอกชัย 15,เอกชัย,ซอยเอกชัย 15,เอกชัย
หน้าห้างอินเดียเอ็มโพเรียม,จักรเพชร,หน้าห้างอินเดียเอ็มโพเรียม,จักรเพชร
หน้าวัดมังกรฯ,เจริญกรุง,หน้าวัดมังกรฯ,เจริญกรุง
ปากซอยสมเด็จเจ้าพระยา 5,สมเด็จเจ้าพระยา,ปากซอยสมเด็จเจ้าพระยา 5,สมเด็จเจ้าพระยา
ใกล้ซ.อิสรภาพ 30,อิสรภาพ,ใกล้ซ.อิสรภาพ 30,อิสรภาพ
หน้าสถาบันโรคไตฯ,พญาไท,หน้าสถาบันโรคไตฯ,พญาไท
หน้าคณะเวชศาสตร์เขตร้อน,ราชวิถี 15,หน้าคณะเวชศาสตร์เขตร้อน,ราชวิถี 15
หน้าคณะเวชศาสตร์เขตร้อน,ราชวิถี,หน้าคณะเวชศาสตร์เขตร้อน,ราชวิถี
ทางเข้าออกสำนักงานขนส่งฯ พื้นที่ 1 บางขุนเทียน,บางขุนเทียน-ชายทะเล,ทางเข้าออกสำนักงานขนส่งฯ พื้นที่ 1 บางขุนเทียน,บางขุนเทียน-ชายทะเล
ทางเข้าออกสำนักงานขนส่งฯ พื้นที่ 1 บางขุนเทียน,ทางเข้าออกสำนักงานขนส่งฯ,ทางเข้าออกสำนักงานขนส่งฯ พื้นที่ 1 บางขุนเทียน,ทางเข้าออกสำนักงานขนส่งฯ
ซอยเทียนทะเล 22,บางขุนเทียน-ชายทะเล,ซอยเทียนทะเล 22,บางขุนเทียน-ชายทะเล
ซอยเทียนทะเล 22,เทียนทะเล 22,ซอยเทียนทะเล 22,เทียนทะเล 22
อ่อนนุช 37/1,อ่อนนุช,อ่อนนุช 37/1,อ่อนนุช
ลาดกระบัง 1ก/7,ลาดกระบัง,ลาดกระบัง 1ก/7,ลาดกระบัง
อ่อนนุช 59/1,อ่อนนุช,อ่อนนุช 59/1,อ่อนนุช
หน้า รพ.ซีจีเอส สายไหม,เฉลิมพงษ์,หน้า รพ.ซีจีเอส สายไหม,เฉลิมพงษ์
เจริญกรุง 95,เจริญกรุง,เจริญกรุง 95,เจริญกรุง
พระราม 3 -รัชดา,รัชดาภิเษก,พระราม 3 -รัชดา,รัชดาภิเษก
พระราม 3 -รัชดา,พระรามที่ 3,พระราม 3 -รัชดา,พระรามที่ 3
ราษฎร์อุทิศ 66,ราษฏร์อุทิศ,ราษฎร์อุทิศ 66,ราษฏร์อุทิศ
เลียบวารี 11,เลียบวารี,เลียบวารี 11,เลียบวารี
หน้าศูนย์สาธารณสุข 48,เลียบคลองภาษีเจริญฝั่งหนือ,หน้าศูนย์สาธารณสุข 48,เลียบคลองภาษีเจริญฝั่งหนือ
อินทาปัจ 13 - เพชรเกษม 69,เพชรเกษม 69,อินทาปัจ 13 - เพชรเกษม 69,เพชรเกษม 69
อินทาปัจ 13 - เพชรเกษม 69,เลียบคลองภาษีเจริญฝั่งเหนือ,อินทาปัจ 13 - เพชรเกษม 69,เลียบคลองภาษีเจริญฝั่งเหนือ
อินทาปัจ 13 - เพชรเกษม 69,อินทาปัจ 13,อินทาปัจ 13 - เพชรเกษม 69,อินทาปัจ 13
คู้บอน - พระยาสุเรนทร์ - เลียบคลองสอง,พระยาสุเรนทร์,คู้บอน - พระยาสุเรนทร์ - เลียบคลองสอง,พระยาสุเรนทร์
คู้บอน - พระยาสุเรนทร์ - เลียบคลองสอง,คู้บอน,คู้บอน - พระยาสุเรนทร์ - เลียบคลองสอง,คู้บอน
คู้บอน - พระยาสุเรนทร์ - เลียบคลองสอง,เลียบคลองสอง,คู้บอน - พระยาสุเรนทร์ - เลียบคลองสอง,เลียบคลองสอง
พระยาสุเรนทร์ - จตุโชติ,จตุโชติ,พระยาสุเรนทร์ - จตุโชติ,จตุโชติ
พระยาสุเรนทร์ - จตุโชติ,พระยาสุเรนทร์,พระยาสุเรนทร์ - จตุโชติ,พระยาสุเรนทร์
คู่ขนานวงแหวนตะวันออก-จตุโชติ,คู่ขนานวงแหวนตะวันออก,คู่ขนานวงแหวนตะวันออก-จตุโชติ,คู่ขนานวงแหวนตะวันออก
คู่ขนานวงแหวนตะวันออก-จตุโชติ,จตุโชติ,คู่ขนานวงแหวนตะวันออก-จตุโชติ,จตุโชติ
หมู่บ้านร่มไทร,คลองลำเจียก 17,หมู่บ้านร่มไทร,คลองลำเจียก 17
หมู่บ้านร่มไทร,คลองลำเจียก 10,หมู่บ้านร่มไทร,คลองลำเจียก 10
หมู่บ้านร่มไทร,คลองลำเจียก,หมู่บ้านร่มไทร,คลองลำเจียก
ปุณวิถี,สุขุมวิท ,ปุณวิถี,สุขุมวิท
ปุณวิถี,สุขุมวิท 101/1,ปุณวิถี,สุขุมวิท 101/1
ซอยวชิรธรรมสาธิต 6,สุขุมวิท 101/1,ซอยวชิรธรรมสาธิต 6,สุขุมวิท 101/1
หน้า ธ.ยูโอบี,เยาวราช,หน้า ธ.ยูโอบี,เยาวราช
วัดประชา,ระนอง 1,วัดประชา,ระนอง 1
วุฒากาศ,เทอดไท 26,วุฒากาศ,เทอดไท 26
สะพานดำ,ทางลอดทางรถไฟถนนพระรามที่ 6,สะพานดำ,ทางลอดทางรถไฟถนนพระรามที่ 6
เจ้าคุณหทาร - ฉลองกรุง,ฉลองกรุง,เจ้าคุณหทาร - ฉลองกรุง,ฉลองกรุง
เจ้าคุณหทาร - ฉลองกรุง,เจ้าคุณทหาร,เจ้าคุณหทาร - ฉลองกรุง,เจ้าคุณทหาร
สุภาพบุรุษ,สุภาพบุรุษ,สุภาพบุรุษ,สุภาพบุรุษ
ปากซอยทวีวัฒนา 24,ทวีวัฒนา,ปากซอยทวีวัฒนา 24,ทวีวัฒนา
ปากซอยทองหล่อ 3,ทองหล่อ,ปากซอยทองหล่อ 3,ทองหล่อ
ปากซอยวชิรธรรมสาธิต 12,วชิรธรรมสาธิต,ปากซอยวชิรธรรมสาธิต 12,วชิรธรรมสาธิต
หน้า บ.กรีนสปอต,ศรีนครินทร์,หน้า บ.กรีนสปอต,ศรีนครินทร์
พระราม 9 -ประดิษฐ์มนูธรรม,ประดิษฐ์มนูธรรม,พระราม 9 -ประดิษฐ์มนูธรรม,ประดิษฐ์มนูธรรม
พระราม 9 -ประดิษฐ์มนูธรรม,พระราม 9,พระราม 9 -ประดิษฐ์มนูธรรม,พระราม 9
อุภัยเจษฎุทิศ,สวรรคโลก,อุภัยเจษฎุทิศ,สวรรคโลก
อุภัยเจษฎุทิศ,ราชวิถี,อุภัยเจษฎุทิศ,ราชวิถี
รร.ฤทธิยะวรรณาลัย,ทางเข้าออกหน่วยบัญชาการอากาศโยธิน,รร.ฤทธิยะวรรณาลัย,ทางเข้าออกหน่วยบัญชาการอากาศโยธิน
รร.ฤทธิยะวรรณาลัย,ช่องทางท่าดินแดง 5,รร.ฤทธิยะวรรณาลัย,ช่องทางท่าดินแดง 5
สาทร - คอนแวต์,คอนแวนต์,สาทร - คอนแวต์,คอนแวนต์
สาทร - คอนแวต์,สาทร,สาทร - คอนแวต์,สาทร
ทางข้ามใกล้แยกหลังสวน,สารสิน,ทางข้ามใกล้แยกหลังสวน,สารสิน
สุขุมวิท 11,สุขุมวิท 11,สุขุมวิท 11,สุขุมวิท 11
สุขุมวิท 11,สุขุมวิท,สุขุมวิท 11,สุขุมวิท
หน้าโรงแรม Calton,สุชุมวิท,หน้าโรงแรม Calton,สุชุมวิท
จุดกลับรถใกล้ซอยพัฒนาการ 89,พัฒนาการ,จุดกลับรถใกล้ซอยพัฒนาการ 89,พัฒนาการ
ปากซอยอ่อนนุข 41,อ่อนนุช 41,ปากซอยอ่อนนุข 41,อ่อนนุช 41
ปากซอยอ่อนนุข 41,อ่อนนุช,ปากซอยอ่อนนุข 41,อ่อนนุช
ซอยเจริญกุง 33,เจริญกรุง,ซอยเจริญกุง 33,เจริญกรุง
หมู่บ้านสหกรณ์,หมู่บ้านสหกรณ์,หมู่บ้านสหกรณ์,หมู่บ้านสหกรณ์
ด่วนเพลินจิต,ทางขึ้น -ลงทางด่วน,ด่วนเพลินจิต,ทางขึ้น -ลงทางด่วน
ทางข้ามดวงพิทักษ์,ดวงพิทักษ์,ทางข้ามดวงพิทักษ์,ดวงพิทักษ์
ทางข้ามดวงพิทักษ์,สุขุมวิท,ทางข้ามดวงพิทักษ์,สุขุมวิท
หน้า รพ.รวมใจรักษ์,สุขุมวิท 62,หน้า รพ.รวมใจรักษ์,สุขุมวิท 62
ราษฎร์พัฒนา - ราษฎร์พัฒนา 5,ราษฎร์พัฒนา,ราษฎร์พัฒนา - ราษฎร์พัฒนา 5,ราษฎร์พัฒนา
ราษฎร์พัฒนา - ราษฎร์พัฒนา 5,ราษฎร์พัฒนา 4,ราษฎร์พัฒนา - ราษฎร์พัฒนา 5,ราษฎร์พัฒนา 4
ราษฎร์พัฒนา - ราษฎร์พัฒนา 5,ราษฎร์พัฒนา 5,ราษฎร์พัฒนา - ราษฎร์พัฒนา 5,ราษฎร์พัฒนา 5
หน้า รร.สุเหร่าลาดบัวขาว,เคหะร่มเกล้า,หน้า รร.สุเหร่าลาดบัวขาว,เคหะร่มเกล้า
ซอยพัฒนาการ 30,พัฒนาการ 30,ซอยพัฒนาการ 30,พัฒนาการ 30
ซอยพัฒนาการ 30,พัฒนาการ,ซอยพัฒนาการ 30,พัฒนาการ
ประชาอุทิศ - เทียมร่วมมิตร,เทียมร่วมมิตร,ประชาอุทิศ - เทียมร่วมมิตร,เทียมร่วมมิตร
ประชาอุทิศ - เทียมร่วมมิตร,ประชาอุทิศ,ประชาอุทิศ - เทียมร่วมมิตร,ประชาอุทิศ
ปากซอยอุดมสุข 18,อุดมสุข,ปากซอยอุดมสุข 18,อุดมสุข
ปากซอยอุดมสุข 26,อุดมสุข,ปากซอยอุดมสุข 26,อุดมสุข
ปากซอยอุดมสุข 30,อุดมสุข,ปากซอยอุดมสุข 30,อุดมสุข
ซอยรามบุตรี,จักรพงษ์,ซอยรามบุตรี,จักรพงษ์
บางลำพู,จักรพงษ์,บางลำพู,จักรพงษ์
บางบอน,บางบอน 1 ,บางบอน,บางบอน 1
พาณิชยการพระนคร,พระรามที่ 5,พาณิชยการพระนคร,พระรามที่ 5
พาณิชยการพระนคร,พิษณุโลก,พาณิชยการพระนคร,พิษณุโลก
หน้าร้าน Dento Lighting,เจริญราษฎร์,หน้าร้าน Dento Lighting,เจริญราษฎร์
พระรามที่ 3 - นราธิวาส,พระรามที่ 3 ,พระรามที่ 3 - นราธิวาส,พระรามที่ 3
หน้าสำนักงานบำรุงรักษาสะพานพระพุทธยอดฟ้าฯ,สะพานพุทธ,หน้าสำนักงานบำรุงรักษาสะพานพระพุทธยอดฟ้าฯ,สะพานพุทธ
อุโมงค์ดินแดง,อุโมงค์ดินแดง,อุโมงค์ดินแดง,อุโมงค์ดินแดง
สะพานข้ามแยกสามเหลี่ยมดินแดง,สะพานข้ามแยกสามเหลี่ยมดินแดง,สะพานข้ามแยกสามเหลี่ยมดินแดง,สะพานข้ามแยกสามเหลี่ยมดินแดง
สะพานข้ามแยกประชาสงเคราะห์,สะพานข้ามแยกประชาสงเคราะห์,สะพานข้ามแยกประชาสงเคราะห์,สะพานข้ามแยกประชาสงเคราะห์
สะพานข้ามแยกพระราม 9,สะพานข้ามแยกพระราม 9,สะพานข้ามแยกพระราม 9,สะพานข้ามแยกพระราม 9
หน้า Mayfair Place,สุขุมวิท 50,หน้า Mayfair Place,สุขุมวิท 50
สวนแสงธรรม,พุทธมณฑลสาย 3,สวนแสงธรรม,พุทธมณฑลสาย 3
สวนแสงธรรม,บางแวก,สวนแสงธรรม,บางแวก
หน้าห้างธัญญาพาร์ค,ศรีนครินทร์,หน้าห้างธัญญาพาร์ค,ศรีนครินทร์
จุดกลับรถเพชรเกษม 98,เพชรเกษม,จุดกลับรถเพชรเกษม 98,เพชรเกษม
นราธิวาส - นราธิวาส 22,นราธิวาสราชนครินทร์,นราธิวาส - นราธิวาส 22,นราธิวาสราชนครินทร์
นราธิวาส - นราธิวาส 22,นราธิวาสราชนครินทร์ 22,นราธิวาส - นราธิวาส 22,นราธิวาสราชนครินทร์ 22
ปากซอยเอกชัย 64/5,เอกชัย 64/5,ปากซอยเอกชัย 64/5,เอกชัย 64/5
ปากซอยเอกชัย 64/5,เอกชัย,ปากซอยเอกชัย 64/5,เอกชัย
สะพานภูมิพล 1,สะพานภูมิพล,สะพานภูมิพล 1,สะพานภูมิพล
เลียบคลองภาษีเจริญฝั่งใต้ 6,เลียบคลองภาษีเจริญฝั่งใต้ 6,เลียบคลองภาษีเจริญฝั่งใต้ 6,เลียบคลองภาษีเจริญฝั่งใต้ 6
เลียบคลองภาษีเจริญฝั่งใต้ 6,เลียบคลองภาษีเจริญฝั่งใต้,เลียบคลองภาษีเจริญฝั่งใต้ 6,เลียบคลองภาษีเจริญฝั่งใต้
สุทธิสาร - วิภาวดี,วิภาวดีรังสิต,สุทธิสาร - วิภาวดี,วิภาวดีรังสิต
สุทธิสาร - วิภาวดี,สุทธิสาร,สุทธิสาร - วิภาวดี,สุทธิสาร
หน้า 7-11 ,อาจณรงค์,หน้า 7-11,อาจณรงค์
หน้าหมู่บ้านพฤกษ์ภิรมย์,แบริ่งลาซาล,หน้าหมู่บ้านพฤกษ์ภิรมย์,แบริ่งลาซาล
ลาซาล - แบริ่งลาซาล,สุขุมวิท 105(ลาซาล),ลาซาล - แบริ่งลาซาล,สุขุมวิท 105(ลาซาล)
เลียบคลองภาษีเจริญฝั่งใต้- เพชรเกษม 69,เพชรเกษม 69,เลียบคลองภาษีเจริญฝั่งใต้- เพชรเกษม 69,เพชรเกษม 69
เลียบคลองภาษีเจริญฝั่งใต้- เพชรเกษม 69,เลียบคลองภาษีเจริญฝั่งใต้,เลียบคลองภาษีเจริญฝั่งใต้- เพชรเกษม 69,เลียบคลองภาษีเจริญฝั่งใต้
เลียบคลองภาษีเจริญฝั่งใต้- เพชรเกษม 69,สวนจำปี,เลียบคลองภาษีเจริญฝั่งใต้- เพชรเกษม 69,สวนจำปี
อรุณอมรินทร์ - วังเดิม,อรุณอัมรินทร์ตัดใหม่,อรุณอมรินทร์ - วังเดิม,อรุณอัมรินทร์ตัดใหม่
หน้า หจก. ชาลี แสงแดง,หลวงแพ่ง,หน้า หจก. ชาลี แสงแดง,หลวงแพ่ง
ใกล้ซอยพระเทพรัตนโมลี 20,หลวงแพ่ง,ใกล้ซอยพระเทพรัตนโมลี 20,หลวงแพ่ง
หน้า บ.เฟิร์ส ทรานสปอร์ต,หลวงแพ่ง,หน้า บ.เฟิร์ส ทรานสปอร์ต,หลวงแพ่ง
ราษฎร์อุทิศ 68/2,ราษฎร์อุทิศ,ราษฎร์อุทิศ 68/2,ราษฎร์อุทิศ
เลียบวารี - ซ.มิตรไมตรี 23,มิตรไมตรี 23,เลียบวารี - ซ.มิตรไมตรี 23,มิตรไมตรี 23
เลียบวารี - ซ.มิตรไมตรี 23,เลียบวารี,เลียบวารี - ซ.มิตรไมตรี 23,เลียบวารี
เลียบคลองประปา - ซ.ย่านิ่มพัฒนา,เลียบคลองประปา,เลียบคลองประปา - ซ.ย่านิ่มพัฒนา,เลียบคลองประปา
เลียบคลองประปา - ซ.ย่านิ่มพัฒนา,ย่านิ่มพัฒนา,เลียบคลองประปา - ซ.ย่านิ่มพัฒนา,ย่านิ่มพัฒนา
เลียบคลองประปา - ซ.หมู่บ้านสวนพงษ์เพชร 7,เลียบคลองประปา,เลียบคลองประปา - ซ.หมู่บ้านสวนพงษ์เพชร 7,เลียบคลองประปา
เลียบคลองประปา - ซ.หมู่บ้านสวนพงษ์เพชร 7,หมู่บ้านสวนพงษ์เพชร 7,เลียบคลองประปา - ซ.หมู่บ้านสวนพงษ์เพชร 7,หมู่บ้านสวนพงษ์เพชร 7
คลองประปา – ซอยข้าง รร.เซนต์ฟรังซีสเซเวียร์,เลียบคลองประปา,คลองประปา – ซอยข้าง รร.เซนต์ฟรังซีสเซเวียร์,เลียบคลองประปา
คลองประปา – ซอยข้าง รร.เซนต์ฟรังซีสเซเวียร์,ข้างร.ร.เซนฟรังซีสเซเวียร์,คลองประปา – ซอยข้าง รร.เซนต์ฟรังซีสเซเวียร์,ข้างร.ร.เซนฟรังซีสเซเวียร์
คลองประปา – ซอยหมู่บ้านเพชรวัฒนะ,เลียบคลองประปา,คลองประปา – ซอยหมู่บ้านเพชรวัฒนะ,เลียบคลองประปา
คลองประปา – ซอยหมู่บ้านเพชรวัฒนะ,หมู่บ้านเพชรวัฒนะ,คลองประปา – ซอยหมู่บ้านเพชรวัฒนะ,หมู่บ้านเพชรวัฒนะ
พิงนคร 5 - ริมคลองตาอูฐ,พิงนคร 5 ,พิงนคร 5 - ริมคลองตาอูฐ,พิงนคร 5
พิงนคร 5 - ริมคลองตาอูฐ,ริมคลองตาอูฐ,พิงนคร 5 - ริมคลองตาอูฐ,ริมคลองตาอูฐ
แจ้งวัฒนะ – น่านเจ้า – แสนหวี,ซอยแจ้งวัฒนะ,แจ้งวัฒนะ – น่านเจ้า – แสนหวี,ซอยแจ้งวัฒนะ
แจ้งวัฒนะ – น่านเจ้า – แสนหวี,ซอยแสนหวี,แจ้งวัฒนะ – น่านเจ้า – แสนหวี,ซอยแสนหวี
แจ้งวัฒนะ – น่านเจ้า – แสนหวี,ซอยน่านเจ้า,แจ้งวัฒนะ – น่านเจ้า – แสนหวี,ซอยน่านเจ้า
เลียบคลองประปาฝั่งตะวันออก  - ซ.ส่วนบุคคล (หลังโลตัส),เลียบคลองประปาฝั่งตะวันออก,เลียบคลองประปาฝั่งตะวันออก - ซ.ส่วนบุคคล (หลังโลตัส),เลียบคลองประปาฝั่งตะวันออก
แจ้งวัฒนะ - เลียบคลองประปาฝั่งตะวันออก ,เลียบคลองประปาฝั่งตะวันออก,แจ้งวัฒนะ - เลียบคลองประปาฝั่งตะวันออก,เลียบคลองประปาฝั่งตะวันออก
แจ้งวัฒนะ - เลียบคลองประปาฝั่งตะวันออก ,แจ้งวัฒนะ,แจ้งวัฒนะ - เลียบคลองประปาฝั่งตะวันออก,แจ้งวัฒนะ
พระราม 2 ซ.50 แยก 5,พระราม 2 ซ.50,พระราม 2 ซ.50 แยก 5,พระราม 2 ซ.50
หน้า รร.สอนขับรถแอดวานซ์,พระราม 2 ซ.50,หน้า รร.สอนขับรถแอดวานซ์,พระราม 2 ซ.50
ปากซอยเจริญนคร 28,เจริญนคร,ปากซอยเจริญนคร 28,เจริญนคร
หน้ามัสยิดอัลอิสติกอมะห์,ประชาอุทิศ,หน้ามัสยิดอัลอิสติกอมะห์,ประชาอุทิศ
ปากซอยประชาอุทิศ 58/2,ประชาอุทิศ,ปากซอยประชาอุทิศ 58/2,ประชาอุทิศ
หน้าสถานเสาวภา สภากาชาดไทย,พระรามที่ 4,หน้าสถานเสาวภา สภากาชาดไทย,พระรามที่ 4
"เสนานิคม 
(23 เม.ย.69)",พหลโยธิน,เสนานิคม (23 เม.ย.69),พหลโยธิน
"เสนานิคม 
(23 เม.ย.69)",เสนานิคม,เสนานิคม (23 เม.ย.69),เสนานิคม
"เทอดไท 33
(24 เม.ย.69)",เทอดไท 33,เทอดไท 33 (24 เม.ย.69),เทอดไท 33
"เทอดไท 33
(24 เม.ย.69)",เทอดไท,เทอดไท 33 (24 เม.ย.69),เทอดไท
หน้าหมู่บ้านเพิ่มทรัพย์,เทอดไท,หน้าหมู่บ้านเพิ่มทรัพย์,เทอดไท
ปากซอยราษฎร์อุทิศ 27/6,ราษฎร์อุทิศ,ปากซอยราษฎร์อุทิศ 27/6,ราษฎร์อุทิศ
หน้าอาคาร CDG HOUSE,รัชดาภิเษก,หน้าอาคาร CDG HOUSE,รัชดาภิเษก
วังแดง,นครราชสีมา,วังแดง,นครราชสีมา
การเคหะ,นวมินทร์ 51,การเคหะ,นวมินทร์ 51
หน้าโรแรม ดิโอกุระ,วิทยุ,หน้าโรแรม ดิโอกุระ,วิทยุ
มักกะสัน,ราชปรารภ,มักกะสัน,ราชปรารภ
มักกะสัน,นิคมมักกะสัน,มักกะสัน,นิคมมักกะสัน
เอกมัย 9,เอกมัย,เอกมัย 9,เอกมัย
หน้าศูนย์การค้าไทยโก้,หลวงแพ่ง,หน้าศูนย์การค้าไทยโก้,หลวงแพ่ง
ประชาร่วมใจ - ราษฎร์ร่วมใจ,ราษฎร์ร่วมใจ,ประชาร่วมใจ - ราษฎร์ร่วมใจ,ราษฎร์ร่วมใจ
ประชาร่วมใจ - ราษฎร์ร่วมใจ,ประชาร่วมใจ,ประชาร่วมใจ - ราษฎร์ร่วมใจ,ประชาร่วมใจ
โรงเรียนนานาชาติแองโกลสิงคโปร์,สุขุมวิท 64,โรงเรียนนานาชาติแองโกลสิงคโปร์,สุขุมวิท 64
เทคนิคกรุงเทพ,นราธิวาสฯ17,เทคนิคกรุงเทพ,นราธิวาสฯ17
นวมินทร์ 10,นวมินทร์,นวมินทร์ 10,นวมินทร์
นวมินทร์ 10,นวมินทร์ 10,นวมินทร์ 10,นวมินทร์ 10
บางโพ ,ประชาราษฎร์สาย 1,บางโพ,ประชาราษฎร์สาย 1
บางโพ ,ประชาราษฎร์สาย 2,บางโพ,ประชาราษฎร์สาย 2
