intersection_key,road_key,ก่อนโควิด,โควิด,หลังโควิด
BRTสถานีสาทร,นราธิวาสราชนครินทร์,0,0,3
YMCA,ศาลาแดง,3,0,0
YMCA,สาทร,3,0,0
ก.ม.8,ซอยรามอินทรา73,6,0,0
ก.ม.8,นวมินทร์,6,0,0
ก.ม.8,รามอินทรา,6,0,0
กทม.1,ดินสอ,0,0,3
กทม.1,มหรรณพ,0,0,3
กม.11,กำแพงเพชร2,0,0,6
กม.11,นิคมรถไฟสาย1,0,0,6
กม.8,นวมินทร์,0,0,6
กม.8,รามอินทรา,0,0,6
กม.8,รามอินทรา73,0,0,6
กรมพลาธกิารทหารอากาศ,ซอยพลโยธนิ54/1,0,3,0
กรมพลาธกิารทหารอากาศ,ทางเข้าพลาธิการทอ.,0,3,0
กรมพลาธกิารทหารอากาศ,พหลโยธิน,0,3,0
กรมพลาธิการทหารอากาศ,ซอยพลโยธิน54/1,0,1,0
กรมพลาธิการทหารอากาศ,ซอยพลโยธิน54/2,0,1,0
กรมพลาธิการทหารอากาศ,ซอยพลโยธิน54/3,0,1,0
กรมพลาธิการทหารอากาศ,ทางเข้ากรมพลาธิการฯ,0,0,3
กรมพลาธิการทหารอากาศ,ทางเข้าพลาธิการทอ.,0,3,0
กรมพลาธิการทหารอากาศ,พหลโยธิน,0,3,2
กรมพลาธิการทหารอากาศ,พหลโยธิน54/1,0,0,3
กรมศุลกากร,สุนทรโกษา,6,3,0
กรมศุลกากร,อาจณรงค์,6,3,0
กรมศุลกากร,เกษมราษฎร์,6,3,0
กระทรวงแรงงาน,มิตรไมตรี,3,0,0
กระทรวงแรงงาน,มิตรไมตรี1,3,0,0
กรุงธนบุรี,กรุงธนบุรี,0,0,3
กรุงธนบุรี6,กรุงธนบุรี,0,0,3
กรุงธนบุรี6,กรุงธนบุรี6,0,0,3
กรุงธนบุรีเหนือ,กรุงธนบุรี,0,0,6
กรุงธนบุรีเหนือ,เจริญนคร,0,0,6
กรุงธนบุรีใต้,กรุงธนบุรี,0,0,6
กรุงธนบุรีใต้,เจริญนคร,0,0,6
กรุงเทพกรีฑา,กรุงเทพกรีฑา,3,3,0
กรุงเทพกรีฑา,ศรีนครินทร์,3,3,0
กรุงเทพกรีฑา,หัวหมาก,3,3,0
กรุงเทพกรีฑา-ศรีนครินทร์ร่มเกล้า,ซอยกรุงเทพกรีฑา7,0,0,3
กรุงเทพกรีฑา-ศรีนครินทร์ร่มเกล้า,ถนนกรุงเทพกรีฑา(EB),0,0,3
กรุงเทพกรีฑา-ศรีนครินทร์ร่มเกล้า,ถนนกรุงเทพกรีฑา(NB),0,0,3
กรุงเทพกรีฑา-ศรีนครินทร์ร่มเกล้า,ถนนศรีนครินทร์-ร่มเกล้า,0,0,3
กรุงเทพกรีฑา-หมู่บ้านนักกีฬาแหลมทอง,กรุงเทพกรีฑา,0,0,3
กรุงเทพกรีฑา-หมู่บ้านนักกีฬาแหลมทอง,หมู่บ้านนักกีฬาแหลมทอง,0,0,3
กรุงเทพกรีฑา20,กรุงเทพกรีฑา,0,0,6
กรุงเทพกรีฑา20,กรุงเทพกรีฑา20,0,0,6
กรุงเทพกรีฑา20,กรุงเทพกรีฑา37,0,0,6
กลางซอยแบริ่ง,แบริ่ง,0,0,3
กลางซอยแบริ่ง,แบริ่งลาซาล,0,0,3
กล้วยน้ำไท,กล้วยน้ำไท,0,0,3
กล้วยน้ำไท,กล้วยน้ำไทตัดใหม่,3,3,0
กล้วยน้ำไท,พระรามที่4,3,3,6
กล้วยน้ำไท,รัชดาภิเษก,0,0,3
กล้วยน้ำไท,เทียมร่วมมิตร,0,0,3
กษัตริย์ศึก,กรุงเกษม,6,0,9
กษัตริย์ศึก,บำรุงเมือง,6,0,9
กษัตริย์ศึก,พระรามที่1,0,0,3
กองบัญชาการกองทัพบก,ประชาธิปไตย,0,0,3
กาญจนาภิเษก-กัลปพฤกษ์,กัลปพฤกษ์,0,0,3
กาญจนาภิเษก-กัลปพฤกษ์,กาญจนาภิเษก,0,0,3
กาญจนาภิเษก5/1,กาญจนาภิเษก5/1,0,0,3
กาญจนาภิเษก5/1,คู่ขนานกาญจนาภิเษก(มอเตอร์เวย์9),0,0,3
กาญจนาภิเษก6,กาญจนาภิเษก6,0,0,3
กาญจนาภิเษก6,คู่ขนานกาญจนาภิเษก(มอเตอร์เวย์9),0,0,3
การสื่อสาร,แจ้งวัฒนะ,0,0,3
การสื่อสาร,แจ้งวัฒนะ7,0,0,3
การเคหะ,ซอยนวมินทร์51,3,0,0
การเคหะ,นวมินทร์,3,0,3
การเคหะ,นวมินทร์51,0,0,3
การเคหะ,ศรีบูรพา,3,0,3
การเรือน,นครราชสีมา,0,0,6
การเรือน,ราชวิถี,3,3,9
การเรือน,ราชสีมา,3,3,3
การไฟฟ้าชิดลม,ชิดลม,3,0,0
กำนันธารทิพย์,พุทธบูชา,0,0,6
กำนันธารทิพย์,พุทธบูชา36,0,0,6
กำนันธารทิพย์,พุทธบูชา39,0,0,6
กำนันแม้น,ซอยเทอดไท86,3,0,0
กำนันแม้น,ศาลธนบุรี,3,0,0
กำนันแม้น,เทอดไท,3,0,0
กำแพงเพชร,กำแพงเพชร,0,3,12
กำแพงเพชร,กําแพงเพชร,6,0,0
กำแพงเพชร,ซอนพหลโยธิน18,3,0,0
กำแพงเพชร,ซอยพหลโยธิน18,3,3,0
กำแพงเพชร,พหลโยธิน,6,3,12
กำแพงเพชร,พหลโยธิน18,0,0,12
กำแพงเพชร2,กำแพงเพชร,0,0,3
กำแพงเพชร2,กำแพงเพชร2,0,3,3
กำแพงเพชร5-ระนอง1-พระรามที่6ซอย37,กำแพงเพชร5,0,3,0
กำแพงเพชร5-ระนอง1-พระรามที่6ซอย37,พระรามที่6ซอย37,0,3,0
กำแพงเพชร5-ระนอง1-พระรามที่6ซอย37,ระนอง1,0,3,0
กำแพงเพชร6ซอย5แยก2,กำแพงเพชร6ซอย5,0,0,3
กำแพงเพชร6ซอย5แยก2,กำแพงเพชร6ซอย5แยก2,0,0,3
กำแพงเพชร6ซอย5แยก2,ส่วนบุคคล,0,0,3
ก่อนเข้าทางด่วน,สุขุมวิท62,0,0,3
ขัตติยานี,พิชัย,3,3,9
ขัตติยานี,สุโขทัย,3,3,9
ข้างวังสวนจิตรลดา,สวรรคโลก,3,0,0
ข้างวัดบวรนิเวศน์,บวรนิเวศน์,3,0,0
ข้างศาลาว่าการกรุงเทพมหานคร,ดินสอ,6,0,0
ข้างสวนดุสิต,พระรามที่5,3,0,0
ข้ามหน้าโรงเรียนมัธยมวัดบึงทองห,ลาดพร้าว101,3,0,0
ข้าวหลาม-เจริญกรุง,เจริญกรุง,0,0,3
ค.ป.อ.,จันทรุเบกษา,0,6,6
ค.ป.อ.,ธูปเตมีย์,0,6,6
ค.ป.อ.,พหลโยธิน,0,6,6
คนข้ามบริเวณหมู่บ้านมณฑล3,พุทธมณฑลสาย3,3,0,0
ครุใน,ครุใน,0,0,3
ครุใน,ประชาอุทิศ,0,0,3
คลองตัน,พัฒนาการ,6,3,6
คลองตัน,รามคำแหง,6,3,5
คลองตัน,สุขุมวิท,0,0,3
คลองตัน,สุขุมวิท71,6,3,3
คลองตัน,เพชรบุรี,6,3,7
คลองประปา,ประชาชื่น,3,3,3
คลองประปา,เลียบคลองประปา,3,3,3
คลองประปา,แจ้งวัฒนะ,3,3,3
คลองประปา–ซอยข้างรร.เซนต์ฟรังซีสเซเวียร์,ข้างร.ร.เซนฟรังซีสเซเวียร์,0,0,3
คลองประปา–ซอยข้างรร.เซนต์ฟรังซีสเซเวียร์,เลียบคลองประปา,0,0,3
คลองประปา–ซอยหมู่บ้านเพชรวัฒนะ,หมู่บ้านเพชรวัฒนะ,0,0,3
คลองประปา–ซอยหมู่บ้านเพชรวัฒนะ,เลียบคลองประปา,0,0,3
คลองสาน,ลาดหญ้า,9,3,12
คลองสาน,สมเด็จเจ้าพระยา,9,3,12
คลองสาน,เจริญนคร,9,3,12
คลองเตย,พระรามที่4,6,3,13
คลองเตย,สุนทรโกษา,6,3,11
คลังน้ำมัน,กำแพงเพชร6,0,3,0
คลังน้ำมัน,เชิดวุฒากาศ,0,3,0
คอกวัว,ตะนาว,6,6,6
คอกวัว,ราชดำเนินกลาง,6,6,6
คุ้มเกล้า16,คุ้มเกล้า,0,3,0
คู่ขนานวงแหวนตะวันออก-จตุโชติ,คู่ขนานวงแหวนตะวันออก,0,0,3
คู่ขนานวงแหวนตะวันออก-จตุโชติ,จตุโชติ,0,0,3
คู้คลองสิบซอย7,คู้คลองสิบ,0,3,0
คู้บอน,ซอยคู้บอน,0,3,0
คู้บอน,รามอินทรา,0,3,0
คู้บอน-พระยาสุเรนทร์-เลียบคลองสอง,คู้บอน,0,0,6
คู้บอน-พระยาสุเรนทร์-เลียบคลองสอง,พระยาสุเรนทร์,0,0,6
คู้บอน-พระยาสุเรนทร์-เลียบคลองสอง,เลียบคลองสอง,0,0,6
คู้บอน-พระยาสุเรนท์,คู้บอน,0,3,0
คู้บอน-พระยาสุเรนท์,พระยาสุเรนทร์,0,3,0
คู้บอน-พระยาสุเรนท์,เลียบคลองสอง,0,3,0
คู้บอน6,คู้บอน,0,0,3
คู้บอน6,คู้บอน6,0,0,3
จ.ป.ร,จักรพรรดิพงษ์,3,0,0
จ.ป.ร,ราชดำเนฉินนอก,3,0,0
จ.ป.ร.,จักรพรรดิพงษ์,0,3,6
จ.ป.ร.,ราขดำเนินนอก,0,0,3
จ.ป.ร.,ราชดำเนินนอก,0,0,3
จ.ป.ร.,ราชดําเนินนอก,0,3,0
จ.ป.ร.,วิสุทธิ์กษัตริย์,0,0,3
จตุโชติ,จตุโชติ,0,0,3
จตุโชติ,สุขาภิบาล5,0,0,3
จปร.,ถนนจักรพรรดิพงษ์,0,0,3
จปร.,ถนนราชดำเนินนอก,0,0,3
จปร.,ถนนวิสุทธิกษัตริย์,0,0,3
จรัญสนิทวงศ์-สุทธาวาส,จรัญสนิทวงศ์,0,0,3
จรัญสนิทวงศ์-สุทธาวาส,สุทธาวาส,0,0,3
จรัญสนิทวงศ์-สุทธาวาส,เลียบทางรถไฟตลิ่งชัน,0,0,3
จรัญสนิทวงศ์31/1,จรัญสนิทวงศ์,3,0,0
จรัญสนิทวงศ์31/1,ซอยจรัญสนิทวงศ์31/1,3,0,0
จรัญสนิทวงศ์35,จรัญสนิทวงศ์,0,0,6
จรัญสนิทวงศ์35,จรัญสนิทวงศ์35,0,0,6
จอมทอง,จอมทอง,3,3,9
จอมทอง,วุฒากาศ,3,3,9
จอมทอง,เอกชัย,0,0,6
จักรพรรดิพงษ์,จักรพรรดิพงษ์,6,6,9
จักรพรรดิพงษ์,นครสวรรค์,6,6,9
จันทน์-นราธิวาส,จันทน์,6,5,9
จันทน์-นราธิวาส,นราธิวาสราชนครินทร์,3,5,6
จันทน์-นราธิวาส,นราธิวาสฯ,3,0,3
จันทน์-นราธิวาส,เลียบคลองภาษีเจริญฝั่งเหนือ,0,2,0
จันทน์-เจริญราษฎร์,จันทน์,6,3,9
จันทน์-เจริญราษฎร์,เจริญราษฎร์,6,3,9
จันทน์-เซ็นหลุยส์,จันทน์,0,0,3
จันทน์-เซ็นหลุยส์,พระแม่มารี,0,0,3
จันทน์-เซ็นหลุยส์,เซ็นหลุยส์,0,0,3
จันทิมา,ลาดพร้าว,0,0,6
จันทิมา,ลาดพร้าว80,0,0,6
จารุเมือง-จรัสเมือง,จรัสเมือง,0,0,3
จารุเมือง-จรัสเมือง,จารุเมือง,0,0,3
จารุเมือง-จรัสเมือง,พระรามที่6,0,0,3
จุดกลับรถการประปาสาขาสุวรรณภูมิ,หลวงแพ่ง,0,0,3
จุดกลับรถก่อนถึงทางเข้าหน้าวัดหนองผักชี(ใกล้ชุมชนระเบียงทอง3),รัตนโกสินทร์สมโภชน์,3,0,0
จุดกลับรถซอยเทียนทะเล1,เทียนทะเล,3,0,0
จุดกลับรถซอยเทียนทะเล11,เทียนทะเล,3,0,0
จุดกลับรถถนนลาดพร้าว(ใต้ทางด่วนฉลองรัช),ลาดพร้าว,0,0,3
จุดกลับรถบางขุนเทียน14,บางขุนเทียนชายทะเล,6,0,0
จุดกลับรถปากซอยอ่อนนุช59,อ่อนนุช,0,0,3
จุดกลับรถปากซอยอ่อนนุช59,อ่อนนุช59,0,0,3
จุดกลับรถศรีนครินทร์หน้าเต็นท์รถเอพี,ศรีนครินทร์,0,0,3
จุดกลับรถหน้าวัดหนองผักชี,รัตนโกสินทร์สมโภชน์,3,0,0
จุดกลับรถหน้าโชว์รูมฟอรด์ใกล้ชอยลาดกระบัง1/5,ลาดกระบัง,3,0,0
จุดกลับรถหน้าไปรษณีย์บางบอน,ประชาอุทิศ,0,0,1
จุดกลับรถหน้าไปรษณีย์บางบอน,เอกชัย,0,0,3
จุดกลับรถเพชรเกษม98,เพชรเกษม,0,0,3
จุดกลับรถแอมคาร์ออดิโอ,หลวงแพ่ง,0,0,3
จุดกลับรถใกล้ซอยพัฒนาการ89,พัฒนาการ,0,0,3
จุดกลับรถใกล้โฮมโปรพระราม9,พระราม9,0,0,3
จุดตัดถนนบางระมาด-กาญจนาภิเษก,วัดอินทราวาส,3,0,0
จุดตัดถนนราชพฤกษ์,วัดอินทราวาส,6,0,0
จุดตัดถนนลาดพร้าวกับถนนประดิษฐ์มนูธรรม,ลาดพร้าว,0,0,3
จุดตัดบางระมาด-กาญจนาภิเษก,บางระมาด,3,0,0
จุดตัดพุทธมณฑลสาย1,วัดอินทราวาส,6,0,0
จุฬา12,จุฬา12,0,0,6
จุฬา12,จุฬา62,0,0,3
จุฬา12,ซอยจุฬา12,3,3,0
จุฬา12,ทางเข้าจุฬาฯ,0,0,3
จุฬา12,ทางเข้าออกม.จุฬา,3,3,0
จุฬา12,พญาไท,3,3,6
ฉลองกรุง42,ฉลองกรุง,0,0,3
ฉลองกรุง42,ฉลองกรุง42,0,0,3
ชักพระ,ชักพระ,0,0,3
ชักพระ,ชัยพฤกษ์,0,0,3
ชิดลม,ชิดลม,3,0,3
ชิดลม,ซอยชิดลม,3,0,0
ชิดลม,เพลินจิต,6,0,3
ชุมชนพัฒนาล็อค4-5-6,ทางขึ้นทางด่วน,3,0,0
ชุมชนพัฒนาล็อค4-5-6,ทางชุมชนพัฒนาล็อค4-5-6,3,0,0
ชุมชนพัฒนาล็อค4-5-6,อาจณรงค์,3,0,0
ชุมชนสวัสดิการหนองแขม,สวัสดิการ1,0,0,3
ช่างอากาศอุทิศ-เชิดวุฒากาศ,ช่างอากาศอุทิศ,0,0,3
ช่างอากาศอุทิศ-เชิดวุฒากาศ,เชิดวุฒากาศ/กำแพงเพชร,0,0,3
ซอยกรุงเทพกรีฑา20,กรุงเทพกรีฑา,3,0,0
ซอยกรุงเทพกรีฑา20,ซอยกรุงเทพกรีฑา20,3,0,0
ซอยกรุงเทพกรีฑา20,ซอยกรุงเทพกรีฑา37,3,0,0
ซอยคู้บอน34,คู้บอน,0,0,3
ซอยจรัญสนิทวงศ์3,จรัญสนิทวงศ์,3,0,0
ซอยจรัญสนิทวงศ์3,ซอยจรัญสนิทวงศ์,3,0,0
ซอยจรัญฯ94,จรัญสนิทวงศ์,0,3,0
ซอยจันทน์15/1,จันทน์,0,3,0
ซอยทวีวัฒนา9,ซอยทวีวัฒนา9,0,3,0
ซอยทวีวัฒนา9,ทวีวัฒนา,0,3,0
ซอยทองหล่อ13,ทองหล่อ,3,0,0
ซอยทองหล่อ23,ทองหล่อ,3,0,0
ซอยทองหล่อ25,ทองหล่อ,3,0,0
ซอยทองหล่อ3,ทองหล่อ,3,0,0
ซอยนราธิวาส10แยก18,นราธิวาสฯซอย8,0,0,3
ซอยนราธิวาสราชนครนิทร์26,นราธิวาสราชนครินทร์,0,6,0
ซอยนราธิวาสฯ20,นราธิวาสราชนครินทร์,0,3,0
ซอยนราธิวาสฯ24,นราธิวาสราชนครินทร์,0,3,0
ซอยนราธิวาสฯ9,นราธิวาสราชนครินทร์,0,3,0
ซอยพระราม3ซอย68,พระรามที่3,0,3,0
ซอยพร้อมจิตร,ซอยพร้อมจิตร,0,0,3
ซอยพร้อมพงษ์,ซอยพร้อมพงษ์,0,0,3
ซอยพหลโยธิน15,พหลโยธิน,0,3,0
ซอยพหลโยธิน18/2,พหลโยธิน,0,3,0
ซอยพหลโยธิน52แยก48,เทพรักษ์,3,0,0
ซอยพหลโยธิน52แยก48,เทพารักษ์,3,0,0
ซอยพัฒนาการ30,พัฒนาการ,0,0,3
ซอยพัฒนาการ30,พัฒนาการ30,0,0,3
ซอยพุทธบูชา38,พุทธบูชา,0,0,3
ซอยพุทธบูชา40และ42,พุทธบูชา,0,0,3
ซอยพุทธบูชา43,พุทธบูชา,0,0,3
ซอยพุทธบูชา44และ44/1,พุทธบูชา,0,0,3
ซอยมาเจริญ3,มาเจริญ,0,0,3
ซอยรัชดา30,รัชดาภิเษก,0,3,0
ซอยรัชดาภิเษก14,รัชดาภิเษก,0,3,0
ซอยรัชดาภิเษก3,รัชดาภิเษก,0,3,0
ซอยรัชดาภิเษก9,รัชดาภิเษก,0,3,0
ซอยรางน้ำ,พญาไท,0,3,0
ซอยราชปรารภ3,ราชปรารภ,0,3,0
ซอยราชวิถี6,ราชวิถี,0,3,0
ซอยรามบุตรี,จักรพงษ์,0,0,3
ซอยวชิรธรรมสาธิต6,สุขุมวิท101/1,0,0,3
ซอยวัดสุคันธาราม,ซอยวัดสุคันธาราม,0,3,0
ซอยวัดสุคันธาราม,สวรรคโลก,0,3,0
ซอยสมเด็จพระเจ้าตากสิน19,สมเด็จพระเจ้าตากสิน,0,3,0
ซอยสวัสดี,ซอยสวัสดี,0,0,3
ซอยสุขุมวิท2,สุขุมวิท,0,0,3
ซอยสุขุมวิท2,สุขุมวิท2,0,0,3
ซอยหัวหมาก21และ23,หัวหมาก,3,0,0
ซอยหัวหมาก25,หัวหมาก,3,0,0
ซอยอรุณมักกินนอน,วิทยุ,0,0,3
ซอยอรุณมักกินนอน,อรุณมักกินนอน,0,0,3
ซอยอ่อนนุช65,อ่อนนุช,0,0,3
ซอยอ่อนนุช65,อ่อนนุช65,0,0,3
ซอยเจริญกรุง61,เจริญกรุง,0,3,0
ซอยเจริญกุง33,เจริญกรุง,0,0,3
ซอยเฉลิมพระเกียรติร.967,เฉลิมพระเกียรติร.9,0,0,3
ซอยเชื่อมสัมพันธ์19/1,เชื่อมสัมพันธ์,0,0,3
ซอยเทอดไท21,ราชพฤกษ์,0,3,0
ซอยเทียนทะเล2,บางขุนเทียน-ชายทะเล,0,0,3
ซอยเทียนทะเล22,บางขุนเทียน-ชายทะเล,0,0,2
ซอยเทียนทะเล22,เทียนทะเล22,0,0,3
ซอยเทียนทะเล23,บางขุนเทียน-ชายทะเล,0,0,3
ซอยเพชรบุรี27,เพชรบุรี,0,3,0
ซอยเอกชัย15,เอกชัย,0,0,3
ซังฮี้,ราชวิถี,6,3,6
ซังฮี้,สามเสน,6,3,6
ณระนอง,ณระนอง,6,0,3
ณระนอง,พระรามที่3,6,0,3
ณระนอง,รัชดาภิเษก,6,0,3
ณระนอง,สุนทรโกษา,6,0,3
ดาวคะนอง,จอมทอง,9,3,9
ดาวคะนอง,สมเด็จพระเจ้าตากสิน,9,3,9
ดินแดง,ดินแดง,0,0,3
ดินแดง,วิภาวดีรังสิต,0,0,3
ดินแดง,อโศกดินแดง,0,0,3
ด่วนกำแพงเพชร,กำแพงเพชร,0,0,3
ด่วนกำแพงเพชร,เจษฎา,0,0,3
ด่วนนางลิ้นจี่,นางลิ้นจี่,3,3,6
ด่วนนางลิ้นจี่,รัชดาภิเษก,3,3,6
ด่วนประชาชื่น,ประชาชื่น,0,3,3
ด่วนประชาชื่น,สายสิน,0,3,3
ด่วนสาธุ,รัชดาภิเษก,3,3,3
ด่วนสาธุ,สาธุประดิษฐ์,3,3,3
ด่วนสีลม,ขึ้น-ลงทางด่วนศรีรัช,3,0,0
ด่วนสีลม,ทางลงทางด่วน,0,3,0
ด่วนสีลม,สีลม,3,3,3
ด่วนสีลม,เลียบใต้ทางด่วน,3,3,3
ด่วนสุขุมวิท62,ซอยสุขุมวิท62,3,3,0
ด่วนสุขุมวิท62,สุขุมวิท,3,3,5
ด่วนสุขุมวิท62,สุขุมวิท62,0,0,6
ด่วนเกษมราษฎร์,ทางขึ้นลงทางด่วน,3,3,6
ด่วนเกษมราษฎร์,เกษมราษฎร์,3,3,6
ด่วนเพลินจิต,ดวงพิทักษ์,3,3,3
ด่วนเพลินจิต,ถนนดวงพิทักษ์,0,0,3
ด่วนเพลินจิต,ถนนเพลินจิต,0,0,3
ด่วนเพลินจิต,ทางขึ้นลงทางด่วน,3,3,9
ด่วนเพลินจิต,สุขุมวิท,3,3,3
ด่วนเพลินจิต,เพลินจิต,3,3,6
ตรงข้ามพระตำหนักจิตรลดารโหฐาน,พระรามที่5,0,3,0
ตรงข้ามลานจอดรถ2ตลาดสะพานใหม่,พหลโยธิน,0,3,0
ตรงข้ามวัดชำนิหัตถการ,ซอยที่1,0,0,3
ตรงข้ามวัดชำนิหัตถการ,ซอยที่2,0,0,3
ตรงข้ามวัดชำนิหัตถการ,พระรามที่1,0,0,3
ตรอกจันทน์,จันทน์,3,3,3
ตรอกจันทน์,ทางเข้าคอนโด,0,0,3
ตรอกจันทน์,ทางเข้าคอนโดฯ,3,0,0
ตรอกจันทน์,เจริญกรุง,3,3,3
ตรอกจันทร์,จันทน์,0,9,3
ตรอกจันทร์,ทางเข้าคอนโดฯ,0,9,3
ตรอกจันทร์,เจริญกรุง,0,9,3
ตลาดคู้,คู้คลองสิบ,0,3,0
ตลาดคู้,มิตรไมตรี,0,3,0
ตลาดคู้,เลียบวารี,0,3,0
ตลาดพลู,รัชดาภิเษก,6,3,0
ตลาดพลู,เทอดไท,6,3,0
ตลาดวงศกร,ทางเข้าออกตลาดวงศกร,0,0,6
ตลาดวงศกร,สายไหม,0,0,6
ตลาดวงศกร,เฉลิมพงษ์,0,0,6
ตลาดอตก.,กำแพงเพชร2,3,0,0
ตลาดอตก.,กําแพงเพชร,3,0,0
ตลาดเกรียงไกร,เคหะร่มเกล้า(EB),0,0,3
ตลาดเกรียงไกร,เคหะร่มเกล้า(SB),0,0,3
ตลาดเกรียงไกร,เคหะร่มเกล้า31,0,0,3
ตลาดเกรียงไกร,เคหะร่มเกล้า33,0,0,3
ตากสิน,กรุงธนบุรี,6,3,3
ตากสิน,ราชพฤกษ์,6,3,3
ตากสิน,สมเด็จพระเจ้าตากสิน,6,3,3
ตากสิน37,สมเดจ็พระเจ้าตากสิน,0,3,0
ตากสิน37,สมเด็จพระเจ้าตากสิน,0,0,3
ตากสิน42,สมเด็จพระเจ้าตากสิน,0,0,3
ตีทอง-ราชบพิธ,ตีทอง,0,3,0
ตีทอง-ราชบพิธ,ราชบพิธ,0,3,0
ตีทอง-ลงท่า-หน้าวัง,ตีทอง,0,3,0
ตีทอง-ลงท่า-หน้าวัง,หน้าวัง,0,3,0
ตีทอง-สระสรง,ซอยสระสรง,0,3,0
ตีทอง-สระสรง,ตีทอง,0,3,0
ตึกชัย,ประดิพัทธ์,3,0,0
ตึกชัย,พระรามที่6,0,9,6
ตึกชัย,พหลโยธิน,3,0,0
ตึกชัย,ราชวิถี,0,9,6
ตึกชัย,สุทธิสาร,3,0,0
ต่างระดับหลวงแพ่งตะวันตก,ทางขึ้นมอเตอร์เวย์,0,0,3
ต่างระดับหลวงแพ่งตะวันตก,หลวงแพ่ง,0,0,3
ถนนดินสอระหว่างถนนมหรรณพ-เสาชิงช้า,ดินสอ,0,0,3
ถนนดินสอระหว่างอ.ประชาธิปไตย-ถนนมหรรณ,ดินสอ,0,0,3
ถนนตก,ถนนตก,0,3,0
ถนนตก,พระรามที่3,6,6,6
ถนนตก,เจริญกรุง,6,6,6
ถนนตะนาวระหว่างมหรรณพ-สี่กั๊กเสาชิงช้า,ตะนาว,0,0,3
ถนนทวีวัฒนา-ซอยศาลาธรรมสพน์,ซอยศาลาธรรมสพน์,3,0,0
ถนนทวีวัฒนา-ซอยศาลาธรรมสพน์,ทวีวัฒนา,3,0,0
ถนนนเรศตัดถนนสุรวงศ์,นเรศ,3,0,0
ถนนนเรศตัดถนนสุรวงศ์,สุรวงศ์,3,0,0
ถนนพุทธสาย2-ซอยศาลาธรรมสพน์,ซอยศาลาธรรมสพน์,3,0,0
ถนนพุทธสาย2-ซอยศาลาธรรมสพน์,พุทธมณฑลสาย2,3,0,0
ถนนพุทธสาย3-ซอยศาลาธรรมสพน์,ซอยศาลาธรรมสพน์,3,0,0
ถนนพุทธสาย3-ซอยศาลาธรรมสพน์,พุทธมณฑลสาย3,3,0,0
ถนนมหรรณพระหว่างมหรรณพ-สี่กั๊กเสาชิงช้า,มหรรณพ,0,0,3
ถนนราชบพิธระหว่างถนนตีทอง-ถนนเฟื่องนคร,ราชบพิธ,0,0,3
ถนนสำราญราษฎร์ระหว่างถนนมหาไชย-ถนนศิริพงษ์,สำราญราษฎร์,0,0,3
ถนนเทพรักษ์-สุขาภิบาล5,เทพรักษ์,3,0,0
ถาวรธวัช,ถาวรธวัช,0,3,0
ถาวรธวัช,พัฒนาการ,0,3,0
ททัยมิตร-นิมิตใหม่,ซอยวัดสุขใจ,3,0,0
ททัยมิตร-นิมิตใหม่,นิมิตใหม่,3,0,0
ททัยมิตร-นิมิตใหม่,หทัยมิตร,3,0,0
ทวีวัฒนา-ทวีวัฒนา9,ทวีวัฒนา,0,0,3
ทวีวัฒนา-ทวีวัฒนา9,ทวีวัฒนา9,0,0,3
ทวีวัฒนา-อักษะ,ทวีวัฒนา,0,3,0
ทวีวัฒนา-อักษะ,อักษะ,0,3,0
ทหาร-ซอยอาคารสงเคราะห์กองทัพบก,ซอยอาคารสงเคราะห์กองทัพบก,0,3,0
ทหาร-ซอยอาคารสงเคราะห์กองทัพบก,ทหาร,0,3,0
ทองหล่อ,ซอยสุขุมวิท55,3,0,0
ทองหล่อ,ซอยสุขุมวิท55(ทองหล่อ),3,0,0
ทองหล่อ,สุขุมวิท,6,3,12
ทองหล่อ,สุขุมวิท55,0,0,12
ทองหล่อ,สุขุมวิท55(ทองหล่อ),0,3,0
ทองหล่อ10,ซอยทองหล่อ10,3,0,0
ทองหล่อ10,ซอยทองหล่อ11,3,0,0
ทองหล่อ10,ทองหล่อ,3,0,3
ทองหล่อ10,ทองหล่อ10,0,0,3
ทองหล่อ10,ทองหล่อ11,0,0,3
ทางขึ้นทางด่วนจตุรโชติ,เลียบด่วนอาจณรงค์รามอินทรา,3,0,0
ทางขึ้นทางด่วนจตุรโชติ,เลียบทางด่วน,3,0,0
ทางข้ามข้างวัดสุทัศน์,ตีทอง,0,0,3
ทางข้ามดวงพิทักษ์,ดวงพิทักษ์,0,0,3
ทางข้ามดวงพิทักษ์,สุขุมวิท,0,0,3
ทางข้ามถ.พุทธมณฑลสาย1,พุทธมณฑลสาย1,3,0,0
ทางข้ามถนนหลานหลวง(ใกล้ถนนเพนียง),หลานหลวง,3,0,0
ทางข้ามถนนเลียบคลองผดุงกรุงเกษม,เลียบคลองผดุงกรุงเกษม,6,0,0
ทางข้ามทางข้ามหน้าโรงเรียนวัดราชบพิตร,สนามไชย,3,0,0
ทางข้ามทางเข้าวัดมะกอก,พุทธมณฑลสาย1,0,3,0
ทางข้ามทางเข้าโรงเรียนบ้านนายเหรียญ,ทางเข้าโรงเรียนบ้านนายเหรียญ,3,0,0
ทางข้ามทางเข้าโรงเรียนบ้านนายเหรียญ,บางบอน4ซอย14,3,0,0
ทางข้ามธ.กสิกรไทย,พหลโยธิน,0,0,3
ทางข้ามบริเวณซอยอุดมสุข37,อุดมสุข,3,0,0
ทางข้ามบริเวณสวนสาธารณะทางลงจากมอเตอร์เวย์,ศรีนครินทร์,0,0,3
ทางข้ามบริเวณหน้าตึกอรกานต์,ชิดลม,3,0,0
ทางข้ามบ้านสวนริมคลอง,ศรีนครินทร์-ร่มเกล้า,0,0,3
ทางข้ามประชาสงเคราะห์ตัดมิตรไมตรี,ประชาสงเคราะห์,0,0,3
ทางข้ามปากซอยประชาสงเคราะห์1,ประชาสงเคราะห์,0,0,3
ทางข้ามปากซอยประชาสงเคราะห์12,ประชาสงเคราะห์,0,0,3
ทางข้ามปากซอยประชาสงเคราะห์13,ประชาสงเคราะห์,0,0,3
ทางข้ามปากซอยประชาสงเคราะห์16,ประชาสงเคราะห์,0,0,3
ทางข้ามปากซอยประชาสงเคราะห์2,ประชาสงเคราะห์,0,0,3
ทางข้ามปากซอยประชาสงเคราะห์23,ประชาสงเคราะห์,0,0,3
ทางข้ามปากซอยประชาสงเคราะห์24,ประชาสงเคราะห์,0,0,3
ทางข้ามปากซอยประชาสงเคราะห์27,ประชาสงเคราะห์,0,0,3
ทางข้ามปากซอยประชาสงเคราะห์28,ประชาสงเคราะห์,0,0,3
ทางข้ามปากซอยประชาสงเคราะห์30,ประชาสงเคราะห์,0,0,3
ทางข้ามปากซอยประชาสงเคราะห์32,ประชาสงเคราะห์,0,0,3
ทางข้ามปากซอยประชาสงเคราะห์36,ประชาสงเคราะห์,0,0,3
ทางข้ามปากซอยประชาสงเคราะห์37,ประชาสงเคราะห์,0,0,3
ทางข้ามปากซอยประชาสงเคราะห์39,ประชาสงเคราะห์,0,0,3
ทางข้ามปากซอยประชาสงเคราะห์4,ประชาสงเคราะห์,0,0,3
ทางข้ามปากซอยประชาสงเคราะห์43,ประชาสงเคราะห์,0,0,3
ทางข้ามปากซอยประชาสงเคราะห์5,ประชาสงเคราะห์,0,0,3
ทางข้ามปากซอยพหลโยธิน54/1,พหลโยธิน,0,0,3
ทางข้ามปากซอยพุทธมณฑลสาย3ซอย3และซอย5,พุทธมณฑลสาย3,3,0,0
ทางข้ามปากซอยมิตรไมตรี3,ประชาสงเคราะห์,0,0,3
ทางข้ามปากซอยวัดเทพพล,พรานนก-พุทธมณฑลสาย4,3,0,0
ทางข้ามปากซอยสามเสน1,สามเสน,3,0,3
ทางข้ามปากซอยสามเสน19,สามเสน,0,0,3
ทางข้ามปากซอยอุดมสุข47,สุขุมวิท103(อุดมสุข),3,0,0
ทางข้ามปากซอยอ่อนนุช11,อ่อนนุช,0,0,3
ทางข้ามปากซอยอ่อนนุช37/1,อ่อนนุช,0,0,3
ทางข้ามปากซอยอ่อนนุช49,อ่อนนุช,3,0,0
ทางข้ามปากซอยอ่อนนุช65,อ่อนนุช,3,0,0
ทางข้ามปากซอยอ่อนนุช74/3,อ่อนนุช,3,0,0
ทางข้ามปากซอยเอกชัย32,เอกชัย,3,0,0
ทางข้ามพหลโยธิน36,พหลโยธิน,0,0,3
ทางข้ามรร.ผ่องพลอยอนุสรณ์,ลาซาล55,0,0,3
ทางข้ามระหว่างซอยจรัญสนิทวงศ์44-46,จรัญสนิทวงศ์,0,0,3
ทางข้ามระหว่างซอยพุทธบูชา22-22/1,พุทธบูชา,0,0,3
ทางข้ามระหว่างซอยศาลาธรรมสพน์23และ21,ศาลาธรรมสพน์,3,0,0
ทางข้ามระหว่างวัดปทุมวนารามกับเซ็นทรัลเวิลด์,พระรามที่1,0,3,0
ทางข้ามสุขุมวิท21ซอย1,อโศก,3,0,0
ทางข้ามสุขุมวิท21ซอย3,อโศก,3,0,0
ทางข้ามหน้าSMทาวเวอร์,พหลโยธิน,0,0,3
ทางข้ามหน้ากรมส่งเสริมวัฒนธรรม,วัฒนธรรม,3,0,0
ทางข้ามหน้ากองปราบปราม,พหลโยธิน,0,0,3
ทางข้ามหน้าชุมชนน้องใหม่,อาจณรงค์,3,0,0
ทางข้ามหน้าตลาดบางเขน,พหลโยธิน,0,0,3
ทางข้ามหน้าตลาดพิบูลย์วิทย์6,เอกชัย,3,0,0
ทางข้ามหน้าตลาดสะพานใหม่,พหลโยธิน,0,0,3
ทางข้ามหน้าตลาดเทเวศร์,สามเสน,0,0,3
ทางข้ามหน้าตึกจีเอ็มเอ็มแกรมมี,อโศก,3,0,0
ทางข้ามหน้าทำเนียบรัฐบาล,พิษณุโลก,0,0,3
ทางข้ามหน้าท่าวาสุกรี,สามเสน,0,0,3
ทางข้ามหน้าธ.ออมสิน,พหลโยธิน,0,0,3
ทางข้ามหน้าธนาคารกรุงศรีฯสาขาจอมทอง,เอกชัย,3,0,0
ทางข้ามหน้าธนาคารกรุงเทพ,พหลโยธิน,0,0,3
ทางข้ามหน้าธนาคารเกียรตินาคิน,อโศก,3,0,0
ทางข้ามหน้าธนาคารแห่งประเทศไทย,สามเสน,0,0,3
ทางข้ามหน้าบิ๊กซี,พหลโยธิน,0,0,3
ทางข้ามหน้าปากซอยนามบัญญัติ,ประชาธิปไตย,3,0,0
ทางข้ามหน้าปากซอยเฉลิมพระเกียรติ43,เฉลิมพระเกียรติร.9,3,0,0
ทางข้ามหน้าม.เกษตร,พหลโยธิน,0,0,3
ทางข้ามหน้ารพ.วิภาราม,พัฒนาการ,0,0,3
ทางข้ามหน้าร้านจ.ทรัพย์ทวีคูณและบ.อุมศักดิ์ก๊กเอ๊งทรานสปอร์ต,พุทธมณฑลสาย3,0,0,3
ทางข้ามหน้าวัดตรีทศเทพ,ประชาธิปไตย,0,0,3
ทางข้ามหน้าวัดราษฎร์บำรุง,เพชรเกษม69,3,0,0
ทางข้ามหน้าวัดเศวตฉัตร,เจริญนคร,0,3,0
ทางข้ามหน้าศูนย์บริการสาธารณสุข4,ประชาสงเคราะห์,0,0,3
ทางข้ามหน้าสถานีโทรทัศน์กองทัพบกช่อง5,พหลโยธิน,3,0,0
ทางข้ามหน้าสถาบันโรคไตฯ,พญาไท,0,0,3
ทางข้ามหน้าสน.ทองหล่อ,ซอยสุขุมวิท55,3,0,0
ทางข้ามหน้าสมาคมแม่บ้านทหารอากาศ,พหลโยธิน,0,0,3
ทางข้ามหน้าสำนักงานตำรวจแห่งชาติ,พระรามที่1,3,0,0
ทางข้ามหน้าหมู่บ้านกรีนวิลล์,พุทธมณฑลสาย2,3,0,0
ทางข้ามหน้าหมู่บ้านธันยกานต์(ซอยวัชรพล25),วัชรพล,3,0,0
ทางข้ามหน้าหมู่บ้านมหาดไทย,พุทธมณฑลสาย1,3,0,0
ทางข้ามหน้าหมู่บ้านสินทรัพย์นคร,พุทธมณฑลสาย2,0,3,0
ทางข้ามหน้าอาคารสำนักงบประมาณ,พหลโยธิน,0,0,3
ทางข้ามหน้าเซนทรัลเฟสติวัลอีวิลล์,ประดิษฐ์มนูธรรม,3,0,0
ทางข้ามหน้าเมเจอร์อเวนิวและธนาคารไทยพาณิชย์,สุโขทัย,3,0,0
ทางข้ามหน้าโครงการวานิชเพลส,พหลโยธิน,0,0,3
ทางข้ามหน้าโรงพยาบาลจักษุ-รัตนิน,อโศก,3,0,0
ทางข้ามหน้าโรงพยาบาลเวชการุณเวชรัศม์,เลียบวารี,3,0,0
ทางข้ามหน้าโรงเรียนประชาบำรุง,เลียบคลองภาษีเจริญฝั่งเหนือ,3,0,0
ทางข้ามหน้าโรงเรียนพร้อมพรรณ,ประชาสงเคราะห์,0,0,3
ทางข้ามหน้าโรงเรียนพิชญ์นก,เลียบคลองภาษีเจริญฝั่งเหนือ,3,0,0
ทางข้ามหน้าโรงเรียนวังเด็ก,สุขุมวิท77,3,0,0
ทางข้ามหน้าโรงเรียนวัดมหรรณพาราม,ตะนาว,3,0,0
ทางข้ามหน้าโรงเรียนวิชูทิศ,ทางเข้าโรงเรียนวิชูทิศ,3,0,0
ทางข้ามหน้าโรงเรียนวิชูทิศ,ประชาสงเคราะห์,3,0,0
ทางข้ามหน้าโรงเรียนวิทยานนท์,ราษฎร์พัฒนา,3,0,0
ทางข้ามหน้าโรงเรียนสายปัญญา,กรุงเกษม,6,0,0
ทางข้ามหน้าโรงเรียนโยธินบูรณะ,ประชาราษฎร์สาย1,1,0,0
ทางข้ามหน้าโรงเรียนโยธินบูรณะ,ประชาราษฎร์สาย2,1,0,0
ทางข้ามหน้าโรงเรียนโยธินบูรณะ,ประชาราษฎร์สาย3,1,0,0
ทางข้ามหน้าโรงแรมมิราเคิล,กำแพงเพชร6,3,0,0
ทางข้ามหน้าโรบินสันบางรัก,เจริญกรุง,3,0,0
ทางข้ามหน้าไปรษณีย์อ่อนนุช,อ่อนนุช,0,3,0
ทางข้ามเลียบวารี27-29,เลียบวารี,0,0,3
ทางข้ามแยกกำแพงเพชร,พหลโยธิน,0,0,3
ทางข้ามแยกจุฬา12,พญาไท,0,0,3
ทางข้ามแยกบางขุนพรหม(ก่อนแยก),สามเสน,0,0,3
ทางข้ามแยกบางขุนพรหม(หลังแยก),สามเสน,0,0,3
ทางข้ามแยกพญาไท,พญาไท,0,0,3
ทางข้ามแยกรัชโยธิน(ก่อนแยก),พหลโยธิน,0,0,3
ทางข้ามแยกรัชโยธิน(หลังแยก),พหลโยธิน,0,0,3
ทางข้ามแยกราชเทวี(ก่อนแยก),พญาไท,0,0,3
ทางข้ามแยกราชเทวี(หลังแยก),พญาไท,0,0,3
ทางข้ามแยกเกษตร(ก่อนแยก),พหลโยธิน,0,0,3
ทางข้ามแยกเทเวศร์,สามเสน,0,0,3
ทางข้ามแยกเสนานิคม,พหลโยธิน,0,0,3
ทางข้ามโรงเรียนบางบัว,พหลโยธิน,0,0,3
ทางข้ามโรงเรียนบางบัว,เลียบคลองบางเขน,0,0,3
ทางข้ามโรงเรียนวัดอ่างแก้ว,เทอดไท,3,0,0
ทางข้ามใกล้คลองวัดยาง,จรัญสนิทวงศ์,0,0,3
ทางข้ามใกล้แยกหลังสวน,สารสิน,0,0,3
ทางช้ามปากซอยตากสิน17-18,สมเด็จพระเจ้าตากสิน,3,0,0
ทางช้ามหน้ากรมชลประทาน,สามเสน,0,0,3
ทางยกระดับข้ามถนนร่มเกล้า,ร่มเกล้า,0,0,3
ทางยกระดับข้ามถนนร่มเกล้า,ศรีนครินทร์-ร่มเกล้า,0,0,3
ทางลงทางด่วนจตุรโชติ,ทางลงทางด่วน,3,0,0
ทางลงทางด่วนจตุรโชติ,เลียบด่วน,3,0,0
ทางลอดกลับรถถนนพัฒนาการ,พัฒนาการ,0,0,3
ทางออกบิ๊กซี,ทางออกบิ๊กซี,0,0,3
ทางเข้า-ออกมหาวิทยาลัยเกษตรศาสตร์,สุวรรณวาจกสิกิจ,0,0,6
ทางเข้า-ออกมหาวิทยาลัยเกษตรศาสตร์,เลียบคลองบางเขน,0,0,6
ทางเข้า-ออกรฐัสภา,ทางเข้าออกรัฐสภา,0,3,0
ทางเข้า-ออกรฐัสภา,สามเสน,0,3,0
ทางเข้า-ออกหมู่บ้านแกรนคาแนล,ทางเข้าออกหมู่บ้านแกรนคาแนล,0,0,3
ทางเข้า-ออกหมู่บ้านแกรนคาแนล,เชิดวุฒากาศ,0,0,3
ทางเข้า-ออกแจ้งวัฒนะ5,ซอยแจ้งวัฒนะ5,3,0,0
ทางเข้า-ออกแจ้งวัฒนะ5,แจ้งวัฒนะ,3,0,0
ทางเข้าถนนสุคนธสวัสดิ์,ประดิษฐ์มนูธรรม,0,0,3
ทางเข้าบิ๊กซีและรร.อโนมา,ทางเข้าบิ๊กซีและรร.อโนมา,0,0,3
ทางเข้าบิ๊กซีและรร.อโนมา,ราชดำริ,0,0,3
ทางเข้ารร.ปาณยาพัฒนาการ(พัฒนาการ40),พัฒนาการ,0,0,3
ทางเข้ารร.ปาณยาพัฒนาการ(พัฒนาการ40),พัฒนาการ40,0,0,3
ทางเข้าหมู่บ้านเอื้ออาทร,ทางเข้าหมู่บ้านเอื้ออาทร,0,3,0
ทางเข้าหมู่บ้านเอื้ออาทร,เคหะร่มเกล้า,0,3,0
ทางเข้าออกการกีฬาแห่งประเทศไทย,ทางออกการกีฬาฯ,0,0,3
ทางเข้าออกการกีฬาแห่งประเทศไทย,ทางเข้าการกีฬาฯ,0,0,3
ทางเข้าออกซอยแจ้งวัฒนะ9,ซอยแจ้งวัฒนะ9,3,0,0
ทางเข้าออกซอยแจ้งวัฒนะ9,แจ้งวัฒนะ,3,0,0
ทางเข้าออกมหาวิทยาลัยรามคำแหง,ทางเข้าออกม.รามฯ,0,0,3
ทางเข้าออกวัดอินทราวาส,ราชพฤกษ์,0,3,0
ทางเข้าออกวัดอินทราวาส,อนิทราวาส,0,3,0
ทางเข้าออกสำนักงานขนส่งฯพื้นที่1บางขุนเทียน,ทางเข้าออกสำนักงานขนส่งฯ,0,0,3
ทางเข้าออกสำนักงานขนส่งฯพื้นที่1บางขุนเทียน,บางขุนเทียน-ชายทะเล,0,0,4
ทางเข้าออกเกษรทาวเวอร์,ทางเข้าออกเกษรทาวเวอร์,0,0,3
ทางเข้าออกเกษรทาวเวอร์,ราชดำริ,0,0,3
ทางเข้าออกเซ็นทรัลเวิลดิ์,ทางเข้าออกเซ็นทรัลเวิลดิ์,0,0,3
ทางเข้าออกเซ็นทรัลเวิลดิ์,ราชดำริ,0,0,3
ทางเข้าโรงเรียนไทยรัฐวิทยา75,วัชรพล,3,0,0
ทางเข้าโรงแรมโอเรียลเต็ล(ซอยเจริญกรุง40),เจริญกรุง,3,0,0
ทางเชื่อมมอเตอร์เวย์-พระราม9,พระราม9,0,0,3
ทางเชื่อมมอเตอร์เวย์-พระราม9,มอเตอร์เวย์,0,0,3
ทางเชื่อมมอเตอร์เวย์-พระราม9,ศรีนครินทร์,0,0,3
ทางโค้งลงสะพานข้ามคลองลาดกระบัง,ลาดกระบัง,0,3,0
ทุ่งครุ,ครุใน,6,3,3
ทุ่งครุ,ประชาอุทิศ,6,3,3
ทุ่งสาธิต,ซอยสุขุมวิท101/1,3,0,0
ทุ่งสาธิต,สุขุมวิท,3,3,6
ทุ่งสาธิต,สุขุมวิท101/1,0,3,6
ท่าดินแดง,ท่าดินแดง,6,3,6
ท่าดินแดง,สมเด็จเจ้าพระยา,6,3,3
ท่าพระ,จรัญสนิทวงศ์,3,6,6
ท่าพระ,รัชดาภิเษก,3,6,6
ท่าพระ,เพชรเกษม,3,6,6
ท้ายซอยพุทธบูชา36,ซอยพุทธบูชา36,0,3,0
นครสวรรค์-พะเนียง,นครสวรรค์,0,0,3
นครสวรรค์-พะเนียง,พะเนียง,0,0,3
นพวงศ์,กรุงเกษม,6,0,3
นพวงศ์,มิตรพันธ์,6,0,3
นพวงศ์,หลวง,6,0,3
นพวงษ์,กรุงเกษม,0,3,0
นพวงษ์,มิตรพันธ์,0,3,0
นพวงษ์,หลวง,0,3,0
นราธิวาส-นราธิวาส22,นราธิวาสราชนครินทร์,0,0,3
นราธิวาส-นราธิวาส22,นราธิวาสราชนครินทร์22,0,0,3
นราธิวาส-พระราม3,นราธิวาสราชนครินทร์,0,0,3
นราธิวาส-พระราม3,พระรามที่3,0,0,3
นราธิวาส-สุรวงศ์,นราธิวาส,6,3,0
นราธิวาส-สุรวงศ์,นราธิวาสราชนครินทร์,3,0,9
นราธิวาส-สุรวงศ์,สุรวงศ์,6,3,9
นราธิวาสราชนครินทร์20,นราธิวาสราชนครินทร์,0,0,3
นราธิวาสฯ-พระราม3,นราธวาสราชนครินทร์,3,0,0
นราธิวาสฯ-พระราม3,นราธิวาสราชนครินทร์,0,3,0
นราธิวาสฯ-พระราม3,นราธิวาสฯ,3,0,0
นราธิวาสฯ-พระราม3,พระราม3,3,0,0
นราธิวาสฯ-พระราม3,พระรามที่3,3,3,0
นวมินทร์-ประเสริฐมนูกิจ,นวมนิทร์,0,3,0
นวมินทร์-ประเสริฐมนูกิจ,นวมินทร์,6,0,3
นวมินทร์-ประเสริฐมนูกิจ,ประเสริฐมนูกิจ,6,3,3
นวมินทร์-ศรีบูรพา,นวมินทร์,0,0,3
นวมินทร์-ศรีบูรพา,นวมินทร์51,0,0,3
นวมินทร์-ศรีบูรพา,ศรีบูรพา,0,0,3
นวมินทร์-แฮปปีแลนด์,นวมินทร์,3,0,0
นวมินทร์-แฮปปีแลนด์,แฮปปี้แลนด์,3,0,0
นวมินทร์-แฮปปี้แลนด์,นวมินทร์,0,3,6
นวมินทร์-แฮปปี้แลนด์,แฮปปี้แลนด์,0,3,6
นวมินทร์10,นวมินทร์,0,0,3
นวมินทร์10,นวมินทร์10,0,0,3
นวลจันทร์,ซอยรามอินทรา40,3,3,0
นวลจันทร์,รามอินทรา,3,3,0
นวลจันทร์-คลองลำเจียก,คลองลำเจียก,0,0,3
นวลจันทร์-คลองลำเจียก,นวลจันทร์,0,0,3
นอร์ธปาร์ค,กำแพงเพชร6,3,3,3
นอร์ธปาร์ค,ชิดชน,3,3,3
นางลิ้นจี่,นางลิ้นจี่,3,3,3
นางลิ้นจี่,พระรามที่3,3,3,3
นางลื้นจี่,นางลิ้นจี่,0,0,3
นางลื้นจี่,พระรามที่3,0,0,3
นางเลิ้ง,ทางข้ามสนามม้า,3,0,0
นางเลิ้ง,ทางเข้าสนามม้า,0,3,0
นางเลิ้ง,นครสวรรค์,3,3,6
นางเลิ้ง,พิษณุโลก,3,3,6
นานา,ซอยสุขุมวิท3(นานา),3,3,0
นานา,ซอยสุขุมวิท4,3,3,0
นานา,นานา(สุขุมวิท3),0,0,3
นานา,สุขุมวิท,3,3,9
นานา,สุขุมวิท3,0,0,6
นานา,สุขุมวิท4,0,0,9
นาวงประชาพัฒนา-เทิดราชัน,นาวงประชาพัฒนา,0,0,3
นาวงประชาพัฒนา-เทิดราชัน,เทิดราชัน,0,0,3
นาวงประชาพัฒนา13,นาวงประชาพัฒนา,3,0,0
นาหลวง,ประชาอุทิศ,6,0,0
นาหลวง,ประชาอุทิศ(SB),0,3,6
นาหลวง,ประชาอุทิศ(WB),0,3,6
นาหลวง,พุทธบูชา,6,3,6
นาหลวง,ม.สินทวี,6,0,0
นาหลวง,หมู่บ้านสินทวี,0,3,6
นิคมมักกะสัน,กำแพงเพชร7,0,0,3
นิคมมักกะสัน,นิคมมักกะสัน(EB),0,0,3
นิคมมักกะสัน,นิคมมักกะสัน(NB),0,0,3
นิคมอุตสาหกรรมลาดกระบัง,ฉลองกรุง,3,0,9
นิคมอุตสาหกรรมลาดกระบัง,ฉลองกรุง31,0,0,9
นิคมอุตสาหกรรมลาดกระบัง,ซอยฉลองกรุง31,3,0,0
นิคมอุตสาหกรรมลาดกระบัง,ซอยส่วนบุคคล,0,0,3
นิคมอุตสาหกรรมลาดกระบัง,ส่วนบุคคล,3,0,6
นิด้า,ศรีบูรพา,3,6,9
นิด้า,เสรีไทย,3,6,9
นิมิตใหม่-ประชาร่วมใจ,นิมิตใหม่,0,0,3
นิมิตใหม่-ประชาร่วมใจ,ประชาร่วมใจ,0,0,3
นิมิตใหม่-สุวินทวงศ์,นิมิตใหม่,0,0,3
นิมิตใหม่-สุวินทวงศ์,สุวินทวงศ์,0,0,3
นิมิตใหม่14,นิมิตใหม่,0,0,3
นิมิตใหม่4-6,นิมิตใหม่,0,0,3
นิมิตใหม่40,นิมิตใหม่,0,0,3
นิมิตใหม่64,ซอยนิมิตใหม่63,3,0,0
นิมิตใหม่64,ซอยนิมิตใหม่64,3,0,0
นิมิตใหม่64,นิมิตใหม่,3,0,0
นเรศ,สี่พระยา,0,0,6
บรมราชชนนี,จรัญสนิทวงศ์,3,3,9
บรมราชชนนี,บรมราชชนนี,3,3,12
บรมราชชนนี,สมเด็จพระปิ่นเกล้า,0,3,6
บรมราชชนนี,สมเด็จพระปืนเกล่า,3,0,0
บรมราชชนนี-ชัยพฤกษ์,ชัยพฤกษ์,0,0,3
บรมราชชนนี-ชัยพฤกษ์,แจ้งวัฒนะ,0,0,3
บรมราชชนนี-ราชพฤกษ์,บรมราชชนนี,0,3,0
บรมราชชนนี-ราชพฤกษ์,ราชพฤกษ์,0,3,0
บรมราชชนนี-สิรินธร,บรมราชชนนี(EB),0,0,3
บรมราชชนนี-สิรินธร,บรมราชชนนี(NB),0,0,3
บรมราชชนนี-สิรินธร,สิรินธร,0,0,3
บรมราชชนนี-เลียบทางรถไฟตลิ่งชัน,บรมราชชนนี,0,0,3
บรมราชชนนี-เลียบทางรถไฟตลิ่งชัน,เลียบทางรถไฟตลิ่งชัน,0,0,3
บรรทัดทอง-จรัสเมือง,จรัสเมือง,0,3,0
บรรทัดทอง-จรัสเมือง,บรรทัดทอง,0,3,0
บรรทัดทอง-จุฬา12,จุฬา12,0,0,3
บรรทัดทอง-จุฬา12,ซอยจุฬา12,6,0,0
บรรทัดทอง-จุฬา12,บรรทัดทอง,6,0,3
บริษัทการบินไทย,วิภาวดีรังสิต,0,3,0
บริเวณจุดกลับรถหน้าโรงเรียนฝึกอาชีพกรุงเทพมหานคร,เชื่อมสัมพันธ์,3,0,0
บริเวณหน้าThelineCondo,สุขุมวิท71,3,0,0
บริเวณใกล้ลาดพร้าว71,ลาดพร้าว,3,0,0
บัญญาอินทรา-เลียบคลองสอง,ปัญญาอินทรา,3,0,0
บัญญาอินทรา-เลียบคลองสอง,เลียบคลองสอง,3,0,0
บางกระบือ,พระรามที่9,0,3,0
บางกระบือ,สามเสน,3,6,6
บางกระบือ,อำนวยสงคราม,3,8,6
บางกระบือ,เขียวไข่กา,3,6,6
บางกะปิ,นวมนิทร์,0,3,0
บางกะปิ,นวมินทร์,0,0,3
บางกะปิ,พ่วงศิริ,3,3,3
บางกะปิ,ลาดพร้าว,3,3,3
บางกะปิ,สุขาภิบาล1,3,0,0
บางกะปิ,เสรีไทย,3,3,3
บางขุนนนท์,จรัญสนิทวงศ์,6,6,9
บางขุนนนท์,จรัญสนิทวงศ์32,0,0,9
บางขุนนนท์,ซอยจรัญสนิทวงศ์32,6,6,0
บางขุนนนท์,บางกอกน้อยตลิงชัน,3,0,0
บางขุนนนท์,บางกอกน้อยตลิ่งชัน,3,6,3
บางขุนนนท์,บางขุนนนท์,0,0,6
บางขุนพรหม,วิสุทธิกษัตริย์,3,3,3
บางขุนพรหม,วิสุทธิ์กษัตริย์,0,0,3
บางขุนพรหม,สามเสน,3,3,6
บางขุนเทียน-บางขุนเทียน16,บางขุนเทียน,0,0,3
บางขุนเทียน-บางขุนเทียน16,บางขุนเทียน16,0,0,3
บางขุนเทียน-บางขุนเทียน9,บางขุนเทียน,0,0,3
บางขุนเทียน-บางขุนเทียน9,บางขุนเทียน9,0,0,3
บางขุนเทียน-พระยามนธาตุราชศรีพิจิตร์,บางขุนเทียน,3,3,3
บางขุนเทียน-พระยามนธาตุราชศรีพิจิตร์,พระยามนธาตุราชศรีพิจิตร์,3,3,3
บางขุนเทียน-สะแกงาม,บางขุนเทียน,3,0,0
บางขุนเทียน-สะแกงาม,สะแกงาม,3,0,0
บางขุนเทียนชายทะเล-เทียนทะเล19,ซอยเทียนทะเล19,3,0,0
บางขุนเทียนชายทะเล-เทียนทะเล19,บางขุนเทียนชายทะเล,3,0,0
บางขุนเทียนชายทะเล-เทียนทะเล25,ซอยเทียนทะเล25,3,0,0
บางขุนเทียนชายทะเล-เทียนทะเล25,บางขุนเทียนชายทะเล,3,0,0
บางขุนเทียนชายทะเล-เทียนทะเล30,ซอยเทียนทะเล30,3,0,0
บางขุนเทียนชายทะเล-เทียนทะเล30,บางขุนเทียนชายทะเล,3,0,0
บางขุนเทียนชายทะเล-เลียบคลองพิทยาลงกรณ์,บางขุนเทียนชายทะเล,0,0,3
บางขุนเทียนชายทะเล-เลียบคลองพิทยาลงกรณ์,เลียบคลองพิทยาลงกรณ์,0,0,3
บางชัน,มณีพัฒนา,0,3,0
บางชัน,มีนพัฒนา,6,0,3
บางชัน,เสรีไทย,6,3,3
บางนา,บางนาตราด,3,0,6
บางนา,สรรพาวุธ,3,0,6
บางนา,สุขุมวิท,3,0,6
บางบอน,บางขุนเทียน-ขายทะเล,0,0,3
บางบอน,บางขุนเทียนชายทะเล,0,3,3
บางบอน,บางบอน1,0,0,6
บางบอน,เอกชัย,0,3,12
บางบอน1ซอย15,บางบอน1,0,0,3
บางบอน1ซอย15,บางบอน1ซอย15,0,0,3
บางบอน1ซอย20,บางบอน1,0,0,3
บางบอน1ซอย20,บางบอน1ซอย20,0,0,3
บางบอน2,บางบอน2,0,0,3
บางบอน2,เอกชัย,0,0,3
บางบอน3,บางบอน3,0,3,3
บางบอน3,บางบอน3(ต่อ),0,0,1
บางบอน3,เอกชัย,0,3,3
บางบอน3ซอย1,บางบอน3,0,3,0
บางบอน3ซอย5,บางบอน3,0,0,6
บางบอน3ซอย5,บางบอน3ซอย10,0,0,6
บางบอน3ซอย5,บางบอน3ซอย5,0,0,6
บางบอน4,บางบอน4,0,0,3
บางบอน4,เอกชัย,0,0,3
บางบอน5,ซอยเอกชัย131,3,0,0
บางบอน5,ซอยเอกชัย31,0,3,0
บางบอน5,บางบอน5,3,3,3
บางบอน5,เอกชัย,3,3,3
บางบอน5,เอกชัย131,0,0,3
บางบอน5ซอย5,บางบอน5,0,0,3
บางบอน5ซอย5,บางบอน5ซอย5,0,0,3
บางพลัด,จรัญสนิทวงศ์,6,3,9
บางพลัด,ราชวิถี,6,3,9
บางพลัด,สิรินธร,6,3,9
บางยี่เรือ,อินทรพิทักษ์,6,3,9
บางยี่เรือ,เทอดไท,6,6,9
บางยี่เรือ,เพชรเกษม,6,3,9
บางรัก,ซอยเจริญกรุง42,0,3,0
บางรัก,วัดสวนพลู,0,0,3
บางรัก,สีลม,3,6,9
บางรัก,เจริญกรุง,3,6,9
บางรัก,เจริญกรุง42,0,0,6
บางลำพู,จักรพงษ์,0,0,3
บางลำพู,พระสุเมรุ,0,0,9
บางลำพู,พระเมรุ,3,3,0
บางลำพู,สามเสน,3,3,9
บางเขน,กำแพงเพชร6,3,9,0
บางเขน,งามวงศ์วาน,3,9,0
บางเขน(2),กำแพงเพชร6,0,0,6
บางเขน(2),งามวงศ์วาน,0,0,6
บางแค,บางแค,3,3,9
บางแค,เพชรเกษม,3,3,9
บางแค-กัลปพฤกษ์,กัลปพฤกษ์,0,0,3
บางแค-กัลปพฤกษ์,บางบอน1,0,0,3
บางแค-กัลปพฤกษ์,บางแค,0,0,3
บางแวก-เพชรเกษม48(บางแวก69),ซอยเพชรเกษม48(บางแวก69),3,0,0
บางแวก-เพชรเกษม48(บางแวก69),บางแวก,3,0,0
บางโพ,ประชาราษฎร์สาย1,3,6,6
บางโพ,ประชาราษฎร์สาย2,3,6,6
บางโพ,อรุณอมรินทร์,0,6,0
บาแล,ประชาร่วมใจ,0,0,3
บาแล,ราษฎร์ร่วมใจ,0,0,3
บำกซอยถนนรามคำแหง24,รามคำแหง,3,0,0
บำรุงเมือง,บำรุงเมือง,0,3,0
บำรุงเมือง,ศิริพงษ์,0,3,0
บำรุงเมือง,อุณากรรณ,0,3,0
บำรุงเมือง-มหรรณพ2,ซอยมหรรณพ2,0,3,0
บำรุงเมือง-มหรรณพ2,บำรุงเมือง,0,3,0
บิ๊กซีรัชดา,รัชดาภิเษก,0,3,0
บิ๊กซีเอ็กซ์ตร้าลาดพร้าว7,ลาดพร้าว,0,3,0
บุคคโล,มไหศวรรย์,0,3,0
บุคคโล,มไหสวรรย์,6,3,9
บุคคโล,เจริญนคร,6,6,9
บุรีภิรมย์-เลียบวารี2,บุรีภิรมย์,0,0,3
บุรีภิรมย์-เลียบวารี2,เลียบวารี2,0,0,3
บ้านม้า,รามคำแหง,0,6,3
บ้านม้า,ศรีบูรพา,0,6,3
บ้านแขก,ประชาธิปก,3,6,9
บ้านแขก,อิสรภาพ,3,6,9
ปทุมวัน,พญาไท,6,3,9
ปทุมวัน,พระรามที่1,4,3,9
ปทุมวัน,พระรามที่2,1,0,0
ปทุมวัน,พระรามที่3,1,0,0
ปบากซอยสรงประภา24,สรงประภา,3,0,0
ประชาชื่น,ประชาชื่น,3,9,3
ประชาชื่น,ประชาราษฎรส์าย2,0,6,0
ประชาชื่น,ประชาราษฎร์สาย2,3,3,3
ประชาชื่น,ริมคลองประปาฝั่งซ้าย,3,0,0
ประชาชื่น31,ประชาชื่น,0,0,3
ประชาชื่น31,ประชาชื่น31,0,0,3
ประชาชื่น32,ประชาชื่น,0,0,3
ประชาชื่น32,ประชาชื่น32,0,0,3
ประชาธรรม,ประชาอุทิศ,6,3,3
ประชาธรรม,ประดิษฐ์มนูธรรม,6,3,3
ประชานิเวศน์,ประชาชื่น,9,6,3
ประชานิเวศน์,เทศบาลสงเคราะห์,9,6,3
ประชานุกล,ประชาชื่น,3,0,0
ประชานุกล,รัชดาภิเษก,3,0,0
ประชานุกูล,ประชาชื่น,0,6,3
ประชานุกูล,รัชดาภิเษก,0,3,3
ประชานุกูล,รัชดาภเิษก,0,3,0
ประชาราษฎร์,ประชาราษฎร์สาย1,3,0,6
ประชาราษฎร์,วงศ์สวาง,3,0,0
ประชาราษฎร์,วงศ์สว่าง,0,0,6
ประชาราษฎร์บำเพ็ญ,ปรชาราษฎร์บำเพ็ญSB,0,0,6
ประชาราษฎร์บำเพ็ญ,ประชาราษฎร์บำเพ็ญ,3,0,0
ประชาราษฎร์บำเพ็ญ,ประชาราษฎร์บำเพ็ญEB,0,0,6
ประชาราษฎร์บำเพ็ญ,ประชาอุทิศ,3,0,6
ประชาราษฎร์บำเพ็ญ-ประชาอุทิศ,ประชาราษฎร์บำเพ็ญ(EB),0,0,3
ประชาราษฎร์บำเพ็ญ-ประชาอุทิศ,ประชาราษฎร์บำเพ็ญ(SB),0,0,3
ประชาราษฎร์บำเพ็ญ-ประชาอุทิศ,ประชาอุทิศ,0,0,3
ประชาราษฎร์สาย1,ประชาราษฎร์สาย1,3,3,0
ประชาราษฎร์สาย1,วงศ์สว่าง,3,3,0
ประชาร่วมใจ-ซอยเบนชะโด,ประชาร่วมใจ,0,3,0
ประชาร่วมใจ-ราษฎร์ร่วมใจ,ประชาร่วมใจ,0,0,3
ประชาร่วมใจ-ราษฎร์ร่วมใจ,ราษฎร์ร่วมใจ,0,0,3
ประชาร่วมใจ31,ประชาร่วมใจ,0,0,3
ประชาร่วมใจ31,ประชาร่วมใจ31,0,0,3
ประชาสงเคราะห์,ดินแดง,6,3,6
ประชาสงเคราะห์,ประชาสงเคราะห์,6,3,6
ประชาสงเคราะห์,อโศกดินแดง,6,0,6
ประชาสงเคราะห์-มิตรไมตรี,ประชาสงเคราะห์,6,9,0
ประชาสงเคราะห์-มิตรไมตรี,มิตรไมตรี,6,9,0
ประชาอุทิศ,ประชาอุทิศ,9,6,12
ประชาอุทิศ,ประชาอุทิศ19,0,0,3
ประชาอุทิศ,สุขสวัสดิ,3,0,0
ประชาอุทิศ,สุขสวัสดิ์,3,3,6
ประชาอุทิศ,เทียมร่วมมิตร,3,3,6
ประชาอุทิศ-ประชาอุทิศ99,ประชาอุทิศ,0,0,3
ประชาอุทิศ-ประชาอุทิศ99,ประชาอุทิศ99,0,0,3
ประชาอุทิศ-เทียมร่วมมิตร,ประชาอุทิศ,0,0,3
ประชาอุทิศ-เทียมร่วมมิตร,เทียมร่วมมิตร,0,0,3
ประชาอุทิศ-เลียบด่วนกาญจนาภิเษก,ซอยประชาอุทิศ99,3,0,0
ประชาอุทิศ-เลียบด่วนกาญจนาภิเษก,ประชาอุทิศ,3,3,2
ประชาอุทิศ-เลียบด่วนกาญจนาภิเษก,ประชาอุทิศ99,0,3,0
ประชาอุทิศ-เลียบด่วนกาญจนาภิเษก,เลียบด่วนกาญจนาภิเษก,3,3,3
ประชาอุทิศ14-ประชาอุทิศ13,ประชาอุทิศ,0,0,3
ประชาอุทิศ14-ประชาอุทิศ13,ประชาอุทิศ13,0,0,3
ประชาอุทิศ14-ประชาอุทิศ13,ประชาอุทิศ14,0,0,3
ประชาอุทิศ33,ประชาอุทิศ,0,0,3
ประชาอุทิศ33,ประชาอุทิศ33,0,0,3
ประชาอุทิศ54,ประชาอุทิศ,0,0,3
ประชาอุทิศ54,ประชาอุทิศ54,0,0,3
ประชาอุทิศ68,ประชาอุทิศ,0,0,3
ประชาอุทิศ69,ประชาอุทิศ,0,0,3
ประชาอุทิศ69,ประชาอุทิศ69,0,0,3
ประชาอุทิศ76-ประชาอุทิศ91/3,ประชาอุทิศ,0,0,3
ประชาอุทิศ76-ประชาอุทิศ91/3,ประชาอุทิศ76,0,0,3
ประชาอุทิศ76-ประชาอุทิศ91/3,ประชาอุทิศ91/3,0,0,3
ประชาอุทิศ83,ประชาอุทิศ,0,0,3
ประชาอุทิศ90,ประชาอุทิศ,0,0,3
ประชาอุทิศ90,ประชาอุทิศ90,0,0,3
ประชาเกษม,กรุงเกษม,3,3,6
ประชาเกษม,นครราชสีมา,3,3,6
ประชาเกษม,ประชาธิปไตย,3,3,6
ประดิพัทธ์,ประดิพัทธ์,3,12,6
ประดิพัทธ์,พระรามที่6,3,12,6
ประดิษฐ์มนูธรรม,ประดิษฐ์มนูธรรม,3,0,0
ประดิษฐ์มนูธรรม,สังคมสงเคราะห์,3,0,0
ประดิษฐ์มนูธรรม-สังคมสงเคราะห์,ประดิษฐ์มนูธรรม,0,3,0
ประดิษฐ์มนูธรรม-สังคมสงเคราะห์,สังคมสงเคราะห์,0,3,0
ประตู1ตลาดนัดจตุจักร,กำแพงเพชร2,0,0,3
ประตูนา,ราชดำริ,3,0,0
ประตูนา,ราชปรารภ,3,0,0
ประตูนา,เพชรบุรี,3,0,0
ประตูน้ำ,ราชดำริ,3,6,12
ประตูน้ำ,ราชปรารภ,3,6,12
ประตูน้ำ,เพชรบุรี,3,6,12
ประตูผี,มหาไชย,0,0,3
ประเวศ,อ่อนนุช,3,3,9
ประเวศ,เฉลิมพระเกียรติ,3,3,0
ประเวศ,เฉลิมพระเกียรติร.9,0,0,9
ประเสริฐมนูกิจ-ประดิษฐ์มนูธรรม,ประดิษฐ์มนูธรรม,6,3,6
ประเสริฐมนูกิจ-ประดิษฐ์มนูธรรม,ประเสริฐมนูกิจ,6,3,6
ประเสริฐมนูกิจ-ลาดปลาเค้า,ประเสริฐมนูกิจ,3,3,3
ประเสริฐมนูกิจ-ลาดปลาเค้า,ลาดปลาเค้า,3,3,3
ประเสริฐมนูกิจ-สุคนธสวัสดิ์,ประเสริฐมนูกิจ,3,3,3
ประเสริฐมนูกิจ-สุคนธสวัสดิ์,สุคนธสวัสดิ์,3,3,3
ประเสริฐมนูกิจ29,ประเสริฐมนูกิจ,0,0,3
ประเสริฐมนูกิจ29,ประเสริฐมนูกิจ29,0,0,3
ประเสริฐมนูกิจ29,มัยลาภ,0,0,3
ปรีดีพนมยงค์2,สุขุมวิท71,0,0,3
ปัญญาอินทรา-สุเหร่าคลองหนึ่ง,ปัญญาอินทรา(EB),0,0,3
ปัญญาอินทรา-สุเหร่าคลองหนึ่ง,ปัญญาอินทรา(SB),0,0,3
ปัญญาอินทรา-สุเหร่าคลองหนึ่ง,สุเหร่าคลองหนึ่ง,0,0,3
ปากชอยราษฎร์อุทิศ52-54,ราษฎร์อุทิศ,3,0,0
ปากซอยกรุงธนบุรี5,กรุงธนบุรี,6,0,0
ปากซอยกรุงเทพ-นนทบุรี20,กรุงเทพ-นนทบุรี,0,0,3
ปากซอยกรุงเทพกรีฑา7,กรุงเทพกรีฑา,3,0,0
ปากซอยกรุงเทพกรีฑา7,กรุงเทพกรีฑา(EB),0,0,3
ปากซอยกรุงเทพกรีฑา7,กรุงเทพกรีฑา(NB),0,0,3
ปากซอยกรุงเทพกรีฑา7,กรุงเทพกรีฑา7,0,0,3
ปากซอยกรุงเทพกรีฑา7,ซอยกรุงเทพกรีฑา7,3,0,0
ปากซอยกรุงเทพกรีฑา7,ศรีนครินทร์-ร่มเกล้า,3,0,3
ปากซอยกาญจนาภิเษก10,กาญจนาภิเษก,0,0,3
ปากซอยกาญจนาภิเษก10,กาญจนาภิเษก10,0,0,3
ปากซอยกาญจนาภิเษก8,กาญจนาภิเษก,0,0,3
ปากซอยกาญจนาภิเษก8,กาญจนาภิเษก8,0,0,3
ปากซอยขุมทรัพย์นคร16/5,พุทธมณฑลสาย3,0,3,0
ปากซอยคริสจักร,จรัญสนิทวงศ์,0,0,3
ปากซอยคุ้มเกล้า3,คุ้มเกล้า,0,0,3
ปากซอยคู้บอน27,คู้บอน,0,0,3
ปากซอยคู้บอน27,คู้บอน27,0,0,3
ปากซอยคู้บอน44,คู้บอน,0,0,6
ปากซอยจรัญสนิทวงศ์1,จรัญสนิทวงศ์,0,0,3
ปากซอยจรัญสนิทวงศ์1,จรัญสนิทวงศ์1,0,0,3
ปากซอยจรัญสนิทวงศ์26,จรัญสนิทวงศ์,0,0,3
ปากซอยจรัญสนิทวงศ์26,จรัญสนิทวงศ์26,0,0,3
ปากซอยจรัญสนิทวงศ์29,จรัญสนิทวงศ์,0,0,3
ปากซอยจรัญสนิทวงศ์30,จรัญสนิทวงศ์,0,0,3
ปากซอยจรัญสนิทวงศ์30,จรัญสนิทวงศ์30,0,0,3
ปากซอยจรัญสนิทวงศ์43,จรัญสนิทวงศ์,0,3,0
ปากซอยจันทน์51,จันทน์,0,0,3
ปากซอยจันทน์51,จันทน์51,0,0,3
ปากซอยจุฬาลงกรณ์12,บรรทัดทอง,0,3,0
ปากซอยจุฬาลงกรณ์26,บรรทัดทอง,0,6,0
ปากซอยจุฬาฯ15,พระรามที่4,0,0,3
ปากซอยฉลองกรุง23-24,ฉลองกรุง,0,3,0
ปากซอยฉลองกรุง61,ฉลองกรุง,0,0,3
ปากซอยฉิมพลี34,ฉิมพลี,0,0,3
ปากซอยตากสิน34,ซอยตากสิน34,3,0,0
ปากซอยตากสิน34,สมเด็จพระเจ้าตากสิน,3,0,0
ปากซอยทรัพย์วัฒนะ,เลียบคลองประปา,3,0,0
ปากซอยทวีวัฒนา1,ทวีวัฒนา,0,0,3
ปากซอยทวีวัฒนา24,ทวีวัฒนา,0,0,3
ปากซอยทองหล่อ20,ทองหล่อ,0,0,3
ปากซอยทองหล่อ20,ทองหล่อ20,0,0,3
ปากซอยทองหล่อ3,ทองหล่อ,0,0,3
ปากซอยทองหล่อ5,ทองหล่อ,0,0,3
ปากซอยนครสวรรค์3,นครสวรรค์,0,0,3
ปากซอยนราธิวาส10,ซอยนราธิวาสราชนครินทร์10,0,0,3
ปากซอยนราธิวาส28,นราธิวาสราชนครินทร์,0,0,3
ปากซอยนราธิวาส8,ซอยนราธิวาสราชนครินทร์8,0,0,3
ปากซอยนามบัญญัติ,ประชาธิปไตย,0,6,0
ปากซอยนิมิตใหม่29/5,นิมิตใหม่,0,0,3
ปากซอยนิมิตใหม่40,นิมิตใหม่,0,0,3
ปากซอยนิมิตใหม่9,นิมิตใหม่,0,0,3
ปากซอยบางกระดิ35/1,บางกระดี่,3,0,0
ปากซอยบางกระดี32,บางกระดี่,3,0,0
ปากซอยบางกระดี่1,บางกระดี่,3,0,0
ปากซอยบางกระดี่16,บางกระดี่,3,0,0
ปากซอยบางนาตราด30,บางนาตราด,0,0,3
ปากซอยบางนาตราด30,บางนาตราด30,0,0,3
ปากซอยบางนาตราด4,บางนาตราด,0,0,3
ปากซอยบางนาตราด4,บางนาตราด4,0,0,3
ปากซอยบางพรม11,พรานนก-พุทธมณฑลสาย4,0,3,0
ปากซอยบุญอยู่,ดินแดง,0,3,0
ปากซอยประชาชื่น29,ประชาชื่น,0,0,3
ปากซอยประชาชื่น37,ประชาชื่น,0,0,6
ปากซอยประชาชื่น37,ประชาชื่น37,0,0,3
ปากซอยประชาราษฎร์บำเพ็ญ6,ประชาราษฎร์บำเพ็ญ,0,0,3
ปากซอยประชาราษฎร์สาย1ซอย10,ประชาราษฎร์สาย1,0,0,3
ปากซอยประชาราษฎร์สาย1ซอย36,ประชาราษฎร์สาย1,0,0,3
ปากซอยประชาราษฎร์สาย1ซอย36,ประชาราษฎร์สาย1ซอย36,0,0,3
ปากซอยประชาร่วมใจ31,ประชาร่วมใจ,0,0,3
ปากซอยประชาร่วมใจ31,ประชาร่วมใจ31,0,0,3
ปากซอยประชาร่วมใจ35,ประชาร่วมใจ,3,0,0
ปากซอยประชาอุทิศ113,ประชาอุทิศ,0,0,3
ปากซอยประชาอุทิศ27,ประชาอุทิศ,0,0,3
ปากซอยประชาอุทิศ54,ประชาอุทิศ,0,0,3
ปากซอยประชาอุทิศ58/2,ประชาอุทิศ,0,0,3
ปากซอยประดิษฐ์มนูธรรม15,ประดิษฐ์มนูธรรม,0,0,3
ปากซอยประดิษฐ์มนูธรรม29,ประดิษฐ์มนูธรรม,0,0,3
ปากซอยประดิษฐ์มนูธรรม29,ประดิษฐ์มนูธรรม29,0,0,3
ปากซอยปรีดีพนมยงค์7,ปรีดีพนมยงค์,3,0,0
ปากซอยพระยาสุเรนทร์26-28,พระยาสุเรนทร์,0,3,0
ปากซอยพระยาสุเรนทร์28,พระยาสุเรนทร์,0,0,3
ปากซอยพระรามที่6ซอย15,พระรามที่6,0,0,3
ปากซอยพหลโยธิน69/7,พหลโยธิน,0,3,0
ปากซอยพัฒนาการ4,พัฒนาการ,0,0,3
ปากซอยพัฒนาการ51,พัฒนาการ,3,0,0
ปากซอยพัฒนาการ53,ซอยพัฒนาการ53,0,3,0
ปากซอยพัฒนาการ53,พัฒนาการ,0,3,0
ปากซอยพัฒนาการ58,ซอยพัฒนาการ58,0,3,0
ปากซอยพัฒนาการ58,พัฒนาการ,0,3,0
ปากซอยพัฒนาการ92,พัฒนาการ,0,0,3
ปากซอยพุทธบูชา36,ซอยพุทธบูชา36,0,3,0
ปากซอยฟักสังข์พัฒนา,เลียบคลองประปา,3,0,0
ปากซอยภูมิจิตร,พระรามที่4,0,3,0
ปากซอยรัชดา43,รัชดาภิเษก,0,0,3
ปากซอยรัชดา66,รัชดาภิเษก,0,0,3
ปากซอยรัชดา66,รัชดาภิเษก66,0,0,3
ปากซอยรางน้ำ,พญาไท,0,9,0
ปากซอยรามคำแหง195,รามคำแหง,3,0,0
ปากซอยรามคำแหง23,รามคำแหง,0,0,3
ปากซอยรามคำแหง3,รามคำแหง,0,0,3
ปากซอยรามค่าแหง189,รามคำแหง,3,0,0
ปากซอยรามอินทรา127,รามอินทรา,3,0,0
ปากซอยราษฎร์บูรณะ41,ราษฎร์บูรณะ,0,0,3
ปากซอยราษฎร์พัฒนา,ราษฎร์อุทิศ,0,0,3
ปากซอยราษฎร์อุทิศ27/5,ราษฎร์อุทิศ,0,0,3
ปากซอยราษฎร์อุทิศ27/6,ราษฎร์อุทิศ,0,0,3
ปากซอยลาดกระบัง1,ซอยลาดกระบัง1,3,0,0
ปากซอยลาดกระบัง1,ลาดกระบัง,3,0,0
ปากซอยลาดกระบัง11,ลาดกระบัง,0,3,0
ปากซอยลาดกระบัง3/2,ซอยลาดกระบัง3/2,3,0,0
ปากซอยลาดกระบัง3/2,ลาดกระบัง,3,0,0
ปากซอยลาดกระบังซอย7,ซอยลาดกระบัง7,3,0,0
ปากซอยลาดกระบังซอย7,ลาดกระบัง,3,0,0
ปากซอยลาดพร้าว101ซอย39,ลาดพราว101ซอย39,3,0,0
ปากซอยลาดพร้าว101ซอย39,ลาดพร้าว101,3,0,0
ปากซอยลาดพร้าว15,ซอยลาดพร้าว15,3,0,0
ปากซอยลาดพร้าว15,ลาดพร้าว,3,0,3
ปากซอยลาดพร้าว15,ลาดพร้าว15,0,0,3
ปากซอยลาดหญ้า10,ลาดหญ้า,0,0,3
ปากซอยลาดหญ้า6,ถนนลาดหญ้า,3,0,0
ปากซอยลาดหญ้า6,ลาดหญ้า,3,0,0
ปากซอยวงศ์สว่าง11,วงศ์สว่าง,0,0,3
ปากซอยวงศ์สว่าง11,วงศ์สว่าง11,0,0,3
ปากซอยวงศ์สว่าง29,วงศ์สว่าง,0,0,3
ปากซอยวงศ์สว่าง6,วงศ์สว่าง,0,0,3
ปากซอยวงศ์สว่าง6,วงศ์สว่าง6,0,0,3
ปากซอยวชิธรรมสาธิต12,สุขุมวิท101/1,0,0,3
ปากซอยวชิรธรรมสาธิต12,วชิรธรรมสาธิต,0,0,3
ปากซอยวชิรธรรมสาธิต12,สุขุมวิท101/1,0,0,3
ปากซอยวชิรธรรมสาธิต29,สุขุมวิท101/1,0,0,3
ปากซอยวัดปากน้า-วัดแก้ว,พรานนก-พุทธมณฑลสาย4,3,0,0
ปากซอยวัดเพลง,พรานนก-พุทธมณฑลสาย4,3,0,0
ปากซอยวิภาวดี25,กำแพงเพชร6,0,0,3
ปากซอยวิภาวดี25,วิภาวดีรังสิต25,0,0,3
ปากซอยวิภาวดีรังสิต25,กำแพงเพชร6,0,0,3
ปากซอยวิภาวดีรังสิต25,วิภาวดีรังสิต25,0,0,3
ปากซอยศรีนครินทร์10,ศรีนครินทร์,0,0,3
ปากซอยศรีอยุธยา5,ศรีอยุธยา,0,3,0
ปากซอยศาลาธรรมสพน์26,ศาลาธรรมสพน์,0,0,3
ปากซอยศาลาแดง,สีลม,0,0,3
ปากซอยศิริชัยบางบอน9,พระยามนธาตุราชศรีพิจิตร์,3,0,0
ปากซอยสมเด็จพระเจ้าตากสิน15,สมเด็จพระเจ้าตากสิน,3,0,0
ปากซอยสมเด็จพระเจ้าตากสิน46,สมเด็จพระเจ้าตากสิน,3,0,0
ปากซอยสมเด็จพระเจ้าตากสิน9,สมเด็จพระเจ้าตากสิน,3,0,0
ปากซอยสมเด็จเจ้าพระยา17,สมเด็จเจ้าพระยา,0,0,3
ปากซอยสมเด็จเจ้าพระยา17,สมเด็จเจ้าพระยา17,0,0,3
ปากซอยสมเด็จเจ้าพระยา5,สมเด็จเจ้าพระยา,0,0,3
ปากซอยสรงประภา1,สรงประภา,6,0,0
ปากซอยสรงประภา24,สรงประภา,3,0,0
ปากซอยสองพระ,สี่พระยา,0,0,6
ปากซอยสังฆประชา,ฉลองกรุง,3,0,0
ปากซอยสังฆประชา,ซอยสังฆประชา,3,0,0
"ปากซอยสายไหม21,.23",สายไหม,3,0,0
ปากซอยสายไหม25,ปากซอยสายไหม25,3,0,0
ปากซอยสายไหม33/1,สายไหม,0,3,0
ปากซอยสายไหม64,สายไหม,3,0,0
ปากซอยสายไหม81,สายไหม,3,0,0
ปากซอยสายไหม่56,สายใหม่,3,0,0
ปากซอยสารภี2,ถนนประชาธิปก,3,0,0
ปากซอยสารภี2,ประชาธิปก,3,0,0
ปากซอยสุขสวัสดิ์33/1,สุขสวัสดิ์,3,0,0
ปากซอยสุขุมวิท81,สุขุมวิท,0,3,0
ปากซอยสุขุมวิท81,สุขุมวิท52,0,3,0
ปากซอยสุขุมวิท81,สุขุมวิท81,0,3,0
ปากซอยหทัยราษฎร์39,ซอยหทัยราษฎร์39,3,0,0
ปากซอยหทัยราษฎร์39,ททัยราษฎร์,3,0,0
ปากซอยหทัยราษฎร์39,หทัยราษฎร์,0,3,0
ปากซอยหัวหมาก20,ซอยหัวหมวาก20,3,0,0
ปากซอยหัวหมาก20,ซอยหัวหมวาก21,3,0,0
ปากซอยหัวหมาก20,หัวหมาก,3,0,0
ปากซอยอรุณอัมรินทร์6,อรุณอัมรินทร์,3,0,0
ปากซอยอุดมสุข1,อุดมสุข(สุขุมวิท103),0,3,0
ปากซอยอุดมสุข18,อุดมสุข,0,0,3
ปากซอยอุดมสุข26,อุดมสุข,0,0,3
ปากซอยอุดมสุข30,อุดมสุข,0,0,3
ปากซอยอุดมสุข34,อุดมสุข,0,0,3
ปากซอยอุดมสุข41,อุดมสุข(สุขุมวิท103),3,0,0
ปากซอยอุดมสุข51,สุขุมวิท103,0,0,3
ปากซอยอุดมสุข9,อุดมสุข(สุขุมวิท103),0,3,0
ปากซอยอุทัยฟาร์ม,พระรามที่4,0,0,3
ปากซอยอ่อนนุข41,อ่อนนุช,0,0,3
ปากซอยอ่อนนุข41,อ่อนนุช41,0,0,3
ปากซอยอ่อนนุช51,สุขุมวิท77,0,0,3
ปากซอยอ่อนนุช59/1,อ่อนนุช,0,0,3
ปากซอยอ่อนนุช69,อ่อนนุช,3,0,0
ปากซอยอ่อนนุช74/3,สุขุมวิท77,0,0,3
ปากซอยอ่อนนุช74/3,อ่อนนุช,3,0,3
ปากซอยอ่อนนุช74/3,อ่อนนุช74/3,0,0,3
ปากซอยอ่อนุช65,อ่อนนุช,3,0,0
ปากซอยอ่อนุช65,อ่อนนุช65,3,0,0
ปากซอยเจริญกรุง72/1,เจริญกรุง,0,3,0
ปากซอยเจริญกรุง76,เจริญกรุง,0,3,0
ปากซอยเจริญกรุง85,เจริญกรุง,0,3,0
ปากซอยเจริญนคร12,เจริญนคร,0,0,3
ปากซอยเจริญนคร12,เจริญนคร12,0,0,3
ปากซอยเจริญนคร13,เจริญนคร,0,0,3
ปากซอยเจริญนคร14/2,เจริญนคร,0,0,3
ปากซอยเจริญนคร28,เจริญนคร,0,0,3
ปากซอยเจริญนคร39,เจริญนคร,0,0,3
ปากซอยเจริญรัถ19,เจริญรัก,0,0,3
ปากซอยเจริญรัถ19,เจริญรัก19,0,0,3
ปากซอยเจริญราษฎร์3,ศส6เจรญราษฎร,3,0,0
ปากซอยเจริญสุข,พระรามที่4,0,0,3
ปากซอยเฉลิมพระเกียรติร.923,เฉลิมพระเกียรติร.9,0,0,3
ปากซอยเฉลิมพระเกียรติร.939,เฉลิมพระเกียรติร.9,0,0,3
ปากซอยเชื่อมสัมพันธ์13,เชื่อมสัมพันธ์,0,0,3
ปากซอยเทพรักษ์25,เทพรักษ์,0,0,3
ปากซอยเทพรักษ์42,เทพรักษ์,0,0,3
ปากซอยเทียนทะเล20,เทียนทะเล,0,0,3
ปากซอยเทียนทะเล20,เทียนทะเล20,0,0,3
ปากซอยเทียนทะเล7,เทียนทะเล,0,0,3
ปากซอยเทียนทะเล7,เทียนทะเล7,0,0,3
ปากซอยเทียนทะเล9/1,บางขุนเทียนชายทะเล,0,0,3
ปากซอยเทียนทะเล9/1,เทียนทะเล9/1,0,0,3
ปากซอยเบญจพร2,พรานนก-พุทธมณฑลสาย4,3,0,0
ปากซอยเพชรเกษม11,เพชรเกษม,0,3,0
ปากซอยเพชรเกษม110,เพชรเกษม,0,0,3
ปากซอยเพชรเกษม110,เพชรเกษม110,0,0,3
ปากซอยเพชรเกษม15,เพชรเกษม,0,3,3
ปากซอยเพชรเกษม16,เพชรเกษม,0,0,3
ปากซอยเพชรเกษม16,เพชรเกษม16,0,0,3
ปากซอยเลียบคลองภาษีเจริญฝั่งใต้2/1,เลียบคลองภาษีเจริญฝั่งใต้,0,0,3
ปากซอยเลียบคลองภาษีเจริญฝั่งใต้6,เลียบคลองภาษีเจริญฝั่งใต้,0,0,3
ปากซอยเลียบคลองสอง19,เลียบคลองสอง,0,0,3
ปากซอยเลียบคลองสอง28,เลียบคลองสอง,0,0,3
ปากซอยเลียบวารี11,เลียบวารี,0,3,3
ปากซอยเลียบวารี25-27,เลียบวารี,0,3,0
ปากซอยเลียบวารี29,เลียบวารี,0,0,3
ปากซอยเลียบวารี55,เลียบวารี,0,0,3
ปากซอยเลียบวารี59,เลียบวารี,0,0,3
ปากซอยเลียบวารี59-61,เลียบวารี,3,0,0
ปากซอยเวชคาม,ประชาชื่น,3,0,0
ปากซอยเสรีไทย23,เสรีไทย,0,0,3
ปากซอยเสรีไทย68,ซอยเสรีไทย68,3,0,0
ปากซอยเสรีไทย68,เสรีไทย,3,0,0
ปากซอยเสร็ไทย68,เสรีไทย,3,0,0
ปากซอยเอกชัย64/5,เอกชัย,0,0,3
ปากซอยเอกชัย64/5,เอกชัย64/5,0,0,3
ปากซอยแจ้งวัฒนะ10,แจ้งวัฒนะ,0,0,3
ปากซอยแจ้งวัฒนะ10,แจ้งวัฒนะ10,0,0,3
ปากซอยแจ้งวัฒนะ13,แจ้งวัฒนะ,3,0,0
ปากซอยแจ้งวัฒนะ7,ซอยแจ้งวัฒนะ7,3,0,0
ปากซอยแจ้งวัฒนะ7,แจ้งวัฒนะ,3,0,0
ปากซอยแม้นศรี2,บำรุงเมือง,0,3,0
ปากซอยโรงงานยาสูบ,ซอยโรงงานยาสูบ,3,0,0
ปากซอยโรงงานยาสูบ,พระรามที่4,3,0,0
ปากทางลาดพร้าว,พหลโยธิน,3,3,3
ปากทางลาดพร้าว,ลาดพร้าว,3,3,3
ปากทางเข้าแฟลตทหารเรือ,สุขสวัสดิ์26,0,0,3
ปุณวิถี,ซอยสุขุมวิท101,3,0,0
ปุณวิถี,สุขุมวิท,3,0,6
ปุณวิถี,สุขุมวิท101,0,0,3
ปุณวิถี,สุขุมวิท101/1,0,0,3
ป้อมมหากาฬ,พระสุเมรุ,3,3,3
ป้อมมหากาฬ,มหาไชย,3,3,3
ป้อมมหากาฬ,ราชดำเนินกลาง,3,3,3
ป้อมเผด็จ,ถนนราชดำเนินใน,0,0,3
ป้อมเผด็จ,ถนนสนามไชย,0,0,3
ป้อมเผด็จ,ถนนหน้าพระลาน,0,0,3
ป้อมเผด็จ,ถนนหลักเมือง,0,0,3
ป้อมเผด็จ,ราชดำเนิน,0,3,0
ป้อมเผด็จ,ราชดำเนินใน,3,3,0
ป้อมเผด็จ,สนามไชย,3,6,0
ป้อมเผด็จ,หน้าพระลาน,3,3,0
ป้อมเผด็จ,หลักเมือง,3,6,0
ผดุงพันธ์,ผดุงพันธ์,0,0,3
ผดุงพันธ์-บุรีภิรมย์,บุรีภิรมณ์1,0,0,3
ผดุงพันธ์-บุรีภิรมย์,ผดุงพันธ์(SB),0,0,3
ผดุงพันธ์-บุรีภิรมย์,ผดุงพันธ์(WB),0,0,3
ผดุงพันธ์-ยังพัธนา,ผดุงพันธ์,0,0,3
ผดุงพันธ์-ยังพัธนา,ยังพัธนา,0,0,3
ผลาสินธุ์-ทางเข้าออกแฟลตทบ.ส่วนกลางบางเขน,ทางเข้าออกแฟลตทบ.ส่วนกลางบางเขน,0,0,3
ผลาสินธุ์-ทางเข้าออกแฟลตทบ.ส่วนกลางบางเขน,ผลาสินธุ์,0,0,3
ผังเมือง,ถนนพระราม9,0,0,3
ผังเมือง,พระราม9,3,6,3
ผังเมือง,พระราม9ซอย6/รอยัลซิตี้อเวนิว,0,0,3
ผังเมือง,รอยัลซิติ้อเวนิว,3,0,0
ผังเมือง,รอยัลซิตี้อเวนิว,0,0,3
ผังเมือง,รอยัลซีตี้อเวนิว,0,6,0
ผังเมือง,วัฒนธรรม,3,6,6
ผ่องพลอย,ลาซาล,0,0,6
ผ่องพลอย,ลาซาล(สุขุมวิท105),0,3,0
ผ่องพลอย,ลาซาล46,0,3,6
ผ่องพลอย,ลาซาล55,0,3,6
ผ่านพิภพ,จักรพงษ์,3,0,0
ผ่านพิภพ,ราชดำเนินกลาง,3,0,0
ผ่านพิภพ,ราชดำเนินใน,3,0,0
ผ่านพิภพ,สมเด็จพระปิ่นเกล้า,3,0,0
ผ่านพิภพลีลา,จักรพงษ์,0,3,3
ผ่านพิภพลีลา,ราชดำเนินกลาง,0,3,3
ผ่านพิภพลีลา,ราชดำเนินใน,0,3,3
ผ่านพิภพลีลา,สมเด็จพระปิ่นเกล้า,0,3,3
ผ่านฟ้า,นครสวรรค์,3,3,0
ผ่านฟ้า,บรพิตัร,0,3,0
ผ่านฟ้า,บริพัตร,3,0,0
ผ่านฟ้า,ปรินายก,3,3,0
ผ่านฟ้า,ราชดำเนินกลาง,3,3,0
ผ่านฟ้า,ราชดำเนินนอก,3,3,0
ผ่านฟ้า,หลานหลวง,3,3,0
ผ่านฟ้าลีลาศ,นครสวรรค์,0,0,6
ผ่านฟ้าลีลาศ,บริพัตร,0,0,6
ผ่านฟ้าลีลาศ,ปรินายก,0,0,6
ผ่านฟ้าลีลาศ,ราชดำเนินกลาง,0,0,6
ผ่านฟ้าลีลาศ,ราชดำเนินนอก,0,0,6
ผ่านฟ้าลีลาศ,หลานหลวง,0,0,6
ผ่านภิภพลีลา,จักรพงษ์,0,0,3
ผ่านภิภพลีลา,ราชดำเนินกลาง,0,0,3
ผ่านภิภพลีลา,ราชดำเนินใน,0,0,3
ผ่านภิภพลีลา,สมเด็จพระปิ่นเกล้า,0,0,3
พงษ์พระราม,จารุเมือง,3,6,6
พงษ์พระราม,พระรามที่1,3,6,6
พงษ์เพชร,งามวงศ์วาน,6,3,6
พงษ์เพชร,ประชาชื่น,6,3,6
พญาไท,พญาไท,3,6,9
พญาไท,ศรีอยุธยา,3,6,9
พทุธมณฑลสาย1-บางแวก,บางแวก,0,3,0
พทุธมณฑลสาย1-บางแวก,พุทธมณฑลสาย1,0,3,0
พระยาสุเรนทร์-จตุโชติ,จตุโชติ,0,0,3
พระยาสุเรนทร์-จตุโชติ,พระยาสุเรนทร์,0,0,3
พระราม2ซอย50แยก5,พระราม2ซอย50,0,0,3
พระราม2ซอย69แยก1,พระราม2ซอย69,0,0,3
พระราม2ซอย69แยก1,พระราม2ซอย69แยก1,0,0,3
พระราม2ซอย69แยก2,พระราม2ซอย69,0,0,3
พระราม2ซอย69แยก2,พระราม2ซอย69แยก2,0,0,3
พระราม2ซอย69แยก3,พระราม2ซอย69,0,0,3
พระราม2ซอย69แยก3,พระราม2ซอย69แยก3,0,0,3
พระราม3-รัชดา,พระรามที่3,0,0,6
พระราม3-รัชดา,รัชดาภิเษก,0,0,6
พระราม9,พระราม9,6,6,6
พระราม9,รัชดาภิเษก,6,6,6
พระราม9,อโศกดินแดง,6,6,6
พระราม9-ประดิษฐ์มนูธรรม,ประดิษฐ์มนูธรรม,3,0,3
พระราม9-ประดิษฐ์มนูธรรม,พระราม9,3,0,3
พระราม9ใหม่,พระราม9,0,3,3
พระราม9ใหม่,พระรามที่9,3,0,0
พระราม9ใหม่,เพชรพระราม,3,3,3
พระราม9–ประดิษฐ์มนูธรรม,ประดิษฐ์มนูธรรม,0,0,3
พระราม9–ประดิษฐ์มนูธรรม,พระราม9,0,0,3
พระรามที่2,พระรามที่2,3,6,9
พระรามที่2,สุขสวัสดิ์,3,6,9
พระรามที่2-แสมดำ,พระรามที่2,3,0,0
พระรามที่2-แสมดำ,แสมดำ,3,0,0
พระรามที่2ซอย20,พระรามที่2,0,0,3
พระรามที่2ซอย20,พระรามที่2ซอย20,0,0,3
พระรามที่2ซอย28,พระรามที่2,0,0,3
พระรามที่2ซอย28,พระรามที่2ซอย28,0,0,3
พระรามที่3-นราธิวาส,นราธิวาสราชนครินทร์,0,0,6
พระรามที่3-นราธิวาส,พระรามที่3,0,3,6
พระรามที่3-ยานนาวา,พระรามที่3,6,3,3
พระรามที่3-ยานนาวา,ยานนาวา,6,3,3
พระรามที่3-รัชดา,พระรามที่3,0,3,0
พระรามที่3-รัชดา,รัชดาภิเษก,0,3,0
พระรามที่3-รัชดาภิเษก,พระรามที่3,3,0,0
พระรามที่3-รัชดาภิเษก,รัชดาภิเษก,3,0,0
พระรามที่3-วงแหวนอุตสาหกรรม,พระรามที่3,3,3,3
พระรามที่3-วงแหวนอุตสาหกรรม,วงแหวนอุตสาหกรรม,3,3,3
พระรามที่3ซอย19,พระรามที่3,0,0,3
พระรามที่3ซอย19,พระรามที่3ซอย19,0,0,3
พระรามที่3ซอย77,พระรามที่3,0,0,3
พระรามที่3ซอย77,พระรามที่3ซอย77,0,0,3
พระรามที่4,พระรามที่4,6,1,6
พระรามที่4,พระรามที่5,0,1,0
พระรามที่4,พระรามที่6,0,1,0
พระรามที่4,รัชดาภิเษก,6,3,6
พระรามที่6-พระรามที่6ซอย36,พระรามที่6,3,0,0
พระรามที่6-พระรามที่6ซอย36,พระรามที่6ซอย36,3,0,0
พระโขนง,ซอยสุขุมวิท71,6,0,0
พระโขนง,พระรามที่4,0,0,9
พระโขนง,สุขุมวิท,6,3,12
พระโขนง,สุขุมวิท71,0,3,3
พรานนก,พรานนก,3,8,6
พรานนก,อิสรภาพ,3,6,6
พรานนก,เพชรบุรี,0,3,0
พรานนก-กาญจนาภิเษก-กาญจนาภิเษก,กาญจนาภิเษก,0,3,0
พรานนก-กาญจนาภิเษก-กาญจนาภิเษก,พรานนก-กาญจนาภิเษก,0,3,0
พรานนก-กาญจนาภิเษก-ราชพฤกษ์,พรานนก-กาญจนาภิเษก,0,3,0
พรานนก-กาญจนาภิเษก-ราชพฤกษ์,ราชพฤกษ์,0,3,0
พร้อมพงษ์,เพชรบุรี,0,0,3
พร้อมพงษ์,เพชรบุรี38/1,0,0,3
พลับพลาไชย,พลับพลาไชย,3,0,9
พลับพลาไชย,หลวง,3,0,6
พลับพลาไชย,ไมตรีจิต,3,0,6
พลาธิการ,ซอยพหลโยธิน54/1,3,0,0
พลาธิการ,ทางเข้าพลาธิการทอ,3,0,0
พลาธิการ,พหลโยธิน,3,0,0
พหลโยธิน-เทพรักษ์,พหลโยธิน,3,3,6
พหลโยธิน-เทพรักษ์,เทพรักษ์,3,3,6
พหลโยธิน-เลียบคลองบางเขน,พหลโยธิน,0,0,6
พหลโยธิน-เลียบคลองบางเขน,เลียบคลองบางเขน,0,0,6
พหลโยธิน19,พหลโยธิน,0,0,3
พหลโยธิน19,พหลโยธิน19,0,0,3
พหลโยธิน23,ซอยพหลโยธิน23,3,0,0
พหลโยธิน23,พหลโยธิน,3,0,0
พหลโยธิน48,ซอยพหลโยธิน48,0,3,0
พหลโยธิน48,พหลโยธิน,0,6,3
พหลโยธิน48,พหลโยธิน48,0,3,3
พหลโยธิน54/1-สายไหม,พหลโยธิน54/1,0,3,0
พหลโยธิน54/1-สายไหม,สายไหม,0,3,0
พหลโยธินซอย2,พหลโยธิน,0,3,0
พหลโยธินซอย2,พหลโยธินซอย2,0,3,0
พัฒนาการ,บางแค,0,0,3
พัฒนาการ,พัฒนาการ,6,3,6
พัฒนาการ,ศรีนครินทร์,6,3,6
พัฒนาการ,เทอดไท,0,0,3
พัฒนาการ-ซอยพัฒนาการ53,ซอยพัฒนาการ53,3,0,0
พัฒนาการ-ซอยพัฒนาการ53,พัฒนาการ,3,0,0
พัฒนาการ-พัฒนาการ25,พัฒนาการ,0,0,3
พัฒนาการ-พัฒนาการ25,พัฒนาการ25,0,0,3
พัฒนาการ-พัฒนาการ53,พัฒนาการ,0,0,6
พัฒนาการ-พัฒนาการ53,พัฒนาการ53,0,0,6
พัฒนาการ-เฉลิมพระเกียรติร.9,ทางเข้าหมู่บ้าน,3,0,0
พัฒนาการ-เฉลิมพระเกียรติร.9,พัฒนาการ,3,0,0
พัฒนาการ-เฉลิมพระเกียรติร.9,เฉลิมพระเกียรติร.9,3,0,0
พัฒนาการ20,พัฒนาการ,0,0,3
พัฒนาการ20,พัฒนาการ20,0,0,3
พัฒนาการ25,พัฒนาการ,0,0,6
พัฒนาการ25,พัฒนาการ25,0,0,6
พัฒนาการ29,พัฒนาการ,0,3,0
พัฒนาการ46,พัฒนาการ,0,0,3
พัฒนาการ46,พัฒนาการ46,0,0,3
พัฒนาการ61-พัฒนาการ74,ซอยพัฒนาการ61,3,0,0
พัฒนาการ61-พัฒนาการ74,ซอยพัฒนาการ74,3,0,0
พัฒนาการ61-พัฒนาการ74,พัฒาการ,3,0,0
พัฒนาการ93,พัฒนาการ,0,0,3
พาณิชยการ,พระรามที่5,3,3,0
พาณิชยการ,พิษณุโลก,3,5,0
พาณิชยการ,อิสรภาพ,0,3,0
พาณิชยการธนบุรี,จรัญสนิทวงศ์,6,0,3
พาณิชยการธนบุรี,จรัญสนิทวงศ์13,0,0,3
พาณิชยการธนบุรี,ซอยจรัญสนิทวงศ์13,6,0,0
พาณิชยการพระนคร,พระรามที่5,0,0,3
พาณิชยการพระนคร,พิษณุโลก,0,0,3
พาณิชย์ธน,จรัญสนิทวงศ์,0,3,0
พาณิชย์ธน,จรัญสนิทวงศ์13,0,3,0
พาราไดซ์,ศรีนครินทร์,0,0,3
พาราไดซ์,ศรีนครินทร์46,0,0,3
พาราไดซ์,ศรีนครินทร์57,0,0,3
พาหุรัด,ตรีเพชร,0,0,9
พาหุรัด,พาหุรัด,0,0,9
พิงนคร5-ริมคลองตาอูฐ,พิงนคร5,0,0,3
พิงนคร5-ริมคลองตาอูฐ,ริมคลองตาอูฐ,0,0,3
พิชัย,นครไชยศรี,3,6,0
พิชัย,พิชัย,3,6,0
พิบูลวัฒนา,ซอยพิบูลวัฒนา,0,3,0
พิบูลวัฒนา,ทางขึ้นลงทางด่วน,0,3,0
พิบูลวัฒนา,ทางขึ้นลงทางด่วน/ถนนพระรามที่6ซอย37,0,0,3
พิบูลวัฒนา,พระรามที่6,0,3,3
พิบูลวัฒนา,พิบูลวัฒนา,0,0,3
พิบูลสงคราม,ประชาราษฎร์สาย1,3,3,3
พิบูลสงคราม,พิบูลสงคราม,3,3,3
พิบูลสงคราม,วงศ์สว่าง,0,3,0
พุทธบูชา-พุทธบูชา24,พุทธบูชา,0,0,3
พุทธบูชา-พุทธบูชา24,พุทธบูชา24,0,0,3
พุทธบูชา36-ซอยตำหนักเสด็จพ่อโกมินทร์,ซอยพุทธบูชา36,0,3,0
พุทธมณฑลสาย1-บางแวก,บางแวก,3,0,3
พุทธมณฑลสาย1-บางแวก,พุทธมณฑลสาย1,3,0,3
พุทธมณฑลสาย1-พรานนก-กาญจนาภิเษก,พรานนก-กาญจนาภิเษก,3,0,0
พุทธมณฑลสาย1-พรานนก-กาญจนาภิเษก,พุทธมณฑลสาย1,3,0,0
พุทธมณฑลสาย1-พรานนกกภาญจนาภิเษก,พรานนก-กาญจนาภิเษก,3,0,0
พุทธมณฑลสาย1-พรานนกกภาญจนาภิเษก,พุทธมณฑลสาย1,3,0,0
พุทธมณฑลสาย1-วัดอินทราวาส,พุทธมณฑลสาย1,3,0,0
พุทธมณฑลสาย2,ซอยเพชรเกษม55,6,3,0
พุทธมณฑลสาย2,พุทธมณฑลสาย2,6,3,6
พุทธมณฑลสาย2,เพชรเกษม,6,3,6
พุทธมณฑลสาย2,เพชรเกษม55,0,0,6
พุทธมณฑลสาย2-ซอยวัดบุณยประดิษฐ์,ซอยวัดบุณยประดิษฐ์,0,3,0
พุทธมณฑลสาย2-ซอยวัดบุณยประดิษฐ์,พุทธมณฑลสาย2,0,3,0
พุทธมณฑลสาย2-ซอยวัดบุณยประดิษฐ์,พุทธมณฑลสาย2ซอย10,0,3,0
พุทธมณฑลสาย2-ทางเข้าวัดบุณยประดิษฐ์,พุทธมณฑลสาย2,0,0,3
พุทธมณฑลสาย2-ทางเข้าวัดบุณยประดิษฐ์,พุทธมณฑลสาย2ซอย10,0,0,3
พุทธมณฑลสาย2-ทางเข้าวัดบุณยประดิษฐ์,วัดบุณยประดิษฐ์,0,0,3
พุทธมณฑลสาย2-บางแวก,บางแวก,0,3,3
พุทธมณฑลสาย2-บางแวก,พุทธมณฑลสาย2,0,3,3
พุทธมณฑลสาย2-สุขาภิบาลบางระมาด,พุทธมณฑลสาย2,0,0,3
พุทธมณฑลสาย2-สุขาภิบาลบางระมาด,สุขาภิบาลบางระมาด,0,0,3
พุทธมณฑลสาย2ซอย12,พุทธมณฑลสาย2,0,0,3
พุทธมณฑลสาย2ซอย12,พุทธมณฑลสาย2ซอย12,0,0,3
พุทธมณฑลสาย3,พุทธมณฑลสาย3,6,3,3
พุทธมณฑลสาย3,เพชรเกษม,6,3,3
พุทธมณฑลสาย3-ซอยศาลาธรรมสพน์,ซอยศาลาธรรมสพน์,3,0,0
พุทธมณฑลสาย3-ซอยศาลาธรรมสพน์,พุทธมณฑลสาย3,3,0,0
พุทธมณฑลสาย3-ถ.อุทยาน,พุทธมณฑลสาย3,3,3,0
พุทธมณฑลสาย3-ถ.อุทยาน,อุทยาน,3,3,0
พุทธมณฑลสาย3-อุทยาน,พุทธมณฑลสาย3,0,0,6
พุทธมณฑลสาย3-อุทยาน,อุทยาน,0,0,6
ภาวนา,ซอยลาดพราว37,3,0,0
ภาวนา,ซอยลาดพร้าว37,3,0,0
ภาวนา,ซอยลาดพร้าว41,6,0,0
ภาวนา,ซอยลาดพร้าว44,6,0,0
ภาวนา,ถนนลาดพร้าว,3,0,0
ภาวนา,ลาดพร้าว,3,0,3
ภาวนา,ลาดพร้าว37,0,0,3
ภาวนา,ลาดพร้าว41,0,0,3
ภาวนา,ลาดพร้าว44,0,0,3
ม.หอการค้าไทย,วิภาวดีรังสิต,0,3,0
มหานคร,จารุเมือง,3,0,6
มหานคร,พระรามที่4,3,0,6
มหานคร,มหานคร,3,0,6
มหานคร-สี่พระยา,มหานคร,0,0,3
มหานคร-สี่พระยา,มหาเศรษฐ์,0,0,3
มหานคร-สี่พระยา,สี่พระยา,0,0,3
มหาวิทยาลัยกรุงเทพ,ซอยบ้านกล้วยใต้(สุขุมวิท42),3,0,0
มหาวิทยาลัยกรุงเทพ,ซอยมหาวิทยาลัยกรุงเทพ,3,0,0
มหาวิทยาลัยกรุงเทพ,พระรามที่4,3,0,3
มหาวิทยาลัยกรุงเทพ,ม.กรุงเทพฯ,0,0,3
มหาวิทยาลัยกรุงเทพ,สุขุมวิท42,0,0,3
มหาไชย-ศิริชัย,มหาไชย,0,3,0
มหาไชย-สำราญราษฎร์,มหาไชย,3,0,0
มักกะสัน,นิคมมักกะสัน,0,0,6
มักกะสัน,ราชปรารภ,0,0,6
มัฆวาน,กรุงเกษม,3,3,6
มัฆวาน,ราชดำเนิน,0,0,3
มัฆวาน,ราชดำเนินนอก,3,3,3
มัยลาภ,ซอยรามอยินทรา14(ซอยมัยลาภ),3,0,0
มัยลาภ,รามอินทรา,3,0,3
มัยลาภ,รามอินทรา14,0,0,3
มิตรสัมพันธ์,นิคมมักกะสัน,3,6,3
มิตรสัมพันธ์,มักกะสัน,0,0,3
มิตรสัมพันธ์,เพชรบุรี,3,6,6
มิตรไมตรี-มิตรไมตรี,มิตรไมตรี(EB-WB),0,6,0
มิตรไมตรี-มิตรไมตรี,มิตรไมตรี(NB),0,6,0
มิตรไมตรี-มิตรไมตรี1,มิตรไมตรี,15,3,3
มิตรไมตรี-มิตรไมตรี1,มิตรไมตรี1,15,3,3
มิตรไมตรี-มิตรไมตรี12/2,มิตรไมตรี,0,0,3
มิตรไมตรี-มิตรไมตรี12/2,มิตรไมตรี12/2,0,0,3
มิตรไมตรี-มิตรไมตรี2,มิตรไมตรี,18,12,9
มิตรไมตรี-มิตรไมตรี2,มิตรไมตรี2,18,12,9
มิตรไมตรี-มิตรไมตรี3,มิตรไมตรี,0,0,3
มิตรไมตรี-มิตรไมตรี3,มิตรไมตรี3,0,0,3
มิตรไมตรี-มิตรไมตรี3-มิตรไมตรี4,มิตรไมตรี,0,0,3
มิตรไมตรี-มิตรไมตรี3-มิตรไมตรี4,มิตรไมตรี3,0,0,3
มิตรไมตรี-มิตรไมตรี3-มิตรไมตรี4,มิตรไมตรี4,0,0,3
มิตรไมตรี-สกุลดี,ประชาสำราญ,0,0,3
มิตรไมตรี-สกุลดี,มิตรไมตรี,0,0,3
มิตรไมตรี-สกุลดี,สกุลดี,0,0,3
มิตรไมตรี3-มิตรไมตรี4,มิตรไมตรี,0,0,3
มิตรไมตรี3-มิตรไมตรี4,มิตรไมตรี3,0,0,3
มิตรไมตรี3-มิตรไมตรี4,มิตรไมตรี4,0,0,3
มิสทีน,รามคำแหง,3,0,5
มิสทีน,ราษฎร์พัฒนา,3,0,6
มเหสักข์,มหาเศรษฐ์,0,0,2
มเหสักข์,มเหสักข์,3,0,4
มเหสักข์,สีลม,3,0,0
มเหสักข์,สุรวงศ์,0,0,3
มเหสักข์,สุรศักดิ์,3,0,0
มไหสวรรย์,มไหสวรรย์,6,3,9
มไหสวรรย์,รัชดาภิเษก,6,3,6
มไหสวรรย์,สมเดจ็พระเจ้าตากสิน,0,3,0
มไหสวรรย์,สมเด็จพระเจ้าตากสิน,6,0,9
ยมราช,พิษณุโลก,3,3,9
ยมราช,สวรรคโลก,3,3,9
ยมราช,หลานหลวง,3,3,9
ยมราช,เพชรบุรี,3,3,9
ยานนาวา,พระรามที่3,0,0,3
ยานนาวา,ยานนาวา,0,0,3
ยุคล2,บำรุงเมือง,3,0,3
ยุคล2,บํารุงเมือง,0,3,0
ยุคล2,ยุคล2,3,3,3
ร.พ.บางรัก,ซอยศึกษาวิทยา,0,3,0
ร.พ.บางรัก,ซอยเซ็นหลุยส์9,0,3,0
ร.พ.บางรัก,สาทร,0,3,0
ร.พ.สิรินธร,สุขาภิบาล2,0,0,3
ร.พ.สิรินธร,อ่อนนุช,0,0,3
ร.ร.กสิณธรอาคาเดมี่,พุทธมณฑลสาย3,0,3,0
ร.ร.สารสาสน์วิเทศธนบุรี,พุทธมณฑลสาย3,0,3,0
ร.ร.เตรียมอุดมศึกษา,พญาไท,0,3,0
รพ.ทหารผ่านศึก,วิภาวดีรังสิต,0,3,0
รพ.นพรัตน์,ทางเข้าออกรพ.นพรัตน์,0,0,3
รพ.นพรัตน์,รามอินทรา,0,0,3
รพ.นพรัตน์,สวนสยาม,0,0,3
รพ.ปิยะเวท,จตุรทิศ,0,0,3
รพ.ปิยะเวท,ทางเข้าออกรพ.ปิยะเวท,0,0,3
รพ.ภูมิพล,ซอยพิมานทิพย์,0,3,0
รพ.ภูมิพล,ทางเข้าออกทอ.5,0,3,0
รพ.ภูมิพล,พหลโยธิน,0,3,0
รพ.วุฒิสมเด็จย่า,พหลโยธิน,0,3,0
รพ.สิรินธร,สุขาภิบาล2,3,0,0
รพ.สิรินธร,อ่อนนุช,3,0,0
รร.ฤทธิยะวรรณาลัย,ช่องทางท่าดินแดง5,0,0,3
รร.ฤทธิยะวรรณาลัย,ทางเข้าออกกรมอากาศโยธิน,0,0,3
รร.ฤทธิยะวรรณาลัย,ทางเข้าออกหน่วยบัญชาการอากาศโยธิน,0,0,3
รร.ฤทธิยะวรรณาลัย,พหลโยธิน,0,0,6
รร.ฤทธิยะวรรณาลัย,รณนภากาศ,0,0,3
รร.ฤธิยะวรรณาลัย,พหลโยธิน,0,6,0
รร.ฤธิยะวรรณาลัย,รณนภากาศ,0,6,0
รร.เอกบูรพา,สามวา,0,0,3
ระนอง1,ระนอง1,0,3,0
ระนอง1,เทอดดำริ,0,3,0
ระหว่างซอยนิมิตใหม่33-35,นิมิตใหม่,0,0,3
รัชดา-นราธิวาส,นราธิวาสราชนครินทร์,6,0,6
รัชดา-นราธิวาส,รัชดาภิเษก,3,0,6
รัชดา-นราธิวาสราชนครินทร์,นราธิวาสราชนครินทร์,0,3,0
รัชดา-นราธิวาสราชนครินทร์,รัชดาภเิษก,0,3,0
รัชดา-ราชพฤกษ์,รัชดาภิเษก,9,3,0
รัชดา-ราชพฤกษ์,ราชพฤกษ์,9,3,0
รัชดา-ลาดพร้าว,รัชดาภิเษก,3,3,9
รัชดา-ลาดพร้าว,ลาดพราว,3,0,0
รัชดา-ลาดพร้าว,ลาดพร้าว,0,3,9
รัชดา-สุทธิสาร,รัชดาภิเษก,0,0,6
รัชดา-สุทธิสาร,สุทธิสารวินิจฉัย,0,0,6
รัชดาภิเษก,ซอย20มิถุนา,3,0,0
รัชดาภิเษก,ซอยรัชดาภิเษก18,3,0,0
รัชดาภิเษก,ด่วนนางลิ้นจี่,0,0,3
รัชดาภิเษก,นางลิ้นจี่,0,0,3
รัชดาภิเษก,ประชาราษฎร์บำเพ็ญ,3,0,0
รัชดาภิเษก-ลาดพร้าว,รัชดาภิเษก,3,0,0
รัชดาภิเษก-ลาดพร้าว,ลาดพร้าว,3,0,0
รัชดาภิเษก30,รัชดาภิเษก,0,3,0
รัชโยธิน,พหลโยธิน,3,3,6
รัชโยธิน,รัชดาภิเษก,3,0,6
รัชโยธิน,รัชดาภเิษก,0,3,0
ราชดำริ,ราชดำริ,6,3,6
ราชดำริ,สารสิน,6,3,6
ราชบพิธ-ตีทอง,ตีทอง,0,0,6
ราชบพิธ-ตีทอง,ราชบพิธ,0,0,6
ราชบพิธ-เฟื่องนคร,ราชบพิธ,0,0,3
ราชบพิธ-เฟื่องนคร,เฟื่องนคร,0,0,3
ราชประสงค์,พระรามที่1,6,3,12
ราชประสงค์,ราชดำริ,6,3,12
ราชประสงค์,เพลินจิต,6,3,12
ราชพฤกษ์-วุฒากาศ,ราชพฤกษ์,3,0,3
ราชพฤกษ์-วุฒากาศ,วุฒากาศ,3,0,3
ราชวงศ์,ราชวงศ์,3,6,3
ราชวงศ์,เยาวราช,3,6,3
ราชวัตร,นครไชยศรี,6,3,3
ราชวัตร,พระรามที่5,6,3,3
ราชวิถี,พระรามที่5,3,3,9
ราชวิถี,ราชวิถี,3,3,9
ราชเทวี,พญาไท,3,6,9
ราชเทวี,เพชรบุรี,3,6,9
รามคำแหง,พระราม9,3,3,6
รามคำแหง,รามคำแหง,3,3,6
รามคำแหง-มหาดไทย,ซอยรามคำแหง65(มหาดไทย),3,0,0
รามคำแหง-มหาดไทย,รามคำแหง,3,0,6
รามคำแหง-มหาดไทย,รามคำแหง65,0,0,6
รามคำแหง-ร่มเกล้า,รามคำแหง,0,0,3
รามคำแหง-ร่มเกล้า,ร่มเกล้า,0,0,3
รามคำแหง-วงแหวนตะวันออก,รามคำแหง,6,0,0
รามคำแหง-วงแหวนตะวันออก,วงแหวนตะวันออก,6,0,0
รามคำแหง112,รามคำแหง,0,0,3
รามคำแหง112,รามคำแหง112,0,0,3
รามคำแหง118,รามคำแหง,0,0,3
รามคำแหง118,รามคำแหง118,0,0,3
รามคำแหง2-ซอยหมู่บ้านทุ่งเศรษฐี,ซอยหมู่บานทุ่งเศรษฐี,3,0,0
รามคำแหง2-ซอยหมู่บ้านทุ่งเศรษฐี,รามคำแหง2,3,0,0
รามคำแหง2-ซอยหมู่บ้านทุ่งเศรษฐี,รามคำแหง2ซอย23,3,0,0
รามคำแหง24,รามคำแหง,0,0,3
รามคำแหง24,รามคำแหง24,0,0,3
รามคำแหง24-ถาวรธวัช,ถาวรธวัช,0,0,12
รามคำแหง24-ถาวรธวัช,รามคำแหง24,0,0,12
รามคำแหง24แยก20,รามคำแหง24,0,0,3
รามคำแหง24แยก20,รามคำแหง24แยก20,0,0,3
รามคำแหง24แยก24,รามคำแหง24,0,0,3
รามคำแหง24แยก24,รามคำแหง24แยก24,0,0,3
รามคำแหง24แยก28,รามคำแหง24,0,0,3
รามคำแหง24แยก28,รามคำแหง24แยก28,0,0,3
รามคำแหง39ระหว่างแยก15และ17,รามคำแหง39,0,0,3
รามอินทรา-พระยาสุเรนทร์,พระยาสุเรนทร์,0,0,3
รามอินทรา-พระยาสุเรนทร์,รามอินทรา,0,0,3
รามอินทรา117,รามอินทรา,0,0,3
รามอินทรา117,รามอินทรา117,0,0,3
รามอินทรา127,รามอินทรา,0,0,3
รามอินทรา127,รามอินทรา127,0,0,3
รามอินทรา14,รามอินทรา,0,0,3
รามอินทรา14,รามอินทรา14,0,0,3
รามอินทรา34,รามอินทรา,0,0,3
รามอินทรา34,รามอินทรา34,0,0,3
ราษฎร์บูรณะ,ราษฎร์บูรณะ,3,3,6
ราษฎร์บูรณะ,ราษฎร์บูรณะ(ต่อ),0,0,3
ราษฎร์บูรณะ,ราษฎร์พัฒนา,3,3,3
ราษฎร์บูรณะ18,ราษฎร์บูรณะ,0,0,3
ราษฎร์พัฒนา,ซอยสุขสวัสดิ์27,3,3,0
ราษฎร์พัฒนา,สุขสวัสดิ์,3,0,6
ราษฎร์พัฒนา,สุขสวัสดิ์27,0,0,6
ราษฎร์พัฒนา,สุขสวัสดิ์สำนักการจราจรและขนส่ง,0,3,0
ราษฎร์พัฒนา-ราษฎร์พัฒนา15,ซอยราษฎรพัฒนา,3,0,0
ราษฎร์พัฒนา-ราษฎร์พัฒนา15,ราษฎร์พัฒนา,3,0,0
ราษฎร์พัฒนา-ราษฎร์พัฒนา5,ราษฎร์พัฒนา,0,0,3
ราษฎร์พัฒนา-ราษฎร์พัฒนา5,ราษฎร์พัฒนา4,0,0,3
ราษฎร์พัฒนา-ราษฎร์พัฒนา5,ราษฎร์พัฒนา5,0,0,3
ราษฎร์พัฒนา-เคหะร่มเกล้า,ราษฎร์พัฒนา,3,0,0
ราษฎร์พัฒนา-เคหะร่มเกล้า,เคหะร่มเกล้า,3,0,0
ราษฎร์พัฒนา10,ราษฎร์พัฒนา,0,0,3
ราษฎร์พัฒนา10,ราษฎร์พัฒนา10,0,0,3
ราษฎร์อุทิศ18,ราษฎร์อุทิศ,0,0,3
ราษฎร์อุทิศ18,ราษฎร์อุทิศ18,0,0,3
ราษฎร์อุทิศ38/1,ราษฎร์อุทิศ,0,0,3
ราษฎร์อุทิศ38/1,ราษฎร์อุทิศ38/1,0,0,3
ราษฎร์อุทิศ66,ราษฏร์อุทิศ,0,0,3
ราษฎร์อุทิศ68/2,ราษฎร์อุทิศ,0,0,3
ราษฎร์อุทิศตัดสุวินทวงศ์,ราษฎร์อุทิศ,6,0,0
ร่มเกลา,รามคำแหง,3,0,0
ร่มเกลา,ร่มเกล้า,3,0,0
ร่มเกล้า,รามคำแหง,3,3,0
ร่มเกล้า,ร่มเกล้า,3,3,0
ร่มไทร,ร่มไทร(บางบอน3ซอย12),0,0,3
ร่มไทร,เพชรเกษม69,0,0,3
ร่วมจิตต์,นครชัยศรี,0,3,0
ร่วมจิตต์,นครราชสีมา,0,0,3
ร่วมจิตต์,นครไชยศรี,0,0,3
ร่วมจิตต์,ราชสีมา,0,3,0
ร่วมพัฒนา-ประชาอุทิศ,ประชาอุทิศ,0,0,3
ร่วมพัฒนา-ประชาอุทิศ,ร่วมพัฒนา,0,0,3
ร่วมพัฒนา-อยู่วิทยา-สุวินทวงศ์,ร่วมพัฒนา,0,0,3
ร่วมพัฒนา-อยู่วิทยา-สุวินทวงศ์,สุวินทวงศ์,0,0,3
ร่วมพัฒนา-อยู่วิทยา-สุวินทวงศ์,อยู่วิทยา,0,0,3
ฤทธิยะวรรณาลัย,ช่องทางท่าดินแดง5,0,0,3
ฤทธิยะวรรณาลัย,ทางเข้าออกอากาศโยธิน,0,0,3
ฤทธิยะวรรณาลัย,พหลโยธิน,0,0,3
ลาซาล,ซอยลาซาล(สุขุมวิท105),0,3,0
ลาซาล,ซอยสุขุมวิท105,6,0,0
ลาซาล,สุขุมวิท,6,3,6
ลาซาล,สุขุมวิท105,0,0,6
ลาซาล-ถนนตัดไหม่ลาซาล-แบริ่ง,ตัดใหม่ลาซาล-แบริ่ง,3,0,0
ลาซาล-ถนนตัดไหม่ลาซาล-แบริ่ง,ลาซาล,3,0,0
ลาซาล-แบริ่งลาซาล,ลาซาล,0,0,3
ลาซาล-แบริ่งลาซาล,สุขุมวิท105(ลาซาล),0,0,3
ลาซาล-แบริ่งลาซาล,แบริ่งลาซาล,0,0,6
ลาดกระบัง-ฉลองกรุง,ฉลองกรุง,3,3,3
ลาดกระบัง-ฉลองกรุง,ลาดกระบัง,3,3,3
ลาดกระบัง-ร่มเกล้า,ร่มเกล้า,3,3,0
ลาดกระบัง-ร่มเกล้า,ลาดกระบัง,3,3,0
ลาดกระบัง1ก/7,ลาดกระบัง,0,0,3
ลาดกระบัง54,ซอยลาดกระบัง54,3,0,0
ลาดกระบัง54,ลาดกระบัง,3,0,6
ลาดกระบัง54,ลาดกระบัง54,0,0,6
ลาดบัวขาว,มณีพัฒนา,0,3,0
ลาดบัวขาว,มีนพัฒนา,3,0,3
ลาดบัวขาว,รามคำแหง,3,3,3
ลาดปลาเค้า,รามอินทรา,6,3,9
ลาดปลาเค้า,ลาดปลาเค้า,6,3,9
ลาดพร้าว,พหลโยธิน,0,0,3
ลาดพร้าว,ลาดพร้าว,0,0,3
ลาดพร้าว,วิภาวดีรังสิต,0,0,6
ลาดพร้าว(ขาออก),พหลโยธิน,0,0,3
ลาดพร้าว-ประดิษฐ์มนูธรรม,ประดิษฐ์มนูธรรม,0,0,3
ลาดพร้าว-ประดิษฐ์มนูธรรม,ลาดพร้าว,0,0,3
ลาดพร้าว-มหาดไทย,มหาดไทย,0,0,3
ลาดพร้าว-มหาดไทย,ลาดพร้าว,0,0,6
ลาดพร้าว-มหาดไทย,ลาดพร้าว122,0,0,3
ลาดพร้าว-ลาดพร้าว15,ซอยลาดพร้าว15,0,3,0
ลาดพร้าว-ลาดพร้าว15,ลาดพร้าว,0,3,0
ลาดพร้าว101,ซอยลาดพร้าว101,3,3,0
ลาดพร้าว101,ซอยลาดพร้าว128/1,3,3,0
ลาดพร้าว101,ลาดพร้าว,3,3,3
ลาดพร้าว101,ลาดพร้าว101,0,0,3
ลาดพร้าว101,ลาดพร้าว128/1,0,0,3
ลาดพร้าว101/1,ลาดพร้าว,0,0,3
ลาดพร้าว101/1,ลาดพร้าว101/1,0,0,3
ลาดพร้าว112,ลาดพร้าว,0,0,3
ลาดพร้าว112,ลาดพร้าว112,0,0,3
ลาดพร้าว12,ลาดพร้าว,0,0,3
ลาดพร้าว12,ลาดพร้าว12,0,0,3
ลาดพร้าว14,ลาดพร้าว,0,0,3
ลาดพร้าว14,ลาดพร้าว14,0,0,3
ลาดพร้าว35,ลาดพร้าว,0,0,3
ลาดพร้าว35,ลาดพร้าว35,0,0,3
ลาดพร้าว40,ลาดพร้าว,0,0,3
ลาดพร้าว40,ลาดพร้าว40,0,0,3
ลาดพร้าว48,ลาดพร้าว,0,0,3
ลาดพร้าว48,ลาดพร้าว48,0,0,3
ลาดพร้าว6,ลาดพร้าว,0,0,3
ลาดพร้าว6,ลาดพร้าว6,0,0,3
ลาดพร้าว60,ลาดพร้าว,0,0,3
ลาดพร้าว60,ลาดพร้าว60,0,0,3
ลาดพร้าว62,ลาดพร้าว,0,0,3
ลาดพร้าว62,ลาดพร้าว62,0,0,3
ลาดพร้าว71,ลาดพร้าว,0,0,3
ลาดพร้าว71,ลาดพร้าว71,0,0,3
ลาดพร้าว94,ลาดพร้าว,0,0,3
ลาดพร้าว94,ลาดพร้าว94,0,0,3
ลาดพร้าววังหิน-โชคชัย4,ลาดพร้าววังหิน,0,0,3
ลาดพร้าววังหิน-โชคชัย4,ลาดพร้าววังหิน79,0,0,3
ลาดพร้าววังหิน-โชคชัย4,โชคชัย4,0,0,3
ลาสาลี,ศรีนครินทร์,0,3,0
ลำกะโหลก,ปัญญาอินทรา,0,0,6
ลำกะโหลก,พระยาสุเรนทร์,0,0,6
ลำพูนไชย,ลำพูนไชย,0,0,3
ลำพูนไชย,เจริญกรุง,0,0,3
ลำสาลี,รามคาแหง,0,3,0
ลำสาลี,รามคำแหง,3,0,6
ลำสาลี,ศรีนครินทร์,3,0,6
ลำหิน,คู้คลองสิบ,0,0,3
ลำหิน,มิตรไมตรี,0,0,3
ลำหิน,เลียบวารี,0,0,3
วขิระ,สามเสน,0,0,3
วขิระ,สุโขทัย,0,0,3
วงศสว่าง,กรุงเทพนนท์,0,0,3
วงศสว่าง,รัชดาภิเษก,0,0,3
วงศสว่าง,วงศสว่าง,0,0,3
วงศ์สว่าง,กรุงเทพ-นนทบุรี,6,6,0
วงศ์สว่าง,กรุงเทพนนท์,0,0,3
วงศ์สว่าง,รัชดาภิเษก,6,6,3
วงศ์สว่าง,วงศ์สว่าง,6,6,3
วงเวียน22กรกฎา,มิตรพันธ์,0,3,0
วงเวียน22กรกฎา,สันติภาพ,0,3,0
วงเวียน22กรกฎา,ไมตรีจิต,0,3,0
วงเวียนตลาดน้อย,เจริญกรุง,0,0,3
วงเวียนรด.,จักรเพชร,0,3,0
วงเวียนรด.,มหาราช,0,3,0
วงเวียนรด.,ราชินี,0,3,0
วงเวียนรด.,สนามไชย,0,3,0
วงเวียนหลักสี่,พหลโยธิน,3,3,3
วงเวียนหลักสี่,รามอินทรา,3,3,3
วงเวียนหลักสี่,แจ้งวัฒนะ,3,3,3
วงเวียนอนุสาวรีย์หลักสี่,พหลโยธิน,0,0,3
วงเวียนอนุสาวรีย์หลักสี่,รามอินทรา,0,0,3
วงเวียนอนุสาวรีย์หลักสี่,แจ้งวัฒนะ,0,0,3
วงเวียนโอเดียน,ซอยเยาวราช1,0,3,0
วงเวียนโอเดียน,ซอยเยาวราช3,0,3,0
วงเวียนโอเดียน,ตรีมิตร,0,3,0
วงเวียนโอเดียน,มิตรภาพไทยจีน,0,3,0
วงเวียนโอเดียน,เจริญกรุง,0,3,0
วงเวียนโอเดียน,เยาวราช,0,3,0
วงเวียนใหญ่,ถนนลาดหญ้า,0,3,0
วงเวียนใหญ่,ประชาธิปก,3,3,6
วงเวียนใหญ่,ลาดหญ้า,3,0,6
วงเวียนใหญ่,สมเดจ็พระเจ้าตากสิน,0,3,0
วงเวียนใหญ่,สมเด็จพระเจ้าตากสิน,3,0,6
วงเวียนใหญ่,อินทรพิทักษ์,3,3,6
วงเวียนใหญ่(ขาออก),ประชาธิปก,3,0,3
วงเวียนใหญ่(ขาออก),ลาดหญ้า,3,0,3
วงเวียนใหญ่(ขาออก),สมเด็จพระเจ้าตากสิน,3,0,3
วงเวียนใหญ่(ขาออก),อินทรพิทักษ์,3,0,3
วงเวียนใหญ่(ขาเข้า),ประชาธิปก,3,0,3
วงเวียนใหญ่(ขาเข้า),ลาดหญ้า,3,0,3
วงเวียนใหญ่(ขาเข้า),สมเด็จพระเจ้าตากสิน,3,0,3
วงเวียนใหญ่(ขาเข้า),อินทรพิทักษ์,3,0,3
วชิรธรรมสาธิต59,วชิรธรรมสาธิต,0,0,3
วชิระ,สามเสน,6,0,3
วชิระ,สุโขทัย,6,0,0
วดัเบญ,พระรามที่5,0,3,0
วดัเบญ,ศรีอยุธยา,0,3,0
วรจักร,วรจักร,0,3,3
วรจักร,หลวง,0,3,3
วังหิน,ลาดปลาเค้า,0,3,6
วังหิน,ลาดพร้าววังหิน,0,0,3
วังหิน,วัดลาดปลาเค่า,3,0,0
วังหิน,สุขาภิบาล1,3,3,3
วังหิน,เสนานิคม,3,3,3
วังหิน,เสนานิคม1,0,0,3
วังแดง,นครราชสีมา,0,0,3
วังแดง,พิษณุโลก,3,6,6
วังแดง,ราชสีมา,3,6,3
วัชดาภิเษก32-รัชดาภิเษก36,ซอยรัชดาภิเษก32แยก3แยก19,3,0,0
วัชดาภิเษก32-รัชดาภิเษก36,ซอยรัชดาภิเษก36,3,0,0
วัชรพล-รามอินทรา65,รามอินทรา65,3,0,3
วัชรพล-รามอินทรา65,วัชรพล,3,0,0
วัชรพล-รามอินทรา65,วัชรพล(EB),0,0,3
วัชรพล-รามอินทรา65,วัชรพล(SB),0,0,3
วัชรพล-วัดศิริพงษ์,วัชรพล,0,0,3
วัชรพล-วัดศิริพงษ์,วัดศิริพงษ์,0,0,3
วัดดวงแข,จารุเมือง,3,3,3
วัดดวงแข,เจริญนคร,0,0,3
วัดดวงแข,เจริญเมือง,3,3,3
วัดตึก,จักรวรรดิ,0,6,0
วัดตึก,จักรวรรดิ์,3,0,0
วัดตึก,เยาวราช,3,6,0
วัดนาคปรก,รัชมงคลประสาธน์,0,0,3
วัดนาคปรก,เทอดไท,0,0,3
วัดประชา,ชิดลม,0,3,0
วัดประชา,ซอยระนอง1,6,3,0
วัดประชา,ซอยวัดประชา,0,3,0
วัดประชา,ซอยวัดประชาระบือธรรม,3,0,0
วัดประชา,พระรามที่5,6,3,3
วัดประชา,ระนอง1,0,0,3
วัดประชา,วัดประชาระบือธรรม,3,0,3
วัดประชา,เพลินจิต,0,3,0
วัดพระยายัง,พระรามที่6,0,3,0
วัดพลมานีย์,ประชาพัฒนา,0,0,3
วัดพลมานีย์,หลวงแพ่ง,0,0,3
วัดมะกอก,ฉิมพลี,0,0,3
วัดมะกอก,บรมราชชนนี,0,0,3
วัดราชโกษา,ขุมทองลำต้อยติ่ง,0,0,3
วัดราชโกษา,ทางเข้าตลาดเทิดไท,0,0,3
วัดราชโกษา,หลวงแพ่ง,0,0,3
วัดสน,ซอยสุขสวัสดิ35,3,0,0
วัดสน,ซอยสุขสวัสดิ์35,6,3,0
วัดสน,สุขสวัสดิ์,9,3,9
วัดสน,สุขสวัสดิ์35,0,0,9
วัดสมียนนารี,กำแพงเพชร6,3,0,0
วัดสมียนนารี,ประชานิเวศน์,3,0,0
วัดสะพานสูง,พระรามที่6,6,3,3
วัดสะพานสูง,เตชะวณิช,6,3,3
วัดสิงห์,ซอยเอกชัย36,6,0,0
วัดสิงห์,เอกชัย,6,0,9
วัดสิงห์,เอกชัย36,0,0,6
วัดหนองใหญ่,ซอยสายไหม85,3,0,0
วัดหนองใหญ่,สายไหม,3,0,0
วัดหนองใหญ่,สุชาภิบาล5,3,0,0
วัดหนองใหญ่,หทัยราษฎร์,3,0,0
วัดหลักสี่,กำแพงเพชร6,0,3,3
วัดหลักสี่,ทางข้ามทางรถไฟสายเหนือ,0,0,3
วัดหลักสี่,วิภาวดีรังสิต,0,3,0
วัดเทพลีลา,ซอยรามคำแหง39,3,3,0
วัดเทพลีลา,รามคำแหง,3,3,6
วัดเทพลีลา,รามคำแหง39,0,0,6
วัดเบญจฯ,พระรามที่5,0,0,3
วัดเบญจฯ,ศรีอยุธยา,0,0,3
วัดเบญฯ,พระรามที่5,3,0,3
วัดเบญฯ,ศรีอยุธยา,3,0,3
วัดเสมียนนารี,กำแพงเพชร6,0,3,3
วัดเสมียนนารี,เทศบาลสงเคราะห์,0,3,3
วัดไชยฉิมพลี,บางแวก,0,0,3
วัดไชยฉิมพลี,เพชรเกษม48,0,0,3
วิชระ,สามเสน,0,6,0
วิชระ,สุโขทัย,0,6,0
วิชัยยุทธ,ซอยเศรษฐศิริ,0,3,0
วิชัยยุทธ,ทางขึ้นลงทางด่วน,0,3,0
วิชัยยุทธ,พระรามที่6,3,3,0
วิชัยยุทธ,เศรษฐศิริ,3,0,0
วิชัยยุทธ2,ซอยเศรษฐศิริ2,0,3,0
วิชัยยุทธ2,พระรามที่6,0,3,0
วิทยุ,พระรามที่4,6,3,6
วิทยุ,วิทยุ,6,3,6
วิทยุ,สาทร,6,3,6
วิทยุ-เพชร,ซอยเพชรบุรี37-ทางลงทางด่วน,0,3,0
วิทยุ-เพชร,ซอย์เพชรบุรี37,3,0,0
วิทยุ-เพชร,วิทยุ-ทางขึ้นลงทางด่วน,3,3,9
วิทยุ-เพชร,เพชรบุรี,3,3,9
วิทยุ-เพชร,เพชรบุรี37-ทางลงทางด่วน,0,0,9
วิภาวดี-มิตรไมตรี1,มิตรไมตรี1,15,0,0
วิภาวดี-มิตรไมตรี1,วิภาวดีรังสิต,15,0,0
วิภาวดี-มิตรไมตรี2,มิตรไมตรี2,12,0,0
วิภาวดี-มิตรไมตรี2,วิภาวดีรังสิต,12,0,0
วิภาวดีรังสิต32,ซอยวิภาวดี32,3,0,0
วิภาวดีรังสิต32,วิภาวดีรังสิต,3,0,0
วิสุทธิกษัตริย์,ประชาธิปไตย,6,6,6
วิสุทธิกษัตริย์,วิสุทธิกษัตริย์,6,6,6
วุฒากาศ,ซอยมะลิ,3,3,3
วุฒากาศ,วุฒากาศ,3,3,6
วุฒากาศ,เทอดไท,3,3,6
วุฒากาศ,เทอดไท26,0,0,3
ศรีนครินทร์-ลาซาล,ลาซาล,0,0,3
ศรีนครินทร์-ลาซาล,ศรีนครินทร์,0,0,3
ศรีนครินทร์-ศรีนครินทร์38,ศรีนครินทร์,0,0,3
ศรีนครินทร์-ศรีนครินทร์38,ศรีนครินทร์38,0,0,3
ศรีนครินทร์38-อ่อนนุช46,ศรีนครินทร์38,0,0,3
ศรีนครินทร์38-อ่อนนุช46,อ่อนนุช46,0,0,3
ศรีนครินทร์45,ศรีนครินทร์,3,0,0
ศรีนครินทร์55,ซอยศรีนครินทร์55,3,0,0
ศรีนครินทร์55,ศรีนครินทร์,3,0,3
ศรีนครินทร์55,ศรีนครินทร์55,0,0,3
ศรีบูรพา-อาคารสงเคราะห์,ศรีบูรพา,0,0,3
ศรีบูรพา-อาคารสงเคราะห์,อาคารสงเคราะห์,0,0,3
ศรีย่าน,นครไชยศรี,6,3,6
ศรีย่าน,สามเสน,6,3,6
ศรีวรา,ประชาอุทิศ,0,3,3
ศรีวรา,ศรีวรา,0,3,3
ศรีวรา-อินทราภรณ์,ศรีวรา,0,0,3
ศรีวรา-อินทราภรณ์,อินทราภรณ์,0,0,3
ศรีสมาน,ศรีสมาน,3,0,3
ศรีสมาน,สรงประภา,3,0,3
ศรีสมาน,เลียบคลองประปา,3,0,3
ศรีอยุธยา,พระรามที่6,3,6,6
ศรีอยุธยา,ศรีอยุธยา,3,6,6
ศรีอุดม,ศรีนครินทร์,3,0,6
ศรีอุดม,อุดมสุข,3,0,6
ศาลอาญา,รัชดาภิเษก,0,3,0
ศาลาธรรมสพน์48,ศาลาธรรมสพน์,0,0,3
ศาลาธรรมสพน์48,ศาลาธรรมสพน์33,0,0,3
ศาลาธรรมสพน์48,ศาลาธรรมสพน์48,0,0,3
ศาลาธรรมสพย์48,ศาลาธรรมสพน์,3,0,0
ศาลาธรรมสพย์48,ศาลาธรรมสพน์33,3,0,0
ศาลาธรรมสพย์48,ศาลาธรรมสพน์48,3,0,0
ศาลาแดง,พระรามที่4,3,3,6
ศาลาแดง,ราชดำริ,3,3,6
ศาลาแดง,สีลม,3,3,6
ศาลเจ้าพ่อเสือ,ซอยพหลโยธิน48,3,0,0
ศาลเจ้าพ่อเสือ,ซอยรามอินทรา5,3,0,0
ศาลเจ้าพ่อเสือ,ตะนาว,0,0,3
ศาลเจ้าพ่อเสือ,มหรรณพ,0,0,3
ศิครินทร์,ศิครินทร์,3,0,0
ศิครินทร์,สุขุมวิท105,3,0,0
ศิริพงษ์-ลงท่า-หน้าวัง-อุณากรรณ,ลงท่า,0,0,3
ศิริพงษ์-ลงท่า-หน้าวัง-อุณากรรณ,ศิริพงษ์-อุณากรรณ,0,0,3
ศิริพงษ์-ศิริชัย,ศิริชัย,0,3,0
ศิริพงษ์-ศิริพัฒน์,ศิริพงษ์,0,3,0
ศิริพงษ์-ศิริพัฒน์,ศิริพัฒน์,0,3,0
ศิริราช,พรานนก,3,3,3
ศิริราช,วังหลัง,0,0,3
ศิริราช,อรุณอมรินทร์,0,0,6
ศิริราช,อรุณอัมรินทร์,3,3,0
ศิริสุช,ช่างอากาศอุทิศ,0,0,3
ศิริสุช,ประชาอุทิศ,0,0,3
ศุลกากร,สุนทรโกษา,0,0,6
ศุลกากร,อาจณรงค์,0,0,6
ศุลกากร,เกษมราษฎร์,0,0,6
ศูนย์ราชการ,ทางเข้าออกศูนย์ราชการ,0,0,3
ศูนย์ราชการ,แจ้งวัฒนะ,0,0,3
ศูนย์วัฒนธรรม,วัฒนธรรม,6,0,0
ศูนย์วิจัย-เพชรบุรี,ซอยศูนย์วิจัย,0,3,0
ศูนย์วิจัย-เพชรบุรี,ราชดำเนินกลาง,0,8,0
ศูนย์วิจัย-เพชรบุรี,ศูนย์วิจัย,0,0,3
ศูนย์วิจัย-เพชรบุรี,เพชรบุรี,0,5,3
ศูนย์วิจัยเหนือ,ถนนพระราม9,3,0,0
ศูนย์วิจัยเหนือ,พระราม9,0,3,0
ศูนย์วิจัยเหนือ,พระราม9ชอย17,3,0,0
ศูนย์วิจัยเหนือ,พระราม9ซอย17,0,3,0
ศูนย์วิจัยเหนือ,พระราม9ซอย26,3,3,0
สถานีBRTพระราม3,นราธิวาสราชนครินทร์,0,3,0
สถานีรถไฟฟ้ากรุงธนบุรี,กรุงธนบุรี,0,3,0
สถานีรถไฟฟ้าช่องนนทรี,นราธิวาสราชนครินทร์,0,3,0
สถานีรถไฟวงเวียนใหญ่,กรุงธนบุรี,0,3,0
สนามบินสุวรรณภูมิ,ลาดกระบัง,0,0,9
สนามบินสุวรรณภูมิ,สุรรณภูมิ4,0,0,3
สนามบินสุวรรณภูมิ,สุวรรณภูมิ,0,0,3
สนามบินสุวรรณภูมิ,สุวรรณภูมิ4,0,0,3
สนามหลวง2,บางแวก,0,0,3
สนามหลวง2,เข้าออกตลาดธนบุรีสนามหลวง2,0,0,3
สนามหลวง2,เลียบคลองทวีวัฒนา,0,0,3
สภากาชาดไทย,อังรีดูนังต์,3,0,0
สมเด็จเจ้าพระยา,สมเด็จเจ้าพระยา,0,0,3
สรงประภา-ซอยวัดเวฬุวนาราม,วัดเวฬุวนาราม,0,0,3
สรงประภา-ซอยวัดเวฬุวนาราม,สรงประภา,0,0,3
สรงประภา-นาวงค์ประชาพัฒนา,นาวงค์ประชาพัฒนา,3,0,0
สรงประภา-นาวงค์ประชาพัฒนา,สรงประภา,3,0,0
สรงประภา-นาวงศ์ประชาพัฒนา,นาวงศ์ประชาพัฒนา,3,6,0
สรงประภา-นาวงศ์ประชาพัฒนา,สรงประภา,3,6,0
สรงประภา-สรงประภา11/1,สรงประภา,0,0,3
สรงประภา-สรงประภา11/1,สรงประภา11/1,0,0,3
สรงประภา-สรงประภา11/2,สรงประภา,0,0,3
สรงประภา-สรงประภา11/2,สรงประภา11/2,0,0,3
สรงประภา-สรณคมณ์,สรงประภา,0,0,3
สรงประภา-สรณคมณ์,สรณคมณ์,0,0,3
สรงประภา-เชิดวุฒากาศ,สรงประภา,3,3,0
สรงประภา-เชิดวุฒากาศ,เชิดวุฒากาศ,3,3,0
สรรพวุธ,ทางรถไฟสายปากน้ำ,3,0,0
สรรพวุธ,สรรพาวุธ,3,0,0
สรรพาวุธ,ทางรถไฟสายปากน้ำ,0,0,6
สรรพาวุธ,ทางรถไฟสายปากนํ้า,0,6,0
สรรพาวุธ,สรรพาวุธ,0,6,6
สวนผัก-ชัยพฤกษ์,ชัยพฤกษ์,0,0,3
สวนผัก-ชัยพฤกษ์,ชัยพฤกษ์18,0,0,3
สวนผัก-ชัยพฤกษ์,สวนผัก,0,0,3
สวนผัก32,ซอยสวนผัก32,3,0,0
สวนผัก32,ทางเข้าภิรมณ์เพลส,3,0,0
สวนผัก32,สวนผัก,3,0,0
สวนมิกสกวัน,พิษณุโลก,3,0,6
สวนมิกสกวัน,ราชดำเนินนอก,3,0,3
สวนมิกสกวัน,ราชำดำเนิน,0,0,3
สวนมิสกวัน,พิษณุโลก,0,6,0
สวนมิสกวัน,ราชดำเนินนอก,0,6,0
สวนรื่นฤดี,นครราชสีมา,0,0,3
สวนรื่นฤดี,ราชสีมา,3,3,0
สวนรื่นฤดี,สุโขทัย,3,3,3
สวนสน,ซอยรามคำแหง60,0,0,3
สวนสน,พ่วงศิริ,0,0,3
สวนสน,รามคำแหง,0,0,3
สวนสยาม,ซอยเสรีไทย50,0,6,0
สวนสยาม,ทางเข้าสวนสยาม,0,6,3
สวนสยาม,ทางเข้าออกสวนสยาม,0,0,3
สวนสยาม,เสรีไทย,0,6,6
สวนสยาม,เสรีไทย50,0,0,6
สวนหลวง,ศรีนครินทร์,3,0,12
สวนหลวง,อ่อนนุช,3,0,12
สวนแสงธรรม,บางแวก,0,0,3
สวนแสงธรรม,พุทธมณฑลสาย3,0,0,3
สวรรคโลก,สวรรคโลก,6,3,0
สวรรคโลก,สุโขทัย,6,3,0
สวรรคโลก-สุคันธาราม,สวรรคโลก,3,0,6
สวรรคโลก-สุคันธาราม,สุคันธาราม,3,0,6
สวัสดิการ1-เลียบคลองภาษีเจริญฝั่งเหนือ-ซอยเลียบคลองฯ3/1,ซอยเลียบคลองภาษีเจริญฝั่งเหนือ3/1,0,3,0
สวัสดิการ1-เลียบคลองภาษีเจริญฝั่งเหนือ-ซอยเลียบคลองฯ3/1,สวัสดิการ1,0,3,0
สวัสดิการ1-เลียบคลองภาษีเจริญฝั่งเหนือ-ซอยเลียบคลองฯ3/1,เลียบคลองภาษีเจริญฝั่งเหนือ,0,3,0
สะพานกรุงธน,มุ่งหน้าแยกซังฮี้,0,0,3
สะพานกรุงธน,มุ่งหน้าแยกบางพลัด,0,0,3
สะพานกรุงธน,สะพานกรุงธน,3,0,6
สะพานกรุงเทพ,มุ่งหน้าถนนตก,0,0,3
สะพานกรุงเทพ,มุ่งหน้าแยกมไหสวรรย์,0,0,3
สะพานกรุงเทพ,สะพานกรุงเทพ,3,0,6
สะพานขาว,กรุงเกษม,3,6,6
สะพานขาว,หลานหลวง,3,6,6
สะพานข้ามคลอง13,สะพานข้ามคลอง13,0,0,3
สะพานข้ามแยกประชาสงเคราะห์,สะพานข้ามแยกประชาสงเคราะห์,0,0,3
สะพานข้ามแยกพระราม9,สะพานข้ามแยกพระราม9,0,0,3
สะพานข้ามแยกราชเทวี,เพชรบุรี,0,3,0
สะพานข้ามแยกสามเหลี่ยมดินแดง,สะพานข้ามแยกสามเหลี่ยมดินแดง,0,0,3
สะพานควาย,ประดิพัทธ์,3,6,6
สะพานควาย,พหลโยธิน,3,6,6
สะพานควาย,สุทธิสาร,3,6,6
สะพานช้างโรงสี,บำรุงเมือง,3,0,6
สะพานช้างโรงสี,อัษฎางค์,3,0,6
สะพานดำ,กำแพงเพชร,0,3,6
สะพานดำ,กำแพงเพชร5,3,3,3
สะพานดำ,กําแพงเพชร,3,0,0
สะพานดำ,ทางลอดทางรถไฟถนนพระรามที่6,0,0,3
สะพานดำ,พระรามที่6,3,3,6
สะพานดํา,กําแพงเพชร,0,3,0
สะพานดํา,กําแพงเพชร5,0,3,0
สะพานดํา,พระรามที่6,0,3,0
สะพานนริศดำรัส,จักรพรรดิพงษ์,0,3,0
สะพานปฐมบรมราชานุสรณ์(สะพานพระพุทธยอดฟ้า),สะพานสมเด็จพระพุทธยอดฟ้า,3,0,0
สะพานพระปกเกล้า,มุ่งหน้าพาหุรัด,0,0,3
สะพานพระปกเกล้า,มุ่งหน้าแยกบ้านแขก,0,0,3
สะพานพระปกเกล้า,สะพานพระปกเกล้า,3,0,6
สะพานพระพุทธยอดฟ้า,มุ่งหน้าปากคลองตลาด,0,0,3
สะพานพระพุทธยอดฟ้า,มุ่งหน้าแยกบ้านแขก,0,0,3
สะพานพระพุทธยอดฟ้า,สะพานพระพุทธยอดฟ้า,0,0,6
สะพานพระราม3,มุ่งหน้ารัชดา-ราชพฤกษ์,0,0,3
สะพานพระราม3,มุ่งหน้าแยกเจริญราษฎร์,0,0,3
สะพานพระราม3,สะพานพระราม3,3,0,6
สะพานพระราม7,มุ่งหน้าถนนจรัญสนิทวงศ์,0,0,3
สะพานพระราม7,มุ่งหน้าวงศ์สว่าง,0,0,3
สะพานพระราม7,สะพานพระราม7,3,0,6
สะพานพระราม8,พานพระราม8,3,0,0
สะพานพระราม8,มุ่งหน้าแยกบรมราชชนนี,0,0,3
สะพานพระราม8,มุ่งหน้าแยกวิสุทธิ์กษัตริย์,0,0,3
สะพานพระราม8,สะพานพระราม8,0,0,6
สะพานภูมิพล1,มุ่งหน้าถนนพระราม3,0,0,3
สะพานภูมิพล1,มุ่งหน้าถนนสุขสวัสดิ์,0,0,3
สะพานภูมิพล1,สะพานภูมิพล,0,0,3
สะพานภูมิพล1,สะพานภูมิพล1,3,0,3
สะพานมอญ,อัษฎางค์,0,3,3
สะพานมอญ,เจริญกรุง,0,3,3
สะพานลอยหน้าวัดสุวรรณ,เจริญนคร,0,3,0
สะพานวันชาติ,ดินสอ,6,0,3
สะพานวันชาติ,ประชาธิปไตย,6,0,3
สะพานวันชาติ,พระสุเมรุ,6,0,3
สะพานสมเด็จพระปิ่นเกล้า,มุ่งหน้าราชดำเนิน,0,0,3
สะพานสมเด็จพระปิ่นเกล้า,มุ่งหน้าแยกอรุณอัมรินทร์,0,0,3
สะพานสมเด็จพระปิ่นเกล้า,สะพานสมเด็จพระปิ่นเกล้า,0,0,6
สะพานสมเด็จพระปืนเกล้า,สะพานสมเด็จพระปิ่นเกล้า,3,0,0
สะพานสมเด็จพระเจ้าตากสิน,มุ่งหน้าถนนกรุงธนบุรี,0,0,3
สะพานสมเด็จพระเจ้าตากสิน,มุ่งหน้าแยกสุรศักดิ์,0,0,3
สะพานสมเด็จพระเจ้าตากสิน,สะพานสมเด็จพระเจ้าตากสิน,0,0,6
สะพานสมเด็จพระเจ้าตากสินมหาราช,สะพานสาทร,3,0,0
สะพานอ่อน,บรรทัดทอง,6,3,0
สะพานอ่อน,เจริญเมือง,6,3,0
สะพานเหลือง,ซอยพระยาดำรงค์,6,0,0
สะพานเหลือง,ซอยสว่าง1-ทางด่วน-ซอยพระยาดำรง,0,0,3
สะพานเหลือง,บรรทัดทอง,6,3,3
สะพานเหลือง,พระรามที่4,6,3,3
สะพานแดง,ทหาร,6,3,6
สะพานแดง,ประดิพัทธ์,6,3,6
สะพานแดง,พระรามที่5,6,3,6
สะพานแดง,เตชะวณิช,6,3,6
สะพานใหม่,พหลโยธิน,0,0,3
สะพานใหม่,เทพรักษ์,0,0,3
สะแกงาม,บางขุนเทียน,0,0,3
สะแกงาม,สะแกงาม,0,0,3
สะแกงาม12,สะแกงาม,0,0,3
สะแกงาม12,สะแกงาม12,0,0,3
สะแกงาม26,สะแกงาม,0,0,3
สะแกงาม26,สะแกงาม26,0,0,3
สะแกงาม30,สะแกงาม,0,0,3
สะแกงาม30,สะแกงาม30,0,0,3
สะแกงาม7,สะแกงาม,0,0,3
สะแกงาม7,สะแกงาม7,0,0,3
สังคมสงเคราะห์,ซอยสังคมสงเคราะห์เหนือ,3,0,0
สังคมสงเคราะห์,สังคมสงเคราะห์,3,0,0
สังฆสันติสุข,ทหารอากาศอุทิศ,3,0,0
สังฆสันติสุข,สังฆสันติสุข,3,0,0
สังฆสันติสุข-ทหารอากาศอุทิศ,ทหารอากาศอุทิศ,0,0,3
สังฆสันติสุข-ทหารอากาศอุทิศ,สังฆสันติสุข,0,0,3
สังฆสันติสุข-สังฆสันติสุข3-อยู่วิทยา,สังฆสันติสุข,0,0,3
สังฆสันติสุข-สังฆสันติสุข3-อยู่วิทยา,สังฆสันติสุข3,0,0,3
สังฆสันติสุข-สังฆสันติสุข3-อยู่วิทยา,อยู่วิทยา,0,0,3
สังฆสันติสุข-สังฆสันติสุข7,สังฆสันติสุข,0,0,3
สังฆสันติสุข-สังฆสันติสุข7,สังฆสันติสุข7,0,0,3
สาทร-คอนแวต์,คอนแวนต์,0,0,3
สาทร-คอนแวต์,สาทร,0,0,3
สาทร-คอนแวนต์,คอนแวนต์,0,0,6
สาทร-คอนแวนต์,สาทร,0,0,6
สาทร-นราธิวาส,นราธิวาสราชนครนิทร์,0,3,0
สาทร-นราธิวาส,นราธิวาสราชนครินทร์,3,0,9
สาทร-นราธิวาส,สาทร,3,3,9
สาทร-นราธิวาสฯ,นราธิวาสราชนครินทร์,0,0,3
สาทร-นราธิวาสฯ,สาทร,0,0,3
สาทร-ประมวญ,ประมวญ,0,0,3
สาทร-ประมวญ,สาทร,0,0,3
สาทร-ประมวล,ประมวล,3,0,0
สาทร-ประมวล,สาทร,3,0,0
สาทร-ปั้น,ปั้น,0,0,3
สาทร-ปั้น,สาทร,0,0,3
สาทร-สุรศักดิ์,สาทร,3,3,6
สาทร-สุรศักดิ์,สุรศักดิ์,3,3,6
สาทร-สุรศักดิ์,เจริญราษฎร์,3,3,6
สาทร-เจริญกรุง,ทางเข้าเจ้าพระยาทาวเวอร์,0,3,3
สาทร-เจริญกรุง,สาทร,3,6,6
สาทร-เจริญกรุง,เจริญกรุง,3,6,6
สาทร-เจริญกรุง,เจริญกรุง50/1,0,0,3
สาทร11-นราธิวาส10แยก22-3,นราธิวาสฯ10แยก22-3,0,0,3
สาทร11-นราธิวาส10แยก22-3,สาทร11(SB),0,0,3
สาทรคอนแวนต์,คอนแวนต์,0,0,3
สาทรคอนแวนต์,ซอยคอนแวนต์,3,0,0
สาทรคอนแวนต์,สาทร,3,0,3
สาธุ-จันทน์,จันทน์,6,3,6
สาธุ-จันทน์,สาธุประดิษฐ์,6,3,6
สาธุประดิษฐ์,พระรามที่3,6,3,6
สาธุประดิษฐ์,สาธุประดิษฐ์,6,3,6
สาธุประดิษฐ์-ยานนาวา,ยานนาวา,3,0,0
สาธุประดิษฐ์-ยานนาวา,สาธุประดิษฐ์,3,0,0
สาธุประดิษฐ์19,สาธุประดิษฐ์,0,0,3
สาธุประดิษฐ์19,สาธุประดิษฐ์19,0,0,3
สามยอด,มหาไชย,3,6,12
สามยอด,เจริญกรุง,3,6,12
สามย่าน,พญาไท,0,3,6
สามย่าน,พระรามที่4,0,3,6
สามย่าน,สี่พระยา,0,3,6
สามัคคี,การไฟฟ้าภูมิภาค,3,0,0
สามัคคี,ประชาชื่น,3,0,0
สามัคคี,สามัคคี,3,0,0
สามเสน,นครไชยศรี,6,6,3
สามเสน,สวรรคโลก,6,6,3
สามเสน,เทอดดำริ,6,6,3
สามเหลียมดินแดง,ซอยอรรถวิมล,3,0,0
สามเหลียมดินแดง,ดินแดง,3,0,0
สามเหลียมดินแดง,ราชปรารภ,3,0,0
สามเหลียมดินแดง,ราชวิถี,3,0,0
สามเหลี่ยมดินแดง,ซอยราชวิถี2,0,0,3
สามเหลี่ยมดินแดง,ซอยอรรถวิมล,3,0,0
สามเหลี่ยมดินแดง,ดินแดง,3,3,6
สามเหลี่ยมดินแดง,ถนนดินแดง,0,0,3
สามเหลี่ยมดินแดง,ถนนราชปรารภ,0,0,3
สามเหลี่ยมดินแดง,ถนนราชวิถี,0,0,3
สามเหลี่ยมดินแดง,ราชปรารภ,3,3,6
สามเหลี่ยมดินแดง,ราชวิถี,3,3,6
สามเหลี่ยมดินแดง,ราชวิถี2,0,0,3
สามเหลี่ยมดินแดง,อรรถวิมล,0,3,3
สามแยกบางกะปิ,ลาดพร้าว,3,6,9
สามแยกบางกะปิ,ศรีนครินทร์,3,6,9
สามแยกพิชัย,นครไชยศรี,0,0,3
สามแยกพิชัย,พิชัย,0,3,12
สามแยกพิชัย,อำนวยสงคราม,0,3,9
สามแยกในซอยสุขุมวิท101/1,ซอยวัดทุ่ง,3,0,0
สามแยกในซอยสุขุมวิท101/1,ซอยอุดมสุข51,3,0,0
สามแยกในซอยสุขุมวิท101/1,วชิรธรรมสาธิต,3,0,0
สายน้ำผึ้ง,ซอยสุขุมวิท22,0,0,3
สายน้ำผึ้ง,สุขุมวิท,3,0,12
สายน้ำผึ้ง,สุขุมวิท22,0,0,9
สายน้ำผึ้ง,สูขุมวิท22,3,0,0
สายไหม39,สายไหม,0,0,3
สายไหม39,สายไหม39,0,0,3
สารสิน,ซอยร่วมฤดี,0,3,0
สารสิน,ร่วมฤดี,0,0,6
สารสิน,วิทยุ,0,3,6
สารสิน,สารสิน,0,3,6
สารสิน-วิทยุ,ซอยร่วมฤดี,6,0,0
สารสิน-วิทยุ,วิทยุ,6,0,0
สารสิน-วิทยุ,สารสิน,6,0,0
สำนักงานกพ.,พิษณุโลก,3,0,0
สำราญราษฎร์,บำรุงเมือง,0,12,6
สำราญราษฎร์,มหาไชย,0,12,6
สำราษราษฎร์,บำรุงเมือง,3,0,0
สำราษราษฎร์,มหาไชย,3,0,0
สีกักเสาชิงซ้า,บำรุงเมือง,1,0,0
สีกั๊กพระยาศรี,บ้านหมอ,3,0,0
สีกั๊กพระยาศรี,เจริญกรุง,3,0,0
สีลม,สีลม,0,0,3
สีลม,เลียบใต้ทางด่วน,0,0,3
สีลม-คอนแวนต์,คอนแวนต์,3,0,0
สีลม-คอนแวนต์,สีลม,3,0,0
สีลม-นราธิวาส,นราธิวาสราขนครินทร์,0,0,3
สีลม-นราธิวาส,นราธิวาสราชนครินทร์,6,3,3
สีลม-นราธิวาส,สีลม,6,3,6
สีลม3,สีลม,0,0,3
สี่กั๊กพระยาศรี,บ้านหม้อ,0,6,3
สี่กั๊กพระยาศรี,เจริญกรุง,0,6,3
สี่กั๊กพระยาศรี,เฟื่องนคร,0,0,3
สี่กั๊กเสาชิงช้า,ตะนาว,3,3,6
สี่กั๊กเสาชิงช้า,บำรุงเมือง,2,3,6
สี่กั๊กเสาชิงช้า,เฟื่องนคร,3,3,6
สี่พระยา,สี่พระยา,3,3,6
สี่พระยา,เจริญกรุง,3,3,6
สี่พระยา-นเรศ,สี่พระยา,0,3,0
สี่เสาเทเวศร์,ศรีอยุธยา,0,3,3
สี่เสาเทเวศร์,สามเสน,0,3,3
สี่เสาเสาเทเวศร์,ศรีอยุธยา,0,0,3
สี่เสาเสาเทเวศร์,สามเสน,0,0,3
สี่แยกลาดหญ้า,ท่าดินแดง,3,3,6
สี่แยกลาดหญ้า,อิสรภาพ,3,3,6
สุขาภิบาล2-คู่ขนานวงแหวนกาญจนาภิเษก,วงแหวนกาญจนาภิเษก,3,0,0
สุขาภิบาล2-คู่ขนานวงแหวนกาญจนาภิเษก,สุขาภิบาล2,3,0,0
สุขาภิบาล5-จตุโชติ,จตุโชติ,0,0,6
สุขาภิบาล5-จตุโชติ,ซอยจตุโชติ,3,3,0
สุขาภิบาล5-จตุโชติ,สุขาภิบาล5,3,3,6
สุขาภิบาล5-เพิ่มสิน,สุขาภิบาล5,0,0,3
สุขาภิบาล5-เพิ่มสิน,เพิ่มสิน,0,0,3
สุขาภิบาลบางระมาด,พุทธมณฑลสาย2,0,3,0
สุขาภิบาลบางระมาด,สุขาภิบาลบางระมาด,0,3,0
สุขุมวิท-พระรามที่4,พระรามที่4,6,3,3
สุขุมวิท-พระรามที่4,สุขุมวิท,6,3,3
สุขุมวิท-สุขุมวิท23,สุขุมวิท,0,0,3
สุขุมวิท-สุขุมวิท23,สุขุมวิท23,0,0,3
สุขุมวิท-สุขุมวิท71,สุขุมวิท,0,0,3
สุขุมวิท-สุขุมวิท71,สุขุมวิท71,0,0,3
สุขุมวิท11,ซอยสุขุมวิท11,6,0,0
สุขุมวิท11,สุขุมวิท,6,0,3
สุขุมวิท11,สุขุมวิท11,0,0,3
สุขุมวิท22,ซอยสุขุมวิท22,3,0,0
สุขุมวิท22,สุขุมวิท,3,0,0
สุขุมวิท24,ซอยสุขุมวิท24,3,0,0
สุขุมวิท24,สุขุมวิท,3,3,3
สุขุมวิท24,สุขุมวิท24,0,3,3
สุขุมวิท26,ซอยสุขุมวิท26,3,0,0
สุขุมวิท26,สุขุมวิท,3,0,3
สุขุมวิท26,สุขุมวิท26,0,0,3
สุขุมวิท27,สุขุมวิท,0,0,3
สุขุมวิท31,สุขุมวิท,0,0,3
สุขุมวิท31,สุขุมวิท31,0,0,3
สุขุมวิท36,สุขุมวิท,0,0,3
สุขุมวิท36,สุขุมวิท36,0,0,3
สุขุมวิท39,สุขุมวิท,0,0,6
สุขุมวิท39,สุขุมวิท39,0,0,6
สุขุมวิท40,สุขุมวิท,0,0,3
สุขุมวิท42,สุขุมวิท,0,0,6
สุขุมวิท42,สุขุมวิท42,0,0,6
สุขุมวิท48,สุขุมวิท,0,0,3
สุขุมวิท48,สุขุมวิท48,0,0,3
สุขุมวิท49,สุขุมวิท,0,0,3
สุขุมวิท49,สุขุมวิท32,0,0,3
สุขุมวิท49,สุขุมวิท49,0,0,3
สุขุมวิท49-สุขุมวิท32,สุขุมวิท,0,0,3
สุขุมวิท49-สุขุมวิท32,สุขุมวิท32,0,0,3
สุขุมวิท49-สุขุมวิท32,สุขุมวิท49,0,0,3
สุขุมวิท50,สุขุมวิท,0,0,9
สุขุมวิท50,สุขุมวิท50,0,0,9
สุขุมวิท50,สุขุมวิท79,0,0,9
สุขุมวิท53,สุขุมวิท,0,0,3
สุขุมวิท53,สุขุมวิท53,0,0,3
สุขุมวิท62,ด่วนสุขุมวิท62,0,0,3
สุขุมวิท62,สุขุมวิท62,0,0,3
สุขุมวิท70/3,สุขุมวิท,0,0,3
สุขุมวิท70/3,สุขุมวิท70/3,0,0,3
สุขุมวิท71,สุขุมวิท,0,0,3
สุขุมวิท71,สุขุมวิท71,0,0,3
สุขุมวิท93,สุขุมวิท,0,0,3
สุขุมวิท93,สุขุมวิท32,0,0,3
สุขุมวิท93,สุขุมวิท49,0,0,3
สุคันธาราม,พระรามที่5,3,0,0
สุคันธาราม,สุคันธาราม,3,0,0
สุทธิสาร,รัชดาภิเษก,6,6,3
สุทธิสาร,สุทธิสาร,0,3,0
สุทธิสาร,สุทธิสารวินิจฉัย,6,3,3
สุทธิสาร-วิภาวดี,วิภาวดีรังสิต,0,0,3
สุทธิสาร-วิภาวดี,สุทธิสาร,0,0,3
สุทธิสาร-วิภาวดีรังสิต,วิภาวดีรังสิต,6,3,3
สุทธิสาร-วิภาวดีรังสิต,สุทธิสาร,6,3,3
สุภาพบุรุษ,ทวีวัฒนา-กาญจนาภิเษก,0,0,3
สุภาพบุรุษ,สุภาพบุรุษ,0,0,3
สุภาพบุรุษ,เลียบคลองทวีวัฒนา,0,0,6
สุรวงศ์,สุรวงศ์,0,3,3
สุรวงศ์,เจริญกรุง,0,3,3
สุรศักดิ์,มเหสักข์,0,6,6
สุรศักดิ์,สีลม,0,6,6
สุวรรณภูมิ,ลาดกระบัง,3,0,0
สุวรรณภูมิ,สุวรรณภูมิ4,3,0,0
สุวินทวงศ์,รามคำแหง,0,3,0
สุวินทวงศ์,สุวินทวงศ์,0,3,0
สุวินทวงศ์-คุ้มเกล้า,คุ้มเกล้า,3,0,6
สุวินทวงศ์-คุ้มเกล้า,สุวินทวงศ์,3,0,6
สุวินทวงศ์-นิมิตใหม่,นิมิตใหม่,3,3,3
สุวินทวงศ์-นิมิตใหม่,สุวินทวงศ์,3,3,3
สุวินทวงศ์-บึงขวาง,บึงขวาง,0,0,3
สุวินทวงศ์-บึงขวาง,สุวินทวงศ์,0,0,3
สุวินทวงศ์-ราษฎร์อุทิศ,ราษฎร์อุทิศ,3,3,3
สุวินทวงศ์-ราษฎร์อุทิศ,สุวินทวงศ์,3,3,3
สุวินทวงศ์-อยู่วิทยา-ร่วมพัฒนา,ร่วมพัฒนา,0,3,0
สุวินทวงศ์-อยู่วิทยา-ร่วมพัฒนา,สุวินทวงศ์,0,3,0
สุวินทวงศ์-อยู่วิทยา-ร่วมพัฒนา,อยู่วิทยา,0,3,0
สุวินทวงศ์ซอย7,สุวินทวงศ์,0,3,0
สุเหร่าคลองหนึ่งซอย15,สุเหร่าคลองหนึ่ง,0,0,3
สุเหร่าคลองหนึ่งซอย15,สุเหร่าคลองหนึ่งซอย15,0,0,3
สุเหร่าคลองหนึ่งซอย15,เจริญพัฒนา,0,0,3
สุโขทัย,พระรามที่5,6,3,6
สุโขทัย,สุโขทัย,6,3,9
หทัยมิตร-นิมิตใหม่,นิมิตใหม่,0,0,3
หทัยมิตร-นิมิตใหม่,หทัยมิตร,0,0,3
หทัยราษฎร์-ซอยไทยรามัญ,หทัยราษฎร์,3,0,0
หทัยราษฎร์-สุวินทวงศ์,สุวินทวงศ์,0,0,6
หทัยราษฎร์-สุวินทวงศ์,หทัยราษฎร์,0,0,6
หทัยราษฎร์-สุเหร่าคลองหนึ่ง,สุเหร่าคลองหนึ่ง,0,0,3
หทัยราษฎร์-สุเหร่าคลองหนึ่ง,หทัยราษฎร์,0,0,3
หทัยราษฎร์-หทัยมิตร,หทัยมิตร,0,3,9
หทัยราษฎร์-หทัยมิตร,หทัยราษฎร์,0,3,9
หทัยราษฎร์-หทัยราษฎร์22,หทัยราษฎร์,0,0,3
หทัยราษฎร์-หทัยราษฎร์22,หทัยราษฎร์22,0,0,3
หทัยราษฎร์-เลียบคลองสอง,หทัยราษฎร์,3,6,6
หทัยราษฎร์-เลียบคลองสอง,เลียบคลองสอง,3,6,6
หนองระแหง-คู่ขนานกาญจนาภิเษก,คู่ขนานกาญจนาภิเษก,0,0,3
หนองระแหง-คู่ขนานกาญจนาภิเษก,หนองระแหง,0,0,3
หนองระแหง-หทัยราษฎร์,หทัยราษฎร์,0,0,3
หนองระแหง-หทัยราษฎร์,หนองระแหง,0,0,3
หนองระแหง5-ไทยรามัญ,ซอยหนองระแหง,3,0,0
หนองระแหง5-ไทยรามัญ,ซอยไทยรามัญ,3,0,0
หนองแขม,เพชรเกษม81,0,0,3
หนองแขม,เลียบคลองภาษีเจริญฝั่งใต้,0,0,3
หนองใหญ่,บางแค,0,0,3
หนองใหญ่,บางแค14,0,0,3
หนองใหญ่,บางแค7,0,0,3
หน่วยบัญชาการรักษาดินแดง,สนามไชย,3,0,0
หน่วยบัญชาการรักษาดินแดน,สนามไชย,3,0,0
หน้า7-11,อาจณรงค์,0,0,3
หน้า7-11พัฒนาการ20,พัฒนาการ20,0,0,6
หน้าMayfairPlace,สุขุมวิท50,0,0,3
หน้าVelaaSindlomVillage,หลังสวน,0,0,3
หน้ากรมการขนส่งทางบก,พหลโยธิน,3,0,0
หน้ากรมขนส่งทางบก,พหลโยธิน,3,0,0
หน้ากรมชลประทาน,สามเสน,0,3,0
หน้ากรมอู่ทหารเรือ,อรุณอัมรินทร์,3,0,0
หน้ากรมแผนที่ทหาร,กัลยาณไมตรี,6,0,0
หน้ากรมโรงงานอุตสาหกรรม,พระสุเมรุ,3,0,0
หน้ากองบัญชาการกองทัพอากาศ,พหลโยธิน,3,0,0
หน้ากองปราบปราม,พหลโยธิน,0,3,3
หน้ากองพันทหารปืนใหญ่ที่1,ประดิพัทธ์,0,3,0
หน้ากองพันทหารม้าที่3,ทหาร,0,3,0
หน้ากองพันทหารสื่อสารที่21,ทางเข้าออกกองพันฯ,0,0,3
หน้ากองพันทหารสื่อสารที่21,พหลโยธิน,0,0,3
หน้าการไฟฟ้าธนบุรี,จรัญสนิทวงศ์,0,0,3
หน้าการไฟฟ้าธนบุรี,จรัญสนิทวงศ์20,0,0,3
หน้าการไฟฟ้าธนบุรี,จรัญสนิทวงศ์23,0,0,3
หน้าการไฟฟ้านครหลวงบางเขน,กำแพงเพชร2,3,0,0
หน้าคณะนิเทศศาสตร์จุฬาลงกรณ์ฯ,ทางเข้าคณะนิเทศศาสตร์,3,0,0
หน้าคณะนิเทศศาสตร์จุฬาลงกรณ์ฯ,พญาไท,3,0,0
"หน้าคณะเทคโนโลยีการเกษตร,สำนักหอสมุดกลาง",ฉลองกรุง,0,0,3
หน้าคณะเวชศาสตร์เขตร้อน,ราชวิถี,0,0,3
หน้าคณะเวชศาสตร์เขตร้อน,ราชวิถี15,0,0,3
หน้าคณะแพทย์ศาสตร์วชิระพยาบาล,สามเสน,3,0,0
หน้าคอนโด28Chidlom,ชิดลม,0,0,3
หน้าคอนโดชีวาทัยเรสซิเดนซ์,ประชาราษฎร์สาย2,0,0,3
หน้าคอนโดดิเอ็กซ์เซลกรูฟปากซอยลาซาล52,สุขุมวิท105,0,3,0
หน้าคอนโดยูดีไลท์แอทหัวหมากสเตชั่น,หัวหมาก,0,3,0
หน้าคอนโดลุมพินีพาร์คนวมินทร์36,นวมนิทร์,0,1,0
หน้าคอนโดลุมพินีพาร์คนวมินทร์37,นวมนิทร์,0,1,0
หน้าคอนโดลุมพินีพาร์คนวมินทร์38,นวมนิทร์,0,1,0
หน้าคอนโดลุมพินีวิลล์,ราษฎร์บูรณะ,0,0,3
หน้าคอนโดเดอะทรีอินเตอร์เชน,ประชาราษฎร์สาย2,0,0,3
หน้าคอนโดเมโทรสกาย,ประชาชื่น,0,0,3
หน้าชุมชนบ้านแบบ,เจริญราษฎร์,3,0,0
หน้าชุมชนโรงเรียวัดตลิ่งชัน,ชักพระ,3,0,0
หน้าซอยพหลโยธิน50แยก11-15-2,เทพรักษ์,3,0,0
หน้าซีคอนสแควร์,ศรีนครินทร์,3,0,0
หน้าตลาดคลองถม,เจริญกรุง,0,3,0
หน้าตลาดจตุจักรคุ้มเกล้า,คุ้มเกล้า,0,3,0
หน้าตลาดบองมาเช่,เทศบาลสงเคราะห์,0,0,3
หน้าตลาดประชานิเวศน์1,เทศบาลสงเคราะห์,3,0,0
หน้าตลาดพิบูลย์วิทย์,กำนันแม้น,0,0,3
หน้าตลาดพิบูลย์วิทย์,กำนันแม้น8,0,0,3
หน้าตลาดพุทธบูชา95,พุทธบูชา,0,0,3
หน้าตลาดมหาสิน,สุขุมวิท101/1,0,0,3
หน้าตลาดมาร์เก็ตแลนด์,ลาดกระบัง,0,0,3
หน้าตลาดมโนรมย์,เลียบคลองสอง,0,3,0
หน้าตลาดยิปซี,กรุงเทพ-นนทบุรี,0,0,3
หน้าตลาดศรีเขมา,ประชาราษฎร์สาย1,0,0,3
หน้าตลาดศรีเขมา,ประชาราษฎร์สาย1(EB),0,0,3
หน้าตลาดเคซี,นิมิตใหม่,0,3,0
หน้าตลาดไชยทิศ,เลียบทางรถไฟตลิ่งชัน,0,0,3
หน้าถ.รามคำแหง2ซอย11,รามคำแหง2,0,0,3
หน้าถนนศรีเวียง(ช่วงใต้ทางด่วนศรีรัช),จรูญเวียง,3,0,0
หน้าททบ.5,พหลโยธิน,0,0,3
หน้าธ.กรุงเทพสาขาเตาปูน,ประชาราษฎร์สาย2,0,0,3
หน้าธ.ยูโอบี,เยาวราช,0,0,3
หน้าธนาคารCIMB,หลังสวน,0,0,3
หน้าธนาคารแห่งประเทศไทย,สามเสน,0,9,3
หน้าธัญญปาร์ค,ศรีนครินทร์,3,0,0
หน้านิคมฯเจโมโพลิส,สุขาภิบาล2,0,0,3
หน้าบ.กรีนสปอต,ศรีนครินทร์,0,0,3
หน้าบ.ยัสปาล,สุขุมวิท,0,0,1
หน้าบ.ยัสปาล,สุขุมวิท66/1,0,0,3
หน้าบ.เฟิร์สทรานสปอร์ต,หลวงแพ่ง,0,0,3
หน้าบ.เอพีโมโตพาร์ทจก.,ทวีวัฒนา-กาญจนาภิเษก,0,0,3
หน้าบ.แท็คเกิ้ลมาสเตอร์จก.,ทวีวัฒนา-กาญจนาภิเษก,0,0,3
หน้าบริษัทกราเวียอาร์ตเซ็นเตอร์,เลียบคลองภาษีเจริญฝั่งเหนือ,0,0,3
หน้าบริษัทคริสเตียนีและนีลเส็น,ลาซาล,0,0,3
หน้าบริษัทปตท.,วิภาวดีรังสิต,0,3,0
หน้าบิ๊กซีราชดำริ,ราชดำริ,0,6,0
หน้าบิ๊กซีราษฎร์บูรณะ,ราษฎร์บูรณะ,3,0,0
หน้าบิ๊กซีหนองจอก,เลียบวารี,0,0,3
หน้าบ้านพักคนชราบางแค,เพชรเกษม,0,3,0
หน้าปั้มปตท.ถนนฉลองกรุง,ฉลองกรุง,3,0,0
หน้าปั๊มปตท.,คุ้มเกล้า,0,0,3
หน้าปั๊มแก๊สNSGASLPG,ร่มเกล้า,0,3,0
หน้าพันธุ์ทิพย์ประตูน้ำ,เพชรบุรี,0,3,0
หน้าพันธุ์ทิพย์พลาซา,เพชรบุรีตัดใหม่,0,3,0
หน้าพิพิธภัณฑ์เด็ก,กำแพงเพชร4,3,0,0
หน้าพีเพิ่ลปาร์ค,อ่อนนุช,0,0,3
หน้าพุทธสมาคมแห่งประเทศไทย,พระอาทิตย์,3,0,0
หน้าม.ธรรมศาสตร์,หน้าพระธาตุ,3,0,0
หน้าม.พระจอมเกล้าพระนครเหนือ,ทางเข้าม.พระจอมเกล้าพระนครเหนือ,0,0,3
หน้าม.พระจอมเกล้าพระนครเหนือ,พิบูลสงคราม,0,0,3
หน้าม.มหานคร,เชื่อมสัมพันธ์,3,0,0
หน้าม.ราชภัฏวไลยอลงกรณ์,เพชรบุรี,0,3,0
หน้าม.เกษตรศาสตร์,พหลโยธิน,6,0,0
หน้าม.เทคโนโลยีกรุงเทพ,นราธิวาสราชนครินทร์,3,0,0
หน้าม.เทคโนโลยีราชมงคลพระนคร,นครสวรรค์,0,3,0
หน้าม.เทคโนโลยีราชมงคลวิทยาเขตเทเวศร์,สามเสน,0,0,3
หน้ามหาวิทยาลัยนวมินทราธิราช,ขาว,3,0,0
หน้ามหาวิทยาลัยศิลปากร,หน้าพระลาน,3,0,0
หน้ามหาวิทยาลัยสยาม,เพชรเกษม,3,0,0
หน้ามัสยิดดารุ้ลมูกร้อดรอบีน,คู้-คลองสิบ,0,0,3
หน้ามัสยิดอัลอิสติกอมะห์,ประชาอุทิศ,0,0,3
หน้ามาร์เก็ตเพลส,เทพรักษ์,0,0,3
หน้าร.พ.รามาธิบดี,พระรามที่6,0,3,0
หน้ารพ.ซีจีเอสสายไหม,เฉลิมพงษ์,0,0,3
หน้ารพ.บุษราคัมจิตการุณย์,สุขาภิบาล5,0,0,3
หน้ารพ.ผู้สูงอายุบางขุนเทียน,บางขุนเทียนชายทะเล,0,0,3
หน้ารพ.พญาไท2,พหลโยธิน,0,6,0
หน้ารพ.ยันฮี,จรัญสนิทวงศ์,0,0,3
หน้ารพ.รวมใจรักษ์,สุขุมวิท62,0,0,3
หน้ารพ.รามาธิบดี,พระรามที่6,0,6,0
หน้ารพ.วิภาราม,พัฒนาการ,3,0,0
หน้ารพ.สมเด็จพระปิ่นเกล้า,สมเด็จพระเจ้าตากสิน,3,0,0
หน้ารพ.เวชการุณรัศม์,ทางเข้าออกรพ.เวชการุณรัศ,0,0,3
หน้ารพ.เวชการุณรัศม์,เลียบวารี,0,0,3
หน้ารร.ฝึกอาชีพกทม.,เฉลิมพระเกียรติร.9,0,0,3
หน้ารร.พิทยาลงกรณ์พิทยาคม,เลียบคลองพิทยาลงกรณ์,0,0,3
หน้ารร.วัดสุทัศน์,อุณากรรณ,0,0,3
หน้ารร.สอนขับรถแอดวานซ์,พระราม2ซอย50,0,0,3
หน้ารร.สุเหร่าลาดบัวขาว,เคหะร่มเกล้า,0,0,3
หน้ารร.เบญจมราชาลัย,ศิริพงษ์,0,0,3
หน้ารร.โชคชัยหทัยราษฎร์,หทัยราษฎร์,0,0,3
หน้ารัฐสภา,อู่ทองใน,3,0,0
หน้ารัฐสภาใหม่,รัชดาภิเษก,0,3,0
หน้ารัฐสภาใหม่,สามเสน,0,3,0
หน้าราชตฤณมัยสมาคม,พิษณุโลก,0,3,0
หน้าราชนาวีสโมสร,มหาราช,3,0,0
หน้าร้านDentoLighting,เจริญราษฎร์,0,0,3
หน้าร้านMoonlightGarden,ทวีวัฒนา-กาญจนาภิเษก,0,0,3
หน้าวชิระพยาบาล,สามเสน,0,3,0
หน้าวัดชัยมงคล,พระรามที่1,0,3,0
หน้าวัดดิสานุการาม,วรจักร,0,3,0
หน้าวัดบรมนิวาสราชวรวิหาร,พระรามที่6,0,0,3
หน้าวัดบึงทองหลาง,ซอยลาดพร้าว101,0,3,0
หน้าวัดพระศรีมหาธาตุวรวิหาร,พหลโยธิน,3,0,0
หน้าวัดพระศรีมหาธาตุฯ,พหลโยธิน,3,0,0
หน้าวัดมหรรณพาราม,ตะนาว,6,3,0
หน้าวัดมังกรกมลาวาส,เจริญกรุง,3,0,0
หน้าวัดมังกรฯ,เจริญกรุง,0,0,3
หน้าวัดราชบุรณราชวรวิหาร,จักรเพชร,0,0,3
หน้าวัดลครทำ,อิสรภาพ,0,0,3
หน้าวัดศรีนวล,หนองแขม-วัดศรีนวล,0,0,3
หน้าวัดสามง่าม,คู้-คลองสิบ,0,0,3
หน้าวัดสีกัน,สรงประภา,6,0,0
หน้าวัดสุทัศน์,บำรุงเมือง,3,0,0
หน้าวัดอมรินทรารามวิหาร,พระนเรศวรมหาราช,0,0,3
หน้าวัดอยู่ดีบำรุงธรรม,เพิ่มสิน,3,0,0
หน้าวัดเจ้าอาม,บางขุนนนท์,0,0,3
หน้าวัดเทพธิดาราม,มหาไชย,3,0,0
หน้าวัดเทพศิรินทร์,หลวง,0,3,0
หน้าวัดเบญจมบพิตร,ศรีอยุธยา,3,0,0
หน้าวัดเสาหินซอยวงศ์สว่าง3,วงศ์สว่าง,0,3,0
หน้าวัดโพธิ์เรียง,จรัญสนิทวงศ์,6,0,0
หน้าวัดใหม่ยายมอญ,สุทธาวาส,0,0,3
หน้าวิทยาลัยพยาบาลตำรวจ,อังรีดูนังต์,3,0,0
หน้าวิทยาลัยเทคนิคกาญจนาภิเษกมหานคร,คุ้มเกล้า,0,0,6
หน้าวิทยาลัยเทคนิคดอนเมือง,สรงประภา,6,0,0
หน้าวิทยาลัยเทคโนโลยีฐานเทคโนโลยี,พรมแดน,0,0,3
หน้าศรีย่านทันตแพทย์,นครไชยศรี,0,3,0
หน้าศาลรัฐธรรมนูญ,จักรเพชร,0,0,3
หน้าศาสนสถานวัดซิกข์,จักรเพชร,0,0,3
หน้าศูนย์การค้าไทยโก้,หลวงแพ่ง,0,0,3
หน้าศูนย์มาสด้าพระราม7,พิบูลสงคราม,0,0,3
หน้าศูนย์ราชการกระทรวงมหาดไทย,เจริญนคร,0,0,3
หน้าศูนย์สาธารณสุข48,เลียบคลองภาษีเจริญฝั่งเหนือ,3,0,3
หน้าศูนย์ฮอนด้า,พญาไท,0,3,0
หน้าศูนย์โตโยต้าภูมิพัฒนา,เลียบวารี,0,0,3
หน้าสถานฑูตญี่ปุ่น,วิทยุ,3,0,0
หน้าสถานทูตสหรัฐอเมริกา,วิทยุ,3,0,0
หน้าสถานี3718วงเวียนใหญ่,กรุงธนบุรี,2,0,0
หน้าสถานีBTSวงเวียนใหญ่,กรุงธนบุรี,1,0,0
หน้าสถานีดับเพลิงธนบุรี,ถนนอินทรพิทักษ์,3,0,0
หน้าสถานีดับเพลิงธนบุรี,อินทรพิทักษ์,3,0,0
หน้าสถานีดับเพลิงปากคลองสาน,เจริญนคร,6,0,0
หน้าสถานีตำรวจนครบาลบุคคโล,เจริญนคร,3,0,0
หน้าสถานีเดินรถโดยสารขนาดเล็ก,กำแพงเพชร2,3,0,0
หน้าสถานเสาวภาสภากาชาดไทย,พระรามที่4,0,0,3
หน้าสถานเอกอัครฑูตอิหร่าน,ซอยสุขุมวิท49/11,3,0,0
หน้าสถานเอกอัครราชทูตฟิลิปปินส์,สุขุมวิท,3,0,0
หน้าสถานเอกอัครราชทูตอเมริกา,วิทยุ,0,0,3
หน้าสถาบันสุขภาพเด็กฯ,ราชวิถี,0,0,3
หน้าสถาบันโรคไตฯ,พญาไท,0,0,3
หน้าสนามกีฬาศุภชลาศัย,พระรามที่1,0,3,0
หน้าสภากาชาดไทย,อังรีดูนังต์,0,3,0
หน้าสมาคมมิตรภาพบางแค,พุทธมณฑลสาย1,3,0,0
หน้าสยามเซ็นเตอร์,พระรามที่1,0,3,0
หน้าสวนดุสิต,พระรามที่5,3,0,0
หน้าสวนธนบุรีรมณ์,ทางเข้าออกสวนธนบุรีรมณ์,0,0,3
หน้าสวนธนบุรีรมณ์,พุทธบูชา,0,0,3
หน้าสวนสัตว์ดุสิต,ราชวิถี,3,0,0
หน้าสวนสัตว์ดุสิต,อู่ทองใน,6,0,0
หน้าสวนอาหารปีกไม้,พุทธมณฑลสาย2,0,0,3
หน้าสำนักงานขนส่งทางบกพื้นที่1,บางขุนเทียน-ชายทะเล,3,0,0
หน้าสำนักงานชนส่งพื้นที1,บางขุนเทียนชายทะเล,3,0,0
หน้าสำนักงานบำรุงรักษาสะพานพระพุทธยอดฟ้าฯ,สะพานพุทธ,0,0,3
หน้าสำนักงานเขตคลองสามวา,เลียบคลองสอง,3,0,0
หน้าสำนักงานเขตสวนหลวง,พัฒนาการ,0,6,0
หน้าสำนักงานเขตหนองจอก,ประชาสำราญ,0,0,3
หน้าสำนักงานเขตหนองจอก,สังฆสันติสุข,0,0,3
หน้าสำนักงานเขตหนองจอก,เชื่อมสัมพันธ์,0,0,3
หน้าสำนักงานเขตหนองจอก,เลียบวารี,0,0,3
หน้าหจก.ชาลีแสงแดง,หลวงแพ่ง,0,0,3
หน้าหมู่บ้านฉัตรหลวง(ราษฎร์อุทิศ54),เลียบวารี,0,0,3
หน้าหมู่บ้านชัยพฤกษ์,พระยาสุเรนทร์30,0,0,3
หน้าหมู่บ้านนันทวัน10(ซอยเลียบวารี37),เลียบวารี,0,0,3
หน้าหมู่บ้านนันทวัน5(ซอยเลียบวารี11),เลียบวารี,0,0,3
หน้าหมู่บ้านประภาทรัพย์,เจริญพัฒนา,0,0,3
หน้าหมู่บ้านพรทิพา4,หนองแขม-วัดศรีนวล,0,0,3
หน้าหมู่บ้านพฤกษ์ภิรมย์,แบริ่งลาซาล,0,0,3
หน้าหมู่บ้านมหาดไทย1,พุทธมณฑลสาย1,3,0,0
หน้าหมู่บ้านสุชา2,ทวีวัฒนา,0,0,3
หน้าหมู่บ้านอมรทรัพย์1(ซอยเลียบวารี25),เลียบวารี,0,0,3
หน้าหมู่บ้านเค.ซี.การ์เด้นใกล้นิมิตใหม่40,นิมิตใหม่,3,0,0
หน้าหมู่บ้านเพชรเกษม4,ทวีวัฒนา,0,0,3
หน้าหมู่บ้านเพชรเกษม4,พุทธมณฑลสาย3,0,0,3
หน้าหมู่บ้านเพิ่มทรัพย์,เทอดไท,0,0,3
หน้าหมู่บ้านเอื้ออาทรลาดกระบัง2,ประชาพัฒนา,0,0,3
หน้าหอประชุมกองทัพอากาศ,พหลโยธิน,3,0,0
หน้าหอสมุดพระจอมเกล้าฯลาดกระบัง,ฉลองกรุง,0,0,3
หน้าห้างธัญญาพาร์ค,ศรีนครินทร์,0,0,3
หน้าห้างอินเดียเอ็มโพเรียม,จักรเพชร,0,0,3
หน้าห้างเซ็นจูรี่,รางน้ำ,0,0,3
หน้าห้างเดอะไนท์,พระราม9,3,0,0
หน้าอาคารCDGHOUSE,รัชดาภิเษก,0,0,3
หน้าอาคารMINTTOWER,บรรทัดทอง,0,0,3
หน้าอาคารจามจุรี8,พญาไท,3,0,0
หน้าอาคารรัฐสภาใหม่,สามเสน,0,3,0
หน้าอาคารสินธรทาวเวอร์,กรุงธนบุรี,3,0,0
หน้าอาคารสินสาธรทาวเวอร์,กรุงธนบุรี,3,0,0
หน้าอาคารสุขประพฤติ,ประชาชื่น,0,0,3
หน้าอาคารอปร.โรงพยาบาลจุฬาลงกรณ์,ราชดำริ,0,0,3
หน้าอาคารอัมรินทร์พลาซ่า,เพลินจิต,0,3,0
หน้าอาคารเมืองไทยภัทรคอมเพล็กซ์,รัชดาภิเษก,0,3,0
หน้าอาคารแปซิฟิคเรสซิเด้น,สุขุมวิท39,0,0,3
หน้าเขตหนองจอก,สังฆสันติสุข,0,0,3
หน้าเขตหนองจอก,เชื่อมสัมพันธ์,0,0,3
หน้าเขตหนองจอก,เลียบวารี,0,0,3
หน้าเซเว่นหน้าวัดปากน้ำ,รัชมงคลประสาธน์,0,0,3
หน้าเซเว่นหน้าวัดปากน้ำ,รัชมงคลประสาธน์10,0,0,3
หน้าเซ็นทรัลอีสวิลล์,ประดิษฐ์มนูธรรม,0,0,3
หน้าเดอะพาซิโอ,ลาดกระบัง,0,0,3
หน้าเทคโนโลยีกรุงเทพ,นราธิวาสราชนครินทร์,3,0,0
หน้าเสถียรธรรมสถาน,วัชรพล,0,0,3
หน้าแฟลตทหารเรือ,จ่าโสด,0,0,3
หน้าแฟลตทหารเรือ,ทางรถไฟสายเก่า,0,0,3
หน้าแฟลตทหารเรือ,ทางเข้าออกแฟลตทหารเรือ,0,0,3
หน้าแมคโคร,นราธิวาส,0,6,0
หน้าแม็กแวลูคู้บอน,คู้บอน,0,0,3
หน้าโครงการSUNNYMARKET,สุขุมวิท105,3,0,0
หน้าโครงการจตุจักรกรีน,กำแพงเพชร3,3,0,0
หน้าโครงการลุมพินี,สุขุมวิท77,3,0,0
หน้าโครงการเมย์แฟร์เพลส,ซอยสุขุมวิท50,3,0,0
หน้าโครงการแคโนพีบางบอน,เอกชัย,3,0,0
หน้าโรงงานฟุตบอลไทย,ฉลองกรุง,0,3,0
หน้าโรงพยาบาลจุฬาลงกรณ์,ราชดำริ,12,0,0
หน้าโรงพยาบาลตำรวจ,ราชดำริ,9,0,0
หน้าโรงพยาบาลพญาไท2,พหลโยธิน,0,3,0
หน้าโรงพยาบาลวิภาราม,พัฒนาการ,0,6,0
หน้าโรงพยาบาลหัวเฉียว,บำรุงเมือง,0,0,3
หน้าโรงรับจำนำบางซื่อ,ประชาราษฎร์สาย2,0,0,3
หน้าโรงรับจำนำย่งฮวดเฮง,เพชรเกษม69,3,0,0
หน้าโรงละครแห่งชาติ,ราชินี,3,0,0
หน้าโรงเรียนกุลวรรณ,ประชาราษฎร์สาย1,0,0,3
หน้าโรงเรียนกุลวรรณศึกษา,ประชาราษฎร์สาย1,0,0,3
หน้าโรงเรียนทวีธาภิเศก,บางขุนเทียนชายทะเล,0,0,3
หน้าโรงเรียนนานาชาติสิงคโปร์,ราชมนตรี8,0,0,3
หน้าโรงเรียนนิเวศวารินทร์,เทพรักษ์,0,3,0
หน้าโรงเรียนบ้านเจียรดับ,เลียบวารี,6,0,0
หน้าโรงเรียนพรหมราษฎร์รังสรรค์,พรหมราษฎร์,0,0,3
หน้าโรงเรียนพรหมราษฎร์รังสรรค์,รางโพธิ์,0,0,3
หน้าโรงเรียนราชคฤห์,เทอดไท,0,0,3
หน้าโรงเรียนละอออุทิศ,ราชสีมา,6,0,0
หน้าโรงเรียนลำสาลี,กรุงเทพกรีฑา,3,0,0
หน้าโรงเรียนวัดสะพาน,ทางรถไฟสายเก่า,0,0,3
หน้าโรงเรียนวัดสามง่าม,คู้-คลองสิบ,0,0,3
หน้าโรงเรียนศาลาคู้,ราษฎร์อุทิศ,0,3,0
หน้าโรงเรียนสายปัญญา,กรุงเกษม,0,3,0
หน้าโรงเรียนสารสาสน์วิเทศน์นิมิตใหม่,นิมิตใหม่,3,0,0
หน้าโรงเรียนสารสาสน์ฯ,เพชรเกษม81(มาเจริญ),0,0,3
หน้าโรงเรียนสุเหร่าคลองสิบ,คู้-คลองสิบ,0,0,3
หน้าโรงเรียนสุเหร่าคู้วิทยา,เลียบวารี,0,3,0
หน้าโรงเรียนสุเหร่าทรายกองดิน,ราษฎร์อุทิศ,3,0,0
หน้าโรงเรียนสุเหร่าทรายกองเงิน,ราษฎร์อุทิศ,3,0,0
หน้าโรงเรียนสุเหร่าศาลาลอย,พัฒนาการ,3,0,0
หน้าโรงเรียนสุเหร่าแสนแสบ,ประชาร่วมใจ,0,0,9
หน้าโรงเรียนหอวัง,พหลโยธิน,0,3,0
หน้าโรงเรียนหอวัง,หอวัง,0,0,3
หน้าโรงเรียนอนุบาลแสงโสม,ประชาชื่น,0,0,3
หน้าโรงเรียนอินเตอร์คิดส์,ประชาร่วมใจ,0,6,0
หน้าโรงเรียนเซนต์คาเบรียล,พหลโยธิน,0,3,0
หน้าโรงเรียนเซนต์คาเบรียล,สามเสน,0,6,0
หน้าโรงเรียนเซนปีเตอร์ธนบุรี,พุทธมณฑลสาย1,3,0,0
หน้าโรงแรมCalton,สุชุมวิท,0,0,3
หน้าโรงแรมโฟร์ซีซันส์,เจริญกรุง,0,0,3
หน้าโรงแรมโฟร์วิงส์,ศรีนครินทร์,0,0,3
หน้าโรงแรมไฟร์ซีซัน(ปากซอยเจริญกรุง69),เจริญกรุง,3,0,0
หน้าโรบินสันลาดกระบัง,ลาดกระบัง,0,0,3
หน้าโรแรมดิโอกุระ,วิทยุ,0,0,3
หน้าโลตัสพระราม1,บรรทัดทอง,0,0,3
หน้าโลตัสเลียบคลองสอง,เลียบคลองสอง,0,0,3
หน้าไปรษณีย์อ่อนนุช,สุขุมวิท77,0,0,3
หมอชิต2,กำแพงเพชร2,0,0,3
หมอชิต2,กำแพงเพชร6,0,0,3
หมอมี,ทรงสวัสดิ์,0,0,6
หมอมี,พระรามที่4,6,3,6
หมอมี,มิตรพันธ์,6,3,0
หมอมี,เจริญกรุง,6,3,6
หมอเหล็ง,จตุรทิศ,3,6,12
หมอเหล็ง,ราชปรารภ,3,6,12
หมอเหล็ง,ศรีอยุธยา,3,6,12
หมู่บ้านพฤกษา85,ทวีวัฒนา,0,0,3
หมู่บ้านร่มไทร,คลองลำเจียก,0,0,3
หมู่บ้านร่มไทร,คลองลำเจียก10,0,0,3
หมู่บ้านร่มไทร,คลองลำเจียก17,0,0,3
หมู่บ้านสหกรณ์,ทางเข้าหมู่บ้านสหกรณ์,3,3,3
หมู่บ้านสหกรณ์,หมู่บ้านสหกรณ์,0,0,3
หมู่บ้านสหกรณ์,เสรีไทย,3,3,6
หมู่บ้านอลิชา2,ซอยหมู่บ้านอลิชา2,0,3,0
หมู่บ้านเคหะธานี4,ราษฎร์พัฒนา,0,0,3
หมู่บ้านเคหะธานี4,ราษฎร์พัฒนา4,0,0,3
หมู่บ้านเคหะธานี4,ราษฎร์พัฒนา5,0,0,3
หมู่บ้านเศรษฐกิจ,ทางเขาหมู่บ้านเศรษฐกิจ,3,0,0
หมู่บ้านเศรษฐกิจ,ทางเข้าหมู่บ้านเศรษฐกิจ,3,3,0
หมู่บ้านเศรษฐกิจ,หมู่บ้านเศรษฐกิจ,0,0,9
หมู่บ้านเศรษฐกิจ,เพชรเกษม,6,3,9
หมู่บ้านเสรี,อ่อนนุช,0,3,0
หมู่บ้านเสรี,"อ่อนนุช70,อ่อนนุช72",0,3,0
หลักสี่,กำแพงเพชร6,6,9,9
หลักสี่,แจ้งวัฒนะ,6,9,9
หลังสวน,สารสิน,6,3,9
หลังสวน,หลังสวน,6,3,9
หลานหลวง,จักรพรรดิพงษ์,3,3,3
หลานหลวง,หลานหลวง,3,3,3
หัวลำโพง,พระรามที่4,6,3,6
หัวลำโพง,มหาพฤฒาราม,3,3,6
หัวลำโพง,มหาพอฒาราม,3,0,0
ห้วยขวาง,ประชาราษฎร์บำเพ็ญ,6,3,15
ห้วยขวาง,ประชาสงเคราะห์,6,6,12
ห้วยขวาง,รัชดาภิเษก,6,6,15
ห้าแยกพลับพลาไชย,พลับพลาไชย,0,3,0
ห้าแยกพลับพลาไชย,หลวง,0,3,0
ห้าแยกพลับพลาไชย,ไมตรีจิต,0,3,0
ห้าแยกลาดพร้าว,พหลโยธิน,3,3,0
ห้าแยกลาดพร้าว,วิภาวดีรังสิต,3,3,0
ห้าแยกวชัรพล,รัตนโกสนิทร์,0,3,0
ห้าแยกวชัรพล,รัตนโกสินทร์,0,3,0
ห้าแยกวชัรพล,ร่วมมิตรพัฒนา,0,6,0
ห้าแยกวชัรพล,วชัรพล,0,6,0
ห้าแยกวชัรพล,สุขาภิบาล5,0,6,0
ห้าแยกวัชรพล,รัตนโกสินทร์,0,0,6
ห้าแยกวัชรพล,ร่วมมิตรพัฒนา,0,0,6
ห้าแยกวัชรพล,วัชรพล,0,0,6
ห้าแยกวัชรพล,สุขาภิบาล5,0,0,6
อ.ส.ม.ท.,ทางเข้าอ.ส.ม.ท.,0,3,6
อ.ส.ม.ท.,พระราม9,6,3,6
อ.ส.ม.ท.,พระราม9ซอย7,6,0,0
อ.ส.ม.ท.,เพชรอุทัย,6,3,6
อนามัย,บำรุงเมือง,3,0,3
อนามัย,บํารุงเมือง,0,3,0
อนามัย,พลับพลาไชย,3,3,3
อนามัยงามเจริญ,หมู่บ้านสินทวี,0,3,0
อนามัยงามเจริญ,อนามัยงามเจริญ,0,3,0
อนามัยงามเจริญ,เทียนทะเล7,0,3,0
อนุสาวรีย์ชัยสมรภูมิ,พญาไท,0,0,3
อนุสาวรีย์ชัยสมรภูมิ,พหลโยธิน,0,0,3
อนุสาวรีย์ชัยสมรภูมิ,ราชวิถี,0,0,3
อนุสาวรีย์ชัยสมรภูมิ(ขาออก),พญาไท,3,6,0
อนุสาวรีย์ชัยสมรภูมิ(ขาออก),พหลโยธิน,3,6,0
อนุสาวรีย์ชัยสมรภูมิ(ขาออก),ราชวิถี,3,7,0
อนุสาวรีย์ชัยสมรภูมิ(ขาเข้า),พญาไท,3,6,0
อนุสาวรีย์ชัยสมรภูมิ(ขาเข้า),พหลโยธิน,3,6,0
อนุสาวรีย์ชัยสมรภูมิ(ขาเข้า),ราชวิถี,3,5,0
อนุสาวรีย์ประชาธิปไตย,ดินสอ,6,0,3
อนุสาวรีย์ประชาธิปไตย,ราชดำนินกลาง,3,0,0
อนุสาวรีย์ประชาธิปไตย,ราชดำเนิน,6,0,3
อนุสาวรีย์ประชาธิปไตย,ราชดำเนินกลาง,3,0,0
อนุสาวรีย์ประชาธิปไตย(ขาออก),ดินสอ,0,6,3
อนุสาวรีย์ประชาธิปไตย(ขาออก),ราชดำเนิน,0,3,3
อนุสาวรีย์ประชาธิปไตย(ขาออก),ราชดำเนินกลาง,0,3,0
อนุสาวรีย์ประชาธิปไตย(ขาออกแยก),ดินสอ,0,3,0
อนุสาวรีย์ประชาธิปไตย(ขาออกแยก),ราชดำเนินกลาง,0,3,0
อนุสาวรีย์ประชาธิปไตย(ขาเข้า),ดินสอ,0,6,3
อนุสาวรีย์ประชาธิปไตย(ขาเข้า),ราชดำเนิน,0,3,3
อนุสาวรีย์ประชาธิปไตย(ขาเข้า),ราชดำเนินกลาง,0,3,0
อนุสาวรีย์ประชาธิปไตย(ขาเข้าแยก),ดินสอ,0,3,0
อนุสาวรีย์ประชาธิปไตย(ขาเข้าแยก),ราชดำเนินกลาง,0,3,0
อนุสาวสรีย์ประชาธิปไตย(ขาออก),ดินสอ,3,0,0
อนุสาวสรีย์ประชาธิปไตย(ขาออก),ราชดำเนินกลาง,3,0,0
อนุสาวสรีย์ประชาธิปไตย(ขาเข้า),ดินสอ,3,0,0
อนุสาวสรีย์ประชาธิปไตย(ขาเข้า),ราชดำเนินกลาง,3,0,0
อรุณอมรินทร์,สมเด็จพระปิ่นเกล้า,0,3,3
อรุณอมรินทร์,อรุณอมรินทร์,0,3,3
อรุณอมรินทร์-วังเดิม,วังเดิม,0,0,6
อรุณอมรินทร์-วังเดิม,อรุณอมรินทร์,0,0,3
อรุณอมรินทร์-วังเดิม,อรุณอัมรินทร์ตัดใหม่,0,0,3
อรุณอมรินทร์ตัดใหม่,วังเดิม,0,3,0
อรุณอมรินทร์ตัดใหม่,อรุณอมรินทร์ตัดใหม่,0,3,0
อรุณอมรินทร์ตัดใหม่-วังเดิม,มักกะสัน,0,3,0
อรุณอมรินทร์ตัดใหม่-วังเดิม,ราชปรารภ,0,3,0
อรุณอมรินทร์ตัดใหม่-วังเดิม,วังเดิม,0,3,0
อรุณอมรินทร์ตัดใหม่-วังเดิม,อรุณอมรินทร์,0,3,0
อรุณอัมรินทร์,สมเด็จพระปิ่นเกล้า,3,0,3
อรุณอัมรินทร์,อรุณอัมรินทร์,3,0,3
อรุณอัมรินทร์ตัดใหม่-วังเดิม,วังเดิม,3,0,0
อรุณอัมรินทร์ตัดใหม่-วังเดิม,อรุณอัมรินทร์ตัดใหม่,3,0,0
อังรีดูนังต์,ทางเข้ากองบัญชาการ,0,0,3
อังรีดูนังต์,พระรามที่4,3,3,9
อังรีดูนังต์,สุรวงศ์,3,3,9
อังรีดูนังต์,อังรีดูนังต์,3,3,9
อัษฎางค์-พระยาศรี,พระยาศรี,0,3,0
อัษฎางค์-พระยาศรี,อัษฎางค์,0,3,0
อัษฎางค์-ราชบพิธ,อัษฎางค์,0,3,0
อาคารAmericanStandard,รัชดาภิเษก,0,3,0
อาคารสงเคราะห์กองทัพบก(บางซื่อ),ทางเข้าออกอาคารสงเคราะห์กองทัพบก,0,0,3
อาคารสงเคราะห์กองทัพบก(บางซื่อ),เทอดดำริ,0,0,3
อาคารสงเคราะห์กองทัพบก(เทอดดำริ),ทางเข้าออกอาคารสงเคราะห์กองทัพบก,0,0,3
อาคารสงเคราะห์กองทัพบก(เทอดดำริ),เทอดดำริ,0,0,3
อารีย์สัมพันธ์,ซอยอารีย์สัมพันธ์,3,0,0
อารีย์สัมพันธ์,พระรามที่6,3,0,3
อารีย์สัมพันธ์,อารีย์สัมพันธ์,0,0,3
อาร์ซีเอ,จตุรทิศ,0,0,3
อาร์ซีเอ,พระราม9ซอย8,0,0,3
อำนวยสงคราม,พิชัย,3,0,0
อำนวยสงคราม,อำนวยสงคราม,3,0,0
อำนวยสงคราม-ร่วมจิตต์,ร่วมจิตต์,3,0,3
อำนวยสงคราม-ร่วมจิตต์,อำนวยสงคราม,3,0,3
อินทาบัจ13-เพชรเกษม63,ซอยอินทาปัจ13,3,0,0
อินทาบัจ13-เพชรเกษม63,ซอยเพชรเกษม63,3,0,0
อินทาปัจ13-เพชรเกษม69,อินทาปัจ13,0,0,3
อินทาปัจ13-เพชรเกษม69,เพชรเกษม69,0,0,3
อินทาปัจ13-เพชรเกษม69,เลียบคลองภาษีเจริญฝั่งเหนือ,0,0,3
อิสรภาพ-อิสรภาพ21,อิสรภาพ,0,0,3
อิสรภาพ-อิสรภาพ21,อิสรภาพ21,0,0,3
อิสรภาพ-อิสรภาพ44-วัดดงมูลเหล็ก,อิสรภาพ,0,0,3
อิสรภาพ-อิสรภาพ44-วัดดงมูลเหล็ก,อิสรภาพ44,0,0,3
อิสรภาพ42,อิสรภาพ,0,0,3
อิสรภาพ42,อิสรภาพ42,0,0,3
อุณากรรณ,อุณากรรณ,6,3,3
อุณากรรณ,เจริญกรุง,6,3,3
อุณากรรณ-ลงท่า,ลงท่า,0,3,0
อุณากรรณ-ลงท่า,ศิริพงษ์,0,3,0
อุณากรรณ-ลงท่า,อุณากรรณ,0,3,0
อุดมสุข,ซอยสุขุมวิท103(อุดมสุข),6,0,0
อุดมสุข,สุขุมวิท,6,3,6
อุดมสุข,สุขุมวิท103,0,0,6
อุดมสุข,สุขุมวิท103(อุดมสุข),0,3,0
อุดมสุข30-27,อุดมสุข,0,0,3
อุดมสุข30-27,อุดมสุข27,0,0,3
อุดมสุข30-27,อุดมสุข30,0,0,3
อุดมสุข51,อุดมสุข,0,0,3
อุดมสุข51,อุดมสุข51,0,0,3
อุภัยเจษฎุทิศ,ราชวิถี,3,3,6
อุภัยเจษฎุทิศ,สวรรคโลก,3,3,6
อุรุพงษ์,พระรามที่6,3,3,9
อุรุพงษ์,เพชรบุรี,3,3,9
อุโมงค์กลับรถถนนพัฒนาการ,พัฒนาการ,0,0,3
อุโมงค์ดินแดง,ดินแดง,0,0,3
อุโมงค์ดินแดง,มุ่งหน้าประชาสงเคราะห์,0,0,3
อุโมงค์ดินแดง,อุโมงค์ดินแดง,0,0,3
อุโมงค์ถาวรธวัช,ถาวรธวัช,0,0,6
อุโมงค์ท่าพระ,มุ่งหน้าแยกรัชดา-ราชพฤกษ์,0,0,3
อุโมงค์ท่าพระ,มุ่งหน้าแยกไฟฉาย,0,0,3
อุโมงค์บรมราชชนนี,มุ่งหน้าบางขุนนนท์,0,0,3
อุโมงค์บรมราชชนนี,มุ่งหน้าแยกบางพลัด,0,0,3
อุโมงค์บางพลัด,มุ่งหน้าพระราม7,0,0,3
อุโมงค์บางพลัด,มุ่งหน้าแยกปิ่นเกล้า,0,0,3
อุโมงค์บางเขน,มุ่งหน้าสะพานใหม่,0,0,3
อุโมงค์บางเขน,มุ่งหน้าแยกเกษตร,0,0,3
อุโมงค์พหลโยธิน-ลาดปลาเค้า,มุ่งหน้าถนนประดิษฐ์มนูธรรม,0,0,3
อุโมงค์พหลโยธิน-ลาดปลาเค้า,มุ่งหน้าถนนพหลโยธิน,0,0,3
อุโมงค์รัชโยธิน,มุ่งหน้าถนนนวมินทร์,0,0,3
อุโมงค์รัชโยธิน,มุ่งหน้าแยกรัชวิภา,0,0,3
อุโมงค์รัชโยธิน,รัชดาภิเษก,0,0,3
อุโมงค์สุทธิสาร,มุ่งหน้าแยกรัชดา-ลาดพร้าว,0,0,3
อุโมงค์สุทธิสาร,มุ่งหน้าแยกห้วยขวาง,0,0,3
อุโมงค์สุทธิสาร,รัชดาภิเษก,0,0,3
อุโมงค์ห้วยขวาง,มุ่งหน้าแยกพระราม9,0,0,3
อุโมงค์ห้วยขวาง,มุ่งหน้าแยกสุทธิสาร,0,0,3
อุโมงค์เกษตร,งามวงศ์วาน-ประเสริฐมนูกิจ,0,0,3
อุโมงค์เกษตร,มุ่งหน้าแยกพงษ์เพชร,0,0,3
อุโมงค์เกษตร,มุ่งหน้าแยกรัชโยธิน,0,0,3
อุโมงค์แยกศรีอุดม,มุ่งหน้าถนนบางนาตราด,0,0,3
อุโมงค์แยกศรีอุดม,มุ่งหน้าแยกสวนหลวง,0,0,3
อโศก,รัชดาภิเษก,3,6,0
อโศก,สุขุมวิท,3,6,0
อโศก,อโศก,3,6,0
อโศก-สุขุมวิท,รัชดาภิเษก,3,0,0
อโศก-สุขุมวิท,สุขุมวิท,3,0,0
อโศก-สุขุมวิท,อโศก,3,0,0
อโศกดินแดง-กำแพงเพชร7,กำแพงเพชร7,0,0,3
อโศกดินแดง-กำแพงเพชร7,อโศกดินแดง,0,0,3
อโศกมนตรี,รัชดาภิเษก,0,0,9
อโศกมนตรี,สุขุมวิท,0,0,9
อโศกมนตรี,อโศก,0,0,6
อโศกมนตรี,อโศกมนตรี,0,0,3
อโศกเพชร,อโศก,3,3,6
อโศกเพชร,เพชรบุรี,3,3,6
อ่อนนุช,ซอยสุขุมวิท77,3,0,0
อ่อนนุช,ซอยส่วนบุคคล,3,0,0
อ่อนนุช,สุขุมวิท,3,3,9
อ่อนนุช,สุขุมวิท48/3,0,0,3
อ่อนนุช,สุขุมวิท77,0,3,9
อ่อนนุช,ส่วนบุคคล,0,0,6
อ่อนนุช-กิ่งแก้ว,กิ่งแก้ว,0,3,3
อ่อนนุช-กิ่งแก้ว,อ่อนนุช,0,3,3
อ่อนนุช-อ่อนนุช10-อ่อนนุช17,อ่อนนุช,0,3,0
อ่อนนุช-อ่อนนุช10-อ่อนนุช17,อ่อนนุช10,0,3,0
อ่อนนุช-อ่อนนุช10-อ่อนนุช17,อ่อนนุช17,0,3,0
อ่อนนุช17,ซอยอ่อนนุช10,3,0,0
อ่อนนุช17,ซอยอ่อนนุช17,3,0,0
อ่อนนุช17,อ่อนนุช,3,0,0
อ่อนนุช17แยก18,อ่อนนุช17,0,0,3
อ่อนนุช37/1,อ่อนนุช,0,0,3
อ่อนนุช44,อ่อนนุช,0,0,3
อ่อนนุช44,อ่อนนุช33,0,0,3
อ่อนนุช44,อ่อนนุช44,0,0,3
อ่อนนุช46,อ่อนนุช,0,0,3
อ่อนนุช46,อ่อนนุช46,0,0,3
อ่อนนุช59/1,อ่อนนุช,0,0,3
อ่อนนุช65,อ่อนนุช,0,0,3
อ่อนนุช65,อ่อนนุช65,0,0,3
อ่อนนุช70/1,ซอยอ่อนนุช70/1,3,0,0
อ่อนนุช70/1,อ่อนนุช,3,0,0
อ่อนนุช86,ซอยอ่อนนุช86,3,0,0
อ่อนนุช86,อ่อนนุช,3,0,0
อ่อนนุช86(ทางเข้าโรงขยะอ่อนช),ซอยอ่อนนุช86,3,0,0
อ่อนนุช86(ทางเข้าโรงขยะอ่อนช),อ่อนนุช,3,0,0
เกตุนุช,ซอยลาดพร้าว64,6,0,0
เกตุนุช,ลาดพร้าว,6,0,6
เกตุนุช,ลาดพร้าว64,0,0,6
เกษตร,งามวงศ์วาน,3,3,6
เกษตร,ประเสริฐมนูกิจ,0,3,6
เกษตร,พหลโยธิน,3,3,6
เกษตร,เกษตรนวมินทร์,3,0,0
เกษมราษฎร์,ซอยอารีย์,6,3,0
เกษมราษฎร์,พระรามที่4,6,3,12
เกษมราษฎร์,อารีย์,0,0,3
เกษมราษฎร์,เกษมราษฎร์,6,3,12
เกษะโกมล,พระรามที่5,6,3,6
เกษะโกมล,อำนวยสงคราม,6,3,6
เกษะโกมล,เศรษฐศิริ,6,3,6
เกียกกาย,ทหาร,3,6,6
เกียกกาย,ประชาราษฎร์สาย1,3,6,6
เกียกกาย,สามเสน,3,6,6
เข้าออกกำนันแม้น,เอกชัย36,0,0,2
เข้าออกกำนันแม้น,เอกชัย36(กำนันแม้น),0,0,1
เคหะร่มเกล่า-ซอยเคดหะร่มเกล้า6,ซอยเคหะร่มเกล้า6แยก6,3,0,0
เคหะร่มเกล่า-ซอยเคดหะร่มเกล้า6,เคหะร่มเกล้า,3,0,0
เจริญกรุง,เจริญกรุง,0,0,6
เจริญกรุง-สุรวงศ์,สุรวงศ์,3,0,0
เจริญกรุง-สุรวงศ์,เจริญกรุง,3,0,0
เจริญกรุง57,ซอยเจริญกรุง57,0,3,0
เจริญกรุง57,เจริญกรุง,3,3,0
เจริญกรุง57,เจริญกรุง57,3,0,0
เจริญกรุง95,เจริญกรุง,0,0,3
เจริญนคร28,เจริญนคร,0,0,3
เจริญนคร28,เจริญนคร28,0,0,3
เจริญนคร46,เจริญนคร,0,3,0
เจริญนครเหนือ,กรุงธนบุรี,6,3,0
เจริญนครเหนือ,เจริญนคร,3,3,0
เจริญนครเหนือ,เจริญนครเหนือ,3,0,0
เจริญนครใต้,กรุงธนบุรี,6,3,3
เจริญนครใต้,เจริญนคร,6,3,3
เจริญผล,บรรทัดทอง,3,6,3
เจริญผล,พระรามที่1,3,6,3
เจริญพัฒนา-สุเหร่าคลองหนึ่งที่15,สุเหร่าคลองหนึ่ง,3,0,0
เจริญพัฒนา-สุเหร่าคลองหนึ่งที่15,สุเหร่าคลองหนึ่งที่15,3,0,0
เจริญพัฒนา-สุเหร่าคลองหนึ่งที่15,เจริญพัฒนา,3,0,0
เจริญรัก,เจริญนคร,0,3,3
เจริญรัก,เจริญรัก,0,3,3
เจริญราษฎร์,พระรามที่3,6,3,12
เจริญราษฎร์,เจริญราษฎร์,6,3,12
เจริญใจ,เอกมัย,0,0,9
เจริญใจ,เอกมัย12,0,0,9
เจริญใจ,เอกมัย5,0,0,9
เจ้าคุณทหาร-คุ้มเกล้า,คุ้มเกล้า,3,3,0
เจ้าคุณทหาร-คุ้มเกล้า,มบคุมเกลา,3,0,0
เจ้าคุณทหาร-คุ้มเกล้า,เจ้าคุณทหาร,6,0,0
เจ้าคุณทหาร-คุ้มเกล้า,เจ้าคุณทหารลาดกระบัง,0,3,0
เจ้าคุณทหาร-ฉลองกรุง,ฉลองกรุง,3,3,6
เจ้าคุณทหาร-ฉลองกรุง,เจ้าคุณทหาร,3,3,6
เจ้าคุณหทาร-ฉลองกรุง,ฉลองกรุง,0,0,3
เจ้าคุณหทาร-ฉลองกรุง,เจ้าคุณทหาร,0,0,3
เฉลิมกรุง,ตรีทอง,0,3,0
เฉลิมกรุง,ตรีเพชร,3,3,9
เฉลิมกรุง,ตีทอง,3,0,9
เฉลิมกรุง,เจริญกรุง,3,3,9
เฉลิมบุรี,ทรงสวัสดิ์,0,3,3
เฉลิมบุรี,เยาวราช,0,3,3
เฉลิมพระเกรียรติร.9ซอย67,เฉลิมพระเกียรติร.9,0,0,3
เฉลิมพระเกรียรติร.9ซอย67,เฉลิมพระเกียรติร.9ซอย67,0,0,3
เฉลิมพระเกียรติร.9ซอย43,เฉลิมพระเกียรติ,3,0,0
เฉลิมพระเกียรติร.9ซอย62แยก2,ฉลิมพระเกียรติร.9ซอย62แยก,3,0,0
เฉลิมพระเกียรติร.9ซอย62แยก2,เฉลิมพระเกียรติร.9ซอย62,3,0,0
เฉลิมพระเกียรติร.9ซอย65,เฉลิมพระเกียรติร.9,3,0,0
เฉลิมพระเกียรติร9ซอย23,เฉลิมพระเกียรติร.9,3,0,0
เฉลิมเผ่า,พระรามทิ่1,0,0,3
เฉลิมเผ่า,พระรามที่1,6,3,3
เฉลิมเผ่า,อังรีดูนังต์,6,3,6
เฉลิมไทย,ราชดำเนิน,0,3,0
เชิดวุฒากาศ-กำแพงเพชร6,กำแพงเพชร6,0,0,3
เชิดวุฒากาศ-กำแพงเพชร6,เชิดวุฒากาศ,0,0,3
เชิดวุฒากาศ-กำแพงเพชร6,เชิดวุฒากาศ-กำแพงเพชร6,0,0,3
เชื่อมสัมพันธ์-บุรีภิรมย์,บุรีภิรมย์,0,0,6
เชื่อมสัมพันธ์-บุรีภิรมย์,เชื่อมสัมพันธ์,0,0,6
เชื่อมสัมพันธ์-ลำไทร,ลำไทร,0,0,3
เชื่อมสัมพันธ์-ลำไทร,เชื่อมสัมพันธ์,0,0,3
เชื่อมสัมพันธ์-สกุลดี,สกุลดี,0,3,6
เชื่อมสัมพันธ์-สกุลดี,เชื่อมสัมพันธ์,0,3,6
เชื่อมสัมพันธ์-เลียบวารี,สังฆสันติสุข,0,3,0
เชื่อมสัมพันธ์-เลียบวารี,เชื่อมสัมพันธ์,0,3,0
เชื่อมสัมพันธ์-เลียบวารี,เลียบวารี,0,3,0
เดชะตุงคะ-นาวงประชาพัฒนา,นาวงประชาพัฒนา,0,3,0
เดชะตุงคะ-นาวงประชาพัฒนา,เดชะตุงคะ,0,3,0
เดอะมอลล์บางแค,กาญจนาภิเษก,0,0,3
เดอะมอลล์บางแค,เพชรเกษม,0,0,3
เดอะมอลล์บางแค,เพชรเกษม47/2,0,0,3
เดโช,สีลม,3,6,3
เดโช,เดโช,3,6,3
เตาปูน,กรุงเทพ-นนทบุรี,0,3,0
เตาปูน,ซอยนำชัย,0,0,3
เตาปูน,ซอยน้ำชัย,0,6,0
เตาปูน,ประชาราษฎร์,6,3,6
เตาปูน,ประชาราษฎร์สาย2,6,6,6
เทคนิคกรุงเทพ,นราธิวาสราชนครินทร์17,0,0,3
เทคนิคกรุงเทพ,นราธิวาสฯ17,0,0,3
เทคนิคกรุงเทพ,นางลิ้นจี่,0,0,6
เทคนิคกรุงเทพ,สวนพลู,0,0,6
เทคนิคกรุงเทพ,โรงถ่าน,0,0,6
เทพรักษ์-สุขาภิบาล5,สุขาภิบาล5,0,0,3
เทพรักษ์-สุขาภิบาล5,เทพรักษ์,0,0,3
เทวกรรม,กรุงเกษม,6,3,3
เทวกรรม,นครสวรรค์,6,3,3
เทศบาลสงเคราะห์-เทศบาลรังรักษใ์ต้,เทศบาลรังรักษ์เหนือ,0,3,0
เทศบาลสงเคราะห์-เทศบาลรังรักษใ์ต้,เทศบาลสงเคราะห์,0,3,0
เทศบาลสงเคราะห์-เทศบาลรังรักษ์ใต้,เทศบาลรังรักษ์ใต้,0,3,0
เทอดดำริ,ประดิพัทธ์,3,3,6
เทอดดำริ,เทอดดำริ,3,3,6
เทอดไท33,เทอดไท,0,0,4
เทอดไท33,เทอดไท33,0,0,3
เทอดไท33(24เม.ย.69),เทอดไท,0,0,2
เทอดไท33(24เม.ย.69),เทอดไท33,0,0,3
เทิดราชัน-เชิดวุฒากาศ,เชิดวุฒากาศ-กำแพงเพชร6,0,0,3
เทิดราชัน-เชิดวุฒากาศ,เทิดราชัน,0,0,3
เทียนทะเล7,ซอยท่าข้าม23,0,3,0
เทียนทะเล7,เทียนทะเล7,0,3,0
เทียมร่วมมิตร,กาญจนาภิเษก,0,0,3
เทียมร่วมมิตร,รัชดาภิเษก,6,3,3
เทียมร่วมมิตร,เดอะมอลล์บางแค,0,0,1
เทียมร่วมมิตร,เทียมร่วมมิตร,6,3,6
เทียมร่วมมิตร,เพชรเกษม47/2,0,0,2
เทเวศร์,กรุงเกษม,3,6,6
เทเวศร์,สามเสน,3,6,6
เพชรบุรี-ชิดลม,เพชรบุรี,6,3,6
เพชรบุรี-ทองหล่อ,ซอยทองหล่อ,0,3,0
เพชรบุรี-ทองหล่อ,ทองหล่อ,3,0,6
เพชรบุรี-ทองหล่อ,เพชรบุรี,3,3,6
เพชรบุรี-พร้อมพงษ์,ซอยสุขุมวิท39,3,3,0
เพชรบุรี-พร้อมพงษ์,สุขุมวิท39,0,3,0
เพชรบุรี-พร้อมพงษ์,เพชรบุรี,3,6,0
เพชรบุรี-เพชรอุทัย,เพชรบุรี,3,0,0
เพชรบุรี-เพชรอุทัย,เพชรอุทัย,3,0,0
เพชรบุรี38,เพชรบุรี,0,3,0
เพชรพระราม,บรรทัดทอง,3,3,6
เพชรพระราม,เพชรบุรี,3,3,6
เพชรอุทัย-ทางด่วนขั้นที่2,ขึ้นทางด่วนขั้นที่2,0,0,3
เพชรอุทัย-ทางด่วนขั้นที่2,ทางด่วนขันที2,3,0,0
เพชรอุทัย-ทางด่วนขั้นที่2,พระราชดำริ,3,0,3
เพชรอุทัย-ทางด่วนขั้นที่2,เพชรอุทัย,3,0,3
เพชรเกษม,เพชรเกษม,0,0,3
เพชรเกษม,เลียบใต้ทางด่วน,0,0,2
เพชรเกษม,ใต้ด่วนดินแดง,0,0,1
เพชรเกษม-พุทธมณฑลสาย1,พุทธมณฑลสาย1,0,3,6
เพชรเกษม-พุทธมณฑลสาย1,เพชรเกษม,0,3,6
เพชรเกษม-พุทธมเณฑลสาย1,พุทธมณฑลสาย1,3,0,0
เพชรเกษม-พุทธมเณฑลสาย1,เพชรเกษม,3,0,0
เพชรเกษม-ราชพฤกษ์,ราชพฤกษ์,3,3,3
เพชรเกษม-ราชพฤกษ์,เพชรเกษม,3,3,3
เพชรเกษม-เพชรเกษม4,เพชรเกษม,3,0,3
เพชรเกษม-เพชรเกษม4,เพชรเกษม4,0,0,3
เพชรเกษม-เพชรเกษม86,กาญจนาภิเษก,0,0,3
เพชรเกษม-เพชรเกษม86,ซอยเพชรเกษม86,0,0,3
เพชรเกษม-เพชรเกษม86,ถนนกาญจนาภิเษก,0,0,3
เพชรเกษม-เพชรเกษม86,ถนนเพชรเกษม,0,0,3
เพชรเกษม-เพชรเกษม86,เพชรเกษม,0,0,3
เพชรเกษม-เพชรเกษม86,เพชรเกษม86,0,0,3
เพชรเกษม-เลียบคลองทวีวัฒนา,เพชรเกษม,0,0,3
เพชรเกษม-เลียบคลองทวีวัฒนา,เลียบคลองทวีวัฒนา,0,0,3
เพชรเกษม116,เพชรเกษม,0,0,3
เพชรเกษม116,เพชรเกษม116,0,0,3
เพชรเกษม116,เพชรเกษม84/1,0,0,3
เพชรเกษม20,ซอยเพชรเกษม20,3,0,0
เพชรเกษม20,เพชรเกษม,3,0,0
เพชรเกษม45/1,เพชรเกษม,0,0,3
เพชรเกษม45/1,เพชรเกษม45/1,0,0,3
เพชรเกษม69,ขอยเพชรเกษม69,3,0,0
เพชรเกษม69,ซอยเพชรเกษม102/4,3,6,0
เพชรเกษม69,ซอยเพชรเกษม69,0,6,0
เพชรเกษม69,เพชรเกษม,3,6,12
เพชรเกษม69,เพชรเกษม102/4,0,0,12
เพชรเกษม69,เพชรเกษม69,0,0,12
เพชรเกษม69-อินทราปัจ13,อินทราปัจ13,0,0,3
เพชรเกษม69-อินทราปัจ13,เพชรเกษม 69,0,0,3
เพชรเกษม69-อินทราปัจ13,เพชรเกษม69,0,0,3
เพชรเกษม81,ขอยเพชรเกษม81,3,0,0
เพชรเกษม81,เพชรเกษม,3,3,9
เพชรเกษม81,เพชรเกษม81,0,3,9
เพลินจิต,วิทยุ,6,3,9
เพลินจิต,เพลินจิต,6,3,9
เพิ่มสิน,ซอยเพิ่มสิน47,0,3,0
เพิ่มสิน,เพิ่มสิน,0,3,0
เฟื่องนคร-พระยาศรี,เฟื่องนคร,0,3,0
เฟื่องนคร-ราชบพิธ,ราชบพิธ,0,3,0
เฟื่องนคร-ราชบพิธ,เฟื่องนคร,0,3,0
เมอรี่คิงส์,ถนนจักรเพชร,0,0,3
เมอรี่คิงส์,ถนนเยาวราช,0,0,3
เมอร์รี่คิงส์,จักรเพชร,0,3,0
เมอร์รี่คิงส์,เยาวราช,0,3,0
เมืองมีน,รามอินทรา,0,3,3
เมืองมีน,สีหบุรานุกิจ,0,3,3
เมืองมีน,สุวินทวงศ์,0,3,3
เมืองมีน,เสรีไทย,0,3,3
เยาวราช-ผดุงด้าว,ผดุงด้าว,0,3,0
เยาวราช-ผดุงด้าว,เยาวราช,0,3,0
เยาวราช-มหาจักร,มหาจักร,0,3,0
เยาวราช-มหาจักร,เยาวราช,0,3,0
เยาวราช-มังกร,มังกร,0,3,0
เยาวราช-มังกร,เยาวราช,0,3,0
เยาวราช-อิสรานุภาพ,อิสรานุภาพ,0,3,0
เยาวราช-อิสรานุภาพ,เยาวราช,0,3,0
เยาวราช-แปลงนาม,เยาวราช,0,3,0
เย็นอากาศ,จันทน์,0,0,6
เย็นอากาศ,นางลิ้นจี่,0,0,6
เย็นอากาศ,เย็นอากาศ,0,0,6
เย็นอากาศ-ศรีบำเพ็ญ,ศรีบำเพ็ญ,0,0,3
เย็นอากาศ-ศรีบำเพ็ญ,เย็นอากาศ,0,0,3
เรือนจำ,มหาไชย,0,3,0
เรือนจำ,หลวง,0,3,0
เลียบคลองประปา-ซอยย่านิ่มพัฒนา,ย่านิ่มพัฒนา,0,0,3
เลียบคลองประปา-ซอยย่านิ่มพัฒนา,เลียบคลองประปา,0,0,3
เลียบคลองประปา-ซอยหมู่บ้านสวนพงษ์เพชร7,หมู่บ้านสวนพงษ์เพชร7,0,0,3
เลียบคลองประปา-ซอยหมู่บ้านสวนพงษ์เพชร7,เลียบคลองประปา,0,0,3
เลียบคลองประปาฝั่งตะวันออก,เลียบคลองประปาฝั่งตะวันออก,0,0,3
เลียบคลองประปาฝั่งตะวันออก,แจ้งวัฒนะ,0,0,3
เลียบคลองประปาฝั่งตะวันออก-ซอยส่วนบุคคล(หลังโลตัส),เลียบคลองประปาฝั่งตะวันออก,0,0,3
เลียบคลองภาษีเจริญฝั่งเหนือ-เพชรเกษม81,เพชรเกษม81,0,0,6
เลียบคลองภาษีเจริญฝั่งเหนือ-เพชรเกษม81,เลียบคลองภาษีเจริญฝั่งเหนือ,0,0,6
เลียบคลองภาษีเจริญฝั่งเหนือ9,เลียบคลองภาษีเจริญฝั่งเหนือ,0,0,3
เลียบคลองภาษีเจริญฝั่งใต้,ซอยสวนจำปี,0,3,0
เลียบคลองภาษีเจริญฝั่งใต้,เพชรเกษม69,0,3,0
เลียบคลองภาษีเจริญฝั่งใต้,เลียบคลองภาษีเจริญฝั่งเหนือ,0,3,0
เลียบคลองภาษีเจริญฝั่งใต้-เพชรเกษม69,สวนจำปี,0,0,6
เลียบคลองภาษีเจริญฝั่งใต้-เพชรเกษม69,เพชรเกษม69,0,0,6
เลียบคลองภาษีเจริญฝั่งใต้-เพชรเกษม69,เลียบคลองภาษีเจริญฝั่งใต้,0,0,6
เลียบคลองภาษีเจริญฝั่งใต้6,เลียบคลองภาษีเจริญฝั่งใต้,0,0,3
เลียบคลองภาษีเจริญฝั่งใต้6,เลียบคลองภาษีเจริญฝั่งใต้6,0,0,3
เลียบด่วนกาญจนาภิเษก-ใต้ทางด่วน(จุดที่1),เลียบด่วนกาญจนาภิเษก,0,0,3
เลียบด่วนกาญจนาภิเษก-ใต้ทางด่วน(จุดที่1),ใต้ทางด่วน,0,0,3
เลียบด่วนกาญจนาภิเษก-ใต้ทางด่วน(จุดที่2),เลียบด่วนกาญจนาภิเษก,0,0,3
เลียบด่วนกาญจนาภิเษก-ใต้ทางด่วน(จุดที่2),ใต้ทางด่วน,0,0,3
เลียบทางรถไฟสายใต้-ฉิมพลี,ฉิมพลี,0,0,3
เลียบทางรถไฟสายใต้-ฉิมพลี,เลียบทางรถไฟสายใต้,0,0,3
เลียบทางรถไฟสายใต้-เอราวัณปาร์คอเวนิว,เลียบทางรถไฟสายใต้,0,0,6
เลียบทางรถไฟสายใต้-เอราวัณปาร์คอเวนิว,เอราวัณปาร์คอเวนิว,0,0,6
เลียบวารี-ซอยมิตรไมตรี23,มิตรไมตรี23,0,0,3
เลียบวารี-ซอยมิตรไมตรี23,เลียบวารี,0,0,3
เลียบวารี-เชื่อมสัมพันธ์,ประชาสำราญ,3,0,0
เลียบวารี-เชื่อมสัมพันธ์,สังฆสันติสุข,3,0,0
เลียบวารี-เชื่อมสัมพันธ์,เชื่อมสัมพันธ์,3,0,0
เลียบวารี-เชื่อมสัมพันธ์,เลียบวารี,3,0,0
เลียบวารี-เลียบวารี2,เลียบวารี,0,0,3
เลียบวารี-เลียบวารี2,เลียบวารี2,0,0,3
เลียบวารี-เลียบวารี8,เลียบวารี,0,0,3
เลียบวารี-เลียบวารี8,เลียบวารี8,0,0,3
เลียบวารี11,เลียบวารี,0,0,3
เลียบวารี59,เลียบวารี,0,0,3
เศรษฐศิริ,ทางขึ้นลงทางด่วน,0,3,0
เศรษฐศิริ,พระรามที่6,0,3,0
เศรษฐศิริ,เทอดดำริ,6,3,3
เศรษฐศิริ,เศรษฐศิริ,6,6,3
เสนาคม,พหลโยธิน,0,0,3
เสนาคม,เสนานิคม,0,0,3
เสนานิคม,ซอยเสนานิคม,6,0,0
เสนานิคม,พหลโยธิน,6,3,0
เสนานิคม,เสนานิคม,0,3,0
เสนานิคม(23เม.ย.69),พหลโยธิน,0,0,3
เสนานิคม(23เม.ย.69),เสนานิคม,0,0,3
เสนานิคม1-เสนานิคม1ซอย12,เสนานิคม1,3,0,6
เสนานิคม1-เสนานิคม1ซอย12,เสนานิคม1ซอย12,3,0,6
เสนานิคม1ซอย17,เสนานิคม1,0,0,3
เสนานิคม1ซอย8,เสนานิคม1,0,0,3
เสนานิคม1ซอย8,เสนานิคม1ซอย8,0,0,3
เสนานิมคมซอย26,เสนานิคม1,0,0,3
เสรีไทย-นวธานี,ซอยเสรีไทย38,0,3,0
เสรีไทย-นวธานี,ทางเข้าหมู่บ้านนวธานี,0,3,0
เสรีไทย-นวธานี,เสรีไทย,0,3,0
เสาชิงช้า,ดินสอ,0,12,9
เสาชิงช้า,ตรีทอง,0,6,3
เสาชิงช้า,ตีทอง,0,6,6
เสาชิงช้า,บำรุงเมือง,0,18,9
เสาชิงช้า,ศิริพงษ์,0,6,0
เสาชิงช้า(2),บำรุงเมือง,0,3,3
เสาชิงช้า(2),ศิริพงษ์,0,3,3
เสาวณี,ศรีอยุธยา,3,6,3
เสาวณี,สวรรคโลก,3,6,3
เสือป่า,ราชวงศ์,3,3,3
เสือป่า,เจริญกรุง,3,3,3
เสือป่า,เสือป่า,3,3,6
เอกชัย-กาญจนาภิเษก,กาญจนาภิเษก,0,0,3
เอกชัย-กาญจนาภิเษก,เอกชัย,0,0,3
เอกชัย-บางขุนเทียนชายทะเล,บางขุนเทียนชายทะเล,3,0,0
เอกชัย-บางขุนเทียนชายทะเล,เอกชัย,3,0,0
เอกชัย101,เอกชัย,0,0,3
เอกชัย101,เอกชัย101,0,0,3
เอกชัย69/1,เอกชัย,0,0,3
เอกชัย69/1,เอกชัย69/1,0,0,3
เอกชัย89/9,เอกชัย,0,0,3
เอกชัย89/9,เอกชัย89/9,0,0,3
เอกมัย12,เอกมัย12,0,0,3
เอกมัย9,เอกมัย,0,0,3
เอกมัยเหนือ,เพชรบุรี,3,0,0
เอกมัยเหนือ,เอกมัย,3,0,0
เอกมัยเหนือ(A432),เพชรบุรี,3,0,0
เอกมัยเหนือ(A432),เอกมัย,3,0,0
เอกมัยเหนือ(B433),เพชรบุรี,3,0,0
เอกมัยเหนือ(B433),เอกมัย,3,0,0
เอกมัยเหนือ(ทางขึ้น),เพชรบุรี,0,0,3
เอกมัยเหนือ(ทางขึ้น),เอกมัย,0,0,3
เอกมัยเหนือ(ทางลง),เพชรบุรี,0,0,3
เอกมัยเหนือ(ทางลง),เอกมัย,0,0,3
เอกมัยใต้,ซอยสุขุมวิท63,3,3,0
เอกมัยใต้,ทางเข้าขนส่งเอกมัย,0,3,3
เอกมัยใต้,ทางเข้าออกขนส่งเอกมัย,3,0,3
เอกมัยใต้,สุขุมวิท,3,3,6
เอกมัยใต้,สุขุมวิท63,0,0,3
เอกมัยใต้,เอกมัย,0,0,3
เอส.เอ.บี,วรจักร,0,0,3
เอส.เอ.บี,เจริญกรุง,0,0,3
เอสเอบี,วรจักร,3,3,6
เอสเอบี,เจริญกรุง,3,3,6
แจ้งวัฒนะ,เมืองทอง,0,0,3
แจ้งวัฒนะ,แจ้งวัฒนะ,0,0,3
แจ้งวัฒนะ-เลียบคลองประปาฝั่งตะวันออก,เลียบคลองประปาฝั่งตะวันออก,0,0,3
แจ้งวัฒนะ-เลียบคลองประปาฝั่งตะวันออก,แจ้งวัฒนะ,0,0,3
แจ้งวัฒนะ–น่านเจ้า–แสนหวี,ซอยน่านเจ้า,0,0,3
แจ้งวัฒนะ–น่านเจ้า–แสนหวี,ซอยแจ้งวัฒนะ,0,0,3
แจ้งวัฒนะ–น่านเจ้า–แสนหวี,ซอยแสนหวี,0,0,3
แบริ่ง,ซอยสุขุมวิท107,3,0,0
แบริ่ง,พหลโยธิน,0,0,1
แบริ่ง,สุขุมวิท,3,3,3
แบริ่ง,สุขุมวิท107,0,3,0
แบริ่ง,สุขุมวิท107(แบริ่ง),0,0,3
แบริ่ง-ถนนตัดใหม่ลาซาล-แบริ่ง,ตัดใหม่ลาซาล-แบริ่ง,3,0,0
แบริ่ง-ถนนตัดใหม่ลาซาล-แบริ่ง,สุขุมวิท107(แบริ่ง),3,0,0
แปลงนาม,พลับพลาไชย,6,3,6
แปลงนาม,เจริญกรุง,6,3,6
แปลงนาม,แปลงนาม,6,3,9
แฟลตการท่า,กำแพงเพชร6,0,0,3
แฟลตการท่า,เชิดวุฒากาศ,0,0,3
แม้นศรี,จักรพรรดิพงษ์,3,3,0
แม้นศรี,บำรุงเมือง,3,3,0
แม้นศรี,วรจักร,3,3,0
แสมดำ-ซอยแสมดำ24,ซอยแสมดำ24,3,0,0
แสมดำ-ซอยแสมดำ24,แสมดำ,3,0,0
แฮปปี้แลนด์,ทางออกเดอะมอลล์,0,0,6
แฮปปี้แลนด์,ลาดพร้าว,0,0,6
แฮปปี้แลนด์,แฮปปี้แลนด์,0,0,6
แฮปปี้แลนด์สาย2-ลาดพร้าว,ลาดพร้าว,0,0,3
แฮปปี้แลนด์สาย2-ลาดพร้าว,แฮปปี้แลนด์สาย2,0,0,3
โชคชัย4,ชอยลาดพร้าว35(โชคชัย4),3,0,0
โชคชัย4,ซอยลาดพร้าว56,3,0,0
โชคชัย4,ลาดพร้าว,3,0,3
โชคชัย4,ลาดพร้าว53/1,0,0,3
โชคชัย4,ลาดพร้าว58,0,0,3
โชคชัย4ซอย54,โชคชัย4,0,3,0
โชคชัย4ซอย54,โชคชัย4ซอย51,0,1,0
โชคชัย4ซอย54,โชคชัย4ซอย52,0,1,0
โชคชัย4ซอย54,โชคชัย4ซอย53,0,1,0
โชคชัย4ซอย54,โชคชัย4ซอย54,0,3,0
โพธิสามต้น,วังเดิม,3,0,0
โพธิสามต้น,อิสรภาพ,3,0,0
โพธิ์สามต้น,วังเดิม,3,6,6
โพธิ์สามต้น,อิสรภาพ,3,6,6
โพธิ์แก้ว,ทางเข้าวัดบางเตย,6,3,6
โพธิ์แก้ว,นวมินทร์,6,3,6
โพธิ์แก้ว,โพธิ์แก้ว,6,3,6
โรงกรองน้ำ,นครไชยศรี,6,9,3
โรงกรองน้ำ,พระรามที่6,6,9,3
โรงผลิตน้ำสามเสน,พระรามที่6,0,3,0
โรงพยาบาลกลาง,ยุคคล2,0,3,0
โรงพยาบาลกลาง,ยุคล2,6,0,3
โรงพยาบาลกลาง,หลวง,6,3,3
โรงพยาบาลกลาง,เสือป่า,6,3,3
โรงพยาบาลทหารเรือ,ซอยสมเด็จพระเจ้าตากสิน23,3,0,0
โรงพยาบาลทหารเรือ,ทางเข้ารพ.ทหารเรือ-ซอยสมเด็จพระเจ้าตากสิน22,3,0,0
โรงพยาบาลทหารเรือ,สมเด็จพระเจ้าตากสิน,3,0,0
โรงพยาบาลบางรัก,ซอยสาทร10,3,0,0
โรงพยาบาลบางรัก,ซอยสาทร9,3,0,0
โรงพยาบาลบางรัก,สาทร,3,0,0
โรงพยาบาลสิรินธร,สุขาภิบาล2,3,0,3
โรงพยาบาลสิรินธร,อ่อนนุช,3,0,3
โรงพยาบาลเวชการุณรัศม์,ทางเช้า-ออกรพ.เวชการุณศม์,0,0,3
โรงพยาบาลเวชการุณรัศม์,เลียบวารี,0,0,3
โรงเรียนนานาชาติแองโกลสิงคโปร์,สุขุมวิท64,0,0,3
โรงเรียนหอวัง,พหลโยธิน,0,3,0
ใกล้คลองทวีวัฒนา,อุทยาน,6,0,0
ใกล้คลองบางจาก,พุทธมณฑลสาย2,7,0,0
ใกล้คลองบางชัน,รามคำแหง,3,0,0
ใกล้คลองบางปะแก้ว,ราษฎร์บูรณะ,3,0,0
ใกล้คลองบางระมาด,พุทธมณฑลสาย2,5,0,0
ใกล้คลองบ้านม้า,รามคำแหง7,3,0,0
ใกล้คลองลาดพร้าว,ประดิษฐ์มนูธรรม,6,0,0
ใกล้จุดตัดถ.บางขุนเทียนชายทะเล-สะแกงาม,สะแกงาม,3,0,0
ใกล้จุดเชื่อมต่อทางจักรยานคลองไผ่สิงโต,ดวงพิทักษ์,3,0,0
ใกล้ซอยจันทน์35,จันทน์,0,3,0
ใกล้ซอยจันทน์55,จันทน์,0,3,0
ใกล้ซอยบุญอยู่,ดินแดง,0,3,0
ใกล้ซอยประดิษฐ์มนูธรรม15,ประดิษฐ์มนูธรรม,0,3,0
ใกล้ซอยพระเทพรัตนโมลี20,หลวงแพ่ง,0,0,3
ใกล้ซอยรัชดาภิเษก22,รัชดาภิเษก,0,3,0
ใกล้ซอยราษฎร์อุทิศ24,ราษฎร์อุทิศ,0,3,0
ใกล้ซอยร่มเกล้า6,ร่มเกล้า,3,0,0
ใกล้ซอยศรีอยุธยา5,ศรีอยุธยา,0,3,0
ใกล้ซอยหทัยราษฎร์37,หทัยราษฎร์,0,3,0
ใกล้ซอยอิสรภาพ30,อิสรภาพ,0,0,3
ใกล้ซอยเพชรบุรี27,เพชรบุรี,0,3,0
ใกล้ซอยเลียบคลองสอง5,เลียบคลองสอง,0,0,3
ใกล้ซอยโยธินพัฒนา,ประดิษฐ์มนูธรรม,6,0,0
ใกล้ตลาดนัดจตุจักร,พหลโยธิน,0,3,0
ใกล้ประดิษฐ์มนูธรรม-รามอินทรา,ประดิษฐ์มนูธรรม,3,0,0
ใกล้ปากซอยบางกระดี่25,บางกระดี่,3,0,0
ใกล้ปากซอยลาดพร้าว101,ลาดพร้าว,3,0,0
ใกล้ปากซอยลาดพร้าว5,ลาดพร้าว,3,0,0
ใกล้ปากซอยสรงประภา26,สรงประภา,3,0,0
ใกล้ปากทางถนนเทพรักษ์-พหลโยธิน,เทพารักษ์,3,0,0
ใกล้พุทธมณฑลสาย3-บรมราชชนนี,พุทธมณฑลสาย3,3,0,0
ใกล้วัดดิสหงษาราม,เพชรบุรี,0,6,0
ใกล้วัดนางนอง,วุฒากาศ,0,0,3
ใกล้วัดโพธิ์,ท้ายวัง,6,0,0
ใกล้สถานีBTSวงเวียนใหญ่,กรุงธนบุรี,3,0,0
ใกล้สถานีรถไฟฟ้าBTSสุรศักดิ์,สาทร,3,0,0
ใกล้สถานีรถไฟฟ้าทองหล่อ,สุขุมวิท,3,0,0
ใกล้สถานีรถไฟฟ้าพระโขนง,สุขุมวิท,3,0,0
ใกล้สถานีรถไฟฟ้าพร้อมพงษ์,สุขุมวิท,3,0,0
ใกล้สถานีรถไฟฟ้าราชดำริ,ราชดำริ,9,0,0
ใกล้สถานีรถไฟฟ้าอ่อนนุช,สุขุมวิท,3,0,0
ใกล้สถานีไฟฟ้าเอกมัย,สุขุมวิท,3,0,0
ใกล้สะพานข้ามคลองบางจาก,พุทธมณฑลสาย1,3,0,0
ใกล้สาทร-เจริญกรุง,เจริญกรุง,0,3,0
ใกล้หมู่บ้านพฤกษ์ภิรมณ์,แบริ่งลาซาล,0,0,3
ใกล้เดอะมอลล์บางแค,เพชรเกษม,3,0,0
ใกล้เเยกอุทยานพุทธมณฑลสาย4,อุทยาน,3,0,0
ใกล้แยกกรุงเทพกรีฑา,รามคำแหง24,3,0,0
ใกล้แยกขุนเทียนบางทะเล-พระราม2,บางขุนเทียนชายทะเล,3,0,0
ใกล้แยกคลองกลางทุ่ง,บางขุนเทียนชายทะเล,3,0,0
ใกล้แยกด่วนเพลินจิต,ดวงพิทักษ์,3,0,0
ใกล้แยกทศกัณฐ์,พุทธมณฑลสาย2,6,0,0
ใกล้แยกท่าพระ,เพชรเกษม,6,0,0
ใกล้แยกนราธิวาส-สุรวงศ์,นราธิวาสราชนครินทร์,3,0,0
ใกล้แยกบรมราชชนนี,จรัญสนิทวงศ์,6,0,0
ใกล้แยกบางแค,เพชรเกษม,3,0,0
ใกล้แยกประดิษฐ์มนูธรรม-รามอินทรา,ประดิษฐ์มนูธรรม,3,0,0
ใกล้แยกพัฒนาการ,ศรีนครินทร์,3,0,0
ใกล้แยกรัชดา-นราธิวาส,นราธิวาสราชนครินทร์,3,0,0
ใกล้แยกรัชโยธิน,พหลโยธิน,6,0,0
ใกล้แยกราชดำริ,ราชดำริ,9,0,0
ใกล้แยกรามคำแหง-ร่มเกล้า,รามคำแหง,3,0,0
ใกล้แยกวิทยุ,สาทร,6,0,0
ใกล้แยกศิริราช,อรุณอัมรินทร์,6,0,0
ใกล้แยกสาทร-นราธิวาส,สาทร,6,0,0
ใกล้แยกอุดมสุข,ศรีนครินทร์,3,0,0
ใกล้แยกอุทยาน-พุทธมณฑลสาย3,ยุทยาน,3,0,0
ใกล้แยกอุทยาน-พุทธมณฑลสาย3,อุทยาน,3,0,0
ใกล้แยกอุทยาน-พุทธมณฑลสาย4,อุทยาน,3,0,0
ใกล้แยกเพชรเกษม-พุทธมณฑลสาย2,เพชรเกษม,3,0,0
ใกล้แยกเพชรเกษม-พุทธมณฑลสาย3,เพชรเกษม,3,0,0
ใกล้แยกเพชรเกษม-พุทธมณสาย2,เพชรเกษม,3,0,0
ใกล้แยกเพชรเกษม-พุทธมณสาย3,เพชรเกษม,3,0,0
ใกล้แยกเพชรเกษม69,เพชรเกษม,3,0,0
ใกล้แยกไฟฉาย,จรัญสนิทวงศ์,6,0,0
ใกล้โรงเรียนสามเสนวิทยาลัย,พระรามที่6,0,3,0
ใต้ด่วนดินแดง,ดินแดง,0,0,6
ใต้ด่วนดินแดง,ดินแดงตัดใหม่,0,0,6
ใต้ด่วนดินแดง,วิภาวดีรังสิต,3,3,6
ใต้ด่วนดินแดง,อโศกดินแดง,3,3,3
ใต้ด่วนดินแดง,เลียบใต้ทางด่วน,3,3,0
ใต้ด่วนพระราม4,ทางด่วน,6,3,3
ใต้ด่วนพระราม4,ทางพิเศษเฉลิมมหานคร,0,0,6
ใต้ด่วนพระราม4,พระรามที่4,6,3,9
ใต้ด่วนพระราม4,เชื้อเพลิง,6,3,9
ใต้ด่วนสุรวงศ์,ถนนสุรวงศ์,0,0,3
ใต้ด่วนสุรวงศ์,เลียบใต้ทางด่วนศรีรัช,0,0,3
ใต้ทางด่วนฉลองรัช,ด่วนฉลองรัช,0,3,0
ใต้ทางด่วนฉลองรัช,พัฒนาการ,0,3,0
ใต้ทางด่วนศรีรัช(ใกล้ซอยประชาชื่น30),ประชาชื่น,0,0,3
ใต้สะพานพระราม8,อรุณอัมรินทร์,3,0,0
ใต้สะพานพระราม8,อรุณอัมรินทร์ตัดใหม่,3,0,0
ใต้สะพานพระราม9,ราษฎร์บูรณะ,3,0,0
ใต้สะพานภูมิพล,พระรามที่3,0,0,3
ใต้สะพานภูมิพล,วงแหวนอุตสาหกรรม,0,0,3
ใต้สะพานสมเด็จพระเจ้าตากสินมหาราช,เจริญนคร,6,0,0
ไต้ด่วนดินแดง,วิภาวดีรังสิต,3,0,0
ไต้ด่วนดินแดง,อโศกดินแดง,3,0,0
ไต้ด่วนดินแดง,เลียบใต้ทางด่วน,3,0,0
ไทยรามัญ,ไทยรามัญ(NB-SB),0,3,0
ไทยรามัญ,ไทยรามัญ(WB),0,3,0
ไทยรามัญ-หทัยราษฎร์,หทัยราษฎร์,0,0,3
ไทยรามัญ-หทัยราษฎร์,ไทยรามัญ,0,0,3
ไฟฉาย,จรัญสนิทวงศ์,3,6,9
ไฟฉาย,พรานนก,3,6,9
ไฟฉาย,พรานนก-กาญจนาภิเษก,0,6,3
ไฟฉาย,พรานนกกาญจนาภิเษก,0,0,6
ไมตรีจิต,กรุงเกษม,0,0,3
ไมตรีจิต,ตรีมิตร,0,0,3
ไมตรีจิต,พระรามที่4,0,0,3
ไมตรีจิต,ไมตรีจิต,0,0,3
